

<office:document  xmlns:office="http://openoffice.org/2000/office" xmlns:style="http://openoffice.org/2000/style" xmlns:text="http://openoffice.org/2000/text" xmlns:table="http://openoffice.org/2000/table" xmlns:draw="http://openoffice.org/2000/drawing" xmlns:fo="http://www.w3.org/1999/XSL/Format" xmlns:xlink="http://www.w3.org/1999/xlink" xmlns:number="http://openoffice.org/2000/datastyle" xmlns:svg="http://www.w3.org/2000/svg" xmlns:chart="http://openoffice.org/2000/chart" xmlns:dr3d="http://openoffice.org/2000/dr3d" xmlns:math="http://www.w3.org/1998/Math/MathML" xmlns:form="http://openoffice.org/2000/form" xmlns:script="http://openoffice.org/2000/script" office:class="text" office:version="1.0" xmlns:dc="http://purl.org/dc/elements/1.1/" xmlns:meta="http://openoffice.org/2000/meta" xmlns:help="http://openoffice.org/2000/help">
<office:meta>
  <dc:description>text/common/autopi/01010300</dc:description>
  <dc:subject>자동 파일럿 편지 - 3페이지</dc:subject>

  <dc:language>ko-KR</dc:language>
  <meta:user-defined meta:name="Info 0">READY</meta:user-defined>
  <meta:user-defined meta:name="Info 1">FREE_OK</meta:user-defined>
  <meta:user-defined meta:name="Info 2"/>
  <meta:user-defined meta:name="Info 3"/>
</office:meta>
 <office:script/>
 <office:font-decls>
  <style:font-decl style:name="StarSymbol" fo:font-family="StarSymbol" style:font-charset="x-symbol"/>
  <style:font-decl style:name="Courier New" fo:font-family="&apos;Courier New&apos;" style:font-style-name="Standard" style:font-family-generic="modern" style:font-pitch="fixed"/>
  <style:font-decl style:name="Courier" fo:font-family="Courier" style:font-family-generic="roman" style:font-pitch="fixed"/>
  <style:font-decl style:name="Andale WT UI3" fo:font-family="&apos;Andale WT UI&apos;" style:font-pitch="variable"/>
  <style:font-decl style:name="Arial Unicode MS" fo:font-family="&apos;Arial Unicode MS&apos;" style:font-pitch="variable"/>
  <style:font-decl style:name="HG Mincho Light J" fo:font-family="&apos;HG Mincho Light J&apos;" style:font-pitch="variable"/>
  <style:font-decl style:name="Andale WT UI" fo:font-family="&apos;Andale WT UI&apos;" style:font-style-name="Fett" style:font-family-generic="roman" style:font-pitch="variable"/>
  <style:font-decl style:name="Andale WT UI1" fo:font-family="&apos;Andale WT UI&apos;" style:font-style-name="Standard" style:font-family-generic="roman" style:font-pitch="variable"/>
  <style:font-decl style:name="Thorndale" fo:font-family="Thorndale" style:font-family-generic="roman" style:font-pitch="variable"/>
  <style:font-decl style:name="Times New Roman" fo:font-family="&apos;Times New Roman&apos;" style:font-style-name="Fett" style:font-family-generic="roman" style:font-pitch="variable"/>
  <style:font-decl style:name="Andale WT UI2" fo:font-family="&apos;Andale WT UI&apos;" style:font-family-generic="swiss" style:font-pitch="variable"/>
 </office:font-decls>
 <office:automatic-styles>
  <style:style style:name="P1" style:family="paragraph" style:parent-style-name="Paragraph" style:master-page-name="HTML">
   <style:properties style:page-number="0"/>
  </style:style>
 </office:automatic-styles>
 <office:body>
  <text:variable-decls>
   <text:variable-decl text:value-type="string" text:name="HTML_ON"/>
   <text:variable-decl text:value-type="string" text:name="HTML_OFF"/>
   <text:variable-decl text:value-type="string" text:name="TITEL"/>
   <text:variable-decl text:value-type="string" text:name="END"/>
   <text:variable-decl text:value-type="string" text:name="MAC"/>
   <text:variable-decl text:value-type="string" text:name="ELSE"/>
   <text:variable-decl text:value-type="string" text:name="HREF"/>
   <text:variable-decl text:value-type="string" text:name="NAME"/>
   <text:variable-decl text:value-type="string" text:name="HelpID"/>
   <text:variable-decl text:value-type="string" text:name="MODIFY"/>
   <text:variable-decl text:value-type="string" text:name="REFNR"/>
   <text:variable-decl text:value-type="string" text:name="AKTHLP"/>
   <text:variable-decl text:value-type="string" text:name="STYLE"/>
  </text:variable-decls>
  <text:sequence-decls>
   <text:sequence-decl text:display-outline-level="0" text:name="Illustration"/>
   <text:sequence-decl text:display-outline-level="0" text:name="Table"/>
   <text:sequence-decl text:display-outline-level="0" text:name="Text"/>
   <text:sequence-decl text:display-outline-level="0" text:name="Drawing"/>
  </text:sequence-decls>
  <help:to-be-embedded Eid="seite3">
  <text:p text:style-name="Head 1"><help:help-id value="HID_LETTER_PAGE3"/><help:link Id="66142">자동 파일럿 편지 - 3페이지</help:link></text:p>
  <text:p text:style-name="Paragraph"><help:help-text value="visible">보낸 사람 텍스트와 위치를 지정합니다.</help:help-text></text:p>
  </help:to-be-embedded>
  <help:popup Id="65611" Eid="autopilotbrief3"><help:embedded Id="65598" Eid="wie"></help:embedded></help:popup>
  <text:p text:style-name="Head 2"><help:help-id value="SW_MULTILINEEDIT_DLG_WIZARD_LT_DLG_LT3_MEDT_ABSINP"/>이제 보내는 사람을 지정하십시오:</text:p>
  <text:p text:style-name="Paragraph"><help:help-text value="visible">목록 상자에 보낸 사람 주소를 입력합니다.</help:help-text> 줄바꿈을 삽입하려면 &lt;Enter&gt; 키를 누릅니다. 주소 필드의 첫 문자는 &quot;&gt;&quot;여야 합니다. [받는 사람 필드에서 반복하시겠습니까?] 옵션을 선택하면 &quot;&gt;&quot;로 시작하는 모든 줄이 받는 사람 필드에서 반복됩니다.</text:p>
  <text:p text:style-name="Head 2"><help:help-id value="SW_IMAGEBUTTON_DLG_WIZARD_LT_DLG_LT3_BTN_LOADADR"/>사용자 정의 데이터로부터 주소 업데이트</text:p>
  <text:p text:style-name="Paragraph"><help:help-text value="visible">보낸 사람 목록 상자의 텍스트를 사용자 데이터에서 복사한 기본값으로 바꿉니다.</help:help-text></text:p>
  <text:p text:style-name="Head 2">받는 사람 필드에서 반복?</text:p>
  <text:p text:style-name="Paragraph">주소가 보이는 투명한 편지봉투를 사용할 때 보낸 사람이 보이도록 받는 사람 주소 위에 작은 글꼴 크기로 보낸 사람을 표시할 것인지 지정합니다.</text:p>
  <text:p text:style-name="Head 3"><help:help-id value="SW_RADIOBUTTON_DLG_WIZARD_LT_DLG_LT3_RBTN_WDHJAA"/><help:help-id value="SW_RADIOBUTTON_DLG_WIZARD_LT_DLG_LT3_RBTN_ANZJAA"/>예</text:p>
  <text:p text:style-name="Paragraph"><help:help-text value="visible">&quot;&gt;&quot;로 시작하는 보낸 사람 줄이 받는 사람 필드에 표시되도록 지정합니다.</help:help-text></text:p>
  <text:p text:style-name="Head 3"><help:help-id value="SW_RADIOBUTTON_DLG_WIZARD_LT_DLG_LT3_RBTN_WDHNEE"/><help:help-id value="SW_RADIOBUTTON_DLG_WIZARD_LT_DLG_LT3_RBTN_ANZNEE"/>아니오</text:p>
  <text:p text:style-name="Paragraph"><help:help-text value="visible">받는 사람 필드에 보낸 사람이 표시되지 않도록 지정합니다.</help:help-text></text:p>
  <text:p text:style-name="Head 2">위치와 크기</text:p>
  <text:p text:style-name="Paragraph">보낸 사람의 주소 위치를 지정합니다. 미세 조정에는 <help:popup Id="65630" Eid="drehfeld">스핀 상자</help:popup>를 사용합니다.</text:p>
  <text:p text:style-name="Head 3"><help:help-id value="SW_IMAGEBUTTON_DLG_WIZARD_LT_DLG_LT3_BBTN_ABSNOL"/>왼쪽 위</text:p>
  <text:p text:style-name="Paragraph"><help:help-text value="visible">여기에서 보내는 사람은 페이지의 왼쪽 위에 나타납니다.</help:help-text></text:p>
  <text:p text:style-name="Head 3"><help:help-id value="SW_IMAGEBUTTON_DLG_WIZARD_LT_DLG_LT3_BBTN_ABSNOR"/>오른쪽 위</text:p>
  <text:p text:style-name="Paragraph"><help:help-text value="visible">여기에서 보내는 사람은 페이지의 오른쪽 위에 나타납니다.</help:help-text></text:p>
  <text:p text:style-name="Head 3"><help:help-id value="SW_IMAGEBUTTON_DLG_WIZARD_LT_DLG_LT3_BBTN_ABSNUL"/>왼쪽 아래</text:p>
  <text:p text:style-name="Paragraph"><help:help-text value="visible">여기에서 보내는 사람은 페이지의 왼쪽 아래에 나타납니다.</help:help-text></text:p>
  <text:p text:style-name="Head 3"><help:help-id value="SW_IMAGEBUTTON_DLG_WIZARD_LT_DLG_LT3_BBTN_ABSNUR"/>오른쪽 아래</text:p>
  <text:p text:style-name="Paragraph"><help:help-text value="visible">여기에서 보내는 사람은 페이지의 오른쪽 아래에 나타납니다.</help:help-text></text:p>
  <text:p text:style-name="Head 3"><help:help-id value="SW_IMAGEBUTTON_DLG_WIZARD_LT_DLG_LT3_BBTN_ABSNMI"/>받는 사람의 오른쪽 옆</text:p>
  <text:p text:style-name="Paragraph"><help:help-text value="visible">보낸 사람이 페이지의 오른쪽, 받는 사람의 오른쪽에 표시됩니다.</help:help-text></text:p>
  <text:p text:style-name="Head 3"><help:help-id value="SW_METRICFIELD_DLG_WIZARD_LT_DLG_LT3_MFLD_ABSNHO"/>왼쪽/오른쪽으로부터</text:p>
  <text:p text:style-name="Paragraph"><help:help-text value="visible">보낸 사람 필드와 페이지의 오른쪽 또는 왼쪽 여백 사이의 간격을 지정합니다.</help:help-text></text:p>
  <text:p text:style-name="Head 3"><help:help-id value="SW_METRICFIELD_DLG_WIZARD_LT_DLG_LT3_MFLD_ABSNVE"/>위/아래로부터</text:p>
  <text:p text:style-name="Paragraph"><help:help-text value="visible">보낸 사람 필드와 페이지의 위쪽 또는 아래쪽 여백 사이의 간격을 지정합니다.</help:help-text></text:p>
  <text:p text:style-name="Head 3"><help:help-id value="SW_METRICFIELD_DLG_WIZARD_LT_DLG_LT3_MFLD_ABSNWD"/>너비</text:p>
  <text:p text:style-name="Paragraph"><help:help-text value="visible">보낸 사람 필드의 너비를 지정합니다.</help:help-text></text:p>
  <text:p text:style-name="Head 3"><help:help-id value="SW_METRICFIELD_DLG_WIZARD_LT_DLG_LT3_MFLD_ABSNHG"/>높이</text:p>
  <text:p text:style-name="Paragraph"><help:help-text value="visible">보낸 사람 필드의 높이를 지정합니다.</help:help-text></text:p>
  <text:p text:style-name="Paragraph"><help:link Id="66125">자동 파일럿 편지 - 4페이지로 계속</help:link></text:p>
 </office:body>
</office:document>
