

<office:document  xmlns:office="http://openoffice.org/2000/office" xmlns:style="http://openoffice.org/2000/style" xmlns:text="http://openoffice.org/2000/text" xmlns:table="http://openoffice.org/2000/table" xmlns:draw="http://openoffice.org/2000/drawing" xmlns:fo="http://www.w3.org/1999/XSL/Format" xmlns:xlink="http://www.w3.org/1999/xlink" xmlns:number="http://openoffice.org/2000/datastyle" xmlns:svg="http://www.w3.org/2000/svg" xmlns:chart="http://openoffice.org/2000/chart" xmlns:dr3d="http://openoffice.org/2000/dr3d" xmlns:math="http://www.w3.org/1998/Math/MathML" xmlns:form="http://openoffice.org/2000/form" xmlns:script="http://openoffice.org/2000/script" office:class="text" office:version="1.0" xmlns:dc="http://purl.org/dc/elements/1.1/" xmlns:meta="http://openoffice.org/2000/meta" xmlns:help="http://openoffice.org/2000/help">
<office:meta>
  <dc:description>text/common/autopi/01010700</dc:description>
  <dc:subject>자동 파일럿 편지 - 7페이지</dc:subject>

  <dc:language>ko-KR</dc:language>
  <meta:user-defined meta:name="Info 0">READY</meta:user-defined>
  <meta:user-defined meta:name="Info 1">FREE_OK</meta:user-defined>
  <meta:user-defined meta:name="Info 2"/>
  <meta:user-defined meta:name="Info 3"/>
</office:meta>
 <office:script/>
 <office:font-decls>
  <style:font-decl style:name="StarSymbol" fo:font-family="StarSymbol" style:font-charset="x-symbol"/>
  <style:font-decl style:name="Courier New" fo:font-family="&apos;Courier New&apos;" style:font-style-name="Standard" style:font-family-generic="modern" style:font-pitch="fixed"/>
  <style:font-decl style:name="Courier" fo:font-family="Courier" style:font-family-generic="roman" style:font-pitch="fixed"/>
  <style:font-decl style:name="Andale WT UI3" fo:font-family="&apos;Andale WT UI&apos;" style:font-pitch="variable"/>
  <style:font-decl style:name="Arial Unicode MS" fo:font-family="&apos;Arial Unicode MS&apos;" style:font-pitch="variable"/>
  <style:font-decl style:name="HG Mincho Light J" fo:font-family="&apos;HG Mincho Light J&apos;" style:font-pitch="variable"/>
  <style:font-decl style:name="Andale WT UI" fo:font-family="&apos;Andale WT UI&apos;" style:font-style-name="Fett" style:font-family-generic="roman" style:font-pitch="variable"/>
  <style:font-decl style:name="Andale WT UI1" fo:font-family="&apos;Andale WT UI&apos;" style:font-style-name="Standard" style:font-family-generic="roman" style:font-pitch="variable"/>
  <style:font-decl style:name="Thorndale" fo:font-family="Thorndale" style:font-family-generic="roman" style:font-pitch="variable"/>
  <style:font-decl style:name="Times New Roman" fo:font-family="&apos;Times New Roman&apos;" style:font-style-name="Fett" style:font-family-generic="roman" style:font-pitch="variable"/>
  <style:font-decl style:name="Andale WT UI2" fo:font-family="&apos;Andale WT UI&apos;" style:font-family-generic="swiss" style:font-pitch="variable"/>
 </office:font-decls>
 <office:automatic-styles>
  <style:style style:name="P1" style:family="paragraph" style:parent-style-name="Paragraph" style:master-page-name="HTML">
   <style:properties style:page-number="0"/>
  </style:style>
 </office:automatic-styles>
 <office:body>
  <text:variable-decls>
   <text:variable-decl text:value-type="string" text:name="HTML_ON"/>
   <text:variable-decl text:value-type="string" text:name="HTML_OFF"/>
   <text:variable-decl text:value-type="string" text:name="TITEL"/>
   <text:variable-decl text:value-type="string" text:name="END"/>
   <text:variable-decl text:value-type="string" text:name="MAC"/>
   <text:variable-decl text:value-type="string" text:name="ELSE"/>
   <text:variable-decl text:value-type="string" text:name="HREF"/>
   <text:variable-decl text:value-type="string" text:name="NAME"/>
   <text:variable-decl text:value-type="string" text:name="HelpID"/>
   <text:variable-decl text:value-type="string" text:name="MODIFY"/>
   <text:variable-decl text:value-type="string" text:name="REFNR"/>
   <text:variable-decl text:value-type="string" text:name="AKTHLP"/>
   <text:variable-decl text:value-type="string" text:name="STYLE"/>
  </text:variable-decls>
  <text:sequence-decls>
   <text:sequence-decl text:display-outline-level="0" text:name="Illustration"/>
   <text:sequence-decl text:display-outline-level="0" text:name="Table"/>
   <text:sequence-decl text:display-outline-level="0" text:name="Text"/>
   <text:sequence-decl text:display-outline-level="0" text:name="Drawing"/>
  </text:sequence-decls>
  <help:to-be-embedded Eid="seite7">
  <text:p text:style-name="Head 1"><help:help-id value="HID_LETTER_PAGE7"/><help:link Id="66114">자동 파일럿 편지 - 7페이지</help:link></text:p>
  <text:p text:style-name="Paragraph"><help:help-text value="visible">여기서는 다음 페이지의 외형을 정의하십시오.</help:help-text></text:p>
  </help:to-be-embedded>
  <help:popup Id="65611" Eid="autopilotbrief7"><help:embedded Id="65598" Eid="wie"></help:embedded></help:popup>
  <text:p text:style-name="Head 2">머리글</text:p>
  <text:p text:style-name="Paragraph">여기서는 머리글의 모양을 지정합니다. 머리글은 로고나 보낸 사람과 같은 추가 정보나 개체를 포함할 수 있습니다.</text:p>
  <text:p text:style-name="Head 3"><help:help-id value="SW_METRICFIELD_DLG_WIZARD_LT_DLG_LT7_MFLD_KLINOB"/>위부터</text:p>
  <text:p text:style-name="Paragraph"><help:help-text value="visible">머리글과 페이지 위쪽 테두리 간의 간격을 지정합니다.</help:help-text> 프린터에서 지정한 인쇄할 수 없는 영역에 주의하십시오.</text:p>
  <text:p text:style-name="Head 3"><help:help-id value="SW_METRICFIELD_DLG_WIZARD_LT_DLG_LT7_MFLD_KLINTX"/>텍스트로</text:p>
  <text:p text:style-name="Paragraph"><help:help-text value="visible">머리글과 아래 텍스트 간의 간격을 지정합니다.</help:help-text></text:p>
  <text:p text:style-name="Head 3"><help:help-id value="SW_LISTBOX_DLG_WIZARD_LT_DLG_LT7_LIST_LOGOWO"/>로고</text:p>
  <text:p text:style-name="Paragraph"><help:help-text value="visible">로고가 반복되는지의 여부와 반복될 경우 그 위치를 선택하십시오.</help:help-text> 로고의 크기는 다음 페이지에서 1페이지에서의 크기와 다르게 설정할 수 있습니다.</text:p>
  <text:p text:style-name="Head 4"><help:help-id value="SW_METRICFIELD_DLG_WIZARD_LT_DLG_LT7_MFLD_LOGOWD"/>너비</text:p>
  <text:p text:style-name="Paragraph"><help:help-text value="visible">로고의 너비를 지정합니다.</help:help-text></text:p>
  <text:p text:style-name="Head 4"><help:help-id value="SW_METRICFIELD_DLG_WIZARD_LT_DLG_LT7_MFLD_LOGOHG"/>높이</text:p>
  <text:p text:style-name="Paragraph"><help:help-text value="visible">로고의 높이를 지정합니다.</help:help-text></text:p>
  <text:p text:style-name="Head 3"><help:help-id value="SW_LISTBOX_DLG_WIZARD_LT_DLG_LT7_LIST_ABSNWO"/>보내는 사람</text:p>
  <text:p text:style-name="Paragraph"><help:help-text value="visible">보내는 사람이 반복되는지의 여부와 반복될 경우 그 위치를 선택하십시오.</help:help-text> 보내는 사람 필드의 크기는 다음 페이지에서 1페이지의 크기와는 다르게 설정할 수 있습니다.</text:p>
  <text:p text:style-name="Head 4"><help:help-id value="SW_METRICFIELD_DLG_WIZARD_LT_DLG_LT7_MFLD_ABSNWD"/>너비</text:p>
  <text:p text:style-name="Paragraph"><help:help-text value="visible">보낸 사람 필드의 너비를 지정합니다.</help:help-text></text:p>
  <text:p text:style-name="Head 4"><help:help-id value="SW_METRICFIELD_DLG_WIZARD_LT_DLG_LT7_MFLD_ABSNHG"/>높이</text:p>
  <text:p text:style-name="Paragraph"><help:help-text value="visible">보낸 사람 필드의 높이를 지정합니다.</help:help-text></text:p>
  <text:p text:style-name="Head 2">바닥글</text:p>
  <text:p text:style-name="Paragraph">다음 페이지부터 바닥글을 반복할지를 결정하고 해당 위치를 지정합니다.</text:p>
  <text:p text:style-name="Head 3"><help:help-id value="SW_CHECKBOX_DLG_WIZARD_LT_DLG_LT7_CBOX_FUSANZ"/>바닥글 표시</text:p>
  <text:p text:style-name="Paragraph"><help:help-text value="visible">바닥글 표시를 전환할 것인지 여부를 지정합니다.</help:help-text></text:p>
  <text:p text:style-name="Head 3"><help:help-id value="SW_METRICFIELD_DLG_WIZARD_LT_DLG_LT7_MFLD_FLINOB"/>아래부터</text:p>
  <text:p text:style-name="Paragraph"><help:help-text value="visible">바닥글과 페이지 아래쪽 테두리 간의 간격을 지정합니다.</help:help-text> 프린터에서 지정한 인쇄할 수 없는 영역에 주의하십시오.</text:p>
  <text:p text:style-name="Head 3"><help:help-id value="SW_METRICFIELD_DLG_WIZARD_LT_DLG_LT7_MFLD_FLINTX"/>텍스트로</text:p>
  <text:p text:style-name="Paragraph"><help:help-text value="visible">바닥글과 편지의 텍스트 사이의 간격을 지정합니다.</help:help-text></text:p>
  <text:p text:style-name="Paragraph"><help:link Id="66139">자동 파일럿 편지 - 8페이지로 계속</help:link></text:p>
 </office:body>
</office:document>
