

<office:document  xmlns:office="http://openoffice.org/2000/office" xmlns:style="http://openoffice.org/2000/style" xmlns:text="http://openoffice.org/2000/text" xmlns:table="http://openoffice.org/2000/table" xmlns:draw="http://openoffice.org/2000/drawing" xmlns:fo="http://www.w3.org/1999/XSL/Format" xmlns:xlink="http://www.w3.org/1999/xlink" xmlns:number="http://openoffice.org/2000/datastyle" xmlns:svg="http://www.w3.org/2000/svg" xmlns:chart="http://openoffice.org/2000/chart" xmlns:dr3d="http://openoffice.org/2000/dr3d" xmlns:math="http://www.w3.org/1998/Math/MathML" xmlns:form="http://openoffice.org/2000/form" xmlns:script="http://openoffice.org/2000/script" office:class="text" office:version="1.0" xmlns:dc="http://purl.org/dc/elements/1.1/" xmlns:meta="http://openoffice.org/2000/meta" xmlns:help="http://openoffice.org/2000/help">
<office:meta>
  <dc:description>text/common/autopi/01010800</dc:description>
  <dc:subject>자동 파일럿 편지 - 8 페이지</dc:subject>
  <meta:keywords>
   <meta:keyword>$Version</meta:keyword>
  </meta:keywords>
  <dc:language>ko-KR</dc:language>
  <meta:user-defined meta:name="Info 0">READY</meta:user-defined>
  <meta:user-defined meta:name="Info 1">FREE_OK</meta:user-defined>
  <meta:user-defined meta:name="Info 2"/>
  <meta:user-defined meta:name="Info 3"/>
</office:meta>
 <office:script/>
 <office:font-decls>
  <style:font-decl style:name="StarSymbol" fo:font-family="StarSymbol" style:font-charset="x-symbol"/>
  <style:font-decl style:name="Courier New" fo:font-family="&apos;Courier New&apos;" style:font-style-name="Standard" style:font-family-generic="modern" style:font-pitch="fixed"/>
  <style:font-decl style:name="Courier" fo:font-family="Courier" style:font-family-generic="roman" style:font-pitch="fixed"/>
  <style:font-decl style:name="Andale WT UI3" fo:font-family="&apos;Andale WT UI&apos;" style:font-pitch="variable"/>
  <style:font-decl style:name="Arial Unicode MS" fo:font-family="&apos;Arial Unicode MS&apos;" style:font-pitch="variable"/>
  <style:font-decl style:name="HG Mincho Light J" fo:font-family="&apos;HG Mincho Light J&apos;" style:font-pitch="variable"/>
  <style:font-decl style:name="Andale WT UI" fo:font-family="&apos;Andale WT UI&apos;" style:font-style-name="Fett" style:font-family-generic="roman" style:font-pitch="variable"/>
  <style:font-decl style:name="Andale WT UI1" fo:font-family="&apos;Andale WT UI&apos;" style:font-style-name="Standard" style:font-family-generic="roman" style:font-pitch="variable"/>
  <style:font-decl style:name="Thorndale" fo:font-family="Thorndale" style:font-family-generic="roman" style:font-pitch="variable"/>
  <style:font-decl style:name="Times New Roman" fo:font-family="&apos;Times New Roman&apos;" style:font-style-name="Fett" style:font-family-generic="roman" style:font-pitch="variable"/>
  <style:font-decl style:name="Andale WT UI2" fo:font-family="&apos;Andale WT UI&apos;" style:font-family-generic="swiss" style:font-pitch="variable"/>
 </office:font-decls>
 <office:automatic-styles>
  <style:style style:name="P1" style:family="paragraph" style:parent-style-name="Paragraph" style:master-page-name="HTML">
   <style:properties style:page-number="0"/>
  </style:style>
 </office:automatic-styles>
 <office:body>
  <text:variable-decls>
   <text:variable-decl text:value-type="string" text:name="HTML_ON"/>
   <text:variable-decl text:value-type="string" text:name="HTML_OFF"/>
   <text:variable-decl text:value-type="string" text:name="TITEL"/>
   <text:variable-decl text:value-type="string" text:name="END"/>
   <text:variable-decl text:value-type="string" text:name="MAC"/>
   <text:variable-decl text:value-type="string" text:name="ELSE"/>
   <text:variable-decl text:value-type="string" text:name="HREF"/>
   <text:variable-decl text:value-type="string" text:name="NAME"/>
   <text:variable-decl text:value-type="string" text:name="HelpID"/>
   <text:variable-decl text:value-type="string" text:name="MODIFY"/>
   <text:variable-decl text:value-type="string" text:name="REFNR"/>
   <text:variable-decl text:value-type="string" text:name="OS2"/>
   <text:variable-decl text:value-type="string" text:name="AKTHLP"/>
   <text:variable-decl text:value-type="string" text:name="STYLE"/>
  </text:variable-decls>
  <text:sequence-decls>
   <text:sequence-decl text:display-outline-level="0" text:name="Illustration"/>
   <text:sequence-decl text:display-outline-level="0" text:name="Table"/>
   <text:sequence-decl text:display-outline-level="0" text:name="Text"/>
   <text:sequence-decl text:display-outline-level="0" text:name="Drawing"/>
  </text:sequence-decls>
  <help:to-be-embedded Eid="seite8">
  <text:p text:style-name="Head 1"><help:help-id value="HID_LETTER_PAGE8"/><help:link Id="66139">자동 파일럿 편지 - 8 페이지</help:link></text:p>
  <text:p text:style-name="Paragraph"><help:help-text value="visible">이 페이지에서는 어느 위치에 어떤 이름으로 문서와 문서 템플릿을 넣을 것인지를 지정합니다.</help:help-text></text:p>
  </help:to-be-embedded>
  <help:popup Id="65611" Eid="autopilotbrief8"><help:embedded Id="65598" Eid="wie"></help:embedded></help:popup>
  <help:to-be-embedded Eid="010108text">
  <text:p text:style-name="Head 2">문서 정보</text:p>
  <text:p text:style-name="Paragraph">문서 등록 정보에 자동으로 포함될 데이터를 지정합니다. 메뉴는 [파일] - [등록 정보]입니다.</text:p>
  <text:p text:style-name="Paragraph">또한 데이터베이스의 데이터 필드 내용이 문서 정보인 모든 단독 문서에 삽입되도록 문서 양식에 대하여 지정할 수 있습니다.</text:p>
  </help:to-be-embedded>
  <text:p text:style-name="Paragraph">이 영역의 설정은 개인용 편지를 작성할 때는 선택할 수 없고 업무용 편지 템플릿을 작성할 경우에만 선택할 수 있습니다.</text:p>
  <help:help-id value="SW_LISTBOX_DLG_WIZARD_LT_DLG_DOK_LIST_INFTIT"/>
  <help:to-be-embedded Eid="8titel">
  <text:p text:style-name="Head 3">제목</text:p>
  <text:p text:style-name="Paragraph"><help:help-text value="visible">내용을 [등록 정보] 대화 상자에 제목으로 표시할 데이터 필드를 선택합니다.</help:help-text></text:p>
  </help:to-be-embedded>
  <help:help-id value="SW_LISTBOX_DLG_WIZARD_LT_DLG_DOK_LIST_INFTEM"/>
  <help:to-be-embedded Eid="8thema">
  <text:p text:style-name="Head 3">주제</text:p>
  <text:p text:style-name="Paragraph"><help:help-text value="visible">내용을 [등록 정보] 대화 상자에 주제로 표시할 데이터 필드를 선택합니다.</help:help-text></text:p>
  <text:p text:style-name="Head 2">템플릿 파일 이름</text:p>
  <text:p text:style-name="Paragraph">문서 서식 파일의 이름 및 설명을 지정합니다.</text:p>
  </help:to-be-embedded>
  <help:help-id value="SW_EDIT_DLG_WIZARD_LT_DLG_DOK_EDIT_VORNAM"/>
  <help:to-be-embedded Eid="8name">
  <text:p text:style-name="Head 3">이름</text:p>
  <text:p text:style-name="Paragraph"><help:help-text value="visible">문서 서식 파일에 이름을 지정합니다.</help:help-text></text:p>
  </help:to-be-embedded>
  <help:help-id value="SW_EDIT_DLG_WIZARD_LT_DLG_DOK_EDIT_VORINF"/>
  <help:to-be-embedded Eid="8info">
  <text:p text:style-name="Head 3">정보</text:p>
  <text:p text:style-name="Paragraph"><help:help-text value="visible">[등록 정보] 대화 상자의 [내용] 필드에 대한 텍스트를 지정합니다.</help:help-text></text:p>
  <text:p text:style-name="Head 2">파일 이름</text:p>
  <text:p text:style-name="Paragraph">문서의 파일 이름을 지정합니다.</text:p>
  </help:to-be-embedded>
  <help:help-id value="SW_CHECKBOX_DLG_WIZARD_LT_DLG_DOK_CBOX_AUTOFN"/>
  <help:to-be-embedded Eid="8automatisch">
  <text:p text:style-name="Head 3">자동</text:p>
  <text:p text:style-name="Paragraph"><help:help-text value="visible"><help:productname>%PRODUCTNAME</help:productname>에서 자동으로 파일 이름을 지정하도록 설정할 것인지 여부를 결정합니다.</help:help-text></text:p>
  </help:to-be-embedded>
  <help:help-id value="SW_EDIT_DLG_WIZARD_LT_DLG_DOK_EDIT_AUTOFN"/>
  <help:to-be-embedded Eid="8prefix">
  <text:p text:style-name="Head 3">접두사</text:p>
  <text:p text:style-name="Paragraph"><help:help-text value="visible">문서의 파일 이름 중 첫 부분을 지정합니다.</help:help-text></text:p>
  </help:to-be-embedded>
  <help:help-id value="SW_PUSHBUTTON_DLG_WIZARD_LT_DLG_DOK_PBTN_FOLDER"/>
  <help:to-be-embedded Eid="8zielverzeichnis">
  <text:p text:style-name="Head 3">대상 디렉토리</text:p>
  <text:p text:style-name="Paragraph"><help:help-text value="visible">문서를 저장할 위치를 선택할 수 있는 [경로 선택] 대화 상자를 엽니다.</help:help-text></text:p>
  </help:to-be-embedded>
  <text:p text:style-name="Paragraph"><help:link Id="66099">자동 파일럿 편지 - 9페이지로 계속</help:link></text:p>
 </office:body>
</office:document>
