

<office:document  xmlns:office="http://openoffice.org/2000/office" xmlns:style="http://openoffice.org/2000/style" xmlns:text="http://openoffice.org/2000/text" xmlns:table="http://openoffice.org/2000/table" xmlns:draw="http://openoffice.org/2000/drawing" xmlns:fo="http://www.w3.org/1999/XSL/Format" xmlns:xlink="http://www.w3.org/1999/xlink" xmlns:number="http://openoffice.org/2000/datastyle" xmlns:svg="http://www.w3.org/2000/svg" xmlns:chart="http://openoffice.org/2000/chart" xmlns:dr3d="http://openoffice.org/2000/dr3d" xmlns:math="http://www.w3.org/1998/Math/MathML" xmlns:form="http://openoffice.org/2000/form" xmlns:script="http://openoffice.org/2000/script" office:class="text" office:version="1.0" xmlns:dc="http://purl.org/dc/elements/1.1/" xmlns:meta="http://openoffice.org/2000/meta" xmlns:help="http://openoffice.org/2000/help">
<office:meta>
  <dc:description>text/common/autopi/01020500</dc:description>
  <dc:subject>자동 파일럿 팩스 - 5페이지</dc:subject>

  <dc:language>ko-KR</dc:language>
  <meta:user-defined meta:name="Info 0">READY</meta:user-defined>
  <meta:user-defined meta:name="Info 1">FREE_OK</meta:user-defined>
  <meta:user-defined meta:name="Info 2"/>
  <meta:user-defined meta:name="Info 3"/>
</office:meta>
 <office:script/>
 <office:font-decls>
  <style:font-decl style:name="StarSymbol" fo:font-family="StarSymbol" style:font-charset="x-symbol"/>
  <style:font-decl style:name="Courier New" fo:font-family="&apos;Courier New&apos;" style:font-style-name="Standard" style:font-family-generic="modern" style:font-pitch="fixed"/>
  <style:font-decl style:name="Courier" fo:font-family="Courier" style:font-family-generic="roman" style:font-pitch="fixed"/>
  <style:font-decl style:name="Andale WT UI3" fo:font-family="&apos;Andale WT UI&apos;" style:font-pitch="variable"/>
  <style:font-decl style:name="Arial Unicode MS" fo:font-family="&apos;Arial Unicode MS&apos;" style:font-pitch="variable"/>
  <style:font-decl style:name="HG Mincho Light J" fo:font-family="&apos;HG Mincho Light J&apos;" style:font-pitch="variable"/>
  <style:font-decl style:name="Andale WT UI" fo:font-family="&apos;Andale WT UI&apos;" style:font-style-name="Fett" style:font-family-generic="roman" style:font-pitch="variable"/>
  <style:font-decl style:name="Andale WT UI1" fo:font-family="&apos;Andale WT UI&apos;" style:font-style-name="Standard" style:font-family-generic="roman" style:font-pitch="variable"/>
  <style:font-decl style:name="Thorndale" fo:font-family="Thorndale" style:font-family-generic="roman" style:font-pitch="variable"/>
  <style:font-decl style:name="Times New Roman" fo:font-family="&apos;Times New Roman&apos;" style:font-style-name="Fett" style:font-family-generic="roman" style:font-pitch="variable"/>
  <style:font-decl style:name="Andale WT UI2" fo:font-family="&apos;Andale WT UI&apos;" style:font-family-generic="swiss" style:font-pitch="variable"/>
 </office:font-decls>
 <office:automatic-styles>
  <style:style style:name="P1" style:family="paragraph" style:parent-style-name="Paragraph" style:master-page-name="HTML">
   <style:properties style:page-number="0"/>
  </style:style>
  <style:style style:name="T1" style:family="text">
   <style:properties fo:font-weight="bold"/>
  </style:style>
 </office:automatic-styles>
 <office:body>
  <text:variable-decls>
   <text:variable-decl text:value-type="string" text:name="HTML_ON"/>
   <text:variable-decl text:value-type="string" text:name="HTML_OFF"/>
   <text:variable-decl text:value-type="string" text:name="TITEL"/>
   <text:variable-decl text:value-type="string" text:name="END"/>
   <text:variable-decl text:value-type="string" text:name="OS2"/>
   <text:variable-decl text:value-type="string" text:name="ELSE"/>
   <text:variable-decl text:value-type="string" text:name="MAC"/>
   <text:variable-decl text:value-type="string" text:name="HREF"/>
   <text:variable-decl text:value-type="string" text:name="NAME"/>
   <text:variable-decl text:value-type="string" text:name="HelpID"/>
   <text:variable-decl text:value-type="string" text:name="MODIFY"/>
   <text:variable-decl text:value-type="string" text:name="REFNR"/>
   <text:variable-decl text:value-type="string" text:name="AKTHLP"/>
   <text:variable-decl text:value-type="string" text:name="STYLE"/>
  </text:variable-decls>
  <text:sequence-decls>
   <text:sequence-decl text:display-outline-level="0" text:name="Illustration"/>
   <text:sequence-decl text:display-outline-level="0" text:name="Table"/>
   <text:sequence-decl text:display-outline-level="0" text:name="Text"/>
   <text:sequence-decl text:display-outline-level="0" text:name="Drawing"/>
  </text:sequence-decls>
  <help:to-be-embedded Eid="seite5">
  <text:p text:style-name="Head 1"><help:help-id value="HID_FAX_PAGE5"/><help:link Id="66144">자동 파일럿 팩스 - 5페이지</help:link></text:p>
  <text:p text:style-name="Paragraph"><help:help-text value="visible">날짜 및 제목과 같이 팩스에 포함할 요소를 지정합니다.</help:help-text></text:p>
  </help:to-be-embedded>
  <help:popup Id="65611" Eid="autopilotfax5"><help:embedded Id="65598" Eid="wie"></help:embedded></help:popup>
  <text:p text:style-name="Head 2">사용자의 팩스에 포함되어야 하는 요소는?</text:p>
  <text:p text:style-name="Paragraph">업무 팩스에서 일반적인 여러 요소가 사용자의 템플릿에 추가되어야 하는지를 지정하십시오.</text:p>
  <text:p text:style-name="Head 2"><help:help-id value="SW_CHECKBOX_DLG_WIZARD_FX_DLG_FX5_CBOX_DATUM"/>날짜</text:p>
  <text:p text:style-name="Paragraph"><help:help-text value="visible">팩스에 현재 날짜를 삽입합니다.</help:help-text></text:p>
  <text:p text:style-name="Head 3"><help:help-id value="SW_LISTBOX_DLG_WIZARD_FX_DLG_FX5_LIST_DATUM"/>날짜</text:p>
  <text:p text:style-name="Paragraph"><help:help-text value="visible">원하는 날짜 표기 형식을 선택합니다.</help:help-text></text:p>
  <text:p text:style-name="Head 2"><help:help-id value="SW_CHECKBOX_DLG_WIZARD_FX_DLG_FX5_CBOX_UHRZT"/>시간</text:p>
  <text:p text:style-name="Paragraph"><help:help-text value="visible">팩스에 현재 시간을 삽입합니다.</help:help-text></text:p>
  <text:p text:style-name="Head 3"><help:help-id value="SW_LISTBOX_DLG_WIZARD_FX_DLG_FX5_LIST_UHRZT"/>시간</text:p>
  <text:p text:style-name="Paragraph"><help:help-text value="visible">원하는 시간 서식을 선택합니다.</help:help-text></text:p>
  <text:p text:style-name="Head 2"><help:help-id value="SW_CHECKBOX_DLG_WIZARD_FX_DLG_FX5_CBOX_BETREF"/>주제 행</text:p>
  <text:p text:style-name="Paragraph"><help:help-text value="visible">Includes a subject line in your fax.</help:help-text></text:p>
  <text:p text:style-name="Head 3"><help:help-id value="SW_EDIT_DLG_WIZARD_FX_DLG_FX5_EDIT_BETREF"/>주제 행</text:p>
  <text:p text:style-name="Paragraph"><help:help-text value="visible">제목 줄 텍스트를 입력합니다.</help:help-text></text:p>
  <text:p text:style-name="Head 2"><help:help-id value="SW_CHECKBOX_DLG_WIZARD_FX_DLG_FX5_CBOX_KOPIAN"/>복사 대상</text:p>
  <text:p text:style-name="Paragraph"><help:help-text value="visible">사용자의 팩스에 <text:span text:style-name="T1">복사 대상</text:span> 텍스트를 삽입하려면 이 필드를 선택하십시오.</help:help-text></text:p>
  <text:p text:style-name="Head 2"><help:help-id value="SW_CHECKBOX_DLG_WIZARD_FX_DLG_FX5_CBOX_ELEM1"/>1. 알아두기</text:p>
  <text:p text:style-name="Paragraph"><help:help-text value="visible">팩스에 &quot;알아두기&quot; 텍스트를 삽입합니다.</help:help-text></text:p>
  <text:p text:style-name="Head 3"><help:help-id value="SW_EDIT_DLG_WIZARD_FX_DLG_FX5_EDIT_ELEM1"/>알아두기</text:p>
  <text:p text:style-name="Paragraph"><help:help-text value="visible">기본 텍스트를 그대로 사용하거나 필요에 따라 텍스트를 수정합니다.</help:help-text></text:p>
  <text:p text:style-name="Head 2"><help:help-id value="SW_CHECKBOX_DLG_WIZARD_FX_DLG_FX5_CBOX_ELEM2"/>2. 해결 방안</text:p>
  <text:p text:style-name="Paragraph"><help:help-text value="visible">팩스에 &quot;해결 방안&quot; 텍스트를 삽입합니다.</help:help-text></text:p>
  <text:p text:style-name="Head 3"><help:help-id value="SW_EDIT_DLG_WIZARD_FX_DLG_FX5_EDIT_ELEM2"/>해결 방안</text:p>
  <text:p text:style-name="Paragraph"><help:help-text value="visible"> 기본 텍스트를 그대로 사용하거나 필요에 따라 텍스트를 수정합니다.</help:help-text></text:p>
  <text:p text:style-name="Head 2"><help:help-id value="SW_CHECKBOX_DLG_WIZARD_FX_DLG_FX5_CBOX_ELEM3"/>3. 설명</text:p>
  <text:p text:style-name="Paragraph"><help:help-text value="visible">팩스에 &quot;제안 요망&quot; 텍스트를 삽입합니다.</help:help-text></text:p>
  <text:p text:style-name="Head 3"><help:help-id value="SW_EDIT_DLG_WIZARD_FX_DLG_FX5_EDIT_ELEM3"/>설명</text:p>
  <text:p text:style-name="Paragraph"><help:help-text value="visible">기본 텍스트를 사용자의 팩스에 적용하거나 이 텍스트를 원하는대로 편집하십시오.</help:help-text></text:p>
  <text:p text:style-name="Head 2"><help:help-id value="SW_CHECKBOX_DLG_WIZARD_FX_DLG_FX5_CBOX_ELEM4"/>4. 감사함을 담은 답신</text:p>
  <text:p text:style-name="Paragraph"><help:help-text value="visible">팩스에 &quot;감사합니다&quot; 텍스트를 삽입합니다.</help:help-text></text:p>
  <text:p text:style-name="Head 3"><help:help-id value="SW_EDIT_DLG_WIZARD_FX_DLG_FX5_EDIT_ELEM4"/>감사함을 담은 답신</text:p>
  <text:p text:style-name="Paragraph"><help:help-text value="visible">텍스트를 사용자의 팩스에 적용하거나 이 텍스트를 편집하십시오.</help:help-text></text:p>
  <text:p text:style-name="Paragraph"><help:link Id="68598">자동 파일럿 팩스 - 6페이지로 계속</help:link></text:p>
 </office:body>
</office:document>
