

<office:document  xmlns:office="http://openoffice.org/2000/office" xmlns:style="http://openoffice.org/2000/style" xmlns:text="http://openoffice.org/2000/text" xmlns:table="http://openoffice.org/2000/table" xmlns:draw="http://openoffice.org/2000/drawing" xmlns:fo="http://www.w3.org/1999/XSL/Format" xmlns:xlink="http://www.w3.org/1999/xlink" xmlns:number="http://openoffice.org/2000/datastyle" xmlns:svg="http://www.w3.org/2000/svg" xmlns:chart="http://openoffice.org/2000/chart" xmlns:dr3d="http://openoffice.org/2000/dr3d" xmlns:math="http://www.w3.org/1998/Math/MathML" xmlns:form="http://openoffice.org/2000/form" xmlns:script="http://openoffice.org/2000/script" office:class="text" office:version="1.0" xmlns:dc="http://purl.org/dc/elements/1.1/" xmlns:meta="http://openoffice.org/2000/meta" xmlns:help="http://openoffice.org/2000/help">
<office:meta>
  <dc:description>text/common/autopi/01030100</dc:description>
  <dc:subject>자동 파일럿 메모 - 1페이지</dc:subject>

  <dc:language>ko-KR</dc:language>
  <meta:user-defined meta:name="Info 0">READY</meta:user-defined>
  <meta:user-defined meta:name="Info 1">FREE_OK</meta:user-defined>
  <meta:user-defined meta:name="Info 2"/>
  <meta:user-defined meta:name="Info 3"/>
</office:meta>
 <office:script/>
 <office:font-decls>
  <style:font-decl style:name="StarSymbol" fo:font-family="StarSymbol" style:font-charset="x-symbol"/>
  <style:font-decl style:name="Courier New" fo:font-family="&apos;Courier New&apos;" style:font-style-name="Standard" style:font-family-generic="modern" style:font-pitch="fixed"/>
  <style:font-decl style:name="Courier" fo:font-family="Courier" style:font-family-generic="roman" style:font-pitch="fixed"/>
  <style:font-decl style:name="Andale WT UI3" fo:font-family="&apos;Andale WT UI&apos;" style:font-pitch="variable"/>
  <style:font-decl style:name="Arial Unicode MS" fo:font-family="&apos;Arial Unicode MS&apos;" style:font-pitch="variable"/>
  <style:font-decl style:name="HG Mincho Light J" fo:font-family="&apos;HG Mincho Light J&apos;" style:font-pitch="variable"/>
  <style:font-decl style:name="Andale WT UI" fo:font-family="&apos;Andale WT UI&apos;" style:font-style-name="Fett" style:font-family-generic="roman" style:font-pitch="variable"/>
  <style:font-decl style:name="Andale WT UI1" fo:font-family="&apos;Andale WT UI&apos;" style:font-style-name="Standard" style:font-family-generic="roman" style:font-pitch="variable"/>
  <style:font-decl style:name="Thorndale" fo:font-family="Thorndale" style:font-family-generic="roman" style:font-pitch="variable"/>
  <style:font-decl style:name="Times New Roman" fo:font-family="&apos;Times New Roman&apos;" style:font-style-name="Fett" style:font-family-generic="roman" style:font-pitch="variable"/>
  <style:font-decl style:name="Andale WT UI2" fo:font-family="&apos;Andale WT UI&apos;" style:font-family-generic="swiss" style:font-pitch="variable"/>
 </office:font-decls>
 <office:automatic-styles>
  <style:style style:name="P1" style:family="paragraph" style:parent-style-name="Paragraph" style:master-page-name="HTML">
   <style:properties style:page-number="0"/>
  </style:style>
  <style:style style:name="T1" style:family="text">
   <style:properties fo:font-weight="bold"/>
  </style:style>
 </office:automatic-styles>
 <office:body>
  <text:variable-decls>
   <text:variable-decl text:value-type="string" text:name="HTML_ON"/>
   <text:variable-decl text:value-type="string" text:name="HTML_OFF"/>
   <text:variable-decl text:value-type="string" text:name="TITEL"/>
   <text:variable-decl text:value-type="string" text:name="END"/>
   <text:variable-decl text:value-type="string" text:name="OS2"/>
   <text:variable-decl text:value-type="string" text:name="ELSE"/>
   <text:variable-decl text:value-type="string" text:name="MAC"/>
   <text:variable-decl text:value-type="string" text:name="HREF"/>
   <text:variable-decl text:value-type="string" text:name="NAME"/>
   <text:variable-decl text:value-type="string" text:name="HelpID"/>
   <text:variable-decl text:value-type="string" text:name="MODIFY"/>
   <text:variable-decl text:value-type="string" text:name="REFNR"/>
   <text:variable-decl text:value-type="string" text:name="AKTHLP"/>
   <text:variable-decl text:value-type="string" text:name="STYLE"/>
  </text:variable-decls>
  <text:sequence-decls>
   <text:sequence-decl text:display-outline-level="0" text:name="Illustration"/>
   <text:sequence-decl text:display-outline-level="0" text:name="Table"/>
   <text:sequence-decl text:display-outline-level="0" text:name="Text"/>
   <text:sequence-decl text:display-outline-level="0" text:name="Drawing"/>
  </text:sequence-decls>
  <help:to-be-embedded Eid="seite1">
  <text:p text:style-name="Head 1"><help:help-id value="HID_MEMO_PAGE1"/><help:link Id="66101">자동 파일럿 메모 - 1페이지</help:link></text:p>
  <text:p text:style-name="Paragraph"><help:help-text value="visible">메모의 스타일, 제목 및 서식을 지정합니다.</help:help-text></text:p>
  </help:to-be-embedded>
  <help:popup Id="65611" Eid="autopilotmemo1"><help:embedded Id="65598" Eid="wie"></help:embedded></help:popup>
  <text:p text:style-name="Head 2">어떤 종류를 사용하시겠습니까?</text:p>
  <text:p text:style-name="Paragraph">사용자 메모의 종류를 선택하십시오: <text:span text:style-name="T1">현대적, 고전적</text:span>이나 <text:span text:style-name="T1">장식</text:span>.</text:p>
  <text:p text:style-name="Head 3"><help:help-id value="SW_RADIOBUTTON_DLG_WIZARD_MM_DLG_MM1_RBTN_STIL1"/>현대적</text:p>
  <text:p text:style-name="Paragraph"><help:help-text value="visible">여기서는 주로 세리프가 없는 글꼴이 사용됩니다.</help:help-text></text:p>
  <text:p text:style-name="Head 3"><help:help-id value="SW_RADIOBUTTON_DLG_WIZARD_MM_DLG_MM1_RBTN_STIL2"/>고전적</text:p>
  <text:p text:style-name="Paragraph"><help:help-text value="visible">여기서는 주로 비례하지 않는 글꼴이 사용됩니다.</help:help-text></text:p>
  <text:p text:style-name="Head 3"><help:help-id value="SW_RADIOBUTTON_DLG_WIZARD_MM_DLG_MM1_RBTN_STIL3"/>장식</text:p>
  <text:p text:style-name="Paragraph"><help:help-text value="visible">여기서는 주로 세리프 글꼴이 사용됩니다.</help:help-text></text:p>
  <text:p text:style-name="Head 2">메모 제목을 지정하십시오</text:p>
  <text:p text:style-name="Paragraph">메모의 제목에서 그림이나 텍스트를 사용할지 결정합니다.</text:p>
  <text:p text:style-name="Head 3"><help:help-id value="SW_RADIOBUTTON_DLG_WIZARD_MM_DLG_MM1_RBTN_TITTXT"/>텍스트로서</text:p>
  <text:p text:style-name="Paragraph"><help:help-text value="visible">메모의 제목을 지정합니다.</help:help-text></text:p>
  <text:p text:style-name="Head 3"><help:help-id value="SW_COMBOBOX_DLG_WIZARD_MM_DLG_MM1_CBOX_TITTXT"/>텍스트로서</text:p>
  <text:p text:style-name="Paragraph"><help:help-text value="visible">목록 필드의 기본 설정에서 텍스트를 선택하거나 사용자 고유의 텍스트를 입력하십시오.</help:help-text></text:p>
  <text:p text:style-name="Head 3"><help:help-id value="SW_RADIOBUTTON_DLG_WIZARD_MM_DLG_MM1_RBTN_TITGRF"/>그래픽으로서</text:p>
  <text:p text:style-name="Paragraph"><help:help-text value="visible">그림 파일을 지정합니다.</help:help-text></text:p>
  <text:p text:style-name="Head 3"><help:help-id value="SW_PUSHBUTTON_DLG_WIZARD_MM_DLG_MM1_PBTN_TITGRF"/>그림 선택</text:p>
  <text:p text:style-name="Paragraph"><help:help-text value="visible">이 버튼을 사용하면 <help:link Id="65636">그래픽 삽입</help:link>과 비슷한 대화 상자를 열 수 있습니다.</help:help-text></text:p>
  <text:p text:style-name="Paragraph"><help:link Id="66118">자동 파일럿 메모 - 2페이지로 계속</help:link></text:p>
 </office:body>
</office:document>
