

<office:document  xmlns:office="http://openoffice.org/2000/office" xmlns:style="http://openoffice.org/2000/style" xmlns:text="http://openoffice.org/2000/text" xmlns:table="http://openoffice.org/2000/table" xmlns:draw="http://openoffice.org/2000/drawing" xmlns:fo="http://www.w3.org/1999/XSL/Format" xmlns:xlink="http://www.w3.org/1999/xlink" xmlns:number="http://openoffice.org/2000/datastyle" xmlns:svg="http://www.w3.org/2000/svg" xmlns:chart="http://openoffice.org/2000/chart" xmlns:dr3d="http://openoffice.org/2000/dr3d" xmlns:math="http://www.w3.org/1998/Math/MathML" xmlns:form="http://openoffice.org/2000/form" xmlns:script="http://openoffice.org/2000/script" office:class="text" office:version="1.0" xmlns:dc="http://purl.org/dc/elements/1.1/" xmlns:meta="http://openoffice.org/2000/meta" xmlns:help="http://openoffice.org/2000/help">
<office:meta>
  <dc:description>text/common/00/00000003</dc:description>
  <dc:subject>単位を換算する</dc:subject>

  <dc:language>ja-JP</dc:language>
  <meta:user-defined meta:name="Info 0">READY</meta:user-defined>
  <meta:user-defined meta:name="Info 1">FREE_OK</meta:user-defined>
  <meta:user-defined meta:name="Info 2"/>
  <meta:user-defined meta:name="Info 3"/>
</office:meta>
 <office:script/>
 <office:font-decls>
  <style:font-decl style:name="StarSymbol" fo:font-family="StarSymbol" style:font-charset="x-symbol"/>
  <style:font-decl style:name="Courier New" fo:font-family="&apos;Courier New&apos;" style:font-style-name="Standard" style:font-family-generic="modern" style:font-pitch="fixed"/>
  <style:font-decl style:name="Courier" fo:font-family="Courier" style:font-family-generic="roman" style:font-pitch="fixed"/>
  <style:font-decl style:name="Andale WT UI3" fo:font-family="&apos;Andale WT UI&apos;" style:font-pitch="variable"/>
  <style:font-decl style:name="Arial Unicode MS" fo:font-family="&apos;Arial Unicode MS&apos;" style:font-pitch="variable"/>
  <style:font-decl style:name="HG Mincho Light J" fo:font-family="&apos;HG Mincho Light J&apos;" style:font-pitch="variable"/>
  <style:font-decl style:name="Andale WT UI" fo:font-family="&apos;Andale WT UI&apos;" style:font-style-name="Fett" style:font-family-generic="roman" style:font-pitch="variable"/>
  <style:font-decl style:name="Andale WT UI1" fo:font-family="&apos;Andale WT UI&apos;" style:font-style-name="Standard" style:font-family-generic="roman" style:font-pitch="variable"/>
  <style:font-decl style:name="Thorndale" fo:font-family="Thorndale" style:font-family-generic="roman" style:font-pitch="variable"/>
  <style:font-decl style:name="Times New Roman" fo:font-family="&apos;Times New Roman&apos;" style:font-style-name="Fett" style:font-family-generic="roman" style:font-pitch="variable"/>
  <style:font-decl style:name="Andale WT UI2" fo:font-family="&apos;Andale WT UI&apos;" style:font-family-generic="swiss" style:font-pitch="variable"/>
 </office:font-decls>
 <office:automatic-styles>
  <style:style style:name="Tabelle1" style:family="table">
   <style:properties style:width="16.999cm" table:align="margins"/>
  </style:style>
  <style:style style:name="Tabelle1.A" style:family="table-column">
   <style:properties style:column-width="8.498cm" style:rel-column-width="32767*"/>
  </style:style>
  <style:style style:name="Tabelle1.B" style:family="table-column">
   <style:properties style:column-width="8.5cm" style:rel-column-width="32768*"/>
  </style:style>
  <style:style style:name="Tabelle1.A1" style:family="table-cell">
   <style:properties fo:padding="0.049cm" fo:border-left="0.002cm solid #000000" fo:border-right="none" fo:border-top="0.002cm solid #000000" fo:border-bottom="0.002cm solid #000000"/>
  </style:style>
  <style:style style:name="Tabelle1.B1" style:family="table-cell">
   <style:properties fo:padding="0.049cm" fo:border="0.002cm solid #000000"/>
  </style:style>
  <style:style style:name="Tabelle1.A2" style:family="table-cell">
   <style:properties fo:padding="0.049cm" fo:border-left="0.002cm solid #000000" fo:border-right="none" fo:border-top="none" fo:border-bottom="0.002cm solid #000000"/>
  </style:style>
  <style:style style:name="Tabelle1.B2" style:family="table-cell">
   <style:properties fo:padding="0.049cm" fo:border-left="0.002cm solid #000000" fo:border-right="0.002cm solid #000000" fo:border-top="none" fo:border-bottom="0.002cm solid #000000"/>
  </style:style>
  <style:style style:name="P1" style:family="paragraph" style:parent-style-name="TextInTable">
   <style:properties fo:font-weight="bold"/>
  </style:style>
 </office:automatic-styles>
 <office:body>
  <text:variable-decls>
   <text:variable-decl text:value-type="string" text:name="HTML_ON"/>
   <text:variable-decl text:value-type="string" text:name="HTML_OFF"/>
   <text:variable-decl text:value-type="string" text:name="TITEL"/>
   <text:variable-decl text:value-type="string" text:name="END"/>
   <text:variable-decl text:value-type="string" text:name="OS2"/>
   <text:variable-decl text:value-type="string" text:name="ELSE"/>
   <text:variable-decl text:value-type="string" text:name="NAME"/>
   <text:variable-decl text:value-type="string" text:name="MAC"/>
   <text:variable-decl text:value-type="string" text:name="HREF"/>
   <text:variable-decl text:value-type="string" text:name="MODIFY"/>
   <text:variable-decl text:value-type="string" text:name="REFNR"/>
   <text:variable-decl text:value-type="string" text:name="HFELD"/>
   <text:variable-decl text:value-type="string" text:name="WIN"/>
   <text:variable-decl text:value-type="string" text:name="KEY"/>
   <text:variable-decl text:value-type="string" text:name="INDEX"/>
   <text:variable-decl text:value-type="string" text:name="STYLE"/>
  </text:variable-decls>
  <text:sequence-decls>
   <text:sequence-decl text:display-outline-level="0" text:name="Illustration"/>
   <text:sequence-decl text:display-outline-level="0" text:name="Table"/>
   <text:sequence-decl text:display-outline-level="0" text:name="Text"/>
   <text:sequence-decl text:display-outline-level="0" text:name="Drawing"/>
  </text:sequence-decls>
  <help:to-popup Eid="metrik">
  <text:p text:style-name="Head 1"><help:key-word value="単位; 換算する" tag="kw65602_1"/>単位を換算する</text:p>
  <help:embedded Id="68106" Eid="measurement_units"></help:embedded>
  <table:table table:name="Tabelle1" table:style-name="Tabelle1">
   <table:table-column table:style-name="Tabelle1.A"/>
   <table:table-column table:style-name="Tabelle1.B"/>
   <table:table-header-rows>
    <table:table-row>
     <table:table-cell table:style-name="Tabelle1.A1" table:value-type="string">
      <text:p text:style-name="P1">ミリメートル</text:p>
      <text:p text:style-name="TextInTable">1 mm = 0.03937008 inch</text:p>
      <text:p text:style-name="TextInTable">1 mm = 0.2362205 pica</text:p>
      <text:p text:style-name="TextInTable">1 mm = 0.1 cm</text:p>
      <text:p text:style-name="TextInTable">1 mm = 56.7 Twips</text:p>
     </table:table-cell>
     <table:table-cell table:style-name="Tabelle1.B1" table:value-type="string">
      <text:p text:style-name="P1">パイカ</text:p>
      <text:p text:style-name="TextInTable">1 pica = 4.233333 mm</text:p>
      <text:p text:style-name="TextInTable">1 pica = 0.4233330 cm</text:p>
      <text:p text:style-name="TextInTable">1 pica = 0.1666667 inch</text:p>
      <text:p text:style-name="TextInTable">1 pica = 12 point</text:p>
      <text:p text:style-name="TextInTable">1 pica = 240.029811 Twips</text:p>
     </table:table-cell>
    </table:table-row>
   </table:table-header-rows>
   <table:table-row>
    <table:table-cell table:style-name="Tabelle1.A2" table:value-type="string">
     <text:p text:style-name="P1">センチメートル</text:p>
     <text:p text:style-name="TextInTable">1 cm = 10 mm</text:p>
     <text:p text:style-name="TextInTable">1 cm = 0.03937008 inch</text:p>
     <text:p text:style-name="TextInTable">1 cm = 2.362205 pica</text:p>
     <text:p text:style-name="TextInTable">1 cm = 28.34646 point</text:p>
     <text:p text:style-name="TextInTable">1 cm = 567 Twips</text:p>
    </table:table-cell>
    <table:table-cell table:style-name="Tabelle1.B2" table:value-type="string">
     <text:p text:style-name="P1">ポイント</text:p>
     <text:p text:style-name="TextInTable">1 point = 0.3527780 mm</text:p>
     <text:p text:style-name="TextInTable">1 point = 0.03527800 cm</text:p>
     <text:p text:style-name="TextInTable">1 point = 0.01388889 inch</text:p>
     <text:p text:style-name="TextInTable">1 point = 0.08333333 pica</text:p>
     <text:p text:style-name="TextInTable">1 point = 20.00250126 Twips</text:p>
    </table:table-cell>
   </table:table-row>
   <table:table-row>
    <table:table-cell table:style-name="Tabelle1.A2" table:value-type="string">
     <text:p text:style-name="P1">インチ</text:p>
     <text:p text:style-name="TextInTable">1 inch = 2.54 cm</text:p>
     <text:p text:style-name="TextInTable">1 inch = 2.54 cm</text:p>
     <text:p text:style-name="TextInTable">1 inch = 6 pica</text:p>
     <text:p text:style-name="TextInTable">1 inch = 72 point</text:p>
     <text:p text:style-name="TextInTable">1 inch = 1440.18 Twips</text:p>
    </table:table-cell>
    <table:table-cell table:style-name="Tabelle1.B2" table:value-type="string">
     <text:p text:style-name="P1">トウィップ</text:p>
     <text:p text:style-name="TextInTable">1 Twip = 0.001764000 cm</text:p>
     <text:p text:style-name="TextInTable">1 Twip = 0.017636684 mm</text:p>
    </table:table-cell>
   </table:table-row>
  </table:table>
  </help:to-popup>
 </office:body>
</office:document>
