

<office:document  xmlns:office="http://openoffice.org/2000/office" xmlns:style="http://openoffice.org/2000/style" xmlns:text="http://openoffice.org/2000/text" xmlns:table="http://openoffice.org/2000/table" xmlns:draw="http://openoffice.org/2000/drawing" xmlns:fo="http://www.w3.org/1999/XSL/Format" xmlns:xlink="http://www.w3.org/1999/xlink" xmlns:number="http://openoffice.org/2000/datastyle" xmlns:svg="http://www.w3.org/2000/svg" xmlns:chart="http://openoffice.org/2000/chart" xmlns:dr3d="http://openoffice.org/2000/dr3d" xmlns:math="http://www.w3.org/1998/Math/MathML" xmlns:form="http://openoffice.org/2000/form" xmlns:script="http://openoffice.org/2000/script" office:class="text" office:version="1.0" xmlns:dc="http://purl.org/dc/elements/1.1/" xmlns:meta="http://openoffice.org/2000/meta" xmlns:help="http://openoffice.org/2000/help">
<office:meta>
  <dc:description>text/common/00/00000215</dc:description>
  <dc:subject>ASCII フィルタオプション</dc:subject>

  <dc:language>ja-JP</dc:language>
  <meta:user-defined meta:name="Info 0">READY</meta:user-defined>
  <meta:user-defined meta:name="Info 1">FREE_OK</meta:user-defined>
  <meta:user-defined meta:name="Info 2"/>
  <meta:user-defined meta:name="Info 3"/>
</office:meta>
 <office:script/>
 <office:font-decls>
  <style:font-decl style:name="StarSymbol" fo:font-family="StarSymbol" style:font-charset="x-symbol"/>
  <style:font-decl style:name="Courier New" fo:font-family="&apos;Courier New&apos;" style:font-style-name="Standard" style:font-family-generic="modern" style:font-pitch="fixed"/>
  <style:font-decl style:name="Courier" fo:font-family="Courier" style:font-family-generic="roman" style:font-pitch="fixed"/>
  <style:font-decl style:name="Andale WT UI3" fo:font-family="&apos;Andale WT UI&apos;" style:font-pitch="variable"/>
  <style:font-decl style:name="Arial Unicode MS" fo:font-family="&apos;Arial Unicode MS&apos;" style:font-pitch="variable"/>
  <style:font-decl style:name="HG Mincho Light J" fo:font-family="&apos;HG Mincho Light J&apos;" style:font-pitch="variable"/>
  <style:font-decl style:name="Andale WT UI" fo:font-family="&apos;Andale WT UI&apos;" style:font-style-name="Fett" style:font-family-generic="roman" style:font-pitch="variable"/>
  <style:font-decl style:name="Andale WT UI1" fo:font-family="&apos;Andale WT UI&apos;" style:font-style-name="Standard" style:font-family-generic="roman" style:font-pitch="variable"/>
  <style:font-decl style:name="Thorndale" fo:font-family="Thorndale" style:font-family-generic="roman" style:font-pitch="variable"/>
  <style:font-decl style:name="Times New Roman" fo:font-family="&apos;Times New Roman&apos;" style:font-style-name="Fett" style:font-family-generic="roman" style:font-pitch="variable"/>
  <style:font-decl style:name="Andale WT UI2" fo:font-family="&apos;Andale WT UI&apos;" style:font-family-generic="swiss" style:font-pitch="variable"/>
 </office:font-decls>
 <office:automatic-styles>
  <style:style style:name="P1" style:family="paragraph" style:parent-style-name="Paragraph" style:master-page-name="HTML">
   <style:properties style:page-number="0"/>
  </style:style>
 </office:automatic-styles>
 <office:body>
  <text:variable-decls>
   <text:variable-decl text:value-type="string" text:name="HTML_ON"/>
   <text:variable-decl text:value-type="string" text:name="HTML_OFF"/>
   <text:variable-decl text:value-type="string" text:name="TITEL"/>
   <text:variable-decl text:value-type="string" text:name="END"/>
   <text:variable-decl text:value-type="string" text:name="WIN"/>
   <text:variable-decl text:value-type="string" text:name="HREF"/>
   <text:variable-decl text:value-type="string" text:name="NAME"/>
   <text:variable-decl text:value-type="string" text:name="HelpID"/>
   <text:variable-decl text:value-type="string" text:name="MODIFY"/>
   <text:variable-decl text:value-type="string" text:name="REFNR"/>
   <text:variable-decl text:value-type="string" text:name="HFELD"/>
   <text:variable-decl text:value-type="string" text:name="AKTHLP"/>
   <text:variable-decl text:value-type="string" text:name="INDEX"/>
   <text:variable-decl text:value-type="string" text:name="KEY"/>
   <text:variable-decl text:value-type="string" text:name="STYLE"/>
  </text:variable-decls>
  <text:sequence-decls>
   <text:sequence-decl text:display-outline-level="0" text:name="Illustration"/>
   <text:sequence-decl text:display-outline-level="0" text:name="Table"/>
   <text:sequence-decl text:display-outline-level="0" text:name="Text"/>
   <text:sequence-decl text:display-outline-level="0" text:name="Drawing"/>
  </text:sequence-decls>
  <text:p text:style-name="P1"/>
  <text:p text:style-name="Head 1"><a name="encoded"/><help:key-word value="フィルタ; エンコードされたテキスト" tag="kw65592_1"/><help:key-word value="エンコードされたテキスト; フィルタ" tag="kw65592_4"/><help:key-word value="ASCII; フィルタ" tag="kw65592_3"/><help:key-word value="フィルタ; ASCII" tag="kw65592_2"/>ASCII フィルタオプション</text:p>
  <text:p text:style-name="Paragraph">文書ドキュメントのインポートやエクスポートをする際には、基本フォント、言語、文字コードセット、段落区切り記号などのオプションを指定できます。ASCII ファイルのフィルタ指定ダイアログが表示されるのは、ファイルの種類に「エンコードされたテキスト」を選択して読み込む場合や、初回保存時または「名前を付けて保存」で他の名前を付けて保存する場合です。</text:p>
  <help:popup Id="65611" Eid="ascii"><help:embedded Id="65598" Eid="wie"></help:embedded></help:popup>
  <text:p text:style-name="Head 2">属性</text:p>
  <text:p text:style-name="Paragraph">ファイルのインポートまたはエクスポートに関する設定を指定します。エクスポート時には、文字コードセットと段落区切りのみを指定できます。</text:p>
  <text:p text:style-name="Head 3"><help:help-id value="SW_LISTBOX_DLG_ASCII_FILTER_LB_CHARSET"/>文字列</text:p>
  <text:p text:style-name="Paragraph"><help:help-text value="visible">エクスポートまたはインポートで使用するファイルの文字コードセットを指定します。</help:help-text></text:p>
  <text:p text:style-name="Head 3"><help:help-id value="SW_LISTBOX_DLG_ASCII_FILTER_LB_FONT"/>既定フォント</text:p>
  <text:p text:style-name="Paragraph"><help:help-text value="visible">標準フォントを設定することにより、テキストの表示フォントを特定します。この標準フォントは、インポート時にのみ選択できます。</help:help-text>各コンピュータで使用可能なフォントが表示されます。</text:p>
  <text:p text:style-name="Head 3"><help:help-id value="SW_LISTBOX_DLG_ASCII_FILTER_LB_LANGUAGE"/>言語</text:p>
  <text:p text:style-name="Paragraph"><help:help-text value="visible">テキストの言語がまだ定義されていない場合に、テキストの言語を指定します。この設定はインポート時にのみ使用可能です。</help:help-text></text:p>
  <text:p text:style-name="Head 3">段落区切り</text:p>
  <text:p text:style-name="Paragraph">テキスト行の段落区切り記号を指定します。</text:p>
  <text:p text:style-name="Head 3"><help:help-id value="SW_RADIOBUTTON_DLG_ASCII_FILTER_RB_CRLF"/>CR &amp; LF</text:p>
  <text:p text:style-name="Paragraph"><help:help-text value="visible">段落区切り記号として「キャリッジリターン」と「改行」を使用します。このオプションは既定値です。</help:help-text></text:p>
  <text:p text:style-name="Head 3"><help:help-id value="SW_RADIOBUTTON_DLG_ASCII_FILTER_RB_CR"/>CR</text:p>
  <text:p text:style-name="Paragraph"><help:help-text value="visible">段落区切りとして「復帰文字 (Carriage Return)」を生成します。</help:help-text></text:p>
  <text:p text:style-name="Head 3"><help:help-id value="SW_RADIOBUTTON_DLG_ASCII_FILTER_RB_LF"/>LF</text:p>
  <text:p text:style-name="Paragraph"><help:help-text value="visible">段落区切りとして「改行文字 (Linefeed)」を生成します。</help:help-text></text:p>
 </office:body>
</office:document>
