

<office:document  xmlns:office="http://openoffice.org/2000/office" xmlns:style="http://openoffice.org/2000/style" xmlns:text="http://openoffice.org/2000/text" xmlns:table="http://openoffice.org/2000/table" xmlns:draw="http://openoffice.org/2000/drawing" xmlns:fo="http://www.w3.org/1999/XSL/Format" xmlns:xlink="http://www.w3.org/1999/xlink" xmlns:number="http://openoffice.org/2000/datastyle" xmlns:svg="http://www.w3.org/2000/svg" xmlns:chart="http://openoffice.org/2000/chart" xmlns:dr3d="http://openoffice.org/2000/dr3d" xmlns:math="http://www.w3.org/1998/Math/MathML" xmlns:form="http://openoffice.org/2000/form" xmlns:script="http://openoffice.org/2000/script" office:class="text" office:version="1.0" xmlns:dc="http://purl.org/dc/elements/1.1/" xmlns:meta="http://openoffice.org/2000/meta" xmlns:help="http://openoffice.org/2000/help">
<office:meta>
  <dc:description>text/common/00/00000401</dc:description>
  <dc:subject>メニュー　ファイル</dc:subject>
  <meta:keywords>
   <meta:keyword>$Version</meta:keyword>
  </meta:keywords>
  <dc:language>ja-JP</dc:language>
  <meta:user-defined meta:name="Info 0">READY</meta:user-defined>
  <meta:user-defined meta:name="Info 1">FREE_OK</meta:user-defined>
  <meta:user-defined meta:name="Info 2">NOINDEX</meta:user-defined>
  <meta:user-defined meta:name="Info 3"/>
</office:meta>
 <office:script/>
 <office:font-decls>
  <style:font-decl style:name="StarSymbol" fo:font-family="StarSymbol" style:font-charset="x-symbol"/>
  <style:font-decl style:name="Courier New" fo:font-family="&apos;Courier New&apos;" style:font-style-name="Standard" style:font-family-generic="modern" style:font-pitch="fixed"/>
  <style:font-decl style:name="Courier" fo:font-family="Courier" style:font-family-generic="roman" style:font-pitch="fixed"/>
  <style:font-decl style:name="Andale WT UI3" fo:font-family="&apos;Andale WT UI&apos;" style:font-pitch="variable"/>
  <style:font-decl style:name="Arial Unicode MS" fo:font-family="&apos;Arial Unicode MS&apos;" style:font-pitch="variable"/>
  <style:font-decl style:name="HG Mincho Light J" fo:font-family="&apos;HG Mincho Light J&apos;" style:font-pitch="variable"/>
  <style:font-decl style:name="Andale WT UI" fo:font-family="&apos;Andale WT UI&apos;" style:font-style-name="Fett" style:font-family-generic="roman" style:font-pitch="variable"/>
  <style:font-decl style:name="Andale WT UI1" fo:font-family="&apos;Andale WT UI&apos;" style:font-style-name="Standard" style:font-family-generic="roman" style:font-pitch="variable"/>
  <style:font-decl style:name="Thorndale" fo:font-family="Thorndale" style:font-family-generic="roman" style:font-pitch="variable"/>
  <style:font-decl style:name="Times New Roman" fo:font-family="&apos;Times New Roman&apos;" style:font-style-name="Fett" style:font-family-generic="roman" style:font-pitch="variable"/>
  <style:font-decl style:name="Andale WT UI2" fo:font-family="&apos;Andale WT UI&apos;" style:font-family-generic="swiss" style:font-pitch="variable"/>
 </office:font-decls>
 <office:automatic-styles>
  <style:style style:name="Tabelle4" style:family="table">
   <style:properties style:width="17.995cm" fo:margin-left="0cm" fo:margin-right="0.005cm" table:align="margins"/>
  </style:style>
  <style:style style:name="Tabelle4.A" style:family="table-column">
   <style:properties style:column-width="1.501cm" style:rel-column-width="5466*"/>
  </style:style>
  <style:style style:name="Tabelle4.B" style:family="table-column">
   <style:properties style:column-width="16.494cm" style:rel-column-width="60069*"/>
  </style:style>
  <style:style style:name="Tabelle1" style:family="table">
   <style:properties style:width="17.995cm" fo:margin-left="0cm" fo:margin-right="0.005cm" table:align="margins"/>
  </style:style>
  <style:style style:name="Tabelle1.A" style:family="table-column">
   <style:properties style:column-width="1.501cm" style:rel-column-width="5466*"/>
  </style:style>
  <style:style style:name="Tabelle1.B" style:family="table-column">
   <style:properties style:column-width="16.494cm" style:rel-column-width="60069*"/>
  </style:style>
  <style:style style:name="Tabelle2" style:family="table">
   <style:properties style:width="17.955cm" fo:margin-left="0.046cm" fo:margin-right="0cm" table:align="margins"/>
  </style:style>
  <style:style style:name="Tabelle2.A" style:family="table-column">
   <style:properties style:column-width="1.482cm" style:rel-column-width="5409*"/>
  </style:style>
  <style:style style:name="Tabelle2.B" style:family="table-column">
   <style:properties style:column-width="16.473cm" style:rel-column-width="60126*"/>
  </style:style>
  <style:style style:name="Tabelle3" style:family="table">
   <style:properties style:width="17.955cm" fo:margin-left="0.046cm" fo:margin-right="0cm" table:align="margins"/>
  </style:style>
  <style:style style:name="Tabelle3.A" style:family="table-column">
   <style:properties style:column-width="1.482cm" style:rel-column-width="5409*"/>
  </style:style>
  <style:style style:name="Tabelle3.B" style:family="table-column">
   <style:properties style:column-width="16.473cm" style:rel-column-width="60126*"/>
  </style:style>
  <style:style style:name="Tabelle29" style:family="table">
   <style:properties style:width="17.995cm" fo:margin-left="0cm" fo:margin-right="0.005cm" table:align="margins"/>
  </style:style>
  <style:style style:name="Tabelle29.A" style:family="table-column">
   <style:properties style:column-width="1.501cm" style:rel-column-width="5466*"/>
  </style:style>
  <style:style style:name="Tabelle29.B" style:family="table-column">
   <style:properties style:column-width="16.494cm" style:rel-column-width="60069*"/>
  </style:style>
  <style:style style:name="Tabelle30" style:family="table">
   <style:properties style:width="17.995cm" fo:margin-left="0cm" fo:margin-right="0.005cm" table:align="margins"/>
  </style:style>
  <style:style style:name="Tabelle30.A" style:family="table-column">
   <style:properties style:column-width="1.501cm" style:rel-column-width="5466*"/>
  </style:style>
  <style:style style:name="Tabelle30.B" style:family="table-column">
   <style:properties style:column-width="16.494cm" style:rel-column-width="60069*"/>
  </style:style>
  <style:style style:name="P1" style:family="paragraph" style:parent-style-name="Paragraph" style:master-page-name="HTML">
   <style:properties style:page-number="0"/>
  </style:style>
  <style:style style:name="T1" style:family="text">
   <style:properties fo:font-weight="bold"/>
  </style:style>
  <style:style style:name="fr1" style:family="graphics" style:parent-style-name="Graphics">
   <style:properties style:wrap="run-through" style:horizontal-pos="left" style:horizontal-rel="paragraph" style:mirror="none" fo:clip="rect(0cm 0cm 0cm 0cm)" draw:luminance="0%" draw:contrast="0%" draw:red="0%" draw:green="0%" draw:blue="0%" draw:gamma="1" draw:color-inversion="false" draw:transparency="-100%" draw:color-mode="standard"/>
  </style:style>
  <style:style style:name="fr2" style:family="graphics" style:parent-style-name="Graphics">
   <style:properties style:run-through="foreground" style:wrap="run-through" style:vertical-pos="top" style:vertical-rel="paragraph" style:horizontal-pos="left" style:horizontal-rel="paragraph" style:mirror="none" fo:clip="rect(0cm 0cm 0cm 0cm)" draw:luminance="0%" draw:contrast="0%" draw:red="0%" draw:green="0%" draw:blue="0%" draw:gamma="1" draw:color-inversion="false" draw:transparency="-100%" draw:color-mode="standard"/>
  </style:style>
  <style:style style:name="fr3" style:family="graphics" style:parent-style-name="Graphics">
   <style:properties style:wrap="run-through" style:vertical-pos="top" style:vertical-rel="paragraph" style:horizontal-pos="left" style:horizontal-rel="paragraph" style:mirror="none" fo:clip="rect(0cm 0cm 0cm 0cm)" draw:luminance="0%" draw:contrast="0%" draw:red="0%" draw:green="0%" draw:blue="0%" draw:gamma="1" draw:color-inversion="false" draw:transparency="-100%" draw:color-mode="standard"/>
  </style:style>
 </office:automatic-styles>
 <office:body>
  <text:variable-decls>
   <text:variable-decl text:value-type="string" text:name="HTML_ON"/>
   <text:variable-decl text:value-type="string" text:name="HTML_OFF"/>
   <text:variable-decl text:value-type="string" text:name="TITEL"/>
   <text:variable-decl text:value-type="string" text:name="END"/>
   <text:variable-decl text:value-type="string" text:name="OS2"/>
   <text:variable-decl text:value-type="string" text:name="ELSE"/>
   <text:variable-decl text:value-type="string" text:name="NAME"/>
   <text:variable-decl text:value-type="string" text:name="MAC"/>
   <text:variable-decl text:value-type="string" text:name="HREF"/>
   <text:variable-decl text:value-type="string" text:name="MODIFY"/>
   <text:variable-decl text:value-type="string" text:name="REFNR"/>
   <text:variable-decl text:value-type="string" text:name="HFELD"/>
   <text:variable-decl text:value-type="string" text:name="STYLE"/>
  </text:variable-decls>
  <text:sequence-decls>
   <text:sequence-decl text:display-outline-level="0" text:name="Illustration"/>
   <text:sequence-decl text:display-outline-level="0" text:name="Table"/>
   <text:sequence-decl text:display-outline-level="0" text:name="Text"/>
   <text:sequence-decl text:display-outline-level="0" text:name="Drawing"/>
  </text:sequence-decls>
  <text:p text:style-name="P1"/>
  <text:p text:style-name="Head 1">メニュー　ファイル</text:p>
  <help:to-popup Eid="neu">
  <text:p text:style-name="Paragraph">メニュー <text:span text:style-name="T1">ファイル → 新規作成</text:span></text:p>
  <text:p text:style-name="Paragraph">ファンクションバー上の <text:span text:style-name="T1">新規作成</text:span> アイコン（現在のドキュメントの種類が表示されています）</text:p>
  <help:to-be-embedded Eid="neutextdoc">
  <table:table table:name="Tabelle4" table:style-name="Tabelle4">
   <table:table-column table:style-name="Tabelle4.A"/>
   <table:table-column table:style-name="Tabelle4.B"/>
   <table:table-header-rows>
    <table:table-row>
     <table:table-cell table:value-type="string">
      <text:p text:style-name="Paragraph"><draw:image draw:name="マーク0" svg:desc="マーク" svg:pixelx="25" svg:pixely="25" svg:width="0.661cm" svg:height="0.661cm" xlink:href="67381" draw:filter-name=""/></text:p>

     </table:table-cell>
     <table:table-cell table:value-type="string">
      <text:p text:style-name="Paragraph">新規作成</text:p>
     </table:table-cell>
    </table:table-row>
   </table:table-header-rows>
  </table:table>
  </help:to-be-embedded>
  <text:p text:style-name="Paragraph"><help:switch select="System"><help:case select ="MAC">（Command）</help:case><help:default>（Ctrl）</help:default></help:switch>＋（N）</text:p>
  </help:to-popup>
  <help:to-popup Eid="neuvundd">
  <text:p text:style-name="Paragraph">メニュー <text:span text:style-name="T1">ファイル → 新規作成 → テンプレートとドキュメント</text:span></text:p>
  <text:p text:style-name="Paragraph">(Shift) + (<help:switch select="System"><help:case select ="MAC">Command</help:case><help:default>Ctrl</help:default></help:switch>) + (N) キー</text:p>
  </help:to-popup>
  <text:p text:style-name="Paragraph"><help:to-popup Eid="etiketten">メニュー <text:span text:style-name="T1">ファイル → 新規作成 → ラベル書き...</text:span></help:to-popup></text:p>
  <text:p text:style-name="Paragraph"><help:to-popup Eid="etikettenein">メニュー <text:span text:style-name="T1">ファイル → 新規作成 → ラベル書き...</text:span> 見出し <text:span text:style-name="T1">ラベル書き</text:span></help:to-popup></text:p>
  <help:to-popup Eid="formateti">
  <text:p text:style-name="Paragraph">メニュー <text:span text:style-name="T1">ファイル → 新規作成 → ラベル書き...</text:span> 見出し <text:span text:style-name="T1">書式</text:span></text:p>
  <text:p text:style-name="Paragraph">メニュー <text:span text:style-name="T1">ファイル → 新規作成 → 名刺...</text:span> 見出し <text:span text:style-name="T1">書式</text:span></text:p>
  </help:to-popup>
  <help:to-popup Eid="druckereti">
  <text:p text:style-name="Paragraph">メニュー <text:span text:style-name="T1">ファイル → 新規作成 → ラベル書き...</text:span> 見出し <text:span text:style-name="T1">オプション</text:span></text:p>
  <text:p text:style-name="Paragraph">メニュー <text:span text:style-name="T1">ファイル → 新規作成 → 名刺...</text:span> 見出し <text:span text:style-name="T1">オプション</text:span></text:p>
  </help:to-popup>
  <text:p text:style-name="Paragraph"><help:to-popup Eid="visikart">メニュー <text:span text:style-name="T1">ファイル → 新規作成 → 名刺...</text:span></help:to-popup></text:p>
  <text:p text:style-name="Paragraph"><help:to-popup Eid="visikartform">メニュー <text:span text:style-name="T1">ファイル → 新規作成 → 名刺...- → </text:span><text:s/>見出し <text:span text:style-name="T1">用紙</text:span></help:to-popup></text:p>
  <text:p text:style-name="Paragraph"><help:to-popup Eid="viskartinhalt">メニュー <text:span text:style-name="T1">ファイル → 新規作成 → 名刺...</text:span> 見出し <text:span text:style-name="T1">名刺</text:span></help:to-popup></text:p>
  <text:p text:style-name="Paragraph"><help:to-popup Eid="viskartpriv">メニュー　<text:span text:style-name="T1">ファイル → 新規作成 → 名刺...</text:span> 見出し <text:span text:style-name="T1">私用</text:span></help:to-popup></text:p>
  <text:p text:style-name="Paragraph"><help:to-popup Eid="viskartgesch">メニュー　<text:span text:style-name="T1">ファイル → 新規作成 → 名刺...</text:span> 見出し <text:span text:style-name="T1">社用</text:span></help:to-popup></text:p>
  <help:to-popup Eid="oeffnen">
  <text:p text:style-name="Paragraph">メニュー <text:span text:style-name="T1">ファイル → 開く...</text:span></text:p>
  <text:p text:style-name="Paragraph"><help:switch select="System"><help:case select ="MAC">（Command）</help:case><help:default>（Ctlr）</help:default></help:switch>＋（O）</text:p>
  <text:p text:style-name="Paragraph"><text:span text:style-name="T1">ファンクションバー</text:span> 上でクリックします。</text:p>
  <help:to-be-embedded Eid="syoeffnen">
  <table:table table:name="Tabelle1" table:style-name="Tabelle1">
   <table:table-column table:style-name="Tabelle1.A"/>
   <table:table-column table:style-name="Tabelle1.B"/>
   <table:table-header-rows>
    <table:table-row>
     <table:table-cell table:value-type="string">
      <text:p text:style-name="Paragraph"><draw:image draw:name="マーク1" svg:desc="マーク" svg:pixelx="25" svg:pixely="25" svg:width="0.661cm" svg:height="0.661cm" xlink:href="65917" draw:filter-name=""/></text:p>

     </table:table-cell>
     <table:table-cell table:value-type="string">
      <text:p text:style-name="Paragraph">ファイルを開く</text:p>
     </table:table-cell>
    </table:table-row>
   </table:table-header-rows>
  </table:table>
  </help:to-be-embedded></help:to-popup>
  <help:to-popup Eid="ascii">
  <text:p text:style-name="Paragraph">メニュー <text:span text:style-name="T1">ファイル → 開く</text:span>、ファイルの種類に <text:span text:style-name="T1">エンコードされたテキスト</text:span> を選択</text:p>
  <text:p text:style-name="Paragraph">メニュー <text:span text:style-name="T1">ファイル → 開く</text:span>、ファイルの種類に <text:span text:style-name="T1">エンコードされたテキスト</text:span> を選択</text:p>
  </help:to-popup>
  <text:p text:style-name="Paragraph"><help:to-popup Eid="autobrief">メニュー <text:span text:style-name="T1">ファイル → オートパイロット</text:span></help:to-popup></text:p>
  <text:p text:style-name="Paragraph"><help:to-popup Eid="autopilotbrief">メニュー <text:span text:style-name="T1">ファイル → オートパイロット → レター...</text:span></help:to-popup></text:p>
  <text:p text:style-name="Paragraph"><help:to-popup Eid="autopilotbrief1">メニュー <text:span text:style-name="T1">ファイル → オートパイロット → レター... → １ページ</text:span></help:to-popup></text:p>
  <text:p text:style-name="Paragraph"><help:to-popup Eid="autopilotbrief2">メニュー <text:span text:style-name="T1">ファイル → オートパイロット → レター → ２ページ</text:span></help:to-popup></text:p>
  <text:p text:style-name="Paragraph"><help:to-popup Eid="autopilotbrief3">メニュー <text:span text:style-name="T1">ファイル → オートパイロット → レター... → ３ページ</text:span></help:to-popup></text:p>
  <text:p text:style-name="Paragraph"><help:to-popup Eid="autopilotbrief4">メニュー <text:span text:style-name="T1">ファイル → オートパイロット → レター... → ４ページ</text:span></help:to-popup></text:p>
  <text:p text:style-name="Paragraph"><help:to-popup Eid="autopilotbrief5">メニュー <text:span text:style-name="T1">ファイル → オートパイロット → レター... → ５ページ</text:span></help:to-popup></text:p>
  <text:p text:style-name="Paragraph"><help:to-popup Eid="autopilotbrief6">メニュー<text:span text:style-name="T1"> ファイル → オートパイロット → レター → ６ページ</text:span></help:to-popup></text:p>
  <text:p text:style-name="Paragraph"><help:to-popup Eid="autopilotbrief7">メニュー <text:span text:style-name="T1">ファイル → オートパイロット → レター... → ７ページ</text:span></help:to-popup></text:p>
  <text:p text:style-name="Paragraph"><help:to-popup Eid="autopilotbrief8">メニュー <text:span text:style-name="T1">ファイル → オートパイロット → レター → ８ページ</text:span></help:to-popup></text:p>
  <text:p text:style-name="Paragraph"><help:to-popup Eid="autopilotbrief9">メニュー <text:span text:style-name="T1">ファイル → オートパイロット → レター... → ９ページ</text:span></help:to-popup></text:p>
  <text:p text:style-name="Paragraph"><help:to-popup Eid="autopilotfax">メニュー <text:span text:style-name="T1">ファイル → オートパイロット → Fax 送付状...</text:span></help:to-popup></text:p>
  <text:p text:style-name="Paragraph"><help:to-popup Eid="autopilotfax1">メニュー <text:span text:style-name="T1">ファイル → オートパイロット → Fax 送付状... → １ページ</text:span></help:to-popup></text:p>
  <text:p text:style-name="Paragraph"><help:to-popup Eid="autopilotfax2">メニュー <text:span text:style-name="T1">ファイル → オートパイロット → Fax 送付状 → ２ページ</text:span></help:to-popup></text:p>
  <text:p text:style-name="Paragraph"><help:to-popup Eid="autopilotfax3">メニュー <text:span text:style-name="T1">ファイル → オートパイロット → Fax 送付状... → ３ページ</text:span></help:to-popup></text:p>
  <text:p text:style-name="Paragraph"><help:to-popup Eid="autopilotfax4">メニュー <text:span text:style-name="T1">ファイル → オートパイロット → Fax 送付状...→ ４ページ</text:span></help:to-popup></text:p>
  <text:p text:style-name="Paragraph"><help:to-popup Eid="autopilotfax5">メニュー <text:span text:style-name="T1">ファイル → オートパイロット → Fax 送付状...→ ５ページ</text:span></help:to-popup></text:p>
  <text:p text:style-name="Paragraph"><help:to-popup Eid="autopilotfax6">メニュー <text:span text:style-name="T1">ファイル → オートパイロット → Fax 送付状 → ６ページ</text:span></help:to-popup></text:p>
  <text:p text:style-name="Paragraph"><help:to-popup Eid="autopilotfax7">メニュー <text:span text:style-name="T1">ファイル → オートパイロット → Fax 送付状 → ７ページ</text:span></help:to-popup></text:p>
  <text:p text:style-name="Paragraph"><help:to-popup Eid="autopilotfax8">メニュー <text:span text:style-name="T1">ファイル → オートパイロット → Fax 送付状...→ ８ページ</text:span></help:to-popup></text:p>
  <text:p text:style-name="Paragraph"><help:to-popup Eid="autopilotmemo">メニュー <text:span text:style-name="T1">ファイル → オートパイロット →　メモ帳...</text:span></help:to-popup></text:p>
  <text:p text:style-name="Paragraph"><help:to-popup Eid="autopilotmemo1">メニュー <text:span text:style-name="T1">ファイル → オートパイロット →　メモ帳... → １ページ</text:span></help:to-popup></text:p>
  <text:p text:style-name="Paragraph"><help:to-popup Eid="autopilotmemo2">メニュー <text:span text:style-name="T1">ファイル → オートパイロット →　メモ帳... → ２ページ</text:span></help:to-popup></text:p>
  <text:p text:style-name="Paragraph"><help:to-popup Eid="autopilotmemo3">メニュー <text:span text:style-name="T1">ファイル → オートパイロット →　メモ帳... → ３ページ</text:span></help:to-popup></text:p>
  <text:p text:style-name="Paragraph"><help:to-popup Eid="autopilotmemo4">メニュー <text:span text:style-name="T1">ファイル → オートパイロット → メモ帳 → ４ページ</text:span></help:to-popup></text:p>
  <text:p text:style-name="Paragraph"><help:to-popup Eid="autopilotmemo5">メニュー <text:span text:style-name="T1">ファイル → オートパイロット →　メモ帳... → ５ページ</text:span></help:to-popup></text:p>
  <text:p text:style-name="Paragraph"><help:to-popup Eid="autopilotagenda">メニュー <text:span text:style-name="T1">ファイル → オートパイロット →　会議録... </text:span></help:to-popup></text:p>
  <text:p text:style-name="Paragraph"><help:to-popup Eid="autopilotagenda1">メニュー <text:span text:style-name="T1">ファイル → オートパイロット →　会議録... → １ページ</text:span></help:to-popup></text:p>
  <text:p text:style-name="Paragraph"><help:to-popup Eid="autopilotagenda2">メニュー <text:span text:style-name="T1">ファイル → オートパイロット →　会議録... → ２ページ</text:span></help:to-popup></text:p>
  <text:p text:style-name="Paragraph"><help:to-popup Eid="autopilotagenda3">メニュー <text:span text:style-name="T1">ファイル → オートパイロット →　会議録... → ３ページ</text:span></help:to-popup></text:p>
  <text:p text:style-name="Paragraph"><help:to-popup Eid="autopilotagenda4">メニュー <text:span text:style-name="T1">ファイル → オートパイロット →　会議録... → ４ページ</text:span></help:to-popup></text:p>
  <text:p text:style-name="Paragraph"><help:to-popup Eid="autopilotagenda5">メニュー <text:span text:style-name="T1">ファイル → オートパイロット →　会議録 → ５ページ</text:span></help:to-popup></text:p>
  <text:p text:style-name="Paragraph"><help:to-popup Eid="autopilotagenda6">メニュー <text:span text:style-name="T1">ファイル → オートパイロット →　会議録... → ６ページ</text:span></help:to-popup></text:p>
  <text:p text:style-name="Paragraph"><help:to-popup Eid="dtapt">メニュー <text:span text:style-name="T1">ファイル → オートパイロット → プレゼンテーション</text:span></help:to-popup></text:p>
  <text:p text:style-name="Paragraph"><help:to-popup Eid="dtapse">メニュー <text:span text:style-name="T1">ファイル → オートパイロット →　プレゼンテーション →　１ページ</text:span></help:to-popup></text:p>
  <text:p text:style-name="Paragraph"><help:to-popup Eid="dtapsz">メニュー <text:span text:style-name="T1">ファイル → オートパイロット →　プレゼンテーション →　２ページ</text:span></help:to-popup></text:p>
  <text:p text:style-name="Paragraph"><help:to-popup Eid="dtapsd">メニュー <text:span text:style-name="T1">ファイル → オートパイロット →　プレゼンテーション → ３ページ</text:span></help:to-popup></text:p>
  <text:p text:style-name="Paragraph"><help:to-popup Eid="dtapsv">メニュー <text:span text:style-name="T1">ファイル → オートパイロット →　プレゼンテーション → ４ページ</text:span></help:to-popup></text:p>
  <text:p text:style-name="Paragraph"><help:to-popup Eid="dtapsf">メニュー <text:span text:style-name="T1">ファイル → オートパイロット →　プレゼンテーション → ５ページ</text:span></help:to-popup></text:p>
  <text:p text:style-name="Paragraph"><help:to-popup Eid="autopilotwebseite">メニュー <text:span text:style-name="T1">ファイル → オートパイロット →　Web ページ</text:span></help:to-popup></text:p>
  <text:p text:style-name="Paragraph"><help:to-popup Eid="autopilotformular">メニュー <text:span text:style-name="T1">ファイル → オートパイロット → フォーム</text:span></help:to-popup></text:p>
  <text:p text:style-name="Paragraph"><help:to-popup Eid="autopilotformulartabauswahl">メニュー <text:span text:style-name="T1">ファイル → オートパイロット → フォーム → データベースの選択</text:span></help:to-popup></text:p>
  <text:p text:style-name="Paragraph"><help:to-popup Eid="autopilotformularfeldausrichtung">メニュー <text:span text:style-name="T1">ファイル → オートパイロット → フォーム → レイアウト</text:span></help:to-popup></text:p>
  <text:p text:style-name="Paragraph"><help:to-popup Eid="gruppen">フォームのデザイン　<text:span text:style-name="T1">フォームの機能</text:span> 可動ツールバー上の <text:span text:style-name="T1">グループボックス</text:span> アイコンをクリックし、枠を描く</help:to-popup></text:p>
  <text:p text:style-name="Paragraph"><help:to-popup Eid="gruppen1">フォームのデザイン　<text:span text:style-name="T1">フォームの機能</text:span> 可動ツールバー上の <text:span text:style-name="T1">グループボックス</text:span> アイコンをクリックし、枠を描く → オートパイロット１ページ</help:to-popup></text:p>
  <text:p text:style-name="Paragraph"><help:to-popup Eid="gruppen2">フォームのデザイン　<text:span text:style-name="T1">フォームの機能</text:span> 可動ツールバー上の <text:span text:style-name="T1">グループボックス</text:span> アイコンをクリックし、枠を描く → オートパイロット２ページ</help:to-popup></text:p>
  <text:p text:style-name="Paragraph"><help:to-popup Eid="gruppen3">フォームのデザイン　<text:span text:style-name="T1">フォームの機能</text:span> 可動ツールバー上の <text:span text:style-name="T1">グループボックス</text:span> アイコンをクリックし、枠を描く → オートパイロット３ページ</help:to-popup></text:p>
  <text:p text:style-name="Paragraph"><help:to-popup Eid="gruppen4">フォームをデザインするときに、<text:span text:style-name="T1">フォームの機能</text:span>可動ツールバーのアイコン <text:span text:style-name="T1">グループボックス</text:span> をクリックし、マウスでフレームを作成します (オートパイロット 4 ページ)。データベース接続が存在する必要があります。</help:to-popup></text:p>
  <text:p text:style-name="Paragraph"><help:to-popup Eid="gruppen5">フォームのデザイン　<text:span text:style-name="T1">フォームの機能</text:span> 可動ツールバー上の <text:span text:style-name="T1">グループボックス</text:span> アイコンをクリックし、枠を描く → オートパイロット最終ページ</help:to-popup></text:p>
  <text:p text:style-name="Paragraph"><help:to-popup Eid="autopilotreport">メニュー <text:span text:style-name="T1">ファイル → オートパイロット → レポート</text:span></help:to-popup></text:p>
  <text:p text:style-name="Paragraph"><help:to-popup Eid="autopilotreporttabauswahl">メニュー <text:span text:style-name="T1">ファイル → オートパイロット → レポート - データベースの選択</text:span></help:to-popup></text:p>
  <text:p text:style-name="Paragraph"><help:to-popup Eid="autopilotreportgrouping">メニュー <text:span text:style-name="T1">ファイル → オートパイロット → レポート - 分類</text:span></help:to-popup></text:p>
  <text:p text:style-name="Paragraph"><help:to-popup Eid="autopilotreportsortoptions">メニュー <text:span text:style-name="T1">ファイル → オートパイロット → レポート - 並べ替えオプション</text:span></help:to-popup></text:p>
  <text:p text:style-name="Paragraph"><help:to-popup Eid="autopilotreportchooselayout">メニュー <text:span text:style-name="T1">ファイル → オートパイロット → レポート - レイアウトの選択</text:span></help:to-popup></text:p>
  <text:p text:style-name="Paragraph"><help:to-popup Eid="autopilotreportsavereport">メニュー <text:span text:style-name="T1">ファイル → オートパイロット → レポート - レポートの保存</text:span></help:to-popup></text:p>
  <text:p text:style-name="Paragraph"><help:to-popup Eid="autopilotmsimport">メニュー <text:span text:style-name="T1">ファイル → オートパイロット →　ドキュメント変換</text:span></help:to-popup></text:p>
  <text:p text:style-name="Paragraph"><help:to-popup Eid="autopilotmsimport1">メニュー<text:span text:style-name="T1"> ファイル → オートパイロット →　ドキュメント変換</text:span></help:to-popup></text:p>
  <text:p text:style-name="Paragraph"><help:to-popup Eid="autopilotmsimport2">メニュー <text:span text:style-name="T1">ファイル → オートパイロット → ドキュメント変換</text:span></help:to-popup></text:p>
  <text:p text:style-name="Paragraph"><help:to-popup Eid="dataimport">メニュー <text:span text:style-name="T1">ファイル → オートパイロット → StarOffice 5.2 データベースのインポート</text:span></help:to-popup></text:p>
  <text:p text:style-name="Paragraph"><help:to-popup Eid="dataimport1">メニュー <text:span text:style-name="T1">ファイル → オートパイロット → StarOffice 5.2 データベースのインポート → ソースの指定</text:span></help:to-popup></text:p>
  <text:p text:style-name="Paragraph"><help:to-popup Eid="dataimport2">メニュー<text:span text:style-name="T1"> ファイル → オートパイロット → StarOffice 5.2 データベースのインポート → インポートする要素</text:span></help:to-popup></text:p>
  <text:p text:style-name="Paragraph"><help:to-popup Eid="dataimport2a">メニュー <text:span text:style-name="T1">ファイル → オートパイロット → StarOffice データベースのインポート → パスの適合</text:span></help:to-popup></text:p>
  <text:p text:style-name="Paragraph"><help:to-popup Eid="dataimport3">メニュー <text:span text:style-name="T1">ファイル → オートパイロット → StarOffice 5.2 データベースのインポート → フォームのインポート</text:span></help:to-popup></text:p>
  <text:p text:style-name="Paragraph"><help:to-popup Eid="dataimport4">メニュー <text:span text:style-name="T1">ファイル → オートパイロット → StarOffice 5.2 データベースのインポート → クエリーのインポート</text:span></help:to-popup></text:p>
  <text:p text:style-name="Paragraph"><help:to-popup Eid="dataimport5">メニュー <text:span text:style-name="T1">ファイル → オートパイロット → StarOffice 5.2 データベースのインポート → 概要</text:span></help:to-popup></text:p>
  <text:p text:style-name="Paragraph"><help:to-popup Eid="euro">メニュー <text:span text:style-name="T1">ファイル → オートパイロット → ユーロ通貨換算...</text:span></help:to-popup></text:p>
  <help:to-popup Eid="addressimport1">
  <text:p text:style-name="Paragraph">オートパイロット <text:span text:style-name="T1">アドレス帳データソース</text:span>（自動的に開始）</text:p>
  <text:p text:style-name="Paragraph">メニュー <text:span text:style-name="T1">ファイル → オートパイロット</text:span> → <text:span text:style-name="T1">アドレス帳データソース</text:span></text:p>
  </help:to-popup>
  <text:p text:style-name="Paragraph"><help:to-popup Eid="addressimport2">オートパイロット <text:span text:style-name="T1">アドレス帳データソース</text:span> → <text:span text:style-name="T1">追加設定</text:span></help:to-popup></text:p>
  <text:p text:style-name="Paragraph"><help:to-popup Eid="addressimport3">オートパイロット <text:span text:style-name="T1">アドレス帳データソース</text:span> → <text:span text:style-name="T1">テーブルの選択</text:span></help:to-popup></text:p>
  <text:p text:style-name="Paragraph"><help:to-popup Eid="addressimport4">オートパイロット → <text:span text:style-name="T1">アドレス帳データソース</text:span> <text:span text:style-name="T1">→ データソースのタイトル</text:span></help:to-popup></text:p>
  <text:p text:style-name="Paragraph"><help:to-popup Eid="addressimport5">オートパイロット <text:span text:style-name="T1">アドレス帳データソース</text:span> → <text:span text:style-name="T1">フィールドの割り当て</text:span></help:to-popup></text:p>
  <text:p text:style-name="Paragraph"><help:to-popup Eid="schliessen">メニュー <text:span text:style-name="T1">ファイル → 閉じる </text:span></help:to-popup></text:p>
  <help:to-popup Eid="save">
  <text:p text:style-name="Paragraph">メニュー <text:span text:style-name="T1">ファイル → 保存</text:span></text:p>
  <text:p text:style-name="Paragraph"><help:switch select="System"><help:case select ="MAC">（Command）</help:case><help:default>（Ctrl）</help:default></help:switch>＋（S）</text:p>
  <text:p text:style-name="Paragraph"><text:span text:style-name="T1">ファンクション</text:span>バーまたは<text:span text:style-name="T1">データベース</text:span>バー上でクリックします。</text:p>
  <help:to-be-embedded Eid="sysave">
  <table:table table:name="Tabelle2" table:style-name="Tabelle2">
   <table:table-column table:style-name="Tabelle2.A"/>
   <table:table-column table:style-name="Tabelle2.B"/>
   <table:table-header-rows>
    <table:table-row>
     <table:table-cell table:value-type="string">
      <text:p text:style-name="Paragraph"><draw:image draw:name="マーク2" svg:desc="マーク" svg:pixelx="25" svg:pixely="25" svg:width="0.661cm" svg:height="0.661cm" xlink:href="65921" draw:filter-name=""/></text:p>

     </table:table-cell>
     <table:table-cell table:value-type="string">
      <text:p text:style-name="Paragraph">ドキュメントの保存</text:p>
     </table:table-cell>
    </table:table-row>
   </table:table-header-rows>
  </table:table>
  </help:to-be-embedded></help:to-popup>
  <text:p text:style-name="Paragraph"><help:to-popup Eid="gifspeichern">メニュー <text:span text:style-name="T1">ファイル → 名前を付けて保存</text:span>、ファイルの種類に GIF　を選択すると、このダイアログが自動的に開きます</help:to-popup></text:p>
  <text:p text:style-name="Paragraph"><help:to-popup Eid="pngspeichern">メニュー <text:span text:style-name="T1">ファイル → 名前を付けて保存</text:span>、ファイルの種類に PNG を選択すると、このダイアログが自動的に開きます</help:to-popup></text:p>
  <text:p text:style-name="Paragraph"><help:to-popup Eid="bmpspeichern">メニュー <text:span text:style-name="T1">ファイル → 名前を付けて保存</text:span>、ファイルの種類に BMP を選択すると、このダイアログが自動的に開きます</help:to-popup></text:p>
  <text:p text:style-name="Paragraph"><help:to-popup Eid="jpegspeichern">メニュー <text:span text:style-name="T1">ファイル → 名前を付けて保存</text:span>、ファイルの種類に JPEG を選択すると、このダイアログが自動的に開きます</help:to-popup></text:p>
  <text:p text:style-name="Paragraph"><help:to-popup Eid="htmlspeichern"><help:productname>%PRODUCTNAME</help:productname> Draw および <help:productname>%PRODUCTNAME</help:productname> Impress のメニュー <text:span text:style-name="T1">ファイル → エクスポート</text:span> でファイル書式に「HTML ドキュメント」を選択すると、このダイアログが自動的に開きます。</help:to-popup></text:p>
  <text:p text:style-name="Paragraph"><help:to-popup Eid="htmlspeichern1"><help:productname>%PRODUCTNAME</help:productname> Draw あるいは <help:productname>%PRODUCTNAME</help:productname> Impress のメニュー <text:span text:style-name="T1">ファイル → エクスポート</text:span> でファイルの種類に Web ページを選択。オートパイロットの１ページ目</help:to-popup></text:p>
  <text:p text:style-name="Paragraph"><help:to-popup Eid="htmlspeichern2"><help:productname>%PRODUCTNAME</help:productname> Draw あるいは <help:productname>%PRODUCTNAME</help:productname> Impress のメニュー <text:span text:style-name="T1">ファイル → エクスポート</text:span> でファイルの種類に Web ページを選択。オートパイロットの２ページ目</help:to-popup></text:p>
  <text:p text:style-name="Paragraph"><help:to-popup Eid="htmlspeichern3"><help:productname>%PRODUCTNAME</help:productname> Draw あるいは <help:productname>%PRODUCTNAME</help:productname> Impress のメニュー <text:span text:style-name="T1">ファイル → エクスポート</text:span> でファイルの種類に Web ページを選択。オートパイロットの３ページ目</help:to-popup></text:p>
  <text:p text:style-name="Paragraph"><help:to-popup Eid="htmlspeichern4"><help:productname>%PRODUCTNAME</help:productname> Draw あるいは <help:productname>%PRODUCTNAME</help:productname> Impress のメニュー <text:span text:style-name="T1">ファイル → エクスポート</text:span> でファイルの種類に Web ページを選択。オートパイロットの４ページ目</help:to-popup></text:p>
  <text:p text:style-name="Paragraph"><help:to-popup Eid="htmlspeichern5"><help:productname>%PRODUCTNAME</help:productname> Draw あるいは <help:productname>%PRODUCTNAME</help:productname> Impress のメニュー <text:span text:style-name="T1">ファイル → エクスポート</text:span> でファイルの種類に Web ページを選択。オートパイロットの５ページ目</help:to-popup></text:p>
  <text:p text:style-name="Paragraph"><help:to-popup Eid="htmlspeichern6"><help:productname>%PRODUCTNAME</help:productname> Draw あるいは <help:productname>%PRODUCTNAME</help:productname> Impress のメニュー <text:span text:style-name="T1">ファイル → エクスポート</text:span> でファイルの種類に Web ページを選択。オートパイロットの６ページ目</help:to-popup></text:p>
  <text:p text:style-name="Paragraph"><help:to-popup Eid="svmspeichern">メニュー <text:span text:style-name="T1">ファイル → エクスポート</text:span>、 ファイルの種類に　SVM/WMF/PICT/MET を選択すると、このダイアログが自動的に開きます。</help:to-popup></text:p>
  <text:p text:style-name="Paragraph"><help:to-popup Eid="bmpexport">メニュー <text:span text:style-name="T1">ファイル → エクスポート</text:span> を選択して、ファイル書式に BMP を選択すると、このダイアログが自動的に開きます。</help:to-popup></text:p>
  <text:p text:style-name="Paragraph"><help:to-popup Eid="gifexport">メニュー <text:span text:style-name="T1">ファイル → エクスポート</text:span> を選択して、ファイル書式に GIF を選択すると、このダイアログが開きます。</help:to-popup></text:p>
  <text:p text:style-name="Paragraph"><help:to-popup Eid="saveall">メニュー <text:span text:style-name="T1">ファイル → すべて保存</text:span></help:to-popup></text:p>
  <text:p text:style-name="Paragraph"><help:to-popup Eid="saveas">メニュー <text:span text:style-name="T1">ファイル → 名前を付けて保存...</text:span></help:to-popup></text:p>
  <help:to-popup Eid="last">
  <text:p text:style-name="Paragraph">メニュー <text:span text:style-name="T1">ファイル → 再読み込み</text:span></text:p>
  </help:to-popup>
  <text:p text:style-name="Paragraph"><help:to-popup Eid="info1">メニュー <text:span text:style-name="T1">ファイル → プロパティ... </text:span></help:to-popup></text:p>
  <text:p text:style-name="Paragraph"><help:to-popup Eid="info2">メニュー <text:span text:style-name="T1">ファイル → プロパティ...</text:span> 見出し <text:span text:style-name="T1">全般</text:span></help:to-popup></text:p>
  <text:p text:style-name="Paragraph"><help:to-popup Eid="info3">メニュー <text:span text:style-name="T1">ファイル → プロパティ...</text:span> 見出し <text:span text:style-name="T1">概要</text:span></help:to-popup></text:p>
  <text:p text:style-name="Paragraph"><help:to-popup Eid="info4">メニュー <text:span text:style-name="T1">ファイル → プロパティ...</text:span> 見出し <text:span text:style-name="T1">ユーザー</text:span></help:to-popup></text:p>
  <text:p text:style-name="Paragraph"><help:to-popup Eid="info5">メニュー <text:span text:style-name="T1">ファイル → プロパティ...</text:span> 見出し <text:span text:style-name="T1">統計</text:span></help:to-popup></text:p>
  <text:p text:style-name="Paragraph"><help:to-popup Eid="info6">メニュー <text:span text:style-name="T1">ファイル → プロパティ...</text:span> 見出し <text:span text:style-name="T1">インターネット</text:span></help:to-popup></text:p>
  <text:p text:style-name="Paragraph"><help:to-popup Eid="dokuvorlage">メニュー <text:span text:style-name="T1">ファイル → ドキュメントテンプレート</text:span></help:to-popup></text:p>
  <text:p text:style-name="Paragraph"><help:to-popup Eid="verwalten">メニュー <text:span text:style-name="T1">ファイル → ドキュメントテンプレート → 管理...</text:span></help:to-popup></text:p>
  <help:to-popup Eid="voradzu">
  <text:p text:style-name="Paragraph">メニュー <text:span text:style-name="T1">ファイル → ドキュメントテンプレート → 管理</text:span>、 <text:span text:style-name="T1">アドレス帳</text:span>ボタン</text:p>
  <text:p text:style-name="Paragraph">メニュー <text:span text:style-name="T1">ファイル → ドキュメントテンプレート → アドレス帳ソース</text:span></text:p>
  </help:to-popup>
  <help:to-popup Eid="voradzuadmi">
  <text:p text:style-name="Paragraph">メニュー <text:span text:style-name="T1">ファイル → ドキュメントテンプレート → アドレス帳ソース</text:span> を選択したあと、ボタン <text:span text:style-name="T1">管理</text:span> をクリックします。</text:p>
  <text:p text:style-name="Paragraph"><help:switch select="Program"><help:case select="WRITER">メニュー <text:span text:style-name="T1">ツール</text:span> → <text:span text:style-name="T1">データソース</text:span></help:case><help:case select="CALC">メニュー <text:span text:style-name="T1">ツール</text:span> → <text:span text:style-name="T1">データソース</text:span></help:case></help:switch></text:p>
  </help:to-popup>
  <text:p text:style-name="Paragraph"><help:to-popup Eid="dokuspei">メニュー <text:span text:style-name="T1">ファイル → ドキュメントテンプレート → 保存</text:span></help:to-popup></text:p>
  <text:p text:style-name="Paragraph"><help:to-popup Eid="dokubear">メニュー <text:span text:style-name="T1">ファイル → ドキュメントテンプレート → 編集</text:span></help:to-popup></text:p>
  <text:p text:style-name="Paragraph"><help:to-popup Eid="ansicht">メニュー <text:span text:style-name="T1">ファイル → 印刷プレビュー</text:span></help:to-popup></text:p>
  <help:to-popup Eid="drucker">
  <text:p text:style-name="Paragraph">メニュー <text:span text:style-name="T1">ファイル → プリンタの設定...</text:span></text:p>
  <text:p text:style-name="Paragraph">メニュー <text:span text:style-name="T1">ファイル → ドキュメントテンプレート... → 管理...</text:span>、<text:span text:style-name="T1">コマンド</text:span> ボタン → <text:span text:style-name="T1">プリンタの設定...</text:span></text:p>
  <text:p text:style-name="Paragraph">メニュー <text:span text:style-name="T1">ファイル → オートパイロット → レター → ９ページ</text:span></text:p>
  </help:to-popup>
  <text:p text:style-name="Paragraph"><help:to-popup Eid="senden">メニュー <text:span text:style-name="T1">ファイル → 送る</text:span></help:to-popup></text:p>
  <help:to-popup Eid="dokument">
  <text:p text:style-name="Paragraph">メニュー <text:span text:style-name="T1">ファイル → 送る → E-mailとしてのドキュメント... </text:span></text:p>
  </help:to-popup>
  <text:p text:style-name="Paragraph"><help:to-popup Eid="export">メニュー <text:span text:style-name="T1">ファイル → エクスポート</text:span> を選択します。</help:to-popup></text:p>
  <help:to-popup Eid="exportpdf">
  <text:p text:style-name="Paragraph">メニュー <text:span text:style-name="T1">ファイル → PDF としてエクスポート</text:span> を選択します。</text:p>
  <help:to-be-embedded Eid="syexportpdf">
  <table:table table:name="Tabelle3" table:style-name="Tabelle3">
   <table:table-column table:style-name="Tabelle3.A"/>
   <table:table-column table:style-name="Tabelle3.B"/>
   <table:table-header-rows>
    <table:table-row>
     <table:table-cell table:value-type="string">
      <text:p text:style-name="Paragraph"><draw:image draw:name="マーク3" svg:desc="マーク" svg:pixelx="25" svg:pixely="25" svg:width="0.661cm" svg:height="0.661cm" xlink:href="67561" draw:filter-name=""/></text:p>

     </table:table-cell>
     <table:table-cell table:value-type="string">
      <text:p text:style-name="Paragraph">直接 PDF としてエクスポートする</text:p>
     </table:table-cell>
    </table:table-row>
   </table:table-header-rows>
  </table:table>
  </help:to-be-embedded></help:to-popup>
  <help:to-popup Eid="pdf">
  <text:p text:style-name="Paragraph">メニュー <text:span text:style-name="T1">ファイル → 送る → PDF 添付としてのドキュメント</text:span> を選択します。</text:p>
  </help:to-popup>
  <text:p text:style-name="Paragraph"><help:to-popup Eid="glo">メニュー <text:span text:style-name="T1">ファイル → 送る → マスタードキュメントの作成</text:span></help:to-popup></text:p>
  <help:to-popup Eid="drucken">
  <text:p text:style-name="Paragraph">メニュー <text:span text:style-name="T1">ファイル → 印刷...</text:span></text:p>
  <text:p text:style-name="Paragraph"><help:switch select="System"><help:case select ="MAC">（Command）</help:case><help:default>（Ctrl）</help:default></help:switch>＋（P）</text:p>
  <text:p text:style-name="Paragraph">ファンクションバーのアイコン</text:p>
  <help:to-be-embedded Eid="sydrucken">
  <table:table table:name="Tabelle29" table:style-name="Tabelle29">
   <table:table-column table:style-name="Tabelle29.A"/>
   <table:table-column table:style-name="Tabelle29.B"/>
   <table:table-header-rows>
    <table:table-row>
     <table:table-cell table:value-type="string">
      <text:p text:style-name="Paragraph"><draw:image draw:name="マーク4" svg:desc="マーク" svg:pixelx="25" svg:pixely="25" svg:width="0.661cm" svg:height="0.661cm" xlink:href="65919" draw:filter-name=""/></text:p>

     </table:table-cell>
     <table:table-cell table:value-type="string">
      <text:p text:style-name="Paragraph">ファイルを直接印刷</text:p>
     </table:table-cell>
    </table:table-row>
   </table:table-header-rows>
  </table:table>
  </help:to-be-embedded>
  <help:switch select="Program"><help:case select="WRITER">
  <text:p text:style-name="Paragraph"><a name="anker"/>文書ドキュメントの<text:span text:style-name="T1">Page View</text:span>バー上をクリックします。</text:p>
  <table:table table:name="Tabelle30" table:style-name="Tabelle30">
   <table:table-column table:style-name="Tabelle30.A"/>
   <table:table-column table:style-name="Tabelle30.B"/>
   <table:table-header-rows>
    <table:table-row>
     <table:table-cell table:value-type="string">
      <text:p text:style-name="Paragraph"><draw:image draw:name="マーク5" svg:desc="マーク" svg:pixelx="25" svg:pixely="25" svg:width="0.661cm" svg:height="0.661cm" xlink:href="65880" draw:filter-name=""/></text:p>

     </table:table-cell>
     <table:table-cell table:value-type="string">
      <text:p text:style-name="Paragraph">プレビューの印刷</text:p>
     </table:table-cell>
    </table:table-row>
   </table:table-header-rows>
  </table:table>
  </help:case></help:switch>
  </help:to-popup>
  <help:to-popup Eid="beenden">
  <text:p text:style-name="Paragraph">メニュー <text:span text:style-name="T1">ファイル → 終了</text:span></text:p>
  <text:p text:style-name="Paragraph"><help:switch select="System"><help:case select ="MAC">（Command）</help:case><help:default>（Ctrl）</help:default></help:switch>＋（Q）</text:p>
  </help:to-popup>
  <text:p text:style-name="Paragraph"><help:to-popup Eid="neuglobal">メニュー <text:span text:style-name="T1">ファイル → 新規作成 → マスタードキュメント</text:span></help:to-popup></text:p>
  <text:p text:style-name="Paragraph"><help:to-popup Eid="textimport">メニュー <text:span text:style-name="T1">ファイル → 送る</text:span> でファイの種類に <text:span text:style-name="T1">テキスト CSV</text:span> を選択</help:to-popup></text:p>
  <text:p text:style-name="Paragraph"><help:to-popup Eid="epsexport">メニュー <text:span text:style-name="T1">ファイル → エクスポート...</text:span>、ファイルの種類に <text:span text:style-name="T1">EPS</text:span> を選択すると、このダイアログが自動的に開きます。</help:to-popup></text:p>
  <text:p text:style-name="Paragraph"><help:to-popup Eid="pbmppmpgm">メニュー <text:span text:style-name="T1">ファイル → エクスポート...</text:span>、ファイルの種類に <text:span text:style-name="T1">PBM</text:span>、<text:span text:style-name="T1">PPM</text:span> あるいは <text:span text:style-name="T1">PGM</text:span> を選択すると、このダイアログが自動的に開きます。</help:to-popup></text:p>
  <text:p text:style-name="Paragraph"><help:to-popup Eid="versionen"><help:to-popup Eid="autopilotberichtfeldauswahl">メニュー <text:span text:style-name="T1">ファイル → バージョンの管理</text:span></help:to-popup></help:to-popup></text:p>
 </office:body>
</office:document>
