

<office:document  xmlns:office="http://openoffice.org/2000/office" xmlns:style="http://openoffice.org/2000/style" xmlns:text="http://openoffice.org/2000/text" xmlns:table="http://openoffice.org/2000/table" xmlns:draw="http://openoffice.org/2000/drawing" xmlns:fo="http://www.w3.org/1999/XSL/Format" xmlns:xlink="http://www.w3.org/1999/xlink" xmlns:number="http://openoffice.org/2000/datastyle" xmlns:svg="http://www.w3.org/2000/svg" xmlns:chart="http://openoffice.org/2000/chart" xmlns:dr3d="http://openoffice.org/2000/dr3d" xmlns:math="http://www.w3.org/1998/Math/MathML" xmlns:form="http://openoffice.org/2000/form" xmlns:script="http://openoffice.org/2000/script" office:class="text" office:version="1.0" xmlns:dc="http://purl.org/dc/elements/1.1/" xmlns:meta="http://openoffice.org/2000/meta" xmlns:help="http://openoffice.org/2000/help">
<office:meta>
  <dc:description>text/common/00/00000020</dc:description>
  <dc:subject>インポート、エクスポートフィルタに関する情報</dc:subject>
  <meta:keywords>
   <meta:keyword>$Version</meta:keyword>
  </meta:keywords>
  <dc:language>ja-JP</dc:language>
  <meta:user-defined meta:name="Info 0">READY</meta:user-defined>
  <meta:user-defined meta:name="Info 1">FREE_OK</meta:user-defined>
  <meta:user-defined meta:name="Info 2"/>
  <meta:user-defined meta:name="Info 3"/>
</office:meta>
 <office:script/>
 <office:font-decls>
  <style:font-decl style:name="StarSymbol" fo:font-family="StarSymbol" style:font-charset="x-symbol"/>
  <style:font-decl style:name="Courier New" fo:font-family="&apos;Courier New&apos;" style:font-style-name="Standard" style:font-family-generic="modern" style:font-pitch="fixed"/>
  <style:font-decl style:name="Courier" fo:font-family="Courier" style:font-family-generic="roman" style:font-pitch="fixed"/>
  <style:font-decl style:name="Andale WT UI3" fo:font-family="&apos;Andale WT UI&apos;" style:font-pitch="variable"/>
  <style:font-decl style:name="Arial Unicode MS" fo:font-family="&apos;Arial Unicode MS&apos;" style:font-pitch="variable"/>
  <style:font-decl style:name="HG Mincho Light J" fo:font-family="&apos;HG Mincho Light J&apos;" style:font-pitch="variable"/>
  <style:font-decl style:name="Andale WT UI" fo:font-family="&apos;Andale WT UI&apos;" style:font-style-name="Fett" style:font-family-generic="roman" style:font-pitch="variable"/>
  <style:font-decl style:name="Andale WT UI1" fo:font-family="&apos;Andale WT UI&apos;" style:font-style-name="Standard" style:font-family-generic="roman" style:font-pitch="variable"/>
  <style:font-decl style:name="Thorndale" fo:font-family="Thorndale" style:font-family-generic="roman" style:font-pitch="variable"/>
  <style:font-decl style:name="Times New Roman" fo:font-family="&apos;Times New Roman&apos;" style:font-style-name="Fett" style:font-family-generic="roman" style:font-pitch="variable"/>
  <style:font-decl style:name="Andale WT UI2" fo:font-family="&apos;Andale WT UI&apos;" style:font-family-generic="swiss" style:font-pitch="variable"/>
 </office:font-decls>
 <office:automatic-styles>
  <style:style style:name="Tabelle10" style:family="table">
   <style:properties style:width="18cm" table:align="margins"/>
  </style:style>
  <style:style style:name="Tabelle10.A" style:family="table-column">
   <style:properties style:column-width="1.499cm" style:rel-column-width="5460*"/>
  </style:style>
  <style:style style:name="Tabelle10.B" style:family="table-column">
   <style:properties style:column-width="16.501cm" style:rel-column-width="60075*"/>
  </style:style>
  <style:style style:name="Tabelle10.1" style:family="table-row">
   <style:properties style:min-row-height="0.848cm"/>
  </style:style>
  <style:style style:name="Tabelle10.A1" style:family="table-cell">
   <style:properties fo:padding="0cm" fo:border="none"/>
  </style:style>
  <style:style style:name="Tabelle1" style:family="table">
   <style:properties style:width="17.995cm" fo:margin-left="0cm" fo:margin-right="0.005cm" table:align="margins"/>
  </style:style>
  <style:style style:name="Tabelle1.A" style:family="table-column">
   <style:properties style:column-width="2.928cm" style:rel-column-width="10665*"/>
  </style:style>
  <style:style style:name="Tabelle1.B" style:family="table-column">
   <style:properties style:column-width="5.858cm" style:rel-column-width="21331*"/>
  </style:style>
  <style:style style:name="Tabelle1.C" style:family="table-column">
   <style:properties style:column-width="9.209cm" style:rel-column-width="33539*"/>
  </style:style>
  <style:style style:name="Tabelle1.A1" style:family="table-cell">
   <style:properties fo:padding="0.049cm" fo:border-left="0.002cm solid #000000" fo:border-right="none" fo:border-top="0.002cm solid #000000" fo:border-bottom="0.002cm solid #000000"/>
  </style:style>
  <style:style style:name="Tabelle1.C1" style:family="table-cell">
   <style:properties fo:padding="0.049cm" fo:border="0.002cm solid #000000"/>
  </style:style>
  <style:style style:name="Tabelle1.A2" style:family="table-cell">
   <style:properties fo:padding="0.049cm" fo:border-left="0.002cm solid #000000" fo:border-right="none" fo:border-top="none" fo:border-bottom="0.002cm solid #000000"/>
  </style:style>
  <style:style style:name="Tabelle1.C2" style:family="table-cell">
   <style:properties fo:vertical-align="top" fo:padding="0.049cm" fo:border-left="0.002cm solid #000000" fo:border-right="0.002cm solid #000000" fo:border-top="none" fo:border-bottom="0.002cm solid #000000"/>
  </style:style>
  <style:style style:name="P1" style:family="paragraph" style:parent-style-name="Paragraph" style:master-page-name="HTML">
   <style:properties style:page-number="0"/>
  </style:style>
  <style:style style:name="P2" style:family="paragraph" style:parent-style-name="Paragraph" style:list-style-name="L1"/>
  <style:style style:name="P3" style:family="paragraph" style:parent-style-name="Paragraph" style:list-style-name="L2"/>
  <style:style style:name="P4" style:family="paragraph" style:parent-style-name="Paragraph" style:list-style-name="L3"/>
  <style:style style:name="T1" style:family="text">
   <style:properties fo:font-weight="bold"/>
  </style:style>
  <style:style style:name="fr1" style:family="graphics" style:parent-style-name="Graphics">
   <style:properties style:run-through="foreground" style:wrap="run-through" style:vertical-pos="middle" style:vertical-rel="paragraph" style:horizontal-pos="left" style:horizontal-rel="paragraph" style:mirror="none" fo:clip="rect(0cm 0cm 0cm 0cm)" draw:luminance="0%" draw:contrast="0%" draw:red="0%" draw:green="0%" draw:blue="0%" draw:gamma="1" draw:color-inversion="false" draw:transparency="-100%" draw:color-mode="standard"/>
  </style:style>
  <text:list-style style:name="L1">
   <text:list-level-style-bullet text:level="1" text:style-name="Bullet Symbols" style:num-suffix="." text:bullet-char="•">
    <style:properties text:min-label-width="0.499cm" style:font-name="StarSymbol"/>
   </text:list-level-style-bullet>
   <text:list-level-style-bullet text:level="2" text:style-name="Bullet Symbols" style:num-suffix="." text:bullet-char="•">
    <style:properties text:space-before="0.499cm" text:min-label-width="0.499cm" style:font-name="StarSymbol"/>
   </text:list-level-style-bullet>
   <text:list-level-style-bullet text:level="3" text:style-name="Bullet Symbols" style:num-suffix="." text:bullet-char="•">
    <style:properties text:space-before="0.999cm" text:min-label-width="0.499cm" style:font-name="StarSymbol"/>
   </text:list-level-style-bullet>
   <text:list-level-style-bullet text:level="4" text:style-name="Bullet Symbols" style:num-suffix="." text:bullet-char="•">
    <style:properties text:space-before="1.498cm" text:min-label-width="0.499cm" style:font-name="StarSymbol"/>
   </text:list-level-style-bullet>
   <text:list-level-style-bullet text:level="5" text:style-name="Bullet Symbols" style:num-suffix="." text:bullet-char="•">
    <style:properties text:space-before="1.997cm" text:min-label-width="0.499cm" style:font-name="StarSymbol"/>
   </text:list-level-style-bullet>
   <text:list-level-style-number text:level="6" style:num-suffix="." style:num-format="1">
    <style:properties text:space-before="2.501cm" text:min-label-width="0.499cm"/>
   </text:list-level-style-number>
   <text:list-level-style-number text:level="7" style:num-suffix="." style:num-format="1">
    <style:properties text:space-before="3.001cm" text:min-label-width="0.499cm"/>
   </text:list-level-style-number>
   <text:list-level-style-number text:level="8" style:num-suffix="." style:num-format="1">
    <style:properties text:space-before="3.502cm" text:min-label-width="0.499cm"/>
   </text:list-level-style-number>
   <text:list-level-style-number text:level="9" style:num-suffix="." style:num-format="1">
    <style:properties text:space-before="4.001cm" text:min-label-width="0.499cm"/>
   </text:list-level-style-number>
   <text:list-level-style-number text:level="10" style:num-suffix="." style:num-format="1">
    <style:properties text:space-before="4.502cm" text:min-label-width="0.499cm"/>
   </text:list-level-style-number>
  </text:list-style>
  <text:list-style style:name="L2">
   <text:list-level-style-bullet text:level="1" text:style-name="Bullet Symbols" style:num-suffix="." text:bullet-char="•">
    <style:properties text:min-label-width="0.499cm" style:font-name="StarSymbol"/>
   </text:list-level-style-bullet>
   <text:list-level-style-bullet text:level="2" text:style-name="Bullet Symbols" style:num-suffix="." text:bullet-char="•">
    <style:properties text:space-before="0.499cm" text:min-label-width="0.499cm" style:font-name="StarSymbol"/>
   </text:list-level-style-bullet>
   <text:list-level-style-bullet text:level="3" text:style-name="Bullet Symbols" style:num-suffix="." text:bullet-char="•">
    <style:properties text:space-before="0.999cm" text:min-label-width="0.499cm" style:font-name="StarSymbol"/>
   </text:list-level-style-bullet>
   <text:list-level-style-bullet text:level="4" text:style-name="Bullet Symbols" style:num-suffix="." text:bullet-char="•">
    <style:properties text:space-before="1.498cm" text:min-label-width="0.499cm" style:font-name="StarSymbol"/>
   </text:list-level-style-bullet>
   <text:list-level-style-bullet text:level="5" text:style-name="Bullet Symbols" style:num-suffix="." text:bullet-char="•">
    <style:properties text:space-before="1.997cm" text:min-label-width="0.499cm" style:font-name="StarSymbol"/>
   </text:list-level-style-bullet>
   <text:list-level-style-number text:level="6" style:num-suffix="." style:num-format="1">
    <style:properties text:space-before="2.501cm" text:min-label-width="0.499cm"/>
   </text:list-level-style-number>
   <text:list-level-style-number text:level="7" style:num-suffix="." style:num-format="1">
    <style:properties text:space-before="3.001cm" text:min-label-width="0.499cm"/>
   </text:list-level-style-number>
   <text:list-level-style-number text:level="8" style:num-suffix="." style:num-format="1">
    <style:properties text:space-before="3.502cm" text:min-label-width="0.499cm"/>
   </text:list-level-style-number>
   <text:list-level-style-number text:level="9" style:num-suffix="." style:num-format="1">
    <style:properties text:space-before="4.001cm" text:min-label-width="0.499cm"/>
   </text:list-level-style-number>
   <text:list-level-style-number text:level="10" style:num-suffix="." style:num-format="1">
    <style:properties text:space-before="4.502cm" text:min-label-width="0.499cm"/>
   </text:list-level-style-number>
  </text:list-style>
  <text:list-style style:name="L3">
   <text:list-level-style-number text:level="1" text:style-name="Numbering Symbols" style:num-suffix="." style:num-format="1">
    <style:properties text:min-label-width="0.499cm"/>
   </text:list-level-style-number>
   <text:list-level-style-number text:level="2" text:style-name="Numbering Symbols" style:num-suffix="." style:num-format="1">
    <style:properties text:space-before="0.501cm" text:min-label-width="0.499cm"/>
   </text:list-level-style-number>
   <text:list-level-style-number text:level="3" text:style-name="Numbering Symbols" style:num-suffix="." style:num-format="1">
    <style:properties text:space-before="1cm" text:min-label-width="0.499cm"/>
   </text:list-level-style-number>
   <text:list-level-style-number text:level="4" text:style-name="Numbering Symbols" style:num-suffix="." style:num-format="1">
    <style:properties text:space-before="1.501cm" text:min-label-width="0.499cm"/>
   </text:list-level-style-number>
   <text:list-level-style-number text:level="5" text:style-name="Numbering Symbols" style:num-suffix="." style:num-format="1">
    <style:properties text:space-before="2cm" text:min-label-width="0.499cm"/>
   </text:list-level-style-number>
   <text:list-level-style-number text:level="6" text:style-name="Numbering Symbols" style:num-suffix="." style:num-format="1">
    <style:properties text:space-before="2.501cm" text:min-label-width="0.499cm"/>
   </text:list-level-style-number>
   <text:list-level-style-number text:level="7" text:style-name="Numbering Symbols" style:num-suffix="." style:num-format="1">
    <style:properties text:space-before="3.001cm" text:min-label-width="0.499cm"/>
   </text:list-level-style-number>
   <text:list-level-style-number text:level="8" text:style-name="Numbering Symbols" style:num-suffix="." style:num-format="1">
    <style:properties text:space-before="3.502cm" text:min-label-width="0.499cm"/>
   </text:list-level-style-number>
   <text:list-level-style-number text:level="9" text:style-name="Numbering Symbols" style:num-suffix="." style:num-format="1">
    <style:properties text:space-before="4.001cm" text:min-label-width="0.499cm"/>
   </text:list-level-style-number>
   <text:list-level-style-number text:level="10" text:style-name="Numbering Symbols" style:num-suffix="." style:num-format="1">
    <style:properties text:space-before="4.502cm" text:min-label-width="0.499cm"/>
   </text:list-level-style-number>
  </text:list-style>
 </office:automatic-styles>
 <office:body>
  <text:variable-decls>
   <text:variable-decl text:value-type="string" text:name="HTML_ON"/>
   <text:variable-decl text:value-type="string" text:name="HTML_OFF"/>
   <text:variable-decl text:value-type="string" text:name="TITEL"/>
   <text:variable-decl text:value-type="string" text:name="END"/>
   <text:variable-decl text:value-type="string" text:name="NAME"/>
   <text:variable-decl text:value-type="string" text:name="HREF"/>
   <text:variable-decl text:value-type="string" text:name="HelpID"/>
   <text:variable-decl text:value-type="string" text:name="MODIFY"/>
   <text:variable-decl text:value-type="string" text:name="REFNR"/>
   <text:variable-decl text:value-type="string" text:name="OS2"/>
   <text:variable-decl text:value-type="string" text:name="ELSE"/>
   <text:variable-decl text:value-type="string" text:name="MAC"/>
   <text:variable-decl text:value-type="string" text:name="KEY"/>
   <text:variable-decl text:value-type="string" text:name="INDEX"/>
   <text:variable-decl text:value-type="string" text:name="HFELD"/>
   <text:variable-decl text:value-type="string" text:name="UNIX"/>
   <text:variable-decl text:value-type="string" text:name="WIN"/>
  </text:variable-decls>
  <text:sequence-decls>
   <text:sequence-decl text:display-outline-level="0" text:name="Illustration"/>
   <text:sequence-decl text:display-outline-level="0" text:name="Table"/>
   <text:sequence-decl text:display-outline-level="0" text:name="Text"/>
   <text:sequence-decl text:display-outline-level="0" text:name="Drawing"/>
  </text:sequence-decls>
  <text:p text:style-name="P1"/>
  <text:p text:style-name="Head 1"><help:key-word value="インポート; フィルタ" tag="kw65614_19"/><help:key-word value="エクスポート; フィルタ" tag="kw65614_1"/><help:key-word value="フィルタ; インポート用とエクスポート用" tag="kw65614_18"/><help:key-word value="ファイル; フィルタ" tag="kw65614_17"/><help:key-word value="書式; 開く、保存する" tag="kw65614_16"/><help:key-word value="ファイル; 書式" tag="kw65614_15"/>インポート、エクスポートフィルタに関する情報</text:p>
  <text:p text:style-name="Paragraph"><help:productname>%PRODUCTNAME</help:productname> は、固有の<help:link Id="68543" Eid="xmlformat">XML 形式</help:link>以外にも、その他各種の XML 形式からの読み込みや保存に対応しています。</text:p>
  <text:p text:style-name="Paragraph"><help:key-word value="データベーステーブル; テキストとして" tag="kw65614_14"/><help:key-word value="インポート; テキストとしてのデータベーステーブル" tag="kw65614_13"/><help:switch select="System"><help:case select ="UNIX">UNIX では、一部ファイル形式が自動的に認識されません。したがって、</help:case><help:default><help:productname>%PRODUCTNAME</help:productname> では通常、ファイルを開くときにファイルの種類が正しく自動的に認識されます。ただし、</help:default></help:switch>ダイアログ <text:span text:style-name="T1">開く</text:span> でファイルの種類をユーザーが選択しなければならない場合もあります。例えば、テキスト形式のデータベーステーブルをデータベーステーブルとして開くには、そのファイルを選択したあと、ファイルの種類として <text:span text:style-name="T1">テキスト CSV</text:span> を指定する必要があります。</text:p>
  <text:p text:style-name="Head 2"><help:key-word value="マクロ; MS Office ドキュメント" tag="kw65614_12"/>MS Office ドキュメント内の BASIC マクロ</text:p>
  <text:p text:style-name="Paragraph">MS Office ドキュメントの VBA マクロコードに関する設定は、メニュー <help:link Id="66236">ツール → オプション → 読み込みと保存 → VBA 属性</help:link>で行います。VBA マクロコードを <help:productname>%PRODUCTNAME</help:productname> でそのまま実行することはできず、あらかじめ変換して必要な修正を加える必要があります。頻繁に起きるケースとしては、<help:productname>%PRODUCTNAME</help:productname> で Word 、Excel 、PowerPoint のファイルを開き、内容を編集した後で、Microsoft Office 形式で再保存するが、そのときに各ファイル中のマクロはそのまま残す、ということがあります。<help:productname>%PRODUCTNAME</help:productname> では、VBA マクロを <help:productname>%PRODUCTNAME</help:productname> のサブルーチンにコメント形式で保存しておき、MS Office 形式で再保存する際にそのまま復帰させることも、あるいは読み込み時に Microsoft Office マクロを削除させることもできます。後者の方法は、Microsoft Office ドキュメントに潜むウイルスの防止策としても有用です。</text:p>
  <text:p text:style-name="Head 2">外部書式とファイルの種類に関するコメント</text:p>
  <text:p text:style-name="Paragraph">インストールされていないフィルタでも、ダイアログ <text:span text:style-name="T1">開く</text:span> および <text:span text:style-name="T1">名前を付けて保存</text:span> で選択可能なものがいくつかあります。インストールされていないフィルタを選択すると、必要であれば今からでもフィルタをインストールできることを知らせるメッセージが表示されます。</text:p>
  <text:p text:style-name="Paragraph">その他のフィルタをインストールしたり、フィルタをアンインストールするには、<help:productname>%PRODUCTNAME</help:productname> を一旦終了した上で <help:productname>%PRODUCTNAME</help:productname> <help:productversion>%PRODUCTVERSION</help:productversion> セットアッププログラムを呼び出して、<text:span text:style-name="T1">変更</text:span> オプションを選択します。<help:productname>%PRODUCTNAME</help:productname> のコンポーネントを追加、または削除するためのダイアログが表示されます。画像フィルタは「オプションのコンポーネント」にあります。</text:p>
  <text:p text:style-name="Head 3"><help:switch select="Program"><help:case select="CALC"></help:case><help:case select="DRAW"></help:case><help:case select="IMPRESS"></help:case><help:default>文書ドキュメントのインポートとエクスポート<help:key-word value="インポート; 文書ドキュメント" tag="kw65614_11"/><help:key-word value="エクスポート; 文書ドキュメント" tag="kw65614_10"/><help:key-word value="文書ドキュメント; インポートとエクスポート" tag="kw65614_9"/></help:default></help:switch></text:p>
  <text:p text:style-name="Paragraph"><help:switch select="Program"><help:case select="CALC"></help:case><help:case select="DRAW"></help:case><help:case select="IMPRESS"></help:case><help:default>よく知られているテキスト形式は、MS Word です。この形式については、各種のファイルを <help:productname>%PRODUCTNAME</help:productname> Writer で読み取ることができます。また作成した文書ドキュメントを MS Word 形式で保存することもできます。ただし、すべての <help:productname>%PRODUCTNAME</help:productname> Writer ドキュメントを完全に MS Word 形式に変換できるわけではなく、MS Word 形式についてもすべてをインポートできるわけではありません。</help:default></help:switch></text:p>
  <text:p text:style-name="Paragraph"><help:switch select="Program"><help:case select="CALC"></help:case><help:case select="DRAW"></help:case><help:case select="IMPRESS"></help:case><help:default>インポートは通常は問題ありません。変更箇所の情報やコントロールもインポート、エクスポートできるので、Word ドキュメントに挿入あるいは削除したテキスト、変更した文字の属性は <help:productname>%PRODUCTNAME</help:productname> が識別し、作成者別に色付き表示されます。変更時刻も適用されます。スタイルから図、テキストボックスや図表番号をインポートした際にも、ほとんどの属性は引き継がれます。その場合属性は、段落および文字の直接書式として適用されます。属性の中にはインポート時に失われるものもあります。</help:default></help:switch></text:p>
  <text:p text:style-name="Paragraph"><help:switch select="Program"><help:case select="CALC"></help:case><help:case select="DRAW"></help:case><help:case select="IMPRESS"></help:case><help:default>そのほか、<help:popup Id="65619" Eid="rtf">RTF</help:popup> ファイルについてもインポートとエクスポートが行えます。このファイル形式は、各種のアプリケーションやプラットフォームの間で、書式設定を施したテキストデータを交換する場合に利用できます。このようにして、多数のプログラムで読み込み可能なファイル形式が、問題を起こすことなく交換できます。<help:productname>%PRODUCTNAME</help:productname> Calc から <help:link Id="65619" Eid="dde">DDE</help:link> 経由で表計算ドキュメントの一部を <help:productname>%PRODUCTNAME</help:productname> Writer に挿入する場合、クリップボードは RTF 形式を使用します。</help:default></help:switch></text:p>
  <table:table table:name="Tabelle10" table:style-name="Tabelle10">
   <table:table-column table:style-name="Tabelle10.A"/>
   <table:table-column table:style-name="Tabelle10.B"/>
   <table:table-header-rows>
    <table:table-row table:style-name="Tabelle10.1">
     <table:table-cell table:style-name="Tabelle10.A1" table:value-type="string">
      <text:p text:style-name="Paragraph"><draw:image draw:name="マーク0" svg:desc="このマークの付いた段落は、作業をより速くより効率的に行うためのヒントです。" svg:pixelx="32" svg:pixely="32" svg:width="0.847cm" svg:height="0.847cm" xlink:href="66732" draw:filter-name=""/></text:p>

     </table:table-cell>
     <table:table-cell table:style-name="Tabelle10.A1" table:value-type="string">
      <text:p text:style-name="Paragraph">テキストフィルタ <text:span text:style-name="T1">エンコードされたテキスト</text:span> は、別の文字列エンコードの文書ドキュメントを開いたり、保存したりする場合に使います。フィルタにはダイアログがあり、文字列、既定フォント、言語、段落区切りが設定できます。</text:p>
     </table:table-cell>
    </table:table-row>
   </table:table-header-rows>
  </table:table>
  <text:p text:style-name="Head 3"><a name="htmlfilter"/><help:key-word value="インポート; HTML ドキュメント" tag="kw65614_8"/><help:key-word value="エクスポート; HTML ドキュメント" tag="kw65614_7"/><help:key-word value="HTML ドキュメント; インポートとエクスポート" tag="kw65614_6"/>HTML 形式でのインポートとエクスポート</text:p>
  <text:p text:style-name="Paragraph">HTMLドキュメント内の外枠（たとえば段落外枠）をエクスポートする場合には、１ピクセル幅の線がエクスポートされます。それは、Netscape Navigator と Microsoft Internet Explorer がそれよりも細い線を識別しないためです。インポート時には、幅１ピクセルの線が 0.05 pt 幅となります。</text:p>
  <text:p text:style-name="Paragraph"><help:productname>%PRODUCTNAME</help:productname> Writer を使って、脚注および文末脚注をユーザーの HTML ドキュメントに挿入することもできます。これらはメタタグとしてエクスポートされます。脚注記号および文末脚注記号は、ハイパーリンクとしてエクスポートされます。</text:p>
  <text:p text:style-name="Paragraph">不明な記号も HTML ドキュメントに取り込むためには、コメントを使用します。HTML:... で始まり &gt; で終わるすべてのコメントは HTML コードとして扱われますが、この表示はエクスポートされません。HTML:... の後には、複数のタグが並ぶことも可能で、これらの間に任意のテキストがくることもあります。ウムラウトは ANSI 文字列に変換されます。インポート時にもコメントを使用します（ドキュメント情報に場所がないメタタグ用、または不明のタグ用など)。</text:p>
  <text:p text:style-name="Paragraph"><help:key-word value="UTF-8/UCS2 サポート; HTML" tag="kw65614_5"/><help:productname>%PRODUCTNAME</help:productname> Writer の HTML インポートは、UTF-8 または UCS2 の文字コーディングのファイルを読み込むことができます。その際には、ANSI 文字列またはシステムの文字列にあるすべての記号が表示されます。</text:p>
  <text:p text:style-name="Paragraph"><help:key-word value="HTML; エクスポート文字コードセット" tag="kw65614_4"/>HTML へのエクスポートには、メニュー <text:span text:style-name="T1">ツール → オプション → 読み込みと保存 → HTML 互換性</text:span> で選択した文字コードセットが使用されます。そこに含まれていない文字は Ӓ と表示されますが、新しいインターネットブラウザでは正しく表示されます。そのような文字をエクスポートする際には、警告が表示されます。</text:p>
  <text:p text:style-name="Paragraph">メニュー <text:span text:style-name="T1">ツール → オプション → 読み込みと保存 → HTML の互換性</text:span> でエクスポートのオプションとして Netscape Navigator 4.0、Microsoft Internet Explorer 4.0、または <help:productname>%PRODUCTNAME</help:productname> Writer を設定すると、エクスポートの際、大切な文字書式属性（テキストの色、フォントサイズ、太字、斜体など）はすべて直接書式として CSS1 スタイルにエクスポートされます（<help:link Id="65629" Eid="style">CSS</help:link>とは Cascading Style Sheets を意味します）。インポートもこの標準に基づいて行われます。</text:p>
  <text:p text:style-name="Paragraph">「font」属性は Netscape Navigator に準じたもので、フォントサイズの前に「font-style」(italic, none)、「font-variant」(normal, small-caps)、「font-weight」(normal, bold) をオプション指定できます。</text:p>
  <text:unordered-list text:style-name="L1">
   <text:list-item>
    <text:p text:style-name="P2">たとえば「Font: bold italic small-caps 12pt/200% Arial, Helvetica」は、太字、斜体、小型大文字、行間 2 行とされ、フォントファミリは Arial および Helvetica (Arial が使えない場合) とされます。</text:p>
   </text:list-item>
  </text:unordered-list>
  <text:unordered-list text:style-name="L2">
   <text:list-item>
    <text:p text:style-name="P3">「Font: 10pt」は、10pt フォントで太字、斜体、小型大文字をオフにしたものとされます。</text:p>
   </text:list-item>
  </text:unordered-list>
  <text:p text:style-name="Paragraph">エクスポートオプションとして Microsoft Internet Explorer 4.0 または <help:productname>%PRODUCTNAME</help:productname> Writer が設定されている場合、コントロールのサイズとコントロールから本文までの間隔は、スタイル（印刷書式）としてエクスポートされます。サイズに関しては CSS1 属性 width と height が適用されます。すべてのページで間隔が等しい場合には属性 margin、等しくない場合には属性 margin-left、margin-right、margin-top、margin-bottom を使用します。</text:p>
  <text:p text:style-name="Paragraph">図<help:switch select="System"><help:case select ="WIN">、<help:link Id="65629" Eid="plugin">プラグイン</help:link></help:case></help:switch>、および<help:link Id="65629" Eid="applet">アプレット</help:link>から本文までの間隔は、<help:productname>%PRODUCTNAME</help:productname> Writer および Microsoft Internet Explorer 4.0 では個別に設定できます。上下または左右の間隔が異なる設定の場合、間隔は CSS1 属性 margin-top、margin-bottom、margin-left、または margin-right として該当タグの STYLE オプションでエクスポートされます。</text:p>
  <text:p text:style-name="Paragraph">絶対位置のオブジェクトに対する CSS1 拡張の適用により、テキスト枠もサポートされます。ただしこれはエクスポートブラウザの Netscape Navigator 4.0、Microsoft Internet Explorer 4.0、および <help:productname>%PRODUCTNAME</help:productname> Writer にのみ該当します。図、<help:switch select="System"><help:case select ="WIN">プラグイン、</help:case></help:switch>アプレット、フローティングフレームのようなテキスト枠は配置できますが、文字に結合している枠はできません。</text:p>
  <text:p text:style-name="Paragraph">段組み構成でないテキスト枠は、&lt;SPAN&gt; または &lt;DIV&gt; タグとしてエクスポートされます。段組み構成の場合には、&lt;MULTICOL&gt; としてエクスポートされます。</text:p>
  <text:p text:style-name="Paragraph">HTML エクスポートの際には、<help:productname>%PRODUCTNAME</help:productname> で現在設定されている単位が CSS1 属性に使用されます。この単位は、メニュー <text:span text:style-name="T1">ツール → オプション → 文書ドキュメント → 全般</text:span> およびメニュー <text:span text:style-name="T1">ツール → オプション → HTML ドキュメント → 表示</text:span> で、文書ドキュメントと HTML ドキュメント用に別々に設定できます。エクスポートする小数点以下の桁数は、次の単位に基づきます。</text:p>
  <table:table table:name="Tabelle1" table:style-name="Tabelle1">
   <table:table-column table:style-name="Tabelle1.A"/>
   <table:table-column table:style-name="Tabelle1.B"/>
   <table:table-column table:style-name="Tabelle1.C"/>
   <table:table-header-rows>
    <table:table-row>
     <table:table-cell table:style-name="Tabelle1.A1" table:value-type="string">
      <text:p text:style-name="TableHead">単位</text:p>
     </table:table-cell>
     <table:table-cell table:style-name="Tabelle1.A1" table:value-type="string">
      <text:p text:style-name="TableHead">CSS1 での単位名</text:p>
     </table:table-cell>
     <table:table-cell table:style-name="Tabelle1.C1" table:value-type="string">
      <text:p text:style-name="TableHead">小数点以下の最大桁数</text:p>
     </table:table-cell>
    </table:table-row>
   </table:table-header-rows>
   <table:table-row>
    <table:table-cell table:style-name="Tabelle1.A2" table:value-type="string">
     <text:p text:style-name="TextInTable">ミリメートル</text:p>
    </table:table-cell>
    <table:table-cell table:style-name="Tabelle1.A2" table:value-type="string">
     <text:p text:style-name="TextInTable">mm</text:p>
    </table:table-cell>
    <table:table-cell table:style-name="Tabelle1.C2" table:value-type="string">
     <text:p text:style-name="TextInTable">2</text:p>
    </table:table-cell>
   </table:table-row>
   <table:table-row>
    <table:table-cell table:style-name="Tabelle1.A2" table:value-type="string">
     <text:p text:style-name="TextInTable">センチメートル</text:p>
    </table:table-cell>
    <table:table-cell table:style-name="Tabelle1.A2" table:value-type="string">
     <text:p text:style-name="TextInTable">cm</text:p>
    </table:table-cell>
    <table:table-cell table:style-name="Tabelle1.C2" table:value-type="string">
     <text:p text:style-name="TextInTable">2</text:p>
    </table:table-cell>
   </table:table-row>
   <table:table-row>
    <table:table-cell table:style-name="Tabelle1.A2" table:value-type="string">
     <text:p text:style-name="TextInTable">インチ</text:p>
    </table:table-cell>
    <table:table-cell table:style-name="Tabelle1.A2" table:value-type="string">
     <text:p text:style-name="TextInTable">in</text:p>
    </table:table-cell>
    <table:table-cell table:style-name="Tabelle1.C2" table:value-type="string">
     <text:p text:style-name="TextInTable">2</text:p>
    </table:table-cell>
   </table:table-row>
   <table:table-row>
    <table:table-cell table:style-name="Tabelle1.A2" table:value-type="string">
     <text:p text:style-name="TextInTable">パイカ</text:p>
    </table:table-cell>
    <table:table-cell table:style-name="Tabelle1.A2" table:value-type="string">
     <text:p text:style-name="TextInTable">pc</text:p>
    </table:table-cell>
    <table:table-cell table:style-name="Tabelle1.C2" table:value-type="string">
     <text:p text:style-name="TextInTable">2</text:p>
    </table:table-cell>
   </table:table-row>
   <table:table-row>
    <table:table-cell table:style-name="Tabelle1.A2" table:value-type="string">
     <text:p text:style-name="TextInTable">ポイント</text:p>
    </table:table-cell>
    <table:table-cell table:style-name="Tabelle1.A2" table:value-type="string">
     <text:p text:style-name="TextInTable">pt</text:p>
    </table:table-cell>
    <table:table-cell table:style-name="Tabelle1.C2" table:value-type="string">
     <text:p text:style-name="TextInTable">1</text:p>
    </table:table-cell>
   </table:table-row>
  </table:table>
  <text:p text:style-name="Paragraph"><help:productname>%PRODUCTNAME</help:productname> の Web ページフィルタは、CSS2 のいくつかの機能をサポートしています。この機能を利用するためには、メニュー <text:span text:style-name="T1">ツール → オプション → 読み込みと保存 → HTML の互換性</text:span> で印刷レイアウトのエクスポートをオンにする必要があります。その場合、HTML ドキュメントで HTML のページスタイルの他にスタイル「最初のページ」、「左ページ」、「右ページ」も使用できます。このスタイルを使用すると、最初のページ用、左、または右ページ用に異なるページサイズや余白が指定でき、印刷の際に便利です。</text:p>
  <text:p text:style-name="Head 3">番号付けのインポートとエクスポート</text:p>
  <text:p text:style-name="Paragraph">メニュー <text:span text:style-name="T1">ツール → オプション → 読み込みと保存 → HTML の互換性</text:span> で <help:productname>%PRODUCTNAME</help:productname> Writer または Internet Explorer のエクスポートオプションを選択すると、番号付けのインデントは CSS1 属性 margin-left として &lt;OL&gt; と &lt;UL&gt; タグの STYLE 属性でエクスポートされます。プロパティによって１つ上のレベルのインデントとの差が求められます。</text:p>
  <text:p text:style-name="Paragraph">左の段落インデントは、番号付けの中で margin-left CSS1 プロパティとして表示されます。番号付けの１行目のインデントは無視されるため、エクスポートされません。</text:p>
  <text:p text:style-name="Head 3">表計算ファイルのインポートとエクスポート</text:p>
  <text:p text:style-name="Paragraph">削除されたセクション (参照先の列など) への参照をインポートおよびエクスポートします。参照のエクスポートプロセス中に、数式全体を表示できます。削除済の参照には、標識 (#REF!) が表示されます。インポート中に、各参照に対応して #REF! が挿入されます。</text:p>
  <text:p text:style-name="Head 3">画像ファイルのインポートとエクスポート</text:p>
  <text:p text:style-name="Paragraph">HTML ドキュメントと同様に、<help:productname>%PRODUCTNAME</help:productname> の画像ファイルを開く際には、名前に追加（<help:productname>%PRODUCTNAME</help:productname> Impress）の付いたフィルタを使用するか、付いていないフィルタを使用するかが指定ができます。追加の付いていないフィルタを使用する場合、ファイルは <help:productname>%PRODUCTNAME</help:productname> Draw ドキュメントとして開かれ、追加の付いたフィルタを使用する場合、旧プログラムバージョンで保存されたファイルが <help:productname>%PRODUCTNAME</help:productname> Impress で開かれ、そのドキュメントはプレゼンテーション用などに使用できます。</text:p>
  <text:p text:style-name="Paragraph">EPS ファイルをインポートする場合は、図の内容がドキュメントにプレビュー表示されます。プレビューができない場合は、該当するサイズのプレースホルダがドキュメントに表示されます。Unix および Microsoft Windows 環境の場合は、インポートしたファイルを PostScript プリンタで印刷できます。<help:switch select="System"><help:case select ="UNIX"></help:case><help:default>これ以外のプリンタでは、プレビュー画面が印刷されます。</help:default></help:switch>EPS 画像をエクスポートする場合は、プレビューを作成した TIFF または EPSI 形式とされます。EPS 画像を他のグラフィックスと一緒に EPS 形式としてエクスポートした場合、このファイルはそのまま新規ファイルに埋め込まれます。</text:p>
  <text:p text:style-name="Paragraph">TIFF 書式グラフィックのインポートおよびエクスポートは、いわゆるマルチページ TIFF にも対応します。これは１つのファイル、たとえばファックスの１ページ上にある画像の集まりです。</text:p>
  <text:p text:style-name="Paragraph"><help:productname>%PRODUCTNAME</help:productname> Draw および <help:productname>%PRODUCTNAME</help:productname> Impress のオプションの中には、メニュー <text:span text:style-name="T1">ファイル → エクスポート</text:span> で設定するものがあります。</text:p>
  <text:p text:style-name="Head 3"><help:key-word value="PostScript; ファイルの作成" tag="kw65614_3"/><help:key-word value="エクスポート; PostScript" tag="kw65614_2"/>PostScript</text:p>
  <text:p text:style-name="Paragraph">ドキュメントまたは図を PostScript 形式でエクスポートするには、次の手順に従います。</text:p>
  <text:ordered-list text:style-name="L3">
   <text:list-item>
    <text:p text:style-name="P4">Apple LaserWriter 用ドライバのような PostScript プリンタドライバをインストールします。</text:p>
   </text:list-item>
   <text:list-item>
    <text:p text:style-name="P4">メニュー <text:span text:style-name="T1">ファイル → 印刷</text:span> を選択してドキュメントを印刷します。</text:p>
   </text:list-item>
   <text:list-item>
    <text:p text:style-name="P4">ダイアログで PostScript プリンタを選択し、チェックボックス <text:span text:style-name="T1">ファイルへ出力</text:span> をオンにします。PostScript ファイルが作成されます。</text:p>
   </text:list-item>
  </text:ordered-list>
 </office:body>
</office:document>
