

<office:document  xmlns:office="http://openoffice.org/2000/office" xmlns:style="http://openoffice.org/2000/style" xmlns:text="http://openoffice.org/2000/text" xmlns:table="http://openoffice.org/2000/table" xmlns:draw="http://openoffice.org/2000/drawing" xmlns:fo="http://www.w3.org/1999/XSL/Format" xmlns:xlink="http://www.w3.org/1999/xlink" xmlns:number="http://openoffice.org/2000/datastyle" xmlns:svg="http://www.w3.org/2000/svg" xmlns:chart="http://openoffice.org/2000/chart" xmlns:dr3d="http://openoffice.org/2000/dr3d" xmlns:math="http://www.w3.org/1998/Math/MathML" xmlns:form="http://openoffice.org/2000/form" xmlns:script="http://openoffice.org/2000/script" office:class="text" office:version="1.0" xmlns:dc="http://purl.org/dc/elements/1.1/" xmlns:meta="http://openoffice.org/2000/meta" xmlns:help="http://openoffice.org/2000/help">
<office:meta>
  <dc:description>text/common/00/00040501</dc:description>
  <dc:subject>メニュー 書式</dc:subject>
  <meta:keywords>
   <meta:keyword>$Version</meta:keyword>
  </meta:keywords>
  <dc:language>ja-JP</dc:language>
  <meta:user-defined meta:name="Info 0">READY</meta:user-defined>
  <meta:user-defined meta:name="Info 1">FREE_OK</meta:user-defined>
  <meta:user-defined meta:name="Info 2">NOINDEX</meta:user-defined>
  <meta:user-defined meta:name="Info 3"/>
</office:meta>
 <office:script/>
 <office:font-decls>
  <style:font-decl style:name="StarSymbol" fo:font-family="StarSymbol" style:font-charset="x-symbol"/>
  <style:font-decl style:name="Courier New" fo:font-family="&apos;Courier New&apos;" style:font-style-name="Standard" style:font-family-generic="modern" style:font-pitch="fixed"/>
  <style:font-decl style:name="Courier" fo:font-family="Courier" style:font-family-generic="roman" style:font-pitch="fixed"/>
  <style:font-decl style:name="Andale WT UI3" fo:font-family="&apos;Andale WT UI&apos;" style:font-pitch="variable"/>
  <style:font-decl style:name="Arial Unicode MS" fo:font-family="&apos;Arial Unicode MS&apos;" style:font-pitch="variable"/>
  <style:font-decl style:name="HG Mincho Light J" fo:font-family="&apos;HG Mincho Light J&apos;" style:font-pitch="variable"/>
  <style:font-decl style:name="Andale WT UI" fo:font-family="&apos;Andale WT UI&apos;" style:font-style-name="Fett" style:font-family-generic="roman" style:font-pitch="variable"/>
  <style:font-decl style:name="Andale WT UI1" fo:font-family="&apos;Andale WT UI&apos;" style:font-style-name="Standard" style:font-family-generic="roman" style:font-pitch="variable"/>
  <style:font-decl style:name="Thorndale" fo:font-family="Thorndale" style:font-family-generic="roman" style:font-pitch="variable"/>
  <style:font-decl style:name="Times New Roman" fo:font-family="&apos;Times New Roman&apos;" style:font-style-name="Fett" style:font-family-generic="roman" style:font-pitch="variable"/>
  <style:font-decl style:name="Andale WT UI2" fo:font-family="&apos;Andale WT UI&apos;" style:font-family-generic="swiss" style:font-pitch="variable"/>
 </office:font-decls>
 <office:automatic-styles>
  <style:style style:name="Tabelle42" style:family="table">
   <style:properties style:width="18cm" table:align="margins"/>
  </style:style>
  <style:style style:name="Tabelle42.A" style:family="table-column">
   <style:properties style:column-width="1.499cm" style:rel-column-width="5461*"/>
  </style:style>
  <style:style style:name="Tabelle42.B" style:family="table-column">
   <style:properties style:column-width="16.501cm" style:rel-column-width="60074*"/>
  </style:style>
  <style:style style:name="Tabelle15" style:family="table">
   <style:properties style:width="18cm" table:align="margins"/>
  </style:style>
  <style:style style:name="Tabelle15.A" style:family="table-column">
   <style:properties style:column-width="1.499cm" style:rel-column-width="5461*"/>
  </style:style>
  <style:style style:name="Tabelle15.B" style:family="table-column">
   <style:properties style:column-width="16.501cm" style:rel-column-width="60074*"/>
  </style:style>
  <style:style style:name="Tabelle16" style:family="table">
   <style:properties style:width="18cm" table:align="margins"/>
  </style:style>
  <style:style style:name="Tabelle16.A" style:family="table-column">
   <style:properties style:column-width="1.499cm" style:rel-column-width="5461*"/>
  </style:style>
  <style:style style:name="Tabelle16.B" style:family="table-column">
   <style:properties style:column-width="16.501cm" style:rel-column-width="60074*"/>
  </style:style>
  <style:style style:name="Tabelle17" style:family="table">
   <style:properties style:width="18cm" table:align="margins"/>
  </style:style>
  <style:style style:name="Tabelle17.A" style:family="table-column">
   <style:properties style:column-width="1.499cm" style:rel-column-width="5461*"/>
  </style:style>
  <style:style style:name="Tabelle17.B" style:family="table-column">
   <style:properties style:column-width="16.501cm" style:rel-column-width="60074*"/>
  </style:style>
  <style:style style:name="Tabelle18" style:family="table">
   <style:properties style:width="18cm" table:align="margins"/>
  </style:style>
  <style:style style:name="Tabelle18.A" style:family="table-column">
   <style:properties style:column-width="1.499cm" style:rel-column-width="5461*"/>
  </style:style>
  <style:style style:name="Tabelle18.B" style:family="table-column">
   <style:properties style:column-width="16.501cm" style:rel-column-width="60074*"/>
  </style:style>
  <style:style style:name="Tabelle20" style:family="table">
   <style:properties style:width="18cm" table:align="margins"/>
  </style:style>
  <style:style style:name="Tabelle20.A" style:family="table-column">
   <style:properties style:column-width="1.499cm" style:rel-column-width="5461*"/>
  </style:style>
  <style:style style:name="Tabelle20.B" style:family="table-column">
   <style:properties style:column-width="16.501cm" style:rel-column-width="60074*"/>
  </style:style>
  <style:style style:name="Tabelle19" style:family="table">
   <style:properties style:width="18cm" table:align="margins"/>
  </style:style>
  <style:style style:name="Tabelle19.A" style:family="table-column">
   <style:properties style:column-width="1.499cm" style:rel-column-width="5461*"/>
  </style:style>
  <style:style style:name="Tabelle19.B" style:family="table-column">
   <style:properties style:column-width="16.501cm" style:rel-column-width="60074*"/>
  </style:style>
  <style:style style:name="Tabelle21" style:family="table">
   <style:properties style:width="18cm" table:align="margins"/>
  </style:style>
  <style:style style:name="Tabelle21.A" style:family="table-column">
   <style:properties style:column-width="1.499cm" style:rel-column-width="5461*"/>
  </style:style>
  <style:style style:name="Tabelle21.B" style:family="table-column">
   <style:properties style:column-width="16.501cm" style:rel-column-width="60074*"/>
  </style:style>
  <style:style style:name="Tabelle22" style:family="table">
   <style:properties style:width="18cm" table:align="margins"/>
  </style:style>
  <style:style style:name="Tabelle22.A" style:family="table-column">
   <style:properties style:column-width="1.499cm" style:rel-column-width="5461*"/>
  </style:style>
  <style:style style:name="Tabelle22.B" style:family="table-column">
   <style:properties style:column-width="16.501cm" style:rel-column-width="60074*"/>
  </style:style>
  <style:style style:name="Tabelle29" style:family="table">
   <style:properties style:width="17.995cm" fo:margin-left="0cm" fo:margin-right="0.005cm" table:align="margins"/>
  </style:style>
  <style:style style:name="Tabelle29.A" style:family="table-column">
   <style:properties style:column-width="1.501cm" style:rel-column-width="5466*"/>
  </style:style>
  <style:style style:name="Tabelle29.B" style:family="table-column">
   <style:properties style:column-width="16.494cm" style:rel-column-width="60069*"/>
  </style:style>
  <style:style style:name="Tabelle8" style:family="table">
   <style:properties style:width="18cm" table:align="margins"/>
  </style:style>
  <style:style style:name="Tabelle8.A" style:family="table-column">
   <style:properties style:column-width="1.501cm" style:rel-column-width="5466*"/>
  </style:style>
  <style:style style:name="Tabelle8.B" style:family="table-column">
   <style:properties style:column-width="16.499cm" style:rel-column-width="60069*"/>
  </style:style>
  <style:style style:name="Tabelle12" style:family="table">
   <style:properties style:width="18cm" table:align="margins"/>
  </style:style>
  <style:style style:name="Tabelle12.A" style:family="table-column">
   <style:properties style:column-width="1.501cm" style:rel-column-width="5466*"/>
  </style:style>
  <style:style style:name="Tabelle12.B" style:family="table-column">
   <style:properties style:column-width="16.499cm" style:rel-column-width="60069*"/>
  </style:style>
  <style:style style:name="Tabelle13" style:family="table">
   <style:properties style:width="18cm" table:align="margins"/>
  </style:style>
  <style:style style:name="Tabelle13.A" style:family="table-column">
   <style:properties style:column-width="1.501cm" style:rel-column-width="5466*"/>
  </style:style>
  <style:style style:name="Tabelle13.B" style:family="table-column">
   <style:properties style:column-width="16.499cm" style:rel-column-width="60069*"/>
  </style:style>
  <style:style style:name="Tabelle9" style:family="table">
   <style:properties style:width="18cm" table:align="margins"/>
  </style:style>
  <style:style style:name="Tabelle9.A" style:family="table-column">
   <style:properties style:column-width="1.501cm" style:rel-column-width="5465*"/>
  </style:style>
  <style:style style:name="Tabelle9.B" style:family="table-column">
   <style:properties style:column-width="16.499cm" style:rel-column-width="60070*"/>
  </style:style>
  <style:style style:name="Tabelle10" style:family="table">
   <style:properties style:width="18cm" table:align="margins"/>
  </style:style>
  <style:style style:name="Tabelle10.A" style:family="table-column">
   <style:properties style:column-width="1.501cm" style:rel-column-width="5465*"/>
  </style:style>
  <style:style style:name="Tabelle10.B" style:family="table-column">
   <style:properties style:column-width="16.499cm" style:rel-column-width="60070*"/>
  </style:style>
  <style:style style:name="Tabelle11" style:family="table">
   <style:properties style:width="18cm" table:align="margins"/>
  </style:style>
  <style:style style:name="Tabelle11.A" style:family="table-column">
   <style:properties style:column-width="1.501cm" style:rel-column-width="5466*"/>
  </style:style>
  <style:style style:name="Tabelle11.B" style:family="table-column">
   <style:properties style:column-width="16.499cm" style:rel-column-width="60069*"/>
  </style:style>
  <style:style style:name="Tabelle1" style:family="table">
   <style:properties style:width="18cm" table:align="margins"/>
  </style:style>
  <style:style style:name="Tabelle1.A" style:family="table-column">
   <style:properties style:column-width="1.499cm" style:rel-column-width="5459*"/>
  </style:style>
  <style:style style:name="Tabelle1.B" style:family="table-column">
   <style:properties style:column-width="16.501cm" style:rel-column-width="60076*"/>
  </style:style>
  <style:style style:name="Tabelle2" style:family="table">
   <style:properties style:width="18cm" table:align="margins"/>
  </style:style>
  <style:style style:name="Tabelle2.A" style:family="table-column">
   <style:properties style:column-width="1.501cm" style:rel-column-width="5465*"/>
  </style:style>
  <style:style style:name="Tabelle2.B" style:family="table-column">
   <style:properties style:column-width="16.499cm" style:rel-column-width="60070*"/>
  </style:style>
  <style:style style:name="Tabelle4" style:family="table">
   <style:properties style:width="18cm" table:align="margins"/>
  </style:style>
  <style:style style:name="Tabelle4.A" style:family="table-column">
   <style:properties style:column-width="1.501cm" style:rel-column-width="5465*"/>
  </style:style>
  <style:style style:name="Tabelle4.B" style:family="table-column">
   <style:properties style:column-width="16.499cm" style:rel-column-width="60070*"/>
  </style:style>
  <style:style style:name="Tabelle5" style:family="table">
   <style:properties style:width="18cm" table:align="margins"/>
  </style:style>
  <style:style style:name="Tabelle5.A" style:family="table-column">
   <style:properties style:column-width="1.501cm" style:rel-column-width="5465*"/>
  </style:style>
  <style:style style:name="Tabelle5.B" style:family="table-column">
   <style:properties style:column-width="16.499cm" style:rel-column-width="60070*"/>
  </style:style>
  <style:style style:name="Tabelle6" style:family="table">
   <style:properties style:width="18cm" table:align="margins"/>
  </style:style>
  <style:style style:name="Tabelle6.A" style:family="table-column">
   <style:properties style:column-width="1.501cm" style:rel-column-width="5465*"/>
  </style:style>
  <style:style style:name="Tabelle6.B" style:family="table-column">
   <style:properties style:column-width="16.499cm" style:rel-column-width="60070*"/>
  </style:style>
  <style:style style:name="Tabelle7" style:family="table">
   <style:properties style:width="18cm" table:align="margins"/>
  </style:style>
  <style:style style:name="Tabelle7.A" style:family="table-column">
   <style:properties style:column-width="1.501cm" style:rel-column-width="5465*"/>
  </style:style>
  <style:style style:name="Tabelle7.B" style:family="table-column">
   <style:properties style:column-width="16.499cm" style:rel-column-width="60070*"/>
  </style:style>
  <style:style style:name="Tabelle3" style:family="table">
   <style:properties style:width="18cm" table:align="margins"/>
  </style:style>
  <style:style style:name="Tabelle3.A" style:family="table-column">
   <style:properties style:column-width="1.501cm" style:rel-column-width="5466*"/>
  </style:style>
  <style:style style:name="Tabelle3.B" style:family="table-column">
   <style:properties style:column-width="16.499cm" style:rel-column-width="60069*"/>
  </style:style>
  <style:style style:name="Tabelle14" style:family="table">
   <style:properties style:width="18cm" table:align="margins"/>
  </style:style>
  <style:style style:name="Tabelle14.A" style:family="table-column">
   <style:properties style:column-width="1.501cm" style:rel-column-width="5466*"/>
  </style:style>
  <style:style style:name="Tabelle14.B" style:family="table-column">
   <style:properties style:column-width="16.499cm" style:rel-column-width="60069*"/>
  </style:style>
  <style:style style:name="P1" style:family="paragraph" style:parent-style-name="Paragraph" style:master-page-name="HTML">
   <style:properties style:page-number="0"/>
  </style:style>
  <style:style style:name="T1" style:family="text">
   <style:properties fo:font-weight="bold"/>
  </style:style>
  <style:style style:name="fr1" style:family="graphics" style:parent-style-name="Graphics">
   <style:properties style:wrap="run-through" style:horizontal-pos="left" style:horizontal-rel="paragraph" style:mirror="none" fo:clip="rect(0cm 0cm 0cm 0cm)" draw:luminance="0%" draw:contrast="0%" draw:red="0%" draw:green="0%" draw:blue="0%" draw:gamma="1" draw:color-inversion="false" draw:transparency="-100%" draw:color-mode="standard"/>
  </style:style>
  <style:style style:name="fr2" style:family="graphics" style:parent-style-name="Graphics">
   <style:properties style:run-through="foreground" style:wrap="run-through" style:vertical-pos="top" style:vertical-rel="paragraph" style:horizontal-pos="left" style:horizontal-rel="paragraph" style:mirror="none" fo:clip="rect(0cm 0cm 0cm 0cm)" draw:luminance="0%" draw:contrast="0%" draw:red="0%" draw:green="0%" draw:blue="0%" draw:gamma="1" draw:color-inversion="false" draw:transparency="-100%" draw:color-mode="standard"/>
  </style:style>
  <style:style style:name="fr3" style:family="graphics" style:parent-style-name="Graphics">
   <style:properties style:run-through="foreground" style:wrap="run-through" style:horizontal-pos="left" style:horizontal-rel="paragraph" style:mirror="none" fo:clip="rect(0cm 0cm 0cm 0cm)" draw:luminance="0%" draw:contrast="0%" draw:red="0%" draw:green="0%" draw:blue="0%" draw:gamma="1" draw:color-inversion="false" draw:transparency="-100%" draw:color-mode="standard"/>
  </style:style>
 </office:automatic-styles>
 <office:body>
  <text:variable-decls>
   <text:variable-decl text:value-type="string" text:name="HTML_ON"/>
   <text:variable-decl text:value-type="string" text:name="HTML_OFF"/>
   <text:variable-decl text:value-type="string" text:name="TITEL"/>
   <text:variable-decl text:value-type="string" text:name="END"/>
   <text:variable-decl text:value-type="string" text:name="OS2"/>
   <text:variable-decl text:value-type="string" text:name="ELSE"/>
   <text:variable-decl text:value-type="string" text:name="NAME"/>
   <text:variable-decl text:value-type="string" text:name="MAC"/>
   <text:variable-decl text:value-type="string" text:name="HREF"/>
   <text:variable-decl text:value-type="string" text:name="MODIFY"/>
   <text:variable-decl text:value-type="string" text:name="REFNR"/>
   <text:variable-decl text:value-type="string" text:name="HFELD"/>
   <text:variable-decl text:value-type="string" text:name="STYLE"/>
  </text:variable-decls>
  <text:sequence-decls>
   <text:sequence-decl text:display-outline-level="0" text:name="Illustration"/>
   <text:sequence-decl text:display-outline-level="0" text:name="Table"/>
   <text:sequence-decl text:display-outline-level="0" text:name="Text"/>
   <text:sequence-decl text:display-outline-level="0" text:name="Drawing"/>
  </text:sequence-decls>
  <text:p text:style-name="P1"/>
  <text:p text:style-name="Head 1">メニュー 書式</text:p>
  <text:p text:style-name="Paragraph"><help:to-popup Eid="aupitab"><text:span text:style-name="T1">標準</text:span>ツールバーから<text:span text:style-name="T1">フォームの機能</text:span>可動ツールバーを開きます。次に、アイコン <text:span text:style-name="T1">テーブルコントロール</text:span> をクリックし、マウスをドラッグしてフィールドを作成します。</help:to-popup></text:p>
  <text:p text:style-name="Paragraph"><help:to-popup Eid="aupitab1"><text:span text:style-name="T1">標準</text:span>ツールバーから<text:span text:style-name="T1">フォームの機能</text:span>可動ツールバーを開きます。次に、アイコン <text:span text:style-name="T1">テーブルコントロール</text:span> をクリックし、マウスをドラッグしてフィールドを作成します。現在のフォーム内で、許可されたデータベース接続が存在しません。</help:to-popup></text:p>
  <text:p text:style-name="Paragraph"><help:to-popup Eid="aupitab2"><text:span text:style-name="T1">標準</text:span>ツールバーから<text:span text:style-name="T1">フォームの機能</text:span>可動ツールバーを開きます。次に、アイコン <text:span text:style-name="T1">テーブルコントロール</text:span> をクリックし、マウスをドラッグしてフィールドを作成します。データベース接続が存在する必要があります。</help:to-popup></text:p>
  <text:p text:style-name="Paragraph"><help:to-popup Eid="aupikomli"><text:span text:style-name="T1">標準</text:span>ツールバーから<text:span text:style-name="T1">フォームの機能</text:span>可動ツールバーを開きます。次に、アイコン <text:span text:style-name="T1">リストボックス</text:span> をクリックし、マウスをドラッグしてフィールドを作成します。フォーム内にデータベース接続が存在する必要があります。</help:to-popup></text:p>
  <text:p text:style-name="Paragraph"><help:to-popup Eid="aupikomli1"><text:span text:style-name="T1">標準</text:span>ツールバーから<text:span text:style-name="T1">フォームの機能</text:span>可動ツールバーを開きます。次に、アイコン <text:span text:style-name="T1">リストボックス</text:span> をクリックし、マウスをドラッグしてフィールドを作成します。フォーム内にデータベース接続が存在する必要があります。オートパイロット - 1 ページ</help:to-popup></text:p>
  <text:p text:style-name="Paragraph"><help:to-popup Eid="aupikomli2"><text:span text:style-name="T1">標準</text:span>ツールバーから<text:span text:style-name="T1">フォームの機能</text:span>可動ツールバーを開きます。次に、アイコン <text:span text:style-name="T1">リストボックス</text:span> をクリックし、マウスをドラッグしてフィールドを作成します。フォーム内にデータベース接続が存在する必要があります。オートパイロット - 2 ページ</help:to-popup></text:p>
  <text:p text:style-name="Paragraph"><help:to-popup Eid="aupikomli3a"><text:span text:style-name="T1">標準</text:span>ツールバーから<text:span text:style-name="T1">フォームの機能</text:span>可動ツールバーを開きます。次に、アイコン <text:span text:style-name="T1">リストボックス</text:span> をクリックし、マウスをドラッグしてフィールドを作成します。フォーム内にデータベース接続が存在する必要があります。オートパイロット - 3 ページ</help:to-popup></text:p>
  <text:p text:style-name="Paragraph"><help:to-popup Eid="aupikomli3b"><text:span text:style-name="T1">標準</text:span>ツールバーから<text:span text:style-name="T1">フォームの機能</text:span>可動ツールバーを開きます。次に、アイコン <text:span text:style-name="T1">コンボボックス</text:span> をクリックし、マウスをドラッグしてフィールドを作成します。フォーム内にデータベース接続が存在する必要があります。オートパイロット - 3 ページ</help:to-popup></text:p>
  <help:to-popup Eid="kontroll">
  <text:p text:style-name="Paragraph"><text:span text:style-name="T1">マクロ</text:span>バーから<text:span text:style-name="T1">コントロール</text:span>可動ツールバーを開きます。</text:p>
  <a name="sykontroll"/>
  <table:table table:name="Tabelle42" table:style-name="Tabelle42">
   <table:table-column table:style-name="Tabelle42.A"/>
   <table:table-column table:style-name="Tabelle42.B"/>
   <table:table-header-rows>
    <table:table-row>
     <table:table-cell table:value-type="string">
      <text:p text:style-name="Paragraph"><draw:image draw:name="マーク0" svg:desc="マーク" svg:pixelx="25" svg:pixely="25" svg:width="0.661cm" svg:height="0.661cm" xlink:href="65821" draw:filter-name=""/></text:p>

     </table:table-cell>
     <table:table-cell table:value-type="string">
      <text:p text:style-name="Paragraph">属性</text:p>
     </table:table-cell>
    </table:table-row>
   </table:table-header-rows>
  </table:table>
  </help:to-popup>
  <help:to-popup Eid="formulareigenschaften">
  <text:p text:style-name="Paragraph">メニュー <text:span text:style-name="T1">書式 → フォーム...</text:span></text:p>
  <text:p text:style-name="Paragraph">選択したフォーム要素のコンテキストメニュー <text:span text:style-name="T1">フォーム...</text:span></text:p>
  <text:p text:style-name="Paragraph">標準ツールバーから開く <text:span text:style-name="T1">フォームの機能</text:span> 可動ツールバーのアイコン、およびデザインモードのオブジェクトバーにあるアイコン</text:p>
  <help:to-be-embedded Eid="syformulareigenschaften">
  <table:table table:name="Tabelle15" table:style-name="Tabelle15">
   <table:table-column table:style-name="Tabelle15.A"/>
   <table:table-column table:style-name="Tabelle15.B"/>
   <table:table-header-rows>
    <table:table-row>
     <table:table-cell table:value-type="string">
      <text:p text:style-name="Paragraph"><draw:image draw:name="マーク1" svg:desc="マーク" svg:pixelx="25" svg:pixely="25" svg:width="0.661cm" svg:height="0.661cm" xlink:href="65887" draw:filter-name=""/></text:p>

     </table:table-cell>
     <table:table-cell table:value-type="string">
      <text:p text:style-name="Paragraph">フォームの属性</text:p>
     </table:table-cell>
    </table:table-row>
   </table:table-header-rows>
  </table:table>
  </help:to-be-embedded></help:to-popup>
  <help:to-popup Eid="formulareigenschaftenallgemein">
  <text:p text:style-name="Paragraph">メニュー <text:span text:style-name="T1">書式 → フォーム...</text:span> 見出し <text:span text:style-name="T1">全般</text:span></text:p>
  <text:p text:style-name="Paragraph">選択したフォーム要素のコンテキストメニュー <text:span text:style-name="T1">フォーム...</text:span> 見出し <text:span text:style-name="T1">全般</text:span></text:p>
  <text:p text:style-name="Paragraph"><text:span text:style-name="T1">標準</text:span>ツールバーから<text:span text:style-name="T1">フォームの機能</text:span>可動ツールバーを開くか、<text:span text:style-name="T1">デザインモードオブジェクト</text:span>バー上で、アイコン <text:span text:style-name="T1">フォームの属性</text:span> をクリックします。次に、見出し <text:span text:style-name="T1">全般</text:span> をクリックします。</text:p>
  </help:to-popup>
  <help:to-popup Eid="formulareigenschaftendaten">
  <text:p text:style-name="Paragraph">メニュー <text:span text:style-name="T1">書式 → フォーム...</text:span> 見出し<text:span text:style-name="T1">配列</text:span></text:p>
  <text:p text:style-name="Paragraph">選択したフォーム要素のコンテキストメニュー <text:span text:style-name="T1">フォーム...</text:span> 見出し <text:span text:style-name="T1">配列</text:span></text:p>
  <text:p text:style-name="Paragraph"><text:span text:style-name="T1">標準</text:span>ツールバーから<text:span text:style-name="T1">フォームの機能</text:span>可動ツールバーを開くか、<text:span text:style-name="T1">デザインモードオブジェクト</text:span>バー上で、アイコン <text:span text:style-name="T1">フォームの属性</text:span> をクリックします。次に、見出し <text:span text:style-name="T1">データ</text:span> をクリックします。</text:p>
  </help:to-popup>
  <help:to-popup Eid="formulareigenschaftenereignisse">
  <text:p text:style-name="Paragraph">メニュー　<text:span text:style-name="T1">書式 → フォーム...</text:span> 見出し <text:span text:style-name="T1">イベント</text:span></text:p>
  <text:p text:style-name="Paragraph">選択したフォーム要素のコンテキストメニュー <text:span text:style-name="T1">フォーム ...</text:span> 見出し <text:span text:style-name="T1">イベント</text:span></text:p>
  <text:p text:style-name="Paragraph"><text:span text:style-name="T1">標準</text:span>ツールバーから<text:span text:style-name="T1">フォームの機能</text:span>可動ツールバーを開くか、<text:span text:style-name="T1">デザインモードオブジェクト</text:span>バー上で、アイコン <text:span text:style-name="T1">フォームの属性</text:span> をクリックします。次に、見出し <text:span text:style-name="T1">イベント</text:span> をクリックします。</text:p>
  </help:to-popup>
  <help:to-popup Eid="controleigenschaften">
  <text:p text:style-name="Paragraph">メニュー <text:span text:style-name="T1">書式 → コントロール...</text:span></text:p>
  <text:p text:style-name="Paragraph">選択したフォーム要素のコンテキストメニュー <text:span text:style-name="T1">コントロール...</text:span></text:p>
  <text:p text:style-name="Paragraph"><text:span text:style-name="T1">標準</text:span>ツールバーから<text:span text:style-name="T1">フォームの機能</text:span>可動ツールバーを開いてクリックするか、<text:span text:style-name="T1">デザインモードオブジェクト</text:span>バー上でクリックします。</text:p>
  <help:to-be-embedded Eid="sycontroleigenschaften">
  <table:table table:name="Tabelle16" table:style-name="Tabelle16">
   <table:table-column table:style-name="Tabelle16.A"/>
   <table:table-column table:style-name="Tabelle16.B"/>
   <table:table-header-rows>
    <table:table-row>
     <table:table-cell table:value-type="string">
      <text:p text:style-name="Paragraph"><draw:image draw:name="マーク2" svg:desc="マーク" svg:pixelx="25" svg:pixely="25" svg:width="0.661cm" svg:height="0.661cm" xlink:href="65744" draw:filter-name=""/></text:p>

     </table:table-cell>
     <table:table-cell table:value-type="string">
      <text:p text:style-name="Paragraph">コントロールの属性</text:p>
     </table:table-cell>
    </table:table-row>
   </table:table-header-rows>
  </table:table>
  </help:to-be-embedded></help:to-popup>
  <help:to-popup Eid="controleigenschaftenallgemein">
  <text:p text:style-name="Paragraph">メニュー <text:span text:style-name="T1">書式 → コントロール...</text:span> 見出し <text:span text:style-name="T1">全般</text:span></text:p>
  <text:p text:style-name="Paragraph">選択したフォーム項目のコンテキストメニューを開いて <text:span text:style-name="T1">コントロール</text:span> を選択し、見出し <text:span text:style-name="T1">全般</text:span> をクリックします。</text:p>
  <text:p text:style-name="Paragraph"><text:span text:style-name="T1">標準</text:span>ツールバーから<text:span text:style-name="T1">フォームの機能</text:span>可動ツールバーを開くか、<text:span text:style-name="T1">デザインモードオブジェクト</text:span>バー上で、アイコン <text:span text:style-name="T1">コントロールの属性</text:span> をクリックします。次に、見出し <text:span text:style-name="T1">全般</text:span> をクリックします。</text:p>
  </help:to-popup>
  <help:to-popup Eid="controleigenschaftendaten">
  <text:p text:style-name="Paragraph">メニュー <text:span text:style-name="T1">書式 → コントロール...</text:span> 見出し <text:span text:style-name="T1">配列</text:span></text:p>
  <text:p text:style-name="Paragraph">選択したフォーム要素のコンテキストメニュー <text:span text:style-name="T1">コントロール...</text:span> 見出し <text:span text:style-name="T1">配列</text:span></text:p>
  <text:p text:style-name="Paragraph"><text:span text:style-name="T1">標準</text:span>ツールバーから<text:span text:style-name="T1">フォームの機能</text:span>可動ツールバーを開くか、<text:span text:style-name="T1">デザインモードオブジェクト</text:span>バー上で、アイコン <text:span text:style-name="T1">コントロールの属性</text:span> をクリックします。次に、見出し <text:span text:style-name="T1">Data</text:span> をクリックします。</text:p>
  </help:to-popup>
  <help:to-popup Eid="controleigenschaftenereignisse">
  <text:p text:style-name="Paragraph">メニュー　<text:span text:style-name="T1">書式 → コントロール...</text:span> 見出し <text:span text:style-name="T1">イベント</text:span></text:p>
  <text:p text:style-name="Paragraph">選択したフォーム要素のコンテキストメニュー <text:span text:style-name="T1">コントロール...</text:span> 見出し <text:span text:style-name="T1">イベント</text:span></text:p>
  <text:p text:style-name="Paragraph"><text:span text:style-name="T1">標準</text:span>ツールバーから<text:span text:style-name="T1">フォームの機能</text:span>可動ツールバーを開くか、<text:span text:style-name="T1">デザインモードオブジェクト</text:span>バー上で、アイコン <text:span text:style-name="T1">コントロールの属性</text:span> をクリックします。次に、見出し <text:span text:style-name="T1">イベント</text:span> をクリックします。</text:p>
  </help:to-popup>
  <help:to-popup Eid="tabordner">
  <text:p text:style-name="Paragraph"><text:span text:style-name="T1">標準</text:span>ツールバーから<text:span text:style-name="T1">フォームの機能</text:span>可動ツールバーを開いてクリックするか、<text:span text:style-name="T1">デザインモードオブジェクト</text:span>バー上でクリックします。</text:p>
  <help:to-be-embedded Eid="sytabordner">
  <table:table table:name="Tabelle17" table:style-name="Tabelle17">
   <table:table-column table:style-name="Tabelle17.A"/>
   <table:table-column table:style-name="Tabelle17.B"/>
   <table:table-header-rows>
    <table:table-row>
     <table:table-cell table:value-type="string">
      <text:p text:style-name="Paragraph"><draw:image draw:name="マーク3" svg:desc="マーク" svg:pixelx="25" svg:pixely="25" svg:width="0.661cm" svg:height="0.661cm" xlink:href="66712" draw:filter-name=""/></text:p>

     </table:table-cell>
     <table:table-cell table:value-type="string">
      <text:p text:style-name="Paragraph">タブオーダー</text:p>
     </table:table-cell>
    </table:table-row>
   </table:table-header-rows>
  </table:table>
  </help:to-be-embedded></help:to-popup>
  <help:to-popup Eid="feldhinzu">
  <text:p text:style-name="Paragraph"><text:span text:style-name="T1">標準</text:span>ツールバーから<text:span text:style-name="T1">フォームの機能</text:span>可動ツールバーを開いてクリックするか、<text:span text:style-name="T1">デザインモードオブジェクト</text:span>バー上でクリックします。</text:p>
  <help:to-be-embedded Eid="syfeldhinzu">
  <table:table table:name="Tabelle18" table:style-name="Tabelle18">
   <table:table-column table:style-name="Tabelle18.A"/>
   <table:table-column table:style-name="Tabelle18.B"/>
   <table:table-header-rows>
    <table:table-row>
     <table:table-cell table:value-type="string">
      <text:p text:style-name="Paragraph"><draw:image draw:name="マーク4" svg:desc="マーク" svg:pixelx="25" svg:pixely="25" svg:width="0.661cm" svg:height="0.661cm" xlink:href="65873" draw:filter-name=""/></text:p>

     </table:table-cell>
     <table:table-cell table:value-type="string">
      <text:p text:style-name="Paragraph">フィールドの追加</text:p>
     </table:table-cell>
    </table:table-row>
   </table:table-header-rows>
  </table:table>
  </help:to-be-embedded></help:to-popup>
  <help:to-popup Eid="formex">
  <text:p text:style-name="Paragraph">標準ツールバーから開く <text:span text:style-name="T1">フォームの機能</text:span> 可動ツールバーのアイコン、およびデザインモードのオブジェクトバーのアイコン</text:p>
  <help:to-be-embedded Eid="syformex">
  <table:table table:name="Tabelle20" table:style-name="Tabelle20">
   <table:table-column table:style-name="Tabelle20.A"/>
   <table:table-column table:style-name="Tabelle20.B"/>
   <table:table-header-rows>
    <table:table-row>
     <table:table-cell table:value-type="string">
      <text:p text:style-name="Paragraph"><draw:image draw:name="マーク5" svg:desc="マーク" svg:pixelx="25" svg:pixely="25" svg:width="0.661cm" svg:height="0.661cm" xlink:href="65888" draw:filter-name=""/></text:p>

     </table:table-cell>
     <table:table-cell table:value-type="string">
      <text:p text:style-name="Paragraph">フォームナビゲータ</text:p>
     </table:table-cell>
    </table:table-row>
   </table:table-header-rows>
  </table:table>
  </help:to-be-embedded></help:to-popup>
  <help:to-popup Eid="design">
  <text:p text:style-name="Paragraph"><text:span text:style-name="T1">標準</text:span>ツールバーから<text:span text:style-name="T1">フォームの機能</text:span>可動ツールバーを開いてクリックするか、<text:span text:style-name="T1">デザインモードオブジェクト</text:span>バー上でクリックします。</text:p>
  <help:to-be-embedded Eid="sydesign">
  <table:table table:name="Tabelle19" table:style-name="Tabelle19">
   <table:table-column table:style-name="Tabelle19.A"/>
   <table:table-column table:style-name="Tabelle19.B"/>
   <table:table-header-rows>
    <table:table-row>
     <table:table-cell table:value-type="string">
      <text:p text:style-name="Paragraph"><draw:image draw:name="マーク6" svg:desc="マーク" svg:pixelx="25" svg:pixely="25" svg:width="0.661cm" svg:height="0.661cm" xlink:href="66720" draw:filter-name=""/></text:p>

     </table:table-cell>
     <table:table-cell table:value-type="string">
      <text:p text:style-name="Paragraph">デザインモード オン/オフ</text:p>
     </table:table-cell>
    </table:table-row>
   </table:table-header-rows>
  </table:table>
  </help:to-be-embedded></help:to-popup>
  <help:to-popup Eid="imentwurfsmodusoeffnen">
  <text:p text:style-name="Paragraph">フォームナビゲータを開く → <text:s/>フォームを選択する → コンテキストメニューを呼び出す → <text:span text:style-name="T1">デザインモードで開く</text:span></text:p>
  <text:p text:style-name="Paragraph"><text:span text:style-name="T1">標準</text:span>ツールバーから<text:span text:style-name="T1">フォームの機能</text:span>可動ツールバーを開き、クリックします。</text:p>
  <help:to-be-embedded Eid="syimentwurfsmodusoeffnen">
  <table:table table:name="Tabelle21" table:style-name="Tabelle21">
   <table:table-column table:style-name="Tabelle21.A"/>
   <table:table-column table:style-name="Tabelle21.B"/>
   <table:table-header-rows>
    <table:table-row>
     <table:table-cell table:value-type="string">
      <text:p text:style-name="Paragraph"><draw:image draw:name="マーク7" svg:desc="マーク" svg:pixelx="25" svg:pixely="25" svg:width="0.661cm" svg:height="0.661cm" xlink:href="66213" draw:filter-name=""/></text:p>

     </table:table-cell>
     <table:table-cell table:value-type="string">
      <text:p text:style-name="Paragraph">デザインモードで開く</text:p>
     </table:table-cell>
    </table:table-row>
   </table:table-header-rows>
  </table:table>
  </help:to-be-embedded></help:to-popup>
  <help:to-popup Eid="autopilotenanaus">
  <text:p text:style-name="Paragraph"><text:span text:style-name="T1">標準</text:span>ツールバーから<text:span text:style-name="T1">フォームの機能</text:span>可動ツールバーを開き、クリックします。</text:p>
  <help:to-be-embedded Eid="syautopilotenanaus">
  <table:table table:name="Tabelle22" table:style-name="Tabelle22">
   <table:table-column table:style-name="Tabelle22.A"/>
   <table:table-column table:style-name="Tabelle22.B"/>
   <table:table-header-rows>
    <table:table-row>
     <table:table-cell table:value-type="string">
      <text:p text:style-name="Paragraph"><draw:image draw:name="マーク8" svg:desc="マーク" svg:pixelx="25" svg:pixely="25" svg:width="0.661cm" svg:height="0.661cm" xlink:href="65696" draw:filter-name=""/></text:p>

     </table:table-cell>
     <table:table-cell table:value-type="string">
      <text:p text:style-name="Paragraph">オートパイロット オン/オフ</text:p>
     </table:table-cell>
    </table:table-row>
   </table:table-header-rows>
  </table:table>
  </help:to-be-embedded></help:to-popup>
  <help:to-popup Eid="anordnung">
  <text:p text:style-name="Paragraph">メニュー <text:span text:style-name="T1">書式 → 整列</text:span>（<help:productname>%PRODUCTNAME</help:productname> Writer、<help:productname>%PRODUCTNAME</help:productname> Calc）</text:p>
  <text:p text:style-name="Paragraph">コンテキストメニュー <text:span text:style-name="T1">整列</text:span>（<help:productname>%PRODUCTNAME</help:productname> Impress、<help:productname>%PRODUCTNAME</help:productname> Draw）</text:p>
  <text:p text:style-name="Paragraph">メニュー <text:span text:style-name="T1">変更 → 整列</text:span>（<help:productname>%PRODUCTNAME</help:productname> Draw）</text:p>
  <text:p text:style-name="Paragraph"><text:span text:style-name="T1">オブジェクト</text:span>バー (<help:productname>%PRODUCTNAME</help:productname> Writer または <help:productname>%PRODUCTNAME</help:productname> Calc) または<text:span text:style-name="T1">標準</text:span>ツールバー (<help:productname>%PRODUCTNAME</help:productname> Impress または<help:productname>%PRODUCTNAME</help:productname> Draw) 上でクリックします。</text:p>
  <a name="syanordnung"/>
  <table:table table:name="Tabelle29" table:style-name="Tabelle29">
   <table:table-column table:style-name="Tabelle29.A"/>
   <table:table-column table:style-name="Tabelle29.B"/>
   <table:table-header-rows>
    <table:table-row>
     <table:table-cell table:value-type="string">
      <text:p text:style-name="Paragraph"><draw:image draw:name="マーク9" svg:desc="マーク" svg:pixelx="25" svg:pixely="25" svg:width="0.661cm" svg:height="0.661cm" xlink:href="66617" draw:filter-name=""/></text:p>

     </table:table-cell>
     <table:table-cell table:value-type="string">
      <text:p text:style-name="Paragraph">整列</text:p>
     </table:table-cell>
    </table:table-row>
   </table:table-header-rows>
  </table:table>
  </help:to-popup>
  <help:to-popup Eid="vorn">
  <text:p text:style-name="Paragraph">メニュー <text:span text:style-name="T1">書式 → 整列 → 最前面へ移動</text:span>（<help:productname>%PRODUCTNAME</help:productname> Writer、<help:productname>%PRODUCTNAME</help:productname> Calc）</text:p>
  <text:p text:style-name="Paragraph">メニュー <text:span text:style-name="T1">変更 → 整列 → 最前面へ移動</text:span>（<help:productname>%PRODUCTNAME</help:productname> Draw）</text:p>
  <text:p text:style-name="Paragraph">（Shift）＋<help:switch select="System"><help:case select ="MAC">（Command）</help:case><help:default>（Ctrl）</help:default></help:switch>＋（+）（<help:productname>%PRODUCTNAME</help:productname> Impress、 <help:productname>%PRODUCTNAME</help:productname> Draw）</text:p>
  <text:p text:style-name="Paragraph">コンテキストメニュー <text:span text:style-name="T1">整列 → 最前面へ移動</text:span>（<help:productname>%PRODUCTNAME</help:productname> Impress）</text:p>
  <text:p text:style-name="Paragraph"><text:span text:style-name="T1">オブジェクト</text:span>バー (<help:productname>%PRODUCTNAME</help:productname> Writer または <help:productname>%PRODUCTNAME</help:productname> Calc) または<text:span text:style-name="T1">標準</text:span>ツールバー (<help:productname>%PRODUCTNAME</help:productname> Impress または<help:productname>%PRODUCTNAME</help:productname> Draw) 上でクリックします。</text:p>
  <help:to-be-embedded Eid="syganznachvorn">
  <table:table table:name="Tabelle8" table:style-name="Tabelle8">
   <table:table-column table:style-name="Tabelle8.A"/>
   <table:table-column table:style-name="Tabelle8.B"/>
   <table:table-header-rows>
    <table:table-row>
     <table:table-cell table:value-type="string">
      <text:p text:style-name="Paragraph"><draw:image draw:name="マーク10" svg:desc="マーク" svg:pixelx="25" svg:pixely="25" svg:width="0.661cm" svg:height="0.661cm" xlink:href="66617" draw:filter-name=""/></text:p>

     </table:table-cell>
     <table:table-cell table:value-type="string">
      <text:p text:style-name="Paragraph">最前面へ移動</text:p>
     </table:table-cell>
    </table:table-row>
   </table:table-header-rows>
  </table:table>
  </help:to-be-embedded></help:to-popup>
  <help:to-popup Eid="nachvorn">
  <text:p text:style-name="Paragraph">メニュー <text:span text:style-name="T1">書式 → 整列 → 前面へ移動</text:span>（<help:productname>%PRODUCTNAME</help:productname> Writer、<help:productname>%PRODUCTNAME</help:productname> Calc）</text:p>
  <text:p text:style-name="Paragraph">メニュー <text:span text:style-name="T1">変更 → 整列 → 前面へ移動</text:span>（<help:productname>%PRODUCTNAME</help:productname> Draw）</text:p>
  <text:p text:style-name="Paragraph"><help:switch select="System"><help:case select ="MAC">（Command）</help:case><help:default>（Ctrl）</help:default></help:switch>＋（+）（<help:productname>%PRODUCTNAME</help:productname> Impress、<help:productname>%PRODUCTNAME</help:productname> Draw）</text:p>
  <text:p text:style-name="Paragraph">コンテキストメニュー <text:span text:style-name="T1">整列 → 前面へ移動</text:span>（<help:productname>%PRODUCTNAME</help:productname> Impress）</text:p>
  <a name="syweiternachvorn"/>
  <table:table table:name="Tabelle12" table:style-name="Tabelle12">
   <table:table-column table:style-name="Tabelle12.A"/>
   <table:table-column table:style-name="Tabelle12.B"/>
   <table:table-header-rows>
    <table:table-row>
     <table:table-cell table:value-type="string">
      <text:p text:style-name="Paragraph"><draw:image draw:name="マーク11" svg:desc="マーク" svg:pixelx="25" svg:pixely="25" svg:width="0.661cm" svg:height="0.661cm" xlink:href="66813" draw:filter-name=""/></text:p>

     </table:table-cell>
     <table:table-cell table:value-type="string">
      <text:p text:style-name="Paragraph">前面へ移動</text:p>
     </table:table-cell>
    </table:table-row>
   </table:table-header-rows>
  </table:table>
  </help:to-popup>
  <help:to-popup Eid="nachhinten">
  <text:p text:style-name="Paragraph">メニュー <text:span text:style-name="T1">書式 → 整列 → 背面へ移動</text:span>（<help:productname>%PRODUCTNAME</help:productname> Writer、<help:productname>%PRODUCTNAME</help:productname> Calc）</text:p>
  <text:p text:style-name="Paragraph">メニュー <text:span text:style-name="T1">変更 → 整列 → 背面へ移動</text:span>（<help:productname>%PRODUCTNAME</help:productname> Draw）</text:p>
  <text:p text:style-name="Paragraph"><help:switch select="System"><help:case select ="MAC">（Command）</help:case><help:default>（Ctrl）</help:default></help:switch>＋（-）（<help:productname>%PRODUCTNAME</help:productname> Impress、<help:productname>%PRODUCTNAME</help:productname> Draw）</text:p>
  <text:p text:style-name="Paragraph">コンテキストメニュー <text:span text:style-name="T1">整列 → 背面へ移動</text:span>（<help:productname>%PRODUCTNAME</help:productname> Impress）</text:p>
  <a name="syweiternachhinten"/>
  <table:table table:name="Tabelle13" table:style-name="Tabelle13">
   <table:table-column table:style-name="Tabelle13.A"/>
   <table:table-column table:style-name="Tabelle13.B"/>
   <table:table-header-rows>
    <table:table-row>
     <table:table-cell table:value-type="string">
      <text:p text:style-name="Paragraph"><draw:image draw:name="マーク12" svg:desc="マーク" svg:pixelx="25" svg:pixely="25" svg:width="0.661cm" svg:height="0.661cm" xlink:href="66812" draw:filter-name=""/></text:p>

     </table:table-cell>
     <table:table-cell table:value-type="string">
      <text:p text:style-name="Paragraph">背面へ移動</text:p>
     </table:table-cell>
    </table:table-row>
   </table:table-header-rows>
  </table:table>
  </help:to-popup>
  <help:to-popup Eid="ganzhinten">
  <text:p text:style-name="Paragraph">メニュー <text:span text:style-name="T1">書式 → 整列 → 最背面へ移動</text:span>（<help:productname>%PRODUCTNAME</help:productname> Writer、<help:productname>%PRODUCTNAME</help:productname> Calc）</text:p>
  <text:p text:style-name="Paragraph">メニュー <text:span text:style-name="T1">変更 → 整列 → 最背面へ移動</text:span>（<help:productname>%PRODUCTNAME</help:productname> Draw）</text:p>
  <text:p text:style-name="Paragraph">（Shift）＋<help:switch select="System"><help:case select ="MAC">（Command）</help:case><help:default>（Ctrl）</help:default></help:switch>＋（-）（<help:productname>%PRODUCTNAME</help:productname> Impress、<help:productname>%PRODUCTNAME</help:productname> Draw）</text:p>
  <text:p text:style-name="Paragraph">コンテキストメニュー <text:span text:style-name="T1">整列 → 最背面へ移動</text:span>（<help:productname>%PRODUCTNAME</help:productname> Impress）</text:p>
  <text:p text:style-name="Paragraph"><text:span text:style-name="T1">オブジェクト</text:span>バー (<help:productname>%PRODUCTNAME</help:productname> Writer または <help:productname>%PRODUCTNAME</help:productname> Calc) または標準ツールバー (<help:productname>%PRODUCTNAME</help:productname> Impress または<help:productname>%PRODUCTNAME</help:productname> Draw) 上でクリックします。</text:p>
  <help:to-be-embedded Eid="syganznachhinten">
  <table:table table:name="Tabelle9" table:style-name="Tabelle9">
   <table:table-column table:style-name="Tabelle9.A"/>
   <table:table-column table:style-name="Tabelle9.B"/>
   <table:table-header-rows>
    <table:table-row>
     <table:table-cell table:value-type="string">
      <text:p text:style-name="Paragraph"><draw:image draw:name="マーク13" svg:desc="マーク" svg:pixelx="25" svg:pixely="25" svg:width="0.661cm" svg:height="0.661cm" xlink:href="66618" draw:filter-name=""/></text:p>

     </table:table-cell>
     <table:table-cell table:value-type="string">
      <text:p text:style-name="Paragraph">最背面へ移動</text:p>
     </table:table-cell>
    </table:table-row>
   </table:table-header-rows>
  </table:table>
  </help:to-be-embedded></help:to-popup>
  <help:to-popup Eid="vornebringen">
  <text:p text:style-name="Paragraph">メニュー <text:span text:style-name="T1">書式 → 整列 → 前景に</text:span></text:p>
  <text:p text:style-name="Paragraph"><text:span text:style-name="T1">オブジェクト</text:span> バー上でクリックします。</text:p>
  <help:to-be-embedded Eid="syvordergrund">
  <table:table table:name="Tabelle10" table:style-name="Tabelle10">
   <table:table-column table:style-name="Tabelle10.A"/>
   <table:table-column table:style-name="Tabelle10.B"/>
   <table:table-header-rows>
    <table:table-row>
     <table:table-cell table:value-type="string">
      <text:p text:style-name="Paragraph"><draw:image draw:name="マーク14" svg:desc="マーク" svg:pixelx="25" svg:pixely="25" svg:width="0.661cm" svg:height="0.661cm" xlink:href="66622" draw:filter-name=""/></text:p>

     </table:table-cell>
     <table:table-cell table:value-type="string">
      <text:p text:style-name="Paragraph">前景に</text:p>
     </table:table-cell>
    </table:table-row>
   </table:table-header-rows>
  </table:table>
  </help:to-be-embedded></help:to-popup>
  <help:to-popup Eid="hintenbringen">
  <text:p text:style-name="Paragraph">メニュー <text:span text:style-name="T1">書式 → 整列 → 背景に</text:span></text:p>
  <text:p text:style-name="Paragraph"><text:span text:style-name="T1">オブジェクト</text:span> バー上でクリックします。</text:p>
  <help:to-be-embedded Eid="syhintergrund">
  <table:table table:name="Tabelle11" table:style-name="Tabelle11">
   <table:table-column table:style-name="Tabelle11.A"/>
   <table:table-column table:style-name="Tabelle11.B"/>
   <table:table-header-rows>
    <table:table-row>
     <table:table-cell table:value-type="string">
      <text:p text:style-name="Paragraph"><draw:image draw:name="マーク15" svg:desc="マーク" svg:pixelx="25" svg:pixely="25" svg:width="0.661cm" svg:height="0.661cm" xlink:href="66623" draw:filter-name=""/></text:p>

     </table:table-cell>
     <table:table-cell table:value-type="string">
      <text:p text:style-name="Paragraph">背景に</text:p>
     </table:table-cell>
    </table:table-row>
   </table:table-header-rows>
  </table:table>
  </help:to-be-embedded></help:to-popup>
  <help:to-popup Eid="ausrichtung">
  <text:p text:style-name="Paragraph">メニュー <text:span text:style-name="T1">書式 → 配置</text:span>（<help:productname>%PRODUCTNAME</help:productname> Writer、<help:productname>%PRODUCTNAME</help:productname> Calc）</text:p>
  <text:p text:style-name="Paragraph">メニュー <text:span text:style-name="T1">変更 → 配置</text:span>（<help:productname>%PRODUCTNAME</help:productname> Draw でオブジェクトを選択した場合）</text:p>
  <text:p text:style-name="Paragraph">コンテキストメニュー <text:span text:style-name="T1">配置</text:span>（<help:productname>%PRODUCTNAME</help:productname> Impress、<help:productname>%PRODUCTNAME</help:productname> Draw でオブジェクトを選択した場合）</text:p>
  </help:to-popup>
  <help:to-popup Eid="links">
  <text:p text:style-name="Paragraph">メニュー <text:span text:style-name="T1">書式 → 配置 → 左</text:span>（<help:productname>%PRODUCTNAME</help:productname> Writer、<help:productname>%PRODUCTNAME</help:productname> Calc）</text:p>
  <text:p text:style-name="Paragraph">メニュー <text:span text:style-name="T1">変更 → 配置 → 左</text:span>（<help:productname>%PRODUCTNAME</help:productname> Draw でオブジェクトを選択した場合）</text:p>
  <text:p text:style-name="Paragraph">コンテキストメニュー <text:span text:style-name="T1">配置 → 左</text:span>（選択したオブジェクト）（<help:productname>%PRODUCTNAME</help:productname> Impress、<help:productname>%PRODUCTNAME</help:productname> Draw）</text:p>
  <text:p text:style-name="Paragraph"><text:span text:style-name="T1">オブジェクト</text:span>バー (<help:productname>%PRODUCTNAME</help:productname> Writer または <help:productname>%PRODUCTNAME</help:productname> Calc) または<text:span text:style-name="T1">標準</text:span>ツールバー (<help:productname>%PRODUCTNAME</help:productname> Impress または<help:productname>%PRODUCTNAME</help:productname> Draw) 上でクリックします。</text:p>
  <help:to-be-embedded Eid="sylinks">
  <table:table table:name="Tabelle1" table:style-name="Tabelle1">
   <table:table-column table:style-name="Tabelle1.A"/>
   <table:table-column table:style-name="Tabelle1.B"/>
   <table:table-header-rows>
    <table:table-row>
     <table:table-cell table:value-type="string">
      <text:p text:style-name="Paragraph"><draw:image draw:name="マーク16" svg:desc="マーク" svg:pixelx="25" svg:pixely="25" svg:width="0.661cm" svg:height="0.661cm" xlink:href="66692" draw:filter-name=""/></text:p>

     </table:table-cell>
     <table:table-cell table:value-type="string">
      <text:p text:style-name="Paragraph">左揃え（枠の場合）</text:p>
     </table:table-cell>
    </table:table-row>
   </table:table-header-rows>
   <table:table-row>
    <table:table-cell table:value-type="string">
     <text:p text:style-name="Paragraph"><draw:image draw:name="マーク17" svg:desc="マーク" svg:pixelx="25" svg:pixely="25" svg:width="0.661cm" svg:height="0.661cm" xlink:href="65681" draw:filter-name=""/></text:p>

    </table:table-cell>
    <table:table-cell table:value-type="string">
     <text:p text:style-name="Paragraph">左（図形描画オブジェクトの場合）</text:p>
    </table:table-cell>
   </table:table-row>
  </table:table>
  </help:to-be-embedded></help:to-popup>
  <help:to-popup Eid="azentriert">
  <text:p text:style-name="Paragraph">メニュー <text:span text:style-name="T1">書式 → 配置 → 中央</text:span>（<help:productname>%PRODUCTNAME</help:productname> Writer、<help:productname>%PRODUCTNAME</help:productname> Calc）</text:p>
  <text:p text:style-name="Paragraph">メニュー <text:span text:style-name="T1">変更 → 配置 → 中央</text:span>（<help:productname>%PRODUCTNAME</help:productname> Draw でオブジェクトを選択した場合）</text:p>
  <text:p text:style-name="Paragraph">コンテキストメニュー <text:span text:style-name="T1">配置 → 中央揃え</text:span>（<help:productname>%PRODUCTNAME</help:productname> Impress、<help:productname>%PRODUCTNAME</help:productname> Draw でオブジェクトを選択した場合）</text:p>
  <text:p text:style-name="Paragraph"><text:span text:style-name="T1">オブジェクト</text:span>バー (<help:productname>%PRODUCTNAME</help:productname> Writer または <help:productname>%PRODUCTNAME</help:productname> Calc) または<text:span text:style-name="T1">標準</text:span>ツールバー (<help:productname>%PRODUCTNAME</help:productname> Impress または<help:productname>%PRODUCTNAME</help:productname> Draw) 上でクリックします。</text:p>
  <help:to-be-embedded Eid="syazentriert">
  <table:table table:name="Tabelle2" table:style-name="Tabelle2">
   <table:table-column table:style-name="Tabelle2.A"/>
   <table:table-column table:style-name="Tabelle2.B"/>
   <table:table-header-rows>
    <table:table-row>
     <table:table-cell table:value-type="string">
      <text:p text:style-name="Paragraph"><draw:image draw:name="マーク18" svg:desc="マーク" svg:pixelx="25" svg:pixely="25" svg:width="0.661cm" svg:height="0.661cm" xlink:href="66689" draw:filter-name=""/></text:p>

     </table:table-cell>
     <table:table-cell table:value-type="string">
      <text:p text:style-name="Paragraph">中央揃え（枠の場合）</text:p>
     </table:table-cell>
    </table:table-row>
   </table:table-header-rows>
   <table:table-row>
    <table:table-cell table:value-type="string">
     <text:p text:style-name="Paragraph"><draw:image draw:name="マーク19" svg:desc="マーク" svg:pixelx="25" svg:pixely="25" svg:width="0.661cm" svg:height="0.661cm" xlink:href="65690" draw:filter-name=""/></text:p>

    </table:table-cell>
    <table:table-cell table:value-type="string">
     <text:p text:style-name="Paragraph">中央（図形描画オブジェクトの場合）</text:p>
    </table:table-cell>
   </table:table-row>
  </table:table>
  </help:to-be-embedded></help:to-popup>
  <help:to-popup Eid="rechts">
  <text:p text:style-name="Paragraph">メニュー <text:span text:style-name="T1">書式 → 配置 → 右</text:span></text:p>
  <text:p text:style-name="Paragraph">メニュー <text:span text:style-name="T1">変更 → 配置 → 右</text:span>（<help:productname>%PRODUCTNAME</help:productname> Draw でオブジェクトを選択した場合）</text:p>
  <text:p text:style-name="Paragraph">コンテキストメニュー <text:span text:style-name="T1">配置 → 右揃え</text:span>（<help:productname>%PRODUCTNAME</help:productname> Impress、<help:productname>%PRODUCTNAME</help:productname> Draw でオブジェクトを選択した場合）</text:p>
  <text:p text:style-name="Paragraph"><text:span text:style-name="T1">オブジェクト</text:span>バー (<help:productname>%PRODUCTNAME</help:productname> Writer または <help:productname>%PRODUCTNAME</help:productname> Calc) または<text:span text:style-name="T1">標準</text:span>ツールバー (<help:productname>%PRODUCTNAME</help:productname> Impress または<help:productname>%PRODUCTNAME</help:productname> Draw) 上でクリックします。</text:p>
  <help:to-be-embedded Eid="syrechts">
  <table:table table:name="Tabelle4" table:style-name="Tabelle4">
   <table:table-column table:style-name="Tabelle4.A"/>
   <table:table-column table:style-name="Tabelle4.B"/>
   <table:table-header-rows>
    <table:table-row>
     <table:table-cell table:value-type="string">
      <text:p text:style-name="Paragraph"><draw:image draw:name="マーク20" svg:desc="マーク" svg:pixelx="25" svg:pixely="25" svg:width="0.661cm" svg:height="0.661cm" xlink:href="66698" draw:filter-name=""/></text:p>

     </table:table-cell>
     <table:table-cell table:value-type="string">
      <text:p text:style-name="Paragraph">右揃え（枠の場合）</text:p>
     </table:table-cell>
    </table:table-row>
   </table:table-header-rows>
   <table:table-row>
    <table:table-cell table:value-type="string">
     <text:p text:style-name="Paragraph"><draw:image draw:name="マーク21" svg:desc="マーク" svg:pixelx="25" svg:pixely="25" svg:width="0.661cm" svg:height="0.661cm" xlink:href="65684" draw:filter-name=""/></text:p>

    </table:table-cell>
    <table:table-cell table:value-type="string">
     <text:p text:style-name="Paragraph">右（図形描画オブジェクトの場合）</text:p>
    </table:table-cell>
   </table:table-row>
  </table:table>
  </help:to-be-embedded></help:to-popup>
  <help:to-popup Eid="oben">
  <text:p text:style-name="Paragraph">メニュー <text:span text:style-name="T1">書式 → 配置 → 上</text:span>（<help:productname>%PRODUCTNAME</help:productname> Writer、<help:productname>%PRODUCTNAME</help:productname> Calc）</text:p>
  <text:p text:style-name="Paragraph">メニュー <text:span text:style-name="T1">変更 → 配置 → 上</text:span>（<help:productname>%PRODUCTNAME</help:productname> Draw でオブジェクトを選択した場合）</text:p>
  <text:p text:style-name="Paragraph">コンテキストメニュー <text:span text:style-name="T1">配置 → 上揃え</text:span>（<help:productname>%PRODUCTNAME</help:productname> Impress、<help:productname>%PRODUCTNAME</help:productname> Draw でオブジェクトを選択した場合）</text:p>
  <text:p text:style-name="Paragraph"><text:span text:style-name="T1">オブジェクト</text:span>バー (<help:productname>%PRODUCTNAME</help:productname> Writer または <help:productname>%PRODUCTNAME</help:productname> Calc) または<text:span text:style-name="T1">標準</text:span>ツールバー (<help:productname>%PRODUCTNAME</help:productname> Impress または<help:productname>%PRODUCTNAME</help:productname> Draw) 上でクリックします。</text:p>
  <help:to-be-embedded Eid="syoben">
  <table:table table:name="Tabelle5" table:style-name="Tabelle5">
   <table:table-column table:style-name="Tabelle5.A"/>
   <table:table-column table:style-name="Tabelle5.B"/>
   <table:table-header-rows>
    <table:table-row>
     <table:table-cell table:value-type="string">
      <text:p text:style-name="Paragraph"><draw:image draw:name="マーク22" svg:desc="マーク" svg:pixelx="25" svg:pixely="25" svg:width="0.661cm" svg:height="0.661cm" xlink:href="66695" draw:filter-name=""/></text:p>

     </table:table-cell>
     <table:table-cell table:value-type="string">
      <text:p text:style-name="Paragraph">上揃え（枠の場合）</text:p>
     </table:table-cell>
    </table:table-row>
   </table:table-header-rows>
   <table:table-row>
    <table:table-cell table:value-type="string">
     <text:p text:style-name="Paragraph"><draw:image draw:name="マーク23" svg:desc="マーク" svg:pixelx="25" svg:pixely="25" svg:width="0.661cm" svg:height="0.661cm" xlink:href="65683" draw:filter-name=""/></text:p>

    </table:table-cell>
    <table:table-cell table:value-type="string">
     <text:p text:style-name="Paragraph">上（図形描画オブジェクトの場合）</text:p>
    </table:table-cell>
   </table:table-row>
  </table:table>
  </help:to-be-embedded></help:to-popup>
  <help:to-popup Eid="mitte">
  <text:p text:style-name="Paragraph">メニュー <text:span text:style-name="T1">書式 → 配置 → 中央</text:span>（<help:productname>%PRODUCTNAME</help:productname> Writer、<help:productname>%PRODUCTNAME</help:productname> Calc）</text:p>
  <text:p text:style-name="Paragraph">メニュー <text:span text:style-name="T1">変更 → 配置 → 中央</text:span>（<help:productname>%PRODUCTNAME</help:productname> Draw でオブジェクトを選択した場合）</text:p>
  <text:p text:style-name="Paragraph">コンテキストメニュー <text:span text:style-name="T1">配置 → 中央揃え</text:span>（<help:productname>%PRODUCTNAME</help:productname> Impress、<help:productname>%PRODUCTNAME</help:productname> Draw でオブジェクトを選択した場合）</text:p>
  <text:p text:style-name="Paragraph"><text:span text:style-name="T1">オブジェクト</text:span>バー (<help:productname>%PRODUCTNAME</help:productname> Writer または <help:productname>%PRODUCTNAME</help:productname> Calc) または<text:span text:style-name="T1">標準</text:span>ツールバー (<help:productname>%PRODUCTNAME</help:productname> Impress または<help:productname>%PRODUCTNAME</help:productname> Draw) 上でクリックします。</text:p>
  <help:to-be-embedded Eid="symitte">
  <table:table table:name="Tabelle6" table:style-name="Tabelle6">
   <table:table-column table:style-name="Tabelle6.A"/>
   <table:table-column table:style-name="Tabelle6.B"/>
   <table:table-header-rows>
    <table:table-row>
     <table:table-cell table:value-type="string">
      <text:p text:style-name="Paragraph"><draw:image draw:name="マーク24" svg:desc="マーク" svg:pixelx="25" svg:pixely="25" svg:width="0.661cm" svg:height="0.661cm" xlink:href="66694" draw:filter-name=""/></text:p>

     </table:table-cell>
     <table:table-cell table:value-type="string">
      <text:p text:style-name="Paragraph">中央揃え（枠の場合）</text:p>
     </table:table-cell>
    </table:table-row>
   </table:table-header-rows>
   <table:table-row>
    <table:table-cell table:value-type="string">
     <text:p text:style-name="Paragraph"><draw:image draw:name="マーク25" svg:desc="マーク" svg:pixelx="25" svg:pixely="25" svg:width="0.661cm" svg:height="0.661cm" xlink:href="65682" draw:filter-name=""/></text:p>

    </table:table-cell>
    <table:table-cell table:value-type="string">
     <text:p text:style-name="Paragraph">中央（図形描画オブジェクトの場合）</text:p>
    </table:table-cell>
   </table:table-row>
  </table:table>
  </help:to-be-embedded></help:to-popup>
  <help:to-popup Eid="unten">
  <text:p text:style-name="Paragraph">メニュー <text:span text:style-name="T1">書式 → 配置 → 下</text:span>（<help:productname>%PRODUCTNAME</help:productname> Writer、<help:productname>%PRODUCTNAME</help:productname> Calc）</text:p>
  <text:p text:style-name="Paragraph">メニュー <text:span text:style-name="T1">変更 → 配置 → 下</text:span>（<help:productname>%PRODUCTNAME</help:productname> Draw でオブジェクトを選択した場合）</text:p>
  <text:p text:style-name="Paragraph">コンテキストメニュー <text:span text:style-name="T1">配置 → 下揃え</text:span>（<help:productname>%PRODUCTNAME</help:productname> Impress、<help:productname>%PRODUCTNAME</help:productname> Draw でオブジェクトを選択した場合）</text:p>
  <text:p text:style-name="Paragraph"><text:span text:style-name="T1">オブジェクト</text:span>バー (<help:productname>%PRODUCTNAME</help:productname> Writer または <help:productname>%PRODUCTNAME</help:productname> Calc) または<text:span text:style-name="T1">標準</text:span>ツールバー (<help:productname>%PRODUCTNAME</help:productname> Impress または<help:productname>%PRODUCTNAME</help:productname> Draw) 上でクリックします。</text:p>
  <help:to-be-embedded Eid="syunten">
  <table:table table:name="Tabelle7" table:style-name="Tabelle7">
   <table:table-column table:style-name="Tabelle7.A"/>
   <table:table-column table:style-name="Tabelle7.B"/>
   <table:table-header-rows>
    <table:table-row>
     <table:table-cell table:value-type="string">
      <text:p text:style-name="Paragraph"><draw:image draw:name="マーク26" svg:desc="マーク" svg:pixelx="25" svg:pixely="25" svg:width="0.661cm" svg:height="0.661cm" xlink:href="66702" draw:filter-name=""/></text:p>

     </table:table-cell>
     <table:table-cell table:value-type="string">
      <text:p text:style-name="Paragraph">下揃え（枠の場合）</text:p>
     </table:table-cell>
    </table:table-row>
   </table:table-header-rows>
   <table:table-row>
    <table:table-cell table:value-type="string">
     <text:p text:style-name="Paragraph"><draw:image draw:name="マーク27" svg:desc="マーク" svg:pixelx="25" svg:pixely="25" svg:width="0.661cm" svg:height="0.661cm" xlink:href="65687" draw:filter-name=""/></text:p>

    </table:table-cell>
    <table:table-cell table:value-type="string">
     <text:p text:style-name="Paragraph">下（図形描画オブジェクトの場合）</text:p>
    </table:table-cell>
   </table:table-row>
  </table:table>
  </help:to-be-embedded></help:to-popup>
  <help:to-popup Eid="wechsel">
  <text:p text:style-name="Paragraph">メニュー <text:span text:style-name="T1">書式 → アンカー</text:span></text:p>
  <text:p text:style-name="Paragraph"><text:span text:style-name="T1">オブジェクト</text:span> バー上でクリックします。</text:p>
  <help:to-be-embedded Eid="syverankerung"><help:switch select="Program"><help:case select="WRITER">
  <table:table table:name="Tabelle3" table:style-name="Tabelle3">
   <table:table-column table:style-name="Tabelle3.A"/>
   <table:table-column table:style-name="Tabelle3.B"/>
   <table:table-header-rows>
    <table:table-row>
     <table:table-cell table:value-type="string">
      <text:p text:style-name="Paragraph"><draw:image draw:name="マーク28" svg:desc="マーク" svg:pixelx="25" svg:pixely="25" svg:width="0.661cm" svg:height="0.661cm" xlink:href="66624" draw:filter-name=""/></text:p>

     </table:table-cell>
     <table:table-cell table:value-type="string">
      <text:p text:style-name="Paragraph">アンカーの変更</text:p>
     </table:table-cell>
    </table:table-row>
   </table:table-header-rows>
  </table:table>
  </help:case><help:case select="CALC"><help:to-be-embedded Eid="ankcalc">
  <table:table table:name="Tabelle14" table:style-name="Tabelle14">
   <table:table-column table:style-name="Tabelle14.A"/>
   <table:table-column table:style-name="Tabelle14.B"/>
   <table:table-header-rows>
    <table:table-row>
     <table:table-cell table:value-type="string">
      <text:p text:style-name="Paragraph"><draw:image draw:name="マーク29" svg:desc="マーク" svg:pixelx="25" svg:pixely="25" svg:width="0.661cm" svg:height="0.661cm" xlink:href="65669" draw:filter-name=""/></text:p>

     </table:table-cell>
     <table:table-cell table:value-type="string">
      <text:p text:style-name="Paragraph">アンカーの変更</text:p>
     </table:table-cell>
    </table:table-row>
   </table:table-header-rows>
  </table:table>
  </help:to-be-embedded></help:case></help:switch></help:to-be-embedded></help:to-popup>
  <text:p text:style-name="Paragraph"><help:to-popup Eid="anseite">メニュー <text:span text:style-name="T1">書式 → アンカー → ページに</text:span></help:to-popup></text:p>
  <text:p text:style-name="Paragraph"><help:to-popup Eid="amabsatz">メニュー <text:span text:style-name="T1">書式 → アンカー → 段落に</text:span></help:to-popup></text:p>
  <text:p text:style-name="Paragraph"><help:to-popup Eid="amzeichen">メニュー <text:span text:style-name="T1">書式 → アンカー → 文字に</text:span></help:to-popup></text:p>
  <text:p text:style-name="Paragraph"><help:to-popup Eid="alszeichen">メニュー <text:span text:style-name="T1">書式 → アンカー → 文字として</text:span></help:to-popup></text:p>
  <text:p text:style-name="Paragraph"><help:to-popup Eid="amrahmen">メニュー <text:span text:style-name="T1">書式 → アンカー → 枠に</text:span></help:to-popup></text:p>
  <text:p text:style-name="Paragraph"><help:to-popup Eid="anderzelle">メニュー <text:span text:style-name="T1">書式 → アンカー → セルに</text:span></help:to-popup></text:p>
 </office:body>
</office:document>
