

<office:document  xmlns:office="http://openoffice.org/2000/office" xmlns:style="http://openoffice.org/2000/style" xmlns:text="http://openoffice.org/2000/text" xmlns:table="http://openoffice.org/2000/table" xmlns:draw="http://openoffice.org/2000/drawing" xmlns:fo="http://www.w3.org/1999/XSL/Format" xmlns:xlink="http://www.w3.org/1999/xlink" xmlns:number="http://openoffice.org/2000/datastyle" xmlns:svg="http://www.w3.org/2000/svg" xmlns:chart="http://openoffice.org/2000/chart" xmlns:dr3d="http://openoffice.org/2000/dr3d" xmlns:math="http://www.w3.org/1998/Math/MathML" xmlns:form="http://openoffice.org/2000/form" xmlns:script="http://openoffice.org/2000/script" office:class="text" office:version="1.0" xmlns:dc="http://purl.org/dc/elements/1.1/" xmlns:meta="http://openoffice.org/2000/meta" xmlns:help="http://openoffice.org/2000/help">
<office:meta>
  <dc:description>text/common/00/00040500</dc:description>
  <dc:subject>メニュー 書式</dc:subject>

  <dc:language>ja-JP</dc:language>
  <meta:user-defined meta:name="Info 0">READY</meta:user-defined>
  <meta:user-defined meta:name="Info 1">FREE_OK</meta:user-defined>
  <meta:user-defined meta:name="Info 2">NOINDEX</meta:user-defined>
  <meta:user-defined meta:name="Info 3"/>
</office:meta>
 <office:script/>
 <office:font-decls>
  <style:font-decl style:name="StarSymbol" fo:font-family="StarSymbol" style:font-charset="x-symbol"/>
  <style:font-decl style:name="Courier New" fo:font-family="&apos;Courier New&apos;" style:font-style-name="Standard" style:font-family-generic="modern" style:font-pitch="fixed"/>
  <style:font-decl style:name="Courier" fo:font-family="Courier" style:font-family-generic="roman" style:font-pitch="fixed"/>
  <style:font-decl style:name="Andale WT UI3" fo:font-family="&apos;Andale WT UI&apos;" style:font-pitch="variable"/>
  <style:font-decl style:name="Arial Unicode MS" fo:font-family="&apos;Arial Unicode MS&apos;" style:font-pitch="variable"/>
  <style:font-decl style:name="HG Mincho Light J" fo:font-family="&apos;HG Mincho Light J&apos;" style:font-pitch="variable"/>
  <style:font-decl style:name="Andale WT UI" fo:font-family="&apos;Andale WT UI&apos;" style:font-style-name="Fett" style:font-family-generic="roman" style:font-pitch="variable"/>
  <style:font-decl style:name="Andale WT UI1" fo:font-family="&apos;Andale WT UI&apos;" style:font-style-name="Standard" style:font-family-generic="roman" style:font-pitch="variable"/>
  <style:font-decl style:name="Thorndale" fo:font-family="Thorndale" style:font-family-generic="roman" style:font-pitch="variable"/>
  <style:font-decl style:name="Times New Roman" fo:font-family="&apos;Times New Roman&apos;" style:font-style-name="Fett" style:font-family-generic="roman" style:font-pitch="variable"/>
  <style:font-decl style:name="Andale WT UI2" fo:font-family="&apos;Andale WT UI&apos;" style:font-family-generic="swiss" style:font-pitch="variable"/>
 </office:font-decls>
 <office:automatic-styles>
  <style:style style:name="Tabelle1" style:family="table">
   <style:properties style:width="18cm" table:align="margins"/>
  </style:style>
  <style:style style:name="Tabelle1.A" style:family="table-column">
   <style:properties style:column-width="2.048cm" style:rel-column-width="7458*"/>
  </style:style>
  <style:style style:name="Tabelle1.B" style:family="table-column">
   <style:properties style:column-width="15.953cm" style:rel-column-width="58077*"/>
  </style:style>
  <style:style style:name="Tabelle20" style:family="table">
   <style:properties style:width="18cm" table:align="margins"/>
  </style:style>
  <style:style style:name="Tabelle20.A" style:family="table-column">
   <style:properties style:column-width="2.013cm" style:rel-column-width="7328*"/>
  </style:style>
  <style:style style:name="Tabelle20.B" style:family="table-column">
   <style:properties style:column-width="15.988cm" style:rel-column-width="58207*"/>
  </style:style>
  <style:style style:name="Tabelle9" style:family="table">
   <style:properties style:width="17.995cm" fo:margin-left="0cm" fo:margin-right="0.005cm" table:align="margins"/>
  </style:style>
  <style:style style:name="Tabelle9.A" style:family="table-column">
   <style:properties style:column-width="1.499cm" style:rel-column-width="5461*"/>
  </style:style>
  <style:style style:name="Tabelle9.B" style:family="table-column">
   <style:properties style:column-width="16.496cm" style:rel-column-width="60074*"/>
  </style:style>
  <style:style style:name="Tabelle2" style:family="table">
   <style:properties style:width="18cm" table:align="margins"/>
  </style:style>
  <style:style style:name="Tabelle2.A" style:family="table-column">
   <style:properties style:column-width="1.499cm" style:rel-column-width="5461*"/>
  </style:style>
  <style:style style:name="Tabelle2.B" style:family="table-column">
   <style:properties style:column-width="16.501cm" style:rel-column-width="60074*"/>
  </style:style>
  <style:style style:name="Tabelle2.A1" style:family="table-cell">
   <style:properties fo:padding="0cm" fo:border="none"/>
  </style:style>
  <style:style style:name="Tabelle10" style:family="table">
   <style:properties style:width="17.995cm" fo:margin-left="0cm" fo:margin-right="0.005cm" table:align="margins"/>
  </style:style>
  <style:style style:name="Tabelle10.A" style:family="table-column">
   <style:properties style:column-width="1.501cm" style:rel-column-width="5466*"/>
  </style:style>
  <style:style style:name="Tabelle10.B" style:family="table-column">
   <style:properties style:column-width="16.494cm" style:rel-column-width="60069*"/>
  </style:style>
  <style:style style:name="Tabelle11" style:family="table">
   <style:properties style:width="17.999cm" fo:margin-left="0cm" fo:margin-right="0.002cm" table:align="margins"/>
  </style:style>
  <style:style style:name="Tabelle11.A" style:family="table-column">
   <style:properties style:column-width="1.016cm" style:rel-column-width="3700*"/>
  </style:style>
  <style:style style:name="Tabelle11.B" style:family="table-column">
   <style:properties style:column-width="16.983cm" style:rel-column-width="61835*"/>
  </style:style>
  <style:style style:name="P1" style:family="paragraph" style:parent-style-name="Paragraph" style:master-page-name="HTML">
   <style:properties style:page-number="0"/>
  </style:style>
  <style:style style:name="T1" style:family="text">
   <style:properties fo:font-weight="bold"/>
  </style:style>
  <style:style style:name="fr1" style:family="graphics" style:parent-style-name="Graphics">
   <style:properties style:run-through="foreground" style:wrap="run-through" style:vertical-pos="top" style:vertical-rel="paragraph" style:horizontal-pos="left" style:horizontal-rel="paragraph" style:mirror="none" fo:clip="rect(0cm 0cm 0cm 0cm)" draw:luminance="0%" draw:contrast="0%" draw:red="0%" draw:green="0%" draw:blue="0%" draw:gamma="1" draw:color-inversion="false" draw:transparency="-100%" draw:color-mode="standard"/>
  </style:style>
  <style:style style:name="fr2" style:family="graphics" style:parent-style-name="Graphics">
   <style:properties style:wrap="run-through" style:vertical-pos="top" style:vertical-rel="paragraph" style:horizontal-pos="left" style:horizontal-rel="paragraph" style:mirror="none" fo:clip="rect(0cm 0cm 0cm 0cm)" draw:luminance="0%" draw:contrast="0%" draw:red="0%" draw:green="0%" draw:blue="0%" draw:gamma="1" draw:color-inversion="false" draw:transparency="-100%" draw:color-mode="standard"/>
  </style:style>
  <style:style style:name="fr3" style:family="graphics" style:parent-style-name="Graphics">
   <style:properties style:wrap="run-through" style:horizontal-pos="left" style:horizontal-rel="paragraph" style:mirror="none" fo:clip="rect(0cm 0cm 0cm 0cm)" draw:luminance="0%" draw:contrast="0%" draw:red="0%" draw:green="0%" draw:blue="0%" draw:gamma="1" draw:color-inversion="false" draw:transparency="-100%" draw:color-mode="standard"/>
  </style:style>
 </office:automatic-styles>
 <office:body>
  <text:variable-decls>
   <text:variable-decl text:value-type="string" text:name="HTML_ON"/>
   <text:variable-decl text:value-type="string" text:name="HTML_OFF"/>
   <text:variable-decl text:value-type="string" text:name="TITEL"/>
   <text:variable-decl text:value-type="string" text:name="END"/>
   <text:variable-decl text:value-type="string" text:name="OS2"/>
   <text:variable-decl text:value-type="string" text:name="ELSE"/>
   <text:variable-decl text:value-type="string" text:name="NAME"/>
   <text:variable-decl text:value-type="string" text:name="MAC"/>
   <text:variable-decl text:value-type="string" text:name="HREF"/>
   <text:variable-decl text:value-type="string" text:name="MODIFY"/>
   <text:variable-decl text:value-type="string" text:name="REFNR"/>
   <text:variable-decl text:value-type="string" text:name="HFELD"/>
   <text:variable-decl text:value-type="string" text:name="STYLE"/>
  </text:variable-decls>
  <text:sequence-decls>
   <text:sequence-decl text:display-outline-level="0" text:name="Illustration"/>
   <text:sequence-decl text:display-outline-level="0" text:name="Table"/>
   <text:sequence-decl text:display-outline-level="0" text:name="Text"/>
   <text:sequence-decl text:display-outline-level="0" text:name="Drawing"/>
  </text:sequence-decls>
  <text:p text:style-name="P1"/>
  <text:p text:style-name="Head 1">メニュー 書式</text:p>
  <text:p text:style-name="Paragraph"><help:to-popup Eid="standard">メニュー <text:span text:style-name="T1">書式 → 標準</text:span></help:to-popup></text:p>
  <help:to-popup Eid="zeichen">
  <text:p text:style-name="Paragraph">メニュー <text:span text:style-name="T1">書式 → 文字...</text:span></text:p>
  <text:p text:style-name="Paragraph">オブジェクト内にカーソルを置いて、<text:span text:style-name="T1">オブジェクト</text:span>バー上でクリックします。</text:p>
  <help:to-be-embedded Eid="syzeich">
  <table:table table:name="Tabelle1" table:style-name="Tabelle1">
   <table:table-column table:style-name="Tabelle1.A"/>
   <table:table-column table:style-name="Tabelle1.B"/>
   <table:table-header-rows>
    <table:table-row>
     <table:table-cell table:value-type="string">
      <text:p text:style-name="Paragraph"><draw:image draw:name="マーク0" svg:desc="マーク" svg:pixelx="25" svg:pixely="25" svg:width="0.661cm" svg:height="0.661cm" xlink:href="65892" draw:filter-name=""/></text:p>

     </table:table-cell>
     <table:table-cell table:value-type="string">
      <text:p text:style-name="Paragraph">文字の属性</text:p>
     </table:table-cell>
    </table:table-row>
   </table:table-header-rows>
  </table:table>
  </help:to-be-embedded></help:to-popup>
  <help:to-popup Eid="schrift">
  <text:p text:style-name="Paragraph">メニュー <text:span text:style-name="T1">書式 → 文字...→ </text:span><text:s/>見出し <text:span text:style-name="T1">フォント</text:span></text:p>
  <text:p text:style-name="Paragraph">メニュー <text:span text:style-name="T1">書式 → スタイル → カタログ...</text:span> の <text:span text:style-name="T1">変更...</text:span> または <text:span text:style-name="T1">新規作成...</text:span> ボタンを押して開くダイアログの見出し <text:span text:style-name="T1">フォント</text:span></text:p>
  <text:p text:style-name="Paragraph">メニュー <text:span text:style-name="T1">書式 → スタイリスト</text:span> コンテキストメニュー <text:span text:style-name="T1">変更...</text:span> または <text:span text:style-name="T1">新規作成...</text:span>ボタンで開くダイアログの見出し <text:span text:style-name="T1">フォント</text:span></text:p>
  <text:p text:style-name="Paragraph">メニュー <text:span text:style-name="T1">編集 → 検索と置換...</text:span> の <text:span text:style-name="T1">書式...</text:span> ボタンで開くダイアログの見出し <text:span text:style-name="T1">フォント</text:span></text:p>
  <text:p text:style-name="Paragraph">開いているデータベーステーブルの行番号のコンテキストメニュー<text:span text:style-name="T1">テーブルの書式設定...</text:span> 見出し <text:span text:style-name="T1">フォント</text:span></text:p>
  <text:p text:style-name="Paragraph">メニュー <text:span text:style-name="T1">書式 → セル...</text:span> 見出し <text:span text:style-name="T1">フォント</text:span>（表計算ドキュメント）</text:p>
  <text:p text:style-name="Paragraph">メニュー <text:span text:style-name="T1">書式 → タイトル →</text:span> 見出し <text:span text:style-name="T1">文字</text:span>（グラフドキュメント）</text:p>
  <text:p text:style-name="Paragraph">メニュー <text:span text:style-name="T1">書式 → 凡例...</text:span> 見出し <text:span text:style-name="T1">文字</text:span>（グラフドキュメント）</text:p>
  <text:p text:style-name="Paragraph">メニュー <text:span text:style-name="T1">書式 → 軸</text:span> <text:s/>見出し <text:span text:style-name="T1">文字</text:span>（グラフドキュメント）</text:p>
  <text:p text:style-name="Paragraph">メニュー <text:span text:style-name="T1">書式 → ページ</text:span> 見出し <text:span text:style-name="T1">ヘッダ</text:span> または <text:span text:style-name="T1">フッタ</text:span> の <text:span text:style-name="T1">編集</text:span> ボタン（表計算ドキュメント）</text:p>
  <text:p text:style-name="Paragraph">コンテキストメニュー <text:span text:style-name="T1">フォント</text:span></text:p>
  </help:to-popup>
  <help:to-popup Eid="schrifteffekt">
  <text:p text:style-name="Paragraph">メニュー <text:span text:style-name="T1">書式 → 文字...</text:span> 見出し <text:span text:style-name="T1">フォント効果</text:span></text:p>
  <text:p text:style-name="Paragraph">メニュー <text:span text:style-name="T1">書式 → スタイルのカタログ → 変更/新規作成</text:span> を選択し、見出し <text:span text:style-name="T1">フォント効果</text:span> をクリックします。</text:p>
  <text:p text:style-name="Paragraph">メニュー <text:span text:style-name="T1">書式　→ スタイリスト</text:span> コンテキストメニュー <text:span text:style-name="T1">変更...</text:span> または <text:span text:style-name="T1">新規作成...</text:span> で開くダイアログの見出し <text:span text:style-name="T1">フォント効果</text:span></text:p>
  <text:p text:style-name="Paragraph">メニュー <text:span text:style-name="T1">編集 → 検索と置換...</text:span> の<text:span text:style-name="T1">書式...</text:span> ボタンで開くダイアログの見出し <text:span text:style-name="T1">フォント効果</text:span></text:p>
  <text:p text:style-name="Paragraph">メニュー <text:span text:style-name="T1">書式 → 文字</text:span> 見出し <text:span text:style-name="T1">フォント効果</text:span>（プレゼンテーションおよび図形描画ドキュメント）</text:p>
  <text:p text:style-name="Paragraph">メニュー <text:span text:style-name="T1">書式 → ページ</text:span> 見出し <text:span text:style-name="T1">ヘッダ</text:span> または <text:span text:style-name="T1">フッタ</text:span> の <text:span text:style-name="T1">編集</text:span> ボタン（表計算ドキュメント）</text:p>
  </help:to-popup>
  <help:to-be-embedded Eid="position"><help:to-popup Eid="position">
  <text:p text:style-name="Paragraph">メニュー <text:span text:style-name="T1">書式 → 文字</text:span> 見出し <text:span text:style-name="T1">位置</text:span></text:p>
  <text:p text:style-name="Paragraph">メニュー <text:span text:style-name="T1">書式 → スタイル → カタログ</text:span> の <text:span text:style-name="T1">変更</text:span> または <text:span text:style-name="T1">新規作成</text:span> ボタンで開くダイアログの見出し <text:span text:style-name="T1">位置</text:span></text:p>
  <text:p text:style-name="Paragraph">メニュー <text:span text:style-name="T1">書式　→ スタイリスト</text:span> コンテキストメニュー <text:span text:style-name="T1">変更...</text:span> または <text:span text:style-name="T1">新規作成...</text:span> 見出し <text:span text:style-name="T1">位置</text:span></text:p>
  <text:p text:style-name="Paragraph">メニュー <text:span text:style-name="T1">編集 → 検索と置換</text:span> の <text:span text:style-name="T1">書式</text:span> ボタンで開くダイアログの見出し <text:span text:style-name="T1">位置</text:span></text:p>
  <text:p text:style-name="Paragraph">メニュー <text:span text:style-name="T1">書式 → 文字</text:span>見出し <text:span text:style-name="T1">位置</text:span>（プレゼンテーションおよび図形描画ドキュメント）</text:p>
  <text:p text:style-name="Paragraph">メニュー <text:span text:style-name="T1">書式 → ページ</text:span> 見出し <text:span text:style-name="T1">ヘッダ</text:span> または <text:span text:style-name="T1">フッタ</text:span> の <text:span text:style-name="T1">編集</text:span> ボタン（表計算ドキュメント）</text:p>
  </help:to-popup></help:to-be-embedded>
  <help:to-be-embedded Eid="asilayout"><help:to-popup Eid="asilayout">
  <text:p text:style-name="Paragraph">メニュー <text:span text:style-name="T1">書式 → 文字</text:span> 見出し <text:span text:style-name="T1">日本語レイアウト</text:span></text:p>
  <text:p text:style-name="Paragraph">メニュー <text:span text:style-name="T1">書式 → スタイル → カタログ</text:span> の <text:span text:style-name="T1">変更</text:span> または <text:span text:style-name="T1">新規作成</text:span> ボタンで開くダイアログの見出し <text:span text:style-name="T1">日本語レイアウト</text:span></text:p>
  <text:p text:style-name="Paragraph">メニュー <text:span text:style-name="T1">書式　→ スタイリスト</text:span> コンテキストメニュー <text:span text:style-name="T1">変更</text:span> または <text:span text:style-name="T1">新規作成</text:span> 見出し <text:span text:style-name="T1">日本語レイアウト</text:span></text:p>
  <text:p text:style-name="Paragraph">メニュー <text:span text:style-name="T1">編集 → 検索と置換</text:span> の <text:span text:style-name="T1">書式</text:span> ボタンで開くダイアログの見出し <text:span text:style-name="T1">日本語レイアウト</text:span></text:p>
  </help:to-popup></help:to-be-embedded>
  <help:to-be-embedded Eid="asitypo"><help:to-popup Eid="asitypo">
  <text:p text:style-name="Paragraph">メニュー <text:span text:style-name="T1">書式 → 段落</text:span> 見出し <text:span text:style-name="T1">日本語文の体裁</text:span>（HTML にはない）</text:p>
  <text:p text:style-name="Paragraph"><help:switch select="Program"><help:case select="CALC">メニュー <text:span text:style-name="T1">書式 → セル</text:span>見出し <text:span text:style-name="T1">日本語文の体裁</text:span></help:case></help:switch></text:p>
  <text:p text:style-name="Paragraph">メニュー <text:span text:style-name="T1">書式 → スタイル → カタログ</text:span> の <text:span text:style-name="T1">変更</text:span> または <text:span text:style-name="T1">新規作成</text:span> ボタンで開くダイアログの見出し <text:span text:style-name="T1">日本語文の体裁</text:span></text:p>
  <text:p text:style-name="Paragraph">メニュー <text:span text:style-name="T1">書式　→ スタイリスト</text:span> コンテキストメニュー <text:span text:style-name="T1">変更</text:span> または <text:span text:style-name="T1">新規作成</text:span> 見出し <text:span text:style-name="T1">日本語文の体裁</text:span></text:p>
  </help:to-popup></help:to-be-embedded>
  <help:to-popup Eid="hyperl">
  <text:p text:style-name="Paragraph">メニュー <text:span text:style-name="T1">書式 → 文字...</text:span> 見出し <text:span text:style-name="T1">ハイパーリンク</text:span></text:p>
  <text:p text:style-name="Paragraph">メニュー <text:span text:style-name="T1">挿入 → 封筒</text:span> を選択し、見出し <text:span text:style-name="T1">書式</text:span> をクリックします。次に、<text:span text:style-name="T1">編集 → 文字</text:span> をクリックし、見出し <text:span text:style-name="T1">ハイパーリンク</text:span> をクリックします。</text:p>
  </help:to-popup>
  <help:to-popup Eid="absatz">
  <text:p text:style-name="Paragraph">メニュー <text:span text:style-name="T1">書式 → 段落</text:span></text:p>
  <text:p text:style-name="Paragraph">テキストカーソルがオブジェクト内にある場合のオブジェクトバーのアイコン</text:p>
  <help:to-be-embedded Eid="syabsatz">
  <table:table table:name="Tabelle20" table:style-name="Tabelle20">
   <table:table-column table:style-name="Tabelle20.A"/>
   <table:table-column table:style-name="Tabelle20.B"/>
   <table:table-header-rows>
    <table:table-row>
     <table:table-cell table:value-type="string">
      <text:p text:style-name="Paragraph"><draw:image draw:name="マーク1" svg:desc="マーク" svg:pixelx="25" svg:pixely="25" svg:width="0.661cm" svg:height="0.661cm" xlink:href="65882" draw:filter-name=""/></text:p>

     </table:table-cell>
     <table:table-cell table:value-type="string">
      <text:p text:style-name="Paragraph">書式: 段落</text:p>
     </table:table-cell>
    </table:table-row>
   </table:table-header-rows>
  </table:table>
  </help:to-be-embedded></help:to-popup>
  <help:to-popup Eid="absatzausrichtung">
  <text:p text:style-name="Paragraph">メニュー <text:span text:style-name="T1">書式 → 段落...</text:span> 見出し <text:span text:style-name="T1">配置</text:span></text:p>
  <text:p text:style-name="Paragraph">メニュー <text:span text:style-name="T1">書式 → スタイル → カタログ...</text:span> の <text:span text:style-name="T1">変更</text:span> または <text:span text:style-name="T1">新規作成</text:span> ボタンで開くダイアログの見出し <text:span text:style-name="T1">配置</text:span></text:p>
  <text:p text:style-name="Paragraph">メニュー <text:span text:style-name="T1">書式　→ スタイリスト</text:span> コンテキストメニュー <text:span text:style-name="T1">変更</text:span> または <text:span text:style-name="T1">新規作成</text:span> 見出し <text:span text:style-name="T1">配置</text:span></text:p>
  <text:p text:style-name="Paragraph">メニュー <text:span text:style-name="T1">編集 → 検索と置換...</text:span> の <text:span text:style-name="T1">書式...</text:span> ボタンで開くダイアログの見出し <text:span text:style-name="T1">配置</text:span></text:p>
  <text:p text:style-name="Paragraph">コンテキストメニュー <text:span text:style-name="T1">配置</text:span></text:p>
  </help:to-popup>
  <help:to-popup Eid="einzug">
  <text:p text:style-name="Paragraph">メニュー <text:span text:style-name="T1">書式 → 段落...</text:span> 見出し <text:span text:style-name="T1">インデントと行間隔</text:span></text:p>
  <text:p text:style-name="Paragraph">メニュー <text:span text:style-name="T1">書式 → スタイル → カタログ...</text:span> の <text:span text:style-name="T1">変更</text:span> または <text:span text:style-name="T1">新規作成</text:span> ボタンで開くダイアログの見出し <text:span text:style-name="T1">インデントと行間隔</text:span></text:p>
  <text:p text:style-name="Paragraph">メニュー <text:span text:style-name="T1">書式　→ スタイリスト</text:span> コンテキストメニュー <text:span text:style-name="T1">変更</text:span> または <text:span text:style-name="T1">新規作成</text:span> 見出し <text:span text:style-name="T1">インデントと行間隔</text:span></text:p>
  <text:p text:style-name="Paragraph">メニュー <text:span text:style-name="T1">編集 → 検索と置換...</text:span> の <text:span text:style-name="T1">書式...</text:span> ボタンで開くダイアログの見出し <text:span text:style-name="T1">インデントと行間隔</text:span></text:p>
  <text:p text:style-name="Paragraph">メニュー <text:span text:style-name="T1">書式 → スタイル → カタログ</text:span> の <text:span text:style-name="T1">変更</text:span> または <text:span text:style-name="T1">新規作成</text:span> ボタンで開くダイアログの見出し <text:span text:style-name="T1">インデントと行間隔</text:span></text:p>
  <text:p text:style-name="Paragraph">メニュー <text:span text:style-name="T1">書式 → スタイリスト</text:span> コンテキストメニュー <text:span text:style-name="T1">変更</text:span> または <text:span text:style-name="T1">新規作成</text:span> 見出し <text:span text:style-name="T1">インデントと行間隔</text:span></text:p>
  </help:to-popup>
  <help:to-popup Eid="tabulator">
  <text:p text:style-name="Paragraph">メニュー <text:span text:style-name="T1">書式 → 段落...</text:span> 見出し <text:span text:style-name="T1">タブ</text:span></text:p>
  <text:p text:style-name="Paragraph">メニュー <text:span text:style-name="T1">書式 → スタイル → カタログ...</text:span> の <text:span text:style-name="T1">変更</text:span> または <text:span text:style-name="T1">新規作成</text:span> ボタンで開くダイアログの見出し <text:span text:style-name="T1">タブ</text:span></text:p>
  <text:p text:style-name="Paragraph">メニュー <text:span text:style-name="T1">書式 → スタイリスト</text:span> コンテキストメニュー <text:span text:style-name="T1">変更</text:span> または <text:span text:style-name="T1">新規作成</text:span> 見出し <text:span text:style-name="T1">タブ</text:span></text:p>
  <text:p text:style-name="Paragraph">メニュー <text:span text:style-name="T1">書式 → 段落...</text:span> 見出し <text:span text:style-name="T1">タブ</text:span>（プレゼンテーションおよび表計算ドキュメント）</text:p>
  <text:p text:style-name="Paragraph">ルーラバーをダブルクリック</text:p>
  </help:to-popup>
  <help:to-popup Eid="umrandung">
  <text:p text:style-name="Paragraph">メニュー <text:span text:style-name="T1">書式 → 段落...</text:span> 見出し <text:span text:style-name="T1">外枠</text:span></text:p>
  <text:p text:style-name="Paragraph">メニュー <text:span text:style-name="T1">書式 → 図...</text:span>　見出し <text:span text:style-name="T1">外枠</text:span></text:p>
  <text:p text:style-name="Paragraph">メニュー <text:span text:style-name="T1">書式 → オブジェクト...</text:span> 見出し <text:span text:style-name="T1">外枠</text:span></text:p>
  <text:p text:style-name="Paragraph">メニュー <text:span text:style-name="T1">書式 → 表...</text:span> 見出し <text:span text:style-name="T1">外枠</text:span></text:p>
  <text:p text:style-name="Paragraph">メニュー <text:span text:style-name="T1">書式 → 枠...</text:span> 見出し <text:span text:style-name="T1">外枠</text:span></text:p>
  <text:p text:style-name="Paragraph">メニュー <text:span text:style-name="T1">書式 → ページ...</text:span> 見出し <text:span text:style-name="T1">外枠</text:span></text:p>
  <text:p text:style-name="Paragraph">メニュー <text:span text:style-name="T1">書式 → スタイル → カタログ...</text:span> の <text:span text:style-name="T1">変更</text:span> または <text:span text:style-name="T1">新規作成</text:span> ボタンで開くダイアログの見出し <text:span text:style-name="T1">外枠</text:span></text:p>
  <text:p text:style-name="Paragraph">メニュー <text:span text:style-name="T1">書式　→ スタイリスト</text:span> コンテキストメニュー <text:span text:style-name="T1">変更</text:span> または <text:span text:style-name="T1">新規作成</text:span> 見出し <text:span text:style-name="T1">外枠</text:span></text:p>
  <text:p text:style-name="Paragraph">メニュー <text:span text:style-name="T1">書式 → ページ...</text:span> 見出し <text:span text:style-name="T1">ヘッダ</text:span> の <text:span text:style-name="T1">オプション</text:span> ボタン</text:p>
  <text:p text:style-name="Paragraph">メニュー <text:span text:style-name="T1">書式 → ページ...</text:span> 見出し <text:span text:style-name="T1">フッタ</text:span> の <text:span text:style-name="T1">オプション</text:span> ボタン</text:p>
  <text:p text:style-name="Paragraph"><help:switch select="Program"><help:case select="CALC">メニュー <text:span text:style-name="T1">書式 → セル...</text:span> 見出し <text:span text:style-name="T1">外枠</text:span></help:case></help:switch></text:p>
  </help:to-popup>
  <help:to-popup Eid="umrandungab">
  <text:p text:style-name="Paragraph"><help:switch select="Program"><help:case select="WRITER">メニュー <text:span text:style-name="T1">書式 → 段落</text:span> 見出し <text:span text:style-name="T1">外枠</text:span> の <text:span text:style-name="T1">内容までの間隔</text:span></help:case></help:switch></text:p>
  <text:p text:style-name="Paragraph"><help:switch select="Program"><help:case select="CALC">メニュー <text:span text:style-name="T1">書式 → ページ</text:span> 見出し <text:span text:style-name="T1">外枠</text:span> の <text:span text:style-name="T1">内容までの間隔</text:span></help:case></help:switch></text:p>
  </help:to-popup>
  <help:to-popup Eid="hintergrund">
  <text:p text:style-name="Paragraph">メニュー <text:span text:style-name="T1">書式 → 段落...</text:span> 見出し <text:span text:style-name="T1">背景</text:span></text:p>
  <text:p text:style-name="Paragraph">メニュー <text:span text:style-name="T1">書式 → 文字...</text:span> 見出し <text:span text:style-name="T1">背景</text:span></text:p>
  <text:p text:style-name="Paragraph">メニュー <text:span text:style-name="T1">書式 → 図...</text:span> 見出し <text:span text:style-name="T1">背景</text:span></text:p>
  <text:p text:style-name="Paragraph">メニュー <text:span text:style-name="T1">書式 → 表...</text:span> 見出し <text:span text:style-name="T1">背景</text:span></text:p>
  <text:p text:style-name="Paragraph">メニュー <text:span text:style-name="T1">書式 → 枠...</text:span>　見出し <text:span text:style-name="T1">背景</text:span></text:p>
  <text:p text:style-name="Paragraph">メニュー <text:span text:style-name="T1">書式 → ページ...</text:span>　見出し <text:span text:style-name="T1">背景</text:span></text:p>
  <text:p text:style-name="Paragraph">メニュー <text:span text:style-name="T1">書式 → ページ...</text:span> 見出し <text:span text:style-name="T1">ヘッダ</text:span> の <text:span text:style-name="T1">オプション</text:span> ボタン</text:p>
  <text:p text:style-name="Paragraph">メニュー <text:span text:style-name="T1">書式 → ページ → フッタ</text:span> を選択し、ボタン <text:span text:style-name="T1">詳細</text:span> をクリックします。</text:p>
  <text:p text:style-name="Paragraph">メニュー <text:span text:style-name="T1">書式 → スタイル → カタログ...</text:span> の <text:span text:style-name="T1">変更</text:span> または <text:span text:style-name="T1">新規作成</text:span> で開くダイアログの見出し <text:span text:style-name="T1">背景</text:span></text:p>
  <text:p text:style-name="Paragraph">メニュー <text:span text:style-name="T1">書式　→ スタイリスト</text:span> コンテキストメニュー <text:span text:style-name="T1">変更</text:span> または <text:span text:style-name="T1">新規作成</text:span> 見出し <text:span text:style-name="T1">背景</text:span></text:p>
  <text:p text:style-name="Paragraph">メニュー <text:span text:style-name="T1"><text:s/>挿入 </text:span>あるいは <text:span text:style-name="T1">編集 → 範囲...</text:span> 見出し <text:span text:style-name="T1">背景</text:span></text:p>
  <text:p text:style-name="Paragraph">メニュー <text:span text:style-name="T1">挿入 → 封筒</text:span> を選択し、見出し <text:span text:style-name="T1">書式</text:span> をクリックします。次に、<text:span text:style-name="T1">編集 → 文字</text:span> をクリックし、見出し <text:span text:style-name="T1">背景</text:span> をクリックします。</text:p>
  <text:p text:style-name="Paragraph">メニュー <text:span text:style-name="T1">ツール → オプション → HTML 形式ドキュメント</text:span> を選択します。</text:p>
  <text:p text:style-name="Paragraph"><help:switch select="Program"><help:case select="CALC">メニュー <text:span text:style-name="T1">書式 → セル...</text:span> 見出し <text:span text:style-name="T1">背景</text:span></help:case></help:switch></text:p>
  </help:to-popup>
  <help:to-popup Eid="seiteverwalten">
  <text:p text:style-name="Paragraph">メニュー <text:span text:style-name="T1">書式 → ページ...</text:span>　見出し <text:span text:style-name="T1">管理</text:span></text:p>
  <text:p text:style-name="Paragraph">メニュー <text:span text:style-name="T1">書式 → スタイル → カタログ...</text:span> の <text:span text:style-name="T1">変更</text:span> または <text:span text:style-name="T1">新規作成</text:span> ボタンで開くダイアログの見出し <text:span text:style-name="T1">管理</text:span></text:p>
  <text:p text:style-name="Paragraph">メニュー <text:span text:style-name="T1">書式　→ スタイリスト</text:span> コンテキストメニュー <text:span text:style-name="T1">変更</text:span> または <text:span text:style-name="T1">新規作成</text:span> 見出し <text:span text:style-name="T1">管理</text:span></text:p>
  </help:to-popup>
  <help:to-popup Eid="seite">
  <text:p text:style-name="Paragraph">メニュー <text:span text:style-name="T1">書式 → ページ...</text:span>　見出し <text:span text:style-name="T1">ページ</text:span></text:p>
  <text:p text:style-name="Paragraph">メニュー <text:span text:style-name="T1">書式 → スタイル → カタログ...</text:span> の <text:span text:style-name="T1">変更</text:span> または <text:span text:style-name="T1">新規作成</text:span> ボタンで開くダイアログの見出し <text:span text:style-name="T1">ページ</text:span></text:p>
  <text:p text:style-name="Paragraph">メニュー <text:span text:style-name="T1">書式　→ スタイリスト</text:span> コンテキストメニュー <text:span text:style-name="T1">変更</text:span> または <text:span text:style-name="T1">新規作成</text:span> 見出し <text:span text:style-name="T1">ページ</text:span></text:p>
  </help:to-popup>
  <help:to-popup Eid="kopfzeile">
  <text:p text:style-name="Paragraph">メニュー <text:span text:style-name="T1">書式 → ページ...</text:span> 見出し <text:span text:style-name="T1">ヘッダ</text:span></text:p>
  <text:p text:style-name="Paragraph">メニュー <text:span text:style-name="T1">書式 → スタイル → カタログ...</text:span> の <text:span text:style-name="T1">変更</text:span> または <text:span text:style-name="T1">新規作成</text:span> ボタンで開くダイアログの見出し <text:span text:style-name="T1">ヘッダ</text:span></text:p>
  <text:p text:style-name="Paragraph">メニュー <text:span text:style-name="T1">書式　→ スタイリスト</text:span> コンテキストメニュー <text:span text:style-name="T1">変更</text:span> または <text:span text:style-name="T1">新規作成</text:span> 見出し <text:span text:style-name="T1">ヘッダ</text:span></text:p>
  </help:to-popup>
  <help:to-popup Eid="fusszeile">
  <text:p text:style-name="Paragraph">メニュー <text:span text:style-name="T1">書式 → ページ...</text:span>　見出し <text:span text:style-name="T1">フッタ</text:span></text:p>
  <text:p text:style-name="Paragraph">メニュー <text:span text:style-name="T1">書式 → スタイル → カタログ...</text:span> の <text:span text:style-name="T1">変更</text:span> または <text:span text:style-name="T1">新規作成</text:span> ボタンで開くダイアログの見出し <text:span text:style-name="T1">フッタ</text:span></text:p>
  <text:p text:style-name="Paragraph">メニュー <text:span text:style-name="T1">書式 → スタイリスト</text:span> コンテキストメニュー <text:span text:style-name="T1">変更</text:span> または <text:span text:style-name="T1">新規作成</text:span> 見出し <text:span text:style-name="T1">フッタ</text:span></text:p>
  </help:to-popup>
  <help:to-popup Eid="gestalter">
  <text:p text:style-name="Paragraph">メニュー <text:span text:style-name="T1">書式 → スタイリスト</text:span></text:p>
  <text:p text:style-name="Paragraph">（F11）</text:p>
  <text:p text:style-name="Paragraph"><text:span text:style-name="T1">ファンクションバー</text:span> 上でクリックします。</text:p>
  <a name="sygestalter"/>
  <table:table table:name="Tabelle9" table:style-name="Tabelle9">
   <table:table-column table:style-name="Tabelle9.A"/>
   <table:table-column table:style-name="Tabelle9.B"/>
   <table:table-header-rows>
    <table:table-row>
     <table:table-cell table:value-type="string">
      <text:p text:style-name="Paragraph"><draw:image draw:name="マーク2" svg:desc="マーク" svg:pixelx="25" svg:pixely="25" svg:width="0.661cm" svg:height="0.661cm" xlink:href="65922" draw:filter-name=""/></text:p>

     </table:table-cell>
     <table:table-cell table:value-type="string">
      <text:p text:style-name="Paragraph">スタイリスト</text:p>
     </table:table-cell>
    </table:table-row>
   </table:table-header-rows>
  </table:table>
  </help:to-popup>
  <text:p text:style-name="Paragraph"><help:to-popup Eid="vorlagen">メニュー <text:span text:style-name="T1">書式 → スタイル</text:span></help:to-popup></text:p>
  <help:to-popup Eid="vorlagenkatalog">
  <text:p text:style-name="Paragraph">メニュー <text:span text:style-name="T1">書式 → スタイル → カタログ...</text:span></text:p>
  <text:p text:style-name="Paragraph"><help:switch select="System"><help:case select ="MAC">（Command）</help:case><help:default>（Ctrl）</help:default></help:switch>＋（Y）</text:p>
  </help:to-popup>
  <help:to-popup Eid="3d">
  <text:p text:style-name="Paragraph">メニュー <text:span text:style-name="T1">書式 → 3D 効果</text:span></text:p>
  <text:p text:style-name="Paragraph"><help:switch select="Program"><help:case select="CHART"></help:case><help:default>標準ツールバー上でクリックします。</help:default></help:switch></text:p>
  <a name="sy3d"/>
  <table:table table:name="Tabelle2" table:style-name="Tabelle2">
   <table:table-column table:style-name="Tabelle2.A"/>
   <table:table-column table:style-name="Tabelle2.B"/>
   <table:table-header-rows>
    <table:table-row>
     <table:table-cell table:style-name="Tabelle2.A1" table:value-type="string">
      <text:p text:style-name="Paragraph"><draw:image draw:name="マーク3" svg:desc="マーク" svg:pixelx="25" svg:pixely="25" svg:width="0.661cm" svg:height="0.661cm" xlink:href="65620" draw:filter-name=""/></text:p>

     </table:table-cell>
     <table:table-cell table:style-name="Tabelle2.A1" table:value-type="string">
      <text:p text:style-name="Paragraph"><text:span text:style-name="T1">3D 効果</text:span>:</text:p>
     </table:table-cell>
    </table:table-row>
   </table:table-header-rows>
  </table:table>
  </help:to-popup>
  <text:p text:style-name="Paragraph"><help:to-popup Eid="3dfavoriten">メニュー <text:span text:style-name="T1">書式 → 3D 効果</text:span> 見出し <text:span text:style-name="T1">お気に入り</text:span></help:to-popup></text:p>
  <text:p text:style-name="Paragraph"><help:to-popup Eid="3dgeometrie">メニュー <text:span text:style-name="T1">書式 → 3D 効果</text:span> 見出し <text:span text:style-name="T1">幾何デザイン</text:span></help:to-popup></text:p>
  <text:p text:style-name="Paragraph"><help:to-popup Eid="3ddarstellung">メニュー <text:span text:style-name="T1">書式 → 3D 効果</text:span> 見出し <text:span text:style-name="T1">表示</text:span></help:to-popup></text:p>
  <text:p text:style-name="Paragraph"><help:to-popup Eid="3dbeleuchtung">メニュー <text:span text:style-name="T1">書式 → 3D 効果</text:span> 見出し <text:span text:style-name="T1">照明</text:span></help:to-popup></text:p>
  <text:p text:style-name="Paragraph"><help:to-popup Eid="3dtexturen">メニュー <text:span text:style-name="T1">書式 → 3D 効果</text:span> 見出し <text:span text:style-name="T1">テクスチャー</text:span></help:to-popup></text:p>
  <text:p text:style-name="Paragraph"><help:to-popup Eid="3dmaterial">メニュー <text:span text:style-name="T1">書式 → 3D 効果</text:span> 見出し <text:span text:style-name="T1">素材</text:span></help:to-popup></text:p>
  <help:to-popup Eid="numauf">
  <text:p text:style-name="Paragraph">メニュー <text:span text:style-name="T1">書式 → 箇条書きと番号付け...</text:span></text:p>
  <text:p text:style-name="Paragraph"><text:span text:style-name="T1">オブジェクト</text:span> バー上でクリックします。</text:p>
  <help:to-be-embedded Eid="synumauf">
  <table:table table:name="Tabelle10" table:style-name="Tabelle10">
   <table:table-column table:style-name="Tabelle10.A"/>
   <table:table-column table:style-name="Tabelle10.B"/>
   <table:table-header-rows>
    <table:table-row>
     <table:table-cell table:value-type="string">
      <text:p text:style-name="Paragraph"><draw:image draw:name="Graphic4" svg:desc="No Description" svg:pixelx="25" svg:pixely="25" svg:width="0.661cm" svg:height="0.661cm" xlink:href="66199" draw:filter-name=""/></text:p>

     </table:table-cell>
     <table:table-cell table:value-type="string">
      <text:p text:style-name="Paragraph">箇条書き記号</text:p>
     </table:table-cell>
    </table:table-row>
   </table:table-header-rows>
  </table:table>
  </help:to-be-embedded></help:to-popup>
  <help:to-popup Eid="numoptionen">
  <text:p text:style-name="Paragraph">メニュー <text:span text:style-name="T1">書式 → 箇条書きと番号付け...</text:span> 見出し <text:span text:style-name="T1">オプション</text:span></text:p>
  <text:p text:style-name="Paragraph"><help:switch select="Program"><help:case select="IMPRESS">スタイリスト → プレゼンテーションオブジェクトスタイル → アウトラインスタイルのコンテキストメニュー <text:span text:style-name="T1">新規作成...</text:span> または <text:span text:style-name="T1">変更...</text:span></help:case></help:switch></text:p>
  <text:p text:style-name="Paragraph"><help:switch select="Program"><help:case select="WRITER">スタイリスト → 番号付けスタイル → コンテキストメニュー <text:span text:style-name="T1">新規作成...</text:span> または <text:span text:style-name="T1">変更...</text:span></help:case></help:switch></text:p>
  </help:to-popup>
  <help:to-popup Eid="numbullets">
  <text:p text:style-name="Paragraph">メニュー <text:span text:style-name="T1">書式 → 箇条書きと番号付け...</text:span> 見出し <text:span text:style-name="T1">箇条書き</text:span></text:p>
  <text:p text:style-name="Paragraph"><help:switch select="Program"><help:case select="IMPRESS">スタイリスト → プレゼンテーションオブジェクトスタイル → アウトラインスタイルのコンテキストメニュー <text:span text:style-name="T1">新規作成...</text:span> または <text:span text:style-name="T1">変更...</text:span></help:case></help:switch></text:p>
  <text:p text:style-name="Paragraph"><help:switch select="Program"><help:case select="WRITER">スタイリスト → 番号付けスタイル → コンテキストメニュー <text:span text:style-name="T1">新規作成...</text:span> または <text:span text:style-name="T1">変更...</text:span></help:case></help:switch></text:p>
  </help:to-popup>
  <help:to-popup Eid="numnumerierungsart">
  <text:p text:style-name="Paragraph">メニュー <text:span text:style-name="T1">書式 → 箇条書きと番号付け...</text:span> 見出し <text:span text:style-name="T1">番号付けの種類</text:span></text:p>
  <text:p text:style-name="Paragraph"><help:switch select="Program"><help:case select="IMPRESS">スタイリスト → プレゼンテーションオブジェクトスタイル → アウトラインスタイルのコンテキストメニュー <text:span text:style-name="T1">新規作成...</text:span> または <text:span text:style-name="T1">変更...</text:span></help:case></help:switch></text:p>
  <text:p text:style-name="Paragraph"><help:switch select="Program"><help:case select="WRITER">スタイリスト → 番号付けスタイル → コンテキストメニュー <text:span text:style-name="T1">新規作成...</text:span> または <text:span text:style-name="T1">変更...</text:span></help:case></help:switch></text:p>
  </help:to-popup>
  <help:to-popup Eid="numnumerierung">
  <text:p text:style-name="Paragraph">メニュー <text:span text:style-name="T1">書式 → 箇条書きと番号付け...</text:span> 見出し <text:span text:style-name="T1">アウトライン</text:span></text:p>
  <text:p text:style-name="Paragraph"><help:switch select="Program"><help:case select="WRITER">スタイリスト → 番号付けスタイル → コンテキストメニュー <text:span text:style-name="T1">新規作成...</text:span> または <text:span text:style-name="T1">変更...</text:span></help:case></help:switch></text:p>
  </help:to-popup>
  <help:to-popup Eid="numgrafiken">
  <text:p text:style-name="Paragraph">メニュー <text:span text:style-name="T1">書式 → 箇条書きと番号付け...</text:span> 見出し <text:span text:style-name="T1">図</text:span></text:p>
  <text:p text:style-name="Paragraph"><help:switch select="Program"><help:case select="IMPRESS">スタイリスト → プレゼンテーションオブジェクトスタイル → アウトラインスタイルのコンテキストメニュー <text:span text:style-name="T1">新規作成...</text:span> または <text:span text:style-name="T1">変更...</text:span></help:case></help:switch></text:p>
  <text:p text:style-name="Paragraph"><help:switch select="Program"><help:case select="WRITER">スタイリスト → 番号付けスタイル → コンテキストメニュー <text:span text:style-name="T1">新規作成...</text:span> または <text:span text:style-name="T1">変更...</text:span></help:case></help:switch></text:p>
  </help:to-popup>
  <help:to-popup Eid="numposition">
  <text:p text:style-name="Paragraph">メニュー <text:span text:style-name="T1">書式 → 箇条書きと番号付け...</text:span> 見出し <text:span text:style-name="T1">位置</text:span></text:p>
  <text:p text:style-name="Paragraph"><help:switch select="Program"><help:case select="WRITER">メニュー <text:span text:style-name="T1">ツール → 章番号付け...</text:span> 見出し <text:span text:style-name="T1">位置</text:span></help:case></help:switch></text:p>
  <text:p text:style-name="Paragraph"><help:switch select="Program"><help:case select="WRITER">スタイリスト → 番号付けスタイル → コンテキストメニュー <text:span text:style-name="T1">新規作成...</text:span> または <text:span text:style-name="T1">変更...</text:span></help:case></help:switch></text:p>
  </help:to-popup>
  <help:to-popup Eid="grafikzuschn">
  <text:p text:style-name="Paragraph"><help:switch select="Program"><help:case select="WRITER">メニュー <text:span text:style-name="T1">書式 → 図</text:span> を選択し、見出し <text:span text:style-name="T1">トリミング</text:span> をクリックします。</help:case></help:switch></text:p>
  <text:p text:style-name="Paragraph"><help:switch select="Program"><help:case select="WRITER"></help:case><help:default>図形描画<text:span text:style-name="T1">オブジェクト</text:span>バーのアイコン</help:default></help:switch></text:p>
  <help:switch select="Program"><help:case select="WRITER"></help:case><help:default>
  <table:table table:name="Tabelle11" table:style-name="Tabelle11">
   <table:table-column table:style-name="Tabelle11.A"/>
   <table:table-column table:style-name="Tabelle11.B"/>
   <table:table-header-rows>
    <table:table-row>
     <table:table-cell table:value-type="string">
      <text:p text:style-name="Paragraph"><draw:image draw:name="マーク5" svg:desc="マーク" svg:pixelx="25" svg:pixely="25" svg:width="0.661cm" svg:height="0.661cm" xlink:href="65747" draw:filter-name=""/></text:p>

     </table:table-cell>
     <table:table-cell table:value-type="string">
      <text:p text:style-name="Paragraph">トリミング</text:p>
     </table:table-cell>
    </table:table-row>
   </table:table-header-rows>
  </table:table>
  </help:default></help:switch>
  </help:to-popup>
  <help:to-popup Eid="grossklein">
  <text:p text:style-name="Paragraph">メニュー <text:span text:style-name="T1">書式 → 文字種の変換</text:span></text:p>
  <text:p text:style-name="Paragraph">文字のコンテキストメニュー <text:span text:style-name="T1">文字種の変換</text:span></text:p>
  </help:to-popup>
  <help:to-popup Eid="ruby">
  <text:p text:style-name="Paragraph">メニュー <text:span text:style-name="T1">書式 → ルビ</text:span></text:p>
  </help:to-popup>
 </office:body>
</office:document>
