

<office:document  xmlns:office="http://openoffice.org/2000/office" xmlns:style="http://openoffice.org/2000/style" xmlns:text="http://openoffice.org/2000/text" xmlns:table="http://openoffice.org/2000/table" xmlns:draw="http://openoffice.org/2000/drawing" xmlns:fo="http://www.w3.org/1999/XSL/Format" xmlns:xlink="http://www.w3.org/1999/xlink" xmlns:number="http://openoffice.org/2000/datastyle" xmlns:svg="http://www.w3.org/2000/svg" xmlns:chart="http://openoffice.org/2000/chart" xmlns:dr3d="http://openoffice.org/2000/dr3d" xmlns:math="http://www.w3.org/1998/Math/MathML" xmlns:form="http://openoffice.org/2000/form" xmlns:script="http://openoffice.org/2000/script" office:class="text" office:version="1.0" xmlns:dc="http://purl.org/dc/elements/1.1/" xmlns:meta="http://openoffice.org/2000/meta" xmlns:help="http://openoffice.org/2000/help">
<office:meta>
  <dc:description>text/common/00/01010000</dc:description>
  <dc:subject>ギャラリのコンテキストメニュー</dc:subject>

  <dc:language>ja-JP</dc:language>
  <meta:user-defined meta:name="Info 0">READY</meta:user-defined>
  <meta:user-defined meta:name="Info 1">FREE_OK</meta:user-defined>
  <meta:user-defined meta:name="Info 2">NOINDEX</meta:user-defined>
  <meta:user-defined meta:name="Info 3"/>
</office:meta>
 <office:script/>
 <office:font-decls>
  <style:font-decl style:name="StarSymbol" fo:font-family="StarSymbol" style:font-charset="x-symbol"/>
  <style:font-decl style:name="Courier New" fo:font-family="&apos;Courier New&apos;" style:font-style-name="Standard" style:font-family-generic="modern" style:font-pitch="fixed"/>
  <style:font-decl style:name="Courier" fo:font-family="Courier" style:font-family-generic="roman" style:font-pitch="fixed"/>
  <style:font-decl style:name="Andale WT UI3" fo:font-family="&apos;Andale WT UI&apos;" style:font-pitch="variable"/>
  <style:font-decl style:name="Arial Unicode MS" fo:font-family="&apos;Arial Unicode MS&apos;" style:font-pitch="variable"/>
  <style:font-decl style:name="HG Mincho Light J" fo:font-family="&apos;HG Mincho Light J&apos;" style:font-pitch="variable"/>
  <style:font-decl style:name="Andale WT UI" fo:font-family="&apos;Andale WT UI&apos;" style:font-style-name="Fett" style:font-family-generic="roman" style:font-pitch="variable"/>
  <style:font-decl style:name="Andale WT UI1" fo:font-family="&apos;Andale WT UI&apos;" style:font-style-name="Standard" style:font-family-generic="roman" style:font-pitch="variable"/>
  <style:font-decl style:name="Thorndale" fo:font-family="Thorndale" style:font-family-generic="roman" style:font-pitch="variable"/>
  <style:font-decl style:name="Times New Roman" fo:font-family="&apos;Times New Roman&apos;" style:font-style-name="Fett" style:font-family-generic="roman" style:font-pitch="variable"/>
  <style:font-decl style:name="Andale WT UI2" fo:font-family="&apos;Andale WT UI&apos;" style:font-family-generic="swiss" style:font-pitch="variable"/>
 </office:font-decls>
 <office:automatic-styles>
  <style:style style:name="P1" style:family="paragraph" style:parent-style-name="Paragraph" style:master-page-name="HTML">
   <style:properties style:page-number="0"/>
  </style:style>
  <style:style style:name="T1" style:family="text">
   <style:properties fo:font-weight="bold"/>
  </style:style>
 </office:automatic-styles>
 <office:body>
  <text:variable-decls>
   <text:variable-decl text:value-type="string" text:name="HTML_ON"/>
   <text:variable-decl text:value-type="string" text:name="HTML_OFF"/>
   <text:variable-decl text:value-type="string" text:name="TITEL"/>
   <text:variable-decl text:value-type="string" text:name="END"/>
   <text:variable-decl text:value-type="string" text:name="OS2"/>
   <text:variable-decl text:value-type="string" text:name="ELSE"/>
   <text:variable-decl text:value-type="string" text:name="NAME"/>
   <text:variable-decl text:value-type="string" text:name="MAC"/>
   <text:variable-decl text:value-type="string" text:name="HREF"/>
   <text:variable-decl text:value-type="string" text:name="MODIFY"/>
   <text:variable-decl text:value-type="string" text:name="REFNR"/>
   <text:variable-decl text:value-type="string" text:name="HelpID"/>
   <text:variable-decl text:value-type="string" text:name="HFELD"/>
   <text:variable-decl text:value-type="string" text:name="WIN"/>
   <text:variable-decl text:value-type="string" text:name="AKTHLP"/>
  </text:variable-decls>
  <text:sequence-decls>
   <text:sequence-decl text:display-outline-level="0" text:name="Illustration"/>
   <text:sequence-decl text:display-outline-level="0" text:name="Table"/>
   <text:sequence-decl text:display-outline-level="0" text:name="Text"/>
   <text:sequence-decl text:display-outline-level="0" text:name="Drawing"/>
  </text:sequence-decls>
  <text:p text:style-name="P1"/>
  <text:p text:style-name="Head 1">ギャラリのコンテキストメニュー</text:p>
  <text:p text:style-name="Head 2"><help:help-id value="HID_GALLERY_MN_ADDMENU"/>挿入</text:p>
  <text:p text:style-name="Paragraph"><help:help-text value="visible">選択した図オブジェクトをドキュメントに挿入する方法を指定します。</help:help-text></text:p>
  <text:p text:style-name="Head 3"><help:help-id value="HID_GALLERY_MN_ADD"/>コピー</text:p>
  <text:p text:style-name="Paragraph"><help:help-text value="visible">選択した図オブジェクトのコピーをドキュメントに直接挿入します。</help:help-text>オリジナルの図とのリンクは含まれていません。「コピー」を使用した場合、保存後のドキュメントでは「リンク」を使用した場合よりも大きな記憶領域が必要になります。</text:p>
  <text:p text:style-name="Head 3"><help:help-id value="HID_GALLERY_MN_ADD_LINK"/>リンク</text:p>
  <text:p text:style-name="Paragraph"><help:help-text value="visible">選択した図をリンクとして挿入します。</help:help-text>リンクされた図オブジェクトはオリジナルの図オブジェクトへの参照です。リンクの利点は、オリジナルの「コピー」よりも必要とする記憶領域が少ないことです。</text:p>
  <text:p text:style-name="Head 2"><help:switch select="Program"><help:case select="WRITER">背景</help:case></help:switch></text:p>
  <text:p text:style-name="Paragraph"><help:switch select="Program"><help:case select="WRITER">背景の図をアンカーする方法を指定します。</help:case></help:switch></text:p>
  <text:p text:style-name="Head 3"><help:switch select="Program"><help:case select="WRITER">ページ</help:case></help:switch></text:p>
  <text:p text:style-name="Paragraph"><help:switch select="Program"><help:case select="WRITER">図をページにアンカーします。</help:case></help:switch></text:p>
  <text:p text:style-name="Head 3"><help:switch select="Program"><help:case select="WRITER">段落</help:case></help:switch></text:p>
  <text:p text:style-name="Paragraph"><help:switch select="Program"><help:case select="WRITER">図を段落にアンカーします。</help:case></help:switch></text:p>
  <text:p text:style-name="Head 2"><help:help-id value="HID_GALLERY_MN_PREVIEW"/>プレビュー</text:p>
  <text:p text:style-name="Paragraph"><help:help-text value="visible"><text:span text:style-name="T1">プレビュー</text:span> をクリックすると、選択した図が表示されます。</help:help-text>元の表示に戻すには、もう一度 <text:span text:style-name="T1">プレビュー</text:span> をクリックします。また、図をダブルクリックするか、Space キーを押すことにより、プレビュー表示のオン/オフを切り替えることができます。</text:p>
  <text:p text:style-name="Head 2"><help:help-id value="HID_GALLERY_TITLE"/><help:help-id value="SVX_EDIT_RID_SVXDLG_GALLERY_TITLE_EDT_TITLE"/>タイトル</text:p>
  <text:p text:style-name="Paragraph"><help:help-text value="visible">選択したギャラリオブジェクトにタイトルを割り当てます。</help:help-text>ギャラリのテーマが書き込み保護されている場合にはこの操作を行うことはできません。ダイアログ <text:span text:style-name="T1">タイトルの入力</text:span> で <text:span text:style-name="T1">OK</text:span> をクリックしてダイアログを閉じると、タイトルが設定されます。リンクオブジェクトでは、タイトルに続くかっこ内にソースパスが表示されます。</text:p>
  <text:p text:style-name="Head 2"><help:help-id value="HID_GALLERY_MN_DELETE"/>削除</text:p>
  <text:p text:style-name="Paragraph"><help:help-text value="visible">選択した図を確認後に削除します。</help:help-text></text:p>
 </office:body>
</office:document>
