

<office:document  xmlns:office="http://openoffice.org/2000/office" xmlns:style="http://openoffice.org/2000/style" xmlns:text="http://openoffice.org/2000/text" xmlns:table="http://openoffice.org/2000/table" xmlns:draw="http://openoffice.org/2000/drawing" xmlns:fo="http://www.w3.org/1999/XSL/Format" xmlns:xlink="http://www.w3.org/1999/xlink" xmlns:number="http://openoffice.org/2000/datastyle" xmlns:svg="http://www.w3.org/2000/svg" xmlns:chart="http://openoffice.org/2000/chart" xmlns:dr3d="http://openoffice.org/2000/dr3d" xmlns:math="http://www.w3.org/1998/Math/MathML" xmlns:form="http://openoffice.org/2000/form" xmlns:script="http://openoffice.org/2000/script" office:class="text" office:version="1.0" xmlns:dc="http://purl.org/dc/elements/1.1/" xmlns:meta="http://openoffice.org/2000/meta" xmlns:help="http://openoffice.org/2000/help">
<office:meta>
  <dc:description>text/common/autopi/01010200</dc:description>
  <dc:subject>自动文件助理信函 - 第 2 页</dc:subject>

  <dc:language>zh-CN</dc:language>
  <meta:user-defined meta:name="Info 0">READY</meta:user-defined>
  <meta:user-defined meta:name="Info 1">FREE_OK</meta:user-defined>
  <meta:user-defined meta:name="Info 2"/>
  <meta:user-defined meta:name="Info 3"/>
</office:meta>
 <office:script/>
 <office:font-decls>
  <style:font-decl style:name="StarSymbol" fo:font-family="StarSymbol" style:font-charset="x-symbol"/>
  <style:font-decl style:name="Courier New" fo:font-family="&apos;Courier New&apos;" style:font-style-name="Standard" style:font-family-generic="modern" style:font-pitch="fixed"/>
  <style:font-decl style:name="Courier" fo:font-family="Courier" style:font-family-generic="roman" style:font-pitch="fixed"/>
  <style:font-decl style:name="Andale WT UI3" fo:font-family="&apos;Andale WT UI&apos;" style:font-pitch="variable"/>
  <style:font-decl style:name="Arial Unicode MS" fo:font-family="&apos;Arial Unicode MS&apos;" style:font-pitch="variable"/>
  <style:font-decl style:name="HG Mincho Light J" fo:font-family="&apos;HG Mincho Light J&apos;" style:font-pitch="variable"/>
  <style:font-decl style:name="Andale WT UI" fo:font-family="&apos;Andale WT UI&apos;" style:font-style-name="Fett" style:font-family-generic="roman" style:font-pitch="variable"/>
  <style:font-decl style:name="Andale WT UI1" fo:font-family="&apos;Andale WT UI&apos;" style:font-style-name="Standard" style:font-family-generic="roman" style:font-pitch="variable"/>
  <style:font-decl style:name="Thorndale" fo:font-family="Thorndale" style:font-family-generic="roman" style:font-pitch="variable"/>
  <style:font-decl style:name="Times New Roman" fo:font-family="&apos;Times New Roman&apos;" style:font-style-name="Fett" style:font-family-generic="roman" style:font-pitch="variable"/>
  <style:font-decl style:name="Andale WT UI2" fo:font-family="&apos;Andale WT UI&apos;" style:font-family-generic="swiss" style:font-pitch="variable"/>
 </office:font-decls>
 <office:automatic-styles>
  <style:style style:name="P1" style:family="paragraph" style:parent-style-name="Paragraph" style:master-page-name="HTML">
   <style:properties style:page-number="0"/>
  </style:style>
  <style:style style:name="T1" style:family="text">
   <style:properties fo:font-weight="bold"/>
  </style:style>
 </office:automatic-styles>
 <office:body>
  <text:variable-decls>
   <text:variable-decl text:value-type="string" text:name="HTML_ON"/>
   <text:variable-decl text:value-type="string" text:name="HTML_OFF"/>
   <text:variable-decl text:value-type="string" text:name="TITEL"/>
   <text:variable-decl text:value-type="string" text:name="END"/>
   <text:variable-decl text:value-type="string" text:name="OS2"/>
   <text:variable-decl text:value-type="string" text:name="ELSE"/>
   <text:variable-decl text:value-type="string" text:name="HREF"/>
   <text:variable-decl text:value-type="string" text:name="MAC"/>
   <text:variable-decl text:value-type="string" text:name="NAME"/>
   <text:variable-decl text:value-type="string" text:name="HelpID"/>
   <text:variable-decl text:value-type="string" text:name="MODIFY"/>
   <text:variable-decl text:value-type="string" text:name="REFNR"/>
   <text:variable-decl text:value-type="string" text:name="AKTHLP"/>
   <text:variable-decl text:value-type="string" text:name="STYLE"/>
  </text:variable-decls>
  <text:sequence-decls>
   <text:sequence-decl text:display-outline-level="0" text:name="Illustration"/>
   <text:sequence-decl text:display-outline-level="0" text:name="Table"/>
   <text:sequence-decl text:display-outline-level="0" text:name="Text"/>
   <text:sequence-decl text:display-outline-level="0" text:name="Drawing"/>
  </text:sequence-decls>
  <help:to-be-embedded Eid="seite2">
  <text:p text:style-name="Head 1"><help:help-id value="HID_LETTER_PAGE2"/><help:link Id="66081">自动文件助理信函 - 第 2 页</help:link></text:p>
  <text:p text:style-name="Paragraph"><help:help-text value="visible">在此区域中，可以选择要在文档样式中使用的徽标。</help:help-text>选定的徽标不同，此页面上可用的选项也不同。</text:p>
  </help:to-be-embedded>
  <help:popup Id="65611" Eid="autopilotbrief2"><help:embedded Id="65598" Eid="wie"></help:embedded></help:popup>
  <text:p text:style-name="Head 2"><a name="logoart"/>信函/传真要采用哪一个艺术徽标？</text:p>
  <help:to-be-embedded Eid="010102text">
  <text:p text:style-name="Paragraph">在这个区域选择一个徽标。此页上面可供使用的选项根据所选择的徽标类型而改变。</text:p>
  </help:to-be-embedded>
  <help:help-id value="SW_RADIOBUTTON_DLG_WIZARD_LT_DLG_LGO_RBTN_NOLOGO"/>
  <help:to-be-embedded Eid="2keinlogo">
  <text:p text:style-name="Head 3">无徽标</text:p>
  <text:p text:style-name="Paragraph"><help:help-text value="visible">指定在信函或传真中不含徽标。</help:help-text></text:p>
  </help:to-be-embedded>
  <help:help-id value="SW_RADIOBUTTON_DLG_WIZARD_LT_DLG_LGO_RBTN_GRLOGO"/>
  <help:to-be-embedded Eid="2grafik">
  <text:p text:style-name="Head 3">图形</text:p>
  <text:p text:style-name="Paragraph"><help:help-text value="visible">指定插入一个图形作为徽标。您可以在<text:span text:style-name="T1">“图形文件名”</text:span>中选择图形文件。</help:help-text></text:p>
  </help:to-be-embedded>
  <help:help-id value="SW_RADIOBUTTON_DLG_WIZARD_LT_DLG_LGO_RBTN_TXLOGO"/>
  <help:to-be-embedded Eid="2text">
  <text:p text:style-name="Head 3">文字</text:p>
  <text:p text:style-name="Paragraph"><help:help-text value="visible">指定要输入文字作为徽标。</help:help-text></text:p>
  <text:p text:style-name="Head 2"><a name="grafikdateiname"/>图形文件名</text:p>
  <text:p text:style-name="Paragraph">只在选择一个图形当作徽标时，才能见到这个选项。您看到的是所选择的图形文件的名称；用按钮<text:span text:style-name="T1">选择图形</text:span>可以选择一个新的文件。</text:p>
  </help:to-be-embedded>
  <help:help-id value="SW_PUSHBUTTON_DLG_WIZARD_LT_DLG_LGO_PBTN_LOGOFN"/>
  <help:to-be-embedded Eid="2grafikauswahl">
  <text:p text:style-name="Head 3">选择图形</text:p>
  <text:p text:style-name="Paragraph"><help:help-text value="visible">将打开 <help:link Id="65636">[选择徽标图形]</help:link> 对话框。</help:help-text></text:p>
  </help:to-be-embedded>
  <help:help-id value="SW_MULTILINEEDIT_DLG_WIZARD_LT_DLG_LGO_MEDT_LOGOTX"/>
  <help:to-be-embedded Eid="2logotext">
  <text:p text:style-name="Head 2"><a name="logotext"/>徽标文字</text:p>
  <text:p text:style-name="Paragraph"><help:help-text value="visible">如果要输入文字作为徽标，则显示<text:span text:style-name="T1">“徽标文字”</text:span>文字框。在这里输入的文字将作为徽标显示在信函的顶端。</help:help-text></text:p>
  <text:p text:style-name="Head 2"><a name="groesse"/>大小</text:p>
  <text:p text:style-name="Paragraph">定义徽标的准确大小。</text:p>
  </help:to-be-embedded>
  <help:help-id value="SW_METRICFIELD_DLG_WIZARD_LT_DLG_LGO_MFLD_LOGOWD"/>
  <help:to-be-embedded Eid="2breite">
  <text:p text:style-name="Head 3">宽度</text:p>
  <text:p text:style-name="Paragraph"><help:help-text value="visible">定义徽标的宽度。</help:help-text></text:p>
  </help:to-be-embedded>
  <help:help-id value="SW_METRICFIELD_DLG_WIZARD_LT_DLG_LGO_MFLD_LOGOHG"/>
  <help:to-be-embedded Eid="2hoehe">
  <text:p text:style-name="Head 3">高度</text:p>
  <text:p text:style-name="Paragraph"><help:help-text value="visible">定义徽标的高度。</help:help-text></text:p>
  <text:p text:style-name="Head 2"><a name="position"/>位置</text:p>
  <text:p text:style-name="Paragraph">单击某个图标来定义徽标在页面上的位置，并用选值框精确设定位置：</text:p>
  </help:to-be-embedded>
  <help:help-id value="SW_IMAGEBUTTON_DLG_WIZARD_LT_DLG_LGO_BBTN_LOGOLI"/>
  <help:to-be-embedded Eid="2links">
  <text:p text:style-name="Head 3">左</text:p>
  <text:p text:style-name="Paragraph"><help:help-text value="visible">将徽标置于页面的左侧。</help:help-text></text:p>
  </help:to-be-embedded>
  <help:help-id value="SW_IMAGEBUTTON_DLG_WIZARD_LT_DLG_LGO_BBTN_LOGOMI"/>
  <help:to-be-embedded Eid="2mitte">
  <text:p text:style-name="Head 3">居中</text:p>
  <text:p text:style-name="Paragraph"><help:help-text value="visible">将徽标置于页面的中心。</help:help-text></text:p>
  </help:to-be-embedded>
  <help:help-id value="SW_IMAGEBUTTON_DLG_WIZARD_LT_DLG_LGO_BBTN_LOGORE"/>
  <help:to-be-embedded Eid="2rechts">
  <text:p text:style-name="Head 3">右</text:p>
  <text:p text:style-name="Paragraph"><help:help-text value="visible">将徽标置于页面的右侧。</help:help-text></text:p>
  </help:to-be-embedded>
  <help:help-id value="SW_METRICFIELD_DLG_WIZARD_LT_DLG_LGO_MFLD_LOGOHO"/>
  <help:to-be-embedded Eid="2vonlr">
  <text:p text:style-name="Head 3">从左往右</text:p>
  <text:p text:style-name="Paragraph"><help:help-text value="visible">设定徽标与左、右页边距的间隔。</help:help-text></text:p>
  </help:to-be-embedded>
  <help:help-id value="SW_METRICFIELD_DLG_WIZARD_LT_DLG_LGO_MFLD_LOGOVE"/>
  <help:to-be-embedded Eid="2vonoben">
  <text:p text:style-name="Head 3">从上部</text:p>
  <text:p text:style-name="Paragraph"><help:help-text value="visible">设定徽标与页面上边距的间隔。</help:help-text></text:p>
  </help:to-be-embedded>
  <text:p text:style-name="Paragraph"><help:link Id="66142">继续自动文件助理 信函 - 第3页</help:link></text:p>
 </office:body>
</office:document>
