

<office:document  xmlns:office="http://openoffice.org/2000/office" xmlns:style="http://openoffice.org/2000/style" xmlns:text="http://openoffice.org/2000/text" xmlns:table="http://openoffice.org/2000/table" xmlns:draw="http://openoffice.org/2000/drawing" xmlns:fo="http://www.w3.org/1999/XSL/Format" xmlns:xlink="http://www.w3.org/1999/xlink" xmlns:number="http://openoffice.org/2000/datastyle" xmlns:svg="http://www.w3.org/2000/svg" xmlns:chart="http://openoffice.org/2000/chart" xmlns:dr3d="http://openoffice.org/2000/dr3d" xmlns:math="http://www.w3.org/1998/Math/MathML" xmlns:form="http://openoffice.org/2000/form" xmlns:script="http://openoffice.org/2000/script" office:class="text" office:version="1.0" xmlns:dc="http://purl.org/dc/elements/1.1/" xmlns:meta="http://openoffice.org/2000/meta" xmlns:help="http://openoffice.org/2000/help">
<office:meta>
  <dc:description>text/common/autopi/01010700</dc:description>
  <dc:subject>自动文件助理 信函 - 第7页</dc:subject>

  <dc:language>zh-CN</dc:language>
  <meta:user-defined meta:name="Info 0">READY</meta:user-defined>
  <meta:user-defined meta:name="Info 1">FREE_OK</meta:user-defined>
  <meta:user-defined meta:name="Info 2"/>
  <meta:user-defined meta:name="Info 3"/>
</office:meta>
 <office:script/>
 <office:font-decls>
  <style:font-decl style:name="StarSymbol" fo:font-family="StarSymbol" style:font-charset="x-symbol"/>
  <style:font-decl style:name="Courier New" fo:font-family="&apos;Courier New&apos;" style:font-style-name="Standard" style:font-family-generic="modern" style:font-pitch="fixed"/>
  <style:font-decl style:name="Courier" fo:font-family="Courier" style:font-family-generic="roman" style:font-pitch="fixed"/>
  <style:font-decl style:name="Andale WT UI3" fo:font-family="&apos;Andale WT UI&apos;" style:font-pitch="variable"/>
  <style:font-decl style:name="Arial Unicode MS" fo:font-family="&apos;Arial Unicode MS&apos;" style:font-pitch="variable"/>
  <style:font-decl style:name="HG Mincho Light J" fo:font-family="&apos;HG Mincho Light J&apos;" style:font-pitch="variable"/>
  <style:font-decl style:name="Andale WT UI" fo:font-family="&apos;Andale WT UI&apos;" style:font-style-name="Fett" style:font-family-generic="roman" style:font-pitch="variable"/>
  <style:font-decl style:name="Andale WT UI1" fo:font-family="&apos;Andale WT UI&apos;" style:font-style-name="Standard" style:font-family-generic="roman" style:font-pitch="variable"/>
  <style:font-decl style:name="Thorndale" fo:font-family="Thorndale" style:font-family-generic="roman" style:font-pitch="variable"/>
  <style:font-decl style:name="Times New Roman" fo:font-family="&apos;Times New Roman&apos;" style:font-style-name="Fett" style:font-family-generic="roman" style:font-pitch="variable"/>
  <style:font-decl style:name="Andale WT UI2" fo:font-family="&apos;Andale WT UI&apos;" style:font-family-generic="swiss" style:font-pitch="variable"/>
 </office:font-decls>
 <office:automatic-styles>
  <style:style style:name="P1" style:family="paragraph" style:parent-style-name="Paragraph" style:master-page-name="HTML">
   <style:properties style:page-number="0"/>
  </style:style>
 </office:automatic-styles>
 <office:body>
  <text:variable-decls>
   <text:variable-decl text:value-type="string" text:name="HTML_ON"/>
   <text:variable-decl text:value-type="string" text:name="HTML_OFF"/>
   <text:variable-decl text:value-type="string" text:name="TITEL"/>
   <text:variable-decl text:value-type="string" text:name="END"/>
   <text:variable-decl text:value-type="string" text:name="MAC"/>
   <text:variable-decl text:value-type="string" text:name="ELSE"/>
   <text:variable-decl text:value-type="string" text:name="HREF"/>
   <text:variable-decl text:value-type="string" text:name="NAME"/>
   <text:variable-decl text:value-type="string" text:name="HelpID"/>
   <text:variable-decl text:value-type="string" text:name="MODIFY"/>
   <text:variable-decl text:value-type="string" text:name="REFNR"/>
   <text:variable-decl text:value-type="string" text:name="AKTHLP"/>
   <text:variable-decl text:value-type="string" text:name="STYLE"/>
  </text:variable-decls>
  <text:sequence-decls>
   <text:sequence-decl text:display-outline-level="0" text:name="Illustration"/>
   <text:sequence-decl text:display-outline-level="0" text:name="Table"/>
   <text:sequence-decl text:display-outline-level="0" text:name="Text"/>
   <text:sequence-decl text:display-outline-level="0" text:name="Drawing"/>
  </text:sequence-decls>
  <help:to-be-embedded Eid="seite7">
  <text:p text:style-name="Head 1"><help:help-id value="HID_LETTER_PAGE7"/><help:link Id="66114">自动文件助理 信函 - 第7页</help:link></text:p>
  <text:p text:style-name="Paragraph"><help:help-text value="visible">请您设定信函的续页。</help:help-text></text:p>
  </help:to-be-embedded>
  <help:popup Id="65611" Eid="autopilotbrief7"><help:embedded Id="65598" Eid="wie"></help:embedded></help:popup>
  <text:p text:style-name="Head 2">页眉</text:p>
  <text:p text:style-name="Paragraph">您可以在这里定义页眉版式。页眉可以含有附加的信息或对象，如徽标和发件人。</text:p>
  <text:p text:style-name="Head 3"><help:help-id value="SW_METRICFIELD_DLG_WIZARD_LT_DLG_LT7_MFLD_KLINOB"/>从上</text:p>
  <text:p text:style-name="Paragraph"><help:help-text value="visible">指定页眉与页面上边框之间的间隔。</help:help-text>请注意打印机不能打印的区域。</text:p>
  <text:p text:style-name="Head 3"><help:help-id value="SW_METRICFIELD_DLG_WIZARD_LT_DLG_LT7_MFLD_KLINTX"/>至正文</text:p>
  <text:p text:style-name="Paragraph"><help:help-text value="visible">指定页眉与下面的文字之间的间隔。</help:help-text></text:p>
  <text:p text:style-name="Head 3"><help:help-id value="SW_LISTBOX_DLG_WIZARD_LT_DLG_LT7_LIST_LOGOWO"/>徽标</text:p>
  <text:p text:style-name="Paragraph"><help:help-text value="visible">在此选择是否和在哪里加入徽标。</help:help-text>用于续页的徽标大小与第1页上的大小可以分开来设定。</text:p>
  <text:p text:style-name="Head 4"><help:help-id value="SW_METRICFIELD_DLG_WIZARD_LT_DLG_LT7_MFLD_LOGOWD"/>宽度</text:p>
  <text:p text:style-name="Paragraph"><help:help-text value="visible">指定徽标的宽度。</help:help-text></text:p>
  <text:p text:style-name="Head 4"><help:help-id value="SW_METRICFIELD_DLG_WIZARD_LT_DLG_LT7_MFLD_LOGOHG"/>高度</text:p>
  <text:p text:style-name="Paragraph"><help:help-text value="visible">指定徽标的高度。</help:help-text></text:p>
  <text:p text:style-name="Head 3"><help:help-id value="SW_LISTBOX_DLG_WIZARD_LT_DLG_LT7_LIST_ABSNWO"/>发件人</text:p>
  <text:p text:style-name="Paragraph"><help:help-text value="visible">在此选择是否和在哪里加入发件人。</help:help-text>用于发件人区域的大小与第1页上的大小可以分开来设定。</text:p>
  <text:p text:style-name="Head 4"><help:help-id value="SW_METRICFIELD_DLG_WIZARD_LT_DLG_LT7_MFLD_ABSNWD"/>宽度</text:p>
  <text:p text:style-name="Paragraph"><help:help-text value="visible">定义发件人字段的宽度。</help:help-text></text:p>
  <text:p text:style-name="Head 4"><help:help-id value="SW_METRICFIELD_DLG_WIZARD_LT_DLG_LT7_MFLD_ABSNHG"/>高度</text:p>
  <text:p text:style-name="Paragraph"><help:help-text value="visible">定义发件人字段的高度。</help:help-text></text:p>
  <text:p text:style-name="Head 2">页脚</text:p>
  <text:p text:style-name="Paragraph">确定是否要在续页上显示页脚，并指定页脚的位置。</text:p>
  <text:p text:style-name="Head 3"><help:help-id value="SW_CHECKBOX_DLG_WIZARD_LT_DLG_LT7_CBOX_FUSANZ"/>显示页脚</text:p>
  <text:p text:style-name="Paragraph"><help:help-text value="visible">指定是否显示页脚。</help:help-text></text:p>
  <text:p text:style-name="Head 3"><help:help-id value="SW_METRICFIELD_DLG_WIZARD_LT_DLG_LT7_MFLD_FLINOB"/>从下</text:p>
  <text:p text:style-name="Paragraph"><help:help-text value="visible">指定页脚与页面下边框之间的间隔。</help:help-text>请注意打印机不能打印的区域。</text:p>
  <text:p text:style-name="Head 3"><help:help-id value="SW_METRICFIELD_DLG_WIZARD_LT_DLG_LT7_MFLD_FLINTX"/>至正文</text:p>
  <text:p text:style-name="Paragraph"><help:help-text value="visible">指定页脚与信函文字之间的间隔。</help:help-text></text:p>
  <text:p text:style-name="Paragraph"><help:link Id="66139">继续 至自动文件助理 信函 - 第8页</help:link></text:p>
 </office:body>
</office:document>
