

<office:document  xmlns:office="http://openoffice.org/2000/office" xmlns:style="http://openoffice.org/2000/style" xmlns:text="http://openoffice.org/2000/text" xmlns:table="http://openoffice.org/2000/table" xmlns:draw="http://openoffice.org/2000/drawing" xmlns:fo="http://www.w3.org/1999/XSL/Format" xmlns:xlink="http://www.w3.org/1999/xlink" xmlns:number="http://openoffice.org/2000/datastyle" xmlns:svg="http://www.w3.org/2000/svg" xmlns:chart="http://openoffice.org/2000/chart" xmlns:dr3d="http://openoffice.org/2000/dr3d" xmlns:math="http://www.w3.org/1998/Math/MathML" xmlns:form="http://openoffice.org/2000/form" xmlns:script="http://openoffice.org/2000/script" office:class="text" office:version="1.0" xmlns:dc="http://purl.org/dc/elements/1.1/" xmlns:meta="http://openoffice.org/2000/meta" xmlns:help="http://openoffice.org/2000/help">
<office:meta>
  <dc:description>text/common/autopi/01010500</dc:description>
  <dc:subject>自动文件助理 信函 第5页</dc:subject>

  <dc:language>zh-CN</dc:language>
  <meta:user-defined meta:name="Info 0">READY</meta:user-defined>
  <meta:user-defined meta:name="Info 1">FREE_OK</meta:user-defined>
  <meta:user-defined meta:name="Info 2"/>
  <meta:user-defined meta:name="Info 3"/>
</office:meta>
 <office:script/>
 <office:font-decls>
  <style:font-decl style:name="StarSymbol" fo:font-family="StarSymbol" style:font-charset="x-symbol"/>
  <style:font-decl style:name="Courier New" fo:font-family="&apos;Courier New&apos;" style:font-style-name="Standard" style:font-family-generic="modern" style:font-pitch="fixed"/>
  <style:font-decl style:name="Courier" fo:font-family="Courier" style:font-family-generic="roman" style:font-pitch="fixed"/>
  <style:font-decl style:name="Andale WT UI3" fo:font-family="&apos;Andale WT UI&apos;" style:font-pitch="variable"/>
  <style:font-decl style:name="Arial Unicode MS" fo:font-family="&apos;Arial Unicode MS&apos;" style:font-pitch="variable"/>
  <style:font-decl style:name="HG Mincho Light J" fo:font-family="&apos;HG Mincho Light J&apos;" style:font-pitch="variable"/>
  <style:font-decl style:name="Andale WT UI" fo:font-family="&apos;Andale WT UI&apos;" style:font-style-name="Fett" style:font-family-generic="roman" style:font-pitch="variable"/>
  <style:font-decl style:name="Andale WT UI1" fo:font-family="&apos;Andale WT UI&apos;" style:font-style-name="Standard" style:font-family-generic="roman" style:font-pitch="variable"/>
  <style:font-decl style:name="Thorndale" fo:font-family="Thorndale" style:font-family-generic="roman" style:font-pitch="variable"/>
  <style:font-decl style:name="Times New Roman" fo:font-family="&apos;Times New Roman&apos;" style:font-style-name="Fett" style:font-family-generic="roman" style:font-pitch="variable"/>
  <style:font-decl style:name="Andale WT UI2" fo:font-family="&apos;Andale WT UI&apos;" style:font-family-generic="swiss" style:font-pitch="variable"/>
 </office:font-decls>
 <office:automatic-styles>
  <style:style style:name="P1" style:family="paragraph" style:parent-style-name="Paragraph" style:master-page-name="HTML">
   <style:properties style:page-number="0"/>
  </style:style>
  <style:style style:name="T1" style:family="text">
   <style:properties fo:font-weight="bold"/>
  </style:style>
 </office:automatic-styles>
 <office:body>
  <text:variable-decls>
   <text:variable-decl text:value-type="string" text:name="HTML_ON"/>
   <text:variable-decl text:value-type="string" text:name="HTML_OFF"/>
   <text:variable-decl text:value-type="string" text:name="TITEL"/>
   <text:variable-decl text:value-type="string" text:name="END"/>
   <text:variable-decl text:value-type="string" text:name="MAC"/>
   <text:variable-decl text:value-type="string" text:name="ELSE"/>
   <text:variable-decl text:value-type="string" text:name="HREF"/>
   <text:variable-decl text:value-type="string" text:name="NAME"/>
   <text:variable-decl text:value-type="string" text:name="HelpID"/>
   <text:variable-decl text:value-type="string" text:name="MODIFY"/>
   <text:variable-decl text:value-type="string" text:name="REFNR"/>
   <text:variable-decl text:value-type="string" text:name="AKTHLP"/>
   <text:variable-decl text:value-type="string" text:name="STYLE"/>
  </text:variable-decls>
  <text:sequence-decls>
   <text:sequence-decl text:display-outline-level="0" text:name="Illustration"/>
   <text:sequence-decl text:display-outline-level="0" text:name="Table"/>
   <text:sequence-decl text:display-outline-level="0" text:name="Text"/>
   <text:sequence-decl text:display-outline-level="0" text:name="Drawing"/>
  </text:sequence-decls>
  <help:to-be-embedded Eid="seite5">
  <text:p text:style-name="Head 1"><help:help-id value="HID_LETTER_PAGE5"/><help:link Id="66145">自动文件助理 信函 第5页</help:link></text:p>
  <text:p text:style-name="Paragraph"><help:help-text value="visible">指定要在信函中包含哪些元素。</help:help-text></text:p>
  </help:to-be-embedded>
  <help:popup Id="65611" Eid="autopilotbrief5"><help:embedded Id="65598" Eid="wie"></help:embedded></help:popup>
  <text:p text:style-name="Head 2"><help:help-id value="SW_CHECKBOX_DLG_WIZARD_LT_DLG_LT5_CBOX_ELEM1"/>1.贵方的参考字符</text:p>
  <text:p text:style-name="Paragraph"><help:help-text value="visible">在信函中包括标准元素<text:span text:style-name="T1">“贵方的参考字符”</text:span>。</help:help-text></text:p>
  <text:p text:style-name="Head 3"><help:help-id value="SW_EDIT_DLG_WIZARD_LT_DLG_LT5_EDIT_ELEM1"/>贵方的参考字符</text:p>
  <text:p text:style-name="Paragraph"><help:help-text value="visible">可以按需求编辑该文本，或在信函中采用默认值。</help:help-text></text:p>
  <text:p text:style-name="Head 2"><help:help-id value="SW_CHECKBOX_DLG_WIZARD_LT_DLG_LT5_CBOX_ELEM2"/>2.我方的参考字符</text:p>
  <text:p text:style-name="Paragraph"><help:help-text value="visible">在信函中包括标准元素<text:span text:style-name="T1">“我方的参考字符”</text:span>。</help:help-text></text:p>
  <text:p text:style-name="Head 3"><help:help-id value="SW_EDIT_DLG_WIZARD_LT_DLG_LT5_EDIT_ELEM2"/>我方的参考字符</text:p>
  <text:p text:style-name="Paragraph"><help:help-text value="visible">采用该预设，或者按您的需求编辑该文本。</help:help-text></text:p>
  <text:p text:style-name="Head 2"><help:help-id value="SW_CHECKBOX_DLG_WIZARD_LT_DLG_LT5_CBOX_ELEM3"/>3.贵方来函日期</text:p>
  <text:p text:style-name="Paragraph"><help:help-text value="visible">在信函中包括标准元素<text:span text:style-name="T1">“贵方来函日期”</text:span>。</help:help-text></text:p>
  <text:p text:style-name="Head 3"><help:help-id value="SW_EDIT_DLG_WIZARD_LT_DLG_LT5_EDIT_ELEM3"/>贵方来函日期</text:p>
  <text:p text:style-name="Paragraph"><help:help-text value="visible">采用该预设，或者按您的需求编辑该文本。</help:help-text></text:p>
  <text:p text:style-name="Head 2"><help:help-id value="SW_CHECKBOX_DLG_WIZARD_LT_DLG_LT5_CBOX_ELEM4"/>4.我方信函日期</text:p>
  <text:p text:style-name="Paragraph"><help:help-text value="visible">在信函中包括标准元素<text:span text:style-name="T1">“我方信函日期”</text:span>。</help:help-text></text:p>
  <text:p text:style-name="Head 3"><help:help-id value="SW_EDIT_DLG_WIZARD_LT_DLG_LT5_EDIT_ELEM4"/>我方信函日期</text:p>
  <text:p text:style-name="Paragraph"><help:help-text value="visible">采用该默认文本，或者按您的需求对其加以编辑。</help:help-text></text:p>
  <text:p text:style-name="Head 2"><help:help-id value="SW_CHECKBOX_DLG_WIZARD_LT_DLG_LT5_CBOX_DATUM"/>日期</text:p>
  <text:p text:style-name="Paragraph"><help:help-text value="visible">将今天的日期作为字段函数插入到信函样式中。</help:help-text></text:p>
  <text:p text:style-name="Head 3"><help:help-id value="SW_LISTBOX_DLG_WIZARD_LT_DLG_LT5_LIST_DATUM"/>日期</text:p>
  <text:p text:style-name="Paragraph"><help:help-text value="visible">定义要采用的日期格式。</help:help-text></text:p>
  <text:p text:style-name="Head 2"><help:help-id value="SW_CHECKBOX_DLG_WIZARD_LT_DLG_LT5_CBOX_BETREF"/>事由行</text:p>
  <text:p text:style-name="Paragraph"><help:help-text value="visible">插入事由行。</help:help-text></text:p>
  <text:p text:style-name="Head 3"><help:help-id value="SW_EDIT_DLG_WIZARD_LT_DLG_LT5_EDIT_BETREF"/>事由行</text:p>
  <text:p text:style-name="Paragraph"><help:help-text value="visible">指定事由行的文字。</help:help-text></text:p>
  <text:p text:style-name="Head 2"><help:help-id value="SW_CHECKBOX_DLG_WIZARD_LT_DLG_LT5_CBOX_KOPIAN"/>抄送给</text:p>
  <text:p text:style-name="Paragraph"><help:help-text value="visible">在信函样式中包括<text:span text:style-name="T1">“抄送给”</text:span>。</help:help-text></text:p>
  <text:p text:style-name="Head 2"><help:help-id value="SW_CHECKBOX_DLG_WIZARD_LT_DLG_LT5_CBOX_ANLAGN"/>附件</text:p>
  <text:p text:style-name="Paragraph"><help:help-text value="visible">在信函样式中包括<text:span text:style-name="T1">“附件”</text:span>。</help:help-text></text:p>
  <text:p text:style-name="Head 2"><help:help-id value="SW_CHECKBOX_DLG_WIZARD_LT_DLG_LT5_CBOX_PAGNUM"/>页码</text:p>
  <text:p text:style-name="Paragraph"><help:help-text value="visible">如果想在您的信函样式中采用页码，请标记这个栏位。</help:help-text>然后可以在其后的栏位中确定页码的格式。</text:p>
  <text:p text:style-name="Head 3"><help:help-id value="SW_EDIT_DLG_WIZARD_LT_DLG_LT5_EDIT_PAGNUM"/>&quot;页&quot;</text:p>
  <text:p text:style-name="Paragraph"><help:help-text value="visible">指定页码前面的文字，默认值是“页”。</help:help-text></text:p>
  <text:p text:style-name="Head 3"><help:help-id value="SW_LISTBOX_DLG_WIZARD_LT_DLG_LT5_LIST_PAGNUM"/>页码列表框</text:p>
  <text:p text:style-name="Paragraph"><help:help-text value="visible">设定页码的样式。</help:help-text></text:p>
  <text:p text:style-name="Head 2"><help:help-id value="SW_CHECKBOX_DLG_WIZARD_LT_DLG_LT5_CBOX_PAGGES"/>总计页数</text:p>
  <text:p text:style-name="Paragraph"><help:help-text value="visible">在信函中包括总计页数。</help:help-text></text:p>
  <text:p text:style-name="Head 3"><help:help-id value="SW_EDIT_DLG_WIZARD_LT_DLG_LT5_EDIT_PAGGES"/>文本框总计页数&quot;总计&quot;</text:p>
  <text:p text:style-name="Paragraph"><help:help-text value="visible">在默认的设定中，页码显示为<text:span text:style-name="T1">页 x 总计 y</text:span>。您可以在“总计”前插入任意字符或符号，如“/”。</help:help-text></text:p>
  <text:p text:style-name="Paragraph"><help:link Id="66082">继续 自动文件助理 信函 第6页</help:link></text:p>
 </office:body>
</office:document>
