

<office:document  xmlns:office="http://openoffice.org/2000/office" xmlns:style="http://openoffice.org/2000/style" xmlns:text="http://openoffice.org/2000/text" xmlns:table="http://openoffice.org/2000/table" xmlns:draw="http://openoffice.org/2000/drawing" xmlns:fo="http://www.w3.org/1999/XSL/Format" xmlns:xlink="http://www.w3.org/1999/xlink" xmlns:number="http://openoffice.org/2000/datastyle" xmlns:svg="http://www.w3.org/2000/svg" xmlns:chart="http://openoffice.org/2000/chart" xmlns:dr3d="http://openoffice.org/2000/dr3d" xmlns:math="http://www.w3.org/1998/Math/MathML" xmlns:form="http://openoffice.org/2000/form" xmlns:script="http://openoffice.org/2000/script" office:class="text" office:version="1.0" xmlns:dc="http://purl.org/dc/elements/1.1/" xmlns:meta="http://openoffice.org/2000/meta" xmlns:help="http://openoffice.org/2000/help">
<office:meta>
  <dc:description>text/common/autopi/01010300</dc:description>
  <dc:subject>自动文件助理 信函 - 第3页</dc:subject>

  <dc:language>zh-CN</dc:language>
  <meta:user-defined meta:name="Info 0">READY</meta:user-defined>
  <meta:user-defined meta:name="Info 1">FREE_OK</meta:user-defined>
  <meta:user-defined meta:name="Info 2"/>
  <meta:user-defined meta:name="Info 3"/>
</office:meta>
 <office:script/>
 <office:font-decls>
  <style:font-decl style:name="StarSymbol" fo:font-family="StarSymbol" style:font-charset="x-symbol"/>
  <style:font-decl style:name="Courier New" fo:font-family="&apos;Courier New&apos;" style:font-style-name="Standard" style:font-family-generic="modern" style:font-pitch="fixed"/>
  <style:font-decl style:name="Courier" fo:font-family="Courier" style:font-family-generic="roman" style:font-pitch="fixed"/>
  <style:font-decl style:name="Andale WT UI3" fo:font-family="&apos;Andale WT UI&apos;" style:font-pitch="variable"/>
  <style:font-decl style:name="Arial Unicode MS" fo:font-family="&apos;Arial Unicode MS&apos;" style:font-pitch="variable"/>
  <style:font-decl style:name="HG Mincho Light J" fo:font-family="&apos;HG Mincho Light J&apos;" style:font-pitch="variable"/>
  <style:font-decl style:name="Andale WT UI" fo:font-family="&apos;Andale WT UI&apos;" style:font-style-name="Fett" style:font-family-generic="roman" style:font-pitch="variable"/>
  <style:font-decl style:name="Andale WT UI1" fo:font-family="&apos;Andale WT UI&apos;" style:font-style-name="Standard" style:font-family-generic="roman" style:font-pitch="variable"/>
  <style:font-decl style:name="Thorndale" fo:font-family="Thorndale" style:font-family-generic="roman" style:font-pitch="variable"/>
  <style:font-decl style:name="Times New Roman" fo:font-family="&apos;Times New Roman&apos;" style:font-style-name="Fett" style:font-family-generic="roman" style:font-pitch="variable"/>
  <style:font-decl style:name="Andale WT UI2" fo:font-family="&apos;Andale WT UI&apos;" style:font-family-generic="swiss" style:font-pitch="variable"/>
 </office:font-decls>
 <office:automatic-styles>
  <style:style style:name="P1" style:family="paragraph" style:parent-style-name="Paragraph" style:master-page-name="HTML">
   <style:properties style:page-number="0"/>
  </style:style>
  <style:style style:name="T1" style:family="text">
   <style:properties fo:font-weight="bold"/>
  </style:style>
 </office:automatic-styles>
 <office:body>
  <text:variable-decls>
   <text:variable-decl text:value-type="string" text:name="HTML_ON"/>
   <text:variable-decl text:value-type="string" text:name="HTML_OFF"/>
   <text:variable-decl text:value-type="string" text:name="TITEL"/>
   <text:variable-decl text:value-type="string" text:name="END"/>
   <text:variable-decl text:value-type="string" text:name="MAC"/>
   <text:variable-decl text:value-type="string" text:name="ELSE"/>
   <text:variable-decl text:value-type="string" text:name="HREF"/>
   <text:variable-decl text:value-type="string" text:name="NAME"/>
   <text:variable-decl text:value-type="string" text:name="HelpID"/>
   <text:variable-decl text:value-type="string" text:name="MODIFY"/>
   <text:variable-decl text:value-type="string" text:name="REFNR"/>
   <text:variable-decl text:value-type="string" text:name="AKTHLP"/>
   <text:variable-decl text:value-type="string" text:name="STYLE"/>
  </text:variable-decls>
  <text:sequence-decls>
   <text:sequence-decl text:display-outline-level="0" text:name="Illustration"/>
   <text:sequence-decl text:display-outline-level="0" text:name="Table"/>
   <text:sequence-decl text:display-outline-level="0" text:name="Text"/>
   <text:sequence-decl text:display-outline-level="0" text:name="Drawing"/>
  </text:sequence-decls>
  <help:to-be-embedded Eid="seite3">
  <text:p text:style-name="Head 1"><help:help-id value="HID_LETTER_PAGE3"/><help:link Id="66142">自动文件助理 信函 - 第3页</help:link></text:p>
  <text:p text:style-name="Paragraph"><help:help-text value="visible">定义发件人的文字和位置。</help:help-text></text:p>
  </help:to-be-embedded>
  <help:popup Id="65611" Eid="autopilotbrief3"><help:embedded Id="65598" Eid="wie"></help:embedded></help:popup>
  <text:p text:style-name="Head 2"><help:help-id value="SW_MULTILINEEDIT_DLG_WIZARD_LT_DLG_LT3_MEDT_ABSINP"/>请您输入发件人地址：</text:p>
  <text:p text:style-name="Paragraph"><help:help-text value="visible">在该列单框中输入发件人地址。</help:help-text>如果需要插入换行符，请按 Enter 键。请注意地址字段中的第一个字符必须是“&gt;”。如果选择了<text:span text:style-name="T1">“显示发件人？”-“是”</text:span>，则所有以“&gt;”开始的行都将被加入到收件人字段中。</text:p>
  <text:p text:style-name="Head 2"><help:help-id value="SW_IMAGEBUTTON_DLG_WIZARD_LT_DLG_LT3_BTN_LOADADR"/>Update address from user data(更新使用者数据的地址)</text:p>
  <text:p text:style-name="Paragraph"><help:help-text value="visible">用默认内容替换发件人列单框中的文字，此默认内容来自使用者数据。</help:help-text></text:p>
  <text:p text:style-name="Head 2">在收件人栏内加入这个发件人地址？</text:p>
  <text:p text:style-name="Paragraph">指定是否在收件人上方以小字体显示发件人，以便在使用窗口信封时可以看到发件人。</text:p>
  <text:p text:style-name="Head 3"><help:help-id value="SW_RADIOBUTTON_DLG_WIZARD_LT_DLG_LT3_RBTN_WDHJAA"/><help:help-id value="SW_RADIOBUTTON_DLG_WIZARD_LT_DLG_LT3_RBTN_ANZJAA"/>是</text:p>
  <text:p text:style-name="Paragraph"><help:help-text value="visible">指定在收件人字段中显示以“&gt;”开始的发件人行。</help:help-text></text:p>
  <text:p text:style-name="Head 3"><help:help-id value="SW_RADIOBUTTON_DLG_WIZARD_LT_DLG_LT3_RBTN_WDHNEE"/><help:help-id value="SW_RADIOBUTTON_DLG_WIZARD_LT_DLG_LT3_RBTN_ANZNEE"/>否</text:p>
  <text:p text:style-name="Paragraph"><help:help-text value="visible">指定在收件人字段中不包括发件人。</help:help-text></text:p>
  <text:p text:style-name="Head 2">位置和大小</text:p>
  <text:p text:style-name="Paragraph">定义发件人地址的位置。使用<help:popup Id="65630" Eid="drehfeld">选值框</help:popup>进行调整。</text:p>
  <text:p text:style-name="Head 3"><help:help-id value="SW_IMAGEBUTTON_DLG_WIZARD_LT_DLG_LT3_BBTN_ABSNOL"/>左上</text:p>
  <text:p text:style-name="Paragraph"><help:help-text value="visible">发件人显示在页的左上方。</help:help-text></text:p>
  <text:p text:style-name="Head 3"><help:help-id value="SW_IMAGEBUTTON_DLG_WIZARD_LT_DLG_LT3_BBTN_ABSNOR"/>右上</text:p>
  <text:p text:style-name="Paragraph"><help:help-text value="visible">发件人显示在页的右上方。</help:help-text></text:p>
  <text:p text:style-name="Head 3"><help:help-id value="SW_IMAGEBUTTON_DLG_WIZARD_LT_DLG_LT3_BBTN_ABSNUL"/>左下</text:p>
  <text:p text:style-name="Paragraph"><help:help-text value="visible">发件人显示在页的左下方。</help:help-text></text:p>
  <text:p text:style-name="Head 3"><help:help-id value="SW_IMAGEBUTTON_DLG_WIZARD_LT_DLG_LT3_BBTN_ABSNUR"/>右下</text:p>
  <text:p text:style-name="Paragraph"><help:help-text value="visible">发件人显示在页的右下。</help:help-text></text:p>
  <text:p text:style-name="Head 3"><help:help-id value="SW_IMAGEBUTTON_DLG_WIZARD_LT_DLG_LT3_BBTN_ABSNMI"/>收件人的右方</text:p>
  <text:p text:style-name="Paragraph"><help:help-text value="visible">发件人将显示在页面右侧，位于收件人的右边。</help:help-text></text:p>
  <text:p text:style-name="Head 3"><help:help-id value="SW_METRICFIELD_DLG_WIZARD_LT_DLG_LT3_MFLD_ABSNHO"/>从左/从右</text:p>
  <text:p text:style-name="Paragraph"><help:help-text value="visible">定义发件人字段到页面左、右边距的间隔。</help:help-text></text:p>
  <text:p text:style-name="Head 3"><help:help-id value="SW_METRICFIELD_DLG_WIZARD_LT_DLG_LT3_MFLD_ABSNVE"/>从上/从下</text:p>
  <text:p text:style-name="Paragraph"><help:help-text value="visible">定义发件人字段到页面上、下边距的间隔。</help:help-text></text:p>
  <text:p text:style-name="Head 3"><help:help-id value="SW_METRICFIELD_DLG_WIZARD_LT_DLG_LT3_MFLD_ABSNWD"/>宽度</text:p>
  <text:p text:style-name="Paragraph"><help:help-text value="visible">定义发件人字段的宽度。</help:help-text></text:p>
  <text:p text:style-name="Head 3"><help:help-id value="SW_METRICFIELD_DLG_WIZARD_LT_DLG_LT3_MFLD_ABSNHG"/>高度</text:p>
  <text:p text:style-name="Paragraph"><help:help-text value="visible">定义发件人字段的高度。</help:help-text></text:p>
  <text:p text:style-name="Paragraph"><help:link Id="66125">继续 至自动文件助理 信函 - 第4页</help:link></text:p>
 </office:body>
</office:document>
