

<office:document  xmlns:office="http://openoffice.org/2000/office" xmlns:style="http://openoffice.org/2000/style" xmlns:text="http://openoffice.org/2000/text" xmlns:table="http://openoffice.org/2000/table" xmlns:draw="http://openoffice.org/2000/drawing" xmlns:fo="http://www.w3.org/1999/XSL/Format" xmlns:xlink="http://www.w3.org/1999/xlink" xmlns:number="http://openoffice.org/2000/datastyle" xmlns:svg="http://www.w3.org/2000/svg" xmlns:chart="http://openoffice.org/2000/chart" xmlns:dr3d="http://openoffice.org/2000/dr3d" xmlns:math="http://www.w3.org/1998/Math/MathML" xmlns:form="http://openoffice.org/2000/form" xmlns:script="http://openoffice.org/2000/script" office:class="text" office:version="1.0" xmlns:dc="http://purl.org/dc/elements/1.1/" xmlns:meta="http://openoffice.org/2000/meta" xmlns:help="http://openoffice.org/2000/help">
<office:meta>
  <dc:description>text/common/autopi/01020200</dc:description>
  <dc:subject>自动文件助理 传真 - 第 2 页</dc:subject>

  <dc:language>zh-CN</dc:language>
  <meta:user-defined meta:name="Info 0">READY</meta:user-defined>
  <meta:user-defined meta:name="Info 1">FREE</meta:user-defined>
  <meta:user-defined meta:name="Info 2"/>
  <meta:user-defined meta:name="Info 3"/>
</office:meta>
 <office:script/>
 <office:font-decls>
  <style:font-decl style:name="StarSymbol" fo:font-family="StarSymbol" style:font-charset="x-symbol"/>
  <style:font-decl style:name="Courier New" fo:font-family="&apos;Courier New&apos;" style:font-style-name="Standard" style:font-family-generic="modern" style:font-pitch="fixed"/>
  <style:font-decl style:name="Courier" fo:font-family="Courier" style:font-family-generic="roman" style:font-pitch="fixed"/>
  <style:font-decl style:name="Andale WT UI3" fo:font-family="&apos;Andale WT UI&apos;" style:font-pitch="variable"/>
  <style:font-decl style:name="Arial Unicode MS" fo:font-family="&apos;Arial Unicode MS&apos;" style:font-pitch="variable"/>
  <style:font-decl style:name="HG Mincho Light J" fo:font-family="&apos;HG Mincho Light J&apos;" style:font-pitch="variable"/>
  <style:font-decl style:name="Andale WT UI" fo:font-family="&apos;Andale WT UI&apos;" style:font-style-name="Fett" style:font-family-generic="roman" style:font-pitch="variable"/>
  <style:font-decl style:name="Andale WT UI1" fo:font-family="&apos;Andale WT UI&apos;" style:font-style-name="Standard" style:font-family-generic="roman" style:font-pitch="variable"/>
  <style:font-decl style:name="Thorndale" fo:font-family="Thorndale" style:font-family-generic="roman" style:font-pitch="variable"/>
  <style:font-decl style:name="Times New Roman" fo:font-family="&apos;Times New Roman&apos;" style:font-style-name="Fett" style:font-family-generic="roman" style:font-pitch="variable"/>
  <style:font-decl style:name="Andale WT UI2" fo:font-family="&apos;Andale WT UI&apos;" style:font-family-generic="swiss" style:font-pitch="variable"/>
 </office:font-decls>
 <office:automatic-styles>
  <style:style style:name="P1" style:family="paragraph" style:parent-style-name="Paragraph" style:master-page-name="HTML">
   <style:properties style:page-number="0"/>
  </style:style>
 </office:automatic-styles>
 <office:body>
  <text:variable-decls>
   <text:variable-decl text:value-type="string" text:name="HTML_ON"/>
   <text:variable-decl text:value-type="string" text:name="HTML_OFF"/>
   <text:variable-decl text:value-type="string" text:name="TITEL"/>
   <text:variable-decl text:value-type="string" text:name="END"/>
   <text:variable-decl text:value-type="string" text:name="OS2"/>
   <text:variable-decl text:value-type="string" text:name="ELSE"/>
   <text:variable-decl text:value-type="string" text:name="HREF"/>
   <text:variable-decl text:value-type="string" text:name="MAC"/>
   <text:variable-decl text:value-type="string" text:name="NAME"/>
   <text:variable-decl text:value-type="string" text:name="HelpID"/>
   <text:variable-decl text:value-type="string" text:name="MODIFY"/>
   <text:variable-decl text:value-type="string" text:name="REFNR"/>
   <text:variable-decl text:value-type="string" text:name="AKTHLP"/>
   <text:variable-decl text:value-type="string" text:name="STYLE"/>
  </text:variable-decls>
  <text:sequence-decls>
   <text:sequence-decl text:display-outline-level="0" text:name="Illustration"/>
   <text:sequence-decl text:display-outline-level="0" text:name="Table"/>
   <text:sequence-decl text:display-outline-level="0" text:name="Text"/>
   <text:sequence-decl text:display-outline-level="0" text:name="Drawing"/>
  </text:sequence-decls>
  <help:to-be-embedded Eid="seite2">
  <text:p text:style-name="Head 1"><help:help-id value="HID_FAX_PAGE2"/><help:link Id="68597">自动文件助理 传真 - 第 2 页</help:link></text:p>
  <text:p text:style-name="Paragraph"><help:help-text value="visible">为文档样式指定徽标。</help:help-text>选择的徽标类型不同，这一页中显示的可用选项也不同。</text:p>
  </help:to-be-embedded>
  <help:popup Id="65611" Eid="autopilotfax2"><help:embedded Id="65598" Eid="wie"></help:embedded></help:popup>
  <text:p text:style-name="Head 2">选择传真徽标</text:p>
  <help:embedded Id="66081" Eid="010102text"></help:embedded>
  <help:help-id value="SW_RADIOBUTTON_DLG_WIZARD_FX_DLG_LGO_RBTN_NOLOGO"/><help:embedded Id="66081" Eid="2keinlogo"></help:embedded>
  <help:help-id value="SW_RADIOBUTTON_DLG_WIZARD_FX_DLG_LGO_RBTN_GRLOGO"/><help:embedded Id="66081" Eid="2grafik"></help:embedded>
  <help:help-id value="SW_RADIOBUTTON_DLG_WIZARD_FX_DLG_LGO_RBTN_TXLOGO"/><help:embedded Id="66081" Eid="2text"></help:embedded>
  <help:help-id value="SW_PUSHBUTTON_DLG_WIZARD_FX_DLG_LGO_PBTN_LOGOFN"/><help:embedded Id="66081" Eid="2grafikauswahl"></help:embedded>
  <help:help-id value="SW_MULTILINEEDIT_DLG_WIZARD_FX_DLG_LGO_MEDT_LOGOTX"/><help:embedded Id="66081" Eid="2logotext"></help:embedded>
  <help:help-id value="SW_METRICFIELD_DLG_WIZARD_FX_DLG_LGO_MFLD_LOGOWD"/><help:embedded Id="66081" Eid="2breite"></help:embedded>
  <help:help-id value="SW_METRICFIELD_DLG_WIZARD_FX_DLG_LGO_MFLD_LOGOHG"/><help:embedded Id="66081" Eid="2hoehe"></help:embedded>
  <help:help-id value="SW_IMAGEBUTTON_DLG_WIZARD_FX_DLG_LGO_BBTN_LOGOLI"/><help:embedded Id="66081" Eid="2links"></help:embedded>
  <help:help-id value="SW_IMAGEBUTTON_DLG_WIZARD_FX_DLG_LGO_BBTN_LOGOMI"/><help:embedded Id="66081" Eid="2mitte"></help:embedded>
  <help:help-id value="SW_IMAGEBUTTON_DLG_WIZARD_FX_DLG_LGO_BBTN_LOGORE"/><help:embedded Id="66081" Eid="2rechts"></help:embedded>
  <help:help-id value="SW_METRICFIELD_DLG_WIZARD_FX_DLG_LGO_MFLD_LOGOHO"/><help:embedded Id="66081" Eid="2vonlr"></help:embedded>
  <help:help-id value="SW_METRICFIELD_DLG_WIZARD_FX_DLG_LGO_MFLD_LOGOVE"/><help:embedded Id="66081" Eid="2vonoben"></help:embedded>
  <text:p text:style-name="Paragraph"><help:link Id="66131">转到 [自动文件助理 传真] -“第 3 页”</help:link></text:p>
 </office:body>
</office:document>
