

<office:document  xmlns:office="http://openoffice.org/2000/office" xmlns:style="http://openoffice.org/2000/style" xmlns:text="http://openoffice.org/2000/text" xmlns:table="http://openoffice.org/2000/table" xmlns:draw="http://openoffice.org/2000/drawing" xmlns:fo="http://www.w3.org/1999/XSL/Format" xmlns:xlink="http://www.w3.org/1999/xlink" xmlns:number="http://openoffice.org/2000/datastyle" xmlns:svg="http://www.w3.org/2000/svg" xmlns:chart="http://openoffice.org/2000/chart" xmlns:dr3d="http://openoffice.org/2000/dr3d" xmlns:math="http://www.w3.org/1998/Math/MathML" xmlns:form="http://openoffice.org/2000/form" xmlns:script="http://openoffice.org/2000/script" office:class="text" office:version="1.0" xmlns:dc="http://purl.org/dc/elements/1.1/" xmlns:meta="http://openoffice.org/2000/meta" xmlns:help="http://openoffice.org/2000/help">
<office:meta>
  <dc:description>text/common/autopi/01010000</dc:description>
  <dc:subject>AutoPilote de lettre</dc:subject>
  <meta:keywords>
   <meta:keyword>$Version</meta:keyword>
  </meta:keywords>
  <dc:language>fr-FR</dc:language>
  <meta:user-defined meta:name="Info 0">READY</meta:user-defined>
  <meta:user-defined meta:name="Info 1">FREE_OK</meta:user-defined>
  <meta:user-defined meta:name="Info 2"/>
  <meta:user-defined meta:name="Info 3"/>
</office:meta>
 <office:script/>
 <office:font-decls>
  <style:font-decl style:name="StarSymbol" fo:font-family="StarSymbol" style:font-charset="x-symbol"/>
  <style:font-decl style:name="Courier New" fo:font-family="&apos;Courier New&apos;" style:font-style-name="Standard" style:font-family-generic="modern" style:font-pitch="fixed"/>
  <style:font-decl style:name="Courier" fo:font-family="Courier" style:font-family-generic="roman" style:font-pitch="fixed"/>
  <style:font-decl style:name="Arial Unicode MS" fo:font-family="&apos;Arial Unicode MS&apos;" style:font-pitch="variable"/>
  <style:font-decl style:name="HG Mincho Light J" fo:font-family="&apos;HG Mincho Light J&apos;" style:font-pitch="variable"/>
  <style:font-decl style:name="Times New Roman3" fo:font-family="&apos;Times New Roman&apos;" style:font-pitch="variable"/>
  <style:font-decl style:name="Thorndale" fo:font-family="Thorndale" style:font-family-generic="roman" style:font-pitch="variable"/>
  <style:font-decl style:name="Times New Roman2" fo:font-family="&apos;Times New Roman&apos;" style:font-style-name="Fett" style:font-family-generic="roman" style:font-pitch="variable"/>
  <style:font-decl style:name="Times New Roman" fo:font-family="&apos;Times New Roman&apos;" style:font-style-name="Standard" style:font-family-generic="roman" style:font-pitch="variable"/>
  <style:font-decl style:name="Times New Roman1" fo:font-family="&apos;Times New Roman&apos;" style:font-family-generic="swiss" style:font-pitch="variable"/>
 </office:font-decls>
 <office:automatic-styles>
  <style:style style:name="Tabelle1" style:family="table">
   <style:properties style:width="18cm" table:align="margins"/>
  </style:style>
  <style:style style:name="Tabelle1.A" style:family="table-column">
   <style:properties style:column-width="1.499cm" style:rel-column-width="5460*"/>
  </style:style>
  <style:style style:name="Tabelle1.B" style:family="table-column">
   <style:properties style:column-width="16.501cm" style:rel-column-width="60074*"/>
  </style:style>
  <style:style style:name="Tabelle1.1" style:family="table-row">
   <style:properties style:min-row-height="0.848cm"/>
  </style:style>
  <style:style style:name="Tabelle1.A1" style:family="table-cell">
   <style:properties fo:padding="0cm" fo:border="none"/>
  </style:style>
  <style:style style:name="Tabelle2" style:family="table">
   <style:properties style:width="18cm" table:align="margins"/>
  </style:style>
  <style:style style:name="Tabelle2.A" style:family="table-column">
   <style:properties style:column-width="1.499cm" style:rel-column-width="5460*"/>
  </style:style>
  <style:style style:name="Tabelle2.B" style:family="table-column">
   <style:properties style:column-width="16.501cm" style:rel-column-width="60074*"/>
  </style:style>
  <style:style style:name="Tabelle2.1" style:family="table-row">
   <style:properties style:min-row-height="0.848cm"/>
  </style:style>
  <style:style style:name="Tabelle2.A1" style:family="table-cell">
   <style:properties fo:padding="0cm" fo:border="none"/>
  </style:style>
  <style:style style:name="P1" style:family="paragraph" style:parent-style-name="Paragraph" style:master-page-name="HTML">
   <style:properties style:page-number="0"/>
  </style:style>
  <style:style style:name="T1" style:family="text">
   <style:properties fo:font-weight="bold"/>
  </style:style>
  <style:style style:name="fr1" style:family="graphics" style:parent-style-name="Graphics">
   <style:properties fo:margin-left="0cm" fo:margin-right="0cm" fo:margin-top="0cm" fo:margin-bottom="0cm" style:run-through="foreground" style:wrap="run-through" style:vertical-pos="top" style:vertical-rel="paragraph" style:horizontal-pos="left" style:horizontal-rel="paragraph" style:mirror="none" fo:clip="rect(0cm 0cm 0cm 0cm)" draw:luminance="0%" draw:contrast="0%" draw:red="0%" draw:green="0%" draw:blue="0%" draw:gamma="1" draw:color-inversion="false" draw:transparency="-100%" draw:color-mode="standard"/>
  </style:style>
 </office:automatic-styles>
 <office:body>
  <text:variable-decls>
   <text:variable-decl text:value-type="string" text:name="HTML_ON"/>
   <text:variable-decl text:value-type="string" text:name="HTML_OFF"/>
   <text:variable-decl text:value-type="string" text:name="TITEL"/>
   <text:variable-decl text:value-type="string" text:name="END"/>
   <text:variable-decl text:value-type="string" text:name="MAC"/>
   <text:variable-decl text:value-type="string" text:name="ELSE"/>
   <text:variable-decl text:value-type="string" text:name="HREF"/>
   <text:variable-decl text:value-type="string" text:name="HFELD"/>
   <text:variable-decl text:value-type="string" text:name="NAME"/>
   <text:variable-decl text:value-type="string" text:name="HelpID"/>
   <text:variable-decl text:value-type="string" text:name="MODIFY"/>
   <text:variable-decl text:value-type="string" text:name="REFNR"/>
   <text:variable-decl text:value-type="string" text:name="AKTHLP"/>
   <text:variable-decl text:value-type="string" text:name="INDEX"/>
   <text:variable-decl text:value-type="string" text:name="STYLE"/>
  </text:variable-decls>
  <text:sequence-decls>
   <text:sequence-decl text:display-outline-level="0" text:name="Illustration"/>
   <text:sequence-decl text:display-outline-level="0" text:name="Table"/>
   <text:sequence-decl text:display-outline-level="0" text:name="Text"/>
   <text:sequence-decl text:display-outline-level="0" text:name="Drawing"/>
  </text:sequence-decls>
  <text:p text:style-name="P1"/>
  <text:p text:style-name="Head 1"><help:help-id value="SID_SW_LETTER_WIZZARD"/><help:key-word value="AutoPilote; Lettre" tag="kw66103_1"/><help:key-word value="Lettre; AutoPilote" tag="kw66103_2"/>AutoPilote de lettre</text:p>
  <text:p text:style-name="Paragraph"><help:to-be-embedded Eid="brief"><help:help-text value="visible">Démarre l&apos;AutoPilote permettant de créer un modèle de lettre.</help:help-text></help:to-be-embedded> Vous pouvez utiliser ce modèle pour votre correspondance commerciale ou personnelle.</text:p>
  <help:popup Id="65611" Eid="autopilotbrief"><help:embedded Id="65598" Eid="wie"></help:embedded></help:popup>
  <text:p text:style-name="Paragraph"><help:productname>%PRODUCTNAME</help:productname> est livré avec un modèle de correspondance privée et commerciale que vous pouvez personnaliser à l&apos;aide de l&apos;AutoPilote. L&apos;AutoPilote vous guide étape par étape à travers les différents éléments du modèle de document et vous propose à chaque étape diverses options à sélectionner. L&apos;aperçu graphique miniaturisé dans la boîte de dialogue vous donne une première impression de l&apos;effet des paramètres actifs.</text:p>
  <text:p text:style-name="Paragraph">À chaque instant du traitement, vous pouvez revenir sur une sélection ou sauter certaines étapes, voire toutes les étapes de traitement. Lorsque vous sautez des étapes de traitement, l&apos;AutoPilote utilise les valeurs prédéfinies.</text:p>
  <help:embedded Id="66109" Eid="seite1"></help:embedded>
  <table:table table:name="Tabelle1" table:style-name="Tabelle1">
   <table:table-column table:style-name="Tabelle1.A"/>
   <table:table-column table:style-name="Tabelle1.B"/>
   <table:table-header-rows>
    <table:table-row table:style-name="Tabelle1.1">
     <table:table-cell table:style-name="Tabelle1.A1" table:value-type="string">
      <text:p text:style-name="Paragraph"><draw:image draw:name="Icône0" svg:desc="Cette icône indique du texte comportant des informations supplémentaires." svg:pixelx="32" svg:pixely="32" svg:width="0.847cm" svg:height="0.847cm" xlink:href="65980" draw:filter-name=""/></text:p>

     </table:table-cell>
     <table:table-cell table:style-name="Tabelle1.A1" table:value-type="string">
      <text:p text:style-name="Paragraph">Si vous créez une lettre commerciale, vous pouvez inclure dans celle-ci un certain nombre d&apos;éléments qui n&apos;ont généralement pas lieu d&apos;être dans une lettre privée, telle qu&apos;un ligne Objet. Si vous choisissez l&apos;option <text:span text:style-name="T1">Lettre privée</text:span>, certaines pages contenant des éléments spécifiques aux lettres commerciales ne figurent pas dans la boîte de dialogue de l&apos;AutoPilote.</text:p>
     </table:table-cell>
    </table:table-row>
   </table:table-header-rows>
  </table:table>
  <help:embedded Id="66081" Eid="seite2"></help:embedded>
  <help:embedded Id="66142" Eid="seite3"></help:embedded>
  <help:embedded Id="66125" Eid="seite4"></help:embedded>
  <help:embedded Id="66145" Eid="seite5"></help:embedded>
  <help:embedded Id="66082" Eid="seite6"></help:embedded>
  <help:embedded Id="66114" Eid="seite7"></help:embedded>
  <help:embedded Id="66139" Eid="seite8"></help:embedded>
  <help:embedded Id="66099" Eid="seite9"></help:embedded>
  <help:to-be-embedded Eid="zurueck">
  <text:p text:style-name="Head 2"><help:help-id value="HID_AUTOPILOT_PREV"/>&lt;&lt; Précédent</text:p>
  <text:p text:style-name="Paragraph"><help:help-text value="visible">Affichez les sélections effectuées lors des étapes précédentes.</help:help-text> Les paramètres actifs sont enregistrés. Ce bouton est actif lorsque vous avez atteint la deuxième page de l&apos;AutoPilote.</text:p>
  </help:to-be-embedded>
  <help:to-be-embedded Eid="weiter">
  <text:p text:style-name="Head 2"><help:help-id value="HID_AUTOPILOT_NEXT"/>Suivant &gt;&gt;</text:p>
  <text:p text:style-name="Paragraph"><help:help-text value="visible">Enregistre les paramètres actifs, puis passe à la page suivante.</help:help-text>Ce bouton se désactive dès que vous atteignez la dernière page.</text:p>
  </help:to-be-embedded>
  <text:p text:style-name="Head 2"><help:help-id value="HID_AUTOPILOT_OK"/>Créer</text:p>
  <text:p text:style-name="Paragraph"><help:help-text value="visible">L&apos;AutoPilote crée un nouveau modèle de document en fonction de vos sélections, puis l&apos;enregistre sur le disque dur de l&apos;ordinateur.</help:help-text> <help:productname>%PRODUCTNAME</help:productname> crée un nouveau document à partir des modèles existants, nommé &quot;Sans nomX&quot; (X étant un nombre consécutif), et l&apos;affiche dans la zone de travail.<a name="ende"/></text:p>
  <table:table table:name="Tabelle2" table:style-name="Tabelle2">
   <table:table-column table:style-name="Tabelle2.A"/>
   <table:table-column table:style-name="Tabelle2.B"/>
   <table:table-header-rows>
    <table:table-row table:style-name="Tabelle2.1">
     <table:table-cell table:style-name="Tabelle2.A1" table:value-type="string">
      <text:p text:style-name="Paragraph"><draw:image draw:name="Icône1" svg:desc="Cette icône indique du texte comportant des informations supplémentaires." svg:pixelx="32" svg:pixely="32" svg:width="0.847cm" svg:height="0.847cm" xlink:href="65980" draw:filter-name=""/></text:p>

     </table:table-cell>
     <table:table-cell table:style-name="Tabelle2.A1" table:value-type="string">
      <text:p text:style-name="Paragraph"><help:productname>%PRODUCTNAME</help:productname> enregistre les paramètres actuels de l&apos;AutoPilote concernant le type de style utilisé et les réutilise comme valeurs par défaut lors de l&apos;ouverture suivante de l&apos;AutoPilote.</text:p>
     </table:table-cell>
    </table:table-row>
   </table:table-header-rows>
  </table:table>
 </office:body>
</office:document>
