

<office:document  xmlns:office="http://openoffice.org/2000/office" xmlns:style="http://openoffice.org/2000/style" xmlns:text="http://openoffice.org/2000/text" xmlns:table="http://openoffice.org/2000/table" xmlns:draw="http://openoffice.org/2000/drawing" xmlns:fo="http://www.w3.org/1999/XSL/Format" xmlns:xlink="http://www.w3.org/1999/xlink" xmlns:number="http://openoffice.org/2000/datastyle" xmlns:svg="http://www.w3.org/2000/svg" xmlns:chart="http://openoffice.org/2000/chart" xmlns:dr3d="http://openoffice.org/2000/dr3d" xmlns:math="http://www.w3.org/1998/Math/MathML" xmlns:form="http://openoffice.org/2000/form" xmlns:script="http://openoffice.org/2000/script" office:class="text" office:version="1.0" xmlns:dc="http://purl.org/dc/elements/1.1/" xmlns:meta="http://openoffice.org/2000/meta" xmlns:help="http://openoffice.org/2000/help">
<office:meta>
  <dc:description>text/common/autopi/01010900</dc:description>
  <dc:subject>AutoPilote de lettre - Page 9</dc:subject>

  <dc:language>fr-FR</dc:language>
  <meta:user-defined meta:name="Info 0">READY</meta:user-defined>
  <meta:user-defined meta:name="Info 1">FREE_OK</meta:user-defined>
  <meta:user-defined meta:name="Info 2"/>
  <meta:user-defined meta:name="Info 3"/>
</office:meta>
 <office:script/>
 <office:font-decls>
  <style:font-decl style:name="StarSymbol" fo:font-family="StarSymbol" style:font-charset="x-symbol"/>
  <style:font-decl style:name="Courier New" fo:font-family="&apos;Courier New&apos;" style:font-style-name="Standard" style:font-family-generic="modern" style:font-pitch="fixed"/>
  <style:font-decl style:name="Courier" fo:font-family="Courier" style:font-family-generic="roman" style:font-pitch="fixed"/>
  <style:font-decl style:name="Arial Unicode MS" fo:font-family="&apos;Arial Unicode MS&apos;" style:font-pitch="variable"/>
  <style:font-decl style:name="HG Mincho Light J" fo:font-family="&apos;HG Mincho Light J&apos;" style:font-pitch="variable"/>
  <style:font-decl style:name="Times New Roman3" fo:font-family="&apos;Times New Roman&apos;" style:font-pitch="variable"/>
  <style:font-decl style:name="Thorndale" fo:font-family="Thorndale" style:font-family-generic="roman" style:font-pitch="variable"/>
  <style:font-decl style:name="Times New Roman2" fo:font-family="&apos;Times New Roman&apos;" style:font-style-name="Fett" style:font-family-generic="roman" style:font-pitch="variable"/>
  <style:font-decl style:name="Times New Roman" fo:font-family="&apos;Times New Roman&apos;" style:font-style-name="Standard" style:font-family-generic="roman" style:font-pitch="variable"/>
  <style:font-decl style:name="Times New Roman1" fo:font-family="&apos;Times New Roman&apos;" style:font-family-generic="swiss" style:font-pitch="variable"/>
 </office:font-decls>
 <office:automatic-styles>
  <style:style style:name="P1" style:family="paragraph" style:parent-style-name="Paragraph" style:master-page-name="HTML">
   <style:properties style:page-number="0"/>
  </style:style>
 </office:automatic-styles>
 <office:body>
  <text:variable-decls>
   <text:variable-decl text:value-type="string" text:name="HTML_ON"/>
   <text:variable-decl text:value-type="string" text:name="HTML_OFF"/>
   <text:variable-decl text:value-type="string" text:name="TITEL"/>
   <text:variable-decl text:value-type="string" text:name="END"/>
   <text:variable-decl text:value-type="string" text:name="OS2"/>
   <text:variable-decl text:value-type="string" text:name="ELSE"/>
   <text:variable-decl text:value-type="string" text:name="MAC"/>
   <text:variable-decl text:value-type="string" text:name="HREF"/>
   <text:variable-decl text:value-type="string" text:name="NAME"/>
   <text:variable-decl text:value-type="string" text:name="HelpID"/>
   <text:variable-decl text:value-type="string" text:name="MODIFY"/>
   <text:variable-decl text:value-type="string" text:name="REFNR"/>
   <text:variable-decl text:value-type="string" text:name="WIN"/>
   <text:variable-decl text:value-type="string" text:name="UNIX"/>
   <text:variable-decl text:value-type="string" text:name="AKTHLP"/>
   <text:variable-decl text:value-type="string" text:name="STYLE"/>
  </text:variable-decls>
  <text:sequence-decls>
   <text:sequence-decl text:display-outline-level="0" text:name="Illustration"/>
   <text:sequence-decl text:display-outline-level="0" text:name="Table"/>
   <text:sequence-decl text:display-outline-level="0" text:name="Text"/>
   <text:sequence-decl text:display-outline-level="0" text:name="Drawing"/>
  </text:sequence-decls>
  <help:to-be-embedded Eid="seite9">
  <text:p text:style-name="Head 1"><help:help-id value="HID_LETTER_PAGE9"/><help:link Id="66099">AutoPilote de lettre - Page 9</help:link></text:p>
  <text:p text:style-name="Paragraph"><help:help-text value="visible">Dans la dernière étape, indiquez enfin si le logo et l&apos;expéditeur doivent être répétés sur les pages suivantes de votre document et à partir de quel bac d&apos;alimentation (pour les imprimantes disposant de cette option) les pages doivent être récupérées.</help:help-text></text:p>
  </help:to-be-embedded>
  <help:popup Id="65611" Eid="autopilotbrief9"><help:embedded Id="65598" Eid="wie"></help:embedded></help:popup>
  <text:p text:style-name="Head 2"><help:help-id value="SW_LISTBOX_DLG_WIZARD_LT_DLG_LT9_LIST_LGOPRN"/>Logo</text:p>
  <text:p text:style-name="Paragraph"><help:help-text value="visible">Spécifie les pages où le logo doit être imprimé.</help:help-text></text:p>
  <text:p text:style-name="Head 2"><help:help-id value="SW_LISTBOX_DLG_WIZARD_LT_DLG_LT9_LIST_ABSPRN"/>Expéditeur</text:p>
  <text:p text:style-name="Paragraph"><help:help-text value="visible">Spécifie les pages où l&apos;expéditeur doit être imprimé.</help:help-text></text:p>
  <text:p text:style-name="Head 2">Imprimante</text:p>
  <text:p text:style-name="Head 3"><help:help-id value="SW_PUSHBUTTON_DLG_WIZARD_LT_DLG_LT9_BTN_PRSETUP"/>Paramétrer</text:p>
  <text:p text:style-name="Paragraph"><help:help-text value="visible">Ouvre la boîte de dialogue <help:link Id="65661">Paramétrage de l&apos;imprimante</help:link>.</help:help-text></text:p>
  <text:p text:style-name="Head 3">Enfin, choisissez le bac de l&apos;imprimante.</text:p>
  <text:p text:style-name="Paragraph">Si votre imprimante supporte cette fonction, vous pouvez définir des bacs d&apos;alimentation différents pour la première page et pour les pages suivantes. Cela permet, par exemple, d&apos;imprimer la première page sur papier à en-tête, et les autres pages sur papier ordinaire.</text:p>
  <text:p text:style-name="Head 4"><help:help-id value="SW_LISTBOX_DLG_WIZARD_LT_DLG_LT9_LIST_TRAYS1"/>Première page</text:p>
  <text:p text:style-name="Paragraph"><help:help-text value="visible">Définit le bac d&apos;imprimante dans lequel le papier sera chargé pour l&apos;impression de la première page de la lettre.</help:help-text></text:p>
  <text:p text:style-name="Head 4"><help:help-id value="SW_LISTBOX_DLG_WIZARD_LT_DLG_LT9_LIST_TRAYFF"/>Pages suivantes</text:p>
  <text:p text:style-name="Paragraph"><help:help-text value="visible">Définit le bac d&apos;imprimante dans lequel le papier sera chargé pour l&apos;impression des pages suivantes.</help:help-text></text:p>
 </office:body>
</office:document>
