

<office:document  xmlns:office="http://openoffice.org/2000/office" xmlns:style="http://openoffice.org/2000/style" xmlns:text="http://openoffice.org/2000/text" xmlns:table="http://openoffice.org/2000/table" xmlns:draw="http://openoffice.org/2000/drawing" xmlns:fo="http://www.w3.org/1999/XSL/Format" xmlns:xlink="http://www.w3.org/1999/xlink" xmlns:number="http://openoffice.org/2000/datastyle" xmlns:svg="http://www.w3.org/2000/svg" xmlns:chart="http://openoffice.org/2000/chart" xmlns:dr3d="http://openoffice.org/2000/dr3d" xmlns:math="http://www.w3.org/1998/Math/MathML" xmlns:form="http://openoffice.org/2000/form" xmlns:script="http://openoffice.org/2000/script" office:class="text" office:version="1.0" xmlns:dc="http://purl.org/dc/elements/1.1/" xmlns:meta="http://openoffice.org/2000/meta" xmlns:help="http://openoffice.org/2000/help">
<office:meta>
  <dc:description>text/common/autopi/01020500</dc:description>
  <dc:subject>AutoPilote de fax - Page 5</dc:subject>

  <dc:language>fr-FR</dc:language>
  <meta:user-defined meta:name="Info 0">READY</meta:user-defined>
  <meta:user-defined meta:name="Info 1">FREE_OK</meta:user-defined>
  <meta:user-defined meta:name="Info 2"/>
  <meta:user-defined meta:name="Info 3"/>
</office:meta>
 <office:script/>
 <office:font-decls>
  <style:font-decl style:name="StarSymbol" fo:font-family="StarSymbol" style:font-charset="x-symbol"/>
  <style:font-decl style:name="Courier New" fo:font-family="&apos;Courier New&apos;" style:font-style-name="Standard" style:font-family-generic="modern" style:font-pitch="fixed"/>
  <style:font-decl style:name="Courier" fo:font-family="Courier" style:font-family-generic="roman" style:font-pitch="fixed"/>
  <style:font-decl style:name="Arial Unicode MS" fo:font-family="&apos;Arial Unicode MS&apos;" style:font-pitch="variable"/>
  <style:font-decl style:name="HG Mincho Light J" fo:font-family="&apos;HG Mincho Light J&apos;" style:font-pitch="variable"/>
  <style:font-decl style:name="Times New Roman3" fo:font-family="&apos;Times New Roman&apos;" style:font-pitch="variable"/>
  <style:font-decl style:name="Thorndale" fo:font-family="Thorndale" style:font-family-generic="roman" style:font-pitch="variable"/>
  <style:font-decl style:name="Times New Roman2" fo:font-family="&apos;Times New Roman&apos;" style:font-style-name="Fett" style:font-family-generic="roman" style:font-pitch="variable"/>
  <style:font-decl style:name="Times New Roman" fo:font-family="&apos;Times New Roman&apos;" style:font-style-name="Standard" style:font-family-generic="roman" style:font-pitch="variable"/>
  <style:font-decl style:name="Times New Roman1" fo:font-family="&apos;Times New Roman&apos;" style:font-family-generic="swiss" style:font-pitch="variable"/>
 </office:font-decls>
 <office:automatic-styles>
  <style:style style:name="P1" style:family="paragraph" style:parent-style-name="Paragraph" style:master-page-name="HTML">
   <style:properties style:page-number="0"/>
  </style:style>
  <style:style style:name="T1" style:family="text">
   <style:properties fo:font-weight="bold"/>
  </style:style>
 </office:automatic-styles>
 <office:body>
  <text:variable-decls>
   <text:variable-decl text:value-type="string" text:name="HTML_ON"/>
   <text:variable-decl text:value-type="string" text:name="HTML_OFF"/>
   <text:variable-decl text:value-type="string" text:name="TITEL"/>
   <text:variable-decl text:value-type="string" text:name="END"/>
   <text:variable-decl text:value-type="string" text:name="OS2"/>
   <text:variable-decl text:value-type="string" text:name="ELSE"/>
   <text:variable-decl text:value-type="string" text:name="MAC"/>
   <text:variable-decl text:value-type="string" text:name="HREF"/>
   <text:variable-decl text:value-type="string" text:name="NAME"/>
   <text:variable-decl text:value-type="string" text:name="HelpID"/>
   <text:variable-decl text:value-type="string" text:name="MODIFY"/>
   <text:variable-decl text:value-type="string" text:name="REFNR"/>
   <text:variable-decl text:value-type="string" text:name="AKTHLP"/>
   <text:variable-decl text:value-type="string" text:name="STYLE"/>
  </text:variable-decls>
  <text:sequence-decls>
   <text:sequence-decl text:display-outline-level="0" text:name="Illustration"/>
   <text:sequence-decl text:display-outline-level="0" text:name="Table"/>
   <text:sequence-decl text:display-outline-level="0" text:name="Text"/>
   <text:sequence-decl text:display-outline-level="0" text:name="Drawing"/>
  </text:sequence-decls>
  <help:to-be-embedded Eid="seite5">
  <text:p text:style-name="Head 1"><help:help-id value="HID_FAX_PAGE5"/><help:link Id="66144">AutoPilote de fax - Page 5</help:link></text:p>
  <text:p text:style-name="Paragraph"><help:help-text value="visible">Définit les éléments à inclure dans la télécopie, tels que la date et l&apos;objet.</help:help-text></text:p>
  </help:to-be-embedded>
  <help:popup Id="65611" Eid="autopilotfax5"><help:embedded Id="65598" Eid="wie"></help:embedded></help:popup>
  <text:p text:style-name="Head 2">Quels éléments souhaitez-vous intégrer dans votre fax ?</text:p>
  <text:p text:style-name="Paragraph">Cette page propose différents éléments qui sont d&apos;usage dans les faxs à caractère commercial. Vous déterminerez ceux qui devront figurer dans votre modèle.</text:p>
  <text:p text:style-name="Head 2"><help:help-id value="SW_CHECKBOX_DLG_WIZARD_FX_DLG_FX5_CBOX_DATUM"/>Date</text:p>
  <text:p text:style-name="Paragraph"><help:help-text value="visible">Insère la date active dans le fax.</help:help-text></text:p>
  <text:p text:style-name="Head 3"><help:help-id value="SW_LISTBOX_DLG_WIZARD_FX_DLG_FX5_LIST_DATUM"/>Date</text:p>
  <text:p text:style-name="Paragraph"><help:help-text value="visible">Sélectionnez le format de date souhaité.</help:help-text></text:p>
  <text:p text:style-name="Head 2"><help:help-id value="SW_CHECKBOX_DLG_WIZARD_FX_DLG_FX5_CBOX_UHRZT"/>Heure</text:p>
  <text:p text:style-name="Paragraph"><help:help-text value="visible">Insère l&apos;heure active dans le fax.</help:help-text></text:p>
  <text:p text:style-name="Head 3"><help:help-id value="SW_LISTBOX_DLG_WIZARD_FX_DLG_FX5_LIST_UHRZT"/>Heure</text:p>
  <text:p text:style-name="Paragraph"><help:help-text value="visible">Définit le format d&apos;heure souhaité.</help:help-text></text:p>
  <text:p text:style-name="Head 2"><help:help-id value="SW_CHECKBOX_DLG_WIZARD_FX_DLG_FX5_CBOX_BETREF"/>Objet</text:p>
  <text:p text:style-name="Paragraph"><help:help-text value="visible">Inclut une ligne Objet dans le fax.</help:help-text></text:p>
  <text:p text:style-name="Head 3"><help:help-id value="SW_EDIT_DLG_WIZARD_FX_DLG_FX5_EDIT_BETREF"/>Objet</text:p>
  <text:p text:style-name="Paragraph"><help:help-text value="visible">Saisissez le texte de la ligne Objet.</help:help-text></text:p>
  <text:p text:style-name="Head 2"><help:help-id value="SW_CHECKBOX_DLG_WIZARD_FX_DLG_FX5_CBOX_KOPIAN"/>Copie à</text:p>
  <text:p text:style-name="Paragraph"><help:help-text value="visible">Cochez cette case si vous souhaitez insérer l&apos;élément <text:span text:style-name="T1">Copie à</text:span> dans votre fax.</help:help-text></text:p>
  <text:p text:style-name="Head 2"><help:help-id value="SW_CHECKBOX_DLG_WIZARD_FX_DLG_FX5_CBOX_ELEM1"/>1. Pour information</text:p>
  <text:p text:style-name="Paragraph"><help:help-text value="visible">Insère le texte &quot;Pour information&quot; dans le fax.</help:help-text></text:p>
  <text:p text:style-name="Head 3"><help:help-id value="SW_EDIT_DLG_WIZARD_FX_DLG_FX5_EDIT_ELEM1"/>Pour information</text:p>
  <text:p text:style-name="Paragraph"><help:help-text value="visible">Acceptez le texte par défaut ou modifiez le texte selon vos besoins.</help:help-text></text:p>
  <text:p text:style-name="Head 2"><help:help-id value="SW_CHECKBOX_DLG_WIZARD_FX_DLG_FX5_CBOX_ELEM2"/>2. À réaliser</text:p>
  <text:p text:style-name="Paragraph"><help:help-text value="visible">Insère le texte &quot;À régler&quot; dans le fax.</help:help-text></text:p>
  <text:p text:style-name="Head 3"><help:help-id value="SW_EDIT_DLG_WIZARD_FX_DLG_FX5_EDIT_ELEM2"/>À réaliser</text:p>
  <text:p text:style-name="Paragraph"><help:help-text value="visible">Acceptez le texte par défaut ou modifiez le texte selon vos besoins.</help:help-text></text:p>
  <text:p text:style-name="Head 2"><help:help-id value="SW_CHECKBOX_DLG_WIZARD_FX_DLG_FX5_CBOX_ELEM3"/>3. Pour avis</text:p>
  <text:p text:style-name="Paragraph"><help:help-text value="visible">Insère le texte &quot;Pour avis&quot; dans le fax.</help:help-text></text:p>
  <text:p text:style-name="Head 3"><help:help-id value="SW_EDIT_DLG_WIZARD_FX_DLG_FX5_EDIT_ELEM3"/>Pour avis</text:p>
  <text:p text:style-name="Paragraph"><help:help-text value="visible">Vous pouvez appliquer le texte prédéfini ou le modifier selon vos exigences.</help:help-text></text:p>
  <text:p text:style-name="Head 2"><help:help-id value="SW_CHECKBOX_DLG_WIZARD_FX_DLG_FX5_CBOX_ELEM4"/>4. Avec tous mes remerciements</text:p>
  <text:p text:style-name="Paragraph"><help:help-text value="visible">Insère le texte &quot;En retour, avec tous nos remerciements&quot; dans le fax.</help:help-text></text:p>
  <text:p text:style-name="Head 3"><help:help-id value="SW_EDIT_DLG_WIZARD_FX_DLG_FX5_EDIT_ELEM4"/>Avec tous mes remerciements</text:p>
  <text:p text:style-name="Paragraph"><help:help-text value="visible">Vous pouvez appliquer le texte prédéfini ou le modifier selon vos exigences.</help:help-text></text:p>
  <text:p text:style-name="Paragraph"><help:link Id="68598">Passer à la page 6 de l&apos;AutoPilote de fax</help:link></text:p>
 </office:body>
</office:document>
