

<office:document  xmlns:office="http://openoffice.org/2000/office" xmlns:style="http://openoffice.org/2000/style" xmlns:text="http://openoffice.org/2000/text" xmlns:table="http://openoffice.org/2000/table" xmlns:draw="http://openoffice.org/2000/drawing" xmlns:fo="http://www.w3.org/1999/XSL/Format" xmlns:xlink="http://www.w3.org/1999/xlink" xmlns:number="http://openoffice.org/2000/datastyle" xmlns:svg="http://www.w3.org/2000/svg" xmlns:chart="http://openoffice.org/2000/chart" xmlns:dr3d="http://openoffice.org/2000/dr3d" xmlns:math="http://www.w3.org/1998/Math/MathML" xmlns:form="http://openoffice.org/2000/form" xmlns:script="http://openoffice.org/2000/script" office:class="text" office:version="1.0" xmlns:dc="http://purl.org/dc/elements/1.1/" xmlns:meta="http://openoffice.org/2000/meta" xmlns:help="http://openoffice.org/2000/help">
<office:meta>
  <dc:description>text/common/01/04050000</dc:description>
  <dc:subject>Inserting Notes</dc:subject>

  <dc:language>en-US</dc:language>
  <meta:user-defined meta:name="Info 0">READY</meta:user-defined>
  <meta:user-defined meta:name="Info 1">FREE_OK</meta:user-defined>
  <meta:user-defined meta:name="Info 2"/>
  <meta:user-defined meta:name="Info 3"/>
</office:meta>
 <office:script/>
 <office:font-decls>
  <style:font-decl style:name="StarSymbol" fo:font-family="StarSymbol" style:font-charset="x-symbol"/>
  <style:font-decl style:name="Courier New" fo:font-family="&apos;Courier New&apos;" style:font-style-name="Standard" style:font-family-generic="modern" style:font-pitch="fixed"/>
  <style:font-decl style:name="Courier" fo:font-family="Courier" style:font-family-generic="roman" style:font-pitch="fixed"/>
  <style:font-decl style:name="Arial Unicode MS" fo:font-family="&apos;Arial Unicode MS&apos;" style:font-pitch="variable"/>
  <style:font-decl style:name="HG Mincho Light J" fo:font-family="&apos;HG Mincho Light J&apos;" style:font-pitch="variable"/>
  <style:font-decl style:name="Times New Roman3" fo:font-family="&apos;Times New Roman&apos;" style:font-pitch="variable"/>
  <style:font-decl style:name="Thorndale" fo:font-family="Thorndale" style:font-family-generic="roman" style:font-pitch="variable"/>
  <style:font-decl style:name="Times New Roman2" fo:font-family="&apos;Times New Roman&apos;" style:font-style-name="Fett" style:font-family-generic="roman" style:font-pitch="variable"/>
  <style:font-decl style:name="Times New Roman" fo:font-family="&apos;Times New Roman&apos;" style:font-style-name="Standard" style:font-family-generic="roman" style:font-pitch="variable"/>
  <style:font-decl style:name="Times New Roman1" fo:font-family="&apos;Times New Roman&apos;" style:font-family-generic="swiss" style:font-pitch="variable"/>
 </office:font-decls>
 <office:automatic-styles>
  <style:style style:name="Tabelle3" style:family="table">
   <style:properties style:width="18cm" table:align="margins"/>
  </style:style>
  <style:style style:name="Tabelle3.A" style:family="table-column">
   <style:properties style:column-width="1.499cm" style:rel-column-width="5460*"/>
  </style:style>
  <style:style style:name="Tabelle3.B" style:family="table-column">
   <style:properties style:column-width="16.499cm" style:rel-column-width="60055*"/>
  </style:style>
  <style:style style:name="P1" style:family="paragraph" style:parent-style-name="Paragraph" style:master-page-name="HTML">
   <style:properties style:page-number="0"/>
  </style:style>
  <style:style style:name="T1" style:family="text">
   <style:properties fo:font-weight="bold"/>
  </style:style>
  <style:style style:name="fr1" style:family="graphics" style:parent-style-name="Graphics">
   <style:properties style:run-through="foreground" style:wrap="run-through" style:vertical-pos="top" style:vertical-rel="paragraph" style:horizontal-pos="left" style:horizontal-rel="paragraph" style:mirror="none" fo:clip="rect(0cm 0cm 0cm 0cm)" draw:luminance="0%" draw:contrast="0%" draw:red="0%" draw:green="0%" draw:blue="0%" draw:gamma="1" draw:color-inversion="false" draw:transparency="-100%" draw:color-mode="standard"/>
  </style:style>
 </office:automatic-styles>
 <office:body>
  <text:variable-decls>
   <text:variable-decl text:value-type="string" text:name="HTML_ON"/>
   <text:variable-decl text:value-type="string" text:name="HTML_OFF"/>
   <text:variable-decl text:value-type="string" text:name="TITEL"/>
   <text:variable-decl text:value-type="string" text:name="END"/>
   <text:variable-decl text:value-type="string" text:name="OS2"/>
   <text:variable-decl text:value-type="string" text:name="ELSE"/>
   <text:variable-decl text:value-type="string" text:name="HREF"/>
   <text:variable-decl text:value-type="string" text:name="HFELD"/>
   <text:variable-decl text:value-type="string" text:name="NAME"/>
   <text:variable-decl text:value-type="string" text:name="MAC"/>
   <text:variable-decl text:value-type="string" text:name="WIN"/>
   <text:variable-decl text:value-type="string" text:name="HelpID"/>
   <text:variable-decl text:value-type="string" text:name="MODIFY"/>
   <text:variable-decl text:value-type="string" text:name="REFNR"/>
   <text:variable-decl text:value-type="string" text:name="KEY"/>
   <text:variable-decl text:value-type="string" text:name="AKTHLP"/>
   <text:variable-decl text:value-type="string" text:name="INDEX"/>
   <text:variable-decl text:value-type="string" text:name="STYLE"/>
   <text:variable-decl text:value-type="string" text:name="PARAINFO"/>
  </text:variable-decls>
  <text:sequence-decls>
   <text:sequence-decl text:display-outline-level="0" text:name="Illustration"/>
   <text:sequence-decl text:display-outline-level="0" text:name="Table"/>
   <text:sequence-decl text:display-outline-level="0" text:name="Text"/>
   <text:sequence-decl text:display-outline-level="0" text:name="Drawing"/>
  </text:sequence-decls>
  <text:p text:style-name="P1"/>
  <text:p text:style-name="Head 1"><help:paragraphinfo state="U" number="1"/><help:help-id value="FN_POSTIT"/><help:help-id value="SID_INSERT_POSTIT"/><help:key-word value="notes; inserting" tag="kw65720_1"/><help:key-word value="inserting; notes" tag="kw65720_6"/><help:key-word value="notes; editing" tag="kw65720_5"/><help:key-word value="editing; notes" tag="kw65720_4"/><help:key-word value="records; inserting notes" tag="kw65720_3"/><help:key-word value="remarks; inserting" tag="kw65720_2"/>Inserting Notes</text:p>
  <text:p text:style-name="Paragraph"><help:paragraphinfo state="U" number="2"/><help:to-be-embedded Eid="notizbearbeitentext"><help:help-text value="visible">Inserts a note at the current cursor position. To view or edit the contents of a note, select the note and choose this command.</help:help-text></help:to-be-embedded> </text:p>
  <help:paragraphinfo state="E"/><help:switch select="Program"><help:case select="WRITER"><help:executeurl Id="slot:20329"></help:executeurl></help:case><help:default><help:executeurl Id="slot:26276"></help:executeurl></help:default></help:switch><help:popup Id="65610" Eid="notiz"><help:embedded Id="65598" Eid="wie"></help:embedded></help:popup>
  <help:paragraphinfo state="E"/><help:switch select="Program"><help:case select="CALC"></help:case><help:default>
  <help:paragraphinfo state="E"/></help:default></help:switch>
  <text:p text:style-name="Paragraph"><help:paragraphinfo state="U" number="3"/><help:switch select="Program"><help:case select="CALC"></help:case><help:default>A small yellow rectangle marks the position of a note in a document. To open the note for editing, double-click the rectangle.</help:default></help:switch></text:p>
  <text:p text:style-name="Paragraph"><help:paragraphinfo state="U" number="17"/><help:switch select="Program"><help:case select="CALC"></help:case><help:default>If your file contains more than one note, the <text:span text:style-name="T1">Edit Note</text:span> dialog contains previous and next arrows to move between the different notes.</help:default></help:switch></text:p>
  <help:paragraphinfo state="E"/><help:help-id value="SVX_IMAGEBUTTON_RID_SVXDLG_POSTIT_BTN_PREV"/><help:switch select="Program"><help:case select="WRITER"><help:embedded Id="65598" Eid="nopfli"></help:embedded></help:case></help:switch>
  <help:paragraphinfo state="E"/><help:help-id value="SVX_IMAGEBUTTON_RID_SVXDLG_POSTIT_BTN_NEXT"/><help:switch select="Program"><help:case select="WRITER"><help:embedded Id="65598" Eid="nopfre"></help:embedded></help:case></help:switch>
  <text:p text:style-name="Paragraph"><help:paragraphinfo state="U" number="5"/><help:switch select="Program"><help:case select="CALC"></help:case><help:default>To set the printing options for notes in your document, choose <text:span text:style-name="T1">File - Print</text:span>, and then click <text:span text:style-name="T1">Options</text:span>.</help:default></help:switch></text:p>
  <text:p text:style-name="Paragraph"><help:paragraphinfo state="U" number="6"/><help:switch select="Program"><help:case select="CALC">When you attach a note to cell, a callout appears where you can enter your text. A small red square marks the position of a note in a sheet. To view the note, ensure that the tip help is activated (<text:span text:style-name="T1">Help – Tips</text:span>), and then rest your mouse pointer over the square.</help:case></help:switch></text:p>
  <text:p text:style-name="Paragraph"><help:paragraphinfo state="U" number="7"/><help:switch select="Program"><help:case select="CALC">To edit a note, click in the cell containing the note, and then select <text:span text:style-name="T1">Insert - Note</text:span>.</help:case></help:switch></text:p>
  <text:p text:style-name="Paragraph"><help:paragraphinfo state="U" number="8"/><help:switch select="Program"><help:case select="CALC">To set the printing options for notes in your spreadsheet, choose <text:span text:style-name="T1">Format - Page</text:span>, and then click on the <text:span text:style-name="T1">Sheet</text:span> tab.</help:case></help:switch></text:p>
  <table:table table:name="Tabelle3" table:style-name="Tabelle3">
   <table:table-column table:style-name="Tabelle3.A"/>
   <table:table-column table:style-name="Tabelle3.B"/>
   <table:table-header-rows>
    <table:table-row>
     <table:table-cell table:value-type="string">
      <text:p text:style-name="Paragraph"><draw:image draw:name="Icon0" svg:desc="This icon marks text containing additional information." svg:pixelx="32" svg:pixely="32" svg:width="0.847cm" svg:height="0.847cm" xlink:href="65980" draw:filter-name=""/></text:p>

     </table:table-cell>
     <table:table-cell table:value-type="string">
      <text:p text:style-name="Paragraph"><help:paragraphinfo state="U" number="18"/>When you export a file that contains notes to HTML format, the contents of the notes are placed between &lt;Comment&gt; tags</text:p>
     </table:table-cell>
    </table:table-row>
   </table:table-header-rows>
  </table:table>
  <text:p text:style-name="Head 2"><help:paragraphinfo state="U" number="9"/><help:switch select="Program"><help:case select="CALC"></help:case><help:default>Contents</help:default></help:switch></text:p>
  <text:p text:style-name="Paragraph"><help:paragraphinfo state="U" number="10"/><help:switch select="Program"><help:case select="CALC"></help:case><help:default>Displays the properties of the selected note.</help:default></help:switch></text:p>
  <text:p text:style-name="Head 3"><help:paragraphinfo state="U" number="11"/><help:switch select="Program"><help:case select="CALC"></help:case><help:default>Author</help:default></help:switch></text:p>
  <text:p text:style-name="Paragraph"><help:paragraphinfo state="U" number="12"/><help:switch select="Program"><help:case select="CALC"></help:case><help:default>Displays the initials of the person who created the note as well as the date that the note was created.</help:default></help:switch></text:p>
  <text:p text:style-name="Head 3"><help:paragraphinfo state="U" number="13"/><help:help-id value="SVX_MULTILINEEDIT_RID_SVXDLG_POSTIT_ED_EDIT"/><help:switch select="Program"><help:case select="CALC"></help:case><help:default>Text</help:default></help:switch></text:p>
  <text:p text:style-name="Paragraph"><help:paragraphinfo state="U" number="14"/><help:help-text value="visible"><help:switch select="Program"><help:case select="CALC"></help:case><help:default>Enter the text for your note.</help:default></help:switch></help:help-text></text:p>
  <text:p text:style-name="Head 2"><help:paragraphinfo state="U" number="15"/><help:help-id value="SVX_PUSHBUTTON_RID_SVXDLG_POSTIT_BTN_AUTHOR"/><help:switch select="Program"><help:case select="CALC"></help:case><help:default>Author</help:default></help:switch></text:p>
  <text:p text:style-name="Paragraph"><help:paragraphinfo state="U" number="16"/><help:help-text value="visible"><help:switch select="Program"><help:case select="CALC"></help:case><help:default>Enters your initials and the current date and time into the contents of the note.</help:default></help:switch></help:help-text></text:p>
 </office:body>
</office:document>
