

<office:document  xmlns:office="http://openoffice.org/2000/office" xmlns:style="http://openoffice.org/2000/style" xmlns:text="http://openoffice.org/2000/text" xmlns:table="http://openoffice.org/2000/table" xmlns:draw="http://openoffice.org/2000/drawing" xmlns:fo="http://www.w3.org/1999/XSL/Format" xmlns:xlink="http://www.w3.org/1999/xlink" xmlns:number="http://openoffice.org/2000/datastyle" xmlns:svg="http://www.w3.org/2000/svg" xmlns:chart="http://openoffice.org/2000/chart" xmlns:dr3d="http://openoffice.org/2000/dr3d" xmlns:math="http://www.w3.org/1998/Math/MathML" xmlns:form="http://openoffice.org/2000/form" xmlns:script="http://openoffice.org/2000/script" office:class="text" office:version="1.0" xmlns:dc="http://purl.org/dc/elements/1.1/" xmlns:meta="http://openoffice.org/2000/meta" xmlns:help="http://openoffice.org/2000/help">
<office:meta>
  <dc:description>text/common/01/05020400</dc:description>
  <dc:subject>Hyperlink</dc:subject>
  <meta:keywords>
   <meta:keyword>$Version</meta:keyword>
  </meta:keywords>
  <dc:language>en-US</dc:language>
  <meta:user-defined meta:name="Info 0">READY</meta:user-defined>
  <meta:user-defined meta:name="Info 1">FREE_OK</meta:user-defined>
  <meta:user-defined meta:name="Info 2"/>
  <meta:user-defined meta:name="Info 3"/>
</office:meta>
 <office:script/>
 <office:font-decls>
  <style:font-decl style:name="StarSymbol" fo:font-family="StarSymbol" style:font-charset="x-symbol"/>
  <style:font-decl style:name="Courier New" fo:font-family="&apos;Courier New&apos;" style:font-style-name="Standard" style:font-family-generic="modern" style:font-pitch="fixed"/>
  <style:font-decl style:name="Courier" fo:font-family="Courier" style:font-family-generic="roman" style:font-pitch="fixed"/>
  <style:font-decl style:name="Arial Unicode MS" fo:font-family="&apos;Arial Unicode MS&apos;" style:font-pitch="variable"/>
  <style:font-decl style:name="HG Mincho Light J" fo:font-family="&apos;HG Mincho Light J&apos;" style:font-pitch="variable"/>
  <style:font-decl style:name="Times New Roman3" fo:font-family="&apos;Times New Roman&apos;" style:font-pitch="variable"/>
  <style:font-decl style:name="Thorndale" fo:font-family="Thorndale" style:font-family-generic="roman" style:font-pitch="variable"/>
  <style:font-decl style:name="Times New Roman2" fo:font-family="&apos;Times New Roman&apos;" style:font-style-name="Fett" style:font-family-generic="roman" style:font-pitch="variable"/>
  <style:font-decl style:name="Times New Roman" fo:font-family="&apos;Times New Roman&apos;" style:font-style-name="Standard" style:font-family-generic="roman" style:font-pitch="variable"/>
  <style:font-decl style:name="Times New Roman1" fo:font-family="&apos;Times New Roman&apos;" style:font-family-generic="swiss" style:font-pitch="variable"/>
 </office:font-decls>
 <office:automatic-styles>
  <style:style style:name="P1" style:family="paragraph" style:parent-style-name="Paragraph" style:master-page-name="HTML">
   <style:properties style:page-number="0"/>
  </style:style>
  <style:style style:name="T1" style:family="text">
   <style:properties fo:font-weight="bold"/>
  </style:style>
 </office:automatic-styles>
 <office:body>
  <text:variable-decls>
   <text:variable-decl text:value-type="string" text:name="HTML_ON"/>
   <text:variable-decl text:value-type="string" text:name="HTML_OFF"/>
   <text:variable-decl text:value-type="string" text:name="TITEL"/>
   <text:variable-decl text:value-type="string" text:name="END"/>
   <text:variable-decl text:value-type="string" text:name="HREF"/>
   <text:variable-decl text:value-type="string" text:name="NAME"/>
   <text:variable-decl text:value-type="string" text:name="OS2"/>
   <text:variable-decl text:value-type="string" text:name="ELSE"/>
   <text:variable-decl text:value-type="string" text:name="HelpID"/>
   <text:variable-decl text:value-type="string" text:name="MODIFY"/>
   <text:variable-decl text:value-type="string" text:name="REFNR"/>
   <text:variable-decl text:value-type="string" text:name="KEY"/>
   <text:variable-decl text:value-type="string" text:name="AKTHLP"/>
   <text:variable-decl text:value-type="string" text:name="HFELD"/>
   <text:variable-decl text:value-type="string" text:name="INDEX"/>
   <text:variable-decl text:value-type="string" text:name="STYLE"/>
   <text:variable-decl text:value-type="string" text:name="PARAINFO"/>
  </text:variable-decls>
  <text:sequence-decls>
   <text:sequence-decl text:display-outline-level="0" text:name="Illustration"/>
   <text:sequence-decl text:display-outline-level="0" text:name="Table"/>
   <text:sequence-decl text:display-outline-level="0" text:name="Text"/>
   <text:sequence-decl text:display-outline-level="0" text:name="Drawing"/>
  </text:sequence-decls>
  <text:p text:style-name="P1"/>
  <text:p text:style-name="Head 1"><help:paragraphinfo state="U" number="1"/><help:help-id value="HID_CHAR_URL"/><help:help-id value="FN_INSERT_HYPERLINK"/><help:key-word value="formatting; hyperlinks" tag="kw65804_1"/><help:key-word value="characters; hyperlinks" tag="kw65804_5"/><help:key-word value="hyperlinks; character formats" tag="kw65804_4"/><help:key-word value="text; hyperlinks" tag="kw65804_3"/><help:key-word value="links; character formats" tag="kw65804_2"/><a name="hyperlink"/><help:link Id="65804">Hyperlink</help:link></text:p>
  <text:p text:style-name="Paragraph"><help:paragraphinfo state="U" number="2"/><help:to-be-embedded Eid="hyperlinktext"><help:help-text value="visible">Assigns a new hyperlink or edits the selected hyperlink.</help:help-text></help:to-be-embedded> A hyperlink is a link to a file on the Internet or on your local system.</text:p>
  <help:paragraphinfo state="E"/><help:switch select="Program"><help:case select="WRITER">
  <text:p text:style-name="Paragraph"><help:paragraphinfo state="U" number="38"/>You can also assign or edit a named HTML anchor, or <help:link Id="67659">Bookmark</help:link>, that refers to a specific place in a document.</text:p>
  <help:paragraphinfo state="E"/></help:case></help:switch>
  <help:paragraphinfo state="E"/><help:popup Id="65599" Eid="hyperl"><help:embedded Id="65598" Eid="wie"></help:embedded></help:popup>
  <text:p text:style-name="Head 2"><help:paragraphinfo state="U" number="12"/>Hyperlink</text:p>
  <text:p text:style-name="Paragraph"><help:paragraphinfo state="U" number="13"/>Specify the properties for the hyperlink.</text:p>
  <text:p text:style-name="Head 3"><help:paragraphinfo state="U" number="14"/><help:help-id value="SW_EDIT_TP_CHAR_URL_ED_URL"/>URL</text:p>
  <text:p text:style-name="Paragraph"><help:paragraphinfo state="U" number="15"/><help:to-be-embedded Eid="texturl"><help:help-text value="visible">Enter a <help:popup Id="65629" Eid="url">URL</help:popup> for the file that you want to open when you click the hyperlink.</help:help-text> If you do not specify a target frame, the file opens in the current document or frame.</help:to-be-embedded></text:p>
  <text:p text:style-name="Head 3"><help:paragraphinfo state="U" number="16"/><help:help-id value="SW_PUSHBUTTON_TP_CHAR_URL_PB_URL"/>Browse</text:p>
  <text:p text:style-name="Paragraph"><help:paragraphinfo state="U" number="17"/><help:help-text value="visible">Locate the file that you want to link to, and then click <text:span text:style-name="T1">Open</text:span>.</help:help-text></text:p>
  <text:p text:style-name="Head 3"><help:paragraphinfo state="U" number="18"/><help:help-id value="SW_EDIT_TP_CHAR_URL_ED_TEXT"/>Reference</text:p>
  <text:p text:style-name="Paragraph"><help:paragraphinfo state="U" number="19"/><help:help-text value="visible">Enter the text that you want to display for the hyperlink.</help:help-text></text:p>
  <text:p text:style-name="Head 3"><help:paragraphinfo state="U" number="28"/><help:help-id value="SW_PUSHBUTTON_TP_CHAR_URL_PB_EVENT"/>Events</text:p>
  <text:p text:style-name="Paragraph"><help:paragraphinfo state="U" number="29"/><help:help-text value="visible">Specify an event that triggers when you click the hyperlink.</help:help-text></text:p>
  <text:p text:style-name="Head 3"><help:paragraphinfo state="U" number="30"/><help:help-id value="SW_EDIT_TP_CHAR_URL_ED_NAME"/>Name</text:p>
  <help:paragraphinfo state="E"/><help:to-be-embedded Eid="textname">
  <text:p text:style-name="Paragraph"><help:paragraphinfo state="U" number="31"/><help:help-text value="visible">Enter a name for the hyperlink.</help:help-text> <help:productname>%PRODUCTNAME</help:productname> inserts a NAME tag in the hyperlink:</text:p>
  <text:p text:style-name="Paragraph"><help:paragraphinfo state="U" number="34"/>&lt;A HREF=&quot;http://www.sun.com/&quot; NAME=&quot;Nametext&quot; TARGET=&quot;_blank&quot;&gt;Note&lt;/A&gt;</text:p>
  <help:paragraphinfo state="E"/></help:to-be-embedded>
  <text:p text:style-name="Head 3"><help:paragraphinfo state="U" number="20"/><help:help-id value="SW_COMBOBOX_TP_CHAR_URL_LB_TARGET"/>Frame</text:p>
  <text:p text:style-name="Paragraph"><help:paragraphinfo state="U" number="21"/><help:to-be-embedded Eid="textframe"><help:help-text value="visible">Enter the name of the frame that you want the linked file to open in, or select a predefined frame from the list.</help:help-text> If you leave this box blank, the linked file opens in the current browser window.</help:to-be-embedded></text:p>
  <text:p text:style-name="Head 2"><help:paragraphinfo state="U" number="22"/>Character Styles</text:p>
  <text:p text:style-name="Paragraph"><help:paragraphinfo state="U" number="23"/>Specify the formatting options for the hyperlink.</text:p>
  <text:p text:style-name="Head 3"><help:paragraphinfo state="U" number="24"/><help:help-id value="SW_LISTBOX_TP_CHAR_URL_LB_VISITED"/>Visited links</text:p>
  <text:p text:style-name="Paragraph"><help:paragraphinfo state="U" number="25"/><help:help-text value="visible">Select a formatting style to use for visited links from the list. To add or modify a style in this list, close this dialog, and click the <text:span text:style-name="T1">Stylist</text:span> icon on the <text:span text:style-name="T1">Object Bar</text:span>.</help:help-text></text:p>
  <text:p text:style-name="Head 3"><help:paragraphinfo state="U" number="26"/><help:help-id value="SW_LISTBOX_TP_CHAR_URL_LB_NOT_VISITED"/>Unvisited links</text:p>
  <text:p text:style-name="Paragraph"><help:paragraphinfo state="U" number="27"/><help:help-text value="visible">Select a formatting style to use for unvisited links from the list. To add or modify a style in this list, close this dialog, and click the <text:span text:style-name="T1">Stylist</text:span> icon on the <text:span text:style-name="T1">Object Bar</text:span>.</help:help-text></text:p>
  <text:p text:style-name="ParaList"><help:paragraphinfo state="S"/><help:embedded Id="65598" Eid="related"></help:embedded></text:p>
  <text:p text:style-name="ParaList"><help:paragraphinfo state="S"/><help:link Id="65963">Hyperlink dialog</help:link></text:p>
  <text:p text:style-name="ParaList"><help:paragraphinfo state="S"/><help:link Id="67665">Assign macro</help:link></text:p>
  <text:p text:style-name="ParaList"><help:paragraphinfo state="S"/><help:link Id="65775" Eid="targets">Target frame</help:link></text:p>
 </office:body>
</office:document>
