

<office:document  xmlns:office="http://openoffice.org/2000/office" xmlns:style="http://openoffice.org/2000/style" xmlns:text="http://openoffice.org/2000/text" xmlns:table="http://openoffice.org/2000/table" xmlns:draw="http://openoffice.org/2000/drawing" xmlns:fo="http://www.w3.org/1999/XSL/Format" xmlns:xlink="http://www.w3.org/1999/xlink" xmlns:number="http://openoffice.org/2000/datastyle" xmlns:svg="http://www.w3.org/2000/svg" xmlns:chart="http://openoffice.org/2000/chart" xmlns:dr3d="http://openoffice.org/2000/dr3d" xmlns:math="http://www.w3.org/1998/Math/MathML" xmlns:form="http://openoffice.org/2000/form" xmlns:script="http://openoffice.org/2000/script" office:class="text" office:version="1.0" xmlns:dc="http://purl.org/dc/elements/1.1/" xmlns:meta="http://openoffice.org/2000/meta" xmlns:help="http://openoffice.org/2000/help">
<office:meta>
  <dc:description>text/common/01/05020500</dc:description>
  <dc:subject>Font Position / Position</dc:subject>

  <dc:language>en-US</dc:language>
  <meta:user-defined meta:name="Info 0">READY</meta:user-defined>
  <meta:user-defined meta:name="Info 1">FREE_OK</meta:user-defined>
  <meta:user-defined meta:name="Info 2"/>
  <meta:user-defined meta:name="Info 3"/>
</office:meta>
 <office:script/>
 <office:font-decls>
  <style:font-decl style:name="StarSymbol" fo:font-family="StarSymbol" style:font-charset="x-symbol"/>
  <style:font-decl style:name="Courier New" fo:font-family="&apos;Courier New&apos;" style:font-style-name="Standard" style:font-family-generic="modern" style:font-pitch="fixed"/>
  <style:font-decl style:name="Courier" fo:font-family="Courier" style:font-family-generic="roman" style:font-pitch="fixed"/>
  <style:font-decl style:name="Arial Unicode MS" fo:font-family="&apos;Arial Unicode MS&apos;" style:font-pitch="variable"/>
  <style:font-decl style:name="HG Mincho Light J" fo:font-family="&apos;HG Mincho Light J&apos;" style:font-pitch="variable"/>
  <style:font-decl style:name="Times New Roman3" fo:font-family="&apos;Times New Roman&apos;" style:font-pitch="variable"/>
  <style:font-decl style:name="Thorndale" fo:font-family="Thorndale" style:font-family-generic="roman" style:font-pitch="variable"/>
  <style:font-decl style:name="Times New Roman2" fo:font-family="&apos;Times New Roman&apos;" style:font-style-name="Fett" style:font-family-generic="roman" style:font-pitch="variable"/>
  <style:font-decl style:name="Times New Roman" fo:font-family="&apos;Times New Roman&apos;" style:font-style-name="Standard" style:font-family-generic="roman" style:font-pitch="variable"/>
  <style:font-decl style:name="Times New Roman1" fo:font-family="&apos;Times New Roman&apos;" style:font-family-generic="swiss" style:font-pitch="variable"/>
 </office:font-decls>
 <office:automatic-styles>
  <style:style style:name="P1" style:family="paragraph" style:parent-style-name="Paragraph" style:master-page-name="HTML">
   <style:properties style:page-number="0"/>
  </style:style>
  <style:style style:name="P2" style:family="paragraph" style:parent-style-name="Paragraph" style:list-style-name="L1"/>
  <style:style style:name="T1" style:family="text">
   <style:properties fo:font-weight="bold"/>
  </style:style>
  <text:list-style style:name="L1">
   <text:list-level-style-bullet text:level="1" text:style-name="Bullet Symbols" style:num-suffix="." text:bullet-char="•">
    <style:properties text:min-label-width="0.499cm" style:font-name="StarSymbol"/>
   </text:list-level-style-bullet>
   <text:list-level-style-bullet text:level="2" text:style-name="Bullet Symbols" style:num-suffix="." text:bullet-char="•">
    <style:properties text:space-before="0.499cm" text:min-label-width="0.499cm" style:font-name="StarSymbol"/>
   </text:list-level-style-bullet>
   <text:list-level-style-bullet text:level="3" text:style-name="Bullet Symbols" style:num-suffix="." text:bullet-char="•">
    <style:properties text:space-before="0.999cm" text:min-label-width="0.499cm" style:font-name="StarSymbol"/>
   </text:list-level-style-bullet>
   <text:list-level-style-bullet text:level="4" text:style-name="Bullet Symbols" style:num-suffix="." text:bullet-char="•">
    <style:properties text:space-before="1.498cm" text:min-label-width="0.499cm" style:font-name="StarSymbol"/>
   </text:list-level-style-bullet>
   <text:list-level-style-bullet text:level="5" text:style-name="Bullet Symbols" style:num-suffix="." text:bullet-char="•">
    <style:properties text:space-before="1.997cm" text:min-label-width="0.499cm" style:font-name="StarSymbol"/>
   </text:list-level-style-bullet>
   <text:list-level-style-bullet text:level="6" text:style-name="Bullet Symbols" style:num-suffix="." text:bullet-char="•">
    <style:properties text:space-before="2.496cm" text:min-label-width="0.499cm" style:font-name="StarSymbol"/>
   </text:list-level-style-bullet>
   <text:list-level-style-bullet text:level="7" text:style-name="Bullet Symbols" style:num-suffix="." text:bullet-char="•">
    <style:properties text:space-before="2.995cm" text:min-label-width="0.499cm" style:font-name="StarSymbol"/>
   </text:list-level-style-bullet>
   <text:list-level-style-bullet text:level="8" text:style-name="Bullet Symbols" style:num-suffix="." text:bullet-char="•">
    <style:properties text:space-before="3.494cm" text:min-label-width="0.499cm" style:font-name="StarSymbol"/>
   </text:list-level-style-bullet>
   <text:list-level-style-bullet text:level="9" text:style-name="Bullet Symbols" style:num-suffix="." text:bullet-char="•">
    <style:properties text:space-before="3.994cm" text:min-label-width="0.499cm" style:font-name="StarSymbol"/>
   </text:list-level-style-bullet>
   <text:list-level-style-bullet text:level="10" text:style-name="Bullet Symbols" style:num-suffix="." text:bullet-char="•">
    <style:properties text:space-before="4.493cm" text:min-label-width="0.499cm" style:font-name="StarSymbol"/>
   </text:list-level-style-bullet>
  </text:list-style>
 </office:automatic-styles>
 <office:body>
  <text:variable-decls>
   <text:variable-decl text:value-type="string" text:name="HTML_ON"/>
   <text:variable-decl text:value-type="string" text:name="HTML_OFF"/>
   <text:variable-decl text:value-type="string" text:name="TITEL"/>
   <text:variable-decl text:value-type="string" text:name="END"/>
   <text:variable-decl text:value-type="string" text:name="HREF"/>
   <text:variable-decl text:value-type="string" text:name="NAME"/>
   <text:variable-decl text:value-type="string" text:name="OS2"/>
   <text:variable-decl text:value-type="string" text:name="ELSE"/>
   <text:variable-decl text:value-type="string" text:name="HelpID"/>
   <text:variable-decl text:value-type="string" text:name="HFELD"/>
   <text:variable-decl text:value-type="string" text:name="MODIFY"/>
   <text:variable-decl text:value-type="string" text:name="REFNR"/>
   <text:variable-decl text:value-type="string" text:name="WIN"/>
   <text:variable-decl text:value-type="string" text:name="KEY"/>
   <text:variable-decl text:value-type="string" text:name="AKTHLP"/>
   <text:variable-decl text:value-type="string" text:name="INDEX"/>
   <text:variable-decl text:value-type="string" text:name="STYLE"/>
   <text:variable-decl text:value-type="string" text:name="PARAINFO"/>
  </text:variable-decls>
  <text:sequence-decls>
   <text:sequence-decl text:display-outline-level="0" text:name="Illustration"/>
   <text:sequence-decl text:display-outline-level="0" text:name="Table"/>
   <text:sequence-decl text:display-outline-level="0" text:name="Text"/>
   <text:sequence-decl text:display-outline-level="0" text:name="Drawing"/>
  </text:sequence-decls>
  <help:paragraphinfo state="E"/><help:to-be-embedded Eid="position">
  <text:p text:style-name="Head 1"><help:paragraphinfo state="U" number="1"/><help:help-id value="HID_SVXPAGE_CHAR_POSITION"/><help:key-word value="positions; fonts" tag="kw67879_1"/><help:key-word value="formats; positions" tag="kw67879_20"/><help:key-word value="characters; positions" tag="kw67879_19"/><help:key-word value="text; positions" tag="kw67879_18"/><help:key-word value="effects; positions" tag="kw67879_17"/><help:key-word value="font positions; text" tag="kw67879_16"/><help:switch select="Program"><help:case select="CALC"><help:link Id="67879">Font Position</help:link></help:case><help:default><help:link Id="67879">Position</help:link></help:default></help:switch></text:p>
  <text:p text:style-name="Paragraph"><help:paragraphinfo state="U" number="2"/><help:help-text value="visible">Specify the position, scaling, rotation, and spacing for characters.</help:help-text></text:p>
  <help:paragraphinfo state="E"/></help:to-be-embedded>
  <help:paragraphinfo state="E"/><help:popup Id="65599" Eid="position"><help:embedded Id="65598" Eid="wie"></help:embedded></help:popup>
  <help:paragraphinfo state="E"/><help:embedded Id="65740" Eid="hinweis"></help:embedded>
  <text:p text:style-name="Paragraph"><help:paragraphinfo state="S"/><help:switch select="Program"><help:case select="CALC"><help:embedded Id="68103" Eid="super_subscript"></help:embedded></help:case></help:switch></text:p>
  <text:p text:style-name="Head 2"><help:paragraphinfo state="U" number="3"/>Position</text:p>
  <text:p text:style-name="Paragraph"><help:paragraphinfo state="U" number="4"/>Set the subscript or superscript options for a character.</text:p>
  <text:p text:style-name="Head 3"><help:paragraphinfo state="U" number="5"/><help:help-id value="FN_SET_SUPER_SCRIPT"/><help:help-id value="SVX_RADIOBUTTON_RID_SVXPAGE_CHAR_POSITION_RB_HIGHPOS"/><a name="hoch"/>Superscript<help:key-word value="superscript; characters formatting" tag="kw67879_15"/><help:key-word value="characters; superscript" tag="kw67879_14"/></text:p>
  <text:p text:style-name="Paragraph"><help:paragraphinfo state="U" number="6"/><help:to-be-embedded Eid="hochtext"><help:help-text value="visible">Reduces the font size of the selected text and raises the text above the baseline.</help:help-text></help:to-be-embedded></text:p>
  <text:p text:style-name="Head 3"><help:paragraphinfo state="U" number="7"/><help:help-id value="SVX_RADIOBUTTON_RID_SVXPAGE_CHAR_POSITION_RB_NORMALPOS"/>Normal</text:p>
  <text:p text:style-name="Paragraph"><help:paragraphinfo state="U" number="8"/><help:help-text value="visible">Removes superscript or subscript formatting.</help:help-text></text:p>
  <text:p text:style-name="Head 3"><help:paragraphinfo state="U" number="9"/><help:help-id value="FN_SET_SUB_SCRIPT"/><help:help-id value="SVX_RADIOBUTTON_RID_SVXPAGE_CHAR_POSITION_RB_LOWPOS"/><a name="tief"/>Subscript<help:key-word value="subscript; characters formatting" tag="kw67879_13"/><help:key-word value="characters; subscript" tag="kw67879_12"/></text:p>
  <text:p text:style-name="Paragraph"><help:paragraphinfo state="U" number="10"/><help:to-be-embedded Eid="tieftext"><help:help-text value="visible">Reduces the font size of the selected text and lowers the text below the baseline.</help:help-text></help:to-be-embedded></text:p>
  <text:p text:style-name="Head 3"><help:paragraphinfo state="U" number="11"/><help:help-id value="SVX_METRICFIELD_RID_SVXPAGE_CHAR_POSITION_ED_HIGHLOW"/>Raise/lower by</text:p>
  <text:p text:style-name="Paragraph"><help:paragraphinfo state="U" number="12"/><help:help-text value="visible">Enter the amount by which you want to raise or to lower the selected text in relation to the baseline. One hundred percent is equal to the height of the font.</help:help-text></text:p>
  <text:p text:style-name="Head 3"><help:paragraphinfo state="U" number="13"/><help:help-id value="SVX_METRICFIELD_RID_SVXPAGE_CHAR_POSITION_ED_FONTSIZE"/>Relative font size</text:p>
  <text:p text:style-name="Paragraph"><help:paragraphinfo state="U" number="14"/><help:help-text value="visible">Enter the amount by which you want to reduce the font size of the selected text.</help:help-text></text:p>
  <text:p text:style-name="Head 3"><help:paragraphinfo state="U" number="15"/><help:help-id value="SVX_CHECKBOX_RID_SVXPAGE_CHAR_POSITION_CB_HIGHLOW"/>Automatic</text:p>
  <text:p text:style-name="Paragraph"><help:paragraphinfo state="U" number="16"/><help:help-text value="visible">Automatically sets the amount by which the selected text is raised or lowered in relation to the baseline.</help:help-text></text:p>
  <text:p text:style-name="Head 2"><help:paragraphinfo state="U" number="30"/>Rotation / scaling</text:p>
  <help:paragraphinfo state="E"/><help:switch select="Program"><help:case select="WRITER">
  <text:p text:style-name="Paragraph"><help:paragraphinfo state="U" number="36"/>Set the rotation and the scaling options for the selected text.</text:p>
  <text:p text:style-name="Head 3"><help:paragraphinfo state="U" number="31"/><help:help-id value="SVX_RADIOBUTTON_RID_SVXPAGE_CHAR_POSITION_RB_0_DEG"/>0 degrees</text:p>
  <text:p text:style-name="Paragraph"><help:paragraphinfo state="U" number="37"/><help:help-text value="visible">Does not rotate the selected text.</help:help-text></text:p>
  <text:p text:style-name="Head 3"><help:paragraphinfo state="U" number="32"/><help:help-id value="SVX_RADIOBUTTON_RID_SVXPAGE_CHAR_POSITION_RB_90_DEG"/>90 degrees</text:p>
  <text:p text:style-name="Paragraph"><help:paragraphinfo state="U" number="38"/><help:help-text value="visible">Rotates the selected text to the left by 90 degrees.</help:help-text></text:p>
  <text:p text:style-name="Head 3"><help:paragraphinfo state="U" number="33"/><help:help-id value="SVX_RADIOBUTTON_RID_SVXPAGE_CHAR_POSITION_RB_270_DEG"/>270 degrees</text:p>
  <text:p text:style-name="Paragraph"><help:paragraphinfo state="U" number="39"/><help:help-text value="visible">Rotates the selected text to the right by 90 degrees.</help:help-text></text:p>
  <text:p text:style-name="Head 3"><help:paragraphinfo state="U" number="34"/><help:help-id value="SVX_CHECKBOX_RID_SVXPAGE_CHAR_POSITION_CB_FIT_TO_LINE"/>Fit to line</text:p>
  <text:p text:style-name="Paragraph"><help:paragraphinfo state="U" number="40"/><help:help-text value="visible">Stretches or compresses the selected text so that it fits between the line that is above the text and the line that is below the text.</help:help-text></text:p>
  <help:paragraphinfo state="E"/></help:case></help:switch>
  <text:p text:style-name="Head 3"><help:paragraphinfo state="U" number="35"/><help:help-id value="SVX_METRICFIELD_RID_SVXPAGE_CHAR_POSITION_MF_SCALE_WIDTH"/>Scale width</text:p>
  <text:p text:style-name="Paragraph"><help:paragraphinfo state="U" number="41"/><help:help-text value="visible">Enter the percentage of the font width by which to horizontally stretch or compress the selected text.</help:help-text></text:p>
  <text:p text:style-name="Head 2"><help:paragraphinfo state="U" number="17"/><help:key-word value="spacing; font effects" tag="kw67879_11"/><help:key-word value="characters; spacing" tag="kw67879_10"/><help:key-word value="text; spacing" tag="kw67879_9"/><help:key-word value="text; locked" tag="kw67879_8"/>Spacing</text:p>
  <text:p text:style-name="Paragraph"><help:paragraphinfo state="U" number="18"/>Specify the spacing between individual characters.</text:p>
  <text:p text:style-name="Head 3"><help:paragraphinfo state="U" number="19"/><help:help-id value="SVX_LISTBOX_RID_SVXPAGE_CHAR_POSITION_LB_KERNING2"/>Spacing</text:p>
  <text:p text:style-name="Paragraph"><help:paragraphinfo state="U" number="20"/><help:help-text value="visible">Specifies the spacing between the characters of the selected text. For expanded or condensed <text:s/>spacing, enter the amount that you want to expand or condense the text in the <text:span text:style-name="T1">by </text:span>box.</help:help-text></text:p>
  <text:unordered-list text:style-name="L1">
   <text:list-item>
    <text:p text:style-name="P2"><help:paragraphinfo state="U" number="21"/><text:span text:style-name="T1">Default</text:span> - uses the character spacing specified in the font type</text:p>
   </text:list-item>
   <text:list-item>
    <text:p text:style-name="P2"><help:paragraphinfo state="U" number="22"/><text:span text:style-name="T1">Expanded</text:span> - increases the character spacing</text:p>
   </text:list-item>
   <text:list-item>
    <text:p text:style-name="P2"><help:paragraphinfo state="U" number="23"/><text:span text:style-name="T1">Condensed</text:span> - decreases the character spacing</text:p>
   </text:list-item>
  </text:unordered-list>
  <text:p text:style-name="Head 3"><help:paragraphinfo state="U" number="25"/><help:help-id value="SVX_METRICFIELD_RID_SVXPAGE_CHAR_POSITION_ED_KERNING2"/>by</text:p>
  <text:p text:style-name="Paragraph"><help:paragraphinfo state="U" number="26"/><help:help-text value="visible">Enter the amount by which you want to expand or condense the character spacing for the selected text.</help:help-text></text:p>
  <text:p text:style-name="Head 3"><help:paragraphinfo state="U" number="27"/><help:help-id value="SVX_CHECKBOX_RID_SVXPAGE_CHAR_POSITION_CB_PAIRKERNING"/><help:popup Id="65619" Eid="kerning">Pair kerning</help:popup><help:key-word value="kerning pairs; characters" tag="kw67879_7"/><help:key-word value="pair kerning; characters" tag="kw67879_6"/><help:key-word value="kerning; in characters" tag="kw67879_5"/><help:key-word value="characters; kerning" tag="kw67879_4"/><help:key-word value="text; kerning" tag="kw67879_3"/><help:key-word value="fonts; kerning" tag="kw67879_2"/></text:p>
  <text:p text:style-name="Paragraph"><help:paragraphinfo state="U" number="28"/><help:help-text value="visible">Automatically adjust the character spacing for specific letter combinations.</help:help-text></text:p>
  <text:p text:style-name="Paragraph"><help:paragraphinfo state="U" number="29"/>Kerning is only available for certain font types and requires that your printer support this option.</text:p>
  <help:paragraphinfo state="E"/><help:embedded Id="65630" Eid="vorschau"></help:embedded>
 </office:body>
</office:document>
