

<office:document  xmlns:office="http://openoffice.org/2000/office" xmlns:style="http://openoffice.org/2000/style" xmlns:text="http://openoffice.org/2000/text" xmlns:table="http://openoffice.org/2000/table" xmlns:draw="http://openoffice.org/2000/drawing" xmlns:fo="http://www.w3.org/1999/XSL/Format" xmlns:xlink="http://www.w3.org/1999/xlink" xmlns:number="http://openoffice.org/2000/datastyle" xmlns:svg="http://www.w3.org/2000/svg" xmlns:chart="http://openoffice.org/2000/chart" xmlns:dr3d="http://openoffice.org/2000/dr3d" xmlns:math="http://www.w3.org/1998/Math/MathML" xmlns:form="http://openoffice.org/2000/form" xmlns:script="http://openoffice.org/2000/script" office:class="text" office:version="1.0" xmlns:dc="http://purl.org/dc/elements/1.1/" xmlns:meta="http://openoffice.org/2000/meta" xmlns:help="http://openoffice.org/2000/help">
<office:meta>
  <dc:description>text/common/01/05030300</dc:description>
  <dc:subject>Tabs</dc:subject>

  <dc:language>en-US</dc:language>
  <meta:user-defined meta:name="Info 0">READY</meta:user-defined>
  <meta:user-defined meta:name="Info 1">FREE_OK</meta:user-defined>
  <meta:user-defined meta:name="Info 2"/>
  <meta:user-defined meta:name="Info 3"/>
</office:meta>
 <office:script/>
 <office:font-decls>
  <style:font-decl style:name="StarSymbol" fo:font-family="StarSymbol" style:font-charset="x-symbol"/>
  <style:font-decl style:name="Courier New" fo:font-family="&apos;Courier New&apos;" style:font-style-name="Standard" style:font-family-generic="modern" style:font-pitch="fixed"/>
  <style:font-decl style:name="Courier" fo:font-family="Courier" style:font-family-generic="roman" style:font-pitch="fixed"/>
  <style:font-decl style:name="Arial Unicode MS" fo:font-family="&apos;Arial Unicode MS&apos;" style:font-pitch="variable"/>
  <style:font-decl style:name="HG Mincho Light J" fo:font-family="&apos;HG Mincho Light J&apos;" style:font-pitch="variable"/>
  <style:font-decl style:name="Times New Roman3" fo:font-family="&apos;Times New Roman&apos;" style:font-pitch="variable"/>
  <style:font-decl style:name="Thorndale" fo:font-family="Thorndale" style:font-family-generic="roman" style:font-pitch="variable"/>
  <style:font-decl style:name="Times New Roman2" fo:font-family="&apos;Times New Roman&apos;" style:font-style-name="Fett" style:font-family-generic="roman" style:font-pitch="variable"/>
  <style:font-decl style:name="Times New Roman" fo:font-family="&apos;Times New Roman&apos;" style:font-style-name="Standard" style:font-family-generic="roman" style:font-pitch="variable"/>
  <style:font-decl style:name="Times New Roman1" fo:font-family="&apos;Times New Roman&apos;" style:font-family-generic="swiss" style:font-pitch="variable"/>
 </office:font-decls>
 <office:automatic-styles>
  <style:style style:name="P1" style:family="paragraph" style:parent-style-name="Paragraph" style:master-page-name="HTML">
   <style:properties style:page-number="0"/>
  </style:style>
  <style:style style:name="T1" style:family="text">
   <style:properties fo:font-weight="bold"/>
  </style:style>
 </office:automatic-styles>
 <office:body>
  <text:variable-decls>
   <text:variable-decl text:value-type="string" text:name="HTML_ON"/>
   <text:variable-decl text:value-type="string" text:name="HTML_OFF"/>
   <text:variable-decl text:value-type="string" text:name="TITEL"/>
   <text:variable-decl text:value-type="string" text:name="END"/>
   <text:variable-decl text:value-type="string" text:name="HREF"/>
   <text:variable-decl text:value-type="string" text:name="WIN"/>
   <text:variable-decl text:value-type="string" text:name="ELSE"/>
   <text:variable-decl text:value-type="string" text:name="MAC"/>
   <text:variable-decl text:value-type="string" text:name="OS2"/>
   <text:variable-decl text:value-type="string" text:name="NAME"/>
   <text:variable-decl text:value-type="string" text:name="HelpID"/>
   <text:variable-decl text:value-type="string" text:name="MODIFY"/>
   <text:variable-decl text:value-type="string" text:name="REFNR"/>
   <text:variable-decl text:value-type="string" text:name="KEY"/>
   <text:variable-decl text:value-type="string" text:name="HFELD"/>
   <text:variable-decl text:value-type="string" text:name="AKTHLP"/>
   <text:variable-decl text:value-type="string" text:name="INDEX"/>
   <text:variable-decl text:value-type="string" text:name="STYLE"/>
   <text:variable-decl text:value-type="string" text:name="PARAINFO"/>
  </text:variable-decls>
  <text:sequence-decls>
   <text:sequence-decl text:display-outline-level="0" text:name="Illustration"/>
   <text:sequence-decl text:display-outline-level="0" text:name="Table"/>
   <text:sequence-decl text:display-outline-level="0" text:name="Text"/>
   <text:sequence-decl text:display-outline-level="0" text:name="Drawing"/>
  </text:sequence-decls>
  <help:paragraphinfo state="E"/><help:to-be-embedded Eid="tabulator">
  <text:p text:style-name="Head 1"><help:paragraphinfo state="U" number="1"/><help:help-id value="HID_TABULATOR"/><help:key-word value="tabulators; paragraph formats" tag="kw65713_1"/><help:key-word value="paragraphs; tabulators" tag="kw65713_6"/><help:key-word value="formats; tabulators" tag="kw65713_5"/><help:key-word value="text; tabulators" tag="kw65713_4"/><help:link Id="65713">Tabs</help:link></text:p>
  <text:p text:style-name="Paragraph"><help:paragraphinfo state="U" number="2"/><help:help-text value="visible">Set the position of a tab stop in a paragraph.</help:help-text></text:p>
  <help:paragraphinfo state="E"/></help:to-be-embedded>
  <text:p text:style-name="Paragraph"><help:paragraphinfo state="U" number="40"/>If you want, you can also use the ruler to set the tab positions.</text:p>
  <help:paragraphinfo state="E"/><help:popup Id="65599" Eid="tabulator"><help:embedded Id="65598" Eid="wie"></help:embedded></help:popup>
  <text:p text:style-name="Head 2"><help:paragraphinfo state="U" number="3"/><help:help-id value="SVX_METRICBOX_RID_SVXPAGE_TABULATOR_ED_TABPOS"/>Position</text:p>
  <text:p text:style-name="Paragraph"><help:paragraphinfo state="U" number="4"/><help:help-text value="visible">Select a tab stop type, enter a new measurement, and then click <text:span text:style-name="T1">New</text:span>. If you want, you can also specify the measurement units to use for the tab (cm for centimeter, or &quot; for inches). Existing tabs to the left of the first tab that you set are removed.</help:help-text></text:p>
  <text:p text:style-name="Head 2"><help:paragraphinfo state="U" number="9"/>Type</text:p>
  <text:p text:style-name="Paragraph"><help:paragraphinfo state="U" number="10"/>Select the type of tab stop that you want to modify.</text:p>
  <text:p text:style-name="Head 3"><help:paragraphinfo state="U" number="11"/><help:help-id value="SVX_RADIOBUTTON_RID_SVXPAGE_TABULATOR_BTN_TABTYPE_LEFT"/>Left</text:p>
  <text:p text:style-name="Paragraph"><help:paragraphinfo state="U" number="41"/>The name of this tab stop is <text:span text:style-name="T1">Left/Top</text:span> if Asian language support is enabled.</text:p>
  <text:p text:style-name="Paragraph"><help:paragraphinfo state="U" number="12"/><help:help-text value="visible">Aligns the left edge of the text to the tab stop and extends the text to the right.</help:help-text></text:p>
  <text:p text:style-name="Head 3"><help:paragraphinfo state="U" number="13"/><help:help-id value="SVX_RADIOBUTTON_RID_SVXPAGE_TABULATOR_BTN_TABTYPE_RIGHT"/>Right</text:p>
  <text:p text:style-name="Paragraph"><help:paragraphinfo state="U" number="42"/>This name of this tab stop is <text:span text:style-name="T1">Right/Bottom</text:span> if Asian language support is enabled.</text:p>
  <text:p text:style-name="Paragraph"><help:paragraphinfo state="U" number="14"/><help:help-text value="visible">Aligns the right edge of the text to the tab stop and extends the text to the left of the tab stop.</help:help-text></text:p>
  <text:p text:style-name="Head 3"><help:paragraphinfo state="U" number="15"/><help:help-id value="SVX_RADIOBUTTON_RID_SVXPAGE_TABULATOR_BTN_TABTYPE_CENTER"/>Center</text:p>
  <text:p text:style-name="Paragraph"><help:paragraphinfo state="U" number="16"/><help:help-text value="visible">Aligns the center of the text to the tab stop.</help:help-text></text:p>
  <text:p text:style-name="Head 3"><help:paragraphinfo state="U" number="17"/><help:help-id value="SVX_RADIOBUTTON_RID_SVXPAGE_TABULATOR_BTN_TABTYPE_DECIMAL"/>Decimal</text:p>
  <text:p text:style-name="Paragraph"><help:paragraphinfo state="U" number="18"/><help:help-text value="visible">Aligns the decimal point of a number to the center of the tab stop and text to the left of the tab.</help:help-text></text:p>
  <text:p text:style-name="Paragraph"><help:paragraphinfo state="U" number="19"/><help:switch select="System"><help:case select ="WIN">The character that is used as a decimal separator depends on the regional setting of your operating system.</help:case></help:switch></text:p>
  <text:p text:style-name="Head 3"><help:paragraphinfo state="U" number="20"/><help:help-id value="SVX_EDIT_RID_SVXPAGE_TABULATOR_ED_TABTYPE_DECCHAR"/>Character</text:p>
  <text:p text:style-name="Paragraph"><help:paragraphinfo state="U" number="21"/><help:help-text value="visible">Enter a character that you want the decimal tab to use as a decimal separator.</help:help-text></text:p>
  <text:p text:style-name="Head 2"><help:paragraphinfo state="U" number="22"/><help:key-word value="fill characters; tabulators" tag="kw65713_3"/><help:key-word value="tabulators; fill characters" tag="kw65713_2"/>Fill Character</text:p>
  <text:p text:style-name="Paragraph"><help:paragraphinfo state="U" number="23"/>Specify the characters to use as leader to the left of the tab stop.</text:p>
  <text:p text:style-name="Head 3"><help:paragraphinfo state="U" number="24"/><help:help-id value="SVX_RADIOBUTTON_RID_SVXPAGE_TABULATOR_BTN_FILLCHAR_NO"/>None</text:p>
  <text:p text:style-name="Paragraph"><help:paragraphinfo state="U" number="25"/><help:help-text value="visible">Inserts no fill characters, or removes existing fill characters to the left of the tab stop.</help:help-text></text:p>
  <text:p text:style-name="Head 3"><help:paragraphinfo state="U" number="26"/><help:help-id value="SVX_RADIOBUTTON_RID_SVXPAGE_TABULATOR_BTN_FILLCHAR_POINTS"/>.......</text:p>
  <text:p text:style-name="Paragraph"><help:paragraphinfo state="U" number="27"/><help:help-text value="visible">Fills the empty space to the left of the tab stop with dots.</help:help-text></text:p>
  <text:p text:style-name="Head 3"><help:paragraphinfo state="U" number="28"/><help:help-id value="SVX_RADIOBUTTON_RID_SVXPAGE_TABULATOR_BTN_FILLCHAR_DASHLINE"/>------</text:p>
  <text:p text:style-name="Paragraph"><help:paragraphinfo state="U" number="29"/><help:help-text value="visible">Fills the empty space to the left of the tab stop with dashes.</help:help-text></text:p>
  <text:p text:style-name="Head 3"><help:paragraphinfo state="U" number="30"/><help:help-id value="SVX_RADIOBUTTON_RID_SVXPAGE_TABULATOR_BTN_FILLCHAR_UNDERSCORE"/>______</text:p>
  <text:p text:style-name="Paragraph"><help:paragraphinfo state="U" number="31"/><help:help-text value="visible">Draws a line to fill the empty space to the left of the tab stop.</help:help-text></text:p>
  <text:p text:style-name="Head 3"><help:paragraphinfo state="U" number="32"/><help:help-id value="SVX_RADIOBUTTON_RID_SVXPAGE_TABULATOR_BTN_FILLCHAR_OTHER"/>Character</text:p>
  <text:p text:style-name="Paragraph"><help:paragraphinfo state="U" number="33"/><help:help-text value="visible">Allows you to specify a character to fill the empty space to the left of the tab stop.</help:help-text></text:p>
  <text:p text:style-name="Head 3"><help:paragraphinfo state="U" number="34"/><help:help-id value="SVX_EDIT_RID_SVXPAGE_TABULATOR_ED_FILLCHAR_OTHER"/>Character</text:p>
  <text:p text:style-name="Paragraph"><help:paragraphinfo state="U" number="35"/><help:help-text value="visible">Enter the character that you want to fill the empty space to the left of the tab stop.</help:help-text></text:p>
  <text:p text:style-name="Head 2"><help:paragraphinfo state="U" number="36"/><help:help-id value="SVX_PUSHBUTTON_RID_SVXPAGE_TABULATOR_BTN_NEW"/>New</text:p>
  <text:p text:style-name="Paragraph"><help:paragraphinfo state="U" number="37"/><help:help-text value="visible">Adds the tab stop that you defined to the current paragraph.</help:help-text></text:p>
  <text:p text:style-name="Head 2"><help:paragraphinfo state="U" number="38"/><help:help-id value="SVX_PUSHBUTTON_RID_SVXPAGE_TABULATOR_BTN_DELALL"/>Clear All</text:p>
  <text:p text:style-name="Paragraph"><help:paragraphinfo state="U" number="39"/><help:help-text value="visible">Removes all of the tab stops that you defined the list<text:span text:style-name="T1"> </text:span>and sets the Left tab as the default tab stop.</help:help-text></text:p>
  <help:paragraphinfo state="E"/><help:help-id value="SVX_PUSHBUTTON_RID_SVXPAGE_TABULATOR_BTN_DEL"/><help:embedded Id="65630" Eid="loeschen1"></help:embedded>
 </office:body>
</office:document>
