

<office:document  xmlns:office="http://openoffice.org/2000/office" xmlns:style="http://openoffice.org/2000/style" xmlns:text="http://openoffice.org/2000/text" xmlns:table="http://openoffice.org/2000/table" xmlns:draw="http://openoffice.org/2000/drawing" xmlns:fo="http://www.w3.org/1999/XSL/Format" xmlns:xlink="http://www.w3.org/1999/xlink" xmlns:number="http://openoffice.org/2000/datastyle" xmlns:svg="http://www.w3.org/2000/svg" xmlns:chart="http://openoffice.org/2000/chart" xmlns:dr3d="http://openoffice.org/2000/dr3d" xmlns:math="http://www.w3.org/1998/Math/MathML" xmlns:form="http://openoffice.org/2000/form" xmlns:script="http://openoffice.org/2000/script" office:class="text" office:version="1.0" xmlns:dc="http://purl.org/dc/elements/1.1/" xmlns:meta="http://openoffice.org/2000/meta" xmlns:help="http://openoffice.org/2000/help">
<office:meta>
  <dc:description>text/common/01/05210700</dc:description>
  <dc:subject>Transparency</dc:subject>

  <dc:language>en-US</dc:language>
  <meta:user-defined meta:name="Info 0">READY</meta:user-defined>
  <meta:user-defined meta:name="Info 1">FREE_OK</meta:user-defined>
  <meta:user-defined meta:name="Info 2"/>
  <meta:user-defined meta:name="Info 3"/>
</office:meta>
 <office:script/>
 <office:font-decls>
  <style:font-decl style:name="StarSymbol" fo:font-family="StarSymbol" style:font-charset="x-symbol"/>
  <style:font-decl style:name="Courier New" fo:font-family="&apos;Courier New&apos;" style:font-style-name="Standard" style:font-family-generic="modern" style:font-pitch="fixed"/>
  <style:font-decl style:name="Courier" fo:font-family="Courier" style:font-family-generic="roman" style:font-pitch="fixed"/>
  <style:font-decl style:name="Arial Unicode MS" fo:font-family="&apos;Arial Unicode MS&apos;" style:font-pitch="variable"/>
  <style:font-decl style:name="HG Mincho Light J" fo:font-family="&apos;HG Mincho Light J&apos;" style:font-pitch="variable"/>
  <style:font-decl style:name="Times New Roman3" fo:font-family="&apos;Times New Roman&apos;" style:font-pitch="variable"/>
  <style:font-decl style:name="Thorndale" fo:font-family="Thorndale" style:font-family-generic="roman" style:font-pitch="variable"/>
  <style:font-decl style:name="Times New Roman2" fo:font-family="&apos;Times New Roman&apos;" style:font-style-name="Fett" style:font-family-generic="roman" style:font-pitch="variable"/>
  <style:font-decl style:name="Times New Roman" fo:font-family="&apos;Times New Roman&apos;" style:font-style-name="Standard" style:font-family-generic="roman" style:font-pitch="variable"/>
  <style:font-decl style:name="Times New Roman1" fo:font-family="&apos;Times New Roman&apos;" style:font-family-generic="swiss" style:font-pitch="variable"/>
 </office:font-decls>
 <office:automatic-styles>
  <style:style style:name="P1" style:family="paragraph" style:parent-style-name="Paragraph" style:master-page-name="HTML">
   <style:properties style:page-number="0"/>
  </style:style>
 </office:automatic-styles>
 <office:body>
  <text:variable-decls>
   <text:variable-decl text:value-type="string" text:name="HTML_ON"/>
   <text:variable-decl text:value-type="string" text:name="HTML_OFF"/>
   <text:variable-decl text:value-type="string" text:name="TITEL"/>
   <text:variable-decl text:value-type="string" text:name="END"/>
   <text:variable-decl text:value-type="string" text:name="HREF"/>
   <text:variable-decl text:value-type="string" text:name="OS2"/>
   <text:variable-decl text:value-type="string" text:name="ELSE"/>
   <text:variable-decl text:value-type="string" text:name="NAME"/>
   <text:variable-decl text:value-type="string" text:name="HelpID"/>
   <text:variable-decl text:value-type="string" text:name="HFELD"/>
   <text:variable-decl text:value-type="string" text:name="MODIFY"/>
   <text:variable-decl text:value-type="string" text:name="REFNR"/>
   <text:variable-decl text:value-type="string" text:name="KEY"/>
   <text:variable-decl text:value-type="string" text:name="AKTHLP"/>
   <text:variable-decl text:value-type="string" text:name="INDEX"/>
   <text:variable-decl text:value-type="string" text:name="STYLE"/>
   <text:variable-decl text:value-type="string" text:name="PARAINFO"/>
  </text:variable-decls>
  <text:sequence-decls>
   <text:sequence-decl text:display-outline-level="0" text:name="Illustration"/>
   <text:sequence-decl text:display-outline-level="0" text:name="Table"/>
   <text:sequence-decl text:display-outline-level="0" text:name="Text"/>
   <text:sequence-decl text:display-outline-level="0" text:name="Drawing"/>
  </text:sequence-decls>
  <help:paragraphinfo state="E"/><help:to-be-embedded Eid="transparenz">
  <text:p text:style-name="Head 1"><help:paragraphinfo state="U" number="1"/><help:key-word value="transparencies; areas" tag="kw65741_1"/><help:key-word value="areas; transparency" tag="kw65741_2"/><help:link Id="65741">Transparency</help:link></text:p>
  <text:p text:style-name="Paragraph"><help:paragraphinfo state="U" number="2"/><help:help-text value="visible">Set the transparency options for the fill that you apply to the selected object.</help:help-text></text:p>
  <help:paragraphinfo state="E"/></help:to-be-embedded>
  <help:paragraphinfo state="E"/><help:popup Id="65593" Eid="trans"><help:embedded Id="65598" Eid="wie"></help:embedded></help:popup>
  <text:p text:style-name="Head 2"><help:paragraphinfo state="U" number="30"/>Transparency mode</text:p>
  <text:p text:style-name="Paragraph"><help:paragraphinfo state="U" number="3"/>Specify the type of transparency that you want to apply.</text:p>
  <text:p text:style-name="Head 3"><help:paragraphinfo state="U" number="4"/><help:help-id value="SVX_RADIOBUTTON_RID_SVXPAGE_TRANSPARENCE_RBT_TRANS_OFF"/>No transparency</text:p>
  <text:p text:style-name="Paragraph"><help:paragraphinfo state="U" number="5"/><help:help-text value="visible">Turns off color transparency.</help:help-text> This is the default setting.</text:p>
  <text:p text:style-name="Head 3"><help:paragraphinfo state="U" number="6"/><help:help-id value="SVX_RADIOBUTTON_RID_SVXPAGE_TRANSPARENCE_RBT_TRANS_LINEAR"/>Transparency</text:p>
  <text:p text:style-name="Paragraph"><help:paragraphinfo state="U" number="7"/><help:help-text value="visible">Turns on color transparency. Select this option, and then enter a number in the box, where 0% is fully opaque and 100% is fully transparent.</help:help-text></text:p>
  <text:p text:style-name="Head 3"><help:paragraphinfo state="U" number="14"/><help:help-id value="SVX_METRICFIELD_RID_SVXPAGE_TRANSPARENCE_MTR_TRANSPARENT"/>Transparency spin button</text:p>
  <text:p text:style-name="Paragraph"><help:paragraphinfo state="U" number="15"/><help:help-text value="visible">Adjusts the transparency of the current fill color. Enter a number between 0% (opaque) and 100% (transparent).</help:help-text></text:p>
  <text:p text:style-name="Head 3"><help:paragraphinfo state="U" number="11"/><help:help-id value="SVX_RADIOBUTTON_RID_SVXPAGE_TRANSPARENCE_RBT_TRANS_GRADIENT"/>Gradient</text:p>
  <text:p text:style-name="Paragraph"><help:paragraphinfo state="U" number="12"/><help:help-text value="visible">Applies a transparency gradient to the current fill color. Select this option, and then set the gradient properties.</help:help-text></text:p>
  <text:p text:style-name="Head 3"><help:paragraphinfo state="U" number="17"/><help:help-id value="SVX_LISTBOX_RID_SVXPAGE_TRANSPARENCE_LB_TRGR_GRADIENT_TYPES"/>Type</text:p>
  <text:p text:style-name="Paragraph"><help:paragraphinfo state="U" number="18"/><help:help-text value="visible">Select the type of transparency gradient that you want to apply.</help:help-text></text:p>
  <text:p text:style-name="Head 3"><help:paragraphinfo state="U" number="19"/><help:help-id value="SVX_METRICFIELD_RID_SVXPAGE_TRANSPARENCE_MTR_TRGR_CENTER_X"/>Center X</text:p>
  <text:p text:style-name="Paragraph"><help:paragraphinfo state="U" number="20"/><help:help-text value="visible">Enter the horizontal offset for the gradient.</help:help-text></text:p>
  <text:p text:style-name="Head 3"><help:paragraphinfo state="U" number="21"/><help:help-id value="SVX_METRICFIELD_RID_SVXPAGE_TRANSPARENCE_MTR_TRGR_CENTER_Y"/>Center Y</text:p>
  <text:p text:style-name="Paragraph"><help:paragraphinfo state="U" number="22"/><help:help-text value="visible">Enter the vertical offset for the gradient.</help:help-text></text:p>
  <text:p text:style-name="Head 3"><help:paragraphinfo state="U" number="23"/><help:help-id value="SVX_METRICFIELD_RID_SVXPAGE_TRANSPARENCE_MTR_TRGR_ANGLE"/>Angle</text:p>
  <text:p text:style-name="Paragraph"><help:paragraphinfo state="U" number="24"/><help:help-text value="visible">Enter a rotation angle for the gradient.</help:help-text></text:p>
  <text:p text:style-name="Head 3"><help:paragraphinfo state="U" number="25"/><help:help-id value="SVX_METRICFIELD_RID_SVXPAGE_TRANSPARENCE_MTR_TRGR_BORDER"/>Border</text:p>
  <text:p text:style-name="Paragraph"><help:paragraphinfo state="U" number="32"/><help:help-text value="visible">Enter the amount by which you want to adjust the transparent area of the gradient. The default value is 0%.</help:help-text></text:p>
  <text:p text:style-name="Head 3"><help:paragraphinfo state="U" number="26"/><help:help-id value="SVX_METRICFIELD_RID_SVXPAGE_TRANSPARENCE_MTR_TRGR_START_VALUE"/>Start value</text:p>
  <text:p text:style-name="Paragraph"><help:paragraphinfo state="U" number="27"/><help:help-text value="visible">Enter a transparency value for the beginning point of the gradient, where 0% is fully opaque and 100% is fully transparent.</help:help-text></text:p>
  <text:p text:style-name="Head 3"><help:paragraphinfo state="U" number="28"/><help:help-id value="SVX_METRICFIELD_RID_SVXPAGE_TRANSPARENCE_MTR_TRGR_END_VALUE"/>End value</text:p>
  <text:p text:style-name="Paragraph"><help:paragraphinfo state="U" number="29"/><help:help-text value="visible">Enter a transparency value for the endpoint of the gradient, where 0% is fully opaque and 100% is fully transparent.</help:help-text></text:p>
  <text:p text:style-name="Head 2"><help:paragraphinfo state="U" number="9"/>Preview</text:p>
  <text:p text:style-name="Paragraph"><help:paragraphinfo state="U" number="10"/>Use the preview to view your changes before you apply the transparency effect to the color fill of the selected object.</text:p>
 </office:body>
</office:document>
