

<office:document  xmlns:office="http://openoffice.org/2000/office" xmlns:style="http://openoffice.org/2000/style" xmlns:text="http://openoffice.org/2000/text" xmlns:table="http://openoffice.org/2000/table" xmlns:draw="http://openoffice.org/2000/drawing" xmlns:fo="http://www.w3.org/1999/XSL/Format" xmlns:xlink="http://www.w3.org/1999/xlink" xmlns:number="http://openoffice.org/2000/datastyle" xmlns:svg="http://www.w3.org/2000/svg" xmlns:chart="http://openoffice.org/2000/chart" xmlns:dr3d="http://openoffice.org/2000/dr3d" xmlns:math="http://www.w3.org/1998/Math/MathML" xmlns:form="http://openoffice.org/2000/form" xmlns:script="http://openoffice.org/2000/script" office:class="text" office:version="1.0" xmlns:dc="http://purl.org/dc/elements/1.1/" xmlns:meta="http://openoffice.org/2000/meta" xmlns:help="http://openoffice.org/2000/help">
<office:meta>
  <dc:description>text/common/01/05220000</dc:description>
  <dc:subject>Text</dc:subject>

  <dc:language>en-US</dc:language>
  <meta:user-defined meta:name="Info 0">READY</meta:user-defined>
  <meta:user-defined meta:name="Info 1">FREE_OK</meta:user-defined>
  <meta:user-defined meta:name="Info 2"/>
  <meta:user-defined meta:name="Info 3"/>
</office:meta>
 <office:script/>
 <office:font-decls>
  <style:font-decl style:name="StarSymbol" fo:font-family="StarSymbol" style:font-charset="x-symbol"/>
  <style:font-decl style:name="Courier New" fo:font-family="&apos;Courier New&apos;" style:font-style-name="Standard" style:font-family-generic="modern" style:font-pitch="fixed"/>
  <style:font-decl style:name="Courier" fo:font-family="Courier" style:font-family-generic="roman" style:font-pitch="fixed"/>
  <style:font-decl style:name="Arial Unicode MS" fo:font-family="&apos;Arial Unicode MS&apos;" style:font-pitch="variable"/>
  <style:font-decl style:name="HG Mincho Light J" fo:font-family="&apos;HG Mincho Light J&apos;" style:font-pitch="variable"/>
  <style:font-decl style:name="Times New Roman3" fo:font-family="&apos;Times New Roman&apos;" style:font-pitch="variable"/>
  <style:font-decl style:name="Thorndale" fo:font-family="Thorndale" style:font-family-generic="roman" style:font-pitch="variable"/>
  <style:font-decl style:name="Times New Roman2" fo:font-family="&apos;Times New Roman&apos;" style:font-style-name="Fett" style:font-family-generic="roman" style:font-pitch="variable"/>
  <style:font-decl style:name="Times New Roman" fo:font-family="&apos;Times New Roman&apos;" style:font-style-name="Standard" style:font-family-generic="roman" style:font-pitch="variable"/>
  <style:font-decl style:name="Times New Roman1" fo:font-family="&apos;Times New Roman&apos;" style:font-family-generic="swiss" style:font-pitch="variable"/>
 </office:font-decls>
 <office:automatic-styles>
  <style:style style:name="P1" style:family="paragraph" style:parent-style-name="Paragraph" style:master-page-name="HTML">
   <style:properties style:page-number="0"/>
  </style:style>
 </office:automatic-styles>
 <office:body>
  <text:variable-decls>
   <text:variable-decl text:value-type="string" text:name="HTML_ON"/>
   <text:variable-decl text:value-type="string" text:name="HTML_OFF"/>
   <text:variable-decl text:value-type="string" text:name="TITEL"/>
   <text:variable-decl text:value-type="string" text:name="END"/>
   <text:variable-decl text:value-type="string" text:name="HREF"/>
   <text:variable-decl text:value-type="string" text:name="NAME"/>
   <text:variable-decl text:value-type="string" text:name="HFELD"/>
   <text:variable-decl text:value-type="string" text:name="HelpID"/>
   <text:variable-decl text:value-type="string" text:name="MODIFY"/>
   <text:variable-decl text:value-type="string" text:name="REFNR"/>
   <text:variable-decl text:value-type="string" text:name="KEY"/>
   <text:variable-decl text:value-type="string" text:name="AKTHLP"/>
   <text:variable-decl text:value-type="string" text:name="INDEX"/>
   <text:variable-decl text:value-type="string" text:name="STYLE"/>
   <text:variable-decl text:value-type="string" text:name="PARAINFO"/>
  </text:variable-decls>
  <text:sequence-decls>
   <text:sequence-decl text:display-outline-level="0" text:name="Illustration"/>
   <text:sequence-decl text:display-outline-level="0" text:name="Table"/>
   <text:sequence-decl text:display-outline-level="0" text:name="Text"/>
   <text:sequence-decl text:display-outline-level="0" text:name="Drawing"/>
  </text:sequence-decls>
  <help:paragraphinfo state="E"/><help:to-be-embedded Eid="text">
  <text:p text:style-name="Head 1"><help:paragraphinfo state="U" number="1"/><help:help-id value="SID_TEXTATTR_DLG"/><help:help-id value="FN_DRAWTEXT_ATTR_DLG"/><help:help-id value="HID_PAGE_TEXTATTR"/><help:key-word value="text; text drawing objects" tag="kw65694_1"/><help:key-word value="drawing objects; text" tag="kw65694_4"/><help:key-word value="frames; text drawing objects" tag="kw65694_3"/><help:key-word value="drawing objects; frames" tag="kw65694_2"/><help:link Id="65694">Text</help:link></text:p>
  <text:p text:style-name="Paragraph"><help:paragraphinfo state="U" number="2"/><help:help-text value="visible">Sets the layout and anchoring properties for text in the selected drawing or text object.</help:help-text></text:p>
  <help:paragraphinfo state="E"/></help:to-be-embedded>
  <help:paragraphinfo state="E"/><help:executeurl Id="Slot:20376"></help:executeurl><help:popup Id="65593" Eid="text"><help:embedded Id="65598" Eid="wie"></help:embedded></help:popup>
  <text:p text:style-name="Paragraph"><help:paragraphinfo state="U" number="4"/>The text is positioned relative to the edges of the drawing or text object.</text:p>
  <text:p text:style-name="Head 2"><help:paragraphinfo state="U" number="5"/>Text</text:p>
  <text:p text:style-name="Paragraph"><help:paragraphinfo state="U" number="6"/>Set the options for resizing the text to fit the area of the drawing or text object.</text:p>
  <text:p text:style-name="Head 3"><help:paragraphinfo state="U" number="7"/><help:help-id value="SVX_TRISTATEBOX_RID_SVXPAGE_TEXTATTR_TSB_AUTOGROW_WIDTH"/>Fit width to text</text:p>
  <text:p text:style-name="Paragraph"><help:paragraphinfo state="U" number="8"/><help:help-text value="visible">Resizes the text to fit the width of the drawing or text object.</help:help-text></text:p>
  <text:p text:style-name="Head 3"><help:paragraphinfo state="U" number="9"/><help:help-id value="SVX_TRISTATEBOX_RID_SVXPAGE_TEXTATTR_TSB_AUTOGROW_HEIGHT"/>Fit height to text</text:p>
  <text:p text:style-name="Paragraph"><help:paragraphinfo state="U" number="10"/><help:help-text value="visible">Resizes the text to fit the height of the drawing or text object.</help:help-text></text:p>
  <text:p text:style-name="Head 3"><help:paragraphinfo state="U" number="11"/><help:help-id value="SVX_TRISTATEBOX_RID_SVXPAGE_TEXTATTR_TSB_FIT_TO_SIZE"/>Fit to frame</text:p>
  <text:p text:style-name="Paragraph"><help:paragraphinfo state="U" number="12"/><help:help-text value="visible">Resizes the text to fit the entire area of the drawing or text object.</help:help-text></text:p>
  <text:p text:style-name="Head 3"><help:paragraphinfo state="U" number="29"/><help:help-id value="SVX_TRISTATEBOX_RID_SVXPAGE_TEXTATTR_TSB_CONTOUR"/>Contour flow</text:p>
  <text:p text:style-name="Paragraph"><help:paragraphinfo state="U" number="30"/><help:help-text value="visible">Adapts the text flow so that it match the contours of the selected drawing object.</help:help-text></text:p>
  <text:p text:style-name="Head 2"><help:paragraphinfo state="U" number="13"/>Spacing from border</text:p>
  <text:p text:style-name="Paragraph"><help:paragraphinfo state="U" number="14"/>Specify the amount of space to leave between the edges of the drawing or text object and the borders of the text.</text:p>
  <text:p text:style-name="Head 3"><help:paragraphinfo state="U" number="15"/><help:help-id value="SVX_METRICFIELD_RID_SVXPAGE_TEXTATTR_MTR_FLD_LEFT"/>Left</text:p>
  <text:p text:style-name="Paragraph"><help:paragraphinfo state="U" number="16"/><help:help-text value="visible">Enter the amount of space to leave between the left edge of the drawing or text object and the left border of the text.</help:help-text></text:p>
  <text:p text:style-name="Head 3"><help:paragraphinfo state="U" number="17"/><help:help-id value="SVX_METRICFIELD_RID_SVXPAGE_TEXTATTR_MTR_FLD_RIGHT"/>Right</text:p>
  <text:p text:style-name="Paragraph"><help:paragraphinfo state="U" number="18"/><help:help-text value="visible">Enter the amount of space to leave between the right edge of the drawing or text object and the right border of the text.</help:help-text></text:p>
  <text:p text:style-name="Head 3"><help:paragraphinfo state="U" number="19"/><help:help-id value="SVX_METRICFIELD_RID_SVXPAGE_TEXTATTR_MTR_FLD_TOP"/>Top</text:p>
  <text:p text:style-name="Paragraph"><help:paragraphinfo state="U" number="20"/><help:help-text value="visible">Enter the amount of space to leave between the top edge of the drawing or text object and the upper border of the text.</help:help-text></text:p>
  <text:p text:style-name="Head 3"><help:paragraphinfo state="U" number="21"/><help:help-id value="SVX_METRICFIELD_RID_SVXPAGE_TEXTATTR_MTR_FLD_BOTTOM"/>Bottom</text:p>
  <text:p text:style-name="Paragraph"><help:paragraphinfo state="U" number="22"/><help:help-text value="visible">Enter the amount of space to leave between the bottom edge of the drawing or text object and the lower border of the text.</help:help-text></text:p>
  <text:p text:style-name="Head 2"><help:paragraphinfo state="U" number="23"/>Text anchor</text:p>
  <text:p text:style-name="Paragraph"><help:paragraphinfo state="U" number="24"/>Set the anchor type and the anchor position.</text:p>
  <text:p text:style-name="Head 3"><help:paragraphinfo state="U" number="25"/><help:help-id value="HID_TEXTATTR_CTL_POSITION"/>Graphic field</text:p>
  <text:p text:style-name="Paragraph"><help:paragraphinfo state="U" number="26"/><help:help-text value="visible">Click where you want to place the anchor for the text.</help:help-text></text:p>
  <text:p text:style-name="Head 3"><help:paragraphinfo state="U" number="27"/><help:help-id value="SVX_TRISTATEBOX_RID_SVXPAGE_TEXTATTR_TSB_FULL_WIDTH"/>Full width</text:p>
  <text:p text:style-name="Paragraph"><help:paragraphinfo state="U" number="28"/><help:help-text value="visible">Anchors the text to the full width of the drawing or text object.</help:help-text></text:p>
 </office:body>
</office:document>
