

<office:document  xmlns:office="http://openoffice.org/2000/office" xmlns:style="http://openoffice.org/2000/style" xmlns:text="http://openoffice.org/2000/text" xmlns:table="http://openoffice.org/2000/table" xmlns:draw="http://openoffice.org/2000/drawing" xmlns:fo="http://www.w3.org/1999/XSL/Format" xmlns:xlink="http://www.w3.org/1999/xlink" xmlns:number="http://openoffice.org/2000/datastyle" xmlns:svg="http://www.w3.org/2000/svg" xmlns:chart="http://openoffice.org/2000/chart" xmlns:dr3d="http://openoffice.org/2000/dr3d" xmlns:math="http://www.w3.org/1998/Math/MathML" xmlns:form="http://openoffice.org/2000/form" xmlns:script="http://openoffice.org/2000/script" office:class="text" office:version="1.0" xmlns:dc="http://purl.org/dc/elements/1.1/" xmlns:meta="http://openoffice.org/2000/meta" xmlns:help="http://openoffice.org/2000/help">
<office:meta>
  <dc:description>text/common/01/05230500</dc:description>
  <dc:subject>Callout</dc:subject>

  <dc:language>en-US</dc:language>
  <meta:user-defined meta:name="Info 0">READY</meta:user-defined>
  <meta:user-defined meta:name="Info 1">FREE_OK</meta:user-defined>
  <meta:user-defined meta:name="Info 2"/>
  <meta:user-defined meta:name="Info 3"/>
</office:meta>
 <office:script/>
 <office:font-decls>
  <style:font-decl style:name="StarSymbol" fo:font-family="StarSymbol" style:font-charset="x-symbol"/>
  <style:font-decl style:name="Courier New" fo:font-family="&apos;Courier New&apos;" style:font-style-name="Standard" style:font-family-generic="modern" style:font-pitch="fixed"/>
  <style:font-decl style:name="Courier" fo:font-family="Courier" style:font-family-generic="roman" style:font-pitch="fixed"/>
  <style:font-decl style:name="Arial Unicode MS" fo:font-family="&apos;Arial Unicode MS&apos;" style:font-pitch="variable"/>
  <style:font-decl style:name="HG Mincho Light J" fo:font-family="&apos;HG Mincho Light J&apos;" style:font-pitch="variable"/>
  <style:font-decl style:name="Times New Roman3" fo:font-family="&apos;Times New Roman&apos;" style:font-pitch="variable"/>
  <style:font-decl style:name="Thorndale" fo:font-family="Thorndale" style:font-family-generic="roman" style:font-pitch="variable"/>
  <style:font-decl style:name="Times New Roman2" fo:font-family="&apos;Times New Roman&apos;" style:font-style-name="Fett" style:font-family-generic="roman" style:font-pitch="variable"/>
  <style:font-decl style:name="Times New Roman" fo:font-family="&apos;Times New Roman&apos;" style:font-style-name="Standard" style:font-family-generic="roman" style:font-pitch="variable"/>
  <style:font-decl style:name="Times New Roman1" fo:font-family="&apos;Times New Roman&apos;" style:font-family-generic="swiss" style:font-pitch="variable"/>
 </office:font-decls>
 <office:automatic-styles>
  <style:style style:name="Tabelle1" style:family="table">
   <style:properties style:width="18cm" table:align="margins"/>
  </style:style>
  <style:style style:name="Tabelle1.A" style:family="table-column">
   <style:properties style:column-width="1.499cm" style:rel-column-width="850*"/>
  </style:style>
  <style:style style:name="Tabelle1.B" style:family="table-column">
   <style:properties style:column-width="16.498cm" style:rel-column-width="9352*"/>
  </style:style>
  <style:style style:name="Tabelle1.1" style:family="table-row">
   <style:properties style:min-row-height="0.848cm"/>
  </style:style>
  <style:style style:name="Tabelle1.A1" style:family="table-cell">
   <style:properties fo:padding="0cm" fo:border="none"/>
  </style:style>
  <style:style style:name="P1" style:family="paragraph" style:parent-style-name="Paragraph" style:master-page-name="HTML">
   <style:properties style:page-number="0"/>
  </style:style>
  <style:style style:name="T1" style:family="text">
   <style:properties fo:font-weight="bold"/>
  </style:style>
  <style:style style:name="fr1" style:family="graphics" style:parent-style-name="Graphics">
   <style:properties style:run-through="foreground" style:wrap="run-through" style:vertical-pos="middle" style:vertical-rel="paragraph" style:horizontal-pos="left" style:horizontal-rel="paragraph" style:mirror="none" fo:clip="rect(0cm 0cm 0cm 0cm)" draw:luminance="0%" draw:contrast="0%" draw:red="0%" draw:green="0%" draw:blue="0%" draw:gamma="1" draw:color-inversion="false" draw:transparency="-100%" draw:color-mode="standard"/>
  </style:style>
 </office:automatic-styles>
 <office:body>
  <text:variable-decls>
   <text:variable-decl text:value-type="string" text:name="HTML_ON"/>
   <text:variable-decl text:value-type="string" text:name="HTML_OFF"/>
   <text:variable-decl text:value-type="string" text:name="TITEL"/>
   <text:variable-decl text:value-type="string" text:name="END"/>
   <text:variable-decl text:value-type="string" text:name="HREF"/>
   <text:variable-decl text:value-type="string" text:name="OS2"/>
   <text:variable-decl text:value-type="string" text:name="ELSE"/>
   <text:variable-decl text:value-type="string" text:name="NAME"/>
   <text:variable-decl text:value-type="string" text:name="HelpID"/>
   <text:variable-decl text:value-type="string" text:name="MODIFY"/>
   <text:variable-decl text:value-type="string" text:name="REFNR"/>
   <text:variable-decl text:value-type="string" text:name="KEY"/>
   <text:variable-decl text:value-type="string" text:name="AKTHLP"/>
   <text:variable-decl text:value-type="string" text:name="INDEX"/>
   <text:variable-decl text:value-type="string" text:name="STYLE"/>
   <text:variable-decl text:value-type="string" text:name="PARAINFO"/>
  </text:variable-decls>
  <text:sequence-decls>
   <text:sequence-decl text:display-outline-level="0" text:name="Illustration"/>
   <text:sequence-decl text:display-outline-level="0" text:name="Table"/>
   <text:sequence-decl text:display-outline-level="0" text:name="Text"/>
   <text:sequence-decl text:display-outline-level="0" text:name="Drawing"/>
  </text:sequence-decls>
  <help:paragraphinfo state="E"/><help:to-be-embedded Eid="legende">
  <text:p text:style-name="Head 1"><help:paragraphinfo state="U" number="1"/><help:key-word value="callouts; properties" tag="kw65652_1"/><help:key-word value="callouts; draw objects" tag="kw65652_5"/><help:key-word value="draw objects; callouts" tag="kw65652_4"/><help:key-word value="legends; draw objects" tag="kw65652_3"/><help:key-word value="draw objects; legends" tag="kw65652_2"/><help:link Id="65652">Callout</help:link></text:p>
  <text:p text:style-name="Paragraph"><help:paragraphinfo state="U" number="2"/>Specify the properties of the selected callout.</text:p>
  <help:paragraphinfo state="E"/></help:to-be-embedded>
  <help:paragraphinfo state="E"/><help:popup Id="65593" Eid="legende"><help:embedded Id="65598" Eid="wie"></help:embedded></help:popup>
  <text:p text:style-name="Head 2"><help:paragraphinfo state="U" number="3"/><help:help-id value="SVX_LISTBOX_RID_SVXPAGE_CAPTION_LB_WINKEL"/><help:help-id value="HID_CAPTION_CTL_TYPE"/>Callout Styles</text:p>
  <text:p text:style-name="Paragraph"><help:paragraphinfo state="U" number="4"/><help:help-text value="visible">Click the <text:span text:style-name="T1">Callout</text:span> style that you want to apply to the selected callout.</help:help-text></text:p>
  <text:p text:style-name="Head 2"><help:paragraphinfo state="U" number="5"/><help:help-id value="SVX_METRICFIELD_RID_SVXPAGE_CAPTION_MF_ABSTAND"/>Spacing</text:p>
  <text:p text:style-name="Paragraph"><help:paragraphinfo state="U" number="6"/><help:help-text value="visible">Enter the amount of space that you want to leave between the end of the callout line, and the callout box.</help:help-text></text:p>
  <text:p text:style-name="Head 2"><help:paragraphinfo state="U" number="7"/><help:help-id value="SVX_LISTBOX_RID_SVXPAGE_CAPTION_LB_ANSATZ"/><help:help-id value="SVX_METRICFIELD_RID_SVXPAGE_CAPTION_MF_ANSATZ"/><help:help-id value="SVX_LISTBOX_RID_SVXPAGE_CAPTION_LB_ANSATZ_REL"/>Extension</text:p>
  <text:p text:style-name="Paragraph"><help:paragraphinfo state="U" number="8"/><help:help-text value="visible">Select where you want to extend the callout line from, in relation to the callout box.</help:help-text></text:p>
  <text:p text:style-name="Head 2"><help:paragraphinfo state="U" number="9"/><help:help-id value="SVX_METRICFIELD_RID_SVXPAGE_CAPTION_MF_LAENGE"/>Length</text:p>
  <text:p text:style-name="Paragraph"><help:paragraphinfo state="U" number="10"/><help:help-text value="visible">Enter the length of the callout line segment that extends from the callout box to the inflection point of the line.</help:help-text></text:p>
  <table:table table:name="Tabelle1" table:style-name="Tabelle1">
   <table:table-column table:style-name="Tabelle1.A"/>
   <table:table-column table:style-name="Tabelle1.B"/>
   <table:table-header-rows>
    <table:table-row table:style-name="Tabelle1.1">
     <table:table-cell table:style-name="Tabelle1.A1" table:value-type="string">
      <text:p text:style-name="Paragraph"><draw:image draw:name="Icon0" svg:desc="This icon marks text containing additional information." svg:pixelx="32" svg:pixely="32" svg:width="0.847cm" svg:height="0.847cm" xlink:href="65980" draw:filter-name=""/></text:p>

     </table:table-cell>
     <table:table-cell table:style-name="Tabelle1.A1" table:value-type="string">
      <text:p text:style-name="Paragraph"><help:paragraphinfo state="U" number="11"/>The <text:span text:style-name="T1">Length </text:span>box is only available if you select the <text:span text:style-name="T1">Angled connector line</text:span> callout style, and leave the <text:span text:style-name="T1">Optimal </text:span>checkbox cleared.</text:p>
     </table:table-cell>
    </table:table-row>
   </table:table-header-rows>
  </table:table>
  <text:p text:style-name="Head 2"><help:paragraphinfo state="U" number="12"/><help:help-id value="SVX_CHECKBOX_RID_SVXPAGE_CAPTION_CB_LAENGE"/>Optimal</text:p>
  <text:p text:style-name="Paragraph"><help:paragraphinfo state="U" number="13"/><help:help-text value="visible">Click here to display a single-angled line in an optimal way.</help:help-text></text:p>
 </office:body>
</office:document>
