

<office:document  xmlns:office="http://openoffice.org/2000/office" xmlns:style="http://openoffice.org/2000/style" xmlns:text="http://openoffice.org/2000/text" xmlns:table="http://openoffice.org/2000/table" xmlns:draw="http://openoffice.org/2000/drawing" xmlns:fo="http://www.w3.org/1999/XSL/Format" xmlns:xlink="http://www.w3.org/1999/xlink" xmlns:number="http://openoffice.org/2000/datastyle" xmlns:svg="http://www.w3.org/2000/svg" xmlns:chart="http://openoffice.org/2000/chart" xmlns:dr3d="http://openoffice.org/2000/dr3d" xmlns:math="http://www.w3.org/1998/Math/MathML" xmlns:form="http://openoffice.org/2000/form" xmlns:script="http://openoffice.org/2000/script" office:class="text" office:version="1.0" xmlns:dc="http://purl.org/dc/elements/1.1/" xmlns:meta="http://openoffice.org/2000/meta" xmlns:help="http://openoffice.org/2000/help">
<office:meta>
  <dc:description>text/common/01/06050500</dc:description>
  <dc:subject>Options</dc:subject>

  <dc:language>en-US</dc:language>
  <meta:user-defined meta:name="Info 0">READY</meta:user-defined>
  <meta:user-defined meta:name="Info 1">FREE_OK</meta:user-defined>
  <meta:user-defined meta:name="Info 2"/>
  <meta:user-defined meta:name="Info 3"/>
</office:meta>
 <office:script/>
 <office:font-decls>
  <style:font-decl style:name="StarSymbol" fo:font-family="StarSymbol" style:font-charset="x-symbol"/>
  <style:font-decl style:name="Courier New" fo:font-family="&apos;Courier New&apos;" style:font-style-name="Standard" style:font-family-generic="modern" style:font-pitch="fixed"/>
  <style:font-decl style:name="Courier" fo:font-family="Courier" style:font-family-generic="roman" style:font-pitch="fixed"/>
  <style:font-decl style:name="Arial Unicode MS" fo:font-family="&apos;Arial Unicode MS&apos;" style:font-pitch="variable"/>
  <style:font-decl style:name="HG Mincho Light J" fo:font-family="&apos;HG Mincho Light J&apos;" style:font-pitch="variable"/>
  <style:font-decl style:name="Times New Roman3" fo:font-family="&apos;Times New Roman&apos;" style:font-pitch="variable"/>
  <style:font-decl style:name="Thorndale" fo:font-family="Thorndale" style:font-family-generic="roman" style:font-pitch="variable"/>
  <style:font-decl style:name="Times New Roman2" fo:font-family="&apos;Times New Roman&apos;" style:font-style-name="Fett" style:font-family-generic="roman" style:font-pitch="variable"/>
  <style:font-decl style:name="Times New Roman" fo:font-family="&apos;Times New Roman&apos;" style:font-style-name="Standard" style:font-family-generic="roman" style:font-pitch="variable"/>
  <style:font-decl style:name="Times New Roman1" fo:font-family="&apos;Times New Roman&apos;" style:font-family-generic="swiss" style:font-pitch="variable"/>
 </office:font-decls>
 <office:automatic-styles>
  <style:style style:name="Tabelle2" style:family="table">
   <style:properties style:width="17.995cm" fo:margin-left="0cm" fo:margin-right="0.005cm" table:align="margins"/>
  </style:style>
  <style:style style:name="Tabelle2.A" style:family="table-column">
   <style:properties style:column-width="4.209cm" style:rel-column-width="2386*"/>
  </style:style>
  <style:style style:name="Tabelle2.B" style:family="table-column">
   <style:properties style:column-width="13.785cm" style:rel-column-width="7815*"/>
  </style:style>
  <style:style style:name="Tabelle2.A1" style:family="table-cell">
   <style:properties fo:padding="0.049cm" fo:border-left="0.002cm solid #000000" fo:border-right="none" fo:border-top="0.002cm solid #000000" fo:border-bottom="0.002cm solid #000000"/>
  </style:style>
  <style:style style:name="Tabelle2.B1" style:family="table-cell">
   <style:properties fo:padding="0.049cm" fo:border="0.002cm solid #000000"/>
  </style:style>
  <style:style style:name="Tabelle2.A2" style:family="table-cell">
   <style:properties fo:padding="0.049cm" fo:border-left="0.002cm solid #000000" fo:border-right="none" fo:border-top="none" fo:border-bottom="0.002cm solid #000000"/>
  </style:style>
  <style:style style:name="Tabelle2.B2" style:family="table-cell">
   <style:properties fo:padding="0.049cm" fo:border-left="0.002cm solid #000000" fo:border-right="0.002cm solid #000000" fo:border-top="none" fo:border-bottom="0.002cm solid #000000"/>
  </style:style>
  <style:style style:name="P1" style:family="paragraph" style:parent-style-name="Paragraph" style:master-page-name="HTML">
   <style:properties style:page-number="0"/>
  </style:style>
  <style:style style:name="T1" style:family="text">
   <style:properties fo:font-weight="bold"/>
  </style:style>
 </office:automatic-styles>
 <office:body>
  <text:variable-decls>
   <text:variable-decl text:value-type="string" text:name="HTML_ON"/>
   <text:variable-decl text:value-type="string" text:name="HTML_OFF"/>
   <text:variable-decl text:value-type="string" text:name="TITEL"/>
   <text:variable-decl text:value-type="string" text:name="END"/>
   <text:variable-decl text:value-type="string" text:name="HREF"/>
   <text:variable-decl text:value-type="string" text:name="OS2"/>
   <text:variable-decl text:value-type="string" text:name="ELSE"/>
   <text:variable-decl text:value-type="string" text:name="MAC"/>
   <text:variable-decl text:value-type="string" text:name="NAME"/>
   <text:variable-decl text:value-type="string" text:name="HelpID"/>
   <text:variable-decl text:value-type="string" text:name="MODIFY"/>
   <text:variable-decl text:value-type="string" text:name="REFNR"/>
   <text:variable-decl text:value-type="string" text:name="KEY"/>
   <text:variable-decl text:value-type="string" text:name="AKTHLP"/>
   <text:variable-decl text:value-type="string" text:name="HFELD"/>
   <text:variable-decl text:value-type="string" text:name="WIN"/>
   <text:variable-decl text:value-type="string" text:name="INDEX"/>
   <text:variable-decl text:value-type="string" text:name="STYLE"/>
   <text:variable-decl text:value-type="string" text:name="PARAINFO"/>
  </text:variable-decls>
  <text:sequence-decls>
   <text:sequence-decl text:display-outline-level="0" text:name="Illustration"/>
   <text:sequence-decl text:display-outline-level="0" text:name="Table"/>
   <text:sequence-decl text:display-outline-level="0" text:name="Text"/>
   <text:sequence-decl text:display-outline-level="0" text:name="Drawing"/>
  </text:sequence-decls>
  <help:paragraphinfo state="E"/><help:to-be-embedded Eid="optionen">
  <text:p text:style-name="Head 1"><help:paragraphinfo state="U" number="1"/><help:key-word value="numbering; options" tag="kw65716_1"/> <help:key-word value="bullet lists; options" tag="kw65716_3"/><help:link Id="65716">Options</help:link></text:p>
  <text:p text:style-name="Paragraph"><help:paragraphinfo state="U" number="2"/>Sets the formatting options for numbered or bulleted lists. If you want, you can apply formatting to individual levels in the list hierarchy.</text:p>
  <help:paragraphinfo state="E"/></help:to-be-embedded>
  <help:paragraphinfo state="E"/><help:popup Id="65599" Eid="numoptionen"><help:embedded Id="65598" Eid="wie"></help:embedded></help:popup>
  <text:p text:style-name="Head 2"><help:paragraphinfo state="U" number="6"/>Format</text:p>
  <text:p text:style-name="Paragraph"><help:paragraphinfo state="U" number="61"/>Select the level(s) that you want to modify, and then specify the formatting that you want to use.</text:p>
  <text:p text:style-name="Head 2"><help:paragraphinfo state="U" number="4"/><help:help-id value="SVX_MULTILISTBOX_RID_SVXPAGE_NUM_OPTIONS_LB_LEVEL"/>Level</text:p>
  <text:p text:style-name="Paragraph"><help:paragraphinfo state="U" number="5"/><help:help-text value="visible">Select the level(s) that you want to define the formatting options for.</help:help-text> The selected level is highlighted in the preview.</text:p>
  <text:p text:style-name="Head 3"><help:paragraphinfo state="U" number="9"/><help:help-id value="SVX_LISTBOX_RID_SVXPAGE_NUM_OPTIONS_LB_FMT"/>Numbering</text:p>
  <text:p text:style-name="Paragraph"><help:paragraphinfo state="U" number="10"/><help:help-text value="visible">Select a numbering style for the selected levels.</help:help-text></text:p>
  <table:table table:name="Tabelle2" table:style-name="Tabelle2">
   <table:table-column table:style-name="Tabelle2.A"/>
   <table:table-column table:style-name="Tabelle2.B"/>
   <table:table-header-rows>
    <table:table-row>
     <table:table-cell table:style-name="Tabelle2.A1" table:value-type="string">
      <text:p text:style-name="TableHead"><help:paragraphinfo state="U" number="62"/>Selection</text:p>
     </table:table-cell>
     <table:table-cell table:style-name="Tabelle2.B1" table:value-type="string">
      <text:p text:style-name="TableHead"><help:paragraphinfo state="U" number="63"/>Description</text:p>
     </table:table-cell>
    </table:table-row>
   </table:table-header-rows>
   <table:table-row>
    <table:table-cell table:style-name="Tabelle2.A2" table:value-type="string">
     <text:p text:style-name="TextInTable"><help:paragraphinfo state="U" number="72"/>1, 2, 3, ...</text:p>
    </table:table-cell>
    <table:table-cell table:style-name="Tabelle2.B2" table:value-type="string">
     <text:p text:style-name="TextInTable"><help:paragraphinfo state="U" number="73"/>Arabic numerals</text:p>
    </table:table-cell>
   </table:table-row>
   <table:table-row>
    <table:table-cell table:style-name="Tabelle2.A2" table:value-type="string">
     <text:p text:style-name="TextInTable"><help:paragraphinfo state="U" number="64"/>A, B, C, ...</text:p>
    </table:table-cell>
    <table:table-cell table:style-name="Tabelle2.B2" table:value-type="string">
     <text:p text:style-name="TextInTable"><help:paragraphinfo state="U" number="65"/>Capital letters</text:p>
    </table:table-cell>
   </table:table-row>
   <table:table-row>
    <table:table-cell table:style-name="Tabelle2.A2" table:value-type="string">
     <text:p text:style-name="TextInTable"><help:paragraphinfo state="U" number="66"/>a, b, c, ...</text:p>
    </table:table-cell>
    <table:table-cell table:style-name="Tabelle2.B2" table:value-type="string">
     <text:p text:style-name="TextInTable"><help:paragraphinfo state="U" number="67"/>Lowercase letters</text:p>
    </table:table-cell>
   </table:table-row>
   <table:table-row>
    <table:table-cell table:style-name="Tabelle2.A2" table:value-type="string">
     <text:p text:style-name="TextInTable"><help:paragraphinfo state="U" number="68"/>I, II, III, ...</text:p>
    </table:table-cell>
    <table:table-cell table:style-name="Tabelle2.B2" table:value-type="string">
     <text:p text:style-name="TextInTable"><help:paragraphinfo state="U" number="69"/>Roman numerals (uppercase)</text:p>
    </table:table-cell>
   </table:table-row>
   <table:table-row>
    <table:table-cell table:style-name="Tabelle2.A2" table:value-type="string">
     <text:p text:style-name="TextInTable"><help:paragraphinfo state="U" number="70"/>i, ii, iii, ...</text:p>
    </table:table-cell>
    <table:table-cell table:style-name="Tabelle2.B2" table:value-type="string">
     <text:p text:style-name="TextInTable"><help:paragraphinfo state="U" number="71"/>Roman numerals (lowercase)</text:p>
    </table:table-cell>
   </table:table-row>
   <table:table-row>
    <table:table-cell table:style-name="Tabelle2.A2" table:value-type="string">
     <text:p text:style-name="TextInTable"><help:paragraphinfo state="U" number="100"/>A,... AA,... AAA,...</text:p>
    </table:table-cell>
    <table:table-cell table:style-name="Tabelle2.B2" table:value-type="string">
     <text:p text:style-name="TextInTable"><help:paragraphinfo state="U" number="101"/>Alphabetical numbering with uppercase letters</text:p>
    </table:table-cell>
   </table:table-row>
   <table:table-row>
    <table:table-cell table:style-name="Tabelle2.A2" table:value-type="string">
     <text:p text:style-name="TextInTable"><help:paragraphinfo state="U" number="102"/>a,... aa,... aaa,...</text:p>
    </table:table-cell>
    <table:table-cell table:style-name="Tabelle2.B2" table:value-type="string">
     <text:p text:style-name="TextInTable"><help:paragraphinfo state="U" number="103"/>Alphabetical numbering with lowercase letters</text:p>
    </table:table-cell>
   </table:table-row>
   <table:table-row>
    <table:table-cell table:style-name="Tabelle2.A2" table:value-type="string">
     <text:p text:style-name="TextInTable"><help:paragraphinfo state="U" number="76"/>Bullet</text:p>
    </table:table-cell>
    <table:table-cell table:style-name="Tabelle2.B2" table:value-type="string">
     <text:p text:style-name="TextInTable"><help:paragraphinfo state="U" number="77"/>Adds a bullet to the beginning of a line. Select this option, and then click the <text:span text:style-name="T1">Character</text:span> button to choose a bullet style.</text:p>
     <text:p text:style-name="TextInTable"><help:paragraphinfo state="U" number="94"/><help:switch select="Program"><help:case select="WRITER">Bullets are resized to fit the current line height. If you want, you can define a Character Style that uses a different font size for bullets.<help:key-word value="font sizes; bullets" tag="kw65716_2"/> </help:case></help:switch></text:p>
    </table:table-cell>
   </table:table-row>
   <table:table-row>
    <table:table-cell table:style-name="Tabelle2.A2" table:value-type="string">
     <text:p text:style-name="TextInTable"><help:paragraphinfo state="U" number="79"/>Graphics</text:p>
    </table:table-cell>
    <table:table-cell table:style-name="Tabelle2.B2" table:value-type="string">
     <text:p text:style-name="TextInTable"><help:paragraphinfo state="U" number="80"/>Displays an image for the bullet. Select this options, and then click <text:span text:style-name="T1">Select</text:span> to locate the image file that you want to use.</text:p>
    </table:table-cell>
   </table:table-row>
   <table:table-row>
    <table:table-cell table:style-name="Tabelle2.A2" table:value-type="string">
     <text:p text:style-name="Paragraph"><help:paragraphinfo state="U" number="110"/>Linked graphics</text:p>
    </table:table-cell>
    <table:table-cell table:style-name="Tabelle2.B2" table:value-type="string">
     <text:p text:style-name="Paragraph"><help:paragraphinfo state="U" number="111"/>Links the image to the current file. To embed the image in the current file, clear this checkbox.</text:p>
    </table:table-cell>
   </table:table-row>
   <table:table-row>
    <table:table-cell table:style-name="Tabelle2.A2" table:value-type="string">
     <text:p text:style-name="Paragraph"><help:paragraphinfo state="U" number="74"/>None</text:p>
    </table:table-cell>
    <table:table-cell table:style-name="Tabelle2.B2" table:value-type="string">
     <text:p text:style-name="Paragraph"><help:paragraphinfo state="U" number="75"/>Does not apply a numbering style.</text:p>
    </table:table-cell>
   </table:table-row>
  </table:table>
  <text:p text:style-name="Paragraph"><help:paragraphinfo state="U" number="95"/>The availability of the following fields depends on the style that you select in the <text:span text:style-name="T1">Numbering </text:span>box.</text:p>
  <text:p text:style-name="Head 3"><help:paragraphinfo state="U" number="7"/><help:help-id value="SVX_EDIT_RID_SVXPAGE_NUM_OPTIONS_ED_PREFIX"/>Before</text:p>
  <text:p text:style-name="Paragraph"><help:paragraphinfo state="U" number="28"/><help:help-text value="visible">Enter a character or the text to display in front of the number in the list.</help:help-text></text:p>
  <text:p text:style-name="Head 3"><help:paragraphinfo state="U" number="78"/><help:help-id value="SVX_EDIT_RID_SVXPAGE_NUM_OPTIONS_ED_SUFFIX"/>After</text:p>
  <text:p text:style-name="Paragraph"><help:paragraphinfo state="U" number="8"/><help:help-text value="visible">Enter a character or the text to display behind the number in the list. If you want to create a numbered list that uses the style &quot;1.)&quot;, enter &quot;.)&quot; in this box.</help:help-text></text:p>
  <text:p text:style-name="Head 3"><help:paragraphinfo state="U" number="29"/><help:help-id value="SVX_LISTBOX_RID_SVXPAGE_NUM_OPTIONS_LB_CHARFMT"/><help:switch select="Program"><help:case select="WRITER">Character Styles</help:case></help:switch></text:p>
  <text:p text:style-name="Paragraph"><help:paragraphinfo state="U" number="30"/><help:switch select="Program"><help:case select="WRITER"><help:help-text value="visible">Select the Character Style that you want to use in the numbered list.</help:help-text> To create or edit a <help:link Id="67756">Character Style</help:link>, open the <text:span text:style-name="T1">Stylist</text:span>, click the Character, right-click a style, and then choose<text:span text:style-name="T1"> New</text:span>.</help:case></help:switch></text:p>
  <text:p text:style-name="Head 3"><help:paragraphinfo state="U" number="31"/><help:help-id value="SVX_NUMERICFIELD_RID_SVXPAGE_NUM_OPTIONS_NF_ALL_LEVEL"/><help:switch select="Program"><help:case select="WRITER">Show sublevels</help:case></help:switch></text:p>
  <text:p text:style-name="Paragraph"><help:paragraphinfo state="U" number="32"/><help:switch select="Program"><help:case select="WRITER"><help:help-text value="visible">Enter the number of <text:s/>previous levels to include in the numbering style. For example, if you enter &quot;2&quot; and the previous level uses the &quot;A, B, C...&quot; numbering style, the numbering scheme for the current level becomes: &quot;A.1&quot;.</help:help-text></help:case></help:switch></text:p>
  <text:p text:style-name="Head 3"><help:paragraphinfo state="U" number="33"/><help:help-id value="SVX_NUMERICFIELD_RID_SVXPAGE_NUM_OPTIONS_ED_START"/>Start at</text:p>
  <text:p text:style-name="Paragraph"><help:paragraphinfo state="U" number="34"/><help:help-text value="visible">Enter a new starting number for the current level.</help:help-text></text:p>
  <text:p text:style-name="Head 3"><help:paragraphinfo state="U" number="104"/><help:help-id value="SVX_LISTBOX_RID_SVXPAGE_NUM_OPTIONS_LB_BUL_COLOR"/><help:switch select="Program"><help:case select="IMPRESS">Color</help:case><help:case select="DRAW">Color</help:case></help:switch></text:p>
  <text:p text:style-name="Paragraph"><help:paragraphinfo state="U" number="105"/><help:switch select="Program"><help:case select="WRITER"></help:case><help:case select="CALC"></help:case><help:case select="MATH"></help:case><help:default><help:help-text value="visible">Select a color for the current numbering style.</help:help-text></help:default></help:switch></text:p>
  <text:p text:style-name="Head 3"><help:paragraphinfo state="U" number="107"/><help:help-id value="SVX_METRICFIELD_RID_SVXPAGE_NUM_OPTIONS_MF_BUL_REL_SIZE"/><help:switch select="Program"><help:case select="IMPRESS">Relative size</help:case><help:case select="DRAW">Relative size</help:case></help:switch></text:p>
  <text:p text:style-name="Paragraph"><help:paragraphinfo state="U" number="108"/><help:switch select="Program"><help:case select="WRITER"></help:case><help:case select="CALC"></help:case><help:case select="MATH"></help:case><help:default><help:help-text value="visible">Enter the amount by which you want to resize the bullet character with respect to the font height of the current paragraph.</help:help-text></help:default></help:switch></text:p>
  <text:p text:style-name="Head 3"><help:paragraphinfo state="U" number="81"/><help:help-id value="SVX_PUSHBUTTON_RID_SVXPAGE_NUM_OPTIONS_PB_BULLET"/>Character</text:p>
  <text:p text:style-name="Paragraph"><help:paragraphinfo state="U" number="82"/><help:help-text value="visible">Opens the <help:link Id="65807">Special Characters</help:link> dialog, where you can select a bullet symbol.</help:help-text></text:p>
  <text:p text:style-name="Head 3"><help:paragraphinfo state="U" number="83"/>Options for graphics:</text:p>
  <text:p text:style-name="Head 3"><help:paragraphinfo state="U" number="84"/><help:help-id value="SVX_MENUBUTTON_RID_SVXPAGE_NUM_OPTIONS_MB_BITMAP"/>Select...</text:p>
  <text:p text:style-name="Paragraph"><help:paragraphinfo state="U" number="85"/><help:help-text value="visible">Select the graphic, or locate the graphic file that you want to use as a bullet.</help:help-text></text:p>
  <text:p text:style-name="Head 3"><help:paragraphinfo state="U" number="86"/><help:help-id value="SVX_METRICFIELD_RID_SVXPAGE_NUM_OPTIONS_MF_WIDTH"/>Width</text:p>
  <text:p text:style-name="Paragraph"><help:paragraphinfo state="U" number="87"/><help:help-text value="visible">Enter a width for the graphic.</help:help-text></text:p>
  <text:p text:style-name="Head 3"><help:paragraphinfo state="U" number="88"/><help:help-id value="SVX_METRICFIELD_RID_SVXPAGE_NUM_OPTIONS_MF_HEIGHT"/>Height</text:p>
  <text:p text:style-name="Paragraph"><help:paragraphinfo state="U" number="89"/><help:help-text value="visible">Enter a height for the graphic.</help:help-text></text:p>
  <text:p text:style-name="Head 3"><help:paragraphinfo state="U" number="92"/><help:help-id value="SVX_CHECKBOX_RID_SVXPAGE_NUM_OPTIONS_CB_RATIO"/>Keep ratio</text:p>
  <text:p text:style-name="Paragraph"><help:paragraphinfo state="U" number="93"/><help:help-text value="visible">Maintains the size proportions of the graphic.</help:help-text></text:p>
  <text:p text:style-name="Head 3"><help:paragraphinfo state="U" number="90"/><help:help-id value="SVX_LISTBOX_RID_SVXPAGE_NUM_OPTIONS_LB_ORIENT"/>Alignment</text:p>
  <text:p text:style-name="Paragraph"><help:paragraphinfo state="U" number="91"/><help:help-text value="visible">Select the alignment option for the graphic.</help:help-text></text:p>
  <text:p text:style-name="Head 2"><help:paragraphinfo state="U" number="96"/><help:switch select="Program"><help:case select="WRITER">All levels</help:case></help:switch></text:p>
  <text:p text:style-name="Paragraph"><help:paragraphinfo state="U" number="97"/><help:switch select="Program"><help:case select="WRITER">Set the numbering options for all of the levels.</help:case></help:switch></text:p>
  <text:p text:style-name="Head 3"><help:paragraphinfo state="U" number="98"/><help:help-id value="SVX_CHECKBOX_RID_SVXPAGE_NUM_OPTIONS_CB_SAME_LEVEL"/><help:switch select="Program"><help:case select="WRITER">Consecutive numbering</help:case></help:switch></text:p>
  <text:p text:style-name="Paragraph"><help:paragraphinfo state="U" number="99"/><help:switch select="Program"><help:case select="WRITER"><help:help-text value="visible">Increases the numbering by one as you go down each level in the list hierarchy.</help:help-text></help:case></help:switch></text:p>
 </office:body>
</office:document>
