

<office:document  xmlns:office="http://openoffice.org/2000/office" xmlns:style="http://openoffice.org/2000/style" xmlns:text="http://openoffice.org/2000/text" xmlns:table="http://openoffice.org/2000/table" xmlns:draw="http://openoffice.org/2000/drawing" xmlns:fo="http://www.w3.org/1999/XSL/Format" xmlns:xlink="http://www.w3.org/1999/xlink" xmlns:number="http://openoffice.org/2000/datastyle" xmlns:svg="http://www.w3.org/2000/svg" xmlns:chart="http://openoffice.org/2000/chart" xmlns:dr3d="http://openoffice.org/2000/dr3d" xmlns:math="http://www.w3.org/1998/Math/MathML" xmlns:form="http://openoffice.org/2000/form" xmlns:script="http://openoffice.org/2000/script" office:class="text" office:version="1.0" xmlns:dc="http://purl.org/dc/elements/1.1/" xmlns:meta="http://openoffice.org/2000/meta" xmlns:help="http://openoffice.org/2000/help">
<office:meta>
  <dc:description>text/common/01/06200000</dc:description>
  <dc:subject>Hangul/Hanja Conversion</dc:subject>
  <meta:keywords>
   <meta:keyword>$Version</meta:keyword>
  </meta:keywords>
  <dc:language>en-US</dc:language>
  <meta:user-defined meta:name="Info 0">READY</meta:user-defined>
  <meta:user-defined meta:name="Info 1">FREE</meta:user-defined>
  <meta:user-defined meta:name="Info 2"/>
  <meta:user-defined meta:name="Info 3">NOTE</meta:user-defined>
</office:meta>
 <office:script/>
 <office:font-decls>
  <style:font-decl style:name="StarSymbol" fo:font-family="StarSymbol" style:font-charset="x-symbol"/>
  <style:font-decl style:name="Courier New" fo:font-family="&apos;Courier New&apos;" style:font-style-name="Standard" style:font-family-generic="modern" style:font-pitch="fixed"/>
  <style:font-decl style:name="Courier" fo:font-family="Courier" style:font-family-generic="roman" style:font-pitch="fixed"/>
  <style:font-decl style:name="Arial Unicode MS" fo:font-family="&apos;Arial Unicode MS&apos;" style:font-pitch="variable"/>
  <style:font-decl style:name="HG Mincho Light J" fo:font-family="&apos;HG Mincho Light J&apos;" style:font-pitch="variable"/>
  <style:font-decl style:name="Times New Roman3" fo:font-family="&apos;Times New Roman&apos;" style:font-pitch="variable"/>
  <style:font-decl style:name="Thorndale" fo:font-family="Thorndale" style:font-family-generic="roman" style:font-pitch="variable"/>
  <style:font-decl style:name="Times New Roman2" fo:font-family="&apos;Times New Roman&apos;" style:font-style-name="Fett" style:font-family-generic="roman" style:font-pitch="variable"/>
  <style:font-decl style:name="Times New Roman" fo:font-family="&apos;Times New Roman&apos;" style:font-style-name="Standard" style:font-family-generic="roman" style:font-pitch="variable"/>
  <style:font-decl style:name="Times New Roman1" fo:font-family="&apos;Times New Roman&apos;" style:font-family-generic="swiss" style:font-pitch="variable"/>
 </office:font-decls>
 <office:automatic-styles>
  <style:style style:name="P1" style:family="paragraph" style:parent-style-name="Paragraph" style:master-page-name="HTML">
   <style:properties style:page-number="0"/>
  </style:style>
  <style:style style:name="T1" style:family="text">
   <style:properties fo:font-weight="bold"/>
  </style:style>
 </office:automatic-styles>
 <office:body>
  <text:variable-decls>
   <text:variable-decl text:value-type="string" text:name="HTML_ON"/>
   <text:variable-decl text:value-type="string" text:name="HTML_OFF"/>
   <text:variable-decl text:value-type="string" text:name="TITEL"/>
   <text:variable-decl text:value-type="string" text:name="END"/>
   <text:variable-decl text:value-type="string" text:name="HREF"/>
   <text:variable-decl text:value-type="string" text:name="MAC"/>
   <text:variable-decl text:value-type="string" text:name="ELSE"/>
   <text:variable-decl text:value-type="string" text:name="NAME"/>
   <text:variable-decl text:value-type="string" text:name="REFNR"/>
   <text:variable-decl text:value-type="string" text:name="HelpID"/>
   <text:variable-decl text:value-type="string" text:name="MODIFY"/>
   <text:variable-decl text:value-type="string" text:name="AKTHLP"/>
   <text:variable-decl text:value-type="string" text:name="INDEX"/>
   <text:variable-decl text:value-type="string" text:name="STYLE"/>
   <text:variable-decl text:value-type="string" text:name="PARAINFO"/>
  </text:variable-decls>
  <text:sequence-decls>
   <text:sequence-decl text:display-outline-level="0" text:name="Illustration"/>
   <text:sequence-decl text:display-outline-level="0" text:name="Table"/>
   <text:sequence-decl text:display-outline-level="0" text:name="Text"/>
   <text:sequence-decl text:display-outline-level="0" text:name="Drawing"/>
  </text:sequence-decls>
  <help:paragraphinfo state="E"/><help:to-be-embedded Eid="hangul">
  <text:p text:style-name="Head 1"><help:paragraphinfo state="U" number="1"/><help:help-id value="SID_HANGUL_HANJA_CONVERSION"/><help:key-word value="converting; Hangul/Hanja" tag="kw68703_1"/><help:key-word value="Hangul/Hanja" tag="kw68703_2"/><help:link Id="68703">Hangul/Hanja Conversion</help:link></text:p>
  <text:p text:style-name="Paragraph"><help:paragraphinfo state="U" number="2"/><help:help-text value="visible">Converts the selected Korean text from Hangul to Hanja or from Hanja to Hangul.</help:help-text> The menu command can only be called if you enable Asian language support under <text:span text:style-name="T1">Tools - Options - Language Settings - Languages</text:span>, and if a text formatted in Korean language is selected.</text:p>
  <help:paragraphinfo state="E"/></help:to-be-embedded>
  <help:paragraphinfo state="E"/><help:popup Id="65589" Eid="hangul"><help:embedded Id="65598" Eid="wie"></help:embedded></help:popup>
  <text:p text:style-name="Head 2"><help:paragraphinfo state="U" number="3"/><help:help-id value="HID_SPELLDLG_SETWORD"/>Original</text:p>
  <text:p text:style-name="Paragraph"><help:paragraphinfo state="U" number="4"/><help:help-text value="visible">Displays the current selection.</help:help-text></text:p>
  <text:p text:style-name="Head 2"><help:paragraphinfo state="U" number="5"/><help:help-id value="HID_HANGULDLG_EDIT_NEWWORD"/>Replace with</text:p>
  <text:p text:style-name="Paragraph"><help:paragraphinfo state="U" number="6"/><help:help-text value="visible">Displays the first replacement suggestion from the dictionary.</help:help-text> You can edit the suggested word or enter another word. Click the <text:span text:style-name="T1">Find</text:span> button to replace your Hangul input with the corresponding Hanja.</text:p>
  <text:p text:style-name="Head 2"><help:paragraphinfo state="U" number="7"/><help:help-id value="SVX_PUSHBUTTON_RID_SVX_MDLG_HANGULHANJA_PB_FIND"/>Find</text:p>
  <text:p text:style-name="Paragraph"><help:paragraphinfo state="U" number="8"/><help:help-text value="visible">Finds your Hangul input in the dictionary and replaces it with the corresponding Hanja.</help:help-text> Click <text:span text:style-name="T1">Ignore</text:span> to cancel the find function.</text:p>
  <text:p text:style-name="Head 2"><help:paragraphinfo state="U" number="9"/><help:help-id value="SVX_LISTBOX_RID_SVX_MDLG_HANGULHANJA_LB_SUGGESTIONS"/>Suggestions</text:p>
  <text:p text:style-name="Paragraph"><help:paragraphinfo state="U" number="10"/><help:help-text value="visible">Displays all available replacements in the dictionary.</help:help-text> If the <text:span text:style-name="T1">Replace by character</text:span> box is enabled, you see a grid of characters. If the <text:span text:style-name="T1">Replace by character</text:span> box is not checked, you see a list of words.</text:p>
  <text:p text:style-name="Head 2"><help:paragraphinfo state="U" number="11"/>Format</text:p>
  <text:p text:style-name="Paragraph"><help:paragraphinfo state="U" number="12"/>Click the format to display the replacements.</text:p>
  <text:p text:style-name="Head 3"><help:paragraphinfo state="U" number="13"/><help:help-id value="SVX_RADIOBUTTON_RID_SVX_MDLG_HANGULHANJA_RB_SIMPLE_CONVERSION"/>Hangul/Hanja</text:p>
  <text:p text:style-name="Paragraph"><help:paragraphinfo state="U" number="14"/><help:help-text value="visible">The original characters are replaced by the suggested characters.</help:help-text></text:p>
  <text:p text:style-name="Head 3"><help:paragraphinfo state="U" number="15"/><help:help-id value="SVX_RADIOBUTTON_RID_SVX_MDLG_HANGULHANJA_RB_HANJA_HANGUL_BRACKETED"/>Hanja (Hangul)</text:p>
  <text:p text:style-name="Paragraph"><help:paragraphinfo state="U" number="16"/><help:help-text value="visible">The Hangul part will be displayed in brackets after the Hanja part.</help:help-text></text:p>
  <text:p text:style-name="Head 3"><help:paragraphinfo state="U" number="17"/><help:help-id value="SVX_RADIOBUTTON_RID_SVX_MDLG_HANGULHANJA_RB_HANGUL_HANJA_BRACKETED"/>Hangul (Hanja)</text:p>
  <text:p text:style-name="Paragraph"><help:paragraphinfo state="U" number="18"/><help:help-text value="visible">The Hanja part will be displayed in brackets after the Hangul part.</help:help-text></text:p>
  <text:p text:style-name="Head 3"><help:paragraphinfo state="U" number="19"/><help:help-id value="SVX_RADIOBUTTON_RID_SVX_MDLG_HANGULHANJA_RB_HANGUL_HANJA_ABOVE"/>Hanja as ruby text above</text:p>
  <text:p text:style-name="Paragraph"><help:paragraphinfo state="U" number="20"/><help:help-text value="visible">The Hanja part will be displayed as ruby text above the Hangul part.</help:help-text></text:p>
  <text:p text:style-name="Head 3"><help:paragraphinfo state="U" number="21"/><help:help-id value="SVX_RADIOBUTTON_RID_SVX_MDLG_HANGULHANJA_RB_HANGUL_HANJA_BELOW"/>Hanja as ruby text below</text:p>
  <text:p text:style-name="Paragraph"><help:paragraphinfo state="U" number="22"/><help:help-text value="visible">The Hanja part will be displayed as ruby text below the Hangul part.</help:help-text></text:p>
  <text:p text:style-name="Head 3"><help:paragraphinfo state="U" number="23"/><help:help-id value="SVX_RADIOBUTTON_RID_SVX_MDLG_HANGULHANJA_RB_HANJA_HANGUL_ABOVE"/>Hangul as ruby text above</text:p>
  <text:p text:style-name="Paragraph"><help:paragraphinfo state="U" number="24"/><help:help-text value="visible">The Hangul part will be displayed as ruby text above the Hanja part.</help:help-text></text:p>
  <text:p text:style-name="Head 3"><help:paragraphinfo state="U" number="25"/><help:help-id value="SVX_RADIOBUTTON_RID_SVX_MDLG_HANGULHANJA_RB_HANJA_HANGUL_BELOW"/>Hangul as ruby text below</text:p>
  <text:p text:style-name="Paragraph"><help:paragraphinfo state="U" number="26"/><help:help-text value="visible">The Hangul part will be displayed as ruby text below the Hanja part.</help:help-text></text:p>
  <text:p text:style-name="Head 2"><help:paragraphinfo state="U" number="27"/>Conversion</text:p>
  <text:p text:style-name="Paragraph"><help:paragraphinfo state="U" number="28"/>Normally in a mixed text selection made of Hangul and Hanja characters, all Hangul characters will be converted to Hanja and all Hanja characters will be converted to Hangul. If you want to convert a mixed text selection only in one direction, use the following conversion options.</text:p>
  <text:p text:style-name="Head 3"><help:paragraphinfo state="U" number="29"/><help:help-id value="SVX_CHECKBOX_RID_SVX_MDLG_HANGULHANJA_CB_HANGUL_ONLY"/>Hangul only</text:p>
  <text:p text:style-name="Paragraph"><help:paragraphinfo state="U" number="30"/><help:help-text value="visible">Check to convert only Hangul. Do not convert Hanja.</help:help-text></text:p>
  <text:p text:style-name="Head 3"><help:paragraphinfo state="U" number="31"/><help:help-id value="SVX_CHECKBOX_RID_SVX_MDLG_HANGULHANJA_CB_HANJA_ONLY"/>Hanja only</text:p>
  <text:p text:style-name="Paragraph"><help:paragraphinfo state="U" number="32"/><help:help-text value="visible">Check to convert only Hanja. Do not convert Hangul.</help:help-text></text:p>
  <text:p text:style-name="Head 2"><help:paragraphinfo state="U" number="33"/><help:help-id value="HID_HANGULDLG_BUTTON_IGNORE"/>Ignore</text:p>
  <text:p text:style-name="Paragraph"><help:paragraphinfo state="U" number="34"/><help:help-text value="visible">No changes will be made to the current selection. The next word or character will be selected for conversion.</help:help-text></text:p>
  <text:p text:style-name="Head 2"><help:paragraphinfo state="U" number="35"/><help:help-id value="HID_HANGULDLG_BUTTON_IGNOREALL"/>Always Ignore</text:p>
  <text:p text:style-name="Paragraph"><help:paragraphinfo state="U" number="36"/><help:help-text value="visible">No changes will be made to the current selection, and every time the same selection is detected it will be skipped automatically.</help:help-text> The next word or character will be selected for conversion. The list of ignored text is valid for the current <help:productname>%PRODUCTNAME</help:productname> session.</text:p>
  <text:p text:style-name="Head 2"><help:paragraphinfo state="U" number="37"/><help:help-id value="HID_HANGULDLG_BUTTON_CHANGE"/>Replace</text:p>
  <text:p text:style-name="Paragraph"><help:paragraphinfo state="U" number="38"/><help:help-text value="visible">Replaces the selection with the suggested characters or word according to the format options.</help:help-text> The next word or character will be selected for conversion.</text:p>
  <text:p text:style-name="Head 2"><help:paragraphinfo state="U" number="39"/><help:help-id value="HID_HANGULDLG_BUTTON_CHANGEALL"/>Always Replace</text:p>
  <text:p text:style-name="Paragraph"><help:paragraphinfo state="U" number="40"/><help:help-text value="visible">Replaces the selection with the suggested characters or word according to the format options. Every time the same selection is detected it will be replaced automatically.</help:help-text> The next word or character will be selected for conversion. The list of replacement text is valid for the current <help:productname>%PRODUCTNAME</help:productname> session.</text:p>
  <text:p text:style-name="Head 3"><help:paragraphinfo state="U" number="41"/><help:help-id value="SVX_CHECKBOX_RID_SVX_MDLG_HANGULHANJA_CB_REPLACE_BY_CHARACTER"/>Replace by character</text:p>
  <text:p text:style-name="Paragraph"><help:paragraphinfo state="U" number="42"/><help:help-text value="visible">Check to move character-by-character through the selected text. If not checked, full words are replaced.</help:help-text></text:p>
  <text:p text:style-name="Head 2"><help:paragraphinfo state="U" number="43"/><help:help-id value="HID_HANGULDLG_BUTTON_CLOSE"/>Close</text:p>
  <text:p text:style-name="Paragraph"><help:paragraphinfo state="U" number="44"/><help:help-text value="visible">Closes the dialog.</help:help-text></text:p>
 </office:body>
</office:document>
