

<office:document  xmlns:office="http://openoffice.org/2000/office" xmlns:style="http://openoffice.org/2000/style" xmlns:text="http://openoffice.org/2000/text" xmlns:table="http://openoffice.org/2000/table" xmlns:draw="http://openoffice.org/2000/drawing" xmlns:fo="http://www.w3.org/1999/XSL/Format" xmlns:xlink="http://www.w3.org/1999/xlink" xmlns:number="http://openoffice.org/2000/datastyle" xmlns:svg="http://www.w3.org/2000/svg" xmlns:chart="http://openoffice.org/2000/chart" xmlns:dr3d="http://openoffice.org/2000/dr3d" xmlns:math="http://www.w3.org/1998/Math/MathML" xmlns:form="http://openoffice.org/2000/form" xmlns:script="http://openoffice.org/2000/script" office:class="text" office:version="1.0" xmlns:dc="http://purl.org/dc/elements/1.1/" xmlns:meta="http://openoffice.org/2000/meta" xmlns:help="http://openoffice.org/2000/help">
<office:meta>
  <dc:description>text/common/05/00000140</dc:description>
  <dc:subject>搜寻 - 全文搜寻</dc:subject>
  <meta:keywords>
   <meta:keyword>$Version</meta:keyword>
  </meta:keywords>
  <dc:language>zh-CN</dc:language>
  <meta:user-defined meta:name="Info 0">READY</meta:user-defined>
  <meta:user-defined meta:name="Info 1"/>
  <meta:user-defined meta:name="Info 2"/>
  <meta:user-defined meta:name="Info 3"/>
</office:meta>
 <office:script/>
 <office:font-decls>
  <style:font-decl style:name="StarSymbol" fo:font-family="StarSymbol" style:font-charset="x-symbol"/>
  <style:font-decl style:name="Courier New" fo:font-family="&apos;Courier New&apos;" style:font-style-name="Standard" style:font-family-generic="modern" style:font-pitch="fixed"/>
  <style:font-decl style:name="Courier" fo:font-family="Courier" style:font-family-generic="roman" style:font-pitch="fixed"/>
  <style:font-decl style:name="Andale WT UI4" fo:font-family="&apos;Andale WT UI&apos;" style:font-pitch="variable"/>
  <style:font-decl style:name="Arial Unicode MS" fo:font-family="&apos;Arial Unicode MS&apos;" style:font-pitch="variable"/>
  <style:font-decl style:name="HG Mincho Light J" fo:font-family="&apos;HG Mincho Light J&apos;" style:font-pitch="variable"/>
  <style:font-decl style:name="Andale WT UI" fo:font-family="&apos;Andale WT UI&apos;" style:font-family-generic="roman" style:font-pitch="variable"/>
  <style:font-decl style:name="Andale WT UI1" fo:font-family="&apos;Andale WT UI&apos;" style:font-style-name="Fett" style:font-family-generic="roman" style:font-pitch="variable"/>
  <style:font-decl style:name="Andale WT UI2" fo:font-family="&apos;Andale WT UI&apos;" style:font-style-name="Standard" style:font-family-generic="roman" style:font-pitch="variable"/>
  <style:font-decl style:name="Thorndale" fo:font-family="Thorndale" style:font-family-generic="roman" style:font-pitch="variable"/>
  <style:font-decl style:name="Times New Roman" fo:font-family="&apos;Times New Roman&apos;" style:font-style-name="Fett" style:font-family-generic="roman" style:font-pitch="variable"/>
  <style:font-decl style:name="Andale WT UI3" fo:font-family="&apos;Andale WT UI&apos;" style:font-family-generic="swiss" style:font-pitch="variable"/>
 </office:font-decls>
 <office:automatic-styles>
  <style:style style:name="Tabelle4" style:family="table">
   <style:properties style:width="18cm" table:align="margins"/>
  </style:style>
  <style:style style:name="Tabelle4.A" style:family="table-column">
   <style:properties style:column-width="2cm" style:rel-column-width="7283*"/>
  </style:style>
  <style:style style:name="Tabelle4.B" style:family="table-column">
   <style:properties style:column-width="16cm" style:rel-column-width="58252*"/>
  </style:style>
  <style:style style:name="Tabelle4.A1" style:family="table-cell">
   <style:properties fo:padding="0.099cm" fo:border="none"/>
  </style:style>
  <style:style style:name="P1" style:family="paragraph" style:parent-style-name="Paragraph" style:master-page-name="HTML">
   <style:properties style:page-number="0"/>
  </style:style>
  <style:style style:name="T1" style:family="text">
   <style:properties fo:font-weight="bold"/>
  </style:style>
  <style:style style:name="fr1" style:family="graphics" style:parent-style-name="Graphics">
   <style:properties fo:margin-left="0cm" fo:margin-right="0cm" fo:margin-top="0cm" fo:margin-bottom="0cm" style:wrap="run-through" style:horizontal-pos="left" style:horizontal-rel="paragraph" style:mirror="none" fo:clip="rect(0cm 0cm 0cm 0cm)" draw:luminance="0%" draw:contrast="0%" draw:red="0%" draw:green="0%" draw:blue="0%" draw:gamma="1" draw:color-inversion="false" draw:transparency="-100%" draw:color-mode="standard"/>
  </style:style>
 </office:automatic-styles>
 <office:body>
  <text:variable-decls>
   <text:variable-decl text:value-type="string" text:name="HTML_ON"/>
   <text:variable-decl text:value-type="string" text:name="HTML_OFF"/>
   <text:variable-decl text:value-type="string" text:name="TITEL"/>
   <text:variable-decl text:value-type="string" text:name="END"/>
   <text:variable-decl text:value-type="string" text:name="HREF"/>
   <text:variable-decl text:value-type="string" text:name="OS2"/>
   <text:variable-decl text:value-type="string" text:name="ELSE"/>
   <text:variable-decl text:value-type="string" text:name="NAME"/>
   <text:variable-decl text:value-type="string" text:name="MAC"/>
   <text:variable-decl text:value-type="string" text:name="MODIFY"/>
   <text:variable-decl text:value-type="string" text:name="REFNR"/>
   <text:variable-decl text:value-type="string" text:name="HelpID"/>
   <text:variable-decl text:value-type="string" text:name="KEY"/>
   <text:variable-decl text:value-type="string" text:name="HFELD"/>
   <text:variable-decl text:value-type="string" text:name="INDEX"/>
   <text:variable-decl text:value-type="string" text:name="AKTHLP"/>
  </text:variable-decls>
  <text:sequence-decls>
   <text:sequence-decl text:display-outline-level="0" text:name="Illustration"/>
   <text:sequence-decl text:display-outline-level="0" text:name="Table"/>
   <text:sequence-decl text:display-outline-level="0" text:name="Text"/>
   <text:sequence-decl text:display-outline-level="0" text:name="Drawing"/>
  </text:sequence-decls>
  <text:p text:style-name="P1"><help:key-word value="帮助; 搜寻" tag="kw68247_1"/><help:key-word value="帮助; 全文搜寻" tag="kw68247_2"/></text:p>
  <text:p text:style-name="Head 1"><help:to-be-embedded Eid="00000140"><help:link Id="68247">搜寻 - 全文搜寻</help:link></help:to-be-embedded></text:p>
  <text:p text:style-name="Paragraph"><help:help-id value="SFX2_COMBOBOX_TP_HELP_SEARCH_ED_SEARCH"/><help:help-text value="hide">在这里输入搜寻条目。搜寻时不考虑字母大小写。</help:help-text></text:p>
  <text:p text:style-name="Paragraph"><help:help-id value="SFX2_PUSHBUTTON_TP_HELP_SEARCH_PB_SEARCH"/><help:help-text value="hide">单击以开始对输入的条目进行全文搜寻。</help:help-text></text:p>
  <text:p text:style-name="Paragraph"><help:help-id value="SFX2_LISTBOX_TP_HELP_SEARCH_LB_RESULT"/><help:help-text value="hide">在这里将出现您进行全文搜寻得到的页面标题，它们根据匹配程度高低排列，匹配程度最高的排在第一个。双击所需要的条目来显示其内容。</help:help-text></text:p>
  <text:p text:style-name="Paragraph"><help:help-id value="SFX2_CHECKBOX_TP_HELP_SEARCH_CB_FULLWORDS"/><help:help-text value="hide">指定是否对输入的字词进行精确搜寻。在精确搜寻中，将不显示部分匹配的字词。</help:help-text></text:p>
  <text:p text:style-name="Paragraph"><help:help-id value="SFX2_CHECKBOX_TP_HELP_SEARCH_CB_SCOPE"/><help:help-text value="hide">请标记这个栏位，以便仅在文档标题中根据输入的方案来搜寻。</help:help-text></text:p>
  <text:p text:style-name="Paragraph"><help:help-id value="SFX2_PUSHBUTTON_TP_HELP_SEARCH_PB_OPEN_SEARCH"/><help:help-text value="hide">按击这里，以便显示在搜寻结果列单中所选择的条目。</help:help-text></text:p>
  <text:p text:style-name="Paragraph">使用 <help:productname>%PRODUCTNAME</help:productname> 帮助中的全文搜寻功能，可以找到含有任意组合的搜寻条目的帮助文档。为此，请在<text:span text:style-name="T1">“搜寻条目”</text:span>文字字段中键入一个或多个字词。</text:p>
  <text:p text:style-name="Paragraph"><text:span text:style-name="T1">“搜寻条目”</text:span>文字字段会存储最近输入的字词。要重复以前的某个搜寻，请单击箭头图标，并从列单中选择所需的条目。</text:p>
  <text:p text:style-name="Paragraph">搜寻完成后，搜寻到的文档标题将显示在列单中，最匹配的条目位于列单最上面。双击某个条目，或者选择条目后再单击<text:span text:style-name="T1">“显示”</text:span>，可以装入对应的帮助文档。</text:p>
  <text:p text:style-name="Paragraph">利用复选框<text:span text:style-name="T1">仅大标题范围内搜寻</text:span>，您可以将搜寻限定在文档标题中。</text:p>
  <text:p text:style-name="Paragraph">复选框<text:span text:style-name="T1">只允许整个词</text:span>使您可以进行精确搜寻。如果标记了这个栏位，便不会找到仅部分匹配的单词。要搜寻大单词中含有所输入搜寻条目的部分，则不要标记这个栏位。</text:p>
  <text:p text:style-name="Paragraph">您可以输入任意搜寻条目组合，在各条目之间用空格分开。搜寻时<text:span text:style-name="T1">不考虑</text:span>字母大小写。</text:p>
  <table:table table:name="Tabelle4" table:style-name="Tabelle4">
   <table:table-column table:style-name="Tabelle4.A"/>
   <table:table-column table:style-name="Tabelle4.B"/>
   <table:table-row>
    <table:table-cell table:style-name="Tabelle4.A1" table:value-type="string">
     <text:p text:style-name="Paragraph"><draw:image draw:name="图标0" svg:desc="此图标用于提示如何更有效地使用程序。" svg:pixelx="32" svg:pixely="32" svg:width="0.847cm" svg:height="0.847cm" xlink:href="66732" draw:filter-name=""/></text:p>

    </table:table-cell>
    <table:table-cell table:style-name="Tabelle4.A1" table:value-type="string">
     <text:p text:style-name="Paragraph">索引和全文搜寻通常只针对当前的应用程序。如果没有搜寻到所需的文档，应确保是否选定了正确的应用程序帮助。</text:p>
    </table:table-cell>
   </table:table-row>
  </table:table>
  <text:p text:style-name="ParaList"><help:embedded Id="65598" Eid="related"></help:embedded></text:p>
  <text:p text:style-name="ParaList"><help:embedded Id="68245" Eid="00000110"></help:embedded></text:p>
  <text:p text:style-name="ParaList"><help:embedded Id="68248" Eid="doc_title"></help:embedded></text:p>
  <text:p text:style-name="ParaList"><help:embedded Id="68249" Eid="00000120"></help:embedded></text:p>
  <text:p text:style-name="ParaList"><help:embedded Id="68246" Eid="00000130"></help:embedded></text:p>
  <text:p text:style-name="ParaList"><help:embedded Id="68250" Eid="doc_title"></help:embedded></text:p>
 </office:body>
</office:document>
