

<office:document  xmlns:office="http://openoffice.org/2000/office" xmlns:style="http://openoffice.org/2000/style" xmlns:text="http://openoffice.org/2000/text" xmlns:table="http://openoffice.org/2000/table" xmlns:draw="http://openoffice.org/2000/drawing" xmlns:fo="http://www.w3.org/1999/XSL/Format" xmlns:xlink="http://www.w3.org/1999/xlink" xmlns:number="http://openoffice.org/2000/datastyle" xmlns:svg="http://www.w3.org/2000/svg" xmlns:chart="http://openoffice.org/2000/chart" xmlns:dr3d="http://openoffice.org/2000/dr3d" xmlns:math="http://www.w3.org/1998/Math/MathML" xmlns:form="http://openoffice.org/2000/form" xmlns:script="http://openoffice.org/2000/script" office:class="text" office:version="1.0" xmlns:dc="http://purl.org/dc/elements/1.1/" xmlns:meta="http://openoffice.org/2000/meta" xmlns:help="http://openoffice.org/2000/help">
<office:meta>
  <dc:description>text/common/07/09000000</dc:description>
  <dc:subject>Modèles HTML de %PRODUCTNAME</dc:subject>
  <meta:keywords>
   <meta:keyword>$Version</meta:keyword>
  </meta:keywords>
  <dc:language>fr-FR</dc:language>
  <meta:user-defined meta:name="Info 0">READY</meta:user-defined>
  <meta:user-defined meta:name="Info 1">FREE_OK</meta:user-defined>
  <meta:user-defined meta:name="Info 2"/>
  <meta:user-defined meta:name="Info 3"/>
</office:meta>
 <office:script/>
 <office:font-decls>
  <style:font-decl style:name="StarSymbol" fo:font-family="StarSymbol" style:font-charset="x-symbol"/>
  <style:font-decl style:name="Courier New" fo:font-family="&apos;Courier New&apos;" style:font-style-name="Standard" style:font-family-generic="modern" style:font-pitch="fixed"/>
  <style:font-decl style:name="Courier" fo:font-family="Courier" style:font-family-generic="roman" style:font-pitch="fixed"/>
  <style:font-decl style:name="Arial Unicode MS" fo:font-family="&apos;Arial Unicode MS&apos;" style:font-pitch="variable"/>
  <style:font-decl style:name="HG Mincho Light J" fo:font-family="&apos;HG Mincho Light J&apos;" style:font-pitch="variable"/>
  <style:font-decl style:name="Times New Roman3" fo:font-family="&apos;Times New Roman&apos;" style:font-pitch="variable"/>
  <style:font-decl style:name="Thorndale" fo:font-family="Thorndale" style:font-family-generic="roman" style:font-pitch="variable"/>
  <style:font-decl style:name="Times New Roman2" fo:font-family="&apos;Times New Roman&apos;" style:font-style-name="Fett" style:font-family-generic="roman" style:font-pitch="variable"/>
  <style:font-decl style:name="Times New Roman" fo:font-family="&apos;Times New Roman&apos;" style:font-style-name="Standard" style:font-family-generic="roman" style:font-pitch="variable"/>
  <style:font-decl style:name="Times New Roman1" fo:font-family="&apos;Times New Roman&apos;" style:font-family-generic="swiss" style:font-pitch="variable"/>
 </office:font-decls>
 <office:automatic-styles>
  <style:style style:name="Tabelle1" style:family="table">
   <style:properties style:width="18cm" table:align="margins"/>
  </style:style>
  <style:style style:name="Tabelle1.A" style:family="table-column">
   <style:properties style:column-width="4.025cm" style:rel-column-width="14650*"/>
  </style:style>
  <style:style style:name="Tabelle1.B" style:family="table-column">
   <style:properties style:column-width="13.975cm" style:rel-column-width="50865*"/>
  </style:style>
  <style:style style:name="Tabelle1.A1" style:family="table-cell">
   <style:properties fo:padding="0.049cm" fo:border-left="0.002cm solid #000000" fo:border-right="none" fo:border-top="0.002cm solid #000000" fo:border-bottom="0.002cm solid #000000"/>
  </style:style>
  <style:style style:name="Tabelle1.B1" style:family="table-cell">
   <style:properties fo:padding="0.049cm" fo:border="0.002cm solid #000000"/>
  </style:style>
  <style:style style:name="Tabelle1.A2" style:family="table-cell">
   <style:properties fo:padding="0.049cm" fo:border-left="0.002cm solid #000000" fo:border-right="none" fo:border-top="none" fo:border-bottom="0.002cm solid #000000"/>
  </style:style>
  <style:style style:name="Tabelle1.B2" style:family="table-cell">
   <style:properties fo:padding="0.049cm" fo:border-left="0.002cm solid #000000" fo:border-right="0.002cm solid #000000" fo:border-top="none" fo:border-bottom="0.002cm solid #000000"/>
  </style:style>
  <style:style style:name="Tabelle2" style:family="table">
   <style:properties style:width="18cm" table:align="margins"/>
  </style:style>
  <style:style style:name="Tabelle2.A" style:family="table-column">
   <style:properties style:column-width="4.528cm" style:rel-column-width="16441*"/>
  </style:style>
  <style:style style:name="Tabelle2.B" style:family="table-column">
   <style:properties style:column-width="13.471cm" style:rel-column-width="48908*"/>
  </style:style>
  <style:style style:name="Tabelle2.A1" style:family="table-cell">
   <style:properties fo:padding="0.049cm" fo:border-left="0.002cm solid #000000" fo:border-right="none" fo:border-top="0.002cm solid #000000" fo:border-bottom="0.002cm solid #000000"/>
  </style:style>
  <style:style style:name="Tabelle2.B1" style:family="table-cell">
   <style:properties fo:padding="0.049cm" fo:border="0.002cm solid #000000"/>
  </style:style>
  <style:style style:name="Tabelle2.A4" style:family="table-cell">
   <style:properties fo:padding="0.049cm" fo:border-left="0.002cm solid #000000" fo:border-right="none" fo:border-top="none" fo:border-bottom="0.002cm solid #000000"/>
  </style:style>
  <style:style style:name="Tabelle2.B4" style:family="table-cell">
   <style:properties fo:padding="0.049cm" fo:border-left="0.002cm solid #000000" fo:border-right="0.002cm solid #000000" fo:border-top="none" fo:border-bottom="0.002cm solid #000000"/>
  </style:style>
  <style:style style:name="Tabelle3" style:family="table">
   <style:properties style:width="18cm" table:align="margins"/>
  </style:style>
  <style:style style:name="Tabelle3.A" style:family="table-column">
   <style:properties style:column-width="1.499cm" style:rel-column-width="5460*"/>
  </style:style>
  <style:style style:name="Tabelle3.B" style:family="table-column">
   <style:properties style:column-width="16.501cm" style:rel-column-width="60074*"/>
  </style:style>
  <style:style style:name="Tabelle3.1" style:family="table-row">
   <style:properties style:min-row-height="0.848cm"/>
  </style:style>
  <style:style style:name="Tabelle3.A1" style:family="table-cell">
   <style:properties fo:padding="0cm" fo:border="none"/>
  </style:style>
  <style:style style:name="Tabelle4" style:family="table">
   <style:properties style:width="18cm" table:align="margins"/>
  </style:style>
  <style:style style:name="Tabelle4.A" style:family="table-column">
   <style:properties style:column-width="8.999cm" style:rel-column-width="32767*"/>
  </style:style>
  <style:style style:name="Tabelle4.A1" style:family="table-cell">
   <style:properties fo:padding="0.049cm" fo:border-left="0.002cm solid #000000" fo:border-right="none" fo:border-top="0.002cm solid #000000" fo:border-bottom="0.002cm solid #000000"/>
  </style:style>
  <style:style style:name="Tabelle4.B1" style:family="table-cell">
   <style:properties fo:padding="0.049cm" fo:border="0.002cm solid #000000"/>
  </style:style>
  <style:style style:name="Tabelle4.A2" style:family="table-cell">
   <style:properties fo:padding="0.049cm" fo:border-left="0.002cm solid #000000" fo:border-right="none" fo:border-top="none" fo:border-bottom="0.002cm solid #000000"/>
  </style:style>
  <style:style style:name="Tabelle4.B2" style:family="table-cell">
   <style:properties fo:padding="0.049cm" fo:border-left="0.002cm solid #000000" fo:border-right="0.002cm solid #000000" fo:border-top="none" fo:border-bottom="0.002cm solid #000000"/>
  </style:style>
  <style:style style:name="P1" style:family="paragraph" style:parent-style-name="Paragraph" style:master-page-name="HTML">
   <style:properties style:page-number="0"/>
  </style:style>
  <style:style style:name="P2" style:family="paragraph" style:parent-style-name="Paragraph" style:list-style-name="L1"/>
  <style:style style:name="T1" style:family="text">
   <style:properties fo:font-weight="bold"/>
  </style:style>
  <style:style style:name="fr1" style:family="graphics" style:parent-style-name="Graphics">
   <style:properties fo:margin-left="0cm" fo:margin-right="0cm" fo:margin-top="0cm" fo:margin-bottom="0cm" style:run-through="foreground" style:wrap="run-through" style:vertical-pos="top" style:vertical-rel="paragraph" style:horizontal-pos="left" style:horizontal-rel="paragraph" style:mirror="none" fo:clip="rect(0cm 0cm 0cm 0cm)" draw:luminance="0%" draw:contrast="0%" draw:red="0%" draw:green="0%" draw:blue="0%" draw:gamma="1" draw:color-inversion="false" draw:transparency="-100%" draw:color-mode="standard"/>
  </style:style>
  <text:list-style style:name="L1">
   <text:list-level-style-bullet text:level="1" text:style-name="Bullet Symbols" style:num-suffix="." text:bullet-char="•">
    <style:properties text:min-label-width="0.499cm" style:font-name="StarSymbol"/>
   </text:list-level-style-bullet>
   <text:list-level-style-bullet text:level="2" text:style-name="Bullet Symbols" style:num-suffix="." text:bullet-char="•">
    <style:properties text:space-before="0.499cm" text:min-label-width="0.499cm" style:font-name="StarSymbol"/>
   </text:list-level-style-bullet>
   <text:list-level-style-bullet text:level="3" text:style-name="Bullet Symbols" style:num-suffix="." text:bullet-char="•">
    <style:properties text:space-before="0.999cm" text:min-label-width="0.499cm" style:font-name="StarSymbol"/>
   </text:list-level-style-bullet>
   <text:list-level-style-bullet text:level="4" text:style-name="Bullet Symbols" style:num-suffix="." text:bullet-char="•">
    <style:properties text:space-before="1.498cm" text:min-label-width="0.499cm" style:font-name="StarSymbol"/>
   </text:list-level-style-bullet>
   <text:list-level-style-bullet text:level="5" text:style-name="Bullet Symbols" style:num-suffix="." text:bullet-char="•">
    <style:properties text:space-before="1.997cm" text:min-label-width="0.499cm" style:font-name="StarSymbol"/>
   </text:list-level-style-bullet>
   <text:list-level-style-number text:level="6" style:num-suffix="." style:num-format="1">
    <style:properties text:space-before="2.501cm" text:min-label-width="0.499cm"/>
   </text:list-level-style-number>
   <text:list-level-style-number text:level="7" style:num-suffix="." style:num-format="1">
    <style:properties text:space-before="3.001cm" text:min-label-width="0.499cm"/>
   </text:list-level-style-number>
   <text:list-level-style-number text:level="8" style:num-suffix="." style:num-format="1">
    <style:properties text:space-before="3.502cm" text:min-label-width="0.499cm"/>
   </text:list-level-style-number>
   <text:list-level-style-number text:level="9" style:num-suffix="." style:num-format="1">
    <style:properties text:space-before="4.001cm" text:min-label-width="0.499cm"/>
   </text:list-level-style-number>
   <text:list-level-style-number text:level="10" style:num-suffix="." style:num-format="1">
    <style:properties text:space-before="4.502cm" text:min-label-width="0.499cm"/>
   </text:list-level-style-number>
  </text:list-style>
 </office:automatic-styles>
 <office:body>
  <text:variable-decls>
   <text:variable-decl text:value-type="string" text:name="HTML_ON"/>
   <text:variable-decl text:value-type="string" text:name="HTML_OFF"/>
   <text:variable-decl text:value-type="string" text:name="TITEL"/>
   <text:variable-decl text:value-type="string" text:name="END"/>
   <text:variable-decl text:value-type="string" text:name="MAC"/>
   <text:variable-decl text:value-type="string" text:name="ELSE"/>
   <text:variable-decl text:value-type="string" text:name="HREF"/>
   <text:variable-decl text:value-type="string" text:name="NAME"/>
   <text:variable-decl text:value-type="string" text:name="HelpID"/>
   <text:variable-decl text:value-type="string" text:name="OS2"/>
   <text:variable-decl text:value-type="string" text:name="MODIFY"/>
   <text:variable-decl text:value-type="string" text:name="REFNR"/>
   <text:variable-decl text:value-type="string" text:name="HFELD"/>
   <text:variable-decl text:value-type="string" text:name="KEY"/>
   <text:variable-decl text:value-type="string" text:name="INDEX"/>
   <text:variable-decl text:value-type="string" text:name="STYLE"/>
  </text:variable-decls>
  <text:sequence-decls>
   <text:sequence-decl text:display-outline-level="0" text:name="Illustration"/>
   <text:sequence-decl text:display-outline-level="0" text:name="Table"/>
   <text:sequence-decl text:display-outline-level="0" text:name="Text"/>
   <text:sequence-decl text:display-outline-level="0" text:name="Drawing"/>
  </text:sequence-decls>
  <help:to-be-embedded Eid="htmlvorlagen">
  <text:p text:style-name="Head 1"><help:key-word value="HTML; Présentation des modèles" tag="kw66059_1"/><help:key-word value="Modèles; Modèle HTML par défaut" tag="kw66059_5"/><help:link Id="66059">Modèles HTML de <help:productname>%PRODUCTNAME</help:productname></help:link></text:p>
  <text:p text:style-name="Paragraph">Pour créer une nouvelle page Web pour Internet, ouvrez un nouveau <text:span text:style-name="T1">document HTML</text:span> en choisissant <text:span text:style-name="T1">Fichier - Nouveau</text:span>.</text:p>
  </help:to-be-embedded>
  <text:p text:style-name="Paragraph">Le mode Mise en page En ligne est un outil permettant de créer des pages Web ; vous pouvez l&apos;ouvrir en choisissant <text:span text:style-name="T1">Affichage - Mise en page En ligne</text:span>. Dès que vous avez activé ce mode, seules les options de menu et boîtes de dialogue <help:productname>%PRODUCTNAME</help:productname> pouvant être utilisées dans les pages HTML sont accessibles.</text:p>
  <text:p text:style-name="Head 2">Création d&apos;une nouvelle page Web</text:p>
  <text:unordered-list text:style-name="L1">
   <text:list-item>
    <text:p text:style-name="P2">Passez en mode Mise en page En ligne en sélectionnant <text:span text:style-name="T1">Affichage - Mise en page En ligne</text:span> ou en ouvrant un nouveau document HTML. <help:productname>%PRODUCTNAME</help:productname> utilise alors en interne le modèle html.stw qui se trouve dans {installpath}/share/template/french/internal.</text:p>
   </text:list-item>
   <text:list-item>
    <text:p text:style-name="P2">Vous pouvez saisir du texte et insérer des objets dans la nouvelle page comme s&apos;il s&apos;agissait d&apos;une page de texte normale. Utilisez les modèles de paragraphes et de caractères spéciaux fournis par le modèle HTML. Lors de l&apos;export du document HTML, <help:productname>%PRODUCTNAME</help:productname> tente de convertir le document de manière aussi fidèle que possible à l&apos;original, dans les limites permises par le format HTML.</text:p>
   </text:list-item>
   <text:list-item>
    <text:p text:style-name="P2">Pour créer une page HTML à partir d&apos;un document <help:productname>%PRODUCTNAME</help:productname>, enregistrez la page en utilisant l&apos;un des types de fichier &quot;Document HTML&quot; tel que l&apos;extension .HTM ou .HTML.</text:p>
   </text:list-item>
  </text:unordered-list>
  <text:p text:style-name="Head 2">Modèle de page HTML (par défaut)</text:p>
  <text:p text:style-name="Paragraph">Les pages du modèle HTML standard ne possèdent pas de marges et ont une longueur illimitée. Vos pages ne présenteront donc aucun saut de page.</text:p>
  <text:p text:style-name="Head 2">Styles de paragraphes pour pages HTML</text:p>
  <text:p text:style-name="Paragraph">Les styles spéciaux de paragraphe pour pages HTML ont les significations suivantes :</text:p>
  <table:table table:name="Tabelle1" table:style-name="Tabelle1">
   <table:table-column table:style-name="Tabelle1.A"/>
   <table:table-column table:style-name="Tabelle1.B"/>
   <table:table-row>
    <table:table-cell table:style-name="Tabelle1.A1" table:value-type="string">
     <text:p text:style-name="TableHead">Style de paragraphe</text:p>
    </table:table-cell>
    <table:table-cell table:style-name="Tabelle1.B1" table:value-type="string">
     <text:p text:style-name="TableHead">Signification</text:p>
    </table:table-cell>
   </table:table-row>
   <table:table-row>
    <table:table-cell table:style-name="Tabelle1.A2" table:value-type="string">
     <text:p text:style-name="TextInTable">BLOC JUSTIFIE</text:p>
    </table:table-cell>
    <table:table-cell table:style-name="Tabelle1.B2" table:value-type="string">
     <text:p text:style-name="TextInTable">Le texte comportera des retraits et sera en italique.</text:p>
    </table:table-cell>
   </table:table-row>
   <table:table-row>
    <table:table-cell table:style-name="Tabelle1.A2" table:value-type="string">
     <text:p text:style-name="TextInTable">DD 1-3, DT 1-3</text:p>
    </table:table-cell>
    <table:table-cell table:style-name="Tabelle1.B2" table:value-type="string">
     <text:p text:style-name="TextInTable">Les glossaires peuvent être structurés aux formas DT et DD. Le titre du premier niveau est DT1pour la première rubrique du glossaire, le texte correspondant est désigné sous DD1. Le titre du deuxième sous-niveau est DT2, le texte correspond à DD2. Le troisième niveau est formaté de manière correspondante avec DT3 et DD3.</text:p>
     <text:p text:style-name="TextInTable">Lors des retraits, DT1 se trouve à l&apos;extrême gauche, DD1 recule une fois, DT2 a reculé au même niveau que DD1, etc. DD est suivi automatiquement par un renvoi à la ligne &lt;p&gt;, cela ne s&apos;applique pas à DT.</text:p>
    </table:table-cell>
   </table:table-row>
   <table:table-row>
    <table:table-cell table:style-name="Tabelle1.A2" table:value-type="string">
     <text:p text:style-name="TextInTable">HR</text:p>
    </table:table-cell>
    <table:table-cell table:style-name="Tabelle1.B2" table:value-type="string">
     <text:p text:style-name="TextInTable">Insertion d&apos;une ligne horizontale sur toute la largeur de la page.</text:p>
    </table:table-cell>
   </table:table-row>
   <table:table-row>
    <table:table-cell table:style-name="Tabelle1.A2" table:value-type="string">
     <text:p text:style-name="TextInTable">PRE</text:p>
    </table:table-cell>
    <table:table-cell table:style-name="Tabelle1.B2" table:value-type="string">
     <text:p text:style-name="TextInTable">Formatage du texte comme &quot; texte préformaté &quot;, dans la police non proportionnelle Courier. Puisque tous les espaces sont également visibles dans le texte HTML, vous pouvez utiliser ce format pour les listings de programme mis en retrait.</text:p>
    </table:table-cell>
   </table:table-row>
  </table:table>
  <text:p text:style-name="Head 2"><help:key-word value="HTML; Style de caractères" tag="kw66059_4"/>Style de caractères pour pages HTML</text:p>
  <text:p text:style-name="Paragraph">Des styles de police spécifiques aux pages HTML sont disponibles :</text:p>
  <table:table table:name="Tabelle2" table:style-name="Tabelle2">
   <table:table-column table:style-name="Tabelle2.A"/>
   <table:table-column table:style-name="Tabelle2.B"/>
   <table:table-header-rows>
    <table:table-row>
     <table:table-cell table:style-name="Tabelle2.A1" table:value-type="string">
      <text:p text:style-name="TableHead">Style de caractère</text:p>
     </table:table-cell>
     <table:table-cell table:style-name="Tabelle2.B1" table:value-type="string">
      <text:p text:style-name="TableHead">Signification</text:p>
     </table:table-cell>
    </table:table-row>
   </table:table-header-rows>
   <table:table-row>
    <table:table-cell table:style-name="Tabelle2.A1" table:value-type="string">
     <text:p text:style-name="TextInTable">Internet Link</text:p>
    </table:table-cell>
    <table:table-cell table:style-name="Tabelle2.B1" table:value-type="string">
     <text:p text:style-name="TextInTable">Formate les caractères en bleu et les souligne</text:p>
    </table:table-cell>
   </table:table-row>
   <table:table-row>
    <table:table-cell table:style-name="Tabelle2.A1" table:value-type="string">
     <text:p text:style-name="TextInTable">Internet Link visité</text:p>
    </table:table-cell>
    <table:table-cell table:style-name="Tabelle2.B1" table:value-type="string">
     <text:p text:style-name="TextInTable">Formate les caractères en rouge et les souligne</text:p>
    </table:table-cell>
   </table:table-row>
   <table:table-row>
    <table:table-cell table:style-name="Tabelle2.A4" table:value-type="string">
     <text:p text:style-name="TextInTable">ABBREV</text:p>
    </table:table-cell>
    <table:table-cell table:style-name="Tabelle2.B4" table:value-type="string">
     <text:p text:style-name="TextInTable">Casse logique pour les abréviations</text:p>
    </table:table-cell>
   </table:table-row>
   <table:table-row>
    <table:table-cell table:style-name="Tabelle2.A4" table:value-type="string">
     <text:p text:style-name="TextInTable">ACRONYM</text:p>
    </table:table-cell>
    <table:table-cell table:style-name="Tabelle2.B4" table:value-type="string">
     <text:p text:style-name="TextInTable">Effets logiques pour les acronymes</text:p>
    </table:table-cell>
   </table:table-row>
   <table:table-row>
    <table:table-cell table:style-name="Tabelle2.A4" table:value-type="string">
     <text:p text:style-name="TextInTable">AU</text:p>
    </table:table-cell>
    <table:table-cell table:style-name="Tabelle2.B4" table:value-type="string">
     <text:p text:style-name="TextInTable">Casse logique pour les noms d&apos;auteur</text:p>
    </table:table-cell>
   </table:table-row>
   <table:table-row>
    <table:table-cell table:style-name="Tabelle2.A4" table:value-type="string">
     <text:p text:style-name="TextInTable">BLINK</text:p>
    </table:table-cell>
    <table:table-cell table:style-name="Tabelle2.B4" table:value-type="string">
     <text:p text:style-name="TextInTable">Casse logique pour le texte clignotant</text:p>
    </table:table-cell>
   </table:table-row>
   <table:table-row>
    <table:table-cell table:style-name="Tabelle2.A4" table:value-type="string">
     <text:p text:style-name="TextInTable">CITE</text:p>
    </table:table-cell>
    <table:table-cell table:style-name="Tabelle2.B4" table:value-type="string">
     <text:p text:style-name="TextInTable">Effets logiques pour les citations</text:p>
    </table:table-cell>
   </table:table-row>
   <table:table-row>
    <table:table-cell table:style-name="Tabelle2.A4" table:value-type="string">
     <text:p text:style-name="TextInTable">CODE</text:p>
    </table:table-cell>
    <table:table-cell table:style-name="Tabelle2.B4" table:value-type="string">
     <text:p text:style-name="TextInTable">Effets logiques pour le code source</text:p>
    </table:table-cell>
   </table:table-row>
   <table:table-row>
    <table:table-cell table:style-name="Tabelle2.A4" table:value-type="string">
     <text:p text:style-name="TextInTable">DEL</text:p>
    </table:table-cell>
    <table:table-cell table:style-name="Tabelle2.B4" table:value-type="string">
     <text:p text:style-name="TextInTable">Casse logique pour supprimé (marque de révision)</text:p>
    </table:table-cell>
   </table:table-row>
   <table:table-row>
    <table:table-cell table:style-name="Tabelle2.A4" table:value-type="string">
     <text:p text:style-name="TextInTable">DFN</text:p>
    </table:table-cell>
    <table:table-cell table:style-name="Tabelle2.B4" table:value-type="string">
     <text:p text:style-name="TextInTable">Casse logique pour une définition</text:p>
    </table:table-cell>
   </table:table-row>
   <table:table-row>
    <table:table-cell table:style-name="Tabelle2.A4" table:value-type="string">
     <text:p text:style-name="TextInTable">EM</text:p>
    </table:table-cell>
    <table:table-cell table:style-name="Tabelle2.B4" table:value-type="string">
     <text:p text:style-name="TextInTable">Effets logiques pour la mise en évidence</text:p>
    </table:table-cell>
   </table:table-row>
   <table:table-row>
    <table:table-cell table:style-name="Tabelle2.A4" table:value-type="string">
     <text:p text:style-name="TextInTable">INS</text:p>
    </table:table-cell>
    <table:table-cell table:style-name="Tabelle2.B4" table:value-type="string">
     <text:p text:style-name="TextInTable">Casse logique pour inséré (marque de révision)</text:p>
    </table:table-cell>
   </table:table-row>
   <table:table-row>
    <table:table-cell table:style-name="Tabelle2.A4" table:value-type="string">
     <text:p text:style-name="TextInTable">KBD</text:p>
    </table:table-cell>
    <table:table-cell table:style-name="Tabelle2.B4" table:value-type="string">
     <text:p text:style-name="TextInTable">Représentation logique des caractères du terminal</text:p>
    </table:table-cell>
   </table:table-row>
   <table:table-row>
    <table:table-cell table:style-name="Tabelle2.A4" table:value-type="string">
     <text:p text:style-name="TextInTable">LANG</text:p>
    </table:table-cell>
    <table:table-cell table:style-name="Tabelle2.B4" table:value-type="string">
     <text:p text:style-name="TextInTable">Casse logique pour les mots étrangers</text:p>
    </table:table-cell>
   </table:table-row>
   <table:table-row>
    <table:table-cell table:style-name="Tabelle2.A4" table:value-type="string">
     <text:p text:style-name="TextInTable">PERSON</text:p>
    </table:table-cell>
    <table:table-cell table:style-name="Tabelle2.B4" table:value-type="string">
     <text:p text:style-name="TextInTable">Casse logique pour les noms de personnes</text:p>
    </table:table-cell>
   </table:table-row>
   <table:table-row>
    <table:table-cell table:style-name="Tabelle2.A4" table:value-type="string">
     <text:p text:style-name="TextInTable">Q</text:p>
    </table:table-cell>
    <table:table-cell table:style-name="Tabelle2.B4" table:value-type="string">
     <text:p text:style-name="TextInTable">Casse logique pour les citations brèves</text:p>
    </table:table-cell>
   </table:table-row>
   <table:table-row>
    <table:table-cell table:style-name="Tabelle2.A4" table:value-type="string">
     <text:p text:style-name="TextInTable">SAMP</text:p>
    </table:table-cell>
    <table:table-cell table:style-name="Tabelle2.B4" table:value-type="string">
     <text:p text:style-name="TextInTable">Effets logiques pour les exemples</text:p>
    </table:table-cell>
   </table:table-row>
   <table:table-row>
    <table:table-cell table:style-name="Tabelle2.A4" table:value-type="string">
     <text:p text:style-name="TextInTable">STRONG</text:p>
    </table:table-cell>
    <table:table-cell table:style-name="Tabelle2.B4" table:value-type="string">
     <text:p text:style-name="TextInTable">Représentation logique des textes importants</text:p>
    </table:table-cell>
   </table:table-row>
   <table:table-row>
    <table:table-cell table:style-name="Tabelle2.A4" table:value-type="string">
     <text:p text:style-name="TextInTable">TT</text:p>
    </table:table-cell>
    <table:table-cell table:style-name="Tabelle2.B4" table:value-type="string">
     <text:p text:style-name="TextInTable">Effets logiques pour les polices TrueType</text:p>
    </table:table-cell>
   </table:table-row>
  </table:table>
  <table:table table:name="Tabelle3" table:style-name="Tabelle3">
   <table:table-column table:style-name="Tabelle3.A"/>
   <table:table-column table:style-name="Tabelle3.B"/>
   <table:table-row table:style-name="Tabelle3.1">
    <table:table-cell table:style-name="Tabelle3.A1" table:value-type="string">
     <text:p text:style-name="Paragraph"><draw:image draw:name="Icône0" svg:desc="Cette icône indique du texte comportant des informations supplémentaires." svg:pixelx="32" svg:pixely="32" svg:width="0.847cm" svg:height="0.847cm" xlink:href="65980" draw:filter-name=""/></text:p>

    </table:table-cell>
    <table:table-cell table:style-name="Tabelle3.A1" table:value-type="string">
     <text:p text:style-name="Paragraph">Beaucoup de ces mises en page sont transformées en balises HTML lors de l&apos;export en format HTML ; cependant de nombreux Web Browser les affichent comme du texte normal.</text:p>
    </table:table-cell>
   </table:table-row>
  </table:table>
  <text:p text:style-name="Head 2"><help:key-word value="Format; En HTML" tag="kw66059_3"/><help:key-word value="HTML; Formatages" tag="kw66059_2"/>Formatages convertis en HTML</text:p>
  <text:p text:style-name="Paragraph"><help:productname>%PRODUCTNAME</help:productname> peut créer le code HTML approprié à partir de votre document. Les listages des documents sont exportés sous forme de balises HTML que les navigateurs Web peuvent ensuite afficher en tant que listages ou en tant que listes. Certains de ces formats sont présentés ci-dessous :</text:p>
  <table:table table:name="Tabelle4" table:style-name="Tabelle4">
   <table:table-column table:style-name="Tabelle4.A" table:number-columns-repeated="2"/>
   <table:table-header-rows>
    <table:table-row>
     <table:table-cell table:style-name="Tabelle4.A1" table:value-type="string">
      <text:p text:style-name="TableHead">Mise en page dans un document <help:productname>%PRODUCTNAME</help:productname></text:p>
     </table:table-cell>
     <table:table-cell table:style-name="Tabelle4.B1" table:value-type="string">
      <text:p text:style-name="TableHead">Type des balises HTML créées</text:p>
     </table:table-cell>
    </table:table-row>
   </table:table-header-rows>
   <table:table-row>
    <table:table-cell table:style-name="Tabelle4.A2" table:value-type="string">
     <text:p text:style-name="TextInTable">(Création automatique de l&apos;en-tête)</text:p>
    </table:table-cell>
    <table:table-cell table:style-name="Tabelle4.B2" table:value-type="string">
     <text:p text:style-name="TextInTable">&lt;head&gt;</text:p>
    </table:table-cell>
   </table:table-row>
   <table:table-row>
    <table:table-cell table:style-name="Tabelle4.A2" table:value-type="string">
     <text:p text:style-name="TextInTable">Titre dans la boite de dialogue Propriétés du document</text:p>
    </table:table-cell>
    <table:table-cell table:style-name="Tabelle4.B2" table:value-type="string">
     <text:p text:style-name="TextInTable">&lt;title&gt;</text:p>
    </table:table-cell>
   </table:table-row>
   <table:table-row>
    <table:table-cell table:style-name="Tabelle4.A2" table:value-type="string">
     <text:p text:style-name="TextInTable">Style de paragraphe titre 1 à x</text:p>
    </table:table-cell>
    <table:table-cell table:style-name="Tabelle4.B2" table:value-type="string">
     <text:p text:style-name="TextInTable">&lt;H1&gt; à &lt;Hx&gt;</text:p>
    </table:table-cell>
   </table:table-row>
   <table:table-row>
    <table:table-cell table:style-name="Tabelle4.A2" table:value-type="string">
     <text:p text:style-name="TextInTable">Style de paragraphe expéditeur</text:p>
    </table:table-cell>
    <table:table-cell table:style-name="Tabelle4.B2" table:value-type="string">
     <text:p text:style-name="TextInTable">&lt;address&gt;</text:p>
    </table:table-cell>
   </table:table-row>
   <table:table-row>
    <table:table-cell table:style-name="Tabelle4.A2" table:value-type="string">
     <text:p text:style-name="TextInTable">Table fichier texte</text:p>
    </table:table-cell>
    <table:table-cell table:style-name="Tabelle4.B2" table:value-type="string">
     <text:p text:style-name="TextInTable">&lt;table ...&gt;</text:p>
    </table:table-cell>
   </table:table-row>
   <table:table-row>
    <table:table-cell table:style-name="Tabelle4.A2" table:value-type="string">
     <text:p text:style-name="TextInTable">Attribut gras</text:p>
    </table:table-cell>
    <table:table-cell table:style-name="Tabelle4.B2" table:value-type="string">
     <text:p text:style-name="TextInTable">&lt;b&gt;</text:p>
    </table:table-cell>
   </table:table-row>
   <table:table-row>
    <table:table-cell table:style-name="Tabelle4.A2" table:value-type="string">
     <text:p text:style-name="TextInTable">Attribut italique</text:p>
    </table:table-cell>
    <table:table-cell table:style-name="Tabelle4.B2" table:value-type="string">
     <text:p text:style-name="TextInTable">&lt;i&gt;</text:p>
    </table:table-cell>
   </table:table-row>
   <table:table-row>
    <table:table-cell table:style-name="Tabelle4.A2" table:value-type="string">
     <text:p text:style-name="TextInTable">Attribut souligné</text:p>
    </table:table-cell>
    <table:table-cell table:style-name="Tabelle4.B2" table:value-type="string">
     <text:p text:style-name="TextInTable">&lt;u&gt;</text:p>
    </table:table-cell>
   </table:table-row>
   <table:table-row>
    <table:table-cell table:style-name="Tabelle4.A2" table:value-type="string">
     <text:p text:style-name="TextInTable">Listes de puces (énumération)</text:p>
    </table:table-cell>
    <table:table-cell table:style-name="Tabelle4.B2" table:value-type="string">
     <text:p text:style-name="TextInTable">&lt;ul&gt; comme introduction, &lt;li&gt; pour chaque élément de liste</text:p>
    </table:table-cell>
   </table:table-row>
   <table:table-row>
    <table:table-cell table:style-name="Tabelle4.A2" table:value-type="string">
     <text:p text:style-name="TextInTable">Numérotation</text:p>
    </table:table-cell>
    <table:table-cell table:style-name="Tabelle4.B2" table:value-type="string">
     <text:p text:style-name="TextInTable">&lt;ol&gt; comme introduction, &lt;li&gt; pour chaque élément de liste</text:p>
    </table:table-cell>
   </table:table-row>
   <table:table-row>
    <table:table-cell table:style-name="Tabelle4.A2" table:value-type="string">
     <text:p text:style-name="TextInTable">Subscript (indice)</text:p>
    </table:table-cell>
    <table:table-cell table:style-name="Tabelle4.B2" table:value-type="string">
     <text:p text:style-name="TextInTable">&lt;sub&gt;</text:p>
    </table:table-cell>
   </table:table-row>
   <table:table-row>
    <table:table-cell table:style-name="Tabelle4.A2" table:value-type="string">
     <text:p text:style-name="TextInTable">Superscript (exposant)</text:p>
    </table:table-cell>
    <table:table-cell table:style-name="Tabelle4.B2" table:value-type="string">
     <text:p text:style-name="TextInTable">&lt;super&gt;</text:p>
    </table:table-cell>
   </table:table-row>
   <table:table-row>
    <table:table-cell table:style-name="Tabelle4.A2" table:value-type="string">
     <text:p text:style-name="TextInTable">Notice insérée</text:p>
    </table:table-cell>
    <table:table-cell table:style-name="Tabelle4.B2" table:value-type="string">
     <text:p text:style-name="TextInTable">&lt;!-est transformé en commentaire --&gt;</text:p>
    </table:table-cell>
   </table:table-row>
   <table:table-row>
    <table:table-cell table:style-name="Tabelle4.A2" table:value-type="string">
     <text:p text:style-name="TextInTable">Zone insérée</text:p>
    </table:table-cell>
    <table:table-cell table:style-name="Tabelle4.B2" table:value-type="string">
     <text:p text:style-name="TextInTable">&lt;div ID=&quot;nom de zone&quot;&gt;.....&lt;/div&gt;</text:p>
    </table:table-cell>
   </table:table-row>
  </table:table>
 </office:body>
</office:document>
