

<office:document  xmlns:office="http://openoffice.org/2000/office" xmlns:style="http://openoffice.org/2000/style" xmlns:text="http://openoffice.org/2000/text" xmlns:table="http://openoffice.org/2000/table" xmlns:draw="http://openoffice.org/2000/drawing" xmlns:fo="http://www.w3.org/1999/XSL/Format" xmlns:xlink="http://www.w3.org/1999/xlink" xmlns:number="http://openoffice.org/2000/datastyle" xmlns:svg="http://www.w3.org/2000/svg" xmlns:chart="http://openoffice.org/2000/chart" xmlns:dr3d="http://openoffice.org/2000/dr3d" xmlns:math="http://www.w3.org/1998/Math/MathML" xmlns:form="http://openoffice.org/2000/form" xmlns:script="http://openoffice.org/2000/script" office:class="text" office:version="1.0" xmlns:dc="http://purl.org/dc/elements/1.1/" xmlns:meta="http://openoffice.org/2000/meta" xmlns:help="http://openoffice.org/2000/help">
<office:meta>
  <dc:description>text/common/autopi/01010200</dc:description>
  <dc:subject>AutoPilot Brev - sida 2</dc:subject>

  <dc:language>sv-SE</dc:language>
  <meta:user-defined meta:name="Info 0">READY</meta:user-defined>
  <meta:user-defined meta:name="Info 1">FREE_OK</meta:user-defined>
  <meta:user-defined meta:name="Info 2"/>
  <meta:user-defined meta:name="Info 3"/>
</office:meta>
 <office:script/>
 <office:font-decls>
  <style:font-decl style:name="StarSymbol" fo:font-family="StarSymbol" style:font-charset="x-symbol"/>
  <style:font-decl style:name="Courier New" fo:font-family="&apos;Courier New&apos;" style:font-style-name="Standard" style:font-family-generic="modern" style:font-pitch="fixed"/>
  <style:font-decl style:name="Courier" fo:font-family="Courier" style:font-family-generic="roman" style:font-pitch="fixed"/>
  <style:font-decl style:name="Arial Unicode MS" fo:font-family="&apos;Arial Unicode MS&apos;" style:font-pitch="variable"/>
  <style:font-decl style:name="HG Mincho Light J" fo:font-family="&apos;HG Mincho Light J&apos;" style:font-pitch="variable"/>
  <style:font-decl style:name="Times New Roman3" fo:font-family="&apos;Times New Roman&apos;" style:font-pitch="variable"/>
  <style:font-decl style:name="Thorndale" fo:font-family="Thorndale" style:font-family-generic="roman" style:font-pitch="variable"/>
  <style:font-decl style:name="Times New Roman2" fo:font-family="&apos;Times New Roman&apos;" style:font-style-name="Fett" style:font-family-generic="roman" style:font-pitch="variable"/>
  <style:font-decl style:name="Times New Roman" fo:font-family="&apos;Times New Roman&apos;" style:font-style-name="Standard" style:font-family-generic="roman" style:font-pitch="variable"/>
  <style:font-decl style:name="Times New Roman1" fo:font-family="&apos;Times New Roman&apos;" style:font-family-generic="swiss" style:font-pitch="variable"/>
 </office:font-decls>
 <office:automatic-styles>
  <style:style style:name="P1" style:family="paragraph" style:parent-style-name="Paragraph" style:master-page-name="HTML">
   <style:properties style:page-number="0"/>
  </style:style>
  <style:style style:name="T1" style:family="text">
   <style:properties fo:font-weight="bold"/>
  </style:style>
 </office:automatic-styles>
 <office:body>
  <text:variable-decls>
   <text:variable-decl text:value-type="string" text:name="HTML_ON"/>
   <text:variable-decl text:value-type="string" text:name="HTML_OFF"/>
   <text:variable-decl text:value-type="string" text:name="TITEL"/>
   <text:variable-decl text:value-type="string" text:name="END"/>
   <text:variable-decl text:value-type="string" text:name="OS2"/>
   <text:variable-decl text:value-type="string" text:name="ELSE"/>
   <text:variable-decl text:value-type="string" text:name="HREF"/>
   <text:variable-decl text:value-type="string" text:name="MAC"/>
   <text:variable-decl text:value-type="string" text:name="NAME"/>
   <text:variable-decl text:value-type="string" text:name="HelpID"/>
   <text:variable-decl text:value-type="string" text:name="MODIFY"/>
   <text:variable-decl text:value-type="string" text:name="REFNR"/>
   <text:variable-decl text:value-type="string" text:name="AKTHLP"/>
   <text:variable-decl text:value-type="string" text:name="STYLE"/>
  </text:variable-decls>
  <text:sequence-decls>
   <text:sequence-decl text:display-outline-level="0" text:name="Illustration"/>
   <text:sequence-decl text:display-outline-level="0" text:name="Table"/>
   <text:sequence-decl text:display-outline-level="0" text:name="Text"/>
   <text:sequence-decl text:display-outline-level="0" text:name="Drawing"/>
  </text:sequence-decls>
  <help:to-be-embedded Eid="seite2">
  <text:p text:style-name="Head 1"><help:help-id value="HID_LETTER_PAGE2"/><help:link Id="66081">AutoPilot Brev - sida 2</help:link></text:p>
  <text:p text:style-name="Paragraph"><help:help-text value="visible">I det här området kan du välja en logotyp för dokumentmallen.</help:help-text> De tillgängliga alternativen på sidan beror på vilken logotyp som är markerad.</text:p>
  </help:to-be-embedded>
  <help:popup Id="65611" Eid="autopilotbrief2"><help:embedded Id="65598" Eid="wie"></help:embedded></help:popup>
  <text:p text:style-name="Head 2"><a name="logoart"/>Vilken typ av logotyp vill du ha på brevet?</text:p>
  <help:to-be-embedded Eid="010102text">
  <text:p text:style-name="Paragraph">I det här området väljer du en logotyp. Beroende på vilken slags logotyp du väljer ändras de tillgängliga alternativen på den här sidan.</text:p>
  </help:to-be-embedded>
  <help:help-id value="SW_RADIOBUTTON_DLG_WIZARD_LT_DLG_LGO_RBTN_NOLOGO"/>
  <help:to-be-embedded Eid="2keinlogo">
  <text:p text:style-name="Head 3">Ingen logotyp</text:p>
  <text:p text:style-name="Paragraph"><help:help-text value="visible">Anger att en logotyp inte har inkluderats i brevet eller faxmeddelandet.</help:help-text></text:p>
  </help:to-be-embedded>
  <help:help-id value="SW_RADIOBUTTON_DLG_WIZARD_LT_DLG_LGO_RBTN_GRLOGO"/>
  <help:to-be-embedded Eid="2grafik">
  <text:p text:style-name="Head 3">Grafik</text:p>
  <text:p text:style-name="Paragraph"><help:help-text value="visible">Anger att du vill infoga ett grafiskt objekt som logotyp. Du kan välja en grafisk fil under <text:span text:style-name="T1">Grafikfilnamn</text:span>.</help:help-text></text:p>
  </help:to-be-embedded>
  <help:help-id value="SW_RADIOBUTTON_DLG_WIZARD_LT_DLG_LGO_RBTN_TXLOGO"/>
  <help:to-be-embedded Eid="2text">
  <text:p text:style-name="Head 3">Text</text:p>
  <text:p text:style-name="Paragraph"><help:help-text value="visible">Anger att du vill använda en textlogotyp.</help:help-text></text:p>
  <text:p text:style-name="Head 2"><a name="grafikdateiname"/>Grafikfilnamn</text:p>
  <text:p text:style-name="Paragraph">Det här alternativet är bara synligt om du valt ett grafikobjekt som logotyp. Namnet på den valda grafikfilen visas; du kan välja en ny fil med kommandoknappen <text:span text:style-name="T1">Grafikurval</text:span>.</text:p>
  </help:to-be-embedded>
  <help:help-id value="SW_PUSHBUTTON_DLG_WIZARD_LT_DLG_LGO_PBTN_LOGOFN"/>
  <help:to-be-embedded Eid="2grafikauswahl">
  <text:p text:style-name="Head 3">Grafikurval</text:p>
  <text:p text:style-name="Paragraph"><help:help-text value="visible">Öppnar dialogrutan <help:link Id="65636">Välj logotypgrafik</help:link>.</help:help-text></text:p>
  </help:to-be-embedded>
  <help:help-id value="SW_MULTILINEEDIT_DLG_WIZARD_LT_DLG_LGO_MEDT_LOGOTX"/>
  <help:to-be-embedded Eid="2logotext">
  <text:p text:style-name="Head 2"><a name="logotext"/>Logotyptext</text:p>
  <text:p text:style-name="Paragraph"><help:help-text value="visible">Om du väljer att använda en logotyp i form av text visas textrutan <text:span text:style-name="T1">Logotyptext</text:span>. Den text som du anger här visas som logotyp i brevets överkant.</help:help-text></text:p>
  <text:p text:style-name="Head 2"><a name="groesse"/>Storlek</text:p>
  <text:p text:style-name="Paragraph">Anger logotypens exakta storlek.</text:p>
  </help:to-be-embedded>
  <help:help-id value="SW_METRICFIELD_DLG_WIZARD_LT_DLG_LGO_MFLD_LOGOWD"/>
  <help:to-be-embedded Eid="2breite">
  <text:p text:style-name="Head 3">Bredd</text:p>
  <text:p text:style-name="Paragraph"><help:help-text value="visible">Bestämmer logotypens bredd.</help:help-text></text:p>
  </help:to-be-embedded>
  <help:help-id value="SW_METRICFIELD_DLG_WIZARD_LT_DLG_LGO_MFLD_LOGOHG"/>
  <help:to-be-embedded Eid="2hoehe">
  <text:p text:style-name="Head 3">Höjd</text:p>
  <text:p text:style-name="Paragraph"><help:help-text value="visible">Bestämmer logotypens höjd.</help:help-text></text:p>
  <text:p text:style-name="Head 2"><a name="position"/>Position</text:p>
  <text:p text:style-name="Paragraph">Definiera logotypens plats på sidan genom att klicka på någon av ikonerna och finjustera positionen med hjälp av rotationsknapparna:</text:p>
  </help:to-be-embedded>
  <help:help-id value="SW_IMAGEBUTTON_DLG_WIZARD_LT_DLG_LGO_BBTN_LOGOLI"/>
  <help:to-be-embedded Eid="2links">
  <text:p text:style-name="Head 3">Till vänster</text:p>
  <text:p text:style-name="Paragraph"><help:help-text value="visible">Placerar logotypen till vänster på sidan.</help:help-text></text:p>
  </help:to-be-embedded>
  <help:help-id value="SW_IMAGEBUTTON_DLG_WIZARD_LT_DLG_LGO_BBTN_LOGOMI"/>
  <help:to-be-embedded Eid="2mitte">
  <text:p text:style-name="Head 3">Centrerat</text:p>
  <text:p text:style-name="Paragraph"><help:help-text value="visible">Placerar logotypen mitt på sidan.</help:help-text></text:p>
  </help:to-be-embedded>
  <help:help-id value="SW_IMAGEBUTTON_DLG_WIZARD_LT_DLG_LGO_BBTN_LOGORE"/>
  <help:to-be-embedded Eid="2rechts">
  <text:p text:style-name="Head 3">Till höger</text:p>
  <text:p text:style-name="Paragraph"><help:help-text value="visible">Placerar logotypen till höger på sidan.</help:help-text></text:p>
  </help:to-be-embedded>
  <help:help-id value="SW_METRICFIELD_DLG_WIZARD_LT_DLG_LGO_MFLD_LOGOHO"/>
  <help:to-be-embedded Eid="2vonlr">
  <text:p text:style-name="Head 3">Från vänster/höger</text:p>
  <text:p text:style-name="Paragraph"><help:help-text value="visible">Ställer in avståndet mellan logotypen och höger eller vänster sidmarginal.</help:help-text></text:p>
  </help:to-be-embedded>
  <help:help-id value="SW_METRICFIELD_DLG_WIZARD_LT_DLG_LGO_MFLD_LOGOVE"/>
  <help:to-be-embedded Eid="2vonoben">
  <text:p text:style-name="Head 3">Uppifrån</text:p>
  <text:p text:style-name="Paragraph"><help:help-text value="visible">Ställer in avståndet mellan logotypen och marginalen för sidans överkant.</help:help-text></text:p>
  </help:to-be-embedded>
  <text:p text:style-name="Paragraph"><help:link Id="66142">Gå vidare till AutoPilot Brev - sida 3</help:link></text:p>
 </office:body>
</office:document>
