

<office:document  xmlns:office="http://openoffice.org/2000/office" xmlns:style="http://openoffice.org/2000/style" xmlns:text="http://openoffice.org/2000/text" xmlns:table="http://openoffice.org/2000/table" xmlns:draw="http://openoffice.org/2000/drawing" xmlns:fo="http://www.w3.org/1999/XSL/Format" xmlns:xlink="http://www.w3.org/1999/xlink" xmlns:number="http://openoffice.org/2000/datastyle" xmlns:svg="http://www.w3.org/2000/svg" xmlns:chart="http://openoffice.org/2000/chart" xmlns:dr3d="http://openoffice.org/2000/dr3d" xmlns:math="http://www.w3.org/1998/Math/MathML" xmlns:form="http://openoffice.org/2000/form" xmlns:script="http://openoffice.org/2000/script" office:class="text" office:version="1.0" xmlns:dc="http://purl.org/dc/elements/1.1/" xmlns:meta="http://openoffice.org/2000/meta" xmlns:help="http://openoffice.org/2000/help">
<office:meta>
  <dc:description>text/common/autopi/01010300</dc:description>
  <dc:subject>AutoPilot Brev - sidan 3</dc:subject>

  <dc:language>sv-SE</dc:language>
  <meta:user-defined meta:name="Info 0">READY</meta:user-defined>
  <meta:user-defined meta:name="Info 1">FREE_OK</meta:user-defined>
  <meta:user-defined meta:name="Info 2"/>
  <meta:user-defined meta:name="Info 3"/>
</office:meta>
 <office:script/>
 <office:font-decls>
  <style:font-decl style:name="StarSymbol" fo:font-family="StarSymbol" style:font-charset="x-symbol"/>
  <style:font-decl style:name="Courier New" fo:font-family="&apos;Courier New&apos;" style:font-style-name="Standard" style:font-family-generic="modern" style:font-pitch="fixed"/>
  <style:font-decl style:name="Courier" fo:font-family="Courier" style:font-family-generic="roman" style:font-pitch="fixed"/>
  <style:font-decl style:name="Arial Unicode MS" fo:font-family="&apos;Arial Unicode MS&apos;" style:font-pitch="variable"/>
  <style:font-decl style:name="HG Mincho Light J" fo:font-family="&apos;HG Mincho Light J&apos;" style:font-pitch="variable"/>
  <style:font-decl style:name="Times New Roman3" fo:font-family="&apos;Times New Roman&apos;" style:font-pitch="variable"/>
  <style:font-decl style:name="Thorndale" fo:font-family="Thorndale" style:font-family-generic="roman" style:font-pitch="variable"/>
  <style:font-decl style:name="Times New Roman2" fo:font-family="&apos;Times New Roman&apos;" style:font-style-name="Fett" style:font-family-generic="roman" style:font-pitch="variable"/>
  <style:font-decl style:name="Times New Roman" fo:font-family="&apos;Times New Roman&apos;" style:font-style-name="Standard" style:font-family-generic="roman" style:font-pitch="variable"/>
  <style:font-decl style:name="Times New Roman1" fo:font-family="&apos;Times New Roman&apos;" style:font-family-generic="swiss" style:font-pitch="variable"/>
 </office:font-decls>
 <office:automatic-styles>
  <style:style style:name="P1" style:family="paragraph" style:parent-style-name="Paragraph" style:master-page-name="HTML">
   <style:properties style:page-number="0"/>
  </style:style>
  <style:style style:name="T1" style:family="text">
   <style:properties fo:font-weight="bold"/>
  </style:style>
 </office:automatic-styles>
 <office:body>
  <text:variable-decls>
   <text:variable-decl text:value-type="string" text:name="HTML_ON"/>
   <text:variable-decl text:value-type="string" text:name="HTML_OFF"/>
   <text:variable-decl text:value-type="string" text:name="TITEL"/>
   <text:variable-decl text:value-type="string" text:name="END"/>
   <text:variable-decl text:value-type="string" text:name="MAC"/>
   <text:variable-decl text:value-type="string" text:name="ELSE"/>
   <text:variable-decl text:value-type="string" text:name="HREF"/>
   <text:variable-decl text:value-type="string" text:name="NAME"/>
   <text:variable-decl text:value-type="string" text:name="HelpID"/>
   <text:variable-decl text:value-type="string" text:name="MODIFY"/>
   <text:variable-decl text:value-type="string" text:name="REFNR"/>
   <text:variable-decl text:value-type="string" text:name="AKTHLP"/>
   <text:variable-decl text:value-type="string" text:name="STYLE"/>
  </text:variable-decls>
  <text:sequence-decls>
   <text:sequence-decl text:display-outline-level="0" text:name="Illustration"/>
   <text:sequence-decl text:display-outline-level="0" text:name="Table"/>
   <text:sequence-decl text:display-outline-level="0" text:name="Text"/>
   <text:sequence-decl text:display-outline-level="0" text:name="Drawing"/>
  </text:sequence-decls>
  <help:to-be-embedded Eid="seite3">
  <text:p text:style-name="Head 1"><help:help-id value="HID_LETTER_PAGE3"/><help:link Id="66142">AutoPilot Brev - sidan 3</help:link></text:p>
  <text:p text:style-name="Paragraph"><help:help-text value="visible">Bestämmer avsändartext och placering.</help:help-text></text:p>
  </help:to-be-embedded>
  <help:popup Id="65611" Eid="autopilotbrief3"><help:embedded Id="65598" Eid="wie"></help:embedded></help:popup>
  <text:p text:style-name="Head 2"><help:help-id value="SW_MULTILINEEDIT_DLG_WIZARD_LT_DLG_LT3_MEDT_ABSINP"/>Ange nu avsändaren:</text:p>
  <text:p text:style-name="Paragraph"><help:help-text value="visible">Ange avsändaradressen i den här listrutan.</help:help-text> Tryck på Retur om du behöver infoga en radbrytning. Observera att det första tecknet i adressfältet måste vara ett &quot;&gt;&quot;. Alla rader som börjar med ett &quot;&gt;&quot; upprepas i mottagarfältet när alternativet <text:span text:style-name="T1">Upprepa i mottagarfält</text:span> är markerat.</text:p>
  <text:p text:style-name="Head 2"><help:help-id value="SW_IMAGEBUTTON_DLG_WIZARD_LT_DLG_LT3_BTN_LOADADR"/>Uppdatera adress från användardata</text:p>
  <text:p text:style-name="Paragraph"><help:help-text value="visible">Ersätter texten i avsändarlistrutan med en standardtext som kopieras från användardata.</help:help-text></text:p>
  <text:p text:style-name="Head 2">Upprepa i mottagarfält?</text:p>
  <text:p text:style-name="Paragraph">Anger om avsändare ska visas i liten teckensnittsstorlek ovanför adressaten när du använder ett fönsterkuvert.</text:p>
  <text:p text:style-name="Head 3"><help:help-id value="SW_RADIOBUTTON_DLG_WIZARD_LT_DLG_LT3_RBTN_WDHJAA"/><help:help-id value="SW_RADIOBUTTON_DLG_WIZARD_LT_DLG_LT3_RBTN_ANZJAA"/>Ja</text:p>
  <text:p text:style-name="Paragraph"><help:help-text value="visible">Anger att avsändarrader som börjar med &quot;&gt;&quot; ska visas i mottagarfältet.</help:help-text></text:p>
  <text:p text:style-name="Head 3"><help:help-id value="SW_RADIOBUTTON_DLG_WIZARD_LT_DLG_LT3_RBTN_WDHNEE"/><help:help-id value="SW_RADIOBUTTON_DLG_WIZARD_LT_DLG_LT3_RBTN_ANZNEE"/>Nej</text:p>
  <text:p text:style-name="Paragraph"><help:help-text value="visible">Anger att du inte vill inkludera avsändaren i mottagarfältet.</help:help-text></text:p>
  <text:p text:style-name="Head 2">Position och storlek</text:p>
  <text:p text:style-name="Paragraph">Bestämmer avsändaradressens placering. Finjustera med <help:popup Id="65630" Eid="drehfeld">rotationsrutorna</help:popup>.</text:p>
  <text:p text:style-name="Head 3"><help:help-id value="SW_IMAGEBUTTON_DLG_WIZARD_LT_DLG_LT3_BBTN_ABSNOL"/>Uppe till vänster</text:p>
  <text:p text:style-name="Paragraph"><help:help-text value="visible">Här hamnar avsändaren uppe till vänster på sidan.</help:help-text></text:p>
  <text:p text:style-name="Head 3"><help:help-id value="SW_IMAGEBUTTON_DLG_WIZARD_LT_DLG_LT3_BBTN_ABSNOR"/>Uppe till höger</text:p>
  <text:p text:style-name="Paragraph"><help:help-text value="visible">Här hamnar avsändaren uppe till höger på sidan.</help:help-text></text:p>
  <text:p text:style-name="Head 3"><help:help-id value="SW_IMAGEBUTTON_DLG_WIZARD_LT_DLG_LT3_BBTN_ABSNUL"/>Nere till vänster</text:p>
  <text:p text:style-name="Paragraph"><help:help-text value="visible">Här hamnar avsändaren nere till vänster på sidan.</help:help-text></text:p>
  <text:p text:style-name="Head 3"><help:help-id value="SW_IMAGEBUTTON_DLG_WIZARD_LT_DLG_LT3_BBTN_ABSNUR"/>Nere till höger</text:p>
  <text:p text:style-name="Paragraph"><help:help-text value="visible">Här hamnar avsändarfältet nere till höger på sidan.</help:help-text></text:p>
  <text:p text:style-name="Head 3"><help:help-id value="SW_IMAGEBUTTON_DLG_WIZARD_LT_DLG_LT3_BBTN_ABSNMI"/>Till höger bredvid mottagaren</text:p>
  <text:p text:style-name="Paragraph"><help:help-text value="visible">Avsändaren visas till höger om adressaten på höger sida.</help:help-text></text:p>
  <text:p text:style-name="Head 3"><help:help-id value="SW_METRICFIELD_DLG_WIZARD_LT_DLG_LT3_MFLD_ABSNHO"/>Från vänster/höger</text:p>
  <text:p text:style-name="Paragraph"><help:help-text value="visible">Bestämmer avståndet mellan avsändarfältet och vänster eller höger sidmarginal.</help:help-text></text:p>
  <text:p text:style-name="Head 3"><help:help-id value="SW_METRICFIELD_DLG_WIZARD_LT_DLG_LT3_MFLD_ABSNVE"/>Uppifrån/nerifrån</text:p>
  <text:p text:style-name="Paragraph"><help:help-text value="visible">Bestämmer avståndet mellan avsändarfältet och sidans övre eller nedre kant.</help:help-text></text:p>
  <text:p text:style-name="Head 3"><help:help-id value="SW_METRICFIELD_DLG_WIZARD_LT_DLG_LT3_MFLD_ABSNWD"/>Bredd</text:p>
  <text:p text:style-name="Paragraph"><help:help-text value="visible">Bestämmer avsändarfältets bredd.</help:help-text></text:p>
  <text:p text:style-name="Head 3"><help:help-id value="SW_METRICFIELD_DLG_WIZARD_LT_DLG_LT3_MFLD_ABSNHG"/>Höjd</text:p>
  <text:p text:style-name="Paragraph"><help:help-text value="visible">Bestämmer avsändarfältets höjd.</help:help-text></text:p>
  <text:p text:style-name="Paragraph"><help:link Id="66125">Gå vidare till AutoPilot Brev - sidan 4</help:link></text:p>
 </office:body>
</office:document>
