

<office:document  xmlns:office="http://openoffice.org/2000/office" xmlns:style="http://openoffice.org/2000/style" xmlns:text="http://openoffice.org/2000/text" xmlns:table="http://openoffice.org/2000/table" xmlns:draw="http://openoffice.org/2000/drawing" xmlns:fo="http://www.w3.org/1999/XSL/Format" xmlns:xlink="http://www.w3.org/1999/xlink" xmlns:number="http://openoffice.org/2000/datastyle" xmlns:svg="http://www.w3.org/2000/svg" xmlns:chart="http://openoffice.org/2000/chart" xmlns:dr3d="http://openoffice.org/2000/dr3d" xmlns:math="http://www.w3.org/1998/Math/MathML" xmlns:form="http://openoffice.org/2000/form" xmlns:script="http://openoffice.org/2000/script" office:class="text" office:version="1.0" xmlns:dc="http://purl.org/dc/elements/1.1/" xmlns:meta="http://openoffice.org/2000/meta" xmlns:help="http://openoffice.org/2000/help">
<office:meta>
  <dc:description>text/common/autopi/01020000</dc:description>
  <dc:subject>AutoPilot Fax</dc:subject>
  <meta:keywords>
   <meta:keyword>$Version</meta:keyword>
  </meta:keywords>
  <dc:language>sv-SE</dc:language>
  <meta:user-defined meta:name="Info 0">READY</meta:user-defined>
  <meta:user-defined meta:name="Info 1">FREE_OK</meta:user-defined>
  <meta:user-defined meta:name="Info 2"/>
  <meta:user-defined meta:name="Info 3"/>
</office:meta>
 <office:script/>
 <office:font-decls>
  <style:font-decl style:name="StarSymbol" fo:font-family="StarSymbol" style:font-charset="x-symbol"/>
  <style:font-decl style:name="Courier New" fo:font-family="&apos;Courier New&apos;" style:font-style-name="Standard" style:font-family-generic="modern" style:font-pitch="fixed"/>
  <style:font-decl style:name="Courier" fo:font-family="Courier" style:font-family-generic="roman" style:font-pitch="fixed"/>
  <style:font-decl style:name="Arial Unicode MS" fo:font-family="&apos;Arial Unicode MS&apos;" style:font-pitch="variable"/>
  <style:font-decl style:name="HG Mincho Light J" fo:font-family="&apos;HG Mincho Light J&apos;" style:font-pitch="variable"/>
  <style:font-decl style:name="Times New Roman3" fo:font-family="&apos;Times New Roman&apos;" style:font-pitch="variable"/>
  <style:font-decl style:name="Thorndale" fo:font-family="Thorndale" style:font-family-generic="roman" style:font-pitch="variable"/>
  <style:font-decl style:name="Times New Roman2" fo:font-family="&apos;Times New Roman&apos;" style:font-style-name="Fett" style:font-family-generic="roman" style:font-pitch="variable"/>
  <style:font-decl style:name="Times New Roman" fo:font-family="&apos;Times New Roman&apos;" style:font-style-name="Standard" style:font-family-generic="roman" style:font-pitch="variable"/>
  <style:font-decl style:name="Times New Roman1" fo:font-family="&apos;Times New Roman&apos;" style:font-family-generic="swiss" style:font-pitch="variable"/>
 </office:font-decls>
 <office:automatic-styles>
  <style:style style:name="Tabelle1" style:family="table">
   <style:properties style:width="18cm" table:align="margins"/>
  </style:style>
  <style:style style:name="Tabelle1.A" style:family="table-column">
   <style:properties style:column-width="1.499cm" style:rel-column-width="5460*"/>
  </style:style>
  <style:style style:name="Tabelle1.B" style:family="table-column">
   <style:properties style:column-width="16.501cm" style:rel-column-width="60074*"/>
  </style:style>
  <style:style style:name="Tabelle1.1" style:family="table-row">
   <style:properties style:min-row-height="0.848cm"/>
  </style:style>
  <style:style style:name="Tabelle1.A1" style:family="table-cell">
   <style:properties fo:padding="0cm" fo:border="none"/>
  </style:style>
  <style:style style:name="P1" style:family="paragraph" style:parent-style-name="Paragraph" style:master-page-name="HTML">
   <style:properties style:page-number="0"/>
  </style:style>
  <style:style style:name="T1" style:family="text">
   <style:properties fo:font-weight="bold"/>
  </style:style>
  <style:style style:name="fr1" style:family="graphics" style:parent-style-name="Graphics">
   <style:properties fo:margin-left="0cm" fo:margin-right="0cm" fo:margin-top="0cm" fo:margin-bottom="0cm" style:run-through="foreground" style:wrap="run-through" style:vertical-pos="top" style:vertical-rel="paragraph" style:horizontal-pos="left" style:horizontal-rel="paragraph" style:mirror="none" fo:clip="rect(0cm 0cm 0cm 0cm)" draw:luminance="0%" draw:contrast="0%" draw:red="0%" draw:green="0%" draw:blue="0%" draw:gamma="1" draw:color-inversion="false" draw:transparency="-100%" draw:color-mode="standard"/>
  </style:style>
 </office:automatic-styles>
 <office:body>
  <text:variable-decls>
   <text:variable-decl text:value-type="string" text:name="HTML_ON"/>
   <text:variable-decl text:value-type="string" text:name="HTML_OFF"/>
   <text:variable-decl text:value-type="string" text:name="TITEL"/>
   <text:variable-decl text:value-type="string" text:name="END"/>
   <text:variable-decl text:value-type="string" text:name="OS2"/>
   <text:variable-decl text:value-type="string" text:name="ELSE"/>
   <text:variable-decl text:value-type="string" text:name="MAC"/>
   <text:variable-decl text:value-type="string" text:name="HREF"/>
   <text:variable-decl text:value-type="string" text:name="NAME"/>
   <text:variable-decl text:value-type="string" text:name="HelpID"/>
   <text:variable-decl text:value-type="string" text:name="MODIFY"/>
   <text:variable-decl text:value-type="string" text:name="REFNR"/>
   <text:variable-decl text:value-type="string" text:name="AKTHLP"/>
   <text:variable-decl text:value-type="string" text:name="INDEX"/>
   <text:variable-decl text:value-type="string" text:name="STYLE"/>
  </text:variable-decls>
  <text:sequence-decls>
   <text:sequence-decl text:display-outline-level="0" text:name="Illustration"/>
   <text:sequence-decl text:display-outline-level="0" text:name="Table"/>
   <text:sequence-decl text:display-outline-level="0" text:name="Text"/>
   <text:sequence-decl text:display-outline-level="0" text:name="Drawing"/>
  </text:sequence-decls>
  <text:p text:style-name="P1"/>
  <text:p text:style-name="Head 1"><help:help-id value="SID_SW_FAX_WIZZARD"/><help:key-word value="AutoPilot; faxmeddelanden" tag="kw66140_1"/><help:key-word value="Faxmeddelanden; AutoPilot" tag="kw66140_2"/>AutoPilot Fax</text:p>
  <text:p text:style-name="Paragraph"><help:to-be-embedded Eid="fax"><help:help-text value="visible">Öppnar AutoPiloten för faxmeddelanden.</help:help-text> Med hjälp av AutoPiloten kan du skapa dokumentmallar för faxdokument. Du kan sedan skicka dem via modem (om det finns ett tillgängligt).</help:to-be-embedded></text:p>
  <help:popup Id="65611" Eid="autopilotfax"><help:embedded Id="65598" Eid="wie"></help:embedded></help:popup>
  <text:p text:style-name="Paragraph"><help:productname>%PRODUCTNAME</help:productname> har en mall för faxdokument som du kan anpassa efter din personliga smak med hjälp av AutoPiloten. AutoPiloten leder dig steg för steg genom de olika layoutelementen i dokumentmallen och ger dig möjlighet att välja mellan olika alternativ i varje steg. Den förminskade förhandsvisningen i dialogrutan ger dig ett intryck av vilken effekt de aktuella inställningarna har.</text:p>
  <text:p text:style-name="Paragraph">I dialogrutan kan du ändra posterna och alternativen när som helst. Du kan också hoppa över en hel sida eller resten av alla sidorna i AutoPiloten. Om du gör det används de aktuella inställningarna.</text:p>
  <help:embedded Id="66107" Eid="seite1"></help:embedded>
  <help:embedded Id="68597" Eid="seite2"></help:embedded>
  <help:embedded Id="66131" Eid="seite3"></help:embedded>
  <help:embedded Id="66132" Eid="seite4"></help:embedded>
  <help:embedded Id="66144" Eid="seite5"></help:embedded>
  <help:embedded Id="68598" Eid="seite6"></help:embedded>
  <help:embedded Id="68599" Eid="seite7"></help:embedded>
  <help:embedded Id="66146" Eid="seite8"></help:embedded>
  <text:p text:style-name="Head 2">&lt;&lt;Tillbaka</text:p>
  <text:p text:style-name="Paragraph">Klicka på knappen <text:span text:style-name="T1">Bakåt</text:span> om du vill visa inställningarna som valdes på den föregående sidan. De aktuella inställningarna tas inte bort eller ändras om du klickar på den här knappen.<text:span text:style-name="T1"> Bakåt</text:span> är tillgänglig fr.o.m. den andra sidan.</text:p>
  <text:p text:style-name="Head 2">Nästa&gt;&gt;</text:p>
  <text:p text:style-name="Paragraph">Autopiloten sparar de aktuella inställningarna och fortsätter till nästa sida. Knappen <text:span text:style-name="T1">Nästa</text:span> blir nedtonad när du kommer till sista sidan.</text:p>
  <text:p text:style-name="Head 2">Färdigställ</text:p>
  <text:p text:style-name="Paragraph">Utifrån dina val skapar AutoPiloten en dokumentmall och sparar den på hårddisken. Ett nytt dokument baserat på mallen visas i arbetsområdet. Dokumentet har filnamnet &quot;NamnlösX&quot;.</text:p>
  <help:embedded Id="65630" Eid="abbrechen"></help:embedded>
  <table:table table:name="Tabelle1" table:style-name="Tabelle1">
   <table:table-column table:style-name="Tabelle1.A"/>
   <table:table-column table:style-name="Tabelle1.B"/>
   <table:table-header-rows>
    <table:table-row table:style-name="Tabelle1.1">
     <table:table-cell table:style-name="Tabelle1.A1" table:value-type="string">
      <text:p text:style-name="Paragraph"><draw:image draw:name="Symbol0" svg:desc="Den här symbolen markerar text som innehåller ytterligare information." svg:pixelx="32" svg:pixely="32" svg:width="0.847cm" svg:height="0.847cm" xlink:href="65980" draw:filter-name=""/></text:p>

     </table:table-cell>
     <table:table-cell table:style-name="Tabelle1.A1" table:value-type="string">
      <text:p text:style-name="Paragraph"><help:productname>%PRODUCTNAME</help:productname> sparar de aktuella inställningarna i AutoPiloten för den använda malltypen och använder dem som förinställningar nästa gång AutoPiloten öppnas.</text:p>
     </table:table-cell>
    </table:table-row>
   </table:table-header-rows>
  </table:table>
 </office:body>
</office:document>
