

<office:document  xmlns:office="http://openoffice.org/2000/office" xmlns:style="http://openoffice.org/2000/style" xmlns:text="http://openoffice.org/2000/text" xmlns:table="http://openoffice.org/2000/table" xmlns:draw="http://openoffice.org/2000/drawing" xmlns:fo="http://www.w3.org/1999/XSL/Format" xmlns:xlink="http://www.w3.org/1999/xlink" xmlns:number="http://openoffice.org/2000/datastyle" xmlns:svg="http://www.w3.org/2000/svg" xmlns:chart="http://openoffice.org/2000/chart" xmlns:dr3d="http://openoffice.org/2000/dr3d" xmlns:math="http://www.w3.org/1998/Math/MathML" xmlns:form="http://openoffice.org/2000/form" xmlns:script="http://openoffice.org/2000/script" office:class="text" office:version="1.0" xmlns:dc="http://purl.org/dc/elements/1.1/" xmlns:meta="http://openoffice.org/2000/meta" xmlns:help="http://openoffice.org/2000/help">
<office:meta>
  <dc:description>text/common/02/01170102</dc:description>
  <dc:subject>Données</dc:subject>
  <meta:keywords>
   <meta:keyword>$Version</meta:keyword>
  </meta:keywords>
  <dc:language>fr-FR</dc:language>
  <meta:user-defined meta:name="Info 0">READY</meta:user-defined>
  <meta:user-defined meta:name="Info 1">FREE_OK</meta:user-defined>
  <meta:user-defined meta:name="Info 2"/>
  <meta:user-defined meta:name="Info 3"/>
</office:meta>
 <office:script/>
 <office:font-decls>
  <style:font-decl style:name="StarSymbol" fo:font-family="StarSymbol" style:font-charset="x-symbol"/>
  <style:font-decl style:name="Courier New" fo:font-family="&apos;Courier New&apos;" style:font-style-name="Standard" style:font-family-generic="modern" style:font-pitch="fixed"/>
  <style:font-decl style:name="Courier" fo:font-family="Courier" style:font-family-generic="roman" style:font-pitch="fixed"/>
  <style:font-decl style:name="Arial Unicode MS" fo:font-family="&apos;Arial Unicode MS&apos;" style:font-pitch="variable"/>
  <style:font-decl style:name="HG Mincho Light J" fo:font-family="&apos;HG Mincho Light J&apos;" style:font-pitch="variable"/>
  <style:font-decl style:name="Times New Roman3" fo:font-family="&apos;Times New Roman&apos;" style:font-pitch="variable"/>
  <style:font-decl style:name="Thorndale" fo:font-family="Thorndale" style:font-family-generic="roman" style:font-pitch="variable"/>
  <style:font-decl style:name="Times New Roman2" fo:font-family="&apos;Times New Roman&apos;" style:font-style-name="Fett" style:font-family-generic="roman" style:font-pitch="variable"/>
  <style:font-decl style:name="Times New Roman" fo:font-family="&apos;Times New Roman&apos;" style:font-style-name="Standard" style:font-family-generic="roman" style:font-pitch="variable"/>
  <style:font-decl style:name="Times New Roman1" fo:font-family="&apos;Times New Roman&apos;" style:font-family-generic="swiss" style:font-pitch="variable"/>
 </office:font-decls>
 <office:automatic-styles>
  <style:style style:name="Tabelle2" style:family="table">
   <style:properties style:width="18cm" table:align="margins"/>
  </style:style>
  <style:style style:name="Tabelle2.A" style:family="table-column">
   <style:properties style:column-width="1.499cm" style:rel-column-width="850*"/>
  </style:style>
  <style:style style:name="Tabelle2.B" style:family="table-column">
   <style:properties style:column-width="16.498cm" style:rel-column-width="9352*"/>
  </style:style>
  <style:style style:name="Tabelle2.1" style:family="table-row">
   <style:properties style:min-row-height="0.848cm"/>
  </style:style>
  <style:style style:name="Tabelle2.A1" style:family="table-cell">
   <style:properties fo:padding="0cm" fo:border="none"/>
  </style:style>
  <style:style style:name="Tabelle5" style:family="table">
   <style:properties style:width="18cm" table:align="margins"/>
  </style:style>
  <style:style style:name="Tabelle5.A" style:family="table-column">
   <style:properties style:column-width="1.499cm" style:rel-column-width="850*"/>
  </style:style>
  <style:style style:name="Tabelle5.B" style:family="table-column">
   <style:properties style:column-width="16.498cm" style:rel-column-width="9352*"/>
  </style:style>
  <style:style style:name="Tabelle5.1" style:family="table-row">
   <style:properties style:min-row-height="0.848cm"/>
  </style:style>
  <style:style style:name="Tabelle5.A1" style:family="table-cell">
   <style:properties fo:padding="0cm" fo:border="none"/>
  </style:style>
  <style:style style:name="Tabelle4" style:family="table">
   <style:properties style:width="17.995cm" fo:margin-left="0cm" fo:margin-right="0.005cm" table:align="margins"/>
  </style:style>
  <style:style style:name="Tabelle4.A" style:family="table-column">
   <style:properties style:column-width="5.151cm" style:rel-column-width="2920*"/>
  </style:style>
  <style:style style:name="Tabelle4.B" style:family="table-column">
   <style:properties style:column-width="12.843cm" style:rel-column-width="7280*"/>
  </style:style>
  <style:style style:name="Tabelle4.A1" style:family="table-cell">
   <style:properties fo:padding="0.049cm" fo:border-left="0.002cm solid #000000" fo:border-right="none" fo:border-top="0.002cm solid #000000" fo:border-bottom="0.002cm solid #000000"/>
  </style:style>
  <style:style style:name="Tabelle4.B1" style:family="table-cell">
   <style:properties fo:padding="0.049cm" fo:border="0.002cm solid #000000"/>
  </style:style>
  <style:style style:name="Tabelle4.A2" style:family="table-cell">
   <style:properties fo:vertical-align="top" fo:padding="0.049cm" fo:border-left="0.002cm solid #000000" fo:border-right="none" fo:border-top="none" fo:border-bottom="0.002cm solid #000000"/>
  </style:style>
  <style:style style:name="Tabelle4.B2" style:family="table-cell">
   <style:properties fo:padding="0.049cm" fo:border-left="0.002cm solid #000000" fo:border-right="0.002cm solid #000000" fo:border-top="none" fo:border-bottom="0.002cm solid #000000"/>
  </style:style>
  <style:style style:name="Tabelle3" style:family="table">
   <style:properties style:width="17.995cm" fo:margin-left="0cm" fo:margin-right="0.005cm" table:align="margins"/>
  </style:style>
  <style:style style:name="Tabelle3.A" style:family="table-column">
   <style:properties style:column-width="5.151cm" style:rel-column-width="2920*"/>
  </style:style>
  <style:style style:name="Tabelle3.B" style:family="table-column">
   <style:properties style:column-width="12.843cm" style:rel-column-width="7280*"/>
  </style:style>
  <style:style style:name="Tabelle3.A1" style:family="table-cell">
   <style:properties fo:padding="0.049cm" fo:border-left="0.002cm solid #000000" fo:border-right="none" fo:border-top="0.002cm solid #000000" fo:border-bottom="0.002cm solid #000000"/>
  </style:style>
  <style:style style:name="Tabelle3.B1" style:family="table-cell">
   <style:properties fo:padding="0.049cm" fo:border="0.002cm solid #000000"/>
  </style:style>
  <style:style style:name="Tabelle3.A2" style:family="table-cell">
   <style:properties fo:vertical-align="top" fo:padding="0.049cm" fo:border-left="0.002cm solid #000000" fo:border-right="none" fo:border-top="none" fo:border-bottom="0.002cm solid #000000"/>
  </style:style>
  <style:style style:name="Tabelle3.B2" style:family="table-cell">
   <style:properties fo:padding="0.049cm" fo:border-left="0.002cm solid #000000" fo:border-right="0.002cm solid #000000" fo:border-top="none" fo:border-bottom="0.002cm solid #000000"/>
  </style:style>
  <style:style style:name="Tabelle1" style:family="table">
   <style:properties style:width="18cm" table:align="margins"/>
  </style:style>
  <style:style style:name="Tabelle1.A" style:family="table-column">
   <style:properties style:column-width="4.5cm" style:rel-column-width="16383*"/>
  </style:style>
  <style:style style:name="Tabelle1.A1" style:family="table-cell">
   <style:properties fo:padding="0.049cm" fo:border-left="0.002cm solid #000000" fo:border-right="none" fo:border-top="0.002cm solid #000000" fo:border-bottom="0.002cm solid #000000"/>
  </style:style>
  <style:style style:name="Tabelle1.D1" style:family="table-cell">
   <style:properties fo:padding="0.049cm" fo:border="0.002cm solid #000000"/>
  </style:style>
  <style:style style:name="Tabelle1.A2" style:family="table-cell">
   <style:properties fo:padding="0.049cm" fo:border-left="0.002cm solid #000000" fo:border-right="none" fo:border-top="none" fo:border-bottom="0.002cm solid #000000"/>
  </style:style>
  <style:style style:name="Tabelle1.D2" style:family="table-cell">
   <style:properties fo:padding="0.049cm" fo:border-left="0.002cm solid #000000" fo:border-right="0.002cm solid #000000" fo:border-top="none" fo:border-bottom="0.002cm solid #000000"/>
  </style:style>
  <style:style style:name="P1" style:family="paragraph" style:parent-style-name="Paragraph" style:master-page-name="HTML">
   <style:properties style:page-number="0"/>
  </style:style>
  <style:style style:name="P2" style:family="paragraph" style:parent-style-name="Paragraph" style:list-style-name="L1"/>
  <style:style style:name="P3" style:family="paragraph" style:parent-style-name="Paragraph" style:list-style-name="L2"/>
  <style:style style:name="P4" style:family="paragraph" style:parent-style-name="Paragraph">
   <style:properties fo:font-weight="bold"/>
  </style:style>
  <style:style style:name="T1" style:family="text">
   <style:properties fo:font-weight="bold"/>
  </style:style>
  <style:style style:name="fr1" style:family="graphics" style:parent-style-name="Graphics">
   <style:properties fo:margin-left="0cm" fo:margin-right="0cm" fo:margin-top="0cm" fo:margin-bottom="0cm" style:run-through="foreground" style:wrap="run-through" style:vertical-pos="middle" style:vertical-rel="paragraph" style:horizontal-pos="left" style:horizontal-rel="paragraph" style:mirror="none" fo:clip="rect(0cm 0cm 0cm 0cm)" draw:luminance="0%" draw:contrast="0%" draw:red="0%" draw:green="0%" draw:blue="0%" draw:gamma="1" draw:color-inversion="false" draw:transparency="-100%" draw:color-mode="standard"/>
  </style:style>
  <text:list-style style:name="L1">
   <text:list-level-style-bullet text:level="1" text:style-name="Bullet Symbols" style:num-suffix="." text:bullet-char="•">
    <style:properties text:min-label-width="0.499cm" style:font-name="StarSymbol"/>
   </text:list-level-style-bullet>
   <text:list-level-style-bullet text:level="2" text:style-name="Bullet Symbols" style:num-suffix="." text:bullet-char="•">
    <style:properties text:space-before="0.499cm" text:min-label-width="0.499cm" style:font-name="StarSymbol"/>
   </text:list-level-style-bullet>
   <text:list-level-style-bullet text:level="3" text:style-name="Bullet Symbols" style:num-suffix="." text:bullet-char="•">
    <style:properties text:space-before="0.999cm" text:min-label-width="0.499cm" style:font-name="StarSymbol"/>
   </text:list-level-style-bullet>
   <text:list-level-style-bullet text:level="4" text:style-name="Bullet Symbols" style:num-suffix="." text:bullet-char="•">
    <style:properties text:space-before="1.498cm" text:min-label-width="0.499cm" style:font-name="StarSymbol"/>
   </text:list-level-style-bullet>
   <text:list-level-style-bullet text:level="5" text:style-name="Bullet Symbols" style:num-suffix="." text:bullet-char="•">
    <style:properties text:space-before="1.997cm" text:min-label-width="0.499cm" style:font-name="StarSymbol"/>
   </text:list-level-style-bullet>
   <text:list-level-style-number text:level="6" style:num-suffix="." style:num-format="1">
    <style:properties text:space-before="2.501cm" text:min-label-width="0.499cm"/>
   </text:list-level-style-number>
   <text:list-level-style-number text:level="7" style:num-suffix="." style:num-format="1">
    <style:properties text:space-before="3.001cm" text:min-label-width="0.499cm"/>
   </text:list-level-style-number>
   <text:list-level-style-number text:level="8" style:num-suffix="." style:num-format="1">
    <style:properties text:space-before="3.502cm" text:min-label-width="0.499cm"/>
   </text:list-level-style-number>
   <text:list-level-style-number text:level="9" style:num-suffix="." style:num-format="1">
    <style:properties text:space-before="4.001cm" text:min-label-width="0.499cm"/>
   </text:list-level-style-number>
   <text:list-level-style-number text:level="10" style:num-suffix="." style:num-format="1">
    <style:properties text:space-before="4.502cm" text:min-label-width="0.499cm"/>
   </text:list-level-style-number>
  </text:list-style>
  <text:list-style style:name="L2">
   <text:list-level-style-bullet text:level="1" text:style-name="Bullet Symbols" style:num-suffix="." text:bullet-char="•">
    <style:properties text:min-label-width="0.499cm" style:font-name="StarSymbol"/>
   </text:list-level-style-bullet>
   <text:list-level-style-bullet text:level="2" text:style-name="Bullet Symbols" style:num-suffix="." text:bullet-char="•">
    <style:properties text:space-before="0.499cm" text:min-label-width="0.499cm" style:font-name="StarSymbol"/>
   </text:list-level-style-bullet>
   <text:list-level-style-bullet text:level="3" text:style-name="Bullet Symbols" style:num-suffix="." text:bullet-char="•">
    <style:properties text:space-before="0.999cm" text:min-label-width="0.499cm" style:font-name="StarSymbol"/>
   </text:list-level-style-bullet>
   <text:list-level-style-bullet text:level="4" text:style-name="Bullet Symbols" style:num-suffix="." text:bullet-char="•">
    <style:properties text:space-before="1.498cm" text:min-label-width="0.499cm" style:font-name="StarSymbol"/>
   </text:list-level-style-bullet>
   <text:list-level-style-bullet text:level="5" text:style-name="Bullet Symbols" style:num-suffix="." text:bullet-char="•">
    <style:properties text:space-before="1.997cm" text:min-label-width="0.499cm" style:font-name="StarSymbol"/>
   </text:list-level-style-bullet>
   <text:list-level-style-number text:level="6" style:num-suffix="." style:num-format="1">
    <style:properties text:space-before="2.501cm" text:min-label-width="0.499cm"/>
   </text:list-level-style-number>
   <text:list-level-style-number text:level="7" style:num-suffix="." style:num-format="1">
    <style:properties text:space-before="3.001cm" text:min-label-width="0.499cm"/>
   </text:list-level-style-number>
   <text:list-level-style-number text:level="8" style:num-suffix="." style:num-format="1">
    <style:properties text:space-before="3.502cm" text:min-label-width="0.499cm"/>
   </text:list-level-style-number>
   <text:list-level-style-number text:level="9" style:num-suffix="." style:num-format="1">
    <style:properties text:space-before="4.001cm" text:min-label-width="0.499cm"/>
   </text:list-level-style-number>
   <text:list-level-style-number text:level="10" style:num-suffix="." style:num-format="1">
    <style:properties text:space-before="4.502cm" text:min-label-width="0.499cm"/>
   </text:list-level-style-number>
  </text:list-style>
 </office:automatic-styles>
 <office:body>
  <text:variable-decls>
   <text:variable-decl text:value-type="string" text:name="HTML_ON"/>
   <text:variable-decl text:value-type="string" text:name="HTML_OFF"/>
   <text:variable-decl text:value-type="string" text:name="TITEL"/>
   <text:variable-decl text:value-type="string" text:name="END"/>
   <text:variable-decl text:value-type="string" text:name="HelpID"/>
   <text:variable-decl text:value-type="string" text:name="NAME"/>
   <text:variable-decl text:value-type="string" text:name="HREF"/>
   <text:variable-decl text:value-type="string" text:name="MODIFY"/>
   <text:variable-decl text:value-type="string" text:name="REFNR"/>
   <text:variable-decl text:value-type="string" text:name="OS2"/>
   <text:variable-decl text:value-type="string" text:name="ELSE"/>
   <text:variable-decl text:value-type="string" text:name="AKTHLP"/>
   <text:variable-decl text:value-type="string" text:name="KEY"/>
   <text:variable-decl text:value-type="string" text:name="INDEX"/>
   <text:variable-decl text:value-type="string" text:name="STYLE"/>
  </text:variable-decls>
  <text:sequence-decls>
   <text:sequence-decl text:display-outline-level="0" text:name="Illustration"/>
   <text:sequence-decl text:display-outline-level="0" text:name="Table"/>
   <text:sequence-decl text:display-outline-level="0" text:name="Text"/>
   <text:sequence-decl text:display-outline-level="0" text:name="Drawing"/>
  </text:sequence-decls>
  <help:to-be-embedded Eid="daten">
  <text:p text:style-name="Head 1"><help:link Id="65983">Données</help:link></text:p>
  <text:p text:style-name="Paragraph">L&apos;onglet <text:span text:style-name="T1">Données</text:span> permet d&apos;assigner une source de données à l&apos;élément de contrôle sélectionné.</text:p>
  </help:to-be-embedded>
  <help:popup Id="65594" Eid="controleigenschaftendaten"><help:embedded Id="65598" Eid="wie"></help:embedded></help:popup>
  <table:table table:name="Tabelle2" table:style-name="Tabelle2">
   <table:table-column table:style-name="Tabelle2.A"/>
   <table:table-column table:style-name="Tabelle2.B"/>
   <table:table-header-rows>
    <table:table-row table:style-name="Tabelle2.1">
     <table:table-cell table:style-name="Tabelle2.A1" table:value-type="string">
      <text:p text:style-name="Paragraph"><draw:image draw:name="Icône0" svg:desc="Icône Remarque" svg:pixelx="32" svg:pixely="32" svg:width="0.847cm" svg:height="0.847cm" xlink:href="65980" draw:filter-name=""/></text:p>

     </table:table-cell>
     <table:table-cell table:style-name="Tabelle2.A1" table:value-type="string">
      <text:p text:style-name="Paragraph">Pour les formulaires avec connexion de base de données, la base de données correspondante est définie dans les <help:link Id="65960">propriétés de formulaire</help:link>. Vous trouverez les fonctions concernées sur l&apos;onglet <help:link Id="65955"><text:span text:style-name="T1">Données</text:span></help:link>.</text:p>
     </table:table-cell>
    </table:table-row>
   </table:table-header-rows>
  </table:table>
  <text:p text:style-name="Paragraph">Les paramètres disponibles dans l&apos;onglet <text:span text:style-name="T1">Données</text:span> d&apos;un élément de contrôle varient en fonction du type de contrôle. Seules les options disponibles pour l&apos;élément et le contexte actifs s&apos;affichent. Les champs suivants sont disponibles :</text:p>
  <text:p text:style-name="Head 2"><help:help-id value="HID_PROP_CONTROLSOURCE"/>Champ de données</text:p>
  <text:p text:style-name="Paragraph"><help:help-text value="hide">Indique le champ de la table de sources de données à laquelle renvoie l&apos;élément de contrôle.</help:help-text>Avec les formulaires de base de données, vous pouvez lier les champs de contrôle aux champs de données.</text:p>
  <text:p text:style-name="Paragraph">Plusieurs possibilités s&apos;offrent à vous :</text:p>
  <text:unordered-list text:style-name="L1">
   <text:list-item>
    <text:p text:style-name="P2">Premier cas : le formulaire ne comporte qu&apos;une seule table.</text:p>
    <text:p text:style-name="P2">Dans <text:span text:style-name="T1">Champ de données</text:span>, indiquez le champ de la table de sources de données dont vous souhaitez afficher le contenu.</text:p>
   </text:list-item>
   <text:list-item>
    <text:p text:style-name="P2">Deuxième cas : l&apos;élément de contrôle appartient à un sous-formulaire créé par une requête SQL.</text:p>
    <text:p text:style-name="P2">Dans <text:span text:style-name="T1">Champ de données</text:span>, indiquez le champ de l&apos;instruction SQL dont vous souhaitez afficher le contenu.</text:p>
   </text:list-item>
  </text:unordered-list>
  <text:unordered-list text:style-name="L2">
   <text:list-item>
    <text:p text:style-name="P3">Troisième cas : <help:link Id="65956" Eid="kombinationsfelder">zones combinées</help:link></text:p>
    <text:p text:style-name="P3">Pour les zones combinées, entrez, sous <text:span text:style-name="T1">Champ de données</text:span>, le champ de la table du formulaire actif, dans lequel seront stockées les valeurs saisies ou sélectionnées par l&apos;utilisateur. (Les valeurs à afficher dans la liste de la zone combinée sont spécifiées par une instruction SQL entrée sous <text:span text:style-name="T1">Contenu de liste</text:span>.)</text:p>
   </text:list-item>
   <text:list-item>
    <text:p text:style-name="P3">Quatrième cas : <help:link Id="65956" Eid="listenfelder">Zones de liste</help:link></text:p>
    <text:p text:style-name="P3">La table de sources de données ne contient pas les données à afficher, mais une table qui lui est liée est accessible par un champ de données commun.</text:p>
    <text:p text:style-name="P3">Si vous souhaitez qu&apos;une zone de liste affiche les données d&apos;une table liée à la table de sources de données active, indiquez dans <text:span text:style-name="T1">Champ de données</text:span> le champ de la table de sources de données auquel le contenu de la zone de liste renvoie. Vous pouvez aussi spécifier le champ de base de données contrôlant l&apos;affichage des données dans le formulaire. Ce champ de données fournit le lien vers l&apos;autre table si les deux tables peuvent être liées par un champ de données commun. Il s&apos;agit généralement d&apos;un champ de données dans lequel sont stockés des numéros d&apos;identification uniques. Le champ de données dont le contenu est affiché dans le formulaire est indiqué par une instruction SQL dans <text:span text:style-name="T1">Contenu de liste</text:span>.</text:p>
   </text:list-item>
  </text:unordered-list>
  <text:p text:style-name="Paragraph">Les zones de liste acceptent des références qui peuvent réalisées au moyen de tables liées par des instructions SQL (4e cas) ou de listes de valeurs :</text:p>
  <text:p text:style-name="Paragraph"><help:key-word value="Contrôle; Référence" tag="kw65983_1"/><text:span text:style-name="T1">Références via les tables liées (instructions SQL)</text:span></text:p>
  <text:p text:style-name="Paragraph">Si vous souhaitez qu&apos;une zone de liste affiche les données d&apos;une table de base de données qui est liée, par un champ de données commun, à la table sur laquelle le formulaire est basé, vous pouvez spécifier le champ de lien de la table du formulaire dans <text:span text:style-name="T1">Champ de données</text:span>.</text:p>
  <text:p text:style-name="Paragraph">Le lien est créé avec une instruction SQL Select qui, si vous avez sélectionné &quot;Sql&quot; ou &quot;Sql [Natif]&quot;, est spécifiée sous <text:span text:style-name="T1">Type du contenu de liste</text:span> dans le champ <text:span text:style-name="T1">Contenu de liste</text:span>. Par exemple, une table &quot;Commandes&quot; est liée au contrôle de formulaire actif et, dans la base de données, une table &quot;Clients&quot; est liée à la table &quot;Commandes&quot;. L&apos;instruction SQL peut être la suivante :</text:p>
  <text:p text:style-name="Paragraph">SELECT Nomclient, Noclient FROM Clients,</text:p>
  <text:p text:style-name="Paragraph">où &quot;NomClient&quot; est le champ de données de la table liée &quot;Clients&quot;, et &quot;NumClient&quot; le champ de la table &quot;Clients&quot; lié à un champ de la table du formulaire &quot;Commandes&quot; indiqué dans <text:span text:style-name="T1">Champ de données</text:span>.</text:p>
  <text:p text:style-name="Paragraph"><a name="referenzenwerteliste"/><text:span text:style-name="T1">Références via les listes de valeurs</text:span></text:p>
  <text:p text:style-name="Paragraph">Vous pouvez utiliser des listes de valeurs dans les zones de liste. Ces listes définissent les valeurs de référence. Autrement dit, le champ de contrôle n&apos;affiche pas directement le contenu d&apos;un champ de base de données dans le formulaire, mais la liste des valeurs associées.</text:p>
  <text:p text:style-name="Paragraph">Si vous utilisez des valeurs référentielles provenant d&apos;une liste de valeurs, le contenu du champ de données spécifié sous <text:span text:style-name="T1">Champ de données</text:span> dans le formulaire n&apos;est pas visible. Ce sont les valeurs assignées qui s&apos;affichent à la place. Si vous choisissez &quot;Liste de valeurs&quot; dans le champ <text:span text:style-name="T1">Type du contenu de liste</text:span> de l&apos;onglet <text:span text:style-name="T1">Données</text:span>, et assignez une valeur référentielle à la liste des entrées visibles du formulaire sous <text:span text:style-name="T1">Entrées de liste</text:span> (saisie dans l&apos;onglet <help:link Id="65921" Eid="listeneintraege"><text:span text:style-name="T1">Général</text:span></help:link>), les valeurs référentielles sont comparées au contenu du champ de données spécifié. Si une valeur référentielle correspond au contenu d&apos;un champ de données, les entrées de liste associées s&apos;affichent dans le formulaire.</text:p>
  <text:p text:style-name="Head 2"><help:help-id value="HID_PROP_BOUNDCOLUMN"/><help:key-word value="Champ lié" tag="kw65983_3"/><help:key-word value="Contrôle; Champ lié" tag="kw65983_2"/>Champ lié</text:p>
  <text:p text:style-name="Paragraph"><help:help-text value="hide">À l&apos;aide d&apos;un index, indiquez le champ ou la requête SQL de la table devant être lié(e) au champ (défini(e) dans <text:span text:style-name="T1">Champ de données</text:span>). Les valeurs possibles sont 0, 1, 2, 3, etc.</help:help-text></text:p>
  <text:p text:style-name="Paragraph">Cette propriété spécifique aux zones de liste détermine quel champ de données d&apos;une table liée est affichée dans le formulaire.</text:p>
  <text:p text:style-name="Paragraph">Si une zone de liste du formulaire doit afficher le contenu d&apos;une table liée à la table de formulaire, précisez dans la zone <text:span text:style-name="T1">Type du contenu de la liste</text:span> si l&apos;affichage est déterminé par une instruction SQL ou si un accès à la table (liée) s&apos;impose. La propriété <text:span text:style-name="T1">Champ lié</text:span> permet, via un index, d&apos;indiquer à quel champ de données de la requête ou de la table est liée la zone de liste. Les valeurs possibles sont 0, 1, 2, 3, etc.</text:p>
  <table:table table:name="Tabelle5" table:style-name="Tabelle5">
   <table:table-column table:style-name="Tabelle5.A"/>
   <table:table-column table:style-name="Tabelle5.B"/>
   <table:table-header-rows>
    <table:table-row table:style-name="Tabelle5.1">
     <table:table-cell table:style-name="Tabelle5.A1" table:value-type="string">
      <text:p text:style-name="Paragraph"><draw:image draw:name="Icône1" svg:desc="Icône Remarque" svg:pixelx="32" svg:pixely="32" svg:width="0.847cm" svg:height="0.847cm" xlink:href="65980" draw:filter-name=""/></text:p>

     </table:table-cell>
     <table:table-cell table:style-name="Tabelle5.A1" table:value-type="string">
      <text:p text:style-name="Paragraph">La propriété <text:span text:style-name="T1">Champ lié</text:span> ne s&apos;applique qu&apos;aux formulaires utilisés pour accéder à plusieurs tables. Si le formulaire est basé sur une seule table, le champ devant s&apos;afficher dans le formulaire est spécifié directement dans <text:span text:style-name="T1">Champ de données</text:span>. Cependant, si vous souhaitez que la zone de liste affiche les données à partir d&apos;une table liée à la table active au moyen d&apos;un champ de données commun, vous devez définir ce champ à l&apos;aide de la propriété <text:span text:style-name="T1">Champ lié</text:span>.</text:p>
     </table:table-cell>
    </table:table-row>
   </table:table-header-rows>
  </table:table>
  <text:p text:style-name="Paragraph">Si vous avez sélectionné &quot;Sql&quot; dans <text:span text:style-name="T1">Type du contenu de liste</text:span>, la commande SQL détermine l&apos;index à spécifier. Exemple : si vous spécifiez une instruction SQL telle que &quot;SELECT Champ1, Champ2 FROM nom_de_table&quot; dans <text:span text:style-name="T1">Contenu de liste</text:span>, référez-vous au tableau suivant :</text:p>
  <table:table table:name="Tabelle4" table:style-name="Tabelle4">
   <table:table-column table:style-name="Tabelle4.A"/>
   <table:table-column table:style-name="Tabelle4.B"/>
   <table:table-header-rows>
    <table:table-row>
     <table:table-cell table:style-name="Tabelle4.A1" table:value-type="string">
      <text:p text:style-name="Paragraph">Champ lié</text:p>
     </table:table-cell>
     <table:table-cell table:style-name="Tabelle4.B1" table:value-type="string">
      <text:p text:style-name="Paragraph">Lien</text:p>
     </table:table-cell>
    </table:table-row>
   </table:table-header-rows>
   <table:table-row>
    <table:table-cell table:style-name="Tabelle4.A2" table:value-type="string">
     <text:p text:style-name="Paragraph">0</text:p>
    </table:table-cell>
    <table:table-cell table:style-name="Tabelle4.B2" table:value-type="string">
     <text:p text:style-name="Paragraph">Le champ de base de données &quot;Champ1&quot; est lié au champ entré sous <text:span text:style-name="T1">Champ de données</text:span>.</text:p>
    </table:table-cell>
   </table:table-row>
   <table:table-row>
    <table:table-cell table:style-name="Tabelle4.A2" table:value-type="string">
     <text:p text:style-name="Paragraph">1</text:p>
    </table:table-cell>
    <table:table-cell table:style-name="Tabelle4.B2" table:value-type="string">
     <text:p text:style-name="Paragraph">Le champ de base de données &quot;Champ2&quot; est lié au champ entré sous <text:span text:style-name="T1">Champ de données</text:span>.</text:p>
    </table:table-cell>
   </table:table-row>
  </table:table>
  <text:p text:style-name="Paragraph">Si vous avez sélectionné &quot;Table&quot; dans <text:span text:style-name="T1">Type du contenu de liste</text:span>, la structure de la table définit l&apos;index à spécifier. Exemple : si une table de base de données est sélectionnée dans <text:span text:style-name="T1">Contenu de liste</text:span>, référez-vous au tableau suivant :</text:p>
  <table:table table:name="Tabelle3" table:style-name="Tabelle3">
   <table:table-column table:style-name="Tabelle3.A"/>
   <table:table-column table:style-name="Tabelle3.B"/>
   <table:table-header-rows>
    <table:table-row>
     <table:table-cell table:style-name="Tabelle3.A1" table:value-type="string">
      <text:p text:style-name="Paragraph">Champ lié</text:p>
     </table:table-cell>
     <table:table-cell table:style-name="Tabelle3.B1" table:value-type="string">
      <text:p text:style-name="Paragraph">Lien</text:p>
     </table:table-cell>
    </table:table-row>
   </table:table-header-rows>
   <table:table-row>
    <table:table-cell table:style-name="Tabelle3.A2" table:value-type="string">
     <text:p text:style-name="Paragraph">0</text:p>
    </table:table-cell>
    <table:table-cell table:style-name="Tabelle3.B2" table:value-type="string">
     <text:p text:style-name="Paragraph">La colonne 1 de la table est liée au champ entré sous <text:span text:style-name="T1">Champ de données</text:span>.</text:p>
    </table:table-cell>
   </table:table-row>
   <table:table-row>
    <table:table-cell table:style-name="Tabelle3.A2" table:value-type="string">
     <text:p text:style-name="Paragraph">1</text:p>
    </table:table-cell>
    <table:table-cell table:style-name="Tabelle3.B2" table:value-type="string">
     <text:p text:style-name="Paragraph">La colonne 2 de la table est liée au champ entré sous <text:span text:style-name="T1">Champ de données</text:span>.</text:p>
    </table:table-cell>
   </table:table-row>
   <table:table-row>
    <table:table-cell table:style-name="Tabelle3.A2" table:value-type="string">
     <text:p text:style-name="Paragraph">2</text:p>
    </table:table-cell>
    <table:table-cell table:style-name="Tabelle3.B2" table:value-type="string">
     <text:p text:style-name="Paragraph">La colonne 3 de la table est liée au champ entré sous <text:span text:style-name="T1">Champ de données</text:span>.</text:p>
    </table:table-cell>
   </table:table-row>
  </table:table>
  <text:p text:style-name="Head 2"><help:help-id value="HID_PROP_LISTSOURCETYPE"/>Type du contenu de liste</text:p>
  <text:p text:style-name="Paragraph"><help:help-text value="hide">Détermine les données devant s&apos;afficher dans les zones de liste et dans les zones combinées.</help:help-text>Détermine les données devant s&apos;afficher dans les zones de liste et dans les zones combinées.</text:p>
  <text:p text:style-name="Paragraph">Avec l&apos;option &quot;Liste de valeurs&quot;, toutes les entrées saisies dans le champ <text:span text:style-name="T1">Entrées de liste</text:span> de l&apos;onglet <help:link Id="65921"><text:span text:style-name="T1">Général</text:span></help:link> s&apos;affichent dans l&apos;élément de contrôle. Pour les formulaires de base de données, vous pouvez utiliser des valeurs référentielles (voir la section <help:link Id="65983" Eid="referenzenwerteliste"> <text:span text:style-name="T1">Références via les listes de valeurs</text:span></help:link>).</text:p>
  <text:p text:style-name="Paragraph">Si le contenu de l&apos;élément de contrôle est lu à partir d&apos;une base de données, vous pouvez déterminer le type de source de données à l&apos;aide des autres options. Vous pouvez par exemple choisir entre des tables et des requêtes.</text:p>
  <text:p text:style-name="Head 2"><help:help-id value="HID_PROP_LISTSOURCE"/>Contenu de liste</text:p>
  <text:p text:style-name="Paragraph"><help:help-text value="visible">Dans des formulaires de base de données, indique la source de données du contenu de la liste de l&apos;élément du formulaire. Ce champ peut être utilisé pour définir une liste de valeurs pour des documents non liés à une base de données.</help:help-text></text:p>
  <text:p text:style-name="Paragraph">Dans le cas de formulaires de base de données, la source de données détermine les entrées de la zone de liste ou de la zone combinée. En fonction du type sélectionné, vous pouvez choisir entre différentes sources de données dans <text:span text:style-name="T1">Contenu de liste</text:span>, à condition que ces objets existent dans votre base de données. Tous les objets de base de données disponibles correspondant au type sélectionné dans <text:span text:style-name="T1">Type du contenu de liste </text:span>y sont proposés. Si vous avez sélectionné le type &quot;Liste de valeurs&quot;, vous pouvez utiliser des références pour les formulaires de base de données. Si l&apos;affichage de l&apos;élément de contrôle est commandé par une instruction SQL, celle-ci est saisie à cet endroit.</text:p>
  <text:p text:style-name="Paragraph">Exemples utilisant des instructions SQL :</text:p>
  <text:p text:style-name="Paragraph">Dans le cas de zones de listes, une instruction SQL peut avoir la forme suivante :</text:p>
  <text:p text:style-name="Paragraph">SELECT champ1, champ2 FROM table,</text:p>
  <text:p text:style-name="Paragraph">où &quot;table&quot; est la table dont les données doivent apparaître dans la liste du champ de contrôle (table de liste). &quot;champ1&quot; est le champ de données qui détermine les entrées qui seront visibles dans le formulaire, c&apos;est-à-dire dont le contenu apparaîtra dans la zone de liste. &quot;champ2&quot; est le champ de la table de liste qui est lié à la table de formulaire (table de valeurs) via le champ entré sous <text:span text:style-name="T1">Champ de données</text:span> lorsque la valeur 1 est sélectionnée dans la zone <text:span text:style-name="T1">Champ lié</text:span>.</text:p>
  <text:p text:style-name="Paragraph">Dans le cas de zones combinées, une instruction SQL peut avoir la forme suivante :</text:p>
  <text:p text:style-name="Paragraph">SELECT DISTINCT champ FROM table,</text:p>
  <text:p text:style-name="Paragraph">Ici, &quot;champ&quot; désigne le champ de données de la table de liste &quot;table&quot; dont le contenu est affiché dans la liste de la zone combinée.</text:p>
  <text:p text:style-name="P4">Listes de valeurs pour documents HTML</text:p>
  <text:p text:style-name="Paragraph">Pour les formulaires HTML, vous pouvez saisir une liste de valeurs dans <text:span text:style-name="T1">Contenu de liste</text:span>. Sélectionnez l&apos;option &quot;Liste de valeurs&quot; dans <text:span text:style-name="T1">Type du contenu de liste</text:span>. Les valeurs saisies à cet endroit ne sont pas visibles dans le formulaire et servent à assigner des valeurs aux entrées visibles. Les entrées saisies dans <text:span text:style-name="T1">Contenu de liste</text:span> correspondent à la balise HTML &lt;OPTION VALUE=...&gt;.</text:p>
  <text:p text:style-name="Paragraph">Lors du transfert des données d&apos;une entrée sélectionnée dans une zone de liste ou dans une zone combinée, la liste de valeurs affichée dans le formulaire, saisie sous <text:span text:style-name="T1">Entrées de liste</text:span> dans l&apos;onglet <help:link Id="65921"><text:span text:style-name="T1">Général</text:span></help:link>, ainsi que la liste de valeurs saisie sous <text:span text:style-name="T1">Contenu de liste</text:span> dans l&apos;onglet <text:span text:style-name="T1">Données</text:span>, sont prises en compte : si un texte (non vide) se trouve à la position sélectionnée dans la liste de valeurs (&lt;OPTION VALUE=...&gt;), il est envoyé. Sinon, c&apos;est le texte affiché dans le contrôle (&lt;OPTION&gt;) qui est envoyé.</text:p>
  <text:p text:style-name="Paragraph">Si la liste de valeurs doit contenir un espace vide, saisissez la valeur &quot;$$$empty$$$&quot; sous <text:span text:style-name="T1">Contenu de liste</text:span> à la position correspondante (en respectant la casse). <help:productname>%PRODUCTNAME</help:productname> interprète cette entrée comme un espace vide et l&apos;assigne à l&apos;entrée de liste correspondante.</text:p>
  <text:p text:style-name="Paragraph">Le tableau suivant montre les relations entre HTML, JavaScript et le champ <help:productname>%PRODUCTNAME</help:productname><text:span text:style-name="T1">Contenu de liste</text:span> en prenant pour exemple une zone de liste nommée &quot;ListBox1&quot;. Dans cette description, le terme &quot;item&quot; représente une entrée de liste visible dans le formulaire :</text:p>
  <table:table table:name="Tabelle1" table:style-name="Tabelle1">
   <table:table-column table:style-name="Tabelle1.A" table:number-columns-repeated="4"/>
   <table:table-header-rows>
    <table:table-row>
     <table:table-cell table:style-name="Tabelle1.A1" table:value-type="string">
      <text:p text:style-name="P4">Balise HTML</text:p>
     </table:table-cell>
     <table:table-cell table:style-name="Tabelle1.A1" table:value-type="string">
      <text:p text:style-name="P4">JavaScript</text:p>
     </table:table-cell>
     <table:table-cell table:style-name="Tabelle1.A1" table:value-type="string">
      <text:p text:style-name="P4">Entrée dans la liste de valeurs du contrôle (contenu de liste)</text:p>
     </table:table-cell>
     <table:table-cell table:style-name="Tabelle1.D1" table:value-type="string">
      <text:p text:style-name="P4">Élément transmis...</text:p>
     </table:table-cell>
    </table:table-row>
   </table:table-header-rows>
   <table:table-row>
    <table:table-cell table:style-name="Tabelle1.A2" table:value-type="string">
     <text:p text:style-name="Paragraph">&lt;OPTION&gt;Item</text:p>
    </table:table-cell>
    <table:table-cell table:style-name="Tabelle1.A2" table:value-type="string">
     <text:p text:style-name="Paragraph">Impossible</text:p>
    </table:table-cell>
    <table:table-cell table:style-name="Tabelle1.A2" table:value-type="string">
     <text:p text:style-name="Paragraph">&quot;&quot;</text:p>
    </table:table-cell>
    <table:table-cell table:style-name="Tabelle1.D2" table:value-type="string">
     <text:p text:style-name="Paragraph">...l&apos;entrée de liste visible (&quot;ListBox1=Item&quot;).</text:p>
    </table:table-cell>
   </table:table-row>
   <table:table-row>
    <table:table-cell table:style-name="Tabelle1.A2" table:value-type="string">
     <text:p text:style-name="Paragraph">&lt;OPTION VALUE=&quot;Valeur&quot;&gt;Item</text:p>
    </table:table-cell>
    <table:table-cell table:style-name="Tabelle1.A2" table:value-type="string">
     <text:p text:style-name="Paragraph">ListBox1.options[0].value=&quot;Valeur&quot;</text:p>
    </table:table-cell>
    <table:table-cell table:style-name="Tabelle1.A2" table:value-type="string">
     <text:p text:style-name="Paragraph">&quot;Valeur&quot;</text:p>
    </table:table-cell>
    <table:table-cell table:style-name="Tabelle1.D2" table:value-type="string">
     <text:p text:style-name="Paragraph">...la valeur associée à l&apos;entrée de liste (&quot;ListBox1=Valeur&quot;).</text:p>
    </table:table-cell>
   </table:table-row>
   <table:table-row>
    <table:table-cell table:style-name="Tabelle1.A2" table:value-type="string">
     <text:p text:style-name="Paragraph">&lt;OPTION VALUE=&quot;&quot;&gt;Item</text:p>
    </table:table-cell>
    <table:table-cell table:style-name="Tabelle1.A2" table:value-type="string">
     <text:p text:style-name="Paragraph">ListBox1.options[0].value=&quot;&quot;</text:p>
    </table:table-cell>
    <table:table-cell table:style-name="Tabelle1.A2" table:value-type="string">
     <text:p text:style-name="Paragraph">&quot;$$$empty$$$&quot;</text:p>
    </table:table-cell>
    <table:table-cell table:style-name="Tabelle1.D2" table:value-type="string">
     <text:p text:style-name="Paragraph">...une chaîne vide (&quot;ListBox1=&quot;).</text:p>
    </table:table-cell>
   </table:table-row>
  </table:table>
  <text:p text:style-name="Head 2"><help:help-id value="HID_PROP_EMPTY_IS_NULL"/>Espace vide égale NULL</text:p>
  <text:p text:style-name="Paragraph"><help:help-text value="visible">Définit la manière de traiter la saisie d&apos;une chaîne vide.</help:help-text> Si la propriété est définie (Oui), une chaîne de caractères comportant un ou plusieurs espaces est interprétée comme une valeur NULL et stockée dans la base de données. Si cette propriété n&apos;est pas définie (Non), la chaîne de caractères est traitée comme une valeur vide.</text:p>
  <text:p text:style-name="Head 2"><help:help-id value="HID_PROP_FILTERPROPOSAL"/>Proposition de filtre</text:p>
  <text:p text:style-name="Paragraph"><help:to-be-embedded Eid="filtervorschlag"><help:help-text value="visible">Lors de la conception de votre formulaire, vous pouvez définir la propriété &quot;Proposition de filtre&quot; pour chaque zone de texte de l&apos;onglet <text:span text:style-name="T1">Données</text:span> de la boîte de dialogue <text:span text:style-name="T1">Propriétés</text:span> correspondante. Dans les recherches suivantes en mode Filtre, vous pouvez choisir parmi toutes les informations figurant dans ces champs.</help:help-text> Le contenu du champ peut ensuite être sélectionné à l&apos;aide de la fonction AutoSaisie. Notez cependant que cette fonction consomme davantage d&apos;espace mémoire et de temps, surtout lorsqu&apos;elle est utilisée dans de grandes bases de données. Il est donc conseillé de l&apos;employer modérément.</help:to-be-embedded></text:p>
  <a name="ende"/>
 </office:body>
</office:document>
