

<office:document  xmlns:office="http://openoffice.org/2000/office" xmlns:style="http://openoffice.org/2000/style" xmlns:text="http://openoffice.org/2000/text" xmlns:table="http://openoffice.org/2000/table" xmlns:draw="http://openoffice.org/2000/drawing" xmlns:fo="http://www.w3.org/1999/XSL/Format" xmlns:xlink="http://www.w3.org/1999/xlink" xmlns:number="http://openoffice.org/2000/datastyle" xmlns:svg="http://www.w3.org/2000/svg" xmlns:chart="http://openoffice.org/2000/chart" xmlns:dr3d="http://openoffice.org/2000/dr3d" xmlns:math="http://www.w3.org/1998/Math/MathML" xmlns:form="http://openoffice.org/2000/form" xmlns:script="http://openoffice.org/2000/script" office:class="text" office:version="1.0" xmlns:dc="http://purl.org/dc/elements/1.1/" xmlns:meta="http://openoffice.org/2000/meta" xmlns:help="http://openoffice.org/2000/help">
<office:meta>
  <dc:description>text/common/02/09070100</dc:description>
  <dc:subject>Internet</dc:subject>

  <dc:language>fr-FR</dc:language>
  <meta:user-defined meta:name="Info 0">READY</meta:user-defined>
  <meta:user-defined meta:name="Info 1">FREE_OK</meta:user-defined>
  <meta:user-defined meta:name="Info 2"/>
  <meta:user-defined meta:name="Info 3"/>
</office:meta>
 <office:script/>
 <office:font-decls>
  <style:font-decl style:name="StarSymbol" fo:font-family="StarSymbol" style:font-charset="x-symbol"/>
  <style:font-decl style:name="Courier New" fo:font-family="&apos;Courier New&apos;" style:font-style-name="Standard" style:font-family-generic="modern" style:font-pitch="fixed"/>
  <style:font-decl style:name="Courier" fo:font-family="Courier" style:font-family-generic="roman" style:font-pitch="fixed"/>
  <style:font-decl style:name="Arial Unicode MS" fo:font-family="&apos;Arial Unicode MS&apos;" style:font-pitch="variable"/>
  <style:font-decl style:name="HG Mincho Light J" fo:font-family="&apos;HG Mincho Light J&apos;" style:font-pitch="variable"/>
  <style:font-decl style:name="Times New Roman3" fo:font-family="&apos;Times New Roman&apos;" style:font-pitch="variable"/>
  <style:font-decl style:name="Thorndale" fo:font-family="Thorndale" style:font-family-generic="roman" style:font-pitch="variable"/>
  <style:font-decl style:name="Times New Roman2" fo:font-family="&apos;Times New Roman&apos;" style:font-style-name="Fett" style:font-family-generic="roman" style:font-pitch="variable"/>
  <style:font-decl style:name="Times New Roman" fo:font-family="&apos;Times New Roman&apos;" style:font-style-name="Standard" style:font-family-generic="roman" style:font-pitch="variable"/>
  <style:font-decl style:name="Times New Roman1" fo:font-family="&apos;Times New Roman&apos;" style:font-family-generic="swiss" style:font-pitch="variable"/>
 </office:font-decls>
 <office:automatic-styles>
  <style:style style:name="P1" style:family="paragraph" style:parent-style-name="Paragraph" style:master-page-name="HTML">
   <style:properties style:page-number="0"/>
  </style:style>
  <style:style style:name="T1" style:family="text">
   <style:properties fo:font-weight="bold"/>
  </style:style>
 </office:automatic-styles>
 <office:body>
  <text:variable-decls>
   <text:variable-decl text:value-type="string" text:name="HTML_ON"/>
   <text:variable-decl text:value-type="string" text:name="HTML_OFF"/>
   <text:variable-decl text:value-type="string" text:name="TITEL"/>
   <text:variable-decl text:value-type="string" text:name="END"/>
   <text:variable-decl text:value-type="string" text:name="HREF"/>
   <text:variable-decl text:value-type="string" text:name="NAME"/>
   <text:variable-decl text:value-type="string" text:name="MODIFY"/>
   <text:variable-decl text:value-type="string" text:name="REFNR"/>
   <text:variable-decl text:value-type="string" text:name="HelpID"/>
   <text:variable-decl text:value-type="string" text:name="AKTHLP"/>
   <text:variable-decl text:value-type="string" text:name="HFELD"/>
   <text:variable-decl text:value-type="string" text:name="ELSE"/>
   <text:variable-decl text:value-type="string" text:name="STYLE"/>
  </text:variable-decls>
  <text:sequence-decls>
   <text:sequence-decl text:display-outline-level="0" text:name="Illustration"/>
   <text:sequence-decl text:display-outline-level="0" text:name="Table"/>
   <text:sequence-decl text:display-outline-level="0" text:name="Text"/>
   <text:sequence-decl text:display-outline-level="0" text:name="Drawing"/>
  </text:sequence-decls>
  <help:to-be-embedded Eid="internet">
  <text:p text:style-name="Head 1"><help:help-id value="HID_HYPERLINK_INTERNET"/><help:link Id="66027">Internet</help:link></text:p>
  <text:p text:style-name="Paragraph">Utilisez la page <text:span text:style-name="T1">Internet</text:span> de la boîte de dialogue <help:link Id="65963">Hyperlien</help:link> pour éditer des hyperliens vers des adresses WWW ou FTP.</text:p>
  </help:to-be-embedded>
  <help:popup Id="65612" Eid="hypdiainternet"><help:embedded Id="65598" Eid="wie"></help:embedded></help:popup>
  <text:p text:style-name="Paragraph">Les champs relatifs au login, au mot de passe et à l&apos;utilisateur Anonymous ne sont disponibles que pour les adresses FTP.</text:p>
  <text:p text:style-name="Head 2">Type d&apos;hyperlien</text:p>
  <text:p text:style-name="Head 3"><help:help-id value="SVX_RADIOBUTTON_RID_SVXPAGE_HYPERLINK_INTERNET_RB_LINKTYP_INTERNET"/>Internet</text:p>
  <text:p text:style-name="Paragraph"><help:help-text value="visible">Crée un hyperlien HTTP.</help:help-text></text:p>
  <text:p text:style-name="Head 3"><help:help-id value="SVX_RADIOBUTTON_RID_SVXPAGE_HYPERLINK_INTERNET_RB_LINKTYP_FTP"/>FTP</text:p>
  <text:p text:style-name="Paragraph"><help:help-text value="visible">Crée un hyperlien FTP.</help:help-text></text:p>
  <text:p text:style-name="Head 3"><help:help-id value="SVX_RADIOBUTTON_RID_SVXPAGE_HYPERLINK_INTERNET_RB_LINKTYP_TELNET"/>Telnet</text:p>
  <text:p text:style-name="Paragraph"><help:help-text value="visible">Crée un hyperlien Telnet.</help:help-text></text:p>
  <text:p text:style-name="Head 3"><help:help-id value="HID_HYPERDLG_INET_PATH"/>Cible</text:p>
  <help:embedded Id="65804" Eid="texturl"></help:embedded>
  <text:p text:style-name="Head 3"><help:help-id value="SVX_IMAGEBUTTON_RID_SVXPAGE_HYPERLINK_INTERNET_BTN_BROWSE"/>Browser WWW</text:p>
  <text:p text:style-name="Paragraph"><help:help-text value="visible">Ouvre un navigateur Web dans lequel vous pouvez charger l&apos;URL souhaitée.</help:help-text> Vous pouvez ensuite copier et coller l&apos;URL dans le champ <text:span text:style-name="T1">Cible</text:span>.</text:p>
  <text:p text:style-name="Head 3"><help:help-id value="SVX_IMAGEBUTTON_RID_SVXPAGE_HYPERLINK_INTERNET_BTN_TARGET"/>Cible à l&apos;intérieur du document</text:p>
  <text:p text:style-name="Paragraph"><help:help-text value="visible">Ouvre la boîte de dialogue<text:span text:style-name="T1">Cible à l&apos;intérieur du document</text:span>.</help:help-text> Vous pouvez sélectionner la cible dans un document et l&apos;ajouter à l&apos;URL cible à l&apos;aide du bouton <text:span text:style-name="T1">Appliquer</text:span>.</text:p>
  <help:help-id value="HID_HYPERLINK_MARKWND_TREE"/>
  <text:p text:style-name="Paragraph"><help:help-text value="hide">Spécifie la position dans le document cible à laquelle vous souhaitez passer.</help:help-text></text:p>
  <help:help-id value="HID_HYPERLINK_MARKWND_APPLY"/>
  <text:p text:style-name="Paragraph"><help:help-text value="hide">Cliquez pour insérer la cible dans le champ <text:span text:style-name="T1">Cible</text:span> de la boîte de dialogue Hyperlien.</help:help-text></text:p>
  <help:help-id value="HID_HYPERLINK_MARKWND_CLOSE"/>
  <text:p text:style-name="Paragraph"><help:help-text value="hide">Une fois que l&apos;hyperlien a été saisi complètement, cliquez sur <text:span text:style-name="T1">Fermer</text:span> pour définir le lien et quitter la boîte de dialogue.</help:help-text></text:p>
  <text:p text:style-name="Head 3"><help:help-id value="SVX_EDIT_RID_SVXPAGE_HYPERLINK_INTERNET_ED_LOGIN"/>Login</text:p>
  <text:p text:style-name="Paragraph"><help:help-text value="visible">Spécifie votre login si vous utilisez des adresses FTP.</help:help-text></text:p>
  <text:p text:style-name="Head 3"><help:help-id value="SVX_EDIT_RID_SVXPAGE_HYPERLINK_INTERNET_ED_PASSWD"/>Mot de passe</text:p>
  <text:p text:style-name="Paragraph"><help:help-text value="visible">Spécifiez votre mot de passe si vous utilisez des adresses FTP.</help:help-text></text:p>
  <text:p text:style-name="Head 3"><help:help-id value="SVX_CHECKBOX_RID_SVXPAGE_HYPERLINK_INTERNET_CBX_ANONYMOUS"/>Utilisateur Anonymous</text:p>
  <text:p text:style-name="Paragraph"><help:help-text value="visible">Permet de se connecter à l&apos;adresse FTP en tant qu&apos;utilisateur Anonymous.</help:help-text></text:p>
  <help:to-be-embedded Eid="weitere">
  <text:p text:style-name="Head 2">Autres paramètres</text:p>
  <text:p text:style-name="Head 3"><help:help-id value="SVX_COMBOBOX_RID_SVXPAGE_HYPERLINK_INTERNET_CB_FRAME"/><help:help-id value="SVX_COMBOBOX_RID_SVXPAGE_HYPERLINK_MAIL_CB_FRAME"/><help:help-id value="SVX_COMBOBOX_RID_SVXPAGE_HYPERLINK_DOCUMENT_CB_FRAME"/><help:help-id value="SVX_COMBOBOX_RID_SVXPAGE_HYPERLINK_NEWDOCUMENT_CB_FRAME"/>Frame</text:p>
  <help:embedded Id="65804" Eid="textframe"></help:embedded>
  <text:p text:style-name="Head 3"><help:help-id value="SVX_LISTBOX_RID_SVXPAGE_HYPERLINK_INTERNET_LB_FORM"/><help:help-id value="SVX_LISTBOX_RID_SVXPAGE_HYPERLINK_MAIL_LB_FORM"/><help:help-id value="SVX_LISTBOX_RID_SVXPAGE_HYPERLINK_DOCUMENT_LB_FORM"/><help:help-id value="SVX_LISTBOX_RID_SVXPAGE_HYPERLINK_NEWDOCUMENT_LB_FORM"/>Forme</text:p>
  <text:p text:style-name="Paragraph"><help:help-text value="visible">Indique si l&apos;hyperlien est inséré sous forme de texte ou de bouton.</help:help-text></text:p>
  <text:p text:style-name="Head 3"><help:help-id value="SVX_IMAGEBUTTON_RID_SVXPAGE_HYPERLINK_INTERNET_BTN_SCRIPT"/><help:help-id value="SVX_IMAGEBUTTON_RID_SVXPAGE_HYPERLINK_MAIL_BTN_SCRIPT"/><help:help-id value="SVX_IMAGEBUTTON_RID_SVXPAGE_HYPERLINK_DOCUMENT_BTN_SCRIPT"/><help:help-id value="SVX_IMAGEBUTTON_RID_SVXPAGE_HYPERLINK_NEWDOCUMENT_BTN_SCRIPT"/>Événements</text:p>
  <text:p text:style-name="Paragraph"><help:help-text value="visible">Ouvre la boîte de dialogue <help:switch select="Program"><help:case select="WRITER"><help:link Id="67665">Assignation de macro</help:link></help:case><help:default>Assignation de macro</help:default></help:switch> permettant de donner leurs propres codes de programmation à des événements tels que &quot;Souris sur l&apos;objet&quot; ou &quot;Déclencher l&apos;hyperlien&quot;.</help:help-text></text:p>
  <text:p text:style-name="Head 3"><help:help-id value="SVX_EDIT_RID_SVXPAGE_HYPERLINK_INTERNET_ED_INDICATION"/><help:help-id value="SVX_EDIT_RID_SVXPAGE_HYPERLINK_MAIL_ED_INDICATION"/><help:help-id value="SVX_EDIT_RID_SVXPAGE_HYPERLINK_DOCUMENT_ED_INDICATION"/><help:help-id value="SVX_EDIT_RID_SVXPAGE_HYPERLINK_NEWDOCUMENT_ED_INDICATION"/>Texte</text:p>
  <text:p text:style-name="Paragraph"><help:help-text value="visible">Spécifie le texte visible ou la légende du bouton correspondant à l&apos;hyperlien.</help:help-text></text:p>
  <text:p text:style-name="Head 3"><help:help-id value="SVX_EDIT_RID_SVXPAGE_HYPERLINK_INTERNET_ED_TEXT"/><help:help-id value="SVX_EDIT_RID_SVXPAGE_HYPERLINK_MAIL_ED_TEXT"/><help:help-id value="SVX_EDIT_RID_SVXPAGE_HYPERLINK_DOCUMENT_ED_TEXT"/><help:help-id value="SVX_EDIT_RID_SVXPAGE_HYPERLINK_NEWDOCUMENT_ED_TEXT"/>Nom</text:p>
  <help:embedded Id="65804" Eid="textname"></help:embedded>
  </help:to-be-embedded>
 </office:body>
</office:document>
