

<office:document  xmlns:office="http://openoffice.org/2000/office" xmlns:style="http://openoffice.org/2000/style" xmlns:text="http://openoffice.org/2000/text" xmlns:table="http://openoffice.org/2000/table" xmlns:draw="http://openoffice.org/2000/drawing" xmlns:fo="http://www.w3.org/1999/XSL/Format" xmlns:xlink="http://www.w3.org/1999/xlink" xmlns:number="http://openoffice.org/2000/datastyle" xmlns:svg="http://www.w3.org/2000/svg" xmlns:chart="http://openoffice.org/2000/chart" xmlns:dr3d="http://openoffice.org/2000/dr3d" xmlns:math="http://www.w3.org/1998/Math/MathML" xmlns:form="http://openoffice.org/2000/form" xmlns:script="http://openoffice.org/2000/script" office:class="text" office:version="1.0" xmlns:dc="http://purl.org/dc/elements/1.1/" xmlns:meta="http://openoffice.org/2000/meta" xmlns:help="http://openoffice.org/2000/help">
<office:meta>
  <dc:description>text/common/02/09070200</dc:description>
  <dc:subject>Mail &amp; News</dc:subject>

  <dc:language>fr-FR</dc:language>
  <meta:user-defined meta:name="Info 0">READY</meta:user-defined>
  <meta:user-defined meta:name="Info 1">FREE_OK</meta:user-defined>
  <meta:user-defined meta:name="Info 2"/>
  <meta:user-defined meta:name="Info 3"/>
</office:meta>
 <office:script/>
 <office:font-decls>
  <style:font-decl style:name="StarSymbol" fo:font-family="StarSymbol" style:font-charset="x-symbol"/>
  <style:font-decl style:name="Courier New" fo:font-family="&apos;Courier New&apos;" style:font-style-name="Standard" style:font-family-generic="modern" style:font-pitch="fixed"/>
  <style:font-decl style:name="Courier" fo:font-family="Courier" style:font-family-generic="roman" style:font-pitch="fixed"/>
  <style:font-decl style:name="Arial Unicode MS" fo:font-family="&apos;Arial Unicode MS&apos;" style:font-pitch="variable"/>
  <style:font-decl style:name="HG Mincho Light J" fo:font-family="&apos;HG Mincho Light J&apos;" style:font-pitch="variable"/>
  <style:font-decl style:name="Times New Roman3" fo:font-family="&apos;Times New Roman&apos;" style:font-pitch="variable"/>
  <style:font-decl style:name="Thorndale" fo:font-family="Thorndale" style:font-family-generic="roman" style:font-pitch="variable"/>
  <style:font-decl style:name="Times New Roman2" fo:font-family="&apos;Times New Roman&apos;" style:font-style-name="Fett" style:font-family-generic="roman" style:font-pitch="variable"/>
  <style:font-decl style:name="Times New Roman" fo:font-family="&apos;Times New Roman&apos;" style:font-style-name="Standard" style:font-family-generic="roman" style:font-pitch="variable"/>
  <style:font-decl style:name="Times New Roman1" fo:font-family="&apos;Times New Roman&apos;" style:font-family-generic="swiss" style:font-pitch="variable"/>
 </office:font-decls>
 <office:automatic-styles>
  <style:style style:name="P1" style:family="paragraph" style:parent-style-name="Paragraph" style:master-page-name="HTML">
   <style:properties style:page-number="0"/>
  </style:style>
  <style:style style:name="T1" style:family="text">
   <style:properties fo:font-weight="bold"/>
  </style:style>
 </office:automatic-styles>
 <office:body>
  <text:variable-decls>
   <text:variable-decl text:value-type="string" text:name="HTML_ON"/>
   <text:variable-decl text:value-type="string" text:name="HTML_OFF"/>
   <text:variable-decl text:value-type="float" text:name="lala"/>
   <text:variable-decl text:value-type="string" text:name="TITEL"/>
   <text:variable-decl text:value-type="string" text:name="END"/>
   <text:variable-decl text:value-type="string" text:name="HREF"/>
   <text:variable-decl text:value-type="string" text:name="NAME"/>
   <text:variable-decl text:value-type="string" text:name="MODIFY"/>
   <text:variable-decl text:value-type="string" text:name="REFNR"/>
   <text:variable-decl text:value-type="string" text:name="HelpID"/>
   <text:variable-decl text:value-type="string" text:name="AKTHLP"/>
   <text:variable-decl text:value-type="string" text:name="KEY"/>
   <text:variable-decl text:value-type="string" text:name="INDEX"/>
   <text:variable-decl text:value-type="string" text:name="MAC"/>
   <text:variable-decl text:value-type="string" text:name="ELSE"/>
   <text:variable-decl text:value-type="string" text:name="OS2"/>
   <text:variable-decl text:value-type="string" text:name="HFELD"/>
   <text:variable-decl text:value-type="string" text:name="STYLE"/>
  </text:variable-decls>
  <text:sequence-decls>
   <text:sequence-decl text:display-outline-level="0" text:name="Illustration"/>
   <text:sequence-decl text:display-outline-level="0" text:name="Table"/>
   <text:sequence-decl text:display-outline-level="0" text:name="Text"/>
   <text:sequence-decl text:display-outline-level="0" text:name="Drawing"/>
  </text:sequence-decls>
  <help:to-be-embedded Eid="mailnews">
  <text:p text:style-name="Head 1"><help:help-id value="HID_HYPERLINK_MAIL"/><a name="mailnews"/><help:link Id="68397">Mail &amp; News</help:link></text:p>
  <text:p text:style-name="Paragraph">La page <text:span text:style-name="T1">Mail &amp; News</text:span> de la boîte de dialogue <help:link Id="65963">Hyperlien</help:link> permet d&apos;éditer les hyperliens relatifs à des adresses e-mail ou de groupes de news (forums).</text:p>
  </help:to-be-embedded>
  <help:popup Id="65612" Eid="hypdiamailnews"><help:embedded Id="65598" Eid="wie"></help:embedded></help:popup>
  <text:p text:style-name="Head 2">Mail &amp; News</text:p>
  <text:p text:style-name="Head 3"><help:help-id value="SVX_RADIOBUTTON_RID_SVXPAGE_HYPERLINK_MAIL_RB_LINKTYP_MAIL"/><help:help-id value="SVX_RADIOBUTTON_RID_SVXPAGE_HYPERLINK_MAIL_RB_LINKTYP_MAIL"/>E-mail</text:p>
  <text:p text:style-name="Paragraph"><help:help-text value="visible">Assigne l&apos;adresse e-mail spécifiée à l&apos;hyperlien.</help:help-text> Un clic sur le nouvel hyperlien dans le document ouvre un nouveau message adressé au destinataire spécifié dans le champ <text:span text:style-name="T1">E-mail</text:span>.</text:p>
  <text:p text:style-name="Head 3"><help:help-id value="SVX_RADIOBUTTON_RID_SVXPAGE_HYPERLINK_MAIL_RB_LINKTYP_NEWS"/><help:help-id value="SVX_RADIOBUTTON_RID_SVXPAGE_HYPERLINK_MAIL_RB_LINKTYP_NEWS"/>News</text:p>
  <text:p text:style-name="Paragraph"><help:help-text value="visible">Assigne l&apos;adresse d&apos;un groupe de news (forum) à l&apos;hyperlien.</help:help-text> Un clic sur l&apos;hyperlien dans le document ouvre un nouveau message adressé au groupe de news spécifié dans le champ <text:span text:style-name="T1">Destinataire</text:span>.</text:p>
  <text:p text:style-name="Head 3"><help:help-id value="HID_HYPERDLG_MAIL_PATH"/><help:help-id value="HID_HYPERDLG_MAIL_PATH"/>Destinataire</text:p>
  <text:p text:style-name="Paragraph"><help:help-text value="visible">Spécifie l&apos;URL complet du destinataire, sous la forme mailto:nom@fournisseurdacces.com ou news:groupe.serveur.com.</help:help-text> Vous pouvez également utiliser la fonction de glisser-déposer.</text:p>
  <text:p text:style-name="Head 3"><help:help-id value="SVX_IMAGEBUTTON_RID_SVXPAGE_HYPERLINK_MAIL_BTN_ADRESSBOOK"/>Sources de données</text:p>
  <text:p text:style-name="Paragraph"><help:help-text value="visible">Affiche ou masque le navigateur de sources de données.</help:help-text> Faites glisser les données du champ <text:span text:style-name="T1">E-mail</text:span> du destinataire depuis le navigateur de sources de données vers le champ <text:span text:style-name="T1">Destinataire</text:span>.</text:p>
  <text:p text:style-name="Head 3"><help:help-id value="SVX_EDIT_RID_SVXPAGE_HYPERLINK_MAIL_ED_SUBJECT"/><help:help-id value="SVX_EDIT_RID_SVXPAGE_HYPERLINK_MAIL_ED_SUBJECT"/>Objet</text:p>
  <text:p text:style-name="Paragraph"><help:help-text value="visible">Spécifie l&apos;objet du message, indiqué sur la ligne d&apos;objet du nouveau message.</help:help-text></text:p>
  <help:embedded Id="66027" Eid="weitere"></help:embedded>
 </office:body>
</office:document>
