

<office:document  xmlns:office="http://openoffice.org/2000/office" xmlns:style="http://openoffice.org/2000/style" xmlns:text="http://openoffice.org/2000/text" xmlns:table="http://openoffice.org/2000/table" xmlns:draw="http://openoffice.org/2000/drawing" xmlns:fo="http://www.w3.org/1999/XSL/Format" xmlns:xlink="http://www.w3.org/1999/xlink" xmlns:number="http://openoffice.org/2000/datastyle" xmlns:svg="http://www.w3.org/2000/svg" xmlns:chart="http://openoffice.org/2000/chart" xmlns:dr3d="http://openoffice.org/2000/dr3d" xmlns:math="http://www.w3.org/1998/Math/MathML" xmlns:form="http://openoffice.org/2000/form" xmlns:script="http://openoffice.org/2000/script" office:class="text" office:version="1.0" xmlns:dc="http://purl.org/dc/elements/1.1/" xmlns:meta="http://openoffice.org/2000/meta" xmlns:help="http://openoffice.org/2000/help">
<office:meta>
  <dc:description>text/common/02/12000000</dc:description>
  <dc:subject>Afficher/masquer l&apos;Explorer</dc:subject>
  <meta:keywords>
   <meta:keyword>$Version</meta:keyword>
  </meta:keywords>
  <dc:language>fr-FR</dc:language>
  <meta:user-defined meta:name="Info 0">READY</meta:user-defined>
  <meta:user-defined meta:name="Info 1">FREE_OK</meta:user-defined>
  <meta:user-defined meta:name="Info 2"/>
  <meta:user-defined meta:name="Info 3"/>
</office:meta>
 <office:script/>
 <office:font-decls>
  <style:font-decl style:name="StarSymbol" fo:font-family="StarSymbol" style:font-charset="x-symbol"/>
  <style:font-decl style:name="Courier New" fo:font-family="&apos;Courier New&apos;" style:font-style-name="Standard" style:font-family-generic="modern" style:font-pitch="fixed"/>
  <style:font-decl style:name="Courier" fo:font-family="Courier" style:font-family-generic="roman" style:font-pitch="fixed"/>
  <style:font-decl style:name="Arial Unicode MS" fo:font-family="&apos;Arial Unicode MS&apos;" style:font-pitch="variable"/>
  <style:font-decl style:name="HG Mincho Light J" fo:font-family="&apos;HG Mincho Light J&apos;" style:font-pitch="variable"/>
  <style:font-decl style:name="Times New Roman3" fo:font-family="&apos;Times New Roman&apos;" style:font-pitch="variable"/>
  <style:font-decl style:name="Thorndale" fo:font-family="Thorndale" style:font-family-generic="roman" style:font-pitch="variable"/>
  <style:font-decl style:name="Times New Roman2" fo:font-family="&apos;Times New Roman&apos;" style:font-style-name="Fett" style:font-family-generic="roman" style:font-pitch="variable"/>
  <style:font-decl style:name="Times New Roman" fo:font-family="&apos;Times New Roman&apos;" style:font-style-name="Standard" style:font-family-generic="roman" style:font-pitch="variable"/>
  <style:font-decl style:name="Times New Roman1" fo:font-family="&apos;Times New Roman&apos;" style:font-family-generic="swiss" style:font-pitch="variable"/>
 </office:font-decls>
 <office:automatic-styles>
  <style:style style:name="Tabelle1" style:family="table">
   <style:properties style:width="17.995cm" fo:margin-left="0cm" fo:margin-right="0.005cm" table:align="margins"/>
  </style:style>
  <style:style style:name="Tabelle1.A" style:family="table-column">
   <style:properties style:column-width="1.499cm" style:rel-column-width="5458*"/>
  </style:style>
  <style:style style:name="Tabelle1.B" style:family="table-column">
   <style:properties style:column-width="16.496cm" style:rel-column-width="60039*"/>
  </style:style>
  <style:style style:name="Tabelle3" style:family="table">
   <style:properties style:width="18cm" table:align="margins"/>
  </style:style>
  <style:style style:name="Tabelle3.A" style:family="table-column">
   <style:properties style:column-width="1.499cm" style:rel-column-width="5460*"/>
  </style:style>
  <style:style style:name="Tabelle3.B" style:family="table-column">
   <style:properties style:column-width="16.499cm" style:rel-column-width="60055*"/>
  </style:style>
  <style:style style:name="P1" style:family="paragraph" style:parent-style-name="Paragraph" style:master-page-name="HTML">
   <style:properties style:page-number="0"/>
  </style:style>
  <style:style style:name="T1" style:family="text">
   <style:properties fo:font-weight="bold"/>
  </style:style>
  <style:style style:name="fr1" style:family="graphics" style:parent-style-name="Graphics">
   <style:properties style:wrap="run-through" style:horizontal-pos="left" style:horizontal-rel="paragraph" style:mirror="none" fo:clip="rect(0cm 0cm 0cm 0cm)" draw:luminance="0%" draw:contrast="0%" draw:red="0%" draw:green="0%" draw:blue="0%" draw:gamma="1" draw:color-inversion="false" draw:transparency="-100%" draw:color-mode="standard"/>
  </style:style>
  <style:style style:name="fr2" style:family="graphics" style:parent-style-name="Graphics">
   <style:properties style:run-through="foreground" style:wrap="run-through" style:vertical-pos="top" style:vertical-rel="paragraph" style:horizontal-pos="left" style:horizontal-rel="paragraph" style:mirror="none" fo:clip="rect(0cm 0cm 0cm 0cm)" draw:luminance="0%" draw:contrast="0%" draw:red="0%" draw:green="0%" draw:blue="0%" draw:gamma="1" draw:color-inversion="false" draw:transparency="-100%" draw:color-mode="standard"/>
  </style:style>
 </office:automatic-styles>
 <office:body>
  <text:variable-decls>
   <text:variable-decl text:value-type="string" text:name="HTML_ON"/>
   <text:variable-decl text:value-type="string" text:name="HTML_OFF"/>
   <text:variable-decl text:value-type="string" text:name="TITEL"/>
   <text:variable-decl text:value-type="string" text:name="END"/>
   <text:variable-decl text:value-type="string" text:name="NAME"/>
   <text:variable-decl text:value-type="string" text:name="HREF"/>
   <text:variable-decl text:value-type="string" text:name="MODIFY"/>
   <text:variable-decl text:value-type="string" text:name="REFNR"/>
   <text:variable-decl text:value-type="string" text:name="HelpID"/>
   <text:variable-decl text:value-type="string" text:name="AKTHLP"/>
   <text:variable-decl text:value-type="string" text:name="INDEX"/>
   <text:variable-decl text:value-type="string" text:name="STYLE"/>
  </text:variable-decls>
  <text:sequence-decls>
   <text:sequence-decl text:display-outline-level="0" text:name="Illustration"/>
   <text:sequence-decl text:display-outline-level="0" text:name="Table"/>
   <text:sequence-decl text:display-outline-level="0" text:name="Text"/>
   <text:sequence-decl text:display-outline-level="0" text:name="Drawing"/>
  </text:sequence-decls>
  <help:to-be-embedded Eid="explorer">
  <text:p text:style-name="Head 1"><help:help-id value="SID_DSBROWSER_EXPLORER"/><help:link Id="67894">Afficher/masquer l&apos;Explorer</help:link></text:p>
  <text:p text:style-name="Paragraph"><help:help-text value="visible">Active la vue du navigateur de sources de données.</help:help-text> L&apos;icône <text:span text:style-name="T1">Afficher/masquer le navigateur</text:span> est visible dans la <help:link Id="65557">barre de base de données</help:link>.</text:p>
  </help:to-be-embedded>
  <help:to-be-embedded Eid="syexplorer">
  <table:table table:name="Tabelle1" table:style-name="Tabelle1">
   <table:table-column table:style-name="Tabelle1.A"/>
   <table:table-column table:style-name="Tabelle1.B"/>
   <table:table-header-rows>
    <table:table-row>
     <table:table-cell table:value-type="string">
      <text:p text:style-name="Paragraph"><draw:image draw:name="Icône0" svg:desc="Icône" svg:pixelx="25" svg:pixely="25" svg:width="0.661cm" svg:height="0.661cm" xlink:href="65913" draw:filter-name=""/></text:p>

     </table:table-cell>
     <table:table-cell table:value-type="string">
      <text:p text:style-name="Paragraph">Afficher/masquer l&apos;Explorer</text:p>
     </table:table-cell>
    </table:table-row>
   </table:table-header-rows>
  </table:table>
  </help:to-be-embedded>
  <text:p text:style-name="Paragraph"><help:embedded Id="68433" Eid="database_main"></help:embedded></text:p>
  <text:p text:style-name="Paragraph">Dans l&apos;Explorer de source de données, les sources de données connectées dans <help:productname>%PRODUCTNAME</help:productname> sont affichées avec leurs liens, leurs requêtes et leurs tables.</text:p>
  <text:p text:style-name="Paragraph"><text:span text:style-name="T1">Établissement d&apos;une connexion</text:span> - Dès que vous sélectionnez une table ou une requête individuelle, une connexion avec la source de données est établie. Lorsque la connexion est ouverte, le nom de la source de données, l&apos;entrée Requêtes ou Tables et le nom de la requête ou de la table sélectionnée s&apos;affichent en gras.</text:p>
  <help:to-be-embedded Eid="kontextmenue"><a name="kontextmenue"/>
  <text:p text:style-name="Paragraph">Le menu contextuel de l&apos;Explorer de source de données comporte les commandes suivantes, se référant à l&apos;entrée représentée en inverse-vidéo :</text:p>
  <table:table table:name="Tabelle3" table:style-name="Tabelle3">
   <table:table-column table:style-name="Tabelle3.A"/>
   <table:table-column table:style-name="Tabelle3.B"/>
   <table:table-header-rows>
    <table:table-row>
     <table:table-cell table:value-type="string">
      <text:p text:style-name="Paragraph"><draw:image draw:name="Icône1" svg:desc="Icône Remarque" svg:pixelx="32" svg:pixely="32" svg:width="0.847cm" svg:height="0.847cm" xlink:href="65980" draw:filter-name=""/></text:p>

     </table:table-cell>
     <table:table-cell table:value-type="string">
      <text:p text:style-name="Paragraph">Les commandes du menu contextuel varient selon que la connexion à la source de données a été établie ou non. Par exemple, la commande <text:span text:style-name="T1">Déconnecter</text:span> ne s&apos;affiche que si une connexion a été établie.</text:p>
     </table:table-cell>
    </table:table-row>
   </table:table-header-rows>
  </table:table>
  <text:p text:style-name="Head 2">Menu contextuel d&apos;une entrée principale de source de données</text:p>
  <text:p text:style-name="Head 3"><help:help-id value="HID_BROWSER_DSADMINISTRATE"/>Gérer les sources de données</text:p>
  <text:p text:style-name="Paragraph"><help:help-text value="visible">Ouvre la boîte de dialogue <help:link Id="66167"><text:span text:style-name="T1">Gestion des sources de données</text:span></help:link></help:help-text>.</text:p>
  <text:p text:style-name="Head 3"><help:help-id value="HID_DSBROWSER_DIRECTSQL"/>SQL</text:p>
  <text:p text:style-name="Paragraph"><help:help-text value="visible">Ouvre la boîte de dialogue <help:link Id="66152"><text:span text:style-name="T1">Exécuter l&apos;instruction SQL</text:span></help:link></help:help-text>.</text:p>
  <text:p text:style-name="Head 3"><help:help-id value="HID_BROWSER_CLOSECONN"/>Déconnecter</text:p>
  <text:p text:style-name="Paragraph"><help:help-text value="visible">Ferme la connexion à la source de données.</help:help-text> Consultez <help:link Id="68345"><text:span text:style-name="T1">Outils - Options - Sources de données - Connexions</text:span></help:link>.</text:p>
  <text:p text:style-name="Head 3"><help:help-id value="HID_BROWSER_RENAME_ENTRY"/>Renommer (tables, vues et requêtes)</text:p>
  <text:p text:style-name="Paragraph"><help:help-text value="visible">Pour renommer une entrée, utilisez cette commande et saisissez le nouveau nom.</help:help-text>. Vous pouvez également renommer une entrée en la sélectionnant, puis en appuyant sur F2. La base de données doit supporter l&apos;attribution d&apos;un nouveau nom, sinon cette commande n&apos;est pas activée.</text:p>
  <text:p text:style-name="Head 2">Commandes supplémentaires du menu contextuel de &quot;Liens&quot;</text:p>
  <help:embedded Id="68411" Eid="neuver"></help:embedded>
  <help:embedded Id="68411" Eid="neufor"></help:embedded>
  <text:p text:style-name="Head 2">Commandes supplémentaires du menu contextuel d&apos;un lien unique</text:p>
  <help:embedded Id="68411" Eid="verbea"></help:embedded>
  <text:p text:style-name="Head 2">Commandes supplémentaires du menu contextuel de &quot;Requêtes&quot;</text:p>
  <text:p text:style-name="Head 3">Nouvelle ébauche de requête</text:p>
  <text:p text:style-name="Paragraph"><help:help-text value="visible">Permet d&apos;ouvrir la fenêtre d&apos;<help:link Id="66162">ébauche de requête</help:link></help:help-text>.</text:p>
  <text:p text:style-name="Head 3">Nouvelle requête (vue SQL)</text:p>
  <text:p text:style-name="Paragraph"><help:help-text value="visible">Ouvre la fenêtre <text:span text:style-name="T1">Ébauche de requête</text:span> vous permettant de créer directement une <help:link Id="66162" Eid="sql">instruction SQL</help:link>.</help:help-text></text:p>
  <text:p text:style-name="Head 2">Commandes supplémentaires du menu contextuel d&apos;une requête unique</text:p>
  <text:p text:style-name="Head 3">Éditer la requête</text:p>
  <text:p text:style-name="Paragraph"><help:help-text value="visible">Ouvre la requête dans la <help:link Id="66162">vue Ébauche de requête</help:link>.</help:help-text></text:p>
  <text:p text:style-name="Head 3">Supprimer la requête</text:p>
  <text:p text:style-name="Paragraph">Les requêtes sont physiquement supprimées.</text:p>
  <text:p text:style-name="Head 3"><help:help-id value="HID_BROWSER_QUERY_COPY"/>Copier la requête</text:p>
  <text:p text:style-name="Paragraph"><help:help-text value="visible">Copie la requête dans le presse-papiers.</help:help-text> De là, elle peut être insérée dans un autre document. La commande d&apos;insertion ouvre la boîte de dialogue <help:link Id="65967"><text:span text:style-name="T1">Insertion de colonnes de base de données</text:span></help:link>.</text:p>
  <text:p text:style-name="Head 2">Commandes supplémentaires du menu contextuel de &quot;Tables&quot;</text:p>
  <help:embedded Id="66174" Eid="neutab"></help:embedded>
  <text:p text:style-name="Head 3"><help:help-id value="HID_BROWSER_VIEW_CREATE_DESIGN"/>Nouvelle ébauche de vue</text:p>
  <text:p text:style-name="Paragraph"><help:help-text value="visible">Ouvre la fenêtre <text:span text:style-name="T1">Ébauche de vue</text:span>.</help:help-text> Cette fenêtre est contrôlée de la même façon que la fenêtre <help:link Id="66162">Ébauche de requête</help:link>. La vue est conçue et utilisée comme une requête.</text:p>
  <text:p text:style-name="Head 3"><help:help-id value="HID_BROWSER_TABLE_PASTE"/>Insérer tableau</text:p>
  <text:p text:style-name="Paragraph"><help:help-text value="visible">Insère une table dans le container de tables sélectionné à partir du presse-papiers. La boîte de dialogue <help:link Id="66193"><text:span text:style-name="T1">Copier la table</text:span></help:link> s&apos;affiche.</help:help-text></text:p>
  <text:p text:style-name="Head 3"><help:help-id value="HID_BROWSER_RELATION_DESIGN"/>Ébauche de relation</text:p>
  <text:p text:style-name="Paragraph"><help:help-text value="visible">Permet d&apos;ouvrir la fenêtre <text:span text:style-name="T1">Ébauche de relation</text:span>.</help:help-text></text:p>
  <text:p text:style-name="Head 2">Commandes supplémentaires du menu contextuel d&apos;une table unique</text:p>
  <help:embedded Id="66174" Eid="tabbea"></help:embedded>
  <text:p text:style-name="Head 3"><help:help-id value="HID_BROWSER_TABLE_COPY"/>Copier la table</text:p>
  <text:p text:style-name="Paragraph"><help:help-text value="visible">Permet de copier la table sélectionnée dans le presse-papiers.</help:help-text></text:p>
  <text:p text:style-name="Head 2">Commandes supplémentaires du menu contextuel d&apos;une vue</text:p>
  <text:p text:style-name="Head 3"><help:help-id value="HID_BROWSER_VIEW_DELETE"/>Supprimer la vue</text:p>
  <text:p text:style-name="Paragraph"><help:help-text value="visible">Permet de supprimer la vue sélectionnée.</help:help-text></text:p>
  <text:p text:style-name="Head 3"><help:help-id value="HID_BROWSER_VIEW_COPY"/>Copier la vue</text:p>
  <text:p text:style-name="Paragraph"><help:help-text value="visible">Permet de copier la vue sélectionnée dans le presse-papiers.</help:help-text></text:p>
  <text:p text:style-name="Head 3"><help:help-id value="HID_BROWSER_VIEW_PASTE"/>Insérer une vue</text:p>
  <text:p text:style-name="Paragraph"><help:help-text value="visible">Colle une vue dans le container de tables sélectionné à partir du presse-papiers. La boîte de dialogue <help:link Id="66193"><text:span text:style-name="T1">Copier la table</text:span></help:link> s&apos;affiche.</help:help-text>.</text:p>
  </help:to-be-embedded>
 </office:body>
</office:document>
