

<office:document  xmlns:office="http://openoffice.org/2000/office" xmlns:style="http://openoffice.org/2000/style" xmlns:text="http://openoffice.org/2000/text" xmlns:table="http://openoffice.org/2000/table" xmlns:draw="http://openoffice.org/2000/drawing" xmlns:fo="http://www.w3.org/1999/XSL/Format" xmlns:xlink="http://www.w3.org/1999/xlink" xmlns:number="http://openoffice.org/2000/datastyle" xmlns:svg="http://www.w3.org/2000/svg" xmlns:chart="http://openoffice.org/2000/chart" xmlns:dr3d="http://openoffice.org/2000/dr3d" xmlns:math="http://www.w3.org/1998/Math/MathML" xmlns:form="http://openoffice.org/2000/form" xmlns:script="http://openoffice.org/2000/script" office:class="text" office:version="1.0" xmlns:dc="http://purl.org/dc/elements/1.1/" xmlns:meta="http://openoffice.org/2000/meta" xmlns:help="http://openoffice.org/2000/help">
<office:meta>
  <dc:description>text/common/02/12070100</dc:description>
  <dc:subject>Table</dc:subject>

  <dc:language>fr-FR</dc:language>
  <meta:user-defined meta:name="Info 0">READY</meta:user-defined>
  <meta:user-defined meta:name="Info 1">FREE_OK</meta:user-defined>
  <meta:user-defined meta:name="Info 2"/>
  <meta:user-defined meta:name="Info 3"/>
</office:meta>
 <office:script/>
 <office:font-decls>
  <style:font-decl style:name="StarSymbol" fo:font-family="StarSymbol" style:font-charset="x-symbol"/>
  <style:font-decl style:name="Courier New" fo:font-family="&apos;Courier New&apos;" style:font-style-name="Standard" style:font-family-generic="modern" style:font-pitch="fixed"/>
  <style:font-decl style:name="Courier" fo:font-family="Courier" style:font-family-generic="roman" style:font-pitch="fixed"/>
  <style:font-decl style:name="Arial Unicode MS" fo:font-family="&apos;Arial Unicode MS&apos;" style:font-pitch="variable"/>
  <style:font-decl style:name="HG Mincho Light J" fo:font-family="&apos;HG Mincho Light J&apos;" style:font-pitch="variable"/>
  <style:font-decl style:name="Times New Roman3" fo:font-family="&apos;Times New Roman&apos;" style:font-pitch="variable"/>
  <style:font-decl style:name="Thorndale" fo:font-family="Thorndale" style:font-family-generic="roman" style:font-pitch="variable"/>
  <style:font-decl style:name="Times New Roman2" fo:font-family="&apos;Times New Roman&apos;" style:font-style-name="Fett" style:font-family-generic="roman" style:font-pitch="variable"/>
  <style:font-decl style:name="Times New Roman" fo:font-family="&apos;Times New Roman&apos;" style:font-style-name="Standard" style:font-family-generic="roman" style:font-pitch="variable"/>
  <style:font-decl style:name="Times New Roman1" fo:font-family="&apos;Times New Roman&apos;" style:font-family-generic="swiss" style:font-pitch="variable"/>
 </office:font-decls>
 <office:automatic-styles>
  <style:style style:name="Tabelle1" style:family="table">
   <style:properties style:width="18cm" table:align="margins"/>
  </style:style>
  <style:style style:name="Tabelle1.A" style:family="table-column">
   <style:properties style:column-width="1.499cm" style:rel-column-width="850*"/>
  </style:style>
  <style:style style:name="Tabelle1.B" style:family="table-column">
   <style:properties style:column-width="16.498cm" style:rel-column-width="9352*"/>
  </style:style>
  <style:style style:name="Tabelle1.1" style:family="table-row">
   <style:properties style:min-row-height="0.848cm"/>
  </style:style>
  <style:style style:name="Tabelle1.A1" style:family="table-cell">
   <style:properties fo:padding="0cm" fo:border="none"/>
  </style:style>
  <style:style style:name="P1" style:family="paragraph" style:parent-style-name="Paragraph" style:master-page-name="HTML">
   <style:properties style:page-number="0"/>
  </style:style>
  <style:style style:name="T1" style:family="text">
   <style:properties fo:font-weight="bold"/>
  </style:style>
  <style:style style:name="fr1" style:family="graphics" style:parent-style-name="Graphics">
   <style:properties fo:margin-left="0cm" fo:margin-right="0cm" fo:margin-top="0cm" fo:margin-bottom="0cm" style:run-through="foreground" style:wrap="run-through" style:vertical-pos="middle" style:vertical-rel="paragraph" style:horizontal-pos="left" style:horizontal-rel="paragraph" style:mirror="none" fo:clip="rect(0cm 0cm 0cm 0cm)" draw:luminance="0%" draw:contrast="0%" draw:red="0%" draw:green="0%" draw:blue="0%" draw:gamma="1" draw:color-inversion="false" draw:transparency="-100%" draw:color-mode="standard"/>
  </style:style>
 </office:automatic-styles>
 <office:body>
  <text:variable-decls>
   <text:variable-decl text:value-type="string" text:name="HTML_ON"/>
   <text:variable-decl text:value-type="string" text:name="HTML_OFF"/>
   <text:variable-decl text:value-type="string" text:name="TITEL"/>
   <text:variable-decl text:value-type="string" text:name="END"/>
   <text:variable-decl text:value-type="string" text:name="NAME"/>
   <text:variable-decl text:value-type="string" text:name="HREF"/>
   <text:variable-decl text:value-type="string" text:name="MODIFY"/>
   <text:variable-decl text:value-type="string" text:name="REFNR"/>
   <text:variable-decl text:value-type="string" text:name="HelpID"/>
   <text:variable-decl text:value-type="string" text:name="AKTHLP"/>
   <text:variable-decl text:value-type="string" text:name="INDEX"/>
   <text:variable-decl text:value-type="string" text:name="HFELD"/>
   <text:variable-decl text:value-type="string" text:name="ELSE"/>
   <text:variable-decl text:value-type="string" text:name="STYLE"/>
  </text:variable-decls>
  <text:sequence-decls>
   <text:sequence-decl text:display-outline-level="0" text:name="Illustration"/>
   <text:sequence-decl text:display-outline-level="0" text:name="Table"/>
   <text:sequence-decl text:display-outline-level="0" text:name="Text"/>
   <text:sequence-decl text:display-outline-level="0" text:name="Drawing"/>
  </text:sequence-decls>
  <text:p text:style-name="P1"/>
  <text:p text:style-name="Head 1"><help:help-id value="SW_RADIOBUTTON_DLG_AP_INSERT_DB_SEL_RB_AS_TABLE"/>Table</text:p>
  <text:p text:style-name="Paragraph"><help:key-word value="Base de données; Insertion du contenu sous forme de table" tag="kw65912_1"/><help:help-text value="hide">Insère dans le document sous forme de table les données sélectionnées dans le navigateur de sources de données.</help:help-text>Dans la boîte de dialogue <text:span text:style-name="T1">Insertion de colonnes de base de données</text:span>, sélectionnez l&apos;option <text:span text:style-name="T1">Table</text:span> pour insérer les données sélectionnées dans le document sous forme de table. Dans cette boîte de dialogue, vous pouvez indiquer les champs ou colonnes de base de données transférés ainsi que le formatage de la table de texte.</text:p>
  <text:p text:style-name="Head 2">Table</text:p>
  <text:p text:style-name="Paragraph">Dans la zone <text:span text:style-name="T1">Table</text:span>, servez-vous des touches de direction pour sélectionner les colonnes de la table de base de données à appliquer au tableau texte.</text:p>
  <text:p text:style-name="Head 3"><help:help-id value="SW_LISTBOX_DLG_AP_INSERT_DB_SEL_LB_TBL_DB_COLUMN"/>Colonnes de base de données</text:p>
  <text:p text:style-name="Paragraph"><help:help-text value="visible">Spécifie les colonnes de la base de données à insérer dans le tableau texte.</help:help-text> Toutes les colonnes de la table de base de données qui n&apos;ont pas été acceptées dans la zone de liste <text:span text:style-name="T1">Colonnes de table</text:span> sont répertoriées ici. Les entrées sont triées par ordre alphabétique.</text:p>
  <text:p text:style-name="Head 3"><help:help-id value="SW_LISTBOX_DLG_AP_INSERT_DB_SEL_LB_TABLE_COL"/>Colonnes de table</text:p>
  <text:p text:style-name="Paragraph"><help:help-text value="visible">Dresse la liste de toutes les colonnes de base de données à insérer dans le document.</help:help-text> Une colonne est assignée à chaque entrée correspondante de la table. L&apos;ordre des entrées dans la zone de liste <text:span text:style-name="T1">Table</text:span> détermine l&apos;ordre des données dans le tableau texte.</text:p>
  <text:p text:style-name="Head 3"><help:help-id value="SW_IMAGEBUTTON_DLG_AP_INSERT_DB_SEL_IB_DBCOL_ALL_TO"/>&gt;&gt;</text:p>
  <text:p text:style-name="Paragraph"><help:help-text value="visible">Déplace tous les champs de base de données listés vers la zone de liste <text:span text:style-name="T1">Colonne(s) de tableau</text:span>.</help:help-text> Tous les champs présents dans la zone de liste <text:span text:style-name="T1">Colonnes de table</text:span> sont insérés dans le document.</text:p>
  <text:p text:style-name="Head 3"><help:help-id value="SW_IMAGEBUTTON_DLG_AP_INSERT_DB_SEL_IB_DBCOL_ONE_TO"/>&gt;</text:p>
  <text:p text:style-name="Paragraph"><help:help-text value="visible">Déplace le champ de base de données sélectionné vers la zone de liste <text:span text:style-name="T1">Colonnes de table</text:span>. </help:help-text> Vous pouvez également double-cliquer sur une entrée pour la déplacer vers la zone de liste <text:span text:style-name="T1">Colonnes de table</text:span>. Tous les champs présents dans la zone de liste <text:span text:style-name="T1">Colonnes de table</text:span> sont insérés dans le document.</text:p>
  <text:p text:style-name="Head 3"><help:help-id value="SW_IMAGEBUTTON_DLG_AP_INSERT_DB_SEL_IB_DBCOL_ONE_FROM"/>&lt;</text:p>
  <text:p text:style-name="Paragraph"><help:help-text value="visible">Supprime le champ de base de données sélectionné de la zone de liste <text:span text:style-name="T1">Colonnes de table</text:span></help:help-text> Le champ supprimé ne sera pas inséré dans le document.</text:p>
  <text:p text:style-name="Head 3"><help:help-id value="SW_IMAGEBUTTON_DLG_AP_INSERT_DB_SEL_IB_DBCOL_ALL_FROM"/>&lt;&lt;</text:p>
  <text:p text:style-name="Paragraph"><help:help-text value="visible">Supprime tous les champs de base de données de la zone de liste <text:span text:style-name="T1">Colonnes de table</text:span>.</help:help-text></text:p>
  <help:to-be-embedded Eid="format">
  <text:p text:style-name="Head 2">Format</text:p>
  <text:p text:style-name="Paragraph">Ceci vous permet de définir le format pour l&apos;insertion du contenu des champs de base de données dans le document.</text:p>
  <text:p text:style-name="Head 3"><help:help-id value="SW_RADIOBUTTON_DLG_AP_INSERT_DB_SEL_RB_DBFMT_FROM_DB"/>De la base de données</text:p>
  <text:p text:style-name="Paragraph"><help:help-text value="visible">Accepte les formats de base de données.</help:help-text></text:p>
  <text:p text:style-name="Head 3"><help:help-id value="SW_RADIOBUTTON_DLG_AP_INSERT_DB_SEL_RB_DBFMT_FROM_USR"/><help:help-id value="SW_LISTBOX_DLG_AP_INSERT_DB_SEL_LB_DBFMT_FROM_USR"/>Sélection</text:p>
  <text:p text:style-name="Paragraph"><help:help-text value="visible">Spécifie un format de la liste si le format de certains champs de données n&apos;est pas accepté.</help:help-text> Les formats proposés ici ne sont disponibles que pour certains champs de base de données (numériques ou booléens, par exemple). Si vous sélectionnez un champ de base de données au format texte, vous ne pouvez pas sélectionner de format dans la liste de sélection, car le format texte est automatiquement conservé.</text:p>
  <text:p text:style-name="Paragraph">Si le format souhaité n&apos;apparaît pas dans la liste, sélectionnez l&apos;entrée &quot;Autres formats...&quot; pour définir le format souhaité dans la boîte de dialogue <help:link Id="65738"><text:span text:style-name="T1">Format numérique</text:span></help:link>.</text:p>
  <text:p text:style-name="Paragraph">L&apos;assignation d&apos;un format numérique à l&apos;aide de la liste de sélection se réfère toujours au champ de base de données sélectionné dans la zone de liste <text:span text:style-name="T1">Colonnes de BD</text:span>.</text:p>
  </help:to-be-embedded>
  <table:table table:name="Tabelle1" table:style-name="Tabelle1">
   <table:table-column table:style-name="Tabelle1.A"/>
   <table:table-column table:style-name="Tabelle1.B"/>
   <table:table-header-rows>
    <table:table-row table:style-name="Tabelle1.1">
     <table:table-cell table:style-name="Tabelle1.A1" table:value-type="string">
      <text:p text:style-name="Paragraph"><draw:image draw:name="Icône0" svg:desc="Cette icône indique du texte comportant des informations supplémentaires." svg:pixelx="32" svg:pixely="32" svg:width="0.847cm" svg:height="0.847cm" xlink:href="65980" draw:filter-name=""/></text:p>

     </table:table-cell>
     <table:table-cell table:style-name="Tabelle1.A1" table:value-type="string">
      <text:p text:style-name="Paragraph">Pour que les données puissent être insérées dans le document sous forme de tableau, l&apos;option <text:span text:style-name="T1">Tableau</text:span> adéquate doit être activée. Vous pouvez ensuite sélectionner un champ de base de données dans la zone de liste <text:span text:style-name="T1">Colonnes de table</text:span> pour définir le formatage du champ de base de données. Les modifications apportées aux formats numériques seront appliquées à la dernière sélection. Cela ne fait aucune différence que le champ de base de données ait été sélectionné dans la zone de liste <text:span text:style-name="T1">Colonnes de BD</text:span> ou <text:span text:style-name="T1">Colonnes de table</text:span>.</text:p>
     </table:table-cell>
    </table:table-row>
   </table:table-header-rows>
  </table:table>
  <text:p text:style-name="Head 3"><help:help-id value="SW_CHECKBOX_DLG_AP_INSERT_DB_SEL_CB_TABLE_HEADON"/>Insérer le titre de la table</text:p>
  <text:p text:style-name="Paragraph"><help:help-text value="visible">Indique si les colonnes de la table de texte doivent faire l&apos;objet d&apos;une ligne de titre.</help:help-text></text:p>
  <text:p text:style-name="Head 3"><help:help-id value="SW_RADIOBUTTON_DLG_AP_INSERT_DB_SEL_RB_HEADL_COLNMS"/>Appliquer les noms de colonnes</text:p>
  <text:p text:style-name="Paragraph"><help:help-text value="visible">Utilise les noms des champs de la table de base de données comme en-têtes pour toutes les colonnes du tableau texte.</help:help-text></text:p>
  <text:p text:style-name="Head 3"><help:help-id value="SW_RADIOBUTTON_DLG_AP_INSERT_DB_SEL_RB_HEADL_EMPTY"/>Créer uniquement une ligne</text:p>
  <text:p text:style-name="Paragraph"><help:help-text value="visible">Insère une ligne de titre vide dans le tableau texte.</help:help-text> L&apos;option<text:span text:style-name="T1"> Créer uniquement une ligne </text:span><text:s/>permet de définir dans le document des titres, qui ne correspondent pas aux noms des champs de la base de données.</text:p>
  <text:p text:style-name="Head 3"><help:help-id value="SW_PUSHBUTTON_DLG_AP_INSERT_DB_SEL_PB_TBL_FORMAT"/>Propriétés</text:p>
  <text:p text:style-name="Paragraph"><help:help-text value="visible">Ouvre la boîte de dialogue <help:switch select="Program"><help:case select="WRITER"><help:link Id="67676"><text:span text:style-name="T1">Format de table</text:span></help:link></help:case><help:default><text:span text:style-name="T1">Format de table</text:span></help:default></help:switch> permettant de définir les propriétés de la table comme les bordures, l&apos;arrière-plan et la largeur des colonnes.</help:help-text></text:p>
  <text:p text:style-name="Head 3"><help:help-id value="SW_PUSHBUTTON_DLG_AP_INSERT_DB_SEL_PB_TBL_AUTOFMT"/>AutoFormat</text:p>
  <text:p text:style-name="Paragraph"><help:help-text value="visible">Ouvre la boîte de dialogue <help:switch select="Program"><help:case select="WRITER"><help:link Id="67697"><text:span text:style-name="T1">AutoFormat</text:span></help:link></help:case><help:default>AutoFormat</help:default></help:switch> permettant de sélectionner des styles de format qui sont immédiatement appliqués lors de l&apos;insertion de la table.</help:help-text></text:p>
 </office:body>
</office:document>
