

<office:document  xmlns:office="http://openoffice.org/2000/office" xmlns:style="http://openoffice.org/2000/style" xmlns:text="http://openoffice.org/2000/text" xmlns:table="http://openoffice.org/2000/table" xmlns:draw="http://openoffice.org/2000/drawing" xmlns:fo="http://www.w3.org/1999/XSL/Format" xmlns:xlink="http://www.w3.org/1999/xlink" xmlns:number="http://openoffice.org/2000/datastyle" xmlns:svg="http://www.w3.org/2000/svg" xmlns:chart="http://openoffice.org/2000/chart" xmlns:dr3d="http://openoffice.org/2000/dr3d" xmlns:math="http://www.w3.org/1998/Math/MathML" xmlns:form="http://openoffice.org/2000/form" xmlns:script="http://openoffice.org/2000/script" office:class="text" office:version="1.0" xmlns:dc="http://purl.org/dc/elements/1.1/" xmlns:meta="http://openoffice.org/2000/meta" xmlns:help="http://openoffice.org/2000/help">
<office:meta>
  <dc:description>text/common/autopi/01000000</dc:description>
  <dc:subject>AutoPilot</dc:subject>
  <meta:keywords>
   <meta:keyword>$Version</meta:keyword>
  </meta:keywords>
  <dc:language>de-DE</dc:language>
  <meta:user-defined meta:name="Info 0">READY</meta:user-defined>
  <meta:user-defined meta:name="Info 1">FREE_OK</meta:user-defined>
  <meta:user-defined meta:name="Info 2">NOTE</meta:user-defined>
  <meta:user-defined meta:name="Info 3"/>
</office:meta>
 <office:script/>
 <office:font-decls>
  <style:font-decl style:name="StarSymbol" fo:font-family="StarSymbol" style:font-charset="x-symbol"/>
  <style:font-decl style:name="Courier New" fo:font-family="&apos;Courier New&apos;" style:font-style-name="Standard" style:font-family-generic="modern" style:font-pitch="fixed"/>
  <style:font-decl style:name="Courier" fo:font-family="Courier" style:font-family-generic="roman" style:font-pitch="fixed"/>
  <style:font-decl style:name="Arial Unicode MS" fo:font-family="&apos;Arial Unicode MS&apos;" style:font-pitch="variable"/>
  <style:font-decl style:name="HG Mincho Light J" fo:font-family="&apos;HG Mincho Light J&apos;" style:font-pitch="variable"/>
  <style:font-decl style:name="Times New Roman3" fo:font-family="&apos;Times New Roman&apos;" style:font-pitch="variable"/>
  <style:font-decl style:name="Thorndale" fo:font-family="Thorndale" style:font-family-generic="roman" style:font-pitch="variable"/>
  <style:font-decl style:name="Times New Roman2" fo:font-family="&apos;Times New Roman&apos;" style:font-style-name="Fett" style:font-family-generic="roman" style:font-pitch="variable"/>
  <style:font-decl style:name="Times New Roman" fo:font-family="&apos;Times New Roman&apos;" style:font-style-name="Standard" style:font-family-generic="roman" style:font-pitch="variable"/>
  <style:font-decl style:name="Times New Roman1" fo:font-family="&apos;Times New Roman&apos;" style:font-family-generic="swiss" style:font-pitch="variable"/>
 </office:font-decls>
 <office:automatic-styles>
  <style:style style:name="Tabelle2" style:family="table">
   <style:properties style:width="18cm" table:align="margins"/>
  </style:style>
  <style:style style:name="Tabelle2.A" style:family="table-column">
   <style:properties style:column-width="1.499cm" style:rel-column-width="850*"/>
  </style:style>
  <style:style style:name="Tabelle2.B" style:family="table-column">
   <style:properties style:column-width="16.498cm" style:rel-column-width="9352*"/>
  </style:style>
  <style:style style:name="Tabelle2.1" style:family="table-row">
   <style:properties style:min-row-height="0.848cm"/>
  </style:style>
  <style:style style:name="Tabelle2.A1" style:family="table-cell">
   <style:properties fo:padding="0cm" fo:border="none"/>
  </style:style>
  <style:style style:name="P1" style:family="paragraph" style:parent-style-name="Paragraph" style:master-page-name="HTML">
   <style:properties style:page-number="0"/>
  </style:style>
  <style:style style:name="T1" style:family="text">
   <style:properties fo:font-weight="bold"/>
  </style:style>
  <style:style style:name="fr1" style:family="graphics" style:parent-style-name="Graphics">
   <style:properties fo:margin-left="0cm" fo:margin-right="0cm" fo:margin-top="0cm" fo:margin-bottom="0cm" style:run-through="foreground" style:wrap="run-through" style:vertical-pos="middle" style:vertical-rel="paragraph" style:horizontal-pos="left" style:horizontal-rel="paragraph" style:mirror="none" fo:clip="rect(0cm 0cm 0cm 0cm)" draw:luminance="0%" draw:contrast="0%" draw:red="0%" draw:green="0%" draw:blue="0%" draw:gamma="1" draw:color-inversion="false" draw:transparency="-100%" draw:color-mode="standard"/>
  </style:style>
 </office:automatic-styles>
 <office:body>
  <text:variable-decls>
   <text:variable-decl text:value-type="string" text:name="HTML_ON"/>
   <text:variable-decl text:value-type="string" text:name="HTML_OFF"/>
   <text:variable-decl text:value-type="string" text:name="TITEL"/>
   <text:variable-decl text:value-type="string" text:name="END"/>
   <text:variable-decl text:value-type="string" text:name="MAC"/>
   <text:variable-decl text:value-type="string" text:name="ELSE"/>
   <text:variable-decl text:value-type="string" text:name="HREF"/>
   <text:variable-decl text:value-type="string" text:name="NAME"/>
   <text:variable-decl text:value-type="string" text:name="HelpID"/>
   <text:variable-decl text:value-type="string" text:name="MODIFY"/>
   <text:variable-decl text:value-type="string" text:name="REFNR"/>
   <text:variable-decl text:value-type="string" text:name="KEY"/>
   <text:variable-decl text:value-type="string" text:name="AKTHLP"/>
   <text:variable-decl text:value-type="string" text:name="HFELD"/>
   <text:variable-decl text:value-type="string" text:name="INDEX"/>
   <text:variable-decl text:value-type="string" text:name="STYLE"/>
  </text:variable-decls>
  <text:sequence-decls>
   <text:sequence-decl text:display-outline-level="0" text:name="Illustration"/>
   <text:sequence-decl text:display-outline-level="0" text:name="Table"/>
   <text:sequence-decl text:display-outline-level="0" text:name="Text"/>
   <text:sequence-decl text:display-outline-level="0" text:name="Drawing"/>
  </text:sequence-decls>
  <help:to-be-embedded Eid="autopilot">
  <text:p text:style-name="Head 1"><help:help-id value="SID_AUTOPILOTMENU"/><help:link Id="66148">AutoPilot</help:link><help:key-word value="AutoPilot; Übersicht" tag="kw66148_1"/></text:p>
  <text:p text:style-name="Paragraph"><help:help-text value="visible">Unterstützt Sie bei der Gestaltung von geschäftlichen und privaten Briefe, Faxen, Memos, Präsentationen und mehr.</help:help-text></text:p>
  </help:to-be-embedded>
  <help:popup Id="65611" Eid="autobrief"><help:embedded Id="65598" Eid="wie"></help:embedded></help:popup>
  <text:p text:style-name="Head 2"><help:link Id="66103">Brief...</help:link></text:p>
  <help:embedded Id="66103" Eid="brief"></help:embedded>
  <text:p text:style-name="Head 2"><help:link Id="66140">Fax...</help:link></text:p>
  <help:embedded Id="66140" Eid="fax"></help:embedded>
  <text:p text:style-name="Head 2"><help:link Id="66121">Agenda...</help:link></text:p>
  <help:embedded Id="66121" Eid="agenda"></help:embedded>
  <text:p text:style-name="Head 2"><help:link Id="66126">Memo...</help:link></text:p>
  <help:embedded Id="66126" Eid="memo"></help:embedded>
  <text:p text:style-name="Head 2"><help:link Id="66119">Präsentation...</help:link></text:p>
  <help:embedded Id="66119" Eid="autopilot"></help:embedded>
  <text:p text:style-name="Head 2"><help:link Id="66090">Web-Seite...</help:link></text:p>
  <help:embedded Id="66090" Eid="webseite"></help:embedded>
  <text:p text:style-name="Head 2"><help:link Id="66137">Formular</help:link></text:p>
  <help:embedded Id="66137" Eid="formular"></help:embedded>
  <text:p text:style-name="Head 2"><help:link Id="68651">Bericht</help:link></text:p>
  <help:embedded Id="68651" Eid="report"></help:embedded>
  <text:p text:style-name="Head 2"><help:link Id="66150">Dokumenten-Konverter</help:link></text:p>
  <help:embedded Id="66150" Eid="ms"></help:embedded>
  <text:p text:style-name="Head 2"><help:link Id="66123">Euro-Konverter...</help:link></text:p>
  <help:embedded Id="66123" Eid="eurokonv"></help:embedded>
  <text:p text:style-name="Head 2"><help:link Id="68414">StarOffice 5.2 Datenbanken-Import</help:link></text:p>
  <help:embedded Id="68414" Eid="datenbanken"></help:embedded>
  <help:embedded Id="68434" Eid="adressdatenquelle"></help:embedded>
  <table:table table:name="Tabelle2" table:style-name="Tabelle2">
   <table:table-column table:style-name="Tabelle2.A"/>
   <table:table-column table:style-name="Tabelle2.B"/>
   <table:table-header-rows>
    <table:table-row table:style-name="Tabelle2.1">
     <table:table-cell table:style-name="Tabelle2.A1" table:value-type="string">
      <text:p text:style-name="Paragraph"><draw:image draw:name="Symbol0" svg:desc="Dieses Symbol weist auf einen Textabschnitt hin, der wichtige Informationen für die Daten- und Systemsicherheit enthält." svg:pixelx="32" svg:pixely="32" svg:width="0.847cm" svg:height="0.847cm" xlink:href="65640" draw:filter-name=""/></text:p>

     </table:table-cell>
     <table:table-cell table:style-name="Tabelle2.A1" table:value-type="string">
      <text:p text:style-name="Paragraph"><help:key-word value="Fehlende Rechte; AutoPilot" tag="kw66148_2"/>Wenn Sie beim Versuch, einen AutoPiloten auszuführen, eine Fehlermeldung über &quot;fehlende Rechte&quot; erhalten, so haben Sie wahrscheinlich unter <help:link Id="66235"><text:span text:style-name="T1">Extras - Optionen - <help:productname>%PRODUCTNAME</help:productname> - Sicherheit</text:span></help:link> die Ausführung von allen Basic-Makros unterbunden. Ändern Sie dort die Einstellung von <text:span text:style-name="T1">nie ausführen</text:span> auf <text:span text:style-name="T1">immer ausführen</text:span> oder <text:span text:style-name="T1">gemäß Liste</text:span>.</text:p>
     </table:table-cell>
    </table:table-row>
   </table:table-header-rows>
  </table:table>
 </office:body>
</office:document>
