

<office:document  xmlns:office="http://openoffice.org/2000/office" xmlns:style="http://openoffice.org/2000/style" xmlns:text="http://openoffice.org/2000/text" xmlns:table="http://openoffice.org/2000/table" xmlns:draw="http://openoffice.org/2000/drawing" xmlns:fo="http://www.w3.org/1999/XSL/Format" xmlns:xlink="http://www.w3.org/1999/xlink" xmlns:number="http://openoffice.org/2000/datastyle" xmlns:svg="http://www.w3.org/2000/svg" xmlns:chart="http://openoffice.org/2000/chart" xmlns:dr3d="http://openoffice.org/2000/dr3d" xmlns:math="http://www.w3.org/1998/Math/MathML" xmlns:form="http://openoffice.org/2000/form" xmlns:script="http://openoffice.org/2000/script" office:class="text" office:version="1.0" xmlns:dc="http://purl.org/dc/elements/1.1/" xmlns:meta="http://openoffice.org/2000/meta" xmlns:help="http://openoffice.org/2000/help">
<office:meta>
  <dc:description>text/common/01/01010301</dc:description>
  <dc:subject>紙張</dc:subject>

  <dc:language>zh-TW</dc:language>
  <meta:user-defined meta:name="Info 0">READY</meta:user-defined>
  <meta:user-defined meta:name="Info 1">FREE_OK</meta:user-defined>
  <meta:user-defined meta:name="Info 2"/>
  <meta:user-defined meta:name="Info 3"/>
</office:meta>
 <office:script/>
 <office:font-decls>
  <style:font-decl style:name="StarSymbol" fo:font-family="StarSymbol" style:font-charset="x-symbol"/>
  <style:font-decl style:name="Courier New" fo:font-family="&apos;Courier New&apos;" style:font-style-name="Standard" style:font-family-generic="modern" style:font-pitch="fixed"/>
  <style:font-decl style:name="Courier" fo:font-family="Courier" style:font-family-generic="roman" style:font-pitch="fixed"/>
  <style:font-decl style:name="Andale WT UI3" fo:font-family="&apos;Andale WT UI&apos;" style:font-pitch="variable"/>
  <style:font-decl style:name="Arial Unicode MS" fo:font-family="&apos;Arial Unicode MS&apos;" style:font-pitch="variable"/>
  <style:font-decl style:name="HG Mincho Light J" fo:font-family="&apos;HG Mincho Light J&apos;" style:font-pitch="variable"/>
  <style:font-decl style:name="Andale WT UI" fo:font-family="&apos;Andale WT UI&apos;" style:font-style-name="Fett" style:font-family-generic="roman" style:font-pitch="variable"/>
  <style:font-decl style:name="Andale WT UI1" fo:font-family="&apos;Andale WT UI&apos;" style:font-style-name="Standard" style:font-family-generic="roman" style:font-pitch="variable"/>
  <style:font-decl style:name="Thorndale" fo:font-family="Thorndale" style:font-family-generic="roman" style:font-pitch="variable"/>
  <style:font-decl style:name="Times New Roman" fo:font-family="&apos;Times New Roman&apos;" style:font-style-name="Fett" style:font-family-generic="roman" style:font-pitch="variable"/>
  <style:font-decl style:name="Andale WT UI2" fo:font-family="&apos;Andale WT UI&apos;" style:font-family-generic="swiss" style:font-pitch="variable"/>
 </office:font-decls>
 <office:automatic-styles>
  <style:style style:name="P1" style:family="paragraph" style:parent-style-name="Paragraph" style:master-page-name="HTML">
   <style:properties style:page-number="0"/>
  </style:style>
  <style:style style:name="T1" style:family="text">
   <style:properties fo:font-weight="bold"/>
  </style:style>
 </office:automatic-styles>
 <office:body>
  <text:variable-decls>
   <text:variable-decl text:value-type="string" text:name="HTML_ON"/>
   <text:variable-decl text:value-type="string" text:name="HTML_OFF"/>
   <text:variable-decl text:value-type="string" text:name="TITEL"/>
   <text:variable-decl text:value-type="string" text:name="END"/>
   <text:variable-decl text:value-type="string" text:name="OS2"/>
   <text:variable-decl text:value-type="string" text:name="ELSE"/>
   <text:variable-decl text:value-type="string" text:name="HREF"/>
   <text:variable-decl text:value-type="string" text:name="NAME"/>
   <text:variable-decl text:value-type="string" text:name="HelpID"/>
   <text:variable-decl text:value-type="string" text:name="MODIFY"/>
   <text:variable-decl text:value-type="string" text:name="REFNR"/>
   <text:variable-decl text:value-type="string" text:name="AKTHLP"/>
   <text:variable-decl text:value-type="string" text:name="STYLE"/>
  </text:variable-decls>
  <text:sequence-decls>
   <text:sequence-decl text:display-outline-level="0" text:name="Illustration"/>
   <text:sequence-decl text:display-outline-level="0" text:name="Table"/>
   <text:sequence-decl text:display-outline-level="0" text:name="Text"/>
   <text:sequence-decl text:display-outline-level="0" text:name="Drawing"/>
  </text:sequence-decls>
  <help:to-be-embedded Eid="etiketten">
  <text:p text:style-name="Head 1"><help:link Id="68493">紙張</help:link></text:p>
  <text:p text:style-name="Paragraph"><help:help-text value="visible">從一些預先定義的大小格式中選取您名片的大小，或選取您在<text:span text:style-name="T1">[格式]</text:span>標籤上指定的大小格式。</help:help-text></text:p>
  </help:to-be-embedded>
  <help:popup Id="65611" Eid="visikartform"><help:embedded Id="65598" Eid="wie"></help:embedded></help:popup>
  <text:p text:style-name="Head 2">格式</text:p>
  <text:p text:style-name="Paragraph">選取用於您名片的大小格式。</text:p>
  <text:p text:style-name="Head 3"><help:help-id value="HID_BUSINESS_FMT_PAGE_CONT"/>不中斷</text:p>
  <text:p text:style-name="Paragraph"><help:help-text value="visible">在連續紙張上列印名片。</help:help-text></text:p>
  <text:p text:style-name="Head 3"><help:help-id value="HID_BUSINESS_FMT_PAGE_SHEET"/>紙張</text:p>
  <text:p text:style-name="Paragraph"><help:help-text value="visible">在個別紙張上列印名片。</help:help-text></text:p>
  <text:p text:style-name="Head 3"><help:help-id value="HID_BUSINESS_FMT_PAGE_BRAND"/>商標</text:p>
  <text:p text:style-name="Paragraph"><help:help-text value="visible">選取所要使用紙張的商標。</help:help-text>每種商標的紙張都具有各自的大小格式。</text:p>
  <text:p text:style-name="Head 3"><help:help-id value="HID_BUSINESS_FMT_PAGE_TYPE"/>類型</text:p>
  <text:p text:style-name="Paragraph"><help:help-text value="visible">選取要使用的大小格式。可用的格式取決於您在<text:span text:style-name="T1">[商標]</text:span>清單中所做的選取。如果要使用自訂大小格式，則選取<text:span text:style-name="T1">[使用者]</text:span>，然後按一下<help:link Id="68489"><text:span text:style-name="T1">[格式]</text:span></help:link>標籤以定義該格式。</help:help-text></text:p>
  <text:p text:style-name="Head 3">資訊</text:p>
  <text:p text:style-name="Paragraph">紙張類型和名片尺寸顯示在<text:span text:style-name="T1">[格式]</text:span>區域的底端。</text:p>
 </office:body>
</office:document>
