

<office:document  xmlns:office="http://openoffice.org/2000/office" xmlns:style="http://openoffice.org/2000/style" xmlns:text="http://openoffice.org/2000/text" xmlns:table="http://openoffice.org/2000/table" xmlns:draw="http://openoffice.org/2000/drawing" xmlns:fo="http://www.w3.org/1999/XSL/Format" xmlns:xlink="http://www.w3.org/1999/xlink" xmlns:number="http://openoffice.org/2000/datastyle" xmlns:svg="http://www.w3.org/2000/svg" xmlns:chart="http://openoffice.org/2000/chart" xmlns:dr3d="http://openoffice.org/2000/dr3d" xmlns:math="http://www.w3.org/1998/Math/MathML" xmlns:form="http://openoffice.org/2000/form" xmlns:script="http://openoffice.org/2000/script" office:class="text" office:version="1.0" xmlns:dc="http://purl.org/dc/elements/1.1/" xmlns:meta="http://openoffice.org/2000/meta" xmlns:help="http://openoffice.org/2000/help">
<office:meta>
  <dc:description>text/common/01/01130000</dc:description>
  <dc:subject>列印</dc:subject>
  <meta:keywords>
   <meta:keyword>$Version</meta:keyword>
  </meta:keywords>
  <dc:language>zh-TW</dc:language>
  <meta:user-defined meta:name="Info 0">READY</meta:user-defined>
  <meta:user-defined meta:name="Info 1">FREE_OK</meta:user-defined>
  <meta:user-defined meta:name="Info 2"/>
  <meta:user-defined meta:name="Info 3"/>
</office:meta>
 <office:script/>
 <office:font-decls>
  <style:font-decl style:name="StarSymbol" fo:font-family="StarSymbol" style:font-charset="x-symbol"/>
  <style:font-decl style:name="Courier New" fo:font-family="&apos;Courier New&apos;" style:font-style-name="Standard" style:font-family-generic="modern" style:font-pitch="fixed"/>
  <style:font-decl style:name="Andale WT UI" fo:font-family="&apos;Andale WT UI&apos;" style:font-family-generic="roman" style:font-pitch="fixed"/>
  <style:font-decl style:name="Andale WT UI4" fo:font-family="&apos;Andale WT UI&apos;" style:font-pitch="variable"/>
  <style:font-decl style:name="Arial Unicode MS" fo:font-family="&apos;Arial Unicode MS&apos;" style:font-pitch="variable"/>
  <style:font-decl style:name="Courier New1" fo:font-family="&apos;Courier New&apos;" style:font-pitch="variable"/>
  <style:font-decl style:name="HG Mincho Light J" fo:font-family="&apos;HG Mincho Light J&apos;" style:font-pitch="variable"/>
  <style:font-decl style:name="Andale WT UI1" fo:font-family="&apos;Andale WT UI&apos;" style:font-style-name="Fett" style:font-family-generic="roman" style:font-pitch="variable"/>
  <style:font-decl style:name="Andale WT UI2" fo:font-family="&apos;Andale WT UI&apos;" style:font-style-name="Standard" style:font-family-generic="roman" style:font-pitch="variable"/>
  <style:font-decl style:name="Thorndale" fo:font-family="Thorndale" style:font-family-generic="roman" style:font-pitch="variable"/>
  <style:font-decl style:name="Times New Roman" fo:font-family="&apos;Times New Roman&apos;" style:font-style-name="Fett" style:font-family-generic="roman" style:font-pitch="variable"/>
  <style:font-decl style:name="Andale WT UI3" fo:font-family="&apos;Andale WT UI&apos;" style:font-family-generic="swiss" style:font-pitch="variable"/>
 </office:font-decls>
 <office:automatic-styles>
  <style:style style:name="P1" style:family="paragraph" style:parent-style-name="Paragraph" style:master-page-name="HTML">
   <style:properties style:page-number="0"/>
  </style:style>
  <style:style style:name="T1" style:family="text">
   <style:properties fo:font-weight="bold"/>
  </style:style>
 </office:automatic-styles>
 <office:body>
  <text:variable-decls>
   <text:variable-decl text:value-type="string" text:name="HTML_ON"/>
   <text:variable-decl text:value-type="string" text:name="HTML_OFF"/>
   <text:variable-decl text:value-type="string" text:name="TITEL"/>
   <text:variable-decl text:value-type="string" text:name="END"/>
   <text:variable-decl text:value-type="string" text:name="WIN"/>
   <text:variable-decl text:value-type="string" text:name="mac"/>
   <text:variable-decl text:value-type="string" text:name="OS2"/>
   <text:variable-decl text:value-type="string" text:name="unix"/>
   <text:variable-decl text:value-type="string" text:name="ELSE"/>
   <text:variable-decl text:value-type="string" text:name="HREF"/>
   <text:variable-decl text:value-type="string" text:name="NAME"/>
   <text:variable-decl text:value-type="string" text:name="HelpID"/>
   <text:variable-decl text:value-type="string" text:name="MODIFY"/>
   <text:variable-decl text:value-type="string" text:name="REFNR"/>
   <text:variable-decl text:value-type="string" text:name="HFELD"/>
   <text:variable-decl text:value-type="string" text:name="INDEX"/>
   <text:variable-decl text:value-type="string" text:name="AKTHLP"/>
   <text:variable-decl text:value-type="string" text:name="KEY"/>
   <text:variable-decl text:value-type="string" text:name="STYLE"/>
  </text:variable-decls>
  <text:sequence-decls>
   <text:sequence-decl text:display-outline-level="0" text:name="Illustration"/>
   <text:sequence-decl text:display-outline-level="0" text:name="Table"/>
   <text:sequence-decl text:display-outline-level="0" text:name="Text"/>
   <text:sequence-decl text:display-outline-level="0" text:name="Drawing"/>
  </text:sequence-decls>
  <text:p text:style-name="P1"/>
  <text:p text:style-name="Head 1"><help:help-id value="SID_PRINTDOC"/><help:key-word value="列印; 文件" tag="kw65764_1"/><help:key-word value="文件; 列印" tag="kw65764_21"/><help:key-word value="文字; 列印" tag="kw65764_20"/><help:key-word value="列印; 文字" tag="kw65764_19"/><help:key-word value="工作表文件; 列印" tag="kw65764_18"/><help:key-word value="列印; 工作表文件" tag="kw65764_17"/><help:key-word value="簡報; 列印" tag="kw65764_16"/><help:key-word value="列印; 簡報" tag="kw65764_15"/><help:key-word value="繪圖; 列印" tag="kw65764_14"/><help:key-word value="列印; 繪圖" tag="kw65764_13"/><help:key-word value="匯出; 文件" tag="kw65764_12"/>列印</text:p>
  <text:p text:style-name="Paragraph"><help:to-be-embedded Eid="druckentext"><help:help-text value="visible">列印目前文件、選擇內容或指定的頁面。您還可以為目前文件設定列印選項。</help:help-text></help:to-be-embedded>依據使用的印表機和作業系統的不同，列印選項可以有所不同。</text:p>
  <help:executeurl Id="Slot:5504"></help:executeurl><help:popup Id="65611" Eid="drucken"><help:embedded Id="65598" Eid="wie"></help:embedded></help:popup>
  <text:p text:style-name="Head 2"><help:help-id value="SVTOOLS_LISTBOX_DLG_SVT_PRNDLG_PRINTDLG_LB_NAMES"/>印表機<help:key-word value="選擇印表機" tag="kw65764_11"/><help:key-word value="印表機; 選擇" tag="kw65764_10"/></text:p>
  <text:p text:style-name="Paragraph"><help:help-text value="visible">為目前的文件列出標準印表機。此印表機的資訊顯示在該方塊的下方。如果選取其他印表機，此資訊會更新。</help:help-text></text:p>
  <text:p text:style-name="Head 3">名稱</text:p>
  <text:p text:style-name="Paragraph">列出作業系統上已安裝的印表機。若要變更標準印表機，請從清單中選取印表機名稱。</text:p>
  <text:p text:style-name="Head 3">狀態</text:p>
  <text:p text:style-name="Paragraph">描述所選印表機的目前狀態。</text:p>
  <text:p text:style-name="Head 3">類型</text:p>
  <text:p text:style-name="Paragraph">顯示所選印表機的類型。</text:p>
  <text:p text:style-name="Head 3">位置</text:p>
  <text:p text:style-name="Paragraph">顯示所選印表機的埠。</text:p>
  <text:p text:style-name="Head 3">註解</text:p>
  <text:p text:style-name="Paragraph">顯示印表機的其他資訊。</text:p>
  <text:p text:style-name="Head 3"><help:help-id value="SVTOOLS_PUSHBUTTON_DLG_SVT_PRNDLG_PRINTDLG_BTN_PROPERTIES"/>屬性</text:p>
  <text:p text:style-name="Paragraph"><help:help-text value="visible">依目前文件的類型，變更作業系統中印表機的設定。如果要變更 <help:productname>%PRODUCTNAME</help:productname> 印表機設定，則按一下<text:span text:style-name="T1">[其他]</text:span>按鈕。</help:help-text>印表機的屬性依所選印表機的不同而不同。</text:p>
  <text:p text:style-name="Head 3"><help:help-id value="SVTOOLS_CHECKBOX_DLG_SVT_PRNDLG_PRINTDLG_CBX_FILEPRINT"/>列印成檔案</text:p>
  <text:p text:style-name="Paragraph"><help:help-text value="visible">列印成檔案，而不是輸出到印表機。選取此選項，然後選擇檔案的儲存位置。</help:help-text></text:p>
  <text:p text:style-name="Head 2">列印範圍<help:key-word value="列印範圍; 選擇" tag="kw65764_9"/><help:key-word value="頁; 選擇列印" tag="kw65764_8"/><help:key-word value="單頁列印" tag="kw65764_7"/><help:key-word value="列印; 選擇" tag="kw65764_6"/></text:p>
  <text:p text:style-name="Paragraph">定義目前文件的列印範圍。</text:p>
  <text:p text:style-name="Head 3"><help:help-id value="SVTOOLS_RADIOBUTTON_DLG_SVT_PRNDLG_PRINTDLG_RBT_ALL"/>全部</text:p>
  <text:p text:style-name="Paragraph"><help:help-text value="visible">列印整個文件。</help:help-text></text:p>
  <text:p text:style-name="Head 3"><help:help-id value="SVTOOLS_RADIOBUTTON_DLG_SVT_PRNDLG_PRINTDLG_RBT_PAGES"/>頁面</text:p>
  <text:p text:style-name="Paragraph"><help:help-text value="visible">僅列印<text:span text:style-name="T1">[頁面]</text:span>方塊中指定的頁面。</help:help-text></text:p>
  <text:p text:style-name="Paragraph"><help:help-id value="SVTOOLS_EDIT_DLG_SVT_PRNDLG_PRINTDLG_EDT_PAGES"/><help:help-text value="visible">若要列印某個範圍的頁面，請使用格式 3-6。若要列印單頁，請使用格式 7;9;11。如果需要，您可以使用格式 3-6;8;10;12 列印頁面範圍和單頁。</help:help-text></text:p>
  <text:p text:style-name="Head 3"><help:help-id value="SVTOOLS_RADIOBUTTON_DLG_SVT_PRNDLG_PRINTDLG_RBT_SELECTION"/>選取</text:p>
  <text:p text:style-name="Paragraph"><help:help-text value="visible">僅列印目前文件中選取的區域或物件。</help:help-text></text:p>
  <text:p text:style-name="Head 2"><help:key-word value="印列複製; 選擇" tag="kw65764_5"/><help:key-word value="列印; 複製" tag="kw65764_4"/><help:key-word value="複製; 列印" tag="kw65764_3"/>複製</text:p>
  <text:p text:style-name="Paragraph">指定要列印的份數和排序選項。</text:p>
  <text:p text:style-name="Head 3"><help:help-id value="SVTOOLS_NUMERICFIELD_DLG_SVT_PRNDLG_PRINTDLG_NUM_COPIES"/>列印件數</text:p>
  <text:p text:style-name="Paragraph"><help:help-text value="visible">輸入要列印的份數。</help:help-text></text:p>
  <text:p text:style-name="Head 3"><help:help-id value="SVTOOLS_CHECKBOX_DLG_SVT_PRNDLG_PRINTDLG_CBX_COLLATE"/>排序</text:p>
  <text:p text:style-name="Paragraph"><help:help-text value="visible">保持文件原來的頁面順序。</help:help-text></text:p>
  <help:switch select="Program"><help:case select="CALC">
  </help:case></help:switch>
  <text:p text:style-name="Head 2"><help:help-id value="SVTOOLS_PUSHBUTTON_DLG_SVT_PRNDLG_PRINTDLG_BTN_OPTIONS"/><a name="zusaetze"/>其他</text:p>
  <text:p text:style-name="Paragraph"><help:help-text value="hide">依目前文件的類型，變更 <help:productname>%PRODUCTNAME</help:productname> 印表機設定。如果要變更作業系統的印表機設定，則按一下<text:span text:style-name="T1">[屬性]</text:span>按鈕。</help:help-text></text:p>
  <text:p text:style-name="Paragraph"><help:switch select="Program"><help:case select="WRITER">如果要設定標準 <help:productname>%PRODUCTNAME</help:productname> 印表機選項，請選擇<help:link Id="66280"><text:span text:style-name="T1">[工具] - [選項] - [文字文件] - [列印]</text:span></help:link>。</help:case></help:switch></text:p>
  <text:p text:style-name="Paragraph"><help:switch select="System"><help:case select ="UNIX"><help:key-word value="Spoolfiles; XPrinter" tag="kw65764_2"/>藉由這個環境變數 STAR_SPOOL_DIR，您可以指定一個目錄，藉此 XPinter 的 Spoolfiles 可以在 Unix 系統下運作。示例：</help:case></help:switch></text:p>
  <text:p text:style-name="PropText"><help:switch select="System"><help:case select ="UNIX">setenv STAR_SPOOL_DIR /usr/local/tmp <text:s text:c="2"/>(在 csh/tcsh 中) 或是</help:case></help:switch></text:p>
  <text:p text:style-name="PropText"><help:switch select="System"><help:case select ="UNIX">匯出 STAR_SPOOL_DIR=/usr/local/tmp <text:s text:c="2"/>(在 sh/bash 中)</help:case></help:switch></text:p>
  <text:p text:style-name="Paragraph"><help:switch select="System"><help:case select ="UNIX">在<help:link Id="68269">組態程式 spadmin</help:link> 中，您可以做進一步的對話方塊設定。開啟<text:span text:style-name="T1">「合併」</text:span>對話方塊。對於隊列的設定可以藉由按下按鈕或是透過設定一般預設值來達成。</help:case></help:switch></text:p>
 </office:body>
</office:document>
