

<office:document  xmlns:office="http://openoffice.org/2000/office" xmlns:style="http://openoffice.org/2000/style" xmlns:text="http://openoffice.org/2000/text" xmlns:table="http://openoffice.org/2000/table" xmlns:draw="http://openoffice.org/2000/drawing" xmlns:fo="http://www.w3.org/1999/XSL/Format" xmlns:xlink="http://www.w3.org/1999/xlink" xmlns:number="http://openoffice.org/2000/datastyle" xmlns:svg="http://www.w3.org/2000/svg" xmlns:chart="http://openoffice.org/2000/chart" xmlns:dr3d="http://openoffice.org/2000/dr3d" xmlns:math="http://www.w3.org/1998/Math/MathML" xmlns:form="http://openoffice.org/2000/form" xmlns:script="http://openoffice.org/2000/script" office:class="text" office:version="1.0" xmlns:dc="http://purl.org/dc/elements/1.1/" xmlns:meta="http://openoffice.org/2000/meta" xmlns:help="http://openoffice.org/2000/help">
<office:meta>
  <dc:description>text/common/01/01160300</dc:description>
  <dc:subject>主控文件的名稱和路徑</dc:subject>

  <dc:language>zh-TW</dc:language>
  <meta:user-defined meta:name="Info 0">READY</meta:user-defined>
  <meta:user-defined meta:name="Info 1">FREE_OK</meta:user-defined>
  <meta:user-defined meta:name="Info 2"/>
  <meta:user-defined meta:name="Info 3"/>
</office:meta>
 <office:script/>
 <office:font-decls>
  <style:font-decl style:name="StarSymbol" fo:font-family="StarSymbol" style:font-charset="x-symbol"/>
  <style:font-decl style:name="Courier New" fo:font-family="&apos;Courier New&apos;" style:font-style-name="Standard" style:font-family-generic="modern" style:font-pitch="fixed"/>
  <style:font-decl style:name="Courier" fo:font-family="Courier" style:font-family-generic="roman" style:font-pitch="fixed"/>
  <style:font-decl style:name="Andale WT UI4" fo:font-family="&apos;Andale WT UI&apos;" style:font-pitch="variable"/>
  <style:font-decl style:name="Arial Unicode MS" fo:font-family="&apos;Arial Unicode MS&apos;" style:font-pitch="variable"/>
  <style:font-decl style:name="HG Mincho Light J" fo:font-family="&apos;HG Mincho Light J&apos;" style:font-pitch="variable"/>
  <style:font-decl style:name="Andale WT UI" fo:font-family="&apos;Andale WT UI&apos;" style:font-family-generic="roman" style:font-pitch="variable"/>
  <style:font-decl style:name="Andale WT UI1" fo:font-family="&apos;Andale WT UI&apos;" style:font-style-name="Fett" style:font-family-generic="roman" style:font-pitch="variable"/>
  <style:font-decl style:name="Andale WT UI2" fo:font-family="&apos;Andale WT UI&apos;" style:font-style-name="Standard" style:font-family-generic="roman" style:font-pitch="variable"/>
  <style:font-decl style:name="Thorndale" fo:font-family="Thorndale" style:font-family-generic="roman" style:font-pitch="variable"/>
  <style:font-decl style:name="Times New Roman" fo:font-family="&apos;Times New Roman&apos;" style:font-style-name="Fett" style:font-family-generic="roman" style:font-pitch="variable"/>
  <style:font-decl style:name="Andale WT UI3" fo:font-family="&apos;Andale WT UI&apos;" style:font-family-generic="swiss" style:font-pitch="variable"/>
 </office:font-decls>
 <office:automatic-styles>
  <style:style style:name="P1" style:family="paragraph" style:parent-style-name="Paragraph" style:master-page-name="HTML">
   <style:properties style:page-number="0"/>
  </style:style>
  <style:style style:name="T1" style:family="text">
   <style:properties fo:font-weight="bold"/>
  </style:style>
 </office:automatic-styles>
 <office:body>
  <text:variable-decls>
   <text:variable-decl text:value-type="string" text:name="HTML_ON"/>
   <text:variable-decl text:value-type="string" text:name="HTML_OFF"/>
   <text:variable-decl text:value-type="string" text:name="TITEL"/>
   <text:variable-decl text:value-type="string" text:name="END"/>
   <text:variable-decl text:value-type="string" text:name="ELSE"/>
   <text:variable-decl text:value-type="string" text:name="NAME"/>
   <text:variable-decl text:value-type="string" text:name="MAC"/>
   <text:variable-decl text:value-type="string" text:name="HREF"/>
   <text:variable-decl text:value-type="string" text:name="HelpID"/>
   <text:variable-decl text:value-type="string" text:name="MODIFY"/>
   <text:variable-decl text:value-type="string" text:name="REFNR"/>
   <text:variable-decl text:value-type="string" text:name="HFELD"/>
   <text:variable-decl text:value-type="string" text:name="WIN"/>
   <text:variable-decl text:value-type="string" text:name="UNIX"/>
   <text:variable-decl text:value-type="string" text:name="OS2"/>
   <text:variable-decl text:value-type="string" text:name="KEY"/>
   <text:variable-decl text:value-type="string" text:name="AKTHLP"/>
   <text:variable-decl text:value-type="string" text:name="STYLE"/>
  </text:variable-decls>
  <text:sequence-decls>
   <text:sequence-decl text:display-outline-level="0" text:name="Illustration"/>
   <text:sequence-decl text:display-outline-level="0" text:name="Table"/>
   <text:sequence-decl text:display-outline-level="0" text:name="Text"/>
   <text:sequence-decl text:display-outline-level="0" text:name="Drawing"/>
  </text:sequence-decls>
  <help:help-id value="HID_SEND_MASTER_CTRL_PUSHBUTTON_CANCEL"/>
  <text:p text:style-name="Head 1">主控文件的名稱和路徑</text:p>
  <text:p text:style-name="Paragraph"><help:to-be-embedded Eid="globtext"><help:help-text value="visible">從目前的 Writer 文件建立主控文件。來源文件中每個採用「標題 1」段落樣式的段落處，都會建立一個新的子文件。</help:help-text></help:to-be-embedded></text:p>
  <help:popup Id="65611" Eid="glo"><help:embedded Id="65598" Eid="wie"></help:embedded></help:popup>
  <text:p text:style-name="Paragraph"><a name="anker"/>主控文件具有副檔名 *.sxg，並且包含一個或多個 Writer 文件。</text:p>
  <text:p text:style-name="Paragraph">建立主控文件後，螢幕上會顯示<help:link Id="65664"><text:span text:style-name="T1">[助手]</text:span></help:link>。若要編輯子文件，請在<text:span text:style-name="T1">[助手]</text:span>中按兩下子文件的名稱。<a name="end"/></text:p>
  <text:p text:style-name="Head 2"><help:help-id value="HID_SEND_MASTER_CTRL_CONTROL_FILEVIEW"/>顯示範圍</text:p>
  <help:embedded Id="65755" Eid="fileview"></help:embedded>
  <text:p text:style-name="Head 2"><help:help-id value="HID_SEND_MASTER_CTRL_EDIT_FILEURL"/>檔案名稱</text:p>
  <help:embedded Id="65755" Eid="filename"></help:embedded>
  <text:p text:style-name="Head 2"><help:help-id value="HID_SEND_MASTER_CTRL_LISTBOX_TEMPLATE"/><help:help-id value="HID_FILESAVE_TEMPLATE"/>目前樣式</text:p>
  <text:p text:style-name="Paragraph"><help:help-text value="visible">選取將來源文件分成子文件所要使用的段落樣式。</help:help-text>標準段落樣式是「標題 1」。</text:p>
  <text:p text:style-name="Head 2"><help:help-id value="HID_SEND_MASTER_CTRL_LISTBOX_FILTER"/>檔案類型</text:p>
  <help:embedded Id="65755" Eid="filetype"></help:embedded>
  <text:p text:style-name="Head 2"><help:help-id value="HID_SEND_MASTER_CTRL_PUSHBUTTON_OK"/>儲存</text:p>
  <help:embedded Id="65755" Eid="save"></help:embedded>
  <text:p text:style-name="Head 2"><help:help-id value="HID_SEND_MASTER_CTRL_CHECKBOX_AUTOEXTENSION"/>自動加上副檔名</text:p>
  <help:embedded Id="65755" Eid="autoextension"></help:embedded>
  <help:switch select="Program"><help:case select="WRITER">
  <text:p text:style-name="ParaList"><help:embedded Id="65598" Eid="related"></help:embedded></text:p>
  <text:p text:style-name="ParaList"><help:embedded Id="68200" Eid="globaldoc"></help:embedded></text:p>
  </help:case></help:switch>
 </office:body>
</office:document>
