

<office:document  xmlns:office="http://openoffice.org/2000/office" xmlns:style="http://openoffice.org/2000/style" xmlns:text="http://openoffice.org/2000/text" xmlns:table="http://openoffice.org/2000/table" xmlns:draw="http://openoffice.org/2000/drawing" xmlns:fo="http://www.w3.org/1999/XSL/Format" xmlns:xlink="http://www.w3.org/1999/xlink" xmlns:number="http://openoffice.org/2000/datastyle" xmlns:svg="http://www.w3.org/2000/svg" xmlns:chart="http://openoffice.org/2000/chart" xmlns:dr3d="http://openoffice.org/2000/dr3d" xmlns:math="http://www.w3.org/1998/Math/MathML" xmlns:form="http://openoffice.org/2000/form" xmlns:script="http://openoffice.org/2000/script" office:class="text" office:version="1.0" xmlns:dc="http://purl.org/dc/elements/1.1/" xmlns:meta="http://openoffice.org/2000/meta" xmlns:help="http://openoffice.org/2000/help">
<office:meta>
  <dc:description>text/common/01/02070000</dc:description>
  <dc:subject>貼上內容 / 選擇性貼上內容</dc:subject>

  <dc:language>zh-TW</dc:language>
  <meta:user-defined meta:name="Info 0">READY</meta:user-defined>
  <meta:user-defined meta:name="Info 1"/>
  <meta:user-defined meta:name="Info 2"/>
  <meta:user-defined meta:name="Info 3"/>
</office:meta>
 <office:script/>
 <office:font-decls>
  <style:font-decl style:name="StarSymbol" fo:font-family="StarSymbol" style:font-charset="x-symbol"/>
  <style:font-decl style:name="Courier New" fo:font-family="&apos;Courier New&apos;" style:font-style-name="Standard" style:font-family-generic="modern" style:font-pitch="fixed"/>
  <style:font-decl style:name="Courier" fo:font-family="Courier" style:font-family-generic="roman" style:font-pitch="fixed"/>
  <style:font-decl style:name="Andale WT UI3" fo:font-family="&apos;Andale WT UI&apos;" style:font-pitch="variable"/>
  <style:font-decl style:name="Arial Unicode MS" fo:font-family="&apos;Arial Unicode MS&apos;" style:font-pitch="variable"/>
  <style:font-decl style:name="HG Mincho Light J" fo:font-family="&apos;HG Mincho Light J&apos;" style:font-pitch="variable"/>
  <style:font-decl style:name="Andale WT UI" fo:font-family="&apos;Andale WT UI&apos;" style:font-style-name="Fett" style:font-family-generic="roman" style:font-pitch="variable"/>
  <style:font-decl style:name="Andale WT UI1" fo:font-family="&apos;Andale WT UI&apos;" style:font-style-name="Standard" style:font-family-generic="roman" style:font-pitch="variable"/>
  <style:font-decl style:name="Thorndale" fo:font-family="Thorndale" style:font-family-generic="roman" style:font-pitch="variable"/>
  <style:font-decl style:name="Times New Roman" fo:font-family="&apos;Times New Roman&apos;" style:font-style-name="Fett" style:font-family-generic="roman" style:font-pitch="variable"/>
  <style:font-decl style:name="Andale WT UI2" fo:font-family="&apos;Andale WT UI&apos;" style:font-family-generic="swiss" style:font-pitch="variable"/>
 </office:font-decls>
 <office:automatic-styles>
  <style:style style:name="Tabelle3" style:family="table">
   <style:properties style:width="18cm" table:align="margins"/>
  </style:style>
  <style:style style:name="Tabelle3.A" style:family="table-column">
   <style:properties style:column-width="1.499cm" style:rel-column-width="5461*"/>
  </style:style>
  <style:style style:name="Tabelle3.B" style:family="table-column">
   <style:properties style:column-width="16.501cm" style:rel-column-width="60074*"/>
  </style:style>
  <style:style style:name="P1" style:family="paragraph" style:parent-style-name="Paragraph" style:master-page-name="HTML">
   <style:properties style:page-number="0"/>
  </style:style>
  <style:style style:name="T1" style:family="text">
   <style:properties fo:font-weight="bold"/>
  </style:style>
  <style:style style:name="fr1" style:family="graphics" style:parent-style-name="Graphics">
   <style:properties style:run-through="foreground" style:wrap="run-through" style:vertical-pos="top" style:vertical-rel="paragraph" style:horizontal-pos="left" style:horizontal-rel="paragraph" style:mirror="none" fo:clip="rect(0cm 0cm 0cm 0cm)" draw:luminance="0%" draw:contrast="0%" draw:red="0%" draw:green="0%" draw:blue="0%" draw:gamma="1" draw:color-inversion="false" draw:transparency="-100%" draw:color-mode="standard"/>
  </style:style>
 </office:automatic-styles>
 <office:body>
  <text:variable-decls>
   <text:variable-decl text:value-type="string" text:name="HTML_ON"/>
   <text:variable-decl text:value-type="string" text:name="HTML_OFF"/>
   <text:variable-decl text:value-type="string" text:name="TITEL"/>
   <text:variable-decl text:value-type="string" text:name="END"/>
   <text:variable-decl text:value-type="string" text:name="MAC"/>
   <text:variable-decl text:value-type="string" text:name="ELSE"/>
   <text:variable-decl text:value-type="string" text:name="OS2"/>
   <text:variable-decl text:value-type="string" text:name="HREF"/>
   <text:variable-decl text:value-type="string" text:name="WIN"/>
   <text:variable-decl text:value-type="string" text:name="NAME"/>
   <text:variable-decl text:value-type="string" text:name="MODIFY"/>
   <text:variable-decl text:value-type="string" text:name="REFNR"/>
   <text:variable-decl text:value-type="string" text:name="KEY"/>
   <text:variable-decl text:value-type="string" text:name="HelpID"/>
   <text:variable-decl text:value-type="string" text:name="HFELD"/>
   <text:variable-decl text:value-type="string" text:name="AKTHLP"/>
   <text:variable-decl text:value-type="string" text:name="INDEX"/>
   <text:variable-decl text:value-type="string" text:name="STYLE"/>
  </text:variable-decls>
  <text:sequence-decls>
   <text:sequence-decl text:display-outline-level="0" text:name="Illustration"/>
   <text:sequence-decl text:display-outline-level="0" text:name="Table"/>
   <text:sequence-decl text:display-outline-level="0" text:name="Text"/>
   <text:sequence-decl text:display-outline-level="0" text:name="Drawing"/>
  </text:sequence-decls>
  <text:p text:style-name="P1"/>
  <text:p text:style-name="Head 1"><help:help-id value="SO3_MODALDIALOG_MD_PASTE_OBJECT"/><help:help-id value="FID_PASTE_CONTENTS"/><help:help-id value="SID_PASTE2"/><help:help-id value="FN_PASTESPECIAL"/><help:key-word value="貼上; 內容" tag="kw65731_1"/><help:key-word value="剪貼簿; 貼上內容" tag="kw65731_3"/><help:switch select="Program"><help:case select="CALC">貼上內容</help:case><help:default>選擇性貼上內容</help:default></help:switch></text:p>
  <text:p text:style-name="Paragraph"><help:to-be-embedded Eid="inhalteeinfuegentext"><help:help-text value="visible">將剪貼簿上的內容以您可以指定的格式插入到目前的檔案中。</help:help-text></help:to-be-embedded></text:p>
  <help:switch select="Program"><help:case select="WRITER"><help:executeurl Id="slot:20114"></help:executeurl><help:popup Id="65620" Eid="inhalte"><help:embedded Id="65598" Eid="wie"></help:embedded></help:popup></help:case></help:switch>
  <help:switch select="Program"><help:case select="CALC"><help:executeurl Id="slot:26220"></help:executeurl><help:popup Id="65620" Eid="inhalte"><help:embedded Id="65598" Eid="wie"></help:embedded></help:popup></help:case></help:switch>
  <help:switch select="Program"><help:case select="IMPRESS"><help:executeurl Id="slot:27003"></help:executeurl><help:popup Id="65620" Eid="inhalte"><help:embedded Id="65598" Eid="wie"></help:embedded></help:popup></help:case></help:switch>
  <help:switch select="Program"><help:case select="DRAW"><help:executeurl Id="slot:27003"></help:executeurl><help:popup Id="65620" Eid="inhalte"><help:embedded Id="65598" Eid="wie"></help:embedded></help:popup></help:case></help:switch>
  <text:p text:style-name="Head 3"><help:help-id value="HID_PASTE_DLG"/>來源</text:p>
  <text:p text:style-name="Paragraph"><help:help-text value="visible">顯示剪貼簿內容的來源。</help:help-text></text:p>
  <text:p text:style-name="Head 3"><help:help-id value="SO3_LISTBOX_MD_PASTE_OBJECT_LB_INSERT_LIST"/>選取</text:p>
  <text:p text:style-name="Paragraph"><help:help-text value="visible">選取貼上剪貼簿內容時所要使用的格式。</help:help-text></text:p>
  <text:p text:style-name="Paragraph"><help:switch select="Program"><help:case select="WRITER">當您將 HTML 資料貼上至文字文件時，可以選擇「HTML 格式」或「HTML 無註解格式」。第二種選擇為標準設定；使用此種格式可貼上除註解外的所有 HTML 資料。</help:case></help:switch></text:p>
  <text:p text:style-name="Head 2"><help:help-id value="FID_INS_CELL_CONTENTS"/><help:switch select="Program"><help:case select="CALC"><a name="inhalt"/>貼上內容</help:case></help:switch></text:p>
  <text:p text:style-name="Paragraph"><help:switch select="Program"><help:case select="CALC">如果剪貼簿包含工作表文件儲存格，則會顯示此對話方塊。</help:case></help:switch></text:p>
  <text:p text:style-name="Head 2"><help:switch select="Program"><help:case select="CALC">選取</help:case></help:switch></text:p>
  <text:p text:style-name="Paragraph"><help:switch select="Program"><help:case select="CALC">選取貼上剪貼簿內容時所要使用的格式。</help:case></help:switch></text:p>
  <text:p text:style-name="Head 3"><help:help-id value="SC_CHECKBOX_RID_SCDLG_INSCONT_BTN_INSALL"/><help:switch select="Program"><help:case select="CALC">全部插入</help:case></help:switch></text:p>
  <text:p text:style-name="Paragraph"><help:switch select="Program"><help:case select="CALC"><help:help-text value="visible">將所有儲存格內容、備註、格式和物件貼上目前的文件。</help:help-text></help:case></help:switch></text:p>
  <text:p text:style-name="Head 3"><help:help-id value="SC_CHECKBOX_RID_SCDLG_INSCONT_BTN_INSSTRINGS"/><help:switch select="Program"><help:case select="CALC">字串</help:case></help:switch></text:p>
  <text:p text:style-name="Paragraph"><help:help-text value="visible"><help:switch select="Program"><help:case select="CALC">插入包含字串的儲存格。</help:case></help:switch></help:help-text></text:p>
  <text:p text:style-name="Head 3"><help:help-id value="SC_CHECKBOX_RID_SCDLG_INSCONT_BTN_INSNUMBERS"/><help:switch select="Program"><help:case select="CALC">數字</help:case></help:switch></text:p>
  <text:p text:style-name="Paragraph"><help:help-text value="visible"><help:switch select="Program"><help:case select="CALC">插入包含數字的儲存格。</help:case></help:switch></help:help-text></text:p>
  <text:p text:style-name="Head 3"><help:help-id value="SC_CHECKBOX_RID_SCDLG_INSCONT_BTN_INSDATETIME"/><help:switch select="Program"><help:case select="CALC">日期和時間</help:case></help:switch></text:p>
  <text:p text:style-name="Paragraph"><help:help-text value="visible"><help:switch select="Program"><help:case select="CALC">插入包含日期和時間值的儲存格。</help:case></help:switch></help:help-text></text:p>
  <text:p text:style-name="Head 3"><help:help-id value="SC_CHECKBOX_RID_SCDLG_INSCONT_BTN_INSFORMULAS"/><help:switch select="Program"><help:case select="CALC">公式</help:case></help:switch></text:p>
  <text:p text:style-name="Paragraph"><help:switch select="Program"><help:case select="CALC"><help:help-text value="visible">插入包含公式的儲存格。</help:help-text></help:case></help:switch></text:p>
  <text:p text:style-name="Head 3"><help:help-id value="SC_CHECKBOX_RID_SCDLG_INSCONT_BTN_INSNOTES"/><help:switch select="Program"><help:case select="CALC">備註</help:case></help:switch></text:p>
  <text:p text:style-name="Paragraph"><help:help-text value="visible"><help:switch select="Program"><help:case select="CALC">插入附加至儲存格的備註。如果要將備註加入現有的儲存格內容中，請選取「加入」計算。</help:case></help:switch></help:help-text></text:p>
  <text:p text:style-name="Head 3"><help:help-id value="SC_CHECKBOX_RID_SCDLG_INSCONT_BTN_INSATTRS"/><help:switch select="Program"><help:case select="CALC">格式</help:case></help:switch></text:p>
  <text:p text:style-name="Paragraph"><help:help-text value="visible"><help:switch select="Program"><help:case select="CALC">插入儲存格格式屬性。</help:case></help:switch></help:help-text></text:p>
  <text:p text:style-name="Head 3"><help:help-id value="SC_CHECKBOX_RID_SCDLG_INSCONT_BTN_INSOBJECTS"/><help:switch select="Program"><help:case select="CALC">物件</help:case></help:switch></text:p>
  <text:p text:style-name="Paragraph"><help:help-text value="visible"><help:switch select="Program"><help:case select="CALC">插入所選儲存格範圍內所包含的物件。它們可以是 OLE 物件、圖表物件或繪圖物件。</help:case></help:switch></help:help-text></text:p>
  <text:p text:style-name="Head 2"><help:switch select="Program"><help:case select="CALC">計算</help:case></help:switch></text:p>
  <text:p text:style-name="Paragraph"><help:switch select="Program"><help:case select="CALC">選取在工作表中貼上包含數字的儲存格時所要採用的數學計算。不會貼上包含文字字串的儲存格。如果目標儲存格包含文字字串，則會保留此字串。</help:case></help:switch></text:p>
  <text:p text:style-name="Head 3"><help:help-id value="SC_RADIOBUTTON_RID_SCDLG_INSCONT_BTN_OP_NOOP"/><help:switch select="Program"><help:case select="CALC">無</help:case></help:switch></text:p>
  <text:p text:style-name="Paragraph"><help:help-text value="visible"><help:switch select="Program"><help:case select="CALC">當您從剪貼簿插入此儲存格範圍時，請勿採用計算。剪貼簿的內容將代替現有的儲存格內容。</help:case></help:switch></help:help-text></text:p>
  <text:p text:style-name="Head 3"><help:help-id value="SC_RADIOBUTTON_RID_SCDLG_INSCONT_BTN_OP_ADD"/><help:switch select="Program"><help:case select="CALC">加</help:case></help:switch></text:p>
  <text:p text:style-name="Paragraph"><help:help-text value="visible"><help:switch select="Program"><help:case select="CALC">將剪貼簿所含儲存格內的數值與目標儲存格中的數值相加。此外，如果剪貼簿僅包含備註，則將此備註加入到目標儲存格內現有的儲存格內容中。</help:case></help:switch></help:help-text></text:p>
  <text:p text:style-name="Head 3"><help:help-id value="SC_RADIOBUTTON_RID_SCDLG_INSCONT_BTN_OP_SUB"/><help:switch select="Program"><help:case select="CALC">減去</help:case></help:switch></text:p>
  <text:p text:style-name="Paragraph"><help:help-text value="visible"><help:switch select="Program"><help:case select="CALC">用目標儲存格中的數值減去剪貼簿所含儲存格中的數值。</help:case></help:switch></help:help-text></text:p>
  <text:p text:style-name="Head 3"><help:help-id value="SC_RADIOBUTTON_RID_SCDLG_INSCONT_BTN_OP_MUL"/><help:switch select="Program"><help:case select="CALC">乘</help:case></help:switch></text:p>
  <text:p text:style-name="Paragraph"><help:help-text value="visible"><help:switch select="Program"><help:case select="CALC">用目標儲存格中的數值乘以剪貼簿所含儲存格中的數值。</help:case></help:switch></help:help-text></text:p>
  <text:p text:style-name="Head 3"><help:help-id value="SC_RADIOBUTTON_RID_SCDLG_INSCONT_BTN_OP_DIV"/><help:switch select="Program"><help:case select="CALC">除</help:case></help:switch></text:p>
  <text:p text:style-name="Paragraph"><help:help-text value="visible"><help:switch select="Program"><help:case select="CALC">用剪貼簿所包含儲存格中的數值除以目標儲存格中的數值。</help:case></help:switch></help:help-text></text:p>
  <text:p text:style-name="Head 2"><help:switch select="Program"><help:case select="CALC">選項</help:case></help:switch></text:p>
  <text:p text:style-name="Paragraph"><help:switch select="Program"><help:case select="CALC">這些功能會調整以特定方式來插入內容。</help:case></help:switch></text:p>
  <text:p text:style-name="Head 3"><help:help-id value="SC_CHECKBOX_RID_SCDLG_INSCONT_BTN_SKIP_EMPTY"/><help:switch select="Program"><help:case select="CALC">跳過空儲存格</help:case></help:switch></text:p>
  <text:p text:style-name="Paragraph"><help:switch select="Program"><help:case select="CALC"><help:help-text value="visible">剪貼簿上的空白儲存格不會代替目標儲存格。如果此選項與<text:span text:style-name="T1">乘</text:span>或<text:span text:style-name="T1">除</text:span>計算一同使用，則剪貼簿上空白儲存格的目標儲存格不會採用此計算。</help:help-text></help:case></help:switch></text:p>
  <help:switch select="Program"><help:case select="CALC">
  <table:table table:name="Tabelle3" table:style-name="Tabelle3">
   <table:table-column table:style-name="Tabelle3.A"/>
   <table:table-column table:style-name="Tabelle3.B"/>
   <table:table-header-rows>
    <table:table-row>
     <table:table-cell table:value-type="string">
      <text:p text:style-name="Paragraph"><draw:image draw:name="備註0" svg:desc="備註" svg:pixelx="32" svg:pixely="32" svg:width="0.847cm" svg:height="0.847cm" xlink:href="65980" draw:filter-name=""/></text:p>

     </table:table-cell>
     <table:table-cell table:value-type="string">
      <text:p text:style-name="Paragraph">如果您選取了數學計算，並清除了<text:span text:style-name="T1">[跳過空白儲存格]</text:span>方塊，則剪貼簿中的空白儲存格被視為零。例如，如果採用<text:span text:style-name="T1">[乘]</text:span>計算，則目標儲存格由零充填。</text:p>
     </table:table-cell>
    </table:table-row>
   </table:table-header-rows>
  </table:table>
  </help:case></help:switch>
  <text:p text:style-name="Head 3"><help:help-id value="SC_CHECKBOX_RID_SCDLG_INSCONT_BTN_TRANSPOSE"/><help:switch select="Program"><help:case select="CALC"><help:key-word value="行欄替換" tag="kw65731_2"/>行欄替換</help:case></help:switch></text:p>
  <text:p text:style-name="Paragraph"><help:switch select="Program"><help:case select="CALC"><help:help-text value="visible">左欄中的儲存格變成首列，而首列變成左欄。</help:help-text> 剪貼簿中所包含的物件會調整顯示比例，以適合匯出區域。</help:case></help:switch></text:p>
  <text:p text:style-name="Head 3"><help:help-id value="SC_CHECKBOX_RID_SCDLG_INSCONT_BTN_LINK"/><help:switch select="Program"><help:case select="CALC">捷徑</help:case></help:switch></text:p>
  <text:p text:style-name="Paragraph"><help:switch select="Program"><help:case select="CALC"><help:help-text value="visible">將儲存格範圍作為捷徑插入，這樣，變更來源檔案中的儲存格時，目標檔案中的相應內容會隨之更新。若要確保變更來源檔案中的空白儲存格時，目標檔案中的相應內容也會隨之更新，還必須選取<text:span text:style-name="T1">[全部插入]</text:span>選項。 </help:help-text></help:case></help:switch></text:p>
  <text:p text:style-name="Paragraph"><help:switch select="Program"><help:case select="CALC">您也可以連結同一工作表文件中的工作表。連結其他檔案時，系統會自動建立 <help:popup Id="65619" Eid="dde">DDE 捷徑</help:popup>。DDE 捷徑會作為矩陣公式插入，並且只可以作為一個整體進行修改。</help:case></help:switch></text:p>
  <text:p text:style-name="Head 2"><help:switch select="Program"><help:case select="CALC">移動儲存格</help:case></help:switch></text:p>
  <text:p text:style-name="Paragraph"><help:switch select="Program"><help:case select="CALC">設定插入剪貼簿內容時目標儲存格的移動選項。</help:case></help:switch></text:p>
  <text:p text:style-name="Head 3"><help:help-id value="SC_RADIOBUTTON_RID_SCDLG_INSCONT_BTN_MV_NONE"/><help:switch select="Program"><help:case select="CALC">不移動</help:case></help:switch></text:p>
  <text:p text:style-name="Paragraph"><help:help-text value="visible"><help:switch select="Program"><help:case select="CALC">插入的儲存格代替目標儲存格。</help:case></help:switch></help:help-text></text:p>
  <text:p text:style-name="Head 3"><help:help-id value="SC_RADIOBUTTON_RID_SCDLG_INSCONT_BTN_MV_DOWN"/><help:switch select="Program"><help:case select="CALC">向下</help:case></help:switch></text:p>
  <text:p text:style-name="Paragraph"><help:help-text value="visible"><help:switch select="Program"><help:case select="CALC">從剪貼簿插入儲存格時，目標儲存格向下移動。</help:case></help:switch></help:help-text></text:p>
  <text:p text:style-name="Head 3"><help:help-id value="SC_RADIOBUTTON_RID_SCDLG_INSCONT_BTN_MV_RIGHT"/><help:switch select="Program"><help:case select="CALC">向右</help:case></help:switch></text:p>
  <text:p text:style-name="Paragraph"><help:help-text value="visible"><help:switch select="Program"><help:case select="CALC">從剪貼簿插入儲存格時，目標儲存格向右移動。</help:case></help:switch></help:help-text></text:p>
 </office:body>
</office:document>
