

<office:document  xmlns:office="http://openoffice.org/2000/office" xmlns:style="http://openoffice.org/2000/style" xmlns:text="http://openoffice.org/2000/text" xmlns:table="http://openoffice.org/2000/table" xmlns:draw="http://openoffice.org/2000/drawing" xmlns:fo="http://www.w3.org/1999/XSL/Format" xmlns:xlink="http://www.w3.org/1999/xlink" xmlns:number="http://openoffice.org/2000/datastyle" xmlns:svg="http://www.w3.org/2000/svg" xmlns:chart="http://openoffice.org/2000/chart" xmlns:dr3d="http://openoffice.org/2000/dr3d" xmlns:math="http://www.w3.org/1998/Math/MathML" xmlns:form="http://openoffice.org/2000/form" xmlns:script="http://openoffice.org/2000/script" office:class="text" office:version="1.0" xmlns:dc="http://purl.org/dc/elements/1.1/" xmlns:meta="http://openoffice.org/2000/meta" xmlns:help="http://openoffice.org/2000/help">
<office:meta>
  <dc:description>text/common/01/02100100</dc:description>
  <dc:subject>相似字搜尋</dc:subject>

  <dc:language>zh-TW</dc:language>
  <meta:user-defined meta:name="Info 0">READY</meta:user-defined>
  <meta:user-defined meta:name="Info 1">FREE_OK</meta:user-defined>
  <meta:user-defined meta:name="Info 2"/>
  <meta:user-defined meta:name="Info 3"/>
</office:meta>
 <office:script/>
 <office:font-decls>
  <style:font-decl style:name="StarSymbol" fo:font-family="StarSymbol" style:font-charset="x-symbol"/>
  <style:font-decl style:name="Courier New" fo:font-family="&apos;Courier New&apos;" style:font-style-name="Standard" style:font-family-generic="modern" style:font-pitch="fixed"/>
  <style:font-decl style:name="Courier" fo:font-family="Courier" style:font-family-generic="roman" style:font-pitch="fixed"/>
  <style:font-decl style:name="Andale WT UI3" fo:font-family="&apos;Andale WT UI&apos;" style:font-pitch="variable"/>
  <style:font-decl style:name="Arial Unicode MS" fo:font-family="&apos;Arial Unicode MS&apos;" style:font-pitch="variable"/>
  <style:font-decl style:name="HG Mincho Light J" fo:font-family="&apos;HG Mincho Light J&apos;" style:font-pitch="variable"/>
  <style:font-decl style:name="Andale WT UI" fo:font-family="&apos;Andale WT UI&apos;" style:font-style-name="Fett" style:font-family-generic="roman" style:font-pitch="variable"/>
  <style:font-decl style:name="Andale WT UI1" fo:font-family="&apos;Andale WT UI&apos;" style:font-style-name="Standard" style:font-family-generic="roman" style:font-pitch="variable"/>
  <style:font-decl style:name="Thorndale" fo:font-family="Thorndale" style:font-family-generic="roman" style:font-pitch="variable"/>
  <style:font-decl style:name="Times New Roman" fo:font-family="&apos;Times New Roman&apos;" style:font-style-name="Fett" style:font-family-generic="roman" style:font-pitch="variable"/>
  <style:font-decl style:name="Andale WT UI2" fo:font-family="&apos;Andale WT UI&apos;" style:font-family-generic="swiss" style:font-pitch="variable"/>
 </office:font-decls>
 <office:automatic-styles>
  <style:style style:name="P1" style:family="paragraph" style:parent-style-name="Paragraph" style:master-page-name="HTML">
   <style:properties style:page-number="0"/>
  </style:style>
  <style:style style:name="T1" style:family="text">
   <style:properties fo:font-weight="bold"/>
  </style:style>
 </office:automatic-styles>
 <office:body>
  <text:variable-decls>
   <text:variable-decl text:value-type="string" text:name="HTML_ON"/>
   <text:variable-decl text:value-type="string" text:name="HTML_OFF"/>
   <text:variable-decl text:value-type="string" text:name="TITEL"/>
   <text:variable-decl text:value-type="string" text:name="END"/>
   <text:variable-decl text:value-type="string" text:name="OS2"/>
   <text:variable-decl text:value-type="string" text:name="ELSE"/>
   <text:variable-decl text:value-type="string" text:name="HREF"/>
   <text:variable-decl text:value-type="string" text:name="MAC"/>
   <text:variable-decl text:value-type="string" text:name="NAME"/>
   <text:variable-decl text:value-type="string" text:name="HelpID"/>
   <text:variable-decl text:value-type="string" text:name="WIN"/>
   <text:variable-decl text:value-type="string" text:name="HFELD"/>
   <text:variable-decl text:value-type="string" text:name="MODIFY"/>
   <text:variable-decl text:value-type="string" text:name="REFNR"/>
   <text:variable-decl text:value-type="string" text:name="KEY"/>
   <text:variable-decl text:value-type="string" text:name="AKTHLP"/>
   <text:variable-decl text:value-type="string" text:name="INDEX"/>
   <text:variable-decl text:value-type="string" text:name="STYLE"/>
  </text:variable-decls>
  <text:sequence-decls>
   <text:sequence-decl text:display-outline-level="0" text:name="Illustration"/>
   <text:sequence-decl text:display-outline-level="0" text:name="Table"/>
   <text:sequence-decl text:display-outline-level="0" text:name="Text"/>
   <text:sequence-decl text:display-outline-level="0" text:name="Drawing"/>
  </text:sequence-decls>
  <help:to-be-embedded Eid="aehnlichkeit">
  <text:p text:style-name="Head 1"><help:help-id value="SVX_CHECKBOX_RID_SVXDLG_SEARCH_CB_SIMILARITY"/><help:key-word value="相似字搜尋" tag="kw65785_1"/><help:key-word value="搜尋; 相似字搜尋" tag="kw65785_2"/><help:link Id="65785">相似字搜尋</help:link></text:p>
  <text:p text:style-name="Paragraph"><help:help-text value="visible">搜尋與<text:span text:style-name="T1">[搜尋內容]</text:span>中的文字類似的術語。選取此核取方塊，然後按一下<text:span text:style-name="T1">[...]</text:span>按鈕來定義類似選項。</help:help-text></text:p>
  </help:to-be-embedded>
  <text:p text:style-name="Paragraph">這個搜尋和具有規則表達的搜尋不同的是，它可以用其他方式搜尋一致。因此可以在此找到字，這些字和搜尋項目不同，例如透過兩個在不同位置上交換、插入或移除的字元。</text:p>
  <help:popup Id="65620" Eid="suchenaehnlichkeit"><help:embedded Id="65598" Eid="wie"></help:embedded></help:popup>
  <text:p text:style-name="Head 2"><help:help-id value="SVX_PUSHBUTTON_RID_SVXDLG_SEARCH_PB_SIMILARITY"/>...</text:p>
  <text:p text:style-name="Paragraph"><help:help-text value="visible">設定用於相似搜尋的選項。</help:help-text></text:p>
  <text:p text:style-name="Head 2">設定</text:p>
  <text:p text:style-name="Paragraph">定義確定字詞是否與搜尋術語類似所需的條件。</text:p>
  <text:p text:style-name="Head 3"><help:help-id value="SVX_NUMERICFIELD_RID_SVXDLG_SEARCHSIMILARITY_NF_OTHER"/><a name="other"/>交換字元</text:p>
  <text:p text:style-name="Paragraph"><help:help-text value="visible">輸入搜尋術語中可以替換的字元數。</help:help-text>例如，如果指定替換字元數為 2，則會將「black」和「crack」視為類似的單詞。</text:p>
  <text:p text:style-name="Head 3"><help:help-id value="SVX_NUMERICFIELD_RID_SVXDLG_SEARCHSIMILARITY_NF_LONGER"/><a name="longer"/>增加字元</text:p>
  <text:p text:style-name="Paragraph"><help:help-text value="visible">輸入某個字詞最多可以比搜尋術語中的字元數多出的字元數。</help:help-text></text:p>
  <text:p text:style-name="Head 3"><help:help-id value="SVX_NUMERICFIELD_RID_SVXDLG_SEARCHSIMILARITY_NF_SHORTER"/><a name="shorter"/>刪除字元</text:p>
  <text:p text:style-name="Paragraph"><help:help-text value="visible">輸入搜尋術語可以比某個字詞多出的字元數。</help:help-text></text:p>
  <text:p text:style-name="Head 3"><help:help-id value="SVX_CHECKBOX_RID_SVXDLG_SEARCHSIMILARITY_CB_RELAX"/><a name="relaxed"/>組合</text:p>
  <text:p text:style-name="Paragraph"><help:help-text value="visible">搜尋符合類似搜尋設定之任意組合的術語。</help:help-text></text:p>
 </office:body>
</office:document>
