

<office:document  xmlns:office="http://openoffice.org/2000/office" xmlns:style="http://openoffice.org/2000/style" xmlns:text="http://openoffice.org/2000/text" xmlns:table="http://openoffice.org/2000/table" xmlns:draw="http://openoffice.org/2000/drawing" xmlns:fo="http://www.w3.org/1999/XSL/Format" xmlns:xlink="http://www.w3.org/1999/xlink" xmlns:number="http://openoffice.org/2000/datastyle" xmlns:svg="http://www.w3.org/2000/svg" xmlns:chart="http://openoffice.org/2000/chart" xmlns:dr3d="http://openoffice.org/2000/dr3d" xmlns:math="http://www.w3.org/1998/Math/MathML" xmlns:form="http://openoffice.org/2000/form" xmlns:script="http://openoffice.org/2000/script" office:class="text" office:version="1.0" xmlns:dc="http://purl.org/dc/elements/1.1/" xmlns:meta="http://openoffice.org/2000/meta" xmlns:help="http://openoffice.org/2000/help">
<office:meta>
  <dc:description>text/common/01/02100000</dc:description>
  <dc:subject>搜尋和代替</dc:subject>

  <dc:language>zh-TW</dc:language>
  <meta:user-defined meta:name="Info 0">READY</meta:user-defined>
  <meta:user-defined meta:name="Info 1">FREE_OK</meta:user-defined>
  <meta:user-defined meta:name="Info 2"/>
  <meta:user-defined meta:name="Info 3"/>
</office:meta>
 <office:script/>
 <office:font-decls>
  <style:font-decl style:name="StarSymbol" fo:font-family="StarSymbol" style:font-charset="x-symbol"/>
  <style:font-decl style:name="Courier New" fo:font-family="&apos;Courier New&apos;" style:font-style-name="Standard" style:font-family-generic="modern" style:font-pitch="fixed"/>
  <style:font-decl style:name="Courier" fo:font-family="Courier" style:font-family-generic="roman" style:font-pitch="fixed"/>
  <style:font-decl style:name="Andale WT UI3" fo:font-family="&apos;Andale WT UI&apos;" style:font-pitch="variable"/>
  <style:font-decl style:name="Arial Unicode MS" fo:font-family="&apos;Arial Unicode MS&apos;" style:font-pitch="variable"/>
  <style:font-decl style:name="HG Mincho Light J" fo:font-family="&apos;HG Mincho Light J&apos;" style:font-pitch="variable"/>
  <style:font-decl style:name="Andale WT UI" fo:font-family="&apos;Andale WT UI&apos;" style:font-style-name="Fett" style:font-family-generic="roman" style:font-pitch="variable"/>
  <style:font-decl style:name="Andale WT UI1" fo:font-family="&apos;Andale WT UI&apos;" style:font-style-name="Standard" style:font-family-generic="roman" style:font-pitch="variable"/>
  <style:font-decl style:name="Thorndale" fo:font-family="Thorndale" style:font-family-generic="roman" style:font-pitch="variable"/>
  <style:font-decl style:name="Times New Roman" fo:font-family="&apos;Times New Roman&apos;" style:font-style-name="Fett" style:font-family-generic="roman" style:font-pitch="variable"/>
  <style:font-decl style:name="Andale WT UI2" fo:font-family="&apos;Andale WT UI&apos;" style:font-family-generic="swiss" style:font-pitch="variable"/>
 </office:font-decls>
 <office:automatic-styles>
  <style:style style:name="Tabelle1" style:family="table">
   <style:properties style:width="18cm" table:align="margins"/>
  </style:style>
  <style:style style:name="Tabelle1.A" style:family="table-column">
   <style:properties style:column-width="1.499cm" style:rel-column-width="5461*"/>
  </style:style>
  <style:style style:name="Tabelle1.B" style:family="table-column">
   <style:properties style:column-width="16.501cm" style:rel-column-width="60074*"/>
  </style:style>
  <style:style style:name="Tabelle3" style:family="table">
   <style:properties style:width="18cm" table:align="margins"/>
  </style:style>
  <style:style style:name="Tabelle3.A" style:family="table-column">
   <style:properties style:column-width="1.499cm" style:rel-column-width="5460*"/>
  </style:style>
  <style:style style:name="Tabelle3.B" style:family="table-column">
   <style:properties style:column-width="16.501cm" style:rel-column-width="60075*"/>
  </style:style>
  <style:style style:name="Tabelle3.1" style:family="table-row">
   <style:properties style:min-row-height="0.848cm"/>
  </style:style>
  <style:style style:name="Tabelle3.A1" style:family="table-cell">
   <style:properties fo:padding="0cm" fo:border="none"/>
  </style:style>
  <style:style style:name="P1" style:family="paragraph" style:parent-style-name="Paragraph" style:master-page-name="HTML">
   <style:properties style:page-number="0"/>
  </style:style>
  <style:style style:name="T1" style:family="text">
   <style:properties fo:font-weight="bold"/>
  </style:style>
  <style:style style:name="fr1" style:family="graphics" style:parent-style-name="Graphics">
   <style:properties style:run-through="foreground" style:wrap="run-through" style:vertical-pos="top" style:vertical-rel="paragraph" style:horizontal-pos="left" style:horizontal-rel="paragraph" style:mirror="none" fo:clip="rect(0cm 0cm 0cm 0cm)" draw:luminance="0%" draw:contrast="0%" draw:red="0%" draw:green="0%" draw:blue="0%" draw:gamma="1" draw:color-inversion="false" draw:transparency="-100%" draw:color-mode="standard"/>
  </style:style>
  <style:style style:name="fr2" style:family="graphics" style:parent-style-name="Graphics">
   <style:properties fo:margin-left="0cm" fo:margin-right="0cm" fo:margin-top="0cm" fo:margin-bottom="0cm" style:run-through="foreground" style:wrap="run-through" style:vertical-pos="middle" style:vertical-rel="paragraph" style:horizontal-pos="left" style:horizontal-rel="paragraph" style:mirror="none" fo:clip="rect(0cm 0cm 0cm 0cm)" draw:luminance="0%" draw:contrast="0%" draw:red="0%" draw:green="0%" draw:blue="0%" draw:gamma="1" draw:color-inversion="false" draw:transparency="-100%" draw:color-mode="standard"/>
  </style:style>
 </office:automatic-styles>
 <office:body>
  <text:variable-decls>
   <text:variable-decl text:value-type="string" text:name="HTML_ON"/>
   <text:variable-decl text:value-type="string" text:name="HTML_OFF"/>
   <text:variable-decl text:value-type="string" text:name="TITEL"/>
   <text:variable-decl text:value-type="string" text:name="END"/>
   <text:variable-decl text:value-type="string" text:name="OS2"/>
   <text:variable-decl text:value-type="string" text:name="ELSE"/>
   <text:variable-decl text:value-type="string" text:name="HREF"/>
   <text:variable-decl text:value-type="string" text:name="MAC"/>
   <text:variable-decl text:value-type="string" text:name="NAME"/>
   <text:variable-decl text:value-type="string" text:name="HelpID"/>
   <text:variable-decl text:value-type="string" text:name="WIN"/>
   <text:variable-decl text:value-type="string" text:name="HFELD"/>
   <text:variable-decl text:value-type="string" text:name="MODIFY"/>
   <text:variable-decl text:value-type="string" text:name="REFNR"/>
   <text:variable-decl text:value-type="string" text:name="KEY"/>
   <text:variable-decl text:value-type="string" text:name="INDEX"/>
   <text:variable-decl text:value-type="string" text:name="AKTHLP"/>
   <text:variable-decl text:value-type="string" text:name="STYLE"/>
  </text:variable-decls>
  <text:sequence-decls>
   <text:sequence-decl text:display-outline-level="0" text:name="Illustration"/>
   <text:sequence-decl text:display-outline-level="0" text:name="Table"/>
   <text:sequence-decl text:display-outline-level="0" text:name="Text"/>
   <text:sequence-decl text:display-outline-level="0" text:name="Drawing"/>
  </text:sequence-decls>
  <help:to-be-embedded Eid="suchenersetzen">
  <text:p text:style-name="Head 1"><help:help-id value="SID_SEARCH_ITEM"/><help:help-id value="SID_SEARCH_DLG"/><help:key-word value="搜尋和代替; 文字" tag="kw65852_1"/><help:key-word value="搜尋; 文字" tag="kw65852_17"/><help:key-word value="搜尋; 表格" tag="kw65852_16"/><help:key-word value="代替; 文字" tag="kw65852_15"/><help:key-word value="代替; 儲存格" tag="kw65852_14"/><help:key-word value="搜尋; 樣式" tag="kw65852_13"/><help:key-word value="樣式; 搜尋" tag="kw65852_12"/><help:key-word value="搜尋; 查看搜尋" tag="kw65852_11"/><help:to-be-embedded Eid="02100000"><help:link Id="65852">搜尋和代替</help:link></help:to-be-embedded></text:p>
  <text:p text:style-name="Paragraph"><help:to-be-embedded Eid="suchenersetzentext"><help:help-text value="visible">搜尋或代替目前文件中的文字或格式。</help:help-text></help:to-be-embedded></text:p>
  </help:to-be-embedded>
  <help:executeurl Id="slot:5961"></help:executeurl><help:popup Id="65620" Eid="suchen"><help:embedded Id="65598" Eid="wie"></help:embedded></help:popup>
  <text:p text:style-name="Head 2"><help:help-id value="SVX_COMBOBOX_RID_SVXDLG_SEARCH_ED_SEARCH"/><help:help-id value="SVX_LISTBOX_RID_SVXDLG_SEARCH_LB_SEARCH"/>搜尋內容</text:p>
  <text:p text:style-name="Paragraph"><help:help-text value="visible">輸入要搜尋的文字，或者從清單中選取一個先前搜尋過的項目。</help:help-text></text:p>
  <text:p text:style-name="Paragraph"><help:help-id value="SVX_MULTILINEEDIT_RID_SVXDLG_SEARCH_ED_SEARCH_FORMATS"/><help:help-text value="visible">對話方塊的<text:span text:style-name="T1">[選項]</text:span>區域中列出了搜尋選項。</help:help-text></text:p>
  <text:p text:style-name="Head 2"><help:help-id value="SVX_COMBOBOX_RID_SVXDLG_SEARCH_ED_REPLACE"/><help:help-id value="SVX_LISTBOX_RID_SVXDLG_SEARCH_LB_REPLACE"/>更替成</text:p>
  <text:p text:style-name="Paragraph"><help:help-text value="visible">輸入替代文字，或者從清單中選取一個最近輸入的替代文字或樣式。</help:help-text></text:p>
  <text:p text:style-name="Paragraph"><help:help-id value="SVX_MULTILINEEDIT_RID_SVXDLG_SEARCH_ED_REPLACE_FORMATS"/><help:help-text value="visible">對話方塊的<text:span text:style-name="T1">[選項]</text:span>區域中列出了替代選項。</help:help-text></text:p>
  <text:p text:style-name="Head 2">選項</text:p>
  <text:p text:style-name="Head 3"><help:help-id value="SVX_CHECKBOX_RID_SVXDLG_SEARCH_BTN_CELLS"/><help:switch select="Program"><help:case select="CALC">只是整個儲存格</help:case><help:default>只允許整個詞</help:default></help:switch></text:p>
  <text:p text:style-name="Paragraph"><help:to-be-embedded Eid="ganze"><help:help-text value="visible"><help:switch select="Program"><help:case select="CALC">所找到的是內容與搜尋項目完全相同的儲存格。如果搜尋項目僅為儲存格內容的一部分，則搜尋結果不會出現此儲存格。</help:case><help:default>所找到的是與搜尋文字相同的整個詞。如果此搜尋文字僅為整個字的一部分，則搜尋結果不會出現這個字。</help:default></help:switch></help:help-text></help:to-be-embedded></text:p>
  <text:p text:style-name="Head 3"><help:help-id value="SVX_CHECKBOX_RID_SVXDLG_SEARCH_BTN_BACKWARDS"/>向後</text:p>
  <text:p text:style-name="Paragraph"><help:help-text value="visible">從目前游標所在位置開始搜尋，搜尋完畢後返回檔案的起始位置。</help:help-text></text:p>
  <text:p text:style-name="Head 3"><help:help-id value="SVX_CHECKBOX_RID_SVXDLG_SEARCH_BTN_REGEXP"/><a name="platzhalter"/><help:switch select="Program"><help:case select="DRAW"></help:case><help:case select="IMPRESS"></help:case><help:default>常規表達<help:key-word value="常規表達; 搜尋" tag="kw65852_10"/><help:key-word value="萬用字元搜尋; 常規表達" tag="kw65852_9"/><help:key-word value="搜尋和代替; 常規表達" tag="kw65852_8"/></help:default></help:switch></text:p>
  <text:p text:style-name="Paragraph"><help:switch select="Program"><help:case select="DRAW"></help:case><help:case select="IMPRESS"></help:case><help:default><help:help-text value="visible">允許在搜尋中使用萬用字元。</help:help-text></help:default></help:switch></text:p>
  <text:p text:style-name="Paragraph"><help:switch select="Program"><help:case select="DRAW"></help:case><help:case select="IMPRESS"></help:case><help:default><help:embedded Id="68251" Eid="02100001"></help:embedded></help:default></help:switch></text:p>
  <text:p text:style-name="Head 3"><help:help-id value="SVX_CHECKBOX_RID_SVXDLG_SEARCH_CB_MATCH_CASE"/>精確搜尋</text:p>
  <text:p text:style-name="Paragraph"><help:key-word value="區分大小寫搜尋" tag="kw65852_7"/><help:to-be-embedded Eid="exakt"><help:help-text value="visible">區分字元的大小寫。</help:help-text></help:to-be-embedded></text:p>
  <text:p text:style-name="Head 3"><help:help-id value="SVX_CHECKBOX_RID_SVXDLG_SEARCH_BTN_SELECTIONS"/><help:key-word value="搜尋; 選擇" tag="kw65852_6"/>僅目前的選擇</text:p>
  <text:p text:style-name="Paragraph"><help:help-text value="visible"><help:switch select="Program"><help:case select="CALC">僅在所選儲存格中搜尋。</help:case><help:default>僅在所選文字中搜尋。</help:default></help:switch></help:help-text></text:p>
  <text:p text:style-name="Head 3"><help:help-id value="SVX_CHECKBOX_RID_SVXDLG_SEARCH_BTN_LAYOUTS"/><help:switch select="Program"><help:case select="DRAW"></help:case><help:case select="IMPRESS"></help:case><help:default>搜尋樣式</help:default></help:switch></text:p>
  <text:p text:style-name="Paragraph"><help:help-text value="visible">搜尋指定的樣式。選取此核取方塊，然後從<text:span text:style-name="T1">[搜尋內容]</text:span>清單中選取一個樣式。若要指定替代樣式，請從<text:span text:style-name="T1">[更替成]</text:span>清單中選取一個樣式。</help:help-text></text:p>
  <help:embedded Id="65785" Eid="aehnlichkeit"></help:embedded>
  <text:p text:style-name="Head 3"><help:help-id value="SVX_CHECKBOX_RID_SVXDLG_SEARCH_CB_JAP_MATCH_FULL_HALF_WIDTH"/><help:to-be-embedded Eid="halbnormaltitel">顧及字寬 (僅適用於支援中日韓語言時)</help:to-be-embedded></text:p>
  <text:p text:style-name="Paragraph"><help:to-be-embedded Eid="halbnormaltext"><help:help-text value="visible">區分半形與全形字元形式。</help:help-text></help:to-be-embedded></text:p>
  <text:p text:style-name="Head 3"><help:help-id value="SVX_CHECKBOX_RID_SVXDLG_SEARCH_CB_JAP_SOUNDS_LIKE"/><help:to-be-embedded Eid="aehnlichtitel">類似字元 (日) (只支援中日韓語言)</help:to-be-embedded></text:p>
  <text:p text:style-name="Paragraph"><help:to-be-embedded Eid="aehnlichtext"><help:help-text value="visible">可讓您為類似日文中所使用的表示法指定搜尋選項。選取此核取方塊，然後按一下<text:span text:style-name="T1">[...]</text:span>按鈕來指定搜尋選項。 </help:help-text></help:to-be-embedded></text:p>
  <text:p text:style-name="Paragraph"><help:help-id value="SVX_PUSHBUTTON_RID_SVXDLG_SEARCH_PB_JAP_OPTIONS"/><help:to-be-embedded Eid="aehnlichbutton"><help:help-text value="hide">為類似日文中所使用的表示法設定搜尋選項。</help:help-text></help:to-be-embedded></text:p>
  <text:p text:style-name="Paragraph"><help:link Id="68108">使用日語搜尋</help:link></text:p>
  <text:p text:style-name="Head 2"><help:help-id value="SVX_PUSHBUTTON_RID_SVXDLG_SEARCH_BTN_SEARCH_ALL"/>搜尋全部</text:p>
  <text:p text:style-name="Paragraph"><help:help-text value="visible">搜尋並選取您在文件中所搜尋的文字或格式的所有實例。</help:help-text></text:p>
  <text:p text:style-name="Head 2"><help:help-id value="SVX_PUSHBUTTON_RID_SVXDLG_SEARCH_BTN_SEARCH"/>搜尋</text:p>
  <text:p text:style-name="Paragraph"><help:help-text value="visible">搜尋並選取您在文件中所搜尋文字或格式的下一個實例。</help:help-text></text:p>
  <text:p text:style-name="Head 2"><help:help-id value="SVX_PUSHBUTTON_RID_SVXDLG_SEARCH_BTN_REPLACE_ALL"/>全部代替</text:p>
  <text:p text:style-name="Paragraph"><help:help-text value="visible">代替所有要代替的文字或格式的實例。<help:switch select="Program"><help:case select="IMPRESS">重複此指令，直到代替了投影片中全部需要代替的內容。</help:case></help:switch></help:help-text></text:p>
  <text:p text:style-name="Head 2"><help:help-id value="SVX_PUSHBUTTON_RID_SVXDLG_SEARCH_BTN_REPLACE"/>替代</text:p>
  <text:p text:style-name="Paragraph"><help:help-text value="visible">代替搜尋到的所選文字或格式，然後搜尋下一個實例。</help:help-text></text:p>
  <text:p text:style-name="Head 2"><help:switch select="Program"><help:case select="WRITER"><help:link Id="65769">屬性...</help:link></help:case></help:switch></text:p>
  <help:switch select="Program"><help:case select="WRITER"><help:embedded Id="65769" Eid="attributetext"></help:embedded></help:case></help:switch>
  <text:p text:style-name="Head 2"><help:switch select="Program"><help:case select="WRITER"><help:link Id="65665">格式...</help:link></help:case></help:switch></text:p>
  <help:switch select="Program"><help:case select="WRITER"><help:embedded Id="65665" Eid="formattext"></help:embedded></help:case></help:switch>
  <text:p text:style-name="Head 2"><help:help-id value="SVX_PUSHBUTTON_RID_SVXDLG_SEARCH_BTN_NOFORMAT"/><help:switch select="Program"><help:case select="WRITER">無格式</help:case></help:switch></text:p>
  <text:p text:style-name="Paragraph"><help:switch select="Program"><help:case select="WRITER"><help:help-text value="visible">在<text:span text:style-name="T1">[搜尋內容]</text:span>或<text:span text:style-name="T1">[更替成]</text:span>方塊中按一下，然後按一下此按鈕以移除基於格式的搜尋條件。</help:help-text></help:case></help:switch></text:p>
  <help:switch select="Program"><help:case select="WRITER">
  <table:table table:name="Tabelle1" table:style-name="Tabelle1">
   <table:table-column table:style-name="Tabelle1.A"/>
   <table:table-column table:style-name="Tabelle1.B"/>
   <table:table-header-rows>
    <table:table-row>
     <table:table-cell table:value-type="string">
      <text:p text:style-name="Paragraph"><draw:image draw:name="圖示0" svg:desc="備註圖示" svg:pixelx="32" svg:pixely="32" svg:width="0.847cm" svg:height="0.847cm" xlink:href="65980" draw:filter-name=""/></text:p>

     </table:table-cell>
     <table:table-cell table:value-type="string">
      <text:p text:style-name="Paragraph">在<text:span text:style-name="T1">[搜尋內容]</text:span>或<text:span text:style-name="T1">[更替成]</text:span>方塊下顯示格式屬性的搜尋條件。</text:p>
     </table:table-cell>
    </table:table-row>
   </table:table-header-rows>
  </table:table>
  </help:case></help:switch>
  <text:p text:style-name="Head 2"><help:help-id value="SVX_MOREBUTTON_RID_SVXDLG_SEARCH_BTN_MORE"/><help:switch select="Program"><help:case select="CALC">其他</help:case></help:switch></text:p>
  <text:p text:style-name="Paragraph"><help:help-text value="visible"><help:switch select="Program"><help:case select="CALC">擴充搜尋選項。再次按一下此按鈕，以隱入擴充的搜尋選項</help:case></help:switch></help:help-text></text:p>
  <text:p text:style-name="Head 3"><help:switch select="Program"><help:case select="CALC">搜尋位置</help:case></help:switch></text:p>
  <text:p text:style-name="Head 4"><help:help-id value="SVX_RADIOBUTTON_RID_SVXDLG_SEARCH_BTN_FORMULAS"/><help:switch select="Program"><help:case select="CALC">公式</help:case></help:switch></text:p>
  <text:p text:style-name="Paragraph"><help:help-text value="visible"><help:switch select="Program"><help:case select="CALC">在公式和固定 (未計算) 數值中搜尋指定的字元。例如，您可以尋找包含「SUM」的公式。</help:case></help:switch></help:help-text></text:p>
  <text:p text:style-name="Head 4"><help:help-id value="SVX_RADIOBUTTON_RID_SVXDLG_SEARCH_BTN_VALUES"/><help:switch select="Program"><help:case select="CALC">數值</help:case></help:switch></text:p>
  <text:p text:style-name="Paragraph"><help:help-text value="visible"><help:switch select="Program"><help:case select="CALC">在數值和公式的結果中搜尋指定的字元。</help:case></help:switch></help:help-text></text:p>
  <text:p text:style-name="Head 4"><help:help-id value="SVX_RADIOBUTTON_RID_SVXDLG_SEARCH_BTN_NOTES"/><help:switch select="Program"><help:case select="CALC">備註</help:case></help:switch></text:p>
  <text:p text:style-name="Paragraph"><help:help-text value="visible"><help:switch select="Program"><help:case select="CALC">在附加至儲存格的備註中搜尋指定的字元。</help:case></help:switch></help:help-text></text:p>
  <text:p text:style-name="Head 3"><help:switch select="Program"><help:case select="CALC">搜尋方向</help:case></help:switch></text:p>
  <text:p text:style-name="Paragraph"><help:switch select="Program"><help:case select="CALC">確定搜尋儲存格的順序。</help:case></help:switch></text:p>
  <text:p text:style-name="Head 4"><help:help-id value="SVX_RADIOBUTTON_RID_SVXDLG_SEARCH_BTN_ROWS"/><help:switch select="Program"><help:case select="CALC">按照列</help:case></help:switch></text:p>
  <text:p text:style-name="Paragraph"><help:help-text value="visible"><help:switch select="Program"><help:case select="CALC">在所有列中從左向右搜尋。</help:case></help:switch></help:help-text></text:p>
  <text:p text:style-name="Head 4"><help:help-id value="SVX_RADIOBUTTON_RID_SVXDLG_SEARCH_BTN_COLUMNS"/><help:switch select="Program"><help:case select="CALC">按照欄</help:case></help:switch></text:p>
  <text:p text:style-name="Paragraph"><help:switch select="Program"><help:case select="CALC"><help:help-text value="visible">在所有欄中從上向下搜尋。</help:help-text></help:case></help:switch></text:p>
  <text:p text:style-name="Head 2"><help:switch select="Program"><help:case select="CALC">其他</help:case></help:switch></text:p>
  <text:p text:style-name="Head 3"><help:help-id value="SVX_CHECKBOX_RID_SVXDLG_SEARCH_CB_ALLTABLES"/><help:switch select="Program"><help:case select="CALC"><help:key-word value="搜尋; 全部工作表" tag="kw65852_5"/><help:key-word value="搜尋; 在全部工作表中" tag="kw65852_4"/><help:key-word value="工作表; 搜尋全部" tag="kw65852_3"/>在全部工作表中搜尋</help:case></help:switch></text:p>
  <text:p text:style-name="Paragraph"><help:switch select="Program"><help:case select="CALC"><help:help-text value="visible">在目前工作表文件檔案內的所有工作表中搜尋。</help:help-text></help:case></help:switch></text:p>
  <help:embedded Id="65630" Eid="schliessen"></help:embedded>
  <table:table table:name="Tabelle3" table:style-name="Tabelle3">
   <table:table-column table:style-name="Tabelle3.A"/>
   <table:table-column table:style-name="Tabelle3.B"/>
   <table:table-header-rows>
    <table:table-row table:style-name="Tabelle3.1">
     <table:table-cell table:style-name="Tabelle3.A1" table:value-type="string">
      <text:p text:style-name="Paragraph"><draw:image draw:name="備註1" svg:desc="提示圖示" svg:pixelx="32" svg:pixely="32" svg:width="0.847cm" svg:height="0.847cm" xlink:href="66732" draw:filter-name=""/></text:p>

     </table:table-cell>
     <table:table-cell table:style-name="Tabelle3.A1" table:value-type="string">
      <text:p text:style-name="Paragraph"><help:key-word value="搜尋; 不含對話方塊" tag="kw65852_2"/>關閉<text:span text:style-name="T1">[搜尋和代替]</text:span>對話方塊之後，您仍可透過按 SHIFT+<help:switch select="System"><help:case select ="MAC">COMMAND</help:case><help:default>CTRL</help:default></help:switch>+F 組合鍵，來使用您輸入的最後一個搜尋條件進行搜尋。</text:p>
     </table:table-cell>
    </table:table-row>
   </table:table-header-rows>
  </table:table>
 </office:body>
</office:document>
