

<office:document  xmlns:office="http://openoffice.org/2000/office" xmlns:style="http://openoffice.org/2000/style" xmlns:text="http://openoffice.org/2000/text" xmlns:table="http://openoffice.org/2000/table" xmlns:draw="http://openoffice.org/2000/drawing" xmlns:fo="http://www.w3.org/1999/XSL/Format" xmlns:xlink="http://www.w3.org/1999/xlink" xmlns:number="http://openoffice.org/2000/datastyle" xmlns:svg="http://www.w3.org/2000/svg" xmlns:chart="http://openoffice.org/2000/chart" xmlns:dr3d="http://openoffice.org/2000/dr3d" xmlns:math="http://www.w3.org/1998/Math/MathML" xmlns:form="http://openoffice.org/2000/form" xmlns:script="http://openoffice.org/2000/script" office:class="text" office:version="1.0" xmlns:dc="http://purl.org/dc/elements/1.1/" xmlns:meta="http://openoffice.org/2000/meta" xmlns:help="http://openoffice.org/2000/help">
<office:meta>
  <dc:description>text/common/01/02100001</dc:description>
  <dc:subject>常規表達的清單</dc:subject>

  <dc:language>zh-TW</dc:language>
  <meta:user-defined meta:name="Info 0">READY</meta:user-defined>
  <meta:user-defined meta:name="Info 1">FREE_OK</meta:user-defined>
  <meta:user-defined meta:name="Info 2"/>
  <meta:user-defined meta:name="Info 3"/>
</office:meta>
 <office:script/>
 <office:font-decls>
  <style:font-decl style:name="StarSymbol" fo:font-family="StarSymbol" style:font-charset="x-symbol"/>
  <style:font-decl style:name="Courier New" fo:font-family="&apos;Courier New&apos;" style:font-style-name="Standard" style:font-family-generic="modern" style:font-pitch="fixed"/>
  <style:font-decl style:name="Courier" fo:font-family="Courier" style:font-family-generic="roman" style:font-pitch="fixed"/>
  <style:font-decl style:name="Andale WT UI4" fo:font-family="&apos;Andale WT UI&apos;" style:font-pitch="variable"/>
  <style:font-decl style:name="Arial Unicode MS" fo:font-family="&apos;Arial Unicode MS&apos;" style:font-pitch="variable"/>
  <style:font-decl style:name="HG Mincho Light J" fo:font-family="&apos;HG Mincho Light J&apos;" style:font-pitch="variable"/>
  <style:font-decl style:name="Andale WT UI" fo:font-family="&apos;Andale WT UI&apos;" style:font-family-generic="roman" style:font-pitch="variable"/>
  <style:font-decl style:name="Andale WT UI1" fo:font-family="&apos;Andale WT UI&apos;" style:font-style-name="Fett" style:font-family-generic="roman" style:font-pitch="variable"/>
  <style:font-decl style:name="Andale WT UI2" fo:font-family="&apos;Andale WT UI&apos;" style:font-style-name="Standard" style:font-family-generic="roman" style:font-pitch="variable"/>
  <style:font-decl style:name="Thorndale" fo:font-family="Thorndale" style:font-family-generic="roman" style:font-pitch="variable"/>
  <style:font-decl style:name="Times New Roman" fo:font-family="&apos;Times New Roman&apos;" style:font-style-name="Fett" style:font-family-generic="roman" style:font-pitch="variable"/>
  <style:font-decl style:name="Andale WT UI3" fo:font-family="&apos;Andale WT UI&apos;" style:font-family-generic="swiss" style:font-pitch="variable"/>
 </office:font-decls>
 <office:automatic-styles>
  <style:style style:name="Tabelle1" style:family="table">
   <style:properties style:width="18cm" table:align="margins"/>
  </style:style>
  <style:style style:name="Tabelle1.A" style:family="table-column">
   <style:properties style:column-width="3.283cm" style:rel-column-width="11950*"/>
  </style:style>
  <style:style style:name="Tabelle1.B" style:family="table-column">
   <style:properties style:column-width="14.718cm" style:rel-column-width="53585*"/>
  </style:style>
  <style:style style:name="Tabelle1.A1" style:family="table-cell">
   <style:properties fo:padding="0.049cm" fo:border-left="0.002cm solid #000000" fo:border-right="none" fo:border-top="0.002cm solid #000000" fo:border-bottom="0.002cm solid #000000"/>
  </style:style>
  <style:style style:name="Tabelle1.B1" style:family="table-cell">
   <style:properties fo:padding="0.049cm" fo:border="0.002cm solid #000000"/>
  </style:style>
  <style:style style:name="Tabelle1.A2" style:family="table-cell">
   <style:properties fo:padding="0.049cm" fo:border-left="0.002cm solid #000000" fo:border-right="none" fo:border-top="none" fo:border-bottom="0.002cm solid #000000"/>
  </style:style>
  <style:style style:name="Tabelle1.B2" style:family="table-cell">
   <style:properties fo:padding="0.049cm" fo:border-left="0.002cm solid #000000" fo:border-right="0.002cm solid #000000" fo:border-top="none" fo:border-bottom="0.002cm solid #000000"/>
  </style:style>
  <style:style style:name="P1" style:family="paragraph" style:parent-style-name="Paragraph" style:master-page-name="HTML">
   <style:properties style:page-number="0"/>
  </style:style>
  <style:style style:name="T1" style:family="text">
   <style:properties fo:font-weight="bold"/>
  </style:style>
 </office:automatic-styles>
 <office:body>
  <text:variable-decls>
   <text:variable-decl text:value-type="string" text:name="HTML_ON"/>
   <text:variable-decl text:value-type="string" text:name="HTML_OFF"/>
   <text:variable-decl text:value-type="string" text:name="TITEL"/>
   <text:variable-decl text:value-type="string" text:name="END"/>
   <text:variable-decl text:value-type="string" text:name="OS2"/>
   <text:variable-decl text:value-type="string" text:name="ELSE"/>
   <text:variable-decl text:value-type="string" text:name="HREF"/>
   <text:variable-decl text:value-type="string" text:name="MAC"/>
   <text:variable-decl text:value-type="string" text:name="NAME"/>
   <text:variable-decl text:value-type="string" text:name="HelpID"/>
   <text:variable-decl text:value-type="string" text:name="WIN"/>
   <text:variable-decl text:value-type="string" text:name="HFELD"/>
   <text:variable-decl text:value-type="string" text:name="MODIFY"/>
   <text:variable-decl text:value-type="string" text:name="REFNR"/>
   <text:variable-decl text:value-type="string" text:name="KEY"/>
   <text:variable-decl text:value-type="string" text:name="INDEX"/>
   <text:variable-decl text:value-type="string" text:name="AKTHLP"/>
  </text:variable-decls>
  <text:sequence-decls>
   <text:sequence-decl text:display-outline-level="0" text:name="Illustration"/>
   <text:sequence-decl text:display-outline-level="0" text:name="Table"/>
   <text:sequence-decl text:display-outline-level="0" text:name="Text"/>
   <text:sequence-decl text:display-outline-level="0" text:name="Drawing"/>
  </text:sequence-decls>
  <text:p text:style-name="P1"/>
  <text:p text:style-name="Head 1"><help:key-word value="常規表達; 清單" tag="kw68251_1"/><help:to-be-embedded Eid="02100001"><help:link Id="68251">常規表達的清單</help:link></help:to-be-embedded></text:p>
  <table:table table:name="Tabelle1" table:style-name="Tabelle1">
   <table:table-column table:style-name="Tabelle1.A"/>
   <table:table-column table:style-name="Tabelle1.B"/>
   <table:table-header-rows>
    <table:table-row>
     <table:table-cell table:style-name="Tabelle1.A1" table:value-type="string">
      <text:p text:style-name="TableHead">字元</text:p>
     </table:table-cell>
     <table:table-cell table:style-name="Tabelle1.B1" table:value-type="string">
      <text:p text:style-name="TableHead">效果/插入項</text:p>
     </table:table-cell>
    </table:table-row>
   </table:table-header-rows>
   <table:table-row>
    <table:table-cell table:style-name="Tabelle1.A2" table:value-type="string">
     <text:p text:style-name="TextInTable">.</text:p>
    </table:table-cell>
    <table:table-cell table:style-name="Tabelle1.B2" table:value-type="string">
     <text:p text:style-name="TextInTable">表示任一單個字元。搜尋術語「sh.rt」可找到「shirt」和「short」。</text:p>
    </table:table-cell>
   </table:table-row>
   <table:table-row>
    <table:table-cell table:style-name="Tabelle1.A2" table:value-type="string">
     <text:p text:style-name="TextInTable">^Peter</text:p>
    </table:table-cell>
    <table:table-cell table:style-name="Tabelle1.B2" table:value-type="string">
     <text:p text:style-name="TextInTable">只有在搜尋術語出現在段落的起始位置時，才能找到此術語。忽略段落起始位置的特殊字元 (例如，空格和字元鎖定的文字方塊)。</text:p>
    </table:table-cell>
   </table:table-row>
   <table:table-row>
    <table:table-cell table:style-name="Tabelle1.A2" table:value-type="string">
     <text:p text:style-name="TextInTable">Peter$</text:p>
    </table:table-cell>
    <table:table-cell table:style-name="Tabelle1.B2" table:value-type="string">
     <text:p text:style-name="TextInTable">只有在搜尋術語出現在段落的結束位置時，才能找到此術語。忽略段落結束位置的特殊字元 (例如，空格和字元鎖定的文字方塊)。</text:p>
    </table:table-cell>
   </table:table-row>
   <table:table-row>
    <table:table-cell table:style-name="Tabelle1.A2" table:value-type="string">
     <text:p text:style-name="TextInTable">*</text:p>
    </table:table-cell>
    <table:table-cell table:style-name="Tabelle1.B2" table:value-type="string">
     <text:p text:style-name="TextInTable">表示多個字元。例如，「Ab*c」可找到「Ac」、「Abc」、「Abbc」、「Abbbc」，等等。</text:p>
     <text:p text:style-name="TextInTable"/>
    </table:table-cell>
   </table:table-row>
   <table:table-row>
    <table:table-cell table:style-name="Tabelle1.A2" table:value-type="string">
     <text:p text:style-name="TextInTable">+</text:p>
    </table:table-cell>
    <table:table-cell table:style-name="Tabelle1.B2" table:value-type="string">
     <text:p text:style-name="TextInTable">上述字元必須出現最少一次或無限次：「AX.+4」會找到「AX 4」，但不是「AX4」。</text:p>
     <text:p text:style-name="TextInTable">總是找到段落中最長的可能文字。如果段落中包含文字 AX 4 AX4，則搜尋結果是第一個 A 到最後一個 4。</text:p>
    </table:table-cell>
   </table:table-row>
   <table:table-row>
    <table:table-cell table:style-name="Tabelle1.A2" table:value-type="string">
     <text:p text:style-name="TextInTable">?</text:p>
    </table:table-cell>
    <table:table-cell table:style-name="Tabelle1.B2" table:value-type="string">
     <text:p text:style-name="TextInTable">搜尋包含該字元 (位於「\」之前) 之前字元的字詞。例如，「Texts?」可找到「Texts」和「Text」。</text:p>
    </table:table-cell>
   </table:table-row>
   <table:table-row>
    <table:table-cell table:style-name="Tabelle1.A2" table:value-type="string">
     <text:p text:style-name="TextInTable">\C</text:p>
    </table:table-cell>
    <table:table-cell table:style-name="Tabelle1.B2" table:value-type="string">
     <text:p text:style-name="TextInTable">會剛好找到這個指定的字元 (非數字)，在此為 C (例如，當您要以一般表達搜尋 Dollar 字元時：\$)</text:p>
    </table:table-cell>
   </table:table-row>
   <table:table-row>
    <table:table-cell table:style-name="Tabelle1.A2" table:value-type="string">
     <text:p text:style-name="TextInTable">\n</text:p>
    </table:table-cell>
    <table:table-cell table:style-name="Tabelle1.B2" table:value-type="string">
     <text:p text:style-name="TextInTable">搜尋使用 SHIFT+ENTER 組合鍵插入的硬換行。若要將換行變更為段落分隔符，請在<text:span text:style-name="T1">[搜尋內容]</text:span>和<text:span text:style-name="T1">[更替成]</text:span>方塊中輸入 <text:span text:style-name="T1">\n</text:span>，然後按一下<text:span text:style-name="T1">[全部代替]</text:span>按鈕。</text:p>
    </table:table-cell>
   </table:table-row>
   <table:table-row>
    <table:table-cell table:style-name="Tabelle1.A2" table:value-type="string">
     <text:p text:style-name="TextInTable">\t</text:p>
    </table:table-cell>
    <table:table-cell table:style-name="Tabelle1.B2" table:value-type="string">
     <text:p text:style-name="TextInTable">搜尋定位鍵。您也可以在<text:span text:style-name="T1">[更替成]</text:span>方塊中使用此表示式。</text:p>
    </table:table-cell>
   </table:table-row>
   <table:table-row>
    <table:table-cell table:style-name="Tabelle1.A2" table:value-type="string">
     <text:p text:style-name="TextInTable">\&gt;</text:p>
    </table:table-cell>
    <table:table-cell table:style-name="Tabelle1.B2" table:value-type="string">
     <text:p text:style-name="TextInTable">只有在搜尋術語出現在字詞的結尾處時，才能找到此術語。例如，「book\&gt;」可找到「checkbook」而找不到「bookmark」。</text:p>
    </table:table-cell>
   </table:table-row>
   <table:table-row>
    <table:table-cell table:style-name="Tabelle1.A2" table:value-type="string">
     <text:p text:style-name="TextInTable">\&lt;</text:p>
    </table:table-cell>
    <table:table-cell table:style-name="Tabelle1.B2" table:value-type="string">
     <text:p text:style-name="TextInTable">只有在搜尋術語出現在字詞的開頭處時，才能找到此術語。例如，「\&gt;book」將找到「bookmark」而找不到「checkbook」。</text:p>
    </table:table-cell>
   </table:table-row>
   <table:table-row>
    <table:table-cell table:style-name="Tabelle1.A2" table:value-type="string">
     <text:p text:style-name="TextInTable">^$</text:p>
    </table:table-cell>
    <table:table-cell table:style-name="Tabelle1.B2" table:value-type="string">
     <text:p text:style-name="TextInTable">搜尋空白段落。</text:p>
    </table:table-cell>
   </table:table-row>
   <table:table-row>
    <table:table-cell table:style-name="Tabelle1.A2" table:value-type="string">
     <text:p text:style-name="TextInTable">^.</text:p>
    </table:table-cell>
    <table:table-cell table:style-name="Tabelle1.B2" table:value-type="string">
     <text:p text:style-name="TextInTable">搜尋段落的第一個字元。</text:p>
    </table:table-cell>
   </table:table-row>
   <table:table-row>
    <table:table-cell table:style-name="Tabelle1.A2" table:value-type="string">
     <text:p text:style-name="TextInTable">&amp;</text:p>
    </table:table-cell>
    <table:table-cell table:style-name="Tabelle1.B2" table:value-type="string">
     <text:p text:style-name="TextInTable">在<text:span text:style-name="T1">[更替成]</text:span>方塊中使用此字元，可以在進行替代時，將您輸入的字元加入搜尋條件中。</text:p>
     <text:p text:style-name="TextInTable">例如，如果您在<text:span text:style-name="T1">[搜尋內容]</text:span>方塊中輸入「window」，在<text:span text:style-name="T1">[更替成]</text:span>方塊中輸入「&amp;frame」，則「window」會由「window frame」替代。</text:p>
     <text:p text:style-name="TextInTable">您也可以在<text:span text:style-name="T1">[更替成]</text:span>方塊中輸入「&amp;」，以變更您在<text:span text:style-name="T1">[搜尋內容]</text:span>方塊中所輸入的搜尋條件之<text:span text:style-name="T1">[屬性]</text:span>或不同的<text:span text:style-name="T1">[格式]</text:span>。</text:p>
    </table:table-cell>
   </table:table-row>
   <table:table-row>
    <table:table-cell table:style-name="Tabelle1.A2" table:value-type="string">
     <text:p text:style-name="TextInTable">[abc123]</text:p>
    </table:table-cell>
    <table:table-cell table:style-name="Tabelle1.B2" table:value-type="string">
     <text:p text:style-name="TextInTable">搜尋方括號中的字元。</text:p>
    </table:table-cell>
   </table:table-row>
   <table:table-row>
    <table:table-cell table:style-name="Tabelle1.A2" table:value-type="string">
     <text:p text:style-name="TextInTable">[a-e]</text:p>
    </table:table-cell>
    <table:table-cell table:style-name="Tabelle1.B2" table:value-type="string">
     <text:p text:style-name="TextInTable">搜尋 a 和 e 之間的字元。</text:p>
    </table:table-cell>
   </table:table-row>
   <table:table-row>
    <table:table-cell table:style-name="Tabelle1.A2" table:value-type="string">
     <text:p text:style-name="TextInTable">[a-eh-x]</text:p>
    </table:table-cell>
    <table:table-cell table:style-name="Tabelle1.B2" table:value-type="string">
     <text:p text:style-name="TextInTable">搜尋 a 和 e 之間與 h 和 x 之間的字元。</text:p>
    </table:table-cell>
   </table:table-row>
   <table:table-row>
    <table:table-cell table:style-name="Tabelle1.A2" table:value-type="string">
     <text:p text:style-name="TextInTable">[^a-s]</text:p>
    </table:table-cell>
    <table:table-cell table:style-name="Tabelle1.B2" table:value-type="string">
     <text:p text:style-name="TextInTable">尋找 a-s 以外的全部字元</text:p>
    </table:table-cell>
   </table:table-row>
   <table:table-row>
    <table:table-cell table:style-name="Tabelle1.A2" table:value-type="string">
     <text:p text:style-name="TextInTable">\xXXXX</text:p>
    </table:table-cell>
    <table:table-cell table:style-name="Tabelle1.B2" table:value-type="string">
     <text:p text:style-name="TextInTable">基於四位十六進制代碼 (XXXX) 搜尋特殊字元。</text:p>
     <text:p text:style-name="TextInTable">特殊字元的代碼取決於所用的字型。您可以透過選擇<text:span text:style-name="T1">[插入] - [特殊字元]</text:span>來檢視代碼。</text:p>
    </table:table-cell>
   </table:table-row>
   <table:table-row>
    <table:table-cell table:style-name="Tabelle1.A2" table:value-type="string">
     <text:p text:style-name="TextInTable">這|那</text:p>
    </table:table-cell>
    <table:table-cell table:style-name="Tabelle1.B2" table:value-type="string">
     <text:p text:style-name="TextInTable">搜尋「|」前後的搜尋術語。例如，「this|that」可找到「this」和「that」。</text:p>
    </table:table-cell>
   </table:table-row>
   <table:table-row>
    <table:table-cell table:style-name="Tabelle1.A2" table:value-type="string">
     <text:p text:style-name="TextInTable">{2}</text:p>
    </table:table-cell>
    <table:table-cell table:style-name="Tabelle1.B2" table:value-type="string">
     <text:p text:style-name="TextInTable">定義左括號前的字元出現的次數。例如，「tre{2}」可找到「tree」。</text:p>
    </table:table-cell>
   </table:table-row>
   <table:table-row>
    <table:table-cell table:style-name="Tabelle1.A2" table:value-type="string">
     <text:p text:style-name="TextInTable">{1,2}</text:p>
    </table:table-cell>
    <table:table-cell table:style-name="Tabelle1.B2" table:value-type="string">
     <text:p text:style-name="TextInTable">定義左括號前的字元可出現的次數。例如，「tre{1,2}」可找到「tree」和「treated」。</text:p>
    </table:table-cell>
   </table:table-row>
   <table:table-row>
    <table:table-cell table:style-name="Tabelle1.A2" table:value-type="string">
     <text:p text:style-name="TextInTable">( )</text:p>
    </table:table-cell>
    <table:table-cell table:style-name="Tabelle1.B2" table:value-type="string">
     <text:p text:style-name="TextInTable">將括號中的字元定義為參照。然後，您可以在目前的表示式中使用「\1」表示第一個參照，使用「\2」表示第二個參照，以此類推。</text:p>
     <text:p text:style-name="TextInTable">例如，如果文字中包含數字 13487889，使用常規表示式 (8)7\1\1 進行搜尋時，可找到「8788」。</text:p>
    </table:table-cell>
   </table:table-row>
   <table:table-row>
    <table:table-cell table:style-name="Tabelle1.A2" table:value-type="string">
     <text:p text:style-name="TextInTable">[:digit:]?</text:p>
    </table:table-cell>
    <table:table-cell table:style-name="Tabelle1.B2" table:value-type="string">
     <text:p text:style-name="TextInTable">搜尋一位數。若要搜尋一位以上的數字，請使用 [:digit:]*。</text:p>
    </table:table-cell>
   </table:table-row>
   <table:table-row>
    <table:table-cell table:style-name="Tabelle1.A2" table:value-type="string">
     <text:p text:style-name="TextInTable">[:space:]?</text:p>
    </table:table-cell>
    <table:table-cell table:style-name="Tabelle1.B2" table:value-type="string">
     <text:p text:style-name="TextInTable">會找到空間，例如空格和製表符。</text:p>
    </table:table-cell>
   </table:table-row>
   <table:table-row>
    <table:table-cell table:style-name="Tabelle1.A2" table:value-type="string">
     <text:p text:style-name="TextInTable">[:print:]?</text:p>
    </table:table-cell>
    <table:table-cell table:style-name="Tabelle1.B2" table:value-type="string">
     <text:p text:style-name="TextInTable">會找到可列印字元。</text:p>
    </table:table-cell>
   </table:table-row>
   <table:table-row>
    <table:table-cell table:style-name="Tabelle1.A2" table:value-type="string">
     <text:p text:style-name="TextInTable">[:cntrl:]?</text:p>
    </table:table-cell>
    <table:table-cell table:style-name="Tabelle1.B2" table:value-type="string">
     <text:p text:style-name="TextInTable">會找到控制符號。</text:p>
    </table:table-cell>
   </table:table-row>
   <table:table-row>
    <table:table-cell table:style-name="Tabelle1.A2" table:value-type="string">
     <text:p text:style-name="TextInTable">[:alnum:]?</text:p>
    </table:table-cell>
    <table:table-cell table:style-name="Tabelle1.B2" table:value-type="string">
     <text:p text:style-name="TextInTable">搜尋字母數字字元 (數字和文字字元)。</text:p>
    </table:table-cell>
   </table:table-row>
   <table:table-row>
    <table:table-cell table:style-name="Tabelle1.A2" table:value-type="string">
     <text:p text:style-name="TextInTable">[:alpha:]?</text:p>
    </table:table-cell>
    <table:table-cell table:style-name="Tabelle1.B2" table:value-type="string">
     <text:p text:style-name="TextInTable">搜尋字母字元。</text:p>
    </table:table-cell>
   </table:table-row>
   <table:table-row>
    <table:table-cell table:style-name="Tabelle1.A2" table:value-type="string">
     <text:p text:style-name="TextInTable">[:lower:]?</text:p>
    </table:table-cell>
    <table:table-cell table:style-name="Tabelle1.B2" table:value-type="string">
     <text:p text:style-name="TextInTable">如果已選取<text:span text:style-name="T1">[選項]</text:span>區域中的<text:span text:style-name="T1">[精確搜尋]</text:span>，則會搜尋小寫字元。</text:p>
    </table:table-cell>
   </table:table-row>
   <table:table-row>
    <table:table-cell table:style-name="Tabelle1.A2" table:value-type="string">
     <text:p text:style-name="TextInTable">[:upper:]?</text:p>
    </table:table-cell>
    <table:table-cell table:style-name="Tabelle1.B2" table:value-type="string">
     <text:p text:style-name="TextInTable">如果已選取<text:span text:style-name="T1">[選項]</text:span>區域中的<text:span text:style-name="T1">[精確搜尋]</text:span>，則會搜尋大寫字元。</text:p>
    </table:table-cell>
   </table:table-row>
  </table:table>
  <text:p text:style-name="Paragraph"><help:switch select="Program"><help:case select="DRAW"></help:case><help:case select="IMPRESS"></help:case><help:default>對於嵌套 AND/OR 運算符的邏輯搜尋表示式，請使用括號。例如，「((a[A-z]*)|(ab[A-z]*)|(b[A-z]*))$」將搜尋出現於段落的結束位置，以空格開頭、其後跟隨「a」、「ab」或「b」的文字。</help:default></help:switch></text:p>
  <text:p text:style-name="ParaList"><help:embedded Id="65598" Eid="related"></help:embedded></text:p>
  <text:p text:style-name="ParaList"><help:embedded Id="65852" Eid="02100000"></help:embedded></text:p>
 </office:body>
</office:document>
