

<office:document  xmlns:office="http://openoffice.org/2000/office" xmlns:style="http://openoffice.org/2000/style" xmlns:text="http://openoffice.org/2000/text" xmlns:table="http://openoffice.org/2000/table" xmlns:draw="http://openoffice.org/2000/drawing" xmlns:fo="http://www.w3.org/1999/XSL/Format" xmlns:xlink="http://www.w3.org/1999/xlink" xmlns:number="http://openoffice.org/2000/datastyle" xmlns:svg="http://www.w3.org/2000/svg" xmlns:chart="http://openoffice.org/2000/chart" xmlns:dr3d="http://openoffice.org/2000/dr3d" xmlns:math="http://www.w3.org/1998/Math/MathML" xmlns:form="http://openoffice.org/2000/form" xmlns:script="http://openoffice.org/2000/script" office:class="text" office:version="1.0" xmlns:dc="http://purl.org/dc/elements/1.1/" xmlns:meta="http://openoffice.org/2000/meta" xmlns:help="http://openoffice.org/2000/help">
<office:meta>
  <dc:description>text/common/01/02180000</dc:description>
  <dc:subject>編輯捷徑</dc:subject>

  <dc:language>zh-TW</dc:language>
  <meta:user-defined meta:name="Info 0">READY</meta:user-defined>
  <meta:user-defined meta:name="Info 1">FREE_OK</meta:user-defined>
  <meta:user-defined meta:name="Info 2"/>
  <meta:user-defined meta:name="Info 3"/>
</office:meta>
 <office:script/>
 <office:font-decls>
  <style:font-decl style:name="StarSymbol" fo:font-family="StarSymbol" style:font-charset="x-symbol"/>
  <style:font-decl style:name="Courier New" fo:font-family="&apos;Courier New&apos;" style:font-style-name="Standard" style:font-family-generic="modern" style:font-pitch="fixed"/>
  <style:font-decl style:name="Courier" fo:font-family="Courier" style:font-family-generic="roman" style:font-pitch="fixed"/>
  <style:font-decl style:name="Andale WT UI3" fo:font-family="&apos;Andale WT UI&apos;" style:font-pitch="variable"/>
  <style:font-decl style:name="Arial Unicode MS" fo:font-family="&apos;Arial Unicode MS&apos;" style:font-pitch="variable"/>
  <style:font-decl style:name="HG Mincho Light J" fo:font-family="&apos;HG Mincho Light J&apos;" style:font-pitch="variable"/>
  <style:font-decl style:name="Andale WT UI" fo:font-family="&apos;Andale WT UI&apos;" style:font-style-name="Fett" style:font-family-generic="roman" style:font-pitch="variable"/>
  <style:font-decl style:name="Andale WT UI1" fo:font-family="&apos;Andale WT UI&apos;" style:font-style-name="Standard" style:font-family-generic="roman" style:font-pitch="variable"/>
  <style:font-decl style:name="Thorndale" fo:font-family="Thorndale" style:font-family-generic="roman" style:font-pitch="variable"/>
  <style:font-decl style:name="Times New Roman" fo:font-family="&apos;Times New Roman&apos;" style:font-style-name="Fett" style:font-family-generic="roman" style:font-pitch="variable"/>
  <style:font-decl style:name="Andale WT UI2" fo:font-family="&apos;Andale WT UI&apos;" style:font-family-generic="swiss" style:font-pitch="variable"/>
 </office:font-decls>
 <office:automatic-styles>
  <style:style style:name="Tabelle2" style:family="table">
   <style:properties style:width="18cm" table:align="margins"/>
  </style:style>
  <style:style style:name="Tabelle2.A" style:family="table-column">
   <style:properties style:column-width="1.499cm" style:rel-column-width="5460*"/>
  </style:style>
  <style:style style:name="Tabelle2.B" style:family="table-column">
   <style:properties style:column-width="16.501cm" style:rel-column-width="60075*"/>
  </style:style>
  <style:style style:name="Tabelle2.1" style:family="table-row">
   <style:properties style:min-row-height="0.848cm"/>
  </style:style>
  <style:style style:name="Tabelle2.A1" style:family="table-cell">
   <style:properties fo:padding="0cm" fo:border="none"/>
  </style:style>
  <style:style style:name="P1" style:family="paragraph" style:parent-style-name="Paragraph" style:master-page-name="HTML">
   <style:properties style:page-number="0"/>
  </style:style>
  <style:style style:name="T1" style:family="text">
   <style:properties fo:font-weight="bold"/>
  </style:style>
  <style:style style:name="fr1" style:family="graphics" style:parent-style-name="Graphics">
   <style:properties fo:margin-left="0cm" fo:margin-right="0cm" fo:margin-top="0cm" fo:margin-bottom="0cm" style:run-through="foreground" style:wrap="run-through" style:vertical-pos="middle" style:vertical-rel="paragraph" style:horizontal-pos="left" style:horizontal-rel="paragraph" style:mirror="none" fo:clip="rect(0cm 0cm 0cm 0cm)" draw:luminance="0%" draw:contrast="0%" draw:red="0%" draw:green="0%" draw:blue="0%" draw:gamma="1" draw:color-inversion="false" draw:transparency="-100%" draw:color-mode="standard"/>
  </style:style>
 </office:automatic-styles>
 <office:body>
  <text:variable-decls>
   <text:variable-decl text:value-type="string" text:name="HTML_ON"/>
   <text:variable-decl text:value-type="string" text:name="HTML_OFF"/>
   <text:variable-decl text:value-type="string" text:name="TITEL"/>
   <text:variable-decl text:value-type="string" text:name="END"/>
   <text:variable-decl text:value-type="string" text:name="NAME"/>
   <text:variable-decl text:value-type="string" text:name="HREF"/>
   <text:variable-decl text:value-type="string" text:name="HelpID"/>
   <text:variable-decl text:value-type="string" text:name="MODIFY"/>
   <text:variable-decl text:value-type="string" text:name="REFNR"/>
   <text:variable-decl text:value-type="string" text:name="KEY"/>
   <text:variable-decl text:value-type="string" text:name="INDEX"/>
   <text:variable-decl text:value-type="string" text:name="AKTHLP"/>
   <text:variable-decl text:value-type="string" text:name="HFELD"/>
   <text:variable-decl text:value-type="string" text:name="STYLE"/>
  </text:variable-decls>
  <text:sequence-decls>
   <text:sequence-decl text:display-outline-level="0" text:name="Illustration"/>
   <text:sequence-decl text:display-outline-level="0" text:name="Table"/>
   <text:sequence-decl text:display-outline-level="0" text:name="Text"/>
   <text:sequence-decl text:display-outline-level="0" text:name="Drawing"/>
  </text:sequence-decls>
  <text:p text:style-name="P1"/>
  <text:p text:style-name="Head 1"><help:help-id value="SO3_MODALDIALOG_MD_UPDATE_BASELINKS"/><help:help-id value="FN_EDIT_LINK_DLG"/><help:help-id value="SID_LINKS"/><help:help-id value="SID_MANAGE_LINKS"/>編輯捷徑</text:p>
  <text:p text:style-name="Paragraph"><help:to-be-embedded Eid="verknuepfungentext"><help:help-text value="visible">您可以編輯目前文件中每個捷徑的屬性，其中包括來源檔案的路徑。如果目前文件中不包含其他檔案的捷徑，則無法使用此指令。</help:help-text></help:to-be-embedded></text:p>
  <help:popup Id="65620" Eid="link"><help:embedded Id="65598" Eid="wie"></help:embedded></help:popup>
  <text:p text:style-name="Paragraph">即使連結檔案已移至其他目錄，仍將保留<help:popup Id="65619" Eid="verknuepfung">捷徑</help:popup>原來的路徑和檔案名稱。如果將連結檔案移回原來的目錄，則可在文件中再次使用此檔案。</text:p>
  <table:table table:name="Tabelle2" table:style-name="Tabelle2">
   <table:table-column table:style-name="Tabelle2.A"/>
   <table:table-column table:style-name="Tabelle2.B"/>
   <table:table-header-rows>
    <table:table-row table:style-name="Tabelle2.1">
     <table:table-cell table:style-name="Tabelle2.A1" table:value-type="string">
      <text:p text:style-name="Paragraph"><draw:image draw:name="圖形0" svg:desc="無描述" svg:pixelx="32" svg:pixely="32" svg:width="0.847cm" svg:height="0.847cm" xlink:href="65980" draw:filter-name=""/></text:p>

     </table:table-cell>
     <table:table-cell table:style-name="Tabelle2.A1" table:value-type="string">
      <text:p text:style-name="Paragraph"><help:key-word value="開啟; 使用捷徑" tag="kw65787_1"/><help:key-word value="捷徑; 開啟時更新" tag="kw65787_4"/><help:key-word value="更新; 開啟時的捷徑" tag="kw65787_3"/><help:key-word value="捷徑; 開啟時使用" tag="kw65787_2"/>開啟包含捷徑的檔案時，系統會提示您更新捷徑。依據連結的檔案所儲存的位置，完成更新過程需要數分鐘。</text:p>
      <text:p text:style-name="Paragraph">載入包含 DDE 捷徑的檔案時，系統會提示您更新捷徑。如果您不想建立與 DDE 伺服器的連線，請拒絕更新。</text:p>
     </table:table-cell>
    </table:table-row>
   </table:table-header-rows>
  </table:table>
  <text:p text:style-name="Head 2">源檔案</text:p>
  <text:p text:style-name="Paragraph">列出來源檔案的路徑。</text:p>
  <text:p text:style-name="Head 2">元素</text:p>
  <text:p text:style-name="Paragraph">列出上次儲存來源檔案所使用的應用程式 (如果已知)。</text:p>
  <text:p text:style-name="Head 2">類型</text:p>
  <text:p text:style-name="Paragraph">列出來源檔案的檔案類型，例如圖形。</text:p>
  <text:p text:style-name="Head 2">狀態</text:p>
  <text:p text:style-name="Paragraph">列出有關來源檔案的其他資訊。</text:p>
  <text:p text:style-name="Head 2"><help:help-id value="SO3_RADIOBUTTON_MD_UPDATE_BASELINKS_RB_AUTOMATIC"/>自動</text:p>
  <text:p text:style-name="Paragraph"><help:help-text value="visible">開啟檔案時自動更新捷徑的內容。來源檔案中所做的所有變更還會顯示在包含捷徑的檔案中。僅可手動更新連結的圖形檔案，</help:help-text>因此該選項不適用於連結的圖形檔案。</text:p>
  <text:p text:style-name="Paragraph"><help:switch select="Program"><help:case select="CALC"><text:span text:style-name="T1">[自動]</text:span>選項僅適用於 DDE 捷徑。您可以從一個檔案複製 DDE 捷徑的內容，再選擇<text:span text:style-name="T1">[編輯] - [選擇性貼上內容]</text:span>來貼上該內容，然後選取<text:span text:style-name="T1">[捷徑]</text:span>方塊，從而插入 DDE 捷徑。由於 DDE 是基於文字的連結系統，因此僅將顯示的小數位複製到目標工作表中。</help:case></help:switch></text:p>
  <text:p text:style-name="Head 2"><help:help-id value="SO3_RADIOBUTTON_MD_UPDATE_BASELINKS_RB_MANUAL"/>手動</text:p>
  <text:p text:style-name="Paragraph"><help:help-text value="visible">只有在您按一下<text:span text:style-name="T1">[更新]</text:span>按鈕時，才會更新此捷徑。</help:help-text></text:p>
  <text:p text:style-name="Head 2"><help:help-id value="SO3_PUSHBUTTON_MD_UPDATE_BASELINKS_PB_UPDATE_NOW"/>更新</text:p>
  <text:p text:style-name="Paragraph"><help:help-text value="visible">更新選取的捷徑，以在目前文件中顯示連結檔案最近儲存的版本。</help:help-text></text:p>
  <text:p text:style-name="Head 2"><help:help-id value="SO3_PUSHBUTTON_MD_UPDATE_BASELINKS_PB_CHANGE_SOURCE"/>變更</text:p>
  <text:p text:style-name="Paragraph"><help:help-text value="visible">變更所選捷徑的來源檔案。</help:help-text></text:p>
  <text:p text:style-name="Head 2"><help:help-id value="SO3_PUSHBUTTON_MD_UPDATE_BASELINKS_PB_BREAK_LINK"/>刪除</text:p>
  <text:p text:style-name="Paragraph"><help:help-text value="visible">中斷來源檔案和目前文件之間的捷徑。來源檔案最近更新的內容會保留在目前文件中。</help:help-text></text:p>
 </office:body>
</office:document>
