

<office:document  xmlns:office="http://openoffice.org/2000/office" xmlns:style="http://openoffice.org/2000/style" xmlns:text="http://openoffice.org/2000/text" xmlns:table="http://openoffice.org/2000/table" xmlns:draw="http://openoffice.org/2000/drawing" xmlns:fo="http://www.w3.org/1999/XSL/Format" xmlns:xlink="http://www.w3.org/1999/xlink" xmlns:number="http://openoffice.org/2000/datastyle" xmlns:svg="http://www.w3.org/2000/svg" xmlns:chart="http://openoffice.org/2000/chart" xmlns:dr3d="http://openoffice.org/2000/dr3d" xmlns:math="http://www.w3.org/1998/Math/MathML" xmlns:form="http://openoffice.org/2000/form" xmlns:script="http://openoffice.org/2000/script" office:class="text" office:version="1.0" xmlns:dc="http://purl.org/dc/elements/1.1/" xmlns:meta="http://openoffice.org/2000/meta" xmlns:help="http://openoffice.org/2000/help">
<office:meta>
  <dc:description>text/common/01/02230401</dc:description>
  <dc:subject>清單</dc:subject>

  <dc:language>zh-TW</dc:language>
  <meta:user-defined meta:name="Info 0">READY</meta:user-defined>
  <meta:user-defined meta:name="Info 1">FREE_OK</meta:user-defined>
  <meta:user-defined meta:name="Info 2"/>
  <meta:user-defined meta:name="Info 3"/>
</office:meta>
 <office:script/>
 <office:font-decls>
  <style:font-decl style:name="StarSymbol" fo:font-family="StarSymbol" style:font-charset="x-symbol"/>
  <style:font-decl style:name="Courier New" fo:font-family="&apos;Courier New&apos;" style:font-style-name="Standard" style:font-family-generic="modern" style:font-pitch="fixed"/>
  <style:font-decl style:name="Courier" fo:font-family="Courier" style:font-family-generic="roman" style:font-pitch="fixed"/>
  <style:font-decl style:name="Andale WT UI3" fo:font-family="&apos;Andale WT UI&apos;" style:font-pitch="variable"/>
  <style:font-decl style:name="Arial Unicode MS" fo:font-family="&apos;Arial Unicode MS&apos;" style:font-pitch="variable"/>
  <style:font-decl style:name="HG Mincho Light J" fo:font-family="&apos;HG Mincho Light J&apos;" style:font-pitch="variable"/>
  <style:font-decl style:name="Andale WT UI" fo:font-family="&apos;Andale WT UI&apos;" style:font-style-name="Fett" style:font-family-generic="roman" style:font-pitch="variable"/>
  <style:font-decl style:name="Andale WT UI1" fo:font-family="&apos;Andale WT UI&apos;" style:font-style-name="Standard" style:font-family-generic="roman" style:font-pitch="variable"/>
  <style:font-decl style:name="Thorndale" fo:font-family="Thorndale" style:font-family-generic="roman" style:font-pitch="variable"/>
  <style:font-decl style:name="Times New Roman" fo:font-family="&apos;Times New Roman&apos;" style:font-style-name="Fett" style:font-family-generic="roman" style:font-pitch="variable"/>
  <style:font-decl style:name="Andale WT UI2" fo:font-family="&apos;Andale WT UI&apos;" style:font-family-generic="swiss" style:font-pitch="variable"/>
 </office:font-decls>
 <office:automatic-styles>
  <style:style style:name="Tabelle2" style:family="table">
   <style:properties style:width="17.995cm" fo:margin-left="0cm" fo:margin-right="0.005cm" table:align="margins"/>
  </style:style>
  <style:style style:name="Tabelle2.A" style:family="table-column">
   <style:properties style:column-width="2.364cm" style:rel-column-width="8610*"/>
  </style:style>
  <style:style style:name="Tabelle2.B" style:family="table-column">
   <style:properties style:column-width="15.632cm" style:rel-column-width="56925*"/>
  </style:style>
  <style:style style:name="Tabelle2.A1" style:family="table-cell">
   <style:properties fo:padding="0.049cm" fo:border-left="0.002cm solid #000000" fo:border-right="none" fo:border-top="0.002cm solid #000000" fo:border-bottom="0.002cm solid #000000"/>
  </style:style>
  <style:style style:name="Tabelle2.B1" style:family="table-cell">
   <style:properties fo:padding="0.049cm" fo:border="0.002cm solid #000000"/>
  </style:style>
  <style:style style:name="Tabelle2.A2" style:family="table-cell">
   <style:properties fo:padding="0.049cm" fo:border-left="0.002cm solid #000000" fo:border-right="none" fo:border-top="none" fo:border-bottom="0.002cm solid #000000"/>
  </style:style>
  <style:style style:name="Tabelle2.B2" style:family="table-cell">
   <style:properties fo:padding="0.049cm" fo:border-left="0.002cm solid #000000" fo:border-right="0.002cm solid #000000" fo:border-top="none" fo:border-bottom="0.002cm solid #000000"/>
  </style:style>
  <style:style style:name="Tabelle4" style:family="table">
   <style:properties style:width="18cm" table:align="margins"/>
  </style:style>
  <style:style style:name="Tabelle4.A" style:family="table-column">
   <style:properties style:column-width="1.499cm" style:rel-column-width="5461*"/>
  </style:style>
  <style:style style:name="Tabelle4.B" style:family="table-column">
   <style:properties style:column-width="16.501cm" style:rel-column-width="60074*"/>
  </style:style>
  <style:style style:name="Tabelle1" style:family="table">
   <style:properties style:width="18cm" table:align="margins"/>
  </style:style>
  <style:style style:name="Tabelle1.A" style:family="table-column">
   <style:properties style:column-width="1.499cm" style:rel-column-width="5460*"/>
  </style:style>
  <style:style style:name="Tabelle1.B" style:family="table-column">
   <style:properties style:column-width="16.501cm" style:rel-column-width="60075*"/>
  </style:style>
  <style:style style:name="Tabelle1.1" style:family="table-row">
   <style:properties style:min-row-height="0.848cm"/>
  </style:style>
  <style:style style:name="Tabelle1.A1" style:family="table-cell">
   <style:properties fo:padding="0cm" fo:border="none"/>
  </style:style>
  <style:style style:name="P1" style:family="paragraph" style:parent-style-name="Paragraph" style:master-page-name="HTML">
   <style:properties style:page-number="0"/>
  </style:style>
  <style:style style:name="T1" style:family="text">
   <style:properties fo:font-weight="bold"/>
  </style:style>
  <style:style style:name="fr1" style:family="graphics" style:parent-style-name="Graphics">
   <style:properties style:run-through="foreground" style:wrap="run-through" style:vertical-pos="top" style:vertical-rel="paragraph" style:horizontal-pos="left" style:horizontal-rel="paragraph" style:mirror="none" fo:clip="rect(0cm 0cm 0cm 0cm)" draw:luminance="0%" draw:contrast="0%" draw:red="0%" draw:green="0%" draw:blue="0%" draw:gamma="1" draw:color-inversion="false" draw:transparency="-100%" draw:color-mode="standard"/>
  </style:style>
  <style:style style:name="fr2" style:family="graphics" style:parent-style-name="Graphics">
   <style:properties fo:margin-left="0cm" fo:margin-right="0cm" fo:margin-top="0cm" fo:margin-bottom="0cm" style:run-through="foreground" style:wrap="run-through" style:vertical-pos="middle" style:vertical-rel="paragraph" style:horizontal-pos="left" style:horizontal-rel="paragraph" style:mirror="none" fo:clip="rect(0cm 0cm 0cm 0cm)" draw:luminance="0%" draw:contrast="0%" draw:red="0%" draw:green="0%" draw:blue="0%" draw:gamma="1" draw:color-inversion="false" draw:transparency="-100%" draw:color-mode="standard"/>
  </style:style>
 </office:automatic-styles>
 <office:body>
  <text:variable-decls>
   <text:variable-decl text:value-type="string" text:name="HTML_ON"/>
   <text:variable-decl text:value-type="string" text:name="HTML_OFF"/>
   <text:variable-decl text:value-type="string" text:name="TITEL"/>
   <text:variable-decl text:value-type="string" text:name="END"/>
   <text:variable-decl text:value-type="string" text:name="HREF"/>
   <text:variable-decl text:value-type="string" text:name="MAC"/>
   <text:variable-decl text:value-type="string" text:name="ELSE"/>
   <text:variable-decl text:value-type="string" text:name="NAME"/>
   <text:variable-decl text:value-type="string" text:name="MODIFY"/>
   <text:variable-decl text:value-type="string" text:name="REFNR"/>
   <text:variable-decl text:value-type="string" text:name="HelpID"/>
   <text:variable-decl text:value-type="string" text:name="OS2"/>
   <text:variable-decl text:value-type="string" text:name="HFELD"/>
   <text:variable-decl text:value-type="string" text:name="AKTHLP"/>
   <text:variable-decl text:value-type="string" text:name="WIN"/>
   <text:variable-decl text:value-type="string" text:name="INDEX"/>
   <text:variable-decl text:value-type="string" text:name="STYLE"/>
  </text:variable-decls>
  <text:sequence-decls>
   <text:sequence-decl text:display-outline-level="0" text:name="Illustration"/>
   <text:sequence-decl text:display-outline-level="0" text:name="Table"/>
   <text:sequence-decl text:display-outline-level="0" text:name="Text"/>
   <text:sequence-decl text:display-outline-level="0" text:name="Drawing"/>
  </text:sequence-decls>
  <help:to-be-embedded Eid="liste">
  <text:p text:style-name="Head 1"><help:help-id value="HID_REDLINING_VIEW_PAGE"/><help:key-word value="變更; 拒絕" tag="kw65843_1"/><help:key-word value="變更; 接受" tag="kw65843_2"/><help:link Id="65843">清單</help:link></text:p>
  <text:p text:style-name="Paragraph"><help:help-text value="visible">接受或拒絕個別變更。</help:help-text></text:p>
  </help:to-be-embedded>
  <help:popup Id="65620" Eid="rotlinieliste"><help:embedded Id="65598" Eid="wie"></help:embedded></help:popup>
  <text:p text:style-name="Paragraph"><text:span text:style-name="T1">[清單]</text:span>標籤顯示了在目前文件中記錄的所有變更。如果要篩選此清單，請按一下<text:span text:style-name="T1">[篩選]</text:span>標籤，然後選取所需的<help:link Id="65717">篩選條件</help:link>。<help:switch select="Program"><help:case select="WRITER">如果清單包含嵌套變更，則會顯示嵌套變更之間的相依關係，而不考量篩選。</help:case></help:switch></text:p>
  <text:p text:style-name="Paragraph"><help:switch select="Program"><help:case select="WRITER">當不同作者所做的變更重疊在一起時，就形成了嵌套變更。</help:case></help:switch></text:p>
  <text:p text:style-name="Paragraph"><help:switch select="Program"><help:case select="CALC">按一下清單中條目旁邊的加號，以檢視針對某個儲存格記錄的所有變更。</help:case></help:switch></text:p>
  <text:p text:style-name="Paragraph"><help:switch select="Program"><help:case select="CALC">如果儲存格的嵌套變更中有一個符合篩選條件，螢幕上會顯示對該儲存格所做的所有變更。當您篩選變更清單時，清單中的條目依下表顯示為不同的顏色：</help:case></help:switch></text:p>
  <help:switch select="Program"><help:case select="CALC">
  <table:table table:name="Tabelle2" table:style-name="Tabelle2">
   <table:table-column table:style-name="Tabelle2.A"/>
   <table:table-column table:style-name="Tabelle2.B"/>
   <table:table-header-rows>
    <table:table-row>
     <table:table-cell table:style-name="Tabelle2.A1" table:value-type="string">
      <text:p text:style-name="TableHead">顏色</text:p>
     </table:table-cell>
     <table:table-cell table:style-name="Tabelle2.B1" table:value-type="string">
      <text:p text:style-name="TableHead">涵義</text:p>
     </table:table-cell>
    </table:table-row>
   </table:table-header-rows>
   <table:table-row>
    <table:table-cell table:style-name="Tabelle2.A2" table:value-type="string">
     <text:p text:style-name="TextInTable">黑色</text:p>
    </table:table-cell>
    <table:table-cell table:style-name="Tabelle2.B2" table:value-type="string">
     <text:p text:style-name="TextInTable">條目符合篩選條件。</text:p>
    </table:table-cell>
   </table:table-row>
   <table:table-row>
    <table:table-cell table:style-name="Tabelle2.A2" table:value-type="string">
     <text:p text:style-name="TextInTable">藍色</text:p>
    </table:table-cell>
    <table:table-cell table:style-name="Tabelle2.B2" table:value-type="string">
     <text:p text:style-name="TextInTable">一個或多個子條目符合篩選條件。</text:p>
    </table:table-cell>
   </table:table-row>
   <table:table-row>
    <table:table-cell table:style-name="Tabelle2.A2" table:value-type="string">
     <text:p text:style-name="TextInTable">灰色</text:p>
    </table:table-cell>
    <table:table-cell table:style-name="Tabelle2.B2" table:value-type="string">
     <text:p text:style-name="TextInTable">子條目不符合篩選條件。</text:p>
    </table:table-cell>
   </table:table-row>
   <table:table-row>
    <table:table-cell table:style-name="Tabelle2.A2" table:value-type="string">
     <text:p text:style-name="TextInTable">綠色</text:p>
    </table:table-cell>
    <table:table-cell table:style-name="Tabelle2.B2" table:value-type="string">
     <text:p text:style-name="TextInTable">子條目符合篩選條件。</text:p>
    </table:table-cell>
   </table:table-row>
  </table:table>
  </help:case></help:switch>
  <text:p text:style-name="Head 2"><help:help-id value="HID_REDLINING_VIEW_DG_VIEW"/>選項欄位</text:p>
  <text:p text:style-name="Paragraph"><help:help-text value="visible">列出在文件中記錄的變更。選取清單中的某個條目後，相應的變更會在文件中突出顯示。若要排序清單，請按一下欄標頭。</help:help-text>按住 CTRL 鍵，同時分別按一下清單中的條目，以選取多個條目。</text:p>
  <table:table table:name="Tabelle4" table:style-name="Tabelle4">
   <table:table-column table:style-name="Tabelle4.A"/>
   <table:table-column table:style-name="Tabelle4.B"/>
   <table:table-header-rows>
    <table:table-row>
     <table:table-cell table:value-type="string">
      <text:p text:style-name="Paragraph"><draw:image draw:name="提示0" svg:desc="提示圖示" svg:pixelx="32" svg:pixely="32" svg:width="0.847cm" svg:height="0.847cm" xlink:href="66732" draw:filter-name=""/></text:p>

     </table:table-cell>
     <table:table-cell table:value-type="string">
      <text:p text:style-name="Paragraph">若要編輯對清單中某個條目的註解，請在該條目上按一下滑鼠右鍵，然後選擇<text:span text:style-name="T1">[編輯] - [註解]</text:span>。</text:p>
     </table:table-cell>
    </table:table-row>
   </table:table-header-rows>
  </table:table>
  <text:p text:style-name="Paragraph">在接受或拒絕某個變更後，清單中的條目會依「已接受」或「已拒絕」的狀態重新排序。</text:p>
  <text:p text:style-name="Head 3"><help:help-id value="HID_SC_SORT_ACTION"/>動作</text:p>
  <text:p text:style-name="Paragraph"><help:help-text value="visible">列出在文件中所做的變更。</help:help-text></text:p>
  <text:p text:style-name="Head 3"><help:switch select="Program"><help:case select="CALC">位置</help:case></help:switch></text:p>
  <text:p text:style-name="Paragraph"><help:switch select="Program"><help:case select="CALC">列出內容已變更的儲存格。</help:case></help:switch></text:p>
  <text:p text:style-name="Head 3"><help:help-id value="HID_SC_SORT_AUTHOR"/>作者</text:p>
  <text:p text:style-name="Paragraph"><help:help-text value="visible">列出進行變更的使用者。</help:help-text></text:p>
  <text:p text:style-name="Head 3"><help:help-id value="HID_SC_SORT_DATE"/>日期</text:p>
  <text:p text:style-name="Paragraph"><help:help-text value="visible">列出進行變更的日期和時間。</help:help-text></text:p>
  <text:p text:style-name="Head 3"><help:help-id value="HID_SC_SORT_COMMENT"/>描述</text:p>
  <text:p text:style-name="Paragraph"><help:help-text value="visible">列出附加到變更的註解。</help:help-text></text:p>
  <text:p text:style-name="Head 2"><help:help-id value="HID_REDLINING_VIEW_PB_ACCEPT"/>接受</text:p>
  <text:p text:style-name="Paragraph"><help:help-text value="visible">接受選取的變更，並在文件中移除該變更的突出顯示。</help:help-text></text:p>
  <text:p text:style-name="Head 2"><help:help-id value="HID_REDLINING_VIEW_PB_REJECT"/>拒絕</text:p>
  <text:p text:style-name="Paragraph"><help:help-text value="visible">拒絕選取的變更，並在文件中移除該變更的突出顯示。</help:help-text></text:p>
  <text:p text:style-name="Head 2"><help:help-id value="HID_REDLINING_VIEW_PB_ACCEPTALL"/>全部接受</text:p>
  <text:p text:style-name="Paragraph"><help:help-text value="visible">接受所有的變更，並在文件中移除這些變更的突出顯示。</help:help-text></text:p>
  <text:p text:style-name="Head 2"><help:help-id value="HID_REDLINING_VIEW_PB_REJECTALL"/>全部拒絕</text:p>
  <text:p text:style-name="Paragraph"><help:help-text value="visible">拒絕所有的變更，並在文件中移除這些變更的突出顯示。</help:help-text></text:p>
  <help:switch select="Program"><help:case select="WRITER">
  <table:table table:name="Tabelle1" table:style-name="Tabelle1">
   <table:table-column table:style-name="Tabelle1.A"/>
   <table:table-column table:style-name="Tabelle1.B"/>
   <table:table-header-rows>
    <table:table-row table:style-name="Tabelle1.1">
     <table:table-cell table:style-name="Tabelle1.A1" table:value-type="string">
      <text:p text:style-name="Paragraph"><draw:image draw:name="圖示1" svg:desc="備註圖示" svg:pixelx="32" svg:pixely="32" svg:width="0.847cm" svg:height="0.847cm" xlink:href="65980" draw:filter-name=""/></text:p>

     </table:table-cell>
     <table:table-cell table:style-name="Tabelle1.A1" table:value-type="string">
      <text:p text:style-name="Paragraph">若要撤銷對變更的接受或拒絕，請選擇<text:span text:style-name="T1">[編輯]</text:span>功能表上的<text:span text:style-name="T1">[復原]</text:span>。</text:p>
     </table:table-cell>
    </table:table-row>
   </table:table-header-rows>
  </table:table>
  </help:case></help:switch>
  <text:p text:style-name="Head 2"><help:help-id value="HID_REDLINING_VIEW_PB_UNDO"/><help:switch select="Program"><help:case select="WRITER">復原</help:case></help:switch></text:p>
  <text:p text:style-name="Paragraph"><help:switch select="Program"><help:case select="WRITER">如果是透過選擇<text:span text:style-name="T1">[格式] - [自動格式] - [使用和編輯變更]</text:span>進行變更，則對話方塊中會顯示<text:span text:style-name="T1">[復原]</text:span>按鈕。<help:help-text value="visible">撤銷上一個[接受]指令或[拒絕]指令。</help:help-text></help:case></help:switch></text:p>
  <text:p text:style-name="Paragraph">您可以在清單的<text:span text:style-name="T1">快顯功能表</text:span>中使用其他指令：</text:p>
  <text:p text:style-name="Head 2"><help:help-id value="HID_EDIT_COMMENT"/><help:help-id value="HID_SC_CHANGES_COMMENT"/>編輯註解</text:p>
  <text:p text:style-name="Paragraph"><help:help-text value="visible">編輯對所選變更的註解。</help:help-text></text:p>
  <text:p text:style-name="Head 2">排序</text:p>
  <text:p text:style-name="Paragraph">依欄標頭排序清單。</text:p>
  <text:p text:style-name="Head 3"><help:help-id value="HID_SORT_ACTION"/>動作</text:p>
  <text:p text:style-name="Paragraph"><help:help-text value="visible">依變更類型排序清單。</help:help-text></text:p>
  <text:p text:style-name="Head 3"><help:help-id value="HID_SORT_AUTHOR"/>作者</text:p>
  <text:p text:style-name="Paragraph"><help:help-text value="visible">按照作者排序清單。</help:help-text></text:p>
  <text:p text:style-name="Head 3"><help:help-id value="HID_SORT_DATE"/>日期</text:p>
  <text:p text:style-name="Paragraph"><help:help-text value="visible">依日期和時間排序清單。</help:help-text></text:p>
  <text:p text:style-name="Head 3"><help:help-id value="HID_SORT_COMMENT"/>描述</text:p>
  <text:p text:style-name="Paragraph"><help:help-text value="visible">依附加到變更的註解排序清單。</help:help-text></text:p>
  <text:p text:style-name="Head 3"><help:help-id value="HID_SORT_POSITION"/>文件位置</text:p>
  <text:p text:style-name="Paragraph"><help:help-text value="visible">依文件中所做變更的位置以向下順序排序清單。這是標準排序方法。</help:help-text></text:p>
 </office:body>
</office:document>
