

<office:document  xmlns:office="http://openoffice.org/2000/office" xmlns:style="http://openoffice.org/2000/style" xmlns:text="http://openoffice.org/2000/text" xmlns:table="http://openoffice.org/2000/table" xmlns:draw="http://openoffice.org/2000/drawing" xmlns:fo="http://www.w3.org/1999/XSL/Format" xmlns:xlink="http://www.w3.org/1999/xlink" xmlns:number="http://openoffice.org/2000/datastyle" xmlns:svg="http://www.w3.org/2000/svg" xmlns:chart="http://openoffice.org/2000/chart" xmlns:dr3d="http://openoffice.org/2000/dr3d" xmlns:math="http://www.w3.org/1998/Math/MathML" xmlns:form="http://openoffice.org/2000/form" xmlns:script="http://openoffice.org/2000/script" office:class="text" office:version="1.0" xmlns:dc="http://purl.org/dc/elements/1.1/" xmlns:meta="http://openoffice.org/2000/meta" xmlns:help="http://openoffice.org/2000/help">
<office:meta>
  <dc:description>text/common/01/04050000</dc:description>
  <dc:subject>插入備註</dc:subject>

  <dc:language>zh-TW</dc:language>
  <meta:user-defined meta:name="Info 0">READY</meta:user-defined>
  <meta:user-defined meta:name="Info 1">FREE_OK</meta:user-defined>
  <meta:user-defined meta:name="Info 2"/>
  <meta:user-defined meta:name="Info 3"/>
</office:meta>
 <office:script/>
 <office:font-decls>
  <style:font-decl style:name="StarSymbol" fo:font-family="StarSymbol" style:font-charset="x-symbol"/>
  <style:font-decl style:name="Courier New" fo:font-family="&apos;Courier New&apos;" style:font-style-name="Standard" style:font-family-generic="modern" style:font-pitch="fixed"/>
  <style:font-decl style:name="Courier" fo:font-family="Courier" style:font-family-generic="roman" style:font-pitch="fixed"/>
  <style:font-decl style:name="Andale WT UI3" fo:font-family="&apos;Andale WT UI&apos;" style:font-pitch="variable"/>
  <style:font-decl style:name="Arial Unicode MS" fo:font-family="&apos;Arial Unicode MS&apos;" style:font-pitch="variable"/>
  <style:font-decl style:name="HG Mincho Light J" fo:font-family="&apos;HG Mincho Light J&apos;" style:font-pitch="variable"/>
  <style:font-decl style:name="Andale WT UI" fo:font-family="&apos;Andale WT UI&apos;" style:font-style-name="Fett" style:font-family-generic="roman" style:font-pitch="variable"/>
  <style:font-decl style:name="Andale WT UI1" fo:font-family="&apos;Andale WT UI&apos;" style:font-style-name="Standard" style:font-family-generic="roman" style:font-pitch="variable"/>
  <style:font-decl style:name="Thorndale" fo:font-family="Thorndale" style:font-family-generic="roman" style:font-pitch="variable"/>
  <style:font-decl style:name="Times New Roman" fo:font-family="&apos;Times New Roman&apos;" style:font-style-name="Fett" style:font-family-generic="roman" style:font-pitch="variable"/>
  <style:font-decl style:name="Andale WT UI2" fo:font-family="&apos;Andale WT UI&apos;" style:font-family-generic="swiss" style:font-pitch="variable"/>
 </office:font-decls>
 <office:automatic-styles>
  <style:style style:name="Tabelle3" style:family="table">
   <style:properties style:width="18cm" table:align="margins"/>
  </style:style>
  <style:style style:name="Tabelle3.A" style:family="table-column">
   <style:properties style:column-width="1.499cm" style:rel-column-width="5461*"/>
  </style:style>
  <style:style style:name="Tabelle3.B" style:family="table-column">
   <style:properties style:column-width="16.501cm" style:rel-column-width="60074*"/>
  </style:style>
  <style:style style:name="P1" style:family="paragraph" style:parent-style-name="Paragraph" style:master-page-name="HTML">
   <style:properties style:page-number="0"/>
  </style:style>
  <style:style style:name="T1" style:family="text">
   <style:properties fo:font-weight="bold"/>
  </style:style>
  <style:style style:name="fr1" style:family="graphics" style:parent-style-name="Graphics">
   <style:properties style:run-through="foreground" style:wrap="run-through" style:vertical-pos="top" style:vertical-rel="paragraph" style:horizontal-pos="left" style:horizontal-rel="paragraph" style:mirror="none" fo:clip="rect(0cm 0cm 0cm 0cm)" draw:luminance="0%" draw:contrast="0%" draw:red="0%" draw:green="0%" draw:blue="0%" draw:gamma="1" draw:color-inversion="false" draw:transparency="-100%" draw:color-mode="standard"/>
  </style:style>
 </office:automatic-styles>
 <office:body>
  <text:variable-decls>
   <text:variable-decl text:value-type="string" text:name="HTML_ON"/>
   <text:variable-decl text:value-type="string" text:name="HTML_OFF"/>
   <text:variable-decl text:value-type="string" text:name="TITEL"/>
   <text:variable-decl text:value-type="string" text:name="END"/>
   <text:variable-decl text:value-type="string" text:name="OS2"/>
   <text:variable-decl text:value-type="string" text:name="ELSE"/>
   <text:variable-decl text:value-type="string" text:name="HREF"/>
   <text:variable-decl text:value-type="string" text:name="HFELD"/>
   <text:variable-decl text:value-type="string" text:name="NAME"/>
   <text:variable-decl text:value-type="string" text:name="MAC"/>
   <text:variable-decl text:value-type="string" text:name="WIN"/>
   <text:variable-decl text:value-type="string" text:name="HelpID"/>
   <text:variable-decl text:value-type="string" text:name="MODIFY"/>
   <text:variable-decl text:value-type="string" text:name="REFNR"/>
   <text:variable-decl text:value-type="string" text:name="KEY"/>
   <text:variable-decl text:value-type="string" text:name="AKTHLP"/>
   <text:variable-decl text:value-type="string" text:name="INDEX"/>
   <text:variable-decl text:value-type="string" text:name="STYLE"/>
  </text:variable-decls>
  <text:sequence-decls>
   <text:sequence-decl text:display-outline-level="0" text:name="Illustration"/>
   <text:sequence-decl text:display-outline-level="0" text:name="Table"/>
   <text:sequence-decl text:display-outline-level="0" text:name="Text"/>
   <text:sequence-decl text:display-outline-level="0" text:name="Drawing"/>
  </text:sequence-decls>
  <text:p text:style-name="P1"/>
  <text:p text:style-name="Head 1"><help:help-id value="FN_POSTIT"/><help:help-id value="SID_INSERT_POSTIT"/><help:key-word value="備註; 插入" tag="kw65720_1"/><help:key-word value="插入; 備註" tag="kw65720_6"/><help:key-word value="備註; 編輯" tag="kw65720_5"/><help:key-word value="編輯; 備註" tag="kw65720_4"/><help:key-word value="資料條目; 插入備註" tag="kw65720_3"/><help:key-word value="提示; 插入" tag="kw65720_2"/>插入備註</text:p>
  <text:p text:style-name="Paragraph"><help:to-be-embedded Eid="notizbearbeitentext"><help:help-text value="visible">在目前游標所在處插入備註。若要檢視或編輯備註的內容，請選取備註並選擇此指令。</help:help-text></help:to-be-embedded></text:p>
  <help:switch select="Program"><help:case select="WRITER"><help:executeurl Id="slot:20329"></help:executeurl></help:case><help:default><help:executeurl Id="slot:26276"></help:executeurl></help:default></help:switch><help:popup Id="65610" Eid="notiz"><help:embedded Id="65598" Eid="wie"></help:embedded></help:popup>
  <help:switch select="Program"><help:case select="CALC"></help:case><help:default>
  </help:default></help:switch>
  <text:p text:style-name="Paragraph"><help:switch select="Program"><help:case select="CALC"></help:case><help:default>文件中備註所在的位置由一個黃色小矩形標記。若要開啟備註進行編輯，請按兩下此矩形。</help:default></help:switch></text:p>
  <text:p text:style-name="Paragraph"><help:switch select="Program"><help:case select="CALC"></help:case><help:default>如果檔案包含一個以上的備註，則<text:span text:style-name="T1">[編輯備註]</text:span>對話方塊中會包含向左和向右的箭頭，用於在不同備註之間移動。</help:default></help:switch></text:p>
  <help:help-id value="SVX_IMAGEBUTTON_RID_SVXDLG_POSTIT_BTN_PREV"/><help:switch select="Program"><help:case select="WRITER"><help:embedded Id="65598" Eid="nopfli"></help:embedded></help:case></help:switch>
  <help:help-id value="SVX_IMAGEBUTTON_RID_SVXDLG_POSTIT_BTN_NEXT"/><help:switch select="Program"><help:case select="WRITER"><help:embedded Id="65598" Eid="nopfre"></help:embedded></help:case></help:switch>
  <text:p text:style-name="Paragraph"><help:switch select="Program"><help:case select="CALC"></help:case><help:default>若要設定文件中備註的列印選項，請選擇<text:span text:style-name="T1">[檔案] - [列印]</text:span>，然後按一下<text:span text:style-name="T1">[其他]</text:span>。</help:default></help:switch></text:p>
  <text:p text:style-name="Paragraph"><help:switch select="Program"><help:case select="CALC">對儲存格附加備註時，螢幕上會出現一個圖例，您可以在其中輸入文字。工作表中備註所在的位置由一個紅色小方塊標記。若要檢視備註，請確保已啟動說明提示 (<text:span text:style-name="T1">[說明] - [提示]</text:span>)，然後將滑鼠指標停留在小方塊上。</help:case></help:switch></text:p>
  <text:p text:style-name="Paragraph"><help:switch select="Program"><help:case select="CALC">若要編輯備註，請按一下含有備註的儲存格，然後選取<text:span text:style-name="T1">[插入] - [備註]</text:span>。</help:case></help:switch></text:p>
  <text:p text:style-name="Paragraph"><help:switch select="Program"><help:case select="CALC">若要設定工作表文件中備註的列印選項，請選擇<text:span text:style-name="T1">[格式] - [頁]</text:span>，然後按一下<text:span text:style-name="T1">[工作表]</text:span>標籤。</help:case></help:switch></text:p>
  <table:table table:name="Tabelle3" table:style-name="Tabelle3">
   <table:table-column table:style-name="Tabelle3.A"/>
   <table:table-column table:style-name="Tabelle3.B"/>
   <table:table-header-rows>
    <table:table-row>
     <table:table-cell table:value-type="string">
      <text:p text:style-name="Paragraph"><draw:image draw:name="圖示0" svg:desc="此圖示標記包含其他資訊的文字。" svg:pixelx="32" svg:pixely="32" svg:width="0.847cm" svg:height="0.847cm" xlink:href="65980" draw:filter-name=""/></text:p>

     </table:table-cell>
     <table:table-cell table:value-type="string">
      <text:p text:style-name="Paragraph">將包含備註的檔案匯出成 HTML 格式時，備註內容的前後會加上 &lt;Comment&gt; 標記。</text:p>
     </table:table-cell>
    </table:table-row>
   </table:table-header-rows>
  </table:table>
  <text:p text:style-name="Head 2"><help:switch select="Program"><help:case select="CALC"></help:case><help:default>內容</help:default></help:switch></text:p>
  <text:p text:style-name="Paragraph"><help:switch select="Program"><help:case select="CALC"></help:case><help:default>顯示所選備註的屬性。</help:default></help:switch></text:p>
  <text:p text:style-name="Head 3"><help:switch select="Program"><help:case select="CALC"></help:case><help:default>作者</help:default></help:switch></text:p>
  <text:p text:style-name="Paragraph"><help:switch select="Program"><help:case select="CALC"></help:case><help:default>顯示備註建立人的姓名縮寫以及備註的建立日期。</help:default></help:switch></text:p>
  <text:p text:style-name="Head 3"><help:help-id value="SVX_MULTILINEEDIT_RID_SVXDLG_POSTIT_ED_EDIT"/><help:switch select="Program"><help:case select="CALC"></help:case><help:default>文字</help:default></help:switch></text:p>
  <text:p text:style-name="Paragraph"><help:help-text value="visible"><help:switch select="Program"><help:case select="CALC"></help:case><help:default>在此輸入備註的文字。</help:default></help:switch></help:help-text></text:p>
  <text:p text:style-name="Head 2"><help:help-id value="SVX_PUSHBUTTON_RID_SVXDLG_POSTIT_BTN_AUTHOR"/><help:switch select="Program"><help:case select="CALC"></help:case><help:default>作者</help:default></help:switch></text:p>
  <text:p text:style-name="Paragraph"><help:help-text value="visible"><help:switch select="Program"><help:case select="CALC"></help:case><help:default>在備註內容中輸入您的姓名縮寫、目前的日期和時間。</help:default></help:switch></help:help-text></text:p>
 </office:body>
</office:document>
