

<office:document  xmlns:office="http://openoffice.org/2000/office" xmlns:style="http://openoffice.org/2000/style" xmlns:text="http://openoffice.org/2000/text" xmlns:table="http://openoffice.org/2000/table" xmlns:draw="http://openoffice.org/2000/drawing" xmlns:fo="http://www.w3.org/1999/XSL/Format" xmlns:xlink="http://www.w3.org/1999/xlink" xmlns:number="http://openoffice.org/2000/datastyle" xmlns:svg="http://www.w3.org/2000/svg" xmlns:chart="http://openoffice.org/2000/chart" xmlns:dr3d="http://openoffice.org/2000/dr3d" xmlns:math="http://www.w3.org/1998/Math/MathML" xmlns:form="http://openoffice.org/2000/form" xmlns:script="http://openoffice.org/2000/script" office:class="text" office:version="1.0" xmlns:dc="http://purl.org/dc/elements/1.1/" xmlns:meta="http://openoffice.org/2000/meta" xmlns:help="http://openoffice.org/2000/help">
<office:meta>
  <dc:description>text/common/01/05020200</dc:description>
  <dc:subject>字型效果</dc:subject>

  <dc:language>zh-TW</dc:language>
  <meta:user-defined meta:name="Info 0">READY</meta:user-defined>
  <meta:user-defined meta:name="Info 1">FREE_OK</meta:user-defined>
  <meta:user-defined meta:name="Info 2"/>
  <meta:user-defined meta:name="Info 3"/>
</office:meta>
 <office:script/>
 <office:font-decls>
  <style:font-decl style:name="StarSymbol" fo:font-family="StarSymbol" style:font-charset="x-symbol"/>
  <style:font-decl style:name="Courier New" fo:font-family="&apos;Courier New&apos;" style:font-style-name="Standard" style:font-family-generic="modern" style:font-pitch="fixed"/>
  <style:font-decl style:name="Courier" fo:font-family="Courier" style:font-family-generic="roman" style:font-pitch="fixed"/>
  <style:font-decl style:name="Andale WT UI3" fo:font-family="&apos;Andale WT UI&apos;" style:font-pitch="variable"/>
  <style:font-decl style:name="Arial Unicode MS" fo:font-family="&apos;Arial Unicode MS&apos;" style:font-pitch="variable"/>
  <style:font-decl style:name="HG Mincho Light J" fo:font-family="&apos;HG Mincho Light J&apos;" style:font-pitch="variable"/>
  <style:font-decl style:name="Andale WT UI" fo:font-family="&apos;Andale WT UI&apos;" style:font-style-name="Fett" style:font-family-generic="roman" style:font-pitch="variable"/>
  <style:font-decl style:name="Andale WT UI1" fo:font-family="&apos;Andale WT UI&apos;" style:font-style-name="Standard" style:font-family-generic="roman" style:font-pitch="variable"/>
  <style:font-decl style:name="Thorndale" fo:font-family="Thorndale" style:font-family-generic="roman" style:font-pitch="variable"/>
  <style:font-decl style:name="Times New Roman" fo:font-family="&apos;Times New Roman&apos;" style:font-style-name="Fett" style:font-family-generic="roman" style:font-pitch="variable"/>
  <style:font-decl style:name="Andale WT UI2" fo:font-family="&apos;Andale WT UI&apos;" style:font-family-generic="swiss" style:font-pitch="variable"/>
 </office:font-decls>
 <office:automatic-styles>
  <style:style style:name="Tabelle2" style:family="table">
   <style:properties style:width="18cm" table:align="margins"/>
  </style:style>
  <style:style style:name="Tabelle2.A" style:family="table-column">
   <style:properties style:column-width="1.499cm" style:rel-column-width="5460*"/>
  </style:style>
  <style:style style:name="Tabelle2.B" style:family="table-column">
   <style:properties style:column-width="16.501cm" style:rel-column-width="60075*"/>
  </style:style>
  <style:style style:name="Tabelle2.1" style:family="table-row">
   <style:properties style:min-row-height="0.848cm"/>
  </style:style>
  <style:style style:name="Tabelle2.A1" style:family="table-cell">
   <style:properties fo:padding="0cm" fo:border="none"/>
  </style:style>
  <style:style style:name="Tabelle1" style:family="table">
   <style:properties style:width="18cm" table:align="margins"/>
  </style:style>
  <style:style style:name="Tabelle1.A" style:family="table-column">
   <style:properties style:column-width="1.501cm" style:rel-column-width="5466*"/>
  </style:style>
  <style:style style:name="Tabelle1.B" style:family="table-column">
   <style:properties style:column-width="16.499cm" style:rel-column-width="60069*"/>
  </style:style>
  <style:style style:name="Tabelle1.1" style:family="table-row">
   <style:properties style:min-row-height="0.848cm"/>
  </style:style>
  <style:style style:name="Tabelle1.A1" style:family="table-cell">
   <style:properties fo:padding="0cm" fo:border="none"/>
  </style:style>
  <style:style style:name="Tabelle4" style:family="table">
   <style:properties style:width="18cm" table:align="margins"/>
  </style:style>
  <style:style style:name="Tabelle4.A" style:family="table-column">
   <style:properties style:column-width="1.499cm" style:rel-column-width="5460*"/>
  </style:style>
  <style:style style:name="Tabelle4.B" style:family="table-column">
   <style:properties style:column-width="16.501cm" style:rel-column-width="60075*"/>
  </style:style>
  <style:style style:name="Tabelle4.A1" style:family="table-cell">
   <style:properties fo:padding="0cm" fo:border="none"/>
  </style:style>
  <style:style style:name="P1" style:family="paragraph" style:parent-style-name="Paragraph" style:master-page-name="HTML">
   <style:properties style:page-number="0"/>
  </style:style>
  <style:style style:name="P2" style:family="paragraph" style:parent-style-name="Paragraph" style:list-style-name="L1"/>
  <style:style style:name="T1" style:family="text">
   <style:properties fo:font-weight="bold"/>
  </style:style>
  <style:style style:name="fr1" style:family="graphics" style:parent-style-name="Graphics">
   <style:properties style:run-through="foreground" style:wrap="run-through" style:vertical-pos="middle" style:vertical-rel="paragraph" style:horizontal-pos="left" style:horizontal-rel="paragraph" style:mirror="none" fo:clip="rect(0cm 0cm 0cm 0cm)" draw:luminance="0%" draw:contrast="0%" draw:red="0%" draw:green="0%" draw:blue="0%" draw:gamma="1" draw:color-inversion="false" draw:transparency="-100%" draw:color-mode="standard"/>
  </style:style>
  <style:style style:name="fr2" style:family="graphics" style:parent-style-name="Graphics">
   <style:properties style:run-through="foreground" style:wrap="run-through" style:vertical-pos="top" style:vertical-rel="paragraph" style:horizontal-pos="left" style:horizontal-rel="paragraph" style:mirror="none" fo:clip="rect(0cm 0cm 0cm 0cm)" draw:luminance="0%" draw:contrast="0%" draw:red="0%" draw:green="0%" draw:blue="0%" draw:gamma="1" draw:color-inversion="false" draw:transparency="-100%" draw:color-mode="standard"/>
  </style:style>
  <text:list-style style:name="L1">
   <text:list-level-style-bullet text:level="1" text:style-name="Bullet Symbols" style:num-suffix="." text:bullet-char="•">
    <style:properties text:min-label-width="0.499cm" style:font-name="StarSymbol"/>
   </text:list-level-style-bullet>
   <text:list-level-style-bullet text:level="2" text:style-name="Bullet Symbols" style:num-suffix="." text:bullet-char="•">
    <style:properties text:space-before="0.499cm" text:min-label-width="0.499cm" style:font-name="StarSymbol"/>
   </text:list-level-style-bullet>
   <text:list-level-style-bullet text:level="3" text:style-name="Bullet Symbols" style:num-suffix="." text:bullet-char="•">
    <style:properties text:space-before="0.999cm" text:min-label-width="0.499cm" style:font-name="StarSymbol"/>
   </text:list-level-style-bullet>
   <text:list-level-style-bullet text:level="4" text:style-name="Bullet Symbols" style:num-suffix="." text:bullet-char="•">
    <style:properties text:space-before="1.498cm" text:min-label-width="0.499cm" style:font-name="StarSymbol"/>
   </text:list-level-style-bullet>
   <text:list-level-style-bullet text:level="5" text:style-name="Bullet Symbols" style:num-suffix="." text:bullet-char="•">
    <style:properties text:space-before="1.997cm" text:min-label-width="0.499cm" style:font-name="StarSymbol"/>
   </text:list-level-style-bullet>
   <text:list-level-style-bullet text:level="6" text:style-name="Bullet Symbols" style:num-suffix="." text:bullet-char="•">
    <style:properties text:space-before="2.496cm" text:min-label-width="0.499cm" style:font-name="StarSymbol"/>
   </text:list-level-style-bullet>
   <text:list-level-style-bullet text:level="7" text:style-name="Bullet Symbols" style:num-suffix="." text:bullet-char="•">
    <style:properties text:space-before="2.995cm" text:min-label-width="0.499cm" style:font-name="StarSymbol"/>
   </text:list-level-style-bullet>
   <text:list-level-style-bullet text:level="8" text:style-name="Bullet Symbols" style:num-suffix="." text:bullet-char="•">
    <style:properties text:space-before="3.494cm" text:min-label-width="0.499cm" style:font-name="StarSymbol"/>
   </text:list-level-style-bullet>
   <text:list-level-style-bullet text:level="9" text:style-name="Bullet Symbols" style:num-suffix="." text:bullet-char="•">
    <style:properties text:space-before="3.994cm" text:min-label-width="0.499cm" style:font-name="StarSymbol"/>
   </text:list-level-style-bullet>
   <text:list-level-style-bullet text:level="10" text:style-name="Bullet Symbols" style:num-suffix="." text:bullet-char="•">
    <style:properties text:space-before="4.493cm" text:min-label-width="0.499cm" style:font-name="StarSymbol"/>
   </text:list-level-style-bullet>
  </text:list-style>
 </office:automatic-styles>
 <office:body>
  <text:variable-decls>
   <text:variable-decl text:value-type="string" text:name="HTML_ON"/>
   <text:variable-decl text:value-type="string" text:name="HTML_OFF"/>
   <text:variable-decl text:value-type="string" text:name="TITEL"/>
   <text:variable-decl text:value-type="string" text:name="END"/>
   <text:variable-decl text:value-type="string" text:name="HREF"/>
   <text:variable-decl text:value-type="string" text:name="NAME"/>
   <text:variable-decl text:value-type="string" text:name="OS2"/>
   <text:variable-decl text:value-type="string" text:name="ELSE"/>
   <text:variable-decl text:value-type="string" text:name="HelpID"/>
   <text:variable-decl text:value-type="string" text:name="HFELD"/>
   <text:variable-decl text:value-type="string" text:name="MODIFY"/>
   <text:variable-decl text:value-type="string" text:name="REFNR"/>
   <text:variable-decl text:value-type="string" text:name="WIN"/>
   <text:variable-decl text:value-type="string" text:name="KEY"/>
   <text:variable-decl text:value-type="string" text:name="AKTHLP"/>
   <text:variable-decl text:value-type="string" text:name="INDEX"/>
   <text:variable-decl text:value-type="string" text:name="STYLE"/>
  </text:variable-decls>
  <text:sequence-decls>
   <text:sequence-decl text:display-outline-level="0" text:name="Illustration"/>
   <text:sequence-decl text:display-outline-level="0" text:name="Table"/>
   <text:sequence-decl text:display-outline-level="0" text:name="Text"/>
   <text:sequence-decl text:display-outline-level="0" text:name="Drawing"/>
  </text:sequence-decls>
  <help:to-be-embedded Eid="schrifteffekt">
  <text:p text:style-name="Head 1"><help:help-id value="HID_SVXPAGE_CHAR_EFFECTS"/><help:key-word value="字型; 效果" tag="kw65646_1"/><help:key-word value="格式化; 字型效果" tag="kw65646_33"/><help:key-word value="字元; 字型效果" tag="kw65646_32"/><help:key-word value="文字; 字型效果" tag="kw65646_31"/><help:key-word value="效果; 字型效果" tag="kw65646_30"/><help:link Id="65646">字型效果</help:link></text:p>
  <text:p text:style-name="Paragraph"><help:help-text value="visible">指定要使用的字型效果。</help:help-text></text:p>
  </help:to-be-embedded>
  <help:popup Id="65599" Eid="schrifteffekt"><help:embedded Id="65598" Eid="wie"></help:embedded></help:popup>
  <help:embedded Id="65740" Eid="hinweis"></help:embedded>
  <text:p text:style-name="Head 2"><help:help-id value="SVX_LISTBOX_RID_SVXPAGE_CHAR_EFFECTS_LB_UNDERLINE"/><a name="unterstreichen"/><help:key-word value="底線; 字元" tag="kw65646_29"/><help:key-word value="字型效果; 底線" tag="kw65646_28"/><help:key-word value="底線; 文字" tag="kw65646_27"/><help:key-word value="文字; 底線" tag="kw65646_26"/>底線</text:p>
  <text:p text:style-name="Paragraph"><help:help-text value="visible">選取要採用的底線樣式。若要僅對字詞加入底線，請選取<text:span text:style-name="T1">[逐字]</text:span>方塊。</help:help-text></text:p>
  <table:table table:name="Tabelle2" table:style-name="Tabelle2">
   <table:table-column table:style-name="Tabelle2.A"/>
   <table:table-column table:style-name="Tabelle2.B"/>
   <table:table-header-rows>
    <table:table-row table:style-name="Tabelle2.1">
     <table:table-cell table:style-name="Tabelle2.A1" table:value-type="string">
      <text:p text:style-name="Paragraph"><draw:image draw:name="圖示0" svg:desc="備註圖示" svg:pixelx="32" svg:pixely="32" svg:width="0.847cm" svg:height="0.847cm" xlink:href="65980" draw:filter-name=""/></text:p>

     </table:table-cell>
     <table:table-cell table:style-name="Tabelle2.A1" table:value-type="string">
      <text:p text:style-name="Paragraph">如果對上標文字加入底線，底線會上升至上標所在的位置。如果上標包含在普通文字的字詞之中，對該字詞加入底線時，底線位置不會上升。</text:p>
     </table:table-cell>
    </table:table-row>
   </table:table-header-rows>
  </table:table>
  <help:embedded Id="65609" Eid="objektleiste"></help:embedded>
  <help:embedded Id="65593" Eid="syunterstreichen"></help:embedded>
  <text:p text:style-name="Head 2"><help:help-id value="SVX_LISTBOX_RID_SVXPAGE_CHAR_EFFECTS_LB_UNDERLINE_COLOR"/>顏色</text:p>
  <text:p text:style-name="Paragraph"><help:help-text value="visible">選取底線的顏色。</help:help-text></text:p>
  <text:p text:style-name="Head 2"><help:help-id value="SVX_LISTBOX_RID_SVXPAGE_CHAR_EFFECTS_LB_EFFECTS2"/><help:key-word value="大寫; 字型效果" tag="kw65646_25"/><help:key-word value="大寫字母; 字型效果" tag="kw65646_24"/><help:key-word value="小寫; 字型效果" tag="kw65646_23"/><help:key-word value="標題; 字型效果" tag="kw65646_22"/><help:key-word value="小型大寫字母; 字型效果" tag="kw65646_21"/>效果</text:p>
  <text:p text:style-name="Paragraph"><help:help-text value="visible">選取要採用的字型效果。</help:help-text></text:p>
  <text:p text:style-name="Head 3">醒目字型</text:p>
  <text:p text:style-name="Paragraph">可以使用以下大寫效果：</text:p>
  <text:unordered-list text:style-name="L1">
   <text:list-item>
    <text:p text:style-name="P2">無 - 不採用字型效果</text:p>
   </text:list-item>
   <text:list-item>
    <text:p text:style-name="P2">大寫字母 - 將選取的小寫字元變更為大寫字元</text:p>
   </text:list-item>
   <text:list-item>
    <text:p text:style-name="P2">小寫字母 - 將選取的大寫字元變更為小寫字元</text:p>
   </text:list-item>
   <text:list-item>
    <text:p text:style-name="P2">標題字型 - 將每個所選字詞的第一個字元變更為大寫字元</text:p>
   </text:list-item>
   <text:list-item>
    <text:p text:style-name="P2">小型大寫字母 - 將選取的小寫字元變更為大寫字元，並縮小字元的大小。</text:p>
   </text:list-item>
  </text:unordered-list>
  <text:p text:style-name="Head 2"><help:help-id value="SVX_LISTBOX_RID_SVXPAGE_CHAR_EFFECTS_LB_STRIKEOUT"/><help:key-word value="刪除線; 字元效果" tag="kw65646_20"/><help:key-word value="字型效果; 刪除線" tag="kw65646_19"/><help:key-word value="刪除線; 字型效果" tag="kw65646_18"/><help:key-word value="字型; 刪除線" tag="kw65646_17"/><help:key-word value="文字; 刪除線" tag="kw65646_16"/><help:key-word value="字元; 刪除線" tag="kw65646_15"/>刪除線</text:p>
  <text:p text:style-name="Paragraph"><help:help-text value="visible">選取所選文字的刪除線樣式。</help:help-text></text:p>
  <table:table table:name="Tabelle1" table:style-name="Tabelle1">
   <table:table-column table:style-name="Tabelle1.A"/>
   <table:table-column table:style-name="Tabelle1.B"/>
   <table:table-header-rows>
    <table:table-row table:style-name="Tabelle1.1">
     <table:table-cell table:style-name="Tabelle1.A1" table:value-type="string">
      <text:p text:style-name="Paragraph"><draw:image draw:name="圖示1" svg:desc="備註圖示" svg:pixelx="32" svg:pixely="32" svg:width="0.847cm" svg:height="0.847cm" xlink:href="65980" draw:filter-name=""/></text:p>

     </table:table-cell>
     <table:table-cell table:style-name="Tabelle1.A1" table:value-type="string">
      <text:p text:style-name="Paragraph">如果以 MS Word 格式儲存文件，則所有的刪除線樣式都會轉換成單線樣式。</text:p>
     </table:table-cell>
    </table:table-row>
   </table:table-header-rows>
  </table:table>
  <text:p text:style-name="Head 2"><help:help-id value="SVX_CHECKBOX_RID_SVXPAGE_CHAR_EFFECTS_CB_INDIVIDUALWORDS"/>逐字</text:p>
  <text:p text:style-name="Paragraph"><help:help-text value="visible">僅對字詞採用選取的效果，並忽略空格。</help:help-text></text:p>
  <text:p text:style-name="Head 3"><help:help-id value="SVX_TRISTATEBOX_RID_SVXPAGE_CHAR_EFFECTS_CB_OUTLINE"/><help:key-word value="輪廓; 字型效果" tag="kw65646_14"/><help:key-word value="文字; 輪廓" tag="kw65646_13"/><help:key-word value="字元; 輪廓" tag="kw65646_12"/><help:key-word value="文字; 輪廓" tag="kw65646_11"/>輪廓</text:p>
  <text:p text:style-name="Paragraph"><help:help-text value="visible">顯示所選字元的輪廓。此效果並不是對所有字型都有效。</help:help-text></text:p>
  <text:p text:style-name="Head 3"><help:help-id value="SVX_TRISTATEBOX_RID_SVXPAGE_CHAR_EFFECTS_CB_SHADOW"/><help:key-word value="陰影; 文字" tag="kw65646_10"/><help:key-word value="文字; 陰影" tag="kw65646_9"/><help:key-word value="字元; 陰影" tag="kw65646_8"/><help:key-word value="文字; 陰影" tag="kw65646_7"/>陰影</text:p>
  <text:p text:style-name="Paragraph"><help:help-text value="visible">加入投射在所選字元下方和右側的陰影。</help:help-text></text:p>
  <text:p text:style-name="Head 3"><help:help-id value="SVX_CHECKBOX_RID_SVXPAGE_CHAR_EFFECTS_CB_BLINKING"/><help:key-word value="閃動; 字型效果" tag="kw65646_6"/>閃動</text:p>
  <text:p text:style-name="Paragraph"><help:help-text value="visible">使所選的字元閃動。您無法變更閃動頻率。</help:help-text></text:p>
  <help:embedded Id="65630" Eid="vorschau"></help:embedded>
  <text:p text:style-name="Paragraph"><help:embedded Id="65609" Eid="asia"></help:embedded></text:p>
  <text:p text:style-name="Head 2"><help:help-id value="SVX_LISTBOX_RID_SVXPAGE_CHAR_EFFECTS_LB_EMPHASIS"/>重音符號</text:p>
  <text:p text:style-name="Paragraph"><help:help-text value="visible">選取要在整個所選文字的上方或下方顯示的字元。</help:help-text></text:p>
  <text:p text:style-name="Head 2"><help:help-id value="SVX_LISTBOX_RID_SVXPAGE_CHAR_EFFECTS_LB_POSITION"/>位置</text:p>
  <text:p text:style-name="Paragraph"><help:help-text value="visible">選取重音符號的位置：<text:span text:style-name="T1">「文字之上」</text:span>或是<text:span text:style-name="T1">「文字之下」</text:span>。</help:help-text></text:p>
  <text:p text:style-name="Head 2"><help:help-id value="SVX_LISTBOX_RID_SVXPAGE_CHAR_EFFECTS_LB_RELIEF"/>浮雕</text:p>
  <text:p text:style-name="Paragraph"><help:help-text value="visible">選取要採用至所選文字的浮雕效果。浮凸的浮雕效果使字元看起來好像是凸出頁面。而雕刻的浮雕效果使字元看起來好像是凹入頁面。</help:help-text></text:p>
  <text:p text:style-name="Head 2"><help:help-id value="SVX_LISTBOX_RID_SVXPAGE_CHAR_NAME_LB_COLOR2"/><help:help-id value="SVX_LISTBOX_RID_SVXPAGE_CHAR_EFFECTS_LB_FONTCOLOR"/><help:key-word value="顏色; 字型" tag="kw65646_5"/><help:key-word value="字型; 顏色" tag="kw65646_4"/><help:key-word value="文字; 顏色" tag="kw65646_3"/><help:key-word value="字元; 顏色" tag="kw65646_2"/>字型顏色</text:p>
  <text:p text:style-name="Paragraph"><help:help-text value="visible">設定用於所選文字的顏色。如果您選取<text:span text:style-name="T1">[自動]</text:span>，則在亮背景下設定文字顏色為為黑色，而在暗背景下設定文字顏色為白色。</help:help-text></text:p>
  <table:table table:name="Tabelle4" table:style-name="Tabelle4">
   <table:table-column table:style-name="Tabelle4.A"/>
   <table:table-column table:style-name="Tabelle4.B"/>
   <table:table-row>
    <table:table-cell table:style-name="Tabelle4.A1" table:value-type="string">
     <text:p text:style-name="Paragraph"><draw:image draw:name="圖示2" svg:desc="警告圖示" svg:pixelx="32" svg:pixely="32" svg:width="0.847cm" svg:height="0.847cm" xlink:href="65640" draw:filter-name=""/></text:p>

    </table:table-cell>
    <table:table-cell table:style-name="Tabelle4.A1" table:value-type="string">
     <text:p text:style-name="Paragraph"><help:switch select="Program"><help:case select="WRITER">如果在<help:link Id="66280"><text:span text:style-name="T1">[工具] - [選項] - [文字文件] - [列印]</text:span></help:link>中選取了<text:span text:style-name="T1">[列印黑色]</text:span>核取方塊，則文字顏色被忽略。</help:case></help:switch></text:p>
    </table:table-cell>
   </table:table-row>
  </table:table>
  <text:p text:style-name="Paragraph"><help:help-id value="SID_ATTR_CHAR_COLOR"/><help:help-id value="SID_ATTR_CHAR_COLOR2"/><help:switch select="Program"><help:case select="CHART"></help:case><help:default><a name="textfarbe"/><help:to-be-embedded Eid="textfarbe"><help:help-text value="visible">長按這個圖示會開啟一個供您選擇文字顏色的快取列。輕按一下則會為所選取文字指定目前選取的顏色，或啟動充填模式。</help:help-text></help:to-be-embedded></help:default></help:switch></text:p>
  <text:p text:style-name="ParaList"><help:embedded Id="65598" Eid="related"></help:embedded></text:p>
  <text:p text:style-name="ParaList"><help:link Id="66226"></help:link></text:p>
  <text:p text:style-name="ParaList"><help:embedded Id="68260" Eid="text_color"></help:embedded></text:p>
 </office:body>
</office:document>
