

<office:document  xmlns:office="http://openoffice.org/2000/office" xmlns:style="http://openoffice.org/2000/style" xmlns:text="http://openoffice.org/2000/text" xmlns:table="http://openoffice.org/2000/table" xmlns:draw="http://openoffice.org/2000/drawing" xmlns:fo="http://www.w3.org/1999/XSL/Format" xmlns:xlink="http://www.w3.org/1999/xlink" xmlns:number="http://openoffice.org/2000/datastyle" xmlns:svg="http://www.w3.org/2000/svg" xmlns:chart="http://openoffice.org/2000/chart" xmlns:dr3d="http://openoffice.org/2000/dr3d" xmlns:math="http://www.w3.org/1998/Math/MathML" xmlns:form="http://openoffice.org/2000/form" xmlns:script="http://openoffice.org/2000/script" office:class="text" office:version="1.0" xmlns:dc="http://purl.org/dc/elements/1.1/" xmlns:meta="http://openoffice.org/2000/meta" xmlns:help="http://openoffice.org/2000/help">
<office:meta>
  <dc:description>text/common/01/05210100</dc:description>
  <dc:subject>平面 /  /  /  /</dc:subject>

  <dc:language>zh-TW</dc:language>
  <meta:user-defined meta:name="Info 0">READY</meta:user-defined>
  <meta:user-defined meta:name="Info 1">FREE_OK</meta:user-defined>
  <meta:user-defined meta:name="Info 2"/>
  <meta:user-defined meta:name="Info 3"/>
</office:meta>
 <office:script/>
 <office:font-decls>
  <style:font-decl style:name="StarSymbol" fo:font-family="StarSymbol" style:font-charset="x-symbol"/>
  <style:font-decl style:name="Courier New" fo:font-family="&apos;Courier New&apos;" style:font-style-name="Standard" style:font-family-generic="modern" style:font-pitch="fixed"/>
  <style:font-decl style:name="Courier" fo:font-family="Courier" style:font-family-generic="roman" style:font-pitch="fixed"/>
  <style:font-decl style:name="Andale WT UI3" fo:font-family="&apos;Andale WT UI&apos;" style:font-pitch="variable"/>
  <style:font-decl style:name="Arial Unicode MS" fo:font-family="&apos;Arial Unicode MS&apos;" style:font-pitch="variable"/>
  <style:font-decl style:name="HG Mincho Light J" fo:font-family="&apos;HG Mincho Light J&apos;" style:font-pitch="variable"/>
  <style:font-decl style:name="Andale WT UI" fo:font-family="&apos;Andale WT UI&apos;" style:font-style-name="Fett" style:font-family-generic="roman" style:font-pitch="variable"/>
  <style:font-decl style:name="Andale WT UI1" fo:font-family="&apos;Andale WT UI&apos;" style:font-style-name="Standard" style:font-family-generic="roman" style:font-pitch="variable"/>
  <style:font-decl style:name="Thorndale" fo:font-family="Thorndale" style:font-family-generic="roman" style:font-pitch="variable"/>
  <style:font-decl style:name="Times New Roman" fo:font-family="&apos;Times New Roman&apos;" style:font-style-name="Fett" style:font-family-generic="roman" style:font-pitch="variable"/>
  <style:font-decl style:name="Andale WT UI2" fo:font-family="&apos;Andale WT UI&apos;" style:font-family-generic="swiss" style:font-pitch="variable"/>
 </office:font-decls>
 <office:automatic-styles>
  <style:style style:name="Tabelle2" style:family="table">
   <style:properties style:width="18cm" table:align="margins"/>
  </style:style>
  <style:style style:name="Tabelle2.A" style:family="table-column">
   <style:properties style:column-width="1.499cm" style:rel-column-width="5460*"/>
  </style:style>
  <style:style style:name="Tabelle2.B" style:family="table-column">
   <style:properties style:column-width="16.501cm" style:rel-column-width="60075*"/>
  </style:style>
  <style:style style:name="Tabelle2.A1" style:family="table-cell">
   <style:properties fo:padding="0cm" fo:border="none"/>
  </style:style>
  <style:style style:name="P1" style:family="paragraph" style:parent-style-name="Paragraph" style:master-page-name="HTML">
   <style:properties style:page-number="0"/>
  </style:style>
  <style:style style:name="T1" style:family="text">
   <style:properties fo:font-weight="bold"/>
  </style:style>
  <style:style style:name="fr1" style:family="graphics" style:parent-style-name="Graphics">
   <style:properties style:run-through="foreground" style:wrap="run-through" style:vertical-pos="top" style:vertical-rel="paragraph" style:horizontal-pos="left" style:horizontal-rel="paragraph" style:mirror="none" fo:clip="rect(0cm 0cm 0cm 0cm)" draw:luminance="0%" draw:contrast="0%" draw:red="0%" draw:green="0%" draw:blue="0%" draw:gamma="1" draw:color-inversion="false" draw:transparency="-100%" draw:color-mode="standard"/>
  </style:style>
 </office:automatic-styles>
 <office:body>
  <text:variable-decls>
   <text:variable-decl text:value-type="string" text:name="HTML_ON"/>
   <text:variable-decl text:value-type="string" text:name="HTML_OFF"/>
   <text:variable-decl text:value-type="string" text:name="TITEL"/>
   <text:variable-decl text:value-type="string" text:name="END"/>
   <text:variable-decl text:value-type="string" text:name="HREF"/>
   <text:variable-decl text:value-type="string" text:name="OS2"/>
   <text:variable-decl text:value-type="string" text:name="ELSE"/>
   <text:variable-decl text:value-type="string" text:name="NAME"/>
   <text:variable-decl text:value-type="string" text:name="HelpID"/>
   <text:variable-decl text:value-type="string" text:name="MODIFY"/>
   <text:variable-decl text:value-type="string" text:name="REFNR"/>
   <text:variable-decl text:value-type="string" text:name="KEY"/>
   <text:variable-decl text:value-type="string" text:name="AKTHLP"/>
   <text:variable-decl text:value-type="string" text:name="INDEX"/>
   <text:variable-decl text:value-type="string" text:name="HFELD"/>
   <text:variable-decl text:value-type="string" text:name="STYLE"/>
  </text:variable-decls>
  <text:sequence-decls>
   <text:sequence-decl text:display-outline-level="0" text:name="Illustration"/>
   <text:sequence-decl text:display-outline-level="0" text:name="Table"/>
   <text:sequence-decl text:display-outline-level="0" text:name="Text"/>
   <text:sequence-decl text:display-outline-level="0" text:name="Drawing"/>
  </text:sequence-decls>
  <help:to-be-embedded Eid="flaeche"><a name="flaeche"/>
  <text:p text:style-name="Head 1"><help:help-id value="HID_AREA_AREA"/><help:link Id="65770">平面<help:switch select="Program"><help:case select="CALC"></help:case><help:case select="WRITER"></help:case><help:case select="MATH"></help:case><help:default></help:default></help:switch></help:link></text:p>
  <text:p text:style-name="Paragraph"><help:help-text value="visible">設定所選繪圖物件的充填選項。</help:help-text></text:p>
  </help:to-be-embedded>
  <text:p text:style-name="Paragraph">您可以將顏色、彩色圖案、陰影線和點陣圖圖案等集合儲存為清單，以備日後載入和使用。</text:p>
  <help:popup Id="65593" Eid="flaeche2"><help:embedded Id="65598" Eid="wie"></help:embedded></help:popup>
  <text:p text:style-name="Head 2"><help:key-word value="平面; 充填" tag="kw65770_1"/><help:key-word value="平面; 樣式" tag="kw65770_7"/><help:key-word value="充填圖案; 平面" tag="kw65770_6"/><help:key-word value="充填顏色; 平面" tag="kw65770_5"/>充填</text:p>
  <text:p text:style-name="Paragraph"><help:help-id value="SID_ATTR_FILL_STYLE"/><a name="sytext"/><help:to-be-embedded Eid="sytext"><help:help-text value="visible">選取要採用至所選繪圖物件的充填類型。</help:help-text></help:to-be-embedded></text:p>
  <text:p text:style-name="Paragraph"><text:span text:style-name="T1">[物件列]</text:span>中的清單方塊：</text:p>
  <help:embedded Id="65598" Eid="syflaechenstil"></help:embedded>
  <text:p text:style-name="Head 3"><help:help-id value="SVX_RADIOBUTTON_RID_SVXPAGE_AREA_RBT_FILL_OFF"/><help:key-word value="充填; 隱藏的" tag="kw65770_4"/><help:key-word value="隱藏的; 充填" tag="kw65770_3"/><help:key-word value="充填; 無充填" tag="kw65770_2"/>無充填</text:p>
  <text:p text:style-name="Paragraph"><help:help-text value="visible">不對所選物件採用充填。如果物件包含充填，則移除充填。</help:help-text></text:p>
  <text:p text:style-name="Head 3"><help:help-id value="SVX_RADIOBUTTON_RID_SVXPAGE_AREA_RBT_COLOR"/>顏色</text:p>
  <text:p text:style-name="Paragraph"><help:help-text value="visible">用清單中選取的顏色充填所選物件。</help:help-text></text:p>
  <table:table table:name="Tabelle2" table:style-name="Tabelle2">
   <table:table-column table:style-name="Tabelle2.A"/>
   <table:table-column table:style-name="Tabelle2.B"/>
   <table:table-header-rows>
    <table:table-row>
     <table:table-cell table:style-name="Tabelle2.A1" table:value-type="string">
      <text:p text:style-name="Paragraph"><draw:image draw:name="圖示0" svg:desc="此圖示標記包含其他資訊的文字。" svg:pixelx="32" svg:pixely="32" svg:width="0.847cm" svg:height="0.847cm" xlink:href="65980" draw:filter-name=""/></text:p>

     </table:table-cell>
     <table:table-cell table:style-name="Tabelle2.A1" table:value-type="string">
      <text:p text:style-name="Paragraph">若要將顏色加入清單，請選擇<help:link Id="66226"><text:span text:style-name="T1">[格式] - [區域]</text:span></help:link>，按一下<text:span text:style-name="T1">[顏色]</text:span>標籤，然後按一下<text:span text:style-name="T1">[編輯]</text:span>。</text:p>
     </table:table-cell>
    </table:table-row>
   </table:table-header-rows>
  </table:table>
  <text:p text:style-name="Head 3"><help:help-id value="SVX_RADIOBUTTON_RID_SVXPAGE_AREA_RBT_GRADIENT"/>彩色圖案</text:p>
  <text:p text:style-name="Paragraph"><help:help-text value="visible">用清單中選取的彩色圖案充填所選物件。</help:help-text></text:p>
  <text:p text:style-name="Head 3"><help:help-id value="SVX_RADIOBUTTON_RID_SVXPAGE_AREA_RBT_HATCH"/>陰影線</text:p>
  <text:p text:style-name="Paragraph"><help:help-text value="visible">用清單中選取的陰影線圖案充填所選物件。若要對該陰影線圖案採用某種背景顏色，請選取<text:span text:style-name="T1">[背景顏色]</text:span>方塊，然後按一下清單中的顏色。</help:help-text></text:p>
  <text:p text:style-name="Head 3"><help:help-id value="SVX_RADIOBUTTON_RID_SVXPAGE_AREA_RBT_BITMAP"/>點陣圖</text:p>
  <text:p text:style-name="Paragraph"><help:help-text value="visible">用清單中選取的點陣圖圖案充填所選物件。若要將點陣圖加入清單，請按一下<text:span text:style-name="T1">[點陣圖圖案]</text:span>標籤，然後按一下<text:span text:style-name="T1">[匯入]</text:span>。</help:help-text></text:p>
  <text:p text:style-name="Head 3"><help:help-id value="SVX_LISTBOX_RID_SVXPAGE_AREA_LB_COLOR"/><help:help-id value="SVX_LISTBOX_RID_SVXPAGE_AREA_LB_GRADIENT"/><help:help-id value="SVX_LISTBOX_RID_SVXPAGE_AREA_LB_HATCHING"/><help:help-id value="SVX_LISTBOX_RID_SVXPAGE_AREA_LB_BITMAP"/>充填</text:p>
  <text:p text:style-name="Paragraph"><help:help-text value="visible">按一下要採用至所選物件的充填。</help:help-text></text:p>
  <text:p text:style-name="Head 2">遞增 (彩色圖案)</text:p>
  <text:p text:style-name="Paragraph">設定調合彩色圖案中兩端顏色時所需的步數。</text:p>
  <text:p text:style-name="Head 3"><help:help-id value="SVX_TRISTATEBOX_RID_SVXPAGE_AREA_TSB_STEPCOUNT"/>自動</text:p>
  <text:p text:style-name="Paragraph"><help:help-text value="visible">自動確定調合彩色圖案中兩端顏色時所需的步數。</help:help-text></text:p>
  <text:p text:style-name="Head 3"><help:help-id value="SVX_NUMERICFIELD_RID_SVXPAGE_AREA_NUM_FLD_STEPCOUNT"/>漸進</text:p>
  <text:p text:style-name="Paragraph"><help:help-text value="visible">輸入調合彩色圖案中兩端顏色時所需的步數。</help:help-text></text:p>
  <text:p text:style-name="Head 2">大小 (點陣圖)</text:p>
  <text:p text:style-name="Paragraph">指定點陣圖的尺寸。</text:p>
  <text:p text:style-name="Head 3"><help:help-id value="SVX_TRISTATEBOX_RID_SVXPAGE_AREA_TSB_SCALE"/>相對</text:p>
  <text:p text:style-name="Paragraph"><help:help-text value="visible">依您在<text:span text:style-name="T1">[寬度]</text:span>和<text:span text:style-name="T1">[高度]</text:span>方塊中輸入的百分比值，相對於所選物件的大小重新調整點陣圖的顯示比例。清除此核取方塊，依照您在<text:span text:style-name="T1">[寬度]</text:span>和<text:span text:style-name="T1">[高度]</text:span>方塊中輸入的定量單位，變更所選物件的大小。</help:help-text></text:p>
  <text:p text:style-name="Head 3"><help:help-id value="SVX_TRISTATEBOX_RID_SVXPAGE_AREA_TSB_ORIGINAL"/>原件</text:p>
  <text:p text:style-name="Paragraph"><help:help-text value="visible">充填所選物件時保留點陣圖的原來大小。若要變更點陣圖的大小，請清除此核取方塊，然後按一下<text:span text:style-name="T1">[相對]</text:span>。</help:help-text></text:p>
  <text:p text:style-name="Head 3"><help:help-id value="SVX_METRICFIELD_RID_SVXPAGE_AREA_MTR_FLD_X_SIZE"/>寬度</text:p>
  <text:p text:style-name="Paragraph"><help:help-text value="visible">輸入點陣圖的寬度。</help:help-text></text:p>
  <text:p text:style-name="Head 3"><help:help-id value="SVX_METRICFIELD_RID_SVXPAGE_AREA_MTR_FLD_Y_SIZE"/>高度</text:p>
  <text:p text:style-name="Paragraph"><help:help-text value="visible">輸入點陣圖的高度。</help:help-text></text:p>
  <text:p text:style-name="Head 2">位置 (點陣圖)</text:p>
  <text:p text:style-name="Paragraph">在位置網格中按一下，以指定平鋪點陣圖時採用的偏移。</text:p>
  <text:p text:style-name="Head 3"><help:help-id value="SVX_METRICFIELD_RID_SVXPAGE_AREA_MTR_FLD_X_OFFSET"/>X 偏移</text:p>
  <text:p text:style-name="Paragraph"><help:help-text value="visible">輸入平鋪點陣圖時採用的水平偏移。</help:help-text></text:p>
  <text:p text:style-name="Head 3"><help:help-id value="SVX_METRICFIELD_RID_SVXPAGE_AREA_MTR_FLD_Y_OFFSET"/>Y 偏移</text:p>
  <text:p text:style-name="Paragraph"><help:help-text value="visible">輸入平鋪點陣圖時採用的垂直偏移。</help:help-text></text:p>
  <text:p text:style-name="Head 3"><help:help-id value="SVX_TRISTATEBOX_RID_SVXPAGE_AREA_TSB_TILE"/>平鋪</text:p>
  <text:p text:style-name="Paragraph"><help:help-text value="visible">平鋪點陣圖以充填所選物件。</help:help-text></text:p>
  <text:p text:style-name="Head 3"><help:help-id value="SVX_TRISTATEBOX_RID_SVXPAGE_AREA_TSB_STRETCH"/>調整</text:p>
  <text:p text:style-name="Paragraph"><help:help-text value="visible">拉伸點陣圖以充填所選物件。若要使用此功能，請清除<text:span text:style-name="T1">[平鋪]</text:span>方塊。</help:help-text></text:p>
  <text:p text:style-name="Head 2">移動</text:p>
  <text:p text:style-name="Paragraph">以列和欄指定平鋪點陣圖時採用的偏移。</text:p>
  <text:p text:style-name="Head 3"><help:help-id value="SVX_RADIOBUTTON_RID_SVXPAGE_AREA_RBT_ROW"/>列</text:p>
  <text:p text:style-name="Paragraph"><help:help-text value="visible">依輸入的偏移量，相對於點陣圖平鋪來水平偏移原來的點陣圖。</help:help-text></text:p>
  <text:p text:style-name="Head 3"><help:help-id value="SVX_RADIOBUTTON_RID_SVXPAGE_AREA_RBT_COLUMN"/>欄</text:p>
  <text:p text:style-name="Paragraph"><help:help-text value="visible">依輸入的偏移量，相對於點陣圖平鋪來垂直偏移原來的點陣圖。</help:help-text></text:p>
  <text:p text:style-name="Head 3"><help:help-id value="SVX_METRICFIELD_RID_SVXPAGE_AREA_MTR_FLD_OFFSET"/>百分比</text:p>
  <text:p text:style-name="Paragraph"><help:help-text value="visible">輸入列或欄的偏移百分比。</help:help-text></text:p>
  <text:p text:style-name="Head 2">背景顏色 (陰影線)</text:p>
  <text:p text:style-name="Head 3"><help:help-id value="SVX_CHECKBOX_RID_SVXPAGE_AREA_CB_HATCHBCKGRD"/>背景顏色</text:p>
  <text:p text:style-name="Paragraph"><help:help-text value="visible">將背景顏色採用至陰影線圖案。選取此核取方塊，然後按一下清單中的某種顏色。</help:help-text></text:p>
  <text:p text:style-name="Head 3"><help:help-id value="SVX_LISTBOX_RID_SVXPAGE_AREA_LB_HATCHBCKGRDCOLOR"/>清單方塊背景顏色</text:p>
  <text:p text:style-name="Paragraph"><help:help-text value="visible">按一下要用作所選陰影線圖案背景的顏色。</help:help-text></text:p>
  <help:embedded Id="65630" Eid="vorschau"></help:embedded>
 </office:body>
</office:document>
