

<office:document  xmlns:office="http://openoffice.org/2000/office" xmlns:style="http://openoffice.org/2000/style" xmlns:text="http://openoffice.org/2000/text" xmlns:table="http://openoffice.org/2000/table" xmlns:draw="http://openoffice.org/2000/drawing" xmlns:fo="http://www.w3.org/1999/XSL/Format" xmlns:xlink="http://www.w3.org/1999/xlink" xmlns:number="http://openoffice.org/2000/datastyle" xmlns:svg="http://www.w3.org/2000/svg" xmlns:chart="http://openoffice.org/2000/chart" xmlns:dr3d="http://openoffice.org/2000/dr3d" xmlns:math="http://www.w3.org/1998/Math/MathML" xmlns:form="http://openoffice.org/2000/form" xmlns:script="http://openoffice.org/2000/script" office:class="text" office:version="1.0" xmlns:dc="http://purl.org/dc/elements/1.1/" xmlns:meta="http://openoffice.org/2000/meta" xmlns:help="http://openoffice.org/2000/help">
<office:meta>
  <dc:description>text/common/01/05220000</dc:description>
  <dc:subject>文字</dc:subject>

  <dc:language>zh-TW</dc:language>
  <meta:user-defined meta:name="Info 0">READY</meta:user-defined>
  <meta:user-defined meta:name="Info 1">FREE_OK</meta:user-defined>
  <meta:user-defined meta:name="Info 2"/>
  <meta:user-defined meta:name="Info 3"/>
</office:meta>
 <office:script/>
 <office:font-decls>
  <style:font-decl style:name="StarSymbol" fo:font-family="StarSymbol" style:font-charset="x-symbol"/>
  <style:font-decl style:name="Courier New" fo:font-family="&apos;Courier New&apos;" style:font-style-name="Standard" style:font-family-generic="modern" style:font-pitch="fixed"/>
  <style:font-decl style:name="Courier" fo:font-family="Courier" style:font-family-generic="roman" style:font-pitch="fixed"/>
  <style:font-decl style:name="Andale WT UI3" fo:font-family="&apos;Andale WT UI&apos;" style:font-pitch="variable"/>
  <style:font-decl style:name="Arial Unicode MS" fo:font-family="&apos;Arial Unicode MS&apos;" style:font-pitch="variable"/>
  <style:font-decl style:name="HG Mincho Light J" fo:font-family="&apos;HG Mincho Light J&apos;" style:font-pitch="variable"/>
  <style:font-decl style:name="Andale WT UI" fo:font-family="&apos;Andale WT UI&apos;" style:font-style-name="Fett" style:font-family-generic="roman" style:font-pitch="variable"/>
  <style:font-decl style:name="Andale WT UI1" fo:font-family="&apos;Andale WT UI&apos;" style:font-style-name="Standard" style:font-family-generic="roman" style:font-pitch="variable"/>
  <style:font-decl style:name="Thorndale" fo:font-family="Thorndale" style:font-family-generic="roman" style:font-pitch="variable"/>
  <style:font-decl style:name="Times New Roman" fo:font-family="&apos;Times New Roman&apos;" style:font-style-name="Fett" style:font-family-generic="roman" style:font-pitch="variable"/>
  <style:font-decl style:name="Andale WT UI2" fo:font-family="&apos;Andale WT UI&apos;" style:font-family-generic="swiss" style:font-pitch="variable"/>
 </office:font-decls>
 <office:automatic-styles>
  <style:style style:name="P1" style:family="paragraph" style:parent-style-name="Paragraph" style:master-page-name="HTML">
   <style:properties style:page-number="0"/>
  </style:style>
 </office:automatic-styles>
 <office:body>
  <text:variable-decls>
   <text:variable-decl text:value-type="string" text:name="HTML_ON"/>
   <text:variable-decl text:value-type="string" text:name="HTML_OFF"/>
   <text:variable-decl text:value-type="string" text:name="TITEL"/>
   <text:variable-decl text:value-type="string" text:name="END"/>
   <text:variable-decl text:value-type="string" text:name="HREF"/>
   <text:variable-decl text:value-type="string" text:name="NAME"/>
   <text:variable-decl text:value-type="string" text:name="HFELD"/>
   <text:variable-decl text:value-type="string" text:name="HelpID"/>
   <text:variable-decl text:value-type="string" text:name="MODIFY"/>
   <text:variable-decl text:value-type="string" text:name="REFNR"/>
   <text:variable-decl text:value-type="string" text:name="KEY"/>
   <text:variable-decl text:value-type="string" text:name="AKTHLP"/>
   <text:variable-decl text:value-type="string" text:name="INDEX"/>
   <text:variable-decl text:value-type="string" text:name="STYLE"/>
  </text:variable-decls>
  <text:sequence-decls>
   <text:sequence-decl text:display-outline-level="0" text:name="Illustration"/>
   <text:sequence-decl text:display-outline-level="0" text:name="Table"/>
   <text:sequence-decl text:display-outline-level="0" text:name="Text"/>
   <text:sequence-decl text:display-outline-level="0" text:name="Drawing"/>
  </text:sequence-decls>
  <help:to-be-embedded Eid="text">
  <text:p text:style-name="Head 1"><help:help-id value="SID_TEXTATTR_DLG"/><help:help-id value="FN_DRAWTEXT_ATTR_DLG"/><help:help-id value="HID_PAGE_TEXTATTR"/><help:key-word value="文字; 文字-繪圖物件" tag="kw65694_1"/><help:key-word value="繪圖物件; 文字" tag="kw65694_3"/><help:key-word value="文字方塊; 文字-繪圖物件" tag="kw65694_2"/><help:link Id="65694">文字</help:link></text:p>
  <text:p text:style-name="Paragraph"><help:help-text value="visible">為所選繪圖物件或文字物件中的文字設定版式和鎖定屬性。</help:help-text></text:p>
  </help:to-be-embedded>
  <help:executeurl Id="Slot:20376"></help:executeurl><help:popup Id="65593" Eid="text"><help:embedded Id="65598" Eid="wie"></help:embedded></help:popup>
  <text:p text:style-name="Paragraph">相對於繪圖物件或文字物件的邊緣定位文字。</text:p>
  <text:p text:style-name="Head 2">文字</text:p>
  <text:p text:style-name="Paragraph">設定變更文字大小的選項，以適合繪圖物件或文字物件的區域。</text:p>
  <text:p text:style-name="Head 3"><help:help-id value="SVX_TRISTATEBOX_RID_SVXPAGE_TEXTATTR_TSB_AUTOGROW_WIDTH"/>調整寬度和文字對齊</text:p>
  <text:p text:style-name="Paragraph"><help:help-text value="visible">變更文字的大小，以適合繪圖物件或文字物件的寬度。</help:help-text></text:p>
  <text:p text:style-name="Head 3"><help:help-id value="SVX_TRISTATEBOX_RID_SVXPAGE_TEXTATTR_TSB_AUTOGROW_HEIGHT"/>調整高度和文字對齊</text:p>
  <text:p text:style-name="Paragraph"><help:help-text value="visible">變更文字的大小，以適合繪圖物件或文字物件的高度。</help:help-text></text:p>
  <text:p text:style-name="Head 3"><help:help-id value="SVX_TRISTATEBOX_RID_SVXPAGE_TEXTATTR_TSB_FIT_TO_SIZE"/>和邊框對齊</text:p>
  <text:p text:style-name="Paragraph"><help:help-text value="visible">變更文字的大小，以適合繪圖物件或文字物件的整個區域。</help:help-text></text:p>
  <text:p text:style-name="Head 3"><help:help-id value="SVX_TRISTATEBOX_RID_SVXPAGE_TEXTATTR_TSB_CONTOUR"/>和輪廓對齊</text:p>
  <text:p text:style-name="Paragraph"><help:help-text value="visible">調整換行和分頁，以符合所選繪圖物件的輪廓。</help:help-text></text:p>
  <text:p text:style-name="Head 2">到邊框的間隔</text:p>
  <text:p text:style-name="Paragraph">指定繪圖物件或文字物件的邊緣與文字的邊框之間要留出的間隔。</text:p>
  <text:p text:style-name="Head 3"><help:help-id value="SVX_METRICFIELD_RID_SVXPAGE_TEXTATTR_MTR_FLD_LEFT"/>向左</text:p>
  <text:p text:style-name="Paragraph"><help:help-text value="visible">輸入繪圖物件或文字物件的左邊緣與文字的左邊框之間要留出的間隔。</help:help-text></text:p>
  <text:p text:style-name="Head 3"><help:help-id value="SVX_METRICFIELD_RID_SVXPAGE_TEXTATTR_MTR_FLD_RIGHT"/>向右</text:p>
  <text:p text:style-name="Paragraph"><help:help-text value="visible">輸入繪圖物件或文字物件的右邊緣與文字的右邊框之間要留出的間隔。</help:help-text></text:p>
  <text:p text:style-name="Head 3"><help:help-id value="SVX_METRICFIELD_RID_SVXPAGE_TEXTATTR_MTR_FLD_TOP"/>上</text:p>
  <text:p text:style-name="Paragraph"><help:help-text value="visible">輸入繪圖物件或文字物件的上邊緣與文字的上邊框之間要留出的間隔。</help:help-text></text:p>
  <text:p text:style-name="Head 3"><help:help-id value="SVX_METRICFIELD_RID_SVXPAGE_TEXTATTR_MTR_FLD_BOTTOM"/>下</text:p>
  <text:p text:style-name="Paragraph"><help:help-text value="visible">輸入繪圖物件或文字物件的下邊緣與文字的下邊框之間要留出的間隔。</help:help-text></text:p>
  <text:p text:style-name="Head 2">文字鎖定</text:p>
  <text:p text:style-name="Paragraph">設定標號類型和標號位置。</text:p>
  <text:p text:style-name="Head 3"><help:help-id value="HID_TEXTATTR_CTL_POSITION"/>圖形的選項欄位</text:p>
  <text:p text:style-name="Paragraph"><help:help-text value="visible">按一下要放置文字標號的位置。</help:help-text></text:p>
  <text:p text:style-name="Head 3"><help:help-id value="SVX_TRISTATEBOX_RID_SVXPAGE_TEXTATTR_TSB_FULL_WIDTH"/>整個寬度</text:p>
  <text:p text:style-name="Paragraph"><help:help-text value="visible">將文字鎖定至繪圖物件或文字物件的整個寬度。</help:help-text></text:p>
 </office:body>
</office:document>
