

<office:document  xmlns:office="http://openoffice.org/2000/office" xmlns:style="http://openoffice.org/2000/style" xmlns:text="http://openoffice.org/2000/text" xmlns:table="http://openoffice.org/2000/table" xmlns:draw="http://openoffice.org/2000/drawing" xmlns:fo="http://www.w3.org/1999/XSL/Format" xmlns:xlink="http://www.w3.org/1999/xlink" xmlns:number="http://openoffice.org/2000/datastyle" xmlns:svg="http://www.w3.org/2000/svg" xmlns:chart="http://openoffice.org/2000/chart" xmlns:dr3d="http://openoffice.org/2000/dr3d" xmlns:math="http://www.w3.org/1998/Math/MathML" xmlns:form="http://openoffice.org/2000/form" xmlns:script="http://openoffice.org/2000/script" office:class="text" office:version="1.0" xmlns:dc="http://purl.org/dc/elements/1.1/" xmlns:meta="http://openoffice.org/2000/meta" xmlns:help="http://openoffice.org/2000/help">
<office:meta>
  <dc:description>text/common/01/06050000</dc:description>
  <dc:subject>編號/項目符號</dc:subject>
  <meta:keywords>
   <meta:keyword>$Version</meta:keyword>
  </meta:keywords>
  <dc:language>zh-TW</dc:language>
  <meta:user-defined meta:name="Info 0">READY</meta:user-defined>
  <meta:user-defined meta:name="Info 1">FREE_OK</meta:user-defined>
  <meta:user-defined meta:name="Info 2"/>
  <meta:user-defined meta:name="Info 3"/>
</office:meta>
 <office:script/>
 <office:font-decls>
  <style:font-decl style:name="StarSymbol" fo:font-family="StarSymbol" style:font-charset="x-symbol"/>
  <style:font-decl style:name="Courier New" fo:font-family="&apos;Courier New&apos;" style:font-style-name="Standard" style:font-family-generic="modern" style:font-pitch="fixed"/>
  <style:font-decl style:name="Courier" fo:font-family="Courier" style:font-family-generic="roman" style:font-pitch="fixed"/>
  <style:font-decl style:name="Andale WT UI4" fo:font-family="&apos;Andale WT UI&apos;" style:font-pitch="variable"/>
  <style:font-decl style:name="Arial Unicode MS" fo:font-family="&apos;Arial Unicode MS&apos;" style:font-pitch="variable"/>
  <style:font-decl style:name="HG Mincho Light J" fo:font-family="&apos;HG Mincho Light J&apos;" style:font-pitch="variable"/>
  <style:font-decl style:name="Andale WT UI" fo:font-family="&apos;Andale WT UI&apos;" style:font-family-generic="roman" style:font-pitch="variable"/>
  <style:font-decl style:name="Andale WT UI1" fo:font-family="&apos;Andale WT UI&apos;" style:font-style-name="Fett" style:font-family-generic="roman" style:font-pitch="variable"/>
  <style:font-decl style:name="Andale WT UI2" fo:font-family="&apos;Andale WT UI&apos;" style:font-style-name="Standard" style:font-family-generic="roman" style:font-pitch="variable"/>
  <style:font-decl style:name="Thorndale" fo:font-family="Thorndale" style:font-family-generic="roman" style:font-pitch="variable"/>
  <style:font-decl style:name="Times New Roman" fo:font-family="&apos;Times New Roman&apos;" style:font-style-name="Fett" style:font-family-generic="roman" style:font-pitch="variable"/>
  <style:font-decl style:name="Andale WT UI3" fo:font-family="&apos;Andale WT UI&apos;" style:font-family-generic="swiss" style:font-pitch="variable"/>
 </office:font-decls>
 <office:automatic-styles>
  <style:style style:name="P1" style:family="paragraph" style:parent-style-name="Paragraph" style:master-page-name="HTML">
   <style:properties style:page-number="0"/>
  </style:style>
  <style:style style:name="T1" style:family="text">
   <style:properties fo:font-weight="bold"/>
  </style:style>
 </office:automatic-styles>
 <office:body>
  <text:variable-decls>
   <text:variable-decl text:value-type="string" text:name="HTML_ON"/>
   <text:variable-decl text:value-type="string" text:name="HTML_OFF"/>
   <text:variable-decl text:value-type="string" text:name="TITEL"/>
   <text:variable-decl text:value-type="string" text:name="END"/>
   <text:variable-decl text:value-type="string" text:name="MAC"/>
   <text:variable-decl text:value-type="string" text:name="ELSE"/>
   <text:variable-decl text:value-type="string" text:name="OS2"/>
   <text:variable-decl text:value-type="string" text:name="HREF"/>
   <text:variable-decl text:value-type="string" text:name="NAME"/>
   <text:variable-decl text:value-type="string" text:name="HelpID"/>
   <text:variable-decl text:value-type="string" text:name="MODIFY"/>
   <text:variable-decl text:value-type="string" text:name="REFNR"/>
   <text:variable-decl text:value-type="string" text:name="HFELD"/>
   <text:variable-decl text:value-type="string" text:name="KEY"/>
   <text:variable-decl text:value-type="string" text:name="AKTHLP"/>
   <text:variable-decl text:value-type="string" text:name="WIN"/>
   <text:variable-decl text:value-type="string" text:name="INDEX"/>
   <text:variable-decl text:value-type="string" text:name="STYLE"/>
  </text:variable-decls>
  <text:sequence-decls>
   <text:sequence-decl text:display-outline-level="0" text:name="Illustration"/>
   <text:sequence-decl text:display-outline-level="0" text:name="Table"/>
   <text:sequence-decl text:display-outline-level="0" text:name="Text"/>
   <text:sequence-decl text:display-outline-level="0" text:name="Drawing"/>
  </text:sequence-decls>
  <help:to-be-embedded Eid="numerierungaufzaehlung">
  <text:p text:style-name="Head 1"><help:help-id value="SID_OUTLINE_BULLET"/><help:help-id value="FN_NUMBER_BULLETS"/><help:key-word value="編號; 插入" tag="kw65849_1"/><help:key-word value="插入; 編號" tag="kw65849_6"/><help:key-word value="項目符號; 插入" tag="kw65849_5"/><help:key-word value="插入; 項目符號" tag="kw65849_4"/><help:key-word value="段落; 編號" tag="kw65849_3"/><help:key-word value="段落; 項目符號" tag="kw65849_2"/><help:link Id="65849">編號/項目符號</help:link></text:p>
  <text:p text:style-name="Paragraph"><help:to-be-embedded Eid="numauftext"><help:help-text value="visible">為目前段落加入編號或項目符號，並允許您編輯編號或項目符號的格式。</help:help-text></help:to-be-embedded></text:p>
  </help:to-be-embedded>
  <help:popup Id="65599" Eid="numauf"><help:embedded Id="65598" Eid="wie"></help:embedded></help:popup>
  <text:p text:style-name="Paragraph"><help:switch select="Program"><help:case select="CALC"></help:case><help:case select="WRITER"></help:case><help:case select="MATH"></help:case><help:default>對於大綱物件，<help:productname>%PRODUCTNAME</help:productname> 支援九級編號清單或項目編號清單 (各類樣式)；而對於文字物件，<help:productname>%PRODUCTNAME</help:productname> 支援十級。新增或刪除清單中的條目時，編號清單會自動更新。</help:default></help:switch></text:p>
  <text:p text:style-name="Paragraph"><help:switch select="Program"><help:case select="WRITER"><help:productname>%PRODUCTNAME</help:productname> 支援十級編號清單或項目編號清單。新增或刪除清單中的條目時，編號清單會自動更新。</help:case></help:switch></text:p>
  <text:p text:style-name="Paragraph">在編號清單或項目編號清單中按 ENTER 鍵時，<help:productname>%PRODUCTNAME</help:productname> 自動為清單中的下一個段落編號。若要移除新段落的編號或項目符號，請再次按 ENTER 鍵。</text:p>
  <text:p text:style-name="Paragraph">若要變更清單中項目符號的階層式級，請按 TAB 鍵。若要僅變更目前段落的編號/項目符號格式，請在此段落中選取一個字元或字詞，然後選擇<text:span text:style-name="T1">[編號/項目編號]</text:span>，並按一下新的格式。<help:switch select="Program"><help:case select="WRITER">若要變更清單中所有段落的編號/項目符號格式，請確保游標位於清單中，然後選擇<text:span text:style-name="T1">[編號/項目編號]</text:span>，並按一下新的格式。</help:case><help:default>若要對清單中所有的段落採用相同的編號/項目符號格式，請選取所有段落，然後選擇<text:span text:style-name="T1">[編號/項目編號]</text:span>，並按一下某個格式。</help:default></help:switch></text:p>
  <text:p text:style-name="Paragraph">您還可以將游標置於清單中，然後使用<help:switch select="Program"><help:case select="WRITER"><help:link Id="67578">[編號物件列]</help:link></help:case><help:case select="DRAW"><help:link Id="67131">[物件列]</help:link></help:case><help:case select="IMPRESS"><help:link Id="67131">[物件列]</help:link></help:case></help:switch>中的指令來編輯編號清單或項目編號清單。<help:to-be-embedded Eid="sytext">若要變更編號格式或項目符號格式，請按一下<help:switch select="Program"><help:case select="WRITER"><text:span text:style-name="T1">編輯編號</text:span></help:case><help:default><text:span text:style-name="T1">編號字元</text:span></help:default></help:switch>圖示。</help:to-be-embedded></text:p>
  <help:embedded Id="68254" Eid="numbering_stop"></help:embedded>
  <text:p text:style-name="Paragraph"><text:span text:style-name="T1">[編號/項目符號]</text:span>對話方塊包含下列標籤：</text:p>
  <help:executeurl Id="Slot:20121#25620"></help:executeurl><help:embedded Id="65730" Eid="bullets"></help:embedded>
  <help:executeurl Id="Slot:20121#25619"></help:executeurl><help:embedded Id="65700" Eid="numerierungsart"></help:embedded>
  <help:executeurl Id="Slot:20121#25621"></help:executeurl><help:embedded Id="65765" Eid="numerierung"></help:embedded>
  <help:executeurl Id="Slot:20121#25622"></help:executeurl><help:embedded Id="65847" Eid="grafiken"></help:embedded>
  <help:executeurl Id="Slot:20121#25632"></help:executeurl><help:embedded Id="65754" Eid="position"></help:embedded>
  <help:executeurl Id="Slot:20121#25631"></help:executeurl><help:embedded Id="65716" Eid="optionen"></help:embedded>
  <text:p text:style-name="Head 2"><help:help-id value="HID_NUM_RESET"/><help:switch select="Program"><help:case select="WRITER">移除</help:case></help:switch></text:p>
  <text:p text:style-name="Paragraph"><help:switch select="Program"><help:case select="WRITER"><help:help-text value="visible">移除目前段落或所選段落的編號或項目符號。</help:help-text>也可以存取<text:span text:style-name="T1">[物件列]</text:span>上的<text:span text:style-name="T1">[移除]</text:span>指令達此目的。</help:case></help:switch></text:p>
  <help:embedded Id="65630" Eid="zurueck2"></help:embedded>
  <text:p text:style-name="ParaList"><help:switch select="Program"><help:case select="WRITER"><help:embedded Id="65598" Eid="related"></help:embedded></help:case></help:switch></text:p>
  <text:p text:style-name="ParaList"><help:switch select="Program"><help:case select="WRITER"><help:embedded Id="68253" Eid="auto_numbering"></help:embedded></help:case></help:switch></text:p>
 </office:body>
</office:document>
