

<office:document  xmlns:office="http://openoffice.org/2000/office" xmlns:style="http://openoffice.org/2000/style" xmlns:text="http://openoffice.org/2000/text" xmlns:table="http://openoffice.org/2000/table" xmlns:draw="http://openoffice.org/2000/drawing" xmlns:fo="http://www.w3.org/1999/XSL/Format" xmlns:xlink="http://www.w3.org/1999/xlink" xmlns:number="http://openoffice.org/2000/datastyle" xmlns:svg="http://www.w3.org/2000/svg" xmlns:chart="http://openoffice.org/2000/chart" xmlns:dr3d="http://openoffice.org/2000/dr3d" xmlns:math="http://www.w3.org/1998/Math/MathML" xmlns:form="http://openoffice.org/2000/form" xmlns:script="http://openoffice.org/2000/script" office:class="text" office:version="1.0" xmlns:dc="http://purl.org/dc/elements/1.1/" xmlns:meta="http://openoffice.org/2000/meta" xmlns:help="http://openoffice.org/2000/help">
<office:meta>
  <dc:description>text/common/01/06140100</dc:description>
  <dc:subject>功能表</dc:subject>

  <dc:language>zh-TW</dc:language>
  <meta:user-defined meta:name="Info 0">READY</meta:user-defined>
  <meta:user-defined meta:name="Info 1">FREE_OK</meta:user-defined>
  <meta:user-defined meta:name="Info 2"/>
  <meta:user-defined meta:name="Info 3"/>
</office:meta>
 <office:script/>
 <office:font-decls>
  <style:font-decl style:name="StarSymbol" fo:font-family="StarSymbol" style:font-charset="x-symbol"/>
  <style:font-decl style:name="Courier New" fo:font-family="&apos;Courier New&apos;" style:font-style-name="Standard" style:font-family-generic="modern" style:font-pitch="fixed"/>
  <style:font-decl style:name="Courier" fo:font-family="Courier" style:font-family-generic="roman" style:font-pitch="fixed"/>
  <style:font-decl style:name="Andale WT UI3" fo:font-family="&apos;Andale WT UI&apos;" style:font-pitch="variable"/>
  <style:font-decl style:name="Arial Unicode MS" fo:font-family="&apos;Arial Unicode MS&apos;" style:font-pitch="variable"/>
  <style:font-decl style:name="HG Mincho Light J" fo:font-family="&apos;HG Mincho Light J&apos;" style:font-pitch="variable"/>
  <style:font-decl style:name="Andale WT UI" fo:font-family="&apos;Andale WT UI&apos;" style:font-style-name="Fett" style:font-family-generic="roman" style:font-pitch="variable"/>
  <style:font-decl style:name="Andale WT UI1" fo:font-family="&apos;Andale WT UI&apos;" style:font-style-name="Standard" style:font-family-generic="roman" style:font-pitch="variable"/>
  <style:font-decl style:name="Thorndale" fo:font-family="Thorndale" style:font-family-generic="roman" style:font-pitch="variable"/>
  <style:font-decl style:name="Times New Roman" fo:font-family="&apos;Times New Roman&apos;" style:font-style-name="Fett" style:font-family-generic="roman" style:font-pitch="variable"/>
  <style:font-decl style:name="Andale WT UI2" fo:font-family="&apos;Andale WT UI&apos;" style:font-family-generic="swiss" style:font-pitch="variable"/>
 </office:font-decls>
 <office:automatic-styles>
  <style:style style:name="Tabelle6" style:family="table">
   <style:properties style:width="18cm" table:align="margins"/>
  </style:style>
  <style:style style:name="Tabelle6.A" style:family="table-column">
   <style:properties style:column-width="1.499cm" style:rel-column-width="5460*"/>
  </style:style>
  <style:style style:name="Tabelle6.B" style:family="table-column">
   <style:properties style:column-width="16.501cm" style:rel-column-width="60075*"/>
  </style:style>
  <style:style style:name="Tabelle6.A1" style:family="table-cell">
   <style:properties fo:padding="0cm" fo:border="none"/>
  </style:style>
  <style:style style:name="Tabelle2" style:family="table">
   <style:properties style:width="18cm" table:align="margins"/>
  </style:style>
  <style:style style:name="Tabelle2.A" style:family="table-column">
   <style:properties style:column-width="1.499cm" style:rel-column-width="5460*"/>
  </style:style>
  <style:style style:name="Tabelle2.B" style:family="table-column">
   <style:properties style:column-width="16.501cm" style:rel-column-width="60075*"/>
  </style:style>
  <style:style style:name="Tabelle2.A1" style:family="table-cell">
   <style:properties fo:padding="0cm" fo:border="none"/>
  </style:style>
  <style:style style:name="Tabelle3" style:family="table">
   <style:properties style:width="18cm" table:align="margins"/>
  </style:style>
  <style:style style:name="Tabelle3.A" style:family="table-column">
   <style:properties style:column-width="1.499cm" style:rel-column-width="5460*"/>
  </style:style>
  <style:style style:name="Tabelle3.B" style:family="table-column">
   <style:properties style:column-width="16.501cm" style:rel-column-width="60075*"/>
  </style:style>
  <style:style style:name="Tabelle3.A1" style:family="table-cell">
   <style:properties fo:padding="0cm" fo:border="none"/>
  </style:style>
  <style:style style:name="P1" style:family="paragraph" style:parent-style-name="Paragraph" style:master-page-name="HTML">
   <style:properties style:page-number="0"/>
  </style:style>
  <style:style style:name="T1" style:family="text">
   <style:properties fo:font-weight="bold"/>
  </style:style>
  <style:style style:name="fr1" style:family="graphics" style:parent-style-name="Graphics">
   <style:properties style:run-through="foreground" style:wrap="run-through" style:vertical-pos="top" style:vertical-rel="paragraph" style:horizontal-pos="left" style:horizontal-rel="paragraph" style:mirror="none" fo:clip="rect(0cm 0cm 0cm 0cm)" draw:luminance="0%" draw:contrast="0%" draw:red="0%" draw:green="0%" draw:blue="0%" draw:gamma="1" draw:color-inversion="false" draw:transparency="-100%" draw:color-mode="standard"/>
  </style:style>
 </office:automatic-styles>
 <office:body>
  <text:variable-decls>
   <text:variable-decl text:value-type="string" text:name="HTML_ON"/>
   <text:variable-decl text:value-type="string" text:name="HTML_OFF"/>
   <text:variable-decl text:value-type="string" text:name="TITEL"/>
   <text:variable-decl text:value-type="string" text:name="END"/>
   <text:variable-decl text:value-type="string" text:name="HREF"/>
   <text:variable-decl text:value-type="string" text:name="MAC"/>
   <text:variable-decl text:value-type="string" text:name="ELSE"/>
   <text:variable-decl text:value-type="string" text:name="OS2"/>
   <text:variable-decl text:value-type="string" text:name="NAME"/>
   <text:variable-decl text:value-type="string" text:name="HelpID"/>
   <text:variable-decl text:value-type="string" text:name="MODIFY"/>
   <text:variable-decl text:value-type="string" text:name="REFNR"/>
   <text:variable-decl text:value-type="string" text:name="KEY"/>
   <text:variable-decl text:value-type="string" text:name="INDEX"/>
   <text:variable-decl text:value-type="string" text:name="AKTHLP"/>
   <text:variable-decl text:value-type="string" text:name="STYLE"/>
  </text:variable-decls>
  <text:sequence-decls>
   <text:sequence-decl text:display-outline-level="0" text:name="Illustration"/>
   <text:sequence-decl text:display-outline-level="0" text:name="Table"/>
   <text:sequence-decl text:display-outline-level="0" text:name="Text"/>
   <text:sequence-decl text:display-outline-level="0" text:name="Drawing"/>
  </text:sequence-decls>
  <help:to-be-embedded Eid="menue">
  <text:p text:style-name="Head 1"><help:help-id value="HID_CONFIG_MENU"/><help:key-word value="調整; 功能表" tag="kw65669_1"/><help:key-word value="功能表; 調整" tag="kw65669_6"/><help:key-word value="變更; 功能表" tag="kw65669_5"/><help:key-word value="變更; 功能表" tag="kw65669_4"/><help:key-word value="編輯; 功能表" tag="kw65669_3"/><help:link Id="65669">功能表</help:link></text:p>
  <text:p text:style-name="Paragraph"><help:help-text value="visible">自訂並儲存目前的功能表版式，或者建立新的功能表。您無法自訂上下文功能表。</help:help-text></text:p>
  </help:to-be-embedded>
  <text:p text:style-name="Paragraph">您可以加入新指令、變更現有指令、重新排序功能表項目，或儲存和載入功能表調整。</text:p>
  <help:popup Id="65589" Eid="menue"><help:embedded Id="65598" Eid="wie"></help:embedded></help:popup>
  <text:p text:style-name="Head 2"><help:help-id value="HID_MENUCONFIG_LISTBOX"/>功能表項目</text:p>
  <text:p text:style-name="Paragraph"><help:key-word value="功能表; 條目" tag="kw65669_2"/><help:help-text value="visible">顯示目前應用程式或文件的功能表標題以及功能表指令的階層。若要將功能表指令清單隱入分段落，請按兩下階層中處於最高層級的功能表標題。若要變更功能表標題或指令的名稱，請按一下此名稱，放開滑鼠按鍵，然後再次按一下此名稱。若要為某個功能表指令指定鍵盤加速鍵，請在相應字母前加上波浪號 (~)。例如，若要透過按 ALT+V 組合鍵來選取[全部儲存]指令，可輸入 Sa~ve All。應用程式功能表中顯示的鍵盤加速鍵標有底線。</help:help-text></text:p>
  <text:p text:style-name="Paragraph">若要重新排列功能表項目的順序，請將項目拖到階層中的新位置。也可以選取該項目，然後按一下向上箭頭按鈕或向下箭頭按鈕。</text:p>
  <text:p text:style-name="Head 2">功能</text:p>
  <text:p text:style-name="Head 3">區域</text:p>
  <text:p text:style-name="Paragraph">列出可用的功能表指令分類。</text:p>
  <text:p text:style-name="Head 3">功能</text:p>
  <text:p text:style-name="Paragraph">從<text:span text:style-name="T1">[功能表項目]</text:span>清單中選取要指定給所選功能表項目的指令，然後按一下<text:span text:style-name="T1">[變更]</text:span>。</text:p>
  <table:table table:name="Tabelle6" table:style-name="Tabelle6">
   <table:table-column table:style-name="Tabelle6.A"/>
   <table:table-column table:style-name="Tabelle6.B"/>
   <table:table-header-rows>
    <table:table-row>
     <table:table-cell table:style-name="Tabelle6.A1" table:value-type="string">
      <text:p text:style-name="Paragraph"><draw:image draw:name="圖示0" svg:desc="此圖示標記包含其他資訊的文字。" svg:pixelx="32" svg:pixely="32" svg:width="0.847cm" svg:height="0.847cm" xlink:href="65980" draw:filter-name=""/></text:p>

     </table:table-cell>
     <table:table-cell table:style-name="Tabelle6.A1" table:value-type="string">
      <text:p text:style-name="Paragraph">若要插入功能表分隔符號，請選取<text:span text:style-name="T1">[功能]</text:span>清單頂端的直線，然後按一下<text:span text:style-name="T1">[開啟新檔]</text:span>。</text:p>
     </table:table-cell>
    </table:table-row>
   </table:table-header-rows>
  </table:table>
  <text:p text:style-name="Head 2"><help:help-id value="SFX2_PUSHBUTTON_TP_CONFIG_MENU_BTN_MN_NEW"/>新增</text:p>
  <text:p text:style-name="Paragraph"><help:help-text value="visible">您可以在此建立新的功能表項目。先選取所需的功能區域和功能，然後在<text:span text:style-name="T1">「功能表」</text:span>清單方塊中所要插入新功能表項目的位置上按一下，最後再執行<text:span text:style-name="T1">「新增」</text:span>。</help:help-text></text:p>
  <text:p text:style-name="Head 2"><help:help-id value="SFX2_PUSHBUTTON_TP_CONFIG_MENU_BTN_MN_NEWPOPUP"/>新功能表</text:p>
  <text:p text:style-name="Paragraph"><help:help-text value="visible">在<text:span text:style-name="T1">[功能表項目]</text:span>清單中所選項目的後面加入新的子功能表。若要在功能表列中加入新的功能表，請在<text:span text:style-name="T1">[功能表項目]</text:span>清單中選取一個功能表標題，然後按一下此處。</help:help-text></text:p>
  <text:p text:style-name="Head 2"><help:help-id value="SFX2_PUSHBUTTON_TP_CONFIG_MENU_BTN_MN_CHANGE"/>變更</text:p>
  <text:p text:style-name="Paragraph"><help:help-text value="visible">用<text:span text:style-name="T1">[功能]</text:span>清單中選取的指令代替<text:span text:style-name="T1">[功能表項目]</text:span>清單中選取的指令。</help:help-text></text:p>
  <help:help-id value="SFX2_PUSHBUTTON_TP_CONFIG_MENU_BTN_MN_REMOVE"/><help:embedded Id="65630" Eid="loeschen1"></help:embedded>
  <text:p text:style-name="Head 2"><help:help-id value="SFX2_IMAGEBUTTON_TP_CONFIG_MENU_BTN_MN_UP"/>向上箭頭</text:p>
  <text:p text:style-name="Paragraph"><help:help-text value="visible">在<text:span text:style-name="T1">[功能表項目]</text:span>清單中，將所選項目上移一個位置。</help:help-text></text:p>
  <table:table table:name="Tabelle2" table:style-name="Tabelle2">
   <table:table-column table:style-name="Tabelle2.A"/>
   <table:table-column table:style-name="Tabelle2.B"/>
   <table:table-header-rows>
    <table:table-row>
     <table:table-cell table:style-name="Tabelle2.A1" table:value-type="string">
      <text:p text:style-name="Paragraph"><draw:image draw:name="圖示1" svg:desc="圖示" svg:pixelx="32" svg:pixely="34" svg:width="0.847cm" svg:height="0.9cm" xlink:href="66590" draw:filter-name=""/></text:p>

     </table:table-cell>
     <table:table-cell table:style-name="Tabelle2.A1" table:value-type="string">
      <text:p text:style-name="Paragraph">向上</text:p>
     </table:table-cell>
    </table:table-row>
   </table:table-header-rows>
  </table:table>
  <text:p text:style-name="Head 2"><help:help-id value="SFX2_IMAGEBUTTON_TP_CONFIG_MENU_BTN_MN_DOWN"/>向下箭頭</text:p>
  <text:p text:style-name="Paragraph"><help:help-text value="visible">對此，可以在功能表視窗中向下移動功能表項目。</help:help-text>移動是以級的方式進行。每次按下按鈕都會使得已選取的功能表項目繼續向下一個條目。例如，功能表項目可以經由這個方式從<text:span text:style-name="T1">「編輯」</text:span>功能表中移動至<text:span text:style-name="T1">「插入」</text:span>功能表。</text:p>
  <table:table table:name="Tabelle3" table:style-name="Tabelle3">
   <table:table-column table:style-name="Tabelle3.A"/>
   <table:table-column table:style-name="Tabelle3.B"/>
   <table:table-header-rows>
    <table:table-row>
     <table:table-cell table:style-name="Tabelle3.A1" table:value-type="string">
      <text:p text:style-name="Paragraph"><draw:image draw:name="圖示2" svg:desc="圖示" svg:pixelx="32" svg:pixely="34" svg:width="0.847cm" svg:height="0.9cm" xlink:href="66591" draw:filter-name=""/></text:p>

     </table:table-cell>
     <table:table-cell table:style-name="Tabelle3.A1" table:value-type="string">
      <text:p text:style-name="Paragraph">向下</text:p>
     </table:table-cell>
    </table:table-row>
   </table:table-header-rows>
  </table:table>
  <text:p text:style-name="Head 2"><help:help-id value="SFX2_PUSHBUTTON_TP_CONFIG_MENU_BTN_LOAD"/>載入</text:p>
  <text:p text:style-name="Paragraph"><help:help-text value="visible">用以前儲存的調整代替目前的功能表調整。</help:help-text></text:p>
  <text:p text:style-name="Head 2"><help:help-id value="SFX2_PUSHBUTTON_TP_CONFIG_MENU_BTN_SAVE"/>儲存</text:p>
  <text:p text:style-name="Paragraph"><help:help-text value="visible">儲存目前的功能表調整，以備日後載入。</help:help-text></text:p>
  <text:p text:style-name="Paragraph"><help:embedded Id="68256" Eid="configure_save"></help:embedded></text:p>
  <help:help-id value="SFX2_PUSHBUTTON_TP_CONFIG_MENU_BTN_RESET"/><help:embedded Id="65630" Eid="zuruecksetzen"></help:embedded>
 </office:body>
</office:document>
