

<office:document  xmlns:office="http://openoffice.org/2000/office" xmlns:style="http://openoffice.org/2000/style" xmlns:text="http://openoffice.org/2000/text" xmlns:table="http://openoffice.org/2000/table" xmlns:draw="http://openoffice.org/2000/drawing" xmlns:fo="http://www.w3.org/1999/XSL/Format" xmlns:xlink="http://www.w3.org/1999/xlink" xmlns:number="http://openoffice.org/2000/datastyle" xmlns:svg="http://www.w3.org/2000/svg" xmlns:chart="http://openoffice.org/2000/chart" xmlns:dr3d="http://openoffice.org/2000/dr3d" xmlns:math="http://www.w3.org/1998/Math/MathML" xmlns:form="http://openoffice.org/2000/form" xmlns:script="http://openoffice.org/2000/script" office:class="text" office:version="1.0" xmlns:dc="http://purl.org/dc/elements/1.1/" xmlns:meta="http://openoffice.org/2000/meta" xmlns:help="http://openoffice.org/2000/help">
<office:meta>
  <dc:description>text/common/01/06150000</dc:description>
  <dc:subject>XML 篩選設定</dc:subject>

  <dc:language>zh-TW</dc:language>
  <meta:user-defined meta:name="Info 0">READY</meta:user-defined>
  <meta:user-defined meta:name="Info 1">FREE</meta:user-defined>
  <meta:user-defined meta:name="Info 2"/>
  <meta:user-defined meta:name="Info 3"/>
</office:meta>
 <office:script/>
 <office:font-decls>
  <style:font-decl style:name="StarSymbol" fo:font-family="StarSymbol" style:font-charset="x-symbol"/>
  <style:font-decl style:name="Courier New" fo:font-family="&apos;Courier New&apos;" style:font-style-name="Standard" style:font-family-generic="modern" style:font-pitch="fixed"/>
  <style:font-decl style:name="Courier" fo:font-family="Courier" style:font-family-generic="roman" style:font-pitch="fixed"/>
  <style:font-decl style:name="Andale WT UI3" fo:font-family="&apos;Andale WT UI&apos;" style:font-pitch="variable"/>
  <style:font-decl style:name="Arial Unicode MS" fo:font-family="&apos;Arial Unicode MS&apos;" style:font-pitch="variable"/>
  <style:font-decl style:name="HG Mincho Light J" fo:font-family="&apos;HG Mincho Light J&apos;" style:font-pitch="variable"/>
  <style:font-decl style:name="Times New Roman2" fo:font-family="&apos;Times New Roman&apos;" style:font-pitch="variable"/>
  <style:font-decl style:name="Andale WT UI2" fo:font-family="&apos;Andale WT UI&apos;" style:font-style-name="Fett" style:font-family-generic="roman" style:font-pitch="variable"/>
  <style:font-decl style:name="Andale WT UI" fo:font-family="&apos;Andale WT UI&apos;" style:font-style-name="Standard" style:font-family-generic="roman" style:font-pitch="variable"/>
  <style:font-decl style:name="Thorndale" fo:font-family="Thorndale" style:font-family-generic="roman" style:font-pitch="variable"/>
  <style:font-decl style:name="Times New Roman1" fo:font-family="&apos;Times New Roman&apos;" style:font-style-name="Fett" style:font-family-generic="roman" style:font-pitch="variable"/>
  <style:font-decl style:name="Andale WT UI1" fo:font-family="&apos;Andale WT UI&apos;" style:font-family-generic="swiss" style:font-pitch="variable"/>
  <style:font-decl style:name="Times New Roman" fo:font-family="&apos;Times New Roman&apos;" style:font-family-generic="swiss" style:font-pitch="variable"/>
 </office:font-decls>
 <office:automatic-styles>
  <style:style style:name="Tabelle1" style:family="table">
   <style:properties style:width="18cm" table:align="margins"/>
  </style:style>
  <style:style style:name="Tabelle1.A" style:family="table-column">
   <style:properties style:column-width="2.595cm" style:rel-column-width="9447*"/>
  </style:style>
  <style:style style:name="Tabelle1.B" style:family="table-column">
   <style:properties style:column-width="15.406cm" style:rel-column-width="56088*"/>
  </style:style>
  <style:style style:name="P1" style:family="paragraph" style:parent-style-name="Paragraph" style:master-page-name="HTML">
   <style:properties style:page-number="0"/>
  </style:style>
  <style:style style:name="P2" style:family="paragraph" style:parent-style-name="Paragraph" style:list-style-name="L1"/>
  <style:style style:name="T1" style:family="text">
   <style:properties fo:font-weight="bold"/>
  </style:style>
  <text:list-style style:name="L1">
   <text:list-level-style-bullet text:level="1" text:style-name="Bullet Symbols" style:num-suffix="." text:bullet-char="•">
    <style:properties text:min-label-width="0.499cm" style:font-name="StarSymbol"/>
   </text:list-level-style-bullet>
   <text:list-level-style-bullet text:level="2" text:style-name="Bullet Symbols" style:num-suffix="." text:bullet-char="•">
    <style:properties text:space-before="0.501cm" text:min-label-width="0.499cm" style:font-name="StarSymbol"/>
   </text:list-level-style-bullet>
   <text:list-level-style-bullet text:level="3" text:style-name="Bullet Symbols" style:num-suffix="." text:bullet-char="•">
    <style:properties text:space-before="1cm" text:min-label-width="0.499cm" style:font-name="StarSymbol"/>
   </text:list-level-style-bullet>
   <text:list-level-style-bullet text:level="4" text:style-name="Bullet Symbols" style:num-suffix="." text:bullet-char="•">
    <style:properties text:space-before="1.501cm" text:min-label-width="0.499cm" style:font-name="StarSymbol"/>
   </text:list-level-style-bullet>
   <text:list-level-style-bullet text:level="5" text:style-name="Bullet Symbols" style:num-suffix="." text:bullet-char="•">
    <style:properties text:space-before="2cm" text:min-label-width="0.499cm" style:font-name="StarSymbol"/>
   </text:list-level-style-bullet>
   <text:list-level-style-bullet text:level="6" text:style-name="Bullet Symbols" style:num-suffix="." text:bullet-char="•">
    <style:properties text:space-before="2.501cm" text:min-label-width="0.499cm" style:font-name="StarSymbol"/>
   </text:list-level-style-bullet>
   <text:list-level-style-bullet text:level="7" text:style-name="Bullet Symbols" style:num-suffix="." text:bullet-char="•">
    <style:properties text:space-before="3.001cm" text:min-label-width="0.499cm" style:font-name="StarSymbol"/>
   </text:list-level-style-bullet>
   <text:list-level-style-bullet text:level="8" text:style-name="Bullet Symbols" style:num-suffix="." text:bullet-char="•">
    <style:properties text:space-before="3.502cm" text:min-label-width="0.499cm" style:font-name="StarSymbol"/>
   </text:list-level-style-bullet>
   <text:list-level-style-bullet text:level="9" text:style-name="Bullet Symbols" style:num-suffix="." text:bullet-char="•">
    <style:properties text:space-before="4.001cm" text:min-label-width="0.499cm" style:font-name="StarSymbol"/>
   </text:list-level-style-bullet>
   <text:list-level-style-bullet text:level="10" text:style-name="Bullet Symbols" style:num-suffix="." text:bullet-char="•">
    <style:properties text:space-before="4.502cm" text:min-label-width="0.499cm" style:font-name="StarSymbol"/>
   </text:list-level-style-bullet>
  </text:list-style>
 </office:automatic-styles>
 <office:body>
  <text:variable-decls>
   <text:variable-decl text:value-type="string" text:name="HTML_ON"/>
   <text:variable-decl text:value-type="string" text:name="HTML_OFF"/>
   <text:variable-decl text:value-type="string" text:name="TITEL"/>
   <text:variable-decl text:value-type="string" text:name="END"/>
   <text:variable-decl text:value-type="string" text:name="OS2"/>
   <text:variable-decl text:value-type="string" text:name="ELSE"/>
   <text:variable-decl text:value-type="string" text:name="HREF"/>
   <text:variable-decl text:value-type="string" text:name="MAC"/>
   <text:variable-decl text:value-type="string" text:name="NAME"/>
   <text:variable-decl text:value-type="string" text:name="HelpID"/>
   <text:variable-decl text:value-type="string" text:name="REFNR"/>
   <text:variable-decl text:value-type="string" text:name="HFELD"/>
   <text:variable-decl text:value-type="string" text:name="AKTHLP"/>
   <text:variable-decl text:value-type="string" text:name="KEY"/>
   <text:variable-decl text:value-type="string" text:name="INDEX"/>
   <text:variable-decl text:value-type="string" text:name="MODIFY"/>
   <text:variable-decl text:value-type="string" text:name="STYLE"/>
  </text:variable-decls>
  <text:sequence-decls>
   <text:sequence-decl text:display-outline-level="0" text:name="Illustration"/>
   <text:sequence-decl text:display-outline-level="0" text:name="Table"/>
   <text:sequence-decl text:display-outline-level="0" text:name="Text"/>
   <text:sequence-decl text:display-outline-level="0" text:name="Drawing"/>
  </text:sequence-decls>
  <help:to-be-embedded Eid="xmlfilter">
  <text:p text:style-name="Head 1"><help:help-id value="SID_OPEN_XML_FILTERSETTINGS"/><help:key-word value="篩選; XML 篩選設定" tag="kw68478_1"/><help:key-word value="XML 篩選; 設定" tag="kw68478_3"/><help:key-word value="基於 XSLT 的篩選; 設定" tag="kw68478_2"/><help:link Id="68478">XML 篩選設定</help:link></text:p>
  <text:p text:style-name="Paragraph"><help:help-text value="visible">開啟<text:span text:style-name="T1">[XML 篩選設定]</text:span>對話方塊，您可以在此處建立、編輯、刪除和測試用於匯入和匯出 XML 檔案的篩選。</help:help-text></text:p>
  </help:to-be-embedded>
  <help:popup Id="65589" Eid="xmlfilter"><help:embedded Id="65598" Eid="wie"></help:embedded></help:popup>
  <text:p text:style-name="Paragraph">在以下介紹中，將術語 <text:span text:style-name="T1">XML 篩選</text:span>作為<text:span text:style-name="T1">基於 XSLT 的篩選</text:span>的縮寫，後者是更為準確的說明。</text:p>
  <table:table table:name="Tabelle1" table:style-name="Tabelle1">
   <table:table-column table:style-name="Tabelle1.A"/>
   <table:table-column table:style-name="Tabelle1.B"/>
   <table:table-header-rows>
    <table:table-row>
     <table:table-cell table:value-type="string">
      <text:p text:style-name="TableHead">術語</text:p>
     </table:table-cell>
     <table:table-cell table:value-type="string">
      <text:p text:style-name="TableHead">描述</text:p>
     </table:table-cell>
    </table:table-row>
   </table:table-header-rows>
   <table:table-row>
    <table:table-cell table:value-type="string">
     <text:p text:style-name="TextInTable">XML</text:p>
    </table:table-cell>
    <table:table-cell table:value-type="string">
     <text:p text:style-name="TextInTable">可延伸的標記語言</text:p>
    </table:table-cell>
   </table:table-row>
   <table:table-row>
    <table:table-cell table:value-type="string">
     <text:p text:style-name="TextInTable">XSL</text:p>
    </table:table-cell>
    <table:table-cell table:value-type="string">
     <text:p text:style-name="TextInTable">可延伸的樣式表語言</text:p>
    </table:table-cell>
   </table:table-row>
   <table:table-row>
    <table:table-cell table:value-type="string">
     <text:p text:style-name="TextInTable">XSLT</text:p>
    </table:table-cell>
    <table:table-cell table:value-type="string">
     <text:p text:style-name="TextInTable">可延伸的樣式表語言變換。XSLT檔案也稱作 XSLT 樣式表。</text:p>
    </table:table-cell>
   </table:table-row>
  </table:table>
  <text:p text:style-name="Head 2"><help:help-id value="HID_XML_FILTER_LIST"/>篩選清單</text:p>
  <text:p text:style-name="Paragraph"><help:help-text value="visible">選取一個或多個篩選，然後按一下其中一個按鈕。</help:help-text></text:p>
  <text:p text:style-name="Paragraph">此清單顯示已安裝篩選的名稱和類型。</text:p>
  <text:unordered-list text:style-name="L1">
   <text:list-item>
    <text:p text:style-name="P2">按一下篩選以選取它。</text:p>
   </text:list-item>
   <text:list-item>
    <text:p text:style-name="P2">按一下 SHIFT 或 CTRL 鍵以選取多個篩選。</text:p>
   </text:list-item>
   <text:list-item>
    <text:p text:style-name="P2">連按兩下名稱可編輯篩選。</text:p>
   </text:list-item>
  </text:unordered-list>
  <text:p text:style-name="Head 2"><help:help-id value="HID_XML_FILTER_NEW"/>新建</text:p>
  <text:p text:style-name="Paragraph"><help:help-text value="visible">開啟<help:embedded Id="68479" Eid="xml_filter"></help:embedded>包含新篩選名稱的對話方塊。</help:help-text></text:p>
  <text:p text:style-name="Head 2"><help:help-id value="HID_XML_FILTER_EDIT"/>編輯</text:p>
  <text:p text:style-name="Paragraph"><help:help-text value="visible">開啟<help:embedded Id="68479" Eid="xml_filter"></help:embedded>包含所選檔案名稱的對話方塊。</help:help-text></text:p>
  <text:p text:style-name="Head 2"><help:help-id value="HID_XML_FILTER_TEST"/>測試 XSLT</text:p>
  <text:p text:style-name="Paragraph"><help:help-text value="visible">開啟<help:embedded Id="68698" Eid="testxml"></help:embedded>包含所選檔案名稱的對話方塊。</help:help-text></text:p>
  <text:p text:style-name="Head 2"><help:help-id value="HID_XML_FILTER_DELETE"/>刪除</text:p>
  <text:p text:style-name="Paragraph"><help:help-text value="visible">在您對隨後出現的對話方塊進行確認後，即可刪除所選檔案。</help:help-text></text:p>
  <text:p text:style-name="Head 2"><help:help-id value="HID_XML_FILTER_SAVE"/>另存為套裝軟體</text:p>
  <text:p text:style-name="Paragraph"><help:help-text value="visible">顯示<text:span text:style-name="T1">[另存新檔]</text:span>對話方塊，將所選檔案儲存為 XSLT 篩選套裝軟體 (*.jar)。</help:help-text></text:p>
  <text:p text:style-name="Head 2"><help:help-id value="HID_XML_FILTER_OPEN"/>開啟套裝軟體</text:p>
  <text:p text:style-name="Paragraph"><help:help-text value="visible">顯示<text:span text:style-name="T1">[開啟舊檔]</text:span>對話方塊，從 XSLT 篩選套裝軟體 (*.jar) 中開啟篩選。</help:help-text></text:p>
  <text:p text:style-name="Head 2"><help:help-id value="HID_XML_FILTER_SETTINGS_DIALOG"/>說明</text:p>
  <text:p text:style-name="Paragraph"><help:help-text value="visible">顯示此對話方塊的說明頁。</help:help-text></text:p>
  <text:p text:style-name="Head 2"><help:help-id value="HID_XML_FILTER_CLOSE"/>關閉</text:p>
  <text:p text:style-name="Paragraph"><help:help-text value="visible">關閉此對話方塊。</help:help-text></text:p>
  <text:p text:style-name="ParaList"><help:embedded Id="65598" Eid="related"></help:embedded></text:p>
  <text:p text:style-name="ParaList"><help:embedded Id="68543" Eid="xmlformat"></help:embedded></text:p>
 </office:body>
</office:document>
