

<office:document  xmlns:office="http://openoffice.org/2000/office" xmlns:style="http://openoffice.org/2000/style" xmlns:text="http://openoffice.org/2000/text" xmlns:table="http://openoffice.org/2000/table" xmlns:draw="http://openoffice.org/2000/drawing" xmlns:fo="http://www.w3.org/1999/XSL/Format" xmlns:xlink="http://www.w3.org/1999/xlink" xmlns:number="http://openoffice.org/2000/datastyle" xmlns:svg="http://www.w3.org/2000/svg" xmlns:chart="http://openoffice.org/2000/chart" xmlns:dr3d="http://openoffice.org/2000/dr3d" xmlns:math="http://www.w3.org/1998/Math/MathML" xmlns:form="http://openoffice.org/2000/form" xmlns:script="http://openoffice.org/2000/script" office:class="text" office:version="1.0" xmlns:dc="http://purl.org/dc/elements/1.1/" xmlns:meta="http://openoffice.org/2000/meta" xmlns:help="http://openoffice.org/2000/help">
<office:meta>
  <dc:description>text/common/01/06150200</dc:description>
  <dc:subject>測試 XML 篩選</dc:subject>

  <dc:language>zh-TW</dc:language>
  <meta:user-defined meta:name="Info 0">READY</meta:user-defined>
  <meta:user-defined meta:name="Info 1">FREE</meta:user-defined>
  <meta:user-defined meta:name="Info 2"/>
  <meta:user-defined meta:name="Info 3"/>
</office:meta>
 <office:script/>
 <office:font-decls>
  <style:font-decl style:name="StarSymbol" fo:font-family="StarSymbol" style:font-charset="x-symbol"/>
  <style:font-decl style:name="Courier New" fo:font-family="&apos;Courier New&apos;" style:font-style-name="Standard" style:font-family-generic="modern" style:font-pitch="fixed"/>
  <style:font-decl style:name="Courier" fo:font-family="Courier" style:font-family-generic="roman" style:font-pitch="fixed"/>
  <style:font-decl style:name="Andale WT UI3" fo:font-family="&apos;Andale WT UI&apos;" style:font-pitch="variable"/>
  <style:font-decl style:name="Arial Unicode MS" fo:font-family="&apos;Arial Unicode MS&apos;" style:font-pitch="variable"/>
  <style:font-decl style:name="HG Mincho Light J" fo:font-family="&apos;HG Mincho Light J&apos;" style:font-pitch="variable"/>
  <style:font-decl style:name="Andale WT UI" fo:font-family="&apos;Andale WT UI&apos;" style:font-style-name="Fett" style:font-family-generic="roman" style:font-pitch="variable"/>
  <style:font-decl style:name="Andale WT UI1" fo:font-family="&apos;Andale WT UI&apos;" style:font-style-name="Standard" style:font-family-generic="roman" style:font-pitch="variable"/>
  <style:font-decl style:name="Thorndale" fo:font-family="Thorndale" style:font-family-generic="roman" style:font-pitch="variable"/>
  <style:font-decl style:name="Times New Roman1" fo:font-family="&apos;Times New Roman&apos;" style:font-style-name="Fett" style:font-family-generic="roman" style:font-pitch="variable"/>
  <style:font-decl style:name="Times New Roman" fo:font-family="&apos;Times New Roman&apos;" style:font-style-name="Standard" style:font-family-generic="roman" style:font-pitch="variable"/>
  <style:font-decl style:name="Andale WT UI2" fo:font-family="&apos;Andale WT UI&apos;" style:font-family-generic="swiss" style:font-pitch="variable"/>
 </office:font-decls>
 <office:automatic-styles>
  <style:style style:name="P1" style:family="paragraph" style:parent-style-name="Paragraph" style:master-page-name="HTML">
   <style:properties style:page-number="0"/>
  </style:style>
  <style:style style:name="T1" style:family="text">
   <style:properties fo:font-weight="bold"/>
  </style:style>
 </office:automatic-styles>
 <office:body>
  <text:variable-decls>
   <text:variable-decl text:value-type="string" text:name="HTML_ON"/>
   <text:variable-decl text:value-type="string" text:name="HTML_OFF"/>
   <text:variable-decl text:value-type="string" text:name="TITEL"/>
   <text:variable-decl text:value-type="string" text:name="END"/>
   <text:variable-decl text:value-type="string" text:name="OS2"/>
   <text:variable-decl text:value-type="string" text:name="ELSE"/>
   <text:variable-decl text:value-type="string" text:name="HREF"/>
   <text:variable-decl text:value-type="string" text:name="MAC"/>
   <text:variable-decl text:value-type="string" text:name="NAME"/>
   <text:variable-decl text:value-type="string" text:name="HelpID"/>
   <text:variable-decl text:value-type="string" text:name="REFNR"/>
   <text:variable-decl text:value-type="string" text:name="HFELD"/>
   <text:variable-decl text:value-type="string" text:name="AKTHLP"/>
   <text:variable-decl text:value-type="string" text:name="KEY"/>
   <text:variable-decl text:value-type="string" text:name="INDEX"/>
   <text:variable-decl text:value-type="string" text:name="MODIFY"/>
   <text:variable-decl text:value-type="string" text:name="STYLE"/>
  </text:variable-decls>
  <text:sequence-decls>
   <text:sequence-decl text:display-outline-level="0" text:name="Illustration"/>
   <text:sequence-decl text:display-outline-level="0" text:name="Table"/>
   <text:sequence-decl text:display-outline-level="0" text:name="Text"/>
   <text:sequence-decl text:display-outline-level="0" text:name="Drawing"/>
  </text:sequence-decls>
  <text:p text:style-name="P1"/>
  <text:p text:style-name="Head 1"><help:to-be-embedded Eid="testxml"><help:link Id="68698">測試 XML 篩選</help:link></help:to-be-embedded></text:p>
  <text:p text:style-name="Paragraph"><help:help-text value="visible">測試選取的 <help:link Id="68478">XML 篩選</help:link>所使用的 XSLT 樣式表。</help:help-text></text:p>
  <help:popup Id="65589" Eid="xmlfiltertest"></help:popup><help:popup Id="65589" Eid="xmlfilter"><help:embedded Id="65598" Eid="wie"></help:embedded></help:popup>
  <text:p text:style-name="Head 2">匯出</text:p>
  <text:p text:style-name="Head 3">用於匯出的 XSLT</text:p>
  <text:p text:style-name="Paragraph"><help:help-text value="visible">顯示您在<text:span text:style-name="T1">[變換]</text:span>標籤頁中輸入的 XSLT 篩選的檔案名稱。</help:help-text></text:p>
  <text:p text:style-name="Head 3">變換文件</text:p>
  <text:p text:style-name="Paragraph"><help:help-text value="visible">顯示您要用於測試 XSLT 篩選的文件之檔案名稱。</help:help-text></text:p>
  <text:p text:style-name="Head 4"><help:help-id value="HID_XML_FILTER_TEST_EXPORT_BROWSE"/>瀏覽</text:p>
  <text:p text:style-name="Paragraph"><help:help-text value="visible">尋找您要在其中採用 XML 匯出篩選的檔案。在<help:embedded Id="68701" Eid="xmlfilteroutput"></help:embedded><text:span text:style-name="T1">[XML 篩選匯出]</text:span></help:help-text>視窗中顯示已變換檔案的 XML 程式碼。</text:p>
  <text:p text:style-name="Head 4"><help:help-id value="HID_XML_FILTER_TEST_EXPORT_CURRENT"/>目前的文件</text:p>
  <text:p text:style-name="Paragraph"><help:help-text value="visible">將使用符合 XML 篩選條件的最前台的開啟檔案來測試篩選。目前的 XML 匯出篩選會變換檔案，並且在<help:embedded Id="68701" Eid="xmlfilteroutput"></help:embedded>視窗中顯示產生的 XML 程式碼。</help:help-text></text:p>
  <text:p text:style-name="Head 2">匯入</text:p>
  <text:p text:style-name="Head 3">用於匯入的 XSLT</text:p>
  <text:p text:style-name="Paragraph"><help:help-text value="visible">顯示您在<text:span text:style-name="T1">[變換]</text:span>標籤頁中所輸入的 XSLT 篩選的檔案名稱。</help:help-text></text:p>
  <text:p text:style-name="Head 3">用於匯入的文件樣式</text:p>
  <text:p text:style-name="Paragraph"><help:help-text value="visible">顯示您在<text:span text:style-name="T1">[變換]</text:span>標籤頁中輸入的文件樣式的檔案名稱。</help:help-text></text:p>
  <text:p text:style-name="Head 3">變換檔案</text:p>
  <text:p text:style-name="Head 4"><help:help-id value="HID_XML_FILTER_TEST_IMPORT_DISPLAY_SOURCE"/>顯示來源</text:p>
  <text:p text:style-name="Paragraph"><help:help-text value="visible">開啟<help:embedded Id="68701" Eid="xmlfilteroutput"></help:embedded>視窗，此處顯示所選文件的 XML 程式碼。使用文件來測試匯入篩選。</help:help-text>按下視窗中的<text:span text:style-name="T1">[驗證]</text:span>按鈕可對照 OpenOffice.org DTD 來驗證文件的 XML 程式碼。</text:p>
  <text:p text:style-name="Head 4"><help:help-id value="HID_XML_FILTER_TEST_IMPORT_BROWSE"/>瀏覽</text:p>
  <text:p text:style-name="Paragraph"><help:help-text value="visible">開啟一個檔案選擇對話方塊。使用目前的 XML 匯入篩選開啟所選檔案。</help:help-text></text:p>
  <text:p text:style-name="Head 4"><help:help-id value="HID_XML_FILTER_TEST_IMPORT_RECENT"/>最近的檔案</text:p>
  <text:p text:style-name="Paragraph"><help:help-text value="visible">使用此對話方塊重新開啟上次開啟的文件。</help:help-text></text:p>
 </office:body>
</office:document>
