

<office:document  xmlns:office="http://openoffice.org/2000/office" xmlns:style="http://openoffice.org/2000/style" xmlns:text="http://openoffice.org/2000/text" xmlns:table="http://openoffice.org/2000/table" xmlns:draw="http://openoffice.org/2000/drawing" xmlns:fo="http://www.w3.org/1999/XSL/Format" xmlns:xlink="http://www.w3.org/1999/xlink" xmlns:number="http://openoffice.org/2000/datastyle" xmlns:svg="http://www.w3.org/2000/svg" xmlns:chart="http://openoffice.org/2000/chart" xmlns:dr3d="http://openoffice.org/2000/dr3d" xmlns:math="http://www.w3.org/1998/Math/MathML" xmlns:form="http://openoffice.org/2000/form" xmlns:script="http://openoffice.org/2000/script" office:class="text" office:version="1.0" xmlns:dc="http://purl.org/dc/elements/1.1/" xmlns:meta="http://openoffice.org/2000/meta" xmlns:help="http://openoffice.org/2000/help">
<office:meta>
  <dc:description>text/common/01/06200000</dc:description>
  <dc:subject>韓文/漢文轉換</dc:subject>
  <meta:keywords>
   <meta:keyword>$Version</meta:keyword>
  </meta:keywords>
  <dc:language>zh-TW</dc:language>
  <meta:user-defined meta:name="Info 0">READY</meta:user-defined>
  <meta:user-defined meta:name="Info 1">FREE</meta:user-defined>
  <meta:user-defined meta:name="Info 2"/>
  <meta:user-defined meta:name="Info 3"/>
</office:meta>
 <office:script/>
 <office:font-decls>
  <style:font-decl style:name="StarSymbol" fo:font-family="StarSymbol" style:font-charset="x-symbol"/>
  <style:font-decl style:name="Courier New" fo:font-family="&apos;Courier New&apos;" style:font-style-name="Standard" style:font-family-generic="modern" style:font-pitch="fixed"/>
  <style:font-decl style:name="Courier" fo:font-family="Courier" style:font-family-generic="roman" style:font-pitch="fixed"/>
  <style:font-decl style:name="Andale WT UI3" fo:font-family="&apos;Andale WT UI&apos;" style:font-pitch="variable"/>
  <style:font-decl style:name="Arial Unicode MS" fo:font-family="&apos;Arial Unicode MS&apos;" style:font-pitch="variable"/>
  <style:font-decl style:name="HG Mincho Light J" fo:font-family="&apos;HG Mincho Light J&apos;" style:font-pitch="variable"/>
  <style:font-decl style:name="Andale WT UI" fo:font-family="&apos;Andale WT UI&apos;" style:font-style-name="Fett" style:font-family-generic="roman" style:font-pitch="variable"/>
  <style:font-decl style:name="Andale WT UI1" fo:font-family="&apos;Andale WT UI&apos;" style:font-style-name="Standard" style:font-family-generic="roman" style:font-pitch="variable"/>
  <style:font-decl style:name="Thorndale" fo:font-family="Thorndale" style:font-family-generic="roman" style:font-pitch="variable"/>
  <style:font-decl style:name="Times New Roman" fo:font-family="&apos;Times New Roman&apos;" style:font-style-name="Fett" style:font-family-generic="roman" style:font-pitch="variable"/>
  <style:font-decl style:name="Andale WT UI2" fo:font-family="&apos;Andale WT UI&apos;" style:font-family-generic="swiss" style:font-pitch="variable"/>
 </office:font-decls>
 <office:automatic-styles>
  <style:style style:name="P1" style:family="paragraph" style:parent-style-name="Paragraph" style:master-page-name="HTML">
   <style:properties style:page-number="0"/>
  </style:style>
  <style:style style:name="T1" style:family="text">
   <style:properties fo:font-weight="bold"/>
  </style:style>
 </office:automatic-styles>
 <office:body>
  <text:variable-decls>
   <text:variable-decl text:value-type="string" text:name="HTML_ON"/>
   <text:variable-decl text:value-type="string" text:name="HTML_OFF"/>
   <text:variable-decl text:value-type="string" text:name="TITEL"/>
   <text:variable-decl text:value-type="string" text:name="END"/>
   <text:variable-decl text:value-type="string" text:name="HREF"/>
   <text:variable-decl text:value-type="string" text:name="MAC"/>
   <text:variable-decl text:value-type="string" text:name="ELSE"/>
   <text:variable-decl text:value-type="string" text:name="NAME"/>
   <text:variable-decl text:value-type="string" text:name="REFNR"/>
   <text:variable-decl text:value-type="string" text:name="HelpID"/>
   <text:variable-decl text:value-type="string" text:name="MODIFY"/>
   <text:variable-decl text:value-type="string" text:name="AKTHLP"/>
   <text:variable-decl text:value-type="string" text:name="INDEX"/>
   <text:variable-decl text:value-type="string" text:name="STYLE"/>
  </text:variable-decls>
  <text:sequence-decls>
   <text:sequence-decl text:display-outline-level="0" text:name="Illustration"/>
   <text:sequence-decl text:display-outline-level="0" text:name="Table"/>
   <text:sequence-decl text:display-outline-level="0" text:name="Text"/>
   <text:sequence-decl text:display-outline-level="0" text:name="Drawing"/>
  </text:sequence-decls>
  <help:to-be-embedded Eid="hangul">
  <text:p text:style-name="Head 1"><help:help-id value="SID_HANGUL_HANJA_CONVERSION"/><help:key-word value="轉換; 韓文/漢文" tag="kw68703_1"/><help:key-word value="韓文/漢文" tag="kw68703_2"/><help:link Id="68703">韓文/漢文轉換</help:link></text:p>
  <text:p text:style-name="Paragraph"><help:help-text value="visible">將所選的韓語文字從韓文轉換為漢文，或從漢文轉換為韓文。</help:help-text>僅當您在<text:span text:style-name="T1">[工具] - [選項] - [語言設定] - [語言]</text:span>下啟用了[支援中日韓語言]，並選取了以韓語格式化的文字時，才可呼叫此功能表指令。</text:p>
  </help:to-be-embedded>
  <help:popup Id="65589" Eid="hangul"><help:embedded Id="65598" Eid="wie"></help:embedded></help:popup>
  <text:p text:style-name="Head 2"><help:help-id value="HID_SPELLDLG_SETWORD"/>原來的</text:p>
  <text:p text:style-name="Paragraph"><help:help-text value="visible">顯示目前的選擇。</help:help-text></text:p>
  <text:p text:style-name="Head 2"><help:help-id value="HID_HANGULDLG_EDIT_NEWWORD"/>更替成</text:p>
  <text:p text:style-name="Paragraph"><help:help-text value="visible">顯示詞典中的第一條替代建議。</help:help-text>您可以編輯建議的字詞，或輸入另一個字詞。按一下<text:span text:style-name="T1">[搜尋]</text:span>按鈕，將韓文輸入替代為對應的漢文。</text:p>
  <text:p text:style-name="Head 2"><help:help-id value="SVX_PUSHBUTTON_RID_SVX_MDLG_HANGULHANJA_PB_FIND"/>搜尋</text:p>
  <text:p text:style-name="Paragraph"><help:help-text value="visible">在詞典中搜尋韓文輸入，並將其替代為對應的漢文。</help:help-text>按一下<text:span text:style-name="T1">[忽略]</text:span>，以取消搜尋功能。</text:p>
  <text:p text:style-name="Head 2"><help:help-id value="SVX_LISTBOX_RID_SVX_MDLG_HANGULHANJA_LB_SUGGESTIONS"/>建議</text:p>
  <text:p text:style-name="Paragraph"><help:help-text value="visible">顯示詞典中全部可用的替代。</help:help-text>如果啟用<text:span text:style-name="T1">[使用字元替代]</text:span>方塊，則您將看到字元的網格。如果未核取<text:span text:style-name="T1">[使用字元替代]</text:span>方塊，則會看到字詞的清單。</text:p>
  <text:p text:style-name="Head 2">格式</text:p>
  <text:p text:style-name="Paragraph">按一下格式，以顯示替代。</text:p>
  <text:p text:style-name="Head 3"><help:help-id value="SVX_RADIOBUTTON_RID_SVX_MDLG_HANGULHANJA_RB_SIMPLE_CONVERSION"/>韓文/漢文</text:p>
  <text:p text:style-name="Paragraph"><help:help-text value="visible">使用建議的字元代替原來的字元。</help:help-text></text:p>
  <text:p text:style-name="Head 3"><help:help-id value="SVX_RADIOBUTTON_RID_SVX_MDLG_HANGULHANJA_RB_HANJA_HANGUL_BRACKETED"/>漢文 (韓文)</text:p>
  <text:p text:style-name="Paragraph"><help:help-text value="visible">在漢文部份之後的括號中將顯示韓文部份。</help:help-text></text:p>
  <text:p text:style-name="Head 3"><help:help-id value="SVX_RADIOBUTTON_RID_SVX_MDLG_HANGULHANJA_RB_HANGUL_HANJA_BRACKETED"/>韓文 (漢文)</text:p>
  <text:p text:style-name="Paragraph"><help:help-text value="visible">在韓文部份之後的括號中將顯示漢文部份。</help:help-text></text:p>
  <text:p text:style-name="Head 3"><help:help-id value="SVX_RADIOBUTTON_RID_SVX_MDLG_HANGULHANJA_RB_HANGUL_HANJA_ABOVE"/>在上方作為注音文字的漢文</text:p>
  <text:p text:style-name="Paragraph"><help:help-text value="visible">漢文部份將作為注音文字顯示在韓文部份的上方。</help:help-text></text:p>
  <text:p text:style-name="Head 3"><help:help-id value="SVX_RADIOBUTTON_RID_SVX_MDLG_HANGULHANJA_RB_HANGUL_HANJA_BELOW"/>在下方作為注音文字的漢文</text:p>
  <text:p text:style-name="Paragraph"><help:help-text value="visible">漢文部份將作為注音文字顯示在韓文部份的下方。</help:help-text></text:p>
  <text:p text:style-name="Head 3"><help:help-id value="SVX_RADIOBUTTON_RID_SVX_MDLG_HANGULHANJA_RB_HANJA_HANGUL_ABOVE"/>在上方作為注音文字的韓文</text:p>
  <text:p text:style-name="Paragraph"><help:help-text value="visible">韓文部份將作為注音文字顯示在漢文部份的上方。</help:help-text></text:p>
  <text:p text:style-name="Head 3"><help:help-id value="SVX_RADIOBUTTON_RID_SVX_MDLG_HANGULHANJA_RB_HANJA_HANGUL_BELOW"/>在下方作為注音文字的韓文</text:p>
  <text:p text:style-name="Paragraph"><help:help-text value="visible">韓文部份將作為注音文字顯示在漢文部份的下方。</help:help-text></text:p>
  <text:p text:style-name="Head 2">轉換</text:p>
  <text:p text:style-name="Paragraph">通常，在由韓文字元和漢文字元所組成的混合文字選擇中，全部韓文字元將轉換為漢文，而全部漢文字元將轉換為韓文。如果您只想對混合文字選擇進行單向轉換，則請使用以下轉換選項。</text:p>
  <text:p text:style-name="Head 3"><help:help-id value="SVX_CHECKBOX_RID_SVX_MDLG_HANGULHANJA_CB_HANGUL_ONLY"/>僅用於韓文</text:p>
  <text:p text:style-name="Paragraph"><help:help-text value="visible">核取此選項後，僅轉換韓文，而不轉換漢文。</help:help-text></text:p>
  <text:p text:style-name="Head 3"><help:help-id value="SVX_CHECKBOX_RID_SVX_MDLG_HANGULHANJA_CB_HANJA_ONLY"/>僅用於漢文</text:p>
  <text:p text:style-name="Paragraph"><help:help-text value="visible">核取此選項後，僅轉換漢文，而不轉換韓文。</help:help-text></text:p>
  <text:p text:style-name="Head 2"><help:help-id value="HID_HANGULDLG_BUTTON_IGNORE"/>忽略</text:p>
  <text:p text:style-name="Paragraph"><help:help-text value="visible">不變更目前的選擇。將選取下一個字詞或字元進行轉換。</help:help-text></text:p>
  <text:p text:style-name="Head 2"><help:help-id value="HID_HANGULDLG_BUTTON_IGNOREALL"/>自動忽略</text:p>
  <text:p text:style-name="Paragraph"><help:help-text value="visible">不變更目前的選擇，且每次偵測到相同的選擇時，將會自動跳過。</help:help-text>將選取下一個字詞或字元進行轉換。被忽略文字的清單對目前的 <help:productname>%PRODUCTNAME</help:productname> 階段作業有效。</text:p>
  <text:p text:style-name="Head 2"><help:help-id value="HID_HANGULDLG_BUTTON_CHANGE"/>代替</text:p>
  <text:p text:style-name="Paragraph"><help:help-text value="visible">依據格式選項，將此選擇替代為建議的字元或字詞。</help:help-text>將選取下一個字詞或字元進行轉換。</text:p>
  <text:p text:style-name="Head 2"><help:help-id value="HID_HANGULDLG_BUTTON_CHANGEALL"/>自動替代</text:p>
  <text:p text:style-name="Paragraph"><help:help-text value="visible">依據格式選項，將此選擇替代為建議的字元或字詞。每次偵測到相同的選擇時，都會將其自動替代。</help:help-text>將選取下一個字詞或字元進行轉換。替代文字的清單對目前的 <help:productname>%PRODUCTNAME</help:productname> 階段作業有效。</text:p>
  <text:p text:style-name="Head 3"><help:help-id value="SVX_CHECKBOX_RID_SVX_MDLG_HANGULHANJA_CB_REPLACE_BY_CHARACTER"/>使用字元替代</text:p>
  <text:p text:style-name="Paragraph"><help:help-text value="visible">核取此選項後，可在所選文字上逐字元移過。如果未核取此選項，則會替代整個字詞。</help:help-text></text:p>
  <text:p text:style-name="Head 2"><help:help-id value="HID_HANGULDLG_BUTTON_CLOSE"/>關閉</text:p>
  <text:p text:style-name="Paragraph"><help:help-text value="visible">關閉對話方塊。</help:help-text></text:p>
 </office:body>
</office:document>
