

<office:document  xmlns:office="http://openoffice.org/2000/office" xmlns:style="http://openoffice.org/2000/style" xmlns:text="http://openoffice.org/2000/text" xmlns:table="http://openoffice.org/2000/table" xmlns:draw="http://openoffice.org/2000/drawing" xmlns:fo="http://www.w3.org/1999/XSL/Format" xmlns:xlink="http://www.w3.org/1999/xlink" xmlns:number="http://openoffice.org/2000/datastyle" xmlns:svg="http://www.w3.org/2000/svg" xmlns:chart="http://openoffice.org/2000/chart" xmlns:dr3d="http://openoffice.org/2000/dr3d" xmlns:math="http://www.w3.org/1998/Math/MathML" xmlns:form="http://openoffice.org/2000/form" xmlns:script="http://openoffice.org/2000/script" office:class="text" office:version="1.0" xmlns:dc="http://purl.org/dc/elements/1.1/" xmlns:meta="http://openoffice.org/2000/meta" xmlns:help="http://openoffice.org/2000/help">
<office:meta>
  <dc:description>text/common/01/01070001</dc:description>
  <dc:subject>Export</dc:subject>
  <meta:keywords>
   <meta:keyword>$Version</meta:keyword>
  </meta:keywords>
  <dc:language>fr-FR</dc:language>
  <meta:user-defined meta:name="Info 0">READY</meta:user-defined>
  <meta:user-defined meta:name="Info 1">FREE</meta:user-defined>
  <meta:user-defined meta:name="Info 2"/>
  <meta:user-defined meta:name="Info 3"/>
</office:meta>
 <office:script/>
 <office:font-decls>
  <style:font-decl style:name="StarSymbol" fo:font-family="StarSymbol" style:font-charset="x-symbol"/>
  <style:font-decl style:name="Courier New" fo:font-family="&apos;Courier New&apos;" style:font-style-name="Standard" style:font-family-generic="modern" style:font-pitch="fixed"/>
  <style:font-decl style:name="Courier" fo:font-family="Courier" style:font-family-generic="roman" style:font-pitch="fixed"/>
  <style:font-decl style:name="Arial Unicode MS" fo:font-family="&apos;Arial Unicode MS&apos;" style:font-pitch="variable"/>
  <style:font-decl style:name="HG Mincho Light J" fo:font-family="&apos;HG Mincho Light J&apos;" style:font-pitch="variable"/>
  <style:font-decl style:name="Times New Roman3" fo:font-family="&apos;Times New Roman&apos;" style:font-pitch="variable"/>
  <style:font-decl style:name="Thorndale" fo:font-family="Thorndale" style:font-family-generic="roman" style:font-pitch="variable"/>
  <style:font-decl style:name="Times New Roman2" fo:font-family="&apos;Times New Roman&apos;" style:font-style-name="Fett" style:font-family-generic="roman" style:font-pitch="variable"/>
  <style:font-decl style:name="Times New Roman" fo:font-family="&apos;Times New Roman&apos;" style:font-style-name="Standard" style:font-family-generic="roman" style:font-pitch="variable"/>
  <style:font-decl style:name="Times New Roman1" fo:font-family="&apos;Times New Roman&apos;" style:font-family-generic="swiss" style:font-pitch="variable"/>
 </office:font-decls>
 <office:automatic-styles>
  <style:style style:name="P1" style:family="paragraph" style:parent-style-name="Paragraph" style:master-page-name="HTML">
   <style:properties style:page-number="0"/>
  </style:style>
  <style:style style:name="T1" style:family="text">
   <style:properties fo:font-weight="bold"/>
  </style:style>
 </office:automatic-styles>
 <office:body>
  <text:variable-decls>
   <text:variable-decl text:value-type="string" text:name="HTML_ON"/>
   <text:variable-decl text:value-type="string" text:name="HTML_OFF"/>
   <text:variable-decl text:value-type="string" text:name="TITEL"/>
   <text:variable-decl text:value-type="string" text:name="END"/>
   <text:variable-decl text:value-type="string" text:name="WIN"/>
   <text:variable-decl text:value-type="string" text:name="mac"/>
   <text:variable-decl text:value-type="string" text:name="OS2"/>
   <text:variable-decl text:value-type="string" text:name="unix"/>
   <text:variable-decl text:value-type="string" text:name="ELSE"/>
   <text:variable-decl text:value-type="string" text:name="HREF"/>
   <text:variable-decl text:value-type="string" text:name="NAME"/>
   <text:variable-decl text:value-type="string" text:name="HelpID"/>
   <text:variable-decl text:value-type="string" text:name="HFELD"/>
   <text:variable-decl text:value-type="string" text:name="MODIFY"/>
   <text:variable-decl text:value-type="string" text:name="REFNR"/>
   <text:variable-decl text:value-type="string" text:name="KEY"/>
   <text:variable-decl text:value-type="string" text:name="AKTHLP"/>
   <text:variable-decl text:value-type="string" text:name="INDEX"/>
   <text:variable-decl text:value-type="string" text:name="STYLE"/>
  </text:variable-decls>
  <text:sequence-decls>
   <text:sequence-decl text:display-outline-level="0" text:name="Illustration"/>
   <text:sequence-decl text:display-outline-level="0" text:name="Table"/>
   <text:sequence-decl text:display-outline-level="0" text:name="Text"/>
   <text:sequence-decl text:display-outline-level="0" text:name="Drawing"/>
  </text:sequence-decls>
  <help:to-be-embedded Eid="export">
  <text:p text:style-name="Head 1"><help:help-id value="SID_EXPORTDOC"/><help:key-word value="Documents; Export" tag="kw68649_1"/><help:key-word value="Conversion; Document" tag="kw68649_4"/><help:key-word value="Export; Format externe" tag="kw68649_3"/><help:key-word value="Types de documents; Modifier" tag="kw68649_2"/><help:link Id="68649">Export</help:link></text:p>
  <text:p text:style-name="Paragraph"><help:to-be-embedded Eid="exportieren"><help:help-text value="visible">Enregistre le document actif sous un nom et dans un format différent à un emplacement que vous spécifiez.</help:help-text></help:to-be-embedded></text:p>
  </help:to-be-embedded>
  <help:popup Id="65611" Eid="export"><help:embedded Id="65598" Eid="wie"></help:embedded></help:popup>
  <text:p text:style-name="Paragraph">Les sections suivantes décrivent la boîte de dialogue <text:span text:style-name="T1">Export</text:span> de <help:productname>%PRODUCTNAME</help:productname>. Pour activer les boîtes de dialogue <text:span text:style-name="T1">Ouvrir</text:span> et <text:span text:style-name="T1">Enregistrer</text:span> de <help:productname>%PRODUCTNAME</help:productname>, choisissez <help:link Id="66281" Eid="systemdialog"><text:span text:style-name="T1">Outils - Options - <help:productname>%PRODUCTNAME</help:productname> - Général</text:span></help:link>, puis sélectionnez <text:span text:style-name="T1">Utiliser les boîtes de dialogue <help:productname>%PRODUCTNAME</help:productname></text:span> dans la zone <text:span text:style-name="T1">Boîtes de dialogue ouvrir/enregistrer</text:span>.</text:p>
  <text:p text:style-name="Head 2">Au répertoire supérieur</text:p>
  <help:embedded Id="65755" Eid="levelup"></help:embedded>
  <text:p text:style-name="Head 2">Créer un nouveau répertoire</text:p>
  <help:embedded Id="65755" Eid="createdir"></help:embedded>
  <text:p text:style-name="Head 2">Au répertoire par défaut</text:p>
  <help:embedded Id="65755" Eid="defaultdir"></help:embedded>
  <text:p text:style-name="Head 2">Zone d&apos;affichage</text:p>
  <help:embedded Id="65755" Eid="fileview"></help:embedded>
  <text:p text:style-name="Head 2">Nom de fichier</text:p>
  <help:embedded Id="65755" Eid="filename"></help:embedded>
  <text:p text:style-name="Head 2">Format de fichier</text:p>
  <help:embedded Id="65755" Eid="filetype"></help:embedded>
  <text:p text:style-name="Head 2">Enregistrer</text:p>
  <help:embedded Id="65755" Eid="save"></help:embedded>
  <text:p text:style-name="Head 2">Enregistrer avec mot de passe</text:p>
  <help:embedded Id="65755" Eid="kennwort"></help:embedded>
  <text:p text:style-name="Head 2">Extension automatique du nom de fichier</text:p>
  <help:embedded Id="65755" Eid="autoextension"></help:embedded>
 </office:body>
</office:document>
