

<office:document  xmlns:office="http://openoffice.org/2000/office" xmlns:style="http://openoffice.org/2000/style" xmlns:text="http://openoffice.org/2000/text" xmlns:table="http://openoffice.org/2000/table" xmlns:draw="http://openoffice.org/2000/drawing" xmlns:fo="http://www.w3.org/1999/XSL/Format" xmlns:xlink="http://www.w3.org/1999/xlink" xmlns:number="http://openoffice.org/2000/datastyle" xmlns:svg="http://www.w3.org/2000/svg" xmlns:chart="http://openoffice.org/2000/chart" xmlns:dr3d="http://openoffice.org/2000/dr3d" xmlns:math="http://www.w3.org/1998/Math/MathML" xmlns:form="http://openoffice.org/2000/form" xmlns:script="http://openoffice.org/2000/script" office:class="text" office:version="1.0" xmlns:dc="http://purl.org/dc/elements/1.1/" xmlns:meta="http://openoffice.org/2000/meta" xmlns:help="http://openoffice.org/2000/help">
<office:meta>
  <dc:description>text/common/01/01110100</dc:description>
  <dc:subject>Gérer</dc:subject>
  <meta:keywords>
   <meta:keyword>$Version</meta:keyword>
  </meta:keywords>
  <dc:language>fr-FR</dc:language>
  <meta:user-defined meta:name="Info 0">READY</meta:user-defined>
  <meta:user-defined meta:name="Info 1">FREE_OK</meta:user-defined>
  <meta:user-defined meta:name="Info 2"/>
  <meta:user-defined meta:name="Info 3"/>
</office:meta>
 <office:script/>
 <office:font-decls>
  <style:font-decl style:name="StarSymbol" fo:font-family="StarSymbol" style:font-charset="x-symbol"/>
  <style:font-decl style:name="Courier New" fo:font-family="&apos;Courier New&apos;" style:font-style-name="Standard" style:font-family-generic="modern" style:font-pitch="fixed"/>
  <style:font-decl style:name="Courier" fo:font-family="Courier" style:font-family-generic="roman" style:font-pitch="fixed"/>
  <style:font-decl style:name="Arial Unicode MS" fo:font-family="&apos;Arial Unicode MS&apos;" style:font-pitch="variable"/>
  <style:font-decl style:name="HG Mincho Light J" fo:font-family="&apos;HG Mincho Light J&apos;" style:font-pitch="variable"/>
  <style:font-decl style:name="Times New Roman4" fo:font-family="&apos;Times New Roman&apos;" style:font-pitch="variable"/>
  <style:font-decl style:name="Thorndale" fo:font-family="Thorndale" style:font-family-generic="roman" style:font-pitch="variable"/>
  <style:font-decl style:name="Times New Roman3" fo:font-family="&apos;Times New Roman&apos;" style:font-family-generic="roman" style:font-pitch="variable"/>
  <style:font-decl style:name="Times New Roman2" fo:font-family="&apos;Times New Roman&apos;" style:font-style-name="Fett" style:font-family-generic="roman" style:font-pitch="variable"/>
  <style:font-decl style:name="Times New Roman" fo:font-family="&apos;Times New Roman&apos;" style:font-style-name="Standard" style:font-family-generic="roman" style:font-pitch="variable"/>
  <style:font-decl style:name="Times New Roman1" fo:font-family="&apos;Times New Roman&apos;" style:font-family-generic="swiss" style:font-pitch="variable"/>
 </office:font-decls>
 <office:automatic-styles>
  <style:style style:name="Tabelle2" style:family="table">
   <style:properties style:width="18cm" table:align="margins"/>
  </style:style>
  <style:style style:name="Tabelle2.A" style:family="table-column">
   <style:properties style:column-width="1.499cm" style:rel-column-width="850*"/>
  </style:style>
  <style:style style:name="Tabelle2.B" style:family="table-column">
   <style:properties style:column-width="16.498cm" style:rel-column-width="9352*"/>
  </style:style>
  <style:style style:name="Tabelle2.1" style:family="table-row">
   <style:properties style:min-row-height="0.848cm"/>
  </style:style>
  <style:style style:name="Tabelle2.A1" style:family="table-cell">
   <style:properties fo:padding="0cm" fo:border="none"/>
  </style:style>
  <style:style style:name="P1" style:family="paragraph" style:parent-style-name="Paragraph" style:master-page-name="HTML">
   <style:properties style:page-number="0"/>
  </style:style>
  <style:style style:name="T1" style:family="text">
   <style:properties fo:font-weight="bold"/>
  </style:style>
  <style:style style:name="fr1" style:family="graphics" style:parent-style-name="Graphics">
   <style:properties fo:margin-left="0cm" fo:margin-right="0cm" fo:margin-top="0cm" fo:margin-bottom="0cm" style:run-through="foreground" style:wrap="run-through" style:vertical-pos="middle" style:vertical-rel="paragraph" style:horizontal-pos="left" style:horizontal-rel="paragraph" style:mirror="none" fo:clip="rect(0cm 0cm 0cm 0cm)" draw:luminance="0%" draw:contrast="0%" draw:red="0%" draw:green="0%" draw:blue="0%" draw:gamma="1" draw:color-inversion="false" draw:transparency="-100%" draw:color-mode="standard"/>
  </style:style>
 </office:automatic-styles>
 <office:body>
  <text:variable-decls>
   <text:variable-decl text:value-type="string" text:name="HTML_ON"/>
   <text:variable-decl text:value-type="string" text:name="HTML_OFF"/>
   <text:variable-decl text:value-type="string" text:name="TITEL"/>
   <text:variable-decl text:value-type="string" text:name="END"/>
   <text:variable-decl text:value-type="string" text:name="MAC"/>
   <text:variable-decl text:value-type="string" text:name="ELSE"/>
   <text:variable-decl text:value-type="string" text:name="HREF"/>
   <text:variable-decl text:value-type="string" text:name="OS2"/>
   <text:variable-decl text:value-type="string" text:name="HelpID"/>
   <text:variable-decl text:value-type="string" text:name="NAME"/>
   <text:variable-decl text:value-type="string" text:name="MODIFY"/>
   <text:variable-decl text:value-type="string" text:name="REFNR"/>
   <text:variable-decl text:value-type="string" text:name="HFELD"/>
   <text:variable-decl text:value-type="string" text:name="KEY"/>
   <text:variable-decl text:value-type="string" text:name="AKTHLP"/>
   <text:variable-decl text:value-type="string" text:name="INDEX"/>
   <text:variable-decl text:value-type="string" text:name="UNIX"/>
   <text:variable-decl text:value-type="string" text:name="STYLE"/>
  </text:variable-decls>
  <text:sequence-decls>
   <text:sequence-decl text:display-outline-level="0" text:name="Illustration"/>
   <text:sequence-decl text:display-outline-level="0" text:name="Table"/>
   <text:sequence-decl text:display-outline-level="0" text:name="Text"/>
   <text:sequence-decl text:display-outline-level="0" text:name="Drawing"/>
  </text:sequence-decls>
  <help:to-be-embedded Eid="verwalten"><a name="verwalten"/>
  <text:p text:style-name="Paragraph"><help:key-word value="Documents; Gestion" tag="kw65871_1"/><help:key-word value="Gestion; Modèles" tag="kw65871_19"/><help:key-word value="Modèles; Gestion" tag="kw65871_18"/><help:key-word value="Gestion; Styles" tag="kw65871_17"/><help:key-word value="Styles; Gestion" tag="kw65871_16"/><help:key-word value="Styles; Styles d&apos;impression utilisés dans un document" tag="kw65871_15"/><help:key-word value="Styles; Copie entre les documents" tag="kw65871_14"/><help:key-word value="Modèles par défaut; Gestion" tag="kw65871_13"/></text:p>
  <text:p text:style-name="Head 1"><help:help-id value="SID_ORGANIZER"/><help:link Id="65871" Eid="verwalten">Gérer</help:link></text:p>
  <text:p text:style-name="Paragraph"><help:help-text value="visible">Ouvre la boîte de dialogue <text:span text:style-name="T1">Gestion des modèles de document</text:span>, dans laquelle vous pouvez organiser les modèles et définir les modèles par défaut.</help:help-text></text:p>
  </help:to-be-embedded>
  <help:popup Id="65611" Eid="verwalten"><help:embedded Id="65598" Eid="wie"></help:embedded></help:popup>
  <text:p text:style-name="Head 2"><help:help-id value="HID_CTL_ORGANIZER_LEFT"/><help:help-id value="HID_CTL_ORGANIZER_RIGHT"/>Zones de liste déroulantes placées en bas de la boîte de dialogue</text:p>
  <text:p text:style-name="Paragraph"><help:help-text value="visible">Affiche les catégories de modèles ou les fichiers <help:productname>%PRODUCTNAME</help:productname> disponibles. Pour modifier le contenu de la liste, sélectionnez <text:span text:style-name="T1">Modèle</text:span> ou <text:span text:style-name="T1">Document</text:span> dans la zone ci-dessous.</help:help-text></text:p>
  <table:table table:name="Tabelle2" table:style-name="Tabelle2">
   <table:table-column table:style-name="Tabelle2.A"/>
   <table:table-column table:style-name="Tabelle2.B"/>
   <table:table-header-rows>
    <table:table-row table:style-name="Tabelle2.1">
     <table:table-cell table:style-name="Tabelle2.A1" table:value-type="string">
      <text:p text:style-name="Paragraph"><draw:image draw:name="Icône0" svg:desc="Cette icône indique du texte comportant des informations supplémentaires." svg:pixelx="32" svg:pixely="32" svg:width="0.847cm" svg:height="0.847cm" xlink:href="65980" draw:filter-name=""/></text:p>

     </table:table-cell>
     <table:table-cell table:style-name="Tabelle2.A1" table:value-type="string">
      <text:p text:style-name="Paragraph">Par défaut, les fichiers de modèles <help:productname>%PRODUCTNAME</help:productname> sont stockés dans <help:switch select="System"><help:case select ="UNIX">{installpath}/share/template/french</help:case><help:default>{installpath}\share\template\french</help:default></help:switch> et les fichiers de modèles d&apos;utilisateur sont stockés dans <help:switch select="System"><help:case select ="UNIX">{installpath}/user/template</help:case><help:default>{installpath}\user\template</help:default></help:switch>. Pour modifier ces paramètres par défaut, choisissez <help:link Id="66242"><text:span text:style-name="T1">Outils - Options - <help:productname>%PRODUCTNAME</help:productname> - Chemins</text:span></help:link>.</text:p>
     </table:table-cell>
    </table:table-row>
   </table:table-header-rows>
  </table:table>
  <text:p text:style-name="Paragraph"><help:help-id value="SFX2_LISTBOX_DLG_ORGANIZE_LB_LEFT_TYP"/><help:help-id value="SFX2_LISTBOX_DLG_ORGANIZE_LB_RIGHT_TYP"/><help:help-text value="visible">Sélectionnez <text:span text:style-name="T1">Modèles de document</text:span> ou <text:span text:style-name="T1">Documents</text:span> pour modifier le contenu de la liste située au-dessus.</help:help-text></text:p>
  <text:p text:style-name="Paragraph">Les catégories de modèles sont représentées par des icônes en forme de dossier. Pour afficher les fichiers de modèles d&apos;une catégorie, double-cliquez sur un dossier.</text:p>
  <text:p text:style-name="Paragraph">Pour visualiser les styles utilisés dans un fichier modèle, double-cliquez sur le nom de ce dernier, puis sur l&apos;icône <text:span text:style-name="T1">Styles</text:span>.</text:p>
  <text:p text:style-name="Paragraph">Pour copier un style, maintenez la touche Ctrl enfoncée et faites glisser le style vers le fichier de destination. Pour déplacer un style, faites-le glisser d&apos;un fichier vers un autre.</text:p>
  <text:p text:style-name="Head 2"><help:help-id value="SFX2_MENUBUTTON_DLG_ORGANIZE_BTN_EDIT"/>Commandes</text:p>
  <text:p text:style-name="Paragraph"><help:help-text value="visible">Contient des commandes permettant de gérer et d&apos;éditer les modèles et documents.</help:help-text></text:p>
  <text:p text:style-name="Paragraph">Selon le type de fichier que vous sélectionnez dans la liste, les commandes suivantes sont disponibles :</text:p>
  <text:p text:style-name="Head 3"><help:help-id value="HID_ORGANIZE_NEW"/>Nouveau</text:p>
  <text:p text:style-name="Paragraph"><help:help-text value="visible">Crée une nouvelle catégorie de modèles.</help:help-text></text:p>
  <text:p text:style-name="Head 3"><help:help-id value="HID_ORGANIZE_DELETE"/>Supprimer<help:key-word value="Modèle de document; Suppression" tag="kw65871_12"/><help:key-word value="Modèle; Suppression" tag="kw65871_11"/><help:key-word value="Document; Suppression d&apos;un modèle" tag="kw65871_10"/></text:p>
  <text:p text:style-name="Paragraph"><help:help-text value="visible">Supprime la sélection active.</help:help-text></text:p>
  <text:p text:style-name="Head 3"><help:help-id value="HID_ORGANIZE_EDIT"/>Édition</text:p>
  <text:p text:style-name="Paragraph"><help:help-text value="visible">Ouvre le modèle sélectionné pour édition.</help:help-text></text:p>
  <text:p text:style-name="Head 3"><help:help-id value="HID_ORGANIZE_COPY_FROM"/>Importer un modèle<help:key-word value="Modèle; Import" tag="kw65871_9"/><help:key-word value="Modèle de document; Import" tag="kw65871_8"/><help:key-word value="Import; Modèle" tag="kw65871_7"/><help:key-word value="Import; Modèle de document" tag="kw65871_6"/></text:p>
  <text:p text:style-name="Paragraph"><help:help-text value="visible">Permet d&apos;importer un modèle supplémentaire. Pour importer un modèle, sélectionnez un dossier de modèles dans la liste, cliquez sur le bouton <text:span text:style-name="T1">Commandes</text:span>, puis sélectionnez <text:span text:style-name="T1">Importer un modèle</text:span>.</help:help-text></text:p>
  <text:p text:style-name="Head 3"><help:help-id value="HID_ORGANIZE_COPY_TO"/>Exporter un modèle<help:key-word value="Modèle; Export" tag="kw65871_5"/><help:key-word value="Export; Modèle" tag="kw65871_4"/><help:key-word value="Export; Modèle de document" tag="kw65871_3"/><help:key-word value="Modèle de document; Export" tag="kw65871_2"/></text:p>
  <text:p text:style-name="Paragraph"><help:help-text value="visible">Permet d&apos;exporter le modèle sélectionné.</help:help-text></text:p>
  <text:p text:style-name="Head 3"><help:help-id value="HID_ORGANIZE_PRINT"/>Imprimer</text:p>
  <text:p text:style-name="Paragraph"><help:help-text value="visible">Imprime le nom et les propriétés des styles utilisés dans le fichier.</help:help-text></text:p>
  <text:p text:style-name="Head 3"><help:help-id value="HID_ORGANIZE_PRINTER_SETUP"/>Paramétrage de l&apos;imprimante...</text:p>
  <text:p text:style-name="Paragraph"><help:help-text value="visible">Modifie l&apos;imprimante et ses paramètres pour le document sélectionné.</help:help-text></text:p>
  <text:p text:style-name="Head 3"><help:help-id value="HID_ORGANIZE_RESCAN"/>Actualisation</text:p>
  <text:p text:style-name="Paragraph"><help:help-text value="visible">Actualise le contenu des listes.</help:help-text></text:p>
  <text:p text:style-name="Head 3"><help:help-id value="HID_ORGANIZE_STDTEMPLATE_ADD"/>Définir en tant que modèle par défaut</text:p>
  <text:p text:style-name="Paragraph"><help:help-text value="visible">Utilise le modèle sélectionné en tant que modèle par défaut lorsque vous créez un nouveau document <help:productname>%PRODUCTNAME</help:productname> du même type.</help:help-text></text:p>
  <text:p text:style-name="Head 3"><help:help-id value="HID_ORGANIZE_STDTEMPLATE_DEL"/>Réinitialisation du modèle par défaut</text:p>
  <text:p text:style-name="Paragraph"><help:help-text value="visible">Sélectionnez un type de document <help:productname>%PRODUCTNAME</help:productname> pour redéfinir le modèle par défaut sur le modèle d&apos;origine.</help:help-text></text:p>
  <text:p text:style-name="Head 2"><help:help-id value="SFX2_PUSHBUTTON_DLG_ORGANIZE_BTN_ADDRESSTEMPLATE"/>Carnet d&apos;adresses</text:p>
  <text:p text:style-name="Paragraph">Éditez les assignations de champs et la source de données pour le carnet d&apos;adresses.</text:p>
  <text:p text:style-name="Head 2"><help:help-id value="SFX2_PUSHBUTTON_DLG_ORGANIZE_BTN_FILES"/>Fichier</text:p>
  <text:p text:style-name="Paragraph"><help:help-text value="visible">Pour copier des modèles à partir d&apos;un document <help:productname>%PRODUCTNAME</help:productname>, cliquez sur la zone combinée listant les &quot;Documents&quot; et cliquez sur <text:span text:style-name="T1">Fichier</text:span>.</help:help-text> Une boîte de dialogue de sélection de fichiers s&apos;affiche (voir la boîte de dialogue <text:span text:style-name="T1">Ouvrir</text:span>). Sélectionnez un document et fermez la boîte de dialogue. Le document sélectionné s&apos;affiche dans la zone combinée. Vous pouvez maintenant double-cliquer sur le nom du document pour rendre visible le bouton <text:span text:style-name="T1">Styles</text:span> et copier les styles.</text:p>
  <help:switch select="Program"><help:case select="WRITER">
  <text:p text:style-name="ParaList"><help:embedded Id="65598" Eid="related"></help:embedded></text:p>
  <text:p text:style-name="ParaList"><help:embedded Id="68038" Eid="template_default"></help:embedded></text:p>
  <text:p text:style-name="ParaList"><help:link Id="65661"></help:link></text:p>
  <text:p text:style-name="ParaList"><help:link Id="67814"></help:link></text:p>
  </help:case></help:switch>
 </office:body>
</office:document>
