

<office:document  xmlns:office="http://openoffice.org/2000/office" xmlns:style="http://openoffice.org/2000/style" xmlns:text="http://openoffice.org/2000/text" xmlns:table="http://openoffice.org/2000/table" xmlns:draw="http://openoffice.org/2000/drawing" xmlns:fo="http://www.w3.org/1999/XSL/Format" xmlns:xlink="http://www.w3.org/1999/xlink" xmlns:number="http://openoffice.org/2000/datastyle" xmlns:svg="http://www.w3.org/2000/svg" xmlns:chart="http://openoffice.org/2000/chart" xmlns:dr3d="http://openoffice.org/2000/dr3d" xmlns:math="http://www.w3.org/1998/Math/MathML" xmlns:form="http://openoffice.org/2000/form" xmlns:script="http://openoffice.org/2000/script" office:class="text" office:version="1.0" xmlns:dc="http://purl.org/dc/elements/1.1/" xmlns:meta="http://openoffice.org/2000/meta" xmlns:help="http://openoffice.org/2000/help">
<office:meta>
  <dc:description>text/common/01/01110101</dc:description>
  <dc:subject>Modèles : Assignation du carnet d&apos;adresses.</dc:subject>
  <meta:keywords>
   <meta:keyword>$Version</meta:keyword>
  </meta:keywords>
  <dc:language>fr-FR</dc:language>
  <meta:user-defined meta:name="Info 0">READY</meta:user-defined>
  <meta:user-defined meta:name="Info 1">FREE_OK</meta:user-defined>
  <meta:user-defined meta:name="Info 2"/>
  <meta:user-defined meta:name="Info 3"/>
</office:meta>
 <office:script/>
 <office:font-decls>
  <style:font-decl style:name="StarSymbol" fo:font-family="StarSymbol" style:font-charset="x-symbol"/>
  <style:font-decl style:name="Courier New" fo:font-family="&apos;Courier New&apos;" style:font-style-name="Standard" style:font-family-generic="modern" style:font-pitch="fixed"/>
  <style:font-decl style:name="Courier" fo:font-family="Courier" style:font-family-generic="roman" style:font-pitch="fixed"/>
  <style:font-decl style:name="Arial Unicode MS" fo:font-family="&apos;Arial Unicode MS&apos;" style:font-pitch="variable"/>
  <style:font-decl style:name="HG Mincho Light J" fo:font-family="&apos;HG Mincho Light J&apos;" style:font-pitch="variable"/>
  <style:font-decl style:name="Times New Roman4" fo:font-family="&apos;Times New Roman&apos;" style:font-pitch="variable"/>
  <style:font-decl style:name="Thorndale" fo:font-family="Thorndale" style:font-family-generic="roman" style:font-pitch="variable"/>
  <style:font-decl style:name="Times New Roman3" fo:font-family="&apos;Times New Roman&apos;" style:font-family-generic="roman" style:font-pitch="variable"/>
  <style:font-decl style:name="Times New Roman2" fo:font-family="&apos;Times New Roman&apos;" style:font-style-name="Fett" style:font-family-generic="roman" style:font-pitch="variable"/>
  <style:font-decl style:name="Times New Roman" fo:font-family="&apos;Times New Roman&apos;" style:font-style-name="Standard" style:font-family-generic="roman" style:font-pitch="variable"/>
  <style:font-decl style:name="Times New Roman1" fo:font-family="&apos;Times New Roman&apos;" style:font-family-generic="swiss" style:font-pitch="variable"/>
 </office:font-decls>
 <office:automatic-styles>
  <style:style style:name="P1" style:family="paragraph" style:parent-style-name="Paragraph" style:master-page-name="HTML">
   <style:properties style:page-number="0"/>
  </style:style>
  <style:style style:name="T1" style:family="text">
   <style:properties fo:font-weight="bold"/>
  </style:style>
 </office:automatic-styles>
 <office:body>
  <text:variable-decls>
   <text:variable-decl text:value-type="string" text:name="HTML_ON"/>
   <text:variable-decl text:value-type="string" text:name="HTML_OFF"/>
   <text:variable-decl text:value-type="string" text:name="TITEL"/>
   <text:variable-decl text:value-type="string" text:name="END"/>
   <text:variable-decl text:value-type="string" text:name="MAC"/>
   <text:variable-decl text:value-type="string" text:name="ELSE"/>
   <text:variable-decl text:value-type="string" text:name="HREF"/>
   <text:variable-decl text:value-type="string" text:name="OS2"/>
   <text:variable-decl text:value-type="string" text:name="HelpID"/>
   <text:variable-decl text:value-type="string" text:name="NAME"/>
   <text:variable-decl text:value-type="string" text:name="MODIFY"/>
   <text:variable-decl text:value-type="string" text:name="REFNR"/>
   <text:variable-decl text:value-type="string" text:name="HFELD"/>
   <text:variable-decl text:value-type="string" text:name="KEY"/>
   <text:variable-decl text:value-type="string" text:name="AKTHLP"/>
   <text:variable-decl text:value-type="string" text:name="INDEX"/>
   <text:variable-decl text:value-type="string" text:name="UNIX"/>
   <text:variable-decl text:value-type="string" text:name="STYLE"/>
  </text:variable-decls>
  <text:sequence-decls>
   <text:sequence-decl text:display-outline-level="0" text:name="Illustration"/>
   <text:sequence-decl text:display-outline-level="0" text:name="Table"/>
   <text:sequence-decl text:display-outline-level="0" text:name="Text"/>
   <text:sequence-decl text:display-outline-level="0" text:name="Drawing"/>
  </text:sequence-decls>
  <help:to-be-embedded Eid="voradzu">
  <text:p text:style-name="Paragraph"><help:key-word value="Carnet d&apos;adresses; Assignation" tag="kw67814_1"/><help:key-word value="Carnet d&apos;adresses; Sélection" tag="kw67814_5"/><help:key-word value="Sélection; Carnet d&apos;adresses" tag="kw67814_4"/><help:key-word value="Assignation; Carnet d&apos;adresses" tag="kw67814_3"/><help:key-word value="Modèles; Sélection d&apos;un carnet d&apos;adresses" tag="kw67814_2"/></text:p>
  <text:p text:style-name="Head 1"><help:help-id value="SID_TEMPLATE_ADDRESSBOKSOURCE"/>Modèles : Assignation du carnet d&apos;adresses.</text:p>
  <help:to-be-embedded Eid="voradzutxt">
  <text:p text:style-name="Paragraph"><help:help-text value="visible">Définissez la table et la source de données à utiliser comme carnet d&apos;adresses dans <help:productname>%PRODUCTNAME</help:productname>.</help:help-text></text:p>
  </help:to-be-embedded>
  </help:to-be-embedded>
  <help:popup Id="65611" Eid="voradzu"><help:embedded Id="65598" Eid="wie"></help:embedded></help:popup>
  <text:p text:style-name="Head 2">Source du carnet d&apos;adresses</text:p>
  <text:p text:style-name="Paragraph">Définissez la source de données et la table de données pour votre carnet d&apos;adresses.</text:p>
  <text:p text:style-name="Head 3"><help:help-id value="SVTOOLS_COMBOBOX_DLG_ADDRESSBOOKSOURCE_CB_DATASOURCE"/>Source de données</text:p>
  <text:p text:style-name="Paragraph"><help:help-text value="visible">Sélectionnez la source de données de votre carnet d&apos;adresses.</help:help-text></text:p>
  <text:p text:style-name="Head 3"><help:help-id value="SVTOOLS_COMBOBOX_DLG_ADDRESSBOOKSOURCE_CB_TABLE"/>Table</text:p>
  <text:p text:style-name="Paragraph"><help:help-text value="visible">Sélectionnez la table de données de votre carnet d&apos;adresses.</help:help-text></text:p>
  <text:p text:style-name="Head 3"><help:help-id value="SVTOOLS_PUSHBUTTON_DLG_ADDRESSBOOKSOURCE_PB_ADMINISTATE_DATASOURCES"/>Gérer</text:p>
  <text:p text:style-name="Paragraph"><help:help-text value="visible">Ajoutez une nouvelle source de données à la liste <text:span text:style-name="T1">Source de données</text:span>.</help:help-text></text:p>
  <text:p text:style-name="Head 2">Assignation des champs</text:p>
  <text:p text:style-name="Paragraph">Définissez l&apos;assignation des champs du carnet d&apos;adresses.</text:p>
  <text:p text:style-name="Head 3"><help:help-id value="HID_ADDRTEMPL_FIELD_ASSIGNMENT"/>(Nom de champ)</text:p>
  <text:p text:style-name="Paragraph"><help:help-text value="visible">Sélectionnez le champ de la table de données correspondant à l&apos;entrée du carnet d&apos;adresses.</help:help-text></text:p>
  <text:p text:style-name="ParaList"><help:embedded Id="65598" Eid="related"></help:embedded></text:p>
  <text:p text:style-name="ParaList"><help:embedded Id="68409" Eid="data_addressbook"></help:embedded></text:p>
  <text:p text:style-name="ParaList"><help:link Id="66167"></help:link></text:p>
 </office:body>
</office:document>
