

<office:document  xmlns:office="http://openoffice.org/2000/office" xmlns:style="http://openoffice.org/2000/style" xmlns:text="http://openoffice.org/2000/text" xmlns:table="http://openoffice.org/2000/table" xmlns:draw="http://openoffice.org/2000/drawing" xmlns:fo="http://www.w3.org/1999/XSL/Format" xmlns:xlink="http://www.w3.org/1999/xlink" xmlns:number="http://openoffice.org/2000/datastyle" xmlns:svg="http://www.w3.org/2000/svg" xmlns:chart="http://openoffice.org/2000/chart" xmlns:dr3d="http://openoffice.org/2000/dr3d" xmlns:math="http://www.w3.org/1998/Math/MathML" xmlns:form="http://openoffice.org/2000/form" xmlns:script="http://openoffice.org/2000/script" office:class="text" office:version="1.0" xmlns:dc="http://purl.org/dc/elements/1.1/" xmlns:meta="http://openoffice.org/2000/meta" xmlns:help="http://openoffice.org/2000/help">
<office:meta>
  <dc:description>text/common/01/02100000</dc:description>
  <dc:subject>Rechercher &amp; remplacer</dc:subject>

  <dc:language>fr-FR</dc:language>
  <meta:user-defined meta:name="Info 0">READY</meta:user-defined>
  <meta:user-defined meta:name="Info 1">FREE_OK</meta:user-defined>
  <meta:user-defined meta:name="Info 2"/>
  <meta:user-defined meta:name="Info 3"/>
</office:meta>
 <office:script/>
 <office:font-decls>
  <style:font-decl style:name="StarSymbol" fo:font-family="StarSymbol" style:font-charset="x-symbol"/>
  <style:font-decl style:name="Courier New" fo:font-family="&apos;Courier New&apos;" style:font-style-name="Standard" style:font-family-generic="modern" style:font-pitch="fixed"/>
  <style:font-decl style:name="Courier" fo:font-family="Courier" style:font-family-generic="roman" style:font-pitch="fixed"/>
  <style:font-decl style:name="Arial Unicode MS" fo:font-family="&apos;Arial Unicode MS&apos;" style:font-pitch="variable"/>
  <style:font-decl style:name="HG Mincho Light J" fo:font-family="&apos;HG Mincho Light J&apos;" style:font-pitch="variable"/>
  <style:font-decl style:name="Times New Roman3" fo:font-family="&apos;Times New Roman&apos;" style:font-pitch="variable"/>
  <style:font-decl style:name="Thorndale" fo:font-family="Thorndale" style:font-family-generic="roman" style:font-pitch="variable"/>
  <style:font-decl style:name="Times New Roman2" fo:font-family="&apos;Times New Roman&apos;" style:font-style-name="Fett" style:font-family-generic="roman" style:font-pitch="variable"/>
  <style:font-decl style:name="Times New Roman" fo:font-family="&apos;Times New Roman&apos;" style:font-style-name="Standard" style:font-family-generic="roman" style:font-pitch="variable"/>
  <style:font-decl style:name="Times New Roman1" fo:font-family="&apos;Times New Roman&apos;" style:font-family-generic="swiss" style:font-pitch="variable"/>
 </office:font-decls>
 <office:automatic-styles>
  <style:style style:name="Tabelle1" style:family="table">
   <style:properties style:width="18cm" table:align="margins"/>
  </style:style>
  <style:style style:name="Tabelle1.A" style:family="table-column">
   <style:properties style:column-width="1.499cm" style:rel-column-width="5460*"/>
  </style:style>
  <style:style style:name="Tabelle1.B" style:family="table-column">
   <style:properties style:column-width="16.499cm" style:rel-column-width="60055*"/>
  </style:style>
  <style:style style:name="Tabelle3" style:family="table">
   <style:properties style:width="18cm" table:align="margins"/>
  </style:style>
  <style:style style:name="Tabelle3.A" style:family="table-column">
   <style:properties style:column-width="1.499cm" style:rel-column-width="850*"/>
  </style:style>
  <style:style style:name="Tabelle3.B" style:family="table-column">
   <style:properties style:column-width="16.498cm" style:rel-column-width="9352*"/>
  </style:style>
  <style:style style:name="Tabelle3.1" style:family="table-row">
   <style:properties style:min-row-height="0.848cm"/>
  </style:style>
  <style:style style:name="Tabelle3.A1" style:family="table-cell">
   <style:properties fo:padding="0cm" fo:border="none"/>
  </style:style>
  <style:style style:name="P1" style:family="paragraph" style:parent-style-name="Paragraph" style:master-page-name="HTML">
   <style:properties style:page-number="0"/>
  </style:style>
  <style:style style:name="T1" style:family="text">
   <style:properties fo:font-weight="bold"/>
  </style:style>
  <style:style style:name="fr1" style:family="graphics" style:parent-style-name="Graphics">
   <style:properties style:run-through="foreground" style:wrap="run-through" style:vertical-pos="top" style:vertical-rel="paragraph" style:horizontal-pos="left" style:horizontal-rel="paragraph" style:mirror="none" fo:clip="rect(0cm 0cm 0cm 0cm)" draw:luminance="0%" draw:contrast="0%" draw:red="0%" draw:green="0%" draw:blue="0%" draw:gamma="1" draw:color-inversion="false" draw:transparency="-100%" draw:color-mode="standard"/>
  </style:style>
  <style:style style:name="fr2" style:family="graphics" style:parent-style-name="Graphics">
   <style:properties fo:margin-left="0cm" fo:margin-right="0cm" fo:margin-top="0cm" fo:margin-bottom="0cm" style:run-through="foreground" style:wrap="run-through" style:vertical-pos="middle" style:vertical-rel="paragraph" style:horizontal-pos="left" style:horizontal-rel="paragraph" style:mirror="none" fo:clip="rect(0cm 0cm 0cm 0cm)" draw:luminance="0%" draw:contrast="0%" draw:red="0%" draw:green="0%" draw:blue="0%" draw:gamma="1" draw:color-inversion="false" draw:transparency="-100%" draw:color-mode="standard"/>
  </style:style>
 </office:automatic-styles>
 <office:body>
  <text:variable-decls>
   <text:variable-decl text:value-type="string" text:name="HTML_ON"/>
   <text:variable-decl text:value-type="string" text:name="HTML_OFF"/>
   <text:variable-decl text:value-type="string" text:name="TITEL"/>
   <text:variable-decl text:value-type="string" text:name="END"/>
   <text:variable-decl text:value-type="string" text:name="OS2"/>
   <text:variable-decl text:value-type="string" text:name="ELSE"/>
   <text:variable-decl text:value-type="string" text:name="HREF"/>
   <text:variable-decl text:value-type="string" text:name="MAC"/>
   <text:variable-decl text:value-type="string" text:name="NAME"/>
   <text:variable-decl text:value-type="string" text:name="HelpID"/>
   <text:variable-decl text:value-type="string" text:name="WIN"/>
   <text:variable-decl text:value-type="string" text:name="HFELD"/>
   <text:variable-decl text:value-type="string" text:name="MODIFY"/>
   <text:variable-decl text:value-type="string" text:name="REFNR"/>
   <text:variable-decl text:value-type="string" text:name="KEY"/>
   <text:variable-decl text:value-type="string" text:name="INDEX"/>
   <text:variable-decl text:value-type="string" text:name="AKTHLP"/>
   <text:variable-decl text:value-type="string" text:name="STYLE"/>
  </text:variable-decls>
  <text:sequence-decls>
   <text:sequence-decl text:display-outline-level="0" text:name="Illustration"/>
   <text:sequence-decl text:display-outline-level="0" text:name="Table"/>
   <text:sequence-decl text:display-outline-level="0" text:name="Text"/>
   <text:sequence-decl text:display-outline-level="0" text:name="Drawing"/>
  </text:sequence-decls>
  <help:to-be-embedded Eid="suchenersetzen">
  <text:p text:style-name="Head 1"><help:help-id value="SID_SEARCH_ITEM"/><help:help-id value="SID_SEARCH_DLG"/><help:key-word value="Rechercher &amp; remplacer; Texte" tag="kw65852_1"/><help:key-word value="Rechercher; Texte" tag="kw65852_17"/><help:key-word value="Rechercher; Tableaux" tag="kw65852_16"/><help:key-word value="Remplacer; Texte" tag="kw65852_15"/><help:key-word value="Remplacer; Cellules" tag="kw65852_14"/><help:key-word value="Rechercher; Styles" tag="kw65852_13"/><help:key-word value="Styles; Rechercher" tag="kw65852_12"/><help:key-word value="Chercher; Voir Rechercher" tag="kw65852_11"/><help:to-be-embedded Eid="02100000"><help:link Id="65852">Rechercher &amp; remplacer</help:link></help:to-be-embedded></text:p>
  <text:p text:style-name="Paragraph"><help:to-be-embedded Eid="suchenersetzentext"><help:help-text value="visible">Recherche ou remplace du texte ou des formats dans le document actif.</help:help-text></help:to-be-embedded></text:p>
  </help:to-be-embedded>
  <help:executeurl Id="slot:5961"></help:executeurl><help:popup Id="65620" Eid="suchen"><help:embedded Id="65598" Eid="wie"></help:embedded></help:popup>
  <text:p text:style-name="Head 2"><help:help-id value="SVX_COMBOBOX_RID_SVXDLG_SEARCH_ED_SEARCH"/><help:help-id value="SVX_LISTBOX_RID_SVXDLG_SEARCH_LB_SEARCH"/>Rechercher</text:p>
  <text:p text:style-name="Paragraph"><help:help-text value="visible">Saisissez le texte à rechercher ou sélectionnez une recherche précédente dans la liste.</help:help-text></text:p>
  <text:p text:style-name="Paragraph"><help:help-id value="SVX_MULTILINEEDIT_RID_SVXDLG_SEARCH_ED_SEARCH_FORMATS"/><help:help-text value="visible">Les options de recherche sont répertoriées dans la zone <text:span text:style-name="T1">Options </text:span>de la boîte de dialogue.</help:help-text></text:p>
  <text:p text:style-name="Head 2"><help:help-id value="SVX_COMBOBOX_RID_SVXDLG_SEARCH_ED_REPLACE"/><help:help-id value="SVX_LISTBOX_RID_SVXDLG_SEARCH_LB_REPLACE"/>Remplacer par</text:p>
  <text:p text:style-name="Paragraph"><help:help-text value="visible">Saisissez le texte de remplacement ou sélectionnez un texte ou un style de remplacement récent dans la liste.</help:help-text></text:p>
  <text:p text:style-name="Paragraph"><help:help-id value="SVX_MULTILINEEDIT_RID_SVXDLG_SEARCH_ED_REPLACE_FORMATS"/><help:help-text value="visible">Les options de remplacement sont répertoriées dans la zone <text:span text:style-name="T1">Options </text:span>de la boîte de dialogue.</help:help-text></text:p>
  <text:p text:style-name="Head 2">Critères optionnels</text:p>
  <text:p text:style-name="Head 3"><help:help-id value="SVX_CHECKBOX_RID_SVXDLG_SEARCH_BTN_CELLS"/><help:switch select="Program"><help:case select="CALC">Cellules entières</help:case><help:default>Mots entiers</help:default></help:switch></text:p>
  <text:p text:style-name="Paragraph"><help:to-be-embedded Eid="ganze"><help:help-text value="visible"><help:switch select="Program"><help:case select="CALC">Cette recherche permet de retrouver toutes les cellules dont le contenu correspond exactement à l&apos;élément recherché. Si l&apos;élément recherché correspond uniquement à une partie du contenu de la cellule, la recherche ne donne pas de résultat.</help:case><help:default>Pour que la recherche aboutisse, le contenu de la cellule doit composé de mots entiers identiques au texte_cherché. Si le texte_cherché correspond uniquement à une partie d&apos;un mot entier, la recherche ne donne pas de résultat.</help:default></help:switch></help:help-text></help:to-be-embedded></text:p>
  <text:p text:style-name="Head 3"><help:help-id value="SVX_CHECKBOX_RID_SVXDLG_SEARCH_BTN_BACKWARDS"/>Vers le haut</text:p>
  <text:p text:style-name="Paragraph"><help:help-text value="visible">La recherche commence à l&apos;endroit où se trouve le curseur et s&apos;effectue vers le début du fichier.</help:help-text></text:p>
  <text:p text:style-name="Head 3"><help:help-id value="SVX_CHECKBOX_RID_SVXDLG_SEARCH_BTN_REGEXP"/><a name="platzhalter"/><help:switch select="Program"><help:case select="DRAW"></help:case><help:case select="IMPRESS"></help:case><help:default>Caractères génériques<help:key-word value="Caractères génériques; Recherche" tag="kw65852_10"/><help:key-word value="Recherche de caractères génériques; Caractères génériques" tag="kw65852_9"/><help:key-word value="Recherche et remplacement; Caractères génériques" tag="kw65852_8"/></help:default></help:switch></text:p>
  <text:p text:style-name="Paragraph"><help:switch select="Program"><help:case select="DRAW"></help:case><help:case select="IMPRESS"></help:case><help:default><help:help-text value="visible">Permet d&apos;utiliser des caractères génériques dans la recherche.</help:help-text></help:default></help:switch></text:p>
  <text:p text:style-name="Paragraph"><help:switch select="Program"><help:case select="DRAW"></help:case><help:case select="IMPRESS"></help:case><help:default><help:embedded Id="68251" Eid="02100001"></help:embedded></help:default></help:switch></text:p>
  <text:p text:style-name="Head 3"><help:help-id value="SVX_CHECKBOX_RID_SVXDLG_SEARCH_CB_MATCH_CASE"/>Respecter la casse</text:p>
  <text:p text:style-name="Paragraph"><help:key-word value="Recherche sensible à la casse" tag="kw65852_7"/><help:to-be-embedded Eid="exakt"><help:help-text value="visible"> Distingue les caractères en minuscules et en majuscules.</help:help-text></help:to-be-embedded></text:p>
  <text:p text:style-name="Head 3"><help:help-id value="SVX_CHECKBOX_RID_SVXDLG_SEARCH_BTN_SELECTIONS"/><help:key-word value="Recherche; Sélections" tag="kw65852_6"/>Sélection active uniquement</text:p>
  <text:p text:style-name="Paragraph"><help:help-text value="visible"><help:switch select="Program"><help:case select="CALC">Recherche uniquement dans les cellules sélectionnées.</help:case><help:default>Recherche uniquement dans le texte sélectionné.</help:default></help:switch></help:help-text></text:p>
  <text:p text:style-name="Head 3"><help:help-id value="SVX_CHECKBOX_RID_SVXDLG_SEARCH_BTN_LAYOUTS"/><help:switch select="Program"><help:case select="DRAW"></help:case><help:case select="IMPRESS"></help:case><help:default>Rechercher des styles</help:default></help:switch></text:p>
  <text:p text:style-name="Paragraph"><help:help-text value="visible">Recherche le style que vous spécifiez. Cochez cette case, puis sélectionnez un style dans la liste <text:span text:style-name="T1">Rechercher</text:span>. Pour spécifier un style de remplacement, sélectionnez un style dans la liste <text:span text:style-name="T1">Remplacer par</text:span>.</help:help-text></text:p>
  <help:embedded Id="65785" Eid="aehnlichkeit"></help:embedded>
  <text:p text:style-name="Head 3"><help:help-id value="SVX_CHECKBOX_RID_SVXDLG_SEARCH_CB_JAP_MATCH_FULL_HALF_WIDTH"/><help:to-be-embedded Eid="halbnormaltitel">Respecter la chasse (uniquement si le système supporte les langues asiatiques)</help:to-be-embedded></text:p>
  <text:p text:style-name="Paragraph"><help:to-be-embedded Eid="halbnormaltext"><help:help-text value="visible">Distingue les formes de caractères de demi et de pleine chasse.</help:help-text></help:to-be-embedded></text:p>
  <text:p text:style-name="Head 3"><help:help-id value="SVX_CHECKBOX_RID_SVXDLG_SEARCH_CB_JAP_SOUNDS_LIKE"/><help:to-be-embedded Eid="aehnlichtitel">Similarités japonaises (uniquement si le système supporte les langues asiatiques)</help:to-be-embedded></text:p>
  <text:p text:style-name="Paragraph"><help:to-be-embedded Eid="aehnlichtext"><help:help-text value="visible">Permet de spécifier les options de recherche pour des notations similaires utilisées dans un texte en japonais. Cochez cette case, puis cliquez sur le bouton <text:span text:style-name="T1">...</text:span> pour spécifier les options de recherche. </help:help-text></help:to-be-embedded></text:p>
  <text:p text:style-name="Paragraph"><help:help-id value="SVX_PUSHBUTTON_RID_SVXDLG_SEARCH_PB_JAP_OPTIONS"/><help:to-be-embedded Eid="aehnlichbutton"><help:help-text value="hide">Définit les options de recherche pour des notations similaires utilisées dans un texte en japonais.</help:help-text></help:to-be-embedded></text:p>
  <text:p text:style-name="Paragraph"><help:link Id="68108">Options de recherche pour le japonais</help:link></text:p>
  <text:p text:style-name="Head 2"><help:help-id value="SVX_PUSHBUTTON_RID_SVXDLG_SEARCH_BTN_SEARCH_ALL"/>Rechercher tout</text:p>
  <text:p text:style-name="Paragraph"><help:help-text value="visible">Recherche et sélectionne toutes les occurrences du texte ou du format que vous recherchez dans le document.</help:help-text></text:p>
  <text:p text:style-name="Head 2"><help:help-id value="SVX_PUSHBUTTON_RID_SVXDLG_SEARCH_BTN_SEARCH"/>Rechercher</text:p>
  <text:p text:style-name="Paragraph"><help:help-text value="visible">Recherche et sélectionne l&apos;occurrence suivante du texte ou du format que vous recherchez dans le document.</help:help-text></text:p>
  <text:p text:style-name="Head 2"><help:help-id value="SVX_PUSHBUTTON_RID_SVXDLG_SEARCH_BTN_REPLACE_ALL"/>Remplacer tout</text:p>
  <text:p text:style-name="Paragraph"><help:help-text value="visible">Remplace toutes les occurrences du texte ou du format à remplacer. <help:switch select="Program"><help:case select="IMPRESS">Répétez cette commande jusqu&apos;à ce que tous les remplacements aient été effectués dans la diapo.</help:case></help:switch></help:help-text></text:p>
  <text:p text:style-name="Head 2"><help:help-id value="SVX_PUSHBUTTON_RID_SVXDLG_SEARCH_BTN_REPLACE"/>Remplacer</text:p>
  <text:p text:style-name="Paragraph"><help:help-text value="visible">Remplace le texte ou le format sélectionné que vous recherchez, puis recherche l&apos;occurrence suivante.</help:help-text></text:p>
  <text:p text:style-name="Head 2"><help:switch select="Program"><help:case select="WRITER"><help:link Id="65769">Attributs...</help:link></help:case></help:switch></text:p>
  <help:switch select="Program"><help:case select="WRITER"><help:embedded Id="65769" Eid="attributetext"></help:embedded></help:case></help:switch>
  <text:p text:style-name="Head 2"><help:switch select="Program"><help:case select="WRITER"><help:link Id="65665">Format...</help:link></help:case></help:switch></text:p>
  <help:switch select="Program"><help:case select="WRITER"><help:embedded Id="65665" Eid="formattext"></help:embedded></help:case></help:switch>
  <text:p text:style-name="Head 2"><help:help-id value="SVX_PUSHBUTTON_RID_SVXDLG_SEARCH_BTN_NOFORMAT"/><help:switch select="Program"><help:case select="WRITER">Aucun attribut</help:case></help:switch></text:p>
  <text:p text:style-name="Paragraph"><help:switch select="Program"><help:case select="WRITER"><help:help-text value="visible">Cliquez dans la zone <text:span text:style-name="T1">Rechercher </text:span>ou <text:span text:style-name="T1">Remplacer par</text:span>, puis cliquez sur ce bouton pour supprimer les critères de recherche basés sur les formats.</help:help-text></help:case></help:switch></text:p>
  <help:switch select="Program"><help:case select="WRITER">
  <table:table table:name="Tabelle1" table:style-name="Tabelle1">
   <table:table-column table:style-name="Tabelle1.A"/>
   <table:table-column table:style-name="Tabelle1.B"/>
   <table:table-header-rows>
    <table:table-row>
     <table:table-cell table:value-type="string">
      <text:p text:style-name="Paragraph"><draw:image draw:name="Icône0" svg:desc="Icône Remarque" svg:pixelx="32" svg:pixely="32" svg:width="0.847cm" svg:height="0.847cm" xlink:href="65980" draw:filter-name=""/></text:p>

     </table:table-cell>
     <table:table-cell table:value-type="string">
      <text:p text:style-name="Paragraph">Les critères de recherche des attributs de formatage sont affichés sous la zone <text:span text:style-name="T1">Rechercher </text:span>ou <text:span text:style-name="T1">Remplacer par</text:span>.</text:p>
     </table:table-cell>
    </table:table-row>
   </table:table-header-rows>
  </table:table>
  </help:case></help:switch>
  <text:p text:style-name="Head 2"><help:help-id value="SVX_MOREBUTTON_RID_SVXDLG_SEARCH_BTN_MORE"/><help:switch select="Program"><help:case select="CALC">Options</help:case></help:switch></text:p>
  <text:p text:style-name="Paragraph"><help:help-text value="visible"><help:switch select="Program"><help:case select="CALC">Étend les options de recherche. Cliquez de nouveau sur ce bouton pour masquer les options de recherche étendue.</help:case></help:switch></help:help-text></text:p>
  <text:p text:style-name="Head 3"><help:switch select="Program"><help:case select="CALC">Où chercher ?</help:case></help:switch></text:p>
  <text:p text:style-name="Head 4"><help:help-id value="SVX_RADIOBUTTON_RID_SVXDLG_SEARCH_BTN_FORMULAS"/><help:switch select="Program"><help:case select="CALC">Formules</help:case></help:switch></text:p>
  <text:p text:style-name="Paragraph"><help:help-text value="visible"><help:switch select="Program"><help:case select="CALC">Recherche les caractères spécifiés dans les formules et dans les valeurs fixes (non calculées). Par exemple, vous pouvez chercher des formules contenant &quot;SOMME&quot;.</help:case></help:switch></help:help-text></text:p>
  <text:p text:style-name="Head 4"><help:help-id value="SVX_RADIOBUTTON_RID_SVXDLG_SEARCH_BTN_VALUES"/><help:switch select="Program"><help:case select="CALC">Valeurs</help:case></help:switch></text:p>
  <text:p text:style-name="Paragraph"><help:help-text value="visible"><help:switch select="Program"><help:case select="CALC">Recherche les caractères spécifiés dans les valeurs ainsi que dans le résultat des formules.</help:case></help:switch></help:help-text></text:p>
  <text:p text:style-name="Head 4"><help:help-id value="SVX_RADIOBUTTON_RID_SVXDLG_SEARCH_BTN_NOTES"/><help:switch select="Program"><help:case select="CALC">Notes</help:case></help:switch></text:p>
  <text:p text:style-name="Paragraph"><help:help-text value="visible"><help:switch select="Program"><help:case select="CALC">Recherche les caractères spécifiés dans les notes jointes aux cellules.</help:case></help:switch></help:help-text></text:p>
  <text:p text:style-name="Head 3"><help:switch select="Program"><help:case select="CALC">Sens</help:case></help:switch></text:p>
  <text:p text:style-name="Paragraph"><help:switch select="Program"><help:case select="CALC">Détermine l&apos;ordre de recherche dans les cellules.</help:case></help:switch></text:p>
  <text:p text:style-name="Head 4"><help:help-id value="SVX_RADIOBUTTON_RID_SVXDLG_SEARCH_BTN_ROWS"/><help:switch select="Program"><help:case select="CALC">Ligne par ligne</help:case></help:switch></text:p>
  <text:p text:style-name="Paragraph"><help:help-text value="visible"><help:switch select="Program"><help:case select="CALC">Recherche dans les lignes de gauche à droite.</help:case></help:switch></help:help-text></text:p>
  <text:p text:style-name="Head 4"><help:help-id value="SVX_RADIOBUTTON_RID_SVXDLG_SEARCH_BTN_COLUMNS"/><help:switch select="Program"><help:case select="CALC">Colonne par colonne</help:case></help:switch></text:p>
  <text:p text:style-name="Paragraph"><help:switch select="Program"><help:case select="CALC"><help:help-text value="visible">Recherche dans les colonnes de haut en bas.</help:help-text></help:case></help:switch></text:p>
  <text:p text:style-name="Head 2"><help:switch select="Program"><help:case select="CALC">Classeur multi-feuilles</help:case></help:switch></text:p>
  <text:p text:style-name="Head 3"><help:help-id value="SVX_CHECKBOX_RID_SVXDLG_SEARCH_CB_ALLTABLES"/><help:switch select="Program"><help:case select="CALC"><help:key-word value="Rechercher; Dans toutes les feuilles" tag="kw65852_5"/><help:key-word value="Chercher; Dans toutes les feuilles" tag="kw65852_4"/><help:key-word value="Feuilles; Rechercher dans toutes les feuilles" tag="kw65852_3"/>Rechercher dans toutes les feuilles</help:case></help:switch></text:p>
  <text:p text:style-name="Paragraph"><help:switch select="Program"><help:case select="CALC"><help:help-text value="visible">Effectue la recherche dans toutes les feuilles du classeur actif.</help:help-text></help:case></help:switch></text:p>
  <help:embedded Id="65630" Eid="schliessen"></help:embedded>
  <table:table table:name="Tabelle3" table:style-name="Tabelle3">
   <table:table-column table:style-name="Tabelle3.A"/>
   <table:table-column table:style-name="Tabelle3.B"/>
   <table:table-header-rows>
    <table:table-row table:style-name="Tabelle3.1">
     <table:table-cell table:style-name="Tabelle3.A1" table:value-type="string">
      <text:p text:style-name="Paragraph"><draw:image draw:name="Remarque1" svg:desc="Icône Astuce" svg:pixelx="32" svg:pixely="32" svg:width="0.847cm" svg:height="0.847cm" xlink:href="66732" draw:filter-name=""/></text:p>

     </table:table-cell>
     <table:table-cell table:style-name="Tabelle3.A1" table:value-type="string">
      <text:p text:style-name="Paragraph"><help:key-word value="Rechercher; Hors boîte de dialogue Rechercher &amp; remplacer" tag="kw65852_2"/>Après avoir fermé la boîte de dialogue<text:span text:style-name="T1">Rechercher &amp; remplacer</text:span>, vous pouvez encore effectuer une recherche à l&apos;aide des derniers critères de recherche employés. Pour cela, appuyez sur Maj+<help:switch select="System"><help:case select ="MAC">Commande</help:case><help:default>Ctrl</help:default></help:switch>+F.</text:p>
     </table:table-cell>
    </table:table-row>
   </table:table-header-rows>
  </table:table>
 </office:body>
</office:document>
