

<office:document  xmlns:office="http://openoffice.org/2000/office" xmlns:style="http://openoffice.org/2000/style" xmlns:text="http://openoffice.org/2000/text" xmlns:table="http://openoffice.org/2000/table" xmlns:draw="http://openoffice.org/2000/drawing" xmlns:fo="http://www.w3.org/1999/XSL/Format" xmlns:xlink="http://www.w3.org/1999/xlink" xmlns:number="http://openoffice.org/2000/datastyle" xmlns:svg="http://www.w3.org/2000/svg" xmlns:chart="http://openoffice.org/2000/chart" xmlns:dr3d="http://openoffice.org/2000/dr3d" xmlns:math="http://www.w3.org/1998/Math/MathML" xmlns:form="http://openoffice.org/2000/form" xmlns:script="http://openoffice.org/2000/script" office:class="text" office:version="1.0" xmlns:dc="http://purl.org/dc/elements/1.1/" xmlns:meta="http://openoffice.org/2000/meta" xmlns:help="http://openoffice.org/2000/help">
<office:meta>
  <dc:description>text/common/01/02180000</dc:description>
  <dc:subject>Édition de liens</dc:subject>

  <dc:language>fr-FR</dc:language>
  <meta:user-defined meta:name="Info 0">READY</meta:user-defined>
  <meta:user-defined meta:name="Info 1">FREE_OK</meta:user-defined>
  <meta:user-defined meta:name="Info 2"/>
  <meta:user-defined meta:name="Info 3"/>
</office:meta>
 <office:script/>
 <office:font-decls>
  <style:font-decl style:name="StarSymbol" fo:font-family="StarSymbol" style:font-charset="x-symbol"/>
  <style:font-decl style:name="Courier New" fo:font-family="&apos;Courier New&apos;" style:font-style-name="Standard" style:font-family-generic="modern" style:font-pitch="fixed"/>
  <style:font-decl style:name="Courier" fo:font-family="Courier" style:font-family-generic="roman" style:font-pitch="fixed"/>
  <style:font-decl style:name="Arial Unicode MS" fo:font-family="&apos;Arial Unicode MS&apos;" style:font-pitch="variable"/>
  <style:font-decl style:name="HG Mincho Light J" fo:font-family="&apos;HG Mincho Light J&apos;" style:font-pitch="variable"/>
  <style:font-decl style:name="Times New Roman3" fo:font-family="&apos;Times New Roman&apos;" style:font-pitch="variable"/>
  <style:font-decl style:name="Thorndale" fo:font-family="Thorndale" style:font-family-generic="roman" style:font-pitch="variable"/>
  <style:font-decl style:name="Times New Roman2" fo:font-family="&apos;Times New Roman&apos;" style:font-style-name="Fett" style:font-family-generic="roman" style:font-pitch="variable"/>
  <style:font-decl style:name="Times New Roman" fo:font-family="&apos;Times New Roman&apos;" style:font-style-name="Standard" style:font-family-generic="roman" style:font-pitch="variable"/>
  <style:font-decl style:name="Times New Roman1" fo:font-family="&apos;Times New Roman&apos;" style:font-family-generic="swiss" style:font-pitch="variable"/>
 </office:font-decls>
 <office:automatic-styles>
  <style:style style:name="Tabelle2" style:family="table">
   <style:properties style:width="18cm" table:align="margins"/>
  </style:style>
  <style:style style:name="Tabelle2.A" style:family="table-column">
   <style:properties style:column-width="1.499cm" style:rel-column-width="850*"/>
  </style:style>
  <style:style style:name="Tabelle2.B" style:family="table-column">
   <style:properties style:column-width="16.498cm" style:rel-column-width="9352*"/>
  </style:style>
  <style:style style:name="Tabelle2.1" style:family="table-row">
   <style:properties style:min-row-height="0.848cm"/>
  </style:style>
  <style:style style:name="Tabelle2.A1" style:family="table-cell">
   <style:properties fo:padding="0cm" fo:border="none"/>
  </style:style>
  <style:style style:name="P1" style:family="paragraph" style:parent-style-name="Paragraph" style:master-page-name="HTML">
   <style:properties style:page-number="0"/>
  </style:style>
  <style:style style:name="T1" style:family="text">
   <style:properties fo:font-weight="bold"/>
  </style:style>
  <style:style style:name="fr1" style:family="graphics" style:parent-style-name="Graphics">
   <style:properties fo:margin-left="0cm" fo:margin-right="0cm" fo:margin-top="0cm" fo:margin-bottom="0cm" style:run-through="foreground" style:wrap="run-through" style:vertical-pos="middle" style:vertical-rel="paragraph" style:horizontal-pos="left" style:horizontal-rel="paragraph" style:mirror="none" fo:clip="rect(0cm 0cm 0cm 0cm)" draw:luminance="0%" draw:contrast="0%" draw:red="0%" draw:green="0%" draw:blue="0%" draw:gamma="1" draw:color-inversion="false" draw:transparency="-100%" draw:color-mode="standard"/>
  </style:style>
 </office:automatic-styles>
 <office:body>
  <text:variable-decls>
   <text:variable-decl text:value-type="string" text:name="HTML_ON"/>
   <text:variable-decl text:value-type="string" text:name="HTML_OFF"/>
   <text:variable-decl text:value-type="string" text:name="TITEL"/>
   <text:variable-decl text:value-type="string" text:name="END"/>
   <text:variable-decl text:value-type="string" text:name="NAME"/>
   <text:variable-decl text:value-type="string" text:name="HREF"/>
   <text:variable-decl text:value-type="string" text:name="HelpID"/>
   <text:variable-decl text:value-type="string" text:name="MODIFY"/>
   <text:variable-decl text:value-type="string" text:name="REFNR"/>
   <text:variable-decl text:value-type="string" text:name="KEY"/>
   <text:variable-decl text:value-type="string" text:name="INDEX"/>
   <text:variable-decl text:value-type="string" text:name="AKTHLP"/>
   <text:variable-decl text:value-type="string" text:name="HFELD"/>
   <text:variable-decl text:value-type="string" text:name="STYLE"/>
  </text:variable-decls>
  <text:sequence-decls>
   <text:sequence-decl text:display-outline-level="0" text:name="Illustration"/>
   <text:sequence-decl text:display-outline-level="0" text:name="Table"/>
   <text:sequence-decl text:display-outline-level="0" text:name="Text"/>
   <text:sequence-decl text:display-outline-level="0" text:name="Drawing"/>
  </text:sequence-decls>
  <text:p text:style-name="P1"/>
  <text:p text:style-name="Head 1"><help:help-id value="SO3_MODALDIALOG_MD_UPDATE_BASELINKS"/><help:help-id value="FN_EDIT_LINK_DLG"/><help:help-id value="SID_LINKS"/><help:help-id value="SID_MANAGE_LINKS"/>Édition de liens</text:p>
  <text:p text:style-name="Paragraph"><help:to-be-embedded Eid="verknuepfungentext"><help:help-text value="visible">Permet d&apos;éditer les propriétés de chaque lien dans le document actif, y compris le chemin d&apos;accès du fichier source. Cette commande n&apos;est pas disponible si le document actif ne comporte aucun lien vers d&apos;autres fichiers.</help:help-text></help:to-be-embedded></text:p>
  <help:popup Id="65620" Eid="link"><help:embedded Id="65598" Eid="wie"></help:embedded></help:popup>
  <text:p text:style-name="Paragraph">Le chemin d&apos;origine et le nom de fichier d&apos;un <help:popup Id="65619" Eid="verknuepfung">lien</help:popup> sont conservés même lorsque le fichier lié est déplacé dans un autre répertoire. Si vous replacez le fichier lié dans son répertoire d&apos;origine, vous pouvez à nouveau l&apos;utiliser dans le document.</text:p>
  <table:table table:name="Tabelle2" table:style-name="Tabelle2">
   <table:table-column table:style-name="Tabelle2.A"/>
   <table:table-column table:style-name="Tabelle2.B"/>
   <table:table-header-rows>
    <table:table-row table:style-name="Tabelle2.1">
     <table:table-cell table:style-name="Tabelle2.A1" table:value-type="string">
      <text:p text:style-name="Paragraph"><draw:image draw:name="Image0" svg:desc="Aucune description" svg:pixelx="32" svg:pixely="32" svg:width="0.847cm" svg:height="0.847cm" xlink:href="65980" draw:filter-name=""/></text:p>

     </table:table-cell>
     <table:table-cell table:style-name="Tabelle2.A1" table:value-type="string">
      <text:p text:style-name="Paragraph"><help:key-word value="Ouverture; Par un lien" tag="kw65787_1"/><help:key-word value="Liens; Actualisation à l&apos;ouverture" tag="kw65787_4"/><help:key-word value="Actualisation; Des liens à l&apos;ouverture" tag="kw65787_3"/><help:key-word value="Liens; À l&apos;ouverture" tag="kw65787_2"/>Lorsque vous ouvrez un fichier qui contient des liens, vous êtes invité à actualiser ces derniers. Selon l&apos;emplacement où les fichiers liés sont enregistrés, l&apos;actualisation peut prendre plusieurs minutes.</text:p>
      <text:p text:style-name="Paragraph">Si vous chargez un fichier contenant des liens DDE, un message vous demande si vous voulez actualiser les liens. Refusez si vous ne souhaitez pas établir de connexion avec le serveur DDE.</text:p>
     </table:table-cell>
    </table:table-row>
   </table:table-header-rows>
  </table:table>
  <text:p text:style-name="Head 2">Fichier source</text:p>
  <text:p text:style-name="Paragraph">Indique le chemin du fichier source.</text:p>
  <text:p text:style-name="Head 2">Élément</text:p>
  <text:p text:style-name="Paragraph">Indique l&apos;application (si elle est connue) dans laquelle le fichier source a été enregistré la dernière fois.</text:p>
  <text:p text:style-name="Head 2">Type</text:p>
  <text:p text:style-name="Paragraph">Indique le type de fichier (graphique, par exemple) du fichier source.</text:p>
  <text:p text:style-name="Head 2">Statut</text:p>
  <text:p text:style-name="Paragraph">Apporte des informations supplémentaires sur le fichier source.</text:p>
  <text:p text:style-name="Head 2"><help:help-id value="SO3_RADIOBUTTON_MD_UPDATE_BASELINKS_RB_AUTOMATIC"/>Automatique</text:p>
  <text:p text:style-name="Paragraph"><help:help-text value="visible">Actualise automatiquement le contenu du lien à l&apos;ouverture du fichier. Toute modification apportée dans le fichier source est alors répercutée et affichée dans le fichier comportant le lien. Les fichiers graphiques liés ne peuvent être actualisés que manuellement.</help:help-text> Cette option n&apos;est pas disponible pour les fichiers graphiques liés.</text:p>
  <text:p text:style-name="Paragraph"><help:switch select="Program"><help:case select="CALC">L&apos;option <text:span text:style-name="T1">Automatique</text:span> n&apos;est disponible que pour les liens DDE. Pour insérer un lien DDE, copiez le contenu d&apos;un fichier et collez-le en choisissant <text:span text:style-name="T1">Édition - Collage spécial</text:span>, puis en cochant la case <text:span text:style-name="T1">Lier</text:span>. DDE étant un système de liaison de type texte, seules les décimales affichées sont copiées dans la feuille cible.</help:case></help:switch></text:p>
  <text:p text:style-name="Head 2"><help:help-id value="SO3_RADIOBUTTON_MD_UPDATE_BASELINKS_RB_MANUAL"/>Manuelle</text:p>
  <text:p text:style-name="Paragraph"><help:help-text value="visible">Actualise le lien uniquement lorsque vous cliquez sur le bouton <text:span text:style-name="T1">Actualiser</text:span>.</help:help-text></text:p>
  <text:p text:style-name="Head 2"><help:help-id value="SO3_PUSHBUTTON_MD_UPDATE_BASELINKS_PB_UPDATE_NOW"/>Actualiser</text:p>
  <text:p text:style-name="Paragraph"><help:help-text value="visible">Actualise le lien sélectionné afin que la dernière version enregistrée du fichier lié soit affichée dans le document actif.</help:help-text></text:p>
  <text:p text:style-name="Head 2"><help:help-id value="SO3_PUSHBUTTON_MD_UPDATE_BASELINKS_PB_CHANGE_SOURCE"/>Modifier</text:p>
  <text:p text:style-name="Paragraph"><help:help-text value="visible">Changez le fichier source du lien sélectionné.</help:help-text></text:p>
  <text:p text:style-name="Head 2"><help:help-id value="SO3_PUSHBUTTON_MD_UPDATE_BASELINKS_PB_BREAK_LINK"/>Déconnecter</text:p>
  <text:p text:style-name="Paragraph"><help:help-text value="visible">Supprime le lien entre le fichier source et le document actif. Le dernier contenu actualisé du fichier source est conservé dans le document actif.</help:help-text></text:p>
 </office:body>
</office:document>
