

<office:document  xmlns:office="http://openoffice.org/2000/office" xmlns:style="http://openoffice.org/2000/style" xmlns:text="http://openoffice.org/2000/text" xmlns:table="http://openoffice.org/2000/table" xmlns:draw="http://openoffice.org/2000/drawing" xmlns:fo="http://www.w3.org/1999/XSL/Format" xmlns:xlink="http://www.w3.org/1999/xlink" xmlns:number="http://openoffice.org/2000/datastyle" xmlns:svg="http://www.w3.org/2000/svg" xmlns:chart="http://openoffice.org/2000/chart" xmlns:dr3d="http://openoffice.org/2000/dr3d" xmlns:math="http://www.w3.org/1998/Math/MathML" xmlns:form="http://openoffice.org/2000/form" xmlns:script="http://openoffice.org/2000/script" office:class="text" office:version="1.0" xmlns:dc="http://purl.org/dc/elements/1.1/" xmlns:meta="http://openoffice.org/2000/meta" xmlns:help="http://openoffice.org/2000/help">
<office:meta>
  <dc:description>text/common/01/02230200</dc:description>
  <dc:subject>Afficher les modifications</dc:subject>

  <dc:language>fr-FR</dc:language>
  <meta:user-defined meta:name="Info 0">READY</meta:user-defined>
  <meta:user-defined meta:name="Info 1">FREE_OK</meta:user-defined>
  <meta:user-defined meta:name="Info 2"/>
  <meta:user-defined meta:name="Info 3"/>
</office:meta>
 <office:script/>
 <office:font-decls>
  <style:font-decl style:name="StarSymbol" fo:font-family="StarSymbol" style:font-charset="x-symbol"/>
  <style:font-decl style:name="Courier New" fo:font-family="&apos;Courier New&apos;" style:font-style-name="Standard" style:font-family-generic="modern" style:font-pitch="fixed"/>
  <style:font-decl style:name="Courier" fo:font-family="Courier" style:font-family-generic="roman" style:font-pitch="fixed"/>
  <style:font-decl style:name="Arial Unicode MS" fo:font-family="&apos;Arial Unicode MS&apos;" style:font-pitch="variable"/>
  <style:font-decl style:name="HG Mincho Light J" fo:font-family="&apos;HG Mincho Light J&apos;" style:font-pitch="variable"/>
  <style:font-decl style:name="Times New Roman3" fo:font-family="&apos;Times New Roman&apos;" style:font-pitch="variable"/>
  <style:font-decl style:name="Thorndale" fo:font-family="Thorndale" style:font-family-generic="roman" style:font-pitch="variable"/>
  <style:font-decl style:name="Times New Roman2" fo:font-family="&apos;Times New Roman&apos;" style:font-style-name="Fett" style:font-family-generic="roman" style:font-pitch="variable"/>
  <style:font-decl style:name="Times New Roman" fo:font-family="&apos;Times New Roman&apos;" style:font-style-name="Standard" style:font-family-generic="roman" style:font-pitch="variable"/>
  <style:font-decl style:name="Times New Roman1" fo:font-family="&apos;Times New Roman&apos;" style:font-family-generic="swiss" style:font-pitch="variable"/>
 </office:font-decls>
 <office:automatic-styles>
  <style:style style:name="P1" style:family="paragraph" style:parent-style-name="Paragraph" style:master-page-name="HTML">
   <style:properties style:page-number="0"/>
  </style:style>
  <style:style style:name="T1" style:family="text">
   <style:properties fo:font-weight="bold"/>
  </style:style>
 </office:automatic-styles>
 <office:body>
  <text:variable-decls>
   <text:variable-decl text:value-type="string" text:name="HTML_ON"/>
   <text:variable-decl text:value-type="string" text:name="HTML_OFF"/>
   <text:variable-decl text:value-type="string" text:name="TITEL"/>
   <text:variable-decl text:value-type="string" text:name="END"/>
   <text:variable-decl text:value-type="string" text:name="HREF"/>
   <text:variable-decl text:value-type="string" text:name="MAC"/>
   <text:variable-decl text:value-type="string" text:name="ELSE"/>
   <text:variable-decl text:value-type="string" text:name="NAME"/>
   <text:variable-decl text:value-type="string" text:name="MODIFY"/>
   <text:variable-decl text:value-type="string" text:name="REFNR"/>
   <text:variable-decl text:value-type="string" text:name="HelpID"/>
   <text:variable-decl text:value-type="string" text:name="HFELD"/>
   <text:variable-decl text:value-type="string" text:name="WIN"/>
   <text:variable-decl text:value-type="string" text:name="AKTHLP"/>
   <text:variable-decl text:value-type="string" text:name="INDEX"/>
   <text:variable-decl text:value-type="string" text:name="STYLE"/>
  </text:variable-decls>
  <text:sequence-decls>
   <text:sequence-decl text:display-outline-level="0" text:name="Illustration"/>
   <text:sequence-decl text:display-outline-level="0" text:name="Table"/>
   <text:sequence-decl text:display-outline-level="0" text:name="Text"/>
   <text:sequence-decl text:display-outline-level="0" text:name="Drawing"/>
  </text:sequence-decls>
  <text:p text:style-name="P1"/>
  <text:p text:style-name="Head 1"><help:help-id value="FN_REDLINE_SHOW"/><help:help-id value="FID_CHG_SHOW"/><a name="anzeigen"/><help:key-word value="Modifications; Affichage" tag="kw65704_1"/><help:link Id="65704">Afficher les modifications</help:link></text:p>
  <text:p text:style-name="Paragraph"><help:to-be-embedded Eid="text"><help:help-text value="visible">Affiche ou masque les modifications enregistrées.</help:help-text></help:to-be-embedded></text:p>
  <help:popup Id="65620" Eid="anzeigen"><help:embedded Id="65598" Eid="wie"></help:embedded></help:popup>
  <text:p text:style-name="Paragraph">Vous pouvez modifier les propriétés d&apos;affichage des éléments de marquage en choisissant <help:switch select="Program"><help:case select="WRITER"><help:link Id="66244"><text:span text:style-name="T1">Outils - Options - Texte - Modifications</text:span></help:link>.</help:case></help:switch><help:switch select="Program"><help:case select="CALC"><help:link Id="66244"><text:span text:style-name="T1">Outils - Options - Classeur - Modifications</text:span></help:link>.</help:case></help:switch></text:p>
  <text:p text:style-name="Paragraph">Lorsque vous laissez le pointeur de la souris immobile sur une indication de modification dans le document, une <text:span text:style-name="T1">infobulle</text:span> affiche l&apos;auteur ainsi que la date et l&apos;heure de la modification.<help:switch select="Program"><help:case select="CALC"> Si les <text:span text:style-name="T1">infoballons</text:span> sont activés, le type de la modification et tous les commentaires associés s&apos;affichent également.</help:case></help:switch></text:p>
  <text:p text:style-name="Head 2"><help:help-id value="SC_CHECKBOX_RID_SCDLG_HIGHLIGHT_CHANGES_CB_HIGHLIGHT"/><help:switch select="Program"><help:case select="CALC">Afficher les modifications dans la feuille de calcul</help:case></help:switch></text:p>
  <text:p text:style-name="Paragraph"><help:switch select="Program"><help:case select="CALC"><help:help-text value="visible">Affiche ou masque les modifications enregistrées.</help:help-text></help:case></help:switch></text:p>
  <help:switch select="Program"><help:case select="CALC"><help:embedded Id="65717" Eid="calc"></help:embedded></help:case></help:switch>
  <text:p text:style-name="Head 2"><help:help-id value="SC_CHECKBOX_RID_SCDLG_HIGHLIGHT_CHANGES_CB_HIGHLIGHT_ACCEPT"/><help:switch select="Program"><help:case select="CALC">Afficher les modifications acceptées</help:case></help:switch></text:p>
  <text:p text:style-name="Paragraph"><help:switch select="Program"><help:case select="CALC"><help:help-text value="visible">Affiche ou masque les modifications qui ont été acceptées.</help:help-text></help:case></help:switch></text:p>
  <text:p text:style-name="Head 2"><help:help-id value="SC_CHECKBOX_RID_SCDLG_HIGHLIGHT_CHANGES_CB_HIGHLIGHT_REJECT"/><help:switch select="Program"><help:case select="CALC">Afficher les modifications refusées</help:case></help:switch></text:p>
  <text:p text:style-name="ParaList"><help:switch select="Program"><help:case select="CALC"><help:help-text value="visible">Affiche ou masque les modifications qui ont été rejetées.</help:help-text></help:case></help:switch><help:embedded Id="65598" Eid="related"></help:embedded></text:p>
  <help:switch select="Program"><help:case select="WRITER">
  <text:p text:style-name="ParaList"><help:embedded Id="65598" Eid="related"></help:embedded></text:p>
  <text:p text:style-name="ParaList"><help:link Id="65657"></help:link></text:p>
  </help:case></help:switch>
 </office:body>
</office:document>
