

<office:document  xmlns:office="http://openoffice.org/2000/office" xmlns:style="http://openoffice.org/2000/style" xmlns:text="http://openoffice.org/2000/text" xmlns:table="http://openoffice.org/2000/table" xmlns:draw="http://openoffice.org/2000/drawing" xmlns:fo="http://www.w3.org/1999/XSL/Format" xmlns:xlink="http://www.w3.org/1999/xlink" xmlns:number="http://openoffice.org/2000/datastyle" xmlns:svg="http://www.w3.org/2000/svg" xmlns:chart="http://openoffice.org/2000/chart" xmlns:dr3d="http://openoffice.org/2000/dr3d" xmlns:math="http://www.w3.org/1998/Math/MathML" xmlns:form="http://openoffice.org/2000/form" xmlns:script="http://openoffice.org/2000/script" office:class="text" office:version="1.0" xmlns:dc="http://purl.org/dc/elements/1.1/" xmlns:meta="http://openoffice.org/2000/meta" xmlns:help="http://openoffice.org/2000/help">
<office:meta>
  <dc:description>text/common/01/05020301</dc:description>
  <dc:subject>Descriptions de format numérique</dc:subject>
  <meta:keywords>
   <meta:keyword>$Version</meta:keyword>
  </meta:keywords>
  <dc:language>fr-FR</dc:language>
  <meta:user-defined meta:name="Info 0">READY</meta:user-defined>
  <meta:user-defined meta:name="Info 1">FREE_OK</meta:user-defined>
  <meta:user-defined meta:name="Info 2"/>
  <meta:user-defined meta:name="Info 3"/>
</office:meta>
 <office:script/>
 <office:font-decls>
  <style:font-decl style:name="StarSymbol" fo:font-family="StarSymbol" style:font-charset="x-symbol"/>
  <style:font-decl style:name="Courier New" fo:font-family="&apos;Courier New&apos;" style:font-style-name="Standard" style:font-family-generic="modern" style:font-pitch="fixed"/>
  <style:font-decl style:name="Times New Roman3" fo:font-family="&apos;Times New Roman&apos;" style:font-family-generic="roman" style:font-pitch="fixed"/>
  <style:font-decl style:name="Arial Unicode MS" fo:font-family="&apos;Arial Unicode MS&apos;" style:font-pitch="variable"/>
  <style:font-decl style:name="Courier New1" fo:font-family="&apos;Courier New&apos;" style:font-pitch="variable"/>
  <style:font-decl style:name="HG Mincho Light J" fo:font-family="&apos;HG Mincho Light J&apos;" style:font-pitch="variable"/>
  <style:font-decl style:name="Times New Roman4" fo:font-family="&apos;Times New Roman&apos;" style:font-pitch="variable"/>
  <style:font-decl style:name="Thorndale" fo:font-family="Thorndale" style:font-family-generic="roman" style:font-pitch="variable"/>
  <style:font-decl style:name="Times New Roman2" fo:font-family="&apos;Times New Roman&apos;" style:font-style-name="Fett" style:font-family-generic="roman" style:font-pitch="variable"/>
  <style:font-decl style:name="Times New Roman" fo:font-family="&apos;Times New Roman&apos;" style:font-style-name="Standard" style:font-family-generic="roman" style:font-pitch="variable"/>
  <style:font-decl style:name="Times New Roman1" fo:font-family="&apos;Times New Roman&apos;" style:font-family-generic="swiss" style:font-pitch="variable"/>
 </office:font-decls>
 <office:automatic-styles>
  <style:style style:name="Tabelle6" style:family="table">
   <style:properties style:width="17.995cm" fo:margin-left="0cm" fo:margin-right="0.005cm" table:align="margins"/>
  </style:style>
  <style:style style:name="Tabelle6.A" style:family="table-column">
   <style:properties style:column-width="3.316cm" style:rel-column-width="1880*"/>
  </style:style>
  <style:style style:name="Tabelle6.B" style:family="table-column">
   <style:properties style:column-width="14.676cm" style:rel-column-width="8319*"/>
  </style:style>
  <style:style style:name="Tabelle1" style:family="table">
   <style:properties style:width="18cm" table:align="margins"/>
  </style:style>
  <style:style style:name="Tabelle1.A" style:family="table-column">
   <style:properties style:column-width="8.999cm" style:rel-column-width="32767*"/>
  </style:style>
  <style:style style:name="Tabelle2" style:family="table">
   <style:properties style:width="18cm" table:align="margins"/>
  </style:style>
  <style:style style:name="Tabelle2.A" style:family="table-column">
   <style:properties style:column-width="8.999cm" style:rel-column-width="32767*"/>
  </style:style>
  <style:style style:name="Tabelle3" style:family="table">
   <style:properties style:width="18cm" table:align="margins"/>
  </style:style>
  <style:style style:name="Tabelle3.A" style:family="table-column">
   <style:properties style:column-width="8.999cm" style:rel-column-width="32767*"/>
  </style:style>
  <style:style style:name="Tabelle3.A1" style:family="table-cell">
   <style:properties fo:padding="0cm" fo:border="none"/>
  </style:style>
  <style:style style:name="Tabelle4" style:family="table">
   <style:properties style:width="18cm" table:align="margins"/>
  </style:style>
  <style:style style:name="Tabelle4.A" style:family="table-column">
   <style:properties style:column-width="8.999cm" style:rel-column-width="32767*"/>
  </style:style>
  <style:style style:name="Tabelle4.A1" style:family="table-cell">
   <style:properties fo:padding="0cm" fo:border="none"/>
  </style:style>
  <style:style style:name="Tabelle5" style:family="table">
   <style:properties style:width="17.999cm" table:align="margins"/>
  </style:style>
  <style:style style:name="Tabelle5.A" style:family="table-column">
   <style:properties style:column-width="4.152cm" style:rel-column-width="2354*"/>
  </style:style>
  <style:style style:name="Tabelle5.B" style:family="table-column">
   <style:properties style:column-width="13.847cm" style:rel-column-width="7850*"/>
  </style:style>
  <style:style style:name="Tabelle5.A1" style:family="table-cell">
   <style:properties fo:padding="0cm" fo:border="none"/>
  </style:style>
  <style:style style:name="Tabelle7" style:family="table">
   <style:properties style:width="17.995cm" fo:margin-left="0cm" fo:margin-right="0.005cm" table:align="margins"/>
  </style:style>
  <style:style style:name="Tabelle7.A" style:family="table-column">
   <style:properties style:column-width="8.326cm" style:rel-column-width="4720*"/>
  </style:style>
  <style:style style:name="Tabelle7.B" style:family="table-column">
   <style:properties style:column-width="9.668cm" style:rel-column-width="5480*"/>
  </style:style>
  <style:style style:name="Tabelle7.A1" style:family="table-cell">
   <style:properties fo:padding="0.049cm" fo:border-left="0.002cm solid #000000" fo:border-right="none" fo:border-top="0.002cm solid #000000" fo:border-bottom="0.002cm solid #000000"/>
  </style:style>
  <style:style style:name="Tabelle7.B1" style:family="table-cell">
   <style:properties fo:padding="0.049cm" fo:border="0.002cm solid #000000"/>
  </style:style>
  <style:style style:name="Tabelle7.A2" style:family="table-cell">
   <style:properties fo:padding="0.049cm" fo:border-left="0.002cm solid #000000" fo:border-right="none" fo:border-top="none" fo:border-bottom="0.002cm solid #000000"/>
  </style:style>
  <style:style style:name="Tabelle7.B2" style:family="table-cell">
   <style:properties fo:padding="0.049cm" fo:border-left="0.002cm solid #000000" fo:border-right="0.002cm solid #000000" fo:border-top="none" fo:border-bottom="0.002cm solid #000000"/>
  </style:style>
  <style:style style:name="Tabelle8" style:family="table">
   <style:properties style:width="18cm" table:align="margins"/>
  </style:style>
  <style:style style:name="Tabelle8.A" style:family="table-column">
   <style:properties style:column-width="1.499cm" style:rel-column-width="5460*"/>
  </style:style>
  <style:style style:name="Tabelle8.B" style:family="table-column">
   <style:properties style:column-width="16.499cm" style:rel-column-width="60055*"/>
  </style:style>
  <style:style style:name="Tabelle9" style:family="table">
   <style:properties style:width="18cm" table:align="margins"/>
  </style:style>
  <style:style style:name="Tabelle9.A" style:family="table-column">
   <style:properties style:column-width="8.999cm" style:rel-column-width="32767*"/>
  </style:style>
  <style:style style:name="Tabelle10" style:family="table">
   <style:properties style:width="18cm" table:align="margins"/>
  </style:style>
  <style:style style:name="Tabelle10.A" style:family="table-column">
   <style:properties style:column-width="1.499cm" style:rel-column-width="850*"/>
  </style:style>
  <style:style style:name="Tabelle10.B" style:family="table-column">
   <style:properties style:column-width="16.498cm" style:rel-column-width="9352*"/>
  </style:style>
  <style:style style:name="Tabelle10.1" style:family="table-row">
   <style:properties style:min-row-height="0.848cm"/>
  </style:style>
  <style:style style:name="Tabelle10.A1" style:family="table-cell">
   <style:properties fo:padding="0cm" fo:border="none"/>
  </style:style>
  <style:style style:name="P1" style:family="paragraph" style:parent-style-name="Paragraph" style:master-page-name="HTML">
   <style:properties style:page-number="0"/>
  </style:style>
  <style:style style:name="P2" style:family="paragraph" style:parent-style-name="Paragraph" style:list-style-name="L1"/>
  <style:style style:name="P3" style:family="paragraph" style:parent-style-name="Paragraph" style:list-style-name="L2"/>
  <style:style style:name="T1" style:family="text">
   <style:properties fo:font-weight="bold"/>
  </style:style>
  <style:style style:name="fr1" style:family="graphics" style:parent-style-name="Graphics">
   <style:properties style:run-through="foreground" style:wrap="run-through" style:vertical-pos="top" style:vertical-rel="paragraph" style:horizontal-pos="left" style:horizontal-rel="paragraph" style:mirror="none" fo:clip="rect(0cm 0cm 0cm 0cm)" draw:luminance="0%" draw:contrast="0%" draw:red="0%" draw:green="0%" draw:blue="0%" draw:gamma="1" draw:color-inversion="false" draw:transparency="-100%" draw:color-mode="standard"/>
  </style:style>
  <style:style style:name="fr2" style:family="graphics" style:parent-style-name="Graphics">
   <style:properties style:run-through="foreground" style:wrap="run-through" style:vertical-pos="middle" style:vertical-rel="paragraph" style:horizontal-pos="left" style:horizontal-rel="paragraph" style:mirror="none" fo:clip="rect(0cm 0cm 0cm 0cm)" draw:luminance="0%" draw:contrast="0%" draw:red="0%" draw:green="0%" draw:blue="0%" draw:gamma="1" draw:color-inversion="false" draw:transparency="-100%" draw:color-mode="standard"/>
  </style:style>
  <text:list-style style:name="L1">
   <text:list-level-style-bullet text:level="1" text:style-name="Bullet Symbols" style:num-suffix="." text:bullet-char="•">
    <style:properties text:min-label-width="0.499cm" style:font-name="StarSymbol"/>
   </text:list-level-style-bullet>
   <text:list-level-style-bullet text:level="2" text:style-name="Bullet Symbols" style:num-suffix="." text:bullet-char="•">
    <style:properties text:space-before="0.499cm" text:min-label-width="0.499cm" style:font-name="StarSymbol"/>
   </text:list-level-style-bullet>
   <text:list-level-style-bullet text:level="3" text:style-name="Bullet Symbols" style:num-suffix="." text:bullet-char="•">
    <style:properties text:space-before="0.999cm" text:min-label-width="0.499cm" style:font-name="StarSymbol"/>
   </text:list-level-style-bullet>
   <text:list-level-style-bullet text:level="4" text:style-name="Bullet Symbols" style:num-suffix="." text:bullet-char="•">
    <style:properties text:space-before="1.498cm" text:min-label-width="0.499cm" style:font-name="StarSymbol"/>
   </text:list-level-style-bullet>
   <text:list-level-style-bullet text:level="5" text:style-name="Bullet Symbols" style:num-suffix="." text:bullet-char="•">
    <style:properties text:space-before="1.997cm" text:min-label-width="0.499cm" style:font-name="StarSymbol"/>
   </text:list-level-style-bullet>
   <text:list-level-style-bullet text:level="6" text:style-name="Bullet Symbols" style:num-suffix="." text:bullet-char="•">
    <style:properties text:space-before="2.496cm" text:min-label-width="0.499cm" style:font-name="StarSymbol"/>
   </text:list-level-style-bullet>
   <text:list-level-style-bullet text:level="7" text:style-name="Bullet Symbols" style:num-suffix="." text:bullet-char="•">
    <style:properties text:space-before="2.995cm" text:min-label-width="0.499cm" style:font-name="StarSymbol"/>
   </text:list-level-style-bullet>
   <text:list-level-style-bullet text:level="8" text:style-name="Bullet Symbols" style:num-suffix="." text:bullet-char="•">
    <style:properties text:space-before="3.494cm" text:min-label-width="0.499cm" style:font-name="StarSymbol"/>
   </text:list-level-style-bullet>
   <text:list-level-style-bullet text:level="9" text:style-name="Bullet Symbols" style:num-suffix="." text:bullet-char="•">
    <style:properties text:space-before="3.994cm" text:min-label-width="0.499cm" style:font-name="StarSymbol"/>
   </text:list-level-style-bullet>
   <text:list-level-style-bullet text:level="10" text:style-name="Bullet Symbols" style:num-suffix="." text:bullet-char="•">
    <style:properties text:space-before="4.493cm" text:min-label-width="0.499cm" style:font-name="StarSymbol"/>
   </text:list-level-style-bullet>
  </text:list-style>
  <text:list-style style:name="L2">
   <text:list-level-style-bullet text:level="1" text:style-name="Bullet Symbols" style:num-suffix="." text:bullet-char="•">
    <style:properties text:min-label-width="0.499cm" style:font-name="StarSymbol"/>
   </text:list-level-style-bullet>
   <text:list-level-style-bullet text:level="2" text:style-name="Bullet Symbols" style:num-suffix="." text:bullet-char="•">
    <style:properties text:space-before="0.499cm" text:min-label-width="0.499cm" style:font-name="StarSymbol"/>
   </text:list-level-style-bullet>
   <text:list-level-style-bullet text:level="3" text:style-name="Bullet Symbols" style:num-suffix="." text:bullet-char="•">
    <style:properties text:space-before="0.999cm" text:min-label-width="0.499cm" style:font-name="StarSymbol"/>
   </text:list-level-style-bullet>
   <text:list-level-style-bullet text:level="4" text:style-name="Bullet Symbols" style:num-suffix="." text:bullet-char="•">
    <style:properties text:space-before="1.498cm" text:min-label-width="0.499cm" style:font-name="StarSymbol"/>
   </text:list-level-style-bullet>
   <text:list-level-style-bullet text:level="5" text:style-name="Bullet Symbols" style:num-suffix="." text:bullet-char="•">
    <style:properties text:space-before="1.997cm" text:min-label-width="0.499cm" style:font-name="StarSymbol"/>
   </text:list-level-style-bullet>
   <text:list-level-style-bullet text:level="6" text:style-name="Bullet Symbols" style:num-suffix="." text:bullet-char="•">
    <style:properties text:space-before="2.496cm" text:min-label-width="0.499cm" style:font-name="StarSymbol"/>
   </text:list-level-style-bullet>
   <text:list-level-style-bullet text:level="7" text:style-name="Bullet Symbols" style:num-suffix="." text:bullet-char="•">
    <style:properties text:space-before="2.995cm" text:min-label-width="0.499cm" style:font-name="StarSymbol"/>
   </text:list-level-style-bullet>
   <text:list-level-style-bullet text:level="8" text:style-name="Bullet Symbols" style:num-suffix="." text:bullet-char="•">
    <style:properties text:space-before="3.494cm" text:min-label-width="0.499cm" style:font-name="StarSymbol"/>
   </text:list-level-style-bullet>
   <text:list-level-style-bullet text:level="9" text:style-name="Bullet Symbols" style:num-suffix="." text:bullet-char="•">
    <style:properties text:space-before="3.994cm" text:min-label-width="0.499cm" style:font-name="StarSymbol"/>
   </text:list-level-style-bullet>
   <text:list-level-style-bullet text:level="10" text:style-name="Bullet Symbols" style:num-suffix="." text:bullet-char="•">
    <style:properties text:space-before="4.493cm" text:min-label-width="0.499cm" style:font-name="StarSymbol"/>
   </text:list-level-style-bullet>
  </text:list-style>
 </office:automatic-styles>
 <office:body>
  <text:variable-decls>
   <text:variable-decl text:value-type="string" text:name="HTML_ON"/>
   <text:variable-decl text:value-type="string" text:name="HTML_OFF"/>
   <text:variable-decl text:value-type="string" text:name="HREF"/>
   <text:variable-decl text:value-type="string" text:name="END"/>
   <text:variable-decl text:value-type="string" text:name="TITEL"/>
   <text:variable-decl text:value-type="string" text:name="OS2"/>
   <text:variable-decl text:value-type="string" text:name="MAC"/>
   <text:variable-decl text:value-type="string" text:name="ELSE"/>
   <text:variable-decl text:value-type="string" text:name="NAME"/>
   <text:variable-decl text:value-type="string" text:name="MODIFY"/>
   <text:variable-decl text:value-type="string" text:name="REFNR"/>
   <text:variable-decl text:value-type="string" text:name="HFELD"/>
   <text:variable-decl text:value-type="string" text:name="HelpID"/>
   <text:variable-decl text:value-type="string" text:name="KEY"/>
   <text:variable-decl text:value-type="string" text:name="INDEX"/>
   <text:variable-decl text:value-type="string" text:name="STYLE"/>
  </text:variable-decls>
  <text:sequence-decls>
   <text:sequence-decl text:display-outline-level="0" text:name="Illustration"/>
   <text:sequence-decl text:display-outline-level="0" text:name="Table"/>
   <text:sequence-decl text:display-outline-level="0" text:name="Text"/>
   <text:sequence-decl text:display-outline-level="0" text:name="Drawing"/>
  </text:sequence-decls>
  <text:p text:style-name="P1"/>
  <text:p text:style-name="Head 1"><help:key-word value="Nombres; Descriptions de format" tag="kw65744_1"/><help:key-word value="Descriptions de format; Nombres" tag="kw65744_18"/><help:key-word value="Descriptions; Description de format numérique" tag="kw65744_17"/><help:key-word value="Conditions; Dans les formats numériques" tag="kw65744_16"/><help:key-word value="Descriptions de format numérique; Résumé" tag="kw65744_15"/><help:to-be-embedded Eid="zahlenformatcodes"><help:link Id="65744">Descriptions de format numérique</help:link></help:to-be-embedded></text:p>
  <text:p text:style-name="Paragraph">Les codes de format numérique peuvent comporter jusqu&apos;à trois parties séparées par un point-virgule (;).</text:p>
  <text:unordered-list text:style-name="L1">
   <text:list-item>
    <text:p text:style-name="P2">Dans un code de format numérique en deux parties, la première partie s&apos;applique aux valeurs positives et à la valeur zéro, la seconde aux valeurs négatives.</text:p>
   </text:list-item>
   <text:list-item>
    <text:p text:style-name="P2">Dans un code de format numérique en trois parties, la première partie s&apos;applique aux valeurs positives, la seconde aux valeurs négatives et la troisième à la valeur zéro.</text:p>
   </text:list-item>
  </text:unordered-list>
  <text:unordered-list text:style-name="L2">
   <text:list-item>
    <text:p text:style-name="P3">Vous pouvez également assigner des conditions à ces trois parties, afin que le format ne soit appliqué que si une condition est remplie.</text:p>
   </text:list-item>
  </text:unordered-list>
  <text:p text:style-name="Head 2">Décimales et chiffres significatifs</text:p>
  <text:p text:style-name="Paragraph">Pour représenter des nombres, utilisez le chiffre zéro (0) ou le symbole numéro (#) en tant que substituants dans la description de format numérique. Le substituant # affiche uniquement les chiffres significatifs alors que le substituant 0 (zéro) complète le nombre par des zéros si ce dernier comporte moins de chiffres que dans le format numérique.</text:p>
  <text:p text:style-name="Paragraph">Utilisez des points d&apos;interrogation (?) pour représenter le nombre de chiffres à inclure dans le numérateur et le dénominateur d&apos;une fraction. Les fractions qui ne correspondent pas au modèle défini s&apos;affichent comme des nombres à virgule flottante.</text:p>
  <text:p text:style-name="Paragraph">Lorsqu&apos;un nombre contient plus de chiffres à droite de la virgule décimale qu&apos;il n&apos;y a de substituants dans le format numérique, ce nombre est arrondi en conséquence. Lorsqu&apos;un nombre contient plus de chiffres à gauche de la virgule décimale qu&apos;il n&apos;y a de substituants dans le format numérique, ce nombre est affiché en entier. Consultez la liste suivante pour savoir comment utiliser les substituants dans une représentation de format numérique :</text:p>
  <table:table table:name="Tabelle6" table:style-name="Tabelle6">
   <table:table-column table:style-name="Tabelle6.A"/>
   <table:table-column table:style-name="Tabelle6.B"/>
   <table:table-header-rows>
    <table:table-row>
     <table:table-cell table:value-type="string">
      <text:p text:style-name="TableHead">Substituant</text:p>
     </table:table-cell>
     <table:table-cell table:value-type="string">
      <text:p text:style-name="TableHead">Signification</text:p>
     </table:table-cell>
    </table:table-row>
   </table:table-header-rows>
   <table:table-row>
    <table:table-cell table:value-type="string">
     <text:p text:style-name="TextInTable">#</text:p>
    </table:table-cell>
    <table:table-cell table:value-type="string">
     <text:p text:style-name="TextInTable">N&apos;affiche aucun zéro supplémentaire.</text:p>
    </table:table-cell>
   </table:table-row>
   <table:table-row>
    <table:table-cell table:value-type="string">
     <text:p text:style-name="TextInTable">0 (zéro)</text:p>
    </table:table-cell>
    <table:table-cell table:value-type="string">
     <text:p text:style-name="TextInTable">affiche les zéros supplémentaires si un nombre possède moins de chiffres que de zéros définis dans le format.</text:p>
    </table:table-cell>
   </table:table-row>
  </table:table>
  <table:table table:name="Tabelle1" table:style-name="Tabelle1">
   <table:table-column table:style-name="Tabelle1.A" table:number-columns-repeated="2"/>
   <table:table-header-rows>
    <table:table-row>
     <table:table-cell table:value-type="string">
      <text:p text:style-name="TableHead">Format numérique</text:p>
     </table:table-cell>
     <table:table-cell table:value-type="string">
      <text:p text:style-name="TableHead">Code de format</text:p>
     </table:table-cell>
    </table:table-row>
   </table:table-header-rows>
   <table:table-row>
    <table:table-cell table:value-type="string">
     <text:p text:style-name="TextInTable">3456,8 pour 3456,78</text:p>
    </table:table-cell>
    <table:table-cell table:value-type="string">
     <text:p text:style-name="TextInTable">####,#</text:p>
    </table:table-cell>
   </table:table-row>
   <table:table-row>
    <table:table-cell table:value-type="string">
     <text:p text:style-name="TextInTable">9,900 pour 9,9</text:p>
    </table:table-cell>
    <table:table-cell table:value-type="string">
     <text:p text:style-name="TextInTable">#,000</text:p>
    </table:table-cell>
   </table:table-row>
   <table:table-row>
    <table:table-cell table:value-type="string">
     <text:p text:style-name="TextInTable">13,0 pour 13 et 1234,57 pour 1234,567</text:p>
    </table:table-cell>
    <table:table-cell table:value-type="string">
     <text:p text:style-name="TextInTable">#,0#</text:p>
    </table:table-cell>
   </table:table-row>
   <table:table-row>
    <table:table-cell table:value-type="string">
     <text:p text:style-name="TextInTable">5 3/4 pour 5,75 et 6 3/10 pour 6,3</text:p>
    </table:table-cell>
    <table:table-cell table:value-type="string">
     <text:p text:style-name="TextInTable"># ???/???</text:p>
    </table:table-cell>
   </table:table-row>
   <table:table-row>
    <table:table-cell table:value-type="string">
     <text:p text:style-name="TextInTable">0,5 pour ,5</text:p>
    </table:table-cell>
    <table:table-cell table:value-type="string">
     <text:p text:style-name="TextInTable">0,##</text:p>
    </table:table-cell>
   </table:table-row>
  </table:table>
  <text:p text:style-name="Head 3">Séparateur de milliers</text:p>
  <text:p text:style-name="Paragraph">Selon le paramètre de langue choisi, vous pouvez utiliser une virgule ou un point comme séparateur de milliers. Vous pouvez également utiliser ce séparateur pour réduire la taille du nombre affiché par un multiple de 1 000.</text:p>
  <table:table table:name="Tabelle2" table:style-name="Tabelle2">
   <table:table-column table:style-name="Tabelle2.A" table:number-columns-repeated="2"/>
   <table:table-header-rows>
    <table:table-row>
     <table:table-cell table:value-type="string">
      <text:p text:style-name="TableHead">Format numérique</text:p>
     </table:table-cell>
     <table:table-cell table:value-type="string">
      <text:p text:style-name="TableHead">Code de format</text:p>
     </table:table-cell>
    </table:table-row>
   </table:table-header-rows>
   <table:table-row>
    <table:table-cell table:value-type="string">
     <text:p text:style-name="TextInTable">15.000 pour 15000</text:p>
    </table:table-cell>
    <table:table-cell table:value-type="string">
     <text:p text:style-name="TextInTable">#.###</text:p>
    </table:table-cell>
   </table:table-row>
   <table:table-row>
    <table:table-cell table:value-type="string">
     <text:p text:style-name="TextInTable">16 pour 16000</text:p>
    </table:table-cell>
    <table:table-cell table:value-type="string">
     <text:p text:style-name="TextInTable">#.</text:p>
    </table:table-cell>
   </table:table-row>
  </table:table>
  <text:p text:style-name="Head 2">Ajout de texte dans les représentations de format numérique</text:p>
  <text:p text:style-name="Head 3">Texte et nombres</text:p>
  <text:p text:style-name="Paragraph">Pour inclure du texte dans un format numérique appliqué à une cellule contenant des nombres, placez le texte entre guillemets (&quot;) ou, si le texte ne se compose que d&apos;un seul caractère, faites précéder celui-ci d&apos;une barre oblique inverse (\). Par exemple, saisissez <text:span text:style-name="T1">#.# &quot;mètres&quot;</text:span> pour afficher &quot;3,5 mètres&quot; ou <text:span text:style-name="T1">#.# \m</text:span> pour afficher &quot;3,5 m&quot;.</text:p>
  <text:p text:style-name="Head 3">Texte et texte</text:p>
  <text:p text:style-name="Paragraph">Pour inclure un segment de texte dans un format numérique, insérez le caractère @ dans le format numérique. Le texte saisi dans la cellule est formaté suivant le segment où se trouve le caractère @. Si le format ne contient pas de segment de texte, le texte saisi ne tient pas compte du format.</text:p>
  <text:p text:style-name="Head 3">Espaces</text:p>
  <text:p text:style-name="Paragraph">Pour définir la largeur d&apos;un espace dans un format numérique en employant un caractère, saisissez un trait de soulignage ( _ ) suivi du caractère. La largeur de l&apos;espace varie en fonction de la largeur du caractère choisi. Par exemple, <text:span text:style-name="T1">_M</text:span> crée un espace plus large que <text:span text:style-name="T1">_i</text:span>.</text:p>
  <text:p text:style-name="Head 2">Couleur</text:p>
  <text:p text:style-name="Paragraph">Définissez les couleurs pour une section du format en insérant le nom de la couleur entre crochets.</text:p>
  <table:table table:name="Tabelle3" table:style-name="Tabelle3">
   <table:table-column table:style-name="Tabelle3.A" table:number-columns-repeated="2"/>
   <table:table-row>
    <table:table-cell table:style-name="Tabelle3.A1" table:value-type="string">
     <text:p text:style-name="TextInTable">CYAN</text:p>
    </table:table-cell>
    <table:table-cell table:style-name="Tabelle3.A1" table:value-type="string">
     <text:p text:style-name="TextInTable">VERT</text:p>
    </table:table-cell>
   </table:table-row>
   <table:table-row>
    <table:table-cell table:style-name="Tabelle3.A1" table:value-type="string">
     <text:p text:style-name="TextInTable">NOIR</text:p>
    </table:table-cell>
    <table:table-cell table:style-name="Tabelle3.A1" table:value-type="string">
     <text:p text:style-name="TextInTable">BLEU</text:p>
    </table:table-cell>
   </table:table-row>
   <table:table-row>
    <table:table-cell table:style-name="Tabelle3.A1" table:value-type="string">
     <text:p text:style-name="TextInTable">MAGENTA</text:p>
    </table:table-cell>
    <table:table-cell table:style-name="Tabelle3.A1" table:value-type="string">
     <text:p text:style-name="TextInTable">ROUGE</text:p>
    </table:table-cell>
   </table:table-row>
   <table:table-row>
    <table:table-cell table:style-name="Tabelle3.A1" table:value-type="string">
     <text:p text:style-name="TextInTable">BLANC</text:p>
    </table:table-cell>
    <table:table-cell table:style-name="Tabelle3.A1" table:value-type="string">
     <text:p text:style-name="TextInTable">JAUNE</text:p>
    </table:table-cell>
   </table:table-row>
  </table:table>
  <text:p text:style-name="Head 2"><a name="einbeispiel"/><help:key-word value="Codes de formats numériques; Avec conditions" tag="kw65744_14"/><help:key-word value="Conditions; Codes de formats numériques" tag="kw65744_13"/>Conditions</text:p>
  <text:p text:style-name="Head 3">Parenthèses conditionnelles</text:p>
  <text:p text:style-name="Paragraph">Vous pouvez définir un format numérique de sorte qu&apos;il ne s&apos;applique que lorsque la condition spécifiée est remplie. Les conditions sont placées entre crochets [ ].</text:p>
  <text:p text:style-name="Paragraph">Vous pouvez utiliser toute combinaison de nombres et les opérateurs &lt;, &lt;=, &gt;, &gt;=, = et &lt;&gt;.</text:p>
  <text:p text:style-name="Paragraph">Par exemple, pour appliquer des couleurs distinctes à des données de température différentes, saisissez :</text:p>
  <text:p text:style-name="PropText">[&lt;=4][VERT]#.##0,00;[&gt;7][ROUGE]#.##0,00;[BLEU]#.##0,00</text:p>
  <text:p text:style-name="Paragraph">Toutes les températures négatives s&apos;affichent en bleu, celles comprises entre 0 et 30 °C en noir, et celles supérieures à 30 °C en rouge.</text:p>
  <text:p text:style-name="Head 3">Nombres positifs et négatifs</text:p>
  <text:p text:style-name="Paragraph">Pour définir un format numérique ajoutant un texte différent à un nombre selon que le nombre est positif, négatif ou nul, utilisez le format suivant :</text:p>
  <text:p text:style-name="PropText">0 &quot;plus&quot;; 0 &quot;moins&quot;; 0 &quot;zéro&quot;</text:p>
  <text:p text:style-name="Head 2">Pourcentages et notation scientifique</text:p>
  <text:p text:style-name="Head 3">Pourcentages</text:p>
  <text:p text:style-name="Paragraph">Pour afficher les nombres sous la forme de pourcentages (nombres multipliés par 100), ajoutez le symbole pour cent (%) au format numérique.</text:p>
  <text:p text:style-name="Head 3">Notation scientifique</text:p>
  <text:p text:style-name="Paragraph">Le système de notation scientifique permet d&apos;écrire des chiffres très élevés ou des fractions très petites sous forme compacte. Par exemple, avec la notification scientifique, 650 000 peut être écrit 6,5 x 10^5, et 0,000065 peut être écrit 6,5 x 10^-5. Dans <help:productname>%PRODUCTNAME</help:productname>, ces nombres sont respectivement écrits comme suit : 6,5E+5 et 6,5E-5. Pour créer un format numérique affichant les nombres en notification scientifique, saisissez # ou 0, suivi de l&apos;un des codes suivants : E-, E+, e- ou e+.</text:p>
  <text:p text:style-name="Head 2"><help:key-word value="Formats monétaires; Codes" tag="kw65744_12"/><help:key-word value="Formats; Monétaires" tag="kw65744_11"/><help:key-word value="Nombres; Formats monétaires" tag="kw65744_10"/><help:key-word value="Euro; Formats monétaires" tag="kw65744_9"/>Codes des formats monétaires</text:p>
  <text:p text:style-name="Paragraph">Le format monétaire par défaut des cellules est déterminé par les paramètres régionaux du système d&apos;exploitation. Si vous le souhaitez, vous pouvez assigner un symbole de monnaie à une cellule. Par exemple, saisissez #.##0,00 € pour afficher 4,50 € (Euros).</text:p>
  <text:p text:style-name="Paragraph">Vous pouvez également spécifier l&apos;environnement linguistique en saisissant le code du pays après le symbole. Par exemple, [$€-40C] représente les euros en France. Pour afficher le code du pays, sélectionnez le pays dans la liste <text:span text:style-name="T1">Langue</text:span> de l&apos;onglet <text:span text:style-name="T1">Nombres</text:span> dans la boîte de dialogue <text:span text:style-name="T1">Formatage des cellules</text:span>.</text:p>
  <help:embedded Id="65738" Eid="waehrungtext"></help:embedded>
  <text:p text:style-name="Head 2">Formats de date et d&apos;heure</text:p>
  <text:p text:style-name="Head 3"><help:key-word value="Formats de date" tag="kw65744_8"/><help:key-word value="Formats; Date" tag="kw65744_7"/><help:key-word value="Nombres; Formats de date" tag="kw65744_6"/>Formats de date</text:p>
  <text:p text:style-name="Paragraph">Pour afficher les jours, les mois et les années, utilisez les codes de format numériques suivants.</text:p>
  <table:table table:name="Tabelle4" table:style-name="Tabelle4">
   <table:table-column table:style-name="Tabelle4.A" table:number-columns-repeated="2"/>
   <table:table-header-rows>
    <table:table-row>
     <table:table-cell table:style-name="Tabelle4.A1" table:value-type="string">
      <text:p text:style-name="TableHead">Format</text:p>
     </table:table-cell>
     <table:table-cell table:style-name="Tabelle4.A1" table:value-type="string">
      <text:p text:style-name="TableHead">Code de format</text:p>
     </table:table-cell>
    </table:table-row>
   </table:table-header-rows>
   <table:table-row>
    <table:table-cell table:style-name="Tabelle4.A1" table:value-type="string">
     <text:p text:style-name="TextInTable">Mois comme 3.</text:p>
    </table:table-cell>
    <table:table-cell table:style-name="Tabelle4.A1" table:value-type="string">
     <text:p text:style-name="TextInTable">M</text:p>
    </table:table-cell>
   </table:table-row>
   <table:table-row>
    <table:table-cell table:style-name="Tabelle4.A1" table:value-type="string">
     <text:p text:style-name="TextInTable">Mois comme 03</text:p>
    </table:table-cell>
    <table:table-cell table:style-name="Tabelle4.A1" table:value-type="string">
     <text:p text:style-name="TextInTable">MM</text:p>
    </table:table-cell>
   </table:table-row>
   <table:table-row>
    <table:table-cell table:style-name="Tabelle4.A1" table:value-type="string">
     <text:p text:style-name="TextInTable">Mois comme jan-déc</text:p>
    </table:table-cell>
    <table:table-cell table:style-name="Tabelle4.A1" table:value-type="string">
     <text:p text:style-name="TextInTable">MMM</text:p>
    </table:table-cell>
   </table:table-row>
   <table:table-row>
    <table:table-cell table:style-name="Tabelle4.A1" table:value-type="string">
     <text:p text:style-name="TextInTable">Mois comme janvier-décembre</text:p>
    </table:table-cell>
    <table:table-cell table:style-name="Tabelle4.A1" table:value-type="string">
     <text:p text:style-name="TextInTable">MMMM</text:p>
    </table:table-cell>
   </table:table-row>
   <table:table-row>
    <table:table-cell table:style-name="Tabelle4.A1" table:value-type="string">
     <text:p text:style-name="TextInTable">Première lettre du nom du mois</text:p>
    </table:table-cell>
    <table:table-cell table:style-name="Tabelle4.A1" table:value-type="string">
     <text:p text:style-name="TextInTable">MMMMM</text:p>
    </table:table-cell>
   </table:table-row>
   <table:table-row>
    <table:table-cell table:style-name="Tabelle4.A1" table:value-type="string">
     <text:p text:style-name="TextInTable">Jour sous la forme 2</text:p>
    </table:table-cell>
    <table:table-cell table:style-name="Tabelle4.A1" table:value-type="string">
     <text:p text:style-name="TextInTable">J</text:p>
    </table:table-cell>
   </table:table-row>
   <table:table-row>
    <table:table-cell table:style-name="Tabelle4.A1" table:value-type="string">
     <text:p text:style-name="TextInTable">Jour comme 02</text:p>
    </table:table-cell>
    <table:table-cell table:style-name="Tabelle4.A1" table:value-type="string">
     <text:p text:style-name="TextInTable">JJ</text:p>
    </table:table-cell>
   </table:table-row>
   <table:table-row>
    <table:table-cell table:style-name="Tabelle4.A1" table:value-type="string">
     <text:p text:style-name="TextInTable">Jour comme lun-dim</text:p>
    </table:table-cell>
    <table:table-cell table:style-name="Tabelle4.A1" table:value-type="string">
     <text:p text:style-name="TextInTable">NN ou TTT</text:p>
    </table:table-cell>
   </table:table-row>
   <table:table-row>
    <table:table-cell table:style-name="Tabelle4.A1" table:value-type="string">
     <text:p text:style-name="TextInTable">Jour du dimanche au samedi</text:p>
    </table:table-cell>
    <table:table-cell table:style-name="Tabelle4.A1" table:value-type="string">
     <text:p text:style-name="TextInTable">NNN ou TTTT</text:p>
    </table:table-cell>
   </table:table-row>
   <table:table-row>
    <table:table-cell table:style-name="Tabelle4.A1" table:value-type="string">
     <text:p text:style-name="TextInTable">Jour avec séparateur suivant, par exemple, du dimanche, au samedi,</text:p>
    </table:table-cell>
    <table:table-cell table:style-name="Tabelle4.A1" table:value-type="string">
     <text:p text:style-name="TextInTable">NNNN</text:p>
    </table:table-cell>
   </table:table-row>
   <table:table-row>
    <table:table-cell table:style-name="Tabelle4.A1" table:value-type="string">
     <text:p text:style-name="TextInTable">Année comme 00-99</text:p>
    </table:table-cell>
    <table:table-cell table:style-name="Tabelle4.A1" table:value-type="string">
     <text:p text:style-name="TextInTable">AA</text:p>
    </table:table-cell>
   </table:table-row>
   <table:table-row>
    <table:table-cell table:style-name="Tabelle4.A1" table:value-type="string">
     <text:p text:style-name="TextInTable">Année comme 1900-2078</text:p>
    </table:table-cell>
    <table:table-cell table:style-name="Tabelle4.A1" table:value-type="string">
     <text:p text:style-name="TextInTable">AAAA</text:p>
    </table:table-cell>
   </table:table-row>
   <table:table-row>
    <table:table-cell table:style-name="Tabelle4.A1" table:value-type="string">
     <text:p text:style-name="TextInTable">Numéro de semaine</text:p>
    </table:table-cell>
    <table:table-cell table:style-name="Tabelle4.A1" table:value-type="string">
     <text:p text:style-name="TextInTable">SS</text:p>
    </table:table-cell>
   </table:table-row>
   <table:table-row>
    <table:table-cell table:style-name="Tabelle4.A1" table:value-type="string">
     <text:p text:style-name="TextInTable">Trimestre comme T1 à T4</text:p>
    </table:table-cell>
    <table:table-cell table:style-name="Tabelle4.A1" table:value-type="string">
     <text:p text:style-name="TextInTable">Q (K dans l&apos;environnement linguistique suédois, T dans les environnements linguistiques français et espagnol)</text:p>
    </table:table-cell>
   </table:table-row>
   <table:table-row>
    <table:table-cell table:style-name="Tabelle4.A1" table:value-type="string">
     <text:p text:style-name="TextInTable">Trimestre comme 1er trimestre à 4ème trimestre</text:p>
    </table:table-cell>
    <table:table-cell table:style-name="Tabelle4.A1" table:value-type="string">
     <text:p text:style-name="TextInTable">TT</text:p>
    </table:table-cell>
   </table:table-row>
   <table:table-row>
    <table:table-cell table:style-name="Tabelle4.A1" table:value-type="string">
     <text:p text:style-name="TextInTable">Ère du calendrier japonais Gengou ; caractère de forme longue (valeurs possibles : M, T, S, H)</text:p>
    </table:table-cell>
    <table:table-cell table:style-name="Tabelle4.A1" table:value-type="string">
     <text:p text:style-name="TextInTable">G</text:p>
    </table:table-cell>
   </table:table-row>
   <table:table-row>
    <table:table-cell table:style-name="Tabelle4.A1" table:value-type="string">
     <text:p text:style-name="TextInTable">Ère, forme abrégée</text:p>
    </table:table-cell>
    <table:table-cell table:style-name="Tabelle4.A1" table:value-type="string">
     <text:p text:style-name="TextInTable">GG</text:p>
    </table:table-cell>
   </table:table-row>
   <table:table-row>
    <table:table-cell table:style-name="Tabelle4.A1" table:value-type="string">
     <text:p text:style-name="TextInTable">Ère, nom complet</text:p>
    </table:table-cell>
    <table:table-cell table:style-name="Tabelle4.A1" table:value-type="string">
     <text:p text:style-name="TextInTable">GGG</text:p>
    </table:table-cell>
   </table:table-row>
   <table:table-row>
    <table:table-cell table:style-name="Tabelle4.A1" table:value-type="string">
     <text:p text:style-name="TextInTable">Nombre d&apos;années dans l&apos;ère, sans zéro non significatif pour les années à un chiffre</text:p>
    </table:table-cell>
    <table:table-cell table:style-name="Tabelle4.A1" table:value-type="string">
     <text:p text:style-name="TextInTable">E</text:p>
    </table:table-cell>
   </table:table-row>
   <table:table-row>
    <table:table-cell table:style-name="Tabelle4.A1" table:value-type="string">
     <text:p text:style-name="TextInTable">Nombre d&apos;années dans l&apos;ère, avec zéro non significatif pour les années à un chiffre</text:p>
    </table:table-cell>
    <table:table-cell table:style-name="Tabelle4.A1" table:value-type="string">
     <text:p text:style-name="TextInTable">EE ou R</text:p>
    </table:table-cell>
   </table:table-row>
   <table:table-row>
    <table:table-cell table:style-name="Tabelle4.A1" table:value-type="string">
     <text:p text:style-name="TextInTable">Ère, nom complet, et année</text:p>
    </table:table-cell>
    <table:table-cell table:style-name="Tabelle4.A1" table:value-type="string">
     <text:p text:style-name="TextInTable">RR ou GGGEE</text:p>
    </table:table-cell>
   </table:table-row>
   <table:table-row>
    <table:table-cell table:style-name="Tabelle4.A1" table:value-type="string">
     <text:p text:style-name="TextInTable">Format islamique arabe</text:p>
    </table:table-cell>
    <table:table-cell table:style-name="Tabelle4.A1" table:value-type="string">
     <text:p text:style-name="TextInTable">AAA ou AAAA</text:p>
    </table:table-cell>
   </table:table-row>
  </table:table>
  <text:p text:style-name="Head 3">Saisie de dates</text:p>
  <text:p text:style-name="Paragraph">Pour saisir une date dans une cellule, utilisez le format du calendrier grégorien. Par exemple, dans un environnement linguistique anglais, saisissez 1/2/2002 pour écrire la date du 2 janvier 2002.</text:p>
  <text:p text:style-name="Paragraph">Tous les formats de date dépendent de l&apos;environnement linguistique défini dans <text:span text:style-name="T1">Outils - Options - Paramètres linguistiques - Langues</text:span>. Par exemple, si le paramètre linguistique qui a été défini est le japonais, c&apos;est le calendrier Gengou qui est utilisé. Dans <help:productname>%PRODUCTNAME</help:productname>, le format de date par défaut utilise le calendrier grégorien.</text:p>
  <text:p text:style-name="Paragraph">Pour indiquer un format de calendrier indépendant de l&apos;environnement linguistique actif, faites précéder le format de date d&apos;un modificateur. Par exemple, pour afficher une date selon le format de calendrier juif dans un environnement linguistique autre que l&apos;environnement hébreu, saisissez ce qui suit : [~jewish]JJ/MM/AAAA.</text:p>
  <table:table table:name="Tabelle5" table:style-name="Tabelle5">
   <table:table-column table:style-name="Tabelle5.A"/>
   <table:table-column table:style-name="Tabelle5.B"/>
   <table:table-header-rows>
    <table:table-row>
     <table:table-cell table:style-name="Tabelle5.A1" table:value-type="string">
      <text:p text:style-name="TableHead">Modificateur</text:p>
     </table:table-cell>
     <table:table-cell table:style-name="Tabelle5.A1" table:value-type="string">
      <text:p text:style-name="TableHead">Calendrier</text:p>
     </table:table-cell>
    </table:table-row>
   </table:table-header-rows>
   <table:table-row>
    <table:table-cell table:value-type="string">
     <text:p text:style-name="TextInTable">[~buddhist]</text:p>
    </table:table-cell>
    <table:table-cell table:value-type="string">
     <text:p text:style-name="TextInTable">Calendrier bouddhiste thaïlandais</text:p>
    </table:table-cell>
   </table:table-row>
   <table:table-row>
    <table:table-cell table:value-type="string">
     <text:p text:style-name="TextInTable">[~gengou]</text:p>
    </table:table-cell>
    <table:table-cell table:value-type="string">
     <text:p text:style-name="TextInTable">Calendrier japonais Gengou</text:p>
    </table:table-cell>
   </table:table-row>
   <table:table-row>
    <table:table-cell table:value-type="string">
     <text:p text:style-name="TextInTable">[~grégorien]</text:p>
    </table:table-cell>
    <table:table-cell table:value-type="string">
     <text:p text:style-name="TextInTable">Calendrier grégorien</text:p>
    </table:table-cell>
   </table:table-row>
   <table:table-row>
    <table:table-cell table:value-type="string">
     <text:p text:style-name="TextInTable">[~hanja] ou [~hanja_yoil]</text:p>
    </table:table-cell>
    <table:table-cell table:value-type="string">
     <text:p text:style-name="TextInTable">Calendrier coréen</text:p>
    </table:table-cell>
   </table:table-row>
   <table:table-row>
    <table:table-cell table:value-type="string">
     <text:p text:style-name="TextInTable">[~hijri]</text:p>
    </table:table-cell>
    <table:table-cell table:value-type="string">
     <text:p text:style-name="TextInTable">À l&apos;heure actuelle, le calendrier islamique arabe est supporté dans les environnements linguistiques suivants : ar_EG, ar_LB, ar_SA et ar_TN.</text:p>
    </table:table-cell>
   </table:table-row>
   <table:table-row>
    <table:table-cell table:value-type="string">
     <text:p text:style-name="TextInTable">[~jewish]</text:p>
    </table:table-cell>
    <table:table-cell table:value-type="string">
     <text:p text:style-name="TextInTable">Calendrier juif</text:p>
    </table:table-cell>
   </table:table-row>
   <table:table-row>
    <table:table-cell table:value-type="string">
     <text:p text:style-name="TextInTable">[~ROC]</text:p>
    </table:table-cell>
    <table:table-cell table:value-type="string">
     <text:p text:style-name="TextInTable">Calendrier de la République de Chine</text:p>
    </table:table-cell>
   </table:table-row>
  </table:table>
  <text:p text:style-name="Paragraph"><help:switch select="Program"><help:case select="CALC">Si vous effectuez un calcul faisant appel à une ou plusieurs cellules utilisant un format de date, le résultat est formaté de la manière suivante :</help:case></help:switch></text:p>
  <help:switch select="Program"><help:case select="CALC">
  <table:table table:name="Tabelle7" table:style-name="Tabelle7">
   <table:table-column table:style-name="Tabelle7.A"/>
   <table:table-column table:style-name="Tabelle7.B"/>
   <table:table-header-rows>
    <table:table-row>
     <table:table-cell table:style-name="Tabelle7.A1" table:value-type="string">
      <text:p text:style-name="TableHead">Formats d&apos;entrée</text:p>
     </table:table-cell>
     <table:table-cell table:style-name="Tabelle7.B1" table:value-type="string">
      <text:p text:style-name="TableHead">Format final</text:p>
     </table:table-cell>
    </table:table-row>
   </table:table-header-rows>
   <table:table-row>
    <table:table-cell table:style-name="Tabelle7.A2" table:value-type="string">
     <text:p text:style-name="TextInTable">Date + Date</text:p>
    </table:table-cell>
    <table:table-cell table:style-name="Tabelle7.B2" table:value-type="string">
     <text:p text:style-name="TextInTable">Nombre (jour)</text:p>
    </table:table-cell>
   </table:table-row>
   <table:table-row>
    <table:table-cell table:style-name="Tabelle7.A2" table:value-type="string">
     <text:p text:style-name="TextInTable">Date + Nombre</text:p>
    </table:table-cell>
    <table:table-cell table:style-name="Tabelle7.B2" table:value-type="string">
     <text:p text:style-name="TextInTable">Date</text:p>
    </table:table-cell>
   </table:table-row>
   <table:table-row>
    <table:table-cell table:style-name="Tabelle7.A2" table:value-type="string">
     <text:p text:style-name="TextInTable">Date + Heure</text:p>
    </table:table-cell>
    <table:table-cell table:style-name="Tabelle7.B2" table:value-type="string">
     <text:p text:style-name="TextInTable">Date&amp;Heure</text:p>
    </table:table-cell>
   </table:table-row>
   <table:table-row>
    <table:table-cell table:style-name="Tabelle7.A2" table:value-type="string">
     <text:p text:style-name="TextInTable">Date + Date&amp;Heure</text:p>
    </table:table-cell>
    <table:table-cell table:style-name="Tabelle7.B2" table:value-type="string">
     <text:p text:style-name="TextInTable">Nombre</text:p>
    </table:table-cell>
   </table:table-row>
   <table:table-row>
    <table:table-cell table:style-name="Tabelle7.A2" table:value-type="string">
     <text:p text:style-name="TextInTable">Heure + Heure</text:p>
    </table:table-cell>
    <table:table-cell table:style-name="Tabelle7.B2" table:value-type="string">
     <text:p text:style-name="TextInTable">Heure</text:p>
    </table:table-cell>
   </table:table-row>
   <table:table-row>
    <table:table-cell table:style-name="Tabelle7.A2" table:value-type="string">
     <text:p text:style-name="TextInTable">Heure + Nombre</text:p>
    </table:table-cell>
    <table:table-cell table:style-name="Tabelle7.B2" table:value-type="string">
     <text:p text:style-name="TextInTable">Heure</text:p>
    </table:table-cell>
   </table:table-row>
   <table:table-row>
    <table:table-cell table:style-name="Tabelle7.A2" table:value-type="string">
     <text:p text:style-name="TextInTable">Heure + Date&amp;Heure</text:p>
    </table:table-cell>
    <table:table-cell table:style-name="Tabelle7.B2" table:value-type="string">
     <text:p text:style-name="TextInTable">Date&amp;Heure</text:p>
    </table:table-cell>
   </table:table-row>
   <table:table-row>
    <table:table-cell table:style-name="Tabelle7.A2" table:value-type="string">
     <text:p text:style-name="TextInTable">Date&amp;Heure + Date&amp;Heure</text:p>
    </table:table-cell>
    <table:table-cell table:style-name="Tabelle7.B2" table:value-type="string">
     <text:p text:style-name="TextInTable">Heure</text:p>
    </table:table-cell>
   </table:table-row>
   <table:table-row>
    <table:table-cell table:style-name="Tabelle7.A2" table:value-type="string">
     <text:p text:style-name="TextInTable">Date&amp;Heure + Nombre</text:p>
    </table:table-cell>
    <table:table-cell table:style-name="Tabelle7.B2" table:value-type="string">
     <text:p text:style-name="TextInTable">Date&amp;Heure</text:p>
    </table:table-cell>
   </table:table-row>
   <table:table-row>
    <table:table-cell table:style-name="Tabelle7.A2" table:value-type="string">
     <text:p text:style-name="TextInTable">Nombre + Nombre</text:p>
    </table:table-cell>
    <table:table-cell table:style-name="Tabelle7.B2" table:value-type="string">
     <text:p text:style-name="TextInTable">Nombre</text:p>
    </table:table-cell>
   </table:table-row>
  </table:table>
  </help:case></help:switch>
  <text:p text:style-name="Paragraph"><help:switch select="Program"><help:case select="CALC">Le format Date&amp;Heure affiche la date et l&apos;heure à laquelle une entrée a été saisie dans une cellule ayant ce format.</help:case></help:switch></text:p>
  <help:switch select="Program"><help:case select="CALC"><help:embedded Id="66281" Eid="jahreszahlen"></help:embedded></help:case></help:switch>
  <table:table table:name="Tabelle8" table:style-name="Tabelle8">
   <table:table-column table:style-name="Tabelle8.A"/>
   <table:table-column table:style-name="Tabelle8.B"/>
   <table:table-header-rows>
    <table:table-row>
     <table:table-cell table:value-type="string">
      <text:p text:style-name="Paragraph"><draw:image draw:name="Icône0" svg:desc="Icône Remarque" svg:pixelx="32" svg:pixely="32" svg:width="0.847cm" svg:height="0.847cm" xlink:href="65980" draw:filter-name=""/></text:p>

     </table:table-cell>
     <table:table-cell table:value-type="string">
      <text:p text:style-name="Paragraph"><help:switch select="Program"><help:case select="CALC">Dans <help:productname>%PRODUCTNAME</help:productname>, une date ayant la valeur &quot;0&quot; correspond au 30 décembre 1899.</help:case></help:switch></text:p>
     </table:table-cell>
    </table:table-row>
   </table:table-header-rows>
  </table:table>
  <text:p text:style-name="Head 3"><help:key-word value="Formats d&apos;heure; Description" tag="kw65744_5"/><help:key-word value="Formats; Formats d&apos;heure" tag="kw65744_4"/><help:key-word value="Nombres; Formats d&apos;heure" tag="kw65744_3"/>Formats d&apos;heure</text:p>
  <text:p text:style-name="Paragraph">Pour afficher les heures, les minutes et les secondes, utilisez les codes de format numériques suivants.</text:p>
  <table:table table:name="Tabelle9" table:style-name="Tabelle9">
   <table:table-column table:style-name="Tabelle9.A" table:number-columns-repeated="2"/>
   <table:table-header-rows>
    <table:table-row>
     <table:table-cell table:value-type="string">
      <text:p text:style-name="TableHead">Format</text:p>
     </table:table-cell>
     <table:table-cell table:value-type="string">
      <text:p text:style-name="TableHead">Code de format</text:p>
     </table:table-cell>
    </table:table-row>
   </table:table-header-rows>
   <table:table-row>
    <table:table-cell table:value-type="string">
     <text:p text:style-name="TextInTable">Heures comme 0-23</text:p>
    </table:table-cell>
    <table:table-cell table:value-type="string">
     <text:p text:style-name="TextInTable">h</text:p>
    </table:table-cell>
   </table:table-row>
   <table:table-row>
    <table:table-cell table:value-type="string">
     <text:p text:style-name="TextInTable">Heures comme 00-23</text:p>
    </table:table-cell>
    <table:table-cell table:value-type="string">
     <text:p text:style-name="TextInTable">hh</text:p>
    </table:table-cell>
   </table:table-row>
   <table:table-row>
    <table:table-cell table:value-type="string">
     <text:p text:style-name="TextInTable">Minutes comme 0-59</text:p>
    </table:table-cell>
    <table:table-cell table:value-type="string">
     <text:p text:style-name="TextInTable">m</text:p>
    </table:table-cell>
   </table:table-row>
   <table:table-row>
    <table:table-cell table:value-type="string">
     <text:p text:style-name="TextInTable">Minutes comme 00-59</text:p>
    </table:table-cell>
    <table:table-cell table:value-type="string">
     <text:p text:style-name="TextInTable">mm</text:p>
    </table:table-cell>
   </table:table-row>
   <table:table-row>
    <table:table-cell table:value-type="string">
     <text:p text:style-name="TextInTable">Secondes comme 0-59</text:p>
    </table:table-cell>
    <table:table-cell table:value-type="string">
     <text:p text:style-name="TextInTable">s</text:p>
    </table:table-cell>
   </table:table-row>
   <table:table-row>
    <table:table-cell table:value-type="string">
     <text:p text:style-name="TextInTable">Secondes comme 00-59</text:p>
    </table:table-cell>
    <table:table-cell table:value-type="string">
     <text:p text:style-name="TextInTable">ss</text:p>
    </table:table-cell>
   </table:table-row>
  </table:table>
  <table:table table:name="Tabelle10" table:style-name="Tabelle10">
   <table:table-column table:style-name="Tabelle10.A"/>
   <table:table-column table:style-name="Tabelle10.B"/>
   <table:table-header-rows>
    <table:table-row table:style-name="Tabelle10.1">
     <table:table-cell table:style-name="Tabelle10.A1" table:value-type="string">
      <text:p text:style-name="Paragraph"><draw:image draw:name="Icône1" svg:desc="Icône Remarque" svg:pixelx="32" svg:pixely="32" svg:width="0.847cm" svg:height="0.847cm" xlink:href="65980" draw:filter-name=""/></text:p>

     </table:table-cell>
     <table:table-cell table:style-name="Tabelle10.A1" table:value-type="string">
      <text:p text:style-name="TextInTable">Pour afficher les secondes sous forme de fractions, ajoutez un séparateur de décimales à votre description de format numérique. Par exemple, saisissez <text:span text:style-name="T1">hh:mm:ss,00</text:span> pour que l&apos;heure s&apos;affiche sous la forme &quot;01:02:03,45&quot;.</text:p>
     </table:table-cell>
    </table:table-row>
   </table:table-header-rows>
  </table:table>
  <text:p text:style-name="Paragraph"><help:key-word value="Formats d&apos;heure; Sur 24 heures" tag="kw65744_2"/>Si une heure est saisie sous la forme 02:03,45 ou 01:02:03,45 ou encore 25:01:02, et qu&apos;aucun autre format d&apos;heure n&apos;est spécifié, les formats suivants sont assignés : MM:SS,00 ou [HH]:MM:SS,00 ou [HH]:MM:SS.</text:p>
  <text:p text:style-name="Head 2">Affichage des nombres à l&apos;aide de caractères natifs</text:p>
  <text:p text:style-name="Paragraph">Pour afficher des nombres à l&apos;aide de caractères natifs, faites précéder la description du format numérique de l&apos;un des modificateurs suivants : [NatNum1], [NatNum2]... [NatNum11].</text:p>
  <text:p text:style-name="Paragraph">Le modificateur [NatNum1] utilise toujours un système de concordance caractère par caractère qui convertit les nombres en une chaîne correspondant à la description de format numérique natif de l&apos;environnement linguistique concerné. Les autres modificateurs produisent des résultats différents selon l&apos;environnement linguistique dans lequel ils sont utilisés. L&apos;expression &quot;environnement linguistique&quot; peut désigner la langue et le territoire pour lesquels la description de format est définie, ou un modificateur tel que [$-yyy] placé à la suite du modificateur numérique natif. Dans ce cas, yyy représente le nombre hexadécimal MS-LCID qui est également utilisé pour les descriptions de formats monétaires. Par exemple, pour afficher un nombre à l&apos;aide des caractères japonais Kanji de forme courte dans un environnement linguistique anglais (U.S.A.), utilisez le format numérique suivant :</text:p>
  <text:p text:style-name="PropText">[NatNum1][$-411]0</text:p>
  <text:p text:style-name="Paragraph">La liste suivante contient le modificateur [DBNumX] de Microsoft Excel qui correspond au modificateur [NatNum] de <help:productname>%PRODUCTNAME</help:productname>. Vous pouvez, si vous le souhaitez, utiliser un modificateur [DBNumX] au lieu du modificateur [NatNum] pour votre environnement linguistique. Chaque fois que cela est possible, <help:productname>%PRODUCTNAME</help:productname> fait correspondre de manière interne les modificateurs [DBNumX] aux modificateurs [NatNumN].</text:p>
  <text:p text:style-name="PropText">[NatNum1] Translittération en</text:p>
  <text:p text:style-name="PropText">Chinois : caractères minuscules chinois ; CAL: 1/7/7 [DBNum1]</text:p>
  <text:p text:style-name="PropText">Japonais : caractères Kanji forme courte [DBNum1] ; CAL: 1/4/4 [DBNum1]</text:p>
  <text:p text:style-name="PropText">Coréen : caractères minuscules coréens [DBNum1] ; CAL: 1/7/7 [DBNum1]</text:p>
  <text:p text:style-name="PropText">Thaï : caractères thaïlandais</text:p>
  <text:p text:style-name="PropText">Arabe : caractères indo-aryens</text:p>
  <text:p text:style-name="PropText">Indo-aryen : caractères indo-aryens</text:p>
  <text:p text:style-name="PropText">[NatNum2] Translittération en</text:p>
  <text:p text:style-name="PropText">Chinois : caractères majuscules chinois ; CAL: 2/8/8 [DBNum2]</text:p>
  <text:p text:style-name="PropText">Japonais : caractères Kanji traditionnels ; CAL: 2/5/5 [DBNum2]</text:p>
  <text:p text:style-name="PropText">Coréen : caractères majuscules coréens [DBNum2] ; CAL: 2/8/8 [DBNum2]</text:p>
  <text:p text:style-name="PropText">[NatNum3] Translittération en</text:p>
  <text:p text:style-name="PropText">Chinois : chiffres arabes pleine largeur ; CAL: 3/3/3 [DBNum3]</text:p>
  <text:p text:style-name="PropText">Japonais: chiffres arabes pleine largeur ; CAL: 3/3/3 [DBNum3]</text:p>
  <text:p text:style-name="PropText">Coréen : chiffres arabes pleine largeur [DBNum3] ; CAL: 3/3/3 [DBNum3]</text:p>
  <text:p text:style-name="PropText">[NatNum4] Translittération en</text:p>
  <text:p text:style-name="PropText">Chinois : texte en minuscules [DBNum1]</text:p>
  <text:p text:style-name="PropText">Japonais : texte Kanji forme longue moderne [DBNum2]</text:p>
  <text:p text:style-name="PropText">Coréen : texte en minuscules formel</text:p>
  <text:p text:style-name="PropText">[NatNum5] Translittération en</text:p>
  <text:p text:style-name="PropText">Chinois : texte en majuscules chinois [DBNum2]</text:p>
  <text:p text:style-name="PropText">Japonais : texte Kanji forme longue traditionnel [DBNum3]</text:p>
  <text:p text:style-name="PropText">Coréen : texte en majuscules formel</text:p>
  <text:p text:style-name="PropText">[NatNum6] Translittération en</text:p>
  <text:p text:style-name="PropText">Chinois : texte pleine largeur [DBNum3]</text:p>
  <text:p text:style-name="PropText">Japonais : texte pleine largeur</text:p>
  <text:p text:style-name="PropText">Coréen : texte pleine largeur</text:p>
  <text:p text:style-name="PropText">[NatNum7] Translittération en</text:p>
  <text:p text:style-name="PropText">Japonais : texte Kanji forme courte moderne</text:p>
  <text:p text:style-name="PropText">Coréen : texte en minuscules informel</text:p>
  <text:p text:style-name="PropText">[NatNum8] Translittération en</text:p>
  <text:p text:style-name="PropText">Japonais : texte Kanji forme courte traditionnel [DBNum4]</text:p>
  <text:p text:style-name="PropText">Coréen : texte en majuscules informel</text:p>
  <text:p text:style-name="PropText">[NatNum9] Translittération en</text:p>
  <text:p text:style-name="PropText">Coréen : caractères Hangul</text:p>
  <text:p text:style-name="PropText">[NatNum10] Translittération en</text:p>
  <text:p text:style-name="PropText">Coréen : texte Hangul formel [DBNum4] ; CAL: 9/11/11 [DBNum4]</text:p>
  <text:p text:style-name="PropText">[NatNum11] Translittération en</text:p>
  <text:p text:style-name="PropText">Coréen : texte Hangul informel</text:p>
 </office:body>
</office:document>
