

<office:document  xmlns:office="http://openoffice.org/2000/office" xmlns:style="http://openoffice.org/2000/style" xmlns:text="http://openoffice.org/2000/text" xmlns:table="http://openoffice.org/2000/table" xmlns:draw="http://openoffice.org/2000/drawing" xmlns:fo="http://www.w3.org/1999/XSL/Format" xmlns:xlink="http://www.w3.org/1999/xlink" xmlns:number="http://openoffice.org/2000/datastyle" xmlns:svg="http://www.w3.org/2000/svg" xmlns:chart="http://openoffice.org/2000/chart" xmlns:dr3d="http://openoffice.org/2000/dr3d" xmlns:math="http://www.w3.org/1998/Math/MathML" xmlns:form="http://openoffice.org/2000/form" xmlns:script="http://openoffice.org/2000/script" office:class="text" office:version="1.0" xmlns:dc="http://purl.org/dc/elements/1.1/" xmlns:meta="http://openoffice.org/2000/meta" xmlns:help="http://openoffice.org/2000/help">
<office:meta>
  <dc:description>text/common/01/05030500</dc:description>
  <dc:subject>Bordures</dc:subject>
  <meta:keywords>
   <meta:keyword>$Version</meta:keyword>
  </meta:keywords>
  <dc:language>fr-FR</dc:language>
  <meta:user-defined meta:name="Info 0">READY</meta:user-defined>
  <meta:user-defined meta:name="Info 1">FREE_OK</meta:user-defined>
  <meta:user-defined meta:name="Info 2"/>
  <meta:user-defined meta:name="Info 3"/>
</office:meta>
 <office:script/>
 <office:font-decls>
  <style:font-decl style:name="StarSymbol" fo:font-family="StarSymbol" style:font-charset="x-symbol"/>
  <style:font-decl style:name="Courier New" fo:font-family="&apos;Courier New&apos;" style:font-style-name="Standard" style:font-family-generic="modern" style:font-pitch="fixed"/>
  <style:font-decl style:name="Courier" fo:font-family="Courier" style:font-family-generic="roman" style:font-pitch="fixed"/>
  <style:font-decl style:name="Arial Unicode MS" fo:font-family="&apos;Arial Unicode MS&apos;" style:font-pitch="variable"/>
  <style:font-decl style:name="HG Mincho Light J" fo:font-family="&apos;HG Mincho Light J&apos;" style:font-pitch="variable"/>
  <style:font-decl style:name="Times New Roman3" fo:font-family="&apos;Times New Roman&apos;" style:font-pitch="variable"/>
  <style:font-decl style:name="Thorndale" fo:font-family="Thorndale" style:font-family-generic="roman" style:font-pitch="variable"/>
  <style:font-decl style:name="Times New Roman2" fo:font-family="&apos;Times New Roman&apos;" style:font-style-name="Fett" style:font-family-generic="roman" style:font-pitch="variable"/>
  <style:font-decl style:name="Times New Roman" fo:font-family="&apos;Times New Roman&apos;" style:font-style-name="Standard" style:font-family-generic="roman" style:font-pitch="variable"/>
  <style:font-decl style:name="Times New Roman1" fo:font-family="&apos;Times New Roman&apos;" style:font-family-generic="swiss" style:font-pitch="variable"/>
 </office:font-decls>
 <office:automatic-styles>
  <style:style style:name="Tabelle3" style:family="table">
   <style:properties style:width="18cm" table:align="margins"/>
  </style:style>
  <style:style style:name="Tabelle3.A" style:family="table-column">
   <style:properties style:column-width="1.499cm" style:rel-column-width="850*"/>
  </style:style>
  <style:style style:name="Tabelle3.B" style:family="table-column">
   <style:properties style:column-width="16.498cm" style:rel-column-width="9352*"/>
  </style:style>
  <style:style style:name="Tabelle3.1" style:family="table-row">
   <style:properties style:min-row-height="0.848cm"/>
  </style:style>
  <style:style style:name="Tabelle3.A1" style:family="table-cell">
   <style:properties fo:padding="0cm" fo:border="none"/>
  </style:style>
  <style:style style:name="Tabelle1" style:family="table">
   <style:properties style:width="18cm" table:align="margins"/>
  </style:style>
  <style:style style:name="Tabelle1.A" style:family="table-column">
   <style:properties style:column-width="1.499cm" style:rel-column-width="850*"/>
  </style:style>
  <style:style style:name="Tabelle1.B" style:family="table-column">
   <style:properties style:column-width="16.498cm" style:rel-column-width="9352*"/>
  </style:style>
  <style:style style:name="Tabelle1.1" style:family="table-row">
   <style:properties style:min-row-height="0.848cm"/>
  </style:style>
  <style:style style:name="Tabelle1.A1" style:family="table-cell">
   <style:properties fo:padding="0cm" fo:border="none"/>
  </style:style>
  <style:style style:name="P1" style:family="paragraph" style:parent-style-name="Paragraph" style:master-page-name="HTML">
   <style:properties style:page-number="0"/>
  </style:style>
  <style:style style:name="T1" style:family="text">
   <style:properties fo:font-weight="bold"/>
  </style:style>
  <style:style style:name="fr1" style:family="graphics" style:parent-style-name="Graphics">
   <style:properties style:run-through="foreground" style:wrap="run-through" style:vertical-pos="middle" style:vertical-rel="paragraph" style:horizontal-pos="left" style:horizontal-rel="paragraph" style:mirror="none" fo:clip="rect(0cm 0cm 0cm 0cm)" draw:luminance="0%" draw:contrast="0%" draw:red="0%" draw:green="0%" draw:blue="0%" draw:gamma="1" draw:color-inversion="false" draw:transparency="-100%" draw:color-mode="standard"/>
  </style:style>
 </office:automatic-styles>
 <office:body>
  <text:variable-decls>
   <text:variable-decl text:value-type="string" text:name="HTML_ON"/>
   <text:variable-decl text:value-type="string" text:name="HTML_OFF"/>
   <text:variable-decl text:value-type="string" text:name="TITEL"/>
   <text:variable-decl text:value-type="string" text:name="END"/>
   <text:variable-decl text:value-type="string" text:name="HREF"/>
   <text:variable-decl text:value-type="string" text:name="NAME"/>
   <text:variable-decl text:value-type="string" text:name="OS2"/>
   <text:variable-decl text:value-type="string" text:name="ELSE"/>
   <text:variable-decl text:value-type="string" text:name="HelpID"/>
   <text:variable-decl text:value-type="string" text:name="MODIFY"/>
   <text:variable-decl text:value-type="string" text:name="REFNR"/>
   <text:variable-decl text:value-type="string" text:name="HFELD"/>
   <text:variable-decl text:value-type="string" text:name="WIN"/>
   <text:variable-decl text:value-type="string" text:name="KEY"/>
   <text:variable-decl text:value-type="string" text:name="AKTHLP"/>
   <text:variable-decl text:value-type="string" text:name="INDEX"/>
   <text:variable-decl text:value-type="string" text:name="STYLE"/>
  </text:variable-decls>
  <text:sequence-decls>
   <text:sequence-decl text:display-outline-level="0" text:name="Illustration"/>
   <text:sequence-decl text:display-outline-level="0" text:name="Table"/>
   <text:sequence-decl text:display-outline-level="0" text:name="Text"/>
   <text:sequence-decl text:display-outline-level="0" text:name="Drawing"/>
  </text:sequence-decls>
  <help:to-be-embedded Eid="umrandung">
  <text:p text:style-name="Head 1"><help:help-id value="HID_BORDER"/><help:link Id="65824">Bordures</help:link></text:p>
  <text:p text:style-name="Paragraph"><help:help-text value="visible">Définissez les options de bordure pour <help:switch select="Program"><help:case select="CALC">les cellules sélectionnées.</help:case><help:case select="WRITER">l&apos;élément sélectionné ou le paragraphe actif.</help:case></help:switch></help:help-text></text:p>
  </help:to-be-embedded>
  <text:p text:style-name="Paragraph">Vous pouvez définir l&apos;emplacement, la taille et le style de la bordure. <help:switch select="Program"><help:case select="WRITER">Dans <help:productname>%PRODUCTNAME</help:productname> Writer, vous pouvez ajouter des bordures aux pages, aux cadres, aux images, aux tableaux, aux paragraphes et aux objets incorporés.</help:case></help:switch></text:p>
  <help:popup Id="65599" Eid="umrandung"><help:embedded Id="65598" Eid="wie"></help:embedded></help:popup>
  <help:switch select="Program"><help:case select="WRITER">
  <table:table table:name="Tabelle3" table:style-name="Tabelle3">
   <table:table-column table:style-name="Tabelle3.A"/>
   <table:table-column table:style-name="Tabelle3.B"/>
   <table:table-header-rows>
    <table:table-row table:style-name="Tabelle3.1">
     <table:table-cell table:style-name="Tabelle3.A1" table:value-type="string">
      <text:p text:style-name="Paragraph"><draw:image draw:name="Icône0" svg:desc="Icône Astuce" svg:pixelx="32" svg:pixely="32" svg:width="0.847cm" svg:height="0.847cm" xlink:href="66732" draw:filter-name=""/></text:p>

     </table:table-cell>
     <table:table-cell table:style-name="Tabelle3.A1" table:value-type="string">
      <text:p text:style-name="Paragraph">Pour modifier la bordure d&apos;un tableau entier, placez le curseur dans une cellule de celui-ci, cliquez avec le bouton droit de la souris, choisissez <text:span text:style-name="T1">Tableau</text:span>, puis cliquez sur l&apos;onglet <text:span text:style-name="T1">Bordure</text:span>. Pour modifier la bordure d&apos;une cellule d&apos;un tableau, sélectionnez la cellule, cliquez avec le bouton droit de la souris, choisissez <text:span text:style-name="T1">Tableau</text:span>, puis cliquez sur l&apos;onglet <text:span text:style-name="T1">Bordure</text:span>.</text:p>
     </table:table-cell>
    </table:table-row>
   </table:table-header-rows>
  </table:table>
  </help:case></help:switch>
  <text:p text:style-name="Head 2"><help:help-id value="HID_BORDER_CTL_PRESETS"/>Disposition des lignes</text:p>
  <text:p text:style-name="Paragraph"><help:help-text value="visible">Sélectionnez un style de bordure prédéfini.</help:help-text> Un aperçu du style s&apos;affiche dans la zone <text:span text:style-name="T1">Défini par l&apos;utilisateur</text:span> de cette boîte de dialogue.</text:p>
  <text:p text:style-name="Paragraph">Dans un tableau ou une feuille de calcul, vous pouvez également ajouter ou supprimer les bordures prédéfinies à l&apos;aide de l&apos;icône <text:span text:style-name="T1">Bordure</text:span> de la <text:span text:style-name="T1">barre d&apos;objets</text:span>.</text:p>
  <help:embedded Id="65609" Eid="objektleiste"></help:embedded>
  <help:embedded Id="65885" Eid="syumrandung"></help:embedded>
  <help:to-be-embedded Eid="umrandungtext">
  <text:p text:style-name="Paragraph">Pour ajouter ou supprimer des bordures, cliquez sur les côtés de la cellule dans l&apos;aperçu jusqu&apos;à ce que la bordure soit ajoutée ou supprimée. Pour conserver le style de bordure actif, cliquez sur les côtés de la cellule jusqu&apos;à ce qu&apos;une ligne épaisse apparaisse.</text:p>
  <text:p text:style-name="Paragraph"><help:switch select="Program"><help:case select="WRITER">Vous pouvez également cliquer sur les repères de bordure pour ajouter ou supprimer une bordure à une cellule du tableau.</help:case></help:switch></text:p>
  <text:p text:style-name="Paragraph">Dans l&apos;aperçu, la bordure sélectionnée est indiquée par des triangles noirs situés à la périphérie des repères de bordure.</text:p>
  </help:to-be-embedded>
  <text:p text:style-name="Head 2"><help:help-id value="SVX_LISTBOX_RID_SVXPAGE_BORDER_LB_LINESTYLE"/>Ligne</text:p>
  <text:p text:style-name="Paragraph"><help:help-text value="visible">Cliquez sur le style de bordure à appliquer. Ce style est appliqué aux bordures sélectionnées dans l&apos;aperçu.</help:help-text></text:p>
  <help:switch select="Program"><help:case select="WRITER">
  <text:p text:style-name="Paragraph">Vous pouvez également modifier le style de ligne en cliquant sur l&apos;icône <text:span text:style-name="T1">Style de ligne</text:span> dans la <text:span text:style-name="T1">barre d&apos;objets</text:span>.</text:p>
  </help:case></help:switch>
  <help:embedded Id="65609" Eid="objektleiste"></help:embedded>
  <help:embedded Id="66020" Eid="sylinienstil"></help:embedded>
  <text:p text:style-name="Paragraph"><help:help-id value="SVX_LISTBOX_RID_SVXPAGE_BORDER_LB_LINECOLOR"/><help:help-text value="visible">Sélectionnez la couleur de ligne à utiliser pour la ou les bordures sélectionnées.</help:help-text></text:p>
  <text:p text:style-name="Head 2">Écart avec le contenu</text:p>
  <text:p text:style-name="Paragraph">Spécifiez l&apos;espace à laisser entre la bordure et le contenu de la sélection.</text:p>
  <text:p text:style-name="Paragraph"><help:switch select="Program"><help:case select="CALC">La zone <text:span text:style-name="T1">Écart avec le contenu </text:span>n&apos;est disponible que si vous choisissez <text:span text:style-name="T1">Format - Page</text:span>, puis cliquez sur l&apos;onglet <text:span text:style-name="T1">Bordure</text:span>.</help:case></help:switch></text:p>
  <text:p text:style-name="Head 3"><help:help-id value="SVX_METRICFIELD_RID_SVXPAGE_BORDER_MF_LEFT"/>Gauche</text:p>
  <text:p text:style-name="Paragraph"><help:help-text value="visible">Saisissez l&apos;écart devant séparer la bordure gauche et le contenu de la sélection.</help:help-text></text:p>
  <text:p text:style-name="Head 3"><help:help-id value="SVX_METRICFIELD_RID_SVXPAGE_BORDER_MF_RIGHT"/>Droite</text:p>
  <text:p text:style-name="Paragraph"><help:help-text value="visible">Saisissez l&apos;écart devant séparer la bordure droite et le contenu de la sélection.</help:help-text></text:p>
  <text:p text:style-name="Head 3"><help:help-id value="SVX_METRICFIELD_RID_SVXPAGE_BORDER_MF_TOP"/>Haut</text:p>
  <text:p text:style-name="Paragraph"><help:help-text value="visible">Saisissez l&apos;écart devant séparer la bordure supérieure et le contenu de la sélection.</help:help-text></text:p>
  <text:p text:style-name="Head 3"><help:help-id value="SVX_METRICFIELD_RID_SVXPAGE_BORDER_MF_BOTTOM"/>Bas</text:p>
  <text:p text:style-name="Paragraph"><help:help-text value="visible">Saisissez l&apos;écart devant séparer la bordure inférieure et le contenu de la sélection.</help:help-text></text:p>
  <text:p text:style-name="Head 3"><help:help-id value="SVX_CHECKBOX_RID_SVXPAGE_BORDER_CB_SYNC"/>Synchroniser</text:p>
  <text:p text:style-name="Paragraph"><help:help-text value="visible">Applique le même paramètre <text:span text:style-name="T1">Écart avec le contenu</text:span> aux quatre bordures lorsque vous saisissez un nouvel écart.</help:help-text></text:p>
  <text:p text:style-name="Head 2"><help:key-word value="Ombre; Bordure" tag="kw65824_1"/><help:key-word value="Bordure; Ombre" tag="kw65824_5"/><help:key-word value="Marge; Ombre" tag="kw65824_4"/><help:key-word value="Cadre; Ombre" tag="kw65824_3"/>Ombre</text:p>
  <text:p text:style-name="Paragraph">Vous pouvez aussi appliquer une ombre aux bordures. Pour obtenir un meilleur effet, appliquez une ombre uniquement si les quatre bordures sont visibles.</text:p>
  <table:table table:name="Tabelle1" table:style-name="Tabelle1">
   <table:table-column table:style-name="Tabelle1.A"/>
   <table:table-column table:style-name="Tabelle1.B"/>
   <table:table-header-rows>
    <table:table-row table:style-name="Tabelle1.1">
     <table:table-cell table:style-name="Tabelle1.A1" table:value-type="string">
      <text:p text:style-name="Paragraph"><draw:image draw:name="Icône1" svg:desc="Icône Remarque" svg:pixelx="32" svg:pixely="32" svg:width="0.847cm" svg:height="0.847cm" xlink:href="65980" draw:filter-name=""/></text:p>

     </table:table-cell>
     <table:table-cell table:style-name="Tabelle1.A1" table:value-type="string">
      <text:p text:style-name="Paragraph"><help:key-word value="Ombres; Dans les images des cadres" tag="kw65824_2"/>Les images ou les objets ancrés dans des cadres à l&apos;intérieur du document ne peuvent excéder la taille du cadre. Si vous appliquez une ombre aux bordures d&apos;un objet remplissant un cadre entier, la taille de l&apos;objet est réduite afin que l&apos;ombre soit visible.</text:p>
     </table:table-cell>
    </table:table-row>
   </table:table-header-rows>
  </table:table>
  <text:p text:style-name="Head 3"><help:help-id value="HID_BORDER_CTL_SHADOWS"/>Position</text:p>
  <text:p text:style-name="Paragraph"><help:help-text value="visible">Cliquez sur un style d&apos;ombre à appliquer aux bordures sélectionnées.</help:help-text></text:p>
  <text:p text:style-name="Head 3"><help:help-id value="SVX_METRICFIELD_RID_SVXPAGE_BORDER_ED_SHADOWSIZE"/>Distance</text:p>
  <text:p text:style-name="Paragraph"><help:help-text value="visible">Saisissez la largeur de l&apos;ombre.</help:help-text></text:p>
  <text:p text:style-name="Head 3"><help:help-id value="SVX_LISTBOX_RID_SVXPAGE_BORDER_LB_SHADOWCOLOR"/>Couleur</text:p>
  <text:p text:style-name="Paragraph"><help:help-text value="visible">Sélectionnez une couleur d&apos;ombre.</help:help-text></text:p>
  <text:p text:style-name="ParaList"><help:embedded Id="65598" Eid="related"></help:embedded></text:p>
  <text:p text:style-name="ParaList"><help:embedded Id="68655" Eid="border_page"></help:embedded></text:p>
  <text:p text:style-name="ParaList"><help:embedded Id="68654" Eid="border_paragraph"></help:embedded></text:p>
  <text:p text:style-name="ParaList"><help:embedded Id="68656" Eid="border_table"></help:embedded></text:p>
  <text:p text:style-name="ParaList"><help:embedded Id="68657" Eid="border_object"></help:embedded></text:p>
 </office:body>
</office:document>
