

<office:document  xmlns:office="http://openoffice.org/2000/office" xmlns:style="http://openoffice.org/2000/style" xmlns:text="http://openoffice.org/2000/text" xmlns:table="http://openoffice.org/2000/table" xmlns:draw="http://openoffice.org/2000/drawing" xmlns:fo="http://www.w3.org/1999/XSL/Format" xmlns:xlink="http://www.w3.org/1999/xlink" xmlns:number="http://openoffice.org/2000/datastyle" xmlns:svg="http://www.w3.org/2000/svg" xmlns:chart="http://openoffice.org/2000/chart" xmlns:dr3d="http://openoffice.org/2000/dr3d" xmlns:math="http://www.w3.org/1998/Math/MathML" xmlns:form="http://openoffice.org/2000/form" xmlns:script="http://openoffice.org/2000/script" office:class="text" office:version="1.0" xmlns:dc="http://purl.org/dc/elements/1.1/" xmlns:meta="http://openoffice.org/2000/meta" xmlns:help="http://openoffice.org/2000/help">
<office:meta>
  <dc:description>text/common/01/05040300</dc:description>
  <dc:subject>En-tête</dc:subject>

  <dc:language>fr-FR</dc:language>
  <meta:user-defined meta:name="Info 0">READY</meta:user-defined>
  <meta:user-defined meta:name="Info 1">FREE_OK</meta:user-defined>
  <meta:user-defined meta:name="Info 2"/>
  <meta:user-defined meta:name="Info 3"/>
</office:meta>
 <office:script/>
 <office:font-decls>
  <style:font-decl style:name="StarSymbol" fo:font-family="StarSymbol" style:font-charset="x-symbol"/>
  <style:font-decl style:name="Courier New" fo:font-family="&apos;Courier New&apos;" style:font-style-name="Standard" style:font-family-generic="modern" style:font-pitch="fixed"/>
  <style:font-decl style:name="Courier" fo:font-family="Courier" style:font-family-generic="roman" style:font-pitch="fixed"/>
  <style:font-decl style:name="Arial Unicode MS" fo:font-family="&apos;Arial Unicode MS&apos;" style:font-pitch="variable"/>
  <style:font-decl style:name="HG Mincho Light J" fo:font-family="&apos;HG Mincho Light J&apos;" style:font-pitch="variable"/>
  <style:font-decl style:name="Times New Roman3" fo:font-family="&apos;Times New Roman&apos;" style:font-pitch="variable"/>
  <style:font-decl style:name="Thorndale" fo:font-family="Thorndale" style:font-family-generic="roman" style:font-pitch="variable"/>
  <style:font-decl style:name="Times New Roman2" fo:font-family="&apos;Times New Roman&apos;" style:font-style-name="Fett" style:font-family-generic="roman" style:font-pitch="variable"/>
  <style:font-decl style:name="Times New Roman" fo:font-family="&apos;Times New Roman&apos;" style:font-style-name="Standard" style:font-family-generic="roman" style:font-pitch="variable"/>
  <style:font-decl style:name="Times New Roman1" fo:font-family="&apos;Times New Roman&apos;" style:font-family-generic="swiss" style:font-pitch="variable"/>
 </office:font-decls>
 <office:automatic-styles>
  <style:style style:name="Tabelle1" style:family="table">
   <style:properties style:width="18cm" table:align="margins"/>
  </style:style>
  <style:style style:name="Tabelle1.A" style:family="table-column">
   <style:properties style:column-width="1.499cm" style:rel-column-width="850*"/>
  </style:style>
  <style:style style:name="Tabelle1.B" style:family="table-column">
   <style:properties style:column-width="16.498cm" style:rel-column-width="9352*"/>
  </style:style>
  <style:style style:name="Tabelle1.1" style:family="table-row">
   <style:properties style:min-row-height="0.848cm"/>
  </style:style>
  <style:style style:name="Tabelle1.A1" style:family="table-cell">
   <style:properties fo:padding="0cm" fo:border="none"/>
  </style:style>
  <style:style style:name="Tabelle2" style:family="table">
   <style:properties style:width="18cm" table:align="margins"/>
  </style:style>
  <style:style style:name="Tabelle2.A" style:family="table-column">
   <style:properties style:column-width="1.499cm" style:rel-column-width="850*"/>
  </style:style>
  <style:style style:name="Tabelle2.B" style:family="table-column">
   <style:properties style:column-width="16.498cm" style:rel-column-width="9352*"/>
  </style:style>
  <style:style style:name="Tabelle2.1" style:family="table-row">
   <style:properties style:min-row-height="0.848cm"/>
  </style:style>
  <style:style style:name="Tabelle2.A1" style:family="table-cell">
   <style:properties fo:padding="0cm" fo:border="none"/>
  </style:style>
  <style:style style:name="P1" style:family="paragraph" style:parent-style-name="Paragraph" style:master-page-name="HTML">
   <style:properties style:page-number="0"/>
  </style:style>
  <style:style style:name="T1" style:family="text">
   <style:properties fo:font-weight="bold"/>
  </style:style>
  <style:style style:name="fr1" style:family="graphics" style:parent-style-name="Graphics">
   <style:properties style:run-through="foreground" style:wrap="run-through" style:vertical-pos="middle" style:vertical-rel="paragraph" style:horizontal-pos="left" style:horizontal-rel="paragraph" style:mirror="none" fo:clip="rect(0cm 0cm 0cm 0cm)" draw:luminance="0%" draw:contrast="0%" draw:red="0%" draw:green="0%" draw:blue="0%" draw:gamma="1" draw:color-inversion="false" draw:transparency="-100%" draw:color-mode="standard"/>
  </style:style>
 </office:automatic-styles>
 <office:body>
  <text:variable-decls>
   <text:variable-decl text:value-type="string" text:name="HTML_ON"/>
   <text:variable-decl text:value-type="string" text:name="HTML_OFF"/>
   <text:variable-decl text:value-type="string" text:name="TITEL"/>
   <text:variable-decl text:value-type="string" text:name="END"/>
   <text:variable-decl text:value-type="string" text:name="OS2"/>
   <text:variable-decl text:value-type="string" text:name="ELSE"/>
   <text:variable-decl text:value-type="string" text:name="HREF"/>
   <text:variable-decl text:value-type="string" text:name="NAME"/>
   <text:variable-decl text:value-type="string" text:name="HFELD"/>
   <text:variable-decl text:value-type="string" text:name="WIN"/>
   <text:variable-decl text:value-type="string" text:name="HelpID"/>
   <text:variable-decl text:value-type="string" text:name="MODIFY"/>
   <text:variable-decl text:value-type="string" text:name="REFNR"/>
   <text:variable-decl text:value-type="string" text:name="KEY"/>
   <text:variable-decl text:value-type="string" text:name="MAC"/>
   <text:variable-decl text:value-type="string" text:name="AKTHLP"/>
   <text:variable-decl text:value-type="string" text:name="INDEX"/>
   <text:variable-decl text:value-type="string" text:name="STYLE"/>
  </text:variable-decls>
  <text:sequence-decls>
   <text:sequence-decl text:display-outline-level="0" text:name="Illustration"/>
   <text:sequence-decl text:display-outline-level="0" text:name="Table"/>
   <text:sequence-decl text:display-outline-level="0" text:name="Text"/>
   <text:sequence-decl text:display-outline-level="0" text:name="Drawing"/>
  </text:sequence-decls>
  <help:to-be-embedded Eid="kopfzeile">
  <text:p text:style-name="Head 1"><help:help-id value="HID_FORMAT_HEADER"/><help:key-word value="En-tête; Insertion" tag="kw65695_1"/><help:key-word value="Page; En-tête" tag="kw65695_4"/><help:key-word value="Titre; En-tête" tag="kw65695_3"/><help:key-word value="Insertion; En-tête" tag="kw65695_2"/><help:link Id="65695">En-tête</help:link></text:p>
  <text:p text:style-name="Paragraph"><help:help-text value="visible">Ajoute un en-tête au style de page actif. Un en-tête est une zone située dans la marge supérieure d&apos;une page dans laquelle vous pouvez insérer du texte ou des images.</help:help-text></text:p>
  </help:to-be-embedded>
  <text:p text:style-name="Paragraph">Vous pouvez également ajouter une bordure ou un remplissage d&apos;arrière-plan à un en-tête.</text:p>
  <help:switch select="Program"><help:case select="IMPRESS"><help:embedded Id="68610" Eid="footer"></help:embedded></help:case></help:switch>
  <help:popup Id="65599" Eid="kopfzeile"><help:embedded Id="65598" Eid="wie"></help:embedded></help:popup>
  <text:p text:style-name="Paragraph"><help:switch select="Program"><help:case select="WRITER">Pour insérer un en-tête dans le document actif, sélectionnez <text:span text:style-name="T1">Activer l&apos;en-tête</text:span>, puis cliquez sur <text:span text:style-name="T1">OK</text:span>.</help:case></help:switch></text:p>
  <text:p text:style-name="Paragraph">Si vous souhaitez qu&apos;un en-tête couvre les marges de la page, insérez un cadre dans cet en-tête.</text:p>
  <table:table table:name="Tabelle1" table:style-name="Tabelle1">
   <table:table-column table:style-name="Tabelle1.A"/>
   <table:table-column table:style-name="Tabelle1.B"/>
   <table:table-header-rows>
    <table:table-row table:style-name="Tabelle1.1">
     <table:table-cell table:style-name="Tabelle1.A1" table:value-type="string">
      <text:p text:style-name="Paragraph"><draw:image draw:name="Icône0" svg:desc="Cette icône est réservée aux infobulles pour une utilisation plus efficace du programme." svg:pixelx="32" svg:pixely="32" svg:width="0.847cm" svg:height="0.847cm" xlink:href="66732" draw:filter-name=""/></text:p>

     </table:table-cell>
     <table:table-cell table:style-name="Tabelle1.A1" table:value-type="string">
      <text:p text:style-name="Paragraph">Pour passer rapidement du texte à l&apos;en-tête du document, et inversement, ou du pied de page à l&apos;en-tête, appuyez sur Ctrl+Page précédente.</text:p>
     </table:table-cell>
    </table:table-row>
   </table:table-header-rows>
  </table:table>
  <table:table table:name="Tabelle2" table:style-name="Tabelle2">
   <table:table-column table:style-name="Tabelle2.A"/>
   <table:table-column table:style-name="Tabelle2.B"/>
   <table:table-header-rows>
    <table:table-row table:style-name="Tabelle2.1">
     <table:table-cell table:style-name="Tabelle2.A1" table:value-type="string">
      <text:p text:style-name="Paragraph"/>
     </table:table-cell>
     <table:table-cell table:style-name="Tabelle2.A1" table:value-type="string">
      <text:p text:style-name="Paragraph">Pour passer rapidement de l&apos;en-tête au pied de page, appuyez sur Ctrl+Page suivante.</text:p>
     </table:table-cell>
    </table:table-row>
   </table:table-header-rows>
  </table:table>
  <text:p text:style-name="Head 2">En-tête</text:p>
  <text:p text:style-name="Paragraph">Permet de définir les propriétés de l&apos;en-tête.</text:p>
  <text:p text:style-name="Head 3"><help:help-id value="SVX_CHECKBOX_RID_SVXPAGE_HEADER_CB_TURNON"/>Activer l&apos;en-tête</text:p>
  <text:p text:style-name="Paragraph"><help:help-text value="visible">Ajoute un en-tête au style de page actif.</help:help-text></text:p>
  <text:p text:style-name="Head 3"><help:help-id value="SVX_CHECKBOX_RID_SVXPAGE_HEADER_CB_SHARED"/>Même contenu gauche/droite</text:p>
  <text:p text:style-name="Paragraph"><help:help-text value="visible">Ajoute l&apos;en-tête aux pages paires et impaires. Cette option n&apos;est disponible que pour le style de page <text:span text:style-name="T1">Standard</text:span>.<help:switch select="Program"><help:case select="CALC"> Pour assigner des en-têtes distincts aux pages paires et impaires, désélectionnez cette option, puis cliquez sur <text:span text:style-name="T1">Éditer</text:span>.</help:case></help:switch></help:help-text></text:p>
  <text:p text:style-name="Head 3"><help:help-id value="SVX_METRICFIELD_RID_SVXPAGE_HEADER_ED_LMARGIN"/>Marge gauche</text:p>
  <text:p text:style-name="Paragraph"><help:help-text value="visible">Saisissez l&apos;écart devant séparer le bord gauche de la page et le bord gauche de l&apos;en-tête.</help:help-text></text:p>
  <text:p text:style-name="Head 3"><help:help-id value="SVX_METRICFIELD_RID_SVXPAGE_HEADER_ED_RMARGIN"/>Marge droite</text:p>
  <text:p text:style-name="Paragraph"><help:help-text value="visible">Saisissez l&apos;écart devant séparer le bord droit de la page et le bord droit de l&apos;en-tête.</help:help-text></text:p>
  <text:p text:style-name="Head 3"><help:help-id value="SVX_METRICFIELD_RID_SVXPAGE_HEADER_ED_DIST"/>Écart</text:p>
  <text:p text:style-name="Paragraph"><help:help-text value="visible">Saisissez l&apos;écart devant séparer le bord inférieur de l&apos;en-tête et le bord supérieur du texte du document.</help:help-text></text:p>
  <text:p text:style-name="Head 4"><help:help-id value="SVX_CHECKBOX_RID_SVXPAGE_HEADER_CB_DYNSPACING"/>Utilisation de l&apos;espacement dynamique</text:p>
  <text:p text:style-name="Paragraph"><help:help-text value="visible">Cette option, qui a priorité sur le paramètre <text:span text:style-name="T1">Écart</text:span>, permet à l&apos;en-tête de couvrir la zone située entre l&apos;en-tête et le texte du document.</help:help-text></text:p>
  <text:p text:style-name="Head 3"><help:help-id value="SVX_METRICFIELD_RID_SVXPAGE_HEADER_ED_HEIGHT"/>Hauteur</text:p>
  <text:p text:style-name="Paragraph"><help:help-text value="visible">Saisissez la hauteur souhaitée pour l&apos;en-tête.</help:help-text></text:p>
  <text:p text:style-name="Head 3"><help:help-id value="SVX_CHECKBOX_RID_SVXPAGE_HEADER_CB_HEIGHT_DYN"/>Adaptation dynamique de la hauteur</text:p>
  <text:p text:style-name="Paragraph"><help:help-text value="visible">Adapte automatiquement la hauteur de l&apos;en-tête au contenu que vous saisissez.</help:help-text></text:p>
  <help:embedded Id="65630" Eid="vorschau"></help:embedded>
  <text:p text:style-name="Head 2"><help:help-id value="SVX_PUSHBUTTON_RID_SVXPAGE_HEADER_BTN_EXTRAS"/>Options</text:p>
  <text:p text:style-name="Paragraph"><help:help-text value="visible">Permet d&apos;assigner à l&apos;en-tête une bordure, une couleur d&apos;arrière-plan ou un motif d&apos;arrière-plan.</help:help-text></text:p>
  <text:p text:style-name="Head 2"><help:help-id value="HID_SC_HEADER_EDIT"/><help:switch select="Program"><help:case select="CALC">Éditer</help:case></help:switch></text:p>
  <text:p text:style-name="Paragraph"><help:help-text value="visible"><help:switch select="Program"><help:case select="CALC">Cliquez sur ce bouton pour <help:link Id="66829">ajouter ou éditer</help:link> le texte de l&apos;en-tête.</help:case></help:switch></help:help-text></text:p>
  <text:p text:style-name="ParaList"><help:embedded Id="65598" Eid="related"></help:embedded></text:p>
  <text:p text:style-name="ParaList"><help:link Id="67670"></help:link></text:p>
  <text:p text:style-name="ParaList"><help:popup Id="65602" Eid="metrik"></help:popup></text:p>
  <text:p text:style-name="ParaList"><help:link Id="65824"></help:link></text:p>
  <text:p text:style-name="ParaList"><help:link Id="65634"></help:link></text:p>
 </office:body>
</office:document>
