

<office:document  xmlns:office="http://openoffice.org/2000/office" xmlns:style="http://openoffice.org/2000/style" xmlns:text="http://openoffice.org/2000/text" xmlns:table="http://openoffice.org/2000/table" xmlns:draw="http://openoffice.org/2000/drawing" xmlns:fo="http://www.w3.org/1999/XSL/Format" xmlns:xlink="http://www.w3.org/1999/xlink" xmlns:number="http://openoffice.org/2000/datastyle" xmlns:svg="http://www.w3.org/2000/svg" xmlns:chart="http://openoffice.org/2000/chart" xmlns:dr3d="http://openoffice.org/2000/dr3d" xmlns:math="http://www.w3.org/1998/Math/MathML" xmlns:form="http://openoffice.org/2000/form" xmlns:script="http://openoffice.org/2000/script" office:class="text" office:version="1.0" xmlns:dc="http://purl.org/dc/elements/1.1/" xmlns:meta="http://openoffice.org/2000/meta" xmlns:help="http://openoffice.org/2000/help">
<office:meta>
  <dc:description>text/common/01/05060000</dc:description>
  <dc:subject>Ruby</dc:subject>

  <dc:language>fr-FR</dc:language>
  <meta:user-defined meta:name="Info 0">READY</meta:user-defined>
  <meta:user-defined meta:name="Info 1">FREE_OK</meta:user-defined>
  <meta:user-defined meta:name="Info 2"/>
  <meta:user-defined meta:name="Info 3"/>
</office:meta>
 <office:script/>
 <office:font-decls>
  <style:font-decl style:name="StarSymbol" fo:font-family="StarSymbol" style:font-charset="x-symbol"/>
  <style:font-decl style:name="Courier New" fo:font-family="&apos;Courier New&apos;" style:font-style-name="Standard" style:font-family-generic="modern" style:font-pitch="fixed"/>
  <style:font-decl style:name="Courier" fo:font-family="Courier" style:font-family-generic="roman" style:font-pitch="fixed"/>
  <style:font-decl style:name="Arial Unicode MS" fo:font-family="&apos;Arial Unicode MS&apos;" style:font-pitch="variable"/>
  <style:font-decl style:name="HG Mincho Light J" fo:font-family="&apos;HG Mincho Light J&apos;" style:font-pitch="variable"/>
  <style:font-decl style:name="Times New Roman3" fo:font-family="&apos;Times New Roman&apos;" style:font-pitch="variable"/>
  <style:font-decl style:name="Thorndale" fo:font-family="Thorndale" style:font-family-generic="roman" style:font-pitch="variable"/>
  <style:font-decl style:name="Times New Roman2" fo:font-family="&apos;Times New Roman&apos;" style:font-style-name="Fett" style:font-family-generic="roman" style:font-pitch="variable"/>
  <style:font-decl style:name="Times New Roman" fo:font-family="&apos;Times New Roman&apos;" style:font-style-name="Standard" style:font-family-generic="roman" style:font-pitch="variable"/>
  <style:font-decl style:name="Times New Roman1" fo:font-family="&apos;Times New Roman&apos;" style:font-family-generic="swiss" style:font-pitch="variable"/>
 </office:font-decls>
 <office:automatic-styles>
  <style:style style:name="P1" style:family="paragraph" style:parent-style-name="Paragraph" style:master-page-name="HTML">
   <style:properties style:page-number="0"/>
  </style:style>
  <style:style style:name="P2" style:family="paragraph" style:parent-style-name="Paragraph" style:list-style-name="L1"/>
  <style:style style:name="T1" style:family="text">
   <style:properties fo:font-weight="bold"/>
  </style:style>
  <text:list-style style:name="L1">
   <text:list-level-style-number text:level="1" text:style-name="Numbering Symbols" style:num-suffix="." style:num-format="1">
    <style:properties text:min-label-width="0.499cm"/>
   </text:list-level-style-number>
   <text:list-level-style-number text:level="2" text:style-name="Numbering Symbols" style:num-suffix="." style:num-format="1">
    <style:properties text:space-before="0.499cm" text:min-label-width="0.499cm"/>
   </text:list-level-style-number>
   <text:list-level-style-number text:level="3" text:style-name="Numbering Symbols" style:num-suffix="." style:num-format="1">
    <style:properties text:space-before="0.999cm" text:min-label-width="0.499cm"/>
   </text:list-level-style-number>
   <text:list-level-style-number text:level="4" text:style-name="Numbering Symbols" style:num-suffix="." style:num-format="1">
    <style:properties text:space-before="1.498cm" text:min-label-width="0.499cm"/>
   </text:list-level-style-number>
   <text:list-level-style-number text:level="5" text:style-name="Numbering Symbols" style:num-suffix="." style:num-format="1">
    <style:properties text:space-before="1.997cm" text:min-label-width="0.499cm"/>
   </text:list-level-style-number>
   <text:list-level-style-number text:level="6" text:style-name="Numbering Symbols" style:num-suffix="." style:num-format="1">
    <style:properties text:space-before="2.496cm" text:min-label-width="0.499cm"/>
   </text:list-level-style-number>
   <text:list-level-style-number text:level="7" text:style-name="Numbering Symbols" style:num-suffix="." style:num-format="1">
    <style:properties text:space-before="2.995cm" text:min-label-width="0.499cm"/>
   </text:list-level-style-number>
   <text:list-level-style-number text:level="8" text:style-name="Numbering Symbols" style:num-suffix="." style:num-format="1">
    <style:properties text:space-before="3.494cm" text:min-label-width="0.499cm"/>
   </text:list-level-style-number>
   <text:list-level-style-number text:level="9" text:style-name="Numbering Symbols" style:num-suffix="." style:num-format="1">
    <style:properties text:space-before="3.994cm" text:min-label-width="0.499cm"/>
   </text:list-level-style-number>
   <text:list-level-style-number text:level="10" text:style-name="Numbering Symbols" style:num-suffix="." style:num-format="1">
    <style:properties text:space-before="4.493cm" text:min-label-width="0.499cm"/>
   </text:list-level-style-number>
  </text:list-style>
 </office:automatic-styles>
 <office:body>
  <text:variable-decls>
   <text:variable-decl text:value-type="string" text:name="HTML_ON"/>
   <text:variable-decl text:value-type="string" text:name="HTML_OFF"/>
   <text:variable-decl text:value-type="string" text:name="TITEL"/>
   <text:variable-decl text:value-type="string" text:name="END"/>
   <text:variable-decl text:value-type="string" text:name="OS2"/>
   <text:variable-decl text:value-type="string" text:name="ELSE"/>
   <text:variable-decl text:value-type="string" text:name="NAME"/>
   <text:variable-decl text:value-type="string" text:name="HREF"/>
   <text:variable-decl text:value-type="string" text:name="HelpID"/>
   <text:variable-decl text:value-type="string" text:name="MODIFY"/>
   <text:variable-decl text:value-type="string" text:name="REFNR"/>
   <text:variable-decl text:value-type="string" text:name="AKTHLP"/>
   <text:variable-decl text:value-type="string" text:name="KEY"/>
   <text:variable-decl text:value-type="string" text:name="INDEX"/>
   <text:variable-decl text:value-type="string" text:name="HFELD"/>
   <text:variable-decl text:value-type="string" text:name="STYLE"/>
  </text:variable-decls>
  <text:sequence-decls>
   <text:sequence-decl text:display-outline-level="0" text:name="Illustration"/>
   <text:sequence-decl text:display-outline-level="0" text:name="Table"/>
   <text:sequence-decl text:display-outline-level="0" text:name="Text"/>
   <text:sequence-decl text:display-outline-level="0" text:name="Drawing"/>
  </text:sequence-decls>
  <help:to-be-embedded Eid="ruby">
  <text:p text:style-name="Head 1"><help:help-id value="SID_RUBY_DIALOG"/><help:key-word value="Ruby; Texte" tag="kw68126_1"/><help:key-word value="Indication phonétique; Ruby" tag="kw68126_2"/><help:link Id="68126">Ruby</help:link></text:p>
  <text:p text:style-name="Paragraph"><help:help-text value="visible">Vous permet d&apos;ajouter des commentaires au-dessus des caractères asiatiques dans le but d&apos;aider à la prononciation.</help:help-text></text:p>
  <help:embedded Id="65609" Eid="asiahinweis"></help:embedded>
  </help:to-be-embedded>
  <help:popup Id="65599" Eid="ruby"><help:embedded Id="65598" Eid="wie"></help:embedded></help:popup>
  <text:ordered-list text:style-name="L1">
   <text:list-item>
    <text:p text:style-name="P2">Sélectionnez un ou plusieurs mots dans le document.</text:p>
   </text:list-item>
   <text:list-item>
    <text:p text:style-name="P2">Ouvrez la boîte de dialogue <text:span text:style-name="T1">Format - Ruby</text:span>.</text:p>
   </text:list-item>
   <text:list-item>
    <text:p text:style-name="P2">Saisissez pour chaque mot le texte Ruby.</text:p>
   </text:list-item>
  </text:ordered-list>
  <text:p text:style-name="Head 2"><help:help-id value="SVX_EDIT_RID_SVXDLG_RUBY_ED_LEFT_1"/><help:help-id value="SVX_EDIT_RID_SVXDLG_RUBY_ED_LEFT_2"/><help:help-id value="SVX_EDIT_RID_SVXDLG_RUBY_ED_LEFT_3"/><help:help-id value="SVX_EDIT_RID_SVXDLG_RUBY_ED_LEFT_4"/>Texte de base</text:p>
  <text:p text:style-name="Paragraph"><help:help-text value="visible">Affiche le texte de base que vous avez sélectionné dans le fichier actif. Si vous le souhaitez, vous pouvez modifier le texte de base en saisissant le nouveau texte ici.</help:help-text></text:p>
  <text:p text:style-name="Head 2"><help:help-id value="SVX_EDIT_RID_SVXDLG_RUBY_ED_RIGHT_1"/><help:help-id value="SVX_EDIT_RID_SVXDLG_RUBY_ED_RIGHT_2"/><help:help-id value="SVX_EDIT_RID_SVXDLG_RUBY_ED_RIGHT_3"/><help:help-id value="SVX_EDIT_RID_SVXDLG_RUBY_ED_RIGHT_4"/>Texte Ruby</text:p>
  <text:p text:style-name="Paragraph"><help:help-text value="visible">Saisissez le texte à utiliser comme aide à la prononciation pour le texte de base.</help:help-text></text:p>
  <text:p text:style-name="Head 2"><help:help-id value="SVX_LISTBOX_RID_SVXDLG_RUBY_LB_ADJUST"/>Alignement</text:p>
  <text:p text:style-name="Paragraph"><help:help-text value="visible">Sélectionnez l&apos;alignement horizontal pour le texte Ruby.</help:help-text></text:p>
  <text:p text:style-name="Head 2"><help:help-id value="SVX_LISTBOX_RID_SVXDLG_RUBY_LB_POSITION"/>Position</text:p>
  <text:p text:style-name="Paragraph"><help:help-text value="visible">Sélectionnez l&apos;emplacement du texte Ruby.</help:help-text></text:p>
  <text:p text:style-name="Head 2"><help:help-id value="SVX_LISTBOX_RID_SVXDLG_RUBY_LB_CHAR_STYLE"/>Style de caractères pour le texte Ruby</text:p>
  <text:p text:style-name="Paragraph"><help:help-text value="visible">Sélectionnez un style de caractère pour le texte Ruby.</help:help-text></text:p>
  <text:p text:style-name="Head 2"><help:help-id value="SVX_PUSHBUTTON_RID_SVXDLG_RUBY_PB_STYLIST"/>Styliste</text:p>
  <text:p text:style-name="Paragraph"><help:help-text value="visible">Ouvre le <help:switch select="Program"><help:case select="WRITER"><help:link Id="67624">Styliste</help:link></help:case><help:default>Styliste</help:default></help:switch> qui vous permet de sélectionner un style de caractère pour le texte Ruby.</help:help-text></text:p>
  <help:embedded Id="65630" Eid="vorschau"></help:embedded>
  <help:embedded Id="65630" Eid="uebernehmen"></help:embedded>
 </office:body>
</office:document>
