

<office:document  xmlns:office="http://openoffice.org/2000/office" xmlns:style="http://openoffice.org/2000/style" xmlns:text="http://openoffice.org/2000/text" xmlns:table="http://openoffice.org/2000/table" xmlns:draw="http://openoffice.org/2000/drawing" xmlns:fo="http://www.w3.org/1999/XSL/Format" xmlns:xlink="http://www.w3.org/1999/xlink" xmlns:number="http://openoffice.org/2000/datastyle" xmlns:svg="http://www.w3.org/2000/svg" xmlns:chart="http://openoffice.org/2000/chart" xmlns:dr3d="http://openoffice.org/2000/dr3d" xmlns:math="http://www.w3.org/1998/Math/MathML" xmlns:form="http://openoffice.org/2000/form" xmlns:script="http://openoffice.org/2000/script" office:class="text" office:version="1.0" xmlns:dc="http://purl.org/dc/elements/1.1/" xmlns:meta="http://openoffice.org/2000/meta" xmlns:help="http://openoffice.org/2000/help">
<office:meta>
  <dc:description>text/common/01/05210300</dc:description>
  <dc:subject>Dégradé</dc:subject>

  <dc:language>fr-FR</dc:language>
  <meta:user-defined meta:name="Info 0">READY</meta:user-defined>
  <meta:user-defined meta:name="Info 1">FREE_OK</meta:user-defined>
  <meta:user-defined meta:name="Info 2"/>
  <meta:user-defined meta:name="Info 3"/>
</office:meta>
 <office:script/>
 <office:font-decls>
  <style:font-decl style:name="StarSymbol" fo:font-family="StarSymbol" style:font-charset="x-symbol"/>
  <style:font-decl style:name="Courier New" fo:font-family="&apos;Courier New&apos;" style:font-style-name="Standard" style:font-family-generic="modern" style:font-pitch="fixed"/>
  <style:font-decl style:name="Courier" fo:font-family="Courier" style:font-family-generic="roman" style:font-pitch="fixed"/>
  <style:font-decl style:name="Arial Unicode MS" fo:font-family="&apos;Arial Unicode MS&apos;" style:font-pitch="variable"/>
  <style:font-decl style:name="HG Mincho Light J" fo:font-family="&apos;HG Mincho Light J&apos;" style:font-pitch="variable"/>
  <style:font-decl style:name="Times New Roman3" fo:font-family="&apos;Times New Roman&apos;" style:font-pitch="variable"/>
  <style:font-decl style:name="Thorndale" fo:font-family="Thorndale" style:font-family-generic="roman" style:font-pitch="variable"/>
  <style:font-decl style:name="Times New Roman2" fo:font-family="&apos;Times New Roman&apos;" style:font-style-name="Fett" style:font-family-generic="roman" style:font-pitch="variable"/>
  <style:font-decl style:name="Times New Roman" fo:font-family="&apos;Times New Roman&apos;" style:font-style-name="Standard" style:font-family-generic="roman" style:font-pitch="variable"/>
  <style:font-decl style:name="Times New Roman1" fo:font-family="&apos;Times New Roman&apos;" style:font-family-generic="swiss" style:font-pitch="variable"/>
 </office:font-decls>
 <office:automatic-styles>
  <style:style style:name="P1" style:family="paragraph" style:parent-style-name="Paragraph" style:master-page-name="HTML">
   <style:properties style:page-number="0"/>
  </style:style>
  <style:style style:name="T1" style:family="text">
   <style:properties fo:font-weight="bold"/>
  </style:style>
 </office:automatic-styles>
 <office:body>
  <text:variable-decls>
   <text:variable-decl text:value-type="string" text:name="HTML_ON"/>
   <text:variable-decl text:value-type="string" text:name="HTML_OFF"/>
   <text:variable-decl text:value-type="string" text:name="TITEL"/>
   <text:variable-decl text:value-type="string" text:name="END"/>
   <text:variable-decl text:value-type="string" text:name="HREF"/>
   <text:variable-decl text:value-type="string" text:name="OS2"/>
   <text:variable-decl text:value-type="string" text:name="ELSE"/>
   <text:variable-decl text:value-type="string" text:name="MAC"/>
   <text:variable-decl text:value-type="string" text:name="NAME"/>
   <text:variable-decl text:value-type="string" text:name="HelpID"/>
   <text:variable-decl text:value-type="string" text:name="MODIFY"/>
   <text:variable-decl text:value-type="string" text:name="REFNR"/>
   <text:variable-decl text:value-type="string" text:name="KEY"/>
   <text:variable-decl text:value-type="string" text:name="AKTHLP"/>
   <text:variable-decl text:value-type="string" text:name="INDEX"/>
   <text:variable-decl text:value-type="string" text:name="STYLE"/>
  </text:variable-decls>
  <text:sequence-decls>
   <text:sequence-decl text:display-outline-level="0" text:name="Illustration"/>
   <text:sequence-decl text:display-outline-level="0" text:name="Table"/>
   <text:sequence-decl text:display-outline-level="0" text:name="Text"/>
   <text:sequence-decl text:display-outline-level="0" text:name="Drawing"/>
  </text:sequence-decls>
  <help:to-be-embedded Eid="farbverlaeufe">
  <text:p text:style-name="Head 1"><help:help-id value="HID_AREA_GRADIENT"/><help:key-word value="Remplissage; Dégradé" tag="kw65782_3"/><help:key-word value="Dégradé; Remplissage" tag="kw65782_5"/><help:key-word value="Dégradé; Remplissage" tag="kw65782_4"/><help:link Id="65782">Dégradé</help:link></text:p>
  <text:p text:style-name="Paragraph"><help:help-text value="visible">Définissez les propriétés d&apos;un dégradé ou enregistrez et chargez des listes de dégradés.</help:help-text></text:p>
  </help:to-be-embedded>
  <help:popup Id="65593" Eid="verlauf"><help:embedded Id="65598" Eid="wie"></help:embedded></help:popup>
  <text:p text:style-name="Head 3"><help:help-id value="SVX_LISTBOX_RID_SVXPAGE_GRADIENT_LB_GRADIENT_TYPES"/>Type</text:p>
  <text:p text:style-name="Paragraph"><help:help-text value="visible">Répertorie les dégradés existants. Cliquez sur le dégradé à appliquer, puis sur <text:span text:style-name="T1">OK</text:span>.</help:help-text></text:p>
  <text:p text:style-name="Head 3"><help:help-id value="SVX_METRICFIELD_RID_SVXPAGE_GRADIENT_MTR_CENTER_X"/>Centre X</text:p>
  <text:p text:style-name="Paragraph"><help:help-text value="visible">Saisissez le retrait horizontal pour le dégradé, où 0 % correspond à l&apos;emplacement horizontal actuel de la couleur du point final du dégradé. La couleur du point final est la couleur sélectionnée dans la zone <text:span text:style-name="T1">À</text:span>.</help:help-text></text:p>
  <text:p text:style-name="Head 3"><help:help-id value="SVX_METRICFIELD_RID_SVXPAGE_GRADIENT_MTR_CENTER_Y"/>Centre Y</text:p>
  <text:p text:style-name="Paragraph"><help:help-text value="visible">Saisissez le retrait vertical pour le dégradé, où 0 % correspond à l&apos;emplacement vertical actuel de la couleur du point final du dégradé. La couleur du point final est la couleur sélectionnée dans la zone <text:span text:style-name="T1">À</text:span>.</help:help-text></text:p>
  <text:p text:style-name="Head 3"><help:help-id value="SVX_METRICFIELD_RID_SVXPAGE_GRADIENT_MTR_ANGLE"/>Angle</text:p>
  <text:p text:style-name="Paragraph"><help:help-text value="visible">Saisissez un angle de rotation pour le dégradé sélectionné.</help:help-text></text:p>
  <text:p text:style-name="Head 3"><help:help-id value="SVX_METRICFIELD_RID_SVXPAGE_GRADIENT_MTR_BORDER"/>Marge</text:p>
  <text:p text:style-name="Paragraph"><help:help-text value="visible">Saisissez le niveau d&apos;ajustement à apporter à la zone de la couleur du point final du dégradé. La couleur du point final est la couleur sélectionnée dans la zone <text:span text:style-name="T1">À</text:span>.</help:help-text></text:p>
  <text:p text:style-name="Head 3">1ère</text:p>
  <text:p text:style-name="Paragraph"><help:help-id value="SVX_LISTBOX_RID_SVXPAGE_GRADIENT_LB_COLOR_FROM"/><help:help-text value="visible">Sélectionnez une couleur pour le point de départ du dégradé.</help:help-text></text:p>
  <text:p text:style-name="Paragraph"><help:help-id value="SVX_METRICFIELD_RID_SVXPAGE_GRADIENT_MTR_COLOR_FROM"/><help:help-text value="visible">Saisissez l&apos;intensité de la couleur dans la zone <text:span text:style-name="T1">De</text:span>, où 0 % correspond au noir et où 100 % correspond à la couleur sélectionnée.</help:help-text></text:p>
  <text:p text:style-name="Head 3">2è</text:p>
  <text:p text:style-name="Paragraph"><help:help-id value="SVX_LISTBOX_RID_SVXPAGE_GRADIENT_LB_COLOR_TO"/><help:help-text value="visible">Sélectionnez une couleur pour le point final du dégradé.</help:help-text></text:p>
  <text:p text:style-name="Paragraph"><help:help-id value="SVX_METRICFIELD_RID_SVXPAGE_GRADIENT_MTR_COLOR_TO"/><help:help-text value="visible">Saisissez l&apos;intensité de la couleur dans la zone <text:span text:style-name="T1">À</text:span>, où 0 % correspond au noir et où 100 % correspond à la couleur sélectionnée.</help:help-text></text:p>
  <text:p text:style-name="Head 3"><help:help-id value="SVX_LISTBOX_RID_SVXPAGE_GRADIENT_LB_GRADIENTS"/>Dégradés</text:p>
  <text:p text:style-name="Paragraph"><help:help-text value="visible">Sélectionnez le type de dégradé que vous souhaitez appliquer ou créer.</help:help-text></text:p>
  <text:p text:style-name="Head 3"><help:help-id value="SVX_PUSHBUTTON_RID_SVXPAGE_GRADIENT_BTN_ADD"/>Ajouter</text:p>
  <text:p text:style-name="Paragraph"><help:help-text value="visible">Ajoute un dégradé personnalisé à la liste active. Spécifiez les propriétés du dégradé, puis cliquez sur ce bouton.</help:help-text></text:p>
  <text:p text:style-name="Head 3"><help:help-id value="SVX_PUSHBUTTON_RID_SVXPAGE_GRADIENT_BTN_MODIFY"/>Modifier...</text:p>
  <text:p text:style-name="Paragraph"><help:help-text value="visible">Applique les propriétés de dégradé actives au dégradé sélectionné. Vous pouvez enregistrer le dégradé sous un autre nom.</help:help-text></text:p>
  <help:help-id value="SVX_PUSHBUTTON_RID_SVXPAGE_GRADIENT_BTN_DELETE"/><help:embedded Id="65630" Eid="loeschen"></help:embedded>
  <help:embedded Id="65630" Eid="vorschau"></help:embedded>
  <text:p text:style-name="Head 2"><help:help-id value="SVX_IMAGEBUTTON_RID_SVXPAGE_GRADIENT_BTN_LOAD"/><help:key-word value="Charger la palette de dégradés" tag="kw65782_1"/>Charger la palette de dégradés</text:p>
  <text:p text:style-name="Paragraph"><help:help-text value="visible">Charge une autre liste de dégradés.</help:help-text></text:p>
  <text:p text:style-name="Head 2"><help:help-id value="SVX_IMAGEBUTTON_RID_SVXPAGE_GRADIENT_BTN_SAVE"/><help:key-word value="Sauvegarder la palette de dégradés" tag="kw65782_2"/>Sauvegarder la palette de dégradés</text:p>
  <text:p text:style-name="Paragraph"><help:help-text value="visible">Enregistre la liste active des dégradés afin que vous puissiez la charger ultérieurement.</help:help-text></text:p>
 </office:body>
</office:document>
