

<office:document  xmlns:office="http://openoffice.org/2000/office" xmlns:style="http://openoffice.org/2000/style" xmlns:text="http://openoffice.org/2000/text" xmlns:table="http://openoffice.org/2000/table" xmlns:draw="http://openoffice.org/2000/drawing" xmlns:fo="http://www.w3.org/1999/XSL/Format" xmlns:xlink="http://www.w3.org/1999/xlink" xmlns:number="http://openoffice.org/2000/datastyle" xmlns:svg="http://www.w3.org/2000/svg" xmlns:chart="http://openoffice.org/2000/chart" xmlns:dr3d="http://openoffice.org/2000/dr3d" xmlns:math="http://www.w3.org/1998/Math/MathML" xmlns:form="http://openoffice.org/2000/form" xmlns:script="http://openoffice.org/2000/script" office:class="text" office:version="1.0" xmlns:dc="http://purl.org/dc/elements/1.1/" xmlns:meta="http://openoffice.org/2000/meta" xmlns:help="http://openoffice.org/2000/help">
<office:meta>
  <dc:description>text/common/01/05210100</dc:description>
  <dc:subject>Remplissage /  /  /  /</dc:subject>

  <dc:language>fr-FR</dc:language>
  <meta:user-defined meta:name="Info 0">READY</meta:user-defined>
  <meta:user-defined meta:name="Info 1">FREE_OK</meta:user-defined>
  <meta:user-defined meta:name="Info 2"/>
  <meta:user-defined meta:name="Info 3"/>
</office:meta>
 <office:script/>
 <office:font-decls>
  <style:font-decl style:name="StarSymbol" fo:font-family="StarSymbol" style:font-charset="x-symbol"/>
  <style:font-decl style:name="Courier New" fo:font-family="&apos;Courier New&apos;" style:font-style-name="Standard" style:font-family-generic="modern" style:font-pitch="fixed"/>
  <style:font-decl style:name="Courier" fo:font-family="Courier" style:font-family-generic="roman" style:font-pitch="fixed"/>
  <style:font-decl style:name="Arial Unicode MS" fo:font-family="&apos;Arial Unicode MS&apos;" style:font-pitch="variable"/>
  <style:font-decl style:name="HG Mincho Light J" fo:font-family="&apos;HG Mincho Light J&apos;" style:font-pitch="variable"/>
  <style:font-decl style:name="Times New Roman3" fo:font-family="&apos;Times New Roman&apos;" style:font-pitch="variable"/>
  <style:font-decl style:name="Thorndale" fo:font-family="Thorndale" style:font-family-generic="roman" style:font-pitch="variable"/>
  <style:font-decl style:name="Times New Roman2" fo:font-family="&apos;Times New Roman&apos;" style:font-style-name="Fett" style:font-family-generic="roman" style:font-pitch="variable"/>
  <style:font-decl style:name="Times New Roman" fo:font-family="&apos;Times New Roman&apos;" style:font-style-name="Standard" style:font-family-generic="roman" style:font-pitch="variable"/>
  <style:font-decl style:name="Times New Roman1" fo:font-family="&apos;Times New Roman&apos;" style:font-family-generic="swiss" style:font-pitch="variable"/>
 </office:font-decls>
 <office:automatic-styles>
  <style:style style:name="Tabelle2" style:family="table">
   <style:properties style:width="18cm" table:align="margins"/>
  </style:style>
  <style:style style:name="Tabelle2.A" style:family="table-column">
   <style:properties style:column-width="1.499cm" style:rel-column-width="5460*"/>
  </style:style>
  <style:style style:name="Tabelle2.B" style:family="table-column">
   <style:properties style:column-width="16.501cm" style:rel-column-width="60074*"/>
  </style:style>
  <style:style style:name="Tabelle2.1" style:family="table-row"/>
  <style:style style:name="Tabelle2.A1" style:family="table-cell">
   <style:properties fo:padding="0cm" fo:border="none"/>
  </style:style>
  <style:style style:name="P1" style:family="paragraph" style:parent-style-name="Paragraph" style:master-page-name="HTML">
   <style:properties style:page-number="0"/>
  </style:style>
  <style:style style:name="T1" style:family="text">
   <style:properties fo:font-weight="bold"/>
  </style:style>
  <style:style style:name="fr1" style:family="graphics" style:parent-style-name="Graphics">
   <style:properties style:run-through="foreground" style:wrap="run-through" style:vertical-pos="top" style:vertical-rel="paragraph" style:horizontal-pos="left" style:horizontal-rel="paragraph" style:mirror="none" fo:clip="rect(0cm 0cm 0cm 0cm)" draw:luminance="0%" draw:contrast="0%" draw:red="0%" draw:green="0%" draw:blue="0%" draw:gamma="1" draw:color-inversion="false" draw:transparency="-100%" draw:color-mode="standard"/>
  </style:style>
 </office:automatic-styles>
 <office:body>
  <text:variable-decls>
   <text:variable-decl text:value-type="string" text:name="HTML_ON"/>
   <text:variable-decl text:value-type="string" text:name="HTML_OFF"/>
   <text:variable-decl text:value-type="string" text:name="TITEL"/>
   <text:variable-decl text:value-type="string" text:name="END"/>
   <text:variable-decl text:value-type="string" text:name="HREF"/>
   <text:variable-decl text:value-type="string" text:name="OS2"/>
   <text:variable-decl text:value-type="string" text:name="ELSE"/>
   <text:variable-decl text:value-type="string" text:name="NAME"/>
   <text:variable-decl text:value-type="string" text:name="HelpID"/>
   <text:variable-decl text:value-type="string" text:name="MODIFY"/>
   <text:variable-decl text:value-type="string" text:name="REFNR"/>
   <text:variable-decl text:value-type="string" text:name="KEY"/>
   <text:variable-decl text:value-type="string" text:name="AKTHLP"/>
   <text:variable-decl text:value-type="string" text:name="INDEX"/>
   <text:variable-decl text:value-type="string" text:name="HFELD"/>
   <text:variable-decl text:value-type="string" text:name="STYLE"/>
  </text:variable-decls>
  <text:sequence-decls>
   <text:sequence-decl text:display-outline-level="0" text:name="Illustration"/>
   <text:sequence-decl text:display-outline-level="0" text:name="Table"/>
   <text:sequence-decl text:display-outline-level="0" text:name="Text"/>
   <text:sequence-decl text:display-outline-level="0" text:name="Drawing"/>
  </text:sequence-decls>
  <help:to-be-embedded Eid="flaeche"><a name="flaeche"/>
  <text:p text:style-name="Head 1"><help:help-id value="HID_AREA_AREA"/><help:link Id="65770">Remplissage<help:switch select="Program"><help:case select="CALC"></help:case><help:case select="WRITER"></help:case><help:case select="MATH"></help:case><help:default></help:default></help:switch></help:link></text:p>
  <text:p text:style-name="Paragraph"><help:help-text value="visible">Définissez les options de remplissage de l&apos;objet de dessin sélectionné.</help:help-text></text:p>
  </help:to-be-embedded>
  <text:p text:style-name="Paragraph">Vous pouvez enregistrer des collections de couleurs, de dégradés, de hachures et de motifs bitmap en tant que listes à charger et à utiliser ultérieurement.</text:p>
  <help:popup Id="65593" Eid="flaeche2"><help:embedded Id="65598" Eid="wie"></help:embedded></help:popup>
  <text:p text:style-name="Head 2"><help:key-word value="Remplissage; Remplissage" tag="kw65770_1"/><help:key-word value="Remplissage; Style" tag="kw65770_7"/><help:key-word value="Motif de remplissage; Remplissage" tag="kw65770_6"/><help:key-word value="Couleur de remplissage; Remplissage" tag="kw65770_5"/>Remplissage</text:p>
  <text:p text:style-name="Paragraph"><help:help-id value="SID_ATTR_FILL_STYLE"/><a name="sytext"/><help:to-be-embedded Eid="sytext"><help:help-text value="visible">Sélectionnez le type de remplissage à appliquer à l&apos;objet de dessin sélectionné.</help:help-text></help:to-be-embedded></text:p>
  <text:p text:style-name="Paragraph">Zones de liste de la <text:span text:style-name="T1">barre d&apos;objets</text:span> :</text:p>
  <help:embedded Id="65598" Eid="syflaechenstil"></help:embedded>
  <text:p text:style-name="Head 3"><help:help-id value="SVX_RADIOBUTTON_RID_SVXPAGE_AREA_RBT_FILL_OFF"/><help:key-word value="Remplissage; Invisible" tag="kw65770_4"/><help:key-word value="Invisible; Remplissage" tag="kw65770_3"/><help:key-word value="Remplissage; Aucun" tag="kw65770_2"/>Aucun</text:p>
  <text:p text:style-name="Paragraph"><help:help-text value="visible">N&apos;applique pas de remplissage à l&apos;objet sélectionné. Si l&apos;objet est rempli, ce remplissage est supprimé.</help:help-text></text:p>
  <text:p text:style-name="Head 3"><help:help-id value="SVX_RADIOBUTTON_RID_SVXPAGE_AREA_RBT_COLOR"/>Couleur</text:p>
  <text:p text:style-name="Paragraph"><help:help-text value="visible">Remplit l&apos;objet sélectionné avec la couleur sur laquelle vous cliquez dans la liste.</help:help-text></text:p>
  <table:table table:name="Tabelle2" table:style-name="Tabelle2">
   <table:table-column table:style-name="Tabelle2.A"/>
   <table:table-column table:style-name="Tabelle2.B"/>
   <table:table-header-rows>
    <table:table-row table:style-name="Tabelle2.1">
     <table:table-cell table:style-name="Tabelle2.A1" table:value-type="string">
      <text:p text:style-name="Paragraph"><draw:image draw:name="Icône0" svg:desc="Cette icône indique du texte comportant des informations supplémentaires." svg:pixelx="32" svg:pixely="32" svg:width="0.847cm" svg:height="0.847cm" xlink:href="65980" draw:filter-name=""/></text:p>

     </table:table-cell>
     <table:table-cell table:style-name="Tabelle2.A1" table:value-type="string">
      <text:p text:style-name="Paragraph">Pour ajouter une couleur à la liste, choisissez <help:link Id="66226"><text:span text:style-name="T1">Format - Remplissage</text:span></help:link>, cliquez sur l&apos;onglet <text:span text:style-name="T1">Couleurs</text:span> puis sur <text:span text:style-name="T1">Éditer</text:span>.</text:p>
     </table:table-cell>
    </table:table-row>
   </table:table-header-rows>
  </table:table>
  <text:p text:style-name="Head 3"><help:help-id value="SVX_RADIOBUTTON_RID_SVXPAGE_AREA_RBT_GRADIENT"/>Dégradé</text:p>
  <text:p text:style-name="Paragraph"><help:help-text value="visible">Remplit l&apos;objet sélectionné avec le dégradé sur lequel vous cliquez dans la liste.</help:help-text></text:p>
  <text:p text:style-name="Head 3"><help:help-id value="SVX_RADIOBUTTON_RID_SVXPAGE_AREA_RBT_HATCH"/>Hachure</text:p>
  <text:p text:style-name="Paragraph"><help:help-text value="visible">Remplit l&apos;objet sélectionné avec les hachures sur lesquelles vous cliquez dans la liste. Pour appliquer une couleur d&apos;arrière-plan aux hachures, cochez la case <text:span text:style-name="T1">Couleur d&apos;arrière-plan</text:span>, puis cliquez sur une couleur dans la liste.</help:help-text></text:p>
  <text:p text:style-name="Head 3"><help:help-id value="SVX_RADIOBUTTON_RID_SVXPAGE_AREA_RBT_BITMAP"/>Bitmap</text:p>
  <text:p text:style-name="Paragraph"><help:help-text value="visible">Remplit l&apos;objet sélectionné avec le motif bitmap sur lequel vous cliquez dans la liste. Pour ajouter un bitmap à la liste, cliquez sur l&apos;onglet <text:span text:style-name="T1">Bitmaps</text:span>, puis sur <text:span text:style-name="T1">Importer</text:span>.</help:help-text></text:p>
  <text:p text:style-name="Head 3"><help:help-id value="SVX_LISTBOX_RID_SVXPAGE_AREA_LB_COLOR"/><help:help-id value="SVX_LISTBOX_RID_SVXPAGE_AREA_LB_GRADIENT"/><help:help-id value="SVX_LISTBOX_RID_SVXPAGE_AREA_LB_HATCHING"/><help:help-id value="SVX_LISTBOX_RID_SVXPAGE_AREA_LB_BITMAP"/>Style de remplissage</text:p>
  <text:p text:style-name="Paragraph"><help:help-text value="visible">Cliquez sur le remplissage à appliquer à l&apos;objet sélectionné.</help:help-text></text:p>
  <text:p text:style-name="Head 2">Pas de progression (Dégradés)</text:p>
  <text:p text:style-name="Paragraph">Définit, en nombre de pas, la finesse du grain applicable au mélange des deux couleurs finales d&apos;un dégradé.</text:p>
  <text:p text:style-name="Head 3"><help:help-id value="SVX_TRISTATEBOX_RID_SVXPAGE_AREA_TSB_STEPCOUNT"/>Automatique</text:p>
  <text:p text:style-name="Paragraph"><help:help-text value="visible">Définit automatiquement le nombre de pas applicable au mélange des deux couleurs finales du dégradé.</help:help-text></text:p>
  <text:p text:style-name="Head 3"><help:help-id value="SVX_NUMERICFIELD_RID_SVXPAGE_AREA_NUM_FLD_STEPCOUNT"/>Pas de progression</text:p>
  <text:p text:style-name="Paragraph"><help:help-text value="visible">Saisissez le nombre de pas applicable au mélange des deux couleurs finales du dégradé.</help:help-text></text:p>
  <text:p text:style-name="Head 2">Taille (Bitmap)</text:p>
  <text:p text:style-name="Paragraph">Spécifie les dimensions de la bitmap.</text:p>
  <text:p text:style-name="Head 3"><help:help-id value="SVX_TRISTATEBOX_RID_SVXPAGE_AREA_TSB_SCALE"/>Relatif</text:p>
  <text:p text:style-name="Paragraph"><help:help-text value="visible">Modifie l&apos;échelle de la bitmap par rapport à la taille de l&apos;objet sélectionné dans les proportions que vous saisissez dans les zones <text:span text:style-name="T1">Largeur</text:span> et <text:span text:style-name="T1">Hauteur</text:span>. Décochez cette case pour modifier la taille de l&apos;objet sélectionné selon les dimensions saisies dans les zones <text:span text:style-name="T1">Largeur</text:span> et <text:span text:style-name="T1">Hauteur</text:span>.</help:help-text></text:p>
  <text:p text:style-name="Head 3"><help:help-id value="SVX_TRISTATEBOX_RID_SVXPAGE_AREA_TSB_ORIGINAL"/>Original</text:p>
  <text:p text:style-name="Paragraph"><help:help-text value="visible">Conserve la taille originale de la bitmap lors du remplissage de l&apos;objet sélectionné. Pour modifier la taille de la bitmap, décochez cette case, puis cliquez sur <text:span text:style-name="T1">Relatif</text:span>.</help:help-text></text:p>
  <text:p text:style-name="Head 3"><help:help-id value="SVX_METRICFIELD_RID_SVXPAGE_AREA_MTR_FLD_X_SIZE"/>Largeur</text:p>
  <text:p text:style-name="Paragraph"><help:help-text value="visible">Saisissez la largeur souhaitée.</help:help-text></text:p>
  <text:p text:style-name="Head 3"><help:help-id value="SVX_METRICFIELD_RID_SVXPAGE_AREA_MTR_FLD_Y_SIZE"/>Hauteur</text:p>
  <text:p text:style-name="Paragraph"><help:help-text value="visible">Saisissez la hauteur souhaitée.</help:help-text></text:p>
  <text:p text:style-name="Head 2">Position (Bitmap)</text:p>
  <text:p text:style-name="Paragraph">Cliquez sur la grille de position pour spécifier la valeur de correction du carrelage du bitmap.</text:p>
  <text:p text:style-name="Head 3"><help:help-id value="SVX_METRICFIELD_RID_SVXPAGE_AREA_MTR_FLD_X_OFFSET"/>Offset X</text:p>
  <text:p text:style-name="Paragraph"><help:help-text value="visible">Saisissez l&apos;offset horizontal souhaité pour le carrelage de la bitmap.</help:help-text></text:p>
  <text:p text:style-name="Head 3"><help:help-id value="SVX_METRICFIELD_RID_SVXPAGE_AREA_MTR_FLD_Y_OFFSET"/>Offset Y</text:p>
  <text:p text:style-name="Paragraph"><help:help-text value="visible">Saisissez l&apos;offset vertical souhaité pour le carrelage de la bitmap.</help:help-text></text:p>
  <text:p text:style-name="Head 3"><help:help-id value="SVX_TRISTATEBOX_RID_SVXPAGE_AREA_TSB_TILE"/>Pavage en mosaïque</text:p>
  <text:p text:style-name="Paragraph"><help:help-text value="visible">Remplit l&apos;objet sélectionné avec la bitmap disposée en carrelage.</help:help-text></text:p>
  <text:p text:style-name="Head 3"><help:help-id value="SVX_TRISTATEBOX_RID_SVXPAGE_AREA_TSB_STRETCH"/>Adapter</text:p>
  <text:p text:style-name="Paragraph"><help:help-text value="visible">Remplit l&apos;objet sélectionné avec la bitmap étirée. Pour utiliser cette fonctionnalité, décochez la case <text:span text:style-name="T1">Carrelage</text:span>.</help:help-text></text:p>
  <text:p text:style-name="Head 2">Décalage</text:p>
  <text:p text:style-name="Paragraph">Spécifie le décalage applicable au carrelage de la bitmap en termes de lignes et de colonnes.</text:p>
  <text:p text:style-name="Head 3"><help:help-id value="SVX_RADIOBUTTON_RID_SVXPAGE_AREA_RBT_ROW"/>Ligne</text:p>
  <text:p text:style-name="Paragraph"><help:help-text value="visible">Décale la bitmap dans le sens horizontal par rapport à sa disposition en carrelage selon la valeur que vous saisissez.</help:help-text></text:p>
  <text:p text:style-name="Head 3"><help:help-id value="SVX_RADIOBUTTON_RID_SVXPAGE_AREA_RBT_COLUMN"/>Colonne</text:p>
  <text:p text:style-name="Paragraph"><help:help-text value="visible">Décale la bitmap dans le sens vertical par rapport à sa disposition en carrelage selon la valeur que vous saisissez.</help:help-text></text:p>
  <text:p text:style-name="Head 3"><help:help-id value="SVX_METRICFIELD_RID_SVXPAGE_AREA_MTR_FLD_OFFSET"/>Pourcentage</text:p>
  <text:p text:style-name="Paragraph"><help:help-text value="visible">Saisissez la valeur de décalage des lignes et des colonnes sous forme de pourcentage.</help:help-text></text:p>
  <text:p text:style-name="Head 2">Couleur d&apos;arrière-plan (hachures)</text:p>
  <text:p text:style-name="Head 3"><help:help-id value="SVX_CHECKBOX_RID_SVXPAGE_AREA_CB_HATCHBCKGRD"/>Couleur d&apos;arrière-plan</text:p>
  <text:p text:style-name="Paragraph"><help:help-text value="visible">Applique une couleur d&apos;arrière-plan au motif de hachure. Sélectionnez cette case, puis cliquez sur l&apos;une des couleurs de la liste.</help:help-text></text:p>
  <text:p text:style-name="Head 3"><help:help-id value="SVX_LISTBOX_RID_SVXPAGE_AREA_LB_HATCHBCKGRDCOLOR"/>Zone de liste Couleur d&apos;arrière-plan</text:p>
  <text:p text:style-name="Paragraph"><help:help-text value="visible">Cliquez sur la couleur que vous voulez utiliser en tant qu&apos;arrière-plan pour le motif de hachure sélectionné.</help:help-text></text:p>
  <help:embedded Id="65630" Eid="vorschau"></help:embedded>
 </office:body>
</office:document>
