

<office:document  xmlns:office="http://openoffice.org/2000/office" xmlns:style="http://openoffice.org/2000/style" xmlns:text="http://openoffice.org/2000/text" xmlns:table="http://openoffice.org/2000/table" xmlns:draw="http://openoffice.org/2000/drawing" xmlns:fo="http://www.w3.org/1999/XSL/Format" xmlns:xlink="http://www.w3.org/1999/xlink" xmlns:number="http://openoffice.org/2000/datastyle" xmlns:svg="http://www.w3.org/2000/svg" xmlns:chart="http://openoffice.org/2000/chart" xmlns:dr3d="http://openoffice.org/2000/dr3d" xmlns:math="http://www.w3.org/1998/Math/MathML" xmlns:form="http://openoffice.org/2000/form" xmlns:script="http://openoffice.org/2000/script" office:class="text" office:version="1.0" xmlns:dc="http://purl.org/dc/elements/1.1/" xmlns:meta="http://openoffice.org/2000/meta" xmlns:help="http://openoffice.org/2000/help">
<office:meta>
  <dc:description>text/common/01/05210500</dc:description>
  <dc:subject>Bitmap</dc:subject>

  <dc:language>fr-FR</dc:language>
  <meta:user-defined meta:name="Info 0">READY</meta:user-defined>
  <meta:user-defined meta:name="Info 1">FREE_OK</meta:user-defined>
  <meta:user-defined meta:name="Info 2"/>
  <meta:user-defined meta:name="Info 3"/>
</office:meta>
 <office:script/>
 <office:font-decls>
  <style:font-decl style:name="StarSymbol" fo:font-family="StarSymbol" style:font-charset="x-symbol"/>
  <style:font-decl style:name="Courier New" fo:font-family="&apos;Courier New&apos;" style:font-style-name="Standard" style:font-family-generic="modern" style:font-pitch="fixed"/>
  <style:font-decl style:name="Courier" fo:font-family="Courier" style:font-family-generic="roman" style:font-pitch="fixed"/>
  <style:font-decl style:name="Arial Unicode MS" fo:font-family="&apos;Arial Unicode MS&apos;" style:font-pitch="variable"/>
  <style:font-decl style:name="HG Mincho Light J" fo:font-family="&apos;HG Mincho Light J&apos;" style:font-pitch="variable"/>
  <style:font-decl style:name="Times New Roman3" fo:font-family="&apos;Times New Roman&apos;" style:font-pitch="variable"/>
  <style:font-decl style:name="Thorndale" fo:font-family="Thorndale" style:font-family-generic="roman" style:font-pitch="variable"/>
  <style:font-decl style:name="Times New Roman2" fo:font-family="&apos;Times New Roman&apos;" style:font-style-name="Fett" style:font-family-generic="roman" style:font-pitch="variable"/>
  <style:font-decl style:name="Times New Roman" fo:font-family="&apos;Times New Roman&apos;" style:font-style-name="Standard" style:font-family-generic="roman" style:font-pitch="variable"/>
  <style:font-decl style:name="Times New Roman1" fo:font-family="&apos;Times New Roman&apos;" style:font-family-generic="swiss" style:font-pitch="variable"/>
 </office:font-decls>
 <office:automatic-styles>
  <style:style style:name="P1" style:family="paragraph" style:parent-style-name="Paragraph" style:master-page-name="HTML">
   <style:properties style:page-number="0"/>
  </style:style>
  <style:style style:name="T1" style:family="text">
   <style:properties fo:font-weight="bold"/>
  </style:style>
 </office:automatic-styles>
 <office:body>
  <text:variable-decls>
   <text:variable-decl text:value-type="string" text:name="HTML_ON"/>
   <text:variable-decl text:value-type="string" text:name="HTML_OFF"/>
   <text:variable-decl text:value-type="string" text:name="TITEL"/>
   <text:variable-decl text:value-type="string" text:name="END"/>
   <text:variable-decl text:value-type="string" text:name="HREF"/>
   <text:variable-decl text:value-type="string" text:name="OS2"/>
   <text:variable-decl text:value-type="string" text:name="ELSE"/>
   <text:variable-decl text:value-type="string" text:name="MAC"/>
   <text:variable-decl text:value-type="string" text:name="NAME"/>
   <text:variable-decl text:value-type="string" text:name="HelpID"/>
   <text:variable-decl text:value-type="string" text:name="MODIFY"/>
   <text:variable-decl text:value-type="string" text:name="REFNR"/>
   <text:variable-decl text:value-type="string" text:name="KEY"/>
   <text:variable-decl text:value-type="string" text:name="AKTHLP"/>
   <text:variable-decl text:value-type="string" text:name="INDEX"/>
   <text:variable-decl text:value-type="string" text:name="STYLE"/>
  </text:variable-decls>
  <text:sequence-decls>
   <text:sequence-decl text:display-outline-level="0" text:name="Illustration"/>
   <text:sequence-decl text:display-outline-level="0" text:name="Table"/>
   <text:sequence-decl text:display-outline-level="0" text:name="Text"/>
   <text:sequence-decl text:display-outline-level="0" text:name="Drawing"/>
  </text:sequence-decls>
  <help:to-be-embedded Eid="bitmapmuster">
  <text:p text:style-name="Head 1"><help:help-id value="HID_AREA_BITMAP"/><help:key-word value="Bitmaps; Motifs" tag="kw65668_3"/><help:key-word value="Zones; Motifs bitmap" tag="kw65668_9"/><help:key-word value="Motifs; Zones" tag="kw65668_8"/><help:key-word value="Motifs des pixels; Zones" tag="kw65668_7"/><help:key-word value="Zones; Motifs des pixels" tag="kw65668_6"/><help:link Id="65668">Bitmap</help:link></text:p>
  <text:p text:style-name="Paragraph"><help:help-text value="visible">Sélectionnez un bitmap à utiliser comme motif de remplissage ou créez votre propre motif de pixels. Vous pouvez également importer des bitmaps et enregistrer ou charger des listes de bitmaps.</help:help-text></text:p>
  </help:to-be-embedded>
  <help:popup Id="65593" Eid="bitmap"><help:embedded Id="65598" Eid="wie"></help:embedded></help:popup>
  <text:p text:style-name="Head 2"><help:key-word value="Éditeur de pixels" tag="kw65668_5"/><help:key-word value="Éditeur de motif" tag="kw65668_4"/>Éditeur de motif</text:p>
  <text:p text:style-name="Paragraph">Utilisez cet éditeur pour créer un motif de bitmap simple, à deux couleurs, de 8x8 pixels.</text:p>
  <text:p text:style-name="Head 2">Table</text:p>
  <text:p text:style-name="Paragraph">La palette de motifs de pixels sert de base pour définir les variations du motif de pixel individuel. Vous pouvez modifier le motif de pixel et ajouter quelques ébauches de motif de pixel.</text:p>
  <text:p text:style-name="Head 3"><help:help-id value="SVX_LISTBOX_RID_SVXPAGE_BITMAP_LB_COLOR"/>Couleur de premier plan</text:p>
  <text:p text:style-name="Paragraph"><help:help-text value="visible">Sélectionnez une couleur de premier plan, puis cliquez sur la grille pour ajouter un pixel au motif.</help:help-text></text:p>
  <text:p text:style-name="Head 3"><help:help-id value="SVX_LISTBOX_RID_SVXPAGE_BITMAP_LB_BACKGROUND_COLOR"/>Couleur d&apos;arrière plan</text:p>
  <text:p text:style-name="Paragraph"><help:help-text value="visible">Sélectionnez la couleur d&apos;arrière-plan souhaitée pour le motif.</help:help-text></text:p>
  <text:p text:style-name="Head 2"><help:help-id value="SVX_LISTBOX_RID_SVXPAGE_BITMAP_LB_BITMAPS"/>Motifs bitmaps</text:p>
  <text:p text:style-name="Paragraph"><help:help-text value="visible">Sélectionnez une bitmap dans la liste, puis cliquez sur <text:span text:style-name="T1">OK</text:span> pour appliquer le motif à l&apos;objet sélectionné.</help:help-text></text:p>
  <text:p text:style-name="Head 2"><help:help-id value="SVX_PUSHBUTTON_RID_SVXPAGE_BITMAP_BTN_ADD"/>Ajouter</text:p>
  <text:p text:style-name="Paragraph"><help:help-text value="visible">Ajoute un bitmap que vous avez créé dans l&apos;<text:span text:style-name="T1">éditeur de motif</text:span> à la liste active.</help:help-text></text:p>
  <text:p text:style-name="Head 2"><help:help-id value="SVX_PUSHBUTTON_RID_SVXPAGE_BITMAP_BTN_MODIFY"/>Modifier</text:p>
  <text:p text:style-name="Paragraph"><help:help-text value="visible">Remplace un bitmap que vous avez créé dans l&apos;<text:span text:style-name="T1">éditeur de motif</text:span> par le motif bitmap actif. Vous pouvez enregistrer le motif sous un autre nom.</help:help-text></text:p>
  <text:p text:style-name="Head 2"><help:help-id value="SVX_PUSHBUTTON_RID_SVXPAGE_BITMAP_BTN_IMPORT"/>Importer</text:p>
  <text:p text:style-name="Paragraph"><help:help-text value="visible">Localisez le bitmap à importer, puis cliquez sur <text:span text:style-name="T1">Ouvrir</text:span>. Le bitmap est ajouté à la fin de la liste des bitmaps disponibles.</help:help-text></text:p>
  <help:help-id value="SVX_PUSHBUTTON_RID_SVXPAGE_BITMAP_BTN_DELETE"/><help:embedded Id="65630" Eid="loeschen"></help:embedded>
  <help:embedded Id="65630" Eid="vorschau"></help:embedded>
  <text:p text:style-name="Head 2"><help:help-id value="SVX_IMAGEBUTTON_RID_SVXPAGE_BITMAP_BTN_LOAD"/><help:key-word value="Charger la table de bitmaps" tag="kw65668_1"/>Charger la table de bitmaps</text:p>
  <text:p text:style-name="Paragraph"><help:help-text value="visible">Charge une autre liste de bitmaps.</help:help-text></text:p>
  <text:p text:style-name="Head 2"><help:help-id value="SVX_IMAGEBUTTON_RID_SVXPAGE_BITMAP_BTN_SAVE"/><help:key-word value="Enregistrer la table de bitmaps" tag="kw65668_2"/>Enregistrer la table de bitmaps</text:p>
  <text:p text:style-name="Paragraph"><help:help-text value="visible">Enregistre la liste active des bitmaps afin que vous puissiez la charger ultérieurement.</help:help-text></text:p>
 </office:body>
</office:document>
