

<office:document  xmlns:office="http://openoffice.org/2000/office" xmlns:style="http://openoffice.org/2000/style" xmlns:text="http://openoffice.org/2000/text" xmlns:table="http://openoffice.org/2000/table" xmlns:draw="http://openoffice.org/2000/drawing" xmlns:fo="http://www.w3.org/1999/XSL/Format" xmlns:xlink="http://www.w3.org/1999/xlink" xmlns:number="http://openoffice.org/2000/datastyle" xmlns:svg="http://www.w3.org/2000/svg" xmlns:chart="http://openoffice.org/2000/chart" xmlns:dr3d="http://openoffice.org/2000/dr3d" xmlns:math="http://www.w3.org/1998/Math/MathML" xmlns:form="http://openoffice.org/2000/form" xmlns:script="http://openoffice.org/2000/script" office:class="text" office:version="1.0" xmlns:dc="http://purl.org/dc/elements/1.1/" xmlns:meta="http://openoffice.org/2000/meta" xmlns:help="http://openoffice.org/2000/help">
<office:meta>
  <dc:description>text/common/01/05220000</dc:description>
  <dc:subject>Texte</dc:subject>

  <dc:language>fr-FR</dc:language>
  <meta:user-defined meta:name="Info 0">READY</meta:user-defined>
  <meta:user-defined meta:name="Info 1">FREE_OK</meta:user-defined>
  <meta:user-defined meta:name="Info 2"/>
  <meta:user-defined meta:name="Info 3"/>
</office:meta>
 <office:script/>
 <office:font-decls>
  <style:font-decl style:name="StarSymbol" fo:font-family="StarSymbol" style:font-charset="x-symbol"/>
  <style:font-decl style:name="Courier New" fo:font-family="&apos;Courier New&apos;" style:font-style-name="Standard" style:font-family-generic="modern" style:font-pitch="fixed"/>
  <style:font-decl style:name="Courier" fo:font-family="Courier" style:font-family-generic="roman" style:font-pitch="fixed"/>
  <style:font-decl style:name="Arial Unicode MS" fo:font-family="&apos;Arial Unicode MS&apos;" style:font-pitch="variable"/>
  <style:font-decl style:name="HG Mincho Light J" fo:font-family="&apos;HG Mincho Light J&apos;" style:font-pitch="variable"/>
  <style:font-decl style:name="Times New Roman3" fo:font-family="&apos;Times New Roman&apos;" style:font-pitch="variable"/>
  <style:font-decl style:name="Thorndale" fo:font-family="Thorndale" style:font-family-generic="roman" style:font-pitch="variable"/>
  <style:font-decl style:name="Times New Roman2" fo:font-family="&apos;Times New Roman&apos;" style:font-style-name="Fett" style:font-family-generic="roman" style:font-pitch="variable"/>
  <style:font-decl style:name="Times New Roman" fo:font-family="&apos;Times New Roman&apos;" style:font-style-name="Standard" style:font-family-generic="roman" style:font-pitch="variable"/>
  <style:font-decl style:name="Times New Roman1" fo:font-family="&apos;Times New Roman&apos;" style:font-family-generic="swiss" style:font-pitch="variable"/>
 </office:font-decls>
 <office:automatic-styles>
  <style:style style:name="P1" style:family="paragraph" style:parent-style-name="Paragraph" style:master-page-name="HTML">
   <style:properties style:page-number="0"/>
  </style:style>
 </office:automatic-styles>
 <office:body>
  <text:variable-decls>
   <text:variable-decl text:value-type="string" text:name="HTML_ON"/>
   <text:variable-decl text:value-type="string" text:name="HTML_OFF"/>
   <text:variable-decl text:value-type="string" text:name="TITEL"/>
   <text:variable-decl text:value-type="string" text:name="END"/>
   <text:variable-decl text:value-type="string" text:name="HREF"/>
   <text:variable-decl text:value-type="string" text:name="NAME"/>
   <text:variable-decl text:value-type="string" text:name="HFELD"/>
   <text:variable-decl text:value-type="string" text:name="HelpID"/>
   <text:variable-decl text:value-type="string" text:name="MODIFY"/>
   <text:variable-decl text:value-type="string" text:name="REFNR"/>
   <text:variable-decl text:value-type="string" text:name="KEY"/>
   <text:variable-decl text:value-type="string" text:name="AKTHLP"/>
   <text:variable-decl text:value-type="string" text:name="INDEX"/>
   <text:variable-decl text:value-type="string" text:name="STYLE"/>
  </text:variable-decls>
  <text:sequence-decls>
   <text:sequence-decl text:display-outline-level="0" text:name="Illustration"/>
   <text:sequence-decl text:display-outline-level="0" text:name="Table"/>
   <text:sequence-decl text:display-outline-level="0" text:name="Text"/>
   <text:sequence-decl text:display-outline-level="0" text:name="Drawing"/>
  </text:sequence-decls>
  <help:to-be-embedded Eid="text">
  <text:p text:style-name="Head 1"><help:help-id value="SID_TEXTATTR_DLG"/><help:help-id value="FN_DRAWTEXT_ATTR_DLG"/><help:help-id value="HID_PAGE_TEXTATTR"/><help:key-word value="Texte; Objet de dessin et de texte" tag="kw65694_1"/><help:key-word value="Objet de dessin; Texte" tag="kw65694_3"/><help:key-word value="Cadres; Objet de dessin et de texte" tag="kw65694_2"/><help:link Id="65694">Texte</help:link></text:p>
  <text:p text:style-name="Paragraph"><help:help-text value="visible">Définit les propriétés de mise en page et d&apos;ancrage du texte dans l&apos;objet texte ou dessin sélectionné.</help:help-text></text:p>
  </help:to-be-embedded>
  <help:executeurl Id="Slot:20376"></help:executeurl><help:popup Id="65593" Eid="text"><help:embedded Id="65598" Eid="wie"></help:embedded></help:popup>
  <text:p text:style-name="Paragraph">Le texte est positionné par rapport aux bordures de l&apos;objet texte ou dessin.</text:p>
  <text:p text:style-name="Head 2">Texte</text:p>
  <text:p text:style-name="Paragraph">Définit les options de redimensionnement du texte pour adapter la zone de l&apos;objet texte ou dessin.</text:p>
  <text:p text:style-name="Head 3"><help:help-id value="SVX_TRISTATEBOX_RID_SVXPAGE_TEXTATTR_TSB_AUTOGROW_WIDTH"/>Adapter largeur au texte</text:p>
  <text:p text:style-name="Paragraph"><help:help-text value="visible">Modifie la taille du texte de manière à ce qu&apos;il s&apos;adapte à la largeur de l&apos;objet de texte ou de dessin.</help:help-text></text:p>
  <text:p text:style-name="Head 3"><help:help-id value="SVX_TRISTATEBOX_RID_SVXPAGE_TEXTATTR_TSB_AUTOGROW_HEIGHT"/>Adapter hauteur au texte</text:p>
  <text:p text:style-name="Paragraph"><help:help-text value="visible">Modifie la taille du texte de manière à ce qu&apos;il s&apos;adapte à la hauteur de l&apos;objet de texte ou de dessin.</help:help-text></text:p>
  <text:p text:style-name="Head 3"><help:help-id value="SVX_TRISTATEBOX_RID_SVXPAGE_TEXTATTR_TSB_FIT_TO_SIZE"/>Adapter au cadre</text:p>
  <text:p text:style-name="Paragraph"><help:help-text value="visible">Modifie la taille du texte de manière à ce qu&apos;il s&apos;adapte à la zone occupée par l&apos;objet de texte ou de dessin.</help:help-text></text:p>
  <text:p text:style-name="Head 3"><help:help-id value="SVX_TRISTATEBOX_RID_SVXPAGE_TEXTATTR_TSB_CONTOUR"/>Adapter au contour</text:p>
  <text:p text:style-name="Paragraph"><help:help-text value="visible">Adapte l&apos;enchaînement de manière à ce qu&apos;il corresponde aux contours de l&apos;objet de dessin sélectionné.</help:help-text></text:p>
  <text:p text:style-name="Head 2">Espacement par rapport à la bordure</text:p>
  <text:p text:style-name="Paragraph">Spécifiez l&apos;écart devant séparer les bords de l&apos;objet dessin ou texte des bords du texte.</text:p>
  <text:p text:style-name="Head 3"><help:help-id value="SVX_METRICFIELD_RID_SVXPAGE_TEXTATTR_MTR_FLD_LEFT"/>À gauche</text:p>
  <text:p text:style-name="Paragraph"><help:help-text value="visible">Saisissez l&apos;écart devant séparer le bord gauche de l&apos;objet de dessin ou de texte et le bord gauche du texte.</help:help-text></text:p>
  <text:p text:style-name="Head 3"><help:help-id value="SVX_METRICFIELD_RID_SVXPAGE_TEXTATTR_MTR_FLD_RIGHT"/>À droite</text:p>
  <text:p text:style-name="Paragraph"><help:help-text value="visible">Saisissez l&apos;écart devant séparer le bord droit de l&apos;objet de dessin ou de texte et le bord droit du texte.</help:help-text></text:p>
  <text:p text:style-name="Head 3"><help:help-id value="SVX_METRICFIELD_RID_SVXPAGE_TEXTATTR_MTR_FLD_TOP"/>En haut</text:p>
  <text:p text:style-name="Paragraph"><help:help-text value="visible">Saisissez l&apos;écart devant séparer le bord supérieur de l&apos;objet de dessin ou de texte et le bord supérieur du texte.</help:help-text></text:p>
  <text:p text:style-name="Head 3"><help:help-id value="SVX_METRICFIELD_RID_SVXPAGE_TEXTATTR_MTR_FLD_BOTTOM"/>En bas</text:p>
  <text:p text:style-name="Paragraph"><help:help-text value="visible">Saisissez l&apos;écart devant séparer le bord inférieur de l&apos;objet de dessin ou de texte et le bord inférieur du texte.</help:help-text></text:p>
  <text:p text:style-name="Head 2">Ancrage du texte</text:p>
  <text:p text:style-name="Paragraph">Définit le type et la position de l&apos;ancrage.</text:p>
  <text:p text:style-name="Head 3"><help:help-id value="HID_TEXTATTR_CTL_POSITION"/>Bouton radio graphique</text:p>
  <text:p text:style-name="Paragraph"><help:help-text value="visible">Cliquez sur l&apos;endroit où vous souhaitez placer l&apos;ancre du texte.</help:help-text></text:p>
  <text:p text:style-name="Head 3"><help:help-id value="SVX_TRISTATEBOX_RID_SVXPAGE_TEXTATTR_TSB_FULL_WIDTH"/>Largeur entière</text:p>
  <text:p text:style-name="Paragraph"><help:help-text value="visible">Ancre le texte de sorte qu&apos;il s&apos;adapte à la largeur totale de l&apos;objet texte ou dessin.</help:help-text></text:p>
 </office:body>
</office:document>
