

<office:document  xmlns:office="http://openoffice.org/2000/office" xmlns:style="http://openoffice.org/2000/style" xmlns:text="http://openoffice.org/2000/text" xmlns:table="http://openoffice.org/2000/table" xmlns:draw="http://openoffice.org/2000/drawing" xmlns:fo="http://www.w3.org/1999/XSL/Format" xmlns:xlink="http://www.w3.org/1999/xlink" xmlns:number="http://openoffice.org/2000/datastyle" xmlns:svg="http://www.w3.org/2000/svg" xmlns:chart="http://openoffice.org/2000/chart" xmlns:dr3d="http://openoffice.org/2000/dr3d" xmlns:math="http://www.w3.org/1998/Math/MathML" xmlns:form="http://openoffice.org/2000/form" xmlns:script="http://openoffice.org/2000/script" office:class="text" office:version="1.0" xmlns:dc="http://purl.org/dc/elements/1.1/" xmlns:meta="http://openoffice.org/2000/meta" xmlns:help="http://openoffice.org/2000/help">
<office:meta>
  <dc:description>text/common/01/05320000</dc:description>
  <dc:subject>Animation de texte</dc:subject>
  <meta:keywords>
   <meta:keyword>$Version</meta:keyword>
  </meta:keywords>
  <dc:language>fr-FR</dc:language>
  <meta:user-defined meta:name="Info 0">READY</meta:user-defined>
  <meta:user-defined meta:name="Info 1">FREE_OK</meta:user-defined>
  <meta:user-defined meta:name="Info 2"/>
  <meta:user-defined meta:name="Info 3"/>
</office:meta>
 <office:script/>
 <office:font-decls>
  <style:font-decl style:name="StarSymbol" fo:font-family="StarSymbol" style:font-charset="x-symbol"/>
  <style:font-decl style:name="Courier New" fo:font-family="&apos;Courier New&apos;" style:font-style-name="Standard" style:font-family-generic="modern" style:font-pitch="fixed"/>
  <style:font-decl style:name="Courier" fo:font-family="Courier" style:font-family-generic="roman" style:font-pitch="fixed"/>
  <style:font-decl style:name="Arial Unicode MS" fo:font-family="&apos;Arial Unicode MS&apos;" style:font-pitch="variable"/>
  <style:font-decl style:name="HG Mincho Light J" fo:font-family="&apos;HG Mincho Light J&apos;" style:font-pitch="variable"/>
  <style:font-decl style:name="Times New Roman3" fo:font-family="&apos;Times New Roman&apos;" style:font-pitch="variable"/>
  <style:font-decl style:name="Thorndale" fo:font-family="Thorndale" style:font-family-generic="roman" style:font-pitch="variable"/>
  <style:font-decl style:name="Times New Roman2" fo:font-family="&apos;Times New Roman&apos;" style:font-style-name="Fett" style:font-family-generic="roman" style:font-pitch="variable"/>
  <style:font-decl style:name="Times New Roman" fo:font-family="&apos;Times New Roman&apos;" style:font-style-name="Standard" style:font-family-generic="roman" style:font-pitch="variable"/>
  <style:font-decl style:name="Times New Roman1" fo:font-family="&apos;Times New Roman&apos;" style:font-family-generic="swiss" style:font-pitch="variable"/>
 </office:font-decls>
 <office:automatic-styles>
  <style:style style:name="Tabelle2" style:family="table">
   <style:properties style:width="18cm" table:align="margins"/>
  </style:style>
  <style:style style:name="Tabelle2.A" style:family="table-column">
   <style:properties style:column-width="2.002cm" style:rel-column-width="7290*"/>
  </style:style>
  <style:style style:name="Tabelle2.B" style:family="table-column">
   <style:properties style:column-width="15.998cm" style:rel-column-width="58244*"/>
  </style:style>
  <style:style style:name="Tabelle1" style:family="table">
   <style:properties style:width="18cm" table:align="margins"/>
  </style:style>
  <style:style style:name="Tabelle1.A" style:family="table-column">
   <style:properties style:column-width="2.002cm" style:rel-column-width="7290*"/>
  </style:style>
  <style:style style:name="Tabelle1.B" style:family="table-column">
   <style:properties style:column-width="15.998cm" style:rel-column-width="58244*"/>
  </style:style>
  <style:style style:name="Tabelle3" style:family="table">
   <style:properties style:width="18cm" table:align="margins"/>
  </style:style>
  <style:style style:name="Tabelle3.A" style:family="table-column">
   <style:properties style:column-width="2.002cm" style:rel-column-width="7290*"/>
  </style:style>
  <style:style style:name="Tabelle3.B" style:family="table-column">
   <style:properties style:column-width="15.998cm" style:rel-column-width="58244*"/>
  </style:style>
  <style:style style:name="Tabelle4" style:family="table">
   <style:properties style:width="18cm" table:align="margins"/>
  </style:style>
  <style:style style:name="Tabelle4.A" style:family="table-column">
   <style:properties style:column-width="2.002cm" style:rel-column-width="7290*"/>
  </style:style>
  <style:style style:name="Tabelle4.B" style:family="table-column">
   <style:properties style:column-width="15.998cm" style:rel-column-width="58244*"/>
  </style:style>
  <style:style style:name="P1" style:family="paragraph" style:parent-style-name="Paragraph" style:master-page-name="HTML">
   <style:properties style:page-number="0"/>
  </style:style>
  <style:style style:name="T1" style:family="text">
   <style:properties fo:font-weight="bold"/>
  </style:style>
  <style:style style:name="fr1" style:family="graphics" style:parent-style-name="Graphics">
   <style:properties style:wrap="run-through" style:vertical-pos="top" style:vertical-rel="paragraph" style:horizontal-pos="left" style:horizontal-rel="paragraph" style:mirror="none" fo:clip="rect(0cm 0cm 0cm 0cm)" draw:luminance="0%" draw:contrast="0%" draw:red="0%" draw:green="0%" draw:blue="0%" draw:gamma="1" draw:color-inversion="false" draw:transparency="-100%" draw:color-mode="standard"/>
  </style:style>
 </office:automatic-styles>
 <office:body>
  <text:variable-decls>
   <text:variable-decl text:value-type="string" text:name="HTML_ON"/>
   <text:variable-decl text:value-type="string" text:name="HTML_OFF"/>
   <text:variable-decl text:value-type="string" text:name="TITEL"/>
   <text:variable-decl text:value-type="string" text:name="END"/>
   <text:variable-decl text:value-type="string" text:name="HREF"/>
   <text:variable-decl text:value-type="string" text:name="NAME"/>
   <text:variable-decl text:value-type="string" text:name="HFELD"/>
   <text:variable-decl text:value-type="string" text:name="HelpID"/>
   <text:variable-decl text:value-type="string" text:name="MODIFY"/>
   <text:variable-decl text:value-type="string" text:name="REFNR"/>
   <text:variable-decl text:value-type="string" text:name="KEY"/>
   <text:variable-decl text:value-type="string" text:name="AKTHLP"/>
   <text:variable-decl text:value-type="string" text:name="INDEX"/>
   <text:variable-decl text:value-type="string" text:name="STYLE"/>
  </text:variable-decls>
  <text:sequence-decls>
   <text:sequence-decl text:display-outline-level="0" text:name="Illustration"/>
   <text:sequence-decl text:display-outline-level="0" text:name="Table"/>
   <text:sequence-decl text:display-outline-level="0" text:name="Text"/>
   <text:sequence-decl text:display-outline-level="0" text:name="Drawing"/>
  </text:sequence-decls>
  <help:to-be-embedded Eid="lauftext">
  <text:p text:style-name="Head 1"><help:help-id value="SVX_TABPAGE_RID_SVXPAGE_TEXTANIMATION"/><help:key-word value="Animation de texte; Texte" tag="kw65647_1"/><help:key-word value="Texte; Animation de texte" tag="kw65647_8"/><help:key-word value="Texte; Effet" tag="kw65647_7"/><help:key-word value="Caractère; Animation de texte" tag="kw65647_6"/><help:key-word value="Effet; Animation de texte" tag="kw65647_5"/><help:key-word value="Texte défilant; Animation de texte" tag="kw65647_4"/><help:link Id="65647">Animation de texte</help:link></text:p>
  <text:p text:style-name="Paragraph"><help:help-text value="visible">Ajoute un effet d&apos;animation au texte dans l&apos;objet de dessin sélectionné.</help:help-text></text:p>
  </help:to-be-embedded>
  <help:popup Id="65593" Eid="laufext"><help:embedded Id="65598" Eid="wie"></help:embedded></help:popup>
  <text:p text:style-name="Head 2">Effets d&apos;animation de texte</text:p>
  <text:p text:style-name="Paragraph">Sélectionnez l&apos;effet à appliquer, puis définissez les propriétés de cet effet.</text:p>
  <text:p text:style-name="Head 3"><help:help-id value="SVX_LISTBOX_RID_SVXPAGE_TEXTANIMATION_LB_EFFECT"/>Effet</text:p>
  <text:p text:style-name="Paragraph"><help:key-word value="Texte; Clignotement" tag="kw65647_3"/><help:key-word value="Clignotement; Texte" tag="kw65647_2"/><help:help-text value="visible">Sélectionnez l&apos;effet d&apos;animation à appliquer au texte dans l&apos;objet de dessin sélectionné. Pour supprimer un effet d&apos;animation, sélectionnez <text:span text:style-name="T1">Aucun effet</text:span>.</help:help-text></text:p>
  <text:p text:style-name="Head 3"><help:help-id value="SVX_IMAGEBUTTON_RID_SVXPAGE_TEXTANIMATION_BTN_LEFT"/>Vers la gauche</text:p>
  <text:p text:style-name="Paragraph"><help:help-text value="visible">Fait défiler le texte de droite à gauche.</help:help-text></text:p>
  <table:table table:name="Tabelle2" table:style-name="Tabelle2">
   <table:table-column table:style-name="Tabelle2.A"/>
   <table:table-column table:style-name="Tabelle2.B"/>
   <table:table-header-rows>
    <table:table-row>
     <table:table-cell table:value-type="string">
      <text:p text:style-name="Paragraph"><draw:image draw:name="Icône0" svg:desc="Icône" svg:pixelx="32" svg:pixely="34" svg:width="0.847cm" svg:height="0.9cm" xlink:href="66588" draw:filter-name=""/></text:p>

     </table:table-cell>
     <table:table-cell table:value-type="string">
      <text:p text:style-name="Paragraph">Vers la gauche</text:p>
     </table:table-cell>
    </table:table-row>
   </table:table-header-rows>
  </table:table>
  <text:p text:style-name="Head 3"><help:help-id value="SVX_IMAGEBUTTON_RID_SVXPAGE_TEXTANIMATION_BTN_RIGHT"/>Vers la droite</text:p>
  <text:p text:style-name="Paragraph"><help:help-text value="visible">Fait défiler le texte de gauche à droite.</help:help-text></text:p>
  <table:table table:name="Tabelle1" table:style-name="Tabelle1">
   <table:table-column table:style-name="Tabelle1.A"/>
   <table:table-column table:style-name="Tabelle1.B"/>
   <table:table-header-rows>
    <table:table-row>
     <table:table-cell table:value-type="string">
      <text:p text:style-name="Paragraph"><draw:image draw:name="Icône1" svg:desc="Icône" svg:pixelx="32" svg:pixely="34" svg:width="0.847cm" svg:height="0.9cm" xlink:href="66589" draw:filter-name=""/></text:p>

     </table:table-cell>
     <table:table-cell table:value-type="string">
      <text:p text:style-name="Paragraph">Vers la droite</text:p>
     </table:table-cell>
    </table:table-row>
   </table:table-header-rows>
  </table:table>
  <text:p text:style-name="Head 3"><help:help-id value="SVX_IMAGEBUTTON_RID_SVXPAGE_TEXTANIMATION_BTN_UP"/>Vers le haut</text:p>
  <text:p text:style-name="Paragraph"><help:help-text value="visible">Fait défiler le texte de bas en haut.</help:help-text></text:p>
  <table:table table:name="Tabelle3" table:style-name="Tabelle3">
   <table:table-column table:style-name="Tabelle3.A"/>
   <table:table-column table:style-name="Tabelle3.B"/>
   <table:table-header-rows>
    <table:table-row>
     <table:table-cell table:value-type="string">
      <text:p text:style-name="Paragraph"><draw:image draw:name="Icône2" svg:desc="Icône" svg:pixelx="32" svg:pixely="34" svg:width="0.847cm" svg:height="0.9cm" xlink:href="66590" draw:filter-name=""/></text:p>

     </table:table-cell>
     <table:table-cell table:value-type="string">
      <text:p text:style-name="Paragraph">Vers le haut</text:p>
     </table:table-cell>
    </table:table-row>
   </table:table-header-rows>
  </table:table>
  <text:p text:style-name="Head 3"><help:help-id value="SVX_IMAGEBUTTON_RID_SVXPAGE_TEXTANIMATION_BTN_DOWN"/>Vers le bas</text:p>
  <text:p text:style-name="Paragraph"><help:help-text value="visible">Fait défiler le texte de haut en bas.</help:help-text></text:p>
  <table:table table:name="Tabelle4" table:style-name="Tabelle4">
   <table:table-column table:style-name="Tabelle4.A"/>
   <table:table-column table:style-name="Tabelle4.B"/>
   <table:table-header-rows>
    <table:table-row>
     <table:table-cell table:value-type="string">
      <text:p text:style-name="Paragraph"><draw:image draw:name="Icône3" svg:desc="Icône" svg:pixelx="32" svg:pixely="34" svg:width="0.847cm" svg:height="0.9cm" xlink:href="66591" draw:filter-name=""/></text:p>

     </table:table-cell>
     <table:table-cell table:value-type="string">
      <text:p text:style-name="Paragraph">Vers le bas</text:p>
     </table:table-cell>
    </table:table-row>
   </table:table-header-rows>
  </table:table>
  <text:p text:style-name="Head 2">Propriétés</text:p>
  <text:p text:style-name="Head 3"><help:help-id value="SVX_TRISTATEBOX_RID_SVXPAGE_TEXTANIMATION_TSB_START_INSIDE"/>Texte visible au départ</text:p>
  <text:p text:style-name="Paragraph"><help:help-text value="visible">Le texte est visible à l&apos;intérieur de l&apos;objet de dessin dès que l&apos;effet est appliqué.</help:help-text></text:p>
  <text:p text:style-name="Head 3"><help:help-id value="SVX_TRISTATEBOX_RID_SVXPAGE_TEXTANIMATION_TSB_STOP_INSIDE"/>Texte visible à la fin</text:p>
  <text:p text:style-name="Paragraph"><help:help-text value="visible">Le texte reste visible après application de l&apos;effet.</help:help-text></text:p>
  <text:p text:style-name="Head 2">Cycles d&apos;animation</text:p>
  <text:p text:style-name="Paragraph">Définit les options de répétition de l&apos;effet d&apos;animation.</text:p>
  <text:p text:style-name="Head 3"><help:help-id value="SVX_TRISTATEBOX_RID_SVXPAGE_TEXTANIMATION_TSB_ENDLESS"/>Continu</text:p>
  <text:p text:style-name="Paragraph"><help:help-text value="visible">Applique l&apos;effet d&apos;animation en continu. Pour spécifier le nombre de fois où l&apos;effet doit être appliqué, décochez cette case, puis saisissez la quantité voulue, dans la zone <text:span text:style-name="T1">Continu</text:span>.</help:help-text></text:p>
  <text:p text:style-name="Head 3"><help:help-id value="SVX_NUMERICFIELD_RID_SVXPAGE_TEXTANIMATION_NUM_FLD_COUNT"/>Continu</text:p>
  <text:p text:style-name="Paragraph"><help:help-text value="visible">Saisissez le nombre de répétitions de l&apos;effet d&apos;animation souhaité.</help:help-text></text:p>
  <text:p text:style-name="Head 2">Pas de progression</text:p>
  <text:p text:style-name="Paragraph">Spécifie la valeur du pas de progression du défilement du texte.</text:p>
  <text:p text:style-name="Head 3"><help:help-id value="SVX_TRISTATEBOX_RID_SVXPAGE_TEXTANIMATION_TSB_PIXEL"/>Pixel</text:p>
  <text:p text:style-name="Paragraph"><help:help-text value="visible">Mesure la valeur du pas de progression en pixels.</help:help-text></text:p>
  <text:p text:style-name="Head 3"><help:help-id value="SVX_METRICFIELD_RID_SVXPAGE_TEXTANIMATION_MTR_FLD_AMOUNT"/>Pixel</text:p>
  <text:p text:style-name="Paragraph"><help:help-text value="visible">Saisissez le nombre de pas selon lequel le texte doit défiler.</help:help-text></text:p>
  <text:p text:style-name="Head 2">Temporisation</text:p>
  <text:p text:style-name="Paragraph">Spécifie la durée d&apos;attente avant répétition de l&apos;effet.</text:p>
  <text:p text:style-name="Head 3"><help:help-id value="SVX_TRISTATEBOX_RID_SVXPAGE_TEXTANIMATION_TSB_AUTO"/>Automatique</text:p>
  <text:p text:style-name="Paragraph"><help:help-text value="visible"><help:productname>%PRODUCTNAME</help:productname> détermine automatiquement la durée d&apos;attente avant répétition de l&apos;effet. Pour déterminer manuellement cette durée, décochez cette case, puis saisissez une valeur dans la zone <text:span text:style-name="T1">Automatique</text:span>.</help:help-text></text:p>
  <text:p text:style-name="Head 3"><help:help-id value="SVX_METRICFIELD_RID_SVXPAGE_TEXTANIMATION_MTR_FLD_DELAY"/>Zone Automatique</text:p>
  <text:p text:style-name="Paragraph"><help:help-text value="visible">Saisissez la durée d&apos;attente avant répétition de l&apos;effet.</help:help-text></text:p>
 </office:body>
</office:document>
