

<office:document  xmlns:office="http://openoffice.org/2000/office" xmlns:style="http://openoffice.org/2000/style" xmlns:text="http://openoffice.org/2000/text" xmlns:table="http://openoffice.org/2000/table" xmlns:draw="http://openoffice.org/2000/drawing" xmlns:fo="http://www.w3.org/1999/XSL/Format" xmlns:xlink="http://www.w3.org/1999/xlink" xmlns:number="http://openoffice.org/2000/datastyle" xmlns:svg="http://www.w3.org/2000/svg" xmlns:chart="http://openoffice.org/2000/chart" xmlns:dr3d="http://openoffice.org/2000/dr3d" xmlns:math="http://www.w3.org/1998/Math/MathML" xmlns:form="http://openoffice.org/2000/form" xmlns:script="http://openoffice.org/2000/script" office:class="text" office:version="1.0" xmlns:dc="http://purl.org/dc/elements/1.1/" xmlns:meta="http://openoffice.org/2000/meta" xmlns:help="http://openoffice.org/2000/help">
<office:meta>
  <dc:description>text/common/01/05340300</dc:description>
  <dc:subject>Alignement</dc:subject>

  <dc:language>fr-FR</dc:language>
  <meta:user-defined meta:name="Info 0">READY</meta:user-defined>
  <meta:user-defined meta:name="Info 1">FREE_OK</meta:user-defined>
  <meta:user-defined meta:name="Info 2">NOTE</meta:user-defined>
  <meta:user-defined meta:name="Info 3"/>
</office:meta>
 <office:script/>
 <office:font-decls>
  <style:font-decl style:name="StarSymbol" fo:font-family="StarSymbol" style:font-charset="x-symbol"/>
  <style:font-decl style:name="Courier New" fo:font-family="&apos;Courier New&apos;" style:font-style-name="Standard" style:font-family-generic="modern" style:font-pitch="fixed"/>
  <style:font-decl style:name="Courier" fo:font-family="Courier" style:font-family-generic="roman" style:font-pitch="fixed"/>
  <style:font-decl style:name="Arial Unicode MS" fo:font-family="&apos;Arial Unicode MS&apos;" style:font-pitch="variable"/>
  <style:font-decl style:name="HG Mincho Light J" fo:font-family="&apos;HG Mincho Light J&apos;" style:font-pitch="variable"/>
  <style:font-decl style:name="Times New Roman3" fo:font-family="&apos;Times New Roman&apos;" style:font-pitch="variable"/>
  <style:font-decl style:name="Thorndale" fo:font-family="Thorndale" style:font-family-generic="roman" style:font-pitch="variable"/>
  <style:font-decl style:name="Times New Roman2" fo:font-family="&apos;Times New Roman&apos;" style:font-style-name="Fett" style:font-family-generic="roman" style:font-pitch="variable"/>
  <style:font-decl style:name="Times New Roman" fo:font-family="&apos;Times New Roman&apos;" style:font-style-name="Standard" style:font-family-generic="roman" style:font-pitch="variable"/>
  <style:font-decl style:name="Times New Roman1" fo:font-family="&apos;Times New Roman&apos;" style:font-family-generic="swiss" style:font-pitch="variable"/>
 </office:font-decls>
 <office:automatic-styles>
  <style:style style:name="Tabelle1" style:family="table">
   <style:properties style:width="18cm" table:align="margins"/>
  </style:style>
  <style:style style:name="Tabelle1.A" style:family="table-column">
   <style:properties style:column-width="1.499cm" style:rel-column-width="5460*"/>
  </style:style>
  <style:style style:name="Tabelle1.B" style:family="table-column">
   <style:properties style:column-width="16.501cm" style:rel-column-width="60074*"/>
  </style:style>
  <style:style style:name="Tabelle1.1" style:family="table-row"/>
  <style:style style:name="Tabelle1.A1" style:family="table-cell">
   <style:properties fo:padding="0cm" fo:border="none"/>
  </style:style>
  <style:style style:name="P1" style:family="paragraph" style:parent-style-name="Paragraph" style:master-page-name="HTML">
   <style:properties style:page-number="0"/>
  </style:style>
  <style:style style:name="P2" style:family="paragraph" style:parent-style-name="Paragraph" style:list-style-name="L1"/>
  <style:style style:name="T1" style:family="text">
   <style:properties fo:font-weight="bold"/>
  </style:style>
  <style:style style:name="fr1" style:family="graphics" style:parent-style-name="Graphics">
   <style:properties style:run-through="foreground" style:wrap="run-through" style:vertical-pos="top" style:vertical-rel="paragraph" style:horizontal-pos="left" style:horizontal-rel="paragraph" style:mirror="none" fo:clip="rect(0cm 0cm 0cm 0cm)" draw:luminance="0%" draw:contrast="0%" draw:red="0%" draw:green="0%" draw:blue="0%" draw:gamma="1" draw:color-inversion="false" draw:transparency="-100%" draw:color-mode="standard"/>
  </style:style>
  <text:list-style style:name="L1">
   <text:list-level-style-bullet text:level="1" text:style-name="Bullet Symbols" style:num-suffix="." text:bullet-char="•">
    <style:properties text:min-label-width="0.499cm" style:font-name="StarSymbol"/>
   </text:list-level-style-bullet>
   <text:list-level-style-bullet text:level="2" text:style-name="Bullet Symbols" style:num-suffix="." text:bullet-char="•">
    <style:properties text:space-before="0.499cm" text:min-label-width="0.499cm" style:font-name="StarSymbol"/>
   </text:list-level-style-bullet>
   <text:list-level-style-bullet text:level="3" text:style-name="Bullet Symbols" style:num-suffix="." text:bullet-char="•">
    <style:properties text:space-before="0.999cm" text:min-label-width="0.499cm" style:font-name="StarSymbol"/>
   </text:list-level-style-bullet>
   <text:list-level-style-bullet text:level="4" text:style-name="Bullet Symbols" style:num-suffix="." text:bullet-char="•">
    <style:properties text:space-before="1.498cm" text:min-label-width="0.499cm" style:font-name="StarSymbol"/>
   </text:list-level-style-bullet>
   <text:list-level-style-bullet text:level="5" text:style-name="Bullet Symbols" style:num-suffix="." text:bullet-char="•">
    <style:properties text:space-before="1.997cm" text:min-label-width="0.499cm" style:font-name="StarSymbol"/>
   </text:list-level-style-bullet>
   <text:list-level-style-bullet text:level="6" text:style-name="Bullet Symbols" style:num-suffix="." text:bullet-char="•">
    <style:properties text:space-before="2.496cm" text:min-label-width="0.499cm" style:font-name="StarSymbol"/>
   </text:list-level-style-bullet>
   <text:list-level-style-bullet text:level="7" text:style-name="Bullet Symbols" style:num-suffix="." text:bullet-char="•">
    <style:properties text:space-before="2.995cm" text:min-label-width="0.499cm" style:font-name="StarSymbol"/>
   </text:list-level-style-bullet>
   <text:list-level-style-bullet text:level="8" text:style-name="Bullet Symbols" style:num-suffix="." text:bullet-char="•">
    <style:properties text:space-before="3.494cm" text:min-label-width="0.499cm" style:font-name="StarSymbol"/>
   </text:list-level-style-bullet>
   <text:list-level-style-bullet text:level="9" text:style-name="Bullet Symbols" style:num-suffix="." text:bullet-char="•">
    <style:properties text:space-before="3.994cm" text:min-label-width="0.499cm" style:font-name="StarSymbol"/>
   </text:list-level-style-bullet>
   <text:list-level-style-bullet text:level="10" text:style-name="Bullet Symbols" style:num-suffix="." text:bullet-char="•">
    <style:properties text:space-before="4.493cm" text:min-label-width="0.499cm" style:font-name="StarSymbol"/>
   </text:list-level-style-bullet>
  </text:list-style>
 </office:automatic-styles>
 <office:body>
  <text:variable-decls>
   <text:variable-decl text:value-type="string" text:name="HTML_ON"/>
   <text:variable-decl text:value-type="string" text:name="HTML_OFF"/>
   <text:variable-decl text:value-type="string" text:name="TITEL"/>
   <text:variable-decl text:value-type="string" text:name="END"/>
   <text:variable-decl text:value-type="string" text:name="HREF"/>
   <text:variable-decl text:value-type="string" text:name="MAC"/>
   <text:variable-decl text:value-type="string" text:name="OS2"/>
   <text:variable-decl text:value-type="string" text:name="ELSE"/>
   <text:variable-decl text:value-type="string" text:name="NAME"/>
   <text:variable-decl text:value-type="string" text:name="HelpID"/>
   <text:variable-decl text:value-type="string" text:name="MODIFY"/>
   <text:variable-decl text:value-type="string" text:name="REFNR"/>
   <text:variable-decl text:value-type="string" text:name="HFELD"/>
   <text:variable-decl text:value-type="string" text:name="AKTHLP"/>
   <text:variable-decl text:value-type="string" text:name="KEY"/>
   <text:variable-decl text:value-type="string" text:name="INDEX"/>
   <text:variable-decl text:value-type="string" text:name="STYLE"/>
  </text:variable-decls>
  <text:sequence-decls>
   <text:sequence-decl text:display-outline-level="0" text:name="Illustration"/>
   <text:sequence-decl text:display-outline-level="0" text:name="Table"/>
   <text:sequence-decl text:display-outline-level="0" text:name="Text"/>
   <text:sequence-decl text:display-outline-level="0" text:name="Drawing"/>
  </text:sequence-decls>
  <help:to-be-embedded Eid="ausrichtung">
  <text:p text:style-name="Head 1"><help:help-id value="HID_ALIGNMENT"/><help:key-word value="Alignement; Cellule" tag="kw65650_1"/><help:key-word value="Cellule; Alignement" tag="kw65650_13"/><help:link Id="65650">Alignement</help:link></text:p>
  <text:p text:style-name="Paragraph"><help:help-text value="visible">Définit les options d&apos;alignement du contenu de la cellule active ou des cellules sélectionnées.</help:help-text></text:p>
  </help:to-be-embedded>
  <help:popup Id="65625" Eid="fozelaus"><help:embedded Id="65598" Eid="wie"></help:embedded></help:popup>
  <text:p text:style-name="Head 3"><help:help-id value="SVX_LISTBOX_RID_SVXPAGE_ALIGNMENT_LB_HORALIGN"/>Horizontal</text:p>
  <text:p text:style-name="Paragraph"><help:help-text value="visible">Sélectionnez l&apos;option d&apos;alignement horizontal à appliquer au contenu de la cellule.</help:help-text></text:p>
  <text:p text:style-name="Head 3">Standard</text:p>
  <text:p text:style-name="Paragraph">Avec cette option, vous pouvez sélectionner la valeur par défaut de l&apos;alignement horizontal du contenu des cellules.</text:p>
  <table:table table:name="Tabelle1" table:style-name="Tabelle1">
   <table:table-column table:style-name="Tabelle1.A"/>
   <table:table-column table:style-name="Tabelle1.B"/>
   <table:table-header-rows>
    <table:table-row table:style-name="Tabelle1.1">
     <table:table-cell table:style-name="Tabelle1.A1" table:value-type="string">
      <text:p text:style-name="Paragraph"><draw:image draw:name="Icône0" svg:desc="Cette icône indique du texte comportant des informations supplémentaires." svg:pixelx="32" svg:pixely="32" svg:width="0.847cm" svg:height="0.847cm" xlink:href="65980" draw:filter-name=""/></text:p>

     </table:table-cell>
     <table:table-cell table:style-name="Tabelle1.A1" table:value-type="string">
      <text:p text:style-name="Paragraph">Lorsque l&apos;option <text:span text:style-name="T1">Par défaut</text:span> est sélectionnée, les chiffres sont alignés à droite et le texte à gauche.</text:p>
     </table:table-cell>
    </table:table-row>
   </table:table-header-rows>
  </table:table>
  <text:p text:style-name="Head 3"><help:help-id value="SID_ALIGNLEFT"/><a name="links"/>À gauche</text:p>
  <text:p text:style-name="Paragraph"><help:to-be-embedded Eid="linkstext"><help:help-text value="visible">Aligne le contenu de la cellule à gauche.</help:help-text></help:to-be-embedded></text:p>
  <help:embedded Id="65609" Eid="objektleiste"></help:embedded>
  <help:embedded Id="65593" Eid="sylinksbuendig"></help:embedded>
  <text:p text:style-name="Head 3"><help:help-id value="SID_ALIGNRIGHT"/><a name="rechts"/>À droite</text:p>
  <text:p text:style-name="Paragraph"><help:to-be-embedded Eid="rechtstext"><help:help-text value="visible">Aligne le contenu de la cellule à droite.</help:help-text></help:to-be-embedded></text:p>
  <help:embedded Id="65609" Eid="objektleiste"></help:embedded>
  <help:embedded Id="65593" Eid="syrechtsbuendig"></help:embedded>
  <text:p text:style-name="Head 3"><help:help-id value="SID_ALIGNCENTERHOR"/><a name="zentriert"/>Centré</text:p>
  <text:p text:style-name="Paragraph"><help:to-be-embedded Eid="zentrierttext"><help:help-text value="visible">Centre horizontalement le contenu de la cellule.</help:help-text></help:to-be-embedded></text:p>
  <help:embedded Id="65609" Eid="objektleiste"></help:embedded>
  <help:embedded Id="65593" Eid="syzentriert"></help:embedded>
  <text:p text:style-name="Head 3"><help:help-id value="SID_ALIGNBLOCK"/><a name="block"/>Justifié</text:p>
  <text:p text:style-name="Paragraph"><help:to-be-embedded Eid="blocktext"><help:help-text value="visible">Aligne le contenu de la cellule sur les bords gauche et droit de celle-ci.</help:help-text></help:to-be-embedded></text:p>
  <help:embedded Id="65609" Eid="objektleiste"></help:embedded>
  <help:embedded Id="65593" Eid="syblocksatz"></help:embedded>
  <text:p text:style-name="Head 3"><help:help-id value="SVX_METRICFIELD_RID_SVXPAGE_ALIGNMENT_ED_INDENT"/>Retrait</text:p>
  <text:p text:style-name="Paragraph"><help:help-text value="visible">Crée un retrait de la valeur que vous spécifiez par rapport au bord gauche de la cellule.</help:help-text></text:p>
  <text:p text:style-name="Head 3"><help:help-id value="SVX_LISTBOX_RID_SVXPAGE_ALIGNMENT_LB_VERALIGN"/>Vertical</text:p>
  <text:p text:style-name="Paragraph"><help:help-text value="visible">Sélectionnez l&apos;option d&apos;alignement vertical à appliquer au contenu de la cellule.</help:help-text></text:p>
  <text:p text:style-name="Head 3">Standard</text:p>
  <text:p text:style-name="Paragraph"><help:help-text value="visible">Aligne le contenu de la cellule sur le bas de celle-ci.</help:help-text></text:p>
  <text:p text:style-name="Head 3"><help:help-id value="SID_ALIGNTOP"/><a name="oben"/>En haut</text:p>
  <text:p text:style-name="Paragraph"><help:to-be-embedded Eid="obentext"><help:help-text value="visible">Aligne le contenu de la cellule sur le bord supérieur de celle-ci.</help:help-text></help:to-be-embedded></text:p>
  <help:embedded Id="65609" Eid="objektleiste"></help:embedded>
  <help:switch select="Program"><help:case select="CHART"></help:case><help:default><help:embedded Id="65598" Eid="syvertikaloben"></help:embedded></help:default></help:switch>
  <text:p text:style-name="Head 3"><help:help-id value="SID_ALIGNBOTTOM"/><a name="unten"/>En bas</text:p>
  <text:p text:style-name="Paragraph"><help:to-be-embedded Eid="untentext"><help:help-text value="visible">Aligne le contenu de la cellule sur le bord inférieur de celle-ci.</help:help-text></help:to-be-embedded></text:p>
  <help:embedded Id="65609" Eid="objektleiste"></help:embedded>
  <help:embedded Id="65598" Eid="syvertikalunten"></help:embedded>
  <text:p text:style-name="Head 3"><help:help-id value="SID_ALIGNCENTERVER"/><a name="mitte"/>Milieu</text:p>
  <text:p text:style-name="Paragraph"><help:to-be-embedded Eid="mittetext"><help:help-text value="visible">Centre verticalement le contenu de la cellule.</help:help-text></help:to-be-embedded></text:p>
  <help:embedded Id="65609" Eid="objektleiste"></help:embedded>
  <help:embedded Id="65598" Eid="syvertikalmitte"></help:embedded>
  <text:p text:style-name="Head 2"><help:key-word value="Orientation; Cellule" tag="kw65650_12"/><help:key-word value="Cellule; Orientation" tag="kw65650_11"/><help:key-word value="Classeur; Orientation" tag="kw65650_10"/><help:key-word value="Feuille de calcul; Orientation" tag="kw65650_9"/>Orientation</text:p>
  <text:p text:style-name="Paragraph"><a name="ausr"/><help:help-text value="visible">Définit l&apos;orientation du texte à l&apos;intérieur de la cellule.</help:help-text></text:p>
  <help:switch select="Program"><help:case select="CALC"><help:embedded Id="68107" Eid="text_rotate"></help:embedded></help:case></help:switch>
  <text:p text:style-name="Paragraph"><help:help-id value="HID_ALIGNMENT_CTR_DIAL"/><help:help-text value="visible">Cliquez sur le cadran pour définir l&apos;orientation du texte.</help:help-text></text:p>
  <text:p text:style-name="Paragraph"><help:help-id value="SVX_IMAGEBUTTON_RID_SVXPAGE_ALIGNMENT_BTN_TXTSTACKED"/><help:help-text value="visible">Donne une orientation verticale au texte.</help:help-text></text:p>
  <text:p text:style-name="Head 3"><help:help-id value="SVX_NUMERICFIELD_RID_SVXPAGE_ALIGNMENT_NF_DEGREES"/>Angle</text:p>
  <text:p text:style-name="Paragraph"><help:help-text value="visible">Saisissez l&apos;angle de rotation du texte pour la ou les cellules sélectionnées. Un nombre positif fait pivoter le texte vers la gauche, un nombre négatif le fait pivoter vers la droite.<a name="end"/></help:help-text></text:p>
  <text:p text:style-name="Head 3"><help:help-id value="HID_ALIGNMENT_CTR_BORDER_LOCK"/>Bord de référence</text:p>
  <text:p text:style-name="Paragraph"><help:help-text value="visible">Indiquez le bord de la cellule à partir duquel le texte pivoté doit être écrit.</help:help-text></text:p>
  <text:unordered-list text:style-name="L1">
   <text:list-item>
    <text:p text:style-name="P2"><text:span text:style-name="T1">Extension de texte à partir du bord inférieur de la cellule :</text:span> Le texte pivoté commence au bord inférieur de la cellule pour se diriger vers l&apos;extérieur.</text:p>
   </text:list-item>
   <text:list-item>
    <text:p text:style-name="P2"><text:span text:style-name="T1">Extension de texte à partir du bord supérieur de la cellule :</text:span> Le texte pivoté commence au bord supérieur de la cellule et se dirige vers l&apos;extérieur.</text:p>
   </text:list-item>
   <text:list-item>
    <text:p text:style-name="P2"><text:span text:style-name="T1">Extension de texte uniquement à l&apos;intérieur de la cellule :</text:span> Le texte pivoté ne s&apos;inscrit qu&apos;à l&apos;intérieur de la cellule.</text:p>
   </text:list-item>
  </text:unordered-list>
  <help:embedded Id="65609" Eid="asiahinweis"></help:embedded>
  <text:p text:style-name="Head 3"><help:help-id value="SVX_TRISTATEBOX_RID_SVXPAGE_ALIGNMENT_BTN_ASIAN_VERTICAL"/>Utiliser le mode de mise en page vertical asiatique</text:p>
  <text:p text:style-name="Paragraph">Cette case à cocher n&apos;est disponible que si vous avez activé le support des langues asiatiques et avez défini une orientation verticale du texte. <help:help-text value="visible">Aligne les caractères asiatiques les uns au-dessous des autres dans la ou les cellules sélectionnées. Si la cellule contient plusieurs lignes de texte, celles-ci sont converties en colonnes de texte disposées de droite à gauche. Les caractères occidentaux pivotent de 90 degrés vers la droite. Les caractères asiatiques ne pivotent pas.</help:help-text></text:p>
  <text:p text:style-name="Head 2">Écart des lignes de la grille</text:p>
  <text:p text:style-name="Paragraph">Spécifiez l&apos;écart entre les bords de la cellule et le contenu de cette dernière.</text:p>
  <text:p text:style-name="Head 3"><help:help-id value="SVX_METRICFIELD_RID_SVXPAGE_ALIGNMENT_ED_LEFTSPACE"/>À gauche</text:p>
  <text:p text:style-name="Paragraph"><help:help-text value="visible">Saisissez l&apos;écart devant séparer le bord gauche de la cellule et le bord gauche du contenu de celle-ci.</help:help-text></text:p>
  <text:p text:style-name="Head 3"><help:help-id value="SVX_METRICFIELD_RID_SVXPAGE_ALIGNMENT_ED_RIGHTSPACE"/>À droite</text:p>
  <text:p text:style-name="Paragraph"><help:help-text value="visible">Saisissez l&apos;écart devant séparer le bord droit de la cellule et le bord droit du contenu de celle-ci.</help:help-text></text:p>
  <text:p text:style-name="Head 3"><help:help-id value="SVX_METRICFIELD_RID_SVXPAGE_ALIGNMENT_ED_TOPSPACE"/>En haut</text:p>
  <text:p text:style-name="Paragraph"><help:help-text value="visible">Saisissez l&apos;écart devant séparer le bord supérieur de la cellule et le bord supérieur du contenu de celle-ci.</help:help-text></text:p>
  <text:p text:style-name="Head 3"><help:help-id value="SVX_METRICFIELD_RID_SVXPAGE_ALIGNMENT_ED_BOTTOMSPACE"/>En bas</text:p>
  <text:p text:style-name="Paragraph"><help:help-text value="visible">Saisissez l&apos;écart devant séparer le bord inférieur de la cellule et le bord inférieur du contenu de celle-ci.</help:help-text></text:p>
  <text:p text:style-name="Head 2">Enchaînements</text:p>
  <text:p text:style-name="Paragraph">Déterminez les enchaînements dans la cellule.</text:p>
  <text:p text:style-name="Head 3"><a name="umbruch"/><help:help-id value="SVX_TRISTATEBOX_RID_SVXPAGE_ALIGNMENT_BTN_WRAP"/>Retour à la ligne automatique<help:key-word value="Retours à la ligne; Dans les cellules" tag="kw65650_8"/><help:key-word value="Cellules; Retours à la ligne" tag="kw65650_7"/><help:key-word value="Enchaînement du texte; Dans les cellules" tag="kw65650_6"/><help:key-word value="Cellules; Enchaînement du texte" tag="kw65650_5"/><help:key-word value="Sauts de texte; Dans les cellules" tag="kw65650_4"/><help:key-word value="Adaptation du texte; Dans les cellules" tag="kw65650_3"/><help:key-word value="Habillage; Dans les cellules" tag="kw65650_2"/></text:p>
  <text:p text:style-name="Paragraph"><help:help-text value="visible">Renvoie le texte à la ligne lorsque le bord de la cellule est atteint. Pour saisir un retour à la ligne manuel, appuyez sur <help:switch select="System"><help:case select ="MAC">Commande</help:case><help:default>Ctrl</help:default></help:switch>+Entrée dans la cellule (et non dans la ligne de saisie).</help:help-text></text:p>
  <text:p text:style-name="Head 3"><help:help-id value="SVX_TRISTATEBOX_RID_SVXPAGE_ALIGNMENT_BTN_HYPH"/>Coupure des mots active</text:p>
  <text:p text:style-name="Paragraph"><help:help-text value="visible">Active la coupure des mots pour les retours automatiques à la ligne.</help:help-text></text:p>
 </office:body>
</office:document>
