

<office:document  xmlns:office="http://openoffice.org/2000/office" xmlns:style="http://openoffice.org/2000/style" xmlns:text="http://openoffice.org/2000/text" xmlns:table="http://openoffice.org/2000/table" xmlns:draw="http://openoffice.org/2000/drawing" xmlns:fo="http://www.w3.org/1999/XSL/Format" xmlns:xlink="http://www.w3.org/1999/xlink" xmlns:number="http://openoffice.org/2000/datastyle" xmlns:svg="http://www.w3.org/2000/svg" xmlns:chart="http://openoffice.org/2000/chart" xmlns:dr3d="http://openoffice.org/2000/dr3d" xmlns:math="http://www.w3.org/1998/Math/MathML" xmlns:form="http://openoffice.org/2000/form" xmlns:script="http://openoffice.org/2000/script" office:class="text" office:version="1.0" xmlns:dc="http://purl.org/dc/elements/1.1/" xmlns:meta="http://openoffice.org/2000/meta" xmlns:help="http://openoffice.org/2000/help">
<office:meta>
  <dc:description>text/common/01/06040500</dc:description>
  <dc:subject>Menu contextuel de l&apos;AutoCorrection</dc:subject>

  <dc:language>fr-FR</dc:language>
  <meta:user-defined meta:name="Info 0">READY</meta:user-defined>
  <meta:user-defined meta:name="Info 1">FREE_OK</meta:user-defined>
  <meta:user-defined meta:name="Info 2">HTML_OK</meta:user-defined>
  <meta:user-defined meta:name="Info 3"/>
</office:meta>
 <office:script/>
 <office:font-decls>
  <style:font-decl style:name="StarSymbol" fo:font-family="StarSymbol" style:font-charset="x-symbol"/>
  <style:font-decl style:name="Courier New" fo:font-family="&apos;Courier New&apos;" style:font-style-name="Standard" style:font-family-generic="modern" style:font-pitch="fixed"/>
  <style:font-decl style:name="Courier" fo:font-family="Courier" style:font-family-generic="roman" style:font-pitch="fixed"/>
  <style:font-decl style:name="Arial Unicode MS" fo:font-family="&apos;Arial Unicode MS&apos;" style:font-pitch="variable"/>
  <style:font-decl style:name="HG Mincho Light J" fo:font-family="&apos;HG Mincho Light J&apos;" style:font-pitch="variable"/>
  <style:font-decl style:name="Times New Roman3" fo:font-family="&apos;Times New Roman&apos;" style:font-pitch="variable"/>
  <style:font-decl style:name="Thorndale" fo:font-family="Thorndale" style:font-family-generic="roman" style:font-pitch="variable"/>
  <style:font-decl style:name="Times New Roman2" fo:font-family="&apos;Times New Roman&apos;" style:font-style-name="Fett" style:font-family-generic="roman" style:font-pitch="variable"/>
  <style:font-decl style:name="Times New Roman" fo:font-family="&apos;Times New Roman&apos;" style:font-style-name="Standard" style:font-family-generic="roman" style:font-pitch="variable"/>
  <style:font-decl style:name="Times New Roman1" fo:font-family="&apos;Times New Roman&apos;" style:font-family-generic="swiss" style:font-pitch="variable"/>
 </office:font-decls>
 <office:automatic-styles>
  <style:style style:name="P1" style:family="paragraph" style:parent-style-name="Paragraph" style:master-page-name="HTML">
   <style:properties style:page-number="0"/>
  </style:style>
  <style:style style:name="T1" style:family="text">
   <style:properties fo:font-weight="bold"/>
  </style:style>
 </office:automatic-styles>
 <office:body>
  <text:variable-decls>
   <text:variable-decl text:value-type="string" text:name="HTML_ON"/>
   <text:variable-decl text:value-type="string" text:name="HTML_OFF"/>
   <text:variable-decl text:value-type="string" text:name="TITEL"/>
   <text:variable-decl text:value-type="string" text:name="END"/>
   <text:variable-decl text:value-type="string" text:name="HREF"/>
   <text:variable-decl text:value-type="string" text:name="NAME"/>
   <text:variable-decl text:value-type="string" text:name="OS2"/>
   <text:variable-decl text:value-type="string" text:name="ELSE"/>
   <text:variable-decl text:value-type="string" text:name="HelpID"/>
   <text:variable-decl text:value-type="string" text:name="MODIFY"/>
   <text:variable-decl text:value-type="string" text:name="REFNR"/>
   <text:variable-decl text:value-type="string" text:name="WIN"/>
   <text:variable-decl text:value-type="string" text:name="HFELD"/>
   <text:variable-decl text:value-type="string" text:name="MAC"/>
   <text:variable-decl text:value-type="string" text:name="AKTHLP"/>
   <text:variable-decl text:value-type="string" text:name="INDEX"/>
  </text:variable-decls>
  <text:sequence-decls>
   <text:sequence-decl text:display-outline-level="0" text:name="Illustration"/>
   <text:sequence-decl text:display-outline-level="0" text:name="Table"/>
   <text:sequence-decl text:display-outline-level="0" text:name="Text"/>
   <text:sequence-decl text:display-outline-level="0" text:name="Drawing"/>
  </text:sequence-decls>
  <text:p text:style-name="P1"/>
  <text:p text:style-name="Head 1"><help:key-word value="AutoCorrection; Menu contextuel" tag="kw65697_1"/><help:key-word value="Vérification orthographique; Menu contextuel" tag="kw65697_2"/>Menu contextuel de l&apos;AutoCorrection</text:p>
  <text:p text:style-name="Paragraph">Pour accéder à ce menu, cliquez avec le bouton droit sur un mot mal orthographié dans le document. Pour afficher les mots mal orthographiés dans le document, choisissez <text:span text:style-name="T1">Outils - Vérification orthographique - Vérification automatique</text:span>.</text:p>
  <text:p text:style-name="Head 2"><help:help-id value="HID_LINGU_REPLACE"/>&lt;Correction proposée&gt;</text:p>
  <text:p text:style-name="Paragraph"><help:help-text value="visible">Cliquez sur le mot en évidence pour le remplacer.</help:help-text></text:p>
  <text:p text:style-name="Head 2"><help:help-id value="HID_EDITENG_SPELLER_START"/><help:help-id value="HID_LINGU_SPELLING_DLG"/>Orthographe</text:p>
  <text:p text:style-name="Paragraph"><help:help-text value="visible">Ouvre la boîte de dialogue <help:link Id="65853">Vérification orthographique</help:link>.</help:help-text></text:p>
  <text:p text:style-name="Head 2"><help:help-id value="HID_EDITENG_SPELLER_ADDWORD"/><help:help-id value="HID_LINGU_ADD_WORD"/>Ajouter</text:p>
  <text:p text:style-name="Paragraph"><help:help-text value="visible">Ajoute le mot en évidence dans un dictionnaire de l&apos;utilisateur.</help:help-text></text:p>
  <text:p text:style-name="Head 2"><help:help-id value="HID_EDITENG_SPELLER_IGNORE"/><help:help-id value="HID_LINGU_IGNORE_WORD"/>Ignorer tout</text:p>
  <text:p text:style-name="Paragraph"><help:help-text value="visible">Ignore toutes les occurrences du mot en évidence dans le document actif.</help:help-text></text:p>
  <text:p text:style-name="Head 2"><help:help-id value="HID_EDITENG_SPELLER_AUTOCORRECT"/><help:help-id value="HID_LINGU_AUTOCORR"/>AutoCorrection</text:p>
  <text:p text:style-name="Paragraph"><help:help-text value="visible">Répertorie les corrections proposées dans la table de remplacement pour le mot mis en évidence. Pour remplacer le mot mis en évidence, cliquez sur un mot de la liste.</help:help-text></text:p>
  <text:p text:style-name="Paragraph">Pour éditer la table de remplacement, choisissez <text:span text:style-name="T1">Outils</text:span> - <text:span text:style-name="T1">AutoCorrection</text:span><help:switch select="Program"><help:case select="WRITER"><text:span text:style-name="T1">/AutoFormat</text:span></help:case></help:switch>, puis cliquez sur l&apos;onglet <text:span text:style-name="T1">Remplacement</text:span>.</text:p>
  <text:p text:style-name="Head 2"><help:help-id value="HID_LINGU_WORD_LANGUAGE"/>Le mot est en &lt;nom de la langue&gt;</text:p>
  <text:p text:style-name="Paragraph"><help:help-text value="visible">Modifie les paramètres linguistiques pour le mot mis en évidence si ce dernier figure dans un autre dictionnaire.</help:help-text></text:p>
  <text:p text:style-name="Head 2"><help:help-id value="HID_LINGU_PARA_LANGUAGE"/>Le paragraphe est en &lt;nom de la langue&gt;</text:p>
  <text:p text:style-name="Paragraph"><help:help-text value="visible">Modifie le paramètre linguistique pour le paragraphe contenant le mot en évidence si ce dernier figure dans un autre dictionnaire.</help:help-text></text:p>
 </office:body>
</office:document>
