

<office:document  xmlns:office="http://openoffice.org/2000/office" xmlns:style="http://openoffice.org/2000/style" xmlns:text="http://openoffice.org/2000/text" xmlns:table="http://openoffice.org/2000/table" xmlns:draw="http://openoffice.org/2000/drawing" xmlns:fo="http://www.w3.org/1999/XSL/Format" xmlns:xlink="http://www.w3.org/1999/xlink" xmlns:number="http://openoffice.org/2000/datastyle" xmlns:svg="http://www.w3.org/2000/svg" xmlns:chart="http://openoffice.org/2000/chart" xmlns:dr3d="http://openoffice.org/2000/dr3d" xmlns:math="http://www.w3.org/1998/Math/MathML" xmlns:form="http://openoffice.org/2000/form" xmlns:script="http://openoffice.org/2000/script" office:class="text" office:version="1.0" xmlns:dc="http://purl.org/dc/elements/1.1/" xmlns:meta="http://openoffice.org/2000/meta" xmlns:help="http://openoffice.org/2000/help">
<office:meta>
  <dc:description>text/common/01/06140200</dc:description>
  <dc:subject>Clavier</dc:subject>
  <meta:keywords>
   <meta:keyword>$Version</meta:keyword>
  </meta:keywords>
  <dc:language>fr-FR</dc:language>
  <meta:user-defined meta:name="Info 0">READY</meta:user-defined>
  <meta:user-defined meta:name="Info 1">FREE_OK</meta:user-defined>
  <meta:user-defined meta:name="Info 2"/>
  <meta:user-defined meta:name="Info 3"/>
</office:meta>
 <office:script/>
 <office:font-decls>
  <style:font-decl style:name="StarSymbol" fo:font-family="StarSymbol" style:font-charset="x-symbol"/>
  <style:font-decl style:name="Courier New" fo:font-family="&apos;Courier New&apos;" style:font-style-name="Standard" style:font-family-generic="modern" style:font-pitch="fixed"/>
  <style:font-decl style:name="Courier" fo:font-family="Courier" style:font-family-generic="roman" style:font-pitch="fixed"/>
  <style:font-decl style:name="Arial Unicode MS" fo:font-family="&apos;Arial Unicode MS&apos;" style:font-pitch="variable"/>
  <style:font-decl style:name="HG Mincho Light J" fo:font-family="&apos;HG Mincho Light J&apos;" style:font-pitch="variable"/>
  <style:font-decl style:name="Times New Roman3" fo:font-family="&apos;Times New Roman&apos;" style:font-pitch="variable"/>
  <style:font-decl style:name="Thorndale" fo:font-family="Thorndale" style:font-family-generic="roman" style:font-pitch="variable"/>
  <style:font-decl style:name="Times New Roman2" fo:font-family="&apos;Times New Roman&apos;" style:font-style-name="Fett" style:font-family-generic="roman" style:font-pitch="variable"/>
  <style:font-decl style:name="Times New Roman" fo:font-family="&apos;Times New Roman&apos;" style:font-style-name="Standard" style:font-family-generic="roman" style:font-pitch="variable"/>
  <style:font-decl style:name="Times New Roman1" fo:font-family="&apos;Times New Roman&apos;" style:font-family-generic="swiss" style:font-pitch="variable"/>
 </office:font-decls>
 <office:automatic-styles>
  <style:style style:name="Tabelle3" style:family="table">
   <style:properties style:width="18cm" table:align="margins"/>
  </style:style>
  <style:style style:name="Tabelle3.A" style:family="table-column">
   <style:properties style:column-width="1.499cm" style:rel-column-width="5460*"/>
  </style:style>
  <style:style style:name="Tabelle3.B" style:family="table-column">
   <style:properties style:column-width="16.499cm" style:rel-column-width="60055*"/>
  </style:style>
  <style:style style:name="P1" style:family="paragraph" style:parent-style-name="Paragraph" style:master-page-name="HTML">
   <style:properties style:page-number="0"/>
  </style:style>
  <style:style style:name="T1" style:family="text">
   <style:properties fo:font-weight="bold"/>
  </style:style>
  <style:style style:name="fr1" style:family="graphics" style:parent-style-name="Graphics">
   <style:properties style:run-through="foreground" style:wrap="run-through" style:vertical-pos="top" style:vertical-rel="paragraph" style:horizontal-pos="left" style:horizontal-rel="paragraph" style:mirror="none" fo:clip="rect(0cm 0cm 0cm 0cm)" draw:luminance="0%" draw:contrast="0%" draw:red="0%" draw:green="0%" draw:blue="0%" draw:gamma="1" draw:color-inversion="false" draw:transparency="-100%" draw:color-mode="standard"/>
  </style:style>
 </office:automatic-styles>
 <office:body>
  <text:variable-decls>
   <text:variable-decl text:value-type="string" text:name="HTML_ON"/>
   <text:variable-decl text:value-type="string" text:name="HTML_OFF"/>
   <text:variable-decl text:value-type="string" text:name="TITEL"/>
   <text:variable-decl text:value-type="string" text:name="END"/>
   <text:variable-decl text:value-type="string" text:name="HREF"/>
   <text:variable-decl text:value-type="string" text:name="OS2"/>
   <text:variable-decl text:value-type="string" text:name="ELSE"/>
   <text:variable-decl text:value-type="string" text:name="NAME"/>
   <text:variable-decl text:value-type="string" text:name="HelpID"/>
   <text:variable-decl text:value-type="string" text:name="MODIFY"/>
   <text:variable-decl text:value-type="string" text:name="REFNR"/>
   <text:variable-decl text:value-type="string" text:name="MAC"/>
   <text:variable-decl text:value-type="string" text:name="AKTHLP"/>
   <text:variable-decl text:value-type="string" text:name="INDEX"/>
   <text:variable-decl text:value-type="string" text:name="HFELD"/>
   <text:variable-decl text:value-type="string" text:name="STYLE"/>
  </text:variable-decls>
  <text:sequence-decls>
   <text:sequence-decl text:display-outline-level="0" text:name="Illustration"/>
   <text:sequence-decl text:display-outline-level="0" text:name="Table"/>
   <text:sequence-decl text:display-outline-level="0" text:name="Text"/>
   <text:sequence-decl text:display-outline-level="0" text:name="Drawing"/>
  </text:sequence-decls>
  <help:to-be-embedded Eid="tastatur">
  <text:p text:style-name="Head 1"><help:help-id value="HID_CONFIG_ACCEL"/><help:key-word value="Adaptation; Clavier" tag="kw65667_1"/><help:key-word value="Clavier; Adaptation" tag="kw65667_5"/><help:key-word value="Modification; Clavier" tag="kw65667_4"/><help:key-word value="Modification; Clavier" tag="kw65667_3"/><help:key-word value="Édition; Clavier" tag="kw65667_2"/><help:link Id="65667">Clavier</help:link></text:p>
  <text:p text:style-name="Paragraph"><help:help-text value="visible">Sur cet onglet, vous pouvez adapter la configuration du clavier de votre application à vos besoins personnels.</help:help-text></text:p>
  </help:to-be-embedded>
  <help:popup Id="65589" Eid="tastatur"><help:embedded Id="65598" Eid="wie"></help:embedded></help:popup>
  <text:p text:style-name="Paragraph">Vous pouvez assigner ou éditer des raccourcis clavier pour l&apos;application active ou pour toutes les applications <help:productname>%PRODUCTNAME</help:productname>.</text:p>
  <help:to-be-embedded Eid="operatinghint">
  <table:table table:name="Tabelle3" table:style-name="Tabelle3">
   <table:table-column table:style-name="Tabelle3.A"/>
   <table:table-column table:style-name="Tabelle3.B"/>
   <table:table-header-rows>
    <table:table-row>
     <table:table-cell table:value-type="string">
      <text:p text:style-name="Paragraph"><draw:image draw:name="Icône0" svg:desc="Cette icône indique du texte comportant des informations supplémentaires." svg:pixelx="32" svg:pixely="32" svg:width="0.847cm" svg:height="0.847cm" xlink:href="65980" draw:filter-name=""/></text:p>

     </table:table-cell>
     <table:table-cell table:value-type="string">
      <text:p text:style-name="Paragraph">Évitez d&apos;assigner des raccourcis clavier déjà utilisés par votre système d&apos;exploitation.</text:p>
     </table:table-cell>
    </table:table-row>
   </table:table-header-rows>
  </table:table>
  </help:to-be-embedded>
  <text:p text:style-name="Head 2"><help:help-id value="SFX2_RADIOBUTTON_TP_CONFIG_ACCEL_RB_OFFICE"/><help:productname>%PRODUCTNAME</help:productname></text:p>
  <text:p text:style-name="Paragraph"><help:help-text value="visible">Affiche les raccourcis clavier communs à toutes les applications <help:productname>%PRODUCTNAME</help:productname>.</help:help-text></text:p>
  <text:p text:style-name="Head 2"><help:help-id value="SFX2_RADIOBUTTON_TP_CONFIG_ACCEL_RB_MODULE"/><help:switch select="Program"><help:case select="WRITER">Writer</help:case><help:case select="CALC">Calc</help:case><help:case select="IMPRESS">Impress</help:case><help:case select="DRAW">Draw</help:case><help:case select="MATH">Math</help:case></help:switch></text:p>
  <text:p text:style-name="Paragraph"><help:help-text value="visible">Affiche les raccourcis clavier de l&apos;application <help:productname>%PRODUCTNAME</help:productname> active.</help:help-text></text:p>
  <text:p text:style-name="Head 2"><help:help-id value="HID_ACCELCONFIG_LISTBOX"/>Raccourcis clavier</text:p>
  <text:p text:style-name="Paragraph"><help:help-text value="visible">Liste les raccourcis clavier et les commandes associées. Pour assigner ou modifier le raccourci clavier de la commande sélectionnée dans la liste <text:span text:style-name="T1">Fonction</text:span>, cliquez sur le raccourci listé, puis sur <text:span text:style-name="T1">Modifier</text:span>.</help:help-text></text:p>
  <text:p text:style-name="Head 2">Fonctions</text:p>
  <text:p text:style-name="Paragraph">Liste les catégories de fonctions et fonctions de <help:productname>%PRODUCTNAME</help:productname> auxquelles vous pouvez assigner des raccourcis clavier.</text:p>
  <text:p text:style-name="Head 3"><help:help-id value="HID_CONFIGGROUP_ACC_LISTBOX"/>Catégorie</text:p>
  <text:p text:style-name="Paragraph"><help:help-text value="visible">Liste les catégories de fonctions disponibles.</help:help-text></text:p>
  <text:p text:style-name="Head 3"><help:help-id value="HID_CONFIGFUNCTION_ACC_LISTBOX"/>Fonction</text:p>
  <text:p text:style-name="Paragraph"><help:help-text value="visible">Sélectionnez une fonction à laquelle vous désirez assigner un raccourci clavier, cliquez sur une combinaison de touches dans la liste <text:span text:style-name="T1">Raccourcis clavier</text:span>, et cliquez sur <text:span text:style-name="T1">Modifier</text:span>. Si la fonction sélectionnée possède déjà un raccourci clavier, celui-ci est affiché dans la liste <text:span text:style-name="T1">Clavier</text:span>.</help:help-text></text:p>
  <text:p text:style-name="Head 3"><help:help-id value="SFX2_LISTBOX_TP_CONFIG_ACCEL_BOX_ACC_KEY"/>Touches</text:p>
  <text:p text:style-name="Paragraph"><help:help-text value="visible">Affiche les raccourcis clavier assignés aux fonctions sélectionnées.</help:help-text></text:p>
  <text:p text:style-name="Head 2"><help:help-id value="SFX2_PUSHBUTTON_TP_CONFIG_ACCEL_BTN_ACC_CHANGE"/>Modifier</text:p>
  <text:p text:style-name="Paragraph"><help:help-text value="visible">Assigne la combinaison de touches sélectionnée dans la liste <text:span text:style-name="T1">Raccourcis clavier</text:span> à la commande sélectionnée dans la liste <text:span text:style-name="T1">Fonction</text:span>.</help:help-text></text:p>
  <help:help-id value="SFX2_PUSHBUTTON_TP_CONFIG_ACCEL_BTN_ACC_REMOVE"/><help:embedded Id="65630" Eid="loeschen1"></help:embedded>
  <text:p text:style-name="Head 2"><help:help-id value="SFX2_PUSHBUTTON_TP_CONFIG_ACCEL_BTN_LOAD"/>Charger...</text:p>
  <text:p text:style-name="Paragraph"><help:help-text value="visible">Remplace la configuration des raccourcis clavier par celle préalablement enregistrée.</help:help-text></text:p>
  <text:p text:style-name="Head 2"><help:help-id value="SFX2_PUSHBUTTON_TP_CONFIG_ACCEL_BTN_SAVE"/>Enregistrer...</text:p>
  <text:p text:style-name="Paragraph"><help:help-text value="visible">Enregistre la configuration active des raccourcis clavier afin que vous puissiez la charger ultérieurement.</help:help-text></text:p>
  <help:embedded Id="68256" Eid="configure_save"></help:embedded>
  <help:help-id value="SFX2_PUSHBUTTON_TP_CONFIG_ACCEL_BTN_RESET"/><help:embedded Id="65630" Eid="zuruecksetzen"></help:embedded>
 </office:body>
</office:document>
