

<office:document  xmlns:office="http://openoffice.org/2000/office" xmlns:style="http://openoffice.org/2000/style" xmlns:text="http://openoffice.org/2000/text" xmlns:table="http://openoffice.org/2000/table" xmlns:draw="http://openoffice.org/2000/drawing" xmlns:fo="http://www.w3.org/1999/XSL/Format" xmlns:xlink="http://www.w3.org/1999/xlink" xmlns:number="http://openoffice.org/2000/datastyle" xmlns:svg="http://www.w3.org/2000/svg" xmlns:chart="http://openoffice.org/2000/chart" xmlns:dr3d="http://openoffice.org/2000/dr3d" xmlns:math="http://www.w3.org/1998/Math/MathML" xmlns:form="http://openoffice.org/2000/form" xmlns:script="http://openoffice.org/2000/script" office:class="text" office:version="1.0" xmlns:dc="http://purl.org/dc/elements/1.1/" xmlns:meta="http://openoffice.org/2000/meta" xmlns:help="http://openoffice.org/2000/help">
<office:meta>
  <dc:description>text/common/01/06140100</dc:description>
  <dc:subject>Menu</dc:subject>

  <dc:language>fr-FR</dc:language>
  <meta:user-defined meta:name="Info 0">READY</meta:user-defined>
  <meta:user-defined meta:name="Info 1">FREE_OK</meta:user-defined>
  <meta:user-defined meta:name="Info 2"/>
  <meta:user-defined meta:name="Info 3"/>
</office:meta>
 <office:script/>
 <office:font-decls>
  <style:font-decl style:name="StarSymbol" fo:font-family="StarSymbol" style:font-charset="x-symbol"/>
  <style:font-decl style:name="Courier New" fo:font-family="&apos;Courier New&apos;" style:font-style-name="Standard" style:font-family-generic="modern" style:font-pitch="fixed"/>
  <style:font-decl style:name="Courier" fo:font-family="Courier" style:font-family-generic="roman" style:font-pitch="fixed"/>
  <style:font-decl style:name="Arial Unicode MS" fo:font-family="&apos;Arial Unicode MS&apos;" style:font-pitch="variable"/>
  <style:font-decl style:name="HG Mincho Light J" fo:font-family="&apos;HG Mincho Light J&apos;" style:font-pitch="variable"/>
  <style:font-decl style:name="Times New Roman3" fo:font-family="&apos;Times New Roman&apos;" style:font-pitch="variable"/>
  <style:font-decl style:name="Thorndale" fo:font-family="Thorndale" style:font-family-generic="roman" style:font-pitch="variable"/>
  <style:font-decl style:name="Times New Roman2" fo:font-family="&apos;Times New Roman&apos;" style:font-style-name="Fett" style:font-family-generic="roman" style:font-pitch="variable"/>
  <style:font-decl style:name="Times New Roman" fo:font-family="&apos;Times New Roman&apos;" style:font-style-name="Standard" style:font-family-generic="roman" style:font-pitch="variable"/>
  <style:font-decl style:name="Times New Roman1" fo:font-family="&apos;Times New Roman&apos;" style:font-family-generic="swiss" style:font-pitch="variable"/>
 </office:font-decls>
 <office:automatic-styles>
  <style:style style:name="Tabelle6" style:family="table">
   <style:properties style:width="18cm" table:align="margins"/>
  </style:style>
  <style:style style:name="Tabelle6.A" style:family="table-column">
   <style:properties style:column-width="1.499cm" style:rel-column-width="5460*"/>
  </style:style>
  <style:style style:name="Tabelle6.B" style:family="table-column">
   <style:properties style:column-width="16.501cm" style:rel-column-width="60074*"/>
  </style:style>
  <style:style style:name="Tabelle6.1" style:family="table-row"/>
  <style:style style:name="Tabelle6.A1" style:family="table-cell">
   <style:properties fo:padding="0cm" fo:border="none"/>
  </style:style>
  <style:style style:name="Tabelle2" style:family="table">
   <style:properties style:width="18cm" table:align="margins"/>
  </style:style>
  <style:style style:name="Tabelle2.A" style:family="table-column">
   <style:properties style:column-width="1.499cm" style:rel-column-width="5460*"/>
  </style:style>
  <style:style style:name="Tabelle2.B" style:family="table-column">
   <style:properties style:column-width="16.501cm" style:rel-column-width="60074*"/>
  </style:style>
  <style:style style:name="Tabelle2.1" style:family="table-row"/>
  <style:style style:name="Tabelle2.A1" style:family="table-cell">
   <style:properties fo:padding="0cm" fo:border="none"/>
  </style:style>
  <style:style style:name="Tabelle3" style:family="table">
   <style:properties style:width="18cm" table:align="margins"/>
  </style:style>
  <style:style style:name="Tabelle3.A" style:family="table-column">
   <style:properties style:column-width="1.499cm" style:rel-column-width="5460*"/>
  </style:style>
  <style:style style:name="Tabelle3.B" style:family="table-column">
   <style:properties style:column-width="16.501cm" style:rel-column-width="60074*"/>
  </style:style>
  <style:style style:name="Tabelle3.1" style:family="table-row"/>
  <style:style style:name="Tabelle3.A1" style:family="table-cell">
   <style:properties fo:padding="0cm" fo:border="none"/>
  </style:style>
  <style:style style:name="P1" style:family="paragraph" style:parent-style-name="Paragraph" style:master-page-name="HTML">
   <style:properties style:page-number="0"/>
  </style:style>
  <style:style style:name="T1" style:family="text">
   <style:properties fo:font-weight="bold"/>
  </style:style>
  <style:style style:name="fr1" style:family="graphics" style:parent-style-name="Graphics">
   <style:properties style:run-through="foreground" style:wrap="run-through" style:vertical-pos="top" style:vertical-rel="paragraph" style:horizontal-pos="left" style:horizontal-rel="paragraph" style:mirror="none" fo:clip="rect(0cm 0cm 0cm 0cm)" draw:luminance="0%" draw:contrast="0%" draw:red="0%" draw:green="0%" draw:blue="0%" draw:gamma="1" draw:color-inversion="false" draw:transparency="-100%" draw:color-mode="standard"/>
  </style:style>
 </office:automatic-styles>
 <office:body>
  <text:variable-decls>
   <text:variable-decl text:value-type="string" text:name="HTML_ON"/>
   <text:variable-decl text:value-type="string" text:name="HTML_OFF"/>
   <text:variable-decl text:value-type="string" text:name="TITEL"/>
   <text:variable-decl text:value-type="string" text:name="END"/>
   <text:variable-decl text:value-type="string" text:name="HREF"/>
   <text:variable-decl text:value-type="string" text:name="MAC"/>
   <text:variable-decl text:value-type="string" text:name="ELSE"/>
   <text:variable-decl text:value-type="string" text:name="OS2"/>
   <text:variable-decl text:value-type="string" text:name="NAME"/>
   <text:variable-decl text:value-type="string" text:name="HelpID"/>
   <text:variable-decl text:value-type="string" text:name="MODIFY"/>
   <text:variable-decl text:value-type="string" text:name="REFNR"/>
   <text:variable-decl text:value-type="string" text:name="KEY"/>
   <text:variable-decl text:value-type="string" text:name="INDEX"/>
   <text:variable-decl text:value-type="string" text:name="AKTHLP"/>
   <text:variable-decl text:value-type="string" text:name="STYLE"/>
  </text:variable-decls>
  <text:sequence-decls>
   <text:sequence-decl text:display-outline-level="0" text:name="Illustration"/>
   <text:sequence-decl text:display-outline-level="0" text:name="Table"/>
   <text:sequence-decl text:display-outline-level="0" text:name="Text"/>
   <text:sequence-decl text:display-outline-level="0" text:name="Drawing"/>
  </text:sequence-decls>
  <help:to-be-embedded Eid="menue">
  <text:p text:style-name="Head 1"><help:help-id value="HID_CONFIG_MENU"/><help:key-word value="Adaptation; Menu" tag="kw65669_1"/><help:key-word value="Menu; Adaptation" tag="kw65669_6"/><help:key-word value="Modification; Menu" tag="kw65669_5"/><help:key-word value="Modification; Menu" tag="kw65669_4"/><help:key-word value="Édition; Menu" tag="kw65669_3"/><help:link Id="65669">Menu</help:link></text:p>
  <text:p text:style-name="Paragraph"><help:help-text value="visible">Personnalise et enregistre la disposition de menus active ou crée de nouveaux menus. Il n&apos;est pas possible de personnaliser les menus contextuels.</help:help-text></text:p>
  </help:to-be-embedded>
  <text:p text:style-name="Paragraph">Vous pouvez ajouter de nouvelles commandes, modifier des commandes existantes, réorganiser les éléments des menus ou enregistrer et charger des configurations de menus.</text:p>
  <help:popup Id="65589" Eid="menue"><help:embedded Id="65598" Eid="wie"></help:embedded></help:popup>
  <text:p text:style-name="Head 2"><help:help-id value="HID_MENUCONFIG_LISTBOX"/>Entrées de menu</text:p>
  <text:p text:style-name="Paragraph"><help:key-word value="Menus; Entrées" tag="kw65669_2"/><help:help-text value="visible">Affiche l&apos;arborescence des titres et des commandes des menus de l&apos;application ou du document actif. Pour réduire une liste de commandes de menus, double-cliquez sur le titre du menu au niveau supérieur de l&apos;arborescence. Pour modifier le nom d&apos;un titre ou d&apos;une commande de menu, cliquez sur le nom, relâchez le bouton de la souris et cliquez de nouveau sur le nom. Pour spécifier la touche d&apos;accès rapide d&apos;une commande de menu, ajoutez un caractère tilde (~) devant la lettre. Par exemple, pour sélectionner la commande Tout enregistrer en appuyant sur les touches Alt+G, saisissez Tout enre~gistrer. La touche d&apos;accès rapide est soulignée dans le menu de l&apos;application.</help:help-text></text:p>
  <text:p text:style-name="Paragraph">Pour modifier l&apos;ordre des entrées de menu, faites glisser une entrée jusqu&apos;à un nouvel emplacement de la hiérarchie. Vous pouvez aussi sélectionner l&apos;entrée et cliquer ensuite sur le bouton Flèche vers le haut ou Flèche vers le bas.</text:p>
  <text:p text:style-name="Head 2">Fonctions</text:p>
  <text:p text:style-name="Head 3">Catégorie</text:p>
  <text:p text:style-name="Paragraph">Liste les différentes catégories de commandes de menu disponibles.</text:p>
  <text:p text:style-name="Head 3">Fonction</text:p>
  <text:p text:style-name="Paragraph">Sélectionnez dans la liste <text:span text:style-name="T1">Entrées de menu</text:span> la commande que vous souhaitez assigner à l&apos;entrée de menu sélectionnée, puis cliquez sur <text:span text:style-name="T1">Modifier</text:span>.</text:p>
  <table:table table:name="Tabelle6" table:style-name="Tabelle6">
   <table:table-column table:style-name="Tabelle6.A"/>
   <table:table-column table:style-name="Tabelle6.B"/>
   <table:table-header-rows>
    <table:table-row table:style-name="Tabelle6.1">
     <table:table-cell table:style-name="Tabelle6.A1" table:value-type="string">
      <text:p text:style-name="Paragraph"><draw:image draw:name="Icône0" svg:desc="Cette icône indique du texte comportant des informations supplémentaires." svg:pixelx="32" svg:pixely="32" svg:width="0.847cm" svg:height="0.847cm" xlink:href="65980" draw:filter-name=""/></text:p>

     </table:table-cell>
     <table:table-cell table:style-name="Tabelle6.A1" table:value-type="string">
      <text:p text:style-name="Paragraph">Pour insérer un trait de séparation dans le menu, sélectionnez la ligne droite en haut de la liste <text:span text:style-name="T1">Fonction</text:span>, puis cliquez sur <text:span text:style-name="T1">Nouveau</text:span>.</text:p>
     </table:table-cell>
    </table:table-row>
   </table:table-header-rows>
  </table:table>
  <text:p text:style-name="Head 2"><help:help-id value="SFX2_PUSHBUTTON_TP_CONFIG_MENU_BTN_MN_NEW"/>Nouveau</text:p>
  <text:p text:style-name="Paragraph"><help:help-text value="visible">Ajoute une nouvelle commande de menu après l&apos;entrée sélectionnée dans la liste <text:span text:style-name="T1">Entrées de menu</text:span>. </help:help-text></text:p>
  <text:p text:style-name="Head 2"><help:help-id value="SFX2_PUSHBUTTON_TP_CONFIG_MENU_BTN_MN_NEWPOPUP"/>Nouveau menu</text:p>
  <text:p text:style-name="Paragraph"><help:help-text value="visible">Ajoute un nouveau sous-menu après l&apos;entrée sélectionnée dans la liste <text:span text:style-name="T1">Entrées de menu</text:span>. Pour ajouter un nouveau menu à la barre de menu, sélectionnez un titre de menu dans la liste <text:span text:style-name="T1">Entrées de menu</text:span>, puis cliquez ici.</help:help-text></text:p>
  <text:p text:style-name="Head 2"><help:help-id value="SFX2_PUSHBUTTON_TP_CONFIG_MENU_BTN_MN_CHANGE"/>Personnaliser</text:p>
  <text:p text:style-name="Paragraph"><help:help-text value="visible">Remplace la commande sélectionnée dans la liste <text:span text:style-name="T1">Entrées de menu</text:span> par la commande sélectionnée dans la liste <text:span text:style-name="T1">Fonction</text:span>.</help:help-text></text:p>
  <help:help-id value="SFX2_PUSHBUTTON_TP_CONFIG_MENU_BTN_MN_REMOVE"/><help:embedded Id="65630" Eid="loeschen1"></help:embedded>
  <text:p text:style-name="Head 2"><help:help-id value="SFX2_IMAGEBUTTON_TP_CONFIG_MENU_BTN_MN_UP"/>Flèche vers le haut</text:p>
  <text:p text:style-name="Paragraph"><help:help-text value="visible">Déplace l&apos;élément sélectionné d&apos;une position vers le haut dans la liste <text:span text:style-name="T1">Entrées de menu</text:span>.</help:help-text></text:p>
  <table:table table:name="Tabelle2" table:style-name="Tabelle2">
   <table:table-column table:style-name="Tabelle2.A"/>
   <table:table-column table:style-name="Tabelle2.B"/>
   <table:table-header-rows>
    <table:table-row table:style-name="Tabelle2.1">
     <table:table-cell table:style-name="Tabelle2.A1" table:value-type="string">
      <text:p text:style-name="Paragraph"><draw:image draw:name="Icône1" svg:desc="Icône" svg:pixelx="32" svg:pixely="34" svg:width="0.847cm" svg:height="0.9cm" xlink:href="66590" draw:filter-name=""/></text:p>

     </table:table-cell>
     <table:table-cell table:style-name="Tabelle2.A1" table:value-type="string">
      <text:p text:style-name="Paragraph">Flèche vers le haut</text:p>
     </table:table-cell>
    </table:table-row>
   </table:table-header-rows>
  </table:table>
  <text:p text:style-name="Head 2"><help:help-id value="SFX2_IMAGEBUTTON_TP_CONFIG_MENU_BTN_MN_DOWN"/>Flèche vers le bas</text:p>
  <text:p text:style-name="Paragraph"><help:help-text value="visible">Déplace l&apos;élément sélectionné d&apos;une position vers le bas dans la liste <text:span text:style-name="T1">Entrées de menu</text:span>.</help:help-text></text:p>
  <table:table table:name="Tabelle3" table:style-name="Tabelle3">
   <table:table-column table:style-name="Tabelle3.A"/>
   <table:table-column table:style-name="Tabelle3.B"/>
   <table:table-header-rows>
    <table:table-row table:style-name="Tabelle3.1">
     <table:table-cell table:style-name="Tabelle3.A1" table:value-type="string">
      <text:p text:style-name="Paragraph"><draw:image draw:name="Icône2" svg:desc="Icône" svg:pixelx="32" svg:pixely="34" svg:width="0.847cm" svg:height="0.9cm" xlink:href="66591" draw:filter-name=""/></text:p>

     </table:table-cell>
     <table:table-cell table:style-name="Tabelle3.A1" table:value-type="string">
      <text:p text:style-name="Paragraph">Flèche vers le bas</text:p>
     </table:table-cell>
    </table:table-row>
   </table:table-header-rows>
  </table:table>
  <text:p text:style-name="Head 2"><help:help-id value="SFX2_PUSHBUTTON_TP_CONFIG_MENU_BTN_LOAD"/>Charger</text:p>
  <text:p text:style-name="Paragraph"><help:help-text value="visible">Remplace la configuration active des menus par celle préalablement enregistrée.</help:help-text></text:p>
  <text:p text:style-name="Head 2"><help:help-id value="SFX2_PUSHBUTTON_TP_CONFIG_MENU_BTN_SAVE"/>Enregistrer</text:p>
  <text:p text:style-name="Paragraph"><help:help-text value="visible">Enregistre la configuration active des menus afin que vous puissiez la charger ultérieurement.</help:help-text></text:p>
  <text:p text:style-name="Paragraph"><help:embedded Id="68256" Eid="configure_save"></help:embedded></text:p>
  <help:help-id value="SFX2_PUSHBUTTON_TP_CONFIG_MENU_BTN_RESET"/><help:embedded Id="65630" Eid="zuruecksetzen"></help:embedded>
 </office:body>
</office:document>
