

<office:document  xmlns:office="http://openoffice.org/2000/office" xmlns:style="http://openoffice.org/2000/style" xmlns:text="http://openoffice.org/2000/text" xmlns:table="http://openoffice.org/2000/table" xmlns:draw="http://openoffice.org/2000/drawing" xmlns:fo="http://www.w3.org/1999/XSL/Format" xmlns:xlink="http://www.w3.org/1999/xlink" xmlns:number="http://openoffice.org/2000/datastyle" xmlns:svg="http://www.w3.org/2000/svg" xmlns:chart="http://openoffice.org/2000/chart" xmlns:dr3d="http://openoffice.org/2000/dr3d" xmlns:math="http://www.w3.org/1998/Math/MathML" xmlns:form="http://openoffice.org/2000/form" xmlns:script="http://openoffice.org/2000/script" office:class="text" office:version="1.0" xmlns:dc="http://purl.org/dc/elements/1.1/" xmlns:meta="http://openoffice.org/2000/meta" xmlns:help="http://openoffice.org/2000/help">
<office:meta>
  <dc:description>text/common/01/06140500</dc:description>
  <dc:subject>Événements</dc:subject>
  <meta:keywords>
   <meta:keyword>$Version</meta:keyword>
  </meta:keywords>
  <dc:language>fr-FR</dc:language>
  <meta:user-defined meta:name="Info 0">READY</meta:user-defined>
  <meta:user-defined meta:name="Info 1">FREE_OK</meta:user-defined>
  <meta:user-defined meta:name="Info 2"/>
  <meta:user-defined meta:name="Info 3"/>
</office:meta>
 <office:script/>
 <office:font-decls>
  <style:font-decl style:name="StarSymbol" fo:font-family="StarSymbol" style:font-charset="x-symbol"/>
  <style:font-decl style:name="Courier New" fo:font-family="&apos;Courier New&apos;" style:font-style-name="Standard" style:font-family-generic="modern" style:font-pitch="fixed"/>
  <style:font-decl style:name="Courier" fo:font-family="Courier" style:font-family-generic="roman" style:font-pitch="fixed"/>
  <style:font-decl style:name="Arial Unicode MS" fo:font-family="&apos;Arial Unicode MS&apos;" style:font-pitch="variable"/>
  <style:font-decl style:name="HG Mincho Light J" fo:font-family="&apos;HG Mincho Light J&apos;" style:font-pitch="variable"/>
  <style:font-decl style:name="Times New Roman3" fo:font-family="&apos;Times New Roman&apos;" style:font-pitch="variable"/>
  <style:font-decl style:name="Thorndale" fo:font-family="Thorndale" style:font-family-generic="roman" style:font-pitch="variable"/>
  <style:font-decl style:name="Times New Roman2" fo:font-family="&apos;Times New Roman&apos;" style:font-style-name="Fett" style:font-family-generic="roman" style:font-pitch="variable"/>
  <style:font-decl style:name="Times New Roman" fo:font-family="&apos;Times New Roman&apos;" style:font-style-name="Standard" style:font-family-generic="roman" style:font-pitch="variable"/>
  <style:font-decl style:name="Times New Roman1" fo:font-family="&apos;Times New Roman&apos;" style:font-family-generic="swiss" style:font-pitch="variable"/>
 </office:font-decls>
 <office:automatic-styles>
  <style:style style:name="table1" style:family="table">
   <style:properties style:width="18cm" table:align="margins" fo:background-color="transparent">
    <style:background-image/>
   </style:properties>
  </style:style>
  <style:style style:name="table1.A" style:family="table-column">
   <style:properties style:column-width="1.499cm" style:rel-column-width="5460*"/>
  </style:style>
  <style:style style:name="table1.B" style:family="table-column">
   <style:properties style:column-width="16.499cm" style:rel-column-width="60055*"/>
  </style:style>
  <style:style style:name="table1.B1" style:family="table-cell">
   <style:properties fo:background-color="transparent">
    <style:background-image/>
   </style:properties>
  </style:style>
  <style:style style:name="P1" style:family="paragraph" style:parent-style-name="Paragraph" style:master-page-name="HTML">
   <style:properties style:page-number="0"/>
  </style:style>
  <style:style style:name="T1" style:family="text">
   <style:properties fo:font-weight="bold"/>
  </style:style>
  <style:style style:name="fr1" style:family="graphics" style:parent-style-name="Graphics">
   <style:properties style:run-through="foreground" style:wrap="run-through" style:vertical-pos="top" style:vertical-rel="paragraph" style:horizontal-pos="left" style:horizontal-rel="paragraph" style:mirror="none" fo:clip="rect(0cm 0cm 0cm 0cm)" draw:luminance="0%" draw:contrast="0%" draw:red="0%" draw:green="0%" draw:blue="0%" draw:gamma="1" draw:color-inversion="false" draw:transparency="-100%" draw:color-mode="standard"/>
  </style:style>
 </office:automatic-styles>
 <office:body>
  <text:variable-decls>
   <text:variable-decl text:value-type="string" text:name="HTML_ON"/>
   <text:variable-decl text:value-type="string" text:name="HTML_OFF"/>
   <text:variable-decl text:value-type="string" text:name="TITEL"/>
   <text:variable-decl text:value-type="string" text:name="END"/>
   <text:variable-decl text:value-type="string" text:name="HREF"/>
   <text:variable-decl text:value-type="string" text:name="OS2"/>
   <text:variable-decl text:value-type="string" text:name="ELSE"/>
   <text:variable-decl text:value-type="string" text:name="NAME"/>
   <text:variable-decl text:value-type="string" text:name="HelpID"/>
   <text:variable-decl text:value-type="string" text:name="MODIFY"/>
   <text:variable-decl text:value-type="string" text:name="REFNR"/>
   <text:variable-decl text:value-type="string" text:name="HFELD"/>
   <text:variable-decl text:value-type="string" text:name="AKTHLP"/>
   <text:variable-decl text:value-type="string" text:name="INDEX"/>
   <text:variable-decl text:value-type="string" text:name="KEY"/>
   <text:variable-decl text:value-type="string" text:name="STYLE"/>
  </text:variable-decls>
  <text:sequence-decls>
   <text:sequence-decl text:display-outline-level="0" text:name="Illustration"/>
   <text:sequence-decl text:display-outline-level="0" text:name="Table"/>
   <text:sequence-decl text:display-outline-level="0" text:name="Text"/>
   <text:sequence-decl text:display-outline-level="0" text:name="Drawing"/>
  </text:sequence-decls>
  <help:to-be-embedded Eid="ereignisse">
  <text:p text:style-name="Head 1"><help:help-id value="HID_CONFIG_EVENT"/><help:key-word value="Adaptation; Événement" tag="kw65829_1"/><help:key-word value="Événement; Adaptation" tag="kw65829_2"/><help:link Id="65829">Événements</help:link></text:p>
  <text:p text:style-name="Paragraph"><help:help-text value="visible">Assigne des macros aux événements de programme. La macro assignée s&apos;exécute automatiquement chaque fois que l&apos;événement sélectionné se produit.</help:help-text></text:p>
  </help:to-be-embedded>
  <help:popup Id="65589" Eid="events"><help:embedded Id="65598" Eid="wie"></help:embedded></help:popup>
  <text:p text:style-name="Paragraph"><help:help-id value="HID_MACRO_LB_EVENT"/>Liste les événements de programmes pouvant déclencher une macro.<help:help-text value="hide"></help:help-text></text:p>
  <text:p text:style-name="Head 2"><help:help-id value="HID_CONFIG_EVENT_OFFICE_BASED"/><help:productname>%PRODUCTNAME</help:productname></text:p>
  <text:p text:style-name="Paragraph"><help:help-text value="visible">Exécute la macro chaque fois que l&apos;événement sélectionné se produit dans un programme <help:productname>%PRODUCTNAME</help:productname>.</help:help-text></text:p>
  <text:p text:style-name="Head 2"><help:help-id value="HID_CONFIG_EVENT_DOCUMENT_BASED"/>Document</text:p>
  <text:p text:style-name="Paragraph"><help:help-text value="visible">Exécute la macro chaque fois que l&apos;événement sélectionné se produit dans le document contenant la macro.</help:help-text></text:p>
  <table:table table:name="table1" table:style-name="table1">
   <table:table-column table:style-name="table1.A"/>
   <table:table-column table:style-name="table1.B"/>
   <table:table-header-rows>
    <table:table-row>
     <table:table-cell table:value-type="string">
      <text:p text:style-name="Paragraph"><draw:image draw:name="Remarque0" svg:desc="Remarque" svg:pixelx="32" svg:pixely="32" svg:width="0.847cm" svg:height="0.847cm" xlink:href="65980" draw:filter-name=""/></text:p>

     </table:table-cell>
     <table:table-cell table:style-name="table1.B1" table:value-type="string">
      <text:p text:style-name="Paragraph">Une macro enregistrée avec un document ne peut être exécutée que lorsque le document est ouvert.</text:p>
     </table:table-cell>
    </table:table-row>
   </table:table-header-rows>
  </table:table>
  <text:p text:style-name="Head 2"><help:help-id value="HID_MACRO_GROUP"/>Macros</text:p>
  <text:p text:style-name="Paragraph"><help:help-text value="visible">Liste les catégories de macro disponibles. Cliquez sur le signe plus situé à côté de la catégorie pour lister les bibliothèques. Cliquez sur le signe plus situé à côté d&apos;une bibliothèque pour afficher les modules contenant les macros.</help:help-text></text:p>
  <text:p text:style-name="Paragraph">On distingue deux types de catégories de macros : les macros <help:productname>%PRODUCTNAME</help:productname> et les documents contenant des macros.</text:p>
  <text:p text:style-name="Paragraph"><help:help-id value="HID_MACRO_MACROS"/>Liste les macros disponibles pour le module sélectionné dans la zone <text:span text:style-name="T1">Macros</text:span>.<help:help-text value="hide"></help:help-text></text:p>
  <text:p text:style-name="Head 2"><help:help-id value="SFX2_PUSHBUTTON_TP_CONFIG_EVENT_PB_ASSIGN"/>Assigner</text:p>
  <text:p text:style-name="Paragraph"><help:help-text value="visible">Assigne la macro sélectionnée à l&apos;événement sélectionné.</help:help-text></text:p>
  <help:switch select="Program"><help:case select="WRITER">
  <text:p text:style-name="Head 2"><help:help-id value="SFX2_PUSHBUTTON_TP_CONFIG_EVENT_PB_DELETE"/>Annuler</text:p>
  <text:p text:style-name="Paragraph"><help:help-text value="visible">Supprime l&apos;assignation de macro pour l&apos;événement sélectionné.</help:help-text></text:p>
  <text:p text:style-name="ParaList"><help:embedded Id="65598" Eid="related"></help:embedded></text:p>
  <text:p text:style-name="ParaList"><help:link Id="67665">Liste des événements</help:link></text:p>
  </help:case></help:switch>
 </office:body>
</office:document>
