

<office:document  xmlns:office="http://openoffice.org/2000/office" xmlns:style="http://openoffice.org/2000/style" xmlns:text="http://openoffice.org/2000/text" xmlns:table="http://openoffice.org/2000/table" xmlns:draw="http://openoffice.org/2000/drawing" xmlns:fo="http://www.w3.org/1999/XSL/Format" xmlns:xlink="http://www.w3.org/1999/xlink" xmlns:number="http://openoffice.org/2000/datastyle" xmlns:svg="http://www.w3.org/2000/svg" xmlns:chart="http://openoffice.org/2000/chart" xmlns:dr3d="http://openoffice.org/2000/dr3d" xmlns:math="http://www.w3.org/1998/Math/MathML" xmlns:form="http://openoffice.org/2000/form" xmlns:script="http://openoffice.org/2000/script" office:class="text" office:version="1.0" xmlns:dc="http://purl.org/dc/elements/1.1/" xmlns:meta="http://openoffice.org/2000/meta" xmlns:help="http://openoffice.org/2000/help">
<office:meta>
  <dc:description>text/common/01/06150110</dc:description>
  <dc:subject>Général</dc:subject>
  <meta:keywords>
   <meta:keyword>$Version</meta:keyword>
  </meta:keywords>
  <dc:language>fr-FR</dc:language>
  <meta:user-defined meta:name="Info 0">READY</meta:user-defined>
  <meta:user-defined meta:name="Info 1">FREE</meta:user-defined>
  <meta:user-defined meta:name="Info 2"/>
  <meta:user-defined meta:name="Info 3"/>
</office:meta>
 <office:script/>
 <office:font-decls>
  <style:font-decl style:name="StarSymbol" fo:font-family="StarSymbol" style:font-charset="x-symbol"/>
  <style:font-decl style:name="Courier New" fo:font-family="&apos;Courier New&apos;" style:font-style-name="Standard" style:font-family-generic="modern" style:font-pitch="fixed"/>
  <style:font-decl style:name="Courier" fo:font-family="Courier" style:font-family-generic="roman" style:font-pitch="fixed"/>
  <style:font-decl style:name="Arial Unicode MS" fo:font-family="&apos;Arial Unicode MS&apos;" style:font-pitch="variable"/>
  <style:font-decl style:name="HG Mincho Light J" fo:font-family="&apos;HG Mincho Light J&apos;" style:font-pitch="variable"/>
  <style:font-decl style:name="Times New Roman3" fo:font-family="&apos;Times New Roman&apos;" style:font-pitch="variable"/>
  <style:font-decl style:name="Thorndale" fo:font-family="Thorndale" style:font-family-generic="roman" style:font-pitch="variable"/>
  <style:font-decl style:name="Times New Roman2" fo:font-family="&apos;Times New Roman&apos;" style:font-style-name="Fett" style:font-family-generic="roman" style:font-pitch="variable"/>
  <style:font-decl style:name="Times New Roman" fo:font-family="&apos;Times New Roman&apos;" style:font-style-name="Standard" style:font-family-generic="roman" style:font-pitch="variable"/>
  <style:font-decl style:name="Times New Roman1" fo:font-family="&apos;Times New Roman&apos;" style:font-family-generic="swiss" style:font-pitch="variable"/>
 </office:font-decls>
 <office:automatic-styles>
  <style:style style:name="P1" style:family="paragraph" style:parent-style-name="Paragraph" style:master-page-name="HTML">
   <style:properties style:page-number="0"/>
  </style:style>
  <style:style style:name="T1" style:family="text">
   <style:properties fo:font-weight="bold"/>
  </style:style>
 </office:automatic-styles>
 <office:body>
  <text:variable-decls>
   <text:variable-decl text:value-type="string" text:name="HTML_ON"/>
   <text:variable-decl text:value-type="string" text:name="HTML_OFF"/>
   <text:variable-decl text:value-type="string" text:name="TITEL"/>
   <text:variable-decl text:value-type="string" text:name="END"/>
   <text:variable-decl text:value-type="string" text:name="OS2"/>
   <text:variable-decl text:value-type="string" text:name="ELSE"/>
   <text:variable-decl text:value-type="string" text:name="HREF"/>
   <text:variable-decl text:value-type="string" text:name="MAC"/>
   <text:variable-decl text:value-type="string" text:name="NAME"/>
   <text:variable-decl text:value-type="string" text:name="HelpID"/>
   <text:variable-decl text:value-type="string" text:name="REFNR"/>
   <text:variable-decl text:value-type="string" text:name="HFELD"/>
   <text:variable-decl text:value-type="string" text:name="AKTHLP"/>
   <text:variable-decl text:value-type="string" text:name="KEY"/>
   <text:variable-decl text:value-type="string" text:name="INDEX"/>
   <text:variable-decl text:value-type="string" text:name="MODIFY"/>
   <text:variable-decl text:value-type="string" text:name="STYLE"/>
  </text:variable-decls>
  <text:sequence-decls>
   <text:sequence-decl text:display-outline-level="0" text:name="Illustration"/>
   <text:sequence-decl text:display-outline-level="0" text:name="Table"/>
   <text:sequence-decl text:display-outline-level="0" text:name="Text"/>
   <text:sequence-decl text:display-outline-level="0" text:name="Drawing"/>
  </text:sequence-decls>
  <text:p text:style-name="P1"/>
  <text:p text:style-name="Head 1"><help:to-be-embedded Eid="general"><help:link Id="68699">Général</help:link></help:to-be-embedded></text:p>
  <text:p text:style-name="Paragraph"><help:help-text value="visible">Saisissez ou éditez des informations générales pour un <help:link Id="68478">filtre XML</help:link>.</help:help-text></text:p>
  <help:popup Id="65589" Eid="xmlfilteredit"><help:embedded Id="65598" Eid="wie"></help:embedded></help:popup>
  <text:p text:style-name="Head 2"><help:help-id value="HID_XML_FILTER_NAME"/>Nom du filtre</text:p>
  <text:p text:style-name="Paragraph"><help:help-text value="visible">Saisissez le nom à afficher dans la liste de la boîte de dialogue <text:span text:style-name="T1">Paramètres du filtre XML</text:span>.</help:help-text> Vous devez saisir un nom unique.</text:p>
  <text:p text:style-name="Head 2"><help:help-id value="HID_XML_FILTER_APPLICATION"/>Application</text:p>
  <text:p text:style-name="Paragraph"><help:help-text value="visible">Sélectionnez l&apos;application à utiliser avec le filtre.</help:help-text></text:p>
  <text:p text:style-name="Head 2"><help:help-id value="HID_XML_FILTER_INTERFACE_NAME"/>Nom apparaissant dans l&apos;interface utilisateur</text:p>
  <text:p text:style-name="Paragraph"><help:help-text value="visible">Saisissez le nom à afficher dans la zone <text:span text:style-name="T1">Type de fichier</text:span> des boîtes de dialogue des fichiers.</help:help-text> Vous devez saisir un nom unique. Pour les filtres d&apos;import, le nom est affiché dans la zone <text:span text:style-name="T1">Type de fichier</text:span> des boîtes de dialogue <text:span text:style-name="T1">Ouvrir</text:span>. Pour les filtres d&apos;export, le nom est affiché dans la zone <text:span text:style-name="T1">Format de fichier</text:span> des boîtes de dialogue <text:span text:style-name="T1">Exporter</text:span>.</text:p>
  <text:p text:style-name="Head 2"><help:help-id value="HID_XML_FILTER_EXTENSION"/>Extension de fichier</text:p>
  <text:p text:style-name="Paragraph"><help:help-text value="visible">Saisissez l&apos;extension de fichier à utiliser lorsque vous ouvrez un fichier sans avoir spécifié de filtre. <help:productname>%PRODUCTNAME</help:productname> se sert de l&apos;extension de fichier pour déterminer le filtre à utiliser.</help:help-text></text:p>
  <text:p text:style-name="Head 2"><help:help-id value="HID_XML_FILTER_DESCRIPTION"/>Commentaires</text:p>
  <text:p text:style-name="Paragraph"><help:help-text value="visible">Saisir un commentaire (facultatif).</help:help-text></text:p>
 </office:body>
</office:document>
