

<office:document  xmlns:office="http://openoffice.org/2000/office" xmlns:style="http://openoffice.org/2000/style" xmlns:text="http://openoffice.org/2000/text" xmlns:table="http://openoffice.org/2000/table" xmlns:draw="http://openoffice.org/2000/drawing" xmlns:fo="http://www.w3.org/1999/XSL/Format" xmlns:xlink="http://www.w3.org/1999/xlink" xmlns:number="http://openoffice.org/2000/datastyle" xmlns:svg="http://www.w3.org/2000/svg" xmlns:chart="http://openoffice.org/2000/chart" xmlns:dr3d="http://openoffice.org/2000/dr3d" xmlns:math="http://www.w3.org/1998/Math/MathML" xmlns:form="http://openoffice.org/2000/form" xmlns:script="http://openoffice.org/2000/script" office:class="text" office:version="1.0" xmlns:dc="http://purl.org/dc/elements/1.1/" xmlns:meta="http://openoffice.org/2000/meta" xmlns:help="http://openoffice.org/2000/help">
<office:meta>
  <dc:description>text/common/01/about_meta_tags</dc:description>
  <dc:subject>Import et export HTML</dc:subject>
  <meta:keywords>
   <meta:keyword>$Version</meta:keyword>
  </meta:keywords>
  <dc:language>fr-FR</dc:language>
  <meta:user-defined meta:name="Info 0">READY</meta:user-defined>
  <meta:user-defined meta:name="Info 1">FREE_OK</meta:user-defined>
  <meta:user-defined meta:name="Info 2"/>
  <meta:user-defined meta:name="Info 3"/>
</office:meta>
 <office:script/>
 <office:font-decls>
  <style:font-decl style:name="StarSymbol" fo:font-family="StarSymbol" style:font-charset="x-symbol"/>
  <style:font-decl style:name="Courier New" fo:font-family="&apos;Courier New&apos;" style:font-style-name="Standard" style:font-family-generic="modern" style:font-pitch="fixed"/>
  <style:font-decl style:name="Courier" fo:font-family="Courier" style:font-family-generic="roman" style:font-pitch="fixed"/>
  <style:font-decl style:name="Arial Unicode MS" fo:font-family="&apos;Arial Unicode MS&apos;" style:font-pitch="variable"/>
  <style:font-decl style:name="HG Mincho Light J" fo:font-family="&apos;HG Mincho Light J&apos;" style:font-pitch="variable"/>
  <style:font-decl style:name="Times New Roman3" fo:font-family="&apos;Times New Roman&apos;" style:font-pitch="variable"/>
  <style:font-decl style:name="Thorndale" fo:font-family="Thorndale" style:font-family-generic="roman" style:font-pitch="variable"/>
  <style:font-decl style:name="Times New Roman2" fo:font-family="&apos;Times New Roman&apos;" style:font-style-name="Fett" style:font-family-generic="roman" style:font-pitch="variable"/>
  <style:font-decl style:name="Times New Roman" fo:font-family="&apos;Times New Roman&apos;" style:font-style-name="Standard" style:font-family-generic="roman" style:font-pitch="variable"/>
  <style:font-decl style:name="Times New Roman1" fo:font-family="&apos;Times New Roman&apos;" style:font-family-generic="swiss" style:font-pitch="variable"/>
 </office:font-decls>
 <office:automatic-styles>
  <style:style style:name="Tabelle1" style:family="table">
   <style:properties style:width="17.995cm" fo:margin-left="0cm" fo:margin-right="0.005cm" table:align="margins"/>
  </style:style>
  <style:style style:name="Tabelle1.A" style:family="table-column">
   <style:properties style:column-width="3.598cm" style:rel-column-width="2040*"/>
  </style:style>
  <style:style style:name="Tabelle1.B" style:family="table-column">
   <style:properties style:column-width="14.393cm" style:rel-column-width="8159*"/>
  </style:style>
  <style:style style:name="Tabelle1.A1" style:family="table-cell">
   <style:properties fo:padding="0.049cm" fo:border-left="0.002cm solid #000000" fo:border-right="none" fo:border-top="0.002cm solid #000000" fo:border-bottom="0.002cm solid #000000"/>
  </style:style>
  <style:style style:name="Tabelle1.B1" style:family="table-cell">
   <style:properties fo:padding="0.049cm" fo:border="0.002cm solid #000000"/>
  </style:style>
  <style:style style:name="Tabelle1.A2" style:family="table-cell">
   <style:properties fo:padding="0.049cm" fo:border-left="0.002cm solid #000000" fo:border-right="none" fo:border-top="none" fo:border-bottom="0.002cm solid #000000"/>
  </style:style>
  <style:style style:name="Tabelle1.B2" style:family="table-cell">
   <style:properties fo:padding="0.049cm" fo:border-left="0.002cm solid #000000" fo:border-right="0.002cm solid #000000" fo:border-top="none" fo:border-bottom="0.002cm solid #000000"/>
  </style:style>
  <style:style style:name="Tabelle3" style:family="table">
   <style:properties style:width="18cm" table:align="margins"/>
  </style:style>
  <style:style style:name="Tabelle3.A" style:family="table-column">
   <style:properties style:column-width="1.499cm" style:rel-column-width="5460*"/>
  </style:style>
  <style:style style:name="Tabelle3.B" style:family="table-column">
   <style:properties style:column-width="16.499cm" style:rel-column-width="60055*"/>
  </style:style>
  <style:style style:name="P1" style:family="paragraph" style:parent-style-name="Paragraph" style:master-page-name="HTML">
   <style:properties style:page-number="0"/>
  </style:style>
  <style:style style:name="T1" style:family="text">
   <style:properties fo:font-weight="bold"/>
  </style:style>
  <style:style style:name="fr1" style:family="graphics" style:parent-style-name="Graphics">
   <style:properties style:run-through="foreground" style:wrap="run-through" style:vertical-pos="top" style:vertical-rel="paragraph" style:horizontal-pos="left" style:horizontal-rel="paragraph" style:mirror="none" fo:clip="rect(0cm 0cm 0cm 0cm)" draw:luminance="0%" draw:contrast="0%" draw:red="0%" draw:green="0%" draw:blue="0%" draw:gamma="1" draw:color-inversion="false" draw:transparency="-100%" draw:color-mode="standard"/>
  </style:style>
 </office:automatic-styles>
 <office:body>
  <text:variable-decls>
   <text:variable-decl text:value-type="string" text:name="HTML_ON"/>
   <text:variable-decl text:value-type="string" text:name="HTML_OFF"/>
   <text:variable-decl text:value-type="string" text:name="TITEL"/>
   <text:variable-decl text:value-type="string" text:name="END"/>
   <text:variable-decl text:value-type="string" text:name="MAC"/>
   <text:variable-decl text:value-type="string" text:name="ELSE"/>
   <text:variable-decl text:value-type="string" text:name="OS2"/>
   <text:variable-decl text:value-type="string" text:name="HREF"/>
   <text:variable-decl text:value-type="string" text:name="NAME"/>
   <text:variable-decl text:value-type="string" text:name="HelpID"/>
   <text:variable-decl text:value-type="string" text:name="REFNR"/>
   <text:variable-decl text:value-type="string" text:name="KEY"/>
   <text:variable-decl text:value-type="string" text:name="AKTHLP"/>
   <text:variable-decl text:value-type="string" text:name="INDEX"/>
   <text:variable-decl text:value-type="string" text:name="MODIFY"/>
  </text:variable-decls>
  <text:sequence-decls>
   <text:sequence-decl text:display-outline-level="0" text:name="Illustration"/>
   <text:sequence-decl text:display-outline-level="0" text:name="Table"/>
   <text:sequence-decl text:display-outline-level="0" text:name="Text"/>
   <text:sequence-decl text:display-outline-level="0" text:name="Drawing"/>
  </text:sequence-decls>
  <text:p text:style-name="P1"/>
  <text:p text:style-name="Head 1"><help:key-word value="Import; HTML" tag="kw68665_1"/><help:key-word value="Export; HTML" tag="kw68665_6"/><help:key-word value="HTML; Import" tag="kw68665_5"/><help:key-word value="HTML; Export" tag="kw68665_4"/><help:key-word value="META NAME; Balises" tag="kw68665_3"/><help:key-word value="Balises; Balises META" tag="kw68665_2"/>Import et export HTML</text:p>
  <text:p text:style-name="Paragraph">Lorsque vous exportez un fichier vers un document HTML, la description et les propriétés de fichier définies par l&apos;utilisateur sont incluses en tant que <help:popup Id="65629" Eid="tags">balises</help:popup> META situées entre les balises HEAD du document exporté. Les balises META, qui ne s&apos;affichent pas dans le navigateur Web, servent à inclure certaines informations dans une page Web, par exemple des mots-clés destinés aux moteurs de recherche. Pour définir les propriétés du document actif, choisissez <text:span text:style-name="T1">Fichier - Propriétés</text:span>, cliquez sur l&apos;onglet <text:span text:style-name="T1">Description</text:span> ou <text:span text:style-name="T1">Défini par l&apos;utilisateur</text:span>, puis saisissez les informations souhaitées.</text:p>
  <text:p text:style-name="Paragraph">Les propriétés de fichier suivantes sont converties en balises META lors de l&apos;export d&apos;un fichier en tant que document HTML :</text:p>
  <table:table table:name="Tabelle1" table:style-name="Tabelle1">
   <table:table-column table:style-name="Tabelle1.A"/>
   <table:table-column table:style-name="Tabelle1.B"/>
   <table:table-header-rows>
    <table:table-row>
     <table:table-cell table:style-name="Tabelle1.A1" table:value-type="string">
      <text:p text:style-name="TableHead">Propriété du fichier</text:p>
     </table:table-cell>
     <table:table-cell table:style-name="Tabelle1.B1" table:value-type="string">
      <text:p text:style-name="TableHead">&lt;TITLE&gt;</text:p>
     </table:table-cell>
    </table:table-row>
   </table:table-header-rows>
   <table:table-row>
    <table:table-cell table:style-name="Tabelle1.A2" table:value-type="string">
     <text:p text:style-name="TextInTable">Sujet</text:p>
    </table:table-cell>
    <table:table-cell table:style-name="Tabelle1.B2" table:value-type="string">
     <text:p text:style-name="TextInTable">&lt;META NAME=&quot;CLASSIFICATION&quot; CONTENT=Field Content&quot;&gt;</text:p>
    </table:table-cell>
   </table:table-row>
   <table:table-row>
    <table:table-cell table:style-name="Tabelle1.A2" table:value-type="string">
     <text:p text:style-name="TextInTable">Mots-clés</text:p>
    </table:table-cell>
    <table:table-cell table:style-name="Tabelle1.B2" table:value-type="string">
     <text:p text:style-name="TextInTable">&lt;META NAME=&quot;KEYWORDS&quot; CONTENT=&quot;Field Content&quot;&gt;</text:p>
    </table:table-cell>
   </table:table-row>
   <table:table-row>
    <table:table-cell table:style-name="Tabelle1.A2" table:value-type="string">
     <text:p text:style-name="TextInTable">Description</text:p>
    </table:table-cell>
    <table:table-cell table:style-name="Tabelle1.B2" table:value-type="string">
     <text:p text:style-name="TextInTable">&lt;META NAME=&quot;DESCRIPTION&quot; CONTENT=&quot;Field Content&quot;&gt;</text:p>
    </table:table-cell>
   </table:table-row>
   <table:table-row>
    <table:table-cell table:style-name="Tabelle1.A2" table:value-type="string">
     <text:p text:style-name="TextInTable">Champs Info 1...4</text:p>
    </table:table-cell>
    <table:table-cell table:style-name="Tabelle1.B2" table:value-type="string">
     <text:p text:style-name="TextInTable">&lt;META NAME=&quot;Info field name&quot; CONTENT=&quot;Field Content&quot;&gt;</text:p>
    </table:table-cell>
   </table:table-row>
  </table:table>
  <table:table table:name="Tabelle3" table:style-name="Tabelle3">
   <table:table-column table:style-name="Tabelle3.A"/>
   <table:table-column table:style-name="Tabelle3.B"/>
   <table:table-header-rows>
    <table:table-row>
     <table:table-cell table:value-type="string">
      <text:p text:style-name="Paragraph"><draw:image draw:name="Remarque0" svg:desc="Icône Remarque" svg:pixelx="32" svg:pixely="32" svg:width="0.847cm" svg:height="0.847cm" xlink:href="65980" draw:filter-name=""/></text:p>

     </table:table-cell>
     <table:table-cell table:value-type="string">
      <text:p text:style-name="Paragraph">Lors de l&apos;import d&apos;un document HTML contenant ces balises META, le contenu des balises est ajouté à la zone de propriété correspondante de <help:productname>%PRODUCTNAME</help:productname>.</text:p>
     </table:table-cell>
    </table:table-row>
   </table:table-header-rows>
  </table:table>
  <text:p text:style-name="Head 3">Astuces relatives à l&apos;import</text:p>
  <text:p text:style-name="Paragraph">Lors de l&apos;import d&apos;un document HTML, les balises META suivantes sont automatiquement converties en champs <help:productname>%PRODUCTNAME</help:productname> : &lt;META HTTP-EQUIV=&quot;REFRESH&quot;...&gt; et &lt;META NAME=&quot;...&quot; ...&gt; , où NAME équivaut à AUTHOR, CREATED, CHANGED, CHANGEDBY, DESCRIPTION, KEYWORDS ou CLASSIFICATION.</text:p>
  <text:p text:style-name="Paragraph">Les scripts, commentaires, et balises META placés juste avant une balise TABLE sont insérés dans la première cellule du tableau.</text:p>
  <text:p text:style-name="Paragraph">Les scripts et les balises META se trouvant dans l&apos;en-tête d&apos;un document HTML sont importés et ancrés au premier paragraphe du document.</text:p>
  <text:p text:style-name="Paragraph">La définition des options d&apos;import des balises HTML s&apos;effectue à partir de <text:span text:style-name="T1">Outils - Options - Chargement/enregistrement - Compatibilité HTML</text:span>. Une balise META connue contient soit &quot;HTTP-EQUIV&quot; soit &quot;NAME&quot;, et est importée en tant que note de <help:productname>%PRODUCTNAME</help:productname>. La seule exception est &lt;META NAME=&quot;GENERATOR&quot;...&gt;, qui est ignorée.</text:p>
  <text:p text:style-name="Head 3">Astuces relatives à l&apos;export</text:p>
  <text:p text:style-name="Paragraph">Les champs de notes et de script au début du premier paragraphe d&apos;un document sont exportés vers l&apos;en-tête d&apos;un document HTML. Si le document commence par un tableau, le premier paragraphe de la première cellule du tableau est exporté vers l&apos;en-tête du document HTML.</text:p>
 </office:body>
</office:document>
