

<office:document  xmlns:office="http://openoffice.org/2000/office" xmlns:style="http://openoffice.org/2000/style" xmlns:text="http://openoffice.org/2000/text" xmlns:table="http://openoffice.org/2000/table" xmlns:draw="http://openoffice.org/2000/drawing" xmlns:fo="http://www.w3.org/1999/XSL/Format" xmlns:xlink="http://www.w3.org/1999/xlink" xmlns:number="http://openoffice.org/2000/datastyle" xmlns:svg="http://www.w3.org/2000/svg" xmlns:chart="http://openoffice.org/2000/chart" xmlns:dr3d="http://openoffice.org/2000/dr3d" xmlns:math="http://www.w3.org/1998/Math/MathML" xmlns:form="http://openoffice.org/2000/form" xmlns:script="http://openoffice.org/2000/script" office:class="text" office:version="1.0" xmlns:dc="http://purl.org/dc/elements/1.1/" xmlns:meta="http://openoffice.org/2000/meta" xmlns:help="http://openoffice.org/2000/help">
<office:meta>
  <dc:description>text/common/01/ref_pdf_export</dc:description>
  <dc:subject>Export au format PDF</dc:subject>

  <dc:language>fr-FR</dc:language>
  <meta:user-defined meta:name="Info 0">READY</meta:user-defined>
  <meta:user-defined meta:name="Info 1">FREE_OK</meta:user-defined>
  <meta:user-defined meta:name="Info 2"/>
  <meta:user-defined meta:name="Info 3"/>
</office:meta>
 <office:script/>
 <office:font-decls>
  <style:font-decl style:name="StarSymbol" fo:font-family="StarSymbol" style:font-charset="x-symbol"/>
  <style:font-decl style:name="Courier New" fo:font-family="&apos;Courier New&apos;" style:font-style-name="Standard" style:font-family-generic="modern" style:font-pitch="fixed"/>
  <style:font-decl style:name="Courier" fo:font-family="Courier" style:font-family-generic="roman" style:font-pitch="fixed"/>
  <style:font-decl style:name="Arial Unicode MS" fo:font-family="&apos;Arial Unicode MS&apos;" style:font-pitch="variable"/>
  <style:font-decl style:name="HG Mincho Light J" fo:font-family="&apos;HG Mincho Light J&apos;" style:font-pitch="variable"/>
  <style:font-decl style:name="Times New Roman3" fo:font-family="&apos;Times New Roman&apos;" style:font-pitch="variable"/>
  <style:font-decl style:name="Thorndale" fo:font-family="Thorndale" style:font-family-generic="roman" style:font-pitch="variable"/>
  <style:font-decl style:name="Times New Roman2" fo:font-family="&apos;Times New Roman&apos;" style:font-style-name="Fett" style:font-family-generic="roman" style:font-pitch="variable"/>
  <style:font-decl style:name="Times New Roman" fo:font-family="&apos;Times New Roman&apos;" style:font-style-name="Standard" style:font-family-generic="roman" style:font-pitch="variable"/>
  <style:font-decl style:name="Times New Roman1" fo:font-family="&apos;Times New Roman&apos;" style:font-family-generic="swiss" style:font-pitch="variable"/>
 </office:font-decls>
 <office:automatic-styles>
  <style:style style:name="Tabelle1" style:family="table" style:master-page-name="">
   <style:properties style:width="18cm" style:rel-width="100%" style:page-number="0" fo:break-before="auto" fo:break-after="auto" table:align="left"/>
  </style:style>
  <style:style style:name="Tabelle1.A" style:family="table-column">
   <style:properties style:column-width="5.507cm" style:rel-column-width="20050*"/>
  </style:style>
  <style:style style:name="Tabelle1.B" style:family="table-column">
   <style:properties style:column-width="4.447cm" style:rel-column-width="16187*"/>
  </style:style>
  <style:style style:name="Tabelle1.C" style:family="table-column">
   <style:properties style:column-width="4.023cm" style:rel-column-width="14648*"/>
  </style:style>
  <style:style style:name="Tabelle1.A1" style:family="table-cell">
   <style:properties fo:padding="0.106cm" fo:border-left="none" fo:border-right="none" fo:border-top="none" fo:border-bottom="0.035cm solid #000000"/>
  </style:style>
  <style:style style:name="P1" style:family="paragraph" style:parent-style-name="Paragraph" style:master-page-name="HTML">
   <style:properties style:page-number="0"/>
  </style:style>
 </office:automatic-styles>
 <office:body>
  <text:variable-decls>
   <text:variable-decl text:value-type="string" text:name="HTML_ON"/>
   <text:variable-decl text:value-type="string" text:name="HTML_OFF"/>
   <text:variable-decl text:value-type="string" text:name="TITEL"/>
   <text:variable-decl text:value-type="string" text:name="END"/>
   <text:variable-decl text:value-type="string" text:name="MAC"/>
   <text:variable-decl text:value-type="string" text:name="ELSE"/>
   <text:variable-decl text:value-type="string" text:name="WIN"/>
   <text:variable-decl text:value-type="string" text:name="OS2"/>
   <text:variable-decl text:value-type="string" text:name="unix"/>
   <text:variable-decl text:value-type="string" text:name="HREF"/>
   <text:variable-decl text:value-type="string" text:name="NAME"/>
   <text:variable-decl text:value-type="string" text:name="HelpID"/>
   <text:variable-decl text:value-type="string" text:name="MODIFY"/>
   <text:variable-decl text:value-type="string" text:name="REFNR"/>
   <text:variable-decl text:value-type="string" text:name="KEY"/>
   <text:variable-decl text:value-type="string" text:name="INDEX"/>
   <text:variable-decl text:value-type="string" text:name="HFELD"/>
   <text:variable-decl text:value-type="string" text:name="AKTHLP"/>
   <text:variable-decl text:value-type="string" text:name="STYLE"/>
  </text:variable-decls>
  <text:sequence-decls>
   <text:sequence-decl text:display-outline-level="0" text:name="Illustration"/>
   <text:sequence-decl text:display-outline-level="0" text:name="Table"/>
   <text:sequence-decl text:display-outline-level="0" text:name="Text"/>
   <text:sequence-decl text:display-outline-level="0" text:name="Drawing"/>
  </text:sequence-decls>
  <text:p text:style-name="P1"/>
  <text:p text:style-name="Head 1"><help:help-id value="SID_EXPORTDOCASPDF"/><help:help-id value="FILTER_EDIT_RID_PDF_EXPORT_DLG_ED_PAGES"/><help:key-word value="PDF; Export au format PDF" tag="kw68646_1"/><help:key-word value="Portable Document Format" tag="kw68646_3"/><help:key-word value="Export; PDF" tag="kw68646_2"/><help:to-be-embedded Eid="export_as_pdf"><help:to-be-embedded Eid="ref_pdf_export"><help:link Id="68646">Export au format PDF</help:link></help:to-be-embedded></help:to-be-embedded></text:p>
  <text:p text:style-name="Paragraph"><help:to-be-embedded Eid="export"><help:help-text value="visible">Enregistre le fichier actif au format Portable Document Format (PDF).</help:help-text>Un fichier PDF peut être visualisé et imprimé à partir de toute plate-forme sans que cela n&apos;affecte son formatage d&apos;origine, à condition que l&apos;application gratuite Adobe Acrobat Reader soit installée.</help:to-be-embedded></text:p>
  <help:popup Id="65611" Eid="exportpdf"><help:embedded Id="65598" Eid="wie"></help:embedded></help:popup>
  <text:p text:style-name="Paragraph">Cliquez sur l&apos;icône pour exporter le document actif sans avoir de boîte de dialogue Options. Choisissez la commande de menu pour avoir une boîte de dialogue permettant de définir les options d&apos;export PDF de la manière suivante :</text:p>
  <text:p text:style-name="Head 2">Options PDF</text:p>
  <text:p text:style-name="Paragraph">Définit les options d&apos;export du fichier PDF.</text:p>
  <text:p text:style-name="Head 3"><help:help-id value="FILTER_RADIOBUTTON_DLG_PDFEXPORT_RB_ALL"/><help:help-id value="FILTER_RADIOBUTTON_RID_PDF_EXPORT_DLG_RB_ALL"/>Toutes</text:p>
  <text:p text:style-name="Paragraph"><help:help-text value="visible">Effectue un export de la totalité du document.</help:help-text></text:p>
  <text:p text:style-name="Head 3"><help:help-id value="FILTER_RADIOBUTTON_DLG_PDFEXPORT_RB_RANGE"/><help:help-id value="FILTER_EDIT_DLG_PDFEXPORT_ED_PAGES"/><help:help-id value="FILTER_RADIOBUTTON_RID_PDF_EXPORT_DLG_RB_RANGE"/><help:help-id value="FILTER_EDIT_RID_PDF_EXPORT_DLG_ED_PAGES"/>Plage</text:p>
  <text:p text:style-name="Paragraph"><help:help-text value="visible">Effectue un export des pages saisies dans la zone.</help:help-text></text:p>
  <text:p text:style-name="Paragraph">Pour exporter une série de pages, utilisez le format 3-6. Pour exporter des pages séparées, utilisez le format 7;9;11. Il est également possible d&apos;exporter une combinaison de séries de pages et de pages séparées en utilisant le format 3-6;8;10;12.</text:p>
  <text:p text:style-name="Head 3"><help:help-id value="FILTER_RADIOBUTTON_DLG_PDFEXPORT_RB_SELECTION"/><help:help-id value="FILTER_RADIOBUTTON_RID_PDF_EXPORT_DLG_RB_SELECTION"/>Sélection</text:p>
  <text:p text:style-name="Paragraph"><help:help-text value="visible">Effectue un export de la sélection active.</help:help-text></text:p>
  <text:p text:style-name="Head 3"><help:help-id value="FILTER_RADIOBUTTON_DLG_PDFEXPORT_RB_SCREEN"/><help:help-id value="FILTER_RADIOBUTTON_RID_PDF_EXPORT_DLG_RB_SCREEN"/>Optimisé pour l&apos;écran (taille minimum de fichier)</text:p>
  <text:p text:style-name="Paragraph"><help:help-text value="visible">Compresse le texte et les images de manière à produire la plus petite taille de fichier PDF possible, convenant à la consultation en ligne comme à l&apos;envoi par e-mail.</help:help-text> Certains détails des objets de dessin ou des images insérées peuvent être perdus.</text:p>
  <text:p text:style-name="Head 3"><help:help-id value="FILTER_RADIOBUTTON_DLG_PDFEXPORT_RB_PRINT"/><help:help-id value="FILTER_RADIOBUTTON_RID_PDF_EXPORT_DLG_RB_PRINT"/>Optimisé pour l&apos;impression</text:p>
  <text:p text:style-name="Paragraph"><help:help-text value="visible">Optimise la résolution du texte et des images pour une impression de haute qualité.</help:help-text></text:p>
  <text:p text:style-name="Head 3"><help:help-id value="FILTER_RADIOBUTTON_DLG_PDFEXPORT_RB_PRESS"/><help:help-id value="FILTER_RADIOBUTTON_RID_PDF_EXPORT_DLG_RB_PRESS"/>Optimisé pour presse à imprimer</text:p>
  <text:p text:style-name="Paragraph"><help:help-text value="visible">Produit le texte et la sortie d&apos;image de la plus haute qualité possible, ainsi que la taille de fichier la plus importante.</help:help-text></text:p>
  <text:p text:style-name="Head 4">Comparaison des options d&apos;optimisation des fichiers PDF</text:p>
  <table:table table:name="Tabelle1" table:style-name="Tabelle1">
   <table:table-column table:style-name="Tabelle1.A"/>
   <table:table-column table:style-name="Tabelle1.B"/>
   <table:table-column table:style-name="Tabelle1.C" table:number-columns-repeated="2"/>
   <table:table-header-rows>
    <table:table-row>
     <table:table-cell table:style-name="Tabelle1.A1" table:value-type="string">
      <text:p text:style-name="TableHead"/>
     </table:table-cell>
     <table:table-cell table:style-name="Tabelle1.A1" table:value-type="string">
      <text:p text:style-name="TableHead">Optimisé pour l&apos;écran</text:p>
     </table:table-cell>
     <table:table-cell table:style-name="Tabelle1.A1" table:value-type="string">
      <text:p text:style-name="TableHead">Optimisé pour l&apos;impression</text:p>
     </table:table-cell>
     <table:table-cell table:style-name="Tabelle1.A1" table:value-type="string">
      <text:p text:style-name="TableHead">Optimisé pour presse à imprimer</text:p>
     </table:table-cell>
    </table:table-row>
   </table:table-header-rows>
   <table:table-row>
    <table:table-cell table:style-name="Tabelle1.A1" table:value-type="string">
     <text:p text:style-name="TextInTable">Résolution</text:p>
    </table:table-cell>
    <table:table-cell table:style-name="Tabelle1.A1" table:value-type="string">
     <text:p text:style-name="TextInTable">600 DPI</text:p>
    </table:table-cell>
    <table:table-cell table:style-name="Tabelle1.A1" table:value-type="string">
     <text:p text:style-name="TextInTable">1 200 DPI</text:p>
    </table:table-cell>
    <table:table-cell table:style-name="Tabelle1.A1" table:value-type="string">
     <text:p text:style-name="TextInTable">2 400 DPI</text:p>
    </table:table-cell>
   </table:table-row>
   <table:table-row>
    <table:table-cell table:style-name="Tabelle1.A1" table:value-type="string">
     <text:p text:style-name="TextInTable">Compression du texte et des dessins</text:p>
    </table:table-cell>
    <table:table-cell table:style-name="Tabelle1.A1" table:value-type="string">
     <text:p text:style-name="TextInTable">oui</text:p>
    </table:table-cell>
    <table:table-cell table:style-name="Tabelle1.A1" table:value-type="string">
     <text:p text:style-name="TextInTable">oui</text:p>
    </table:table-cell>
    <table:table-cell table:style-name="Tabelle1.A1" table:value-type="string">
     <text:p text:style-name="TextInTable">oui</text:p>
    </table:table-cell>
   </table:table-row>
   <table:table-row>
    <table:table-cell table:style-name="Tabelle1.A1" table:value-type="string">
     <text:p text:style-name="TextInTable">Images bitmap</text:p>
    </table:table-cell>
    <table:table-cell table:style-name="Tabelle1.A1" table:value-type="string">
     <text:p text:style-name="TextInTable"/>
    </table:table-cell>
    <table:table-cell table:style-name="Tabelle1.A1" table:value-type="string">
     <text:p text:style-name="TextInTable"/>
    </table:table-cell>
    <table:table-cell table:style-name="Tabelle1.A1" table:value-type="string">
     <text:p text:style-name="TextInTable"/>
    </table:table-cell>
   </table:table-row>
   <table:table-row>
    <table:table-cell table:style-name="Tabelle1.A1" table:value-type="string">
     <text:p text:style-name="TextInTable">Rééchantillonnage</text:p>
    </table:table-cell>
    <table:table-cell table:style-name="Tabelle1.A1" table:value-type="string">
     <text:p text:style-name="TextInTable">Sous-échantillonnage moyen à 72 DPI</text:p>
    </table:table-cell>
    <table:table-cell table:style-name="Tabelle1.A1" table:value-type="string">
     <text:p text:style-name="TextInTable">Sous-échantillonnage bicubique à 300 DPI</text:p>
    </table:table-cell>
    <table:table-cell table:style-name="Tabelle1.A1" table:value-type="string">
     <text:p text:style-name="TextInTable">Sous-échantillonnage bicubique à 300 DPI</text:p>
    </table:table-cell>
   </table:table-row>
   <table:table-row>
    <table:table-cell table:style-name="Tabelle1.A1" table:value-type="string">
     <text:p text:style-name="TextInTable">Compression</text:p>
    </table:table-cell>
    <table:table-cell table:style-name="Tabelle1.A1" table:value-type="string">
     <text:p text:style-name="TextInTable">Automatique</text:p>
    </table:table-cell>
    <table:table-cell table:style-name="Tabelle1.A1" table:value-type="string">
     <text:p text:style-name="TextInTable">Automatique</text:p>
    </table:table-cell>
    <table:table-cell table:style-name="Tabelle1.A1" table:value-type="string">
     <text:p text:style-name="TextInTable">Automatique</text:p>
    </table:table-cell>
   </table:table-row>
   <table:table-row>
    <table:table-cell table:style-name="Tabelle1.A1" table:value-type="string">
     <text:p text:style-name="TextInTable">Qualité</text:p>
    </table:table-cell>
    <table:table-cell table:style-name="Tabelle1.A1" table:value-type="string">
     <text:p text:style-name="TextInTable">Moyenne</text:p>
    </table:table-cell>
    <table:table-cell table:style-name="Tabelle1.A1" table:value-type="string">
     <text:p text:style-name="TextInTable">Haute</text:p>
    </table:table-cell>
    <table:table-cell table:style-name="Tabelle1.A1" table:value-type="string">
     <text:p text:style-name="TextInTable">Maximum</text:p>
    </table:table-cell>
   </table:table-row>
   <table:table-row>
    <table:table-cell table:style-name="Tabelle1.A1" table:number-columns-spanned="2" table:value-type="string">
     <text:p text:style-name="TextInTable">Images bitmap monochromes</text:p>
    </table:table-cell>
    <table:covered-table-cell/>
    <table:table-cell table:style-name="Tabelle1.A1" table:value-type="string">
     <text:p text:style-name="TextInTable"/>
    </table:table-cell>
    <table:table-cell table:style-name="Tabelle1.A1" table:value-type="string">
     <text:p text:style-name="TextInTable"/>
    </table:table-cell>
   </table:table-row>
   <table:table-row>
    <table:table-cell table:style-name="Tabelle1.A1" table:value-type="string">
     <text:p text:style-name="TextInTable">Rééchantillonnage</text:p>
    </table:table-cell>
    <table:table-cell table:style-name="Tabelle1.A1" table:value-type="string">
     <text:p text:style-name="TextInTable">Sous-échantillonnage moyen à 300 DPI</text:p>
    </table:table-cell>
    <table:table-cell table:style-name="Tabelle1.A1" table:value-type="string">
     <text:p text:style-name="TextInTable">Sous-échantillonnage bicubique à 1 200 DPI</text:p>
    </table:table-cell>
    <table:table-cell table:style-name="Tabelle1.A1" table:value-type="string">
     <text:p text:style-name="TextInTable">Sous-échantillonnage bicubique à 1 200 DPI</text:p>
    </table:table-cell>
   </table:table-row>
   <table:table-row>
    <table:table-cell table:style-name="Tabelle1.A1" table:value-type="string">
     <text:p text:style-name="TextInTable">Compression</text:p>
    </table:table-cell>
    <table:table-cell table:style-name="Tabelle1.A1" table:value-type="string">
     <text:p text:style-name="TextInTable">Groupe 4 du CCITT</text:p>
    </table:table-cell>
    <table:table-cell table:style-name="Tabelle1.A1" table:value-type="string">
     <text:p text:style-name="TextInTable">Groupe 4 du CCITT</text:p>
    </table:table-cell>
    <table:table-cell table:style-name="Tabelle1.A1" table:value-type="string">
     <text:p text:style-name="TextInTable">Groupe 4 du CCITT</text:p>
    </table:table-cell>
   </table:table-row>
  </table:table>
  <text:p text:style-name="Head 3">Exporter</text:p>
  <text:p text:style-name="Paragraph">Effectue un export du fichier actif au format PDF.</text:p>
 </office:body>
</office:document>
