

<office:document  xmlns:office="http://openoffice.org/2000/office" xmlns:style="http://openoffice.org/2000/style" xmlns:text="http://openoffice.org/2000/text" xmlns:table="http://openoffice.org/2000/table" xmlns:draw="http://openoffice.org/2000/drawing" xmlns:fo="http://www.w3.org/1999/XSL/Format" xmlns:xlink="http://www.w3.org/1999/xlink" xmlns:number="http://openoffice.org/2000/datastyle" xmlns:svg="http://www.w3.org/2000/svg" xmlns:chart="http://openoffice.org/2000/chart" xmlns:dr3d="http://openoffice.org/2000/dr3d" xmlns:math="http://www.w3.org/1998/Math/MathML" xmlns:form="http://openoffice.org/2000/form" xmlns:script="http://openoffice.org/2000/script" office:class="text" office:version="1.0" xmlns:dc="http://purl.org/dc/elements/1.1/" xmlns:meta="http://openoffice.org/2000/meta" xmlns:help="http://openoffice.org/2000/help">
<office:meta>
  <dc:description>text/common/05/00000110</dc:description>
  <dc:subject>%PRODUCTNAME 도움말 창</dc:subject>
  <meta:keywords>
   <meta:keyword>$Version</meta:keyword>
  </meta:keywords>
  <dc:language>ko-KR</dc:language>
  <meta:user-defined meta:name="Info 0">READY</meta:user-defined>
  <meta:user-defined meta:name="Info 1">FREE_OK</meta:user-defined>
  <meta:user-defined meta:name="Info 2"/>
  <meta:user-defined meta:name="Info 3"/>
</office:meta>
 <office:script/>
 <office:font-decls>
  <style:font-decl style:name="StarSymbol" fo:font-family="StarSymbol" style:font-charset="x-symbol"/>
  <style:font-decl style:name="Courier New" fo:font-family="&apos;Courier New&apos;" style:font-style-name="Standard" style:font-family-generic="modern" style:font-pitch="fixed"/>
  <style:font-decl style:name="Courier" fo:font-family="Courier" style:font-family-generic="roman" style:font-pitch="fixed"/>
  <style:font-decl style:name="Andale WT UI4" fo:font-family="&apos;Andale WT UI&apos;" style:font-pitch="variable"/>
  <style:font-decl style:name="Arial Unicode MS" fo:font-family="&apos;Arial Unicode MS&apos;" style:font-pitch="variable"/>
  <style:font-decl style:name="HG Mincho Light J" fo:font-family="&apos;HG Mincho Light J&apos;" style:font-pitch="variable"/>
  <style:font-decl style:name="Andale WT UI" fo:font-family="&apos;Andale WT UI&apos;" style:font-family-generic="roman" style:font-pitch="variable"/>
  <style:font-decl style:name="Andale WT UI1" fo:font-family="&apos;Andale WT UI&apos;" style:font-style-name="Fett" style:font-family-generic="roman" style:font-pitch="variable"/>
  <style:font-decl style:name="Andale WT UI2" fo:font-family="&apos;Andale WT UI&apos;" style:font-style-name="Standard" style:font-family-generic="roman" style:font-pitch="variable"/>
  <style:font-decl style:name="Thorndale" fo:font-family="Thorndale" style:font-family-generic="roman" style:font-pitch="variable"/>
  <style:font-decl style:name="Times New Roman" fo:font-family="&apos;Times New Roman&apos;" style:font-style-name="Fett" style:font-family-generic="roman" style:font-pitch="variable"/>
  <style:font-decl style:name="Andale WT UI3" fo:font-family="&apos;Andale WT UI&apos;" style:font-family-generic="swiss" style:font-pitch="variable"/>
 </office:font-decls>
 <office:automatic-styles>
  <style:style style:name="Tabelle3" style:family="table">
   <style:properties style:width="18cm" table:align="margins"/>
  </style:style>
  <style:style style:name="Tabelle3.A" style:family="table-column">
   <style:properties style:column-width="1.48cm" style:rel-column-width="5388*"/>
  </style:style>
  <style:style style:name="Tabelle3.B" style:family="table-column">
   <style:properties style:column-width="16.521cm" style:rel-column-width="60147*"/>
  </style:style>
  <style:style style:name="Tabelle3.A1" style:family="table-cell">
   <style:properties fo:padding="0.097cm" fo:border="none"/>
  </style:style>
  <style:style style:name="Tabelle3.B1" style:family="table-cell">
   <style:properties fo:padding="0.097cm" fo:border-left="none" fo:border-right="none" fo:border-top="0.002cm solid #000000" fo:border-bottom="0.002cm solid #000000"/>
  </style:style>
  <style:style style:name="Tabelle1" style:family="table">
   <style:properties style:width="17.972cm" fo:margin-left="0.028cm" fo:margin-right="0cm" table:align="margins"/>
  </style:style>
  <style:style style:name="Tabelle1.A" style:family="table-column">
   <style:properties style:column-width="0.975cm" style:rel-column-width="3557*"/>
  </style:style>
  <style:style style:name="Tabelle1.B" style:family="table-column">
   <style:properties style:column-width="16.997cm" style:rel-column-width="61978*"/>
  </style:style>
  <style:style style:name="Tabelle1.A1" style:family="table-cell">
   <style:properties fo:padding="0.097cm" fo:border="none"/>
  </style:style>
  <style:style style:name="Tabelle2" style:family="table">
   <style:properties style:width="18cm" table:align="margins"/>
  </style:style>
  <style:style style:name="Tabelle2.A" style:family="table-column">
   <style:properties style:column-width="2cm" style:rel-column-width="7283*"/>
  </style:style>
  <style:style style:name="Tabelle2.B" style:family="table-column">
   <style:properties style:column-width="16cm" style:rel-column-width="58252*"/>
  </style:style>
  <style:style style:name="Tabelle2.A1" style:family="table-cell">
   <style:properties fo:padding="0.097cm" fo:border="none"/>
  </style:style>
  <style:style style:name="P1" style:family="paragraph" style:parent-style-name="Paragraph" style:master-page-name="HTML">
   <style:properties style:page-number="0"/>
  </style:style>
  <style:style style:name="T1" style:family="text">
   <style:properties fo:font-weight="bold"/>
  </style:style>
  <style:style style:name="fr1" style:family="graphics" style:parent-style-name="Graphics">
   <style:properties style:run-through="foreground" style:wrap="run-through" style:horizontal-pos="left" style:horizontal-rel="paragraph" style:mirror="none" fo:clip="rect(0cm 0cm 0cm 0cm)" draw:luminance="0%" draw:contrast="0%" draw:red="0%" draw:green="0%" draw:blue="0%" draw:gamma="1" draw:color-inversion="false" draw:transparency="-100%" draw:color-mode="standard"/>
  </style:style>
  <style:style style:name="fr2" style:family="graphics" style:parent-style-name="Graphics">
   <style:properties style:run-through="foreground" style:wrap="run-through" style:horizontal-pos="center" style:horizontal-rel="paragraph" style:mirror="none" fo:clip="rect(0cm 0cm 0cm 0cm)" draw:luminance="0%" draw:contrast="0%" draw:red="0%" draw:green="0%" draw:blue="0%" draw:gamma="1" draw:color-inversion="false" draw:transparency="-100%" draw:color-mode="standard"/>
  </style:style>
 </office:automatic-styles>
 <office:body>
  <text:variable-decls>
   <text:variable-decl text:value-type="string" text:name="HTML_ON"/>
   <text:variable-decl text:value-type="string" text:name="HTML_OFF"/>
   <text:variable-decl text:value-type="string" text:name="TITEL"/>
   <text:variable-decl text:value-type="string" text:name="END"/>
   <text:variable-decl text:value-type="string" text:name="HREF"/>
   <text:variable-decl text:value-type="string" text:name="OS2"/>
   <text:variable-decl text:value-type="string" text:name="ELSE"/>
   <text:variable-decl text:value-type="string" text:name="NAME"/>
   <text:variable-decl text:value-type="string" text:name="MAC"/>
   <text:variable-decl text:value-type="string" text:name="MODIFY"/>
   <text:variable-decl text:value-type="string" text:name="REFNR"/>
   <text:variable-decl text:value-type="string" text:name="HelpID"/>
   <text:variable-decl text:value-type="string" text:name="KEY"/>
   <text:variable-decl text:value-type="string" text:name="HFELD"/>
   <text:variable-decl text:value-type="string" text:name="INDEX"/>
   <text:variable-decl text:value-type="string" text:name="AKTHLP"/>
   <text:variable-decl text:value-type="string" text:name="PRODUCT"/>
   <text:variable-decl text:value-type="string" text:name="STYLE"/>
  </text:variable-decls>
  <text:sequence-decls>
   <text:sequence-decl text:display-outline-level="0" text:name="Illustration"/>
   <text:sequence-decl text:display-outline-level="0" text:name="Table"/>
   <text:sequence-decl text:display-outline-level="0" text:name="Text"/>
   <text:sequence-decl text:display-outline-level="0" text:name="Drawing"/>
  </text:sequence-decls>
  <text:p text:style-name="P1"/>
  <text:p text:style-name="Head 1"><help:help-id value="SID_HELPONHELP"/><help:to-be-embedded Eid="00000110"><help:link Id="68245"><help:productname>%PRODUCTNAME</help:productname> 도움말 창</help:link></help:to-be-embedded></text:p>
  <help:switch select="PRODUCT"><help:case select ="OpenSource">
  <table:table table:name="Tabelle3" table:style-name="Tabelle3">
   <table:table-column table:style-name="Tabelle3.A"/>
   <table:table-column table:style-name="Tabelle3.B"/>
   <table:table-header-rows>
    <table:table-row>
     <table:table-cell table:style-name="Tabelle3.A1" table:value-type="string">
      <text:p text:style-name="TextInTable"><draw:image draw:name="아이콘0" svg:desc="이 아이콘은 데이터와 시스템 안전을 위해 중요한 정보가 포함된 텍스트 단락을 나타냅니다." svg:pixelx="32" svg:pixely="32" svg:width="0.847cm" svg:height="0.847cm" xlink:href="65640" draw:filter-name=""/></text:p>

     </table:table-cell>
     <table:table-cell table:style-name="Tabelle3.B1" table:value-type="string">
      <text:p text:style-name="TextInTable">이 도움말 시스템이 Sun Microsystems, Inc의 상업적 소프트웨어를 설명한다는 것을 주의하시기 바랍니다. 몇 몇 기능은 여기에서 설명되어 있기는하나 특허 제한의 이유로 어쩌면 <help:productname>%PRODUCTNAME</help:productname> 분포는 부분적으로 설명되어있지 않을것입니다.</text:p>
     </table:table-cell>
    </table:table-row>
   </table:table-header-rows>
  </table:table>
  </help:case></help:switch>
  <text:p text:style-name="Paragraph"><help:help-text value="hide">도움말 시스템의 개요를 제공합니다.</help:help-text>도움말 창은 현재 선택한 도움말 페이지를 표시합니다.</text:p>
  <text:p text:style-name="Paragraph"><help:help-id value="HID_HELP_TOOLBOX"/><help:help-text value="visible">[도구 모음]에는 도움말 시스템을 제어하기 위한 중요한 기능이 들어 있습니다.</help:help-text>:</text:p>
  <table:table table:name="Tabelle1" table:style-name="Tabelle1">
   <table:table-column table:style-name="Tabelle1.A"/>
   <table:table-column table:style-name="Tabelle1.B"/>
   <table:table-row>
    <table:table-cell table:style-name="Tabelle1.A1" table:value-type="string">
     <text:p text:style-name="TextInTable"><draw:image draw:name="아이콘1" svg:desc="아이콘" svg:pixelx="25" svg:pixely="25" svg:width="0.661cm" svg:height="0.661cm" xlink:href="67371" draw:filter-name=""/></text:p>

    </table:table-cell>
    <table:table-cell table:style-name="Tabelle1.A1" table:value-type="string">
     <text:p text:style-name="TextInTable"><help:help-id value="HID_HELP_TOOLBOXITEM_INDEX"/><help:help-text value="visible"><text:span text:style-name="T1">네비게이션 영역</text:span> 시작/종료</help:help-text></text:p>
    </table:table-cell>
   </table:table-row>
   <table:table-row>
    <table:table-cell table:style-name="Tabelle1.A1" table:value-type="string">
     <text:p text:style-name="TextInTable"><draw:image draw:name="아이콘2" svg:desc="아이콘" svg:pixelx="25" svg:pixely="25" svg:width="0.661cm" svg:height="0.661cm" xlink:href="67373" draw:filter-name=""/></text:p>

    </table:table-cell>
    <table:table-cell table:style-name="Tabelle1.A1" table:value-type="string">
     <text:p text:style-name="TextInTable"><help:help-id value="HID_HELP_TOOLBOXITEM_BACKWARD"/><help:help-text value="visible">[이전] 페이지로 다시 이동합니다.</help:help-text></text:p>
    </table:table-cell>
   </table:table-row>
   <table:table-row>
    <table:table-cell table:style-name="Tabelle1.A1" table:value-type="string">
     <text:p text:style-name="TextInTable"><draw:image draw:name="아이콘3" svg:desc="아이콘" svg:pixelx="25" svg:pixely="25" svg:width="0.661cm" svg:height="0.661cm" xlink:href="67374" draw:filter-name=""/></text:p>

    </table:table-cell>
    <table:table-cell table:style-name="Tabelle1.A1" table:value-type="string">
     <text:p text:style-name="TextInTable"><help:help-id value="HID_HELP_TOOLBOXITEM_FORWARD"/><help:help-text value="visible">[다음] 페이지로 이동합니다.</help:help-text></text:p>
    </table:table-cell>
   </table:table-row>
   <table:table-row>
    <table:table-cell table:style-name="Tabelle1.A1" table:value-type="string">
     <text:p text:style-name="TextInTable"><draw:image draw:name="아이콘4" svg:desc="아이콘" svg:pixelx="25" svg:pixely="25" svg:width="0.661cm" svg:height="0.661cm" xlink:href="67372" draw:filter-name=""/></text:p>

    </table:table-cell>
    <table:table-cell table:style-name="Tabelle1.A1" table:value-type="string">
     <text:p text:style-name="TextInTable"><help:help-id value="HID_HELP_TOOLBOXITEM_START"/><help:help-text value="visible">현재 도움말 주제의 [첫 페이지]로 이동합니다.</help:help-text></text:p>
    </table:table-cell>
   </table:table-row>
   <table:table-row>
    <table:table-cell table:style-name="Tabelle1.A1" table:value-type="string">
     <text:p text:style-name="TextInTable"><draw:image draw:name="아이콘5" svg:desc="아이콘" svg:pixelx="25" svg:pixely="25" svg:width="0.661cm" svg:height="0.661cm" xlink:href="67375" draw:filter-name=""/></text:p>

    </table:table-cell>
    <table:table-cell table:style-name="Tabelle1.A1" table:value-type="string">
     <text:p text:style-name="TextInTable"><help:help-id value="HID_HELP_TOOLBOXITEM_PRINT"/><help:help-text value="visible">현재 페이지 <text:span text:style-name="T1">인쇄</text:span></help:help-text></text:p>
    </table:table-cell>
   </table:table-row>
   <table:table-row>
    <table:table-cell table:style-name="Tabelle1.A1" table:value-type="string">
     <text:p text:style-name="TextInTable"><draw:image draw:name="아이콘6" svg:desc="아이콘" svg:pixelx="25" svg:pixely="25" svg:width="0.661cm" svg:height="0.661cm" xlink:href="67376" draw:filter-name=""/></text:p>

    </table:table-cell>
    <table:table-cell table:style-name="Tabelle1.A1" table:value-type="string">
     <text:p text:style-name="TextInTable"><help:help-id value="HID_HELP_TOOLBOXITEM_BOOKMARKS"/><help:help-text value="visible">이 페이지를 책갈피에 추가합니다.</help:help-text></text:p>
    </table:table-cell>
   </table:table-row>
  </table:table>
  <text:p text:style-name="TextInTable">이러한 명령은 도움말 문서의 컨텍스트 메뉴에서도 찾을 수 있습니다.</text:p>
  <text:p text:style-name="Head 2">네비게이션 영역</text:p>
  <text:p text:style-name="Paragraph"><help:help-id value="HID_HELP_TABCONTROL"/><help:help-text value="visible"><text:span text:style-name="T1">네비게이션 영역</text:span>은 <text:span text:style-name="T1">내용, 색인</text:span>, <text:span text:style-name="T1">찾기</text:span> 및 <text:span text:style-name="T1">책갈피</text:span> 탭을 제공합니다.</help:help-text></text:p>
  <text:p text:style-name="Paragraph"><help:help-id value="HID_HELP_LISTBOX"/><help:help-text value="visible">다른 <help:productname>%PRODUCTNAME</help:productname> 모듈에 대한 도움말을 선택할 수 있는 선택 목록이 위쪽 여백에 보입니다.</help:help-text> <text:span text:style-name="T1">색인</text:span>와 <text:span text:style-name="T1">찾기</text:span>는 선택한 <help:productname>%PRODUCTNAME</help:productname> 모듈에만 관련됩니다.</text:p>
  <table:table table:name="Tabelle2" table:style-name="Tabelle2">
   <table:table-column table:style-name="Tabelle2.A"/>
   <table:table-column table:style-name="Tabelle2.B"/>
   <table:table-row>
    <table:table-cell table:style-name="Tabelle2.A1" table:value-type="string">
     <text:p text:style-name="TextInTable"><help:link Id="68248">내용</help:link></text:p>
    </table:table-cell>
    <table:table-cell table:style-name="Tabelle2.A1" table:value-type="string">
     <text:p text:style-name="TextInTable">주 도움말 페이지의 트리 구조를 표시합니다.</text:p>
    </table:table-cell>
   </table:table-row>
   <table:table-row>
    <table:table-cell table:style-name="Tabelle2.A1" table:value-type="string">
     <text:p text:style-name="TextInTable"><help:link Id="68246">색인</help:link></text:p>
    </table:table-cell>
    <table:table-cell table:style-name="Tabelle2.A1" table:value-type="string">
     <text:p text:style-name="TextInTable">키워드 색인을 포함합니다.</text:p>
    </table:table-cell>
   </table:table-row>
   <table:table-row>
    <table:table-cell table:style-name="Tabelle2.A1" table:value-type="string">
     <text:p text:style-name="TextInTable"><help:link Id="68247">찾기</help:link></text:p>
    </table:table-cell>
    <table:table-cell table:style-name="Tabelle2.A1" table:value-type="string">
     <text:p text:style-name="TextInTable">전체 텍스트 검색을 수행합니다. 검색에는 현재 선택한 <help:productname>%PRODUCTNAME</help:productname> 모듈의 전체 도움말 내용이 포함됩니다.</text:p>
    </table:table-cell>
   </table:table-row>
   <table:table-row>
    <table:table-cell table:style-name="Tabelle2.A1" table:value-type="string">
     <text:p text:style-name="TextInTable"><help:link Id="68250">책갈피</help:link></text:p>
    </table:table-cell>
    <table:table-cell table:style-name="Tabelle2.A1" table:value-type="string">
     <text:p text:style-name="TextInTable">사용자 정의 책갈피를 포함합니다. 책갈피를 편집하거나 삭제하거나 책갈피를 눌러 해당 페이지로 이동할 수 있습니다.</text:p>
    </table:table-cell>
   </table:table-row>
  </table:table>
  <text:p text:style-name="ParaList"><help:embedded Id="65598" Eid="related"></help:embedded></text:p>
  <text:p text:style-name="ParaList"><help:embedded Id="68249" Eid="00000120"></help:embedded></text:p>
  <text:p text:style-name="ParaList"><help:embedded Id="68248" Eid="doc_title"></help:embedded></text:p>
  <text:p text:style-name="ParaList"><help:embedded Id="68246" Eid="00000130"></help:embedded></text:p>
  <text:p text:style-name="ParaList"><help:embedded Id="68247" Eid="00000140"></help:embedded></text:p>
  <text:p text:style-name="ParaList"><help:embedded Id="68250" Eid="doc_title"></help:embedded></text:p>
 </office:body>
</office:document>
