

<office:document  xmlns:office="http://openoffice.org/2000/office" xmlns:style="http://openoffice.org/2000/style" xmlns:text="http://openoffice.org/2000/text" xmlns:table="http://openoffice.org/2000/table" xmlns:draw="http://openoffice.org/2000/drawing" xmlns:fo="http://www.w3.org/1999/XSL/Format" xmlns:xlink="http://www.w3.org/1999/xlink" xmlns:number="http://openoffice.org/2000/datastyle" xmlns:svg="http://www.w3.org/2000/svg" xmlns:chart="http://openoffice.org/2000/chart" xmlns:dr3d="http://openoffice.org/2000/dr3d" xmlns:math="http://www.w3.org/1998/Math/MathML" xmlns:form="http://openoffice.org/2000/form" xmlns:script="http://openoffice.org/2000/script" office:class="text" office:version="1.0" xmlns:dc="http://purl.org/dc/elements/1.1/" xmlns:meta="http://openoffice.org/2000/meta" xmlns:help="http://openoffice.org/2000/help">
<office:meta>
  <dc:description>text/common/05/00000150</dc:description>
  <dc:subject>책갈피 관리</dc:subject>

  <dc:language>ko-KR</dc:language>
  <meta:user-defined meta:name="Info 0">READY</meta:user-defined>
  <meta:user-defined meta:name="Info 1">FREE_OK</meta:user-defined>
  <meta:user-defined meta:name="Info 2"/>
  <meta:user-defined meta:name="Info 3"/>
</office:meta>
 <office:script/>
 <office:font-decls>
  <style:font-decl style:name="StarSymbol" fo:font-family="StarSymbol" style:font-charset="x-symbol"/>
  <style:font-decl style:name="Courier New" fo:font-family="&apos;Courier New&apos;" style:font-style-name="Standard" style:font-family-generic="modern" style:font-pitch="fixed"/>
  <style:font-decl style:name="Courier" fo:font-family="Courier" style:font-family-generic="roman" style:font-pitch="fixed"/>
  <style:font-decl style:name="Andale WT UI4" fo:font-family="&apos;Andale WT UI&apos;" style:font-pitch="variable"/>
  <style:font-decl style:name="Arial Unicode MS" fo:font-family="&apos;Arial Unicode MS&apos;" style:font-pitch="variable"/>
  <style:font-decl style:name="HG Mincho Light J" fo:font-family="&apos;HG Mincho Light J&apos;" style:font-pitch="variable"/>
  <style:font-decl style:name="Andale WT UI" fo:font-family="&apos;Andale WT UI&apos;" style:font-family-generic="roman" style:font-pitch="variable"/>
  <style:font-decl style:name="Andale WT UI1" fo:font-family="&apos;Andale WT UI&apos;" style:font-style-name="Fett" style:font-family-generic="roman" style:font-pitch="variable"/>
  <style:font-decl style:name="Andale WT UI2" fo:font-family="&apos;Andale WT UI&apos;" style:font-style-name="Standard" style:font-family-generic="roman" style:font-pitch="variable"/>
  <style:font-decl style:name="Thorndale" fo:font-family="Thorndale" style:font-family-generic="roman" style:font-pitch="variable"/>
  <style:font-decl style:name="Times New Roman" fo:font-family="&apos;Times New Roman&apos;" style:font-style-name="Fett" style:font-family-generic="roman" style:font-pitch="variable"/>
  <style:font-decl style:name="Andale WT UI3" fo:font-family="&apos;Andale WT UI&apos;" style:font-family-generic="swiss" style:font-pitch="variable"/>
 </office:font-decls>
 <office:automatic-styles>
  <style:style style:name="Tabelle1" style:family="table">
   <style:properties style:width="16.999cm" table:align="margins"/>
  </style:style>
  <style:style style:name="Tabelle1.A" style:family="table-column">
   <style:properties style:column-width="0.949cm" style:rel-column-width="3660*"/>
  </style:style>
  <style:style style:name="Tabelle1.B" style:family="table-column">
   <style:properties style:column-width="16.05cm" style:rel-column-width="61875*"/>
  </style:style>
  <style:style style:name="P1" style:family="paragraph" style:parent-style-name="Paragraph" style:list-style-name="L1"/>
  <style:style style:name="T1" style:family="text">
   <style:properties fo:font-weight="bold"/>
  </style:style>
  <style:style style:name="fr1" style:family="graphics" style:parent-style-name="Graphics">
   <style:properties style:run-through="foreground" style:wrap="run-through" style:horizontal-pos="center" style:horizontal-rel="paragraph" style:mirror="none" fo:clip="rect(0cm 0cm 0cm 0cm)" draw:luminance="0%" draw:contrast="0%" draw:red="0%" draw:green="0%" draw:blue="0%" draw:gamma="1" draw:color-inversion="false" draw:transparency="-100%" draw:color-mode="standard"/>
  </style:style>
  <text:list-style style:name="L1">
   <text:list-level-style-bullet text:level="1" text:style-name="Bullet Symbols" style:num-suffix="." text:bullet-char="•">
    <style:properties text:min-label-width="0.499cm" style:font-name="StarSymbol"/>
   </text:list-level-style-bullet>
   <text:list-level-style-bullet text:level="2" text:style-name="Bullet Symbols" style:num-suffix="." text:bullet-char="•">
    <style:properties text:space-before="0.499cm" text:min-label-width="0.499cm" style:font-name="StarSymbol"/>
   </text:list-level-style-bullet>
   <text:list-level-style-bullet text:level="3" text:style-name="Bullet Symbols" style:num-suffix="." text:bullet-char="•">
    <style:properties text:space-before="0.999cm" text:min-label-width="0.499cm" style:font-name="StarSymbol"/>
   </text:list-level-style-bullet>
   <text:list-level-style-bullet text:level="4" text:style-name="Bullet Symbols" style:num-suffix="." text:bullet-char="•">
    <style:properties text:space-before="1.498cm" text:min-label-width="0.499cm" style:font-name="StarSymbol"/>
   </text:list-level-style-bullet>
   <text:list-level-style-bullet text:level="5" text:style-name="Bullet Symbols" style:num-suffix="." text:bullet-char="•">
    <style:properties text:space-before="1.997cm" text:min-label-width="0.499cm" style:font-name="StarSymbol"/>
   </text:list-level-style-bullet>
   <text:list-level-style-bullet text:level="6" text:style-name="Bullet Symbols" style:num-suffix="." text:bullet-char="•">
    <style:properties text:space-before="2.496cm" text:min-label-width="0.499cm" style:font-name="StarSymbol"/>
   </text:list-level-style-bullet>
   <text:list-level-style-bullet text:level="7" text:style-name="Bullet Symbols" style:num-suffix="." text:bullet-char="•">
    <style:properties text:space-before="2.995cm" text:min-label-width="0.499cm" style:font-name="StarSymbol"/>
   </text:list-level-style-bullet>
   <text:list-level-style-bullet text:level="8" text:style-name="Bullet Symbols" style:num-suffix="." text:bullet-char="•">
    <style:properties text:space-before="3.494cm" text:min-label-width="0.499cm" style:font-name="StarSymbol"/>
   </text:list-level-style-bullet>
   <text:list-level-style-bullet text:level="9" text:style-name="Bullet Symbols" style:num-suffix="." text:bullet-char="•">
    <style:properties text:space-before="3.994cm" text:min-label-width="0.499cm" style:font-name="StarSymbol"/>
   </text:list-level-style-bullet>
   <text:list-level-style-bullet text:level="10" text:style-name="Bullet Symbols" style:num-suffix="." text:bullet-char="•">
    <style:properties text:space-before="4.493cm" text:min-label-width="0.499cm" style:font-name="StarSymbol"/>
   </text:list-level-style-bullet>
  </text:list-style>
 </office:automatic-styles>
 <office:body>
  <text:variable-decls>
   <text:variable-decl text:value-type="string" text:name="HTML_ON"/>
   <text:variable-decl text:value-type="string" text:name="HTML_OFF"/>
   <text:variable-decl text:value-type="string" text:name="TITEL"/>
   <text:variable-decl text:value-type="string" text:name="END"/>
   <text:variable-decl text:value-type="string" text:name="HREF"/>
   <text:variable-decl text:value-type="string" text:name="OS2"/>
   <text:variable-decl text:value-type="string" text:name="ELSE"/>
   <text:variable-decl text:value-type="string" text:name="NAME"/>
   <text:variable-decl text:value-type="string" text:name="MAC"/>
   <text:variable-decl text:value-type="string" text:name="MODIFY"/>
   <text:variable-decl text:value-type="string" text:name="REFNR"/>
   <text:variable-decl text:value-type="string" text:name="HelpID"/>
   <text:variable-decl text:value-type="string" text:name="KEY"/>
   <text:variable-decl text:value-type="string" text:name="HFELD"/>
   <text:variable-decl text:value-type="string" text:name="INDEX"/>
   <text:variable-decl text:value-type="string" text:name="AKTHLP"/>
  </text:variable-decls>
  <text:sequence-decls>
   <text:sequence-decl text:display-outline-level="0" text:name="Illustration"/>
   <text:sequence-decl text:display-outline-level="0" text:name="Table"/>
   <text:sequence-decl text:display-outline-level="0" text:name="Text"/>
   <text:sequence-decl text:display-outline-level="0" text:name="Drawing"/>
  </text:sequence-decls>
  <text:p text:style-name="Paragraph"><help:key-word value="도움말; 책갈피" tag="kw68250_1"/><help:key-word value="책갈피; 도움말" tag="kw68250_2"/></text:p>
  <text:p text:style-name="Head 1"><help:to-be-embedded Eid="doc_title"><help:link Id="68250">책갈피 관리</help:link></help:to-be-embedded></text:p>
  <text:p text:style-name="Paragraph"><help:help-id value="SFX2_EDIT_DLG_HELP_ADDBOOKMARK_ED_BOOKMARK_TITLE"/><help:help-text value="hide">책갈피로 지정한 페이지의 이름을 표시합니다. 책갈피에 대해 새 이름을 입력할 수도 있습니다.</help:help-text></text:p>
  <table:table table:name="Tabelle1" table:style-name="Tabelle1">
   <table:table-column table:style-name="Tabelle1.A"/>
   <table:table-column table:style-name="Tabelle1.B"/>
   <table:table-row>
    <table:table-cell table:value-type="string">
     <text:p text:style-name="Paragraph"><draw:image draw:name="아이콘0" svg:desc="아이콘" svg:pixelx="25" svg:pixely="25" svg:width="0.661cm" svg:height="0.661cm" xlink:href="67370" draw:filter-name=""/></text:p>

    </table:table-cell>
    <table:table-cell table:value-type="string">
     <text:p text:style-name="Paragraph"><text:span text:style-name="T1">책갈피 추가</text:span> 아이콘을 이용하여 도움말에 현재 표시된 페이지에 책갈피를 설정하십시오.</text:p>
    </table:table-cell>
   </table:table-row>
  </table:table>
  <text:p text:style-name="Paragraph">책갈피는 <text:span text:style-name="T1">책갈피</text:span> 탭에서 볼 수 있습니다.</text:p>
  <text:unordered-list text:style-name="L1">
   <text:list-item>
    <text:p text:style-name="P1"><help:help-id value="SFX2_LISTBOX_TP_HELP_BOOKMARKS_LB_BOOKMARKS"/><help:help-text value="visible">책갈피를 더블클릭하거나 입력키를 작동하면 도움말의 지정된 페이지가 열립니다. 오른쪽 버튼을 클릭하면 컨텍스트 메뉴가 열립니다. </help:help-text></text:p>
   </text:list-item>
   <text:list-item>
    <text:p text:style-name="P1">(제거) 키는 선택한 책갈피를 확인 없이 삭제합니다.</text:p>
   </text:list-item>
  </text:unordered-list>
  <text:p text:style-name="Paragraph">책갈피의 컨텍스트 메뉴에서 다음의 명령들을 찾을 수 있습니다:</text:p>
  <text:unordered-list text:style-name="L1">
   <text:list-item>
    <text:p text:style-name="P1"><help:help-id value="HID_HELP_BOOKMARKS_OPEN"/><text:span text:style-name="T1">표시</text:span> - <help:help-text value="visible">선택된 도움말 주제를 표시합니다.</help:help-text>.</text:p>
   </text:list-item>
   <text:list-item>
    <text:p text:style-name="P1"><help:help-id value="HID_HELP_BOOKMARKS_RENAME"/><text:span text:style-name="T1">이름 바꾸기</text:span> - <help:help-text value="visible">책갈피에 사용할 다른 이름을 입력할 수 있는 자화 상자를 엽니다. </help:help-text>.</text:p>
   </text:list-item>
   <text:list-item>
    <text:p text:style-name="P1"><help:help-id value="HID_HELP_BOOKMARKS_DELETE"/><text:span text:style-name="T1">삭제</text:span> - <help:help-text value="visible">선택된 책갈피를 삭제합니다. </help:help-text>.</text:p>
   </text:list-item>
  </text:unordered-list>
  <text:p text:style-name="ParaList"><help:embedded Id="65598" Eid="related"></help:embedded></text:p>
  <text:p text:style-name="ParaList"><help:embedded Id="68245" Eid="00000110"></help:embedded></text:p>
  <text:p text:style-name="ParaList"><help:embedded Id="68248" Eid="doc_title"></help:embedded></text:p>
  <text:p text:style-name="ParaList"><help:embedded Id="68249" Eid="00000120"></help:embedded></text:p>
  <text:p text:style-name="ParaList"><help:embedded Id="68246" Eid="00000130"></help:embedded></text:p>
  <text:p text:style-name="ParaList"><help:embedded Id="68247" Eid="00000140"></help:embedded></text:p>
 </office:body>
</office:document>
