

<office:document  xmlns:office="http://openoffice.org/2000/office" xmlns:style="http://openoffice.org/2000/style" xmlns:text="http://openoffice.org/2000/text" xmlns:table="http://openoffice.org/2000/table" xmlns:draw="http://openoffice.org/2000/drawing" xmlns:fo="http://www.w3.org/1999/XSL/Format" xmlns:xlink="http://www.w3.org/1999/xlink" xmlns:number="http://openoffice.org/2000/datastyle" xmlns:svg="http://www.w3.org/2000/svg" xmlns:chart="http://openoffice.org/2000/chart" xmlns:dr3d="http://openoffice.org/2000/dr3d" xmlns:math="http://www.w3.org/1998/Math/MathML" xmlns:form="http://openoffice.org/2000/form" xmlns:script="http://openoffice.org/2000/script" office:class="text" office:version="1.0" xmlns:dc="http://purl.org/dc/elements/1.1/" xmlns:meta="http://openoffice.org/2000/meta" xmlns:help="http://openoffice.org/2000/help">
<office:meta>
  <dc:description>text/common/02/02140000</dc:description>
  <dc:subject>Increase Indent</dc:subject>

  <dc:language>en-US</dc:language>
  <meta:user-defined meta:name="Info 0">READY</meta:user-defined>
  <meta:user-defined meta:name="Info 1">FREE_OK</meta:user-defined>
  <meta:user-defined meta:name="Info 2"/>
  <meta:user-defined meta:name="Info 3"/>
</office:meta>
 <office:script/>
 <office:font-decls>
  <style:font-decl style:name="StarSymbol" fo:font-family="StarSymbol" style:font-charset="x-symbol"/>
  <style:font-decl style:name="Courier New" fo:font-family="&apos;Courier New&apos;" style:font-style-name="Standard" style:font-family-generic="modern" style:font-pitch="fixed"/>
  <style:font-decl style:name="Courier" fo:font-family="Courier" style:font-family-generic="roman" style:font-pitch="fixed"/>
  <style:font-decl style:name="Arial Unicode MS" fo:font-family="&apos;Arial Unicode MS&apos;" style:font-pitch="variable"/>
  <style:font-decl style:name="HG Mincho Light J" fo:font-family="&apos;HG Mincho Light J&apos;" style:font-pitch="variable"/>
  <style:font-decl style:name="Times New Roman3" fo:font-family="&apos;Times New Roman&apos;" style:font-pitch="variable"/>
  <style:font-decl style:name="Thorndale" fo:font-family="Thorndale" style:font-family-generic="roman" style:font-pitch="variable"/>
  <style:font-decl style:name="Times New Roman2" fo:font-family="&apos;Times New Roman&apos;" style:font-style-name="Fett" style:font-family-generic="roman" style:font-pitch="variable"/>
  <style:font-decl style:name="Times New Roman" fo:font-family="&apos;Times New Roman&apos;" style:font-style-name="Standard" style:font-family-generic="roman" style:font-pitch="variable"/>
  <style:font-decl style:name="Times New Roman1" fo:font-family="&apos;Times New Roman&apos;" style:font-family-generic="swiss" style:font-pitch="variable"/>
 </office:font-decls>
 <office:automatic-styles>
  <style:style style:name="Tabelle1" style:family="table">
   <style:properties style:width="17.995cm" fo:margin-left="0cm" fo:margin-right="0.005cm" table:align="margins"/>
  </style:style>
  <style:style style:name="Tabelle1.A" style:family="table-column">
   <style:properties style:column-width="1.501cm" style:rel-column-width="5465*"/>
  </style:style>
  <style:style style:name="Tabelle1.B" style:family="table-column">
   <style:properties style:column-width="16.494cm" style:rel-column-width="60051*"/>
  </style:style>
  <style:style style:name="Tabelle1.A1" style:family="table-cell">
   <style:properties fo:padding="0.097cm" fo:border="none"/>
  </style:style>
  <style:style style:name="Tabelle2" style:family="table">
   <style:properties style:width="17.995cm" fo:margin-left="0cm" fo:margin-right="0.005cm" table:align="margins"/>
  </style:style>
  <style:style style:name="Tabelle2.A" style:family="table-column">
   <style:properties style:column-width="4.198cm" style:rel-column-width="2380*"/>
  </style:style>
  <style:style style:name="Tabelle2.B" style:family="table-column">
   <style:properties style:column-width="2.858cm" style:rel-column-width="1620*"/>
  </style:style>
  <style:style style:name="Tabelle2.C" style:family="table-column">
   <style:properties style:column-width="10.938cm" style:rel-column-width="6200*"/>
  </style:style>
  <style:style style:name="Tabelle2.A1" style:family="table-cell">
   <style:properties fo:padding="0.049cm" fo:border-left="0.002cm solid #000000" fo:border-right="none" fo:border-top="0.002cm solid #000000" fo:border-bottom="0.002cm solid #000000"/>
  </style:style>
  <style:style style:name="Tabelle2.C1" style:family="table-cell">
   <style:properties fo:padding="0.049cm" fo:border="0.002cm solid #000000"/>
  </style:style>
  <style:style style:name="Tabelle2.A2" style:family="table-cell">
   <style:properties fo:vertical-align="top" fo:padding="0.049cm" fo:border-left="0.002cm solid #000000" fo:border-right="none" fo:border-top="none" fo:border-bottom="0.002cm solid #000000"/>
  </style:style>
  <style:style style:name="Tabelle2.C2" style:family="table-cell">
   <style:properties fo:vertical-align="top" fo:padding="0.049cm" fo:border-left="0.002cm solid #000000" fo:border-right="0.002cm solid #000000" fo:border-top="none" fo:border-bottom="0.002cm solid #000000"/>
  </style:style>
  <style:style style:name="P1" style:family="paragraph" style:parent-style-name="Paragraph" style:master-page-name="HTML">
   <style:properties style:page-number="0"/>
  </style:style>
  <style:style style:name="T1" style:family="text">
   <style:properties fo:font-weight="bold"/>
  </style:style>
  <style:style style:name="fr1" style:family="graphics" style:parent-style-name="Graphics">
   <style:properties style:wrap="run-through" style:horizontal-pos="left" style:horizontal-rel="paragraph" style:mirror="none" fo:clip="rect(0cm 0cm 0cm 0cm)" draw:luminance="0%" draw:contrast="0%" draw:red="0%" draw:green="0%" draw:blue="0%" draw:gamma="1" draw:color-inversion="false" draw:transparency="-100%" draw:color-mode="standard"/>
  </style:style>
 </office:automatic-styles>
 <office:body>
  <text:variable-decls>
   <text:variable-decl text:value-type="string" text:name="HTML_ON"/>
   <text:variable-decl text:value-type="string" text:name="HTML_OFF"/>
   <text:variable-decl text:value-type="string" text:name="TITEL"/>
   <text:variable-decl text:value-type="string" text:name="END"/>
   <text:variable-decl text:value-type="string" text:name="HREF"/>
   <text:variable-decl text:value-type="string" text:name="NAME"/>
   <text:variable-decl text:value-type="string" text:name="HelpID"/>
   <text:variable-decl text:value-type="string" text:name="MODIFY"/>
   <text:variable-decl text:value-type="string" text:name="REFNR"/>
   <text:variable-decl text:value-type="string" text:name="HFELD"/>
   <text:variable-decl text:value-type="string" text:name="KEY"/>
   <text:variable-decl text:value-type="string" text:name="AKTHLP"/>
   <text:variable-decl text:value-type="string" text:name="MAC"/>
   <text:variable-decl text:value-type="string" text:name="ELSE"/>
   <text:variable-decl text:value-type="string" text:name="WIN"/>
   <text:variable-decl text:value-type="string" text:name="INDEX"/>
   <text:variable-decl text:value-type="string" text:name="STYLE"/>
   <text:variable-decl text:value-type="string" text:name="PARAINFO"/>
  </text:variable-decls>
  <text:sequence-decls>
   <text:sequence-decl text:display-outline-level="0" text:name="Illustration"/>
   <text:sequence-decl text:display-outline-level="0" text:name="Table"/>
   <text:sequence-decl text:display-outline-level="0" text:name="Text"/>
   <text:sequence-decl text:display-outline-level="0" text:name="Drawing"/>
  </text:sequence-decls>
  <help:paragraphinfo state="E"/><help:to-be-embedded Eid="einzerhoehen">
  <text:p text:style-name="Head 1"><help:paragraphinfo state="U" number="1"/><help:help-id value="SID_INC_INDENT"/><help:key-word value="paragraphs; increasing indent of" tag="kw65954_1"/><help:link Id="65954">Increase Indent</help:link></text:p>
  <text:p text:style-name="Paragraph"><help:paragraphinfo state="U" number="2"/><help:help-text value="visible"><help:switch select="Program"><help:case select="WRITER">Increases the left indent of the current paragraph and sets it to the next tab stop.</help:case><help:case select="CALC">Click the<text:span text:style-name="T1"> Increase Indent </text:span>icon to increase the indentation of the cell content of the selected cells.</help:case></help:switch></help:help-text></text:p>
  <help:paragraphinfo state="E"/></help:to-be-embedded>
  <text:p text:style-name="Paragraph"><help:paragraphinfo state="U" number="17"/><help:switch select="Program"><help:case select="WRITER">If several paragraphs are selected, the indentation of all selected paragraphs is increased. </help:case><help:case select="CALC">The cell content will defers to the current value under <help:link Id="65650"><text:span text:style-name="T1">Format - Cell - Alignment</text:span></help:link>.</help:case></help:switch></text:p>
  <help:paragraphinfo state="E"/><help:to-be-embedded Eid="syeinzerhoehen">
  <table:table table:name="Tabelle1" table:style-name="Tabelle1">
   <table:table-column table:style-name="Tabelle1.A"/>
   <table:table-column table:style-name="Tabelle1.B"/>
   <table:table-header-rows>
    <table:table-row>
     <table:table-cell table:style-name="Tabelle1.A1" table:value-type="string">
      <text:p text:style-name="Paragraph"><draw:image draw:name="Icon0" svg:desc="Icon" svg:pixelx="25" svg:pixely="25" svg:width="0.661cm" svg:height="0.661cm" xlink:href="65867" draw:filter-name=""/></text:p>

     </table:table-cell>
     <table:table-cell table:style-name="Tabelle1.A1" table:value-type="string">
      <text:p text:style-name="Paragraph"><help:paragraphinfo state="U" number="4"/>Increase Indent</text:p>
     </table:table-cell>
    </table:table-row>
   </table:table-header-rows>
  </table:table>
  <help:paragraphinfo state="E"/></help:to-be-embedded>
  <text:p text:style-name="Paragraph"><help:paragraphinfo state="U" number="5"/><help:switch select="Program"><help:case select="WRITER">Click the <text:span text:style-name="T1">Increase Indent</text:span> icon while holding down the <help:switch select="System"><help:case select ="MAC">Command key</help:case><help:default>Ctrl key</help:default></help:switch> to move the indenting of the selected paragraph by the default tab distance set under <help:link Id="66219"><text:span text:style-name="T1">Tools - Options - Text Document - General</text:span></help:link>.</help:case></help:switch></text:p>
  <text:p text:style-name="Paragraph"><help:paragraphinfo state="U" number="6"/><help:switch select="Program"><help:case select="WRITER">Example:</help:case></help:switch></text:p>
  <text:p text:style-name="Paragraph"><help:paragraphinfo state="U" number="7"/><help:switch select="Program"><help:case select="WRITER">The indents of two paragraphs are moved with the <text:span text:style-name="T1">Increase Indent</text:span> function to a standard tab distance of 2 cm:</help:case></help:switch></text:p>
  <help:paragraphinfo state="E"/><help:switch select="Program"><help:case select="WRITER">
  <table:table table:name="Tabelle2" table:style-name="Tabelle2">
   <table:table-column table:style-name="Tabelle2.A"/>
   <table:table-column table:style-name="Tabelle2.B"/>
   <table:table-column table:style-name="Tabelle2.C"/>
   <table:table-header-rows>
    <table:table-row>
     <table:table-cell table:style-name="Tabelle2.A1" table:value-type="string">
      <text:p text:style-name="TableHead"><help:paragraphinfo state="U" number="8"/>Original indent</text:p>
     </table:table-cell>
     <table:table-cell table:style-name="Tabelle2.A1" table:value-type="string">
      <text:p text:style-name="TableHead"><help:paragraphinfo state="U" number="9"/>Indent increased</text:p>
     </table:table-cell>
     <table:table-cell table:style-name="Tabelle2.C1" table:value-type="string">
      <text:p text:style-name="TableHead"><help:paragraphinfo state="U" number="10"/>Indent increased by the amount with the <help:switch select="System"><help:case select ="MAC">Command key</help:case><help:default>Ctrl key</help:default></help:switch></text:p>
     </table:table-cell>
    </table:table-row>
   </table:table-header-rows>
   <table:table-row>
    <table:table-cell table:style-name="Tabelle2.A2" table:value-type="string">
     <text:p text:style-name="TextInTable"><help:paragraphinfo state="U" number="11"/>0.25 cm</text:p>
    </table:table-cell>
    <table:table-cell table:style-name="Tabelle2.A2" table:value-type="string">
     <text:p text:style-name="TextInTable"><help:paragraphinfo state="U" number="12"/>2 cm</text:p>
    </table:table-cell>
    <table:table-cell table:style-name="Tabelle2.C2" table:value-type="string">
     <text:p text:style-name="TextInTable"><help:paragraphinfo state="U" number="13"/>2.25 cm</text:p>
    </table:table-cell>
   </table:table-row>
   <table:table-row>
    <table:table-cell table:style-name="Tabelle2.A2" table:value-type="string">
     <text:p text:style-name="TextInTable"><help:paragraphinfo state="U" number="14"/>0.5 cm</text:p>
    </table:table-cell>
    <table:table-cell table:style-name="Tabelle2.A2" table:value-type="string">
     <text:p text:style-name="TextInTable"><help:paragraphinfo state="U" number="15"/>2 cm</text:p>
    </table:table-cell>
    <table:table-cell table:style-name="Tabelle2.C2" table:value-type="string">
     <text:p text:style-name="TextInTable"><help:paragraphinfo state="U" number="16"/>2.5 cm</text:p>
    </table:table-cell>
   </table:table-row>
  </table:table>
  <help:paragraphinfo state="E"/></help:case></help:switch>
 </office:body>
</office:document>
