

<office:document  xmlns:office="http://openoffice.org/2000/office" xmlns:style="http://openoffice.org/2000/style" xmlns:text="http://openoffice.org/2000/text" xmlns:table="http://openoffice.org/2000/table" xmlns:draw="http://openoffice.org/2000/drawing" xmlns:fo="http://www.w3.org/1999/XSL/Format" xmlns:xlink="http://www.w3.org/1999/xlink" xmlns:number="http://openoffice.org/2000/datastyle" xmlns:svg="http://www.w3.org/2000/svg" xmlns:chart="http://openoffice.org/2000/chart" xmlns:dr3d="http://openoffice.org/2000/dr3d" xmlns:math="http://www.w3.org/1998/Math/MathML" xmlns:form="http://openoffice.org/2000/form" xmlns:script="http://openoffice.org/2000/script" office:class="text" office:version="1.0" xmlns:dc="http://purl.org/dc/elements/1.1/" xmlns:meta="http://openoffice.org/2000/meta" xmlns:help="http://openoffice.org/2000/help">
<office:meta>
  <dc:description>text/common/02/12100200</dc:description>
  <dc:subject>Find Record</dc:subject>
  <meta:keywords>
   <meta:keyword>$Version</meta:keyword>
  </meta:keywords>
  <dc:language>en-US</dc:language>
  <meta:user-defined meta:name="Info 0">READY</meta:user-defined>
  <meta:user-defined meta:name="Info 1">FREE_OK</meta:user-defined>
  <meta:user-defined meta:name="Info 2"/>
  <meta:user-defined meta:name="Info 3"/>
</office:meta>
 <office:script/>
 <office:font-decls>
  <style:font-decl style:name="StarSymbol" fo:font-family="StarSymbol" style:font-charset="x-symbol"/>
  <style:font-decl style:name="Courier New" fo:font-family="&apos;Courier New&apos;" style:font-style-name="Standard" style:font-family-generic="modern" style:font-pitch="fixed"/>
  <style:font-decl style:name="Courier" fo:font-family="Courier" style:font-family-generic="roman" style:font-pitch="fixed"/>
  <style:font-decl style:name="Arial Unicode MS" fo:font-family="&apos;Arial Unicode MS&apos;" style:font-pitch="variable"/>
  <style:font-decl style:name="HG Mincho Light J" fo:font-family="&apos;HG Mincho Light J&apos;" style:font-pitch="variable"/>
  <style:font-decl style:name="Times New Roman3" fo:font-family="&apos;Times New Roman&apos;" style:font-pitch="variable"/>
  <style:font-decl style:name="Thorndale" fo:font-family="Thorndale" style:font-family-generic="roman" style:font-pitch="variable"/>
  <style:font-decl style:name="Times New Roman2" fo:font-family="&apos;Times New Roman&apos;" style:font-style-name="Fett" style:font-family-generic="roman" style:font-pitch="variable"/>
  <style:font-decl style:name="Times New Roman" fo:font-family="&apos;Times New Roman&apos;" style:font-style-name="Standard" style:font-family-generic="roman" style:font-pitch="variable"/>
  <style:font-decl style:name="Times New Roman1" fo:font-family="&apos;Times New Roman&apos;" style:font-family-generic="swiss" style:font-pitch="variable"/>
 </office:font-decls>
 <office:automatic-styles>
  <style:style style:name="Tabelle1" style:family="table">
   <style:properties style:width="18cm" table:align="margins"/>
  </style:style>
  <style:style style:name="Tabelle1.A" style:family="table-column">
   <style:properties style:column-width="1.499cm" style:rel-column-width="850*"/>
  </style:style>
  <style:style style:name="Tabelle1.B" style:family="table-column">
   <style:properties style:column-width="16.498cm" style:rel-column-width="9352*"/>
  </style:style>
  <style:style style:name="Tabelle1.1" style:family="table-row">
   <style:properties style:min-row-height="0.848cm"/>
  </style:style>
  <style:style style:name="Tabelle1.A1" style:family="table-cell">
   <style:properties fo:padding="0cm" fo:border="none"/>
  </style:style>
  <style:style style:name="Tabelle8" style:family="table">
   <style:properties style:width="18cm" table:align="margins"/>
  </style:style>
  <style:style style:name="Tabelle8.A" style:family="table-column">
   <style:properties style:column-width="1.499cm" style:rel-column-width="850*"/>
  </style:style>
  <style:style style:name="Tabelle8.B" style:family="table-column">
   <style:properties style:column-width="16.498cm" style:rel-column-width="9352*"/>
  </style:style>
  <style:style style:name="Tabelle8.1" style:family="table-row">
   <style:properties style:min-row-height="0.848cm"/>
  </style:style>
  <style:style style:name="Tabelle8.A1" style:family="table-cell">
   <style:properties fo:padding="0cm" fo:border="none"/>
  </style:style>
  <style:style style:name="Tabelle2" style:family="table">
   <style:properties style:width="18cm" table:align="margins"/>
  </style:style>
  <style:style style:name="Tabelle2.A" style:family="table-column">
   <style:properties style:column-width="3.731cm" style:rel-column-width="2115*"/>
  </style:style>
  <style:style style:name="Tabelle2.B" style:family="table-column">
   <style:properties style:column-width="14.266cm" style:rel-column-width="8087*"/>
  </style:style>
  <style:style style:name="Tabelle2.A1" style:family="table-cell">
   <style:properties fo:padding="0.049cm" fo:border-left="0.002cm solid #000000" fo:border-right="none" fo:border-top="0.002cm solid #000000" fo:border-bottom="0.002cm solid #000000"/>
  </style:style>
  <style:style style:name="Tabelle2.B1" style:family="table-cell">
   <style:properties fo:padding="0.049cm" fo:border="0.002cm solid #000000"/>
  </style:style>
  <style:style style:name="Tabelle2.A2" style:family="table-cell">
   <style:properties fo:padding="0.049cm" fo:border-left="0.002cm solid #000000" fo:border-right="none" fo:border-top="none" fo:border-bottom="0.002cm solid #000000"/>
  </style:style>
  <style:style style:name="Tabelle2.B2" style:family="table-cell">
   <style:properties fo:padding="0.049cm" fo:border-left="0.002cm solid #000000" fo:border-right="0.002cm solid #000000" fo:border-top="none" fo:border-bottom="0.002cm solid #000000"/>
  </style:style>
  <style:style style:name="Tabelle3" style:family="table">
   <style:properties style:width="18cm" table:align="margins"/>
  </style:style>
  <style:style style:name="Tabelle3.A" style:family="table-column">
   <style:properties style:column-width="1.499cm" style:rel-column-width="850*"/>
  </style:style>
  <style:style style:name="Tabelle3.B" style:family="table-column">
   <style:properties style:column-width="16.498cm" style:rel-column-width="9352*"/>
  </style:style>
  <style:style style:name="Tabelle3.1" style:family="table-row">
   <style:properties style:min-row-height="0.848cm"/>
  </style:style>
  <style:style style:name="Tabelle3.A1" style:family="table-cell">
   <style:properties fo:padding="0cm" fo:border="none"/>
  </style:style>
  <style:style style:name="Tabelle5" style:family="table">
   <style:properties style:width="17.995cm" fo:margin-left="0cm" fo:margin-right="0.005cm" table:align="margins"/>
  </style:style>
  <style:style style:name="Tabelle5.A" style:family="table-column">
   <style:properties style:column-width="7.056cm" style:rel-column-width="4000*"/>
  </style:style>
  <style:style style:name="Tabelle5.B" style:family="table-column">
   <style:properties style:column-width="10.936cm" style:rel-column-width="6199*"/>
  </style:style>
  <style:style style:name="Tabelle5.A1" style:family="table-cell">
   <style:properties fo:padding="0.049cm" fo:border-left="0.002cm solid #000000" fo:border-right="none" fo:border-top="0.002cm solid #000000" fo:border-bottom="0.002cm solid #000000"/>
  </style:style>
  <style:style style:name="Tabelle5.B1" style:family="table-cell">
   <style:properties fo:padding="0.049cm" fo:border="0.002cm solid #000000"/>
  </style:style>
  <style:style style:name="Tabelle5.A2" style:family="table-cell">
   <style:properties fo:padding="0.049cm" fo:border-left="0.002cm solid #000000" fo:border-right="none" fo:border-top="none" fo:border-bottom="0.002cm solid #000000"/>
  </style:style>
  <style:style style:name="Tabelle5.B2" style:family="table-cell">
   <style:properties fo:padding="0.049cm" fo:border-left="0.002cm solid #000000" fo:border-right="0.002cm solid #000000" fo:border-top="none" fo:border-bottom="0.002cm solid #000000"/>
  </style:style>
  <style:style style:name="Tabelle7" style:family="table">
   <style:properties style:width="18cm" table:align="margins"/>
  </style:style>
  <style:style style:name="Tabelle7.A" style:family="table-column">
   <style:properties style:column-width="7.038cm" style:rel-column-width="3990*"/>
  </style:style>
  <style:style style:name="Tabelle7.B" style:family="table-column">
   <style:properties style:column-width="10.959cm" style:rel-column-width="6212*"/>
  </style:style>
  <style:style style:name="Tabelle7.A1" style:family="table-cell">
   <style:properties fo:padding="0.049cm" fo:border-left="0.002cm solid #000000" fo:border-right="none" fo:border-top="0.002cm solid #000000" fo:border-bottom="0.002cm solid #000000"/>
  </style:style>
  <style:style style:name="Tabelle7.B1" style:family="table-cell">
   <style:properties fo:padding="0.049cm" fo:border="0.002cm solid #000000"/>
  </style:style>
  <style:style style:name="Tabelle7.A2" style:family="table-cell">
   <style:properties fo:padding="0.049cm" fo:border-left="0.002cm solid #000000" fo:border-right="none" fo:border-top="none" fo:border-bottom="0.002cm solid #000000"/>
  </style:style>
  <style:style style:name="Tabelle7.B2" style:family="table-cell">
   <style:properties fo:padding="0.049cm" fo:border-left="0.002cm solid #000000" fo:border-right="0.002cm solid #000000" fo:border-top="none" fo:border-bottom="0.002cm solid #000000"/>
  </style:style>
  <style:style style:name="Tabelle4" style:family="table">
   <style:properties style:width="18cm" table:align="margins"/>
  </style:style>
  <style:style style:name="Tabelle4.A" style:family="table-column">
   <style:properties style:column-width="2.275cm" style:rel-column-width="1290*"/>
  </style:style>
  <style:style style:name="Tabelle4.B" style:family="table-column">
   <style:properties style:column-width="7.622cm" style:rel-column-width="4321*"/>
  </style:style>
  <style:style style:name="Tabelle4.C" style:family="table-column">
   <style:properties style:column-width="8.098cm" style:rel-column-width="4591*"/>
  </style:style>
  <style:style style:name="Tabelle4.A1" style:family="table-cell">
   <style:properties fo:padding="0.049cm" fo:border-left="0.002cm solid #000000" fo:border-right="none" fo:border-top="0.002cm solid #000000" fo:border-bottom="0.002cm solid #000000"/>
  </style:style>
  <style:style style:name="Tabelle4.C1" style:family="table-cell">
   <style:properties fo:padding="0.049cm" fo:border="0.002cm solid #000000"/>
  </style:style>
  <style:style style:name="Tabelle4.A2" style:family="table-cell">
   <style:properties fo:padding="0.049cm" fo:border-left="0.002cm solid #000000" fo:border-right="none" fo:border-top="none" fo:border-bottom="0.002cm solid #000000"/>
  </style:style>
  <style:style style:name="Tabelle4.C2" style:family="table-cell">
   <style:properties fo:padding="0.049cm" fo:border-left="0.002cm solid #000000" fo:border-right="0.002cm solid #000000" fo:border-top="none" fo:border-bottom="0.002cm solid #000000"/>
  </style:style>
  <style:style style:name="Tabelle6" style:family="table">
   <style:properties style:width="17.995cm" fo:margin-left="0cm" fo:margin-right="0.005cm" table:align="margins"/>
  </style:style>
  <style:style style:name="Tabelle6.A" style:family="table-column">
   <style:properties style:column-width="5.398cm" style:rel-column-width="3060*"/>
  </style:style>
  <style:style style:name="Tabelle6.B" style:family="table-column">
   <style:properties style:column-width="12.592cm" style:rel-column-width="7139*"/>
  </style:style>
  <style:style style:name="Tabelle6.A1" style:family="table-cell">
   <style:properties fo:padding="0.049cm" fo:border-left="0.002cm solid #000000" fo:border-right="none" fo:border-top="0.002cm solid #000000" fo:border-bottom="0.002cm solid #000000"/>
  </style:style>
  <style:style style:name="Tabelle6.B1" style:family="table-cell">
   <style:properties fo:padding="0.049cm" fo:border="0.002cm solid #000000"/>
  </style:style>
  <style:style style:name="Tabelle6.A2" style:family="table-cell">
   <style:properties fo:padding="0.049cm" fo:border-left="0.002cm solid #000000" fo:border-right="none" fo:border-top="none" fo:border-bottom="0.002cm solid #000000"/>
  </style:style>
  <style:style style:name="Tabelle6.B2" style:family="table-cell">
   <style:properties fo:padding="0.049cm" fo:border-left="0.002cm solid #000000" fo:border-right="0.002cm solid #000000" fo:border-top="none" fo:border-bottom="0.002cm solid #000000"/>
  </style:style>
  <style:style style:name="P1" style:family="paragraph" style:parent-style-name="Paragraph" style:master-page-name="HTML">
   <style:properties style:page-number="0"/>
  </style:style>
  <style:style style:name="P2" style:family="paragraph" style:parent-style-name="Paragraph" style:list-style-name="L1"/>
  <style:style style:name="T1" style:family="text">
   <style:properties fo:font-weight="bold"/>
  </style:style>
  <style:style style:name="fr1" style:family="graphics" style:parent-style-name="Graphics">
   <style:properties fo:margin-left="0cm" fo:margin-right="0cm" fo:margin-top="0cm" fo:margin-bottom="0cm" style:wrap="run-through" style:horizontal-pos="center" style:horizontal-rel="paragraph" style:mirror="none" fo:clip="rect(0cm 0cm 0cm 0cm)" draw:luminance="0%" draw:contrast="0%" draw:red="0%" draw:green="0%" draw:blue="0%" draw:gamma="1" draw:color-inversion="false" draw:transparency="-100%" draw:color-mode="standard"/>
  </style:style>
  <style:style style:name="fr2" style:family="graphics" style:parent-style-name="Graphics">
   <style:properties fo:margin-left="0cm" fo:margin-right="0cm" fo:margin-top="0cm" fo:margin-bottom="0cm" style:run-through="foreground" style:wrap="run-through" style:vertical-pos="middle" style:vertical-rel="paragraph" style:horizontal-pos="left" style:horizontal-rel="paragraph" style:mirror="none" fo:clip="rect(0cm 0cm 0cm 0cm)" draw:luminance="0%" draw:contrast="0%" draw:red="0%" draw:green="0%" draw:blue="0%" draw:gamma="1" draw:color-inversion="false" draw:transparency="-100%" draw:color-mode="standard"/>
  </style:style>
  <text:list-style style:name="L1">
   <text:list-level-style-bullet text:level="1" text:style-name="Bullet Symbols" style:num-suffix="." text:bullet-char="•">
    <style:properties text:min-label-width="0.499cm" style:font-name="StarSymbol"/>
   </text:list-level-style-bullet>
   <text:list-level-style-bullet text:level="2" text:style-name="Bullet Symbols" style:num-suffix="." text:bullet-char="•">
    <style:properties text:space-before="0.499cm" text:min-label-width="0.499cm" style:font-name="StarSymbol"/>
   </text:list-level-style-bullet>
   <text:list-level-style-bullet text:level="3" text:style-name="Bullet Symbols" style:num-suffix="." text:bullet-char="•">
    <style:properties text:space-before="0.999cm" text:min-label-width="0.499cm" style:font-name="StarSymbol"/>
   </text:list-level-style-bullet>
   <text:list-level-style-bullet text:level="4" text:style-name="Bullet Symbols" style:num-suffix="." text:bullet-char="•">
    <style:properties text:space-before="1.498cm" text:min-label-width="0.499cm" style:font-name="StarSymbol"/>
   </text:list-level-style-bullet>
   <text:list-level-style-bullet text:level="5" text:style-name="Bullet Symbols" style:num-suffix="." text:bullet-char="•">
    <style:properties text:space-before="1.997cm" text:min-label-width="0.499cm" style:font-name="StarSymbol"/>
   </text:list-level-style-bullet>
   <text:list-level-style-number text:level="6" style:num-suffix="." style:num-format="1">
    <style:properties text:space-before="2.501cm" text:min-label-width="0.499cm"/>
   </text:list-level-style-number>
   <text:list-level-style-number text:level="7" style:num-suffix="." style:num-format="1">
    <style:properties text:space-before="3.001cm" text:min-label-width="0.499cm"/>
   </text:list-level-style-number>
   <text:list-level-style-number text:level="8" style:num-suffix="." style:num-format="1">
    <style:properties text:space-before="3.502cm" text:min-label-width="0.499cm"/>
   </text:list-level-style-number>
   <text:list-level-style-number text:level="9" style:num-suffix="." style:num-format="1">
    <style:properties text:space-before="4.001cm" text:min-label-width="0.499cm"/>
   </text:list-level-style-number>
   <text:list-level-style-number text:level="10" style:num-suffix="." style:num-format="1">
    <style:properties text:space-before="4.502cm" text:min-label-width="0.499cm"/>
   </text:list-level-style-number>
  </text:list-style>
 </office:automatic-styles>
 <office:body>
  <text:variable-decls>
   <text:variable-decl text:value-type="string" text:name="HTML_ON"/>
   <text:variable-decl text:value-type="string" text:name="HTML_OFF"/>
   <text:variable-decl text:value-type="string" text:name="TITEL"/>
   <text:variable-decl text:value-type="string" text:name="END"/>
   <text:variable-decl text:value-type="string" text:name="NAME"/>
   <text:variable-decl text:value-type="string" text:name="HREF"/>
   <text:variable-decl text:value-type="string" text:name="MODIFY"/>
   <text:variable-decl text:value-type="string" text:name="REFNR"/>
   <text:variable-decl text:value-type="string" text:name="HelpID"/>
   <text:variable-decl text:value-type="string" text:name="AKTHLP"/>
   <text:variable-decl text:value-type="string" text:name="INDEX"/>
   <text:variable-decl text:value-type="string" text:name="KEY"/>
   <text:variable-decl text:value-type="string" text:name="STYLE"/>
   <text:variable-decl text:value-type="string" text:name="PARAINFO"/>
  </text:variable-decls>
  <text:sequence-decls>
   <text:sequence-decl text:display-outline-level="0" text:name="Illustration"/>
   <text:sequence-decl text:display-outline-level="0" text:name="Table"/>
   <text:sequence-decl text:display-outline-level="0" text:name="Text"/>
   <text:sequence-decl text:display-outline-level="0" text:name="Drawing"/>
  </text:sequence-decls>
  <text:p text:style-name="P1"/>
  <text:p text:style-name="Head 1"><help:paragraphinfo state="U" number="1"/><help:help-id value="SID_FM_SEARCH"/><help:key-word value="database tables; browsing" tag="kw65888_1"/><help:key-word value="forms; browsing" tag="kw65888_5"/><help:key-word value="record searches; databases" tag="kw65888_4"/><help:key-word value="searching; databases" tag="kw65888_3"/><help:key-word value="databases; searching records" tag="kw65888_2"/><help:to-be-embedded Eid="datensatzsuche"><help:link Id="65888">Find Record</help:link></help:to-be-embedded></text:p>
  <text:p text:style-name="Paragraph"><help:paragraphinfo state="U" number="2"/><help:to-be-embedded Eid="suchentext"><help:help-text value="hide">Searches database tables and forms.</help:help-text>In forms or database tables, you can search through data fields, list boxes, and check boxes for specific values.</help:to-be-embedded></text:p>
  <help:paragraphinfo state="E"/><help:popup Id="67813" Eid="datensuchen"><help:embedded Id="65598" Eid="wie"></help:embedded></help:popup>
  <text:p text:style-name="Paragraph"><help:paragraphinfo state="U" number="3"/>When searching a table, the data fields of the current table are searched. When searching in a form, the data fields of the table linked with the form are searched.</text:p>
  <table:table table:name="Tabelle1" table:style-name="Tabelle1">
   <table:table-column table:style-name="Tabelle1.A"/>
   <table:table-column table:style-name="Tabelle1.B"/>
   <table:table-row table:style-name="Tabelle1.1">
    <table:table-cell table:style-name="Tabelle1.A1" table:value-type="string">
     <text:p text:style-name="Paragraph"><draw:image draw:name="Icon0" svg:desc="Tip Icon" svg:pixelx="32" svg:pixely="32" svg:width="0.847cm" svg:height="0.847cm" xlink:href="66732" draw:filter-name=""/></text:p>

    </table:table-cell>
    <table:table-cell table:style-name="Tabelle1.A1" table:value-type="string">
     <text:p text:style-name="Paragraph"><help:paragraphinfo state="U" number="111"/>The search described here is carried out by <help:productname>%PRODUCTNAME</help:productname>. If you want to use the SQL server to search in a database, then you should use the <help:link Id="66040">Form-based Filters</help:link> icon on the <help:link Id="65578" Eid="formular">Form Bar</help:link>.</text:p>
    </table:table-cell>
   </table:table-row>
  </table:table>
  <text:p text:style-name="Paragraph"><help:paragraphinfo state="U" number="110"/>The search function is also available for table controls. When calling the search function from a table control, you can search each column of the table control corresponding to the database columns of the linked database table.</text:p>
  <text:p text:style-name="Head 2"><help:paragraphinfo state="U" number="112"/>Search for</text:p>
  <text:p text:style-name="Paragraph"><help:paragraphinfo state="U" number="113"/>Specifies the type of search.</text:p>
  <text:p text:style-name="Head 3"><help:paragraphinfo state="U" number="6"/><help:help-id value="HID_SEARCH_TEXT"/><help:help-id value="SVX_RADIOBUTTON_RID_SVXDLG_SEARCHFORM_RB_SEARCHFORTEXT"/>Text:</text:p>
  <text:p text:style-name="Paragraph"><help:paragraphinfo state="U" number="7"/><help:help-text value="visible">Enter the search term in the box or select it from the list.</help:help-text> The text under the cursor is already copied into the <text:span text:style-name="T1">Text</text:span> combo box. Note that while running a search in a form, tabs and line breaks cannot be processed.</text:p>
  <text:p text:style-name="Paragraph"><help:paragraphinfo state="U" number="8"/>Your search terms will be saved as long as the table or the formula document is open. If you are running more than one search and you would like to repeat the search term, you can select a previously used search term from the combo box.</text:p>
  <text:p text:style-name="Head 3"><help:paragraphinfo state="U" number="114"/><help:help-id value="SVX_RADIOBUTTON_RID_SVXDLG_SEARCHFORM_RB_SEARCHFORNULL"/>Field content is NULL</text:p>
  <text:p text:style-name="Paragraph"><help:paragraphinfo state="U" number="115"/><help:help-text value="visible">Specifies that fields will be found that contain no data.</help:help-text></text:p>
  <text:p text:style-name="Head 3"><help:paragraphinfo state="U" number="116"/><help:help-id value="SVX_RADIOBUTTON_RID_SVXDLG_SEARCHFORM_RB_SEARCHFORNOTNULL"/>Field content is not NULL</text:p>
  <text:p text:style-name="Paragraph"><help:paragraphinfo state="U" number="117"/><help:help-text value="visible">Specifies that fields will be found that contain data.</help:help-text></text:p>
  <text:p text:style-name="Head 2"><help:paragraphinfo state="U" number="9"/>Where to search</text:p>
  <text:p text:style-name="Paragraph"><help:paragraphinfo state="U" number="10"/>Specifies the fields for the search.</text:p>
  <text:p text:style-name="Head 3"><help:paragraphinfo state="U" number="105"/><help:help-id value="SVX_LISTBOX_RID_SVXDLG_SEARCHFORM_LB_FORM"/>Form</text:p>
  <text:p text:style-name="Paragraph"><help:paragraphinfo state="U" number="106"/><help:help-text value="visible">Specifies the logical form in which you want the search to take place.</help:help-text></text:p>
  <table:table table:name="Tabelle8" table:style-name="Tabelle8">
   <table:table-column table:style-name="Tabelle8.A"/>
   <table:table-column table:style-name="Tabelle8.B"/>
   <table:table-header-rows>
    <table:table-row table:style-name="Tabelle8.1">
     <table:table-cell table:style-name="Tabelle8.A1" table:value-type="string">
      <text:p text:style-name="Paragraph"><draw:image draw:name="Icon1" svg:desc="Note Icon" svg:pixelx="32" svg:pixely="32" svg:width="0.847cm" svg:height="0.847cm" xlink:href="65980" draw:filter-name=""/></text:p>

     </table:table-cell>
     <table:table-cell table:style-name="Tabelle8.A1" table:value-type="string">
      <text:p text:style-name="Paragraph"><help:paragraphinfo state="U" number="107"/>The<text:span text:style-name="T1"> Form </text:span>combo box is only visible if the current document is a form document with more than one logical form. It does not appear during a search in tables or queries.</text:p>
     </table:table-cell>
    </table:table-row>
   </table:table-header-rows>
  </table:table>
  <text:p text:style-name="Paragraph"><help:paragraphinfo state="U" number="108"/>Form documents may contain multiple logical forms. These are individual form components, which are each linked to a table.</text:p>
  <text:p text:style-name="Paragraph"><help:paragraphinfo state="U" number="109"/>The <text:span text:style-name="T1">Form</text:span> combo box contains the names of all logical forms for which controls exist.</text:p>
  <text:p text:style-name="Head 3"><help:paragraphinfo state="U" number="11"/><help:help-id value="HID_SEARCH_ALLFIELDS"/>All Fields</text:p>
  <text:p text:style-name="Paragraph"><help:paragraphinfo state="U" number="12"/><help:help-text value="visible">Searches through all fields.</help:help-text> If you are running a search in a table, all fields in the table will be searched. If you are running a search in a form, all fields of the logical form (entered under <text:span text:style-name="T1">Form</text:span>) will be searched. If you are running a search in a table control field, all columns that are linked to a valid database table field will be searched.</text:p>
  <text:p text:style-name="Paragraph"><help:paragraphinfo state="U" number="13"/>Note that the fields of the current logical form do not have to be identical to the fields of the form document. If the form document contains fields that point to multiple data sources (that is, multiple logical forms), the <text:span text:style-name="T1">All Fields</text:span> option will only search for the fields linked to data sources in the form document.</text:p>
  <text:p text:style-name="Head 3"><help:paragraphinfo state="U" number="15"/><help:help-id value="HID_SEARCH_FIELDSELECTION"/><help:help-id value="SVX_RADIOBUTTON_RID_SVXDLG_SEARCHFORM_RB_SINGLEFIELD"/>Single field</text:p>
  <text:p text:style-name="Paragraph"><help:paragraphinfo state="U" number="16"/><help:help-text value="visible">Searches through a specified data field.</help:help-text></text:p>
  <text:p text:style-name="Head 2"><help:paragraphinfo state="U" number="17"/>Settings</text:p>
  <text:p text:style-name="Paragraph"><help:paragraphinfo state="U" number="18"/>Defines settings to control the search.</text:p>
  <text:p text:style-name="Head 3"><help:paragraphinfo state="U" number="19"/><help:help-id value="HID_SEARCH_POSITION"/>Position</text:p>
  <text:p text:style-name="Paragraph"><help:paragraphinfo state="U" number="20"/><help:help-text value="visible">Specifies the relationship of the search term and the field contents.</help:help-text> The following options are available:</text:p>
  <table:table table:name="Tabelle2" table:style-name="Tabelle2">
   <table:table-column table:style-name="Tabelle2.A"/>
   <table:table-column table:style-name="Tabelle2.B"/>
   <table:table-header-rows>
    <table:table-row>
     <table:table-cell table:style-name="Tabelle2.A1" table:value-type="string">
      <text:p text:style-name="Paragraph"><help:paragraphinfo state="U" number="21"/>anywhere in the field</text:p>
     </table:table-cell>
     <table:table-cell table:style-name="Tabelle2.B1" table:value-type="string">
      <text:p text:style-name="Paragraph"><help:paragraphinfo state="U" number="22"/>Returns all fields containing the search pattern anywhere in the field.</text:p>
     </table:table-cell>
    </table:table-row>
   </table:table-header-rows>
   <table:table-row>
    <table:table-cell table:style-name="Tabelle2.A2" table:value-type="string">
     <text:p text:style-name="Paragraph"><help:paragraphinfo state="U" number="23"/>beginning of field</text:p>
    </table:table-cell>
    <table:table-cell table:style-name="Tabelle2.B2" table:value-type="string">
     <text:p text:style-name="Paragraph"><help:paragraphinfo state="U" number="24"/>Returns all fields containing the search pattern at the beginning of the field.</text:p>
    </table:table-cell>
   </table:table-row>
   <table:table-row>
    <table:table-cell table:style-name="Tabelle2.A2" table:value-type="string">
     <text:p text:style-name="Paragraph"><help:paragraphinfo state="U" number="74"/>end of field</text:p>
    </table:table-cell>
    <table:table-cell table:style-name="Tabelle2.B2" table:value-type="string">
     <text:p text:style-name="Paragraph"><help:paragraphinfo state="U" number="75"/>Returns all fields containing the search pattern at the end of the field.</text:p>
    </table:table-cell>
   </table:table-row>
   <table:table-row>
    <table:table-cell table:style-name="Tabelle2.A2" table:value-type="string">
     <text:p text:style-name="Paragraph"><help:paragraphinfo state="U" number="25"/>entire field</text:p>
    </table:table-cell>
    <table:table-cell table:style-name="Tabelle2.B2" table:value-type="string">
     <text:p text:style-name="Paragraph"><help:paragraphinfo state="U" number="26"/>Returns all fields containing the search pattern as an exact match to the contents of the field.</text:p>
    </table:table-cell>
   </table:table-row>
  </table:table>
  <table:table table:name="Tabelle3" table:style-name="Tabelle3">
   <table:table-column table:style-name="Tabelle3.A"/>
   <table:table-column table:style-name="Tabelle3.B"/>
   <table:table-header-rows>
    <table:table-row table:style-name="Tabelle3.1">
     <table:table-cell table:style-name="Tabelle3.A1" table:value-type="string">
      <text:p text:style-name="Paragraph"><draw:image draw:name="Icon2" svg:desc="Note Icon" svg:pixelx="32" svg:pixely="32" svg:width="0.847cm" svg:height="0.847cm" xlink:href="65980" draw:filter-name=""/></text:p>

     </table:table-cell>
     <table:table-cell table:style-name="Tabelle3.A1" table:value-type="string">
      <text:p text:style-name="Paragraph"><help:paragraphinfo state="U" number="27"/>If the <text:span text:style-name="T1">Wildcard expression</text:span> check box is marked, this function is not available.</text:p>
     </table:table-cell>
    </table:table-row>
   </table:table-header-rows>
  </table:table>
  <text:p text:style-name="Head 3"><help:paragraphinfo state="U" number="28"/><help:help-id value="HID_SEARCH_FORMATTER"/>Apply field format</text:p>
  <text:p text:style-name="Paragraph"><help:paragraphinfo state="U" number="29"/><help:help-text value="visible">Specifies that all field formats are considered when searching in the current document.</help:help-text> Field formats are all visible formats that are created using the following possibilities:</text:p>
  <text:unordered-list text:style-name="L1">
   <text:list-item>
    <text:p text:style-name="P2"><help:paragraphinfo state="U" number="78"/>in table design mode for field properties,</text:p>
   </text:list-item>
   <text:list-item>
    <text:p text:style-name="P2"><help:paragraphinfo state="U" number="79"/>in data source view on column formatting,</text:p>
   </text:list-item>
   <text:list-item>
    <text:p text:style-name="P2"><help:paragraphinfo state="U" number="80"/>in forms on control properties.</text:p>
   </text:list-item>
  </text:unordered-list>
  <text:p text:style-name="Paragraph"><help:paragraphinfo state="U" number="81"/>If the <text:span text:style-name="T1">Apply field format</text:span> box is marked, the data source view of the table or form is searched using the formatting set there. If the box is not marked, the database is searched using the formatting saved in the database.</text:p>
  <text:p text:style-name="Paragraph"><help:paragraphinfo state="U" number="82"/>Example:</text:p>
  <text:p text:style-name="Paragraph"><help:paragraphinfo state="U" number="83"/>You have a date field, which is saved in &quot;DD.MM.YY&quot; format in the database (for example, 17.02.65). The format of the entry is changed in the data source view to &quot;DD. MMM YYYY&quot; (17 Feb 1965). Following this example, a record containing February 17 is only found when the <text:span text:style-name="T1">Apply field format</text:span> option is on:</text:p>
  <table:table table:name="Tabelle5" table:style-name="Tabelle5">
   <table:table-column table:style-name="Tabelle5.A"/>
   <table:table-column table:style-name="Tabelle5.B"/>
   <table:table-header-rows>
    <table:table-row>
     <table:table-cell table:style-name="Tabelle5.A1" table:value-type="string">
      <text:p text:style-name="TableHead"><help:paragraphinfo state="U" number="84"/>Apply field format</text:p>
     </table:table-cell>
     <table:table-cell table:style-name="Tabelle5.B1" table:value-type="string">
      <text:p text:style-name="TableHead"><help:paragraphinfo state="U" number="85"/>Search Pattern</text:p>
     </table:table-cell>
    </table:table-row>
   </table:table-header-rows>
   <table:table-row>
    <table:table-cell table:style-name="Tabelle5.A2" table:value-type="string">
     <text:p text:style-name="TextInTable"><help:paragraphinfo state="U" number="86"/>on</text:p>
    </table:table-cell>
    <table:table-cell table:style-name="Tabelle5.B2" table:value-type="string">
     <text:p text:style-name="TextInTable"><help:paragraphinfo state="U" number="87"/>&quot;Feb&quot; is returned, but not &quot;2&quot;.</text:p>
    </table:table-cell>
   </table:table-row>
   <table:table-row>
    <table:table-cell table:style-name="Tabelle5.A2" table:value-type="string">
     <text:p text:style-name="TextInTable"><help:paragraphinfo state="U" number="88"/>off</text:p>
    </table:table-cell>
    <table:table-cell table:style-name="Tabelle5.B2" table:value-type="string">
     <text:p text:style-name="TextInTable"><help:paragraphinfo state="U" number="89"/>&quot;2&quot; is returned, but not &quot;Feb&quot;.</text:p>
    </table:table-cell>
   </table:table-row>
  </table:table>
  <text:p text:style-name="Paragraph"><help:paragraphinfo state="U" number="90"/>It is recommended that you always search using field formatting.</text:p>
  <text:p text:style-name="Paragraph"><help:paragraphinfo state="U" number="91"/>The following examples show possible issues when searching without field formatting. These issues depend on the database used and only occur for certain internal default formatting:</text:p>
  <table:table table:name="Tabelle7" table:style-name="Tabelle7">
   <table:table-column table:style-name="Tabelle7.A"/>
   <table:table-column table:style-name="Tabelle7.B"/>
   <table:table-header-rows>
    <table:table-row>
     <table:table-cell table:style-name="Tabelle7.A1" table:value-type="string">
      <text:p text:style-name="TableHead"><help:paragraphinfo state="U" number="92"/>Search Results</text:p>
     </table:table-cell>
     <table:table-cell table:style-name="Tabelle7.B1" table:value-type="string">
      <text:p text:style-name="TableHead"><help:paragraphinfo state="U" number="93"/>Cause</text:p>
     </table:table-cell>
    </table:table-row>
   </table:table-header-rows>
   <table:table-row>
    <table:table-cell table:style-name="Tabelle7.A2" table:value-type="string">
     <text:p text:style-name="TextInTable"><help:paragraphinfo state="U" number="94"/>&quot;5&quot; returns &quot;14:00:00&quot; as a time</text:p>
    </table:table-cell>
    <table:table-cell table:style-name="Tabelle7.B2" table:value-type="string">
     <text:p text:style-name="TextInTable"><help:paragraphinfo state="U" number="95"/>Time fields are not defined for dBase databases and must be simulated. To internally display the time &quot;14:00:00&quot;, a 5 is necessary.</text:p>
    </table:table-cell>
   </table:table-row>
   <table:table-row>
    <table:table-cell table:style-name="Tabelle7.A2" table:value-type="string">
     <text:p text:style-name="TextInTable"><help:paragraphinfo state="U" number="96"/>&quot;00:00:00&quot; returns all records of a standard date field</text:p>
    </table:table-cell>
    <table:table-cell table:style-name="Tabelle7.B2" table:value-type="string">
     <text:p text:style-name="TextInTable"><help:paragraphinfo state="U" number="97"/>The database stores a date value internally using a combined date/time field.</text:p>
    </table:table-cell>
   </table:table-row>
   <table:table-row>
    <table:table-cell table:style-name="Tabelle7.A2" table:value-type="string">
     <text:p text:style-name="TextInTable"><help:paragraphinfo state="U" number="98"/>&quot;45.79&quot; does not return &quot;45.79&quot; although the <text:span text:style-name="T1">entire field</text:span> option is selected under <text:span text:style-name="T1">Position</text:span>.</text:p>
    </table:table-cell>
    <table:table-cell table:style-name="Tabelle7.B2" table:value-type="string">
     <text:p text:style-name="TextInTable"><help:paragraphinfo state="U" number="99"/>The view shown does not match what is stored internally. For example, if value 45.789 is stored in the database as a field of type Number/Double and the shown formatting is set to display only two decimals, &quot;45.79&quot; is only returned in searches with field formatting.</text:p>
    </table:table-cell>
   </table:table-row>
  </table:table>
  <text:p text:style-name="Paragraph"><help:paragraphinfo state="U" number="100"/>In this case, standard formatting is formatting that refers to the internally stored data. It is not always visible to the user, especially if it is used for simulating data types (for example, time fields in dBase databases). This depends on the database used and the individual data type. Searching with field formatting is appropriate if you only want to find what is actually shown. This includes fields of type Date, Time, Date/Time and Number/Double.</text:p>
  <text:p text:style-name="Paragraph"><help:paragraphinfo state="U" number="31"/>However, searching without <text:span text:style-name="T1">Apply field format </text:span>is appropriate for larger databases with no formatting issues, because it is faster.</text:p>
  <text:p text:style-name="Paragraph"><help:paragraphinfo state="U" number="118"/>If you are searching check boxes with <text:span text:style-name="T1">Apply field format</text:span>, you will receive a &quot;1&quot; for marked check boxes, a &quot;0&quot; for unmarked check boxes, and an empty string for undefined (tristate) check boxes. If the search has been carried out without <text:span text:style-name="T1">Apply field format</text:span>, you will see language-dependent default values &quot;TRUE&quot; or &quot;FALSE&quot;.</text:p>
  <text:p text:style-name="Paragraph"><help:paragraphinfo state="U" number="119"/>If you use <text:span text:style-name="T1">Apply field format</text:span> when searching in list boxes, you find the text displayed in list boxes. If you do not use <text:span text:style-name="T1">Apply field format,</text:span> you will find the contents corresponding to the standard field format.</text:p>
  <text:p text:style-name="Head 3"><help:paragraphinfo state="U" number="32"/><help:help-id value="HID_SEARCH_CASE"/>Match case</text:p>
  <text:p text:style-name="Paragraph"><help:paragraphinfo state="U" number="33"/><help:help-text value="visible">Specifies that upper and lower case are taken into consideration during the search.</help:help-text></text:p>
  <text:p text:style-name="Head 3"><help:paragraphinfo state="U" number="34"/><help:help-id value="HID_SEARCH_BACKWARD"/>Search backwards</text:p>
  <text:p text:style-name="Paragraph"><help:paragraphinfo state="U" number="35"/><help:help-text value="visible">Specifies that the search process will run in reverse direction, from the last to the first record.</help:help-text></text:p>
  <text:p text:style-name="Head 3"><help:paragraphinfo state="U" number="36"/><help:help-id value="HID_SEARCH_STARTOVER"/>From top / From bottom</text:p>
  <text:p text:style-name="Paragraph"><help:paragraphinfo state="U" number="37"/><help:help-text value="visible">Restarts the search. A forward search restarts with the first record. A backwards search restarts with the last record.</help:help-text></text:p>
  <text:p text:style-name="Head 3"><help:paragraphinfo state="U" number="38"/><help:help-id value="HID_SEARCH_WILDCARD"/>Wildcard expression</text:p>
  <text:p text:style-name="Paragraph"><help:paragraphinfo state="U" number="64"/><help:help-text value="hide">Allows a search with a * or ? wildcard.</help:help-text> You can use the following wildcards:</text:p>
  <table:table table:name="Tabelle4" table:style-name="Tabelle4">
   <table:table-column table:style-name="Tabelle4.A"/>
   <table:table-column table:style-name="Tabelle4.B"/>
   <table:table-column table:style-name="Tabelle4.C"/>
   <table:table-header-rows>
    <table:table-row>
     <table:table-cell table:style-name="Tabelle4.A1" table:value-type="string">
      <text:p text:style-name="TableHead"><help:paragraphinfo state="U" number="39"/>Wildcards</text:p>
     </table:table-cell>
     <table:table-cell table:style-name="Tabelle4.A1" table:value-type="string">
      <text:p text:style-name="TableHead"><help:paragraphinfo state="U" number="40"/>Meaning</text:p>
     </table:table-cell>
     <table:table-cell table:style-name="Tabelle4.C1" table:value-type="string">
      <text:p text:style-name="TableHead"><help:paragraphinfo state="U" number="41"/>Example</text:p>
     </table:table-cell>
    </table:table-row>
   </table:table-header-rows>
   <table:table-row>
    <table:table-cell table:style-name="Tabelle4.A2" table:value-type="string">
     <text:p text:style-name="TextInTable"><help:paragraphinfo state="U" number="42"/>?</text:p>
    </table:table-cell>
    <table:table-cell table:style-name="Tabelle4.A2" table:value-type="string">
     <text:p text:style-name="TextInTable"><help:paragraphinfo state="U" number="43"/>for exactly one arbitrary character</text:p>
    </table:table-cell>
    <table:table-cell table:style-name="Tabelle4.C2" table:value-type="string">
     <text:p text:style-name="TextInTable"><help:paragraphinfo state="U" number="44"/>&quot;?loppy&quot; returns &quot;Floppy&quot;</text:p>
     <text:p text:style-name="TextInTable"><help:paragraphinfo state="U" number="65"/>&quot;M?ller&quot; returns, for example, Miller and Moller</text:p>
    </table:table-cell>
   </table:table-row>
   <table:table-row>
    <table:table-cell table:style-name="Tabelle4.A2" table:value-type="string">
     <text:p text:style-name="TextInTable"><help:paragraphinfo state="U" number="45"/>*</text:p>
    </table:table-cell>
    <table:table-cell table:style-name="Tabelle4.A2" table:value-type="string">
     <text:p text:style-name="TextInTable"><help:paragraphinfo state="U" number="46"/>for 0 or more arbitrary characters</text:p>
    </table:table-cell>
    <table:table-cell table:style-name="Tabelle4.C2" table:value-type="string">
     <text:p text:style-name="TextInTable"><help:paragraphinfo state="U" number="47"/>&quot;*-*&quot; returns &quot;ZIP-Drive&quot; and &quot;CD-ROM&quot;</text:p>
     <text:p text:style-name="TextInTable"><help:paragraphinfo state="U" number="66"/>&quot;M*er&quot; returns all entries starting with an &quot;M&quot; and ending in &quot;er&quot; (for example, Miller, Moller, Mather)</text:p>
    </table:table-cell>
   </table:table-row>
  </table:table>
  <text:p text:style-name="Paragraph"><help:paragraphinfo state="U" number="48"/>If you want to search for the actual characters ? or *, preface them with a backslash: &quot;\?&quot; or &quot;\*&quot;. However, this is only necessary when <text:span text:style-name="T1">Wildcard expression </text:span>is enabled. <text:s/>When the option is not enabled, the wildcard characters are processed like normal characters.</text:p>
  <text:p text:style-name="Head 3"><help:paragraphinfo state="U" number="49"/><help:help-id value="HID_SEARCH_REGULAR"/>Regular expression</text:p>
  <text:p text:style-name="Paragraph"><help:paragraphinfo state="U" number="50"/><help:help-text value="visible">Searches with regular expressions.</help:help-text> The same regular expressions that are supported here are also supported in the <help:productname>%PRODUCTNAME</help:productname> <help:link Id="65852" Eid="platzhalter">Find &amp; Replace dialog</help:link>.</text:p>
  <text:p text:style-name="Paragraph"><help:paragraphinfo state="U" number="67"/>Searching with regular expressions offers more options than searching with wildcard expressions. If you search with regular expressions, the following characters correspond to those used in searches with wildcards:</text:p>
  <table:table table:name="Tabelle6" table:style-name="Tabelle6">
   <table:table-column table:style-name="Tabelle6.A"/>
   <table:table-column table:style-name="Tabelle6.B"/>
   <table:table-header-rows>
    <table:table-row>
     <table:table-cell table:style-name="Tabelle6.A1" table:value-type="string">
      <text:p text:style-name="TableHead"><help:paragraphinfo state="U" number="68"/>Search with wildcard expression</text:p>
     </table:table-cell>
     <table:table-cell table:style-name="Tabelle6.B1" table:value-type="string">
      <text:p text:style-name="TableHead"><help:paragraphinfo state="U" number="69"/>Search with regular expressions</text:p>
     </table:table-cell>
    </table:table-row>
   </table:table-header-rows>
   <table:table-row>
    <table:table-cell table:style-name="Tabelle6.A2" table:value-type="string">
     <text:p text:style-name="TextInTable"><help:paragraphinfo state="U" number="70"/>?</text:p>
    </table:table-cell>
    <table:table-cell table:style-name="Tabelle6.B2" table:value-type="string">
     <text:p text:style-name="TextInTable"><help:paragraphinfo state="U" number="71"/>.</text:p>
    </table:table-cell>
   </table:table-row>
   <table:table-row>
    <table:table-cell table:style-name="Tabelle6.A2" table:value-type="string">
     <text:p text:style-name="TextInTable"><help:paragraphinfo state="U" number="72"/>*</text:p>
    </table:table-cell>
    <table:table-cell table:style-name="Tabelle6.B2" table:value-type="string">
     <text:p text:style-name="TextInTable"><help:paragraphinfo state="U" number="73"/>.*</text:p>
    </table:table-cell>
   </table:table-row>
  </table:table>
  <help:paragraphinfo state="E"/><help:help-id value="HID_SEARCH_APPROX"/><help:help-id value="HID_SEARCH_APPROXSETTINGS"/><help:embedded Id="65785" Eid="aehnlichkeit"></help:embedded>
  <help:paragraphinfo state="E"/><help:help-id value="SVX_CHECKBOX_RID_SVXDLG_SEARCHFORM_CB_HALFFULLFORMS"/><help:embedded Id="65852" Eid="halbnormaltitel"></help:embedded>
  <help:paragraphinfo state="E"/><help:embedded Id="65852" Eid="halbnormaltext"></help:embedded>
  <help:paragraphinfo state="E"/><help:help-id value="SVX_CHECKBOX_RID_SVXDLG_SEARCHFORM_CB_SOUNDSLIKECJK"/><help:embedded Id="65852" Eid="aehnlichtitel"></help:embedded>
  <help:paragraphinfo state="E"/><help:embedded Id="65852" Eid="aehnlichtext"></help:embedded>
  <help:paragraphinfo state="E"/><help:help-id value="SVX_PUSHBUTTON_RID_SVXDLG_SEARCHFORM_PB_SOUNDSLIKESETTINGS"/><help:embedded Id="65852" Eid="aehnlichbutton"></help:embedded>
  <help:paragraphinfo state="E"/><help:embedded Id="68108" Eid="asia"></help:embedded>
  <text:p text:style-name="Head 2"><help:paragraphinfo state="U" number="101"/>State</text:p>
  <text:p text:style-name="Paragraph"><help:paragraphinfo state="U" number="102"/>The <text:span text:style-name="T1">State</text:span> line shows the records returned by the search. If the search reaches the end (or the beginning) of a table, the search is automatically continued at the other end.</text:p>
  <text:p text:style-name="Paragraph"><help:paragraphinfo state="U" number="103"/>In very large databases, finding the record in reverse search order can take some time. In this case, the status bar informs you that the records are still being counted.</text:p>
  <text:p text:style-name="Head 2"><help:paragraphinfo state="U" number="51"/><help:help-id value="HID_SEARCH_BTN_SEARCH"/>Search / Cancel</text:p>
  <text:p text:style-name="Paragraph"><help:paragraphinfo state="U" number="52"/><help:help-text value="hide">Starts or cancels the search.</help:help-text> If the search is successfully completed, the corresponding field in the table is highlighted. You can continue the search by clicking the <text:span text:style-name="T1">Search</text:span> button again. You can cancel a search process by clicking the <text:span text:style-name="T1">Cancel</text:span> button.</text:p>
  <text:p text:style-name="Head 2"><help:paragraphinfo state="U" number="53"/><help:help-id value="HID_SEARCH_BTN_CLOSE"/>Close</text:p>
  <text:p text:style-name="Paragraph"><help:paragraphinfo state="U" number="54"/><help:help-text value="visible">Closes the dialog. The settings of the last search will be saved until you quit <help:productname>%PRODUCTNAME</help:productname>.</help:help-text></text:p>
  <text:p text:style-name="Paragraph"><help:paragraphinfo state="U" number="104"/>If several tables or forms are open, you can set different search options for each document. When you close the documents only the search options of the document last closed are saved.</text:p>
 </office:body>
</office:document>
