

<office:document  xmlns:office="http://openoffice.org/2000/office" xmlns:style="http://openoffice.org/2000/style" xmlns:text="http://openoffice.org/2000/text" xmlns:table="http://openoffice.org/2000/table" xmlns:draw="http://openoffice.org/2000/drawing" xmlns:fo="http://www.w3.org/1999/XSL/Format" xmlns:xlink="http://www.w3.org/1999/xlink" xmlns:number="http://openoffice.org/2000/datastyle" xmlns:svg="http://www.w3.org/2000/svg" xmlns:chart="http://openoffice.org/2000/chart" xmlns:dr3d="http://openoffice.org/2000/dr3d" xmlns:math="http://www.w3.org/1998/Math/MathML" xmlns:form="http://openoffice.org/2000/form" xmlns:script="http://openoffice.org/2000/script" office:class="text" office:version="1.0" xmlns:dc="http://purl.org/dc/elements/1.1/" xmlns:meta="http://openoffice.org/2000/meta" xmlns:help="http://openoffice.org/2000/help">
<office:meta>
  <dc:description>text/common/autopi/01010200</dc:description>
  <dc:subject>Piloto automático - Carta - Página 2</dc:subject>

  <dc:language>es-ES</dc:language>
  <meta:user-defined meta:name="Info 0">READY</meta:user-defined>
  <meta:user-defined meta:name="Info 1">FREE_OK</meta:user-defined>
  <meta:user-defined meta:name="Info 2"/>
  <meta:user-defined meta:name="Info 3"/>
</office:meta>
 <office:script/>
 <office:font-decls>
  <style:font-decl style:name="StarSymbol" fo:font-family="StarSymbol" style:font-charset="x-symbol"/>
  <style:font-decl style:name="Courier New" fo:font-family="&apos;Courier New&apos;" style:font-style-name="Standard" style:font-family-generic="modern" style:font-pitch="fixed"/>
  <style:font-decl style:name="Courier" fo:font-family="Courier" style:font-family-generic="roman" style:font-pitch="fixed"/>
  <style:font-decl style:name="Arial Unicode MS" fo:font-family="&apos;Arial Unicode MS&apos;" style:font-pitch="variable"/>
  <style:font-decl style:name="HG Mincho Light J" fo:font-family="&apos;HG Mincho Light J&apos;" style:font-pitch="variable"/>
  <style:font-decl style:name="Times New Roman3" fo:font-family="&apos;Times New Roman&apos;" style:font-pitch="variable"/>
  <style:font-decl style:name="Thorndale" fo:font-family="Thorndale" style:font-family-generic="roman" style:font-pitch="variable"/>
  <style:font-decl style:name="Times New Roman2" fo:font-family="&apos;Times New Roman&apos;" style:font-style-name="Fett" style:font-family-generic="roman" style:font-pitch="variable"/>
  <style:font-decl style:name="Times New Roman" fo:font-family="&apos;Times New Roman&apos;" style:font-style-name="Standard" style:font-family-generic="roman" style:font-pitch="variable"/>
  <style:font-decl style:name="Times New Roman1" fo:font-family="&apos;Times New Roman&apos;" style:font-family-generic="swiss" style:font-pitch="variable"/>
 </office:font-decls>
 <office:automatic-styles>
  <style:style style:name="P1" style:family="paragraph" style:parent-style-name="Paragraph" style:master-page-name="HTML">
   <style:properties style:page-number="0"/>
  </style:style>
  <style:style style:name="T1" style:family="text">
   <style:properties fo:font-weight="bold"/>
  </style:style>
 </office:automatic-styles>
 <office:body>
  <text:variable-decls>
   <text:variable-decl text:value-type="string" text:name="HTML_ON"/>
   <text:variable-decl text:value-type="string" text:name="HTML_OFF"/>
   <text:variable-decl text:value-type="string" text:name="TITEL"/>
   <text:variable-decl text:value-type="string" text:name="END"/>
   <text:variable-decl text:value-type="string" text:name="OS2"/>
   <text:variable-decl text:value-type="string" text:name="ELSE"/>
   <text:variable-decl text:value-type="string" text:name="HREF"/>
   <text:variable-decl text:value-type="string" text:name="MAC"/>
   <text:variable-decl text:value-type="string" text:name="NAME"/>
   <text:variable-decl text:value-type="string" text:name="HelpID"/>
   <text:variable-decl text:value-type="string" text:name="MODIFY"/>
   <text:variable-decl text:value-type="string" text:name="REFNR"/>
   <text:variable-decl text:value-type="string" text:name="AKTHLP"/>
   <text:variable-decl text:value-type="string" text:name="STYLE"/>
  </text:variable-decls>
  <text:sequence-decls>
   <text:sequence-decl text:display-outline-level="0" text:name="Illustration"/>
   <text:sequence-decl text:display-outline-level="0" text:name="Table"/>
   <text:sequence-decl text:display-outline-level="0" text:name="Text"/>
   <text:sequence-decl text:display-outline-level="0" text:name="Drawing"/>
  </text:sequence-decls>
  <help:to-be-embedded Eid="seite2">
  <text:p text:style-name="Head 1"><help:help-id value="HID_LETTER_PAGE2"/><help:link Id="66081">Piloto automático - Carta - Página 2</help:link></text:p>
  <text:p text:style-name="Paragraph"><help:help-text value="visible">En esta área se puede seleccionar un logotipo para la plantilla.</help:help-text> Las opciones disponibles en esta página dependen del logotipo seleccionado.</text:p>
  </help:to-be-embedded>
  <help:popup Id="65611" Eid="autopilotbrief2"><help:embedded Id="65598" Eid="wie"></help:embedded></help:popup>
  <text:p text:style-name="Head 2"><a name="logoart"/>¿Qué tipo de logotipo desea?</text:p>
  <help:to-be-embedded Eid="010102text">
  <text:p text:style-name="Paragraph">Seleccione un logotipo en este área. Las opciones disponibles en esta página varían según el tipo de logotipo seleccionado.</text:p>
  </help:to-be-embedded>
  <help:help-id value="SW_RADIOBUTTON_DLG_WIZARD_LT_DLG_LGO_RBTN_NOLOGO"/>
  <help:to-be-embedded Eid="2keinlogo">
  <text:p text:style-name="Head 3">Sin logotipo</text:p>
  <text:p text:style-name="Paragraph"><help:help-text value="visible">Especifica que la carta o el fax no incluyan un logotipo.</help:help-text></text:p>
  </help:to-be-embedded>
  <help:help-id value="SW_RADIOBUTTON_DLG_WIZARD_LT_DLG_LGO_RBTN_GRLOGO"/>
  <help:to-be-embedded Eid="2grafik">
  <text:p text:style-name="Head 3">Imagen</text:p>
  <text:p text:style-name="Paragraph"><help:help-text value="visible">Especifica que desea insertar una imagen como logotipo. Puede seleccionar un archivo de imagen en <text:span text:style-name="T1">Nombre del archivo gráfico</text:span>.</help:help-text></text:p>
  </help:to-be-embedded>
  <help:help-id value="SW_RADIOBUTTON_DLG_WIZARD_LT_DLG_LGO_RBTN_TXLOGO"/>
  <help:to-be-embedded Eid="2text">
  <text:p text:style-name="Head 3">Texto</text:p>
  <text:p text:style-name="Paragraph"><help:help-text value="visible">Especifica que desea escribir texto en el logotipo.</help:help-text></text:p>
  <text:p text:style-name="Head 2"><a name="grafikdateiname"/>Nombre del archivo gráfico</text:p>
  <text:p text:style-name="Paragraph">Esta opción sólo es visible si se selecciona una imagen como logotipo. Entonces se muestra el nombre del archivo gráfico seleccionado, si bien también puede seleccionarse un archivo nuevo con el botón <text:span text:style-name="T1">Seleccionar imagen</text:span>.</text:p>
  </help:to-be-embedded>
  <help:help-id value="SW_PUSHBUTTON_DLG_WIZARD_LT_DLG_LGO_PBTN_LOGOFN"/>
  <help:to-be-embedded Eid="2grafikauswahl">
  <text:p text:style-name="Head 3">Seleccionar imagen</text:p>
  <text:p text:style-name="Paragraph"><help:help-text value="visible">Abre el diálogo <help:link Id="65636">Seleccionar imagen para logotipo</help:link>.</help:help-text></text:p>
  </help:to-be-embedded>
  <help:help-id value="SW_MULTILINEEDIT_DLG_WIZARD_LT_DLG_LGO_MEDT_LOGOTX"/>
  <help:to-be-embedded Eid="2logotext">
  <text:p text:style-name="Head 2"><a name="logotext"/>Texto del logotipo</text:p>
  <text:p text:style-name="Paragraph"><help:help-text value="visible">Si elige escribir un texto como logotipo se mostrará el cuadro de texto <text:span text:style-name="T1">Texto del logotipo</text:span>. El texto escrito en él aparecerá en la parte superior de la carta como logotipo.</help:help-text></text:p>
  <text:p text:style-name="Head 2"><a name="groesse"/>Tamaño</text:p>
  <text:p text:style-name="Paragraph">Define el tamaño exacto del logotipo.</text:p>
  </help:to-be-embedded>
  <help:help-id value="SW_METRICFIELD_DLG_WIZARD_LT_DLG_LGO_MFLD_LOGOWD"/>
  <help:to-be-embedded Eid="2breite">
  <text:p text:style-name="Head 3">Ancho</text:p>
  <text:p text:style-name="Paragraph"><help:help-text value="visible">Define el ancho del logotipo.</help:help-text></text:p>
  </help:to-be-embedded>
  <help:help-id value="SW_METRICFIELD_DLG_WIZARD_LT_DLG_LGO_MFLD_LOGOHG"/>
  <help:to-be-embedded Eid="2hoehe">
  <text:p text:style-name="Head 3">Altura</text:p>
  <text:p text:style-name="Paragraph"><help:help-text value="visible">Define la altura del logotipo.</help:help-text></text:p>
  <text:p text:style-name="Head 2"><a name="position"/>Posición</text:p>
  <text:p text:style-name="Paragraph">Pulse en uno de los símbolos para definir la posición del logotipo en la página y ajuste dicha posición mediante los cuadros de selección:</text:p>
  </help:to-be-embedded>
  <help:help-id value="SW_IMAGEBUTTON_DLG_WIZARD_LT_DLG_LGO_BBTN_LOGOLI"/>
  <help:to-be-embedded Eid="2links">
  <text:p text:style-name="Head 3">Izquierda</text:p>
  <text:p text:style-name="Paragraph"><help:help-text value="visible">Sitúa el logotipo en el lado izquierdo de la página.</help:help-text></text:p>
  </help:to-be-embedded>
  <help:help-id value="SW_IMAGEBUTTON_DLG_WIZARD_LT_DLG_LGO_BBTN_LOGOMI"/>
  <help:to-be-embedded Eid="2mitte">
  <text:p text:style-name="Head 3">Centro</text:p>
  <text:p text:style-name="Paragraph"><help:help-text value="visible">Sitúa el logotipo en el centro de la página.</help:help-text></text:p>
  </help:to-be-embedded>
  <help:help-id value="SW_IMAGEBUTTON_DLG_WIZARD_LT_DLG_LGO_BBTN_LOGORE"/>
  <help:to-be-embedded Eid="2rechts">
  <text:p text:style-name="Head 3">Derecha</text:p>
  <text:p text:style-name="Paragraph"><help:help-text value="visible">Sitúa el logotipo en el lado derecho de la página.</help:help-text></text:p>
  </help:to-be-embedded>
  <help:help-id value="SW_METRICFIELD_DLG_WIZARD_LT_DLG_LGO_MFLD_LOGOHO"/>
  <help:to-be-embedded Eid="2vonlr">
  <text:p text:style-name="Head 3">Desde la izquierda/derecha</text:p>
  <text:p text:style-name="Paragraph"><help:help-text value="visible">Establece la distancia entre el logotipo y el margen izquierdo o derecho de la página.</help:help-text></text:p>
  </help:to-be-embedded>
  <help:help-id value="SW_METRICFIELD_DLG_WIZARD_LT_DLG_LGO_MFLD_LOGOVE"/>
  <help:to-be-embedded Eid="2vonoben">
  <text:p text:style-name="Head 3">Desde arriba</text:p>
  <text:p text:style-name="Paragraph"><help:help-text value="visible">Establece la distancia entre el logotipo y el margen superior de la página.</help:help-text></text:p>
  </help:to-be-embedded>
  <text:p text:style-name="Paragraph"><help:link Id="66142">Avanzar a AutoPiloto Carta - Ficha 3</help:link></text:p>
 </office:body>
</office:document>
