

<office:document  xmlns:office="http://openoffice.org/2000/office" xmlns:style="http://openoffice.org/2000/style" xmlns:text="http://openoffice.org/2000/text" xmlns:table="http://openoffice.org/2000/table" xmlns:draw="http://openoffice.org/2000/drawing" xmlns:fo="http://www.w3.org/1999/XSL/Format" xmlns:xlink="http://www.w3.org/1999/xlink" xmlns:number="http://openoffice.org/2000/datastyle" xmlns:svg="http://www.w3.org/2000/svg" xmlns:chart="http://openoffice.org/2000/chart" xmlns:dr3d="http://openoffice.org/2000/dr3d" xmlns:math="http://www.w3.org/1998/Math/MathML" xmlns:form="http://openoffice.org/2000/form" xmlns:script="http://openoffice.org/2000/script" office:class="text" office:version="1.0" xmlns:dc="http://purl.org/dc/elements/1.1/" xmlns:meta="http://openoffice.org/2000/meta" xmlns:help="http://openoffice.org/2000/help">
<office:meta>
  <dc:description>text/common/autopi/01010700</dc:description>
  <dc:subject>AutoPiloto Carta - Ficha 7</dc:subject>

  <dc:language>es-ES</dc:language>
  <meta:user-defined meta:name="Info 0">READY</meta:user-defined>
  <meta:user-defined meta:name="Info 1">FREE_OK</meta:user-defined>
  <meta:user-defined meta:name="Info 2"/>
  <meta:user-defined meta:name="Info 3"/>
</office:meta>
 <office:script/>
 <office:font-decls>
  <style:font-decl style:name="StarSymbol" fo:font-family="StarSymbol" style:font-charset="x-symbol"/>
  <style:font-decl style:name="Courier New" fo:font-family="&apos;Courier New&apos;" style:font-style-name="Standard" style:font-family-generic="modern" style:font-pitch="fixed"/>
  <style:font-decl style:name="Courier" fo:font-family="Courier" style:font-family-generic="roman" style:font-pitch="fixed"/>
  <style:font-decl style:name="Arial Unicode MS" fo:font-family="&apos;Arial Unicode MS&apos;" style:font-pitch="variable"/>
  <style:font-decl style:name="HG Mincho Light J" fo:font-family="&apos;HG Mincho Light J&apos;" style:font-pitch="variable"/>
  <style:font-decl style:name="Times New Roman3" fo:font-family="&apos;Times New Roman&apos;" style:font-pitch="variable"/>
  <style:font-decl style:name="Thorndale" fo:font-family="Thorndale" style:font-family-generic="roman" style:font-pitch="variable"/>
  <style:font-decl style:name="Times New Roman2" fo:font-family="&apos;Times New Roman&apos;" style:font-style-name="Fett" style:font-family-generic="roman" style:font-pitch="variable"/>
  <style:font-decl style:name="Times New Roman" fo:font-family="&apos;Times New Roman&apos;" style:font-style-name="Standard" style:font-family-generic="roman" style:font-pitch="variable"/>
  <style:font-decl style:name="Times New Roman1" fo:font-family="&apos;Times New Roman&apos;" style:font-family-generic="swiss" style:font-pitch="variable"/>
 </office:font-decls>
 <office:automatic-styles>
  <style:style style:name="P1" style:family="paragraph" style:parent-style-name="Paragraph" style:master-page-name="HTML">
   <style:properties style:page-number="0"/>
  </style:style>
 </office:automatic-styles>
 <office:body>
  <text:variable-decls>
   <text:variable-decl text:value-type="string" text:name="HTML_ON"/>
   <text:variable-decl text:value-type="string" text:name="HTML_OFF"/>
   <text:variable-decl text:value-type="string" text:name="TITEL"/>
   <text:variable-decl text:value-type="string" text:name="END"/>
   <text:variable-decl text:value-type="string" text:name="MAC"/>
   <text:variable-decl text:value-type="string" text:name="ELSE"/>
   <text:variable-decl text:value-type="string" text:name="HREF"/>
   <text:variable-decl text:value-type="string" text:name="NAME"/>
   <text:variable-decl text:value-type="string" text:name="HelpID"/>
   <text:variable-decl text:value-type="string" text:name="MODIFY"/>
   <text:variable-decl text:value-type="string" text:name="REFNR"/>
   <text:variable-decl text:value-type="string" text:name="AKTHLP"/>
   <text:variable-decl text:value-type="string" text:name="STYLE"/>
  </text:variable-decls>
  <text:sequence-decls>
   <text:sequence-decl text:display-outline-level="0" text:name="Illustration"/>
   <text:sequence-decl text:display-outline-level="0" text:name="Table"/>
   <text:sequence-decl text:display-outline-level="0" text:name="Text"/>
   <text:sequence-decl text:display-outline-level="0" text:name="Drawing"/>
  </text:sequence-decls>
  <help:to-be-embedded Eid="seite7">
  <text:p text:style-name="Head 1"><help:help-id value="HID_LETTER_PAGE7"/><help:link Id="66114">AutoPiloto Carta - Ficha 7</help:link></text:p>
  <text:p text:style-name="Paragraph"><help:help-text value="visible">Esta pantalla permite definir el aspecto de las páginas siguientes.</help:help-text></text:p>
  </help:to-be-embedded>
  <help:popup Id="65611" Eid="autopilotbrief7"><help:embedded Id="65598" Eid="wie"></help:embedded></help:popup>
  <text:p text:style-name="Head 2">Encabezamiento</text:p>
  <text:p text:style-name="Paragraph">Aquí se puede definir el diseño del encabezamiento. El encabezamiento puede contener información u objetos adicionales, como el logotipo y el remitente.</text:p>
  <text:p text:style-name="Head 3"><help:help-id value="SW_METRICFIELD_DLG_WIZARD_LT_DLG_LT7_MFLD_KLINOB"/>Desde arriba</text:p>
  <text:p text:style-name="Paragraph"><help:help-text value="visible">Especifica la distancia entre el encabezamiento y el borde superior de la página.</help:help-text> Tenga en cuenta el área no imprimible definida por la impresora.</text:p>
  <text:p text:style-name="Head 3"><help:help-id value="SW_METRICFIELD_DLG_WIZARD_LT_DLG_LT7_MFLD_KLINTX"/>Distancia al texto</text:p>
  <text:p text:style-name="Paragraph"><help:help-text value="visible">Especifica la distancia entre el encabezamiento y el texto situado a continuación.</help:help-text></text:p>
  <text:p text:style-name="Head 3"><help:help-id value="SW_LISTBOX_DLG_WIZARD_LT_DLG_LT7_LIST_LOGOWO"/>Logotipo</text:p>
  <text:p text:style-name="Paragraph"><help:help-text value="visible">Indique aquí si el logotipo debe repetirse y donde.</help:help-text> Para las fichas siguientes puede determinar el tamaño del Logotipo, que puede ser diferente al tamaño indicado en la ficha 1.</text:p>
  <text:p text:style-name="Head 4"><help:help-id value="SW_METRICFIELD_DLG_WIZARD_LT_DLG_LT7_MFLD_LOGOWD"/>Ancho</text:p>
  <text:p text:style-name="Paragraph"><help:help-text value="visible">Especifica el ancho del logotipo.</help:help-text></text:p>
  <text:p text:style-name="Head 4"><help:help-id value="SW_METRICFIELD_DLG_WIZARD_LT_DLG_LT7_MFLD_LOGOHG"/>Alto</text:p>
  <text:p text:style-name="Paragraph"><help:help-text value="visible">Especifica la altura del logotipo.</help:help-text></text:p>
  <text:p text:style-name="Head 3"><help:help-id value="SW_LISTBOX_DLG_WIZARD_LT_DLG_LT7_LIST_ABSNWO"/>Remitente</text:p>
  <text:p text:style-name="Paragraph"><help:help-text value="visible">Determine en este campo si el remitente debe repetirse y dónde</help:help-text> Puede modificar el tamaño del campo de destinatario para las siguientes páginas independientemente del tamaño indicado en la ficha 1.</text:p>
  <text:p text:style-name="Head 4"><help:help-id value="SW_METRICFIELD_DLG_WIZARD_LT_DLG_LT7_MFLD_ABSNWD"/>Ancho</text:p>
  <text:p text:style-name="Paragraph"><help:help-text value="visible">Define el ancho del campo de remitente.</help:help-text></text:p>
  <text:p text:style-name="Head 4"><help:help-id value="SW_METRICFIELD_DLG_WIZARD_LT_DLG_LT7_MFLD_ABSNHG"/>Alto</text:p>
  <text:p text:style-name="Paragraph"><help:help-text value="visible">Define la altura del campo de remitente.</help:help-text></text:p>
  <text:p text:style-name="Head 2">Pie de página</text:p>
  <text:p text:style-name="Paragraph">Determina si el pie de página se debe repetir en las páginas subsiguientes y especifica su posición.</text:p>
  <text:p text:style-name="Head 3"><help:help-id value="SW_CHECKBOX_DLG_WIZARD_LT_DLG_LT7_CBOX_FUSANZ"/>Mostrar pie de página</text:p>
  <text:p text:style-name="Paragraph"><help:help-text value="visible">Especifica si se debe activar la presentación del pie de página.</help:help-text></text:p>
  <text:p text:style-name="Head 3"><help:help-id value="SW_METRICFIELD_DLG_WIZARD_LT_DLG_LT7_MFLD_FLINOB"/>Desde abajo</text:p>
  <text:p text:style-name="Paragraph"><help:help-text value="visible">Especifica la distancia entre el pie de página y el borde inferior de la página.</help:help-text> Tenga en cuenta el área no imprimible definida por la impresora.</text:p>
  <text:p text:style-name="Head 3"><help:help-id value="SW_METRICFIELD_DLG_WIZARD_LT_DLG_LT7_MFLD_FLINTX"/>Distancia al texto</text:p>
  <text:p text:style-name="Paragraph"><help:help-text value="visible">Especifica la distancia entre el pie de página y el texto de la carta.</help:help-text></text:p>
  <text:p text:style-name="Paragraph"><help:link Id="66139">Avanzar a AutoPiloto Carta - Ficha 8</help:link></text:p>
 </office:body>
</office:document>
