

<office:document  xmlns:office="http://openoffice.org/2000/office" xmlns:style="http://openoffice.org/2000/style" xmlns:text="http://openoffice.org/2000/text" xmlns:table="http://openoffice.org/2000/table" xmlns:draw="http://openoffice.org/2000/drawing" xmlns:fo="http://www.w3.org/1999/XSL/Format" xmlns:xlink="http://www.w3.org/1999/xlink" xmlns:number="http://openoffice.org/2000/datastyle" xmlns:svg="http://www.w3.org/2000/svg" xmlns:chart="http://openoffice.org/2000/chart" xmlns:dr3d="http://openoffice.org/2000/dr3d" xmlns:math="http://www.w3.org/1998/Math/MathML" xmlns:form="http://openoffice.org/2000/form" xmlns:script="http://openoffice.org/2000/script" office:class="text" office:version="1.0" xmlns:dc="http://purl.org/dc/elements/1.1/" xmlns:meta="http://openoffice.org/2000/meta" xmlns:help="http://openoffice.org/2000/help">
<office:meta>
  <dc:description>text/common/autopi/01010400</dc:description>
  <dc:subject>AutoPiloto Carta - Ficha 4</dc:subject>

  <dc:language>es-ES</dc:language>
  <meta:user-defined meta:name="Info 0">READY</meta:user-defined>
  <meta:user-defined meta:name="Info 1">FREE_OK</meta:user-defined>
  <meta:user-defined meta:name="Info 2"/>
  <meta:user-defined meta:name="Info 3"/>
</office:meta>
 <office:script/>
 <office:font-decls>
  <style:font-decl style:name="StarSymbol" fo:font-family="StarSymbol" style:font-charset="x-symbol"/>
  <style:font-decl style:name="Courier New" fo:font-family="&apos;Courier New&apos;" style:font-style-name="Standard" style:font-family-generic="modern" style:font-pitch="fixed"/>
  <style:font-decl style:name="Courier" fo:font-family="Courier" style:font-family-generic="roman" style:font-pitch="fixed"/>
  <style:font-decl style:name="Arial Unicode MS" fo:font-family="&apos;Arial Unicode MS&apos;" style:font-pitch="variable"/>
  <style:font-decl style:name="HG Mincho Light J" fo:font-family="&apos;HG Mincho Light J&apos;" style:font-pitch="variable"/>
  <style:font-decl style:name="Times New Roman3" fo:font-family="&apos;Times New Roman&apos;" style:font-pitch="variable"/>
  <style:font-decl style:name="Thorndale" fo:font-family="Thorndale" style:font-family-generic="roman" style:font-pitch="variable"/>
  <style:font-decl style:name="Times New Roman2" fo:font-family="&apos;Times New Roman&apos;" style:font-style-name="Fett" style:font-family-generic="roman" style:font-pitch="variable"/>
  <style:font-decl style:name="Times New Roman" fo:font-family="&apos;Times New Roman&apos;" style:font-style-name="Standard" style:font-family-generic="roman" style:font-pitch="variable"/>
  <style:font-decl style:name="Times New Roman1" fo:font-family="&apos;Times New Roman&apos;" style:font-family-generic="swiss" style:font-pitch="variable"/>
 </office:font-decls>
 <office:automatic-styles>
  <style:style style:name="P1" style:family="paragraph" style:parent-style-name="Paragraph" style:master-page-name="HTML">
   <style:properties style:page-number="0"/>
  </style:style>
  <style:style style:name="T1" style:family="text">
   <style:properties fo:font-weight="bold"/>
  </style:style>
 </office:automatic-styles>
 <office:body>
  <text:variable-decls>
   <text:variable-decl text:value-type="string" text:name="HTML_ON"/>
   <text:variable-decl text:value-type="string" text:name="HTML_OFF"/>
   <text:variable-decl text:value-type="string" text:name="TITEL"/>
   <text:variable-decl text:value-type="string" text:name="END"/>
   <text:variable-decl text:value-type="string" text:name="HREF"/>
   <text:variable-decl text:value-type="string" text:name="MAC"/>
   <text:variable-decl text:value-type="string" text:name="ELSE"/>
   <text:variable-decl text:value-type="string" text:name="NAME"/>
   <text:variable-decl text:value-type="string" text:name="HelpID"/>
   <text:variable-decl text:value-type="string" text:name="MODIFY"/>
   <text:variable-decl text:value-type="string" text:name="REFNR"/>
   <text:variable-decl text:value-type="string" text:name="AKTHLP"/>
   <text:variable-decl text:value-type="string" text:name="STYLE"/>
  </text:variable-decls>
  <text:sequence-decls>
   <text:sequence-decl text:display-outline-level="0" text:name="Illustration"/>
   <text:sequence-decl text:display-outline-level="0" text:name="Table"/>
   <text:sequence-decl text:display-outline-level="0" text:name="Text"/>
   <text:sequence-decl text:display-outline-level="0" text:name="Drawing"/>
  </text:sequence-decls>
  <help:to-be-embedded Eid="seite4">
  <text:p text:style-name="Head 1"><help:help-id value="HID_LETTER_PAGE4"/><help:link Id="66125">AutoPiloto Carta - Ficha 4</help:link></text:p>
  <text:p text:style-name="Paragraph"><help:help-text value="visible">Define los datos del destinatario y el saludo que se debe utilizar.</help:help-text></text:p>
  </help:to-be-embedded>
  <help:popup Id="65611" Eid="autopilotbrief4"><help:embedded Id="65598" Eid="wie"></help:embedded></help:popup>
  <text:p text:style-name="Head 2"><help:help-id value="SW_LISTBOX_DLG_WIZARD_LT_DLG_EMP_LIST_DBASE"/>Base de datos</text:p>
  <text:p text:style-name="Paragraph"><help:help-text value="visible">Especifica la base de datos que contiene los datos del destinatario.</help:help-text></text:p>
  <text:p text:style-name="Head 2"><help:help-id value="SW_LISTBOX_DLG_WIZARD_LT_DLG_EMP_LIST_DBTABLE"/>Tabla de base de datos</text:p>
  <text:p text:style-name="Paragraph"><help:help-text value="visible">Especifica la tabla que contiene los datos del destinatario.</help:help-text></text:p>
  <text:p text:style-name="Head 2"><help:help-id value="SW_MULTILINEEDIT_DLG_WIZARD_LT_DLG_EMP_MEDT_ADRESS"/>Dirección</text:p>
  <text:p text:style-name="Paragraph"><help:help-text value="visible">Introduzca aquí los datos del destinatario.</help:help-text> Puede escribir la dirección directamente o utilizar los campos de la base de datos como comodines para una carta en serie.</text:p>
  <text:p text:style-name="Head 2"><help:help-id value="SW_LISTBOX_DLG_WIZARD_LT_DLG_EMP_LIST_FIELDS"/>Campos de base de datos</text:p>
  <text:p text:style-name="Paragraph"><help:help-text value="visible">Seleccione un campo de la base de datos para transferirlo al campo destinatario.</help:help-text></text:p>
  <text:p text:style-name="Head 2"><help:help-id value="SW_IMAGEBUTTON_DLG_WIZARD_LT_DLG_EMP_SBTN_INSERT"/>Flecha a la izquierda</text:p>
  <text:p text:style-name="Paragraph"><help:help-text value="visible">Pulse sobre esta flecha para introducir el campo seleccionado en la posición actual del cursor dentro del campo <text:span text:style-name="T1">Dirección</text:span>.</help:help-text></text:p>
  <text:p text:style-name="Head 2"><help:help-id value="SW_IMAGEBUTTON_DLG_WIZARD_LT_DLG_EMP_BBTN_NEWLIN"/>Salto de párrafo</text:p>
  <text:p text:style-name="Paragraph"><help:help-text value="visible">Inserta un salto de párrafo en la posición actual del cursor en el listado de direcciones.</help:help-text> Puede efectuar la misma función pulsando la tecla Intro.</text:p>
  <text:p text:style-name="Head 2"><help:help-id value="SW_EDIT_DLG_WIZARD_LT_DLG_EMP_EDIT_ANRFIX"/><help:help-id value="SW_LISTBOX_DLG_WIZARD_LT_DLG_EMP_LIST_ANRFLD"/>Tratamiento</text:p>
  <text:p text:style-name="Paragraph"><help:help-text value="visible">Especifica un texto de saludo. Este saludo precede al texto principal de la carta.</help:help-text> En este cuadro de texto puede introducir directamente el saludo y seleccionar un campo de la base de datos (por ejemplo, nombre) cuyo contenido desea que aparezca en la línea de saludo.</text:p>
  <text:p text:style-name="Paragraph"><help:link Id="66145">Avanzar a AutoPiloto Carta - Ficha 5</help:link></text:p>
 </office:body>
</office:document>
