

<office:document  xmlns:office="http://openoffice.org/2000/office" xmlns:style="http://openoffice.org/2000/style" xmlns:text="http://openoffice.org/2000/text" xmlns:table="http://openoffice.org/2000/table" xmlns:draw="http://openoffice.org/2000/drawing" xmlns:fo="http://www.w3.org/1999/XSL/Format" xmlns:xlink="http://www.w3.org/1999/xlink" xmlns:number="http://openoffice.org/2000/datastyle" xmlns:svg="http://www.w3.org/2000/svg" xmlns:chart="http://openoffice.org/2000/chart" xmlns:dr3d="http://openoffice.org/2000/dr3d" xmlns:math="http://www.w3.org/1998/Math/MathML" xmlns:form="http://openoffice.org/2000/form" xmlns:script="http://openoffice.org/2000/script" office:class="text" office:version="1.0" xmlns:dc="http://purl.org/dc/elements/1.1/" xmlns:meta="http://openoffice.org/2000/meta" xmlns:help="http://openoffice.org/2000/help">
<office:meta>
  <dc:description>text/common/autopi/01020400</dc:description>
  <dc:subject>AutoPiloto Fax - Ficha 4</dc:subject>

  <dc:language>es-ES</dc:language>
  <meta:user-defined meta:name="Info 0">READY</meta:user-defined>
  <meta:user-defined meta:name="Info 1">FREE_OK</meta:user-defined>
  <meta:user-defined meta:name="Info 2"/>
  <meta:user-defined meta:name="Info 3"/>
</office:meta>
 <office:script/>
 <office:font-decls>
  <style:font-decl style:name="StarSymbol" fo:font-family="StarSymbol" style:font-charset="x-symbol"/>
  <style:font-decl style:name="Courier New" fo:font-family="&apos;Courier New&apos;" style:font-style-name="Standard" style:font-family-generic="modern" style:font-pitch="fixed"/>
  <style:font-decl style:name="Courier" fo:font-family="Courier" style:font-family-generic="roman" style:font-pitch="fixed"/>
  <style:font-decl style:name="Arial Unicode MS" fo:font-family="&apos;Arial Unicode MS&apos;" style:font-pitch="variable"/>
  <style:font-decl style:name="HG Mincho Light J" fo:font-family="&apos;HG Mincho Light J&apos;" style:font-pitch="variable"/>
  <style:font-decl style:name="Times New Roman3" fo:font-family="&apos;Times New Roman&apos;" style:font-pitch="variable"/>
  <style:font-decl style:name="Thorndale" fo:font-family="Thorndale" style:font-family-generic="roman" style:font-pitch="variable"/>
  <style:font-decl style:name="Times New Roman2" fo:font-family="&apos;Times New Roman&apos;" style:font-style-name="Fett" style:font-family-generic="roman" style:font-pitch="variable"/>
  <style:font-decl style:name="Times New Roman" fo:font-family="&apos;Times New Roman&apos;" style:font-style-name="Standard" style:font-family-generic="roman" style:font-pitch="variable"/>
  <style:font-decl style:name="Times New Roman1" fo:font-family="&apos;Times New Roman&apos;" style:font-family-generic="swiss" style:font-pitch="variable"/>
 </office:font-decls>
 <office:automatic-styles>
  <style:style style:name="P1" style:family="paragraph" style:parent-style-name="Paragraph" style:master-page-name="HTML">
   <style:properties style:page-number="0"/>
  </style:style>
  <style:style style:name="T1" style:family="text">
   <style:properties fo:font-weight="bold"/>
  </style:style>
 </office:automatic-styles>
 <office:body>
  <text:variable-decls>
   <text:variable-decl text:value-type="string" text:name="HTML_ON"/>
   <text:variable-decl text:value-type="string" text:name="HTML_OFF"/>
   <text:variable-decl text:value-type="string" text:name="TITEL"/>
   <text:variable-decl text:value-type="string" text:name="END"/>
   <text:variable-decl text:value-type="string" text:name="OS2"/>
   <text:variable-decl text:value-type="string" text:name="ELSE"/>
   <text:variable-decl text:value-type="string" text:name="MAC"/>
   <text:variable-decl text:value-type="string" text:name="HREF"/>
   <text:variable-decl text:value-type="string" text:name="NAME"/>
   <text:variable-decl text:value-type="string" text:name="HelpID"/>
   <text:variable-decl text:value-type="string" text:name="MODIFY"/>
   <text:variable-decl text:value-type="string" text:name="REFNR"/>
   <text:variable-decl text:value-type="string" text:name="AKTHLP"/>
   <text:variable-decl text:value-type="string" text:name="KEY"/>
   <text:variable-decl text:value-type="string" text:name="STYLE"/>
  </text:variable-decls>
  <text:sequence-decls>
   <text:sequence-decl text:display-outline-level="0" text:name="Illustration"/>
   <text:sequence-decl text:display-outline-level="0" text:name="Table"/>
   <text:sequence-decl text:display-outline-level="0" text:name="Text"/>
   <text:sequence-decl text:display-outline-level="0" text:name="Drawing"/>
  </text:sequence-decls>
  <help:to-be-embedded Eid="seite4">
  <text:p text:style-name="Head 1"><help:help-id value="HID_FAX_PAGE4"/><help:link Id="66132">AutoPiloto Fax - Ficha 4</help:link></text:p>
  <text:p text:style-name="Paragraph"><help:help-text value="visible">Especifica la información del destinatario.</help:help-text></text:p>
  </help:to-be-embedded>
  <help:popup Id="65611" Eid="autopilotfax4"><help:embedded Id="65598" Eid="wie"></help:embedded></help:popup>
  <text:p text:style-name="Head 2"><help:help-id value="SW_LISTBOX_DLG_WIZARD_FX_DLG_EMP_LIST_DBASE"/>Base de datos</text:p>
  <text:p text:style-name="Paragraph"><help:help-text value="visible">Elija aquí la base de datos que contenga las entradas correspondientes a los datos para el destinatario.</help:help-text></text:p>
  <text:p text:style-name="Head 2"><help:help-id value="SW_LISTBOX_DLG_WIZARD_FX_DLG_EMP_LIST_DBTABLE"/>Base de datos</text:p>
  <text:p text:style-name="Paragraph"><help:help-text value="visible">Permite seleccionar la tabla de la base de datos seleccionada a partir de la cual desea crear los datos del destinatario.</help:help-text>Las entradas de esta lista dependen de la selección realizada en la lista de la izquierda, denominada <text:span text:style-name="T1">Base de datos</text:span>.</text:p>
  <text:p text:style-name="Head 2"><help:help-id value="SW_LISTBOX_DLG_WIZARD_FX_DLG_EMP_LIST_TELFON"/>Teléfono</text:p>
  <text:p text:style-name="Paragraph"><help:help-text value="visible">Seleccione aquí el campo de la base de datos cuyo contenido deba ser incluido en la plantilla como número de teléfono del destinatario.</help:help-text></text:p>
  <text:p text:style-name="Head 2"><help:help-id value="SW_LISTBOX_DLG_WIZARD_FX_DLG_EMP_LIST_TELFAX"/>Telefax</text:p>
  <text:p text:style-name="Paragraph"><help:help-text value="visible">Seleccione aquí el campo de la base de datos cuyo contenido deba ser incluido en la plantilla como número de fax del destinatario.</help:help-text></text:p>
  <text:p text:style-name="Head 2"><help:help-id value="SW_MULTILINEEDIT_DLG_WIZARD_FX_DLG_EMP_MEDT_ADRESS"/>Dirección</text:p>
  <text:p text:style-name="Paragraph"><help:help-text value="visible">Escriba de forma manual los datos del receptor o utilice los campos de la base de datos a modo de comodines para un formulario de fax.</help:help-text></text:p>
  <text:p text:style-name="Head 2"><help:help-id value="SW_LISTBOX_DLG_WIZARD_FX_DLG_EMP_LIST_FIELDS"/>Campos de base de datos</text:p>
  <text:p text:style-name="Paragraph"><help:help-text value="visible">Aquí figuran los campos de la base de datos, que puede incluir en el campo de dirección mediante una pulsación de ratón.</help:help-text></text:p>
  <text:p text:style-name="Head 2"><help:help-id value="SW_IMAGEBUTTON_DLG_WIZARD_FX_DLG_EMP_SBTN_INSERT"/>Flecha hacia la izquierda</text:p>
  <text:p text:style-name="Paragraph"><help:help-text value="visible">Transfiere el campo de base de datos seleccionado a la posición actual del cursor en el campo de dirección.</help:help-text></text:p>
  <text:p text:style-name="Head 2"><help:help-id value="SW_IMAGEBUTTON_DLG_WIZARD_FX_DLG_EMP_BBTN_NEWLIN"/>Salto de párrafo</text:p>
  <text:p text:style-name="Paragraph"><help:help-text value="visible">Inserta un salto de párrafo en la posición actual del cursor en el campo de dirección.</help:help-text></text:p>
  <text:p text:style-name="Paragraph"><help:link Id="66144">Avanzar a AutoPiloto Fax - Ficha 5</help:link></text:p>
 </office:body>
</office:document>
