

<office:document  xmlns:office="http://openoffice.org/2000/office" xmlns:style="http://openoffice.org/2000/style" xmlns:text="http://openoffice.org/2000/text" xmlns:table="http://openoffice.org/2000/table" xmlns:draw="http://openoffice.org/2000/drawing" xmlns:fo="http://www.w3.org/1999/XSL/Format" xmlns:xlink="http://www.w3.org/1999/xlink" xmlns:number="http://openoffice.org/2000/datastyle" xmlns:svg="http://www.w3.org/2000/svg" xmlns:chart="http://openoffice.org/2000/chart" xmlns:dr3d="http://openoffice.org/2000/dr3d" xmlns:math="http://www.w3.org/1998/Math/MathML" xmlns:form="http://openoffice.org/2000/form" xmlns:script="http://openoffice.org/2000/script" office:class="text" office:version="1.0" xmlns:dc="http://purl.org/dc/elements/1.1/" xmlns:meta="http://openoffice.org/2000/meta" xmlns:help="http://openoffice.org/2000/help">
<office:meta>
  <dc:description>text/common/autopi/01030200</dc:description>
  <dc:subject>AutoPiloto Memorándum - Ficha 2</dc:subject>

  <dc:language>es-ES</dc:language>
  <meta:user-defined meta:name="Info 0">READY</meta:user-defined>
  <meta:user-defined meta:name="Info 1">FREE_OK</meta:user-defined>
  <meta:user-defined meta:name="Info 2"/>
  <meta:user-defined meta:name="Info 3"/>
</office:meta>
 <office:script/>
 <office:font-decls>
  <style:font-decl style:name="StarSymbol" fo:font-family="StarSymbol" style:font-charset="x-symbol"/>
  <style:font-decl style:name="Courier New" fo:font-family="&apos;Courier New&apos;" style:font-style-name="Standard" style:font-family-generic="modern" style:font-pitch="fixed"/>
  <style:font-decl style:name="Courier" fo:font-family="Courier" style:font-family-generic="roman" style:font-pitch="fixed"/>
  <style:font-decl style:name="Arial Unicode MS" fo:font-family="&apos;Arial Unicode MS&apos;" style:font-pitch="variable"/>
  <style:font-decl style:name="HG Mincho Light J" fo:font-family="&apos;HG Mincho Light J&apos;" style:font-pitch="variable"/>
  <style:font-decl style:name="Times New Roman3" fo:font-family="&apos;Times New Roman&apos;" style:font-pitch="variable"/>
  <style:font-decl style:name="Thorndale" fo:font-family="Thorndale" style:font-family-generic="roman" style:font-pitch="variable"/>
  <style:font-decl style:name="Times New Roman2" fo:font-family="&apos;Times New Roman&apos;" style:font-style-name="Fett" style:font-family-generic="roman" style:font-pitch="variable"/>
  <style:font-decl style:name="Times New Roman" fo:font-family="&apos;Times New Roman&apos;" style:font-style-name="Standard" style:font-family-generic="roman" style:font-pitch="variable"/>
  <style:font-decl style:name="Times New Roman1" fo:font-family="&apos;Times New Roman&apos;" style:font-family-generic="swiss" style:font-pitch="variable"/>
 </office:font-decls>
 <office:automatic-styles>
  <style:style style:name="P1" style:family="paragraph" style:parent-style-name="Paragraph" style:master-page-name="HTML">
   <style:properties style:page-number="0"/>
  </style:style>
 </office:automatic-styles>
 <office:body>
  <text:variable-decls>
   <text:variable-decl text:value-type="string" text:name="HTML_ON"/>
   <text:variable-decl text:value-type="string" text:name="HTML_OFF"/>
   <text:variable-decl text:value-type="string" text:name="TITEL"/>
   <text:variable-decl text:value-type="string" text:name="END"/>
   <text:variable-decl text:value-type="string" text:name="OS2"/>
   <text:variable-decl text:value-type="string" text:name="ELSE"/>
   <text:variable-decl text:value-type="string" text:name="MAC"/>
   <text:variable-decl text:value-type="string" text:name="HREF"/>
   <text:variable-decl text:value-type="string" text:name="NAME"/>
   <text:variable-decl text:value-type="string" text:name="HelpID"/>
   <text:variable-decl text:value-type="string" text:name="MODIFY"/>
   <text:variable-decl text:value-type="string" text:name="REFNR"/>
   <text:variable-decl text:value-type="string" text:name="AKTHLP"/>
   <text:variable-decl text:value-type="string" text:name="STYLE"/>
  </text:variable-decls>
  <text:sequence-decls>
   <text:sequence-decl text:display-outline-level="0" text:name="Illustration"/>
   <text:sequence-decl text:display-outline-level="0" text:name="Table"/>
   <text:sequence-decl text:display-outline-level="0" text:name="Text"/>
   <text:sequence-decl text:display-outline-level="0" text:name="Drawing"/>
  </text:sequence-decls>
  <help:to-be-embedded Eid="seite2">
  <text:p text:style-name="Head 1"><help:help-id value="HID_MEMO_PAGE2"/><help:link Id="66118">AutoPiloto Memorándum - Ficha 2</help:link></text:p>
  <text:p text:style-name="Paragraph"><help:help-text value="visible">Especifica los elementos predeterminados del Memorándum.</help:help-text></text:p>
  </help:to-be-embedded>
  <help:popup Id="65611" Eid="autopilotmemo2"><help:embedded Id="65598" Eid="wie"></help:embedded></help:popup>
  <text:p text:style-name="Head 2">¿Qué elementos debe contener el memorándum?</text:p>
  <text:p text:style-name="Paragraph">Puede determinar los elementos que desea incluir en su plantilla de memorándum. En la vista preliminar se muestra de qué forma afectan las opciones seleccionadas al aspecto del memorándum.</text:p>
  <text:p text:style-name="Head 2"><help:help-id value="SW_CHECKBOX_DLG_WIZARD_MM_DLG_MM2_CBOX_DATUM"/>Fecha</text:p>
  <text:p text:style-name="Paragraph"><help:help-text value="visible">Inserta en el memorándum la fecha actual, en función de la configuración del sistema operativo.</help:help-text></text:p>
  <text:p text:style-name="Head 3"><help:help-id value="SW_LISTBOX_DLG_WIZARD_MM_DLG_MM2_LIST_DATUM"/>Fecha</text:p>
  <text:p text:style-name="Paragraph"><help:help-text value="visible">Define el formato de fecha.</help:help-text></text:p>
  <text:p text:style-name="Head 2"><help:help-id value="SW_CHECKBOX_DLG_WIZARD_MM_DLG_MM2_CBOX_BETREF"/>Línea de asunto</text:p>
  <text:p text:style-name="Paragraph"><help:help-text value="visible">Incluye una línea de asunto.</help:help-text></text:p>
  <text:p text:style-name="Head 3"><help:help-id value="SW_EDIT_DLG_WIZARD_MM_DLG_MM2_EDIT_BETREF"/>Línea de asunto</text:p>
  <text:p text:style-name="Paragraph"><help:help-text value="visible">Especifica el texto de la línea de asunto.</help:help-text></text:p>
  <text:p text:style-name="Head 2"><help:help-id value="SW_CHECKBOX_DLG_WIZARD_MM_DLG_MM2_CBOX_MEMOAN"/>Para</text:p>
  <text:p text:style-name="Paragraph"><help:help-text value="visible">Inserta la referencia &quot;Para&quot; en el encabezamiento del memorándum.</help:help-text></text:p>
  <text:p text:style-name="Head 2"><help:help-id value="SW_CHECKBOX_DLG_WIZARD_MM_DLG_MM2_CBOX_KOPIAN"/>Copia para</text:p>
  <text:p text:style-name="Paragraph"><help:help-text value="visible">Inserta la referencia &quot;Copia para&quot; en el encabezamiento del memorándum.</help:help-text></text:p>
  <text:p text:style-name="Head 2"><help:help-id value="SW_CHECKBOX_DLG_WIZARD_MM_DLG_MM2_CBOX_MEMOVN"/>De</text:p>
  <text:p text:style-name="Paragraph"><help:help-text value="visible">Inserta la referencia &quot;De&quot; en el encabezamiento del memorándum.</help:help-text></text:p>
  <text:p text:style-name="Head 2"><help:help-id value="SW_CHECKBOX_DLG_WIZARD_MM_DLG_MM2_CBOX_ELEM1"/>1. Prioridad</text:p>
  <text:p text:style-name="Paragraph"><help:help-text value="visible">Inserta la referencia &quot;Prioridad&quot; en el encabezamiento del memorándum.</help:help-text></text:p>
  <text:p text:style-name="Head 3"><help:help-id value="SW_EDIT_DLG_WIZARD_MM_DLG_MM2_EDIT_ELEM1"/>Prioridad</text:p>
  <text:p text:style-name="Paragraph"><help:help-text value="visible">Acepte el texto estándar o modifíquelo como desee.</help:help-text></text:p>
  <text:p text:style-name="Head 2"><help:help-id value="SW_CHECKBOX_DLG_WIZARD_MM_DLG_MM2_CBOX_ELEM2"/>2. A terminar antes del</text:p>
  <text:p text:style-name="Paragraph"><help:help-text value="visible">Inserta la referencia &quot;A terminar antes del&quot; en el memorándum.</help:help-text></text:p>
  <text:p text:style-name="Head 3"><help:help-id value="SW_EDIT_DLG_WIZARD_MM_DLG_MM2_EDIT_ELEM2"/>A terminar antes del</text:p>
  <text:p text:style-name="Paragraph"><help:help-text value="visible">Acepte el texto predefinido o modifíquelo según desee.</help:help-text></text:p>
  <text:p text:style-name="Head 2"><help:help-id value="SW_CHECKBOX_DLG_WIZARD_MM_DLG_MM2_CBOX_ELEM3"/>3. Anexo(s)</text:p>
  <text:p text:style-name="Paragraph"><help:help-text value="visible">Inserta la referencia &quot;Anexo(s)&quot; en el memorándum.</help:help-text></text:p>
  <text:p text:style-name="Head 3"><help:help-id value="SW_EDIT_DLG_WIZARD_MM_DLG_MM2_EDIT_ELEM3"/>Anexo(s)</text:p>
  <text:p text:style-name="Paragraph"><help:help-text value="visible">Acepte el texto predeterminado o modifíquelo según desee.</help:help-text></text:p>
  <text:p text:style-name="Head 2"><help:help-id value="SW_CHECKBOX_DLG_WIZARD_MM_DLG_MM2_CBOX_ELEM4"/>4. Campo vacío</text:p>
  <text:p text:style-name="Paragraph"><help:help-text value="visible">Inserta un campo de texto adicional en el encabezamiento del memorándum.</help:help-text></text:p>
  <text:p text:style-name="Head 3"><help:help-id value="SW_EDIT_DLG_WIZARD_MM_DLG_MM2_EDIT_ELEM4"/>Campo de texto vacío</text:p>
  <text:p text:style-name="Paragraph"><help:help-text value="visible">Especifique el texto que desee insertar en el memorándum.</help:help-text></text:p>
  <text:p text:style-name="Paragraph"><help:link Id="66143">Avanzar a AutoPiloto Memorándum - Ficha 3</help:link></text:p>
 </office:body>
</office:document>
