

<office:document  xmlns:office="http://openoffice.org/2000/office" xmlns:style="http://openoffice.org/2000/style" xmlns:text="http://openoffice.org/2000/text" xmlns:table="http://openoffice.org/2000/table" xmlns:draw="http://openoffice.org/2000/drawing" xmlns:fo="http://www.w3.org/1999/XSL/Format" xmlns:xlink="http://www.w3.org/1999/xlink" xmlns:number="http://openoffice.org/2000/datastyle" xmlns:svg="http://www.w3.org/2000/svg" xmlns:chart="http://openoffice.org/2000/chart" xmlns:dr3d="http://openoffice.org/2000/dr3d" xmlns:math="http://www.w3.org/1998/Math/MathML" xmlns:form="http://openoffice.org/2000/form" xmlns:script="http://openoffice.org/2000/script" office:class="text" office:version="1.0" xmlns:dc="http://purl.org/dc/elements/1.1/" xmlns:meta="http://openoffice.org/2000/meta" xmlns:help="http://openoffice.org/2000/help">
<office:meta>
  <dc:description>text/common/00/00000020</dc:description>
  <dc:subject>Información relativa a los filtros de importación y exportación</dc:subject>
  <meta:keywords>
   <meta:keyword>$Version</meta:keyword>
  </meta:keywords>
  <dc:language>es-ES</dc:language>
  <meta:user-defined meta:name="Info 0">READY</meta:user-defined>
  <meta:user-defined meta:name="Info 1">FREE_OK</meta:user-defined>
  <meta:user-defined meta:name="Info 2"/>
  <meta:user-defined meta:name="Info 3"/>
</office:meta>
 <office:script/>
 <office:font-decls>
  <style:font-decl style:name="StarSymbol" fo:font-family="StarSymbol" style:font-charset="x-symbol"/>
  <style:font-decl style:name="Courier New" fo:font-family="&apos;Courier New&apos;" style:font-style-name="Standard" style:font-family-generic="modern" style:font-pitch="fixed"/>
  <style:font-decl style:name="Courier" fo:font-family="Courier" style:font-family-generic="roman" style:font-pitch="fixed"/>
  <style:font-decl style:name="Arial Unicode MS" fo:font-family="&apos;Arial Unicode MS&apos;" style:font-pitch="variable"/>
  <style:font-decl style:name="HG Mincho Light J" fo:font-family="&apos;HG Mincho Light J&apos;" style:font-pitch="variable"/>
  <style:font-decl style:name="Times New Roman3" fo:font-family="&apos;Times New Roman&apos;" style:font-pitch="variable"/>
  <style:font-decl style:name="Thorndale" fo:font-family="Thorndale" style:font-family-generic="roman" style:font-pitch="variable"/>
  <style:font-decl style:name="Times New Roman2" fo:font-family="&apos;Times New Roman&apos;" style:font-style-name="Fett" style:font-family-generic="roman" style:font-pitch="variable"/>
  <style:font-decl style:name="Times New Roman" fo:font-family="&apos;Times New Roman&apos;" style:font-style-name="Standard" style:font-family-generic="roman" style:font-pitch="variable"/>
  <style:font-decl style:name="Times New Roman1" fo:font-family="&apos;Times New Roman&apos;" style:font-family-generic="swiss" style:font-pitch="variable"/>
 </office:font-decls>
 <office:automatic-styles>
  <style:style style:name="Tabelle10" style:family="table">
   <style:properties style:width="18cm" table:align="margins"/>
  </style:style>
  <style:style style:name="Tabelle10.A" style:family="table-column">
   <style:properties style:column-width="1.499cm" style:rel-column-width="850*"/>
  </style:style>
  <style:style style:name="Tabelle10.B" style:family="table-column">
   <style:properties style:column-width="16.498cm" style:rel-column-width="9352*"/>
  </style:style>
  <style:style style:name="Tabelle10.1" style:family="table-row">
   <style:properties style:min-row-height="0.848cm"/>
  </style:style>
  <style:style style:name="Tabelle10.A1" style:family="table-cell">
   <style:properties fo:padding="0cm" fo:border="none"/>
  </style:style>
  <style:style style:name="Tabelle1" style:family="table">
   <style:properties style:width="17.995cm" fo:margin-left="0cm" fo:margin-right="0.005cm" table:align="margins"/>
  </style:style>
  <style:style style:name="Tabelle1.A" style:family="table-column">
   <style:properties style:column-width="2.928cm" style:rel-column-width="1660*"/>
  </style:style>
  <style:style style:name="Tabelle1.B" style:family="table-column">
   <style:properties style:column-width="5.856cm" style:rel-column-width="3320*"/>
  </style:style>
  <style:style style:name="Tabelle1.C" style:family="table-column">
   <style:properties style:column-width="9.209cm" style:rel-column-width="5220*"/>
  </style:style>
  <style:style style:name="Tabelle1.A1" style:family="table-cell">
   <style:properties fo:padding="0.049cm" fo:border-left="0.002cm solid #000000" fo:border-right="none" fo:border-top="0.002cm solid #000000" fo:border-bottom="0.002cm solid #000000"/>
  </style:style>
  <style:style style:name="Tabelle1.C1" style:family="table-cell">
   <style:properties fo:padding="0.049cm" fo:border="0.002cm solid #000000"/>
  </style:style>
  <style:style style:name="Tabelle1.A2" style:family="table-cell">
   <style:properties fo:padding="0.049cm" fo:border-left="0.002cm solid #000000" fo:border-right="none" fo:border-top="none" fo:border-bottom="0.002cm solid #000000"/>
  </style:style>
  <style:style style:name="Tabelle1.C2" style:family="table-cell">
   <style:properties fo:vertical-align="top" fo:padding="0.049cm" fo:border-left="0.002cm solid #000000" fo:border-right="0.002cm solid #000000" fo:border-top="none" fo:border-bottom="0.002cm solid #000000"/>
  </style:style>
  <style:style style:name="P1" style:family="paragraph" style:parent-style-name="Paragraph" style:master-page-name="HTML">
   <style:properties style:page-number="0"/>
  </style:style>
  <style:style style:name="P2" style:family="paragraph" style:parent-style-name="Paragraph" style:list-style-name="L1"/>
  <style:style style:name="P3" style:family="paragraph" style:parent-style-name="Paragraph" style:list-style-name="L2"/>
  <style:style style:name="P4" style:family="paragraph" style:parent-style-name="Paragraph" style:list-style-name="L3"/>
  <style:style style:name="T1" style:family="text">
   <style:properties fo:font-weight="bold"/>
  </style:style>
  <style:style style:name="fr1" style:family="graphics" style:parent-style-name="Graphics">
   <style:properties style:run-through="foreground" style:wrap="run-through" style:vertical-pos="middle" style:vertical-rel="paragraph" style:horizontal-pos="left" style:horizontal-rel="paragraph" style:mirror="none" fo:clip="rect(0cm 0cm 0cm 0cm)" draw:luminance="0%" draw:contrast="0%" draw:red="0%" draw:green="0%" draw:blue="0%" draw:gamma="1" draw:color-inversion="false" draw:transparency="-100%" draw:color-mode="standard"/>
  </style:style>
  <text:list-style style:name="L1">
   <text:list-level-style-bullet text:level="1" text:style-name="Bullet Symbols" style:num-suffix="." text:bullet-char="•">
    <style:properties text:min-label-width="0.499cm" style:font-name="StarSymbol"/>
   </text:list-level-style-bullet>
   <text:list-level-style-bullet text:level="2" text:style-name="Bullet Symbols" style:num-suffix="." text:bullet-char="•">
    <style:properties text:space-before="0.499cm" text:min-label-width="0.499cm" style:font-name="StarSymbol"/>
   </text:list-level-style-bullet>
   <text:list-level-style-bullet text:level="3" text:style-name="Bullet Symbols" style:num-suffix="." text:bullet-char="•">
    <style:properties text:space-before="0.999cm" text:min-label-width="0.499cm" style:font-name="StarSymbol"/>
   </text:list-level-style-bullet>
   <text:list-level-style-bullet text:level="4" text:style-name="Bullet Symbols" style:num-suffix="." text:bullet-char="•">
    <style:properties text:space-before="1.498cm" text:min-label-width="0.499cm" style:font-name="StarSymbol"/>
   </text:list-level-style-bullet>
   <text:list-level-style-bullet text:level="5" text:style-name="Bullet Symbols" style:num-suffix="." text:bullet-char="•">
    <style:properties text:space-before="1.997cm" text:min-label-width="0.499cm" style:font-name="StarSymbol"/>
   </text:list-level-style-bullet>
   <text:list-level-style-number text:level="6" style:num-suffix="." style:num-format="1">
    <style:properties text:space-before="2.501cm" text:min-label-width="0.499cm"/>
   </text:list-level-style-number>
   <text:list-level-style-number text:level="7" style:num-suffix="." style:num-format="1">
    <style:properties text:space-before="3.001cm" text:min-label-width="0.499cm"/>
   </text:list-level-style-number>
   <text:list-level-style-number text:level="8" style:num-suffix="." style:num-format="1">
    <style:properties text:space-before="3.502cm" text:min-label-width="0.499cm"/>
   </text:list-level-style-number>
   <text:list-level-style-number text:level="9" style:num-suffix="." style:num-format="1">
    <style:properties text:space-before="4.001cm" text:min-label-width="0.499cm"/>
   </text:list-level-style-number>
   <text:list-level-style-number text:level="10" style:num-suffix="." style:num-format="1">
    <style:properties text:space-before="4.502cm" text:min-label-width="0.499cm"/>
   </text:list-level-style-number>
  </text:list-style>
  <text:list-style style:name="L2">
   <text:list-level-style-bullet text:level="1" text:style-name="Bullet Symbols" style:num-suffix="." text:bullet-char="•">
    <style:properties text:min-label-width="0.499cm" style:font-name="StarSymbol"/>
   </text:list-level-style-bullet>
   <text:list-level-style-bullet text:level="2" text:style-name="Bullet Symbols" style:num-suffix="." text:bullet-char="•">
    <style:properties text:space-before="0.499cm" text:min-label-width="0.499cm" style:font-name="StarSymbol"/>
   </text:list-level-style-bullet>
   <text:list-level-style-bullet text:level="3" text:style-name="Bullet Symbols" style:num-suffix="." text:bullet-char="•">
    <style:properties text:space-before="0.999cm" text:min-label-width="0.499cm" style:font-name="StarSymbol"/>
   </text:list-level-style-bullet>
   <text:list-level-style-bullet text:level="4" text:style-name="Bullet Symbols" style:num-suffix="." text:bullet-char="•">
    <style:properties text:space-before="1.498cm" text:min-label-width="0.499cm" style:font-name="StarSymbol"/>
   </text:list-level-style-bullet>
   <text:list-level-style-bullet text:level="5" text:style-name="Bullet Symbols" style:num-suffix="." text:bullet-char="•">
    <style:properties text:space-before="1.997cm" text:min-label-width="0.499cm" style:font-name="StarSymbol"/>
   </text:list-level-style-bullet>
   <text:list-level-style-number text:level="6" style:num-suffix="." style:num-format="1">
    <style:properties text:space-before="2.501cm" text:min-label-width="0.499cm"/>
   </text:list-level-style-number>
   <text:list-level-style-number text:level="7" style:num-suffix="." style:num-format="1">
    <style:properties text:space-before="3.001cm" text:min-label-width="0.499cm"/>
   </text:list-level-style-number>
   <text:list-level-style-number text:level="8" style:num-suffix="." style:num-format="1">
    <style:properties text:space-before="3.502cm" text:min-label-width="0.499cm"/>
   </text:list-level-style-number>
   <text:list-level-style-number text:level="9" style:num-suffix="." style:num-format="1">
    <style:properties text:space-before="4.001cm" text:min-label-width="0.499cm"/>
   </text:list-level-style-number>
   <text:list-level-style-number text:level="10" style:num-suffix="." style:num-format="1">
    <style:properties text:space-before="4.502cm" text:min-label-width="0.499cm"/>
   </text:list-level-style-number>
  </text:list-style>
  <text:list-style style:name="L3">
   <text:list-level-style-number text:level="1" text:style-name="Numbering Symbols" style:num-suffix="." style:num-format="1">
    <style:properties text:min-label-width="0.499cm"/>
   </text:list-level-style-number>
   <text:list-level-style-number text:level="2" text:style-name="Numbering Symbols" style:num-suffix="." style:num-format="1">
    <style:properties text:space-before="0.501cm" text:min-label-width="0.499cm"/>
   </text:list-level-style-number>
   <text:list-level-style-number text:level="3" text:style-name="Numbering Symbols" style:num-suffix="." style:num-format="1">
    <style:properties text:space-before="1cm" text:min-label-width="0.499cm"/>
   </text:list-level-style-number>
   <text:list-level-style-number text:level="4" text:style-name="Numbering Symbols" style:num-suffix="." style:num-format="1">
    <style:properties text:space-before="1.501cm" text:min-label-width="0.499cm"/>
   </text:list-level-style-number>
   <text:list-level-style-number text:level="5" text:style-name="Numbering Symbols" style:num-suffix="." style:num-format="1">
    <style:properties text:space-before="2cm" text:min-label-width="0.499cm"/>
   </text:list-level-style-number>
   <text:list-level-style-number text:level="6" text:style-name="Numbering Symbols" style:num-suffix="." style:num-format="1">
    <style:properties text:space-before="2.501cm" text:min-label-width="0.499cm"/>
   </text:list-level-style-number>
   <text:list-level-style-number text:level="7" text:style-name="Numbering Symbols" style:num-suffix="." style:num-format="1">
    <style:properties text:space-before="3.001cm" text:min-label-width="0.499cm"/>
   </text:list-level-style-number>
   <text:list-level-style-number text:level="8" text:style-name="Numbering Symbols" style:num-suffix="." style:num-format="1">
    <style:properties text:space-before="3.502cm" text:min-label-width="0.499cm"/>
   </text:list-level-style-number>
   <text:list-level-style-number text:level="9" text:style-name="Numbering Symbols" style:num-suffix="." style:num-format="1">
    <style:properties text:space-before="4.001cm" text:min-label-width="0.499cm"/>
   </text:list-level-style-number>
   <text:list-level-style-number text:level="10" text:style-name="Numbering Symbols" style:num-suffix="." style:num-format="1">
    <style:properties text:space-before="4.502cm" text:min-label-width="0.499cm"/>
   </text:list-level-style-number>
  </text:list-style>
 </office:automatic-styles>
 <office:body>
  <text:variable-decls>
   <text:variable-decl text:value-type="string" text:name="HTML_ON"/>
   <text:variable-decl text:value-type="string" text:name="HTML_OFF"/>
   <text:variable-decl text:value-type="string" text:name="TITEL"/>
   <text:variable-decl text:value-type="string" text:name="END"/>
   <text:variable-decl text:value-type="string" text:name="NAME"/>
   <text:variable-decl text:value-type="string" text:name="HREF"/>
   <text:variable-decl text:value-type="string" text:name="HelpID"/>
   <text:variable-decl text:value-type="string" text:name="MODIFY"/>
   <text:variable-decl text:value-type="string" text:name="REFNR"/>
   <text:variable-decl text:value-type="string" text:name="OS2"/>
   <text:variable-decl text:value-type="string" text:name="ELSE"/>
   <text:variable-decl text:value-type="string" text:name="MAC"/>
   <text:variable-decl text:value-type="string" text:name="KEY"/>
   <text:variable-decl text:value-type="string" text:name="INDEX"/>
   <text:variable-decl text:value-type="string" text:name="HFELD"/>
   <text:variable-decl text:value-type="string" text:name="UNIX"/>
   <text:variable-decl text:value-type="string" text:name="WIN"/>
  </text:variable-decls>
  <text:sequence-decls>
   <text:sequence-decl text:display-outline-level="0" text:name="Illustration"/>
   <text:sequence-decl text:display-outline-level="0" text:name="Table"/>
   <text:sequence-decl text:display-outline-level="0" text:name="Text"/>
   <text:sequence-decl text:display-outline-level="0" text:name="Drawing"/>
  </text:sequence-decls>
  <text:p text:style-name="P1"/>
  <text:p text:style-name="Head 1">Información relativa a los filtros de importación y exportación<help:key-word value="Importación; filtro" tag="kw65614_1"/><help:key-word value="Exportación; filtro" tag="kw65614_19"/><help:key-word value="Filtro; para importar y exportar" tag="kw65614_18"/><help:key-word value="Archivo; fltro" tag="kw65614_17"/><help:key-word value="Formato; para abrir y guardar" tag="kw65614_16"/><help:key-word value="Archivo; formato" tag="kw65614_15"/></text:p>
  <text:p text:style-name="Paragraph"><help:productname>%PRODUCTNAME</help:productname> permite abrir y guardar, aparte de sus propios <help:link Id="68543" Eid="xmlformat">formatos XML</help:link>, numerosos formatos XML externos.</text:p>
  <text:p text:style-name="Paragraph"><help:key-word value="tablas de base de datos; como texto" tag="kw65614_14"/><help:key-word value="importar; tablas de base de datos como texto" tag="kw65614_13"/><help:switch select="System"><help:case select ="UNIX">En UNIX, ciertos formatos de archivo no se pueden reconocer de forma automática.</help:case><help:default><help:productname>%PRODUCTNAME</help:productname> suele reconocer automáticamente el tipo de archivo correcto al abrir un archivo.</help:default></help:switch> En ciertos casos deberá seleccionar el tipo de archivo en el diálogo <text:span text:style-name="T1">Abrir</text:span>. Por ejemplo, si dispone de una tabla de base de datos en formato de texto y desea abrirla como tabla de base de datos, deberá especificar el tipo de archivo &quot;Texto CSV&quot; después de seleccionar el archivo.</text:p>
  <text:p text:style-name="Head 2"><help:key-word value="Macro; en documentos de MS Office" tag="kw65614_12"/>Macros Basic en documentos de MS Office</text:p>
  <text:p text:style-name="Paragraph">En <help:link Id="66236">Herramientas - Opciones - Cargar/Guardar - Propiedades VBA</help:link> se puede especificar la configuración de los códigos de macros de VBA en documentos de MS Office. Las macros de VBA no se pueden ejecutar en <help:productname>%PRODUCTNAME</help:productname>; antes deben convertirse y adaptarse. Con frecuencia, lo único que se quiere es utilizar <help:productname>%PRODUCTNAME</help:productname> para modificar el contenido visible de un archivo de Word, Excel o PowerPoint y guardarlo de nuevo en formato de Microsoft Office, sin modificar las macros contenidas en él. Se puede configurar el comportamiento de <help:productname>%PRODUCTNAME</help:productname> para que: Guarde las macros de VBA en forma comentada como subrutina de <help:productname>%PRODUCTNAME</help:productname> y, al guardar el documento en formato de MS Office, vuelva a escribirlas correctamente, u optar por la supresión de las macros de Microsoft Office al cargarlo. La última opción representa una eficaz protección contra posibles virus contenidos en documentos de Microsoft Office.</text:p>
  <text:p text:style-name="Head 2">Observaciones sobre formatos externos y tipos de archivo</text:p>
  <text:p text:style-name="Paragraph">Algunos filtros se pueden seleccionar en los diálogos <text:span text:style-name="T1">Abrir</text:span> y <text:span text:style-name="T1">Guardar</text:span> aunque no estén instalados. En tal caso se mostrará un mensaje indicando que puede instalar el filtro requerido.</text:p>
  <text:p text:style-name="Paragraph">Si desea instalar o eliminar un filtro de la instalación, cierre <help:productname>%PRODUCTNAME</help:productname>, ejecute el programa de instalación <help:productname>%PRODUCTNAME</help:productname> <help:productversion>%PRODUCTVERSION</help:productversion> y seleccione la opción <text:span text:style-name="T1">Modificar</text:span>. Entonces se muestra un diálogo en el que se pueden insertar o eliminar de forma individual los componentes de <help:productname>%PRODUCTNAME</help:productname>. Los filtros de imagen se encuentran en &quot;Componentes opcionales&quot;.</text:p>
  <text:p text:style-name="Head 3"><help:switch select="Program"><help:case select="CALC"></help:case><help:case select="DRAW"></help:case><help:case select="IMPRESS"></help:case><help:default>Importación y exportación de documentos de texto<help:key-word value="Importación; documento de texto" tag="kw65614_11"/><help:key-word value="Exportación; documento de texto" tag="kw65614_10"/><help:key-word value="Documento de texto; importación y exportación" tag="kw65614_9"/></help:default></help:switch></text:p>
  <text:p text:style-name="Paragraph"><help:switch select="Program"><help:case select="CALC"></help:case><help:case select="DRAW"></help:case><help:case select="IMPRESS"></help:case><help:default>Uno de los formatos de texto más conocidos es el de MS Word. <help:productname>%PRODUCTNAME</help:productname> Writer lee distintas versiones de este formato, sin embargo también puede guardar sus textos en formato Word. A pesar de ello, no todo lo que se puede hacer con <help:productname>%PRODUCTNAME</help:productname> Writer se puede transferir a MS Word y no todo se puede importar.</help:default></help:switch></text:p>
  <text:p text:style-name="Paragraph"><help:switch select="Program"><help:case select="CALC"></help:case><help:case select="DRAW"></help:case><help:case select="IMPRESS"></help:case><help:default>Por regla general, la importación se realiza sin problemas. La misma información sobre edición y campos de control se importa (y exporta) de forma que <help:productname>%PRODUCTNAME</help:productname> reconozca el texto que se ha insertado o eliminado de Word, así como los atributos de los caracteres modificados, reproducidos con diversos colores según el autor. También se incorpora información acerca del momento en que se ha realizado la revisión. Cuando se importan cuadros de texto de imagen y títulos de plantillas, se aplican la mayoría de los atributos, como los formatos directos de párrafo y de caracteres, aunque siempre puede que se pierda alguno.</help:default></help:switch></text:p>
  <text:p text:style-name="Paragraph"><help:switch select="Program"><help:case select="CALC"></help:case><help:case select="DRAW"></help:case><help:case select="IMPRESS"></help:case><help:default>Lógicamente, también se pueden importar y exportar archivos <help:popup Id="65619" Eid="rtf">RTF</help:popup>. Este formato de archivo permite el intercambio de textos formateados entre diversas aplicaciones y plataformas. De este modo se transfieren muchos de los formatos soportados por la mayoría de programas. El portapapeles también trabaja con ese formato cada vez que pega un área de <help:productname>%PRODUCTNAME</help:productname> Calc en <help:productname>%PRODUCTNAME</help:productname> Writer mediante <help:link Id="65619" Eid="dde">DDE</help:link>.</help:default></help:switch></text:p>
  <table:table table:name="Tabelle10" table:style-name="Tabelle10">
   <table:table-column table:style-name="Tabelle10.A"/>
   <table:table-column table:style-name="Tabelle10.B"/>
   <table:table-header-rows>
    <table:table-row table:style-name="Tabelle10.1">
     <table:table-cell table:style-name="Tabelle10.A1" table:value-type="string">
      <text:p text:style-name="Paragraph"><draw:image draw:name="Símbolo0" svg:desc="Este símbolo contiene consejos sobre cómo trabajar con el programa de manera más rápida y eficiente." svg:pixelx="32" svg:pixely="32" svg:width="0.847cm" svg:height="0.847cm" xlink:href="66732" draw:filter-name=""/></text:p>

     </table:table-cell>
     <table:table-cell table:style-name="Tabelle10.A1" table:value-type="string">
      <text:p text:style-name="Paragraph">El filtro de texto <text:span text:style-name="T1">texto codificado</text:span> sirve para abrir y guardar documentos de texto con otra codificación de juego de caracteres. El filtro contiene un diálogo en el que se puede configurar el juego de caracteres, la fuente predeterminada, el idioma y el salto de párrafo.</text:p>
     </table:table-cell>
    </table:table-row>
   </table:table-header-rows>
  </table:table>
  <text:p text:style-name="Head 3"><a name="htmlfilter"/><help:key-word value="Importación; documento HTML" tag="kw65614_8"/><help:key-word value="Exportación; documento HTML" tag="kw65614_7"/><help:key-word value="Documento HTML; importación y exportación" tag="kw65614_6"/>Importación y exportación en formato HTML</text:p>
  <text:p text:style-name="Paragraph">Al exportar bordes en documentos de HTML como, por ejemplo, el borde de un párrafo, se exportan las líneas que tienen 1 píxel como mínimo, ya que Netscape Navigator y MS Internet Explorer no reconocen las líneas de menor tamaño. Cuando se realiza la importación, una línea de 1 píxel de ancho pasa a tener 0,05 pt de ancho.</text:p>
  <text:p text:style-name="Paragraph">Con <help:productname>%PRODUCTNAME</help:productname> Writer se pueden insertar notas al pie y al final de página en documentos de HTML. Éstas se exportan en forma de meta-tags y los caracteres de las notas en forma de hiperenlaces.</text:p>
  <text:p text:style-name="Paragraph">Para introducir caracteres desconocidos en un documento HTML se utilizan las notas. Cada nota que comience con un &quot;HTML:...&quot; y termine con &quot;&gt;&quot; se trata como código HTML, pero se exporta sin estas indicaciones. Después de &quot;HTML:...&quot; pueden haber más tags así como texto entre las mismas. Las diéresis se convierten al juego de caracteres ANSI. Al importar también se crean notas (por ejemplo para las meta-tags que no tienen cabida dentro de la información del documento o para tags desconocidas).</text:p>
  <text:p text:style-name="Paragraph"><help:key-word value="UTF-8/UCS2, apoyo; HTML" tag="kw65614_5"/>La importación HTML de <help:productname>%PRODUCTNAME</help:productname> Writer puede leer archivos codificados en UTF-8 o UCS2. De esta forma, se muestran todos los caracteres del juego ANSI o del sistema.</text:p>
  <text:p text:style-name="Paragraph"><help:key-word value="HTML; juego de caracteres para la exportación" tag="kw65614_4"/>Al exportar al formato HTML se <text:s/>utiliza el juego de caracteres indicado en <text:span text:style-name="T1">Herramientas - Opciones - Cargar/Guardar - Compatibilidad HTML</text:span>. Los caracteres que no estén disponibles se reemplazan por la forma &quot;Ӓ&quot; que se representa correctamente en los navegadores web modernos. Al exportar tales caracteres se muestra la advertencia correspondiente.</text:p>
  <text:p text:style-name="Paragraph">Si en el menú <text:span text:style-name="T1">Herramientas - Opciones - Cargar/Guardar - Compatibilidad HTML</text:span> se establece como opción de exportación Netscape Navigator 4.0, MS-Internet Explorer 4.0 o <help:productname>%PRODUCTNAME</help:productname> Writer, en el momento de la exportación los atributos importantes de caracteres se importan como atributos directos (p. ej. color de texto, tamaño de la fuente, negrita, cursiva, etc.) en los estilos CSS1. (<help:link Id="65629" Eid="style">CSS</help:link> significa Cascading Style Sheets. Los Style Sheets se pueden traducir como estilos de formato de impresión.) En todo caso, se importan según dicho estándar.</text:p>
  <text:p text:style-name="Paragraph">La propiedad &quot;font&quot; corresponde a Netscape Navigator; ésta permite especificar, antes de especificar el tamaño de la fuente, valores opcionales para &quot;font-style&quot; (italic [cursiva], none [ninguno]), &quot;font-variant&quot; (normal, small-caps [mayúsculas pequeñas]) y &quot;font-weight&quot; (normal, bold [negrita]).</text:p>
  <text:unordered-list text:style-name="L1">
   <text:list-item>
    <text:p text:style-name="P2">Por ejemplo: &quot;Font: bold italic small-caps 12pt/200% Arial, Helvetica&quot; cambia a negrita, cursiva, versalita, con 12pt, interlineado a doble espacio con la fuente Arial o Helvética, en el caso de que Arial no existiera.</text:p>
   </text:list-item>
  </text:unordered-list>
  <text:unordered-list text:style-name="L2">
   <text:list-item>
    <text:p text:style-name="P3">&quot;Fuente: 10pt&quot; pasa a una fuente con 10pt y al mismo tiempo negrita, cursiva y versalita.</text:p>
   </text:list-item>
  </text:unordered-list>
  <text:p text:style-name="Paragraph">Si como opción de exportación se establece el programa de MS-Internet Explorer 4.0 o <help:productname>%PRODUCTNAME</help:productname> Writer, el tamaño de los campos de control y sus respectivos espacios se exportarán como estilos (formato de impresión). Para los tamaños se utilizan las propiedades CSS1 &quot;width&quot; y &quot;height&quot;. Cuando los espacios son iguales en todas las páginas se utiliza la propiedad &quot;margin&quot; y cuando no lo son, &quot;margin-left&quot;, &quot;margin-right&quot;, &quot;margin-top&quot; y &quot;margin-bottom&quot;.</text:p>
  <text:p text:style-name="Paragraph">Las distancias entre imágenes<help:switch select="System"><help:case select ="WIN">, <help:link Id="65629" Eid="plugin">plug-ins</help:link></help:case></help:switch> y <help:link Id="65629" Eid="applet">applets</help:link> y el contenido se pueden establecer de forma individual con <help:productname>%PRODUCTNAME</help:productname> Writer y MS Internet Explorer 4.0. Si las distancias superior/inferior o izquierda/derecha se establecen de forma distinta, se exportarán como propiedades CSS1 &quot;margin-top&quot;, &quot;margin-bottom&quot;, &quot;margin-left&quot;, &quot;margin-right&quot; en la opción &quot;STYLE&quot; de los tags correspondientes.</text:p>
  <text:p text:style-name="Paragraph">Al utilizar las extensiones CSS1 con objetos colocados de forma absoluta, también se apoyan marcos de texto. Sin embargo, esto es aplicable únicamente al navegador de exportación Netscape Navigator 4.0, MS Internet Explorer 4.0 y <help:productname>%PRODUCTNAME</help:productname> Writer. Se pueden alinear marcos de texto tales como imágenes,<help:switch select="System"><help:case select ="WIN"> plug-ins, </help:case></help:switch>applets y ventanas flotantes (floating frames), pero no marcos de caracteres.</text:p>
  <text:p text:style-name="Paragraph">Los marcos de texto se exportan como Tags &quot;&lt;SPAN&gt;&quot; o &quot;&lt;DIV&gt;&quot; si no contienen ninguna columna. Si existen columnas la exportación se realiza como &quot;&lt;MULTICOL&gt;&quot;.</text:p>
  <text:p text:style-name="Paragraph">Cuando se exporta en formato HTML se toma como unidad de medida la que actualmente se utiliza en <help:productname>%PRODUCTNAME</help:productname> para las propiedades CSS1. Para establecer la unidad de medida de textos y documentos HTML, acceda a <text:span text:style-name="T1">Herramientas - Opciones - Documento de texto - General</text:span> o <text:span text:style-name="T1">Herramientas - Opciones - Documento HTML - Ver</text:span>. La cantidad de decimales exportados depende de la unidad:</text:p>
  <table:table table:name="Tabelle1" table:style-name="Tabelle1">
   <table:table-column table:style-name="Tabelle1.A"/>
   <table:table-column table:style-name="Tabelle1.B"/>
   <table:table-column table:style-name="Tabelle1.C"/>
   <table:table-header-rows>
    <table:table-row>
     <table:table-cell table:style-name="Tabelle1.A1" table:value-type="string">
      <text:p text:style-name="TableHead">Unidad de medida</text:p>
     </table:table-cell>
     <table:table-cell table:style-name="Tabelle1.A1" table:value-type="string">
      <text:p text:style-name="TableHead">Nombre de la unida de medida en CSS1</text:p>
     </table:table-cell>
     <table:table-cell table:style-name="Tabelle1.C1" table:value-type="string">
      <text:p text:style-name="TableHead">Cantidad máxima de decimales</text:p>
     </table:table-cell>
    </table:table-row>
   </table:table-header-rows>
   <table:table-row>
    <table:table-cell table:style-name="Tabelle1.A2" table:value-type="string">
     <text:p text:style-name="TextInTable">Milímetro</text:p>
    </table:table-cell>
    <table:table-cell table:style-name="Tabelle1.A2" table:value-type="string">
     <text:p text:style-name="TextInTable">mm</text:p>
    </table:table-cell>
    <table:table-cell table:style-name="Tabelle1.C2" table:value-type="string">
     <text:p text:style-name="TextInTable">2</text:p>
    </table:table-cell>
   </table:table-row>
   <table:table-row>
    <table:table-cell table:style-name="Tabelle1.A2" table:value-type="string">
     <text:p text:style-name="TextInTable">Centímetro</text:p>
    </table:table-cell>
    <table:table-cell table:style-name="Tabelle1.A2" table:value-type="string">
     <text:p text:style-name="TextInTable">cm</text:p>
    </table:table-cell>
    <table:table-cell table:style-name="Tabelle1.C2" table:value-type="string">
     <text:p text:style-name="TextInTable">2</text:p>
    </table:table-cell>
   </table:table-row>
   <table:table-row>
    <table:table-cell table:style-name="Tabelle1.A2" table:value-type="string">
     <text:p text:style-name="TextInTable">Pulgada</text:p>
    </table:table-cell>
    <table:table-cell table:style-name="Tabelle1.A2" table:value-type="string">
     <text:p text:style-name="TextInTable">en</text:p>
    </table:table-cell>
    <table:table-cell table:style-name="Tabelle1.C2" table:value-type="string">
     <text:p text:style-name="TextInTable">2</text:p>
    </table:table-cell>
   </table:table-row>
   <table:table-row>
    <table:table-cell table:style-name="Tabelle1.A2" table:value-type="string">
     <text:p text:style-name="TextInTable">Pica</text:p>
    </table:table-cell>
    <table:table-cell table:style-name="Tabelle1.A2" table:value-type="string">
     <text:p text:style-name="TextInTable">pc</text:p>
    </table:table-cell>
    <table:table-cell table:style-name="Tabelle1.C2" table:value-type="string">
     <text:p text:style-name="TextInTable">2</text:p>
    </table:table-cell>
   </table:table-row>
   <table:table-row>
    <table:table-cell table:style-name="Tabelle1.A2" table:value-type="string">
     <text:p text:style-name="TextInTable">Punto</text:p>
    </table:table-cell>
    <table:table-cell table:style-name="Tabelle1.A2" table:value-type="string">
     <text:p text:style-name="TextInTable">pt</text:p>
    </table:table-cell>
    <table:table-cell table:style-name="Tabelle1.C2" table:value-type="string">
     <text:p text:style-name="TextInTable">1</text:p>
    </table:table-cell>
   </table:table-row>
  </table:table>
  <text:p text:style-name="Paragraph">El filtro de páginas web de <help:productname>%PRODUCTNAME</help:productname> admite algunas de las posibilidades del CSS2. Para utilizarlas, en el menú <text:span text:style-name="T1">Herramientas - Opciones... - Cargar/Guardar - Compatibilidad HTML </text:span>debe estar activada la opción &quot;Configuración impresora&quot;. En los documentos HTML, además del estilo de página HTML, también se pueden utilizar los estilos &quot;primera página&quot;, &quot;página izquierda&quot; y &quot;página derecha&quot;. Estos estilos permiten que al imprimir se puedan asignar diferentes anchos de página y bordes a la primera página, a las pares y a las impares.</text:p>
  <text:p text:style-name="Head 3">Importación y exportación de numeraciones</text:p>
  <text:p text:style-name="Paragraph">Si dentro de <text:span text:style-name="T1">Herramientas - Opciones - Cargar/Guardar - Compatibilidad HTML</text:span> se selecciona la opción de exportación &quot;<help:productname>%PRODUCTNAME</help:productname> Writer&quot; o &quot;Internet Explorer&quot;, las sangrías de las numeraciones se exportan como propiedad CSS1 &quot;margin-left&quot;, en el atributo STYLE de los tags &lt;OL&gt; y &lt;UL&gt;. La propiedad establece la diferencia a la hora de introducir el siguiente nivel superior.</text:p>
  <text:p text:style-name="Paragraph">Las sangrías de párrafo izquierdo se introducen en las numeraciones como propiedad CSS1 &quot;margin-left&quot;. Las sangrías de la primera línea no se tienen en cuenta en las numeraciones y tampoco se exportan.</text:p>
  <text:p text:style-name="Head 3">Importación y exportación de los archivos de hojas de cálculo</text:p>
  <text:p text:style-name="Paragraph"><help:productname>%PRODUCTNAME</help:productname> puede importar y exportar referencias a secciones que se han suprimido; por ejemplo, una referencia de columna. La fórmula entera se puede visualizar durante el proceso de exportación; la referencia suprimida contiene una indicación (#REF!) a la referencia. Durante la importación se creará una #REF! correspondiente para la referencia.</text:p>
  <text:p text:style-name="Head 3">Importación y exportación de archivos de imágenes</text:p>
  <text:p text:style-name="Paragraph">Al igual que en los documentos de HTML, puede decidir si para abrir archivos de imágenes en <help:productname>%PRODUCTNAME</help:productname> desea utilizar un filtro sin o con la información (<help:productname>%PRODUCTNAME</help:productname> Impress)&quot; en el nombre. En el primer caso se abre el archivo como documento de <help:productname>%PRODUCTNAME</help:productname> Draw, en el segundo el archivo guardado con un antiguo StarDraw se abre en <help:productname>%PRODUCTNAME</help:productname> Impress, de forma que pueda utilizar el documento como referencia para una presentación.</text:p>
  <text:p text:style-name="Paragraph">Al importar un archivo EPS se muestra en el documento una vista preliminar de la imagen. Si no hay vista preliminar disponible, se muestra en el documento un marco del tamaño de la imagen. En Unix y en Microsoft Windows se puede imprimir el archivo importado mediante una impresora PostScript. <help:switch select="System"><help:case select ="UNIX"></help:case><help:default>Si se utiliza una impresora distinta se imprimirá la vista preliminar.</help:default></help:switch> Al exportar imágenes en formato EPS se crea una vista preliminar con formato TIFF o EPSI. Si se exporta una imagen EPS junto con otras imágenes en formato EPS, dicho archivo se incrustará sin cambios en el nuevo archivo.</text:p>
  <text:p text:style-name="Paragraph">Cuando se importan y exportan imágenes en formato TIFF, también debe tenerse en cuenta lo que se conoce como multipage-Tiffs. Se trata de conjuntos de imágenes individuales guardadas en un solo archivo, por ejemplo, cada una de las páginas de un fax.</text:p>
  <text:p text:style-name="Paragraph">En el menú <text:span text:style-name="T1">Archivo - Exportar</text:span> encontrará algunas opciones de <help:productname>%PRODUCTNAME</help:productname> Draw y <help:productname>%PRODUCTNAME</help:productname> Impress.</text:p>
  <text:p text:style-name="Head 3"><help:key-word value="PostScript; creación de archivos" tag="kw65614_3"/><help:key-word value="exportar; PostScript" tag="kw65614_2"/>PostScript</text:p>
  <text:p text:style-name="Paragraph">Para exportar un documento o imagen en formato PostScript:</text:p>
  <text:ordered-list text:style-name="L3">
   <text:list-item>
    <text:p text:style-name="P4">Instale, si no se ha efectuado antes, un controlador de impresora PostScript como, por ejemplo, el controlador para la impresora Apple LaserWriter.</text:p>
   </text:list-item>
   <text:list-item>
    <text:p text:style-name="P4">Imprima el documento mediante la orden <text:span text:style-name="T1">Archivo - Imprimir</text:span>.</text:p>
   </text:list-item>
   <text:list-item>
    <text:p text:style-name="P4">Seleccione la impresora PostScript en el diálogo y seleccione la casilla de verificación <text:span text:style-name="T1">Imprimir en archivo</text:span>. Se creará un archivo PostScript.</text:p>
   </text:list-item>
  </text:ordered-list>
 </office:body>
</office:document>
