

<office:document  xmlns:office="http://openoffice.org/2000/office" xmlns:style="http://openoffice.org/2000/style" xmlns:text="http://openoffice.org/2000/text" xmlns:table="http://openoffice.org/2000/table" xmlns:draw="http://openoffice.org/2000/drawing" xmlns:fo="http://www.w3.org/1999/XSL/Format" xmlns:xlink="http://www.w3.org/1999/xlink" xmlns:number="http://openoffice.org/2000/datastyle" xmlns:svg="http://www.w3.org/2000/svg" xmlns:chart="http://openoffice.org/2000/chart" xmlns:dr3d="http://openoffice.org/2000/dr3d" xmlns:math="http://www.w3.org/1998/Math/MathML" xmlns:form="http://openoffice.org/2000/form" xmlns:script="http://openoffice.org/2000/script" office:class="text" office:version="1.0" xmlns:dc="http://purl.org/dc/elements/1.1/" xmlns:meta="http://openoffice.org/2000/meta" xmlns:help="http://openoffice.org/2000/help">
<office:meta>
  <dc:description>text/common/00/00000215</dc:description>
  <dc:subject>Opciones de filtro ASCII</dc:subject>

  <dc:language>es-ES</dc:language>
  <meta:user-defined meta:name="Info 0">READY</meta:user-defined>
  <meta:user-defined meta:name="Info 1">FREE_OK</meta:user-defined>
  <meta:user-defined meta:name="Info 2"/>
  <meta:user-defined meta:name="Info 3"/>
</office:meta>
 <office:script/>
 <office:font-decls>
  <style:font-decl style:name="StarSymbol" fo:font-family="StarSymbol" style:font-charset="x-symbol"/>
  <style:font-decl style:name="Courier New" fo:font-family="&apos;Courier New&apos;" style:font-style-name="Standard" style:font-family-generic="modern" style:font-pitch="fixed"/>
  <style:font-decl style:name="Courier" fo:font-family="Courier" style:font-family-generic="roman" style:font-pitch="fixed"/>
  <style:font-decl style:name="Arial Unicode MS" fo:font-family="&apos;Arial Unicode MS&apos;" style:font-pitch="variable"/>
  <style:font-decl style:name="HG Mincho Light J" fo:font-family="&apos;HG Mincho Light J&apos;" style:font-pitch="variable"/>
  <style:font-decl style:name="Times New Roman3" fo:font-family="&apos;Times New Roman&apos;" style:font-pitch="variable"/>
  <style:font-decl style:name="Thorndale" fo:font-family="Thorndale" style:font-family-generic="roman" style:font-pitch="variable"/>
  <style:font-decl style:name="Times New Roman2" fo:font-family="&apos;Times New Roman&apos;" style:font-style-name="Fett" style:font-family-generic="roman" style:font-pitch="variable"/>
  <style:font-decl style:name="Times New Roman" fo:font-family="&apos;Times New Roman&apos;" style:font-style-name="Standard" style:font-family-generic="roman" style:font-pitch="variable"/>
  <style:font-decl style:name="Times New Roman1" fo:font-family="&apos;Times New Roman&apos;" style:font-family-generic="swiss" style:font-pitch="variable"/>
 </office:font-decls>
 <office:automatic-styles>
  <style:style style:name="P1" style:family="paragraph" style:parent-style-name="Paragraph" style:master-page-name="HTML">
   <style:properties style:page-number="0"/>
  </style:style>
 </office:automatic-styles>
 <office:body>
  <text:variable-decls>
   <text:variable-decl text:value-type="string" text:name="HTML_ON"/>
   <text:variable-decl text:value-type="string" text:name="HTML_OFF"/>
   <text:variable-decl text:value-type="string" text:name="TITEL"/>
   <text:variable-decl text:value-type="string" text:name="END"/>
   <text:variable-decl text:value-type="string" text:name="WIN"/>
   <text:variable-decl text:value-type="string" text:name="HREF"/>
   <text:variable-decl text:value-type="string" text:name="NAME"/>
   <text:variable-decl text:value-type="string" text:name="HelpID"/>
   <text:variable-decl text:value-type="string" text:name="MODIFY"/>
   <text:variable-decl text:value-type="string" text:name="REFNR"/>
   <text:variable-decl text:value-type="string" text:name="HFELD"/>
   <text:variable-decl text:value-type="string" text:name="AKTHLP"/>
   <text:variable-decl text:value-type="string" text:name="INDEX"/>
   <text:variable-decl text:value-type="string" text:name="KEY"/>
   <text:variable-decl text:value-type="string" text:name="STYLE"/>
  </text:variable-decls>
  <text:sequence-decls>
   <text:sequence-decl text:display-outline-level="0" text:name="Illustration"/>
   <text:sequence-decl text:display-outline-level="0" text:name="Table"/>
   <text:sequence-decl text:display-outline-level="0" text:name="Text"/>
   <text:sequence-decl text:display-outline-level="0" text:name="Drawing"/>
  </text:sequence-decls>
  <text:p text:style-name="P1"/>
  <text:p text:style-name="Head 1"><a name="encoded"/><help:key-word value="Filtro; texto codificado" tag="kw65592_1"/><help:key-word value="Texto codificado; filtro" tag="kw65592_4"/><help:key-word value="ASCII; filtro" tag="kw65592_3"/><help:key-word value="Filtro; ASCII" tag="kw65592_2"/>Opciones de filtro ASCII</text:p>
  <text:p text:style-name="Paragraph">Se pueden especificar las opciones que se importan o exportan con un documento de texto, como la fuente básica, el idioma, el juego de caracteres o los saltos. El diálogo aparece al cargar un archivo ASCII con el filtro &quot;Texto codificado&quot;, al guardar el documento por primera vez o al guardarlo con otro nombre.</text:p>
  <help:popup Id="65611" Eid="ascii"><help:embedded Id="65598" Eid="wie"></help:embedded></help:popup>
  <text:p text:style-name="Head 2">Propiedades</text:p>
  <text:p text:style-name="Paragraph">Define la configuración de importación y exportación de archivos. Al exportar sólo pueden definirse el juego de caracteres y el salto de párrafo.</text:p>
  <text:p text:style-name="Head 3"><help:help-id value="SW_LISTBOX_DLG_ASCII_FILTER_LB_CHARSET"/>Juego de caracteres</text:p>
  <text:p text:style-name="Paragraph"><help:help-text value="visible">Especifica el juego de caracteres del archivo que se va a importar o exportar.</help:help-text></text:p>
  <text:p text:style-name="Head 3"><help:help-id value="SW_LISTBOX_DLG_ASCII_FILTER_LB_FONT"/>Fuente predeterminada</text:p>
  <text:p text:style-name="Paragraph"><help:help-text value="visible">Al establecer una fuente predeterminada se especifica que el texto se debe mostrar con una fuente específica. Las fuentes predeterminadas sólo se pueden seleccionar al importar.</help:help-text> En el equipo se muestran las fuentes disponibles.</text:p>
  <text:p text:style-name="Head 3"><help:help-id value="SW_LISTBOX_DLG_ASCII_FILTER_LB_LANGUAGE"/>Idioma</text:p>
  <text:p text:style-name="Paragraph"><help:help-text value="visible">Especifica el idioma del texto si aún no se ha definido. Este parámetro de configuración sólo está disponible al importar.</help:help-text></text:p>
  <text:p text:style-name="Head 3">Salto de párrafo</text:p>
  <text:p text:style-name="Paragraph">Define el tipo de salto de párrafo de una línea de texto.</text:p>
  <text:p text:style-name="Head 3"><help:help-id value="SW_RADIOBUTTON_DLG_ASCII_FILTER_RB_CRLF"/>CR &amp; LF</text:p>
  <text:p text:style-name="Paragraph"><help:help-text value="visible">Genera un &quot;Retorno de carro&quot; y un &quot;Salto de línea&quot;. Es la opción predeterminada.</help:help-text></text:p>
  <text:p text:style-name="Head 3"><help:help-id value="SW_RADIOBUTTON_DLG_ASCII_FILTER_RB_CR"/>CR</text:p>
  <text:p text:style-name="Paragraph"><help:help-text value="visible">Genera un &quot;Retorno de carro&quot; como salto de párrafo.</help:help-text></text:p>
  <text:p text:style-name="Head 3"><help:help-id value="SW_RADIOBUTTON_DLG_ASCII_FILTER_RB_LF"/>LF</text:p>
  <text:p text:style-name="Paragraph"><help:help-text value="visible">Genera un &quot;Salto de línea&quot; como salto de párrafo.</help:help-text></text:p>
 </office:body>
</office:document>
