

<office:document  xmlns:office="http://openoffice.org/2000/office" xmlns:style="http://openoffice.org/2000/style" xmlns:text="http://openoffice.org/2000/text" xmlns:table="http://openoffice.org/2000/table" xmlns:draw="http://openoffice.org/2000/drawing" xmlns:fo="http://www.w3.org/1999/XSL/Format" xmlns:xlink="http://www.w3.org/1999/xlink" xmlns:number="http://openoffice.org/2000/datastyle" xmlns:svg="http://www.w3.org/2000/svg" xmlns:chart="http://openoffice.org/2000/chart" xmlns:dr3d="http://openoffice.org/2000/dr3d" xmlns:math="http://www.w3.org/1998/Math/MathML" xmlns:form="http://openoffice.org/2000/form" xmlns:script="http://openoffice.org/2000/script" office:class="text" office:version="1.0" xmlns:dc="http://purl.org/dc/elements/1.1/" xmlns:meta="http://openoffice.org/2000/meta" xmlns:help="http://openoffice.org/2000/help">
<office:meta>
  <dc:description>text/common/00/00040501</dc:description>
  <dc:subject>Menú Formato</dc:subject>
  <meta:keywords>
   <meta:keyword>$Version</meta:keyword>
  </meta:keywords>
  <dc:language>es-ES</dc:language>
  <meta:user-defined meta:name="Info 0">READY</meta:user-defined>
  <meta:user-defined meta:name="Info 1">FREE_OK</meta:user-defined>
  <meta:user-defined meta:name="Info 2">NOINDEX</meta:user-defined>
  <meta:user-defined meta:name="Info 3"/>
</office:meta>
 <office:script/>
 <office:font-decls>
  <style:font-decl style:name="StarSymbol" fo:font-family="StarSymbol" style:font-charset="x-symbol"/>
  <style:font-decl style:name="Courier New" fo:font-family="&apos;Courier New&apos;" style:font-style-name="Standard" style:font-family-generic="modern" style:font-pitch="fixed"/>
  <style:font-decl style:name="Courier" fo:font-family="Courier" style:font-family-generic="roman" style:font-pitch="fixed"/>
  <style:font-decl style:name="Arial Unicode MS" fo:font-family="&apos;Arial Unicode MS&apos;" style:font-pitch="variable"/>
  <style:font-decl style:name="HG Mincho Light J" fo:font-family="&apos;HG Mincho Light J&apos;" style:font-pitch="variable"/>
  <style:font-decl style:name="Times New Roman3" fo:font-family="&apos;Times New Roman&apos;" style:font-pitch="variable"/>
  <style:font-decl style:name="Thorndale" fo:font-family="Thorndale" style:font-family-generic="roman" style:font-pitch="variable"/>
  <style:font-decl style:name="Times New Roman2" fo:font-family="&apos;Times New Roman&apos;" style:font-style-name="Fett" style:font-family-generic="roman" style:font-pitch="variable"/>
  <style:font-decl style:name="Times New Roman" fo:font-family="&apos;Times New Roman&apos;" style:font-style-name="Standard" style:font-family-generic="roman" style:font-pitch="variable"/>
  <style:font-decl style:name="Times New Roman1" fo:font-family="&apos;Times New Roman&apos;" style:font-family-generic="swiss" style:font-pitch="variable"/>
 </office:font-decls>
 <office:automatic-styles>
  <style:style style:name="Tabelle42" style:family="table">
   <style:properties style:width="18cm" table:align="margins"/>
  </style:style>
  <style:style style:name="Tabelle42.A" style:family="table-column">
   <style:properties style:column-width="1.499cm" style:rel-column-width="5458*"/>
  </style:style>
  <style:style style:name="Tabelle42.B" style:family="table-column">
   <style:properties style:column-width="16.501cm" style:rel-column-width="60039*"/>
  </style:style>
  <style:style style:name="Tabelle15" style:family="table">
   <style:properties style:width="18cm" table:align="margins"/>
  </style:style>
  <style:style style:name="Tabelle15.A" style:family="table-column">
   <style:properties style:column-width="1.499cm" style:rel-column-width="803*"/>
  </style:style>
  <style:style style:name="Tabelle15.B" style:family="table-column">
   <style:properties style:column-width="16.499cm" style:rel-column-width="8833*"/>
  </style:style>
  <style:style style:name="Tabelle16" style:family="table">
   <style:properties style:width="18cm" table:align="margins"/>
  </style:style>
  <style:style style:name="Tabelle16.A" style:family="table-column">
   <style:properties style:column-width="1.499cm" style:rel-column-width="803*"/>
  </style:style>
  <style:style style:name="Tabelle16.B" style:family="table-column">
   <style:properties style:column-width="16.499cm" style:rel-column-width="8833*"/>
  </style:style>
  <style:style style:name="Tabelle17" style:family="table">
   <style:properties style:width="18cm" table:align="margins"/>
  </style:style>
  <style:style style:name="Tabelle17.A" style:family="table-column">
   <style:properties style:column-width="1.499cm" style:rel-column-width="803*"/>
  </style:style>
  <style:style style:name="Tabelle17.B" style:family="table-column">
   <style:properties style:column-width="16.499cm" style:rel-column-width="8833*"/>
  </style:style>
  <style:style style:name="Tabelle18" style:family="table">
   <style:properties style:width="18cm" table:align="margins"/>
  </style:style>
  <style:style style:name="Tabelle18.A" style:family="table-column">
   <style:properties style:column-width="1.499cm" style:rel-column-width="803*"/>
  </style:style>
  <style:style style:name="Tabelle18.B" style:family="table-column">
   <style:properties style:column-width="16.499cm" style:rel-column-width="8833*"/>
  </style:style>
  <style:style style:name="Tabelle20" style:family="table">
   <style:properties style:width="18cm" table:align="margins"/>
  </style:style>
  <style:style style:name="Tabelle20.A" style:family="table-column">
   <style:properties style:column-width="1.499cm" style:rel-column-width="803*"/>
  </style:style>
  <style:style style:name="Tabelle20.B" style:family="table-column">
   <style:properties style:column-width="16.499cm" style:rel-column-width="8833*"/>
  </style:style>
  <style:style style:name="Tabelle19" style:family="table">
   <style:properties style:width="18cm" table:align="margins"/>
  </style:style>
  <style:style style:name="Tabelle19.A" style:family="table-column">
   <style:properties style:column-width="1.499cm" style:rel-column-width="803*"/>
  </style:style>
  <style:style style:name="Tabelle19.B" style:family="table-column">
   <style:properties style:column-width="16.499cm" style:rel-column-width="8833*"/>
  </style:style>
  <style:style style:name="Tabelle21" style:family="table">
   <style:properties style:width="18cm" table:align="margins"/>
  </style:style>
  <style:style style:name="Tabelle21.A" style:family="table-column">
   <style:properties style:column-width="1.499cm" style:rel-column-width="803*"/>
  </style:style>
  <style:style style:name="Tabelle21.B" style:family="table-column">
   <style:properties style:column-width="16.499cm" style:rel-column-width="8833*"/>
  </style:style>
  <style:style style:name="Tabelle22" style:family="table">
   <style:properties style:width="18cm" table:align="margins"/>
  </style:style>
  <style:style style:name="Tabelle22.A" style:family="table-column">
   <style:properties style:column-width="1.499cm" style:rel-column-width="803*"/>
  </style:style>
  <style:style style:name="Tabelle22.B" style:family="table-column">
   <style:properties style:column-width="16.499cm" style:rel-column-width="8833*"/>
  </style:style>
  <style:style style:name="Tabelle29" style:family="table">
   <style:properties style:width="17.995cm" fo:margin-left="0cm" fo:margin-right="0.005cm" table:align="margins"/>
  </style:style>
  <style:style style:name="Tabelle29.A" style:family="table-column">
   <style:properties style:column-width="1.501cm" style:rel-column-width="5465*"/>
  </style:style>
  <style:style style:name="Tabelle29.B" style:family="table-column">
   <style:properties style:column-width="16.494cm" style:rel-column-width="60050*"/>
  </style:style>
  <style:style style:name="Tabelle8" style:family="table">
   <style:properties style:width="18cm" table:align="margins"/>
  </style:style>
  <style:style style:name="Tabelle8.A" style:family="table-column">
   <style:properties style:column-width="1.501cm" style:rel-column-width="5465*"/>
  </style:style>
  <style:style style:name="Tabelle8.B" style:family="table-column">
   <style:properties style:column-width="16.499cm" style:rel-column-width="60051*"/>
  </style:style>
  <style:style style:name="Tabelle12" style:family="table">
   <style:properties style:width="18cm" table:align="margins"/>
  </style:style>
  <style:style style:name="Tabelle12.A" style:family="table-column">
   <style:properties style:column-width="1.501cm" style:rel-column-width="5465*"/>
  </style:style>
  <style:style style:name="Tabelle12.B" style:family="table-column">
   <style:properties style:column-width="16.499cm" style:rel-column-width="60051*"/>
  </style:style>
  <style:style style:name="Tabelle13" style:family="table">
   <style:properties style:width="18cm" table:align="margins"/>
  </style:style>
  <style:style style:name="Tabelle13.A" style:family="table-column">
   <style:properties style:column-width="1.501cm" style:rel-column-width="5465*"/>
  </style:style>
  <style:style style:name="Tabelle13.B" style:family="table-column">
   <style:properties style:column-width="16.499cm" style:rel-column-width="60051*"/>
  </style:style>
  <style:style style:name="Tabelle9" style:family="table">
   <style:properties style:width="18cm" table:align="margins"/>
  </style:style>
  <style:style style:name="Tabelle9.A" style:family="table-column">
   <style:properties style:column-width="1.501cm" style:rel-column-width="5464*"/>
  </style:style>
  <style:style style:name="Tabelle9.B" style:family="table-column">
   <style:properties style:column-width="16.499cm" style:rel-column-width="60052*"/>
  </style:style>
  <style:style style:name="Tabelle10" style:family="table">
   <style:properties style:width="18cm" table:align="margins"/>
  </style:style>
  <style:style style:name="Tabelle10.A" style:family="table-column">
   <style:properties style:column-width="1.501cm" style:rel-column-width="5464*"/>
  </style:style>
  <style:style style:name="Tabelle10.B" style:family="table-column">
   <style:properties style:column-width="16.499cm" style:rel-column-width="60052*"/>
  </style:style>
  <style:style style:name="Tabelle11" style:family="table">
   <style:properties style:width="18cm" table:align="margins"/>
  </style:style>
  <style:style style:name="Tabelle11.A" style:family="table-column">
   <style:properties style:column-width="1.501cm" style:rel-column-width="5465*"/>
  </style:style>
  <style:style style:name="Tabelle11.B" style:family="table-column">
   <style:properties style:column-width="16.499cm" style:rel-column-width="60051*"/>
  </style:style>
  <style:style style:name="Tabelle1" style:family="table">
   <style:properties style:width="18cm" table:align="margins"/>
  </style:style>
  <style:style style:name="Tabelle1.A" style:family="table-column">
   <style:properties style:column-width="1.499cm" style:rel-column-width="5458*"/>
  </style:style>
  <style:style style:name="Tabelle1.B" style:family="table-column">
   <style:properties style:column-width="16.501cm" style:rel-column-width="60058*"/>
  </style:style>
  <style:style style:name="Tabelle2" style:family="table">
   <style:properties style:width="18cm" table:align="margins"/>
  </style:style>
  <style:style style:name="Tabelle2.A" style:family="table-column">
   <style:properties style:column-width="1.501cm" style:rel-column-width="5465*"/>
  </style:style>
  <style:style style:name="Tabelle2.B" style:family="table-column">
   <style:properties style:column-width="16.499cm" style:rel-column-width="60070*"/>
  </style:style>
  <style:style style:name="Tabelle4" style:family="table">
   <style:properties style:width="18cm" table:align="margins"/>
  </style:style>
  <style:style style:name="Tabelle4.A" style:family="table-column">
   <style:properties style:column-width="1.501cm" style:rel-column-width="5465*"/>
  </style:style>
  <style:style style:name="Tabelle4.B" style:family="table-column">
   <style:properties style:column-width="16.499cm" style:rel-column-width="60070*"/>
  </style:style>
  <style:style style:name="Tabelle5" style:family="table">
   <style:properties style:width="18cm" table:align="margins"/>
  </style:style>
  <style:style style:name="Tabelle5.A" style:family="table-column">
   <style:properties style:column-width="1.501cm" style:rel-column-width="5465*"/>
  </style:style>
  <style:style style:name="Tabelle5.B" style:family="table-column">
   <style:properties style:column-width="16.499cm" style:rel-column-width="60070*"/>
  </style:style>
  <style:style style:name="Tabelle6" style:family="table">
   <style:properties style:width="18cm" table:align="margins"/>
  </style:style>
  <style:style style:name="Tabelle6.A" style:family="table-column">
   <style:properties style:column-width="1.501cm" style:rel-column-width="5465*"/>
  </style:style>
  <style:style style:name="Tabelle6.B" style:family="table-column">
   <style:properties style:column-width="16.499cm" style:rel-column-width="60070*"/>
  </style:style>
  <style:style style:name="Tabelle7" style:family="table">
   <style:properties style:width="18cm" table:align="margins"/>
  </style:style>
  <style:style style:name="Tabelle7.A" style:family="table-column">
   <style:properties style:column-width="1.501cm" style:rel-column-width="5465*"/>
  </style:style>
  <style:style style:name="Tabelle7.B" style:family="table-column">
   <style:properties style:column-width="16.499cm" style:rel-column-width="60070*"/>
  </style:style>
  <style:style style:name="Tabelle3" style:family="table">
   <style:properties style:width="18cm" table:align="margins"/>
  </style:style>
  <style:style style:name="Tabelle3.A" style:family="table-column">
   <style:properties style:column-width="1.501cm" style:rel-column-width="5465*"/>
  </style:style>
  <style:style style:name="Tabelle3.B" style:family="table-column">
   <style:properties style:column-width="16.499cm" style:rel-column-width="60051*"/>
  </style:style>
  <style:style style:name="Tabelle14" style:family="table">
   <style:properties style:width="18cm" table:align="margins"/>
  </style:style>
  <style:style style:name="Tabelle14.A" style:family="table-column">
   <style:properties style:column-width="1.501cm" style:rel-column-width="5465*"/>
  </style:style>
  <style:style style:name="Tabelle14.B" style:family="table-column">
   <style:properties style:column-width="16.499cm" style:rel-column-width="60051*"/>
  </style:style>
  <style:style style:name="P1" style:family="paragraph" style:parent-style-name="Paragraph" style:master-page-name="HTML">
   <style:properties style:page-number="0"/>
  </style:style>
  <style:style style:name="T1" style:family="text">
   <style:properties fo:font-weight="bold"/>
  </style:style>
  <style:style style:name="fr1" style:family="graphics" style:parent-style-name="Graphics">
   <style:properties style:wrap="run-through" style:horizontal-pos="left" style:horizontal-rel="paragraph" style:mirror="none" fo:clip="rect(0cm 0cm 0cm 0cm)" draw:luminance="0%" draw:contrast="0%" draw:red="0%" draw:green="0%" draw:blue="0%" draw:gamma="1" draw:color-inversion="false" draw:transparency="-100%" draw:color-mode="standard"/>
  </style:style>
  <style:style style:name="fr2" style:family="graphics" style:parent-style-name="Graphics">
   <style:properties style:run-through="foreground" style:wrap="run-through" style:vertical-pos="top" style:vertical-rel="paragraph" style:horizontal-pos="left" style:horizontal-rel="paragraph" style:mirror="none" fo:clip="rect(0cm 0cm 0cm 0cm)" draw:luminance="0%" draw:contrast="0%" draw:red="0%" draw:green="0%" draw:blue="0%" draw:gamma="1" draw:color-inversion="false" draw:transparency="-100%" draw:color-mode="standard"/>
  </style:style>
  <style:style style:name="fr3" style:family="graphics" style:parent-style-name="Graphics">
   <style:properties style:run-through="foreground" style:wrap="run-through" style:horizontal-pos="left" style:horizontal-rel="paragraph" style:mirror="none" fo:clip="rect(0cm 0cm 0cm 0cm)" draw:luminance="0%" draw:contrast="0%" draw:red="0%" draw:green="0%" draw:blue="0%" draw:gamma="1" draw:color-inversion="false" draw:transparency="-100%" draw:color-mode="standard"/>
  </style:style>
 </office:automatic-styles>
 <office:body>
  <text:variable-decls>
   <text:variable-decl text:value-type="string" text:name="HTML_ON"/>
   <text:variable-decl text:value-type="string" text:name="HTML_OFF"/>
   <text:variable-decl text:value-type="string" text:name="TITEL"/>
   <text:variable-decl text:value-type="string" text:name="END"/>
   <text:variable-decl text:value-type="string" text:name="OS2"/>
   <text:variable-decl text:value-type="string" text:name="ELSE"/>
   <text:variable-decl text:value-type="string" text:name="NAME"/>
   <text:variable-decl text:value-type="string" text:name="MAC"/>
   <text:variable-decl text:value-type="string" text:name="HREF"/>
   <text:variable-decl text:value-type="string" text:name="MODIFY"/>
   <text:variable-decl text:value-type="string" text:name="REFNR"/>
   <text:variable-decl text:value-type="string" text:name="HFELD"/>
   <text:variable-decl text:value-type="string" text:name="STYLE"/>
  </text:variable-decls>
  <text:sequence-decls>
   <text:sequence-decl text:display-outline-level="0" text:name="Illustration"/>
   <text:sequence-decl text:display-outline-level="0" text:name="Table"/>
   <text:sequence-decl text:display-outline-level="0" text:name="Text"/>
   <text:sequence-decl text:display-outline-level="0" text:name="Drawing"/>
  </text:sequence-decls>
  <text:p text:style-name="P1"/>
  <text:p text:style-name="Head 1">Menú Formato</text:p>
  <text:p text:style-name="Paragraph"><help:to-popup Eid="aupitab">Abra la barra de herramientas flotante <text:span text:style-name="T1">Funciones del formulario</text:span> desde la barra de herramientas <text:span text:style-name="T1">Principal</text:span>, pulse en el símbolo <text:span text:style-name="T1">Control de tablas</text:span> y arrastre el ratón para generar un campo.</help:to-popup></text:p>
  <text:p text:style-name="Paragraph"><help:to-popup Eid="aupitab1">Abra la barra de herramientas flotante <text:span text:style-name="T1">Funciones del formulario</text:span> de la barra de herramientas <text:span text:style-name="T1">principal</text:span>, pulse el símbolo <text:span text:style-name="T1">Control de tablas</text:span> y arrastre el ratón para crear un campo. No se permite una conexión de bases de datos en el formulario actual.</help:to-popup></text:p>
  <text:p text:style-name="Paragraph"><help:to-popup Eid="aupitab2">Abra la barra de herramientas flotante <text:span text:style-name="T1">Funciones del formulario</text:span> de la barra de herramientas <text:span text:style-name="T1">principal</text:span>, pulse el símbolo <text:span text:style-name="T1">Control de tablas</text:span> y arrastre el ratón para crear un campo. Tiene que existir una conexión con la base de datos.</help:to-popup></text:p>
  <text:p text:style-name="Paragraph"><help:to-popup Eid="aupikomli">Abra la barra de herramientas flotante <text:span text:style-name="T1">Funciones del formulario</text:span> desde la barra de herramientas <text:span text:style-name="T1">Principal</text:span>, pulse en el símbolo <text:span text:style-name="T1">Cuadro combinado</text:span> o <text:span text:style-name="T1">Listado</text:span> y arrastre el ratón para generar un campo. El formulario debe tener conexión con bases de datos.</help:to-popup></text:p>
  <text:p text:style-name="Paragraph"><help:to-popup Eid="aupikomli1">Abra la barra de herramientas flotante <text:span text:style-name="T1">Funciones del formulario</text:span> desde la barra de herramientas <text:span text:style-name="T1">Principal</text:span>, pulse en el símbolo <text:span text:style-name="T1">Cuadro combinado</text:span> o <text:span text:style-name="T1">Listado</text:span> y arrastre el ratón para generar un campo. El formulario debe tener conexión con bases de datos: Piloto automático - Página 1.</help:to-popup></text:p>
  <text:p text:style-name="Paragraph"><help:to-popup Eid="aupikomli2">Abra la barra de herramientas flotante <text:span text:style-name="T1">Funciones del formulario</text:span> desde la barra de herramientas <text:span text:style-name="T1">Principal</text:span>, pulse en el símbolo <text:span text:style-name="T1">Cuadro combinado</text:span> o <text:span text:style-name="T1">Listado</text:span> y arrastre el ratón para generar un campo. El formulario debe tener conexión con bases de datos: Piloto automático - Página 2.</help:to-popup></text:p>
  <text:p text:style-name="Paragraph"><help:to-popup Eid="aupikomli3a">Abra la barra de herramientas flotante <text:span text:style-name="T1">Funciones del formulario</text:span> desde la barra de herramientas <text:span text:style-name="T1">Principal</text:span>, pulse en el símbolo <text:span text:style-name="T1">Listado</text:span> y arrastre el ratón para generar un campo. El formulario debe tener conexión con bases de datos: Piloto automático - Página 3.</help:to-popup></text:p>
  <text:p text:style-name="Paragraph"><help:to-popup Eid="aupikomli3b">Abra la barra de herramientas flotante <text:span text:style-name="T1">Funciones del formulario</text:span> desde la barra de herramientas <text:span text:style-name="T1">Principal</text:span>, pulse en el símbolo <text:span text:style-name="T1">Cuadro combinado</text:span> y arrastre el ratón para generar un campo. El formulario debe tener conexión con bases de datos: Piloto automático - Página 3.</help:to-popup></text:p>
  <help:to-popup Eid="kontroll">
  <text:p text:style-name="Paragraph">Abra la barra de herramientas flotante <text:span text:style-name="T1">Campos de control</text:span> en la <text:span text:style-name="T1">barra de macro</text:span> y pulse</text:p>
  <a name="sykontroll"/>
  <table:table table:name="Tabelle42" table:style-name="Tabelle42">
   <table:table-column table:style-name="Tabelle42.A"/>
   <table:table-column table:style-name="Tabelle42.B"/>
   <table:table-header-rows>
    <table:table-row>
     <table:table-cell table:value-type="string">
      <text:p text:style-name="Paragraph"><draw:image draw:name="Símbolo0" svg:desc="Símbolo" svg:pixelx="25" svg:pixely="25" svg:width="0.661cm" svg:height="0.661cm" xlink:href="65821" draw:filter-name=""/></text:p>

     </table:table-cell>
     <table:table-cell table:value-type="string">
      <text:p text:style-name="Paragraph">Propiedades</text:p>
     </table:table-cell>
    </table:table-row>
   </table:table-header-rows>
  </table:table>
  </help:to-popup>
  <help:to-popup Eid="formulareigenschaften">
  <text:p text:style-name="Paragraph">Menú <text:span text:style-name="T1">Formato- Formulario...</text:span></text:p>
  <text:p text:style-name="Paragraph">Menú contextual de un elemento de formulario seleccionado <text:span text:style-name="T1">Formulario</text:span>...</text:p>
  <text:p text:style-name="Paragraph">Símbolo de la barra desplegable <text:span text:style-name="T1">Formulario</text:span> en la barra de herramientas y en la barra de objetos del modo Diseño:</text:p>
  <help:to-be-embedded Eid="syformulareigenschaften">
  <table:table table:name="Tabelle15" table:style-name="Tabelle15">
   <table:table-column table:style-name="Tabelle15.A"/>
   <table:table-column table:style-name="Tabelle15.B"/>
   <table:table-header-rows>
    <table:table-row>
     <table:table-cell table:value-type="string">
      <text:p text:style-name="Paragraph"><draw:image draw:name="Símbolo1" svg:desc="Símbolo" svg:pixelx="25" svg:pixely="25" svg:width="0.661cm" svg:height="0.661cm" xlink:href="65887" draw:filter-name=""/></text:p>

     </table:table-cell>
     <table:table-cell table:value-type="string">
      <text:p text:style-name="Paragraph">Propiedades del formulario</text:p>
     </table:table-cell>
    </table:table-row>
   </table:table-header-rows>
  </table:table>
  </help:to-be-embedded></help:to-popup>
  <help:to-popup Eid="formulareigenschaftenallgemein">
  <text:p text:style-name="Paragraph">Menú <text:span text:style-name="T1">Formato - Formulario...</text:span> - <text:span text:style-name="T1">General</text:span></text:p>
  <text:p text:style-name="Paragraph">Menú contextual de un elemento de formulario seleccionado <text:span text:style-name="T1">Formulario</text:span>... - Ficha <text:span text:style-name="T1">General</text:span></text:p>
  <text:p text:style-name="Paragraph">Abra la barra de herramientas flotante <text:span text:style-name="T1">Funciones de formulario</text:span> desde la barra de herramientas <text:span text:style-name="T1">principal</text:span> o la barra de objetos de <text:span text:style-name="T1">modo Diseño</text:span>, pulse en el símbolo <text:span text:style-name="T1">Propiedades del formulario</text:span> - pestaña <text:span text:style-name="T1">General</text:span></text:p>
  </help:to-popup>
  <help:to-popup Eid="formulareigenschaftendaten">
  <text:p text:style-name="Paragraph"><text:span text:style-name="T1">Menú Formato - Formulario...</text:span> - <text:s/>Ficha <text:span text:style-name="T1">Datos</text:span></text:p>
  <text:p text:style-name="Paragraph">Menú contextual de un elemento de formulario seleccionado <text:span text:style-name="T1">Formulario</text:span>... - <text:s/>Ficha <text:span text:style-name="T1">Datos</text:span></text:p>
  <text:p text:style-name="Paragraph">Abra la barra de herramientas flotante <text:span text:style-name="T1">Funciones del formulario</text:span> desde la barra de herramientas <text:span text:style-name="T1">principal</text:span> o la barra de objetos de <text:span text:style-name="T1">modo Diseño</text:span>, pulse en el símbolo <text:span text:style-name="T1">Propiedades del formulario</text:span> - pestaña <text:span text:style-name="T1">Datos</text:span></text:p>
  </help:to-popup>
  <help:to-popup Eid="formulareigenschaftenereignisse">
  <text:p text:style-name="Paragraph"><text:span text:style-name="T1">Menú Formato - Formulario...</text:span> - Ficha <text:span text:style-name="T1">Acontecimientos</text:span></text:p>
  <text:p text:style-name="Paragraph">Menú contextual de un elemento de formulario seleccionado <text:span text:style-name="T1">Formulario</text:span>... - Ficha <text:span text:style-name="T1">Acontecimientos</text:span></text:p>
  <text:p text:style-name="Paragraph">Abra la barra de herramientas flotante <text:span text:style-name="T1">Funciones del formulario</text:span> de la barra de herramientas <text:span text:style-name="T1">principal</text:span> o la barra <text:span text:style-name="T1">del objeto de modo de diseño</text:span> pulse el símbolo <text:span text:style-name="T1">Propiedades de formulario</text:span>, pestaña <text:span text:style-name="T1">Acciones</text:span>.</text:p>
  </help:to-popup>
  <help:to-popup Eid="controleigenschaften">
  <text:p text:style-name="Paragraph">Menú <text:span text:style-name="T1">Formato - Campo de control...</text:span></text:p>
  <text:p text:style-name="Paragraph">Menú contextual de un elemento de formulario seleccionado <text:span text:style-name="T1">Campo de control...</text:span></text:p>
  <text:p text:style-name="Paragraph">Abra la barra de herramientas flotante <text:span text:style-name="T1">Funciones de formulario</text:span> desde la barra de herramientas <text:span text:style-name="T1">principal</text:span> o la barra de objetos de <text:span text:style-name="T1">modo Diseño</text:span>, pulse</text:p>
  <help:to-be-embedded Eid="sycontroleigenschaften">
  <table:table table:name="Tabelle16" table:style-name="Tabelle16">
   <table:table-column table:style-name="Tabelle16.A"/>
   <table:table-column table:style-name="Tabelle16.B"/>
   <table:table-header-rows>
    <table:table-row>
     <table:table-cell table:value-type="string">
      <text:p text:style-name="Paragraph"><draw:image draw:name="Símbolo2" svg:desc="Símbolo" svg:pixelx="25" svg:pixely="25" svg:width="0.661cm" svg:height="0.661cm" xlink:href="65744" draw:filter-name=""/></text:p>

     </table:table-cell>
     <table:table-cell table:value-type="string">
      <text:p text:style-name="Paragraph">Propiedades de campo de control</text:p>
     </table:table-cell>
    </table:table-row>
   </table:table-header-rows>
  </table:table>
  </help:to-be-embedded></help:to-popup>
  <help:to-popup Eid="controleigenschaftenallgemein">
  <text:p text:style-name="Paragraph">Menú <text:span text:style-name="T1">Formato - Campo de control...</text:span> - Ficha <text:span text:style-name="T1">General</text:span></text:p>
  <text:p text:style-name="Paragraph">Abra el menú contextual del elemento de formulario seleccionado y elija <text:span text:style-name="T1">Campo de control - pestaña General</text:span></text:p>
  <text:p text:style-name="Paragraph">Abra la barra de herramientas flotante <text:span text:style-name="T1">Funciones del formulario</text:span> de la barra de herramientas <text:span text:style-name="T1">principal</text:span> o la barra <text:span text:style-name="T1">del objeto de modo de diseño</text:span>, pulse el símbolo <text:span text:style-name="T1">Propiedades campo de control</text:span>, pestaña <text:span text:style-name="T1">General</text:span>.</text:p>
  </help:to-popup>
  <help:to-popup Eid="controleigenschaftendaten">
  <text:p text:style-name="Paragraph"><text:span text:style-name="T1">Menú Formato - Campo de control...</text:span> - <text:s/>Ficha <text:span text:style-name="T1">Datos</text:span></text:p>
  <text:p text:style-name="Paragraph">Menú contextual de un elemento de formulario seleccionado <text:span text:style-name="T1">Campo de control...</text:span> - Ficha <text:span text:style-name="T1">Datos</text:span></text:p>
  <text:p text:style-name="Paragraph">Abra la barra de herramientas flotante <text:span text:style-name="T1">Funciones del formulario</text:span> de la barra de herramientas <text:span text:style-name="T1">principal</text:span> o la barra <text:span text:style-name="T1">del objeto de modo de diseño</text:span>, pulse el símbolo <text:span text:style-name="T1">Propiedades campo de control</text:span>, pestaña <text:span text:style-name="T1">Datos</text:span>.</text:p>
  </help:to-popup>
  <help:to-popup Eid="controleigenschaftenereignisse">
  <text:p text:style-name="Paragraph"><text:span text:style-name="T1">Menú Formato - Campo de control...</text:span> - Ficha <text:span text:style-name="T1">Acontecimientos</text:span></text:p>
  <text:p text:style-name="Paragraph">Menú contextual de un elemento de formulario seleccionado <text:span text:style-name="T1">Campo de control...</text:span> - Ficha <text:span text:style-name="T1">Acontecimientos</text:span></text:p>
  <text:p text:style-name="Paragraph">Abra la barra de herramientas flotante <text:span text:style-name="T1">Funciones del formulario</text:span> de la barra de herramientas <text:span text:style-name="T1">principal</text:span> o la barra <text:span text:style-name="T1">del objeto de modo de diseño</text:span>, pulse el símbolo <text:span text:style-name="T1">Propiedades de campo de control</text:span>, pestaña <text:span text:style-name="T1">Acciones</text:span>.</text:p>
  </help:to-popup>
  <help:to-popup Eid="tabordner">
  <text:p text:style-name="Paragraph">Abra la barra de herramientas flotante <text:span text:style-name="T1">Funciones de formulario</text:span> desde la barra de herramientas <text:span text:style-name="T1">principal</text:span> o desde la barra de objetos de <text:span text:style-name="T1">modo Diseño</text:span>, pulse</text:p>
  <help:to-be-embedded Eid="sytabordner">
  <table:table table:name="Tabelle17" table:style-name="Tabelle17">
   <table:table-column table:style-name="Tabelle17.A"/>
   <table:table-column table:style-name="Tabelle17.B"/>
   <table:table-header-rows>
    <table:table-row>
     <table:table-cell table:value-type="string">
      <text:p text:style-name="Paragraph"><draw:image draw:name="Símbolo3" svg:desc="Símbolo" svg:pixelx="25" svg:pixely="25" svg:width="0.661cm" svg:height="0.661cm" xlink:href="66712" draw:filter-name=""/></text:p>

     </table:table-cell>
     <table:table-cell table:value-type="string">
      <text:p text:style-name="Paragraph">Secuencia de activación</text:p>
     </table:table-cell>
    </table:table-row>
   </table:table-header-rows>
  </table:table>
  </help:to-be-embedded></help:to-popup>
  <help:to-popup Eid="feldhinzu">
  <text:p text:style-name="Paragraph">Abra la barra de herramientas <text:span text:style-name="T1">Funciones formulario</text:span> de la barra de herramientas <text:span text:style-name="T1">principal</text:span> o la barra <text:span text:style-name="T1">Objeto de modo de diseño</text:span> y pulse</text:p>
  <help:to-be-embedded Eid="syfeldhinzu">
  <table:table table:name="Tabelle18" table:style-name="Tabelle18">
   <table:table-column table:style-name="Tabelle18.A"/>
   <table:table-column table:style-name="Tabelle18.B"/>
   <table:table-header-rows>
    <table:table-row>
     <table:table-cell table:value-type="string">
      <text:p text:style-name="Paragraph"><draw:image draw:name="Símbolo4" svg:desc="Símbolo" svg:pixelx="25" svg:pixely="25" svg:width="0.661cm" svg:height="0.661cm" xlink:href="65873" draw:filter-name=""/></text:p>

     </table:table-cell>
     <table:table-cell table:value-type="string">
      <text:p text:style-name="Paragraph">Añadir campo</text:p>
     </table:table-cell>
    </table:table-row>
   </table:table-header-rows>
  </table:table>
  </help:to-be-embedded></help:to-popup>
  <help:to-popup Eid="formex">
  <text:p text:style-name="Paragraph">Símbolo de la barra desplegable <text:span text:style-name="T1">Formulario</text:span> en la barra de herramientas y de objetos del modo Diseño:</text:p>
  <help:to-be-embedded Eid="syformex">
  <table:table table:name="Tabelle20" table:style-name="Tabelle20">
   <table:table-column table:style-name="Tabelle20.A"/>
   <table:table-column table:style-name="Tabelle20.B"/>
   <table:table-header-rows>
    <table:table-row>
     <table:table-cell table:value-type="string">
      <text:p text:style-name="Paragraph"><draw:image draw:name="Símbolo5" svg:desc="Símbolo" svg:pixelx="25" svg:pixely="25" svg:width="0.661cm" svg:height="0.661cm" xlink:href="65888" draw:filter-name=""/></text:p>

     </table:table-cell>
     <table:table-cell table:value-type="string">
      <text:p text:style-name="Paragraph">Navegador del formulario</text:p>
     </table:table-cell>
    </table:table-row>
   </table:table-header-rows>
  </table:table>
  </help:to-be-embedded></help:to-popup>
  <help:to-popup Eid="design">
  <text:p text:style-name="Paragraph">Abra la barra de herramientas flotante <text:span text:style-name="T1">Funciones de formulario</text:span> desde la barra de herramientas <text:span text:style-name="T1">principal</text:span> o desde la barra de objetos de <text:span text:style-name="T1">modo Diseño</text:span>, pulse</text:p>
  <help:to-be-embedded Eid="sydesign">
  <table:table table:name="Tabelle19" table:style-name="Tabelle19">
   <table:table-column table:style-name="Tabelle19.A"/>
   <table:table-column table:style-name="Tabelle19.B"/>
   <table:table-header-rows>
    <table:table-row>
     <table:table-cell table:value-type="string">
      <text:p text:style-name="Paragraph"><draw:image draw:name="Símbolo6" svg:desc="Símbolo" svg:pixelx="25" svg:pixely="25" svg:width="0.661cm" svg:height="0.661cm" xlink:href="66720" draw:filter-name=""/></text:p>

     </table:table-cell>
     <table:table-cell table:value-type="string">
      <text:p text:style-name="Paragraph">Modo Diseño</text:p>
     </table:table-cell>
    </table:table-row>
   </table:table-header-rows>
  </table:table>
  </help:to-be-embedded></help:to-popup>
  <help:to-popup Eid="imentwurfsmodusoeffnen">
  <text:p text:style-name="Paragraph">Abrir Navegador de formulario - Seleccionar formulario - Activar menú contextual - <text:span text:style-name="T1">Abrir en modo Diseño</text:span></text:p>
  <text:p text:style-name="Paragraph">Abra la barra de herramientas flotante <text:span text:style-name="T1">Funciones del formulario</text:span> desde la barra de herramientas <text:span text:style-name="T1">principal</text:span>, pulse</text:p>
  <help:to-be-embedded Eid="syimentwurfsmodusoeffnen">
  <table:table table:name="Tabelle21" table:style-name="Tabelle21">
   <table:table-column table:style-name="Tabelle21.A"/>
   <table:table-column table:style-name="Tabelle21.B"/>
   <table:table-header-rows>
    <table:table-row>
     <table:table-cell table:value-type="string">
      <text:p text:style-name="Paragraph"><draw:image draw:name="Símbolo7" svg:desc="Símbolo" svg:pixelx="25" svg:pixely="25" svg:width="0.661cm" svg:height="0.661cm" xlink:href="66213" draw:filter-name=""/></text:p>

     </table:table-cell>
     <table:table-cell table:value-type="string">
      <text:p text:style-name="Paragraph">Abrir en modo Diseño</text:p>
     </table:table-cell>
    </table:table-row>
   </table:table-header-rows>
  </table:table>
  </help:to-be-embedded></help:to-popup>
  <help:to-popup Eid="autopilotenanaus">
  <text:p text:style-name="Paragraph">Abra la barra de herramientas flotante <text:span text:style-name="T1">Funciones del formulario</text:span> desde la barra de herramientas <text:span text:style-name="T1">principal</text:span>, pulse</text:p>
  <help:to-be-embedded Eid="syautopilotenanaus">
  <table:table table:name="Tabelle22" table:style-name="Tabelle22">
   <table:table-column table:style-name="Tabelle22.A"/>
   <table:table-column table:style-name="Tabelle22.B"/>
   <table:table-header-rows>
    <table:table-row>
     <table:table-cell table:value-type="string">
      <text:p text:style-name="Paragraph"><draw:image draw:name="Símbolo8" svg:desc="Símbolo" svg:pixelx="25" svg:pixely="25" svg:width="0.661cm" svg:height="0.661cm" xlink:href="65696" draw:filter-name=""/></text:p>

     </table:table-cell>
     <table:table-cell table:value-type="string">
      <text:p text:style-name="Paragraph">Activar/desactivar AutoPilotos</text:p>
     </table:table-cell>
    </table:table-row>
   </table:table-header-rows>
  </table:table>
  </help:to-be-embedded></help:to-popup>
  <help:to-popup Eid="anordnung">
  <text:p text:style-name="Paragraph">Menú <text:span text:style-name="T1">Formato - Posición </text:span>(<help:productname>%PRODUCTNAME</help:productname> Writer y <help:productname>%PRODUCTNAME</help:productname> Calc)</text:p>
  <text:p text:style-name="Paragraph">Menú contextual <text:span text:style-name="T1">Posición</text:span> (<help:productname>%PRODUCTNAME</help:productname> Impress, <help:productname>%PRODUCTNAME</help:productname> Draw)</text:p>
  <text:p text:style-name="Paragraph">Menú <text:span text:style-name="T1">Modificar - Posición</text:span> (<help:productname>%PRODUCTNAME</help:productname> Draw)</text:p>
  <text:p text:style-name="Paragraph">En la barra de herramientas de <text:span text:style-name="T1">objetos</text:span> (<help:productname>%PRODUCTNAME</help:productname> Writer, <help:productname>%PRODUCTNAME</help:productname> Calc) o en la barra de herramientas <text:span text:style-name="T1">principal</text:span> (<help:productname>%PRODUCTNAME</help:productname> Impress, <help:productname>%PRODUCTNAME</help:productname> Draw), pulse</text:p>
  <a name="syanordnung"/>
  <table:table table:name="Tabelle29" table:style-name="Tabelle29">
   <table:table-column table:style-name="Tabelle29.A"/>
   <table:table-column table:style-name="Tabelle29.B"/>
   <table:table-header-rows>
    <table:table-row>
     <table:table-cell table:value-type="string">
      <text:p text:style-name="Paragraph"><draw:image draw:name="Símbolo9" svg:desc="Símbolo" svg:pixelx="25" svg:pixely="25" svg:width="0.661cm" svg:height="0.661cm" xlink:href="66617" draw:filter-name=""/></text:p>

     </table:table-cell>
     <table:table-cell table:value-type="string">
      <text:p text:style-name="Paragraph">Posición</text:p>
     </table:table-cell>
    </table:table-row>
   </table:table-header-rows>
  </table:table>
  </help:to-popup>
  <help:to-popup Eid="vorn">
  <text:p text:style-name="Paragraph">Menú <text:span text:style-name="T1">Formato - Posición - Traer al frente </text:span>(<help:productname>%PRODUCTNAME</help:productname> Writer y <help:productname>%PRODUCTNAME</help:productname> Calc)</text:p>
  <text:p text:style-name="Paragraph">Menú <text:span text:style-name="T1">Modificar - Posición - Traer al frente </text:span>(<help:productname>%PRODUCTNAME</help:productname> Draw)</text:p>
  <text:p text:style-name="Paragraph">Tecla (Mayús)<help:switch select="System"><help:case select ="MAC">(Comando)</help:case><help:default>(Control)</help:default></help:switch>(+) (<help:productname>%PRODUCTNAME</help:productname> Impress y <help:productname>%PRODUCTNAME</help:productname> Draw)</text:p>
  <text:p text:style-name="Paragraph">Menú contextual <text:span text:style-name="T1">Posición - Traer al frente</text:span> (<help:productname>%PRODUCTNAME</help:productname> Impress)</text:p>
  <text:p text:style-name="Paragraph">En la barra de herramientas de <text:span text:style-name="T1">objetos</text:span> (<help:productname>%PRODUCTNAME</help:productname> Writer, <help:productname>%PRODUCTNAME</help:productname> Calc) o en la barra de herramientas <text:span text:style-name="T1">principal</text:span> (<help:productname>%PRODUCTNAME</help:productname> Impress, <help:productname>%PRODUCTNAME</help:productname> Draw), pulse</text:p>
  <help:to-be-embedded Eid="syganznachvorn">
  <table:table table:name="Tabelle8" table:style-name="Tabelle8">
   <table:table-column table:style-name="Tabelle8.A"/>
   <table:table-column table:style-name="Tabelle8.B"/>
   <table:table-header-rows>
    <table:table-row>
     <table:table-cell table:value-type="string">
      <text:p text:style-name="Paragraph"><draw:image draw:name="Símbolo10" svg:desc="Símbolo" svg:pixelx="25" svg:pixely="25" svg:width="0.661cm" svg:height="0.661cm" xlink:href="66617" draw:filter-name=""/></text:p>

     </table:table-cell>
     <table:table-cell table:value-type="string">
      <text:p text:style-name="Paragraph">Traer al frente</text:p>
     </table:table-cell>
    </table:table-row>
   </table:table-header-rows>
  </table:table>
  </help:to-be-embedded></help:to-popup>
  <help:to-popup Eid="nachvorn">
  <text:p text:style-name="Paragraph">Menú <text:span text:style-name="T1">Formato - Posición - Más adelante </text:span>(<help:productname>%PRODUCTNAME</help:productname> Writer y <help:productname>%PRODUCTNAME</help:productname> Calc)</text:p>
  <text:p text:style-name="Paragraph">Menú <text:span text:style-name="T1">Modificar - Posición - Traer más adelante</text:span> (<help:productname>%PRODUCTNAME</help:productname> Draw)</text:p>
  <text:p text:style-name="Paragraph">Tecla <help:switch select="System"><help:case select ="MAC">(Comando)</help:case><help:default>(Control)</help:default></help:switch>(+) (<help:productname>%PRODUCTNAME</help:productname> Impress y <help:productname>%PRODUCTNAME</help:productname> Draw)</text:p>
  <text:p text:style-name="Paragraph">Menú contextual <text:span text:style-name="T1">Posición - Traer más adelante</text:span> (<help:productname>%PRODUCTNAME</help:productname> Impress)</text:p>
  <a name="syweiternachvorn"/>
  <table:table table:name="Tabelle12" table:style-name="Tabelle12">
   <table:table-column table:style-name="Tabelle12.A"/>
   <table:table-column table:style-name="Tabelle12.B"/>
   <table:table-header-rows>
    <table:table-row>
     <table:table-cell table:value-type="string">
      <text:p text:style-name="Paragraph"><draw:image draw:name="Símbolo11" svg:desc="Símbolo" svg:pixelx="25" svg:pixely="25" svg:width="0.661cm" svg:height="0.661cm" xlink:href="66813" draw:filter-name=""/></text:p>

     </table:table-cell>
     <table:table-cell table:value-type="string">
      <text:p text:style-name="Paragraph">Traer hacia adelante</text:p>
     </table:table-cell>
    </table:table-row>
   </table:table-header-rows>
  </table:table>
  </help:to-popup>
  <help:to-popup Eid="nachhinten">
  <text:p text:style-name="Paragraph">Menú <text:span text:style-name="T1">Formato - Posición - Enviar hacia atrás </text:span>(<help:productname>%PRODUCTNAME</help:productname> Writer y <help:productname>%PRODUCTNAME</help:productname> Calc)</text:p>
  <text:p text:style-name="Paragraph">Menú <text:span text:style-name="T1">Modificar - Posición - Enviar hacia atrás</text:span> (<help:productname>%PRODUCTNAME</help:productname> Draw)</text:p>
  <text:p text:style-name="Paragraph">Tecla <help:switch select="System"><help:case select ="MAC">(comando)</help:case><help:default>(Control)</help:default></help:switch>(-) (<help:productname>%PRODUCTNAME</help:productname> Impress, <help:productname>%PRODUCTNAME</help:productname> Draw)</text:p>
  <text:p text:style-name="Paragraph">Menú contextual <text:span text:style-name="T1">Posición - Enviar hacia atrás</text:span> (<help:productname>%PRODUCTNAME</help:productname> Impress)</text:p>
  <a name="syweiternachhinten"/>
  <table:table table:name="Tabelle13" table:style-name="Tabelle13">
   <table:table-column table:style-name="Tabelle13.A"/>
   <table:table-column table:style-name="Tabelle13.B"/>
   <table:table-header-rows>
    <table:table-row>
     <table:table-cell table:value-type="string">
      <text:p text:style-name="Paragraph"><draw:image draw:name="Símbolo12" svg:desc="Símbolo" svg:pixelx="25" svg:pixely="25" svg:width="0.661cm" svg:height="0.661cm" xlink:href="66812" draw:filter-name=""/></text:p>

     </table:table-cell>
     <table:table-cell table:value-type="string">
      <text:p text:style-name="Paragraph">Enviar hacia atrás</text:p>
     </table:table-cell>
    </table:table-row>
   </table:table-header-rows>
  </table:table>
  </help:to-popup>
  <help:to-popup Eid="ganzhinten">
  <text:p text:style-name="Paragraph">Menú <text:span text:style-name="T1">Formato - Posición - Enviar al fondo </text:span>(<help:productname>%PRODUCTNAME</help:productname> Writer y <help:productname>%PRODUCTNAME</help:productname> Calc)</text:p>
  <text:p text:style-name="Paragraph">Menú <text:span text:style-name="T1">Modificar - Posición - Enviar al fondo</text:span> (<help:productname>%PRODUCTNAME</help:productname> Draw)</text:p>
  <text:p text:style-name="Paragraph">Tecla (Mayús)<help:switch select="System"><help:case select ="MAC">(Comando)</help:case><help:default>(Control)</help:default></help:switch>(-) (<help:productname>%PRODUCTNAME</help:productname> Impress y <help:productname>%PRODUCTNAME</help:productname> Draw)</text:p>
  <text:p text:style-name="Paragraph">Menú contextual <text:span text:style-name="T1">Posición - Enviar al fondo</text:span> (<help:productname>%PRODUCTNAME</help:productname> Impress)</text:p>
  <text:p text:style-name="Paragraph">En la barra de herramientas de <text:span text:style-name="T1">objetos</text:span> (<help:productname>%PRODUCTNAME</help:productname> Writer, <help:productname>%PRODUCTNAME</help:productname> Calc) o en la barra de herramientas <text:span text:style-name="T1">principal</text:span> (<help:productname>%PRODUCTNAME</help:productname> Impress, <help:productname>%PRODUCTNAME</help:productname> Draw), pulse</text:p>
  <help:to-be-embedded Eid="syganznachhinten">
  <table:table table:name="Tabelle9" table:style-name="Tabelle9">
   <table:table-column table:style-name="Tabelle9.A"/>
   <table:table-column table:style-name="Tabelle9.B"/>
   <table:table-header-rows>
    <table:table-row>
     <table:table-cell table:value-type="string">
      <text:p text:style-name="Paragraph"><draw:image draw:name="Símbolo13" svg:desc="Símbolo" svg:pixelx="25" svg:pixely="25" svg:width="0.661cm" svg:height="0.661cm" xlink:href="66618" draw:filter-name=""/></text:p>

     </table:table-cell>
     <table:table-cell table:value-type="string">
      <text:p text:style-name="Paragraph">Enviar al fondo</text:p>
     </table:table-cell>
    </table:table-row>
   </table:table-header-rows>
  </table:table>
  </help:to-be-embedded></help:to-popup>
  <help:to-popup Eid="vornebringen">
  <text:p text:style-name="Paragraph">Menú <text:span text:style-name="T1">Formato - Posición - En primer plano</text:span></text:p>
  <text:p text:style-name="Paragraph">En la <text:span text:style-name="T1">barra de objetos gráficos</text:span> pulse</text:p>
  <help:to-be-embedded Eid="syvordergrund">
  <table:table table:name="Tabelle10" table:style-name="Tabelle10">
   <table:table-column table:style-name="Tabelle10.A"/>
   <table:table-column table:style-name="Tabelle10.B"/>
   <table:table-header-rows>
    <table:table-row>
     <table:table-cell table:value-type="string">
      <text:p text:style-name="Paragraph"><draw:image draw:name="Símbolo14" svg:desc="Símbolo" svg:pixelx="25" svg:pixely="25" svg:width="0.661cm" svg:height="0.661cm" xlink:href="66622" draw:filter-name=""/></text:p>

     </table:table-cell>
     <table:table-cell table:value-type="string">
      <text:p text:style-name="Paragraph">En primer plano</text:p>
     </table:table-cell>
    </table:table-row>
   </table:table-header-rows>
  </table:table>
  </help:to-be-embedded></help:to-popup>
  <help:to-popup Eid="hintenbringen">
  <text:p text:style-name="Paragraph">Menú <text:span text:style-name="T1">Formato - Posición - En el fondo</text:span></text:p>
  <text:p text:style-name="Paragraph">En la <text:span text:style-name="T1">barra de objetos gráficos</text:span> pulse</text:p>
  <help:to-be-embedded Eid="syhintergrund">
  <table:table table:name="Tabelle11" table:style-name="Tabelle11">
   <table:table-column table:style-name="Tabelle11.A"/>
   <table:table-column table:style-name="Tabelle11.B"/>
   <table:table-header-rows>
    <table:table-row>
     <table:table-cell table:value-type="string">
      <text:p text:style-name="Paragraph"><draw:image draw:name="Símbolo15" svg:desc="Símbolo" svg:pixelx="25" svg:pixely="25" svg:width="0.661cm" svg:height="0.661cm" xlink:href="66623" draw:filter-name=""/></text:p>

     </table:table-cell>
     <table:table-cell table:value-type="string">
      <text:p text:style-name="Paragraph">Enviar al fondo</text:p>
     </table:table-cell>
    </table:table-row>
   </table:table-header-rows>
  </table:table>
  </help:to-be-embedded></help:to-popup>
  <help:to-popup Eid="ausrichtung">
  <text:p text:style-name="Paragraph">Menú <text:span text:style-name="T1">Formato - Alineación</text:span> (<help:productname>%PRODUCTNAME</help:productname> Writer, <help:productname>%PRODUCTNAME</help:productname> Calc)</text:p>
  <text:p text:style-name="Paragraph">Menú <text:span text:style-name="T1">Modificar - Alineación</text:span> (objetos seleccionados) (<help:productname>%PRODUCTNAME</help:productname> Draw)</text:p>
  <text:p text:style-name="Paragraph">Menú contextual <text:span text:style-name="T1">Alineación</text:span> (objetos seleccionados) (<help:productname>%PRODUCTNAME</help:productname> Impress, <help:productname>%PRODUCTNAME</help:productname> Draw)</text:p>
  </help:to-popup>
  <help:to-popup Eid="links">
  <text:p text:style-name="Paragraph">Menú <text:span text:style-name="T1">Formato - Alineación - Izquierda</text:span> (<help:productname>%PRODUCTNAME</help:productname> Writer, <help:productname>%PRODUCTNAME</help:productname> Calc)</text:p>
  <text:p text:style-name="Paragraph">Menú <text:span text:style-name="T1">Modificar - Alineación - Izquierda</text:span> (objetos seleccionados) (<help:productname>%PRODUCTNAME</help:productname> Draw)</text:p>
  <text:p text:style-name="Paragraph">Menú contextual <text:span text:style-name="T1">Alineación - Izquierda</text:span> (objetos seleccionados) (<help:productname>%PRODUCTNAME</help:productname> Impress, <help:productname>%PRODUCTNAME</help:productname> Draw)</text:p>
  <text:p text:style-name="Paragraph">En la barra de herramientas de <text:span text:style-name="T1">objetos</text:span> (<help:productname>%PRODUCTNAME</help:productname> Writer, <help:productname>%PRODUCTNAME</help:productname> Calc) o en la barra de herramientas <text:span text:style-name="T1">principal</text:span> (<help:productname>%PRODUCTNAME</help:productname> Impress, <help:productname>%PRODUCTNAME</help:productname> Draw), pulse</text:p>
  <help:to-be-embedded Eid="sylinks">
  <table:table table:name="Tabelle1" table:style-name="Tabelle1">
   <table:table-column table:style-name="Tabelle1.A"/>
   <table:table-column table:style-name="Tabelle1.B"/>
   <table:table-header-rows>
    <table:table-row>
     <table:table-cell table:value-type="string">
      <text:p text:style-name="Paragraph"><draw:image draw:name="Símbolo16" svg:desc="Símbolo" svg:pixelx="25" svg:pixely="25" svg:width="0.661cm" svg:height="0.661cm" xlink:href="66692" draw:filter-name=""/></text:p>

     </table:table-cell>
     <table:table-cell table:value-type="string">
      <text:p text:style-name="Paragraph">Alinear a la izquierda (para marcos)</text:p>
     </table:table-cell>
    </table:table-row>
   </table:table-header-rows>
   <table:table-row>
    <table:table-cell table:value-type="string">
     <text:p text:style-name="Paragraph"><draw:image draw:name="Símbolo17" svg:desc="Símbolo" svg:pixelx="25" svg:pixely="25" svg:width="0.661cm" svg:height="0.661cm" xlink:href="65681" draw:filter-name=""/></text:p>

    </table:table-cell>
    <table:table-cell table:value-type="string">
     <text:p text:style-name="Paragraph">Izquierda (para objetos de dibujo)</text:p>
    </table:table-cell>
   </table:table-row>
  </table:table>
  </help:to-be-embedded></help:to-popup>
  <help:to-popup Eid="azentriert">
  <text:p text:style-name="Paragraph">Menú <text:span text:style-name="T1">Formato - Alineación - Centrado</text:span> (<help:productname>%PRODUCTNAME</help:productname> Writer, <help:productname>%PRODUCTNAME</help:productname> Calc)</text:p>
  <text:p text:style-name="Paragraph">Menú <text:span text:style-name="T1">Modificar - Alineación - Centrado</text:span> (objetos seleccionados) (<help:productname>%PRODUCTNAME</help:productname> Draw)</text:p>
  <text:p text:style-name="Paragraph">Menú contextual <text:span text:style-name="T1">Alineación - Centrado</text:span> (objetos seleccionados) (<help:productname>%PRODUCTNAME</help:productname> Impress, <help:productname>%PRODUCTNAME</help:productname> Draw)</text:p>
  <text:p text:style-name="Paragraph">En la barra de herramientas de <text:span text:style-name="T1">objetos</text:span> (<help:productname>%PRODUCTNAME</help:productname> Writer, <help:productname>%PRODUCTNAME</help:productname> Calc) o en la barra de herramientas <text:span text:style-name="T1">principal</text:span> (<help:productname>%PRODUCTNAME</help:productname> Impress, <help:productname>%PRODUCTNAME</help:productname> Draw), pulse</text:p>
  <help:to-be-embedded Eid="syazentriert">
  <table:table table:name="Tabelle2" table:style-name="Tabelle2">
   <table:table-column table:style-name="Tabelle2.A"/>
   <table:table-column table:style-name="Tabelle2.B"/>
   <table:table-header-rows>
    <table:table-row>
     <table:table-cell table:value-type="string">
      <text:p text:style-name="Paragraph"><draw:image draw:name="Símbolo18" svg:desc="Símbolo" svg:pixelx="25" svg:pixely="25" svg:width="0.661cm" svg:height="0.661cm" xlink:href="66689" draw:filter-name=""/></text:p>

     </table:table-cell>
     <table:table-cell table:value-type="string">
      <text:p text:style-name="Paragraph">Centrar horizontalmente (para marcos)</text:p>
     </table:table-cell>
    </table:table-row>
   </table:table-header-rows>
   <table:table-row>
    <table:table-cell table:value-type="string">
     <text:p text:style-name="Paragraph"><draw:image draw:name="Símbolo19" svg:desc="Símbolo" svg:pixelx="25" svg:pixely="25" svg:width="0.661cm" svg:height="0.661cm" xlink:href="65690" draw:filter-name=""/></text:p>

    </table:table-cell>
    <table:table-cell table:value-type="string">
     <text:p text:style-name="Paragraph">Centrado (para objetos de dibujo)</text:p>
    </table:table-cell>
   </table:table-row>
  </table:table>
  </help:to-be-embedded></help:to-popup>
  <help:to-popup Eid="rechts">
  <text:p text:style-name="Paragraph">Menú <text:span text:style-name="T1">Formato - Alineación - Derecha</text:span></text:p>
  <text:p text:style-name="Paragraph">Menú <text:span text:style-name="T1">Modificar - Alineación - Derecha</text:span> <text:s/>(objetos seleccionados) (<help:productname>%PRODUCTNAME</help:productname> Draw)</text:p>
  <text:p text:style-name="Paragraph">Menú contextual <text:span text:style-name="T1">Alineación - Derecha</text:span> (objetos seleccionados) (<help:productname>%PRODUCTNAME</help:productname> Impress, <help:productname>%PRODUCTNAME</help:productname> Draw)</text:p>
  <text:p text:style-name="Paragraph">En la barra de herramientas de <text:span text:style-name="T1">objetos</text:span> (<help:productname>%PRODUCTNAME</help:productname> Writer, <help:productname>%PRODUCTNAME</help:productname> Calc) o en la barra de herramientas <text:span text:style-name="T1">principal</text:span> (<help:productname>%PRODUCTNAME</help:productname> Impress, <help:productname>%PRODUCTNAME</help:productname> Draw), pulse</text:p>
  <help:to-be-embedded Eid="syrechts">
  <table:table table:name="Tabelle4" table:style-name="Tabelle4">
   <table:table-column table:style-name="Tabelle4.A"/>
   <table:table-column table:style-name="Tabelle4.B"/>
   <table:table-header-rows>
    <table:table-row>
     <table:table-cell table:value-type="string">
      <text:p text:style-name="Paragraph"><draw:image draw:name="Símbolo20" svg:desc="Símbolo" svg:pixelx="25" svg:pixely="25" svg:width="0.661cm" svg:height="0.661cm" xlink:href="66698" draw:filter-name=""/></text:p>

     </table:table-cell>
     <table:table-cell table:value-type="string">
      <text:p text:style-name="Paragraph">Alinear a la derecha (para marcos)</text:p>
     </table:table-cell>
    </table:table-row>
   </table:table-header-rows>
   <table:table-row>
    <table:table-cell table:value-type="string">
     <text:p text:style-name="Paragraph"><draw:image draw:name="Símbolo21" svg:desc="Símbolo" svg:pixelx="25" svg:pixely="25" svg:width="0.661cm" svg:height="0.661cm" xlink:href="65684" draw:filter-name=""/></text:p>

    </table:table-cell>
    <table:table-cell table:value-type="string">
     <text:p text:style-name="Paragraph">Derecha (para objetos de dibujo)</text:p>
    </table:table-cell>
   </table:table-row>
  </table:table>
  </help:to-be-embedded></help:to-popup>
  <help:to-popup Eid="oben">
  <text:p text:style-name="Paragraph">Menú <text:span text:style-name="T1">Formato - Alineación - Arriba</text:span> (<help:productname>%PRODUCTNAME</help:productname> Writer, <help:productname>%PRODUCTNAME</help:productname> Calc)</text:p>
  <text:p text:style-name="Paragraph">Menú <text:span text:style-name="T1">Modificar - Alineación - Arriba</text:span> (objetos seleccionados) (<help:productname>%PRODUCTNAME</help:productname> Draw)</text:p>
  <text:p text:style-name="Paragraph">Menú contextual <text:span text:style-name="T1">Alineación - Arriba</text:span> (objetos seleccionados) (<help:productname>%PRODUCTNAME</help:productname> Impress, <help:productname>%PRODUCTNAME</help:productname> Draw)</text:p>
  <text:p text:style-name="Paragraph">En la barra de herramientas de <text:span text:style-name="T1">objetos</text:span> (<help:productname>%PRODUCTNAME</help:productname> Writer, <help:productname>%PRODUCTNAME</help:productname> Calc) o en la barra de herramientas <text:span text:style-name="T1">principal</text:span> (<help:productname>%PRODUCTNAME</help:productname> Impress, <help:productname>%PRODUCTNAME</help:productname> Draw), pulse</text:p>
  <help:to-be-embedded Eid="syoben">
  <table:table table:name="Tabelle5" table:style-name="Tabelle5">
   <table:table-column table:style-name="Tabelle5.A"/>
   <table:table-column table:style-name="Tabelle5.B"/>
   <table:table-header-rows>
    <table:table-row>
     <table:table-cell table:value-type="string">
      <text:p text:style-name="Paragraph"><draw:image draw:name="Símbolo22" svg:desc="Símbolo" svg:pixelx="25" svg:pixely="25" svg:width="0.661cm" svg:height="0.661cm" xlink:href="66695" draw:filter-name=""/></text:p>

     </table:table-cell>
     <table:table-cell table:value-type="string">
      <text:p text:style-name="Paragraph">Arriba (para marcos)</text:p>
     </table:table-cell>
    </table:table-row>
   </table:table-header-rows>
   <table:table-row>
    <table:table-cell table:value-type="string">
     <text:p text:style-name="Paragraph"><draw:image draw:name="Símbolo23" svg:desc="Símbolo" svg:pixelx="25" svg:pixely="25" svg:width="0.661cm" svg:height="0.661cm" xlink:href="65683" draw:filter-name=""/></text:p>

    </table:table-cell>
    <table:table-cell table:value-type="string">
     <text:p text:style-name="Paragraph">Arriba (para objetos de dibujo)</text:p>
    </table:table-cell>
   </table:table-row>
  </table:table>
  </help:to-be-embedded></help:to-popup>
  <help:to-popup Eid="mitte">
  <text:p text:style-name="Paragraph">Menú <text:span text:style-name="T1">Formato - Alineación - Centro</text:span> (<help:productname>%PRODUCTNAME</help:productname> Writer, <help:productname>%PRODUCTNAME</help:productname> Calc)</text:p>
  <text:p text:style-name="Paragraph">Menú <text:span text:style-name="T1">Modificar - Alineación - Centro</text:span> (objetos seleccionados) (<help:productname>%PRODUCTNAME</help:productname> Draw)</text:p>
  <text:p text:style-name="Paragraph">Menú contextual <text:span text:style-name="T1">Alineación - Centro</text:span> (objetos seleccionados) (<help:productname>%PRODUCTNAME</help:productname> Impress, <help:productname>%PRODUCTNAME</help:productname> Draw)</text:p>
  <text:p text:style-name="Paragraph">En la barra de herramientas de <text:span text:style-name="T1">objetos</text:span> (<help:productname>%PRODUCTNAME</help:productname> Writer, <help:productname>%PRODUCTNAME</help:productname> Calc) o en la barra de herramientas <text:span text:style-name="T1">principal</text:span> (<help:productname>%PRODUCTNAME</help:productname> Impress, <help:productname>%PRODUCTNAME</help:productname> Draw), pulse</text:p>
  <help:to-be-embedded Eid="symitte">
  <table:table table:name="Tabelle6" table:style-name="Tabelle6">
   <table:table-column table:style-name="Tabelle6.A"/>
   <table:table-column table:style-name="Tabelle6.B"/>
   <table:table-header-rows>
    <table:table-row>
     <table:table-cell table:value-type="string">
      <text:p text:style-name="Paragraph"><draw:image draw:name="Símbolo24" svg:desc="Símbolo" svg:pixelx="25" svg:pixely="25" svg:width="0.661cm" svg:height="0.661cm" xlink:href="66694" draw:filter-name=""/></text:p>

     </table:table-cell>
     <table:table-cell table:value-type="string">
      <text:p text:style-name="Paragraph">Alienar al centro vertical (para marcos)</text:p>
     </table:table-cell>
    </table:table-row>
   </table:table-header-rows>
   <table:table-row>
    <table:table-cell table:value-type="string">
     <text:p text:style-name="Paragraph"><draw:image draw:name="Símbolo25" svg:desc="Símbolo" svg:pixelx="25" svg:pixely="25" svg:width="0.661cm" svg:height="0.661cm" xlink:href="65682" draw:filter-name=""/></text:p>

    </table:table-cell>
    <table:table-cell table:value-type="string">
     <text:p text:style-name="Paragraph">Centro (para objetos de dibujo)</text:p>
    </table:table-cell>
   </table:table-row>
  </table:table>
  </help:to-be-embedded></help:to-popup>
  <help:to-popup Eid="unten">
  <text:p text:style-name="Paragraph">Menú <text:span text:style-name="T1">Formato - Alineación - Abajo</text:span> (<help:productname>%PRODUCTNAME</help:productname> Writer, <help:productname>%PRODUCTNAME</help:productname> Calc)</text:p>
  <text:p text:style-name="Paragraph">Menú<text:span text:style-name="T1"> Modificar - Alineación - Abajo</text:span> (objetos seleccionados) (<help:productname>%PRODUCTNAME</help:productname> Draw)</text:p>
  <text:p text:style-name="Paragraph">Menú contextual <text:span text:style-name="T1">Alineación - Abajo</text:span> (objetos seleccionados) (<help:productname>%PRODUCTNAME</help:productname> Impress, <help:productname>%PRODUCTNAME</help:productname> Draw)</text:p>
  <text:p text:style-name="Paragraph">En la barra de herramientas de <text:span text:style-name="T1">objetos</text:span> (<help:productname>%PRODUCTNAME</help:productname> Writer, <help:productname>%PRODUCTNAME</help:productname> Calc) o en la barra de herramientas <text:span text:style-name="T1">principal</text:span> (<help:productname>%PRODUCTNAME</help:productname> Impress, <help:productname>%PRODUCTNAME</help:productname> Draw), pulse</text:p>
  <help:to-be-embedded Eid="syunten">
  <table:table table:name="Tabelle7" table:style-name="Tabelle7">
   <table:table-column table:style-name="Tabelle7.A"/>
   <table:table-column table:style-name="Tabelle7.B"/>
   <table:table-header-rows>
    <table:table-row>
     <table:table-cell table:value-type="string">
      <text:p text:style-name="Paragraph"><draw:image draw:name="Símbolo26" svg:desc="Símbolo" svg:pixelx="25" svg:pixely="25" svg:width="0.661cm" svg:height="0.661cm" xlink:href="66702" draw:filter-name=""/></text:p>

     </table:table-cell>
     <table:table-cell table:value-type="string">
      <text:p text:style-name="Paragraph">Alinear abajo (para marcos)</text:p>
     </table:table-cell>
    </table:table-row>
   </table:table-header-rows>
   <table:table-row>
    <table:table-cell table:value-type="string">
     <text:p text:style-name="Paragraph"><draw:image draw:name="Símbolo27" svg:desc="Símbolo" svg:pixelx="25" svg:pixely="25" svg:width="0.661cm" svg:height="0.661cm" xlink:href="65687" draw:filter-name=""/></text:p>

    </table:table-cell>
    <table:table-cell table:value-type="string">
     <text:p text:style-name="Paragraph">Abajo (para objetos de dibujo)</text:p>
    </table:table-cell>
   </table:table-row>
  </table:table>
  </help:to-be-embedded></help:to-popup>
  <help:to-popup Eid="wechsel">
  <text:p text:style-name="Paragraph">Menú <text:span text:style-name="T1">Formato - Anclaje</text:span></text:p>
  <text:p text:style-name="Paragraph">En la <text:span text:style-name="T1">barra de objetos </text:span><text:s/>pulse</text:p>
  <help:to-be-embedded Eid="syverankerung"><help:switch select="Program"><help:case select="WRITER">
  <table:table table:name="Tabelle3" table:style-name="Tabelle3">
   <table:table-column table:style-name="Tabelle3.A"/>
   <table:table-column table:style-name="Tabelle3.B"/>
   <table:table-header-rows>
    <table:table-row>
     <table:table-cell table:value-type="string">
      <text:p text:style-name="Paragraph"><draw:image draw:name="Símbolo28" svg:desc="Símbolo" svg:pixelx="25" svg:pixely="25" svg:width="0.661cm" svg:height="0.661cm" xlink:href="66624" draw:filter-name=""/></text:p>

     </table:table-cell>
     <table:table-cell table:value-type="string">
      <text:p text:style-name="Paragraph">Cambiar ancla</text:p>
     </table:table-cell>
    </table:table-row>
   </table:table-header-rows>
  </table:table>
  </help:case><help:case select="CALC"><help:to-be-embedded Eid="ankcalc">
  <table:table table:name="Tabelle14" table:style-name="Tabelle14">
   <table:table-column table:style-name="Tabelle14.A"/>
   <table:table-column table:style-name="Tabelle14.B"/>
   <table:table-header-rows>
    <table:table-row>
     <table:table-cell table:value-type="string">
      <text:p text:style-name="Paragraph"><draw:image draw:name="Símbolo29" svg:desc="Símbolo" svg:pixelx="25" svg:pixely="25" svg:width="0.661cm" svg:height="0.661cm" xlink:href="65669" draw:filter-name=""/></text:p>

     </table:table-cell>
     <table:table-cell table:value-type="string">
      <text:p text:style-name="Paragraph">Cambiar ancla</text:p>
     </table:table-cell>
    </table:table-row>
   </table:table-header-rows>
  </table:table>
  </help:to-be-embedded></help:case></help:switch></help:to-be-embedded></help:to-popup>
  <text:p text:style-name="Paragraph"><help:to-popup Eid="anseite">Menú <text:span text:style-name="T1">Formato - Anclaje - A la página</text:span></help:to-popup></text:p>
  <text:p text:style-name="Paragraph"><help:to-popup Eid="amabsatz">Menú <text:span text:style-name="T1">Formato- Anclaje - Al párrafo</text:span></help:to-popup></text:p>
  <text:p text:style-name="Paragraph"><help:to-popup Eid="amzeichen">Menú <text:span text:style-name="T1">Formato - Anclaje - Al carácter</text:span></help:to-popup></text:p>
  <text:p text:style-name="Paragraph"><help:to-popup Eid="alszeichen">Menú <text:span text:style-name="T1">Formato - Anclaje - Como carácter</text:span></help:to-popup></text:p>
  <text:p text:style-name="Paragraph"><help:to-popup Eid="amrahmen">Menú <text:span text:style-name="T1">Formato - Anclaje - Al marco</text:span></help:to-popup></text:p>
  <text:p text:style-name="Paragraph"><help:to-popup Eid="anderzelle">Menú <text:span text:style-name="T1">Formato - Anclaje - A la celda</text:span></help:to-popup></text:p>
 </office:body>
</office:document>
