

<office:document  xmlns:office="http://openoffice.org/2000/office" xmlns:style="http://openoffice.org/2000/style" xmlns:text="http://openoffice.org/2000/text" xmlns:table="http://openoffice.org/2000/table" xmlns:draw="http://openoffice.org/2000/drawing" xmlns:fo="http://www.w3.org/1999/XSL/Format" xmlns:xlink="http://www.w3.org/1999/xlink" xmlns:number="http://openoffice.org/2000/datastyle" xmlns:svg="http://www.w3.org/2000/svg" xmlns:chart="http://openoffice.org/2000/chart" xmlns:dr3d="http://openoffice.org/2000/dr3d" xmlns:math="http://www.w3.org/1998/Math/MathML" xmlns:form="http://openoffice.org/2000/form" xmlns:script="http://openoffice.org/2000/script" office:class="text" office:version="1.0" xmlns:dc="http://purl.org/dc/elements/1.1/" xmlns:meta="http://openoffice.org/2000/meta" xmlns:help="http://openoffice.org/2000/help">
<office:meta>
  <dc:description>text/common/00/00040503</dc:description>
  <dc:subject>Menú Formato</dc:subject>
  <meta:keywords>
   <meta:keyword>$Version</meta:keyword>
  </meta:keywords>
  <dc:language>es-ES</dc:language>
  <meta:user-defined meta:name="Info 0">READY</meta:user-defined>
  <meta:user-defined meta:name="Info 1">FREE_OK</meta:user-defined>
  <meta:user-defined meta:name="Info 2">NOINDEX</meta:user-defined>
  <meta:user-defined meta:name="Info 3"/>
</office:meta>
 <office:script/>
 <office:font-decls>
  <style:font-decl style:name="StarSymbol" fo:font-family="StarSymbol" style:font-charset="x-symbol"/>
  <style:font-decl style:name="Courier New" fo:font-family="&apos;Courier New&apos;" style:font-style-name="Standard" style:font-family-generic="modern" style:font-pitch="fixed"/>
  <style:font-decl style:name="Courier" fo:font-family="Courier" style:font-family-generic="roman" style:font-pitch="fixed"/>
  <style:font-decl style:name="Arial Unicode MS" fo:font-family="&apos;Arial Unicode MS&apos;" style:font-pitch="variable"/>
  <style:font-decl style:name="HG Mincho Light J" fo:font-family="&apos;HG Mincho Light J&apos;" style:font-pitch="variable"/>
  <style:font-decl style:name="Times New Roman3" fo:font-family="&apos;Times New Roman&apos;" style:font-pitch="variable"/>
  <style:font-decl style:name="Thorndale" fo:font-family="Thorndale" style:font-family-generic="roman" style:font-pitch="variable"/>
  <style:font-decl style:name="Times New Roman2" fo:font-family="&apos;Times New Roman&apos;" style:font-style-name="Fett" style:font-family-generic="roman" style:font-pitch="variable"/>
  <style:font-decl style:name="Times New Roman" fo:font-family="&apos;Times New Roman&apos;" style:font-style-name="Standard" style:font-family-generic="roman" style:font-pitch="variable"/>
  <style:font-decl style:name="Times New Roman1" fo:font-family="&apos;Times New Roman&apos;" style:font-family-generic="swiss" style:font-pitch="variable"/>
 </office:font-decls>
 <office:automatic-styles>
  <style:style style:name="Tabelle1" style:family="table">
   <style:properties style:width="18cm" table:align="margins"/>
  </style:style>
  <style:style style:name="Tabelle1.A" style:family="table-column">
   <style:properties style:column-width="1.501cm" style:rel-column-width="5464*"/>
  </style:style>
  <style:style style:name="Tabelle1.B" style:family="table-column">
   <style:properties style:column-width="16.499cm" style:rel-column-width="60052*"/>
  </style:style>
  <style:style style:name="Tabelle2" style:family="table">
   <style:properties style:width="18cm" table:align="margins"/>
  </style:style>
  <style:style style:name="Tabelle2.A" style:family="table-column">
   <style:properties style:column-width="1.501cm" style:rel-column-width="5464*"/>
  </style:style>
  <style:style style:name="Tabelle2.B" style:family="table-column">
   <style:properties style:column-width="16.499cm" style:rel-column-width="60052*"/>
  </style:style>
  <style:style style:name="P1" style:family="paragraph" style:parent-style-name="Paragraph" style:master-page-name="HTML">
   <style:properties style:page-number="0"/>
  </style:style>
  <style:style style:name="T1" style:family="text">
   <style:properties fo:font-weight="bold"/>
  </style:style>
  <style:style style:name="fr1" style:family="graphics" style:parent-style-name="Graphics">
   <style:properties style:run-through="foreground" style:wrap="run-through" style:vertical-pos="top" style:vertical-rel="paragraph" style:horizontal-pos="left" style:horizontal-rel="paragraph" style:mirror="none" fo:clip="rect(0cm 0cm 0cm 0cm)" draw:luminance="0%" draw:contrast="0%" draw:red="0%" draw:green="0%" draw:blue="0%" draw:gamma="1" draw:color-inversion="false" draw:transparency="-100%" draw:color-mode="standard"/>
  </style:style>
 </office:automatic-styles>
 <office:body>
  <text:variable-decls>
   <text:variable-decl text:value-type="string" text:name="HTML_ON"/>
   <text:variable-decl text:value-type="string" text:name="HTML_OFF"/>
   <text:variable-decl text:value-type="string" text:name="TITEL"/>
   <text:variable-decl text:value-type="string" text:name="END"/>
   <text:variable-decl text:value-type="string" text:name="OS2"/>
   <text:variable-decl text:value-type="string" text:name="ELSE"/>
   <text:variable-decl text:value-type="string" text:name="NAME"/>
   <text:variable-decl text:value-type="string" text:name="MAC"/>
   <text:variable-decl text:value-type="string" text:name="HREF"/>
   <text:variable-decl text:value-type="string" text:name="MODIFY"/>
   <text:variable-decl text:value-type="string" text:name="REFNR"/>
   <text:variable-decl text:value-type="string" text:name="HFELD"/>
   <text:variable-decl text:value-type="string" text:name="STYLE"/>
  </text:variable-decls>
  <text:sequence-decls>
   <text:sequence-decl text:display-outline-level="0" text:name="Illustration"/>
   <text:sequence-decl text:display-outline-level="0" text:name="Table"/>
   <text:sequence-decl text:display-outline-level="0" text:name="Text"/>
   <text:sequence-decl text:display-outline-level="0" text:name="Drawing"/>
  </text:sequence-decls>
  <text:p text:style-name="P1"/>
  <text:p text:style-name="Head 1">Menú Formato</text:p>
  <help:to-popup Eid="fozeihoe">
  <text:p text:style-name="Paragraph">Menú <text:span text:style-name="T1">Formato - Fila - Altura...</text:span></text:p>
  <text:p text:style-name="Paragraph">Menú contextual de un encabezamiento de fila de una tabla de base de datos abierta - <text:span text:style-name="T1">Altura de fila...</text:span></text:p>
  </help:to-popup>
  <help:to-popup Eid="fosb">
  <text:p text:style-name="Paragraph">Menú <text:span text:style-name="T1">Formato - Columna - Ancho...</text:span></text:p>
  <text:p text:style-name="Paragraph">Menú contextual de un encabezamiento de columna de una tabla de base de datos abierta - <text:span text:style-name="T1">Ancho de columna...</text:span></text:p>
  </help:to-popup>
  <help:to-popup Eid="zahlen">
  <text:p text:style-name="Paragraph"><help:switch select="Program"><help:case select="CALC">Menú <text:span text:style-name="T1">Formato - Celda... -</text:span> Ficha <text:span text:style-name="T1">Números</text:span></help:case></help:switch></text:p>
  <text:p text:style-name="Paragraph"><help:switch select="Program"><help:case select="CALC">Menú <text:span text:style-name="T1">Formato - Catálogo de estilos... - Modificar/Nuevo... -</text:span> Ficha <text:span text:style-name="T1">Números</text:span></help:case></help:switch></text:p>
  <text:p text:style-name="Paragraph"><help:switch select="Program"><help:case select="CALC">Menú <text:span text:style-name="T1">Formato - Estilista - </text:span>Menú contextual<text:span text:style-name="T1"> Modificar/Nuevo... -</text:span> Ficha <text:span text:style-name="T1">Números</text:span></help:case></help:switch></text:p>
  <text:p text:style-name="Paragraph">Menú contextual de un encabezamiento de columna de una tabla de base de datos abierta - <text:span text:style-name="T1">Formateado de columnas... -</text:span> <text:s/>Ficha <text:span text:style-name="T1">Formato</text:span></text:p>
  <text:p text:style-name="Paragraph">Menú <text:span text:style-name="T1">Formato - Eje - Eje Y... -</text:span> <text:s/>Ficha <text:span text:style-name="T1">Números</text:span> (diagramas)</text:p>
  <text:p text:style-name="Paragraph">También como diálogo <text:span text:style-name="T1">Formato numérico</text:span> para tablas y campos en documentos de texto: Elija <text:span text:style-name="T1">Formato - Formato numérico</text:span> o vaya a la pestaña <text:span text:style-name="T1">Insertar - Campos - Otros - Variables</text:span> y seleccione &quot;Otros formatos&quot; en la lista <text:span text:style-name="T1">Formato</text:span>.</text:p>
  </help:to-popup>
  <help:to-popup Eid="fozelaus">
  <text:p text:style-name="Paragraph"><help:switch select="Program"><help:case select="CHART">Menú <text:span text:style-name="T1">Formato - Título - </text:span>Ficha<text:span text:style-name="T1"> Alineación</text:span></help:case><help:default>Menú <text:span text:style-name="T1">Formato - Celda... -</text:span> Ficha <text:span text:style-name="T1">Alineación</text:span></help:default></help:switch></text:p>
  <text:p text:style-name="Paragraph"><help:switch select="Program"><help:case select="CHART"></help:case><help:default>Menú contextual de un encabezamiento de columna de una tabla de base de datos abierta - <text:span text:style-name="T1">Formateado de columnas... -</text:span> Ficha <text:span text:style-name="T1">Alineación</text:span></help:default></help:switch></text:p>
  </help:to-popup>
  <text:p text:style-name="Paragraph"><help:to-popup Eid="tabform">Menú contextual de un encabezamiento de columna de una tabla de base de datos abierta - <text:span text:style-name="T1">Formateado de tabla...</text:span></help:to-popup></text:p>
  <text:p text:style-name="Paragraph"><help:to-popup Eid="spaltform">Menú contextual de un encabezamiento de columna de una tabla de base de datos abierta - <text:span text:style-name="T1">Formateado de columnas...</text:span></help:to-popup></text:p>
  <text:p text:style-name="Paragraph"><help:to-popup Eid="zeilenloeschen">Menú contextual de un encabezamiento de fila de una tabla de base de datos abierta - <text:span text:style-name="T1">Borrar filas</text:span></help:to-popup></text:p>
  <help:to-popup Eid="spiegeln">
  <text:p text:style-name="Paragraph">Menú <text:span text:style-name="T1">Modificar - Reflejar</text:span> (<help:productname>%PRODUCTNAME</help:productname> Draw)</text:p>
  <text:p text:style-name="Paragraph">Menú <text:span text:style-name="T1">Modificar - Imagen... - </text:span><text:s/>Ficha <text:span text:style-name="T1">Imagen</text:span></text:p>
  <text:p text:style-name="Paragraph">Menú contextual <text:span text:style-name="T1">Reflejar</text:span> (presentaciones)</text:p>
  </help:to-popup>
  <help:to-popup Eid="vertikal">
  <text:p text:style-name="Paragraph">Menú <text:span text:style-name="T1">Modificar - Reflejar - Vertical</text:span> (<help:productname>%PRODUCTNAME</help:productname> Draw)</text:p>
  <text:p text:style-name="Paragraph">Menú <text:span text:style-name="T1">Formato - Imagen... -</text:span> Ficha <text:span text:style-name="T1">Imagen</text:span></text:p>
  <text:p text:style-name="Paragraph">Menú contextual <text:span text:style-name="T1">Reflejar - Vertical</text:span> (presentaciones)</text:p>
  <text:p text:style-name="Paragraph"><help:switch select="Program"><help:case select="IMAGE">Abra la barra de herramientas flotante <text:span text:style-name="T1">Imágenes</text:span> desde la barra de herramientas <text:span text:style-name="T1">principal</text:span></help:case><help:default>En la barra de <text:span text:style-name="T1">objetos gráficos</text:span></help:default></help:switch> pulse</text:p>
  <help:to-be-embedded Eid="syvertikal">
  <table:table table:name="Tabelle1" table:style-name="Tabelle1">
   <table:table-column table:style-name="Tabelle1.A"/>
   <table:table-column table:style-name="Tabelle1.B"/>
   <table:table-header-rows>
    <table:table-row>
     <table:table-cell table:value-type="string">
      <text:p text:style-name="Paragraph"><draw:image draw:name="Símbolo0" svg:desc="Símbolo" svg:pixelx="25" svg:pixely="25" svg:width="0.661cm" svg:height="0.661cm" xlink:href="66146" draw:filter-name=""/></text:p>

     </table:table-cell>
     <table:table-cell table:value-type="string">
      <text:p text:style-name="Paragraph">Reflejar verticalmente</text:p>
     </table:table-cell>
    </table:table-row>
   </table:table-header-rows>
  </table:table>
  </help:to-be-embedded></help:to-popup>
  <help:to-popup Eid="horizontal">
  <text:p text:style-name="Paragraph">Menú <text:span text:style-name="T1">Modificar - Reflejar - Horizontal</text:span> (<help:productname>%PRODUCTNAME</help:productname> Draw)</text:p>
  <text:p text:style-name="Paragraph">Seleccione <text:span text:style-name="T1">Formato - Imágenes y pulse la pestaña Imágenes</text:span>.</text:p>
  <text:p text:style-name="Paragraph">Seleccione <text:span text:style-name="T1">Formato - Reflejar - Horizontalmente</text:span>.</text:p>
  <text:p text:style-name="Paragraph">Pulse con el botón derecho del ratón el objeto seleccionado y luego elija <text:span text:style-name="T1">Reflejar - Horizontalmente</text:span> (<help:productname>%PRODUCTNAME</help:productname> Impress)</text:p>
  <text:p text:style-name="Paragraph"><help:switch select="Program"><help:case select="IMAGE">Abra la barra de herramientas flotante <text:span text:style-name="T1">Imágenes</text:span> de la barra de herramientas principal</help:case><help:default>En la barra <text:span text:style-name="T1">de objetos gráficos</text:span> </help:default></help:switch> pulse</text:p>
  <help:to-be-embedded Eid="syhorizontal">
  <table:table table:name="Tabelle2" table:style-name="Tabelle2">
   <table:table-column table:style-name="Tabelle2.A"/>
   <table:table-column table:style-name="Tabelle2.B"/>
   <table:table-header-rows>
    <table:table-row>
     <table:table-cell table:value-type="string">
      <text:p text:style-name="Paragraph"><draw:image draw:name="Símbolo1" svg:desc="Símbolo" svg:pixelx="25" svg:pixely="25" svg:width="0.661cm" svg:height="0.661cm" xlink:href="66145" draw:filter-name=""/></text:p>

     </table:table-cell>
     <table:table-cell table:value-type="string">
      <text:p text:style-name="Paragraph">Reflejar horizontalmente</text:p>
     </table:table-cell>
    </table:table-row>
   </table:table-header-rows>
  </table:table>
  </help:to-be-embedded></help:to-popup>
  <help:to-popup Eid="verteilung">
  <text:p text:style-name="Paragraph">Menú <text:span text:style-name="T1">Modificar - Distribución...</text:span> (<help:productname>%PRODUCTNAME</help:productname> Draw)</text:p>
  <text:p text:style-name="Paragraph">Menú contextual <text:span text:style-name="T1">Distribución...</text:span> (<help:productname>%PRODUCTNAME</help:productname> Impress)</text:p>
  </help:to-popup>
 </office:body>
</office:document>
