

<office:document  xmlns:office="http://openoffice.org/2000/office" xmlns:style="http://openoffice.org/2000/style" xmlns:text="http://openoffice.org/2000/text" xmlns:table="http://openoffice.org/2000/table" xmlns:draw="http://openoffice.org/2000/drawing" xmlns:fo="http://www.w3.org/1999/XSL/Format" xmlns:xlink="http://www.w3.org/1999/xlink" xmlns:number="http://openoffice.org/2000/datastyle" xmlns:svg="http://www.w3.org/2000/svg" xmlns:chart="http://openoffice.org/2000/chart" xmlns:dr3d="http://openoffice.org/2000/dr3d" xmlns:math="http://www.w3.org/1998/Math/MathML" xmlns:form="http://openoffice.org/2000/form" xmlns:script="http://openoffice.org/2000/script" office:class="text" office:version="1.0" xmlns:dc="http://purl.org/dc/elements/1.1/" xmlns:meta="http://openoffice.org/2000/meta" xmlns:help="http://openoffice.org/2000/help">
<office:meta>
  <dc:description>text/common/00/01010000</dc:description>
  <dc:subject>Menú contextual Gallery</dc:subject>

  <dc:language>es-ES</dc:language>
  <meta:user-defined meta:name="Info 0">READY</meta:user-defined>
  <meta:user-defined meta:name="Info 1">FREE_OK</meta:user-defined>
  <meta:user-defined meta:name="Info 2">NOINDEX</meta:user-defined>
  <meta:user-defined meta:name="Info 3"/>
</office:meta>
 <office:script/>
 <office:font-decls>
  <style:font-decl style:name="StarSymbol" fo:font-family="StarSymbol" style:font-charset="x-symbol"/>
  <style:font-decl style:name="Courier New" fo:font-family="&apos;Courier New&apos;" style:font-style-name="Standard" style:font-family-generic="modern" style:font-pitch="fixed"/>
  <style:font-decl style:name="Courier" fo:font-family="Courier" style:font-family-generic="roman" style:font-pitch="fixed"/>
  <style:font-decl style:name="Arial Unicode MS" fo:font-family="&apos;Arial Unicode MS&apos;" style:font-pitch="variable"/>
  <style:font-decl style:name="HG Mincho Light J" fo:font-family="&apos;HG Mincho Light J&apos;" style:font-pitch="variable"/>
  <style:font-decl style:name="Times New Roman3" fo:font-family="&apos;Times New Roman&apos;" style:font-pitch="variable"/>
  <style:font-decl style:name="Thorndale" fo:font-family="Thorndale" style:font-family-generic="roman" style:font-pitch="variable"/>
  <style:font-decl style:name="Times New Roman2" fo:font-family="&apos;Times New Roman&apos;" style:font-style-name="Fett" style:font-family-generic="roman" style:font-pitch="variable"/>
  <style:font-decl style:name="Times New Roman" fo:font-family="&apos;Times New Roman&apos;" style:font-style-name="Standard" style:font-family-generic="roman" style:font-pitch="variable"/>
  <style:font-decl style:name="Times New Roman1" fo:font-family="&apos;Times New Roman&apos;" style:font-family-generic="swiss" style:font-pitch="variable"/>
 </office:font-decls>
 <office:automatic-styles>
  <style:style style:name="P1" style:family="paragraph" style:parent-style-name="Paragraph" style:master-page-name="HTML">
   <style:properties style:page-number="0"/>
  </style:style>
  <style:style style:name="T1" style:family="text">
   <style:properties fo:font-weight="bold"/>
  </style:style>
 </office:automatic-styles>
 <office:body>
  <text:variable-decls>
   <text:variable-decl text:value-type="string" text:name="HTML_ON"/>
   <text:variable-decl text:value-type="string" text:name="HTML_OFF"/>
   <text:variable-decl text:value-type="string" text:name="TITEL"/>
   <text:variable-decl text:value-type="string" text:name="END"/>
   <text:variable-decl text:value-type="string" text:name="OS2"/>
   <text:variable-decl text:value-type="string" text:name="ELSE"/>
   <text:variable-decl text:value-type="string" text:name="NAME"/>
   <text:variable-decl text:value-type="string" text:name="MAC"/>
   <text:variable-decl text:value-type="string" text:name="HREF"/>
   <text:variable-decl text:value-type="string" text:name="MODIFY"/>
   <text:variable-decl text:value-type="string" text:name="REFNR"/>
   <text:variable-decl text:value-type="string" text:name="HelpID"/>
   <text:variable-decl text:value-type="string" text:name="HFELD"/>
   <text:variable-decl text:value-type="string" text:name="WIN"/>
   <text:variable-decl text:value-type="string" text:name="AKTHLP"/>
  </text:variable-decls>
  <text:sequence-decls>
   <text:sequence-decl text:display-outline-level="0" text:name="Illustration"/>
   <text:sequence-decl text:display-outline-level="0" text:name="Table"/>
   <text:sequence-decl text:display-outline-level="0" text:name="Text"/>
   <text:sequence-decl text:display-outline-level="0" text:name="Drawing"/>
  </text:sequence-decls>
  <text:p text:style-name="P1"/>
  <text:p text:style-name="Head 1">Menú contextual Gallery</text:p>
  <text:p text:style-name="Head 2"><help:help-id value="HID_GALLERY_MN_ADDMENU"/>Añadir</text:p>
  <text:p text:style-name="Paragraph"><help:help-text value="visible">Define el modo en que se inserta un objeto gráfico seleccionado en un documento.</help:help-text></text:p>
  <text:p text:style-name="Head 3"><help:help-id value="HID_GALLERY_MN_ADD"/>Copia</text:p>
  <text:p text:style-name="Paragraph"><help:help-text value="visible">Inserta una copia del objeto gráfico seleccionado directamente en el documento.</help:help-text> No hay vínculo con el gráfico original. Los documentos guardados tras utilizar &quot;Copiar&quot; precisan más espacio de almacenamiento que los que emplean &quot;Vincular&quot;.</text:p>
  <text:p text:style-name="Head 3"><help:help-id value="HID_GALLERY_MN_ADD_LINK"/>Vínculo</text:p>
  <text:p text:style-name="Paragraph"><help:help-text value="visible">Inserta la imagen seleccionada en forma de vínculo.</help:help-text> Un objeto gráfico vinculado es una referencia al original. La ventaja de un vínculo es que ocupa menos espacio de almacenamiento que una &quot;copia&quot; del original.</text:p>
  <text:p text:style-name="Head 2"><help:switch select="Program"><help:case select="WRITER">Fondo</help:case></help:switch></text:p>
  <text:p text:style-name="Paragraph"><help:switch select="Program"><help:case select="WRITER">Especifica cómo está anclada la imagen de fondo.</help:case></help:switch></text:p>
  <text:p text:style-name="Head 3"><help:switch select="Program"><help:case select="WRITER">Página</help:case></help:switch></text:p>
  <text:p text:style-name="Paragraph"><help:switch select="Program"><help:case select="WRITER">Ancla el gráfico a la página.</help:case></help:switch></text:p>
  <text:p text:style-name="Head 3"><help:switch select="Program"><help:case select="WRITER">Al párrafo</help:case></help:switch></text:p>
  <text:p text:style-name="Paragraph"><help:switch select="Program"><help:case select="WRITER">Ancla el gráfico al párrafo.</help:case></help:switch></text:p>
  <text:p text:style-name="Head 2"><help:help-id value="HID_GALLERY_MN_PREVIEW"/>Previsualización</text:p>
  <text:p text:style-name="Paragraph"><help:help-text value="visible">La orden<text:span text:style-name="T1"> Previsualización </text:span>muestra el gráfico seleccionado.</help:help-text> Seleccione de nuevo <text:span text:style-name="T1">Previsualización</text:span> para recuperar la vista original. La previsualización se activa o desactiva con una pulsación doble en el gráfico o pulsando la barra espaciadora.</text:p>
  <text:p text:style-name="Head 2"><help:help-id value="HID_GALLERY_TITLE"/><help:help-id value="SVX_EDIT_RID_SVXDLG_GALLERY_TITLE_EDT_TITLE"/>Título</text:p>
  <text:p text:style-name="Paragraph"><help:help-text value="visible">Asigna un título al objeto de Gallery seleccionado.</help:help-text> El tema de Gallery no debe estar protegido contra escritura. El título se asignará al pulsar Aceptar para cerrar el diálogo <text:span text:style-name="T1">Introducir título</text:span>. En el caso de objetos vinculados, la ruta fuente aparece a continuación del título, entre paréntesis.</text:p>
  <text:p text:style-name="Head 2"><help:help-id value="HID_GALLERY_MN_DELETE"/>Borrar</text:p>
  <text:p text:style-name="Paragraph"><help:help-text value="visible">Con esta opción se borrará la imagen seleccionada tras responder positivamente a una pregunta de confirmación.</help:help-text></text:p>
 </office:body>
</office:document>
