

<office:document  xmlns:office="http://openoffice.org/2000/office" xmlns:style="http://openoffice.org/2000/style" xmlns:text="http://openoffice.org/2000/text" xmlns:table="http://openoffice.org/2000/table" xmlns:draw="http://openoffice.org/2000/drawing" xmlns:fo="http://www.w3.org/1999/XSL/Format" xmlns:xlink="http://www.w3.org/1999/xlink" xmlns:number="http://openoffice.org/2000/datastyle" xmlns:svg="http://www.w3.org/2000/svg" xmlns:chart="http://openoffice.org/2000/chart" xmlns:dr3d="http://openoffice.org/2000/dr3d" xmlns:math="http://www.w3.org/1998/Math/MathML" xmlns:form="http://openoffice.org/2000/form" xmlns:script="http://openoffice.org/2000/script" office:class="text" office:version="1.0" xmlns:dc="http://purl.org/dc/elements/1.1/" xmlns:meta="http://openoffice.org/2000/meta" xmlns:help="http://openoffice.org/2000/help">
<office:meta>
  <dc:description>text/common/autopi/01010600</dc:description>
  <dc:subject>Pilota automatico Lettera - Pagina 6</dc:subject>

  <dc:language>it-IT</dc:language>
  <meta:user-defined meta:name="Info 0">READY</meta:user-defined>
  <meta:user-defined meta:name="Info 1">FREE_OK</meta:user-defined>
  <meta:user-defined meta:name="Info 2"/>
  <meta:user-defined meta:name="Info 3"/>
</office:meta>
 <office:script/>
 <office:font-decls>
  <style:font-decl style:name="StarSymbol" fo:font-family="StarSymbol" style:font-charset="x-symbol"/>
  <style:font-decl style:name="Courier New" fo:font-family="&apos;Courier New&apos;" style:font-style-name="Standard" style:font-family-generic="modern" style:font-pitch="fixed"/>
  <style:font-decl style:name="Courier" fo:font-family="Courier" style:font-family-generic="roman" style:font-pitch="fixed"/>
  <style:font-decl style:name="Arial Unicode MS" fo:font-family="&apos;Arial Unicode MS&apos;" style:font-pitch="variable"/>
  <style:font-decl style:name="HG Mincho Light J" fo:font-family="&apos;HG Mincho Light J&apos;" style:font-pitch="variable"/>
  <style:font-decl style:name="Times New Roman3" fo:font-family="&apos;Times New Roman&apos;" style:font-pitch="variable"/>
  <style:font-decl style:name="Thorndale" fo:font-family="Thorndale" style:font-family-generic="roman" style:font-pitch="variable"/>
  <style:font-decl style:name="Times New Roman2" fo:font-family="&apos;Times New Roman&apos;" style:font-style-name="Fett" style:font-family-generic="roman" style:font-pitch="variable"/>
  <style:font-decl style:name="Times New Roman" fo:font-family="&apos;Times New Roman&apos;" style:font-style-name="Standard" style:font-family-generic="roman" style:font-pitch="variable"/>
  <style:font-decl style:name="Times New Roman1" fo:font-family="&apos;Times New Roman&apos;" style:font-family-generic="swiss" style:font-pitch="variable"/>
 </office:font-decls>
 <office:automatic-styles>
  <style:style style:name="P1" style:family="paragraph" style:parent-style-name="Paragraph" style:master-page-name="HTML">
   <style:properties style:page-number="0"/>
  </style:style>
 </office:automatic-styles>
 <office:body>
  <text:variable-decls>
   <text:variable-decl text:value-type="string" text:name="HTML_ON"/>
   <text:variable-decl text:value-type="string" text:name="HTML_OFF"/>
   <text:variable-decl text:value-type="string" text:name="TITEL"/>
   <text:variable-decl text:value-type="string" text:name="END"/>
   <text:variable-decl text:value-type="string" text:name="MAC"/>
   <text:variable-decl text:value-type="string" text:name="ELSE"/>
   <text:variable-decl text:value-type="string" text:name="HREF"/>
   <text:variable-decl text:value-type="string" text:name="NAME"/>
   <text:variable-decl text:value-type="string" text:name="HelpID"/>
   <text:variable-decl text:value-type="string" text:name="MODIFY"/>
   <text:variable-decl text:value-type="string" text:name="REFNR"/>
   <text:variable-decl text:value-type="string" text:name="AKTHLP"/>
   <text:variable-decl text:value-type="string" text:name="STYLE"/>
  </text:variable-decls>
  <text:sequence-decls>
   <text:sequence-decl text:display-outline-level="0" text:name="Illustration"/>
   <text:sequence-decl text:display-outline-level="0" text:name="Table"/>
   <text:sequence-decl text:display-outline-level="0" text:name="Text"/>
   <text:sequence-decl text:display-outline-level="0" text:name="Drawing"/>
  </text:sequence-decls>
  <help:to-be-embedded Eid="seite6">
  <text:p text:style-name="Head 1"><help:help-id value="HID_LETTER_PAGE6"/><help:link Id="66082">Pilota automatico Lettera - Pagina 6</help:link></text:p>
  <text:p text:style-name="Paragraph"><help:help-text value="visible">In questa pagina potete definire l&apos;aspetto del piè di pagina e i margini orizzontali della pagina.</help:help-text></text:p>
  </help:to-be-embedded>
  <help:popup Id="65611" Eid="autopilotbrief6"><help:embedded Id="65598" Eid="wie"></help:embedded></help:popup>
  <help:to-be-embedded Eid="010106text">
  <text:p text:style-name="Head 2">Piè di pagina</text:p>
  <text:p text:style-name="Paragraph">All&apos;interno di quest&apos;area potete digitare un piè di pagina che viene inserito in fondo ad ogni pagina.</text:p>
  </help:to-be-embedded>
  <help:help-id value="SW_CHECKBOX_DLG_WIZARD_LT_DLG_FZL_CBOX_FUSSAN"/>
  <help:to-be-embedded Eid="6fusszeilean">
  <text:p text:style-name="Head 3">Piè di pagina</text:p>
  <text:p text:style-name="Paragraph"><help:help-text value="visible">Inserisce un piè di pagina nella lettera.</help:help-text></text:p>
  </help:to-be-embedded>
  <help:help-id value="SW_CHECKBOX_DLG_WIZARD_LT_DLG_FZL_CBOX_TRENNL"/>
  <help:to-be-embedded Eid="6trennlinie">
  <text:p text:style-name="Head 3">Separatore dal testo</text:p>
  <text:p text:style-name="Paragraph"><help:help-text value="visible">Inserisce una linea di separazione tra il testo e il piè di pagina.</help:help-text></text:p>
  </help:to-be-embedded>
  <text:p text:style-name="Head 3"><help:help-id value="SW_METRICFIELD_DLG_WIZARD_LT_DLG_FZL_MFLD_VONUNT"/>Dal basso</text:p>
  <text:p text:style-name="Paragraph"><help:help-text value="visible">Specifica la distanza tra il piè di pagina e il bordo inferiore della pagina.</help:help-text></text:p>
  <text:p text:style-name="Head 3"><help:help-id value="SW_METRICFIELD_DLG_WIZARD_LT_DLG_FZL_MFLD_ZUMTXT"/>Dal testo</text:p>
  <text:p text:style-name="Paragraph"><help:help-text value="visible">Specifica la distanza tra il piè di pagina e il testo.</help:help-text></text:p>
  <help:help-id value="SW_MULTILINEEDIT_DLG_WIZARD_LT_DLG_FZL_MEDT_FUSZEI"/>
  <help:to-be-embedded Eid="6fusszeile">
  <text:p text:style-name="Head 3">Piè di pagina</text:p>
  <text:p text:style-name="Paragraph"><help:help-text value="visible">Digitate il testo del piè di pagina.</help:help-text></text:p>
  <text:p text:style-name="Head 2">Margini pagina</text:p>
  <text:p text:style-name="Paragraph">Potete impostare i margini e osservare l&apos;anteprima per controllare l&apos;aspetto della pagina.</text:p>
  </help:to-be-embedded>
  <help:help-id value="SW_METRICFIELD_DLG_WIZARD_LT_DLG_MRG_MFLD_VONLKS"/>
  <help:to-be-embedded Eid="6vonlinks">
  <text:p text:style-name="Head 3">Da sinistra</text:p>
  <text:p text:style-name="Paragraph"><help:help-text value="visible">Definisce il margine sinistro della pagina.</help:help-text></text:p>
  </help:to-be-embedded>
  <help:help-id value="SW_METRICFIELD_DLG_WIZARD_LT_DLG_MRG_MFLD_VONRTS"/>
  <help:to-be-embedded Eid="6vonrechts">
  <text:p text:style-name="Head 3">Da destra</text:p>
  <text:p text:style-name="Paragraph"><help:help-text value="visible">Definisce il margine destro della pagina.</help:help-text></text:p>
  </help:to-be-embedded>
  <text:p text:style-name="Paragraph"><help:link Id="66114">Ulteriori informazioni su Pilota automatico Lettera - Pagina 7</help:link></text:p>
 </office:body>
</office:document>
