

<office:document  xmlns:office="http://openoffice.org/2000/office" xmlns:style="http://openoffice.org/2000/style" xmlns:text="http://openoffice.org/2000/text" xmlns:table="http://openoffice.org/2000/table" xmlns:draw="http://openoffice.org/2000/drawing" xmlns:fo="http://www.w3.org/1999/XSL/Format" xmlns:xlink="http://www.w3.org/1999/xlink" xmlns:number="http://openoffice.org/2000/datastyle" xmlns:svg="http://www.w3.org/2000/svg" xmlns:chart="http://openoffice.org/2000/chart" xmlns:dr3d="http://openoffice.org/2000/dr3d" xmlns:math="http://www.w3.org/1998/Math/MathML" xmlns:form="http://openoffice.org/2000/form" xmlns:script="http://openoffice.org/2000/script" office:class="text" office:version="1.0" xmlns:dc="http://purl.org/dc/elements/1.1/" xmlns:meta="http://openoffice.org/2000/meta" xmlns:help="http://openoffice.org/2000/help">
<office:meta>
  <dc:description>text/common/autopi/01010700</dc:description>
  <dc:subject>Pilota automatico Lettera - Pagina 7</dc:subject>

  <dc:language>it-IT</dc:language>
  <meta:user-defined meta:name="Info 0">READY</meta:user-defined>
  <meta:user-defined meta:name="Info 1">FREE_OK</meta:user-defined>
  <meta:user-defined meta:name="Info 2"/>
  <meta:user-defined meta:name="Info 3"/>
</office:meta>
 <office:script/>
 <office:font-decls>
  <style:font-decl style:name="StarSymbol" fo:font-family="StarSymbol" style:font-charset="x-symbol"/>
  <style:font-decl style:name="Courier New" fo:font-family="&apos;Courier New&apos;" style:font-style-name="Standard" style:font-family-generic="modern" style:font-pitch="fixed"/>
  <style:font-decl style:name="Courier" fo:font-family="Courier" style:font-family-generic="roman" style:font-pitch="fixed"/>
  <style:font-decl style:name="Arial Unicode MS" fo:font-family="&apos;Arial Unicode MS&apos;" style:font-pitch="variable"/>
  <style:font-decl style:name="HG Mincho Light J" fo:font-family="&apos;HG Mincho Light J&apos;" style:font-pitch="variable"/>
  <style:font-decl style:name="Times New Roman3" fo:font-family="&apos;Times New Roman&apos;" style:font-pitch="variable"/>
  <style:font-decl style:name="Thorndale" fo:font-family="Thorndale" style:font-family-generic="roman" style:font-pitch="variable"/>
  <style:font-decl style:name="Times New Roman2" fo:font-family="&apos;Times New Roman&apos;" style:font-style-name="Fett" style:font-family-generic="roman" style:font-pitch="variable"/>
  <style:font-decl style:name="Times New Roman" fo:font-family="&apos;Times New Roman&apos;" style:font-style-name="Standard" style:font-family-generic="roman" style:font-pitch="variable"/>
  <style:font-decl style:name="Times New Roman1" fo:font-family="&apos;Times New Roman&apos;" style:font-family-generic="swiss" style:font-pitch="variable"/>
 </office:font-decls>
 <office:automatic-styles>
  <style:style style:name="P1" style:family="paragraph" style:parent-style-name="Paragraph" style:master-page-name="HTML">
   <style:properties style:page-number="0"/>
  </style:style>
 </office:automatic-styles>
 <office:body>
  <text:variable-decls>
   <text:variable-decl text:value-type="string" text:name="HTML_ON"/>
   <text:variable-decl text:value-type="string" text:name="HTML_OFF"/>
   <text:variable-decl text:value-type="string" text:name="TITEL"/>
   <text:variable-decl text:value-type="string" text:name="END"/>
   <text:variable-decl text:value-type="string" text:name="MAC"/>
   <text:variable-decl text:value-type="string" text:name="ELSE"/>
   <text:variable-decl text:value-type="string" text:name="HREF"/>
   <text:variable-decl text:value-type="string" text:name="NAME"/>
   <text:variable-decl text:value-type="string" text:name="HelpID"/>
   <text:variable-decl text:value-type="string" text:name="MODIFY"/>
   <text:variable-decl text:value-type="string" text:name="REFNR"/>
   <text:variable-decl text:value-type="string" text:name="AKTHLP"/>
   <text:variable-decl text:value-type="string" text:name="STYLE"/>
  </text:variable-decls>
  <text:sequence-decls>
   <text:sequence-decl text:display-outline-level="0" text:name="Illustration"/>
   <text:sequence-decl text:display-outline-level="0" text:name="Table"/>
   <text:sequence-decl text:display-outline-level="0" text:name="Text"/>
   <text:sequence-decl text:display-outline-level="0" text:name="Drawing"/>
  </text:sequence-decls>
  <help:to-be-embedded Eid="seite7">
  <text:p text:style-name="Head 1"><help:help-id value="HID_LETTER_PAGE7"/><help:link Id="66114">Pilota automatico Lettera - Pagina 7</help:link></text:p>
  <text:p text:style-name="Paragraph"><help:help-text value="visible">In questo punto potete definire l&apos;aspetto delle pagine successive.</help:help-text></text:p>
  </help:to-be-embedded>
  <help:popup Id="65611" Eid="autopilotbrief7"><help:embedded Id="65598" Eid="wie"></help:embedded></help:popup>
  <text:p text:style-name="Head 2">Riga d&apos;intestazione</text:p>
  <text:p text:style-name="Paragraph">Qui potete definire il layout della riga d&apos;intestazione. L&apos;intestazione può contenere informazioni o oggetti aggiuntivi, ad esempio il logo e il mittente.</text:p>
  <text:p text:style-name="Head 3"><help:help-id value="SW_METRICFIELD_DLG_WIZARD_LT_DLG_LT7_MFLD_KLINOB"/>Dall&apos;alto</text:p>
  <text:p text:style-name="Paragraph"><help:help-text value="visible">Specifica la distanza tra la riga d&apos;intestazione e il bordo superiore della pagina.</help:help-text> Tenete conto dell&apos;area non stampabile definita dalla vostra stampante.</text:p>
  <text:p text:style-name="Head 3"><help:help-id value="SW_METRICFIELD_DLG_WIZARD_LT_DLG_LT7_MFLD_KLINTX"/>Dal testo</text:p>
  <text:p text:style-name="Paragraph"><help:help-text value="visible">Specifica la distanza tra la riga d&apos;intestazione e il testo seguente.</help:help-text></text:p>
  <text:p text:style-name="Head 3"><help:help-id value="SW_LISTBOX_DLG_WIZARD_LT_DLG_LT7_LIST_LOGOWO"/>Logo</text:p>
  <text:p text:style-name="Paragraph"><help:help-text value="visible">Scegliete se e dove deve essere ripetuto il logo.</help:help-text> Potete selezionare una dimensione del logo sulle pagine successive diversa da quella del logo sulla prima pagina.</text:p>
  <text:p text:style-name="Head 4"><help:help-id value="SW_METRICFIELD_DLG_WIZARD_LT_DLG_LT7_MFLD_LOGOWD"/>Larghezza</text:p>
  <text:p text:style-name="Paragraph"><help:help-text value="visible">Specifica la larghezza del logo.</help:help-text></text:p>
  <text:p text:style-name="Head 4"><help:help-id value="SW_METRICFIELD_DLG_WIZARD_LT_DLG_LT7_MFLD_LOGOHG"/>Altezza</text:p>
  <text:p text:style-name="Paragraph"><help:help-text value="visible">Specifica l&apos;altezza del logo.</help:help-text></text:p>
  <text:p text:style-name="Head 3"><help:help-id value="SW_LISTBOX_DLG_WIZARD_LT_DLG_LT7_LIST_ABSNWO"/>Mittente</text:p>
  <text:p text:style-name="Paragraph"><help:help-text value="visible">Indicate se e dove deve essere ripetuto il mittente. </help:help-text> Potete selezionare una grandezza per la casella del mittente per le pagine successive diversa da quella della prima pagina.</text:p>
  <text:p text:style-name="Head 4"><help:help-id value="SW_METRICFIELD_DLG_WIZARD_LT_DLG_LT7_MFLD_ABSNWD"/>Larghezza</text:p>
  <text:p text:style-name="Paragraph"><help:help-text value="visible">Definisce la larghezza del campo del mittente.</help:help-text></text:p>
  <text:p text:style-name="Head 4"><help:help-id value="SW_METRICFIELD_DLG_WIZARD_LT_DLG_LT7_MFLD_ABSNHG"/>Altezza</text:p>
  <text:p text:style-name="Paragraph"><help:help-text value="visible">Definisce l&apos;altezza del campo del mittente.</help:help-text></text:p>
  <text:p text:style-name="Head 2">Piè di pagina</text:p>
  <text:p text:style-name="Paragraph">Attiva o disattiva la ripetizione del piè di pagina nelle pagine successive e ne specifica la posizione.</text:p>
  <text:p text:style-name="Head 3"><help:help-id value="SW_CHECKBOX_DLG_WIZARD_LT_DLG_LT7_CBOX_FUSANZ"/>Mostra piè di pagina</text:p>
  <text:p text:style-name="Paragraph"><help:help-text value="visible">Attiva o disattiva la visualizzazione del piè di pagina.</help:help-text></text:p>
  <text:p text:style-name="Head 3"><help:help-id value="SW_METRICFIELD_DLG_WIZARD_LT_DLG_LT7_MFLD_FLINOB"/>Dal basso</text:p>
  <text:p text:style-name="Paragraph"><help:help-text value="visible">Specifica la distanza tra il piè di pagina e il bordo inferiore della pagina.</help:help-text> Tenete conto dell&apos;area non stampabile definita dalla vostra stampante.</text:p>
  <text:p text:style-name="Head 3"><help:help-id value="SW_METRICFIELD_DLG_WIZARD_LT_DLG_LT7_MFLD_FLINTX"/>Dal testo</text:p>
  <text:p text:style-name="Paragraph"><help:help-text value="visible">Specifica la distanza tra il piè di pagina e il testo della lettera.</help:help-text></text:p>
  <text:p text:style-name="Paragraph"><help:link Id="66139">Informazioni ulteriori su Pilota automatico Lettera - Pagina <text:s/>8</help:link></text:p>
 </office:body>
</office:document>
