

<office:document  xmlns:office="http://openoffice.org/2000/office" xmlns:style="http://openoffice.org/2000/style" xmlns:text="http://openoffice.org/2000/text" xmlns:table="http://openoffice.org/2000/table" xmlns:draw="http://openoffice.org/2000/drawing" xmlns:fo="http://www.w3.org/1999/XSL/Format" xmlns:xlink="http://www.w3.org/1999/xlink" xmlns:number="http://openoffice.org/2000/datastyle" xmlns:svg="http://www.w3.org/2000/svg" xmlns:chart="http://openoffice.org/2000/chart" xmlns:dr3d="http://openoffice.org/2000/dr3d" xmlns:math="http://www.w3.org/1998/Math/MathML" xmlns:form="http://openoffice.org/2000/form" xmlns:script="http://openoffice.org/2000/script" office:class="text" office:version="1.0" xmlns:dc="http://purl.org/dc/elements/1.1/" xmlns:meta="http://openoffice.org/2000/meta" xmlns:help="http://openoffice.org/2000/help">
<office:meta>
  <dc:description>text/common/autopi/01020300</dc:description>
  <dc:subject>Pilota automatico Fax - Pagina 3</dc:subject>

  <dc:language>it-IT</dc:language>
  <meta:user-defined meta:name="Info 0">READY</meta:user-defined>
  <meta:user-defined meta:name="Info 1">FREE_OK</meta:user-defined>
  <meta:user-defined meta:name="Info 2"/>
  <meta:user-defined meta:name="Info 3"/>
</office:meta>
 <office:script/>
 <office:font-decls>
  <style:font-decl style:name="StarSymbol" fo:font-family="StarSymbol" style:font-charset="x-symbol"/>
  <style:font-decl style:name="Courier New" fo:font-family="&apos;Courier New&apos;" style:font-style-name="Standard" style:font-family-generic="modern" style:font-pitch="fixed"/>
  <style:font-decl style:name="Courier" fo:font-family="Courier" style:font-family-generic="roman" style:font-pitch="fixed"/>
  <style:font-decl style:name="Arial Unicode MS" fo:font-family="&apos;Arial Unicode MS&apos;" style:font-pitch="variable"/>
  <style:font-decl style:name="HG Mincho Light J" fo:font-family="&apos;HG Mincho Light J&apos;" style:font-pitch="variable"/>
  <style:font-decl style:name="Times New Roman3" fo:font-family="&apos;Times New Roman&apos;" style:font-pitch="variable"/>
  <style:font-decl style:name="Thorndale" fo:font-family="Thorndale" style:font-family-generic="roman" style:font-pitch="variable"/>
  <style:font-decl style:name="Times New Roman2" fo:font-family="&apos;Times New Roman&apos;" style:font-style-name="Fett" style:font-family-generic="roman" style:font-pitch="variable"/>
  <style:font-decl style:name="Times New Roman" fo:font-family="&apos;Times New Roman&apos;" style:font-style-name="Standard" style:font-family-generic="roman" style:font-pitch="variable"/>
  <style:font-decl style:name="Times New Roman1" fo:font-family="&apos;Times New Roman&apos;" style:font-family-generic="swiss" style:font-pitch="variable"/>
 </office:font-decls>
 <office:automatic-styles>
  <style:style style:name="P1" style:family="paragraph" style:parent-style-name="Paragraph" style:master-page-name="HTML">
   <style:properties style:page-number="0"/>
  </style:style>
 </office:automatic-styles>
 <office:body>
  <text:variable-decls>
   <text:variable-decl text:value-type="string" text:name="HTML_ON"/>
   <text:variable-decl text:value-type="string" text:name="HTML_OFF"/>
   <text:variable-decl text:value-type="string" text:name="TITEL"/>
   <text:variable-decl text:value-type="string" text:name="END"/>
   <text:variable-decl text:value-type="string" text:name="OS2"/>
   <text:variable-decl text:value-type="string" text:name="ELSE"/>
   <text:variable-decl text:value-type="string" text:name="MAC"/>
   <text:variable-decl text:value-type="string" text:name="HREF"/>
   <text:variable-decl text:value-type="string" text:name="NAME"/>
   <text:variable-decl text:value-type="string" text:name="HelpID"/>
   <text:variable-decl text:value-type="string" text:name="MODIFY"/>
   <text:variable-decl text:value-type="string" text:name="REFNR"/>
   <text:variable-decl text:value-type="string" text:name="AKTHLP"/>
   <text:variable-decl text:value-type="string" text:name="STYLE"/>
  </text:variable-decls>
  <text:sequence-decls>
   <text:sequence-decl text:display-outline-level="0" text:name="Illustration"/>
   <text:sequence-decl text:display-outline-level="0" text:name="Table"/>
   <text:sequence-decl text:display-outline-level="0" text:name="Text"/>
   <text:sequence-decl text:display-outline-level="0" text:name="Drawing"/>
  </text:sequence-decls>
  <help:to-be-embedded Eid="seite3">
  <text:p text:style-name="Head 1"><help:help-id value="HID_FAX_PAGE3"/><help:link Id="66131">Pilota automatico Fax - Pagina 3</help:link></text:p>
  <text:p text:style-name="Paragraph"><help:help-text value="visible">Specifica le informazioni sul mittente per il fax.</help:help-text></text:p>
  </help:to-be-embedded>
  <help:popup Id="65611" Eid="autopilotfax3"><help:embedded Id="65598" Eid="wie"></help:embedded></help:popup>
  <text:p text:style-name="Head 2"><a name="absender"/>Digitate il mittente</text:p>
  <text:p text:style-name="Paragraph">Specifica l&apos;indirizzo del mittente, che verrà incluso in tutti i fax creati con questo modello.</text:p>
  <text:p text:style-name="Head 3"><help:help-id value="SW_MULTILINEEDIT_DLG_WIZARD_FX_DLG_FX3_MEDT_ABSINP"/>Mittente</text:p>
  <text:p text:style-name="Paragraph"><help:help-text value="visible">Inserite l&apos;indirizzo del mittente.</help:help-text></text:p>
  <text:p text:style-name="Head 3"><help:help-id value="SW_EDIT_DLG_WIZARD_FX_DLG_FX3_EDIT_TELFON"/>Telefono</text:p>
  <text:p text:style-name="Paragraph"><help:help-text value="visible">Inserite il vostro numero di telefono.</help:help-text></text:p>
  <text:p text:style-name="Head 3"><help:help-id value="SW_EDIT_DLG_WIZARD_FX_DLG_FX3_EDIT_TELFAX"/>Telefax</text:p>
  <text:p text:style-name="Paragraph"><help:help-text value="visible">Inserite il vostro numero di fax.</help:help-text></text:p>
  <text:p text:style-name="Head 2"><help:help-id value="SW_IMAGEBUTTON_DLG_WIZARD_FX_DLG_FX3_BTN_LOADADR"/>Aggiornamento dell&apos;indirizzo dai dati utente</text:p>
  <text:p text:style-name="Paragraph"><help:help-text value="visible">Sostituisce il contenuto del campo del mittente con un&apos;impostazione standard.</help:help-text> Il nuovo contenuto viene tratto dai dati dell&apos;utente.</text:p>
  <text:p text:style-name="Head 2"><a name="position"/>Posizione e dimensione</text:p>
  <text:p text:style-name="Paragraph">Definisce la posizione e le dimensioni del campo del mittente nel modello di fax. I simboli mostrano la posizione dell&apos;indirizzo di contatto per errata ricezione. Fate clic su uno dei simboli per selezionare una posizione e usate i pulsanti di selezione per specificare la posizione esatta.</text:p>
  <text:p text:style-name="Head 3"><help:help-id value="SW_IMAGEBUTTON_DLG_WIZARD_FX_DLG_FX3_BBTN_ABSNOL"/>In alto a sinistra</text:p>
  <text:p text:style-name="Paragraph"><help:help-text value="visible">Con questa opzione il campo del mittente viene posizionato in alto a sinistra sopra il destinatario</help:help-text>.</text:p>
  <text:p text:style-name="Head 3"><help:help-id value="SW_IMAGEBUTTON_DLG_WIZARD_FX_DLG_FX3_BBTN_ABSNOR"/>In alto a destra</text:p>
  <text:p text:style-name="Paragraph"><help:help-text value="visible">Con questa opzione il campo del mittente viene posizionato in alto a destra accanto al destinatario</help:help-text>.</text:p>
  <text:p text:style-name="Head 3"><help:help-id value="SW_METRICFIELD_DLG_WIZARD_FX_DLG_FX3_MFLD_ABSNWD"/>Largh.</text:p>
  <text:p text:style-name="Paragraph"><help:help-text value="visible">Definisce la larghezza del campo del mittente.</help:help-text></text:p>
  <text:p text:style-name="Head 3"><help:help-id value="SW_METRICFIELD_DLG_WIZARD_FX_DLG_FX3_MFLD_ABSNHG"/>Altezza</text:p>
  <text:p text:style-name="Paragraph"><help:help-text value="visible">Definisce l&apos;altezza del campo del mittente.</help:help-text></text:p>
  <text:p text:style-name="Paragraph"><help:link Id="66132">Ulteriori informazioni su Pilota automatico Fax - Pagina 4</help:link></text:p>
 </office:body>
</office:document>
