

<office:document  xmlns:office="http://openoffice.org/2000/office" xmlns:style="http://openoffice.org/2000/style" xmlns:text="http://openoffice.org/2000/text" xmlns:table="http://openoffice.org/2000/table" xmlns:draw="http://openoffice.org/2000/drawing" xmlns:fo="http://www.w3.org/1999/XSL/Format" xmlns:xlink="http://www.w3.org/1999/xlink" xmlns:number="http://openoffice.org/2000/datastyle" xmlns:svg="http://www.w3.org/2000/svg" xmlns:chart="http://openoffice.org/2000/chart" xmlns:dr3d="http://openoffice.org/2000/dr3d" xmlns:math="http://www.w3.org/1998/Math/MathML" xmlns:form="http://openoffice.org/2000/form" xmlns:script="http://openoffice.org/2000/script" office:class="text" office:version="1.0" xmlns:dc="http://purl.org/dc/elements/1.1/" xmlns:meta="http://openoffice.org/2000/meta" xmlns:help="http://openoffice.org/2000/help">
<office:meta>
  <dc:description>text/common/02/01170004</dc:description>
  <dc:subject>Special Tips for Table Controls</dc:subject>

  <dc:language>en-US</dc:language>
  <meta:user-defined meta:name="Info 0">READY</meta:user-defined>
  <meta:user-defined meta:name="Info 1">FREE_OK</meta:user-defined>
  <meta:user-defined meta:name="Info 2"/>
  <meta:user-defined meta:name="Info 3"/>
</office:meta>
 <office:script/>
 <office:font-decls>
  <style:font-decl style:name="StarSymbol" fo:font-family="StarSymbol" style:font-charset="x-symbol"/>
  <style:font-decl style:name="Courier New" fo:font-family="&apos;Courier New&apos;" style:font-style-name="Standard" style:font-family-generic="modern" style:font-pitch="fixed"/>
  <style:font-decl style:name="Courier" fo:font-family="Courier" style:font-family-generic="roman" style:font-pitch="fixed"/>
  <style:font-decl style:name="Arial Unicode MS" fo:font-family="&apos;Arial Unicode MS&apos;" style:font-pitch="variable"/>
  <style:font-decl style:name="HG Mincho Light J" fo:font-family="&apos;HG Mincho Light J&apos;" style:font-pitch="variable"/>
  <style:font-decl style:name="Times New Roman3" fo:font-family="&apos;Times New Roman&apos;" style:font-pitch="variable"/>
  <style:font-decl style:name="Thorndale" fo:font-family="Thorndale" style:font-family-generic="roman" style:font-pitch="variable"/>
  <style:font-decl style:name="Times New Roman2" fo:font-family="&apos;Times New Roman&apos;" style:font-style-name="Fett" style:font-family-generic="roman" style:font-pitch="variable"/>
  <style:font-decl style:name="Times New Roman" fo:font-family="&apos;Times New Roman&apos;" style:font-style-name="Standard" style:font-family-generic="roman" style:font-pitch="variable"/>
  <style:font-decl style:name="Times New Roman1" fo:font-family="&apos;Times New Roman&apos;" style:font-family-generic="swiss" style:font-pitch="variable"/>
 </office:font-decls>
 <office:automatic-styles>
  <style:style style:name="P1" style:family="paragraph" style:parent-style-name="Paragraph" style:master-page-name="HTML">
   <style:properties style:page-number="0"/>
  </style:style>
  <style:style style:name="P2" style:family="paragraph" style:parent-style-name="Paragraph" style:list-style-name="L1"/>
  <style:style style:name="T1" style:family="text">
   <style:properties fo:font-weight="bold"/>
  </style:style>
  <text:list-style style:name="L1">
   <text:list-level-style-number text:level="1" text:style-name="Numbering Symbols" style:num-suffix="." style:num-format="1">
    <style:properties text:min-label-width="0.499cm"/>
   </text:list-level-style-number>
   <text:list-level-style-number text:level="2" text:style-name="Numbering Symbols" style:num-suffix="." style:num-format="1">
    <style:properties text:space-before="0.501cm" text:min-label-width="0.499cm"/>
   </text:list-level-style-number>
   <text:list-level-style-number text:level="3" text:style-name="Numbering Symbols" style:num-suffix="." style:num-format="1">
    <style:properties text:space-before="1cm" text:min-label-width="0.499cm"/>
   </text:list-level-style-number>
   <text:list-level-style-number text:level="4" text:style-name="Numbering Symbols" style:num-suffix="." style:num-format="1">
    <style:properties text:space-before="1.501cm" text:min-label-width="0.499cm"/>
   </text:list-level-style-number>
   <text:list-level-style-number text:level="5" text:style-name="Numbering Symbols" style:num-suffix="." style:num-format="1">
    <style:properties text:space-before="2cm" text:min-label-width="0.499cm"/>
   </text:list-level-style-number>
   <text:list-level-style-number text:level="6" text:style-name="Numbering Symbols" style:num-suffix="." style:num-format="1">
    <style:properties text:space-before="2.501cm" text:min-label-width="0.499cm"/>
   </text:list-level-style-number>
   <text:list-level-style-number text:level="7" text:style-name="Numbering Symbols" style:num-suffix="." style:num-format="1">
    <style:properties text:space-before="3.001cm" text:min-label-width="0.499cm"/>
   </text:list-level-style-number>
   <text:list-level-style-number text:level="8" text:style-name="Numbering Symbols" style:num-suffix="." style:num-format="1">
    <style:properties text:space-before="3.502cm" text:min-label-width="0.499cm"/>
   </text:list-level-style-number>
   <text:list-level-style-number text:level="9" text:style-name="Numbering Symbols" style:num-suffix="." style:num-format="1">
    <style:properties text:space-before="4.001cm" text:min-label-width="0.499cm"/>
   </text:list-level-style-number>
   <text:list-level-style-number text:level="10" text:style-name="Numbering Symbols" style:num-suffix="." style:num-format="1">
    <style:properties text:space-before="4.502cm" text:min-label-width="0.499cm"/>
   </text:list-level-style-number>
  </text:list-style>
 </office:automatic-styles>
 <office:body>
  <text:variable-decls>
   <text:variable-decl text:value-type="string" text:name="HTML_ON"/>
   <text:variable-decl text:value-type="string" text:name="HTML_OFF"/>
   <text:variable-decl text:value-type="string" text:name="TITEL"/>
   <text:variable-decl text:value-type="string" text:name="END"/>
   <text:variable-decl text:value-type="string" text:name="HelpID"/>
   <text:variable-decl text:value-type="string" text:name="NAME"/>
   <text:variable-decl text:value-type="string" text:name="HREF"/>
   <text:variable-decl text:value-type="string" text:name="MODIFY"/>
   <text:variable-decl text:value-type="string" text:name="REFNR"/>
   <text:variable-decl text:value-type="string" text:name="AKTHLP"/>
   <text:variable-decl text:value-type="string" text:name="KEY"/>
   <text:variable-decl text:value-type="string" text:name="INDEX"/>
   <text:variable-decl text:value-type="string" text:name="MAC"/>
   <text:variable-decl text:value-type="string" text:name="ELSE"/>
   <text:variable-decl text:value-type="string" text:name="OS2"/>
   <text:variable-decl text:value-type="string" text:name="HFELD"/>
   <text:variable-decl text:value-type="string" text:name="PARAINFO"/>
  </text:variable-decls>
  <text:sequence-decls>
   <text:sequence-decl text:display-outline-level="0" text:name="Illustration"/>
   <text:sequence-decl text:display-outline-level="0" text:name="Table"/>
   <text:sequence-decl text:display-outline-level="0" text:name="Text"/>
   <text:sequence-decl text:display-outline-level="0" text:name="Drawing"/>
  </text:sequence-decls>
  <text:p text:style-name="P1"/>
  <text:p text:style-name="Head 1"><help:paragraphinfo state="U" number="124"/><help:key-word value="table controls; properties" tag="kw65924_1"/><help:key-word value="controls; table control properties" tag="kw65924_3"/>Special Tips for Table Controls</text:p>
  <text:p text:style-name="Paragraph"><help:paragraphinfo state="U" number="51"/>You can define a table control to display the records as you like. In other words you can define data fields for displaying or editing data like in a database form.</text:p>
  <text:p text:style-name="Paragraph"><help:paragraphinfo state="U" number="62"/>The following fields are possible in a table control: text, date, time and currency field, numeric field, pattern field, check box and combo box. In the case of combined data/time fields, two columns are created automatically.</text:p>
  <text:p text:style-name="Paragraph"><help:paragraphinfo state="U" number="125"/>The number of selected lines, if any are selected, is in parentheses after the total number of records.</text:p>
  <text:p text:style-name="Paragraph"><help:paragraphinfo state="U" number="52"/>To insert columns into the table control, click in the column heads and bring up the context menu. The following commands are available:</text:p>
  <text:p text:style-name="Head 2"><help:paragraphinfo state="U" number="53"/><help:help-id value="SID_FM_INSERTCOL"/>Insert Column</text:p>
  <text:p text:style-name="Paragraph"><help:paragraphinfo state="U" number="54"/><help:help-text value="visible">Calls a submenu to select a data field to adopt it in the table control.</help:help-text></text:p>
  <text:p text:style-name="Paragraph"><help:paragraphinfo state="U" number="59"/>Configure the table control using drag and drop: Open the data source browser and drag the desired fields out of the data source browser and on to the column heads of the table control. A pre-configured column is created.</text:p>
  <text:p text:style-name="Head 2"><help:paragraphinfo state="U" number="55"/><help:help-id value="SID_FM_CHANGECOL"/>Replace with</text:p>
  <text:p text:style-name="Paragraph"><help:paragraphinfo state="U" number="56"/><help:help-text value="visible">Opens a submenu to select a data field to replace the data field selected in the table control.</help:help-text></text:p>
  <text:p text:style-name="Head 2"><help:paragraphinfo state="U" number="57"/><help:help-id value="SID_FM_DELETECOL"/>Delete Column</text:p>
  <text:p text:style-name="Paragraph"><help:paragraphinfo state="U" number="58"/><help:help-text value="visible">Deletes the currently selected column.</help:help-text></text:p>
  <text:p text:style-name="Head 2"><help:paragraphinfo state="U" number="73"/>Column</text:p>
  <text:p text:style-name="Paragraph"><help:paragraphinfo state="U" number="74"/>Opens the properties dialog of the selected column.</text:p>
  <text:p text:style-name="Head 2"><help:paragraphinfo state="U" number="79"/><help:help-id value="SID_FM_HIDECOL"/>Hide Columns</text:p>
  <text:p text:style-name="Paragraph"><help:paragraphinfo state="U" number="80"/><help:help-text value="visible">Hides the selected column.</help:help-text> Its properties are not changed.</text:p>
  <text:p text:style-name="Head 2"><help:paragraphinfo state="U" number="81"/><help:help-id value="SID_FM_SHOWCOLS"/>Show columns</text:p>
  <text:p text:style-name="Paragraph"><help:paragraphinfo state="U" number="82"/><help:help-text value="visible">Calls a submenu where you can select the columns to show again.</help:help-text> To show only one column, click the column name. You see only the first 16 hidden columns. If there are more hidden columns, choose the <text:span text:style-name="T1">More</text:span> command to call the <text:span text:style-name="T1">Show Columns</text:span> dialog.</text:p>
  <text:p text:style-name="Head 3"><help:paragraphinfo state="U" number="83"/><help:help-id value="SID_FM_SHOWCOLS_MORE"/>More</text:p>
  <text:p text:style-name="Paragraph"><help:paragraphinfo state="U" number="84"/><help:help-text value="visible">Calls the <text:span text:style-name="T1">Show Columns</text:span> dialog.</help:help-text></text:p>
  <text:p text:style-name="Paragraph"><help:paragraphinfo state="U" number="85"/><help:help-id value="SVX_LISTBOX_RID_SVX_DLG_SHOWGRIDCOLUMNS_1"/><help:help-text value="visible">In the <text:span text:style-name="T1">Show Columns</text:span> dialog you can select the columns to be shown. Hold down the Shift or Ctrl key to select multiple entries.</help:help-text></text:p>
  <text:p text:style-name="Head 3"><help:paragraphinfo state="U" number="86"/><help:help-id value="SID_FM_SHOWALLCOLS"/>All</text:p>
  <text:p text:style-name="Paragraph"><help:paragraphinfo state="U" number="87"/><help:help-text value="visible">Click <text:span text:style-name="T1">All </text:span>if you want to show all columns.</help:help-text></text:p>
  <text:p text:style-name="Head 2"><help:paragraphinfo state="U" number="127"/><help:key-word value="table controls; keyboard-only control" tag="kw65924_2"/>Keyboard-only control of Table Controls</text:p>
  <text:p text:style-name="Paragraph"><help:paragraphinfo state="U" number="126"/>If you use the keyboard only to travel through controls in your document, you will find one difference to the other types of controls: the Tab key does not move the cursor to the next control, but moves to the next column inside the table control. Press Ctrl+Tab to move to the next control, or press Shift+Ctrl+Tab to move to the previous control.</text:p>
  <text:p text:style-name="Head 3"><help:paragraphinfo state="U" number="128"/>To enter the special keyboard-only edit mode for Table Controls:</text:p>
  <text:p text:style-name="Paragraph"><help:paragraphinfo state="U" number="129"/>The form document must be in <help:link Id="66018">design mode</help:link>.</text:p>
  <text:ordered-list text:style-name="L1">
   <text:list-item>
    <text:p text:style-name="P2"><help:paragraphinfo state="U" number="130"/>Press Ctrl+F6 to select the document. </text:p>
   </text:list-item>
   <text:list-item>
    <text:p text:style-name="P2"><help:paragraphinfo state="U" number="131"/>Press Shift+F5 to select the first control. If the Table Control is not the first control, press Tab until it is selected.</text:p>
   </text:list-item>
   <text:list-item>
    <text:p text:style-name="P2"><help:paragraphinfo state="U" number="132"/>Press Enter to enter the edit mode. The handles are shown farther out from the control border.</text:p>
   </text:list-item>
   <text:list-item>
    <text:p text:style-name="P2"><help:paragraphinfo state="U" number="133"/>In the edit mode, you can open the edit mode context menu by pressing Shift+F10.</text:p>
   </text:list-item>
   <text:list-item>
    <text:p text:style-name="P2"><help:paragraphinfo state="U" number="134"/>If you want to edit columns, press Shift+Space to enter column edit mode. Now you can rearrange the order of columns with Ctrl+Arrow keys. The Delete key deletes the current column.</text:p>
   </text:list-item>
   <text:list-item>
    <text:p text:style-name="P2"><help:paragraphinfo state="U" number="135"/>Press the Escape key to exit the edit mode.</text:p>
   </text:list-item>
  </text:ordered-list>
 </office:body>
</office:document>
