

<office:document  xmlns:office="http://openoffice.org/2000/office" xmlns:style="http://openoffice.org/2000/style" xmlns:text="http://openoffice.org/2000/text" xmlns:table="http://openoffice.org/2000/table" xmlns:draw="http://openoffice.org/2000/drawing" xmlns:fo="http://www.w3.org/1999/XSL/Format" xmlns:xlink="http://www.w3.org/1999/xlink" xmlns:number="http://openoffice.org/2000/datastyle" xmlns:svg="http://www.w3.org/2000/svg" xmlns:chart="http://openoffice.org/2000/chart" xmlns:dr3d="http://openoffice.org/2000/dr3d" xmlns:math="http://www.w3.org/1998/Math/MathML" xmlns:form="http://openoffice.org/2000/form" xmlns:script="http://openoffice.org/2000/script" office:class="text" office:version="1.0" xmlns:dc="http://purl.org/dc/elements/1.1/" xmlns:meta="http://openoffice.org/2000/meta" xmlns:help="http://openoffice.org/2000/help">
<office:meta>
  <dc:description>text/common/02/01170102</dc:description>
  <dc:subject>Data</dc:subject>
  <meta:keywords>
   <meta:keyword>$Version</meta:keyword>
  </meta:keywords>
  <dc:language>en-US</dc:language>
  <meta:user-defined meta:name="Info 0">READY</meta:user-defined>
  <meta:user-defined meta:name="Info 1">FREE_OK</meta:user-defined>
  <meta:user-defined meta:name="Info 2"/>
  <meta:user-defined meta:name="Info 3"/>
</office:meta>
 <office:script/>
 <office:font-decls>
  <style:font-decl style:name="StarSymbol" fo:font-family="StarSymbol" style:font-charset="x-symbol"/>
  <style:font-decl style:name="Courier New" fo:font-family="&apos;Courier New&apos;" style:font-style-name="Standard" style:font-family-generic="modern" style:font-pitch="fixed"/>
  <style:font-decl style:name="Courier" fo:font-family="Courier" style:font-family-generic="roman" style:font-pitch="fixed"/>
  <style:font-decl style:name="Arial Unicode MS" fo:font-family="&apos;Arial Unicode MS&apos;" style:font-pitch="variable"/>
  <style:font-decl style:name="HG Mincho Light J" fo:font-family="&apos;HG Mincho Light J&apos;" style:font-pitch="variable"/>
  <style:font-decl style:name="Times New Roman3" fo:font-family="&apos;Times New Roman&apos;" style:font-pitch="variable"/>
  <style:font-decl style:name="Thorndale" fo:font-family="Thorndale" style:font-family-generic="roman" style:font-pitch="variable"/>
  <style:font-decl style:name="Times New Roman2" fo:font-family="&apos;Times New Roman&apos;" style:font-style-name="Fett" style:font-family-generic="roman" style:font-pitch="variable"/>
  <style:font-decl style:name="Times New Roman" fo:font-family="&apos;Times New Roman&apos;" style:font-style-name="Standard" style:font-family-generic="roman" style:font-pitch="variable"/>
  <style:font-decl style:name="Times New Roman1" fo:font-family="&apos;Times New Roman&apos;" style:font-family-generic="swiss" style:font-pitch="variable"/>
 </office:font-decls>
 <office:automatic-styles>
  <style:style style:name="Tabelle2" style:family="table">
   <style:properties style:width="18cm" table:align="margins"/>
  </style:style>
  <style:style style:name="Tabelle2.A" style:family="table-column">
   <style:properties style:column-width="1.499cm" style:rel-column-width="850*"/>
  </style:style>
  <style:style style:name="Tabelle2.B" style:family="table-column">
   <style:properties style:column-width="16.498cm" style:rel-column-width="9352*"/>
  </style:style>
  <style:style style:name="Tabelle2.1" style:family="table-row">
   <style:properties style:min-row-height="0.848cm"/>
  </style:style>
  <style:style style:name="Tabelle2.A1" style:family="table-cell">
   <style:properties fo:padding="0cm" fo:border="none"/>
  </style:style>
  <style:style style:name="Tabelle5" style:family="table">
   <style:properties style:width="18cm" table:align="margins"/>
  </style:style>
  <style:style style:name="Tabelle5.A" style:family="table-column">
   <style:properties style:column-width="1.499cm" style:rel-column-width="850*"/>
  </style:style>
  <style:style style:name="Tabelle5.B" style:family="table-column">
   <style:properties style:column-width="16.498cm" style:rel-column-width="9352*"/>
  </style:style>
  <style:style style:name="Tabelle5.1" style:family="table-row">
   <style:properties style:min-row-height="0.848cm"/>
  </style:style>
  <style:style style:name="Tabelle5.A1" style:family="table-cell">
   <style:properties fo:padding="0cm" fo:border="none"/>
  </style:style>
  <style:style style:name="Tabelle4" style:family="table">
   <style:properties style:width="17.995cm" fo:margin-left="0cm" fo:margin-right="0.005cm" table:align="margins"/>
  </style:style>
  <style:style style:name="Tabelle4.A" style:family="table-column">
   <style:properties style:column-width="5.151cm" style:rel-column-width="2920*"/>
  </style:style>
  <style:style style:name="Tabelle4.B" style:family="table-column">
   <style:properties style:column-width="12.843cm" style:rel-column-width="7280*"/>
  </style:style>
  <style:style style:name="Tabelle4.A1" style:family="table-cell">
   <style:properties fo:padding="0.049cm" fo:border-left="0.002cm solid #000000" fo:border-right="none" fo:border-top="0.002cm solid #000000" fo:border-bottom="0.002cm solid #000000"/>
  </style:style>
  <style:style style:name="Tabelle4.B1" style:family="table-cell">
   <style:properties fo:padding="0.049cm" fo:border="0.002cm solid #000000"/>
  </style:style>
  <style:style style:name="Tabelle4.A2" style:family="table-cell">
   <style:properties fo:vertical-align="top" fo:padding="0.049cm" fo:border-left="0.002cm solid #000000" fo:border-right="none" fo:border-top="none" fo:border-bottom="0.002cm solid #000000"/>
  </style:style>
  <style:style style:name="Tabelle4.B2" style:family="table-cell">
   <style:properties fo:padding="0.049cm" fo:border-left="0.002cm solid #000000" fo:border-right="0.002cm solid #000000" fo:border-top="none" fo:border-bottom="0.002cm solid #000000"/>
  </style:style>
  <style:style style:name="Tabelle3" style:family="table">
   <style:properties style:width="17.995cm" fo:margin-left="0cm" fo:margin-right="0.005cm" table:align="margins"/>
  </style:style>
  <style:style style:name="Tabelle3.A" style:family="table-column">
   <style:properties style:column-width="5.151cm" style:rel-column-width="2920*"/>
  </style:style>
  <style:style style:name="Tabelle3.B" style:family="table-column">
   <style:properties style:column-width="12.843cm" style:rel-column-width="7280*"/>
  </style:style>
  <style:style style:name="Tabelle3.A1" style:family="table-cell">
   <style:properties fo:padding="0.049cm" fo:border-left="0.002cm solid #000000" fo:border-right="none" fo:border-top="0.002cm solid #000000" fo:border-bottom="0.002cm solid #000000"/>
  </style:style>
  <style:style style:name="Tabelle3.B1" style:family="table-cell">
   <style:properties fo:padding="0.049cm" fo:border="0.002cm solid #000000"/>
  </style:style>
  <style:style style:name="Tabelle3.A2" style:family="table-cell">
   <style:properties fo:vertical-align="top" fo:padding="0.049cm" fo:border-left="0.002cm solid #000000" fo:border-right="none" fo:border-top="none" fo:border-bottom="0.002cm solid #000000"/>
  </style:style>
  <style:style style:name="Tabelle3.B2" style:family="table-cell">
   <style:properties fo:padding="0.049cm" fo:border-left="0.002cm solid #000000" fo:border-right="0.002cm solid #000000" fo:border-top="none" fo:border-bottom="0.002cm solid #000000"/>
  </style:style>
  <style:style style:name="Tabelle1" style:family="table">
   <style:properties style:width="18cm" table:align="margins"/>
  </style:style>
  <style:style style:name="Tabelle1.A" style:family="table-column">
   <style:properties style:column-width="4.5cm" style:rel-column-width="16383*"/>
  </style:style>
  <style:style style:name="Tabelle1.A1" style:family="table-cell">
   <style:properties fo:padding="0.049cm" fo:border-left="0.002cm solid #000000" fo:border-right="none" fo:border-top="0.002cm solid #000000" fo:border-bottom="0.002cm solid #000000"/>
  </style:style>
  <style:style style:name="Tabelle1.D1" style:family="table-cell">
   <style:properties fo:padding="0.049cm" fo:border="0.002cm solid #000000"/>
  </style:style>
  <style:style style:name="Tabelle1.A2" style:family="table-cell">
   <style:properties fo:padding="0.049cm" fo:border-left="0.002cm solid #000000" fo:border-right="none" fo:border-top="none" fo:border-bottom="0.002cm solid #000000"/>
  </style:style>
  <style:style style:name="Tabelle1.D2" style:family="table-cell">
   <style:properties fo:padding="0.049cm" fo:border-left="0.002cm solid #000000" fo:border-right="0.002cm solid #000000" fo:border-top="none" fo:border-bottom="0.002cm solid #000000"/>
  </style:style>
  <style:style style:name="P1" style:family="paragraph" style:parent-style-name="Paragraph" style:master-page-name="HTML">
   <style:properties style:page-number="0"/>
  </style:style>
  <style:style style:name="P2" style:family="paragraph" style:parent-style-name="Paragraph" style:list-style-name="L1"/>
  <style:style style:name="P3" style:family="paragraph" style:parent-style-name="Paragraph" style:list-style-name="L2"/>
  <style:style style:name="T1" style:family="text">
   <style:properties fo:font-weight="bold"/>
  </style:style>
  <style:style style:name="fr1" style:family="graphics" style:parent-style-name="Graphics">
   <style:properties fo:margin-left="0cm" fo:margin-right="0cm" fo:margin-top="0cm" fo:margin-bottom="0cm" style:run-through="foreground" style:wrap="run-through" style:vertical-pos="middle" style:vertical-rel="paragraph" style:horizontal-pos="left" style:horizontal-rel="paragraph" style:mirror="none" fo:clip="rect(0cm 0cm 0cm 0cm)" draw:luminance="0%" draw:contrast="0%" draw:red="0%" draw:green="0%" draw:blue="0%" draw:gamma="1" draw:color-inversion="false" draw:transparency="-100%" draw:color-mode="standard"/>
  </style:style>
  <text:list-style style:name="L1">
   <text:list-level-style-bullet text:level="1" text:style-name="Bullet Symbols" style:num-suffix="." text:bullet-char="•">
    <style:properties text:min-label-width="0.499cm" style:font-name="StarSymbol"/>
   </text:list-level-style-bullet>
   <text:list-level-style-bullet text:level="2" text:style-name="Bullet Symbols" style:num-suffix="." text:bullet-char="•">
    <style:properties text:space-before="0.499cm" text:min-label-width="0.499cm" style:font-name="StarSymbol"/>
   </text:list-level-style-bullet>
   <text:list-level-style-bullet text:level="3" text:style-name="Bullet Symbols" style:num-suffix="." text:bullet-char="•">
    <style:properties text:space-before="0.999cm" text:min-label-width="0.499cm" style:font-name="StarSymbol"/>
   </text:list-level-style-bullet>
   <text:list-level-style-bullet text:level="4" text:style-name="Bullet Symbols" style:num-suffix="." text:bullet-char="•">
    <style:properties text:space-before="1.498cm" text:min-label-width="0.499cm" style:font-name="StarSymbol"/>
   </text:list-level-style-bullet>
   <text:list-level-style-bullet text:level="5" text:style-name="Bullet Symbols" style:num-suffix="." text:bullet-char="•">
    <style:properties text:space-before="1.997cm" text:min-label-width="0.499cm" style:font-name="StarSymbol"/>
   </text:list-level-style-bullet>
   <text:list-level-style-number text:level="6" style:num-suffix="." style:num-format="1">
    <style:properties text:space-before="2.501cm" text:min-label-width="0.499cm"/>
   </text:list-level-style-number>
   <text:list-level-style-number text:level="7" style:num-suffix="." style:num-format="1">
    <style:properties text:space-before="3.001cm" text:min-label-width="0.499cm"/>
   </text:list-level-style-number>
   <text:list-level-style-number text:level="8" style:num-suffix="." style:num-format="1">
    <style:properties text:space-before="3.502cm" text:min-label-width="0.499cm"/>
   </text:list-level-style-number>
   <text:list-level-style-number text:level="9" style:num-suffix="." style:num-format="1">
    <style:properties text:space-before="4.001cm" text:min-label-width="0.499cm"/>
   </text:list-level-style-number>
   <text:list-level-style-number text:level="10" style:num-suffix="." style:num-format="1">
    <style:properties text:space-before="4.502cm" text:min-label-width="0.499cm"/>
   </text:list-level-style-number>
  </text:list-style>
  <text:list-style style:name="L2">
   <text:list-level-style-bullet text:level="1" text:style-name="Bullet Symbols" style:num-suffix="." text:bullet-char="•">
    <style:properties text:min-label-width="0.499cm" style:font-name="StarSymbol"/>
   </text:list-level-style-bullet>
   <text:list-level-style-bullet text:level="2" text:style-name="Bullet Symbols" style:num-suffix="." text:bullet-char="•">
    <style:properties text:space-before="0.499cm" text:min-label-width="0.499cm" style:font-name="StarSymbol"/>
   </text:list-level-style-bullet>
   <text:list-level-style-bullet text:level="3" text:style-name="Bullet Symbols" style:num-suffix="." text:bullet-char="•">
    <style:properties text:space-before="0.999cm" text:min-label-width="0.499cm" style:font-name="StarSymbol"/>
   </text:list-level-style-bullet>
   <text:list-level-style-bullet text:level="4" text:style-name="Bullet Symbols" style:num-suffix="." text:bullet-char="•">
    <style:properties text:space-before="1.498cm" text:min-label-width="0.499cm" style:font-name="StarSymbol"/>
   </text:list-level-style-bullet>
   <text:list-level-style-bullet text:level="5" text:style-name="Bullet Symbols" style:num-suffix="." text:bullet-char="•">
    <style:properties text:space-before="1.997cm" text:min-label-width="0.499cm" style:font-name="StarSymbol"/>
   </text:list-level-style-bullet>
   <text:list-level-style-number text:level="6" style:num-suffix="." style:num-format="1">
    <style:properties text:space-before="2.501cm" text:min-label-width="0.499cm"/>
   </text:list-level-style-number>
   <text:list-level-style-number text:level="7" style:num-suffix="." style:num-format="1">
    <style:properties text:space-before="3.001cm" text:min-label-width="0.499cm"/>
   </text:list-level-style-number>
   <text:list-level-style-number text:level="8" style:num-suffix="." style:num-format="1">
    <style:properties text:space-before="3.502cm" text:min-label-width="0.499cm"/>
   </text:list-level-style-number>
   <text:list-level-style-number text:level="9" style:num-suffix="." style:num-format="1">
    <style:properties text:space-before="4.001cm" text:min-label-width="0.499cm"/>
   </text:list-level-style-number>
   <text:list-level-style-number text:level="10" style:num-suffix="." style:num-format="1">
    <style:properties text:space-before="4.502cm" text:min-label-width="0.499cm"/>
   </text:list-level-style-number>
  </text:list-style>
 </office:automatic-styles>
 <office:body>
  <text:variable-decls>
   <text:variable-decl text:value-type="string" text:name="HTML_ON"/>
   <text:variable-decl text:value-type="string" text:name="HTML_OFF"/>
   <text:variable-decl text:value-type="string" text:name="TITEL"/>
   <text:variable-decl text:value-type="string" text:name="END"/>
   <text:variable-decl text:value-type="string" text:name="HelpID"/>
   <text:variable-decl text:value-type="string" text:name="NAME"/>
   <text:variable-decl text:value-type="string" text:name="HREF"/>
   <text:variable-decl text:value-type="string" text:name="MODIFY"/>
   <text:variable-decl text:value-type="string" text:name="REFNR"/>
   <text:variable-decl text:value-type="string" text:name="OS2"/>
   <text:variable-decl text:value-type="string" text:name="ELSE"/>
   <text:variable-decl text:value-type="string" text:name="AKTHLP"/>
   <text:variable-decl text:value-type="string" text:name="KEY"/>
   <text:variable-decl text:value-type="string" text:name="INDEX"/>
   <text:variable-decl text:value-type="string" text:name="STYLE"/>
   <text:variable-decl text:value-type="string" text:name="PARAINFO"/>
  </text:variable-decls>
  <text:sequence-decls>
   <text:sequence-decl text:display-outline-level="0" text:name="Illustration"/>
   <text:sequence-decl text:display-outline-level="0" text:name="Table"/>
   <text:sequence-decl text:display-outline-level="0" text:name="Text"/>
   <text:sequence-decl text:display-outline-level="0" text:name="Drawing"/>
  </text:sequence-decls>
  <help:paragraphinfo state="E"/><help:to-be-embedded Eid="daten">
  <text:p text:style-name="Head 1"><help:paragraphinfo state="U" number="1"/><help:link Id="65983">Data</help:link></text:p>
  <text:p text:style-name="Paragraph"><help:paragraphinfo state="U" number="2"/>The<text:span text:style-name="T1"> Data </text:span>tab page allows you to assign a data source to the selected control.</text:p>
  <help:paragraphinfo state="E"/></help:to-be-embedded>
  <help:paragraphinfo state="E"/><help:popup Id="65594" Eid="controleigenschaftendaten"><help:embedded Id="65598" Eid="wie"></help:embedded></help:popup>
  <table:table table:name="Tabelle2" table:style-name="Tabelle2">
   <table:table-column table:style-name="Tabelle2.A"/>
   <table:table-column table:style-name="Tabelle2.B"/>
   <table:table-header-rows>
    <table:table-row table:style-name="Tabelle2.1">
     <table:table-cell table:style-name="Tabelle2.A1" table:value-type="string">
      <text:p text:style-name="Paragraph"><draw:image draw:name="Icon0" svg:desc="Note Icon" svg:pixelx="32" svg:pixely="32" svg:width="0.847cm" svg:height="0.847cm" xlink:href="65980" draw:filter-name=""/></text:p>

     </table:table-cell>
     <table:table-cell table:style-name="Tabelle2.A1" table:value-type="string">
      <text:p text:style-name="Paragraph"><help:paragraphinfo state="U" number="64"/>For forms with database links, the associated database is defined in the <help:link Id="65960">Form Properties</help:link>. You will find the functions for this on the <help:link Id="65955"><text:span text:style-name="T1">Data</text:span></help:link> tab page.</text:p>
     </table:table-cell>
    </table:table-row>
   </table:table-header-rows>
  </table:table>
  <text:p text:style-name="Paragraph"><help:paragraphinfo state="U" number="65"/>The possible settings of the <text:span text:style-name="T1">Data</text:span> tab page of a control depend on the respective control. You will only see the options that are available for the current control and context. The following fields are available:</text:p>
  <text:p text:style-name="Head 2"><help:paragraphinfo state="U" number="5"/><help:help-id value="HID_PROP_CONTROLSOURCE"/>Data field</text:p>
  <text:p text:style-name="Paragraph"><help:paragraphinfo state="U" number="6"/><help:help-text value="hide">Specifies the field of the data source table to which the control refers.</help:help-text>With database forms, you can link controls with the data fields.</text:p>
  <text:p text:style-name="Paragraph"><help:paragraphinfo state="U" number="75"/>You have several possibilities:</text:p>
  <text:unordered-list text:style-name="L1">
   <text:list-item>
    <text:p text:style-name="P2"><help:paragraphinfo state="U" number="66"/>First case: There is only one table in the form.</text:p>
    <text:p text:style-name="P2"><help:paragraphinfo state="U" number="67"/>Under <text:span text:style-name="T1">Data field</text:span>, specify the field of the data source table whose contents you want to be displayed.</text:p>
   </text:list-item>
   <text:list-item>
    <text:p text:style-name="P2"><help:paragraphinfo state="U" number="76"/>Second case: The control belongs to a subform that is created by an SQL query.</text:p>
    <text:p text:style-name="P2"><help:paragraphinfo state="U" number="77"/>Under <text:span text:style-name="T1">Data field</text:span>, specify the field of the SQL statement whose contents you want to be displayed.</text:p>
   </text:list-item>
  </text:unordered-list>
  <text:unordered-list text:style-name="L2">
   <text:list-item>
    <text:p text:style-name="P3"><help:paragraphinfo state="U" number="78"/>Third case: <help:link Id="65956" Eid="kombinationsfelder">Combo Boxes</help:link></text:p>
    <text:p text:style-name="P3"><help:paragraphinfo state="U" number="79"/>For combo boxes, the field of the data source table in which the values entered or selected by the user should be stored is specified under <text:span text:style-name="T1">Data field</text:span>. The values displayed in the list of the combo box are based on an SQL statement, which is entered under <text:span text:style-name="T1">List content</text:span>.</text:p>
   </text:list-item>
   <text:list-item>
    <text:p text:style-name="P3"><help:paragraphinfo state="U" number="68"/>Fourth case: <help:link Id="65956" Eid="listenfelder">List Boxes</help:link></text:p>
    <text:p text:style-name="P3"><help:paragraphinfo state="U" number="91"/>The data source table does not contain the data to be displayed, but rather a table linked to the data source table through a common data field.</text:p>
    <text:p text:style-name="P3"><help:paragraphinfo state="U" number="69"/>If you want a list box to display data from a table that is linked to the current data source table, under <text:span text:style-name="T1">Data field</text:span> specify the field of the data source table to which the content of the list box refers. Or you can specify the database field that controls the display of the data in the form. This data field provides the link to the other table if both tables can be linked through a common data field. It is usually a data field in which unique identification numbers are stored. The data field whose contents are displayed in the form is specified by an SQL statement under <text:span text:style-name="T1">List content</text:span>.</text:p>
   </text:list-item>
  </text:unordered-list>
  <text:p text:style-name="Paragraph"><help:paragraphinfo state="U" number="80"/>List boxes work with references. They can either be implemented with linked tables by SQL statements (fourth case) or through value lists:</text:p>
  <text:p text:style-name="Paragraph"><help:paragraphinfo state="U" number="58"/><help:key-word value="controls; reference by SQL" tag="kw65983_1"/><text:span text:style-name="T1">References through linked tables (SQL statements)</text:span></text:p>
  <text:p text:style-name="Paragraph"><help:paragraphinfo state="U" number="59"/>If you want a list box to display data from a database table that is linked by a common data field to the table on which the form is based, the link field of the form table is specified under <text:span text:style-name="T1">Data field</text:span>.</text:p>
  <text:p text:style-name="Paragraph"><help:paragraphinfo state="U" number="60"/>The link is created with an SQL Select, which, if you selected &quot;SQL&quot; or &quot;Native SQL&quot;, is specified under <text:span text:style-name="T1">Type of list contents</text:span> in the field <text:span text:style-name="T1">List content</text:span>. As an example, a table &quot;Orders&quot; is linked to the current form control, and in the database a table &quot;Customers&quot; is linked to the &quot;Orders&quot; table. You can use an SQL statement as follows:</text:p>
  <text:p text:style-name="Paragraph"><help:paragraphinfo state="U" number="70"/>SELECT CustomerName, CustomerNo FROM Customers,</text:p>
  <text:p text:style-name="Paragraph"><help:paragraphinfo state="U" number="71"/>where &quot;CustomerName&quot; is the data field from the linked table &quot;Customers&quot;, and &quot;CustomerNo&quot; is the field of the table &quot;Customers&quot; that is linked to a field of the form table &quot;Orders&quot; specified under <text:span text:style-name="T1">Data field</text:span>.</text:p>
  <text:p text:style-name="Paragraph"><help:paragraphinfo state="U" number="55"/><a name="referenzenwerteliste"/><text:span text:style-name="T1">References Using Value Lists</text:span></text:p>
  <text:p text:style-name="Paragraph"><help:paragraphinfo state="U" number="56"/>For list boxes, you can use value lists. Value lists are lists that define reference values. In this way, the control in the form does not directly display the content of a database field, but rather values assigned in the value list.</text:p>
  <text:p text:style-name="Paragraph"><help:paragraphinfo state="U" number="57"/>If you work with reference values of a value list, the contents of the data field that you specified under <text:span text:style-name="T1">Data Field</text:span> in the form are not visible, but rather the assigned values. If you chose &quot;Valuelist&quot; on the <text:span text:style-name="T1">Data</text:span> tab under <text:span text:style-name="T1">Type of list contents</text:span> and assigned a reference value to the visible list entries in the form under <text:span text:style-name="T1">List entries</text:span> (entered in the <help:link Id="65921" Eid="listeneintraege"><text:span text:style-name="T1">General</text:span></help:link> tab), then the reference values are compared with the data content of the given data field. If a reference value corresponds to the content of a data field, the associated list entries are displayed in the form.</text:p>
  <text:p text:style-name="Head 2"><help:paragraphinfo state="U" number="3"/><help:help-id value="HID_PROP_BOUNDCOLUMN"/><help:key-word value="bound fields; controls" tag="kw65983_3"/><help:key-word value="controls; bound fields" tag="kw65983_2"/>Bound field</text:p>
  <text:p text:style-name="Paragraph"><help:paragraphinfo state="U" number="4"/><help:help-text value="hide">Using an index, specify the table field or table SQL query linked to the field (provided under <text:span text:style-name="T1">Data field</text:span>). The possible values are 0, 1, 2, 3, and so on.</help:help-text></text:p>
  <text:p text:style-name="Paragraph"><help:paragraphinfo state="U" number="72"/>This property for list boxes defines which data field of a linked table is displayed in the form.</text:p>
  <text:p text:style-name="Paragraph"><help:paragraphinfo state="U" number="38"/>If a list box in the form is to display contents of a table linked to the form table, then define in the <text:span text:style-name="T1">Type of list contents</text:span> field if the display is determined by an SQL command or the (linked) table is accessed. With the <text:span text:style-name="T1">Bound field</text:span> property, you use an index to specify to which data field of the query or of the table the list field is linked. Possible values are 0, 1, 2, 3, and so on.</text:p>
  <table:table table:name="Tabelle5" table:style-name="Tabelle5">
   <table:table-column table:style-name="Tabelle5.A"/>
   <table:table-column table:style-name="Tabelle5.B"/>
   <table:table-header-rows>
    <table:table-row table:style-name="Tabelle5.1">
     <table:table-cell table:style-name="Tabelle5.A1" table:value-type="string">
      <text:p text:style-name="Paragraph"><draw:image draw:name="Icon1" svg:desc="Note Icon" svg:pixelx="32" svg:pixely="32" svg:width="0.847cm" svg:height="0.847cm" xlink:href="65980" draw:filter-name=""/></text:p>

     </table:table-cell>
     <table:table-cell table:style-name="Tabelle5.A1" table:value-type="string">
      <text:p text:style-name="Paragraph"><help:paragraphinfo state="U" number="73"/>The property <text:span text:style-name="T1">Bound field</text:span> is only for forms that are used to access more than one table. If the form is based on only one table, the field to be displayed in the form is specified directly under <text:span text:style-name="T1">Data field</text:span>. However, if you want the list box to display data from a table that is linked to the current table over a common data field, the linked data field is defined by the property <text:span text:style-name="T1">Bound field</text:span>.</text:p>
     </table:table-cell>
    </table:table-row>
   </table:table-header-rows>
  </table:table>
  <text:p text:style-name="Paragraph"><help:paragraphinfo state="U" number="39"/>If you selected &quot;SQL&quot; under <text:span text:style-name="T1">Type of list contents</text:span>, the SQL command determines the index to be specified. Example: If you specify an SQL command such as &quot;SELECT Field1, Field2 FROM tablename&quot; under <text:span text:style-name="T1">List content</text:span>, refer to the following table:</text:p>
  <table:table table:name="Tabelle4" table:style-name="Tabelle4">
   <table:table-column table:style-name="Tabelle4.A"/>
   <table:table-column table:style-name="Tabelle4.B"/>
   <table:table-header-rows>
    <table:table-row>
     <table:table-cell table:style-name="Tabelle4.A1" table:value-type="string">
      <text:p text:style-name="Paragraph"><help:paragraphinfo state="U" number="40"/>Bound field</text:p>
     </table:table-cell>
     <table:table-cell table:style-name="Tabelle4.B1" table:value-type="string">
      <text:p text:style-name="Paragraph"><help:paragraphinfo state="U" number="41"/>Link</text:p>
     </table:table-cell>
    </table:table-row>
   </table:table-header-rows>
   <table:table-row>
    <table:table-cell table:style-name="Tabelle4.A2" table:value-type="string">
     <text:p text:style-name="Paragraph"><help:paragraphinfo state="U" number="42"/>0</text:p>
    </table:table-cell>
    <table:table-cell table:style-name="Tabelle4.B2" table:value-type="string">
     <text:p text:style-name="Paragraph"><help:paragraphinfo state="U" number="43"/>The database field &quot;Field1&quot; is linked to the field specified under <text:span text:style-name="T1">Data field</text:span>.</text:p>
    </table:table-cell>
   </table:table-row>
   <table:table-row>
    <table:table-cell table:style-name="Tabelle4.A2" table:value-type="string">
     <text:p text:style-name="Paragraph"><help:paragraphinfo state="U" number="44"/>1</text:p>
    </table:table-cell>
    <table:table-cell table:style-name="Tabelle4.B2" table:value-type="string">
     <text:p text:style-name="Paragraph"><help:paragraphinfo state="U" number="45"/>The database field &quot;Field2&quot; is linked to the field specified under <text:span text:style-name="T1">Data field</text:span>.</text:p>
    </table:table-cell>
   </table:table-row>
  </table:table>
  <text:p text:style-name="Paragraph"><help:paragraphinfo state="U" number="46"/>If you selected &quot;Table&quot; under <text:span text:style-name="T1">Type of list contents</text:span>, the table structure defines the index to be specified. Example: If a database table is selected under <text:span text:style-name="T1">List content</text:span>, refer to the following table:</text:p>
  <table:table table:name="Tabelle3" table:style-name="Tabelle3">
   <table:table-column table:style-name="Tabelle3.A"/>
   <table:table-column table:style-name="Tabelle3.B"/>
   <table:table-header-rows>
    <table:table-row>
     <table:table-cell table:style-name="Tabelle3.A1" table:value-type="string">
      <text:p text:style-name="Paragraph"><help:paragraphinfo state="U" number="47"/>Bound field</text:p>
     </table:table-cell>
     <table:table-cell table:style-name="Tabelle3.B1" table:value-type="string">
      <text:p text:style-name="Paragraph"><help:paragraphinfo state="U" number="48"/>Link</text:p>
     </table:table-cell>
    </table:table-row>
   </table:table-header-rows>
   <table:table-row>
    <table:table-cell table:style-name="Tabelle3.A2" table:value-type="string">
     <text:p text:style-name="Paragraph"><help:paragraphinfo state="U" number="49"/>0</text:p>
    </table:table-cell>
    <table:table-cell table:style-name="Tabelle3.B2" table:value-type="string">
     <text:p text:style-name="Paragraph"><help:paragraphinfo state="U" number="50"/>The 1st column of the table is linked to the field specified under <text:span text:style-name="T1">Data field</text:span>.</text:p>
    </table:table-cell>
   </table:table-row>
   <table:table-row>
    <table:table-cell table:style-name="Tabelle3.A2" table:value-type="string">
     <text:p text:style-name="Paragraph"><help:paragraphinfo state="U" number="51"/>1</text:p>
    </table:table-cell>
    <table:table-cell table:style-name="Tabelle3.B2" table:value-type="string">
     <text:p text:style-name="Paragraph"><help:paragraphinfo state="U" number="52"/>The 2nd column of the table is linked to the field specified under <text:span text:style-name="T1">Data field</text:span>.</text:p>
    </table:table-cell>
   </table:table-row>
   <table:table-row>
    <table:table-cell table:style-name="Tabelle3.A2" table:value-type="string">
     <text:p text:style-name="Paragraph"><help:paragraphinfo state="U" number="53"/>2</text:p>
    </table:table-cell>
    <table:table-cell table:style-name="Tabelle3.B2" table:value-type="string">
     <text:p text:style-name="Paragraph"><help:paragraphinfo state="U" number="54"/>The 3rd column of the table is linked to the field specified under <text:span text:style-name="T1">Data field</text:span>.</text:p>
    </table:table-cell>
   </table:table-row>
  </table:table>
  <text:p text:style-name="Head 2"><help:paragraphinfo state="U" number="9"/><help:help-id value="HID_PROP_LISTSOURCETYPE"/>Type of list contents</text:p>
  <text:p text:style-name="Paragraph"><help:paragraphinfo state="U" number="10"/><help:help-text value="hide">Determines the data to fill the lists in list and combo boxes.</help:help-text>Determines the data to fill the lists in list and combo boxes.</text:p>
  <text:p text:style-name="Paragraph"><help:paragraphinfo state="U" number="13"/>With the &quot;Valuelist&quot; option, all entries entered in the <text:span text:style-name="T1">List entries</text:span> field of the <help:link Id="65921"><text:span text:style-name="T1">General</text:span></help:link> tab appear in the control. For database forms, you can use reference values (see the <help:link Id="65983" Eid="referenzenwerteliste"> <text:span text:style-name="T1">References Using Value Lists</text:span></help:link> <text:s/>section).</text:p>
  <text:p text:style-name="Paragraph"><help:paragraphinfo state="U" number="14"/>If the content of the control is read from a database, you can determine the type of the data source with the other options. For example, you can choose between tables and queries.</text:p>
  <text:p text:style-name="Head 2"><help:paragraphinfo state="U" number="7"/><help:help-id value="HID_PROP_LISTSOURCE"/>List content</text:p>
  <text:p text:style-name="Paragraph"><help:paragraphinfo state="U" number="8"/><help:help-text value="visible">With database forms, specifies the data source for the list content of the form-element. This field can be used to define a value list for documents without a database connection.</help:help-text></text:p>
  <text:p text:style-name="Paragraph"><help:paragraphinfo state="U" number="15"/>In the case of database forms, the data source determines the entries of the list or combo box. Depending on the selected type, you have a choice between different data sources under <text:span text:style-name="T1">List content</text:span>, provided that these objects exist in your database. All available database objects of the type selected under <text:span text:style-name="T1">Type of list contents</text:span> are offered here. If you have selected the &quot;Value List&quot; option as the type, you can use references for database forms. If the display of the control is controlled by an SQL command, the SQL statement is entered here.</text:p>
  <text:p text:style-name="Paragraph"><help:paragraphinfo state="U" number="81"/>Examples of SQL statements:</text:p>
  <text:p text:style-name="Paragraph"><help:paragraphinfo state="U" number="82"/>For list boxes, an SQL statement may have the following form</text:p>
  <text:p text:style-name="Paragraph"><help:paragraphinfo state="U" number="83"/>SELECT field1, field2 FROM table,</text:p>
  <text:p text:style-name="Paragraph"><help:paragraphinfo state="U" number="84"/>Here &quot;table&quot; is the table whose data is displayed in the list of the control (list table). &quot;field1&quot; is the data field that defines the visible entries in the form; its content is displayed in the list box. &quot;field2&quot; is the field of the list table that is linked to the form table (value table) through the field specified under <text:span text:style-name="T1">Data field</text:span> if <text:span text:style-name="T1">Bound field</text:span> = 1 was selected.</text:p>
  <text:p text:style-name="Paragraph"><help:paragraphinfo state="U" number="85"/>For combo boxes, an SQL statement may take the following form</text:p>
  <text:p text:style-name="Paragraph"><help:paragraphinfo state="U" number="86"/>SELECT DISTINCT field FROM table,</text:p>
  <text:p text:style-name="Paragraph"><help:paragraphinfo state="U" number="87"/>Here &quot;field&quot; is a data field from the list table &quot;table&quot; whose content is displayed in the list of the combo box.</text:p>
  <text:p text:style-name="Paragraph"><help:paragraphinfo state="U" number="74"/><text:span text:style-name="T1">Value lists for HTML documents</text:span></text:p>
  <text:p text:style-name="Paragraph"><help:paragraphinfo state="U" number="16"/>For HTML forms, you can enter a value list under <text:span text:style-name="T1">List content</text:span>. Select the option &quot;Valuelist&quot; under <text:span text:style-name="T1">Type of list contents</text:span>. The values entered here will not be visible in the form, and are used to assign values to the visible entries. The entries made under <text:span text:style-name="T1">List content</text:span> correspond to the HTML tag &lt;OPTION VALUE=...&gt;.</text:p>
  <text:p text:style-name="Paragraph"><help:paragraphinfo state="U" number="17"/>In the data transfer of a selected entry from a list box or a combo box, both the list of the values displayed in the form, which was entered on the <help:link Id="65921"><text:span text:style-name="T1">General</text:span></help:link> tab under <text:span text:style-name="T1">List entries</text:span>, and the value list entered on the <text:span text:style-name="T1">Data</text:span> tab under <text:span text:style-name="T1">List content</text:span>, are taken into consideration: If a (non-empty) text is at the selected position in the value list (&lt;OPTION VALUE=...&gt;), it will be transmitted. Otherwise, the text displayed in the (&lt;OPTION&gt;) control is sent.</text:p>
  <text:p text:style-name="Paragraph"><help:paragraphinfo state="U" number="18"/>If the value list is to contain an empty string, enter the value &quot;$$$empty$$$&quot; under <text:span text:style-name="T1">List content</text:span> at the corresponding position (note uppercase/lowercase). <help:productname>%PRODUCTNAME</help:productname> interprets this input as an empty string and assigns it to the respective list entry.</text:p>
  <text:p text:style-name="Paragraph"><help:paragraphinfo state="U" number="19"/>The following table shows the connections between HTML, JavaScript, and the <help:productname>%PRODUCTNAME</help:productname> field <text:span text:style-name="T1">List content</text:span> using an example list box named &quot;ListBox1&quot;. In this case, &quot;Item&quot; designates a list entry visible in the form:</text:p>
  <table:table table:name="Tabelle1" table:style-name="Tabelle1">
   <table:table-column table:style-name="Tabelle1.A" table:number-columns-repeated="4"/>
   <table:table-header-rows>
    <table:table-row>
     <table:table-cell table:style-name="Tabelle1.A1" table:value-type="string">
      <text:p text:style-name="Paragraph"><help:paragraphinfo state="U" number="20"/><text:span text:style-name="T1">HTML Tag</text:span></text:p>
     </table:table-cell>
     <table:table-cell table:style-name="Tabelle1.A1" table:value-type="string">
      <text:p text:style-name="Paragraph"><help:paragraphinfo state="U" number="21"/><text:span text:style-name="T1">JavaScript</text:span></text:p>
     </table:table-cell>
     <table:table-cell table:style-name="Tabelle1.A1" table:value-type="string">
      <text:p text:style-name="Paragraph"><help:paragraphinfo state="U" number="22"/><text:span text:style-name="T1">Entry in value list of the control (List content)</text:span></text:p>
     </table:table-cell>
     <table:table-cell table:style-name="Tabelle1.D1" table:value-type="string">
      <text:p text:style-name="Paragraph"><help:paragraphinfo state="U" number="23"/><text:span text:style-name="T1">Transmitted data</text:span></text:p>
     </table:table-cell>
    </table:table-row>
   </table:table-header-rows>
   <table:table-row>
    <table:table-cell table:style-name="Tabelle1.A2" table:value-type="string">
     <text:p text:style-name="Paragraph"><help:paragraphinfo state="U" number="24"/>&lt;OPTION&gt;Item</text:p>
    </table:table-cell>
    <table:table-cell table:style-name="Tabelle1.A2" table:value-type="string">
     <text:p text:style-name="Paragraph"><help:paragraphinfo state="U" number="25"/>Not possible</text:p>
    </table:table-cell>
    <table:table-cell table:style-name="Tabelle1.A2" table:value-type="string">
     <text:p text:style-name="Paragraph"><help:paragraphinfo state="U" number="26"/>&quot;&quot;</text:p>
    </table:table-cell>
    <table:table-cell table:style-name="Tabelle1.D2" table:value-type="string">
     <text:p text:style-name="Paragraph"><help:paragraphinfo state="U" number="27"/>the visible list entry (&quot;ListBox1=Item&quot;)</text:p>
    </table:table-cell>
   </table:table-row>
   <table:table-row>
    <table:table-cell table:style-name="Tabelle1.A2" table:value-type="string">
     <text:p text:style-name="Paragraph"><help:paragraphinfo state="U" number="28"/>&lt;OPTION VALUE=&quot;Value&quot;&gt;Item</text:p>
    </table:table-cell>
    <table:table-cell table:style-name="Tabelle1.A2" table:value-type="string">
     <text:p text:style-name="Paragraph"><help:paragraphinfo state="U" number="29"/>ListBox1.options[0].value=&quot;Value&quot;</text:p>
    </table:table-cell>
    <table:table-cell table:style-name="Tabelle1.A2" table:value-type="string">
     <text:p text:style-name="Paragraph"><help:paragraphinfo state="U" number="30"/>&quot;Value&quot;</text:p>
    </table:table-cell>
    <table:table-cell table:style-name="Tabelle1.D2" table:value-type="string">
     <text:p text:style-name="Paragraph"><help:paragraphinfo state="U" number="31"/>The value assigned to the list entry (&quot;ListBox1=Value&quot;)</text:p>
    </table:table-cell>
   </table:table-row>
   <table:table-row>
    <table:table-cell table:style-name="Tabelle1.A2" table:value-type="string">
     <text:p text:style-name="Paragraph"><help:paragraphinfo state="U" number="32"/>&lt;OPTION VALUE=&quot;&quot;&gt;Item</text:p>
    </table:table-cell>
    <table:table-cell table:style-name="Tabelle1.A2" table:value-type="string">
     <text:p text:style-name="Paragraph"><help:paragraphinfo state="U" number="33"/>ListBox1.options[0].value=&quot;&quot;</text:p>
    </table:table-cell>
    <table:table-cell table:style-name="Tabelle1.A2" table:value-type="string">
     <text:p text:style-name="Paragraph"><help:paragraphinfo state="U" number="34"/>&quot;$$$empty$$$&quot;</text:p>
    </table:table-cell>
    <table:table-cell table:style-name="Tabelle1.D2" table:value-type="string">
     <text:p text:style-name="Paragraph"><help:paragraphinfo state="U" number="35"/>An empty string (&quot;ListBox1=&quot;)</text:p>
    </table:table-cell>
   </table:table-row>
  </table:table>
  <text:p text:style-name="Head 2"><help:paragraphinfo state="U" number="11"/><help:help-id value="HID_PROP_EMPTY_IS_NULL"/>Empty string is NULL</text:p>
  <text:p text:style-name="Paragraph"><help:paragraphinfo state="U" number="12"/><help:help-text value="visible">Defines how an empty string input should be handled.</help:help-text> If this property is set (Yes), a string with only one or more spaces will be interpreted as a NULL value and stored in the database. If this property is not set (No), the string will be treated as an empty value.</text:p>
  <text:p text:style-name="Head 2"><help:paragraphinfo state="U" number="88"/><help:help-id value="HID_PROP_FILTERPROPOSAL"/>Filter proposal</text:p>
  <text:p text:style-name="Paragraph"><help:paragraphinfo state="U" number="89"/><help:to-be-embedded Eid="filtervorschlag"><help:help-text value="visible">While designing your form, you can set the &quot;Filter proposal&quot; property for each text box in the <text:span text:style-name="T1">Data</text:span> tab of the corresponding <text:span text:style-name="T1">Properties</text:span> dialog. In subsequent searches in the filter mode, you can select from all information contained in these fields.</help:help-text> The field content can then be selected using the AutoComplete function. Note, however, that this function requires a greater amount of memory space and time, especially when used in large databases and should therefore be used sparingly.</help:to-be-embedded></text:p>
  <help:paragraphinfo state="E"/><a name="ende"/>
 </office:body>
</office:document>
