

<office:document  xmlns:office="http://openoffice.org/2000/office" xmlns:style="http://openoffice.org/2000/style" xmlns:text="http://openoffice.org/2000/text" xmlns:table="http://openoffice.org/2000/table" xmlns:draw="http://openoffice.org/2000/drawing" xmlns:fo="http://www.w3.org/1999/XSL/Format" xmlns:xlink="http://www.w3.org/1999/xlink" xmlns:number="http://openoffice.org/2000/datastyle" xmlns:svg="http://www.w3.org/2000/svg" xmlns:chart="http://openoffice.org/2000/chart" xmlns:dr3d="http://openoffice.org/2000/dr3d" xmlns:math="http://www.w3.org/1998/Math/MathML" xmlns:form="http://openoffice.org/2000/form" xmlns:script="http://openoffice.org/2000/script" office:class="text" office:version="1.0" xmlns:dc="http://purl.org/dc/elements/1.1/" xmlns:meta="http://openoffice.org/2000/meta" xmlns:help="http://openoffice.org/2000/help">
<office:meta>
  <dc:description>text/common/02/01170000</dc:description>
  <dc:subject>Form Functions</dc:subject>
  <meta:keywords>
   <meta:keyword>$Version</meta:keyword>
  </meta:keywords>
  <dc:language>en-US</dc:language>
  <meta:user-defined meta:name="Info 0">READY</meta:user-defined>
  <meta:user-defined meta:name="Info 1">FREE_OK</meta:user-defined>
  <meta:user-defined meta:name="Info 2"/>
  <meta:user-defined meta:name="Info 3"/>
</office:meta>
 <office:script/>
 <office:font-decls>
  <style:font-decl style:name="StarSymbol" fo:font-family="StarSymbol" style:font-charset="x-symbol"/>
  <style:font-decl style:name="Courier New" fo:font-family="&apos;Courier New&apos;" style:font-style-name="Standard" style:font-family-generic="modern" style:font-pitch="fixed"/>
  <style:font-decl style:name="Courier" fo:font-family="Courier" style:font-family-generic="roman" style:font-pitch="fixed"/>
  <style:font-decl style:name="Arial Unicode MS" fo:font-family="&apos;Arial Unicode MS&apos;" style:font-pitch="variable"/>
  <style:font-decl style:name="HG Mincho Light J" fo:font-family="&apos;HG Mincho Light J&apos;" style:font-pitch="variable"/>
  <style:font-decl style:name="Times New Roman3" fo:font-family="&apos;Times New Roman&apos;" style:font-pitch="variable"/>
  <style:font-decl style:name="Thorndale" fo:font-family="Thorndale" style:font-family-generic="roman" style:font-pitch="variable"/>
  <style:font-decl style:name="Times New Roman2" fo:font-family="&apos;Times New Roman&apos;" style:font-style-name="Fett" style:font-family-generic="roman" style:font-pitch="variable"/>
  <style:font-decl style:name="Times New Roman" fo:font-family="&apos;Times New Roman&apos;" style:font-style-name="Standard" style:font-family-generic="roman" style:font-pitch="variable"/>
  <style:font-decl style:name="Times New Roman1" fo:font-family="&apos;Times New Roman&apos;" style:font-family-generic="swiss" style:font-pitch="variable"/>
 </office:font-decls>
 <office:automatic-styles>
  <style:style style:name="Tabelle1" style:family="table">
   <style:properties style:width="17.995cm" fo:margin-left="0cm" fo:margin-right="0.005cm" table:align="margins"/>
  </style:style>
  <style:style style:name="Tabelle1.A" style:family="table-column">
   <style:properties style:column-width="0.979cm" style:rel-column-width="555*"/>
  </style:style>
  <style:style style:name="Tabelle1.B" style:family="table-column">
   <style:properties style:column-width="17.011cm" style:rel-column-width="9644*"/>
  </style:style>
  <style:style style:name="Tabelle21" style:family="table">
   <style:properties style:width="18cm" table:align="margins"/>
  </style:style>
  <style:style style:name="Tabelle21.A" style:family="table-column">
   <style:properties style:column-width="1.499cm" style:rel-column-width="850*"/>
  </style:style>
  <style:style style:name="Tabelle21.B" style:family="table-column">
   <style:properties style:column-width="16.498cm" style:rel-column-width="9352*"/>
  </style:style>
  <style:style style:name="Tabelle21.1" style:family="table-row">
   <style:properties style:min-row-height="0.848cm"/>
  </style:style>
  <style:style style:name="Tabelle21.A1" style:family="table-cell">
   <style:properties fo:padding="0cm" fo:border="none"/>
  </style:style>
  <style:style style:name="Tabelle20" style:family="table">
   <style:properties style:width="18cm" table:align="margins"/>
  </style:style>
  <style:style style:name="Tabelle20.A" style:family="table-column">
   <style:properties style:column-width="1.499cm" style:rel-column-width="850*"/>
  </style:style>
  <style:style style:name="Tabelle20.B" style:family="table-column">
   <style:properties style:column-width="16.498cm" style:rel-column-width="9352*"/>
  </style:style>
  <style:style style:name="Tabelle20.1" style:family="table-row">
   <style:properties style:min-row-height="0.848cm"/>
  </style:style>
  <style:style style:name="Tabelle20.A1" style:family="table-cell">
   <style:properties fo:padding="0cm" fo:border="none"/>
  </style:style>
  <style:style style:name="Tabelle27" style:family="table">
   <style:properties style:width="18cm" table:align="margins"/>
  </style:style>
  <style:style style:name="Tabelle27.A" style:family="table-column">
   <style:properties style:column-width="1.499cm" style:rel-column-width="850*"/>
  </style:style>
  <style:style style:name="Tabelle27.B" style:family="table-column">
   <style:properties style:column-width="16.498cm" style:rel-column-width="9352*"/>
  </style:style>
  <style:style style:name="Tabelle27.1" style:family="table-row">
   <style:properties style:min-row-height="0.848cm"/>
  </style:style>
  <style:style style:name="Tabelle27.A1" style:family="table-cell">
   <style:properties fo:padding="0cm" fo:border="none"/>
  </style:style>
  <style:style style:name="Tabelle2" style:family="table">
   <style:properties style:width="17.995cm" fo:margin-left="0cm" fo:margin-right="0.005cm" table:align="margins"/>
  </style:style>
  <style:style style:name="Tabelle2.A" style:family="table-column">
   <style:properties style:column-width="0.979cm" style:rel-column-width="555*"/>
  </style:style>
  <style:style style:name="Tabelle2.B" style:family="table-column">
   <style:properties style:column-width="17.011cm" style:rel-column-width="9644*"/>
  </style:style>
  <style:style style:name="Tabelle3" style:family="table">
   <style:properties style:width="17.995cm" fo:margin-left="0cm" fo:margin-right="0.005cm" table:align="margins"/>
  </style:style>
  <style:style style:name="Tabelle3.A" style:family="table-column">
   <style:properties style:column-width="0.979cm" style:rel-column-width="555*"/>
  </style:style>
  <style:style style:name="Tabelle3.B" style:family="table-column">
   <style:properties style:column-width="17.011cm" style:rel-column-width="9644*"/>
  </style:style>
  <style:style style:name="Tabelle4" style:family="table">
   <style:properties style:width="17.995cm" fo:margin-left="0cm" fo:margin-right="0.005cm" table:align="margins"/>
  </style:style>
  <style:style style:name="Tabelle4.A" style:family="table-column">
   <style:properties style:column-width="0.979cm" style:rel-column-width="555*"/>
  </style:style>
  <style:style style:name="Tabelle4.B" style:family="table-column">
   <style:properties style:column-width="17.011cm" style:rel-column-width="9644*"/>
  </style:style>
  <style:style style:name="Tabelle5" style:family="table">
   <style:properties style:width="17.995cm" fo:margin-left="0cm" fo:margin-right="0.005cm" table:align="margins"/>
  </style:style>
  <style:style style:name="Tabelle5.A" style:family="table-column">
   <style:properties style:column-width="0.979cm" style:rel-column-width="555*"/>
  </style:style>
  <style:style style:name="Tabelle5.B" style:family="table-column">
   <style:properties style:column-width="17.011cm" style:rel-column-width="9644*"/>
  </style:style>
  <style:style style:name="Tabelle6" style:family="table">
   <style:properties style:width="17.995cm" fo:margin-left="0cm" fo:margin-right="0.005cm" table:align="margins"/>
  </style:style>
  <style:style style:name="Tabelle6.A" style:family="table-column">
   <style:properties style:column-width="0.953cm" style:rel-column-width="540*"/>
  </style:style>
  <style:style style:name="Tabelle6.B" style:family="table-column">
   <style:properties style:column-width="17.037cm" style:rel-column-width="9659*"/>
  </style:style>
  <style:style style:name="Tabelle24" style:family="table">
   <style:properties style:width="18cm" table:align="margins"/>
  </style:style>
  <style:style style:name="Tabelle24.A" style:family="table-column">
   <style:properties style:column-width="1.499cm" style:rel-column-width="850*"/>
  </style:style>
  <style:style style:name="Tabelle24.B" style:family="table-column">
   <style:properties style:column-width="16.498cm" style:rel-column-width="9352*"/>
  </style:style>
  <style:style style:name="Tabelle24.1" style:family="table-row">
   <style:properties style:min-row-height="0.848cm"/>
  </style:style>
  <style:style style:name="Tabelle24.A1" style:family="table-cell">
   <style:properties fo:padding="0cm" fo:border="none"/>
  </style:style>
  <style:style style:name="Tabelle7" style:family="table">
   <style:properties style:width="17.995cm" fo:margin-left="0cm" fo:margin-right="0.005cm" table:align="margins"/>
  </style:style>
  <style:style style:name="Tabelle7.A" style:family="table-column">
   <style:properties style:column-width="0.979cm" style:rel-column-width="555*"/>
  </style:style>
  <style:style style:name="Tabelle7.B" style:family="table-column">
   <style:properties style:column-width="17.011cm" style:rel-column-width="9644*"/>
  </style:style>
  <style:style style:name="Tabelle8" style:family="table">
   <style:properties style:width="17.995cm" fo:margin-left="0cm" fo:margin-right="0.005cm" table:align="margins"/>
  </style:style>
  <style:style style:name="Tabelle8.A" style:family="table-column">
   <style:properties style:column-width="1.005cm" style:rel-column-width="570*"/>
  </style:style>
  <style:style style:name="Tabelle8.B" style:family="table-column">
   <style:properties style:column-width="16.984cm" style:rel-column-width="9629*"/>
  </style:style>
  <style:style style:name="Tabelle9" style:family="table">
   <style:properties style:width="17.995cm" fo:margin-left="0cm" fo:margin-right="0.005cm" table:align="margins"/>
  </style:style>
  <style:style style:name="Tabelle9.A" style:family="table-column">
   <style:properties style:column-width="1.005cm" style:rel-column-width="570*"/>
  </style:style>
  <style:style style:name="Tabelle9.B" style:family="table-column">
   <style:properties style:column-width="16.984cm" style:rel-column-width="9629*"/>
  </style:style>
  <style:style style:name="Tabelle10" style:family="table">
   <style:properties style:width="17.995cm" fo:margin-left="0cm" fo:margin-right="0.005cm" table:align="margins"/>
  </style:style>
  <style:style style:name="Tabelle10.A" style:family="table-column">
   <style:properties style:column-width="0.953cm" style:rel-column-width="540*"/>
  </style:style>
  <style:style style:name="Tabelle10.B" style:family="table-column">
   <style:properties style:column-width="17.037cm" style:rel-column-width="9659*"/>
  </style:style>
  <style:style style:name="Tabelle19" style:family="table">
   <style:properties style:width="17.995cm" fo:margin-left="0cm" fo:margin-right="0.005cm" table:align="margins"/>
  </style:style>
  <style:style style:name="Tabelle19.A" style:family="table-column">
   <style:properties style:column-width="1.032cm" style:rel-column-width="585*"/>
  </style:style>
  <style:style style:name="Tabelle19.B" style:family="table-column">
   <style:properties style:column-width="16.958cm" style:rel-column-width="9614*"/>
  </style:style>
  <style:style style:name="Tabelle11" style:family="table">
   <style:properties style:width="17.995cm" fo:margin-left="0cm" fo:margin-right="0.005cm" table:align="margins"/>
  </style:style>
  <style:style style:name="Tabelle11.A" style:family="table-column">
   <style:properties style:column-width="0.979cm" style:rel-column-width="555*"/>
  </style:style>
  <style:style style:name="Tabelle11.B" style:family="table-column">
   <style:properties style:column-width="17.011cm" style:rel-column-width="9644*"/>
  </style:style>
  <style:style style:name="Tabelle12" style:family="table">
   <style:properties style:width="17.995cm" fo:margin-left="0cm" fo:margin-right="0.005cm" table:align="margins"/>
  </style:style>
  <style:style style:name="Tabelle12.A" style:family="table-column">
   <style:properties style:column-width="1.005cm" style:rel-column-width="570*"/>
  </style:style>
  <style:style style:name="Tabelle12.B" style:family="table-column">
   <style:properties style:column-width="16.984cm" style:rel-column-width="9629*"/>
  </style:style>
  <style:style style:name="Tabelle22" style:family="table">
   <style:properties style:width="18cm" table:align="margins"/>
  </style:style>
  <style:style style:name="Tabelle22.A" style:family="table-column">
   <style:properties style:column-width="1.499cm" style:rel-column-width="850*"/>
  </style:style>
  <style:style style:name="Tabelle22.B" style:family="table-column">
   <style:properties style:column-width="16.498cm" style:rel-column-width="9352*"/>
  </style:style>
  <style:style style:name="Tabelle22.1" style:family="table-row">
   <style:properties style:min-row-height="0.848cm"/>
  </style:style>
  <style:style style:name="Tabelle22.A1" style:family="table-cell">
   <style:properties fo:padding="0cm" fo:border="none"/>
  </style:style>
  <style:style style:name="Tabelle13" style:family="table">
   <style:properties style:width="17.995cm" fo:margin-left="0cm" fo:margin-right="0.005cm" table:align="margins"/>
  </style:style>
  <style:style style:name="Tabelle13.A" style:family="table-column">
   <style:properties style:column-width="1.005cm" style:rel-column-width="570*"/>
  </style:style>
  <style:style style:name="Tabelle13.B" style:family="table-column">
   <style:properties style:column-width="16.984cm" style:rel-column-width="9629*"/>
  </style:style>
  <style:style style:name="Tabelle23" style:family="table">
   <style:properties style:width="18cm" table:align="margins"/>
  </style:style>
  <style:style style:name="Tabelle23.A" style:family="table-column">
   <style:properties style:column-width="1.499cm" style:rel-column-width="850*"/>
  </style:style>
  <style:style style:name="Tabelle23.B" style:family="table-column">
   <style:properties style:column-width="16.498cm" style:rel-column-width="9352*"/>
  </style:style>
  <style:style style:name="Tabelle23.1" style:family="table-row">
   <style:properties style:min-row-height="0.848cm"/>
  </style:style>
  <style:style style:name="Tabelle23.A1" style:family="table-cell">
   <style:properties fo:padding="0cm" fo:border="none"/>
  </style:style>
  <style:style style:name="Tabelle14" style:family="table">
   <style:properties style:width="17.995cm" fo:margin-left="0cm" fo:margin-right="0.005cm" table:align="margins"/>
  </style:style>
  <style:style style:name="Tabelle14.A" style:family="table-column">
   <style:properties style:column-width="1.005cm" style:rel-column-width="570*"/>
  </style:style>
  <style:style style:name="Tabelle14.B" style:family="table-column">
   <style:properties style:column-width="16.984cm" style:rel-column-width="9629*"/>
  </style:style>
  <style:style style:name="Tabelle28" style:family="table">
   <style:properties style:width="17.995cm" fo:margin-left="0cm" fo:margin-right="0.005cm" table:align="margins"/>
  </style:style>
  <style:style style:name="Tabelle28.A" style:family="table-column">
   <style:properties style:column-width="0.979cm" style:rel-column-width="555*"/>
  </style:style>
  <style:style style:name="Tabelle28.B" style:family="table-column">
   <style:properties style:column-width="17.011cm" style:rel-column-width="9644*"/>
  </style:style>
  <style:style style:name="Tabelle15" style:family="table">
   <style:properties style:width="17.995cm" fo:margin-left="0cm" fo:margin-right="0.005cm" table:align="margins"/>
  </style:style>
  <style:style style:name="Tabelle15.A" style:family="table-column">
   <style:properties style:column-width="1.005cm" style:rel-column-width="570*"/>
  </style:style>
  <style:style style:name="Tabelle15.B" style:family="table-column">
   <style:properties style:column-width="16.984cm" style:rel-column-width="9629*"/>
  </style:style>
  <style:style style:name="Tabelle16" style:family="table">
   <style:properties style:width="17.995cm" fo:margin-left="0cm" fo:margin-right="0.005cm" table:align="margins"/>
  </style:style>
  <style:style style:name="Tabelle16.A" style:family="table-column">
   <style:properties style:column-width="0.953cm" style:rel-column-width="540*"/>
  </style:style>
  <style:style style:name="Tabelle16.B" style:family="table-column">
   <style:properties style:column-width="17.037cm" style:rel-column-width="9659*"/>
  </style:style>
  <style:style style:name="Tabelle25" style:family="table">
   <style:properties style:width="18cm" table:align="margins"/>
  </style:style>
  <style:style style:name="Tabelle25.A" style:family="table-column">
   <style:properties style:column-width="1.499cm" style:rel-column-width="850*"/>
  </style:style>
  <style:style style:name="Tabelle25.B" style:family="table-column">
   <style:properties style:column-width="16.498cm" style:rel-column-width="9352*"/>
  </style:style>
  <style:style style:name="Tabelle25.1" style:family="table-row">
   <style:properties style:min-row-height="0.848cm"/>
  </style:style>
  <style:style style:name="Tabelle25.A1" style:family="table-cell">
   <style:properties fo:padding="0cm" fo:border="none"/>
  </style:style>
  <style:style style:name="Tabelle18" style:family="table">
   <style:properties style:width="17.995cm" fo:margin-left="0cm" fo:margin-right="0.005cm" table:align="margins"/>
  </style:style>
  <style:style style:name="Tabelle18.A" style:family="table-column">
   <style:properties style:column-width="0.979cm" style:rel-column-width="555*"/>
  </style:style>
  <style:style style:name="Tabelle18.B" style:family="table-column">
   <style:properties style:column-width="17.011cm" style:rel-column-width="9644*"/>
  </style:style>
  <style:style style:name="Tabelle17" style:family="table">
   <style:properties style:width="17.995cm" fo:margin-left="0cm" fo:margin-right="0.005cm" table:align="margins"/>
  </style:style>
  <style:style style:name="Tabelle17.A" style:family="table-column">
   <style:properties style:column-width="0.979cm" style:rel-column-width="555*"/>
  </style:style>
  <style:style style:name="Tabelle17.B" style:family="table-column">
   <style:properties style:column-width="17.011cm" style:rel-column-width="9644*"/>
  </style:style>
  <style:style style:name="Tabelle26" style:family="table">
   <style:properties style:width="17.995cm" fo:margin-left="0cm" fo:margin-right="0.005cm" table:align="margins"/>
  </style:style>
  <style:style style:name="Tabelle26.A" style:family="table-column">
   <style:properties style:column-width="0.979cm" style:rel-column-width="555*"/>
  </style:style>
  <style:style style:name="Tabelle26.B" style:family="table-column">
   <style:properties style:column-width="17.011cm" style:rel-column-width="9644*"/>
  </style:style>
  <style:style style:name="P1" style:family="paragraph" style:parent-style-name="Paragraph" style:master-page-name="HTML">
   <style:properties style:page-number="0"/>
  </style:style>
  <style:style style:name="T1" style:family="text">
   <style:properties fo:font-weight="bold"/>
  </style:style>
  <style:style style:name="fr1" style:family="graphics" style:parent-style-name="Graphics">
   <style:properties style:wrap="run-through" style:horizontal-pos="left" style:horizontal-rel="paragraph" style:mirror="none" fo:clip="rect(0cm 0cm 0cm 0cm)" draw:luminance="0%" draw:contrast="0%" draw:red="0%" draw:green="0%" draw:blue="0%" draw:gamma="1" draw:color-inversion="false" draw:transparency="-100%" draw:color-mode="standard"/>
  </style:style>
  <style:style style:name="fr2" style:family="graphics" style:parent-style-name="Graphics">
   <style:properties fo:margin-left="0cm" fo:margin-right="0cm" fo:margin-top="0cm" fo:margin-bottom="0cm" style:run-through="foreground" style:wrap="run-through" style:vertical-pos="middle" style:vertical-rel="paragraph" style:horizontal-pos="left" style:horizontal-rel="paragraph" style:mirror="none" fo:clip="rect(0cm 0cm 0cm 0cm)" draw:luminance="0%" draw:contrast="0%" draw:red="0%" draw:green="0%" draw:blue="0%" draw:gamma="1" draw:color-inversion="false" draw:transparency="-100%" draw:color-mode="standard"/>
  </style:style>
  <style:style style:name="fr3" style:family="graphics" style:parent-style-name="Graphics">
   <style:properties style:run-through="foreground" style:wrap="run-through" style:horizontal-pos="left" style:horizontal-rel="paragraph" style:mirror="none" fo:clip="rect(0cm 0cm 0cm 0cm)" draw:luminance="0%" draw:contrast="0%" draw:red="0%" draw:green="0%" draw:blue="0%" draw:gamma="1" draw:color-inversion="false" draw:transparency="-100%" draw:color-mode="standard"/>
  </style:style>
 </office:automatic-styles>
 <office:body>
  <text:variable-decls>
   <text:variable-decl text:value-type="string" text:name="HTML_ON"/>
   <text:variable-decl text:value-type="string" text:name="HTML_OFF"/>
   <text:variable-decl text:value-type="string" text:name="TITEL"/>
   <text:variable-decl text:value-type="string" text:name="END"/>
   <text:variable-decl text:value-type="string" text:name="HelpID"/>
   <text:variable-decl text:value-type="string" text:name="NAME"/>
   <text:variable-decl text:value-type="string" text:name="HREF"/>
   <text:variable-decl text:value-type="string" text:name="MODIFY"/>
   <text:variable-decl text:value-type="string" text:name="REFNR"/>
   <text:variable-decl text:value-type="string" text:name="AKTHLP"/>
   <text:variable-decl text:value-type="string" text:name="KEY"/>
   <text:variable-decl text:value-type="string" text:name="INDEX"/>
   <text:variable-decl text:value-type="string" text:name="MAC"/>
   <text:variable-decl text:value-type="string" text:name="ELSE"/>
   <text:variable-decl text:value-type="string" text:name="OS2"/>
   <text:variable-decl text:value-type="string" text:name="HFELD"/>
   <text:variable-decl text:value-type="string" text:name="STYLE"/>
   <text:variable-decl text:value-type="string" text:name="PARAINFO"/>
  </text:variable-decls>
  <text:sequence-decls>
   <text:sequence-decl text:display-outline-level="0" text:name="Illustration"/>
   <text:sequence-decl text:display-outline-level="0" text:name="Table"/>
   <text:sequence-decl text:display-outline-level="0" text:name="Text"/>
   <text:sequence-decl text:display-outline-level="0" text:name="Drawing"/>
  </text:sequence-decls>
  <help:paragraphinfo state="E"/><help:to-be-embedded Eid="formularfunktionen">
  <text:p text:style-name="Head 1"><help:paragraphinfo state="U" number="1"/><help:help-id value="SID_FM_CONFIG"/><help:key-word value="form functions; toolbars" tag="kw66036_1"/><help:key-word value="controls; form functions" tag="kw66036_73"/><help:link Id="66036">Form Functions</help:link></text:p>
  <text:p text:style-name="Paragraph"><help:paragraphinfo state="U" number="2"/><help:to-be-embedded Eid="formulartext"><help:help-text value="visible">The <text:span text:style-name="T1">Form</text:span> icon opens a floating toolbar with the tools and functions needed to create an interactive form.</help:help-text></help:to-be-embedded></text:p>
  <help:paragraphinfo state="E"/></help:to-be-embedded>
  <text:p text:style-name="Paragraph"><help:paragraphinfo state="U" number="26"/>Long-click the <text:span text:style-name="T1">Form</text:span> icon in order to open the floating toolbar. A short mouse click always activates the control field inserted last, which is shown as an icon.</text:p>
  <text:p text:style-name="Paragraph"><help:paragraphinfo state="U" number="68"/>Icon in the main toolbar:</text:p>
  <help:paragraphinfo state="E"/><help:to-be-embedded Eid="syformular">
  <table:table table:name="Tabelle1" table:style-name="Tabelle1">
   <table:table-column table:style-name="Tabelle1.A"/>
   <table:table-column table:style-name="Tabelle1.B"/>
   <table:table-header-rows>
    <table:table-row>
     <table:table-cell table:value-type="string">
      <text:p text:style-name="Paragraph"><draw:image draw:name="Icon0" svg:desc="Icon" svg:pixelx="25" svg:pixely="25" svg:width="0.661cm" svg:height="0.661cm" xlink:href="65891" draw:filter-name=""/></text:p>

     </table:table-cell>
     <table:table-cell table:value-type="string">
      <text:p text:style-name="Paragraph"><help:paragraphinfo state="U" number="3"/>Form</text:p>
     </table:table-cell>
    </table:table-row>
   </table:table-header-rows>
  </table:table>
  <help:paragraphinfo state="E"/></help:to-be-embedded>
  <text:p text:style-name="Paragraph"><help:paragraphinfo state="U" number="44"/>The form functions are available in text, HTML, table, presentation or drawing documents of <help:productname>%PRODUCTNAME</help:productname>. Form functions offer, for example, text fields where a user can enter text or buttons that initiate a certain action. These form functions are called <help:link Id="66036" Eid="kontrollfelder">Controls</help:link> in <help:productname>%PRODUCTNAME</help:productname>.</text:p>
  <text:p text:style-name="Paragraph"><help:paragraphinfo state="U" number="45"/>A form is designed by inserting the controls into the document and defining their properties. Forms can also be linked to a database. The controls can then display data from a database or you can use them to edit and enter data of the database.</text:p>
  <text:p text:style-name="Paragraph"><help:paragraphinfo state="U" number="46"/>When designing a Web page, you can create forms as HTML documents. These HTML forms can be used for data to be sent over the Internet.</text:p>
  <table:table table:name="Tabelle21" table:style-name="Tabelle21">
   <table:table-column table:style-name="Tabelle21.A"/>
   <table:table-column table:style-name="Tabelle21.B"/>
   <table:table-header-rows>
    <table:table-row table:style-name="Tabelle21.1">
     <table:table-cell table:style-name="Tabelle21.A1" table:value-type="string">
      <text:p text:style-name="Paragraph"><draw:image draw:name="Icon1" svg:desc="Note Icon" svg:pixelx="32" svg:pixely="32" svg:width="0.847cm" svg:height="0.847cm" xlink:href="65980" draw:filter-name=""/></text:p>

     </table:table-cell>
     <table:table-cell table:style-name="Tabelle21.A1" table:value-type="string">
      <text:p text:style-name="Paragraph"><help:paragraphinfo state="U" number="47"/>If you create a HTML form, only form properties that are supported by the chosen HTML version can be exported. You select the HTML version for export by choosing <text:span text:style-name="T1">Tools - Options - Load/Save - HTML Compatibility</text:span>.</text:p>
     </table:table-cell>
    </table:table-row>
   </table:table-header-rows>
  </table:table>
  <table:table table:name="Tabelle20" table:style-name="Tabelle20">
   <table:table-column table:style-name="Tabelle20.A"/>
   <table:table-column table:style-name="Tabelle20.B"/>
   <table:table-header-rows>
    <table:table-row table:style-name="Tabelle20.1">
     <table:table-cell table:style-name="Tabelle20.A1" table:value-type="string">
      <text:p text:style-name="Paragraph"><draw:image draw:name="Icon2" svg:desc="Warning Icon" svg:pixelx="32" svg:pixely="32" svg:width="0.847cm" svg:height="0.847cm" xlink:href="65640" draw:filter-name=""/></text:p>

     </table:table-cell>
     <table:table-cell table:style-name="Tabelle20.A1" table:value-type="string">
      <text:p text:style-name="Paragraph"><help:paragraphinfo state="U" number="48"/><help:key-word value="controls; importing and exporting" tag="kw66036_72"/><help:to-be-embedded Eid="formularimexport">The form functions of your current <help:productname>%PRODUCTNAME</help:productname> version are not supported by old versions of StarOffice before 5.0. When importing and exporting older document versions containing control fields, no conversion is performed. Instead of the control field and its properties, only red rectangles are imported and blue rectangles are exported; form properties are lost when importing and exporting.</help:to-be-embedded></text:p>
     </table:table-cell>
    </table:table-row>
   </table:table-header-rows>
  </table:table>
  <text:p text:style-name="Paragraph"><help:paragraphinfo state="U" number="4"/><help:key-word value="inserting; form fields" tag="kw66036_71"/><help:key-word value="form fields; inserting" tag="kw66036_70"/>To insert a specific form function into the document, click the corresponding icon on the floating toolbar. The mouse pointer then indicates with crosshairs that you can drag the object open in the document. In order to create a square control field, press the Shift key while dragging.</text:p>
  <table:table table:name="Tabelle27" table:style-name="Tabelle27">
   <table:table-column table:style-name="Tabelle27.A"/>
   <table:table-column table:style-name="Tabelle27.B"/>
   <table:table-header-rows>
    <table:table-row table:style-name="Tabelle27.1">
     <table:table-cell table:style-name="Tabelle27.A1" table:value-type="string">
      <text:p text:style-name="Paragraph"><draw:image draw:name="Icon3" svg:desc="Tip Icon" svg:pixelx="32" svg:pixely="32" svg:width="0.847cm" svg:height="0.847cm" xlink:href="66732" draw:filter-name=""/></text:p>

     </table:table-cell>
     <table:table-cell table:style-name="Tabelle27.A1" table:value-type="string">
      <text:p text:style-name="Paragraph"><help:paragraphinfo state="U" number="78"/>If you want to insert fields from the field list of a table or from a query into the form, drag them from the open table or query into the form. In text documents, a field is inserted when you drag and drop a column head. When you hold the <help:switch select="System"><help:case select ="MAC">Command</help:case><help:default>Ctrl</help:default></help:switch>+Shift key down while dropping a column head, you create a group that consists of a form control and a label.</text:p>
     </table:table-cell>
    </table:table-row>
   </table:table-header-rows>
  </table:table>
  <text:p text:style-name="Paragraph"><help:paragraphinfo state="U" number="5"/>After you have inserted a form control into the document, you can edit its properties. Select the control and click the <text:span text:style-name="T1">Control Properties</text:span> icon or choose the <text:span text:style-name="T1">Control</text:span> context menu command. A dialog appears where you can define the properties.</text:p>
  <text:p text:style-name="Paragraph"><help:paragraphinfo state="U" number="163"/><help:key-word value="mnemonics; in controls" tag="kw66036_69"/>To define one character of the label as a mnemonic, so the user can quickly access this control by pressing the character on the keyboard, insert a tilde (~) character in front of the character in the label.</text:p>
  <text:p text:style-name="Paragraph"><help:paragraphinfo state="U" number="135"/>You can copy controls from one document to another by using drag-and-drop, or by first copying them into the clipboard and then pasting them into the new document. At the same time <help:productname>%PRODUCTNAME</help:productname> analyzes the three properties; &quot;data source&quot;, &quot;content type&quot; and &quot;content&quot; from the <text:span text:style-name="T1">Form properties - Data</text:span> tab page so that it can be inserted in the correct position in the logical form structure of the target document. A control, which shows contents from the address book, for example, will still show address book contents after it has been copied into the target document. The control will be inserted into the form structure of the target document or the latter will be created.</text:p>
  <text:p text:style-name="Paragraph"><help:paragraphinfo state="U" number="69"/><a name="kontrollfelder"/>The following control fields exist:</text:p>
  <text:p text:style-name="Head 2"><help:paragraphinfo state="U" number="6"/><help:help-id value="SID_FM_PUSHBUTTON"/><help:key-word value="command buttons; form functions" tag="kw66036_68"/><help:key-word value="buttons; form functions" tag="kw66036_67"/><help:key-word value="push buttons; form functions" tag="kw66036_66"/><help:key-word value="controls; buttons" tag="kw66036_65"/>Push Button</text:p>
  <table:table table:name="Tabelle2" table:style-name="Tabelle2">
   <table:table-column table:style-name="Tabelle2.A"/>
   <table:table-column table:style-name="Tabelle2.B"/>
   <table:table-header-rows>
    <table:table-row>
     <table:table-cell table:value-type="string">
      <text:p text:style-name="Paragraph"><draw:image draw:name="Icon4" svg:desc="Icon" svg:pixelx="25" svg:pixely="25" svg:width="0.661cm" svg:height="0.661cm" xlink:href="65740" draw:filter-name=""/></text:p>

     </table:table-cell>
     <table:table-cell table:value-type="string">
      <text:p text:style-name="Paragraph"><help:paragraphinfo state="U" number="7"/><help:help-text value="visible">Creates a push button.</help:help-text> This function can be used to execute a command for a defined event, such as a mouse click.</text:p>
      <text:p text:style-name="Paragraph"><help:paragraphinfo state="U" number="138"/>You can apply text and graphics to these buttons.</text:p>
     </table:table-cell>
    </table:table-row>
   </table:table-header-rows>
  </table:table>
  <text:p text:style-name="Head 2"><help:paragraphinfo state="U" number="8"/><help:help-id value="SID_FM_RADIOBUTTON"/><help:key-word value="option buttons; form functions" tag="kw66036_64"/><help:key-word value="radio buttons; form functions" tag="kw66036_63"/><help:key-word value="option fields; form functions" tag="kw66036_62"/><help:key-word value="controls; option field" tag="kw66036_61"/>Option Button</text:p>
  <table:table table:name="Tabelle3" table:style-name="Tabelle3">
   <table:table-column table:style-name="Tabelle3.A"/>
   <table:table-column table:style-name="Tabelle3.B"/>
   <table:table-header-rows>
    <table:table-row>
     <table:table-cell table:value-type="string">
      <text:p text:style-name="Paragraph"><draw:image draw:name="Icon5" svg:desc="Icon" svg:pixelx="25" svg:pixely="25" svg:width="0.661cm" svg:height="0.661cm" xlink:href="66218" draw:filter-name=""/></text:p>

     </table:table-cell>
     <table:table-cell table:value-type="string">
      <text:p text:style-name="Paragraph"><help:paragraphinfo state="U" number="9"/><help:help-text value="visible">Creates an option button.</help:help-text> Option buttons enable the user to choose one of several options. Option buttons with the same functionality are given the same name (<help:link Id="65921" Eid="name"><text:span text:style-name="T1">Name</text:span></help:link> <text:span text:style-name="T1">property</text:span>). Normally, they are given a <help:link Id="66036" Eid="gruppierungsrahmen">group box</help:link>.</text:p>
     </table:table-cell>
    </table:table-row>
   </table:table-header-rows>
  </table:table>
  <text:p text:style-name="Head 2"><help:paragraphinfo state="U" number="10"/><help:help-id value="SID_FM_CHECKBOX"/><help:key-word value="check boxes; form functions" tag="kw66036_60"/><help:key-word value="form functions; check boxes" tag="kw66036_59"/>Check Box</text:p>
  <table:table table:name="Tabelle4" table:style-name="Tabelle4">
   <table:table-column table:style-name="Tabelle4.A"/>
   <table:table-column table:style-name="Tabelle4.B"/>
   <table:table-header-rows>
    <table:table-row>
     <table:table-cell table:value-type="string">
      <text:p text:style-name="Paragraph"><draw:image draw:name="Icon6" svg:desc="Icon" svg:pixelx="25" svg:pixely="25" svg:width="0.661cm" svg:height="0.661cm" xlink:href="66135" draw:filter-name=""/></text:p>

     </table:table-cell>
     <table:table-cell table:value-type="string">
      <text:p text:style-name="Paragraph"><help:paragraphinfo state="U" number="11"/><help:help-text value="visible">Creates a check box.</help:help-text> Check boxes allow you to activate or deactivate a function in a form.</text:p>
     </table:table-cell>
    </table:table-row>
   </table:table-header-rows>
  </table:table>
  <text:p text:style-name="Head 2"><help:paragraphinfo state="U" number="12"/><help:help-id value="SID_FM_FIXEDTEXT"/><help:key-word value="labels; form functions" tag="kw66036_58"/><help:key-word value="fixed text; form functions" tag="kw66036_57"/><help:key-word value="form functions; labels" tag="kw66036_56"/><help:key-word value="controls; labels" tag="kw66036_55"/>Label Field</text:p>
  <table:table table:name="Tabelle5" table:style-name="Tabelle5">
   <table:table-column table:style-name="Tabelle5.A"/>
   <table:table-column table:style-name="Tabelle5.B"/>
   <table:table-header-rows>
    <table:table-row>
     <table:table-cell table:value-type="string">
      <text:p text:style-name="Paragraph"><draw:image draw:name="Icon7" svg:desc="Icon" svg:pixelx="25" svg:pixely="25" svg:width="0.661cm" svg:height="0.661cm" xlink:href="65706" draw:filter-name=""/></text:p>

     </table:table-cell>
     <table:table-cell table:value-type="string">
      <text:p text:style-name="Paragraph"><help:paragraphinfo state="U" number="13"/><help:help-text value="visible">Creates a field for displaying text.</help:help-text> These labels are only for displaying predefined text. Entries cannot be made in these fields.</text:p>
     </table:table-cell>
    </table:table-row>
   </table:table-header-rows>
  </table:table>
  <text:p text:style-name="Head 2"><help:paragraphinfo state="U" number="14"/><help:help-id value="SID_FM_GROUPBOX"/><a name="gruppierungsrahmen"/><help:key-word value="form functions; group boxes" tag="kw66036_54"/><help:key-word value="group boxes; form functions" tag="kw66036_53"/><help:key-word value="controls; group boxes" tag="kw66036_52"/>Group Box</text:p>
  <table:table table:name="Tabelle6" table:style-name="Tabelle6">
   <table:table-column table:style-name="Tabelle6.A"/>
   <table:table-column table:style-name="Tabelle6.B"/>
   <table:table-header-rows>
    <table:table-row>
     <table:table-cell table:value-type="string">
      <text:p text:style-name="Paragraph"><draw:image draw:name="Icon8" svg:desc="Icon" svg:pixelx="25" svg:pixely="25" svg:width="0.661cm" svg:height="0.661cm" xlink:href="65902" draw:filter-name=""/></text:p>

     </table:table-cell>
     <table:table-cell table:value-type="string">
      <text:p text:style-name="Paragraph"><help:paragraphinfo state="U" number="15"/><help:help-text value="visible">Creates a frame to visually group several controls.</help:help-text> Group boxes allow you to group option buttons in a frame.</text:p>
      <text:p text:style-name="Paragraph"><help:paragraphinfo state="U" number="72"/>If you insert a group frame into the document, the <help:link Id="66124">AutoPilot Group Element</help:link> starts, which allows you to easily create an option group.</text:p>
     </table:table-cell>
    </table:table-row>
   </table:table-header-rows>
  </table:table>
  <text:p text:style-name="Paragraph"><help:paragraphinfo state="U" number="65"/><text:span text:style-name="T1">Note:</text:span> When you drag a group box over already existing controls and then want to select a control, you have to first open the context menu of the group box and choose <text:span text:style-name="T1">Arrange - Send to Back</text:span>. Then select the control while pressing <help:switch select="System"><help:case select ="MAC">Command</help:case><help:default>Ctrl</help:default></help:switch>.</text:p>
  <table:table table:name="Tabelle24" table:style-name="Tabelle24">
   <table:table-column table:style-name="Tabelle24.A"/>
   <table:table-column table:style-name="Tabelle24.B"/>
   <table:table-header-rows>
    <table:table-row table:style-name="Tabelle24.1">
     <table:table-cell table:style-name="Tabelle24.A1" table:value-type="string">
      <text:p text:style-name="Paragraph"><draw:image draw:name="Icon9" svg:desc="Note Icon" svg:pixelx="32" svg:pixely="32" svg:width="0.847cm" svg:height="0.847cm" xlink:href="65980" draw:filter-name=""/></text:p>

     </table:table-cell>
     <table:table-cell table:style-name="Tabelle24.A1" table:value-type="string">
      <text:p text:style-name="Paragraph"><help:paragraphinfo state="U" number="66"/>Group boxes are used only for a visual effect. A functional grouping of option fields can be made through the name definition: under the <help:link Id="65921" Eid="name"><text:span text:style-name="T1">Name</text:span></help:link> properties of all option fields, enter the same name in order to group them.</text:p>
     </table:table-cell>
    </table:table-row>
   </table:table-header-rows>
  </table:table>
  <text:p text:style-name="Head 2"><help:paragraphinfo state="U" number="16"/><help:help-id value="SID_FM_EDIT"/><help:key-word value="text boxes; form functions" tag="kw66036_51"/><help:key-word value="form functions; text box" tag="kw66036_50"/><help:key-word value="controls; text box" tag="kw66036_49"/>Text Box</text:p>
  <table:table table:name="Tabelle7" table:style-name="Tabelle7">
   <table:table-column table:style-name="Tabelle7.A"/>
   <table:table-column table:style-name="Tabelle7.B"/>
   <table:table-header-rows>
    <table:table-row>
     <table:table-cell table:value-type="string">
      <text:p text:style-name="Paragraph"><draw:image draw:name="Icon10" svg:desc="Icon" svg:pixelx="25" svg:pixely="25" svg:width="0.661cm" svg:height="0.661cm" xlink:href="66724" draw:filter-name=""/></text:p>

     </table:table-cell>
     <table:table-cell table:value-type="string">
      <text:p text:style-name="Paragraph"><help:paragraphinfo state="U" number="17"/><help:help-text value="visible">Creates a text box.</help:help-text> Text boxes are fields in which the user can enter text. In a form, text boxes display data or allow for new data input.</text:p>
     </table:table-cell>
    </table:table-row>
   </table:table-header-rows>
  </table:table>
  <text:p text:style-name="Head 2"><help:paragraphinfo state="U" number="18"/><help:help-id value="SID_FM_LISTBOX"/><help:key-word value="form functions; list box" tag="kw66036_48"/><help:key-word value="list boxes; form functions" tag="kw66036_47"/><help:key-word value="picklists; form functions" tag="kw66036_46"/><help:key-word value="dropdown lists; form functions" tag="kw66036_45"/><help:key-word value="controls; list box" tag="kw66036_44"/>List Box</text:p>
  <table:table table:name="Tabelle8" table:style-name="Tabelle8">
   <table:table-column table:style-name="Tabelle8.A"/>
   <table:table-column table:style-name="Tabelle8.B"/>
   <table:table-header-rows>
    <table:table-row>
     <table:table-cell table:value-type="string">
      <text:p text:style-name="Paragraph"><draw:image draw:name="Icon11" svg:desc="Icon" svg:pixelx="25" svg:pixely="25" svg:width="0.661cm" svg:height="0.661cm" xlink:href="66117" draw:filter-name=""/></text:p>

     </table:table-cell>
     <table:table-cell table:value-type="string">
      <text:p text:style-name="Paragraph"><help:paragraphinfo state="U" number="19"/><help:help-text value="visible">Creates a list box.</help:help-text> A list box lets users select an entry from a list. If the form is linked to a database and the database connection is active, the<help:link Id="65956"> <text:span text:style-name="T1">AutoPilot List Box</text:span></help:link> will automatically appear after the list box is inserted in the document. This AutoPilot helps you create the list box.</text:p>
     </table:table-cell>
    </table:table-row>
   </table:table-header-rows>
  </table:table>
  <text:p text:style-name="Head 2"><help:paragraphinfo state="U" number="20"/><help:help-id value="SID_FM_COMBOBOX"/><help:key-word value="combo boxes; form functions" tag="kw66036_43"/><help:key-word value="form functions; combo box" tag="kw66036_42"/><help:key-word value="controls; combo box" tag="kw66036_41"/>Combo Box</text:p>
  <table:table table:name="Tabelle9" table:style-name="Tabelle9">
   <table:table-column table:style-name="Tabelle9.A"/>
   <table:table-column table:style-name="Tabelle9.B"/>
   <table:table-header-rows>
    <table:table-row>
     <table:table-cell table:value-type="string">
      <text:p text:style-name="Paragraph"><draw:image draw:name="Icon12" svg:desc="Icon" svg:pixelx="25" svg:pixely="25" svg:width="0.661cm" svg:height="0.661cm" xlink:href="66048" draw:filter-name=""/></text:p>

     </table:table-cell>
     <table:table-cell table:value-type="string">
      <text:p text:style-name="Paragraph"><help:paragraphinfo state="U" number="21"/><help:help-text value="visible">Creates a combo box.</help:help-text> A combo box is a single-line list box with a drop-down list from which users choose an option. You can assign the &quot;read-only&quot; property to the combo box so that users cannot enter other entries than those found in the list. If the form is bound to a database and the database connection is active, the <help:link Id="65956"><text:span text:style-name="T1">Combo Box AutoPilot</text:span></help:link> will automatically appear after you insert the combo box in the document.</text:p>
     </table:table-cell>
    </table:table-row>
   </table:table-header-rows>
  </table:table>
  <text:p text:style-name="Head 2"><help:paragraphinfo state="U" number="22"/><help:help-id value="SID_FM_IMAGEBUTTON"/><help:key-word value="form functions; image buttons" tag="kw66036_40"/><help:key-word value="image buttons; form functions" tag="kw66036_39"/><help:key-word value="controls; image buttons" tag="kw66036_38"/>Image Button</text:p>
  <table:table table:name="Tabelle10" table:style-name="Tabelle10">
   <table:table-column table:style-name="Tabelle10.A"/>
   <table:table-column table:style-name="Tabelle10.B"/>
   <table:table-header-rows>
    <table:table-row>
     <table:table-cell table:value-type="string">
      <text:p text:style-name="Paragraph"><draw:image draw:name="Icon13" svg:desc="Icon" svg:pixelx="25" svg:pixely="25" svg:width="0.661cm" svg:height="0.661cm" xlink:href="65992" draw:filter-name=""/></text:p>

     </table:table-cell>
     <table:table-cell table:value-type="string">
      <text:p text:style-name="Paragraph"><help:paragraphinfo state="U" number="23"/><help:help-text value="visible">Creates a button displayed as an image.</help:help-text> Aside from the graphic representation, an image button has the same properties as a &quot;normal&quot; button.</text:p>
     </table:table-cell>
    </table:table-row>
   </table:table-header-rows>
  </table:table>
  <text:p text:style-name="Head 2"><help:paragraphinfo state="U" number="49"/><help:help-id value="SID_FM_IMAGECONTROL"/><a name="grafischeskontrollfeld"/><help:key-word value="image controls; form functions" tag="kw66036_37"/><help:key-word value="form functions; image controls" tag="kw66036_36"/><help:key-word value="controls; image controls" tag="kw66036_35"/>Image Control</text:p>
  <table:table table:name="Tabelle19" table:style-name="Tabelle19">
   <table:table-column table:style-name="Tabelle19.A"/>
   <table:table-column table:style-name="Tabelle19.B"/>
   <table:table-header-rows>
    <table:table-row>
     <table:table-cell table:value-type="string">
      <text:p text:style-name="Paragraph"><draw:image draw:name="Icon14" svg:desc="Icon" svg:pixelx="25" svg:pixely="25" svg:width="0.661cm" svg:height="0.661cm" xlink:href="65941" draw:filter-name=""/></text:p>

     </table:table-cell>
     <table:table-cell table:value-type="string">
      <text:p text:style-name="Paragraph"><help:paragraphinfo state="U" number="50"/><help:help-text value="visible">Creates an image control. It can only be used to add images from a database.</help:help-text> In the form document, double-click one of these controls to open the <text:span text:style-name="T1">Insert Graphic</text:span> dialog to insert the image. There is also a context menu (not in design mode) with commands for inserting and deleting the image.</text:p>
      <text:p text:style-name="Paragraph"><help:paragraphinfo state="U" number="70"/>Images from a database can be displayed in a form, and new images can be inserted in the database as long as the image control is not write-protected. The control must refer to a database field of the image type. Therefore, enter the data field into the properties window on the <text:span text:style-name="T1">Data</text:span> tab page.</text:p>
     </table:table-cell>
    </table:table-row>
   </table:table-header-rows>
  </table:table>
  <text:p text:style-name="Head 2"><help:paragraphinfo state="U" number="27"/><help:help-id value="SID_FM_FILECONTROL"/><help:key-word value="form functions; file selection" tag="kw66036_34"/><help:key-word value="file selections; form functions" tag="kw66036_33"/><help:key-word value="controls; file selection" tag="kw66036_32"/>File Selection</text:p>
  <table:table table:name="Tabelle11" table:style-name="Tabelle11">
   <table:table-column table:style-name="Tabelle11.A"/>
   <table:table-column table:style-name="Tabelle11.B"/>
   <table:table-header-rows>
    <table:table-row>
     <table:table-cell table:value-type="string">
      <text:p text:style-name="Paragraph"><draw:image draw:name="Icon15" svg:desc="Icon" svg:pixelx="25" svg:pixely="25" svg:width="0.661cm" svg:height="0.661cm" xlink:href="65758" draw:filter-name=""/></text:p>

     </table:table-cell>
     <table:table-cell table:value-type="string">
      <text:p text:style-name="Paragraph"><help:paragraphinfo state="U" number="28"/><help:help-text value="visible">Creates a button that enables file selection.</help:help-text></text:p>
     </table:table-cell>
    </table:table-row>
   </table:table-header-rows>
  </table:table>
  <text:p text:style-name="Head 2"><help:paragraphinfo state="U" number="29"/><help:help-id value="SID_FM_DATEFIELD"/><help:key-word value="form functions; date fields" tag="kw66036_31"/><help:key-word value="date fields; form functions" tag="kw66036_30"/><help:key-word value="controls; date fields" tag="kw66036_29"/>Date Field</text:p>
  <table:table table:name="Tabelle12" table:style-name="Tabelle12">
   <table:table-column table:style-name="Tabelle12.A"/>
   <table:table-column table:style-name="Tabelle12.B"/>
   <table:table-header-rows>
    <table:table-row>
     <table:table-cell table:value-type="string">
      <text:p text:style-name="Paragraph"><draw:image draw:name="Icon16" svg:desc="Icon" svg:pixelx="25" svg:pixely="25" svg:width="0.661cm" svg:height="0.661cm" xlink:href="65757" draw:filter-name=""/></text:p>

     </table:table-cell>
     <table:table-cell table:value-type="string">
      <text:p text:style-name="Paragraph"><help:paragraphinfo state="U" number="30"/><help:help-text value="visible">Creates a date field.</help:help-text> If the form is linked to a database, the date values can be adopted from the database.</text:p>
     </table:table-cell>
    </table:table-row>
   </table:table-header-rows>
  </table:table>
  <text:p text:style-name="Paragraph"><help:paragraphinfo state="U" number="131"/>If you assign the &quot;Dropdown&quot; property to the date field, the user can open a calendar to select a date under the date field. This also applies to a date field within a Table Control field.</text:p>
  <table:table table:name="Tabelle22" table:style-name="Tabelle22">
   <table:table-column table:style-name="Tabelle22.A"/>
   <table:table-column table:style-name="Tabelle22.B"/>
   <table:table-header-rows>
    <table:table-row table:style-name="Tabelle22.1">
     <table:table-cell table:style-name="Tabelle22.A1" table:value-type="string">
      <text:p text:style-name="Paragraph"><draw:image draw:name="Icon17" svg:desc="Tip Icon" svg:pixelx="32" svg:pixely="32" svg:width="0.847cm" svg:height="0.847cm" xlink:href="66732" draw:filter-name=""/></text:p>

     </table:table-cell>
     <table:table-cell table:style-name="Tabelle22.A1" table:value-type="string">
      <text:p text:style-name="Paragraph"><help:paragraphinfo state="U" number="63"/>Date fields can be easily edited by the user with the up arrow and down arrow keys. Depending on the cursor position, the day, month, or the year is can be increased or decreased using the arrow keys.</text:p>
     </table:table-cell>
    </table:table-row>
   </table:table-header-rows>
  </table:table>
  <text:p text:style-name="Paragraph"><help:paragraphinfo state="U" number="132"/><help:link Id="66031">Specific Remarks on Date Fields</help:link>.</text:p>
  <text:p text:style-name="Head 2"><help:paragraphinfo state="U" number="31"/><help:help-id value="SID_FM_TIMEFIELD"/><help:key-word value="form functions; time fields" tag="kw66036_28"/><help:key-word value="time fields; form functions" tag="kw66036_27"/><help:key-word value="controls; time fields" tag="kw66036_26"/>Time Field</text:p>
  <table:table table:name="Tabelle13" table:style-name="Tabelle13">
   <table:table-column table:style-name="Tabelle13.A"/>
   <table:table-column table:style-name="Tabelle13.B"/>
   <table:table-header-rows>
    <table:table-row>
     <table:table-cell table:value-type="string">
      <text:p text:style-name="Paragraph"><draw:image draw:name="Icon18" svg:desc="Icon" svg:pixelx="25" svg:pixely="25" svg:width="0.661cm" svg:height="0.661cm" xlink:href="65760" draw:filter-name=""/></text:p>

     </table:table-cell>
     <table:table-cell table:value-type="string">
      <text:p text:style-name="Paragraph"><help:paragraphinfo state="U" number="32"/><help:help-text value="visible">Creates a time field.</help:help-text> If the form is linked to a database, the time values for the form can be adopted from the database.</text:p>
     </table:table-cell>
    </table:table-row>
   </table:table-header-rows>
  </table:table>
  <table:table table:name="Tabelle23" table:style-name="Tabelle23">
   <table:table-column table:style-name="Tabelle23.A"/>
   <table:table-column table:style-name="Tabelle23.B"/>
   <table:table-header-rows>
    <table:table-row table:style-name="Tabelle23.1">
     <table:table-cell table:style-name="Tabelle23.A1" table:value-type="string">
      <text:p text:style-name="Paragraph"><draw:image draw:name="Icon19" svg:desc="Tip Icon" svg:pixelx="32" svg:pixely="32" svg:width="0.847cm" svg:height="0.847cm" xlink:href="66732" draw:filter-name=""/></text:p>

     </table:table-cell>
     <table:table-cell table:style-name="Tabelle23.A1" table:value-type="string">
      <text:p text:style-name="Paragraph"><help:paragraphinfo state="U" number="64"/>Time fields can be easily edited by the user with the up and down arrow keys. Depending on the cursor position, the hours, minutes, or the seconds are increased or decreased using the arrow keys.</text:p>
     </table:table-cell>
    </table:table-row>
   </table:table-header-rows>
  </table:table>
  <text:p text:style-name="Head 2"><help:paragraphinfo state="U" number="33"/><help:help-id value="SID_FM_NUMERICFIELD"/><help:key-word value="form functions; numerical fields" tag="kw66036_25"/><help:key-word value="numerical fields; form functions" tag="kw66036_24"/><help:key-word value="controls; numerical fields" tag="kw66036_23"/>Numerical Field</text:p>
  <table:table table:name="Tabelle14" table:style-name="Tabelle14">
   <table:table-column table:style-name="Tabelle14.A"/>
   <table:table-column table:style-name="Tabelle14.B"/>
   <table:table-header-rows>
    <table:table-row>
     <table:table-cell table:value-type="string">
      <text:p text:style-name="Paragraph"><draw:image draw:name="Icon20" svg:desc="Icon" svg:pixelx="25" svg:pixely="25" svg:width="0.661cm" svg:height="0.661cm" xlink:href="66193" draw:filter-name=""/></text:p>

     </table:table-cell>
     <table:table-cell table:value-type="string">
      <text:p text:style-name="Paragraph"><help:paragraphinfo state="U" number="34"/><help:help-text value="visible">Creates a numerical field.</help:help-text> If the form is linked to a database, the numerical values in the form can be adopted from the database.</text:p>
     </table:table-cell>
    </table:table-row>
   </table:table-header-rows>
  </table:table>
  <text:p text:style-name="Head 2"><help:paragraphinfo state="U" number="124"/><help:help-id value="SID_FM_FORMATTEDFIELD"/><help:key-word value="form functions; formatted fields" tag="kw66036_22"/><help:key-word value="formatted fields; form functions" tag="kw66036_21"/><help:key-word value="controls; formatted fields" tag="kw66036_20"/>Formatted Field</text:p>
  <table:table table:name="Tabelle28" table:style-name="Tabelle28">
   <table:table-column table:style-name="Tabelle28.A"/>
   <table:table-column table:style-name="Tabelle28.B"/>
   <table:table-header-rows>
    <table:table-row>
     <table:table-cell table:value-type="string">
      <text:p text:style-name="Paragraph"><draw:image draw:name="Icon21" svg:desc="Icon" svg:pixelx="25" svg:pixely="25" svg:width="0.661cm" svg:height="0.661cm" xlink:href="65889" draw:filter-name=""/></text:p>

     </table:table-cell>
     <table:table-cell table:value-type="string">
      <text:p text:style-name="Paragraph"><help:paragraphinfo state="U" number="125"/><help:help-text value="visible">Creates a formatted field.</help:help-text> A formatted field is a text box in which you can define how the inputs and outputs are formatted, and which limiting values apply.</text:p>
     </table:table-cell>
    </table:table-row>
   </table:table-header-rows>
  </table:table>
  <text:p text:style-name="Paragraph"><help:paragraphinfo state="U" number="126"/>A formatted field has <help:link Id="65939">special control properties</help:link> (choose <text:span text:style-name="T1">Format - Control</text:span>).</text:p>
  <text:p text:style-name="Head 2"><help:paragraphinfo state="U" number="35"/><help:help-id value="SID_FM_CURRENCYFIELD"/><help:key-word value="form functions; currency fields" tag="kw66036_19"/><help:key-word value="currency fields; form functions" tag="kw66036_18"/><help:key-word value="controls; currency fields" tag="kw66036_17"/>Currency Field</text:p>
  <table:table table:name="Tabelle15" table:style-name="Tabelle15">
   <table:table-column table:style-name="Tabelle15.A"/>
   <table:table-column table:style-name="Tabelle15.B"/>
   <table:table-header-rows>
    <table:table-row>
     <table:table-cell table:value-type="string">
      <text:p text:style-name="Paragraph"><draw:image draw:name="Icon22" svg:desc="Icon" svg:pixelx="25" svg:pixely="25" svg:width="0.661cm" svg:height="0.661cm" xlink:href="65933" draw:filter-name=""/></text:p>

     </table:table-cell>
     <table:table-cell table:value-type="string">
      <text:p text:style-name="Paragraph"><help:paragraphinfo state="U" number="36"/><help:help-text value="visible">Creates a currency field.</help:help-text> If the form is linked to a database, the currency field contents for in the form can be adopted from the database.</text:p>
     </table:table-cell>
    </table:table-row>
   </table:table-header-rows>
  </table:table>
  <text:p text:style-name="Head 2"><help:paragraphinfo state="U" number="37"/><help:help-id value="SID_FM_PATTERNFIELD"/><help:key-word value="form functions; pattern fields" tag="kw66036_16"/><help:key-word value="pattern fields; form functions" tag="kw66036_15"/><help:key-word value="controls; pattern fields" tag="kw66036_14"/>Pattern Field</text:p>
  <table:table table:name="Tabelle16" table:style-name="Tabelle16">
   <table:table-column table:style-name="Tabelle16.A"/>
   <table:table-column table:style-name="Tabelle16.B"/>
   <table:table-header-rows>
    <table:table-row>
     <table:table-cell table:value-type="string">
      <text:p text:style-name="Paragraph"><draw:image draw:name="Icon23" svg:desc="Icon" svg:pixelx="25" svg:pixely="25" svg:width="0.661cm" svg:height="0.661cm" xlink:href="66136" draw:filter-name=""/></text:p>

     </table:table-cell>
     <table:table-cell table:value-type="string">
      <text:p text:style-name="Paragraph"><help:paragraphinfo state="U" number="38"/><help:help-text value="visible">Creates a pattern field.</help:help-text> Pattern fields consist of an edit mask and a literal mask. The edit mask determines which data can be entered. The literal mask determines the contents of the pattern field when loading the form.</text:p>
     </table:table-cell>
    </table:table-row>
   </table:table-header-rows>
  </table:table>
  <table:table table:name="Tabelle25" table:style-name="Tabelle25">
   <table:table-column table:style-name="Tabelle25.A"/>
   <table:table-column table:style-name="Tabelle25.B"/>
   <table:table-header-rows>
    <table:table-row table:style-name="Tabelle25.1">
     <table:table-cell table:style-name="Tabelle25.A1" table:value-type="string">
      <text:p text:style-name="Paragraph"><draw:image draw:name="Icon24" svg:desc="Note Icon" svg:pixelx="32" svg:pixely="32" svg:width="0.847cm" svg:height="0.847cm" xlink:href="65980" draw:filter-name=""/></text:p>

     </table:table-cell>
     <table:table-cell table:style-name="Tabelle25.A1" table:value-type="string">
      <text:p text:style-name="Paragraph"><help:paragraphinfo state="U" number="67"/>Please note that pattern fields are not exported into HTML format.</text:p>
     </table:table-cell>
    </table:table-row>
   </table:table-header-rows>
  </table:table>
  <text:p text:style-name="Head 2"><help:paragraphinfo state="U" number="39"/><help:help-id value="SID_FM_DBGRID"/><help:key-word value="form functions; table controls" tag="kw66036_13"/><help:key-word value="table controls; form functions" tag="kw66036_12"/><help:key-word value="grid controls; form functions" tag="kw66036_11"/><help:key-word value="controls; table controls" tag="kw66036_10"/>Table Control</text:p>
  <table:table table:name="Tabelle18" table:style-name="Tabelle18">
   <table:table-column table:style-name="Tabelle18.A"/>
   <table:table-column table:style-name="Tabelle18.B"/>
   <table:table-header-rows>
    <table:table-row>
     <table:table-cell table:value-type="string">
      <text:p text:style-name="Paragraph"><draw:image draw:name="Icon25" svg:desc="Icon" svg:pixelx="25" svg:pixely="25" svg:width="0.661cm" svg:height="0.661cm" xlink:href="66700" draw:filter-name=""/></text:p>

     </table:table-cell>
     <table:table-cell table:value-type="string">
      <text:p text:style-name="Paragraph"><help:paragraphinfo state="U" number="40"/><help:help-text value="visible">Creates a control field for a database table.</help:help-text> If you create a new table control field, the <help:link Id="65918">AutoPilot Table Element</help:link> will automatically appear. This dialog will help you create the control field.</text:p>
      <text:p text:style-name="Paragraph"><help:paragraphinfo state="U" number="61"/>The table control field is a tabular view of a database form. If you link the form with a database, the table control field can display the data of the data source. You can work with this control field the same way as with the data source view, and can enter, delete, and edit data.</text:p>
     </table:table-cell>
    </table:table-row>
   </table:table-header-rows>
  </table:table>
  <text:p text:style-name="Paragraph"><help:paragraphinfo state="U" number="133"/><help:link Id="65924">Special Information about Table Controls</help:link>.</text:p>
  <text:p text:style-name="Head 2"><help:paragraphinfo state="U" number="24"/><a name="edit"/><help:key-word value="form functions; selection" tag="kw66036_9"/><help:key-word value="selections; form functions" tag="kw66036_8"/><help:key-word value="controls; selection" tag="kw66036_7"/>Selection</text:p>
  <table:table table:name="Tabelle17" table:style-name="Tabelle17">
   <table:table-column table:style-name="Tabelle17.A"/>
   <table:table-column table:style-name="Tabelle17.B"/>
   <table:table-header-rows>
    <table:table-row>
     <table:table-cell table:value-type="string">
      <text:p text:style-name="Paragraph"><draw:image draw:name="Icon26" svg:desc="Icon" svg:pixelx="25" svg:pixely="25" svg:width="0.661cm" svg:height="0.661cm" xlink:href="65688" draw:filter-name=""/></text:p>

     </table:table-cell>
     <table:table-cell table:value-type="string">
      <text:p text:style-name="Paragraph"><help:paragraphinfo state="U" number="25"/><help:help-text value="visible">This icon switches the mouse pointer to the select mode, or deactivates this mode. The select mode is used to select the controls of the current form.</help:help-text></text:p>
     </table:table-cell>
    </table:table-row>
   </table:table-header-rows>
  </table:table>
  <help:paragraphinfo state="E"/><help:embedded Id="65962" Eid="control"></help:embedded>
  <help:paragraphinfo state="E"/><help:embedded Id="65962" Eid="kontroll"></help:embedded>
  <help:paragraphinfo state="E"/><help:embedded Id="65594" Eid="sycontroleigenschaften"></help:embedded>
  <help:paragraphinfo state="E"/><help:embedded Id="65960" Eid="formular"></help:embedded>
  <help:paragraphinfo state="E"/><help:embedded Id="65960" Eid="form"></help:embedded>
  <help:paragraphinfo state="E"/><help:embedded Id="65594" Eid="syformulareigenschaften"></help:embedded>
  <help:paragraphinfo state="E"/><help:embedded Id="66039" Eid="tabordner"></help:embedded>
  <help:paragraphinfo state="E"/><help:embedded Id="66039" Eid="text"></help:embedded>
  <help:paragraphinfo state="E"/><help:embedded Id="65594" Eid="sytabordner"></help:embedded>
  <text:p text:style-name="Head 2"><help:paragraphinfo state="U" number="77"/><help:link Id="66002">Add Field</help:link></text:p>
  <help:paragraphinfo state="E"/><help:embedded Id="66002" Eid="text"></help:embedded>
  <help:paragraphinfo state="E"/><help:embedded Id="65594" Eid="syfeldhinzu"></help:embedded>
  <help:paragraphinfo state="E"/><help:embedded Id="65950" Eid="formex"></help:embedded>
  <help:paragraphinfo state="E"/><help:embedded Id="65594" Eid="syformex"></help:embedded>
  <help:paragraphinfo state="E"/><help:embedded Id="66018" Eid="designmodus"></help:embedded>
  <help:paragraphinfo state="E"/><help:embedded Id="65594" Eid="sydesign"></help:embedded>
  <help:paragraphinfo state="E"/><help:embedded Id="65937" Eid="imentwurfsmodusoeffnen"></help:embedded>
  <help:paragraphinfo state="E"/><help:embedded Id="65594" Eid="syimentwurfsmodusoeffnen"></help:embedded>
  <text:p text:style-name="Head 2"><help:paragraphinfo state="U" number="136"/><help:help-id value="SID_FM_AUTOCONTROLFOCUS"/><help:key-word value="controls; focus" tag="kw66036_6"/><help:key-word value="focus; controls" tag="kw66036_5"/><help:key-word value="forms; focus after opening" tag="kw66036_4"/><help:key-word value="automatic control focus" tag="kw66036_3"/><help:key-word value="automatic focus; controls" tag="kw66036_2"/>Automatic Control Focus</text:p>
  <table:table table:name="Tabelle26" table:style-name="Tabelle26">
   <table:table-column table:style-name="Tabelle26.A"/>
   <table:table-column table:style-name="Tabelle26.B"/>
   <table:table-header-rows>
    <table:table-row>
     <table:table-cell table:value-type="string">
      <text:p text:style-name="Paragraph"><draw:image draw:name="Icon27" svg:desc="Icon" svg:pixelx="25" svg:pixely="25" svg:width="0.661cm" svg:height="0.661cm" xlink:href="65694" draw:filter-name=""/></text:p>

     </table:table-cell>
     <table:table-cell table:value-type="string">
      <text:p text:style-name="Paragraph"><help:paragraphinfo state="U" number="137"/><help:help-text value="visible">If<text:span text:style-name="T1"> Automatic Control Focus </text:span>is activated, the first form control will be selected when you open the document. If the button is not activated, the text will be selected after opening. The <help:link Id="66039" Eid="tabordner">Tab Order</help:link> that you have specified determines which is the first form control.</help:help-text></text:p>
     </table:table-cell>
    </table:table-row>
   </table:table-header-rows>
  </table:table>
  <help:paragraphinfo state="E"/><help:embedded Id="65904" Eid="autopilotenanaus"></help:embedded>
  <help:paragraphinfo state="E"/><help:embedded Id="65594" Eid="syautopilotenanaus"></help:embedded>
  <text:p text:style-name="Head 2"><help:paragraphinfo state="U" number="134"/><help:link Id="65957">Context Menu Commands</help:link></text:p>
 </office:body>
</office:document>
