

<office:document  xmlns:office="http://openoffice.org/2000/office" xmlns:style="http://openoffice.org/2000/style" xmlns:text="http://openoffice.org/2000/text" xmlns:table="http://openoffice.org/2000/table" xmlns:draw="http://openoffice.org/2000/drawing" xmlns:fo="http://www.w3.org/1999/XSL/Format" xmlns:xlink="http://www.w3.org/1999/xlink" xmlns:number="http://openoffice.org/2000/datastyle" xmlns:svg="http://www.w3.org/2000/svg" xmlns:chart="http://openoffice.org/2000/chart" xmlns:dr3d="http://openoffice.org/2000/dr3d" xmlns:math="http://www.w3.org/1998/Math/MathML" xmlns:form="http://openoffice.org/2000/form" xmlns:script="http://openoffice.org/2000/script" office:class="text" office:version="1.0" xmlns:dc="http://purl.org/dc/elements/1.1/" xmlns:meta="http://openoffice.org/2000/meta" xmlns:help="http://openoffice.org/2000/help">
<office:meta>
  <dc:description>text/common/02/09070300</dc:description>
  <dc:subject>Document</dc:subject>

  <dc:language>en-US</dc:language>
  <meta:user-defined meta:name="Info 0">READY</meta:user-defined>
  <meta:user-defined meta:name="Info 1">FREE_OK</meta:user-defined>
  <meta:user-defined meta:name="Info 2"/>
  <meta:user-defined meta:name="Info 3"/>
</office:meta>
 <office:script/>
 <office:font-decls>
  <style:font-decl style:name="StarSymbol" fo:font-family="StarSymbol" style:font-charset="x-symbol"/>
  <style:font-decl style:name="Courier New" fo:font-family="&apos;Courier New&apos;" style:font-style-name="Standard" style:font-family-generic="modern" style:font-pitch="fixed"/>
  <style:font-decl style:name="Courier" fo:font-family="Courier" style:font-family-generic="roman" style:font-pitch="fixed"/>
  <style:font-decl style:name="Arial Unicode MS" fo:font-family="&apos;Arial Unicode MS&apos;" style:font-pitch="variable"/>
  <style:font-decl style:name="HG Mincho Light J" fo:font-family="&apos;HG Mincho Light J&apos;" style:font-pitch="variable"/>
  <style:font-decl style:name="Times New Roman3" fo:font-family="&apos;Times New Roman&apos;" style:font-pitch="variable"/>
  <style:font-decl style:name="Thorndale" fo:font-family="Thorndale" style:font-family-generic="roman" style:font-pitch="variable"/>
  <style:font-decl style:name="Times New Roman2" fo:font-family="&apos;Times New Roman&apos;" style:font-style-name="Fett" style:font-family-generic="roman" style:font-pitch="variable"/>
  <style:font-decl style:name="Times New Roman" fo:font-family="&apos;Times New Roman&apos;" style:font-style-name="Standard" style:font-family-generic="roman" style:font-pitch="variable"/>
  <style:font-decl style:name="Times New Roman1" fo:font-family="&apos;Times New Roman&apos;" style:font-family-generic="swiss" style:font-pitch="variable"/>
 </office:font-decls>
 <office:automatic-styles>
  <style:style style:name="P1" style:family="paragraph" style:parent-style-name="Paragraph" style:master-page-name="HTML">
   <style:properties style:page-number="0"/>
  </style:style>
  <style:style style:name="T1" style:family="text">
   <style:properties fo:font-weight="bold"/>
  </style:style>
 </office:automatic-styles>
 <office:body>
  <text:variable-decls>
   <text:variable-decl text:value-type="string" text:name="HTML_ON"/>
   <text:variable-decl text:value-type="string" text:name="HTML_OFF"/>
   <text:variable-decl text:value-type="string" text:name="TITEL"/>
   <text:variable-decl text:value-type="string" text:name="END"/>
   <text:variable-decl text:value-type="string" text:name="HREF"/>
   <text:variable-decl text:value-type="string" text:name="NAME"/>
   <text:variable-decl text:value-type="string" text:name="MODIFY"/>
   <text:variable-decl text:value-type="string" text:name="REFNR"/>
   <text:variable-decl text:value-type="string" text:name="HelpID"/>
   <text:variable-decl text:value-type="string" text:name="AKTHLP"/>
   <text:variable-decl text:value-type="string" text:name="STYLE"/>
   <text:variable-decl text:value-type="string" text:name="PARAINFO"/>
  </text:variable-decls>
  <text:sequence-decls>
   <text:sequence-decl text:display-outline-level="0" text:name="Illustration"/>
   <text:sequence-decl text:display-outline-level="0" text:name="Table"/>
   <text:sequence-decl text:display-outline-level="0" text:name="Text"/>
   <text:sequence-decl text:display-outline-level="0" text:name="Drawing"/>
  </text:sequence-decls>
  <help:paragraphinfo state="E"/><help:to-be-embedded Eid="dokument">
  <text:p text:style-name="Head 1"><help:paragraphinfo state="U" number="1"/><help:help-id value="HID_HYPERLINK_DOCUMENT"/><help:link Id="66017">Document</help:link></text:p>
  <text:p text:style-name="Paragraph"><help:paragraphinfo state="U" number="2"/>Hyperlinks to any document or targets in documents can be edited using the <text:span text:style-name="T1">Document</text:span> tab from the <help:link Id="65963">Hyperlink dialog</help:link>.</text:p>
  <help:paragraphinfo state="E"/></help:to-be-embedded>
  <help:paragraphinfo state="E"/><help:popup Id="65612" Eid="hypdiadok"><help:embedded Id="65598" Eid="wie"></help:embedded></help:popup>
  <text:p text:style-name="Head 2"><help:paragraphinfo state="U" number="3"/>Document</text:p>
  <text:p text:style-name="Head 3"><help:paragraphinfo state="U" number="5"/><help:help-id value="HID_HYPERDLG_DOC_PATH"/>Path</text:p>
  <help:paragraphinfo state="E"/><help:embedded Id="65804" Eid="texturl"></help:embedded>
  <text:p text:style-name="Head 3"><help:paragraphinfo state="U" number="6"/><help:help-id value="SVX_IMAGEBUTTON_RID_SVXPAGE_HYPERLINK_DOCUMENT_BTN_FILEOPEN"/>Open File</text:p>
  <text:p text:style-name="Paragraph"><help:paragraphinfo state="U" number="7"/><help:help-text value="visible">Opens the <text:span text:style-name="T1">Open dialog,</text:span> where you can select a file.</help:help-text></text:p>
  <text:p text:style-name="Head 2"><help:paragraphinfo state="U" number="8"/>Target in document</text:p>
  <text:p text:style-name="Head 3"><help:paragraphinfo state="U" number="10"/><help:help-id value="SVX_EDIT_RID_SVXPAGE_HYPERLINK_DOCUMENT_ED_TARGET_DOC"/>Target</text:p>
  <text:p text:style-name="Paragraph"><help:paragraphinfo state="U" number="11"/><help:help-text value="visible">Specifies a target for the hyperlink into the document specified under <text:span text:style-name="T1">Path</text:span>.</help:help-text></text:p>
  <text:p text:style-name="Head 3"><help:paragraphinfo state="U" number="12"/><help:help-id value="SVX_IMAGEBUTTON_RID_SVXPAGE_HYPERLINK_DOCUMENT_BTN_BROWSE"/>Target in Document</text:p>
  <text:p text:style-name="Paragraph"><help:paragraphinfo state="U" number="13"/><help:help-text value="visible">Opens the <text:span text:style-name="T1">Target in Document</text:span> dialog.</help:help-text></text:p>
  <text:p text:style-name="Head 3"><help:paragraphinfo state="U" number="14"/>URL</text:p>
  <text:p text:style-name="Paragraph"><help:paragraphinfo state="U" number="15"/>Specifies the URL, which results from the entries in <text:span text:style-name="T1">Path</text:span> and <text:span text:style-name="T1">Destination</text:span>.</text:p>
  <help:paragraphinfo state="E"/><help:embedded Id="66027" Eid="weitere"></help:embedded>
 </office:body>
</office:document>
