

<office:document  xmlns:office="http://openoffice.org/2000/office" xmlns:style="http://openoffice.org/2000/style" xmlns:text="http://openoffice.org/2000/text" xmlns:table="http://openoffice.org/2000/table" xmlns:draw="http://openoffice.org/2000/drawing" xmlns:fo="http://www.w3.org/1999/XSL/Format" xmlns:xlink="http://www.w3.org/1999/xlink" xmlns:number="http://openoffice.org/2000/datastyle" xmlns:svg="http://www.w3.org/2000/svg" xmlns:chart="http://openoffice.org/2000/chart" xmlns:dr3d="http://openoffice.org/2000/dr3d" xmlns:math="http://www.w3.org/1998/Math/MathML" xmlns:form="http://openoffice.org/2000/form" xmlns:script="http://openoffice.org/2000/script" office:class="text" office:version="1.0" xmlns:dc="http://purl.org/dc/elements/1.1/" xmlns:meta="http://openoffice.org/2000/meta" xmlns:help="http://openoffice.org/2000/help">
<office:meta>
  <dc:description>text/smath/01/03091100</dc:description>
  <dc:subject>Brackets and Grouping</dc:subject>
  <meta:keywords>
   <meta:keyword>$Version</meta:keyword>
  </meta:keywords>
  <dc:language>en-US</dc:language>
  <meta:user-defined meta:name="Info 0">READY</meta:user-defined>
  <meta:user-defined meta:name="Info 1">FREE_OK</meta:user-defined>
  <meta:user-defined meta:name="Info 2">NOTE</meta:user-defined>
  <meta:user-defined meta:name="Info 3"/>
</office:meta>
 <office:script/>
 <office:font-decls>
  <style:font-decl style:name="StarSymbol" fo:font-family="StarSymbol" style:font-charset="x-symbol"/>
  <style:font-decl style:name="Courier New" fo:font-family="&apos;Courier New&apos;" style:font-style-name="Standard" style:font-family-generic="modern" style:font-pitch="fixed"/>
  <style:font-decl style:name="Courier" fo:font-family="Courier" style:font-family-generic="roman" style:font-pitch="fixed"/>
  <style:font-decl style:name="Arial Unicode MS" fo:font-family="&apos;Arial Unicode MS&apos;" style:font-pitch="variable"/>
  <style:font-decl style:name="HG Mincho Light J" fo:font-family="&apos;HG Mincho Light J&apos;" style:font-pitch="variable"/>
  <style:font-decl style:name="Times New Roman3" fo:font-family="&apos;Times New Roman&apos;" style:font-pitch="variable"/>
  <style:font-decl style:name="Thorndale" fo:font-family="Thorndale" style:font-family-generic="roman" style:font-pitch="variable"/>
  <style:font-decl style:name="Times New Roman2" fo:font-family="&apos;Times New Roman&apos;" style:font-style-name="Fett" style:font-family-generic="roman" style:font-pitch="variable"/>
  <style:font-decl style:name="Times New Roman" fo:font-family="&apos;Times New Roman&apos;" style:font-style-name="Standard" style:font-family-generic="roman" style:font-pitch="variable"/>
  <style:font-decl style:name="Times New Roman1" fo:font-family="&apos;Times New Roman&apos;" style:font-family-generic="swiss" style:font-pitch="variable"/>
 </office:font-decls>
 <office:automatic-styles>
  <style:style style:name="Tabelle5" style:family="table">
   <style:properties style:width="18cm" table:align="margins"/>
  </style:style>
  <style:style style:name="Tabelle5.A" style:family="table-column">
   <style:properties style:column-width="1.499cm" style:rel-column-width="5460*"/>
  </style:style>
  <style:style style:name="Tabelle5.B" style:family="table-column">
   <style:properties style:column-width="16.501cm" style:rel-column-width="60074*"/>
  </style:style>
  <style:style style:name="Tabelle5.1" style:family="table-row">
   <style:properties style:min-row-height="0.848cm"/>
  </style:style>
  <style:style style:name="Tabelle5.A1" style:family="table-cell">
   <style:properties fo:padding="0cm" fo:border="none"/>
  </style:style>
  <style:style style:name="Tabelle3" style:family="table">
   <style:properties style:width="18cm" table:align="margins"/>
  </style:style>
  <style:style style:name="Tabelle3.A" style:family="table-column">
   <style:properties style:column-width="1.501cm" style:rel-column-width="5466*"/>
  </style:style>
  <style:style style:name="Tabelle3.B" style:family="table-column">
   <style:properties style:column-width="16.499cm" style:rel-column-width="60068*"/>
  </style:style>
  <style:style style:name="Tabelle3.1" style:family="table-row">
   <style:properties style:min-row-height="0.848cm"/>
  </style:style>
  <style:style style:name="Tabelle3.A1" style:family="table-cell">
   <style:properties fo:padding="0cm" fo:border="none"/>
  </style:style>
  <style:style style:name="Tabelle2" style:family="table">
   <style:properties style:width="18cm" table:align="margins"/>
  </style:style>
  <style:style style:name="Tabelle2.A" style:family="table-column">
   <style:properties style:column-width="1.501cm" style:rel-column-width="5466*"/>
  </style:style>
  <style:style style:name="Tabelle2.B" style:family="table-column">
   <style:properties style:column-width="16.499cm" style:rel-column-width="60068*"/>
  </style:style>
  <style:style style:name="Tabelle2.1" style:family="table-row">
   <style:properties style:min-row-height="0.848cm"/>
  </style:style>
  <style:style style:name="Tabelle2.A1" style:family="table-cell">
   <style:properties fo:padding="0cm" fo:border="none"/>
  </style:style>
  <style:style style:name="Tabelle8" style:family="table">
   <style:properties style:width="18cm" table:align="margins"/>
  </style:style>
  <style:style style:name="Tabelle8.A" style:family="table-column">
   <style:properties style:column-width="1.499cm" style:rel-column-width="850*"/>
  </style:style>
  <style:style style:name="Tabelle8.B" style:family="table-column">
   <style:properties style:column-width="16.498cm" style:rel-column-width="9352*"/>
  </style:style>
  <style:style style:name="Tabelle8.1" style:family="table-row">
   <style:properties style:min-row-height="0.848cm"/>
  </style:style>
  <style:style style:name="Tabelle8.A1" style:family="table-cell">
   <style:properties fo:padding="0cm" fo:border="none"/>
  </style:style>
  <style:style style:name="P1" style:family="paragraph" style:parent-style-name="Paragraph" style:master-page-name="HTML">
   <style:properties style:page-number="0"/>
  </style:style>
  <style:style style:name="P2" style:family="paragraph" style:parent-style-name="Paragraph" style:list-style-name="L1"/>
  <style:style style:name="P3" style:family="paragraph" style:parent-style-name="Paragraph" style:list-style-name="L2"/>
  <style:style style:name="P4" style:family="paragraph" style:parent-style-name="Paragraph" style:list-style-name="L3"/>
  <style:style style:name="P5" style:family="paragraph" style:parent-style-name="Paragraph" style:list-style-name="L4"/>
  <style:style style:name="P6" style:family="paragraph" style:parent-style-name="Paragraph" style:list-style-name="L5"/>
  <style:style style:name="P7" style:family="paragraph" style:parent-style-name="Paragraph" style:list-style-name="L6"/>
  <style:style style:name="P8" style:family="paragraph" style:parent-style-name="Paragraph" style:list-style-name="L7"/>
  <style:style style:name="P9" style:family="paragraph" style:parent-style-name="Paragraph" style:list-style-name="L8"/>
  <style:style style:name="P10" style:family="paragraph" style:parent-style-name="Paragraph" style:list-style-name="L9"/>
  <style:style style:name="P11" style:family="paragraph" style:parent-style-name="Paragraph" style:list-style-name="L10"/>
  <style:style style:name="P12" style:family="paragraph" style:parent-style-name="Paragraph" style:list-style-name="L11"/>
  <style:style style:name="P13" style:family="paragraph" style:parent-style-name="Paragraph" style:list-style-name="L12"/>
  <style:style style:name="P14" style:family="paragraph" style:parent-style-name="Paragraph" style:list-style-name="L13"/>
  <style:style style:name="P15" style:family="paragraph" style:parent-style-name="Paragraph" style:list-style-name="L14"/>
  <style:style style:name="P16" style:family="paragraph" style:parent-style-name="Paragraph" style:list-style-name="L15"/>
  <style:style style:name="T1" style:family="text">
   <style:properties fo:font-weight="bold"/>
  </style:style>
  <style:style style:name="fr1" style:family="graphics" style:parent-style-name="Graphics">
   <style:properties fo:margin-left="0cm" fo:margin-right="0cm" fo:margin-top="0cm" fo:margin-bottom="0cm" style:run-through="foreground" style:wrap="run-through" style:vertical-pos="top" style:vertical-rel="paragraph" style:horizontal-pos="left" style:horizontal-rel="paragraph" style:mirror="none" fo:clip="rect(0cm 0cm 0cm 0cm)" draw:luminance="0%" draw:contrast="0%" draw:red="0%" draw:green="0%" draw:blue="0%" draw:gamma="1" draw:color-inversion="false" draw:transparency="-100%" draw:color-mode="standard"/>
  </style:style>
  <style:style style:name="fr2" style:family="graphics" style:parent-style-name="Graphics">
   <style:properties style:run-through="foreground" style:wrap="run-through" style:vertical-pos="middle" style:vertical-rel="paragraph" style:horizontal-pos="left" style:horizontal-rel="paragraph" style:mirror="none" fo:clip="rect(0cm 0cm 0cm 0cm)" draw:luminance="0%" draw:contrast="0%" draw:red="0%" draw:green="0%" draw:blue="0%" draw:gamma="1" draw:color-inversion="false" draw:transparency="-100%" draw:color-mode="standard"/>
  </style:style>
  <text:list-style style:name="L1">
   <text:list-level-style-bullet text:level="1" text:style-name="Bullet Symbols" style:num-suffix="." text:bullet-char="•">
    <style:properties text:min-label-width="0.499cm" style:font-name="StarSymbol"/>
   </text:list-level-style-bullet>
   <text:list-level-style-bullet text:level="2" text:style-name="Bullet Symbols" style:num-suffix="." text:bullet-char="•">
    <style:properties text:space-before="0.499cm" text:min-label-width="0.499cm" style:font-name="StarSymbol"/>
   </text:list-level-style-bullet>
   <text:list-level-style-bullet text:level="3" text:style-name="Bullet Symbols" style:num-suffix="." text:bullet-char="•">
    <style:properties text:space-before="0.999cm" text:min-label-width="0.499cm" style:font-name="StarSymbol"/>
   </text:list-level-style-bullet>
   <text:list-level-style-bullet text:level="4" text:style-name="Bullet Symbols" style:num-suffix="." text:bullet-char="•">
    <style:properties text:space-before="1.498cm" text:min-label-width="0.499cm" style:font-name="StarSymbol"/>
   </text:list-level-style-bullet>
   <text:list-level-style-bullet text:level="5" text:style-name="Bullet Symbols" style:num-suffix="." text:bullet-char="•">
    <style:properties text:space-before="1.997cm" text:min-label-width="0.499cm" style:font-name="StarSymbol"/>
   </text:list-level-style-bullet>
   <text:list-level-style-number text:level="6" style:num-suffix="." style:num-format="1">
    <style:properties text:space-before="2.501cm" text:min-label-width="0.499cm"/>
   </text:list-level-style-number>
   <text:list-level-style-number text:level="7" style:num-suffix="." style:num-format="1">
    <style:properties text:space-before="3.001cm" text:min-label-width="0.499cm"/>
   </text:list-level-style-number>
   <text:list-level-style-number text:level="8" style:num-suffix="." style:num-format="1">
    <style:properties text:space-before="3.502cm" text:min-label-width="0.499cm"/>
   </text:list-level-style-number>
   <text:list-level-style-number text:level="9" style:num-suffix="." style:num-format="1">
    <style:properties text:space-before="4.001cm" text:min-label-width="0.499cm"/>
   </text:list-level-style-number>
   <text:list-level-style-number text:level="10" style:num-suffix="." style:num-format="1">
    <style:properties text:space-before="4.502cm" text:min-label-width="0.499cm"/>
   </text:list-level-style-number>
  </text:list-style>
  <text:list-style style:name="L2">
   <text:list-level-style-bullet text:level="1" text:style-name="Bullet Symbols" style:num-suffix="." text:bullet-char="•">
    <style:properties text:min-label-width="0.499cm" style:font-name="StarSymbol"/>
   </text:list-level-style-bullet>
   <text:list-level-style-bullet text:level="2" text:style-name="Bullet Symbols" style:num-suffix="." text:bullet-char="•">
    <style:properties text:space-before="0.499cm" text:min-label-width="0.499cm" style:font-name="StarSymbol"/>
   </text:list-level-style-bullet>
   <text:list-level-style-bullet text:level="3" text:style-name="Bullet Symbols" style:num-suffix="." text:bullet-char="•">
    <style:properties text:space-before="0.999cm" text:min-label-width="0.499cm" style:font-name="StarSymbol"/>
   </text:list-level-style-bullet>
   <text:list-level-style-bullet text:level="4" text:style-name="Bullet Symbols" style:num-suffix="." text:bullet-char="•">
    <style:properties text:space-before="1.498cm" text:min-label-width="0.499cm" style:font-name="StarSymbol"/>
   </text:list-level-style-bullet>
   <text:list-level-style-bullet text:level="5" text:style-name="Bullet Symbols" style:num-suffix="." text:bullet-char="•">
    <style:properties text:space-before="1.997cm" text:min-label-width="0.499cm" style:font-name="StarSymbol"/>
   </text:list-level-style-bullet>
   <text:list-level-style-number text:level="6" style:num-suffix="." style:num-format="1">
    <style:properties text:space-before="2.501cm" text:min-label-width="0.499cm"/>
   </text:list-level-style-number>
   <text:list-level-style-number text:level="7" style:num-suffix="." style:num-format="1">
    <style:properties text:space-before="3.001cm" text:min-label-width="0.499cm"/>
   </text:list-level-style-number>
   <text:list-level-style-number text:level="8" style:num-suffix="." style:num-format="1">
    <style:properties text:space-before="3.502cm" text:min-label-width="0.499cm"/>
   </text:list-level-style-number>
   <text:list-level-style-number text:level="9" style:num-suffix="." style:num-format="1">
    <style:properties text:space-before="4.001cm" text:min-label-width="0.499cm"/>
   </text:list-level-style-number>
   <text:list-level-style-number text:level="10" style:num-suffix="." style:num-format="1">
    <style:properties text:space-before="4.502cm" text:min-label-width="0.499cm"/>
   </text:list-level-style-number>
  </text:list-style>
  <text:list-style style:name="L3">
   <text:list-level-style-bullet text:level="1" text:style-name="Bullet Symbols" style:num-suffix="." text:bullet-char="•">
    <style:properties text:min-label-width="0.499cm" style:font-name="StarSymbol"/>
   </text:list-level-style-bullet>
   <text:list-level-style-bullet text:level="2" text:style-name="Bullet Symbols" style:num-suffix="." text:bullet-char="•">
    <style:properties text:space-before="0.499cm" text:min-label-width="0.499cm" style:font-name="StarSymbol"/>
   </text:list-level-style-bullet>
   <text:list-level-style-bullet text:level="3" text:style-name="Bullet Symbols" style:num-suffix="." text:bullet-char="•">
    <style:properties text:space-before="0.999cm" text:min-label-width="0.499cm" style:font-name="StarSymbol"/>
   </text:list-level-style-bullet>
   <text:list-level-style-bullet text:level="4" text:style-name="Bullet Symbols" style:num-suffix="." text:bullet-char="•">
    <style:properties text:space-before="1.498cm" text:min-label-width="0.499cm" style:font-name="StarSymbol"/>
   </text:list-level-style-bullet>
   <text:list-level-style-bullet text:level="5" text:style-name="Bullet Symbols" style:num-suffix="." text:bullet-char="•">
    <style:properties text:space-before="1.997cm" text:min-label-width="0.499cm" style:font-name="StarSymbol"/>
   </text:list-level-style-bullet>
   <text:list-level-style-number text:level="6" style:num-suffix="." style:num-format="1">
    <style:properties text:space-before="2.501cm" text:min-label-width="0.499cm"/>
   </text:list-level-style-number>
   <text:list-level-style-number text:level="7" style:num-suffix="." style:num-format="1">
    <style:properties text:space-before="3.001cm" text:min-label-width="0.499cm"/>
   </text:list-level-style-number>
   <text:list-level-style-number text:level="8" style:num-suffix="." style:num-format="1">
    <style:properties text:space-before="3.502cm" text:min-label-width="0.499cm"/>
   </text:list-level-style-number>
   <text:list-level-style-number text:level="9" style:num-suffix="." style:num-format="1">
    <style:properties text:space-before="4.001cm" text:min-label-width="0.499cm"/>
   </text:list-level-style-number>
   <text:list-level-style-number text:level="10" style:num-suffix="." style:num-format="1">
    <style:properties text:space-before="4.502cm" text:min-label-width="0.499cm"/>
   </text:list-level-style-number>
  </text:list-style>
  <text:list-style style:name="L4">
   <text:list-level-style-bullet text:level="1" text:style-name="Bullet Symbols" style:num-suffix="." text:bullet-char="•">
    <style:properties text:min-label-width="0.499cm" style:font-name="StarSymbol"/>
   </text:list-level-style-bullet>
   <text:list-level-style-bullet text:level="2" text:style-name="Bullet Symbols" style:num-suffix="." text:bullet-char="•">
    <style:properties text:space-before="0.499cm" text:min-label-width="0.499cm" style:font-name="StarSymbol"/>
   </text:list-level-style-bullet>
   <text:list-level-style-bullet text:level="3" text:style-name="Bullet Symbols" style:num-suffix="." text:bullet-char="•">
    <style:properties text:space-before="0.999cm" text:min-label-width="0.499cm" style:font-name="StarSymbol"/>
   </text:list-level-style-bullet>
   <text:list-level-style-bullet text:level="4" text:style-name="Bullet Symbols" style:num-suffix="." text:bullet-char="•">
    <style:properties text:space-before="1.498cm" text:min-label-width="0.499cm" style:font-name="StarSymbol"/>
   </text:list-level-style-bullet>
   <text:list-level-style-bullet text:level="5" text:style-name="Bullet Symbols" style:num-suffix="." text:bullet-char="•">
    <style:properties text:space-before="1.997cm" text:min-label-width="0.499cm" style:font-name="StarSymbol"/>
   </text:list-level-style-bullet>
   <text:list-level-style-number text:level="6" style:num-suffix="." style:num-format="1">
    <style:properties text:space-before="2.501cm" text:min-label-width="0.499cm"/>
   </text:list-level-style-number>
   <text:list-level-style-number text:level="7" style:num-suffix="." style:num-format="1">
    <style:properties text:space-before="3.001cm" text:min-label-width="0.499cm"/>
   </text:list-level-style-number>
   <text:list-level-style-number text:level="8" style:num-suffix="." style:num-format="1">
    <style:properties text:space-before="3.502cm" text:min-label-width="0.499cm"/>
   </text:list-level-style-number>
   <text:list-level-style-number text:level="9" style:num-suffix="." style:num-format="1">
    <style:properties text:space-before="4.001cm" text:min-label-width="0.499cm"/>
   </text:list-level-style-number>
   <text:list-level-style-number text:level="10" style:num-suffix="." style:num-format="1">
    <style:properties text:space-before="4.502cm" text:min-label-width="0.499cm"/>
   </text:list-level-style-number>
  </text:list-style>
  <text:list-style style:name="L5">
   <text:list-level-style-bullet text:level="1" text:style-name="Bullet Symbols" style:num-suffix="." text:bullet-char="•">
    <style:properties text:min-label-width="0.499cm" style:font-name="StarSymbol"/>
   </text:list-level-style-bullet>
   <text:list-level-style-bullet text:level="2" text:style-name="Bullet Symbols" style:num-suffix="." text:bullet-char="•">
    <style:properties text:space-before="0.499cm" text:min-label-width="0.499cm" style:font-name="StarSymbol"/>
   </text:list-level-style-bullet>
   <text:list-level-style-bullet text:level="3" text:style-name="Bullet Symbols" style:num-suffix="." text:bullet-char="•">
    <style:properties text:space-before="0.999cm" text:min-label-width="0.499cm" style:font-name="StarSymbol"/>
   </text:list-level-style-bullet>
   <text:list-level-style-bullet text:level="4" text:style-name="Bullet Symbols" style:num-suffix="." text:bullet-char="•">
    <style:properties text:space-before="1.498cm" text:min-label-width="0.499cm" style:font-name="StarSymbol"/>
   </text:list-level-style-bullet>
   <text:list-level-style-bullet text:level="5" text:style-name="Bullet Symbols" style:num-suffix="." text:bullet-char="•">
    <style:properties text:space-before="1.997cm" text:min-label-width="0.499cm" style:font-name="StarSymbol"/>
   </text:list-level-style-bullet>
   <text:list-level-style-number text:level="6" style:num-suffix="." style:num-format="1">
    <style:properties text:space-before="2.501cm" text:min-label-width="0.499cm"/>
   </text:list-level-style-number>
   <text:list-level-style-number text:level="7" style:num-suffix="." style:num-format="1">
    <style:properties text:space-before="3.001cm" text:min-label-width="0.499cm"/>
   </text:list-level-style-number>
   <text:list-level-style-number text:level="8" style:num-suffix="." style:num-format="1">
    <style:properties text:space-before="3.502cm" text:min-label-width="0.499cm"/>
   </text:list-level-style-number>
   <text:list-level-style-number text:level="9" style:num-suffix="." style:num-format="1">
    <style:properties text:space-before="4.001cm" text:min-label-width="0.499cm"/>
   </text:list-level-style-number>
   <text:list-level-style-number text:level="10" style:num-suffix="." style:num-format="1">
    <style:properties text:space-before="4.502cm" text:min-label-width="0.499cm"/>
   </text:list-level-style-number>
  </text:list-style>
  <text:list-style style:name="L6">
   <text:list-level-style-bullet text:level="1" text:style-name="Bullet Symbols" style:num-suffix="." text:bullet-char="•">
    <style:properties text:min-label-width="0.499cm" style:font-name="StarSymbol"/>
   </text:list-level-style-bullet>
   <text:list-level-style-bullet text:level="2" text:style-name="Bullet Symbols" style:num-suffix="." text:bullet-char="•">
    <style:properties text:space-before="0.499cm" text:min-label-width="0.499cm" style:font-name="StarSymbol"/>
   </text:list-level-style-bullet>
   <text:list-level-style-bullet text:level="3" text:style-name="Bullet Symbols" style:num-suffix="." text:bullet-char="•">
    <style:properties text:space-before="0.999cm" text:min-label-width="0.499cm" style:font-name="StarSymbol"/>
   </text:list-level-style-bullet>
   <text:list-level-style-bullet text:level="4" text:style-name="Bullet Symbols" style:num-suffix="." text:bullet-char="•">
    <style:properties text:space-before="1.498cm" text:min-label-width="0.499cm" style:font-name="StarSymbol"/>
   </text:list-level-style-bullet>
   <text:list-level-style-bullet text:level="5" text:style-name="Bullet Symbols" style:num-suffix="." text:bullet-char="•">
    <style:properties text:space-before="1.997cm" text:min-label-width="0.499cm" style:font-name="StarSymbol"/>
   </text:list-level-style-bullet>
   <text:list-level-style-number text:level="6" style:num-suffix="." style:num-format="1">
    <style:properties text:space-before="2.501cm" text:min-label-width="0.499cm"/>
   </text:list-level-style-number>
   <text:list-level-style-number text:level="7" style:num-suffix="." style:num-format="1">
    <style:properties text:space-before="3.001cm" text:min-label-width="0.499cm"/>
   </text:list-level-style-number>
   <text:list-level-style-number text:level="8" style:num-suffix="." style:num-format="1">
    <style:properties text:space-before="3.502cm" text:min-label-width="0.499cm"/>
   </text:list-level-style-number>
   <text:list-level-style-number text:level="9" style:num-suffix="." style:num-format="1">
    <style:properties text:space-before="4.001cm" text:min-label-width="0.499cm"/>
   </text:list-level-style-number>
   <text:list-level-style-number text:level="10" style:num-suffix="." style:num-format="1">
    <style:properties text:space-before="4.502cm" text:min-label-width="0.499cm"/>
   </text:list-level-style-number>
  </text:list-style>
  <text:list-style style:name="L7">
   <text:list-level-style-bullet text:level="1" text:style-name="Bullet Symbols" style:num-suffix="." text:bullet-char="•">
    <style:properties text:min-label-width="0.499cm" style:font-name="StarSymbol"/>
   </text:list-level-style-bullet>
   <text:list-level-style-bullet text:level="2" text:style-name="Bullet Symbols" style:num-suffix="." text:bullet-char="•">
    <style:properties text:space-before="0.499cm" text:min-label-width="0.499cm" style:font-name="StarSymbol"/>
   </text:list-level-style-bullet>
   <text:list-level-style-bullet text:level="3" text:style-name="Bullet Symbols" style:num-suffix="." text:bullet-char="•">
    <style:properties text:space-before="0.999cm" text:min-label-width="0.499cm" style:font-name="StarSymbol"/>
   </text:list-level-style-bullet>
   <text:list-level-style-bullet text:level="4" text:style-name="Bullet Symbols" style:num-suffix="." text:bullet-char="•">
    <style:properties text:space-before="1.498cm" text:min-label-width="0.499cm" style:font-name="StarSymbol"/>
   </text:list-level-style-bullet>
   <text:list-level-style-bullet text:level="5" text:style-name="Bullet Symbols" style:num-suffix="." text:bullet-char="•">
    <style:properties text:space-before="1.997cm" text:min-label-width="0.499cm" style:font-name="StarSymbol"/>
   </text:list-level-style-bullet>
   <text:list-level-style-number text:level="6" style:num-suffix="." style:num-format="1">
    <style:properties text:space-before="2.501cm" text:min-label-width="0.499cm"/>
   </text:list-level-style-number>
   <text:list-level-style-number text:level="7" style:num-suffix="." style:num-format="1">
    <style:properties text:space-before="3.001cm" text:min-label-width="0.499cm"/>
   </text:list-level-style-number>
   <text:list-level-style-number text:level="8" style:num-suffix="." style:num-format="1">
    <style:properties text:space-before="3.502cm" text:min-label-width="0.499cm"/>
   </text:list-level-style-number>
   <text:list-level-style-number text:level="9" style:num-suffix="." style:num-format="1">
    <style:properties text:space-before="4.001cm" text:min-label-width="0.499cm"/>
   </text:list-level-style-number>
   <text:list-level-style-number text:level="10" style:num-suffix="." style:num-format="1">
    <style:properties text:space-before="4.502cm" text:min-label-width="0.499cm"/>
   </text:list-level-style-number>
  </text:list-style>
  <text:list-style style:name="L8">
   <text:list-level-style-bullet text:level="1" text:style-name="Bullet Symbols" style:num-suffix="." text:bullet-char="•">
    <style:properties text:min-label-width="0.499cm" style:font-name="StarSymbol"/>
   </text:list-level-style-bullet>
   <text:list-level-style-bullet text:level="2" text:style-name="Bullet Symbols" style:num-suffix="." text:bullet-char="•">
    <style:properties text:space-before="0.499cm" text:min-label-width="0.499cm" style:font-name="StarSymbol"/>
   </text:list-level-style-bullet>
   <text:list-level-style-bullet text:level="3" text:style-name="Bullet Symbols" style:num-suffix="." text:bullet-char="•">
    <style:properties text:space-before="0.999cm" text:min-label-width="0.499cm" style:font-name="StarSymbol"/>
   </text:list-level-style-bullet>
   <text:list-level-style-bullet text:level="4" text:style-name="Bullet Symbols" style:num-suffix="." text:bullet-char="•">
    <style:properties text:space-before="1.498cm" text:min-label-width="0.499cm" style:font-name="StarSymbol"/>
   </text:list-level-style-bullet>
   <text:list-level-style-bullet text:level="5" text:style-name="Bullet Symbols" style:num-suffix="." text:bullet-char="•">
    <style:properties text:space-before="1.997cm" text:min-label-width="0.499cm" style:font-name="StarSymbol"/>
   </text:list-level-style-bullet>
   <text:list-level-style-number text:level="6" style:num-suffix="." style:num-format="1">
    <style:properties text:space-before="2.501cm" text:min-label-width="0.499cm"/>
   </text:list-level-style-number>
   <text:list-level-style-number text:level="7" style:num-suffix="." style:num-format="1">
    <style:properties text:space-before="3.001cm" text:min-label-width="0.499cm"/>
   </text:list-level-style-number>
   <text:list-level-style-number text:level="8" style:num-suffix="." style:num-format="1">
    <style:properties text:space-before="3.502cm" text:min-label-width="0.499cm"/>
   </text:list-level-style-number>
   <text:list-level-style-number text:level="9" style:num-suffix="." style:num-format="1">
    <style:properties text:space-before="4.001cm" text:min-label-width="0.499cm"/>
   </text:list-level-style-number>
   <text:list-level-style-number text:level="10" style:num-suffix="." style:num-format="1">
    <style:properties text:space-before="4.502cm" text:min-label-width="0.499cm"/>
   </text:list-level-style-number>
  </text:list-style>
  <text:list-style style:name="L9">
   <text:list-level-style-bullet text:level="1" text:style-name="Bullet Symbols" style:num-suffix="." text:bullet-char="•">
    <style:properties text:min-label-width="0.499cm" style:font-name="StarSymbol"/>
   </text:list-level-style-bullet>
   <text:list-level-style-bullet text:level="2" text:style-name="Bullet Symbols" style:num-suffix="." text:bullet-char="•">
    <style:properties text:space-before="0.499cm" text:min-label-width="0.499cm" style:font-name="StarSymbol"/>
   </text:list-level-style-bullet>
   <text:list-level-style-bullet text:level="3" text:style-name="Bullet Symbols" style:num-suffix="." text:bullet-char="•">
    <style:properties text:space-before="0.999cm" text:min-label-width="0.499cm" style:font-name="StarSymbol"/>
   </text:list-level-style-bullet>
   <text:list-level-style-bullet text:level="4" text:style-name="Bullet Symbols" style:num-suffix="." text:bullet-char="•">
    <style:properties text:space-before="1.498cm" text:min-label-width="0.499cm" style:font-name="StarSymbol"/>
   </text:list-level-style-bullet>
   <text:list-level-style-bullet text:level="5" text:style-name="Bullet Symbols" style:num-suffix="." text:bullet-char="•">
    <style:properties text:space-before="1.997cm" text:min-label-width="0.499cm" style:font-name="StarSymbol"/>
   </text:list-level-style-bullet>
   <text:list-level-style-number text:level="6" style:num-suffix="." style:num-format="1">
    <style:properties text:space-before="2.501cm" text:min-label-width="0.499cm"/>
   </text:list-level-style-number>
   <text:list-level-style-number text:level="7" style:num-suffix="." style:num-format="1">
    <style:properties text:space-before="3.001cm" text:min-label-width="0.499cm"/>
   </text:list-level-style-number>
   <text:list-level-style-number text:level="8" style:num-suffix="." style:num-format="1">
    <style:properties text:space-before="3.502cm" text:min-label-width="0.499cm"/>
   </text:list-level-style-number>
   <text:list-level-style-number text:level="9" style:num-suffix="." style:num-format="1">
    <style:properties text:space-before="4.001cm" text:min-label-width="0.499cm"/>
   </text:list-level-style-number>
   <text:list-level-style-number text:level="10" style:num-suffix="." style:num-format="1">
    <style:properties text:space-before="4.502cm" text:min-label-width="0.499cm"/>
   </text:list-level-style-number>
  </text:list-style>
  <text:list-style style:name="L10">
   <text:list-level-style-bullet text:level="1" text:style-name="Bullet Symbols" style:num-suffix="." text:bullet-char="•">
    <style:properties text:min-label-width="0.499cm" style:font-name="StarSymbol"/>
   </text:list-level-style-bullet>
   <text:list-level-style-bullet text:level="2" text:style-name="Bullet Symbols" style:num-suffix="." text:bullet-char="•">
    <style:properties text:space-before="0.499cm" text:min-label-width="0.499cm" style:font-name="StarSymbol"/>
   </text:list-level-style-bullet>
   <text:list-level-style-bullet text:level="3" text:style-name="Bullet Symbols" style:num-suffix="." text:bullet-char="•">
    <style:properties text:space-before="0.999cm" text:min-label-width="0.499cm" style:font-name="StarSymbol"/>
   </text:list-level-style-bullet>
   <text:list-level-style-bullet text:level="4" text:style-name="Bullet Symbols" style:num-suffix="." text:bullet-char="•">
    <style:properties text:space-before="1.498cm" text:min-label-width="0.499cm" style:font-name="StarSymbol"/>
   </text:list-level-style-bullet>
   <text:list-level-style-bullet text:level="5" text:style-name="Bullet Symbols" style:num-suffix="." text:bullet-char="•">
    <style:properties text:space-before="1.997cm" text:min-label-width="0.499cm" style:font-name="StarSymbol"/>
   </text:list-level-style-bullet>
   <text:list-level-style-number text:level="6" style:num-suffix="." style:num-format="1">
    <style:properties text:space-before="2.501cm" text:min-label-width="0.499cm"/>
   </text:list-level-style-number>
   <text:list-level-style-number text:level="7" style:num-suffix="." style:num-format="1">
    <style:properties text:space-before="3.001cm" text:min-label-width="0.499cm"/>
   </text:list-level-style-number>
   <text:list-level-style-number text:level="8" style:num-suffix="." style:num-format="1">
    <style:properties text:space-before="3.502cm" text:min-label-width="0.499cm"/>
   </text:list-level-style-number>
   <text:list-level-style-number text:level="9" style:num-suffix="." style:num-format="1">
    <style:properties text:space-before="4.001cm" text:min-label-width="0.499cm"/>
   </text:list-level-style-number>
   <text:list-level-style-number text:level="10" style:num-suffix="." style:num-format="1">
    <style:properties text:space-before="4.502cm" text:min-label-width="0.499cm"/>
   </text:list-level-style-number>
  </text:list-style>
  <text:list-style style:name="L11">
   <text:list-level-style-bullet text:level="1" text:style-name="Bullet Symbols" style:num-suffix="." text:bullet-char="•">
    <style:properties text:min-label-width="0.499cm" style:font-name="StarSymbol"/>
   </text:list-level-style-bullet>
   <text:list-level-style-bullet text:level="2" text:style-name="Bullet Symbols" style:num-suffix="." text:bullet-char="•">
    <style:properties text:space-before="0.499cm" text:min-label-width="0.499cm" style:font-name="StarSymbol"/>
   </text:list-level-style-bullet>
   <text:list-level-style-bullet text:level="3" text:style-name="Bullet Symbols" style:num-suffix="." text:bullet-char="•">
    <style:properties text:space-before="0.999cm" text:min-label-width="0.499cm" style:font-name="StarSymbol"/>
   </text:list-level-style-bullet>
   <text:list-level-style-bullet text:level="4" text:style-name="Bullet Symbols" style:num-suffix="." text:bullet-char="•">
    <style:properties text:space-before="1.498cm" text:min-label-width="0.499cm" style:font-name="StarSymbol"/>
   </text:list-level-style-bullet>
   <text:list-level-style-bullet text:level="5" text:style-name="Bullet Symbols" style:num-suffix="." text:bullet-char="•">
    <style:properties text:space-before="1.997cm" text:min-label-width="0.499cm" style:font-name="StarSymbol"/>
   </text:list-level-style-bullet>
   <text:list-level-style-number text:level="6" style:num-suffix="." style:num-format="1">
    <style:properties text:space-before="2.501cm" text:min-label-width="0.499cm"/>
   </text:list-level-style-number>
   <text:list-level-style-number text:level="7" style:num-suffix="." style:num-format="1">
    <style:properties text:space-before="3.001cm" text:min-label-width="0.499cm"/>
   </text:list-level-style-number>
   <text:list-level-style-number text:level="8" style:num-suffix="." style:num-format="1">
    <style:properties text:space-before="3.502cm" text:min-label-width="0.499cm"/>
   </text:list-level-style-number>
   <text:list-level-style-number text:level="9" style:num-suffix="." style:num-format="1">
    <style:properties text:space-before="4.001cm" text:min-label-width="0.499cm"/>
   </text:list-level-style-number>
   <text:list-level-style-number text:level="10" style:num-suffix="." style:num-format="1">
    <style:properties text:space-before="4.502cm" text:min-label-width="0.499cm"/>
   </text:list-level-style-number>
  </text:list-style>
  <text:list-style style:name="L12">
   <text:list-level-style-bullet text:level="1" text:style-name="Bullet Symbols" style:num-suffix="." text:bullet-char="•">
    <style:properties text:min-label-width="0.499cm" style:font-name="StarSymbol"/>
   </text:list-level-style-bullet>
   <text:list-level-style-bullet text:level="2" text:style-name="Bullet Symbols" style:num-suffix="." text:bullet-char="•">
    <style:properties text:space-before="0.499cm" text:min-label-width="0.499cm" style:font-name="StarSymbol"/>
   </text:list-level-style-bullet>
   <text:list-level-style-bullet text:level="3" text:style-name="Bullet Symbols" style:num-suffix="." text:bullet-char="•">
    <style:properties text:space-before="0.999cm" text:min-label-width="0.499cm" style:font-name="StarSymbol"/>
   </text:list-level-style-bullet>
   <text:list-level-style-bullet text:level="4" text:style-name="Bullet Symbols" style:num-suffix="." text:bullet-char="•">
    <style:properties text:space-before="1.498cm" text:min-label-width="0.499cm" style:font-name="StarSymbol"/>
   </text:list-level-style-bullet>
   <text:list-level-style-bullet text:level="5" text:style-name="Bullet Symbols" style:num-suffix="." text:bullet-char="•">
    <style:properties text:space-before="1.997cm" text:min-label-width="0.499cm" style:font-name="StarSymbol"/>
   </text:list-level-style-bullet>
   <text:list-level-style-number text:level="6" style:num-suffix="." style:num-format="1">
    <style:properties text:space-before="2.501cm" text:min-label-width="0.499cm"/>
   </text:list-level-style-number>
   <text:list-level-style-number text:level="7" style:num-suffix="." style:num-format="1">
    <style:properties text:space-before="3.001cm" text:min-label-width="0.499cm"/>
   </text:list-level-style-number>
   <text:list-level-style-number text:level="8" style:num-suffix="." style:num-format="1">
    <style:properties text:space-before="3.502cm" text:min-label-width="0.499cm"/>
   </text:list-level-style-number>
   <text:list-level-style-number text:level="9" style:num-suffix="." style:num-format="1">
    <style:properties text:space-before="4.001cm" text:min-label-width="0.499cm"/>
   </text:list-level-style-number>
   <text:list-level-style-number text:level="10" style:num-suffix="." style:num-format="1">
    <style:properties text:space-before="4.502cm" text:min-label-width="0.499cm"/>
   </text:list-level-style-number>
  </text:list-style>
  <text:list-style style:name="L13">
   <text:list-level-style-bullet text:level="1" text:style-name="Bullet Symbols" style:num-suffix="." text:bullet-char="•">
    <style:properties text:min-label-width="0.499cm" style:font-name="StarSymbol"/>
   </text:list-level-style-bullet>
   <text:list-level-style-bullet text:level="2" text:style-name="Bullet Symbols" style:num-suffix="." text:bullet-char="•">
    <style:properties text:space-before="0.499cm" text:min-label-width="0.499cm" style:font-name="StarSymbol"/>
   </text:list-level-style-bullet>
   <text:list-level-style-bullet text:level="3" text:style-name="Bullet Symbols" style:num-suffix="." text:bullet-char="•">
    <style:properties text:space-before="0.999cm" text:min-label-width="0.499cm" style:font-name="StarSymbol"/>
   </text:list-level-style-bullet>
   <text:list-level-style-bullet text:level="4" text:style-name="Bullet Symbols" style:num-suffix="." text:bullet-char="•">
    <style:properties text:space-before="1.498cm" text:min-label-width="0.499cm" style:font-name="StarSymbol"/>
   </text:list-level-style-bullet>
   <text:list-level-style-bullet text:level="5" text:style-name="Bullet Symbols" style:num-suffix="." text:bullet-char="•">
    <style:properties text:space-before="1.997cm" text:min-label-width="0.499cm" style:font-name="StarSymbol"/>
   </text:list-level-style-bullet>
   <text:list-level-style-number text:level="6" style:num-suffix="." style:num-format="1">
    <style:properties text:space-before="2.501cm" text:min-label-width="0.499cm"/>
   </text:list-level-style-number>
   <text:list-level-style-number text:level="7" style:num-suffix="." style:num-format="1">
    <style:properties text:space-before="3.001cm" text:min-label-width="0.499cm"/>
   </text:list-level-style-number>
   <text:list-level-style-number text:level="8" style:num-suffix="." style:num-format="1">
    <style:properties text:space-before="3.502cm" text:min-label-width="0.499cm"/>
   </text:list-level-style-number>
   <text:list-level-style-number text:level="9" style:num-suffix="." style:num-format="1">
    <style:properties text:space-before="4.001cm" text:min-label-width="0.499cm"/>
   </text:list-level-style-number>
   <text:list-level-style-number text:level="10" style:num-suffix="." style:num-format="1">
    <style:properties text:space-before="4.502cm" text:min-label-width="0.499cm"/>
   </text:list-level-style-number>
  </text:list-style>
  <text:list-style style:name="L14">
   <text:list-level-style-bullet text:level="1" text:style-name="Bullet Symbols" style:num-suffix="." text:bullet-char="•">
    <style:properties text:min-label-width="0.499cm" style:font-name="StarSymbol"/>
   </text:list-level-style-bullet>
   <text:list-level-style-bullet text:level="2" text:style-name="Bullet Symbols" style:num-suffix="." text:bullet-char="•">
    <style:properties text:space-before="0.499cm" text:min-label-width="0.499cm" style:font-name="StarSymbol"/>
   </text:list-level-style-bullet>
   <text:list-level-style-bullet text:level="3" text:style-name="Bullet Symbols" style:num-suffix="." text:bullet-char="•">
    <style:properties text:space-before="0.999cm" text:min-label-width="0.499cm" style:font-name="StarSymbol"/>
   </text:list-level-style-bullet>
   <text:list-level-style-bullet text:level="4" text:style-name="Bullet Symbols" style:num-suffix="." text:bullet-char="•">
    <style:properties text:space-before="1.498cm" text:min-label-width="0.499cm" style:font-name="StarSymbol"/>
   </text:list-level-style-bullet>
   <text:list-level-style-bullet text:level="5" text:style-name="Bullet Symbols" style:num-suffix="." text:bullet-char="•">
    <style:properties text:space-before="1.997cm" text:min-label-width="0.499cm" style:font-name="StarSymbol"/>
   </text:list-level-style-bullet>
   <text:list-level-style-number text:level="6" style:num-suffix="." style:num-format="1">
    <style:properties text:space-before="2.501cm" text:min-label-width="0.499cm"/>
   </text:list-level-style-number>
   <text:list-level-style-number text:level="7" style:num-suffix="." style:num-format="1">
    <style:properties text:space-before="3.001cm" text:min-label-width="0.499cm"/>
   </text:list-level-style-number>
   <text:list-level-style-number text:level="8" style:num-suffix="." style:num-format="1">
    <style:properties text:space-before="3.502cm" text:min-label-width="0.499cm"/>
   </text:list-level-style-number>
   <text:list-level-style-number text:level="9" style:num-suffix="." style:num-format="1">
    <style:properties text:space-before="4.001cm" text:min-label-width="0.499cm"/>
   </text:list-level-style-number>
   <text:list-level-style-number text:level="10" style:num-suffix="." style:num-format="1">
    <style:properties text:space-before="4.502cm" text:min-label-width="0.499cm"/>
   </text:list-level-style-number>
  </text:list-style>
  <text:list-style style:name="L15">
   <text:list-level-style-bullet text:level="1" text:style-name="Bullet Symbols" style:num-suffix="." text:bullet-char="•">
    <style:properties text:min-label-width="0.499cm" style:font-name="StarSymbol"/>
   </text:list-level-style-bullet>
   <text:list-level-style-bullet text:level="2" text:style-name="Bullet Symbols" style:num-suffix="." text:bullet-char="•">
    <style:properties text:space-before="0.499cm" text:min-label-width="0.499cm" style:font-name="StarSymbol"/>
   </text:list-level-style-bullet>
   <text:list-level-style-bullet text:level="3" text:style-name="Bullet Symbols" style:num-suffix="." text:bullet-char="•">
    <style:properties text:space-before="0.999cm" text:min-label-width="0.499cm" style:font-name="StarSymbol"/>
   </text:list-level-style-bullet>
   <text:list-level-style-bullet text:level="4" text:style-name="Bullet Symbols" style:num-suffix="." text:bullet-char="•">
    <style:properties text:space-before="1.498cm" text:min-label-width="0.499cm" style:font-name="StarSymbol"/>
   </text:list-level-style-bullet>
   <text:list-level-style-bullet text:level="5" text:style-name="Bullet Symbols" style:num-suffix="." text:bullet-char="•">
    <style:properties text:space-before="1.997cm" text:min-label-width="0.499cm" style:font-name="StarSymbol"/>
   </text:list-level-style-bullet>
   <text:list-level-style-number text:level="6" style:num-suffix="." style:num-format="1">
    <style:properties text:space-before="2.501cm" text:min-label-width="0.499cm"/>
   </text:list-level-style-number>
   <text:list-level-style-number text:level="7" style:num-suffix="." style:num-format="1">
    <style:properties text:space-before="3.001cm" text:min-label-width="0.499cm"/>
   </text:list-level-style-number>
   <text:list-level-style-number text:level="8" style:num-suffix="." style:num-format="1">
    <style:properties text:space-before="3.502cm" text:min-label-width="0.499cm"/>
   </text:list-level-style-number>
   <text:list-level-style-number text:level="9" style:num-suffix="." style:num-format="1">
    <style:properties text:space-before="4.001cm" text:min-label-width="0.499cm"/>
   </text:list-level-style-number>
   <text:list-level-style-number text:level="10" style:num-suffix="." style:num-format="1">
    <style:properties text:space-before="4.502cm" text:min-label-width="0.499cm"/>
   </text:list-level-style-number>
  </text:list-style>
 </office:automatic-styles>
 <office:body>
  <text:variable-decls>
   <text:variable-decl text:value-type="string" text:name="HTML_ON"/>
   <text:variable-decl text:value-type="string" text:name="HTML_OFF"/>
   <text:variable-decl text:value-type="string" text:name="TITEL"/>
   <text:variable-decl text:value-type="string" text:name="END"/>
   <text:variable-decl text:value-type="string" text:name="MAC"/>
   <text:variable-decl text:value-type="string" text:name="ELSE"/>
   <text:variable-decl text:value-type="string" text:name="HREF"/>
   <text:variable-decl text:value-type="string" text:name="NAME"/>
   <text:variable-decl text:value-type="string" text:name="HelpID"/>
   <text:variable-decl text:value-type="string" text:name="MODIFY"/>
   <text:variable-decl text:value-type="string" text:name="REFNR"/>
   <text:variable-decl text:value-type="string" text:name="AKTHLP"/>
   <text:variable-decl text:value-type="string" text:name="INDEX"/>
   <text:variable-decl text:value-type="string" text:name="PARAINFO"/>
  </text:variable-decls>
  <text:sequence-decls>
   <text:sequence-decl text:display-outline-level="0" text:name="Illustration"/>
   <text:sequence-decl text:display-outline-level="0" text:name="Table"/>
   <text:sequence-decl text:display-outline-level="0" text:name="Text"/>
   <text:sequence-decl text:display-outline-level="0" text:name="Drawing"/>
  </text:sequence-decls>
  <text:p text:style-name="P1"/>
  <text:p text:style-name="Head 1"><help:paragraphinfo state="U" number="1"/><a name="klaugru"/><help:key-word value="brackets and grouping in %PRODUCTNAME Math" tag="kw67338_1"/><help:key-word value="grouping and brackets in %PRODUCTNAME Math" tag="kw67338_2"/><help:link Id="67338">Brackets and Grouping</help:link></text:p>
  <text:p text:style-name="Paragraph"><help:paragraphinfo state="U" number="2"/>Note: the quotation marks in the examples are used to emphasize text and do not belong to the content of the formulas and commands.</text:p>
  <table:table table:name="Tabelle5" table:style-name="Tabelle5">
   <table:table-column table:style-name="Tabelle5.A"/>
   <table:table-column table:style-name="Tabelle5.B"/>
   <table:table-header-rows>
    <table:table-row table:style-name="Tabelle5.1">
     <table:table-cell table:style-name="Tabelle5.A1" table:value-type="string">
      <text:p text:style-name="Paragraph"><draw:image draw:name="Icon0" svg:desc="Warning Icon" svg:pixelx="32" svg:pixely="32" svg:width="0.847cm" svg:height="0.847cm" xlink:href="65640" draw:filter-name=""/></text:p>

     </table:table-cell>
     <table:table-cell table:style-name="Tabelle5.A1" table:value-type="string">
      <text:p text:style-name="Paragraph"><help:paragraphinfo state="U" number="3"/>When typing example formulas into the <text:span text:style-name="T1">Commands</text:span> window, note that spaces are often required for correct structure.</text:p>
     </table:table-cell>
    </table:table-row>
   </table:table-header-rows>
  </table:table>
  <text:p text:style-name="Paragraph"><help:paragraphinfo state="U" number="4"/>Braces &quot;{}&quot; are used to group expressions together to form one new expression. <text:s/>For example, &quot;sqrt {x * y}&quot; is the square root of the entire product x*y, while &quot;sqrt x * y&quot; is the square root of x multiplied by y. <text:s/>Braces do not require an extra space.</text:p>
  <text:p text:style-name="Paragraph"><help:paragraphinfo state="U" number="5"/>Set brackets were previously inserted in the Selection window or directly in the Command window as &quot;left lbrace &lt;?&gt; right rbrace&quot;. Now, a left and a right set bracket can also be inserted using &quot;lbrace&quot; and &quot;rbrace&quot;, without or without wildcards.</text:p>
  <text:p text:style-name="Paragraph"><help:paragraphinfo state="U" number="6"/>There are a total of eight (8) different types of brackets available. The &quot;ceil&quot; and &quot;floor&quot; brackets are often used for rounding up or down the argument to the next integer: &quot;lceil -3.7 rceil = -3&quot; or &quot;lfloor -3.7 rfloor = -4&quot;.</text:p>
  <text:p text:style-name="Paragraph"><help:paragraphinfo state="U" number="63"/>Operator brackets, also known as Bra-kets (angle brackets with a vertical line in between), are common in Physics notation: &quot;langle a mline b rangle&quot; or &quot;langle a mline b mline c over d mline e rangle.&quot; The height and positioning of the vertical lines always corresponds exactly to the enclosing brackets.</text:p>
  <text:p text:style-name="Paragraph"><help:paragraphinfo state="U" number="7"/>All brackets may only be used in pairs. The brackets have some common characteristics:</text:p>
  <text:p text:style-name="Paragraph"><help:paragraphinfo state="U" number="8"/>All types of brackets have the same grouping function as described for &quot;{}&quot;<text:span text:style-name="T1">-</text:span> brackets.</text:p>
  <text:p text:style-name="Paragraph"><help:paragraphinfo state="U" number="9"/>All types of brackets, including those that are visible, permit empty group definition. The enclosed expression may therefore be empty.</text:p>
  <text:p text:style-name="Paragraph"><help:paragraphinfo state="U" number="10"/>Brackets do not adjust their size to the enclosed expression. For example, if you want &quot;( a over b )&quot; with a bracket size adjusted to a and b you must insert &quot;left&quot; and &quot;right&quot;. Entering &quot;left(a over b right)&quot; produces appropriate sizing. <text:s/>If, however, the brackets themselves are part of the expression whose size is changed, they are included the size change: &quot;size 3(a over b)&quot; and &quot;size 12(a over b)&quot;. <text:s/>The sizing of the bracket-to-bracket expression ratio does not change in any way.</text:p>
  <text:p text:style-name="Paragraph"><help:paragraphinfo state="U" number="11"/>Since &quot;left&quot; and &quot;right&quot; ensure unique assignment of the brackets, every single bracket can be used as an argument for these two commands, even placing right brackets on the left side, or left brackets on the right. Instead of a bracket you can use the &quot;none&quot; qualifier, which means that there is no bracket shown and that there is no space reserved for a bracket. Using this, you can create the following expressions:</text:p>
  <text:unordered-list text:style-name="L1">
   <text:list-item>
    <text:p text:style-name="P2"><help:paragraphinfo state="U" number="12"/>left lbrace x right none</text:p>
   </text:list-item>
   <text:list-item>
    <text:p text:style-name="P2"><help:paragraphinfo state="U" number="13"/>left [ x right )</text:p>
   </text:list-item>
   <text:list-item>
    <text:p text:style-name="P2"><help:paragraphinfo state="U" number="14"/>left ] x right [</text:p>
   </text:list-item>
   <text:list-item>
    <text:p text:style-name="P2"><help:paragraphinfo state="U" number="15"/>left rangle x right lfloor</text:p>
   </text:list-item>
  </text:unordered-list>
  <text:p text:style-name="Paragraph"><help:paragraphinfo state="U" number="16"/>The same rules apply to &quot;left&quot; and &quot;right&quot; as to the other brackets: they also work as group builders and may enclose empty expressions.</text:p>
  <text:p text:style-name="Paragraph"><help:paragraphinfo state="U" number="17"/>The combination of mismatched brackets, single brackets and repositioned left and right brackets occurs often in mathematical formulas. The following is a formula that will create an error when typed:</text:p>
  <text:unordered-list text:style-name="L2">
   <text:list-item>
    <text:p text:style-name="P3"><help:paragraphinfo state="U" number="19"/>[2, 3) - right open interval</text:p>
   </text:list-item>
  </text:unordered-list>
  <text:p text:style-name="Paragraph"><help:paragraphinfo state="U" number="23"/>Using &quot;left&quot; and &quot;right&quot; makes the above expression valid in <help:productname>%PRODUCTNAME</help:productname> Math: &quot;left [2, 3 right )&quot;. <text:s/>However, the brackets do not have any fixed size because they adjust to the argument. Setting a single bracket is a bit cumbersome. Therefore, there you can display single brackets with a fixed size by placing a &quot;\&quot; (backslash) in front of normal brackets. These brackets then act like any other symbol and no longer have the special functionality of brackets; that is they do not work as group builders and their orientation corresponds to that of other symbols. See &quot;size *2 \langle x \rangle&quot; and &quot;size *2 langle x rangle&quot;.</text:p>
  <text:p text:style-name="Paragraph"><help:paragraphinfo state="U" number="24"/>The complete overview is as follows</text:p>
  <text:unordered-list text:style-name="L3">
   <text:list-item>
    <text:p text:style-name="P4"><help:paragraphinfo state="U" number="25"/>\{ or \lbrace, \} or \rbrace</text:p>
   </text:list-item>
  </text:unordered-list>
  <text:unordered-list text:style-name="L4">
   <text:list-item>
    <text:p text:style-name="P5"><help:paragraphinfo state="U" number="26"/>\(, \)</text:p>
   </text:list-item>
  </text:unordered-list>
  <text:unordered-list text:style-name="L5">
   <text:list-item>
    <text:p text:style-name="P6"><help:paragraphinfo state="U" number="27"/>\[, \]</text:p>
   </text:list-item>
  </text:unordered-list>
  <text:unordered-list text:style-name="L6">
   <text:list-item>
    <text:p text:style-name="P7"><help:paragraphinfo state="U" number="28"/>\langle, \rangle</text:p>
   </text:list-item>
  </text:unordered-list>
  <text:unordered-list text:style-name="L7">
   <text:list-item>
    <text:p text:style-name="P8"><help:paragraphinfo state="U" number="29"/>\lceil, \rceil</text:p>
   </text:list-item>
  </text:unordered-list>
  <text:unordered-list text:style-name="L8">
   <text:list-item>
    <text:p text:style-name="P9"><help:paragraphinfo state="U" number="30"/>\lfloor, \rfloor</text:p>
   </text:list-item>
  </text:unordered-list>
  <text:unordered-list text:style-name="L9">
   <text:list-item>
    <text:p text:style-name="P10"><help:paragraphinfo state="U" number="31"/>\lline, \rline</text:p>
   </text:list-item>
  </text:unordered-list>
  <text:unordered-list text:style-name="L10">
   <text:list-item>
    <text:p text:style-name="P11"><help:paragraphinfo state="U" number="32"/>\ldline, \rdline</text:p>
   </text:list-item>
  </text:unordered-list>
  <text:p text:style-name="Paragraph"><help:paragraphinfo state="U" number="33"/>In this way, intervals like the one above can be built in <text:span text:style-name="T1"><help:productname>%PRODUCTNAME</help:productname> Math</text:span> without any problems: \[2&quot;, &quot;3\) or &quot;\]2&quot;, &quot;3\[ (Attention: These quotation marks are part of the entry.)</text:p>
  <table:table table:name="Tabelle3" table:style-name="Tabelle3">
   <table:table-column table:style-name="Tabelle3.A"/>
   <table:table-column table:style-name="Tabelle3.B"/>
   <table:table-header-rows>
    <table:table-row table:style-name="Tabelle3.1">
     <table:table-cell table:style-name="Tabelle3.A1" table:value-type="string">
      <text:p text:style-name="Paragraph"><draw:image draw:name="Icon1" svg:desc="Note Icon" svg:pixelx="32" svg:pixely="32" svg:width="0.847cm" svg:height="0.847cm" xlink:href="65980" draw:filter-name=""/></text:p>

     </table:table-cell>
     <table:table-cell table:style-name="Tabelle3.A1" table:value-type="string">
      <text:p text:style-name="Paragraph"><help:paragraphinfo state="U" number="34"/>Please note that the quotation marks must be entered and can be obtained with <text:span text:style-name="T1">Shift+2</text:span> and not with typographical quotation marks. Generally, punctuation marks (like the comma in this case) are set as text. <text:s/>Although it is also possible to type &quot;\[2,~3\)&quot; the above option is preferable. In the previous example, &quot;fixed size&quot; always describes a bracket size dependent on the font size used.</text:p>
     </table:table-cell>
    </table:table-row>
   </table:table-header-rows>
  </table:table>
  <text:p text:style-name="Paragraph"><help:paragraphinfo state="U" number="35"/>Nesting groups within each other is relatively problem-free. In the formula hat &quot;{a + b}&quot; the &quot;hat&quot; is displayed simply over the center of &quot;{a + b}&quot;. Also, &quot;color red lceil a rceil&quot; and &quot;grave hat langle x * y rangle&quot; work as expected. The result of the latter can be compared to &quot;grave {hat langle x * y rangle}.&quot; <text:s/>These attributes do not compete, but rather can be combined.</text:p>
  <text:p text:style-name="Paragraph"><help:paragraphinfo state="U" number="36"/>This differs slightly for competing or mutually influencing attributes. This is often the case with font attributes. For example, which color does the b have in &quot;color yellow color red (a + color green b)&quot;, or which size does it have in &quot;size *4 (a + size /2 b)&quot;? Given a base size of 12, does it have the size 48, 6 or even 24 (which could be seen as a combination)? The following are basic resolution rules, which will be followed consistently in the future. <text:s/>In general, the rules apply to all group operations. This only has a visible effect on the font attributes, like &quot;bold&quot;, &quot;ital&quot;, &quot;phantom&quot;, &quot;size&quot;, &quot;color&quot; and &quot;font&quot;:</text:p>
  <text:unordered-list text:style-name="L11">
   <text:list-item>
    <text:p text:style-name="P12"><help:paragraphinfo state="U" number="37"/>Group operations in sequence are treated as if every single operation is enclosed by braces. They are nested, and in every level there can be no more than one operation. <text:s/>Here is an example of a formula with many group operations: &quot;size 12 color red font sans size -5 (a + size 8 b)&quot; like &quot;{size 12{color red{font sans{size -5 (a + {size 8 b})}}}}&quot;.</text:p>
   </text:list-item>
  </text:unordered-list>
  <text:unordered-list text:style-name="L12">
   <text:list-item>
    <text:p text:style-name="P13"><help:paragraphinfo state="U" number="38"/>This example formula is then interpreted from left to right. <text:s/>The operations only affect its corresponding group (or expression). <text:s/>Operations further to the right &quot;replace&quot; or &quot;combine themselves with&quot; their predecessors.</text:p>
   </text:list-item>
  </text:unordered-list>
  <text:unordered-list text:style-name="L13">
   <text:list-item>
    <text:p text:style-name="P14"><help:paragraphinfo state="U" number="39"/>A group operation does not have any effect on higher-level operations but rather affects only lower-level groups and expressions, including their brackets and super-/subscripts. For example, &quot;a + size *2 (b * size -8 c_1)^2&quot;</text:p>
   </text:list-item>
  </text:unordered-list>
  <table:table table:name="Tabelle2" table:style-name="Tabelle2">
   <table:table-column table:style-name="Tabelle2.A"/>
   <table:table-column table:style-name="Tabelle2.B"/>
   <table:table-header-rows>
    <table:table-row table:style-name="Tabelle2.1">
     <table:table-cell table:style-name="Tabelle2.A1" table:value-type="string">
      <text:p text:style-name="Paragraph"><draw:image draw:name="Icon2" svg:desc="Note Icon" svg:pixelx="32" svg:pixely="32" svg:width="0.847cm" svg:height="0.847cm" xlink:href="65980" draw:filter-name=""/></text:p>

     </table:table-cell>
     <table:table-cell table:style-name="Tabelle2.A1" table:value-type="string">
      <text:p text:style-name="Paragraph"><help:paragraphinfo state="U" number="40"/>&quot;color ...&quot; and &quot;font ...&quot; as well as &quot;size n&quot; (n is a decimal) replace any preceding operations of the same type</text:p>
      <text:p text:style-name="Paragraph"><help:paragraphinfo state="U" number="41"/>for &quot;size +n&quot;, &quot;size -n&quot;, &quot;size *n&quot;, and &quot;size /n&quot; the effects of the operations are combined,</text:p>
      <text:p text:style-name="Paragraph"><help:paragraphinfo state="U" number="42"/>&quot;size *2 size -5 a&quot; would be double the starting size minus 5</text:p>
      <text:p text:style-name="Paragraph"><help:paragraphinfo state="U" number="43"/>&quot;font sans ( a + font serif b)&quot;</text:p>
      <text:p text:style-name="Paragraph"><help:paragraphinfo state="U" number="44"/>&quot;size *2 ( a + size /2 b )&quot;</text:p>
     </table:table-cell>
    </table:table-row>
   </table:table-header-rows>
  </table:table>
  <text:p text:style-name="Paragraph"><help:paragraphinfo state="U" number="45"/>For the StarSymbol Unicode font there are 2 exceptions to these rules:</text:p>
  <text:unordered-list text:style-name="L14">
   <text:list-item>
    <text:p text:style-name="P15"><help:paragraphinfo state="U" number="46"/>It ignores &quot;font&quot; commands. Otherwise, there would often be different characters from the ones desired, for example, &quot;font sans (a oplus b)&quot; would then neither have brackets nor an &quot;oplus&quot;.</text:p>
   </text:list-item>
  </text:unordered-list>
  <text:unordered-list text:style-name="L15">
   <text:list-item>
    <text:p text:style-name="P16"><help:paragraphinfo state="U" number="47"/>The &quot;ital&quot; command is ignored, for example, &quot;ital (a + b)&quot;. This happens because italicized mathematical symbols are uncommon, even in combination with text in italics.</text:p>
   </text:list-item>
  </text:unordered-list>
  <table:table table:name="Tabelle8" table:style-name="Tabelle8">
   <table:table-column table:style-name="Tabelle8.A"/>
   <table:table-column table:style-name="Tabelle8.B"/>
   <table:table-header-rows>
    <table:table-row table:style-name="Tabelle8.1">
     <table:table-cell table:style-name="Tabelle8.A1" table:value-type="string">
      <text:p text:style-name="Paragraph"><draw:image draw:name="Icon3" svg:desc="Tip Icon" svg:pixelx="32" svg:pixely="32" svg:width="0.847cm" svg:height="0.847cm" xlink:href="66732" draw:filter-name=""/></text:p>

     </table:table-cell>
     <table:table-cell table:style-name="Tabelle8.A1" table:value-type="string">
      <text:p text:style-name="Paragraph"><help:paragraphinfo state="U" number="50"/>To change the size of a formula, use &quot;size +&quot; or -,*,/. Do not use &quot;size n&quot;. These can easily be used in any context. This enables you to copy to other areas by using Copy and Paste, and the result remains the same. Furthermore, such expressions survive a change of base size in the menu better than when using &quot;size n&quot;. If you use only &quot;size *&quot; and &quot;size /&quot; (for example, &quot;size *1.24 a or size /0.86 a&quot;) the proportions remain intact.</text:p>
      <text:p text:style-name="Paragraph"><help:paragraphinfo state="U" number="51"/>Examples (with a base size of 12 and 50% for indexes):</text:p>
      <text:p text:style-name="Paragraph"><help:paragraphinfo state="U" number="52"/>Exactly identical proportions with &quot;size 18 a_n&quot; and &quot;size *1.5 a_n&quot;.</text:p>
      <text:p text:style-name="Paragraph"><help:paragraphinfo state="U" number="53"/>This differs in different contexts: &quot;x^{size 18 a_n}&quot; and &quot;x^{size *1.5 a_n}&quot;</text:p>
      <text:p text:style-name="Paragraph"><help:paragraphinfo state="U" number="54"/>Examples with size +n for a comparison. They look identical:</text:p>
      <text:p text:style-name="Paragraph"><help:paragraphinfo state="U" number="55"/>a_{size 8 n}</text:p>
      <text:p text:style-name="Paragraph"><help:paragraphinfo state="U" number="56"/>a_{size +2 n}</text:p>
      <text:p text:style-name="Paragraph"><help:paragraphinfo state="U" number="57"/>a_{size *1.333 n}</text:p>
      <text:p text:style-name="Paragraph"><help:paragraphinfo state="U" number="58"/>The following examples, however, do not look identical:</text:p>
      <text:p text:style-name="Paragraph"><help:paragraphinfo state="U" number="59"/>x^{a_{size 8 n}}</text:p>
      <text:p text:style-name="Paragraph"><help:paragraphinfo state="U" number="60"/>x^{a_{size +2 n}}</text:p>
      <text:p text:style-name="Paragraph"><help:paragraphinfo state="U" number="61"/>x^{a_{size *1.333 n}}</text:p>
      <text:p text:style-name="Paragraph"><help:paragraphinfo state="U" number="62"/>Note that all n here have different sizes. The size 1.333 results from 8/6, the desired size divided by the default index size 6. (Index size 50% with a base size of 12)</text:p>
     </table:table-cell>
    </table:table-row>
   </table:table-header-rows>
  </table:table>
 </office:body>
</office:document>
