

<office:document  xmlns:office="http://openoffice.org/2000/office" xmlns:style="http://openoffice.org/2000/style" xmlns:text="http://openoffice.org/2000/text" xmlns:table="http://openoffice.org/2000/table" xmlns:draw="http://openoffice.org/2000/drawing" xmlns:fo="http://www.w3.org/1999/XSL/Format" xmlns:xlink="http://www.w3.org/1999/xlink" xmlns:number="http://openoffice.org/2000/datastyle" xmlns:svg="http://www.w3.org/2000/svg" xmlns:chart="http://openoffice.org/2000/chart" xmlns:dr3d="http://openoffice.org/2000/dr3d" xmlns:math="http://www.w3.org/1998/Math/MathML" xmlns:form="http://openoffice.org/2000/form" xmlns:script="http://openoffice.org/2000/script" office:class="text" office:version="1.0" xmlns:dc="http://purl.org/dc/elements/1.1/" xmlns:meta="http://openoffice.org/2000/meta" xmlns:help="http://openoffice.org/2000/help">
<office:meta>
  <dc:description>text/smath/01/03090600</dc:description>
  <dc:subject>Attributes</dc:subject>
  <meta:keywords>
   <meta:keyword>$Version</meta:keyword>
  </meta:keywords>
  <dc:language>en-US</dc:language>
  <meta:user-defined meta:name="Info 0">READY</meta:user-defined>
  <meta:user-defined meta:name="Info 1">FREE_OK</meta:user-defined>
  <meta:user-defined meta:name="Info 2"/>
  <meta:user-defined meta:name="Info 3"/>
</office:meta>
 <office:script/>
 <office:font-decls>
  <style:font-decl style:name="StarSymbol" fo:font-family="StarSymbol" style:font-charset="x-symbol"/>
  <style:font-decl style:name="Courier New" fo:font-family="&apos;Courier New&apos;" style:font-style-name="Standard" style:font-family-generic="modern" style:font-pitch="fixed"/>
  <style:font-decl style:name="Courier" fo:font-family="Courier" style:font-family-generic="roman" style:font-pitch="fixed"/>
  <style:font-decl style:name="Arial Unicode MS" fo:font-family="&apos;Arial Unicode MS&apos;" style:font-pitch="variable"/>
  <style:font-decl style:name="HG Mincho Light J" fo:font-family="&apos;HG Mincho Light J&apos;" style:font-pitch="variable"/>
  <style:font-decl style:name="Times New Roman3" fo:font-family="&apos;Times New Roman&apos;" style:font-pitch="variable"/>
  <style:font-decl style:name="Thorndale" fo:font-family="Thorndale" style:font-family-generic="roman" style:font-pitch="variable"/>
  <style:font-decl style:name="Times New Roman2" fo:font-family="&apos;Times New Roman&apos;" style:font-style-name="Fett" style:font-family-generic="roman" style:font-pitch="variable"/>
  <style:font-decl style:name="Times New Roman" fo:font-family="&apos;Times New Roman&apos;" style:font-style-name="Standard" style:font-family-generic="roman" style:font-pitch="variable"/>
  <style:font-decl style:name="Times New Roman1" fo:font-family="&apos;Times New Roman&apos;" style:font-family-generic="swiss" style:font-pitch="variable"/>
 </office:font-decls>
 <office:automatic-styles>
  <style:style style:name="Tabelle3" style:family="table">
   <style:properties style:width="18cm" table:align="margins"/>
  </style:style>
  <style:style style:name="Tabelle3.A" style:family="table-column">
   <style:properties style:column-width="1.499cm" style:rel-column-width="5460*"/>
  </style:style>
  <style:style style:name="Tabelle3.B" style:family="table-column">
   <style:properties style:column-width="16.501cm" style:rel-column-width="60074*"/>
  </style:style>
  <style:style style:name="Tabelle3.A1" style:family="table-cell">
   <style:properties fo:padding="0cm" fo:border="none"/>
  </style:style>
  <style:style style:name="Tabelle2" style:family="table">
   <style:properties style:width="17.995cm" fo:margin-left="0cm" fo:margin-right="0.005cm" table:align="margins"/>
  </style:style>
  <style:style style:name="Tabelle2.A" style:family="table-column">
   <style:properties style:column-width="1.501cm" style:rel-column-width="5465*"/>
  </style:style>
  <style:style style:name="Tabelle2.B" style:family="table-column">
   <style:properties style:column-width="16.494cm" style:rel-column-width="60051*"/>
  </style:style>
  <style:style style:name="Tabelle5" style:family="table">
   <style:properties style:width="17.995cm" fo:margin-left="0cm" fo:margin-right="0.005cm" table:align="margins"/>
  </style:style>
  <style:style style:name="Tabelle5.A" style:family="table-column">
   <style:properties style:column-width="1.501cm" style:rel-column-width="5465*"/>
  </style:style>
  <style:style style:name="Tabelle5.B" style:family="table-column">
   <style:properties style:column-width="16.494cm" style:rel-column-width="60051*"/>
  </style:style>
  <style:style style:name="Tabelle7" style:family="table">
   <style:properties style:width="17.995cm" fo:margin-left="0cm" fo:margin-right="0.005cm" table:align="margins"/>
  </style:style>
  <style:style style:name="Tabelle7.A" style:family="table-column">
   <style:properties style:column-width="1.501cm" style:rel-column-width="5465*"/>
  </style:style>
  <style:style style:name="Tabelle7.B" style:family="table-column">
   <style:properties style:column-width="16.494cm" style:rel-column-width="60051*"/>
  </style:style>
  <style:style style:name="Tabelle6" style:family="table">
   <style:properties style:width="17.995cm" fo:margin-left="0cm" fo:margin-right="0.005cm" table:align="margins"/>
  </style:style>
  <style:style style:name="Tabelle6.A" style:family="table-column">
   <style:properties style:column-width="1.501cm" style:rel-column-width="5465*"/>
  </style:style>
  <style:style style:name="Tabelle6.B" style:family="table-column">
   <style:properties style:column-width="16.494cm" style:rel-column-width="60051*"/>
  </style:style>
  <style:style style:name="Tabelle17" style:family="table">
   <style:properties style:width="17.995cm" fo:margin-left="0cm" fo:margin-right="0.005cm" table:align="margins"/>
  </style:style>
  <style:style style:name="Tabelle17.A" style:family="table-column">
   <style:properties style:column-width="1.501cm" style:rel-column-width="5465*"/>
  </style:style>
  <style:style style:name="Tabelle17.B" style:family="table-column">
   <style:properties style:column-width="16.494cm" style:rel-column-width="60051*"/>
  </style:style>
  <style:style style:name="Tabelle8" style:family="table">
   <style:properties style:width="17.995cm" fo:margin-left="0cm" fo:margin-right="0.005cm" table:align="margins"/>
  </style:style>
  <style:style style:name="Tabelle8.A" style:family="table-column">
   <style:properties style:column-width="1.501cm" style:rel-column-width="5465*"/>
  </style:style>
  <style:style style:name="Tabelle8.B" style:family="table-column">
   <style:properties style:column-width="16.494cm" style:rel-column-width="60051*"/>
  </style:style>
  <style:style style:name="Tabelle11" style:family="table">
   <style:properties style:width="17.995cm" fo:margin-left="0cm" fo:margin-right="0.005cm" table:align="margins"/>
  </style:style>
  <style:style style:name="Tabelle11.A" style:family="table-column">
   <style:properties style:column-width="1.501cm" style:rel-column-width="5465*"/>
  </style:style>
  <style:style style:name="Tabelle11.B" style:family="table-column">
   <style:properties style:column-width="16.494cm" style:rel-column-width="60051*"/>
  </style:style>
  <style:style style:name="Tabelle10" style:family="table">
   <style:properties style:width="17.995cm" fo:margin-left="0cm" fo:margin-right="0.005cm" table:align="margins"/>
  </style:style>
  <style:style style:name="Tabelle10.A" style:family="table-column">
   <style:properties style:column-width="1.501cm" style:rel-column-width="5464*"/>
  </style:style>
  <style:style style:name="Tabelle10.B" style:family="table-column">
   <style:properties style:column-width="16.494cm" style:rel-column-width="60052*"/>
  </style:style>
  <style:style style:name="Tabelle19" style:family="table">
   <style:properties style:width="17.995cm" fo:margin-left="0cm" fo:margin-right="0.005cm" table:align="margins"/>
  </style:style>
  <style:style style:name="Tabelle19.A" style:family="table-column">
   <style:properties style:column-width="1.501cm" style:rel-column-width="5465*"/>
  </style:style>
  <style:style style:name="Tabelle19.B" style:family="table-column">
   <style:properties style:column-width="16.494cm" style:rel-column-width="60051*"/>
  </style:style>
  <style:style style:name="Tabelle18" style:family="table">
   <style:properties style:width="17.995cm" fo:margin-left="0cm" fo:margin-right="0.005cm" table:align="margins"/>
  </style:style>
  <style:style style:name="Tabelle18.A" style:family="table-column">
   <style:properties style:column-width="1.501cm" style:rel-column-width="5464*"/>
  </style:style>
  <style:style style:name="Tabelle18.B" style:family="table-column">
   <style:properties style:column-width="16.494cm" style:rel-column-width="60052*"/>
  </style:style>
  <style:style style:name="Tabelle20" style:family="table">
   <style:properties style:width="17.995cm" fo:margin-left="0cm" fo:margin-right="0.005cm" table:align="margins"/>
  </style:style>
  <style:style style:name="Tabelle20.A" style:family="table-column">
   <style:properties style:column-width="1.501cm" style:rel-column-width="5464*"/>
  </style:style>
  <style:style style:name="Tabelle20.B" style:family="table-column">
   <style:properties style:column-width="16.494cm" style:rel-column-width="60052*"/>
  </style:style>
  <style:style style:name="Tabelle21" style:family="table">
   <style:properties style:width="17.995cm" fo:margin-left="0cm" fo:margin-right="0.005cm" table:align="margins"/>
  </style:style>
  <style:style style:name="Tabelle21.A" style:family="table-column">
   <style:properties style:column-width="1.501cm" style:rel-column-width="5464*"/>
  </style:style>
  <style:style style:name="Tabelle21.B" style:family="table-column">
   <style:properties style:column-width="16.494cm" style:rel-column-width="60052*"/>
  </style:style>
  <style:style style:name="Tabelle22" style:family="table">
   <style:properties style:width="17.995cm" fo:margin-left="0cm" fo:margin-right="0.005cm" table:align="margins"/>
  </style:style>
  <style:style style:name="Tabelle22.A" style:family="table-column">
   <style:properties style:column-width="1.501cm" style:rel-column-width="5464*"/>
  </style:style>
  <style:style style:name="Tabelle22.B" style:family="table-column">
   <style:properties style:column-width="16.494cm" style:rel-column-width="60052*"/>
  </style:style>
  <style:style style:name="Tabelle1" style:family="table">
   <style:properties style:width="17.995cm" fo:margin-left="0cm" fo:margin-right="0.005cm" table:align="margins"/>
  </style:style>
  <style:style style:name="Tabelle1.A" style:family="table-column">
   <style:properties style:column-width="1.501cm" style:rel-column-width="5465*"/>
  </style:style>
  <style:style style:name="Tabelle1.B" style:family="table-column">
   <style:properties style:column-width="16.494cm" style:rel-column-width="60051*"/>
  </style:style>
  <style:style style:name="Tabelle1" style:family="table">
   <style:properties style:width="17.995cm" fo:margin-left="0cm" fo:margin-right="0.005cm" table:align="margins"/>
  </style:style>
  <style:style style:name="Tabelle1.A" style:family="table-column">
   <style:properties style:column-width="1.501cm" style:rel-column-width="5465*"/>
  </style:style>
  <style:style style:name="Tabelle1.B" style:family="table-column">
   <style:properties style:column-width="16.494cm" style:rel-column-width="60051*"/>
  </style:style>
  <style:style style:name="Tabelle12" style:family="table">
   <style:properties style:width="17.995cm" fo:margin-left="0cm" fo:margin-right="0.005cm" table:align="margins"/>
  </style:style>
  <style:style style:name="Tabelle12.A" style:family="table-column">
   <style:properties style:column-width="1.501cm" style:rel-column-width="5465*"/>
  </style:style>
  <style:style style:name="Tabelle12.B" style:family="table-column">
   <style:properties style:column-width="16.494cm" style:rel-column-width="60051*"/>
  </style:style>
  <style:style style:name="Tabelle1" style:family="table">
   <style:properties style:width="17.995cm" fo:margin-left="0cm" fo:margin-right="0.005cm" table:align="margins"/>
  </style:style>
  <style:style style:name="Tabelle1.A" style:family="table-column">
   <style:properties style:column-width="1.501cm" style:rel-column-width="5465*"/>
  </style:style>
  <style:style style:name="Tabelle1.B" style:family="table-column">
   <style:properties style:column-width="16.494cm" style:rel-column-width="60051*"/>
  </style:style>
  <style:style style:name="Tabelle23" style:family="table">
   <style:properties style:width="17.995cm" fo:margin-left="0cm" fo:margin-right="0.005cm" table:align="margins"/>
  </style:style>
  <style:style style:name="Tabelle23.A" style:family="table-column">
   <style:properties style:column-width="1.501cm" style:rel-column-width="5465*"/>
  </style:style>
  <style:style style:name="Tabelle23.B" style:family="table-column">
   <style:properties style:column-width="16.494cm" style:rel-column-width="60051*"/>
  </style:style>
  <style:style style:name="Tabelle14" style:family="table">
   <style:properties style:width="17.995cm" fo:margin-left="0cm" fo:margin-right="0.005cm" table:align="margins"/>
  </style:style>
  <style:style style:name="Tabelle14.A" style:family="table-column">
   <style:properties style:column-width="1.501cm" style:rel-column-width="5464*"/>
  </style:style>
  <style:style style:name="Tabelle14.B" style:family="table-column">
   <style:properties style:column-width="16.494cm" style:rel-column-width="60052*"/>
  </style:style>
  <style:style style:name="Tabelle13" style:family="table">
   <style:properties style:width="17.995cm" fo:margin-left="0cm" fo:margin-right="0.005cm" table:align="margins"/>
  </style:style>
  <style:style style:name="Tabelle13.A" style:family="table-column">
   <style:properties style:column-width="1.501cm" style:rel-column-width="5465*"/>
  </style:style>
  <style:style style:name="Tabelle13.B" style:family="table-column">
   <style:properties style:column-width="16.494cm" style:rel-column-width="60051*"/>
  </style:style>
  <style:style style:name="Tabelle1" style:family="table">
   <style:properties style:width="17.995cm" fo:margin-left="0cm" fo:margin-right="0.005cm" table:align="margins"/>
  </style:style>
  <style:style style:name="Tabelle1.A" style:family="table-column">
   <style:properties style:column-width="1.501cm" style:rel-column-width="5465*"/>
  </style:style>
  <style:style style:name="Tabelle1.B" style:family="table-column">
   <style:properties style:column-width="16.494cm" style:rel-column-width="60051*"/>
  </style:style>
  <style:style style:name="Tabelle15" style:family="table">
   <style:properties style:width="17.995cm" fo:margin-left="0cm" fo:margin-right="0.005cm" table:align="margins"/>
  </style:style>
  <style:style style:name="Tabelle15.A" style:family="table-column">
   <style:properties style:column-width="1.501cm" style:rel-column-width="5464*"/>
  </style:style>
  <style:style style:name="Tabelle15.B" style:family="table-column">
   <style:properties style:column-width="16.494cm" style:rel-column-width="60052*"/>
  </style:style>
  <style:style style:name="Tabelle1" style:family="table">
   <style:properties style:width="17.995cm" fo:margin-left="0cm" fo:margin-right="0.005cm" table:align="margins"/>
  </style:style>
  <style:style style:name="Tabelle1.A" style:family="table-column">
   <style:properties style:column-width="1.501cm" style:rel-column-width="5465*"/>
  </style:style>
  <style:style style:name="Tabelle1.B" style:family="table-column">
   <style:properties style:column-width="16.494cm" style:rel-column-width="60051*"/>
  </style:style>
  <style:style style:name="Tabelle4" style:family="table">
   <style:properties style:width="18cm" table:align="margins"/>
  </style:style>
  <style:style style:name="Tabelle4.A" style:family="table-column">
   <style:properties style:column-width="1.501cm" style:rel-column-width="5466*"/>
  </style:style>
  <style:style style:name="Tabelle4.B" style:family="table-column">
   <style:properties style:column-width="16.499cm" style:rel-column-width="60068*"/>
  </style:style>
  <style:style style:name="Tabelle4.1" style:family="table-row">
   <style:properties style:min-row-height="0.848cm"/>
  </style:style>
  <style:style style:name="Tabelle4.A1" style:family="table-cell">
   <style:properties fo:padding="0cm" fo:border="none"/>
  </style:style>
  <style:style style:name="Tabelle16" style:family="table">
   <style:properties style:width="18cm" table:align="margins"/>
  </style:style>
  <style:style style:name="Tabelle16.A" style:family="table-column">
   <style:properties style:column-width="1.524cm" style:rel-column-width="864*"/>
  </style:style>
  <style:style style:name="Tabelle16.B" style:family="table-column">
   <style:properties style:column-width="16.475cm" style:rel-column-width="9339*"/>
  </style:style>
  <style:style style:name="Tabelle16.1" style:family="table-row">
   <style:properties style:min-row-height="0.848cm"/>
  </style:style>
  <style:style style:name="Tabelle16.A1" style:family="table-cell">
   <style:properties fo:padding="0cm" fo:border="none"/>
  </style:style>
  <style:style style:name="Tabelle9" style:family="table">
   <style:properties style:width="18cm" table:align="margins"/>
  </style:style>
  <style:style style:name="Tabelle9.A" style:family="table-column">
   <style:properties style:column-width="1.499cm" style:rel-column-width="5460*"/>
  </style:style>
  <style:style style:name="Tabelle9.B" style:family="table-column">
   <style:properties style:column-width="16.501cm" style:rel-column-width="60074*"/>
  </style:style>
  <style:style style:name="Tabelle9.1" style:family="table-row">
   <style:properties style:min-row-height="0.848cm"/>
  </style:style>
  <style:style style:name="Tabelle9.A1" style:family="table-cell">
   <style:properties fo:padding="0cm" fo:border="none"/>
  </style:style>
  <style:style style:name="P1" style:family="paragraph" style:parent-style-name="Paragraph" style:master-page-name="HTML">
   <style:properties style:page-number="0"/>
  </style:style>
  <style:style style:name="T1" style:family="text">
   <style:properties fo:font-weight="bold"/>
  </style:style>
  <style:style style:name="fr1" style:family="graphics" style:parent-style-name="Graphics">
   <style:properties style:run-through="foreground" style:wrap="run-through" style:vertical-pos="top" style:vertical-rel="paragraph" style:horizontal-pos="left" style:horizontal-rel="paragraph" style:mirror="none" fo:clip="rect(0cm 0cm 0cm 0cm)" draw:luminance="0%" draw:contrast="0%" draw:red="0%" draw:green="0%" draw:blue="0%" draw:gamma="1" draw:color-inversion="false" draw:transparency="-100%" draw:color-mode="standard"/>
  </style:style>
  <style:style style:name="fr2" style:family="graphics" style:parent-style-name="Graphics">
   <style:properties style:run-through="foreground" style:wrap="run-through" style:vertical-pos="middle" style:vertical-rel="paragraph" style:horizontal-pos="left" style:horizontal-rel="paragraph" style:mirror="none" fo:clip="rect(0cm 0cm 0cm 0cm)" draw:luminance="0%" draw:contrast="0%" draw:red="0%" draw:green="0%" draw:blue="0%" draw:gamma="1" draw:color-inversion="false" draw:transparency="-100%" draw:color-mode="standard"/>
  </style:style>
  <style:style style:name="fr3" style:family="graphics" style:parent-style-name="Graphics">
   <style:properties fo:margin-left="0cm" fo:margin-right="0cm" fo:margin-top="0cm" fo:margin-bottom="0cm" style:run-through="foreground" style:wrap="run-through" style:vertical-pos="top" style:vertical-rel="paragraph" style:horizontal-pos="left" style:horizontal-rel="paragraph" style:mirror="none" fo:clip="rect(0cm 0cm 0cm 0cm)" draw:luminance="0%" draw:contrast="0%" draw:red="0%" draw:green="0%" draw:blue="0%" draw:gamma="1" draw:color-inversion="false" draw:transparency="-100%" draw:color-mode="standard"/>
  </style:style>
 </office:automatic-styles>
 <office:body>
  <text:variable-decls>
   <text:variable-decl text:value-type="string" text:name="HTML_ON"/>
   <text:variable-decl text:value-type="string" text:name="HTML_OFF"/>
   <text:variable-decl text:value-type="string" text:name="TITEL"/>
   <text:variable-decl text:value-type="string" text:name="END"/>
   <text:variable-decl text:value-type="string" text:name="MAC"/>
   <text:variable-decl text:value-type="string" text:name="ELSE"/>
   <text:variable-decl text:value-type="string" text:name="HREF"/>
   <text:variable-decl text:value-type="string" text:name="NAME"/>
   <text:variable-decl text:value-type="string" text:name="MODIFY"/>
   <text:variable-decl text:value-type="string" text:name="REFNR"/>
   <text:variable-decl text:value-type="string" text:name="HelpID"/>
   <text:variable-decl text:value-type="string" text:name="AKTHLP"/>
   <text:variable-decl text:value-type="string" text:name="INDEX"/>
   <text:variable-decl text:value-type="string" text:name="STYLE"/>
   <text:variable-decl text:value-type="string" text:name="PARAINFO"/>
  </text:variable-decls>
  <text:sequence-decls>
   <text:sequence-decl text:display-outline-level="0" text:name="Illustration"/>
   <text:sequence-decl text:display-outline-level="0" text:name="Table"/>
   <text:sequence-decl text:display-outline-level="0" text:name="Text"/>
   <text:sequence-decl text:display-outline-level="0" text:name="Drawing"/>
  </text:sequence-decls>
  <help:paragraphinfo state="E"/><help:to-be-embedded Eid="attribute">
  <text:p text:style-name="Head 1"><help:paragraphinfo state="U" number="1"/><help:help-id value="HID_SMA_ATTRIBUTES_TBX"/><help:help-id value="HID_SMA_ATTRIBUTES_CAT"/><help:key-word value="attributes; in %PRODUCTNAME Math" tag="kw67312_1"/><help:key-word value="formulas; attributes in" tag="kw67312_39"/><help:link Id="67312">Attributes</help:link></text:p>
  <text:p text:style-name="Paragraph"><help:paragraphinfo state="U" number="2"/><help:help-text value="visible">You can choose from various attributes for <text:span text:style-name="T1"><help:productname>%PRODUCTNAME</help:productname> Math</text:span> formulas. Some attributes are displayed in the lower part of the Selection window.</help:help-text> These attributes are also listed in the <help:popup Id="65630" Eid="kontextmenue">context menu</help:popup> of the <text:span text:style-name="T1">Commands</text:span> window. All attributes not contained in the Selection window or in the context menu must be typed manually in the <text:span text:style-name="T1">Commands</text:span> window.</text:p>
  <help:paragraphinfo state="E"/></help:to-be-embedded>
  <help:paragraphinfo state="E"/><help:popup Id="67297" Eid="astatb"><help:embedded Id="67297" Eid="wie"></help:embedded></help:popup>
  <text:p text:style-name="Paragraph"><help:paragraphinfo state="U" number="3"/>The following is a complete list of all attributes available in <help:productname>%PRODUCTNAME</help:productname> Math. The symbol next to the attribute indicates that it can be accessed through the Selection window (choose <text:span text:style-name="T1">View - Selection</text:span>) or through the context menu of the <text:span text:style-name="T1">Commands</text:span> window.</text:p>
  <table:table table:name="Tabelle3" table:style-name="Tabelle3">
   <table:table-column table:style-name="Tabelle3.A"/>
   <table:table-column table:style-name="Tabelle3.B"/>
   <table:table-header-rows>
    <table:table-row>
     <table:table-cell table:style-name="Tabelle3.A1" table:value-type="string">
      <text:p text:style-name="Paragraph"><draw:image draw:name="Icon0" svg:desc="Note Icon" svg:pixelx="32" svg:pixely="32" svg:width="0.847cm" svg:height="0.847cm" xlink:href="65980" draw:filter-name=""/></text:p>

     </table:table-cell>
     <table:table-cell table:style-name="Tabelle3.A1" table:value-type="string">
      <text:p text:style-name="Paragraph"><help:paragraphinfo state="U" number="4"/>In describing the following attribute functions, the letter &quot;a&quot; in the icon refers to the placeholder that you would like to assign to the respective attribute. You can substitute this character with any other character that you choose.</text:p>
     </table:table-cell>
    </table:table-row>
   </table:table-header-rows>
  </table:table>
  <text:p text:style-name="Head 3"><help:paragraphinfo state="U" number="5"/>Attribute Functions</text:p>
  <table:table table:name="Tabelle2" table:style-name="Tabelle2">
   <table:table-column table:style-name="Tabelle2.A"/>
   <table:table-column table:style-name="Tabelle2.B"/>
   <table:table-header-rows>
    <table:table-row>
     <table:table-cell table:value-type="string">
      <draw:image draw:name="Icon1" svg:desc="Icon" svg:pixelx="29" svg:pixely="30" svg:width="0.767cm" svg:height="0.794cm" xlink:href="65638" draw:filter-name=""/><help:paragraphinfo state="E"/><help:help-id value="HID_SMA_ACUTEX"/>

     </table:table-cell>
     <table:table-cell table:value-type="string">
      <text:p text:style-name="Paragraph"><help:paragraphinfo state="U" number="6"/>Acute accent</text:p>
      <text:p text:style-name="Paragraph"><help:paragraphinfo state="U" number="7"/><help:key-word value="attributes; accent to top right" tag="kw67312_38"/><help:key-word value="accents; to top right" tag="kw67312_37"/><help:key-word value="accents; acute" tag="kw67312_36"/><help:help-text value="visible">Inserts a placeholder with an acute accent.</help:help-text> You can also type <text:span text:style-name="T1">acute&lt;?&gt;</text:span> in the <text:span text:style-name="T1">Command</text:span> window.</text:p>
     </table:table-cell>
    </table:table-row>
   </table:table-header-rows>
  </table:table>
  <table:table table:name="Tabelle5" table:style-name="Tabelle5">
   <table:table-column table:style-name="Tabelle5.A"/>
   <table:table-column table:style-name="Tabelle5.B"/>
   <table:table-header-rows>
    <table:table-row>
     <table:table-cell table:value-type="string">
      <draw:image draw:name="Icon2" svg:desc="Icon" svg:pixelx="29" svg:pixely="30" svg:width="0.767cm" svg:height="0.794cm" xlink:href="65637" draw:filter-name=""/><help:paragraphinfo state="E"/><help:help-id value="HID_SMA_GRAVEX"/>

     </table:table-cell>
     <table:table-cell table:value-type="string">
      <text:p text:style-name="Paragraph"><help:paragraphinfo state="U" number="22"/>Grave accent</text:p>
      <text:p text:style-name="Paragraph"><help:paragraphinfo state="U" number="23"/><help:key-word value="attributes; accent to top left" tag="kw67312_35"/><help:key-word value="accents; to top left" tag="kw67312_34"/><help:key-word value="accents; grave" tag="kw67312_33"/><help:help-text value="visible">Inserts a placeholder with a <text:span text:style-name="T1">grave accent</text:span> (grave).</help:help-text> You can also type <text:span text:style-name="T1">grave&lt;?&gt;</text:span> in the <text:span text:style-name="T1">Commands</text:span> window.</text:p>
     </table:table-cell>
    </table:table-row>
   </table:table-header-rows>
  </table:table>
  <table:table table:name="Tabelle7" table:style-name="Tabelle7">
   <table:table-column table:style-name="Tabelle7.A"/>
   <table:table-column table:style-name="Tabelle7.B"/>
   <table:table-header-rows>
    <table:table-row>
     <table:table-cell table:value-type="string">
      <draw:image draw:name="Icon3" svg:desc="Icon" svg:pixelx="29" svg:pixely="29" svg:width="0.767cm" svg:height="0.767cm" xlink:href="65639" draw:filter-name=""/><help:paragraphinfo state="E"/><help:help-id value="HID_SMA_CHECKX"/>

     </table:table-cell>
     <table:table-cell table:value-type="string">
      <text:p text:style-name="Paragraph"><help:paragraphinfo state="U" number="47"/>Reverse Circumflex</text:p>
      <text:p text:style-name="Paragraph"><help:paragraphinfo state="U" number="13"/><help:key-word value="attributes; reversed circumflex" tag="kw67312_32"/><help:help-text value="visible">Inserts a placeholder with a reverse circumflex (&quot;checkmark&quot;) over it.</help:help-text> You can also type <text:span text:style-name="T1">check&lt;?&gt;</text:span> in the <text:span text:style-name="T1">Commands</text:span> window.</text:p>
     </table:table-cell>
    </table:table-row>
   </table:table-header-rows>
  </table:table>
  <table:table table:name="Tabelle6" table:style-name="Tabelle6">
   <table:table-column table:style-name="Tabelle6.A"/>
   <table:table-column table:style-name="Tabelle6.B"/>
   <table:table-header-rows>
    <table:table-row>
     <table:table-cell table:value-type="string">
      <draw:image draw:name="Icon4" svg:desc="Icon" svg:pixelx="28" svg:pixely="29" svg:width="0.741cm" svg:height="0.767cm" xlink:href="65714" draw:filter-name=""/><help:paragraphinfo state="E"/><help:help-id value="HID_SMA_BREVEX"/>

     </table:table-cell>
     <table:table-cell table:value-type="string">
      <text:p text:style-name="Paragraph"><help:paragraphinfo state="U" number="10"/>Breve</text:p>
      <text:p text:style-name="Paragraph"><help:paragraphinfo state="U" number="11"/><help:key-word value="attributes; breve" tag="kw67312_31"/><help:help-text value="visible">Inserts a placeholder with an accent breve.</help:help-text> You can also type <text:span text:style-name="T1">breve &lt;?&gt;</text:span> in the <text:span text:style-name="T1">Commands</text:span> window.</text:p>
     </table:table-cell>
    </table:table-row>
   </table:table-header-rows>
  </table:table>
  <table:table table:name="Tabelle17" table:style-name="Tabelle17">
   <table:table-column table:style-name="Tabelle17.A"/>
   <table:table-column table:style-name="Tabelle17.B"/>
   <table:table-header-rows>
    <table:table-row>
     <table:table-cell table:value-type="string">
      <draw:image draw:name="Icon5" svg:desc="Icon" svg:pixelx="29" svg:pixely="29" svg:width="0.767cm" svg:height="0.767cm" xlink:href="66064" draw:filter-name=""/><help:paragraphinfo state="E"/><help:help-id value="HID_SMA_CIRCLEX"/>

     </table:table-cell>
     <table:table-cell table:value-type="string">
      <text:p text:style-name="Paragraph"><help:paragraphinfo state="U" number="14"/>Circle</text:p>
      <text:p text:style-name="Paragraph"><help:paragraphinfo state="U" number="15"/><help:key-word value="attributes; circle" tag="kw67312_30"/><help:help-text value="visible">Inserts a placeholder with a circle over it.</help:help-text> You can also type <text:span text:style-name="T1">circle&lt;?&gt;</text:span> in the <text:span text:style-name="T1">Commands</text:span> window.</text:p>
     </table:table-cell>
    </table:table-row>
   </table:table-header-rows>
  </table:table>
  <table:table table:name="Tabelle8" table:style-name="Tabelle8">
   <table:table-column table:style-name="Tabelle8.A"/>
   <table:table-column table:style-name="Tabelle8.B"/>
   <table:table-header-rows>
    <table:table-row>
     <table:table-cell table:value-type="string">
      <draw:image draw:name="Icon6" svg:desc="Icon" svg:pixelx="29" svg:pixely="29" svg:width="0.767cm" svg:height="0.767cm" xlink:href="66758" draw:filter-name=""/><help:paragraphinfo state="E"/><help:help-id value="HID_SMA_VECX"/>

     </table:table-cell>
     <table:table-cell table:value-type="string">
      <text:p text:style-name="Paragraph"><help:paragraphinfo state="U" number="28"/>Vector arrow</text:p>
      <text:p text:style-name="Paragraph"><help:paragraphinfo state="U" number="29"/><help:key-word value="attributes; vector arrow" tag="kw67312_29"/><help:key-word value="vector arrow as attribute" tag="kw67312_28"/><help:help-text value="visible">Inserts a placeholder with a vector arrow.</help:help-text> You can also type <text:span text:style-name="T1">vec&lt;?&gt;</text:span> in the <text:span text:style-name="T1">Commands</text:span> window.</text:p>
     </table:table-cell>
    </table:table-row>
   </table:table-header-rows>
  </table:table>
  <table:table table:name="Tabelle11" table:style-name="Tabelle11">
   <table:table-column table:style-name="Tabelle11.A"/>
   <table:table-column table:style-name="Tabelle11.B"/>
   <table:table-header-rows>
    <table:table-row>
     <table:table-cell table:value-type="string">
      <draw:image draw:name="Icon7" svg:desc="Icon" svg:pixelx="28" svg:pixely="29" svg:width="0.741cm" svg:height="0.767cm" xlink:href="66731" draw:filter-name=""/><help:paragraphinfo state="E"/><help:help-id value="HID_SMA_TILDEX"/>

     </table:table-cell>
     <table:table-cell table:value-type="string">
      <text:p text:style-name="Paragraph"><help:paragraphinfo state="U" number="26"/>Tilde</text:p>
      <text:p text:style-name="Paragraph"><help:paragraphinfo state="U" number="27"/><help:key-word value="attributes; tilde" tag="kw67312_27"/><help:key-word value="tilde as attribute" tag="kw67312_26"/><help:help-text value="visible">Inserts a placeholder with a tilde.</help:help-text> You can also type <text:span text:style-name="T1">tilde&lt;?&gt;</text:span> in the <text:span text:style-name="T1">Commands</text:span> window.</text:p>
     </table:table-cell>
    </table:table-row>
   </table:table-header-rows>
  </table:table>
  <table:table table:name="Tabelle10" table:style-name="Tabelle10">
   <table:table-column table:style-name="Tabelle10.A"/>
   <table:table-column table:style-name="Tabelle10.B"/>
   <table:table-header-rows>
    <table:table-row>
     <table:table-cell table:value-type="string">
      <draw:image draw:name="Icon8" svg:desc="Icon" svg:pixelx="29" svg:pixely="29" svg:width="0.767cm" svg:height="0.767cm" xlink:href="65748" draw:filter-name=""/><help:paragraphinfo state="E"/><help:help-id value="HID_SMA_HATX"/>

     </table:table-cell>
     <table:table-cell table:value-type="string">
      <text:p text:style-name="Paragraph"><help:paragraphinfo state="U" number="24"/>Circumflex</text:p>
      <text:p text:style-name="Paragraph"><help:paragraphinfo state="U" number="25"/><help:key-word value="attributes; circumflex" tag="kw67312_25"/><help:key-word value="circumflex attribute" tag="kw67312_24"/><help:help-text value="visible">Inserts a placeholder with a circumflex (&quot;hat&quot;).</help:help-text> You can also directly enter <text:span text:style-name="T1">hat &lt;?&gt;</text:span> in the Commands window.</text:p>
     </table:table-cell>
    </table:table-row>
   </table:table-header-rows>
  </table:table>
  <table:table table:name="Tabelle19" table:style-name="Tabelle19">
   <table:table-column table:style-name="Tabelle19.A"/>
   <table:table-column table:style-name="Tabelle19.B"/>
   <table:table-header-rows>
    <table:table-row>
     <table:table-cell table:value-type="string">
      <draw:image draw:name="Icon9" svg:desc="Icon" svg:pixelx="29" svg:pixely="29" svg:width="0.767cm" svg:height="0.767cm" xlink:href="65636" draw:filter-name=""/><help:paragraphinfo state="E"/><help:help-id value="HID_SMA_BARX"/>

     </table:table-cell>
     <table:table-cell table:value-type="string">
      <text:p text:style-name="Paragraph"><help:paragraphinfo state="U" number="8"/>Line above (bar)</text:p>
      <text:p text:style-name="Paragraph"><help:paragraphinfo state="U" number="9"/><help:key-word value="attributes; line above" tag="kw67312_23"/><help:help-text value="visible">Inserts a line (&quot;bar&quot;) above a placeholder .</help:help-text> You can also type <text:span text:style-name="T1">bar&lt;?&gt;</text:span> in the <text:span text:style-name="T1">Commands</text:span> window.</text:p>
     </table:table-cell>
    </table:table-row>
   </table:table-header-rows>
  </table:table>
  <table:table table:name="Tabelle18" table:style-name="Tabelle18">
   <table:table-column table:style-name="Tabelle18.A"/>
   <table:table-column table:style-name="Tabelle18.B"/>
   <table:table-header-rows>
    <table:table-row>
     <table:table-cell table:value-type="string">
      <draw:image draw:name="Icon10" svg:desc="Icon" svg:pixelx="29" svg:pixely="29" svg:width="0.767cm" svg:height="0.767cm" xlink:href="66283" draw:filter-name=""/><help:paragraphinfo state="E"/><help:help-id value="HID_SMA_DOTX"/>

     </table:table-cell>
     <table:table-cell table:value-type="string">
      <text:p text:style-name="Paragraph"><help:paragraphinfo state="U" number="16"/>Dot</text:p>
      <text:p text:style-name="Paragraph"><help:paragraphinfo state="U" number="17"/><help:key-word value="attributes; dot" tag="kw67312_22"/><help:help-text value="visible">Inserts a placeholder with a dot over it.</help:help-text> You can also type <text:span text:style-name="T1">dot&lt;?&gt;</text:span> in the <text:span text:style-name="T1">Commands</text:span> window.</text:p>
     </table:table-cell>
    </table:table-row>
   </table:table-header-rows>
  </table:table>
  <table:table table:name="Tabelle20" table:style-name="Tabelle20">
   <table:table-column table:style-name="Tabelle20.A"/>
   <table:table-column table:style-name="Tabelle20.B"/>
   <table:table-header-rows>
    <table:table-row>
     <table:table-cell table:value-type="string">
      <draw:image draw:name="Icon11" svg:desc="Icon" svg:pixelx="26" svg:pixely="26" svg:width="0.688cm" svg:height="0.688cm" xlink:href="65718" draw:filter-name=""/><help:paragraphinfo state="E"/><help:help-id value="HID_SMA_WIDEVECX"/>

     </table:table-cell>
     <table:table-cell table:value-type="string">
      <text:p text:style-name="Paragraph"><help:paragraphinfo state="U" number="54"/>Wide vector arrow</text:p>
      <text:p text:style-name="Paragraph"><help:paragraphinfo state="U" number="53"/><help:key-word value="attributes; wide vector arrow" tag="kw67312_21"/><help:help-text value="visible">Inserts a wide vector arrow with a placeholder.</help:help-text> You can also type <text:span text:style-name="T1">widevec</text:span> in the <text:span text:style-name="T1">Commands</text:span> window.</text:p>
     </table:table-cell>
    </table:table-row>
   </table:table-header-rows>
  </table:table>
  <table:table table:name="Tabelle21" table:style-name="Tabelle21">
   <table:table-column table:style-name="Tabelle21.A"/>
   <table:table-column table:style-name="Tabelle21.B"/>
   <table:table-header-rows>
    <table:table-row>
     <table:table-cell table:value-type="string">
      <draw:image draw:name="Icon12" svg:desc="Icon" svg:pixelx="26" svg:pixely="26" svg:width="0.688cm" svg:height="0.688cm" xlink:href="65716" draw:filter-name=""/><help:paragraphinfo state="E"/><help:help-id value="HID_SMA_WIDETILDEX"/>

     </table:table-cell>
     <table:table-cell table:value-type="string">
      <text:p text:style-name="Paragraph"><help:paragraphinfo state="U" number="56"/>Wide tilde</text:p>
      <text:p text:style-name="Paragraph"><help:paragraphinfo state="U" number="55"/><help:key-word value="attributes; wide tilde" tag="kw67312_20"/><help:help-text value="visible">Inserts a wide tilde with a placeholder. </help:help-text> You can also type <text:span text:style-name="T1">widetilde</text:span> directly in the <text:span text:style-name="T1">Commands</text:span> window.</text:p>
     </table:table-cell>
    </table:table-row>
   </table:table-header-rows>
  </table:table>
  <table:table table:name="Tabelle22" table:style-name="Tabelle22">
   <table:table-column table:style-name="Tabelle22.A"/>
   <table:table-column table:style-name="Tabelle22.B"/>
   <table:table-header-rows>
    <table:table-row>
     <table:table-cell table:value-type="string">
      <draw:image draw:name="Icon13" svg:desc="Icon" svg:pixelx="26" svg:pixely="26" svg:width="0.688cm" svg:height="0.688cm" xlink:href="65713" draw:filter-name=""/><help:paragraphinfo state="E"/><help:help-id value="HID_SMA_WIDEHATX"/>

     </table:table-cell>
     <table:table-cell table:value-type="string">
      <text:p text:style-name="Paragraph"><help:paragraphinfo state="U" number="58"/>Wide circumflex</text:p>
      <text:p text:style-name="Paragraph"><help:paragraphinfo state="U" number="57"/><help:key-word value="attributes; wide circumflex" tag="kw67312_19"/><help:help-text value="visible">Inserts a wide circumflex (&quot;hat&quot;) with a placeholder. </help:help-text> You can also type <text:span text:style-name="T1">widehat</text:span> in the <text:span text:style-name="T1">Commands</text:span> window.</text:p>
     </table:table-cell>
    </table:table-row>
   </table:table-header-rows>
  </table:table>
  <table:table table:name="Tabelle1" table:style-name="Tabelle1">
   <table:table-column table:style-name="Tabelle1.A"/>
   <table:table-column table:style-name="Tabelle1.B"/>
   <table:table-header-rows>
    <table:table-row>
     <table:table-cell table:value-type="string">
      <draw:image draw:name="Icon14" svg:desc="Icon" svg:pixelx="29" svg:pixely="29" svg:width="0.767cm" svg:height="0.767cm" xlink:href="66284" draw:filter-name=""/><help:paragraphinfo state="E"/><help:help-id value="HID_SMA_DDOTX"/>

     </table:table-cell>
     <table:table-cell table:value-type="string">
      <text:p text:style-name="Paragraph"><help:paragraphinfo state="U" number="18"/>Double dot</text:p>
      <text:p text:style-name="Paragraph"><help:paragraphinfo state="U" number="19"/><help:key-word value="attributes; double dot" tag="kw67312_18"/><help:help-text value="visible">Inserts a placeholder with two dots over it.</help:help-text> You can also directly enter <text:span text:style-name="T1">ddot&lt;?&gt;</text:span> in the <text:span text:style-name="T1">Commands</text:span> window.</text:p>
     </table:table-cell>
    </table:table-row>
   </table:table-header-rows>
  </table:table>
  <table:table table:name="Tabelle1" table:style-name="Tabelle1">
   <table:table-column table:style-name="Tabelle1.A"/>
   <table:table-column table:style-name="Tabelle1.B"/>
   <table:table-header-rows>
    <table:table-row>
     <table:table-cell table:value-type="string">
      <draw:image draw:name="Icon15" svg:desc="Icon" svg:pixelx="29" svg:pixely="29" svg:width="0.767cm" svg:height="0.767cm" xlink:href="66110" draw:filter-name=""/><help:paragraphinfo state="E"/><help:help-id value="HID_SMA_OVERLINEX"/>

     </table:table-cell>
     <table:table-cell table:value-type="string">
      <text:p text:style-name="Paragraph"><help:paragraphinfo state="U" number="32"/>Line over</text:p>
      <text:p text:style-name="Paragraph"><help:paragraphinfo state="U" number="33"/><help:key-word value="attributes; overline" tag="kw67312_17"/><help:help-text value="visible">Inserts a line over a placeholder.</help:help-text> You can also type <text:span text:style-name="T1">overline&lt;?&gt;</text:span> in the <text:span text:style-name="T1">Commands</text:span> window. The line adjusts itself to correct length.</text:p>
     </table:table-cell>
    </table:table-row>
   </table:table-header-rows>
  </table:table>
  <table:table table:name="Tabelle12" table:style-name="Tabelle12">
   <table:table-column table:style-name="Tabelle12.A"/>
   <table:table-column table:style-name="Tabelle12.B"/>
   <table:table-header-rows>
    <table:table-row>
     <table:table-cell table:value-type="string">
      <draw:image draw:name="Icon16" svg:desc="Icon" svg:pixelx="29" svg:pixely="29" svg:width="0.767cm" svg:height="0.767cm" xlink:href="66111" draw:filter-name=""/><help:paragraphinfo state="E"/><help:help-id value="HID_SMA_UNDERLINEX"/>

     </table:table-cell>
     <table:table-cell table:value-type="string">
      <text:p text:style-name="Paragraph"><help:paragraphinfo state="U" number="30"/>Line below</text:p>
      <text:p text:style-name="Paragraph"><help:paragraphinfo state="U" number="59"/><help:key-word value="attributes; underline" tag="kw67312_16"/><help:help-text value="visible">Inserts a line below a placeholder.</help:help-text> You can also type <text:span text:style-name="T1">underline&lt;?&gt;</text:span> in the <text:span text:style-name="T1">Commands</text:span> window.</text:p>
     </table:table-cell>
    </table:table-row>
   </table:table-header-rows>
  </table:table>
  <table:table table:name="Tabelle1" table:style-name="Tabelle1">
   <table:table-column table:style-name="Tabelle1.A"/>
   <table:table-column table:style-name="Tabelle1.B"/>
   <table:table-header-rows>
    <table:table-row>
     <table:table-cell table:value-type="string">
      <draw:image draw:name="Icon17" svg:desc="Icon" svg:pixelx="29" svg:pixely="29" svg:width="0.767cm" svg:height="0.767cm" xlink:href="66109" draw:filter-name=""/><help:paragraphinfo state="E"/><help:help-id value="HID_SMA_OVERSTRIKEX"/>

     </table:table-cell>
     <table:table-cell table:value-type="string">
      <text:p text:style-name="Paragraph"><help:paragraphinfo state="U" number="34"/>Line through (overstrike)</text:p>
      <text:p text:style-name="Paragraph"><help:paragraphinfo state="U" number="35"/><help:key-word value="attributes; line through" tag="kw67312_15"/><help:help-text value="visible">Inserts a placeholder with a line (or overstrike) through it.</help:help-text> You can also type <text:span text:style-name="T1">overstrike&lt;?&gt;</text:span> in the <text:span text:style-name="T1">Commands</text:span> window.</text:p>
     </table:table-cell>
    </table:table-row>
   </table:table-header-rows>
  </table:table>
  <table:table table:name="Tabelle23" table:style-name="Tabelle23">
   <table:table-column table:style-name="Tabelle23.A"/>
   <table:table-column table:style-name="Tabelle23.B"/>
   <table:table-header-rows>
    <table:table-row>
     <table:table-cell table:value-type="string">
      <draw:image draw:name="Icon18" svg:desc="Icon" svg:pixelx="28" svg:pixely="29" svg:width="0.741cm" svg:height="0.767cm" xlink:href="66285" draw:filter-name=""/><help:paragraphinfo state="E"/><help:help-id value="HID_SMA_DDDOTX"/>

     </table:table-cell>
     <table:table-cell table:value-type="string">
      <text:p text:style-name="Paragraph"><help:paragraphinfo state="U" number="20"/>Triple dot</text:p>
      <text:p text:style-name="Paragraph"><help:paragraphinfo state="U" number="21"/><help:key-word value="attributes; triple dot" tag="kw67312_14"/><help:help-text value="visible">Inserts three dots over a placeholder.</help:help-text> You can also type <text:span text:style-name="T1">dddot&lt;?&gt;</text:span> in the <text:span text:style-name="T1">Commands</text:span> window.</text:p>
     </table:table-cell>
    </table:table-row>
   </table:table-header-rows>
  </table:table>
  <table:table table:name="Tabelle14" table:style-name="Tabelle14">
   <table:table-column table:style-name="Tabelle14.A"/>
   <table:table-column table:style-name="Tabelle14.B"/>
   <table:table-header-rows>
    <table:table-row>
     <table:table-cell table:value-type="string">
      <draw:image draw:name="Icon19" svg:desc="Icon" svg:pixelx="28" svg:pixely="29" svg:width="0.741cm" svg:height="0.767cm" xlink:href="66753" draw:filter-name=""/><help:paragraphinfo state="E"/><help:help-id value="HID_SMA_PHANTOMX"/>

     </table:table-cell>
     <table:table-cell table:value-type="string">
      <text:p text:style-name="Paragraph"><help:paragraphinfo state="U" number="40"/>Transparent</text:p>
      <text:p text:style-name="Paragraph"><help:paragraphinfo state="U" number="41"/><help:key-word value="attributes; transparent character" tag="kw67312_13"/><help:help-text value="visible">Inserts a placeholder for a transparent character. This character takes up the space of &quot;a&quot; but does not display it.</help:help-text> You can also type <text:span text:style-name="T1">phantom&lt;?&gt;</text:span> in the <text:span text:style-name="T1">Commands</text:span> window.</text:p>
     </table:table-cell>
    </table:table-row>
   </table:table-header-rows>
  </table:table>
  <table:table table:name="Tabelle13" table:style-name="Tabelle13">
   <table:table-column table:style-name="Tabelle13.A"/>
   <table:table-column table:style-name="Tabelle13.B"/>
   <table:table-header-rows>
    <table:table-row>
     <table:table-cell table:value-type="string">
      <draw:image draw:name="Icon20" svg:desc="Icon" svg:pixelx="29" svg:pixely="29" svg:width="0.767cm" svg:height="0.767cm" xlink:href="65874" draw:filter-name=""/><help:paragraphinfo state="E"/><help:help-id value="HID_SMA_BOLDX"/>

     </table:table-cell>
     <table:table-cell table:value-type="string">
      <text:p text:style-name="Paragraph"><help:paragraphinfo state="U" number="38"/>Bold font</text:p>
      <text:p text:style-name="Paragraph"><help:paragraphinfo state="U" number="39"/><help:key-word value="attributes; bold" tag="kw67312_12"/><help:key-word value="bold" tag="kw67312_11"/><help:help-text value="visible">Inserts a placeholder with bold formatting.</help:help-text> You can also type <text:span text:style-name="T1">bold &lt;?&gt;</text:span> in the <text:span text:style-name="T1">Commands</text:span> window.</text:p>
     </table:table-cell>
    </table:table-row>
   </table:table-header-rows>
  </table:table>
  <table:table table:name="Tabelle1" table:style-name="Tabelle1">
   <table:table-column table:style-name="Tabelle1.A"/>
   <table:table-column table:style-name="Tabelle1.B"/>
   <table:table-header-rows>
    <table:table-row>
     <table:table-cell table:value-type="string">
      <draw:image draw:name="Icon21" svg:desc="Icon" svg:pixelx="29" svg:pixely="29" svg:width="0.767cm" svg:height="0.767cm" xlink:href="66070" draw:filter-name=""/><help:paragraphinfo state="E"/><help:help-id value="HID_SMA_ITALX"/>

     </table:table-cell>
     <table:table-cell table:value-type="string">
      <text:p text:style-name="Paragraph"><help:paragraphinfo state="U" number="36"/>Italic font</text:p>
      <text:p text:style-name="Paragraph"><help:paragraphinfo state="U" number="37"/><help:key-word value="attributes; italic" tag="kw67312_10"/><help:key-word value="italics" tag="kw67312_9"/><help:help-text value="visible">Inserts a placeholder with italic formatting.</help:help-text> You can also type <text:span text:style-name="T1">ital&lt;?&gt;</text:span> or <text:span text:style-name="T1">italic&lt;?&gt;</text:span> in the <text:span text:style-name="T1">Commands</text:span> window.</text:p>
     </table:table-cell>
    </table:table-row>
   </table:table-header-rows>
  </table:table>
  <table:table table:name="Tabelle15" table:style-name="Tabelle15">
   <table:table-column table:style-name="Tabelle15.A"/>
   <table:table-column table:style-name="Tabelle15.B"/>
   <table:table-header-rows>
    <table:table-row>
     <table:table-cell table:value-type="string">
      <draw:image draw:name="Icon22" svg:desc="Icon" svg:pixelx="29" svg:pixely="29" svg:width="0.767cm" svg:height="0.767cm" xlink:href="65953" draw:filter-name=""/><help:paragraphinfo state="E"/><help:help-id value="HID_SMA_SIZEXY"/>

     </table:table-cell>
     <table:table-cell table:value-type="string">
      <text:p text:style-name="Paragraph"><help:paragraphinfo state="U" number="44"/>Resize</text:p>
      <text:p text:style-name="Paragraph"><help:paragraphinfo state="U" number="45"/><help:key-word value="attributes; resize" tag="kw67312_8"/><help:key-word value="resizing" tag="kw67312_7"/><help:help-text value="visible">Inserts a command for modifying the font size with two placeholders. The first placeholder refers to the font size (for example, 12) and the second one contains the text.</help:help-text> For proper structure, insert a space between the values. You can also directly enter <text:span text:style-name="T1">size &lt;?&gt; &lt;?&gt;</text:span> in the <text:span text:style-name="T1">Commands</text:span> window.</text:p>
     </table:table-cell>
    </table:table-row>
   </table:table-header-rows>
  </table:table>
  <table:table table:name="Tabelle1" table:style-name="Tabelle1">
   <table:table-column table:style-name="Tabelle1.A"/>
   <table:table-column table:style-name="Tabelle1.B"/>
   <table:table-header-rows>
    <table:table-row>
     <table:table-cell table:value-type="string">
      <draw:image draw:name="Icon23" svg:desc="Icon" svg:pixelx="28" svg:pixely="29" svg:width="0.741cm" svg:height="0.767cm" xlink:href="65881" draw:filter-name=""/><help:paragraphinfo state="E"/><help:help-id value="HID_SMA_FONTXY"/>

     </table:table-cell>
     <table:table-cell table:value-type="string">
      <text:p text:style-name="Paragraph"><help:paragraphinfo state="U" number="42"/>Change font</text:p>
      <text:p text:style-name="Paragraph"><help:paragraphinfo state="U" number="43"/><help:key-word value="attributes; change font" tag="kw67312_6"/><help:key-word value="changing fonts" tag="kw67312_5"/><help:help-text value="visible">Inserts a command for changing the font type, with two placeholders. Replace the first placeholder with the name of one of the <help:link Id="67328" Eid="benutzerschriften">custom fonts</help:link>, <text:span text:style-name="T1">Serif, Sans</text:span> or <text:span text:style-name="T1">Fixed</text:span>. Replace the second placeholder with the text.</help:help-text> You can also type <text:span text:style-name="T1">font&lt;?&gt;&lt;?&gt;</text:span> directly in the <text:span text:style-name="T1">Commands</text:span> window.</text:p>
     </table:table-cell>
    </table:table-row>
   </table:table-header-rows>
  </table:table>
  <text:p text:style-name="Paragraph"><help:paragraphinfo state="U" number="48"/><help:key-word value="attributes; colored characters" tag="kw67312_4"/><help:key-word value="colored characters" tag="kw67312_3"/> Use the <text:span text:style-name="T1">color</text:span> command to change the color of your formula. <text:s/>Type <text:span text:style-name="T1">color</text:span>, then type the color name (the available colors are white, black, cyan, magenta, red, blue, green and yellow), then the formula, character or character sequence. The input <text:span text:style-name="T1">color green size 20 a</text:span> results in a green letter &quot;a&quot; with a font size of 20.</text:p>
  <text:p text:style-name="Paragraph"><help:paragraphinfo state="U" number="51"/><help:key-word value="attributes; changing defaults" tag="kw67312_2"/>The <text:span text:style-name="T1">nbold</text:span> and <text:span text:style-name="T1">nitalic</text:span> commands remove the bold or italic default fonts of formula components. <text:s/>For example, remove italics from the x in the formula 5 x + 3=28 by typing <text:span text:style-name="T1">nitalic</text:span> before the x as in <text:span text:style-name="T1">5 nitalic x + 3=28</text:span>.</text:p>
  <table:table table:name="Tabelle4" table:style-name="Tabelle4">
   <table:table-column table:style-name="Tabelle4.A"/>
   <table:table-column table:style-name="Tabelle4.B"/>
   <table:table-header-rows>
    <table:table-row table:style-name="Tabelle4.1">
     <table:table-cell table:style-name="Tabelle4.A1" table:value-type="string">
      <text:p text:style-name="Paragraph"><draw:image draw:name="Icon24" svg:desc="Note Icon" svg:pixelx="32" svg:pixely="32" svg:width="0.847cm" svg:height="0.847cm" xlink:href="65980" draw:filter-name=""/></text:p>

     </table:table-cell>
     <table:table-cell table:style-name="Tabelle4.A1" table:value-type="string">
      <text:p text:style-name="Paragraph"><help:paragraphinfo state="U" number="46"/>The <help:link Id="67313">attributes</help:link> &quot;acute&quot;, &quot;bar&quot;, &quot;breve&quot;, &quot;check&quot;, &quot;circle&quot;, &quot;dot&quot;, &quot;ddot&quot;, &quot;dddot&quot;, &quot;grave&quot;, &quot;hat&quot;, &quot;tilde&quot; and &quot;vec&quot; have fixed sizes. <text:s/>Their width or length cannot be adjusted when positioned over a long symbol.</text:p>
     </table:table-cell>
    </table:table-row>
   </table:table-header-rows>
  </table:table>
  <table:table table:name="Tabelle16" table:style-name="Tabelle16">
   <table:table-column table:style-name="Tabelle16.A"/>
   <table:table-column table:style-name="Tabelle16.B"/>
   <table:table-header-rows>
    <table:table-row table:style-name="Tabelle16.1">
     <table:table-cell table:style-name="Tabelle16.A1" table:value-type="string">
      <text:p text:style-name="Paragraph"><draw:image draw:name="Icon25" svg:desc="Note Icon" svg:pixelx="32" svg:pixely="32" svg:width="0.847cm" svg:height="0.847cm" xlink:href="65980" draw:filter-name=""/></text:p>

     </table:table-cell>
     <table:table-cell table:style-name="Tabelle16.A1" table:value-type="string">
      <text:p text:style-name="Paragraph"><help:paragraphinfo state="U" number="52"/>For size changes you can use <text:span text:style-name="T1">size n</text:span>,<text:span text:style-name="T1"> +n</text:span>,<text:span text:style-name="T1"> -n</text:span>,<text:span text:style-name="T1"> *n</text:span> and<text:span text:style-name="T1"> /n </text:span>, where <text:span text:style-name="T1">n</text:span> is a placeholder. This method is useful when the base size of the formula is subject to change. <text:s/>The commands <text:span text:style-name="T1">size +n</text:span> and <text:span text:style-name="T1">size -n</text:span> change point size, and <text:span text:style-name="T1">size *n</text:span> and <text:span text:style-name="T1">size /n</text:span> change the size by a percentage. <text:s/>For example, the command <text:span text:style-name="T1">size *1.17</text:span> increases the size of a character by exactly 17%.</text:p>
     </table:table-cell>
    </table:table-row>
   </table:table-header-rows>
  </table:table>
  <table:table table:name="Tabelle9" table:style-name="Tabelle9">
   <table:table-column table:style-name="Tabelle9.A"/>
   <table:table-column table:style-name="Tabelle9.B"/>
   <table:table-header-rows>
    <table:table-row table:style-name="Tabelle9.1">
     <table:table-cell table:style-name="Tabelle9.A1" table:value-type="string">
      <text:p text:style-name="Paragraph"><draw:image draw:name="Icon26" svg:desc="Warning Icon" svg:pixelx="32" svg:pixely="32" svg:width="0.847cm" svg:height="0.847cm" xlink:href="65640" draw:filter-name=""/></text:p>

     </table:table-cell>
     <table:table-cell table:style-name="Tabelle9.A1" table:value-type="string">
      <text:p text:style-name="Paragraph"><help:paragraphinfo state="U" number="49"/>Note that some entries require spaces for the correct structure. This is especially true when you specify attributes with fixed values instead of placeholders.</text:p>
     </table:table-cell>
    </table:table-row>
   </table:table-header-rows>
  </table:table>
  <text:p text:style-name="Paragraph"><help:paragraphinfo state="U" number="50"/>For more information about formatting in <text:span text:style-name="T1"><help:productname>%PRODUCTNAME</help:productname> Math</text:span>, see <help:link Id="67338">Brackets and Grouping</help:link>.</text:p>
  <text:p text:style-name="Paragraph"><help:paragraphinfo state="U" number="31"/>Information on <help:link Id="67313">attributes</help:link>, <help:link Id="67300">indexes and exponents</help:link>, and <help:link Id="67321">scaling</help:link> can help you structure your documents more efficiently.</text:p>
 </office:body>
</office:document>
