

<office:document  xmlns:office="http://openoffice.org/2000/office" xmlns:style="http://openoffice.org/2000/style" xmlns:text="http://openoffice.org/2000/text" xmlns:table="http://openoffice.org/2000/table" xmlns:draw="http://openoffice.org/2000/drawing" xmlns:fo="http://www.w3.org/1999/XSL/Format" xmlns:xlink="http://www.w3.org/1999/xlink" xmlns:number="http://openoffice.org/2000/datastyle" xmlns:svg="http://www.w3.org/2000/svg" xmlns:chart="http://openoffice.org/2000/chart" xmlns:dr3d="http://openoffice.org/2000/dr3d" xmlns:math="http://www.w3.org/1998/Math/MathML" xmlns:form="http://openoffice.org/2000/form" xmlns:script="http://openoffice.org/2000/script" office:class="text" office:version="1.0" xmlns:dc="http://purl.org/dc/elements/1.1/" xmlns:meta="http://openoffice.org/2000/meta" xmlns:help="http://openoffice.org/2000/help">
<office:meta>
  <dc:description>text/common/02/01170700</dc:description>
  <dc:subject>Filtro HTML e formulari</dc:subject>
  <meta:keywords>
   <meta:keyword>$Version</meta:keyword>
  </meta:keywords>
  <dc:language>it-IT</dc:language>
  <meta:user-defined meta:name="Info 0">READY</meta:user-defined>
  <meta:user-defined meta:name="Info 1">FREE_OK</meta:user-defined>
  <meta:user-defined meta:name="Info 2"/>
  <meta:user-defined meta:name="Info 3"/>
</office:meta>
 <office:script/>
 <office:font-decls>
  <style:font-decl style:name="StarSymbol" fo:font-family="StarSymbol" style:font-charset="x-symbol"/>
  <style:font-decl style:name="Courier New" fo:font-family="&apos;Courier New&apos;" style:font-style-name="Standard" style:font-family-generic="modern" style:font-pitch="fixed"/>
  <style:font-decl style:name="Times New Roman3" fo:font-family="&apos;Times New Roman&apos;" style:font-family-generic="roman" style:font-pitch="fixed"/>
  <style:font-decl style:name="Arial Unicode MS" fo:font-family="&apos;Arial Unicode MS&apos;" style:font-pitch="variable"/>
  <style:font-decl style:name="Courier New1" fo:font-family="&apos;Courier New&apos;" style:font-pitch="variable"/>
  <style:font-decl style:name="HG Mincho Light J" fo:font-family="&apos;HG Mincho Light J&apos;" style:font-pitch="variable"/>
  <style:font-decl style:name="Times New Roman4" fo:font-family="&apos;Times New Roman&apos;" style:font-pitch="variable"/>
  <style:font-decl style:name="Thorndale" fo:font-family="Thorndale" style:font-family-generic="roman" style:font-pitch="variable"/>
  <style:font-decl style:name="Times New Roman2" fo:font-family="&apos;Times New Roman&apos;" style:font-style-name="Fett" style:font-family-generic="roman" style:font-pitch="variable"/>
  <style:font-decl style:name="Times New Roman" fo:font-family="&apos;Times New Roman&apos;" style:font-style-name="Standard" style:font-family-generic="roman" style:font-pitch="variable"/>
  <style:font-decl style:name="Times New Roman1" fo:font-family="&apos;Times New Roman&apos;" style:font-family-generic="swiss" style:font-pitch="variable"/>
 </office:font-decls>
 <office:automatic-styles>
  <style:style style:name="P1" style:family="paragraph" style:parent-style-name="Paragraph" style:master-page-name="HTML">
   <style:properties style:page-number="0"/>
  </style:style>
 </office:automatic-styles>
 <office:body>
  <text:variable-decls>
   <text:variable-decl text:value-type="string" text:name="HTML_ON"/>
   <text:variable-decl text:value-type="string" text:name="HTML_OFF"/>
   <text:variable-decl text:value-type="string" text:name="TITEL"/>
   <text:variable-decl text:value-type="string" text:name="END"/>
   <text:variable-decl text:value-type="string" text:name="HelpID"/>
   <text:variable-decl text:value-type="string" text:name="NAME"/>
   <text:variable-decl text:value-type="string" text:name="HREF"/>
   <text:variable-decl text:value-type="string" text:name="MODIFY"/>
   <text:variable-decl text:value-type="string" text:name="REFNR"/>
   <text:variable-decl text:value-type="string" text:name="AKTHLP"/>
   <text:variable-decl text:value-type="string" text:name="KEY"/>
   <text:variable-decl text:value-type="string" text:name="INDEX"/>
  </text:variable-decls>
  <text:sequence-decls>
   <text:sequence-decl text:display-outline-level="0" text:name="Illustration"/>
   <text:sequence-decl text:display-outline-level="0" text:name="Table"/>
   <text:sequence-decl text:display-outline-level="0" text:name="Text"/>
   <text:sequence-decl text:display-outline-level="0" text:name="Drawing"/>
  </text:sequence-decls>
  <text:p text:style-name="P1"/>
  <text:p text:style-name="Head 1"><help:key-word value="Formulario; filtro HTML" tag="kw65995_1"/>Filtro HTML e formulari</text:p>
  <text:p text:style-name="Paragraph">Nei documenti HTML potete utilizzare tutti gli eventi di elementi di controllo e formulari. Fino ad ora, numerosi eventi (ad esempio, gli eventi del punto focale) non sono stati cambiati. Tali eventi continueranno ad essere importati ed esportati come ONFOCUS, ONBLUR e così via per JavaScript, e come SDONFOCUS, SDONBLUR e così via per <help:productname>%PRODUCTNAME</help:productname> Basic.</text:p>
  <text:p text:style-name="Paragraph">Per tutti gli altri eventi vengono usati nomi generici composti dall&apos;interfaccia Listener e da nomi di metodi dell&apos;evento: un evento registrato come XListener::method viene esportato come</text:p>
  <text:p text:style-name="PropText">SDEvent-XListener-method = &quot;/* event-code */&quot;</text:p>
  <text:p text:style-name="Paragraph">Ricordate che le componenti XListener e method di questa opzione distinguono tra maiuscole e minuscole.</text:p>
  <text:p text:style-name="Paragraph">La gestione eventi dei controlli viene eseguita utilizzando l&apos;API di <help:productname>%PRODUCTNAME</help:productname>. Assegnando un evento a un controllo, un oggetto si registra internamente come &quot;listener&quot; per un determinato evento del controllo. Per far questo, l&apos;oggetto deve utilizzare una specifica interfaccia, ad esempio l&apos;interfaccia XFocusListener, in modo che possa reagire agli eventi del punto focale. Al verificarsi dell&apos;evento, quando riceve il punto focale il controllo richiama uno speciale metodo dell&apos;interfaccia Listener. L&apos;oggetto registrato internamente richiama quindi il codice JavaScript o <help:productname>%PRODUCTNAME</help:productname> Basic assegnato all&apos;evento.</text:p>
  <text:p text:style-name="Paragraph">Il filtro HTML utilizza esattamente tali interfacce Listener e nomi di metodo per importare ed esportare gli eventi, a seconda delle necessità. Potete registrare un evento del punto focale anche con</text:p>
  <text:p text:style-name="PropText">&lt;INPUT TYPE=text ONFOCUS=&quot;/* code */&quot;</text:p>
  <text:p text:style-name="Paragraph">anziché tramite il registro</text:p>
  <text:p text:style-name="PropText">&lt;INPUT TYPE=text SDEvent-XFocusListener-focusGained=&quot;/* code */&quot;.</text:p>
  <text:p text:style-name="Paragraph">Gli eventi possono quindi essere registrati in base alle proprie preferenze, inclusi quelli non offerti nelle caselle di riepilogo. Per definire il linguaggio di script degli eventi, potete scrivere la riga seguente nell&apos;intestazione del documento:</text:p>
  <text:p text:style-name="PropText">&lt;META HTTP-EQUIV=&quot;content-script-type&quot; CONTENT=&quot;...&quot;&gt;</text:p>
  <text:p text:style-name="Paragraph">Per CONTENT, potete utilizzare anche &quot;text/x-StarBasic&quot; per <help:productname>%PRODUCTNAME</help:productname> Basic o &quot;text/JavaScript&quot; per JavaScript. Se non è indicato nulla, si parte da JavaScript.</text:p>
  <text:p text:style-name="Paragraph">Durante l&apos;esportazione, il linguaggio di script standard verrà definito sulla base del primo modulo trovato in gestione macro. Per gli eventi è possibile utilizzare un solo linguaggio per documento.</text:p>
 </office:body>
</office:document>
