

<office:document  xmlns:office="http://openoffice.org/2000/office" xmlns:style="http://openoffice.org/2000/style" xmlns:text="http://openoffice.org/2000/text" xmlns:table="http://openoffice.org/2000/table" xmlns:draw="http://openoffice.org/2000/drawing" xmlns:fo="http://www.w3.org/1999/XSL/Format" xmlns:xlink="http://www.w3.org/1999/xlink" xmlns:number="http://openoffice.org/2000/datastyle" xmlns:svg="http://www.w3.org/2000/svg" xmlns:chart="http://openoffice.org/2000/chart" xmlns:dr3d="http://openoffice.org/2000/dr3d" xmlns:math="http://www.w3.org/1998/Math/MathML" xmlns:form="http://openoffice.org/2000/form" xmlns:script="http://openoffice.org/2000/script" office:class="text" office:version="1.0" xmlns:dc="http://purl.org/dc/elements/1.1/" xmlns:meta="http://openoffice.org/2000/meta" xmlns:help="http://openoffice.org/2000/help">
<office:meta>
  <dc:description>text/common/02/01170300</dc:description>
  <dc:subject>Sequenza di attivazione</dc:subject>
  <meta:keywords>
   <meta:keyword>$Version</meta:keyword>
  </meta:keywords>
  <dc:language>it-IT</dc:language>
  <meta:user-defined meta:name="Info 0">READY</meta:user-defined>
  <meta:user-defined meta:name="Info 1">FREE_OK</meta:user-defined>
  <meta:user-defined meta:name="Info 2"/>
  <meta:user-defined meta:name="Info 3"/>
</office:meta>
 <office:script/>
 <office:font-decls>
  <style:font-decl style:name="StarSymbol" fo:font-family="StarSymbol" style:font-charset="x-symbol"/>
  <style:font-decl style:name="Courier New" fo:font-family="&apos;Courier New&apos;" style:font-style-name="Standard" style:font-family-generic="modern" style:font-pitch="fixed"/>
  <style:font-decl style:name="Courier" fo:font-family="Courier" style:font-family-generic="roman" style:font-pitch="fixed"/>
  <style:font-decl style:name="Arial Unicode MS" fo:font-family="&apos;Arial Unicode MS&apos;" style:font-pitch="variable"/>
  <style:font-decl style:name="HG Mincho Light J" fo:font-family="&apos;HG Mincho Light J&apos;" style:font-pitch="variable"/>
  <style:font-decl style:name="Times New Roman3" fo:font-family="&apos;Times New Roman&apos;" style:font-pitch="variable"/>
  <style:font-decl style:name="Thorndale" fo:font-family="Thorndale" style:font-family-generic="roman" style:font-pitch="variable"/>
  <style:font-decl style:name="Times New Roman2" fo:font-family="&apos;Times New Roman&apos;" style:font-style-name="Fett" style:font-family-generic="roman" style:font-pitch="variable"/>
  <style:font-decl style:name="Times New Roman" fo:font-family="&apos;Times New Roman&apos;" style:font-style-name="Standard" style:font-family-generic="roman" style:font-pitch="variable"/>
  <style:font-decl style:name="Times New Roman1" fo:font-family="&apos;Times New Roman&apos;" style:font-family-generic="swiss" style:font-pitch="variable"/>
 </office:font-decls>
 <office:automatic-styles>
  <style:style style:name="P1" style:family="paragraph" style:parent-style-name="Paragraph" style:master-page-name="HTML">
   <style:properties style:page-number="0"/>
  </style:style>
  <style:style style:name="T1" style:family="text">
   <style:properties fo:font-weight="bold"/>
  </style:style>
 </office:automatic-styles>
 <office:body>
  <text:variable-decls>
   <text:variable-decl text:value-type="string" text:name="HTML_ON"/>
   <text:variable-decl text:value-type="string" text:name="HTML_OFF"/>
   <text:variable-decl text:value-type="string" text:name="TITEL"/>
   <text:variable-decl text:value-type="string" text:name="END"/>
   <text:variable-decl text:value-type="string" text:name="HelpID"/>
   <text:variable-decl text:value-type="string" text:name="NAME"/>
   <text:variable-decl text:value-type="string" text:name="HREF"/>
   <text:variable-decl text:value-type="string" text:name="MODIFY"/>
   <text:variable-decl text:value-type="string" text:name="REFNR"/>
   <text:variable-decl text:value-type="string" text:name="AKTHLP"/>
   <text:variable-decl text:value-type="string" text:name="STYLE"/>
  </text:variable-decls>
  <text:sequence-decls>
   <text:sequence-decl text:display-outline-level="0" text:name="Illustration"/>
   <text:sequence-decl text:display-outline-level="0" text:name="Table"/>
   <text:sequence-decl text:display-outline-level="0" text:name="Text"/>
   <text:sequence-decl text:display-outline-level="0" text:name="Drawing"/>
  </text:sequence-decls>
  <help:to-be-embedded Eid="tabordner"><a name="tabordner"/>
  <text:p text:style-name="Head 1"><help:help-id value="SID_FM_TAB_DIALOG"/><help:link Id="66039">Sequenza di attivazione</help:link></text:p>
  <text:p text:style-name="Paragraph"><help:to-be-embedded Eid="text"><help:help-text value="visible">Nella finestra di dialogo <text:span text:style-name="T1">Sequenza di attivazione</text:span> potete modificare l&apos;ordine di attivazione dei campi di controllo con il tasto di tabulazione.</help:help-text></help:to-be-embedded></text:p>
  </help:to-be-embedded>
  <help:popup Id="65594" Eid="tabordner"><help:embedded Id="65598" Eid="wie"></help:embedded></help:popup>
  <text:p text:style-name="Paragraph">Se gli elementi del formulario sono inseriti in un documento, <help:productname>%PRODUCTNAME</help:productname> determina automaticamente in quale ordine passare da un campo di controllo al successivo quando viene premuto il tasto (Tab). Ogni campo di controllo aggiunto viene posizionato automaticamente alla fine della serie. Nella finestra di dialogo <text:span text:style-name="T1">Sequenza di attivazione</text:span> potete adattare l&apos;ordine della serie alle vostre esigenze specifiche.</text:p>
  <text:p text:style-name="Paragraph">Potete anche definire l&apos;indice di un campo di controllo nelle sue proprietà specifiche, inserendo il valore desiderato nel campo <help:link Id="65921" Eid="reihenfolge"><text:span text:style-name="T1">Sequenza</text:span></help:link> della finestra di dialogo <text:span text:style-name="T1">Proprietà</text:span> del campo di controllo.</text:p>
  <text:p text:style-name="Paragraph">I pulsanti di scelta sono accessibili con il tasto (Tab) solo quando sono selezionati. Se avete creato un gruppo di pulsanti di scelta in cui nessuno è selezionato, non potrete accedere a nessuno di questi pulsanti utilizzando la tastiera.</text:p>
  <text:p text:style-name="Head 2"><help:help-id value="HID_TABORDER_CONTROLS"/>Elementi di controllo</text:p>
  <text:p text:style-name="Paragraph"><help:help-text value="visible">Elenca tutti i campi di controllo del formulario. Questi campi di controllo possono essere selezionati con il tasto (Tab).</help:help-text> Potete anche modificare la posizione delle voci dell&apos;elenco <text:span text:style-name="T1">Elementi di controllo</text:span> nella sequenza di attivazione.</text:p>
  <text:p text:style-name="Head 2"><help:help-id value="SVX_PUSHBUTTON_RID_SVXDLG_TAB_ORDER_PB_MOVE_UP"/>Index minore</text:p>
  <text:p text:style-name="Paragraph"><help:help-text value="visible">Fate clic sul pulsante <text:span text:style-name="T1">Verso l&apos;alto</text:span> per spostare il campo di controllo selezionato una posizione più in alto nella sequenza di attivazione.</help:help-text></text:p>
  <text:p text:style-name="Head 2"><help:help-id value="SVX_PUSHBUTTON_RID_SVXDLG_TAB_ORDER_PB_MOVE_DOWN"/>Index maggiore</text:p>
  <text:p text:style-name="Paragraph"><help:help-text value="visible">Fate clic sul pulsante <text:span text:style-name="T1">Verso il basso</text:span> per spostare il campo di controllo selezionato una posizione più in basso nella sequenza di attivazione.</help:help-text></text:p>
  <text:p text:style-name="Head 2"><help:help-id value="SVX_PUSHBUTTON_RID_SVXDLG_TAB_ORDER_PB_AUTO_ORDER"/>Ordine autom.</text:p>
  <text:p text:style-name="Paragraph"><help:help-text value="visible">Fate clic sul pulsante <text:span text:style-name="T1">Ordine autom.</text:span> per ordinare automaticamente i campi di controllo in base alla loro posizione nel documento.</help:help-text></text:p>
 </office:body>
</office:document>
