

<office:document  xmlns:office="http://openoffice.org/2000/office" xmlns:style="http://openoffice.org/2000/style" xmlns:text="http://openoffice.org/2000/text" xmlns:table="http://openoffice.org/2000/table" xmlns:draw="http://openoffice.org/2000/drawing" xmlns:fo="http://www.w3.org/1999/XSL/Format" xmlns:xlink="http://www.w3.org/1999/xlink" xmlns:number="http://openoffice.org/2000/datastyle" xmlns:svg="http://www.w3.org/2000/svg" xmlns:chart="http://openoffice.org/2000/chart" xmlns:dr3d="http://openoffice.org/2000/dr3d" xmlns:math="http://www.w3.org/1998/Math/MathML" xmlns:form="http://openoffice.org/2000/form" xmlns:script="http://openoffice.org/2000/script" office:class="text" office:version="1.0" xmlns:dc="http://purl.org/dc/elements/1.1/" xmlns:meta="http://openoffice.org/2000/meta" xmlns:help="http://openoffice.org/2000/help">
<office:meta>
  <dc:description>text/common/02/01170903</dc:description>
  <dc:subject>Pilota automatico - Casella di riepilogo: Collegamento campo</dc:subject>

  <dc:language>it-IT</dc:language>
  <meta:user-defined meta:name="Info 0">READY</meta:user-defined>
  <meta:user-defined meta:name="Info 1">FREE_OK</meta:user-defined>
  <meta:user-defined meta:name="Info 2"/>
  <meta:user-defined meta:name="Info 3"/>
</office:meta>
 <office:script/>
 <office:font-decls>
  <style:font-decl style:name="StarSymbol" fo:font-family="StarSymbol" style:font-charset="x-symbol"/>
  <style:font-decl style:name="Courier New" fo:font-family="&apos;Courier New&apos;" style:font-style-name="Standard" style:font-family-generic="modern" style:font-pitch="fixed"/>
  <style:font-decl style:name="Courier" fo:font-family="Courier" style:font-family-generic="roman" style:font-pitch="fixed"/>
  <style:font-decl style:name="Arial Unicode MS" fo:font-family="&apos;Arial Unicode MS&apos;" style:font-pitch="variable"/>
  <style:font-decl style:name="HG Mincho Light J" fo:font-family="&apos;HG Mincho Light J&apos;" style:font-pitch="variable"/>
  <style:font-decl style:name="Times New Roman3" fo:font-family="&apos;Times New Roman&apos;" style:font-pitch="variable"/>
  <style:font-decl style:name="Thorndale" fo:font-family="Thorndale" style:font-family-generic="roman" style:font-pitch="variable"/>
  <style:font-decl style:name="Times New Roman2" fo:font-family="&apos;Times New Roman&apos;" style:font-style-name="Fett" style:font-family-generic="roman" style:font-pitch="variable"/>
  <style:font-decl style:name="Times New Roman" fo:font-family="&apos;Times New Roman&apos;" style:font-style-name="Standard" style:font-family-generic="roman" style:font-pitch="variable"/>
  <style:font-decl style:name="Times New Roman1" fo:font-family="&apos;Times New Roman&apos;" style:font-family-generic="swiss" style:font-pitch="variable"/>
 </office:font-decls>
 <office:automatic-styles>
  <style:style style:name="P1" style:family="paragraph" style:parent-style-name="Paragraph" style:master-page-name="HTML">
   <style:properties style:page-number="0"/>
  </style:style>
  <style:style style:name="T1" style:family="text">
   <style:properties fo:font-weight="bold"/>
  </style:style>
 </office:automatic-styles>
 <office:body>
  <text:variable-decls>
   <text:variable-decl text:value-type="string" text:name="HTML_ON"/>
   <text:variable-decl text:value-type="string" text:name="HTML_OFF"/>
   <text:variable-decl text:value-type="string" text:name="TITEL"/>
   <text:variable-decl text:value-type="string" text:name="END"/>
   <text:variable-decl text:value-type="string" text:name="HelpID"/>
   <text:variable-decl text:value-type="string" text:name="NAME"/>
   <text:variable-decl text:value-type="string" text:name="HREF"/>
   <text:variable-decl text:value-type="string" text:name="MODIFY"/>
   <text:variable-decl text:value-type="string" text:name="REFNR"/>
   <text:variable-decl text:value-type="string" text:name="AKTHLP"/>
   <text:variable-decl text:value-type="string" text:name="KEY"/>
   <text:variable-decl text:value-type="string" text:name="OS2"/>
   <text:variable-decl text:value-type="string" text:name="ELSE"/>
   <text:variable-decl text:value-type="string" text:name="STYLE"/>
  </text:variable-decls>
  <text:sequence-decls>
   <text:sequence-decl text:display-outline-level="0" text:name="Illustration"/>
   <text:sequence-decl text:display-outline-level="0" text:name="Table"/>
   <text:sequence-decl text:display-outline-level="0" text:name="Text"/>
   <text:sequence-decl text:display-outline-level="0" text:name="Drawing"/>
  </text:sequence-decls>
  <help:to-be-embedded Eid="seite3a">
  <text:p text:style-name="Head 1"><help:link Id="65952">Pilota automatico - Casella di riepilogo: Collegamento campo</help:link></text:p>
  <text:p text:style-name="Paragraph">Indica i campi tramite i quali le tabelle dei valori e le tabelle di elenco sono collegate.</text:p>
  </help:to-be-embedded>
  <text:p text:style-name="Paragraph">La tabella dei valori è la tabella del formulario dove è inserito il campo elenco. La tabella di elenco è la tabella i cui dati verranno visualizzati nel campo elenco. Entrambe le tabelle devono essere collegate tramite un campo dati comune. Tali collegamenti vanno stabiliti in questa pagina del Pilota automatico. I nomi dei campi non devono necessariamente essere uguali (dipende dalla definizione dei nomi dei campi nelle due tabelle), ma entrambi i campi devono essere dello stesso tipo.</text:p>
  <help:popup Id="65594" Eid="aupikomli3a"><help:embedded Id="65598" Eid="wie"></help:embedded></help:popup>
  <text:p text:style-name="Head 2"><help:help-id value="DBP_COMBOBOX_RID_PAGE_LCW_FIELDLINK_CMB_VALUELISTFIELD"/>Campo dalla tabella dei valori</text:p>
  <text:p text:style-name="Paragraph"><help:help-text value="visible">Specifica il campo di dati del formulario attivo da correlare a un campo nella tabella collegata.</help:help-text> Inoltre, fate clic sul campo di dati desiderato nella casella di riepilogo sottostante.</text:p>
  <text:p text:style-name="Paragraph">Il campo qui indicato viene visualizzato nelle <help:link Id="65983">Proprietà del campo di controllo</help:link>, alla voce <text:span text:style-name="T1">Campo di dati</text:span> della scheda <text:span text:style-name="T1">Dati</text:span>.</text:p>
  <text:p text:style-name="Head 2"><help:help-id value="DBP_COMBOBOX_RID_PAGE_LCW_FIELDLINK_CMB_TABLEFIELD"/>Campo dalla tabella di elenco</text:p>
  <text:p text:style-name="Paragraph"><help:help-text value="visible">Indicate qui il campo di dati della tabella di collegamento che è in relazione con il campo indicato della tabella dei valori.</help:help-text> A questo scopo fate clic sul campo di dati nella casella di riepilogo inferiore.</text:p>
  <text:p text:style-name="Paragraph">Il campo qui indicato viene visualizzato nelle <help:link Id="65983">Proprietà del campo di controllo</help:link> nella scheda <text:span text:style-name="T1">Dati</text:span> come parte integrante di un comando SQL nel campo <text:span text:style-name="T1">Contenuto elenco</text:span>.</text:p>
 </office:body>
</office:document>
