

<office:document  xmlns:office="http://openoffice.org/2000/office" xmlns:style="http://openoffice.org/2000/style" xmlns:text="http://openoffice.org/2000/text" xmlns:table="http://openoffice.org/2000/table" xmlns:draw="http://openoffice.org/2000/drawing" xmlns:fo="http://www.w3.org/1999/XSL/Format" xmlns:xlink="http://www.w3.org/1999/xlink" xmlns:number="http://openoffice.org/2000/datastyle" xmlns:svg="http://www.w3.org/2000/svg" xmlns:chart="http://openoffice.org/2000/chart" xmlns:dr3d="http://openoffice.org/2000/dr3d" xmlns:math="http://www.w3.org/1998/Math/MathML" xmlns:form="http://openoffice.org/2000/form" xmlns:script="http://openoffice.org/2000/script" office:class="text" office:version="1.0" xmlns:dc="http://purl.org/dc/elements/1.1/" xmlns:meta="http://openoffice.org/2000/meta" xmlns:help="http://openoffice.org/2000/help">
<office:meta>
  <dc:description>text/common/02/01170900</dc:description>
  <dc:subject>Pilota automatico - Casella di riepilogo / combinata</dc:subject>

  <dc:language>it-IT</dc:language>
  <meta:user-defined meta:name="Info 0">READY</meta:user-defined>
  <meta:user-defined meta:name="Info 1">FREE_OK</meta:user-defined>
  <meta:user-defined meta:name="Info 2"/>
  <meta:user-defined meta:name="Info 3"/>
</office:meta>
 <office:script/>
 <office:font-decls>
  <style:font-decl style:name="StarSymbol" fo:font-family="StarSymbol" style:font-charset="x-symbol"/>
  <style:font-decl style:name="Courier New" fo:font-family="&apos;Courier New&apos;" style:font-style-name="Standard" style:font-family-generic="modern" style:font-pitch="fixed"/>
  <style:font-decl style:name="Courier" fo:font-family="Courier" style:font-family-generic="roman" style:font-pitch="fixed"/>
  <style:font-decl style:name="Arial Unicode MS" fo:font-family="&apos;Arial Unicode MS&apos;" style:font-pitch="variable"/>
  <style:font-decl style:name="HG Mincho Light J" fo:font-family="&apos;HG Mincho Light J&apos;" style:font-pitch="variable"/>
  <style:font-decl style:name="Times New Roman3" fo:font-family="&apos;Times New Roman&apos;" style:font-pitch="variable"/>
  <style:font-decl style:name="Thorndale" fo:font-family="Thorndale" style:font-family-generic="roman" style:font-pitch="variable"/>
  <style:font-decl style:name="Times New Roman2" fo:font-family="&apos;Times New Roman&apos;" style:font-style-name="Fett" style:font-family-generic="roman" style:font-pitch="variable"/>
  <style:font-decl style:name="Times New Roman" fo:font-family="&apos;Times New Roman&apos;" style:font-style-name="Standard" style:font-family-generic="roman" style:font-pitch="variable"/>
  <style:font-decl style:name="Times New Roman1" fo:font-family="&apos;Times New Roman&apos;" style:font-family-generic="swiss" style:font-pitch="variable"/>
 </office:font-decls>
 <office:automatic-styles>
  <style:style style:name="Tabelle1" style:family="table">
   <style:properties style:width="18cm" table:align="margins"/>
  </style:style>
  <style:style style:name="Tabelle1.A" style:family="table-column">
   <style:properties style:column-width="1.499cm" style:rel-column-width="850*"/>
  </style:style>
  <style:style style:name="Tabelle1.B" style:family="table-column">
   <style:properties style:column-width="16.498cm" style:rel-column-width="9352*"/>
  </style:style>
  <style:style style:name="Tabelle1.1" style:family="table-row">
   <style:properties style:min-row-height="0.848cm"/>
  </style:style>
  <style:style style:name="Tabelle1.A1" style:family="table-cell">
   <style:properties fo:padding="0cm" fo:border="none"/>
  </style:style>
  <style:style style:name="P1" style:family="paragraph" style:parent-style-name="Paragraph" style:master-page-name="HTML">
   <style:properties style:page-number="0"/>
  </style:style>
  <style:style style:name="T1" style:family="text">
   <style:properties fo:font-weight="bold"/>
  </style:style>
  <style:style style:name="fr1" style:family="graphics" style:parent-style-name="Graphics">
   <style:properties fo:margin-left="0cm" fo:margin-right="0cm" fo:margin-top="0cm" fo:margin-bottom="0cm" style:run-through="foreground" style:wrap="run-through" style:vertical-pos="middle" style:vertical-rel="paragraph" style:horizontal-pos="left" style:horizontal-rel="paragraph" style:mirror="none" fo:clip="rect(0cm 0cm 0cm 0cm)" draw:luminance="0%" draw:contrast="0%" draw:red="0%" draw:green="0%" draw:blue="0%" draw:gamma="1" draw:color-inversion="false" draw:transparency="-100%" draw:color-mode="standard"/>
  </style:style>
 </office:automatic-styles>
 <office:body>
  <text:variable-decls>
   <text:variable-decl text:value-type="string" text:name="HTML_ON"/>
   <text:variable-decl text:value-type="string" text:name="HTML_OFF"/>
   <text:variable-decl text:value-type="string" text:name="TITEL"/>
   <text:variable-decl text:value-type="string" text:name="END"/>
   <text:variable-decl text:value-type="string" text:name="HelpID"/>
   <text:variable-decl text:value-type="string" text:name="NAME"/>
   <text:variable-decl text:value-type="string" text:name="HREF"/>
   <text:variable-decl text:value-type="string" text:name="MODIFY"/>
   <text:variable-decl text:value-type="string" text:name="REFNR"/>
   <text:variable-decl text:value-type="string" text:name="AKTHLP"/>
   <text:variable-decl text:value-type="string" text:name="KEY"/>
   <text:variable-decl text:value-type="string" text:name="INDEX"/>
   <text:variable-decl text:value-type="string" text:name="STYLE"/>
  </text:variable-decls>
  <text:sequence-decls>
   <text:sequence-decl text:display-outline-level="0" text:name="Illustration"/>
   <text:sequence-decl text:display-outline-level="0" text:name="Table"/>
   <text:sequence-decl text:display-outline-level="0" text:name="Text"/>
   <text:sequence-decl text:display-outline-level="0" text:name="Drawing"/>
  </text:sequence-decls>
  <text:p text:style-name="P1"/>
  <text:p text:style-name="Head 1"><a name="autopilotkomli"/><help:link Id="65956">Pilota automatico - Casella di riepilogo / combinata</help:link></text:p>
  <text:p text:style-name="Paragraph">Se inserite una casella combinata o una casella di riepilogo in un documento, viene automaticamente lanciato il Pilota automatico.<a name="end"/> <text:s/>Con il pilota automatico potete stabilire in maniera interattiva le informazioni che desiderate visualizzare.</text:p>
  <help:popup Id="65594" Eid="aupikomli"><help:embedded Id="65598" Eid="wie"></help:embedded></help:popup>
  <table:table table:name="Tabelle1" table:style-name="Tabelle1">
   <table:table-column table:style-name="Tabelle1.A"/>
   <table:table-column table:style-name="Tabelle1.B"/>
   <table:table-header-rows>
    <table:table-row table:style-name="Tabelle1.1">
     <table:table-cell table:style-name="Tabelle1.A1" table:value-type="string">
      <text:p text:style-name="Paragraph"><draw:image draw:name="Simbolo0" svg:desc="Questo simbolo segnala la presenza di ulteriori informazioni." svg:pixelx="32" svg:pixely="32" svg:width="0.847cm" svg:height="0.847cm" xlink:href="65980" draw:filter-name=""/></text:p>

     </table:table-cell>
     <table:table-cell table:style-name="Tabelle1.A1" table:value-type="string">
      <text:p text:style-name="Paragraph">Potete associare l&apos;avvio automatico del Pilota automatico al simbolo <help:link Id="65904"><text:span text:style-name="T1">Pilota automatico on/off</text:span></help:link>.</text:p>
     </table:table-cell>
    </table:table-row>
   </table:table-header-rows>
  </table:table>
  <text:p text:style-name="Paragraph">I Piloti automatici per caselle combinate e di riepilogo si differenziano nell&apos;ultimo passaggio. Ciò dipende dalla natura di tali campi di controllo:</text:p>
  <text:p text:style-name="Paragraph"><a name="listenfelder"/><help:key-word value="Formulario; caselle di riepilogo" tag="kw65956_1"/><text:span text:style-name="T1">Caselle di riepilogo</text:span></text:p>
  <text:p text:style-name="Paragraph">Per le caselle di riepilogo l&apos;utente può scegliere una delle diverse voci dell&apos;elenco, che sono salvate in una tabella database e non possono essere elaborate sulla casella di riepilogo.</text:p>
  <text:p text:style-name="Paragraph">La tabella database che contiene le voci di elenco visibili nel formulario, normalmente non è una tabella su cui si basa il formulario. Le caselle di riepilogo di un formulario operano quindi con riferimenti, e più precisamente i riferimenti relativi alle voci visibili dell&apos;elenco si trovano nella tabella di formulario (tabella valori) e vengono inseriti come tali nella tabella valori, se l&apos;utente sceglie una voce dall&apos;elenco e la salva. Tramite i valori di riferimento le caselle di riepilogo possono visualizzare dati da una tabella collegata a quella dell&apos;attuale formulario (tabella dell&apos;elenco). Il <text:span text:style-name="T1">Pilota automatico Casella di riepilogo</text:span> consente quindi il collegamento di due tabelle di un database, in modo tale che il campo di controllo possa rappresentare un elenco dettagliato di un campo database contenuto in un&apos;altra tabella, come la tabella alla quale si riferisce il formulario.</text:p>
  <text:p text:style-name="Paragraph">Nelle altre tabelle la ricerca del campo richiesto viene eseguita utilizzando i nomi di campo (ControlSource) e i campi vengono quindi compilati di conseguenza. Se il sistema non trova il nome di campo cercato, l&apos;elenco rimane vuoto. Quando i campi dell&apos;elenco contengono colonne collegate, la prima colonna dell&apos;altra tabella verrà utilizzata senza previa visualizzazione di una richiesta.</text:p>
  <text:p text:style-name="Paragraph">Se una tabella di articoli contiene, ad esempio, il numero di un fornitore, la casella di riepilogo può utilizzare il collegamento &quot;Numero fornitore&quot; per visualizzare il nome del fornitore dalla tabella dei fornitori. Nella pagina <text:span text:style-name="T1">Collegamento campo</text:span> il Pilota automatico richiede tutte le impostazioni necessarie per questo collegamento.</text:p>
  <text:p text:style-name="Paragraph"><a name="kombinationsfelder"/><help:key-word value="Formulario; caselle combinate" tag="kw65956_2"/><text:span text:style-name="T1">Caselle combinate</text:span></text:p>
  <text:p text:style-name="Paragraph">Nel caso di caselle combinate, gli utenti possono selezionare una voce dall&apos;elenco oppure inserire direttamente un testo. Le voci, presentate in un elenco dal quale l&apos;utente può eseguire la propria selezione, possono provenire da qualsiasi tabella di database. Le voci che gli utenti selezionano o inseriscono possono essere salvate solo nel formulario, oppure in un database. Se vengono salvate in un database, le voci saranno aggiunte alla tabella su cui si basa il formulario.</text:p>
  <text:p text:style-name="Paragraph">Le caselle combinate possono visualizzare i dati di una tabella qualsiasi, ma in questo caso non deve esistere alcun collegamento diretto tra la tabella del formulario corrente e la tabella i cui valori devono essere visualizzati nella casella combinata (tabella di elenco). Le caselle combinate non funzionano con i riferimenti. Se l&apos;utente digita o sceglie un valore e lo salva, il valore effettivamente visualizzato viene inserito nella tabella del formulario. Poiché non esiste un collegamento tra la tabella del formulario e la tabella dell&apos;elenco , in questo caso non viene visualizzata la pagina <text:span text:style-name="T1">Collegamento di campo</text:span>.</text:p>
  <text:p text:style-name="Paragraph">Mentre in presenza di una casella di riepilogo potete scegliere dall&apos;elenco le voci disponibili salvate nella tabella dell&apos;elenco, nelle caselle combinate potete digitare un testo supplementare, che, se necessario, viene scritto e salvato nella tabella database corrente del formulario (tabella valori). Per questa funzione l&apos;ultima pagina del <text:span text:style-name="T1">Pilota automatico Casella combinata</text:span> è <text:span text:style-name="T1">Elaborazione dati</text:span>, che nel caso delle caselle di riepilogo non esiste. Qui potete indicare se e dove deve essere salvato il testo digitato nella tabella valori.</text:p>
  <help:embedded Id="65951" Eid="seite1"></help:embedded>
  <help:embedded Id="65975" Eid="seite1"></help:embedded>
  <help:embedded Id="66000" Eid="seite2"></help:embedded>
  <help:embedded Id="65952" Eid="seite3a"></help:embedded>
  <help:embedded Id="65907" Eid="seite3b"></help:embedded>
  <help:help-id value="HID_LISTWIZARD_CANCEL"/><help:embedded Id="65630" Eid="abbrechen"></help:embedded>
  <help:help-id value="HID_LISTWIZARD_PREVIOUS"/><help:embedded Id="65630" Eid="zurueckautopi"></help:embedded>
  <help:help-id value="HID_LISTWIZARD_NEXT"/><help:embedded Id="65630" Eid="weiterautopi"></help:embedded>
 </office:body>
</office:document>
