

<office:document  xmlns:office="http://openoffice.org/2000/office" xmlns:style="http://openoffice.org/2000/style" xmlns:text="http://openoffice.org/2000/text" xmlns:table="http://openoffice.org/2000/table" xmlns:draw="http://openoffice.org/2000/drawing" xmlns:fo="http://www.w3.org/1999/XSL/Format" xmlns:xlink="http://www.w3.org/1999/xlink" xmlns:number="http://openoffice.org/2000/datastyle" xmlns:svg="http://www.w3.org/2000/svg" xmlns:chart="http://openoffice.org/2000/chart" xmlns:dr3d="http://openoffice.org/2000/dr3d" xmlns:math="http://www.w3.org/1998/Math/MathML" xmlns:form="http://openoffice.org/2000/form" xmlns:script="http://openoffice.org/2000/script" office:class="text" office:version="1.0" xmlns:dc="http://purl.org/dc/elements/1.1/" xmlns:meta="http://openoffice.org/2000/meta" xmlns:help="http://openoffice.org/2000/help">
<office:meta>
  <dc:description>text/common/02/12000000</dc:description>
  <dc:subject>Explorer on/off</dc:subject>
  <meta:keywords>
   <meta:keyword>$Version</meta:keyword>
  </meta:keywords>
  <dc:language>it-IT</dc:language>
  <meta:user-defined meta:name="Info 0">READY</meta:user-defined>
  <meta:user-defined meta:name="Info 1">FREE_OK</meta:user-defined>
  <meta:user-defined meta:name="Info 2"/>
  <meta:user-defined meta:name="Info 3"/>
</office:meta>
 <office:script/>
 <office:font-decls>
  <style:font-decl style:name="StarSymbol" fo:font-family="StarSymbol" style:font-charset="x-symbol"/>
  <style:font-decl style:name="Courier New" fo:font-family="&apos;Courier New&apos;" style:font-style-name="Standard" style:font-family-generic="modern" style:font-pitch="fixed"/>
  <style:font-decl style:name="Courier" fo:font-family="Courier" style:font-family-generic="roman" style:font-pitch="fixed"/>
  <style:font-decl style:name="Arial Unicode MS" fo:font-family="&apos;Arial Unicode MS&apos;" style:font-pitch="variable"/>
  <style:font-decl style:name="HG Mincho Light J" fo:font-family="&apos;HG Mincho Light J&apos;" style:font-pitch="variable"/>
  <style:font-decl style:name="Times New Roman3" fo:font-family="&apos;Times New Roman&apos;" style:font-pitch="variable"/>
  <style:font-decl style:name="Thorndale" fo:font-family="Thorndale" style:font-family-generic="roman" style:font-pitch="variable"/>
  <style:font-decl style:name="Times New Roman2" fo:font-family="&apos;Times New Roman&apos;" style:font-style-name="Fett" style:font-family-generic="roman" style:font-pitch="variable"/>
  <style:font-decl style:name="Times New Roman" fo:font-family="&apos;Times New Roman&apos;" style:font-style-name="Standard" style:font-family-generic="roman" style:font-pitch="variable"/>
  <style:font-decl style:name="Times New Roman1" fo:font-family="&apos;Times New Roman&apos;" style:font-family-generic="swiss" style:font-pitch="variable"/>
 </office:font-decls>
 <office:automatic-styles>
  <style:style style:name="Tabelle1" style:family="table">
   <style:properties style:width="17.995cm" fo:margin-left="0cm" fo:margin-right="0.005cm" table:align="margins"/>
  </style:style>
  <style:style style:name="Tabelle1.A" style:family="table-column">
   <style:properties style:column-width="1.499cm" style:rel-column-width="5458*"/>
  </style:style>
  <style:style style:name="Tabelle1.B" style:family="table-column">
   <style:properties style:column-width="16.496cm" style:rel-column-width="60039*"/>
  </style:style>
  <style:style style:name="Tabelle3" style:family="table">
   <style:properties style:width="18cm" table:align="margins"/>
  </style:style>
  <style:style style:name="Tabelle3.A" style:family="table-column">
   <style:properties style:column-width="1.499cm" style:rel-column-width="5460*"/>
  </style:style>
  <style:style style:name="Tabelle3.B" style:family="table-column">
   <style:properties style:column-width="16.499cm" style:rel-column-width="60055*"/>
  </style:style>
  <style:style style:name="P1" style:family="paragraph" style:parent-style-name="Paragraph" style:master-page-name="HTML">
   <style:properties style:page-number="0"/>
  </style:style>
  <style:style style:name="T1" style:family="text">
   <style:properties fo:font-weight="bold"/>
  </style:style>
  <style:style style:name="fr1" style:family="graphics" style:parent-style-name="Graphics">
   <style:properties style:wrap="run-through" style:horizontal-pos="left" style:horizontal-rel="paragraph" style:mirror="none" fo:clip="rect(0cm 0cm 0cm 0cm)" draw:luminance="0%" draw:contrast="0%" draw:red="0%" draw:green="0%" draw:blue="0%" draw:gamma="1" draw:color-inversion="false" draw:transparency="-100%" draw:color-mode="standard"/>
  </style:style>
  <style:style style:name="fr2" style:family="graphics" style:parent-style-name="Graphics">
   <style:properties style:run-through="foreground" style:wrap="run-through" style:vertical-pos="top" style:vertical-rel="paragraph" style:horizontal-pos="left" style:horizontal-rel="paragraph" style:mirror="none" fo:clip="rect(0cm 0cm 0cm 0cm)" draw:luminance="0%" draw:contrast="0%" draw:red="0%" draw:green="0%" draw:blue="0%" draw:gamma="1" draw:color-inversion="false" draw:transparency="-100%" draw:color-mode="standard"/>
  </style:style>
 </office:automatic-styles>
 <office:body>
  <text:variable-decls>
   <text:variable-decl text:value-type="string" text:name="HTML_ON"/>
   <text:variable-decl text:value-type="string" text:name="HTML_OFF"/>
   <text:variable-decl text:value-type="string" text:name="TITEL"/>
   <text:variable-decl text:value-type="string" text:name="END"/>
   <text:variable-decl text:value-type="string" text:name="NAME"/>
   <text:variable-decl text:value-type="string" text:name="HREF"/>
   <text:variable-decl text:value-type="string" text:name="MODIFY"/>
   <text:variable-decl text:value-type="string" text:name="REFNR"/>
   <text:variable-decl text:value-type="string" text:name="HelpID"/>
   <text:variable-decl text:value-type="string" text:name="AKTHLP"/>
   <text:variable-decl text:value-type="string" text:name="INDEX"/>
   <text:variable-decl text:value-type="string" text:name="STYLE"/>
  </text:variable-decls>
  <text:sequence-decls>
   <text:sequence-decl text:display-outline-level="0" text:name="Illustration"/>
   <text:sequence-decl text:display-outline-level="0" text:name="Table"/>
   <text:sequence-decl text:display-outline-level="0" text:name="Text"/>
   <text:sequence-decl text:display-outline-level="0" text:name="Drawing"/>
  </text:sequence-decls>
  <help:to-be-embedded Eid="explorer">
  <text:p text:style-name="Head 1"><help:help-id value="SID_DSBROWSER_EXPLORER"/><help:link Id="67894">Explorer on/off</help:link></text:p>
  <text:p text:style-name="Paragraph"><help:help-text value="visible">Attiva la vista dell&apos;explorer sorgenti dati.</help:help-text> Il simbolo <text:span text:style-name="T1">Mostra/nascondi Explorer</text:span> è disponibile nella <help:link Id="65557">Barra degli strumenti per database</help:link>.</text:p>
  </help:to-be-embedded>
  <help:to-be-embedded Eid="syexplorer">
  <table:table table:name="Tabelle1" table:style-name="Tabelle1">
   <table:table-column table:style-name="Tabelle1.A"/>
   <table:table-column table:style-name="Tabelle1.B"/>
   <table:table-header-rows>
    <table:table-row>
     <table:table-cell table:value-type="string">
      <text:p text:style-name="Paragraph"><draw:image draw:name="Simbolo0" svg:desc="Simbolo" svg:pixelx="25" svg:pixely="25" svg:width="0.661cm" svg:height="0.661cm" xlink:href="65913" draw:filter-name=""/></text:p>

     </table:table-cell>
     <table:table-cell table:value-type="string">
      <text:p text:style-name="Paragraph">Explorer on/off</text:p>
     </table:table-cell>
    </table:table-row>
   </table:table-header-rows>
  </table:table>
  </help:to-be-embedded>
  <text:p text:style-name="Paragraph"><help:embedded Id="68433" Eid="database_main"></help:embedded></text:p>
  <text:p text:style-name="Paragraph">Nell&apos;Explorer del database potete visualizzare le sorgenti di dati con i collegamenti, le ricerche e le tabelle di <help:productname>%PRODUCTNAME</help:productname>.</text:p>
  <text:p text:style-name="Paragraph"><text:span text:style-name="T1">Creare un collegamento</text:span> - Quando selezionate una singola tabella o ricerca, viene stabilito immediatamente un collegamento alla sorgente dati. In seguito all&apos;apertura del collegamento, il nome della sorgente dati, la voce Ricerche o Tabelle e il nome della ricerca o della tabella selezionata viene visualizzato in grassetto.</text:p>
  <help:to-be-embedded Eid="kontextmenue"><a name="kontextmenue"/>
  <text:p text:style-name="Paragraph">Nel menu di contesto dell&apos;Explorer nella vista Sorgenti dati sono disponibili i seguenti comandi che si riferiscono alla voce visualizzata in maniera invertita:</text:p>
  <table:table table:name="Tabelle3" table:style-name="Tabelle3">
   <table:table-column table:style-name="Tabelle3.A"/>
   <table:table-column table:style-name="Tabelle3.B"/>
   <table:table-header-rows>
    <table:table-row>
     <table:table-cell table:value-type="string">
      <text:p text:style-name="Paragraph"><draw:image draw:name="Simbolo1" svg:desc="Simbolo di nota" svg:pixelx="32" svg:pixely="32" svg:width="0.847cm" svg:height="0.847cm" xlink:href="65980" draw:filter-name=""/></text:p>

     </table:table-cell>
     <table:table-cell table:value-type="string">
      <text:p text:style-name="Paragraph">I comandi nel menu contestuale variano a seconda dell&apos;esistenza o meno di un collegamento con la sorgente dati. Ad esempio, il comando <text:span text:style-name="T1">Chiudi collegamento</text:span> è presente solo se è stato precedentemente stabilito un collegamento.</text:p>
     </table:table-cell>
    </table:table-row>
   </table:table-header-rows>
  </table:table>
  <text:p text:style-name="Head 2">Menu di contesto della voce principale di una sorgente di dati</text:p>
  <text:p text:style-name="Head 3"><help:help-id value="HID_BROWSER_DSADMINISTRATE"/>Amministra sorgente dati</text:p>
  <text:p text:style-name="Paragraph"><help:help-text value="visible">Apre la finestra di dialogo <help:link Id="66167"><text:span text:style-name="T1">Gestione delle sorgenti di dati</text:span></help:link></help:help-text>.</text:p>
  <text:p text:style-name="Head 3"><help:help-id value="HID_DSBROWSER_DIRECTSQL"/>SQL</text:p>
  <text:p text:style-name="Paragraph"><help:help-text value="visible">Apre la finestra di dialogo <help:link Id="66152"><text:span text:style-name="T1">Esegui il comando SQL</text:span></help:link></help:help-text>.</text:p>
  <text:p text:style-name="Head 3"><help:help-id value="HID_BROWSER_CLOSECONN"/>Chiudi collegamento</text:p>
  <text:p text:style-name="Paragraph"><help:help-text value="visible">Chiude la connessione alla sorgente dati.</help:help-text> Vedere <help:link Id="68345"><text:span text:style-name="T1">Strumenti - Opzioni - Sorgente dati - Collegamenti</text:span></help:link>.</text:p>
  <text:p text:style-name="Head 3"><help:help-id value="HID_BROWSER_RENAME_ENTRY"/>Rinomina (per tabelle, viste, ricerche)</text:p>
  <text:p text:style-name="Paragraph"><help:help-text value="visible">Per rinominare una voce, selezionate questo comando e specificate il nuovo nome.</help:help-text>. Potete inoltre selezionare la voce e premere F2. Il database deve supportare la funzione di ridenominazione, altrimenti questo comando non è abilitato.</text:p>
  <text:p text:style-name="Head 2">Ulteriori comandi nel menu di contesto dei &quot;Collegamenti&quot;</text:p>
  <help:embedded Id="68411" Eid="neuver"></help:embedded>
  <help:embedded Id="68411" Eid="neufor"></help:embedded>
  <text:p text:style-name="Head 2">Ulteriori comandi nel menu di contesto di un singolo collegamento</text:p>
  <help:embedded Id="68411" Eid="verbea"></help:embedded>
  <text:p text:style-name="Head 2">Ulteriori comandi nel menu di contesto delle &quot;Ricerche&quot;</text:p>
  <text:p text:style-name="Head 3">Nuova struttura di ricerca</text:p>
  <text:p text:style-name="Paragraph"><help:help-text value="visible">apre la finestra <help:link Id="66162">Ricerca</help:link></help:help-text>.</text:p>
  <text:p text:style-name="Head 3">Nuovo comando SQL</text:p>
  <text:p text:style-name="Paragraph"><help:help-text value="visible">Apre la finestra <text:span text:style-name="T1">Struttura ricerca</text:span> che permette di creare direttamente un <help:link Id="66162" Eid="sql">comando SQL</help:link>.</help:help-text></text:p>
  <text:p text:style-name="Head 2">Ulteriori comandi nel menu di contesto di una singola ricerca</text:p>
  <text:p text:style-name="Head 3">Modifica ricerca</text:p>
  <text:p text:style-name="Paragraph"><help:help-text value="visible">Apre la ricerca nella <help:link Id="66162">Vista struttura ricerca</help:link>.</help:help-text></text:p>
  <text:p text:style-name="Head 3">Elimina ricerca</text:p>
  <text:p text:style-name="Paragraph">Le ricerche vengono eliminate fisicamente.</text:p>
  <text:p text:style-name="Head 3"><help:help-id value="HID_BROWSER_QUERY_COPY"/>Copia ricerca</text:p>
  <text:p text:style-name="Paragraph"><help:help-text value="visible">Copia la ricerca negli Appunti.</help:help-text> Dagli Appunti potete quindi inserirla in un altro documento. Scegliendo il comando di inserimento si apre la finestra di dialogo <help:link Id="65967"><text:span text:style-name="T1">Inserisci colonne di database</text:span></help:link>.</text:p>
  <text:p text:style-name="Head 2">Ulteriori comandi nel menu di contesto delle &quot;Tabelle&quot;</text:p>
  <help:embedded Id="66174" Eid="neutab"></help:embedded>
  <text:p text:style-name="Head 3"><help:help-id value="HID_BROWSER_VIEW_CREATE_DESIGN"/>Nuova struttura visualizzazione</text:p>
  <text:p text:style-name="Paragraph"><help:help-text value="visible">Apre la finestra <text:span text:style-name="T1">Vista disegno</text:span>.</help:help-text> Questa finestra è controllata analogamente alla finestra <help:link Id="66162">Struttura ricerca</help:link>. L&apos;aspetto e il modo di utilizzo di questa vista sono uguali a quelli per una ricerca.</text:p>
  <text:p text:style-name="Head 3"><help:help-id value="HID_BROWSER_TABLE_PASTE"/>Inserisci tabella</text:p>
  <text:p text:style-name="Paragraph"><help:help-text value="visible">Inserisce la tabella contenuta negli Appunti nel contenitore di tabelle selezionato. Si apre la finestra di dialogo <help:link Id="66193"><text:span text:style-name="T1">Copia tabella</text:span></help:link>.</help:help-text></text:p>
  <text:p text:style-name="Head 3"><help:help-id value="HID_BROWSER_RELATION_DESIGN"/>Struttura relazione</text:p>
  <text:p text:style-name="Paragraph"><help:help-text value="visible">Il comando consente di aprire la finestra <text:span text:style-name="T1">Struttura relazione</text:span>.</help:help-text></text:p>
  <text:p text:style-name="Head 2">Ulteriori comandi nel menu di contesto di una singola tabella</text:p>
  <help:embedded Id="66174" Eid="tabbea"></help:embedded>
  <text:p text:style-name="Head 3"><help:help-id value="HID_BROWSER_TABLE_COPY"/>Copia tabella</text:p>
  <text:p text:style-name="Paragraph"><help:help-text value="visible">Il comando consente di copiare negli appunti la tabella selezionata.</help:help-text></text:p>
  <text:p text:style-name="Head 2">Ulteriori comandi nel menu di contesto di una vista</text:p>
  <text:p text:style-name="Head 3"><help:help-id value="HID_BROWSER_VIEW_DELETE"/>Elimina vista</text:p>
  <text:p text:style-name="Paragraph"><help:help-text value="visible">Elimina la vista selezionata.</help:help-text></text:p>
  <text:p text:style-name="Head 3"><help:help-id value="HID_BROWSER_VIEW_COPY"/>Copia vista</text:p>
  <text:p text:style-name="Paragraph"><help:help-text value="visible">Il comando consente di copiare la vista selezionata negli appunti.</help:help-text></text:p>
  <text:p text:style-name="Head 3"><help:help-id value="HID_BROWSER_VIEW_PASTE"/>Inserisci vista</text:p>
  <text:p text:style-name="Paragraph"><help:help-text value="visible">Incolla la vista contenuta negli Appunti nel contenitore di tabelle selezionato. Si apre la finestra di dialogo <help:link Id="66193"><text:span text:style-name="T1">Copia tabella</text:span></help:link>.</help:help-text></text:p>
  </help:to-be-embedded>
 </office:body>
</office:document>
