

<office:document  xmlns:office="http://openoffice.org/2000/office" xmlns:style="http://openoffice.org/2000/style" xmlns:text="http://openoffice.org/2000/text" xmlns:table="http://openoffice.org/2000/table" xmlns:draw="http://openoffice.org/2000/drawing" xmlns:fo="http://www.w3.org/1999/XSL/Format" xmlns:xlink="http://www.w3.org/1999/xlink" xmlns:number="http://openoffice.org/2000/datastyle" xmlns:svg="http://www.w3.org/2000/svg" xmlns:chart="http://openoffice.org/2000/chart" xmlns:dr3d="http://openoffice.org/2000/dr3d" xmlns:math="http://www.w3.org/1998/Math/MathML" xmlns:form="http://openoffice.org/2000/form" xmlns:script="http://openoffice.org/2000/script" office:class="text" office:version="1.0" xmlns:dc="http://purl.org/dc/elements/1.1/" xmlns:meta="http://openoffice.org/2000/meta" xmlns:help="http://openoffice.org/2000/help">
<office:meta>
  <dc:description>text/common/02/01170700</dc:description>
  <dc:subject>HTML フィルタおよびフォーム</dc:subject>
  <meta:keywords>
   <meta:keyword>$Version</meta:keyword>
  </meta:keywords>
  <dc:language>ja-JP</dc:language>
  <meta:user-defined meta:name="Info 0">READY</meta:user-defined>
  <meta:user-defined meta:name="Info 1">FREE_OK</meta:user-defined>
  <meta:user-defined meta:name="Info 2"/>
  <meta:user-defined meta:name="Info 3"/>
</office:meta>
 <office:script/>
 <office:font-decls>
  <style:font-decl style:name="StarSymbol" fo:font-family="StarSymbol" style:font-charset="x-symbol"/>
  <style:font-decl style:name="Courier New" fo:font-family="&apos;Courier New&apos;" style:font-style-name="Standard" style:font-family-generic="modern" style:font-pitch="fixed"/>
  <style:font-decl style:name="Andale WT UI" fo:font-family="&apos;Andale WT UI&apos;" style:font-family-generic="roman" style:font-pitch="fixed"/>
  <style:font-decl style:name="Andale WT UI4" fo:font-family="&apos;Andale WT UI&apos;" style:font-pitch="variable"/>
  <style:font-decl style:name="Arial Unicode MS" fo:font-family="&apos;Arial Unicode MS&apos;" style:font-pitch="variable"/>
  <style:font-decl style:name="Courier New1" fo:font-family="&apos;Courier New&apos;" style:font-pitch="variable"/>
  <style:font-decl style:name="HG Mincho Light J" fo:font-family="&apos;HG Mincho Light J&apos;" style:font-pitch="variable"/>
  <style:font-decl style:name="Andale WT UI1" fo:font-family="&apos;Andale WT UI&apos;" style:font-style-name="Fett" style:font-family-generic="roman" style:font-pitch="variable"/>
  <style:font-decl style:name="Andale WT UI2" fo:font-family="&apos;Andale WT UI&apos;" style:font-style-name="Standard" style:font-family-generic="roman" style:font-pitch="variable"/>
  <style:font-decl style:name="Thorndale" fo:font-family="Thorndale" style:font-family-generic="roman" style:font-pitch="variable"/>
  <style:font-decl style:name="Times New Roman" fo:font-family="&apos;Times New Roman&apos;" style:font-style-name="Fett" style:font-family-generic="roman" style:font-pitch="variable"/>
  <style:font-decl style:name="Andale WT UI3" fo:font-family="&apos;Andale WT UI&apos;" style:font-family-generic="swiss" style:font-pitch="variable"/>
 </office:font-decls>
 <office:automatic-styles>
  <style:style style:name="P1" style:family="paragraph" style:parent-style-name="Paragraph" style:master-page-name="HTML">
   <style:properties style:page-number="0"/>
  </style:style>
 </office:automatic-styles>
 <office:body>
  <text:variable-decls>
   <text:variable-decl text:value-type="string" text:name="HTML_ON"/>
   <text:variable-decl text:value-type="string" text:name="HTML_OFF"/>
   <text:variable-decl text:value-type="string" text:name="TITEL"/>
   <text:variable-decl text:value-type="string" text:name="END"/>
   <text:variable-decl text:value-type="string" text:name="HelpID"/>
   <text:variable-decl text:value-type="string" text:name="NAME"/>
   <text:variable-decl text:value-type="string" text:name="HREF"/>
   <text:variable-decl text:value-type="string" text:name="MODIFY"/>
   <text:variable-decl text:value-type="string" text:name="REFNR"/>
   <text:variable-decl text:value-type="string" text:name="AKTHLP"/>
   <text:variable-decl text:value-type="string" text:name="KEY"/>
   <text:variable-decl text:value-type="string" text:name="INDEX"/>
  </text:variable-decls>
  <text:sequence-decls>
   <text:sequence-decl text:display-outline-level="0" text:name="Illustration"/>
   <text:sequence-decl text:display-outline-level="0" text:name="Table"/>
   <text:sequence-decl text:display-outline-level="0" text:name="Text"/>
   <text:sequence-decl text:display-outline-level="0" text:name="Drawing"/>
  </text:sequence-decls>
  <text:p text:style-name="P1"/>
  <text:p text:style-name="Head 1"><help:key-word value="フォーム; HTML フィルタ" tag="kw65995_1"/>HTML フィルタおよびフォーム</text:p>
  <text:p text:style-name="Paragraph">HTML ドキュメント内では、すべてのコントロール要素とフォームイベントを使用できます。現在まで、フォーカスイベントなど、多数のイベントが変更されることなく使用されてきました。これらのイベントは、今後も JavaScript 用の ONFOCUS や ONBLUR、<help:productname>%PRODUCTNAME</help:productname> BASIC 用の SDONFOCUS や SDONBLUR などとして引き続きインポートおよびエクスポートされます。</text:p>
  <text:p text:style-name="Paragraph">その他のすべてのイベントに関しては、リスナーインターフェイスおよびイベントのメソッド名から構成される一般名が使用されます。XListener::method として登録されているイベントは</text:p>
  <text:p text:style-name="PropText">SDEvent-XListener-method = &quot;/* event-code */&quot;</text:p>
  <text:p text:style-name="Paragraph">このオプションの XListener- とメソッドコンポーネントでは、大文字と小文字が区別されることに注意してください。</text:p>
  <text:p text:style-name="Paragraph">コントロールのイベント処理では、<help:productname>%PRODUCTNAME</help:productname> API が使用されます。コントロールにイベントを割り当てると、オブジェクトが特定のコントロールイベントに対する「リスナ」として自身を内部で登録します。このためには、オブジェクトがフォーカスイベントに反応することを可能にする特殊なインターフェース (XFocusListener インターフェースなど) を使用する必要があります。イベントの発生時、コントロールがフォーカスを受け取ると、この Listener インターフェースの特殊なメソッドを呼び出します。次に、内部的に登録されたこのオブジェクトは、イベントに割り当てられた JavaScript または <help:productname>%PRODUCTNAME</help:productname> BASIC コードを呼び出します。</text:p>
  <text:p text:style-name="Paragraph">ここで HTML フィルタは、これらのリスナインターフェースとメソッドの名前を正確に使用するので、イベントを適宜にインポートおよびエクスポートできます。フォーカスイベントは、次の経路で登録できます。</text:p>
  <text:p text:style-name="PropText">&lt;INPUT TYPE=text ONFOCUS=&quot;/* code */&quot;</text:p>
  <text:p text:style-name="Paragraph">次の経路では登録できません。</text:p>
  <text:p text:style-name="PropText">&lt;INPUT TYPE=text SDEvent-XFocusListener-focusGained=&quot;/* code */&quot; 経由でも</text:p>
  <text:p text:style-name="Paragraph">レジスタ。したがって、イベントはリストボックスに含まれていないものでも必要に応じて登録できます。イベントのスクリプト言語を定義するために、ドキュメントヘッダ内に次の行を書き込むことができます。</text:p>
  <text:p text:style-name="PropText">&lt;META HTTP-EQUIV=&quot;content-script-type&quot; CONTENT=&quot;...&quot;&gt;</text:p>
  <text:p text:style-name="Paragraph">CONTENT に関しては、特に <help:productname>%PRODUCTNAME</help:productname> Basic 用には「text/x-StarBasic」を、JavaScript 用には「text/JavaScript」を使用できます。特に何も書いていない場合には、JavaScript が前提となります。</text:p>
  <text:p text:style-name="Paragraph">エクスポート時に、マクロ管理機能にある最初のモジュールに基づいて、標準スクリプト言語が定義されます。イベントでは、ドキュメントごとにひとつの言語だけを使用できます。</text:p>
 </office:body>
</office:document>
