

<office:document  xmlns:office="http://openoffice.org/2000/office" xmlns:style="http://openoffice.org/2000/style" xmlns:text="http://openoffice.org/2000/text" xmlns:table="http://openoffice.org/2000/table" xmlns:draw="http://openoffice.org/2000/drawing" xmlns:fo="http://www.w3.org/1999/XSL/Format" xmlns:xlink="http://www.w3.org/1999/xlink" xmlns:number="http://openoffice.org/2000/datastyle" xmlns:svg="http://www.w3.org/2000/svg" xmlns:chart="http://openoffice.org/2000/chart" xmlns:dr3d="http://openoffice.org/2000/dr3d" xmlns:math="http://www.w3.org/1998/Math/MathML" xmlns:form="http://openoffice.org/2000/form" xmlns:script="http://openoffice.org/2000/script" office:class="text" office:version="1.0" xmlns:dc="http://purl.org/dc/elements/1.1/" xmlns:meta="http://openoffice.org/2000/meta" xmlns:help="http://openoffice.org/2000/help">
<office:meta>
  <dc:description>text/common/02/01170300</dc:description>
  <dc:subject>タブオーダー</dc:subject>

  <dc:language>ja-JP</dc:language>
  <meta:user-defined meta:name="Info 0">READY</meta:user-defined>
  <meta:user-defined meta:name="Info 1">FREE_OK</meta:user-defined>
  <meta:user-defined meta:name="Info 2"/>
  <meta:user-defined meta:name="Info 3"/>
</office:meta>
 <office:script/>
 <office:font-decls>
  <style:font-decl style:name="StarSymbol" fo:font-family="StarSymbol" style:font-charset="x-symbol"/>
  <style:font-decl style:name="Courier New" fo:font-family="&apos;Courier New&apos;" style:font-style-name="Standard" style:font-family-generic="modern" style:font-pitch="fixed"/>
  <style:font-decl style:name="Courier" fo:font-family="Courier" style:font-family-generic="roman" style:font-pitch="fixed"/>
  <style:font-decl style:name="Andale WT UI3" fo:font-family="&apos;Andale WT UI&apos;" style:font-pitch="variable"/>
  <style:font-decl style:name="Arial Unicode MS" fo:font-family="&apos;Arial Unicode MS&apos;" style:font-pitch="variable"/>
  <style:font-decl style:name="HG Mincho Light J" fo:font-family="&apos;HG Mincho Light J&apos;" style:font-pitch="variable"/>
  <style:font-decl style:name="Andale WT UI" fo:font-family="&apos;Andale WT UI&apos;" style:font-style-name="Fett" style:font-family-generic="roman" style:font-pitch="variable"/>
  <style:font-decl style:name="Andale WT UI1" fo:font-family="&apos;Andale WT UI&apos;" style:font-style-name="Standard" style:font-family-generic="roman" style:font-pitch="variable"/>
  <style:font-decl style:name="Thorndale" fo:font-family="Thorndale" style:font-family-generic="roman" style:font-pitch="variable"/>
  <style:font-decl style:name="Times New Roman" fo:font-family="&apos;Times New Roman&apos;" style:font-style-name="Fett" style:font-family-generic="roman" style:font-pitch="variable"/>
  <style:font-decl style:name="Andale WT UI2" fo:font-family="&apos;Andale WT UI&apos;" style:font-family-generic="swiss" style:font-pitch="variable"/>
 </office:font-decls>
 <office:automatic-styles>
  <style:style style:name="P1" style:family="paragraph" style:parent-style-name="Paragraph" style:master-page-name="HTML">
   <style:properties style:page-number="0"/>
  </style:style>
  <style:style style:name="T1" style:family="text">
   <style:properties fo:font-weight="bold"/>
  </style:style>
 </office:automatic-styles>
 <office:body>
  <text:variable-decls>
   <text:variable-decl text:value-type="string" text:name="HTML_ON"/>
   <text:variable-decl text:value-type="string" text:name="HTML_OFF"/>
   <text:variable-decl text:value-type="string" text:name="TITEL"/>
   <text:variable-decl text:value-type="string" text:name="END"/>
   <text:variable-decl text:value-type="string" text:name="HelpID"/>
   <text:variable-decl text:value-type="string" text:name="NAME"/>
   <text:variable-decl text:value-type="string" text:name="HREF"/>
   <text:variable-decl text:value-type="string" text:name="MODIFY"/>
   <text:variable-decl text:value-type="string" text:name="REFNR"/>
   <text:variable-decl text:value-type="string" text:name="AKTHLP"/>
   <text:variable-decl text:value-type="string" text:name="STYLE"/>
  </text:variable-decls>
  <text:sequence-decls>
   <text:sequence-decl text:display-outline-level="0" text:name="Illustration"/>
   <text:sequence-decl text:display-outline-level="0" text:name="Table"/>
   <text:sequence-decl text:display-outline-level="0" text:name="Text"/>
   <text:sequence-decl text:display-outline-level="0" text:name="Drawing"/>
  </text:sequence-decls>
  <help:to-be-embedded Eid="tabordner"><a name="tabordner"/>
  <text:p text:style-name="Head 1"><help:help-id value="SID_FM_TAB_DIALOG"/><help:link Id="66039">タブオーダー</help:link></text:p>
  <text:p text:style-name="Paragraph"><help:to-be-embedded Eid="text"><help:help-text value="visible">ダイアログ <text:span text:style-name="T1">タブオーダー</text:span> では、Tab キーによってコントロールフィールドがフォーカスを獲得する順序を変更できます。</help:help-text></help:to-be-embedded></text:p>
  </help:to-be-embedded>
  <help:popup Id="65594" Eid="tabordner"><help:embedded Id="65598" Eid="wie"></help:embedded></help:popup>
  <text:p text:style-name="Paragraph">フォーム項目をドキュメントに挿入すると、Tab キーによってコントロール間を移動する順序が自動的に指定されます。新しいコントロールを追加すると、この順序の最後に新しいコントロールが自動的に配置されます。ダイアログ <text:span text:style-name="T1">タブオーダー</text:span> では、それぞれのニーズに合わせてコントロール間の移動順序を変更できます。</text:p>
  <text:p text:style-name="Paragraph">また、コントロールの属性によってコントロールの順序を指定することもできます。そのためには、コントロールのダイアログ <help:link Id="65921" Eid="reihenfolge"><text:span text:style-name="T1">属性</text:span></help:link> で<text:span text:style-name="T1">順序</text:span>属性にコントロールの順序を表す値を入力します。</text:p>
  <text:p text:style-name="Paragraph">ラジオボタンで Tab キーでの移動対象となるものは、選択状態にあるラジオボタンだけです。グループ化したラジオボタンで、標準で選択されるオプションをデザイン時に 1 つも指定しておかなかった場合、ユーザーによるキーボード操作で、グループ本体およびグループ内のラジオボタンにアクセスすることはできません。</text:p>
  <text:p text:style-name="Head 2"><help:help-id value="HID_TABORDER_CONTROLS"/>コントロール要素</text:p>
  <text:p text:style-name="Paragraph"><help:help-text value="visible">フォーム内の全コントロールのリストが表示されます。フォーム内のコントロールは、Tab キーで選択できます。</help:help-text>リスト <text:span text:style-name="T1">コントロール要素</text:span> でコントロールを選択し、タブオーダーの順序を割り当てます。</text:p>
  <text:p text:style-name="Head 2"><help:help-id value="SVX_PUSHBUTTON_RID_SVXDLG_TAB_ORDER_PB_MOVE_UP"/>上へ移動</text:p>
  <text:p text:style-name="Paragraph"><help:help-text value="visible">ボタン <text:span text:style-name="T1">上へ移動</text:span> をクリックすると、選択したコントロールのタブオーダーの順序がひとつまえになります。</help:help-text></text:p>
  <text:p text:style-name="Head 2"><help:help-id value="SVX_PUSHBUTTON_RID_SVXDLG_TAB_ORDER_PB_MOVE_DOWN"/>下へ移動</text:p>
  <text:p text:style-name="Paragraph"><help:help-text value="visible">ボタン <text:span text:style-name="T1">下へ移動</text:span> をクリックすると、選択したコントロールのタブオーダーの順序がひとつあとになります。</help:help-text></text:p>
  <text:p text:style-name="Head 2"><help:help-id value="SVX_PUSHBUTTON_RID_SVXDLG_TAB_ORDER_PB_AUTO_ORDER"/>自動並べ替え</text:p>
  <text:p text:style-name="Paragraph"><help:help-text value="visible">ボタン <text:span text:style-name="T1">自動的に並べ替え</text:span> をクリックすると、ドキュメント内のコントロールの位置を基準にしてコントロールが自動的に並べ替えられます。</help:help-text></text:p>
 </office:body>
</office:document>
