

<office:document  xmlns:office="http://openoffice.org/2000/office" xmlns:style="http://openoffice.org/2000/style" xmlns:text="http://openoffice.org/2000/text" xmlns:table="http://openoffice.org/2000/table" xmlns:draw="http://openoffice.org/2000/drawing" xmlns:fo="http://www.w3.org/1999/XSL/Format" xmlns:xlink="http://www.w3.org/1999/xlink" xmlns:number="http://openoffice.org/2000/datastyle" xmlns:svg="http://www.w3.org/2000/svg" xmlns:chart="http://openoffice.org/2000/chart" xmlns:dr3d="http://openoffice.org/2000/dr3d" xmlns:math="http://www.w3.org/1998/Math/MathML" xmlns:form="http://openoffice.org/2000/form" xmlns:script="http://openoffice.org/2000/script" office:class="text" office:version="1.0" xmlns:dc="http://purl.org/dc/elements/1.1/" xmlns:meta="http://openoffice.org/2000/meta" xmlns:help="http://openoffice.org/2000/help">
<office:meta>
  <dc:description>text/common/02/01170004</dc:description>
  <dc:subject>テーブルコントロールに関する特別なヒント</dc:subject>

  <dc:language>ja-JP</dc:language>
  <meta:user-defined meta:name="Info 0">READY</meta:user-defined>
  <meta:user-defined meta:name="Info 1">FREE_OK</meta:user-defined>
  <meta:user-defined meta:name="Info 2"/>
  <meta:user-defined meta:name="Info 3"/>
</office:meta>
 <office:script/>
 <office:font-decls>
  <style:font-decl style:name="StarSymbol" fo:font-family="StarSymbol" style:font-charset="x-symbol"/>
  <style:font-decl style:name="Courier New" fo:font-family="&apos;Courier New&apos;" style:font-style-name="Standard" style:font-family-generic="modern" style:font-pitch="fixed"/>
  <style:font-decl style:name="Courier" fo:font-family="Courier" style:font-family-generic="roman" style:font-pitch="fixed"/>
  <style:font-decl style:name="Andale WT UI3" fo:font-family="&apos;Andale WT UI&apos;" style:font-pitch="variable"/>
  <style:font-decl style:name="Arial Unicode MS" fo:font-family="&apos;Arial Unicode MS&apos;" style:font-pitch="variable"/>
  <style:font-decl style:name="HG Mincho Light J" fo:font-family="&apos;HG Mincho Light J&apos;" style:font-pitch="variable"/>
  <style:font-decl style:name="Andale WT UI" fo:font-family="&apos;Andale WT UI&apos;" style:font-style-name="Fett" style:font-family-generic="roman" style:font-pitch="variable"/>
  <style:font-decl style:name="Andale WT UI1" fo:font-family="&apos;Andale WT UI&apos;" style:font-style-name="Standard" style:font-family-generic="roman" style:font-pitch="variable"/>
  <style:font-decl style:name="Thorndale" fo:font-family="Thorndale" style:font-family-generic="roman" style:font-pitch="variable"/>
  <style:font-decl style:name="Times New Roman" fo:font-family="&apos;Times New Roman&apos;" style:font-style-name="Fett" style:font-family-generic="roman" style:font-pitch="variable"/>
  <style:font-decl style:name="Andale WT UI2" fo:font-family="&apos;Andale WT UI&apos;" style:font-family-generic="swiss" style:font-pitch="variable"/>
 </office:font-decls>
 <office:automatic-styles>
  <style:style style:name="P1" style:family="paragraph" style:parent-style-name="Paragraph" style:master-page-name="HTML">
   <style:properties style:page-number="0"/>
  </style:style>
  <style:style style:name="P2" style:family="paragraph" style:parent-style-name="Paragraph" style:list-style-name="L1"/>
  <style:style style:name="T1" style:family="text">
   <style:properties fo:font-weight="bold"/>
  </style:style>
  <text:list-style style:name="L1">
   <text:list-level-style-number text:level="1" text:style-name="Numbering Symbols" style:num-suffix="." style:num-format="1">
    <style:properties text:min-label-width="0.499cm"/>
   </text:list-level-style-number>
   <text:list-level-style-number text:level="2" text:style-name="Numbering Symbols" style:num-suffix="." style:num-format="1">
    <style:properties text:space-before="0.501cm" text:min-label-width="0.499cm"/>
   </text:list-level-style-number>
   <text:list-level-style-number text:level="3" text:style-name="Numbering Symbols" style:num-suffix="." style:num-format="1">
    <style:properties text:space-before="1cm" text:min-label-width="0.499cm"/>
   </text:list-level-style-number>
   <text:list-level-style-number text:level="4" text:style-name="Numbering Symbols" style:num-suffix="." style:num-format="1">
    <style:properties text:space-before="1.501cm" text:min-label-width="0.499cm"/>
   </text:list-level-style-number>
   <text:list-level-style-number text:level="5" text:style-name="Numbering Symbols" style:num-suffix="." style:num-format="1">
    <style:properties text:space-before="2cm" text:min-label-width="0.499cm"/>
   </text:list-level-style-number>
   <text:list-level-style-number text:level="6" text:style-name="Numbering Symbols" style:num-suffix="." style:num-format="1">
    <style:properties text:space-before="2.501cm" text:min-label-width="0.499cm"/>
   </text:list-level-style-number>
   <text:list-level-style-number text:level="7" text:style-name="Numbering Symbols" style:num-suffix="." style:num-format="1">
    <style:properties text:space-before="3.001cm" text:min-label-width="0.499cm"/>
   </text:list-level-style-number>
   <text:list-level-style-number text:level="8" text:style-name="Numbering Symbols" style:num-suffix="." style:num-format="1">
    <style:properties text:space-before="3.502cm" text:min-label-width="0.499cm"/>
   </text:list-level-style-number>
   <text:list-level-style-number text:level="9" text:style-name="Numbering Symbols" style:num-suffix="." style:num-format="1">
    <style:properties text:space-before="4.001cm" text:min-label-width="0.499cm"/>
   </text:list-level-style-number>
   <text:list-level-style-number text:level="10" text:style-name="Numbering Symbols" style:num-suffix="." style:num-format="1">
    <style:properties text:space-before="4.502cm" text:min-label-width="0.499cm"/>
   </text:list-level-style-number>
  </text:list-style>
 </office:automatic-styles>
 <office:body>
  <text:variable-decls>
   <text:variable-decl text:value-type="string" text:name="HTML_ON"/>
   <text:variable-decl text:value-type="string" text:name="HTML_OFF"/>
   <text:variable-decl text:value-type="string" text:name="TITEL"/>
   <text:variable-decl text:value-type="string" text:name="END"/>
   <text:variable-decl text:value-type="string" text:name="HelpID"/>
   <text:variable-decl text:value-type="string" text:name="NAME"/>
   <text:variable-decl text:value-type="string" text:name="HREF"/>
   <text:variable-decl text:value-type="string" text:name="MODIFY"/>
   <text:variable-decl text:value-type="string" text:name="REFNR"/>
   <text:variable-decl text:value-type="string" text:name="AKTHLP"/>
   <text:variable-decl text:value-type="string" text:name="KEY"/>
   <text:variable-decl text:value-type="string" text:name="INDEX"/>
   <text:variable-decl text:value-type="string" text:name="MAC"/>
   <text:variable-decl text:value-type="string" text:name="ELSE"/>
   <text:variable-decl text:value-type="string" text:name="OS2"/>
   <text:variable-decl text:value-type="string" text:name="HFELD"/>
  </text:variable-decls>
  <text:sequence-decls>
   <text:sequence-decl text:display-outline-level="0" text:name="Illustration"/>
   <text:sequence-decl text:display-outline-level="0" text:name="Table"/>
   <text:sequence-decl text:display-outline-level="0" text:name="Text"/>
   <text:sequence-decl text:display-outline-level="0" text:name="Drawing"/>
  </text:sequence-decls>
  <text:p text:style-name="P1"/>
  <text:p text:style-name="Head 1"><help:key-word value="テーブルコントロール; 属性" tag="kw65924_1"/><help:key-word value="コントロール; テーブルコントロールの属性" tag="kw65924_3"/>テーブルコントロールに関する特別なヒント</text:p>
  <text:p text:style-name="Paragraph">レコード内容の表示には、テーブルコントロールを使用できます。このコントロールを使うと、データベースフォーム同様に、表示するデータフィールドの定義およびデータの編集が行えます。</text:p>
  <text:p text:style-name="Paragraph">テーブルコントロールでは下記のフィールドが可能です。テキストボックス、日付フィールド、時刻フィールド、通貨フィールド、番号フィールド、パターンフィールド、チェックボックス、コンボボックス。日付フィールドと時刻フィールドを組み合わせると、自動的に２列になります。</text:p>
  <text:p text:style-name="Paragraph">行を選択した場合、レコード総数の背景に、括弧付きで選択した行の数が表示されます。</text:p>
  <text:p text:style-name="Paragraph">テーブルコントロールに列を追加するには、列の上端行をクリックしてコンテキストメニューを開きます。ここでは下記のコマンドが使用できます。</text:p>
  <text:p text:style-name="Head 2"><help:help-id value="SID_FM_INSERTCOL"/>列の挿入</text:p>
  <text:p text:style-name="Paragraph"><help:help-text value="visible">サブメニューが表示され、テーブルコントロールに追加するデータフィールドを選択できます。</help:help-text></text:p>
  <text:p text:style-name="Paragraph">ドラッグ＆ドロップを使ってテーブルコントロールを設定します。データソースを表示して、希望のフィールドをデータソースからテーブルコントロールの列の見出しへドラッグします。これで設定済みの列が作成されました。</text:p>
  <text:p text:style-name="Head 2"><help:help-id value="SID_FM_CHANGECOL"/>置換テキスト</text:p>
  <text:p text:style-name="Paragraph"><help:help-text value="visible">サブメニューが表示され、テーブルコントロールで選択したデータフィールドと置き換えるデータフィールドを選択できます。</help:help-text></text:p>
  <text:p text:style-name="Head 2"><help:help-id value="SID_FM_DELETECOL"/>列の削除</text:p>
  <text:p text:style-name="Paragraph"><help:help-text value="visible">現在選択している列を削除します。</help:help-text></text:p>
  <text:p text:style-name="Head 2">列...</text:p>
  <text:p text:style-name="Paragraph">選択した列の属性ダイアログを開きます。</text:p>
  <text:p text:style-name="Head 2"><help:help-id value="SID_FM_HIDECOL"/>列の非表示</text:p>
  <text:p text:style-name="Paragraph"><help:help-text value="visible">選択した列を非表示にします。</help:help-text>この操作で属性は変更されません。</text:p>
  <text:p text:style-name="Head 2"><help:help-id value="SID_FM_SHOWCOLS"/>列の表示</text:p>
  <text:p text:style-name="Paragraph"><help:help-text value="visible">サブメニューを呼び出し、再び表示する列を選択します。</help:help-text>１列だけを表示する場合には、列の名前をクリックします。非表示にした最初の16列だけが表示されます。複数の非表示の列が存在する場合には、<text:span text:style-name="T1">複数</text:span> コマンドにより <text:span text:style-name="T1">列の表示</text:span> ダイアログを呼び出します。</text:p>
  <text:p text:style-name="Head 3"><help:help-id value="SID_FM_SHOWCOLS_MORE"/>複数</text:p>
  <text:p text:style-name="Paragraph"><help:help-text value="visible"><text:span text:style-name="T1">列の表示</text:span> ダイアログを呼び出します。</help:help-text></text:p>
  <text:p text:style-name="Paragraph"><help:help-id value="SVX_LISTBOX_RID_SVX_DLG_SHOWGRIDCOLUMNS_1"/><help:help-text value="visible">ダイアログ <text:span text:style-name="T1">列を表示する</text:span> では、表示する列を指定できます。Shift キーや Ctrl キーを押しながら選択すると、複数の項目を選択できます。</help:help-text></text:p>
  <text:p text:style-name="Head 3"><help:help-id value="SID_FM_SHOWALLCOLS"/>すべて</text:p>
  <text:p text:style-name="Paragraph"><help:help-text value="visible">すべての列を表示するには、<text:span text:style-name="T1">すべて</text:span> をクリックします。</help:help-text></text:p>
  <text:p text:style-name="Head 2"><help:key-word value="テーブルコントロール; キーボードのみの制御" tag="kw65924_2"/></text:p>
  <text:p text:style-name="Paragraph">ドキュメントの操作をキーボードだけで操作する場合、テーブルコントロールには特有の問題があります。Tab キーを押してもカーソルは次のコントロールに移動するのではなく、テーブルコントロール内の列を巡回するだけです。(Ctrl) + (Tab) キーを押すと次のコントロールに、(Shift) + (Ctrl) + (Tab) キーを押すと前のコントロールに移動します。</text:p>
  <text:p text:style-name="Head 3">テーブルコントロールをキーボード編集モードに切り替えるには、下記の手順で操作します。</text:p>
  <text:p text:style-name="Paragraph">フォームドキュメントを<help:link Id="66018">デザインモード</help:link>に切り替えます。</text:p>
  <text:ordered-list text:style-name="L1">
   <text:list-item>
    <text:p text:style-name="P2">(Ctrl) + (F6) キーを押して、ドキュメントを選択します。</text:p>
   </text:list-item>
   <text:list-item>
    <text:p text:style-name="P2">(Shift) + (F5) キーを押して、最初のコントロールを選択します。最初のコントロールがテーブルコントロールで無い場合は、テーブルコントロールが選択されるまで Tab キーを押します。</text:p>
   </text:list-item>
   <text:list-item>
    <text:p text:style-name="P2">Enter キーを押して、編集モードに切り替えます。コントロールを示す枠の外側にハンドルが表示されます。</text:p>
   </text:list-item>
   <text:list-item>
    <text:p text:style-name="P2">編集モードの場合、(Shift) + (F10) キーを押すと編集モードのコンテキストメニューが開きます。</text:p>
   </text:list-item>
   <text:list-item>
    <text:p text:style-name="P2">列を編集するには、(Shift) + スペースキーを押して、列の編集モードに切り替えます。(Ctrl) + 矢印キーを押すと、列の順序を入れ替えることができます。Delete キーを押すと、選択中のコラムが削除されます。</text:p>
   </text:list-item>
   <text:list-item>
    <text:p text:style-name="P2">列の編集モードを終了するには、Escape キーを押します。</text:p>
   </text:list-item>
  </text:ordered-list>
 </office:body>
</office:document>
