

<office:document  xmlns:office="http://openoffice.org/2000/office" xmlns:style="http://openoffice.org/2000/style" xmlns:text="http://openoffice.org/2000/text" xmlns:table="http://openoffice.org/2000/table" xmlns:draw="http://openoffice.org/2000/drawing" xmlns:fo="http://www.w3.org/1999/XSL/Format" xmlns:xlink="http://www.w3.org/1999/xlink" xmlns:number="http://openoffice.org/2000/datastyle" xmlns:svg="http://www.w3.org/2000/svg" xmlns:chart="http://openoffice.org/2000/chart" xmlns:dr3d="http://openoffice.org/2000/dr3d" xmlns:math="http://www.w3.org/1998/Math/MathML" xmlns:form="http://openoffice.org/2000/form" xmlns:script="http://openoffice.org/2000/script" office:class="text" office:version="1.0" xmlns:dc="http://purl.org/dc/elements/1.1/" xmlns:meta="http://openoffice.org/2000/meta" xmlns:help="http://openoffice.org/2000/help">
<office:meta>
  <dc:description>text/common/02/01170900</dc:description>
  <dc:subject>オートパイロット コンボボックスまたはリストボックス</dc:subject>

  <dc:language>ja-JP</dc:language>
  <meta:user-defined meta:name="Info 0">READY</meta:user-defined>
  <meta:user-defined meta:name="Info 1">FREE_OK</meta:user-defined>
  <meta:user-defined meta:name="Info 2"/>
  <meta:user-defined meta:name="Info 3"/>
</office:meta>
 <office:script/>
 <office:font-decls>
  <style:font-decl style:name="StarSymbol" fo:font-family="StarSymbol" style:font-charset="x-symbol"/>
  <style:font-decl style:name="Courier New" fo:font-family="&apos;Courier New&apos;" style:font-style-name="Standard" style:font-family-generic="modern" style:font-pitch="fixed"/>
  <style:font-decl style:name="Courier" fo:font-family="Courier" style:font-family-generic="roman" style:font-pitch="fixed"/>
  <style:font-decl style:name="Andale WT UI3" fo:font-family="&apos;Andale WT UI&apos;" style:font-pitch="variable"/>
  <style:font-decl style:name="Arial Unicode MS" fo:font-family="&apos;Arial Unicode MS&apos;" style:font-pitch="variable"/>
  <style:font-decl style:name="HG Mincho Light J" fo:font-family="&apos;HG Mincho Light J&apos;" style:font-pitch="variable"/>
  <style:font-decl style:name="Andale WT UI" fo:font-family="&apos;Andale WT UI&apos;" style:font-style-name="Fett" style:font-family-generic="roman" style:font-pitch="variable"/>
  <style:font-decl style:name="Andale WT UI1" fo:font-family="&apos;Andale WT UI&apos;" style:font-style-name="Standard" style:font-family-generic="roman" style:font-pitch="variable"/>
  <style:font-decl style:name="Thorndale" fo:font-family="Thorndale" style:font-family-generic="roman" style:font-pitch="variable"/>
  <style:font-decl style:name="Times New Roman" fo:font-family="&apos;Times New Roman&apos;" style:font-style-name="Fett" style:font-family-generic="roman" style:font-pitch="variable"/>
  <style:font-decl style:name="Andale WT UI2" fo:font-family="&apos;Andale WT UI&apos;" style:font-family-generic="swiss" style:font-pitch="variable"/>
 </office:font-decls>
 <office:automatic-styles>
  <style:style style:name="Tabelle1" style:family="table">
   <style:properties style:width="18cm" table:align="margins"/>
  </style:style>
  <style:style style:name="Tabelle1.A" style:family="table-column">
   <style:properties style:column-width="1.499cm" style:rel-column-width="5460*"/>
  </style:style>
  <style:style style:name="Tabelle1.B" style:family="table-column">
   <style:properties style:column-width="16.501cm" style:rel-column-width="60075*"/>
  </style:style>
  <style:style style:name="Tabelle1.1" style:family="table-row">
   <style:properties style:min-row-height="0.848cm"/>
  </style:style>
  <style:style style:name="Tabelle1.A1" style:family="table-cell">
   <style:properties fo:padding="0cm" fo:border="none"/>
  </style:style>
  <style:style style:name="P1" style:family="paragraph" style:parent-style-name="Paragraph" style:master-page-name="HTML">
   <style:properties style:page-number="0"/>
  </style:style>
  <style:style style:name="T1" style:family="text">
   <style:properties fo:font-weight="bold"/>
  </style:style>
  <style:style style:name="fr1" style:family="graphics" style:parent-style-name="Graphics">
   <style:properties fo:margin-left="0cm" fo:margin-right="0cm" fo:margin-top="0cm" fo:margin-bottom="0cm" style:run-through="foreground" style:wrap="run-through" style:vertical-pos="middle" style:vertical-rel="paragraph" style:horizontal-pos="left" style:horizontal-rel="paragraph" style:mirror="none" fo:clip="rect(0cm 0cm 0cm 0cm)" draw:luminance="0%" draw:contrast="0%" draw:red="0%" draw:green="0%" draw:blue="0%" draw:gamma="1" draw:color-inversion="false" draw:transparency="-100%" draw:color-mode="standard"/>
  </style:style>
 </office:automatic-styles>
 <office:body>
  <text:variable-decls>
   <text:variable-decl text:value-type="string" text:name="HTML_ON"/>
   <text:variable-decl text:value-type="string" text:name="HTML_OFF"/>
   <text:variable-decl text:value-type="string" text:name="TITEL"/>
   <text:variable-decl text:value-type="string" text:name="END"/>
   <text:variable-decl text:value-type="string" text:name="HelpID"/>
   <text:variable-decl text:value-type="string" text:name="NAME"/>
   <text:variable-decl text:value-type="string" text:name="HREF"/>
   <text:variable-decl text:value-type="string" text:name="MODIFY"/>
   <text:variable-decl text:value-type="string" text:name="REFNR"/>
   <text:variable-decl text:value-type="string" text:name="AKTHLP"/>
   <text:variable-decl text:value-type="string" text:name="KEY"/>
   <text:variable-decl text:value-type="string" text:name="INDEX"/>
   <text:variable-decl text:value-type="string" text:name="STYLE"/>
  </text:variable-decls>
  <text:sequence-decls>
   <text:sequence-decl text:display-outline-level="0" text:name="Illustration"/>
   <text:sequence-decl text:display-outline-level="0" text:name="Table"/>
   <text:sequence-decl text:display-outline-level="0" text:name="Text"/>
   <text:sequence-decl text:display-outline-level="0" text:name="Drawing"/>
  </text:sequence-decls>
  <text:p text:style-name="P1"/>
  <text:p text:style-name="Head 1"><a name="autopilotkomli"/><help:link Id="65956">オートパイロット コンボボックスまたはリストボックス</help:link></text:p>
  <text:p text:style-name="Paragraph">ドキュメントにコンボボックスかリストボックスを挿入する場合には、オートパイロットが自動的にスタートします。<a name="end"/>このオートパイロットでは、どの情報を表示するかをインタラクティブに決定します。</text:p>
  <help:popup Id="65594" Eid="aupikomli"><help:embedded Id="65598" Eid="wie"></help:embedded></help:popup>
  <table:table table:name="Tabelle1" table:style-name="Tabelle1">
   <table:table-column table:style-name="Tabelle1.A"/>
   <table:table-column table:style-name="Tabelle1.B"/>
   <table:table-header-rows>
    <table:table-row table:style-name="Tabelle1.1">
     <table:table-cell table:style-name="Tabelle1.A1" table:value-type="string">
      <text:p text:style-name="Paragraph"><draw:image draw:name="マーク0" svg:desc="このマークの付いた段落は、追加情報です。" svg:pixelx="32" svg:pixely="32" svg:width="0.847cm" svg:height="0.847cm" xlink:href="65980" draw:filter-name=""/></text:p>

     </table:table-cell>
     <table:table-cell table:style-name="Tabelle1.A1" table:value-type="string">
      <text:p text:style-name="Paragraph">オートパイロットの自動スタートを、<help:link Id="65904"> <text:span text:style-name="T1">オートパイロットオン/オフ</text:span> </help:link>アイコンでストップさせることができます。</text:p>
     </table:table-cell>
    </table:table-row>
   </table:table-header-rows>
  </table:table>
  <text:p text:style-name="Paragraph">コンボボックスとリストボックスのオートパイロットでは、最終ステップが異なります。それはコントロールの性質の違いに起因しています。</text:p>
  <text:p text:style-name="Paragraph"><a name="listenfelder"/><help:key-word value="フォーム; リストボックス" tag="kw65956_1"/><text:span text:style-name="T1">リストボックス</text:span></text:p>
  <text:p text:style-name="Paragraph">リストボックスでは、ユーザーはリストの種々の項目から一つを選択できます。これらの項目はデータベーステーブルに保存され、リストボックスを介して編集することはできません。</text:p>
  <text:p text:style-name="Paragraph">フォーム内で見ることができるリスト項目を含むデータベーステーブルは、通常はフォームがベースとするテーブルではありません。したがってフォームのリストボックスは参照と連動していて、目に見えるリスト項目に属する参照はフォームテーブル(値テーブル)内に存在し、ユーザーがある項目をリストから選択してこれを保存すると、これも参照として値テーブルに登録されます。参照値を介し、リストボックスは現在のフォームテーブルとリンクするテーブルのデータを表示できます(リストテーブル)。このように <text:span text:style-name="T1">オートパイロット リストボックス</text:span> はデータベース内の２つのテーブルのリンクを可能にするので、コントロールは、フォームが参照しているテーブルとは別のテーブルに含まれているデータベースフィールドの詳細表を表示できます。</text:p>
  <text:p text:style-name="Paragraph">その他のテーブルでは、必要なフィールドがフィールド名 (ControlSource) によって検索され、その結果に基づいてフィールドが入力されます。フィールド名が見つからない場合、リストは空白のままです。リストのフィールドにリンク先の列が含まれる場合は、最初にクエリーが表示されることなく、相手テーブルの最初の列が使用されます。</text:p>
  <text:p text:style-name="Paragraph">例えば品目テーブルに納入業者の番号が含まれる場合に、リストボックスで「納入業者番号」のリンクを使って、納入業者テーブルに含まれる納入業者名を表示できます。オートパイロットのページ <text:span text:style-name="T1">フィールドのリンク</text:span> では、このリンクに必要なすべての設定について質問されます。</text:p>
  <text:p text:style-name="Paragraph"><a name="kombinationsfelder"/><help:key-word value="フォーム; コンボボックス" tag="kw65956_2"/><text:span text:style-name="T1">コンボボックス</text:span></text:p>
  <text:p text:style-name="Paragraph">コンボボックスの場合、ユーザーはリストから項目を選択できるほか、テキスト自身を入力することも可能です。ユーザーに選択可能なリストとして提供する項目は、任意のデータベーステーブルから取得できます。ユーザーが選択または入力する項目は、フォーム内にのみ保存することも、あるいはデータベース内に保存することもできます。項目をデータベース内に保存する場合は、フォームが基づくデータベーステーブルに書き込まれます。</text:p>
  <text:p text:style-name="Paragraph">コンボボックスは任意のテーブルのデータを表示することができますが、その際に現在のフォームテーブルと、コンボボックスに表示する値を含むテーブルとが直接リンクしている必要はありません(リストテーブル)。コンボボックスは参照を利用して機能しているわけではありません。ユーザーがある値を入力または選択し、これを保存する場合、実際にフォームテーブルに表示されている値が登録されます。フォームテーブルとリストテーブルとはリンクしていないので、ここでは <text:span text:style-name="T1">フィールドリンク</text:span> のページは表示されません。</text:p>
  <text:p text:style-name="Paragraph">リストボックスの場合、リストテーブルに保存されているリストの既存項目を選択できるに過ぎないのに対し、コンボボックスの場合にはさらにテキストの入力もできます。このテキストは、希望に応じて現在のフォームのデータベーステーブル(値テーブル)に書き込まれ、ここに保存されます。この機能のために <text:span text:style-name="T1">オートパイロット コンボボックス</text:span> の最後のページには、リストボックスにはない <text:span text:style-name="T1">データ処理</text:span> のページがあります。ここでは、入力したテキストを値テーブルに保存するかどうか、保存するとしたらテーブルのどこに保存するかを指定できます。</text:p>
  <help:embedded Id="65951" Eid="seite1"></help:embedded>
  <help:embedded Id="65975" Eid="seite1"></help:embedded>
  <help:embedded Id="66000" Eid="seite2"></help:embedded>
  <help:embedded Id="65952" Eid="seite3a"></help:embedded>
  <help:embedded Id="65907" Eid="seite3b"></help:embedded>
  <help:help-id value="HID_LISTWIZARD_CANCEL"/><help:embedded Id="65630" Eid="abbrechen"></help:embedded>
  <help:help-id value="HID_LISTWIZARD_PREVIOUS"/><help:embedded Id="65630" Eid="zurueckautopi"></help:embedded>
  <help:help-id value="HID_LISTWIZARD_NEXT"/><help:embedded Id="65630" Eid="weiterautopi"></help:embedded>
 </office:body>
</office:document>
