

<office:document  xmlns:office="http://openoffice.org/2000/office" xmlns:style="http://openoffice.org/2000/style" xmlns:text="http://openoffice.org/2000/text" xmlns:table="http://openoffice.org/2000/table" xmlns:draw="http://openoffice.org/2000/drawing" xmlns:fo="http://www.w3.org/1999/XSL/Format" xmlns:xlink="http://www.w3.org/1999/xlink" xmlns:number="http://openoffice.org/2000/datastyle" xmlns:svg="http://www.w3.org/2000/svg" xmlns:chart="http://openoffice.org/2000/chart" xmlns:dr3d="http://openoffice.org/2000/dr3d" xmlns:math="http://www.w3.org/1998/Math/MathML" xmlns:form="http://openoffice.org/2000/form" xmlns:script="http://openoffice.org/2000/script" office:class="text" office:version="1.0" xmlns:dc="http://purl.org/dc/elements/1.1/" xmlns:meta="http://openoffice.org/2000/meta" xmlns:help="http://openoffice.org/2000/help">
<office:meta>
  <dc:description>text/common/02/14020100</dc:description>
  <dc:subject>テーブルを挿入</dc:subject>

  <dc:language>ja-JP</dc:language>
  <meta:user-defined meta:name="Info 0">READY</meta:user-defined>
  <meta:user-defined meta:name="Info 1">FREE_OK</meta:user-defined>
  <meta:user-defined meta:name="Info 2"/>
  <meta:user-defined meta:name="Info 3"/>
</office:meta>
 <office:script/>
 <office:font-decls>
  <style:font-decl style:name="StarSymbol" fo:font-family="StarSymbol" style:font-charset="x-symbol"/>
  <style:font-decl style:name="Courier New" fo:font-family="&apos;Courier New&apos;" style:font-style-name="Standard" style:font-family-generic="modern" style:font-pitch="fixed"/>
  <style:font-decl style:name="Courier" fo:font-family="Courier" style:font-family-generic="roman" style:font-pitch="fixed"/>
  <style:font-decl style:name="Andale WT UI3" fo:font-family="&apos;Andale WT UI&apos;" style:font-pitch="variable"/>
  <style:font-decl style:name="Arial Unicode MS" fo:font-family="&apos;Arial Unicode MS&apos;" style:font-pitch="variable"/>
  <style:font-decl style:name="HG Mincho Light J" fo:font-family="&apos;HG Mincho Light J&apos;" style:font-pitch="variable"/>
  <style:font-decl style:name="Andale WT UI" fo:font-family="&apos;Andale WT UI&apos;" style:font-style-name="Fett" style:font-family-generic="roman" style:font-pitch="variable"/>
  <style:font-decl style:name="Andale WT UI1" fo:font-family="&apos;Andale WT UI&apos;" style:font-style-name="Standard" style:font-family-generic="roman" style:font-pitch="variable"/>
  <style:font-decl style:name="Thorndale" fo:font-family="Thorndale" style:font-family-generic="roman" style:font-pitch="variable"/>
  <style:font-decl style:name="Times New Roman" fo:font-family="&apos;Times New Roman&apos;" style:font-style-name="Fett" style:font-family-generic="roman" style:font-pitch="variable"/>
  <style:font-decl style:name="Andale WT UI2" fo:font-family="&apos;Andale WT UI&apos;" style:font-family-generic="swiss" style:font-pitch="variable"/>
 </office:font-decls>
 <office:automatic-styles>
  <style:style style:name="P1" style:family="paragraph" style:parent-style-name="Paragraph" style:master-page-name="HTML">
   <style:properties style:page-number="0"/>
  </style:style>
  <style:style style:name="T1" style:family="text">
   <style:properties fo:font-weight="bold"/>
  </style:style>
 </office:automatic-styles>
 <office:body>
  <text:variable-decls>
   <text:variable-decl text:value-type="string" text:name="HTML_ON"/>
   <text:variable-decl text:value-type="string" text:name="HTML_OFF"/>
   <text:variable-decl text:value-type="string" text:name="TITEL"/>
   <text:variable-decl text:value-type="string" text:name="END"/>
   <text:variable-decl text:value-type="string" text:name="NAME"/>
   <text:variable-decl text:value-type="string" text:name="HREF"/>
   <text:variable-decl text:value-type="string" text:name="MODIFY"/>
   <text:variable-decl text:value-type="string" text:name="REFNR"/>
   <text:variable-decl text:value-type="string" text:name="HelpID"/>
   <text:variable-decl text:value-type="string" text:name="AKTHLP"/>
   <text:variable-decl text:value-type="string" text:name="INDEX"/>
   <text:variable-decl text:value-type="string" text:name="KEY"/>
   <text:variable-decl text:value-type="string" text:name="STYLE"/>
  </text:variable-decls>
  <text:sequence-decls>
   <text:sequence-decl text:display-outline-level="0" text:name="Illustration"/>
   <text:sequence-decl text:display-outline-level="0" text:name="Table"/>
   <text:sequence-decl text:display-outline-level="0" text:name="Text"/>
   <text:sequence-decl text:display-outline-level="0" text:name="Drawing"/>
  </text:sequence-decls>
  <text:p text:style-name="P1"/>
  <text:p text:style-name="Head 1"><help:help-id value="SID_FM_ADDTABLE"/><help:help-id value="HID_JOINSH_ADDTAB_TABLELIST"/>テーブルを挿入<help:key-word value="テーブル; 追加" tag="kw65934_1"/></text:p>
  <text:p text:style-name="Paragraph"><help:to-be-embedded Eid="tabellehinzufuegentext"><help:help-text value="hide">デザインウィンドウに挿入するテーブルを指定します。</help:help-text>ダイアログ <text:span text:style-name="T1">テーブルの追加</text:span> で、現在の作業に必要なテーブルを選択します。</help:to-be-embedded>クエリーまたは新しいテーブルプレゼンテーションを作成するときに、クエリーかテーブルプレゼンテーションで参照するテーブルを選択します。リレーショナルデータベースで作業する場合に、関係を作成する各テーブルを選択します。</text:p>
  <text:p text:style-name="Paragraph">挿入したテーブルは、クエリーデザインまたはリレーショナルウィンドウに別ウィンドウとして表示され、同時にテーブル中のフィールドも一覧表示されます。ウィンドウのサイズおよび順序を指定できます。</text:p>
  <help:popup Id="67813" Eid="tabellehinzu"><help:embedded Id="65598" Eid="wie"></help:embedded></help:popup>
  <text:p text:style-name="Head 2">テーブル</text:p>
  <text:p text:style-name="Head 3">テーブル名</text:p>
  <text:p text:style-name="Paragraph"><help:help-text value="visible">使用可能なテーブルのリストが表示されます。</help:help-text>テーブルを挿入するには、リストから目的のテーブルを選択した上で、<text:span text:style-name="T1">Add</text:span> をクリックします。また、テーブル名をダブルクリックしてもかまいません。クエリーデザインウィンドウまたは関係ウィンドウの最上段にテーブルフィールドを含むウィンドウが表示されます。</text:p>
  <text:p text:style-name="Head 2"><help:help-id value="DBACCESS_PUSHBUTTON_DLG_JOIN_TABADD_PB_ADDTABLE"/>Add</text:p>
  <text:p text:style-name="Paragraph"><help:help-text value="visible">現在選択中のテーブルを挿入します。</help:help-text></text:p>
  <text:p text:style-name="Head 2"><help:help-id value="HID_JOINSH_ADDTAB_CLOSE"/>閉じる</text:p>
  <text:p text:style-name="Paragraph"><help:help-text value="visible">テーブルを選択したあと、このボタンをクリックしてダイアログを閉じることができます。</help:help-text></text:p>
 </office:body>
</office:document>
