

<office:document  xmlns:office="http://openoffice.org/2000/office" xmlns:style="http://openoffice.org/2000/style" xmlns:text="http://openoffice.org/2000/text" xmlns:table="http://openoffice.org/2000/table" xmlns:draw="http://openoffice.org/2000/drawing" xmlns:fo="http://www.w3.org/1999/XSL/Format" xmlns:xlink="http://www.w3.org/1999/xlink" xmlns:number="http://openoffice.org/2000/datastyle" xmlns:svg="http://www.w3.org/2000/svg" xmlns:chart="http://openoffice.org/2000/chart" xmlns:dr3d="http://openoffice.org/2000/dr3d" xmlns:math="http://www.w3.org/1998/Math/MathML" xmlns:form="http://openoffice.org/2000/form" xmlns:script="http://openoffice.org/2000/script" office:class="text" office:version="1.0" xmlns:dc="http://purl.org/dc/elements/1.1/" xmlns:meta="http://openoffice.org/2000/meta" xmlns:help="http://openoffice.org/2000/help">
<office:meta>
  <dc:description>text/common/02/20040000</dc:description>
  <dc:subject>挿入モード</dc:subject>
  <meta:keywords>
   <meta:keyword>$Version</meta:keyword>
  </meta:keywords>
  <dc:language>ja-JP</dc:language>
  <meta:user-defined meta:name="Info 0">READY</meta:user-defined>
  <meta:user-defined meta:name="Info 1">FREE_OK</meta:user-defined>
  <meta:user-defined meta:name="Info 2"/>
  <meta:user-defined meta:name="Info 3"/>
</office:meta>
 <office:script/>
 <office:font-decls>
  <style:font-decl style:name="StarSymbol" fo:font-family="StarSymbol" style:font-charset="x-symbol"/>
  <style:font-decl style:name="Courier New" fo:font-family="&apos;Courier New&apos;" style:font-style-name="Standard" style:font-family-generic="modern" style:font-pitch="fixed"/>
  <style:font-decl style:name="Courier" fo:font-family="Courier" style:font-family-generic="roman" style:font-pitch="fixed"/>
  <style:font-decl style:name="Andale WT UI3" fo:font-family="&apos;Andale WT UI&apos;" style:font-pitch="variable"/>
  <style:font-decl style:name="Arial Unicode MS" fo:font-family="&apos;Arial Unicode MS&apos;" style:font-pitch="variable"/>
  <style:font-decl style:name="HG Mincho Light J" fo:font-family="&apos;HG Mincho Light J&apos;" style:font-pitch="variable"/>
  <style:font-decl style:name="Andale WT UI" fo:font-family="&apos;Andale WT UI&apos;" style:font-style-name="Fett" style:font-family-generic="roman" style:font-pitch="variable"/>
  <style:font-decl style:name="Andale WT UI1" fo:font-family="&apos;Andale WT UI&apos;" style:font-style-name="Standard" style:font-family-generic="roman" style:font-pitch="variable"/>
  <style:font-decl style:name="Thorndale" fo:font-family="Thorndale" style:font-family-generic="roman" style:font-pitch="variable"/>
  <style:font-decl style:name="Times New Roman" fo:font-family="&apos;Times New Roman&apos;" style:font-style-name="Fett" style:font-family-generic="roman" style:font-pitch="variable"/>
  <style:font-decl style:name="Andale WT UI2" fo:font-family="&apos;Andale WT UI&apos;" style:font-family-generic="swiss" style:font-pitch="variable"/>
 </office:font-decls>
 <office:automatic-styles>
  <style:style style:name="Tabelle1" style:family="table">
   <style:properties style:width="18cm" table:align="margins"/>
  </style:style>
  <style:style style:name="Tabelle1.A" style:family="table-column">
   <style:properties style:column-width="2.048cm" style:rel-column-width="7458*"/>
  </style:style>
  <style:style style:name="Tabelle1.B" style:family="table-column">
   <style:properties style:column-width="15.953cm" style:rel-column-width="58077*"/>
  </style:style>
  <style:style style:name="Tabelle1.A1" style:family="table-cell">
   <style:properties fo:padding="0.049cm" fo:border-left="0.002cm solid #000000" fo:border-right="none" fo:border-top="0.002cm solid #000000" fo:border-bottom="0.002cm solid #000000"/>
  </style:style>
  <style:style style:name="Tabelle1.B1" style:family="table-cell">
   <style:properties fo:padding="0.049cm" fo:border="0.002cm solid #000000"/>
  </style:style>
  <style:style style:name="Tabelle1.A2" style:family="table-cell">
   <style:properties fo:padding="0.049cm" fo:border-left="0.002cm solid #000000" fo:border-right="none" fo:border-top="none" fo:border-bottom="0.002cm solid #000000"/>
  </style:style>
  <style:style style:name="Tabelle1.B2" style:family="table-cell">
   <style:properties fo:padding="0.049cm" fo:border-left="0.002cm solid #000000" fo:border-right="0.002cm solid #000000" fo:border-top="none" fo:border-bottom="0.002cm solid #000000"/>
  </style:style>
  <style:style style:name="P1" style:family="paragraph" style:parent-style-name="Paragraph" style:master-page-name="HTML">
   <style:properties style:page-number="0"/>
  </style:style>
  <style:style style:name="P2" style:family="paragraph" style:parent-style-name="Paragraph">
   <style:properties fo:font-weight="bold"/>
  </style:style>
  <style:style style:name="T1" style:family="text">
   <style:properties fo:font-weight="bold"/>
  </style:style>
 </office:automatic-styles>
 <office:body>
  <text:variable-decls>
   <text:variable-decl text:value-type="string" text:name="HTML_ON"/>
   <text:variable-decl text:value-type="string" text:name="HTML_OFF"/>
   <text:variable-decl text:value-type="string" text:name="TITEL"/>
   <text:variable-decl text:value-type="string" text:name="END"/>
   <text:variable-decl text:value-type="string" text:name="MAC"/>
   <text:variable-decl text:value-type="string" text:name="ELSE"/>
   <text:variable-decl text:value-type="string" text:name="HREF"/>
   <text:variable-decl text:value-type="string" text:name="NAME"/>
   <text:variable-decl text:value-type="string" text:name="MODIFY"/>
   <text:variable-decl text:value-type="string" text:name="REFNR"/>
   <text:variable-decl text:value-type="string" text:name="HFELD"/>
   <text:variable-decl text:value-type="string" text:name="HelpID"/>
   <text:variable-decl text:value-type="string" text:name="AKTHLP"/>
   <text:variable-decl text:value-type="string" text:name="KEY"/>
   <text:variable-decl text:value-type="string" text:name="INDEX"/>
   <text:variable-decl text:value-type="string" text:name="STYLE"/>
  </text:variable-decls>
  <text:sequence-decls>
   <text:sequence-decl text:display-outline-level="0" text:name="Illustration"/>
   <text:sequence-decl text:display-outline-level="0" text:name="Table"/>
   <text:sequence-decl text:display-outline-level="0" text:name="Text"/>
   <text:sequence-decl text:display-outline-level="0" text:name="Drawing"/>
  </text:sequence-decls>
  <help:to-be-embedded Eid="einfuegemodus">
  <text:p text:style-name="Head 1"><help:help-id value="SID_ATTR_INSERT"/><help:key-word value="挿入; テキストモード" tag="kw65943_1"/><help:key-word value="上書き; テキストモード" tag="kw65943_4"/><help:key-word value="テキスト; 挿入" tag="kw65943_3"/><help:key-word value="テキスト; 上書き" tag="kw65943_2"/><help:link Id="65943">挿入モード</help:link></text:p>
  <text:p text:style-name="Paragraph"><help:help-text value="visible">現在の挿入モードが表示されます。挿入モードと上書きモードの間で切り替えることができます。</help:help-text><help:switch select="Program"><help:case select="CALC">このフィールドが有効になるのは、カーソルが数式バーの数式入力ボックスまたはセル内にある場合のみです。</help:case></help:switch></text:p>
  </help:to-be-embedded>
  <text:p text:style-name="Paragraph">このフィールドをクリックすると両モードを切り替えることができます。ただし、<help:productname>%PRODUCTNAME</help:productname> BASIC IDE の場合は例外であり、<text:span text:style-name="T1">Insert</text:span> キーのみを使用できます。<help:switch select="Program"><help:case select="WRITER"><help:switch select="System"><help:case select ="MAC"></help:case><help:default>カーソルがドキュメント内にある場合、Insert キーを使ってモードを切り替えることもできます。</help:default></help:switch> </help:case></help:switch></text:p>
  <table:table table:name="Tabelle1" table:style-name="Tabelle1">
   <table:table-column table:style-name="Tabelle1.A"/>
   <table:table-column table:style-name="Tabelle1.B"/>
   <table:table-header-rows>
    <table:table-row>
     <table:table-cell table:style-name="Tabelle1.A1" table:value-type="string">
      <text:p text:style-name="P2">モード：</text:p>
     </table:table-cell>
     <table:table-cell table:style-name="Tabelle1.B1" table:value-type="string">
      <text:p text:style-name="P2">効果：</text:p>
     </table:table-cell>
    </table:table-row>
   </table:table-header-rows>
   <table:table-row>
    <table:table-cell table:style-name="Tabelle1.A2" table:value-type="string">
     <text:p text:style-name="Paragraph">挿入</text:p>
    </table:table-cell>
    <table:table-cell table:style-name="Tabelle1.B2" table:value-type="string">
     <text:p text:style-name="Paragraph">挿入モードでは、カーソル位置に新しい文字を挿入できます。これに続くテキストは右方向に移動します。カーソルは垂直な線として表示されます。</text:p>
    </table:table-cell>
   </table:table-row>
   <table:table-row>
    <table:table-cell table:style-name="Tabelle1.A2" table:value-type="string">
     <text:p text:style-name="Paragraph">上書</text:p>
    </table:table-cell>
    <table:table-cell table:style-name="Tabelle1.B2" table:value-type="string">
     <text:p text:style-name="Paragraph">上書きモードでは、既存の文字が新しい文字で上書きされます。カーソルはブロックとして表示されます。</text:p>
    </table:table-cell>
   </table:table-row>
  </table:table>
 </office:body>
</office:document>
