

<office:document  xmlns:office="http://openoffice.org/2000/office" xmlns:style="http://openoffice.org/2000/style" xmlns:text="http://openoffice.org/2000/text" xmlns:table="http://openoffice.org/2000/table" xmlns:draw="http://openoffice.org/2000/drawing" xmlns:fo="http://www.w3.org/1999/XSL/Format" xmlns:xlink="http://www.w3.org/1999/xlink" xmlns:number="http://openoffice.org/2000/datastyle" xmlns:svg="http://www.w3.org/2000/svg" xmlns:chart="http://openoffice.org/2000/chart" xmlns:dr3d="http://openoffice.org/2000/dr3d" xmlns:math="http://www.w3.org/1998/Math/MathML" xmlns:form="http://openoffice.org/2000/form" xmlns:script="http://openoffice.org/2000/script" office:class="text" office:version="1.0" xmlns:dc="http://purl.org/dc/elements/1.1/" xmlns:meta="http://openoffice.org/2000/meta" xmlns:help="http://openoffice.org/2000/help">
<office:meta>
  <dc:description>text/common/04/01010000</dc:description>
  <dc:subject>Tasti di scelta rapida generali di %PRODUCTNAME</dc:subject>
  <meta:keywords>
   <meta:keyword>$Version</meta:keyword>
  </meta:keywords>
  <dc:language>it-IT</dc:language>
  <meta:user-defined meta:name="Info 0">READY</meta:user-defined>
  <meta:user-defined meta:name="Info 1">FREE_OK</meta:user-defined>
  <meta:user-defined meta:name="Info 2"/>
  <meta:user-defined meta:name="Info 3"/>
</office:meta>
 <office:script/>
 <office:font-decls>
  <style:font-decl style:name="StarSymbol" fo:font-family="StarSymbol" style:font-charset="x-symbol"/>
  <style:font-decl style:name="Courier New" fo:font-family="&apos;Courier New&apos;" style:font-style-name="Standard" style:font-family-generic="modern" style:font-pitch="fixed"/>
  <style:font-decl style:name="Courier" fo:font-family="Courier" style:font-family-generic="roman" style:font-pitch="fixed"/>
  <style:font-decl style:name="Arial Unicode MS" fo:font-family="&apos;Arial Unicode MS&apos;" style:font-pitch="variable"/>
  <style:font-decl style:name="HG Mincho Light J" fo:font-family="&apos;HG Mincho Light J&apos;" style:font-pitch="variable"/>
  <style:font-decl style:name="Times New Roman4" fo:font-family="&apos;Times New Roman&apos;" style:font-pitch="variable"/>
  <style:font-decl style:name="Thorndale" fo:font-family="Thorndale" style:font-family-generic="roman" style:font-pitch="variable"/>
  <style:font-decl style:name="Times New Roman3" fo:font-family="&apos;Times New Roman&apos;" style:font-family-generic="roman" style:font-pitch="variable"/>
  <style:font-decl style:name="Times New Roman2" fo:font-family="&apos;Times New Roman&apos;" style:font-style-name="Fett" style:font-family-generic="roman" style:font-pitch="variable"/>
  <style:font-decl style:name="Times New Roman" fo:font-family="&apos;Times New Roman&apos;" style:font-style-name="Standard" style:font-family-generic="roman" style:font-pitch="variable"/>
  <style:font-decl style:name="Times New Roman1" fo:font-family="&apos;Times New Roman&apos;" style:font-family-generic="swiss" style:font-pitch="variable"/>
 </office:font-decls>
 <office:automatic-styles>
  <style:style style:name="P1" style:family="paragraph" style:parent-style-name="Paragraph" style:master-page-name="HTML">
   <style:properties style:page-number="0"/>
  </style:style>
  <style:style style:name="P2" style:family="paragraph" style:parent-style-name="Paragraph" style:list-style-name="L1"/>
  <style:style style:name="P3" style:family="paragraph" style:parent-style-name="Paragraph" style:list-style-name="L2"/>
  <style:style style:name="P4" style:family="paragraph" style:parent-style-name="Paragraph">
   <style:properties fo:font-weight="bold"/>
  </style:style>
  <style:style style:name="T1" style:family="text">
   <style:properties fo:font-weight="bold"/>
  </style:style>
  <text:list-style style:name="L1">
   <text:list-level-style-bullet text:level="1" text:style-name="Bullet Symbols" style:num-suffix="." text:bullet-char="•">
    <style:properties text:min-label-width="0.499cm" style:font-name="StarSymbol"/>
   </text:list-level-style-bullet>
   <text:list-level-style-bullet text:level="2" text:style-name="Bullet Symbols" style:num-suffix="." text:bullet-char="•">
    <style:properties text:space-before="0.499cm" text:min-label-width="0.499cm" style:font-name="StarSymbol"/>
   </text:list-level-style-bullet>
   <text:list-level-style-bullet text:level="3" text:style-name="Bullet Symbols" style:num-suffix="." text:bullet-char="•">
    <style:properties text:space-before="0.999cm" text:min-label-width="0.499cm" style:font-name="StarSymbol"/>
   </text:list-level-style-bullet>
   <text:list-level-style-bullet text:level="4" text:style-name="Bullet Symbols" style:num-suffix="." text:bullet-char="•">
    <style:properties text:space-before="1.498cm" text:min-label-width="0.499cm" style:font-name="StarSymbol"/>
   </text:list-level-style-bullet>
   <text:list-level-style-bullet text:level="5" text:style-name="Bullet Symbols" style:num-suffix="." text:bullet-char="•">
    <style:properties text:space-before="1.997cm" text:min-label-width="0.499cm" style:font-name="StarSymbol"/>
   </text:list-level-style-bullet>
   <text:list-level-style-number text:level="6" style:num-suffix="." style:num-format="1">
    <style:properties text:space-before="2.501cm" text:min-label-width="0.499cm"/>
   </text:list-level-style-number>
   <text:list-level-style-number text:level="7" style:num-suffix="." style:num-format="1">
    <style:properties text:space-before="3.001cm" text:min-label-width="0.499cm"/>
   </text:list-level-style-number>
   <text:list-level-style-number text:level="8" style:num-suffix="." style:num-format="1">
    <style:properties text:space-before="3.502cm" text:min-label-width="0.499cm"/>
   </text:list-level-style-number>
   <text:list-level-style-number text:level="9" style:num-suffix="." style:num-format="1">
    <style:properties text:space-before="4.001cm" text:min-label-width="0.499cm"/>
   </text:list-level-style-number>
   <text:list-level-style-number text:level="10" style:num-suffix="." style:num-format="1">
    <style:properties text:space-before="4.502cm" text:min-label-width="0.499cm"/>
   </text:list-level-style-number>
  </text:list-style>
  <text:list-style style:name="L2">
   <text:list-level-style-bullet text:level="1" text:style-name="Bullet Symbols" style:num-suffix="." text:bullet-char="•">
    <style:properties text:min-label-width="0.499cm" style:font-name="StarSymbol"/>
   </text:list-level-style-bullet>
   <text:list-level-style-bullet text:level="2" text:style-name="Bullet Symbols" style:num-suffix="." text:bullet-char="•">
    <style:properties text:space-before="0.499cm" text:min-label-width="0.499cm" style:font-name="StarSymbol"/>
   </text:list-level-style-bullet>
   <text:list-level-style-bullet text:level="3" text:style-name="Bullet Symbols" style:num-suffix="." text:bullet-char="•">
    <style:properties text:space-before="0.999cm" text:min-label-width="0.499cm" style:font-name="StarSymbol"/>
   </text:list-level-style-bullet>
   <text:list-level-style-bullet text:level="4" text:style-name="Bullet Symbols" style:num-suffix="." text:bullet-char="•">
    <style:properties text:space-before="1.498cm" text:min-label-width="0.499cm" style:font-name="StarSymbol"/>
   </text:list-level-style-bullet>
   <text:list-level-style-bullet text:level="5" text:style-name="Bullet Symbols" style:num-suffix="." text:bullet-char="•">
    <style:properties text:space-before="1.997cm" text:min-label-width="0.499cm" style:font-name="StarSymbol"/>
   </text:list-level-style-bullet>
   <text:list-level-style-bullet text:level="6" text:style-name="Bullet Symbols" style:num-suffix="." text:bullet-char="•">
    <style:properties text:space-before="2.496cm" text:min-label-width="0.499cm" style:font-name="StarSymbol"/>
   </text:list-level-style-bullet>
   <text:list-level-style-bullet text:level="7" text:style-name="Bullet Symbols" style:num-suffix="." text:bullet-char="•">
    <style:properties text:space-before="2.995cm" text:min-label-width="0.499cm" style:font-name="StarSymbol"/>
   </text:list-level-style-bullet>
   <text:list-level-style-bullet text:level="8" text:style-name="Bullet Symbols" style:num-suffix="." text:bullet-char="•">
    <style:properties text:space-before="3.494cm" text:min-label-width="0.499cm" style:font-name="StarSymbol"/>
   </text:list-level-style-bullet>
   <text:list-level-style-bullet text:level="9" text:style-name="Bullet Symbols" style:num-suffix="." text:bullet-char="•">
    <style:properties text:space-before="3.994cm" text:min-label-width="0.499cm" style:font-name="StarSymbol"/>
   </text:list-level-style-bullet>
   <text:list-level-style-bullet text:level="10" text:style-name="Bullet Symbols" style:num-suffix="." text:bullet-char="•">
    <style:properties text:space-before="4.493cm" text:min-label-width="0.499cm" style:font-name="StarSymbol"/>
   </text:list-level-style-bullet>
  </text:list-style>
 </office:automatic-styles>
 <office:body>
  <text:variable-decls>
   <text:variable-decl text:value-type="string" text:name="HTML_ON"/>
   <text:variable-decl text:value-type="string" text:name="HTML_OFF"/>
   <text:variable-decl text:value-type="string" text:name="TITEL"/>
   <text:variable-decl text:value-type="string" text:name="END"/>
   <text:variable-decl text:value-type="string" text:name="HREF"/>
   <text:variable-decl text:value-type="string" text:name="MAC"/>
   <text:variable-decl text:value-type="string" text:name="OS2"/>
   <text:variable-decl text:value-type="string" text:name="ELSE"/>
   <text:variable-decl text:value-type="string" text:name="NAME"/>
   <text:variable-decl text:value-type="string" text:name="HFELD"/>
   <text:variable-decl text:value-type="string" text:name="MODIFY"/>
   <text:variable-decl text:value-type="string" text:name="REFNR"/>
   <text:variable-decl text:value-type="string" text:name="KEY"/>
   <text:variable-decl text:value-type="string" text:name="INDEX"/>
   <text:variable-decl text:value-type="string" text:name="WIN"/>
   <text:variable-decl text:value-type="string" text:name="UNIX"/>
   <text:variable-decl text:value-type="string" text:name="AKTHLP"/>
   <text:variable-decl text:value-type="string" text:name="STYLE"/>
  </text:variable-decls>
  <text:sequence-decls>
   <text:sequence-decl text:display-outline-level="0" text:name="Illustration"/>
   <text:sequence-decl text:display-outline-level="0" text:name="Table"/>
   <text:sequence-decl text:display-outline-level="0" text:name="Text"/>
   <text:sequence-decl text:display-outline-level="0" text:name="Drawing"/>
  </text:sequence-decls>
  <help:to-be-embedded Eid="allgemeine">
  <text:p text:style-name="Head 1"><help:key-word value="Tastiera; comandi generali" tag="kw66043_6"/><help:key-word value="Tasti di scelta rapida; generali" tag="kw66043_11"/><help:to-be-embedded Eid="common_keys"><help:link Id="66043">Tasti di scelta rapida generali di <help:productname>%PRODUCTNAME</help:productname></help:link></help:to-be-embedded></text:p>
  </help:to-be-embedded>
  <text:p text:style-name="Head 2">Esecuzione diretta dei comandi attraverso le combinazioni dei tasti</text:p>
  <text:p text:style-name="Paragraph">Gran parte delle funzioni dell&apos;applicazione può essere attivata tramite le combinazioni dei tasti. Accanto alla voce <text:span text:style-name="T1">Apri</text:span> nel menu<text:span text:style-name="T1"> File</text:span> è disponibile, ad esempio, la combinazione tasti <help:switch select="System"><help:case select ="MAC">comando+O</help:case><help:default>Ctrl+O</help:default></help:switch>. Per eseguire questa funzione mediante la combinazione di tasti premete il tasto <help:switch select="System"><help:case select ="MAC">(comando)</help:case><help:default>(Ctrl)</help:default></help:switch> e quindi il tasto (O). Rilasciate quindi entrambi i tasti.</text:p>
  <text:p text:style-name="Paragraph">Per utilizzare l&apos;applicazione avete la possibilità, per quasi tutte le operazioni, di scegliere tra il mouse e la tastiera.</text:p>
  <text:p text:style-name="Head 2"><help:switch select="System"><help:case select ="MAC"></help:case><help:default>Attivare direttamente un menu tramite una combinazione di tasti</help:default></help:switch></text:p>
  <text:p text:style-name="Paragraph"><help:switch select="System"><help:case select ="MAC"></help:case><help:default>Nella barra dei menu molti caratteri sono sottolineati. Potete avviare tali menu direttamente premendo contemporaneamente il carattere sottolineato e il tasto (Alt). Nel menu aperto trovate di nuovo dei caratteri sottolineati. Potete avviare direttamente tali voci di menu premendo solamente il carattere sottolineato.</help:default></help:switch></text:p>
  <text:p text:style-name="Head 2">Aprire un dialogo tramite una combinazione di tasti</text:p>
  <text:p text:style-name="Paragraph">Nei dialoghi vi è sempre un elemento evidenziato - nella maggior parte dei casi mediante un bordo interrotto. Si dice che a questo elemento, sia esso un pulsante, un pulsante di scelta, una voce in una casella di riepilogo o in un campo di selezione, è stato assegnato il punto focale. Se l&apos;elemento che contiene il punto focale è un pulsante, la sua esecuzione avviene premendo Invio, proprio come se lo aveste cliccato. Una casella di controllo si commuta premendo Spazio. Se un pulsante di scelta ha il punto focale, potete cambiare il pulsante di scelta selezionato con i tasti freccia. Il tasto (Tab) consente di passare da un elemento o un&apos;area all&apos;elemento o all&apos;area successiva, mentre la combinazione(Maiusc)+ (Tab) consente di procedere in senso inverso.</text:p>
  <text:p text:style-name="Paragraph">Per chiudere il dialogo senza effettuare alcuna modifica, premete il tasto (Esc). <help:switch select="System"><help:case select ="MAC"></help:case><help:default>Se focalizzate un pulsante, non solo viene visualizzato il rettangolo con margine tratteggiato, ma di solito il pulsante marcato presente un&apos;ombra più scura rispetto agli altri. Ciò significa che, uscendo dal dialogo con il tasto Invio, ottenete lo stesso effetto di un clic sul pulsante che in questo momento ha l&apos;ombra più scura.</help:default></help:switch></text:p>
  <text:p text:style-name="Head 2">Tasti e operazioni del mouse</text:p>
  <text:p text:style-name="Paragraph">Quando utilizzate la funzione Drag&amp;Drop, selezionate gli oggetti con il mouse o fate clic sugli oggetti e sui nomi, potete usare i tasti (Maiusc), <help:switch select="System"><help:case select ="MAC">(Comando)</help:case><help:default>(Ctrl)</help:default></help:switch> e, in alcuni casi, <help:switch select="System"><help:case select ="MAC">(Opzione)</help:case><help:default>(Alt)</help:default></help:switch> per accedere a funzionalità aggiuntive. Le funzioni modificate disponibili premendo questi tasti durante il trascinamento sono indicate dal cambiamento di forma del puntatore del mouse. Se state selezionando un insieme di file o di altri oggetti, i tasti modificatori possono estendere la selezione - le funzioni vengono spiegate ove applicabili. <help:switch select="System"><help:case select ="UNIX"><help:embedded Id="65604" Eid="winmanager"></help:embedded></help:case></help:switch></text:p>
  <help:to-be-embedded Eid="texteingabe">
  <text:p text:style-name="Head 2"><help:key-word value="Campo di digitazione; digitazione" tag="kw66043_10"/>Campi di digitazione utili</text:p>
  <text:unordered-list text:style-name="L1">
   <text:list-item>
    <text:p text:style-name="P2">Potete avviare un menu di contesto che offre alcuni comandi di uso frequente.</text:p>
   </text:list-item>
   <text:list-item>
    <text:p text:style-name="P2">Con la combinazione di tasti (Maiusc)<help:switch select="System"><help:case select ="MAC">(comando)</help:case><help:default>(Ctrl)</help:default></help:switch>(S) potete avviare il dialogo <text:span text:style-name="T1">Carattere speciale</text:span> per inserire uno o più caratteri speciali.</text:p>
   </text:list-item>
   <text:list-item>
    <text:p text:style-name="P2">con <help:switch select="System"><help:case select ="MAC">(comando)</help:case><help:default>(Ctrl)</help:default></help:switch>(A) potete selezionare l&apos;intero contenuto del testo. I tasti (Freccia a destra) o (Freccia a sinistra) consentono di annullare la selezione.</text:p>
   </text:list-item>
   <text:list-item>
    <text:p text:style-name="P2">Con un doppio clic su una parola, questa viene selezionata.</text:p>
   </text:list-item>
   <text:list-item>
    <text:p text:style-name="P2">Con un triplo clic viene selezionato l&apos;intero contenuto.</text:p>
   </text:list-item>
   <text:list-item>
    <text:p text:style-name="P2">Con <help:switch select="System"><help:case select ="MAC">(comando)</help:case><help:default>(Ctrl)</help:default></help:switch>(Canc) cancellate tutto quanto è compreso dal punto in cui si trova il cursore fino alla fine della parola corrente.</text:p>
   </text:list-item>
   <text:list-item>
    <text:p text:style-name="P2">Con <help:switch select="System"><help:case select ="MAC">(comando)</help:case><help:default>(Ctrl)</help:default></help:switch> e (Freccia a destra) o (Freccia a sinistra) il cursore avanza parola per parola, mentre se premete anche il tasto Maiusc si selezionano le singole parole.</text:p>
   </text:list-item>
   <text:list-item>
    <text:p text:style-name="P2">Con (Ins) passate dal modo Inserisci al modo Sovrascrivi e viceversa.</text:p>
   </text:list-item>
   <text:list-item>
    <text:p text:style-name="P2">Potete usare il metodo Drag&amp;Drop sia all&apos;interno che all&apos;esterno delle caselle di testo.</text:p>
   </text:list-item>
   <text:list-item>
    <text:p text:style-name="P2">Con <help:switch select="System"><help:case select ="MAC">(comando)</help:case><help:default>(Ctrl)</help:default></help:switch>(Z) potete annullare le modifiche passe per passo. Il testo ha di nuovo il contenuto che aveva prima della prima modifica.</text:p>
   </text:list-item>
  </text:unordered-list>
  <help:to-be-embedded Eid="autocompurl"><a name="autocompurl"/>
  <text:unordered-list text:style-name="L2">
   <text:list-item>
    <text:p text:style-name="P3"><help:key-word value="Completamento automatico; durante la digitazione del testo" tag="kw66043_9"/><help:productname>%PRODUCTNAME</help:productname> dispone di un&apos;utile funzione di completamento automatico che si attiva in alcune caselle di testo e in alcune caselle di riepilogo. Ad esempio, inserendo c:\a nel campo dell&apos;URL, la funzione di completamento automatico mostra il primo file o la prima cartella dell&apos;unità C: che inizia con la lettera &quot;a&quot;.</text:p>
   </text:list-item>
   <text:list-item>
    <text:p text:style-name="P3">Con il tasto(Freccia Giù) potete passare a tutti gli altri file e cartelle. Il tasto(Freccia a destra) nel campo URL consente di visualizzare anche un&apos;eventuale sottocartella. <text:s/>Per eseguire velocemente la funzione Completamento parola premete il tasto Fine, non appena avete digitato una parte di URL. Non appena avrete trovato un programma, che desiderate eseguire, o un documento, che desiderate aprire, premete Invio. Per spostarvi in una cartella selezionata premete Invio.</text:p>
   </text:list-item>
  </text:unordered-list>
  </help:to-be-embedded>
  </help:to-be-embedded>
  <text:p text:style-name="Head 2"><help:key-word value="Macro; arrestare" tag="kw66043_8"/>Arrestare l&apos;esecuzione di una macro</text:p>
  <text:p text:style-name="Paragraph">Per terminare una macro attualmente in esecuzione, premete (Maiusc) <help:switch select="System"><help:case select ="MAC">(Comando) </help:case><help:default>(Ctrl) </help:default></help:switch>(Q).</text:p>
  <text:p text:style-name="Head 2">Elenco delle combinazioni tasti generali in <help:productname>%PRODUCTNAME</help:productname></text:p>
  <text:p text:style-name="Paragraph">I tasti di scelta rapida compaiono sul lato destro del menu, a fianco del comando corrispondente. <help:switch select="System"><help:case select ="MAC">(Non tutti i tasti citati per il controllo delle finestre di dialogo sono disponibili sui sistemi Macintosh.)</help:case></help:switch></text:p>
  <help:to-be-embedded Eid="commonheader">
  <text:p text:style-name="Head 3">Combinazione tasti</text:p>
  <text:p text:style-name="P4">Effetto</text:p>
  </help:to-be-embedded><help:to-be-embedded Eid="cr">
  <text:p text:style-name="Head 3">Invio</text:p>
  <text:p text:style-name="Paragraph">Attivare il pulsante focalizzato in un dialogo</text:p>
  </help:to-be-embedded><help:to-be-embedded Eid="esc">
  <text:p text:style-name="Head 3">(Esc)</text:p>
  <text:p text:style-name="Paragraph">Annullare l&apos;operazione o il dialogo. Nella Guida di <help:productname>%PRODUCTNAME</help:productname>: tornare indietro di un livello. Il cursore si trova nel campo <text:span text:style-name="T1">URL</text:span> nella barra delle funzioni: riportare il cursore nel documento. Se la URL è selezionata, è necessario premere il tasto due volte.</text:p>
  </help:to-be-embedded><help:to-be-embedded Eid="space">
  <text:p text:style-name="Head 3">Spazio</text:p>
  <text:p text:style-name="Paragraph">Attivare la casella di controllo focalizzata in un dialogo</text:p>
  </help:to-be-embedded><help:to-be-embedded Eid="cu">
  <text:p text:style-name="Head 3">Tasti cursore</text:p>
  <text:p text:style-name="Paragraph">Cambiare il campo di controllo attivo in un&apos;area di opzione di un dialogo</text:p>
  </help:to-be-embedded><help:to-be-embedded Eid="tab">
  <text:p text:style-name="Head 3">(Tab)</text:p>
  <text:p text:style-name="Paragraph">Spostamento del punto focale all&apos;area successiva o all&apos;elemento successivo in un dialogo.</text:p>
  </help:to-be-embedded><help:to-be-embedded Eid="umtab">
  <text:p text:style-name="Head 3">(Maiusc)+(Tab)</text:p>
  <text:p text:style-name="Paragraph">Riportare la focalizzazione all&apos;area o a un elemento precedente di un dialogo</text:p>
  </help:to-be-embedded><help:to-be-embedded Eid="altcudwn">
  <text:p text:style-name="Head 3"><help:switch select="System"><help:case select ="MAC">(opzione)</help:case><help:default>(Alt)</help:default></help:switch>(FrecciaGiù)</text:p>
  <text:p text:style-name="Paragraph">Apertura dell&apos;elenco di un campo di controllo correntemente selezionato in un dialogo. Questa combinazione di tasti è valida sia per le caselle combinate che per i pulsanti simbolo in un menu a comparsa. Il tasto (Esc) consente di richiudere l&apos;elenco aperto.</text:p>
  </help:to-be-embedded><help:to-be-embedded Eid="entf">
  <text:p text:style-name="Head 3">(Canc)</text:p>
  <text:p text:style-name="Paragraph">Eliminazione dell&apos;oggetto selezionato o dell&apos;oggetto nel cestino</text:p>
  </help:to-be-embedded><help:to-be-embedded Eid="umentf">
  <text:p text:style-name="Head 3">(Maiusc)(Canc)</text:p>
  <text:p text:style-name="Paragraph">Eliminazione dell&apos;oggetto selezionato o degli oggetti eludendo il cestino</text:p>
  </help:to-be-embedded><help:to-be-embedded Eid="back">
  <text:p text:style-name="Head 3">Backspace (mediante Invio)</text:p>
  <text:p text:style-name="Paragraph">Nella vista di una cartella: passare ad un livello superiore (indietro)</text:p>
  </help:to-be-embedded><help:to-be-embedded Eid="strgtab">
  <text:p text:style-name="Head 3"><help:switch select="System"><help:case select ="MAC">(comando)</help:case><help:default>(Ctrl)</help:default></help:switch>(Tab)</text:p>
  <text:p text:style-name="Paragraph">Attiva il documento aperto successivo (se però il cursore è posizionato all&apos;inizio di una riga d&apos;intestazione, inserisce una tabulazione)</text:p>
  </help:to-be-embedded><help:to-be-embedded Eid="umstrgtab">
  <text:p text:style-name="Head 3">(Maiusc)<help:switch select="System"><help:case select ="MAC">(comando)</help:case><help:default>(Ctrl)</help:default></help:switch>(Tab)</text:p>
  <text:p text:style-name="Paragraph">Passa al documento precedente.</text:p>
  </help:to-be-embedded><help:to-be-embedded Eid="oleeingabe">
  <text:p text:style-name="Head 3">Invio (se è selezionato un oggetto OLE)</text:p>
  <text:p text:style-name="Paragraph">Attiva l&apos;oggetto OLE selezionato.</text:p>
  </help:to-be-embedded><help:to-be-embedded Eid="objekteingabe">
  <text:p text:style-name="Head 3">Invio (se è selezionato un oggetto di disegno o di testo)</text:p>
  <text:p text:style-name="Paragraph">Attiva il modo di inserimento testo</text:p>
  </help:to-be-embedded><help:to-be-embedded Eid="strgo">
  <text:p text:style-name="Head 3"><help:switch select="System"><help:case select ="MAC">(Comando)</help:case><help:default>(Ctrl)</help:default></help:switch>(O)</text:p>
  <text:p text:style-name="Paragraph">Aprire un documento</text:p>
  </help:to-be-embedded><help:to-be-embedded Eid="strgs">
  <text:p text:style-name="Head 3"><help:switch select="System"><help:case select ="MAC">(Comando)</help:case><help:default>(Ctrl)</help:default></help:switch>(S)</text:p>
  <text:p text:style-name="Paragraph">Salvare il documento corrente</text:p>
  </help:to-be-embedded><help:to-be-embedded Eid="strgn">
  <text:p text:style-name="Head 3"><help:switch select="System"><help:case select ="MAC">(Comando)</help:case><help:default>(Ctrl)</help:default></help:switch>(N)</text:p>
  <text:p text:style-name="Paragraph"><help:key-word value="Creare nuovo documento" tag="kw66043_1"/>Creare nuovo documento</text:p>
  </help:to-be-embedded><help:to-be-embedded Eid="umstrgn">
  <text:p text:style-name="Head 3">(Maiusc)<help:switch select="System"><help:case select ="MAC">(comando)</help:case><help:default>(Ctrl)</help:default></help:switch>(N)</text:p>
  <text:p text:style-name="Paragraph">Attivazione del dialogo <text:span text:style-name="T1">Modelli e documenti</text:span></text:p>
  </help:to-be-embedded><help:to-be-embedded Eid="strgp">
  <text:p text:style-name="Head 3"><help:switch select="System"><help:case select ="MAC">(Comando)</help:case><help:default>(Ctrl)</help:default></help:switch>(P)</text:p>
  <text:p text:style-name="Paragraph"><help:key-word value="Stampare documento" tag="kw66043_5"/>Stampare documento</text:p>
  </help:to-be-embedded><help:to-be-embedded Eid="strgq">
  <text:p text:style-name="Head 3"><help:switch select="System"><help:case select ="MAC">(Comando)</help:case><help:default>(Ctrl)</help:default></help:switch>(Q)</text:p>
  <text:p text:style-name="Paragraph">Uscire dall&apos;applicazione</text:p>
  </help:to-be-embedded><help:to-be-embedded Eid="strgx">
  <text:p text:style-name="Head 3"><help:switch select="System"><help:case select ="MAC">(Comando)</help:case><help:default>(Ctrl)</help:default></help:switch>(X)</text:p>
  <text:p text:style-name="Paragraph">Tagliare gli elementi selezionati</text:p>
  </help:to-be-embedded><help:to-be-embedded Eid="strgc">
  <text:p text:style-name="Head 3"><help:switch select="System"><help:case select ="MAC">(Comando)</help:case><help:default>(Ctrl)</help:default></help:switch>(C)</text:p>
  <text:p text:style-name="Paragraph">Copiare gli elementi selezionati</text:p>
  </help:to-be-embedded><help:to-be-embedded Eid="strgv">
  <text:p text:style-name="Head 3"><help:switch select="System"><help:case select ="MAC">(Comando)</help:case><help:default>(Ctrl)</help:default></help:switch>(V)</text:p>
  <text:p text:style-name="Paragraph"><help:key-word value="Incollare dagli appunti" tag="kw66043_4"/>Incollare dagli appunti</text:p>
  </help:to-be-embedded><help:to-be-embedded Eid="strga">
  <text:p text:style-name="Head 3"><help:switch select="System"><help:case select ="MAC">(Comando)</help:case><help:default>(Ctrl)</help:default></help:switch>(A)</text:p>
  <text:p text:style-name="Paragraph"><help:key-word value="Selezionare tutto" tag="kw66043_3"/>Selezionare tutto</text:p>
  </help:to-be-embedded><help:to-be-embedded Eid="strgz">
  <text:p text:style-name="Head 3"><help:switch select="System"><help:case select ="MAC">(Comando)</help:case><help:default>(Ctrl)</help:default></help:switch>(Z)</text:p>
  <text:p text:style-name="Paragraph">Annullare</text:p>
  <text:p text:style-name="Head 3"><help:switch select="System"><help:case select ="MAC">(Comando)</help:case><help:default>(Ctrl)</help:default></help:switch> (Y)</text:p>
  <text:p text:style-name="Paragraph">Ripete l&apos;ultima operazione</text:p>
  </help:to-be-embedded><help:to-be-embedded Eid="strgg">
  <text:p text:style-name="Head 3"><help:switch select="System"><help:case select ="MAC">(comando)</help:case><help:default>(Ctrl)</help:default></help:switch>(G)</text:p>
  <text:p text:style-name="Paragraph">Apre la finestra di dialogo <text:span text:style-name="T1">Cerca &amp; sostituisci</text:span>.</text:p>
  </help:to-be-embedded><help:to-be-embedded Eid="strgumg">
  <text:p text:style-name="Head 3"><help:switch select="System"><help:case select ="MAC">(comando)</help:case><help:default>(Ctrl)</help:default></help:switch>(Maiusc)(G)</text:p>
  <text:p text:style-name="Paragraph">Cerca l&apos;ultimo termine specificato.</text:p>
  </help:to-be-embedded><help:to-be-embedded Eid="strgumj">
  <text:p text:style-name="Head 3"><help:switch select="System"><help:case select ="MAC"></help:case><help:default>(Ctrl)(Maiusc)+(J)</help:default></help:switch></text:p>
  <text:p text:style-name="Paragraph"><help:switch select="System"><help:case select ="MAC"></help:case><help:default><help:key-word value="Schermo intero/normale, vista" tag="kw66043_7"/>Commuta vista <help:key-word value="Schermo intero/normale" tag="kw66043_2"/>Schermo intero/normale</help:default></help:switch></text:p>
  </help:to-be-embedded><help:to-be-embedded Eid="strgumr">
  <text:p text:style-name="Head 3"><help:switch select="System"><help:case select ="MAC">(comando)</help:case><help:default>(Ctrl)</help:default></help:switch>(Maiusc)+(R)</text:p>
  <text:p text:style-name="Paragraph">Aggiorna la visualizzazione del documento.</text:p>
  </help:to-be-embedded><help:to-be-embedded Eid="strgumi">
  <text:p text:style-name="Head 3">(Maiusc) <help:switch select="System"><help:case select ="MAC">(Comando)</help:case><help:default>(Ctrl)</help:default></help:switch> (I).</text:p>
  <text:p text:style-name="Paragraph">Abilita o disabilita il cursore di selezione nei documenti di testo di sola lettura o nella Guida.</text:p>
  </help:to-be-embedded><help:to-be-embedded Eid="strgk">
  <text:p text:style-name="Head 3"><help:switch select="System"><help:case select ="MAC">(Comando)</help:case><help:default>(Ctrl)</help:default></help:switch>(K)</text:p>
  <text:p text:style-name="Paragraph">All&apos;area selezionata viene assegnato l&apos;attributo <text:span text:style-name="T1">Corsivo</text:span>. Se il cursore si trova su una parola, anche questa parola viene rappresentata in corsivo.</text:p>
  </help:to-be-embedded><help:to-be-embedded Eid="strgf">
  <text:p text:style-name="Head 3"><help:switch select="System"><help:case select ="MAC">(Comando)</help:case><help:default>(Ctrl)</help:default></help:switch>(F)</text:p>
  <text:p text:style-name="Paragraph">All&apos;area selezionata viene assegnato l&apos;attributo <text:span text:style-name="T1">Grassetto</text:span>. Se il cursore si trova su una parola, anche questa parola viene rappresentata in grassetto.</text:p>
  </help:to-be-embedded><help:to-be-embedded Eid="strgu">
  <text:p text:style-name="Head 3"><help:switch select="System"><help:case select ="MAC">(Comando)</help:case><help:default>(Ctrl)</help:default></help:switch>(U)</text:p>
  <text:p text:style-name="Paragraph">All&apos;area selezionata viene assegnato l&apos;attributo <text:span text:style-name="T1">Sottolineato</text:span>. Se il cursore si trova su una parola, anche questa parola viene rappresentata sottolineata.</text:p>
  </help:to-be-embedded><help:to-be-embedded Eid="strgumo">
  <text:p text:style-name="Head 3"><help:switch select="System"><help:case select ="MAC">(comando)</help:case><help:default>(Ctrl)</help:default></help:switch>(Maiusc)(O)</text:p>
  <text:p text:style-name="Paragraph">Porta il cursore nel campo <text:span text:style-name="T1">Carica URL</text:span> della barra delle funzioni.</text:p>
  </help:to-be-embedded><help:to-be-embedded Eid="alto">
  <text:p text:style-name="Head 3"><help:switch select="System"><help:case select ="MAC">(opzione)</help:case><help:default>(Alt)</help:default></help:switch>+O</text:p>
  <text:p text:style-name="Paragraph">Nella finestra di dialogo <text:span text:style-name="T1">Controllo ortografico</text:span>, la parola originariamente contrassegnata come sconosciuta o errata verrà trasferita nella casella di digitazione (parola).</text:p>
  </help:to-be-embedded>
  <text:p text:style-name="Paragraph"><help:switch select="System"><help:case select ="MAC">Non tutte le ulteriori combinazioni di tasti funzione riportate non sono disponibili in Mac.</help:case></help:switch></text:p>
  <text:p text:style-name="Head 2">Combinazioni di tasti con i tasti funzione</text:p>
  <text:p text:style-name="Head 3">Combinazione di tasti</text:p>
  <text:p text:style-name="P4">Effetto</text:p>
  <help:to-be-embedded Eid="f1">
  <text:p text:style-name="Head 3"><help:switch select="System"><help:case select ="MAC"></help:case><help:default>(F1)</help:default></help:switch></text:p>
  <text:p text:style-name="Paragraph"><help:switch select="System"><help:case select ="MAC"></help:case><help:default>Attivazione della Guida di <help:productname>%PRODUCTNAME</help:productname></help:default></help:switch></text:p>
  <text:p text:style-name="Paragraph">Nella Guida di <help:productname>%PRODUCTNAME</help:productname>: passaggio alla Pagina Sommario.</text:p>
  </help:to-be-embedded><help:to-be-embedded Eid="umf1">
  <text:p text:style-name="Head 3"><help:switch select="System"><help:case select ="MAC"></help:case><help:default>(Maiusc)(F1)</help:default></help:switch></text:p>
  <text:p text:style-name="Paragraph"><help:switch select="System"><help:case select ="MAC"></help:case><help:default>Guida attiva</help:default></help:switch></text:p>
  </help:to-be-embedded><help:to-be-embedded Eid="umf2">
  <text:p text:style-name="Head 3">(Maiusc) (F2)</text:p>
  <text:p text:style-name="Paragraph">Abilita i suggerimenti per il comando, il simbolo o il campo di controllo attivo.</text:p>
  </help:to-be-embedded><help:to-be-embedded Eid="strgf4">
  <text:p text:style-name="Head 3"><help:switch select="System"><help:case select ="MAC">(Comando)</help:case><help:default>(Ctrl)</help:default></help:switch> (F4) o <help:switch select="System"><help:case select ="MAC">(Opzione)</help:case><help:default>(Alt)</help:default></help:switch> (F4)</text:p>
  <text:p text:style-name="Paragraph">Chiusura del documento corrente (chiusura di <help:productname>%PRODUCTNAME</help:productname>se viene chiuso l&apos;ultimo documento aperto)</text:p>
  </help:to-be-embedded><help:to-be-embedded Eid="f6">
  <text:p text:style-name="Head 3">(F6)</text:p>
  <text:p text:style-name="Paragraph">Messa a fuoco sulla parte successiva della finestra (Documento / Vista sorgenti dati)</text:p>
  </help:to-be-embedded><help:to-be-embedded Eid="umf6">
  <text:p text:style-name="Head 3">(Maiusc)(F6)</text:p>
  <text:p text:style-name="Paragraph">Messa a fuoco nella parte precedente della finestra</text:p>
  </help:to-be-embedded><help:to-be-embedded Eid="f10">
  <text:p text:style-name="Head 3">(F10)</text:p>
  <text:p text:style-name="Paragraph">Attiva il primo menu (File)</text:p>
  </help:to-be-embedded><help:to-be-embedded Eid="umf10">
  <text:p text:style-name="Head 3">(Maiusc) (F10)</text:p>
  <text:p text:style-name="Paragraph">Avvio del menu di contesto</text:p>
  </help:to-be-embedded>
  <text:p text:style-name="Head 3">(Ctrl) (F11)</text:p>
  <text:p text:style-name="Paragraph">Apre il catalogo dei modelli</text:p>
  <a name="keygall"/>
  <text:p text:style-name="Head 2">Tasti di scelta rapida per la Gallery</text:p>
  <text:p text:style-name="Head 3">Tasti di scelta rapida</text:p>
  <text:p text:style-name="Paragraph">Risultato</text:p>
  <help:to-be-embedded Eid="galltab">
  <text:p text:style-name="Head 3">(Tab)</text:p>
  <text:p text:style-name="Paragraph">Attiva l&apos;area successiva</text:p>
  </help:to-be-embedded><help:to-be-embedded Eid="gallumtab">
  <text:p text:style-name="Head 3">(Maiusc) (Tab)</text:p>
  <text:p text:style-name="Paragraph">Attiva l&apos;area precedente</text:p>
  </help:to-be-embedded>
  <text:p text:style-name="Head 3">Tasti di scelta rapida per l&apos;area &quot;Nuovo argomento&quot; della Gallery:</text:p>
  <help:to-be-embedded Eid="gallcuup">
  <text:p text:style-name="Head 3">Freccia in alto</text:p>
  <text:p text:style-name="Paragraph">Sposta la selezione un livello più in alto</text:p>
  </help:to-be-embedded><help:to-be-embedded Eid="gallcudwn">
  <text:p text:style-name="Head 3">Freccia in basso</text:p>
  <text:p text:style-name="Paragraph">Sposta la selezione un livello più in basso</text:p>
  </help:to-be-embedded><help:to-be-embedded Eid="gallstrgcr">
  <text:p text:style-name="Head 3"><help:switch select="System"><help:case select ="MAC">(Comando)</help:case><help:default>(Ctrl)</help:default></help:switch> (Invio)</text:p>
  <text:p text:style-name="Paragraph">Apre la finestra di dialogo Proprietà</text:p>
  </help:to-be-embedded><help:to-be-embedded Eid="gallumf10">
  <text:p text:style-name="Head 3">(Maiusc) (F10)</text:p>
  <text:p text:style-name="Paragraph">Apre un menu contestuale</text:p>
  </help:to-be-embedded><help:to-be-embedded Eid="gallstrgu">
  <text:p text:style-name="Head 3"><help:switch select="System"><help:case select ="MAC">(Comando)</help:case><help:default>(Ctrl)</help:default></help:switch> (U)</text:p>
  <text:p text:style-name="Paragraph">Aggiorna il tema selezionato</text:p>
  </help:to-be-embedded><help:to-be-embedded Eid="gallstrgr">
  <text:p text:style-name="Head 3"><help:switch select="System"><help:case select ="MAC">(Comando)</help:case><help:default>(Ctrl)</help:default></help:switch> (R)</text:p>
  <text:p text:style-name="Paragraph">Apre la finestra di dialogo <text:span text:style-name="T1">Indicazione titolo</text:span></text:p>
  </help:to-be-embedded><help:to-be-embedded Eid="gallstrgd">
  <text:p text:style-name="Head 3"><help:switch select="System"><help:case select ="MAC">(Comando)</help:case><help:default>(Ctrl)</help:default></help:switch> (D)</text:p>
  <text:p text:style-name="Paragraph">Elimina il tema selezionato</text:p>
  </help:to-be-embedded><help:to-be-embedded Eid="gallenfg">
  <text:p text:style-name="Head 3">(Ins)</text:p>
  <text:p text:style-name="Paragraph">Inserisce un nuovo tema</text:p>
  </help:to-be-embedded>
  <text:p text:style-name="Head 3">Tasti di scelta rapida per l&apos;area di anteprima della Gallery:</text:p>
  <help:to-be-embedded Eid="gallpos1">
  <text:p text:style-name="Head 3">(Home)</text:p>
  <text:p text:style-name="Paragraph">Attiva la prima voce</text:p>
  </help:to-be-embedded><help:to-be-embedded Eid="gallend">
  <text:p text:style-name="Head 3">(End)</text:p>
  <text:p text:style-name="Paragraph">Attiva l&apos;ultima voce</text:p>
  </help:to-be-embedded><help:to-be-embedded Eid="gallcurle">
  <text:p text:style-name="Head 3">Freccia a sinistra</text:p>
  <text:p text:style-name="Paragraph">Seleziona l&apos;elemento successivo della Gallery sulla sinistra</text:p>
  </help:to-be-embedded><help:to-be-embedded Eid="gallcurri">
  <text:p text:style-name="Head 3">Freccia a destra</text:p>
  <text:p text:style-name="Paragraph">Seleziona l&apos;elemento successivo della Gallery sulla destra</text:p>
  </help:to-be-embedded><help:to-be-embedded Eid="gallcurup">
  <text:p text:style-name="Head 3">Freccia in alto</text:p>
  <text:p text:style-name="Paragraph">Seleziona l&apos;elemento successivo della Gallery in alto</text:p>
  </help:to-be-embedded><help:to-be-embedded Eid="gallcurdwn">
  <text:p text:style-name="Head 3">Freccia in basso</text:p>
  <text:p text:style-name="Paragraph">Seleziona l&apos;elemento successivo della Gallery in basso</text:p>
  </help:to-be-embedded><help:to-be-embedded Eid="gallpgup">
  <text:p text:style-name="Head 3">(PagSu)</text:p>
  <text:p text:style-name="Paragraph">Scorre in alto di una schermata</text:p>
  </help:to-be-embedded><help:to-be-embedded Eid="gallpgdwn">
  <text:p text:style-name="Head 3">(PagGiù)</text:p>
  <text:p text:style-name="Paragraph">Scorre in basso di una schermata</text:p>
  </help:to-be-embedded><help:to-be-embedded Eid="gallstrgumefg">
  <text:p text:style-name="Head 3"><help:switch select="System"><help:case select ="MAC">(Comando)</help:case><help:default>(Ctrl)</help:default></help:switch> (Maiusc) (Ins)</text:p>
  <text:p text:style-name="Paragraph">Inserisce l&apos;oggetto selezionato come collegamento nel documento attivo.</text:p>
  </help:to-be-embedded><help:to-be-embedded Eid="gallstrgi">
  <text:p text:style-name="Head 3"><help:switch select="System"><help:case select ="MAC">(Comando)</help:case><help:default>(Ctrl)</help:default></help:switch> (I)</text:p>
  <text:p text:style-name="Paragraph">Inserisce una copia dell&apos;oggetto selezionato nel documento attivo.</text:p>
  </help:to-be-embedded><help:to-be-embedded Eid="gallstrgt">
  <text:p text:style-name="Head 3"><help:switch select="System"><help:case select ="MAC">(Comando)</help:case><help:default>(Ctrl)</help:default></help:switch> (T)</text:p>
  <text:p text:style-name="Paragraph">Apre la finestra di dialogo <text:span text:style-name="T1">Indicazione titolo</text:span>, in cui potete modificare il titolo desiderato.</text:p>
  </help:to-be-embedded><help:to-be-embedded Eid="gallstrgp">
  <text:p text:style-name="Head 3"><help:switch select="System"><help:case select ="MAC">(Comando)</help:case><help:default>(Ctrl)</help:default></help:switch> (P)</text:p>
  <text:p text:style-name="Paragraph">Passa dalla vista dei temi a quella degli oggetti e viceversa</text:p>
  </help:to-be-embedded><help:to-be-embedded Eid="gallspace">
  <text:p text:style-name="Head 3">(Spazio)</text:p>
  <text:p text:style-name="Paragraph">Passa dalla vista dei temi a quella degli oggetti e viceversa</text:p>
  </help:to-be-embedded><help:to-be-embedded Eid="gallca">
  <text:p text:style-name="Head 3">(Invio)</text:p>
  <text:p text:style-name="Paragraph">Passa dalla vista dei temi a quella degli oggetti e viceversa</text:p>
  </help:to-be-embedded><help:to-be-embedded Eid="gallbs">
  <text:p text:style-name="Head 3">Torna indietro (solo nella vista degli oggetti)</text:p>
  <text:p text:style-name="Paragraph">Torna alla vista principale</text:p>
  </help:to-be-embedded>
  <text:p text:style-name="Head 2">Navigazione in <help:productname>%PRODUCTNAME</help:productname> senza il mouse</text:p>
  <help:to-be-embedded Eid="af6">
  <text:p text:style-name="Head 3">(F6)</text:p>
  <text:p text:style-name="Paragraph">Sposta il cursore dall&apos;alto in basso e da destra a sinistra in ogni parte della finestra di <help:productname>%PRODUCTNAME</help:productname>.</text:p>
  </help:to-be-embedded><help:to-be-embedded Eid="aumf6">
  <text:p text:style-name="Head 3">(Maiusc) (F6)</text:p>
  <text:p text:style-name="Paragraph">Sposta il cursore nella direzione opposta in ogni parte della finestra di <help:productname>%PRODUCTNAME</help:productname>.</text:p>
  </help:to-be-embedded><help:to-be-embedded Eid="astrgf6">
  <text:p text:style-name="Head 3"><help:switch select="System"><help:case select ="MAC">(Comando)</help:case><help:default>(Ctrl)</help:default></help:switch> (F6)</text:p>
  <text:p text:style-name="Paragraph">Posiziona il cursore nel documento</text:p>
  </help:to-be-embedded><help:to-be-embedded Eid="astrgtab">
  <text:p text:style-name="Head 3"><help:switch select="System"><help:case select ="MAC">(Comando)</help:case><help:default>(Ctrl)</help:default></help:switch> (Tab)</text:p>
  <text:p text:style-name="Paragraph">Sposta il cursore dall&apos;alto in basso e da destra a sinistra in ogni parte della finestra di <help:productname>%PRODUCTNAME</help:productname>.</text:p>
  </help:to-be-embedded><help:to-be-embedded Eid="aumstrgtab">
  <text:p text:style-name="Head 3">(Maiusc) <help:switch select="System"><help:case select ="MAC">(Comando)</help:case><help:default>(Ctrl)</help:default></help:switch> (Tab)</text:p>
  <text:p text:style-name="Paragraph">Sposta il cursore nella direzione opposta in ogni parte della finestra di <help:productname>%PRODUCTNAME</help:productname>.</text:p>
  </help:to-be-embedded><help:to-be-embedded Eid="aculeri">
  <text:p text:style-name="Head 3">Freccia a sinistra/a destra</text:p>
  <text:p text:style-name="Paragraph">Sposta il cursore sull&apos;elemento successivo a sinistra/a destra in una barra orizzontale</text:p>
  </help:to-be-embedded><help:to-be-embedded Eid="acuupdw">
  <text:p text:style-name="Head 3">Freccia in alto/in basso</text:p>
  <text:p text:style-name="Paragraph">Sposta il cursore sull&apos;elemento successivo in alto/in basso in una barra verticale</text:p>
  </help:to-be-embedded><help:to-be-embedded Eid="apos1">
  <text:p text:style-name="Head 3">(Home)</text:p>
  <text:p text:style-name="Paragraph">Attiva la prima voce</text:p>
  </help:to-be-embedded><help:to-be-embedded Eid="aend">
  <text:p text:style-name="Head 3">(End)</text:p>
  <text:p text:style-name="Paragraph">Attiva l&apos;ultima voce</text:p>
  </help:to-be-embedded><help:to-be-embedded Eid="acr">
  <text:p text:style-name="Head 3">(Invio)</text:p>
  <text:p text:style-name="Paragraph">Premete il tasto (Invio) per eseguire il comando associato al simbolo.</text:p>
  </help:to-be-embedded><help:to-be-embedded Eid="aesc">
  <text:p text:style-name="Head 3">(Esc)</text:p>
  <text:p text:style-name="Paragraph">Chiude un menu o una barra mobile.</text:p>
  </help:to-be-embedded>
  <text:p text:style-name="Head 2">Modificare i tasti di scelta rapida nella finestra di dialogo &quot;Adatta barra dei simboli&quot;</text:p>
  <text:p text:style-name="Head 3">Tasto +</text:p>
  <text:p text:style-name="Paragraph">Apre l&apos;elenco dei <text:span text:style-name="T1">Pulsanti disponibili</text:span> per una categoria di pulsanti.</text:p>
  <text:p text:style-name="Head 3">Tasto -</text:p>
  <text:p text:style-name="Paragraph">Chiude l&apos;elenco dei <text:span text:style-name="T1">Pulsanti disponibili</text:span> per una categoria di pulsanti.</text:p>
  <text:p text:style-name="Head 3">(Spazio)</text:p>
  <text:p text:style-name="Paragraph">Attiva/disattiva la visibilità dei pulsanti nella casella di riepilogo <text:span text:style-name="T1">Pulsanti utilizzati</text:span>.</text:p>
  <text:p text:style-name="Head 3">(Ins)</text:p>
  <text:p text:style-name="Paragraph">Aggiunge il simbolo selezionato nella casella di riepilogo di sinistra alla casella di riepilogo di destra.</text:p>
  <text:p text:style-name="Head 3">(Del)</text:p>
  <text:p text:style-name="Paragraph">Rimuove il simbolo selezionato dalla casella di riepilogo <text:span text:style-name="T1">Pulsanti utilizzati</text:span>.</text:p>
  <text:p text:style-name="Head 2">Selezionare righe e colonne in una tabella</text:p>
  <text:p text:style-name="Head 3">(Spazio)</text:p>
  <text:p text:style-name="Paragraph">Attiva/disattiva la selezione dalla riga, eccetto quando la riga è in modo modifica.</text:p>
  <text:p text:style-name="Head 3"><help:switch select="System"><help:case select ="MAC">(Comando)</help:case><help:default>(Ctrl)</help:default></help:switch> (Spazio)</text:p>
  <text:p text:style-name="Paragraph">Attiva/disattiva la selezione della riga</text:p>
  <text:p text:style-name="Head 3">(Maiusc) (Spazio)</text:p>
  <text:p text:style-name="Paragraph">Seleziona la colonna attiva</text:p>
  <a name="zeichenobjekt"/>
  <help:to-be-embedded Eid="zeichenobjekte">
  <text:p text:style-name="Head 2">Tasti di scelta rapida per gli oggetti di disegno</text:p>
  <text:p text:style-name="Head 3">Selezionate la barra dei simboli con (F6). Usate la freccia in alto e la freccia in basso per selezionare il simbolo desiderato e premete <help:switch select="System"><help:case select ="MAC">(Comando)</help:case><help:default>(Ctrl)</help:default></help:switch> (Invio).</text:p>
  <text:p text:style-name="Paragraph">Inserisce un oggetto di disegno</text:p>
  <text:p text:style-name="Head 3">Selezionate il documento con <help:switch select="System"><help:case select ="MAC">(Comando)</help:case><help:default>(Ctrl)</help:default></help:switch> (F6) e premete (Tab)</text:p>
  <text:p text:style-name="Paragraph">Seleziona un oggetto di disegno</text:p>
  <text:p text:style-name="Head 3">(Tab)</text:p>
  <text:p text:style-name="Paragraph">Seleziona l&apos;oggetto di disegno successivo</text:p>
  <text:p text:style-name="Head 3">(Maiusc) (Tab)</text:p>
  <text:p text:style-name="Paragraph">Seleziona l&apos;oggetto di disegno precedente</text:p>
  <text:p text:style-name="Head 3"><help:switch select="System"><help:case select ="MAC">(Comando)</help:case><help:default>(Ctrl)</help:default></help:switch> (Home)</text:p>
  <text:p text:style-name="Paragraph">Seleziona il primo oggetto di disegno</text:p>
  <text:p text:style-name="Head 3"><help:switch select="System"><help:case select ="MAC">(Comando)</help:case><help:default>(Ctrl)</help:default></help:switch> (End)</text:p>
  <text:p text:style-name="Paragraph">Seleziona l&apos;ultimo oggetto di disegno</text:p>
  <text:p text:style-name="Head 3">(Esc)</text:p>
  <text:p text:style-name="Paragraph">Termina la selezione degli oggetti di disegno</text:p>
  <text:p text:style-name="Head 3">(Esc) (in modo selezione maniglia)</text:p>
  <text:p text:style-name="Paragraph">Esce dal modo selezione maniglia e torna al modo selezione oggetto.</text:p>
  <text:p text:style-name="Head 3">Freccia in alto</text:p>
  <text:p text:style-name="Paragraph">Sposta in alto l&apos;oggetto di disegno selezionato</text:p>
  <text:p text:style-name="Head 3">Freccia in basso</text:p>
  <text:p text:style-name="Paragraph">Sposta in basso l&apos;oggetto di disegno selezionato</text:p>
  <text:p text:style-name="Head 3">Freccia a sinistra</text:p>
  <text:p text:style-name="Paragraph">Sposta a sinistra l&apos;oggetto di disegno selezionato</text:p>
  <text:p text:style-name="Head 3">Freccia a destra</text:p>
  <text:p text:style-name="Paragraph">Sposta a destra l&apos;oggetto di disegno selezionato</text:p>
  <text:p text:style-name="Head 3"><help:switch select="System"><help:case select ="MAC">(Opzione)</help:case><help:default>(Alt)</help:default></help:switch> (Freccia Su/Giù/Destra/Sinistra)</text:p>
  <text:p text:style-name="Paragraph">Sposta l&apos;oggetto di disegno selezionato di un pixel (in modo selezione)</text:p>
  <text:p text:style-name="Paragraph">Ridimensiona un oggetto di disegno (in modo selezione maniglia)</text:p>
  <text:p text:style-name="Paragraph">Ruota un oggetto di disegno (in modo rotazione)</text:p>
  <text:p text:style-name="Paragraph">Apre la finestra di proprietà per un oggetto di disegno</text:p>
  <text:p text:style-name="Paragraph">Attiva il modo selezione punti per l&apos;oggetto di disegno selezionato</text:p>
  <text:p text:style-name="Head 3">(Spazio)</text:p>
  <text:p text:style-name="Paragraph">Seleziona/deseleziona un punto di un oggetto di disegno (in modo selezione punti)</text:p>
  <text:p text:style-name="Paragraph">Il punto selezionato lampeggia ad intervalli di un secondo.</text:p>
  <text:p text:style-name="Head 3">(Maiusc) (Spazio)</text:p>
  <text:p text:style-name="Paragraph">Seleziona un punto aggiuntivo in modo selezione punti</text:p>
  <text:p text:style-name="Head 3"><help:switch select="System"><help:case select ="MAC">(Comando)</help:case><help:default>(Ctrl)</help:default></help:switch> (Tab)</text:p>
  <text:p text:style-name="Paragraph">Seleziona il punto successivo nell&apos;oggetto di disegno (in modo selezione punti)</text:p>
  <text:p text:style-name="Paragraph">In modo rotazione, potete selezionare anche il punto di rotazione.</text:p>
  <text:p text:style-name="Head 3">(Maiusc) <help:switch select="System"><help:case select ="MAC">(Comando)</help:case><help:default>(Ctrl)</help:default></help:switch> (Tab)</text:p>
  <text:p text:style-name="Paragraph">Seleziona il punto precedente nell&apos;oggetto di disegno (in modo selezione punti)</text:p>
  <text:p text:style-name="Head 3"><help:switch select="System"><help:case select ="MAC">(Comando)</help:case><help:default>(Ctrl)</help:default></help:switch> (Invio)</text:p>
  <text:p text:style-name="Paragraph">Inserisce un nuovo oggetto di disegno della dimensione standard al centro della vista attiva.</text:p>
  <text:p text:style-name="Head 3"><help:switch select="System"><help:case select ="MAC">(Comando)</help:case><help:default>(Ctrl)</help:default></help:switch> (Invio) sul simbolo Selezione</text:p>
  <text:p text:style-name="Paragraph">Attiva il primo oggetto di disegno nel documento.</text:p>
  <text:p text:style-name="Head 3">(Esc)</text:p>
  <text:p text:style-name="Paragraph">Esce dal modo selezione punti. L&apos;oggetto di disegno viene selezionato successivamente.</text:p>
  <text:p text:style-name="Paragraph">Permette di modificare un punto di un oggetto di disegno (in modo modifica punti)</text:p>
  <text:p text:style-name="Head 3">Freccia in alto/in basso/a destra/a sinistra</text:p>
  <text:p text:style-name="Paragraph">Sposta il punto selezionato (le funzioni di cattura alla griglia vengono temporaneamente disabilitate ma i punti estremi continuano ad attirarsi reciprocamente)</text:p>
  <text:p text:style-name="Head 3">Qualunque tasto alfanumerico</text:p>
  <text:p text:style-name="Paragraph">Se è selezionato un oggetto di disegno, attiva il modo modifica e posiziona il cursore alla fine del testo nell&apos;oggetto di disegno. Viene inserito un carattere stampabile.</text:p>
  </help:to-be-embedded>
  <text:p text:style-name="Head 2"><help:switch select="System"><help:case select ="UNIX">Tasti di scelta rapida per le finestre</help:case></help:switch></text:p>
  <text:p text:style-name="Head 3"><help:switch select="System"><help:case select ="UNIX">(F4) (tasto modificatore)</help:case></help:switch></text:p>
  <text:p text:style-name="Paragraph"><help:switch select="System"><help:case select ="UNIX">Ancora e sgancia la finestra attiva.</help:case></help:switch></text:p>
  <text:p text:style-name="ParaList"><help:embedded Id="65598" Eid="related"></help:embedded></text:p>
  <text:p text:style-name="ParaList"><help:embedded Id="68621" Eid="db_keys"></help:embedded></text:p>
  <text:p text:style-name="ParaList"><help:embedded Id="68612" Eid="keyboard"></help:embedded></text:p>
 </office:body>
</office:document>
