

<office:document  xmlns:office="http://openoffice.org/2000/office" xmlns:style="http://openoffice.org/2000/style" xmlns:text="http://openoffice.org/2000/text" xmlns:table="http://openoffice.org/2000/table" xmlns:draw="http://openoffice.org/2000/drawing" xmlns:fo="http://www.w3.org/1999/XSL/Format" xmlns:xlink="http://www.w3.org/1999/xlink" xmlns:number="http://openoffice.org/2000/datastyle" xmlns:svg="http://www.w3.org/2000/svg" xmlns:chart="http://openoffice.org/2000/chart" xmlns:dr3d="http://openoffice.org/2000/dr3d" xmlns:math="http://www.w3.org/1998/Math/MathML" xmlns:form="http://openoffice.org/2000/form" xmlns:script="http://openoffice.org/2000/script" office:class="text" office:version="1.0" xmlns:dc="http://purl.org/dc/elements/1.1/" xmlns:meta="http://openoffice.org/2000/meta" xmlns:help="http://openoffice.org/2000/help">
<office:meta>
  <dc:description>text/common/02/01170004</dc:description>
  <dc:subject>Indicaciones especiales para campos de control de tabla</dc:subject>

  <dc:language>es-ES</dc:language>
  <meta:user-defined meta:name="Info 0">READY</meta:user-defined>
  <meta:user-defined meta:name="Info 1">FREE_OK</meta:user-defined>
  <meta:user-defined meta:name="Info 2"/>
  <meta:user-defined meta:name="Info 3"/>
</office:meta>
 <office:script/>
 <office:font-decls>
  <style:font-decl style:name="StarSymbol" fo:font-family="StarSymbol" style:font-charset="x-symbol"/>
  <style:font-decl style:name="Courier New" fo:font-family="&apos;Courier New&apos;" style:font-style-name="Standard" style:font-family-generic="modern" style:font-pitch="fixed"/>
  <style:font-decl style:name="Courier" fo:font-family="Courier" style:font-family-generic="roman" style:font-pitch="fixed"/>
  <style:font-decl style:name="Arial Unicode MS" fo:font-family="&apos;Arial Unicode MS&apos;" style:font-pitch="variable"/>
  <style:font-decl style:name="HG Mincho Light J" fo:font-family="&apos;HG Mincho Light J&apos;" style:font-pitch="variable"/>
  <style:font-decl style:name="Times New Roman3" fo:font-family="&apos;Times New Roman&apos;" style:font-pitch="variable"/>
  <style:font-decl style:name="Thorndale" fo:font-family="Thorndale" style:font-family-generic="roman" style:font-pitch="variable"/>
  <style:font-decl style:name="Times New Roman2" fo:font-family="&apos;Times New Roman&apos;" style:font-style-name="Fett" style:font-family-generic="roman" style:font-pitch="variable"/>
  <style:font-decl style:name="Times New Roman" fo:font-family="&apos;Times New Roman&apos;" style:font-style-name="Standard" style:font-family-generic="roman" style:font-pitch="variable"/>
  <style:font-decl style:name="Times New Roman1" fo:font-family="&apos;Times New Roman&apos;" style:font-family-generic="swiss" style:font-pitch="variable"/>
 </office:font-decls>
 <office:automatic-styles>
  <style:style style:name="P1" style:family="paragraph" style:parent-style-name="Paragraph" style:master-page-name="HTML">
   <style:properties style:page-number="0"/>
  </style:style>
  <style:style style:name="P2" style:family="paragraph" style:parent-style-name="Paragraph" style:list-style-name="L1"/>
  <style:style style:name="T1" style:family="text">
   <style:properties fo:font-weight="bold"/>
  </style:style>
  <text:list-style style:name="L1">
   <text:list-level-style-number text:level="1" text:style-name="Numbering Symbols" style:num-suffix="." style:num-format="1">
    <style:properties text:min-label-width="0.499cm"/>
   </text:list-level-style-number>
   <text:list-level-style-number text:level="2" text:style-name="Numbering Symbols" style:num-suffix="." style:num-format="1">
    <style:properties text:space-before="0.501cm" text:min-label-width="0.499cm"/>
   </text:list-level-style-number>
   <text:list-level-style-number text:level="3" text:style-name="Numbering Symbols" style:num-suffix="." style:num-format="1">
    <style:properties text:space-before="1cm" text:min-label-width="0.499cm"/>
   </text:list-level-style-number>
   <text:list-level-style-number text:level="4" text:style-name="Numbering Symbols" style:num-suffix="." style:num-format="1">
    <style:properties text:space-before="1.501cm" text:min-label-width="0.499cm"/>
   </text:list-level-style-number>
   <text:list-level-style-number text:level="5" text:style-name="Numbering Symbols" style:num-suffix="." style:num-format="1">
    <style:properties text:space-before="2cm" text:min-label-width="0.499cm"/>
   </text:list-level-style-number>
   <text:list-level-style-number text:level="6" text:style-name="Numbering Symbols" style:num-suffix="." style:num-format="1">
    <style:properties text:space-before="2.501cm" text:min-label-width="0.499cm"/>
   </text:list-level-style-number>
   <text:list-level-style-number text:level="7" text:style-name="Numbering Symbols" style:num-suffix="." style:num-format="1">
    <style:properties text:space-before="3.001cm" text:min-label-width="0.499cm"/>
   </text:list-level-style-number>
   <text:list-level-style-number text:level="8" text:style-name="Numbering Symbols" style:num-suffix="." style:num-format="1">
    <style:properties text:space-before="3.502cm" text:min-label-width="0.499cm"/>
   </text:list-level-style-number>
   <text:list-level-style-number text:level="9" text:style-name="Numbering Symbols" style:num-suffix="." style:num-format="1">
    <style:properties text:space-before="4.001cm" text:min-label-width="0.499cm"/>
   </text:list-level-style-number>
   <text:list-level-style-number text:level="10" text:style-name="Numbering Symbols" style:num-suffix="." style:num-format="1">
    <style:properties text:space-before="4.502cm" text:min-label-width="0.499cm"/>
   </text:list-level-style-number>
  </text:list-style>
 </office:automatic-styles>
 <office:body>
  <text:variable-decls>
   <text:variable-decl text:value-type="string" text:name="HTML_ON"/>
   <text:variable-decl text:value-type="string" text:name="HTML_OFF"/>
   <text:variable-decl text:value-type="string" text:name="TITEL"/>
   <text:variable-decl text:value-type="string" text:name="END"/>
   <text:variable-decl text:value-type="string" text:name="HelpID"/>
   <text:variable-decl text:value-type="string" text:name="NAME"/>
   <text:variable-decl text:value-type="string" text:name="HREF"/>
   <text:variable-decl text:value-type="string" text:name="MODIFY"/>
   <text:variable-decl text:value-type="string" text:name="REFNR"/>
   <text:variable-decl text:value-type="string" text:name="AKTHLP"/>
   <text:variable-decl text:value-type="string" text:name="KEY"/>
   <text:variable-decl text:value-type="string" text:name="INDEX"/>
   <text:variable-decl text:value-type="string" text:name="MAC"/>
   <text:variable-decl text:value-type="string" text:name="ELSE"/>
   <text:variable-decl text:value-type="string" text:name="OS2"/>
   <text:variable-decl text:value-type="string" text:name="HFELD"/>
  </text:variable-decls>
  <text:sequence-decls>
   <text:sequence-decl text:display-outline-level="0" text:name="Illustration"/>
   <text:sequence-decl text:display-outline-level="0" text:name="Table"/>
   <text:sequence-decl text:display-outline-level="0" text:name="Text"/>
   <text:sequence-decl text:display-outline-level="0" text:name="Drawing"/>
  </text:sequence-decls>
  <text:p text:style-name="P1"/>
  <text:p text:style-name="Head 1"><help:key-word value="campos de control de tabla; propiedades" tag="kw65924_1"/><help:key-word value="campos de control; propiedades de campos de control de tabla" tag="kw65924_3"/>Indicaciones especiales para campos de control de tabla</text:p>
  <text:p text:style-name="Paragraph">Puede definir un control de tablas para la visualización de los registros como desee. En otras palabras, puede definir campos de datos para mostrar o editar datos igual que en un formulario de base de datos.</text:p>
  <text:p text:style-name="Paragraph">En un campo de control de tablas también son posibles los campos siguientes: campos de texto, fecha y moneda, campo numérico, campo enmascarado, casilla de verificación y cuadro combinado. Para los campos combinados de fecha y hora, se crean automáticamente dos columnas.</text:p>
  <text:p text:style-name="Paragraph">Detrás de la cantidad total de registros de datos se indica entre paréntesis la cantidad de filas seleccionadas siempre que haya alguna que lo esté.</text:p>
  <text:p text:style-name="Paragraph">Para insertar columnas en el control de tablas, pulse con el botón derecho en los títulos de columnas para abrir el menú contextual. Están disponibles las órdenes siguientes:</text:p>
  <text:p text:style-name="Head 2"><help:help-id value="SID_FM_INSERTCOL"/>Insertar columna</text:p>
  <text:p text:style-name="Paragraph"><help:help-text value="visible">Abre un submenú para seleccionar un campo de datos e incorporarlo al control de tablas.</help:help-text></text:p>
  <text:p text:style-name="Paragraph">Configure el control de tablas mediante la técnica de arrastrar y soltar: Abra el explorador de fuentes de datos y arrastre los campos deseados desde dicho explorador a los títulos de columnas del control de tablas. Se crea una columna preconfigurada.</text:p>
  <text:p text:style-name="Head 2"><help:help-id value="SID_FM_CHANGECOL"/>Reemplazar por</text:p>
  <text:p text:style-name="Paragraph"><help:help-text value="visible">Abre un submenú para la selección de un campo de datos que sustituya al campo seleccionado en el control de tablas.</help:help-text></text:p>
  <text:p text:style-name="Head 2"><help:help-id value="SID_FM_DELETECOL"/>Borrar columna</text:p>
  <text:p text:style-name="Paragraph"><help:help-text value="visible">Elimina la columna seleccionada actualmente.</help:help-text></text:p>
  <text:p text:style-name="Head 2">Columna...</text:p>
  <text:p text:style-name="Paragraph">Abre el diálogo Propiedades de la columna seleccionada.</text:p>
  <text:p text:style-name="Head 2"><help:help-id value="SID_FM_HIDECOL"/>Ocultar columna</text:p>
  <text:p text:style-name="Paragraph"><help:help-text value="visible">Oculta la columna seleccionada.</help:help-text> Sus propiedades no se modifican.</text:p>
  <text:p text:style-name="Head 2"><help:help-id value="SID_FM_SHOWCOLS"/>Mostrar columnas</text:p>
  <text:p text:style-name="Paragraph"><help:help-text value="visible">Abre un submenú en el que podrá volver a seleccionar las columnas que desee mostrar nuevamente.</help:help-text> Si sólo desea mostrar una columna, pulse sobre su nombre. Podrá ver sólo las primeras 16 columnas ocultas. Si hubieran más columnas ocultas, con el comando <text:span text:style-name="T1">Más</text:span> se abrirá el diálogo <text:span text:style-name="T1">Mostrar columnas</text:span>.</text:p>
  <text:p text:style-name="Head 3"><help:help-id value="SID_FM_SHOWCOLS_MORE"/>Más</text:p>
  <text:p text:style-name="Paragraph"><help:help-text value="visible">Abre el diálogo <text:span text:style-name="T1">Mostrar columnas</text:span>.</help:help-text></text:p>
  <text:p text:style-name="Paragraph"><help:help-id value="SVX_LISTBOX_RID_SVX_DLG_SHOWGRIDCOLUMNS_1"/><help:help-text value="visible">En el diálogo <text:span text:style-name="T1">Mostrar columnas</text:span> se pueden seleccionar las columnas que se deben mostrar. Mantenga pulsada la tecla Mayús o Control para seleccionar varias entradas.</help:help-text></text:p>
  <text:p text:style-name="Head 3"><help:help-id value="SID_FM_SHOWALLCOLS"/>Todos</text:p>
  <text:p text:style-name="Paragraph"><help:help-text value="visible">Pulse sobre <text:span text:style-name="T1">Todas</text:span> si desea que se muestren todas las columnas.</help:help-text></text:p>
  <text:p text:style-name="Head 2"><help:key-word value="controles de tablas; control sólo por teclado" tag="kw65924_2"/>Control sólo por teclado en controles de tablas</text:p>
  <text:p text:style-name="Paragraph">Si utiliza únicamente el teclado para desplazarse en los controles del documento, apreciará una diferencia respecto de otros tipos de campos de control: la tecla Tabulador no desplaza el cursor al campo de control siguiente, sino a la siguiente columna dentro del control de tablas. Pulse Control+Tabulador para ir al campo de control siguiente y Mayús+Control+Tabulador para ir al campo de control anterior.</text:p>
  <text:p text:style-name="Head 3">Para entrar en el modo de edición especial de sólo teclado para controles de tablas:</text:p>
  <text:p text:style-name="Paragraph">El documento de formulario debe estar en <help:link Id="66018">modo diseño</help:link>.</text:p>
  <text:ordered-list text:style-name="L1">
   <text:list-item>
    <text:p text:style-name="P2">Pulse Control+F6 para seleccionar el documento.</text:p>
   </text:list-item>
   <text:list-item>
    <text:p text:style-name="P2">Pulse Mayús+F5 para seleccionar el primer campo de control. Si el control de tablas no es el primer campo de control, pulse Tabulador hasta que se seleccione.</text:p>
   </text:list-item>
   <text:list-item>
    <text:p text:style-name="P2">Pulse Intro para entrar en el modo de edición. Las agarraderas se encuentran más allá del borde del campo de control.</text:p>
   </text:list-item>
   <text:list-item>
    <text:p text:style-name="P2">En modo de edición pulse Mayús+F10 para abrir el menú contextual del modo de edición.</text:p>
   </text:list-item>
   <text:list-item>
    <text:p text:style-name="P2">Si desea editar columnas, pulse Mayús+Espacio para entrar en el modo de edición de columnas. Ahora podrá alterar el orden de las columnas mediante las teclas Control+Flechas. La tecla Supr borra la columna actual.</text:p>
   </text:list-item>
   <text:list-item>
    <text:p text:style-name="P2">Pulse la tecla Esc para salir del modo de edición.</text:p>
   </text:list-item>
  </text:ordered-list>
 </office:body>
</office:document>
