

<office:document  xmlns:office="http://openoffice.org/2000/office" xmlns:style="http://openoffice.org/2000/style" xmlns:text="http://openoffice.org/2000/text" xmlns:table="http://openoffice.org/2000/table" xmlns:draw="http://openoffice.org/2000/drawing" xmlns:fo="http://www.w3.org/1999/XSL/Format" xmlns:xlink="http://www.w3.org/1999/xlink" xmlns:number="http://openoffice.org/2000/datastyle" xmlns:svg="http://www.w3.org/2000/svg" xmlns:chart="http://openoffice.org/2000/chart" xmlns:dr3d="http://openoffice.org/2000/dr3d" xmlns:math="http://www.w3.org/1998/Math/MathML" xmlns:form="http://openoffice.org/2000/form" xmlns:script="http://openoffice.org/2000/script" office:class="text" office:version="1.0" xmlns:dc="http://purl.org/dc/elements/1.1/" xmlns:meta="http://openoffice.org/2000/meta" xmlns:help="http://openoffice.org/2000/help">
<office:meta>
  <dc:description>text/common/02/01170103</dc:description>
  <dc:subject>Acciones</dc:subject>

  <dc:language>es-ES</dc:language>
  <meta:user-defined meta:name="Info 0">READY</meta:user-defined>
  <meta:user-defined meta:name="Info 1">FREE_OK</meta:user-defined>
  <meta:user-defined meta:name="Info 2"/>
  <meta:user-defined meta:name="Info 3"/>
</office:meta>
 <office:script/>
 <office:font-decls>
  <style:font-decl style:name="StarSymbol" fo:font-family="StarSymbol" style:font-charset="x-symbol"/>
  <style:font-decl style:name="Courier New" fo:font-family="&apos;Courier New&apos;" style:font-style-name="Standard" style:font-family-generic="modern" style:font-pitch="fixed"/>
  <style:font-decl style:name="Courier" fo:font-family="Courier" style:font-family-generic="roman" style:font-pitch="fixed"/>
  <style:font-decl style:name="Arial Unicode MS" fo:font-family="&apos;Arial Unicode MS&apos;" style:font-pitch="variable"/>
  <style:font-decl style:name="HG Mincho Light J" fo:font-family="&apos;HG Mincho Light J&apos;" style:font-pitch="variable"/>
  <style:font-decl style:name="Times New Roman3" fo:font-family="&apos;Times New Roman&apos;" style:font-pitch="variable"/>
  <style:font-decl style:name="Thorndale" fo:font-family="Thorndale" style:font-family-generic="roman" style:font-pitch="variable"/>
  <style:font-decl style:name="Times New Roman2" fo:font-family="&apos;Times New Roman&apos;" style:font-style-name="Fett" style:font-family-generic="roman" style:font-pitch="variable"/>
  <style:font-decl style:name="Times New Roman" fo:font-family="&apos;Times New Roman&apos;" style:font-style-name="Standard" style:font-family-generic="roman" style:font-pitch="variable"/>
  <style:font-decl style:name="Times New Roman1" fo:font-family="&apos;Times New Roman&apos;" style:font-family-generic="swiss" style:font-pitch="variable"/>
 </office:font-decls>
 <office:automatic-styles>
  <style:style style:name="P1" style:family="paragraph" style:parent-style-name="Paragraph" style:master-page-name="HTML">
   <style:properties style:page-number="0"/>
  </style:style>
  <style:style style:name="T1" style:family="text">
   <style:properties fo:font-weight="bold"/>
  </style:style>
 </office:automatic-styles>
 <office:body>
  <text:variable-decls>
   <text:variable-decl text:value-type="string" text:name="HTML_ON"/>
   <text:variable-decl text:value-type="string" text:name="HTML_OFF"/>
   <text:variable-decl text:value-type="string" text:name="TITEL"/>
   <text:variable-decl text:value-type="string" text:name="END"/>
   <text:variable-decl text:value-type="string" text:name="HelpID"/>
   <text:variable-decl text:value-type="string" text:name="NAME"/>
   <text:variable-decl text:value-type="string" text:name="HREF"/>
   <text:variable-decl text:value-type="string" text:name="MODIFY"/>
   <text:variable-decl text:value-type="string" text:name="REFNR"/>
   <text:variable-decl text:value-type="string" text:name="OS2"/>
   <text:variable-decl text:value-type="string" text:name="ELSE"/>
   <text:variable-decl text:value-type="string" text:name="INDEX"/>
   <text:variable-decl text:value-type="string" text:name="KEY"/>
   <text:variable-decl text:value-type="string" text:name="AKTHLP"/>
   <text:variable-decl text:value-type="string" text:name="HFELD"/>
   <text:variable-decl text:value-type="string" text:name="STYLE"/>
  </text:variable-decls>
  <text:sequence-decls>
   <text:sequence-decl text:display-outline-level="0" text:name="Illustration"/>
   <text:sequence-decl text:display-outline-level="0" text:name="Table"/>
   <text:sequence-decl text:display-outline-level="0" text:name="Text"/>
   <text:sequence-decl text:display-outline-level="0" text:name="Drawing"/>
  </text:sequence-decls>
  <help:to-be-embedded Eid="ereignisse">
  <text:p text:style-name="Head 1"><help:key-word value="campos de control; acciones" tag="kw65940_1"/><help:key-word value="acciones; campos de control" tag="kw65940_3"/><help:key-word value="macros; campos de control" tag="kw65940_2"/><help:link Id="65940">Acciones</help:link></text:p>
  <text:p text:style-name="Paragraph">En la pestaña <text:span text:style-name="T1">Acciones </text:span><text:s/>se pueden vincular macros con acciones que tienen lugar en los campos de control del formulario.</text:p>
  </help:to-be-embedded>
  <text:p text:style-name="Paragraph">Cuando la acción tenga lugar se llamará a la macro vinculada. Para asignar una macro a una acción pulse el botón <text:span text:style-name="T1">...</text:span>. Se abrirá el diálogo <help:switch select="Program"><help:case select="WRITER"><help:link Id="67665">Asignar macro</help:link></help:case><help:default></help:default></help:switch>.</text:p>
  <help:popup Id="65594" Eid="controleigenschaftenereignisse"><help:embedded Id="65598" Eid="wie"></help:embedded></help:popup>
  <text:p text:style-name="Paragraph">Hay distintas acciones disponibles en función del campo de control. En la pestaña <text:span text:style-name="T1">Acciones</text:span> se muestran únicamente las acciones disponibles para el campo de control y contexto seleccionados. Están definidas las siguientes acciones:</text:p>
  <text:p text:style-name="Head 2"><help:help-id value="HID_EVT_APPROVEACTIONPERFORMED"/>Antes de ejecutar</text:p>
  <text:p text:style-name="Paragraph"><help:help-text value="visible">Esta acción tiene lugar antes de que una acción se ejecute con una pulsación del control.</help:help-text> Por ejemplo, una pulsación en un botón &quot;Enviar&quot; inicia una acción de envío; sin embargo, el proceso real de &quot;envío&quot; sólo se inicia cuando se produce la acción <text:span text:style-name="T1">Al ejecutar</text:span>. La acción <text:span text:style-name="T1">Antes de ejecutar</text:span> permite abortar el proceso antes de que tenga lugar. Si el método vinculado envía FALSO, <text:span text:style-name="T1">Al ejecutar</text:span> no se ejecuta.</text:p>
  <text:p text:style-name="Head 2"><help:help-id value="HID_EVT_ACTIONPERFORMED"/>Al ejecutar</text:p>
  <text:p text:style-name="Paragraph"><help:help-text value="visible">La acción<text:span text:style-name="T1"> Al ejecutar </text:span>se produce cuando se inicia una acción.</help:help-text> Por ejemplo, si tiene un botón &quot;Enviar&quot; en el formulario, el proceso de envío representa la acción que va a iniciarse.</text:p>
  <text:p text:style-name="Head 2"><help:help-id value="HID_EVT_CHANGED"/>Modificado</text:p>
  <text:p text:style-name="Paragraph"><help:help-text value="visible">La acción <text:span text:style-name="T1">Modificado </text:span>tiene lugar cuando el campo de control pierde el foco y su contenido se ha modificado ya que el campo ha perdido el foco.</help:help-text></text:p>
  <text:p text:style-name="Head 2"><help:help-id value="HID_EVT_TEXTCHANGED"/>Texto modificado</text:p>
  <text:p text:style-name="Paragraph"><help:help-text value="visible">La acción<text:span text:style-name="T1"> Texto modificado </text:span>se produce si se indica o se modifica un texto en un campo de entrada.</help:help-text></text:p>
  <text:p text:style-name="Head 2"><help:help-id value="HID_EVT_ITEMSTATECHANGED"/>Estado modificado</text:p>
  <text:p text:style-name="Paragraph"><help:help-text value="hide">La acción <text:span text:style-name="T1">Estado modificado</text:span> tiene lugar si se modifica el estado del campo de control.</help:help-text>La acción <text:span text:style-name="T1">Estado modificado</text:span> tiene lugar si se modifica el estado del campo de control.</text:p>
  <text:p text:style-name="Head 2"><help:help-id value="HID_EVT_FOCUSGAINED"/>Recepción de foco</text:p>
  <text:p text:style-name="Paragraph"><help:help-text value="visible">La acción <text:span text:style-name="T1">Recepción de foco</text:span>tiene lugar cuando un campo de control recibe el foco.</help:help-text></text:p>
  <text:p text:style-name="Head 2"><help:help-id value="HID_EVT_FOCUSLOST"/>Pérdida de foco</text:p>
  <text:p text:style-name="Paragraph"><help:help-text value="visible">La acción<text:span text:style-name="T1"> Al perder el foco </text:span>se produce cuando un campo de control pierde el foco.</help:help-text></text:p>
  <text:p text:style-name="Head 2"><help:help-id value="HID_EVT_KEYTYPED"/>Tecla pulsada</text:p>
  <text:p text:style-name="Paragraph"><help:help-text value="visible">La acción <text:span text:style-name="T1">Tecla pulsada</text:span> tiene lugar cuando el usuario pulsa cualquier tecla mientras el foco está en el campo de control.</help:help-text> Esta acción puede ir vinculada a una macro para comprobar entradas.</text:p>
  <text:p text:style-name="Head 2"><help:help-id value="HID_EVT_KEYUP"/>Tecla suelta</text:p>
  <text:p text:style-name="Paragraph"><help:help-text value="visible">La acción <text:span text:style-name="T1">Después de haber pulsado la tecla</text:span> tiene lugar cuando el usuario suelta cualquier tecla mientras el foco está en el campo de control.</help:help-text></text:p>
  <text:p text:style-name="Head 2"><help:help-id value="HID_EVT_MOUSEENTERED"/>Ratón dentro</text:p>
  <text:p text:style-name="Paragraph"><help:help-text value="visible">La acción<text:span text:style-name="T1"> Ratón dentro </text:span>tiene lugar si el ratón se encuentra en el interior del campo de control.</help:help-text></text:p>
  <text:p text:style-name="Head 2"><help:help-id value="HID_EVT_MOUSEDRAGGED"/>Mover ratón por medio del teclado</text:p>
  <text:p text:style-name="Paragraph"><help:help-text value="visible">La acción <text:span text:style-name="T1">Mover ratón por medio del teclado </text:span>tiene lugar si se arrastra el ratón mientras una tecla está pulsada.</help:help-text> Un ejemplo de ello es cuando, durante una operación de arrastrar y colocar, una tecla adicional determina el modo (mover o copiar).</text:p>
  <text:p text:style-name="Head 2"><help:help-id value="HID_EVT_MOUSEMOVED"/>Movimiento de ratón</text:p>
  <text:p text:style-name="Paragraph"><help:help-text value="visible">La acción <text:span text:style-name="T1">Movimiento de ratón </text:span>tiene lugar si el ratón se mueve sobre el campo de control.</help:help-text></text:p>
  <text:p text:style-name="Head 2"><help:help-id value="HID_EVT_MOUSEPRESSED"/>Botón de ratón pulsado</text:p>
  <text:p text:style-name="Paragraph"><help:help-text value="visible">La acción <text:span text:style-name="T1">Botón del ratón pulsado</text:span>tiene lugar si se pulsa el botón del ratón mientras el puntero del ratón se encuentra sobre el campo de control.</help:help-text></text:p>
  <text:p text:style-name="Head 2"><help:help-id value="HID_EVT_MOUSERELEASED"/>Botón del ratón suelto</text:p>
  <text:p text:style-name="Paragraph"><help:help-text value="visible">La acción <text:span text:style-name="T1">Botón del ratón soltado </text:span>tiene lugar si se suelta el botón del ratón mientras el puntero del ratón se encuentra sobre el campo de control.</help:help-text></text:p>
  <text:p text:style-name="Head 2"><help:help-id value="HID_EVT_MOUSEEXITED"/>Ratón fuera</text:p>
  <text:p text:style-name="Paragraph"><help:help-text value="visible">La acción<text:span text:style-name="T1"> Ratón fuera </text:span>tiene lugar si el ratón se encuentra fuera del campo de control.</help:help-text></text:p>
  <help:embedded Id="65913" Eid="reset_update"></help:embedded>
 </office:body>
</office:document>
