

<office:document  xmlns:office="http://openoffice.org/2000/office" xmlns:style="http://openoffice.org/2000/style" xmlns:text="http://openoffice.org/2000/text" xmlns:table="http://openoffice.org/2000/table" xmlns:draw="http://openoffice.org/2000/drawing" xmlns:fo="http://www.w3.org/1999/XSL/Format" xmlns:xlink="http://www.w3.org/1999/xlink" xmlns:number="http://openoffice.org/2000/datastyle" xmlns:svg="http://www.w3.org/2000/svg" xmlns:chart="http://openoffice.org/2000/chart" xmlns:dr3d="http://openoffice.org/2000/dr3d" xmlns:math="http://www.w3.org/1998/Math/MathML" xmlns:form="http://openoffice.org/2000/form" xmlns:script="http://openoffice.org/2000/script" office:class="text" office:version="1.0" xmlns:dc="http://purl.org/dc/elements/1.1/" xmlns:meta="http://openoffice.org/2000/meta" xmlns:help="http://openoffice.org/2000/help">
<office:meta>
  <dc:description>text/common/02/01170202</dc:description>
  <dc:subject>Acontecimientos</dc:subject>

  <dc:language>es-ES</dc:language>
  <meta:user-defined meta:name="Info 0">READY</meta:user-defined>
  <meta:user-defined meta:name="Info 1">FREE_OK</meta:user-defined>
  <meta:user-defined meta:name="Info 2"/>
  <meta:user-defined meta:name="Info 3"/>
</office:meta>
 <office:script/>
 <office:font-decls>
  <style:font-decl style:name="StarSymbol" fo:font-family="StarSymbol" style:font-charset="x-symbol"/>
  <style:font-decl style:name="Courier New" fo:font-family="&apos;Courier New&apos;" style:font-style-name="Standard" style:font-family-generic="modern" style:font-pitch="fixed"/>
  <style:font-decl style:name="Courier" fo:font-family="Courier" style:font-family-generic="roman" style:font-pitch="fixed"/>
  <style:font-decl style:name="Arial Unicode MS" fo:font-family="&apos;Arial Unicode MS&apos;" style:font-pitch="variable"/>
  <style:font-decl style:name="HG Mincho Light J" fo:font-family="&apos;HG Mincho Light J&apos;" style:font-pitch="variable"/>
  <style:font-decl style:name="Times New Roman3" fo:font-family="&apos;Times New Roman&apos;" style:font-pitch="variable"/>
  <style:font-decl style:name="Thorndale" fo:font-family="Thorndale" style:font-family-generic="roman" style:font-pitch="variable"/>
  <style:font-decl style:name="Times New Roman2" fo:font-family="&apos;Times New Roman&apos;" style:font-style-name="Fett" style:font-family-generic="roman" style:font-pitch="variable"/>
  <style:font-decl style:name="Times New Roman" fo:font-family="&apos;Times New Roman&apos;" style:font-style-name="Standard" style:font-family-generic="roman" style:font-pitch="variable"/>
  <style:font-decl style:name="Times New Roman1" fo:font-family="&apos;Times New Roman&apos;" style:font-family-generic="swiss" style:font-pitch="variable"/>
 </office:font-decls>
 <office:automatic-styles>
  <style:style style:name="P1" style:family="paragraph" style:parent-style-name="Paragraph" style:master-page-name="HTML">
   <style:properties style:page-number="0"/>
  </style:style>
  <style:style style:name="P2" style:family="paragraph" style:parent-style-name="Paragraph" style:list-style-name="L1"/>
  <style:style style:name="P3" style:family="paragraph" style:parent-style-name="Paragraph" style:list-style-name="L2"/>
  <style:style style:name="P4" style:family="paragraph" style:parent-style-name="Paragraph" style:list-style-name="L3"/>
  <style:style style:name="P5" style:family="paragraph" style:parent-style-name="Paragraph" style:list-style-name="L4"/>
  <style:style style:name="P6" style:family="paragraph" style:parent-style-name="Paragraph" style:list-style-name="L5"/>
  <style:style style:name="T1" style:family="text">
   <style:properties fo:font-weight="bold"/>
  </style:style>
  <text:list-style style:name="L1">
   <text:list-level-style-bullet text:level="1" text:style-name="Bullet Symbols" style:num-suffix="." text:bullet-char="•">
    <style:properties text:min-label-width="0.499cm" style:font-name="StarSymbol"/>
   </text:list-level-style-bullet>
   <text:list-level-style-bullet text:level="2" text:style-name="Bullet Symbols" style:num-suffix="." text:bullet-char="•">
    <style:properties text:space-before="0.499cm" text:min-label-width="0.499cm" style:font-name="StarSymbol"/>
   </text:list-level-style-bullet>
   <text:list-level-style-bullet text:level="3" text:style-name="Bullet Symbols" style:num-suffix="." text:bullet-char="•">
    <style:properties text:space-before="0.999cm" text:min-label-width="0.499cm" style:font-name="StarSymbol"/>
   </text:list-level-style-bullet>
   <text:list-level-style-bullet text:level="4" text:style-name="Bullet Symbols" style:num-suffix="." text:bullet-char="•">
    <style:properties text:space-before="1.498cm" text:min-label-width="0.499cm" style:font-name="StarSymbol"/>
   </text:list-level-style-bullet>
   <text:list-level-style-bullet text:level="5" text:style-name="Bullet Symbols" style:num-suffix="." text:bullet-char="•">
    <style:properties text:space-before="1.997cm" text:min-label-width="0.499cm" style:font-name="StarSymbol"/>
   </text:list-level-style-bullet>
   <text:list-level-style-bullet text:level="6" text:style-name="Bullet Symbols" style:num-suffix="." text:bullet-char="•">
    <style:properties text:space-before="2.496cm" text:min-label-width="0.499cm" style:font-name="StarSymbol"/>
   </text:list-level-style-bullet>
   <text:list-level-style-bullet text:level="7" text:style-name="Bullet Symbols" style:num-suffix="." text:bullet-char="•">
    <style:properties text:space-before="2.995cm" text:min-label-width="0.499cm" style:font-name="StarSymbol"/>
   </text:list-level-style-bullet>
   <text:list-level-style-bullet text:level="8" text:style-name="Bullet Symbols" style:num-suffix="." text:bullet-char="•">
    <style:properties text:space-before="3.494cm" text:min-label-width="0.499cm" style:font-name="StarSymbol"/>
   </text:list-level-style-bullet>
   <text:list-level-style-bullet text:level="9" text:style-name="Bullet Symbols" style:num-suffix="." text:bullet-char="•">
    <style:properties text:space-before="3.994cm" text:min-label-width="0.499cm" style:font-name="StarSymbol"/>
   </text:list-level-style-bullet>
   <text:list-level-style-bullet text:level="10" text:style-name="Bullet Symbols" style:num-suffix="." text:bullet-char="•">
    <style:properties text:space-before="4.493cm" text:min-label-width="0.499cm" style:font-name="StarSymbol"/>
   </text:list-level-style-bullet>
  </text:list-style>
  <text:list-style style:name="L2">
   <text:list-level-style-bullet text:level="1" text:style-name="Bullet Symbols" style:num-suffix="." text:bullet-char="•">
    <style:properties text:min-label-width="0.499cm" style:font-name="StarSymbol"/>
   </text:list-level-style-bullet>
   <text:list-level-style-bullet text:level="2" text:style-name="Bullet Symbols" style:num-suffix="." text:bullet-char="•">
    <style:properties text:space-before="0.499cm" text:min-label-width="0.499cm" style:font-name="StarSymbol"/>
   </text:list-level-style-bullet>
   <text:list-level-style-bullet text:level="3" text:style-name="Bullet Symbols" style:num-suffix="." text:bullet-char="•">
    <style:properties text:space-before="0.999cm" text:min-label-width="0.499cm" style:font-name="StarSymbol"/>
   </text:list-level-style-bullet>
   <text:list-level-style-bullet text:level="4" text:style-name="Bullet Symbols" style:num-suffix="." text:bullet-char="•">
    <style:properties text:space-before="1.498cm" text:min-label-width="0.499cm" style:font-name="StarSymbol"/>
   </text:list-level-style-bullet>
   <text:list-level-style-bullet text:level="5" text:style-name="Bullet Symbols" style:num-suffix="." text:bullet-char="•">
    <style:properties text:space-before="1.997cm" text:min-label-width="0.499cm" style:font-name="StarSymbol"/>
   </text:list-level-style-bullet>
   <text:list-level-style-bullet text:level="6" text:style-name="Bullet Symbols" style:num-suffix="." text:bullet-char="•">
    <style:properties text:space-before="2.496cm" text:min-label-width="0.499cm" style:font-name="StarSymbol"/>
   </text:list-level-style-bullet>
   <text:list-level-style-bullet text:level="7" text:style-name="Bullet Symbols" style:num-suffix="." text:bullet-char="•">
    <style:properties text:space-before="2.995cm" text:min-label-width="0.499cm" style:font-name="StarSymbol"/>
   </text:list-level-style-bullet>
   <text:list-level-style-bullet text:level="8" text:style-name="Bullet Symbols" style:num-suffix="." text:bullet-char="•">
    <style:properties text:space-before="3.494cm" text:min-label-width="0.499cm" style:font-name="StarSymbol"/>
   </text:list-level-style-bullet>
   <text:list-level-style-bullet text:level="9" text:style-name="Bullet Symbols" style:num-suffix="." text:bullet-char="•">
    <style:properties text:space-before="3.994cm" text:min-label-width="0.499cm" style:font-name="StarSymbol"/>
   </text:list-level-style-bullet>
   <text:list-level-style-bullet text:level="10" text:style-name="Bullet Symbols" style:num-suffix="." text:bullet-char="•">
    <style:properties text:space-before="4.493cm" text:min-label-width="0.499cm" style:font-name="StarSymbol"/>
   </text:list-level-style-bullet>
  </text:list-style>
  <text:list-style style:name="L3">
   <text:list-level-style-bullet text:level="1" text:style-name="Bullet Symbols" style:num-suffix="." text:bullet-char="•">
    <style:properties text:min-label-width="0.499cm" style:font-name="StarSymbol"/>
   </text:list-level-style-bullet>
   <text:list-level-style-bullet text:level="2" text:style-name="Bullet Symbols" style:num-suffix="." text:bullet-char="•">
    <style:properties text:space-before="0.499cm" text:min-label-width="0.499cm" style:font-name="StarSymbol"/>
   </text:list-level-style-bullet>
   <text:list-level-style-bullet text:level="3" text:style-name="Bullet Symbols" style:num-suffix="." text:bullet-char="•">
    <style:properties text:space-before="0.999cm" text:min-label-width="0.499cm" style:font-name="StarSymbol"/>
   </text:list-level-style-bullet>
   <text:list-level-style-bullet text:level="4" text:style-name="Bullet Symbols" style:num-suffix="." text:bullet-char="•">
    <style:properties text:space-before="1.498cm" text:min-label-width="0.499cm" style:font-name="StarSymbol"/>
   </text:list-level-style-bullet>
   <text:list-level-style-bullet text:level="5" text:style-name="Bullet Symbols" style:num-suffix="." text:bullet-char="•">
    <style:properties text:space-before="1.997cm" text:min-label-width="0.499cm" style:font-name="StarSymbol"/>
   </text:list-level-style-bullet>
   <text:list-level-style-bullet text:level="6" text:style-name="Bullet Symbols" style:num-suffix="." text:bullet-char="•">
    <style:properties text:space-before="2.496cm" text:min-label-width="0.499cm" style:font-name="StarSymbol"/>
   </text:list-level-style-bullet>
   <text:list-level-style-bullet text:level="7" text:style-name="Bullet Symbols" style:num-suffix="." text:bullet-char="•">
    <style:properties text:space-before="2.995cm" text:min-label-width="0.499cm" style:font-name="StarSymbol"/>
   </text:list-level-style-bullet>
   <text:list-level-style-bullet text:level="8" text:style-name="Bullet Symbols" style:num-suffix="." text:bullet-char="•">
    <style:properties text:space-before="3.494cm" text:min-label-width="0.499cm" style:font-name="StarSymbol"/>
   </text:list-level-style-bullet>
   <text:list-level-style-bullet text:level="9" text:style-name="Bullet Symbols" style:num-suffix="." text:bullet-char="•">
    <style:properties text:space-before="3.994cm" text:min-label-width="0.499cm" style:font-name="StarSymbol"/>
   </text:list-level-style-bullet>
   <text:list-level-style-bullet text:level="10" text:style-name="Bullet Symbols" style:num-suffix="." text:bullet-char="•">
    <style:properties text:space-before="4.493cm" text:min-label-width="0.499cm" style:font-name="StarSymbol"/>
   </text:list-level-style-bullet>
  </text:list-style>
  <text:list-style style:name="L4">
   <text:list-level-style-bullet text:level="1" text:style-name="Bullet Symbols" style:num-suffix="." text:bullet-char="•">
    <style:properties text:min-label-width="0.499cm" style:font-name="StarSymbol"/>
   </text:list-level-style-bullet>
   <text:list-level-style-bullet text:level="2" text:style-name="Bullet Symbols" style:num-suffix="." text:bullet-char="•">
    <style:properties text:space-before="0.499cm" text:min-label-width="0.499cm" style:font-name="StarSymbol"/>
   </text:list-level-style-bullet>
   <text:list-level-style-bullet text:level="3" text:style-name="Bullet Symbols" style:num-suffix="." text:bullet-char="•">
    <style:properties text:space-before="0.999cm" text:min-label-width="0.499cm" style:font-name="StarSymbol"/>
   </text:list-level-style-bullet>
   <text:list-level-style-bullet text:level="4" text:style-name="Bullet Symbols" style:num-suffix="." text:bullet-char="•">
    <style:properties text:space-before="1.498cm" text:min-label-width="0.499cm" style:font-name="StarSymbol"/>
   </text:list-level-style-bullet>
   <text:list-level-style-bullet text:level="5" text:style-name="Bullet Symbols" style:num-suffix="." text:bullet-char="•">
    <style:properties text:space-before="1.997cm" text:min-label-width="0.499cm" style:font-name="StarSymbol"/>
   </text:list-level-style-bullet>
   <text:list-level-style-bullet text:level="6" text:style-name="Bullet Symbols" style:num-suffix="." text:bullet-char="•">
    <style:properties text:space-before="2.496cm" text:min-label-width="0.499cm" style:font-name="StarSymbol"/>
   </text:list-level-style-bullet>
   <text:list-level-style-bullet text:level="7" text:style-name="Bullet Symbols" style:num-suffix="." text:bullet-char="•">
    <style:properties text:space-before="2.995cm" text:min-label-width="0.499cm" style:font-name="StarSymbol"/>
   </text:list-level-style-bullet>
   <text:list-level-style-bullet text:level="8" text:style-name="Bullet Symbols" style:num-suffix="." text:bullet-char="•">
    <style:properties text:space-before="3.494cm" text:min-label-width="0.499cm" style:font-name="StarSymbol"/>
   </text:list-level-style-bullet>
   <text:list-level-style-bullet text:level="9" text:style-name="Bullet Symbols" style:num-suffix="." text:bullet-char="•">
    <style:properties text:space-before="3.994cm" text:min-label-width="0.499cm" style:font-name="StarSymbol"/>
   </text:list-level-style-bullet>
   <text:list-level-style-bullet text:level="10" text:style-name="Bullet Symbols" style:num-suffix="." text:bullet-char="•">
    <style:properties text:space-before="4.493cm" text:min-label-width="0.499cm" style:font-name="StarSymbol"/>
   </text:list-level-style-bullet>
  </text:list-style>
  <text:list-style style:name="L5">
   <text:list-level-style-bullet text:level="1" text:style-name="Bullet Symbols" style:num-suffix="." text:bullet-char="•">
    <style:properties text:min-label-width="0.499cm" style:font-name="StarSymbol"/>
   </text:list-level-style-bullet>
   <text:list-level-style-bullet text:level="2" text:style-name="Bullet Symbols" style:num-suffix="." text:bullet-char="•">
    <style:properties text:space-before="0.499cm" text:min-label-width="0.499cm" style:font-name="StarSymbol"/>
   </text:list-level-style-bullet>
   <text:list-level-style-bullet text:level="3" text:style-name="Bullet Symbols" style:num-suffix="." text:bullet-char="•">
    <style:properties text:space-before="0.999cm" text:min-label-width="0.499cm" style:font-name="StarSymbol"/>
   </text:list-level-style-bullet>
   <text:list-level-style-bullet text:level="4" text:style-name="Bullet Symbols" style:num-suffix="." text:bullet-char="•">
    <style:properties text:space-before="1.498cm" text:min-label-width="0.499cm" style:font-name="StarSymbol"/>
   </text:list-level-style-bullet>
   <text:list-level-style-bullet text:level="5" text:style-name="Bullet Symbols" style:num-suffix="." text:bullet-char="•">
    <style:properties text:space-before="1.997cm" text:min-label-width="0.499cm" style:font-name="StarSymbol"/>
   </text:list-level-style-bullet>
   <text:list-level-style-bullet text:level="6" text:style-name="Bullet Symbols" style:num-suffix="." text:bullet-char="•">
    <style:properties text:space-before="2.496cm" text:min-label-width="0.499cm" style:font-name="StarSymbol"/>
   </text:list-level-style-bullet>
   <text:list-level-style-bullet text:level="7" text:style-name="Bullet Symbols" style:num-suffix="." text:bullet-char="•">
    <style:properties text:space-before="2.995cm" text:min-label-width="0.499cm" style:font-name="StarSymbol"/>
   </text:list-level-style-bullet>
   <text:list-level-style-bullet text:level="8" text:style-name="Bullet Symbols" style:num-suffix="." text:bullet-char="•">
    <style:properties text:space-before="3.494cm" text:min-label-width="0.499cm" style:font-name="StarSymbol"/>
   </text:list-level-style-bullet>
   <text:list-level-style-bullet text:level="9" text:style-name="Bullet Symbols" style:num-suffix="." text:bullet-char="•">
    <style:properties text:space-before="3.994cm" text:min-label-width="0.499cm" style:font-name="StarSymbol"/>
   </text:list-level-style-bullet>
   <text:list-level-style-bullet text:level="10" text:style-name="Bullet Symbols" style:num-suffix="." text:bullet-char="•">
    <style:properties text:space-before="4.493cm" text:min-label-width="0.499cm" style:font-name="StarSymbol"/>
   </text:list-level-style-bullet>
  </text:list-style>
 </office:automatic-styles>
 <office:body>
  <text:variable-decls>
   <text:variable-decl text:value-type="string" text:name="HTML_ON"/>
   <text:variable-decl text:value-type="string" text:name="HTML_OFF"/>
   <text:variable-decl text:value-type="string" text:name="TITEL"/>
   <text:variable-decl text:value-type="string" text:name="END"/>
   <text:variable-decl text:value-type="string" text:name="HelpID"/>
   <text:variable-decl text:value-type="string" text:name="NAME"/>
   <text:variable-decl text:value-type="string" text:name="HREF"/>
   <text:variable-decl text:value-type="string" text:name="MODIFY"/>
   <text:variable-decl text:value-type="string" text:name="REFNR"/>
   <text:variable-decl text:value-type="string" text:name="OS2"/>
   <text:variable-decl text:value-type="string" text:name="ELSE"/>
   <text:variable-decl text:value-type="string" text:name="INDEX"/>
   <text:variable-decl text:value-type="string" text:name="KEY"/>
   <text:variable-decl text:value-type="string" text:name="AKTHLP"/>
   <text:variable-decl text:value-type="string" text:name="STYLE"/>
  </text:variable-decls>
  <text:sequence-decls>
   <text:sequence-decl text:display-outline-level="0" text:name="Illustration"/>
   <text:sequence-decl text:display-outline-level="0" text:name="Table"/>
   <text:sequence-decl text:display-outline-level="0" text:name="Text"/>
   <text:sequence-decl text:display-outline-level="0" text:name="Drawing"/>
  </text:sequence-decls>
  <help:to-be-embedded Eid="ereignisse">
  <text:p text:style-name="Head 1"><help:key-word value="Formulario; acontecimiento" tag="kw65913_1"/><help:key-word value="Acontecimiento; formulario" tag="kw65913_2"/><help:link Id="65913">Acontecimientos</help:link></text:p>
  <text:p text:style-name="Paragraph">La pestaña <text:span text:style-name="T1">Acciones </text:span>permite asignar una macro a ciertas acciones asociadas a un formulario.</text:p>
  </help:to-be-embedded>
  <help:popup Id="65594" Eid="formulareigenschaftenereignisse"><help:embedded Id="65598" Eid="wie"></help:embedded></help:popup>
  <text:p text:style-name="Paragraph">Un subformulario reacciona también a los acontecimientos a los que reaccione el formulario principal.</text:p>
  <text:p text:style-name="Paragraph">Para vincular una acción con una macro, escriba en primer lugar una macro que contenga todas las órdenes que deben ejecutarse cuando la acción tenga lugar. Asigne a continuación dicha macro a la acción pulsando el botón <text:span text:style-name="T1">... </text:span>que aparece junto a la acción correspondiente. Se abre el diálogo <text:span text:style-name="T1">Asignar macro</text:span> que permite seleccionar la macro.</text:p>
  <text:p text:style-name="Paragraph">El usuario puede configurar libremente las acciones siguientes, es decir, puede usar sus diálogos propios para representar una acción:</text:p>
  <text:unordered-list text:style-name="L1">
   <text:list-item>
    <text:p text:style-name="P2">Mostrar un mensaje de error,</text:p>
   </text:list-item>
  </text:unordered-list>
  <text:unordered-list text:style-name="L2">
   <text:list-item>
    <text:p text:style-name="P3">Confirmar un proceso de eliminación (de registros de datos),</text:p>
   </text:list-item>
  </text:unordered-list>
  <text:unordered-list text:style-name="L3">
   <text:list-item>
    <text:p text:style-name="P4">Consulta de parámetros,</text:p>
   </text:list-item>
  </text:unordered-list>
  <text:unordered-list text:style-name="L4">
   <text:list-item>
    <text:p text:style-name="P5">así como comprobar las entradas al guardar un registro.</text:p>
   </text:list-item>
  </text:unordered-list>
  <text:p text:style-name="Paragraph">Por ejemplo, es posible crear una solicitud de &quot;confirmación de borrado&quot; como &quot;¿Quiere borrar realmente al cliente xyz?&quot; al borrar un registro de datos.</text:p>
  <text:p text:style-name="Paragraph">A continuación se enumeran y describen todos las acciones de formulario que pueden vincularse con una macro:</text:p>
  <help:to-be-embedded Eid="reset_update">
  <text:p text:style-name="Head 2"><help:help-id value="HID_EVT_APPROVERESETTED"/>Antes de restablecer</text:p>
  <text:p text:style-name="Paragraph"><help:help-text value="visible">La acción <text:span text:style-name="T1">Antes de restablecer </text:span>tiene lugar antes de restablecer un formulario.</help:help-text> La macro vinculada puede, por ejemplo, impedir esta acción devolviendo el valor &quot;FALSE&quot;.</text:p>
  <text:p text:style-name="Paragraph">Se restablecerá un formulario cuando se cumpla una de las siguientes condiciones:</text:p>
  <text:unordered-list text:style-name="L5">
   <text:list-item>
    <text:p text:style-name="P6">El usuario pulsa un botón (HTML-) definido como botón Reset.</text:p>
   </text:list-item>
   <text:list-item>
    <text:p text:style-name="P6">Se crea un registro nuevo vacío en un formulario vinculado a la fuente de datos. Por ejemplo, se puede pulsar el botón <text:span text:style-name="T1">Registro siguiente</text:span> en el último registro.</text:p>
   </text:list-item>
  </text:unordered-list>
  <text:p text:style-name="Head 2"><help:help-id value="HID_EVT_RESETTED"/>Después de restablecer</text:p>
  <text:p text:style-name="Paragraph"><help:help-text value="visible">La acción <text:span text:style-name="T1">Después de restablecer </text:span>tiene lugar después de restablecer un formulario.</help:help-text></text:p>
  <text:p text:style-name="Head 2"><help:help-id value="HID_EVT_BEFOREUPDATE"/>Antes de actualizar</text:p>
  <text:p text:style-name="Paragraph"><help:help-text value="visible">La acción<text:span text:style-name="T1"> Antes de actualizar </text:span>tiene lugar antes de que el contenido del campo de control modificado por el usuario se escriba en la fuente de datos.</help:help-text> La macro vinculada puede, por ejemplo, impedir esta acción devolviendo el valor &quot;FALSE&quot;.</text:p>
  <text:p text:style-name="Head 2"><help:help-id value="HID_EVT_AFTERUPDATE"/>Después de actualizar</text:p>
  <text:p text:style-name="Paragraph"><help:help-text value="visible">La acción<text:span text:style-name="T1"> Después de actualizar </text:span>tiene lugar después de que el contenido del campo de control modificado por el usuario se haya escrito en la fuente de datos.</help:help-text></text:p>
  </help:to-be-embedded>
  <text:p text:style-name="Head 2"><help:help-id value="HID_EVT_SUBMITTED"/>Antes del envío</text:p>
  <text:p text:style-name="Paragraph"><help:help-text value="visible">La acción<text:span text:style-name="T1"> Antes del envío </text:span>tiene lugar antes de enviar los datos del formulario.</help:help-text></text:p>
  <text:p text:style-name="Head 2"><help:help-id value="HID_EVT_LOADED"/>Al cargar</text:p>
  <text:p text:style-name="Paragraph"><help:help-text value="visible">La acción <text:span text:style-name="T1">Al cargar</text:span> tiene lugar justo después de cargar el formulario.</help:help-text></text:p>
  <text:p text:style-name="Head 2"><help:help-id value="HID_EVT_RELOADING"/>Antes de recargar</text:p>
  <text:p text:style-name="Paragraph"><help:help-text value="visible">La acción<text:span text:style-name="T1"> Antes de recargar </text:span>tiene lugar antes de recargar el formulario.</help:help-text> El contenido de datos aún no se ha actualizado.</text:p>
  <text:p text:style-name="Head 2"><help:help-id value="HID_EVT_RELOADED"/>Al recargar</text:p>
  <text:p text:style-name="Paragraph"><help:help-text value="visible">La acción <text:span text:style-name="T1">Al recargar</text:span> tiene lugar después de recargar el formulario.</help:help-text> El contenido de datos ya se ha actualizado.</text:p>
  <text:p text:style-name="Head 2"><help:help-id value="HID_EVT_UNLOADING"/>Antes de descargar</text:p>
  <text:p text:style-name="Paragraph"><help:help-text value="visible">La acción <text:span text:style-name="T1">Antes de descargar </text:span>tiene lugar antes de descargar el formulario; es decir, de separarlo de su fuente de datos.</help:help-text></text:p>
  <text:p text:style-name="Head 2"><help:help-id value="HID_EVT_UNLOADED"/>Al descargar</text:p>
  <text:p text:style-name="Paragraph"><help:help-text value="visible">La acción <text:span text:style-name="T1">Al descargar </text:span>tiene lugar justo después de descargar el formulario; es decir, de separarlo de su fuente de datos.</help:help-text></text:p>
  <text:p text:style-name="Head 2"><help:help-id value="HID_EVT_CONFIRMDELETE"/>Confirmar &quot;borrar&quot;</text:p>
  <text:p text:style-name="Paragraph"><help:help-text value="visible">La acción <text:span text:style-name="T1">Confirmar &apos;borrar&apos;</text:span> tiene lugar tan pronto como los datos se borran del formulario.</help:help-text> Por ejemplo, la macro vinculada puede abrir un diálogo solicitando confirmación.</text:p>
  <text:p text:style-name="Head 2"><help:help-id value="HID_EVT_APPROVEROWCHANGE"/>Antes de la acción del registro de datos</text:p>
  <text:p text:style-name="Paragraph"><help:help-text value="visible">La acción<text:span text:style-name="T1"> Antes de la acción en el registro de datos</text:span> tiene lugar antes de que el registro actual se modifique.</help:help-text> Por ejemplo, la macro vinculada puede abrir un diálogo solicitando confirmación.</text:p>
  <text:p text:style-name="Head 2"><help:help-id value="HID_EVT_ROWCHANGE"/>Tras la acción del registro de datos</text:p>
  <text:p text:style-name="Paragraph"><help:help-text value="visible">La acción <text:span text:style-name="T1"><text:s/>Después de la acción en el registro de datos</text:span> tiene lugar justo después de que el registro actual se modifique.</help:help-text></text:p>
  <text:p text:style-name="Head 2"><help:help-id value="HID_EVT_POSITIONING"/>Antes del cambio del registro de datos</text:p>
  <text:p text:style-name="Paragraph"><help:help-text value="visible">La acción <text:span text:style-name="T1">Antes del cambio de registro de datos</text:span> tiene lugar antes de que el puntero de registro actual se modifique.</help:help-text> Por ejemplo, la macro vinculada puede impedir esta acción devolviendo el valor &quot;FALSE&quot;.</text:p>
  <text:p text:style-name="Head 2"><help:help-id value="HID_EVT_POSITIONED"/>Tras el cambio del registro de datos</text:p>
  <text:p text:style-name="Paragraph"><help:help-text value="visible">La acción <text:span text:style-name="T1">Después de la modificación del registro de datos</text:span> tiene lugar justo después de que el puntero del registro actual se modifique.</help:help-text></text:p>
  <text:p text:style-name="Head 2"><help:help-id value="HID_EVT_APPROVEPARAMETER"/>Rellenar parámetros</text:p>
  <text:p text:style-name="Paragraph"><help:help-text value="visible">La acción <text:span text:style-name="T1">Rellenar parámetros</text:span> tiene lugar cuando el formulario que se va a cargar incluye parámetros que deben rellenarse.</help:help-text> Por ejemplo, la fuente de datos del formulario puede ser la orden SQL siguiente:</text:p>
  <text:p text:style-name="Paragraph">SELECT * FROM address WHERE name=:name</text:p>
  <text:p text:style-name="Paragraph">:name es un parámetro que debe ser rellenado al cargar. El parámetro se rellenará automáticamente desde un formulario principal, <text:s/>siempre que sea posible. Si no se puede rellenar el parámetro, se ejecutará este acontecimiento y una macro vinculada rellenará el parámetro.</text:p>
  <text:p text:style-name="Head 2"><help:help-id value="HID_EVT_ERROROCCURED"/>Ha ocurrido un error</text:p>
  <text:p text:style-name="Paragraph"><help:help-text value="visible">La acción <text:span text:style-name="T1">Ha ocurrido un error </text:span>se activa en caso de error al acceder a la fuente de datos.</help:help-text> Se aplica a formularios, listados y cuadros combinados.</text:p>
 </office:body>
</office:document>
