

<office:document  xmlns:office="http://openoffice.org/2000/office" xmlns:style="http://openoffice.org/2000/style" xmlns:text="http://openoffice.org/2000/text" xmlns:table="http://openoffice.org/2000/table" xmlns:draw="http://openoffice.org/2000/drawing" xmlns:fo="http://www.w3.org/1999/XSL/Format" xmlns:xlink="http://www.w3.org/1999/xlink" xmlns:number="http://openoffice.org/2000/datastyle" xmlns:svg="http://www.w3.org/2000/svg" xmlns:chart="http://openoffice.org/2000/chart" xmlns:dr3d="http://openoffice.org/2000/dr3d" xmlns:math="http://www.w3.org/1998/Math/MathML" xmlns:form="http://openoffice.org/2000/form" xmlns:script="http://openoffice.org/2000/script" office:class="text" office:version="1.0" xmlns:dc="http://purl.org/dc/elements/1.1/" xmlns:meta="http://openoffice.org/2000/meta" xmlns:help="http://openoffice.org/2000/help">
<office:meta>
  <dc:description>text/common/02/01170002</dc:description>
  <dc:subject>Propiedades especiales de un campo formateado</dc:subject>

  <dc:language>es-ES</dc:language>
  <meta:user-defined meta:name="Info 0">READY</meta:user-defined>
  <meta:user-defined meta:name="Info 1">FREE_OK</meta:user-defined>
  <meta:user-defined meta:name="Info 2">HTML_OK</meta:user-defined>
  <meta:user-defined meta:name="Info 3"/>
</office:meta>
 <office:script/>
 <office:font-decls>
  <style:font-decl style:name="StarSymbol" fo:font-family="StarSymbol" style:font-charset="x-symbol"/>
  <style:font-decl style:name="Courier New" fo:font-family="&apos;Courier New&apos;" style:font-style-name="Standard" style:font-family-generic="modern" style:font-pitch="fixed"/>
  <style:font-decl style:name="Courier" fo:font-family="Courier" style:font-family-generic="roman" style:font-pitch="fixed"/>
  <style:font-decl style:name="Arial Unicode MS" fo:font-family="&apos;Arial Unicode MS&apos;" style:font-pitch="variable"/>
  <style:font-decl style:name="HG Mincho Light J" fo:font-family="&apos;HG Mincho Light J&apos;" style:font-pitch="variable"/>
  <style:font-decl style:name="Times New Roman3" fo:font-family="&apos;Times New Roman&apos;" style:font-pitch="variable"/>
  <style:font-decl style:name="Thorndale" fo:font-family="Thorndale" style:font-family-generic="roman" style:font-pitch="variable"/>
  <style:font-decl style:name="Times New Roman2" fo:font-family="&apos;Times New Roman&apos;" style:font-style-name="Fett" style:font-family-generic="roman" style:font-pitch="variable"/>
  <style:font-decl style:name="Times New Roman" fo:font-family="&apos;Times New Roman&apos;" style:font-style-name="Standard" style:font-family-generic="roman" style:font-pitch="variable"/>
  <style:font-decl style:name="Times New Roman1" fo:font-family="&apos;Times New Roman&apos;" style:font-family-generic="swiss" style:font-pitch="variable"/>
 </office:font-decls>
 <office:automatic-styles>
  <style:style style:name="P1" style:family="paragraph" style:parent-style-name="Paragraph" style:master-page-name="HTML">
   <style:properties style:page-number="0"/>
  </style:style>
  <style:style style:name="T1" style:family="text">
   <style:properties fo:font-weight="bold"/>
  </style:style>
 </office:automatic-styles>
 <office:body>
  <text:variable-decls>
   <text:variable-decl text:value-type="string" text:name="HTML_ON"/>
   <text:variable-decl text:value-type="string" text:name="HTML_OFF"/>
   <text:variable-decl text:value-type="string" text:name="TITEL"/>
   <text:variable-decl text:value-type="string" text:name="END"/>
   <text:variable-decl text:value-type="string" text:name="HelpID"/>
   <text:variable-decl text:value-type="string" text:name="NAME"/>
   <text:variable-decl text:value-type="string" text:name="HREF"/>
   <text:variable-decl text:value-type="string" text:name="MODIFY"/>
   <text:variable-decl text:value-type="string" text:name="REFNR"/>
   <text:variable-decl text:value-type="string" text:name="AKTHLP"/>
   <text:variable-decl text:value-type="string" text:name="KEY"/>
   <text:variable-decl text:value-type="string" text:name="INDEX"/>
   <text:variable-decl text:value-type="string" text:name="MAC"/>
   <text:variable-decl text:value-type="string" text:name="ELSE"/>
   <text:variable-decl text:value-type="string" text:name="OS2"/>
   <text:variable-decl text:value-type="string" text:name="HFELD"/>
  </text:variable-decls>
  <text:sequence-decls>
   <text:sequence-decl text:display-outline-level="0" text:name="Illustration"/>
   <text:sequence-decl text:display-outline-level="0" text:name="Table"/>
   <text:sequence-decl text:display-outline-level="0" text:name="Text"/>
   <text:sequence-decl text:display-outline-level="0" text:name="Drawing"/>
  </text:sequence-decls>
  <text:p text:style-name="P1"/>
  <text:p text:style-name="Head 1"><help:key-word value="campos formateados; propiedades" tag="kw65939_3"/><help:key-word value="campos; campo formateado" tag="kw65939_1"/><help:key-word value="campos de control; campo formateado" tag="kw65939_2"/>Propiedades especiales de un campo formateado</text:p>
  <text:p text:style-name="Paragraph"><text:span text:style-name="T1">Formato</text:span>: Para establecer la propiedad <text:span text:style-name="T1">Formato </text:span>pulse el botón <text:span text:style-name="T1">... </text:span>de la línea <text:span text:style-name="T1">Formato</text:span> del diálogo <text:span text:style-name="T1">Propiedades: Campo formateado</text:span>. Aparece el cuadro de diálogo <text:span text:style-name="T1">Formato numérico</text:span>.</text:p>
  <text:p text:style-name="Paragraph">Si el campo formateado está conectado con un campo de texto de una base de datos, las entradas de dicho campo se tratarán como texto. Si el campo formateado está conectado con un campo de la base de datos que puede mostrarse en formato numérico, las entradas se tratarán como números. Internamente, la fecha y la hora se gestionan también como números.</text:p>
  <text:p text:style-name="Paragraph"><text:span text:style-name="T1">Valor mínimo</text:span> y <text:span text:style-name="T1">Valor máximo</text:span>: Puede especificar los valores numéricos mínimo y máximo para un campo formateado. Los valores mínimo y máximo determinan la salida de los datos existentes (por ejemplo: el valor mínimo es 5, el campo conectado de la base de datos contiene el valor entero 3; la salida es 5, pero el valor contenido en la base de datos no se modifica) y la entrada de datos nuevos (por ejemplo: el valor máximo es 10, y se escribe el valor 20; la entrada se corrige a 10 y se guarda en la base de datos). Si los campos <text:span text:style-name="T1">Valor mínimo </text:span>y <text:span text:style-name="T1">Valor máximo</text:span> no se especifican, no se aplicarán límites. En el caso de campos formateados conectados con un campo de la base de datos, estos dos valores y <text:span text:style-name="T1">Valor predeterminado</text:span> no se tienen en consideración.</text:p>
  <text:p text:style-name="Paragraph"><text:span text:style-name="T1">Valor predeterminado</text:span>: Este valor se aplica en los registros de datos nuevos como el valor predeterminado.</text:p>
 </office:body>
</office:document>
