

<office:document  xmlns:office="http://openoffice.org/2000/office" xmlns:style="http://openoffice.org/2000/style" xmlns:text="http://openoffice.org/2000/text" xmlns:table="http://openoffice.org/2000/table" xmlns:draw="http://openoffice.org/2000/drawing" xmlns:fo="http://www.w3.org/1999/XSL/Format" xmlns:xlink="http://www.w3.org/1999/xlink" xmlns:number="http://openoffice.org/2000/datastyle" xmlns:svg="http://www.w3.org/2000/svg" xmlns:chart="http://openoffice.org/2000/chart" xmlns:dr3d="http://openoffice.org/2000/dr3d" xmlns:math="http://www.w3.org/1998/Math/MathML" xmlns:form="http://openoffice.org/2000/form" xmlns:script="http://openoffice.org/2000/script" office:class="text" office:version="1.0" xmlns:dc="http://purl.org/dc/elements/1.1/" xmlns:meta="http://openoffice.org/2000/meta" xmlns:help="http://openoffice.org/2000/help">
<office:meta>
  <dc:description>text/common/02/12000000</dc:description>
  <dc:subject>Mostrar/Ocultar Explorador</dc:subject>
  <meta:keywords>
   <meta:keyword>$Version</meta:keyword>
  </meta:keywords>
  <dc:language>es-ES</dc:language>
  <meta:user-defined meta:name="Info 0">READY</meta:user-defined>
  <meta:user-defined meta:name="Info 1">FREE_OK</meta:user-defined>
  <meta:user-defined meta:name="Info 2"/>
  <meta:user-defined meta:name="Info 3"/>
</office:meta>
 <office:script/>
 <office:font-decls>
  <style:font-decl style:name="StarSymbol" fo:font-family="StarSymbol" style:font-charset="x-symbol"/>
  <style:font-decl style:name="Courier New" fo:font-family="&apos;Courier New&apos;" style:font-style-name="Standard" style:font-family-generic="modern" style:font-pitch="fixed"/>
  <style:font-decl style:name="Courier" fo:font-family="Courier" style:font-family-generic="roman" style:font-pitch="fixed"/>
  <style:font-decl style:name="Arial Unicode MS" fo:font-family="&apos;Arial Unicode MS&apos;" style:font-pitch="variable"/>
  <style:font-decl style:name="HG Mincho Light J" fo:font-family="&apos;HG Mincho Light J&apos;" style:font-pitch="variable"/>
  <style:font-decl style:name="Times New Roman3" fo:font-family="&apos;Times New Roman&apos;" style:font-pitch="variable"/>
  <style:font-decl style:name="Thorndale" fo:font-family="Thorndale" style:font-family-generic="roman" style:font-pitch="variable"/>
  <style:font-decl style:name="Times New Roman2" fo:font-family="&apos;Times New Roman&apos;" style:font-style-name="Fett" style:font-family-generic="roman" style:font-pitch="variable"/>
  <style:font-decl style:name="Times New Roman" fo:font-family="&apos;Times New Roman&apos;" style:font-style-name="Standard" style:font-family-generic="roman" style:font-pitch="variable"/>
  <style:font-decl style:name="Times New Roman1" fo:font-family="&apos;Times New Roman&apos;" style:font-family-generic="swiss" style:font-pitch="variable"/>
 </office:font-decls>
 <office:automatic-styles>
  <style:style style:name="Tabelle1" style:family="table">
   <style:properties style:width="17.995cm" fo:margin-left="0cm" fo:margin-right="0.005cm" table:align="margins"/>
  </style:style>
  <style:style style:name="Tabelle1.A" style:family="table-column">
   <style:properties style:column-width="1.499cm" style:rel-column-width="5458*"/>
  </style:style>
  <style:style style:name="Tabelle1.B" style:family="table-column">
   <style:properties style:column-width="16.496cm" style:rel-column-width="60039*"/>
  </style:style>
  <style:style style:name="Tabelle3" style:family="table">
   <style:properties style:width="18cm" table:align="margins"/>
  </style:style>
  <style:style style:name="Tabelle3.A" style:family="table-column">
   <style:properties style:column-width="1.499cm" style:rel-column-width="5460*"/>
  </style:style>
  <style:style style:name="Tabelle3.B" style:family="table-column">
   <style:properties style:column-width="16.499cm" style:rel-column-width="60055*"/>
  </style:style>
  <style:style style:name="P1" style:family="paragraph" style:parent-style-name="Paragraph" style:master-page-name="HTML">
   <style:properties style:page-number="0"/>
  </style:style>
  <style:style style:name="T1" style:family="text">
   <style:properties fo:font-weight="bold"/>
  </style:style>
  <style:style style:name="fr1" style:family="graphics" style:parent-style-name="Graphics">
   <style:properties style:wrap="run-through" style:horizontal-pos="left" style:horizontal-rel="paragraph" style:mirror="none" fo:clip="rect(0cm 0cm 0cm 0cm)" draw:luminance="0%" draw:contrast="0%" draw:red="0%" draw:green="0%" draw:blue="0%" draw:gamma="1" draw:color-inversion="false" draw:transparency="-100%" draw:color-mode="standard"/>
  </style:style>
  <style:style style:name="fr2" style:family="graphics" style:parent-style-name="Graphics">
   <style:properties style:run-through="foreground" style:wrap="run-through" style:vertical-pos="top" style:vertical-rel="paragraph" style:horizontal-pos="left" style:horizontal-rel="paragraph" style:mirror="none" fo:clip="rect(0cm 0cm 0cm 0cm)" draw:luminance="0%" draw:contrast="0%" draw:red="0%" draw:green="0%" draw:blue="0%" draw:gamma="1" draw:color-inversion="false" draw:transparency="-100%" draw:color-mode="standard"/>
  </style:style>
 </office:automatic-styles>
 <office:body>
  <text:variable-decls>
   <text:variable-decl text:value-type="string" text:name="HTML_ON"/>
   <text:variable-decl text:value-type="string" text:name="HTML_OFF"/>
   <text:variable-decl text:value-type="string" text:name="TITEL"/>
   <text:variable-decl text:value-type="string" text:name="END"/>
   <text:variable-decl text:value-type="string" text:name="NAME"/>
   <text:variable-decl text:value-type="string" text:name="HREF"/>
   <text:variable-decl text:value-type="string" text:name="MODIFY"/>
   <text:variable-decl text:value-type="string" text:name="REFNR"/>
   <text:variable-decl text:value-type="string" text:name="HelpID"/>
   <text:variable-decl text:value-type="string" text:name="AKTHLP"/>
   <text:variable-decl text:value-type="string" text:name="INDEX"/>
   <text:variable-decl text:value-type="string" text:name="STYLE"/>
  </text:variable-decls>
  <text:sequence-decls>
   <text:sequence-decl text:display-outline-level="0" text:name="Illustration"/>
   <text:sequence-decl text:display-outline-level="0" text:name="Table"/>
   <text:sequence-decl text:display-outline-level="0" text:name="Text"/>
   <text:sequence-decl text:display-outline-level="0" text:name="Drawing"/>
  </text:sequence-decls>
  <help:to-be-embedded Eid="explorer">
  <text:p text:style-name="Head 1"><help:help-id value="SID_DSBROWSER_EXPLORER"/><help:link Id="67894">Mostrar/Ocultar Explorador</help:link></text:p>
  <text:p text:style-name="Paragraph"><help:help-text value="visible">Activa la vista del explorador de fuentes de datos.</help:help-text> El símbolo <text:span text:style-name="T1">Mostrar/ocultar Explorador </text:span>es visible en la <help:link Id="65557">barra de base de datos</help:link>.</text:p>
  </help:to-be-embedded>
  <help:to-be-embedded Eid="syexplorer">
  <table:table table:name="Tabelle1" table:style-name="Tabelle1">
   <table:table-column table:style-name="Tabelle1.A"/>
   <table:table-column table:style-name="Tabelle1.B"/>
   <table:table-header-rows>
    <table:table-row>
     <table:table-cell table:value-type="string">
      <text:p text:style-name="Paragraph"><draw:image draw:name="Símbolo0" svg:desc="Símbolo" svg:pixelx="25" svg:pixely="25" svg:width="0.661cm" svg:height="0.661cm" xlink:href="65913" draw:filter-name=""/></text:p>

     </table:table-cell>
     <table:table-cell table:value-type="string">
      <text:p text:style-name="Paragraph">Mostrar/Ocultar Explorador</text:p>
     </table:table-cell>
    </table:table-row>
   </table:table-header-rows>
  </table:table>
  </help:to-be-embedded>
  <text:p text:style-name="Paragraph"><help:embedded Id="68433" Eid="database_main"></help:embedded></text:p>
  <text:p text:style-name="Paragraph">En el Explorador de fuentes de datos verá las fuentes de datos registradas en <help:productname>%PRODUCTNAME</help:productname>, incluidos sus vínculos, consultas y tablas.</text:p>
  <text:p text:style-name="Paragraph"><text:span text:style-name="T1">Establecer una conexión</text:span>: nada más seleccionar una tabla o consulta individual se establece una conexión con la fuente de datos. Una vez abierta la conexión, el nombre de la fuente de datos, la entrada de Consultas o Tablas y el nombre de la consulta o tabla seleccionada se muestra en negrita.</text:p>
  <help:to-be-embedded Eid="kontextmenue"><a name="kontextmenue"/>
  <text:p text:style-name="Paragraph">En el menú contextual del Explorador de fuentes de datos dispone de los siguientes comandos referidos a la entrada seleccionada:</text:p>
  <table:table table:name="Tabelle3" table:style-name="Tabelle3">
   <table:table-column table:style-name="Tabelle3.A"/>
   <table:table-column table:style-name="Tabelle3.B"/>
   <table:table-header-rows>
    <table:table-row>
     <table:table-cell table:value-type="string">
      <text:p text:style-name="Paragraph"><draw:image draw:name="Símbolo1" svg:desc="Símbolo de nota" svg:pixelx="32" svg:pixely="32" svg:width="0.847cm" svg:height="0.847cm" xlink:href="65980" draw:filter-name=""/></text:p>

     </table:table-cell>
     <table:table-cell table:value-type="string">
      <text:p text:style-name="Paragraph">Las órdenes del menú contextual varían en función de si se ha establecido una conexión con la fuente de datos. Por ejemplo, si se ha establecido dicha conexión se mostrará únicamente la orden <text:span text:style-name="T1">Desconectar</text:span>.</text:p>
     </table:table-cell>
    </table:table-row>
   </table:table-header-rows>
  </table:table>
  <text:p text:style-name="Head 2">Menú contextual de una entrada principal de fuentes de datos</text:p>
  <text:p text:style-name="Head 3"><help:help-id value="HID_BROWSER_DSADMINISTRATE"/>Administrar fuentes de datos...</text:p>
  <text:p text:style-name="Paragraph"><help:help-text value="visible">Abre el diálogo <help:link Id="66167"><text:span text:style-name="T1">Administración de fuentes de datos</text:span></help:link></help:help-text>.</text:p>
  <text:p text:style-name="Head 3"><help:help-id value="HID_DSBROWSER_DIRECTSQL"/>SQL...</text:p>
  <text:p text:style-name="Paragraph"><help:help-text value="visible">Abre el diálogo <help:link Id="66152"><text:span text:style-name="T1">Ejecutar comando SQL</text:span></help:link></help:help-text>.</text:p>
  <text:p text:style-name="Head 3"><help:help-id value="HID_BROWSER_CLOSECONN"/>Cerrar conexión</text:p>
  <text:p text:style-name="Paragraph"><help:help-text value="visible">Cierra la conexión con la fuente de datos.</help:help-text> Consulte <help:link Id="68345"><text:span text:style-name="T1">Herramientas - Opciones - Fuentes de datos - Conexiones</text:span></help:link>.</text:p>
  <text:p text:style-name="Head 3"><help:help-id value="HID_BROWSER_RENAME_ENTRY"/>Cambiar nombre (para tablas, visualizaciones, consultas)</text:p>
  <text:p text:style-name="Paragraph"><help:help-text value="visible">Para cambiar el nombre de una entrada, ejecute esta orden y escriba el nuevo nombre.</help:help-text>. También puede hacerlo seleccionando la entrada y pulsando F2. La base de datos debe admitir la función de cambiar nombre; en caso contrario la orden queda inhabilitada.</text:p>
  <text:p text:style-name="Head 2">Otros comandos en el menú contextual de &quot;Vínculos&quot;</text:p>
  <help:embedded Id="68411" Eid="neuver"></help:embedded>
  <help:embedded Id="68411" Eid="neufor"></help:embedded>
  <text:p text:style-name="Head 2">Otros comandos en el menú contextual de una única conexión.</text:p>
  <help:embedded Id="68411" Eid="verbea"></help:embedded>
  <text:p text:style-name="Head 2">Otros comandos en el menú contextual de &quot;Consultas&quot;</text:p>
  <text:p text:style-name="Head 3">nuevo diseño de consulta</text:p>
  <text:p text:style-name="Paragraph"><help:help-text value="visible">Abre la ventana <help:link Id="66162">Diseño de consulta</help:link></help:help-text>.</text:p>
  <text:p text:style-name="Head 3">Nueva orden SQL</text:p>
  <text:p text:style-name="Paragraph"><help:help-text value="visible">Abre la ventana <text:span text:style-name="T1">Diseño de consulta</text:span>, que permite crear una <help:link Id="66162" Eid="sql">orden SQL</help:link> directamente.</help:help-text></text:p>
  <text:p text:style-name="Head 2">Otros comandos en el menú contextual de una única consulta.</text:p>
  <text:p text:style-name="Head 3">iseño de consulta</text:p>
  <text:p text:style-name="Paragraph"><help:help-text value="visible">Abre la consulta en la vista <help:link Id="66162">Diseño de consulta</help:link>.</help:help-text></text:p>
  <text:p text:style-name="Head 3">Borrar consulta</text:p>
  <text:p text:style-name="Paragraph">Las consultas se borran físicamente.</text:p>
  <text:p text:style-name="Head 3"><help:help-id value="HID_BROWSER_QUERY_COPY"/>Copiar consulta</text:p>
  <text:p text:style-name="Paragraph"><help:help-text value="visible">Copia la consulta en el portapapeles.</help:help-text> Desde el portapapeles se puede insertar en otro documento. Al seleccionar la orden Insertar se abre el diálogo <help:link Id="65967"><text:span text:style-name="T1">Insertar columnas de la base de datos</text:span></help:link>.</text:p>
  <text:p text:style-name="Head 2">Otros comandos en el menú contextual de &quot;Tablas&quot;.</text:p>
  <help:embedded Id="66174" Eid="neutab"></help:embedded>
  <text:p text:style-name="Head 3"><help:help-id value="HID_BROWSER_VIEW_CREATE_DESIGN"/>nuevo diseño de visualización</text:p>
  <text:p text:style-name="Paragraph"><help:help-text value="visible">Abre la ventana <text:span text:style-name="T1">Diseño de vista</text:span>.</help:help-text> Esta ventana se gestiona del mismo modo que la ventana <help:link Id="66162">Diseño de consulta</help:link>. La vista se diseña y se usa como una consulta.</text:p>
  <text:p text:style-name="Head 3"><help:help-id value="HID_BROWSER_TABLE_PASTE"/>Insertar tabla</text:p>
  <text:p text:style-name="Paragraph"><help:help-text value="visible">Inserta una tabla del portapapeles en el contenedor seleccionado de la tabla. Verá el diálogo <help:link Id="66193"><text:span text:style-name="T1">Copiar tabla</text:span></help:link>.</help:help-text></text:p>
  <text:p text:style-name="Head 3"><help:help-id value="HID_BROWSER_RELATION_DESIGN"/>Diseño de relaciones</text:p>
  <text:p text:style-name="Paragraph"><help:help-text value="visible">Abre la ventana <text:span text:style-name="T1">Diseño de relaciones</text:span>.</help:help-text></text:p>
  <text:p text:style-name="Head 2">Otros comandos en el menú contextual de una única tabla.</text:p>
  <help:embedded Id="66174" Eid="tabbea"></help:embedded>
  <text:p text:style-name="Head 3"><help:help-id value="HID_BROWSER_TABLE_COPY"/>Copiar tabla</text:p>
  <text:p text:style-name="Paragraph"><help:help-text value="visible">Copia la tabla seleccionada en el portapapeles.</help:help-text></text:p>
  <text:p text:style-name="Head 2">Otros comandos en el menú contextual de una visualización</text:p>
  <text:p text:style-name="Head 3"><help:help-id value="HID_BROWSER_VIEW_DELETE"/>Borrar visualización</text:p>
  <text:p text:style-name="Paragraph"><help:help-text value="visible">Borra la visualización seleccionada.</help:help-text></text:p>
  <text:p text:style-name="Head 3"><help:help-id value="HID_BROWSER_VIEW_COPY"/>Copiar visualización</text:p>
  <text:p text:style-name="Paragraph"><help:help-text value="visible">Copia la visualización seleccionada en el portapapeles.</help:help-text></text:p>
  <text:p text:style-name="Head 3"><help:help-id value="HID_BROWSER_VIEW_PASTE"/>Insertar visualización</text:p>
  <text:p text:style-name="Paragraph"><help:help-text value="visible">Pega una vista del portapapeles en el contenedor seleccionado de la tabla. Verá el diálogo <help:link Id="66193"><text:span text:style-name="T1">Copiar tabla</text:span></help:link>.</help:help-text></text:p>
  </help:to-be-embedded>
 </office:body>
</office:document>
