

<office:document  xmlns:office="http://openoffice.org/2000/office" xmlns:style="http://openoffice.org/2000/style" xmlns:text="http://openoffice.org/2000/text" xmlns:table="http://openoffice.org/2000/table" xmlns:draw="http://openoffice.org/2000/drawing" xmlns:fo="http://www.w3.org/1999/XSL/Format" xmlns:xlink="http://www.w3.org/1999/xlink" xmlns:number="http://openoffice.org/2000/datastyle" xmlns:svg="http://www.w3.org/2000/svg" xmlns:chart="http://openoffice.org/2000/chart" xmlns:dr3d="http://openoffice.org/2000/dr3d" xmlns:math="http://www.w3.org/1998/Math/MathML" xmlns:form="http://openoffice.org/2000/form" xmlns:script="http://openoffice.org/2000/script" office:class="text" office:version="1.0" xmlns:dc="http://purl.org/dc/elements/1.1/" xmlns:meta="http://openoffice.org/2000/meta" xmlns:help="http://openoffice.org/2000/help">
<office:meta>
  <dc:description>text/common/02/18020000</dc:description>
  <dc:subject>Insertar objeto</dc:subject>
  <meta:keywords>
   <meta:keyword>$Version</meta:keyword>
  </meta:keywords>
  <dc:language>es-ES</dc:language>
  <meta:user-defined meta:name="Info 0">READY</meta:user-defined>
  <meta:user-defined meta:name="Info 1">FREE_OK</meta:user-defined>
  <meta:user-defined meta:name="Info 2"/>
  <meta:user-defined meta:name="Info 3"/>
</office:meta>
 <office:script/>
 <office:font-decls>
  <style:font-decl style:name="StarSymbol" fo:font-family="StarSymbol" style:font-charset="x-symbol"/>
  <style:font-decl style:name="Courier New" fo:font-family="&apos;Courier New&apos;" style:font-style-name="Standard" style:font-family-generic="modern" style:font-pitch="fixed"/>
  <style:font-decl style:name="Courier" fo:font-family="Courier" style:font-family-generic="roman" style:font-pitch="fixed"/>
  <style:font-decl style:name="Arial Unicode MS" fo:font-family="&apos;Arial Unicode MS&apos;" style:font-pitch="variable"/>
  <style:font-decl style:name="HG Mincho Light J" fo:font-family="&apos;HG Mincho Light J&apos;" style:font-pitch="variable"/>
  <style:font-decl style:name="Times New Roman3" fo:font-family="&apos;Times New Roman&apos;" style:font-pitch="variable"/>
  <style:font-decl style:name="Thorndale" fo:font-family="Thorndale" style:font-family-generic="roman" style:font-pitch="variable"/>
  <style:font-decl style:name="Times New Roman2" fo:font-family="&apos;Times New Roman&apos;" style:font-style-name="Fett" style:font-family-generic="roman" style:font-pitch="variable"/>
  <style:font-decl style:name="Times New Roman" fo:font-family="&apos;Times New Roman&apos;" style:font-style-name="Standard" style:font-family-generic="roman" style:font-pitch="variable"/>
  <style:font-decl style:name="Times New Roman1" fo:font-family="&apos;Times New Roman&apos;" style:font-family-generic="swiss" style:font-pitch="variable"/>
 </office:font-decls>
 <office:automatic-styles>
  <style:style style:name="Tabelle4" style:family="table">
   <style:properties style:width="18cm" table:align="margins"/>
  </style:style>
  <style:style style:name="Tabelle4.A" style:family="table-column">
   <style:properties style:column-width="1.501cm" style:rel-column-width="5465*"/>
  </style:style>
  <style:style style:name="Tabelle4.B" style:family="table-column">
   <style:properties style:column-width="16.499cm" style:rel-column-width="60070*"/>
  </style:style>
  <style:style style:name="P1" style:family="paragraph" style:parent-style-name="Paragraph" style:master-page-name="HTML">
   <style:properties style:page-number="0"/>
  </style:style>
  <style:style style:name="T1" style:family="text">
   <style:properties fo:font-weight="bold"/>
  </style:style>
  <style:style style:name="fr1" style:family="graphics" style:parent-style-name="Graphics">
   <style:properties style:run-through="foreground" style:wrap="run-through" style:vertical-pos="top" style:vertical-rel="paragraph" style:horizontal-pos="left" style:horizontal-rel="paragraph" style:mirror="none" fo:clip="rect(0cm 0cm 0cm 0cm)" draw:luminance="0%" draw:contrast="0%" draw:red="0%" draw:green="0%" draw:blue="0%" draw:gamma="1" draw:color-inversion="false" draw:transparency="-100%" draw:color-mode="standard"/>
  </style:style>
 </office:automatic-styles>
 <office:body>
  <text:variable-decls>
   <text:variable-decl text:value-type="string" text:name="HTML_ON"/>
   <text:variable-decl text:value-type="string" text:name="HTML_OFF"/>
   <text:variable-decl text:value-type="string" text:name="TITEL"/>
   <text:variable-decl text:value-type="string" text:name="END"/>
   <text:variable-decl text:value-type="string" text:name="HREF"/>
   <text:variable-decl text:value-type="string" text:name="NAME"/>
   <text:variable-decl text:value-type="string" text:name="HelpID"/>
   <text:variable-decl text:value-type="string" text:name="MAC"/>
   <text:variable-decl text:value-type="string" text:name="ELSE"/>
   <text:variable-decl text:value-type="string" text:name="HFELD"/>
   <text:variable-decl text:value-type="string" text:name="MODIFY"/>
   <text:variable-decl text:value-type="string" text:name="REFNR"/>
   <text:variable-decl text:value-type="string" text:name="AKTHLP"/>
   <text:variable-decl text:value-type="string" text:name="WIN"/>
   <text:variable-decl text:value-type="string" text:name="INDEX"/>
   <text:variable-decl text:value-type="string" text:name="STYLE"/>
  </text:variable-decls>
  <text:sequence-decls>
   <text:sequence-decl text:display-outline-level="0" text:name="Illustration"/>
   <text:sequence-decl text:display-outline-level="0" text:name="Table"/>
   <text:sequence-decl text:display-outline-level="0" text:name="Text"/>
   <text:sequence-decl text:display-outline-level="0" text:name="Drawing"/>
  </text:sequence-decls>
  <help:to-be-embedded Eid="objekt">
  <text:p text:style-name="Head 1"><help:help-id value="HID_INSERT_OBJ_CTRL"/><help:help-id value="FN_INSERT_OBJ_CTRL"/><help:help-id value="SID_TBXCTL_INSOBJ"/><help:key-word value="objetos; insertar mediante barra de símbolos" tag="kw65996_1"/><help:key-word value="insertar; barra de símbolos Insertar objeto" tag="kw65996_2"/><help:link Id="65996">Insertar objeto</help:link></text:p>
  <text:p text:style-name="Paragraph"><help:help-text value="visible">Abre la barra de herramientas flotante <text:span text:style-name="T1">Insertar objeto</text:span> que contiene varios símbolos para la inserción de objetos.</help:help-text> Si ha seleccionado una función, se mostrará el símbolo correspondiente en la barra de herramientas principal. Una pulsación breve reactiva la última herramienta empleada, mientras que, si se mantiene el botón pulsado durante un tiempo, se puede seleccionar otra función de la barra de herramientas flotante.</text:p>
  </help:to-be-embedded>
  <text:p text:style-name="Paragraph">Símbolo en la barra de herramientas:</text:p>
  <help:to-be-embedded Eid="syobjekt">
  <table:table table:name="Tabelle4" table:style-name="Tabelle4">
   <table:table-column table:style-name="Tabelle4.A"/>
   <table:table-column table:style-name="Tabelle4.B"/>
   <table:table-header-rows>
    <table:table-row>
     <table:table-cell table:value-type="string">
      <text:p text:style-name="Paragraph"><draw:image draw:name="Símbolo0" svg:desc="Símbolo" svg:pixelx="25" svg:pixely="25" svg:width="0.661cm" svg:height="0.661cm" xlink:href="66344" draw:filter-name=""/></text:p>

     </table:table-cell>
     <table:table-cell table:value-type="string">
      <text:p text:style-name="Paragraph">Insertar objeto</text:p>
     </table:table-cell>
    </table:table-row>
   </table:table-header-rows>
  </table:table>
  </help:to-be-embedded>
  <text:p text:style-name="Head 2"><help:link Id="65858">Insertar diagramas</help:link></text:p>
  <help:embedded Id="65858" Eid="autoformatdiagrammtext"></help:embedded>
  <help:embedded Id="65610" Eid="systarchart"></help:embedded>
  <text:p text:style-name="Head 2"><help:switch select="Program"><help:case select="WRITER"><help:link Id="65774">Insertar objetos <help:productname>%PRODUCTNAME</help:productname> Math</help:link></help:case><help:default><help:link Id="65774">Insertar fórmulas</help:link></help:default></help:switch></text:p>
  <help:embedded Id="65774" Eid="starmath"></help:embedded>
  <help:embedded Id="65610" Eid="systarmath"></help:embedded>
  <text:p text:style-name="Head 2"><help:link Id="65846">Insertar frame</help:link></text:p>
  <help:embedded Id="65846" Eid="frameeinfuegentext"></help:embedded>
  <help:embedded Id="65610" Eid="syframe"></help:embedded>
  <text:p text:style-name="Head 2"><help:link Id="65795">Insertar objeto OLE</help:link></text:p>
  <help:embedded Id="65795" Eid="ole"></help:embedded>
  <help:embedded Id="65610" Eid="syole"></help:embedded>
  <text:p text:style-name="Head 2"><help:switch select="Program"><help:case select="WRITER"><help:switch select="System"><help:case select ="WIN"><help:link Id="65799">Insertar Plug-in</help:link></help:case></help:switch></help:case></help:switch></text:p>
  <help:switch select="Program"><help:case select="WRITER"><help:switch select="System"><help:case select ="WIN"><help:embedded Id="65799" Eid="plugin"></help:embedded></help:case></help:switch></help:case></help:switch>
  <help:switch select="Program"><help:case select="WRITER"><help:switch select="System"><help:case select ="WIN"><help:embedded Id="65610" Eid="syplugin"></help:embedded></help:case></help:switch></help:case></help:switch>
  <text:p text:style-name="Head 2"><help:link Id="65656">Insertar Applet</help:link></text:p>
  <help:embedded Id="65656" Eid="applet"></help:embedded>
  <help:embedded Id="65610" Eid="syapplet"></help:embedded>
 </office:body>
</office:document>
