

<office:document  xmlns:office="http://openoffice.org/2000/office" xmlns:style="http://openoffice.org/2000/style" xmlns:text="http://openoffice.org/2000/text" xmlns:table="http://openoffice.org/2000/table" xmlns:draw="http://openoffice.org/2000/drawing" xmlns:fo="http://www.w3.org/1999/XSL/Format" xmlns:xlink="http://www.w3.org/1999/xlink" xmlns:number="http://openoffice.org/2000/datastyle" xmlns:svg="http://www.w3.org/2000/svg" xmlns:chart="http://openoffice.org/2000/chart" xmlns:dr3d="http://openoffice.org/2000/dr3d" xmlns:math="http://www.w3.org/1998/Math/MathML" xmlns:form="http://openoffice.org/2000/form" xmlns:script="http://openoffice.org/2000/script" office:class="text" office:version="1.0" xmlns:dc="http://purl.org/dc/elements/1.1/" xmlns:meta="http://openoffice.org/2000/meta" xmlns:help="http://openoffice.org/2000/help">
<office:meta>
  <dc:description>text/common/00/00000401</dc:description>
  <dc:subject>File Menu</dc:subject>
  <meta:keywords>
   <meta:keyword>$Version</meta:keyword>
  </meta:keywords>
  <dc:language>en-US</dc:language>
  <meta:user-defined meta:name="Info 0">READY</meta:user-defined>
  <meta:user-defined meta:name="Info 1">FREE_OK</meta:user-defined>
  <meta:user-defined meta:name="Info 2">NOINDEX</meta:user-defined>
  <meta:user-defined meta:name="Info 3"/>
</office:meta>
 <office:script/>
 <office:font-decls>
  <style:font-decl style:name="StarSymbol" fo:font-family="StarSymbol" style:font-charset="x-symbol"/>
  <style:font-decl style:name="Courier New" fo:font-family="&apos;Courier New&apos;" style:font-style-name="Standard" style:font-family-generic="modern" style:font-pitch="fixed"/>
  <style:font-decl style:name="Courier" fo:font-family="Courier" style:font-family-generic="roman" style:font-pitch="fixed"/>
  <style:font-decl style:name="Arial Unicode MS" fo:font-family="&apos;Arial Unicode MS&apos;" style:font-pitch="variable"/>
  <style:font-decl style:name="HG Mincho Light J" fo:font-family="&apos;HG Mincho Light J&apos;" style:font-pitch="variable"/>
  <style:font-decl style:name="Times New Roman3" fo:font-family="&apos;Times New Roman&apos;" style:font-pitch="variable"/>
  <style:font-decl style:name="Thorndale" fo:font-family="Thorndale" style:font-family-generic="roman" style:font-pitch="variable"/>
  <style:font-decl style:name="Times New Roman2" fo:font-family="&apos;Times New Roman&apos;" style:font-style-name="Fett" style:font-family-generic="roman" style:font-pitch="variable"/>
  <style:font-decl style:name="Times New Roman" fo:font-family="&apos;Times New Roman&apos;" style:font-style-name="Standard" style:font-family-generic="roman" style:font-pitch="variable"/>
  <style:font-decl style:name="Times New Roman1" fo:font-family="&apos;Times New Roman&apos;" style:font-family-generic="swiss" style:font-pitch="variable"/>
 </office:font-decls>
 <office:automatic-styles>
  <style:style style:name="Tabelle4" style:family="table">
   <style:properties style:width="17.995cm" fo:margin-left="0cm" fo:margin-right="0.005cm" table:align="margins"/>
  </style:style>
  <style:style style:name="Tabelle4.A" style:family="table-column">
   <style:properties style:column-width="1.501cm" style:rel-column-width="5465*"/>
  </style:style>
  <style:style style:name="Tabelle4.B" style:family="table-column">
   <style:properties style:column-width="16.494cm" style:rel-column-width="60050*"/>
  </style:style>
  <style:style style:name="Tabelle1" style:family="table">
   <style:properties style:width="17.995cm" fo:margin-left="0cm" fo:margin-right="0.005cm" table:align="margins"/>
  </style:style>
  <style:style style:name="Tabelle1.A" style:family="table-column">
   <style:properties style:column-width="1.501cm" style:rel-column-width="5465*"/>
  </style:style>
  <style:style style:name="Tabelle1.B" style:family="table-column">
   <style:properties style:column-width="16.494cm" style:rel-column-width="60050*"/>
  </style:style>
  <style:style style:name="Tabelle2" style:family="table">
   <style:properties style:width="17.955cm" fo:margin-left="0.046cm" fo:margin-right="0cm" table:align="margins"/>
  </style:style>
  <style:style style:name="Tabelle2.A" style:family="table-column">
   <style:properties style:column-width="1.482cm" style:rel-column-width="5394*"/>
  </style:style>
  <style:style style:name="Tabelle2.B" style:family="table-column">
   <style:properties style:column-width="16.473cm" style:rel-column-width="59956*"/>
  </style:style>
  <style:style style:name="Tabelle3" style:family="table">
   <style:properties style:width="17.955cm" fo:margin-left="0.046cm" fo:margin-right="0cm" table:align="margins"/>
  </style:style>
  <style:style style:name="Tabelle3.A" style:family="table-column">
   <style:properties style:column-width="1.482cm" style:rel-column-width="5394*"/>
  </style:style>
  <style:style style:name="Tabelle3.B" style:family="table-column">
   <style:properties style:column-width="16.473cm" style:rel-column-width="59956*"/>
  </style:style>
  <style:style style:name="Tabelle29" style:family="table">
   <style:properties style:width="17.995cm" fo:margin-left="0cm" fo:margin-right="0.005cm" table:align="margins"/>
  </style:style>
  <style:style style:name="Tabelle29.A" style:family="table-column">
   <style:properties style:column-width="1.501cm" style:rel-column-width="5465*"/>
  </style:style>
  <style:style style:name="Tabelle29.B" style:family="table-column">
   <style:properties style:column-width="16.494cm" style:rel-column-width="60050*"/>
  </style:style>
  <style:style style:name="Tabelle30" style:family="table">
   <style:properties style:width="17.995cm" fo:margin-left="0cm" fo:margin-right="0.005cm" table:align="margins"/>
  </style:style>
  <style:style style:name="Tabelle30.A" style:family="table-column">
   <style:properties style:column-width="1.501cm" style:rel-column-width="5465*"/>
  </style:style>
  <style:style style:name="Tabelle30.B" style:family="table-column">
   <style:properties style:column-width="16.494cm" style:rel-column-width="60050*"/>
  </style:style>
  <style:style style:name="P1" style:family="paragraph" style:parent-style-name="Paragraph" style:master-page-name="HTML">
   <style:properties style:page-number="0"/>
  </style:style>
  <style:style style:name="T1" style:family="text">
   <style:properties fo:font-weight="bold"/>
  </style:style>
  <style:style style:name="fr1" style:family="graphics" style:parent-style-name="Graphics">
   <style:properties style:wrap="run-through" style:horizontal-pos="left" style:horizontal-rel="paragraph" style:mirror="none" fo:clip="rect(0cm 0cm 0cm 0cm)" draw:luminance="0%" draw:contrast="0%" draw:red="0%" draw:green="0%" draw:blue="0%" draw:gamma="1" draw:color-inversion="false" draw:transparency="-100%" draw:color-mode="standard"/>
  </style:style>
  <style:style style:name="fr2" style:family="graphics" style:parent-style-name="Graphics">
   <style:properties style:run-through="foreground" style:wrap="run-through" style:vertical-pos="top" style:vertical-rel="paragraph" style:horizontal-pos="left" style:horizontal-rel="paragraph" style:mirror="none" fo:clip="rect(0cm 0cm 0cm 0cm)" draw:luminance="0%" draw:contrast="0%" draw:red="0%" draw:green="0%" draw:blue="0%" draw:gamma="1" draw:color-inversion="false" draw:transparency="-100%" draw:color-mode="standard"/>
  </style:style>
  <style:style style:name="fr3" style:family="graphics" style:parent-style-name="Graphics">
   <style:properties style:wrap="run-through" style:vertical-pos="top" style:vertical-rel="paragraph" style:horizontal-pos="left" style:horizontal-rel="paragraph" style:mirror="none" fo:clip="rect(0cm 0cm 0cm 0cm)" draw:luminance="0%" draw:contrast="0%" draw:red="0%" draw:green="0%" draw:blue="0%" draw:gamma="1" draw:color-inversion="false" draw:transparency="-100%" draw:color-mode="standard"/>
  </style:style>
 </office:automatic-styles>
 <office:body>
  <text:variable-decls>
   <text:variable-decl text:value-type="string" text:name="HTML_ON"/>
   <text:variable-decl text:value-type="string" text:name="HTML_OFF"/>
   <text:variable-decl text:value-type="string" text:name="TITEL"/>
   <text:variable-decl text:value-type="string" text:name="END"/>
   <text:variable-decl text:value-type="string" text:name="OS2"/>
   <text:variable-decl text:value-type="string" text:name="ELSE"/>
   <text:variable-decl text:value-type="string" text:name="NAME"/>
   <text:variable-decl text:value-type="string" text:name="MAC"/>
   <text:variable-decl text:value-type="string" text:name="HREF"/>
   <text:variable-decl text:value-type="string" text:name="MODIFY"/>
   <text:variable-decl text:value-type="string" text:name="REFNR"/>
   <text:variable-decl text:value-type="string" text:name="HFELD"/>
   <text:variable-decl text:value-type="string" text:name="STYLE"/>
   <text:variable-decl text:value-type="string" text:name="PARAINFO"/>
  </text:variable-decls>
  <text:sequence-decls>
   <text:sequence-decl text:display-outline-level="0" text:name="Illustration"/>
   <text:sequence-decl text:display-outline-level="0" text:name="Table"/>
   <text:sequence-decl text:display-outline-level="0" text:name="Text"/>
   <text:sequence-decl text:display-outline-level="0" text:name="Drawing"/>
  </text:sequence-decls>
  <text:p text:style-name="P1"/>
  <text:p text:style-name="Head 1"><help:paragraphinfo state="U" number="1"/>File Menu</text:p>
  <help:paragraphinfo state="E"/><help:to-popup Eid="neu">
  <text:p text:style-name="Paragraph"><help:paragraphinfo state="U" number="50"/>Choose <text:span text:style-name="T1">File - New</text:span></text:p>
  <text:p text:style-name="Paragraph"><help:paragraphinfo state="U" number="186"/><text:span text:style-name="T1">New</text:span> icon on the <text:span text:style-name="T1">Function</text:span> Bar (the icon shows the type of the new document)</text:p>
  <help:paragraphinfo state="E"/><help:to-be-embedded Eid="neutextdoc">
  <table:table table:name="Tabelle4" table:style-name="Tabelle4">
   <table:table-column table:style-name="Tabelle4.A"/>
   <table:table-column table:style-name="Tabelle4.B"/>
   <table:table-header-rows>
    <table:table-row>
     <table:table-cell table:value-type="string">
      <text:p text:style-name="Paragraph"><draw:image draw:name="Icon0" svg:desc="Icon" svg:pixelx="25" svg:pixely="25" svg:width="0.661cm" svg:height="0.661cm" xlink:href="67381" draw:filter-name=""/></text:p>

     </table:table-cell>
     <table:table-cell table:value-type="string">
      <text:p text:style-name="Paragraph"><help:paragraphinfo state="U" number="199"/>New</text:p>
     </table:table-cell>
    </table:table-row>
   </table:table-header-rows>
  </table:table>
  <help:paragraphinfo state="E"/></help:to-be-embedded>
  <text:p text:style-name="Paragraph"><help:paragraphinfo state="U" number="179"/>Key <help:switch select="System"><help:case select ="MAC">Command</help:case><help:default>Ctrl</help:default></help:switch>+N</text:p>
  <help:paragraphinfo state="E"/></help:to-popup>
  <help:paragraphinfo state="E"/><help:to-popup Eid="neuvundd">
  <text:p text:style-name="Paragraph"><help:paragraphinfo state="U" number="82"/>Menu <text:span text:style-name="T1">File - New</text:span> <text:span text:style-name="T1">- Templates and Documents</text:span>.</text:p>
  <text:p text:style-name="Paragraph"><help:paragraphinfo state="U" number="187"/>Key Shift+<help:switch select="System"><help:case select ="MAC">Command</help:case><help:default>Ctrl</help:default></help:switch>+N</text:p>
  <help:paragraphinfo state="E"/></help:to-popup>
  <text:p text:style-name="Paragraph"><help:paragraphinfo state="U" number="160"/><help:to-popup Eid="etiketten">Choose <text:span text:style-name="T1">File - New - Labels</text:span></help:to-popup></text:p>
  <text:p text:style-name="Paragraph"><help:paragraphinfo state="U" number="161"/><help:to-popup Eid="etikettenein">Choose <text:span text:style-name="T1">File - New - Labels - Labels</text:span> tab</help:to-popup></text:p>
  <help:paragraphinfo state="E"/><help:to-popup Eid="formateti">
  <text:p text:style-name="Paragraph"><help:paragraphinfo state="U" number="162"/>Choose <text:span text:style-name="T1">File - New - Labels - Format</text:span> tab</text:p>
  <text:p text:style-name="Paragraph"><help:paragraphinfo state="U" number="163"/>Choose <text:span text:style-name="T1">File - New - Business Cards - Format</text:span> tab</text:p>
  <help:paragraphinfo state="E"/></help:to-popup>
  <help:paragraphinfo state="E"/><help:to-popup Eid="druckereti">
  <text:p text:style-name="Paragraph"><help:paragraphinfo state="U" number="164"/>Choose <text:span text:style-name="T1">File - New - Labels - Options</text:span> tab</text:p>
  <text:p text:style-name="Paragraph"><help:paragraphinfo state="U" number="165"/>Choose <text:span text:style-name="T1">File - New - Business Cards - Options</text:span> tab</text:p>
  <help:paragraphinfo state="E"/></help:to-popup>
  <text:p text:style-name="Paragraph"><help:paragraphinfo state="U" number="166"/><help:to-popup Eid="visikart">Choose <text:span text:style-name="T1">File - New - Business Cards</text:span></help:to-popup></text:p>
  <text:p text:style-name="Paragraph"><help:paragraphinfo state="U" number="167"/><help:to-popup Eid="visikartform">Choose <text:span text:style-name="T1">File - New - Business Cards - Medium</text:span> tab</help:to-popup></text:p>
  <text:p text:style-name="Paragraph"><help:paragraphinfo state="U" number="168"/><help:to-popup Eid="viskartinhalt">Choose <text:span text:style-name="T1">File - New - Business Cards - Business cards</text:span> tab</help:to-popup></text:p>
  <text:p text:style-name="Paragraph"><help:paragraphinfo state="U" number="169"/><help:to-popup Eid="viskartpriv">Choose <text:span text:style-name="T1">File - New - Business Cards - Private</text:span> tab</help:to-popup></text:p>
  <text:p text:style-name="Paragraph"><help:paragraphinfo state="U" number="170"/><help:to-popup Eid="viskartgesch">Choose <text:span text:style-name="T1">File - New - Business Cards - Business</text:span> tab</help:to-popup></text:p>
  <help:paragraphinfo state="E"/><help:to-popup Eid="oeffnen">
  <text:p text:style-name="Paragraph"><help:paragraphinfo state="U" number="7"/>Choose <text:span text:style-name="T1">File - Open</text:span></text:p>
  <text:p text:style-name="Paragraph"><help:paragraphinfo state="U" number="83"/><help:switch select="System"><help:case select ="MAC">Command</help:case><help:default>Ctrl</help:default></help:switch>+O</text:p>
  <text:p text:style-name="Paragraph"><help:paragraphinfo state="U" number="8"/>On the <text:span text:style-name="T1">Function</text:span> Bar, click</text:p>
  <help:paragraphinfo state="E"/><help:to-be-embedded Eid="syoeffnen">
  <table:table table:name="Tabelle1" table:style-name="Tabelle1">
   <table:table-column table:style-name="Tabelle1.A"/>
   <table:table-column table:style-name="Tabelle1.B"/>
   <table:table-header-rows>
    <table:table-row>
     <table:table-cell table:value-type="string">
      <text:p text:style-name="Paragraph"><draw:image draw:name="Icon1" svg:desc="Icon" svg:pixelx="25" svg:pixely="25" svg:width="0.661cm" svg:height="0.661cm" xlink:href="65917" draw:filter-name=""/></text:p>

     </table:table-cell>
     <table:table-cell table:value-type="string">
      <text:p text:style-name="Paragraph"><help:paragraphinfo state="U" number="9"/>Open File</text:p>
     </table:table-cell>
    </table:table-row>
   </table:table-header-rows>
  </table:table>
  <help:paragraphinfo state="E"/></help:to-be-embedded></help:to-popup>
  <help:paragraphinfo state="E"/><help:to-popup Eid="ascii">
  <text:p text:style-name="Paragraph"><help:paragraphinfo state="U" number="174"/>Menu <text:span text:style-name="T1">File - Open</text:span>, File type <text:span text:style-name="T1">Text Encoded</text:span> selected</text:p>
  <text:p text:style-name="Paragraph"><help:paragraphinfo state="U" number="175"/>Menu <text:span text:style-name="T1">File - Save As</text:span>, File type <text:span text:style-name="T1">Text Encoded</text:span> selected</text:p>
  <help:paragraphinfo state="E"/></help:to-popup>
  <text:p text:style-name="Paragraph"><help:paragraphinfo state="U" number="109"/><help:to-popup Eid="autobrief">Choose <text:span text:style-name="T1">File - AutoPilot</text:span></help:to-popup></text:p>
  <text:p text:style-name="Paragraph"><help:paragraphinfo state="U" number="110"/><help:to-popup Eid="autopilotbrief">Choose <text:span text:style-name="T1">File - AutoPilot - Letter</text:span></help:to-popup></text:p>
  <text:p text:style-name="Paragraph"><help:paragraphinfo state="U" number="111"/><help:to-popup Eid="autopilotbrief1">Choose <text:span text:style-name="T1">File - AutoPilot - Letter - Page 1</text:span></help:to-popup></text:p>
  <text:p text:style-name="Paragraph"><help:paragraphinfo state="U" number="112"/><help:to-popup Eid="autopilotbrief2">Choose <text:span text:style-name="T1">File - AutoPilot - Letter - Page 2</text:span></help:to-popup></text:p>
  <text:p text:style-name="Paragraph"><help:paragraphinfo state="U" number="113"/><help:to-popup Eid="autopilotbrief3">Choose <text:span text:style-name="T1">File - AutoPilot - Letter - Page 3</text:span></help:to-popup></text:p>
  <text:p text:style-name="Paragraph"><help:paragraphinfo state="U" number="114"/><help:to-popup Eid="autopilotbrief4">Choose <text:span text:style-name="T1">File - AutoPilot - Letter - Page 4</text:span></help:to-popup></text:p>
  <text:p text:style-name="Paragraph"><help:paragraphinfo state="U" number="115"/><help:to-popup Eid="autopilotbrief5">Choose <text:span text:style-name="T1">File - AutoPilot - Letter - Page 5</text:span></help:to-popup></text:p>
  <text:p text:style-name="Paragraph"><help:paragraphinfo state="U" number="116"/><help:to-popup Eid="autopilotbrief6">Choose <text:span text:style-name="T1">File - AutoPilot -Letter - Page 6</text:span></help:to-popup></text:p>
  <text:p text:style-name="Paragraph"><help:paragraphinfo state="U" number="117"/><help:to-popup Eid="autopilotbrief7">Choose <text:span text:style-name="T1">File - AutoPilot - Letter - Page 7</text:span></help:to-popup></text:p>
  <text:p text:style-name="Paragraph"><help:paragraphinfo state="U" number="118"/><help:to-popup Eid="autopilotbrief8">Choose <text:span text:style-name="T1">File - AutoPilot - Letter - Page 8</text:span></help:to-popup></text:p>
  <text:p text:style-name="Paragraph"><help:paragraphinfo state="U" number="119"/><help:to-popup Eid="autopilotbrief9">Choose <text:span text:style-name="T1">File - AutoPilot - Letter - Page 9</text:span></help:to-popup></text:p>
  <text:p text:style-name="Paragraph"><help:paragraphinfo state="U" number="120"/><help:to-popup Eid="autopilotfax">Choose <text:span text:style-name="T1">File - AutoPilot - Fax</text:span></help:to-popup></text:p>
  <text:p text:style-name="Paragraph"><help:paragraphinfo state="U" number="121"/><help:to-popup Eid="autopilotfax1">Choose <text:span text:style-name="T1">File - AutoPilot - Fax - Page 1</text:span></help:to-popup></text:p>
  <text:p text:style-name="Paragraph"><help:paragraphinfo state="U" number="209"/><help:to-popup Eid="autopilotfax2">Choose <text:span text:style-name="T1">File - AutoPilot - Fax - Page 2</text:span></help:to-popup></text:p>
  <text:p text:style-name="Paragraph"><help:paragraphinfo state="U" number="122"/><help:to-popup Eid="autopilotfax3">Choose <text:span text:style-name="T1">File - AutoPilot - Fax - Page 3</text:span></help:to-popup></text:p>
  <text:p text:style-name="Paragraph"><help:paragraphinfo state="U" number="123"/><help:to-popup Eid="autopilotfax4">Choose <text:span text:style-name="T1">File - AutoPilot - Fax - Page 4</text:span></help:to-popup></text:p>
  <text:p text:style-name="Paragraph"><help:paragraphinfo state="U" number="124"/><help:to-popup Eid="autopilotfax5">Choose <text:span text:style-name="T1">File - AutoPilot - Fax - Page 5</text:span></help:to-popup></text:p>
  <text:p text:style-name="Paragraph"><help:paragraphinfo state="U" number="208"/><help:to-popup Eid="autopilotfax6">Choose <text:span text:style-name="T1"><text:s/>File - AutoPilot - Fax - Page 6</text:span></help:to-popup></text:p>
  <text:p text:style-name="Paragraph"><help:paragraphinfo state="U" number="207"/><help:to-popup Eid="autopilotfax7">Choose <text:span text:style-name="T1"><text:s/>File - AutoPilot - Fax - Page 7</text:span></help:to-popup></text:p>
  <text:p text:style-name="Paragraph"><help:paragraphinfo state="U" number="125"/><help:to-popup Eid="autopilotfax8">Choose <text:span text:style-name="T1">File - AutoPilot - Fax - Page 8</text:span></help:to-popup></text:p>
  <text:p text:style-name="Paragraph"><help:paragraphinfo state="U" number="126"/><help:to-popup Eid="autopilotmemo">Choose <text:span text:style-name="T1">File - AutoPilot - Memo</text:span></help:to-popup></text:p>
  <text:p text:style-name="Paragraph"><help:paragraphinfo state="U" number="127"/><help:to-popup Eid="autopilotmemo1">Choose <text:span text:style-name="T1">File - AutoPilot - Memo - Page 1</text:span></help:to-popup></text:p>
  <text:p text:style-name="Paragraph"><help:paragraphinfo state="U" number="128"/><help:to-popup Eid="autopilotmemo2">Choose <text:span text:style-name="T1">File - AutoPilot - Memo - Page 2</text:span></help:to-popup></text:p>
  <text:p text:style-name="Paragraph"><help:paragraphinfo state="U" number="129"/><help:to-popup Eid="autopilotmemo3">Choose <text:span text:style-name="T1">File - AutoPilot - Memo - Page 3</text:span></help:to-popup></text:p>
  <text:p text:style-name="Paragraph"><help:paragraphinfo state="U" number="206"/><help:to-popup Eid="autopilotmemo4">Choose <text:span text:style-name="T1">File - AutoPilot - Memo - Page 4</text:span></help:to-popup></text:p>
  <text:p text:style-name="Paragraph"><help:paragraphinfo state="U" number="130"/><help:to-popup Eid="autopilotmemo5">Choose <text:span text:style-name="T1">File - AutoPilot - Memo - Page 5</text:span></help:to-popup></text:p>
  <text:p text:style-name="Paragraph"><help:paragraphinfo state="U" number="131"/><help:to-popup Eid="autopilotagenda">Choose <text:span text:style-name="T1">File - AutoPilot - Agenda</text:span></help:to-popup></text:p>
  <text:p text:style-name="Paragraph"><help:paragraphinfo state="U" number="132"/><help:to-popup Eid="autopilotagenda1">Choose <text:span text:style-name="T1">File - AutoPilot - Agenda - Page 1</text:span></help:to-popup></text:p>
  <text:p text:style-name="Paragraph"><help:paragraphinfo state="U" number="133"/><help:to-popup Eid="autopilotagenda2">Choose <text:span text:style-name="T1">File - AutoPilot - Agenda - Page 2</text:span></help:to-popup></text:p>
  <text:p text:style-name="Paragraph"><help:paragraphinfo state="U" number="134"/><help:to-popup Eid="autopilotagenda3">Choose <text:span text:style-name="T1">File - AutoPilot - Agenda - Page 3</text:span></help:to-popup></text:p>
  <text:p text:style-name="Paragraph"><help:paragraphinfo state="U" number="135"/><help:to-popup Eid="autopilotagenda4">Choose <text:span text:style-name="T1">File - AutoPilot - Agenda - Page 4</text:span></help:to-popup></text:p>
  <text:p text:style-name="Paragraph"><help:paragraphinfo state="U" number="205"/><help:to-popup Eid="autopilotagenda5">Choose <text:span text:style-name="T1">File - AutoPilot - Agenda - Page 5</text:span></help:to-popup></text:p>
  <text:p text:style-name="Paragraph"><help:paragraphinfo state="U" number="136"/><help:to-popup Eid="autopilotagenda6">Choose <text:span text:style-name="T1">File - AutoPilot - Agenda - Page 6</text:span></help:to-popup></text:p>
  <text:p text:style-name="Paragraph"><help:paragraphinfo state="U" number="102"/><help:to-popup Eid="dtapt">Choose <text:span text:style-name="T1">File - AutoPilot - Presentation</text:span></help:to-popup></text:p>
  <text:p text:style-name="Paragraph"><help:paragraphinfo state="U" number="103"/><help:to-popup Eid="dtapse">Choose <text:span text:style-name="T1">File - AutoPilot - Presentation - Page 1</text:span></help:to-popup></text:p>
  <text:p text:style-name="Paragraph"><help:paragraphinfo state="U" number="104"/><help:to-popup Eid="dtapsz">Choose <text:span text:style-name="T1">File - AutoPilot - Presentation - Page 2</text:span></help:to-popup></text:p>
  <text:p text:style-name="Paragraph"><help:paragraphinfo state="U" number="105"/><help:to-popup Eid="dtapsd">Choose <text:span text:style-name="T1">File - AutoPilot - Presentation - Page 3</text:span></help:to-popup></text:p>
  <text:p text:style-name="Paragraph"><help:paragraphinfo state="U" number="106"/><help:to-popup Eid="dtapsv">Choose <text:span text:style-name="T1">File - AutoPilot - Presentation - Page 4</text:span></help:to-popup></text:p>
  <text:p text:style-name="Paragraph"><help:paragraphinfo state="U" number="107"/><help:to-popup Eid="dtapsf">Choose <text:span text:style-name="T1">File - AutoPilot - Presentation - Page 5</text:span></help:to-popup></text:p>
  <text:p text:style-name="Paragraph"><help:paragraphinfo state="U" number="23"/><help:to-popup Eid="autopilotwebseite">Choose <text:span text:style-name="T1">File - AutoPilot - Web Page</text:span></help:to-popup></text:p>
  <text:p text:style-name="Paragraph"><help:paragraphinfo state="U" number="195"/><help:to-popup Eid="autopilotformular">Menu<text:span text:style-name="T1"> File - AutoPilot - Form</text:span></help:to-popup></text:p>
  <text:p text:style-name="Paragraph"><help:paragraphinfo state="U" number="196"/><help:to-popup Eid="autopilotformulartabauswahl">Menu<text:span text:style-name="T1"> File - AutoPilot - Form - Database selection</text:span></help:to-popup></text:p>
  <text:p text:style-name="Paragraph"><help:paragraphinfo state="U" number="197"/><help:to-popup Eid="autopilotformularfeldausrichtung">Menu<text:span text:style-name="T1"> File - AutoPilot - Form - Create</text:span></help:to-popup></text:p>
  <text:p text:style-name="Paragraph"><help:paragraphinfo state="U" number="143"/><help:to-popup Eid="gruppen">In form design, click the <text:span text:style-name="T1">Group Box</text:span> icon on the <text:span text:style-name="T1">Form Functions</text:span> floating toolbar and use the mouse to create a frame.</help:to-popup></text:p>
  <text:p text:style-name="Paragraph"><help:paragraphinfo state="U" number="144"/><help:to-popup Eid="gruppen1">In form design, click the <text:span text:style-name="T1">Group Box</text:span> icon on the <text:span text:style-name="T1">Form Functions</text:span> floating toolbar and use the mouse to create a frame - AutoPilot page 1</help:to-popup></text:p>
  <text:p text:style-name="Paragraph"><help:paragraphinfo state="U" number="148"/><help:to-popup Eid="gruppen2">In form design, click the <text:span text:style-name="T1">Group Box</text:span> icon on the <text:span text:style-name="T1">Form Functions</text:span> floating toolbar and use the mouse to create a frame - AutoPilot page 2</help:to-popup></text:p>
  <text:p text:style-name="Paragraph"><help:paragraphinfo state="U" number="145"/><help:to-popup Eid="gruppen3">In form design, click the <text:span text:style-name="T1">Group Box</text:span> icon on the <text:span text:style-name="T1">Form Functions</text:span> floating toolbar and use the mouse to create a frame - AutoPilot page 3</help:to-popup></text:p>
  <text:p text:style-name="Paragraph"><help:paragraphinfo state="U" number="146"/><help:to-popup Eid="gruppen4">In form design, click the <text:span text:style-name="T1">Group Box</text:span> icon on the <text:span text:style-name="T1">Form Functions</text:span> floating toolbar and use the mouse to create a frame - AutoPilot page 4, There must be a database connection.</help:to-popup></text:p>
  <text:p text:style-name="Paragraph"><help:paragraphinfo state="U" number="147"/><help:to-popup Eid="gruppen5">In form design, click the <text:span text:style-name="T1">Group Box</text:span> icon on the <text:span text:style-name="T1">Form Functions</text:span> floating toolbar and use the mouse to create a frame - last page of AutoPilot</help:to-popup></text:p>
  <text:p text:style-name="Paragraph"><help:paragraphinfo state="U" number="211"/><help:to-popup Eid="autopilotreport">Menu <text:span text:style-name="T1">File - AutoPilot - Report</text:span></help:to-popup></text:p>
  <text:p text:style-name="Paragraph"><help:paragraphinfo state="U" number="212"/><help:to-popup Eid="autopilotreporttabauswahl">Menu <text:span text:style-name="T1">File - AutoPilot - Report - Choose Database</text:span></help:to-popup></text:p>
  <text:p text:style-name="Paragraph"><help:paragraphinfo state="U" number="213"/><help:to-popup Eid="autopilotreportgrouping">Menu <text:span text:style-name="T1">File - AutoPilot - Report - Grouping</text:span></help:to-popup></text:p>
  <text:p text:style-name="Paragraph"><help:paragraphinfo state="U" number="214"/><help:to-popup Eid="autopilotreportsortoptions">Menu <text:span text:style-name="T1">File - AutoPilot - Report - Sort Options</text:span></help:to-popup></text:p>
  <text:p text:style-name="Paragraph"><help:paragraphinfo state="U" number="215"/><help:to-popup Eid="autopilotreportchooselayout">Menu <text:span text:style-name="T1">File - AutoPilot - Report - Choose Layout</text:span></help:to-popup></text:p>
  <text:p text:style-name="Paragraph"><help:paragraphinfo state="U" number="216"/><help:to-popup Eid="autopilotreportsavereport">Menu <text:span text:style-name="T1">File - AutoPilot - Report - Save Report</text:span></help:to-popup></text:p>
  <text:p text:style-name="Paragraph"><help:paragraphinfo state="U" number="150"/><help:to-popup Eid="autopilotmsimport">Choose <text:span text:style-name="T1">File - AutoPilot - Document Converter</text:span></help:to-popup></text:p>
  <text:p text:style-name="Paragraph"><help:paragraphinfo state="U" number="151"/><help:to-popup Eid="autopilotmsimport1">Choose <text:span text:style-name="T1">File - AutoPilot - Document Converter</text:span></help:to-popup></text:p>
  <text:p text:style-name="Paragraph"><help:paragraphinfo state="U" number="149"/><help:to-popup Eid="autopilotmsimport2">Choose <text:span text:style-name="T1">File - AutoPilot - Document Converter</text:span></help:to-popup></text:p>
  <text:p text:style-name="Paragraph"><help:paragraphinfo state="U" number="180"/><help:to-popup Eid="dataimport">Menu <text:span text:style-name="T1">File - AutoPilot - StarOffice 5.2 Database import</text:span></help:to-popup></text:p>
  <text:p text:style-name="Paragraph"><help:paragraphinfo state="U" number="181"/><help:to-popup Eid="dataimport1">Menu <text:span text:style-name="T1">File - AutoPilot - StarOffice 5.2 Database import - Define source</text:span></help:to-popup></text:p>
  <text:p text:style-name="Paragraph"><help:paragraphinfo state="U" number="182"/><help:to-popup Eid="dataimport2">Menu <text:span text:style-name="T1">File - AutoPilot - StarOffice 5.2 Database import - Elements to be imported</text:span></help:to-popup></text:p>
  <text:p text:style-name="Paragraph"><help:paragraphinfo state="U" number="188"/><help:to-popup Eid="dataimport2a">Menu <text:span text:style-name="T1">File - AutoPilot - StarOffice 5.2 Database import - Adjust path</text:span></help:to-popup></text:p>
  <text:p text:style-name="Paragraph"><help:paragraphinfo state="U" number="183"/><help:to-popup Eid="dataimport3">Menu <text:span text:style-name="T1">File - AutoPilot - StarOffice 5.2 Database import - Form import</text:span></help:to-popup></text:p>
  <text:p text:style-name="Paragraph"><help:paragraphinfo state="U" number="184"/><help:to-popup Eid="dataimport4">Menu <text:span text:style-name="T1">File - AutoPilot - StarOffice 5.2 Database import - Query import</text:span></help:to-popup></text:p>
  <text:p text:style-name="Paragraph"><help:paragraphinfo state="U" number="185"/><help:to-popup Eid="dataimport5">Menu <text:span text:style-name="T1">File - AutoPilot - StarOffice 5.2 Database import - Summary</text:span></help:to-popup></text:p>
  <text:p text:style-name="Paragraph"><help:paragraphinfo state="U" number="171"/><help:to-popup Eid="euro">Choose <text:span text:style-name="T1">File - AutoPilot - Euro Converter</text:span></help:to-popup></text:p>
  <help:paragraphinfo state="E"/><help:to-popup Eid="addressimport1">
  <text:p text:style-name="Paragraph"><help:paragraphinfo state="U" number="190"/>AutoPilot <text:span text:style-name="T1">Address Data Source</text:span> (starts automatically)</text:p>
  <text:p text:style-name="Paragraph"><help:paragraphinfo state="U" number="198"/>Menu <text:span text:style-name="T1">File - AutoPilot</text:span> - <text:span text:style-name="T1">Address Data Source</text:span></text:p>
  <help:paragraphinfo state="E"/></help:to-popup>
  <text:p text:style-name="Paragraph"><help:paragraphinfo state="U" number="191"/><help:to-popup Eid="addressimport2">AutoPilot <text:span text:style-name="T1">Address Data Source</text:span> - <text:span text:style-name="T1">Additional settings</text:span></help:to-popup></text:p>
  <text:p text:style-name="Paragraph"><help:paragraphinfo state="U" number="192"/><help:to-popup Eid="addressimport3">AutoPilot <text:span text:style-name="T1">Address Data Source</text:span> - <text:span text:style-name="T1">Select table</text:span></help:to-popup></text:p>
  <text:p text:style-name="Paragraph"><help:paragraphinfo state="U" number="193"/><help:to-popup Eid="addressimport4">AutoPilot <text:span text:style-name="T1">Address Data Source</text:span> <text:span text:style-name="T1">- Data source title</text:span></help:to-popup></text:p>
  <text:p text:style-name="Paragraph"><help:paragraphinfo state="U" number="194"/><help:to-popup Eid="addressimport5">AutoPilot <text:span text:style-name="T1">Address Data Source</text:span> - <text:span text:style-name="T1">Field assignment</text:span></help:to-popup></text:p>
  <text:p text:style-name="Paragraph"><help:paragraphinfo state="U" number="57"/><help:to-popup Eid="schliessen">Choose <text:span text:style-name="T1">File - Close</text:span></help:to-popup></text:p>
  <help:paragraphinfo state="E"/><help:to-popup Eid="save">
  <text:p text:style-name="Paragraph"><help:paragraphinfo state="U" number="10"/>Choose <text:span text:style-name="T1">File - Save</text:span></text:p>
  <text:p text:style-name="Paragraph"><help:paragraphinfo state="U" number="84"/><help:switch select="System"><help:case select ="MAC">Command</help:case><help:default>Ctrl</help:default></help:switch>+S</text:p>
  <text:p text:style-name="Paragraph"><help:paragraphinfo state="U" number="11"/>On <text:span text:style-name="T1">Function</text:span> or <text:span text:style-name="T1">Database</text:span> Bar, click</text:p>
  <help:paragraphinfo state="E"/><help:to-be-embedded Eid="sysave">
  <table:table table:name="Tabelle2" table:style-name="Tabelle2">
   <table:table-column table:style-name="Tabelle2.A"/>
   <table:table-column table:style-name="Tabelle2.B"/>
   <table:table-header-rows>
    <table:table-row>
     <table:table-cell table:value-type="string">
      <text:p text:style-name="Paragraph"><draw:image draw:name="Icon2" svg:desc="Icon" svg:pixelx="25" svg:pixely="25" svg:width="0.661cm" svg:height="0.661cm" xlink:href="65921" draw:filter-name=""/></text:p>

     </table:table-cell>
     <table:table-cell table:value-type="string">
      <text:p text:style-name="Paragraph"><help:paragraphinfo state="U" number="12"/>Save Document</text:p>
     </table:table-cell>
    </table:table-row>
   </table:table-header-rows>
  </table:table>
  <help:paragraphinfo state="E"/></help:to-be-embedded></help:to-popup>
  <text:p text:style-name="Paragraph"><help:paragraphinfo state="U" number="78"/><help:to-popup Eid="gifspeichern">Choose <text:span text:style-name="T1">File - Save As</text:span>, if GIF selected as file type, dialog opens automatically</help:to-popup></text:p>
  <text:p text:style-name="Paragraph"><help:paragraphinfo state="U" number="79"/><help:to-popup Eid="pngspeichern">Choose <text:span text:style-name="T1">File - Save As</text:span>, if PNG selected as file type, dialog opens automatically</help:to-popup></text:p>
  <text:p text:style-name="Paragraph"><help:paragraphinfo state="U" number="97"/><help:to-popup Eid="bmpspeichern">Choose <text:span text:style-name="T1">File - Save As</text:span>, if BMP selected as file type, dialog opens automatically</help:to-popup></text:p>
  <text:p text:style-name="Paragraph"><help:paragraphinfo state="U" number="98"/><help:to-popup Eid="jpegspeichern">Choose <text:span text:style-name="T1">File - Save As</text:span>, if JPEG selected as file type, dialog opens automatically</help:to-popup></text:p>
  <text:p text:style-name="Paragraph"><help:paragraphinfo state="U" number="99"/><help:to-popup Eid="htmlspeichern"><help:productname>%PRODUCTNAME</help:productname> Draw or <help:productname>%PRODUCTNAME</help:productname> Impress menu <text:span text:style-name="T1">File - Export</text:span>, select &quot;HTML Document&quot; file type, this dialog opens automatically</help:to-popup></text:p>
  <text:p text:style-name="Paragraph"><help:paragraphinfo state="U" number="137"/><help:to-popup Eid="htmlspeichern1"><help:productname>%PRODUCTNAME</help:productname> Draw/<help:productname>%PRODUCTNAME</help:productname> Impress menu<text:span text:style-name="T1"> File - Export</text:span>, select HTML file type, page 1 of the AutoPilot</help:to-popup></text:p>
  <text:p text:style-name="Paragraph"><help:paragraphinfo state="U" number="138"/><help:to-popup Eid="htmlspeichern2"><help:productname>%PRODUCTNAME</help:productname> Draw/<help:productname>%PRODUCTNAME</help:productname> Impress menu<text:span text:style-name="T1"> File - Export</text:span>, select HTML file type, page 2 of the AutoPilot</help:to-popup></text:p>
  <text:p text:style-name="Paragraph"><help:paragraphinfo state="U" number="159"/><help:to-popup Eid="htmlspeichern3"><help:productname>%PRODUCTNAME</help:productname> Draw/<help:productname>%PRODUCTNAME</help:productname> Impress menu<text:span text:style-name="T1"> File - Export</text:span>, select HTML file type, page 3 of the AutoPilot</help:to-popup></text:p>
  <text:p text:style-name="Paragraph"><help:paragraphinfo state="U" number="140"/><help:to-popup Eid="htmlspeichern4"><help:productname>%PRODUCTNAME</help:productname> Draw/<help:productname>%PRODUCTNAME</help:productname> Impress menu<text:span text:style-name="T1"> File - Export</text:span>, select HTML file type, page 4 of the AutoPilot</help:to-popup></text:p>
  <text:p text:style-name="Paragraph"><help:paragraphinfo state="U" number="141"/><help:to-popup Eid="htmlspeichern5"><help:productname>%PRODUCTNAME</help:productname> Draw/<help:productname>%PRODUCTNAME</help:productname> Impress menu<text:span text:style-name="T1"> File - Export</text:span>, select HTML file type, page 5 of the AutoPilot</help:to-popup></text:p>
  <text:p text:style-name="Paragraph"><help:paragraphinfo state="U" number="142"/><help:to-popup Eid="htmlspeichern6"><help:productname>%PRODUCTNAME</help:productname> Draw/<help:productname>%PRODUCTNAME</help:productname> Impress menu<text:span text:style-name="T1"> File - Export</text:span>, select HTML file type, page 6 of the AutoPilot</help:to-popup></text:p>
  <text:p text:style-name="Paragraph"><help:paragraphinfo state="U" number="100"/><help:to-popup Eid="svmspeichern">Choose <text:span text:style-name="T1">File - Export</text:span>, if SVM/WMF/PICT/MET selected as file type, dialog opens automatically</help:to-popup></text:p>
  <text:p text:style-name="Paragraph"><help:paragraphinfo state="U" number="217"/><help:to-popup Eid="bmpexport">Choose <text:span text:style-name="T1">File - Export</text:span>, if BMP selected as file type, dialog opens automatically</help:to-popup></text:p>
  <text:p text:style-name="Paragraph"><help:paragraphinfo state="U" number="218"/><help:to-popup Eid="gifexport">Choose <text:span text:style-name="T1">File - Export</text:span>, if GIF selected as file type, dialog opens</help:to-popup></text:p>
  <text:p text:style-name="Paragraph"><help:paragraphinfo state="U" number="58"/><help:to-popup Eid="saveall">Choose <text:span text:style-name="T1">File - Save All</text:span></help:to-popup></text:p>
  <text:p text:style-name="Paragraph"><help:paragraphinfo state="U" number="59"/><help:to-popup Eid="saveas">Choose <text:span text:style-name="T1">File <text:s/>- Save As</text:span></help:to-popup></text:p>
  <help:paragraphinfo state="E"/><help:to-popup Eid="last">
  <text:p text:style-name="Paragraph"><help:paragraphinfo state="U" number="60"/>Choose <text:span text:style-name="T1">File <text:s/>- Reload</text:span></text:p>
  <help:paragraphinfo state="E"/></help:to-popup>
  <text:p text:style-name="Paragraph"><help:paragraphinfo state="U" number="61"/><help:to-popup Eid="info1">Choose <text:span text:style-name="T1">File - Properties</text:span></help:to-popup></text:p>
  <text:p text:style-name="Paragraph"><help:paragraphinfo state="U" number="62"/><help:to-popup Eid="info2">Choose <text:span text:style-name="T1">File - Properties - General</text:span> tab</help:to-popup></text:p>
  <text:p text:style-name="Paragraph"><help:paragraphinfo state="U" number="63"/><help:to-popup Eid="info3">Choose <text:span text:style-name="T1">File - Properties - Description</text:span> tab</help:to-popup></text:p>
  <text:p text:style-name="Paragraph"><help:paragraphinfo state="U" number="64"/><help:to-popup Eid="info4">Choose <text:span text:style-name="T1">File - Properties - User Defined</text:span> tab</help:to-popup></text:p>
  <text:p text:style-name="Paragraph"><help:paragraphinfo state="U" number="65"/><help:to-popup Eid="info5">Choose <text:span text:style-name="T1">File - Properties - Statistics</text:span> tab</help:to-popup></text:p>
  <text:p text:style-name="Paragraph"><help:paragraphinfo state="U" number="66"/><help:to-popup Eid="info6">Choose <text:span text:style-name="T1">File - Properties - Internet</text:span> tab</help:to-popup></text:p>
  <text:p text:style-name="Paragraph"><help:paragraphinfo state="U" number="67"/><help:to-popup Eid="dokuvorlage">Choose <text:span text:style-name="T1">File - Templates</text:span></help:to-popup></text:p>
  <text:p text:style-name="Paragraph"><help:paragraphinfo state="U" number="68"/><help:to-popup Eid="verwalten">Choose <text:span text:style-name="T1">File - Templates - Organize</text:span></help:to-popup></text:p>
  <help:paragraphinfo state="E"/><help:to-popup Eid="voradzu">
  <text:p text:style-name="Paragraph"><help:paragraphinfo state="U" number="176"/>Choose <text:span text:style-name="T1">File - Templates - Organize - Address Book</text:span> button</text:p>
  <text:p text:style-name="Paragraph"><help:paragraphinfo state="U" number="178"/>Choose <text:span text:style-name="T1">File - Templates - Address Book Source</text:span></text:p>
  <help:paragraphinfo state="E"/></help:to-popup>
  <help:paragraphinfo state="E"/><help:to-popup Eid="voradzuadmi">
  <text:p text:style-name="Paragraph"><help:paragraphinfo state="U" number="177"/>Menu <text:span text:style-name="T1">File - Templates - Address Book Source, </text:span>then <text:span text:style-name="T1">Administrate</text:span> button</text:p>
  <text:p text:style-name="Paragraph"><help:paragraphinfo state="U" number="189"/><help:switch select="Program"><help:case select="WRITER">Choose<text:span text:style-name="T1">Tools</text:span> - <text:span text:style-name="T1">Data sources</text:span></help:case><help:case select="CALC">Choose <text:span text:style-name="T1">Tools</text:span> - <text:span text:style-name="T1">Data sources</text:span></help:case></help:switch></text:p>
  <help:paragraphinfo state="E"/></help:to-popup>
  <text:p text:style-name="Paragraph"><help:paragraphinfo state="U" number="172"/><help:to-popup Eid="dokuspei">Choose <text:span text:style-name="T1">File - Templates - Save</text:span></help:to-popup></text:p>
  <text:p text:style-name="Paragraph"><help:paragraphinfo state="U" number="173"/><help:to-popup Eid="dokubear">Choose <text:span text:style-name="T1">File - Templates - Edit</text:span></help:to-popup></text:p>
  <text:p text:style-name="Paragraph"><help:paragraphinfo state="U" number="69"/><help:to-popup Eid="ansicht">Menu<text:span text:style-name="T1"> File - Page Preview</text:span></help:to-popup></text:p>
  <help:paragraphinfo state="E"/><help:to-popup Eid="drucker">
  <text:p text:style-name="Paragraph"><help:paragraphinfo state="U" number="70"/>Choose <text:span text:style-name="T1">File - Printer Settings</text:span></text:p>
  <text:p text:style-name="Paragraph"><help:paragraphinfo state="U" number="71"/>Choose <text:span text:style-name="T1">File - Templates - Organize - Commands (button)- Printer Settings</text:span></text:p>
  <text:p text:style-name="Paragraph"><help:paragraphinfo state="U" number="73"/>Choose <text:span text:style-name="T1">File - AutoPilot - Letter - Page 9</text:span></text:p>
  <help:paragraphinfo state="E"/></help:to-popup>
  <text:p text:style-name="Paragraph"><help:paragraphinfo state="U" number="17"/><help:to-popup Eid="senden">Menu<text:span text:style-name="T1"> File - Send</text:span></help:to-popup></text:p>
  <help:paragraphinfo state="E"/><help:to-popup Eid="dokument">
  <text:p text:style-name="Paragraph"><help:paragraphinfo state="U" number="18"/>Choose <text:span text:style-name="T1">File - Send - Document as E-mail</text:span></text:p>
  <help:paragraphinfo state="E"/></help:to-popup>
  <text:p text:style-name="Paragraph"><help:paragraphinfo state="U" number="222"/><help:to-popup Eid="export">Choose <text:span text:style-name="T1">File - Export</text:span></help:to-popup></text:p>
  <help:paragraphinfo state="E"/><help:to-popup Eid="exportpdf">
  <text:p text:style-name="Paragraph"><help:paragraphinfo state="U" number="219"/>Choose <text:span text:style-name="T1">File - Export as PDF</text:span></text:p>
  <help:paragraphinfo state="E"/><help:to-be-embedded Eid="syexportpdf">
  <table:table table:name="Tabelle3" table:style-name="Tabelle3">
   <table:table-column table:style-name="Tabelle3.A"/>
   <table:table-column table:style-name="Tabelle3.B"/>
   <table:table-header-rows>
    <table:table-row>
     <table:table-cell table:value-type="string">
      <text:p text:style-name="Paragraph"><draw:image draw:name="Icon3" svg:desc="Icon" svg:pixelx="25" svg:pixely="25" svg:width="0.661cm" svg:height="0.661cm" xlink:href="67561" draw:filter-name=""/></text:p>

     </table:table-cell>
     <table:table-cell table:value-type="string">
      <text:p text:style-name="Paragraph"><help:paragraphinfo state="U" number="220"/>Export Directly as PDF</text:p>
     </table:table-cell>
    </table:table-row>
   </table:table-header-rows>
  </table:table>
  <help:paragraphinfo state="E"/></help:to-be-embedded></help:to-popup>
  <help:paragraphinfo state="E"/><help:to-popup Eid="pdf">
  <text:p text:style-name="Paragraph"><help:paragraphinfo state="U" number="210"/>Choose <text:span text:style-name="T1">File – Send – Document as PDF Attachment</text:span></text:p>
  <help:paragraphinfo state="E"/></help:to-popup>
  <text:p text:style-name="Paragraph"><help:paragraphinfo state="U" number="74"/><help:to-popup Eid="glo">Choose <text:span text:style-name="T1">File - Send - Create Master Document</text:span></help:to-popup></text:p>
  <help:paragraphinfo state="E"/><help:to-popup Eid="drucken">
  <text:p text:style-name="Paragraph"><help:paragraphinfo state="U" number="13"/>Choose <text:span text:style-name="T1">File - Print</text:span></text:p>
  <text:p text:style-name="Paragraph"><help:paragraphinfo state="U" number="85"/><help:switch select="System"><help:case select ="MAC">Command</help:case><help:default>Ctrl</help:default></help:switch>+P</text:p>
  <text:p text:style-name="Paragraph"><help:paragraphinfo state="U" number="3"/>On <text:span text:style-name="T1">Function</text:span> Bar, click</text:p>
  <help:paragraphinfo state="E"/><help:to-be-embedded Eid="sydrucken">
  <table:table table:name="Tabelle29" table:style-name="Tabelle29">
   <table:table-column table:style-name="Tabelle29.A"/>
   <table:table-column table:style-name="Tabelle29.B"/>
   <table:table-header-rows>
    <table:table-row>
     <table:table-cell table:value-type="string">
      <text:p text:style-name="Paragraph"><draw:image draw:name="Icon4" svg:desc="Icon" svg:pixelx="25" svg:pixely="25" svg:width="0.661cm" svg:height="0.661cm" xlink:href="65919" draw:filter-name=""/></text:p>

     </table:table-cell>
     <table:table-cell table:value-type="string">
      <text:p text:style-name="Paragraph"><help:paragraphinfo state="U" number="4"/>Print File Directly</text:p>
     </table:table-cell>
    </table:table-row>
   </table:table-header-rows>
  </table:table>
  <help:paragraphinfo state="E"/></help:to-be-embedded>
  <help:paragraphinfo state="E"/><help:switch select="Program"><help:case select="WRITER">
  <text:p text:style-name="Paragraph"><help:paragraphinfo state="U" number="5"/><a name="anker"/>On the <text:span text:style-name="T1">Page View</text:span> <text:span text:style-name="T1">Bar</text:span> of a text document, click</text:p>
  <table:table table:name="Tabelle30" table:style-name="Tabelle30">
   <table:table-column table:style-name="Tabelle30.A"/>
   <table:table-column table:style-name="Tabelle30.B"/>
   <table:table-header-rows>
    <table:table-row>
     <table:table-cell table:value-type="string">
      <text:p text:style-name="Paragraph"><draw:image draw:name="Icon5" svg:desc="Icon" svg:pixelx="25" svg:pixely="25" svg:width="0.661cm" svg:height="0.661cm" xlink:href="65880" draw:filter-name=""/></text:p>

     </table:table-cell>
     <table:table-cell table:value-type="string">
      <text:p text:style-name="Paragraph"><help:paragraphinfo state="U" number="6"/>Print Page Preview</text:p>
     </table:table-cell>
    </table:table-row>
   </table:table-header-rows>
  </table:table>
  <help:paragraphinfo state="E"/></help:case></help:switch>
  <help:paragraphinfo state="E"/></help:to-popup>
  <help:paragraphinfo state="E"/><help:to-popup Eid="beenden">
  <text:p text:style-name="Paragraph"><help:paragraphinfo state="U" number="72"/>Choose <text:span text:style-name="T1">File - Exit</text:span></text:p>
  <text:p text:style-name="Paragraph"><help:paragraphinfo state="U" number="86"/><help:switch select="System"><help:case select ="MAC">Command</help:case><help:default>Ctrl</help:default></help:switch>+Q</text:p>
  <help:paragraphinfo state="E"/></help:to-popup>
  <text:p text:style-name="Paragraph"><help:paragraphinfo state="U" number="75"/><help:to-popup Eid="neuglobal">Choose <text:span text:style-name="T1">File - New - Master Document</text:span></help:to-popup></text:p>
  <text:p text:style-name="Paragraph"><help:paragraphinfo state="U" number="76"/><help:to-popup Eid="textimport">Menu<text:span text:style-name="T1"> File - Open</text:span> - select under Files of type: &quot;Text CSV&quot;</help:to-popup></text:p>
  <text:p text:style-name="Paragraph"><help:paragraphinfo state="U" number="81"/><help:to-popup Eid="epsexport">Choose <text:span text:style-name="T1">File - Export</text:span>, if EPS is selected as file type, this dialog opens automatically</help:to-popup></text:p>
  <text:p text:style-name="Paragraph"><help:paragraphinfo state="U" number="87"/><help:to-popup Eid="pbmppmpgm">Choose <text:span text:style-name="T1">File - Export</text:span>, if PBM, PPM or PGM is selected as file type, the dialog opens automatically</help:to-popup></text:p>
  <text:p text:style-name="Paragraph"><help:paragraphinfo state="U" number="96"/><help:to-popup Eid="versionen"><help:to-popup Eid="autopilotberichtfeldauswahl">Choose <text:span text:style-name="T1">File - Versions</text:span></help:to-popup></help:to-popup></text:p>
 </office:body>
</office:document>
