

<office:document  xmlns:office="http://openoffice.org/2000/office" xmlns:style="http://openoffice.org/2000/style" xmlns:text="http://openoffice.org/2000/text" xmlns:table="http://openoffice.org/2000/table" xmlns:draw="http://openoffice.org/2000/drawing" xmlns:fo="http://www.w3.org/1999/XSL/Format" xmlns:xlink="http://www.w3.org/1999/xlink" xmlns:number="http://openoffice.org/2000/datastyle" xmlns:svg="http://www.w3.org/2000/svg" xmlns:chart="http://openoffice.org/2000/chart" xmlns:dr3d="http://openoffice.org/2000/dr3d" xmlns:math="http://www.w3.org/1998/Math/MathML" xmlns:form="http://openoffice.org/2000/form" xmlns:script="http://openoffice.org/2000/script" office:class="text" office:version="1.0" xmlns:dc="http://purl.org/dc/elements/1.1/" xmlns:meta="http://openoffice.org/2000/meta" xmlns:help="http://openoffice.org/2000/help">
<office:meta>
  <dc:description>text/common/00/00040501</dc:description>
  <dc:subject>Format Menu</dc:subject>
  <meta:keywords>
   <meta:keyword>$Version</meta:keyword>
  </meta:keywords>
  <dc:language>en-US</dc:language>
  <meta:user-defined meta:name="Info 0">READY</meta:user-defined>
  <meta:user-defined meta:name="Info 1">FREE_OK</meta:user-defined>
  <meta:user-defined meta:name="Info 2">NOINDEX</meta:user-defined>
  <meta:user-defined meta:name="Info 3"/>
</office:meta>
 <office:script/>
 <office:font-decls>
  <style:font-decl style:name="StarSymbol" fo:font-family="StarSymbol" style:font-charset="x-symbol"/>
  <style:font-decl style:name="Courier New" fo:font-family="&apos;Courier New&apos;" style:font-style-name="Standard" style:font-family-generic="modern" style:font-pitch="fixed"/>
  <style:font-decl style:name="Courier" fo:font-family="Courier" style:font-family-generic="roman" style:font-pitch="fixed"/>
  <style:font-decl style:name="Arial Unicode MS" fo:font-family="&apos;Arial Unicode MS&apos;" style:font-pitch="variable"/>
  <style:font-decl style:name="HG Mincho Light J" fo:font-family="&apos;HG Mincho Light J&apos;" style:font-pitch="variable"/>
  <style:font-decl style:name="Times New Roman3" fo:font-family="&apos;Times New Roman&apos;" style:font-pitch="variable"/>
  <style:font-decl style:name="Thorndale" fo:font-family="Thorndale" style:font-family-generic="roman" style:font-pitch="variable"/>
  <style:font-decl style:name="Times New Roman2" fo:font-family="&apos;Times New Roman&apos;" style:font-style-name="Fett" style:font-family-generic="roman" style:font-pitch="variable"/>
  <style:font-decl style:name="Times New Roman" fo:font-family="&apos;Times New Roman&apos;" style:font-style-name="Standard" style:font-family-generic="roman" style:font-pitch="variable"/>
  <style:font-decl style:name="Times New Roman1" fo:font-family="&apos;Times New Roman&apos;" style:font-family-generic="swiss" style:font-pitch="variable"/>
 </office:font-decls>
 <office:automatic-styles>
  <style:style style:name="Tabelle42" style:family="table">
   <style:properties style:width="18cm" table:align="margins"/>
  </style:style>
  <style:style style:name="Tabelle42.A" style:family="table-column">
   <style:properties style:column-width="1.499cm" style:rel-column-width="5458*"/>
  </style:style>
  <style:style style:name="Tabelle42.B" style:family="table-column">
   <style:properties style:column-width="16.501cm" style:rel-column-width="60039*"/>
  </style:style>
  <style:style style:name="Tabelle15" style:family="table">
   <style:properties style:width="18cm" table:align="margins"/>
  </style:style>
  <style:style style:name="Tabelle15.A" style:family="table-column">
   <style:properties style:column-width="1.499cm" style:rel-column-width="803*"/>
  </style:style>
  <style:style style:name="Tabelle15.B" style:family="table-column">
   <style:properties style:column-width="16.499cm" style:rel-column-width="8833*"/>
  </style:style>
  <style:style style:name="Tabelle16" style:family="table">
   <style:properties style:width="18cm" table:align="margins"/>
  </style:style>
  <style:style style:name="Tabelle16.A" style:family="table-column">
   <style:properties style:column-width="1.499cm" style:rel-column-width="803*"/>
  </style:style>
  <style:style style:name="Tabelle16.B" style:family="table-column">
   <style:properties style:column-width="16.499cm" style:rel-column-width="8833*"/>
  </style:style>
  <style:style style:name="Tabelle17" style:family="table">
   <style:properties style:width="18cm" table:align="margins"/>
  </style:style>
  <style:style style:name="Tabelle17.A" style:family="table-column">
   <style:properties style:column-width="1.499cm" style:rel-column-width="803*"/>
  </style:style>
  <style:style style:name="Tabelle17.B" style:family="table-column">
   <style:properties style:column-width="16.499cm" style:rel-column-width="8833*"/>
  </style:style>
  <style:style style:name="Tabelle18" style:family="table">
   <style:properties style:width="18cm" table:align="margins"/>
  </style:style>
  <style:style style:name="Tabelle18.A" style:family="table-column">
   <style:properties style:column-width="1.499cm" style:rel-column-width="803*"/>
  </style:style>
  <style:style style:name="Tabelle18.B" style:family="table-column">
   <style:properties style:column-width="16.499cm" style:rel-column-width="8833*"/>
  </style:style>
  <style:style style:name="Tabelle20" style:family="table">
   <style:properties style:width="18cm" table:align="margins"/>
  </style:style>
  <style:style style:name="Tabelle20.A" style:family="table-column">
   <style:properties style:column-width="1.499cm" style:rel-column-width="803*"/>
  </style:style>
  <style:style style:name="Tabelle20.B" style:family="table-column">
   <style:properties style:column-width="16.499cm" style:rel-column-width="8833*"/>
  </style:style>
  <style:style style:name="Tabelle19" style:family="table">
   <style:properties style:width="18cm" table:align="margins"/>
  </style:style>
  <style:style style:name="Tabelle19.A" style:family="table-column">
   <style:properties style:column-width="1.499cm" style:rel-column-width="803*"/>
  </style:style>
  <style:style style:name="Tabelle19.B" style:family="table-column">
   <style:properties style:column-width="16.499cm" style:rel-column-width="8833*"/>
  </style:style>
  <style:style style:name="Tabelle21" style:family="table">
   <style:properties style:width="18cm" table:align="margins"/>
  </style:style>
  <style:style style:name="Tabelle21.A" style:family="table-column">
   <style:properties style:column-width="1.499cm" style:rel-column-width="803*"/>
  </style:style>
  <style:style style:name="Tabelle21.B" style:family="table-column">
   <style:properties style:column-width="16.499cm" style:rel-column-width="8833*"/>
  </style:style>
  <style:style style:name="Tabelle22" style:family="table">
   <style:properties style:width="18cm" table:align="margins"/>
  </style:style>
  <style:style style:name="Tabelle22.A" style:family="table-column">
   <style:properties style:column-width="1.499cm" style:rel-column-width="803*"/>
  </style:style>
  <style:style style:name="Tabelle22.B" style:family="table-column">
   <style:properties style:column-width="16.499cm" style:rel-column-width="8833*"/>
  </style:style>
  <style:style style:name="Tabelle29" style:family="table">
   <style:properties style:width="17.995cm" fo:margin-left="0cm" fo:margin-right="0.005cm" table:align="margins"/>
  </style:style>
  <style:style style:name="Tabelle29.A" style:family="table-column">
   <style:properties style:column-width="1.501cm" style:rel-column-width="5465*"/>
  </style:style>
  <style:style style:name="Tabelle29.B" style:family="table-column">
   <style:properties style:column-width="16.494cm" style:rel-column-width="60050*"/>
  </style:style>
  <style:style style:name="Tabelle8" style:family="table">
   <style:properties style:width="18cm" table:align="margins"/>
  </style:style>
  <style:style style:name="Tabelle8.A" style:family="table-column">
   <style:properties style:column-width="1.501cm" style:rel-column-width="5465*"/>
  </style:style>
  <style:style style:name="Tabelle8.B" style:family="table-column">
   <style:properties style:column-width="16.499cm" style:rel-column-width="60051*"/>
  </style:style>
  <style:style style:name="Tabelle12" style:family="table">
   <style:properties style:width="18cm" table:align="margins"/>
  </style:style>
  <style:style style:name="Tabelle12.A" style:family="table-column">
   <style:properties style:column-width="1.501cm" style:rel-column-width="5465*"/>
  </style:style>
  <style:style style:name="Tabelle12.B" style:family="table-column">
   <style:properties style:column-width="16.499cm" style:rel-column-width="60051*"/>
  </style:style>
  <style:style style:name="Tabelle13" style:family="table">
   <style:properties style:width="18cm" table:align="margins"/>
  </style:style>
  <style:style style:name="Tabelle13.A" style:family="table-column">
   <style:properties style:column-width="1.501cm" style:rel-column-width="5465*"/>
  </style:style>
  <style:style style:name="Tabelle13.B" style:family="table-column">
   <style:properties style:column-width="16.499cm" style:rel-column-width="60051*"/>
  </style:style>
  <style:style style:name="Tabelle9" style:family="table">
   <style:properties style:width="18cm" table:align="margins"/>
  </style:style>
  <style:style style:name="Tabelle9.A" style:family="table-column">
   <style:properties style:column-width="1.501cm" style:rel-column-width="5464*"/>
  </style:style>
  <style:style style:name="Tabelle9.B" style:family="table-column">
   <style:properties style:column-width="16.499cm" style:rel-column-width="60052*"/>
  </style:style>
  <style:style style:name="Tabelle10" style:family="table">
   <style:properties style:width="18cm" table:align="margins"/>
  </style:style>
  <style:style style:name="Tabelle10.A" style:family="table-column">
   <style:properties style:column-width="1.501cm" style:rel-column-width="5464*"/>
  </style:style>
  <style:style style:name="Tabelle10.B" style:family="table-column">
   <style:properties style:column-width="16.499cm" style:rel-column-width="60052*"/>
  </style:style>
  <style:style style:name="Tabelle11" style:family="table">
   <style:properties style:width="18cm" table:align="margins"/>
  </style:style>
  <style:style style:name="Tabelle11.A" style:family="table-column">
   <style:properties style:column-width="1.501cm" style:rel-column-width="5465*"/>
  </style:style>
  <style:style style:name="Tabelle11.B" style:family="table-column">
   <style:properties style:column-width="16.499cm" style:rel-column-width="60051*"/>
  </style:style>
  <style:style style:name="Tabelle1" style:family="table">
   <style:properties style:width="18cm" table:align="margins"/>
  </style:style>
  <style:style style:name="Tabelle1.A" style:family="table-column">
   <style:properties style:column-width="1.499cm" style:rel-column-width="5458*"/>
  </style:style>
  <style:style style:name="Tabelle1.B" style:family="table-column">
   <style:properties style:column-width="16.501cm" style:rel-column-width="60058*"/>
  </style:style>
  <style:style style:name="Tabelle2" style:family="table">
   <style:properties style:width="18cm" table:align="margins"/>
  </style:style>
  <style:style style:name="Tabelle2.A" style:family="table-column">
   <style:properties style:column-width="1.501cm" style:rel-column-width="5465*"/>
  </style:style>
  <style:style style:name="Tabelle2.B" style:family="table-column">
   <style:properties style:column-width="16.499cm" style:rel-column-width="60070*"/>
  </style:style>
  <style:style style:name="Tabelle4" style:family="table">
   <style:properties style:width="18cm" table:align="margins"/>
  </style:style>
  <style:style style:name="Tabelle4.A" style:family="table-column">
   <style:properties style:column-width="1.501cm" style:rel-column-width="5465*"/>
  </style:style>
  <style:style style:name="Tabelle4.B" style:family="table-column">
   <style:properties style:column-width="16.499cm" style:rel-column-width="60070*"/>
  </style:style>
  <style:style style:name="Tabelle5" style:family="table">
   <style:properties style:width="18cm" table:align="margins"/>
  </style:style>
  <style:style style:name="Tabelle5.A" style:family="table-column">
   <style:properties style:column-width="1.501cm" style:rel-column-width="5465*"/>
  </style:style>
  <style:style style:name="Tabelle5.B" style:family="table-column">
   <style:properties style:column-width="16.499cm" style:rel-column-width="60070*"/>
  </style:style>
  <style:style style:name="Tabelle6" style:family="table">
   <style:properties style:width="18cm" table:align="margins"/>
  </style:style>
  <style:style style:name="Tabelle6.A" style:family="table-column">
   <style:properties style:column-width="1.501cm" style:rel-column-width="5465*"/>
  </style:style>
  <style:style style:name="Tabelle6.B" style:family="table-column">
   <style:properties style:column-width="16.499cm" style:rel-column-width="60070*"/>
  </style:style>
  <style:style style:name="Tabelle7" style:family="table">
   <style:properties style:width="18cm" table:align="margins"/>
  </style:style>
  <style:style style:name="Tabelle7.A" style:family="table-column">
   <style:properties style:column-width="1.501cm" style:rel-column-width="5465*"/>
  </style:style>
  <style:style style:name="Tabelle7.B" style:family="table-column">
   <style:properties style:column-width="16.499cm" style:rel-column-width="60070*"/>
  </style:style>
  <style:style style:name="Tabelle3" style:family="table">
   <style:properties style:width="18cm" table:align="margins"/>
  </style:style>
  <style:style style:name="Tabelle3.A" style:family="table-column">
   <style:properties style:column-width="1.501cm" style:rel-column-width="5465*"/>
  </style:style>
  <style:style style:name="Tabelle3.B" style:family="table-column">
   <style:properties style:column-width="16.499cm" style:rel-column-width="60051*"/>
  </style:style>
  <style:style style:name="P1" style:family="paragraph" style:parent-style-name="Paragraph" style:master-page-name="HTML">
   <style:properties style:page-number="0"/>
  </style:style>
  <style:style style:name="T1" style:family="text">
   <style:properties fo:font-weight="bold"/>
  </style:style>
  <style:style style:name="fr1" style:family="graphics" style:parent-style-name="Graphics">
   <style:properties style:wrap="run-through" style:horizontal-pos="left" style:horizontal-rel="paragraph" style:mirror="none" fo:clip="rect(0cm 0cm 0cm 0cm)" draw:luminance="0%" draw:contrast="0%" draw:red="0%" draw:green="0%" draw:blue="0%" draw:gamma="1" draw:color-inversion="false" draw:transparency="-100%" draw:color-mode="standard"/>
  </style:style>
  <style:style style:name="fr2" style:family="graphics" style:parent-style-name="Graphics">
   <style:properties style:run-through="foreground" style:wrap="run-through" style:vertical-pos="top" style:vertical-rel="paragraph" style:horizontal-pos="left" style:horizontal-rel="paragraph" style:mirror="none" fo:clip="rect(0cm 0cm 0cm 0cm)" draw:luminance="0%" draw:contrast="0%" draw:red="0%" draw:green="0%" draw:blue="0%" draw:gamma="1" draw:color-inversion="false" draw:transparency="-100%" draw:color-mode="standard"/>
  </style:style>
 </office:automatic-styles>
 <office:body>
  <text:variable-decls>
   <text:variable-decl text:value-type="string" text:name="HTML_ON"/>
   <text:variable-decl text:value-type="string" text:name="HTML_OFF"/>
   <text:variable-decl text:value-type="string" text:name="TITEL"/>
   <text:variable-decl text:value-type="string" text:name="END"/>
   <text:variable-decl text:value-type="string" text:name="OS2"/>
   <text:variable-decl text:value-type="string" text:name="ELSE"/>
   <text:variable-decl text:value-type="string" text:name="NAME"/>
   <text:variable-decl text:value-type="string" text:name="MAC"/>
   <text:variable-decl text:value-type="string" text:name="HREF"/>
   <text:variable-decl text:value-type="string" text:name="MODIFY"/>
   <text:variable-decl text:value-type="string" text:name="REFNR"/>
   <text:variable-decl text:value-type="string" text:name="HFELD"/>
   <text:variable-decl text:value-type="string" text:name="STYLE"/>
   <text:variable-decl text:value-type="string" text:name="PARAINFO"/>
  </text:variable-decls>
  <text:sequence-decls>
   <text:sequence-decl text:display-outline-level="0" text:name="Illustration"/>
   <text:sequence-decl text:display-outline-level="0" text:name="Table"/>
   <text:sequence-decl text:display-outline-level="0" text:name="Text"/>
   <text:sequence-decl text:display-outline-level="0" text:name="Drawing"/>
  </text:sequence-decls>
  <text:p text:style-name="P1"/>
  <text:p text:style-name="Head 1"><help:paragraphinfo state="U" number="1"/>Format Menu</text:p>
  <text:p text:style-name="Paragraph"><help:paragraphinfo state="U" number="94"/><help:to-popup Eid="aupitab">Open <text:span text:style-name="T1">Form Function</text:span> floating toolbar from <text:span text:style-name="T1">Main</text:span> Toolbar, click <text:span text:style-name="T1">Table Control</text:span> icon and drag mouse to generate field.</help:to-popup></text:p>
  <text:p text:style-name="Paragraph"><help:paragraphinfo state="U" number="119"/><help:to-popup Eid="aupitab1">Open <text:span text:style-name="T1">Form Function</text:span> floating toolbar from <text:span text:style-name="T1">Main</text:span> Toolbar, click <text:span text:style-name="T1">Table Control</text:span> icon and drag mouse to generate field. No database connection in current form is allowed.</help:to-popup></text:p>
  <text:p text:style-name="Paragraph"><help:paragraphinfo state="U" number="120"/><help:to-popup Eid="aupitab2">Open <text:span text:style-name="T1">Form Function</text:span> floating toolbar from <text:span text:style-name="T1">Main</text:span> Toolbar, click <text:span text:style-name="T1">Table Control</text:span> icon and drag mouse to generate field. Database connection must exist.</help:to-popup></text:p>
  <text:p text:style-name="Paragraph"><help:paragraphinfo state="U" number="95"/><help:to-popup Eid="aupikomli">Open <text:span text:style-name="T1">Form Functions</text:span> floating toolbar from <text:span text:style-name="T1">Main</text:span> Toolbar, click <text:span text:style-name="T1">Combo Box</text:span> or <text:span text:style-name="T1">List Box</text:span> icon and drag mouse to generate field. Database connection must exist in the form.</help:to-popup></text:p>
  <text:p text:style-name="Paragraph"><help:paragraphinfo state="U" number="121"/><help:to-popup Eid="aupikomli1">Open <text:span text:style-name="T1">Form Functions</text:span> floating toolbar from <text:span text:style-name="T1">Main</text:span> Toolbar, click <text:span text:style-name="T1">Combo Box</text:span> or <text:span text:style-name="T1">List Box</text:span> icon and drag mouse to generate field. Database connection must exist in the form: AutoPilot - Page 1.</help:to-popup></text:p>
  <text:p text:style-name="Paragraph"><help:paragraphinfo state="U" number="122"/><help:to-popup Eid="aupikomli2">Open <text:span text:style-name="T1">Form Functions</text:span> floating toolbar from <text:span text:style-name="T1">Main</text:span> Toolbar, click <text:span text:style-name="T1">Combo Box</text:span> or <text:span text:style-name="T1">List Box</text:span> icon and drag mouse to generate field. Database connection must exist in the form: AutoPilot - Page 2.</help:to-popup></text:p>
  <text:p text:style-name="Paragraph"><help:paragraphinfo state="U" number="123"/><help:to-popup Eid="aupikomli3a">Open <text:span text:style-name="T1">Form Functions</text:span> floating toolbar from <text:span text:style-name="T1">Main</text:span> Toolbar, click <text:span text:style-name="T1">List Box</text:span> icon and drag mouse to generate field. Database connection must exist in the form: AutoPilot - Page 3.</help:to-popup></text:p>
  <text:p text:style-name="Paragraph"><help:paragraphinfo state="U" number="124"/><help:to-popup Eid="aupikomli3b">Open <text:span text:style-name="T1">Form Functions</text:span> floating toolbar from <text:span text:style-name="T1">Main</text:span> Toolbar, click <text:span text:style-name="T1">Combo Box</text:span> icon and drag mouse to generate field. Database connection must exist in the form: AutoPilot - Page 3.</help:to-popup></text:p>
  <help:paragraphinfo state="E"/><help:to-popup Eid="kontroll">
  <text:p text:style-name="Paragraph"><help:paragraphinfo state="U" number="2"/>Open <text:span text:style-name="T1">Controls</text:span> floating toolbar from the <text:span text:style-name="T1">Macro</text:span> Bar, click</text:p>
  <help:paragraphinfo state="E"/><a name="sykontroll"/>
  <table:table table:name="Tabelle42" table:style-name="Tabelle42">
   <table:table-column table:style-name="Tabelle42.A"/>
   <table:table-column table:style-name="Tabelle42.B"/>
   <table:table-header-rows>
    <table:table-row>
     <table:table-cell table:value-type="string">
      <text:p text:style-name="Paragraph"><draw:image draw:name="Icon0" svg:desc="Icon" svg:pixelx="25" svg:pixely="25" svg:width="0.661cm" svg:height="0.661cm" xlink:href="65821" draw:filter-name=""/></text:p>

     </table:table-cell>
     <table:table-cell table:value-type="string">
      <text:p text:style-name="Paragraph"><help:paragraphinfo state="U" number="4"/>Properties</text:p>
     </table:table-cell>
    </table:table-row>
   </table:table-header-rows>
  </table:table>
  <help:paragraphinfo state="E"/></help:to-popup>
  <help:paragraphinfo state="E"/><help:to-popup Eid="formulareigenschaften">
  <text:p text:style-name="Paragraph"><help:paragraphinfo state="U" number="73"/>Choose <text:span text:style-name="T1">Format - Form</text:span></text:p>
  <text:p text:style-name="Paragraph"><help:paragraphinfo state="U" number="74"/>Open context menu of a selected form element - choose <text:span text:style-name="T1">Form</text:span></text:p>
  <text:p text:style-name="Paragraph"><help:paragraphinfo state="U" number="75"/>Open <text:span text:style-name="T1">Form</text:span> floating toolbar from the <text:span text:style-name="T1">Main</text:span> Toolbar or <text:span text:style-name="T1">Design Mode Object</text:span> Bar, click</text:p>
  <help:paragraphinfo state="E"/><help:to-be-embedded Eid="syformulareigenschaften">
  <table:table table:name="Tabelle15" table:style-name="Tabelle15">
   <table:table-column table:style-name="Tabelle15.A"/>
   <table:table-column table:style-name="Tabelle15.B"/>
   <table:table-header-rows>
    <table:table-row>
     <table:table-cell table:value-type="string">
      <text:p text:style-name="Paragraph"><draw:image draw:name="Icon1" svg:desc="Icon" svg:pixelx="25" svg:pixely="25" svg:width="0.661cm" svg:height="0.661cm" xlink:href="65887" draw:filter-name=""/></text:p>

     </table:table-cell>
     <table:table-cell table:value-type="string">
      <text:p text:style-name="Paragraph"><help:paragraphinfo state="U" number="76"/>Form Properties</text:p>
     </table:table-cell>
    </table:table-row>
   </table:table-header-rows>
  </table:table>
  <help:paragraphinfo state="E"/></help:to-be-embedded></help:to-popup>
  <help:paragraphinfo state="E"/><help:to-popup Eid="formulareigenschaftenallgemein">
  <text:p text:style-name="Paragraph"><help:paragraphinfo state="U" number="96"/>Choose <text:span text:style-name="T1">Format - Form - General</text:span> tab</text:p>
  <text:p text:style-name="Paragraph"><help:paragraphinfo state="U" number="97"/>Open context menu of a selected form element - choose <text:span text:style-name="T1">Form - General</text:span> tab</text:p>
  <text:p text:style-name="Paragraph"><help:paragraphinfo state="U" number="98"/>Open <text:span text:style-name="T1">Form Functions</text:span> floating toolbar from <text:span text:style-name="T1">Main</text:span> Toolbar or <text:span text:style-name="T1">Design Mode Object</text:span> Bar, click <text:span text:style-name="T1">Form properties</text:span> icon - <text:span text:style-name="T1">General</text:span> tab</text:p>
  <help:paragraphinfo state="E"/></help:to-popup>
  <help:paragraphinfo state="E"/><help:to-popup Eid="formulareigenschaftendaten">
  <text:p text:style-name="Paragraph"><help:paragraphinfo state="U" number="99"/>Choose <text:span text:style-name="T1">Format - Form - Data</text:span> tab</text:p>
  <text:p text:style-name="Paragraph"><help:paragraphinfo state="U" number="100"/>Open context menu of a selected form element - choose <text:span text:style-name="T1">Form - Data</text:span> tab</text:p>
  <text:p text:style-name="Paragraph"><help:paragraphinfo state="U" number="101"/>Open <text:span text:style-name="T1">Form Functions</text:span> floating toolbar from <text:span text:style-name="T1">Main</text:span> Toolbar or <text:span text:style-name="T1">Design Mode Object</text:span> Bar, click <text:span text:style-name="T1">Form Properties</text:span> icon - <text:span text:style-name="T1">Data</text:span> tab.</text:p>
  <help:paragraphinfo state="E"/></help:to-popup>
  <help:paragraphinfo state="E"/><help:to-popup Eid="formulareigenschaftenereignisse">
  <text:p text:style-name="Paragraph"><help:paragraphinfo state="U" number="102"/>Choose <text:span text:style-name="T1">Format - Form - Events</text:span> tab</text:p>
  <text:p text:style-name="Paragraph"><help:paragraphinfo state="U" number="103"/>Open context menu of a selected form element - choose <text:span text:style-name="T1">Form - Events</text:span> tab</text:p>
  <text:p text:style-name="Paragraph"><help:paragraphinfo state="U" number="104"/>Open <text:span text:style-name="T1">Form Functions</text:span> floating toolbar from <text:span text:style-name="T1">Main</text:span> Toolbar or <text:span text:style-name="T1">Design Mode Object</text:span> Bar, click <text:span text:style-name="T1">Form Properties</text:span> icon - <text:span text:style-name="T1">Events</text:span> tab.</text:p>
  <help:paragraphinfo state="E"/></help:to-popup>
  <help:paragraphinfo state="E"/><help:to-popup Eid="controleigenschaften">
  <text:p text:style-name="Paragraph"><help:paragraphinfo state="U" number="77"/>Choose <text:span text:style-name="T1">Format - Control</text:span></text:p>
  <text:p text:style-name="Paragraph"><help:paragraphinfo state="U" number="78"/>Open context menu of a selected form element - choose <text:span text:style-name="T1">Control</text:span></text:p>
  <text:p text:style-name="Paragraph"><help:paragraphinfo state="U" number="79"/>Open <text:span text:style-name="T1">Form Functions</text:span> floating toolbar from <text:span text:style-name="T1">Main</text:span> Toolbar or <text:span text:style-name="T1">Design Mode Object</text:span> Bar, click</text:p>
  <help:paragraphinfo state="E"/><help:to-be-embedded Eid="sycontroleigenschaften">
  <table:table table:name="Tabelle16" table:style-name="Tabelle16">
   <table:table-column table:style-name="Tabelle16.A"/>
   <table:table-column table:style-name="Tabelle16.B"/>
   <table:table-header-rows>
    <table:table-row>
     <table:table-cell table:value-type="string">
      <text:p text:style-name="Paragraph"><draw:image draw:name="Icon2" svg:desc="Icon" svg:pixelx="25" svg:pixely="25" svg:width="0.661cm" svg:height="0.661cm" xlink:href="65744" draw:filter-name=""/></text:p>

     </table:table-cell>
     <table:table-cell table:value-type="string">
      <text:p text:style-name="Paragraph"><help:paragraphinfo state="U" number="80"/>Control Properties</text:p>
     </table:table-cell>
    </table:table-row>
   </table:table-header-rows>
  </table:table>
  <help:paragraphinfo state="E"/></help:to-be-embedded></help:to-popup>
  <help:paragraphinfo state="E"/><help:to-popup Eid="controleigenschaftenallgemein">
  <text:p text:style-name="Paragraph"><help:paragraphinfo state="U" number="105"/>Choose <text:span text:style-name="T1">Format - Control - General</text:span> tab</text:p>
  <text:p text:style-name="Paragraph"><help:paragraphinfo state="U" number="106"/>Open context menu of a selected form element - choose <text:span text:style-name="T1">Control - General</text:span> tab</text:p>
  <text:p text:style-name="Paragraph"><help:paragraphinfo state="U" number="107"/>Open <text:span text:style-name="T1">Form Functions</text:span> floating toolbar from the <text:span text:style-name="T1">Main</text:span> Toolbar or <text:span text:style-name="T1">Design Mode Object</text:span> Bar, click <text:span text:style-name="T1">Control Properties</text:span> icon - <text:span text:style-name="T1">General</text:span> tab</text:p>
  <help:paragraphinfo state="E"/></help:to-popup>
  <help:paragraphinfo state="E"/><help:to-popup Eid="controleigenschaftendaten">
  <text:p text:style-name="Paragraph"><help:paragraphinfo state="U" number="108"/>Choose <text:span text:style-name="T1">Format - Control - Data</text:span> tab</text:p>
  <text:p text:style-name="Paragraph"><help:paragraphinfo state="U" number="109"/>Open context menu of a selected form element - choose <text:span text:style-name="T1">Control - Data</text:span> tab</text:p>
  <text:p text:style-name="Paragraph"><help:paragraphinfo state="U" number="110"/>Open <text:span text:style-name="T1">Form Functions</text:span> floating toolbar from the <text:span text:style-name="T1">Main</text:span> Toolbar or <text:span text:style-name="T1">Design Mode Object</text:span> Bar, click <text:span text:style-name="T1">Control Properties</text:span> icon - <text:span text:style-name="T1">Data</text:span> tab</text:p>
  <help:paragraphinfo state="E"/></help:to-popup>
  <help:paragraphinfo state="E"/><help:to-popup Eid="controleigenschaftenereignisse">
  <text:p text:style-name="Paragraph"><help:paragraphinfo state="U" number="111"/>Choose <text:span text:style-name="T1">Format - Control - Events</text:span> tab</text:p>
  <text:p text:style-name="Paragraph"><help:paragraphinfo state="U" number="112"/>Open context menu of a selected form element - choose <text:span text:style-name="T1">Control - Events</text:span> tab</text:p>
  <text:p text:style-name="Paragraph"><help:paragraphinfo state="U" number="113"/>Open <text:span text:style-name="T1">Form Functions</text:span> floating toolbar from the <text:span text:style-name="T1">Main</text:span> Toolbar or <text:span text:style-name="T1">Design Mode Object</text:span> Bar, click <text:span text:style-name="T1">Control Properties</text:span> icon - <text:span text:style-name="T1">Events</text:span> tab</text:p>
  <help:paragraphinfo state="E"/></help:to-popup>
  <help:paragraphinfo state="E"/><help:to-popup Eid="tabordner">
  <text:p text:style-name="Paragraph"><help:paragraphinfo state="U" number="81"/>Open <text:span text:style-name="T1">Form Functions</text:span> floating toolbar from the <text:span text:style-name="T1">Main</text:span> Toolbar or <text:span text:style-name="T1">Design Mode Object</text:span> Bar, click</text:p>
  <help:paragraphinfo state="E"/><help:to-be-embedded Eid="sytabordner">
  <table:table table:name="Tabelle17" table:style-name="Tabelle17">
   <table:table-column table:style-name="Tabelle17.A"/>
   <table:table-column table:style-name="Tabelle17.B"/>
   <table:table-header-rows>
    <table:table-row>
     <table:table-cell table:value-type="string">
      <text:p text:style-name="Paragraph"><draw:image draw:name="Icon3" svg:desc="Icon" svg:pixelx="25" svg:pixely="25" svg:width="0.661cm" svg:height="0.661cm" xlink:href="66712" draw:filter-name=""/></text:p>

     </table:table-cell>
     <table:table-cell table:value-type="string">
      <text:p text:style-name="Paragraph"><help:paragraphinfo state="U" number="82"/>Tab Order</text:p>
     </table:table-cell>
    </table:table-row>
   </table:table-header-rows>
  </table:table>
  <help:paragraphinfo state="E"/></help:to-be-embedded></help:to-popup>
  <help:paragraphinfo state="E"/><help:to-popup Eid="feldhinzu">
  <text:p text:style-name="Paragraph"><help:paragraphinfo state="U" number="83"/>Open <text:span text:style-name="T1">Form Functions</text:span> floating toolbar from the <text:span text:style-name="T1">Main</text:span> Toolbar or <text:span text:style-name="T1">Design Mode Object</text:span> Bar, click</text:p>
  <help:paragraphinfo state="E"/><help:to-be-embedded Eid="syfeldhinzu">
  <table:table table:name="Tabelle18" table:style-name="Tabelle18">
   <table:table-column table:style-name="Tabelle18.A"/>
   <table:table-column table:style-name="Tabelle18.B"/>
   <table:table-header-rows>
    <table:table-row>
     <table:table-cell table:value-type="string">
      <text:p text:style-name="Paragraph"><draw:image draw:name="Icon4" svg:desc="Icon" svg:pixelx="25" svg:pixely="25" svg:width="0.661cm" svg:height="0.661cm" xlink:href="65873" draw:filter-name=""/></text:p>

     </table:table-cell>
     <table:table-cell table:value-type="string">
      <text:p text:style-name="Paragraph"><help:paragraphinfo state="U" number="84"/>Add Field</text:p>
     </table:table-cell>
    </table:table-row>
   </table:table-header-rows>
  </table:table>
  <help:paragraphinfo state="E"/></help:to-be-embedded></help:to-popup>
  <help:paragraphinfo state="E"/><help:to-popup Eid="formex">
  <text:p text:style-name="Paragraph"><help:paragraphinfo state="U" number="87"/>Open <text:span text:style-name="T1">Form Functions</text:span> floating toolbar from the <text:span text:style-name="T1">Main</text:span> Toolbar or <text:span text:style-name="T1">Design Mode Object</text:span> Bar, click</text:p>
  <help:paragraphinfo state="E"/><help:to-be-embedded Eid="syformex">
  <table:table table:name="Tabelle20" table:style-name="Tabelle20">
   <table:table-column table:style-name="Tabelle20.A"/>
   <table:table-column table:style-name="Tabelle20.B"/>
   <table:table-header-rows>
    <table:table-row>
     <table:table-cell table:value-type="string">
      <text:p text:style-name="Paragraph"><draw:image draw:name="Icon5" svg:desc="Icon" svg:pixelx="25" svg:pixely="25" svg:width="0.661cm" svg:height="0.661cm" xlink:href="65888" draw:filter-name=""/></text:p>

     </table:table-cell>
     <table:table-cell table:value-type="string">
      <text:p text:style-name="Paragraph"><help:paragraphinfo state="U" number="88"/>Form Navigator</text:p>
     </table:table-cell>
    </table:table-row>
   </table:table-header-rows>
  </table:table>
  <help:paragraphinfo state="E"/></help:to-be-embedded></help:to-popup>
  <help:paragraphinfo state="E"/><help:to-popup Eid="design">
  <text:p text:style-name="Paragraph"><help:paragraphinfo state="U" number="85"/>Open <text:span text:style-name="T1">Form Functions</text:span> floating toolbar from <text:span text:style-name="T1">Main</text:span> Toolbar or <text:span text:style-name="T1">Design Mode Object</text:span> Bar, click</text:p>
  <help:paragraphinfo state="E"/><help:to-be-embedded Eid="sydesign">
  <table:table table:name="Tabelle19" table:style-name="Tabelle19">
   <table:table-column table:style-name="Tabelle19.A"/>
   <table:table-column table:style-name="Tabelle19.B"/>
   <table:table-header-rows>
    <table:table-row>
     <table:table-cell table:value-type="string">
      <text:p text:style-name="Paragraph"><draw:image draw:name="Icon6" svg:desc="Icon" svg:pixelx="25" svg:pixely="25" svg:width="0.661cm" svg:height="0.661cm" xlink:href="66720" draw:filter-name=""/></text:p>

     </table:table-cell>
     <table:table-cell table:value-type="string">
      <text:p text:style-name="Paragraph"><help:paragraphinfo state="U" number="86"/>Design Mode on/off</text:p>
     </table:table-cell>
    </table:table-row>
   </table:table-header-rows>
  </table:table>
  <help:paragraphinfo state="E"/></help:to-be-embedded></help:to-popup>
  <help:paragraphinfo state="E"/><help:to-popup Eid="imentwurfsmodusoeffnen">
  <text:p text:style-name="Paragraph"><help:paragraphinfo state="U" number="114"/>Open Form Navigator - select form - open context menu - choose <text:span text:style-name="T1">Open in design mode</text:span></text:p>
  <text:p text:style-name="Paragraph"><help:paragraphinfo state="U" number="115"/>Open <text:span text:style-name="T1">Form Functions</text:span> floating toolbar from <text:span text:style-name="T1">Main</text:span> Toolbar, click</text:p>
  <help:paragraphinfo state="E"/><help:to-be-embedded Eid="syimentwurfsmodusoeffnen">
  <table:table table:name="Tabelle21" table:style-name="Tabelle21">
   <table:table-column table:style-name="Tabelle21.A"/>
   <table:table-column table:style-name="Tabelle21.B"/>
   <table:table-header-rows>
    <table:table-row>
     <table:table-cell table:value-type="string">
      <text:p text:style-name="Paragraph"><draw:image draw:name="Icon7" svg:desc="Icon" svg:pixelx="25" svg:pixely="25" svg:width="0.661cm" svg:height="0.661cm" xlink:href="66213" draw:filter-name=""/></text:p>

     </table:table-cell>
     <table:table-cell table:value-type="string">
      <text:p text:style-name="Paragraph"><help:paragraphinfo state="U" number="116"/>Open in Design Mode</text:p>
     </table:table-cell>
    </table:table-row>
   </table:table-header-rows>
  </table:table>
  <help:paragraphinfo state="E"/></help:to-be-embedded></help:to-popup>
  <help:paragraphinfo state="E"/><help:to-popup Eid="autopilotenanaus">
  <text:p text:style-name="Paragraph"><help:paragraphinfo state="U" number="117"/>Open <text:span text:style-name="T1">Form Functions</text:span> floating toolbar from <text:span text:style-name="T1">Main</text:span> Toolbar, click</text:p>
  <help:paragraphinfo state="E"/><help:to-be-embedded Eid="syautopilotenanaus">
  <table:table table:name="Tabelle22" table:style-name="Tabelle22">
   <table:table-column table:style-name="Tabelle22.A"/>
   <table:table-column table:style-name="Tabelle22.B"/>
   <table:table-header-rows>
    <table:table-row>
     <table:table-cell table:value-type="string">
      <text:p text:style-name="Paragraph"><draw:image draw:name="Icon8" svg:desc="Icon" svg:pixelx="25" svg:pixely="25" svg:width="0.661cm" svg:height="0.661cm" xlink:href="65696" draw:filter-name=""/></text:p>

     </table:table-cell>
     <table:table-cell table:value-type="string">
      <text:p text:style-name="Paragraph"><help:paragraphinfo state="U" number="118"/>AutoPilots On/Off</text:p>
     </table:table-cell>
    </table:table-row>
   </table:table-header-rows>
  </table:table>
  <help:paragraphinfo state="E"/></help:to-be-embedded></help:to-popup>
  <help:paragraphinfo state="E"/><help:to-popup Eid="anordnung">
  <text:p text:style-name="Paragraph"><help:paragraphinfo state="U" number="5"/>Choose <text:span text:style-name="T1">Format - Arrange</text:span> (<help:productname>%PRODUCTNAME</help:productname> Writer, <help:productname>%PRODUCTNAME</help:productname> Calc)</text:p>
  <text:p text:style-name="Paragraph"><help:paragraphinfo state="U" number="125"/>Open context menu - choose <text:span text:style-name="T1">Arrange</text:span> (<help:productname>%PRODUCTNAME</help:productname> Impress, <help:productname>%PRODUCTNAME</help:productname> Draw)</text:p>
  <text:p text:style-name="Paragraph"><help:paragraphinfo state="U" number="6"/>Choose <text:span text:style-name="T1">Modify - Arrange</text:span> (<help:productname>%PRODUCTNAME</help:productname> Draw)</text:p>
  <text:p text:style-name="Paragraph"><help:paragraphinfo state="U" number="7"/>On <text:span text:style-name="T1">Object</text:span> Bar (<help:productname>%PRODUCTNAME</help:productname> Writer, <help:productname>%PRODUCTNAME</help:productname> Calc) or <text:span text:style-name="T1">Main</text:span> Toolbar (<help:productname>%PRODUCTNAME</help:productname> Impress, <help:productname>%PRODUCTNAME</help:productname> Draw), click</text:p>
  <help:paragraphinfo state="E"/><a name="syanordnung"/>
  <table:table table:name="Tabelle29" table:style-name="Tabelle29">
   <table:table-column table:style-name="Tabelle29.A"/>
   <table:table-column table:style-name="Tabelle29.B"/>
   <table:table-header-rows>
    <table:table-row>
     <table:table-cell table:value-type="string">
      <text:p text:style-name="Paragraph"><draw:image draw:name="Icon9" svg:desc="Icon" svg:pixelx="25" svg:pixely="25" svg:width="0.661cm" svg:height="0.661cm" xlink:href="66617" draw:filter-name=""/></text:p>

     </table:table-cell>
     <table:table-cell table:value-type="string">
      <text:p text:style-name="Paragraph"><help:paragraphinfo state="U" number="8"/>Arrange</text:p>
     </table:table-cell>
    </table:table-row>
   </table:table-header-rows>
  </table:table>
  <help:paragraphinfo state="E"/></help:to-popup>
  <help:paragraphinfo state="E"/><help:to-popup Eid="vorn">
  <text:p text:style-name="Paragraph"><help:paragraphinfo state="U" number="9"/>Choose <text:span text:style-name="T1">Format - Arrange - Bring to Front</text:span> (<help:productname>%PRODUCTNAME</help:productname> Writer, <help:productname>%PRODUCTNAME</help:productname> Calc)</text:p>
  <text:p text:style-name="Paragraph"><help:paragraphinfo state="U" number="10"/>Choose <text:span text:style-name="T1">Modify - Arrange - Bring to Front</text:span> (<help:productname>%PRODUCTNAME</help:productname> Draw)</text:p>
  <text:p text:style-name="Paragraph"><help:paragraphinfo state="U" number="89"/>Shift+<help:switch select="System"><help:case select ="MAC">Command</help:case><help:default>Ctrl</help:default></help:switch>+plus sign (<help:productname>%PRODUCTNAME</help:productname> Impress, <help:productname>%PRODUCTNAME</help:productname> Draw)</text:p>
  <text:p text:style-name="Paragraph"><help:paragraphinfo state="U" number="126"/>Open context menu - choose <text:span text:style-name="T1">Arrange - Bring to Front</text:span> (<help:productname>%PRODUCTNAME</help:productname> Impress)</text:p>
  <text:p text:style-name="Paragraph"><help:paragraphinfo state="U" number="11"/>On <text:span text:style-name="T1">Object</text:span> Bar (<help:productname>%PRODUCTNAME</help:productname> Writer, <help:productname>%PRODUCTNAME</help:productname> Calc) or <text:span text:style-name="T1">Main</text:span> Toolbar (<help:productname>%PRODUCTNAME</help:productname> Impress, <help:productname>%PRODUCTNAME</help:productname> Draw), click</text:p>
  <help:paragraphinfo state="E"/><help:to-be-embedded Eid="syganznachvorn">
  <table:table table:name="Tabelle8" table:style-name="Tabelle8">
   <table:table-column table:style-name="Tabelle8.A"/>
   <table:table-column table:style-name="Tabelle8.B"/>
   <table:table-header-rows>
    <table:table-row>
     <table:table-cell table:value-type="string">
      <text:p text:style-name="Paragraph"><draw:image draw:name="Icon10" svg:desc="Icon" svg:pixelx="25" svg:pixely="25" svg:width="0.661cm" svg:height="0.661cm" xlink:href="66617" draw:filter-name=""/></text:p>

     </table:table-cell>
     <table:table-cell table:value-type="string">
      <text:p text:style-name="Paragraph"><help:paragraphinfo state="U" number="12"/>Bring to Front</text:p>
     </table:table-cell>
    </table:table-row>
   </table:table-header-rows>
  </table:table>
  <help:paragraphinfo state="E"/></help:to-be-embedded></help:to-popup>
  <help:paragraphinfo state="E"/><help:to-popup Eid="nachvorn">
  <text:p text:style-name="Paragraph"><help:paragraphinfo state="U" number="13"/>Choose <text:span text:style-name="T1">Format - Arrange - Bring Forward</text:span> (<help:productname>%PRODUCTNAME</help:productname> Writer, <help:productname>%PRODUCTNAME</help:productname> Calc)</text:p>
  <text:p text:style-name="Paragraph"><help:paragraphinfo state="U" number="14"/>Choose <text:span text:style-name="T1">Modify - Arrange - Bring Forward</text:span> (<help:productname>%PRODUCTNAME</help:productname> Draw)</text:p>
  <text:p text:style-name="Paragraph"><help:paragraphinfo state="U" number="90"/><help:switch select="System"><help:case select ="MAC">Command</help:case><help:default>Ctrl</help:default></help:switch>+plus sign (<help:productname>%PRODUCTNAME</help:productname> Impress, <help:productname>%PRODUCTNAME</help:productname> Draw)</text:p>
  <text:p text:style-name="Paragraph"><help:paragraphinfo state="U" number="127"/>Open context menu - choose <text:span text:style-name="T1">Arrange - Bring Forward</text:span> (<help:productname>%PRODUCTNAME</help:productname> Impress)</text:p>
  <help:paragraphinfo state="E"/><a name="syweiternachvorn"/>
  <table:table table:name="Tabelle12" table:style-name="Tabelle12">
   <table:table-column table:style-name="Tabelle12.A"/>
   <table:table-column table:style-name="Tabelle12.B"/>
   <table:table-header-rows>
    <table:table-row>
     <table:table-cell table:value-type="string">
      <text:p text:style-name="Paragraph"><draw:image draw:name="Icon11" svg:desc="Icon" svg:pixelx="25" svg:pixely="25" svg:width="0.661cm" svg:height="0.661cm" xlink:href="66813" draw:filter-name=""/></text:p>

     </table:table-cell>
     <table:table-cell table:value-type="string">
      <text:p text:style-name="Paragraph"><help:paragraphinfo state="U" number="69"/>Bring Forward</text:p>
     </table:table-cell>
    </table:table-row>
   </table:table-header-rows>
  </table:table>
  <help:paragraphinfo state="E"/></help:to-popup>
  <help:paragraphinfo state="E"/><help:to-popup Eid="nachhinten">
  <text:p text:style-name="Paragraph"><help:paragraphinfo state="U" number="15"/>Choose <text:span text:style-name="T1">Format - Arrange - Send Backward</text:span> (<help:productname>%PRODUCTNAME</help:productname> Writer, <help:productname>%PRODUCTNAME</help:productname> Calc)</text:p>
  <text:p text:style-name="Paragraph"><help:paragraphinfo state="U" number="16"/>Choose <text:span text:style-name="T1">Modify - Arrange - Send Backward</text:span> (<help:productname>%PRODUCTNAME</help:productname> Draw)</text:p>
  <text:p text:style-name="Paragraph"><help:paragraphinfo state="U" number="91"/><help:switch select="System"><help:case select ="MAC">Command</help:case><help:default>Ctrl</help:default></help:switch>+minus sign (<help:productname>%PRODUCTNAME</help:productname> Impress, <help:productname>%PRODUCTNAME</help:productname> Draw)</text:p>
  <text:p text:style-name="Paragraph"><help:paragraphinfo state="U" number="128"/>Open context menu - choose <text:span text:style-name="T1">Arrange - Send Backward</text:span> (<help:productname>%PRODUCTNAME</help:productname> Impress)</text:p>
  <help:paragraphinfo state="E"/><a name="syweiternachhinten"/>
  <table:table table:name="Tabelle13" table:style-name="Tabelle13">
   <table:table-column table:style-name="Tabelle13.A"/>
   <table:table-column table:style-name="Tabelle13.B"/>
   <table:table-header-rows>
    <table:table-row>
     <table:table-cell table:value-type="string">
      <text:p text:style-name="Paragraph"><draw:image draw:name="Icon12" svg:desc="Icon" svg:pixelx="25" svg:pixely="25" svg:width="0.661cm" svg:height="0.661cm" xlink:href="66812" draw:filter-name=""/></text:p>

     </table:table-cell>
     <table:table-cell table:value-type="string">
      <text:p text:style-name="Paragraph"><help:paragraphinfo state="U" number="70"/>Send Backward</text:p>
     </table:table-cell>
    </table:table-row>
   </table:table-header-rows>
  </table:table>
  <help:paragraphinfo state="E"/></help:to-popup>
  <help:paragraphinfo state="E"/><help:to-popup Eid="ganzhinten">
  <text:p text:style-name="Paragraph"><help:paragraphinfo state="U" number="17"/>Choose <text:span text:style-name="T1">Format - Arrange - Send to Back</text:span> (<help:productname>%PRODUCTNAME</help:productname> Writer, <help:productname>%PRODUCTNAME</help:productname> Calc)</text:p>
  <text:p text:style-name="Paragraph"><help:paragraphinfo state="U" number="18"/>Choose <text:span text:style-name="T1">Modify - Arrange - Send to Back</text:span> (<help:productname>%PRODUCTNAME</help:productname> Draw)</text:p>
  <text:p text:style-name="Paragraph"><help:paragraphinfo state="U" number="92"/>Shift+<help:switch select="System"><help:case select ="MAC">Command</help:case><help:default>Ctrl</help:default></help:switch>+minus sign (<help:productname>%PRODUCTNAME</help:productname> Impress, <help:productname>%PRODUCTNAME</help:productname> Draw)</text:p>
  <text:p text:style-name="Paragraph"><help:paragraphinfo state="U" number="129"/>Open context menu - choose <text:span text:style-name="T1">Arrange - Send to Back</text:span> (<help:productname>%PRODUCTNAME</help:productname> Impress)</text:p>
  <text:p text:style-name="Paragraph"><help:paragraphinfo state="U" number="19"/>On <text:span text:style-name="T1">Object</text:span> Bar (<help:productname>%PRODUCTNAME</help:productname> Writer, <help:productname>%PRODUCTNAME</help:productname> Calc) or Main Toolbar (<help:productname>%PRODUCTNAME</help:productname> Impress, <help:productname>%PRODUCTNAME</help:productname> Draw), click</text:p>
  <help:paragraphinfo state="E"/><help:to-be-embedded Eid="syganznachhinten">
  <table:table table:name="Tabelle9" table:style-name="Tabelle9">
   <table:table-column table:style-name="Tabelle9.A"/>
   <table:table-column table:style-name="Tabelle9.B"/>
   <table:table-header-rows>
    <table:table-row>
     <table:table-cell table:value-type="string">
      <text:p text:style-name="Paragraph"><draw:image draw:name="Icon13" svg:desc="Icon" svg:pixelx="25" svg:pixely="25" svg:width="0.661cm" svg:height="0.661cm" xlink:href="66618" draw:filter-name=""/></text:p>

     </table:table-cell>
     <table:table-cell table:value-type="string">
      <text:p text:style-name="Paragraph"><help:paragraphinfo state="U" number="20"/>Send to Back</text:p>
     </table:table-cell>
    </table:table-row>
   </table:table-header-rows>
  </table:table>
  <help:paragraphinfo state="E"/></help:to-be-embedded></help:to-popup>
  <help:paragraphinfo state="E"/><help:to-popup Eid="vornebringen">
  <text:p text:style-name="Paragraph"><help:paragraphinfo state="U" number="21"/>Choose <text:span text:style-name="T1">Format - Arrange - To Foreground</text:span></text:p>
  <text:p text:style-name="Paragraph"><help:paragraphinfo state="U" number="23"/>On <text:span text:style-name="T1">Object</text:span> Bar, click</text:p>
  <help:paragraphinfo state="E"/><help:to-be-embedded Eid="syvordergrund">
  <table:table table:name="Tabelle10" table:style-name="Tabelle10">
   <table:table-column table:style-name="Tabelle10.A"/>
   <table:table-column table:style-name="Tabelle10.B"/>
   <table:table-header-rows>
    <table:table-row>
     <table:table-cell table:value-type="string">
      <text:p text:style-name="Paragraph"><draw:image draw:name="Icon14" svg:desc="Icon" svg:pixelx="25" svg:pixely="25" svg:width="0.661cm" svg:height="0.661cm" xlink:href="66622" draw:filter-name=""/></text:p>

     </table:table-cell>
     <table:table-cell table:value-type="string">
      <text:p text:style-name="Paragraph"><help:paragraphinfo state="U" number="24"/>To Foreground</text:p>
     </table:table-cell>
    </table:table-row>
   </table:table-header-rows>
  </table:table>
  <help:paragraphinfo state="E"/></help:to-be-embedded></help:to-popup>
  <help:paragraphinfo state="E"/><help:to-popup Eid="hintenbringen">
  <text:p text:style-name="Paragraph"><help:paragraphinfo state="U" number="25"/>Choose <text:span text:style-name="T1">Format - Arrange - To Background</text:span></text:p>
  <text:p text:style-name="Paragraph"><help:paragraphinfo state="U" number="27"/>On <text:span text:style-name="T1">Object</text:span> Bar, click</text:p>
  <help:paragraphinfo state="E"/><help:to-be-embedded Eid="syhintergrund">
  <table:table table:name="Tabelle11" table:style-name="Tabelle11">
   <table:table-column table:style-name="Tabelle11.A"/>
   <table:table-column table:style-name="Tabelle11.B"/>
   <table:table-header-rows>
    <table:table-row>
     <table:table-cell table:value-type="string">
      <text:p text:style-name="Paragraph"><draw:image draw:name="Icon15" svg:desc="Icon" svg:pixelx="25" svg:pixely="25" svg:width="0.661cm" svg:height="0.661cm" xlink:href="66623" draw:filter-name=""/></text:p>

     </table:table-cell>
     <table:table-cell table:value-type="string">
      <text:p text:style-name="Paragraph"><help:paragraphinfo state="U" number="28"/>To Background</text:p>
     </table:table-cell>
    </table:table-row>
   </table:table-header-rows>
  </table:table>
  <help:paragraphinfo state="E"/></help:to-be-embedded></help:to-popup>
  <help:paragraphinfo state="E"/><help:to-popup Eid="ausrichtung">
  <text:p text:style-name="Paragraph"><help:paragraphinfo state="U" number="29"/>Choose <text:span text:style-name="T1">Format - Alignment</text:span> (<help:productname>%PRODUCTNAME</help:productname> Writer, <help:productname>%PRODUCTNAME</help:productname> Calc)</text:p>
  <text:p text:style-name="Paragraph"><help:paragraphinfo state="U" number="56"/>Choose <text:span text:style-name="T1">Modify - Alignment</text:span> (objects selected) (<help:productname>%PRODUCTNAME</help:productname> Draw)</text:p>
  <text:p text:style-name="Paragraph"><help:paragraphinfo state="U" number="130"/>Open context menu - choose <text:span text:style-name="T1">Arrange</text:span> (objects selected) (<help:productname>%PRODUCTNAME</help:productname> Impress, <help:productname>%PRODUCTNAME</help:productname> Draw)</text:p>
  <help:paragraphinfo state="E"/></help:to-popup>
  <help:paragraphinfo state="E"/><help:to-popup Eid="links">
  <text:p text:style-name="Paragraph"><help:paragraphinfo state="U" number="30"/>Choose <text:span text:style-name="T1">Format - Alignment - Left</text:span> (<help:productname>%PRODUCTNAME</help:productname> Writer, <help:productname>%PRODUCTNAME</help:productname> Calc)</text:p>
  <text:p text:style-name="Paragraph"><help:paragraphinfo state="U" number="57"/>Choose <text:span text:style-name="T1">Modify - Alignment - Left</text:span> (selected objects) (<help:productname>%PRODUCTNAME</help:productname> Draw)</text:p>
  <text:p text:style-name="Paragraph"><help:paragraphinfo state="U" number="131"/>Open context menu - choose <text:span text:style-name="T1">Arrange - Left</text:span> (objects selected) (<help:productname>%PRODUCTNAME</help:productname> Impress, <help:productname>%PRODUCTNAME</help:productname> Draw)</text:p>
  <text:p text:style-name="Paragraph"><help:paragraphinfo state="U" number="31"/>On <text:span text:style-name="T1">Object</text:span> Bar (<help:productname>%PRODUCTNAME</help:productname> Writer, <help:productname>%PRODUCTNAME</help:productname> Calc) or <text:span text:style-name="T1">Main</text:span> Toolbar (<help:productname>%PRODUCTNAME</help:productname> Impress, <help:productname>%PRODUCTNAME</help:productname> Draw), click</text:p>
  <help:paragraphinfo state="E"/><help:to-be-embedded Eid="sylinks">
  <table:table table:name="Tabelle1" table:style-name="Tabelle1">
   <table:table-column table:style-name="Tabelle1.A"/>
   <table:table-column table:style-name="Tabelle1.B"/>
   <table:table-header-rows>
    <table:table-row>
     <table:table-cell table:value-type="string">
      <text:p text:style-name="Paragraph"><draw:image draw:name="Icon16" svg:desc="Icon" svg:pixelx="25" svg:pixely="25" svg:width="0.661cm" svg:height="0.661cm" xlink:href="66692" draw:filter-name=""/></text:p>

     </table:table-cell>
     <table:table-cell table:value-type="string">
      <text:p text:style-name="Paragraph"><help:paragraphinfo state="U" number="33"/>Left</text:p>
     </table:table-cell>
    </table:table-row>
   </table:table-header-rows>
  </table:table>
  <help:paragraphinfo state="E"/></help:to-be-embedded></help:to-popup>
  <help:paragraphinfo state="E"/><help:to-popup Eid="azentriert">
  <text:p text:style-name="Paragraph"><help:paragraphinfo state="U" number="34"/>Choose <text:span text:style-name="T1">Format - Alignment - Centered</text:span> (<help:productname>%PRODUCTNAME</help:productname> Writer, <help:productname>%PRODUCTNAME</help:productname> Calc)</text:p>
  <text:p text:style-name="Paragraph"><help:paragraphinfo state="U" number="59"/>Choose <text:span text:style-name="T1">Modify - Alignment - Centered</text:span> (objects selected) (<help:productname>%PRODUCTNAME</help:productname> Draw)</text:p>
  <text:p text:style-name="Paragraph"><help:paragraphinfo state="U" number="35"/>On <text:span text:style-name="T1">Object</text:span> Bar (<help:productname>%PRODUCTNAME</help:productname> Writer, <help:productname>%PRODUCTNAME</help:productname> Calc) or <text:span text:style-name="T1">Main</text:span> Toolbar (<help:productname>%PRODUCTNAME</help:productname> Impress, <help:productname>%PRODUCTNAME</help:productname> Draw), click</text:p>
  <help:paragraphinfo state="E"/><help:to-be-embedded Eid="syazentriert">
  <table:table table:name="Tabelle2" table:style-name="Tabelle2">
   <table:table-column table:style-name="Tabelle2.A"/>
   <table:table-column table:style-name="Tabelle2.B"/>
   <table:table-header-rows>
    <table:table-row>
     <table:table-cell table:value-type="string">
      <text:p text:style-name="Paragraph"><draw:image draw:name="Icon17" svg:desc="Icon" svg:pixelx="25" svg:pixely="25" svg:width="0.661cm" svg:height="0.661cm" xlink:href="66689" draw:filter-name=""/></text:p>

     </table:table-cell>
     <table:table-cell table:value-type="string">
      <text:p text:style-name="Paragraph"><help:paragraphinfo state="U" number="36"/>Centered</text:p>
     </table:table-cell>
    </table:table-row>
   </table:table-header-rows>
  </table:table>
  <help:paragraphinfo state="E"/></help:to-be-embedded></help:to-popup>
  <help:paragraphinfo state="E"/><help:to-popup Eid="rechts">
  <text:p text:style-name="Paragraph"><help:paragraphinfo state="U" number="37"/>Choose <text:span text:style-name="T1">Format - Alignment - Right</text:span></text:p>
  <text:p text:style-name="Paragraph"><help:paragraphinfo state="U" number="61"/>Choose <text:span text:style-name="T1">Modify - Alignment - Right</text:span> (objects selected) (<help:productname>%PRODUCTNAME</help:productname> Draw)</text:p>
  <text:p text:style-name="Paragraph"><help:paragraphinfo state="U" number="38"/>On <text:span text:style-name="T1">Object</text:span> Bar (<help:productname>%PRODUCTNAME</help:productname> Writer, <help:productname>%PRODUCTNAME</help:productname> Calc) or <text:span text:style-name="T1">Main</text:span> Toolbar (<help:productname>%PRODUCTNAME</help:productname> Impress, <help:productname>%PRODUCTNAME</help:productname> Draw), click</text:p>
  <help:paragraphinfo state="E"/><help:to-be-embedded Eid="syrechts">
  <table:table table:name="Tabelle4" table:style-name="Tabelle4">
   <table:table-column table:style-name="Tabelle4.A"/>
   <table:table-column table:style-name="Tabelle4.B"/>
   <table:table-header-rows>
    <table:table-row>
     <table:table-cell table:value-type="string">
      <text:p text:style-name="Paragraph"><draw:image draw:name="Icon18" svg:desc="Icon" svg:pixelx="25" svg:pixely="25" svg:width="0.661cm" svg:height="0.661cm" xlink:href="66698" draw:filter-name=""/></text:p>

     </table:table-cell>
     <table:table-cell table:value-type="string">
      <text:p text:style-name="Paragraph"><help:paragraphinfo state="U" number="39"/>Right</text:p>
     </table:table-cell>
    </table:table-row>
   </table:table-header-rows>
  </table:table>
  <help:paragraphinfo state="E"/></help:to-be-embedded></help:to-popup>
  <help:paragraphinfo state="E"/><help:to-popup Eid="oben">
  <text:p text:style-name="Paragraph"><help:paragraphinfo state="U" number="40"/>Choose <text:span text:style-name="T1">Format - Alignment - Top</text:span> (<help:productname>%PRODUCTNAME</help:productname> Writer, <help:productname>%PRODUCTNAME</help:productname> Calc)</text:p>
  <text:p text:style-name="Paragraph"><help:paragraphinfo state="U" number="63"/>Choose <text:span text:style-name="T1">Modify - Alignment - Top</text:span> (objects selected) (<help:productname>%PRODUCTNAME</help:productname> Draw)</text:p>
  <text:p text:style-name="Paragraph"><help:paragraphinfo state="U" number="134"/>Open context menu - choose <text:span text:style-name="T1">Alignment - Top</text:span> (objects selected) (<help:productname>%PRODUCTNAME</help:productname> Impress, <help:productname>%PRODUCTNAME</help:productname> Draw)</text:p>
  <text:p text:style-name="Paragraph"><help:paragraphinfo state="U" number="41"/>On <text:span text:style-name="T1">Object</text:span> Bar (<help:productname>%PRODUCTNAME</help:productname> Writer, <help:productname>%PRODUCTNAME</help:productname> Calc) or <text:span text:style-name="T1">Main</text:span> Toolbar (<help:productname>%PRODUCTNAME</help:productname> Impress, <help:productname>%PRODUCTNAME</help:productname> Draw), click</text:p>
  <help:paragraphinfo state="E"/><help:to-be-embedded Eid="syoben">
  <table:table table:name="Tabelle5" table:style-name="Tabelle5">
   <table:table-column table:style-name="Tabelle5.A"/>
   <table:table-column table:style-name="Tabelle5.B"/>
   <table:table-header-rows>
    <table:table-row>
     <table:table-cell table:value-type="string">
      <text:p text:style-name="Paragraph"><draw:image draw:name="Icon19" svg:desc="Icon" svg:pixelx="25" svg:pixely="25" svg:width="0.661cm" svg:height="0.661cm" xlink:href="66695" draw:filter-name=""/></text:p>

     </table:table-cell>
     <table:table-cell table:value-type="string">
      <text:p text:style-name="Paragraph"><help:paragraphinfo state="U" number="42"/>Top</text:p>
     </table:table-cell>
    </table:table-row>
   </table:table-header-rows>
  </table:table>
  <help:paragraphinfo state="E"/></help:to-be-embedded></help:to-popup>
  <help:paragraphinfo state="E"/><help:to-popup Eid="mitte">
  <text:p text:style-name="Paragraph"><help:paragraphinfo state="U" number="43"/>Choose <text:span text:style-name="T1">Format - Alignment - Centered</text:span> (<help:productname>%PRODUCTNAME</help:productname> Writer, <help:productname>%PRODUCTNAME</help:productname> Calc)</text:p>
  <text:p text:style-name="Paragraph"><help:paragraphinfo state="U" number="65"/>Choose <text:span text:style-name="T1">Modify - Alignment - Centered</text:span> (objects selected) (<help:productname>%PRODUCTNAME</help:productname> Draw)</text:p>
  <text:p text:style-name="Paragraph"><help:paragraphinfo state="U" number="135"/>Open context menu - choose <text:span text:style-name="T1">Alignment - Centered</text:span> (objects selected) (<help:productname>%PRODUCTNAME</help:productname> Impress, <help:productname>%PRODUCTNAME</help:productname> Draw)</text:p>
  <text:p text:style-name="Paragraph"><help:paragraphinfo state="U" number="44"/>On <text:span text:style-name="T1">Object</text:span> Bar (<help:productname>%PRODUCTNAME</help:productname> Writer, <help:productname>%PRODUCTNAME</help:productname> Calc) or <text:span text:style-name="T1">Main</text:span> Toolbar (<help:productname>%PRODUCTNAME</help:productname> Impress, <help:productname>%PRODUCTNAME</help:productname> Draw), click</text:p>
  <help:paragraphinfo state="E"/><help:to-be-embedded Eid="symitte">
  <table:table table:name="Tabelle6" table:style-name="Tabelle6">
   <table:table-column table:style-name="Tabelle6.A"/>
   <table:table-column table:style-name="Tabelle6.B"/>
   <table:table-header-rows>
    <table:table-row>
     <table:table-cell table:value-type="string">
      <text:p text:style-name="Paragraph"><draw:image draw:name="Icon20" svg:desc="Icon" svg:pixelx="25" svg:pixely="25" svg:width="0.661cm" svg:height="0.661cm" xlink:href="66694" draw:filter-name=""/></text:p>

     </table:table-cell>
     <table:table-cell table:value-type="string">
      <text:p text:style-name="Paragraph"><help:paragraphinfo state="U" number="45"/>Centered</text:p>
     </table:table-cell>
    </table:table-row>
   </table:table-header-rows>
  </table:table>
  <help:paragraphinfo state="E"/></help:to-be-embedded></help:to-popup>
  <help:paragraphinfo state="E"/><help:to-popup Eid="unten">
  <text:p text:style-name="Paragraph"><help:paragraphinfo state="U" number="46"/>Choose <text:span text:style-name="T1">Format - Alignment - Bottom</text:span> (<help:productname>%PRODUCTNAME</help:productname> Writer, <help:productname>%PRODUCTNAME</help:productname> Calc)</text:p>
  <text:p text:style-name="Paragraph"><help:paragraphinfo state="U" number="67"/>Choose <text:span text:style-name="T1">Modify - Alignment - Bottom</text:span> (objects selected) (<help:productname>%PRODUCTNAME</help:productname> Draw)</text:p>
  <text:p text:style-name="Paragraph"><help:paragraphinfo state="U" number="47"/>On <text:span text:style-name="T1">Object</text:span> Bar (<help:productname>%PRODUCTNAME</help:productname> Writer, <help:productname>%PRODUCTNAME</help:productname> Calc) or <text:span text:style-name="T1">Main</text:span> Toolbar (<help:productname>%PRODUCTNAME</help:productname> Impress, <help:productname>%PRODUCTNAME</help:productname> Draw), click</text:p>
  <help:paragraphinfo state="E"/><help:to-be-embedded Eid="syunten">
  <table:table table:name="Tabelle7" table:style-name="Tabelle7">
   <table:table-column table:style-name="Tabelle7.A"/>
   <table:table-column table:style-name="Tabelle7.B"/>
   <table:table-header-rows>
    <table:table-row>
     <table:table-cell table:value-type="string">
      <text:p text:style-name="Paragraph"><draw:image draw:name="Icon21" svg:desc="Icon" svg:pixelx="25" svg:pixely="25" svg:width="0.661cm" svg:height="0.661cm" xlink:href="66702" draw:filter-name=""/></text:p>

     </table:table-cell>
     <table:table-cell table:value-type="string">
      <text:p text:style-name="Paragraph"><help:paragraphinfo state="U" number="48"/>Bottom</text:p>
     </table:table-cell>
    </table:table-row>
   </table:table-header-rows>
  </table:table>
  <help:paragraphinfo state="E"/></help:to-be-embedded></help:to-popup>
  <help:paragraphinfo state="E"/><help:to-popup Eid="wechsel">
  <text:p text:style-name="Paragraph"><help:paragraphinfo state="U" number="49"/>Choose <text:span text:style-name="T1">Format - Anchor</text:span></text:p>
  <text:p text:style-name="Paragraph"><help:paragraphinfo state="U" number="50"/>On <text:span text:style-name="T1">Object</text:span> Bar, click</text:p>
  <help:paragraphinfo state="E"/><help:to-be-embedded Eid="ankcalc"><help:to-be-embedded Eid="syverankerung">
  <table:table table:name="Tabelle3" table:style-name="Tabelle3">
   <table:table-column table:style-name="Tabelle3.A"/>
   <table:table-column table:style-name="Tabelle3.B"/>
   <table:table-header-rows>
    <table:table-row>
     <table:table-cell table:value-type="string">
      <text:p text:style-name="Paragraph"><draw:image draw:name="Icon22" svg:desc="Icon" svg:pixelx="25" svg:pixely="25" svg:width="0.661cm" svg:height="0.661cm" xlink:href="66624" draw:filter-name=""/></text:p>

     </table:table-cell>
     <table:table-cell table:value-type="string">
      <text:p text:style-name="Paragraph"><help:paragraphinfo state="U" number="51"/>Switch Anchor</text:p>
     </table:table-cell>
    </table:table-row>
   </table:table-header-rows>
  </table:table>
  <help:paragraphinfo state="E"/></help:to-be-embedded></help:to-be-embedded></help:to-popup>
  <text:p text:style-name="Paragraph"><help:paragraphinfo state="U" number="52"/><help:to-popup Eid="anseite">Choose <text:span text:style-name="T1">Format - Anchor - To Page</text:span></help:to-popup></text:p>
  <text:p text:style-name="Paragraph"><help:paragraphinfo state="U" number="53"/><help:to-popup Eid="amabsatz">Choose <text:span text:style-name="T1">Format - Anchor - To Paragraph</text:span></help:to-popup></text:p>
  <text:p text:style-name="Paragraph"><help:paragraphinfo state="U" number="54"/><help:to-popup Eid="amzeichen">Choose <text:span text:style-name="T1">Format - Anchor - To Character</text:span></help:to-popup></text:p>
  <text:p text:style-name="Paragraph"><help:paragraphinfo state="U" number="72"/><help:to-popup Eid="alszeichen">Choose <text:span text:style-name="T1">Format - Anchor - As Character</text:span></help:to-popup></text:p>
  <text:p text:style-name="Paragraph"><help:paragraphinfo state="U" number="71"/><help:to-popup Eid="amrahmen">Choose <text:span text:style-name="T1">Format - Anchor - To Frame</text:span></help:to-popup></text:p>
  <text:p text:style-name="Paragraph"><help:paragraphinfo state="U" number="55"/><help:to-popup Eid="anderzelle">Choose <text:span text:style-name="T1">Format - Anchor - To Cell</text:span></help:to-popup></text:p>
 </office:body>
</office:document>
