

<office:document  xmlns:office="http://openoffice.org/2000/office" xmlns:style="http://openoffice.org/2000/style" xmlns:text="http://openoffice.org/2000/text" xmlns:table="http://openoffice.org/2000/table" xmlns:draw="http://openoffice.org/2000/drawing" xmlns:fo="http://www.w3.org/1999/XSL/Format" xmlns:xlink="http://www.w3.org/1999/xlink" xmlns:number="http://openoffice.org/2000/datastyle" xmlns:svg="http://www.w3.org/2000/svg" xmlns:chart="http://openoffice.org/2000/chart" xmlns:dr3d="http://openoffice.org/2000/dr3d" xmlns:math="http://www.w3.org/1998/Math/MathML" xmlns:form="http://openoffice.org/2000/form" xmlns:script="http://openoffice.org/2000/script" office:class="text" office:version="1.0" xmlns:dc="http://purl.org/dc/elements/1.1/" xmlns:meta="http://openoffice.org/2000/meta" xmlns:help="http://openoffice.org/2000/help">
<office:meta>
  <dc:description>text/common/00/01050000</dc:description>
  <dc:subject>General</dc:subject>
  <meta:keywords>
   <meta:keyword>$Version</meta:keyword>
  </meta:keywords>
  <dc:language>en-US</dc:language>
  <meta:user-defined meta:name="Info 0">READY</meta:user-defined>
  <meta:user-defined meta:name="Info 1">FREE_OK</meta:user-defined>
  <meta:user-defined meta:name="Info 2"/>
  <meta:user-defined meta:name="Info 3"/>
</office:meta>
 <office:script/>
 <office:font-decls>
  <style:font-decl style:name="StarSymbol" fo:font-family="StarSymbol" style:font-charset="x-symbol"/>
  <style:font-decl style:name="Courier New" fo:font-family="&apos;Courier New&apos;" style:font-style-name="Standard" style:font-family-generic="modern" style:font-pitch="fixed"/>
  <style:font-decl style:name="Courier" fo:font-family="Courier" style:font-family-generic="roman" style:font-pitch="fixed"/>
  <style:font-decl style:name="Arial Unicode MS" fo:font-family="&apos;Arial Unicode MS&apos;" style:font-pitch="variable"/>
  <style:font-decl style:name="HG Mincho Light J" fo:font-family="&apos;HG Mincho Light J&apos;" style:font-pitch="variable"/>
  <style:font-decl style:name="Times New Roman3" fo:font-family="&apos;Times New Roman&apos;" style:font-pitch="variable"/>
  <style:font-decl style:name="Thorndale" fo:font-family="Thorndale" style:font-family-generic="roman" style:font-pitch="variable"/>
  <style:font-decl style:name="Times New Roman2" fo:font-family="&apos;Times New Roman&apos;" style:font-style-name="Fett" style:font-family-generic="roman" style:font-pitch="variable"/>
  <style:font-decl style:name="Times New Roman" fo:font-family="&apos;Times New Roman&apos;" style:font-style-name="Standard" style:font-family-generic="roman" style:font-pitch="variable"/>
  <style:font-decl style:name="Times New Roman1" fo:font-family="&apos;Times New Roman&apos;" style:font-family-generic="swiss" style:font-pitch="variable"/>
 </office:font-decls>
 <office:automatic-styles>
  <style:style style:name="Tabelle1" style:family="table">
   <style:properties style:width="18cm" table:align="margins"/>
  </style:style>
  <style:style style:name="Tabelle1.A" style:family="table-column">
   <style:properties style:column-width="1.499cm" style:rel-column-width="850*"/>
  </style:style>
  <style:style style:name="Tabelle1.B" style:family="table-column">
   <style:properties style:column-width="16.498cm" style:rel-column-width="9352*"/>
  </style:style>
  <style:style style:name="Tabelle1.1" style:family="table-row">
   <style:properties style:min-row-height="0.848cm"/>
  </style:style>
  <style:style style:name="Tabelle1.A1" style:family="table-cell">
   <style:properties fo:padding="0cm" fo:border="none"/>
  </style:style>
  <style:style style:name="Tabelle2" style:family="table">
   <style:properties style:width="18cm" table:align="margins"/>
  </style:style>
  <style:style style:name="Tabelle2.A" style:family="table-column">
   <style:properties style:column-width="1.499cm" style:rel-column-width="850*"/>
  </style:style>
  <style:style style:name="Tabelle2.B" style:family="table-column">
   <style:properties style:column-width="16.498cm" style:rel-column-width="9352*"/>
  </style:style>
  <style:style style:name="Tabelle2.1" style:family="table-row">
   <style:properties style:min-row-height="0.848cm"/>
  </style:style>
  <style:style style:name="Tabelle2.A1" style:family="table-cell">
   <style:properties fo:padding="0cm" fo:border="none"/>
  </style:style>
  <style:style style:name="P1" style:family="paragraph" style:parent-style-name="Paragraph" style:master-page-name="HTML">
   <style:properties style:page-number="0"/>
  </style:style>
  <style:style style:name="T1" style:family="text">
   <style:properties fo:font-weight="bold"/>
  </style:style>
  <style:style style:name="fr1" style:family="graphics" style:parent-style-name="Graphics">
   <style:properties fo:margin-left="0cm" fo:margin-right="0cm" fo:margin-top="0cm" fo:margin-bottom="0cm" style:run-through="foreground" style:wrap="run-through" style:vertical-pos="middle" style:vertical-rel="paragraph" style:horizontal-pos="left" style:horizontal-rel="paragraph" style:mirror="none" fo:clip="rect(0cm 0cm 0cm 0cm)" draw:luminance="0%" draw:contrast="0%" draw:red="0%" draw:green="0%" draw:blue="0%" draw:gamma="1" draw:color-inversion="false" draw:transparency="-100%" draw:color-mode="standard"/>
  </style:style>
 </office:automatic-styles>
 <office:body>
  <text:variable-decls>
   <text:variable-decl text:value-type="string" text:name="HTML_ON"/>
   <text:variable-decl text:value-type="string" text:name="HTML_OFF"/>
   <text:variable-decl text:value-type="string" text:name="TITEL"/>
   <text:variable-decl text:value-type="string" text:name="END"/>
   <text:variable-decl text:value-type="string" text:name="NAME"/>
   <text:variable-decl text:value-type="string" text:name="HREF"/>
   <text:variable-decl text:value-type="string" text:name="HelpID"/>
   <text:variable-decl text:value-type="string" text:name="MODIFY"/>
   <text:variable-decl text:value-type="string" text:name="REFNR"/>
   <text:variable-decl text:value-type="string" text:name="OS2"/>
   <text:variable-decl text:value-type="string" text:name="ELSE"/>
   <text:variable-decl text:value-type="string" text:name="MAC"/>
   <text:variable-decl text:value-type="string" text:name="AKTHLP"/>
   <text:variable-decl text:value-type="string" text:name="INDEX"/>
   <text:variable-decl text:value-type="string" text:name="KEY"/>
   <text:variable-decl text:value-type="string" text:name="STYLE"/>
   <text:variable-decl text:value-type="string" text:name="PARAINFO"/>
  </text:variable-decls>
  <text:sequence-decls>
   <text:sequence-decl text:display-outline-level="0" text:name="Illustration"/>
   <text:sequence-decl text:display-outline-level="0" text:name="Table"/>
   <text:sequence-decl text:display-outline-level="0" text:name="Text"/>
   <text:sequence-decl text:display-outline-level="0" text:name="Drawing"/>
  </text:sequence-decls>
  <help:paragraphinfo state="E"/><help:to-be-embedded Eid="allgemein">
  <text:p text:style-name="Head 1"><help:paragraphinfo state="U" number="1"/><help:help-id value="SVX_TABPAGE_RID_SVXTABPAGE_GALLERY_GENERAL"/><help:link Id="68627">General</help:link></text:p>
  <text:p text:style-name="Paragraph"><help:paragraphinfo state="U" number="2"/><help:help-text value="visible">The<text:span text:style-name="T1"> General </text:span>tab page lists the general properties of the current object.</help:help-text> General information comprises the name of the object and other pertinent information.</text:p>
  <help:paragraphinfo state="E"/></help:to-be-embedded>
  <help:paragraphinfo state="E"/><help:popup Id="67813" Eid="allgemein"><help:embedded Id="65598" Eid="wie"></help:embedded></help:popup>
  <table:table table:name="Tabelle1" table:style-name="Tabelle1">
   <table:table-column table:style-name="Tabelle1.A"/>
   <table:table-column table:style-name="Tabelle1.B"/>
   <table:table-header-rows>
    <table:table-row table:style-name="Tabelle1.1">
     <table:table-cell table:style-name="Tabelle1.A1" table:value-type="string">
      <text:p text:style-name="Paragraph"><draw:image draw:name="Icon0" svg:desc="Note Icon" svg:pixelx="32" svg:pixely="32" svg:width="0.847cm" svg:height="0.847cm" xlink:href="65980" draw:filter-name=""/></text:p>

     </table:table-cell>
     <table:table-cell table:style-name="Tabelle1.A1" table:value-type="string">
      <text:p text:style-name="Paragraph"><help:paragraphinfo state="U" number="25"/>The structure of the<text:span text:style-name="T1"> General </text:span>tab depends on the active object. Only the information or contents for the special object apply.</text:p>
     </table:table-cell>
    </table:table-row>
   </table:table-header-rows>
  </table:table>
  <text:p text:style-name="Head 2"><help:paragraphinfo state="U" number="3"/><help:help-id value="SVX_EDIT_RID_SVXTABPAGE_GALLERY_GENERAL_EDT_MS_NAME"/>Name</text:p>
  <text:p text:style-name="Paragraph"><help:paragraphinfo state="U" number="4"/><help:help-text value="visible">The name shown for the object is displayed in the text box.</help:help-text> If no name has been assigned, type a new name here. With some objects, you can also modify an existing name.</text:p>
  <text:p text:style-name="Paragraph"><help:paragraphinfo state="U" number="28"/><help:key-word value="databases; names" tag="kw68627_1"/>When you create a database, type the name by which the database will be registered in <help:productname>%PRODUCTNAME</help:productname>. You can enter any name, but certain characters are not allowed (for example, /, \, ?, #) and will be ignored if you type them. Only operating-system specific limitations of the file systems apply.</text:p>
  <table:table table:name="Tabelle2" table:style-name="Tabelle2">
   <table:table-column table:style-name="Tabelle2.A"/>
   <table:table-column table:style-name="Tabelle2.B"/>
   <table:table-header-rows>
    <table:table-row table:style-name="Tabelle2.1">
     <table:table-cell table:style-name="Tabelle2.A1" table:value-type="string">
      <text:p text:style-name="Paragraph"><draw:image draw:name="Icon1" svg:desc="Note Icon" svg:pixelx="32" svg:pixely="32" svg:width="0.847cm" svg:height="0.847cm" xlink:href="65980" draw:filter-name=""/></text:p>

     </table:table-cell>
     <table:table-cell table:style-name="Tabelle2.A1" table:value-type="string">
      <text:p text:style-name="Paragraph"><help:paragraphinfo state="U" number="29"/>If you are working on a network, the designations of the local databases cannot be identical to those on a network drive. For example, to create a new form for a database on a network drive, <help:productname>%PRODUCTNAME</help:productname> can set this up for the database only if there is no database with the same name on your local hard drive.</text:p>
     </table:table-cell>
    </table:table-row>
   </table:table-header-rows>
  </table:table>
  <text:p text:style-name="Head 2"><help:paragraphinfo state="U" number="23"/>Read-only</text:p>
  <text:p text:style-name="Paragraph"><help:paragraphinfo state="U" number="24"/><help:help-text value="visible">Mark the<text:span text:style-name="T1"> Read-only</text:span> check box to protect the document from being edited.</help:help-text> Unmark it to overwrite or edit a read-only file. The<text:span text:style-name="T1"> Read-only </text:span>check box is visible when you look at the properties of a file. This box is not visible in the properties dialog of an opened document.</text:p>
  <text:p text:style-name="Head 3"><help:paragraphinfo state="U" number="30"/>Additional information</text:p>
  <text:p text:style-name="Paragraph"><help:paragraphinfo state="U" number="31"/>The additional information on this page can be controlled with the <text:span text:style-name="T1">Show</text:span> context menu. The display of the additional information can be suppressed, limited to some document properties, or included. All information is presented, whether or not a folder, database, or other object is selected:</text:p>
  <text:p text:style-name="Head 3"><help:paragraphinfo state="U" number="5"/>Type</text:p>
  <text:p text:style-name="Paragraph"><help:paragraphinfo state="U" number="6"/>Specifies the object type. This can include a file, link or special database. Additional entries follow depending on the type:</text:p>
  <text:p text:style-name="Head 3"><help:paragraphinfo state="U" number="7"/>Location</text:p>
  <text:p text:style-name="Paragraph"><help:paragraphinfo state="U" number="8"/>The complete object path.</text:p>
  <text:p text:style-name="Head 3"><help:paragraphinfo state="U" number="9"/>Size</text:p>
  <text:p text:style-name="Paragraph"><help:paragraphinfo state="U" number="10"/>The size of the object in bytes, KB or MB.</text:p>
  <text:p text:style-name="Head 3"><help:paragraphinfo state="U" number="21"/>Number of contents</text:p>
  <text:p text:style-name="Paragraph"><help:paragraphinfo state="U" number="22"/>Displays the number of files and folders, for a selected folder. If the Gallery is selected, you will see the number of themes.</text:p>
  <text:p text:style-name="Head 3"><help:paragraphinfo state="U" number="11"/>Created on</text:p>
  <text:p text:style-name="Paragraph"><help:paragraphinfo state="U" number="12"/>Displays the date and time the object was first created. The name of the person who created the object is also displayed.</text:p>
  <text:p text:style-name="Head 3"><help:paragraphinfo state="U" number="13"/>Changed on</text:p>
  <text:p text:style-name="Paragraph"><help:paragraphinfo state="U" number="14"/>The date and time of the last saved document change. The name of the person making the change is also displayed.</text:p>
  <text:p text:style-name="Head 3"><help:paragraphinfo state="U" number="36"/>Printed on:</text:p>
  <text:p text:style-name="Paragraph"><help:paragraphinfo state="U" number="37"/>The date and time of the last printing.</text:p>
  <text:p text:style-name="Head 3"><help:paragraphinfo state="U" number="38"/>Version:</text:p>
  <text:p text:style-name="Paragraph"><help:paragraphinfo state="U" number="39"/>Shows the version number of the document.</text:p>
  <text:p text:style-name="Head 3"><help:paragraphinfo state="U" number="40"/>Style:</text:p>
  <text:p text:style-name="Paragraph"><help:paragraphinfo state="U" number="41"/>If you used a document template, the template name appears here.</text:p>
  <text:p text:style-name="Head 3"><help:paragraphinfo state="U" number="42"/>Edited:</text:p>
  <text:p text:style-name="Paragraph"><help:paragraphinfo state="U" number="43"/>The total editing time.</text:p>
 </office:body>
</office:document>
