

<office:document  xmlns:office="http://openoffice.org/2000/office" xmlns:style="http://openoffice.org/2000/style" xmlns:text="http://openoffice.org/2000/text" xmlns:table="http://openoffice.org/2000/table" xmlns:draw="http://openoffice.org/2000/drawing" xmlns:fo="http://www.w3.org/1999/XSL/Format" xmlns:xlink="http://www.w3.org/1999/xlink" xmlns:number="http://openoffice.org/2000/datastyle" xmlns:svg="http://www.w3.org/2000/svg" xmlns:chart="http://openoffice.org/2000/chart" xmlns:dr3d="http://openoffice.org/2000/dr3d" xmlns:math="http://www.w3.org/1998/Math/MathML" xmlns:form="http://openoffice.org/2000/form" xmlns:script="http://openoffice.org/2000/script" office:class="text" office:version="1.0" xmlns:dc="http://purl.org/dc/elements/1.1/" xmlns:meta="http://openoffice.org/2000/meta" xmlns:help="http://openoffice.org/2000/help">
<office:meta>
  <dc:description>text/common/autopi/01010200</dc:description>
  <dc:subject>AutoPilot Letter - Page 2</dc:subject>

  <dc:language>en-US</dc:language>
  <meta:user-defined meta:name="Info 0">READY</meta:user-defined>
  <meta:user-defined meta:name="Info 1">FREE_OK</meta:user-defined>
  <meta:user-defined meta:name="Info 2"/>
  <meta:user-defined meta:name="Info 3"/>
</office:meta>
 <office:script/>
 <office:font-decls>
  <style:font-decl style:name="StarSymbol" fo:font-family="StarSymbol" style:font-charset="x-symbol"/>
  <style:font-decl style:name="Courier New" fo:font-family="&apos;Courier New&apos;" style:font-style-name="Standard" style:font-family-generic="modern" style:font-pitch="fixed"/>
  <style:font-decl style:name="Courier" fo:font-family="Courier" style:font-family-generic="roman" style:font-pitch="fixed"/>
  <style:font-decl style:name="Arial Unicode MS" fo:font-family="&apos;Arial Unicode MS&apos;" style:font-pitch="variable"/>
  <style:font-decl style:name="HG Mincho Light J" fo:font-family="&apos;HG Mincho Light J&apos;" style:font-pitch="variable"/>
  <style:font-decl style:name="Times New Roman3" fo:font-family="&apos;Times New Roman&apos;" style:font-pitch="variable"/>
  <style:font-decl style:name="Thorndale" fo:font-family="Thorndale" style:font-family-generic="roman" style:font-pitch="variable"/>
  <style:font-decl style:name="Times New Roman2" fo:font-family="&apos;Times New Roman&apos;" style:font-style-name="Fett" style:font-family-generic="roman" style:font-pitch="variable"/>
  <style:font-decl style:name="Times New Roman" fo:font-family="&apos;Times New Roman&apos;" style:font-style-name="Standard" style:font-family-generic="roman" style:font-pitch="variable"/>
  <style:font-decl style:name="Times New Roman1" fo:font-family="&apos;Times New Roman&apos;" style:font-family-generic="swiss" style:font-pitch="variable"/>
 </office:font-decls>
 <office:automatic-styles>
  <style:style style:name="P1" style:family="paragraph" style:parent-style-name="Paragraph" style:master-page-name="HTML">
   <style:properties style:page-number="0"/>
  </style:style>
  <style:style style:name="T1" style:family="text">
   <style:properties fo:font-weight="bold"/>
  </style:style>
 </office:automatic-styles>
 <office:body>
  <text:variable-decls>
   <text:variable-decl text:value-type="string" text:name="HTML_ON"/>
   <text:variable-decl text:value-type="string" text:name="HTML_OFF"/>
   <text:variable-decl text:value-type="string" text:name="TITEL"/>
   <text:variable-decl text:value-type="string" text:name="END"/>
   <text:variable-decl text:value-type="string" text:name="OS2"/>
   <text:variable-decl text:value-type="string" text:name="ELSE"/>
   <text:variable-decl text:value-type="string" text:name="HREF"/>
   <text:variable-decl text:value-type="string" text:name="MAC"/>
   <text:variable-decl text:value-type="string" text:name="NAME"/>
   <text:variable-decl text:value-type="string" text:name="HelpID"/>
   <text:variable-decl text:value-type="string" text:name="MODIFY"/>
   <text:variable-decl text:value-type="string" text:name="REFNR"/>
   <text:variable-decl text:value-type="string" text:name="AKTHLP"/>
   <text:variable-decl text:value-type="string" text:name="STYLE"/>
   <text:variable-decl text:value-type="string" text:name="PARAINFO"/>
  </text:variable-decls>
  <text:sequence-decls>
   <text:sequence-decl text:display-outline-level="0" text:name="Illustration"/>
   <text:sequence-decl text:display-outline-level="0" text:name="Table"/>
   <text:sequence-decl text:display-outline-level="0" text:name="Text"/>
   <text:sequence-decl text:display-outline-level="0" text:name="Drawing"/>
  </text:sequence-decls>
  <help:paragraphinfo state="E"/><help:to-be-embedded Eid="seite2">
  <text:p text:style-name="Head 1"><help:paragraphinfo state="U" number="1"/><help:help-id value="HID_LETTER_PAGE2"/><help:link Id="66081">AutoPilot Letter - Page 2</help:link></text:p>
  <text:p text:style-name="Paragraph"><help:paragraphinfo state="U" number="2"/><help:help-text value="visible">In this area, you can select a logo for your template.</help:help-text> The available options on this page depend on the selected logo.</text:p>
  <help:paragraphinfo state="E"/></help:to-be-embedded>
  <help:paragraphinfo state="E"/><help:popup Id="65611" Eid="autopilotbrief2"><help:embedded Id="65598" Eid="wie"></help:embedded></help:popup>
  <text:p text:style-name="Head 2"><help:paragraphinfo state="U" number="3"/><a name="logoart"/>Which type of logo would you like to use?</text:p>
  <help:paragraphinfo state="E"/><help:to-be-embedded Eid="010102text">
  <text:p text:style-name="Paragraph"><help:paragraphinfo state="U" number="48"/>Depending on the type of logo you select, the available options on this page will vary.</text:p>
  <help:paragraphinfo state="E"/></help:to-be-embedded>
  <help:paragraphinfo state="E"/><help:help-id value="SW_RADIOBUTTON_DLG_WIZARD_LT_DLG_LGO_RBTN_NOLOGO"/>
  <help:paragraphinfo state="E"/><help:to-be-embedded Eid="2keinlogo">
  <text:p text:style-name="Head 3"><help:paragraphinfo state="U" number="4"/>No logo</text:p>
  <text:p text:style-name="Paragraph"><help:paragraphinfo state="U" number="5"/><help:help-text value="visible">Specifies that a logo is not included in your letter or fax.</help:help-text></text:p>
  <help:paragraphinfo state="E"/></help:to-be-embedded>
  <help:paragraphinfo state="E"/><help:help-id value="SW_RADIOBUTTON_DLG_WIZARD_LT_DLG_LGO_RBTN_GRLOGO"/>
  <help:paragraphinfo state="E"/><help:to-be-embedded Eid="2grafik">
  <text:p text:style-name="Head 3"><help:paragraphinfo state="U" number="6"/>Graphics</text:p>
  <text:p text:style-name="Paragraph"><help:paragraphinfo state="U" number="7"/><help:help-text value="visible">Specifies that you want to insert a graphic as a logo. You can select a graphic file under <text:span text:style-name="T1">Graphics file name</text:span>.</help:help-text></text:p>
  <help:paragraphinfo state="E"/></help:to-be-embedded>
  <help:paragraphinfo state="E"/><help:help-id value="SW_RADIOBUTTON_DLG_WIZARD_LT_DLG_LGO_RBTN_TXLOGO"/>
  <help:paragraphinfo state="E"/><help:to-be-embedded Eid="2text">
  <text:p text:style-name="Head 3"><help:paragraphinfo state="U" number="8"/>Text</text:p>
  <text:p text:style-name="Paragraph"><help:paragraphinfo state="U" number="9"/><help:help-text value="visible">Specifies that you want to enter text for your logo.</help:help-text></text:p>
  <text:p text:style-name="Head 2"><help:paragraphinfo state="U" number="10"/><a name="grafikdateiname"/>Graphics file name</text:p>
  <text:p text:style-name="Paragraph"><help:paragraphinfo state="U" number="11"/>This area is only visible if you choose to insert a graphic as a logo. Click on <text:span text:style-name="T1">Select Graphics</text:span> to select a new file.</text:p>
  <help:paragraphinfo state="E"/></help:to-be-embedded>
  <help:paragraphinfo state="E"/><help:help-id value="SW_PUSHBUTTON_DLG_WIZARD_LT_DLG_LGO_PBTN_LOGOFN"/>
  <help:paragraphinfo state="E"/><help:to-be-embedded Eid="2grafikauswahl">
  <text:p text:style-name="Head 3"><help:paragraphinfo state="U" number="12"/>Select Graphics</text:p>
  <text:p text:style-name="Paragraph"><help:paragraphinfo state="U" number="13"/><help:help-text value="visible">Opens the <help:link Id="65636">Select logo</help:link> dialog.</help:help-text></text:p>
  <help:paragraphinfo state="E"/></help:to-be-embedded>
  <help:paragraphinfo state="E"/><help:help-id value="SW_MULTILINEEDIT_DLG_WIZARD_LT_DLG_LGO_MEDT_LOGOTX"/>
  <help:paragraphinfo state="E"/><help:to-be-embedded Eid="2logotext">
  <text:p text:style-name="Head 2"><help:paragraphinfo state="U" number="27"/><a name="logotext"/>Logo text</text:p>
  <text:p text:style-name="Paragraph"><help:paragraphinfo state="U" number="28"/><help:help-text value="visible">If you choose to enter text as a logo, the <text:span text:style-name="T1">Logo text </text:span>text box will appear. Text entered here will appear at the top of your letter as the logo.</help:help-text></text:p>
  <text:p text:style-name="Head 2"><help:paragraphinfo state="U" number="29"/><a name="groesse"/>Size</text:p>
  <text:p text:style-name="Paragraph"><help:paragraphinfo state="U" number="30"/>Defines the exact size of the logo.</text:p>
  <help:paragraphinfo state="E"/></help:to-be-embedded>
  <help:paragraphinfo state="E"/><help:help-id value="SW_METRICFIELD_DLG_WIZARD_LT_DLG_LGO_MFLD_LOGOWD"/>
  <help:paragraphinfo state="E"/><help:to-be-embedded Eid="2breite">
  <text:p text:style-name="Head 3"><help:paragraphinfo state="U" number="31"/>Width</text:p>
  <text:p text:style-name="Paragraph"><help:paragraphinfo state="U" number="32"/><help:help-text value="visible">Defines the width of the logo.</help:help-text></text:p>
  <help:paragraphinfo state="E"/></help:to-be-embedded>
  <help:paragraphinfo state="E"/><help:help-id value="SW_METRICFIELD_DLG_WIZARD_LT_DLG_LGO_MFLD_LOGOHG"/>
  <help:paragraphinfo state="E"/><help:to-be-embedded Eid="2hoehe">
  <text:p text:style-name="Head 3"><help:paragraphinfo state="U" number="33"/>Height</text:p>
  <text:p text:style-name="Paragraph"><help:paragraphinfo state="U" number="34"/><help:help-text value="visible">Defines the height of the logo.</help:help-text></text:p>
  <text:p text:style-name="Head 2"><help:paragraphinfo state="U" number="35"/><a name="position"/>Position</text:p>
  <text:p text:style-name="Paragraph"><help:paragraphinfo state="U" number="36"/>Click one of the icons to define the position of the logo on the page, and fine-tune the position with the aid of the spin buttons:</text:p>
  <help:paragraphinfo state="E"/></help:to-be-embedded>
  <help:paragraphinfo state="E"/><help:help-id value="SW_IMAGEBUTTON_DLG_WIZARD_LT_DLG_LGO_BBTN_LOGOLI"/>
  <help:paragraphinfo state="E"/><help:to-be-embedded Eid="2links">
  <text:p text:style-name="Head 3"><help:paragraphinfo state="U" number="37"/>Left</text:p>
  <text:p text:style-name="Paragraph"><help:paragraphinfo state="U" number="38"/><help:help-text value="visible">Positions the logo on the left of the page.</help:help-text></text:p>
  <help:paragraphinfo state="E"/></help:to-be-embedded>
  <help:paragraphinfo state="E"/><help:help-id value="SW_IMAGEBUTTON_DLG_WIZARD_LT_DLG_LGO_BBTN_LOGOMI"/>
  <help:paragraphinfo state="E"/><help:to-be-embedded Eid="2mitte">
  <text:p text:style-name="Head 3"><help:paragraphinfo state="U" number="39"/>Center</text:p>
  <text:p text:style-name="Paragraph"><help:paragraphinfo state="U" number="40"/><help:help-text value="visible">Positions the logo at the center of the page.</help:help-text></text:p>
  <help:paragraphinfo state="E"/></help:to-be-embedded>
  <help:paragraphinfo state="E"/><help:help-id value="SW_IMAGEBUTTON_DLG_WIZARD_LT_DLG_LGO_BBTN_LOGORE"/>
  <help:paragraphinfo state="E"/><help:to-be-embedded Eid="2rechts">
  <text:p text:style-name="Head 3"><help:paragraphinfo state="U" number="41"/>Right</text:p>
  <text:p text:style-name="Paragraph"><help:paragraphinfo state="U" number="42"/><help:help-text value="visible">Positions the logo on the right of the page.</help:help-text></text:p>
  <help:paragraphinfo state="E"/></help:to-be-embedded>
  <help:paragraphinfo state="E"/><help:help-id value="SW_METRICFIELD_DLG_WIZARD_LT_DLG_LGO_MFLD_LOGOHO"/>
  <help:paragraphinfo state="E"/><help:to-be-embedded Eid="2vonlr">
  <text:p text:style-name="Head 3"><help:paragraphinfo state="U" number="43"/>From left / From right</text:p>
  <text:p text:style-name="Paragraph"><help:paragraphinfo state="U" number="44"/><help:help-text value="visible">Sets the logo distance from the left or right page margin.</help:help-text></text:p>
  <help:paragraphinfo state="E"/></help:to-be-embedded>
  <help:paragraphinfo state="E"/><help:help-id value="SW_METRICFIELD_DLG_WIZARD_LT_DLG_LGO_MFLD_LOGOVE"/>
  <help:paragraphinfo state="E"/><help:to-be-embedded Eid="2vonoben">
  <text:p text:style-name="Head 3"><help:paragraphinfo state="U" number="45"/>From top</text:p>
  <text:p text:style-name="Paragraph"><help:paragraphinfo state="U" number="46"/><help:help-text value="visible">Sets the logo distance from the top page margin.</help:help-text></text:p>
  <help:paragraphinfo state="E"/></help:to-be-embedded>
  <text:p text:style-name="Paragraph"><help:paragraphinfo state="U" number="47"/><help:link Id="66142">Go to AutoPilot Letter - Page 3</help:link></text:p>
 </office:body>
</office:document>
