

<office:document  xmlns:office="http://openoffice.org/2000/office" xmlns:style="http://openoffice.org/2000/style" xmlns:text="http://openoffice.org/2000/text" xmlns:table="http://openoffice.org/2000/table" xmlns:draw="http://openoffice.org/2000/drawing" xmlns:fo="http://www.w3.org/1999/XSL/Format" xmlns:xlink="http://www.w3.org/1999/xlink" xmlns:number="http://openoffice.org/2000/datastyle" xmlns:svg="http://www.w3.org/2000/svg" xmlns:chart="http://openoffice.org/2000/chart" xmlns:dr3d="http://openoffice.org/2000/dr3d" xmlns:math="http://www.w3.org/1998/Math/MathML" xmlns:form="http://openoffice.org/2000/form" xmlns:script="http://openoffice.org/2000/script" office:class="text" office:version="1.0" xmlns:dc="http://purl.org/dc/elements/1.1/" xmlns:meta="http://openoffice.org/2000/meta" xmlns:help="http://openoffice.org/2000/help">
<office:meta>
  <dc:description>text/common/autopi/01020400</dc:description>
  <dc:subject>AutoPilot Fax - Page 4</dc:subject>

  <dc:language>en-US</dc:language>
  <meta:user-defined meta:name="Info 0">READY</meta:user-defined>
  <meta:user-defined meta:name="Info 1">FREE_OK</meta:user-defined>
  <meta:user-defined meta:name="Info 2"/>
  <meta:user-defined meta:name="Info 3"/>
</office:meta>
 <office:script/>
 <office:font-decls>
  <style:font-decl style:name="StarSymbol" fo:font-family="StarSymbol" style:font-charset="x-symbol"/>
  <style:font-decl style:name="Courier New" fo:font-family="&apos;Courier New&apos;" style:font-style-name="Standard" style:font-family-generic="modern" style:font-pitch="fixed"/>
  <style:font-decl style:name="Courier" fo:font-family="Courier" style:font-family-generic="roman" style:font-pitch="fixed"/>
  <style:font-decl style:name="Arial Unicode MS" fo:font-family="&apos;Arial Unicode MS&apos;" style:font-pitch="variable"/>
  <style:font-decl style:name="HG Mincho Light J" fo:font-family="&apos;HG Mincho Light J&apos;" style:font-pitch="variable"/>
  <style:font-decl style:name="Times New Roman3" fo:font-family="&apos;Times New Roman&apos;" style:font-pitch="variable"/>
  <style:font-decl style:name="Thorndale" fo:font-family="Thorndale" style:font-family-generic="roman" style:font-pitch="variable"/>
  <style:font-decl style:name="Times New Roman2" fo:font-family="&apos;Times New Roman&apos;" style:font-style-name="Fett" style:font-family-generic="roman" style:font-pitch="variable"/>
  <style:font-decl style:name="Times New Roman" fo:font-family="&apos;Times New Roman&apos;" style:font-style-name="Standard" style:font-family-generic="roman" style:font-pitch="variable"/>
  <style:font-decl style:name="Times New Roman1" fo:font-family="&apos;Times New Roman&apos;" style:font-family-generic="swiss" style:font-pitch="variable"/>
 </office:font-decls>
 <office:automatic-styles>
  <style:style style:name="P1" style:family="paragraph" style:parent-style-name="Paragraph" style:master-page-name="HTML">
   <style:properties style:page-number="0"/>
  </style:style>
  <style:style style:name="T1" style:family="text">
   <style:properties fo:font-weight="bold"/>
  </style:style>
 </office:automatic-styles>
 <office:body>
  <text:variable-decls>
   <text:variable-decl text:value-type="string" text:name="HTML_ON"/>
   <text:variable-decl text:value-type="string" text:name="HTML_OFF"/>
   <text:variable-decl text:value-type="string" text:name="TITEL"/>
   <text:variable-decl text:value-type="string" text:name="END"/>
   <text:variable-decl text:value-type="string" text:name="OS2"/>
   <text:variable-decl text:value-type="string" text:name="ELSE"/>
   <text:variable-decl text:value-type="string" text:name="MAC"/>
   <text:variable-decl text:value-type="string" text:name="HREF"/>
   <text:variable-decl text:value-type="string" text:name="NAME"/>
   <text:variable-decl text:value-type="string" text:name="HelpID"/>
   <text:variable-decl text:value-type="string" text:name="MODIFY"/>
   <text:variable-decl text:value-type="string" text:name="REFNR"/>
   <text:variable-decl text:value-type="string" text:name="AKTHLP"/>
   <text:variable-decl text:value-type="string" text:name="KEY"/>
   <text:variable-decl text:value-type="string" text:name="STYLE"/>
   <text:variable-decl text:value-type="string" text:name="PARAINFO"/>
  </text:variable-decls>
  <text:sequence-decls>
   <text:sequence-decl text:display-outline-level="0" text:name="Illustration"/>
   <text:sequence-decl text:display-outline-level="0" text:name="Table"/>
   <text:sequence-decl text:display-outline-level="0" text:name="Text"/>
   <text:sequence-decl text:display-outline-level="0" text:name="Drawing"/>
  </text:sequence-decls>
  <help:paragraphinfo state="E"/><help:to-be-embedded Eid="seite4">
  <text:p text:style-name="Head 1"><help:paragraphinfo state="U" number="1"/><help:help-id value="HID_FAX_PAGE4"/><help:link Id="66132">AutoPilot Fax - Page 4</help:link></text:p>
  <text:p text:style-name="Paragraph"><help:paragraphinfo state="U" number="2"/><help:help-text value="visible">Specifies the recipient information.</help:help-text></text:p>
  <help:paragraphinfo state="E"/></help:to-be-embedded>
  <help:paragraphinfo state="E"/><help:popup Id="65611" Eid="autopilotfax4"><help:embedded Id="65598" Eid="wie"></help:embedded></help:popup>
  <text:p text:style-name="Head 2"><help:paragraphinfo state="U" number="3"/><help:help-id value="SW_LISTBOX_DLG_WIZARD_FX_DLG_EMP_LIST_DBASE"/>Database</text:p>
  <text:p text:style-name="Paragraph"><help:paragraphinfo state="U" number="4"/><help:help-text value="visible">Select the database containing the recipient data.</help:help-text></text:p>
  <text:p text:style-name="Head 2"><help:paragraphinfo state="U" number="5"/><help:help-id value="SW_LISTBOX_DLG_WIZARD_FX_DLG_EMP_LIST_DBTABLE"/>Database</text:p>
  <text:p text:style-name="Paragraph"><help:paragraphinfo state="U" number="6"/><help:help-text value="visible">Select the table from the selected database containing the recipient data.</help:help-text>The entries in this list box depend on the selected <text:span text:style-name="T1">Database</text:span>.</text:p>
  <text:p text:style-name="Head 2"><help:paragraphinfo state="U" number="7"/><help:help-id value="SW_LISTBOX_DLG_WIZARD_FX_DLG_EMP_LIST_TELFON"/>Telephone</text:p>
  <text:p text:style-name="Paragraph"><help:paragraphinfo state="U" number="8"/><help:help-text value="visible">Select the database field corresponding to the recipient&apos;s telephone number in the fax template.</help:help-text></text:p>
  <text:p text:style-name="Head 2"><help:paragraphinfo state="U" number="9"/><help:help-id value="SW_LISTBOX_DLG_WIZARD_FX_DLG_EMP_LIST_TELFAX"/>Fax</text:p>
  <text:p text:style-name="Paragraph"><help:paragraphinfo state="U" number="10"/><help:help-text value="visible">Select the database field corresponding to the recipient&apos;s fax number in the fax template.</help:help-text></text:p>
  <text:p text:style-name="Head 2"><help:paragraphinfo state="U" number="11"/><help:help-id value="SW_MULTILINEEDIT_DLG_WIZARD_FX_DLG_EMP_MEDT_ADRESS"/>Address</text:p>
  <text:p text:style-name="Paragraph"><help:paragraphinfo state="U" number="12"/><help:help-text value="visible">Enter the recipient&apos;s data manually, or use the database fields as placeholders for a form fax.</help:help-text></text:p>
  <text:p text:style-name="Head 2"><help:paragraphinfo state="U" number="13"/><help:help-id value="SW_LISTBOX_DLG_WIZARD_FX_DLG_EMP_LIST_FIELDS"/>Database fields</text:p>
  <text:p text:style-name="Paragraph"><help:paragraphinfo state="U" number="14"/><help:help-text value="visible">Select the database fields to transfer to the recipient field.</help:help-text></text:p>
  <text:p text:style-name="Head 2"><help:paragraphinfo state="U" number="15"/><help:help-id value="SW_IMAGEBUTTON_DLG_WIZARD_FX_DLG_EMP_SBTN_INSERT"/>Left arrow</text:p>
  <text:p text:style-name="Paragraph"><help:paragraphinfo state="U" number="16"/><help:help-text value="visible">Transfers the selected database field to the current cursor position in the address field.</help:help-text></text:p>
  <text:p text:style-name="Head 2"><help:paragraphinfo state="U" number="17"/><help:help-id value="SW_IMAGEBUTTON_DLG_WIZARD_FX_DLG_EMP_BBTN_NEWLIN"/>Paragraph break</text:p>
  <text:p text:style-name="Paragraph"><help:paragraphinfo state="U" number="18"/><help:help-text value="visible">Inserts a paragraph break at the current cursor position in the address field.</help:help-text></text:p>
  <text:p text:style-name="Paragraph"><help:paragraphinfo state="U" number="19"/><help:link Id="66144">Go to AutoPilot Fax - Page 5</help:link></text:p>
 </office:body>
</office:document>
