

<office:document  xmlns:office="http://openoffice.org/2000/office" xmlns:style="http://openoffice.org/2000/style" xmlns:text="http://openoffice.org/2000/text" xmlns:table="http://openoffice.org/2000/table" xmlns:draw="http://openoffice.org/2000/drawing" xmlns:fo="http://www.w3.org/1999/XSL/Format" xmlns:xlink="http://www.w3.org/1999/xlink" xmlns:number="http://openoffice.org/2000/datastyle" xmlns:svg="http://www.w3.org/2000/svg" xmlns:chart="http://openoffice.org/2000/chart" xmlns:dr3d="http://openoffice.org/2000/dr3d" xmlns:math="http://www.w3.org/1998/Math/MathML" xmlns:form="http://openoffice.org/2000/form" xmlns:script="http://openoffice.org/2000/script" office:class="text" office:version="1.0" xmlns:dc="http://purl.org/dc/elements/1.1/" xmlns:meta="http://openoffice.org/2000/meta" xmlns:help="http://openoffice.org/2000/help">
<office:meta>
  <dc:description>text/common/autopi/01030300</dc:description>
  <dc:subject>AutoPilot Memo - Page 3</dc:subject>

  <dc:language>en-US</dc:language>
  <meta:user-defined meta:name="Info 0">READY</meta:user-defined>
  <meta:user-defined meta:name="Info 1">FREE_OK</meta:user-defined>
  <meta:user-defined meta:name="Info 2"/>
  <meta:user-defined meta:name="Info 3"/>
</office:meta>
 <office:script/>
 <office:font-decls>
  <style:font-decl style:name="StarSymbol" fo:font-family="StarSymbol" style:font-charset="x-symbol"/>
  <style:font-decl style:name="Courier New" fo:font-family="&apos;Courier New&apos;" style:font-style-name="Standard" style:font-family-generic="modern" style:font-pitch="fixed"/>
  <style:font-decl style:name="Courier" fo:font-family="Courier" style:font-family-generic="roman" style:font-pitch="fixed"/>
  <style:font-decl style:name="Arial Unicode MS" fo:font-family="&apos;Arial Unicode MS&apos;" style:font-pitch="variable"/>
  <style:font-decl style:name="HG Mincho Light J" fo:font-family="&apos;HG Mincho Light J&apos;" style:font-pitch="variable"/>
  <style:font-decl style:name="Times New Roman3" fo:font-family="&apos;Times New Roman&apos;" style:font-pitch="variable"/>
  <style:font-decl style:name="Thorndale" fo:font-family="Thorndale" style:font-family-generic="roman" style:font-pitch="variable"/>
  <style:font-decl style:name="Times New Roman2" fo:font-family="&apos;Times New Roman&apos;" style:font-style-name="Fett" style:font-family-generic="roman" style:font-pitch="variable"/>
  <style:font-decl style:name="Times New Roman" fo:font-family="&apos;Times New Roman&apos;" style:font-style-name="Standard" style:font-family-generic="roman" style:font-pitch="variable"/>
  <style:font-decl style:name="Times New Roman1" fo:font-family="&apos;Times New Roman&apos;" style:font-family-generic="swiss" style:font-pitch="variable"/>
 </office:font-decls>
 <office:automatic-styles>
  <style:style style:name="P1" style:family="paragraph" style:parent-style-name="Paragraph" style:master-page-name="HTML">
   <style:properties style:page-number="0"/>
  </style:style>
  <style:style style:name="T1" style:family="text">
   <style:properties fo:font-weight="bold"/>
  </style:style>
 </office:automatic-styles>
 <office:body>
  <text:variable-decls>
   <text:variable-decl text:value-type="string" text:name="HTML_ON"/>
   <text:variable-decl text:value-type="string" text:name="HTML_OFF"/>
   <text:variable-decl text:value-type="string" text:name="TITEL"/>
   <text:variable-decl text:value-type="string" text:name="END"/>
   <text:variable-decl text:value-type="string" text:name="OS2"/>
   <text:variable-decl text:value-type="string" text:name="ELSE"/>
   <text:variable-decl text:value-type="string" text:name="MAC"/>
   <text:variable-decl text:value-type="string" text:name="HREF"/>
   <text:variable-decl text:value-type="string" text:name="NAME"/>
   <text:variable-decl text:value-type="string" text:name="HelpID"/>
   <text:variable-decl text:value-type="string" text:name="MODIFY"/>
   <text:variable-decl text:value-type="string" text:name="REFNR"/>
   <text:variable-decl text:value-type="string" text:name="AKTHLP"/>
   <text:variable-decl text:value-type="string" text:name="STYLE"/>
   <text:variable-decl text:value-type="string" text:name="PARAINFO"/>
  </text:variable-decls>
  <text:sequence-decls>
   <text:sequence-decl text:display-outline-level="0" text:name="Illustration"/>
   <text:sequence-decl text:display-outline-level="0" text:name="Table"/>
   <text:sequence-decl text:display-outline-level="0" text:name="Text"/>
   <text:sequence-decl text:display-outline-level="0" text:name="Drawing"/>
  </text:sequence-decls>
  <help:paragraphinfo state="E"/><help:to-be-embedded Eid="seite3">
  <text:p text:style-name="Head 1"><help:paragraphinfo state="U" number="1"/><help:help-id value="HID_MEMO_PAGE3"/><help:link Id="66143">AutoPilot Memo - Page 3</help:link></text:p>
  <text:p text:style-name="Paragraph"><help:paragraphinfo state="U" number="2"/><help:help-text value="visible">Specifies which elements you want to include in the continuation pages of the memo.</help:help-text></text:p>
  <help:paragraphinfo state="E"/></help:to-be-embedded>
  <help:paragraphinfo state="E"/><help:popup Id="65611" Eid="autopilotmemo3"><help:embedded Id="65598" Eid="wie"></help:embedded></help:popup>
  <text:p text:style-name="Head 2"><help:paragraphinfo state="U" number="3"/>Which elements do you want in the headers of continuation pages?</text:p>
  <text:p text:style-name="Paragraph"><help:paragraphinfo state="U" number="4"/>Specifies the elements that you want to appear in the headers of continuation pages of your memo.</text:p>
  <text:p text:style-name="Head 3"><help:paragraphinfo state="U" number="5"/><help:help-id value="SW_CHECKBOX_DLG_WIZARD_MM_DLG_MM3_CBOX_KDATUM"/>Date</text:p>
  <text:p text:style-name="Paragraph"><help:paragraphinfo state="U" number="6"/><help:help-text value="visible">Inserts the date on all pages.</help:help-text> The <text:span text:style-name="T1">Date </text:span>option can only be activated if you previously selected the &quot;Date&quot; element in the first page.</text:p>
  <text:p text:style-name="Head 3"><help:paragraphinfo state="U" number="7"/><help:help-id value="SW_CHECKBOX_DLG_WIZARD_MM_DLG_MM3_CBOX_KTHEMA"/>Title</text:p>
  <text:p text:style-name="Paragraph"><help:paragraphinfo state="U" number="8"/><help:help-text value="visible">Inserts the title on the continuation pages.</help:help-text></text:p>
  <text:p text:style-name="Head 3"><help:paragraphinfo state="U" number="9"/><help:help-id value="SW_CHECKBOX_DLG_WIZARD_MM_DLG_MM3_CBOX_KPGNUM"/>Page number</text:p>
  <text:p text:style-name="Paragraph"><help:paragraphinfo state="U" number="10"/><help:help-text value="visible">Displays page numbers on the continuation memo pages.</help:help-text></text:p>
  <text:p text:style-name="Head 3"><help:paragraphinfo state="U" number="11"/><help:help-id value="SW_CHECKBOX_DLG_WIZARD_MM_DLG_MM3_CBOX_KTRNLN"/>Separator line</text:p>
  <text:p text:style-name="Paragraph"><help:paragraphinfo state="U" number="12"/><help:help-text value="visible">Includes a separator between the header of the memo and the main text.</help:help-text></text:p>
  <text:p text:style-name="Head 2"><help:paragraphinfo state="U" number="13"/>Which elements do you want to display in the footers of all pages?</text:p>
  <text:p text:style-name="Paragraph"><help:paragraphinfo state="U" number="14"/>You can choose which elements appear in the footers of all pages of your memo.</text:p>
  <text:p text:style-name="Head 3"><help:paragraphinfo state="U" number="15"/><help:help-id value="SW_CHECKBOX_DLG_WIZARD_MM_DLG_MM3_CBOX_FDATUM"/>Date</text:p>
  <text:p text:style-name="Paragraph"><help:paragraphinfo state="U" number="16"/><help:help-text value="visible">Displays the date in the memo&apos;s footer.</help:help-text> The<text:span text:style-name="T1"> Date option </text:span>is only active if you selected the &quot;Date&quot; option for the first page of the memo.</text:p>
  <text:p text:style-name="Head 3"><help:paragraphinfo state="U" number="17"/><help:help-id value="SW_CHECKBOX_DLG_WIZARD_MM_DLG_MM3_CBOX_FVERTR"/>Confidentiality level</text:p>
  <text:p text:style-name="Paragraph"><help:paragraphinfo state="U" number="18"/><help:help-text value="visible">Includes a reference about the confidentiality level of the memo in the footer.</help:help-text></text:p>
  <text:p text:style-name="Head 4"><help:paragraphinfo state="U" number="19"/><help:help-id value="SW_EDIT_DLG_WIZARD_MM_DLG_MM3_EDIT_FVERTR"/>Confidentiality level</text:p>
  <text:p text:style-name="Paragraph"><help:paragraphinfo state="U" number="20"/><help:help-text value="visible">Specifies a text referring to the confidentiality of the memo.</help:help-text> &quot;Confidential&quot; is the default.</text:p>
  <text:p text:style-name="Head 3"><help:paragraphinfo state="U" number="21"/><help:help-id value="SW_CHECKBOX_DLG_WIZARD_MM_DLG_MM3_CBOX_FPGNUM"/>Continuation page number</text:p>
  <text:p text:style-name="Paragraph"><help:paragraphinfo state="U" number="22"/><help:help-text value="visible">Includes a reference in the footnote about the numbering of the continuation pages.</help:help-text></text:p>
  <text:p text:style-name="Head 3"><help:paragraphinfo state="U" number="23"/><help:help-id value="SW_CHECKBOX_DLG_WIZARD_MM_DLG_MM3_CBOX_FTRNLN"/>Separator line</text:p>
  <text:p text:style-name="Paragraph"><help:paragraphinfo state="U" number="24"/><help:help-text value="visible">Inserts a separator line between the main text and the footer.</help:help-text></text:p>
  <text:p text:style-name="Paragraph"><help:paragraphinfo state="U" number="25"/><help:link Id="68600">Go to AutoPilot Memo - Page 4</help:link></text:p>
 </office:body>
</office:document>
