

<office:document  xmlns:office="http://openoffice.org/2000/office" xmlns:style="http://openoffice.org/2000/style" xmlns:text="http://openoffice.org/2000/text" xmlns:table="http://openoffice.org/2000/table" xmlns:draw="http://openoffice.org/2000/drawing" xmlns:fo="http://www.w3.org/1999/XSL/Format" xmlns:xlink="http://www.w3.org/1999/xlink" xmlns:number="http://openoffice.org/2000/datastyle" xmlns:svg="http://www.w3.org/2000/svg" xmlns:chart="http://openoffice.org/2000/chart" xmlns:dr3d="http://openoffice.org/2000/dr3d" xmlns:math="http://www.w3.org/1998/Math/MathML" xmlns:form="http://openoffice.org/2000/form" xmlns:script="http://openoffice.org/2000/script" office:class="text" office:version="1.0" xmlns:dc="http://purl.org/dc/elements/1.1/" xmlns:meta="http://openoffice.org/2000/meta" xmlns:help="http://openoffice.org/2000/help">
<office:meta>
  <dc:description>text/common/01/01100300</dc:description>
  <dc:subject>使用者</dc:subject>

  <dc:language>zh-CN</dc:language>
  <meta:user-defined meta:name="Info 0">READY</meta:user-defined>
  <meta:user-defined meta:name="Info 1">FREE_OK</meta:user-defined>
  <meta:user-defined meta:name="Info 2"/>
  <meta:user-defined meta:name="Info 3"/>
</office:meta>
 <office:script/>
 <office:font-decls>
  <style:font-decl style:name="StarSymbol" fo:font-family="StarSymbol" style:font-charset="x-symbol"/>
  <style:font-decl style:name="Courier New" fo:font-family="&apos;Courier New&apos;" style:font-style-name="Standard" style:font-family-generic="modern" style:font-pitch="fixed"/>
  <style:font-decl style:name="Courier" fo:font-family="Courier" style:font-family-generic="roman" style:font-pitch="fixed"/>
  <style:font-decl style:name="Andale WT UI3" fo:font-family="&apos;Andale WT UI&apos;" style:font-pitch="variable"/>
  <style:font-decl style:name="Arial Unicode MS" fo:font-family="&apos;Arial Unicode MS&apos;" style:font-pitch="variable"/>
  <style:font-decl style:name="HG Mincho Light J" fo:font-family="&apos;HG Mincho Light J&apos;" style:font-pitch="variable"/>
  <style:font-decl style:name="Andale WT UI" fo:font-family="&apos;Andale WT UI&apos;" style:font-style-name="Fett" style:font-family-generic="roman" style:font-pitch="variable"/>
  <style:font-decl style:name="Andale WT UI1" fo:font-family="&apos;Andale WT UI&apos;" style:font-style-name="Standard" style:font-family-generic="roman" style:font-pitch="variable"/>
  <style:font-decl style:name="Thorndale" fo:font-family="Thorndale" style:font-family-generic="roman" style:font-pitch="variable"/>
  <style:font-decl style:name="Times New Roman" fo:font-family="&apos;Times New Roman&apos;" style:font-style-name="Fett" style:font-family-generic="roman" style:font-pitch="variable"/>
  <style:font-decl style:name="Andale WT UI2" fo:font-family="&apos;Andale WT UI&apos;" style:font-family-generic="swiss" style:font-pitch="variable"/>
 </office:font-decls>
 <office:automatic-styles>
  <style:style style:name="P1" style:family="paragraph" style:parent-style-name="Paragraph" style:master-page-name="HTML">
   <style:properties style:page-number="0"/>
  </style:style>
  <style:style style:name="T1" style:family="text">
   <style:properties fo:font-weight="bold"/>
  </style:style>
 </office:automatic-styles>
 <office:body>
  <text:variable-decls>
   <text:variable-decl text:value-type="string" text:name="HTML_ON"/>
   <text:variable-decl text:value-type="string" text:name="HTML_OFF"/>
   <text:variable-decl text:value-type="string" text:name="TITEL"/>
   <text:variable-decl text:value-type="string" text:name="END"/>
   <text:variable-decl text:value-type="string" text:name="MAC"/>
   <text:variable-decl text:value-type="string" text:name="ELSE"/>
   <text:variable-decl text:value-type="string" text:name="OS2"/>
   <text:variable-decl text:value-type="string" text:name="HREF"/>
   <text:variable-decl text:value-type="string" text:name="NAME"/>
   <text:variable-decl text:value-type="string" text:name="HelpID"/>
   <text:variable-decl text:value-type="string" text:name="MODIFY"/>
   <text:variable-decl text:value-type="string" text:name="REFNR"/>
   <text:variable-decl text:value-type="string" text:name="KEY"/>
   <text:variable-decl text:value-type="string" text:name="AKTHLP"/>
   <text:variable-decl text:value-type="string" text:name="STYLE"/>
  </text:variable-decls>
  <text:sequence-decls>
   <text:sequence-decl text:display-outline-level="0" text:name="Illustration"/>
   <text:sequence-decl text:display-outline-level="0" text:name="Table"/>
   <text:sequence-decl text:display-outline-level="0" text:name="Text"/>
   <text:sequence-decl text:display-outline-level="0" text:name="Drawing"/>
  </text:sequence-decls>
  <help:to-be-embedded Eid="benutzer">
  <text:p text:style-name="Head 1"><help:help-id value="HID_DOCINFOUSER"/><help:link Id="65699">使用者</help:link></text:p>
  <text:p text:style-name="Paragraph"><help:help-text value="visible">用于为文档指定自定的信息字段。</help:help-text></text:p>
  </help:to-be-embedded>
  <help:executeurl Id="slot:5535#265"></help:executeurl><help:popup Id="65611" Eid="info4"><help:embedded Id="65598" Eid="wie"></help:embedded></help:popup>
  <text:p text:style-name="Head 2"><help:help-id value="SFX2_EDIT_TP_DOCINFOUSER_ED_INFO1"/><help:help-id value="SFX2_EDIT_TP_DOCINFOUSER_ED_INFO2"/><help:help-id value="SFX2_EDIT_TP_DOCINFOUSER_ED_INFO3"/><help:help-id value="SFX2_EDIT_TP_DOCINFOUSER_ED_INFO4"/>第 1 条至第 4 条信息</text:p>
  <text:p text:style-name="Paragraph"><help:help-text value="visible">输入自定内容。如果需要，可以单击<text:span text:style-name="T1">“信息字段”</text:span>按钮来更改内容标签。</help:help-text></text:p>
  <text:p text:style-name="Head 2"><help:help-id value="SFX2_PUSHBUTTON_TP_DOCINFOUSER_BTN_EDITLABEL"/>信息字段</text:p>
  <text:p text:style-name="Paragraph"><help:help-text value="visible">编辑自定内容字段的标签。</help:help-text></text:p>
  <text:p text:style-name="Head 3"><help:help-id value="HID_DOCINFO_EDT"/>编辑标题</text:p>
  <text:p text:style-name="Paragraph"><help:help-text value="visible">用于更改<text:span text:style-name="T1">“信息字段”</text:span>的标签。</help:help-text></text:p>
  <text:p text:style-name="Head 3"><help:help-id value="SFX2_EDIT_DLG_DOCINFO_EDT_ED_INFO1"/><help:help-id value="SFX2_EDIT_DLG_DOCINFO_EDT_ED_INFO2"/><help:help-id value="SFX2_EDIT_DLG_DOCINFO_EDT_ED_INFO3"/><help:help-id value="SFX2_EDIT_DLG_DOCINFO_EDT_ED_INFO4"/>名称</text:p>
  <text:p text:style-name="Paragraph"><help:help-text value="visible">输入<text:span text:style-name="T1">“信息字段”</text:span>的名称。</help:help-text></text:p>
  <text:p text:style-name="Paragraph">单击<text:span text:style-name="T1">“确定”</text:span>采用更改。</text:p>
 </office:body>
</office:document>
