

<office:document  xmlns:office="http://openoffice.org/2000/office" xmlns:style="http://openoffice.org/2000/style" xmlns:text="http://openoffice.org/2000/text" xmlns:table="http://openoffice.org/2000/table" xmlns:draw="http://openoffice.org/2000/drawing" xmlns:fo="http://www.w3.org/1999/XSL/Format" xmlns:xlink="http://www.w3.org/1999/xlink" xmlns:number="http://openoffice.org/2000/datastyle" xmlns:svg="http://www.w3.org/2000/svg" xmlns:chart="http://openoffice.org/2000/chart" xmlns:dr3d="http://openoffice.org/2000/dr3d" xmlns:math="http://www.w3.org/1998/Math/MathML" xmlns:form="http://openoffice.org/2000/form" xmlns:script="http://openoffice.org/2000/script" office:class="text" office:version="1.0" xmlns:dc="http://purl.org/dc/elements/1.1/" xmlns:meta="http://openoffice.org/2000/meta" xmlns:help="http://openoffice.org/2000/help">
<office:meta>
  <dc:description>text/common/01/01110100</dc:description>
  <dc:subject>管理</dc:subject>
  <meta:keywords>
   <meta:keyword>$Version</meta:keyword>
  </meta:keywords>
  <dc:language>zh-CN</dc:language>
  <meta:user-defined meta:name="Info 0">READY</meta:user-defined>
  <meta:user-defined meta:name="Info 1">FREE_OK</meta:user-defined>
  <meta:user-defined meta:name="Info 2"/>
  <meta:user-defined meta:name="Info 3"/>
</office:meta>
 <office:script/>
 <office:font-decls>
  <style:font-decl style:name="StarSymbol" fo:font-family="StarSymbol" style:font-charset="x-symbol"/>
  <style:font-decl style:name="Courier New" fo:font-family="&apos;Courier New&apos;" style:font-style-name="Standard" style:font-family-generic="modern" style:font-pitch="fixed"/>
  <style:font-decl style:name="Courier" fo:font-family="Courier" style:font-family-generic="roman" style:font-pitch="fixed"/>
  <style:font-decl style:name="Andale WT UI4" fo:font-family="&apos;Andale WT UI&apos;" style:font-pitch="variable"/>
  <style:font-decl style:name="Arial Unicode MS" fo:font-family="&apos;Arial Unicode MS&apos;" style:font-pitch="variable"/>
  <style:font-decl style:name="HG Mincho Light J" fo:font-family="&apos;HG Mincho Light J&apos;" style:font-pitch="variable"/>
  <style:font-decl style:name="Andale WT UI" fo:font-family="&apos;Andale WT UI&apos;" style:font-family-generic="roman" style:font-pitch="variable"/>
  <style:font-decl style:name="Andale WT UI1" fo:font-family="&apos;Andale WT UI&apos;" style:font-style-name="Fett" style:font-family-generic="roman" style:font-pitch="variable"/>
  <style:font-decl style:name="Andale WT UI2" fo:font-family="&apos;Andale WT UI&apos;" style:font-style-name="Standard" style:font-family-generic="roman" style:font-pitch="variable"/>
  <style:font-decl style:name="Thorndale" fo:font-family="Thorndale" style:font-family-generic="roman" style:font-pitch="variable"/>
  <style:font-decl style:name="Times New Roman" fo:font-family="&apos;Times New Roman&apos;" style:font-style-name="Fett" style:font-family-generic="roman" style:font-pitch="variable"/>
  <style:font-decl style:name="Andale WT UI3" fo:font-family="&apos;Andale WT UI&apos;" style:font-family-generic="swiss" style:font-pitch="variable"/>
 </office:font-decls>
 <office:automatic-styles>
  <style:style style:name="Tabelle2" style:family="table">
   <style:properties style:width="18cm" table:align="margins"/>
  </style:style>
  <style:style style:name="Tabelle2.A" style:family="table-column">
   <style:properties style:column-width="1.499cm" style:rel-column-width="5460*"/>
  </style:style>
  <style:style style:name="Tabelle2.B" style:family="table-column">
   <style:properties style:column-width="16.501cm" style:rel-column-width="60075*"/>
  </style:style>
  <style:style style:name="Tabelle2.1" style:family="table-row">
   <style:properties style:min-row-height="0.848cm"/>
  </style:style>
  <style:style style:name="Tabelle2.A1" style:family="table-cell">
   <style:properties fo:padding="0cm" fo:border="none"/>
  </style:style>
  <style:style style:name="P1" style:family="paragraph" style:parent-style-name="Paragraph" style:master-page-name="HTML">
   <style:properties style:page-number="0"/>
  </style:style>
  <style:style style:name="T1" style:family="text">
   <style:properties fo:font-weight="bold"/>
  </style:style>
  <style:style style:name="fr1" style:family="graphics" style:parent-style-name="Graphics">
   <style:properties fo:margin-left="0cm" fo:margin-right="0cm" fo:margin-top="0cm" fo:margin-bottom="0cm" style:run-through="foreground" style:wrap="run-through" style:vertical-pos="middle" style:vertical-rel="paragraph" style:horizontal-pos="left" style:horizontal-rel="paragraph" style:mirror="none" fo:clip="rect(0cm 0cm 0cm 0cm)" draw:luminance="0%" draw:contrast="0%" draw:red="0%" draw:green="0%" draw:blue="0%" draw:gamma="1" draw:color-inversion="false" draw:transparency="-100%" draw:color-mode="standard"/>
  </style:style>
 </office:automatic-styles>
 <office:body>
  <text:variable-decls>
   <text:variable-decl text:value-type="string" text:name="HTML_ON"/>
   <text:variable-decl text:value-type="string" text:name="HTML_OFF"/>
   <text:variable-decl text:value-type="string" text:name="TITEL"/>
   <text:variable-decl text:value-type="string" text:name="END"/>
   <text:variable-decl text:value-type="string" text:name="MAC"/>
   <text:variable-decl text:value-type="string" text:name="ELSE"/>
   <text:variable-decl text:value-type="string" text:name="HREF"/>
   <text:variable-decl text:value-type="string" text:name="OS2"/>
   <text:variable-decl text:value-type="string" text:name="HelpID"/>
   <text:variable-decl text:value-type="string" text:name="NAME"/>
   <text:variable-decl text:value-type="string" text:name="MODIFY"/>
   <text:variable-decl text:value-type="string" text:name="REFNR"/>
   <text:variable-decl text:value-type="string" text:name="HFELD"/>
   <text:variable-decl text:value-type="string" text:name="KEY"/>
   <text:variable-decl text:value-type="string" text:name="AKTHLP"/>
   <text:variable-decl text:value-type="string" text:name="INDEX"/>
   <text:variable-decl text:value-type="string" text:name="UNIX"/>
   <text:variable-decl text:value-type="string" text:name="STYLE"/>
  </text:variable-decls>
  <text:sequence-decls>
   <text:sequence-decl text:display-outline-level="0" text:name="Illustration"/>
   <text:sequence-decl text:display-outline-level="0" text:name="Table"/>
   <text:sequence-decl text:display-outline-level="0" text:name="Text"/>
   <text:sequence-decl text:display-outline-level="0" text:name="Drawing"/>
  </text:sequence-decls>
  <help:to-be-embedded Eid="verwalten"><a name="verwalten"/>
  <text:p text:style-name="Paragraph"><help:key-word value="文档; 管理" tag="kw65871_1"/><help:key-word value="管理; 文档样式" tag="kw65871_18"/><help:key-word value="文档样式; 管理" tag="kw65871_17"/><help:key-word value="管理; 样式" tag="kw65871_16"/><help:key-word value="样式; 管理" tag="kw65871_15"/><help:key-word value="样式; 文档中使用的打印样式" tag="kw65871_14"/><help:key-word value="样式; 在文档之间的复制" tag="kw65871_13"/><help:key-word value="默认文档样式; 管理" tag="kw65871_12"/></text:p>
  <text:p text:style-name="Head 1"><help:help-id value="SID_ORGANIZER"/><help:link Id="65871" Eid="verwalten">管理</help:link></text:p>
  <text:p text:style-name="Paragraph"><help:help-text value="visible">打开 <text:span text:style-name="T1">[管理文档样式]</text:span> 对话框，可以在其中管理文档样式和定义默认样式。</help:help-text></text:p>
  </help:to-be-embedded>
  <help:popup Id="65611" Eid="verwalten"><help:embedded Id="65598" Eid="wie"></help:embedded></help:popup>
  <text:p text:style-name="Head 2"><help:help-id value="HID_CTL_ORGANIZER_LEFT"/><help:help-id value="HID_CTL_ORGANIZER_RIGHT"/>左边的和右边的选择列表框(文档样式/文档)</text:p>
  <text:p text:style-name="Paragraph"><help:help-text value="visible">显示可以使用的文档样式分类或 <help:productname>%PRODUCTNAME</help:productname> 文件。要更改列单中的内容，请选择其下方的框中的<text:span text:style-name="T1">“文档样式”</text:span>或<text:span text:style-name="T1">“文档”</text:span>。</help:help-text></text:p>
  <table:table table:name="Tabelle2" table:style-name="Tabelle2">
   <table:table-column table:style-name="Tabelle2.A"/>
   <table:table-column table:style-name="Tabelle2.B"/>
   <table:table-header-rows>
    <table:table-row table:style-name="Tabelle2.1">
     <table:table-cell table:style-name="Tabelle2.A1" table:value-type="string">
      <text:p text:style-name="Paragraph"><draw:image draw:name="图标0" svg:desc="此图标用于标记含有附加信息的文字。" svg:pixelx="32" svg:pixely="32" svg:width="0.847cm" svg:height="0.847cm" xlink:href="65980" draw:filter-name=""/></text:p>

     </table:table-cell>
     <table:table-cell table:style-name="Tabelle2.A1" table:value-type="string">
      <text:p text:style-name="Paragraph">默认情况下，<help:productname>%PRODUCTNAME</help:productname> 文档样式文件存储在 <help:switch select="System"><help:case select ="UNIX">{installpath}/share/template/english</help:case><help:default>{installpath}\share\template\english</help:default></help:switch> 目录中；使用者文档样式文件存储在 <help:switch select="System"><help:case select ="UNIX">{installpath}/user/template</help:case><help:default>{installpath}\user\template</help:default></help:switch> 目录中。要更改这些默认设定，请选择 <help:link Id="66242"><text:span text:style-name="T1">[工具] - [选项] -“<help:productname>%PRODUCTNAME</help:productname>”-“路径”</text:span></help:link>。</text:p>
     </table:table-cell>
    </table:table-row>
   </table:table-header-rows>
  </table:table>
  <text:p text:style-name="Paragraph"><help:help-id value="SFX2_LISTBOX_DLG_ORGANIZE_LB_LEFT_TYP"/><help:help-id value="SFX2_LISTBOX_DLG_ORGANIZE_LB_RIGHT_TYP"/><help:help-text value="visible">选择<text:span text:style-name="T1">“文档样式”</text:span>或<text:span text:style-name="T1">“文档”</text:span>可以改变上面列单中的显示内容。</help:help-text></text:p>
  <text:p text:style-name="Paragraph">文档样式分类由文件夹图标表示。要查看某个分类中的文档样式文件，请双击该文件夹。</text:p>
  <text:p text:style-name="Paragraph">要查看某个文档样式文件中使用的样式，请双击该文档样式名称，然后双击 <text:span text:style-name="T1">[样式]</text:span> 图标。</text:p>
  <text:p text:style-name="Paragraph">要复制样式，请按住 Ctrl 键并将该样式从一个文件拖到另一个文件。而要移动样式，请将该样式从一个文件拖到另一个文件。</text:p>
  <text:p text:style-name="Head 2"><help:help-id value="SFX2_MENUBUTTON_DLG_ORGANIZE_BTN_EDIT"/>命令</text:p>
  <text:p text:style-name="Paragraph"><help:help-text value="visible">含有管理和编辑文档样式与文档时所需的各种命令。</help:help-text></text:p>
  <text:p text:style-name="Paragraph">根据列单中选择的文件类型，可以使用以下命令：</text:p>
  <text:p text:style-name="Head 3"><help:help-id value="HID_ORGANIZE_NEW"/>新建</text:p>
  <text:p text:style-name="Paragraph"><help:help-text value="visible">建立一个新的文档样式分类。</help:help-text></text:p>
  <text:p text:style-name="Head 3"><help:help-id value="HID_ORGANIZE_DELETE"/>删除<help:key-word value="文档样式; 删除" tag="kw65871_11"/><help:key-word value="样式; 删除" tag="kw65871_10"/></text:p>
  <text:p text:style-name="Paragraph"><help:help-text value="visible">删除当前的选择。</help:help-text></text:p>
  <text:p text:style-name="Head 3"><help:help-id value="HID_ORGANIZE_EDIT"/>编辑</text:p>
  <text:p text:style-name="Paragraph"><help:help-text value="visible">打开选定的文档样式以进行编辑。</help:help-text></text:p>
  <text:p text:style-name="Head 3"><help:help-id value="HID_ORGANIZE_COPY_FROM"/>输入样式<help:key-word value="样式; 输入" tag="kw65871_9"/><help:key-word value="文档样式; 输入" tag="kw65871_8"/><help:key-word value="输入; 样式" tag="kw65871_7"/><help:key-word value="输入; 文档样式" tag="kw65871_6"/></text:p>
  <text:p text:style-name="Paragraph"><help:help-text value="visible">输入其他文档样式。要输入文档样式，请在列单中选择相应的文档样式文件夹，单击<text:span text:style-name="T1">“命令”</text:span>按钮，然后选择 <text:span text:style-name="T1">[输入样式]</text:span>。</help:help-text></text:p>
  <text:p text:style-name="Head 3"><help:help-id value="HID_ORGANIZE_COPY_TO"/>输出样式<help:key-word value="样式; 输出" tag="kw65871_5"/><help:key-word value="输出; 样式" tag="kw65871_4"/><help:key-word value="输出; 文档样式" tag="kw65871_3"/><help:key-word value="文档样式; 输出" tag="kw65871_2"/></text:p>
  <text:p text:style-name="Paragraph"><help:help-text value="visible">输出选定的样式。</help:help-text></text:p>
  <text:p text:style-name="Head 3"><help:help-id value="HID_ORGANIZE_PRINT"/>打印</text:p>
  <text:p text:style-name="Paragraph"><help:help-text value="visible">打印此文件所用样式的名称和属性。</help:help-text></text:p>
  <text:p text:style-name="Head 3"><help:help-id value="HID_ORGANIZE_PRINTER_SETUP"/>设定打印机...</text:p>
  <text:p text:style-name="Paragraph"><help:help-text value="visible">更改用于选定文档的打印机和打印机设定。</help:help-text></text:p>
  <text:p text:style-name="Head 3"><help:help-id value="HID_ORGANIZE_RESCAN"/>更新</text:p>
  <text:p text:style-name="Paragraph"><help:help-text value="visible">更新列单中的内容。</help:help-text></text:p>
  <text:p text:style-name="Head 3"><help:help-id value="HID_ORGANIZE_STDTEMPLATE_ADD"/>设定为标准样式</text:p>
  <text:p text:style-name="Paragraph"><help:help-text value="visible">建立同一类型的 <help:productname>%PRODUCTNAME</help:productname> 新文档时，使用选定的文档样式作为默认的文档样式。</help:help-text></text:p>
  <text:p text:style-name="Head 3"><help:help-id value="HID_ORGANIZE_STDTEMPLATE_DEL"/>重设标准样式</text:p>
  <text:p text:style-name="Paragraph"><help:help-text value="visible">选择 <help:productname>%PRODUCTNAME</help:productname> 文档类型，将源文档重设为默认的文档样式。</help:help-text></text:p>
  <text:p text:style-name="Head 2"><help:help-id value="SFX2_PUSHBUTTON_DLG_ORGANIZE_BTN_ADDRESSTEMPLATE"/>通讯簿</text:p>
  <text:p text:style-name="Paragraph">编辑通讯簿的字段分配和数据源。</text:p>
  <text:p text:style-name="Head 2"><help:help-id value="SFX2_PUSHBUTTON_DLG_ORGANIZE_BTN_FILES"/>文件...</text:p>
  <text:p text:style-name="Paragraph"><help:help-text value="visible">要从某个 <help:productname>%PRODUCTNAME</help:productname> 文档复制文档样式，请在列出“文档”的组合框中单击并选择<text:span text:style-name="T1">“文件”</text:span>。</help:help-text>将出现文件选择对话框 (请参阅 <text:span text:style-name="T1">[打开]</text:span> 对话框)。选择文档并关闭该对话框。选定的文档出现在组合框中。现在，可以在该文档名称上双击，使<text:span text:style-name="T1">“样式”</text:span>按钮可见，然后复制相应的样式。</text:p>
  <help:switch select="Program"><help:case select="WRITER">
  <text:p text:style-name="ParaList"><help:embedded Id="65598" Eid="related"></help:embedded></text:p>
  <text:p text:style-name="ParaList"><help:embedded Id="68038" Eid="template_default"></help:embedded></text:p>
  <text:p text:style-name="ParaList"><help:link Id="65661"></help:link></text:p>
  <text:p text:style-name="ParaList"><help:link Id="67814"></help:link></text:p>
  </help:case></help:switch>
 </office:body>
</office:document>
