

<office:document  xmlns:office="http://openoffice.org/2000/office" xmlns:style="http://openoffice.org/2000/style" xmlns:text="http://openoffice.org/2000/text" xmlns:table="http://openoffice.org/2000/table" xmlns:draw="http://openoffice.org/2000/drawing" xmlns:fo="http://www.w3.org/1999/XSL/Format" xmlns:xlink="http://www.w3.org/1999/xlink" xmlns:number="http://openoffice.org/2000/datastyle" xmlns:svg="http://www.w3.org/2000/svg" xmlns:chart="http://openoffice.org/2000/chart" xmlns:dr3d="http://openoffice.org/2000/dr3d" xmlns:math="http://www.w3.org/1998/Math/MathML" xmlns:form="http://openoffice.org/2000/form" xmlns:script="http://openoffice.org/2000/script" office:class="text" office:version="1.0" xmlns:dc="http://purl.org/dc/elements/1.1/" xmlns:meta="http://openoffice.org/2000/meta" xmlns:help="http://openoffice.org/2000/help">
<office:meta>
  <dc:description>text/common/01/01110101</dc:description>
  <dc:subject>样式：指定通讯簿</dc:subject>
  <meta:keywords>
   <meta:keyword>$Version</meta:keyword>
  </meta:keywords>
  <dc:language>zh-CN</dc:language>
  <meta:user-defined meta:name="Info 0">READY</meta:user-defined>
  <meta:user-defined meta:name="Info 1">FREE_OK</meta:user-defined>
  <meta:user-defined meta:name="Info 2"/>
  <meta:user-defined meta:name="Info 3"/>
</office:meta>
 <office:script/>
 <office:font-decls>
  <style:font-decl style:name="StarSymbol" fo:font-family="StarSymbol" style:font-charset="x-symbol"/>
  <style:font-decl style:name="Courier New" fo:font-family="&apos;Courier New&apos;" style:font-style-name="Standard" style:font-family-generic="modern" style:font-pitch="fixed"/>
  <style:font-decl style:name="Courier" fo:font-family="Courier" style:font-family-generic="roman" style:font-pitch="fixed"/>
  <style:font-decl style:name="Andale WT UI4" fo:font-family="&apos;Andale WT UI&apos;" style:font-pitch="variable"/>
  <style:font-decl style:name="Arial Unicode MS" fo:font-family="&apos;Arial Unicode MS&apos;" style:font-pitch="variable"/>
  <style:font-decl style:name="HG Mincho Light J" fo:font-family="&apos;HG Mincho Light J&apos;" style:font-pitch="variable"/>
  <style:font-decl style:name="Andale WT UI" fo:font-family="&apos;Andale WT UI&apos;" style:font-family-generic="roman" style:font-pitch="variable"/>
  <style:font-decl style:name="Andale WT UI1" fo:font-family="&apos;Andale WT UI&apos;" style:font-style-name="Fett" style:font-family-generic="roman" style:font-pitch="variable"/>
  <style:font-decl style:name="Andale WT UI2" fo:font-family="&apos;Andale WT UI&apos;" style:font-style-name="Standard" style:font-family-generic="roman" style:font-pitch="variable"/>
  <style:font-decl style:name="Thorndale" fo:font-family="Thorndale" style:font-family-generic="roman" style:font-pitch="variable"/>
  <style:font-decl style:name="Times New Roman" fo:font-family="&apos;Times New Roman&apos;" style:font-style-name="Fett" style:font-family-generic="roman" style:font-pitch="variable"/>
  <style:font-decl style:name="Andale WT UI3" fo:font-family="&apos;Andale WT UI&apos;" style:font-family-generic="swiss" style:font-pitch="variable"/>
 </office:font-decls>
 <office:automatic-styles>
  <style:style style:name="P1" style:family="paragraph" style:parent-style-name="Paragraph" style:master-page-name="HTML">
   <style:properties style:page-number="0"/>
  </style:style>
  <style:style style:name="T1" style:family="text">
   <style:properties fo:font-weight="bold"/>
  </style:style>
 </office:automatic-styles>
 <office:body>
  <text:variable-decls>
   <text:variable-decl text:value-type="string" text:name="HTML_ON"/>
   <text:variable-decl text:value-type="string" text:name="HTML_OFF"/>
   <text:variable-decl text:value-type="string" text:name="TITEL"/>
   <text:variable-decl text:value-type="string" text:name="END"/>
   <text:variable-decl text:value-type="string" text:name="MAC"/>
   <text:variable-decl text:value-type="string" text:name="ELSE"/>
   <text:variable-decl text:value-type="string" text:name="HREF"/>
   <text:variable-decl text:value-type="string" text:name="OS2"/>
   <text:variable-decl text:value-type="string" text:name="HelpID"/>
   <text:variable-decl text:value-type="string" text:name="NAME"/>
   <text:variable-decl text:value-type="string" text:name="MODIFY"/>
   <text:variable-decl text:value-type="string" text:name="REFNR"/>
   <text:variable-decl text:value-type="string" text:name="HFELD"/>
   <text:variable-decl text:value-type="string" text:name="KEY"/>
   <text:variable-decl text:value-type="string" text:name="AKTHLP"/>
   <text:variable-decl text:value-type="string" text:name="INDEX"/>
   <text:variable-decl text:value-type="string" text:name="UNIX"/>
   <text:variable-decl text:value-type="string" text:name="STYLE"/>
  </text:variable-decls>
  <text:sequence-decls>
   <text:sequence-decl text:display-outline-level="0" text:name="Illustration"/>
   <text:sequence-decl text:display-outline-level="0" text:name="Table"/>
   <text:sequence-decl text:display-outline-level="0" text:name="Text"/>
   <text:sequence-decl text:display-outline-level="0" text:name="Drawing"/>
  </text:sequence-decls>
  <help:to-be-embedded Eid="voradzu">
  <text:p text:style-name="Paragraph"><help:key-word value="通讯簿; 指定" tag="kw67814_1"/><help:key-word value="通讯簿; 选择" tag="kw67814_5"/><help:key-word value="选择; 通讯簿" tag="kw67814_4"/><help:key-word value="指定; 通讯簿" tag="kw67814_3"/><help:key-word value="文档样式; 选择通讯簿" tag="kw67814_2"/></text:p>
  <text:p text:style-name="Head 1"><help:help-id value="SID_TEMPLATE_ADDRESSBOKSOURCE"/>样式：指定通讯簿</text:p>
  <help:to-be-embedded Eid="voradzutxt">
  <text:p text:style-name="Paragraph"><help:help-text value="visible">此处选择，应从哪个数据源中选出哪个表格作为在<help:productname>%PRODUCTNAME</help:productname>中使用的通讯簿。</help:help-text></text:p>
  </help:to-be-embedded>
  </help:to-be-embedded>
  <help:popup Id="65611" Eid="voradzu"><help:embedded Id="65598" Eid="wie"></help:embedded></help:popup>
  <text:p text:style-name="Head 2">通讯簿来源</text:p>
  <text:p text:style-name="Paragraph">设定通讯簿的数据源和数据表格。</text:p>
  <text:p text:style-name="Head 3"><help:help-id value="SVTOOLS_COMBOBOX_DLG_ADDRESSBOOKSOURCE_CB_DATASOURCE"/>数据源</text:p>
  <text:p text:style-name="Paragraph"><help:help-text value="visible">选择通讯簿的数据源。</help:help-text></text:p>
  <text:p text:style-name="Head 3"><help:help-id value="SVTOOLS_COMBOBOX_DLG_ADDRESSBOOKSOURCE_CB_TABLE"/>表格</text:p>
  <text:p text:style-name="Paragraph"><help:help-text value="visible">选择通讯簿的数据表格。</help:help-text></text:p>
  <text:p text:style-name="Head 3"><help:help-id value="SVTOOLS_PUSHBUTTON_DLG_ADDRESSBOOKSOURCE_PB_ADMINISTATE_DATASOURCES"/>管理</text:p>
  <text:p text:style-name="Paragraph"><help:help-text value="visible">将新数据源加入到<text:span text:style-name="T1">“通讯簿源”</text:span>列单中。</help:help-text></text:p>
  <text:p text:style-name="Head 2">指定字段</text:p>
  <text:p text:style-name="Paragraph">此处确定用于通讯簿的指定字段。</text:p>
  <text:p text:style-name="Head 3"><help:help-id value="HID_ADDRTEMPL_FIELD_ASSIGNMENT"/>(字段名称)</text:p>
  <text:p text:style-name="Paragraph"><help:help-text value="visible">在数据表格中选择与通讯簿条目对应的字段。</help:help-text></text:p>
  <text:p text:style-name="ParaList"><help:embedded Id="65598" Eid="related"></help:embedded></text:p>
  <text:p text:style-name="ParaList"><help:embedded Id="68409" Eid="data_addressbook"></help:embedded></text:p>
  <text:p text:style-name="ParaList"><help:link Id="66167"></help:link></text:p>
 </office:body>
</office:document>
