

<office:document  xmlns:office="http://openoffice.org/2000/office" xmlns:style="http://openoffice.org/2000/style" xmlns:text="http://openoffice.org/2000/text" xmlns:table="http://openoffice.org/2000/table" xmlns:draw="http://openoffice.org/2000/drawing" xmlns:fo="http://www.w3.org/1999/XSL/Format" xmlns:xlink="http://www.w3.org/1999/xlink" xmlns:number="http://openoffice.org/2000/datastyle" xmlns:svg="http://www.w3.org/2000/svg" xmlns:chart="http://openoffice.org/2000/chart" xmlns:dr3d="http://openoffice.org/2000/dr3d" xmlns:math="http://www.w3.org/1998/Math/MathML" xmlns:form="http://openoffice.org/2000/form" xmlns:script="http://openoffice.org/2000/script" office:class="text" office:version="1.0" xmlns:dc="http://purl.org/dc/elements/1.1/" xmlns:meta="http://openoffice.org/2000/meta" xmlns:help="http://openoffice.org/2000/help">
<office:meta>
  <dc:description>text/common/01/01130000</dc:description>
  <dc:subject>打印</dc:subject>
  <meta:keywords>
   <meta:keyword>$Version</meta:keyword>
  </meta:keywords>
  <dc:language>zh-CN</dc:language>
  <meta:user-defined meta:name="Info 0">READY</meta:user-defined>
  <meta:user-defined meta:name="Info 1">FREE_OK</meta:user-defined>
  <meta:user-defined meta:name="Info 2"/>
  <meta:user-defined meta:name="Info 3"/>
</office:meta>
 <office:script/>
 <office:font-decls>
  <style:font-decl style:name="StarSymbol" fo:font-family="StarSymbol" style:font-charset="x-symbol"/>
  <style:font-decl style:name="Courier New" fo:font-family="&apos;Courier New&apos;" style:font-style-name="Standard" style:font-family-generic="modern" style:font-pitch="fixed"/>
  <style:font-decl style:name="Andale WT UI" fo:font-family="&apos;Andale WT UI&apos;" style:font-family-generic="roman" style:font-pitch="fixed"/>
  <style:font-decl style:name="Andale WT UI4" fo:font-family="&apos;Andale WT UI&apos;" style:font-pitch="variable"/>
  <style:font-decl style:name="Arial Unicode MS" fo:font-family="&apos;Arial Unicode MS&apos;" style:font-pitch="variable"/>
  <style:font-decl style:name="Courier New1" fo:font-family="&apos;Courier New&apos;" style:font-pitch="variable"/>
  <style:font-decl style:name="HG Mincho Light J" fo:font-family="&apos;HG Mincho Light J&apos;" style:font-pitch="variable"/>
  <style:font-decl style:name="Andale WT UI1" fo:font-family="&apos;Andale WT UI&apos;" style:font-style-name="Fett" style:font-family-generic="roman" style:font-pitch="variable"/>
  <style:font-decl style:name="Andale WT UI2" fo:font-family="&apos;Andale WT UI&apos;" style:font-style-name="Standard" style:font-family-generic="roman" style:font-pitch="variable"/>
  <style:font-decl style:name="Thorndale" fo:font-family="Thorndale" style:font-family-generic="roman" style:font-pitch="variable"/>
  <style:font-decl style:name="Times New Roman" fo:font-family="&apos;Times New Roman&apos;" style:font-style-name="Fett" style:font-family-generic="roman" style:font-pitch="variable"/>
  <style:font-decl style:name="Andale WT UI3" fo:font-family="&apos;Andale WT UI&apos;" style:font-family-generic="swiss" style:font-pitch="variable"/>
 </office:font-decls>
 <office:automatic-styles>
  <style:style style:name="P1" style:family="paragraph" style:parent-style-name="Paragraph" style:master-page-name="HTML">
   <style:properties style:page-number="0"/>
  </style:style>
  <style:style style:name="T1" style:family="text">
   <style:properties fo:font-weight="bold"/>
  </style:style>
 </office:automatic-styles>
 <office:body>
  <text:variable-decls>
   <text:variable-decl text:value-type="string" text:name="HTML_ON"/>
   <text:variable-decl text:value-type="string" text:name="HTML_OFF"/>
   <text:variable-decl text:value-type="string" text:name="TITEL"/>
   <text:variable-decl text:value-type="string" text:name="END"/>
   <text:variable-decl text:value-type="string" text:name="WIN"/>
   <text:variable-decl text:value-type="string" text:name="mac"/>
   <text:variable-decl text:value-type="string" text:name="OS2"/>
   <text:variable-decl text:value-type="string" text:name="unix"/>
   <text:variable-decl text:value-type="string" text:name="ELSE"/>
   <text:variable-decl text:value-type="string" text:name="HREF"/>
   <text:variable-decl text:value-type="string" text:name="NAME"/>
   <text:variable-decl text:value-type="string" text:name="HelpID"/>
   <text:variable-decl text:value-type="string" text:name="MODIFY"/>
   <text:variable-decl text:value-type="string" text:name="REFNR"/>
   <text:variable-decl text:value-type="string" text:name="HFELD"/>
   <text:variable-decl text:value-type="string" text:name="INDEX"/>
   <text:variable-decl text:value-type="string" text:name="AKTHLP"/>
   <text:variable-decl text:value-type="string" text:name="KEY"/>
   <text:variable-decl text:value-type="string" text:name="STYLE"/>
  </text:variable-decls>
  <text:sequence-decls>
   <text:sequence-decl text:display-outline-level="0" text:name="Illustration"/>
   <text:sequence-decl text:display-outline-level="0" text:name="Table"/>
   <text:sequence-decl text:display-outline-level="0" text:name="Text"/>
   <text:sequence-decl text:display-outline-level="0" text:name="Drawing"/>
  </text:sequence-decls>
  <text:p text:style-name="P1"/>
  <text:p text:style-name="Head 1"><help:help-id value="SID_PRINTDOC"/><help:key-word value="打印; 文档" tag="kw65764_1"/><help:key-word value="文档; 打印" tag="kw65764_21"/><help:key-word value="文字; 打印" tag="kw65764_20"/><help:key-word value="打印; 文字" tag="kw65764_19"/><help:key-word value="工作表文档; 打印" tag="kw65764_18"/><help:key-word value="打印; 工作表文档" tag="kw65764_17"/><help:key-word value="演示文稿; 打印" tag="kw65764_16"/><help:key-word value="打印; 演示文稿" tag="kw65764_15"/><help:key-word value="绘图; 打印" tag="kw65764_14"/><help:key-word value="打印; 绘图" tag="kw65764_13"/><help:key-word value="输出; 文档" tag="kw65764_12"/>打印</text:p>
  <text:p text:style-name="Paragraph"><help:to-be-embedded Eid="druckentext"><help:help-text value="visible">打印当前文档、选择的内容或指定的页面。还可以为当前文档设定打印选项。</help:help-text></help:to-be-embedded>打印选项会随着使用的打印机和操作系统而有所不同。</text:p>
  <help:executeurl Id="Slot:5504"></help:executeurl><help:popup Id="65611" Eid="drucken"><help:embedded Id="65598" Eid="wie"></help:embedded></help:popup>
  <text:p text:style-name="Head 2"><help:help-id value="SVTOOLS_LISTBOX_DLG_SVT_PRNDLG_PRINTDLG_LB_NAMES"/>打印机<help:key-word value="选择打印机" tag="kw65764_11"/><help:key-word value="打印机; 选择" tag="kw65764_10"/></text:p>
  <text:p text:style-name="Paragraph"><help:help-text value="visible">列出当前文档的默认打印机。打印机的信息显示在此框的下方。如果选择其他打印机，此信息将会被更新。</help:help-text></text:p>
  <text:p text:style-name="Head 3">名称</text:p>
  <text:p text:style-name="Paragraph">列出操作系统上已经安装的打印机。要更改默认打印机，请从列单中选择一个打印机名称。</text:p>
  <text:p text:style-name="Head 3">状态</text:p>
  <text:p text:style-name="Paragraph">描述选定打印机的当前状态。</text:p>
  <text:p text:style-name="Head 3">类型</text:p>
  <text:p text:style-name="Paragraph">显示选定打印机的类型。</text:p>
  <text:p text:style-name="Head 3">位置</text:p>
  <text:p text:style-name="Paragraph">显示选定打印机的端口。</text:p>
  <text:p text:style-name="Head 3">注解</text:p>
  <text:p text:style-name="Paragraph">显示打印机的附加信息。</text:p>
  <text:p text:style-name="Head 3"><help:help-id value="SVTOOLS_PUSHBUTTON_DLG_SVT_PRNDLG_PRINTDLG_BTN_PROPERTIES"/>属性</text:p>
  <text:p text:style-name="Paragraph"><help:help-text value="visible">根据当前文档的需要，更改操作系统的打印机设定。如果要更改 <help:productname>%PRODUCTNAME</help:productname> 打印机设定，请单击<text:span text:style-name="T1">“其他”</text:span>按钮。</help:help-text>打印机属性会随着选定的打印机而有所不同。</text:p>
  <text:p text:style-name="Head 3"><help:help-id value="SVTOOLS_CHECKBOX_DLG_SVT_PRNDLG_PRINTDLG_CBX_FILEPRINT"/>打印成文件</text:p>
  <text:p text:style-name="Paragraph"><help:help-text value="visible">打印成文件，而不是输出到打印机。选择此选项，然后选择文件的存盘位置。</help:help-text></text:p>
  <text:p text:style-name="Head 2">打印区域<help:key-word value="打印区域; 选择" tag="kw65764_9"/><help:key-word value="页; 打印选择" tag="kw65764_8"/><help:key-word value="打印单页" tag="kw65764_7"/><help:key-word value="打印; 选择" tag="kw65764_6"/></text:p>
  <text:p text:style-name="Paragraph">定义当前文档的打印区域。</text:p>
  <text:p text:style-name="Head 3"><help:help-id value="SVTOOLS_RADIOBUTTON_DLG_SVT_PRNDLG_PRINTDLG_RBT_ALL"/>全部</text:p>
  <text:p text:style-name="Paragraph"><help:help-text value="visible">打印整个文档。</help:help-text></text:p>
  <text:p text:style-name="Head 3"><help:help-id value="SVTOOLS_RADIOBUTTON_DLG_SVT_PRNDLG_PRINTDLG_RBT_PAGES"/>页</text:p>
  <text:p text:style-name="Paragraph"><help:help-text value="visible">仅打印<text:span text:style-name="T1">“页”</text:span>框中指定的页面。</help:help-text></text:p>
  <text:p text:style-name="Paragraph"><help:help-id value="SVTOOLS_EDIT_DLG_SVT_PRNDLG_PRINTDLG_EDT_PAGES"/><help:help-text value="visible">要打印某个范围中的页面，请使用格式 3-6；要打印指定的单个页面，请使用格式 7;9;11。如果要同时打印某个范围中的页面和指定的单个页面，请使用格式 3-6;8;10;12。 </help:help-text></text:p>
  <text:p text:style-name="Head 3"><help:help-id value="SVTOOLS_RADIOBUTTON_DLG_SVT_PRNDLG_PRINTDLG_RBT_SELECTION"/>选择</text:p>
  <text:p text:style-name="Paragraph"><help:help-text value="visible">仅打印当前文档中选定的区域或对象。</help:help-text></text:p>
  <text:p text:style-name="Head 2"><help:key-word value="打印份数; 选择" tag="kw65764_5"/><help:key-word value="打印; 份数" tag="kw65764_4"/><help:key-word value="份数; 打印" tag="kw65764_3"/>份数</text:p>
  <text:p text:style-name="Paragraph">指定要打印的份数和排序选项。</text:p>
  <text:p text:style-name="Head 3"><help:help-id value="SVTOOLS_NUMERICFIELD_DLG_SVT_PRNDLG_PRINTDLG_NUM_COPIES"/>打印份数</text:p>
  <text:p text:style-name="Paragraph"><help:help-text value="visible">输入要打印的份数。</help:help-text></text:p>
  <text:p text:style-name="Head 3"><help:help-id value="SVTOOLS_CHECKBOX_DLG_SVT_PRNDLG_PRINTDLG_CBX_COLLATE"/>排序</text:p>
  <text:p text:style-name="Paragraph"><help:help-text value="visible">保持原始文档的页面顺序。</help:help-text></text:p>
  <help:switch select="Program"><help:case select="CALC">
  </help:case></help:switch>
  <text:p text:style-name="Head 2"><help:help-id value="SVTOOLS_PUSHBUTTON_DLG_SVT_PRNDLG_PRINTDLG_BTN_OPTIONS"/><a name="zusaetze"/>其他</text:p>
  <text:p text:style-name="Paragraph"><help:help-text value="hide">根据当前文档的需要，更改 <help:productname>%PRODUCTNAME</help:productname> 打印机设定。如果要更改操作系统的打印机设定，请单击<text:span text:style-name="T1">“属性”</text:span>按钮。</help:help-text></text:p>
  <text:p text:style-name="Paragraph"><help:switch select="Program"><help:case select="WRITER">如果要设定默认的 <help:productname>%PRODUCTNAME</help:productname> 打印机选项，请选择 <help:link Id="66280"><text:span text:style-name="T1">[工具] - [选项] -“文本文档”-“打印”</text:span></help:link>。</help:case></help:switch></text:p>
  <text:p text:style-name="Paragraph"><help:switch select="System"><help:case select ="UNIX"><help:key-word value="Spool文件; X打印机" tag="kw65764_2"/>通过环境变量STAR_SPOOL_DIR可以指定一个目录，在Unix下X打印机的Spool文件放在其中。示例：</help:case></help:switch></text:p>
  <text:p text:style-name="PropText"><help:switch select="System"><help:case select ="UNIX">setenv STAR_SPOOL_DIR /usr/local/tmp <text:s/>(在csh/tcsh中)或</help:case></help:switch></text:p>
  <text:p text:style-name="PropText"><help:switch select="System"><help:case select ="UNIX">输出STAR_SPOOL_DIR=/usr/local/tmp <text:s/>(在sh/bash中)</help:case></help:switch></text:p>
  <text:p text:style-name="Paragraph"><help:switch select="System"><help:case select ="UNIX">在<help:link Id="68269">配置程序spadmin</help:link>中，可以针对该设定或其他设定进行对话框的操作。打开对话框<text:span text:style-name="T1">连接</text:span>。可以通过点击按钮设定队列，并定义常规预设。</help:case></help:switch></text:p>
 </office:body>
</office:document>
