

<office:document  xmlns:office="http://openoffice.org/2000/office" xmlns:style="http://openoffice.org/2000/style" xmlns:text="http://openoffice.org/2000/text" xmlns:table="http://openoffice.org/2000/table" xmlns:draw="http://openoffice.org/2000/drawing" xmlns:fo="http://www.w3.org/1999/XSL/Format" xmlns:xlink="http://www.w3.org/1999/xlink" xmlns:number="http://openoffice.org/2000/datastyle" xmlns:svg="http://www.w3.org/2000/svg" xmlns:chart="http://openoffice.org/2000/chart" xmlns:dr3d="http://openoffice.org/2000/dr3d" xmlns:math="http://www.w3.org/1998/Math/MathML" xmlns:form="http://openoffice.org/2000/form" xmlns:script="http://openoffice.org/2000/script" office:class="text" office:version="1.0" xmlns:dc="http://purl.org/dc/elements/1.1/" xmlns:meta="http://openoffice.org/2000/meta" xmlns:help="http://openoffice.org/2000/help">
<office:meta>
  <dc:description>text/common/01/02100000</dc:description>
  <dc:subject>搜寻和替换</dc:subject>

  <dc:language>zh-CN</dc:language>
  <meta:user-defined meta:name="Info 0">READY</meta:user-defined>
  <meta:user-defined meta:name="Info 1">FREE_OK</meta:user-defined>
  <meta:user-defined meta:name="Info 2"/>
  <meta:user-defined meta:name="Info 3"/>
</office:meta>
 <office:script/>
 <office:font-decls>
  <style:font-decl style:name="StarSymbol" fo:font-family="StarSymbol" style:font-charset="x-symbol"/>
  <style:font-decl style:name="Courier New" fo:font-family="&apos;Courier New&apos;" style:font-style-name="Standard" style:font-family-generic="modern" style:font-pitch="fixed"/>
  <style:font-decl style:name="Courier" fo:font-family="Courier" style:font-family-generic="roman" style:font-pitch="fixed"/>
  <style:font-decl style:name="Andale WT UI3" fo:font-family="&apos;Andale WT UI&apos;" style:font-pitch="variable"/>
  <style:font-decl style:name="Arial Unicode MS" fo:font-family="&apos;Arial Unicode MS&apos;" style:font-pitch="variable"/>
  <style:font-decl style:name="HG Mincho Light J" fo:font-family="&apos;HG Mincho Light J&apos;" style:font-pitch="variable"/>
  <style:font-decl style:name="Andale WT UI" fo:font-family="&apos;Andale WT UI&apos;" style:font-style-name="Fett" style:font-family-generic="roman" style:font-pitch="variable"/>
  <style:font-decl style:name="Andale WT UI1" fo:font-family="&apos;Andale WT UI&apos;" style:font-style-name="Standard" style:font-family-generic="roman" style:font-pitch="variable"/>
  <style:font-decl style:name="Thorndale" fo:font-family="Thorndale" style:font-family-generic="roman" style:font-pitch="variable"/>
  <style:font-decl style:name="Times New Roman" fo:font-family="&apos;Times New Roman&apos;" style:font-style-name="Fett" style:font-family-generic="roman" style:font-pitch="variable"/>
  <style:font-decl style:name="Andale WT UI2" fo:font-family="&apos;Andale WT UI&apos;" style:font-family-generic="swiss" style:font-pitch="variable"/>
 </office:font-decls>
 <office:automatic-styles>
  <style:style style:name="Tabelle1" style:family="table">
   <style:properties style:width="18cm" table:align="margins"/>
  </style:style>
  <style:style style:name="Tabelle1.A" style:family="table-column">
   <style:properties style:column-width="1.499cm" style:rel-column-width="5461*"/>
  </style:style>
  <style:style style:name="Tabelle1.B" style:family="table-column">
   <style:properties style:column-width="16.501cm" style:rel-column-width="60074*"/>
  </style:style>
  <style:style style:name="Tabelle3" style:family="table">
   <style:properties style:width="18cm" table:align="margins"/>
  </style:style>
  <style:style style:name="Tabelle3.A" style:family="table-column">
   <style:properties style:column-width="1.499cm" style:rel-column-width="5460*"/>
  </style:style>
  <style:style style:name="Tabelle3.B" style:family="table-column">
   <style:properties style:column-width="16.501cm" style:rel-column-width="60075*"/>
  </style:style>
  <style:style style:name="Tabelle3.1" style:family="table-row">
   <style:properties style:min-row-height="0.848cm"/>
  </style:style>
  <style:style style:name="Tabelle3.A1" style:family="table-cell">
   <style:properties fo:padding="0cm" fo:border="none"/>
  </style:style>
  <style:style style:name="P1" style:family="paragraph" style:parent-style-name="Paragraph" style:master-page-name="HTML">
   <style:properties style:page-number="0"/>
  </style:style>
  <style:style style:name="T1" style:family="text">
   <style:properties fo:font-weight="bold"/>
  </style:style>
  <style:style style:name="fr1" style:family="graphics" style:parent-style-name="Graphics">
   <style:properties style:run-through="foreground" style:wrap="run-through" style:vertical-pos="top" style:vertical-rel="paragraph" style:horizontal-pos="left" style:horizontal-rel="paragraph" style:mirror="none" fo:clip="rect(0cm 0cm 0cm 0cm)" draw:luminance="0%" draw:contrast="0%" draw:red="0%" draw:green="0%" draw:blue="0%" draw:gamma="1" draw:color-inversion="false" draw:transparency="-100%" draw:color-mode="standard"/>
  </style:style>
  <style:style style:name="fr2" style:family="graphics" style:parent-style-name="Graphics">
   <style:properties fo:margin-left="0cm" fo:margin-right="0cm" fo:margin-top="0cm" fo:margin-bottom="0cm" style:run-through="foreground" style:wrap="run-through" style:vertical-pos="middle" style:vertical-rel="paragraph" style:horizontal-pos="left" style:horizontal-rel="paragraph" style:mirror="none" fo:clip="rect(0cm 0cm 0cm 0cm)" draw:luminance="0%" draw:contrast="0%" draw:red="0%" draw:green="0%" draw:blue="0%" draw:gamma="1" draw:color-inversion="false" draw:transparency="-100%" draw:color-mode="standard"/>
  </style:style>
 </office:automatic-styles>
 <office:body>
  <text:variable-decls>
   <text:variable-decl text:value-type="string" text:name="HTML_ON"/>
   <text:variable-decl text:value-type="string" text:name="HTML_OFF"/>
   <text:variable-decl text:value-type="string" text:name="TITEL"/>
   <text:variable-decl text:value-type="string" text:name="END"/>
   <text:variable-decl text:value-type="string" text:name="OS2"/>
   <text:variable-decl text:value-type="string" text:name="ELSE"/>
   <text:variable-decl text:value-type="string" text:name="HREF"/>
   <text:variable-decl text:value-type="string" text:name="MAC"/>
   <text:variable-decl text:value-type="string" text:name="NAME"/>
   <text:variable-decl text:value-type="string" text:name="HelpID"/>
   <text:variable-decl text:value-type="string" text:name="WIN"/>
   <text:variable-decl text:value-type="string" text:name="HFELD"/>
   <text:variable-decl text:value-type="string" text:name="MODIFY"/>
   <text:variable-decl text:value-type="string" text:name="REFNR"/>
   <text:variable-decl text:value-type="string" text:name="KEY"/>
   <text:variable-decl text:value-type="string" text:name="INDEX"/>
   <text:variable-decl text:value-type="string" text:name="AKTHLP"/>
   <text:variable-decl text:value-type="string" text:name="STYLE"/>
  </text:variable-decls>
  <text:sequence-decls>
   <text:sequence-decl text:display-outline-level="0" text:name="Illustration"/>
   <text:sequence-decl text:display-outline-level="0" text:name="Table"/>
   <text:sequence-decl text:display-outline-level="0" text:name="Text"/>
   <text:sequence-decl text:display-outline-level="0" text:name="Drawing"/>
  </text:sequence-decls>
  <help:to-be-embedded Eid="suchenersetzen">
  <text:p text:style-name="Head 1"><help:help-id value="SID_SEARCH_ITEM"/><help:help-id value="SID_SEARCH_DLG"/><help:key-word value="搜寻和替换; 文字" tag="kw65852_1"/><help:key-word value="搜寻; 文字" tag="kw65852_17"/><help:key-word value="搜寻; 表格" tag="kw65852_16"/><help:key-word value="替换; 文字" tag="kw65852_15"/><help:key-word value="替换; 单元格" tag="kw65852_14"/><help:key-word value="搜寻; 样式" tag="kw65852_13"/><help:key-word value="样式; 搜寻" tag="kw65852_12"/><help:key-word value="搜寻; 查看搜寻" tag="kw65852_11"/><help:to-be-embedded Eid="02100000"><help:link Id="65852">搜寻和替换</help:link></help:to-be-embedded></text:p>
  <text:p text:style-name="Paragraph"><help:to-be-embedded Eid="suchenersetzentext"><help:help-text value="visible">搜寻或替换当前文档中的文字或格式。</help:help-text></help:to-be-embedded></text:p>
  </help:to-be-embedded>
  <help:executeurl Id="slot:5961"></help:executeurl><help:popup Id="65620" Eid="suchen"><help:embedded Id="65598" Eid="wie"></help:embedded></help:popup>
  <text:p text:style-name="Head 2"><help:help-id value="SVX_COMBOBOX_RID_SVXDLG_SEARCH_ED_SEARCH"/><help:help-id value="SVX_LISTBOX_RID_SVXDLG_SEARCH_LB_SEARCH"/>搜寻内容</text:p>
  <text:p text:style-name="Paragraph"><help:help-text value="visible">输入要搜寻的文字，或者从列单中选择一个以前的搜寻项。</help:help-text></text:p>
  <text:p text:style-name="Paragraph"><help:help-id value="SVX_MULTILINEEDIT_RID_SVXDLG_SEARCH_ED_SEARCH_FORMATS"/><help:help-text value="visible">对话框中的<text:span text:style-name="T1">“选项”</text:span>区域中列出了搜寻选项。</help:help-text></text:p>
  <text:p text:style-name="Head 2"><help:help-id value="SVX_COMBOBOX_RID_SVXDLG_SEARCH_ED_REPLACE"/><help:help-id value="SVX_LISTBOX_RID_SVXDLG_SEARCH_LB_REPLACE"/>替换成</text:p>
  <text:p text:style-name="Paragraph"><help:help-text value="visible">输入用来替换的文字，或者从列单中选择一个以前输入的替换文字或样式。</help:help-text></text:p>
  <text:p text:style-name="Paragraph"><help:help-id value="SVX_MULTILINEEDIT_RID_SVXDLG_SEARCH_ED_REPLACE_FORMATS"/><help:help-text value="visible">对话框中的<text:span text:style-name="T1">“选项”</text:span>区域中列出了替换选项。</help:help-text></text:p>
  <text:p text:style-name="Head 2">选项</text:p>
  <text:p text:style-name="Head 3"><help:help-id value="SVX_CHECKBOX_RID_SVXDLG_SEARCH_BTN_CELLS"/><help:switch select="Program"><help:case select="CALC">只是整个单元格内容</help:case><help:default>只允许整个词</help:default></help:switch></text:p>
  <text:p text:style-name="Paragraph"><help:to-be-embedded Eid="ganze"><help:help-text value="visible"><help:switch select="Program"><help:case select="CALC">搜寻内容和搜寻条目完全相符的单元格。如果搜寻条目只是单元格内容的一部分，则该单元格将不作为搜寻目标。</help:case><help:default>搜寻整个内容与搜寻一致的单词。如果搜寻内容只是整个单词的一部分，则这个单词将不作为搜寻目标。</help:default></help:switch></help:help-text></help:to-be-embedded></text:p>
  <text:p text:style-name="Head 3"><help:help-id value="SVX_CHECKBOX_RID_SVXDLG_SEARCH_BTN_BACKWARDS"/>向后</text:p>
  <text:p text:style-name="Paragraph"><help:help-text value="visible">从当前光标所在处开始，向文件的起始方向搜寻。</help:help-text></text:p>
  <text:p text:style-name="Head 3"><help:help-id value="SVX_CHECKBOX_RID_SVXDLG_SEARCH_BTN_REGEXP"/><a name="platzhalter"/><help:switch select="Program"><help:case select="DRAW"></help:case><help:case select="IMPRESS"></help:case><help:default>常规表达<help:key-word value="常规表达; 搜寻" tag="kw65852_10"/><help:key-word value="通配符搜寻; 常规表达" tag="kw65852_9"/><help:key-word value="搜寻和替换; 常规表达" tag="kw65852_8"/></help:default></help:switch></text:p>
  <text:p text:style-name="Paragraph"><help:switch select="Program"><help:case select="DRAW"></help:case><help:case select="IMPRESS"></help:case><help:default><help:help-text value="visible">搜寻时可以使用通配符。</help:help-text></help:default></help:switch></text:p>
  <text:p text:style-name="Paragraph"><help:switch select="Program"><help:case select="DRAW"></help:case><help:case select="IMPRESS"></help:case><help:default><help:embedded Id="68251" Eid="02100001"></help:embedded></help:default></help:switch></text:p>
  <text:p text:style-name="Head 3"><help:help-id value="SVX_CHECKBOX_RID_SVXDLG_SEARCH_CB_MATCH_CASE"/>精确搜寻</text:p>
  <text:p text:style-name="Paragraph"><help:key-word value="区分大小写搜寻" tag="kw65852_7"/><help:to-be-embedded Eid="exakt"><help:help-text value="visible">区分字符的大小写。</help:help-text></help:to-be-embedded></text:p>
  <text:p text:style-name="Head 3"><help:help-id value="SVX_CHECKBOX_RID_SVXDLG_SEARCH_BTN_SELECTIONS"/><help:key-word value="搜寻; 选择" tag="kw65852_6"/>只允许当前的选中</text:p>
  <text:p text:style-name="Paragraph"><help:help-text value="visible"><help:switch select="Program"><help:case select="CALC">仅在选定的单元格中搜寻。</help:case><help:default>仅在选定的文字中搜寻。</help:default></help:switch></help:help-text></text:p>
  <text:p text:style-name="Head 3"><help:help-id value="SVX_CHECKBOX_RID_SVXDLG_SEARCH_BTN_LAYOUTS"/><help:switch select="Program"><help:case select="DRAW"></help:case><help:case select="IMPRESS"></help:case><help:default>搜寻样式</help:default></help:switch></text:p>
  <text:p text:style-name="Paragraph"><help:help-text value="visible">搜寻指定的样式。选择此复选框，然后从<text:span text:style-name="T1">“搜寻内容”</text:span>列单中选择一个样式。要指定用来替换的样式，请从<text:span text:style-name="T1">“替换成”</text:span>列单中选择一个样式。</help:help-text></text:p>
  <help:embedded Id="65785" Eid="aehnlichkeit"></help:embedded>
  <text:p text:style-name="Head 3"><help:help-id value="SVX_CHECKBOX_RID_SVXDLG_SEARCH_CB_JAP_MATCH_FULL_HALF_WIDTH"/><help:to-be-embedded Eid="halbnormaltitel">注意字符的全角和半角(只适用于所支持的中日韩语言)</help:to-be-embedded></text:p>
  <text:p text:style-name="Paragraph"><help:to-be-embedded Eid="halbnormaltext"><help:help-text value="visible">区分半角与全角字符。</help:help-text></help:to-be-embedded></text:p>
  <text:p text:style-name="Head 3"><help:help-id value="SVX_CHECKBOX_RID_SVXDLG_SEARCH_CB_JAP_SOUNDS_LIKE"/><help:to-be-embedded Eid="aehnlichtitel">类似字符(日语)(只适用于所支持的亚洲语言)</help:to-be-embedded></text:p>
  <text:p text:style-name="Paragraph"><help:to-be-embedded Eid="aehnlichtext"><help:help-text value="visible">用于针对日文中使用的类似符号指定搜寻选项。选择此复选框，然后单击<text:span text:style-name="T1">“...”</text:span>按钮以指定搜寻选项。 </help:help-text></help:to-be-embedded></text:p>
  <text:p text:style-name="Paragraph"><help:help-id value="SVX_PUSHBUTTON_RID_SVXDLG_SEARCH_PB_JAP_OPTIONS"/><help:to-be-embedded Eid="aehnlichbutton"><help:help-text value="hide">针对日文中使用的类似符号设定搜寻选项。</help:help-text></help:to-be-embedded></text:p>
  <text:p text:style-name="Paragraph"><help:link Id="68108">用于日语的搜寻选项</help:link></text:p>
  <text:p text:style-name="Head 2"><help:help-id value="SVX_PUSHBUTTON_RID_SVXDLG_SEARCH_BTN_SEARCH_ALL"/>搜寻全部</text:p>
  <text:p text:style-name="Paragraph"><help:help-text value="visible">搜寻并选中文档中所有符合搜寻条件的文字或格式。</help:help-text></text:p>
  <text:p text:style-name="Head 2"><help:help-id value="SVX_PUSHBUTTON_RID_SVXDLG_SEARCH_BTN_SEARCH"/>搜寻</text:p>
  <text:p text:style-name="Paragraph"><help:help-text value="visible">搜寻并选中文档中下一个符合搜寻条件的文字或格式。</help:help-text></text:p>
  <text:p text:style-name="Head 2"><help:help-id value="SVX_PUSHBUTTON_RID_SVXDLG_SEARCH_BTN_REPLACE_ALL"/>全部替换</text:p>
  <text:p text:style-name="Paragraph"><help:help-text value="visible">替换所有要替换的文字或格式。<help:switch select="Program"><help:case select="IMPRESS">重复执行此命令，直到替换完页面上所有需要替换的内容。</help:case></help:switch></help:help-text></text:p>
  <text:p text:style-name="Head 2"><help:help-id value="SVX_PUSHBUTTON_RID_SVXDLG_SEARCH_BTN_REPLACE"/>替换</text:p>
  <text:p text:style-name="Paragraph"><help:help-text value="visible">替换搜寻到的选定文字或格式，然后搜寻下一处。</help:help-text></text:p>
  <text:p text:style-name="Head 2"><help:switch select="Program"><help:case select="WRITER"><help:link Id="65769">属性...</help:link></help:case></help:switch></text:p>
  <help:switch select="Program"><help:case select="WRITER"><help:embedded Id="65769" Eid="attributetext"></help:embedded></help:case></help:switch>
  <text:p text:style-name="Head 2"><help:switch select="Program"><help:case select="WRITER"><help:link Id="65665">格式...</help:link></help:case></help:switch></text:p>
  <help:switch select="Program"><help:case select="WRITER"><help:embedded Id="65665" Eid="formattext"></help:embedded></help:case></help:switch>
  <text:p text:style-name="Head 2"><help:help-id value="SVX_PUSHBUTTON_RID_SVXDLG_SEARCH_BTN_NOFORMAT"/><help:switch select="Program"><help:case select="WRITER">无格式</help:case></help:switch></text:p>
  <text:p text:style-name="Paragraph"><help:switch select="Program"><help:case select="WRITER"><help:help-text value="visible">在<text:span text:style-name="T1">“搜寻内容”</text:span>或<text:span text:style-name="T1">“替换成”</text:span>框内单击，然后单击此按钮以取消基于格式的搜寻条件。</help:help-text></help:case></help:switch></text:p>
  <help:switch select="Program"><help:case select="WRITER">
  <table:table table:name="Tabelle1" table:style-name="Tabelle1">
   <table:table-column table:style-name="Tabelle1.A"/>
   <table:table-column table:style-name="Tabelle1.B"/>
   <table:table-header-rows>
    <table:table-row>
     <table:table-cell table:value-type="string">
      <text:p text:style-name="Paragraph"><draw:image draw:name="图标0" svg:desc="备注图标" svg:pixelx="32" svg:pixely="32" svg:width="0.847cm" svg:height="0.847cm" xlink:href="65980" draw:filter-name=""/></text:p>

     </table:table-cell>
     <table:table-cell table:value-type="string">
      <text:p text:style-name="Paragraph">带有格式属性的搜寻条件显示在<text:span text:style-name="T1">“搜寻内容”</text:span>或<text:span text:style-name="T1">“替换成”</text:span>框的下方。</text:p>
     </table:table-cell>
    </table:table-row>
   </table:table-header-rows>
  </table:table>
  </help:case></help:switch>
  <text:p text:style-name="Head 2"><help:help-id value="SVX_MOREBUTTON_RID_SVXDLG_SEARCH_BTN_MORE"/><help:switch select="Program"><help:case select="CALC">附加</help:case></help:switch></text:p>
  <text:p text:style-name="Paragraph"><help:help-text value="visible"><help:switch select="Program"><help:case select="CALC">扩展搜寻选项。再次单击此按钮可以隐入扩展的搜寻选项。</help:case></help:switch></help:help-text></text:p>
  <text:p text:style-name="Head 3"><help:switch select="Program"><help:case select="CALC">搜寻位置</help:case></help:switch></text:p>
  <text:p text:style-name="Head 4"><help:help-id value="SVX_RADIOBUTTON_RID_SVXDLG_SEARCH_BTN_FORMULAS"/><help:switch select="Program"><help:case select="CALC">公式</help:case></help:switch></text:p>
  <text:p text:style-name="Paragraph"><help:help-text value="visible"><help:switch select="Program"><help:case select="CALC">在公式和固定 (非计算) 数值中搜寻指定的字符。例如，搜寻含有“SUM”的公式。</help:case></help:switch></help:help-text></text:p>
  <text:p text:style-name="Head 4"><help:help-id value="SVX_RADIOBUTTON_RID_SVXDLG_SEARCH_BTN_VALUES"/><help:switch select="Program"><help:case select="CALC">数值</help:case></help:switch></text:p>
  <text:p text:style-name="Paragraph"><help:help-text value="visible"><help:switch select="Program"><help:case select="CALC">在数值中和公式的结果中搜寻指定的字符。</help:case></help:switch></help:help-text></text:p>
  <text:p text:style-name="Head 4"><help:help-id value="SVX_RADIOBUTTON_RID_SVXDLG_SEARCH_BTN_NOTES"/><help:switch select="Program"><help:case select="CALC">备注</help:case></help:switch></text:p>
  <text:p text:style-name="Paragraph"><help:help-text value="visible"><help:switch select="Program"><help:case select="CALC">搜寻在单元格附加的备注中指定的字符。</help:case></help:switch></help:help-text></text:p>
  <text:p text:style-name="Head 3"><help:switch select="Program"><help:case select="CALC">搜寻方向</help:case></help:switch></text:p>
  <text:p text:style-name="Paragraph"><help:switch select="Program"><help:case select="CALC">确定搜寻单元格的顺序。</help:case></help:switch></text:p>
  <text:p text:style-name="Head 4"><help:help-id value="SVX_RADIOBUTTON_RID_SVXDLG_SEARCH_BTN_ROWS"/><help:switch select="Program"><help:case select="CALC">按照行</help:case></help:switch></text:p>
  <text:p text:style-name="Paragraph"><help:help-text value="visible"><help:switch select="Program"><help:case select="CALC">从左至右逐行搜寻。</help:case></help:switch></help:help-text></text:p>
  <text:p text:style-name="Head 4"><help:help-id value="SVX_RADIOBUTTON_RID_SVXDLG_SEARCH_BTN_COLUMNS"/><help:switch select="Program"><help:case select="CALC">按照列</help:case></help:switch></text:p>
  <text:p text:style-name="Paragraph"><help:switch select="Program"><help:case select="CALC"><help:help-text value="visible">从上至下逐列搜寻。</help:help-text></help:case></help:switch></text:p>
  <text:p text:style-name="Head 2"><help:switch select="Program"><help:case select="CALC">其它</help:case></help:switch></text:p>
  <text:p text:style-name="Head 3"><help:help-id value="SVX_CHECKBOX_RID_SVXDLG_SEARCH_CB_ALLTABLES"/><help:switch select="Program"><help:case select="CALC"><help:key-word value="搜寻; 所有工作表" tag="kw65852_5"/><help:key-word value="搜寻; 在所有工作表中" tag="kw65852_4"/><help:key-word value="工作表; 搜寻所有" tag="kw65852_3"/>在所有工作表中搜寻</help:case></help:switch></text:p>
  <text:p text:style-name="Paragraph"><help:switch select="Program"><help:case select="CALC"><help:help-text value="visible">在当前工作表文件的所有工作表中搜寻。</help:help-text></help:case></help:switch></text:p>
  <help:embedded Id="65630" Eid="schliessen"></help:embedded>
  <table:table table:name="Tabelle3" table:style-name="Tabelle3">
   <table:table-column table:style-name="Tabelle3.A"/>
   <table:table-column table:style-name="Tabelle3.B"/>
   <table:table-header-rows>
    <table:table-row table:style-name="Tabelle3.1">
     <table:table-cell table:style-name="Tabelle3.A1" table:value-type="string">
      <text:p text:style-name="Paragraph"><draw:image draw:name="备注1" svg:desc="提示图标" svg:pixelx="32" svg:pixely="32" svg:width="0.847cm" svg:height="0.847cm" xlink:href="66732" draw:filter-name=""/></text:p>

     </table:table-cell>
     <table:table-cell table:style-name="Tabelle3.A1" table:value-type="string">
      <text:p text:style-name="Paragraph"><help:key-word value="搜寻; 不使用对话框" tag="kw65852_2"/>关闭 <text:span text:style-name="T1">[搜寻和替换]</text:span> 对话框之后，仍然可以通过按 Shift+<help:switch select="System"><help:case select ="MAC">Command</help:case><help:default>Ctrl</help:default></help:switch>+F 键，使用所输入的最后一个搜寻条件进行搜寻。</text:p>
     </table:table-cell>
    </table:table-row>
   </table:table-header-rows>
  </table:table>
 </office:body>
</office:document>
