

<office:document  xmlns:office="http://openoffice.org/2000/office" xmlns:style="http://openoffice.org/2000/style" xmlns:text="http://openoffice.org/2000/text" xmlns:table="http://openoffice.org/2000/table" xmlns:draw="http://openoffice.org/2000/drawing" xmlns:fo="http://www.w3.org/1999/XSL/Format" xmlns:xlink="http://www.w3.org/1999/xlink" xmlns:number="http://openoffice.org/2000/datastyle" xmlns:svg="http://www.w3.org/2000/svg" xmlns:chart="http://openoffice.org/2000/chart" xmlns:dr3d="http://openoffice.org/2000/dr3d" xmlns:math="http://www.w3.org/1998/Math/MathML" xmlns:form="http://openoffice.org/2000/form" xmlns:script="http://openoffice.org/2000/script" office:class="text" office:version="1.0" xmlns:dc="http://purl.org/dc/elements/1.1/" xmlns:meta="http://openoffice.org/2000/meta" xmlns:help="http://openoffice.org/2000/help">
<office:meta>
  <dc:description>text/common/01/02230100</dc:description>
  <dc:subject>录制</dc:subject>

  <dc:language>zh-CN</dc:language>
  <meta:user-defined meta:name="Info 0">READY</meta:user-defined>
  <meta:user-defined meta:name="Info 1">FREE_OK</meta:user-defined>
  <meta:user-defined meta:name="Info 2"/>
  <meta:user-defined meta:name="Info 3"/>
</office:meta>
 <office:script/>
 <office:font-decls>
  <style:font-decl style:name="StarSymbol" fo:font-family="StarSymbol" style:font-charset="x-symbol"/>
  <style:font-decl style:name="Courier New" fo:font-family="&apos;Courier New&apos;" style:font-style-name="Standard" style:font-family-generic="modern" style:font-pitch="fixed"/>
  <style:font-decl style:name="Courier" fo:font-family="Courier" style:font-family-generic="roman" style:font-pitch="fixed"/>
  <style:font-decl style:name="Andale WT UI3" fo:font-family="&apos;Andale WT UI&apos;" style:font-pitch="variable"/>
  <style:font-decl style:name="Arial Unicode MS" fo:font-family="&apos;Arial Unicode MS&apos;" style:font-pitch="variable"/>
  <style:font-decl style:name="HG Mincho Light J" fo:font-family="&apos;HG Mincho Light J&apos;" style:font-pitch="variable"/>
  <style:font-decl style:name="Andale WT UI" fo:font-family="&apos;Andale WT UI&apos;" style:font-style-name="Fett" style:font-family-generic="roman" style:font-pitch="variable"/>
  <style:font-decl style:name="Andale WT UI1" fo:font-family="&apos;Andale WT UI&apos;" style:font-style-name="Standard" style:font-family-generic="roman" style:font-pitch="variable"/>
  <style:font-decl style:name="Thorndale" fo:font-family="Thorndale" style:font-family-generic="roman" style:font-pitch="variable"/>
  <style:font-decl style:name="Times New Roman" fo:font-family="&apos;Times New Roman&apos;" style:font-style-name="Fett" style:font-family-generic="roman" style:font-pitch="variable"/>
  <style:font-decl style:name="Andale WT UI2" fo:font-family="&apos;Andale WT UI&apos;" style:font-family-generic="swiss" style:font-pitch="variable"/>
 </office:font-decls>
 <office:automatic-styles>
  <style:style style:name="Tabelle3" style:family="table">
   <style:properties style:width="18cm" table:align="margins"/>
  </style:style>
  <style:style style:name="Tabelle3.A" style:family="table-column">
   <style:properties style:column-width="1.499cm" style:rel-column-width="5461*"/>
  </style:style>
  <style:style style:name="Tabelle3.B" style:family="table-column">
   <style:properties style:column-width="16.501cm" style:rel-column-width="60074*"/>
  </style:style>
  <style:style style:name="Tabelle1" style:family="table">
   <style:properties style:width="18cm" table:align="margins"/>
  </style:style>
  <style:style style:name="Tabelle1.A" style:family="table-column">
   <style:properties style:column-width="1.499cm" style:rel-column-width="5461*"/>
  </style:style>
  <style:style style:name="Tabelle1.B" style:family="table-column">
   <style:properties style:column-width="16.501cm" style:rel-column-width="60074*"/>
  </style:style>
  <style:style style:name="P1" style:family="paragraph" style:parent-style-name="Paragraph" style:master-page-name="HTML">
   <style:properties style:page-number="0"/>
  </style:style>
  <style:style style:name="P2" style:family="paragraph" style:parent-style-name="Paragraph" style:list-style-name="L1"/>
  <style:style style:name="P3" style:family="paragraph" style:parent-style-name="Paragraph" style:list-style-name="L2"/>
  <style:style style:name="T1" style:family="text">
   <style:properties fo:font-weight="bold"/>
  </style:style>
  <style:style style:name="fr1" style:family="graphics" style:parent-style-name="Graphics">
   <style:properties style:run-through="foreground" style:wrap="run-through" style:vertical-pos="top" style:vertical-rel="paragraph" style:horizontal-pos="left" style:horizontal-rel="paragraph" style:mirror="none" fo:clip="rect(0cm 0cm 0cm 0cm)" draw:luminance="0%" draw:contrast="0%" draw:red="0%" draw:green="0%" draw:blue="0%" draw:gamma="1" draw:color-inversion="false" draw:transparency="-100%" draw:color-mode="standard"/>
  </style:style>
  <text:list-style style:name="L1">
   <text:list-level-style-bullet text:level="1" text:style-name="Bullet Symbols" style:num-suffix="." text:bullet-char="•">
    <style:properties text:min-label-width="0.499cm" style:font-name="StarSymbol"/>
   </text:list-level-style-bullet>
   <text:list-level-style-bullet text:level="2" text:style-name="Bullet Symbols" style:num-suffix="." text:bullet-char="•">
    <style:properties text:space-before="0.499cm" text:min-label-width="0.499cm" style:font-name="StarSymbol"/>
   </text:list-level-style-bullet>
   <text:list-level-style-bullet text:level="3" text:style-name="Bullet Symbols" style:num-suffix="." text:bullet-char="•">
    <style:properties text:space-before="0.999cm" text:min-label-width="0.499cm" style:font-name="StarSymbol"/>
   </text:list-level-style-bullet>
   <text:list-level-style-bullet text:level="4" text:style-name="Bullet Symbols" style:num-suffix="." text:bullet-char="•">
    <style:properties text:space-before="1.498cm" text:min-label-width="0.499cm" style:font-name="StarSymbol"/>
   </text:list-level-style-bullet>
   <text:list-level-style-bullet text:level="5" text:style-name="Bullet Symbols" style:num-suffix="." text:bullet-char="•">
    <style:properties text:space-before="1.997cm" text:min-label-width="0.499cm" style:font-name="StarSymbol"/>
   </text:list-level-style-bullet>
   <text:list-level-style-number text:level="6" style:num-suffix="." style:num-format="1">
    <style:properties text:space-before="2.501cm" text:min-label-width="0.499cm"/>
   </text:list-level-style-number>
   <text:list-level-style-number text:level="7" style:num-suffix="." style:num-format="1">
    <style:properties text:space-before="3.001cm" text:min-label-width="0.499cm"/>
   </text:list-level-style-number>
   <text:list-level-style-number text:level="8" style:num-suffix="." style:num-format="1">
    <style:properties text:space-before="3.502cm" text:min-label-width="0.499cm"/>
   </text:list-level-style-number>
   <text:list-level-style-number text:level="9" style:num-suffix="." style:num-format="1">
    <style:properties text:space-before="4.001cm" text:min-label-width="0.499cm"/>
   </text:list-level-style-number>
   <text:list-level-style-number text:level="10" style:num-suffix="." style:num-format="1">
    <style:properties text:space-before="4.502cm" text:min-label-width="0.499cm"/>
   </text:list-level-style-number>
  </text:list-style>
  <text:list-style style:name="L2">
   <text:list-level-style-bullet text:level="1" text:style-name="Bullet Symbols" style:num-suffix="." text:bullet-char="•">
    <style:properties text:min-label-width="0.499cm" style:font-name="StarSymbol"/>
   </text:list-level-style-bullet>
   <text:list-level-style-bullet text:level="2" text:style-name="Bullet Symbols" style:num-suffix="." text:bullet-char="•">
    <style:properties text:space-before="0.499cm" text:min-label-width="0.499cm" style:font-name="StarSymbol"/>
   </text:list-level-style-bullet>
   <text:list-level-style-bullet text:level="3" text:style-name="Bullet Symbols" style:num-suffix="." text:bullet-char="•">
    <style:properties text:space-before="0.999cm" text:min-label-width="0.499cm" style:font-name="StarSymbol"/>
   </text:list-level-style-bullet>
   <text:list-level-style-bullet text:level="4" text:style-name="Bullet Symbols" style:num-suffix="." text:bullet-char="•">
    <style:properties text:space-before="1.498cm" text:min-label-width="0.499cm" style:font-name="StarSymbol"/>
   </text:list-level-style-bullet>
   <text:list-level-style-bullet text:level="5" text:style-name="Bullet Symbols" style:num-suffix="." text:bullet-char="•">
    <style:properties text:space-before="1.997cm" text:min-label-width="0.499cm" style:font-name="StarSymbol"/>
   </text:list-level-style-bullet>
   <text:list-level-style-number text:level="6" style:num-suffix="." style:num-format="1">
    <style:properties text:space-before="2.501cm" text:min-label-width="0.499cm"/>
   </text:list-level-style-number>
   <text:list-level-style-number text:level="7" style:num-suffix="." style:num-format="1">
    <style:properties text:space-before="3.001cm" text:min-label-width="0.499cm"/>
   </text:list-level-style-number>
   <text:list-level-style-number text:level="8" style:num-suffix="." style:num-format="1">
    <style:properties text:space-before="3.502cm" text:min-label-width="0.499cm"/>
   </text:list-level-style-number>
   <text:list-level-style-number text:level="9" style:num-suffix="." style:num-format="1">
    <style:properties text:space-before="4.001cm" text:min-label-width="0.499cm"/>
   </text:list-level-style-number>
   <text:list-level-style-number text:level="10" style:num-suffix="." style:num-format="1">
    <style:properties text:space-before="4.502cm" text:min-label-width="0.499cm"/>
   </text:list-level-style-number>
  </text:list-style>
 </office:automatic-styles>
 <office:body>
  <text:variable-decls>
   <text:variable-decl text:value-type="string" text:name="HTML_ON"/>
   <text:variable-decl text:value-type="string" text:name="HTML_OFF"/>
   <text:variable-decl text:value-type="string" text:name="TITEL"/>
   <text:variable-decl text:value-type="string" text:name="END"/>
   <text:variable-decl text:value-type="string" text:name="HREF"/>
   <text:variable-decl text:value-type="string" text:name="MAC"/>
   <text:variable-decl text:value-type="string" text:name="ELSE"/>
   <text:variable-decl text:value-type="string" text:name="NAME"/>
   <text:variable-decl text:value-type="string" text:name="MODIFY"/>
   <text:variable-decl text:value-type="string" text:name="REFNR"/>
   <text:variable-decl text:value-type="string" text:name="HelpID"/>
   <text:variable-decl text:value-type="string" text:name="WIN"/>
   <text:variable-decl text:value-type="string" text:name="HFELD"/>
   <text:variable-decl text:value-type="string" text:name="AKTHLP"/>
   <text:variable-decl text:value-type="string" text:name="KEY"/>
   <text:variable-decl text:value-type="string" text:name="INDEX"/>
   <text:variable-decl text:value-type="string" text:name="STYLE"/>
  </text:variable-decls>
  <text:sequence-decls>
   <text:sequence-decl text:display-outline-level="0" text:name="Illustration"/>
   <text:sequence-decl text:display-outline-level="0" text:name="Table"/>
   <text:sequence-decl text:display-outline-level="0" text:name="Text"/>
   <text:sequence-decl text:display-outline-level="0" text:name="Drawing"/>
  </text:sequence-decls>
  <help:to-be-embedded Eid="aufzeichnen">
  <text:p text:style-name="Head 1"><help:help-id value="FN_REDLINE_ON"/><help:help-id value="FID_CHG_RECORD"/><help:link Id="65753">录制</help:link></text:p>
  <text:p text:style-name="Paragraph"><help:help-text value="visible">通过作者和日期跟踪当前文档中的每处更改。 </help:help-text></text:p>
  </help:to-be-embedded>
  <help:popup Id="65620" Eid="aufzeichnen"><help:embedded Id="65598" Eid="wie"></help:embedded></help:popup>
  <text:p text:style-name="Paragraph"><help:switch select="Program"><help:case select="WRITER"><help:key-word value="修正线; 页边框处" tag="kw65753_1"/>如果选择了 <text:span text:style-name="T1">[录制] 和 [显示]</text:span>，则左页边距中会用一条垂直线来指示已经更改的行。通过选择 <help:link Id="66257"><text:span text:style-name="T1">[工具] - [选项] -“文本文档”-“更改”</text:span></help:link>，可以设定垂直线以及其他标记元素的属性。</help:case></help:switch></text:p>
  <text:p text:style-name="Paragraph"><help:switch select="Program"><help:case select="CALC">选择 <help:link Id="66244"><text:span text:style-name="T1">[工具] - [选项] -“工作表文档”-“更改”</text:span></help:link>，可以设定标记元素的属性。</help:case></help:switch></text:p>
  <text:p text:style-name="Paragraph">使用录制更改命令后，将跟踪以下更改：</text:p>
  <help:switch select="Program"><help:case select="WRITER">
  <text:unordered-list text:style-name="L1">
   <text:list-item>
    <text:p text:style-name="P2">插入和删除文字</text:p>
   </text:list-item>
  </text:unordered-list>
  <text:unordered-list text:style-name="L2">
   <text:list-item>
    <text:p text:style-name="P3">移动段落</text:p>
   </text:list-item>
   <text:list-item>
    <text:p text:style-name="P3">排序文字</text:p>
   </text:list-item>
   <text:list-item>
    <text:p text:style-name="P3">搜寻和替换文字</text:p>
   </text:list-item>
   <text:list-item>
    <text:p text:style-name="P3">插入表现为字符的属性，例如字段和注脚</text:p>
   </text:list-item>
   <text:list-item>
    <text:p text:style-name="P3">插入表格、区域</text:p>
   </text:list-item>
   <text:list-item>
    <text:p text:style-name="P3">插入文档</text:p>
   </text:list-item>
   <text:list-item>
    <text:p text:style-name="P3">插入自动图文集</text:p>
   </text:list-item>
   <text:list-item>
    <text:p text:style-name="P3">通过剪贴板插入内容</text:p>
   </text:list-item>
  </text:unordered-list>
  </help:case><help:case select="CALC">
  <text:unordered-list text:style-name="L2">
   <text:list-item>
    <text:p text:style-name="P3">通过插入和删除修改单元格内容</text:p>
   </text:list-item>
   <text:list-item>
    <text:p text:style-name="P3">插入或删除行和列</text:p>
   </text:list-item>
   <text:list-item>
    <text:p text:style-name="P3">插入工作表</text:p>
   </text:list-item>
   <text:list-item>
    <text:p text:style-name="P3">通过剪贴板的剪切、复制和粘贴</text:p>
   </text:list-item>
   <text:list-item>
    <text:p text:style-name="P3">通过拖放移动</text:p>
   </text:list-item>
  </text:unordered-list>
  </help:case></help:switch>
  <help:switch select="Program"><help:case select="CALC">
  <table:table table:name="Tabelle3" table:style-name="Tabelle3">
   <table:table-column table:style-name="Tabelle3.A"/>
   <table:table-column table:style-name="Tabelle3.B"/>
   <table:table-header-rows>
    <table:table-row>
     <table:table-cell table:value-type="string">
      <text:p text:style-name="Paragraph"><draw:image draw:name="图标0" svg:desc="备注图标" svg:pixelx="32" svg:pixely="32" svg:width="0.847cm" svg:height="0.847cm" xlink:href="65980" draw:filter-name=""/></text:p>

     </table:table-cell>
     <table:table-cell table:value-type="string">
      <text:p text:style-name="Paragraph">使用数据条目更改命令后，不能删除、移动、合并、分开和复制单元格，也不能删除工作表。</text:p>
     </table:table-cell>
    </table:table-row>
   </table:table-header-rows>
  </table:table>
  </help:case></help:switch>
  <help:switch select="Program"><help:case select="WRITER">
  <table:table table:name="Tabelle1" table:style-name="Tabelle1">
   <table:table-column table:style-name="Tabelle1.A"/>
   <table:table-column table:style-name="Tabelle1.B"/>
   <table:table-header-rows>
    <table:table-row>
     <table:table-cell table:value-type="string">
      <text:p text:style-name="Paragraph"><draw:image draw:name="图标1" svg:desc="备注图标" svg:pixelx="32" svg:pixely="32" svg:width="0.847cm" svg:height="0.847cm" xlink:href="65980" draw:filter-name=""/></text:p>

     </table:table-cell>
     <table:table-cell table:value-type="string">
      <text:p text:style-name="Paragraph">对表格中的公式或数字所做的更改不会被录制。</text:p>
     </table:table-cell>
    </table:table-row>
   </table:table-header-rows>
  </table:table>
  </help:case></help:switch>
 </office:body>
</office:document>
