

<office:document  xmlns:office="http://openoffice.org/2000/office" xmlns:style="http://openoffice.org/2000/style" xmlns:text="http://openoffice.org/2000/text" xmlns:table="http://openoffice.org/2000/table" xmlns:draw="http://openoffice.org/2000/drawing" xmlns:fo="http://www.w3.org/1999/XSL/Format" xmlns:xlink="http://www.w3.org/1999/xlink" xmlns:number="http://openoffice.org/2000/datastyle" xmlns:svg="http://www.w3.org/2000/svg" xmlns:chart="http://openoffice.org/2000/chart" xmlns:dr3d="http://openoffice.org/2000/dr3d" xmlns:math="http://www.w3.org/1998/Math/MathML" xmlns:form="http://openoffice.org/2000/form" xmlns:script="http://openoffice.org/2000/script" office:class="text" office:version="1.0" xmlns:dc="http://purl.org/dc/elements/1.1/" xmlns:meta="http://openoffice.org/2000/meta" xmlns:help="http://openoffice.org/2000/help">
<office:meta>
  <dc:description>text/common/01/02230200</dc:description>
  <dc:subject>显示更改</dc:subject>

  <dc:language>zh-CN</dc:language>
  <meta:user-defined meta:name="Info 0">READY</meta:user-defined>
  <meta:user-defined meta:name="Info 1">FREE_OK</meta:user-defined>
  <meta:user-defined meta:name="Info 2"/>
  <meta:user-defined meta:name="Info 3"/>
</office:meta>
 <office:script/>
 <office:font-decls>
  <style:font-decl style:name="StarSymbol" fo:font-family="StarSymbol" style:font-charset="x-symbol"/>
  <style:font-decl style:name="Courier New" fo:font-family="&apos;Courier New&apos;" style:font-style-name="Standard" style:font-family-generic="modern" style:font-pitch="fixed"/>
  <style:font-decl style:name="Courier" fo:font-family="Courier" style:font-family-generic="roman" style:font-pitch="fixed"/>
  <style:font-decl style:name="Andale WT UI3" fo:font-family="&apos;Andale WT UI&apos;" style:font-pitch="variable"/>
  <style:font-decl style:name="Arial Unicode MS" fo:font-family="&apos;Arial Unicode MS&apos;" style:font-pitch="variable"/>
  <style:font-decl style:name="HG Mincho Light J" fo:font-family="&apos;HG Mincho Light J&apos;" style:font-pitch="variable"/>
  <style:font-decl style:name="Andale WT UI" fo:font-family="&apos;Andale WT UI&apos;" style:font-style-name="Fett" style:font-family-generic="roman" style:font-pitch="variable"/>
  <style:font-decl style:name="Andale WT UI1" fo:font-family="&apos;Andale WT UI&apos;" style:font-style-name="Standard" style:font-family-generic="roman" style:font-pitch="variable"/>
  <style:font-decl style:name="Thorndale" fo:font-family="Thorndale" style:font-family-generic="roman" style:font-pitch="variable"/>
  <style:font-decl style:name="Times New Roman" fo:font-family="&apos;Times New Roman&apos;" style:font-style-name="Fett" style:font-family-generic="roman" style:font-pitch="variable"/>
  <style:font-decl style:name="Andale WT UI2" fo:font-family="&apos;Andale WT UI&apos;" style:font-family-generic="swiss" style:font-pitch="variable"/>
 </office:font-decls>
 <office:automatic-styles>
  <style:style style:name="P1" style:family="paragraph" style:parent-style-name="Paragraph" style:master-page-name="HTML">
   <style:properties style:page-number="0"/>
  </style:style>
  <style:style style:name="T1" style:family="text">
   <style:properties fo:font-weight="bold"/>
  </style:style>
 </office:automatic-styles>
 <office:body>
  <text:variable-decls>
   <text:variable-decl text:value-type="string" text:name="HTML_ON"/>
   <text:variable-decl text:value-type="string" text:name="HTML_OFF"/>
   <text:variable-decl text:value-type="string" text:name="TITEL"/>
   <text:variable-decl text:value-type="string" text:name="END"/>
   <text:variable-decl text:value-type="string" text:name="HREF"/>
   <text:variable-decl text:value-type="string" text:name="MAC"/>
   <text:variable-decl text:value-type="string" text:name="ELSE"/>
   <text:variable-decl text:value-type="string" text:name="NAME"/>
   <text:variable-decl text:value-type="string" text:name="MODIFY"/>
   <text:variable-decl text:value-type="string" text:name="REFNR"/>
   <text:variable-decl text:value-type="string" text:name="HelpID"/>
   <text:variable-decl text:value-type="string" text:name="HFELD"/>
   <text:variable-decl text:value-type="string" text:name="WIN"/>
   <text:variable-decl text:value-type="string" text:name="AKTHLP"/>
   <text:variable-decl text:value-type="string" text:name="INDEX"/>
   <text:variable-decl text:value-type="string" text:name="STYLE"/>
  </text:variable-decls>
  <text:sequence-decls>
   <text:sequence-decl text:display-outline-level="0" text:name="Illustration"/>
   <text:sequence-decl text:display-outline-level="0" text:name="Table"/>
   <text:sequence-decl text:display-outline-level="0" text:name="Text"/>
   <text:sequence-decl text:display-outline-level="0" text:name="Drawing"/>
  </text:sequence-decls>
  <text:p text:style-name="P1"/>
  <text:p text:style-name="Head 1"><help:help-id value="FN_REDLINE_SHOW"/><help:help-id value="FID_CHG_SHOW"/><a name="anzeigen"/><help:key-word value="更改; 显示" tag="kw65704_1"/><help:link Id="65704">显示更改</help:link></text:p>
  <text:p text:style-name="Paragraph"><help:to-be-embedded Eid="text"><help:help-text value="visible">显示或隐入录制的更改。</help:help-text></help:to-be-embedded></text:p>
  <help:popup Id="65620" Eid="anzeigen"><help:embedded Id="65598" Eid="wie"></help:embedded></help:popup>
  <text:p text:style-name="Paragraph">选择 <help:switch select="Program"><help:case select="WRITER"><help:link Id="66244"><text:span text:style-name="T1">[工具] - [选项] -“文本文档”-“更改”</text:span></help:link></help:case></help:switch><help:switch select="Program"><help:case select="CALC"><help:link Id="66244"><text:span text:style-name="T1">[工具] - [选项] -“工作表文档”-“更改”</text:span></help:link>，可以更改标记元素的显示属性。</help:case></help:switch></text:p>
  <text:p text:style-name="Paragraph">当将鼠标指针放在文档中的更改标记上时，会显示<text:span text:style-name="T1">提示</text:span>，其中含有执行该更改的作者、日期和时间等信息。<help:switch select="Program"><help:case select="CALC">如果启动了 <text:span text:style-name="T1">[说明文]</text:span>，还会显示更改类型和所有附加的注解。</help:case></help:switch></text:p>
  <text:p text:style-name="Head 2"><help:help-id value="SC_CHECKBOX_RID_SCDLG_HIGHLIGHT_CHANGES_CB_HIGHLIGHT"/><help:switch select="Program"><help:case select="CALC">显示工作表内的更改内容</help:case></help:switch></text:p>
  <text:p text:style-name="Paragraph"><help:switch select="Program"><help:case select="CALC"><help:help-text value="visible">显示或隐入录制的更改。</help:help-text></help:case></help:switch></text:p>
  <help:switch select="Program"><help:case select="CALC"><help:embedded Id="65717" Eid="calc"></help:embedded></help:case></help:switch>
  <text:p text:style-name="Head 2"><help:help-id value="SC_CHECKBOX_RID_SCDLG_HIGHLIGHT_CHANGES_CB_HIGHLIGHT_ACCEPT"/><help:switch select="Program"><help:case select="CALC">显示接受的更改内容</help:case></help:switch></text:p>
  <text:p text:style-name="Paragraph"><help:switch select="Program"><help:case select="CALC"><help:help-text value="visible">显示或隐入已接受的更改。</help:help-text></help:case></help:switch></text:p>
  <text:p text:style-name="Head 2"><help:help-id value="SC_CHECKBOX_RID_SCDLG_HIGHLIGHT_CHANGES_CB_HIGHLIGHT_REJECT"/><help:switch select="Program"><help:case select="CALC">显示拒绝的更改内容</help:case></help:switch></text:p>
  <text:p text:style-name="ParaList"><help:switch select="Program"><help:case select="CALC"><help:help-text value="visible">显示或隐入已拒绝的更改。</help:help-text></help:case></help:switch><help:embedded Id="65598" Eid="related"></help:embedded></text:p>
  <help:switch select="Program"><help:case select="WRITER">
  <text:p text:style-name="ParaList"><help:embedded Id="65598" Eid="related"></help:embedded></text:p>
  <text:p text:style-name="ParaList"><help:link Id="65657"></help:link></text:p>
  </help:case></help:switch>
 </office:body>
</office:document>
