

<office:document  xmlns:office="http://openoffice.org/2000/office" xmlns:style="http://openoffice.org/2000/style" xmlns:text="http://openoffice.org/2000/text" xmlns:table="http://openoffice.org/2000/table" xmlns:draw="http://openoffice.org/2000/drawing" xmlns:fo="http://www.w3.org/1999/XSL/Format" xmlns:xlink="http://www.w3.org/1999/xlink" xmlns:number="http://openoffice.org/2000/datastyle" xmlns:svg="http://www.w3.org/2000/svg" xmlns:chart="http://openoffice.org/2000/chart" xmlns:dr3d="http://openoffice.org/2000/dr3d" xmlns:math="http://www.w3.org/1998/Math/MathML" xmlns:form="http://openoffice.org/2000/form" xmlns:script="http://openoffice.org/2000/script" office:class="text" office:version="1.0" xmlns:dc="http://purl.org/dc/elements/1.1/" xmlns:meta="http://openoffice.org/2000/meta" xmlns:help="http://openoffice.org/2000/help">
<office:meta>
  <dc:description>text/common/01/02250000</dc:description>
  <dc:subject>文献数据库</dc:subject>
  <meta:keywords>
   <meta:keyword>$Version</meta:keyword>
  </meta:keywords>
  <dc:language>zh-CN</dc:language>
  <meta:user-defined meta:name="Info 0">READY</meta:user-defined>
  <meta:user-defined meta:name="Info 1">FREE_OK</meta:user-defined>
  <meta:user-defined meta:name="Info 2"/>
  <meta:user-defined meta:name="Info 3"/>
</office:meta>
 <office:script/>
 <office:font-decls>
  <style:font-decl style:name="StarSymbol" fo:font-family="StarSymbol" style:font-charset="x-symbol"/>
  <style:font-decl style:name="Courier New" fo:font-family="&apos;Courier New&apos;" style:font-style-name="Standard" style:font-family-generic="modern" style:font-pitch="fixed"/>
  <style:font-decl style:name="Courier" fo:font-family="Courier" style:font-family-generic="roman" style:font-pitch="fixed"/>
  <style:font-decl style:name="Andale WT UI3" fo:font-family="&apos;Andale WT UI&apos;" style:font-pitch="variable"/>
  <style:font-decl style:name="Arial Unicode MS" fo:font-family="&apos;Arial Unicode MS&apos;" style:font-pitch="variable"/>
  <style:font-decl style:name="HG Mincho Light J" fo:font-family="&apos;HG Mincho Light J&apos;" style:font-pitch="variable"/>
  <style:font-decl style:name="Andale WT UI" fo:font-family="&apos;Andale WT UI&apos;" style:font-style-name="Fett" style:font-family-generic="roman" style:font-pitch="variable"/>
  <style:font-decl style:name="Andale WT UI1" fo:font-family="&apos;Andale WT UI&apos;" style:font-style-name="Standard" style:font-family-generic="roman" style:font-pitch="variable"/>
  <style:font-decl style:name="Thorndale" fo:font-family="Thorndale" style:font-family-generic="roman" style:font-pitch="variable"/>
  <style:font-decl style:name="Times New Roman" fo:font-family="&apos;Times New Roman&apos;" style:font-style-name="Fett" style:font-family-generic="roman" style:font-pitch="variable"/>
  <style:font-decl style:name="Andale WT UI2" fo:font-family="&apos;Andale WT UI&apos;" style:font-family-generic="swiss" style:font-pitch="variable"/>
 </office:font-decls>
 <office:automatic-styles>
  <style:style style:name="Tabelle4" style:family="table">
   <style:properties style:width="18cm" table:align="margins"/>
  </style:style>
  <style:style style:name="Tabelle4.A" style:family="table-column">
   <style:properties style:column-width="1.499cm" style:rel-column-width="5461*"/>
  </style:style>
  <style:style style:name="Tabelle4.B" style:family="table-column">
   <style:properties style:column-width="16.501cm" style:rel-column-width="60074*"/>
  </style:style>
  <style:style style:name="Tabelle43" style:family="table">
   <style:properties style:width="17.995cm" fo:margin-left="0cm" fo:margin-right="0.005cm" table:align="margins"/>
  </style:style>
  <style:style style:name="Tabelle43.A" style:family="table-column">
   <style:properties style:column-width="2.469cm" style:rel-column-width="8995*"/>
  </style:style>
  <style:style style:name="Tabelle43.B" style:family="table-column">
   <style:properties style:column-width="15.526cm" style:rel-column-width="56540*"/>
  </style:style>
  <style:style style:name="Tabelle44" style:family="table">
   <style:properties style:width="17.995cm" fo:margin-left="0cm" fo:margin-right="0.005cm" table:align="margins"/>
  </style:style>
  <style:style style:name="Tabelle44.A" style:family="table-column">
   <style:properties style:column-width="2.469cm" style:rel-column-width="8995*"/>
  </style:style>
  <style:style style:name="Tabelle44.B" style:family="table-column">
   <style:properties style:column-width="15.526cm" style:rel-column-width="56540*"/>
  </style:style>
  <style:style style:name="Tabelle1" style:family="table">
   <style:properties style:width="17.995cm" fo:margin-left="0cm" fo:margin-right="0.005cm" table:align="margins"/>
  </style:style>
  <style:style style:name="Tabelle1.A" style:family="table-column">
   <style:properties style:column-width="2.469cm" style:rel-column-width="8995*"/>
  </style:style>
  <style:style style:name="Tabelle1.B" style:family="table-column">
   <style:properties style:column-width="15.526cm" style:rel-column-width="56540*"/>
  </style:style>
  <style:style style:name="Tabelle2" style:family="table">
   <style:properties style:width="17.995cm" fo:margin-left="0cm" fo:margin-right="0.005cm" table:align="margins"/>
  </style:style>
  <style:style style:name="Tabelle2.A" style:family="table-column">
   <style:properties style:column-width="2.461cm" style:rel-column-width="8963*"/>
  </style:style>
  <style:style style:name="Tabelle2.B" style:family="table-column">
   <style:properties style:column-width="15.535cm" style:rel-column-width="56572*"/>
  </style:style>
  <style:style style:name="P1" style:family="paragraph" style:parent-style-name="Paragraph" style:master-page-name="HTML">
   <style:properties style:page-number="0"/>
  </style:style>
  <style:style style:name="T1" style:family="text">
   <style:properties fo:font-weight="bold"/>
  </style:style>
  <style:style style:name="fr1" style:family="graphics" style:parent-style-name="Graphics">
   <style:properties style:run-through="foreground" style:wrap="run-through" style:vertical-pos="top" style:vertical-rel="paragraph" style:horizontal-pos="left" style:horizontal-rel="paragraph" style:mirror="none" fo:clip="rect(0cm 0cm 0cm 0cm)" draw:luminance="0%" draw:contrast="0%" draw:red="0%" draw:green="0%" draw:blue="0%" draw:gamma="1" draw:color-inversion="false" draw:transparency="-100%" draw:color-mode="standard"/>
  </style:style>
  <style:style style:name="fr2" style:family="graphics" style:parent-style-name="Graphics">
   <style:properties style:wrap="run-through" style:horizontal-pos="left" style:horizontal-rel="paragraph" style:mirror="none" fo:clip="rect(0cm 0cm 0cm 0cm)" draw:luminance="0%" draw:contrast="0%" draw:red="0%" draw:green="0%" draw:blue="0%" draw:gamma="1" draw:color-inversion="false" draw:transparency="-100%" draw:color-mode="standard"/>
  </style:style>
 </office:automatic-styles>
 <office:body>
  <text:variable-decls>
   <text:variable-decl text:value-type="string" text:name="HTML_ON"/>
   <text:variable-decl text:value-type="string" text:name="HTML_OFF"/>
   <text:variable-decl text:value-type="string" text:name="TITEL"/>
   <text:variable-decl text:value-type="string" text:name="END"/>
   <text:variable-decl text:value-type="string" text:name="HREF"/>
   <text:variable-decl text:value-type="string" text:name="MAC"/>
   <text:variable-decl text:value-type="string" text:name="ELSE"/>
   <text:variable-decl text:value-type="string" text:name="NAME"/>
   <text:variable-decl text:value-type="string" text:name="MODIFY"/>
   <text:variable-decl text:value-type="string" text:name="REFNR"/>
   <text:variable-decl text:value-type="string" text:name="HelpID"/>
   <text:variable-decl text:value-type="string" text:name="AKTHLP"/>
   <text:variable-decl text:value-type="string" text:name="HFELD"/>
   <text:variable-decl text:value-type="string" text:name="INDEX"/>
   <text:variable-decl text:value-type="string" text:name="STYLE"/>
  </text:variable-decls>
  <text:sequence-decls>
   <text:sequence-decl text:display-outline-level="0" text:name="Illustration"/>
   <text:sequence-decl text:display-outline-level="0" text:name="Table"/>
   <text:sequence-decl text:display-outline-level="0" text:name="Text"/>
   <text:sequence-decl text:display-outline-level="0" text:name="Drawing"/>
  </text:sequence-decls>
  <help:to-be-embedded Eid="litdat">
  <text:p text:style-name="Head 1"><help:help-id value="SID_COMP_BIBLIOGRAPHY"/><help:help-id value="HID_BIB_DB_TBX"/><help:key-word value="文献数据库; 数据库" tag="kw65643_1"/><help:key-word value="数据库; 引用文献" tag="kw65643_5"/><help:link Id="65643">文献数据库</help:link></text:p>
  </help:to-be-embedded>
  <text:p text:style-name="Paragraph"><help:to-be-embedded Eid="litdattext"><help:help-text value="visible">在文献数据库中插入、删除、编辑和管理数据条目。</help:help-text></help:to-be-embedded></text:p>
  <help:popup Id="65620" Eid="litdat"><help:embedded Id="65598" Eid="wie"></help:embedded></help:popup>
  <table:table table:name="Tabelle4" table:style-name="Tabelle4">
   <table:table-column table:style-name="Tabelle4.A"/>
   <table:table-column table:style-name="Tabelle4.B"/>
   <table:table-header-rows>
    <table:table-row>
     <table:table-cell table:value-type="string">
      <text:p text:style-name="Paragraph"><draw:image draw:name="备注0" svg:desc="备注" svg:pixelx="32" svg:pixely="32" svg:width="0.847cm" svg:height="0.847cm" xlink:href="65980" draw:filter-name=""/></text:p>

     </table:table-cell>
     <table:table-cell table:value-type="string">
      <text:p text:style-name="Paragraph">如果数据库中的字段为只读字段，请确保已关闭数据源视图。</text:p>
     </table:table-cell>
    </table:table-row>
   </table:table-header-rows>
  </table:table>
  <text:p text:style-name="Paragraph"><help:key-word value="书籍; 关于 %PRODUCTNAME" tag="kw65643_4"/><help:key-word value="%PRODUCTNAME; 书籍" tag="kw65643_3"/><help:key-word value="%PRODUCTNAME; 文献目录" tag="kw65643_2"/>提供的文献数据库中含有关于 <help:productname>%PRODUCTNAME</help:productname> 书籍的范例数据条目。</text:p>
  <text:p text:style-name="Paragraph">使用 <text:span text:style-name="T1">[对象栏]</text:span> 来选择文献数据库中的表格、搜寻数据条目，或者使用筛选对数据条目排序。</text:p>
  <text:p text:style-name="Head 2">选择数据条目</text:p>
  <text:p text:style-name="Head 3"><help:help-id value="HID_BIB_TBX_TABLE"/>选择表格</text:p>
  <text:p text:style-name="Paragraph"><help:help-text value="visible">列出当前数据库中的可用表格。单击列单中的某个名称，可以显示该表格的数据条目。</help:help-text></text:p>
  <text:p text:style-name="Head 3">选择数据条目</text:p>
  <text:p text:style-name="Paragraph">使用以下按钮可以浏览数据条目。</text:p>
  <table:table table:name="Tabelle43" table:style-name="Tabelle43">
   <table:table-column table:style-name="Tabelle43.A"/>
   <table:table-column table:style-name="Tabelle43.B"/>
   <table:table-header-rows>
    <table:table-row>
     <table:table-cell table:value-type="string">
      <text:p text:style-name="TextInTable"><draw:image draw:name="图标1" svg:desc="图标" svg:pixelx="25" svg:pixely="25" svg:width="0.661cm" svg:height="0.661cm" xlink:href="65645" draw:filter-name=""/></text:p>

     </table:table-cell>
     <table:table-cell table:value-type="string">
      <text:p text:style-name="TextInTable"><help:help-id value="HID_GRID_TRAVEL_FIRST"/><help:help-text value="visible">跳到表格的第一个数据条目。</help:help-text></text:p>
     </table:table-cell>
    </table:table-row>
   </table:table-header-rows>
  </table:table>
  <table:table table:name="Tabelle44" table:style-name="Tabelle44">
   <table:table-column table:style-name="Tabelle44.A"/>
   <table:table-column table:style-name="Tabelle44.B"/>
   <table:table-header-rows>
    <table:table-row>
     <table:table-cell table:value-type="string">
      <text:p text:style-name="TextInTable"><draw:image draw:name="图标2" svg:desc="图标" svg:pixelx="25" svg:pixely="25" svg:width="0.661cm" svg:height="0.661cm" xlink:href="65649" draw:filter-name=""/></text:p>

     </table:table-cell>
     <table:table-cell table:value-type="string">
      <text:p text:style-name="TextInTable"><help:help-id value="HID_GRID_TRAVEL_PREV"/><help:help-text value="visible">转到表格中的上一个数据条目。</help:help-text></text:p>
     </table:table-cell>
    </table:table-row>
   </table:table-header-rows>
  </table:table>
  <table:table table:name="Tabelle1" table:style-name="Tabelle1">
   <table:table-column table:style-name="Tabelle1.A"/>
   <table:table-column table:style-name="Tabelle1.B"/>
   <table:table-header-rows>
    <table:table-row>
     <table:table-cell table:value-type="string">
      <text:p text:style-name="TextInTable"><draw:image draw:name="图标3" svg:desc="图标" svg:pixelx="25" svg:pixely="25" svg:width="0.661cm" svg:height="0.661cm" xlink:href="65648" draw:filter-name=""/></text:p>

     </table:table-cell>
     <table:table-cell table:value-type="string">
      <text:p text:style-name="TextInTable"><help:help-id value="HID_GRID_TRAVEL_NEXT"/><help:help-text value="visible">转到表格中的下一个数据条目。</help:help-text></text:p>
     </table:table-cell>
    </table:table-row>
   </table:table-header-rows>
  </table:table>
  <table:table table:name="Tabelle2" table:style-name="Tabelle2">
   <table:table-column table:style-name="Tabelle2.A"/>
   <table:table-column table:style-name="Tabelle2.B"/>
   <table:table-header-rows>
    <table:table-row>
     <table:table-cell table:value-type="string">
      <text:p text:style-name="TextInTable"><draw:image draw:name="图标4" svg:desc="图标" svg:pixelx="25" svg:pixely="25" svg:width="0.661cm" svg:height="0.661cm" xlink:href="65646" draw:filter-name=""/></text:p>

     </table:table-cell>
     <table:table-cell table:value-type="string">
      <text:p text:style-name="TextInTable"><help:help-id value="HID_GRID_TRAVEL_LAST"/><help:help-text value="visible">跳到表格的最后一个数据条目。</help:help-text></text:p>
     </table:table-cell>
    </table:table-row>
   </table:table-header-rows>
  </table:table>
  <text:p text:style-name="Paragraph"><help:help-id value="HID_GRID_TRAVEL_ABSOLUTE"/><help:help-text value="visible">键入要显示的数据条目的编号，然后按 Enter 键。</help:help-text></text:p>
  <text:p text:style-name="Head 2"><help:help-id value="HID_GRID_TRAVEL_NEW"/>插入一个新的数据条目。</text:p>
  <text:p text:style-name="Paragraph"><help:help-text value="hide">在当前表格中插入新的数据条目。</help:help-text>要建立数据条目，请单击表格视图底部的星号 (*) 按钮。将在表格末尾处加入一个空行。</text:p>
  <text:p text:style-name="Paragraph"><help:help-id value="HID_BIB_AUTHORITYTYPE_POS"/><help:help-text value="visible">选择要建立的数据条目的类型。<help:productname>%PRODUCTNAME</help:productname> 将根据您在这里选择的类型，在数据条目的<text:span text:style-name="T1">“Type”</text:span>列中插入相应的编号。</help:help-text></text:p>
  <text:p text:style-name="Paragraph"><help:help-id value="HID_BIB_IDENTIFIER_POS"/><help:help-text value="visible">输入数据条目的名称。该名称将显示在数据条目列单的<text:span text:style-name="T1">“Identifier”</text:span>列中。</help:help-text></text:p>
  <text:p text:style-name="Paragraph"><help:help-id value="HID_BIB_AUTHOR_POS"/><help:help-id value="HID_BIB_TITLE_POS"/><help:help-id value="HID_BIB_YEAR_POS"/><help:help-id value="HID_BIB_AUTHOR_POS"/><help:help-id value="HID_BIB_PUBLISHER_POS"/><help:help-id value="HID_BIB_CHAPTER_POS"/><help:help-id value="HID_BIB_EDITOR_POS"/><help:help-id value="HID_BIB_BOOKTITLE_POS"/><help:help-id value="HID_BIB_ORGANIZATIONS_POS"/><help:help-id value="HID_BIB_REPORTTYPE_POS"/><help:help-id value="HID_BIB_JOURNAL_POS"/><help:help-id value="HID_BIB_ANNOTE_POS"/><help:help-id value="HID_BIB_ADDRESS_POS"/><help:help-id value="HID_BIB_PAGES_POS"/><help:help-id value="HID_BIB_EDITION_POS"/><help:help-id value="HID_BIB_VOLUME_POS"/><help:help-id value="HID_BIB_INSTITUTION_POS"/><help:help-id value="HID_BIB_MONTH_POS"/><help:help-id value="HID_BIB_NUMBER_POS"/><help:help-id value="HID_BIB_NOTE_POS"/><help:help-id value="HID_BIB_ISBN_POS"/><help:help-id value="HID_BIB_HOWPUBLISHED_POS"/><help:help-id value="HID_BIB_SCHOOL_POS"/><help:help-id value="HID_BIB_SERIES_POS"/><help:help-id value="HID_BIB_URL_POS"/><help:help-text value="visible">输入选定数据条目的其他信息。如果需要，也可以在表格中相应的字段内输入信息。</help:help-text></text:p>
  <text:p text:style-name="Head 2">搜寻和筛选数据条目</text:p>
  <text:p text:style-name="Paragraph">可以通过搜寻与关键字匹配的字段条目来搜寻数据条目。</text:p>
  <text:p text:style-name="Head 3"><help:help-id value="HID_BIB_TBX_SEARCH"/>输入搜寻条目</text:p>
  <text:p text:style-name="Paragraph"><help:help-text value="visible">键入要搜寻的信息，然后按 Enter 键。要更改搜寻的筛选选项，请缓慢单击 <text:span text:style-name="T1">[自动筛选]</text:span> 图标，然后选择其他数据字段。在搜寻中，可以使用通配符 % 或 * 表示任意多个字符，使用 _ 或 ? 表示一个字符。要显示表格中的所有数据条目，请清除此框，并按 Enter 键。 </help:help-text></text:p>
  <text:p text:style-name="Head 3"><help:help-id value="HID_BIB_TBX_AUTOFILTER"/>使用筛选</text:p>
  <text:p text:style-name="Paragraph"><help:help-text value="visible">缓慢单击以选择要使用<text:span text:style-name="T1">“搜寻条目”</text:span>框中输入的条目来搜寻的数据字段。您只能选择一个数据字段进行搜寻。</help:help-text></text:p>
  <text:p text:style-name="Paragraph">表格数据条目的列单将自动更新，以匹配新的筛选设定。</text:p>
  <text:p text:style-name="Paragraph">使用 <text:span text:style-name="T1">[标准筛选]</text:span> 可以缩小或组合 <text:span text:style-name="T1">[自动筛选]</text:span> 中的搜寻选项。</text:p>
  <help:embedded Id="65999" Eid="filterdialog"></help:embedded>
  <text:p text:style-name="Paragraph">要显示表格中的所有数据条目，请单击 <text:span text:style-name="T1">[删除筛选]</text:span> 图标。</text:p>
  <text:p text:style-name="Head 2"><help:help-id value="SID_FM_DELETEROWS"/>删除一个数据条目</text:p>
  <text:p text:style-name="Paragraph">要删除当前表格中的数据条目，请在该数据条目的行标上单击鼠标右键，然后选择 <text:span text:style-name="T1">[删除行]</text:span>。<help:help-text value="hide">选定的数据条目即被删除。</help:help-text></text:p>
  <text:p text:style-name="Head 2">选择编排列和数据源</text:p>
  <text:p text:style-name="Head 3"><help:help-id value="HID_BIB_CHANGESOURCE"/>数据源</text:p>
  <text:p text:style-name="Paragraph"><help:help-text value="visible">选择用于文献数据库的数据源。</help:help-text></text:p>
  <text:p text:style-name="Paragraph"><help:help-id value="SID_ON_OPENDOC"/><help:help-text value="visible">只列出在 <help:productname>%PRODUCTNAME</help:productname> 中注册的数据源。要向列单中新增数据源，请选择 <text:span text:style-name="T1">[工具] - [数据源]</text:span>。</help:help-text></text:p>
  <text:p text:style-name="Head 3"><help:help-id value="HID_BIB_MAPPINGDLG"/>编排列</text:p>
  <text:p text:style-name="Paragraph"><help:help-text value="visible">用于将列标题映射到其他数据源中的数据字段。要为文献目录定义其他数据源，请单击数据条目 <text:span text:style-name="T1">[对象栏]</text:span> 上的<text:span text:style-name="T1">“数据源”</text:span>按钮。</help:help-text></text:p>
  <text:p text:style-name="Paragraph"><help:help-id value="BIB_LISTBOX_RID_DLG_MAPPING_LB_IDENTIFIER"/><help:help-id value="BIB_LISTBOX_RID_DLG_MAPPING_LB_TITLE"/><help:help-id value="BIB_LISTBOX_RID_DLG_MAPPING_LB_ISBN"/><help:help-id value="BIB_LISTBOX_RID_DLG_MAPPING_LB_EDITION"/><help:help-id value="BIB_LISTBOX_RID_DLG_MAPPING_LB_INSTITUTION"/><help:help-id value="BIB_LISTBOX_RID_DLG_MAPPING_LB_ANNOTE"/><help:help-id value="BIB_LISTBOX_RID_DLG_MAPPING_LB_PAGES"/><help:help-id value="BIB_LISTBOX_RID_DLG_MAPPING_LB_SCHOOL"/><help:help-id value="BIB_LISTBOX_RID_DLG_MAPPING_LB_VOLUME"/><help:help-id value="BIB_LISTBOX_RID_DLG_MAPPING_LB_CUSTOM2"/><help:help-id value="BIB_LISTBOX_RID_DLG_MAPPING_LB_CUSTOM5"/><help:help-id value="BIB_LISTBOX_RID_DLG_MAPPING_LB_AUTHORITYTYPE"/><help:help-id value="BIB_LISTBOX_RID_DLG_MAPPING_LB_MONTH"/><help:help-id value="BIB_LISTBOX_RID_DLG_MAPPING_LB_BOOKTITLE"/><help:help-id value="BIB_LISTBOX_RID_DLG_MAPPING_LB_EDITOR"/><help:help-id value="BIB_LISTBOX_RID_DLG_MAPPING_LB_JOURNAL"/><help:help-id value="BIB_LISTBOX_RID_DLG_MAPPING_LB_NUMBER"/><help:help-id value="BIB_LISTBOX_RID_DLG_MAPPING_LB_PUBLISHER"/><help:help-id value="BIB_LISTBOX_RID_DLG_MAPPING_LB_SERIES"/><help:help-id value="BIB_LISTBOX_RID_DLG_MAPPING_LB_URL"/><help:help-id value="BIB_LISTBOX_RID_DLG_MAPPING_LB_CUSTOM3"/><help:help-id value="BIB_LISTBOX_RID_DLG_MAPPING_LB_AUTHOR"/><help:help-id value="BIB_LISTBOX_RID_DLG_MAPPING_LB_YEAR"/><help:help-id value="BIB_LISTBOX_RID_DLG_MAPPING_LB_CHAPTER"/><help:help-id value="BIB_LISTBOX_RID_DLG_MAPPING_LB_HOWPUBLISHED"/><help:help-id value="BIB_LISTBOX_RID_DLG_MAPPING_LB_NOTE"/><help:help-id value="BIB_LISTBOX_RID_DLG_MAPPING_LB_ORGANIZATIONS"/><help:help-id value="BIB_LISTBOX_RID_DLG_MAPPING_LB_ADDRESS"/><help:help-id value="BIB_LISTBOX_RID_DLG_MAPPING_LB_REPORTTYPE"/><help:help-id value="BIB_LISTBOX_RID_DLG_MAPPING_LB_CUSTOM1"/><help:help-id value="BIB_LISTBOX_RID_DLG_MAPPING_LB_CUSTOM4"/><help:help-text value="visible">选择要映射到当前<text:span text:style-name="T1">“列名称”</text:span>的数据字段。要更改可用的数据字段，请为文献目录选择其他的数据源。</help:help-text></text:p>
  <text:p text:style-name="Head 2">菜单命令</text:p>
  <text:p text:style-name="Head 3"><help:help-id value="HID_BIB_DELETE_RECORD"/>删除数据条目</text:p>
  <text:p text:style-name="Paragraph"><help:help-text value="visible">删除当前的数据条目。</help:help-text></text:p>
  <text:p text:style-name="Head 3">选择数据源</text:p>
  <text:p text:style-name="Paragraph"><help:help-text value="visible">允许您为文献目录选择不同的数据源。</help:help-text></text:p>
  <text:p text:style-name="Head 3"><help:help-id value="HID_BIB_INSERT_RECORD"/>数据条目</text:p>
  <text:p text:style-name="Paragraph"><help:help-text value="visible">在当前表格中插入新的数据条目。</help:help-text></text:p>
 </office:body>
</office:document>
