

<office:document  xmlns:office="http://openoffice.org/2000/office" xmlns:style="http://openoffice.org/2000/style" xmlns:text="http://openoffice.org/2000/text" xmlns:table="http://openoffice.org/2000/table" xmlns:draw="http://openoffice.org/2000/drawing" xmlns:fo="http://www.w3.org/1999/XSL/Format" xmlns:xlink="http://www.w3.org/1999/xlink" xmlns:number="http://openoffice.org/2000/datastyle" xmlns:svg="http://www.w3.org/2000/svg" xmlns:chart="http://openoffice.org/2000/chart" xmlns:dr3d="http://openoffice.org/2000/dr3d" xmlns:math="http://www.w3.org/1998/Math/MathML" xmlns:form="http://openoffice.org/2000/form" xmlns:script="http://openoffice.org/2000/script" office:class="text" office:version="1.0" xmlns:dc="http://purl.org/dc/elements/1.1/" xmlns:meta="http://openoffice.org/2000/meta" xmlns:help="http://openoffice.org/2000/help">
<office:meta>
  <dc:description>text/common/01/05020300</dc:description>
  <dc:subject>数字/格式</dc:subject>
  <meta:keywords>
   <meta:keyword>$Version</meta:keyword>
  </meta:keywords>
  <dc:language>zh-CN</dc:language>
  <meta:user-defined meta:name="Info 0">READY</meta:user-defined>
  <meta:user-defined meta:name="Info 1">FREE_OK</meta:user-defined>
  <meta:user-defined meta:name="Info 2"/>
  <meta:user-defined meta:name="Info 3"/>
</office:meta>
 <office:script/>
 <office:font-decls>
  <style:font-decl style:name="StarSymbol" fo:font-family="StarSymbol" style:font-charset="x-symbol"/>
  <style:font-decl style:name="Courier New" fo:font-family="&apos;Courier New&apos;" style:font-style-name="Standard" style:font-family-generic="modern" style:font-pitch="fixed"/>
  <style:font-decl style:name="Courier" fo:font-family="Courier" style:font-family-generic="roman" style:font-pitch="fixed"/>
  <style:font-decl style:name="Andale WT UI3" fo:font-family="&apos;Andale WT UI&apos;" style:font-pitch="variable"/>
  <style:font-decl style:name="Arial Unicode MS" fo:font-family="&apos;Arial Unicode MS&apos;" style:font-pitch="variable"/>
  <style:font-decl style:name="HG Mincho Light J" fo:font-family="&apos;HG Mincho Light J&apos;" style:font-pitch="variable"/>
  <style:font-decl style:name="Andale WT UI" fo:font-family="&apos;Andale WT UI&apos;" style:font-style-name="Fett" style:font-family-generic="roman" style:font-pitch="variable"/>
  <style:font-decl style:name="Andale WT UI1" fo:font-family="&apos;Andale WT UI&apos;" style:font-style-name="Standard" style:font-family-generic="roman" style:font-pitch="variable"/>
  <style:font-decl style:name="Thorndale" fo:font-family="Thorndale" style:font-family-generic="roman" style:font-pitch="variable"/>
  <style:font-decl style:name="Times New Roman" fo:font-family="&apos;Times New Roman&apos;" style:font-style-name="Fett" style:font-family-generic="roman" style:font-pitch="variable"/>
  <style:font-decl style:name="Andale WT UI2" fo:font-family="&apos;Andale WT UI&apos;" style:font-family-generic="swiss" style:font-pitch="variable"/>
 </office:font-decls>
 <office:automatic-styles>
  <style:style style:name="Tabelle4" style:family="table">
   <style:properties style:width="18cm" table:align="margins"/>
  </style:style>
  <style:style style:name="Tabelle4.A" style:family="table-column">
   <style:properties style:column-width="1.499cm" style:rel-column-width="5460*"/>
  </style:style>
  <style:style style:name="Tabelle4.B" style:family="table-column">
   <style:properties style:column-width="16.501cm" style:rel-column-width="60075*"/>
  </style:style>
  <style:style style:name="Tabelle4.A1" style:family="table-cell">
   <style:properties fo:padding="0cm" fo:border="none"/>
  </style:style>
  <style:style style:name="Tabelle3" style:family="table">
   <style:properties style:width="18cm" table:align="margins"/>
  </style:style>
  <style:style style:name="Tabelle3.A" style:family="table-column">
   <style:properties style:column-width="1.501cm" style:rel-column-width="5466*"/>
  </style:style>
  <style:style style:name="Tabelle3.B" style:family="table-column">
   <style:properties style:column-width="16.499cm" style:rel-column-width="60069*"/>
  </style:style>
  <style:style style:name="Tabelle3.1" style:family="table-row">
   <style:properties style:min-row-height="0.848cm"/>
  </style:style>
  <style:style style:name="Tabelle3.A1" style:family="table-cell">
   <style:properties fo:padding="0cm" fo:border="none"/>
  </style:style>
  <style:style style:name="P1" style:family="paragraph" style:parent-style-name="Paragraph" style:master-page-name="HTML">
   <style:properties style:page-number="0"/>
  </style:style>
  <style:style style:name="T1" style:family="text">
   <style:properties fo:font-weight="bold"/>
  </style:style>
  <style:style style:name="T2" style:family="text">
   <style:properties fo:font-style="italic"/>
  </style:style>
  <style:style style:name="fr1" style:family="graphics" style:parent-style-name="Graphics">
   <style:properties style:run-through="foreground" style:wrap="run-through" style:vertical-pos="top" style:vertical-rel="paragraph" style:horizontal-pos="left" style:horizontal-rel="paragraph" style:mirror="none" fo:clip="rect(0cm 0cm 0cm 0cm)" draw:luminance="0%" draw:contrast="0%" draw:red="0%" draw:green="0%" draw:blue="0%" draw:gamma="1" draw:color-inversion="false" draw:transparency="-100%" draw:color-mode="standard"/>
  </style:style>
  <style:style style:name="fr2" style:family="graphics" style:parent-style-name="Graphics">
   <style:properties style:run-through="foreground" style:wrap="run-through" style:vertical-pos="middle" style:vertical-rel="paragraph" style:horizontal-pos="left" style:horizontal-rel="paragraph" style:mirror="none" fo:clip="rect(0cm 0cm 0cm 0cm)" draw:luminance="0%" draw:contrast="0%" draw:red="0%" draw:green="0%" draw:blue="0%" draw:gamma="1" draw:color-inversion="false" draw:transparency="-100%" draw:color-mode="standard"/>
  </style:style>
 </office:automatic-styles>
 <office:body>
  <text:variable-decls>
   <text:variable-decl text:value-type="string" text:name="HTML_ON"/>
   <text:variable-decl text:value-type="string" text:name="HTML_OFF"/>
   <text:variable-decl text:value-type="string" text:name="HREF"/>
   <text:variable-decl text:value-type="string" text:name="END"/>
   <text:variable-decl text:value-type="string" text:name="TITEL"/>
   <text:variable-decl text:value-type="string" text:name="OS2"/>
   <text:variable-decl text:value-type="string" text:name="MAC"/>
   <text:variable-decl text:value-type="string" text:name="ELSE"/>
   <text:variable-decl text:value-type="string" text:name="NAME"/>
   <text:variable-decl text:value-type="string" text:name="MODIFY"/>
   <text:variable-decl text:value-type="string" text:name="REFNR"/>
   <text:variable-decl text:value-type="string" text:name="HFELD"/>
   <text:variable-decl text:value-type="string" text:name="HelpID"/>
   <text:variable-decl text:value-type="string" text:name="KEY"/>
   <text:variable-decl text:value-type="string" text:name="AKTHLP"/>
   <text:variable-decl text:value-type="string" text:name="INDEX"/>
   <text:variable-decl text:value-type="string" text:name="STYLE"/>
  </text:variable-decls>
  <text:sequence-decls>
   <text:sequence-decl text:display-outline-level="0" text:name="Illustration"/>
   <text:sequence-decl text:display-outline-level="0" text:name="Table"/>
   <text:sequence-decl text:display-outline-level="0" text:name="Text"/>
   <text:sequence-decl text:display-outline-level="0" text:name="Drawing"/>
  </text:sequence-decls>
  <text:p text:style-name="P1"/>
  <text:p text:style-name="Head 1"><help:help-id value="HID_NUMBERFORMAT"/><help:help-id value="FN_NUM_FORMAT_TABLE_DLG"/><help:key-word value="格式; 数字格式" tag="kw65738_1"/><help:key-word value="数字格式; 格式" tag="kw65738_11"/><help:key-word value="数字; 格式" tag="kw65738_10"/><help:key-word value="单元格; 数字格式" tag="kw65738_9"/><help:key-word value="货币; 数字格式" tag="kw65738_8"/><help:key-word value="标准; 数字格式" tag="kw65738_7"/>数字/格式</text:p>
  <text:p text:style-name="Paragraph"><help:to-be-embedded Eid="zahlen"><help:help-text value="visible">为选定的单元格指定格式选项。</help:help-text></help:to-be-embedded></text:p>
  <help:popup Id="65625" Eid="zahlen"><help:embedded Id="65598" Eid="wie"></help:embedded></help:popup>
  <text:p text:style-name="Head 2"><help:help-id value="SVX_LISTBOX_RID_SVXPAGE_NUMBERFORMAT_LB_CATEGORY"/>分类</text:p>
  <text:p text:style-name="Paragraph"><help:help-text value="visible">从列单中选择一个分类，然后在<text:span text:style-name="T1">“格式”</text:span>框中选择格式样式。</help:help-text></text:p>
  <help:switch select="Program"><help:case select="CALC">
  <table:table table:name="Tabelle4" table:style-name="Tabelle4">
   <table:table-column table:style-name="Tabelle4.A"/>
   <table:table-column table:style-name="Tabelle4.B"/>
   <table:table-row>
    <table:table-cell table:style-name="Tabelle4.A1" table:value-type="string">
     <text:p text:style-name="Paragraph"><draw:image draw:name="图标0" svg:desc="备注图标" svg:pixelx="32" svg:pixely="32" svg:width="0.847cm" svg:height="0.847cm" xlink:href="65980" draw:filter-name=""/></text:p>

    </table:table-cell>
    <table:table-cell table:style-name="Tabelle4.A1" table:value-type="string">
     <text:p text:style-name="Paragraph">单元格默认的货币格式取决于操作系统的地区设定。</text:p>
    </table:table-cell>
   </table:table-row>
  </table:table>
  </help:case></help:switch>
  <text:p text:style-name="Head 2"><help:help-id value="HID_NUMBERFORMAT_LB_FORMAT"/>格式</text:p>
  <text:p text:style-name="Paragraph"><help:help-text value="visible">选择选定单元格的显示方式。</help:help-text>选定格式对应的代码显示在<text:span text:style-name="T1">“格式码”</text:span>框中。</text:p>
  <text:p text:style-name="Head 3"><help:help-id value="SVX_LISTBOX_RID_SVXPAGE_NUMBERFORMAT_LB_CURRENCY"/><help:key-word value="格式; 货币" tag="kw65738_6"/><help:key-word value="数值; 货币格式码" tag="kw65738_5"/><help:key-word value="格式码; 货币" tag="kw65738_4"/><help:key-word value="货币; 格式码" tag="kw65738_3"/>货币分类列表框</text:p>
  <text:p text:style-name="Paragraph"><help:help-text value="visible">选择一种货币，然后滚动到<text:span text:style-name="T1">“格式”</text:span>列单的顶端以查看该货币对应的格式选项。</help:help-text></text:p>
  <help:to-be-embedded Eid="waehrungtext">
  <table:table table:name="Tabelle3" table:style-name="Tabelle3">
   <table:table-column table:style-name="Tabelle3.A"/>
   <table:table-column table:style-name="Tabelle3.B"/>
   <table:table-header-rows>
    <table:table-row table:style-name="Tabelle3.1">
     <table:table-cell table:style-name="Tabelle3.A1" table:value-type="string">
      <text:p text:style-name="Paragraph"><draw:image draw:name="图标1" svg:desc="备注图标" svg:pixelx="32" svg:pixely="32" svg:width="0.847cm" svg:height="0.847cm" xlink:href="65980" draw:filter-name=""/></text:p>

     </table:table-cell>
     <table:table-cell table:style-name="Tabelle3.A1" table:value-type="string">
      <text:p text:style-name="Paragraph">货币的格式码采用 [$xxx-nnn] 的格式，其中 xxx 为货币符号，nnn 为国家/地区代码。有些特殊的银行符号，例如欧元所用的 EUR，则不需要国家/地区代码。货币格式不受<text:span text:style-name="T1">“语言”</text:span>框中所选语言的影响。</text:p>
      <text:p text:style-name="Paragraph"/>
     </table:table-cell>
    </table:table-row>
   </table:table-header-rows>
  </table:table>
  </help:to-be-embedded>
  <text:p text:style-name="Head 2"><help:help-id value="SVX_LISTBOX_RID_SVXPAGE_NUMBERFORMAT_LB_LANGUAGE"/>语言</text:p>
  <text:p text:style-name="Paragraph"><help:help-text value="visible">指定选定<help:switch select="Program"><help:case select="CALC">单元格</help:case><help:default>字段</help:default></help:switch>的语言设定。如果将语言设为<text:span text:style-name="T2">“标准”</text:span>，<help:productname>%PRODUCTNAME</help:productname> 将自动采用与系统默认语言相关联的数字格式。选择一种语言以确定选定<help:switch select="Program"><help:case select="CALC">单元格</help:case><help:default>字段</help:default></help:switch>的设定。</help:help-text></text:p>
  <text:p text:style-name="Paragraph">语言设定能够确保在使用其他默认语言设定的操作系统中打开文档时，文档中的日期和货币仍保留原有格式。</text:p>
  <text:p text:style-name="Head 2"><help:help-id value="SVX_CHECKBOX_RID_SVXPAGE_NUMBERFORMAT_CB_SOURCEFORMAT"/>源格式</text:p>
  <text:p text:style-name="Paragraph"><help:help-text value="visible">使用含有图表数据的单元格中的数字格式。</help:help-text></text:p>
  <text:p text:style-name="Head 2">选项</text:p>
  <text:p text:style-name="Paragraph">指定选定格式的选项。</text:p>
  <text:p text:style-name="Head 3"><help:help-id value="SVX_NUMERICFIELD_RID_SVXPAGE_NUMBERFORMAT_ED_DECIMALS"/>小数点位数</text:p>
  <text:p text:style-name="Paragraph"><help:help-text value="visible">输入要显示的小数点位数。</help:help-text></text:p>
  <text:p text:style-name="Head 3"><help:help-id value="SVX_NUMERICFIELD_RID_SVXPAGE_NUMBERFORMAT_ED_LEADZEROES"/>前置零</text:p>
  <text:p text:style-name="Paragraph"><help:help-text value="visible">输入小数点前要显示的零的位数。</help:help-text></text:p>
  <text:p text:style-name="Head 3"><help:help-id value="SVX_CHECKBOX_RID_SVXPAGE_NUMBERFORMAT_BTN_NEGRED"/>负数为红色</text:p>
  <text:p text:style-name="Paragraph"><help:help-text value="visible">将负数的字体颜色更改为红色。</help:help-text></text:p>
  <text:p text:style-name="Head 3"><help:help-id value="SVX_CHECKBOX_RID_SVXPAGE_NUMBERFORMAT_BTN_THOUSAND"/>千位点</text:p>
  <text:p text:style-name="Paragraph"><help:help-text value="visible">插入千位分隔符。所用分隔符的类型取决于语言设定。</help:help-text></text:p>
  <text:p text:style-name="Head 2"><help:help-id value="SVX_EDIT_RID_SVXPAGE_NUMBERFORMAT_ED_FORMAT"/><help:key-word value="格式码; 数字格式" tag="kw65738_2"/>格式码</text:p>
  <text:p text:style-name="Paragraph"><help:help-text value="visible">显示选定格式的数字格式码，也可以输入一个自定格式。</help:help-text>以下选项仅适用于使用者自定的数字格式。</text:p>
  <text:p text:style-name="Head 3"><help:help-id value="HID_NUMBERFORMAT_TBI_ADD"/>新增</text:p>
  <text:p text:style-name="Paragraph"><help:help-text value="visible">将输入的数字格式码加入到使用者自定分类中。</help:help-text></text:p>
  <text:p text:style-name="Head 3"><help:help-id value="HID_NUMBERFORMAT_TBI_REMOVE"/>删除</text:p>
  <text:p text:style-name="Paragraph"><help:help-text value="visible">删除选定的数字格式。</help:help-text>更改在重新启动 <help:productname>%PRODUCTNAME</help:productname> 后生效。</text:p>
  <text:p text:style-name="Head 3"><help:help-id value="HID_NUMBERFORMAT_TBI_INFO"/>编辑评语</text:p>
  <text:p text:style-name="Paragraph"><help:help-text value="visible">向选定的数字格式加入注解。</help:help-text></text:p>
  <text:p text:style-name="Head 3"><help:help-id value="SVX_EDIT_RID_SVXPAGE_NUMBERFORMAT_ED_COMMENT"/>注解行</text:p>
  <text:p text:style-name="Paragraph"><help:help-text value="visible">为选定的数字格式输入评语，然后在框外单击。</help:help-text></text:p>
  <help:embedded Id="65630" Eid="vorschau"></help:embedded>
  <text:p text:style-name="ParaList"><help:embedded Id="65598" Eid="related"></help:embedded></text:p>
  <text:p text:style-name="ParaList"><help:link Id="65744"></help:link></text:p>
  <text:p text:style-name="ParaList"><help:link Id="65744"></help:link></text:p>
 </office:body>
</office:document>
