

<office:document  xmlns:office="http://openoffice.org/2000/office" xmlns:style="http://openoffice.org/2000/style" xmlns:text="http://openoffice.org/2000/text" xmlns:table="http://openoffice.org/2000/table" xmlns:draw="http://openoffice.org/2000/drawing" xmlns:fo="http://www.w3.org/1999/XSL/Format" xmlns:xlink="http://www.w3.org/1999/xlink" xmlns:number="http://openoffice.org/2000/datastyle" xmlns:svg="http://www.w3.org/2000/svg" xmlns:chart="http://openoffice.org/2000/chart" xmlns:dr3d="http://openoffice.org/2000/dr3d" xmlns:math="http://www.w3.org/1998/Math/MathML" xmlns:form="http://openoffice.org/2000/form" xmlns:script="http://openoffice.org/2000/script" office:class="text" office:version="1.0" xmlns:dc="http://purl.org/dc/elements/1.1/" xmlns:meta="http://openoffice.org/2000/meta" xmlns:help="http://openoffice.org/2000/help">
<office:meta>
  <dc:description>text/common/01/05020700</dc:description>
  <dc:subject>中日韩文字</dc:subject>

  <dc:language>zh-CN</dc:language>
  <meta:user-defined meta:name="Info 0">READY</meta:user-defined>
  <meta:user-defined meta:name="Info 1">FREE_OK</meta:user-defined>
  <meta:user-defined meta:name="Info 2"/>
  <meta:user-defined meta:name="Info 3"/>
</office:meta>
 <office:script/>
 <office:font-decls>
  <style:font-decl style:name="StarSymbol" fo:font-family="StarSymbol" style:font-charset="x-symbol"/>
  <style:font-decl style:name="Courier New" fo:font-family="&apos;Courier New&apos;" style:font-style-name="Standard" style:font-family-generic="modern" style:font-pitch="fixed"/>
  <style:font-decl style:name="Courier" fo:font-family="Courier" style:font-family-generic="roman" style:font-pitch="fixed"/>
  <style:font-decl style:name="Andale WT UI3" fo:font-family="&apos;Andale WT UI&apos;" style:font-pitch="variable"/>
  <style:font-decl style:name="Arial Unicode MS" fo:font-family="&apos;Arial Unicode MS&apos;" style:font-pitch="variable"/>
  <style:font-decl style:name="HG Mincho Light J" fo:font-family="&apos;HG Mincho Light J&apos;" style:font-pitch="variable"/>
  <style:font-decl style:name="Andale WT UI" fo:font-family="&apos;Andale WT UI&apos;" style:font-style-name="Fett" style:font-family-generic="roman" style:font-pitch="variable"/>
  <style:font-decl style:name="Andale WT UI1" fo:font-family="&apos;Andale WT UI&apos;" style:font-style-name="Standard" style:font-family-generic="roman" style:font-pitch="variable"/>
  <style:font-decl style:name="Thorndale" fo:font-family="Thorndale" style:font-family-generic="roman" style:font-pitch="variable"/>
  <style:font-decl style:name="Times New Roman" fo:font-family="&apos;Times New Roman&apos;" style:font-style-name="Fett" style:font-family-generic="roman" style:font-pitch="variable"/>
  <style:font-decl style:name="Andale WT UI2" fo:font-family="&apos;Andale WT UI&apos;" style:font-family-generic="swiss" style:font-pitch="variable"/>
 </office:font-decls>
 <office:automatic-styles>
  <style:style style:name="P1" style:family="paragraph" style:parent-style-name="Paragraph" style:master-page-name="HTML">
   <style:properties style:page-number="0"/>
  </style:style>
  <style:style style:name="T1" style:family="text">
   <style:properties fo:font-weight="bold"/>
  </style:style>
 </office:automatic-styles>
 <office:body>
  <text:variable-decls>
   <text:variable-decl text:value-type="string" text:name="HTML_ON"/>
   <text:variable-decl text:value-type="string" text:name="HTML_OFF"/>
   <text:variable-decl text:value-type="string" text:name="TITEL"/>
   <text:variable-decl text:value-type="string" text:name="END"/>
   <text:variable-decl text:value-type="string" text:name="HREF"/>
   <text:variable-decl text:value-type="string" text:name="NAME"/>
   <text:variable-decl text:value-type="string" text:name="OS2"/>
   <text:variable-decl text:value-type="string" text:name="ELSE"/>
   <text:variable-decl text:value-type="string" text:name="HelpID"/>
   <text:variable-decl text:value-type="string" text:name="HFELD"/>
   <text:variable-decl text:value-type="string" text:name="MODIFY"/>
   <text:variable-decl text:value-type="string" text:name="REFNR"/>
   <text:variable-decl text:value-type="string" text:name="WIN"/>
   <text:variable-decl text:value-type="string" text:name="KEY"/>
   <text:variable-decl text:value-type="string" text:name="AKTHLP"/>
   <text:variable-decl text:value-type="string" text:name="INDEX"/>
   <text:variable-decl text:value-type="string" text:name="STYLE"/>
  </text:variable-decls>
  <text:sequence-decls>
   <text:sequence-decl text:display-outline-level="0" text:name="Illustration"/>
   <text:sequence-decl text:display-outline-level="0" text:name="Table"/>
   <text:sequence-decl text:display-outline-level="0" text:name="Text"/>
   <text:sequence-decl text:display-outline-level="0" text:name="Drawing"/>
  </text:sequence-decls>
  <help:to-be-embedded Eid="asitypo">
  <text:p text:style-name="Head 1"><help:key-word value="中日韩文字; 字体" tag="kw67877_1"/><help:key-word value="格式; 中日韩文字" tag="kw67877_5"/><help:key-word value="段落; 中日韩文字" tag="kw67877_4"/><help:key-word value="文字; 中日韩文字" tag="kw67877_3"/><help:key-word value="文字格式; 中日韩" tag="kw67877_2"/><help:link Id="67877">中日韩文字</help:link></text:p>
  <text:p text:style-name="Paragraph"><help:help-text value="visible">为文件中的<help:switch select="Program"><help:case select="CALC">单元格</help:case><help:default>段落</help:default></help:switch>设定中日韩文字选项。要启用中日韩语言支持，请选择 <text:span text:style-name="T1">[工具] - [选项] -“语言设定”-“语言”</text:span>，在<text:span text:style-name="T1">“支持中日韩语言”</text:span>区域中选择<text:span text:style-name="T1">“使用”</text:span>复选框。</help:help-text>HTML 文档中的中日韩文字选项不可用。</text:p>
  <help:embedded Id="65609" Eid="asiahinweis"></help:embedded>
  </help:to-be-embedded>
  <help:popup Id="65599" Eid="asitypo"><help:embedded Id="65598" Eid="wie"></help:embedded></help:popup>
  <text:p text:style-name="Head 2">换行</text:p>
  <text:p text:style-name="Paragraph">设定用于中日韩语言文档的换行选项。</text:p>
  <text:p text:style-name="Head 3"><help:help-id value="SVX_TRISTATEBOX_RID_SVXPAGE_PARA_ASIAN_CB_AS_FORBIDDEN"/>顾及行首行末禁止使用字符的列单</text:p>
  <text:p text:style-name="Paragraph"><help:help-text value="visible">禁止列单中的字符用于行首或行末。这些字符将被重置到上一行或下一行。要编辑受限字符的列单，请选择 <text:span text:style-name="T1">[工具] - [选项] -“语言设定”-</text:span><help:link Id="67897"><text:span text:style-name="T1">“中日韩版式”</text:span></help:link>。</help:help-text></text:p>
  <text:p text:style-name="Head 3"><help:help-id value="SVX_TRISTATEBOX_RID_SVXPAGE_PARA_ASIAN_CB_AS_HANG_PUNC"/>允许行末附加标点符号</text:p>
  <text:p text:style-name="Paragraph"><help:help-text value="visible">禁止逗号和句号被换行。即使这些字符已位于页边距中，也仍将被保留在行末。</help:help-text></text:p>
  <text:p text:style-name="Paragraph"><help:help-id value="SVX_TRISTATEBOX_RID_SVXPAGE_PARA_ASIAN_CB_AS_SCRIPT_SPACE"/>在中日韩文字和西文及混合文字之间加入空格</text:p>
  <text:p text:style-name="Paragraph"><help:help-text value="visible">在中日韩文字、西文字符和复杂字符之间插入空格。</help:help-text></text:p>
  <text:p text:style-name="ParaList"><help:embedded Id="65598" Eid="related"></help:embedded></text:p>
  <text:p text:style-name="ParaList"><help:link Id="67877"></help:link></text:p>
 </office:body>
</office:document>
