

<office:document  xmlns:office="http://openoffice.org/2000/office" xmlns:style="http://openoffice.org/2000/style" xmlns:text="http://openoffice.org/2000/text" xmlns:table="http://openoffice.org/2000/table" xmlns:draw="http://openoffice.org/2000/drawing" xmlns:fo="http://www.w3.org/1999/XSL/Format" xmlns:xlink="http://www.w3.org/1999/xlink" xmlns:number="http://openoffice.org/2000/datastyle" xmlns:svg="http://www.w3.org/2000/svg" xmlns:chart="http://openoffice.org/2000/chart" xmlns:dr3d="http://openoffice.org/2000/dr3d" xmlns:math="http://www.w3.org/1998/Math/MathML" xmlns:form="http://openoffice.org/2000/form" xmlns:script="http://openoffice.org/2000/script" office:class="text" office:version="1.0" xmlns:dc="http://purl.org/dc/elements/1.1/" xmlns:meta="http://openoffice.org/2000/meta" xmlns:help="http://openoffice.org/2000/help">
<office:meta>
  <dc:description>text/common/01/05030100</dc:description>
  <dc:subject>缩进和间隔</dc:subject>
  <meta:keywords>
   <meta:keyword>$Version</meta:keyword>
  </meta:keywords>
  <dc:language>zh-CN</dc:language>
  <meta:user-defined meta:name="Info 0">READY</meta:user-defined>
  <meta:user-defined meta:name="Info 1">FREE_OK</meta:user-defined>
  <meta:user-defined meta:name="Info 2"/>
  <meta:user-defined meta:name="Info 3"/>
</office:meta>
 <office:script/>
 <office:font-decls>
  <style:font-decl style:name="StarSymbol" fo:font-family="StarSymbol" style:font-charset="x-symbol"/>
  <style:font-decl style:name="Courier New" fo:font-family="&apos;Courier New&apos;" style:font-style-name="Standard" style:font-family-generic="modern" style:font-pitch="fixed"/>
  <style:font-decl style:name="Courier" fo:font-family="Courier" style:font-family-generic="roman" style:font-pitch="fixed"/>
  <style:font-decl style:name="Andale WT UI3" fo:font-family="&apos;Andale WT UI&apos;" style:font-pitch="variable"/>
  <style:font-decl style:name="Arial Unicode MS" fo:font-family="&apos;Arial Unicode MS&apos;" style:font-pitch="variable"/>
  <style:font-decl style:name="HG Mincho Light J" fo:font-family="&apos;HG Mincho Light J&apos;" style:font-pitch="variable"/>
  <style:font-decl style:name="Andale WT UI" fo:font-family="&apos;Andale WT UI&apos;" style:font-style-name="Fett" style:font-family-generic="roman" style:font-pitch="variable"/>
  <style:font-decl style:name="Andale WT UI1" fo:font-family="&apos;Andale WT UI&apos;" style:font-style-name="Standard" style:font-family-generic="roman" style:font-pitch="variable"/>
  <style:font-decl style:name="Thorndale" fo:font-family="Thorndale" style:font-family-generic="roman" style:font-pitch="variable"/>
  <style:font-decl style:name="Times New Roman" fo:font-family="&apos;Times New Roman&apos;" style:font-style-name="Fett" style:font-family-generic="roman" style:font-pitch="variable"/>
  <style:font-decl style:name="Andale WT UI2" fo:font-family="&apos;Andale WT UI&apos;" style:font-family-generic="swiss" style:font-pitch="variable"/>
 </office:font-decls>
 <office:automatic-styles>
  <style:style style:name="Tabelle8" style:family="table">
   <style:properties style:width="18cm" table:align="margins"/>
  </style:style>
  <style:style style:name="Tabelle8.A" style:family="table-column">
   <style:properties style:column-width="1.499cm" style:rel-column-width="5460*"/>
  </style:style>
  <style:style style:name="Tabelle8.B" style:family="table-column">
   <style:properties style:column-width="16.501cm" style:rel-column-width="60075*"/>
  </style:style>
  <style:style style:name="Tabelle8.1" style:family="table-row">
   <style:properties style:min-row-height="0.848cm"/>
  </style:style>
  <style:style style:name="Tabelle8.A1" style:family="table-cell">
   <style:properties fo:padding="0cm" fo:border="none"/>
  </style:style>
  <style:style style:name="Tabelle1" style:family="table">
   <style:properties style:width="18cm" table:align="margins"/>
  </style:style>
  <style:style style:name="Tabelle1.A" style:family="table-column">
   <style:properties style:column-width="1.499cm" style:rel-column-width="5460*"/>
  </style:style>
  <style:style style:name="Tabelle1.B" style:family="table-column">
   <style:properties style:column-width="16.501cm" style:rel-column-width="60075*"/>
  </style:style>
  <style:style style:name="Tabelle1.A1" style:family="table-cell">
   <style:properties fo:padding="0cm" fo:border="none"/>
  </style:style>
  <style:style style:name="Tabelle4" style:family="table">
   <style:properties style:width="18cm" table:align="margins"/>
  </style:style>
  <style:style style:name="Tabelle4.A" style:family="table-column">
   <style:properties style:column-width="1.501cm" style:rel-column-width="5466*"/>
  </style:style>
  <style:style style:name="Tabelle4.B" style:family="table-column">
   <style:properties style:column-width="16.499cm" style:rel-column-width="60069*"/>
  </style:style>
  <style:style style:name="Tabelle4.A1" style:family="table-cell">
   <style:properties fo:padding="0cm" fo:border="none"/>
  </style:style>
  <style:style style:name="Tabelle5" style:family="table">
   <style:properties style:width="17.955cm" fo:margin-left="0.046cm" fo:margin-right="0cm" table:align="margins"/>
  </style:style>
  <style:style style:name="Tabelle5.A" style:family="table-column">
   <style:properties style:column-width="1.482cm" style:rel-column-width="5409*"/>
  </style:style>
  <style:style style:name="Tabelle5.B" style:family="table-column">
   <style:properties style:column-width="16.473cm" style:rel-column-width="60126*"/>
  </style:style>
  <style:style style:name="Tabelle5.A1" style:family="table-cell">
   <style:properties fo:padding="0cm" fo:border="none"/>
  </style:style>
  <style:style style:name="Tabelle6" style:family="table">
   <style:properties style:width="18cm" table:align="margins"/>
  </style:style>
  <style:style style:name="Tabelle6.A" style:family="table-column">
   <style:properties style:column-width="1.501cm" style:rel-column-width="5466*"/>
  </style:style>
  <style:style style:name="Tabelle6.B" style:family="table-column">
   <style:properties style:column-width="16.499cm" style:rel-column-width="60069*"/>
  </style:style>
  <style:style style:name="Tabelle6.A1" style:family="table-cell">
   <style:properties fo:padding="0cm" fo:border="none"/>
  </style:style>
  <style:style style:name="Tabelle3" style:family="table">
   <style:properties style:width="18cm" table:align="margins"/>
  </style:style>
  <style:style style:name="Tabelle3.A" style:family="table-column">
   <style:properties style:column-width="1.499cm" style:rel-column-width="5460*"/>
  </style:style>
  <style:style style:name="Tabelle3.B" style:family="table-column">
   <style:properties style:column-width="16.501cm" style:rel-column-width="60075*"/>
  </style:style>
  <style:style style:name="Tabelle3.A1" style:family="table-cell">
   <style:properties fo:padding="0cm" fo:border="none"/>
  </style:style>
  <style:style style:name="P1" style:family="paragraph" style:parent-style-name="Paragraph" style:master-page-name="HTML">
   <style:properties style:page-number="0"/>
  </style:style>
  <style:style style:name="T1" style:family="text">
   <style:properties fo:font-weight="bold"/>
  </style:style>
  <style:style style:name="fr1" style:family="graphics" style:parent-style-name="Graphics">
   <style:properties fo:margin-left="0cm" fo:margin-right="0cm" fo:margin-top="0cm" fo:margin-bottom="0cm" style:run-through="foreground" style:wrap="run-through" style:vertical-pos="middle" style:vertical-rel="paragraph" style:horizontal-pos="left" style:horizontal-rel="paragraph" style:mirror="none" fo:clip="rect(0cm 0cm 0cm 0cm)" draw:luminance="0%" draw:contrast="0%" draw:red="0%" draw:green="0%" draw:blue="0%" draw:gamma="1" draw:color-inversion="false" draw:transparency="-100%" draw:color-mode="standard"/>
  </style:style>
  <style:style style:name="fr2" style:family="graphics" style:parent-style-name="Graphics">
   <style:properties style:run-through="foreground" style:wrap="run-through" style:vertical-pos="top" style:vertical-rel="paragraph" style:horizontal-pos="left" style:horizontal-rel="paragraph" style:mirror="none" fo:clip="rect(0cm 0cm 0cm 0cm)" draw:luminance="0%" draw:contrast="0%" draw:red="0%" draw:green="0%" draw:blue="0%" draw:gamma="1" draw:color-inversion="false" draw:transparency="-100%" draw:color-mode="standard"/>
  </style:style>
  <style:style style:name="fr3" style:family="graphics" style:parent-style-name="Graphics">
   <style:properties style:run-through="foreground" style:wrap="run-through" style:vertical-pos="middle" style:vertical-rel="paragraph" style:horizontal-pos="left" style:horizontal-rel="paragraph" style:mirror="none" fo:clip="rect(0cm 0cm 0cm 0cm)" draw:luminance="0%" draw:contrast="0%" draw:red="0%" draw:green="0%" draw:blue="0%" draw:gamma="1" draw:color-inversion="false" draw:transparency="-100%" draw:color-mode="standard"/>
  </style:style>
 </office:automatic-styles>
 <office:body>
  <text:variable-decls>
   <text:variable-decl text:value-type="string" text:name="HTML_ON"/>
   <text:variable-decl text:value-type="string" text:name="HTML_OFF"/>
   <text:variable-decl text:value-type="string" text:name="TITEL"/>
   <text:variable-decl text:value-type="string" text:name="END"/>
   <text:variable-decl text:value-type="string" text:name="MAC"/>
   <text:variable-decl text:value-type="string" text:name="ELSE"/>
   <text:variable-decl text:value-type="string" text:name="HREF"/>
   <text:variable-decl text:value-type="string" text:name="NAME"/>
   <text:variable-decl text:value-type="string" text:name="OS2"/>
   <text:variable-decl text:value-type="string" text:name="HelpID"/>
   <text:variable-decl text:value-type="string" text:name="HFELD"/>
   <text:variable-decl text:value-type="string" text:name="WIN"/>
   <text:variable-decl text:value-type="string" text:name="MODIFY"/>
   <text:variable-decl text:value-type="string" text:name="REFNR"/>
   <text:variable-decl text:value-type="string" text:name="KEY"/>
   <text:variable-decl text:value-type="string" text:name="INDEX"/>
   <text:variable-decl text:value-type="string" text:name="AKTHLP"/>
   <text:variable-decl text:value-type="string" text:name="STYLE"/>
  </text:variable-decls>
  <text:sequence-decls>
   <text:sequence-decl text:display-outline-level="0" text:name="Illustration"/>
   <text:sequence-decl text:display-outline-level="0" text:name="Table"/>
   <text:sequence-decl text:display-outline-level="0" text:name="Text"/>
   <text:sequence-decl text:display-outline-level="0" text:name="Drawing"/>
  </text:sequence-decls>
  <help:to-be-embedded Eid="einzuege">
  <text:p text:style-name="Head 1"><help:help-id value="HID_FORMAT_PARAGRAPH_STD"/><help:key-word value="缩进和间隔; 段落" tag="kw65801_1"/><help:link Id="65801">缩进和间隔</help:link></text:p>
  <text:p text:style-name="Paragraph"><help:help-text value="visible">设定段落的缩进选项和间隔选项。</help:help-text></text:p>
  <table:table table:name="Tabelle8" table:style-name="Tabelle8">
   <table:table-column table:style-name="Tabelle8.A"/>
   <table:table-column table:style-name="Tabelle8.B"/>
   <table:table-header-rows>
    <table:table-row table:style-name="Tabelle8.1">
     <table:table-cell table:style-name="Tabelle8.A1" table:value-type="string">
      <text:p text:style-name="Paragraph"><draw:image draw:name="图标0" svg:desc="备注图标" svg:pixelx="32" svg:pixely="32" svg:width="0.847cm" svg:height="0.847cm" xlink:href="65980" draw:filter-name=""/></text:p>

     </table:table-cell>
     <table:table-cell table:style-name="Tabelle8.A1" table:value-type="string">
      <text:p text:style-name="Paragraph">要更改用于此对话框的定量单位，请选择 <text:span text:style-name="T1">[工具] - [选项] -“文本文档”-“一般”</text:span>，然后在<text:span text:style-name="T1">“设定”</text:span>区域中选择新的定量单位。</text:p>
     </table:table-cell>
    </table:table-row>
   </table:table-header-rows>
  </table:table>
  </help:to-be-embedded>
  <help:switch select="Program"><help:case select="WRITER">
  <table:table table:name="Tabelle1" table:style-name="Tabelle1">
   <table:table-column table:style-name="Tabelle1.A"/>
   <table:table-column table:style-name="Tabelle1.B"/>
   <table:table-header-rows>
    <table:table-row>
     <table:table-cell table:style-name="Tabelle1.A1" table:value-type="string">
      <text:p text:style-name="Paragraph"><draw:image draw:name="图标1" svg:desc="提示图标" svg:pixelx="32" svg:pixely="32" svg:width="0.847cm" svg:height="0.847cm" xlink:href="66732" draw:filter-name=""/></text:p>

     </table:table-cell>
     <table:table-cell table:style-name="Tabelle1.A1" table:value-type="string">
      <text:p text:style-name="Paragraph">也可以使用<help:link Id="67570">标尺</help:link>设定缩进。要显示标尺，请选择 <text:span text:style-name="T1">[视图] - [标尺]</text:span>。</text:p>
     </table:table-cell>
    </table:table-row>
   </table:table-header-rows>
  </table:table>
  </help:case></help:switch>
  <text:p text:style-name="Paragraph">采用所做更改之前，可以预览更改。</text:p>
  <help:popup Id="65599" Eid="einzug"><help:embedded Id="65598" Eid="wie"></help:embedded></help:popup>
  <text:p text:style-name="Head 2"><help:key-word value="缩进; 段落" tag="kw65801_31"/><help:key-word value="段落; 缩进" tag="kw65801_30"/><help:key-word value="悬空缩进; 段落" tag="kw65801_29"/><help:key-word value="缩进; 文字" tag="kw65801_28"/><help:key-word value="文字; 段落缩进" tag="kw65801_27"/>缩进</text:p>
  <text:p text:style-name="Paragraph">指定左右页边距与段落之间的间隔。</text:p>
  <text:p text:style-name="Head 3"><help:help-id value="SVX_METRICFIELD_RID_SVXPAGE_STD_PARAGRAPH_ED_LEFTINDENT"/><help:key-word value="缩进; 段落左缩进" tag="kw65801_26"/><help:key-word value="段落; 左缩进" tag="kw65801_25"/><help:key-word value="缩进; 从左" tag="kw65801_24"/><a name="vonlinks"/>在文字之前</text:p>
  <text:p text:style-name="Paragraph"><help:switch select="Program"><help:case select="WRITER"><help:help-text value="visible">输入段落与左页边距之间的间隔。如果希望段落延伸至左页边距内，请输入负数。</help:help-text></help:case></help:switch></text:p>
  <text:p text:style-name="Paragraph"><help:switch select="Program"><help:case select="CALC"><help:help-text value="visible">输入段落与文字框左边缘之间要留出的间隔。</help:help-text></help:case></help:switch></text:p>
  <text:p text:style-name="Paragraph"><help:switch select="Program"><help:case select="DRAW"><help:help-text value="visible">输入段落与文字框左边缘之间的间隔。</help:help-text></help:case></help:switch></text:p>
  <text:p text:style-name="Paragraph"><help:switch select="Program"><help:case select="IMPRESS"><help:help-text value="visible">输入段落与文字框左边缘之间的间隔。</help:help-text></help:case></help:switch></text:p>
  <text:p text:style-name="Head 3"><help:help-id value="SVX_METRICFIELD_RID_SVXPAGE_STD_PARAGRAPH_ED_RIGHTINDENT"/><help:key-word value="右缩进; 段落" tag="kw65801_23"/><help:key-word value="段落; 右缩进" tag="kw65801_22"/><help:key-word value="缩进; 从右" tag="kw65801_21"/><a name="vonrechts"/>在文字之后</text:p>
  <text:p text:style-name="Paragraph"><help:switch select="Program"><help:case select="WRITER"><help:help-text value="visible">输入段落与右页边距之间的间隔。如果希望段落延伸至右页边距内，请输入负数。</help:help-text></help:case></help:switch></text:p>
  <text:p text:style-name="Paragraph"><help:switch select="Program"><help:case select="CALC"><help:help-text value="visible">输入段落与文字框右边缘之间要留出的间隔。</help:help-text></help:case></help:switch></text:p>
  <text:p text:style-name="Paragraph"><help:switch select="Program"><help:case select="DRAW"><help:help-text value="visible">输入段落与文字框右边缘之间的间隔。</help:help-text></help:case></help:switch></text:p>
  <text:p text:style-name="Paragraph"><help:switch select="Program"><help:case select="IMPRESS"><help:help-text value="visible">输入段落与文字框右边缘之间的间隔。</help:help-text></help:case></help:switch></text:p>
  <text:p text:style-name="Head 3"><help:help-id value="SVX_METRICFIELD_RID_SVXPAGE_STD_PARAGRAPH_ED_FLINEINDENT"/><help:key-word value="行; 缩进" tag="kw65801_20"/><help:key-word value="第一行; 缩进" tag="kw65801_19"/><help:key-word value="第一行; 突出" tag="kw65801_18"/><help:key-word value="突出; 第一行" tag="kw65801_17"/><help:key-word value="负缩进" tag="kw65801_16"/><a name="erstezeile"/>第一行</text:p>
  <text:p text:style-name="Paragraph"><help:help-text value="visible">按照输入的缩进量缩进段落的第一行。要缩进使用编号或项目符号的段落的第一行，请选择 <text:span text:style-name="T1">[格式] - [编号和项目编号]</text:span>，单击<text:span text:style-name="T1">“位置”</text:span>标签，然后在<text:span text:style-name="T1">“编号和正文之间的最少间隔”</text:span>框中输入相应的缩进量。</help:help-text></text:p>
  <text:p text:style-name="Head 3"><help:help-id value="SVX_CHECKBOX_RID_SVXPAGE_STD_PARAGRAPH_CB_AUTO"/><help:switch select="Program"><help:case select="WRITER"><help:key-word value="缩进; 自动" tag="kw65801_15"/>自动</help:case></help:switch></text:p>
  <text:p text:style-name="Paragraph"><help:switch select="Program"><help:case select="WRITER"><help:help-text value="visible">根据字体大小与行距大小自动缩进段落。<text:span text:style-name="T1">“第一行”</text:span>框中的设定将被忽略。</help:help-text></help:case></help:switch></text:p>
  <text:p text:style-name="Head 2"><a name="abstand"/><help:key-word value="间隔; 段落" tag="kw65801_14"/><help:key-word value="间隔; 段落和注脚之间" tag="kw65801_13"/><help:key-word value="注脚; 段落间的间隔" tag="kw65801_12"/><help:key-word value="段落; 间隔" tag="kw65801_11"/><help:key-word value="段落间隔; 注脚" tag="kw65801_10"/>间隔</text:p>
  <text:p text:style-name="Paragraph">指定选定段落之间的间隔。</text:p>
  <text:p text:style-name="Head 3"><help:help-id value="SVX_METRICFIELD_RID_SVXPAGE_STD_PARAGRAPH_ED_TOPDIST"/>在段落之前</text:p>
  <text:p text:style-name="Paragraph"><help:help-text value="visible">输入选定段落上方要留出的间隔。</help:help-text></text:p>
  <help:switch select="Program"><help:case select="DRAW"><help:embedded Id="65609" Eid="textobjektleiste"></help:embedded></help:case></help:switch>
  <help:switch select="Program"><help:case select="DRAW"><help:embedded Id="65941" Eid="syabstanderhoehen"></help:embedded></help:case></help:switch>
  <help:switch select="Program"><help:case select="DRAW"><help:embedded Id="65927" Eid="syabstandvermindern"></help:embedded></help:case></help:switch>
  <help:switch select="Program"><help:case select="IMPRESS"><help:embedded Id="65609" Eid="textobjektleiste"></help:embedded></help:case></help:switch>
  <help:switch select="Program"><help:case select="IMPRESS"><help:embedded Id="65941" Eid="syabstanderhoehen"></help:embedded></help:case></help:switch>
  <help:switch select="Program"><help:case select="IMPRESS"><help:embedded Id="65927" Eid="syabstandvermindern"></help:embedded></help:case></help:switch>
  <text:p text:style-name="Head 3"><help:help-id value="SVX_METRICFIELD_RID_SVXPAGE_STD_PARAGRAPH_ED_BOTTOMDIST"/>在段落之后</text:p>
  <text:p text:style-name="Paragraph"><help:help-text value="visible">输入选定段落下方要留出的间隔。</help:help-text></text:p>
  <text:p text:style-name="Head 2"><help:help-id value="SVX_LISTBOX_RID_SVXPAGE_STD_PARAGRAPH_LB_LINEDIST"/><help:key-word value="行距; 段落" tag="kw65801_9"/><help:key-word value="间隔; 行" tag="kw65801_8"/><help:key-word value="单行间隔; 段落" tag="kw65801_7"/><help:key-word value="1.5行间隔; 段落" tag="kw65801_6"/><help:key-word value="双行间隔; 段落" tag="kw65801_5"/>行距</text:p>
  <text:p text:style-name="Paragraph"><help:help-text value="visible">指定段落中文字的行距。</help:help-text></text:p>
  <text:p text:style-name="Head 3"><a name="einzeilig"/>单行</text:p>
  <text:p text:style-name="Paragraph"><help:to-be-embedded Eid="einzeiligtext">当前段落采用单行行距。这是默认设定。</help:to-be-embedded></text:p>
  <help:switch select="System"><help:case select ="MAC"></help:case><help:default>
  <table:table table:name="Tabelle4" table:style-name="Tabelle4">
   <table:table-column table:style-name="Tabelle4.A"/>
   <table:table-column table:style-name="Tabelle4.B"/>
   <table:table-header-rows>
    <table:table-row>
     <table:table-cell table:style-name="Tabelle4.A1" table:value-type="string">
      <text:p text:style-name="Paragraph"><draw:image draw:name="图标2" svg:desc="提示图标" svg:pixelx="32" svg:pixely="32" svg:width="0.847cm" svg:height="0.847cm" xlink:href="66732" draw:filter-name=""/></text:p>

     </table:table-cell>
     <table:table-cell table:style-name="Tabelle4.A1" table:value-type="string">
      <text:p text:style-name="Paragraph">要快速采用单行行距，请将光标置于段落中，然后按 Ctrl+1 键。</text:p>
     </table:table-cell>
    </table:table-row>
   </table:table-header-rows>
  </table:table>
  </help:default></help:switch>
  <text:p text:style-name="Head 3"><a name="eineinhalbzeilig"/>1.5行</text:p>
  <text:p text:style-name="Paragraph"><help:to-be-embedded Eid="eineinhalbzeiligtext">将行距设为 1.5 行。此设定表示两行之间的垂直间隔是字体高度的一半。</help:to-be-embedded></text:p>
  <help:switch select="System"><help:case select ="MAC"></help:case><help:default>
  <table:table table:name="Tabelle5" table:style-name="Tabelle5">
   <table:table-column table:style-name="Tabelle5.A"/>
   <table:table-column table:style-name="Tabelle5.B"/>
   <table:table-header-rows>
    <table:table-row>
     <table:table-cell table:style-name="Tabelle5.A1" table:value-type="string">
      <text:p text:style-name="Paragraph"><draw:image draw:name="图标3" svg:desc="提示图标" svg:pixelx="32" svg:pixely="32" svg:width="0.847cm" svg:height="0.847cm" xlink:href="66732" draw:filter-name=""/></text:p>

     </table:table-cell>
     <table:table-cell table:style-name="Tabelle5.A1" table:value-type="string">
      <text:p text:style-name="Paragraph">要快速采用 1.5 行行距，请将光标置于段落中，然后按 Ctrl+5 键。</text:p>
     </table:table-cell>
    </table:table-row>
   </table:table-header-rows>
  </table:table>
  </help:default></help:switch>
  <text:p text:style-name="Head 3"><a name="zweizeilig"/>双行</text:p>
  <text:p text:style-name="Paragraph"><help:to-be-embedded Eid="zweizeiligtext">将行距设定为双行。即相当于字体高度的一段垂直方向距离。</help:to-be-embedded></text:p>
  <help:switch select="System"><help:case select ="MAC"></help:case><help:default>
  <table:table table:name="Tabelle6" table:style-name="Tabelle6">
   <table:table-column table:style-name="Tabelle6.A"/>
   <table:table-column table:style-name="Tabelle6.B"/>
   <table:table-header-rows>
    <table:table-row>
     <table:table-cell table:style-name="Tabelle6.A1" table:value-type="string">
      <text:p text:style-name="Paragraph"><draw:image draw:name="图标4" svg:desc="提示图标" svg:pixelx="32" svg:pixely="32" svg:width="0.847cm" svg:height="0.847cm" xlink:href="66732" draw:filter-name=""/></text:p>

     </table:table-cell>
     <table:table-cell table:style-name="Tabelle6.A1" table:value-type="string">
      <text:p text:style-name="Paragraph">要快速采用双行行距，请将光标置于段落中，然后按 Ctrl+2 键。</text:p>
     </table:table-cell>
    </table:table-row>
   </table:table-header-rows>
  </table:table>
  </help:default></help:switch>
  <help:switch select="Program"><help:case select="WRITER">
  <text:p text:style-name="Head 3">成比例</text:p>
  <text:p text:style-name="Paragraph">选择此选项，然后在框中输入百分比数值，其中 100% 相当于单行行距。</text:p>
  <text:p text:style-name="Head 3">至少</text:p>
  <text:p text:style-name="Paragraph">将最小行距设定为框中所输入的值。</text:p>
  <table:table table:name="Tabelle3" table:style-name="Tabelle3">
   <table:table-column table:style-name="Tabelle3.A"/>
   <table:table-column table:style-name="Tabelle3.B"/>
   <table:table-header-rows>
    <table:table-row>
     <table:table-cell table:style-name="Tabelle3.A1" table:value-type="string">
      <text:p text:style-name="Paragraph"><draw:image draw:name="图标5" svg:desc="提示图标" svg:pixelx="32" svg:pixely="32" svg:width="0.847cm" svg:height="0.847cm" xlink:href="66732" draw:filter-name=""/></text:p>

     </table:table-cell>
     <table:table-cell table:style-name="Tabelle3.A1" table:value-type="string">
      <text:p text:style-name="Paragraph">如果在一个段落内部使用不同大小的字体，那么<help:productname>%PRODUCTNAME</help:productname>将根据所使用的最大字体自动调整行距。如果您更喜欢要所有的行距保持相等，便可以在行距为<text:span text:style-name="T1">至少</text:span>时设定一个对于所使用的最大字体也足够高的值。</text:p>
     </table:table-cell>
    </table:table-row>
   </table:table-header-rows>
  </table:table>
  <text:p text:style-name="Head 3"><help:key-word value="行距; 段落之间" tag="kw65801_4"/>行距</text:p>
  <text:p text:style-name="Paragraph">设定两行之间所插入的垂直间隔的高度。</text:p>
  </help:case></help:switch>
  <text:p text:style-name="Head 3"><help:switch select="Program"><help:case select="WRITER">固定</help:case></help:switch></text:p>
  <text:p text:style-name="Paragraph"><help:switch select="Program"><help:case select="WRITER">将行距设定为完全等于框中输入的数值，这可能导致字符被裁剪。</help:case></help:switch></text:p>
  <text:p text:style-name="Head 3"><help:help-id value="SVX_METRICFIELD_RID_SVXPAGE_STD_PARAGRAPH_ED_LINEDISTPERCENT"/><help:help-id value="SVX_METRICFIELD_RID_SVXPAGE_STD_PARAGRAPH_ED_LINEDISTMETRIC"/>由</text:p>
  <text:p text:style-name="Paragraph"><help:help-text value="visible">输入行距的值。</help:help-text></text:p>
  <help:embedded Id="65630" Eid="vorschau"></help:embedded>
  <text:p text:style-name="Head 2"><help:switch select="Program"><help:case select="WRITER"><help:key-word value="正反页的行距相等; 段落" tag="kw65801_3"/><help:key-word value="行; 对齐" tag="kw65801_2"/>正反页的行距相等</help:case></help:switch></text:p>
  <text:p text:style-name="Head 3"><help:help-id value="SVX_CHECKBOX_RID_SVXPAGE_STD_PARAGRAPH_CB_REGISTER"/><help:switch select="Program"><help:case select="WRITER">顾及</help:case></help:switch></text:p>
  <text:p text:style-name="Paragraph"><help:switch select="Program"><help:case select="WRITER"><help:help-text value="visible">将每行文字的基准线与垂直的文档网格对齐，使每行高度相同。要使用此功能，必须先为当前的页面样式启动<text:span text:style-name="T1">“正反页的行距相等”</text:span>选项。而要启动此选项，请选择 <text:span text:style-name="T1">[格式] - [页]</text:span>，单击<text:span text:style-name="T1">“页”</text:span>选项卡，然后选择<text:span text:style-name="T1">“设定版式”</text:span>区域中的<text:span text:style-name="T1">“正反页的行距相等”</text:span>复选框。</help:help-text></help:case></help:switch></text:p>
  <text:p text:style-name="ParaList"><help:embedded Id="65598" Eid="related"></help:embedded></text:p>
  <text:p text:style-name="ParaList"><help:popup Id="65619" Eid="registerhaltigkeit"></help:popup></text:p>
 </office:body>
</office:document>
