

<office:document  xmlns:office="http://openoffice.org/2000/office" xmlns:style="http://openoffice.org/2000/style" xmlns:text="http://openoffice.org/2000/text" xmlns:table="http://openoffice.org/2000/table" xmlns:draw="http://openoffice.org/2000/drawing" xmlns:fo="http://www.w3.org/1999/XSL/Format" xmlns:xlink="http://www.w3.org/1999/xlink" xmlns:number="http://openoffice.org/2000/datastyle" xmlns:svg="http://www.w3.org/2000/svg" xmlns:chart="http://openoffice.org/2000/chart" xmlns:dr3d="http://openoffice.org/2000/dr3d" xmlns:math="http://www.w3.org/1998/Math/MathML" xmlns:form="http://openoffice.org/2000/form" xmlns:script="http://openoffice.org/2000/script" office:class="text" office:version="1.0" xmlns:dc="http://purl.org/dc/elements/1.1/" xmlns:meta="http://openoffice.org/2000/meta" xmlns:help="http://openoffice.org/2000/help">
<office:meta>
  <dc:description>text/common/01/05210500</dc:description>
  <dc:subject>位图</dc:subject>

  <dc:language>zh-CN</dc:language>
  <meta:user-defined meta:name="Info 0">READY</meta:user-defined>
  <meta:user-defined meta:name="Info 1">FREE_OK</meta:user-defined>
  <meta:user-defined meta:name="Info 2"/>
  <meta:user-defined meta:name="Info 3"/>
</office:meta>
 <office:script/>
 <office:font-decls>
  <style:font-decl style:name="StarSymbol" fo:font-family="StarSymbol" style:font-charset="x-symbol"/>
  <style:font-decl style:name="Courier New" fo:font-family="&apos;Courier New&apos;" style:font-style-name="Standard" style:font-family-generic="modern" style:font-pitch="fixed"/>
  <style:font-decl style:name="Courier" fo:font-family="Courier" style:font-family-generic="roman" style:font-pitch="fixed"/>
  <style:font-decl style:name="Andale WT UI3" fo:font-family="&apos;Andale WT UI&apos;" style:font-pitch="variable"/>
  <style:font-decl style:name="Arial Unicode MS" fo:font-family="&apos;Arial Unicode MS&apos;" style:font-pitch="variable"/>
  <style:font-decl style:name="HG Mincho Light J" fo:font-family="&apos;HG Mincho Light J&apos;" style:font-pitch="variable"/>
  <style:font-decl style:name="Andale WT UI" fo:font-family="&apos;Andale WT UI&apos;" style:font-style-name="Fett" style:font-family-generic="roman" style:font-pitch="variable"/>
  <style:font-decl style:name="Andale WT UI1" fo:font-family="&apos;Andale WT UI&apos;" style:font-style-name="Standard" style:font-family-generic="roman" style:font-pitch="variable"/>
  <style:font-decl style:name="Thorndale" fo:font-family="Thorndale" style:font-family-generic="roman" style:font-pitch="variable"/>
  <style:font-decl style:name="Times New Roman" fo:font-family="&apos;Times New Roman&apos;" style:font-style-name="Fett" style:font-family-generic="roman" style:font-pitch="variable"/>
  <style:font-decl style:name="Andale WT UI2" fo:font-family="&apos;Andale WT UI&apos;" style:font-family-generic="swiss" style:font-pitch="variable"/>
 </office:font-decls>
 <office:automatic-styles>
  <style:style style:name="P1" style:family="paragraph" style:parent-style-name="Paragraph" style:master-page-name="HTML">
   <style:properties style:page-number="0"/>
  </style:style>
  <style:style style:name="T1" style:family="text">
   <style:properties fo:font-weight="bold"/>
  </style:style>
 </office:automatic-styles>
 <office:body>
  <text:variable-decls>
   <text:variable-decl text:value-type="string" text:name="HTML_ON"/>
   <text:variable-decl text:value-type="string" text:name="HTML_OFF"/>
   <text:variable-decl text:value-type="string" text:name="TITEL"/>
   <text:variable-decl text:value-type="string" text:name="END"/>
   <text:variable-decl text:value-type="string" text:name="HREF"/>
   <text:variable-decl text:value-type="string" text:name="OS2"/>
   <text:variable-decl text:value-type="string" text:name="ELSE"/>
   <text:variable-decl text:value-type="string" text:name="MAC"/>
   <text:variable-decl text:value-type="string" text:name="NAME"/>
   <text:variable-decl text:value-type="string" text:name="HelpID"/>
   <text:variable-decl text:value-type="string" text:name="MODIFY"/>
   <text:variable-decl text:value-type="string" text:name="REFNR"/>
   <text:variable-decl text:value-type="string" text:name="KEY"/>
   <text:variable-decl text:value-type="string" text:name="AKTHLP"/>
   <text:variable-decl text:value-type="string" text:name="INDEX"/>
   <text:variable-decl text:value-type="string" text:name="STYLE"/>
  </text:variable-decls>
  <text:sequence-decls>
   <text:sequence-decl text:display-outline-level="0" text:name="Illustration"/>
   <text:sequence-decl text:display-outline-level="0" text:name="Table"/>
   <text:sequence-decl text:display-outline-level="0" text:name="Text"/>
   <text:sequence-decl text:display-outline-level="0" text:name="Drawing"/>
  </text:sequence-decls>
  <help:to-be-embedded Eid="bitmapmuster">
  <text:p text:style-name="Head 1"><help:help-id value="HID_AREA_BITMAP"/><help:key-word value="位图; 图案" tag="kw65668_1"/><help:key-word value="平面; 位图图案" tag="kw65668_8"/><help:key-word value="图案; 平面" tag="kw65668_7"/><help:key-word value="平面; 图案" tag="kw65668_6"/><help:key-word value="像素图案; 平面" tag="kw65668_5"/><help:key-word value="平面; 像素图案" tag="kw65668_4"/><help:link Id="65668">位图</help:link></text:p>
  <text:p text:style-name="Paragraph"><help:help-text value="visible">选择要作为充填图案使用的位图，或者建立自定像素图案。还可以输入位图，或者存盘或装入位图列单。</help:help-text></text:p>
  </help:to-be-embedded>
  <help:popup Id="65593" Eid="bitmap"><help:embedded Id="65598" Eid="wie"></help:embedded></help:popup>
  <text:p text:style-name="Head 2"><help:key-word value="像素编辑器" tag="kw65668_3"/><help:key-word value="图案编辑器" tag="kw65668_2"/>图案编辑器</text:p>
  <text:p text:style-name="Paragraph">使用此编辑器可以建立一个具有两种颜色的 8x8 像素的简单位图图案。</text:p>
  <text:p text:style-name="Head 2">列表</text:p>
  <text:p text:style-name="Paragraph">默认的位图图案列表可作为您自建的像素图案的基础。可以改变像素图案或新增您自己设计的像素图案。</text:p>
  <text:p text:style-name="Head 3"><help:help-id value="SVX_LISTBOX_RID_SVXPAGE_BITMAP_LB_COLOR"/>前景颜色</text:p>
  <text:p text:style-name="Paragraph"><help:help-text value="visible">选择一种前景颜色，然后在网格内单击以将像素加入到图案中。</help:help-text></text:p>
  <text:p text:style-name="Head 3"><help:help-id value="SVX_LISTBOX_RID_SVXPAGE_BITMAP_LB_BACKGROUND_COLOR"/>背景颜色</text:p>
  <text:p text:style-name="Paragraph"><help:help-text value="visible">选择位图图案的背景颜色。</help:help-text></text:p>
  <text:p text:style-name="Head 2"><help:help-id value="SVX_LISTBOX_RID_SVXPAGE_BITMAP_LB_BITMAPS"/>位图图案</text:p>
  <text:p text:style-name="Paragraph"><help:help-text value="visible">从列单中选择一个位图，然后单击<text:span text:style-name="T1">“确定”</text:span>以对选定的对象采用该图案。</help:help-text></text:p>
  <text:p text:style-name="Head 2"><help:help-id value="SVX_PUSHBUTTON_RID_SVXPAGE_BITMAP_BTN_ADD"/>新增</text:p>
  <text:p text:style-name="Paragraph"><help:help-text value="visible">将<text:span text:style-name="T1">“图案编辑器”</text:span>中建立的位图加入到当前列单中。</help:help-text></text:p>
  <text:p text:style-name="Head 2"><help:help-id value="SVX_PUSHBUTTON_RID_SVXPAGE_BITMAP_BTN_MODIFY"/>更改</text:p>
  <text:p text:style-name="Paragraph"><help:help-text value="visible">用当前的位图图案替换通过<text:span text:style-name="T1">“图案编辑器”</text:span>建立的位图。如果需要，可以用不同的名称存盘该图案。</help:help-text></text:p>
  <text:p text:style-name="Head 2"><help:help-id value="SVX_PUSHBUTTON_RID_SVXPAGE_BITMAP_BTN_IMPORT"/>输入</text:p>
  <text:p text:style-name="Paragraph"><help:help-text value="visible">找到要输入的位图，然后单击<text:span text:style-name="T1">“打开”</text:span>。该位图将被加入到可用位图列单的末尾。</help:help-text></text:p>
  <help:help-id value="SVX_PUSHBUTTON_RID_SVXPAGE_BITMAP_BTN_DELETE"/><help:embedded Id="65630" Eid="loeschen"></help:embedded>
  <help:embedded Id="65630" Eid="vorschau"></help:embedded>
  <text:p text:style-name="Head 2"><help:help-id value="SVX_IMAGEBUTTON_RID_SVXPAGE_BITMAP_BTN_LOAD"/>装入位图列表</text:p>
  <text:p text:style-name="Paragraph"><help:help-text value="visible">装入其他位图列单。</help:help-text></text:p>
  <text:p text:style-name="Head 2"><help:help-id value="SVX_IMAGEBUTTON_RID_SVXPAGE_BITMAP_BTN_SAVE"/>位图列表存盘</text:p>
  <text:p text:style-name="Paragraph"><help:help-text value="visible">存盘当前的位图列单，以供日后装入。</help:help-text></text:p>
 </office:body>
</office:document>
