

<office:document  xmlns:office="http://openoffice.org/2000/office" xmlns:style="http://openoffice.org/2000/style" xmlns:text="http://openoffice.org/2000/text" xmlns:table="http://openoffice.org/2000/table" xmlns:draw="http://openoffice.org/2000/drawing" xmlns:fo="http://www.w3.org/1999/XSL/Format" xmlns:xlink="http://www.w3.org/1999/xlink" xmlns:number="http://openoffice.org/2000/datastyle" xmlns:svg="http://www.w3.org/2000/svg" xmlns:chart="http://openoffice.org/2000/chart" xmlns:dr3d="http://openoffice.org/2000/dr3d" xmlns:math="http://www.w3.org/1998/Math/MathML" xmlns:form="http://openoffice.org/2000/form" xmlns:script="http://openoffice.org/2000/script" office:class="text" office:version="1.0" xmlns:dc="http://purl.org/dc/elements/1.1/" xmlns:meta="http://openoffice.org/2000/meta" xmlns:help="http://openoffice.org/2000/help">
<office:meta>
  <dc:description>text/common/01/05230100</dc:description>
  <dc:subject>位置和大小</dc:subject>

  <dc:language>zh-CN</dc:language>
  <meta:user-defined meta:name="Info 0">READY</meta:user-defined>
  <meta:user-defined meta:name="Info 1">FREE_OK</meta:user-defined>
  <meta:user-defined meta:name="Info 2"/>
  <meta:user-defined meta:name="Info 3"/>
</office:meta>
 <office:script/>
 <office:font-decls>
  <style:font-decl style:name="StarSymbol" fo:font-family="StarSymbol" style:font-charset="x-symbol"/>
  <style:font-decl style:name="Courier New" fo:font-family="&apos;Courier New&apos;" style:font-style-name="Standard" style:font-family-generic="modern" style:font-pitch="fixed"/>
  <style:font-decl style:name="Courier" fo:font-family="Courier" style:font-family-generic="roman" style:font-pitch="fixed"/>
  <style:font-decl style:name="Andale WT UI3" fo:font-family="&apos;Andale WT UI&apos;" style:font-pitch="variable"/>
  <style:font-decl style:name="Arial Unicode MS" fo:font-family="&apos;Arial Unicode MS&apos;" style:font-pitch="variable"/>
  <style:font-decl style:name="HG Mincho Light J" fo:font-family="&apos;HG Mincho Light J&apos;" style:font-pitch="variable"/>
  <style:font-decl style:name="Andale WT UI" fo:font-family="&apos;Andale WT UI&apos;" style:font-style-name="Fett" style:font-family-generic="roman" style:font-pitch="variable"/>
  <style:font-decl style:name="Andale WT UI1" fo:font-family="&apos;Andale WT UI&apos;" style:font-style-name="Standard" style:font-family-generic="roman" style:font-pitch="variable"/>
  <style:font-decl style:name="Thorndale" fo:font-family="Thorndale" style:font-family-generic="roman" style:font-pitch="variable"/>
  <style:font-decl style:name="Times New Roman" fo:font-family="&apos;Times New Roman&apos;" style:font-style-name="Fett" style:font-family-generic="roman" style:font-pitch="variable"/>
  <style:font-decl style:name="Andale WT UI2" fo:font-family="&apos;Andale WT UI&apos;" style:font-family-generic="swiss" style:font-pitch="variable"/>
 </office:font-decls>
 <office:automatic-styles>
  <style:style style:name="P1" style:family="paragraph" style:parent-style-name="Paragraph" style:master-page-name="HTML">
   <style:properties style:page-number="0"/>
  </style:style>
  <style:style style:name="T1" style:family="text">
   <style:properties fo:font-weight="bold"/>
  </style:style>
 </office:automatic-styles>
 <office:body>
  <text:variable-decls>
   <text:variable-decl text:value-type="string" text:name="HTML_ON"/>
   <text:variable-decl text:value-type="string" text:name="HTML_OFF"/>
   <text:variable-decl text:value-type="string" text:name="TITEL"/>
   <text:variable-decl text:value-type="string" text:name="END"/>
   <text:variable-decl text:value-type="string" text:name="HREF"/>
   <text:variable-decl text:value-type="string" text:name="OS2"/>
   <text:variable-decl text:value-type="string" text:name="ELSE"/>
   <text:variable-decl text:value-type="string" text:name="NAME"/>
   <text:variable-decl text:value-type="string" text:name="HelpID"/>
   <text:variable-decl text:value-type="string" text:name="MODIFY"/>
   <text:variable-decl text:value-type="string" text:name="REFNR"/>
   <text:variable-decl text:value-type="string" text:name="HFELD"/>
   <text:variable-decl text:value-type="string" text:name="WIN"/>
   <text:variable-decl text:value-type="string" text:name="KEY"/>
   <text:variable-decl text:value-type="string" text:name="AKTHLP"/>
   <text:variable-decl text:value-type="string" text:name="INDEX"/>
   <text:variable-decl text:value-type="string" text:name="STYLE"/>
  </text:variable-decls>
  <text:sequence-decls>
   <text:sequence-decl text:display-outline-level="0" text:name="Illustration"/>
   <text:sequence-decl text:display-outline-level="0" text:name="Table"/>
   <text:sequence-decl text:display-outline-level="0" text:name="Text"/>
   <text:sequence-decl text:display-outline-level="0" text:name="Drawing"/>
  </text:sequence-decls>
  <help:to-be-embedded Eid="position">
  <text:p text:style-name="Head 1"><help:key-word value="定位; 绘图对象" tag="kw65734_1"/><help:key-word value="绘图对象; 定位" tag="kw65734_9"/><help:key-word value="控制; 定位" tag="kw65734_8"/><help:key-word value="定位; 控制" tag="kw65734_7"/><help:key-word value="大小; 绘图对象" tag="kw65734_6"/><help:key-word value="绘图对象; 大小" tag="kw65734_5"/><help:key-word value="控制; 大小" tag="kw65734_4"/><help:link Id="65734">位置和大小</help:link></text:p>
  <text:p text:style-name="Paragraph"><help:help-text value="visible">更改选定对象的大小，或者移动该对象。</help:help-text></text:p>
  </help:to-be-embedded>
  <help:popup Id="65593" Eid="position2"><help:embedded Id="65598" Eid="wie"></help:embedded></help:popup>
  <text:p text:style-name="Head 2">位置</text:p>
  <text:p text:style-name="Paragraph">指定选定对象在页面上的位置。</text:p>
  <text:p text:style-name="Head 3"><help:help-id value="SVX_METRICFIELD_RID_SVXPAGE_POSITION_SIZE_MTR_FLD_POS_X"/>位置 X</text:p>
  <text:p text:style-name="Paragraph"><help:help-text value="visible">输入对象相对于网格中选定基点要移动的横向距离。</help:help-text></text:p>
  <text:p text:style-name="Head 3"><help:help-id value="SVX_METRICFIELD_RID_SVXPAGE_POSITION_SIZE_MTR_FLD_POS_Y"/>位置 Y</text:p>
  <text:p text:style-name="Paragraph"><help:help-text value="visible">输入对象相对于网格中选定基点要移动的纵向距离。</help:help-text></text:p>
  <text:p text:style-name="Head 3"><help:help-id value="HID_TPPOSITION_CTRL"/>基点</text:p>
  <text:p text:style-name="Paragraph"><help:help-text value="visible">单击网格中的基点，然后在<text:span text:style-name="T1">“位置 Y”</text:span>和<text:span text:style-name="T1">“位置 X”</text:span>框中输入对象相对于选定基点的移动量。基点相当于对象上的选择控点。</help:help-text></text:p>
  <text:p text:style-name="Head 2">大小</text:p>
  <text:p text:style-name="Paragraph">指定选定对象相对于选定基点更改的大小。</text:p>
  <text:p text:style-name="Head 3"><help:help-id value="SVX_METRICFIELD_RID_SVXPAGE_POSITION_SIZE_MTR_FLD_WIDTH"/>宽度</text:p>
  <text:p text:style-name="Paragraph"><help:help-text value="visible">输入选定对象的宽度。</help:help-text></text:p>
  <text:p text:style-name="Head 3"><help:help-id value="SVX_METRICFIELD_RID_SVXPAGE_POSITION_SIZE_MTR_FLD_HEIGHT"/>高度</text:p>
  <text:p text:style-name="Paragraph"><help:help-text value="visible">输入选定对象的高度。</help:help-text></text:p>
  <text:p text:style-name="Head 3"><help:help-id value="SVX_CHECKBOX_RID_SVXPAGE_POSITION_SIZE_CBX_SCALE"/>调整</text:p>
  <text:p text:style-name="Paragraph"><help:help-text value="visible">更改选定对象的大小时比例保持不变。</help:help-text></text:p>
  <text:p text:style-name="Head 3"><help:help-id value="HID_TPSIZE_CTRL"/>基点</text:p>
  <text:p text:style-name="Paragraph"><help:help-text value="visible">单击网格中的基点，然后在<text:span text:style-name="T1">“宽度”</text:span>和<text:span text:style-name="T1">“高度”</text:span>框中输入选定对象的新尺寸大小。</help:help-text></text:p>
  <text:p text:style-name="Head 2">保护</text:p>
  <text:p text:style-name="Head 3"><help:help-id value="SVX_TRISTATEBOX_RID_SVXPAGE_POSITION_SIZE_TSB_POSPROTECT"/>位置</text:p>
  <text:p text:style-name="Paragraph"><help:help-text value="visible">防止更改选定对象的位置或大小。</help:help-text></text:p>
  <text:p text:style-name="Head 3"><help:help-id value="SVX_TRISTATEBOX_RID_SVXPAGE_POSITION_SIZE_TSB_SIZEPROTECT"/>大小</text:p>
  <text:p text:style-name="Paragraph"><help:help-text value="visible">防止更改对象的大小。</help:help-text></text:p>
  <text:p text:style-name="Head 2"><help:switch select="Program"><help:case select="WRITER"><help:key-word value="锁定; 绘图对象" tag="kw65734_3"/><help:key-word value="绘图对象; 锁定" tag="kw65734_2"/>锁定</help:case></help:switch></text:p>
  <text:p text:style-name="Paragraph"><help:switch select="Program"><help:case select="WRITER">设定选定对象的锁定选项。</help:case></help:switch></text:p>
  <text:p text:style-name="Head 3"><help:help-id value="SVX_LISTBOX_RID_SVXPAGE_POSITION_SIZE_LB_ANCHOR"/><help:switch select="Program"><help:case select="WRITER">标记</help:case></help:switch></text:p>
  <text:p text:style-name="Paragraph"><help:help-text value="visible"><help:switch select="Program"><help:case select="WRITER">选择用于选定对象的锁定类型。</help:case></help:switch></help:help-text></text:p>
  <text:p text:style-name="Head 3"><help:help-id value="SVX_LISTBOX_RID_SVXPAGE_POSITION_SIZE_LB_ORIENT"/><help:switch select="Program"><help:case select="WRITER">位置</help:case></help:switch></text:p>
  <text:p text:style-name="Paragraph"><help:help-text value="visible"><help:switch select="Program"><help:case select="WRITER">根据字符高度指定锁定位置。</help:case></help:switch></help:help-text></text:p>
  <text:p text:style-name="Head 2">调整</text:p>
  <text:p text:style-name="Paragraph">相对于选定对象的边框更改绘图对象中文字的大小。</text:p>
  <text:p text:style-name="Head 3"><help:help-id value="SVX_TRISTATEBOX_RID_SVXPAGE_POSITION_SIZE_TSB_AUTOGROW_WIDTH"/>和文字宽度对应</text:p>
  <text:p text:style-name="Paragraph"><help:help-text value="visible">根据选定对象的宽度更改文字大小。</help:help-text></text:p>
  <text:p text:style-name="Head 3"><help:help-id value="SVX_TRISTATEBOX_RID_SVXPAGE_POSITION_SIZE_TSB_AUTOGROW_HEIGHT"/>和文字高度对应</text:p>
  <text:p text:style-name="Paragraph"><help:help-text value="visible">根据选定对象的高度更改文字大小。</help:help-text></text:p>
  <text:p text:style-name="ParaList"><help:embedded Id="65598" Eid="related"></help:embedded></text:p>
  <text:p text:style-name="ParaList"><help:link Id="65783"></help:link></text:p>
 </office:body>
</office:document>
