

<office:document  xmlns:office="http://openoffice.org/2000/office" xmlns:style="http://openoffice.org/2000/style" xmlns:text="http://openoffice.org/2000/text" xmlns:table="http://openoffice.org/2000/table" xmlns:draw="http://openoffice.org/2000/drawing" xmlns:fo="http://www.w3.org/1999/XSL/Format" xmlns:xlink="http://www.w3.org/1999/xlink" xmlns:number="http://openoffice.org/2000/datastyle" xmlns:svg="http://www.w3.org/2000/svg" xmlns:chart="http://openoffice.org/2000/chart" xmlns:dr3d="http://openoffice.org/2000/dr3d" xmlns:math="http://www.w3.org/1998/Math/MathML" xmlns:form="http://openoffice.org/2000/form" xmlns:script="http://openoffice.org/2000/script" office:class="text" office:version="1.0" xmlns:dc="http://purl.org/dc/elements/1.1/" xmlns:meta="http://openoffice.org/2000/meta" xmlns:help="http://openoffice.org/2000/help">
<office:meta>
  <dc:description>text/common/01/05340300</dc:description>
  <dc:subject>对齐</dc:subject>

  <dc:language>zh-CN</dc:language>
  <meta:user-defined meta:name="Info 0">READY</meta:user-defined>
  <meta:user-defined meta:name="Info 1">FREE_OK</meta:user-defined>
  <meta:user-defined meta:name="Info 2">NOTE</meta:user-defined>
  <meta:user-defined meta:name="Info 3"/>
</office:meta>
 <office:script/>
 <office:font-decls>
  <style:font-decl style:name="StarSymbol" fo:font-family="StarSymbol" style:font-charset="x-symbol"/>
  <style:font-decl style:name="Courier New" fo:font-family="&apos;Courier New&apos;" style:font-style-name="Standard" style:font-family-generic="modern" style:font-pitch="fixed"/>
  <style:font-decl style:name="Courier" fo:font-family="Courier" style:font-family-generic="roman" style:font-pitch="fixed"/>
  <style:font-decl style:name="Andale WT UI3" fo:font-family="&apos;Andale WT UI&apos;" style:font-pitch="variable"/>
  <style:font-decl style:name="Arial Unicode MS" fo:font-family="&apos;Arial Unicode MS&apos;" style:font-pitch="variable"/>
  <style:font-decl style:name="HG Mincho Light J" fo:font-family="&apos;HG Mincho Light J&apos;" style:font-pitch="variable"/>
  <style:font-decl style:name="Andale WT UI" fo:font-family="&apos;Andale WT UI&apos;" style:font-style-name="Fett" style:font-family-generic="roman" style:font-pitch="variable"/>
  <style:font-decl style:name="Andale WT UI1" fo:font-family="&apos;Andale WT UI&apos;" style:font-style-name="Standard" style:font-family-generic="roman" style:font-pitch="variable"/>
  <style:font-decl style:name="Thorndale" fo:font-family="Thorndale" style:font-family-generic="roman" style:font-pitch="variable"/>
  <style:font-decl style:name="Times New Roman" fo:font-family="&apos;Times New Roman&apos;" style:font-style-name="Fett" style:font-family-generic="roman" style:font-pitch="variable"/>
  <style:font-decl style:name="Andale WT UI2" fo:font-family="&apos;Andale WT UI&apos;" style:font-family-generic="swiss" style:font-pitch="variable"/>
 </office:font-decls>
 <office:automatic-styles>
  <style:style style:name="Tabelle1" style:family="table">
   <style:properties style:width="18cm" table:align="margins"/>
  </style:style>
  <style:style style:name="Tabelle1.A" style:family="table-column">
   <style:properties style:column-width="1.499cm" style:rel-column-width="5460*"/>
  </style:style>
  <style:style style:name="Tabelle1.B" style:family="table-column">
   <style:properties style:column-width="16.501cm" style:rel-column-width="60075*"/>
  </style:style>
  <style:style style:name="Tabelle1.A1" style:family="table-cell">
   <style:properties fo:padding="0cm" fo:border="none"/>
  </style:style>
  <style:style style:name="P1" style:family="paragraph" style:parent-style-name="Paragraph" style:master-page-name="HTML">
   <style:properties style:page-number="0"/>
  </style:style>
  <style:style style:name="P2" style:family="paragraph" style:parent-style-name="Paragraph" style:list-style-name="L1"/>
  <style:style style:name="T1" style:family="text">
   <style:properties fo:font-weight="bold"/>
  </style:style>
  <style:style style:name="fr1" style:family="graphics" style:parent-style-name="Graphics">
   <style:properties style:run-through="foreground" style:wrap="run-through" style:vertical-pos="top" style:vertical-rel="paragraph" style:horizontal-pos="left" style:horizontal-rel="paragraph" style:mirror="none" fo:clip="rect(0cm 0cm 0cm 0cm)" draw:luminance="0%" draw:contrast="0%" draw:red="0%" draw:green="0%" draw:blue="0%" draw:gamma="1" draw:color-inversion="false" draw:transparency="-100%" draw:color-mode="standard"/>
  </style:style>
  <text:list-style style:name="L1">
   <text:list-level-style-bullet text:level="1" text:style-name="Bullet Symbols" style:num-suffix="." text:bullet-char="•">
    <style:properties text:min-label-width="0.499cm" style:font-name="StarSymbol"/>
   </text:list-level-style-bullet>
   <text:list-level-style-bullet text:level="2" text:style-name="Bullet Symbols" style:num-suffix="." text:bullet-char="•">
    <style:properties text:space-before="0.499cm" text:min-label-width="0.499cm" style:font-name="StarSymbol"/>
   </text:list-level-style-bullet>
   <text:list-level-style-bullet text:level="3" text:style-name="Bullet Symbols" style:num-suffix="." text:bullet-char="•">
    <style:properties text:space-before="0.999cm" text:min-label-width="0.499cm" style:font-name="StarSymbol"/>
   </text:list-level-style-bullet>
   <text:list-level-style-bullet text:level="4" text:style-name="Bullet Symbols" style:num-suffix="." text:bullet-char="•">
    <style:properties text:space-before="1.498cm" text:min-label-width="0.499cm" style:font-name="StarSymbol"/>
   </text:list-level-style-bullet>
   <text:list-level-style-bullet text:level="5" text:style-name="Bullet Symbols" style:num-suffix="." text:bullet-char="•">
    <style:properties text:space-before="1.997cm" text:min-label-width="0.499cm" style:font-name="StarSymbol"/>
   </text:list-level-style-bullet>
   <text:list-level-style-bullet text:level="6" text:style-name="Bullet Symbols" style:num-suffix="." text:bullet-char="•">
    <style:properties text:space-before="2.496cm" text:min-label-width="0.499cm" style:font-name="StarSymbol"/>
   </text:list-level-style-bullet>
   <text:list-level-style-bullet text:level="7" text:style-name="Bullet Symbols" style:num-suffix="." text:bullet-char="•">
    <style:properties text:space-before="2.995cm" text:min-label-width="0.499cm" style:font-name="StarSymbol"/>
   </text:list-level-style-bullet>
   <text:list-level-style-bullet text:level="8" text:style-name="Bullet Symbols" style:num-suffix="." text:bullet-char="•">
    <style:properties text:space-before="3.494cm" text:min-label-width="0.499cm" style:font-name="StarSymbol"/>
   </text:list-level-style-bullet>
   <text:list-level-style-bullet text:level="9" text:style-name="Bullet Symbols" style:num-suffix="." text:bullet-char="•">
    <style:properties text:space-before="3.994cm" text:min-label-width="0.499cm" style:font-name="StarSymbol"/>
   </text:list-level-style-bullet>
   <text:list-level-style-bullet text:level="10" text:style-name="Bullet Symbols" style:num-suffix="." text:bullet-char="•">
    <style:properties text:space-before="4.493cm" text:min-label-width="0.499cm" style:font-name="StarSymbol"/>
   </text:list-level-style-bullet>
  </text:list-style>
 </office:automatic-styles>
 <office:body>
  <text:variable-decls>
   <text:variable-decl text:value-type="string" text:name="HTML_ON"/>
   <text:variable-decl text:value-type="string" text:name="HTML_OFF"/>
   <text:variable-decl text:value-type="string" text:name="TITEL"/>
   <text:variable-decl text:value-type="string" text:name="END"/>
   <text:variable-decl text:value-type="string" text:name="HREF"/>
   <text:variable-decl text:value-type="string" text:name="MAC"/>
   <text:variable-decl text:value-type="string" text:name="OS2"/>
   <text:variable-decl text:value-type="string" text:name="ELSE"/>
   <text:variable-decl text:value-type="string" text:name="NAME"/>
   <text:variable-decl text:value-type="string" text:name="HelpID"/>
   <text:variable-decl text:value-type="string" text:name="MODIFY"/>
   <text:variable-decl text:value-type="string" text:name="REFNR"/>
   <text:variable-decl text:value-type="string" text:name="HFELD"/>
   <text:variable-decl text:value-type="string" text:name="AKTHLP"/>
   <text:variable-decl text:value-type="string" text:name="KEY"/>
   <text:variable-decl text:value-type="string" text:name="INDEX"/>
   <text:variable-decl text:value-type="string" text:name="STYLE"/>
  </text:variable-decls>
  <text:sequence-decls>
   <text:sequence-decl text:display-outline-level="0" text:name="Illustration"/>
   <text:sequence-decl text:display-outline-level="0" text:name="Table"/>
   <text:sequence-decl text:display-outline-level="0" text:name="Text"/>
   <text:sequence-decl text:display-outline-level="0" text:name="Drawing"/>
  </text:sequence-decls>
  <help:to-be-embedded Eid="ausrichtung">
  <text:p text:style-name="Head 1"><help:help-id value="HID_ALIGNMENT"/><help:key-word value="对齐; 单元格" tag="kw65650_1"/><help:key-word value="单元格; 对齐" tag="kw65650_12"/><help:link Id="65650">对齐</help:link></text:p>
  <text:p text:style-name="Paragraph"><help:help-text value="visible">设定用于当前单元格或选定单元格内容的对齐选项。</help:help-text></text:p>
  </help:to-be-embedded>
  <help:popup Id="65625" Eid="fozelaus"><help:embedded Id="65598" Eid="wie"></help:embedded></help:popup>
  <text:p text:style-name="Head 3"><help:help-id value="SVX_LISTBOX_RID_SVXPAGE_ALIGNMENT_LB_HORALIGN"/>水平</text:p>
  <text:p text:style-name="Paragraph"><help:help-text value="visible">选择要对单元格内容采用的水平对齐选项。</help:help-text></text:p>
  <text:p text:style-name="Head 3">标准</text:p>
  <text:p text:style-name="Paragraph">使用此选项，可以选择单元格内容在水平方向上的默认设定。</text:p>
  <table:table table:name="Tabelle1" table:style-name="Tabelle1">
   <table:table-column table:style-name="Tabelle1.A"/>
   <table:table-column table:style-name="Tabelle1.B"/>
   <table:table-header-rows>
    <table:table-row>
     <table:table-cell table:style-name="Tabelle1.A1" table:value-type="string">
      <text:p text:style-name="Paragraph"><draw:image draw:name="图标0" svg:desc="此图标用于标记含有附加信息的文字。" svg:pixelx="32" svg:pixely="32" svg:width="0.847cm" svg:height="0.847cm" xlink:href="65980" draw:filter-name=""/></text:p>

     </table:table-cell>
     <table:table-cell table:style-name="Tabelle1.A1" table:value-type="string">
      <text:p text:style-name="Paragraph">如果选择了选项<text:span text:style-name="T1">标准</text:span>，则数字向右对齐、文字向左对齐。</text:p>
     </table:table-cell>
    </table:table-row>
   </table:table-header-rows>
  </table:table>
  <text:p text:style-name="Head 3"><help:help-id value="SID_ALIGNLEFT"/><a name="links"/>向左</text:p>
  <text:p text:style-name="Paragraph"><help:to-be-embedded Eid="linkstext"><help:help-text value="visible">将单元格内容向左对齐。</help:help-text></help:to-be-embedded></text:p>
  <help:embedded Id="65609" Eid="objektleiste"></help:embedded>
  <help:embedded Id="65593" Eid="sylinksbuendig"></help:embedded>
  <text:p text:style-name="Head 3"><help:help-id value="SID_ALIGNRIGHT"/><a name="rechts"/>向右</text:p>
  <text:p text:style-name="Paragraph"><help:to-be-embedded Eid="rechtstext"><help:help-text value="visible">将单元格内容向右对齐。</help:help-text></help:to-be-embedded></text:p>
  <help:embedded Id="65609" Eid="objektleiste"></help:embedded>
  <help:embedded Id="65593" Eid="syrechtsbuendig"></help:embedded>
  <text:p text:style-name="Head 3"><help:help-id value="SID_ALIGNCENTERHOR"/><a name="zentriert"/>居中</text:p>
  <text:p text:style-name="Paragraph"><help:to-be-embedded Eid="zentrierttext"><help:help-text value="visible">将单元格的内容水平居中。</help:help-text></help:to-be-embedded></text:p>
  <help:embedded Id="65609" Eid="objektleiste"></help:embedded>
  <help:embedded Id="65593" Eid="syzentriert"></help:embedded>
  <text:p text:style-name="Head 3"><help:help-id value="SID_ALIGNBLOCK"/><a name="block"/>两端对齐</text:p>
  <text:p text:style-name="Paragraph"><help:to-be-embedded Eid="blocktext"><help:help-text value="visible">将单元格内容与单元格的左、右边框对齐。</help:help-text></help:to-be-embedded></text:p>
  <help:embedded Id="65609" Eid="objektleiste"></help:embedded>
  <help:embedded Id="65593" Eid="syblocksatz"></help:embedded>
  <text:p text:style-name="Head 3"><help:help-id value="SVX_METRICFIELD_RID_SVXPAGE_ALIGNMENT_ED_INDENT"/>缩进</text:p>
  <text:p text:style-name="Paragraph"><help:help-text value="visible">根据您输入的缩进量从单元格的左边缘缩进。</help:help-text></text:p>
  <text:p text:style-name="Head 3"><help:help-id value="SVX_LISTBOX_RID_SVXPAGE_ALIGNMENT_LB_VERALIGN"/>垂直</text:p>
  <text:p text:style-name="Paragraph"><help:help-text value="visible">选择要对单元格内容采用的垂直对齐选项。</help:help-text></text:p>
  <text:p text:style-name="Head 3">标准</text:p>
  <text:p text:style-name="Paragraph"><help:help-text value="visible">将单元格内容与单元格的底部对齐。</help:help-text></text:p>
  <text:p text:style-name="Head 3"><help:help-id value="SID_ALIGNTOP"/><a name="oben"/>向上</text:p>
  <text:p text:style-name="Paragraph"><help:to-be-embedded Eid="obentext"><help:help-text value="visible">将单元格内容与单元格的上边缘对齐。</help:help-text></help:to-be-embedded></text:p>
  <help:embedded Id="65609" Eid="objektleiste"></help:embedded>
  <help:switch select="Program"><help:case select="CHART"></help:case><help:default><help:embedded Id="65598" Eid="syvertikaloben"></help:embedded></help:default></help:switch>
  <text:p text:style-name="Head 3"><help:help-id value="SID_ALIGNBOTTOM"/><a name="unten"/>向下</text:p>
  <text:p text:style-name="Paragraph"><help:to-be-embedded Eid="untentext"><help:help-text value="visible">将单元格内容与单元格的下边缘对齐。</help:help-text></help:to-be-embedded></text:p>
  <help:embedded Id="65609" Eid="objektleiste"></help:embedded>
  <help:embedded Id="65598" Eid="syvertikalunten"></help:embedded>
  <text:p text:style-name="Head 3"><help:help-id value="SID_ALIGNCENTERVER"/><a name="mitte"/>居中</text:p>
  <text:p text:style-name="Paragraph"><help:to-be-embedded Eid="mittetext"><help:help-text value="visible">将单元格的内容垂直居中。</help:help-text></help:to-be-embedded></text:p>
  <help:embedded Id="65609" Eid="objektleiste"></help:embedded>
  <help:embedded Id="65598" Eid="syvertikalmitte"></help:embedded>
  <text:p text:style-name="Head 2"><help:key-word value="书写方向; 单元格" tag="kw65650_11"/><help:key-word value="单元格; 书写方向" tag="kw65650_10"/><help:key-word value="工作表; 书写方向" tag="kw65650_9"/>书写方向</text:p>
  <text:p text:style-name="Paragraph"><a name="ausr"/><help:help-text value="visible">设定单元格内容的书写方向。</help:help-text></text:p>
  <help:switch select="Program"><help:case select="CALC"><help:embedded Id="68107" Eid="text_rotate"></help:embedded></help:case></help:switch>
  <text:p text:style-name="Paragraph"><help:help-id value="HID_ALIGNMENT_CTR_DIAL"/><help:help-text value="visible">在刻度盘中单击以设定书写方向。</help:help-text></text:p>
  <text:p text:style-name="Paragraph"><help:help-id value="SVX_IMAGEBUTTON_RID_SVXPAGE_ALIGNMENT_BTN_TXTSTACKED"/><help:help-text value="visible">将文字方向设定为垂直方向。</help:help-text></text:p>
  <text:p text:style-name="Head 3"><help:help-id value="SVX_NUMERICFIELD_RID_SVXPAGE_ALIGNMENT_NF_DEGREES"/>角度</text:p>
  <text:p text:style-name="Paragraph"><help:help-text value="visible">输入选定单元格内文字的旋转角度。正值向左旋转文字，负值向右旋转文字。<a name="end"/></help:help-text></text:p>
  <text:p text:style-name="Head 3"><help:help-id value="HID_ALIGNMENT_CTR_BORDER_LOCK"/>引用边</text:p>
  <text:p text:style-name="Paragraph"><help:help-text value="visible">指定从单元格的哪条边开始书写旋转的文字。</help:help-text></text:p>
  <text:unordered-list text:style-name="L1">
   <text:list-item>
    <text:p text:style-name="P2"><text:span text:style-name="T1">文字从单元格下边缘延伸：</text:span>从单元格的下边缘开始向外书写旋转的文字。</text:p>
   </text:list-item>
   <text:list-item>
    <text:p text:style-name="P2"><text:span text:style-name="T1">文字从单元格上边缘扩展：</text:span>从单元格的上边缘开始向外书写旋转的文字。</text:p>
   </text:list-item>
   <text:list-item>
    <text:p text:style-name="P2"><text:span text:style-name="T1">文字只在单元格内扩展：</text:span>仅在单元格内书写旋转的文字。</text:p>
   </text:list-item>
  </text:unordered-list>
  <help:embedded Id="65609" Eid="asiahinweis"></help:embedded>
  <text:p text:style-name="Head 3"><help:help-id value="SVX_TRISTATEBOX_RID_SVXPAGE_ALIGNMENT_BTN_ASIAN_VERTICAL"/>使用中日韩竖写版式模式</text:p>
  <text:p text:style-name="Paragraph">仅当已启用中日韩语言支持，并将文字方向设定为竖写时，此复选框才可用。<help:help-text value="visible">将选定单元格内的中日韩字符垂直排列对齐。如果单元格含有多行文字，这些行会转换成文字列，从右向左排列。西文字符将向右旋转 90 度，中日韩字符不旋转。</help:help-text></text:p>
  <text:p text:style-name="Head 2">至网格线的距离</text:p>
  <text:p text:style-name="Paragraph">指定单元格边缘与单元格内容之间的间隔。</text:p>
  <text:p text:style-name="Head 3"><help:help-id value="SVX_METRICFIELD_RID_SVXPAGE_ALIGNMENT_ED_LEFTSPACE"/>向左</text:p>
  <text:p text:style-name="Paragraph"><help:help-text value="visible">输入单元格左边缘与单元格内容左边缘之间的间隔。</help:help-text></text:p>
  <text:p text:style-name="Head 3"><help:help-id value="SVX_METRICFIELD_RID_SVXPAGE_ALIGNMENT_ED_RIGHTSPACE"/>向右</text:p>
  <text:p text:style-name="Paragraph"><help:help-text value="visible">输入单元格右边缘与单元格内容右边缘之间的间隔。</help:help-text></text:p>
  <text:p text:style-name="Head 3"><help:help-id value="SVX_METRICFIELD_RID_SVXPAGE_ALIGNMENT_ED_TOPSPACE"/>向上</text:p>
  <text:p text:style-name="Paragraph"><help:help-text value="visible">输入单元格上边缘与单元格内容上边缘之间的间隔。</help:help-text></text:p>
  <text:p text:style-name="Head 3"><help:help-id value="SVX_METRICFIELD_RID_SVXPAGE_ALIGNMENT_ED_BOTTOMSPACE"/>向下</text:p>
  <text:p text:style-name="Paragraph"><help:help-text value="visible">输入单元格下边缘与单元格内容下边缘之间的间隔。</help:help-text></text:p>
  <text:p text:style-name="Head 2">换行和分页</text:p>
  <text:p text:style-name="Paragraph">在这里定义单元格的换行和分页。</text:p>
  <text:p text:style-name="Head 3"><a name="umbruch"/><help:help-id value="SVX_TRISTATEBOX_RID_SVXPAGE_ALIGNMENT_BTN_WRAP"/>自动换行<help:key-word value="换行; 在单元格中" tag="kw65650_8"/><help:key-word value="单元格; 换行" tag="kw65650_7"/><help:key-word value="换行和分页; 在单元格中" tag="kw65650_6"/><help:key-word value="单元格; 换行和分页" tag="kw65650_5"/><help:key-word value="文字换行; 在单元格中" tag="kw65650_4"/><help:key-word value="环绕文字; 在单元格中" tag="kw65650_3"/><help:key-word value="环绕文字; 在单元格中" tag="kw65650_2"/></text:p>
  <text:p text:style-name="Paragraph"><help:help-text value="visible">在文字到达单元格边框时环绕文字。要输入手工换行，请在单元格 (而不是输入行) 中按 <help:switch select="System"><help:case select ="MAC">Command</help:case><help:default>Ctrl</help:default></help:switch>+Enter 键。</help:help-text></text:p>
  <text:p text:style-name="Head 3"><help:help-id value="SVX_TRISTATEBOX_RID_SVXPAGE_ALIGNMENT_BTN_HYPH"/>使用连字符</text:p>
  <text:p text:style-name="Paragraph"><help:help-text value="visible">启用字词连字符，以将环绕的文字换行。</help:help-text></text:p>
 </office:body>
</office:document>
