

<office:document  xmlns:office="http://openoffice.org/2000/office" xmlns:style="http://openoffice.org/2000/style" xmlns:text="http://openoffice.org/2000/text" xmlns:table="http://openoffice.org/2000/table" xmlns:draw="http://openoffice.org/2000/drawing" xmlns:fo="http://www.w3.org/1999/XSL/Format" xmlns:xlink="http://www.w3.org/1999/xlink" xmlns:number="http://openoffice.org/2000/datastyle" xmlns:svg="http://www.w3.org/2000/svg" xmlns:chart="http://openoffice.org/2000/chart" xmlns:dr3d="http://openoffice.org/2000/dr3d" xmlns:math="http://www.w3.org/1998/Math/MathML" xmlns:form="http://openoffice.org/2000/form" xmlns:script="http://openoffice.org/2000/script" office:class="text" office:version="1.0" xmlns:dc="http://purl.org/dc/elements/1.1/" xmlns:meta="http://openoffice.org/2000/meta" xmlns:help="http://openoffice.org/2000/help">
<office:meta>
  <dc:description>text/common/01/05340400</dc:description>
  <dc:subject>数据源</dc:subject>
  <meta:keywords>
   <meta:keyword>$Version</meta:keyword>
  </meta:keywords>
  <dc:language>zh-CN</dc:language>
  <meta:user-defined meta:name="Info 0">READY</meta:user-defined>
  <meta:user-defined meta:name="Info 1">FREE_OK</meta:user-defined>
  <meta:user-defined meta:name="Info 2"/>
  <meta:user-defined meta:name="Info 3"/>
</office:meta>
 <office:script/>
 <office:font-decls>
  <style:font-decl style:name="StarSymbol" fo:font-family="StarSymbol" style:font-charset="x-symbol"/>
  <style:font-decl style:name="Courier New" fo:font-family="&apos;Courier New&apos;" style:font-style-name="Standard" style:font-family-generic="modern" style:font-pitch="fixed"/>
  <style:font-decl style:name="Courier" fo:font-family="Courier" style:font-family-generic="roman" style:font-pitch="fixed"/>
  <style:font-decl style:name="Andale WT UI3" fo:font-family="&apos;Andale WT UI&apos;" style:font-pitch="variable"/>
  <style:font-decl style:name="Arial Unicode MS" fo:font-family="&apos;Arial Unicode MS&apos;" style:font-pitch="variable"/>
  <style:font-decl style:name="HG Mincho Light J" fo:font-family="&apos;HG Mincho Light J&apos;" style:font-pitch="variable"/>
  <style:font-decl style:name="Andale WT UI" fo:font-family="&apos;Andale WT UI&apos;" style:font-style-name="Fett" style:font-family-generic="roman" style:font-pitch="variable"/>
  <style:font-decl style:name="Andale WT UI1" fo:font-family="&apos;Andale WT UI&apos;" style:font-style-name="Standard" style:font-family-generic="roman" style:font-pitch="variable"/>
  <style:font-decl style:name="Thorndale" fo:font-family="Thorndale" style:font-family-generic="roman" style:font-pitch="variable"/>
  <style:font-decl style:name="Times New Roman" fo:font-family="&apos;Times New Roman&apos;" style:font-style-name="Fett" style:font-family-generic="roman" style:font-pitch="variable"/>
  <style:font-decl style:name="Andale WT UI2" fo:font-family="&apos;Andale WT UI&apos;" style:font-family-generic="swiss" style:font-pitch="variable"/>
 </office:font-decls>
 <office:automatic-styles>
  <style:style style:name="Tabelle7" style:family="table">
   <style:properties style:width="18cm" table:align="margins"/>
  </style:style>
  <style:style style:name="Tabelle7.A" style:family="table-column">
   <style:properties style:column-width="1.499cm" style:rel-column-width="5460*"/>
  </style:style>
  <style:style style:name="Tabelle7.B" style:family="table-column">
   <style:properties style:column-width="16.501cm" style:rel-column-width="60075*"/>
  </style:style>
  <style:style style:name="Tabelle7.1" style:family="table-row">
   <style:properties style:min-row-height="0.848cm"/>
  </style:style>
  <style:style style:name="Tabelle7.A1" style:family="table-cell">
   <style:properties fo:padding="0cm" fo:border="none"/>
  </style:style>
  <style:style style:name="Tabelle2" style:family="table">
   <style:properties style:width="18cm" table:align="margins"/>
  </style:style>
  <style:style style:name="Tabelle2.A" style:family="table-column">
   <style:properties style:column-width="8.999cm" style:rel-column-width="32767*"/>
  </style:style>
  <style:style style:name="Tabelle2.B" style:family="table-column">
   <style:properties style:column-width="9.001cm" style:rel-column-width="32768*"/>
  </style:style>
  <style:style style:name="Tabelle2.A1" style:family="table-cell">
   <style:properties fo:padding="0.049cm" fo:border-left="0.002cm solid #000000" fo:border-right="none" fo:border-top="0.002cm solid #000000" fo:border-bottom="0.002cm solid #000000"/>
  </style:style>
  <style:style style:name="Tabelle2.B1" style:family="table-cell">
   <style:properties fo:padding="0.049cm" fo:border="0.002cm solid #000000"/>
  </style:style>
  <style:style style:name="Tabelle2.A2" style:family="table-cell">
   <style:properties fo:padding="0.049cm" fo:border-left="0.002cm solid #000000" fo:border-right="none" fo:border-top="none" fo:border-bottom="0.002cm solid #000000"/>
  </style:style>
  <style:style style:name="Tabelle2.B2" style:family="table-cell">
   <style:properties fo:padding="0.049cm" fo:border-left="0.002cm solid #000000" fo:border-right="0.002cm solid #000000" fo:border-top="none" fo:border-bottom="0.002cm solid #000000"/>
  </style:style>
  <style:style style:name="Tabelle1" style:family="table">
   <style:properties style:width="18cm" table:align="margins"/>
  </style:style>
  <style:style style:name="Tabelle1.A" style:family="table-column">
   <style:properties style:column-width="1.499cm" style:rel-column-width="5460*"/>
  </style:style>
  <style:style style:name="Tabelle1.B" style:family="table-column">
   <style:properties style:column-width="16.501cm" style:rel-column-width="60075*"/>
  </style:style>
  <style:style style:name="Tabelle1.1" style:family="table-row">
   <style:properties style:min-row-height="0.848cm"/>
  </style:style>
  <style:style style:name="Tabelle1.A1" style:family="table-cell">
   <style:properties fo:padding="0cm" fo:border="none"/>
  </style:style>
  <style:style style:name="Tabelle3" style:family="table">
   <style:properties style:width="18cm" table:align="margins"/>
  </style:style>
  <style:style style:name="Tabelle3.A" style:family="table-column">
   <style:properties style:column-width="1.499cm" style:rel-column-width="5460*"/>
  </style:style>
  <style:style style:name="Tabelle3.B" style:family="table-column">
   <style:properties style:column-width="16.501cm" style:rel-column-width="60075*"/>
  </style:style>
  <style:style style:name="Tabelle3.1" style:family="table-row">
   <style:properties style:min-row-height="0.848cm"/>
  </style:style>
  <style:style style:name="Tabelle3.A1" style:family="table-cell">
   <style:properties fo:padding="0cm" fo:border="none"/>
  </style:style>
  <style:style style:name="Tabelle10" style:family="table">
   <style:properties style:width="18cm" table:align="margins"/>
  </style:style>
  <style:style style:name="Tabelle10.A" style:family="table-column">
   <style:properties style:column-width="1.499cm" style:rel-column-width="5460*"/>
  </style:style>
  <style:style style:name="Tabelle10.B" style:family="table-column">
   <style:properties style:column-width="16.501cm" style:rel-column-width="60075*"/>
  </style:style>
  <style:style style:name="Tabelle10.1" style:family="table-row">
   <style:properties style:min-row-height="0.848cm"/>
  </style:style>
  <style:style style:name="Tabelle10.A1" style:family="table-cell">
   <style:properties fo:padding="0cm" fo:border="none"/>
  </style:style>
  <style:style style:name="Tabelle5" style:family="table">
   <style:properties style:width="17.995cm" fo:margin-left="0cm" fo:margin-right="0.005cm" table:align="margins"/>
  </style:style>
  <style:style style:name="Tabelle5.A" style:family="table-column">
   <style:properties style:column-width="1.499cm" style:rel-column-width="5462*"/>
  </style:style>
  <style:style style:name="Tabelle5.B" style:family="table-column">
   <style:properties style:column-width="16.496cm" style:rel-column-width="60073*"/>
  </style:style>
  <style:style style:name="Tabelle6" style:family="table">
   <style:properties style:width="17.995cm" fo:margin-left="0cm" fo:margin-right="0.005cm" table:align="margins"/>
  </style:style>
  <style:style style:name="Tabelle6.A" style:family="table-column">
   <style:properties style:column-width="1.501cm" style:rel-column-width="5466*"/>
  </style:style>
  <style:style style:name="Tabelle6.B" style:family="table-column">
   <style:properties style:column-width="16.494cm" style:rel-column-width="60069*"/>
  </style:style>
  <style:style style:name="Tabelle8" style:family="table">
   <style:properties style:width="17.995cm" fo:margin-left="0cm" fo:margin-right="0.005cm" table:align="margins"/>
  </style:style>
  <style:style style:name="Tabelle8.A" style:family="table-column">
   <style:properties style:column-width="1.499cm" style:rel-column-width="5462*"/>
  </style:style>
  <style:style style:name="Tabelle8.B" style:family="table-column">
   <style:properties style:column-width="16.496cm" style:rel-column-width="60073*"/>
  </style:style>
  <style:style style:name="Tabelle9" style:family="table">
   <style:properties style:width="17.995cm" fo:margin-left="0cm" fo:margin-right="0.005cm" table:align="margins"/>
  </style:style>
  <style:style style:name="Tabelle9.A" style:family="table-column">
   <style:properties style:column-width="1.499cm" style:rel-column-width="5462*"/>
  </style:style>
  <style:style style:name="Tabelle9.B" style:family="table-column">
   <style:properties style:column-width="16.496cm" style:rel-column-width="60073*"/>
  </style:style>
  <style:style style:name="Tabelle4" style:family="table">
   <style:properties style:width="17.995cm" fo:margin-left="0cm" fo:margin-right="0.005cm" table:align="margins"/>
  </style:style>
  <style:style style:name="Tabelle4.A" style:family="table-column">
   <style:properties style:column-width="1.499cm" style:rel-column-width="5461*"/>
  </style:style>
  <style:style style:name="Tabelle4.B" style:family="table-column">
   <style:properties style:column-width="16.496cm" style:rel-column-width="60074*"/>
  </style:style>
  <style:style style:name="P1" style:family="paragraph" style:parent-style-name="Paragraph" style:master-page-name="HTML">
   <style:properties style:page-number="0"/>
  </style:style>
  <style:style style:name="T1" style:family="text">
   <style:properties fo:font-weight="bold"/>
  </style:style>
  <style:style style:name="fr1" style:family="graphics" style:parent-style-name="Graphics">
   <style:properties fo:margin-left="0cm" fo:margin-right="0cm" fo:margin-top="0cm" fo:margin-bottom="0cm" style:run-through="foreground" style:wrap="run-through" style:vertical-pos="middle" style:vertical-rel="paragraph" style:horizontal-pos="left" style:horizontal-rel="paragraph" style:mirror="none" fo:clip="rect(0cm 0cm 0cm 0cm)" draw:luminance="0%" draw:contrast="0%" draw:red="0%" draw:green="0%" draw:blue="0%" draw:gamma="1" draw:color-inversion="false" draw:transparency="-100%" draw:color-mode="standard"/>
  </style:style>
  <style:style style:name="fr2" style:family="graphics" style:parent-style-name="Graphics">
   <style:properties style:run-through="foreground" style:wrap="run-through" style:vertical-pos="top" style:vertical-rel="paragraph" style:horizontal-pos="left" style:horizontal-rel="paragraph" style:mirror="none" fo:clip="rect(0cm 0cm 0cm 0cm)" draw:luminance="0%" draw:contrast="0%" draw:red="0%" draw:green="0%" draw:blue="0%" draw:gamma="1" draw:color-inversion="false" draw:transparency="-100%" draw:color-mode="standard"/>
  </style:style>
 </office:automatic-styles>
 <office:body>
  <text:variable-decls>
   <text:variable-decl text:value-type="string" text:name="HTML_ON"/>
   <text:variable-decl text:value-type="string" text:name="HTML_OFF"/>
   <text:variable-decl text:value-type="string" text:name="TITEL"/>
   <text:variable-decl text:value-type="string" text:name="END"/>
   <text:variable-decl text:value-type="string" text:name="OS2"/>
   <text:variable-decl text:value-type="string" text:name="ELSE"/>
   <text:variable-decl text:value-type="string" text:name="HREF"/>
   <text:variable-decl text:value-type="string" text:name="NAME"/>
   <text:variable-decl text:value-type="string" text:name="HelpID"/>
   <text:variable-decl text:value-type="string" text:name="HFELD"/>
   <text:variable-decl text:value-type="string" text:name="MODIFY"/>
   <text:variable-decl text:value-type="string" text:name="REFNR"/>
   <text:variable-decl text:value-type="string" text:name="KEY"/>
   <text:variable-decl text:value-type="string" text:name="INDEX"/>
   <text:variable-decl text:value-type="string" text:name="AKTHLP"/>
   <text:variable-decl text:value-type="string" text:name="WIN"/>
   <text:variable-decl text:value-type="string" text:name="MAC"/>
   <text:variable-decl text:value-type="string" text:name="STYLE"/>
  </text:variable-decls>
  <text:sequence-decls>
   <text:sequence-decl text:display-outline-level="0" text:name="Illustration"/>
   <text:sequence-decl text:display-outline-level="0" text:name="Table"/>
   <text:sequence-decl text:display-outline-level="0" text:name="Text"/>
   <text:sequence-decl text:display-outline-level="0" text:name="Drawing"/>
  </text:sequence-decls>
  <help:to-be-embedded Eid="umgang">
  <text:p text:style-name="Paragraph"><help:key-word value="数据库表格; 数据源浏览器" tag="kw65806_1"/><help:key-word value="数据源浏览器" tag="kw65806_7"/><help:key-word value="表格; 数据源浏览器" tag="kw65806_6"/></text:p>
  <text:p text:style-name="Head 1"><help:link Id="65806">数据源</help:link></text:p>
  <text:p text:style-name="Paragraph">本节包含有关浏览和编辑数据库表格的信息。</text:p>
  </help:to-be-embedded>
  <text:p text:style-name="Paragraph"><help:embedded Id="68433" Eid="database_main"></help:embedded></text:p>
  <table:table table:name="Tabelle7" table:style-name="Tabelle7">
   <table:table-column table:style-name="Tabelle7.A"/>
   <table:table-column table:style-name="Tabelle7.B"/>
   <table:table-header-rows>
    <table:table-row table:style-name="Tabelle7.1">
     <table:table-cell table:style-name="Tabelle7.A1" table:value-type="string">
      <text:p text:style-name="Paragraph"><draw:image draw:name="图标0" svg:desc="备注图标" svg:pixelx="32" svg:pixely="32" svg:width="0.847cm" svg:height="0.847cm" xlink:href="65980" draw:filter-name=""/></text:p>

     </table:table-cell>
     <table:table-cell table:style-name="Tabelle7.A1" table:value-type="string">
      <text:p text:style-name="Paragraph">如果在设计模式中打开了一个表格，这张表格就不能在数据源视图中打开。请事先关闭设计视图或关上编辑模式。</text:p>
     </table:table-cell>
    </table:table-row>
   </table:table-header-rows>
  </table:table>
  <text:p text:style-name="Head 2"><help:help-id value="HID_CTL_TABBROWSER"/><help:help-id value="HID_TLB_TREELISTBOX"/>数据源视图</text:p>
  <text:p text:style-name="Paragraph"><help:help-text value="visible"><help:link Id="65806" Eid="datenbankleiste">[数据库工具栏]</help:link> 和<help:link Id="65806" Eid="kontextmenues">上下文菜单</help:link>中提供了用于数据源浏览器的命令。</help:help-text></text:p>
  <text:p text:style-name="Head 3">选择数据条目</text:p>
  <text:p text:style-name="Paragraph">要选择数据库表格中的数据条目，请单击行标，或者在单击行标之后使用向上键或向下键。</text:p>
  <text:p text:style-name="Paragraph">以下表格介绍了如何在数据源浏览器中选择各个元素：</text:p>
  <table:table table:name="Tabelle2" table:style-name="Tabelle2">
   <table:table-column table:style-name="Tabelle2.A"/>
   <table:table-column table:style-name="Tabelle2.B"/>
   <table:table-header-rows>
    <table:table-row>
     <table:table-cell table:style-name="Tabelle2.A1" table:value-type="string">
      <text:p text:style-name="TableHead">选择</text:p>
     </table:table-cell>
     <table:table-cell table:style-name="Tabelle2.B1" table:value-type="string">
      <text:p text:style-name="TableHead">操作</text:p>
     </table:table-cell>
    </table:table-row>
   </table:table-header-rows>
   <table:table-row>
    <table:table-cell table:style-name="Tabelle2.A2" table:value-type="string">
     <text:p text:style-name="TextInTable">数据条目</text:p>
    </table:table-cell>
    <table:table-cell table:style-name="Tabelle2.B2" table:value-type="string">
     <text:p text:style-name="TextInTable">点击行标</text:p>
    </table:table-cell>
   </table:table-row>
   <table:table-row>
    <table:table-cell table:style-name="Tabelle2.A2" table:value-type="string">
     <text:p text:style-name="TextInTable">选择多个数据条目或取消选择</text:p>
    </table:table-cell>
    <table:table-cell table:style-name="Tabelle2.B2" table:value-type="string">
     <text:p text:style-name="TextInTable">按住 Ctrl 键并单击行标</text:p>
    </table:table-cell>
   </table:table-row>
   <table:table-row>
    <table:table-cell table:style-name="Tabelle2.A2" table:value-type="string">
     <text:p text:style-name="TextInTable">列</text:p>
    </table:table-cell>
    <table:table-cell table:style-name="Tabelle2.B2" table:value-type="string">
     <text:p text:style-name="TextInTable">点击列标</text:p>
    </table:table-cell>
   </table:table-row>
   <table:table-row>
    <table:table-cell table:style-name="Tabelle2.A2" table:value-type="string">
     <text:p text:style-name="TextInTable">数据字段</text:p>
    </table:table-cell>
    <table:table-cell table:style-name="Tabelle2.B2" table:value-type="string">
     <text:p text:style-name="TextInTable">点击该数据字段</text:p>
    </table:table-cell>
   </table:table-row>
   <table:table-row>
    <table:table-cell table:style-name="Tabelle2.A2" table:value-type="string">
     <text:p text:style-name="TextInTable">整个表格</text:p>
    </table:table-cell>
    <table:table-cell table:style-name="Tabelle2.B2" table:value-type="string">
     <text:p text:style-name="TextInTable">单击列标题行的行标</text:p>
    </table:table-cell>
   </table:table-row>
  </table:table>
  <text:p text:style-name="Head 3"><help:key-word value="数据库; 编辑表格" tag="kw65806_5"/><help:key-word value="编辑; 数据库表格" tag="kw65806_4"/><help:key-word value="编辑; 查询" tag="kw65806_3"/><help:key-word value="查询; 编辑" tag="kw65806_2"/>数据库工具栏 (编辑数据库表格)</text:p>
  <table:table table:name="Tabelle1" table:style-name="Tabelle1">
   <table:table-column table:style-name="Tabelle1.A"/>
   <table:table-column table:style-name="Tabelle1.B"/>
   <table:table-header-rows>
    <table:table-row table:style-name="Tabelle1.1">
     <table:table-cell table:style-name="Tabelle1.A1" table:value-type="string">
      <text:p text:style-name="Paragraph"><draw:image draw:name="图标1" svg:desc="图标" svg:pixelx="25" svg:pixely="25" svg:width="0.661cm" svg:height="0.661cm" xlink:href="65904" draw:filter-name=""/></text:p>

     </table:table-cell>
     <table:table-cell table:style-name="Tabelle1.A1" table:value-type="string">
      <text:p text:style-name="Paragraph">用于编辑、新增或删除数据库表格中的数据条目。</text:p>
      <text:p text:style-name="Paragraph">要更改数据库表格的版式，在<text:span text:style-name="T1">数据源</text:span>视图中的表格上单击鼠标右键，然后选择 <text:span text:style-name="T1">[编辑表格]</text:span>。</text:p>
      <text:p text:style-name="Paragraph">在<text:span text:style-name="T1">数据源</text:span>视图中编辑针对当前数据库表格的查询时，所做的更改会立即显示在视图中。要编辑需要访问多个表格的查询，请在<text:span text:style-name="T1">数据源</text:span>视图中的查询上单击鼠标右键，然后选择 <help:link Id="66162"><text:span text:style-name="T1">[编辑查询]</text:span></help:link>。</text:p>
     </table:table-cell>
    </table:table-row>
   </table:table-header-rows>
  </table:table>
  <table:table table:name="Tabelle3" table:style-name="Tabelle3">
   <table:table-column table:style-name="Tabelle3.A"/>
   <table:table-column table:style-name="Tabelle3.B"/>
   <table:table-header-rows>
    <table:table-row table:style-name="Tabelle3.1">
     <table:table-cell table:style-name="Tabelle3.A1" table:value-type="string">
      <text:p text:style-name="Paragraph"><draw:image draw:name="图标2" svg:desc="备注图标" svg:pixelx="32" svg:pixely="32" svg:width="0.847cm" svg:height="0.847cm" xlink:href="65980" draw:filter-name=""/></text:p>

     </table:table-cell>
     <table:table-cell table:style-name="Tabelle3.A1" table:value-type="string">
      <text:p text:style-name="Paragraph">如果表格定义中不含索引或主关键字，则无法编辑需要使用索引或主关键字来识别数据条目的数据库表格。</text:p>
     </table:table-cell>
    </table:table-row>
   </table:table-header-rows>
  </table:table>
  <text:p text:style-name="Head 3">数据剪切、复制、粘贴</text:p>
  <text:p text:style-name="Paragraph">可以在<text:span text:style-name="T1">数据源</text:span>视图中剪切、复制和粘贴表格字段。数据源浏览器还支持拖放表格字段或其他 <help:productname>%PRODUCTNAME</help:productname> 文件中的简单文字和数字。</text:p>
  <text:p text:style-name="Paragraph">但不能拖放是/否字段、二元字段、图像字段和计数字段。</text:p>
  <table:table table:name="Tabelle10" table:style-name="Tabelle10">
   <table:table-column table:style-name="Tabelle10.A"/>
   <table:table-column table:style-name="Tabelle10.B"/>
   <table:table-header-rows>
    <table:table-row table:style-name="Tabelle10.1">
     <table:table-cell table:style-name="Tabelle10.A1" table:value-type="string">
      <text:p text:style-name="Paragraph"><draw:image draw:name="图标3" svg:desc="备注图标" svg:pixelx="32" svg:pixely="32" svg:width="0.847cm" svg:height="0.847cm" xlink:href="65980" draw:filter-name=""/></text:p>

     </table:table-cell>
     <table:table-cell table:style-name="Tabelle10.A1" table:value-type="string">
      <text:p text:style-name="Paragraph">只有在 <text:span text:style-name="T1">[编辑]</text:span> 模式中才能使用拖放方式。</text:p>
     </table:table-cell>
    </table:table-row>
   </table:table-header-rows>
  </table:table>
  <a name="datenbankleiste"/><help:embedded Id="65557" Eid="datenbank"></help:embedded>
  <text:p text:style-name="Head 3"><a name="navigationsleiste"/>在数据源浏览器中浏览</text:p>
  <text:p text:style-name="Paragraph">使用数据源视图底部的 <text:span text:style-name="T1">[浏览栏]</text:span> 可以浏览不同的数据条目。</text:p>
  <text:p text:style-name="Head 3">第一个数据条目</text:p>
  <table:table table:name="Tabelle5" table:style-name="Tabelle5">
   <table:table-column table:style-name="Tabelle5.A"/>
   <table:table-column table:style-name="Tabelle5.B"/>
   <table:table-header-rows>
    <table:table-row>
     <table:table-cell table:value-type="string">
      <text:p text:style-name="Paragraph"><draw:image draw:name="图标4" svg:desc="图标" svg:pixelx="25" svg:pixely="25" svg:width="0.661cm" svg:height="0.661cm" xlink:href="65645" draw:filter-name=""/></text:p>

     </table:table-cell>
     <table:table-cell table:value-type="string">
      <text:p text:style-name="Paragraph"><help:help-text value="visible">转到表格中的第一个数据条目。</help:help-text></text:p>
     </table:table-cell>
    </table:table-row>
   </table:table-header-rows>
  </table:table>
  <text:p text:style-name="Head 3">前面的数据条目</text:p>
  <table:table table:name="Tabelle6" table:style-name="Tabelle6">
   <table:table-column table:style-name="Tabelle6.A"/>
   <table:table-column table:style-name="Tabelle6.B"/>
   <table:table-header-rows>
    <table:table-row>
     <table:table-cell table:value-type="string">
      <text:p text:style-name="Paragraph"><draw:image draw:name="图标5" svg:desc="图标" svg:pixelx="25" svg:pixely="25" svg:width="0.661cm" svg:height="0.661cm" xlink:href="65649" draw:filter-name=""/></text:p>

     </table:table-cell>
     <table:table-cell table:value-type="string">
      <text:p text:style-name="Paragraph"><help:help-text value="visible">转到表格中的上一个数据条目。</help:help-text></text:p>
     </table:table-cell>
    </table:table-row>
   </table:table-header-rows>
  </table:table>
  <text:p text:style-name="Head 3">数据条目编号</text:p>
  <text:p text:style-name="Paragraph"><help:help-text value="visible">键入要显示的数据条目编号，然后按 Enter 键。</help:help-text></text:p>
  <text:p text:style-name="Head 3">下一个数据条目</text:p>
  <table:table table:name="Tabelle8" table:style-name="Tabelle8">
   <table:table-column table:style-name="Tabelle8.A"/>
   <table:table-column table:style-name="Tabelle8.B"/>
   <table:table-header-rows>
    <table:table-row>
     <table:table-cell table:value-type="string">
      <text:p text:style-name="Paragraph"><draw:image draw:name="图标6" svg:desc="图标" svg:pixelx="25" svg:pixely="25" svg:width="0.661cm" svg:height="0.661cm" xlink:href="65648" draw:filter-name=""/></text:p>

     </table:table-cell>
     <table:table-cell table:value-type="string">
      <text:p text:style-name="Paragraph"><help:help-text value="visible">转到表格中的下一个数据条目。</help:help-text></text:p>
     </table:table-cell>
    </table:table-row>
   </table:table-header-rows>
  </table:table>
  <text:p text:style-name="Head 3">最后一个数据条目</text:p>
  <table:table table:name="Tabelle9" table:style-name="Tabelle9">
   <table:table-column table:style-name="Tabelle9.A"/>
   <table:table-column table:style-name="Tabelle9.B"/>
   <table:table-header-rows>
    <table:table-row>
     <table:table-cell table:value-type="string">
      <text:p text:style-name="Paragraph"><draw:image draw:name="图标7" svg:desc="图标" svg:pixelx="25" svg:pixely="25" svg:width="0.661cm" svg:height="0.661cm" xlink:href="65646" draw:filter-name=""/></text:p>

     </table:table-cell>
     <table:table-cell table:value-type="string">
      <text:p text:style-name="Paragraph"><help:help-text value="visible">转到表格中的最后一个数据条目。</help:help-text></text:p>
     </table:table-cell>
    </table:table-row>
   </table:table-header-rows>
  </table:table>
  <text:p text:style-name="Head 3">新建数据条目</text:p>
  <table:table table:name="Tabelle4" table:style-name="Tabelle4">
   <table:table-column table:style-name="Tabelle4.A"/>
   <table:table-column table:style-name="Tabelle4.B"/>
   <table:table-header-rows>
    <table:table-row>
     <table:table-cell table:value-type="string">
      <text:p text:style-name="Paragraph"><draw:image draw:name="图标8" svg:desc="图标" svg:pixelx="17" svg:pixely="16" svg:width="0.45cm" svg:height="0.423cm" xlink:href="65644" draw:filter-name=""/></text:p>

     </table:table-cell>
     <table:table-cell table:value-type="string">
      <text:p text:style-name="Paragraph"><help:help-text value="visible">在当前表格中插入新的数据条目。</help:help-text>要建立新的数据条目，请单击表格视图底部的星号 (*) 按钮。将在表格末尾处加入一个空行。</text:p>
     </table:table-cell>
    </table:table-row>
   </table:table-header-rows>
  </table:table>
  <text:p text:style-name="Head 3">数据条目的数目</text:p>
  <text:p text:style-name="Paragraph">[浏览栏] 中还显示了有关当前表格中数据条目数量的信息。例如，“数据条目 7 总计 9(2)”表示在含有 9 个数据条目的表格中选择了 2 个数据条目 (2)，而光标当前位于编号为 7 的数据条目处。</text:p>
  <text:p text:style-name="Head 3"><a name="kontextmenues"/>表格的格式</text:p>
  <text:p text:style-name="Paragraph">要访问用于格式化表格的命令，请在列标或行标上单击鼠标右键。</text:p>
  <text:p text:style-name="Head 2"><help:link Id="65760">表格格式...</help:link></text:p>
  <help:embedded Id="65760" Eid="tabformtext"></help:embedded>
  <text:p text:style-name="Head 2"><help:link Id="65640">行高...</help:link></text:p>
  <help:embedded Id="65640" Eid="zeilenhoehetext"></help:embedded>
  <help:embedded Id="65776" Eid="zeilenloeschen"></help:embedded>
  <text:p text:style-name="Head 2"><help:link Id="65837">列格式...</help:link></text:p>
  <help:embedded Id="65837" Eid="spaltformtext"></help:embedded>
  <text:p text:style-name="Head 2"><help:link Id="65756">列宽...</help:link></text:p>
  <help:embedded Id="65756" Eid="spaltetext"></help:embedded>
  <help:embedded Id="65737" Eid="feldausblenden"></help:embedded>
  <help:embedded Id="65831" Eid="alleeinblenden"></help:embedded>
 </office:body>
</office:document>
