

<office:document  xmlns:office="http://openoffice.org/2000/office" xmlns:style="http://openoffice.org/2000/style" xmlns:text="http://openoffice.org/2000/text" xmlns:table="http://openoffice.org/2000/table" xmlns:draw="http://openoffice.org/2000/drawing" xmlns:fo="http://www.w3.org/1999/XSL/Format" xmlns:xlink="http://www.w3.org/1999/xlink" xmlns:number="http://openoffice.org/2000/datastyle" xmlns:svg="http://www.w3.org/2000/svg" xmlns:chart="http://openoffice.org/2000/chart" xmlns:dr3d="http://openoffice.org/2000/dr3d" xmlns:math="http://www.w3.org/1998/Math/MathML" xmlns:form="http://openoffice.org/2000/form" xmlns:script="http://openoffice.org/2000/script" office:class="text" office:version="1.0" xmlns:dc="http://purl.org/dc/elements/1.1/" xmlns:meta="http://openoffice.org/2000/meta" xmlns:help="http://openoffice.org/2000/help">
<office:meta>
  <dc:description>text/common/01/06040600</dc:description>
  <dc:subject>字词补充完整</dc:subject>
  <meta:keywords>
   <meta:keyword>$Version</meta:keyword>
  </meta:keywords>
  <dc:language>zh-CN</dc:language>
  <meta:user-defined meta:name="Info 0">READY</meta:user-defined>
  <meta:user-defined meta:name="Info 1">FREE_OK</meta:user-defined>
  <meta:user-defined meta:name="Info 2"/>
  <meta:user-defined meta:name="Info 3"/>
</office:meta>
 <office:script/>
 <office:font-decls>
  <style:font-decl style:name="StarSymbol" fo:font-family="StarSymbol" style:font-charset="x-symbol"/>
  <style:font-decl style:name="Courier New" fo:font-family="&apos;Courier New&apos;" style:font-style-name="Standard" style:font-family-generic="modern" style:font-pitch="fixed"/>
  <style:font-decl style:name="Courier" fo:font-family="Courier" style:font-family-generic="roman" style:font-pitch="fixed"/>
  <style:font-decl style:name="Andale WT UI3" fo:font-family="&apos;Andale WT UI&apos;" style:font-pitch="variable"/>
  <style:font-decl style:name="Arial Unicode MS" fo:font-family="&apos;Arial Unicode MS&apos;" style:font-pitch="variable"/>
  <style:font-decl style:name="HG Mincho Light J" fo:font-family="&apos;HG Mincho Light J&apos;" style:font-pitch="variable"/>
  <style:font-decl style:name="Andale WT UI" fo:font-family="&apos;Andale WT UI&apos;" style:font-style-name="Fett" style:font-family-generic="roman" style:font-pitch="variable"/>
  <style:font-decl style:name="Andale WT UI1" fo:font-family="&apos;Andale WT UI&apos;" style:font-style-name="Standard" style:font-family-generic="roman" style:font-pitch="variable"/>
  <style:font-decl style:name="Thorndale" fo:font-family="Thorndale" style:font-family-generic="roman" style:font-pitch="variable"/>
  <style:font-decl style:name="Times New Roman" fo:font-family="&apos;Times New Roman&apos;" style:font-style-name="Fett" style:font-family-generic="roman" style:font-pitch="variable"/>
  <style:font-decl style:name="Andale WT UI2" fo:font-family="&apos;Andale WT UI&apos;" style:font-family-generic="swiss" style:font-pitch="variable"/>
 </office:font-decls>
 <office:automatic-styles>
  <style:style style:name="Tabelle3" style:family="table">
   <style:properties style:width="18cm" table:align="margins"/>
  </style:style>
  <style:style style:name="Tabelle3.A" style:family="table-column">
   <style:properties style:column-width="1.499cm" style:rel-column-width="5460*"/>
  </style:style>
  <style:style style:name="Tabelle3.B" style:family="table-column">
   <style:properties style:column-width="16.501cm" style:rel-column-width="60075*"/>
  </style:style>
  <style:style style:name="Tabelle3.1" style:family="table-row">
   <style:properties style:min-row-height="0.848cm"/>
  </style:style>
  <style:style style:name="Tabelle3.A1" style:family="table-cell">
   <style:properties fo:padding="0cm" fo:border="none"/>
  </style:style>
  <style:style style:name="Tabelle4" style:family="table">
   <style:properties style:width="18cm" table:align="margins"/>
  </style:style>
  <style:style style:name="Tabelle4.A" style:family="table-column">
   <style:properties style:column-width="1.499cm" style:rel-column-width="5461*"/>
  </style:style>
  <style:style style:name="Tabelle4.B" style:family="table-column">
   <style:properties style:column-width="16.501cm" style:rel-column-width="60074*"/>
  </style:style>
  <style:style style:name="P1" style:family="paragraph" style:parent-style-name="Paragraph" style:master-page-name="HTML">
   <style:properties style:page-number="0"/>
  </style:style>
  <style:style style:name="T1" style:family="text">
   <style:properties fo:font-weight="bold"/>
  </style:style>
  <style:style style:name="fr1" style:family="graphics" style:parent-style-name="Graphics">
   <style:properties fo:margin-left="0cm" fo:margin-right="0cm" fo:margin-top="0cm" fo:margin-bottom="0cm" style:run-through="foreground" style:wrap="run-through" style:vertical-pos="middle" style:vertical-rel="paragraph" style:horizontal-pos="left" style:horizontal-rel="paragraph" style:mirror="none" fo:clip="rect(0cm 0cm 0cm 0cm)" draw:luminance="0%" draw:contrast="0%" draw:red="0%" draw:green="0%" draw:blue="0%" draw:gamma="1" draw:color-inversion="false" draw:transparency="-100%" draw:color-mode="standard"/>
  </style:style>
  <style:style style:name="fr2" style:family="graphics" style:parent-style-name="Graphics">
   <style:properties style:run-through="foreground" style:wrap="run-through" style:vertical-pos="top" style:vertical-rel="paragraph" style:horizontal-pos="left" style:horizontal-rel="paragraph" style:mirror="none" fo:clip="rect(0cm 0cm 0cm 0cm)" draw:luminance="0%" draw:contrast="0%" draw:red="0%" draw:green="0%" draw:blue="0%" draw:gamma="1" draw:color-inversion="false" draw:transparency="-100%" draw:color-mode="standard"/>
  </style:style>
 </office:automatic-styles>
 <office:body>
  <text:variable-decls>
   <text:variable-decl text:value-type="string" text:name="HTML_ON"/>
   <text:variable-decl text:value-type="string" text:name="HTML_OFF"/>
   <text:variable-decl text:value-type="string" text:name="HREF"/>
   <text:variable-decl text:value-type="string" text:name="END"/>
   <text:variable-decl text:value-type="string" text:name="TITEL"/>
   <text:variable-decl text:value-type="string" text:name="NAME"/>
   <text:variable-decl text:value-type="string" text:name="HelpID"/>
   <text:variable-decl text:value-type="string" text:name="MODIFY"/>
   <text:variable-decl text:value-type="string" text:name="REFNR"/>
   <text:variable-decl text:value-type="string" text:name="OS2"/>
   <text:variable-decl text:value-type="string" text:name="ELSE"/>
   <text:variable-decl text:value-type="string" text:name="HFELD"/>
   <text:variable-decl text:value-type="string" text:name="INDEX"/>
   <text:variable-decl text:value-type="string" text:name="MAC"/>
   <text:variable-decl text:value-type="string" text:name="WIN"/>
   <text:variable-decl text:value-type="string" text:name="KEY"/>
   <text:variable-decl text:value-type="string" text:name="AKTHLP"/>
   <text:variable-decl text:value-type="string" text:name="STYLE"/>
  </text:variable-decls>
  <text:sequence-decls>
   <text:sequence-decl text:display-outline-level="0" text:name="Illustration"/>
   <text:sequence-decl text:display-outline-level="0" text:name="Table"/>
   <text:sequence-decl text:display-outline-level="0" text:name="Text"/>
   <text:sequence-decl text:display-outline-level="0" text:name="Drawing"/>
  </text:sequence-decls>
  <help:to-be-embedded Eid="worterg">
  <text:p text:style-name="Head 1"><help:key-word value="字词自动补充完整; 自动更正" tag="kw65777_1"/><help:key-word value="补充字词; 自动更正" tag="kw65777_7"/><help:key-word value="自动完成; 自动更正" tag="kw65777_6"/><help:key-word value="自动更正; 字词补充完整" tag="kw65777_5"/><help:key-word value="字词补充完整; 自动更正" tag="kw65777_4"/><help:link Id="65777">字词补充完整</help:link></text:p>
  <text:p text:style-name="Paragraph">设定用于在键入时补充完整常用字词的选项。</text:p>
  </help:to-be-embedded>
  <help:popup Id="65589" Eid="autokoworterg"><help:embedded Id="65598" Eid="wie"></help:embedded></help:popup>
  <text:p text:style-name="Head 2"><a name="wortergaenzung"/>字词自动补充完整</text:p>
  <text:p text:style-name="Paragraph"><help:productname>%PRODUCTNAME</help:productname> 收集了当前会话中常用的字词。如果您以后键入所收集字词的前三个字母，<help:productname>%PRODUCTNAME</help:productname> 就会自动补充完整该字词。 如果需要，也可以将被跟踪的字词的当前列单存盘，以便用于下一个会话。</text:p>
  <text:p text:style-name="Paragraph">要接受字词补充完整的建议，请按 Enter 键，否则请继续键入。</text:p>
  <text:p text:style-name="Paragraph">如果自动更正的“记忆”中有多个字词与键入的三个字母匹配，请按 <help:switch select="System"><help:case select ="MAC">Command</help:case><help:default>Ctrl</help:default></help:switch>+Tab 键以循环显示这些字词。只要还有符合匹配条件的字词，就会立即显示新的补充字词。要按相反的方向循环，请按 <help:switch select="System"><help:case select ="MAC">Command</help:case><help:default>Ctrl</help:default></help:switch>+Shift+Tab 键。</text:p>
  <help:switch select="Program"><help:case select="WRITER">
  <table:table table:name="Tabelle3" table:style-name="Tabelle3">
   <table:table-column table:style-name="Tabelle3.A"/>
   <table:table-column table:style-name="Tabelle3.B"/>
   <table:table-header-rows>
    <table:table-row table:style-name="Tabelle3.1">
     <table:table-cell table:style-name="Tabelle3.A1" table:value-type="string">
      <text:p text:style-name="Paragraph"><draw:image draw:name="备注0" svg:desc="备注图标" svg:pixelx="32" svg:pixely="32" svg:width="0.847cm" svg:height="0.847cm" xlink:href="65980" draw:filter-name=""/></text:p>

     </table:table-cell>
     <table:table-cell table:style-name="Tabelle3.A1" table:value-type="string">
      <text:p text:style-name="Paragraph"><help:key-word value="工作日; 自动补充完整" tag="kw65777_3"/><help:key-word value="月; 自动补充完整" tag="kw65777_2"/>有些词，例如星期的天数和月份，即使不在替换表中也将自动补充完整。</text:p>
     </table:table-cell>
    </table:table-row>
   </table:table-header-rows>
  </table:table>
  </help:case></help:switch>
  <text:p text:style-name="Head 3"><help:help-id value="OFFMGR_CHECKBOX_RID_OFAPAGE_AUTOCOMPLETE_OPTIONS_CB_ACTIV"/>启用字词补充完整功能</text:p>
  <text:p text:style-name="Paragraph"><help:help-text value="visible">存储常用的字词，并在您键入与所存储字词的前三个字母匹配的三个字母后，自动补充完整这些字词。</help:help-text></text:p>
  <text:p text:style-name="Head 3"><help:help-id value="OFFMGR_CHECKBOX_RID_OFAPAGE_AUTOCOMPLETE_OPTIONS_CB_APPEND_SPACE"/>附加空格字符</text:p>
  <text:p text:style-name="Paragraph"><help:help-text value="visible">如果没有在字词后加入标点，<help:productname>%PRODUCTNAME</help:productname> 会加入一个空格。</help:help-text></text:p>
  <text:p text:style-name="Head 3"><help:help-id value="OFFMGR_CHECKBOX_RID_OFAPAGE_AUTOCOMPLETE_OPTIONS_CB_AS_TIP"/>当作提示显示</text:p>
  <text:p text:style-name="Paragraph"><help:help-text value="visible">以帮助提示的形式显示补充完整的字词。</help:help-text></text:p>
  <text:p text:style-name="Head 3"><help:help-id value="OFFMGR_CHECKBOX_RID_OFAPAGE_AUTOCOMPLETE_OPTIONS_CB_COLLECT"/>收集建议</text:p>
  <text:p text:style-name="Paragraph"><help:help-text value="visible">将常用的词加入到列单中。要从“字词补充完整”列单中删除词，请选择该词，然后单击<text:span text:style-name="T1">“删除条目”</text:span>。</help:help-text></text:p>
  <text:p text:style-name="Head 3"><help:help-id value="OFFMGR_CHECKBOX_RID_OFAPAGE_AUTOCOMPLETE_OPTIONS_CB_KEEP_LIST"/>关闭文档时存盘列单，以备日后在其他文档中使用。</text:p>
  <text:p text:style-name="Paragraph"><help:help-text value="visible">存盘当前的“字词补充完整”列单，以便在开始新会话时重复使用。</help:help-text></text:p>
  <text:p text:style-name="Head 3"><help:help-id value="OFFMGR_LISTBOX_RID_OFAPAGE_AUTOCOMPLETE_OPTIONS_DCB_EXPAND_KEY"/>接受时按击</text:p>
  <text:p text:style-name="Paragraph"><help:help-text value="visible">选择要接受自动补充完整的字词时所用的键。</help:help-text></text:p>
  <text:p text:style-name="Head 3"><help:help-id value="OFFMGR_NUMERICFIELD_RID_OFAPAGE_AUTOCOMPLETE_OPTIONS_NF_MIN_WORDLEN"/>最少字符数目</text:p>
  <text:p text:style-name="Paragraph"><help:help-text value="visible">输入要跟踪和补充完整的字词的最少字母数。您无法输入小于 5 的数值。</help:help-text></text:p>
  <text:p text:style-name="Head 3"><help:help-id value="OFFMGR_NUMERICFIELD_RID_OFAPAGE_AUTOCOMPLETE_OPTIONS_NF_MAX_ENTRIES"/>最多条目数</text:p>
  <text:p text:style-name="Paragraph"><help:help-text value="visible">输入要在“字词补充完整”列单中存储的最多字词数。</help:help-text></text:p>
  <text:p text:style-name="Head 3"><help:help-id value="OFFMGR_MULTILISTBOX_RID_OFAPAGE_AUTOCOMPLETE_OPTIONS_LB_ENTRIES"/>单词表</text:p>
  <text:p text:style-name="Paragraph"><help:help-text value="visible">列出现有的字词补充完整条目。要存盘列单以用于其他会话，请选择<text:span text:style-name="T1">“收集建议”</text:span>，然后选择<text:span text:style-name="T1">“在关闭文档时存盘列单以备后用”</text:span>。</help:help-text></text:p>
  <table:table table:name="Tabelle4" table:style-name="Tabelle4">
   <table:table-column table:style-name="Tabelle4.A"/>
   <table:table-column table:style-name="Tabelle4.B"/>
   <table:table-header-rows>
    <table:table-row>
     <table:table-cell table:value-type="string">
      <text:p text:style-name="Paragraph"><draw:image draw:name="备注1" svg:desc="备注图标" svg:pixelx="32" svg:pixely="32" svg:width="0.847cm" svg:height="0.847cm" xlink:href="65980" draw:filter-name=""/></text:p>

     </table:table-cell>
     <table:table-cell table:value-type="string">
      <text:p text:style-name="Paragraph">如果已启用了自动拼写检查，就会只收集拼写检查认识的那些字。</text:p>
     </table:table-cell>
    </table:table-row>
   </table:table-header-rows>
  </table:table>
  <text:p text:style-name="Head 3"><help:help-id value="OFFMGR_PUSHBUTTON_RID_OFAPAGE_AUTOCOMPLETE_OPTIONS_PB_ENTRIES"/>删除条目</text:p>
  <text:p text:style-name="Paragraph"><help:help-text value="visible">从“字词补充完整”列单中删除选定的字词。</help:help-text></text:p>
 </office:body>
</office:document>
