

<office:document  xmlns:office="http://openoffice.org/2000/office" xmlns:style="http://openoffice.org/2000/style" xmlns:text="http://openoffice.org/2000/text" xmlns:table="http://openoffice.org/2000/table" xmlns:draw="http://openoffice.org/2000/drawing" xmlns:fo="http://www.w3.org/1999/XSL/Format" xmlns:xlink="http://www.w3.org/1999/xlink" xmlns:number="http://openoffice.org/2000/datastyle" xmlns:svg="http://www.w3.org/2000/svg" xmlns:chart="http://openoffice.org/2000/chart" xmlns:dr3d="http://openoffice.org/2000/dr3d" xmlns:math="http://www.w3.org/1998/Math/MathML" xmlns:form="http://openoffice.org/2000/form" xmlns:script="http://openoffice.org/2000/script" office:class="text" office:version="1.0" xmlns:dc="http://purl.org/dc/elements/1.1/" xmlns:meta="http://openoffice.org/2000/meta" xmlns:help="http://openoffice.org/2000/help">
<office:meta>
  <dc:description>text/common/01/06140401</dc:description>
  <dc:subject>编辑图标栏</dc:subject>
  <meta:keywords>
   <meta:keyword>$Version</meta:keyword>
  </meta:keywords>
  <dc:language>zh-CN</dc:language>
  <meta:user-defined meta:name="Info 0">READY</meta:user-defined>
  <meta:user-defined meta:name="Info 1">FREE_OK</meta:user-defined>
  <meta:user-defined meta:name="Info 2"/>
  <meta:user-defined meta:name="Info 3"/>
</office:meta>
 <office:script/>
 <office:font-decls>
  <style:font-decl style:name="StarSymbol" fo:font-family="StarSymbol" style:font-charset="x-symbol"/>
  <style:font-decl style:name="Courier New" fo:font-family="&apos;Courier New&apos;" style:font-style-name="Standard" style:font-family-generic="modern" style:font-pitch="fixed"/>
  <style:font-decl style:name="Courier" fo:font-family="Courier" style:font-family-generic="roman" style:font-pitch="fixed"/>
  <style:font-decl style:name="Andale WT UI4" fo:font-family="&apos;Andale WT UI&apos;" style:font-pitch="variable"/>
  <style:font-decl style:name="Arial Unicode MS" fo:font-family="&apos;Arial Unicode MS&apos;" style:font-pitch="variable"/>
  <style:font-decl style:name="HG Mincho Light J" fo:font-family="&apos;HG Mincho Light J&apos;" style:font-pitch="variable"/>
  <style:font-decl style:name="Andale WT UI" fo:font-family="&apos;Andale WT UI&apos;" style:font-family-generic="roman" style:font-pitch="variable"/>
  <style:font-decl style:name="Andale WT UI1" fo:font-family="&apos;Andale WT UI&apos;" style:font-style-name="Fett" style:font-family-generic="roman" style:font-pitch="variable"/>
  <style:font-decl style:name="Andale WT UI2" fo:font-family="&apos;Andale WT UI&apos;" style:font-style-name="Standard" style:font-family-generic="roman" style:font-pitch="variable"/>
  <style:font-decl style:name="Thorndale" fo:font-family="Thorndale" style:font-family-generic="roman" style:font-pitch="variable"/>
  <style:font-decl style:name="Times New Roman" fo:font-family="&apos;Times New Roman&apos;" style:font-style-name="Fett" style:font-family-generic="roman" style:font-pitch="variable"/>
  <style:font-decl style:name="Andale WT UI3" fo:font-family="&apos;Andale WT UI&apos;" style:font-family-generic="swiss" style:font-pitch="variable"/>
 </office:font-decls>
 <office:automatic-styles>
  <style:style style:name="Tabelle1" style:family="table">
   <style:properties style:width="18cm" table:align="margins"/>
  </style:style>
  <style:style style:name="Tabelle1.A" style:family="table-column">
   <style:properties style:column-width="1.499cm" style:rel-column-width="5460*"/>
  </style:style>
  <style:style style:name="Tabelle1.B" style:family="table-column">
   <style:properties style:column-width="16.501cm" style:rel-column-width="60075*"/>
  </style:style>
  <style:style style:name="Tabelle1.1" style:family="table-row">
   <style:properties style:min-row-height="0.848cm"/>
  </style:style>
  <style:style style:name="Tabelle1.A1" style:family="table-cell">
   <style:properties fo:padding="0cm" fo:border="none"/>
  </style:style>
  <style:style style:name="P1" style:family="paragraph" style:parent-style-name="Paragraph" style:master-page-name="HTML">
   <style:properties style:page-number="0"/>
  </style:style>
  <style:style style:name="T1" style:family="text">
   <style:properties fo:font-weight="bold"/>
  </style:style>
  <style:style style:name="fr1" style:family="graphics" style:parent-style-name="Graphics">
   <style:properties style:run-through="foreground" style:wrap="run-through" style:vertical-pos="middle" style:vertical-rel="paragraph" style:horizontal-pos="left" style:horizontal-rel="paragraph" style:mirror="none" fo:clip="rect(0cm 0cm 0cm 0cm)" draw:luminance="0%" draw:contrast="0%" draw:red="0%" draw:green="0%" draw:blue="0%" draw:gamma="1" draw:color-inversion="false" draw:transparency="-100%" draw:color-mode="standard"/>
  </style:style>
 </office:automatic-styles>
 <office:body>
  <text:variable-decls>
   <text:variable-decl text:value-type="string" text:name="HTML_ON"/>
   <text:variable-decl text:value-type="string" text:name="HTML_OFF"/>
   <text:variable-decl text:value-type="string" text:name="TITEL"/>
   <text:variable-decl text:value-type="string" text:name="END"/>
   <text:variable-decl text:value-type="string" text:name="HREF"/>
   <text:variable-decl text:value-type="string" text:name="MAC"/>
   <text:variable-decl text:value-type="string" text:name="OS2"/>
   <text:variable-decl text:value-type="string" text:name="ELSE"/>
   <text:variable-decl text:value-type="string" text:name="NAME"/>
   <text:variable-decl text:value-type="string" text:name="HelpID"/>
   <text:variable-decl text:value-type="string" text:name="MODIFY"/>
   <text:variable-decl text:value-type="string" text:name="REFNR"/>
   <text:variable-decl text:value-type="string" text:name="INDEX"/>
   <text:variable-decl text:value-type="string" text:name="KEY"/>
   <text:variable-decl text:value-type="string" text:name="AKTHLP"/>
   <text:variable-decl text:value-type="string" text:name="WIN"/>
   <text:variable-decl text:value-type="string" text:name="STYLE"/>
  </text:variable-decls>
  <text:sequence-decls>
   <text:sequence-decl text:display-outline-level="0" text:name="Illustration"/>
   <text:sequence-decl text:display-outline-level="0" text:name="Table"/>
   <text:sequence-decl text:display-outline-level="0" text:name="Text"/>
   <text:sequence-decl text:display-outline-level="0" text:name="Drawing"/>
  </text:sequence-decls>
  <text:p text:style-name="P1"/>
  <text:p text:style-name="Head 1"><help:help-id value="SID_CUSTOMIZETOOLBOX"/>编辑图标栏</text:p>
  <text:p text:style-name="Paragraph"><help:to-be-embedded Eid="symbolleistenbearbeitentext"><help:help-text value="visible">编辑图标栏按钮。</help:help-text></help:to-be-embedded></text:p>
  <help:popup Id="65589" Eid="symbolebearbeiten"><help:embedded Id="65598" Eid="wie"></help:embedded></help:popup>
  <text:p text:style-name="Head 2"><help:help-id value="HID_CUSTOMIZETOOLBOX_FUNCTIONS"/>可用的按钮</text:p>
  <text:p text:style-name="Paragraph"><help:help-text value="visible">显示按分类管理的按钮列单。单击 (+) 符号或按加号 (+) 键查看分类中的按钮。要将选定的按钮加入到图标栏中，请在 <text:span text:style-name="T1">[图标栏]</text:span> 框中选择图标栏，然后单击<text:span text:style-name="T1">“新增”</text:span>。</help:help-text></text:p>
  <text:p text:style-name="Head 2"><help:help-id value="HID_CUSTOMIZETOOLBOX_TOOLBOX"/>使用中的按钮</text:p>
  <text:p text:style-name="Paragraph"><help:help-text value="visible">列出 <text:span text:style-name="T1">[图标栏]</text:span> 框中选定图标栏的可用按钮。要显示按钮，请选择名称旁边的复选框。要隐入按钮，请清除该复选框。</help:help-text></text:p>
  <table:table table:name="Tabelle1" table:style-name="Tabelle1">
   <table:table-column table:style-name="Tabelle1.A"/>
   <table:table-column table:style-name="Tabelle1.B"/>
   <table:table-header-rows>
    <table:table-row table:style-name="Tabelle1.1">
     <table:table-cell table:style-name="Tabelle1.A1" table:value-type="string">
      <text:p text:style-name="Paragraph"><draw:image draw:name="图标0" svg:desc="提示图标" svg:pixelx="32" svg:pixely="32" svg:width="0.847cm" svg:height="0.847cm" xlink:href="66732" draw:filter-name=""/></text:p>

     </table:table-cell>
     <table:table-cell table:style-name="Tabelle1.A1" table:value-type="string">
      <text:p text:style-name="Paragraph">也可以在任何程序视窗中的图标栏上单击鼠标右键，选择 <text:span text:style-name="T1">[可见的按钮]</text:span>，然后单击按钮名称以显示或隐入该按钮。</text:p>
     </table:table-cell>
    </table:table-row>
   </table:table-header-rows>
  </table:table>
  <text:p text:style-name="Head 2"><help:help-id value="SFX2_PUSHBUTTON_RID_TOOLBOXCUSTOMIZE_BTN_TB_ADD"/>新增</text:p>
  <text:p text:style-name="Paragraph"><help:help-text value="visible">将 <text:span text:style-name="T1">[可见的按钮]</text:span> 框中选择的按钮加入到图标栏的<text:span text:style-name="T1">“使用中的按钮”</text:span>框中。</help:help-text>默认情况下，此按钮可见。</text:p>
  <text:p text:style-name="Head 2"><help:help-id value="SFX2_PUSHBUTTON_RID_TOOLBOXCUSTOMIZE_BTN_TB_REMOVE"/>移除</text:p>
  <text:p text:style-name="Paragraph"><help:help-text value="visible">从<text:span text:style-name="T1">“使用中的按钮”</text:span>框中删除选定的按钮。</help:help-text></text:p>
  <text:p text:style-name="Head 2"><help:help-id value="SFX2_PUSHBUTTON_RID_TOOLBOXCUSTOMIZE_BTN_TB_APPLY"/>套用</text:p>
  <text:p text:style-name="Paragraph"><help:help-text value="visible">将所做的更改采用到选定的图标栏。</help:help-text>如果此图标栏可见，则立即显示所做的更改。</text:p>
  <text:p text:style-name="Head 2"><help:help-id value="SFX2_PUSHBUTTON_RID_TOOLBOXCUSTOMIZE_BTN_TB_DEFAULT"/>预置</text:p>
  <text:p text:style-name="Paragraph"><help:help-text value="visible">将选定图标栏的按钮版式重设为原来的设定。</help:help-text></text:p>
  <text:p text:style-name="Head 2"><help:help-id value="SFX2_PUSHBUTTON_RID_TOOLBOXCUSTOMIZE_BTN_TB_MOVEUP"/>向上</text:p>
  <text:p text:style-name="Paragraph"><help:help-text value="visible">在<text:span text:style-name="T1">“使用中的按钮”</text:span>列单中将选定的按钮上移一个位置。</help:help-text></text:p>
  <text:p text:style-name="Head 2"><help:help-id value="SFX2_PUSHBUTTON_RID_TOOLBOXCUSTOMIZE_BTN_TB_MOVEDOWN"/>向下</text:p>
  <text:p text:style-name="Paragraph"><help:help-text value="visible">在<text:span text:style-name="T1">“使用中的按钮”</text:span>列单中将选定的按钮下移一个位置。</help:help-text></text:p>
  <text:p text:style-name="Head 2"><help:help-id value="SFX2_PUSHBUTTON_RID_TOOLBOXCUSTOMIZE_BTN_TB_ICONS"/>图标</text:p>
  <text:p text:style-name="Paragraph"><help:help-text value="visible">为选定按钮选择新图像。只能更改<text:span text:style-name="T1">“使用中的按钮”</text:span>列单中前面带有选中标记的按钮的图像。</help:help-text></text:p>
  <text:p text:style-name="Head 3"><help:help-id value="HID_USERDEFBMP"/>修改按钮<help:key-word value="图标; 编辑" tag="kw65862_1"/><help:key-word value="按钮; 编辑" tag="kw65862_3"/><help:key-word value="编辑; 图标" tag="kw65862_2"/></text:p>
  <text:p text:style-name="Paragraph"><help:help-text value="visible">选择新图标，并单击“确定”以采用更改。</help:help-text></text:p>
  <text:p text:style-name="Paragraph">如果要使用自定图标，请将此图标以 *.BMP 格式存盘到“{installpath}/share/config/symbol”目录中。每次打开 <text:span text:style-name="T1">[修改按钮]</text:span> 对话框时，<help:productname>%PRODUCTNAME</help:productname> 将自动搜寻此目录中的新图标。自定图标的大小为 16 x 16 像素或 26 x 26 像素，颜色不得多于 256 种。</text:p>
  <text:p text:style-name="Head 3"><help:help-id value="SFX2_EDIT_RID_USERDEFBMP_FT_DESC"/>功能：</text:p>
  <text:p text:style-name="Paragraph"><help:help-text value="visible">显示可以为其选择图标的功能的名称。</help:help-text></text:p>
  <text:p text:style-name="Head 3"><help:help-id value="SFX2_PUSHBUTTON_RID_USERDEFBMP_BTN_TB_DEFAULTIMAGE"/>默认值</text:p>
  <text:p text:style-name="Paragraph"><help:help-text value="visible">将选定按钮的图标重设为默认图标。</help:help-text></text:p>
  <help:switch select="System"><help:case select ="WIN">
  <text:p text:style-name="ParaList"><help:embedded Id="65598" Eid="related"></help:embedded></text:p>
  <text:p text:style-name="ParaList"><help:embedded Id="68050" Eid="edit_symbolbar"></help:embedded></text:p>
  </help:case></help:switch>
 </office:body>
</office:document>
