

<office:document  xmlns:office="http://openoffice.org/2000/office" xmlns:style="http://openoffice.org/2000/style" xmlns:text="http://openoffice.org/2000/text" xmlns:table="http://openoffice.org/2000/table" xmlns:draw="http://openoffice.org/2000/drawing" xmlns:fo="http://www.w3.org/1999/XSL/Format" xmlns:xlink="http://www.w3.org/1999/xlink" xmlns:number="http://openoffice.org/2000/datastyle" xmlns:svg="http://www.w3.org/2000/svg" xmlns:chart="http://openoffice.org/2000/chart" xmlns:dr3d="http://openoffice.org/2000/dr3d" xmlns:math="http://www.w3.org/1998/Math/MathML" xmlns:form="http://openoffice.org/2000/form" xmlns:script="http://openoffice.org/2000/script" office:class="text" office:version="1.0" xmlns:dc="http://purl.org/dc/elements/1.1/" xmlns:meta="http://openoffice.org/2000/meta" xmlns:help="http://openoffice.org/2000/help">
<office:meta>
  <dc:description>text/common/01/06140400</dc:description>
  <dc:subject>图标栏</dc:subject>
  <meta:keywords>
   <meta:keyword>$Version</meta:keyword>
  </meta:keywords>
  <dc:language>zh-CN</dc:language>
  <meta:user-defined meta:name="Info 0">READY</meta:user-defined>
  <meta:user-defined meta:name="Info 1">FREE_OK</meta:user-defined>
  <meta:user-defined meta:name="Info 2"/>
  <meta:user-defined meta:name="Info 3"/>
</office:meta>
 <office:script/>
 <office:font-decls>
  <style:font-decl style:name="StarSymbol" fo:font-family="StarSymbol" style:font-charset="x-symbol"/>
  <style:font-decl style:name="Courier New" fo:font-family="&apos;Courier New&apos;" style:font-style-name="Standard" style:font-family-generic="modern" style:font-pitch="fixed"/>
  <style:font-decl style:name="Courier" fo:font-family="Courier" style:font-family-generic="roman" style:font-pitch="fixed"/>
  <style:font-decl style:name="Andale WT UI3" fo:font-family="&apos;Andale WT UI&apos;" style:font-pitch="variable"/>
  <style:font-decl style:name="Arial Unicode MS" fo:font-family="&apos;Arial Unicode MS&apos;" style:font-pitch="variable"/>
  <style:font-decl style:name="HG Mincho Light J" fo:font-family="&apos;HG Mincho Light J&apos;" style:font-pitch="variable"/>
  <style:font-decl style:name="Andale WT UI" fo:font-family="&apos;Andale WT UI&apos;" style:font-style-name="Fett" style:font-family-generic="roman" style:font-pitch="variable"/>
  <style:font-decl style:name="Andale WT UI1" fo:font-family="&apos;Andale WT UI&apos;" style:font-style-name="Standard" style:font-family-generic="roman" style:font-pitch="variable"/>
  <style:font-decl style:name="Thorndale" fo:font-family="Thorndale" style:font-family-generic="roman" style:font-pitch="variable"/>
  <style:font-decl style:name="Times New Roman" fo:font-family="&apos;Times New Roman&apos;" style:font-style-name="Fett" style:font-family-generic="roman" style:font-pitch="variable"/>
  <style:font-decl style:name="Andale WT UI2" fo:font-family="&apos;Andale WT UI&apos;" style:font-family-generic="swiss" style:font-pitch="variable"/>
 </office:font-decls>
 <office:automatic-styles>
  <style:style style:name="P1" style:family="paragraph" style:parent-style-name="Paragraph" style:master-page-name="HTML">
   <style:properties style:page-number="0"/>
  </style:style>
  <style:style style:name="T1" style:family="text">
   <style:properties fo:font-weight="bold"/>
  </style:style>
 </office:automatic-styles>
 <office:body>
  <text:variable-decls>
   <text:variable-decl text:value-type="string" text:name="HTML_ON"/>
   <text:variable-decl text:value-type="string" text:name="HTML_OFF"/>
   <text:variable-decl text:value-type="string" text:name="TITEL"/>
   <text:variable-decl text:value-type="string" text:name="END"/>
   <text:variable-decl text:value-type="string" text:name="HREF"/>
   <text:variable-decl text:value-type="string" text:name="MAC"/>
   <text:variable-decl text:value-type="string" text:name="OS2"/>
   <text:variable-decl text:value-type="string" text:name="ELSE"/>
   <text:variable-decl text:value-type="string" text:name="NAME"/>
   <text:variable-decl text:value-type="string" text:name="HelpID"/>
   <text:variable-decl text:value-type="string" text:name="MODIFY"/>
   <text:variable-decl text:value-type="string" text:name="REFNR"/>
   <text:variable-decl text:value-type="string" text:name="KEY"/>
   <text:variable-decl text:value-type="string" text:name="INDEX"/>
   <text:variable-decl text:value-type="string" text:name="AKTHLP"/>
   <text:variable-decl text:value-type="string" text:name="STYLE"/>
  </text:variable-decls>
  <text:sequence-decls>
   <text:sequence-decl text:display-outline-level="0" text:name="Illustration"/>
   <text:sequence-decl text:display-outline-level="0" text:name="Table"/>
   <text:sequence-decl text:display-outline-level="0" text:name="Text"/>
   <text:sequence-decl text:display-outline-level="0" text:name="Drawing"/>
  </text:sequence-decls>
  <help:to-be-embedded Eid="symbolleisten">
  <text:p text:style-name="Head 1"><help:link Id="65796">图标栏</help:link></text:p>
  <text:p text:style-name="Paragraph">用于编辑 <help:productname>%PRODUCTNAME</help:productname> 图标栏。</text:p>
  </help:to-be-embedded>
  <text:p text:style-name="Paragraph">在图标栏上单击鼠标右键也可以访问编辑命令。</text:p>
  <help:popup Id="65589" Eid="symbole"><help:embedded Id="65598" Eid="wie"></help:embedded></help:popup>
  <text:p text:style-name="Paragraph"><help:embedded Id="68012" Eid="functionbar_edit"></help:embedded></text:p>
  <text:p text:style-name="Head 2"><help:help-id value="HID_TOOLBOXCONFIG_LISTBOX"/>可见的图标栏</text:p>
  <text:p text:style-name="Paragraph"><help:help-text value="visible">列出可以使用的图标栏。要显示图标栏，请选择图标栏名称前面的复选框。要隐入图标栏，请清除图标栏名称前面的复选框。</help:help-text></text:p>
  <text:p text:style-name="Head 2">选项</text:p>
  <text:p text:style-name="Head 3"><help:help-id value="SFX2_LISTBOX_TP_CONFIG_OBJECTBAR_LB_CONTENT"/>内容</text:p>
  <text:p text:style-name="Paragraph"><help:help-text value="visible">选择显示<text:span text:style-name="T1">“可见的图标栏”</text:span>列单中选定图标栏上的命令时采用的选项。</help:help-text></text:p>
  <text:p text:style-name="Head 2"><help:help-id value="SFX2_PUSHBUTTON_TP_CONFIG_OBJECTBAR_BTN_NEW"/>新建</text:p>
  <text:p text:style-name="Paragraph"><help:help-text value="visible">建立新的图标栏。</help:help-text></text:p>
  <help:help-id value="SFX2_PUSHBUTTON_TP_CONFIG_OBJECTBAR_BTN_DELETE"/><help:embedded Id="65630" Eid="loeschen1"></help:embedded>
  <text:p text:style-name="Head 2"><help:help-id value="HID_CONFIG_OBJECTBAR"/><help:help-id value="SFX2_PUSHBUTTON_TP_CONFIG_OBJECTBAR_BTN_CUSTOMIZE"/><a name="bearbeiten"/>编辑</text:p>
  <text:p text:style-name="Paragraph"><a name="bearbeitentext"/><help:help-text value="visible">新增、移除或重命名 <help:productname>%PRODUCTNAME</help:productname> 图标栏上的按钮。还可以更改图标栏按钮上显示的图标。</help:help-text></text:p>
  <text:p text:style-name="Head 2"><help:help-id value="SFX2_PUSHBUTTON_TP_CONFIG_OBJECTBAR_BTN_LOAD"/>装入</text:p>
  <text:p text:style-name="Paragraph"><help:help-text value="visible">用以前存盘的图标栏配置替换当前的图标栏配置。</help:help-text></text:p>
  <text:p text:style-name="Head 2"><help:help-id value="SFX2_PUSHBUTTON_TP_CONFIG_OBJECTBAR_BTN_SAVE"/>存盘</text:p>
  <text:p text:style-name="Paragraph"><help:help-text value="visible">存盘当前的图标栏配置，以供日后打开。</help:help-text></text:p>
  <help:embedded Id="68256" Eid="configure_save"></help:embedded>
  <help:help-id value="SFX2_PUSHBUTTON_TP_CONFIG_OBJECTBAR_BTN_RESET"/><help:embedded Id="65630" Eid="zuruecksetzen"></help:embedded>
 </office:body>
</office:document>
