

<office:document  xmlns:office="http://openoffice.org/2000/office" xmlns:style="http://openoffice.org/2000/style" xmlns:text="http://openoffice.org/2000/text" xmlns:table="http://openoffice.org/2000/table" xmlns:draw="http://openoffice.org/2000/drawing" xmlns:fo="http://www.w3.org/1999/XSL/Format" xmlns:xlink="http://www.w3.org/1999/xlink" xmlns:number="http://openoffice.org/2000/datastyle" xmlns:svg="http://www.w3.org/2000/svg" xmlns:chart="http://openoffice.org/2000/chart" xmlns:dr3d="http://openoffice.org/2000/dr3d" xmlns:math="http://www.w3.org/1998/Math/MathML" xmlns:form="http://openoffice.org/2000/form" xmlns:script="http://openoffice.org/2000/script" office:class="text" office:version="1.0" xmlns:dc="http://purl.org/dc/elements/1.1/" xmlns:meta="http://openoffice.org/2000/meta" xmlns:help="http://openoffice.org/2000/help">
<office:meta>
  <dc:description>text/common/01/08060100</dc:description>
  <dc:subject>注册</dc:subject>
  <meta:keywords>
   <meta:keyword>$Version</meta:keyword>
  </meta:keywords>
  <dc:language>zh-CN</dc:language>
  <meta:user-defined meta:name="Info 0">READY</meta:user-defined>
  <meta:user-defined meta:name="Info 1">FREE_OK</meta:user-defined>
  <meta:user-defined meta:name="Info 2"/>
  <meta:user-defined meta:name="Info 3"/>
</office:meta>
 <office:script/>
 <office:font-decls>
  <style:font-decl style:name="StarSymbol" fo:font-family="StarSymbol" style:font-charset="x-symbol"/>
  <style:font-decl style:name="Courier New" fo:font-family="&apos;Courier New&apos;" style:font-style-name="Standard" style:font-family-generic="modern" style:font-pitch="fixed"/>
  <style:font-decl style:name="Courier" fo:font-family="Courier" style:font-family-generic="roman" style:font-pitch="fixed"/>
  <style:font-decl style:name="Andale WT UI3" fo:font-family="&apos;Andale WT UI&apos;" style:font-pitch="variable"/>
  <style:font-decl style:name="Arial Unicode MS" fo:font-family="&apos;Arial Unicode MS&apos;" style:font-pitch="variable"/>
  <style:font-decl style:name="HG Mincho Light J" fo:font-family="&apos;HG Mincho Light J&apos;" style:font-pitch="variable"/>
  <style:font-decl style:name="Andale WT UI" fo:font-family="&apos;Andale WT UI&apos;" style:font-style-name="Fett" style:font-family-generic="roman" style:font-pitch="variable"/>
  <style:font-decl style:name="Andale WT UI1" fo:font-family="&apos;Andale WT UI&apos;" style:font-style-name="Standard" style:font-family-generic="roman" style:font-pitch="variable"/>
  <style:font-decl style:name="Thorndale" fo:font-family="Thorndale" style:font-family-generic="roman" style:font-pitch="variable"/>
  <style:font-decl style:name="Times New Roman1" fo:font-family="&apos;Times New Roman&apos;" style:font-family-generic="roman" style:font-pitch="variable"/>
  <style:font-decl style:name="Times New Roman" fo:font-family="&apos;Times New Roman&apos;" style:font-style-name="Fett" style:font-family-generic="roman" style:font-pitch="variable"/>
  <style:font-decl style:name="Andale WT UI2" fo:font-family="&apos;Andale WT UI&apos;" style:font-family-generic="swiss" style:font-pitch="variable"/>
 </office:font-decls>
 <office:automatic-styles>
  <style:style style:name="P1" style:family="paragraph" style:parent-style-name="Paragraph" style:master-page-name="HTML">
   <style:properties style:page-number="0"/>
  </style:style>
  <style:style style:name="T1" style:family="text">
   <style:properties fo:font-weight="bold"/>
  </style:style>
 </office:automatic-styles>
 <office:body>
  <text:variable-decls>
   <text:variable-decl text:value-type="string" text:name="HTML_ON"/>
   <text:variable-decl text:value-type="string" text:name="HTML_OFF"/>
   <text:variable-decl text:value-type="string" text:name="TITEL"/>
   <text:variable-decl text:value-type="string" text:name="END"/>
   <text:variable-decl text:value-type="string" text:name="NAME"/>
   <text:variable-decl text:value-type="string" text:name="HREF"/>
   <text:variable-decl text:value-type="string" text:name="HelpID"/>
   <text:variable-decl text:value-type="string" text:name="MODIFY"/>
   <text:variable-decl text:value-type="string" text:name="REFNR"/>
   <text:variable-decl text:value-type="string" text:name="AKTHLP"/>
   <text:variable-decl text:value-type="string" text:name="WIN"/>
   <text:variable-decl text:value-type="string" text:name="MAC"/>
   <text:variable-decl text:value-type="string" text:name="OS2"/>
   <text:variable-decl text:value-type="string" text:name="UNIX"/>
   <text:variable-decl text:value-type="string" text:name="ELSE"/>
   <text:variable-decl text:value-type="string" text:name="INDEX"/>
   <text:variable-decl text:value-type="string" text:name="STYLE"/>
  </text:variable-decls>
  <text:sequence-decls>
   <text:sequence-decl text:display-outline-level="0" text:name="Illustration"/>
   <text:sequence-decl text:display-outline-level="0" text:name="Table"/>
   <text:sequence-decl text:display-outline-level="0" text:name="Text"/>
   <text:sequence-decl text:display-outline-level="0" text:name="Drawing"/>
  </text:sequence-decls>
  <text:p text:style-name="P1"><help:key-word value="注册" tag="kw68574_1"/><help:key-word value="联机注册" tag="kw68574_3"/><help:key-word value="%PRODUCTNAME; 注册" tag="kw68574_2"/></text:p>
  <help:to-be-embedded Eid="registrierung">
  <text:p text:style-name="Head 1"><help:help-id value="SID_ONLINE_REGISTRATION"/><help:link Id="68574">注册</help:link></text:p>
  <text:p text:style-name="Paragraph"><help:help-text value="visible">连接到 <help:productname>%PRODUCTNAME</help:productname> Web 站点，可以在此站点中注册 <help:productname>%PRODUCTNAME</help:productname>。</help:help-text></text:p>
  </help:to-be-embedded>
  <help:popup Id="65601" Eid="online"><help:embedded Id="65598" Eid="wie"></help:embedded></help:popup>
  <text:p text:style-name="Head 2">注册对话框</text:p>
  <text:p text:style-name="Paragraph">安装完 <help:productname>%PRODUCTNAME</help:productname> 后，会显示 <text:span text:style-name="T1">[注册]</text:span> 对话框。</text:p>
  <text:p text:style-name="Head 3">立即注册</text:p>
  <text:p text:style-name="Paragraph"><help:help-id value="SVTOOLS_RADIOBUTTON_DLG_REGISTRATION_REQUEST_RB_NOW"/><help:help-text value="visible">启动默认的 Web 浏览器，并连接到可供注册 <help:productname>%PRODUCTNAME</help:productname> 的 <help:productname>%PRODUCTNAME</help:productname> Web 站点。</help:help-text></text:p>
  <text:p text:style-name="Head 3">提醒我以后再注册</text:p>
  <text:p text:style-name="Paragraph"><help:help-id value="SVTOOLS_RADIOBUTTON_DLG_REGISTRATION_REQUEST_RB_LATER"/><help:help-text value="visible">七天后再显示 <text:span text:style-name="T1">[注册]</text:span> 对话框。</help:help-text></text:p>
  <text:p text:style-name="Head 3">永远不注册</text:p>
  <text:p text:style-name="Paragraph"><help:help-id value="SVTOOLS_RADIOBUTTON_DLG_REGISTRATION_REQUEST_RB_NEVER"/><help:help-text value="visible">不再显示 <text:span text:style-name="T1">[注册]</text:span> 对话框。如果以后需要注册，请选择 <text:span text:style-name="T1">[帮助] - [注册]</text:span>。</help:help-text></text:p>
  <text:p text:style-name="Head 3">已注册为 <help:productname>%PRODUCTNAME</help:productname> <help:productversion>%PRODUCTVERSION</help:productversion> 使用者</text:p>
  <text:p text:style-name="Paragraph"><help:help-id value="SVTOOLS_RADIOBUTTON_DLG_REGISTRATION_REQUEST_RB_DONE"/><help:help-text value="visible"><text:span text:style-name="T1"><help:productname>%PRODUCTNAME</help:productname> <help:productversion>%PRODUCTVERSION</help:productversion>已注册</text:span>，注册对话框不再显示。</help:help-text>例如您在注册后的某一时刻又重新安装<help:productname>%PRODUCTNAME</help:productname>，那么请使用这个选项。</text:p>
 </office:body>
</office:document>
