

<office:document  xmlns:office="http://openoffice.org/2000/office" xmlns:style="http://openoffice.org/2000/style" xmlns:text="http://openoffice.org/2000/text" xmlns:table="http://openoffice.org/2000/table" xmlns:draw="http://openoffice.org/2000/drawing" xmlns:fo="http://www.w3.org/1999/XSL/Format" xmlns:xlink="http://www.w3.org/1999/xlink" xmlns:number="http://openoffice.org/2000/datastyle" xmlns:svg="http://www.w3.org/2000/svg" xmlns:chart="http://openoffice.org/2000/chart" xmlns:dr3d="http://openoffice.org/2000/dr3d" xmlns:math="http://www.w3.org/1998/Math/MathML" xmlns:form="http://openoffice.org/2000/form" xmlns:script="http://openoffice.org/2000/script" office:class="text" office:version="1.0" xmlns:dc="http://purl.org/dc/elements/1.1/" xmlns:meta="http://openoffice.org/2000/meta" xmlns:help="http://openoffice.org/2000/help">
<office:meta>
  <dc:description>text/common/00/00000450</dc:description>
  <dc:subject>Base de données</dc:subject>
  <meta:keywords>
   <meta:keyword>$Version</meta:keyword>
  </meta:keywords>
  <dc:language>fr-FR</dc:language>
  <meta:user-defined meta:name="Info 0">READY</meta:user-defined>
  <meta:user-defined meta:name="Info 1">FREE_OK</meta:user-defined>
  <meta:user-defined meta:name="Info 2">NOINDEX</meta:user-defined>
  <meta:user-defined meta:name="Info 3"/>
</office:meta>
 <office:script/>
 <office:font-decls>
  <style:font-decl style:name="StarSymbol" fo:font-family="StarSymbol" style:font-charset="x-symbol"/>
  <style:font-decl style:name="Courier New" fo:font-family="&apos;Courier New&apos;" style:font-style-name="Standard" style:font-family-generic="modern" style:font-pitch="fixed"/>
  <style:font-decl style:name="Courier" fo:font-family="Courier" style:font-family-generic="roman" style:font-pitch="fixed"/>
  <style:font-decl style:name="Arial Unicode MS" fo:font-family="&apos;Arial Unicode MS&apos;" style:font-pitch="variable"/>
  <style:font-decl style:name="HG Mincho Light J" fo:font-family="&apos;HG Mincho Light J&apos;" style:font-pitch="variable"/>
  <style:font-decl style:name="Times New Roman3" fo:font-family="&apos;Times New Roman&apos;" style:font-pitch="variable"/>
  <style:font-decl style:name="Thorndale" fo:font-family="Thorndale" style:font-family-generic="roman" style:font-pitch="variable"/>
  <style:font-decl style:name="Times New Roman2" fo:font-family="&apos;Times New Roman&apos;" style:font-style-name="Fett" style:font-family-generic="roman" style:font-pitch="variable"/>
  <style:font-decl style:name="Times New Roman" fo:font-family="&apos;Times New Roman&apos;" style:font-style-name="Standard" style:font-family-generic="roman" style:font-pitch="variable"/>
  <style:font-decl style:name="Times New Roman1" fo:font-family="&apos;Times New Roman&apos;" style:font-family-generic="swiss" style:font-pitch="variable"/>
 </office:font-decls>
 <office:automatic-styles>
  <style:style style:name="Tabelle15" style:family="table">
   <style:properties style:width="17.995cm" fo:margin-left="0cm" fo:margin-right="0.005cm" table:align="margins"/>
  </style:style>
  <style:style style:name="Tabelle15.A" style:family="table-column">
   <style:properties style:column-width="1.499cm" style:rel-column-width="5458*"/>
  </style:style>
  <style:style style:name="Tabelle15.B" style:family="table-column">
   <style:properties style:column-width="16.496cm" style:rel-column-width="60039*"/>
  </style:style>
  <style:style style:name="Tabelle14" style:family="table">
   <style:properties style:width="17.995cm" fo:margin-left="0cm" fo:margin-right="0.005cm" table:align="margins"/>
  </style:style>
  <style:style style:name="Tabelle14.A" style:family="table-column">
   <style:properties style:column-width="1.499cm" style:rel-column-width="5458*"/>
  </style:style>
  <style:style style:name="Tabelle14.B" style:family="table-column">
   <style:properties style:column-width="16.496cm" style:rel-column-width="60039*"/>
  </style:style>
  <style:style style:name="Tabelle11" style:family="table">
   <style:properties style:width="17.995cm" fo:margin-left="0cm" fo:margin-right="0.005cm" table:align="margins"/>
  </style:style>
  <style:style style:name="Tabelle11.A" style:family="table-column">
   <style:properties style:column-width="1.499cm" style:rel-column-width="5458*"/>
  </style:style>
  <style:style style:name="Tabelle11.B" style:family="table-column">
   <style:properties style:column-width="16.496cm" style:rel-column-width="60039*"/>
  </style:style>
  <style:style style:name="Tabelle13" style:family="table">
   <style:properties style:width="17.995cm" fo:margin-left="0cm" fo:margin-right="0.005cm" table:align="margins"/>
  </style:style>
  <style:style style:name="Tabelle13.A" style:family="table-column">
   <style:properties style:column-width="1.499cm" style:rel-column-width="5458*"/>
  </style:style>
  <style:style style:name="Tabelle13.B" style:family="table-column">
   <style:properties style:column-width="16.496cm" style:rel-column-width="60039*"/>
  </style:style>
  <style:style style:name="P1" style:family="paragraph" style:parent-style-name="Paragraph" style:master-page-name="HTML">
   <style:properties style:page-number="0"/>
  </style:style>
  <style:style style:name="T1" style:family="text">
   <style:properties fo:font-weight="bold"/>
  </style:style>
  <style:style style:name="fr1" style:family="graphics" style:parent-style-name="Graphics">
   <style:properties style:wrap="run-through" style:horizontal-pos="left" style:horizontal-rel="paragraph" style:mirror="none" fo:clip="rect(0cm 0cm 0cm 0cm)" draw:luminance="0%" draw:contrast="0%" draw:red="0%" draw:green="0%" draw:blue="0%" draw:gamma="1" draw:color-inversion="false" draw:transparency="-100%" draw:color-mode="standard"/>
  </style:style>
 </office:automatic-styles>
 <office:body>
  <text:variable-decls>
   <text:variable-decl text:value-type="string" text:name="HTML_ON"/>
   <text:variable-decl text:value-type="string" text:name="HTML_OFF"/>
   <text:variable-decl text:value-type="float" text:name="lala"/>
   <text:variable-decl text:value-type="string" text:name="TITEL"/>
   <text:variable-decl text:value-type="string" text:name="END"/>
   <text:variable-decl text:value-type="string" text:name="OS2"/>
   <text:variable-decl text:value-type="string" text:name="ELSE"/>
   <text:variable-decl text:value-type="string" text:name="NAME"/>
   <text:variable-decl text:value-type="string" text:name="MAC"/>
   <text:variable-decl text:value-type="string" text:name="HREF"/>
   <text:variable-decl text:value-type="string" text:name="MODIFY"/>
   <text:variable-decl text:value-type="string" text:name="REFNR"/>
   <text:variable-decl text:value-type="string" text:name="STYLE"/>
  </text:variable-decls>
  <text:sequence-decls>
   <text:sequence-decl text:display-outline-level="0" text:name="Illustration"/>
   <text:sequence-decl text:display-outline-level="0" text:name="Table"/>
   <text:sequence-decl text:display-outline-level="0" text:name="Text"/>
   <text:sequence-decl text:display-outline-level="0" text:name="Drawing"/>
  </text:sequence-decls>
  <text:p text:style-name="P1"/>
  <text:p text:style-name="Head 1">Base de données</text:p>
  <text:p text:style-name="Paragraph"><help:to-popup Eid="dbtab">Onglet <text:span text:style-name="T1">Outils - Sources de données - Tables</text:span></help:to-popup></text:p>
  <text:p text:style-name="Paragraph"><help:to-popup Eid="dbabfragen">Onglet <text:span text:style-name="T1">Outils - Sources de données - Requêtes</text:span></help:to-popup></text:p>
  <text:p text:style-name="Paragraph"><help:to-popup Eid="dbverknupf"><text:span text:style-name="T1">Outils - Sources de données</text:span> - onglet <text:span text:style-name="T1">Liens</text:span></help:to-popup></text:p>
  <text:p text:style-name="Paragraph"><help:to-popup Eid="typ">Choisissez <text:span text:style-name="T1">Outils - Sources de données</text:span> et l&apos;onglet <text:span text:style-name="T1">Général</text:span></help:to-popup></text:p>
  <text:p text:style-name="Paragraph"><help:to-popup Eid="datenquelle"><text:span text:style-name="T1">Outils - Sources de données</text:span> - onglet <text:span text:style-name="T1">ODBC</text:span> ou le type de base de données <text:span text:style-name="T1">Carnet d&apos;adresses</text:span> a été sélectionné</help:to-popup></text:p>
  <text:p text:style-name="Paragraph"><help:to-popup Eid="verzeichnis">Bouton de sélection du chemin dans différents AutoPilotes / <text:span text:style-name="T1">Édition</text:span> Bouton pour certaines entrées dans <text:span text:style-name="T1">Outils - Options - <help:productname>%PRODUCTNAME</help:productname> - Chemins</text:span></help:to-popup></text:p>
  <text:p text:style-name="Paragraph"><help:to-popup Eid="odbc"><text:span text:style-name="T1">Outils - Sources de données</text:span> - onglet <text:span text:style-name="T1">ODBC</text:span></help:to-popup></text:p>
  <text:p text:style-name="Paragraph"><help:to-popup Eid="ldap">Sélectionner <text:span text:style-name="T1">Outils - Sources de données</text:span> <text:span text:style-name="T1">- Général </text:span>- Type de BD <text:span text:style-name="T1">CarnetAdresses</text:span>, puis <text:span text:style-name="T1">Carnet d&apos;adresses LDAP</text:span> pour afficher l&apos;onglet <text:span text:style-name="T1">LDAP</text:span></help:to-popup></text:p>
  <text:p text:style-name="Paragraph"><help:to-popup Eid="jdbc"><text:span text:style-name="T1">Outils - Sources de données</text:span> - onglet <text:span text:style-name="T1">JDBC</text:span></help:to-popup></text:p>
  <text:p text:style-name="Paragraph"><help:to-popup Eid="mysql">Onglet <text:span text:style-name="T1">Outils - Sources de données - MySQL</text:span></help:to-popup></text:p>
  <text:p text:style-name="Paragraph"><help:to-popup Eid="dbase">Onglet <text:span text:style-name="T1">Outils - Sources de données - dBase</text:span></help:to-popup></text:p>
  <text:p text:style-name="Paragraph"><help:to-popup Eid="dbasein"><text:span text:style-name="T1">Outils - Sources de données</text:span> - onglet <text:span text:style-name="T1">dBase</text:span> - <text:span text:style-name="T1">Index</text:span></help:to-popup></text:p>
  <text:p text:style-name="Paragraph"><help:to-popup Eid="text"><text:span text:style-name="T1">Outils - Sources de données</text:span> onglet <text:span text:style-name="T1">Texte</text:span></help:to-popup></text:p>
  <text:p text:style-name="Paragraph"><help:to-popup Eid="adabasd"><text:span text:style-name="T1">Outils - Sources de données</text:span> - onglet <text:span text:style-name="T1">Adabas D</text:span></help:to-popup></text:p>
  <text:p text:style-name="Paragraph"><help:to-popup Eid="ado"><text:span text:style-name="T1">Outils - Sources de données</text:span> - onglet <text:span text:style-name="T1">MS ADO</text:span></help:to-popup></text:p>
  <text:p text:style-name="Paragraph"><help:to-popup Eid="sqlstatement">Ouvrez Base de données - menu contextuel - <text:span text:style-name="T1">SQL</text:span></help:to-popup></text:p>
  <text:p text:style-name="Paragraph"><help:to-popup Eid="abfragen">Ouvrez Base de données - menu contextuel d&apos;un container de requête</help:to-popup></text:p>
  <text:p text:style-name="Paragraph"><help:to-popup Eid="tabellen">Ouvrez Base de données - menu contextuel d&apos;un container de tables</help:to-popup></text:p>
  <text:p text:style-name="Paragraph"><help:to-popup Eid="tabellenentwurf">Ouvrez Base de données - menu contextuel d&apos;un container de tables ou d&apos;une table - <text:span text:style-name="T1">Nouvelle ébauche de table</text:span> ou <text:span text:style-name="T1">Éditer la table</text:span></help:to-popup></text:p>
  <text:p text:style-name="Paragraph"><help:to-popup Eid="indexentwurf">Ouvrez Base de données - menu contextuel d&apos;un container de tables ou d&apos;une table - <text:span text:style-name="T1">Nouvelle ébauche de table ou Éditer la table - puis Outils - Ébauche d&apos;index ou bouton Ébauche d&apos;index</text:span></help:to-popup></text:p>
  <text:p text:style-name="Paragraph"><help:to-popup Eid="abfrageneu">Ouvrez Base de données - menu contextuel d&apos;un container de requêtes - <text:span text:style-name="T1">Nouvelle ébauche de requête</text:span></help:to-popup></text:p>
  <text:p text:style-name="Paragraph"><help:to-popup Eid="entwab">Ouvrez Base de données - menu contextuel d&apos;un container de requêtes - <text:span text:style-name="T1">Nouvelle Requête / </text:span>Ouvrez Base de données - container de requêtes - menu contextuel d&apos;une requête - <text:span text:style-name="T1">Éditer la requête</text:span></help:to-popup></text:p>
  <text:p text:style-name="Paragraph"><help:to-popup Eid="fehlendeselement">Ouvrez Base de données - container de requêtes - menu contextuel d&apos;une requête - <text:span text:style-name="T1">Éditer la requête</text:span> si les tables et les champs de la requête n&apos;existent plus.</help:to-popup></text:p>
  <text:p text:style-name="Paragraph"><help:to-popup Eid="joins">Ouvrez l&apos;ébauche de requête et choisissez <text:span text:style-name="T1">Insertion - Nouvelle jointure</text:span>, ou double-cliquez sur une ligne de connexion entre deux tables.</help:to-popup></text:p>
  <help:to-popup Eid="tabellehinzu">
  <text:p text:style-name="Paragraph">Ouvrez Base de données - menu contextuel d&apos;un container de requêtes ou Requête - <text:span text:style-name="T1">Nouvelle requête</text:span></text:p>
  <text:p text:style-name="Paragraph">Ouvrez Base de données - menu contextuel d&apos;un container de tables ou d&apos;une table - <text:span text:style-name="T1">Nouvelle ébauche de table</text:span> (sauf pour les bases de données dBase)</text:p>
  <text:p text:style-name="Paragraph">Icône de la <text:span text:style-name="T1">barre de requêtes</text:span> de l&apos;ébauche de requête et - dans les systèmes de base de données relationnelles - dans la fenêtre des relations :</text:p>
  <help:to-be-embedded Eid="sytabelle">
  <table:table table:name="Tabelle15" table:style-name="Tabelle15">
   <table:table-column table:style-name="Tabelle15.A"/>
   <table:table-column table:style-name="Tabelle15.B"/>
   <table:table-header-rows>
    <table:table-row>
     <table:table-cell table:value-type="string">
      <text:p text:style-name="Paragraph"><draw:image draw:name="Icône0" svg:desc="Icône" svg:pixelx="25" svg:pixely="25" svg:width="0.661cm" svg:height="0.661cm" xlink:href="66710" draw:filter-name=""/></text:p>

     </table:table-cell>
     <table:table-cell table:value-type="string">
      <text:p text:style-name="Paragraph">Ajouter une table...</text:p>
     </table:table-cell>
    </table:table-row>
   </table:table-header-rows>
  </table:table>
  </help:to-be-embedded></help:to-popup>
  <help:to-popup Eid="dialogrelationen">
  <text:p text:style-name="Paragraph">Ouvrez Base de données - menu contextuel d&apos;un container de tables - <text:span text:style-name="T1">Ébauche de relation</text:span> - double-clic sur une ligne de connexion existante. Clic sur l&apos;icône dans la fenêtre des relations si celle-ci contient au moins 2 tables :</text:p>
  <help:to-be-embedded Eid="syrelationen">
  <table:table table:name="Tabelle14" table:style-name="Tabelle14">
   <table:table-column table:style-name="Tabelle14.A"/>
   <table:table-column table:style-name="Tabelle14.B"/>
   <table:table-header-rows>
    <table:table-row>
     <table:table-cell table:value-type="string">
      <text:p text:style-name="Paragraph"><draw:image draw:name="Icône1" svg:desc="Icône" svg:pixelx="25" svg:pixely="25" svg:width="0.661cm" svg:height="0.661cm" xlink:href="66307" draw:filter-name=""/></text:p>

     </table:table-cell>
     <table:table-cell table:value-type="string">
      <text:p text:style-name="Paragraph">Nouvelle relation...</text:p>
     </table:table-cell>
    </table:table-row>
   </table:table-header-rows>
  </table:table>
  </help:to-be-embedded></help:to-popup>
  <help:to-popup Eid="datensuchen">
  <text:p text:style-name="Paragraph">Icône <text:span text:style-name="T1">Rechercher un enregistrement</text:span> dans la barre de <text:span text:style-name="T1">base de données</text:span> et la barre de <text:span text:style-name="T1">formulaire</text:span></text:p>
  <help:to-be-embedded Eid="sydatensuchen">
  <table:table table:name="Tabelle11" table:style-name="Tabelle11">
   <table:table-column table:style-name="Tabelle11.A"/>
   <table:table-column table:style-name="Tabelle11.B"/>
   <table:table-header-rows>
    <table:table-row>
     <table:table-cell table:value-type="string">
      <text:p text:style-name="Paragraph"><draw:image draw:name="Icône2" svg:desc="Icône" svg:pixelx="25" svg:pixely="25" svg:width="0.661cm" svg:height="0.661cm" xlink:href="66581" draw:filter-name=""/></text:p>

     </table:table-cell>
     <table:table-cell table:value-type="string">
      <text:p text:style-name="Paragraph">Rechercher un enregistrement...</text:p>
     </table:table-cell>
    </table:table-row>
   </table:table-header-rows>
  </table:table>
  </help:to-be-embedded></help:to-popup>
  <help:to-popup Eid="sortieren">
  <text:p text:style-name="Paragraph">Icône <text:span text:style-name="T1">Tri</text:span> dans la barre de <text:span text:style-name="T1">base de données</text:span> et la barre de <text:span text:style-name="T1">formulaire</text:span></text:p>
  <help:to-be-embedded Eid="sysortieren">
  <table:table table:name="Tabelle13" table:style-name="Tabelle13">
   <table:table-column table:style-name="Tabelle13.A"/>
   <table:table-column table:style-name="Tabelle13.B"/>
   <table:table-header-rows>
    <table:table-row>
     <table:table-cell table:value-type="string">
      <text:p text:style-name="Paragraph"><draw:image draw:name="Icône3" svg:desc="Icône" svg:pixelx="25" svg:pixely="25" svg:width="0.661cm" svg:height="0.661cm" xlink:href="66558" draw:filter-name=""/></text:p>

     </table:table-cell>
     <table:table-cell table:value-type="string">
      <text:p text:style-name="Paragraph">Tri</text:p>
     </table:table-cell>
    </table:table-row>
   </table:table-header-rows>
  </table:table>
  </help:to-be-embedded></help:to-popup>
  <text:p text:style-name="Paragraph"><help:to-popup Eid="allgemein"><text:span text:style-name="T1">Outils - Sources de données -</text:span> Onglet <text:span text:style-name="T1">Général</text:span></help:to-popup></text:p>
  <text:p text:style-name="Paragraph"><help:to-popup Eid="tabellecopy">Vue des sources de données : Glisser-Déposer une requête ou une table sur un container de requêtes ou de tables</help:to-popup></text:p>
  <text:p text:style-name="Paragraph"><help:to-popup Eid="formularneu">Ouvrez Base de données - menu contextuel d&apos;un container de formulaires ou d&apos;un formulaire<text:span text:style-name="T1"> - Nouveau - Formulaire</text:span></help:to-popup></text:p>
  <text:p text:style-name="Paragraph"><help:to-popup Eid="benutzereinstellungen">Ouvrez Base de données - menu contextuel d&apos;un container de tables - commande Paramètres d&apos;utilisateur</help:to-popup></text:p>
  <text:p text:style-name="Paragraph"><help:to-popup Eid="relationen">Ouvrez Base de données - menu contextuel d&apos;un container de tables - <text:span text:style-name="T1">Relations</text:span></help:to-popup></text:p>
  <text:p text:style-name="Paragraph"><help:to-popup Eid="adabasneu">Bouton <text:span text:style-name="T1">Nouvelle source de données</text:span>, onglet <text:span text:style-name="T1">Type</text:span> : sélection de &quot;<text:span text:style-name="T1">Adabas D</text:span>&quot;</help:to-popup></text:p>
 </office:body>
</office:document>
