

<office:document  xmlns:office="http://openoffice.org/2000/office" xmlns:style="http://openoffice.org/2000/style" xmlns:text="http://openoffice.org/2000/text" xmlns:table="http://openoffice.org/2000/table" xmlns:draw="http://openoffice.org/2000/drawing" xmlns:fo="http://www.w3.org/1999/XSL/Format" xmlns:xlink="http://www.w3.org/1999/xlink" xmlns:number="http://openoffice.org/2000/datastyle" xmlns:svg="http://www.w3.org/2000/svg" xmlns:chart="http://openoffice.org/2000/chart" xmlns:dr3d="http://openoffice.org/2000/dr3d" xmlns:math="http://www.w3.org/1998/Math/MathML" xmlns:form="http://openoffice.org/2000/form" xmlns:script="http://openoffice.org/2000/script" office:class="text" office:version="1.0" xmlns:dc="http://purl.org/dc/elements/1.1/" xmlns:meta="http://openoffice.org/2000/meta" xmlns:help="http://openoffice.org/2000/help">
<office:meta>
  <dc:description>text/common/00/00000002</dc:description>
  <dc:subject>Glossaire Internet</dc:subject>
  <meta:keywords>
   <meta:keyword>$Version</meta:keyword>
  </meta:keywords>
  <dc:language>fr-FR</dc:language>
  <meta:user-defined meta:name="Info 0">READY</meta:user-defined>
  <meta:user-defined meta:name="Info 1">FREE_OK</meta:user-defined>
  <meta:user-defined meta:name="Info 2">NOTE</meta:user-defined>
  <meta:user-defined meta:name="Info 3"/>
</office:meta>
 <office:script/>
 <office:font-decls>
  <style:font-decl style:name="StarSymbol" fo:font-family="StarSymbol" style:font-charset="x-symbol"/>
  <style:font-decl style:name="Courier New" fo:font-family="&apos;Courier New&apos;" style:font-style-name="Standard" style:font-family-generic="modern" style:font-pitch="fixed"/>
  <style:font-decl style:name="Times New Roman2" fo:font-family="&apos;Times New Roman&apos;" style:font-family-generic="roman" style:font-pitch="fixed"/>
  <style:font-decl style:name="Arial Unicode MS" fo:font-family="&apos;Arial Unicode MS&apos;" style:font-pitch="variable"/>
  <style:font-decl style:name="Courier New1" fo:font-family="&apos;Courier New&apos;" style:font-pitch="variable"/>
  <style:font-decl style:name="HG Mincho Light J" fo:font-family="&apos;HG Mincho Light J&apos;" style:font-pitch="variable"/>
  <style:font-decl style:name="Times New Roman4" fo:font-family="&apos;Times New Roman&apos;" style:font-pitch="variable"/>
  <style:font-decl style:name="Thorndale" fo:font-family="Thorndale" style:font-family-generic="roman" style:font-pitch="variable"/>
  <style:font-decl style:name="Times New Roman3" fo:font-family="&apos;Times New Roman&apos;" style:font-style-name="Fett" style:font-family-generic="roman" style:font-pitch="variable"/>
  <style:font-decl style:name="Times New Roman" fo:font-family="&apos;Times New Roman&apos;" style:font-style-name="Standard" style:font-family-generic="roman" style:font-pitch="variable"/>
  <style:font-decl style:name="Times New Roman1" fo:font-family="&apos;Times New Roman&apos;" style:font-family-generic="swiss" style:font-pitch="variable"/>
 </office:font-decls>
 <office:automatic-styles>
  <style:style style:name="P1" style:family="paragraph" style:parent-style-name="Paragraph" style:master-page-name="HTML">
   <style:properties style:page-number="0"/>
  </style:style>
  <style:style style:name="P2" style:family="paragraph" style:parent-style-name="Paragraph" style:list-style-name="L1"/>
  <style:style style:name="T1" style:family="text">
   <style:properties fo:font-weight="bold"/>
  </style:style>
  <text:list-style style:name="L1">
   <text:list-level-style-bullet text:level="1" text:style-name="Bullet Symbols" style:num-suffix="." text:bullet-char="•">
    <style:properties text:space-before="0.753cm" text:min-label-width="0.499cm" style:font-name="StarSymbol"/>
   </text:list-level-style-bullet>
   <text:list-level-style-bullet text:level="2" text:style-name="Bullet Symbols" style:num-suffix="." text:bullet-char="•">
    <style:properties text:space-before="1.253cm" text:min-label-width="0.499cm" style:font-name="StarSymbol"/>
   </text:list-level-style-bullet>
   <text:list-level-style-bullet text:level="3" text:style-name="Bullet Symbols" style:num-suffix="." text:bullet-char="•">
    <style:properties text:space-before="1.752cm" text:min-label-width="0.499cm" style:font-name="StarSymbol"/>
   </text:list-level-style-bullet>
   <text:list-level-style-bullet text:level="4" text:style-name="Bullet Symbols" style:num-suffix="." text:bullet-char="•">
    <style:properties text:space-before="2.251cm" text:min-label-width="0.499cm" style:font-name="StarSymbol"/>
   </text:list-level-style-bullet>
   <text:list-level-style-bullet text:level="5" text:style-name="Bullet Symbols" style:num-suffix="." text:bullet-char="•">
    <style:properties text:space-before="2.75cm" text:min-label-width="0.499cm" style:font-name="StarSymbol"/>
   </text:list-level-style-bullet>
   <text:list-level-style-number text:level="6" style:num-suffix="." style:num-format="1">
    <style:properties text:space-before="2.501cm" text:min-label-width="0.499cm"/>
   </text:list-level-style-number>
   <text:list-level-style-number text:level="7" style:num-suffix="." style:num-format="1">
    <style:properties text:space-before="3.001cm" text:min-label-width="0.499cm"/>
   </text:list-level-style-number>
   <text:list-level-style-number text:level="8" style:num-suffix="." style:num-format="1">
    <style:properties text:space-before="3.502cm" text:min-label-width="0.499cm"/>
   </text:list-level-style-number>
   <text:list-level-style-number text:level="9" style:num-suffix="." style:num-format="1">
    <style:properties text:space-before="4.001cm" text:min-label-width="0.499cm"/>
   </text:list-level-style-number>
   <text:list-level-style-number text:level="10" style:num-suffix="." style:num-format="1">
    <style:properties text:space-before="4.502cm" text:min-label-width="0.499cm"/>
   </text:list-level-style-number>
  </text:list-style>
 </office:automatic-styles>
 <office:body>
  <text:variable-decls>
   <text:variable-decl text:value-type="string" text:name="HTML_ON"/>
   <text:variable-decl text:value-type="string" text:name="HTML_OFF"/>
   <text:variable-decl text:value-type="string" text:name="NAME"/>
   <text:variable-decl text:value-type="string" text:name="END"/>
   <text:variable-decl text:value-type="string" text:name="TITEL"/>
   <text:variable-decl text:value-type="string" text:name="HREF"/>
   <text:variable-decl text:value-type="string" text:name="WIN"/>
   <text:variable-decl text:value-type="string" text:name="MAC"/>
   <text:variable-decl text:value-type="string" text:name="ELSE"/>
   <text:variable-decl text:value-type="string" text:name="HFELD"/>
   <text:variable-decl text:value-type="string" text:name="OS2"/>
   <text:variable-decl text:value-type="string" text:name="MODIFY"/>
   <text:variable-decl text:value-type="string" text:name="REFNR"/>
   <text:variable-decl text:value-type="string" text:name="KEY"/>
   <text:variable-decl text:value-type="string" text:name="INDEX"/>
   <text:variable-decl text:value-type="string" text:name="STYLE"/>
  </text:variable-decls>
  <text:sequence-decls>
   <text:sequence-decl text:display-outline-level="0" text:name="Illustration"/>
   <text:sequence-decl text:display-outline-level="0" text:name="Table"/>
   <text:sequence-decl text:display-outline-level="0" text:name="Text"/>
   <text:sequence-decl text:display-outline-level="0" text:name="Drawing"/>
  </text:sequence-decls>
  <help:to-be-embedded Eid="glossar">
  <text:p text:style-name="Head 1"><help:key-word value="Internet; Glossaire" tag="kw65629_32"/><help:key-word value="Termes courants; Glossaire Internet" tag="kw65629_9"/><help:key-word value="Glossaire; Termes Internet" tag="kw65629_31"/><help:key-word value="Terminologie; Glossaire Internet" tag="kw65629_30"/><help:link Id="65629">Glossaire Internet</help:link></text:p>
  <text:p text:style-name="Paragraph">Si vous ne maîtrisez pas très bien Internet, vous vous trouverez confronté à certains termes peu familiers : navigateur, signet ou marque-page, e-mail, page d&apos;accueil, moteur de recherche, etc. Pour vous aider dans votre apprentissage, ce glossaire explique certains des termes les plus importants que vous pourrez rencontrer sur Internet, dans le cadre d&apos;un intranet et dans les messageries (courrier et forums).</text:p>
  </help:to-be-embedded>
  <text:p text:style-name="Paragraph">Cherchez le terme qui vous intéresse dans la liste alphabétique des hyperliens et cliquez dessus pour atteindre la définition correspondante :</text:p>
  <text:p text:style-name="Paragraph"><help:link Id="65629" Eid="applet">Applet</help:link>, <help:link Id="65629" Eid="bookmark">Bookmark</help:link>, <help:link Id="65629" Eid="browser">Browser (navigateur)</help:link>, <help:link Id="65629" Eid="e-mail">E-mail</help:link>, <help:link Id="65629" Eid="frame">Frame (cadres)</help:link>, <help:link Id="65629" Eid="ftp">FTP</help:link>, <help:link Id="65629" Eid="html">HTML</help:link>, <help:link Id="65629" Eid="http">HTTP</help:link>, <help:link Id="65629" Eid="hyperlink">Hyperlien</help:link>,<help:link Id="65629" Eid="imagemap">ImageMap</help:link>, <help:link Id="65629" Eid="intranet">Intranet</help:link>, <help:link Id="65629" Eid="java">Java</help:link>, <help:link Id="65629" Eid="plugin">Plug-in</help:link>, <help:link Id="65629" Eid="proxy">Proxy</help:link>, <help:link Id="65629" Eid="server">Serveur</help:link>, <help:link Id="65629" Eid="sgml">SGML</help:link>, <help:link Id="65629" Eid="smtp">SMTP/POP3</help:link>, <help:link Id="65629" Eid="style">Feuilles de style (Style Sheets)</help:link>, <help:link Id="65629" Eid="suchmaschine">Moteurs de recherche</help:link>, <help:link Id="65629" Eid="tags">Balises</help:link>, <help:link Id="65629" Eid="tcpip">TCP/IP</help:link>, <help:link Id="65629" Eid="url">URL</help:link>, <help:link Id="65629" Eid="web-server">Serveur Web</help:link>, <help:link Id="65629" Eid="xml">XML</help:link>.</text:p>
  <help:to-popup Eid="applet"><a name="applet"/>
  <text:p text:style-name="Head 2"><help:key-word value="Applet; Définition" tag="kw65629_29"/>Applet</text:p>
  <text:p text:style-name="Paragraph">Un Applet est un objet spécial présent dans une page <help:link Id="65629" Eid="html">HTML</help:link>. Il contient un programme écrit dans le langage <help:link Id="65629" Eid="java">Java</help:link>, qui est le plus répandu sur Internet. Ce programme est exécuté séparément par votre <help:link Id="65629" Eid="browser">navigateur Web</help:link>. Les Applets sont utilisés pour les animations, les textes animés, les saisies interactives de l&apos;utilisateur, les jeux et bien plus encore.</text:p>
  <text:p text:style-name="Paragraph">Avec <help:productname>%PRODUCTNAME</help:productname>, vous avez la possibilité d&apos;insérer dans vos pages des Applets auto-programmés ou téléchargés. Pour cela, choisissez <text:span text:style-name="T1">Insertion - Objet - Applet</text:span>. Ces Applets peuvent être visualisés par toute personne utilisant un navigateur Web supportant les Applets. Les autres navigateurs ignorent tout simplement ceux-ci. Le site http://www.gamelan.com présente quelques exemples d&apos;Applets.</text:p>
  </help:to-popup>
  <help:to-popup Eid="bookmark"><a name="bookmark"/>
  <text:p text:style-name="Head 2"><help:key-word value="Bookmark; Définition" tag="kw65629_28"/>Bookmark</text:p>
  <text:p text:style-name="Paragraph">Un Bookmark est un signet pour les pages Internet ou les fichiers, exactement comme un signet dans un livre. Dans la fenêtre d&apos;aide de <help:productname>%PRODUCTNAME</help:productname>, vous pouvez placer un Bookmark sur la page d&apos;aide active.</text:p>
  </help:to-popup>
  <help:to-popup Eid="browser"><a name="browser"/>
  <text:p text:style-name="Head 2"><help:key-word value="Browser; Définition" tag="kw65629_27"/><help:key-word value="Navigateur; Définition (Browser)" tag="kw65629_26"/>Browser (navigateur)</text:p>
  <text:p text:style-name="Paragraph">Un Browser est un programme d&apos;aide pour le World Wide Web ; il peut par exemple être utilisé pour la recherche de certaines informations. Il est capable d&apos;afficher de manière formatée les pages codées au format <help:link Id="65629" Eid="html">HTML</help:link></text:p>
  </help:to-popup>
  <help:to-popup Eid="e-mail"><a name="e-mail"/>
  <text:p text:style-name="Head 2">E-mail</text:p>
  <text:p text:style-name="Paragraph">E-mail désigne le courrier électronique qui n&apos;est autre que l&apos;échange par télécommunication de messages stockés sur des ordinateurs. Un e-mail peut contenir des informations sous forme de texte, d&apos;images, de sons et d&apos;autres pièces jointes. Dans <help:productname>%PRODUCTNAME</help:productname>, vous pouvez envoyer le document actif en tant que pièce jointe à un e-mail en choisissant <text:span text:style-name="T1">Fichier - Envoyer</text:span>. Cette commande démarre le client de messagerie par défaut.</text:p>
  </help:to-popup>
  <help:to-popup Eid="frame"><a name="frame"/>
  <text:p text:style-name="Head 2"><help:key-word value="Frames" tag="kw65629_1"/>Frames (Cadres)</text:p>
  <text:p text:style-name="Paragraph">Les cadres permettent de mettre en page des pages <help:link Id="65629" Eid="html">HTML</help:link>. <help:productname>%PRODUCTNAME</help:productname> utilise des cadres flottants dans lesquels vous pouvez placer des objets tels que des images, des films et des sons. Le menu contextuel d&apos;un cadre affiche les options de restauration ou d&apos;édition du contenu du cadre. Certaines de ces commandes figurent également sous <text:span text:style-name="T1">Édition - Objet</text:span> lorsque le cadre est sélectionné.</text:p>
  </help:to-popup>
  <help:to-popup Eid="ftp"><a name="ftp"/>
  <text:p text:style-name="Head 2"><help:key-word value="FTP" tag="kw65629_8"/>FTP</text:p>
  <text:p text:style-name="Paragraph">FTP est l&apos;acronyme de File Transfer Protocol ; il s&apos;agit du protocole de transfert standard des fichiers sur Internet. Un serveur FTP est un programme installé sur un ordinateur connecté à Internet et stockant des fichiers à transmettre via le protocole FTP. Le protocole FTP assure la transmission et le téléchargement des fichiers sur Internet ; toutefois, c&apos;est le protocole <help:link Id="65629" Eid="http">HTTP</help:link> (Hypertext Transfer Protocol, Protocole de transfert d&apos;hypertexte) qui gère la configuration de la connexion et le transfert des données entre serveurs WWW et clients.</text:p>
  </help:to-popup>
  <help:to-popup Eid="html"><a name="html"/>
  <text:p text:style-name="Head 2"><help:key-word value="HTML; Définition" tag="kw65629_25"/>HTML</text:p>
  <text:p text:style-name="Paragraph">Le langage HTML (Hypertext Markup Language) est un langage de description des documents utilisé comme format de fichier pour les documents WWW. Il est issu du langage <help:link Id="65629" Eid="sgml">SGML</help:link> et prend en compte le texte, l&apos;image, la vidéo et le son.</text:p>
  <text:p text:style-name="Paragraph"><help:link Id="65629" Eid="html2"> HTML (explication détaillée)</help:link></text:p>
  </help:to-popup>
  <text:p text:style-name="Head 2"><a name="html2"/>HTML (explication détaillée)</text:p>
  <text:p text:style-name="Paragraph">Pour saisir directement des commandes HTML, par exemple lorsque vous faites des exercices proposés dans l&apos;un des nombreux manuels HTML disponibles, n&apos;oubliez pas que les pages HTML sont des fichiers de texte brut en <help:link Id="65619" Eid="ascii">code ASCII</help:link> 7 bits. Enregistrez le document sous le type <text:span text:style-name="T1">Texte DOS</text:span> et attribuez au fichier l&apos;extension .HTM. Le nom du fichier ne doit pas contenir de trémas ou d&apos;autres caractères spéciaux du jeu de caractères étendus. Pour ouvrir ce fichier dans <help:productname>%PRODUCTNAME</help:productname> et éditer le code HTML, vous devez charger un fichier de type <text:span text:style-name="T1">Texte DOS</text:span> et non <text:span text:style-name="T1">Pages Web</text:span>.</text:p>
  <text:p text:style-name="Paragraph">Nous recommandons vivement le site http://selfhtml.selfhtml.com.fr/ de l&apos;auteur allemand Stefan Münz (traduction française de Serge François) ; vous y trouverez une kyrielle d&apos;informations sur la réalisation des fichiers HTML.</text:p>
  <help:to-popup Eid="http"><a name="http"/>
  <text:p text:style-name="Head 2"><help:key-word value="HTTP" tag="kw65629_7"/>HTTP</text:p>
  <text:p text:style-name="Paragraph">HTTP (HyperText Transfer Protocol) est le protocole de transmission de documents WWW entre des <help:link Id="65629" Eid="server">serveurs</help:link> WWW (hôtes) et des <help:link Id="65629" Eid="browser">Browser</help:link> WWW (clients).</text:p>
  </help:to-popup>
  <help:to-popup Eid="hyperlink"><a name="hyperlink"/>
  <text:p text:style-name="Head 2"><help:key-word value="Hyperlien; Définition" tag="kw65629_24"/>Hyperlien</text:p>
  <text:p text:style-name="Paragraph">Les hyperliens sont des références croisées mises en surbrillance dans le texte sous différentes couleurs et activées d&apos;un clic de la souris. Les hyperliens permettent aux lecteurs d&apos;accéder à des informations spécifiques au sein du même document et à des informations apparentées dans d&apos;autres documents. Sur Internet, il est courant d&apos;inclure des hyperliens permettant d&apos;accéder à votre propre page d&apos;accueil ou renvoyant à d&apos;autres sites Internet.</text:p>
  <help:switch select="Program"><help:case select="WRITER">
  <text:p text:style-name="Paragraph">Dans <help:productname>%PRODUCTNAME</help:productname>, vous pouvez assigner des hyperliens à du texte (voir la <help:link Id="65577">barre d&apos;hyperliens</help:link>) ainsi qu&apos;à des images et à des cadres texte (voir l&apos;onglet <help:link Id="67744">Hyperlien</help:link> dans les boîtes de dialogue <text:span text:style-name="T1">Image/Cadre/Objet</text:span>, ou la commande <help:link Id="65854">Édition - Image Map</help:link>).</text:p>
  </help:case></help:switch>
  </help:to-popup>
  <help:to-popup Eid="imagemap"><a name="imagemap"/>
  <text:p text:style-name="Head 2"><help:key-word value="ImageMap; Définition" tag="kw65629_23"/>ImageMap</text:p>
  <text:p text:style-name="Paragraph">Une ImageMap est une image ou un cadre de texte interactifs. En cliquant sur une zone de cette image ou de ce cadre de texte, vous accédez à une adresse (<help:link Id="65629" Eid="url">URL</help:link>) liée à cette zone. Pour définir les zones, les URLs et les textes liés qui s?affichent lorsque vous cliquez dessus avec le pointeur de la souris, utilisez l?<help:link Id="65854"><text:span text:style-name="T1">Éditeur d&apos;ImageMap</text:span></help:link>.</text:p>
  <text:p text:style-name="Paragraph">Il existe deux types d&apos;Images Map. Une Image Map côté client est évaluée sur l&apos;ordinateur client, qui a chargé l&apos;image depuis Internet, tandis qu&apos;une Image Map côté serveur est évaluée sur le serveur qui fournit la page <help:link Id="65629" Eid="html">HTML</help:link> sur Internet. Dans le cas d&apos;une évaluation côté serveur, un clic sur une Image Map envoie les coordonnées relatives du curseur dans l&apos;image vers le <help:link Id="65629" Eid="server">serveur</help:link>, dont un programme spécifique génère une réponse. Dans le cas d&apos;une évaluation côté client, un clic sur un point actif défini de l&apos;Image Map permet d&apos;activer l&apos;URL, comme s&apos;il s&apos;agissait d&apos;un lien texte normal. L&apos;URL s&apos;affiche sous le pointeur de la souris lorsque vous la déplacez sur l&apos;Image Map.</text:p>
  <text:p text:style-name="Paragraph">Dans la mesure où les Images Map ont plusieurs utilisations, elles peuvent être stockées sous différents <help:link Id="65629" Eid="imagemapformate">formats</help:link>.</text:p>
  </help:to-popup>
  <text:p text:style-name="Head 2"><a name="imagemapformate"/>Formats ImageMap</text:p>
  <text:p text:style-name="Paragraph">Les<help:link Id="65629" Eid="imagemap"> ImageMaps</help:link> diffèrent essentiellement les uns des autres selon qu&apos;ils sont utilisés sur le <help:link Id="65629" Eid="server">serveur</help:link> (par exemple chez votre Provider Internet) ou dans le <help:link Id="65629" Eid="browser">Web Browser</help:link> de l&apos;ordinateur du lecteur.</text:p>
  <text:p text:style-name="Head 3"><help:key-word value="Image Map côté serveur" tag="kw65629_22"/>Images Map côté serveur</text:p>
  <text:p text:style-name="Paragraph">Pour le lecteur, les Images Map côté serveur s&apos;affichent comme une image ou un cadre sur la page. Cliquez sur l&apos;Image Map avec la souris pour que les coordonnées de la position relative du pointeur soient envoyées au serveur. À l&apos;aide d&apos;un programme supplémentaire, le serveur détermine alors la prochaine étape à suivre. Il existe plusieurs méthodes incompatibles pour définir ce processus, les deux plus courantes étant :</text:p>
  <text:unordered-list text:style-name="L1">
   <text:list-item>
    <text:p text:style-name="P2">Serveur HTTP W3C (CERN) (type de format : MAP - CERN)</text:p>
   </text:list-item>
   <text:list-item>
    <text:p text:style-name="P2">Serveur HTTP NCSA (type de format : MAP - NCSA)</text:p>
   </text:list-item>
  </text:unordered-list>
  <text:p text:style-name="Paragraph"><help:productname>%PRODUCTNAME</help:productname> crée des Images Map pour les deux méthodes. Sélectionnez le format dans la liste <text:span text:style-name="T1">Type </text:span>de la boîte de dialogue <text:span text:style-name="T1">Enregistrer sous </text:span>dans l&apos;<text:span text:style-name="T1">Éditeur d&apos;Image Map</text:span>. Le logiciel crée des fichiers Map distincts que vous devrez télécharger sur le serveur. Demandez à votre fournisseur d&apos;accès ou à votre administrateur réseau de vous indiquer les types de fichiers Image Map supportés par le serveur et la procédure à suivre pour accéder au programme d&apos;évaluation.</text:p>
  <text:p text:style-name="Head 3"><help:key-word value="Image Map côté client" tag="kw65629_21"/>Image Map côté client</text:p>
  <text:p text:style-name="Paragraph">Les Images Map côté client modernes ne présentent pas autant de difficultés du côté serveur. La zone de l&apos;image ou du cadre sur laquelle le lecteur peut cliquer est indiquée par l&apos;aspect de l&apos;<help:link Id="65629" Eid="url">URL</help:link> lié lorsque le pointeur de la souris la survole. L&apos;Image Map est stockée dans une couche sous l&apos;image elle-même et contient des informations sur les zones référencées. Le seul inconvénient des Images Map côté client est qu&apos;elles ne peuvent pas être lues par les navigateurs Web les plus anciens ; inconvénient qui aura néanmoins tendance à disparaître avec le temps.</text:p>
  <text:p text:style-name="Paragraph">Lorsque vous enregistrez une Image Map, sélectionnez le type de fichier <text:span text:style-name="T1">SIP - StarView ImageMap</text:span>. L&apos;Image Map est alors directement enregistrée dans un format applicable à tout cadre ou image actif dans le document. Toutefois, si vous souhaitez simplement utiliser l&apos;Image Map sur l&apos;image ou le cadre texte actif, il n&apos;est pas nécessaire de l&apos;enregistrer sous un format spécial. Après avoir défini les zones, cliquez simplement sur <text:span text:style-name="T1">Assigner</text:span>. Aucune autre action n&apos;est nécessaire. Les Images Map côté client enregistrées au format <help:link Id="65629" Eid="html">HTML</help:link> sont insérées directement dans la page en code HTML.</text:p>
  <help:to-popup Eid="intranet"><a name="intranet"/>
  <text:p text:style-name="Head 2"><help:key-word value="Intranet" tag="kw65629_6"/>Intranet</text:p>
  <text:p text:style-name="Paragraph">Par Intranet on désigne des réseaux locaux à l&apos;intérieur des entreprises, qui utilisent le protocole <help:link Id="65629" Eid="tcpip">TCP/IP</help:link> pour communiquer et <help:link Id="65629" Eid="http">HTTP</help:link> comme protocole de transfert . Par rapport aux réseaux traditionnels, l&apos;Intranet a l&apos;avantage de faciliter le passage à l&apos;Internet et les logiciels nécessaires ne sont pas très coûteux.</text:p>
  </help:to-popup>
  <text:p text:style-name="Head 2"><a name="ip-adresse"/><help:key-word value="Adresse IP; Définition" tag="kw65629_20"/>Adresse IP</text:p>
  <text:p text:style-name="Paragraph">Adresse Internet 32 bits composée de quatre nombres compris entre 0 et 255. Ceux-ci sont séparés par des points, par exemple 123.234.56.78. Chaque utilisateur possède une adresse IP (Internet Protocol). Normalement, l&apos;adresse IP est assignée de manière dynamique pour la durée de la connexion seulement. Ce type d&apos;adresse étant difficile à mémoriser, l&apos;utilisateur se connecte en général aux <help:link Id="65629" Eid="server">serveurs</help:link> Internet en les désignant par leur nom. Le &quot;serveur de noms&quot; veille à ce que le nom soit mis en correspondance avec l&apos;adresse IP appropriée.</text:p>
  <help:to-popup Eid="java"><a name="java"/>
  <text:p text:style-name="Head 2"><help:key-word value="Java; Définition" tag="kw65629_19"/>Java</text:p>
  <text:p text:style-name="Paragraph">Java est un langage de programmation indépendant de la plate-forme développé par Sun Microsystems, Inc. (http://www.sun.com). Il est particulièrement adapté à une utilisation sur Internet. Les pages Web et les applications programmées avec des fichiers de classe Java peuvent être employées sur tous les systèmes d&apos;exploitation modernes. Les programmes écrits en langage Java sont généralement développés dans l&apos;environnement Java, puis compilés en un &quot;byte code&quot; (code intermédiaire). Le fichier .class créé peut ensuite être inséré en tant que &quot;Applet Java&quot; dans des pages HTML. Vous pouvez combiner plusieurs fichiers .class en un seul fichier .jar ou .zip. Un navigateur Web prenant en charge les fichiers de classe Java est en mesure de compiler le code de ce langage de programmation dès réception, sans que l&apos;utilisateur ait à décompresser l&apos;archive.</text:p>
  <text:p text:style-name="Paragraph">Le concept de base de la technologie Java consiste à envoyer <text:s/>des instructions d&apos;un niveau plus avancé (&quot;dessiner une ligne&quot;, par exemple) au navigateur Web, lequel exécute alors ces instructions correctement sur l&apos;ordinateur client. De ce fait, un programme écrit en langage Java peut être exécuté sur tout ordinateur possédant un interpréteur ou un compilateur de ce langage et ce, indépendamment du type de processeur et du système d&apos;exploitation utilisé.</text:p>
  <text:p text:style-name="Paragraph">Ne confondez pas &quot;JavaScript&quot; et &quot;Applets Java&quot;. JavaScript est un langage de script simple et limité destiné aux navigateurs Web. Il est utilisé, par exemple, pour afficher des textes animés. JavaScript décrit les objets dans un langage ayant quelques similarités avec le langage de programmation Java et permet aux utilisateurs d&apos;améliorer de façon optique leurs pages HTML. Les &quot;Applets Java&quot;, en revanche, sont des programmes écrits dans le langage Java et compilés en byte code, comme indiqué dans les paragraphes précédents.</text:p>
  </help:to-popup>
  <help:to-popup Eid="plugin"><a name="plugin"/>
  <text:p text:style-name="Head 2"><help:key-word value="Plug-in; Définition" tag="kw65629_18"/>Plug-in</text:p>
  <text:p text:style-name="Paragraph">Les extensions de <help:link Id="65629" Eid="browser">Web-Browsers</help:link>, qui disposent de fonctions supplémentaires, sont désignées comme PlugIns.</text:p>
  <text:p text:style-name="Paragraph"><help:link Id="65629" Eid="plugin2">En savoir plus sur les Plug-Ins</help:link>.</text:p>
  </help:to-popup>
  <text:p text:style-name="Head 2"><a name="plugin2"/>Plug-In (explication détaillée)</text:p>
  <text:p text:style-name="Paragraph">Le terme &quot;Plug-In&quot; est utilisé dans plusieurs contextes :</text:p>
  <text:p text:style-name="Head 3">Plug-Ins dans <help:productname>%PRODUCTNAME</help:productname></text:p>
  <text:p text:style-name="Paragraph">Notez que, dans <help:productname>%PRODUCTNAME</help:productname>, la <text:span text:style-name="T1">barre d&apos;objets</text:span> ainsi que le contenu des menus de formatage changent lorsque vous effectuez certaines opérations. Par exemple, si vous insérez un diagramme dans un document texte, les icônes et les commandes d&apos;édition de diagramme qui s&apos;affichent sont les mêmes que celles présentées dans un document diagramme. Dans ce contexte, le document diagramme est considéré comme un Plug-in présent dans le document texte.</text:p>
  <text:p text:style-name="Paragraph">Ce mécanisme apparaît encore plus nettement par exemple lorsque vous insérez un fichier dans des présentations via <text:span text:style-name="T1">Insertion - Objet - Plug-In</text:span>. Vous voyez dans la fenêtre de votre présentation un fichier texte et les barres d&apos;icônes ont été changées.</text:p>
  <text:p text:style-name="Head 3">Plug-Ins pour l&apos;extension de programme</text:p>
  <text:p text:style-name="Paragraph">Les Plug-Ins sont en général des compléments de logiciel pour certaines applications, qui ajoutent d&apos;autres fonctionnalités à ces applications. Les filtres d&apos;import et d&apos;export de différents formats de fichier sont souvent <text:s/>proposés sous forme de Plug-Ins dans un répertoire Plug-Ins.</text:p>
  <text:p text:style-name="Paragraph">Les extensions du navigateur Web Netscape de la société Netscape Communication Corporation sont également désignées comme des Plug-ins. Il s&apos;agit là de programmes externes, provenant principalement du domaine multimédia, qui communiquent via une interface normalisée avec le navigateur Web et qui peuvent être également intégrés à des documents <help:productname>%PRODUCTNAME</help:productname>.</text:p>
  <text:p text:style-name="Paragraph"><help:productname>%PRODUCTNAME</help:productname> supporte les Plug-ins 32 bits compatibles avec Netscape.</text:p>
  <text:p text:style-name="Paragraph"><help:productname>%PRODUCTNAME</help:productname> reconnaît automatiquement tout Plug-in Netscape (32 bits) installé sur votre système. Sinon, la plupart des programmes d&apos;installation de Plug-in permettent de spécifier le répertoire d&apos;installation, <help:productname>%PRODUCTNAME</help:productname> par exemple. Veillez à saisir le nouveau chemin d&apos;installation ({installpath}/share/plugin, par exemple) dans <text:span text:style-name="T1">Outils - Options - <help:productname>%PRODUCTNAME</help:productname> - Chemins</text:span>. Remarque : avec certains Plug-ins, il est encore nécessaire que Netscape soit installé avant l&apos;exécution du programme d&apos;installation.</text:p>
  <help:to-popup Eid="proxy"><a name="proxy"/>
  <text:p text:style-name="Head 2"><help:key-word value="Proxy" tag="kw65629_5"/>Proxy</text:p>
  <text:p text:style-name="Paragraph">Un Proxy est un ordinateur du réseau assurant une fonction comparable à celle d&apos;un presse-papiers lors des transferts de données. Lorsque vous accédez à Internet à partir du réseau de votre société et demandez une page Web déjà visitée par l&apos;un de vos collègues, le Proxy peut afficher la page beaucoup plus rapidement tant que celle-ci est encore dans sa mémoire. Le seul contrôle alors nécessaire consiste à vérifier que la page stockée dans le Proxy est la version la plus récente. Si cela est le cas, la page peut être chargée directement depuis le Proxy et non depuis Internet, beaucoup plus lent.</text:p>
  </help:to-popup>
  <text:p text:style-name="Head 2"><a name="server"/><help:key-word value="Serveur; Définition" tag="kw65629_17"/>Serveur</text:p>
  <text:p text:style-name="Paragraph">Un serveur est un ordinateur installé sur un réseau et fournissant des services à d&apos;autres ordinateurs. Les serveurs peuvent être des serveurs de fichiers dans les réseaux locaux, par exemple des serveurs Internet, ou des serveurs spéciaux dédiés au FTP, au courrier et aux forums. Une application fournissant des données à d&apos;autres programmes est appelée serveur d&apos;application. Le serveur d&apos;application <help:productname>%PRODUCTNAME</help:productname> est un programme qui s&apos;exécute sur un réseau et fournit des données aux clients <help:productname>%PRODUCTNAME</help:productname> distants utilisant des stations de travail.</text:p>
  <help:to-popup Eid="sgml"><a name="sgml"/>
  <text:p text:style-name="Head 2"><help:key-word value="SGML; Définition" tag="kw65629_16"/>SGML</text:p>
  <text:p text:style-name="Paragraph">SGML signifie &quot;Standard Generalized Markup Language&quot;. Le langage SGML est fondé sur l&apos;idée selon laquelle les documents comportent des éléments structurels et d&apos;autres éléments sémantiques pouvant être décrits sans référence à leur mode d&apos;affichage. L&apos;affichage d&apos;un tel document peut varier selon le média de sortie et les préférences de style. Dans les textes structurés, le langage SGML définit des structures (dans la DTD = Document Type Definition) et s&apos;assure que ces dernières sont utilisées de manière cohérente.</text:p>
  <text:p text:style-name="Paragraph"><help:link Id="65629" Eid="html">HTML</help:link> est une application spécialisée de SGML. Si la plupart des navigateurs Web supportent une plage limitée de standards SGML, en revanche presque tous les systèmes compatibles SGML peuvent produire des pages HTML attrayantes. La première ligne d&apos;un document HTML contient invariablement des instructions SGML définissant les lignes suivantes comme appartenant à un sous-ensemble HTML.</text:p>
  <text:p text:style-name="PropText">&lt;!DOCTYPE HTML PUBLIC &quot;-//W3C//DTD HTML 3.2//EN&quot;&gt;</text:p>
  </help:to-popup>
  <help:to-popup Eid="smtp"><a name="smtp"/>
  <text:p text:style-name="Head 2"><help:key-word value="SMTP/POP3; Définition" tag="kw65629_15"/>SMTP/POP3</text:p>
  <text:p text:style-name="Paragraph">SMTP et POP3 sont deux protocoles largement répandus pour le transfert d&apos;<help:link Id="65629" Eid="e-mail">e-mail</help:link>. SMTP (Simple Mail Transfer Protocol) est le protocole le plus courant avec lequel, via un modem ou par RNIS, un ordinateur entre en contact avec le serveur de courrier du fournisseur d&apos;accès à Internet et transmet ses e-mails. POP3 (Post Office Protocol, Version 3) est le protocole avec lequel votre ordinateur peut récupérer les messages du serveur de courrier du fournisseur d&apos;accès à Internet.</text:p>
  </help:to-popup>
  <help:to-popup Eid="style"><a name="style"/>
  <text:p text:style-name="Head 2">Feuilles de style (CSS1/CSS2)<help:key-word value="Feuille de style; Définition" tag="kw65629_14"/></text:p>
  <text:p text:style-name="Paragraph">Les feuilles de style (&quot;modèles de style&quot;) sont une innovation du format <help:link Id="65629" Eid="html">HTML</help:link> 3 pour les documents Web. Pour connaître les dernières mises à jour des feuilles de style, consultez le site : http://www.w3.org/Style/Activity. Les feuilles de style permettent de reprendre les formatages de vos documents <help:productname>%PRODUCTNAME</help:productname> dans les documents HTML, de manière plus fidèle que les <help:link Id="65629" Eid="tags">balises</help:link> HTML de format normal. Les feuilles de style comportent des informations sur les polices, les tailles de police, les interlignes, etc., à utiliser pour chacun des éléments structurels logiques. Ces informations sont en code HTML et sont placées entre les nouvelles balises &lt;style&gt; et &lt;/style&gt; sous la forme d&apos;un commentaire long. Elle sont ignorées par les <help:link Id="65629" Eid="browser">navigateurs Internet</help:link> ne prenant pas encore en charge les feuilles de style alors que les navigateurs Internet plus récents sont capables de les interpréter.</text:p>
  <text:p text:style-name="Paragraph"><help:link Id="65629" Eid="style2">Complément d&apos;information sur les styles</help:link>.</text:p>
  </help:to-popup>
  <text:p text:style-name="Head 2"><a name="style2"/>Styles (explication supplémentaire)</text:p>
  <text:p text:style-name="Paragraph">Outre les feuilles de style intégrées, vous pouvez utiliser vos propres feuilles de style, lesquelles sont référencées par des documents HTML. Vous pouvez alors modifier le style d&apos;un seul fichier, cette modification affectant ensuite l&apos;ensemble des documents.</text:p>
  <text:p text:style-name="Paragraph">Les CSS (Cascading Style Sheets) sont des feuilles de style en cascade. Les feuilles de style dépendant hiérarchiquement d&apos;une feuille de style supérieure &quot;héritent&quot; de tous ses attributs et peuvent en ajouter de nouveaux.</text:p>
  <text:p text:style-name="Paragraph">Complémentairement aux Style Sheets CSS, Netscape Navigator 4 supporte les fonctionnalités de <help:key-word value="Dynamic HTML" tag="kw65629_4"/>Dynamic HTML, qui permet de superposer des objets sur la page comme dans un espace en trois dimensions. Les nouvelles propriétés de Dynamic HTML sont la possibilité d&apos;un positionnement relatif et absolu des éléments de la page et la visibilité. Vous trouverez une description plus détaillée à l&apos;adresse http://www.w3.org/pub/WWW/TR/WD-positioning.</text:p>
  <help:to-popup Eid="suchmaschine"><a name="suchmaschine"/>
  <text:p text:style-name="Head 2"><help:key-word value="Moteur de recherche; Définition" tag="kw65629_13"/>Moteur de recherche</text:p>
  <text:p text:style-name="Paragraph">Un moteur de recherche est un service Internet basé sur un programme logiciel utilisé pour explorer une vaste quantité d&apos;informations par le biais de mots clés.</text:p>
  </help:to-popup>
  <help:to-popup Eid="tags"><a name="tags"/>
  <text:p text:style-name="Head 2"><help:key-word value="Balise; Définition" tag="kw65629_12"/>Balises</text:p>
  <text:p text:style-name="Paragraph">Les pages <help:link Id="65619" Eid="ascii">HTML</help:link> de texte <help:link Id="65629" Eid="html">ASCII</help:link> codé 7 bits contiennent des instructions de format et de structure, appelées balises. Les balises sont des mots-clés entourés de crochets appartenant au langage de description des documents HTML. De nombreuses balises <text:s/>peuvent entourer un texte ou un <help:link Id="65629" Eid="hyperlink">hyperlien</help:link> à l&apos;intérieur des balises de début et de fin. Les titres sont par exemple identifiés par les balises &lt;h1&gt; au début du texte et &lt;/h1&gt; à la fin. Quelques balises apparaissent isolément, par exemple &lt;br&gt; identifiant un renvoi de ligne ou &lt;img ...&gt; caractérisant l&apos;attachement d&apos;une image.</text:p>
  </help:to-popup>
  <text:p text:style-name="Head 2"><a name="tcpip"/><help:key-word value="TCP/IP" tag="kw65629_3"/>TCP/IP</text:p>
  <text:p text:style-name="Paragraph">Il s&apos;agit de l&apos;abréviation de Transmission Control Protocol / Internet Protocol. Le protocole TCP gère l&apos;établissement et l&apos;interruption des connexions entre tous les ordinateurs d&apos;un réseau. Il dirige les données à l&apos;intérieur du réseau et veille à l&apos;obtention d&apos;une transmission complète. Le protocole IP prend en charge l&apos;organisation et l&apos;adressage des données. Pour la transmission, les données sont réparties en paquets qui sont ensuite regroupés chez le destinataire. Ce protocole est utilisé dans les réseaux locaux et sur Internet.</text:p>
  <help:to-popup Eid="url">
  <text:p text:style-name="Head 2"><a name="url"/><help:key-word value="URL; Définition" tag="kw65629_11"/>URL</text:p>
  <text:p text:style-name="Paragraph">L&apos;adresse URL (Uniform Resource Locator) est l&apos;adresse d&apos;un document ou d&apos;un <help:link Id="65629" Eid="server">serveur</help:link> sur Internet. La structure générale d&apos;un URL est différente selon le type et se présente sous la forme ://Hôte:Port/Chemin/Page#Marque, mais tous les éléments ne doivent pas être obligatoirement mentionnés. Un URL peut être une adresse FTP, WWW (HTTP) ou une adresse de fichier ou d&apos;e-mail.</text:p>
  </help:to-popup>
  <text:p text:style-name="Head 2"><a name="web-server"/><help:key-word value="serveur Web" tag="kw65629_2"/>serveur Web</text:p>
  <text:p text:style-name="Paragraph">Un serveur Web est un ordinateur relié à Internet via un programme qui met à disposition des documents WWW à afficher et/ou des fichiers à télécharger.</text:p>
  <help:to-popup Eid="xml"><a name="xml"/>
  <text:p text:style-name="Head 2"><help:key-word value="XML; Définition" tag="kw65629_10"/>XML</text:p>
  <text:p text:style-name="Paragraph">Le langage Extensible Markup Language (langage de description extensible) est un langage normalisé qui a été développé sous l&apos;égide de Sun Microsystems. L&apos;objectif de XML était, entre autres, de pouvoir utiliser sans problème les documents XML sur Internet, d&apos;être utilisé par un grand nombre d&apos;applications et d&apos;être compatible avec le langage <help:link Id="65629" Eid="sgml">SGML</help:link>. Vous trouverez une description plus détaillée de XML sous http://www.w3.org/TR/REC-xml et une liste FAQ sous http://www.ucc.ie/xml/.</text:p>
  </help:to-popup>
 </office:body>
</office:document>
