

<office:document  xmlns:office="http://openoffice.org/2000/office" xmlns:style="http://openoffice.org/2000/style" xmlns:text="http://openoffice.org/2000/text" xmlns:table="http://openoffice.org/2000/table" xmlns:draw="http://openoffice.org/2000/drawing" xmlns:fo="http://www.w3.org/1999/XSL/Format" xmlns:xlink="http://www.w3.org/1999/xlink" xmlns:number="http://openoffice.org/2000/datastyle" xmlns:svg="http://www.w3.org/2000/svg" xmlns:chart="http://openoffice.org/2000/chart" xmlns:dr3d="http://openoffice.org/2000/dr3d" xmlns:math="http://www.w3.org/1998/Math/MathML" xmlns:form="http://openoffice.org/2000/form" xmlns:script="http://openoffice.org/2000/script" office:class="text" office:version="1.0" xmlns:dc="http://purl.org/dc/elements/1.1/" xmlns:meta="http://openoffice.org/2000/meta" xmlns:help="http://openoffice.org/2000/help">
<office:meta>
  <dc:description>text/common/00/00000401</dc:description>
  <dc:subject>Menu Fichier</dc:subject>
  <meta:keywords>
   <meta:keyword>$Version</meta:keyword>
  </meta:keywords>
  <dc:language>fr-FR</dc:language>
  <meta:user-defined meta:name="Info 0">READY</meta:user-defined>
  <meta:user-defined meta:name="Info 1">FREE_OK</meta:user-defined>
  <meta:user-defined meta:name="Info 2">NOINDEX</meta:user-defined>
  <meta:user-defined meta:name="Info 3"/>
</office:meta>
 <office:script/>
 <office:font-decls>
  <style:font-decl style:name="StarSymbol" fo:font-family="StarSymbol" style:font-charset="x-symbol"/>
  <style:font-decl style:name="Courier New" fo:font-family="&apos;Courier New&apos;" style:font-style-name="Standard" style:font-family-generic="modern" style:font-pitch="fixed"/>
  <style:font-decl style:name="Courier" fo:font-family="Courier" style:font-family-generic="roman" style:font-pitch="fixed"/>
  <style:font-decl style:name="Arial Unicode MS" fo:font-family="&apos;Arial Unicode MS&apos;" style:font-pitch="variable"/>
  <style:font-decl style:name="HG Mincho Light J" fo:font-family="&apos;HG Mincho Light J&apos;" style:font-pitch="variable"/>
  <style:font-decl style:name="Times New Roman3" fo:font-family="&apos;Times New Roman&apos;" style:font-pitch="variable"/>
  <style:font-decl style:name="Thorndale" fo:font-family="Thorndale" style:font-family-generic="roman" style:font-pitch="variable"/>
  <style:font-decl style:name="Times New Roman2" fo:font-family="&apos;Times New Roman&apos;" style:font-style-name="Fett" style:font-family-generic="roman" style:font-pitch="variable"/>
  <style:font-decl style:name="Times New Roman" fo:font-family="&apos;Times New Roman&apos;" style:font-style-name="Standard" style:font-family-generic="roman" style:font-pitch="variable"/>
  <style:font-decl style:name="Times New Roman1" fo:font-family="&apos;Times New Roman&apos;" style:font-family-generic="swiss" style:font-pitch="variable"/>
 </office:font-decls>
 <office:automatic-styles>
  <style:style style:name="Tabelle4" style:family="table">
   <style:properties style:width="17.995cm" fo:margin-left="0cm" fo:margin-right="0.005cm" table:align="margins"/>
  </style:style>
  <style:style style:name="Tabelle4.A" style:family="table-column">
   <style:properties style:column-width="1.501cm" style:rel-column-width="5465*"/>
  </style:style>
  <style:style style:name="Tabelle4.B" style:family="table-column">
   <style:properties style:column-width="16.494cm" style:rel-column-width="60050*"/>
  </style:style>
  <style:style style:name="Tabelle1" style:family="table">
   <style:properties style:width="17.995cm" fo:margin-left="0cm" fo:margin-right="0.005cm" table:align="margins"/>
  </style:style>
  <style:style style:name="Tabelle1.A" style:family="table-column">
   <style:properties style:column-width="1.501cm" style:rel-column-width="5465*"/>
  </style:style>
  <style:style style:name="Tabelle1.B" style:family="table-column">
   <style:properties style:column-width="16.494cm" style:rel-column-width="60050*"/>
  </style:style>
  <style:style style:name="Tabelle2" style:family="table">
   <style:properties style:width="17.955cm" fo:margin-left="0.046cm" fo:margin-right="0cm" table:align="margins"/>
  </style:style>
  <style:style style:name="Tabelle2.A" style:family="table-column">
   <style:properties style:column-width="1.482cm" style:rel-column-width="5394*"/>
  </style:style>
  <style:style style:name="Tabelle2.B" style:family="table-column">
   <style:properties style:column-width="16.473cm" style:rel-column-width="59956*"/>
  </style:style>
  <style:style style:name="Tabelle3" style:family="table">
   <style:properties style:width="17.955cm" fo:margin-left="0.046cm" fo:margin-right="0cm" table:align="margins"/>
  </style:style>
  <style:style style:name="Tabelle3.A" style:family="table-column">
   <style:properties style:column-width="1.482cm" style:rel-column-width="5394*"/>
  </style:style>
  <style:style style:name="Tabelle3.B" style:family="table-column">
   <style:properties style:column-width="16.473cm" style:rel-column-width="59956*"/>
  </style:style>
  <style:style style:name="Tabelle29" style:family="table">
   <style:properties style:width="17.995cm" fo:margin-left="0cm" fo:margin-right="0.005cm" table:align="margins"/>
  </style:style>
  <style:style style:name="Tabelle29.A" style:family="table-column">
   <style:properties style:column-width="1.501cm" style:rel-column-width="5465*"/>
  </style:style>
  <style:style style:name="Tabelle29.B" style:family="table-column">
   <style:properties style:column-width="16.494cm" style:rel-column-width="60050*"/>
  </style:style>
  <style:style style:name="Tabelle30" style:family="table">
   <style:properties style:width="17.995cm" fo:margin-left="0cm" fo:margin-right="0.005cm" table:align="margins"/>
  </style:style>
  <style:style style:name="Tabelle30.A" style:family="table-column">
   <style:properties style:column-width="1.501cm" style:rel-column-width="5465*"/>
  </style:style>
  <style:style style:name="Tabelle30.B" style:family="table-column">
   <style:properties style:column-width="16.494cm" style:rel-column-width="60050*"/>
  </style:style>
  <style:style style:name="P1" style:family="paragraph" style:parent-style-name="Paragraph" style:master-page-name="HTML">
   <style:properties style:page-number="0"/>
  </style:style>
  <style:style style:name="T1" style:family="text">
   <style:properties fo:font-weight="bold"/>
  </style:style>
  <style:style style:name="fr1" style:family="graphics" style:parent-style-name="Graphics">
   <style:properties style:wrap="run-through" style:horizontal-pos="left" style:horizontal-rel="paragraph" style:mirror="none" fo:clip="rect(0cm 0cm 0cm 0cm)" draw:luminance="0%" draw:contrast="0%" draw:red="0%" draw:green="0%" draw:blue="0%" draw:gamma="1" draw:color-inversion="false" draw:transparency="-100%" draw:color-mode="standard"/>
  </style:style>
  <style:style style:name="fr2" style:family="graphics" style:parent-style-name="Graphics">
   <style:properties style:run-through="foreground" style:wrap="run-through" style:vertical-pos="top" style:vertical-rel="paragraph" style:horizontal-pos="left" style:horizontal-rel="paragraph" style:mirror="none" fo:clip="rect(0cm 0cm 0cm 0cm)" draw:luminance="0%" draw:contrast="0%" draw:red="0%" draw:green="0%" draw:blue="0%" draw:gamma="1" draw:color-inversion="false" draw:transparency="-100%" draw:color-mode="standard"/>
  </style:style>
  <style:style style:name="fr3" style:family="graphics" style:parent-style-name="Graphics">
   <style:properties style:wrap="run-through" style:vertical-pos="top" style:vertical-rel="paragraph" style:horizontal-pos="left" style:horizontal-rel="paragraph" style:mirror="none" fo:clip="rect(0cm 0cm 0cm 0cm)" draw:luminance="0%" draw:contrast="0%" draw:red="0%" draw:green="0%" draw:blue="0%" draw:gamma="1" draw:color-inversion="false" draw:transparency="-100%" draw:color-mode="standard"/>
  </style:style>
 </office:automatic-styles>
 <office:body>
  <text:variable-decls>
   <text:variable-decl text:value-type="string" text:name="HTML_ON"/>
   <text:variable-decl text:value-type="string" text:name="HTML_OFF"/>
   <text:variable-decl text:value-type="string" text:name="TITEL"/>
   <text:variable-decl text:value-type="string" text:name="END"/>
   <text:variable-decl text:value-type="string" text:name="OS2"/>
   <text:variable-decl text:value-type="string" text:name="ELSE"/>
   <text:variable-decl text:value-type="string" text:name="NAME"/>
   <text:variable-decl text:value-type="string" text:name="MAC"/>
   <text:variable-decl text:value-type="string" text:name="HREF"/>
   <text:variable-decl text:value-type="string" text:name="MODIFY"/>
   <text:variable-decl text:value-type="string" text:name="REFNR"/>
   <text:variable-decl text:value-type="string" text:name="HFELD"/>
   <text:variable-decl text:value-type="string" text:name="STYLE"/>
  </text:variable-decls>
  <text:sequence-decls>
   <text:sequence-decl text:display-outline-level="0" text:name="Illustration"/>
   <text:sequence-decl text:display-outline-level="0" text:name="Table"/>
   <text:sequence-decl text:display-outline-level="0" text:name="Text"/>
   <text:sequence-decl text:display-outline-level="0" text:name="Drawing"/>
  </text:sequence-decls>
  <text:p text:style-name="P1"/>
  <text:p text:style-name="Head 1">Menu Fichier</text:p>
  <help:to-popup Eid="neu">
  <text:p text:style-name="Paragraph">Menu<text:span text:style-name="T1"> Fichier - Nouveau</text:span></text:p>
  <text:p text:style-name="Paragraph">Icône <text:span text:style-name="T1">Nouveau</text:span> dans la barre de fonctions (l&apos;icône affiche le type de document actuel)</text:p>
  <help:to-be-embedded Eid="neutextdoc">
  <table:table table:name="Tabelle4" table:style-name="Tabelle4">
   <table:table-column table:style-name="Tabelle4.A"/>
   <table:table-column table:style-name="Tabelle4.B"/>
   <table:table-header-rows>
    <table:table-row>
     <table:table-cell table:value-type="string">
      <text:p text:style-name="Paragraph"><draw:image draw:name="Icône0" svg:desc="Icône" svg:pixelx="25" svg:pixely="25" svg:width="0.661cm" svg:height="0.661cm" xlink:href="67381" draw:filter-name=""/></text:p>

     </table:table-cell>
     <table:table-cell table:value-type="string">
      <text:p text:style-name="Paragraph">Nouveau</text:p>
     </table:table-cell>
    </table:table-row>
   </table:table-header-rows>
  </table:table>
  </help:to-be-embedded>
  <text:p text:style-name="Paragraph">Touche <help:switch select="System"><help:case select ="MAC">(Commande)</help:case><help:default>(Ctrl)</help:default></help:switch>(N)</text:p>
  </help:to-popup>
  <help:to-popup Eid="neuvundd">
  <text:p text:style-name="Paragraph">Menu <text:span text:style-name="T1">Fichier - Nouveau</text:span> <text:span text:style-name="T1">- Modèles et documents</text:span>.</text:p>
  <text:p text:style-name="Paragraph">Touche Maj+<help:switch select="System"><help:case select ="MAC">Commande</help:case><help:default>Ctrl</help:default></help:switch>+N</text:p>
  </help:to-popup>
  <text:p text:style-name="Paragraph"><help:to-popup Eid="etiketten">Menu <text:span text:style-name="T1">Fichier - Nouveau - Étiquettes...</text:span></help:to-popup></text:p>
  <text:p text:style-name="Paragraph"><help:to-popup Eid="etikettenein">Menu <text:span text:style-name="T1">Fichier - Nouveau - Étiquettes...</text:span> - Onglet <text:span text:style-name="T1">Étiquettes</text:span></help:to-popup></text:p>
  <help:to-popup Eid="formateti">
  <text:p text:style-name="Paragraph">Menu <text:span text:style-name="T1">Fichier - Nouveau - Étiquettes...</text:span> - onglet <text:span text:style-name="T1">Format</text:span></text:p>
  <text:p text:style-name="Paragraph">Menu <text:span text:style-name="T1">Fichier - Nouveau - Cartes de visite...</text:span> - onglet <text:span text:style-name="T1">Format</text:span></text:p>
  </help:to-popup>
  <help:to-popup Eid="druckereti">
  <text:p text:style-name="Paragraph">Menu <text:span text:style-name="T1">Fichier - Nouveau - Étiquettes...</text:span> - onglet <text:span text:style-name="T1">Impression</text:span></text:p>
  <text:p text:style-name="Paragraph">Menu <text:span text:style-name="T1">Fichier - Nouveau - Cartes de visite...</text:span> - onglet <text:span text:style-name="T1">Impression</text:span></text:p>
  </help:to-popup>
  <text:p text:style-name="Paragraph"><help:to-popup Eid="visikart">Menu <text:span text:style-name="T1">Fichier - Nouveau - Cartes de visite...</text:span></help:to-popup></text:p>
  <text:p text:style-name="Paragraph"><help:to-popup Eid="visikartform">Menu <text:span text:style-name="T1">Fichier - Nouveau - Cartes de visite... - </text:span>Onglet <text:span text:style-name="T1">Média</text:span></help:to-popup></text:p>
  <text:p text:style-name="Paragraph"><help:to-popup Eid="viskartinhalt">Menu <text:span text:style-name="T1">Fichier - Nouveau - Cartes de visite...</text:span> - Onglet <text:span text:style-name="T1">Cartes de visite</text:span></help:to-popup></text:p>
  <text:p text:style-name="Paragraph"><help:to-popup Eid="viskartpriv">Menu Fichier - <text:span text:style-name="T1">Nouveau - Cartes de visite...</text:span> - Onglet <text:span text:style-name="T1">Privé</text:span></help:to-popup></text:p>
  <text:p text:style-name="Paragraph"><help:to-popup Eid="viskartgesch">Menu Fichier - <text:span text:style-name="T1">Nouveau - Cartes de visite...</text:span> - Onglet -<text:span text:style-name="T1"> Bureau</text:span></help:to-popup></text:p>
  <help:to-popup Eid="oeffnen">
  <text:p text:style-name="Paragraph">Menu<text:span text:style-name="T1"> Fichier - Ouvrir...</text:span></text:p>
  <text:p text:style-name="Paragraph">Touche <help:switch select="System"><help:case select ="MAC">(Commande)</help:case><help:default>(Ctrl)</help:default></help:switch>(O)</text:p>
  <text:p text:style-name="Paragraph">Dans la <text:span text:style-name="T1">barre de fonctions</text:span>, cliquez sur</text:p>
  <help:to-be-embedded Eid="syoeffnen">
  <table:table table:name="Tabelle1" table:style-name="Tabelle1">
   <table:table-column table:style-name="Tabelle1.A"/>
   <table:table-column table:style-name="Tabelle1.B"/>
   <table:table-header-rows>
    <table:table-row>
     <table:table-cell table:value-type="string">
      <text:p text:style-name="Paragraph"><draw:image draw:name="Icône1" svg:desc="Icône" svg:pixelx="25" svg:pixely="25" svg:width="0.661cm" svg:height="0.661cm" xlink:href="65917" draw:filter-name=""/></text:p>

     </table:table-cell>
     <table:table-cell table:value-type="string">
      <text:p text:style-name="Paragraph">Ouvrir un fichier</text:p>
     </table:table-cell>
    </table:table-row>
   </table:table-header-rows>
  </table:table>
  </help:to-be-embedded></help:to-popup>
  <help:to-popup Eid="ascii">
  <text:p text:style-name="Paragraph">Menu<text:span text:style-name="T1"> Fichier - Ouvrir</text:span>, type de fichier <text:span text:style-name="T1">Texte codé</text:span> sélectionné</text:p>
  <text:p text:style-name="Paragraph">Menu<text:span text:style-name="T1"> Fichier - Enregistrer sous</text:span>, type de fichier <text:span text:style-name="T1">Texte codé</text:span> sélectionné</text:p>
  </help:to-popup>
  <text:p text:style-name="Paragraph"><help:to-popup Eid="autobrief">Menu<text:span text:style-name="T1"> Fichier - AutoPilote</text:span></help:to-popup></text:p>
  <text:p text:style-name="Paragraph"><help:to-popup Eid="autopilotbrief">Menu<text:span text:style-name="T1"> Fichier - AutoPilote - Lettre...</text:span></help:to-popup></text:p>
  <text:p text:style-name="Paragraph"><help:to-popup Eid="autopilotbrief1">Menu<text:span text:style-name="T1"> Fichier - AutoPilote - Lettre... - Page 1</text:span></help:to-popup></text:p>
  <text:p text:style-name="Paragraph"><help:to-popup Eid="autopilotbrief2">Choisissez <text:span text:style-name="T1">Fichier - AutoPilote - Lettre - Page 2</text:span></help:to-popup>.</text:p>
  <text:p text:style-name="Paragraph"><help:to-popup Eid="autopilotbrief3">Menu<text:span text:style-name="T1"> Fichier - AutoPilote - Lettre... - Page 3</text:span></help:to-popup></text:p>
  <text:p text:style-name="Paragraph"><help:to-popup Eid="autopilotbrief4">Menu<text:span text:style-name="T1"> Fichier - AutoPilote - Lettre... - Page 4</text:span></help:to-popup></text:p>
  <text:p text:style-name="Paragraph"><help:to-popup Eid="autopilotbrief5">Menu<text:span text:style-name="T1"> Fichier - AutoPilote - Lettre... - Page 5</text:span></help:to-popup></text:p>
  <text:p text:style-name="Paragraph"><help:to-popup Eid="autopilotbrief6">Choisissez <text:span text:style-name="T1">Fichier - AutoPilote - Lettre - Page 6</text:span></help:to-popup>.</text:p>
  <text:p text:style-name="Paragraph"><help:to-popup Eid="autopilotbrief7">Menu<text:span text:style-name="T1"> Fichier - AutoPilote - Lettre... - Page 7</text:span></help:to-popup></text:p>
  <text:p text:style-name="Paragraph"><help:to-popup Eid="autopilotbrief8">Choisissez <text:span text:style-name="T1">Fichier - AutoPilote - Lettre - Page 8</text:span></help:to-popup>.</text:p>
  <text:p text:style-name="Paragraph"><help:to-popup Eid="autopilotbrief9">Menu<text:span text:style-name="T1"> Fichier - AutoPilote - Lettre... - Page 9</text:span></help:to-popup></text:p>
  <text:p text:style-name="Paragraph"><help:to-popup Eid="autopilotfax">Menu<text:span text:style-name="T1"> Fichier - AutoPilote - Fax...</text:span></help:to-popup></text:p>
  <text:p text:style-name="Paragraph"><help:to-popup Eid="autopilotfax1">Menu<text:span text:style-name="T1"> Fichier - AutoPilote - Fax... - Page 1</text:span></help:to-popup></text:p>
  <text:p text:style-name="Paragraph"><help:to-popup Eid="autopilotfax2">Choisissez <text:span text:style-name="T1">Fichier - AutoPilote - Fax - Page 2</text:span></help:to-popup>.</text:p>
  <text:p text:style-name="Paragraph"><help:to-popup Eid="autopilotfax3">Menu<text:span text:style-name="T1"> Fichier - AutoPilote - Fax... - Page 3</text:span></help:to-popup></text:p>
  <text:p text:style-name="Paragraph"><help:to-popup Eid="autopilotfax4">Menu<text:span text:style-name="T1"> Fichier - AutoPilote - Fax... - Page 4</text:span></help:to-popup></text:p>
  <text:p text:style-name="Paragraph"><help:to-popup Eid="autopilotfax5">Menu<text:span text:style-name="T1"> Fichier - AutoPilote - Fax... - Page 5</text:span></help:to-popup></text:p>
  <text:p text:style-name="Paragraph"><help:to-popup Eid="autopilotfax6">Choisissez <text:span text:style-name="T1">Fichier - AutoPilote - Fax - Page 6</text:span></help:to-popup>.</text:p>
  <text:p text:style-name="Paragraph"><help:to-popup Eid="autopilotfax7">Choisissez <text:span text:style-name="T1">Fichier - AutoPilote - Fax - Page 7</text:span></help:to-popup>.</text:p>
  <text:p text:style-name="Paragraph"><help:to-popup Eid="autopilotfax8">Menu<text:span text:style-name="T1"> Fichier - AutoPilote - Fax... - Page 8</text:span></help:to-popup></text:p>
  <text:p text:style-name="Paragraph"><help:to-popup Eid="autopilotmemo">Menu<text:span text:style-name="T1"> Fichier - AutoPilote - Mémo...</text:span></help:to-popup></text:p>
  <text:p text:style-name="Paragraph"><help:to-popup Eid="autopilotmemo1">Menu<text:span text:style-name="T1"> Fichier - AutoPilote - Mémo... - Page 1</text:span></help:to-popup></text:p>
  <text:p text:style-name="Paragraph"><help:to-popup Eid="autopilotmemo2">Menu<text:span text:style-name="T1"> Fichier - AutoPilote - Mémo... - Page 2</text:span></help:to-popup></text:p>
  <text:p text:style-name="Paragraph"><help:to-popup Eid="autopilotmemo3">Menu<text:span text:style-name="T1"> Fichier - AutoPilote - Mémo... - Page 3</text:span></help:to-popup></text:p>
  <text:p text:style-name="Paragraph"><help:to-popup Eid="autopilotmemo4">Choisissez <text:span text:style-name="T1">Fichier - AutoPilote - Mémo - Page 4</text:span></help:to-popup>.</text:p>
  <text:p text:style-name="Paragraph"><help:to-popup Eid="autopilotmemo5">Menu<text:span text:style-name="T1"> Fichier - AutoPilote - Mémo... - Page 5</text:span></help:to-popup></text:p>
  <text:p text:style-name="Paragraph"><help:to-popup Eid="autopilotagenda">Menu<text:span text:style-name="T1"> Fichier - AutoPilote - Agenda...</text:span></help:to-popup></text:p>
  <text:p text:style-name="Paragraph"><help:to-popup Eid="autopilotagenda1">Menu<text:span text:style-name="T1"> Fichier - AutoPilote - Agenda... - Page 1</text:span></help:to-popup></text:p>
  <text:p text:style-name="Paragraph"><help:to-popup Eid="autopilotagenda2">Menu<text:span text:style-name="T1"> Fichier - AutoPilote - Agenda... - Page 2</text:span></help:to-popup></text:p>
  <text:p text:style-name="Paragraph"><help:to-popup Eid="autopilotagenda3">Menu<text:span text:style-name="T1"> Fichier - AutoPilote - Agenda... - Page 3</text:span></help:to-popup></text:p>
  <text:p text:style-name="Paragraph"><help:to-popup Eid="autopilotagenda4">Menu<text:span text:style-name="T1"> Fichier - AutoPilote - Agenda... - Page 4</text:span></help:to-popup></text:p>
  <text:p text:style-name="Paragraph"><help:to-popup Eid="autopilotagenda5">Choisissez <text:span text:style-name="T1">Fichier - AutoPilote - Agenda - Page 5</text:span></help:to-popup>.</text:p>
  <text:p text:style-name="Paragraph"><help:to-popup Eid="autopilotagenda6">Menu<text:span text:style-name="T1"> Fichier - AutoPilote - Agenda... - Page 6</text:span></help:to-popup></text:p>
  <text:p text:style-name="Paragraph"><help:to-popup Eid="dtapt">Choisissez <text:span text:style-name="T1">Fichier - AutoPilote - Présentation</text:span></help:to-popup>.</text:p>
  <text:p text:style-name="Paragraph"><help:to-popup Eid="dtapse">Menu<text:span text:style-name="T1"> Fichier - AutoPilote - Présentation - Page 1</text:span></help:to-popup></text:p>
  <text:p text:style-name="Paragraph"><help:to-popup Eid="dtapsz">Menu<text:span text:style-name="T1"> Fichier - AutoPilote - Présentation - Page 2</text:span></help:to-popup></text:p>
  <text:p text:style-name="Paragraph"><help:to-popup Eid="dtapsd">Menu<text:span text:style-name="T1"> Fichier - AutoPilote - Présentation - Page 3</text:span></help:to-popup></text:p>
  <text:p text:style-name="Paragraph"><help:to-popup Eid="dtapsv">Menu<text:span text:style-name="T1"> Fichier - AutoPilote - Présentation - Page 4</text:span></help:to-popup></text:p>
  <text:p text:style-name="Paragraph"><help:to-popup Eid="dtapsf">Menu<text:span text:style-name="T1"> Fichier - AutoPilote - Présentation - Page 5</text:span></help:to-popup></text:p>
  <text:p text:style-name="Paragraph"><help:to-popup Eid="autopilotwebseite">Menu<text:span text:style-name="T1"> Fichier - AutoPilote - Site Web...</text:span></help:to-popup></text:p>
  <text:p text:style-name="Paragraph"><help:to-popup Eid="autopilotformular">Menu<text:span text:style-name="T1"> Fichier - AutoPilote - Formulaire</text:span></help:to-popup></text:p>
  <text:p text:style-name="Paragraph"><help:to-popup Eid="autopilotformulartabauswahl">Menu<text:span text:style-name="T1"> Fichier - AutoPilote - Formulaire - Sélection d&apos;une base de données</text:span></help:to-popup></text:p>
  <text:p text:style-name="Paragraph"><help:to-popup Eid="autopilotformularfeldausrichtung">Menu<text:span text:style-name="T1"> Fichier - AutoPilote - Formulaire - Composition</text:span></help:to-popup></text:p>
  <text:p text:style-name="Paragraph"><help:to-popup Eid="gruppen">Ébauche de formulaire - Cliquer sur l&apos;icône <text:span text:style-name="T1">Zone de groupe</text:span> dans la barre détachable <text:span text:style-name="T1">Fonctions de formulaire</text:span> et ouvrir un cadre</help:to-popup></text:p>
  <text:p text:style-name="Paragraph"><help:to-popup Eid="gruppen1">Ébauche de formulaire - Cliquer sur l&apos;icône <text:span text:style-name="T1">Zone de groupe</text:span> dans la barre détachable <text:span text:style-name="T1">Fonctions de formulaire</text:span> et ouvrir un cadre - AutoPilote page 1</help:to-popup></text:p>
  <text:p text:style-name="Paragraph"><help:to-popup Eid="gruppen2">Ébauche de formulaire - Cliquer sur l&apos;icône <text:span text:style-name="T1">Zone de groupe</text:span> dans la barre détachable <text:span text:style-name="T1">Fonctions de formulaire</text:span> et ouvrir un cadre - AutoPilote page 2</help:to-popup></text:p>
  <text:p text:style-name="Paragraph"><help:to-popup Eid="gruppen3">Ébauche de formulaire - Cliquer sur l&apos;icône <text:span text:style-name="T1">Zone de groupe</text:span> dans la barre détachable <text:span text:style-name="T1">Fonctions de formulaire</text:span> et ouvrir un cadre - AutoPilote page 3</help:to-popup></text:p>
  <text:p text:style-name="Paragraph"><help:to-popup Eid="gruppen4">En mode conception, cliquez sur l&apos;icône <text:span text:style-name="T1">Zone de groupe</text:span> dans la barre d&apos;instruments flottante <text:span text:style-name="T1">Fonctions de formulaire</text:span> et créez un cadre avec la souris - AutoPilote page 4 - Une connexion à une base de données doit exister.</help:to-popup></text:p>
  <text:p text:style-name="Paragraph"><help:to-popup Eid="gruppen5">Ébauche de formulaire - Cliquer sur l&apos;icône <text:span text:style-name="T1">Zone de groupe</text:span> dans la barre détachable <text:span text:style-name="T1">Fonctions de formulaire</text:span> et ouvrir un cadre - Dernière page de l&apos;AutoPilote</help:to-popup></text:p>
  <text:p text:style-name="Paragraph"><help:to-popup Eid="autopilotreport">Menu <text:span text:style-name="T1">Fichier - AutoPilote - État</text:span></help:to-popup></text:p>
  <text:p text:style-name="Paragraph"><help:to-popup Eid="autopilotreporttabauswahl">Menu <text:span text:style-name="T1">Fichier - AutoPilote - État - Sélection d&apos;une base de données</text:span></help:to-popup></text:p>
  <text:p text:style-name="Paragraph"><help:to-popup Eid="autopilotreportgrouping">Menu <text:span text:style-name="T1">Fichier- AutoPilote - État - Groupements</text:span></help:to-popup></text:p>
  <text:p text:style-name="Paragraph"><help:to-popup Eid="autopilotreportsortoptions">Menu <text:span text:style-name="T1">Fichier- AutoPilote - État - Options de tri</text:span></help:to-popup></text:p>
  <text:p text:style-name="Paragraph"><help:to-popup Eid="autopilotreportchooselayout">Menu<text:span text:style-name="T1"> Fichier - AutoPilote - État - Sélection de la mise en page</text:span></help:to-popup></text:p>
  <text:p text:style-name="Paragraph"><help:to-popup Eid="autopilotreportsavereport">Menu <text:span text:style-name="T1">Fichier - AutoPilote - État - Enregistrer l&apos;état</text:span></help:to-popup></text:p>
  <text:p text:style-name="Paragraph"><help:to-popup Eid="autopilotmsimport">Menu<text:span text:style-name="T1"> Fichier - AutoPilote - Convertisseur de documents</text:span></help:to-popup></text:p>
  <text:p text:style-name="Paragraph"><help:to-popup Eid="autopilotmsimport1">Menu<text:span text:style-name="T1"> Fichier - AutoPilote - Convertisseur de documents</text:span></help:to-popup></text:p>
  <text:p text:style-name="Paragraph"><help:to-popup Eid="autopilotmsimport2">Menu<text:span text:style-name="T1"> Fichier - AutoPilote - Convertisseur de documents</text:span></help:to-popup></text:p>
  <text:p text:style-name="Paragraph"><help:to-popup Eid="dataimport">Menu <text:span text:style-name="T1">Fichier - AutoPilote - Import de BD StarOffice 5.2</text:span></help:to-popup></text:p>
  <text:p text:style-name="Paragraph"><help:to-popup Eid="dataimport1">Menu <text:span text:style-name="T1">Fichier - AutoPilote - Import de BD StarOffice 5.2 - Définir la source</text:span></help:to-popup></text:p>
  <text:p text:style-name="Paragraph"><help:to-popup Eid="dataimport2">Menu <text:span text:style-name="T1">Fichier - AutoPilote - Import de BD StarOffice 5.2 - Éléments à importer</text:span></help:to-popup></text:p>
  <text:p text:style-name="Paragraph"><help:to-popup Eid="dataimport2a">Menu <text:span text:style-name="T1">Fichier - AutoPilote - Import de BD StarOffice 5.2 - Adaptation du chemin</text:span></help:to-popup></text:p>
  <text:p text:style-name="Paragraph"><help:to-popup Eid="dataimport3">Menu <text:span text:style-name="T1">Fichier - AutoPilote - Import de BD StarOffice 5.2 - Import de formulaire</text:span></help:to-popup></text:p>
  <text:p text:style-name="Paragraph"><help:to-popup Eid="dataimport4">Menu <text:span text:style-name="T1">Fichier - AutoPilote - Import de BD StarOffice 5.2 - Import de requête</text:span></help:to-popup></text:p>
  <text:p text:style-name="Paragraph"><help:to-popup Eid="dataimport5">Menu <text:span text:style-name="T1">Fichier - AutoPilote - Import de BD StarOffice 5.2 - Récapitulatif</text:span></help:to-popup></text:p>
  <text:p text:style-name="Paragraph"><help:to-popup Eid="euro">Menu<text:span text:style-name="T1"> Fichier - AutoPilote - Euro-Convertisseur...</text:span></help:to-popup></text:p>
  <help:to-popup Eid="addressimport1">
  <text:p text:style-name="Paragraph">AutoPilote <text:span text:style-name="T1">Source de données des adresses</text:span> (démarre automatiquement)</text:p>
  <text:p text:style-name="Paragraph">Menu<text:span text:style-name="T1"> Fichier - AutoPilote</text:span> - <text:span text:style-name="T1">Source de données des adresses</text:span></text:p>
  </help:to-popup>
  <text:p text:style-name="Paragraph"><help:to-popup Eid="addressimport2">AutoPilote <text:span text:style-name="T1">Source de données des adresses</text:span> - <text:span text:style-name="T1">Paramètres supplémentaires</text:span></help:to-popup></text:p>
  <text:p text:style-name="Paragraph"><help:to-popup Eid="addressimport3">AutoPilote <text:span text:style-name="T1">Source de données des adresses</text:span> - <text:span text:style-name="T1">Sélection de table</text:span></help:to-popup></text:p>
  <text:p text:style-name="Paragraph"><help:to-popup Eid="addressimport4">AutoPilote <text:span text:style-name="T1">Source de données des adresses</text:span> - <text:span text:style-name="T1">Titre de la source de données</text:span></help:to-popup></text:p>
  <text:p text:style-name="Paragraph"><help:to-popup Eid="addressimport5">AutoPilote <text:span text:style-name="T1">Source de données des adresses</text:span> - <text:span text:style-name="T1">Assignation des champs</text:span></help:to-popup></text:p>
  <text:p text:style-name="Paragraph"><help:to-popup Eid="schliessen">Menu<text:span text:style-name="T1"> Fichier - Fermer</text:span></help:to-popup></text:p>
  <help:to-popup Eid="save">
  <text:p text:style-name="Paragraph">Menu<text:span text:style-name="T1"> Fichier - Enregistrer</text:span></text:p>
  <text:p text:style-name="Paragraph">Touche <help:switch select="System"><help:case select ="MAC">(Commande)</help:case><help:default>(Ctrl)</help:default></help:switch>(S)</text:p>
  <text:p text:style-name="Paragraph">À partir de la <text:span text:style-name="T1">barre de fonctions</text:span> ou de la <text:span text:style-name="T1">barre de base de données</text:span>, cliquez sur</text:p>
  <help:to-be-embedded Eid="sysave">
  <table:table table:name="Tabelle2" table:style-name="Tabelle2">
   <table:table-column table:style-name="Tabelle2.A"/>
   <table:table-column table:style-name="Tabelle2.B"/>
   <table:table-header-rows>
    <table:table-row>
     <table:table-cell table:value-type="string">
      <text:p text:style-name="Paragraph"><draw:image draw:name="Icône2" svg:desc="Icône" svg:pixelx="25" svg:pixely="25" svg:width="0.661cm" svg:height="0.661cm" xlink:href="65921" draw:filter-name=""/></text:p>

     </table:table-cell>
     <table:table-cell table:value-type="string">
      <text:p text:style-name="Paragraph">Enregistrer le document</text:p>
     </table:table-cell>
    </table:table-row>
   </table:table-header-rows>
  </table:table>
  </help:to-be-embedded></help:to-popup>
  <text:p text:style-name="Paragraph"><help:to-popup Eid="gifspeichern">Menu<text:span text:style-name="T1"> Fichier - Enregistrer sous</text:span>, sélectionner le type de fichier GIF ; cette boîte de dialogue apparaît automatiquement</help:to-popup></text:p>
  <text:p text:style-name="Paragraph"><help:to-popup Eid="pngspeichern">Menu<text:span text:style-name="T1"> Fichier - Enregistrer sous</text:span>, sélectionner le type de fichier PNG ; cette boîte de dialogue apparaît automatiquement</help:to-popup></text:p>
  <text:p text:style-name="Paragraph"><help:to-popup Eid="bmpspeichern">Menu<text:span text:style-name="T1"> Fichier - Enregistrer sous</text:span>, sélectionner le type de fichier BMP ; cette boîte de dialogue apparaît automatiquement</help:to-popup></text:p>
  <text:p text:style-name="Paragraph"><help:to-popup Eid="jpegspeichern">Menu<text:span text:style-name="T1"> Fichier - Enregistrer sous</text:span>, sélectionner le type de fichier JPEG ; cette boîte de dialogue apparaît automatiquement</help:to-popup></text:p>
  <text:p text:style-name="Paragraph"><help:to-popup Eid="htmlspeichern">Dans <help:productname>%PRODUCTNAME</help:productname> Draw ou <help:productname>%PRODUCTNAME</help:productname> Impress, choisissez <text:span text:style-name="T1">Fichier - Exporter</text:span>, sélectionnez le type de fichier &quot;Document HTML&quot;. La boîte de dialogue s&apos;ouvre automatiquement</help:to-popup>.</text:p>
  <text:p text:style-name="Paragraph"><help:to-popup Eid="htmlspeichern1">Menu <help:productname>%PRODUCTNAME</help:productname> Draw/<help:productname>%PRODUCTNAME</help:productname> Impress <text:span text:style-name="T1"><text:s/>Fichier - Exporter</text:span>, sélectionner le type de fichier Page Web, page 1 de l&apos;AutoPilote</help:to-popup></text:p>
  <text:p text:style-name="Paragraph"><help:to-popup Eid="htmlspeichern2">Menu <help:productname>%PRODUCTNAME</help:productname> Draw/<help:productname>%PRODUCTNAME</help:productname> Impress <text:span text:style-name="T1"><text:s/>Fichier - Exporter</text:span>, sélectionner le type de fichier Page Web, page 2 de l&apos;AutoPilote</help:to-popup></text:p>
  <text:p text:style-name="Paragraph"><help:to-popup Eid="htmlspeichern3">Menu <help:productname>%PRODUCTNAME</help:productname> Draw/<help:productname>%PRODUCTNAME</help:productname> Impress <text:span text:style-name="T1"><text:s/>Fichier - Exporter</text:span>, sélectionner le type de fichier Page Web, page 3 de l&apos;AutoPilote</help:to-popup></text:p>
  <text:p text:style-name="Paragraph"><help:to-popup Eid="htmlspeichern4">Menu <help:productname>%PRODUCTNAME</help:productname> Draw/<help:productname>%PRODUCTNAME</help:productname> Impress <text:span text:style-name="T1"><text:s/>Fichier - Exporter</text:span>, sélectionner le type de fichier Page Web, page 4 de l&apos;AutoPilote</help:to-popup></text:p>
  <text:p text:style-name="Paragraph"><help:to-popup Eid="htmlspeichern5">Menu <help:productname>%PRODUCTNAME</help:productname> Draw/<help:productname>%PRODUCTNAME</help:productname> Impress <text:span text:style-name="T1"><text:s/>Fichier - Exporter</text:span>, sélectionner le type de fichier Page Web, page 5 de l&apos;AutoPilote</help:to-popup></text:p>
  <text:p text:style-name="Paragraph"><help:to-popup Eid="htmlspeichern6">Menu <help:productname>%PRODUCTNAME</help:productname> Draw/<help:productname>%PRODUCTNAME</help:productname> Impress <text:span text:style-name="T1"><text:s/>Fichier - Exporter</text:span>, sélectionner le type de fichier Page Web, page 6 de l&apos;AutoPilote</help:to-popup></text:p>
  <text:p text:style-name="Paragraph"><help:to-popup Eid="svmspeichern">Menu<text:span text:style-name="T1"> Fichier - Exporter...</text:span>, sélectionner le type de fichier SVM/WMF/PICT/MET ; cette boîte de dialogue apparaît automatiquement</help:to-popup></text:p>
  <text:p text:style-name="Paragraph"><help:to-popup Eid="bmpexport">Choisissez <text:span text:style-name="T1">Fichier - Exporter</text:span> si le type de fichier sélectionné est BMP. La boîte de dialogue s&apos;ouvre automatiquement</help:to-popup>.</text:p>
  <text:p text:style-name="Paragraph"><help:to-popup Eid="gifexport">Choisissez <text:span text:style-name="T1">Fichier - Exporter</text:span> si le type de fichier sélectionné est GIF. La boîte de dialogue s&apos;ouvre</help:to-popup>.</text:p>
  <text:p text:style-name="Paragraph"><help:to-popup Eid="saveall">Menu<text:span text:style-name="T1"> Fichier - Enregistrer tout</text:span></help:to-popup></text:p>
  <text:p text:style-name="Paragraph"><help:to-popup Eid="saveas">Menu<text:span text:style-name="T1"> Fichier - Enregistrer sous...</text:span></help:to-popup></text:p>
  <help:to-popup Eid="last">
  <text:p text:style-name="Paragraph">Menu<text:span text:style-name="T1"> Fichier - Recharger</text:span></text:p>
  </help:to-popup>
  <text:p text:style-name="Paragraph"><help:to-popup Eid="info1">Menu<text:span text:style-name="T1"> Fichier - Propriétés...</text:span></help:to-popup></text:p>
  <text:p text:style-name="Paragraph"><help:to-popup Eid="info2">Menu<text:span text:style-name="T1"> Fichier - Propriétés... -</text:span> Onglet <text:span text:style-name="T1">Général</text:span></help:to-popup></text:p>
  <text:p text:style-name="Paragraph"><help:to-popup Eid="info3">Menu<text:span text:style-name="T1"> Fichier - Propriétés... -</text:span> Onglet <text:span text:style-name="T1">Description</text:span></help:to-popup></text:p>
  <text:p text:style-name="Paragraph"><help:to-popup Eid="info4">Menu<text:span text:style-name="T1"> Fichier - Propriétés... -</text:span> Onglet <text:span text:style-name="T1">Utilisateur</text:span></help:to-popup></text:p>
  <text:p text:style-name="Paragraph"><help:to-popup Eid="info5">Menu<text:span text:style-name="T1"> Fichier - Propriétés... -</text:span> Onglet <text:span text:style-name="T1">Statistique</text:span></help:to-popup></text:p>
  <text:p text:style-name="Paragraph"><help:to-popup Eid="info6">Menu<text:span text:style-name="T1"> Fichier - Propriétés... -</text:span> Onglet <text:span text:style-name="T1">Internet</text:span></help:to-popup></text:p>
  <text:p text:style-name="Paragraph"><help:to-popup Eid="dokuvorlage">Menu<text:span text:style-name="T1"> Fichier - Modèle de document</text:span></help:to-popup></text:p>
  <text:p text:style-name="Paragraph"><help:to-popup Eid="verwalten">Menu<text:span text:style-name="T1"> Fichier - Modèle de document - Gérer...</text:span></help:to-popup></text:p>
  <help:to-popup Eid="voradzu">
  <text:p text:style-name="Paragraph">Menu <text:span text:style-name="T1">Fichier - Modèle de document - Gérer</text:span>, bouton <text:span text:style-name="T1">Carnet d&apos;adresses</text:span></text:p>
  <text:p text:style-name="Paragraph">Menu<text:span text:style-name="T1"> Fichier - Modèle de document - Source du carnet d&apos;adresses</text:span></text:p>
  </help:to-popup>
  <help:to-popup Eid="voradzuadmi">
  <text:p text:style-name="Paragraph">Menu <text:span text:style-name="T1">Fichier - Modèle de document - Source du carnet d&apos;adresses, </text:span>puis bouton <text:span text:style-name="T1">Gérer</text:span></text:p>
  <text:p text:style-name="Paragraph"><help:switch select="Program"><help:case select="WRITER">Menu <text:span text:style-name="T1">Outils</text:span> - <text:span text:style-name="T1">Sources de données</text:span></help:case><help:case select="CALC">Menu <text:span text:style-name="T1">Outils</text:span> - <text:span text:style-name="T1">Sources de données</text:span></help:case></help:switch></text:p>
  </help:to-popup>
  <text:p text:style-name="Paragraph"><help:to-popup Eid="dokuspei">Menu<text:span text:style-name="T1"> Fichier - Modèle de document - Enregistrer</text:span></help:to-popup></text:p>
  <text:p text:style-name="Paragraph"><help:to-popup Eid="dokubear">Menu<text:span text:style-name="T1"> Fichier - Modèle de document - Éditer</text:span></help:to-popup></text:p>
  <text:p text:style-name="Paragraph"><help:to-popup Eid="ansicht">Menu<text:span text:style-name="T1"> Fichier - Aperçu</text:span></help:to-popup></text:p>
  <help:to-popup Eid="drucker">
  <text:p text:style-name="Paragraph">Menu<text:span text:style-name="T1"> Fichier - Configuration de l&apos;imprimante...</text:span></text:p>
  <text:p text:style-name="Paragraph">Menu<text:span text:style-name="T1"> Fichier - Modèles de document... - Gérer... Commandes - Paramètres de l&apos;imprimante...</text:span></text:p>
  <text:p text:style-name="Paragraph">Menu <text:span text:style-name="T1">Fichier - Autopilote - Lettre - Page 9</text:span></text:p>
  </help:to-popup>
  <text:p text:style-name="Paragraph"><help:to-popup Eid="senden">Menu<text:span text:style-name="T1"> Fichier - Envoyer</text:span></help:to-popup></text:p>
  <help:to-popup Eid="dokument">
  <text:p text:style-name="Paragraph">Menu<text:span text:style-name="T1"> Fichier - Envoyer - Envoyer par e-mail...</text:span></text:p>
  </help:to-popup>
  <text:p text:style-name="Paragraph"><help:to-popup Eid="export">Choisissez <text:span text:style-name="T1">Fichier - Exporter</text:span></help:to-popup>.</text:p>
  <help:to-popup Eid="exportpdf">
  <text:p text:style-name="Paragraph">Choisissez <text:span text:style-name="T1">Fichier - Exporter au format PDF</text:span>.</text:p>
  <help:to-be-embedded Eid="syexportpdf">
  <table:table table:name="Tabelle3" table:style-name="Tabelle3">
   <table:table-column table:style-name="Tabelle3.A"/>
   <table:table-column table:style-name="Tabelle3.B"/>
   <table:table-header-rows>
    <table:table-row>
     <table:table-cell table:value-type="string">
      <text:p text:style-name="Paragraph"><draw:image draw:name="Icône3" svg:desc="Icône" svg:pixelx="25" svg:pixely="25" svg:width="0.661cm" svg:height="0.661cm" xlink:href="67561" draw:filter-name=""/></text:p>

     </table:table-cell>
     <table:table-cell table:value-type="string">
      <text:p text:style-name="Paragraph">Export direct au format PDF</text:p>
     </table:table-cell>
    </table:table-row>
   </table:table-header-rows>
  </table:table>
  </help:to-be-embedded></help:to-popup>
  <help:to-popup Eid="pdf">
  <text:p text:style-name="Paragraph">Choisissez <text:span text:style-name="T1">Fichier - Envoyer - Document comme fichier PDF joint</text:span>.</text:p>
  </help:to-popup>
  <text:p text:style-name="Paragraph"><help:to-popup Eid="glo">Menu<text:span text:style-name="T1"> Fichier - Envoyer - Créer document maître</text:span></help:to-popup></text:p>
  <help:to-popup Eid="drucken">
  <text:p text:style-name="Paragraph">Menu<text:span text:style-name="T1"> Fichier - Imprimer...</text:span></text:p>
  <text:p text:style-name="Paragraph">Touche <help:switch select="System"><help:case select ="MAC">(Commande)</help:case><help:default>(Ctrl)</help:default></help:switch>(P)</text:p>
  <text:p text:style-name="Paragraph">Icône de la barre de fonctions :</text:p>
  <help:to-be-embedded Eid="sydrucken">
  <table:table table:name="Tabelle29" table:style-name="Tabelle29">
   <table:table-column table:style-name="Tabelle29.A"/>
   <table:table-column table:style-name="Tabelle29.B"/>
   <table:table-header-rows>
    <table:table-row>
     <table:table-cell table:value-type="string">
      <text:p text:style-name="Paragraph"><draw:image draw:name="Icône4" svg:desc="Icône" svg:pixelx="25" svg:pixely="25" svg:width="0.661cm" svg:height="0.661cm" xlink:href="65919" draw:filter-name=""/></text:p>

     </table:table-cell>
     <table:table-cell table:value-type="string">
      <text:p text:style-name="Paragraph">Impression rapide</text:p>
     </table:table-cell>
    </table:table-row>
   </table:table-header-rows>
  </table:table>
  </help:to-be-embedded>
  <help:switch select="Program"><help:case select="WRITER">
  <text:p text:style-name="Paragraph"><a name="anker"/>Dans la <text:span text:style-name="T1">barre d&apos;aperçu</text:span> d&apos;un document texte, cliquez sur</text:p>
  <table:table table:name="Tabelle30" table:style-name="Tabelle30">
   <table:table-column table:style-name="Tabelle30.A"/>
   <table:table-column table:style-name="Tabelle30.B"/>
   <table:table-header-rows>
    <table:table-row>
     <table:table-cell table:value-type="string">
      <text:p text:style-name="Paragraph"><draw:image draw:name="Icône5" svg:desc="Icône" svg:pixelx="25" svg:pixely="25" svg:width="0.661cm" svg:height="0.661cm" xlink:href="65880" draw:filter-name=""/></text:p>

     </table:table-cell>
     <table:table-cell table:value-type="string">
      <text:p text:style-name="Paragraph">Imprimer l&apos;aperçu</text:p>
     </table:table-cell>
    </table:table-row>
   </table:table-header-rows>
  </table:table>
  </help:case></help:switch>
  </help:to-popup>
  <help:to-popup Eid="beenden">
  <text:p text:style-name="Paragraph">Menu<text:span text:style-name="T1"> Fichier - Quitter</text:span></text:p>
  <text:p text:style-name="Paragraph">Touche <help:switch select="System"><help:case select ="MAC">(Commande)</help:case><help:default>(Ctrl)</help:default></help:switch>(Q)</text:p>
  </help:to-popup>
  <text:p text:style-name="Paragraph"><help:to-popup Eid="neuglobal">Menu <text:span text:style-name="T1">Fichier - Nouveau - Document maître</text:span></help:to-popup></text:p>
  <text:p text:style-name="Paragraph"><help:to-popup Eid="textimport">Menu<text:span text:style-name="T1"> Fichier - Ouvrir</text:span> - Sélectionner sous Type de fichier : &quot;Texte CSV&quot;</help:to-popup></text:p>
  <text:p text:style-name="Paragraph"><help:to-popup Eid="epsexport">Menu<text:span text:style-name="T1"> Fichier - Exporter...</text:span>, sélectionner le type de fichier EPS ; cette boîte de dialogue apparaît automatiquement</help:to-popup></text:p>
  <text:p text:style-name="Paragraph"><help:to-popup Eid="pbmppmpgm">Menu<text:span text:style-name="T1"> Fichier - Exporter...</text:span>, sélectionner le type de fichier PBM, PPM ou PGM ; cette boîte de dialogue apparaît automatiquement</help:to-popup></text:p>
  <text:p text:style-name="Paragraph"><help:to-popup Eid="versionen"><help:to-popup Eid="autopilotberichtfeldauswahl">Menu<text:span text:style-name="T1"> Fichier - Versions</text:span></help:to-popup></help:to-popup></text:p>
 </office:body>
</office:document>
