

<office:document  xmlns:office="http://openoffice.org/2000/office" xmlns:style="http://openoffice.org/2000/style" xmlns:text="http://openoffice.org/2000/text" xmlns:table="http://openoffice.org/2000/table" xmlns:draw="http://openoffice.org/2000/drawing" xmlns:fo="http://www.w3.org/1999/XSL/Format" xmlns:xlink="http://www.w3.org/1999/xlink" xmlns:number="http://openoffice.org/2000/datastyle" xmlns:svg="http://www.w3.org/2000/svg" xmlns:chart="http://openoffice.org/2000/chart" xmlns:dr3d="http://openoffice.org/2000/dr3d" xmlns:math="http://www.w3.org/1998/Math/MathML" xmlns:form="http://openoffice.org/2000/form" xmlns:script="http://openoffice.org/2000/script" office:class="text" office:version="1.0" xmlns:dc="http://purl.org/dc/elements/1.1/" xmlns:meta="http://openoffice.org/2000/meta" xmlns:help="http://openoffice.org/2000/help">
<office:meta>
  <dc:description>text/common/00/00000208</dc:description>
  <dc:subject>Import de texte</dc:subject>
  <meta:keywords>
   <meta:keyword>$Version</meta:keyword>
  </meta:keywords>
  <dc:language>fr-FR</dc:language>
  <meta:user-defined meta:name="Info 0">READY</meta:user-defined>
  <meta:user-defined meta:name="Info 1">FREE_OK</meta:user-defined>
  <meta:user-defined meta:name="Info 2"/>
  <meta:user-defined meta:name="Info 3"/>
</office:meta>
 <office:script/>
 <office:font-decls>
  <style:font-decl style:name="StarSymbol" fo:font-family="StarSymbol" style:font-charset="x-symbol"/>
  <style:font-decl style:name="Courier New" fo:font-family="&apos;Courier New&apos;" style:font-style-name="Standard" style:font-family-generic="modern" style:font-pitch="fixed"/>
  <style:font-decl style:name="Courier" fo:font-family="Courier" style:font-family-generic="roman" style:font-pitch="fixed"/>
  <style:font-decl style:name="Arial Unicode MS" fo:font-family="&apos;Arial Unicode MS&apos;" style:font-pitch="variable"/>
  <style:font-decl style:name="HG Mincho Light J" fo:font-family="&apos;HG Mincho Light J&apos;" style:font-pitch="variable"/>
  <style:font-decl style:name="Times New Roman3" fo:font-family="&apos;Times New Roman&apos;" style:font-pitch="variable"/>
  <style:font-decl style:name="Thorndale" fo:font-family="Thorndale" style:font-family-generic="roman" style:font-pitch="variable"/>
  <style:font-decl style:name="Times New Roman2" fo:font-family="&apos;Times New Roman&apos;" style:font-style-name="Fett" style:font-family-generic="roman" style:font-pitch="variable"/>
  <style:font-decl style:name="Times New Roman" fo:font-family="&apos;Times New Roman&apos;" style:font-style-name="Standard" style:font-family-generic="roman" style:font-pitch="variable"/>
  <style:font-decl style:name="Times New Roman1" fo:font-family="&apos;Times New Roman&apos;" style:font-family-generic="swiss" style:font-pitch="variable"/>
 </office:font-decls>
 <office:automatic-styles>
  <style:style style:name="Tabelle1" style:family="table">
   <style:properties style:width="17.995cm" fo:margin-left="0cm" fo:margin-right="0.005cm" table:align="margins"/>
  </style:style>
  <style:style style:name="Tabelle1.A" style:family="table-column">
   <style:properties style:column-width="5.009cm" style:rel-column-width="18240*"/>
  </style:style>
  <style:style style:name="Tabelle1.B" style:family="table-column">
   <style:properties style:column-width="6.219cm" style:rel-column-width="22646*"/>
  </style:style>
  <style:style style:name="Tabelle1.A1" style:family="table-cell">
   <style:properties fo:padding="0.097cm" fo:border-left="0.002cm solid #000000" fo:border-right="none" fo:border-top="0.002cm solid #000000" fo:border-bottom="0.002cm solid #000000"/>
  </style:style>
  <style:style style:name="Tabelle1.B1" style:family="table-cell">
   <style:properties fo:padding="0.097cm" fo:border="0.002cm solid #000000"/>
  </style:style>
  <style:style style:name="Tabelle1.A2" style:family="table-cell">
   <style:properties fo:padding="0.097cm" fo:border-left="0.002cm solid #000000" fo:border-right="none" fo:border-top="none" fo:border-bottom="0.002cm solid #000000"/>
  </style:style>
  <style:style style:name="Tabelle1.B2" style:family="table-cell">
   <style:properties fo:padding="0.097cm" fo:border-left="0.002cm solid #000000" fo:border-right="0.002cm solid #000000" fo:border-top="none" fo:border-bottom="0.002cm solid #000000"/>
  </style:style>
  <style:style style:name="Tabelle3" style:family="table">
   <style:properties style:width="17.999cm" table:align="margins"/>
  </style:style>
  <style:style style:name="Tabelle3.A" style:family="table-column">
   <style:properties style:column-width="5.584cm" style:rel-column-width="3166*"/>
  </style:style>
  <style:style style:name="Tabelle3.B" style:family="table-column">
   <style:properties style:column-width="12.414cm" style:rel-column-width="7038*"/>
  </style:style>
  <style:style style:name="Tabelle3.A1" style:family="table-cell">
   <style:properties fo:padding="0.049cm" fo:border-left="0.002cm solid #000000" fo:border-right="none" fo:border-top="0.002cm solid #000000" fo:border-bottom="0.002cm solid #000000"/>
  </style:style>
  <style:style style:name="Tabelle3.B1" style:family="table-cell">
   <style:properties fo:padding="0.049cm" fo:border="0.002cm solid #000000"/>
  </style:style>
  <style:style style:name="Tabelle3.A2" style:family="table-cell">
   <style:properties fo:padding="0.049cm" fo:border-left="0.002cm solid #000000" fo:border-right="none" fo:border-top="none" fo:border-bottom="0.002cm solid #000000"/>
  </style:style>
  <style:style style:name="Tabelle3.B2" style:family="table-cell">
   <style:properties fo:padding="0.049cm" fo:border-left="0.002cm solid #000000" fo:border-right="0.002cm solid #000000" fo:border-top="none" fo:border-bottom="0.002cm solid #000000"/>
  </style:style>
  <style:style style:name="Tabelle2" style:family="table">
   <style:properties style:width="18cm" table:align="margins"/>
  </style:style>
  <style:style style:name="Tabelle2.A" style:family="table-column">
   <style:properties style:column-width="1.499cm" style:rel-column-width="850*"/>
  </style:style>
  <style:style style:name="Tabelle2.B" style:family="table-column">
   <style:properties style:column-width="16.498cm" style:rel-column-width="9352*"/>
  </style:style>
  <style:style style:name="Tabelle2.1" style:family="table-row">
   <style:properties style:min-row-height="0.848cm"/>
  </style:style>
  <style:style style:name="Tabelle2.A1" style:family="table-cell">
   <style:properties fo:padding="0cm" fo:border="none"/>
  </style:style>
  <style:style style:name="P1" style:family="paragraph" style:parent-style-name="Paragraph" style:master-page-name="HTML">
   <style:properties style:page-number="0"/>
  </style:style>
  <style:style style:name="T1" style:family="text">
   <style:properties fo:font-weight="bold"/>
  </style:style>
  <style:style style:name="fr1" style:family="graphics" style:parent-style-name="Graphics">
   <style:properties style:run-through="foreground" style:wrap="run-through" style:vertical-pos="middle" style:vertical-rel="paragraph" style:horizontal-pos="left" style:horizontal-rel="paragraph" style:mirror="none" fo:clip="rect(0cm 0cm 0cm 0cm)" draw:luminance="0%" draw:contrast="0%" draw:red="0%" draw:green="0%" draw:blue="0%" draw:gamma="1" draw:color-inversion="false" draw:transparency="-100%" draw:color-mode="standard"/>
  </style:style>
 </office:automatic-styles>
 <office:body>
  <text:variable-decls>
   <text:variable-decl text:value-type="string" text:name="HTML_ON"/>
   <text:variable-decl text:value-type="string" text:name="HTML_OFF"/>
   <text:variable-decl text:value-type="string" text:name="TITEL"/>
   <text:variable-decl text:value-type="string" text:name="END"/>
   <text:variable-decl text:value-type="string" text:name="WIN"/>
   <text:variable-decl text:value-type="string" text:name="HREF"/>
   <text:variable-decl text:value-type="string" text:name="NAME"/>
   <text:variable-decl text:value-type="string" text:name="HelpID"/>
   <text:variable-decl text:value-type="string" text:name="MODIFY"/>
   <text:variable-decl text:value-type="string" text:name="REFNR"/>
   <text:variable-decl text:value-type="string" text:name="HFELD"/>
   <text:variable-decl text:value-type="string" text:name="KEY"/>
   <text:variable-decl text:value-type="string" text:name="INDEX"/>
   <text:variable-decl text:value-type="string" text:name="AKTHLP"/>
   <text:variable-decl text:value-type="string" text:name="STYLE"/>
  </text:variable-decls>
  <text:sequence-decls>
   <text:sequence-decl text:display-outline-level="0" text:name="Illustration"/>
   <text:sequence-decl text:display-outline-level="0" text:name="Table"/>
   <text:sequence-decl text:display-outline-level="0" text:name="Text"/>
   <text:sequence-decl text:display-outline-level="0" text:name="Drawing"/>
  </text:sequence-decls>
  <text:p text:style-name="P1"/>
  <text:p text:style-name="Head 1"><help:help-id value="SC_MODALDIALOG_RID_SCDLG_ASCII"/><help:key-word value="Série de nombres; Import" tag="kw65608_1"/><help:key-word value="Série de données; Import" tag="kw65608_6"/><help:key-word value="Import; Bases de données de texte" tag="kw65608_5"/> <help:key-word value="Imports csv" tag="kw65608_4"/><help:key-word value="Valeurs séparées par une virgule; Import de texte" tag="kw65608_3"/><help:key-word value="Valeurs délimitées; Import de texte" tag="kw65608_2"/>Import de texte</text:p>
  <text:p text:style-name="Paragraph"><help:help-text value="visible">Sélectionnez les options de l&apos;import de données à partir d&apos;un fichier texte avec des séparateurs de champ.</help:help-text></text:p>
  <help:popup Id="65611" Eid="textimport"><help:embedded Id="65598" Eid="wie"></help:embedded></help:popup>
  <text:p text:style-name="Paragraph"><help:switch select="Program"><help:case select="CALC"><help:embedded Id="68161" Eid="csv_formula"></help:embedded></help:case></help:switch></text:p>
  <text:p text:style-name="Head 2">Import</text:p>
  <text:p text:style-name="Head 3"><help:help-id value="SC_LISTBOX_RID_SCDLG_ASCII_LB_CHARSET"/>Jeu de caractères</text:p>
  <text:p text:style-name="Paragraph"><help:help-text value="visible">Spécifie le jeu de caractères à utiliser dans le fichier importé.</help:help-text></text:p>
  <text:p text:style-name="Head 3"><help:help-id value="SC_NUMERICFIELD_RID_SCDLG_ASCII_NF_AT_ROW"/>À partir de la ligne</text:p>
  <text:p text:style-name="Paragraph"><help:help-text value="visible">Spécifie la ligne de démarrage de l&apos;import.</help:help-text> La fenêtre d&apos;aperçu (en bas de la boîte de dialogue) permet de visualiser les lignes.</text:p>
  <text:p text:style-name="Head 2">Options séparateur</text:p>
  <text:p text:style-name="Paragraph">Indique si les données sont délimitées par des séparateurs ou par des largeurs fixes.</text:p>
  <text:p text:style-name="Head 3"><help:help-id value="SC_RADIOBUTTON_RID_SCDLG_ASCII_RB_FIXED"/>Largeur fixe</text:p>
  <text:p text:style-name="Paragraph"><help:help-text value="visible">Sépare les données à largeur fixe (même nombre de caractères) en les disposant en colonnes.</help:help-text> Pour définir la largeur, cliquez sur la règle, dans la fenêtre d&apos;aperçu.</text:p>
  <text:p text:style-name="Head 3"><help:help-id value="SC_RADIOBUTTON_RID_SCDLG_ASCII_RB_SEPARATED"/>Séparé</text:p>
  <text:p text:style-name="Paragraph"><help:help-text value="visible">Sélectionnez le séparateur utilisé dans les données.</help:help-text></text:p>
  <text:p text:style-name="Head 3"><help:help-id value="SC_CHECKBOX_RID_SCDLG_ASCII_CKB_TAB"/>Tabulation</text:p>
  <text:p text:style-name="Paragraph"><help:help-text value="visible">Sépare les données délimitées par des tabulations en les disposant en colonnes.</help:help-text></text:p>
  <text:p text:style-name="Head 3"><help:help-id value="SC_CHECKBOX_RID_SCDLG_ASCII_CKB_SEMICOLON"/>Point-virgule</text:p>
  <text:p text:style-name="Paragraph"><help:help-text value="visible">Sépare les données délimitées par des points-virgules en les disposant en colonnes.</help:help-text></text:p>
  <text:p text:style-name="Head 3"><help:help-id value="SC_CHECKBOX_RID_SCDLG_ASCII_CKB_COMMA"/>Virgule</text:p>
  <text:p text:style-name="Paragraph"><help:help-text value="visible">Sépare les données délimitées par des virgules en les disposant en colonnes.</help:help-text></text:p>
  <text:p text:style-name="Head 3"><help:help-id value="SC_CHECKBOX_RID_SCDLG_ASCII_CKB_SPACE"/>Espace</text:p>
  <text:p text:style-name="Paragraph"><help:help-text value="visible">Sépare les données délimitées par des espaces en les disposant en colonnes.</help:help-text></text:p>
  <text:p text:style-name="Head 3"><help:help-id value="SC_CHECKBOX_RID_SCDLG_ASCII_CKB_OTHER"/><help:help-id value="SC_EDIT_RID_SCDLG_ASCII_ED_OTHER"/>Autres</text:p>
  <text:p text:style-name="Paragraph"><help:help-text value="visible">Sépare les données en les disposant en colonnes au moyen du séparateur personnalisé spécifié. Remarque : ce séparateur doit aussi figurer dans les données.</help:help-text></text:p>
  <text:p text:style-name="Head 3"><help:help-id value="SC_CHECKBOX_RID_SCDLG_ASCII_CB_ASONCE"/>Regrouper séparateurs de champ</text:p>
  <text:p text:style-name="Paragraph"><help:help-text value="visible">Regroupe les séparateurs consécutifs et supprime les champs de données vides.</help:help-text></text:p>
  <text:p text:style-name="Head 3"><help:help-id value="SC_COMBOBOX_RID_SCDLG_ASCII_CB_TEXTSEP"/>Séparateur de texte</text:p>
  <text:p text:style-name="Paragraph"><help:help-text value="visible">Sélectionnez le caractère qui servira à délimiter les données texte.</help:help-text> Vous pouvez également saisir un caractère dans la zone de texte.</text:p>
  <text:p text:style-name="Head 2">Champs</text:p>
  <text:p text:style-name="Paragraph">Présente un aperçu des données telles qu&apos;elles s&apos;afficheront une fois disposées en colonnes.</text:p>
  <text:p text:style-name="Head 3"><help:help-id value="SC_LISTBOX_RID_SCDLG_ASCII_LB_TYPE1"/>Type</text:p>
  <text:p text:style-name="Paragraph"><help:help-text value="visible">Choisissez une colonne dans la fenêtre d&apos;aperçu et sélectionnez le type de données à appliquer aux données importées.</help:help-text> Les options proposées sont les suivantes :</text:p>
  <table:table table:name="Tabelle1" table:style-name="Tabelle1">
   <table:table-column table:style-name="Tabelle1.A"/>
   <table:table-column table:style-name="Tabelle1.B"/>
   <table:table-header-rows>
    <table:table-row>
     <table:table-cell table:style-name="Tabelle1.A1" table:value-type="string">
      <text:p text:style-name="TableHead">Type</text:p>
     </table:table-cell>
     <table:table-cell table:style-name="Tabelle1.B1" table:value-type="string">
      <text:p text:style-name="TableHead">Fonction</text:p>
     </table:table-cell>
    </table:table-row>
   </table:table-header-rows>
   <table:table-row>
    <table:table-cell table:style-name="Tabelle1.A2" table:value-type="string">
     <text:p text:style-name="TextInTable">Standard</text:p>
    </table:table-cell>
    <table:table-cell table:style-name="Tabelle1.B2" table:value-type="string">
     <text:p text:style-name="TextInTable"><help:productname>%PRODUCTNAME</help:productname> détermine automatiquement le type.</text:p>
    </table:table-cell>
   </table:table-row>
   <table:table-row>
    <table:table-cell table:style-name="Tabelle1.A2" table:value-type="string">
     <text:p text:style-name="TextInTable">Texte</text:p>
    </table:table-cell>
    <table:table-cell table:style-name="Tabelle1.B2" table:value-type="string">
     <text:p text:style-name="TextInTable">Les données importées sont traitées en tant que texte.</text:p>
    </table:table-cell>
   </table:table-row>
   <table:table-row>
    <table:table-cell table:style-name="Tabelle1.A2" table:value-type="string">
     <text:p text:style-name="TextInTable">Date (JMA)</text:p>
    </table:table-cell>
    <table:table-cell table:style-name="Tabelle1.B2" table:value-type="string">
     <text:p text:style-name="TextInTable">Applique un format de date (jour, mois, année) aux données importées dans une colonne.</text:p>
    </table:table-cell>
   </table:table-row>
   <table:table-row>
    <table:table-cell table:style-name="Tabelle1.A2" table:value-type="string">
     <text:p text:style-name="TextInTable">Date (MJA)</text:p>
    </table:table-cell>
    <table:table-cell table:style-name="Tabelle1.B2" table:value-type="string">
     <text:p text:style-name="TextInTable">Applique un format de date (mois, jour, année) aux données importées dans une colonne.</text:p>
    </table:table-cell>
   </table:table-row>
   <table:table-row>
    <table:table-cell table:style-name="Tabelle1.A2" table:value-type="string">
     <text:p text:style-name="TextInTable">Date (AMJ)</text:p>
    </table:table-cell>
    <table:table-cell table:style-name="Tabelle1.B2" table:value-type="string">
     <text:p text:style-name="TextInTable">Applique un format de date (année, mois, jour) aux données importées dans une colonne.</text:p>
    </table:table-cell>
   </table:table-row>
   <table:table-row>
    <table:table-cell table:style-name="Tabelle1.A2" table:value-type="string">
     <text:p text:style-name="TextInTable">Anglais US</text:p>
    </table:table-cell>
    <table:table-cell table:style-name="Tabelle1.B2" table:value-type="string">
     <text:p text:style-name="TextInTable">Les nombres de format Anglais US seront recherchés et appliqués indépendamment de la langue du système. Aucun format numérique ne sera alors défini. Les entrées ne comportant aucun nombre de format Anglais US seront traitées selon l&apos;option <text:span text:style-name="T1">Standard</text:span>.</text:p>
    </table:table-cell>
   </table:table-row>
   <table:table-row>
    <table:table-cell table:style-name="Tabelle1.A2" table:value-type="string">
     <text:p text:style-name="TextInTable">Masquer</text:p>
    </table:table-cell>
    <table:table-cell table:style-name="Tabelle1.B2" table:value-type="string">
     <text:p text:style-name="TextInTable">Les données de la colonne ne sont pas importées.</text:p>
    </table:table-cell>
   </table:table-row>
  </table:table>
  <text:p text:style-name="Paragraph">Si vous sélectionnez l&apos;un des formats de date (JMA), (MJA) ou (AMJ) et saisissez des nombres sans séparateurs de date, ces derniers sont interprétés comme suit :</text:p>
  <table:table table:name="Tabelle3" table:style-name="Tabelle3">
   <table:table-column table:style-name="Tabelle3.A"/>
   <table:table-column table:style-name="Tabelle3.B"/>
   <table:table-header-rows>
    <table:table-row>
     <table:table-cell table:style-name="Tabelle3.A1" table:value-type="string">
      <text:p text:style-name="TableHead">Nombre de caractères</text:p>
     </table:table-cell>
     <table:table-cell table:style-name="Tabelle3.B1" table:value-type="string">
      <text:p text:style-name="TableHead">Format de date</text:p>
     </table:table-cell>
    </table:table-row>
   </table:table-header-rows>
   <table:table-row>
    <table:table-cell table:style-name="Tabelle3.A2" table:value-type="string">
     <text:p text:style-name="TextInTable">6</text:p>
    </table:table-cell>
    <table:table-cell table:style-name="Tabelle3.B2" table:value-type="string">
     <text:p text:style-name="TextInTable">Deux caractères sont assignés au jour, deux autres au mois et deux autres à l&apos;année, dans l&apos;ordre sélectionné.</text:p>
    </table:table-cell>
   </table:table-row>
   <table:table-row>
    <table:table-cell table:style-name="Tabelle3.A2" table:value-type="string">
     <text:p text:style-name="TextInTable">8</text:p>
    </table:table-cell>
    <table:table-cell table:style-name="Tabelle3.B2" table:value-type="string">
     <text:p text:style-name="TextInTable">Quatre caractères sont assignés à l&apos;année, deux au mois et deux autres au jour, dans l&apos;ordre sélectionné.</text:p>
    </table:table-cell>
   </table:table-row>
   <table:table-row>
    <table:table-cell table:style-name="Tabelle3.A2" table:value-type="string">
     <text:p text:style-name="TextInTable">5 ou 7</text:p>
    </table:table-cell>
    <table:table-cell table:style-name="Tabelle3.B2" table:value-type="string">
     <text:p text:style-name="TextInTable">Comme pour 6 ou 8 caractères, mais avec un caractère de moins pour la première partie de la séquence. Cela supprime un zéro non significatif pour le mois et le jour.</text:p>
    </table:table-cell>
   </table:table-row>
  </table:table>
  <table:table table:name="Tabelle2" table:style-name="Tabelle2">
   <table:table-column table:style-name="Tabelle2.A"/>
   <table:table-column table:style-name="Tabelle2.B"/>
   <table:table-header-rows>
    <table:table-row table:style-name="Tabelle2.1">
     <table:table-cell table:style-name="Tabelle2.A1" table:value-type="string">
      <text:p text:style-name="Paragraph"><draw:image draw:name="Icône0" svg:desc="Cette icône est réservée aux infobulles pour une utilisation plus efficace du programme." svg:pixelx="32" svg:pixely="32" svg:width="0.847cm" svg:height="0.847cm" xlink:href="66732" draw:filter-name=""/></text:p>

     </table:table-cell>
     <table:table-cell table:style-name="Tabelle2.A1" table:value-type="string">
      <text:p text:style-name="Paragraph">Pour inclure le zéro non significatif dans les données importées (dans les numéros de téléphone, par exemple), appliquez le format &quot;Texte&quot; à la colonne.</text:p>
     </table:table-cell>
    </table:table-row>
   </table:table-header-rows>
  </table:table>
  <text:p text:style-name="Head 3">Aperçu</text:p>
  <text:p text:style-name="Paragraph">Présente le texte importé tel qu&apos;il s&apos;affichera une fois disposé en colonnes. Pour appliquer un format à une colonne lors de l&apos;import de celle-ci, cliquez sur une colonne puis sélectionnez un <text:span text:style-name="T1">Type</text:span>. Lorsque vous sélectionnez un <text:span text:style-name="T1">type</text:span>, le titre de la colonne affiche le format appliqué.</text:p>
  <text:p text:style-name="Paragraph">Si vous souhaitez utiliser une largeur fixe pour séparer les données importées en les disposant en colonnes, cliquez sur la règle afin d&apos;en définir les limites.</text:p>
  <text:p text:style-name="Paragraph"><help:link Id="68612" Eid="csv">Navigation sans la souris</help:link></text:p>
  <text:p text:style-name="Paragraph">Pour plus d&apos;informations concernant les filtres, reportez-vous aux <help:link Id="65614">Informations concernant les filtres d&apos;import/export</help:link>.</text:p>
 </office:body>
</office:document>
