

<office:document  xmlns:office="http://openoffice.org/2000/office" xmlns:style="http://openoffice.org/2000/style" xmlns:text="http://openoffice.org/2000/text" xmlns:table="http://openoffice.org/2000/table" xmlns:draw="http://openoffice.org/2000/drawing" xmlns:fo="http://www.w3.org/1999/XSL/Format" xmlns:xlink="http://www.w3.org/1999/xlink" xmlns:number="http://openoffice.org/2000/datastyle" xmlns:svg="http://www.w3.org/2000/svg" xmlns:chart="http://openoffice.org/2000/chart" xmlns:dr3d="http://openoffice.org/2000/dr3d" xmlns:math="http://www.w3.org/1998/Math/MathML" xmlns:form="http://openoffice.org/2000/form" xmlns:script="http://openoffice.org/2000/script" office:class="text" office:version="1.0" xmlns:dc="http://purl.org/dc/elements/1.1/" xmlns:meta="http://openoffice.org/2000/meta" xmlns:help="http://openoffice.org/2000/help">
<office:meta>
  <dc:description>text/common/00/00000202</dc:description>
  <dc:subject>Options JPEG</dc:subject>

  <dc:language>fr-FR</dc:language>
  <meta:user-defined meta:name="Info 0">READY</meta:user-defined>
  <meta:user-defined meta:name="Info 1">FREE_OK</meta:user-defined>
  <meta:user-defined meta:name="Info 2">HTML_OK</meta:user-defined>
  <meta:user-defined meta:name="Info 3"/>
</office:meta>
 <office:script/>
 <office:font-decls>
  <style:font-decl style:name="StarSymbol" fo:font-family="StarSymbol" style:font-charset="x-symbol"/>
  <style:font-decl style:name="Courier New" fo:font-family="&apos;Courier New&apos;" style:font-style-name="Standard" style:font-family-generic="modern" style:font-pitch="fixed"/>
  <style:font-decl style:name="Courier" fo:font-family="Courier" style:font-family-generic="roman" style:font-pitch="fixed"/>
  <style:font-decl style:name="Arial Unicode MS" fo:font-family="&apos;Arial Unicode MS&apos;" style:font-pitch="variable"/>
  <style:font-decl style:name="HG Mincho Light J" fo:font-family="&apos;HG Mincho Light J&apos;" style:font-pitch="variable"/>
  <style:font-decl style:name="Times New Roman3" fo:font-family="&apos;Times New Roman&apos;" style:font-pitch="variable"/>
  <style:font-decl style:name="Thorndale" fo:font-family="Thorndale" style:font-family-generic="roman" style:font-pitch="variable"/>
  <style:font-decl style:name="Times New Roman2" fo:font-family="&apos;Times New Roman&apos;" style:font-style-name="Fett" style:font-family-generic="roman" style:font-pitch="variable"/>
  <style:font-decl style:name="Times New Roman" fo:font-family="&apos;Times New Roman&apos;" style:font-style-name="Standard" style:font-family-generic="roman" style:font-pitch="variable"/>
  <style:font-decl style:name="Times New Roman1" fo:font-family="&apos;Times New Roman&apos;" style:font-family-generic="swiss" style:font-pitch="variable"/>
 </office:font-decls>
 <office:automatic-styles>
  <style:style style:name="P1" style:family="paragraph" style:parent-style-name="Paragraph" style:master-page-name="HTML">
   <style:properties style:page-number="0"/>
  </style:style>
 </office:automatic-styles>
 <office:body>
  <text:variable-decls>
   <text:variable-decl text:value-type="string" text:name="HTML_ON"/>
   <text:variable-decl text:value-type="string" text:name="HTML_OFF"/>
   <text:variable-decl text:value-type="string" text:name="TITEL"/>
   <text:variable-decl text:value-type="string" text:name="END"/>
   <text:variable-decl text:value-type="string" text:name="OS2"/>
   <text:variable-decl text:value-type="string" text:name="ELSE"/>
   <text:variable-decl text:value-type="string" text:name="HREF"/>
   <text:variable-decl text:value-type="string" text:name="MAC"/>
   <text:variable-decl text:value-type="string" text:name="NAME"/>
   <text:variable-decl text:value-type="string" text:name="HelpID"/>
   <text:variable-decl text:value-type="string" text:name="MODIFY"/>
   <text:variable-decl text:value-type="string" text:name="REFNR"/>
   <text:variable-decl text:value-type="string" text:name="AKTHLP"/>
   <text:variable-decl text:value-type="string" text:name="STYLE"/>
  </text:variable-decls>
  <text:sequence-decls>
   <text:sequence-decl text:display-outline-level="0" text:name="Illustration"/>
   <text:sequence-decl text:display-outline-level="0" text:name="Table"/>
   <text:sequence-decl text:display-outline-level="0" text:name="Text"/>
   <text:sequence-decl text:display-outline-level="0" text:name="Drawing"/>
  </text:sequence-decls>
  <text:p text:style-name="P1"/>
  <text:p text:style-name="Head 1"><help:help-id value="SVTOOLS_MODALDIALOG_DLG_EXPORT_JPG"/>Options JPEG</text:p>
  <text:p text:style-name="Paragraph"><help:help-text value="visible">Définit les paramètres d&apos;import/export des fichiers au format JPEG.</help:help-text></text:p>
  <help:popup Id="65611" Eid="jpegspeichern"><help:embedded Id="65598" Eid="wie"></help:embedded></help:popup>
  <text:p text:style-name="Head 2">Qualité d&apos;affichage</text:p>
  <text:p text:style-name="Paragraph">Indique la qualité graphique souhaitée.</text:p>
  <text:p text:style-name="Head 3"><help:help-id value="SVTOOLS_NUMERICFIELD_DLG_EXPORT_JPG_NUM_FLD_QUALITY"/>Qualité</text:p>
  <text:p text:style-name="Paragraph"><help:help-text value="visible">Définit la qualité pour l&apos;import/export. La valeur 1 correspond à une qualité et une taille de fichier minimum, la valeur 100 une qualité et une taille de fichier maximum.</help:help-text></text:p>
  <text:p text:style-name="Head 2">Vraies couleurs (Truecolor)</text:p>
  <text:p text:style-name="Paragraph">Pour plus d&apos;informations concernant les filtres, reportez-vous aux Informations concernant les filtres d&apos;import/export.</text:p>
  <text:p text:style-name="Head 3"><help:help-id value="SVTOOLS_RADIOBUTTON_DLG_EXPORT_JPG_RB_GRAY"/>Nuances de gris</text:p>
  <text:p text:style-name="Paragraph"><help:help-text value="visible">Spécifie si un objet graphique doit être exporté ou importé en niveaux de gris.</help:help-text></text:p>
  <text:p text:style-name="Head 3"><help:help-id value="SVTOOLS_RADIOBUTTON_DLG_EXPORT_JPG_RB_RGB"/>Vraies couleurs (Truecolor)</text:p>
  <text:p text:style-name="Paragraph"><help:help-text value="visible">Spécifie si les couleurs d&apos;origine du fichier JPEG doivent être conservées lors de l&apos;import ou de l&apos;export.</help:help-text></text:p>
  <text:p text:style-name="Paragraph">Cliquez ici si vous souhaitez conservez les couleurs d&apos;origine du fichier JPEG lors de l&apos;export/import.<help:link Id="65614"></help:link></text:p>
 </office:body>
</office:document>
