

<office:document  xmlns:office="http://openoffice.org/2000/office" xmlns:style="http://openoffice.org/2000/style" xmlns:text="http://openoffice.org/2000/text" xmlns:table="http://openoffice.org/2000/table" xmlns:draw="http://openoffice.org/2000/drawing" xmlns:fo="http://www.w3.org/1999/XSL/Format" xmlns:xlink="http://www.w3.org/1999/xlink" xmlns:number="http://openoffice.org/2000/datastyle" xmlns:svg="http://www.w3.org/2000/svg" xmlns:chart="http://openoffice.org/2000/chart" xmlns:dr3d="http://openoffice.org/2000/dr3d" xmlns:math="http://www.w3.org/1998/Math/MathML" xmlns:form="http://openoffice.org/2000/form" xmlns:script="http://openoffice.org/2000/script" office:class="text" office:version="1.0" xmlns:dc="http://purl.org/dc/elements/1.1/" xmlns:meta="http://openoffice.org/2000/meta" xmlns:help="http://openoffice.org/2000/help">
<office:meta>
  <dc:description>text/common/00/01000000</dc:description>
  <dc:subject>Masquer et fixer les fenêtres ancrées</dc:subject>

  <dc:language>fr-FR</dc:language>
  <meta:user-defined meta:name="Info 0">READY</meta:user-defined>
  <meta:user-defined meta:name="Info 1">FREE_OK</meta:user-defined>
  <meta:user-defined meta:name="Info 2">HTML_OK</meta:user-defined>
  <meta:user-defined meta:name="Info 3"/>
</office:meta>
 <office:script/>
 <office:font-decls>
  <style:font-decl style:name="StarSymbol" fo:font-family="StarSymbol" style:font-charset="x-symbol"/>
  <style:font-decl style:name="Courier New" fo:font-family="&apos;Courier New&apos;" style:font-style-name="Standard" style:font-family-generic="modern" style:font-pitch="fixed"/>
  <style:font-decl style:name="Courier" fo:font-family="Courier" style:font-family-generic="roman" style:font-pitch="fixed"/>
  <style:font-decl style:name="Arial Unicode MS" fo:font-family="&apos;Arial Unicode MS&apos;" style:font-pitch="variable"/>
  <style:font-decl style:name="HG Mincho Light J" fo:font-family="&apos;HG Mincho Light J&apos;" style:font-pitch="variable"/>
  <style:font-decl style:name="Times New Roman3" fo:font-family="&apos;Times New Roman&apos;" style:font-pitch="variable"/>
  <style:font-decl style:name="Thorndale" fo:font-family="Thorndale" style:font-family-generic="roman" style:font-pitch="variable"/>
  <style:font-decl style:name="Times New Roman2" fo:font-family="&apos;Times New Roman&apos;" style:font-style-name="Fett" style:font-family-generic="roman" style:font-pitch="variable"/>
  <style:font-decl style:name="Times New Roman" fo:font-family="&apos;Times New Roman&apos;" style:font-style-name="Standard" style:font-family-generic="roman" style:font-pitch="variable"/>
  <style:font-decl style:name="Times New Roman1" fo:font-family="&apos;Times New Roman&apos;" style:font-family-generic="swiss" style:font-pitch="variable"/>
 </office:font-decls>
 <office:automatic-styles>
  <style:style style:name="Tabelle5" style:family="table">
   <style:properties style:width="18cm" table:align="margins"/>
  </style:style>
  <style:style style:name="Tabelle5.A" style:family="table-column">
   <style:properties style:column-width="1cm" style:rel-column-width="567*"/>
  </style:style>
  <style:style style:name="Tabelle5.B" style:family="table-column">
   <style:properties style:column-width="16.999cm" style:rel-column-width="9637*"/>
  </style:style>
  <style:style style:name="Tabelle5.A1" style:family="table-cell">
   <style:properties fo:padding="0.097cm" fo:border="none"/>
  </style:style>
  <style:style style:name="Tabelle5.A2" style:family="table-cell">
   <style:properties fo:vertical-align="middle" fo:padding="0.097cm" fo:border="none"/>
  </style:style>
  <style:style style:name="P1" style:family="paragraph" style:parent-style-name="Paragraph" style:master-page-name="HTML">
   <style:properties style:page-number="0"/>
  </style:style>
  <style:style style:name="T1" style:family="text">
   <style:properties fo:font-weight="bold"/>
  </style:style>
  <style:style style:name="fr1" style:family="graphics" style:parent-style-name="Graphics">
   <style:properties fo:margin-left="0cm" fo:margin-right="0cm" fo:margin-top="0cm" fo:margin-bottom="0cm" style:run-through="foreground" style:wrap="run-through" style:vertical-pos="top" style:vertical-rel="paragraph" style:horizontal-pos="center" style:horizontal-rel="paragraph" style:mirror="none" fo:clip="rect(0cm 0cm 0cm 0cm)" draw:luminance="0%" draw:contrast="0%" draw:red="0%" draw:green="0%" draw:blue="0%" draw:gamma="1" draw:color-inversion="false" draw:transparency="-100%" draw:color-mode="standard"/>
  </style:style>
 </office:automatic-styles>
 <office:body>
  <text:variable-decls>
   <text:variable-decl text:value-type="string" text:name="HTML_ON"/>
   <text:variable-decl text:value-type="string" text:name="HTML_OFF"/>
   <text:variable-decl text:value-type="string" text:name="TITEL"/>
   <text:variable-decl text:value-type="string" text:name="END"/>
   <text:variable-decl text:value-type="string" text:name="OS2"/>
   <text:variable-decl text:value-type="string" text:name="ELSE"/>
   <text:variable-decl text:value-type="string" text:name="NAME"/>
   <text:variable-decl text:value-type="string" text:name="MAC"/>
   <text:variable-decl text:value-type="string" text:name="HREF"/>
   <text:variable-decl text:value-type="string" text:name="MODIFY"/>
   <text:variable-decl text:value-type="string" text:name="REFNR"/>
   <text:variable-decl text:value-type="string" text:name="HelpID"/>
   <text:variable-decl text:value-type="string" text:name="AKTHLP"/>
   <text:variable-decl text:value-type="string" text:name="KEY"/>
   <text:variable-decl text:value-type="string" text:name="INDEX"/>
   <text:variable-decl text:value-type="string" text:name="STYLE"/>
  </text:variable-decls>
  <text:sequence-decls>
   <text:sequence-decl text:display-outline-level="0" text:name="Illustration"/>
   <text:sequence-decl text:display-outline-level="0" text:name="Table"/>
   <text:sequence-decl text:display-outline-level="0" text:name="Text"/>
   <text:sequence-decl text:display-outline-level="0" text:name="Drawing"/>
  </text:sequence-decls>
  <text:p text:style-name="P1"/>
  <text:p text:style-name="Head 1">Masquer et fixer les fenêtres ancrées<help:key-word value="Masquer; Fenêtre" tag="kw65622_5"/><help:key-word value="Fixer; Fenêtre" tag="kw65622_11"/><help:key-word value="Fenêtre; Masquage" tag="kw65622_10"/><help:key-word value="Fenêtre; Fixation" tag="kw65622_9"/></text:p>
  <text:p text:style-name="Paragraph">Chaque fenêtre <help:popup Id="65619" Eid="andocken">ancrée</help:popup> contient deux icônes permettant de contrôler les propriétés d&apos;affichage de cette fenêtre.</text:p>
  <help:to-be-embedded Eid="floaticons">
  <text:p text:style-name="Paragraph">Pour afficher ou masquer une fenêtre ancrée, cliquez sur l&apos;icône en forme de flèche. Pour activer ou désactiver un état flottant, cliquez sur l&apos;icône en forme de punaise. Il est possible qu&apos;une fenêtre ancrée flottante chevauche le document sous-jacent. En revanche, une fenêtre ancrée fixe ne chevauche jamais le document.</text:p>
  <text:p text:style-name="Paragraph">Une fenêtre ancrée par son bord gauche contient les icônes suivantes :</text:p>
  <table:table table:name="Tabelle5" table:style-name="Tabelle5">
   <table:table-column table:style-name="Tabelle5.A"/>
   <table:table-column table:style-name="Tabelle5.B"/>
   <table:table-header-rows>
    <table:table-row>
     <table:table-cell table:style-name="Tabelle5.A1" table:number-columns-spanned="2" table:value-type="string">
      <text:p text:style-name="TableHead"><help:key-word value="Afficher" tag="kw65622_1"/>Afficher</text:p>
     </table:table-cell>
     <table:covered-table-cell/>
    </table:table-row>
   </table:table-header-rows>
   <table:table-row>
    <table:table-cell table:style-name="Tabelle5.A2" table:value-type="string">
     <text:p text:style-name="TextInTable"><draw:image draw:name="Icône0" svg:desc="Icône" svg:pixelx="10" svg:pixely="41" svg:width="0.265cm" svg:height="1.085cm" xlink:href="65822" draw:filter-name=""/></text:p>

    </table:table-cell>
    <table:table-cell table:style-name="Tabelle5.A2" table:value-type="string">
     <text:p text:style-name="Paragraph">Pour ouvrir une fenêtre ancrée, cliquez sur l&apos;icône <text:span text:style-name="T1">Afficher</text:span>.</text:p>
    </table:table-cell>
   </table:table-row>
   <table:table-row>
    <table:table-cell table:style-name="Tabelle5.A1" table:number-columns-spanned="2" table:value-type="string">
     <text:p text:style-name="TableHead"><help:key-word value="Masquer" tag="kw65622_4"/>Masquer</text:p>
    </table:table-cell>
    <table:covered-table-cell/>
   </table:table-row>
   <table:table-row>
    <table:table-cell table:style-name="Tabelle5.A2" table:value-type="string">
     <text:p text:style-name="TextInTable"><draw:image draw:name="Icône1" svg:desc="Icône" svg:pixelx="10" svg:pixely="41" svg:width="0.265cm" svg:height="1.085cm" xlink:href="65679" draw:filter-name=""/></text:p>

    </table:table-cell>
    <table:table-cell table:style-name="Tabelle5.A2" table:value-type="string">
     <text:p text:style-name="Paragraph">Pour fermer une fenêtre ancrée, cliquez sur l&apos;icône <text:span text:style-name="T1">Masquer</text:span>.</text:p>
    </table:table-cell>
   </table:table-row>
   <table:table-row>
    <table:table-cell table:style-name="Tabelle5.A1" table:number-columns-spanned="2" table:value-type="string">
     <text:p text:style-name="TableHead"><help:key-word value="Ancrée" tag="kw65622_3"/>Ancrée</text:p>
    </table:table-cell>
    <table:covered-table-cell/>
   </table:table-row>
   <table:table-row>
    <table:table-cell table:style-name="Tabelle5.A2" table:value-type="string">
     <text:p text:style-name="TextInTable"><draw:image draw:name="Icône2" svg:desc="Icône" svg:pixelx="10" svg:pixely="41" svg:width="0.265cm" svg:height="1.085cm" xlink:href="66255" draw:filter-name=""/></text:p>

    </table:table-cell>
    <table:table-cell table:style-name="Tabelle5.A2" table:value-type="string">
     <text:p text:style-name="Paragraph">Pour fixer une fenêtre ancrée flottante, cliquez sur l&apos;icône <text:span text:style-name="T1">Ancrée</text:span>.</text:p>
    </table:table-cell>
   </table:table-row>
   <table:table-row>
    <table:table-cell table:style-name="Tabelle5.A1" table:number-columns-spanned="2" table:value-type="string">
     <text:p text:style-name="TableHead"><help:key-word value="Flottante" tag="kw65622_2"/>Flottante</text:p>
    </table:table-cell>
    <table:covered-table-cell/>
   </table:table-row>
   <table:table-row>
    <table:table-cell table:style-name="Tabelle5.A2" table:value-type="string">
     <text:p text:style-name="TextInTable"><draw:image draw:name="Icône3" svg:desc="Icône" svg:pixelx="10" svg:pixely="41" svg:width="0.265cm" svg:height="1.085cm" xlink:href="66254" draw:filter-name=""/></text:p>

    </table:table-cell>
    <table:table-cell table:style-name="Tabelle5.A2" table:value-type="string">
     <text:p text:style-name="Paragraph">Pour faire transformer une fenêtre ancrée fixe en fenêtre ancrée flottante, cliquez sur l&apos;icône <text:span text:style-name="T1">Flottante</text:span>.</text:p>
    </table:table-cell>
   </table:table-row>
  </table:table>
  </help:to-be-embedded>
  <text:p text:style-name="Head 2"><help:key-word value="Masquage automatique; Fenêtres" tag="kw65622_8"/><help:key-word value="Affichage automatique; Fenêtres" tag="kw65622_7"/><help:key-word value="Fenêtres; Masquage automatique/Affichage automatique" tag="kw65622_6"/>Fenêtres d&apos;affichage et de masquage automatique ancrées</text:p>
  <text:p text:style-name="Paragraph">Vous pouvez cliquer sur le bord d&apos;une fenêtre ancrée masquée pour ouvrir celle-ci.</text:p>
  <text:p text:style-name="Paragraph">Dès que vous positionnez le pointeur de la souris à l&apos;extérieur de la fenêtre, cette dernière se ferme automatiquement.</text:p>
  <text:p text:style-name="Paragraph">Si plusieurs fenêtres ancrées existent, elles se comportent comme une seule fenêtre, en mode Affichage et Masquage automatiques.</text:p>
  <text:p text:style-name="Head 3">Glisser-Déposer</text:p>
  <text:p text:style-name="Paragraph">Si vous faites glisser un objet sur le bord d&apos;une fenêtre ancrée masquée, celle-ci s&apos;ouvre en mode Affichage automatique.</text:p>
 </office:body>
</office:document>
