

<office:document  xmlns:office="http://openoffice.org/2000/office" xmlns:style="http://openoffice.org/2000/style" xmlns:text="http://openoffice.org/2000/text" xmlns:table="http://openoffice.org/2000/table" xmlns:draw="http://openoffice.org/2000/drawing" xmlns:fo="http://www.w3.org/1999/XSL/Format" xmlns:xlink="http://www.w3.org/1999/xlink" xmlns:number="http://openoffice.org/2000/datastyle" xmlns:svg="http://www.w3.org/2000/svg" xmlns:chart="http://openoffice.org/2000/chart" xmlns:dr3d="http://openoffice.org/2000/dr3d" xmlns:math="http://www.w3.org/1998/Math/MathML" xmlns:form="http://openoffice.org/2000/form" xmlns:script="http://openoffice.org/2000/script" office:class="text" office:version="1.0" xmlns:dc="http://purl.org/dc/elements/1.1/" xmlns:meta="http://openoffice.org/2000/meta" xmlns:help="http://openoffice.org/2000/help">
<office:meta>
  <dc:description>text/common/00/01020000</dc:description>
  <dc:subject>Menu contextuel des pages Web en lecture seule</dc:subject>

  <dc:language>fr-FR</dc:language>
  <meta:user-defined meta:name="Info 0">READY</meta:user-defined>
  <meta:user-defined meta:name="Info 1">FREE_OK</meta:user-defined>
  <meta:user-defined meta:name="Info 2">NOINDEX</meta:user-defined>
  <meta:user-defined meta:name="Info 3"/>
</office:meta>
 <office:script/>
 <office:font-decls>
  <style:font-decl style:name="StarSymbol" fo:font-family="StarSymbol" style:font-charset="x-symbol"/>
  <style:font-decl style:name="Courier New" fo:font-family="&apos;Courier New&apos;" style:font-style-name="Standard" style:font-family-generic="modern" style:font-pitch="fixed"/>
  <style:font-decl style:name="Courier" fo:font-family="Courier" style:font-family-generic="roman" style:font-pitch="fixed"/>
  <style:font-decl style:name="Arial Unicode MS" fo:font-family="&apos;Arial Unicode MS&apos;" style:font-pitch="variable"/>
  <style:font-decl style:name="HG Mincho Light J" fo:font-family="&apos;HG Mincho Light J&apos;" style:font-pitch="variable"/>
  <style:font-decl style:name="Times New Roman3" fo:font-family="&apos;Times New Roman&apos;" style:font-pitch="variable"/>
  <style:font-decl style:name="Thorndale" fo:font-family="Thorndale" style:font-family-generic="roman" style:font-pitch="variable"/>
  <style:font-decl style:name="Times New Roman2" fo:font-family="&apos;Times New Roman&apos;" style:font-style-name="Fett" style:font-family-generic="roman" style:font-pitch="variable"/>
  <style:font-decl style:name="Times New Roman" fo:font-family="&apos;Times New Roman&apos;" style:font-style-name="Standard" style:font-family-generic="roman" style:font-pitch="variable"/>
  <style:font-decl style:name="Times New Roman1" fo:font-family="&apos;Times New Roman&apos;" style:font-family-generic="swiss" style:font-pitch="variable"/>
 </office:font-decls>
 <office:automatic-styles>
  <style:style style:name="P1" style:family="paragraph" style:parent-style-name="Paragraph" style:master-page-name="HTML">
   <style:properties style:page-number="0"/>
  </style:style>
  <style:style style:name="T1" style:family="text">
   <style:properties fo:font-weight="bold"/>
  </style:style>
 </office:automatic-styles>
 <office:body>
  <text:variable-decls>
   <text:variable-decl text:value-type="string" text:name="HTML_ON"/>
   <text:variable-decl text:value-type="string" text:name="HTML_OFF"/>
   <text:variable-decl text:value-type="string" text:name="TITEL"/>
   <text:variable-decl text:value-type="string" text:name="END"/>
   <text:variable-decl text:value-type="string" text:name="OS2"/>
   <text:variable-decl text:value-type="string" text:name="ELSE"/>
   <text:variable-decl text:value-type="string" text:name="NAME"/>
   <text:variable-decl text:value-type="string" text:name="MAC"/>
   <text:variable-decl text:value-type="string" text:name="HREF"/>
   <text:variable-decl text:value-type="string" text:name="MODIFY"/>
   <text:variable-decl text:value-type="string" text:name="REFNR"/>
   <text:variable-decl text:value-type="string" text:name="HelpID"/>
   <text:variable-decl text:value-type="string" text:name="HFELD"/>
   <text:variable-decl text:value-type="string" text:name="WIN"/>
   <text:variable-decl text:value-type="string" text:name="AKTHLP"/>
  </text:variable-decls>
  <text:sequence-decls>
   <text:sequence-decl text:display-outline-level="0" text:name="Illustration"/>
   <text:sequence-decl text:display-outline-level="0" text:name="Table"/>
   <text:sequence-decl text:display-outline-level="0" text:name="Text"/>
   <text:sequence-decl text:display-outline-level="0" text:name="Drawing"/>
  </text:sequence-decls>
  <text:p text:style-name="P1"/>
  <text:p text:style-name="Head 1">Menu contextuel des pages Web en lecture seule</text:p>
  <text:p text:style-name="Paragraph">Le type et l&apos;ordre des entrées des menus contextuels varient. Ils sont fonction d&apos;une part de l&apos;objet sélectionné lorsque vous ouvrez le menu contextuel, d&apos;autre part du statut du document (s&apos;il est en lecture seule ou en mode Édition).</text:p>
  <text:p text:style-name="Head 2">Ouvrir</text:p>
  <text:p text:style-name="Paragraph">La commande <text:span text:style-name="T1">Ouvrir</text:span> ouvre le lien sur lequel est positionné le pointeur de la souris.</text:p>
  <text:p text:style-name="Head 2">Ouvrir dans une nouvelle fenêtre</text:p>
  <text:p text:style-name="Paragraph">La commande <text:span text:style-name="T1">Ouvrir dans une nouvelle fenêtre</text:span> ouvre le lien sur lequel est positionné le pointeur de la souris, dans une nouvelle fenêtre.</text:p>
  <text:p text:style-name="Head 2">Éditer</text:p>
  <text:p text:style-name="Paragraph">Utilisez la <text:span text:style-name="T1">commande Édition</text:span> pour activer le mode Édition. Vous pouvez également sélectionner le mode Édition en cliquant sur <text:span text:style-name="T1">Édition de fichier</text:span> dans la <text:span text:style-name="T1">barre de fonctions</text:span>.</text:p>
  <text:p text:style-name="Head 2"><help:help-id value="HID_MN_READONLY_SAVEGRAPHIC"/>Enregistrer l&apos;image</text:p>
  <text:p text:style-name="Paragraph"><help:help-text value="visible">Ouvre une boîte de dialogue vous permettant d&apos;enregistrer les images sélectionnées.</help:help-text></text:p>
  <text:p text:style-name="Head 2"><help:help-id value="HID_MN_READONLY_COPYLINK"/>Copier le lien</text:p>
  <text:p text:style-name="Paragraph"><help:help-text value="visible">Copie le lien situé au niveau du pointeur de la souris dans le presse-papiers.</help:help-text></text:p>
  <text:p text:style-name="Head 2"><help:help-id value="HID_MN_READONLY_COPYGRAPHIC"/>Copier l&apos;image</text:p>
  <text:p text:style-name="Paragraph"><help:help-text value="visible">Copie une image sélectionnée dans le presse-papiers.</help:help-text></text:p>
  <text:p text:style-name="Head 2"><help:help-id value="HID_MN_READONLY_LOADGRAPHIC"/>Charger l&apos;image</text:p>
  <text:p text:style-name="Paragraph"><help:help-text value="visible">Si vous avez désactivé l&apos;affichage des images, choisissez la commande <text:span text:style-name="T1">Charger des images</text:span> pour les afficher.</help:help-text></text:p>
  <text:p text:style-name="Head 2"><help:help-id value="HID_MN_READONLY_GRAPHICOFF"/>Désactiver les images</text:p>
  <text:p text:style-name="Paragraph"><help:help-text value="visible">Définit toutes les images du document à &quot;invisible&quot;.</help:help-text> Ceci permet d&apos;accélérer l&apos;affichage à l&apos;écran.</text:p>
  <text:p text:style-name="Head 2"><help:help-id value="HID_MN_READONLY_PLUGINOFF"/><help:switch select="System"><help:case select ="WIN">Désactiver les Plug-Ins</help:case></help:switch></text:p>
  <text:p text:style-name="Paragraph"><help:help-text value="visible">Désactive les plug-ins insérés.</help:help-text> Cliquez de nouveau sur cette commande pour réactiver les <help:popup Id="65629" Eid="plugin">plug-ins</help:popup>.</text:p>
  <text:p text:style-name="Head 2"><help:help-id value="HID_MN_READONLY_SAVEBACKGROUND"/>Enregistrer l&apos;arrière-plan...</text:p>
  <text:p text:style-name="Paragraph"><help:help-text value="visible">Vous permet d&apos;enregistrer l&apos;arrière-plan d&apos;une page Web.</help:help-text></text:p>
 </office:body>
</office:document>
