

<office:document  xmlns:office="http://openoffice.org/2000/office" xmlns:style="http://openoffice.org/2000/style" xmlns:text="http://openoffice.org/2000/text" xmlns:table="http://openoffice.org/2000/table" xmlns:draw="http://openoffice.org/2000/drawing" xmlns:fo="http://www.w3.org/1999/XSL/Format" xmlns:xlink="http://www.w3.org/1999/xlink" xmlns:number="http://openoffice.org/2000/datastyle" xmlns:svg="http://www.w3.org/2000/svg" xmlns:chart="http://openoffice.org/2000/chart" xmlns:dr3d="http://openoffice.org/2000/dr3d" xmlns:math="http://www.w3.org/1998/Math/MathML" xmlns:form="http://openoffice.org/2000/form" xmlns:script="http://openoffice.org/2000/script" office:class="text" office:version="1.0" xmlns:dc="http://purl.org/dc/elements/1.1/" xmlns:meta="http://openoffice.org/2000/meta" xmlns:help="http://openoffice.org/2000/help">
<office:meta>
  <dc:description>text/common/00/00040502</dc:description>
  <dc:subject>Menyn Format</dc:subject>
  <meta:keywords>
   <meta:keyword>$Version</meta:keyword>
  </meta:keywords>
  <dc:language>sv-SE</dc:language>
  <meta:user-defined meta:name="Info 0">READY</meta:user-defined>
  <meta:user-defined meta:name="Info 1">FREE_OK</meta:user-defined>
  <meta:user-defined meta:name="Info 2">NOINDEX</meta:user-defined>
  <meta:user-defined meta:name="Info 3"/>
</office:meta>
 <office:script/>
 <office:font-decls>
  <style:font-decl style:name="StarSymbol" fo:font-family="StarSymbol" style:font-charset="x-symbol"/>
  <style:font-decl style:name="Courier New" fo:font-family="&apos;Courier New&apos;" style:font-style-name="Standard" style:font-family-generic="modern" style:font-pitch="fixed"/>
  <style:font-decl style:name="Courier" fo:font-family="Courier" style:font-family-generic="roman" style:font-pitch="fixed"/>
  <style:font-decl style:name="Arial Unicode MS" fo:font-family="&apos;Arial Unicode MS&apos;" style:font-pitch="variable"/>
  <style:font-decl style:name="HG Mincho Light J" fo:font-family="&apos;HG Mincho Light J&apos;" style:font-pitch="variable"/>
  <style:font-decl style:name="Times New Roman3" fo:font-family="&apos;Times New Roman&apos;" style:font-pitch="variable"/>
  <style:font-decl style:name="Thorndale" fo:font-family="Thorndale" style:font-family-generic="roman" style:font-pitch="variable"/>
  <style:font-decl style:name="Times New Roman2" fo:font-family="&apos;Times New Roman&apos;" style:font-style-name="Fett" style:font-family-generic="roman" style:font-pitch="variable"/>
  <style:font-decl style:name="Times New Roman" fo:font-family="&apos;Times New Roman&apos;" style:font-style-name="Standard" style:font-family-generic="roman" style:font-pitch="variable"/>
  <style:font-decl style:name="Times New Roman1" fo:font-family="&apos;Times New Roman&apos;" style:font-family-generic="swiss" style:font-pitch="variable"/>
 </office:font-decls>
 <office:automatic-styles>
  <style:style style:name="Tabelle8" style:family="table">
   <style:properties style:width="18cm" table:align="margins"/>
  </style:style>
  <style:style style:name="Tabelle8.A" style:family="table-column">
   <style:properties style:column-width="1.501cm" style:rel-column-width="5465*"/>
  </style:style>
  <style:style style:name="Tabelle8.B" style:family="table-column">
   <style:properties style:column-width="16.499cm" style:rel-column-width="60070*"/>
  </style:style>
  <style:style style:name="Tabelle9" style:family="table">
   <style:properties style:width="18cm" table:align="margins"/>
  </style:style>
  <style:style style:name="Tabelle9.A" style:family="table-column">
   <style:properties style:column-width="1.501cm" style:rel-column-width="5465*"/>
  </style:style>
  <style:style style:name="Tabelle9.B" style:family="table-column">
   <style:properties style:column-width="16.499cm" style:rel-column-width="60070*"/>
  </style:style>
  <style:style style:name="Tabelle4" style:family="table">
   <style:properties style:width="18cm" table:align="margins"/>
  </style:style>
  <style:style style:name="Tabelle4.A" style:family="table-column">
   <style:properties style:column-width="1.501cm" style:rel-column-width="5465*"/>
  </style:style>
  <style:style style:name="Tabelle4.B" style:family="table-column">
   <style:properties style:column-width="16.499cm" style:rel-column-width="60051*"/>
  </style:style>
  <style:style style:name="Tabelle1" style:family="table">
   <style:properties style:width="18cm" table:align="margins"/>
  </style:style>
  <style:style style:name="Tabelle1.A" style:family="table-column">
   <style:properties style:column-width="1.501cm" style:rel-column-width="5464*"/>
  </style:style>
  <style:style style:name="Tabelle1.B" style:family="table-column">
   <style:properties style:column-width="16.499cm" style:rel-column-width="60052*"/>
  </style:style>
  <style:style style:name="Tabelle2" style:family="table">
   <style:properties style:width="18cm" table:align="margins"/>
  </style:style>
  <style:style style:name="Tabelle2.A" style:family="table-column">
   <style:properties style:column-width="1.501cm" style:rel-column-width="5464*"/>
  </style:style>
  <style:style style:name="Tabelle2.B" style:family="table-column">
   <style:properties style:column-width="16.499cm" style:rel-column-width="60052*"/>
  </style:style>
  <style:style style:name="Tabelle10" style:family="table">
   <style:properties style:width="18cm" table:align="margins"/>
  </style:style>
  <style:style style:name="Tabelle10.A" style:family="table-column">
   <style:properties style:column-width="1.501cm" style:rel-column-width="5464*"/>
  </style:style>
  <style:style style:name="Tabelle10.B" style:family="table-column">
   <style:properties style:column-width="16.499cm" style:rel-column-width="60052*"/>
  </style:style>
  <style:style style:name="Tabelle11" style:family="table">
   <style:properties style:width="18cm" table:align="margins"/>
  </style:style>
  <style:style style:name="Tabelle11.A" style:family="table-column">
   <style:properties style:column-width="1.501cm" style:rel-column-width="5464*"/>
  </style:style>
  <style:style style:name="Tabelle11.B" style:family="table-column">
   <style:properties style:column-width="16.499cm" style:rel-column-width="60052*"/>
  </style:style>
  <style:style style:name="Tabelle12" style:family="table">
   <style:properties style:width="18cm" table:align="margins"/>
  </style:style>
  <style:style style:name="Tabelle12.A" style:family="table-column">
   <style:properties style:column-width="1.501cm" style:rel-column-width="5464*"/>
  </style:style>
  <style:style style:name="Tabelle12.B" style:family="table-column">
   <style:properties style:column-width="16.499cm" style:rel-column-width="60052*"/>
  </style:style>
  <style:style style:name="Tabelle3" style:family="table">
   <style:properties style:width="18cm" table:align="margins"/>
  </style:style>
  <style:style style:name="Tabelle3.A" style:family="table-column">
   <style:properties style:column-width="1.501cm" style:rel-column-width="5465*"/>
  </style:style>
  <style:style style:name="Tabelle3.B" style:family="table-column">
   <style:properties style:column-width="16.499cm" style:rel-column-width="60051*"/>
  </style:style>
  <style:style style:name="Tabelle5" style:family="table">
   <style:properties style:width="18cm" table:align="margins"/>
  </style:style>
  <style:style style:name="Tabelle5.A" style:family="table-column">
   <style:properties style:column-width="1.501cm" style:rel-column-width="5464*"/>
  </style:style>
  <style:style style:name="Tabelle5.B" style:family="table-column">
   <style:properties style:column-width="16.499cm" style:rel-column-width="60052*"/>
  </style:style>
  <style:style style:name="Tabelle6" style:family="table">
   <style:properties style:width="18cm" table:align="margins"/>
  </style:style>
  <style:style style:name="Tabelle6.A" style:family="table-column">
   <style:properties style:column-width="1.501cm" style:rel-column-width="5464*"/>
  </style:style>
  <style:style style:name="Tabelle6.B" style:family="table-column">
   <style:properties style:column-width="16.499cm" style:rel-column-width="60052*"/>
  </style:style>
  <style:style style:name="Tabelle7" style:family="table">
   <style:properties style:width="18cm" table:align="margins"/>
  </style:style>
  <style:style style:name="Tabelle7.A" style:family="table-column">
   <style:properties style:column-width="1.501cm" style:rel-column-width="5465*"/>
  </style:style>
  <style:style style:name="Tabelle7.B" style:family="table-column">
   <style:properties style:column-width="16.499cm" style:rel-column-width="60051*"/>
  </style:style>
  <style:style style:name="Tabelle13" style:family="table">
   <style:properties style:width="18cm" table:align="margins"/>
  </style:style>
  <style:style style:name="Tabelle13.A" style:family="table-column">
   <style:properties style:column-width="1.501cm" style:rel-column-width="5465*"/>
  </style:style>
  <style:style style:name="Tabelle13.B" style:family="table-column">
   <style:properties style:column-width="16.499cm" style:rel-column-width="60051*"/>
  </style:style>
  <style:style style:name="Tabelle14" style:family="table">
   <style:properties style:width="18cm" table:align="margins"/>
  </style:style>
  <style:style style:name="Tabelle14.A" style:family="table-column">
   <style:properties style:column-width="1.501cm" style:rel-column-width="5465*"/>
  </style:style>
  <style:style style:name="Tabelle14.B" style:family="table-column">
   <style:properties style:column-width="16.499cm" style:rel-column-width="60051*"/>
  </style:style>
  <style:style style:name="Tabelle16" style:family="table">
   <style:properties style:width="18cm" table:align="margins"/>
  </style:style>
  <style:style style:name="Tabelle16.A" style:family="table-column">
   <style:properties style:column-width="1.501cm" style:rel-column-width="5465*"/>
  </style:style>
  <style:style style:name="Tabelle16.B" style:family="table-column">
   <style:properties style:column-width="16.499cm" style:rel-column-width="60051*"/>
  </style:style>
  <style:style style:name="Tabelle15" style:family="table">
   <style:properties style:width="18cm" table:align="margins"/>
  </style:style>
  <style:style style:name="Tabelle15.A" style:family="table-column">
   <style:properties style:column-width="1.501cm" style:rel-column-width="5465*"/>
  </style:style>
  <style:style style:name="Tabelle15.B" style:family="table-column">
   <style:properties style:column-width="16.499cm" style:rel-column-width="60051*"/>
  </style:style>
  <style:style style:name="P1" style:family="paragraph" style:parent-style-name="Paragraph" style:master-page-name="HTML">
   <style:properties style:page-number="0"/>
  </style:style>
  <style:style style:name="T1" style:family="text">
   <style:properties fo:font-weight="bold"/>
  </style:style>
  <style:style style:name="fr1" style:family="graphics" style:parent-style-name="Graphics">
   <style:properties style:run-through="foreground" style:wrap="run-through" style:vertical-pos="top" style:vertical-rel="paragraph" style:horizontal-pos="left" style:horizontal-rel="paragraph" style:mirror="none" fo:clip="rect(0cm 0cm 0cm 0cm)" draw:luminance="0%" draw:contrast="0%" draw:red="0%" draw:green="0%" draw:blue="0%" draw:gamma="1" draw:color-inversion="false" draw:transparency="-100%" draw:color-mode="standard"/>
  </style:style>
  <style:style style:name="fr2" style:family="graphics" style:parent-style-name="Graphics">
   <style:properties style:wrap="run-through" style:horizontal-pos="left" style:horizontal-rel="paragraph" style:mirror="none" fo:clip="rect(0cm 0cm 0cm 0cm)" draw:luminance="0%" draw:contrast="0%" draw:red="0%" draw:green="0%" draw:blue="0%" draw:gamma="1" draw:color-inversion="false" draw:transparency="-100%" draw:color-mode="standard"/>
  </style:style>
 </office:automatic-styles>
 <office:body>
  <text:variable-decls>
   <text:variable-decl text:value-type="string" text:name="HTML_ON"/>
   <text:variable-decl text:value-type="string" text:name="HTML_OFF"/>
   <text:variable-decl text:value-type="string" text:name="TITEL"/>
   <text:variable-decl text:value-type="string" text:name="END"/>
   <text:variable-decl text:value-type="string" text:name="OS2"/>
   <text:variable-decl text:value-type="string" text:name="ELSE"/>
   <text:variable-decl text:value-type="string" text:name="NAME"/>
   <text:variable-decl text:value-type="string" text:name="MAC"/>
   <text:variable-decl text:value-type="string" text:name="HREF"/>
   <text:variable-decl text:value-type="string" text:name="MODIFY"/>
   <text:variable-decl text:value-type="string" text:name="REFNR"/>
   <text:variable-decl text:value-type="string" text:name="HFELD"/>
   <text:variable-decl text:value-type="string" text:name="STYLE"/>
  </text:variable-decls>
  <text:sequence-decls>
   <text:sequence-decl text:display-outline-level="0" text:name="Illustration"/>
   <text:sequence-decl text:display-outline-level="0" text:name="Table"/>
   <text:sequence-decl text:display-outline-level="0" text:name="Text"/>
   <text:sequence-decl text:display-outline-level="0" text:name="Drawing"/>
  </text:sequence-decls>
  <text:p text:style-name="P1"/>
  <text:p text:style-name="Head 1">Menyn Format</text:p>
  <help:to-popup Eid="linie1">
  <text:p text:style-name="Paragraph">Menyn <text:span text:style-name="T1">Format - Linje...</text:span></text:p>
  <text:p text:style-name="Paragraph">På <text:span text:style-name="T1">objektlisten</text:span> klickar du på</text:p>
  <help:to-be-embedded Eid="sylinie">
  <table:table table:name="Tabelle8" table:style-name="Tabelle8">
   <table:table-column table:style-name="Tabelle8.A"/>
   <table:table-column table:style-name="Tabelle8.B"/>
   <table:table-header-rows>
    <table:table-row>
     <table:table-cell table:value-type="string">
      <text:p text:style-name="Paragraph"><draw:image draw:name="Ikon0" svg:desc="Ikon" svg:pixelx="25" svg:pixely="25" svg:width="0.661cm" svg:height="0.661cm" xlink:href="66103" draw:filter-name=""/></text:p>

     </table:table-cell>
     <table:table-cell table:value-type="string">
      <text:p text:style-name="Paragraph">Linje</text:p>
     </table:table-cell>
    </table:table-row>
   </table:table-header-rows>
  </table:table>
  </help:to-be-embedded></help:to-popup>
  <help:to-popup Eid="linie2">
  <text:p text:style-name="Paragraph">Menyn <text:span text:style-name="T1">Format - Linje... -</text:span> fliken <text:span text:style-name="T1">Linje</text:span></text:p>
  <text:p text:style-name="Paragraph">Menyn <text:span text:style-name="T1">Format - Formatmallar - Katalog... - Ändra/Nytt... -</text:span> fliken <text:span text:style-name="T1">Linje</text:span> (presentationsdokument)</text:p>
  <text:p text:style-name="Paragraph">Menyn <text:span text:style-name="T1">Format - Stylist - snabbmenyn Ändra/Nytt... -</text:span> fliken <text:span text:style-name="T1">Linje</text:span> (presentationsdokument)</text:p>
  <text:p text:style-name="Paragraph">Menyn <text:span text:style-name="T1">Format - Rubrik -</text:span> <text:s/>fliken <text:span text:style-name="T1">Linje</text:span> (diagramdokument)</text:p>
  <text:p text:style-name="Paragraph">Menyn <text:span text:style-name="T1">Format - Förklaring... -</text:span> fliken <text:span text:style-name="T1">Linje</text:span> (diagramdokument)</text:p>
  <text:p text:style-name="Paragraph">Menyn <text:span text:style-name="T1">Format - Axel -</text:span> <text:s/>fliken <text:span text:style-name="T1">Linje</text:span> (diagramdokument)</text:p>
  <text:p text:style-name="Paragraph">Menyn <text:span text:style-name="T1">Format - Gitter -</text:span> fliken <text:span text:style-name="T1">Linje</text:span> (diagramdokument)</text:p>
  <text:p text:style-name="Paragraph">Menyn <text:span text:style-name="T1">Format - Diagramvägg... -</text:span> fliken <text:span text:style-name="T1">Linje</text:span> (diagramdokument)</text:p>
  <text:p text:style-name="Paragraph">Menyn <text:span text:style-name="T1">Format - Diagramgolv... -</text:span> fliken <text:span text:style-name="T1">Linje</text:span> (diagramdokument)</text:p>
  <text:p text:style-name="Paragraph">Menyn <text:span text:style-name="T1">Format - Diagramområde... -</text:span> fliken <text:span text:style-name="T1">Linje</text:span> (diagramdokument)</text:p>
  </help:to-popup>
  <text:p text:style-name="Paragraph"><help:to-popup Eid="linienstile">Menyn <text:span text:style-name="T1">Format - Linje... -</text:span> fliken <text:span text:style-name="T1">Linjestilar</text:span></help:to-popup></text:p>
  <text:p text:style-name="Paragraph"><help:to-popup Eid="linienenden">Menyn <text:span text:style-name="T1">Format - Linje... -</text:span> fliken <text:span text:style-name="T1">Linjeslut</text:span></help:to-popup></text:p>
  <help:to-popup Eid="flaeche1">
  <text:p text:style-name="Paragraph">Menyn <text:span text:style-name="T1">Format - Yta</text:span></text:p>
  <text:p text:style-name="Paragraph">På <text:span text:style-name="T1">objektlisten</text:span> klickar du på</text:p>
  <help:to-be-embedded Eid="syflaeche">
  <table:table table:name="Tabelle9" table:style-name="Tabelle9">
   <table:table-column table:style-name="Tabelle9.A"/>
   <table:table-column table:style-name="Tabelle9.B"/>
   <table:table-header-rows>
    <table:table-row>
     <table:table-cell table:value-type="string">
      <text:p text:style-name="Paragraph"><draw:image draw:name="Ikon1" svg:desc="Ikon" svg:pixelx="25" svg:pixely="25" svg:width="0.661cm" svg:height="0.661cm" xlink:href="66685" draw:filter-name=""/></text:p>

     </table:table-cell>
     <table:table-cell table:value-type="string">
      <text:p text:style-name="Paragraph">Yta</text:p>
     </table:table-cell>
    </table:table-row>
   </table:table-header-rows>
  </table:table>
  </help:to-be-embedded></help:to-popup>
  <help:to-popup Eid="flaeche2">
  <text:p text:style-name="Paragraph">Menyn <text:span text:style-name="T1">Format - Yta... -</text:span> fliken <text:span text:style-name="T1">Yta</text:span></text:p>
  <text:p text:style-name="Paragraph">Menyn <text:span text:style-name="T1">Format - Formatmallar - Katalog... - Ändra/Nytt... -</text:span> fliken <text:span text:style-name="T1">Yta</text:span> (presentationsdokument)</text:p>
  <text:p text:style-name="Paragraph">Menyn <text:span text:style-name="T1">Format - Stylist - snabbmenyn Ändra/Nytt... -</text:span> fliken <text:span text:style-name="T1">Yta</text:span> (presentationsdokument)</text:p>
  <text:p text:style-name="Paragraph">Menyn <text:span text:style-name="T1">Format - Titel -</text:span> <text:s/>fliken <text:span text:style-name="T1">Yta</text:span> (diagramdokument)</text:p>
  <text:p text:style-name="Paragraph">Menyn <text:span text:style-name="T1">Format - Förklaring... -</text:span> fliken <text:span text:style-name="T1">Yta</text:span> (diagramdokument)</text:p>
  <text:p text:style-name="Paragraph">Menyn <text:span text:style-name="T1">Format - Diagramvägg... -</text:span> fliken <text:span text:style-name="T1">Yta</text:span> (diagramdokument)</text:p>
  <text:p text:style-name="Paragraph">Menyn <text:span text:style-name="T1">Format - Diagramgolv... -</text:span> fliken <text:span text:style-name="T1">Yta</text:span> (diagramdokument)</text:p>
  <text:p text:style-name="Paragraph">Menyn <text:span text:style-name="T1">Format - Diagramområde... -</text:span> fliken <text:span text:style-name="T1">Yta</text:span> (diagramdokument)</text:p>
  <text:p text:style-name="Paragraph">Menyn <text:span text:style-name="T1">Format - Sida... </text:span>- fliken <text:span text:style-name="T1">Bakgrund</text:span> (i <help:productname>%PRODUCTNAME</help:productname> Impress och <help:productname>%PRODUCTNAME</help:productname> Draw)</text:p>
  </help:to-popup>
  <help:to-popup Eid="farben">
  <text:p text:style-name="Paragraph">Menyn <text:span text:style-name="T1">Format - Yta... -</text:span> fliken <text:span text:style-name="T1">Färger</text:span></text:p>
  <text:p text:style-name="Paragraph">Menyn <text:span text:style-name="T1">Verktyg - Alternativ - <help:productname>%PRODUCTNAME</help:productname> - Färger</text:span></text:p>
  </help:to-popup>
  <help:to-popup Eid="trans">
  <text:p text:style-name="Paragraph">Menyn <text:span text:style-name="T1">Format - Yta... -</text:span> <text:s/>fliken <text:span text:style-name="T1">Transparens </text:span>(ritdokument)</text:p>
  <text:p text:style-name="Paragraph">Menyn <text:span text:style-name="T1">Format - Yta... -</text:span> <text:s/>fliken <text:span text:style-name="T1">Transparens </text:span>(presentationsdokument)</text:p>
  <text:p text:style-name="Paragraph">Menyn <text:span text:style-name="T1">Format - Diagramvägg... -</text:span> <text:s/>fliken <text:span text:style-name="T1">Transparens </text:span>(diagramdokument)</text:p>
  <text:p text:style-name="Paragraph">Menyn <text:span text:style-name="T1">Format - Diagramområde... - </text:span>fliken <text:span text:style-name="T1">Transparens</text:span>(diagramdokument)</text:p>
  <text:p text:style-name="Paragraph">Menyn <text:span text:style-name="T1">Format - Diagramgolv... -</text:span> fliken <text:span text:style-name="T1">Transparens </text:span>(diagramdokument)</text:p>
  <text:p text:style-name="Paragraph">Menyn <text:span text:style-name="T1">Format - Titel - Alla titlar..</text:span> - fliken <text:span text:style-name="T1">Transparens </text:span>(diagramdokument)</text:p>
  <text:p text:style-name="Paragraph">Menyn <text:span text:style-name="T1">Format - Titel - Huvudrubrik... -</text:span> fliken <text:span text:style-name="T1">Transparens</text:span> (diagramdokument)</text:p>
  <text:p text:style-name="Paragraph">Menyn <text:span text:style-name="T1">Format - Titel - Underrubrik... -</text:span> fliken <text:span text:style-name="T1">Transparens</text:span> (diagramdokument)</text:p>
  <text:p text:style-name="Paragraph">Menyn <text:span text:style-name="T1">Format - Titel - X-axeltitel... -</text:span> fliken <text:span text:style-name="T1">Transparens</text:span> (diagramdokument)</text:p>
  <text:p text:style-name="Paragraph">Menyn <text:span text:style-name="T1">Format - Titel - Y-axeltitel... -</text:span> fliken <text:span text:style-name="T1">Transparens</text:span> (diagramdokument)</text:p>
  <text:p text:style-name="Paragraph">Menyn <text:span text:style-name="T1">Format - Titel - X-axeltitel... -</text:span> fliken <text:span text:style-name="T1">Transparens</text:span> (diagramdokument)</text:p>
  <text:p text:style-name="Paragraph">Menyn <text:span text:style-name="T1">Format - Objektegenskaper... - Datapunkt</text:span> - fliken <text:span text:style-name="T1">Transparens </text:span>(diagramdokument)</text:p>
  <text:p text:style-name="Paragraph">Menyn <text:span text:style-name="T1">Format - Objektegenskaper... - Dataserie</text:span> - fliken <text:span text:style-name="T1">Transparens </text:span>(diagramdokument)</text:p>
  </help:to-popup>
  <text:p text:style-name="Paragraph"><help:to-popup Eid="schatte">Menyn <text:span text:style-name="T1">Format - Yta... -</text:span> fliken <text:span text:style-name="T1">Skugga</text:span></help:to-popup></text:p>
  <text:p text:style-name="Paragraph"><help:to-popup Eid="verlauf">Menyn <text:span text:style-name="T1">Format - Yta... -</text:span> fliken <text:span text:style-name="T1">Färggradienter</text:span></help:to-popup></text:p>
  <text:p text:style-name="Paragraph"><help:to-popup Eid="schraffur">Menyn <text:span text:style-name="T1">Format - Yta... -</text:span> fliken <text:span text:style-name="T1">Skrafferingar</text:span></help:to-popup></text:p>
  <text:p text:style-name="Paragraph"><help:to-popup Eid="bitmap">Menyn <text:span text:style-name="T1">Format - Yta... -</text:span> fliken <text:span text:style-name="T1">Bitmapmönster</text:span></help:to-popup></text:p>
  <text:p text:style-name="Paragraph"><help:to-popup Eid="formattext">Menyn <text:span text:style-name="T1">Format - Text</text:span></help:to-popup></text:p>
  <text:p text:style-name="Paragraph"><help:to-popup Eid="text">Meny <text:span text:style-name="T1">Format - Text</text:span> - fliken <text:span text:style-name="T1">Text</text:span></help:to-popup></text:p>
  <text:p text:style-name="Paragraph"><help:to-popup Eid="laufext">Meny <text:span text:style-name="T1">Format - Text...-</text:span> <text:s/>fliken <text:span text:style-name="T1">Animerad text</text:span></help:to-popup></text:p>
  <help:to-popup Eid="position1">
  <text:p text:style-name="Paragraph">Menyn <text:span text:style-name="T1">Format - Position och storlek...</text:span></text:p>
  <text:p text:style-name="Paragraph"><help:switch select="Program"><help:case select="DRAW">F4</help:case><help:case select="IMPRESS">F4</help:case></help:switch></text:p>
  <help:switch select="Program"><help:case select="CHART"></help:case><help:default>
  <text:p text:style-name="Paragraph">Håll ned Ctrl och klicka sedan på <text:span text:style-name="T1">objektlisten</text:span></text:p>
  <help:to-be-embedded Eid="syposition">
  <table:table table:name="Tabelle4" table:style-name="Tabelle4">
   <table:table-column table:style-name="Tabelle4.A"/>
   <table:table-column table:style-name="Tabelle4.B"/>
   <table:table-header-rows>
    <table:table-row>
     <table:table-cell table:value-type="string">
      <text:p text:style-name="Paragraph"><draw:image draw:name="Ikon2" svg:desc="Ikon" svg:pixelx="25" svg:pixely="25" svg:width="0.661cm" svg:height="0.661cm" xlink:href="66269" draw:filter-name=""/></text:p>

     </table:table-cell>
     <table:table-cell table:value-type="string">
      <text:p text:style-name="Paragraph">Position och storlek</text:p>
     </table:table-cell>
    </table:table-row>
   </table:table-header-rows>
  </table:table>
  </help:to-be-embedded></help:default></help:switch>
  </help:to-popup>
  <help:to-popup Eid="adngpb">
  <text:p text:style-name="Paragraph">Välj <help:switch select="Program"><help:case select="WRITER"><text:span text:style-name="T1">Format</text:span></help:case><help:default><text:span text:style-name="T1">Ändra</text:span></help:default></help:switch><text:span text:style-name="T1"> - Namnge objekt</text:span></text:p>
  <text:p text:style-name="Paragraph">Öppna snabbmenyn för objektet - välj <text:span text:style-name="T1">Namnge objekt</text:span></text:p>
  </help:to-popup>
  <text:p text:style-name="Paragraph"><help:to-popup Eid="position2">Välj fliken <text:span text:style-name="T1">Format - Position och storlek - Position och storlek</text:span></help:to-popup></text:p>
  <help:to-popup Eid="drehung">
  <text:p text:style-name="Paragraph">Menyn <text:span text:style-name="T1">Format - Position och storlek... -</text:span> fliken<text:span text:style-name="T1">Rotation</text:span></text:p>
  <text:p text:style-name="Paragraph">På <text:span text:style-name="T1">objektlisten</text:span> klickar du på</text:p>
  <table:table table:name="Tabelle1" table:style-name="Tabelle1">
   <table:table-column table:style-name="Tabelle1.A"/>
   <table:table-column table:style-name="Tabelle1.B"/>
   <table:table-header-rows>
    <table:table-row>
     <table:table-cell table:value-type="string">
      <text:p text:style-name="Paragraph"><draw:image draw:name="Ikon3" svg:desc="Ikon" svg:pixelx="25" svg:pixely="25" svg:width="0.661cm" svg:height="0.661cm" xlink:href="66620" draw:filter-name=""/></text:p>

     </table:table-cell>
     <table:table-cell table:value-type="string">
      <text:p text:style-name="Paragraph">Rotera</text:p>
     </table:table-cell>
    </table:table-row>
   </table:table-header-rows>
  </table:table>
  </help:to-popup>
  <text:p text:style-name="Paragraph"><help:to-popup Eid="ecke">Menyn <text:span text:style-name="T1">Format - Position och storlek... -</text:span> <text:s/>fliken <text:span text:style-name="T1">Snedställ/hörnradie</text:span></help:to-popup></text:p>
  <text:p text:style-name="Paragraph"><help:to-popup Eid="legende">Menyn <text:span text:style-name="T1">Format - Position och storlek... -</text:span> fliken <text:span text:style-name="T1">Förklaring</text:span></help:to-popup></text:p>
  <help:to-popup Eid="punkte">
  <text:p text:style-name="Paragraph">Välj <text:span text:style-name="T1">Redigera - Punkter</text:span></text:p>
  <text:p text:style-name="Paragraph"><help:switch select="Program"><help:case select="DRAW">Snabbmenyn <text:span text:style-name="T1">Redigera punkter</text:span></help:case></help:switch><help:switch select="Program"><help:case select="IMPRESS">Snabbmenyn <text:span text:style-name="T1">Redigera punkter</text:span></help:case></help:switch></text:p>
  <text:p text:style-name="Paragraph"><help:switch select="Program"><help:case select="DRAW">F8</help:case><help:case select="IMPRESS">F8</help:case></help:switch></text:p>
  <text:p text:style-name="Paragraph">På <help:switch select="Program"><help:case select="DRAW"><text:span text:style-name="T1">alternativlisten</text:span> eller </help:case><help:case select="IMPRESS"><text:span text:style-name="T1">alternativlisten</text:span> eller </help:case></help:switch><text:span text:style-name="T1">objektlisten</text:span> klickar du på</text:p>
  <help:to-be-embedded Eid="sypunktebearbeiten">
  <table:table table:name="Tabelle2" table:style-name="Tabelle2">
   <table:table-column table:style-name="Tabelle2.A"/>
   <table:table-column table:style-name="Tabelle2.B"/>
   <table:table-header-rows>
    <table:table-row>
     <table:table-cell table:value-type="string">
      <text:p text:style-name="Paragraph"><draw:image draw:name="Ikon4" svg:desc="Ikon" svg:pixelx="25" svg:pixely="25" svg:width="0.661cm" svg:height="0.661cm" xlink:href="66621" draw:filter-name=""/></text:p>

     </table:table-cell>
     <table:table-cell table:value-type="string">
      <text:p text:style-name="Paragraph">Redigera punkter</text:p>
     </table:table-cell>
    </table:table-row>
   </table:table-header-rows>
  </table:table>
  </help:to-be-embedded></help:to-popup>
  <help:to-popup Eid="schrift2">
  <text:p text:style-name="Paragraph">Välj <text:span text:style-name="T1">Format - Tecken</text:span> (ritfunktioner)</text:p>
  <text:p text:style-name="Paragraph">Öppna snabbmenyn - välj <text:span text:style-name="T1">Tecken</text:span></text:p>
  </help:to-popup>
  <help:to-popup Eid="groesse">
  <text:p text:style-name="Paragraph">Snabbmenyn <text:span text:style-name="T1">Storlek</text:span></text:p>
  </help:to-popup>
  <help:to-popup Eid="stil">
  <text:p text:style-name="Paragraph">Snabbmenyn <text:span text:style-name="T1">Stil</text:span></text:p>
  </help:to-popup>
  <help:to-popup Eid="stilfett">
  <text:p text:style-name="Paragraph">Menyn <text:span text:style-name="T1">Format - Stil - Fet</text:span> (vid ritfunktioner)</text:p>
  <text:p text:style-name="Paragraph">Snabbmenyn <text:span text:style-name="T1">Stil</text:span> - <text:span text:style-name="T1">Fet</text:span></text:p>
  <text:p text:style-name="Paragraph">På <text:span text:style-name="T1">objektlisten</text:span> klickar du på</text:p>
  <help:to-be-embedded Eid="syfett">
  <table:table table:name="Tabelle10" table:style-name="Tabelle10">
   <table:table-column table:style-name="Tabelle10.A"/>
   <table:table-column table:style-name="Tabelle10.B"/>
   <table:table-header-rows>
    <table:table-row>
     <table:table-cell table:value-type="string">
      <text:p text:style-name="Paragraph"><draw:image draw:name="Ikon5" svg:desc="Ikon" svg:pixelx="26" svg:pixely="25" svg:width="0.688cm" svg:height="0.661cm" xlink:href="65575" draw:filter-name=""/></text:p>

     </table:table-cell>
     <table:table-cell table:value-type="string">
      <text:p text:style-name="Paragraph">Fet</text:p>
     </table:table-cell>
    </table:table-row>
   </table:table-header-rows>
  </table:table>
  </help:to-be-embedded></help:to-popup>
  <help:to-popup Eid="stilkursiv">
  <text:p text:style-name="Paragraph">Menyn <text:span text:style-name="T1">Format - Stil - Kursiv</text:span> (vid ritfunktioner)</text:p>
  <text:p text:style-name="Paragraph">Snabbmenyn <text:span text:style-name="T1">Stil</text:span> - <text:span text:style-name="T1">Kursiv</text:span></text:p>
  <text:p text:style-name="Paragraph">På <text:span text:style-name="T1">objektlisten</text:span> klickar du på</text:p>
  <help:to-be-embedded Eid="sykursiv">
  <table:table table:name="Tabelle11" table:style-name="Tabelle11">
   <table:table-column table:style-name="Tabelle11.A"/>
   <table:table-column table:style-name="Tabelle11.B"/>
   <table:table-header-rows>
    <table:table-row>
     <table:table-cell table:value-type="string">
      <text:p text:style-name="Paragraph"><draw:image draw:name="Ikon6" svg:desc="Ikon" svg:pixelx="25" svg:pixely="25" svg:width="0.661cm" svg:height="0.661cm" xlink:href="65576" draw:filter-name=""/></text:p>

     </table:table-cell>
     <table:table-cell table:value-type="string">
      <text:p text:style-name="Paragraph">Kursiv</text:p>
     </table:table-cell>
    </table:table-row>
   </table:table-header-rows>
  </table:table>
  </help:to-be-embedded></help:to-popup>
  <help:to-popup Eid="stilunter">
  <text:p text:style-name="Paragraph">Menyn <text:span text:style-name="T1">Format - Stil - Understrykning</text:span> (vid ritfunktioner)</text:p>
  <text:p text:style-name="Paragraph">Snabbmenyn <text:span text:style-name="T1">Stil</text:span> - <text:span text:style-name="T1">Understrykning</text:span></text:p>
  <text:p text:style-name="Paragraph">På <text:span text:style-name="T1">objektlisten</text:span> klickar du på</text:p>
  <help:to-be-embedded Eid="syunterstreichen">
  <table:table table:name="Tabelle12" table:style-name="Tabelle12">
   <table:table-column table:style-name="Tabelle12.A"/>
   <table:table-column table:style-name="Tabelle12.B"/>
   <table:table-header-rows>
    <table:table-row>
     <table:table-cell table:value-type="string">
      <text:p text:style-name="Paragraph"><draw:image draw:name="Ikon7" svg:desc="Ikon" svg:pixelx="23" svg:pixely="23" svg:width="0.609cm" svg:height="0.609cm" xlink:href="65577" draw:filter-name=""/></text:p>

     </table:table-cell>
     <table:table-cell table:value-type="string">
      <text:p text:style-name="Paragraph">Understruken</text:p>
     </table:table-cell>
    </table:table-row>
   </table:table-header-rows>
  </table:table>
  </help:to-be-embedded></help:to-popup>
  <help:to-popup Eid="stildurch">
  <text:p text:style-name="Paragraph">Menyn <text:span text:style-name="T1">Format - Stil - Genomstruken</text:span> (vid ritfunktioner)</text:p>
  <text:p text:style-name="Paragraph">Snabbmenyn <text:span text:style-name="T1">Stil</text:span> - <text:span text:style-name="T1">Genomstruken</text:span></text:p>
  </help:to-popup>
  <help:to-popup Eid="stilschatten">
  <text:p text:style-name="Paragraph">Menyn <text:span text:style-name="T1">Format - Stil - Skugga</text:span> (vid ritfunktioner)</text:p>
  <text:p text:style-name="Paragraph">Snabbmenyn <text:span text:style-name="T1">Stil</text:span> - <text:span text:style-name="T1">Skugga</text:span></text:p>
  </help:to-popup>
  <help:to-popup Eid="stilkontur">
  <text:p text:style-name="Paragraph">Menyn <text:span text:style-name="T1">Format - Stil - Kontur</text:span> (vid ritfunktioner)</text:p>
  <text:p text:style-name="Paragraph">Snabbmenyn <text:span text:style-name="T1">Stil</text:span> - <text:span text:style-name="T1">Kontur</text:span></text:p>
  </help:to-popup>
  <help:to-popup Eid="stilhoch">
  <text:p text:style-name="Paragraph">Menyn <text:span text:style-name="T1">Format - Stil - Upphöjt</text:span> (vid ritfunktioner)</text:p>
  <text:p text:style-name="Paragraph">Snabbmenyn <text:span text:style-name="T1">Stil</text:span> - <text:span text:style-name="T1">Upphöjt</text:span></text:p>
  </help:to-popup>
  <help:to-popup Eid="stiltief">
  <text:p text:style-name="Paragraph">Menyn <text:span text:style-name="T1">Format - Stil - Nedsänkt</text:span> (vid ritfunktioner)</text:p>
  <text:p text:style-name="Paragraph">Snabbmenyn <text:span text:style-name="T1">Stil - Nedsänkt</text:span></text:p>
  </help:to-popup>
  <help:to-popup Eid="zeilenabstand">
  <text:p text:style-name="Paragraph">Menyn <text:span text:style-name="T1">Format - Radavstånd</text:span> (vid ritfunktioner)</text:p>
  <text:p text:style-name="Paragraph">Snabbmenyn <text:span text:style-name="T1">Radavstånd</text:span></text:p>
  </help:to-popup>
  <help:to-popup Eid="zeilenabstandein">
  <text:p text:style-name="Paragraph">Menyn <text:span text:style-name="T1">Format - Radavstånd - Enradig </text:span><text:s/>(vid ritfunktioner)</text:p>
  <text:p text:style-name="Paragraph">Snabbmenyn <text:span text:style-name="T1">Radavstånd</text:span> - <text:span text:style-name="T1">Enradig</text:span></text:p>
  </help:to-popup>
  <help:to-popup Eid="zeilenabstandeinsfuenf">
  <text:p text:style-name="Paragraph">Menyn <text:span text:style-name="T1">Format - Radavstånd - 1.5 radig </text:span><text:s/>(vid ritfunktioner)</text:p>
  <text:p text:style-name="Paragraph">Snabbmenyn <text:span text:style-name="T1">Radavstånd</text:span> - <text:span text:style-name="T1">1.5 radig</text:span></text:p>
  </help:to-popup>
  <help:to-popup Eid="zeilenabstandzwei">
  <text:p text:style-name="Paragraph">Menyn <text:span text:style-name="T1">Format - Radavstånd - 2-radig </text:span><text:s/>(vid ritfunktioner)</text:p>
  <text:p text:style-name="Paragraph">Snabbmenyn <text:span text:style-name="T1">Radavstånd</text:span> - <text:span text:style-name="T1">2-radig</text:span></text:p>
  </help:to-popup>
  <help:to-popup Eid="linkstext">
  <text:p text:style-name="Paragraph">Menyn <text:span text:style-name="T1">Format - Justering - Vänster </text:span><text:s/>(vid ritfunktioner)</text:p>
  <text:p text:style-name="Paragraph">Snabbmenyn<text:span text:style-name="T1">Justering - Vänster</text:span></text:p>
  <text:p text:style-name="Paragraph">På <text:span text:style-name="T1">objektlisten</text:span> klickar du på</text:p>
  <help:to-be-embedded Eid="sylinksbuendig">
  <table:table table:name="Tabelle3" table:style-name="Tabelle3">
   <table:table-column table:style-name="Tabelle3.A"/>
   <table:table-column table:style-name="Tabelle3.B"/>
   <table:table-header-rows>
    <table:table-row>
     <table:table-cell table:value-type="string">
      <text:p text:style-name="Paragraph"><draw:image draw:name="Ikon8" svg:desc="Ikon" svg:pixelx="25" svg:pixely="25" svg:width="0.661cm" svg:height="0.661cm" xlink:href="66691" draw:filter-name=""/></text:p>

     </table:table-cell>
     <table:table-cell table:value-type="string">
      <text:p text:style-name="Paragraph">Vänsterjusterad</text:p>
     </table:table-cell>
    </table:table-row>
   </table:table-header-rows>
  </table:table>
  </help:to-be-embedded></help:to-popup>
  <help:to-popup Eid="rechtstext">
  <text:p text:style-name="Paragraph">Menyn <text:span text:style-name="T1">Format - Justering - Höger </text:span><text:s/>(vid ritfunktioner)</text:p>
  <text:p text:style-name="Paragraph">Snabbmenyn <text:span text:style-name="T1">Justering - Höger</text:span></text:p>
  <text:p text:style-name="Paragraph">På <text:span text:style-name="T1">objektlisten</text:span> klickar du på</text:p>
  <help:to-be-embedded Eid="syrechtsbuendig">
  <table:table table:name="Tabelle5" table:style-name="Tabelle5">
   <table:table-column table:style-name="Tabelle5.A"/>
   <table:table-column table:style-name="Tabelle5.B"/>
   <table:table-header-rows>
    <table:table-row>
     <table:table-cell table:value-type="string">
      <text:p text:style-name="Paragraph"><draw:image draw:name="Ikon9" svg:desc="Ikon" svg:pixelx="25" svg:pixely="25" svg:width="0.661cm" svg:height="0.661cm" xlink:href="66697" draw:filter-name=""/></text:p>

     </table:table-cell>
     <table:table-cell table:value-type="string">
      <text:p text:style-name="Paragraph">Högerjusterad</text:p>
     </table:table-cell>
    </table:table-row>
   </table:table-header-rows>
  </table:table>
  </help:to-be-embedded></help:to-popup>
  <help:to-popup Eid="zentrierttext">
  <text:p text:style-name="Paragraph">Menyn <text:span text:style-name="T1">Format - Justering - Centrerad </text:span><text:s/>(vid ritfunktioner)</text:p>
  <text:p text:style-name="Paragraph">Snabbmenyn <text:span text:style-name="T1">Justering - Centrerad</text:span></text:p>
  <text:p text:style-name="Paragraph">På <text:span text:style-name="T1">objektlisten</text:span> klickar du på</text:p>
  <help:to-be-embedded Eid="syzentriert">
  <table:table table:name="Tabelle6" table:style-name="Tabelle6">
   <table:table-column table:style-name="Tabelle6.A"/>
   <table:table-column table:style-name="Tabelle6.B"/>
   <table:table-header-rows>
    <table:table-row>
     <table:table-cell table:value-type="string">
      <text:p text:style-name="Paragraph"><draw:image draw:name="Ikon10" svg:desc="Ikon" svg:pixelx="25" svg:pixely="25" svg:width="0.661cm" svg:height="0.661cm" xlink:href="66688" draw:filter-name=""/></text:p>

     </table:table-cell>
     <table:table-cell table:value-type="string">
      <text:p text:style-name="Paragraph"><help:switch select="Program"><help:case select="CALC">Justering centrerat horisontellt</help:case><help:default>Centrerad</help:default></help:switch></text:p>
     </table:table-cell>
    </table:table-row>
   </table:table-header-rows>
  </table:table>
  </help:to-be-embedded></help:to-popup>
  <help:to-popup Eid="blocktext">
  <text:p text:style-name="Paragraph">Menyn <text:span text:style-name="T1">Format - Justering - Marginaljusterad </text:span><text:s/>(vid ritfunktioner)</text:p>
  <text:p text:style-name="Paragraph">Snabbmenyn <text:span text:style-name="T1">Justering - Marginaljusterad</text:span></text:p>
  <text:p text:style-name="Paragraph">På <text:span text:style-name="T1">objektlisten</text:span> klickar du på</text:p>
  <help:to-be-embedded Eid="syblocksatz">
  <table:table table:name="Tabelle7" table:style-name="Tabelle7">
   <table:table-column table:style-name="Tabelle7.A"/>
   <table:table-column table:style-name="Tabelle7.B"/>
   <table:table-header-rows>
    <table:table-row>
     <table:table-cell table:value-type="string">
      <text:p text:style-name="Paragraph"><draw:image draw:name="Ikon11" svg:desc="Ikon" svg:pixelx="25" svg:pixely="25" svg:width="0.661cm" svg:height="0.661cm" xlink:href="66595" draw:filter-name=""/></text:p>

     </table:table-cell>
     <table:table-cell table:value-type="string">
      <text:p text:style-name="Paragraph">Marginaljusterad</text:p>
     </table:table-cell>
    </table:table-row>
   </table:table-header-rows>
  </table:table>
  </help:to-be-embedded></help:to-popup>
  <text:p text:style-name="Paragraph"><help:to-popup Eid="font">Menyn <text:span text:style-name="T1">Format - FontWork</text:span> (vid markerat text-ritobjekt)</help:to-popup></text:p>
  <help:to-popup Eid="gruppe">
  <text:p text:style-name="Paragraph">Menyn <text:span text:style-name="T1">Format - Grupp</text:span></text:p>
  <text:p text:style-name="Paragraph">Snabbmenyn <text:span text:style-name="T1">Grupp</text:span></text:p>
  </help:to-popup>
  <help:to-popup Eid="gruppie">
  <text:p text:style-name="Paragraph">Menyn <text:span text:style-name="T1">Format - Grupp - Gruppera </text:span>(textdokument, tabelldokument)</text:p>
  <text:p text:style-name="Paragraph">Menyn<text:span text:style-name="T1"> Ändra - Gruppera </text:span>(ritning)</text:p>
  <text:p text:style-name="Paragraph">Snabbmenyn <text:span text:style-name="T1">Grupp - Gruppera</text:span> (formulärobjekt)</text:p>
  <text:p text:style-name="Paragraph">På <text:span text:style-name="T1">objektlisten</text:span> i formulärdesignläge klickar du på</text:p>
  <help:to-be-embedded Eid="sygruppieren">
  <table:table table:name="Tabelle13" table:style-name="Tabelle13">
   <table:table-column table:style-name="Tabelle13.A"/>
   <table:table-column table:style-name="Tabelle13.B"/>
   <table:table-header-rows>
    <table:table-row>
     <table:table-cell table:value-type="string">
      <text:p text:style-name="Paragraph"><draw:image draw:name="Ikon12" svg:desc="Ikon" svg:pixelx="25" svg:pixely="25" svg:width="0.661cm" svg:height="0.661cm" xlink:href="65965" draw:filter-name=""/></text:p>

     </table:table-cell>
     <table:table-cell table:value-type="string">
      <text:p text:style-name="Paragraph">Gruppering</text:p>
     </table:table-cell>
    </table:table-row>
   </table:table-header-rows>
  </table:table>
  </help:to-be-embedded></help:to-popup>
  <help:to-popup Eid="gruppieauf">
  <text:p text:style-name="Paragraph">Menyn <text:span text:style-name="T1">Format - Grupp - Upphäva </text:span>(textdokument, tabelldokument, vid markerad grupp)</text:p>
  <text:p text:style-name="Paragraph">Menyn <text:span text:style-name="T1">Ändra - Upphäv gruppering </text:span>(ritning)</text:p>
  <text:p text:style-name="Paragraph">Snabbmenyn <text:span text:style-name="T1">Upphäv gruppering</text:span></text:p>
  <text:p text:style-name="Paragraph">Ikon på objektlisten vid formulärutkast:</text:p>
  <help:to-be-embedded Eid="sygrupaufh">
  <table:table table:name="Tabelle14" table:style-name="Tabelle14">
   <table:table-column table:style-name="Tabelle14.A"/>
   <table:table-column table:style-name="Tabelle14.B"/>
   <table:table-header-rows>
    <table:table-row>
     <table:table-cell table:value-type="string">
      <text:p text:style-name="Paragraph"><draw:image draw:name="Ikon13" svg:desc="Ikon" svg:pixelx="25" svg:pixely="25" svg:width="0.661cm" svg:height="0.661cm" xlink:href="65963" draw:filter-name=""/></text:p>

     </table:table-cell>
     <table:table-cell table:value-type="string">
      <text:p text:style-name="Paragraph">Upphäv gruppering</text:p>
     </table:table-cell>
    </table:table-row>
   </table:table-header-rows>
  </table:table>
  </help:to-be-embedded></help:to-popup>
  <help:to-popup Eid="adngvl">
  <text:p text:style-name="Paragraph">Menyn <text:span text:style-name="T1">Format - Grupp - Lämna </text:span>(textdokument, tabelldokument, vid markerat objekt inom gruppen)</text:p>
  <text:p text:style-name="Paragraph">Menyn<text:span text:style-name="T1"> Ändra - Lämna gruppering </text:span><text:s/>(teckning)</text:p>
  <text:p text:style-name="Paragraph">Snabbmenyn <text:span text:style-name="T1">Lämna gruppering</text:span></text:p>
  <text:p text:style-name="Paragraph">På <text:span text:style-name="T1">objektlisten</text:span> i formulärdesignläge klickar du på</text:p>
  <help:to-be-embedded Eid="sygrupverl">
  <table:table table:name="Tabelle16" table:style-name="Tabelle16">
   <table:table-column table:style-name="Tabelle16.A"/>
   <table:table-column table:style-name="Tabelle16.B"/>
   <table:table-header-rows>
    <table:table-row>
     <table:table-cell table:value-type="string">
      <text:p text:style-name="Paragraph"><draw:image draw:name="Ikon14" svg:desc="Ikon" svg:pixelx="25" svg:pixely="25" svg:width="0.661cm" svg:height="0.661cm" xlink:href="65966" draw:filter-name=""/></text:p>

     </table:table-cell>
     <table:table-cell table:value-type="string">
      <text:p text:style-name="Paragraph">Lämna gruppering</text:p>
     </table:table-cell>
    </table:table-row>
   </table:table-header-rows>
  </table:table>
  </help:to-be-embedded></help:to-popup>
  <help:to-popup Eid="adngte">
  <text:p text:style-name="Paragraph">Menyn <text:span text:style-name="T1">Format - Grupp - Gå in i</text:span> (textdokument, tabelldokument, vid markerad grupp)</text:p>
  <text:p text:style-name="Paragraph">Menyn <text:span text:style-name="T1">Ändra - Gå in i gruppering</text:span>(teckning)</text:p>
  <text:p text:style-name="Paragraph">Snabbmenyn <text:span text:style-name="T1">Gå in i gruppering</text:span></text:p>
  <text:p text:style-name="Paragraph">På <text:span text:style-name="T1">objektlisten</text:span> i formulärdesignläge klickar du på</text:p>
  <help:to-be-embedded Eid="sygrupbetr">
  <table:table table:name="Tabelle15" table:style-name="Tabelle15">
   <table:table-column table:style-name="Tabelle15.A"/>
   <table:table-column table:style-name="Tabelle15.B"/>
   <table:table-header-rows>
    <table:table-row>
     <table:table-cell table:value-type="string">
      <text:p text:style-name="Paragraph"><draw:image draw:name="Ikon15" svg:desc="Ikon" svg:pixelx="25" svg:pixely="25" svg:width="0.661cm" svg:height="0.661cm" xlink:href="65964" draw:filter-name=""/></text:p>

     </table:table-cell>
     <table:table-cell table:value-type="string">
      <text:p text:style-name="Paragraph">Gå in i gruppering</text:p>
     </table:table-cell>
    </table:table-row>
   </table:table-header-rows>
  </table:table>
  </help:to-be-embedded></help:to-popup>
 </office:body>
</office:document>
