

<office:document  xmlns:office="http://openoffice.org/2000/office" xmlns:style="http://openoffice.org/2000/style" xmlns:text="http://openoffice.org/2000/text" xmlns:table="http://openoffice.org/2000/table" xmlns:draw="http://openoffice.org/2000/drawing" xmlns:fo="http://www.w3.org/1999/XSL/Format" xmlns:xlink="http://www.w3.org/1999/xlink" xmlns:number="http://openoffice.org/2000/datastyle" xmlns:svg="http://www.w3.org/2000/svg" xmlns:chart="http://openoffice.org/2000/chart" xmlns:dr3d="http://openoffice.org/2000/dr3d" xmlns:math="http://www.w3.org/1998/Math/MathML" xmlns:form="http://openoffice.org/2000/form" xmlns:script="http://openoffice.org/2000/script" office:class="text" office:version="1.0" xmlns:dc="http://purl.org/dc/elements/1.1/" xmlns:meta="http://openoffice.org/2000/meta" xmlns:help="http://openoffice.org/2000/help">
<office:meta>
  <dc:description>text/common/00/01010000</dc:description>
  <dc:subject>Snabbmeny Gallery</dc:subject>

  <dc:language>sv-SE</dc:language>
  <meta:user-defined meta:name="Info 0">READY</meta:user-defined>
  <meta:user-defined meta:name="Info 1">FREE_OK</meta:user-defined>
  <meta:user-defined meta:name="Info 2">NOINDEX</meta:user-defined>
  <meta:user-defined meta:name="Info 3"/>
</office:meta>
 <office:script/>
 <office:font-decls>
  <style:font-decl style:name="StarSymbol" fo:font-family="StarSymbol" style:font-charset="x-symbol"/>
  <style:font-decl style:name="Courier New" fo:font-family="&apos;Courier New&apos;" style:font-style-name="Standard" style:font-family-generic="modern" style:font-pitch="fixed"/>
  <style:font-decl style:name="Courier" fo:font-family="Courier" style:font-family-generic="roman" style:font-pitch="fixed"/>
  <style:font-decl style:name="Arial Unicode MS" fo:font-family="&apos;Arial Unicode MS&apos;" style:font-pitch="variable"/>
  <style:font-decl style:name="HG Mincho Light J" fo:font-family="&apos;HG Mincho Light J&apos;" style:font-pitch="variable"/>
  <style:font-decl style:name="Times New Roman3" fo:font-family="&apos;Times New Roman&apos;" style:font-pitch="variable"/>
  <style:font-decl style:name="Thorndale" fo:font-family="Thorndale" style:font-family-generic="roman" style:font-pitch="variable"/>
  <style:font-decl style:name="Times New Roman2" fo:font-family="&apos;Times New Roman&apos;" style:font-style-name="Fett" style:font-family-generic="roman" style:font-pitch="variable"/>
  <style:font-decl style:name="Times New Roman" fo:font-family="&apos;Times New Roman&apos;" style:font-style-name="Standard" style:font-family-generic="roman" style:font-pitch="variable"/>
  <style:font-decl style:name="Times New Roman1" fo:font-family="&apos;Times New Roman&apos;" style:font-family-generic="swiss" style:font-pitch="variable"/>
 </office:font-decls>
 <office:automatic-styles>
  <style:style style:name="P1" style:family="paragraph" style:parent-style-name="Paragraph" style:master-page-name="HTML">
   <style:properties style:page-number="0"/>
  </style:style>
  <style:style style:name="T1" style:family="text">
   <style:properties fo:font-weight="bold"/>
  </style:style>
 </office:automatic-styles>
 <office:body>
  <text:variable-decls>
   <text:variable-decl text:value-type="string" text:name="HTML_ON"/>
   <text:variable-decl text:value-type="string" text:name="HTML_OFF"/>
   <text:variable-decl text:value-type="string" text:name="TITEL"/>
   <text:variable-decl text:value-type="string" text:name="END"/>
   <text:variable-decl text:value-type="string" text:name="OS2"/>
   <text:variable-decl text:value-type="string" text:name="ELSE"/>
   <text:variable-decl text:value-type="string" text:name="NAME"/>
   <text:variable-decl text:value-type="string" text:name="MAC"/>
   <text:variable-decl text:value-type="string" text:name="HREF"/>
   <text:variable-decl text:value-type="string" text:name="MODIFY"/>
   <text:variable-decl text:value-type="string" text:name="REFNR"/>
   <text:variable-decl text:value-type="string" text:name="HelpID"/>
   <text:variable-decl text:value-type="string" text:name="HFELD"/>
   <text:variable-decl text:value-type="string" text:name="WIN"/>
   <text:variable-decl text:value-type="string" text:name="AKTHLP"/>
  </text:variable-decls>
  <text:sequence-decls>
   <text:sequence-decl text:display-outline-level="0" text:name="Illustration"/>
   <text:sequence-decl text:display-outline-level="0" text:name="Table"/>
   <text:sequence-decl text:display-outline-level="0" text:name="Text"/>
   <text:sequence-decl text:display-outline-level="0" text:name="Drawing"/>
  </text:sequence-decls>
  <text:p text:style-name="P1"/>
  <text:p text:style-name="Head 1">Snabbmeny Gallery</text:p>
  <text:p text:style-name="Head 2"><help:help-id value="HID_GALLERY_MN_ADDMENU"/>Lägg till</text:p>
  <text:p text:style-name="Paragraph"><help:help-text value="visible">Bestämmer hur ett markerat grafiskt objekt infogas i ett dokument.</help:help-text></text:p>
  <text:p text:style-name="Head 3"><help:help-id value="HID_GALLERY_MN_ADD"/>Kopia</text:p>
  <text:p text:style-name="Paragraph"><help:help-text value="visible">Infogar en kopia av det markerade grafiska objektet direkt i dokumentet.</help:help-text> Det finns ingen länk till det ursprungliga grafikobjektet. Dokument som sparats efter att &quot;Kopiera&quot; har använts kräver mer lagringsutrymme än om &quot;Länka&quot; använts.</text:p>
  <text:p text:style-name="Head 3"><help:help-id value="HID_GALLERY_MN_ADD_LINK"/>Länk</text:p>
  <text:p text:style-name="Paragraph"><help:help-text value="visible">Infogar den markerade bilden som en länk.</help:help-text> Ett länkat grafiskt objekt är en referens till originalet. Fördelen med en länk är att den kräver mindre lagringsutrymme än en kopia av originalet.</text:p>
  <text:p text:style-name="Head 2"><help:switch select="Program"><help:case select="WRITER">Bakgrund</help:case></help:switch></text:p>
  <text:p text:style-name="Paragraph"><help:switch select="Program"><help:case select="WRITER">Anger hur bakgrundsgrafiken förankrats.</help:case></help:switch></text:p>
  <text:p text:style-name="Head 3"><help:switch select="Program"><help:case select="WRITER">Sida</help:case></help:switch></text:p>
  <text:p text:style-name="Paragraph"><help:switch select="Program"><help:case select="WRITER">Förankrar grafiken på sidan.</help:case></help:switch></text:p>
  <text:p text:style-name="Head 3"><help:switch select="Program"><help:case select="WRITER">Stycke</help:case></help:switch></text:p>
  <text:p text:style-name="Paragraph"><help:switch select="Program"><help:case select="WRITER">Förankrar grafiken vid ett stycke.</help:case></help:switch></text:p>
  <text:p text:style-name="Head 2"><help:help-id value="HID_GALLERY_MN_PREVIEW"/>Förhandsvisning</text:p>
  <text:p text:style-name="Paragraph"><help:help-text value="visible">Med alternativet <text:span text:style-name="T1">Förhandsgranskning</text:span> visar du den markerade grafiken.</help:help-text> Välj <text:span text:style-name="T1">Förhandsgranskning</text:span> igen om du vill återställa den ursprungliga vyn. Du kan även växla mellan förhandsgranskning av och på genom att dubbelklicka på grafiken eller trycka på blanksteg.</text:p>
  <text:p text:style-name="Head 2"><help:help-id value="HID_GALLERY_TITLE"/><help:help-id value="SVX_EDIT_RID_SVXDLG_GALLERY_TITLE_EDT_TITLE"/>Namn</text:p>
  <text:p text:style-name="Paragraph"><help:help-text value="visible">Tilldelar ett markerat Gallery-objekt en rubrik.</help:help-text> Gallery-temat får inte vara skrivskyddat. När du stänger dialogrutan <text:span text:style-name="T1">Ange namn</text:span> med OK anges rubriken. När det gäller länkade objekt visas källsökvägen efter rubriken, inom parentes.</text:p>
  <text:p text:style-name="Head 2"><help:help-id value="HID_GALLERY_MN_DELETE"/>Radera</text:p>
  <text:p text:style-name="Paragraph"><help:help-text value="visible">Tar bort det markerade grafiska objektet efter en bekräftelse.</help:help-text></text:p>
 </office:body>
</office:document>
