

<office:document  xmlns:office="http://openoffice.org/2000/office" xmlns:style="http://openoffice.org/2000/style" xmlns:text="http://openoffice.org/2000/text" xmlns:table="http://openoffice.org/2000/table" xmlns:draw="http://openoffice.org/2000/drawing" xmlns:fo="http://www.w3.org/1999/XSL/Format" xmlns:xlink="http://www.w3.org/1999/xlink" xmlns:number="http://openoffice.org/2000/datastyle" xmlns:svg="http://www.w3.org/2000/svg" xmlns:chart="http://openoffice.org/2000/chart" xmlns:dr3d="http://openoffice.org/2000/dr3d" xmlns:math="http://www.w3.org/1998/Math/MathML" xmlns:form="http://openoffice.org/2000/form" xmlns:script="http://openoffice.org/2000/script" office:class="text" office:version="1.0" xmlns:dc="http://purl.org/dc/elements/1.1/" xmlns:meta="http://openoffice.org/2000/meta" xmlns:help="http://openoffice.org/2000/help">
<office:meta>
  <dc:description>text/common/02/01170102</dc:description>
  <dc:subject>데이터</dc:subject>
  <meta:keywords>
   <meta:keyword>$Version</meta:keyword>
  </meta:keywords>
  <dc:language>ko-KR</dc:language>
  <meta:user-defined meta:name="Info 0">READY</meta:user-defined>
  <meta:user-defined meta:name="Info 1">FREE_OK</meta:user-defined>
  <meta:user-defined meta:name="Info 2"/>
  <meta:user-defined meta:name="Info 3"/>
</office:meta>
 <office:script/>
 <office:font-decls>
  <style:font-decl style:name="StarSymbol" fo:font-family="StarSymbol" style:font-charset="x-symbol"/>
  <style:font-decl style:name="Courier New" fo:font-family="&apos;Courier New&apos;" style:font-style-name="Standard" style:font-family-generic="modern" style:font-pitch="fixed"/>
  <style:font-decl style:name="Courier" fo:font-family="Courier" style:font-family-generic="roman" style:font-pitch="fixed"/>
  <style:font-decl style:name="Andale WT UI3" fo:font-family="&apos;Andale WT UI&apos;" style:font-pitch="variable"/>
  <style:font-decl style:name="Arial Unicode MS" fo:font-family="&apos;Arial Unicode MS&apos;" style:font-pitch="variable"/>
  <style:font-decl style:name="HG Mincho Light J" fo:font-family="&apos;HG Mincho Light J&apos;" style:font-pitch="variable"/>
  <style:font-decl style:name="Andale WT UI" fo:font-family="&apos;Andale WT UI&apos;" style:font-style-name="Fett" style:font-family-generic="roman" style:font-pitch="variable"/>
  <style:font-decl style:name="Andale WT UI1" fo:font-family="&apos;Andale WT UI&apos;" style:font-style-name="Standard" style:font-family-generic="roman" style:font-pitch="variable"/>
  <style:font-decl style:name="Thorndale" fo:font-family="Thorndale" style:font-family-generic="roman" style:font-pitch="variable"/>
  <style:font-decl style:name="Times New Roman" fo:font-family="&apos;Times New Roman&apos;" style:font-style-name="Fett" style:font-family-generic="roman" style:font-pitch="variable"/>
  <style:font-decl style:name="Andale WT UI2" fo:font-family="&apos;Andale WT UI&apos;" style:font-family-generic="swiss" style:font-pitch="variable"/>
 </office:font-decls>
 <office:automatic-styles>
  <style:style style:name="Tabelle2" style:family="table">
   <style:properties style:width="18cm" table:align="margins"/>
  </style:style>
  <style:style style:name="Tabelle2.A" style:family="table-column">
   <style:properties style:column-width="1.499cm" style:rel-column-width="5460*"/>
  </style:style>
  <style:style style:name="Tabelle2.B" style:family="table-column">
   <style:properties style:column-width="16.501cm" style:rel-column-width="60075*"/>
  </style:style>
  <style:style style:name="Tabelle2.1" style:family="table-row">
   <style:properties style:min-row-height="0.848cm"/>
  </style:style>
  <style:style style:name="Tabelle2.A1" style:family="table-cell">
   <style:properties fo:padding="0cm" fo:border="none"/>
  </style:style>
  <style:style style:name="Tabelle5" style:family="table">
   <style:properties style:width="18cm" table:align="margins"/>
  </style:style>
  <style:style style:name="Tabelle5.A" style:family="table-column">
   <style:properties style:column-width="1.499cm" style:rel-column-width="5460*"/>
  </style:style>
  <style:style style:name="Tabelle5.B" style:family="table-column">
   <style:properties style:column-width="16.501cm" style:rel-column-width="60075*"/>
  </style:style>
  <style:style style:name="Tabelle5.1" style:family="table-row">
   <style:properties style:min-row-height="0.848cm"/>
  </style:style>
  <style:style style:name="Tabelle5.A1" style:family="table-cell">
   <style:properties fo:padding="0cm" fo:border="none"/>
  </style:style>
  <style:style style:name="Tabelle4" style:family="table">
   <style:properties style:width="17.995cm" fo:margin-left="0cm" fo:margin-right="0.005cm" table:align="margins"/>
  </style:style>
  <style:style style:name="Tabelle4.A" style:family="table-column">
   <style:properties style:column-width="5.152cm" style:rel-column-width="18761*"/>
  </style:style>
  <style:style style:name="Tabelle4.B" style:family="table-column">
   <style:properties style:column-width="12.843cm" style:rel-column-width="46774*"/>
  </style:style>
  <style:style style:name="Tabelle4.A1" style:family="table-cell">
   <style:properties fo:padding="0.049cm" fo:border-left="0.002cm solid #000000" fo:border-right="none" fo:border-top="0.002cm solid #000000" fo:border-bottom="0.002cm solid #000000"/>
  </style:style>
  <style:style style:name="Tabelle4.B1" style:family="table-cell">
   <style:properties fo:padding="0.049cm" fo:border="0.002cm solid #000000"/>
  </style:style>
  <style:style style:name="Tabelle4.A2" style:family="table-cell">
   <style:properties fo:vertical-align="top" fo:padding="0.049cm" fo:border-left="0.002cm solid #000000" fo:border-right="none" fo:border-top="none" fo:border-bottom="0.002cm solid #000000"/>
  </style:style>
  <style:style style:name="Tabelle4.B2" style:family="table-cell">
   <style:properties fo:padding="0.049cm" fo:border-left="0.002cm solid #000000" fo:border-right="0.002cm solid #000000" fo:border-top="none" fo:border-bottom="0.002cm solid #000000"/>
  </style:style>
  <style:style style:name="Tabelle3" style:family="table">
   <style:properties style:width="17.995cm" fo:margin-left="0cm" fo:margin-right="0.005cm" table:align="margins"/>
  </style:style>
  <style:style style:name="Tabelle3.A" style:family="table-column">
   <style:properties style:column-width="5.152cm" style:rel-column-width="18761*"/>
  </style:style>
  <style:style style:name="Tabelle3.B" style:family="table-column">
   <style:properties style:column-width="12.843cm" style:rel-column-width="46774*"/>
  </style:style>
  <style:style style:name="Tabelle3.A1" style:family="table-cell">
   <style:properties fo:padding="0.049cm" fo:border-left="0.002cm solid #000000" fo:border-right="none" fo:border-top="0.002cm solid #000000" fo:border-bottom="0.002cm solid #000000"/>
  </style:style>
  <style:style style:name="Tabelle3.B1" style:family="table-cell">
   <style:properties fo:padding="0.049cm" fo:border="0.002cm solid #000000"/>
  </style:style>
  <style:style style:name="Tabelle3.A2" style:family="table-cell">
   <style:properties fo:vertical-align="top" fo:padding="0.049cm" fo:border-left="0.002cm solid #000000" fo:border-right="none" fo:border-top="none" fo:border-bottom="0.002cm solid #000000"/>
  </style:style>
  <style:style style:name="Tabelle3.B2" style:family="table-cell">
   <style:properties fo:padding="0.049cm" fo:border-left="0.002cm solid #000000" fo:border-right="0.002cm solid #000000" fo:border-top="none" fo:border-bottom="0.002cm solid #000000"/>
  </style:style>
  <style:style style:name="Tabelle1" style:family="table">
   <style:properties style:width="18cm" table:align="margins"/>
  </style:style>
  <style:style style:name="Tabelle1.A" style:family="table-column">
   <style:properties style:column-width="4.5cm" style:rel-column-width="16383*"/>
  </style:style>
  <style:style style:name="Tabelle1.D" style:family="table-column">
   <style:properties style:column-width="4.501cm" style:rel-column-width="16386*"/>
  </style:style>
  <style:style style:name="Tabelle1.A1" style:family="table-cell">
   <style:properties fo:padding="0.049cm" fo:border-left="0.002cm solid #000000" fo:border-right="none" fo:border-top="0.002cm solid #000000" fo:border-bottom="0.002cm solid #000000"/>
  </style:style>
  <style:style style:name="Tabelle1.D1" style:family="table-cell">
   <style:properties fo:padding="0.049cm" fo:border="0.002cm solid #000000"/>
  </style:style>
  <style:style style:name="Tabelle1.A2" style:family="table-cell">
   <style:properties fo:padding="0.049cm" fo:border-left="0.002cm solid #000000" fo:border-right="none" fo:border-top="none" fo:border-bottom="0.002cm solid #000000"/>
  </style:style>
  <style:style style:name="Tabelle1.D2" style:family="table-cell">
   <style:properties fo:padding="0.049cm" fo:border-left="0.002cm solid #000000" fo:border-right="0.002cm solid #000000" fo:border-top="none" fo:border-bottom="0.002cm solid #000000"/>
  </style:style>
  <style:style style:name="P1" style:family="paragraph" style:parent-style-name="Paragraph" style:master-page-name="HTML">
   <style:properties style:page-number="0"/>
  </style:style>
  <style:style style:name="P2" style:family="paragraph" style:parent-style-name="Paragraph" style:list-style-name="L1"/>
  <style:style style:name="P3" style:family="paragraph" style:parent-style-name="Paragraph" style:list-style-name="L2"/>
  <style:style style:name="P4" style:family="paragraph" style:parent-style-name="Paragraph">
   <style:properties fo:font-weight="bold"/>
  </style:style>
  <style:style style:name="T1" style:family="text">
   <style:properties fo:font-weight="bold"/>
  </style:style>
  <style:style style:name="fr1" style:family="graphics" style:parent-style-name="Graphics">
   <style:properties fo:margin-left="0cm" fo:margin-right="0cm" fo:margin-top="0cm" fo:margin-bottom="0cm" style:run-through="foreground" style:wrap="run-through" style:vertical-pos="middle" style:vertical-rel="paragraph" style:horizontal-pos="left" style:horizontal-rel="paragraph" style:mirror="none" fo:clip="rect(0cm 0cm 0cm 0cm)" draw:luminance="0%" draw:contrast="0%" draw:red="0%" draw:green="0%" draw:blue="0%" draw:gamma="1" draw:color-inversion="false" draw:transparency="-100%" draw:color-mode="standard"/>
  </style:style>
  <text:list-style style:name="L1">
   <text:list-level-style-bullet text:level="1" text:style-name="Bullet Symbols" style:num-suffix="." text:bullet-char="•">
    <style:properties text:min-label-width="0.499cm" style:font-name="StarSymbol"/>
   </text:list-level-style-bullet>
   <text:list-level-style-bullet text:level="2" text:style-name="Bullet Symbols" style:num-suffix="." text:bullet-char="•">
    <style:properties text:space-before="0.499cm" text:min-label-width="0.499cm" style:font-name="StarSymbol"/>
   </text:list-level-style-bullet>
   <text:list-level-style-bullet text:level="3" text:style-name="Bullet Symbols" style:num-suffix="." text:bullet-char="•">
    <style:properties text:space-before="0.999cm" text:min-label-width="0.499cm" style:font-name="StarSymbol"/>
   </text:list-level-style-bullet>
   <text:list-level-style-bullet text:level="4" text:style-name="Bullet Symbols" style:num-suffix="." text:bullet-char="•">
    <style:properties text:space-before="1.498cm" text:min-label-width="0.499cm" style:font-name="StarSymbol"/>
   </text:list-level-style-bullet>
   <text:list-level-style-bullet text:level="5" text:style-name="Bullet Symbols" style:num-suffix="." text:bullet-char="•">
    <style:properties text:space-before="1.997cm" text:min-label-width="0.499cm" style:font-name="StarSymbol"/>
   </text:list-level-style-bullet>
   <text:list-level-style-number text:level="6" style:num-suffix="." style:num-format="1">
    <style:properties text:space-before="2.501cm" text:min-label-width="0.499cm"/>
   </text:list-level-style-number>
   <text:list-level-style-number text:level="7" style:num-suffix="." style:num-format="1">
    <style:properties text:space-before="3.001cm" text:min-label-width="0.499cm"/>
   </text:list-level-style-number>
   <text:list-level-style-number text:level="8" style:num-suffix="." style:num-format="1">
    <style:properties text:space-before="3.502cm" text:min-label-width="0.499cm"/>
   </text:list-level-style-number>
   <text:list-level-style-number text:level="9" style:num-suffix="." style:num-format="1">
    <style:properties text:space-before="4.001cm" text:min-label-width="0.499cm"/>
   </text:list-level-style-number>
   <text:list-level-style-number text:level="10" style:num-suffix="." style:num-format="1">
    <style:properties text:space-before="4.502cm" text:min-label-width="0.499cm"/>
   </text:list-level-style-number>
  </text:list-style>
  <text:list-style style:name="L2">
   <text:list-level-style-bullet text:level="1" text:style-name="Bullet Symbols" style:num-suffix="." text:bullet-char="•">
    <style:properties text:min-label-width="0.499cm" style:font-name="StarSymbol"/>
   </text:list-level-style-bullet>
   <text:list-level-style-bullet text:level="2" text:style-name="Bullet Symbols" style:num-suffix="." text:bullet-char="•">
    <style:properties text:space-before="0.499cm" text:min-label-width="0.499cm" style:font-name="StarSymbol"/>
   </text:list-level-style-bullet>
   <text:list-level-style-bullet text:level="3" text:style-name="Bullet Symbols" style:num-suffix="." text:bullet-char="•">
    <style:properties text:space-before="0.999cm" text:min-label-width="0.499cm" style:font-name="StarSymbol"/>
   </text:list-level-style-bullet>
   <text:list-level-style-bullet text:level="4" text:style-name="Bullet Symbols" style:num-suffix="." text:bullet-char="•">
    <style:properties text:space-before="1.498cm" text:min-label-width="0.499cm" style:font-name="StarSymbol"/>
   </text:list-level-style-bullet>
   <text:list-level-style-bullet text:level="5" text:style-name="Bullet Symbols" style:num-suffix="." text:bullet-char="•">
    <style:properties text:space-before="1.997cm" text:min-label-width="0.499cm" style:font-name="StarSymbol"/>
   </text:list-level-style-bullet>
   <text:list-level-style-number text:level="6" style:num-suffix="." style:num-format="1">
    <style:properties text:space-before="2.501cm" text:min-label-width="0.499cm"/>
   </text:list-level-style-number>
   <text:list-level-style-number text:level="7" style:num-suffix="." style:num-format="1">
    <style:properties text:space-before="3.001cm" text:min-label-width="0.499cm"/>
   </text:list-level-style-number>
   <text:list-level-style-number text:level="8" style:num-suffix="." style:num-format="1">
    <style:properties text:space-before="3.502cm" text:min-label-width="0.499cm"/>
   </text:list-level-style-number>
   <text:list-level-style-number text:level="9" style:num-suffix="." style:num-format="1">
    <style:properties text:space-before="4.001cm" text:min-label-width="0.499cm"/>
   </text:list-level-style-number>
   <text:list-level-style-number text:level="10" style:num-suffix="." style:num-format="1">
    <style:properties text:space-before="4.502cm" text:min-label-width="0.499cm"/>
   </text:list-level-style-number>
  </text:list-style>
 </office:automatic-styles>
 <office:body>
  <text:variable-decls>
   <text:variable-decl text:value-type="string" text:name="HTML_ON"/>
   <text:variable-decl text:value-type="string" text:name="HTML_OFF"/>
   <text:variable-decl text:value-type="string" text:name="TITEL"/>
   <text:variable-decl text:value-type="string" text:name="END"/>
   <text:variable-decl text:value-type="string" text:name="HelpID"/>
   <text:variable-decl text:value-type="string" text:name="NAME"/>
   <text:variable-decl text:value-type="string" text:name="HREF"/>
   <text:variable-decl text:value-type="string" text:name="MODIFY"/>
   <text:variable-decl text:value-type="string" text:name="REFNR"/>
   <text:variable-decl text:value-type="string" text:name="OS2"/>
   <text:variable-decl text:value-type="string" text:name="ELSE"/>
   <text:variable-decl text:value-type="string" text:name="AKTHLP"/>
   <text:variable-decl text:value-type="string" text:name="KEY"/>
   <text:variable-decl text:value-type="string" text:name="INDEX"/>
   <text:variable-decl text:value-type="string" text:name="STYLE"/>
  </text:variable-decls>
  <text:sequence-decls>
   <text:sequence-decl text:display-outline-level="0" text:name="Illustration"/>
   <text:sequence-decl text:display-outline-level="0" text:name="Table"/>
   <text:sequence-decl text:display-outline-level="0" text:name="Text"/>
   <text:sequence-decl text:display-outline-level="0" text:name="Drawing"/>
  </text:sequence-decls>
  <help:to-be-embedded Eid="daten">
  <text:p text:style-name="Head 1"><help:link Id="65983">데이터</help:link></text:p>
  <text:p text:style-name="Paragraph">[데이터] 탭 페이지에서는 선택한 컨트롤에 데이터 원본을 할당할 수 있습니다.</text:p>
  </help:to-be-embedded>
  <help:popup Id="65594" Eid="controleigenschaftendaten"><help:embedded Id="65598" Eid="wie"></help:embedded></help:popup>
  <table:table table:name="Tabelle2" table:style-name="Tabelle2">
   <table:table-column table:style-name="Tabelle2.A"/>
   <table:table-column table:style-name="Tabelle2.B"/>
   <table:table-header-rows>
    <table:table-row table:style-name="Tabelle2.1">
     <table:table-cell table:style-name="Tabelle2.A1" table:value-type="string">
      <text:p text:style-name="Paragraph"><draw:image draw:name="아이콘0" svg:desc="참고 아이콘" svg:pixelx="32" svg:pixely="32" svg:width="0.847cm" svg:height="0.847cm" xlink:href="65980" draw:filter-name=""/></text:p>

     </table:table-cell>
     <table:table-cell table:style-name="Tabelle2.A1" table:value-type="string">
      <text:p text:style-name="Paragraph">데이터베이스와 연결된 양식에 속하는 데이터베이스는 <help:link Id="65960">양식 등록 정보</help:link>에서 정의됩니다. 이에 대한 기능은 <help:link Id="65955"><text:span text:style-name="T1">데이터</text:span></help:link>-탭에서 볼 수 있습니다.</text:p>
     </table:table-cell>
    </table:table-row>
   </table:table-header-rows>
  </table:table>
  <text:p text:style-name="Paragraph">컨트롤 [데이터] 탭 페이지의 가능한 설정은 해당 컨트롤에 따라 달라집니다. 현재 컨트롤과 컨텍스트에 사용할 수 있는 옵션만 표시됩니다. 다음 필드를 사용할 수 있습니다.</text:p>
  <text:p text:style-name="Head 2"><help:help-id value="HID_PROP_CONTROLSOURCE"/>데이터 필드</text:p>
  <text:p text:style-name="Paragraph"><help:help-text value="hide">컨트롤이 참조하는 데이터 원본 테이블의 필드를 지정합니다.</help:help-text>데이터베이스 양식을 사용하면 컨트롤을 데이터 필드와 연결할 수 있습니다.</text:p>
  <text:p text:style-name="Paragraph">필드를 사용하는 경우는 여러 가지입니다.</text:p>
  <text:unordered-list text:style-name="L1">
   <text:list-item>
    <text:p text:style-name="P2">사례 1: 양식에 하나의 테이블만 있습니다.</text:p>
    <text:p text:style-name="P2">내용을 표시할 데이터 원본 테이블의 필드를 [데이터 필드]에 지정합니다.</text:p>
   </text:list-item>
   <text:list-item>
    <text:p text:style-name="P2">사례 2: SQL 쿼리로 만들어진 하위 양식에 컨트롤이 포함되어 있습니다.</text:p>
    <text:p text:style-name="P2">내용을 표시할 SQL 문의 필드를 [데이터 필드]에 지정합니다.</text:p>
   </text:list-item>
  </text:unordered-list>
  <text:unordered-list text:style-name="L2">
   <text:list-item>
    <text:p text:style-name="P3">사례 3: <help:link Id="65956" Eid="kombinationsfelder">콤보 상자</help:link></text:p>
    <text:p text:style-name="P3">콤보 상자의 경우 <text:span text:style-name="T1">데이터 필드</text:span>에서 사용자가 입력하거나 선택한 값이 저장될 현재 양식 표의 필드를 지정하십시오. (콤보 상자의 목록에 표시된 값은 <text:span text:style-name="T1">목록 내용</text:span>에 입력된 SQL 문을 통해 지정됩니다.)</text:p>
   </text:list-item>
   <text:list-item>
    <text:p text:style-name="P3">사례 4: <help:link Id="65956" Eid="listenfelder">목록 상자</help:link></text:p>
    <text:p text:style-name="P3">데이터 원본 테이블에는 표시할 데이터는 포함되어 있지 않고 일반 데이터 필드를 통해 데이터 원본 테이블에 연결된 테이블을 포함합니다.</text:p>
    <text:p text:style-name="P3">현재 데이터 원본 테이블에 연결된 테이블의 데이터를 목록 상자에 표시하려면 목록 상자 내용이 참조할 데이터 원본 테이블의 필드를 [데이터 필드]에서 지정합니다. 또는 양식의 데이터 표시를 제어하는 데이터베이스를 지정할 수 있습니다. 양쪽 테이블을 일반 데이터 필드를 통해 연결할 수 있는 경우 이 데이터 필드는 다른 테이블에 대한 링크를 제공합니다. 고유한 ID 번호를 저장하는 데이터 필드가 대개 여기에 해당합니다. 내용이 양식에 표시되는 데이터 필드는 [목록 내용]에서 SQL 문에 의해 지정됩니다.</text:p>
   </text:list-item>
  </text:unordered-list>
  <text:p text:style-name="Paragraph">목록 필드는 참조를 사용하여 작업합니다. 목록 필드는 연결된 표과 함께 SQL 문을 통해 실행되거나 <text:s/>(4 번째 경우) 값 목록을 통해 실행됩니다:</text:p>
  <text:p text:style-name="Paragraph"><help:key-word value="컨트롤 필드; 참조" tag="kw65983_1"/><text:span text:style-name="T1">연결된 표를 통한 참조 (SQL 문)</text:span></text:p>
  <text:p text:style-name="Paragraph">양식에서 기반으로 하는 테이블에 일반 데이터 필드로 연결된 데이터베이스 테이블의 데이터를 목록 상자에 표시하려는 경우 양식 테이블의 링크 필드를 [데이터 필드]에 지정합니다.</text:p>
  <text:p text:style-name="Paragraph">링크는 SQL Select로 만들어지며, &quot;SQL&quot;이나 &quot;Native SQL&quot;을 선택하면 [목록 내용] 필드의 [목록 내용의 유형]에 지정됩니다. 예를 들어 &quot;Orders&quot; 테이블은 현재 양식 컨트롤과 연결되고 데이터베이스에서는 &quot;Customers&quot; 테이블이 &quot;Orders&quot; 테이블과 연결됩니다. SQL 문을 다음과 같이 사용할 수 있습니다.</text:p>
  <text:p text:style-name="Paragraph">SELECT 고객 이름, 고객 번호 FROM 고객,</text:p>
  <text:p text:style-name="Paragraph">여기에서 &quot;CustomerName&quot;은 연결된 &quot;Customers&quot; 테이블의 데이터 필드이며, &quot;CustomerNo&quot;는 [데이터 필드]에 지정된 “Orders” 양식 테이블의 필드와 연결된 &quot;Customers&quot; 테이블의 필드입니다.</text:p>
  <text:p text:style-name="Paragraph"><a name="referenzenwerteliste"/><text:span text:style-name="T1">값 목록을 통한 참조</text:span></text:p>
  <text:p text:style-name="Paragraph">목록 필드에서는 값 목록을 사용할 수 있습니다. 이는 참조 값을 정의하는 목록입니다. 그러므로 양식에서 컨트롤 필드는 데이터베이스 필드의 내용을 직접 표시하지 않고 그 대신 값 목록을 통해 지정된 값을 표시합니다.</text:p>
  <text:p text:style-name="Paragraph">값 목록의 참조 값을 사용하는 경우 양식의 [데이터 필드]에 지정한 데이터 필드 내용은 표시되지 않고 할당된 값만 표시됩니다. [목록 내용의 유형]의 [데이터] 탭에서 &quot;Valuelist&quot;를 선택하고 [목록 항목](<help:link Id="65921" Eid="listeneintraege">[일반]</help:link> 탭에 입력)에서 양식의 보이는 목록 항목에 참조 값을 할당한 경우, 이 참조 값은 주어진 데이터 필드의 데이터 내용과 비교됩니다. 참조 값이 데이터 필드 내용과 일치하는 경우 관련 목록 항목이 양식에 표시됩니다.</text:p>
  <text:p text:style-name="Head 2"><help:help-id value="HID_PROP_BOUNDCOLUMN"/><help:key-word value="연결된 필드" tag="kw65983_3"/><help:key-word value="컨트롤 필드; 연결된 필드" tag="kw65983_2"/>연결된 필드</text:p>
  <text:p text:style-name="Paragraph"><help:help-text value="hide">색인을 사용하여 필드에 연결된 테이블 필드나 테이블 SQL 쿼리를 지정합니다([데이터 필드]에서). 가능한 값은 0, 1, 2, 3 등입니다.</help:help-text></text:p>
  <text:p text:style-name="Paragraph">목록 필드에 대하여 사용할 수 있는 등록 정보는 연결된 표의 어떤 데이터 필드가 양식에 표시되는지 지정합니다.</text:p>
  <text:p text:style-name="Paragraph">목록 필드가 양식 표과 연결된 표의 내용을 양식에 표시해야 할 경우 이 표시가 SQL 명령을 통해 지정되는지 아니면 (연결된) 표가 소급되는지를 <text:span text:style-name="T1">목록 내용 종류</text:span> 필드에서 지정하십시오. <text:span text:style-name="T1">연결된 필드</text:span> 등록 정보를 사용하여 질의나 표의 어떤 데이터 필드와 목록 필드가 연결되어 있는지를 색인을 통해 지정하십시오. 가능한 값은 0, 1, 2, 3 등입니다.</text:p>
  <table:table table:name="Tabelle5" table:style-name="Tabelle5">
   <table:table-column table:style-name="Tabelle5.A"/>
   <table:table-column table:style-name="Tabelle5.B"/>
   <table:table-header-rows>
    <table:table-row table:style-name="Tabelle5.1">
     <table:table-cell table:style-name="Tabelle5.A1" table:value-type="string">
      <text:p text:style-name="Paragraph"><draw:image draw:name="아이콘1" svg:desc="참고 아이콘" svg:pixelx="32" svg:pixely="32" svg:width="0.847cm" svg:height="0.847cm" xlink:href="65980" draw:filter-name=""/></text:p>

     </table:table-cell>
     <table:table-cell table:style-name="Tabelle5.A1" table:value-type="string">
      <text:p text:style-name="Paragraph">[바운드 필드] 속성은 두 개 이상의 테이블에 액세스할 때 사용되는 양식에만 사용할 수 있습니다. 양식이 한 테이블만 기반으로 하는 경우 양식에 표시되는 필드가 [데이터 필드] 아래에 직접 지정됩니다. 하지만 일반 데이터 필드를 통해 현재 테이블에 연결된 테이블의 데이터를 목록 상자에 표시하려는 경우 연결된 데이터 필드가 [바운드 필드] 속성에 의해 지정됩니다.</text:p>
     </table:table-cell>
    </table:table-row>
   </table:table-header-rows>
  </table:table>
  <text:p text:style-name="Paragraph">[목록 내용의 유형]에서 &quot;SQL&quot;을 선택한 경우 SQL 명령이 지정할 색인을 결정합니다. 예: [목록 내용]에서 &quot;SELECT Field1, Field2 FROM tablename&quot; 같은 SQL 명령을 지정한 경우 다음 표를 참조하십시오.</text:p>
  <table:table table:name="Tabelle4" table:style-name="Tabelle4">
   <table:table-column table:style-name="Tabelle4.A"/>
   <table:table-column table:style-name="Tabelle4.B"/>
   <table:table-header-rows>
    <table:table-row>
     <table:table-cell table:style-name="Tabelle4.A1" table:value-type="string">
      <text:p text:style-name="Paragraph">연결된 필드</text:p>
     </table:table-cell>
     <table:table-cell table:style-name="Tabelle4.B1" table:value-type="string">
      <text:p text:style-name="Paragraph">연결</text:p>
     </table:table-cell>
    </table:table-row>
   </table:table-header-rows>
   <table:table-row>
    <table:table-cell table:style-name="Tabelle4.A2" table:value-type="string">
     <text:p text:style-name="Paragraph">0</text:p>
    </table:table-cell>
    <table:table-cell table:style-name="Tabelle4.B2" table:value-type="string">
     <text:p text:style-name="Paragraph">&quot;필드1&quot; 데이터베이스 필드는 <text:span text:style-name="T1">데이터 필드</text:span>에 지정되어 있는 필드와 연결되어 있습니다.</text:p>
    </table:table-cell>
   </table:table-row>
   <table:table-row>
    <table:table-cell table:style-name="Tabelle4.A2" table:value-type="string">
     <text:p text:style-name="Paragraph">1</text:p>
    </table:table-cell>
    <table:table-cell table:style-name="Tabelle4.B2" table:value-type="string">
     <text:p text:style-name="Paragraph">&quot;필드2&quot; 데이터베이스 필드는 <text:span text:style-name="T1">데이터 필드</text:span>에 지정되어 있는 필드와 연결되어 있습니다.</text:p>
    </table:table-cell>
   </table:table-row>
  </table:table>
  <text:p text:style-name="Paragraph">[목록 내용의 유형]에서 &quot;테이블&quot;을 선택한 경우 테이블 구조가 지정할 색인을 지정합니다. 예: [목록 내용]에서 데이터베이스 테이블을 선택한 경우 다음 표를 참조하십시오.</text:p>
  <table:table table:name="Tabelle3" table:style-name="Tabelle3">
   <table:table-column table:style-name="Tabelle3.A"/>
   <table:table-column table:style-name="Tabelle3.B"/>
   <table:table-header-rows>
    <table:table-row>
     <table:table-cell table:style-name="Tabelle3.A1" table:value-type="string">
      <text:p text:style-name="Paragraph">연결된 필드</text:p>
     </table:table-cell>
     <table:table-cell table:style-name="Tabelle3.B1" table:value-type="string">
      <text:p text:style-name="Paragraph">연결</text:p>
     </table:table-cell>
    </table:table-row>
   </table:table-header-rows>
   <table:table-row>
    <table:table-cell table:style-name="Tabelle3.A2" table:value-type="string">
     <text:p text:style-name="Paragraph">0</text:p>
    </table:table-cell>
    <table:table-cell table:style-name="Tabelle3.B2" table:value-type="string">
     <text:p text:style-name="Paragraph">표의 첫 번째 열은 <text:span text:style-name="T1">데이터 필드</text:span>에 지정되어 있는 필드와 연결되어 있습니다.</text:p>
    </table:table-cell>
   </table:table-row>
   <table:table-row>
    <table:table-cell table:style-name="Tabelle3.A2" table:value-type="string">
     <text:p text:style-name="Paragraph">1</text:p>
    </table:table-cell>
    <table:table-cell table:style-name="Tabelle3.B2" table:value-type="string">
     <text:p text:style-name="Paragraph">표의 두 번째 열은 <text:span text:style-name="T1">데이터 필드</text:span>에 지정되어 있는 필드와 연결되어 있습니다.</text:p>
    </table:table-cell>
   </table:table-row>
   <table:table-row>
    <table:table-cell table:style-name="Tabelle3.A2" table:value-type="string">
     <text:p text:style-name="Paragraph">2</text:p>
    </table:table-cell>
    <table:table-cell table:style-name="Tabelle3.B2" table:value-type="string">
     <text:p text:style-name="Paragraph">표의 세 번째 열은 <text:span text:style-name="T1">데이터 필드</text:span>에 지정되어 있는 필드와 연결되어 있습니다.</text:p>
    </table:table-cell>
   </table:table-row>
  </table:table>
  <text:p text:style-name="Head 2"><help:help-id value="HID_PROP_LISTSOURCETYPE"/>목록 내용의 종류</text:p>
  <text:p text:style-name="Paragraph"><help:help-text value="hide">목록 상자와 콤보 상자의 목록을 채울 데이터를 결정합니다.</help:help-text>목록 상자와 콤보 상자의 목록을 채울 데이터를 결정합니다.</text:p>
  <text:p text:style-name="Paragraph">&quot;Valuelist&quot; 옵션을 사용하면 <help:link Id="65921">[일반]</help:link> 탭의 [목록 항목] 필드에 입력된 모든 항목이 컨트롤에 표시됩니다. 데이터베이스 양식의 경우 참조 값을 사용할 수 있습니다. 이에 대해서는 <help:link Id="65983" Eid="referenzenwerteliste">값 목록을 사용하는 참조</help:link> 절을 참조하십시오.</text:p>
  <text:p text:style-name="Paragraph">컨트롤의 내용을 데이터베이스에서 읽은 경우 다른 옵션을 사용하여 데이터 원본의 유형을 결정할 수 있습니다. 예를 들어, 테이블과 쿼리 사이에서 선택할 수 있습니다.</text:p>
  <text:p text:style-name="Head 2"><help:help-id value="HID_PROP_LISTSOURCE"/>목록 내용</text:p>
  <text:p text:style-name="Paragraph"><help:help-text value="visible">데이터베이스 양식을 사용하여 양식 요소의 목록 내용에 대한 데이터 원본을 지정합니다. 데이터베이스를 연결하지 않고 문서의 값 목록을 지정할 때 이 필드를 사용할 수 있습니다.</help:help-text></text:p>
  <text:p text:style-name="Paragraph">데이터베이스 양식의 경우 데이터 원본은 목록 상자나 콤보 상자의 항목을 결정합니다. 이러한 개체가 데이터베이스에 있는 경우 선택한 유형에 따라 [목록 내용] 아래에서 다양한 데이터 원본 중 하나를 선택합니다. [목록 내용의 유형]에서 선택한 모든 사용 가능한 데이터베이스 개체 유형이 여기에 제공됩니다. &quot;값 목록&quot; 옵션을 유형으로 선택한 경우 데이터베이스 양식에 대한 참조를 사용할 수 있습니다. SQL 명령으로 컨트롤의 표시를 제어하는 경우 SQL 문이 여기에 입력됩니다.</text:p>
  <text:p text:style-name="Paragraph">SQL 문의 예:</text:p>
  <text:p text:style-name="Paragraph">목록 필드에서 SQL 문은 예를 들어 다음의 형태를 띕니다</text:p>
  <text:p text:style-name="Paragraph">SELECT 필드1, 필드2 FROM 표,</text:p>
  <text:p text:style-name="Paragraph">여기에서 &quot;표&quot;은 그 데이터가 컨트롤 필드의 목록에 표시되는 표입니다 (목록 표). &quot;필드1&quot;은 양식에서 볼 수 있는 항목을 지정하는 데이터 필드이며 그 내용은 목록 필드에 표시됩니다. &quot;필드2&quot;는 <text:span text:style-name="T1">연결된 필드</text:span> = 1이 선택되었을 경우 <text:span text:style-name="T1">데이터 필드</text:span>에 지정되어 있는 필드를 통해 양식 표 (값 표)과 연결되어 있는 목록 표의 필드입니다.</text:p>
  <text:p text:style-name="Paragraph">콤보 상자의 경우 SQL 문의 형태는 예를 들어 다음과 같습니다</text:p>
  <text:p text:style-name="Paragraph">SELECT DISTINCT 필드 FROM 표,</text:p>
  <text:p text:style-name="Paragraph">여기서 &quot;field&quot;는 콤보 상자 목록에 내용이 표시되어 있는 목록 테이블 &quot;table&quot;의 데이터 필드입니다.</text:p>
  <text:p text:style-name="P4">HTML 문서에서의 값 목록</text:p>
  <text:p text:style-name="Paragraph">HTML 양식의 경우 [목록 내용]에서 값 목록을 입력할 수 있습니다. [목록 내용의 유형]에서 &quot;Valuelist&quot; 옵션을 선택합니다. 여기에 입력된 값은 양식에 표시되지 않으며 표시되는 항목에 값을 할당할 때 사용됩니다. [목록 내용]에서 만든 항목은 HTML 태그 &lt;OPTION VALUE=...&gt;에 해당합니다.</text:p>
  <text:p text:style-name="Paragraph">목록 상자나 콤보 상자에서 선택한 항목을 데이터 전송할 때 [목록 항목]의 <help:link Id="65921">[일반]</help:link> 탭에 입력하여 양식에 표시한 모든 값 목록과 [목록 내용]의 [데이터] 탭에 입력한 값 목록을 모두 고려합니다. 비어 있지 않은 텍스트가 값 목록 (&lt;OPTION VALUE=...&gt;)의 선택한 위치에 있으면 전송됩니다. 그렇지 않은 경우 (&lt;OPTION&gt;) 컨트롤에 표시된 텍스트가 전송됩니다.</text:p>
  <text:p text:style-name="Paragraph">값 목록에 빈 문자열이 있는 경우 [목록 내용]의 &quot;$$$empty$$$&quot; 값을 해당 위치에 입력합니다(대문자/소문자 참고). <help:productname>%PRODUCTNAME</help:productname>은(는) 이 입력을 빈 문자열로 해석하여 해당 목록 항목에 지정합니다.</text:p>
  <text:p text:style-name="Paragraph">다음의 표는 &quot;목록 상자1&quot;이라는 이름의 목록 필드에 의거하여 HTML과 JavaScript, <help:productname>%PRODUCTNAME</help:productname>-필드인 <text:span text:style-name="T1">목록 내용</text:span> 사이의 관계를 보여줍니다. 이 때 &quot;항목&quot;은 양식에서 볼 수 있는 목록 항목을 의미합니다:</text:p>
  <table:table table:name="Tabelle1" table:style-name="Tabelle1">
   <table:table-column table:style-name="Tabelle1.A" table:number-columns-repeated="3"/>
   <table:table-column table:style-name="Tabelle1.D"/>
   <table:table-header-rows>
    <table:table-row>
     <table:table-cell table:style-name="Tabelle1.A1" table:value-type="string">
      <text:p text:style-name="P4">HTML-태그</text:p>
     </table:table-cell>
     <table:table-cell table:style-name="Tabelle1.A1" table:value-type="string">
      <text:p text:style-name="P4">JavaScript</text:p>
     </table:table-cell>
     <table:table-cell table:style-name="Tabelle1.A1" table:value-type="string">
      <text:p text:style-name="P4">컨트롤 필드의 값 목록에 있는 항목 (목록 내용)</text:p>
     </table:table-cell>
     <table:table-cell table:style-name="Tabelle1.D1" table:value-type="string">
      <text:p text:style-name="P4">전송됨...</text:p>
     </table:table-cell>
    </table:table-row>
   </table:table-header-rows>
   <table:table-row>
    <table:table-cell table:style-name="Tabelle1.A2" table:value-type="string">
     <text:p text:style-name="Paragraph">&lt;OPTION&gt;항목</text:p>
    </table:table-cell>
    <table:table-cell table:style-name="Tabelle1.A2" table:value-type="string">
     <text:p text:style-name="Paragraph">불가능</text:p>
    </table:table-cell>
    <table:table-cell table:style-name="Tabelle1.A2" table:value-type="string">
     <text:p text:style-name="Paragraph">&quot;&quot;</text:p>
    </table:table-cell>
    <table:table-cell table:style-name="Tabelle1.D2" table:value-type="string">
     <text:p text:style-name="Paragraph">...볼 수 있는 목록 항목 (&quot;목록 상자1=항목&quot;).</text:p>
    </table:table-cell>
   </table:table-row>
   <table:table-row>
    <table:table-cell table:style-name="Tabelle1.A2" table:value-type="string">
     <text:p text:style-name="Paragraph">&lt;OPTION VALUE=&quot;값&quot;&gt;항목</text:p>
    </table:table-cell>
    <table:table-cell table:style-name="Tabelle1.A2" table:value-type="string">
     <text:p text:style-name="Paragraph">목록 상자1.options[0].value=&quot;값&quot;</text:p>
    </table:table-cell>
    <table:table-cell table:style-name="Tabelle1.A2" table:value-type="string">
     <text:p text:style-name="Paragraph">&quot;값&quot;</text:p>
    </table:table-cell>
    <table:table-cell table:style-name="Tabelle1.D2" table:value-type="string">
     <text:p text:style-name="Paragraph">...목록 항목에 지정된 값 (&quot;목록 상자1=값&quot;).</text:p>
    </table:table-cell>
   </table:table-row>
   <table:table-row>
    <table:table-cell table:style-name="Tabelle1.A2" table:value-type="string">
     <text:p text:style-name="Paragraph">&lt;OPTION VALUE=&quot;&quot;&gt;항목</text:p>
    </table:table-cell>
    <table:table-cell table:style-name="Tabelle1.A2" table:value-type="string">
     <text:p text:style-name="Paragraph">목록 항목1.options[0].value=&quot;&quot;</text:p>
    </table:table-cell>
    <table:table-cell table:style-name="Tabelle1.A2" table:value-type="string">
     <text:p text:style-name="Paragraph">&quot;$$$empty$$$&quot;</text:p>
    </table:table-cell>
    <table:table-cell table:style-name="Tabelle1.D2" table:value-type="string">
     <text:p text:style-name="Paragraph">...비어 있는 스트링 (&quot;목록 상자1=&quot;).</text:p>
    </table:table-cell>
   </table:table-row>
  </table:table>
  <text:p text:style-name="Head 2"><help:help-id value="HID_PROP_EMPTY_IS_NULL"/>비어 있는 문자열은 NULL입니다</text:p>
  <text:p text:style-name="Paragraph"><help:help-text value="visible">빈 문자열 입력을 처리하는 방법을 지정합니다.</help:help-text> 이 속성이 설정되어 있으면(예) 한 개 이상의 공백이 있는 문자열이 NULL 값으로 해석되어 데이터베이스에 저장됩니다. 이 속성이 설정되어 있지 않으면(아니오) 문자열이 빈 값으로 처리됩니다.</text:p>
  <text:p text:style-name="Head 2"><help:help-id value="HID_PROP_FILTERPROPOSAL"/>필터 제안</text:p>
  <text:p text:style-name="Paragraph"><help:to-be-embedded Eid="filtervorschlag"><help:help-text value="visible">양식을 디자인할 때 해당 [등록 정보] 대화 상자의 [데이터] 탭에 있는 각 텍스트 상자의 &quot;필터 제안&quot; 속성을 설정할 수 있습니다. 필터 모드에서 계속 검색하면 이러한 필드에 포함된 모든 정보에서 선택할 수 있습니다.</help:help-text> 그런 다음 자동 완성 기능을 사용하여 필드 내용을 선택할 수 있습니다. 하지만 이러한 기능을 사용하려면, 특히 큰 데이터베이스에 사용되고 아껴서 사용해야 하는 경우 더 많은 메모리 공간과 시간이 필요함에 유의하십시오.</help:to-be-embedded></text:p>
  <a name="ende"/>
 </office:body>
</office:document>
