

<office:document  xmlns:office="http://openoffice.org/2000/office" xmlns:style="http://openoffice.org/2000/style" xmlns:text="http://openoffice.org/2000/text" xmlns:table="http://openoffice.org/2000/table" xmlns:draw="http://openoffice.org/2000/drawing" xmlns:fo="http://www.w3.org/1999/XSL/Format" xmlns:xlink="http://www.w3.org/1999/xlink" xmlns:number="http://openoffice.org/2000/datastyle" xmlns:svg="http://www.w3.org/2000/svg" xmlns:chart="http://openoffice.org/2000/chart" xmlns:dr3d="http://openoffice.org/2000/dr3d" xmlns:math="http://www.w3.org/1998/Math/MathML" xmlns:form="http://openoffice.org/2000/form" xmlns:script="http://openoffice.org/2000/script" office:class="text" office:version="1.0" xmlns:dc="http://purl.org/dc/elements/1.1/" xmlns:meta="http://openoffice.org/2000/meta" xmlns:help="http://openoffice.org/2000/help">
<office:meta>
  <dc:description>text/common/02/01170000</dc:description>
  <dc:subject>양식 기능</dc:subject>
  <meta:keywords>
   <meta:keyword>$Version</meta:keyword>
  </meta:keywords>
  <dc:language>ko-KR</dc:language>
  <meta:user-defined meta:name="Info 0">READY</meta:user-defined>
  <meta:user-defined meta:name="Info 1">FREE_OK</meta:user-defined>
  <meta:user-defined meta:name="Info 2"/>
  <meta:user-defined meta:name="Info 3"/>
</office:meta>
 <office:script/>
 <office:font-decls>
  <style:font-decl style:name="StarSymbol" fo:font-family="StarSymbol" style:font-charset="x-symbol"/>
  <style:font-decl style:name="Courier New" fo:font-family="&apos;Courier New&apos;" style:font-style-name="Standard" style:font-family-generic="modern" style:font-pitch="fixed"/>
  <style:font-decl style:name="Courier" fo:font-family="Courier" style:font-family-generic="roman" style:font-pitch="fixed"/>
  <style:font-decl style:name="Andale WT UI3" fo:font-family="&apos;Andale WT UI&apos;" style:font-pitch="variable"/>
  <style:font-decl style:name="Arial Unicode MS" fo:font-family="&apos;Arial Unicode MS&apos;" style:font-pitch="variable"/>
  <style:font-decl style:name="HG Mincho Light J" fo:font-family="&apos;HG Mincho Light J&apos;" style:font-pitch="variable"/>
  <style:font-decl style:name="Andale WT UI" fo:font-family="&apos;Andale WT UI&apos;" style:font-style-name="Fett" style:font-family-generic="roman" style:font-pitch="variable"/>
  <style:font-decl style:name="Andale WT UI1" fo:font-family="&apos;Andale WT UI&apos;" style:font-style-name="Standard" style:font-family-generic="roman" style:font-pitch="variable"/>
  <style:font-decl style:name="Thorndale" fo:font-family="Thorndale" style:font-family-generic="roman" style:font-pitch="variable"/>
  <style:font-decl style:name="Times New Roman" fo:font-family="&apos;Times New Roman&apos;" style:font-style-name="Fett" style:font-family-generic="roman" style:font-pitch="variable"/>
  <style:font-decl style:name="Andale WT UI2" fo:font-family="&apos;Andale WT UI&apos;" style:font-family-generic="swiss" style:font-pitch="variable"/>
 </office:font-decls>
 <office:automatic-styles>
  <style:style style:name="Tabelle1" style:family="table">
   <style:properties style:width="17.995cm" fo:margin-left="0cm" fo:margin-right="0.005cm" table:align="margins"/>
  </style:style>
  <style:style style:name="Tabelle1.A" style:family="table-column">
   <style:properties style:column-width="0.979cm" style:rel-column-width="3566*"/>
  </style:style>
  <style:style style:name="Tabelle1.B" style:family="table-column">
   <style:properties style:column-width="17.016cm" style:rel-column-width="61969*"/>
  </style:style>
  <style:style style:name="Tabelle21" style:family="table">
   <style:properties style:width="18cm" table:align="margins"/>
  </style:style>
  <style:style style:name="Tabelle21.A" style:family="table-column">
   <style:properties style:column-width="1.499cm" style:rel-column-width="5460*"/>
  </style:style>
  <style:style style:name="Tabelle21.B" style:family="table-column">
   <style:properties style:column-width="16.501cm" style:rel-column-width="60075*"/>
  </style:style>
  <style:style style:name="Tabelle21.1" style:family="table-row">
   <style:properties style:min-row-height="0.848cm"/>
  </style:style>
  <style:style style:name="Tabelle21.A1" style:family="table-cell">
   <style:properties fo:padding="0cm" fo:border="none"/>
  </style:style>
  <style:style style:name="Tabelle20" style:family="table">
   <style:properties style:width="18cm" table:align="margins"/>
  </style:style>
  <style:style style:name="Tabelle20.A" style:family="table-column">
   <style:properties style:column-width="1.499cm" style:rel-column-width="5460*"/>
  </style:style>
  <style:style style:name="Tabelle20.B" style:family="table-column">
   <style:properties style:column-width="16.501cm" style:rel-column-width="60075*"/>
  </style:style>
  <style:style style:name="Tabelle20.1" style:family="table-row">
   <style:properties style:min-row-height="0.848cm"/>
  </style:style>
  <style:style style:name="Tabelle20.A1" style:family="table-cell">
   <style:properties fo:padding="0cm" fo:border="none"/>
  </style:style>
  <style:style style:name="Tabelle27" style:family="table">
   <style:properties style:width="18cm" table:align="margins"/>
  </style:style>
  <style:style style:name="Tabelle27.A" style:family="table-column">
   <style:properties style:column-width="1.499cm" style:rel-column-width="5460*"/>
  </style:style>
  <style:style style:name="Tabelle27.B" style:family="table-column">
   <style:properties style:column-width="16.501cm" style:rel-column-width="60075*"/>
  </style:style>
  <style:style style:name="Tabelle27.1" style:family="table-row">
   <style:properties style:min-row-height="0.848cm"/>
  </style:style>
  <style:style style:name="Tabelle27.A1" style:family="table-cell">
   <style:properties fo:padding="0cm" fo:border="none"/>
  </style:style>
  <style:style style:name="Tabelle2" style:family="table">
   <style:properties style:width="17.995cm" fo:margin-left="0cm" fo:margin-right="0.005cm" table:align="margins"/>
  </style:style>
  <style:style style:name="Tabelle2.A" style:family="table-column">
   <style:properties style:column-width="0.979cm" style:rel-column-width="3566*"/>
  </style:style>
  <style:style style:name="Tabelle2.B" style:family="table-column">
   <style:properties style:column-width="17.016cm" style:rel-column-width="61969*"/>
  </style:style>
  <style:style style:name="Tabelle3" style:family="table">
   <style:properties style:width="17.995cm" fo:margin-left="0cm" fo:margin-right="0.005cm" table:align="margins"/>
  </style:style>
  <style:style style:name="Tabelle3.A" style:family="table-column">
   <style:properties style:column-width="0.979cm" style:rel-column-width="3566*"/>
  </style:style>
  <style:style style:name="Tabelle3.B" style:family="table-column">
   <style:properties style:column-width="17.016cm" style:rel-column-width="61969*"/>
  </style:style>
  <style:style style:name="Tabelle4" style:family="table">
   <style:properties style:width="17.995cm" fo:margin-left="0cm" fo:margin-right="0.005cm" table:align="margins"/>
  </style:style>
  <style:style style:name="Tabelle4.A" style:family="table-column">
   <style:properties style:column-width="0.979cm" style:rel-column-width="3566*"/>
  </style:style>
  <style:style style:name="Tabelle4.B" style:family="table-column">
   <style:properties style:column-width="17.016cm" style:rel-column-width="61969*"/>
  </style:style>
  <style:style style:name="Tabelle5" style:family="table">
   <style:properties style:width="17.995cm" fo:margin-left="0cm" fo:margin-right="0.005cm" table:align="margins"/>
  </style:style>
  <style:style style:name="Tabelle5.A" style:family="table-column">
   <style:properties style:column-width="0.979cm" style:rel-column-width="3566*"/>
  </style:style>
  <style:style style:name="Tabelle5.B" style:family="table-column">
   <style:properties style:column-width="17.016cm" style:rel-column-width="61969*"/>
  </style:style>
  <style:style style:name="Tabelle6" style:family="table">
   <style:properties style:width="17.995cm" fo:margin-left="0cm" fo:margin-right="0.005cm" table:align="margins"/>
  </style:style>
  <style:style style:name="Tabelle6.A" style:family="table-column">
   <style:properties style:column-width="0.953cm" style:rel-column-width="3469*"/>
  </style:style>
  <style:style style:name="Tabelle6.B" style:family="table-column">
   <style:properties style:column-width="17.043cm" style:rel-column-width="62066*"/>
  </style:style>
  <style:style style:name="Tabelle24" style:family="table">
   <style:properties style:width="18cm" table:align="margins"/>
  </style:style>
  <style:style style:name="Tabelle24.A" style:family="table-column">
   <style:properties style:column-width="1.499cm" style:rel-column-width="5460*"/>
  </style:style>
  <style:style style:name="Tabelle24.B" style:family="table-column">
   <style:properties style:column-width="16.501cm" style:rel-column-width="60075*"/>
  </style:style>
  <style:style style:name="Tabelle24.1" style:family="table-row">
   <style:properties style:min-row-height="0.848cm"/>
  </style:style>
  <style:style style:name="Tabelle24.A1" style:family="table-cell">
   <style:properties fo:padding="0cm" fo:border="none"/>
  </style:style>
  <style:style style:name="Tabelle7" style:family="table">
   <style:properties style:width="17.995cm" fo:margin-left="0cm" fo:margin-right="0.005cm" table:align="margins"/>
  </style:style>
  <style:style style:name="Tabelle7.A" style:family="table-column">
   <style:properties style:column-width="0.979cm" style:rel-column-width="3566*"/>
  </style:style>
  <style:style style:name="Tabelle7.B" style:family="table-column">
   <style:properties style:column-width="17.016cm" style:rel-column-width="61969*"/>
  </style:style>
  <style:style style:name="Tabelle8" style:family="table">
   <style:properties style:width="17.995cm" fo:margin-left="0cm" fo:margin-right="0.005cm" table:align="margins"/>
  </style:style>
  <style:style style:name="Tabelle8.A" style:family="table-column">
   <style:properties style:column-width="1.005cm" style:rel-column-width="3662*"/>
  </style:style>
  <style:style style:name="Tabelle8.B" style:family="table-column">
   <style:properties style:column-width="16.99cm" style:rel-column-width="61873*"/>
  </style:style>
  <style:style style:name="Tabelle9" style:family="table">
   <style:properties style:width="17.995cm" fo:margin-left="0cm" fo:margin-right="0.005cm" table:align="margins"/>
  </style:style>
  <style:style style:name="Tabelle9.A" style:family="table-column">
   <style:properties style:column-width="1.005cm" style:rel-column-width="3662*"/>
  </style:style>
  <style:style style:name="Tabelle9.B" style:family="table-column">
   <style:properties style:column-width="16.99cm" style:rel-column-width="61873*"/>
  </style:style>
  <style:style style:name="Tabelle10" style:family="table">
   <style:properties style:width="17.995cm" fo:margin-left="0cm" fo:margin-right="0.005cm" table:align="margins"/>
  </style:style>
  <style:style style:name="Tabelle10.A" style:family="table-column">
   <style:properties style:column-width="0.953cm" style:rel-column-width="3469*"/>
  </style:style>
  <style:style style:name="Tabelle10.B" style:family="table-column">
   <style:properties style:column-width="17.043cm" style:rel-column-width="62066*"/>
  </style:style>
  <style:style style:name="Tabelle19" style:family="table">
   <style:properties style:width="17.995cm" fo:margin-left="0cm" fo:margin-right="0.005cm" table:align="margins"/>
  </style:style>
  <style:style style:name="Tabelle19.A" style:family="table-column">
   <style:properties style:column-width="1.032cm" style:rel-column-width="3758*"/>
  </style:style>
  <style:style style:name="Tabelle19.B" style:family="table-column">
   <style:properties style:column-width="16.963cm" style:rel-column-width="61777*"/>
  </style:style>
  <style:style style:name="Tabelle11" style:family="table">
   <style:properties style:width="17.995cm" fo:margin-left="0cm" fo:margin-right="0.005cm" table:align="margins"/>
  </style:style>
  <style:style style:name="Tabelle11.A" style:family="table-column">
   <style:properties style:column-width="0.979cm" style:rel-column-width="3566*"/>
  </style:style>
  <style:style style:name="Tabelle11.B" style:family="table-column">
   <style:properties style:column-width="17.016cm" style:rel-column-width="61969*"/>
  </style:style>
  <style:style style:name="Tabelle12" style:family="table">
   <style:properties style:width="17.995cm" fo:margin-left="0cm" fo:margin-right="0.005cm" table:align="margins"/>
  </style:style>
  <style:style style:name="Tabelle12.A" style:family="table-column">
   <style:properties style:column-width="1.005cm" style:rel-column-width="3662*"/>
  </style:style>
  <style:style style:name="Tabelle12.B" style:family="table-column">
   <style:properties style:column-width="16.99cm" style:rel-column-width="61873*"/>
  </style:style>
  <style:style style:name="Tabelle22" style:family="table">
   <style:properties style:width="18cm" table:align="margins"/>
  </style:style>
  <style:style style:name="Tabelle22.A" style:family="table-column">
   <style:properties style:column-width="1.499cm" style:rel-column-width="5460*"/>
  </style:style>
  <style:style style:name="Tabelle22.B" style:family="table-column">
   <style:properties style:column-width="16.501cm" style:rel-column-width="60075*"/>
  </style:style>
  <style:style style:name="Tabelle22.1" style:family="table-row">
   <style:properties style:min-row-height="0.848cm"/>
  </style:style>
  <style:style style:name="Tabelle22.A1" style:family="table-cell">
   <style:properties fo:padding="0cm" fo:border="none"/>
  </style:style>
  <style:style style:name="Tabelle13" style:family="table">
   <style:properties style:width="17.995cm" fo:margin-left="0cm" fo:margin-right="0.005cm" table:align="margins"/>
  </style:style>
  <style:style style:name="Tabelle13.A" style:family="table-column">
   <style:properties style:column-width="1.005cm" style:rel-column-width="3662*"/>
  </style:style>
  <style:style style:name="Tabelle13.B" style:family="table-column">
   <style:properties style:column-width="16.99cm" style:rel-column-width="61873*"/>
  </style:style>
  <style:style style:name="Tabelle23" style:family="table">
   <style:properties style:width="18cm" table:align="margins"/>
  </style:style>
  <style:style style:name="Tabelle23.A" style:family="table-column">
   <style:properties style:column-width="1.499cm" style:rel-column-width="5460*"/>
  </style:style>
  <style:style style:name="Tabelle23.B" style:family="table-column">
   <style:properties style:column-width="16.501cm" style:rel-column-width="60075*"/>
  </style:style>
  <style:style style:name="Tabelle23.1" style:family="table-row">
   <style:properties style:min-row-height="0.848cm"/>
  </style:style>
  <style:style style:name="Tabelle23.A1" style:family="table-cell">
   <style:properties fo:padding="0cm" fo:border="none"/>
  </style:style>
  <style:style style:name="Tabelle14" style:family="table">
   <style:properties style:width="17.995cm" fo:margin-left="0cm" fo:margin-right="0.005cm" table:align="margins"/>
  </style:style>
  <style:style style:name="Tabelle14.A" style:family="table-column">
   <style:properties style:column-width="1.005cm" style:rel-column-width="3662*"/>
  </style:style>
  <style:style style:name="Tabelle14.B" style:family="table-column">
   <style:properties style:column-width="16.99cm" style:rel-column-width="61873*"/>
  </style:style>
  <style:style style:name="Tabelle28" style:family="table">
   <style:properties style:width="17.995cm" fo:margin-left="0cm" fo:margin-right="0.005cm" table:align="margins"/>
  </style:style>
  <style:style style:name="Tabelle28.A" style:family="table-column">
   <style:properties style:column-width="0.979cm" style:rel-column-width="3566*"/>
  </style:style>
  <style:style style:name="Tabelle28.B" style:family="table-column">
   <style:properties style:column-width="17.016cm" style:rel-column-width="61969*"/>
  </style:style>
  <style:style style:name="Tabelle15" style:family="table">
   <style:properties style:width="17.995cm" fo:margin-left="0cm" fo:margin-right="0.005cm" table:align="margins"/>
  </style:style>
  <style:style style:name="Tabelle15.A" style:family="table-column">
   <style:properties style:column-width="1.005cm" style:rel-column-width="3662*"/>
  </style:style>
  <style:style style:name="Tabelle15.B" style:family="table-column">
   <style:properties style:column-width="16.99cm" style:rel-column-width="61873*"/>
  </style:style>
  <style:style style:name="Tabelle16" style:family="table">
   <style:properties style:width="17.995cm" fo:margin-left="0cm" fo:margin-right="0.005cm" table:align="margins"/>
  </style:style>
  <style:style style:name="Tabelle16.A" style:family="table-column">
   <style:properties style:column-width="0.953cm" style:rel-column-width="3469*"/>
  </style:style>
  <style:style style:name="Tabelle16.B" style:family="table-column">
   <style:properties style:column-width="17.043cm" style:rel-column-width="62066*"/>
  </style:style>
  <style:style style:name="Tabelle25" style:family="table">
   <style:properties style:width="18cm" table:align="margins"/>
  </style:style>
  <style:style style:name="Tabelle25.A" style:family="table-column">
   <style:properties style:column-width="1.499cm" style:rel-column-width="5460*"/>
  </style:style>
  <style:style style:name="Tabelle25.B" style:family="table-column">
   <style:properties style:column-width="16.501cm" style:rel-column-width="60075*"/>
  </style:style>
  <style:style style:name="Tabelle25.1" style:family="table-row">
   <style:properties style:min-row-height="0.848cm"/>
  </style:style>
  <style:style style:name="Tabelle25.A1" style:family="table-cell">
   <style:properties fo:padding="0cm" fo:border="none"/>
  </style:style>
  <style:style style:name="Tabelle18" style:family="table">
   <style:properties style:width="17.995cm" fo:margin-left="0cm" fo:margin-right="0.005cm" table:align="margins"/>
  </style:style>
  <style:style style:name="Tabelle18.A" style:family="table-column">
   <style:properties style:column-width="0.979cm" style:rel-column-width="3566*"/>
  </style:style>
  <style:style style:name="Tabelle18.B" style:family="table-column">
   <style:properties style:column-width="17.016cm" style:rel-column-width="61969*"/>
  </style:style>
  <style:style style:name="Tabelle17" style:family="table">
   <style:properties style:width="17.995cm" fo:margin-left="0cm" fo:margin-right="0.005cm" table:align="margins"/>
  </style:style>
  <style:style style:name="Tabelle17.A" style:family="table-column">
   <style:properties style:column-width="0.979cm" style:rel-column-width="3566*"/>
  </style:style>
  <style:style style:name="Tabelle17.B" style:family="table-column">
   <style:properties style:column-width="17.016cm" style:rel-column-width="61969*"/>
  </style:style>
  <style:style style:name="Tabelle26" style:family="table">
   <style:properties style:width="17.995cm" fo:margin-left="0cm" fo:margin-right="0.005cm" table:align="margins"/>
  </style:style>
  <style:style style:name="Tabelle26.A" style:family="table-column">
   <style:properties style:column-width="0.979cm" style:rel-column-width="3566*"/>
  </style:style>
  <style:style style:name="Tabelle26.B" style:family="table-column">
   <style:properties style:column-width="17.016cm" style:rel-column-width="61969*"/>
  </style:style>
  <style:style style:name="P1" style:family="paragraph" style:parent-style-name="Paragraph" style:master-page-name="HTML">
   <style:properties style:page-number="0"/>
  </style:style>
  <style:style style:name="T1" style:family="text">
   <style:properties fo:font-weight="bold"/>
  </style:style>
  <style:style style:name="fr1" style:family="graphics" style:parent-style-name="Graphics">
   <style:properties style:wrap="run-through" style:horizontal-pos="left" style:horizontal-rel="paragraph" style:mirror="none" fo:clip="rect(0cm 0cm 0cm 0cm)" draw:luminance="0%" draw:contrast="0%" draw:red="0%" draw:green="0%" draw:blue="0%" draw:gamma="1" draw:color-inversion="false" draw:transparency="-100%" draw:color-mode="standard"/>
  </style:style>
  <style:style style:name="fr2" style:family="graphics" style:parent-style-name="Graphics">
   <style:properties fo:margin-left="0cm" fo:margin-right="0cm" fo:margin-top="0cm" fo:margin-bottom="0cm" style:run-through="foreground" style:wrap="run-through" style:vertical-pos="middle" style:vertical-rel="paragraph" style:horizontal-pos="left" style:horizontal-rel="paragraph" style:mirror="none" fo:clip="rect(0cm 0cm 0cm 0cm)" draw:luminance="0%" draw:contrast="0%" draw:red="0%" draw:green="0%" draw:blue="0%" draw:gamma="1" draw:color-inversion="false" draw:transparency="-100%" draw:color-mode="standard"/>
  </style:style>
  <style:style style:name="fr3" style:family="graphics" style:parent-style-name="Graphics">
   <style:properties style:run-through="foreground" style:wrap="run-through" style:horizontal-pos="left" style:horizontal-rel="paragraph" style:mirror="none" fo:clip="rect(0cm 0cm 0cm 0cm)" draw:luminance="0%" draw:contrast="0%" draw:red="0%" draw:green="0%" draw:blue="0%" draw:gamma="1" draw:color-inversion="false" draw:transparency="-100%" draw:color-mode="standard"/>
  </style:style>
 </office:automatic-styles>
 <office:body>
  <text:variable-decls>
   <text:variable-decl text:value-type="string" text:name="HTML_ON"/>
   <text:variable-decl text:value-type="string" text:name="HTML_OFF"/>
   <text:variable-decl text:value-type="string" text:name="TITEL"/>
   <text:variable-decl text:value-type="string" text:name="END"/>
   <text:variable-decl text:value-type="string" text:name="HelpID"/>
   <text:variable-decl text:value-type="string" text:name="NAME"/>
   <text:variable-decl text:value-type="string" text:name="HREF"/>
   <text:variable-decl text:value-type="string" text:name="MODIFY"/>
   <text:variable-decl text:value-type="string" text:name="REFNR"/>
   <text:variable-decl text:value-type="string" text:name="AKTHLP"/>
   <text:variable-decl text:value-type="string" text:name="KEY"/>
   <text:variable-decl text:value-type="string" text:name="INDEX"/>
   <text:variable-decl text:value-type="string" text:name="MAC"/>
   <text:variable-decl text:value-type="string" text:name="ELSE"/>
   <text:variable-decl text:value-type="string" text:name="OS2"/>
   <text:variable-decl text:value-type="string" text:name="HFELD"/>
   <text:variable-decl text:value-type="string" text:name="STYLE"/>
  </text:variable-decls>
  <text:sequence-decls>
   <text:sequence-decl text:display-outline-level="0" text:name="Illustration"/>
   <text:sequence-decl text:display-outline-level="0" text:name="Table"/>
   <text:sequence-decl text:display-outline-level="0" text:name="Text"/>
   <text:sequence-decl text:display-outline-level="0" text:name="Drawing"/>
  </text:sequence-decls>
  <help:to-be-embedded Eid="formularfunktionen">
  <text:p text:style-name="Head 1"><help:help-id value="SID_FM_CONFIG"/><help:key-word value="양식 기능; 주 도구 모음" tag="kw66036_1"/><help:key-word value="컨트롤 필드; 양식 기능" tag="kw66036_78"/><help:link Id="66036">양식 기능</help:link></text:p>
  <text:p text:style-name="Paragraph"><help:to-be-embedded Eid="formulartext"><help:help-text value="visible"> <text:span text:style-name="T1">양식</text:span>-아이콘을 사용하여 대화식 양식을 만드는데 사용되는 요소와 기능이 있는 도구 상자를 열 수 있습니다.</help:help-text></help:to-be-embedded></text:p>
  </help:to-be-embedded>
  <text:p text:style-name="Paragraph">부동 도구 모음을 열려면 [양식] 아이콘을 길게 누릅니다. 짧게 누르면 마지막으로 삽입한 컨트롤 필드(아이콘으로 표시됨)가 활성화됩니다.</text:p>
  <text:p text:style-name="Paragraph">주 도구모음 아이콘:</text:p>
  <help:to-be-embedded Eid="syformular">
  <table:table table:name="Tabelle1" table:style-name="Tabelle1">
   <table:table-column table:style-name="Tabelle1.A"/>
   <table:table-column table:style-name="Tabelle1.B"/>
   <table:table-header-rows>
    <table:table-row>
     <table:table-cell table:value-type="string">
      <text:p text:style-name="Paragraph"><draw:image draw:name="아이콘0" svg:desc="아이콘" svg:pixelx="25" svg:pixely="25" svg:width="0.661cm" svg:height="0.661cm" xlink:href="65891" draw:filter-name=""/></text:p>

     </table:table-cell>
     <table:table-cell table:value-type="string">
      <text:p text:style-name="Paragraph">양식</text:p>
     </table:table-cell>
    </table:table-row>
   </table:table-header-rows>
  </table:table>
  </help:to-be-embedded>
  <text:p text:style-name="Paragraph">양식 기능은 텍스트, HTML, 표, 프레젠테이션 또는 <help:productname>%PRODUCTNAME</help:productname>의 그리기 문서에서 사용할 수 있습니다. 양식 기능은 특정 동작을 시작하는 텍스트나 버튼을 입력할 수 있는 텍스트 필드 등을 제공합니다. 이러한 양식 기능을 <help:productname>%PRODUCTNAME</help:productname>에서는 <help:link Id="66036" Eid="kontrollfelder">컨트롤</help:link>이라고 합니다.</text:p>
  <text:p text:style-name="Paragraph">컨트롤을 문서에 삽입하고 등록 정보를 지정하여 양식을 디자인합니다. 양식을 데이터베이스에 연결할 수도 있습니다. 그러면 컨트롤이 데이터베이스로부터 데이터를 표시하거나 사용자가 컨트롤을 사용하여 데이터베이스 데이터를 편집 및 입력할 수 있습니다.</text:p>
  <text:p text:style-name="Paragraph">웹 페이지를 디자인할 때 양식을 HTML 문서로 만들 수 있습니다. 인터넷을 통해 데이터를 전송할 때도 이러한 HTML 양식을 사용할 수 있습니다.</text:p>
  <table:table table:name="Tabelle21" table:style-name="Tabelle21">
   <table:table-column table:style-name="Tabelle21.A"/>
   <table:table-column table:style-name="Tabelle21.B"/>
   <table:table-header-rows>
    <table:table-row table:style-name="Tabelle21.1">
     <table:table-cell table:style-name="Tabelle21.A1" table:value-type="string">
      <text:p text:style-name="Paragraph"><draw:image draw:name="아이콘1" svg:desc="참고 아이콘" svg:pixelx="32" svg:pixely="32" svg:width="0.847cm" svg:height="0.847cm" xlink:href="65980" draw:filter-name=""/></text:p>

     </table:table-cell>
     <table:table-cell table:style-name="Tabelle21.A1" table:value-type="string">
      <text:p text:style-name="Paragraph">HTML 양식을 만드는 경우 선택한 HTML 버전에서 지원하는 양식 등록 정보만 내보낼 수 있습니다. [도구] - [옵션] - [로드/저장] - [HTML 호환성]을 선택하여 내보낼 HTML 버전을 선택합니다.</text:p>
     </table:table-cell>
    </table:table-row>
   </table:table-header-rows>
  </table:table>
  <table:table table:name="Tabelle20" table:style-name="Tabelle20">
   <table:table-column table:style-name="Tabelle20.A"/>
   <table:table-column table:style-name="Tabelle20.B"/>
   <table:table-header-rows>
    <table:table-row table:style-name="Tabelle20.1">
     <table:table-cell table:style-name="Tabelle20.A1" table:value-type="string">
      <text:p text:style-name="Paragraph"><draw:image draw:name="아이콘2" svg:desc="경고 아이콘" svg:pixelx="32" svg:pixely="32" svg:width="0.847cm" svg:height="0.847cm" xlink:href="65640" draw:filter-name=""/></text:p>

     </table:table-cell>
     <table:table-cell table:style-name="Tabelle20.A1" table:value-type="string">
      <text:p text:style-name="Paragraph"><help:key-word value="컨트롤; 가져오기 및 내보내기" tag="kw66036_77"/><help:to-be-embedded Eid="formularimexport">현재 <help:productname>%PRODUCTNAME</help:productname> 버전의 양식 기능은 StarOffice 5.0 이전 버전에서는 지원되지 않습니다. 컨트롤 필드가 포함된 이전 버전의 문서를 가져오고 내보낼 때는 변환이 수행되지 않습니다. 컨트롤 필드 및 해당 등록 정보 대신 적색 직사각형을 가져오고 청색 직사각형을 내보냅니다. 양식 등록 정보는 가져오기 및 내보내기가 수행되는 동안 없어집니다.</help:to-be-embedded></text:p>
     </table:table-cell>
    </table:table-row>
   </table:table-header-rows>
  </table:table>
  <text:p text:style-name="Paragraph"><help:key-word value="삽입; 양식 필드" tag="kw66036_76"/><help:key-word value="양식 필드; 삽입" tag="kw66036_75"/>특정 양식 기능을 문서에 삽입하려면 부동 도구 모음에서 해당 아이콘을 누릅니다. 그러면 문서에 열려 있는 개체를 끌 수 있는 십자형 기호와 함께 마우스 포인터가 표시됩니다. 사각형 컨트롤 필드를 만들려면 &lt;Shift&gt; 키를 누른 상태에서 끕니다.</text:p>
  <table:table table:name="Tabelle27" table:style-name="Tabelle27">
   <table:table-column table:style-name="Tabelle27.A"/>
   <table:table-column table:style-name="Tabelle27.B"/>
   <table:table-header-rows>
    <table:table-row table:style-name="Tabelle27.1">
     <table:table-cell table:style-name="Tabelle27.A1" table:value-type="string">
      <text:p text:style-name="Paragraph"><draw:image draw:name="아이콘3" svg:desc="팁 아이콘" svg:pixelx="32" svg:pixely="32" svg:width="0.847cm" svg:height="0.847cm" xlink:href="66732" draw:filter-name=""/></text:p>

     </table:table-cell>
     <table:table-cell table:style-name="Tabelle27.A1" table:value-type="string">
      <text:p text:style-name="Paragraph">테이블의 필드 목록이나 쿼리로부터 필드를 삽입하려면 열려 있는 테이블이나 쿼리로부터 양식으로 필드를 끕니다. 텍스트 문서에서 열 머리글을 끌어서 놓으면 필드가 삽입됩니다. <help:switch select="System"><help:case select ="MAC">&lt;command&gt;</help:case><help:default>&lt;Ctrl&gt;</help:default></help:switch>+&lt;Shift&gt;를 누른 상태에서 열 머리글을 놓으면 양식 컨트롤의 그룹과 레이블을 만들 수 있습니다.</text:p>
     </table:table-cell>
    </table:table-row>
   </table:table-header-rows>
  </table:table>
  <text:p text:style-name="Paragraph">양식 컨트롤을 문서에 삽입한 다음에는 해당 등록 정보를 편집할 수 있습니다. 컨트롤을 선택하고 [컨트롤 등록 정보] 아이콘을 누르거나 [컨트롤] 컨텍스트 메뉴 명령을 선택합니다. 등록 정보를 지정할 수 있는 대화 상자가 표시됩니다.</text:p>
  <text:p text:style-name="Paragraph"><help:key-word value="니모닉; 컨트롤에서" tag="kw66036_74"/>레이블의 한 문자를 니모닉으로 지정하여 키보드에서 해당 문자를 눌러 이 컨트롤에 빠르게 액세스할 수 있게 하려면 레이블의 문자 앞에 물결 기호(~) 문자를 삽입합니다.</text:p>
  <text:p text:style-name="Paragraph">끌어 놓기를 사용하거나 먼저 컨트롤을 복사하여 클립보드에 복사한 다음 새 문서에 붙여 넣음으로써 한 문서에서 다른 문서로 컨트롤을 복사할 수 있습니다. 동시에 <help:productname>%PRODUCTNAME</help:productname>은(는) 대상 문서의 논리 양식 구조에서 올바른 위치에 삽입이 가능하도록 [양식 등록 정보] - [데이터] 탭 페이지에서 세 가지 등록 정보, &quot;데이터 원본&quot;, &quot;내용 유형&quot; 및 &quot;내용&quot;을 분석합니다. 예를 들어, 주소록의 내용을 표시하는 컨트롤은 대상 문서로 복사한 다음에 주소록 내용을 표시합니다. 컨트롤이 대상 문서의 양식 구조로 삽입되거나 대상 문서의 양식 구조가 만들어집니다.</text:p>
  <text:p text:style-name="Paragraph"><a name="kontrollfelder"/>다음의 컨트롤 필드가 있습니다:</text:p>
  <text:p text:style-name="Head 2"><help:help-id value="SID_FM_PUSHBUTTON"/><help:key-word value="명령 버튼; 양식 기능" tag="kw66036_73"/><help:key-word value="버튼; 양식 기능" tag="kw66036_72"/><help:key-word value="누름 버튼; 양식 기능" tag="kw66036_71"/><help:key-word value="컨트롤; 버튼" tag="kw66036_70"/>누름 버튼</text:p>
  <table:table table:name="Tabelle2" table:style-name="Tabelle2">
   <table:table-column table:style-name="Tabelle2.A"/>
   <table:table-column table:style-name="Tabelle2.B"/>
   <table:table-header-rows>
    <table:table-row>
     <table:table-cell table:value-type="string">
      <text:p text:style-name="Paragraph"><draw:image draw:name="아이콘4" svg:desc="아이콘" svg:pixelx="25" svg:pixely="25" svg:width="0.661cm" svg:height="0.661cm" xlink:href="65740" draw:filter-name=""/></text:p>

     </table:table-cell>
     <table:table-cell table:value-type="string">
      <text:p text:style-name="Paragraph"><help:help-text value="visible">누름 버튼을 만듭니다.</help:help-text> 이 기능은 마우스 누르기처럼 지정된 이벤트의 명령을 실행할 때 사용할 수 있습니다.</text:p>
      <text:p text:style-name="Paragraph">이 버튼에 텍스트 및 그림을 적용할 수 있습니다.</text:p>
     </table:table-cell>
    </table:table-row>
   </table:table-header-rows>
  </table:table>
  <text:p text:style-name="Head 2"><help:help-id value="SID_FM_RADIOBUTTON"/><help:key-word value="옵션 버튼; 양식 기능" tag="kw66036_69"/><help:key-word value="라디오 버튼; 양식 기능" tag="kw66036_68"/><help:key-word value="옵션 필드; 양식 기능" tag="kw66036_67"/><help:key-word value="컨트롤; 옵션 필드" tag="kw66036_66"/>옵션 버튼</text:p>
  <table:table table:name="Tabelle3" table:style-name="Tabelle3">
   <table:table-column table:style-name="Tabelle3.A"/>
   <table:table-column table:style-name="Tabelle3.B"/>
   <table:table-header-rows>
    <table:table-row>
     <table:table-cell table:value-type="string">
      <text:p text:style-name="Paragraph"><draw:image draw:name="아이콘5" svg:desc="아이콘" svg:pixelx="25" svg:pixely="25" svg:width="0.661cm" svg:height="0.661cm" xlink:href="66218" draw:filter-name=""/></text:p>

     </table:table-cell>
     <table:table-cell table:value-type="string">
      <text:p text:style-name="Paragraph"><help:help-text value="visible">옵션 버튼을 만듭니다.</help:help-text> 옵션 버튼을 사용하면 여러 옵션 중 하나를 선택할 수 있습니다. 기능이 같은 옵션 버튼은 같은 이름, 즉 <help:link Id="65921" Eid="name">[이름]</help:link> 등록 정보를 갖습니다. 보통 <help:link Id="66036" Eid="gruppierungsrahmen">그룹 상자</help:link>가 지정됩니다.</text:p>
     </table:table-cell>
    </table:table-row>
   </table:table-header-rows>
  </table:table>
  <text:p text:style-name="Head 2"><help:help-id value="SID_FM_CHECKBOX"/><help:key-word value="체크박스; 양식 기능" tag="kw66036_65"/><help:key-word value="확인란; 양식 기능" tag="kw66036_64"/><help:key-word value="양식 기능; 확인란" tag="kw66036_63"/><help:key-word value="컨트롤 필드; 확인란" tag="kw66036_62"/>확인란</text:p>
  <table:table table:name="Tabelle4" table:style-name="Tabelle4">
   <table:table-column table:style-name="Tabelle4.A"/>
   <table:table-column table:style-name="Tabelle4.B"/>
   <table:table-header-rows>
    <table:table-row>
     <table:table-cell table:value-type="string">
      <text:p text:style-name="Paragraph"><draw:image draw:name="아이콘6" svg:desc="아이콘" svg:pixelx="25" svg:pixely="25" svg:width="0.661cm" svg:height="0.661cm" xlink:href="66135" draw:filter-name=""/></text:p>

     </table:table-cell>
     <table:table-cell table:value-type="string">
      <text:p text:style-name="Paragraph"><help:help-text value="visible">확인란을 만듭니다.</help:help-text> 확인란을 사용하여 양식에서 특정 기능을 활성화하거나 비활성화할 수 있습니다.</text:p>
     </table:table-cell>
    </table:table-row>
   </table:table-header-rows>
  </table:table>
  <text:p text:style-name="Head 2"><help:help-id value="SID_FM_FIXEDTEXT"/><help:key-word value="레이블; 양식 기능" tag="kw66036_61"/><help:key-word value="고정 텍스트; 양식 기능" tag="kw66036_60"/><help:key-word value="양식 기능; 레이블" tag="kw66036_59"/><help:key-word value="컨트롤; 레이블" tag="kw66036_58"/>레이블 필드</text:p>
  <table:table table:name="Tabelle5" table:style-name="Tabelle5">
   <table:table-column table:style-name="Tabelle5.A"/>
   <table:table-column table:style-name="Tabelle5.B"/>
   <table:table-header-rows>
    <table:table-row>
     <table:table-cell table:value-type="string">
      <text:p text:style-name="Paragraph"><draw:image draw:name="아이콘7" svg:desc="아이콘" svg:pixelx="25" svg:pixely="25" svg:width="0.661cm" svg:height="0.661cm" xlink:href="65706" draw:filter-name=""/></text:p>

     </table:table-cell>
     <table:table-cell table:value-type="string">
      <text:p text:style-name="Paragraph"><help:help-text value="visible">텍스트를 표시할 필드를 만듭니다.</help:help-text> 이 레이블은 미리 지정된 텍스트를 표시할 수 있는 경우에만 사용됩니다. 이 필드에서는 항목을 만들 수 없습니다.</text:p>
     </table:table-cell>
    </table:table-row>
   </table:table-header-rows>
  </table:table>
  <text:p text:style-name="Head 2"><help:help-id value="SID_FM_GROUPBOX"/><a name="gruppierungsrahmen"/><help:key-word value="그룹 상자; 양식 기능" tag="kw66036_57"/><help:key-word value="양식 기능; 그룹화 프레임" tag="kw66036_56"/><help:key-word value="그룹화 프레임; 양식 기능" tag="kw66036_55"/><help:key-word value="컨트롤 필드; 그룹화 프레임" tag="kw66036_54"/>그룹화 프레임</text:p>
  <table:table table:name="Tabelle6" table:style-name="Tabelle6">
   <table:table-column table:style-name="Tabelle6.A"/>
   <table:table-column table:style-name="Tabelle6.B"/>
   <table:table-header-rows>
    <table:table-row>
     <table:table-cell table:value-type="string">
      <text:p text:style-name="Paragraph"><draw:image draw:name="아이콘8" svg:desc="아이콘" svg:pixelx="25" svg:pixely="25" svg:width="0.661cm" svg:height="0.661cm" xlink:href="65902" draw:filter-name=""/></text:p>

     </table:table-cell>
     <table:table-cell table:value-type="string">
      <text:p text:style-name="Paragraph"><help:help-text value="visible">여러 컨트롤을 그룹화하여 표시할 프레임을 만듭니다.</help:help-text> 그룹 상자를 사용하여 여러 옵션 버튼을 하나의 프레임으로 그룹화할 수 있습니다.</text:p>
      <text:p text:style-name="Paragraph">그룹화 프레임을 문서에 삽입하면 옵션 그룹을 쉽게 만들 수 있는 <help:link Id="66124">자동 파일럿 그룹 요소</help:link>가 시작됩니다.</text:p>
     </table:table-cell>
    </table:table-row>
   </table:table-header-rows>
  </table:table>
  <text:p text:style-name="Paragraph"><text:span text:style-name="T1">참고: </text:span>기존의 컨트롤 필드를 통해 그룹화 프레임을 끌어온 다음 컨트롤 필드를 나중에 선택하려면 먼저 그룹화 프레임의 컨텍스트 메뉴에서 <text:span text:style-name="T1">정렬 - 맨 뒤로</text:span> 명령어를 불러와야 합니다. 그리고 <help:switch select="System"><help:case select ="MAC">명령 키</help:case><help:default>(Ctrl) 키</help:default></help:switch>를 누른 상태에서 컨트롤 필드를 클릭하면 컨트롤 필드를 선택할 수 있습니다.</text:p>
  <table:table table:name="Tabelle24" table:style-name="Tabelle24">
   <table:table-column table:style-name="Tabelle24.A"/>
   <table:table-column table:style-name="Tabelle24.B"/>
   <table:table-header-rows>
    <table:table-row table:style-name="Tabelle24.1">
     <table:table-cell table:style-name="Tabelle24.A1" table:value-type="string">
      <text:p text:style-name="Paragraph"><draw:image draw:name="아이콘9" svg:desc="참고 아이콘" svg:pixelx="32" svg:pixely="32" svg:width="0.847cm" svg:height="0.847cm" xlink:href="65980" draw:filter-name=""/></text:p>

     </table:table-cell>
     <table:table-cell table:style-name="Tabelle24.A1" table:value-type="string">
      <text:p text:style-name="Paragraph">그룹 상자는 시각 효과를 위해서만 사용합니다. 옵션 필드의 기능 그룹화는 이름 지정을 통해 수행할 수 있습니다. 모든 옵션 필드의 <help:link Id="65921" Eid="name">[이름]</help:link> 등록 정보에 같은 이름을 입력해야 그룹화할 수 있습니다.</text:p>
     </table:table-cell>
    </table:table-row>
   </table:table-header-rows>
  </table:table>
  <text:p text:style-name="Head 2"><help:help-id value="SID_FM_EDIT"/><help:key-word value="텍스트 상자; 양식 기능" tag="kw66036_53"/><help:key-word value="양식 기능; 텍스트 상자" tag="kw66036_52"/><help:key-word value="컨트롤; 텍스트 상자" tag="kw66036_51"/>텍스트 상자</text:p>
  <table:table table:name="Tabelle7" table:style-name="Tabelle7">
   <table:table-column table:style-name="Tabelle7.A"/>
   <table:table-column table:style-name="Tabelle7.B"/>
   <table:table-header-rows>
    <table:table-row>
     <table:table-cell table:value-type="string">
      <text:p text:style-name="Paragraph"><draw:image draw:name="아이콘10" svg:desc="아이콘" svg:pixelx="25" svg:pixely="25" svg:width="0.661cm" svg:height="0.661cm" xlink:href="66724" draw:filter-name=""/></text:p>

     </table:table-cell>
     <table:table-cell table:value-type="string">
      <text:p text:style-name="Paragraph"><help:help-text value="visible">텍스트 상자를 만듭니다.</help:help-text> 텍스트 상자는 텍스트를 입력할 수 있는 필드입니다. 양식에서 텍스트 상자는 데이터를 표시하거나 새 데이터를 입력하는 위치입니다.</text:p>
     </table:table-cell>
    </table:table-row>
   </table:table-header-rows>
  </table:table>
  <text:p text:style-name="Head 2"><help:help-id value="SID_FM_LISTBOX"/><help:key-word value="양식 기능; 목록 상자" tag="kw66036_50"/><help:key-word value="목록 상자; 양식 기능" tag="kw66036_49"/><help:key-word value="선택 목록; 양식 기능" tag="kw66036_48"/><help:key-word value="드롭다운 목록; 양식 기능" tag="kw66036_47"/><help:key-word value="컨트롤; 목록 상자" tag="kw66036_46"/>목록 상자</text:p>
  <table:table table:name="Tabelle8" table:style-name="Tabelle8">
   <table:table-column table:style-name="Tabelle8.A"/>
   <table:table-column table:style-name="Tabelle8.B"/>
   <table:table-header-rows>
    <table:table-row>
     <table:table-cell table:value-type="string">
      <text:p text:style-name="Paragraph"><draw:image draw:name="아이콘11" svg:desc="아이콘" svg:pixelx="25" svg:pixely="25" svg:width="0.661cm" svg:height="0.661cm" xlink:href="66117" draw:filter-name=""/></text:p>

     </table:table-cell>
     <table:table-cell table:value-type="string">
      <text:p text:style-name="Paragraph"><help:help-text value="visible">이 아이콘을 사용하여 목록 필드를 만드십시오.</help:help-text> 목록 필드에서 사용자는 목록의 항목을 선택할 수 있습니다. 양식이 데이터베이스에 연결되어 있고 데이터베이스 연결이 작동 중일 경우 문서에 목록 필드를 삽입하면 이 컨트롤 필드를 만드는데 사용되는 <help:link Id="65956"><text:span text:style-name="T1">자동 파일럿 목록 필드</text:span></help:link>가 자동으로 나타납니다.</text:p>
     </table:table-cell>
    </table:table-row>
   </table:table-header-rows>
  </table:table>
  <text:p text:style-name="Head 2"><help:help-id value="SID_FM_COMBOBOX"/><help:key-word value="콤보 상자; 양식 기능" tag="kw66036_45"/><help:key-word value="양식 기능; 콤보 상자" tag="kw66036_44"/><help:key-word value="컨트롤; 콤보 상자" tag="kw66036_43"/>콤보 상자</text:p>
  <table:table table:name="Tabelle9" table:style-name="Tabelle9">
   <table:table-column table:style-name="Tabelle9.A"/>
   <table:table-column table:style-name="Tabelle9.B"/>
   <table:table-header-rows>
    <table:table-row>
     <table:table-cell table:value-type="string">
      <text:p text:style-name="Paragraph"><draw:image draw:name="아이콘12" svg:desc="아이콘" svg:pixelx="25" svg:pixely="25" svg:width="0.661cm" svg:height="0.661cm" xlink:href="66048" draw:filter-name=""/></text:p>

     </table:table-cell>
     <table:table-cell table:value-type="string">
      <text:p text:style-name="Paragraph"><help:help-text value="visible">콤보 상자를 만듭니다.</help:help-text> 콤보 상자는 옵션을 선택할 수 있는 드롭다운 목록으로 구성된 한 줄형 목록 상자입니다. 콤보 상자에 &quot;읽기 전용&quot; 속성을 지정하면 목록에 표시되지 않은 다른 항목을 입력할 수 없습니다. 양식이 데이터베이스와 연결되어 있고 데이터베이스 연결이 활성화된 상태에서 문서에 콤보 상자를 삽입하면 <help:link Id="65956">[콤보 상자 자동 파일럿]</help:link>이 자동으로 나타납니다.</text:p>
     </table:table-cell>
    </table:table-row>
   </table:table-header-rows>
  </table:table>
  <text:p text:style-name="Head 2"><help:help-id value="SID_FM_IMAGEBUTTON"/><help:key-word value="이미지 버튼; 양식 기능" tag="kw66036_42"/><help:key-word value="양식 기능; 그래픽 버튼" tag="kw66036_41"/><help:key-word value="그래픽 버튼; 양식 기능" tag="kw66036_40"/><help:key-word value="컨트롤 필드; 그래픽 버튼" tag="kw66036_39"/>그래픽 버튼</text:p>
  <table:table table:name="Tabelle10" table:style-name="Tabelle10">
   <table:table-column table:style-name="Tabelle10.A"/>
   <table:table-column table:style-name="Tabelle10.B"/>
   <table:table-header-rows>
    <table:table-row>
     <table:table-cell table:value-type="string">
      <text:p text:style-name="Paragraph"><draw:image draw:name="아이콘13" svg:desc="아이콘" svg:pixelx="25" svg:pixely="25" svg:width="0.661cm" svg:height="0.661cm" xlink:href="65992" draw:filter-name=""/></text:p>

     </table:table-cell>
     <table:table-cell table:value-type="string">
      <text:p text:style-name="Paragraph"><help:help-text value="visible">이미지로 표시되는 버튼을 만듭니다.</help:help-text> 그림으로 표시된다는 점을 제외하면 이미지 버튼은 &quot;일반&quot; 버튼과 같은 등록 정보를 갖습니다.</text:p>
     </table:table-cell>
    </table:table-row>
   </table:table-header-rows>
  </table:table>
  <text:p text:style-name="Head 2"><help:help-id value="SID_FM_IMAGECONTROL"/><a name="grafischeskontrollfeld"/><help:key-word value="이미지 컨트롤; 양식 기능" tag="kw66036_38"/><help:key-word value="양식 기능; 그래픽 컨트롤 필드" tag="kw66036_37"/><help:key-word value="그래픽 컨트롤 필드; 양식 기능" tag="kw66036_36"/><help:key-word value="컨트롤 필드; 그래픽 컨트롤 필드" tag="kw66036_35"/>그래픽 컨트롤 필드</text:p>
  <table:table table:name="Tabelle19" table:style-name="Tabelle19">
   <table:table-column table:style-name="Tabelle19.A"/>
   <table:table-column table:style-name="Tabelle19.B"/>
   <table:table-header-rows>
    <table:table-row>
     <table:table-cell table:value-type="string">
      <text:p text:style-name="Paragraph"><draw:image draw:name="아이콘14" svg:desc="아이콘" svg:pixelx="25" svg:pixely="25" svg:width="0.661cm" svg:height="0.661cm" xlink:href="65941" draw:filter-name=""/></text:p>

     </table:table-cell>
     <table:table-cell table:value-type="string">
      <text:p text:style-name="Paragraph"><help:help-text value="visible">이 아이콘을 사용하여 그래픽 컨트롤 필드를 만드십시오.</help:help-text> 이 컨트롤 필드는 데이터베이스에 그림을 추가하는 데만 사용됩니다. 양식 보기에서 이러한 필드를 더블 클릭하면 그림을 삽입할 수 있는 <text:span text:style-name="T1">그래픽 삽입</text:span> 대화 상자가 열립니다. 또한 그래픽의 삽입 및 삭제 명령어가 있는 컨텍스트 메뉴(디자인 모드에는 없음)가 있습니다.</text:p>
      <text:p text:style-name="Paragraph">데이터베이스에 수록된 이미지를 양식에 표시할 수 있으며, 이미지 컨트롤이 쓰기 보호되어 있지 않은 경우에는 새 이미지를 데이터베이스에 삽입할 수 있습니다. 컨트롤은 해당 이미지 유형의 데이터베이스 필드를 참조해야 합니다. 따라서 [데이터] 탭 페이지의 등록 정보 창에 해당 데이터 필드를 입력하십시오.</text:p>
     </table:table-cell>
    </table:table-row>
   </table:table-header-rows>
  </table:table>
  <text:p text:style-name="Head 2"><help:help-id value="SID_FM_FILECONTROL"/><help:key-word value="양식 기능; 파일 선택" tag="kw66036_34"/><help:key-word value="파일 선택; 양식 기능" tag="kw66036_33"/><help:key-word value="컨트롤; 파일 선택" tag="kw66036_32"/>파일 선택</text:p>
  <table:table table:name="Tabelle11" table:style-name="Tabelle11">
   <table:table-column table:style-name="Tabelle11.A"/>
   <table:table-column table:style-name="Tabelle11.B"/>
   <table:table-header-rows>
    <table:table-row>
     <table:table-cell table:value-type="string">
      <text:p text:style-name="Paragraph"><draw:image draw:name="아이콘15" svg:desc="아이콘" svg:pixelx="25" svg:pixely="25" svg:width="0.661cm" svg:height="0.661cm" xlink:href="65758" draw:filter-name=""/></text:p>

     </table:table-cell>
     <table:table-cell table:value-type="string">
      <text:p text:style-name="Paragraph"><help:help-text value="visible">파일을 선택할 수 있는 버튼을 만듭니다.</help:help-text></text:p>
     </table:table-cell>
    </table:table-row>
   </table:table-header-rows>
  </table:table>
  <text:p text:style-name="Head 2"><help:help-id value="SID_FM_DATEFIELD"/><help:key-word value="양식 기능; 날짜 필드" tag="kw66036_31"/><help:key-word value="날짜 필드; 양식 기능" tag="kw66036_30"/><help:key-word value="컨트롤 필드; 날짜 필드" tag="kw66036_29"/>날짜 필드</text:p>
  <table:table table:name="Tabelle12" table:style-name="Tabelle12">
   <table:table-column table:style-name="Tabelle12.A"/>
   <table:table-column table:style-name="Tabelle12.B"/>
   <table:table-header-rows>
    <table:table-row>
     <table:table-cell table:value-type="string">
      <text:p text:style-name="Paragraph"><draw:image draw:name="아이콘16" svg:desc="아이콘" svg:pixelx="25" svg:pixely="25" svg:width="0.661cm" svg:height="0.661cm" xlink:href="65757" draw:filter-name=""/></text:p>

     </table:table-cell>
     <table:table-cell table:value-type="string">
      <text:p text:style-name="Paragraph"><help:help-text value="visible">날짜 필드를 만듭니다.</help:help-text> 양식이 데이터베이스와 연결되어 있으면 데이터베이스로부터 날짜 값을 가져올 수 있습니다.</text:p>
     </table:table-cell>
    </table:table-row>
   </table:table-header-rows>
  </table:table>
  <text:p text:style-name="Paragraph">날짜 필드에 &quot;열기&quot; 등록 정보를 부여할 경우 사용자는 날짜 필드 아래에서 날짜를 선택할 수 있는 칼렌더를 열 수 있습니다. 이는 표 컨트롤 필드 내에 있는 날짜 필드에도 적용됩니다.</text:p>
  <table:table table:name="Tabelle22" table:style-name="Tabelle22">
   <table:table-column table:style-name="Tabelle22.A"/>
   <table:table-column table:style-name="Tabelle22.B"/>
   <table:table-header-rows>
    <table:table-row table:style-name="Tabelle22.1">
     <table:table-cell table:style-name="Tabelle22.A1" table:value-type="string">
      <text:p text:style-name="Paragraph"><draw:image draw:name="아이콘17" svg:desc="팁 아이콘" svg:pixelx="32" svg:pixely="32" svg:width="0.847cm" svg:height="0.847cm" xlink:href="66732" draw:filter-name=""/></text:p>

     </table:table-cell>
     <table:table-cell table:style-name="Tabelle22.A1" table:value-type="string">
      <text:p text:style-name="Paragraph">&lt;위쪽 화살표&gt; 및 &lt;아래쪽 화살표&gt; 키를 사용하면 날짜 필드를 쉽게 편집할 수 있습니다. 커서 위치에 따라 화살표 키를 사용하여 일, 월, 연도를 증감시킬 수 있습니다.</text:p>
     </table:table-cell>
    </table:table-row>
   </table:table-header-rows>
  </table:table>
  <text:p text:style-name="Paragraph"><help:link Id="66031">날짜 필드에 대한 특별한 참고 사항</help:link>.</text:p>
  <text:p text:style-name="Head 2"><help:help-id value="SID_FM_TIMEFIELD"/><help:key-word value="양식 기능; 시간 필드" tag="kw66036_28"/><help:key-word value="시간 필드; 양식 기능" tag="kw66036_27"/><help:key-word value="컨트롤 필드; 시간 필드" tag="kw66036_26"/>시간 필드</text:p>
  <table:table table:name="Tabelle13" table:style-name="Tabelle13">
   <table:table-column table:style-name="Tabelle13.A"/>
   <table:table-column table:style-name="Tabelle13.B"/>
   <table:table-header-rows>
    <table:table-row>
     <table:table-cell table:value-type="string">
      <text:p text:style-name="Paragraph"><draw:image draw:name="아이콘18" svg:desc="아이콘" svg:pixelx="25" svg:pixely="25" svg:width="0.661cm" svg:height="0.661cm" xlink:href="65760" draw:filter-name=""/></text:p>

     </table:table-cell>
     <table:table-cell table:value-type="string">
      <text:p text:style-name="Paragraph"><help:help-text value="visible">이 아이콘을 사용하여 시간 필드를 만드십시오.</help:help-text> 양식을 데이터베이스와 연결할 경우 데이터베이스의 시간값이 양식에 적용될 수 있습니다.</text:p>
     </table:table-cell>
    </table:table-row>
   </table:table-header-rows>
  </table:table>
  <table:table table:name="Tabelle23" table:style-name="Tabelle23">
   <table:table-column table:style-name="Tabelle23.A"/>
   <table:table-column table:style-name="Tabelle23.B"/>
   <table:table-header-rows>
    <table:table-row table:style-name="Tabelle23.1">
     <table:table-cell table:style-name="Tabelle23.A1" table:value-type="string">
      <text:p text:style-name="Paragraph"><draw:image draw:name="아이콘19" svg:desc="팁 아이콘" svg:pixelx="32" svg:pixely="32" svg:width="0.847cm" svg:height="0.847cm" xlink:href="66732" draw:filter-name=""/></text:p>

     </table:table-cell>
     <table:table-cell table:style-name="Tabelle23.A1" table:value-type="string">
      <text:p text:style-name="Paragraph">&lt;위쪽 화살표&gt; 및 &lt;아래쪽 화살표&gt; 키를 사용하면 시간 필드를 쉽게 편집할 수 있습니다. 커서 위치에 따라 화살표 키를 사용하여 시, 분, 초를 증감시킬 수 있습니다.</text:p>
     </table:table-cell>
    </table:table-row>
   </table:table-header-rows>
  </table:table>
  <text:p text:style-name="Head 2"><help:help-id value="SID_FM_NUMERICFIELD"/><help:key-word value="양식 기능; 숫자 필드" tag="kw66036_25"/><help:key-word value="숫자 필드; 양식 기능" tag="kw66036_24"/><help:key-word value="컨트롤 필드; 숫자 필드" tag="kw66036_23"/>숫자 필드</text:p>
  <table:table table:name="Tabelle14" table:style-name="Tabelle14">
   <table:table-column table:style-name="Tabelle14.A"/>
   <table:table-column table:style-name="Tabelle14.B"/>
   <table:table-header-rows>
    <table:table-row>
     <table:table-cell table:value-type="string">
      <text:p text:style-name="Paragraph"><draw:image draw:name="아이콘20" svg:desc="아이콘" svg:pixelx="25" svg:pixely="25" svg:width="0.661cm" svg:height="0.661cm" xlink:href="66193" draw:filter-name=""/></text:p>

     </table:table-cell>
     <table:table-cell table:value-type="string">
      <text:p text:style-name="Paragraph"><help:help-text value="visible">이 아이콘을 사용하여 숫자 필드를 만드십시오.</help:help-text> 양식을 데이터베이스와 연결할 경우 데이터베이스의 숫자값이 양식에 적용될 수 있습니다.</text:p>
     </table:table-cell>
    </table:table-row>
   </table:table-header-rows>
  </table:table>
  <text:p text:style-name="Head 2"><help:help-id value="SID_FM_FORMATTEDFIELD"/><help:key-word value="양식 기능; 서식 지정 필드" tag="kw66036_22"/><help:key-word value="서식 지정 필드; 양식 기능" tag="kw66036_21"/><help:key-word value="컨트롤 필드; 서식 지정 필드" tag="kw66036_20"/>서식 지정 필드</text:p>
  <table:table table:name="Tabelle28" table:style-name="Tabelle28">
   <table:table-column table:style-name="Tabelle28.A"/>
   <table:table-column table:style-name="Tabelle28.B"/>
   <table:table-header-rows>
    <table:table-row>
     <table:table-cell table:value-type="string">
      <text:p text:style-name="Paragraph"><draw:image draw:name="아이콘21" svg:desc="아이콘" svg:pixelx="25" svg:pixely="25" svg:width="0.661cm" svg:height="0.661cm" xlink:href="65889" draw:filter-name=""/></text:p>

     </table:table-cell>
     <table:table-cell table:value-type="string">
      <text:p text:style-name="Paragraph"><help:help-text value="visible">서식 있는 필드를 만듭니다.</help:help-text> 서식 있는 필드는 입력 및 출력의 서식 설정을 지정할 수 있고 제한 값이 적용되는 텍스트 상자입니다.</text:p>
     </table:table-cell>
    </table:table-row>
   </table:table-header-rows>
  </table:table>
  <text:p text:style-name="Paragraph">서식 지정 필드에는 <help:link Id="65939">특수한 컨트롤 필드 등록 정보</help:link>가 있습니다 (<text:span text:style-name="T1">서식 - 컨트롤 필드</text:span>).</text:p>
  <text:p text:style-name="Head 2"><help:help-id value="SID_FM_CURRENCYFIELD"/><help:key-word value="양식 기능; 통화 필드" tag="kw66036_19"/><help:key-word value="통화 필드; 양식 기능" tag="kw66036_18"/><help:key-word value="컨트롤 필드; 통화 필드" tag="kw66036_17"/>통화 필드</text:p>
  <table:table table:name="Tabelle15" table:style-name="Tabelle15">
   <table:table-column table:style-name="Tabelle15.A"/>
   <table:table-column table:style-name="Tabelle15.B"/>
   <table:table-header-rows>
    <table:table-row>
     <table:table-cell table:value-type="string">
      <text:p text:style-name="Paragraph"><draw:image draw:name="아이콘22" svg:desc="아이콘" svg:pixelx="25" svg:pixely="25" svg:width="0.661cm" svg:height="0.661cm" xlink:href="65933" draw:filter-name=""/></text:p>

     </table:table-cell>
     <table:table-cell table:value-type="string">
      <text:p text:style-name="Paragraph"><help:help-text value="visible">통화 필드를 만듭니다.</help:help-text> 양식이 데이터베이스와 연결되어 있으면 데이터베이스로부터 통화 필드 내용을 가져올 수 있습니다.</text:p>
     </table:table-cell>
    </table:table-row>
   </table:table-header-rows>
  </table:table>
  <text:p text:style-name="Head 2"><help:help-id value="SID_FM_PATTERNFIELD"/><help:key-word value="양식 기능; 패턴 필드" tag="kw66036_16"/><help:key-word value="패턴 필드; 양식 기능" tag="kw66036_15"/><help:key-word value="컨트롤 필드; 패턴 필드" tag="kw66036_14"/>패턴 필드</text:p>
  <table:table table:name="Tabelle16" table:style-name="Tabelle16">
   <table:table-column table:style-name="Tabelle16.A"/>
   <table:table-column table:style-name="Tabelle16.B"/>
   <table:table-header-rows>
    <table:table-row>
     <table:table-cell table:value-type="string">
      <text:p text:style-name="Paragraph"><draw:image draw:name="아이콘23" svg:desc="아이콘" svg:pixelx="25" svg:pixely="25" svg:width="0.661cm" svg:height="0.661cm" xlink:href="66136" draw:filter-name=""/></text:p>

     </table:table-cell>
     <table:table-cell table:value-type="string">
      <text:p text:style-name="Paragraph"><help:help-text value="visible">패턴 필드를 만듭니다.</help:help-text> 패턴 필드는 편집 마스크와 리터럴 마스크로 구성됩니다. 편집 마스크는 어떤 데이터를 입력할 수 있는지를 지정합니다. 리터럴 마스크는 양식 로드 시 패턴 필드의 내용을 지정합니다.</text:p>
     </table:table-cell>
    </table:table-row>
   </table:table-header-rows>
  </table:table>
  <table:table table:name="Tabelle25" table:style-name="Tabelle25">
   <table:table-column table:style-name="Tabelle25.A"/>
   <table:table-column table:style-name="Tabelle25.B"/>
   <table:table-header-rows>
    <table:table-row table:style-name="Tabelle25.1">
     <table:table-cell table:style-name="Tabelle25.A1" table:value-type="string">
      <text:p text:style-name="Paragraph"><draw:image draw:name="아이콘24" svg:desc="참고 아이콘" svg:pixelx="32" svg:pixely="32" svg:width="0.847cm" svg:height="0.847cm" xlink:href="65980" draw:filter-name=""/></text:p>

     </table:table-cell>
     <table:table-cell table:style-name="Tabelle25.A1" table:value-type="string">
      <text:p text:style-name="Paragraph">HTML 형식에서는 패턴 필드가 고려되지 않습니다.</text:p>
     </table:table-cell>
    </table:table-row>
   </table:table-header-rows>
  </table:table>
  <text:p text:style-name="Head 2"><help:help-id value="SID_FM_DBGRID"/><help:key-word value="그리드 컨트롤; 양식 기능" tag="kw66036_13"/><help:key-word value="양식 기능; 표 컨트롤 필드" tag="kw66036_12"/><help:key-word value="표 컨트롤 필드; 양식 기능" tag="kw66036_11"/><help:key-word value="컨트롤 필드; 표 컨트롤 필드" tag="kw66036_10"/>표 컨트롤 필드</text:p>
  <table:table table:name="Tabelle18" table:style-name="Tabelle18">
   <table:table-column table:style-name="Tabelle18.A"/>
   <table:table-column table:style-name="Tabelle18.B"/>
   <table:table-header-rows>
    <table:table-row>
     <table:table-cell table:value-type="string">
      <text:p text:style-name="Paragraph"><draw:image draw:name="아이콘25" svg:desc="아이콘" svg:pixelx="25" svg:pixely="25" svg:width="0.661cm" svg:height="0.661cm" xlink:href="66700" draw:filter-name=""/></text:p>

     </table:table-cell>
     <table:table-cell table:value-type="string">
      <text:p text:style-name="Paragraph"><help:help-text value="visible">이 아이콘을 사용하여 데이터베이스 테이블의 컨트롤 필드를 만드십시오.</help:help-text> 새로운 표 컨트롤 필드가 만들어질 경우 컨트롤 필드를 만드는데 사용되는 <help:link Id="65918"><text:span text:style-name="T1">자동 파일럿 표 요소</text:span></help:link>가 자동으로 나타납니다.</text:p>
      <text:p text:style-name="Paragraph">테이블 컨트롤 필드는 데이터베이스 양식의 테이블 보기입니다. 양식을 데이터베이스와 연결하면 테이블 컨트롤 필드는 데이터 원본의 데이터를 표시할 수 있습니다. 데이터 원본 보기와 같은 방식으로 이 컨트롤 필드를 사용할 수 있으며, 데이터 입력, 삭제, 편집 등이 가능합니다.</text:p>
     </table:table-cell>
    </table:table-row>
   </table:table-header-rows>
  </table:table>
  <text:p text:style-name="Paragraph"><help:link Id="65924">표 컨트롤 필드에 대한 특수한 참고 사항</help:link>.</text:p>
  <text:p text:style-name="Head 2"><a name="edit"/><help:key-word value="양식 기능; 선택" tag="kw66036_9"/><help:key-word value="선택; 양식 기능" tag="kw66036_8"/><help:key-word value="컨트롤; 선택" tag="kw66036_7"/>선택</text:p>
  <table:table table:name="Tabelle17" table:style-name="Tabelle17">
   <table:table-column table:style-name="Tabelle17.A"/>
   <table:table-column table:style-name="Tabelle17.B"/>
   <table:table-header-rows>
    <table:table-row>
     <table:table-cell table:value-type="string">
      <text:p text:style-name="Paragraph"><draw:image draw:name="아이콘26" svg:desc="아이콘" svg:pixelx="25" svg:pixely="25" svg:width="0.661cm" svg:height="0.661cm" xlink:href="65688" draw:filter-name=""/></text:p>

     </table:table-cell>
     <table:table-cell table:value-type="string">
      <text:p text:style-name="Paragraph"><help:help-text value="visible">이 아이콘은 마우스 포인터를 선택 모드로 전환하거나 선택 모드를 비활성화합니다. 선택 모드는 현재 양식의 컨트롤을 선택할 때 사용합니다.</help:help-text></text:p>
     </table:table-cell>
    </table:table-row>
   </table:table-header-rows>
  </table:table>
  <help:embedded Id="65962" Eid="control"></help:embedded>
  <help:embedded Id="65962" Eid="kontroll"></help:embedded>
  <help:embedded Id="65594" Eid="sycontroleigenschaften"></help:embedded>
  <help:embedded Id="65960" Eid="formular"></help:embedded>
  <help:embedded Id="65960" Eid="form"></help:embedded>
  <help:embedded Id="65594" Eid="syformulareigenschaften"></help:embedded>
  <help:embedded Id="66039" Eid="tabordner"></help:embedded>
  <help:embedded Id="66039" Eid="text"></help:embedded>
  <help:embedded Id="65594" Eid="sytabordner"></help:embedded>
  <text:p text:style-name="Head 2"><help:link Id="66002">필드 추가</help:link></text:p>
  <help:embedded Id="66002" Eid="text"></help:embedded>
  <help:embedded Id="65594" Eid="syfeldhinzu"></help:embedded>
  <help:embedded Id="65950" Eid="formex"></help:embedded>
  <help:embedded Id="65594" Eid="syformex"></help:embedded>
  <help:embedded Id="66018" Eid="designmodus"></help:embedded>
  <help:embedded Id="65594" Eid="sydesign"></help:embedded>
  <help:embedded Id="65937" Eid="imentwurfsmodusoeffnen"></help:embedded>
  <help:embedded Id="65594" Eid="syimentwurfsmodusoeffnen"></help:embedded>
  <text:p text:style-name="Head 2"><help:help-id value="SID_FM_AUTOCONTROLFOCUS"/><help:key-word value="컨트롤; 초점" tag="kw66036_6"/><help:key-word value="초점; 컨트롤" tag="kw66036_5"/><help:key-word value="양식; 연 후 초점" tag="kw66036_4"/><help:key-word value="자동 초점 컨트롤" tag="kw66036_3"/><help:key-word value="자동 초점; 컨트롤" tag="kw66036_2"/>자동 초점 컨트롤</text:p>
  <table:table table:name="Tabelle26" table:style-name="Tabelle26">
   <table:table-column table:style-name="Tabelle26.A"/>
   <table:table-column table:style-name="Tabelle26.B"/>
   <table:table-header-rows>
    <table:table-row>
     <table:table-cell table:value-type="string">
      <text:p text:style-name="Paragraph"><draw:image draw:name="아이콘27" svg:desc="아이콘" svg:pixelx="25" svg:pixely="25" svg:width="0.661cm" svg:height="0.661cm" xlink:href="65694" draw:filter-name=""/></text:p>

     </table:table-cell>
     <table:table-cell table:value-type="string">
      <text:p text:style-name="Paragraph"><help:help-text value="visible">[자동 초점 컨트롤]이 활성화되어 있는 경우 문서를 열면 첫 번째 양식 컨트롤이 선택됩니다. 버튼이 활성화되어 있지 않으면 연 다음 텍스트가 선택됩니다. 이미 지정한 <help:link Id="66039" Eid="tabordner">[활성화 순서]</help:link>에 따라 첫 번째 양식 컨트롤이 결정됩니다.</help:help-text></text:p>
     </table:table-cell>
    </table:table-row>
   </table:table-header-rows>
  </table:table>
  <help:embedded Id="65904" Eid="autopilotenanaus"></help:embedded>
  <help:embedded Id="65594" Eid="syautopilotenanaus"></help:embedded>
  <text:p text:style-name="Head 2"><help:link Id="65957">컨텍스트 메뉴의 명령어</help:link></text:p>
 </office:body>
</office:document>
