

<office:document  xmlns:office="http://openoffice.org/2000/office" xmlns:style="http://openoffice.org/2000/style" xmlns:text="http://openoffice.org/2000/text" xmlns:table="http://openoffice.org/2000/table" xmlns:draw="http://openoffice.org/2000/drawing" xmlns:fo="http://www.w3.org/1999/XSL/Format" xmlns:xlink="http://www.w3.org/1999/xlink" xmlns:number="http://openoffice.org/2000/datastyle" xmlns:svg="http://www.w3.org/2000/svg" xmlns:chart="http://openoffice.org/2000/chart" xmlns:dr3d="http://openoffice.org/2000/dr3d" xmlns:math="http://www.w3.org/1998/Math/MathML" xmlns:form="http://openoffice.org/2000/form" xmlns:script="http://openoffice.org/2000/script" office:class="text" office:version="1.0" xmlns:dc="http://purl.org/dc/elements/1.1/" xmlns:meta="http://openoffice.org/2000/meta" xmlns:help="http://openoffice.org/2000/help">
<office:meta>
  <dc:description>text/common/02/09070200</dc:description>
  <dc:subject>메일 &amp; 뉴스</dc:subject>

  <dc:language>ko-KR</dc:language>
  <meta:user-defined meta:name="Info 0">READY</meta:user-defined>
  <meta:user-defined meta:name="Info 1">FREE_OK</meta:user-defined>
  <meta:user-defined meta:name="Info 2"/>
  <meta:user-defined meta:name="Info 3"/>
</office:meta>
 <office:script/>
 <office:font-decls>
  <style:font-decl style:name="StarSymbol" fo:font-family="StarSymbol" style:font-charset="x-symbol"/>
  <style:font-decl style:name="Courier New" fo:font-family="&apos;Courier New&apos;" style:font-style-name="Standard" style:font-family-generic="modern" style:font-pitch="fixed"/>
  <style:font-decl style:name="Courier" fo:font-family="Courier" style:font-family-generic="roman" style:font-pitch="fixed"/>
  <style:font-decl style:name="Andale WT UI3" fo:font-family="&apos;Andale WT UI&apos;" style:font-pitch="variable"/>
  <style:font-decl style:name="Arial Unicode MS" fo:font-family="&apos;Arial Unicode MS&apos;" style:font-pitch="variable"/>
  <style:font-decl style:name="HG Mincho Light J" fo:font-family="&apos;HG Mincho Light J&apos;" style:font-pitch="variable"/>
  <style:font-decl style:name="Andale WT UI" fo:font-family="&apos;Andale WT UI&apos;" style:font-style-name="Fett" style:font-family-generic="roman" style:font-pitch="variable"/>
  <style:font-decl style:name="Andale WT UI1" fo:font-family="&apos;Andale WT UI&apos;" style:font-style-name="Standard" style:font-family-generic="roman" style:font-pitch="variable"/>
  <style:font-decl style:name="Thorndale" fo:font-family="Thorndale" style:font-family-generic="roman" style:font-pitch="variable"/>
  <style:font-decl style:name="Times New Roman" fo:font-family="&apos;Times New Roman&apos;" style:font-style-name="Fett" style:font-family-generic="roman" style:font-pitch="variable"/>
  <style:font-decl style:name="Andale WT UI2" fo:font-family="&apos;Andale WT UI&apos;" style:font-family-generic="swiss" style:font-pitch="variable"/>
 </office:font-decls>
 <office:automatic-styles>
  <style:style style:name="P1" style:family="paragraph" style:parent-style-name="Paragraph" style:master-page-name="HTML">
   <style:properties style:page-number="0"/>
  </style:style>
 </office:automatic-styles>
 <office:body>
  <text:variable-decls>
   <text:variable-decl text:value-type="string" text:name="HTML_ON"/>
   <text:variable-decl text:value-type="string" text:name="HTML_OFF"/>
   <text:variable-decl text:value-type="float" text:name="lala"/>
   <text:variable-decl text:value-type="string" text:name="TITEL"/>
   <text:variable-decl text:value-type="string" text:name="END"/>
   <text:variable-decl text:value-type="string" text:name="HREF"/>
   <text:variable-decl text:value-type="string" text:name="NAME"/>
   <text:variable-decl text:value-type="string" text:name="MODIFY"/>
   <text:variable-decl text:value-type="string" text:name="REFNR"/>
   <text:variable-decl text:value-type="string" text:name="HelpID"/>
   <text:variable-decl text:value-type="string" text:name="AKTHLP"/>
   <text:variable-decl text:value-type="string" text:name="KEY"/>
   <text:variable-decl text:value-type="string" text:name="INDEX"/>
   <text:variable-decl text:value-type="string" text:name="MAC"/>
   <text:variable-decl text:value-type="string" text:name="ELSE"/>
   <text:variable-decl text:value-type="string" text:name="OS2"/>
   <text:variable-decl text:value-type="string" text:name="HFELD"/>
   <text:variable-decl text:value-type="string" text:name="STYLE"/>
  </text:variable-decls>
  <text:sequence-decls>
   <text:sequence-decl text:display-outline-level="0" text:name="Illustration"/>
   <text:sequence-decl text:display-outline-level="0" text:name="Table"/>
   <text:sequence-decl text:display-outline-level="0" text:name="Text"/>
   <text:sequence-decl text:display-outline-level="0" text:name="Drawing"/>
  </text:sequence-decls>
  <help:to-be-embedded Eid="mailnews">
  <text:p text:style-name="Head 1"><help:help-id value="HID_HYPERLINK_MAIL"/><a name="mailnews"/><help:link Id="68397">메일 &amp; 뉴스</help:link></text:p>
  <text:p text:style-name="Paragraph"><help:link Id="65963">[하이퍼링크 대화 상자]</help:link>의 [메일 &amp; 뉴스] 페이지에서 전자 메일 및 뉴스 주소에 대한 하이퍼링크를 편집할 수 있습니다.</text:p>
  </help:to-be-embedded>
  <help:popup Id="65612" Eid="hypdiamailnews"><help:embedded Id="65598" Eid="wie"></help:embedded></help:popup>
  <text:p text:style-name="Head 2">메일 &amp; 뉴스</text:p>
  <text:p text:style-name="Head 3"><help:help-id value="SVX_RADIOBUTTON_RID_SVXPAGE_HYPERLINK_MAIL_RB_LINKTYP_MAIL"/><help:help-id value="SVX_RADIOBUTTON_RID_SVXPAGE_HYPERLINK_MAIL_RB_LINKTYP_MAIL"/>E-Mail</text:p>
  <text:p text:style-name="Paragraph"><help:help-text value="visible">하이퍼링크에 지정된 전자 메일 주소를 지정합니다.</help:help-text> 문서의 새 하이퍼링크를 누르면 새 메시지 문서가 열리고 [전자메일] 필드에서 지정한 받는 사람의 주소가 표시됩니다.</text:p>
  <text:p text:style-name="Head 3"><help:help-id value="SVX_RADIOBUTTON_RID_SVXPAGE_HYPERLINK_MAIL_RB_LINKTYP_NEWS"/><help:help-id value="SVX_RADIOBUTTON_RID_SVXPAGE_HYPERLINK_MAIL_RB_LINKTYP_NEWS"/>뉴스</text:p>
  <text:p text:style-name="Paragraph"><help:help-text value="visible">하이퍼링크에 새 주소를 지정합니다.</help:help-text> 문서의 하이퍼링크를 누르면 [받는 사람] 필드에서 입력한 새 그룹에 대한 새 메시지 문서가 열립니다.</text:p>
  <text:p text:style-name="Head 3"><help:help-id value="HID_HYPERDLG_MAIL_PATH"/><help:help-id value="HID_HYPERDLG_MAIL_PATH"/>받는 사람</text:p>
  <text:p text:style-name="Paragraph"><help:help-text value="visible">주소의 전체 URL을 mailto:name@provider.com 또는 news:group.server.com 등의 형식으로 지정합니다.</help:help-text> 끌어서 놓기를 사용할 수도 있습니다.</text:p>
  <text:p text:style-name="Head 3"><help:help-id value="SVX_IMAGEBUTTON_RID_SVXPAGE_HYPERLINK_MAIL_BTN_ADRESSBOOK"/>데이터 소스</text:p>
  <text:p text:style-name="Paragraph"><help:help-text value="visible">데이터 원본 브라우저를 숨기거나 표시합니다.</help:help-text> 받는 사람의 [전자 메일] 데이터 필드를 데이터 원본 브라우저에서 [받는 사람] 텍스트 필드로 끌어다 놓습니다.</text:p>
  <text:p text:style-name="Head 3"><help:help-id value="SVX_EDIT_RID_SVXPAGE_HYPERLINK_MAIL_ED_SUBJECT"/><help:help-id value="SVX_EDIT_RID_SVXPAGE_HYPERLINK_MAIL_ED_SUBJECT"/>주제</text:p>
  <text:p text:style-name="Paragraph"><help:help-text value="visible">새 메시지 문서의 제목 줄에 삽입되는 제목을 지정합니다.</help:help-text></text:p>
  <help:embedded Id="66027" Eid="weitere"></help:embedded>
 </office:body>
</office:document>
