

<office:document  xmlns:office="http://openoffice.org/2000/office" xmlns:style="http://openoffice.org/2000/style" xmlns:text="http://openoffice.org/2000/text" xmlns:table="http://openoffice.org/2000/table" xmlns:draw="http://openoffice.org/2000/drawing" xmlns:fo="http://www.w3.org/1999/XSL/Format" xmlns:xlink="http://www.w3.org/1999/xlink" xmlns:number="http://openoffice.org/2000/datastyle" xmlns:svg="http://www.w3.org/2000/svg" xmlns:chart="http://openoffice.org/2000/chart" xmlns:dr3d="http://openoffice.org/2000/dr3d" xmlns:math="http://www.w3.org/1998/Math/MathML" xmlns:form="http://openoffice.org/2000/form" xmlns:script="http://openoffice.org/2000/script" office:class="text" office:version="1.0" xmlns:dc="http://purl.org/dc/elements/1.1/" xmlns:meta="http://openoffice.org/2000/meta" xmlns:help="http://openoffice.org/2000/help">
<office:meta>
  <dc:description>text/common/02/12070100</dc:description>
  <dc:subject>표</dc:subject>

  <dc:language>ko-KR</dc:language>
  <meta:user-defined meta:name="Info 0">READY</meta:user-defined>
  <meta:user-defined meta:name="Info 1">FREE_OK</meta:user-defined>
  <meta:user-defined meta:name="Info 2"/>
  <meta:user-defined meta:name="Info 3"/>
</office:meta>
 <office:script/>
 <office:font-decls>
  <style:font-decl style:name="StarSymbol" fo:font-family="StarSymbol" style:font-charset="x-symbol"/>
  <style:font-decl style:name="Courier New" fo:font-family="&apos;Courier New&apos;" style:font-style-name="Standard" style:font-family-generic="modern" style:font-pitch="fixed"/>
  <style:font-decl style:name="Courier" fo:font-family="Courier" style:font-family-generic="roman" style:font-pitch="fixed"/>
  <style:font-decl style:name="Andale WT UI3" fo:font-family="&apos;Andale WT UI&apos;" style:font-pitch="variable"/>
  <style:font-decl style:name="Arial Unicode MS" fo:font-family="&apos;Arial Unicode MS&apos;" style:font-pitch="variable"/>
  <style:font-decl style:name="HG Mincho Light J" fo:font-family="&apos;HG Mincho Light J&apos;" style:font-pitch="variable"/>
  <style:font-decl style:name="Andale WT UI" fo:font-family="&apos;Andale WT UI&apos;" style:font-style-name="Fett" style:font-family-generic="roman" style:font-pitch="variable"/>
  <style:font-decl style:name="Andale WT UI1" fo:font-family="&apos;Andale WT UI&apos;" style:font-style-name="Standard" style:font-family-generic="roman" style:font-pitch="variable"/>
  <style:font-decl style:name="Thorndale" fo:font-family="Thorndale" style:font-family-generic="roman" style:font-pitch="variable"/>
  <style:font-decl style:name="Times New Roman" fo:font-family="&apos;Times New Roman&apos;" style:font-style-name="Fett" style:font-family-generic="roman" style:font-pitch="variable"/>
  <style:font-decl style:name="Andale WT UI2" fo:font-family="&apos;Andale WT UI&apos;" style:font-family-generic="swiss" style:font-pitch="variable"/>
 </office:font-decls>
 <office:automatic-styles>
  <style:style style:name="Tabelle1" style:family="table">
   <style:properties style:width="18cm" table:align="margins"/>
  </style:style>
  <style:style style:name="Tabelle1.A" style:family="table-column">
   <style:properties style:column-width="1.499cm" style:rel-column-width="5460*"/>
  </style:style>
  <style:style style:name="Tabelle1.B" style:family="table-column">
   <style:properties style:column-width="16.501cm" style:rel-column-width="60075*"/>
  </style:style>
  <style:style style:name="Tabelle1.1" style:family="table-row">
   <style:properties style:min-row-height="0.848cm"/>
  </style:style>
  <style:style style:name="Tabelle1.A1" style:family="table-cell">
   <style:properties fo:padding="0cm" fo:border="none"/>
  </style:style>
  <style:style style:name="P1" style:family="paragraph" style:parent-style-name="Paragraph" style:master-page-name="HTML">
   <style:properties style:page-number="0"/>
  </style:style>
  <style:style style:name="T1" style:family="text">
   <style:properties fo:font-weight="bold"/>
  </style:style>
  <style:style style:name="fr1" style:family="graphics" style:parent-style-name="Graphics">
   <style:properties fo:margin-left="0cm" fo:margin-right="0cm" fo:margin-top="0cm" fo:margin-bottom="0cm" style:run-through="foreground" style:wrap="run-through" style:vertical-pos="middle" style:vertical-rel="paragraph" style:horizontal-pos="left" style:horizontal-rel="paragraph" style:mirror="none" fo:clip="rect(0cm 0cm 0cm 0cm)" draw:luminance="0%" draw:contrast="0%" draw:red="0%" draw:green="0%" draw:blue="0%" draw:gamma="1" draw:color-inversion="false" draw:transparency="-100%" draw:color-mode="standard"/>
  </style:style>
 </office:automatic-styles>
 <office:body>
  <text:variable-decls>
   <text:variable-decl text:value-type="string" text:name="HTML_ON"/>
   <text:variable-decl text:value-type="string" text:name="HTML_OFF"/>
   <text:variable-decl text:value-type="string" text:name="TITEL"/>
   <text:variable-decl text:value-type="string" text:name="END"/>
   <text:variable-decl text:value-type="string" text:name="NAME"/>
   <text:variable-decl text:value-type="string" text:name="HREF"/>
   <text:variable-decl text:value-type="string" text:name="MODIFY"/>
   <text:variable-decl text:value-type="string" text:name="REFNR"/>
   <text:variable-decl text:value-type="string" text:name="HelpID"/>
   <text:variable-decl text:value-type="string" text:name="AKTHLP"/>
   <text:variable-decl text:value-type="string" text:name="INDEX"/>
   <text:variable-decl text:value-type="string" text:name="HFELD"/>
   <text:variable-decl text:value-type="string" text:name="ELSE"/>
   <text:variable-decl text:value-type="string" text:name="STYLE"/>
  </text:variable-decls>
  <text:sequence-decls>
   <text:sequence-decl text:display-outline-level="0" text:name="Illustration"/>
   <text:sequence-decl text:display-outline-level="0" text:name="Table"/>
   <text:sequence-decl text:display-outline-level="0" text:name="Text"/>
   <text:sequence-decl text:display-outline-level="0" text:name="Drawing"/>
  </text:sequence-decls>
  <text:p text:style-name="P1"/>
  <text:p text:style-name="Head 1"><help:help-id value="SW_RADIOBUTTON_DLG_AP_INSERT_DB_SEL_RB_AS_TABLE"/>표</text:p>
  <text:p text:style-name="Paragraph"><help:key-word value="데이터베이스 내용; 표로 삽입" tag="kw65912_1"/><help:help-text value="hide">데이터 원본 브라우저에서 선택한 데이터를 표 형태로 문서에 삽입합니다.</help:help-text>[데이터베이스 열 삽입] 대화 상자에서 선택된 데이터를 표 형태로 문서에 삽입하기 위해 [표] 옵션을 선택합니다. 이 대화 상자에서는 전송할 데이터베이스 필드나 열을 지정하고 텍스트 표의 서식을 설정할 수 있습니다.</text:p>
  <text:p text:style-name="Head 2">표</text:p>
  <text:p text:style-name="Paragraph">[표] 영역에서는 텍스트 표에 적용할 데이터베이스 테이블의 열을 화살표 키를 사용하여 선택합니다.</text:p>
  <text:p text:style-name="Head 3"><help:help-id value="SW_LISTBOX_DLG_AP_INSERT_DB_SEL_LB_TBL_DB_COLUMN"/>데이터베이스 열</text:p>
  <text:p text:style-name="Paragraph"><help:help-text value="visible">텍스트 표에 삽입할 데이터베이스 열을 지정합니다.</help:help-text> [표의 열] 목록 상자에 포함되지 않은 모든 데이터베이스 테이블 열은 여기에 나열됩니다. 항목은 사전순으로 정렬됩니다.</text:p>
  <text:p text:style-name="Head 3"><help:help-id value="SW_LISTBOX_DLG_AP_INSERT_DB_SEL_LB_TABLE_COL"/>표의 열</text:p>
  <text:p text:style-name="Paragraph"><help:help-text value="visible">문서에 삽입될 모든 데이터베이스 열을 나열합니다.</help:help-text> 표의 각 해당 항목에 열을 할당할 수 있습니다. [표의 열] 목록 상자의 항목 순서에 따라 텍스트 표의 데이터 순서가 결정됩니다.</text:p>
  <text:p text:style-name="Head 3"><help:help-id value="SW_IMAGEBUTTON_DLG_AP_INSERT_DB_SEL_IB_DBCOL_ALL_TO"/>&gt;&gt;</text:p>
  <text:p text:style-name="Paragraph"><help:help-text value="visible">나열된 모든 데이터베이스 필드를 [표의 열] 목록 상자로 이동합니다.</help:help-text> [표의 열] 목록 상자에 나열된 모든 필드가 문서에 삽입됩니다.</text:p>
  <text:p text:style-name="Head 3"><help:help-id value="SW_IMAGEBUTTON_DLG_AP_INSERT_DB_SEL_IB_DBCOL_ONE_TO"/>&gt;</text:p>
  <text:p text:style-name="Paragraph"><help:help-text value="visible">선택한 데이터베이스 필드를 [표의 열] 목록 상자로 이동합니다. </help:help-text>또한 항목을 두 번 눌러도 [표의 열] 목록 상자로 이동합니다. [표의 열] 목록 상자에 나열된 모든 필드가 문서에 삽입됩니다.</text:p>
  <text:p text:style-name="Head 3"><help:help-id value="SW_IMAGEBUTTON_DLG_AP_INSERT_DB_SEL_IB_DBCOL_ONE_FROM"/>&lt;</text:p>
  <text:p text:style-name="Paragraph"><help:help-text value="visible">선택한 데이터베이스 필드를 [표의 열] 목록 상자에서 제거합니다.</help:help-text> 제거된 필드는 문서에 삽입되지 않습니다.</text:p>
  <text:p text:style-name="Head 3"><help:help-id value="SW_IMAGEBUTTON_DLG_AP_INSERT_DB_SEL_IB_DBCOL_ALL_FROM"/>&lt;&lt;</text:p>
  <text:p text:style-name="Paragraph"><help:help-text value="visible">[표의 열] 목록 상자에서 모든 데이터베이스 필드를 제거합니다.</help:help-text></text:p>
  <help:to-be-embedded Eid="format">
  <text:p text:style-name="Head 2">서식</text:p>
  <text:p text:style-name="Paragraph">여기에서 데이터베이스 필드의 내용이 문서에 삽입되도록 서식을 정의할 수 있습니다.</text:p>
  <text:p text:style-name="Head 3"><help:help-id value="SW_RADIOBUTTON_DLG_AP_INSERT_DB_SEL_RB_DBFMT_FROM_DB"/>데이터베이스로부터</text:p>
  <text:p text:style-name="Paragraph"><help:help-text value="visible">데이터베이스 서식을 받아들입니다.</help:help-text></text:p>
  <text:p text:style-name="Head 3"><help:help-id value="SW_RADIOBUTTON_DLG_AP_INSERT_DB_SEL_RB_DBFMT_FROM_USR"/><help:help-id value="SW_LISTBOX_DLG_AP_INSERT_DB_SEL_LB_DBFMT_FROM_USR"/>선택</text:p>
  <text:p text:style-name="Paragraph"><help:help-text value="visible">필드 문서에 삽입할 내용의 서식을 선택 목록에서 선택하십시오. </help:help-text> 여기에서 제공되는 번호 서식은 예를 들어 숫자 또는 BOOL 필드 등의 특정 데이터베이스 필드에서만 사용할 수 있습니다. 텍스트 서식의 데이터베이스 필드가 선택된 경우에는 자동으로 텍스트 서식이 유지되므로 선택 목록에서 서식을 선택할 수 없습니다.</text:p>
  <text:p text:style-name="Paragraph">원하는 서식이 목록에 나열되지 않은 경우 <help:link Id="65738"><text:span text:style-name="T1">숫자 형식</text:span></help:link> 대화 상자에서 임의의 서식을 정의하기 위해 &quot;기타 서식...&quot;을 선택하십시오. ,</text:p>
  <text:p text:style-name="Paragraph">선택 목록을 이용한 숫자 형식의 지정은 항상 <text:span text:style-name="T1">데이터베이스 열</text:span> 목록 필드에서 선택된 데이터베이스 필드와 관련됩니다.</text:p>
  </help:to-be-embedded>
  <table:table table:name="Tabelle1" table:style-name="Tabelle1">
   <table:table-column table:style-name="Tabelle1.A"/>
   <table:table-column table:style-name="Tabelle1.B"/>
   <table:table-header-rows>
    <table:table-row table:style-name="Tabelle1.1">
     <table:table-cell table:style-name="Tabelle1.A1" table:value-type="string">
      <text:p text:style-name="Paragraph"><draw:image draw:name="아이콘0" svg:desc="이 아이콘은 많은 정보가 포함된 텍스트 단락을 나타냅니다." svg:pixelx="32" svg:pixely="32" svg:width="0.847cm" svg:height="0.847cm" xlink:href="65980" draw:filter-name=""/></text:p>

     </table:table-cell>
     <table:table-cell table:style-name="Tabelle1.A1" table:value-type="string">
      <text:p text:style-name="Paragraph">데이터를 표의 형태로 문서에 삽입하려면 정확한 [표] 옵션이 활성화되어야 합니다. 그런 다음 [표의 열] 목록 상자에서 데이터베이스 필드를 선택하여 데이터베이스 필드의 서식 설정을 지정할 수 있습니다. 숫자 표기 형식의 변경 사항은 마지막 선택 항목에 적용됩니다. 해당 데이터베이스 필드를 [데이터베이스 열] 목록 상자에서 또는 [표의 열] 목록 상자에서 선택했느냐는 중요하지 않습니다.</text:p>
     </table:table-cell>
    </table:table-row>
   </table:table-header-rows>
  </table:table>
  <text:p text:style-name="Head 3"><help:help-id value="SW_CHECKBOX_DLG_AP_INSERT_DB_SEL_CB_TABLE_HEADON"/>표 제목 삽입</text:p>
  <text:p text:style-name="Paragraph"><help:help-text value="visible">텍스트 표에 열의 표제 행이 삽입되어야 할 경우 이 필드를 선택하십시오.</help:help-text></text:p>
  <text:p text:style-name="Head 3"><help:help-id value="SW_RADIOBUTTON_DLG_AP_INSERT_DB_SEL_RB_HEADL_COLNMS"/>열 이름 적용</text:p>
  <text:p text:style-name="Paragraph"><help:help-text value="visible">데이터베이스의 필드 이름을 각 텍스트 표 열의 제목으로 사용합니다.</help:help-text></text:p>
  <text:p text:style-name="Head 3"><help:help-id value="SW_RADIOBUTTON_DLG_AP_INSERT_DB_SEL_RB_HEADL_EMPTY"/>행만 만들기</text:p>
  <text:p text:style-name="Paragraph"><help:help-text value="visible">텍스트 표에 빈 제목 줄을 삽입합니다.</help:help-text> [행만 만들기] 옵션을 선택하면 데이터베이스 필드의 이름과 일치하지 않는 제목을 문서에 지정할 수 있습니다.</text:p>
  <text:p text:style-name="Head 3"><help:help-id value="SW_PUSHBUTTON_DLG_AP_INSERT_DB_SEL_PB_TBL_FORMAT"/>등록 정보</text:p>
  <text:p text:style-name="Paragraph"><help:help-text value="visible">이 버튼을 누르면 <help:switch select="Program"><help:case select="WRITER"><help:link Id="67676"><text:span text:style-name="T1">표 서식</text:span></help:link></help:case><help:default><text:span text:style-name="T1">표 서식</text:span></help:default></help:switch> 대화상자에서 표의 등록 정보를 정의할 수 있습니다. 여기에서 테두리, 배경, 기타 맞춤 옵션 및 열 너비가 포함됩니다.</help:help-text></text:p>
  <text:p text:style-name="Head 3"><help:help-id value="SW_PUSHBUTTON_DLG_AP_INSERT_DB_SEL_PB_TBL_AUTOFMT"/>자동 서식</text:p>
  <text:p text:style-name="Paragraph"><help:help-text value="visible">이 버튼을 누르면 표의 서식을 자동으로 지정하는 <text:s/><help:switch select="Program"><help:case select="WRITER"><help:link Id="67697"><text:span text:style-name="T1">자동 서식</text:span></help:link></help:case><help:default>자동 서식</help:default></help:switch> 대화상자가 열립니다.</help:help-text> 표를 삽입할 때 이 대화상자에서 서식 템플릿을 선택하면 바로 사용할 수 있습니다.</text:p>
 </office:body>
</office:document>
