

<office:document  xmlns:office="http://openoffice.org/2000/office" xmlns:style="http://openoffice.org/2000/style" xmlns:text="http://openoffice.org/2000/text" xmlns:table="http://openoffice.org/2000/table" xmlns:draw="http://openoffice.org/2000/drawing" xmlns:fo="http://www.w3.org/1999/XSL/Format" xmlns:xlink="http://www.w3.org/1999/xlink" xmlns:number="http://openoffice.org/2000/datastyle" xmlns:svg="http://www.w3.org/2000/svg" xmlns:chart="http://openoffice.org/2000/chart" xmlns:dr3d="http://openoffice.org/2000/dr3d" xmlns:math="http://www.w3.org/1998/Math/MathML" xmlns:form="http://openoffice.org/2000/form" xmlns:script="http://openoffice.org/2000/script" office:class="text" office:version="1.0" xmlns:dc="http://purl.org/dc/elements/1.1/" xmlns:meta="http://openoffice.org/2000/meta" xmlns:help="http://openoffice.org/2000/help">
<office:meta>
  <dc:description>text/common/02/12070200</dc:description>
  <dc:subject>필드</dc:subject>
  <meta:keywords>
   <meta:keyword>$Version</meta:keyword>
  </meta:keywords>
  <dc:language>ko-KR</dc:language>
  <meta:user-defined meta:name="Info 0">READY</meta:user-defined>
  <meta:user-defined meta:name="Info 1">FREE_OK</meta:user-defined>
  <meta:user-defined meta:name="Info 2"/>
  <meta:user-defined meta:name="Info 3"/>
</office:meta>
 <office:script/>
 <office:font-decls>
  <style:font-decl style:name="StarSymbol" fo:font-family="StarSymbol" style:font-charset="x-symbol"/>
  <style:font-decl style:name="Courier New" fo:font-family="&apos;Courier New&apos;" style:font-style-name="Standard" style:font-family-generic="modern" style:font-pitch="fixed"/>
  <style:font-decl style:name="Courier" fo:font-family="Courier" style:font-family-generic="roman" style:font-pitch="fixed"/>
  <style:font-decl style:name="Andale WT UI3" fo:font-family="&apos;Andale WT UI&apos;" style:font-pitch="variable"/>
  <style:font-decl style:name="Arial Unicode MS" fo:font-family="&apos;Arial Unicode MS&apos;" style:font-pitch="variable"/>
  <style:font-decl style:name="HG Mincho Light J" fo:font-family="&apos;HG Mincho Light J&apos;" style:font-pitch="variable"/>
  <style:font-decl style:name="Andale WT UI" fo:font-family="&apos;Andale WT UI&apos;" style:font-style-name="Fett" style:font-family-generic="roman" style:font-pitch="variable"/>
  <style:font-decl style:name="Andale WT UI1" fo:font-family="&apos;Andale WT UI&apos;" style:font-style-name="Standard" style:font-family-generic="roman" style:font-pitch="variable"/>
  <style:font-decl style:name="Thorndale" fo:font-family="Thorndale" style:font-family-generic="roman" style:font-pitch="variable"/>
  <style:font-decl style:name="Times New Roman" fo:font-family="&apos;Times New Roman&apos;" style:font-style-name="Fett" style:font-family-generic="roman" style:font-pitch="variable"/>
  <style:font-decl style:name="Andale WT UI2" fo:font-family="&apos;Andale WT UI&apos;" style:font-family-generic="swiss" style:font-pitch="variable"/>
 </office:font-decls>
 <office:automatic-styles>
  <style:style style:name="Tabelle1" style:family="table">
   <style:properties style:width="18cm" table:align="margins"/>
  </style:style>
  <style:style style:name="Tabelle1.A" style:family="table-column">
   <style:properties style:column-width="1.499cm" style:rel-column-width="5460*"/>
  </style:style>
  <style:style style:name="Tabelle1.B" style:family="table-column">
   <style:properties style:column-width="16.501cm" style:rel-column-width="60075*"/>
  </style:style>
  <style:style style:name="Tabelle1.1" style:family="table-row">
   <style:properties style:min-row-height="0.848cm"/>
  </style:style>
  <style:style style:name="Tabelle1.A1" style:family="table-cell">
   <style:properties fo:padding="0cm" fo:border="none"/>
  </style:style>
  <style:style style:name="P1" style:family="paragraph" style:parent-style-name="Paragraph" style:master-page-name="HTML">
   <style:properties style:page-number="0"/>
  </style:style>
  <style:style style:name="T1" style:family="text">
   <style:properties fo:font-weight="bold"/>
  </style:style>
  <style:style style:name="fr1" style:family="graphics" style:parent-style-name="Graphics">
   <style:properties fo:margin-left="0cm" fo:margin-right="0cm" fo:margin-top="0cm" fo:margin-bottom="0cm" style:run-through="foreground" style:wrap="run-through" style:vertical-pos="middle" style:vertical-rel="paragraph" style:horizontal-pos="left" style:horizontal-rel="paragraph" style:mirror="none" fo:clip="rect(0cm 0cm 0cm 0cm)" draw:luminance="0%" draw:contrast="0%" draw:red="0%" draw:green="0%" draw:blue="0%" draw:gamma="1" draw:color-inversion="false" draw:transparency="-100%" draw:color-mode="standard"/>
  </style:style>
 </office:automatic-styles>
 <office:body>
  <text:variable-decls>
   <text:variable-decl text:value-type="string" text:name="HTML_ON"/>
   <text:variable-decl text:value-type="string" text:name="HTML_OFF"/>
   <text:variable-decl text:value-type="string" text:name="TITEL"/>
   <text:variable-decl text:value-type="string" text:name="END"/>
   <text:variable-decl text:value-type="string" text:name="NAME"/>
   <text:variable-decl text:value-type="string" text:name="HREF"/>
   <text:variable-decl text:value-type="string" text:name="MODIFY"/>
   <text:variable-decl text:value-type="string" text:name="REFNR"/>
   <text:variable-decl text:value-type="string" text:name="HelpID"/>
   <text:variable-decl text:value-type="string" text:name="AKTHLP"/>
   <text:variable-decl text:value-type="string" text:name="INDEX"/>
   <text:variable-decl text:value-type="string" text:name="HFELD"/>
   <text:variable-decl text:value-type="string" text:name="STYLE"/>
  </text:variable-decls>
  <text:sequence-decls>
   <text:sequence-decl text:display-outline-level="0" text:name="Illustration"/>
   <text:sequence-decl text:display-outline-level="0" text:name="Table"/>
   <text:sequence-decl text:display-outline-level="0" text:name="Text"/>
   <text:sequence-decl text:display-outline-level="0" text:name="Drawing"/>
  </text:sequence-decls>
  <help:switch select="Program"><help:case select="WRITER">
  <text:p text:style-name="Head 1"><help:help-id value="SW_RADIOBUTTON_DLG_AP_INSERT_DB_SEL_RB_AS_FIELD"/>필드</text:p>
  <text:p text:style-name="Paragraph"><help:key-word value="데이터베이스 내용; 필드로 삽입" tag="kw65991_1"/><help:help-text value="hide">데이터 원본 브라우저에서 선택한 데이터를 필드 형태로 문서에 삽입합니다.</help:help-text> [데이터베이스 열 삽입] 대화 상자에서 선택한 데이터를 필드 형태로 문서에 삽입하기 위해 <help:link Id="67633">필드</help:link>를 선택합니다. 이 <help:link Id="67628">데이터베이스 필드</help:link>는 각 데이터베이스 열의 와일드카드 역할을 하며 편지 양식에 사용할 수 있습니다. [데이터를 필드에 삽입] 아이콘을 눌러 필드 내용이 현재 선택한 레코드와 일치하게 합니다.<help:link Id="65972">[데이터를 필드에 삽입]</help:link> 아이콘을 눌러 필드 내용이 헌재 선택한 레코드와 일치하게 합니다.</text:p>
  <table:table table:name="Tabelle1" table:style-name="Tabelle1">
   <table:table-column table:style-name="Tabelle1.A"/>
   <table:table-column table:style-name="Tabelle1.B"/>
   <table:table-header-rows>
    <table:table-row table:style-name="Tabelle1.1">
     <table:table-cell table:style-name="Tabelle1.A1" table:value-type="string">
      <text:p text:style-name="Paragraph"><draw:image draw:name="아이콘0" svg:desc="이 아이콘은 많은 정보가 포함된 텍스트 단락을 나타냅니다." svg:pixelx="32" svg:pixely="32" svg:width="0.847cm" svg:height="0.847cm" xlink:href="65980" draw:filter-name=""/></text:p>

     </table:table-cell>
     <table:table-cell table:style-name="Tabelle1.A1" table:value-type="string">
      <text:p text:style-name="Paragraph">[데이터를 필드에 삽입] 기능 선택 시 여러 레코드가 선택되면 레코드 수에 따라 편지 병합 필드가 삽입됩니다. 또한 &quot;다음 레코드&quot;와 같은 필드 명령이 각 필드 명령 블록 사이에 자동 삽입됩니다.</text:p>
     </table:table-cell>
    </table:table-row>
   </table:table-header-rows>
  </table:table>
  <text:p text:style-name="Paragraph">문서에 삽입할 데이터베이스 필드와 서식을 지정할 단락을 <text:span text:style-name="T1">데이터베이스 열 삽입</text:span> 대화 상자에서 지정하십시오.</text:p>
  <text:p text:style-name="Head 2">필드</text:p>
  <text:p text:style-name="Paragraph">현재 문서의 어떤 데이터베이스 테이블의 열에 해당 필드 명령을 삽입할것인지를 <text:span text:style-name="T1">필드</text:span>영역에서 화살표 버튼을 이용하여 선택하십시오.</text:p>
  <help:to-be-embedded Eid="ankerfuertextoption">
  <text:p text:style-name="Head 3"><help:help-id value="SW_LISTBOX_DLG_AP_INSERT_DB_SEL_LB_TXT_DB_COLUMN"/>데이터베이스 열</text:p>
  <text:p text:style-name="Paragraph">선택 목록 상자에 추가되어 문서에 삽입될 데이터베이스 열을 모두 나열합니다. <help:help-text value="visible">문서에 삽입할 데이터베이스 열을 선택합니다.</help:help-text></text:p>
  <text:p text:style-name="Head 3"><help:help-id value="SW_IMAGEBUTTON_DLG_AP_INSERT_DB_SEL_IB_DBCOL_TOEDIT"/>&gt;</text:p>
  <text:p text:style-name="Paragraph"><help:help-text value="visible">[데이터베이스 열] 목록 상자에서 선택한 필드를 선택 필드로 이동합니다.</help:help-text> 또한 항목을 두 번 눌러 선택할 수 있습니다.</text:p>
  <text:p text:style-name="Head 3"><help:help-id value="SW_MULTILINEEDIT_DLG_AP_INSERT_DB_SEL_ED_DB_TEXT"/>선택</text:p>
  <text:p text:style-name="Paragraph"><help:help-text value="visible">문서에 삽입하기 위해 선택한 데이터베이스 열을 나열합니다. 또한 여기에 텍스트를 입력할 수 있습니다. 이 텍스트도 문서에 삽입됩니다.</help:help-text> 선택 필드의 항목 순서는 문서의 데이터 순서와 일치합니다.</text:p>
  <help:embedded Id="65912" Eid="format"></help:embedded>
  <text:p text:style-name="Head 3"><help:help-id value="SW_LISTBOX_DLG_AP_INSERT_DB_SEL_LB_DB_PARA_COLL"/>단락 템플릿</text:p>
  <text:p text:style-name="Paragraph">삽입되는 단락이 현재 단락 템플릿을 사용하여 기본 서식으로 설정됩니다. 이 서식은 <text:span text:style-name="T1">단락 템플릿</text:span> 목록 필드에서 &quot;없음&quot; 항목에 해당합니다. <help:help-text value="visible">필요하면 여기서 다른 단락 템플릿을 선택하여 삽입되는 단락에 적용할 수 있습니다.</help:help-text> 이 목록 필드에서는 <help:productname>%PRODUCTNAME</help:productname>에서 정의되고 <help:link Id="67722">스타일 목록</help:link>에서 관리되는 모든 단락 템플릿을 사용할 수 있습니다.</text:p>
  </help:to-be-embedded>
  </help:case></help:switch>
 </office:body>
</office:document>
