

<office:document  xmlns:office="http://openoffice.org/2000/office" xmlns:style="http://openoffice.org/2000/style" xmlns:text="http://openoffice.org/2000/text" xmlns:table="http://openoffice.org/2000/table" xmlns:draw="http://openoffice.org/2000/drawing" xmlns:fo="http://www.w3.org/1999/XSL/Format" xmlns:xlink="http://www.w3.org/1999/xlink" xmlns:number="http://openoffice.org/2000/datastyle" xmlns:svg="http://www.w3.org/2000/svg" xmlns:chart="http://openoffice.org/2000/chart" xmlns:dr3d="http://openoffice.org/2000/dr3d" xmlns:math="http://www.w3.org/1998/Math/MathML" xmlns:form="http://openoffice.org/2000/form" xmlns:script="http://openoffice.org/2000/script" office:class="text" office:version="1.0" xmlns:dc="http://purl.org/dc/elements/1.1/" xmlns:meta="http://openoffice.org/2000/meta" xmlns:help="http://openoffice.org/2000/help">
<office:meta>
  <dc:description>text/common/02/14020100</dc:description>
  <dc:subject>표 추가</dc:subject>

  <dc:language>ko-KR</dc:language>
  <meta:user-defined meta:name="Info 0">READY</meta:user-defined>
  <meta:user-defined meta:name="Info 1">FREE_OK</meta:user-defined>
  <meta:user-defined meta:name="Info 2"/>
  <meta:user-defined meta:name="Info 3"/>
</office:meta>
 <office:script/>
 <office:font-decls>
  <style:font-decl style:name="StarSymbol" fo:font-family="StarSymbol" style:font-charset="x-symbol"/>
  <style:font-decl style:name="Courier New" fo:font-family="&apos;Courier New&apos;" style:font-style-name="Standard" style:font-family-generic="modern" style:font-pitch="fixed"/>
  <style:font-decl style:name="Courier" fo:font-family="Courier" style:font-family-generic="roman" style:font-pitch="fixed"/>
  <style:font-decl style:name="Andale WT UI3" fo:font-family="&apos;Andale WT UI&apos;" style:font-pitch="variable"/>
  <style:font-decl style:name="Arial Unicode MS" fo:font-family="&apos;Arial Unicode MS&apos;" style:font-pitch="variable"/>
  <style:font-decl style:name="HG Mincho Light J" fo:font-family="&apos;HG Mincho Light J&apos;" style:font-pitch="variable"/>
  <style:font-decl style:name="Andale WT UI" fo:font-family="&apos;Andale WT UI&apos;" style:font-style-name="Fett" style:font-family-generic="roman" style:font-pitch="variable"/>
  <style:font-decl style:name="Andale WT UI1" fo:font-family="&apos;Andale WT UI&apos;" style:font-style-name="Standard" style:font-family-generic="roman" style:font-pitch="variable"/>
  <style:font-decl style:name="Thorndale" fo:font-family="Thorndale" style:font-family-generic="roman" style:font-pitch="variable"/>
  <style:font-decl style:name="Times New Roman" fo:font-family="&apos;Times New Roman&apos;" style:font-style-name="Fett" style:font-family-generic="roman" style:font-pitch="variable"/>
  <style:font-decl style:name="Andale WT UI2" fo:font-family="&apos;Andale WT UI&apos;" style:font-family-generic="swiss" style:font-pitch="variable"/>
 </office:font-decls>
 <office:automatic-styles>
  <style:style style:name="P1" style:family="paragraph" style:parent-style-name="Paragraph" style:master-page-name="HTML">
   <style:properties style:page-number="0"/>
  </style:style>
 </office:automatic-styles>
 <office:body>
  <text:variable-decls>
   <text:variable-decl text:value-type="string" text:name="HTML_ON"/>
   <text:variable-decl text:value-type="string" text:name="HTML_OFF"/>
   <text:variable-decl text:value-type="string" text:name="TITEL"/>
   <text:variable-decl text:value-type="string" text:name="END"/>
   <text:variable-decl text:value-type="string" text:name="NAME"/>
   <text:variable-decl text:value-type="string" text:name="HREF"/>
   <text:variable-decl text:value-type="string" text:name="MODIFY"/>
   <text:variable-decl text:value-type="string" text:name="REFNR"/>
   <text:variable-decl text:value-type="string" text:name="HelpID"/>
   <text:variable-decl text:value-type="string" text:name="AKTHLP"/>
   <text:variable-decl text:value-type="string" text:name="INDEX"/>
   <text:variable-decl text:value-type="string" text:name="KEY"/>
   <text:variable-decl text:value-type="string" text:name="STYLE"/>
  </text:variable-decls>
  <text:sequence-decls>
   <text:sequence-decl text:display-outline-level="0" text:name="Illustration"/>
   <text:sequence-decl text:display-outline-level="0" text:name="Table"/>
   <text:sequence-decl text:display-outline-level="0" text:name="Text"/>
   <text:sequence-decl text:display-outline-level="0" text:name="Drawing"/>
  </text:sequence-decls>
  <text:p text:style-name="P1"/>
  <text:p text:style-name="Head 1"><help:help-id value="SID_FM_ADDTABLE"/><help:help-id value="HID_JOINSH_ADDTAB_TABLELIST"/>표 추가<help:key-word value="표; 추가" tag="kw65934_1"/></text:p>
  <text:p text:style-name="Paragraph"><help:to-be-embedded Eid="tabellehinzufuegentext"><help:help-text value="hide">디자인 창에 삽입할 표를 지정합니다.</help:help-text> [테이블 추가] 대화 상자에서 현재 작업에 필요한 테이블을 선택합니다.</help:to-be-embedded> 쿼리 또는 새로운 테이블 프리젠테이션을 만들 때 쿼리나 테이블 프리젠테이션이 참조할 해당 테이블을 선택합니다. 관계형 데이터베이스를 사용하여 작업하는 경우 관계를 구성하려는 테이블을 선택합니다.</text:p>
  <text:p text:style-name="Paragraph">삽입된 표는 표에 삽입된 필드 목록과 함께 쿼리 디자인의 별도의 창이나 관계형 창에 표시됩니다. 이 창의 크기와 순서를 결정할 수 있습니다.</text:p>
  <help:popup Id="67813" Eid="tabellehinzu"><help:embedded Id="65598" Eid="wie"></help:embedded></help:popup>
  <text:p text:style-name="Head 2">시트</text:p>
  <text:p text:style-name="Head 3">시트 이름</text:p>
  <text:p text:style-name="Paragraph"><help:help-text value="visible">사용할 수 있는 테이블을 나열합니다.</help:help-text> 테이블을 삽입하려면 목록에서 한 가지를 선택하고 [추가]를 누릅니다. 테이블 이름을 두 번 누르면 쿼리 디자인 또는 관계형 창의 위쪽에 테이블 필드를 포함한 창이 표시됩니다.</text:p>
  <text:p text:style-name="Head 2"><help:help-id value="DBACCESS_PUSHBUTTON_DLG_JOIN_TABADD_PB_ADDTABLE"/>추가</text:p>
  <text:p text:style-name="Paragraph"><help:help-text value="visible">현재 선택한 테이블을 삽입합니다.</help:help-text></text:p>
  <text:p text:style-name="Head 2"><help:help-id value="HID_JOINSH_ADDTAB_CLOSE"/>닫기</text:p>
  <text:p text:style-name="Paragraph"><help:help-text value="visible">작업하기 위해 시트를 선택한 후 이 버튼을 클릭하여 대화상자를 닫을 수 있습니다. </help:help-text></text:p>
 </office:body>
</office:document>
