

<office:document  xmlns:office="http://openoffice.org/2000/office" xmlns:style="http://openoffice.org/2000/style" xmlns:text="http://openoffice.org/2000/text" xmlns:table="http://openoffice.org/2000/table" xmlns:draw="http://openoffice.org/2000/drawing" xmlns:fo="http://www.w3.org/1999/XSL/Format" xmlns:xlink="http://www.w3.org/1999/xlink" xmlns:number="http://openoffice.org/2000/datastyle" xmlns:svg="http://www.w3.org/2000/svg" xmlns:chart="http://openoffice.org/2000/chart" xmlns:dr3d="http://openoffice.org/2000/dr3d" xmlns:math="http://www.w3.org/1998/Math/MathML" xmlns:form="http://openoffice.org/2000/form" xmlns:script="http://openoffice.org/2000/script" office:class="text" office:version="1.0" xmlns:dc="http://purl.org/dc/elements/1.1/" xmlns:meta="http://openoffice.org/2000/meta" xmlns:help="http://openoffice.org/2000/help">
<office:meta>
  <dc:description>text/common/05/00000001</dc:description>
  <dc:subject>サポート</dc:subject>
  <meta:keywords>
   <meta:keyword>$Version</meta:keyword>
  </meta:keywords>
  <dc:language>ja-JP</dc:language>
  <meta:user-defined meta:name="Info 0">READY</meta:user-defined>
  <meta:user-defined meta:name="Info 1">FREE_OK</meta:user-defined>
  <meta:user-defined meta:name="Info 2"/>
  <meta:user-defined meta:name="Info 3"/>
</office:meta>
 <office:script/>
 <office:font-decls>
  <style:font-decl style:name="StarSymbol" fo:font-family="StarSymbol" style:font-charset="x-symbol"/>
  <style:font-decl style:name="Courier New" fo:font-family="&apos;Courier New&apos;" style:font-style-name="Standard" style:font-family-generic="modern" style:font-pitch="fixed"/>
  <style:font-decl style:name="Courier" fo:font-family="Courier" style:font-family-generic="roman" style:font-pitch="fixed"/>
  <style:font-decl style:name="Andale WT UI3" fo:font-family="&apos;Andale WT UI&apos;" style:font-pitch="variable"/>
  <style:font-decl style:name="Arial Unicode MS" fo:font-family="&apos;Arial Unicode MS&apos;" style:font-pitch="variable"/>
  <style:font-decl style:name="HG Mincho Light J" fo:font-family="&apos;HG Mincho Light J&apos;" style:font-pitch="variable"/>
  <style:font-decl style:name="Andale WT UI" fo:font-family="&apos;Andale WT UI&apos;" style:font-style-name="Fett" style:font-family-generic="roman" style:font-pitch="variable"/>
  <style:font-decl style:name="Andale WT UI1" fo:font-family="&apos;Andale WT UI&apos;" style:font-style-name="Standard" style:font-family-generic="roman" style:font-pitch="variable"/>
  <style:font-decl style:name="Thorndale" fo:font-family="Thorndale" style:font-family-generic="roman" style:font-pitch="variable"/>
  <style:font-decl style:name="Times New Roman" fo:font-family="&apos;Times New Roman&apos;" style:font-style-name="Fett" style:font-family-generic="roman" style:font-pitch="variable"/>
  <style:font-decl style:name="Andale WT UI2" fo:font-family="&apos;Andale WT UI&apos;" style:font-family-generic="swiss" style:font-pitch="variable"/>
 </office:font-decls>
 <office:automatic-styles>
  <style:style style:name="P1" style:family="paragraph" style:parent-style-name="Paragraph" style:master-page-name="HTML">
   <style:properties style:page-number="0"/>
  </style:style>
  <style:style style:name="T1" style:family="text">
   <style:properties fo:font-weight="bold"/>
  </style:style>
 </office:automatic-styles>
 <office:body>
  <text:variable-decls>
   <text:variable-decl text:value-type="string" text:name="HTML_ON"/>
   <text:variable-decl text:value-type="string" text:name="HTML_OFF"/>
   <text:variable-decl text:value-type="string" text:name="TITEL"/>
   <text:variable-decl text:value-type="string" text:name="END"/>
   <text:variable-decl text:value-type="string" text:name="HREF"/>
   <text:variable-decl text:value-type="string" text:name="NAME"/>
   <text:variable-decl text:value-type="string" text:name="MODIFY"/>
   <text:variable-decl text:value-type="string" text:name="REFNR"/>
   <text:variable-decl text:value-type="string" text:name="INDEX"/>
   <text:variable-decl text:value-type="string" text:name="PRODUCT"/>
   <text:variable-decl text:value-type="string" text:name="ELSE"/>
   <text:variable-decl text:value-type="string" text:name="STYLE"/>
  </text:variable-decls>
  <text:sequence-decls>
   <text:sequence-decl text:display-outline-level="0" text:name="Illustration"/>
   <text:sequence-decl text:display-outline-level="0" text:name="Table"/>
   <text:sequence-decl text:display-outline-level="0" text:name="Text"/>
   <text:sequence-decl text:display-outline-level="0" text:name="Drawing"/>
  </text:sequence-decls>
  <help:to-be-embedded Eid="support">
  <help:switch select="PRODUCT"><help:case select ="OpenSource">
  </help:case><help:default>
  <text:p text:style-name="Paragraph"><help:key-word value="サポート; %PRODUCTNAME" tag="kw66056_1"/><help:key-word value="%PRODUCTNAME; サポート" tag="kw66056_6"/><help:key-word value="Sun Microsystems; サポート" tag="kw66056_5"/></text:p>
  </help:default></help:switch>
  <text:p text:style-name="Head 1"><help:to-be-embedded Eid="00000001"><help:key-word value="サポート; %PRODUCTNAME" tag="kw66056_4"/><help:key-word value="%PRODUCTNAME; サポート" tag="kw66056_3"/><help:key-word value="Sun Microsystems; サポート" tag="kw66056_2"/><help:link Id="66056">サポート</help:link></help:to-be-embedded></text:p>
  <help:switch select="PRODUCT"><help:case select ="OpenSource">
  <text:p text:style-name="Paragraph"><text:a xlink:type="simple" xlink:href="http://www.openoffice.org/welcome/support.html" office:name="">http://www.openoffice.org/welcome/support.html</text:a></text:p>
  </help:case><help:default>
  <text:p text:style-name="Paragraph">Sun Microsystemsのサポート センターでは、<help:productname>%PRODUCTNAME</help:productname> に関するサポートを提供しています。</text:p>
  <text:p text:style-name="Paragraph">インストールの時点でのサポート サービスの概要は <text:span text:style-name="T1">「Readme」ファイル</text:span> で提供されており、このファイルは <help:productname>%PRODUCTNAME</help:productname> フォルダに入っています。</text:p>
  <text:p text:style-name="Paragraph">詳細については、インターネット上に用意された <text:a xlink:type="simple" xlink:href="http://www.sun.com/star/support" office:name="">http://www.sun.com/staroffice</text:a> を参照してください。</text:p>
  <text:p text:style-name="Paragraph">Sun Microsystems のホームページでは、Sun Microsystems および <help:productname>%PRODUCTNAME</help:productname> に関する最新情報が提供されています。</text:p>
  </help:default></help:switch>
  </help:to-be-embedded>
 </office:body>
</office:document>
