

<office:document  xmlns:office="http://openoffice.org/2000/office" xmlns:style="http://openoffice.org/2000/style" xmlns:text="http://openoffice.org/2000/text" xmlns:table="http://openoffice.org/2000/table" xmlns:draw="http://openoffice.org/2000/drawing" xmlns:fo="http://www.w3.org/1999/XSL/Format" xmlns:xlink="http://www.w3.org/1999/xlink" xmlns:number="http://openoffice.org/2000/datastyle" xmlns:svg="http://www.w3.org/2000/svg" xmlns:chart="http://openoffice.org/2000/chart" xmlns:dr3d="http://openoffice.org/2000/dr3d" xmlns:math="http://www.w3.org/1998/Math/MathML" xmlns:form="http://openoffice.org/2000/form" xmlns:script="http://openoffice.org/2000/script" office:class="text" office:version="1.0" xmlns:dc="http://purl.org/dc/elements/1.1/" xmlns:meta="http://openoffice.org/2000/meta" xmlns:help="http://openoffice.org/2000/help">
<office:meta>
  <dc:description>text/common/01/01010201</dc:description>
  <dc:subject>ラベル</dc:subject>
  <meta:keywords>
   <meta:keyword>$Version</meta:keyword>
  </meta:keywords>
  <dc:language>ja-JP</dc:language>
  <meta:user-defined meta:name="Info 0">READY</meta:user-defined>
  <meta:user-defined meta:name="Info 1">FREE_OK</meta:user-defined>
  <meta:user-defined meta:name="Info 2"/>
  <meta:user-defined meta:name="Info 3"/>
</office:meta>
 <office:script/>
 <office:font-decls>
  <style:font-decl style:name="StarSymbol" fo:font-family="StarSymbol" style:font-charset="x-symbol"/>
  <style:font-decl style:name="Courier New" fo:font-family="&apos;Courier New&apos;" style:font-style-name="Standard" style:font-family-generic="modern" style:font-pitch="fixed"/>
  <style:font-decl style:name="Courier" fo:font-family="Courier" style:font-family-generic="roman" style:font-pitch="fixed"/>
  <style:font-decl style:name="Andale WT UI3" fo:font-family="&apos;Andale WT UI&apos;" style:font-pitch="variable"/>
  <style:font-decl style:name="Arial Unicode MS" fo:font-family="&apos;Arial Unicode MS&apos;" style:font-pitch="variable"/>
  <style:font-decl style:name="HG Mincho Light J" fo:font-family="&apos;HG Mincho Light J&apos;" style:font-pitch="variable"/>
  <style:font-decl style:name="Andale WT UI" fo:font-family="&apos;Andale WT UI&apos;" style:font-style-name="Fett" style:font-family-generic="roman" style:font-pitch="variable"/>
  <style:font-decl style:name="Andale WT UI1" fo:font-family="&apos;Andale WT UI&apos;" style:font-style-name="Standard" style:font-family-generic="roman" style:font-pitch="variable"/>
  <style:font-decl style:name="Thorndale" fo:font-family="Thorndale" style:font-family-generic="roman" style:font-pitch="variable"/>
  <style:font-decl style:name="Times New Roman" fo:font-family="&apos;Times New Roman&apos;" style:font-style-name="Fett" style:font-family-generic="roman" style:font-pitch="variable"/>
  <style:font-decl style:name="Andale WT UI2" fo:font-family="&apos;Andale WT UI&apos;" style:font-family-generic="swiss" style:font-pitch="variable"/>
 </office:font-decls>
 <office:automatic-styles>
  <style:style style:name="Tabelle1" style:family="table">
   <style:properties style:width="18cm" table:align="margins"/>
  </style:style>
  <style:style style:name="Tabelle1.A" style:family="table-column">
   <style:properties style:column-width="1.499cm" style:rel-column-width="5460*"/>
  </style:style>
  <style:style style:name="Tabelle1.B" style:family="table-column">
   <style:properties style:column-width="16.501cm" style:rel-column-width="60075*"/>
  </style:style>
  <style:style style:name="Tabelle1.1" style:family="table-row">
   <style:properties style:min-row-height="0.848cm"/>
  </style:style>
  <style:style style:name="Tabelle1.A1" style:family="table-cell">
   <style:properties fo:padding="0cm" fo:border="none"/>
  </style:style>
  <style:style style:name="P1" style:family="paragraph" style:parent-style-name="Paragraph" style:master-page-name="HTML">
   <style:properties style:page-number="0"/>
  </style:style>
  <style:style style:name="T1" style:family="text">
   <style:properties fo:font-weight="bold"/>
  </style:style>
  <style:style style:name="fr1" style:family="graphics" style:parent-style-name="Graphics">
   <style:properties fo:margin-left="0cm" fo:margin-right="0cm" fo:margin-top="0cm" fo:margin-bottom="0cm" style:run-through="foreground" style:wrap="run-through" style:vertical-pos="top" style:vertical-rel="paragraph" style:horizontal-pos="left" style:horizontal-rel="paragraph" style:mirror="none" fo:clip="rect(0cm 0cm 0cm 0cm)" draw:luminance="0%" draw:contrast="0%" draw:red="0%" draw:green="0%" draw:blue="0%" draw:gamma="1" draw:color-inversion="false" draw:transparency="-100%" draw:color-mode="standard"/>
  </style:style>
 </office:automatic-styles>
 <office:body>
  <text:variable-decls>
   <text:variable-decl text:value-type="string" text:name="HTML_ON"/>
   <text:variable-decl text:value-type="string" text:name="HTML_OFF"/>
   <text:variable-decl text:value-type="string" text:name="TITEL"/>
   <text:variable-decl text:value-type="string" text:name="END"/>
   <text:variable-decl text:value-type="string" text:name="OS2"/>
   <text:variable-decl text:value-type="string" text:name="ELSE"/>
   <text:variable-decl text:value-type="string" text:name="HREF"/>
   <text:variable-decl text:value-type="string" text:name="NAME"/>
   <text:variable-decl text:value-type="string" text:name="HelpID"/>
   <text:variable-decl text:value-type="string" text:name="MODIFY"/>
   <text:variable-decl text:value-type="string" text:name="REFNR"/>
   <text:variable-decl text:value-type="string" text:name="AKTHLP"/>
   <text:variable-decl text:value-type="string" text:name="INDEX"/>
   <text:variable-decl text:value-type="string" text:name="STYLE"/>
  </text:variable-decls>
  <text:sequence-decls>
   <text:sequence-decl text:display-outline-level="0" text:name="Illustration"/>
   <text:sequence-decl text:display-outline-level="0" text:name="Table"/>
   <text:sequence-decl text:display-outline-level="0" text:name="Text"/>
   <text:sequence-decl text:display-outline-level="0" text:name="Drawing"/>
  </text:sequence-decls>
  <help:to-be-embedded Eid="etiketten">
  <text:p text:style-name="Head 1"><help:help-id value="HID_LAB_LAB"/><help:key-word value="ラベル; 書式を選択する" tag="kw68488_1"/><help:link Id="68488">ラベル</help:link></text:p>
  <text:p text:style-name="Paragraph"><help:help-text value="visible">ラベルに表示するテキストを指定し、ラベルの用紙サイズを選択します。</help:help-text></text:p>
  </help:to-be-embedded>
  <help:popup Id="65611" Eid="etikettenein"><help:embedded Id="65598" Eid="wie"></help:embedded></help:popup>
  <text:p text:style-name="Head 2">宛先</text:p>
  <text:p text:style-name="Paragraph">すべてのラベルに記入する内容をここに入力します。</text:p>
  <text:p text:style-name="Head 3"><help:help-id value="SW_MULTILINEEDIT_TP_LAB_LAB_EDT_WRITING"/>宛先</text:p>
  <text:p text:style-name="Paragraph"><help:help-text value="visible">ラベルに表示するテキストを入力します。また、データベースフィールドを挿入することもできます。</help:help-text></text:p>
  <text:p text:style-name="Head 3"><help:help-id value="SW_CHECKBOX_TP_LAB_LAB_BOX_ADDR"/>住所</text:p>
  <text:p text:style-name="Paragraph"><help:help-text value="visible">返送先の住所を併記したラベルを作成します。ボックス <text:span text:style-name="T1">Label text</text:span> の現在のテキストが上書きされます。</help:help-text></text:p>
  <table:table table:name="Tabelle1" table:style-name="Tabelle1">
   <table:table-column table:style-name="Tabelle1.A"/>
   <table:table-column table:style-name="Tabelle1.B"/>
   <table:table-header-rows>
    <table:table-row table:style-name="Tabelle1.1">
     <table:table-cell table:style-name="Tabelle1.A1" table:value-type="string">
      <text:p text:style-name="Paragraph"><draw:image draw:name="マーク0" svg:desc="このマークの付いた段落は、追加情報です。" svg:pixelx="32" svg:pixely="32" svg:width="0.847cm" svg:height="0.847cm" xlink:href="65980" draw:filter-name=""/></text:p>

     </table:table-cell>
     <table:table-cell table:style-name="Tabelle1.A1" table:value-type="string">
      <text:p text:style-name="Paragraph">返送先の住所を変更するには、メニュー <help:link Id="66266"><text:span text:style-name="T1">ツール → オプション → <help:productname>%PRODUCTNAME</help:productname></text:span></help:link> を選択したあと、見出し <text:span text:style-name="T1">ユーザーデータ</text:span> をクリックします。</text:p>
     </table:table-cell>
    </table:table-row>
   </table:table-header-rows>
  </table:table>
  <text:p text:style-name="Head 3"><help:help-id value="SW_LISTBOX_TP_LAB_LAB_LB_DATABASE"/>データベース</text:p>
  <text:p text:style-name="Paragraph"><help:help-text value="visible">ラベルのデータソースとして使用するデータベースを選択します。</help:help-text></text:p>
  <text:p text:style-name="Head 3"><help:help-id value="SW_LISTBOX_TP_LAB_LAB_LB_TABLE"/>テーブル</text:p>
  <text:p text:style-name="Paragraph"><help:help-text value="visible">ラベルで使用するフィールドがあるデータベーステーブルを選択します。</help:help-text></text:p>
  <text:p text:style-name="Head 3"><help:help-id value="SW_LISTBOX_TP_LAB_LAB_LB_DBFIELD"/><help:help-id value="SW_IMAGEBUTTON_TP_LAB_LAB_BTN_INSERT"/>データベースフィールド</text:p>
  <text:p text:style-name="Paragraph"><help:help-text value="visible">使用するデータベースフィールドを選択したあと、このボックスの左側にある矢印をクリックすると、フィールドがボックス <text:span text:style-name="T1">Label text</text:span> に挿入されます。</help:help-text></text:p>
  <text:p text:style-name="Paragraph">ボックス <text:span text:style-name="T1">Label text</text:span> 内で、データベースフィールドの名前はかっこで囲まれます。必要に応じて、データベースフィールドの間を空白で区切ることができます。Enter キーを押すと、新しい行にデータベースフィールドを挿入できます。</text:p>
  <text:p text:style-name="Head 2">書式</text:p>
  <text:p text:style-name="Paragraph">ラベルの用紙サイズ書式として既成のサイズを選択できるほか、見出し <text:span text:style-name="T1">書式</text:span> で指定した用紙サイズ書式を選択することも可能です。</text:p>
  <text:p text:style-name="Head 3"><help:help-id value="SW_RADIOBUTTON_TP_LAB_LAB_BTN_CONT"/>連続</text:p>
  <text:p text:style-name="Paragraph"><help:help-text value="visible">連続用紙にラベルを印刷します。</help:help-text></text:p>
  <text:p text:style-name="Head 3"><help:help-id value="SW_RADIOBUTTON_TP_LAB_LAB_BTN_SHEET"/>シート</text:p>
  <text:p text:style-name="Paragraph"><help:help-text value="visible">単票用紙にラベルを印刷します。</help:help-text></text:p>
  <text:p text:style-name="Head 3"><help:help-id value="SW_LISTBOX_TP_LAB_LAB_BOX_MAKE"/>製造元</text:p>
  <text:p text:style-name="Paragraph"><help:help-text value="visible">使用する用紙の製造元を選択します。</help:help-text>サイズのフォーマットは、製造元ごとに異なります。</text:p>
  <text:p text:style-name="Head 3"><help:help-id value="SW_LISTBOX_TP_LAB_LAB_BOX_TYPE"/>種類</text:p>
  <text:p text:style-name="Paragraph"><help:help-text value="visible">使用する用紙サイズ書式を選択します。使用できる用紙サイズ書式は、リスト <text:span text:style-name="T1">製造元</text:span> で選択した製造元に応じて異なります。ユーザー独自のラベル書式を使用する場合は、<text:span text:style-name="T1">[ユーザー]</text:span> を選択したあと、ラベル書式を定義するために見出し <help:link Id="68489"><text:span text:style-name="T1">書式</text:span></help:link> をクリックします。</help:help-text></text:p>
  <text:p text:style-name="Head 3">情報</text:p>
  <text:p text:style-name="Paragraph">領域 <text:span text:style-name="T1">書式</text:span> の下段には、ラベルの用紙の種類とサイズが表示されます。</text:p>
 </office:body>
</office:document>
