

<office:document  xmlns:office="http://openoffice.org/2000/office" xmlns:style="http://openoffice.org/2000/style" xmlns:text="http://openoffice.org/2000/text" xmlns:table="http://openoffice.org/2000/table" xmlns:draw="http://openoffice.org/2000/drawing" xmlns:fo="http://www.w3.org/1999/XSL/Format" xmlns:xlink="http://www.w3.org/1999/xlink" xmlns:number="http://openoffice.org/2000/datastyle" xmlns:svg="http://www.w3.org/2000/svg" xmlns:chart="http://openoffice.org/2000/chart" xmlns:dr3d="http://openoffice.org/2000/dr3d" xmlns:math="http://www.w3.org/1998/Math/MathML" xmlns:form="http://openoffice.org/2000/form" xmlns:script="http://openoffice.org/2000/script" office:class="text" office:version="1.0" xmlns:dc="http://purl.org/dc/elements/1.1/" xmlns:meta="http://openoffice.org/2000/meta" xmlns:help="http://openoffice.org/2000/help">
<office:meta>
  <dc:description>text/common/01/01020000</dc:description>
  <dc:subject>開く</dc:subject>
  <meta:keywords>
   <meta:keyword>$Version</meta:keyword>
  </meta:keywords>
  <dc:language>ja-JP</dc:language>
  <meta:user-defined meta:name="Info 0">READY</meta:user-defined>
  <meta:user-defined meta:name="Info 1">FREE_OK</meta:user-defined>
  <meta:user-defined meta:name="Info 2"/>
  <meta:user-defined meta:name="Info 3"/>
</office:meta>
 <office:script/>
 <office:font-decls>
  <style:font-decl style:name="StarSymbol" fo:font-family="StarSymbol" style:font-charset="x-symbol"/>
  <style:font-decl style:name="Courier New" fo:font-family="&apos;Courier New&apos;" style:font-style-name="Standard" style:font-family-generic="modern" style:font-pitch="fixed"/>
  <style:font-decl style:name="Courier" fo:font-family="Courier" style:font-family-generic="roman" style:font-pitch="fixed"/>
  <style:font-decl style:name="Andale WT UI3" fo:font-family="&apos;Andale WT UI&apos;" style:font-pitch="variable"/>
  <style:font-decl style:name="Arial Unicode MS" fo:font-family="&apos;Arial Unicode MS&apos;" style:font-pitch="variable"/>
  <style:font-decl style:name="HG Mincho Light J" fo:font-family="&apos;HG Mincho Light J&apos;" style:font-pitch="variable"/>
  <style:font-decl style:name="Andale WT UI" fo:font-family="&apos;Andale WT UI&apos;" style:font-style-name="Fett" style:font-family-generic="roman" style:font-pitch="variable"/>
  <style:font-decl style:name="Andale WT UI1" fo:font-family="&apos;Andale WT UI&apos;" style:font-style-name="Standard" style:font-family-generic="roman" style:font-pitch="variable"/>
  <style:font-decl style:name="Thorndale" fo:font-family="Thorndale" style:font-family-generic="roman" style:font-pitch="variable"/>
  <style:font-decl style:name="Times New Roman" fo:font-family="&apos;Times New Roman&apos;" style:font-style-name="Fett" style:font-family-generic="roman" style:font-pitch="variable"/>
  <style:font-decl style:name="Andale WT UI2" fo:font-family="&apos;Andale WT UI&apos;" style:font-family-generic="swiss" style:font-pitch="variable"/>
 </office:font-decls>
 <office:automatic-styles>
  <style:style style:name="Tabelle3" style:family="table">
   <style:properties style:width="18cm" table:align="margins"/>
  </style:style>
  <style:style style:name="Tabelle3.A" style:family="table-column">
   <style:properties style:column-width="1.499cm" style:rel-column-width="5461*"/>
  </style:style>
  <style:style style:name="Tabelle3.B" style:family="table-column">
   <style:properties style:column-width="16.501cm" style:rel-column-width="60074*"/>
  </style:style>
  <style:style style:name="Tabelle5" style:family="table">
   <style:properties style:width="18cm" table:align="margins"/>
  </style:style>
  <style:style style:name="Tabelle5.A" style:family="table-column">
   <style:properties style:column-width="1.499cm" style:rel-column-width="5460*"/>
  </style:style>
  <style:style style:name="Tabelle5.B" style:family="table-column">
   <style:properties style:column-width="16.501cm" style:rel-column-width="60075*"/>
  </style:style>
  <style:style style:name="Tabelle5.1" style:family="table-row">
   <style:properties style:min-row-height="0.848cm"/>
  </style:style>
  <style:style style:name="Tabelle5.A1" style:family="table-cell">
   <style:properties fo:padding="0cm" fo:border="none"/>
  </style:style>
  <style:style style:name="Tabelle6" style:family="table">
   <style:properties style:width="18cm" table:align="margins"/>
  </style:style>
  <style:style style:name="Tabelle6.A" style:family="table-column">
   <style:properties style:column-width="18cm" style:rel-column-width="65535*"/>
  </style:style>
  <style:style style:name="Tabelle6.A1" style:family="table-cell">
   <style:properties fo:padding="0.097cm" fo:border="none"/>
  </style:style>
  <style:style style:name="Tabelle9" style:family="table">
   <style:properties style:width="18cm" table:align="margins"/>
  </style:style>
  <style:style style:name="Tabelle9.A" style:family="table-column">
   <style:properties style:column-width="18cm" style:rel-column-width="65535*"/>
  </style:style>
  <style:style style:name="P1" style:family="paragraph" style:parent-style-name="Paragraph" style:master-page-name="HTML">
   <style:properties style:page-number="0"/>
  </style:style>
  <style:style style:name="P2" style:family="paragraph" style:parent-style-name="Paragraph" style:list-style-name="L1"/>
  <style:style style:name="P3" style:family="paragraph" style:parent-style-name="Paragraph" style:list-style-name="L2"/>
  <style:style style:name="T1" style:family="text">
   <style:properties fo:font-weight="bold"/>
  </style:style>
  <style:style style:name="fr1" style:family="graphics" style:parent-style-name="Graphics">
   <style:properties style:run-through="foreground" style:wrap="run-through" style:vertical-pos="top" style:vertical-rel="paragraph" style:horizontal-pos="left" style:horizontal-rel="paragraph" style:mirror="none" fo:clip="rect(0cm 0cm 0cm 0cm)" draw:luminance="0%" draw:contrast="0%" draw:red="0%" draw:green="0%" draw:blue="0%" draw:gamma="1" draw:color-inversion="false" draw:transparency="-100%" draw:color-mode="standard"/>
  </style:style>
  <style:style style:name="fr2" style:family="graphics" style:parent-style-name="Graphics">
   <style:properties fo:margin-left="0cm" fo:margin-right="0cm" fo:margin-top="0cm" fo:margin-bottom="0cm" style:run-through="foreground" style:wrap="run-through" style:vertical-pos="middle" style:vertical-rel="paragraph" style:horizontal-pos="left" style:horizontal-rel="paragraph" style:mirror="none" fo:clip="rect(0cm 0cm 0cm 0cm)" draw:luminance="0%" draw:contrast="0%" draw:red="0%" draw:green="0%" draw:blue="0%" draw:gamma="1" draw:color-inversion="false" draw:transparency="-100%" draw:color-mode="standard"/>
  </style:style>
  <style:style style:name="fr3" style:family="graphics" style:parent-style-name="Graphics">
   <style:properties style:run-through="foreground" style:wrap="run-through" style:horizontal-pos="left" style:horizontal-rel="paragraph" style:mirror="none" fo:clip="rect(0cm 0cm 0cm 0cm)" draw:luminance="0%" draw:contrast="0%" draw:red="0%" draw:green="0%" draw:blue="0%" draw:gamma="1" draw:color-inversion="false" draw:transparency="-100%" draw:color-mode="standard"/>
  </style:style>
  <style:style style:name="fr4" style:family="graphics" style:parent-style-name="Graphics">
   <style:properties style:run-through="foreground" style:wrap="run-through" style:vertical-pos="from-top" style:vertical-rel="paragraph" style:horizontal-pos="from-left" style:horizontal-rel="paragraph" style:mirror="none" fo:clip="rect(0cm 0cm 0cm 0cm)" draw:luminance="0%" draw:contrast="0%" draw:red="0%" draw:green="0%" draw:blue="0%" draw:gamma="1" draw:color-inversion="false" draw:transparency="-100%" draw:color-mode="standard"/>
  </style:style>
  <text:list-style style:name="L1">
   <text:list-level-style-bullet text:level="1" text:style-name="Bullet Symbols" style:num-suffix="." text:bullet-char="•">
    <style:properties text:min-label-width="0.499cm" style:font-name="StarSymbol"/>
   </text:list-level-style-bullet>
   <text:list-level-style-bullet text:level="2" text:style-name="Bullet Symbols" style:num-suffix="." text:bullet-char="•">
    <style:properties text:space-before="0.499cm" text:min-label-width="0.499cm" style:font-name="StarSymbol"/>
   </text:list-level-style-bullet>
   <text:list-level-style-bullet text:level="3" text:style-name="Bullet Symbols" style:num-suffix="." text:bullet-char="•">
    <style:properties text:space-before="0.999cm" text:min-label-width="0.499cm" style:font-name="StarSymbol"/>
   </text:list-level-style-bullet>
   <text:list-level-style-bullet text:level="4" text:style-name="Bullet Symbols" style:num-suffix="." text:bullet-char="•">
    <style:properties text:space-before="1.498cm" text:min-label-width="0.499cm" style:font-name="StarSymbol"/>
   </text:list-level-style-bullet>
   <text:list-level-style-bullet text:level="5" text:style-name="Bullet Symbols" style:num-suffix="." text:bullet-char="•">
    <style:properties text:space-before="1.997cm" text:min-label-width="0.499cm" style:font-name="StarSymbol"/>
   </text:list-level-style-bullet>
   <text:list-level-style-bullet text:level="6" text:style-name="Bullet Symbols" style:num-suffix="." text:bullet-char="•">
    <style:properties text:space-before="2.496cm" text:min-label-width="0.499cm" style:font-name="StarSymbol"/>
   </text:list-level-style-bullet>
   <text:list-level-style-bullet text:level="7" text:style-name="Bullet Symbols" style:num-suffix="." text:bullet-char="•">
    <style:properties text:space-before="2.995cm" text:min-label-width="0.499cm" style:font-name="StarSymbol"/>
   </text:list-level-style-bullet>
   <text:list-level-style-bullet text:level="8" text:style-name="Bullet Symbols" style:num-suffix="." text:bullet-char="•">
    <style:properties text:space-before="3.494cm" text:min-label-width="0.499cm" style:font-name="StarSymbol"/>
   </text:list-level-style-bullet>
   <text:list-level-style-bullet text:level="9" text:style-name="Bullet Symbols" style:num-suffix="." text:bullet-char="•">
    <style:properties text:space-before="3.994cm" text:min-label-width="0.499cm" style:font-name="StarSymbol"/>
   </text:list-level-style-bullet>
   <text:list-level-style-bullet text:level="10" text:style-name="Bullet Symbols" style:num-suffix="." text:bullet-char="•">
    <style:properties text:space-before="4.493cm" text:min-label-width="0.499cm" style:font-name="StarSymbol"/>
   </text:list-level-style-bullet>
  </text:list-style>
  <text:list-style style:name="L2">
   <text:list-level-style-bullet text:level="1" text:style-name="Bullet Symbols" style:num-suffix="." text:bullet-char="•">
    <style:properties text:min-label-width="0.499cm" style:font-name="StarSymbol"/>
   </text:list-level-style-bullet>
   <text:list-level-style-bullet text:level="2" text:style-name="Bullet Symbols" style:num-suffix="." text:bullet-char="•">
    <style:properties text:space-before="0.501cm" text:min-label-width="0.499cm" style:font-name="StarSymbol"/>
   </text:list-level-style-bullet>
   <text:list-level-style-bullet text:level="3" text:style-name="Bullet Symbols" style:num-suffix="." text:bullet-char="•">
    <style:properties text:space-before="1cm" text:min-label-width="0.499cm" style:font-name="StarSymbol"/>
   </text:list-level-style-bullet>
   <text:list-level-style-bullet text:level="4" text:style-name="Bullet Symbols" style:num-suffix="." text:bullet-char="•">
    <style:properties text:space-before="1.501cm" text:min-label-width="0.499cm" style:font-name="StarSymbol"/>
   </text:list-level-style-bullet>
   <text:list-level-style-bullet text:level="5" text:style-name="Bullet Symbols" style:num-suffix="." text:bullet-char="•">
    <style:properties text:space-before="2cm" text:min-label-width="0.499cm" style:font-name="StarSymbol"/>
   </text:list-level-style-bullet>
   <text:list-level-style-bullet text:level="6" text:style-name="Bullet Symbols" style:num-suffix="." text:bullet-char="•">
    <style:properties text:space-before="2.501cm" text:min-label-width="0.499cm" style:font-name="StarSymbol"/>
   </text:list-level-style-bullet>
   <text:list-level-style-bullet text:level="7" text:style-name="Bullet Symbols" style:num-suffix="." text:bullet-char="•">
    <style:properties text:space-before="3.001cm" text:min-label-width="0.499cm" style:font-name="StarSymbol"/>
   </text:list-level-style-bullet>
   <text:list-level-style-bullet text:level="8" text:style-name="Bullet Symbols" style:num-suffix="." text:bullet-char="•">
    <style:properties text:space-before="3.502cm" text:min-label-width="0.499cm" style:font-name="StarSymbol"/>
   </text:list-level-style-bullet>
   <text:list-level-style-bullet text:level="9" text:style-name="Bullet Symbols" style:num-suffix="." text:bullet-char="•">
    <style:properties text:space-before="4.001cm" text:min-label-width="0.499cm" style:font-name="StarSymbol"/>
   </text:list-level-style-bullet>
   <text:list-level-style-bullet text:level="10" text:style-name="Bullet Symbols" style:num-suffix="." text:bullet-char="•">
    <style:properties text:space-before="4.502cm" text:min-label-width="0.499cm" style:font-name="StarSymbol"/>
   </text:list-level-style-bullet>
  </text:list-style>
 </office:automatic-styles>
 <office:body>
  <text:variable-decls>
   <text:variable-decl text:value-type="string" text:name="HTML_ON"/>
   <text:variable-decl text:value-type="string" text:name="HTML_OFF"/>
   <text:variable-decl text:value-type="string" text:name="TITEL"/>
   <text:variable-decl text:value-type="string" text:name="END"/>
   <text:variable-decl text:value-type="string" text:name="MAC"/>
   <text:variable-decl text:value-type="string" text:name="ELSE"/>
   <text:variable-decl text:value-type="string" text:name="WIN"/>
   <text:variable-decl text:value-type="string" text:name="OS2"/>
   <text:variable-decl text:value-type="string" text:name="unix"/>
   <text:variable-decl text:value-type="string" text:name="HREF"/>
   <text:variable-decl text:value-type="string" text:name="NAME"/>
   <text:variable-decl text:value-type="string" text:name="HelpID"/>
   <text:variable-decl text:value-type="string" text:name="MODIFY"/>
   <text:variable-decl text:value-type="string" text:name="REFNR"/>
   <text:variable-decl text:value-type="string" text:name="KEY"/>
   <text:variable-decl text:value-type="string" text:name="INDEX"/>
   <text:variable-decl text:value-type="string" text:name="HFELD"/>
   <text:variable-decl text:value-type="string" text:name="AKTHLP"/>
   <text:variable-decl text:value-type="string" text:name="STYLE"/>
  </text:variable-decls>
  <text:sequence-decls>
   <text:sequence-decl text:display-outline-level="0" text:name="Illustration"/>
   <text:sequence-decl text:display-outline-level="0" text:name="Table"/>
   <text:sequence-decl text:display-outline-level="0" text:name="Text"/>
   <text:sequence-decl text:display-outline-level="0" text:name="Drawing"/>
  </text:sequence-decls>
  <text:p text:style-name="P1"/>
  <text:p text:style-name="Head 1"><help:help-id value="SID_OPENDOC"/><help:help-id value="HID_EXPLORERDLG_FILE"/><a name="oeffnen"/><help:link Id="65703">開く</help:link></text:p>
  <text:p text:style-name="Paragraph"><help:to-be-embedded Eid="oeffnentext"><help:help-text value="visible">ファイルを開くかインポートします。</help:help-text></help:to-be-embedded></text:p>
  <help:executeurl Id="slot:5501"></help:executeurl><help:popup Id="65611" Eid="oeffnen"><help:embedded Id="65598" Eid="wie"></help:embedded></help:popup>
  <text:p text:style-name="Paragraph">以降の節では、<help:productname>%PRODUCTNAME</help:productname> のダイアログ <text:span text:style-name="T1">開く</text:span> について説明します。<help:productname>%PRODUCTNAME</help:productname> のダイアログ <text:span text:style-name="T1">開く</text:span> および <text:span text:style-name="T1">保存</text:span> をアクティブにするには、メニュー <help:link Id="66281" Eid="systemdialog"><text:span text:style-name="T1">ツール → オプション → <help:productname>%PRODUCTNAME</help:productname> → 全般</text:span></help:link> を選択して、エリア <text:span text:style-name="T1">「開く」ダイアログと「保存」ダイアログ</text:span> にあるダイアログ <text:span text:style-name="T1"><help:productname>%PRODUCTNAME</help:productname>を使用する</text:span> をオンにします。</text:p>
  <table:table table:name="Tabelle3" table:style-name="Tabelle3">
   <table:table-column table:style-name="Tabelle3.A"/>
   <table:table-column table:style-name="Tabelle3.B"/>
   <table:table-header-rows>
    <table:table-row>
     <table:table-cell table:value-type="string">
      <text:p text:style-name="Paragraph"><draw:image draw:name="アイコン0" svg:desc="ノート" svg:pixelx="32" svg:pixely="32" svg:width="0.847cm" svg:height="0.847cm" xlink:href="65980" draw:filter-name=""/></text:p>

     </table:table-cell>
     <table:table-cell table:value-type="string">
      <text:p text:style-name="Paragraph">書式スタイルを含む <help:productname>%PRODUCTNAME</help:productname> ファイルを開く場合は、<help:link Id="65703" Eid="vorlagen">下記</help:link>の規則が適用されます。</text:p>
     </table:table-cell>
    </table:table-row>
   </table:table-header-rows>
  </table:table>
  <text:p text:style-name="Head 2"><help:help-id value="SVTOOLS_MENUBUTTON_DLG_SVT_EXPLORERFILE_BTN_EXPLORERFILE_UP"/>１つ上のレベル</text:p>
  <text:p text:style-name="Paragraph"><help:help-text value="visible">ディレクトリ階層で、1 つ上の階層に移動します。長めにクリックすると、より高い階層が表示されます</help:help-text></text:p>
  <help:embedded Id="65598" Eid="syuebergeordneterordner2"></help:embedded>
  <text:p text:style-name="Head 2"><help:help-id value="SVTOOLS_IMAGEBUTTON_DLG_SVT_EXPLORERFILE_BTN_EXPLORERFILE_NEWFOLDER"/><help:key-word value="ディレクトリ; 新規ディレクトリの作成" tag="kw65703_1"/><help:key-word value="フォルダ; 新規作成" tag="kw65703_16"/>ディレクトリの新規作成</text:p>
  <text:p text:style-name="Paragraph"><help:help-text value="visible">新しいディレクトリを作成します。</help:help-text></text:p>
  <help:embedded Id="65598" Eid="syneuenordnererstellen2"></help:embedded>
  <text:p text:style-name="Head 2"><help:help-id value="SVTOOLS_PUSHBUTTON_DLG_SVT_EXPLORERFILE_BTN_EXPLORERFILE_STANDARD"/><help:key-word value="マイドキュメント; 開く" tag="kw65703_15"/><help:key-word value="標準ディレクトリ; 開く" tag="kw65703_14"/>標準ディレクトリへ</text:p>
  <text:p text:style-name="Paragraph"><help:help-text value="visible">標準のユーザーディレクトリ内に含まれるファイルが表示されます。</help:help-text></text:p>
  <help:embedded Id="65598" Eid="systandardverzeichnis2"></help:embedded>
  <text:p text:style-name="Head 2"><help:help-id value="HID_FILEDLG_STANDARD"/>表示範囲</text:p>
  <text:p text:style-name="Paragraph"><help:help-text value="visible">現在のディレクトリに含まれるファイルとディレクトリが表示されます。</help:help-text>ファイルを開くには、そのファイルを選択した上で、<text:span text:style-name="T1">開く</text:span> をクリックします。</text:p>
  <table:table table:name="Tabelle5" table:style-name="Tabelle5">
   <table:table-column table:style-name="Tabelle5.A"/>
   <table:table-column table:style-name="Tabelle5.B"/>
   <table:table-header-rows>
    <table:table-row table:style-name="Tabelle5.1">
     <table:table-cell table:style-name="Tabelle5.A1" table:value-type="string">
      <text:p text:style-name="Paragraph"><draw:image draw:name="マーク1" svg:desc="ヒント" svg:pixelx="32" svg:pixely="32" svg:width="0.847cm" svg:height="0.847cm" xlink:href="66732" draw:filter-name=""/></text:p>

     </table:table-cell>
     <table:table-cell table:style-name="Tabelle5.A1" table:value-type="string">
      <text:p text:style-name="Paragraph"><help:key-word value="複数の選択; 開く" tag="kw65703_13"/><help:key-word value="開く; 複数のファイル" tag="kw65703_12"/><help:key-word value="選択; 複数のファイル" tag="kw65703_11"/>複数のファイルを同時に開く場合は、<help:switch select="System"><help:case select ="MAC">Command</help:case><help:default>Ctrl</help:default></help:switch>キーを押しながらファイルをクリックしたあと、<text:span text:style-name="T1">開く</text:span> をクリックします。</text:p>
     </table:table-cell>
    </table:table-row>
   </table:table-header-rows>
  </table:table>
  <text:unordered-list text:style-name="L1">
   <text:list-item>
    <text:p text:style-name="P2">ファイルを並べ替える場合は、上端行をクリックします。もう一度クリックすると、並べ替え順序が反転します。</text:p>
   </text:list-item>
   <text:list-item>
    <text:p text:style-name="P2"><help:help-id value="HID_FILEVIEW_MENU_DELETE"/><help:help-text value="visible">ファイルを削除するには、削除するファイルを右クリックして <text:span text:style-name="T1">削除</text:span> を選択します。</help:help-text></text:p>
   </text:list-item>
   <text:list-item>
    <text:p text:style-name="P2"><help:help-id value="HID_FILEVIEW_MENU_RENAME"/><help:help-text value="visible">ファイルの名前を変更するには、ファイルを右クリックして <text:span text:style-name="T1">名前の変更</text:span> を選択します。</help:help-text></text:p>
   </text:list-item>
  </text:unordered-list>
  <text:p text:style-name="Paragraph"><help:help-id value="SVTOOLS_PUSHBUTTON_DLG_SVT_QUERYDELETE_BTN_YES"/><help:help-text value="hide">クリックすると、ダイアログに表示されたファイルを削除します。</help:help-text></text:p>
  <text:p text:style-name="Paragraph"><help:help-id value="SVTOOLS_PUSHBUTTON_DLG_SVT_QUERYDELETE_BTN_NO"/><help:help-text value="hide">クリックすると、ダイアログに表示されたファイルの削除を中止します。</help:help-text></text:p>
  <text:p text:style-name="Paragraph"><help:help-id value="SVTOOLS_PUSHBUTTON_DLG_SVT_QUERYDELETE_BTN_ALL"/><help:help-text value="hide">クリックすると、指定したすべてのファイルを削除します。</help:help-text></text:p>
  <text:p text:style-name="Head 2"><help:help-id value="HID_FILEDLG_FOLDER_FILENAME"/><help:help-id value="HID_FILEDLG_AUTOCOMPLETEBOX"/><help:key-word value="開く; プレースホルダでファイルを開く" tag="kw65703_10"/><help:key-word value="ワイルドカード; ファイルを開く" tag="kw65703_9"/><help:key-word value="ファイル; プレースホルダで開く" tag="kw65703_8"/><help:key-word value="プレースホルダ; ファイルを開く" tag="kw65703_7"/>ファイル名</text:p>
  <text:p text:style-name="Paragraph"><help:help-text value="visible">ファイル名あるいはファイルパスを入力します。また <help:popup Id="65629" Eid="url">URL</help:popup> を指定することもできます。</help:help-text></text:p>
  <text:p text:style-name="Paragraph">ボックス <text:span text:style-name="T1">ファイル名</text:span> でワイルドカードを使用して、ファイルのリストにフィルタをかけることもできます。</text:p>
  <text:p text:style-name="Paragraph"><help:switch select="System"><help:case select ="MAC"></help:case><help:default>たとえば、ディレクトリ中のすべてのテキストファイルを表示させる場合は、ワイルドカードのアスタリスク記号に続けてテキストファイルの拡張子を入力 (*.txt) して、<text:span text:style-name="T1">開く</text:span> をクリックします。ワイルドカードのクエスチョン記号 (?) は任意の1文字を示すもので、たとえば (??3*.txt) と指定すると、ファイル名の 3 文字目が「3」であるテキストファイルだけが表示されます。</help:default></help:switch></text:p>
  <help:embedded Id="66043" Eid="autocompurl"></help:embedded>
  <text:p text:style-name="Head 2"><help:help-id value="HID_FILEOPEN_VERSION"/><help:key-word value="バージョン; ドキュメントバージョンを開く" tag="kw65703_6"/>バージョン</text:p>
  <text:p text:style-name="Paragraph"><help:help-text value="visible">選択したファイルに複数のバージョンがある場合は、開くバージョンを選択します。</help:help-text>ドキュメントバージョンの管理や保存は、メニュー <text:span text:style-name="T1">ファイル → バージョンの管理</text:span> で行えます。バージョンを指定して開いたドキュメントは、読み取り専用で表示されます。</text:p>
  <text:p text:style-name="Head 2"><help:help-id value="SVTOOLS_LISTBOX_DLG_SVT_EXPLORERFILE_LB_EXPLORERFILE_FILETYPE"/>ファイルの種類</text:p>
  <text:p text:style-name="Paragraph"><help:help-text value="visible">開くファイルの種類を指定するか、あるいは <text:span text:style-name="T1">すべてのファイル</text:span> <help:switch select="System"><help:case select ="UNIX"><text:span text:style-name="T1">(*)</text:span></help:case><help:default><text:span text:style-name="T1">(*.*)</text:span></help:default></help:switch> を選択します。</help:help-text></text:p>
  <a name="hinweis"/>
  <a name="end"/>
  <text:p text:style-name="Head 2"><help:help-id value="SVTOOLS_PUSHBUTTON_DLG_SVT_EXPLORERFILE_BTN_EXPLORERFILE_OPEN"/>開く</text:p>
  <text:p text:style-name="Paragraph"><help:help-text value="visible">選択したドキュメントを開きます。</help:help-text></text:p>
  <text:p text:style-name="Head 2"><help:help-id value="HID_FILEDLG_INSERT_BTN"/>挿入</text:p>
  <text:p text:style-name="Paragraph">メニュー <text:span text:style-name="T1">挿入 → ファイル</text:span> を選択してダイアログを開いた場合、ボタン <text:span text:style-name="T1">開く</text:span> は <text:span text:style-name="T1">挿入</text:span> と表示されます。<help:help-text value="visible">選択したファイルは、現在のドキュメントのカーソル位置に挿入されます。</help:help-text></text:p>
  <text:p text:style-name="Head 2"><help:help-id value="HID_FILEOPEN_READONLY"/>読み取り専用</text:p>
  <text:p text:style-name="Paragraph"><help:help-text value="visible">読み取り専用モードでファイルを開きます。</help:help-text></text:p>
  <help:switch select="Program"><help:case select="IMPRESS">
  <text:p text:style-name="Head 2"><help:help-id value="HID_FILESAVE_DOPLAY"/>再生</text:p>
  <text:p text:style-name="Paragraph"><help:help-text value="visible">選択したサウンドファイルを再生します。もう一度クリックすると、サウンドファイルの再生が停止します。</help:help-text></text:p>
  </help:case></help:switch>
  <help:to-be-embedded Eid="vorlagen"><a name="vorlagen"/>
  <text:p text:style-name="Head 3"><help:help-id value="MSG_QUERY_LOAD_TEMPLATE"/>テンプレートでドキュメントを開く場合の注意<help:key-word value="開く; テンプレートで" tag="kw65703_5"/><help:key-word value="テンプレート; 開く際に検索する" tag="kw65703_4"/></text:p>
  <text:p text:style-name="Paragraph"><help:productname>%PRODUCTNAME</help:productname> のテンプレートは、下記のディレクトリに収められています。</text:p>
  <text:unordered-list text:style-name="L2">
   <text:list-item>
    <text:p text:style-name="P3">共有テンプレートのディレクトリは、<help:switch select="System"><help:case select ="UNIX"><text:span text:style-name="T1">{installpath}/share/template</text:span></help:case><help:default><text:span text:style-name="T1">{installpath}\share\template</text:span></help:default></help:switch> です</text:p>
   </text:list-item>
   <text:list-item>
    <text:p text:style-name="P3">ユーザーテンプレートのディレクトリは、<help:switch select="System"><help:case select ="UNIX"><text:span text:style-name="T1">{installpath}/user/template</text:span></help:case><help:default><text:span text:style-name="T1">{installpath}\user\template</text:span></help:default></help:switch> です</text:p>
   </text:list-item>
   <text:list-item>
    <text:p text:style-name="P3">テンプレートフォルダのディレクトリは、メニュー <help:link Id="66242"><text:span text:style-name="T1">ツール → オプション → <help:productname>%PRODUCTNAME</help:productname> → パス</text:span></help:link> で定義されています。</text:p>
   </text:list-item>
  </text:unordered-list>
  <text:p text:style-name="Paragraph"><help:key-word value="ドキュメント; スタイルの変更" tag="kw65703_3"/><help:key-word value="スタイル; 変更時のメッセージ" tag="kw65703_2"/>テンプレートを基に作成されたドキュメントを開く際に <help:productname>%PRODUCTNAME</help:productname> は、そのドキュメントを最後に使用してから、オリジナルのテンプレートに変更が加えられていないかをチェックします。変更が加えられていた場合は、下記のダイアログが表示されます。</text:p>
  <table:table table:name="Tabelle6" table:style-name="Tabelle6">
   <table:table-column table:style-name="Tabelle6.A"/>
   <table:table-header-rows>
    <table:table-row>
     <table:table-cell table:style-name="Tabelle6.A1" table:value-type="string">
      <text:p text:style-name="TextInTable"><draw:image draw:name="ダイアログ2" svg:desc="書式スタイルを確認するダイアログ" svg:pixelx="403" svg:pixely="104" svg:width="10.663cm" svg:height="2.752cm" xlink:href="65587" draw:filter-name=""/></text:p>

      <text:p text:style-name="TextInTable"/>
      <text:p text:style-name="TextInTable"/>
     </table:table-cell>
    </table:table-row>
   </table:table-header-rows>
  </table:table>
  <text:p text:style-name="Paragraph">変更後のスタイルを適用する場合は、<text:span text:style-name="T1">はい</text:span> をクリックします。</text:p>
  <text:p text:style-name="Paragraph">現在のドキュメントのスタイルを保持する場合は、<text:span text:style-name="T1">いいえ</text:span> をクリックします。</text:p>
  <text:p text:style-name="Paragraph">該当するテンプレートが見つからない場合は、下記のダイアログが表示されます。</text:p>
  <table:table table:name="Tabelle9" table:style-name="Tabelle9">
   <table:table-column table:style-name="Tabelle9.A"/>
   <table:table-row>
    <table:table-cell table:value-type="string">
     <text:p text:style-name="TextInTable"><draw:image draw:name="ダイアログ3" svg:desc="ドキュメントテンプレートを確認するダイアログ" svg:pixelx="484" svg:pixely="98" svg:width="12.801cm" svg:height="2.6cm" xlink:href="65589" draw:filter-name=""/></text:p>

    </table:table-cell>
   </table:table-row>
  </table:table>
  <text:p text:style-name="Paragraph">ここで <text:span text:style-name="T1">いいえ</text:span> をクリックすると、ドキュメントとテンプレートのリンクが解除されますが、このリンク解除を指定しない限り、<help:productname>%PRODUCTNAME</help:productname> は次回以降のドキュメントを開くときにも再度テンプレートを検索します。</text:p>
  </help:to-be-embedded>
  <text:p text:style-name="ParaList"><help:embedded Id="65598" Eid="related"></help:embedded></text:p>
  <text:p text:style-name="ParaList"><help:link Id="68042"></help:link></text:p>
  <text:p text:style-name="ParaList"><help:link Id="65614"></help:link></text:p>
 </office:body>
</office:document>
