

<office:document  xmlns:office="http://openoffice.org/2000/office" xmlns:style="http://openoffice.org/2000/style" xmlns:text="http://openoffice.org/2000/text" xmlns:table="http://openoffice.org/2000/table" xmlns:draw="http://openoffice.org/2000/drawing" xmlns:fo="http://www.w3.org/1999/XSL/Format" xmlns:xlink="http://www.w3.org/1999/xlink" xmlns:number="http://openoffice.org/2000/datastyle" xmlns:svg="http://www.w3.org/2000/svg" xmlns:chart="http://openoffice.org/2000/chart" xmlns:dr3d="http://openoffice.org/2000/dr3d" xmlns:math="http://www.w3.org/1998/Math/MathML" xmlns:form="http://openoffice.org/2000/form" xmlns:script="http://openoffice.org/2000/script" office:class="text" office:version="1.0" xmlns:dc="http://purl.org/dc/elements/1.1/" xmlns:meta="http://openoffice.org/2000/meta" xmlns:help="http://openoffice.org/2000/help">
<office:meta>
  <dc:description>text/common/01/01100500</dc:description>
  <dc:subject>インターネット</dc:subject>

  <dc:language>ja-JP</dc:language>
  <meta:user-defined meta:name="Info 0">READY</meta:user-defined>
  <meta:user-defined meta:name="Info 1">FREE_OK</meta:user-defined>
  <meta:user-defined meta:name="Info 2"/>
  <meta:user-defined meta:name="Info 3"/>
</office:meta>
 <office:script/>
 <office:font-decls>
  <style:font-decl style:name="StarSymbol" fo:font-family="StarSymbol" style:font-charset="x-symbol"/>
  <style:font-decl style:name="Courier New" fo:font-family="&apos;Courier New&apos;" style:font-style-name="Standard" style:font-family-generic="modern" style:font-pitch="fixed"/>
  <style:font-decl style:name="Courier" fo:font-family="Courier" style:font-family-generic="roman" style:font-pitch="fixed"/>
  <style:font-decl style:name="Andale WT UI3" fo:font-family="&apos;Andale WT UI&apos;" style:font-pitch="variable"/>
  <style:font-decl style:name="Arial Unicode MS" fo:font-family="&apos;Arial Unicode MS&apos;" style:font-pitch="variable"/>
  <style:font-decl style:name="HG Mincho Light J" fo:font-family="&apos;HG Mincho Light J&apos;" style:font-pitch="variable"/>
  <style:font-decl style:name="Andale WT UI" fo:font-family="&apos;Andale WT UI&apos;" style:font-style-name="Fett" style:font-family-generic="roman" style:font-pitch="variable"/>
  <style:font-decl style:name="Andale WT UI1" fo:font-family="&apos;Andale WT UI&apos;" style:font-style-name="Standard" style:font-family-generic="roman" style:font-pitch="variable"/>
  <style:font-decl style:name="Thorndale" fo:font-family="Thorndale" style:font-family-generic="roman" style:font-pitch="variable"/>
  <style:font-decl style:name="Times New Roman" fo:font-family="&apos;Times New Roman&apos;" style:font-style-name="Fett" style:font-family-generic="roman" style:font-pitch="variable"/>
  <style:font-decl style:name="Andale WT UI2" fo:font-family="&apos;Andale WT UI&apos;" style:font-family-generic="swiss" style:font-pitch="variable"/>
 </office:font-decls>
 <office:automatic-styles>
  <style:style style:name="Tabelle1" style:family="table">
   <style:properties style:width="17.995cm" fo:margin-left="0cm" fo:margin-right="0.005cm" table:align="margins"/>
  </style:style>
  <style:style style:name="Tabelle1.A" style:family="table-column">
   <style:properties style:column-width="4.233cm" style:rel-column-width="15420*"/>
  </style:style>
  <style:style style:name="Tabelle1.B" style:family="table-column">
   <style:properties style:column-width="13.762cm" style:rel-column-width="50115*"/>
  </style:style>
  <style:style style:name="Tabelle1.A1" style:family="table-cell">
   <style:properties fo:padding="0.049cm" fo:border-left="0.002cm solid #000000" fo:border-right="none" fo:border-top="0.002cm solid #000000" fo:border-bottom="0.002cm solid #000000"/>
  </style:style>
  <style:style style:name="Tabelle1.B1" style:family="table-cell">
   <style:properties fo:padding="0.049cm" fo:border="0.002cm solid #000000"/>
  </style:style>
  <style:style style:name="Tabelle1.A2" style:family="table-cell">
   <style:properties fo:padding="0.049cm" fo:border-left="0.002cm solid #000000" fo:border-right="none" fo:border-top="none" fo:border-bottom="0.002cm solid #000000"/>
  </style:style>
  <style:style style:name="Tabelle1.B2" style:family="table-cell">
   <style:properties fo:padding="0.049cm" fo:border-left="0.002cm solid #000000" fo:border-right="0.002cm solid #000000" fo:border-top="none" fo:border-bottom="0.002cm solid #000000"/>
  </style:style>
  <style:style style:name="P1" style:family="paragraph" style:parent-style-name="Paragraph" style:master-page-name="HTML">
   <style:properties style:page-number="0"/>
  </style:style>
  <style:style style:name="T1" style:family="text">
   <style:properties fo:font-weight="bold"/>
  </style:style>
 </office:automatic-styles>
 <office:body>
  <text:variable-decls>
   <text:variable-decl text:value-type="string" text:name="HTML_ON"/>
   <text:variable-decl text:value-type="string" text:name="HTML_OFF"/>
   <text:variable-decl text:value-type="string" text:name="TITEL"/>
   <text:variable-decl text:value-type="string" text:name="END"/>
   <text:variable-decl text:value-type="string" text:name="MAC"/>
   <text:variable-decl text:value-type="string" text:name="ELSE"/>
   <text:variable-decl text:value-type="string" text:name="OS2"/>
   <text:variable-decl text:value-type="string" text:name="HREF"/>
   <text:variable-decl text:value-type="string" text:name="NAME"/>
   <text:variable-decl text:value-type="string" text:name="HelpID"/>
   <text:variable-decl text:value-type="string" text:name="MODIFY"/>
   <text:variable-decl text:value-type="string" text:name="REFNR"/>
   <text:variable-decl text:value-type="string" text:name="KEY"/>
   <text:variable-decl text:value-type="string" text:name="AKTHLP"/>
   <text:variable-decl text:value-type="string" text:name="INDEX"/>
   <text:variable-decl text:value-type="string" text:name="STYLE"/>
  </text:variable-decls>
  <text:sequence-decls>
   <text:sequence-decl text:display-outline-level="0" text:name="Illustration"/>
   <text:sequence-decl text:display-outline-level="0" text:name="Table"/>
   <text:sequence-decl text:display-outline-level="0" text:name="Text"/>
   <text:sequence-decl text:display-outline-level="0" text:name="Drawing"/>
  </text:sequence-decls>
  <help:to-be-embedded Eid="internet">
  <text:p text:style-name="Head 1"><help:help-id value="HID_DOCINFORELOAD"/><help:link Id="65775">インターネット</help:link></text:p>
  <text:p text:style-name="Paragraph"><help:help-text value="visible">HTML ページの更新および転送のオプションを設定します。</help:help-text></text:p>
  </help:to-be-embedded>
  <help:executeurl Id="slot:5535#273"></help:executeurl><help:popup Id="65611" Eid="info6"><help:embedded Id="65598" Eid="wie"></help:embedded></help:popup>
  <text:p text:style-name="Head 2"><help:help-id value="SFX2_RADIOBUTTON_TP_DOCINFORELOAD_RB_NOAUTOUPDATE"/>自動更新しない</text:p>
  <text:p text:style-name="Paragraph"><help:help-text value="visible">ユーザーは手動でページを更新する必要があります。</help:help-text></text:p>
  <text:p text:style-name="Head 2"><help:help-id value="SFX2_RADIOBUTTON_TP_DOCINFORELOAD_RB_RELOADUPDATE"/>このドキュメントを更新する<help:key-word value="自動再読み込み; ドキュメント" tag="kw65775_1"/><help:key-word value="再読込み; ドキュメントの自動更新" tag="kw65775_4"/><help:key-word value="読み込み; ドキュメントの自動更新" tag="kw65775_3"/><help:key-word value="ドキュメント; 自動再読み込み" tag="kw65775_2"/></text:p>
  <text:p text:style-name="Paragraph"><help:help-text value="visible">HTML ページを、ボックス <text:span text:style-name="T1">秒毎</text:span> に指定した間隔で再読み込みします。この結果を確認するには、ページをブラウザで開いてください。</help:help-text></text:p>
  <text:p text:style-name="Head 3"><help:help-id value="SFX2_NUMERICFIELD_TP_DOCINFORELOAD_ED_SECONDS"/>秒後</text:p>
  <text:p text:style-name="Paragraph"><help:help-text value="visible">ページを再読み込みするまでの待機時間を、秒単位で指定します。</help:help-text></text:p>
  <text:p text:style-name="Head 2"><help:help-id value="SFX2_RADIOBUTTON_TP_DOCINFORELOAD_RB_FORWARDUPDATE"/>このドキュメントから転送する</text:p>
  <text:p text:style-name="Paragraph"><help:help-text value="visible">ユーザーの設定したページを、ボックス <text:span text:style-name="T1">秒毎</text:span> に指定した間隔で再読み込みします。</help:help-text></text:p>
  <text:p text:style-name="Head 3">更新する時間 ... 秒毎</text:p>
  <text:p text:style-name="Paragraph"><help:help-text value="visible">ブラウザが他のファイルへ転送するまでの待機時間を、秒単位で指定します。</help:help-text></text:p>
  <text:p text:style-name="Head 3"><help:help-id value="SFX2_EDIT_TP_DOCINFORELOAD_ED_URL"/>URL へ</text:p>
  <text:p text:style-name="Paragraph"><help:help-text value="visible">開かせるファイルの URL アドレスを指定します。</help:help-text></text:p>
  <text:p text:style-name="Head 3">...</text:p>
  <text:p text:style-name="Paragraph"><help:help-text value="visible">開かせるファイルを表示して、<text:span text:style-name="T1">開く</text:span> をクリックします。</help:help-text></text:p>
  <text:p text:style-name="Head 3"><help:help-id value="SFX2_COMBOBOX_TP_DOCINFORELOAD_LB_DEFAULT"/>フレームへ</text:p>
  <text:p text:style-name="Paragraph"><help:help-text value="visible">現在の HTML ページでフレームが使用されている場合は、ファイルを読み込ませる<help:popup Id="65629" Eid="frame">ターゲットフレーム</help:popup>を選択します。</help:help-text></text:p>
  <help:to-be-embedded Eid="targets"><a name="targets"/>
  <table:table table:name="Tabelle1" table:style-name="Tabelle1">
   <table:table-column table:style-name="Tabelle1.A"/>
   <table:table-column table:style-name="Tabelle1.B"/>
   <table:table-row>
    <table:table-cell table:style-name="Tabelle1.A1" table:value-type="string">
     <text:p text:style-name="TableHead">既定値</text:p>
    </table:table-cell>
    <table:table-cell table:style-name="Tabelle1.B1" table:value-type="string">
     <text:p text:style-name="TableHead">意味</text:p>
    </table:table-cell>
   </table:table-row>
   <table:table-row>
    <table:table-cell table:style-name="Tabelle1.A2" table:value-type="string">
     <text:p text:style-name="TextInTable">名前付きの項目</text:p>
    </table:table-cell>
    <table:table-cell table:style-name="Tabelle1.B2" table:value-type="string">
     <text:p text:style-name="TextInTable">現在の HTML ドキュメントの名前付きフレーム内にファイルを開きます。</text:p>
    </table:table-cell>
   </table:table-row>
   <table:table-row>
    <table:table-cell table:style-name="Tabelle1.A2" table:value-type="string">
     <text:p text:style-name="TextInTable">_self</text:p>
    </table:table-cell>
    <table:table-cell table:style-name="Tabelle1.B2" table:value-type="string">
     <text:p text:style-name="TextInTable">現在のフレームでファイルを開く。</text:p>
    </table:table-cell>
   </table:table-row>
   <table:table-row>
    <table:table-cell table:style-name="Tabelle1.A2" table:value-type="string">
     <text:p text:style-name="TextInTable">_blank</text:p>
    </table:table-cell>
    <table:table-cell table:style-name="Tabelle1.B2" table:value-type="string">
     <text:p text:style-name="TextInTable">新規ページでファイルを開く。</text:p>
    </table:table-cell>
   </table:table-row>
   <table:table-row>
    <table:table-cell table:style-name="Tabelle1.A2" table:value-type="string">
     <text:p text:style-name="TextInTable">_parent</text:p>
    </table:table-cell>
    <table:table-cell table:style-name="Tabelle1.B2" table:value-type="string">
     <text:p text:style-name="TextInTable">現在のフレームの親フレームでファイルを開く。親フレームが無い場合は、現在のフレームが使用されます。</text:p>
    </table:table-cell>
   </table:table-row>
   <table:table-row>
    <table:table-cell table:style-name="Tabelle1.A2" table:value-type="string">
     <text:p text:style-name="TextInTable">_top</text:p>
    </table:table-cell>
    <table:table-cell table:style-name="Tabelle1.B2" table:value-type="string">
     <text:p text:style-name="TextInTable">最上層の階層にあるフレームでファイルを開く。</text:p>
    </table:table-cell>
   </table:table-row>
  </table:table>
  </help:to-be-embedded>
 </office:body>
</office:document>
