

<office:document  xmlns:office="http://openoffice.org/2000/office" xmlns:style="http://openoffice.org/2000/style" xmlns:text="http://openoffice.org/2000/text" xmlns:table="http://openoffice.org/2000/table" xmlns:draw="http://openoffice.org/2000/drawing" xmlns:fo="http://www.w3.org/1999/XSL/Format" xmlns:xlink="http://www.w3.org/1999/xlink" xmlns:number="http://openoffice.org/2000/datastyle" xmlns:svg="http://www.w3.org/2000/svg" xmlns:chart="http://openoffice.org/2000/chart" xmlns:dr3d="http://openoffice.org/2000/dr3d" xmlns:math="http://www.w3.org/1998/Math/MathML" xmlns:form="http://openoffice.org/2000/form" xmlns:script="http://openoffice.org/2000/script" office:class="text" office:version="1.0" xmlns:dc="http://purl.org/dc/elements/1.1/" xmlns:meta="http://openoffice.org/2000/meta" xmlns:help="http://openoffice.org/2000/help">
<office:meta>
  <dc:description>text/common/01/01140000</dc:description>
  <dc:subject>プリンタの設定</dc:subject>
  <meta:keywords>
   <meta:keyword>$Version</meta:keyword>
  </meta:keywords>
  <dc:language>ja-JP</dc:language>
  <meta:user-defined meta:name="Info 0">READY</meta:user-defined>
  <meta:user-defined meta:name="Info 1">FREE_OK</meta:user-defined>
  <meta:user-defined meta:name="Info 2"/>
  <meta:user-defined meta:name="Info 3"/>
</office:meta>
 <office:script/>
 <office:font-decls>
  <style:font-decl style:name="StarSymbol" fo:font-family="StarSymbol" style:font-charset="x-symbol"/>
  <style:font-decl style:name="Courier New" fo:font-family="&apos;Courier New&apos;" style:font-style-name="Standard" style:font-family-generic="modern" style:font-pitch="fixed"/>
  <style:font-decl style:name="Courier" fo:font-family="Courier" style:font-family-generic="roman" style:font-pitch="fixed"/>
  <style:font-decl style:name="Andale WT UI3" fo:font-family="&apos;Andale WT UI&apos;" style:font-pitch="variable"/>
  <style:font-decl style:name="Arial Unicode MS" fo:font-family="&apos;Arial Unicode MS&apos;" style:font-pitch="variable"/>
  <style:font-decl style:name="HG Mincho Light J" fo:font-family="&apos;HG Mincho Light J&apos;" style:font-pitch="variable"/>
  <style:font-decl style:name="Andale WT UI" fo:font-family="&apos;Andale WT UI&apos;" style:font-style-name="Fett" style:font-family-generic="roman" style:font-pitch="variable"/>
  <style:font-decl style:name="Andale WT UI1" fo:font-family="&apos;Andale WT UI&apos;" style:font-style-name="Standard" style:font-family-generic="roman" style:font-pitch="variable"/>
  <style:font-decl style:name="Thorndale" fo:font-family="Thorndale" style:font-family-generic="roman" style:font-pitch="variable"/>
  <style:font-decl style:name="Times New Roman" fo:font-family="&apos;Times New Roman&apos;" style:font-style-name="Fett" style:font-family-generic="roman" style:font-pitch="variable"/>
  <style:font-decl style:name="Andale WT UI2" fo:font-family="&apos;Andale WT UI&apos;" style:font-family-generic="swiss" style:font-pitch="variable"/>
 </office:font-decls>
 <office:automatic-styles>
  <style:style style:name="Tabelle1" style:family="table">
   <style:properties style:width="18cm" table:align="margins"/>
  </style:style>
  <style:style style:name="Tabelle1.A" style:family="table-column">
   <style:properties style:column-width="1.499cm" style:rel-column-width="5460*"/>
  </style:style>
  <style:style style:name="Tabelle1.B" style:family="table-column">
   <style:properties style:column-width="16.501cm" style:rel-column-width="60075*"/>
  </style:style>
  <style:style style:name="Tabelle1.1" style:family="table-row">
   <style:properties style:min-row-height="0.848cm"/>
  </style:style>
  <style:style style:name="Tabelle1.A1" style:family="table-cell">
   <style:properties fo:padding="0cm" fo:border="none"/>
  </style:style>
  <style:style style:name="Tabelle2" style:family="table">
   <style:properties style:width="18cm" table:align="margins"/>
  </style:style>
  <style:style style:name="Tabelle2.A" style:family="table-column">
   <style:properties style:column-width="1.499cm" style:rel-column-width="5460*"/>
  </style:style>
  <style:style style:name="Tabelle2.B" style:family="table-column">
   <style:properties style:column-width="16.501cm" style:rel-column-width="60075*"/>
  </style:style>
  <style:style style:name="Tabelle2.1" style:family="table-row">
   <style:properties style:min-row-height="0.848cm"/>
  </style:style>
  <style:style style:name="Tabelle2.A1" style:family="table-cell">
   <style:properties fo:padding="0cm" fo:border="none"/>
  </style:style>
  <style:style style:name="P1" style:family="paragraph" style:parent-style-name="Paragraph" style:master-page-name="HTML">
   <style:properties style:page-number="0"/>
  </style:style>
  <style:style style:name="T1" style:family="text">
   <style:properties fo:font-weight="bold"/>
  </style:style>
  <style:style style:name="fr1" style:family="graphics" style:parent-style-name="Graphics">
   <style:properties fo:margin-left="0cm" fo:margin-right="0cm" fo:margin-top="0cm" fo:margin-bottom="0cm" style:run-through="foreground" style:wrap="run-through" style:vertical-pos="middle" style:vertical-rel="paragraph" style:horizontal-pos="left" style:horizontal-rel="paragraph" style:mirror="none" fo:clip="rect(0cm 0cm 0cm 0cm)" draw:luminance="0%" draw:contrast="0%" draw:red="0%" draw:green="0%" draw:blue="0%" draw:gamma="1" draw:color-inversion="false" draw:transparency="-100%" draw:color-mode="standard"/>
  </style:style>
 </office:automatic-styles>
 <office:body>
  <text:variable-decls>
   <text:variable-decl text:value-type="string" text:name="HTML_ON"/>
   <text:variable-decl text:value-type="string" text:name="HTML_OFF"/>
   <text:variable-decl text:value-type="string" text:name="TITEL"/>
   <text:variable-decl text:value-type="string" text:name="END"/>
   <text:variable-decl text:value-type="string" text:name="WIN"/>
   <text:variable-decl text:value-type="string" text:name="mac"/>
   <text:variable-decl text:value-type="string" text:name="OS2"/>
   <text:variable-decl text:value-type="string" text:name="unix"/>
   <text:variable-decl text:value-type="string" text:name="ELSE"/>
   <text:variable-decl text:value-type="string" text:name="HREF"/>
   <text:variable-decl text:value-type="string" text:name="NAME"/>
   <text:variable-decl text:value-type="string" text:name="HelpID"/>
   <text:variable-decl text:value-type="string" text:name="MODIFY"/>
   <text:variable-decl text:value-type="string" text:name="REFNR"/>
   <text:variable-decl text:value-type="string" text:name="KEY"/>
   <text:variable-decl text:value-type="string" text:name="INDEX"/>
   <text:variable-decl text:value-type="string" text:name="AKTHLP"/>
   <text:variable-decl text:value-type="string" text:name="STYLE"/>
  </text:variable-decls>
  <text:sequence-decls>
   <text:sequence-decl text:display-outline-level="0" text:name="Illustration"/>
   <text:sequence-decl text:display-outline-level="0" text:name="Table"/>
   <text:sequence-decl text:display-outline-level="0" text:name="Text"/>
   <text:sequence-decl text:display-outline-level="0" text:name="Drawing"/>
  </text:sequence-decls>
  <text:p text:style-name="P1"/>
  <text:p text:style-name="Head 1"><help:help-id value="SID_SETUPPRINTER"/><help:help-id value="SVTOOLS_MODALDIALOG_DLG_SVT_PRNDLG_PRNSETUPDLG"/><help:key-word value="プリンタ; セットアップ" tag="kw65661_8"/><help:key-word value="セットアップ; プリンタ" tag="kw65661_7"/><help:key-word value="設定; プリンタ" tag="kw65661_1"/><help:key-word value="属性; プリンタ" tag="kw65661_6"/>プリンタの設定</text:p>
  <text:p text:style-name="Paragraph"><help:to-be-embedded Eid="druckereinstellungtext"><help:help-text value="visible">現在のドキュメントに対して、標準プリンタを選択します。</help:help-text></help:to-be-embedded></text:p>
  <help:executeurl Id="Slot:5302"></help:executeurl><help:popup Id="65611" Eid="drucker"><help:embedded Id="65598" Eid="wie"></help:embedded></help:popup>
  <table:table table:name="Tabelle1" table:style-name="Tabelle1">
   <table:table-column table:style-name="Tabelle1.A"/>
   <table:table-column table:style-name="Tabelle1.B"/>
   <table:table-header-rows>
    <table:table-row table:style-name="Tabelle1.1">
     <table:table-cell table:style-name="Tabelle1.A1" table:value-type="string">
      <text:p text:style-name="Paragraph"><draw:image draw:name="マーク0" svg:desc="ノート" svg:pixelx="32" svg:pixely="32" svg:width="0.847cm" svg:height="0.847cm" xlink:href="65980" draw:filter-name=""/></text:p>

     </table:table-cell>
     <table:table-cell table:style-name="Tabelle1.A1" table:value-type="string">
      <text:p text:style-name="Paragraph"><help:productname>%PRODUCTNAME</help:productname> OLE 埋め込みオブジェクトを含むドキュメントの標準プリンタを変更した場合、少し時間がかかる場合があります。</text:p>
     </table:table-cell>
    </table:table-row>
   </table:table-header-rows>
  </table:table>
  <text:p text:style-name="Head 2"><help:switch select="System"><help:case select ="WIN">プリンタ</help:case></help:switch></text:p>
  <text:p text:style-name="Paragraph"><help:switch select="System"><help:case select ="WIN">選択したプリンタに関する情報を一覧表示します。</help:case></help:switch></text:p>
  <text:p text:style-name="Paragraph"><help:key-word value="標準プリンタ; 設定" tag="kw65661_5"/><help:key-word value="プリンタ; 標準プリンタ" tag="kw65661_4"/><help:key-word value="フォント; 表示の問題" tag="kw65661_3"/>このリストに何も表示されない場合、オペレーティングシステムの標準プリンタをインストールする必要があります。標準プリンタのインストールおよび設定の手順について詳細は、オペレーティングシステムのオンラインヘルプを参照してください。</text:p>
  <text:p text:style-name="Head 3"><help:help-id value="SVTOOLS_LISTBOX_DLG_SVT_PRNDLG_PRNSETUPDLG_LB_NAMES"/>名前</text:p>
  <text:p text:style-name="Paragraph"><help:help-text value="visible">オペレーティングシステムにインストールされたプリンタのリストが表示されます。リストからプリンタ名を選択することで、標準プリンタを変更できます。</help:help-text></text:p>
  <text:p text:style-name="Head 3"><help:switch select="System"><help:case select ="WIN">ステータス</help:case></help:switch></text:p>
  <text:p text:style-name="Paragraph"><help:switch select="System"><help:case select ="WIN">選択したプリンタの現在の状態を表示します。</help:case></help:switch></text:p>
  <text:p text:style-name="Head 3"><help:switch select="System"><help:case select ="WIN">タイプ</help:case></help:switch></text:p>
  <text:p text:style-name="Paragraph"><help:switch select="System"><help:case select ="WIN">選択したプリンタの種類を表示します。</help:case></help:switch></text:p>
  <text:p text:style-name="Head 3"><help:switch select="System"><help:case select ="WIN">場所</help:case></help:switch></text:p>
  <text:p text:style-name="Paragraph"><help:switch select="System"><help:case select ="WIN">選択したプリンタの接続ポートを表示します。</help:case></help:switch></text:p>
  <text:p text:style-name="Head 3"><help:switch select="System"><help:case select ="WIN">コメント</help:case></help:switch></text:p>
  <text:p text:style-name="Paragraph"><help:switch select="System"><help:case select ="WIN">プリンタに関する追加情報を表示します。</help:case></help:switch></text:p>
  <text:p text:style-name="Head 3"><help:help-id value="SVTOOLS_PUSHBUTTON_DLG_SVT_PRNDLG_PRNSETUPDLG_BTN_PROPERTIES"/>プロパティ...</text:p>
  <text:p text:style-name="Paragraph"><help:switch select="System"><help:case select ="WIN"><help:help-text value="visible">現在のドキュメントに対するオペレーティングシステムのプリンタ設定を変更します。</help:help-text></help:case></help:switch></text:p>
  <table:table table:name="Tabelle2" table:style-name="Tabelle2">
   <table:table-column table:style-name="Tabelle2.A"/>
   <table:table-column table:style-name="Tabelle2.B"/>
   <table:table-header-rows>
    <table:table-row table:style-name="Tabelle2.1">
     <table:table-cell table:style-name="Tabelle2.A1" table:value-type="string">
      <text:p text:style-name="Paragraph"><draw:image draw:name="マーク1" svg:desc="警告" svg:pixelx="32" svg:pixely="32" svg:width="0.847cm" svg:height="0.847cm" xlink:href="65640" draw:filter-name=""/></text:p>

     </table:table-cell>
     <table:table-cell table:style-name="Tabelle2.A1" table:value-type="string">
      <text:p text:style-name="Paragraph"><help:key-word value="印刷; 問題" tag="kw65661_2"/>プリンタのプロパティダイアログで設定した印刷の向き (縦または横) と、メニュー <text:span text:style-name="T1">書式 → ページ</text:span> を選択して設定したページ書式が一致することを確認します。</text:p>
     </table:table-cell>
    </table:table-row>
   </table:table-header-rows>
  </table:table>
 </office:body>
</office:document>
