

<office:document  xmlns:office="http://openoffice.org/2000/office" xmlns:style="http://openoffice.org/2000/style" xmlns:text="http://openoffice.org/2000/text" xmlns:table="http://openoffice.org/2000/table" xmlns:draw="http://openoffice.org/2000/drawing" xmlns:fo="http://www.w3.org/1999/XSL/Format" xmlns:xlink="http://www.w3.org/1999/xlink" xmlns:number="http://openoffice.org/2000/datastyle" xmlns:svg="http://www.w3.org/2000/svg" xmlns:chart="http://openoffice.org/2000/chart" xmlns:dr3d="http://openoffice.org/2000/dr3d" xmlns:math="http://www.w3.org/1998/Math/MathML" xmlns:form="http://openoffice.org/2000/form" xmlns:script="http://openoffice.org/2000/script" office:class="text" office:version="1.0" xmlns:dc="http://purl.org/dc/elements/1.1/" xmlns:meta="http://openoffice.org/2000/meta" xmlns:help="http://openoffice.org/2000/help">
<office:meta>
  <dc:description>text/common/01/01190000</dc:description>
  <dc:subject>バージョン</dc:subject>

  <dc:language>ja-JP</dc:language>
  <meta:user-defined meta:name="Info 0">READY</meta:user-defined>
  <meta:user-defined meta:name="Info 1">FREE_OK</meta:user-defined>
  <meta:user-defined meta:name="Info 2"/>
  <meta:user-defined meta:name="Info 3"/>
</office:meta>
 <office:script/>
 <office:font-decls>
  <style:font-decl style:name="StarSymbol" fo:font-family="StarSymbol" style:font-charset="x-symbol"/>
  <style:font-decl style:name="Courier New" fo:font-family="&apos;Courier New&apos;" style:font-style-name="Standard" style:font-family-generic="modern" style:font-pitch="fixed"/>
  <style:font-decl style:name="Courier" fo:font-family="Courier" style:font-family-generic="roman" style:font-pitch="fixed"/>
  <style:font-decl style:name="Andale WT UI3" fo:font-family="&apos;Andale WT UI&apos;" style:font-pitch="variable"/>
  <style:font-decl style:name="Arial Unicode MS" fo:font-family="&apos;Arial Unicode MS&apos;" style:font-pitch="variable"/>
  <style:font-decl style:name="HG Mincho Light J" fo:font-family="&apos;HG Mincho Light J&apos;" style:font-pitch="variable"/>
  <style:font-decl style:name="Andale WT UI" fo:font-family="&apos;Andale WT UI&apos;" style:font-style-name="Fett" style:font-family-generic="roman" style:font-pitch="variable"/>
  <style:font-decl style:name="Andale WT UI1" fo:font-family="&apos;Andale WT UI&apos;" style:font-style-name="Standard" style:font-family-generic="roman" style:font-pitch="variable"/>
  <style:font-decl style:name="Thorndale" fo:font-family="Thorndale" style:font-family-generic="roman" style:font-pitch="variable"/>
  <style:font-decl style:name="Times New Roman" fo:font-family="&apos;Times New Roman&apos;" style:font-style-name="Fett" style:font-family-generic="roman" style:font-pitch="variable"/>
  <style:font-decl style:name="Andale WT UI2" fo:font-family="&apos;Andale WT UI&apos;" style:font-family-generic="swiss" style:font-pitch="variable"/>
 </office:font-decls>
 <office:automatic-styles>
  <style:style style:name="Tabelle1" style:family="table">
   <style:properties style:width="18cm" table:align="margins"/>
  </style:style>
  <style:style style:name="Tabelle1.A" style:family="table-column">
   <style:properties style:column-width="1.499cm" style:rel-column-width="5460*"/>
  </style:style>
  <style:style style:name="Tabelle1.B" style:family="table-column">
   <style:properties style:column-width="16.501cm" style:rel-column-width="60075*"/>
  </style:style>
  <style:style style:name="Tabelle1.1" style:family="table-row">
   <style:properties style:min-row-height="0.848cm"/>
  </style:style>
  <style:style style:name="Tabelle1.A1" style:family="table-cell">
   <style:properties fo:padding="0cm" fo:border="none"/>
  </style:style>
  <style:style style:name="P1" style:family="paragraph" style:parent-style-name="Paragraph" style:master-page-name="HTML">
   <style:properties style:page-number="0"/>
  </style:style>
  <style:style style:name="T1" style:family="text">
   <style:properties fo:font-weight="bold"/>
  </style:style>
  <style:style style:name="fr1" style:family="graphics" style:parent-style-name="Graphics">
   <style:properties fo:margin-left="0cm" fo:margin-right="0cm" fo:margin-top="0cm" fo:margin-bottom="0cm" style:run-through="foreground" style:wrap="run-through" style:vertical-pos="top" style:vertical-rel="paragraph" style:horizontal-pos="left" style:horizontal-rel="paragraph" style:mirror="none" fo:clip="rect(0cm 0cm 0cm 0cm)" draw:luminance="0%" draw:contrast="0%" draw:red="0%" draw:green="0%" draw:blue="0%" draw:gamma="1" draw:color-inversion="false" draw:transparency="-100%" draw:color-mode="standard"/>
  </style:style>
 </office:automatic-styles>
 <office:body>
  <text:variable-decls>
   <text:variable-decl text:value-type="string" text:name="HTML_ON"/>
   <text:variable-decl text:value-type="string" text:name="HTML_OFF"/>
   <text:variable-decl text:value-type="string" text:name="TITEL"/>
   <text:variable-decl text:value-type="string" text:name="END"/>
   <text:variable-decl text:value-type="string" text:name="WIN"/>
   <text:variable-decl text:value-type="string" text:name="mac"/>
   <text:variable-decl text:value-type="string" text:name="OS2"/>
   <text:variable-decl text:value-type="string" text:name="ELSE"/>
   <text:variable-decl text:value-type="string" text:name="NAME"/>
   <text:variable-decl text:value-type="string" text:name="HREF"/>
   <text:variable-decl text:value-type="string" text:name="HelpID"/>
   <text:variable-decl text:value-type="string" text:name="MODIFY"/>
   <text:variable-decl text:value-type="string" text:name="REFNR"/>
   <text:variable-decl text:value-type="string" text:name="AKTHLP"/>
   <text:variable-decl text:value-type="string" text:name="KEY"/>
   <text:variable-decl text:value-type="string" text:name="INDEX"/>
   <text:variable-decl text:value-type="string" text:name="STYLE"/>
  </text:variable-decls>
  <text:sequence-decls>
   <text:sequence-decl text:display-outline-level="0" text:name="Illustration"/>
   <text:sequence-decl text:display-outline-level="0" text:name="Table"/>
   <text:sequence-decl text:display-outline-level="0" text:name="Text"/>
   <text:sequence-decl text:display-outline-level="0" text:name="Drawing"/>
  </text:sequence-decls>
  <text:p text:style-name="P1"/>
  <text:p text:style-name="Head 1"><help:help-id value="SID_VERSION"/><help:key-word value="バージョン; ドキュメントの保存とオープン" tag="kw65722_1"/><help:key-word value="ドキュメント; バージョンの管理" tag="kw65722_2"/><a name="versionen"/><help:link Id="65722">バージョン</help:link></text:p>
  <text:p text:style-name="Paragraph"><help:to-be-embedded Eid="versionentext"><help:help-text value="visible">現在のドキュメントの複数のバージョンを同じファイル内に保存し、管理維持します。また、ドキュメントの古いバージョンを開いたり、削除、比較したりできます。</help:help-text></help:to-be-embedded></text:p>
  <help:popup Id="65611" Eid="versionen"><help:embedded Id="65598" Eid="wie"></help:embedded></help:popup>
  <table:table table:name="Tabelle1" table:style-name="Tabelle1">
   <table:table-column table:style-name="Tabelle1.A"/>
   <table:table-column table:style-name="Tabelle1.B"/>
   <table:table-header-rows>
    <table:table-row table:style-name="Tabelle1.1">
     <table:table-cell table:style-name="Tabelle1.A1" table:value-type="string">
      <text:p text:style-name="Paragraph"><draw:image draw:name="重要0" svg:desc="重要" svg:pixelx="32" svg:pixely="32" svg:width="0.847cm" svg:height="0.847cm" xlink:href="65640" draw:filter-name=""/></text:p>

     </table:table-cell>
     <table:table-cell table:style-name="Tabelle1.A1" table:value-type="string">
      <text:p text:style-name="Paragraph">バージョン情報を含むファイルのコピーを保存した場合は (メニュー <text:span text:style-name="T1">ファイル → 名前を付けて保存</text:span>)、バージョン情報はファイルに保存されません。</text:p>
     </table:table-cell>
    </table:table-row>
   </table:table-header-rows>
  </table:table>
  <text:p text:style-name="Head 2">新しいバージョン</text:p>
  <text:p text:style-name="Paragraph">ドキュメントの新バージョン保存に関するオプションを設定します。</text:p>
  <text:p text:style-name="Head 3"><help:help-id value="SFX2_PUSHBUTTON_DLG_VERSIONS_PB_SAVE"/>新しいバージョンの保存</text:p>
  <text:p text:style-name="Paragraph"><help:help-text value="visible">ドキュメントの現在の状態を新しいバージョンとして保存します。新しいバージョンを保存する前に、ダイアログ <text:span text:style-name="T1">バージョンコメントの入力</text:span> にコメントを入力できます。</help:help-text></text:p>
  <text:p text:style-name="Head 4"><help:help-id value="SFX2_MULTILINEEDIT_DLG_COMMENTS_ME_VERSIONS"/>バージョンコメントの入力</text:p>
  <text:p text:style-name="Paragraph"><help:help-text value="visible">新しいバージョンの保存時に、ここにコメントを入力します。<text:span text:style-name="T1">表示</text:span> をクリックしてこのダイアログを開いた場合は、コメントを編集できません。</help:help-text></text:p>
  <text:p text:style-name="Head 3"><help:help-id value="SFX2_CHECKBOX_DLG_VERSIONS_CB_SAVEONCLOSE"/>閉じるときに、常にバージョンの保存</text:p>
  <text:p text:style-name="Paragraph"><help:help-text value="visible">ドキュメントに変更を加えた場合は、ドキュメントを閉じたときに新しいバージョンが自動的に保存されます。</help:help-text></text:p>
  <text:p text:style-name="Head 2"><help:help-id value="SFX2_MODALDIALOG_DLG_VERSIONS"/>既存のバージョン</text:p>
  <text:p text:style-name="Paragraph"><help:help-text value="visible">現在のドキュメントの既存バージョンのリスト、作成された日時、作成者と関連付けられたコメントが表示されます。</help:help-text></text:p>
  <help:embedded Id="65630" Eid="schliessen"></help:embedded>
  <text:p text:style-name="Head 2"><help:help-id value="SFX2_PUSHBUTTON_DLG_VERSIONS_PB_OPEN"/>開く</text:p>
  <text:p text:style-name="Paragraph"><help:help-text value="visible">選択したバージョンを読み取り専用ウィンドウ内に開きます。</help:help-text></text:p>
  <text:p text:style-name="Head 2"><help:help-id value="SFX2_PUSHBUTTON_DLG_VERSIONS_PB_VIEW"/>表示...</text:p>
  <text:p text:style-name="Paragraph"><help:help-text value="visible">選択したバージョンの全コメントを表示します。</help:help-text></text:p>
  <text:p text:style-name="Head 2"><help:help-id value="SFX2_PUSHBUTTON_DLG_VERSIONS_PB_DELETE"/>削除</text:p>
  <text:p text:style-name="Paragraph"><help:help-text value="visible">選択したバージョンを削除します。</help:help-text></text:p>
  <text:p text:style-name="Head 2"><help:help-id value="SFX2_PUSHBUTTON_DLG_VERSIONS_PB_COMPARE"/>比較</text:p>
  <text:p text:style-name="Paragraph"><help:help-text value="visible">この機能で、ドキュメントのさまざまなバージョンが比較できます。</help:help-text><help:link Id="65877"><text:span text:style-name="T1">変更の承認または却下</text:span></help:link> ダイアログが開きます。変更がダイアログにリストアップされ、ドキュメント内の変更箇所は色付きで強調表示されます。</text:p>
 </office:body>
</office:document>
