

<office:document  xmlns:office="http://openoffice.org/2000/office" xmlns:style="http://openoffice.org/2000/style" xmlns:text="http://openoffice.org/2000/text" xmlns:table="http://openoffice.org/2000/table" xmlns:draw="http://openoffice.org/2000/drawing" xmlns:fo="http://www.w3.org/1999/XSL/Format" xmlns:xlink="http://www.w3.org/1999/xlink" xmlns:number="http://openoffice.org/2000/datastyle" xmlns:svg="http://www.w3.org/2000/svg" xmlns:chart="http://openoffice.org/2000/chart" xmlns:dr3d="http://openoffice.org/2000/dr3d" xmlns:math="http://www.w3.org/1998/Math/MathML" xmlns:form="http://openoffice.org/2000/form" xmlns:script="http://openoffice.org/2000/script" office:class="text" office:version="1.0" xmlns:dc="http://purl.org/dc/elements/1.1/" xmlns:meta="http://openoffice.org/2000/meta" xmlns:help="http://openoffice.org/2000/help">
<office:meta>
  <dc:description>text/common/01/02100200</dc:description>
  <dc:subject>属性</dc:subject>

  <dc:language>ja-JP</dc:language>
  <meta:user-defined meta:name="Info 0">READY</meta:user-defined>
  <meta:user-defined meta:name="Info 1">FREE_OK</meta:user-defined>
  <meta:user-defined meta:name="Info 2"/>
  <meta:user-defined meta:name="Info 3"/>
</office:meta>
 <office:script/>
 <office:font-decls>
  <style:font-decl style:name="StarSymbol" fo:font-family="StarSymbol" style:font-charset="x-symbol"/>
  <style:font-decl style:name="Courier New" fo:font-family="&apos;Courier New&apos;" style:font-style-name="Standard" style:font-family-generic="modern" style:font-pitch="fixed"/>
  <style:font-decl style:name="Courier" fo:font-family="Courier" style:font-family-generic="roman" style:font-pitch="fixed"/>
  <style:font-decl style:name="Andale WT UI3" fo:font-family="&apos;Andale WT UI&apos;" style:font-pitch="variable"/>
  <style:font-decl style:name="Arial Unicode MS" fo:font-family="&apos;Arial Unicode MS&apos;" style:font-pitch="variable"/>
  <style:font-decl style:name="HG Mincho Light J" fo:font-family="&apos;HG Mincho Light J&apos;" style:font-pitch="variable"/>
  <style:font-decl style:name="Andale WT UI" fo:font-family="&apos;Andale WT UI&apos;" style:font-style-name="Fett" style:font-family-generic="roman" style:font-pitch="variable"/>
  <style:font-decl style:name="Andale WT UI1" fo:font-family="&apos;Andale WT UI&apos;" style:font-style-name="Standard" style:font-family-generic="roman" style:font-pitch="variable"/>
  <style:font-decl style:name="Thorndale" fo:font-family="Thorndale" style:font-family-generic="roman" style:font-pitch="variable"/>
  <style:font-decl style:name="Times New Roman" fo:font-family="&apos;Times New Roman&apos;" style:font-style-name="Fett" style:font-family-generic="roman" style:font-pitch="variable"/>
  <style:font-decl style:name="Andale WT UI2" fo:font-family="&apos;Andale WT UI&apos;" style:font-family-generic="swiss" style:font-pitch="variable"/>
 </office:font-decls>
 <office:automatic-styles>
  <style:style style:name="P1" style:family="paragraph" style:parent-style-name="Paragraph" style:master-page-name="HTML">
   <style:properties style:page-number="0"/>
  </style:style>
  <style:style style:name="T1" style:family="text">
   <style:properties fo:font-weight="bold"/>
  </style:style>
 </office:automatic-styles>
 <office:body>
  <text:variable-decls>
   <text:variable-decl text:value-type="string" text:name="HTML_ON"/>
   <text:variable-decl text:value-type="string" text:name="HTML_OFF"/>
   <text:variable-decl text:value-type="string" text:name="TITEL"/>
   <text:variable-decl text:value-type="string" text:name="END"/>
   <text:variable-decl text:value-type="string" text:name="OS2"/>
   <text:variable-decl text:value-type="string" text:name="ELSE"/>
   <text:variable-decl text:value-type="string" text:name="HREF"/>
   <text:variable-decl text:value-type="string" text:name="MAC"/>
   <text:variable-decl text:value-type="string" text:name="NAME"/>
   <text:variable-decl text:value-type="string" text:name="HelpID"/>
   <text:variable-decl text:value-type="string" text:name="WIN"/>
   <text:variable-decl text:value-type="string" text:name="HFELD"/>
   <text:variable-decl text:value-type="string" text:name="MODIFY"/>
   <text:variable-decl text:value-type="string" text:name="REFNR"/>
   <text:variable-decl text:value-type="string" text:name="KEY"/>
   <text:variable-decl text:value-type="string" text:name="AKTHLP"/>
   <text:variable-decl text:value-type="string" text:name="INDEX"/>
   <text:variable-decl text:value-type="string" text:name="STYLE"/>
  </text:variable-decls>
  <text:sequence-decls>
   <text:sequence-decl text:display-outline-level="0" text:name="Illustration"/>
   <text:sequence-decl text:display-outline-level="0" text:name="Table"/>
   <text:sequence-decl text:display-outline-level="0" text:name="Text"/>
   <text:sequence-decl text:display-outline-level="0" text:name="Drawing"/>
  </text:sequence-decls>
  <help:switch select="Program"><help:case select="WRITER">
  <text:p text:style-name="Head 1"><help:help-id value="SVX_PUSHBUTTON_RID_SVXDLG_SEARCH_BTN_ATTRIBUTE"/><help:key-word value="属性; 検索" tag="kw65769_1"/><help:key-word value="検索; 属性" tag="kw65769_2"/>属性</text:p>
  <text:p text:style-name="Paragraph"><help:to-be-embedded Eid="attributetext"><help:help-text value="visible">検索する全般的なテキスト属性を選択します。例えば、<text:span text:style-name="T1">フォント</text:span>属性を検索すると、標準フォントスタイルを使用しないテキストだけが見つかります。特定のフォントを検索する場合は、ボタン <help:link Id="65665"><text:span text:style-name="T1">書式</text:span></help:link> をクリックします。</help:help-text></help:to-be-embedded></text:p>
  <help:popup Id="65620" Eid="suchenattribute"><help:embedded Id="65598" Eid="wie"></help:embedded></help:popup>
  <text:p text:style-name="Paragraph">検索する属性を選択したあと、ダイアログ <text:span text:style-name="T1">検索と置換</text:span> のセクション <text:span text:style-name="T1">オプション</text:span> にあるボックス <text:span text:style-name="T1">スタイルの検索</text:span> が <text:span text:style-name="T1">スタイルを含む</text:span> に変化します。</text:p>
  <text:p text:style-name="Paragraph">直接書式設定およびスタイルにより設定された属性を含むテキストを検索する場合は、ボックス <text:span text:style-name="T1">スタイルを含む</text:span> をオンにします。</text:p>
  <text:p text:style-name="Paragraph">属性の検索条件は、ボックス <text:span text:style-name="T1">検索テキスト</text:span> の下に表示されます。</text:p>
  <text:p text:style-name="Head 2"><help:help-id value="HID_SEARCHATTR"/><help:help-id value="HID_SEARCHATTR_CTL_ATTR"/>選択</text:p>
  <text:p text:style-name="Paragraph"><help:help-text value="visible">検索する属性を選択します。</help:help-text></text:p>
  <text:p text:style-name="Head 3">次の段落を離さない</text:p>
  <text:p text:style-name="Paragraph"><text:span text:style-name="T1">次の段落を離さない</text:span>属性を検索します。</text:p>
  <text:p text:style-name="Head 3">段落の分割</text:p>
  <text:p text:style-name="Paragraph"><text:span text:style-name="T1">段落を分割しない</text:span>属性を検索します。</text:p>
  <text:p text:style-name="Head 3">間隔</text:p>
  <text:p text:style-name="Paragraph"><text:span text:style-name="T1">間隔</text:span>属性 (上、下) を検索します。</text:p>
  <text:p text:style-name="Head 3">配置</text:p>
  <text:p text:style-name="Paragraph"><text:span text:style-name="T1">配置</text:span>属性 (左揃え、右揃え、中央揃え、均等割付) を検索します。</text:p>
  <text:p text:style-name="Head 3">文字種</text:p>
  <text:p text:style-name="Paragraph"><text:span text:style-name="T1">大文字、小文字、小型大文字、タイトル文字</text:span>の文字属性を使用する文字を検索します。</text:p>
  <text:p text:style-name="Head 3">点滅</text:p>
  <text:p text:style-name="Paragraph"><text:span text:style-name="T1">Blinking</text:span>属性を使用する文字を検索します。</text:p>
  <text:p text:style-name="Head 3">取り消し線</text:p>
  <text:p text:style-name="Paragraph"><text:span text:style-name="T1">取り消し線</text:span>属性 (単線または二重線) を使用する文字を検索します。</text:p>
  <text:p text:style-name="Head 3">インデント</text:p>
  <text:p text:style-name="Paragraph"><text:span text:style-name="T1">インデント</text:span>属性 (テキストのまえ、テキストのあと、最初の行) を検索します。</text:p>
  <text:p text:style-name="Head 3">ウィドウ</text:p>
  <text:p text:style-name="Paragraph"><text:span text:style-name="T1">段落前で改ページ</text:span>属性を検索します。</text:p>
  <text:p text:style-name="Head 3">カーニング</text:p>
  <text:p text:style-name="Paragraph"><text:span text:style-name="T1">文字間隔</text:span>属性 (標準、広くする、狭くする) と、<help:popup Id="65619" Eid="kerning">文字組みのカーニング</help:popup>属性を検索します。</text:p>
  <text:p text:style-name="Head 3">中抜き</text:p>
  <text:p text:style-name="Paragraph"><text:span text:style-name="T1">中抜き</text:span>属性を検索します。</text:p>
  <text:p text:style-name="Head 3">位置</text:p>
  <text:p text:style-name="Paragraph"><text:span text:style-name="T1">標準</text:span>/<text:span text:style-name="T1">上付き</text:span>/<text:span text:style-name="T1">下付き</text:span>属性を使用する文字を検索します。</text:p>
  <text:p text:style-name="Head 3">印刷見当を合わせる</text:p>
  <text:p text:style-name="Paragraph"><text:span text:style-name="T1">印刷見当</text:span>属性を検索します。</text:p>
  <text:p text:style-name="Head 3">浮き彫り</text:p>
  <text:p text:style-name="Paragraph"><text:span text:style-name="T1">浮き出し</text:span>属性を検索します。</text:p>
  <text:p text:style-name="Head 3">回転</text:p>
  <text:p text:style-name="Paragraph"><text:span text:style-name="T1">回転</text:span>属性を検索します。</text:p>
  <text:p text:style-name="Head 3">影付き</text:p>
  <text:p text:style-name="Paragraph"><text:span text:style-name="T1">影</text:span>属性を検索します。</text:p>
  <text:p text:style-name="Head 3">フォント</text:p>
  <text:p text:style-name="Paragraph">標準フォントが変更されている箇所をすべて検索します。</text:p>
  <text:p text:style-name="Head 3">フォントの色</text:p>
  <text:p text:style-name="Paragraph">標準のフォントの色が変更されている箇所をすべて検索します。</text:p>
  <text:p text:style-name="Head 3">フォントのサイズ</text:p>
  <text:p text:style-name="Paragraph"><text:span text:style-name="T1">フォントのサイズ/フォントの高さ</text:span>属性を検索します。</text:p>
  <text:p text:style-name="Head 3">フォントの太さ</text:p>
  <text:p text:style-name="Paragraph"><text:span text:style-name="T1">太字</text:span>属性または<text:span text:style-name="T1">太字斜体</text:span>属性を検索します。</text:p>
  <text:p text:style-name="Head 3">フォントのスタイル</text:p>
  <text:p text:style-name="Paragraph"><text:span text:style-name="T1">斜体</text:span>属性または<text:span text:style-name="T1">太字斜体</text:span>属性を検索します。</text:p>
  <text:p text:style-name="Head 3">オーファン</text:p>
  <text:p text:style-name="Paragraph"><help:popup Id="65619" Eid="schuster">改ページの前に残す行数</help:popup>属性を検索します。</text:p>
  <text:p text:style-name="Head 3">ページスタイル</text:p>
  <text:p text:style-name="Paragraph"><text:span text:style-name="T1">ページスタイル付き</text:span>属性を検索します。</text:p>
  <text:p text:style-name="Head 3">ハイフネーション</text:p>
  <text:p text:style-name="Paragraph"><text:span text:style-name="T1">ハイフネーション</text:span>属性を検索します。</text:p>
  <text:p text:style-name="Head 3">倍率</text:p>
  <text:p text:style-name="Paragraph"><text:span text:style-name="T1">倍率</text:span>属性を検索します。</text:p>
  <text:p text:style-name="Head 3">言語</text:p>
  <text:p text:style-name="Paragraph"><text:span text:style-name="T1">言語</text:span>属性 (スペルチェック用) を検索します。</text:p>
  <text:p text:style-name="Head 3">タブ</text:p>
  <text:p text:style-name="Paragraph">追加タブ設定を使用する段落を検索します。</text:p>
  <text:p text:style-name="Head 3">下線</text:p>
  <text:p text:style-name="Paragraph"><text:span text:style-name="T1">下線</text:span>属性 (単線、二重線、点線) を使用する文字を検索します。</text:p>
  <text:p text:style-name="Head 3">縦書き</text:p>
  <text:p text:style-name="Paragraph"><text:span text:style-name="T1">縦書き</text:span>属性を検索します。</text:p>
  <text:p text:style-name="Head 3">単語ごとにする</text:p>
  <text:p text:style-name="Paragraph">下線属性または取り消し線属性を使用する個別の単語を検索します。</text:p>
  <text:p text:style-name="Head 3">文字の背景</text:p>
  <text:p text:style-name="Paragraph"><text:span text:style-name="T1">背景</text:span>属性を使用する文字を検索します。</text:p>
  <text:p text:style-name="Head 3">行間</text:p>
  <text:p text:style-name="Paragraph"><text:span text:style-name="T1">行間</text:span>属性 (1 行、1.5 行、2 行、均等、最小、行間余白) を検索します。</text:p>
  </help:case></help:switch>
 </office:body>
</office:document>
