

<office:document  xmlns:office="http://openoffice.org/2000/office" xmlns:style="http://openoffice.org/2000/style" xmlns:text="http://openoffice.org/2000/text" xmlns:table="http://openoffice.org/2000/table" xmlns:draw="http://openoffice.org/2000/drawing" xmlns:fo="http://www.w3.org/1999/XSL/Format" xmlns:xlink="http://www.w3.org/1999/xlink" xmlns:number="http://openoffice.org/2000/datastyle" xmlns:svg="http://www.w3.org/2000/svg" xmlns:chart="http://openoffice.org/2000/chart" xmlns:dr3d="http://openoffice.org/2000/dr3d" xmlns:math="http://www.w3.org/1998/Math/MathML" xmlns:form="http://openoffice.org/2000/form" xmlns:script="http://openoffice.org/2000/script" office:class="text" office:version="1.0" xmlns:dc="http://purl.org/dc/elements/1.1/" xmlns:meta="http://openoffice.org/2000/meta" xmlns:help="http://openoffice.org/2000/help">
<office:meta>
  <dc:description>text/common/01/02100000</dc:description>
  <dc:subject>検索と置換</dc:subject>

  <dc:language>ja-JP</dc:language>
  <meta:user-defined meta:name="Info 0">READY</meta:user-defined>
  <meta:user-defined meta:name="Info 1">FREE_OK</meta:user-defined>
  <meta:user-defined meta:name="Info 2"/>
  <meta:user-defined meta:name="Info 3"/>
</office:meta>
 <office:script/>
 <office:font-decls>
  <style:font-decl style:name="StarSymbol" fo:font-family="StarSymbol" style:font-charset="x-symbol"/>
  <style:font-decl style:name="Courier New" fo:font-family="&apos;Courier New&apos;" style:font-style-name="Standard" style:font-family-generic="modern" style:font-pitch="fixed"/>
  <style:font-decl style:name="Courier" fo:font-family="Courier" style:font-family-generic="roman" style:font-pitch="fixed"/>
  <style:font-decl style:name="Andale WT UI3" fo:font-family="&apos;Andale WT UI&apos;" style:font-pitch="variable"/>
  <style:font-decl style:name="Arial Unicode MS" fo:font-family="&apos;Arial Unicode MS&apos;" style:font-pitch="variable"/>
  <style:font-decl style:name="HG Mincho Light J" fo:font-family="&apos;HG Mincho Light J&apos;" style:font-pitch="variable"/>
  <style:font-decl style:name="Andale WT UI" fo:font-family="&apos;Andale WT UI&apos;" style:font-style-name="Fett" style:font-family-generic="roman" style:font-pitch="variable"/>
  <style:font-decl style:name="Andale WT UI1" fo:font-family="&apos;Andale WT UI&apos;" style:font-style-name="Standard" style:font-family-generic="roman" style:font-pitch="variable"/>
  <style:font-decl style:name="Thorndale" fo:font-family="Thorndale" style:font-family-generic="roman" style:font-pitch="variable"/>
  <style:font-decl style:name="Times New Roman" fo:font-family="&apos;Times New Roman&apos;" style:font-style-name="Fett" style:font-family-generic="roman" style:font-pitch="variable"/>
  <style:font-decl style:name="Andale WT UI2" fo:font-family="&apos;Andale WT UI&apos;" style:font-family-generic="swiss" style:font-pitch="variable"/>
 </office:font-decls>
 <office:automatic-styles>
  <style:style style:name="Tabelle1" style:family="table">
   <style:properties style:width="18cm" table:align="margins"/>
  </style:style>
  <style:style style:name="Tabelle1.A" style:family="table-column">
   <style:properties style:column-width="1.499cm" style:rel-column-width="5461*"/>
  </style:style>
  <style:style style:name="Tabelle1.B" style:family="table-column">
   <style:properties style:column-width="16.501cm" style:rel-column-width="60074*"/>
  </style:style>
  <style:style style:name="Tabelle3" style:family="table">
   <style:properties style:width="18cm" table:align="margins"/>
  </style:style>
  <style:style style:name="Tabelle3.A" style:family="table-column">
   <style:properties style:column-width="1.499cm" style:rel-column-width="5460*"/>
  </style:style>
  <style:style style:name="Tabelle3.B" style:family="table-column">
   <style:properties style:column-width="16.501cm" style:rel-column-width="60075*"/>
  </style:style>
  <style:style style:name="Tabelle3.1" style:family="table-row">
   <style:properties style:min-row-height="0.848cm"/>
  </style:style>
  <style:style style:name="Tabelle3.A1" style:family="table-cell">
   <style:properties fo:padding="0cm" fo:border="none"/>
  </style:style>
  <style:style style:name="P1" style:family="paragraph" style:parent-style-name="Paragraph" style:master-page-name="HTML">
   <style:properties style:page-number="0"/>
  </style:style>
  <style:style style:name="T1" style:family="text">
   <style:properties fo:font-weight="bold"/>
  </style:style>
  <style:style style:name="fr1" style:family="graphics" style:parent-style-name="Graphics">
   <style:properties style:run-through="foreground" style:wrap="run-through" style:vertical-pos="top" style:vertical-rel="paragraph" style:horizontal-pos="left" style:horizontal-rel="paragraph" style:mirror="none" fo:clip="rect(0cm 0cm 0cm 0cm)" draw:luminance="0%" draw:contrast="0%" draw:red="0%" draw:green="0%" draw:blue="0%" draw:gamma="1" draw:color-inversion="false" draw:transparency="-100%" draw:color-mode="standard"/>
  </style:style>
  <style:style style:name="fr2" style:family="graphics" style:parent-style-name="Graphics">
   <style:properties fo:margin-left="0cm" fo:margin-right="0cm" fo:margin-top="0cm" fo:margin-bottom="0cm" style:run-through="foreground" style:wrap="run-through" style:vertical-pos="middle" style:vertical-rel="paragraph" style:horizontal-pos="left" style:horizontal-rel="paragraph" style:mirror="none" fo:clip="rect(0cm 0cm 0cm 0cm)" draw:luminance="0%" draw:contrast="0%" draw:red="0%" draw:green="0%" draw:blue="0%" draw:gamma="1" draw:color-inversion="false" draw:transparency="-100%" draw:color-mode="standard"/>
  </style:style>
 </office:automatic-styles>
 <office:body>
  <text:variable-decls>
   <text:variable-decl text:value-type="string" text:name="HTML_ON"/>
   <text:variable-decl text:value-type="string" text:name="HTML_OFF"/>
   <text:variable-decl text:value-type="string" text:name="TITEL"/>
   <text:variable-decl text:value-type="string" text:name="END"/>
   <text:variable-decl text:value-type="string" text:name="OS2"/>
   <text:variable-decl text:value-type="string" text:name="ELSE"/>
   <text:variable-decl text:value-type="string" text:name="HREF"/>
   <text:variable-decl text:value-type="string" text:name="MAC"/>
   <text:variable-decl text:value-type="string" text:name="NAME"/>
   <text:variable-decl text:value-type="string" text:name="HelpID"/>
   <text:variable-decl text:value-type="string" text:name="WIN"/>
   <text:variable-decl text:value-type="string" text:name="HFELD"/>
   <text:variable-decl text:value-type="string" text:name="MODIFY"/>
   <text:variable-decl text:value-type="string" text:name="REFNR"/>
   <text:variable-decl text:value-type="string" text:name="KEY"/>
   <text:variable-decl text:value-type="string" text:name="INDEX"/>
   <text:variable-decl text:value-type="string" text:name="AKTHLP"/>
   <text:variable-decl text:value-type="string" text:name="STYLE"/>
  </text:variable-decls>
  <text:sequence-decls>
   <text:sequence-decl text:display-outline-level="0" text:name="Illustration"/>
   <text:sequence-decl text:display-outline-level="0" text:name="Table"/>
   <text:sequence-decl text:display-outline-level="0" text:name="Text"/>
   <text:sequence-decl text:display-outline-level="0" text:name="Drawing"/>
  </text:sequence-decls>
  <help:to-be-embedded Eid="suchenersetzen">
  <text:p text:style-name="Head 1"><help:help-id value="SID_SEARCH_ITEM"/><help:help-id value="SID_SEARCH_DLG"/><help:key-word value="検索と置換; テキスト" tag="kw65852_1"/><help:key-word value="検索; テキスト" tag="kw65852_17"/><help:key-word value="検索; テーブル" tag="kw65852_16"/><help:key-word value="置換; テキスト" tag="kw65852_15"/><help:key-word value="置換; セル" tag="kw65852_14"/><help:key-word value="検索; スタイル" tag="kw65852_13"/><help:key-word value="スタイル; 検索" tag="kw65852_12"/><help:key-word value="検索; 検索を参照 (see finding)" tag="kw65852_11"/><help:to-be-embedded Eid="02100000"><help:link Id="65852">検索と置換</help:link></help:to-be-embedded></text:p>
  <text:p text:style-name="Paragraph"><help:to-be-embedded Eid="suchenersetzentext"><help:help-text value="visible">現在のドキュメント内でテキストまたは書式を検索、置換します。</help:help-text></help:to-be-embedded></text:p>
  </help:to-be-embedded>
  <help:executeurl Id="slot:5961"></help:executeurl><help:popup Id="65620" Eid="suchen"><help:embedded Id="65598" Eid="wie"></help:embedded></help:popup>
  <text:p text:style-name="Head 2"><help:help-id value="SVX_COMBOBOX_RID_SVXDLG_SEARCH_ED_SEARCH"/><help:help-id value="SVX_LISTBOX_RID_SVXDLG_SEARCH_LB_SEARCH"/>検索テキスト</text:p>
  <text:p text:style-name="Paragraph"><help:help-text value="visible">検索するテキストを入力するか、リストから以前の検索対象を選択します。</help:help-text></text:p>
  <text:p text:style-name="Paragraph"><help:help-id value="SVX_MULTILINEEDIT_RID_SVXDLG_SEARCH_ED_SEARCH_FORMATS"/><help:help-text value="visible">検索に関するオプションがダイアログの <text:span text:style-name="T1">オプション</text:span> に表示されます。</help:help-text></text:p>
  <text:p text:style-name="Head 2"><help:help-id value="SVX_COMBOBOX_RID_SVXDLG_SEARCH_ED_REPLACE"/><help:help-id value="SVX_LISTBOX_RID_SVXDLG_SEARCH_LB_REPLACE"/>置換テキスト</text:p>
  <text:p text:style-name="Paragraph"><help:help-text value="visible">置換テキストを入力するか、以前の置換テキストまたはスタイルをリストから選択します。</help:help-text></text:p>
  <text:p text:style-name="Paragraph"><help:help-id value="SVX_MULTILINEEDIT_RID_SVXDLG_SEARCH_ED_REPLACE_FORMATS"/><help:help-text value="visible">置換に関するオプションがダイアログの <text:span text:style-name="T1">オプション</text:span> に表示されます。</help:help-text></text:p>
  <text:p text:style-name="Head 2">オプション</text:p>
  <text:p text:style-name="Head 3"><help:help-id value="SVX_CHECKBOX_RID_SVXDLG_SEARCH_BTN_CELLS"/><help:switch select="Program"><help:case select="CALC">セル全体</help:case><help:default>単語として</help:default></help:switch></text:p>
  <text:p text:style-name="Paragraph"><help:to-be-embedded Eid="ganze"><help:help-text value="visible"><help:switch select="Program"><help:case select="CALC">セル内容が検索テキストと完全に一致するもののみがヒットします。検索テキストがセル内容の一部である場合はヒットしません。</help:case><help:default>単語の場合、検索がヒットするのは、検索テキストと完全に一致する場合のみです。検索テキストが単語の一部である場合、この単語はヒットしません。</help:default></help:switch></help:help-text></help:to-be-embedded></text:p>
  <text:p text:style-name="Head 3"><help:help-id value="SVX_CHECKBOX_RID_SVXDLG_SEARCH_BTN_BACKWARDS"/>バックする</text:p>
  <text:p text:style-name="Paragraph"><help:help-text value="visible">現在のカーソル位置からファイルの先頭方向に検索が実行されます。</help:help-text></text:p>
  <text:p text:style-name="Head 3"><help:help-id value="SVX_CHECKBOX_RID_SVXDLG_SEARCH_BTN_REGEXP"/><a name="platzhalter"/><help:switch select="Program"><help:case select="DRAW"></help:case><help:case select="IMPRESS"></help:case><help:default>正規表現<help:key-word value="正規表現; 検索" tag="kw65852_10"/><help:key-word value="ワイルドカード検索; 正規表現" tag="kw65852_9"/><help:key-word value="検索と置換; 正規表現" tag="kw65852_8"/></help:default></help:switch></text:p>
  <text:p text:style-name="Paragraph"><help:switch select="Program"><help:case select="DRAW"></help:case><help:case select="IMPRESS"></help:case><help:default><help:help-text value="visible">検索中のワイルドカードの使用を許可します。</help:help-text></help:default></help:switch></text:p>
  <text:p text:style-name="Paragraph"><help:switch select="Program"><help:case select="DRAW"></help:case><help:case select="IMPRESS"></help:case><help:default><help:embedded Id="68251" Eid="02100001"></help:embedded></help:default></help:switch></text:p>
  <text:p text:style-name="Head 3"><help:help-id value="SVX_CHECKBOX_RID_SVXDLG_SEARCH_CB_MATCH_CASE"/>大文字と小文字を区別する</text:p>
  <text:p text:style-name="Paragraph"><help:key-word value="大文字と小文字を区別する検索" tag="kw65852_7"/><help:to-be-embedded Eid="exakt"><help:help-text value="visible">大文字と小文字を区別します。</help:help-text></help:to-be-embedded></text:p>
  <text:p text:style-name="Head 3"><help:help-id value="SVX_CHECKBOX_RID_SVXDLG_SEARCH_BTN_SELECTIONS"/><help:key-word value="検索; 選択" tag="kw65852_6"/>選択範囲のみ</text:p>
  <text:p text:style-name="Paragraph"><help:help-text value="visible"><help:switch select="Program"><help:case select="CALC">選択したセルだけを検索します。</help:case><help:default>選択したテキストだけを検索します。</help:default></help:switch></help:help-text></text:p>
  <text:p text:style-name="Head 3"><help:help-id value="SVX_CHECKBOX_RID_SVXDLG_SEARCH_BTN_LAYOUTS"/><help:switch select="Program"><help:case select="DRAW"></help:case><help:case select="IMPRESS"></help:case><help:default>スタイルの検索</help:default></help:switch></text:p>
  <text:p text:style-name="Paragraph"><help:help-text value="visible">指定したスタイルを検索します。このチェックボックスをオンにした上で、リスト <text:span text:style-name="T1">検索テキスト</text:span> からスタイルを選択します。置換後のスタイルは、<text:span text:style-name="T1">置換テキスト</text:span> リストから選択します。</help:help-text></text:p>
  <help:embedded Id="65785" Eid="aehnlichkeit"></help:embedded>
  <text:p text:style-name="Head 3"><help:help-id value="SVX_CHECKBOX_RID_SVXDLG_SEARCH_CB_JAP_MATCH_FULL_HALF_WIDTH"/><help:to-be-embedded Eid="halbnormaltitel">全角と半角を区別する（アジア諸国語を支援している場合のみ）</help:to-be-embedded></text:p>
  <text:p text:style-name="Paragraph"><help:to-be-embedded Eid="halbnormaltext"><help:help-text value="visible">半角文字と全角文字を区別します。</help:help-text></help:to-be-embedded></text:p>
  <text:p text:style-name="Head 3"><help:help-id value="SVX_CHECKBOX_RID_SVXDLG_SEARCH_CB_JAP_SOUNDS_LIKE"/><help:to-be-embedded Eid="aehnlichtitel">あいまい検索（日本語）（アジア諸国語を支援している場合のみ）</help:to-be-embedded></text:p>
  <text:p text:style-name="Paragraph"><help:to-be-embedded Eid="aehnlichtext"><help:help-text value="visible">日本語テキストで類似の語句を検索するためのオプションを指定します。このチェックボックスをオンにした上で、ボタン <text:span text:style-name="T1">...</text:span> をクリックして検索オプションを指定します。</help:help-text></help:to-be-embedded></text:p>
  <text:p text:style-name="Paragraph"><help:help-id value="SVX_PUSHBUTTON_RID_SVXDLG_SEARCH_PB_JAP_OPTIONS"/><help:to-be-embedded Eid="aehnlichbutton"><help:help-text value="hide">日本語テキストで類似の語句を検索するためのオプションを設定します。</help:help-text></help:to-be-embedded></text:p>
  <text:p text:style-name="Paragraph"><help:link Id="68108">日本語の検索</help:link></text:p>
  <text:p text:style-name="Head 2"><help:help-id value="SVX_PUSHBUTTON_RID_SVXDLG_SEARCH_BTN_SEARCH_ALL"/>すべて検索</text:p>
  <text:p text:style-name="Paragraph"><help:help-text value="visible">ドキュメント内の検索対象のテキストまたは書式をすべて検索して選択します。</help:help-text></text:p>
  <text:p text:style-name="Head 2"><help:help-id value="SVX_PUSHBUTTON_RID_SVXDLG_SEARCH_BTN_SEARCH"/>検索</text:p>
  <text:p text:style-name="Paragraph"><help:help-text value="visible">ドキュメント内の検索対象の次のテキストまたは書式を検索して選択します。</help:help-text></text:p>
  <text:p text:style-name="Head 2"><help:help-id value="SVX_PUSHBUTTON_RID_SVXDLG_SEARCH_BTN_REPLACE_ALL"/>すべて置換</text:p>
  <text:p text:style-name="Paragraph"><help:help-text value="visible">置換対象のテキストまたは書式をすべて置換します。<help:switch select="Program"><help:case select="IMPRESS">スライド上ですべての置換が終わるまで、このコマンドを繰り返します。</help:case></help:switch></help:help-text></text:p>
  <text:p text:style-name="Head 2"><help:help-id value="SVX_PUSHBUTTON_RID_SVXDLG_SEARCH_BTN_REPLACE"/>置換</text:p>
  <text:p text:style-name="Paragraph"><help:help-text value="visible">選択中のテキストまたは書式を置換したあと、次の置換対象を検索します。</help:help-text></text:p>
  <text:p text:style-name="Head 2"><help:switch select="Program"><help:case select="WRITER"><help:link Id="65769">属性...</help:link></help:case></help:switch></text:p>
  <help:switch select="Program"><help:case select="WRITER"><help:embedded Id="65769" Eid="attributetext"></help:embedded></help:case></help:switch>
  <text:p text:style-name="Head 2"><help:switch select="Program"><help:case select="WRITER"><help:link Id="65665">書式...</help:link></help:case></help:switch></text:p>
  <help:switch select="Program"><help:case select="WRITER"><help:embedded Id="65665" Eid="formattext"></help:embedded></help:case></help:switch>
  <text:p text:style-name="Head 2"><help:help-id value="SVX_PUSHBUTTON_RID_SVXDLG_SEARCH_BTN_NOFORMAT"/><help:switch select="Program"><help:case select="WRITER">書式なし</help:case></help:switch></text:p>
  <text:p text:style-name="Paragraph"><help:switch select="Program"><help:case select="WRITER"><help:help-text value="visible">書式に基づく検索条件を削除するには、ボックス <text:span text:style-name="T1">検索テキスト</text:span> または <text:span text:style-name="T1">置換テキスト</text:span> をクリックしたあと、このボタンをクリックします。</help:help-text></help:case></help:switch></text:p>
  <help:switch select="Program"><help:case select="WRITER">
  <table:table table:name="Tabelle1" table:style-name="Tabelle1">
   <table:table-column table:style-name="Tabelle1.A"/>
   <table:table-column table:style-name="Tabelle1.B"/>
   <table:table-header-rows>
    <table:table-row>
     <table:table-cell table:value-type="string">
      <text:p text:style-name="Paragraph"><draw:image draw:name="マーク0" svg:desc="ノート" svg:pixelx="32" svg:pixely="32" svg:width="0.847cm" svg:height="0.847cm" xlink:href="65980" draw:filter-name=""/></text:p>

     </table:table-cell>
     <table:table-cell table:value-type="string">
      <text:p text:style-name="Paragraph">書式属性の検索条件がボックス <text:span text:style-name="T1">検索テキスト</text:span> または <text:span text:style-name="T1">置換テキスト</text:span> の下に表示されます。</text:p>
     </table:table-cell>
    </table:table-row>
   </table:table-header-rows>
  </table:table>
  </help:case></help:switch>
  <text:p text:style-name="Head 2"><help:help-id value="SVX_MOREBUTTON_RID_SVXDLG_SEARCH_BTN_MORE"/><help:switch select="Program"><help:case select="CALC">詳細</help:case></help:switch></text:p>
  <text:p text:style-name="Paragraph"><help:help-text value="visible"><help:switch select="Program"><help:case select="CALC">さらに詳細な検索オプションを表示します。このボタンをもう一度クリックすると、詳細な検索オプションが非表示になります。</help:case></help:switch></help:help-text></text:p>
  <text:p text:style-name="Head 3"><help:switch select="Program"><help:case select="CALC">検索場所</help:case></help:switch></text:p>
  <text:p text:style-name="Head 4"><help:help-id value="SVX_RADIOBUTTON_RID_SVXDLG_SEARCH_BTN_FORMULAS"/><help:switch select="Program"><help:case select="CALC">数式</help:case></help:switch></text:p>
  <text:p text:style-name="Paragraph"><help:help-text value="visible"><help:switch select="Program"><help:case select="CALC">数式中の文字や固定値 (計算値ではなく) を対象に、指定した文字を検索します。たとえば、「SUM」という文字を含む数式を検索する、ということができます。</help:case></help:switch></help:help-text></text:p>
  <text:p text:style-name="Head 4"><help:help-id value="SVX_RADIOBUTTON_RID_SVXDLG_SEARCH_BTN_VALUES"/><help:switch select="Program"><help:case select="CALC">値</help:case></help:switch></text:p>
  <text:p text:style-name="Paragraph"><help:help-text value="visible"><help:switch select="Program"><help:case select="CALC">数値および計算結果を対象に、指定した文字を検索します。</help:case></help:switch></help:help-text></text:p>
  <text:p text:style-name="Head 4"><help:help-id value="SVX_RADIOBUTTON_RID_SVXDLG_SEARCH_BTN_NOTES"/><help:switch select="Program"><help:case select="CALC">ノート</help:case></help:switch></text:p>
  <text:p text:style-name="Paragraph"><help:help-text value="visible"><help:switch select="Program"><help:case select="CALC">セルに関連付けられているコメント内に入力した文字を検索します。</help:case></help:switch></help:help-text></text:p>
  <text:p text:style-name="Head 3"><help:switch select="Program"><help:case select="CALC">検索方向</help:case></help:switch></text:p>
  <text:p text:style-name="Paragraph"><help:switch select="Program"><help:case select="CALC">セルを検索する順序を指定します。</help:case></help:switch></text:p>
  <text:p text:style-name="Head 4"><help:help-id value="SVX_RADIOBUTTON_RID_SVXDLG_SEARCH_BTN_ROWS"/><help:switch select="Program"><help:case select="CALC">行</help:case></help:switch></text:p>
  <text:p text:style-name="Paragraph"><help:help-text value="visible"><help:switch select="Program"><help:case select="CALC">行を左から右に検索します。</help:case></help:switch></help:help-text></text:p>
  <text:p text:style-name="Head 4"><help:help-id value="SVX_RADIOBUTTON_RID_SVXDLG_SEARCH_BTN_COLUMNS"/><help:switch select="Program"><help:case select="CALC">列</help:case></help:switch></text:p>
  <text:p text:style-name="Paragraph"><help:switch select="Program"><help:case select="CALC"><help:help-text value="visible">列を上から下に検索します。</help:help-text></help:case></help:switch></text:p>
  <text:p text:style-name="Head 2"><help:switch select="Program"><help:case select="CALC">その他</help:case></help:switch></text:p>
  <text:p text:style-name="Head 3"><help:help-id value="SVX_CHECKBOX_RID_SVXDLG_SEARCH_CB_ALLTABLES"/><help:switch select="Program"><help:case select="CALC"><help:key-word value="検索; すべてのシート" tag="kw65852_5"/><help:key-word value="検索; すべてのシート" tag="kw65852_4"/><help:key-word value="シート; すべてのシートを検索" tag="kw65852_3"/>すべてのシートを検索</help:case></help:switch></text:p>
  <text:p text:style-name="Paragraph"><help:switch select="Program"><help:case select="CALC"><help:help-text value="visible">現在の表計算ドキュメントにあるすべてのシートを対象に検索を行います。</help:help-text></help:case></help:switch></text:p>
  <help:embedded Id="65630" Eid="schliessen"></help:embedded>
  <table:table table:name="Tabelle3" table:style-name="Tabelle3">
   <table:table-column table:style-name="Tabelle3.A"/>
   <table:table-column table:style-name="Tabelle3.B"/>
   <table:table-header-rows>
    <table:table-row table:style-name="Tabelle3.1">
     <table:table-cell table:style-name="Tabelle3.A1" table:value-type="string">
      <text:p text:style-name="Paragraph"><draw:image draw:name="ノート1" svg:desc="ヒント" svg:pixelx="32" svg:pixely="32" svg:width="0.847cm" svg:height="0.847cm" xlink:href="66732" draw:filter-name=""/></text:p>

     </table:table-cell>
     <table:table-cell table:style-name="Tabelle3.A1" table:value-type="string">
      <text:p text:style-name="Paragraph"><help:key-word value="検索; ダイアログを表示せずに検索" tag="kw65852_2"/>ダイアログ <text:span text:style-name="T1">検索と置換</text:span> を閉じた後でも、(Shift) + (<help:switch select="System"><help:case select ="MAC">Command</help:case><help:default>Ctrl</help:default></help:switch>) + (F) キーを押すことで、最後に実行した検索テキストの指定を使って検索が行えます。</text:p>
     </table:table-cell>
    </table:table-row>
   </table:table-header-rows>
  </table:table>
 </office:body>
</office:document>
