

<office:document  xmlns:office="http://openoffice.org/2000/office" xmlns:style="http://openoffice.org/2000/style" xmlns:text="http://openoffice.org/2000/text" xmlns:table="http://openoffice.org/2000/table" xmlns:draw="http://openoffice.org/2000/drawing" xmlns:fo="http://www.w3.org/1999/XSL/Format" xmlns:xlink="http://www.w3.org/1999/xlink" xmlns:number="http://openoffice.org/2000/datastyle" xmlns:svg="http://www.w3.org/2000/svg" xmlns:chart="http://openoffice.org/2000/chart" xmlns:dr3d="http://openoffice.org/2000/dr3d" xmlns:math="http://www.w3.org/1998/Math/MathML" xmlns:form="http://openoffice.org/2000/form" xmlns:script="http://openoffice.org/2000/script" office:class="text" office:version="1.0" xmlns:dc="http://purl.org/dc/elements/1.1/" xmlns:meta="http://openoffice.org/2000/meta" xmlns:help="http://openoffice.org/2000/help">
<office:meta>
  <dc:description>text/common/01/02220000</dc:description>
  <dc:subject>イメージマップエディタ</dc:subject>

  <dc:language>ja-JP</dc:language>
  <meta:user-defined meta:name="Info 0">READY</meta:user-defined>
  <meta:user-defined meta:name="Info 1">FREE_OK</meta:user-defined>
  <meta:user-defined meta:name="Info 2"/>
  <meta:user-defined meta:name="Info 3"/>
</office:meta>
 <office:script/>
 <office:font-decls>
  <style:font-decl style:name="Courier New" fo:font-family="&apos;Courier New&apos;" style:font-style-name="Standard" style:font-family-generic="modern" style:font-pitch="fixed"/>
  <style:font-decl style:name="Courier" fo:font-family="Courier" style:font-family-generic="roman" style:font-pitch="fixed"/>
  <style:font-decl style:name="Andale WT UI3" fo:font-family="&apos;Andale WT UI&apos;" style:font-pitch="variable"/>
  <style:font-decl style:name="Arial Unicode MS" fo:font-family="&apos;Arial Unicode MS&apos;" style:font-pitch="variable"/>
  <style:font-decl style:name="HG Mincho Light J" fo:font-family="&apos;HG Mincho Light J&apos;" style:font-pitch="variable"/>
  <style:font-decl style:name="Andale WT UI" fo:font-family="&apos;Andale WT UI&apos;" style:font-style-name="Fett" style:font-family-generic="roman" style:font-pitch="variable"/>
  <style:font-decl style:name="Andale WT UI1" fo:font-family="&apos;Andale WT UI&apos;" style:font-style-name="Standard" style:font-family-generic="roman" style:font-pitch="variable"/>
  <style:font-decl style:name="Thorndale" fo:font-family="Thorndale" style:font-family-generic="roman" style:font-pitch="variable"/>
  <style:font-decl style:name="Times New Roman" fo:font-family="&apos;Times New Roman&apos;" style:font-style-name="Fett" style:font-family-generic="roman" style:font-pitch="variable"/>
  <style:font-decl style:name="Andale WT UI2" fo:font-family="&apos;Andale WT UI&apos;" style:font-family-generic="swiss" style:font-pitch="variable"/>
 </office:font-decls>
 <office:automatic-styles>
  <style:style style:name="Tabelle1" style:family="table">
   <style:properties style:width="16.999cm" table:align="margins"/>
  </style:style>
  <style:style style:name="Tabelle1.A" style:family="table-column">
   <style:properties style:column-width="1.501cm" style:rel-column-width="5786*"/>
  </style:style>
  <style:style style:name="Tabelle1.B" style:family="table-column">
   <style:properties style:column-width="15.498cm" style:rel-column-width="59749*"/>
  </style:style>
  <style:style style:name="Tabelle2" style:family="table">
   <style:properties style:width="16.999cm" table:align="margins"/>
  </style:style>
  <style:style style:name="Tabelle2.A" style:family="table-column">
   <style:properties style:column-width="1.501cm" style:rel-column-width="5786*"/>
  </style:style>
  <style:style style:name="Tabelle2.B" style:family="table-column">
   <style:properties style:column-width="15.498cm" style:rel-column-width="59749*"/>
  </style:style>
  <style:style style:name="Tabelle3" style:family="table">
   <style:properties style:width="16.999cm" table:align="margins"/>
  </style:style>
  <style:style style:name="Tabelle3.A" style:family="table-column">
   <style:properties style:column-width="1.501cm" style:rel-column-width="5786*"/>
  </style:style>
  <style:style style:name="Tabelle3.B" style:family="table-column">
   <style:properties style:column-width="15.498cm" style:rel-column-width="59749*"/>
  </style:style>
  <style:style style:name="Tabelle4" style:family="table">
   <style:properties style:width="16.999cm" table:align="margins"/>
  </style:style>
  <style:style style:name="Tabelle4.A" style:family="table-column">
   <style:properties style:column-width="1.501cm" style:rel-column-width="5786*"/>
  </style:style>
  <style:style style:name="Tabelle4.B" style:family="table-column">
   <style:properties style:column-width="15.498cm" style:rel-column-width="59749*"/>
  </style:style>
  <style:style style:name="Tabelle5" style:family="table">
   <style:properties style:width="16.999cm" table:align="margins"/>
  </style:style>
  <style:style style:name="Tabelle5.A" style:family="table-column">
   <style:properties style:column-width="1.501cm" style:rel-column-width="5786*"/>
  </style:style>
  <style:style style:name="Tabelle5.B" style:family="table-column">
   <style:properties style:column-width="15.498cm" style:rel-column-width="59749*"/>
  </style:style>
  <style:style style:name="Tabelle6" style:family="table">
   <style:properties style:width="16.999cm" table:align="margins"/>
  </style:style>
  <style:style style:name="Tabelle6.A" style:family="table-column">
   <style:properties style:column-width="1.501cm" style:rel-column-width="5786*"/>
  </style:style>
  <style:style style:name="Tabelle6.B" style:family="table-column">
   <style:properties style:column-width="15.498cm" style:rel-column-width="59749*"/>
  </style:style>
  <style:style style:name="Tabelle7" style:family="table">
   <style:properties style:width="16.999cm" table:align="margins"/>
  </style:style>
  <style:style style:name="Tabelle7.A" style:family="table-column">
   <style:properties style:column-width="1.501cm" style:rel-column-width="5786*"/>
  </style:style>
  <style:style style:name="Tabelle7.B" style:family="table-column">
   <style:properties style:column-width="15.498cm" style:rel-column-width="59749*"/>
  </style:style>
  <style:style style:name="Tabelle9" style:family="table">
   <style:properties style:width="16.999cm" table:align="margins"/>
  </style:style>
  <style:style style:name="Tabelle9.A" style:family="table-column">
   <style:properties style:column-width="1.501cm" style:rel-column-width="5786*"/>
  </style:style>
  <style:style style:name="Tabelle9.B" style:family="table-column">
   <style:properties style:column-width="15.498cm" style:rel-column-width="59749*"/>
  </style:style>
  <style:style style:name="Tabelle11" style:family="table">
   <style:properties style:width="16.999cm" table:align="margins"/>
  </style:style>
  <style:style style:name="Tabelle11.A" style:family="table-column">
   <style:properties style:column-width="1.501cm" style:rel-column-width="5786*"/>
  </style:style>
  <style:style style:name="Tabelle11.B" style:family="table-column">
   <style:properties style:column-width="15.498cm" style:rel-column-width="59749*"/>
  </style:style>
  <style:style style:name="Tabelle12" style:family="table">
   <style:properties style:width="16.999cm" table:align="margins"/>
  </style:style>
  <style:style style:name="Tabelle12.A" style:family="table-column">
   <style:properties style:column-width="1.501cm" style:rel-column-width="5786*"/>
  </style:style>
  <style:style style:name="Tabelle12.B" style:family="table-column">
   <style:properties style:column-width="15.498cm" style:rel-column-width="59749*"/>
  </style:style>
  <style:style style:name="Tabelle13" style:family="table">
   <style:properties style:width="16.999cm" table:align="margins"/>
  </style:style>
  <style:style style:name="Tabelle13.A" style:family="table-column">
   <style:properties style:column-width="1.501cm" style:rel-column-width="5786*"/>
  </style:style>
  <style:style style:name="Tabelle13.B" style:family="table-column">
   <style:properties style:column-width="15.498cm" style:rel-column-width="59749*"/>
  </style:style>
  <style:style style:name="Tabelle14" style:family="table">
   <style:properties style:width="16.999cm" table:align="margins"/>
  </style:style>
  <style:style style:name="Tabelle14.A" style:family="table-column">
   <style:properties style:column-width="1.482cm" style:rel-column-width="5712*"/>
  </style:style>
  <style:style style:name="Tabelle14.B" style:family="table-column">
   <style:properties style:column-width="15.517cm" style:rel-column-width="59823*"/>
  </style:style>
  <style:style style:name="Tabelle8" style:family="table">
   <style:properties style:width="16.999cm" table:align="margins"/>
  </style:style>
  <style:style style:name="Tabelle8.A" style:family="table-column">
   <style:properties style:column-width="1.501cm" style:rel-column-width="5786*"/>
  </style:style>
  <style:style style:name="Tabelle8.B" style:family="table-column">
   <style:properties style:column-width="15.498cm" style:rel-column-width="59749*"/>
  </style:style>
  <style:style style:name="Tabelle10" style:family="table">
   <style:properties style:width="16.999cm" fo:margin-top="0cm" fo:margin-bottom="0cm" table:align="margins" fo:background-color="transparent">
    <style:background-image/>
   </style:properties>
  </style:style>
  <style:style style:name="Tabelle10.A" style:family="table-column">
   <style:properties style:column-width="1.517cm" style:rel-column-width="5849*"/>
  </style:style>
  <style:style style:name="Tabelle10.B" style:family="table-column">
   <style:properties style:column-width="15.482cm" style:rel-column-width="59686*"/>
  </style:style>
  <style:style style:name="Tabelle10.1" style:family="table-row">
   <style:properties fo:background-color="transparent">
    <style:background-image/>
   </style:properties>
  </style:style>
  <style:style style:name="Tabelle10.A1" style:family="table-cell">
   <style:properties fo:background-color="transparent" fo:padding="0cm" fo:border="none">
    <style:background-image/>
   </style:properties>
  </style:style>
  <style:style style:name="Tabelle10.B1" style:family="table-cell">
   <style:properties fo:padding="0cm" fo:border="none"/>
  </style:style>
  <style:style style:name="Tabelle15" style:family="table">
   <style:properties style:width="16.999cm" table:align="margins"/>
  </style:style>
  <style:style style:name="Tabelle15.A" style:family="table-column">
   <style:properties style:column-width="1.501cm" style:rel-column-width="5786*"/>
  </style:style>
  <style:style style:name="Tabelle15.B" style:family="table-column">
   <style:properties style:column-width="15.498cm" style:rel-column-width="59749*"/>
  </style:style>
  <style:style style:name="T1" style:family="text">
   <style:properties fo:font-weight="bold"/>
  </style:style>
  <style:style style:name="fr1" style:family="graphics" style:parent-style-name="Graphics">
   <style:properties style:run-through="foreground" style:wrap="run-through" style:vertical-pos="top" style:vertical-rel="paragraph" style:horizontal-pos="left" style:horizontal-rel="paragraph" style:mirror="none" fo:clip="rect(0cm 0cm 0cm 0cm)" draw:luminance="0%" draw:contrast="0%" draw:red="0%" draw:green="0%" draw:blue="0%" draw:gamma="1" draw:color-inversion="false" draw:transparency="-100%" draw:color-mode="standard"/>
  </style:style>
  <style:style style:name="fr2" style:family="graphics" style:parent-style-name="Graphics">
   <style:properties style:wrap="run-through" style:horizontal-pos="left" style:horizontal-rel="paragraph" style:mirror="none" fo:clip="rect(0cm 0cm 0cm 0cm)" draw:luminance="0%" draw:contrast="0%" draw:red="0%" draw:green="0%" draw:blue="0%" draw:gamma="1" draw:color-inversion="false" draw:transparency="-100%" draw:color-mode="standard"/>
  </style:style>
 </office:automatic-styles>
 <office:body>
  <text:variable-decls>
   <text:variable-decl text:value-type="string" text:name="TITEL"/>
   <text:variable-decl text:value-type="string" text:name="END"/>
   <text:variable-decl text:value-type="string" text:name="NAME"/>
   <text:variable-decl text:value-type="string" text:name="HREF"/>
   <text:variable-decl text:value-type="string" text:name="HelpID"/>
   <text:variable-decl text:value-type="string" text:name="MAC"/>
   <text:variable-decl text:value-type="string" text:name="ELSE"/>
   <text:variable-decl text:value-type="string" text:name="OS2"/>
   <text:variable-decl text:value-type="string" text:name="MODIFY"/>
   <text:variable-decl text:value-type="string" text:name="REFNR"/>
   <text:variable-decl text:value-type="string" text:name="AKTHLP"/>
   <text:variable-decl text:value-type="string" text:name="KEY"/>
   <text:variable-decl text:value-type="string" text:name="INDEX"/>
   <text:variable-decl text:value-type="string" text:name="STYLE"/>
  </text:variable-decls>
  <text:sequence-decls>
   <text:sequence-decl text:display-outline-level="0" text:name="Illustration"/>
   <text:sequence-decl text:display-outline-level="0" text:name="Table"/>
   <text:sequence-decl text:display-outline-level="0" text:name="Text"/>
   <text:sequence-decl text:display-outline-level="0" text:name="Drawing"/>
  </text:sequence-decls>
  <text:p text:style-name="Paragraph"/>
  <text:p text:style-name="Head 1"><help:help-id value="SID_IMAP"/><help:help-id value="SVX_FLOATINGWINDOW_RID_SVXDLG_IMAP"/><help:key-word value="イメージマップ; エディタ" tag="kw65854_1"/><help:key-word value="エディタ; イメージマップ" tag="kw65854_4"/><help:key-word value="イメージ; イメージマップ" tag="kw65854_3"/><help:key-word value="図; イメージマップ" tag="kw65854_2"/>イメージマップエディタ</text:p>
  <text:p text:style-name="Paragraph"><help:to-be-embedded Eid="imagemaptext"><help:help-text value="visible">図、または図のグループ上で、ホットスポットと呼ばれる特殊な表面に <help:popup Id="65629" Eid="url">URL</help:popup> を関連付けることができます。イメージマップは、ひとつ以上のホットスポットから成るグループです。</help:help-text></help:to-be-embedded></text:p>
  <help:executeurl Id="slot:10371"></help:executeurl><help:popup Id="65620" Eid="imagemap"><help:embedded Id="65598" Eid="wie"></help:embedded></help:popup>
  <text:p text:style-name="Paragraph">作成できるホットスポットには、四角形、楕円、多角形の 3 種類があります。ホットスポットをクリックすると、リンクされた URL がブラウザないしフレーム上で開かれます。またホットスポットには、マウスポインタが重なった際に表示するテキストを指定できます。</text:p>
  <text:p text:style-name="Head 2"><help:help-id value="HID_IMAPDLG_APPLY"/>適用</text:p>
  <text:p text:style-name="Paragraph"><help:help-text value="visible">イメージマップに加えた変更点を適用します。</help:help-text></text:p>
  <table:table table:name="Tabelle1" table:style-name="Tabelle1">
   <table:table-column table:style-name="Tabelle1.A"/>
   <table:table-column table:style-name="Tabelle1.B"/>
   <table:table-header-rows>
    <table:table-row>
     <table:table-cell table:value-type="string">
      <text:p text:style-name="Paragraph"><draw:image draw:name="マーク0" svg:desc="マーク" svg:pixelx="27" svg:pixely="24" svg:width="0.714cm" svg:height="0.635cm" xlink:href="66841" draw:filter-name=""/></text:p>

     </table:table-cell>
     <table:table-cell table:value-type="string">
      <text:p text:style-name="Paragraph">適用</text:p>
     </table:table-cell>
    </table:table-row>
   </table:table-header-rows>
  </table:table>
  <text:p text:style-name="Head 2"><help:help-id value="HID_IMAPDLG_OPEN"/>開く</text:p>
  <text:p text:style-name="Paragraph"><help:help-text value="visible">既存のイメージマップを <text:span text:style-name="T1">MAP-CERN</text:span> ファイル形式、<text:span text:style-name="T1">MAP-NCSA</text:span> ファイル形式、または <text:span text:style-name="T1">SIP StarView イメージマップ</text:span>ファイル形式に読み込みます。</help:help-text></text:p>
  <table:table table:name="Tabelle2" table:style-name="Tabelle2">
   <table:table-column table:style-name="Tabelle2.A"/>
   <table:table-column table:style-name="Tabelle2.B"/>
   <table:table-header-rows>
    <table:table-row>
     <table:table-cell table:value-type="string">
      <text:p text:style-name="Paragraph"><draw:image draw:name="マーク1" svg:desc="マーク" svg:pixelx="25" svg:pixely="25" svg:width="0.661cm" svg:height="0.661cm" xlink:href="66212" draw:filter-name=""/></text:p>

     </table:table-cell>
     <table:table-cell table:value-type="string">
      <text:p text:style-name="Paragraph">開く</text:p>
     </table:table-cell>
    </table:table-row>
   </table:table-header-rows>
  </table:table>
  <text:p text:style-name="Head 2"><help:help-id value="HID_IMAPDLG_SAVEAS"/>保存</text:p>
  <text:p text:style-name="Paragraph"><help:help-text value="visible">イメージマップを <text:span text:style-name="T1">MAP-CERN</text:span> ファイル形式、<text:span text:style-name="T1">MAP-NCSA</text:span> ファイル形式、または <text:span text:style-name="T1">SIP StarView イメージマップ</text:span> ファイル形式で保存します。</help:help-text></text:p>
  <table:table table:name="Tabelle3" table:style-name="Tabelle3">
   <table:table-column table:style-name="Tabelle3.A"/>
   <table:table-column table:style-name="Tabelle3.B"/>
   <table:table-header-rows>
    <table:table-row>
     <table:table-cell table:value-type="string">
      <text:p text:style-name="Paragraph"><draw:image draw:name="マーク2" svg:desc="マーク" svg:pixelx="25" svg:pixely="25" svg:width="0.661cm" svg:height="0.661cm" xlink:href="66560" draw:filter-name=""/></text:p>

     </table:table-cell>
     <table:table-cell table:value-type="string">
      <text:p text:style-name="Paragraph">保存</text:p>
     </table:table-cell>
    </table:table-row>
   </table:table-header-rows>
  </table:table>
  <text:p text:style-name="Head 2"><help:help-id value="HID_IMAPDLG_SELECT"/>選択</text:p>
  <text:p text:style-name="Paragraph"><help:help-text value="visible"><text:span text:style-name="T1">選択</text:span> アイコンをクリックすると、カーソルが選択モードになります。</help:help-text>このカーソルでイメージマップ内の別の部分をクリックすると、その部分を編集できます。</text:p>
  <table:table table:name="Tabelle4" table:style-name="Tabelle4">
   <table:table-column table:style-name="Tabelle4.A"/>
   <table:table-column table:style-name="Tabelle4.B"/>
   <table:table-header-rows>
    <table:table-row>
     <table:table-cell table:value-type="string">
      <text:p text:style-name="Paragraph"><draw:image draw:name="マーク3" svg:desc="マーク" svg:pixelx="25" svg:pixely="25" svg:width="0.661cm" svg:height="0.661cm" xlink:href="66637" draw:filter-name=""/></text:p>

     </table:table-cell>
     <table:table-cell table:value-type="string">
      <text:p text:style-name="Paragraph">選択</text:p>
     </table:table-cell>
    </table:table-row>
   </table:table-header-rows>
  </table:table>
  <text:p text:style-name="Head 2"><help:help-id value="HID_IMAPDLG_RECT"/>四角形</text:p>
  <text:p text:style-name="Paragraph"><help:help-text value="visible">図内のドラッグした場所に長方形のホットスポットを描きます。ホットスポットの <text:span text:style-name="T1">アドレス</text:span> および <text:span text:style-name="T1">テキスト</text:span> に入力した上で、URL を開く <text:span text:style-name="T1">フレーム</text:span> を選択できます。</help:help-text></text:p>
  <table:table table:name="Tabelle5" table:style-name="Tabelle5">
   <table:table-column table:style-name="Tabelle5.A"/>
   <table:table-column table:style-name="Tabelle5.B"/>
   <table:table-header-rows>
    <table:table-row>
     <table:table-cell table:value-type="string">
      <text:p text:style-name="Paragraph"><draw:image draw:name="マーク4" svg:desc="マーク" svg:pixelx="25" svg:pixely="25" svg:width="0.661cm" svg:height="0.661cm" xlink:href="66001" draw:filter-name=""/></text:p>

     </table:table-cell>
     <table:table-cell table:value-type="string">
      <text:p text:style-name="Paragraph">四角形</text:p>
     </table:table-cell>
    </table:table-row>
   </table:table-header-rows>
  </table:table>
  <text:p text:style-name="Head 2"><help:help-id value="HID_IMAPDLG_CIRCLE"/>楕円形</text:p>
  <text:p text:style-name="Paragraph"><help:help-text value="visible">図内のドラッグした場所に楕円形のホットスポットを描きます。ホットスポットの <text:span text:style-name="T1">アドレス</text:span> および <text:span text:style-name="T1">テキスト</text:span> に入力した上で、URL を開く <text:span text:style-name="T1">フレーム</text:span> を選択できます。</help:help-text></text:p>
  <table:table table:name="Tabelle6" table:style-name="Tabelle6">
   <table:table-column table:style-name="Tabelle6.A"/>
   <table:table-column table:style-name="Tabelle6.B"/>
   <table:table-header-rows>
    <table:table-row>
     <table:table-cell table:value-type="string">
      <text:p text:style-name="Paragraph"><draw:image draw:name="マーク5" svg:desc="マーク" svg:pixelx="25" svg:pixely="25" svg:width="0.661cm" svg:height="0.661cm" xlink:href="65995" draw:filter-name=""/></text:p>

     </table:table-cell>
     <table:table-cell table:value-type="string">
      <text:p text:style-name="Paragraph">楕円形</text:p>
     </table:table-cell>
    </table:table-row>
   </table:table-header-rows>
  </table:table>
  <text:p text:style-name="Head 2"><help:help-id value="HID_IMAPDLG_POLY"/>多角形</text:p>
  <text:p text:style-name="Paragraph"><help:help-text value="visible">図内に多角形のホットスポットを描きます。このアイコンをクリックし、図内にドラッグしたあと、多角形の一片の終点になる場所をクリックします。多角形の次辺の終点になる場所に移動してクリックします。この操作を繰り返して多角形の辺をすべて描きます。必要な操作が終わったら、ダブルクリックして多角形を閉じます。ホットスポットの <text:span text:style-name="T1">アドレス</text:span> および <text:span text:style-name="T1">テキスト</text:span> に入力した上で、URL を開く <text:span text:style-name="T1">フレーム</text:span> を選択できます。</help:help-text></text:p>
  <table:table table:name="Tabelle7" table:style-name="Tabelle7">
   <table:table-column table:style-name="Tabelle7.A"/>
   <table:table-column table:style-name="Tabelle7.B"/>
   <table:table-header-rows>
    <table:table-row>
     <table:table-cell table:value-type="string">
      <text:p text:style-name="Paragraph"><draw:image draw:name="マーク6" svg:desc="マーク" svg:pixelx="25" svg:pixely="25" svg:width="0.661cm" svg:height="0.661cm" xlink:href="66000" draw:filter-name=""/></text:p>

     </table:table-cell>
     <table:table-cell table:value-type="string">
      <text:p text:style-name="Paragraph">多角形</text:p>
     </table:table-cell>
    </table:table-row>
   </table:table-header-rows>
  </table:table>
  <text:p text:style-name="Head 2"><help:help-id value="HID_IMAPDLG_FREEPOLY"/>フリーハンドの多角形</text:p>
  <text:p text:style-name="Paragraph"><help:help-text value="visible">フリーフォームの多角形に基づくホットスポットを描きます。このアイコンをクリックしたあと、ホットスポットを描く場所に移動します。フリーハンドの線をドラッグして描き、マウスボタンを離して図形を閉じます。ホットスポットの <text:span text:style-name="T1">アドレス</text:span> および <text:span text:style-name="T1">テキスト</text:span> に入力した上で、URL を開く <text:span text:style-name="T1">フレーム</text:span> を選択できます。</help:help-text></text:p>
  <table:table table:name="Tabelle9" table:style-name="Tabelle9">
   <table:table-column table:style-name="Tabelle9.A"/>
   <table:table-column table:style-name="Tabelle9.B"/>
   <table:table-header-rows>
    <table:table-row>
     <table:table-cell table:value-type="string">
      <text:p text:style-name="Paragraph"><draw:image draw:name="マーク7" svg:desc="マーク" svg:pixelx="25" svg:pixely="25" svg:width="0.661cm" svg:height="0.661cm" xlink:href="65899" draw:filter-name=""/></text:p>

     </table:table-cell>
     <table:table-cell table:value-type="string">
      <text:p text:style-name="Paragraph">フリーフォームの多角形</text:p>
     </table:table-cell>
    </table:table-row>
   </table:table-header-rows>
  </table:table>
  <text:p text:style-name="Head 2"><help:help-id value="HID_IMAPDLG_POLYEDIT"/>点の編集</text:p>
  <text:p text:style-name="Paragraph"><help:help-text value="visible">アンカー点を編集することにより、選択したホットスポットの形を変更します。</help:help-text></text:p>
  <table:table table:name="Tabelle11" table:style-name="Tabelle11">
   <table:table-column table:style-name="Tabelle11.A"/>
   <table:table-column table:style-name="Tabelle11.B"/>
   <table:table-header-rows>
    <table:table-row>
     <table:table-cell table:value-type="string">
      <text:p text:style-name="Paragraph"><draw:image draw:name="マーク8" svg:desc="マーク" svg:pixelx="25" svg:pixely="25" svg:width="0.661cm" svg:height="0.661cm" xlink:href="66621" draw:filter-name=""/></text:p>

     </table:table-cell>
     <table:table-cell table:value-type="string">
      <text:p text:style-name="Paragraph">点の編集</text:p>
     </table:table-cell>
    </table:table-row>
   </table:table-header-rows>
  </table:table>
  <text:p text:style-name="Head 2"><help:help-id value="HID_IMAPDLG_POLYMOVE"/>点のドラッグ</text:p>
  <text:p text:style-name="Paragraph"><help:help-text value="visible">選択したホットスポットのアンカー点を個別に移動できます。</help:help-text></text:p>
  <table:table table:name="Tabelle12" table:style-name="Tabelle12">
   <table:table-column table:style-name="Tabelle12.A"/>
   <table:table-column table:style-name="Tabelle12.B"/>
   <table:table-header-rows>
    <table:table-row>
     <table:table-cell table:value-type="string">
      <text:p text:style-name="Paragraph"><draw:image draw:name="マーク9" svg:desc="マーク" svg:pixelx="25" svg:pixely="25" svg:width="0.661cm" svg:height="0.661cm" xlink:href="66259" draw:filter-name=""/></text:p>

     </table:table-cell>
     <table:table-cell table:value-type="string">
      <text:p text:style-name="Paragraph">点の移動</text:p>
     </table:table-cell>
    </table:table-row>
   </table:table-header-rows>
  </table:table>
  <text:p text:style-name="Head 2"><help:help-id value="HID_IMAPDLG_POLYINSERT"/>点の挿入</text:p>
  <text:p text:style-name="Paragraph"><help:help-text value="visible">ホットスポットの輪郭の上をクリックしてアンカー点を追加します。</help:help-text></text:p>
  <table:table table:name="Tabelle13" table:style-name="Tabelle13">
   <table:table-column table:style-name="Tabelle13.A"/>
   <table:table-column table:style-name="Tabelle13.B"/>
   <table:table-header-rows>
    <table:table-row>
     <table:table-cell table:value-type="string">
      <text:p text:style-name="Paragraph"><draw:image draw:name="マーク10" svg:desc="マーク" svg:pixelx="25" svg:pixely="25" svg:width="0.661cm" svg:height="0.661cm" xlink:href="66257" draw:filter-name=""/></text:p>

     </table:table-cell>
     <table:table-cell table:value-type="string">
      <text:p text:style-name="Paragraph">点の挿入</text:p>
     </table:table-cell>
    </table:table-row>
   </table:table-header-rows>
  </table:table>
  <text:p text:style-name="Head 2"><help:help-id value="HID_IMAPDLG_POLYDELETE"/>点の消去</text:p>
  <text:p text:style-name="Paragraph"><help:help-text value="visible">選択したアンカー点を削除します。</help:help-text></text:p>
  <table:table table:name="Tabelle14" table:style-name="Tabelle14">
   <table:table-column table:style-name="Tabelle14.A"/>
   <table:table-column table:style-name="Tabelle14.B"/>
   <table:table-header-rows>
    <table:table-row>
     <table:table-cell table:value-type="string">
      <text:p text:style-name="Paragraph"><draw:image draw:name="マーク11" svg:desc="マーク" svg:pixelx="25" svg:pixely="25" svg:width="0.661cm" svg:height="0.661cm" xlink:href="66258" draw:filter-name=""/></text:p>

     </table:table-cell>
     <table:table-cell table:value-type="string">
      <text:p text:style-name="Paragraph">点の削除</text:p>
     </table:table-cell>
    </table:table-row>
   </table:table-header-rows>
  </table:table>
  <help:embedded Id="65809" Eid="rueckgaengig"></help:embedded>
  <help:embedded Id="65620" Eid="syrueckgaengig"></help:embedded>
  <help:embedded Id="65707" Eid="wiederholen"></help:embedded>
  <help:embedded Id="65620" Eid="sywiederholen"></help:embedded>
  <text:p text:style-name="Head 2"><help:help-id value="HID_IMAPDLG_ACTIVE"/>アクティブ</text:p>
  <text:p text:style-name="Paragraph"><help:help-text value="visible">選択したホットスポットのハイパーリンクを無効/有効にします。無効なホットスポットは透明になります。</help:help-text></text:p>
  <table:table table:name="Tabelle8" table:style-name="Tabelle8">
   <table:table-column table:style-name="Tabelle8.A"/>
   <table:table-column table:style-name="Tabelle8.B"/>
   <table:table-header-rows>
    <table:table-row>
     <table:table-cell table:value-type="string">
      <text:p text:style-name="Paragraph"><draw:image draw:name="マーク12" svg:desc="マーク" svg:pixelx="25" svg:pixely="25" svg:width="0.661cm" svg:height="0.661cm" xlink:href="65656" draw:filter-name=""/></text:p>

     </table:table-cell>
     <table:table-cell table:value-type="string">
      <text:p text:style-name="Paragraph">アクティブ</text:p>
     </table:table-cell>
    </table:table-row>
   </table:table-header-rows>
  </table:table>
  <text:p text:style-name="Head 2"><help:help-id value="HID_IMAPDLG_MACRO"/>マクロ</text:p>
  <text:p text:style-name="Paragraph"><help:help-text value="visible">選択したホットスポットをブラウザ内でクリックすると実行するマクロを割り当てます。</help:help-text></text:p>
  <table:table table:name="Tabelle10" table:style-name="Tabelle10">
   <table:table-column table:style-name="Tabelle10.A"/>
   <table:table-column table:style-name="Tabelle10.B"/>
   <table:table-header-rows>
    <table:table-row table:style-name="Tabelle10.1">
     <table:table-cell table:style-name="Tabelle10.A1" table:value-type="string">
      <text:p text:style-name="Paragraph"><draw:image draw:name="マーク13" svg:desc="マーク" svg:pixelx="23" svg:pixely="23" svg:width="0.609cm" svg:height="0.609cm" xlink:href="65996" draw:filter-name=""/></text:p>

     </table:table-cell>
     <table:table-cell table:style-name="Tabelle10.B1" table:value-type="string">
      <text:p text:style-name="Paragraph">マクロ</text:p>
     </table:table-cell>
    </table:table-row>
   </table:table-header-rows>
  </table:table>
  <text:p text:style-name="Head 2"><help:help-id value="HID_IMAPDLG_PROPERTY"/>属性</text:p>
  <text:p text:style-name="Paragraph"><help:help-text value="visible">選択したホットスポットの属性を定義できます。</help:help-text></text:p>
  <table:table table:name="Tabelle15" table:style-name="Tabelle15">
   <table:table-column table:style-name="Tabelle15.A"/>
   <table:table-column table:style-name="Tabelle15.B"/>
   <table:table-header-rows>
    <table:table-row>
     <table:table-cell table:value-type="string">
      <text:p text:style-name="Paragraph"><draw:image draw:name="マーク14" svg:desc="マーク" svg:pixelx="25" svg:pixely="25" svg:width="0.661cm" svg:height="0.661cm" xlink:href="65894" draw:filter-name=""/></text:p>

     </table:table-cell>
     <table:table-cell table:value-type="string">
      <text:p text:style-name="Paragraph">属性</text:p>
     </table:table-cell>
    </table:table-row>
   </table:table-header-rows>
  </table:table>
  <text:p text:style-name="Head 2"><help:help-id value="SVX_COMBOBOX_RID_SVXDLG_IMAP_CBB_URL"/>アドレス</text:p>
  <text:p text:style-name="Paragraph"><help:help-text value="visible">ホットスポットがクリックされた時に開くファイルの URL を入力します。</help:help-text> ドキュメント上のアンカーを指定する場合は、「file:///C/document_name#anchor_name」の形式でパスを記述します。</text:p>
  <text:p text:style-name="Head 2"><help:help-id value="SVX_EDIT_RID_SVXDLG_IMAP_EDT_TEXT"/>テキスト</text:p>
  <text:p text:style-name="Paragraph"><help:help-text value="visible">ブラウザ内のホットスポットにマウスを合わせたときに表示するテキストを入力します。</help:help-text>テキストを入力しない場合、<text:span text:style-name="T1">アドレス</text:span>が表示されます。</text:p>
  <text:p text:style-name="Head 2">枠</text:p>
  <text:p text:style-name="Paragraph">URL の参照先を開くターゲットフレームの名前を入力します。リストから標準フレームの名前を選択することもできます。</text:p>
  <text:p text:style-name="Paragraph"><help:link Id="65775" Eid="targets">フレームの種類のリスト</help:link></text:p>
  <text:p text:style-name="Head 2"><help:help-id value="HID_IMAPDLG_GRAPHWND"/>画像表示</text:p>
  <text:p text:style-name="Paragraph"><help:help-text value="visible"></help:help-text>ホットスポットの編集とクリック操作用に、イメージマップを表示します。</text:p>
  <text:p text:style-name="ParaList"><help:embedded Id="65598" Eid="related"></help:embedded></text:p>
  <text:p text:style-name="ParaList"><help:link Id="68612" Eid="imagemap"></help:link></text:p>
 </office:body>
</office:document>
