

<office:document  xmlns:office="http://openoffice.org/2000/office" xmlns:style="http://openoffice.org/2000/style" xmlns:text="http://openoffice.org/2000/text" xmlns:table="http://openoffice.org/2000/table" xmlns:draw="http://openoffice.org/2000/drawing" xmlns:fo="http://www.w3.org/1999/XSL/Format" xmlns:xlink="http://www.w3.org/1999/xlink" xmlns:number="http://openoffice.org/2000/datastyle" xmlns:svg="http://www.w3.org/2000/svg" xmlns:chart="http://openoffice.org/2000/chart" xmlns:dr3d="http://openoffice.org/2000/dr3d" xmlns:math="http://www.w3.org/1998/Math/MathML" xmlns:form="http://openoffice.org/2000/form" xmlns:script="http://openoffice.org/2000/script" office:class="text" office:version="1.0" xmlns:dc="http://purl.org/dc/elements/1.1/" xmlns:meta="http://openoffice.org/2000/meta" xmlns:help="http://openoffice.org/2000/help">
<office:meta>
  <dc:description>text/common/01/04160100</dc:description>
  <dc:subject>グラフのオートフォーマット</dc:subject>

  <dc:language>ja-JP</dc:language>
  <meta:user-defined meta:name="Info 0">READY</meta:user-defined>
  <meta:user-defined meta:name="Info 1">FREE_OK</meta:user-defined>
  <meta:user-defined meta:name="Info 2"/>
  <meta:user-defined meta:name="Info 3"/>
</office:meta>
 <office:script/>
 <office:font-decls>
  <style:font-decl style:name="StarSymbol" fo:font-family="StarSymbol" style:font-charset="x-symbol"/>
  <style:font-decl style:name="Courier New" fo:font-family="&apos;Courier New&apos;" style:font-style-name="Standard" style:font-family-generic="modern" style:font-pitch="fixed"/>
  <style:font-decl style:name="Courier" fo:font-family="Courier" style:font-family-generic="roman" style:font-pitch="fixed"/>
  <style:font-decl style:name="Andale WT UI3" fo:font-family="&apos;Andale WT UI&apos;" style:font-pitch="variable"/>
  <style:font-decl style:name="Arial Unicode MS" fo:font-family="&apos;Arial Unicode MS&apos;" style:font-pitch="variable"/>
  <style:font-decl style:name="HG Mincho Light J" fo:font-family="&apos;HG Mincho Light J&apos;" style:font-pitch="variable"/>
  <style:font-decl style:name="Andale WT UI" fo:font-family="&apos;Andale WT UI&apos;" style:font-style-name="Fett" style:font-family-generic="roman" style:font-pitch="variable"/>
  <style:font-decl style:name="Andale WT UI1" fo:font-family="&apos;Andale WT UI&apos;" style:font-style-name="Standard" style:font-family-generic="roman" style:font-pitch="variable"/>
  <style:font-decl style:name="Thorndale" fo:font-family="Thorndale" style:font-family-generic="roman" style:font-pitch="variable"/>
  <style:font-decl style:name="Times New Roman" fo:font-family="&apos;Times New Roman&apos;" style:font-style-name="Fett" style:font-family-generic="roman" style:font-pitch="variable"/>
  <style:font-decl style:name="Andale WT UI2" fo:font-family="&apos;Andale WT UI&apos;" style:font-family-generic="swiss" style:font-pitch="variable"/>
 </office:font-decls>
 <office:automatic-styles>
  <style:style style:name="Tabelle3" style:family="table">
   <style:properties style:width="18cm" table:align="margins"/>
  </style:style>
  <style:style style:name="Tabelle3.A" style:family="table-column">
   <style:properties style:column-width="1.499cm" style:rel-column-width="5460*"/>
  </style:style>
  <style:style style:name="Tabelle3.B" style:family="table-column">
   <style:properties style:column-width="16.501cm" style:rel-column-width="60075*"/>
  </style:style>
  <style:style style:name="Tabelle3.A1" style:family="table-cell">
   <style:properties fo:padding="0cm" fo:border="none"/>
  </style:style>
  <style:style style:name="Tabelle2" style:family="table">
   <style:properties style:width="18cm" table:align="margins"/>
  </style:style>
  <style:style style:name="Tabelle2.A" style:family="table-column">
   <style:properties style:column-width="1.499cm" style:rel-column-width="5460*"/>
  </style:style>
  <style:style style:name="Tabelle2.B" style:family="table-column">
   <style:properties style:column-width="16.501cm" style:rel-column-width="60075*"/>
  </style:style>
  <style:style style:name="Tabelle2.A1" style:family="table-cell">
   <style:properties fo:padding="0cm" fo:border="none"/>
  </style:style>
  <style:style style:name="P1" style:family="paragraph" style:parent-style-name="Paragraph" style:master-page-name="HTML">
   <style:properties style:page-number="0"/>
  </style:style>
  <style:style style:name="T1" style:family="text">
   <style:properties fo:font-weight="bold"/>
  </style:style>
  <style:style style:name="fr1" style:family="graphics" style:parent-style-name="Graphics">
   <style:properties style:run-through="foreground" style:wrap="run-through" style:vertical-pos="top" style:vertical-rel="paragraph" style:horizontal-pos="left" style:horizontal-rel="paragraph" style:mirror="none" fo:clip="rect(0cm 0cm 0cm 0cm)" draw:luminance="0%" draw:contrast="0%" draw:red="0%" draw:green="0%" draw:blue="0%" draw:gamma="1" draw:color-inversion="false" draw:transparency="-100%" draw:color-mode="standard"/>
  </style:style>
 </office:automatic-styles>
 <office:body>
  <text:variable-decls>
   <text:variable-decl text:value-type="string" text:name="HTML_ON"/>
   <text:variable-decl text:value-type="string" text:name="HTML_OFF"/>
   <text:variable-decl text:value-type="string" text:name="TITEL"/>
   <text:variable-decl text:value-type="string" text:name="END"/>
   <text:variable-decl text:value-type="string" text:name="HREF"/>
   <text:variable-decl text:value-type="string" text:name="NAME"/>
   <text:variable-decl text:value-type="string" text:name="MAC"/>
   <text:variable-decl text:value-type="string" text:name="HFELD"/>
   <text:variable-decl text:value-type="string" text:name="HelpID"/>
   <text:variable-decl text:value-type="string" text:name="MODIFY"/>
   <text:variable-decl text:value-type="string" text:name="REFNR"/>
   <text:variable-decl text:value-type="string" text:name="KEY"/>
   <text:variable-decl text:value-type="string" text:name="AKTHLP"/>
   <text:variable-decl text:value-type="string" text:name="INDEX"/>
   <text:variable-decl text:value-type="string" text:name="STYLE"/>
  </text:variable-decls>
  <text:sequence-decls>
   <text:sequence-decl text:display-outline-level="0" text:name="Illustration"/>
   <text:sequence-decl text:display-outline-level="0" text:name="Table"/>
   <text:sequence-decl text:display-outline-level="0" text:name="Text"/>
   <text:sequence-decl text:display-outline-level="0" text:name="Drawing"/>
  </text:sequence-decls>
  <text:p text:style-name="P1"/>
  <text:p text:style-name="Head 1"><help:help-id value="SID_INSERT_DIAGRAM"/><help:help-id value="SID_DRAW_CHART"/><help:help-id value="SID_OPENDLG_CHART"/><help:help-id value="HID_INSERT_CHART"/><help:key-word value="オートフォーマット; グラフの挿入" tag="kw65858_1"/><help:key-word value="挿入; グラフ (オートフォーマット)" tag="kw65858_3"/><help:key-word value="グラフ; 挿入 (オートフォーマット)" tag="kw65858_2"/><a name="autoformatdiagramm"/><help:link Id="65858">グラフのオートフォーマット</help:link></text:p>
  <text:p text:style-name="Paragraph"><help:to-be-embedded Eid="autoformatdiagrammtext"><help:help-text value="visible">現在のドキュメント内にグラフを作成します。<help:switch select="Program"><help:case select="WRITER">表</help:case></help:switch><help:switch select="Program"><help:case select="CALC">表</help:case></help:switch>内の一連のセルをグラフのデータソースとして使用する場合は、そのセルを選択した上で、このコマンドを実行します。</help:help-text></help:to-be-embedded></text:p>
  <help:popup Id="65610" Eid="chart"><help:embedded Id="65598" Eid="wie"></help:embedded></help:popup>
  <text:p text:style-name="Paragraph"><help:to-be-embedded Eid="vorschau">一連のセルのデータを使用してグラフを作成した場合、そのデータを変更してもグラフが自動的に更新されます。</help:to-be-embedded></text:p>
  <help:switch select="Program"><help:case select="CALC">
  <table:table table:name="Tabelle3" table:style-name="Tabelle3">
   <table:table-column table:style-name="Tabelle3.A"/>
   <table:table-column table:style-name="Tabelle3.B"/>
   <table:table-header-rows>
    <table:table-row>
     <table:table-cell table:style-name="Tabelle3.A1" table:value-type="string">
      <text:p text:style-name="Paragraph"><draw:image draw:name="マーク0" svg:desc="ヒント" svg:pixelx="32" svg:pixely="32" svg:width="0.847cm" svg:height="0.847cm" xlink:href="66732" draw:filter-name=""/></text:p>

     </table:table-cell>
     <table:table-cell table:style-name="Tabelle3.A1" table:value-type="string">
      <text:p text:style-name="Paragraph">グラフ内で使用するデータ範囲を簡単に変更したい場合、新しい範囲を選択した上で、その選択範囲をグラフ上にドラッグすると便利です。また、グラフを選択して右クリックしたあと、<text:span text:style-name="T1">データ範囲の変更</text:span> を選択する方法もあります。</text:p>
     </table:table-cell>
    </table:table-row>
   </table:table-header-rows>
  </table:table>
  </help:case></help:switch>
  <text:p text:style-name="Head 2">オートフォーマット グラフ</text:p>
  <text:p text:style-name="Head 3">選択</text:p>
  <text:p text:style-name="Paragraph">グラフに含める値の範囲を定義します。</text:p>
  <text:p text:style-name="Head 3"><help:help-id value="SW_EDIT_DLG_INSERT_CHART_ED_RANGE"/><help:help-id value="SC_EDIT_RID_SCDLG_CHARTRANGE_ET_RANGE"/>範囲</text:p>
  <text:p text:style-name="Paragraph"><help:help-text value="visible">グラフに含めるデータがある<help:switch select="Program"><help:case select="WRITER">表のセル範囲</help:case></help:switch><help:switch select="Program"><help:case select="CALC">セル範囲</help:case></help:switch>を入力します。また、ドキュメント内をドラッグしてセル範囲を選択することもできます。セル範囲を選択している間にダイアログの表示を最小化する場合は、ボタン <text:span text:style-name="T1">縮小</text:span> をクリックします。</help:help-text></text:p>
  <table:table table:name="Tabelle2" table:style-name="Tabelle2">
   <table:table-column table:style-name="Tabelle2.A"/>
   <table:table-column table:style-name="Tabelle2.B"/>
   <table:table-header-rows>
    <table:table-row>
     <table:table-cell table:style-name="Tabelle2.A1" table:value-type="string">
      <text:p text:style-name="Paragraph"><draw:image draw:name="マーク1" svg:desc="ヒント" svg:pixelx="32" svg:pixely="32" svg:width="0.847cm" svg:height="0.847cm" xlink:href="66732" draw:filter-name=""/></text:p>

     </table:table-cell>
     <table:table-cell table:style-name="Tabelle2.A1" table:value-type="string">
      <text:p text:style-name="Paragraph"><help:switch select="Program"><help:case select="CALC">表計算ドキュメントで <text:span text:style-name="T1">グラフの挿入</text:span> アイコンをクリックすると、現在セルカーソルが置かれているひとまとまりの範囲が選択されます。</help:case></help:switch></text:p>
     </table:table-cell>
    </table:table-row>
   </table:table-header-rows>
  </table:table>
  <help:help-id value="SC_IMAGEBUTTON_RID_SCDLG_CHARTRANGE_RB_RANGE"/><help:switch select="Program"><help:case select="CALC"><help:embedded Id="65630" Eid="eingabesymbol"></help:embedded></help:case></help:switch>
  <help:to-be-embedded Eid="reiheueber">
  <text:p text:style-name="Head 3"><help:help-id value="SW_CHECKBOX_DLG_INSERT_CHART_CB_FIRST_ROW"/><help:help-id value="SC_CHECKBOX_RID_SCDLG_CHARTRANGE_CB_COLHEADER"/>ラベルとしての第１行</text:p>
  </help:to-be-embedded>
  <text:p text:style-name="Paragraph"><help:help-text value="visible">選択範囲の上端行内の項目をデータ範囲のラベルとして使用します。</help:help-text></text:p>
  <help:to-be-embedded Eid="spalteueber">
  <text:p text:style-name="Head 3"><help:help-id value="SW_CHECKBOX_DLG_INSERT_CHART_CB_FIRST_COL"/><help:help-id value="SC_CHECKBOX_RID_SCDLG_CHARTRANGE_CB_ROWHEADER"/>ラベルとしての第１列</text:p>
  </help:to-be-embedded>
  <text:p text:style-name="Paragraph"><help:help-text value="visible">選択範囲の左端列内の項目をデータ範囲のラベルとして使用します。</help:help-text></text:p>
  <text:p text:style-name="Head 3"><help:help-id value="SC_LISTBOX_RID_SCDLG_CHARTRANGE_LB_TOTABLE"/><help:switch select="Program"><help:case select="CALC">表へのアウトプット</help:case></help:switch></text:p>
  <text:p text:style-name="Paragraph"><help:help-text value="visible"><help:switch select="Program"><help:case select="CALC">グラフを作成する表を選択します。</help:case></help:switch></help:help-text></text:p>
  <text:p text:style-name="Head 2"><help:help-id value="SW_PUSHBUTTON_DLG_INSERT_CHART_BT_PREV"/><help:help-id value="SC_PUSHBUTTON_RID_SCDLG_CHARTRANGE_BTN_PREV"/>&lt;&lt;元に戻す</text:p>
  <text:p text:style-name="Paragraph"><help:help-text value="visible">前のステップに戻ります。</help:help-text>現在のページの設定は保持されます。</text:p>
  <text:p text:style-name="Head 2"><help:help-id value="SW_PUSHBUTTON_DLG_INSERT_CHART_BT_NEXT"/><help:help-id value="SC_PUSHBUTTON_RID_SCDLG_CHARTRANGE_BTN_NEXT"/>次へ&gt;&gt;</text:p>
  <text:p text:style-name="Paragraph"><help:help-text value="visible">現在のページの設定を受け入れて、次のステップに進みます。</help:help-text></text:p>
  <text:p text:style-name="Head 2"><help:help-id value="SW_PUSHBUTTON_DLG_INSERT_CHART_BT_FINISH"/><help:help-id value="SC_PUSHBUTTON_RID_SCDLG_CHARTRANGE_BTN_FINISH"/>完了</text:p>
  <text:p text:style-name="Paragraph"><help:help-text value="visible">現在のドキュメント内にグラフを作成します。</help:help-text></text:p>
  <text:p text:style-name="ParaList"><help:embedded Id="65598" Eid="related"></help:embedded></text:p>
  <text:p text:style-name="ParaList"><help:link Id="65866"></help:link></text:p>
  <text:p text:style-name="ParaList"><help:link Id="65642"></help:link></text:p>
 </office:body>
</office:document>
