

<office:document  xmlns:office="http://openoffice.org/2000/office" xmlns:style="http://openoffice.org/2000/style" xmlns:text="http://openoffice.org/2000/text" xmlns:table="http://openoffice.org/2000/table" xmlns:draw="http://openoffice.org/2000/drawing" xmlns:fo="http://www.w3.org/1999/XSL/Format" xmlns:xlink="http://www.w3.org/1999/xlink" xmlns:number="http://openoffice.org/2000/datastyle" xmlns:svg="http://www.w3.org/2000/svg" xmlns:chart="http://openoffice.org/2000/chart" xmlns:dr3d="http://openoffice.org/2000/dr3d" xmlns:math="http://www.w3.org/1998/Math/MathML" xmlns:form="http://openoffice.org/2000/form" xmlns:script="http://openoffice.org/2000/script" office:class="text" office:version="1.0" xmlns:dc="http://purl.org/dc/elements/1.1/" xmlns:meta="http://openoffice.org/2000/meta" xmlns:help="http://openoffice.org/2000/help">
<office:meta>
  <dc:description>text/common/01/04160103</dc:description>
  <dc:subject>オートフォーマット グラフ</dc:subject>

  <dc:language>ja-JP</dc:language>
  <meta:user-defined meta:name="Info 0">READY</meta:user-defined>
  <meta:user-defined meta:name="Info 1">FREE_OK</meta:user-defined>
  <meta:user-defined meta:name="Info 2"/>
  <meta:user-defined meta:name="Info 3"/>
</office:meta>
 <office:script/>
 <office:font-decls>
  <style:font-decl style:name="StarSymbol" fo:font-family="StarSymbol" style:font-charset="x-symbol"/>
  <style:font-decl style:name="Courier New" fo:font-family="&apos;Courier New&apos;" style:font-style-name="Standard" style:font-family-generic="modern" style:font-pitch="fixed"/>
  <style:font-decl style:name="Courier" fo:font-family="Courier" style:font-family-generic="roman" style:font-pitch="fixed"/>
  <style:font-decl style:name="Andale WT UI3" fo:font-family="&apos;Andale WT UI&apos;" style:font-pitch="variable"/>
  <style:font-decl style:name="Arial Unicode MS" fo:font-family="&apos;Arial Unicode MS&apos;" style:font-pitch="variable"/>
  <style:font-decl style:name="HG Mincho Light J" fo:font-family="&apos;HG Mincho Light J&apos;" style:font-pitch="variable"/>
  <style:font-decl style:name="Andale WT UI" fo:font-family="&apos;Andale WT UI&apos;" style:font-style-name="Fett" style:font-family-generic="roman" style:font-pitch="variable"/>
  <style:font-decl style:name="Andale WT UI1" fo:font-family="&apos;Andale WT UI&apos;" style:font-style-name="Standard" style:font-family-generic="roman" style:font-pitch="variable"/>
  <style:font-decl style:name="Thorndale" fo:font-family="Thorndale" style:font-family-generic="roman" style:font-pitch="variable"/>
  <style:font-decl style:name="Times New Roman" fo:font-family="&apos;Times New Roman&apos;" style:font-style-name="Fett" style:font-family-generic="roman" style:font-pitch="variable"/>
  <style:font-decl style:name="Andale WT UI2" fo:font-family="&apos;Andale WT UI&apos;" style:font-family-generic="swiss" style:font-pitch="variable"/>
 </office:font-decls>
 <office:automatic-styles>
  <style:style style:name="P1" style:family="paragraph" style:parent-style-name="Paragraph" style:master-page-name="HTML">
   <style:properties style:page-number="0"/>
  </style:style>
 </office:automatic-styles>
 <office:body>
  <text:variable-decls>
   <text:variable-decl text:value-type="string" text:name="HTML_ON"/>
   <text:variable-decl text:value-type="string" text:name="HTML_OFF"/>
   <text:variable-decl text:value-type="string" text:name="TITEL"/>
   <text:variable-decl text:value-type="string" text:name="END"/>
   <text:variable-decl text:value-type="string" text:name="HREF"/>
   <text:variable-decl text:value-type="string" text:name="NAME"/>
   <text:variable-decl text:value-type="string" text:name="HelpID"/>
   <text:variable-decl text:value-type="string" text:name="MODIFY"/>
   <text:variable-decl text:value-type="string" text:name="REFNR"/>
   <text:variable-decl text:value-type="string" text:name="HFELD"/>
   <text:variable-decl text:value-type="string" text:name="ELSE"/>
   <text:variable-decl text:value-type="string" text:name="AKTHLP"/>
   <text:variable-decl text:value-type="string" text:name="STYLE"/>
  </text:variable-decls>
  <text:sequence-decls>
   <text:sequence-decl text:display-outline-level="0" text:name="Illustration"/>
   <text:sequence-decl text:display-outline-level="0" text:name="Table"/>
   <text:sequence-decl text:display-outline-level="0" text:name="Text"/>
   <text:sequence-decl text:display-outline-level="0" text:name="Drawing"/>
  </text:sequence-decls>
  <help:to-be-embedded Eid="auto33">
  <text:p text:style-name="Head 1"><help:link Id="65819">オートフォーマット グラフ</help:link></text:p>
  <text:p text:style-name="Paragraph">ダイアログのこのページでは、グラフのラベルなどを指定します。</text:p>
  </help:to-be-embedded>
  <help:popup Id="65610" Eid="diagramm3"><help:embedded Id="65598" Eid="wie"></help:embedded></help:popup>
  <text:p text:style-name="Head 2"><help:help-id value="SCH_EDIT_DLG_CHART_WIZ_ET_3_TEXTTITLE"/><help:help-id value="SCH_CHECKBOX_DLG_CHART_WIZ_CB_3_TEXTTITLE"/>グラフのタイトル</text:p>
  <text:p text:style-name="Paragraph"><help:help-text value="visible">グラフのタイトルを入力します。</help:help-text></text:p>
  <help:embedded Id="65642" Eid="vors"></help:embedded>
  <help:embedded Id="65858" Eid="vorschau"></help:embedded>
  <help:embedded Id="65642" Eid="mark"></help:embedded>
  <text:p text:style-name="Head 2">データ系列の表示方向</text:p>
  <text:p text:style-name="Paragraph"><help:to-be-embedded Eid="datreihe">この領域では、データ系列を行方向で表示するのか、列方向で表示するのかを選択できます。</help:to-be-embedded></text:p>
  <text:p text:style-name="Head 3"><help:help-id value="SCH_RADIOBUTTON_DLG_CHART_WIZ_RB_DATAROWS"/>行</text:p>
  <text:p text:style-name="Paragraph"><help:to-be-embedded Eid="zeilen"><help:help-text value="visible">ソースデータ系列を行方向に整列します。</help:help-text></help:to-be-embedded></text:p>
  <text:p text:style-name="Head 3"><help:help-id value="SCH_RADIOBUTTON_DLG_CHART_WIZ_RB_DATACOLS"/>列</text:p>
  <text:p text:style-name="Paragraph"><help:to-be-embedded Eid="spalten"><help:help-text value="visible">ソースデータ系列を列方向に整列します。</help:help-text></help:to-be-embedded></text:p>
  <text:p text:style-name="Head 2"><help:help-id value="SCH_CHECKBOX_DLG_CHART_WIZ_CB_3_LEGEND"/>凡例</text:p>
  <text:p text:style-name="Paragraph"><help:help-text value="visible">グラフ内に凡例を表示します。</help:help-text></text:p>
  <text:p text:style-name="Head 2">軸のタイトル</text:p>
  <text:p text:style-name="Paragraph">グラフのラベルを入力します。</text:p>
  <text:p text:style-name="Head 3"><help:help-id value="SCH_CHECKBOX_DLG_CHART_WIZ_CB_3_XTEXT"/><help:help-id value="SCH_EDIT_DLG_CHART_WIZ_ET_3_TEXTRUBRIK"/>X軸</text:p>
  <text:p text:style-name="Paragraph"><help:help-text value="visible">X 軸 (水平方向の軸) のラベルを入力します。</help:help-text></text:p>
  <text:p text:style-name="Head 3"><help:help-id value="SCH_CHECKBOX_DLG_CHART_WIZ_CB_3_YTEXT"/><help:help-id value="SCH_EDIT_DLG_CHART_WIZ_ET_3_TEXTSIZE"/>Y軸</text:p>
  <text:p text:style-name="Paragraph"><help:help-text value="visible">Y 軸 (垂直方向の軸) のラベルを入力します。</help:help-text></text:p>
  <text:p text:style-name="Head 3"><help:help-id value="SCH_CHECKBOX_DLG_CHART_WIZ_CB_3_ZTEXT"/><help:help-id value="SCH_EDIT_DLG_CHART_WIZ_ET_3_TEXTSECOND"/>Z軸</text:p>
  <text:p text:style-name="Paragraph"><help:help-text value="visible">Z 軸のラベルを入力します。このオプションは、3D 形式のグラフに対してのみ使用可能です。</help:help-text></text:p>
 </office:body>
</office:document>
