

<office:document  xmlns:office="http://openoffice.org/2000/office" xmlns:style="http://openoffice.org/2000/style" xmlns:text="http://openoffice.org/2000/text" xmlns:table="http://openoffice.org/2000/table" xmlns:draw="http://openoffice.org/2000/drawing" xmlns:fo="http://www.w3.org/1999/XSL/Format" xmlns:xlink="http://www.w3.org/1999/xlink" xmlns:number="http://openoffice.org/2000/datastyle" xmlns:svg="http://www.w3.org/2000/svg" xmlns:chart="http://openoffice.org/2000/chart" xmlns:dr3d="http://openoffice.org/2000/dr3d" xmlns:math="http://www.w3.org/1998/Math/MathML" xmlns:form="http://openoffice.org/2000/form" xmlns:script="http://openoffice.org/2000/script" office:class="text" office:version="1.0" xmlns:dc="http://purl.org/dc/elements/1.1/" xmlns:meta="http://openoffice.org/2000/meta" xmlns:help="http://openoffice.org/2000/help">
<office:meta>
  <dc:description>text/common/01/05020300</dc:description>
  <dc:subject>数 / 書式</dc:subject>
  <meta:keywords>
   <meta:keyword>$Version</meta:keyword>
  </meta:keywords>
  <dc:language>ja-JP</dc:language>
  <meta:user-defined meta:name="Info 0">READY</meta:user-defined>
  <meta:user-defined meta:name="Info 1">FREE_OK</meta:user-defined>
  <meta:user-defined meta:name="Info 2"/>
  <meta:user-defined meta:name="Info 3"/>
</office:meta>
 <office:script/>
 <office:font-decls>
  <style:font-decl style:name="StarSymbol" fo:font-family="StarSymbol" style:font-charset="x-symbol"/>
  <style:font-decl style:name="Courier New" fo:font-family="&apos;Courier New&apos;" style:font-style-name="Standard" style:font-family-generic="modern" style:font-pitch="fixed"/>
  <style:font-decl style:name="Courier" fo:font-family="Courier" style:font-family-generic="roman" style:font-pitch="fixed"/>
  <style:font-decl style:name="Andale WT UI3" fo:font-family="&apos;Andale WT UI&apos;" style:font-pitch="variable"/>
  <style:font-decl style:name="Arial Unicode MS" fo:font-family="&apos;Arial Unicode MS&apos;" style:font-pitch="variable"/>
  <style:font-decl style:name="HG Mincho Light J" fo:font-family="&apos;HG Mincho Light J&apos;" style:font-pitch="variable"/>
  <style:font-decl style:name="Andale WT UI" fo:font-family="&apos;Andale WT UI&apos;" style:font-style-name="Fett" style:font-family-generic="roman" style:font-pitch="variable"/>
  <style:font-decl style:name="Andale WT UI1" fo:font-family="&apos;Andale WT UI&apos;" style:font-style-name="Standard" style:font-family-generic="roman" style:font-pitch="variable"/>
  <style:font-decl style:name="Thorndale" fo:font-family="Thorndale" style:font-family-generic="roman" style:font-pitch="variable"/>
  <style:font-decl style:name="Times New Roman" fo:font-family="&apos;Times New Roman&apos;" style:font-style-name="Fett" style:font-family-generic="roman" style:font-pitch="variable"/>
  <style:font-decl style:name="Andale WT UI2" fo:font-family="&apos;Andale WT UI&apos;" style:font-family-generic="swiss" style:font-pitch="variable"/>
 </office:font-decls>
 <office:automatic-styles>
  <style:style style:name="Tabelle4" style:family="table">
   <style:properties style:width="18cm" table:align="margins"/>
  </style:style>
  <style:style style:name="Tabelle4.A" style:family="table-column">
   <style:properties style:column-width="1.499cm" style:rel-column-width="5460*"/>
  </style:style>
  <style:style style:name="Tabelle4.B" style:family="table-column">
   <style:properties style:column-width="16.501cm" style:rel-column-width="60075*"/>
  </style:style>
  <style:style style:name="Tabelle4.A1" style:family="table-cell">
   <style:properties fo:padding="0cm" fo:border="none"/>
  </style:style>
  <style:style style:name="Tabelle3" style:family="table">
   <style:properties style:width="18cm" table:align="margins"/>
  </style:style>
  <style:style style:name="Tabelle3.A" style:family="table-column">
   <style:properties style:column-width="1.501cm" style:rel-column-width="5466*"/>
  </style:style>
  <style:style style:name="Tabelle3.B" style:family="table-column">
   <style:properties style:column-width="16.499cm" style:rel-column-width="60069*"/>
  </style:style>
  <style:style style:name="Tabelle3.1" style:family="table-row">
   <style:properties style:min-row-height="0.848cm"/>
  </style:style>
  <style:style style:name="Tabelle3.A1" style:family="table-cell">
   <style:properties fo:padding="0cm" fo:border="none"/>
  </style:style>
  <style:style style:name="P1" style:family="paragraph" style:parent-style-name="Paragraph" style:master-page-name="HTML">
   <style:properties style:page-number="0"/>
  </style:style>
  <style:style style:name="T1" style:family="text">
   <style:properties fo:font-weight="bold"/>
  </style:style>
  <style:style style:name="T2" style:family="text">
   <style:properties fo:font-style="italic"/>
  </style:style>
  <style:style style:name="fr1" style:family="graphics" style:parent-style-name="Graphics">
   <style:properties style:run-through="foreground" style:wrap="run-through" style:vertical-pos="top" style:vertical-rel="paragraph" style:horizontal-pos="left" style:horizontal-rel="paragraph" style:mirror="none" fo:clip="rect(0cm 0cm 0cm 0cm)" draw:luminance="0%" draw:contrast="0%" draw:red="0%" draw:green="0%" draw:blue="0%" draw:gamma="1" draw:color-inversion="false" draw:transparency="-100%" draw:color-mode="standard"/>
  </style:style>
  <style:style style:name="fr2" style:family="graphics" style:parent-style-name="Graphics">
   <style:properties style:run-through="foreground" style:wrap="run-through" style:vertical-pos="middle" style:vertical-rel="paragraph" style:horizontal-pos="left" style:horizontal-rel="paragraph" style:mirror="none" fo:clip="rect(0cm 0cm 0cm 0cm)" draw:luminance="0%" draw:contrast="0%" draw:red="0%" draw:green="0%" draw:blue="0%" draw:gamma="1" draw:color-inversion="false" draw:transparency="-100%" draw:color-mode="standard"/>
  </style:style>
 </office:automatic-styles>
 <office:body>
  <text:variable-decls>
   <text:variable-decl text:value-type="string" text:name="HTML_ON"/>
   <text:variable-decl text:value-type="string" text:name="HTML_OFF"/>
   <text:variable-decl text:value-type="string" text:name="HREF"/>
   <text:variable-decl text:value-type="string" text:name="END"/>
   <text:variable-decl text:value-type="string" text:name="TITEL"/>
   <text:variable-decl text:value-type="string" text:name="OS2"/>
   <text:variable-decl text:value-type="string" text:name="MAC"/>
   <text:variable-decl text:value-type="string" text:name="ELSE"/>
   <text:variable-decl text:value-type="string" text:name="NAME"/>
   <text:variable-decl text:value-type="string" text:name="MODIFY"/>
   <text:variable-decl text:value-type="string" text:name="REFNR"/>
   <text:variable-decl text:value-type="string" text:name="HFELD"/>
   <text:variable-decl text:value-type="string" text:name="HelpID"/>
   <text:variable-decl text:value-type="string" text:name="KEY"/>
   <text:variable-decl text:value-type="string" text:name="AKTHLP"/>
   <text:variable-decl text:value-type="string" text:name="INDEX"/>
   <text:variable-decl text:value-type="string" text:name="STYLE"/>
  </text:variable-decls>
  <text:sequence-decls>
   <text:sequence-decl text:display-outline-level="0" text:name="Illustration"/>
   <text:sequence-decl text:display-outline-level="0" text:name="Table"/>
   <text:sequence-decl text:display-outline-level="0" text:name="Text"/>
   <text:sequence-decl text:display-outline-level="0" text:name="Drawing"/>
  </text:sequence-decls>
  <text:p text:style-name="P1"/>
  <text:p text:style-name="Head 1"><help:help-id value="HID_NUMBERFORMAT"/><help:help-id value="FN_NUM_FORMAT_TABLE_DLG"/><help:key-word value="書式; 数の書式" tag="kw65738_1"/><help:key-word value="数の書式; 書式" tag="kw65738_11"/><help:key-word value="数; 書式" tag="kw65738_10"/><help:key-word value="セル; セルの書式" tag="kw65738_9"/><help:key-word value="通貨; 数の書式" tag="kw65738_8"/><help:key-word value="標準; 数の書式" tag="kw65738_7"/>数 / 書式</text:p>
  <text:p text:style-name="Paragraph"><help:to-be-embedded Eid="zahlen"><help:help-text value="visible">選択したセルの書式設定オプションを指定します。</help:help-text></help:to-be-embedded></text:p>
  <help:popup Id="65625" Eid="zahlen"><help:embedded Id="65598" Eid="wie"></help:embedded></help:popup>
  <text:p text:style-name="Head 2"><help:help-id value="SVX_LISTBOX_RID_SVXPAGE_NUMBERFORMAT_LB_CATEGORY"/>分類</text:p>
  <text:p text:style-name="Paragraph"><help:help-text value="visible">リストから分類を選択したあと、ボックス <text:span text:style-name="T1">書式</text:span> 内で書式設定スタイルを選択します。</help:help-text></text:p>
  <help:switch select="Program"><help:case select="CALC">
  <table:table table:name="Tabelle4" table:style-name="Tabelle4">
   <table:table-column table:style-name="Tabelle4.A"/>
   <table:table-column table:style-name="Tabelle4.B"/>
   <table:table-row>
    <table:table-cell table:style-name="Tabelle4.A1" table:value-type="string">
     <text:p text:style-name="Paragraph"><draw:image draw:name="マーク0" svg:desc="ノート" svg:pixelx="32" svg:pixely="32" svg:width="0.847cm" svg:height="0.847cm" xlink:href="65980" draw:filter-name=""/></text:p>

    </table:table-cell>
    <table:table-cell table:style-name="Tabelle4.A1" table:value-type="string">
     <text:p text:style-name="Paragraph">セルの標準通貨書式は、オペレーティングシステムの地域設定によって決定します。</text:p>
    </table:table-cell>
   </table:table-row>
  </table:table>
  </help:case></help:switch>
  <text:p text:style-name="Head 2"><help:help-id value="HID_NUMBERFORMAT_LB_FORMAT"/>書式</text:p>
  <text:p text:style-name="Paragraph"><help:help-text value="visible">選択したセルの内容を表示する方法を指定します。</help:help-text>選択したオプションに対応するコードがボックス <text:span text:style-name="T1">書式コード</text:span> に表示されます。</text:p>
  <text:p text:style-name="Head 3"><help:help-id value="SVX_LISTBOX_RID_SVXPAGE_NUMBERFORMAT_LB_CURRENCY"/><help:key-word value="書式; 通貨" tag="kw65738_6"/><help:key-word value="数; 通貨書式のコード" tag="kw65738_5"/><help:key-word value="書式コード; 通貨" tag="kw65738_4"/><help:key-word value="通貨; 書式コード" tag="kw65738_3"/>分類「通貨」</text:p>
  <text:p text:style-name="Paragraph"><help:help-text value="visible">通貨を選択したあと、リスト <text:span text:style-name="T1">書式</text:span> の先頭にスクロールして該当する通貨の書式設定オプションを表示します。</help:help-text></text:p>
  <help:to-be-embedded Eid="waehrungtext">
  <table:table table:name="Tabelle3" table:style-name="Tabelle3">
   <table:table-column table:style-name="Tabelle3.A"/>
   <table:table-column table:style-name="Tabelle3.B"/>
   <table:table-header-rows>
    <table:table-row table:style-name="Tabelle3.1">
     <table:table-cell table:style-name="Tabelle3.A1" table:value-type="string">
      <text:p text:style-name="Paragraph"><draw:image draw:name="マーク1" svg:desc="ノート" svg:pixelx="32" svg:pixely="32" svg:width="0.847cm" svg:height="0.847cm" xlink:href="65980" draw:filter-name=""/></text:p>

     </table:table-cell>
     <table:table-cell table:style-name="Tabelle3.A1" table:value-type="string">
      <text:p text:style-name="Paragraph">通貨の書式コードの形式は、[$xxx-nnn] です。ただし、xxx は通貨記号、nnn は国コードです。EUR (ユーロ) などの特殊な銀行業務用記号では、国コードを必要としません。通貨の書式は、ボックス <text:span text:style-name="T1">言語</text:span> で選択した言語とは無関係に設定できます。</text:p>
      <text:p text:style-name="Paragraph"/>
     </table:table-cell>
    </table:table-row>
   </table:table-header-rows>
  </table:table>
  </help:to-be-embedded>
  <text:p text:style-name="Head 2"><help:help-id value="SVX_LISTBOX_RID_SVXPAGE_NUMBERFORMAT_LB_LANGUAGE"/>言語</text:p>
  <text:p text:style-name="Paragraph"><help:help-text value="visible">選択した<help:switch select="Program"><help:case select="CALC">セル</help:case><help:default>フィールド</help:default></help:switch>の言語設定を指定します。.言語に<text:span text:style-name="T2">自動</text:span>を設定すると、システムの標準使用言語に関連付けられた数値書式が自動的に適用されます。言語を指定することで、選択した<help:switch select="Program"><help:case select="CALC">セル</help:case><help:default>フィールド</help:default></help:switch>の設定を変更します。</help:help-text></text:p>
  <text:p text:style-name="Paragraph">この言語設定により、別の標準使用言語設定を使用するオペレーティングシステムでドキュメントを開いた場合でも、日付および通貨の書式が維持されます。</text:p>
  <text:p text:style-name="Head 2"><help:help-id value="SVX_CHECKBOX_RID_SVXPAGE_NUMBERFORMAT_CB_SOURCEFORMAT"/>ソース書式</text:p>
  <text:p text:style-name="Paragraph"><help:help-text value="visible">グラフのデータを含むセルと同じ数値書式を使用します。</help:help-text></text:p>
  <text:p text:style-name="Head 2">オプション</text:p>
  <text:p text:style-name="Paragraph">選択した書式のオプションを指定します。</text:p>
  <text:p text:style-name="Head 3"><help:help-id value="SVX_NUMERICFIELD_RID_SVXPAGE_NUMBERFORMAT_ED_DECIMALS"/>小数点以下の桁</text:p>
  <text:p text:style-name="Paragraph"><help:help-text value="visible">表示する小数点以下の桁数を入力します。</help:help-text></text:p>
  <text:p text:style-name="Head 3"><help:help-id value="SVX_NUMERICFIELD_RID_SVXPAGE_NUMBERFORMAT_ED_LEADZEROES"/>先頭のゼロ</text:p>
  <text:p text:style-name="Paragraph"><help:help-text value="visible">小数点以上で表示する 0 の桁数を入力します。</help:help-text></text:p>
  <text:p text:style-name="Head 3"><help:help-id value="SVX_CHECKBOX_RID_SVXPAGE_NUMBERFORMAT_BTN_NEGRED"/>マイナス値は赤で</text:p>
  <text:p text:style-name="Paragraph"><help:help-text value="visible">負の数で使用するフォントの色を赤に変更します。</help:help-text></text:p>
  <text:p text:style-name="Head 3"><help:help-id value="SVX_CHECKBOX_RID_SVXPAGE_NUMBERFORMAT_BTN_THOUSAND"/>３桁区切り</text:p>
  <text:p text:style-name="Paragraph"><help:help-text value="visible">千単位で桁区切り記号を挿入します。区切り記号の種類は言語設定に依存します。</help:help-text></text:p>
  <text:p text:style-name="Head 2"><help:help-id value="SVX_EDIT_RID_SVXPAGE_NUMBERFORMAT_ED_FORMAT"/><help:key-word value="書式コード; 数の書式" tag="kw65738_2"/>書式コード</text:p>
  <text:p text:style-name="Paragraph"><help:help-text value="visible">選択した書式の数値書式コードが表示されます。また、ユーザー定義の書式を入力することもできます。</help:help-text>次のオプションは、ユーザー定義の数値書式でのみ使用できます。</text:p>
  <text:p text:style-name="Head 3"><help:help-id value="HID_NUMBERFORMAT_TBI_ADD"/>追加</text:p>
  <text:p text:style-name="Paragraph"><help:help-text value="visible">入力した数値書式コードをユーザー定義の分類に追加します。</help:help-text></text:p>
  <text:p text:style-name="Head 3"><help:help-id value="HID_NUMBERFORMAT_TBI_REMOVE"/>削除</text:p>
  <text:p text:style-name="Paragraph"><help:help-text value="visible">選択した数の書式を削除します。</help:help-text>変更は <help:productname>%PRODUCTNAME</help:productname> の再起動後に有効になります。</text:p>
  <text:p text:style-name="Head 3"><help:help-id value="HID_NUMBERFORMAT_TBI_INFO"/>コメントの変更</text:p>
  <text:p text:style-name="Paragraph"><help:help-text value="visible">選択した数の書式にコメントを付けます。</help:help-text></text:p>
  <text:p text:style-name="Head 3"><help:help-id value="SVX_EDIT_RID_SVXPAGE_NUMBERFORMAT_ED_COMMENT"/>コメント行</text:p>
  <text:p text:style-name="Paragraph"><help:help-text value="visible">選択した数値書式のコメントを入力し、ボックスの外側をクリックします。</help:help-text></text:p>
  <help:embedded Id="65630" Eid="vorschau"></help:embedded>
  <text:p text:style-name="ParaList"><help:embedded Id="65598" Eid="related"></help:embedded></text:p>
  <text:p text:style-name="ParaList"><help:link Id="65744"></help:link></text:p>
  <text:p text:style-name="ParaList"><help:link Id="65744"></help:link></text:p>
 </office:body>
</office:document>
