

<office:document  xmlns:office="http://openoffice.org/2000/office" xmlns:style="http://openoffice.org/2000/style" xmlns:text="http://openoffice.org/2000/text" xmlns:table="http://openoffice.org/2000/table" xmlns:draw="http://openoffice.org/2000/drawing" xmlns:fo="http://www.w3.org/1999/XSL/Format" xmlns:xlink="http://www.w3.org/1999/xlink" xmlns:number="http://openoffice.org/2000/datastyle" xmlns:svg="http://www.w3.org/2000/svg" xmlns:chart="http://openoffice.org/2000/chart" xmlns:dr3d="http://openoffice.org/2000/dr3d" xmlns:math="http://www.w3.org/1998/Math/MathML" xmlns:form="http://openoffice.org/2000/form" xmlns:script="http://openoffice.org/2000/script" office:class="text" office:version="1.0" xmlns:dc="http://purl.org/dc/elements/1.1/" xmlns:meta="http://openoffice.org/2000/meta" xmlns:help="http://openoffice.org/2000/help">
<office:meta>
  <dc:description>text/common/01/05020301</dc:description>
  <dc:subject>数の書式コード</dc:subject>
  <meta:keywords>
   <meta:keyword>$Version</meta:keyword>
  </meta:keywords>
  <dc:language>ja-JP</dc:language>
  <meta:user-defined meta:name="Info 0">READY</meta:user-defined>
  <meta:user-defined meta:name="Info 1">FREE_OK</meta:user-defined>
  <meta:user-defined meta:name="Info 2"/>
  <meta:user-defined meta:name="Info 3"/>
</office:meta>
 <office:script/>
 <office:font-decls>
  <style:font-decl style:name="StarSymbol" fo:font-family="StarSymbol" style:font-charset="x-symbol"/>
  <style:font-decl style:name="Courier New" fo:font-family="&apos;Courier New&apos;" style:font-style-name="Standard" style:font-family-generic="modern" style:font-pitch="fixed"/>
  <style:font-decl style:name="Andale WT UI" fo:font-family="&apos;Andale WT UI&apos;" style:font-family-generic="roman" style:font-pitch="fixed"/>
  <style:font-decl style:name="Andale WT UI4" fo:font-family="&apos;Andale WT UI&apos;" style:font-pitch="variable"/>
  <style:font-decl style:name="Arial Unicode MS" fo:font-family="&apos;Arial Unicode MS&apos;" style:font-pitch="variable"/>
  <style:font-decl style:name="Courier New1" fo:font-family="&apos;Courier New&apos;" style:font-pitch="variable"/>
  <style:font-decl style:name="HG Mincho Light J" fo:font-family="&apos;HG Mincho Light J&apos;" style:font-pitch="variable"/>
  <style:font-decl style:name="Andale WT UI1" fo:font-family="&apos;Andale WT UI&apos;" style:font-style-name="Fett" style:font-family-generic="roman" style:font-pitch="variable"/>
  <style:font-decl style:name="Andale WT UI2" fo:font-family="&apos;Andale WT UI&apos;" style:font-style-name="Standard" style:font-family-generic="roman" style:font-pitch="variable"/>
  <style:font-decl style:name="Thorndale" fo:font-family="Thorndale" style:font-family-generic="roman" style:font-pitch="variable"/>
  <style:font-decl style:name="Times New Roman1" fo:font-family="&apos;Times New Roman&apos;" style:font-style-name="Fett" style:font-family-generic="roman" style:font-pitch="variable"/>
  <style:font-decl style:name="Times New Roman" fo:font-family="&apos;Times New Roman&apos;" style:font-style-name="Standard" style:font-family-generic="roman" style:font-pitch="variable"/>
  <style:font-decl style:name="Andale WT UI3" fo:font-family="&apos;Andale WT UI&apos;" style:font-family-generic="swiss" style:font-pitch="variable"/>
 </office:font-decls>
 <office:automatic-styles>
  <style:style style:name="Tabelle6" style:family="table">
   <style:properties style:width="17.995cm" fo:margin-left="0cm" fo:margin-right="0.005cm" table:align="margins"/>
  </style:style>
  <style:style style:name="Tabelle6.A" style:family="table-column">
   <style:properties style:column-width="3.318cm" style:rel-column-width="12080*"/>
  </style:style>
  <style:style style:name="Tabelle6.B" style:family="table-column">
   <style:properties style:column-width="14.677cm" style:rel-column-width="53455*"/>
  </style:style>
  <style:style style:name="Tabelle1" style:family="table">
   <style:properties style:width="18cm" table:align="margins"/>
  </style:style>
  <style:style style:name="Tabelle1.A" style:family="table-column">
   <style:properties style:column-width="8.999cm" style:rel-column-width="32767*"/>
  </style:style>
  <style:style style:name="Tabelle1.B" style:family="table-column">
   <style:properties style:column-width="9.001cm" style:rel-column-width="32768*"/>
  </style:style>
  <style:style style:name="Tabelle2" style:family="table">
   <style:properties style:width="18cm" table:align="margins"/>
  </style:style>
  <style:style style:name="Tabelle2.A" style:family="table-column">
   <style:properties style:column-width="8.999cm" style:rel-column-width="32767*"/>
  </style:style>
  <style:style style:name="Tabelle2.B" style:family="table-column">
   <style:properties style:column-width="9.001cm" style:rel-column-width="32768*"/>
  </style:style>
  <style:style style:name="Tabelle3" style:family="table">
   <style:properties style:width="18cm" table:align="margins"/>
  </style:style>
  <style:style style:name="Tabelle3.A" style:family="table-column">
   <style:properties style:column-width="8.999cm" style:rel-column-width="32767*"/>
  </style:style>
  <style:style style:name="Tabelle3.B" style:family="table-column">
   <style:properties style:column-width="9.001cm" style:rel-column-width="32768*"/>
  </style:style>
  <style:style style:name="Tabelle3.A1" style:family="table-cell">
   <style:properties fo:padding="0cm" fo:border="none"/>
  </style:style>
  <style:style style:name="Tabelle5" style:family="table">
   <style:properties style:width="18cm" table:align="margins"/>
  </style:style>
  <style:style style:name="Tabelle5.A" style:family="table-column">
   <style:properties style:column-width="4.152cm" style:rel-column-width="15118*"/>
  </style:style>
  <style:style style:name="Tabelle5.B" style:family="table-column">
   <style:properties style:column-width="13.848cm" style:rel-column-width="50417*"/>
  </style:style>
  <style:style style:name="Tabelle5.A1" style:family="table-cell">
   <style:properties fo:padding="0cm" fo:border="none"/>
  </style:style>
  <style:style style:name="Tabelle7" style:family="table">
   <style:properties style:width="17.995cm" fo:margin-left="0cm" fo:margin-right="0.005cm" table:align="margins"/>
  </style:style>
  <style:style style:name="Tabelle7.A" style:family="table-column">
   <style:properties style:column-width="8.327cm" style:rel-column-width="30326*"/>
  </style:style>
  <style:style style:name="Tabelle7.B" style:family="table-column">
   <style:properties style:column-width="9.668cm" style:rel-column-width="35209*"/>
  </style:style>
  <style:style style:name="Tabelle7.A1" style:family="table-cell">
   <style:properties fo:padding="0.049cm" fo:border-left="0.002cm solid #000000" fo:border-right="none" fo:border-top="0.002cm solid #000000" fo:border-bottom="0.002cm solid #000000"/>
  </style:style>
  <style:style style:name="Tabelle7.B1" style:family="table-cell">
   <style:properties fo:padding="0.049cm" fo:border="0.002cm solid #000000"/>
  </style:style>
  <style:style style:name="Tabelle7.A2" style:family="table-cell">
   <style:properties fo:padding="0.049cm" fo:border-left="0.002cm solid #000000" fo:border-right="none" fo:border-top="none" fo:border-bottom="0.002cm solid #000000"/>
  </style:style>
  <style:style style:name="Tabelle7.B2" style:family="table-cell">
   <style:properties fo:padding="0.049cm" fo:border-left="0.002cm solid #000000" fo:border-right="0.002cm solid #000000" fo:border-top="none" fo:border-bottom="0.002cm solid #000000"/>
  </style:style>
  <style:style style:name="Tabelle8" style:family="table">
   <style:properties style:width="18cm" table:align="margins"/>
  </style:style>
  <style:style style:name="Tabelle8.A" style:family="table-column">
   <style:properties style:column-width="1.499cm" style:rel-column-width="5461*"/>
  </style:style>
  <style:style style:name="Tabelle8.B" style:family="table-column">
   <style:properties style:column-width="16.501cm" style:rel-column-width="60074*"/>
  </style:style>
  <style:style style:name="Tabelle9" style:family="table">
   <style:properties style:width="18cm" table:align="margins"/>
  </style:style>
  <style:style style:name="Tabelle9.A" style:family="table-column">
   <style:properties style:column-width="8.999cm" style:rel-column-width="32767*"/>
  </style:style>
  <style:style style:name="Tabelle9.B" style:family="table-column">
   <style:properties style:column-width="9.001cm" style:rel-column-width="32768*"/>
  </style:style>
  <style:style style:name="Tabelle10" style:family="table">
   <style:properties style:width="18cm" table:align="margins"/>
  </style:style>
  <style:style style:name="Tabelle10.A" style:family="table-column">
   <style:properties style:column-width="1.499cm" style:rel-column-width="5460*"/>
  </style:style>
  <style:style style:name="Tabelle10.B" style:family="table-column">
   <style:properties style:column-width="16.501cm" style:rel-column-width="60075*"/>
  </style:style>
  <style:style style:name="Tabelle10.1" style:family="table-row">
   <style:properties style:min-row-height="0.848cm"/>
  </style:style>
  <style:style style:name="Tabelle10.A1" style:family="table-cell">
   <style:properties fo:padding="0cm" fo:border="none"/>
  </style:style>
  <style:style style:name="P1" style:family="paragraph" style:parent-style-name="Paragraph" style:master-page-name="HTML">
   <style:properties style:page-number="0"/>
  </style:style>
  <style:style style:name="P2" style:family="paragraph" style:parent-style-name="Paragraph" style:list-style-name="L1"/>
  <style:style style:name="P3" style:family="paragraph" style:parent-style-name="Paragraph" style:list-style-name="L2"/>
  <style:style style:name="T1" style:family="text">
   <style:properties fo:font-weight="bold"/>
  </style:style>
  <style:style style:name="fr1" style:family="graphics" style:parent-style-name="Graphics">
   <style:properties style:run-through="foreground" style:wrap="run-through" style:vertical-pos="top" style:vertical-rel="paragraph" style:horizontal-pos="left" style:horizontal-rel="paragraph" style:mirror="none" fo:clip="rect(0cm 0cm 0cm 0cm)" draw:luminance="0%" draw:contrast="0%" draw:red="0%" draw:green="0%" draw:blue="0%" draw:gamma="1" draw:color-inversion="false" draw:transparency="-100%" draw:color-mode="standard"/>
  </style:style>
  <style:style style:name="fr2" style:family="graphics" style:parent-style-name="Graphics">
   <style:properties style:run-through="foreground" style:wrap="run-through" style:vertical-pos="middle" style:vertical-rel="paragraph" style:horizontal-pos="left" style:horizontal-rel="paragraph" style:mirror="none" fo:clip="rect(0cm 0cm 0cm 0cm)" draw:luminance="0%" draw:contrast="0%" draw:red="0%" draw:green="0%" draw:blue="0%" draw:gamma="1" draw:color-inversion="false" draw:transparency="-100%" draw:color-mode="standard"/>
  </style:style>
  <text:list-style style:name="L1">
   <text:list-level-style-bullet text:level="1" text:style-name="Bullet Symbols" style:num-suffix="." text:bullet-char="•">
    <style:properties text:min-label-width="0.499cm" style:font-name="StarSymbol"/>
   </text:list-level-style-bullet>
   <text:list-level-style-bullet text:level="2" text:style-name="Bullet Symbols" style:num-suffix="." text:bullet-char="•">
    <style:properties text:space-before="0.499cm" text:min-label-width="0.499cm" style:font-name="StarSymbol"/>
   </text:list-level-style-bullet>
   <text:list-level-style-bullet text:level="3" text:style-name="Bullet Symbols" style:num-suffix="." text:bullet-char="•">
    <style:properties text:space-before="0.999cm" text:min-label-width="0.499cm" style:font-name="StarSymbol"/>
   </text:list-level-style-bullet>
   <text:list-level-style-bullet text:level="4" text:style-name="Bullet Symbols" style:num-suffix="." text:bullet-char="•">
    <style:properties text:space-before="1.498cm" text:min-label-width="0.499cm" style:font-name="StarSymbol"/>
   </text:list-level-style-bullet>
   <text:list-level-style-bullet text:level="5" text:style-name="Bullet Symbols" style:num-suffix="." text:bullet-char="•">
    <style:properties text:space-before="1.997cm" text:min-label-width="0.499cm" style:font-name="StarSymbol"/>
   </text:list-level-style-bullet>
   <text:list-level-style-bullet text:level="6" text:style-name="Bullet Symbols" style:num-suffix="." text:bullet-char="•">
    <style:properties text:space-before="2.496cm" text:min-label-width="0.499cm" style:font-name="StarSymbol"/>
   </text:list-level-style-bullet>
   <text:list-level-style-bullet text:level="7" text:style-name="Bullet Symbols" style:num-suffix="." text:bullet-char="•">
    <style:properties text:space-before="2.995cm" text:min-label-width="0.499cm" style:font-name="StarSymbol"/>
   </text:list-level-style-bullet>
   <text:list-level-style-bullet text:level="8" text:style-name="Bullet Symbols" style:num-suffix="." text:bullet-char="•">
    <style:properties text:space-before="3.494cm" text:min-label-width="0.499cm" style:font-name="StarSymbol"/>
   </text:list-level-style-bullet>
   <text:list-level-style-bullet text:level="9" text:style-name="Bullet Symbols" style:num-suffix="." text:bullet-char="•">
    <style:properties text:space-before="3.994cm" text:min-label-width="0.499cm" style:font-name="StarSymbol"/>
   </text:list-level-style-bullet>
   <text:list-level-style-bullet text:level="10" text:style-name="Bullet Symbols" style:num-suffix="." text:bullet-char="•">
    <style:properties text:space-before="4.493cm" text:min-label-width="0.499cm" style:font-name="StarSymbol"/>
   </text:list-level-style-bullet>
  </text:list-style>
  <text:list-style style:name="L2">
   <text:list-level-style-bullet text:level="1" text:style-name="Bullet Symbols" style:num-suffix="." text:bullet-char="•">
    <style:properties text:min-label-width="0.499cm" style:font-name="StarSymbol"/>
   </text:list-level-style-bullet>
   <text:list-level-style-bullet text:level="2" text:style-name="Bullet Symbols" style:num-suffix="." text:bullet-char="•">
    <style:properties text:space-before="0.499cm" text:min-label-width="0.499cm" style:font-name="StarSymbol"/>
   </text:list-level-style-bullet>
   <text:list-level-style-bullet text:level="3" text:style-name="Bullet Symbols" style:num-suffix="." text:bullet-char="•">
    <style:properties text:space-before="0.999cm" text:min-label-width="0.499cm" style:font-name="StarSymbol"/>
   </text:list-level-style-bullet>
   <text:list-level-style-bullet text:level="4" text:style-name="Bullet Symbols" style:num-suffix="." text:bullet-char="•">
    <style:properties text:space-before="1.498cm" text:min-label-width="0.499cm" style:font-name="StarSymbol"/>
   </text:list-level-style-bullet>
   <text:list-level-style-bullet text:level="5" text:style-name="Bullet Symbols" style:num-suffix="." text:bullet-char="•">
    <style:properties text:space-before="1.997cm" text:min-label-width="0.499cm" style:font-name="StarSymbol"/>
   </text:list-level-style-bullet>
   <text:list-level-style-bullet text:level="6" text:style-name="Bullet Symbols" style:num-suffix="." text:bullet-char="•">
    <style:properties text:space-before="2.496cm" text:min-label-width="0.499cm" style:font-name="StarSymbol"/>
   </text:list-level-style-bullet>
   <text:list-level-style-bullet text:level="7" text:style-name="Bullet Symbols" style:num-suffix="." text:bullet-char="•">
    <style:properties text:space-before="2.995cm" text:min-label-width="0.499cm" style:font-name="StarSymbol"/>
   </text:list-level-style-bullet>
   <text:list-level-style-bullet text:level="8" text:style-name="Bullet Symbols" style:num-suffix="." text:bullet-char="•">
    <style:properties text:space-before="3.494cm" text:min-label-width="0.499cm" style:font-name="StarSymbol"/>
   </text:list-level-style-bullet>
   <text:list-level-style-bullet text:level="9" text:style-name="Bullet Symbols" style:num-suffix="." text:bullet-char="•">
    <style:properties text:space-before="3.994cm" text:min-label-width="0.499cm" style:font-name="StarSymbol"/>
   </text:list-level-style-bullet>
   <text:list-level-style-bullet text:level="10" text:style-name="Bullet Symbols" style:num-suffix="." text:bullet-char="•">
    <style:properties text:space-before="4.493cm" text:min-label-width="0.499cm" style:font-name="StarSymbol"/>
   </text:list-level-style-bullet>
  </text:list-style>
 </office:automatic-styles>
 <office:body>
  <text:variable-decls>
   <text:variable-decl text:value-type="string" text:name="HTML_ON"/>
   <text:variable-decl text:value-type="string" text:name="HTML_OFF"/>
   <text:variable-decl text:value-type="string" text:name="HREF"/>
   <text:variable-decl text:value-type="string" text:name="END"/>
   <text:variable-decl text:value-type="string" text:name="TITEL"/>
   <text:variable-decl text:value-type="string" text:name="OS2"/>
   <text:variable-decl text:value-type="string" text:name="MAC"/>
   <text:variable-decl text:value-type="string" text:name="ELSE"/>
   <text:variable-decl text:value-type="string" text:name="NAME"/>
   <text:variable-decl text:value-type="string" text:name="MODIFY"/>
   <text:variable-decl text:value-type="string" text:name="REFNR"/>
   <text:variable-decl text:value-type="string" text:name="HFELD"/>
   <text:variable-decl text:value-type="string" text:name="HelpID"/>
   <text:variable-decl text:value-type="string" text:name="KEY"/>
   <text:variable-decl text:value-type="string" text:name="INDEX"/>
   <text:variable-decl text:value-type="string" text:name="STYLE"/>
  </text:variable-decls>
  <text:sequence-decls>
   <text:sequence-decl text:display-outline-level="0" text:name="Illustration"/>
   <text:sequence-decl text:display-outline-level="0" text:name="Table"/>
   <text:sequence-decl text:display-outline-level="0" text:name="Text"/>
   <text:sequence-decl text:display-outline-level="0" text:name="Drawing"/>
  </text:sequence-decls>
  <text:p text:style-name="P1"/>
  <text:p text:style-name="Head 1"><help:key-word value="数; 書式コード" tag="kw65744_1"/><help:key-word value="書式コード; 数" tag="kw65744_18"/><help:key-word value="コード; 数の書式コード" tag="kw65744_17"/><help:key-word value="条件; 数の書式" tag="kw65744_16"/><help:key-word value="数の書式コード; 概要" tag="kw65744_15"/><help:to-be-embedded Eid="zahlenformatcodes"><help:link Id="65744">数の書式コード</help:link></help:to-be-embedded></text:p>
  <text:p text:style-name="Paragraph">数の書式コードは、セミコロン (;) で区切った最大 3 つの部分から構成されます。</text:p>
  <text:unordered-list text:style-name="L1">
   <text:list-item>
    <text:p text:style-name="P2">2 つの部分から成る数の書式コードでは、最初の部分が正の値と 0 に適用され、第 2 の部分が負の値に適用されます。</text:p>
   </text:list-item>
   <text:list-item>
    <text:p text:style-name="P2">3 つの部分から成る数の書式コードの場合は、最初の部分が正の値、第 2 の部分が負の値、第 3 の部分が値 0 に適用されます。</text:p>
   </text:list-item>
  </text:unordered-list>
  <text:unordered-list text:style-name="L2">
   <text:list-item>
    <text:p text:style-name="P3">また、この 3 つの部分に条件を割り当てることで、その条件が満たされた場合にのみ書式を適用することもできます。</text:p>
   </text:list-item>
  </text:unordered-list>
  <text:p text:style-name="Head 2">小数点以下の桁</text:p>
  <text:p text:style-name="Paragraph">数値を示すプレースホルダとしては、ゼロ (0) ないしナンバー記号 (#) を数の書式コードに記入します。どちらも該当桁の数字が表示されないよう指定する記号ですが、該当桁に数値が無い場合にナンバー記号は何も表示されないのに対して、ゼロは該当桁に 0 が表示されます。</text:p>
  <text:p text:style-name="Paragraph">分数の分子と分母に含める桁数を表す場合に疑問符 (?) を使用します。ここで定義したパターンに適合しない分数は浮動小数点数として表示されます。</text:p>
  <text:p text:style-name="Paragraph">数値の小数部の桁数が、書式コードの小数部を示すプレースホルダよりも多い場合、書式コードの小数桁に合わせる形で数値は丸めて表示されます。数値の整数部の桁数が、書式コードの整数部を示すプレースホルダよりも多くても、数値の整数部はそのまま表示されます。参考用として、プレースホルダの機能と、数の書式コードの指定例を下記にまとめてあります。</text:p>
  <table:table table:name="Tabelle6" table:style-name="Tabelle6">
   <table:table-column table:style-name="Tabelle6.A"/>
   <table:table-column table:style-name="Tabelle6.B"/>
   <table:table-header-rows>
    <table:table-row>
     <table:table-cell table:value-type="string">
      <text:p text:style-name="TableHead">プレースホルダ</text:p>
     </table:table-cell>
     <table:table-cell table:value-type="string">
      <text:p text:style-name="TableHead">意味</text:p>
     </table:table-cell>
    </table:table-row>
   </table:table-header-rows>
   <table:table-row>
    <table:table-cell table:value-type="string">
     <text:p text:style-name="TextInTable">#</text:p>
    </table:table-cell>
    <table:table-cell table:value-type="string">
     <text:p text:style-name="TextInTable">不要なゼロを表示させません。</text:p>
    </table:table-cell>
   </table:table-row>
   <table:table-row>
    <table:table-cell table:value-type="string">
     <text:p text:style-name="TextInTable">0（ゼロ）</text:p>
    </table:table-cell>
    <table:table-cell table:value-type="string">
     <text:p text:style-name="TextInTable">書式内のゼロの数より一桁少ない場合に、ゼロを追加して表示します。</text:p>
    </table:table-cell>
   </table:table-row>
  </table:table>
  <table:table table:name="Tabelle1" table:style-name="Tabelle1">
   <table:table-column table:style-name="Tabelle1.A"/>
   <table:table-column table:style-name="Tabelle1.B"/>
   <table:table-header-rows>
    <table:table-row>
     <table:table-cell table:value-type="string">
      <text:p text:style-name="TableHead">数の書式</text:p>
     </table:table-cell>
     <table:table-cell table:value-type="string">
      <text:p text:style-name="TableHead">書式コード</text:p>
     </table:table-cell>
    </table:table-row>
   </table:table-header-rows>
   <table:table-row>
    <table:table-cell table:value-type="string">
     <text:p text:style-name="TextInTable">3456.78 は 3456.8 と表示</text:p>
    </table:table-cell>
    <table:table-cell table:value-type="string">
     <text:p text:style-name="TextInTable">####.#</text:p>
    </table:table-cell>
   </table:table-row>
   <table:table-row>
    <table:table-cell table:value-type="string">
     <text:p text:style-name="TextInTable">9.9 は 9.900 と表示</text:p>
    </table:table-cell>
    <table:table-cell table:value-type="string">
     <text:p text:style-name="TextInTable">#.000</text:p>
    </table:table-cell>
   </table:table-row>
   <table:table-row>
    <table:table-cell table:value-type="string">
     <text:p text:style-name="TextInTable">13 は 13.0、1234.567 は 1234.57 と表示</text:p>
    </table:table-cell>
    <table:table-cell table:value-type="string">
     <text:p text:style-name="TextInTable">#.0#</text:p>
    </table:table-cell>
   </table:table-row>
   <table:table-row>
    <table:table-cell table:value-type="string">
     <text:p text:style-name="TextInTable">5.75 は 5 3/4、6.3 は 6 3/10 と表示</text:p>
    </table:table-cell>
    <table:table-cell table:value-type="string">
     <text:p text:style-name="TextInTable"># ???/???</text:p>
    </table:table-cell>
   </table:table-row>
   <table:table-row>
    <table:table-cell table:value-type="string">
     <text:p text:style-name="TextInTable">.5 は 0.5 と表示</text:p>
    </table:table-cell>
    <table:table-cell table:value-type="string">
     <text:p text:style-name="TextInTable">0.##</text:p>
    </table:table-cell>
   </table:table-row>
  </table:table>
  <text:p text:style-name="Head 3">3桁の区切り</text:p>
  <text:p text:style-name="Paragraph">千単位の桁区切りを示す記号には、地域設定に応じてコンマとピリオドのいずれかを指定できます。またこれらの桁区切り記号を利用して、1000 の倍数形式で数値を表示させることもできます。</text:p>
  <table:table table:name="Tabelle2" table:style-name="Tabelle2">
   <table:table-column table:style-name="Tabelle2.A"/>
   <table:table-column table:style-name="Tabelle2.B"/>
   <table:table-header-rows>
    <table:table-row>
     <table:table-cell table:value-type="string">
      <text:p text:style-name="TableHead">数の書式</text:p>
     </table:table-cell>
     <table:table-cell table:value-type="string">
      <text:p text:style-name="TableHead">書式コード</text:p>
     </table:table-cell>
    </table:table-row>
   </table:table-header-rows>
   <table:table-row>
    <table:table-cell table:value-type="string">
     <text:p text:style-name="TextInTable">15000 は 15,000 と表示</text:p>
    </table:table-cell>
    <table:table-cell table:value-type="string">
     <text:p text:style-name="TextInTable">#,###</text:p>
    </table:table-cell>
   </table:table-row>
   <table:table-row>
    <table:table-cell table:value-type="string">
     <text:p text:style-name="TextInTable">16000 は 16 と表示</text:p>
    </table:table-cell>
    <table:table-cell table:value-type="string">
     <text:p text:style-name="TextInTable">#,</text:p>
    </table:table-cell>
   </table:table-row>
  </table:table>
  <text:p text:style-name="Head 2">数の書式コード中へのテキストの記述法</text:p>
  <text:p text:style-name="Head 3">テキストと数字</text:p>
  <text:p text:style-name="Paragraph">数値を含むセルに対して、テキストを含む数の書式を指定するには、二重引用符 (&quot;) でテキストの前後を囲みますが、単独の文字の場合はバックスラッシュ記号 (\) を前に付けるだけで済みます。たとえば、<text:span text:style-name="T1">#.# &quot;meters&quot;</text:span> という指定は「3.5 meters」のような表示となり、<text:span text:style-name="T1">#.# \m</text:span> という指定は「3.5 m」のような表示となります。</text:p>
  <text:p text:style-name="Head 3">テキストとテキスト</text:p>
  <text:p text:style-name="Paragraph">数の書式の中にテキスト項目を含ませるには、＠記号を数の書式に挿入します。セルに入力されたテキストは＠記号が表示される項目にしたがって書式化されます。その書式がテキスト項目を含まない場合、そこに入力したテキストは書式の影響を受けません。</text:p>
  <text:p text:style-name="Head 3">スペース</text:p>
  <text:p text:style-name="Paragraph">数の書式中では、特定のキャラクタの幅に等しいスペースを表示させることが可能で、その指定にはアンダースコア記号 ( _ ) に続けて該当するキャラクタを記入します。ここで指定するキャラクタの文字幅に応じて、表示されるスペースの幅が変化します。たとえば <text:span text:style-name="T1">_M</text:span> という指定は <text:span text:style-name="T1">_i</text:span> の場合よりもスペースの幅が広くなります</text:p>
  <text:p text:style-name="Head 2">色</text:p>
  <text:p text:style-name="Paragraph">書式の項目の色は、色の名前を英語で大括弧 [ ] に入れて挿入することで設定できます。</text:p>
  <table:table table:name="Tabelle3" table:style-name="Tabelle3">
   <table:table-column table:style-name="Tabelle3.A"/>
   <table:table-column table:style-name="Tabelle3.B"/>
   <table:table-row>
    <table:table-cell table:style-name="Tabelle3.A1" table:value-type="string">
     <text:p text:style-name="TextInTable">CYAN</text:p>
    </table:table-cell>
    <table:table-cell table:style-name="Tabelle3.A1" table:value-type="string">
     <text:p text:style-name="TextInTable">GREEN</text:p>
    </table:table-cell>
   </table:table-row>
   <table:table-row>
    <table:table-cell table:style-name="Tabelle3.A1" table:value-type="string">
     <text:p text:style-name="TextInTable">BLACK</text:p>
    </table:table-cell>
    <table:table-cell table:style-name="Tabelle3.A1" table:value-type="string">
     <text:p text:style-name="TextInTable">BLUE</text:p>
    </table:table-cell>
   </table:table-row>
   <table:table-row>
    <table:table-cell table:style-name="Tabelle3.A1" table:value-type="string">
     <text:p text:style-name="TextInTable">MAGENTA</text:p>
    </table:table-cell>
    <table:table-cell table:style-name="Tabelle3.A1" table:value-type="string">
     <text:p text:style-name="TextInTable">RED</text:p>
    </table:table-cell>
   </table:table-row>
   <table:table-row>
    <table:table-cell table:style-name="Tabelle3.A1" table:value-type="string">
     <text:p text:style-name="TextInTable">WHITE</text:p>
    </table:table-cell>
    <table:table-cell table:style-name="Tabelle3.A1" table:value-type="string">
     <text:p text:style-name="TextInTable">YELLOW</text:p>
    </table:table-cell>
   </table:table-row>
  </table:table>
  <text:p text:style-name="Head 2"><a name="einbeispiel"/><help:key-word value="数の書式コード; 条件付き" tag="kw65744_14"/><help:key-word value="条件; 数の書式コード" tag="kw65744_13"/>条件</text:p>
  <text:p text:style-name="Head 3">条件付きかっこ</text:p>
  <text:p text:style-name="Paragraph">指定の条件が満たされた場合に限って適用される数の書式を定義できます。条件は大かっこ [] で囲んで指定します。</text:p>
  <text:p text:style-name="Paragraph">数値と演算子 &lt;、&lt;=、&gt;、&gt;=、=、&lt;&gt; を任意に組み合わせて使用できます。</text:p>
  <text:p text:style-name="Paragraph">たとえば、気温のデータを特定の温度域ごとに色別で表示する場合は、下記のように設定します。</text:p>
  <text:p text:style-name="PropText">[[&lt;=4][GREEN]#,##0.00;[&gt;7][ROT]#,##0.00;[BLUE]#,##0.00</text:p>
  <text:p text:style-name="Paragraph">0 ℃より低い温度が青、0～30 ℃の温度が黒、30 ℃より高い温度が赤で表示されます。</text:p>
  <text:p text:style-name="Head 3">正の値と負の値</text:p>
  <text:p text:style-name="Paragraph">数値が正、負、0 のいずれであるかに応じて数値に異なるテキストを追加する場合、次のような数の書式を定義します。</text:p>
  <text:p text:style-name="PropText">&quot;プラス&quot; 0; &quot;マイナス&quot; 0; &quot;ゼロ&quot; 0</text:p>
  <text:p text:style-name="Head 2">パーセント表示と指数表示 (科学書式)</text:p>
  <text:p text:style-name="Head 3">パーセンテージ</text:p>
  <text:p text:style-name="Paragraph">数値をパーセンテージ値 (100 で乗算した数値) として表示する場合は、数の書式にパーセント記号 (%) を追加します。</text:p>
  <text:p text:style-name="Head 3">科学的表記</text:p>
  <text:p text:style-name="Paragraph">科学表記法は、何桁にもわたる大きな数字や、小数点以下何桁にもなる小さい数字を、簡潔に表示する際に使用します。たとえば科学表記法では、650000 を 6.5 × 10^5 と表記し、0.000065 を 6.5 × 10^-5 と表記します。<help:productname>%PRODUCTNAME</help:productname> の場合、これらはそれぞれ 6.5E+5 および 6.5E-5 と表示されます。数の書式に科学表記法を定義するには、# または 0 に続けて、E-、E+、e-、e+ のいずれかを指定します。</text:p>
  <text:p text:style-name="Head 2"><help:key-word value="通貨書式; コード" tag="kw65744_12"/><help:key-word value="書式; 通貨書式" tag="kw65744_11"/><help:key-word value="数値; 通貨書式" tag="kw65744_10"/><help:key-word value="ユーロ; 通貨書式" tag="kw65744_9"/>通貨書式で使用する数の書式コード</text:p>
  <text:p text:style-name="Paragraph">表計算ドキュメントのセルの標準通貨書式は、オペレーティングシステムの地域設定によって決定します。ただし、ユーザー独自の通貨記号をセルに適用することもできます。ユーロ通貨は、「#.##0.00 €」と入力すると、4.50 € (Euros) と表示されます。</text:p>
  <text:p text:style-name="Paragraph">また、通貨記号のあとに国のロケールコードを入力すれば、通貨のロケール設定を指定できます。ドイツのユーロ通貨では、[$€-407] とします。国のロケールコードを確認するには、ダイアログ <text:span text:style-name="T1">セルの属性</text:span> の見出し <text:span text:style-name="T1">数</text:span> のリスト <text:span text:style-name="T1">言語</text:span> で国を選択します。</text:p>
  <help:embedded Id="65738" Eid="waehrungtext"></help:embedded>
  <text:p text:style-name="Head 2">日付および時刻の書式</text:p>
  <text:p text:style-name="Head 3"><help:key-word value="日付の書式" tag="kw65744_8"/><help:key-word value="書式; 日付の書式" tag="kw65744_7"/><help:key-word value="数値; 日付の書式" tag="kw65744_6"/>日付の書式</text:p>
  <text:p text:style-name="Paragraph">年月日を表す場合、次の数の書式コードを使用します。</text:p>
  <text:p text:style-name="Head 3">日付の入力</text:p>
  <text:p text:style-name="Paragraph">セルに日付を入力するには、グレゴリオ暦の書式を使用します。たとえばロケールが英語であれば、2002 年 1 月 2 日を示す日付は 1/2/2002 として入力できます。</text:p>
  <text:p text:style-name="Paragraph">日付の書式は、メニュー <text:span text:style-name="T1">ツール → オプション → 言語設定 → 言語</text:span> で設定するロケールの指定により異なります。たとえばロケールを日本語に設定しておくと、元号暦が使用できます。<help:productname>%PRODUCTNAME</help:productname> がデフォルトで使用する日付の書式は、グレゴリオ暦です。</text:p>
  <text:p text:style-name="Paragraph">日付の書式の前に修飾子を付けると、ロケール設定とは異なる暦での表示ができます。たとえば、ヘブライ語以外のロケール設定でユダヤ暦を使うには、[~jewish]DD/MM/YYYY とします。</text:p>
  <table:table table:name="Tabelle5" table:style-name="Tabelle5">
   <table:table-column table:style-name="Tabelle5.A"/>
   <table:table-column table:style-name="Tabelle5.B"/>
   <table:table-header-rows>
    <table:table-row>
     <table:table-cell table:style-name="Tabelle5.A1" table:value-type="string">
      <text:p text:style-name="TableHead">修飾子</text:p>
     </table:table-cell>
     <table:table-cell table:style-name="Tabelle5.A1" table:value-type="string">
      <text:p text:style-name="TableHead">暦</text:p>
     </table:table-cell>
    </table:table-row>
   </table:table-header-rows>
   <table:table-row>
    <table:table-cell table:value-type="string">
     <text:p text:style-name="TextInTable">[~buddhist]</text:p>
    </table:table-cell>
    <table:table-cell table:value-type="string">
     <text:p text:style-name="TextInTable">タイ仏教暦</text:p>
    </table:table-cell>
   </table:table-row>
   <table:table-row>
    <table:table-cell table:value-type="string">
     <text:p text:style-name="TextInTable">[~gengou]</text:p>
    </table:table-cell>
    <table:table-cell table:value-type="string">
     <text:p text:style-name="TextInTable">日本の元号暦</text:p>
    </table:table-cell>
   </table:table-row>
   <table:table-row>
    <table:table-cell table:value-type="string">
     <text:p text:style-name="TextInTable">[~gregorian]</text:p>
    </table:table-cell>
    <table:table-cell table:value-type="string">
     <text:p text:style-name="TextInTable">グレゴリオ暦</text:p>
    </table:table-cell>
   </table:table-row>
   <table:table-row>
    <table:table-cell table:value-type="string">
     <text:p text:style-name="TextInTable">[~hanja] または [~hanja_yoil]</text:p>
    </table:table-cell>
    <table:table-cell table:value-type="string">
     <text:p text:style-name="TextInTable">朝鮮暦</text:p>
    </table:table-cell>
   </table:table-row>
   <table:table-row>
    <table:table-cell table:value-type="string">
     <text:p text:style-name="TextInTable">[~hijri]</text:p>
    </table:table-cell>
    <table:table-cell table:value-type="string">
     <text:p text:style-name="TextInTable">アラブイスラム歴 (現在サポートされているロケールは ar_EG、ar_LB、ar_SA、ar_TN)</text:p>
    </table:table-cell>
   </table:table-row>
   <table:table-row>
    <table:table-cell table:value-type="string">
     <text:p text:style-name="TextInTable">[~jewish]</text:p>
    </table:table-cell>
    <table:table-cell table:value-type="string">
     <text:p text:style-name="TextInTable">ユダヤ暦</text:p>
    </table:table-cell>
   </table:table-row>
   <table:table-row>
    <table:table-cell table:value-type="string">
     <text:p text:style-name="TextInTable">[~ROC]</text:p>
    </table:table-cell>
    <table:table-cell table:value-type="string">
     <text:p text:style-name="TextInTable">中国歴</text:p>
    </table:table-cell>
   </table:table-row>
  </table:table>
  <text:p text:style-name="Paragraph"><help:switch select="Program"><help:case select="CALC">日付の書式の適用されたセルが計算に含まれる場合、次のマッピングに従って計算結果に書式が適用されます。</help:case></help:switch></text:p>
  <help:switch select="Program"><help:case select="CALC">
  <table:table table:name="Tabelle7" table:style-name="Tabelle7">
   <table:table-column table:style-name="Tabelle7.A"/>
   <table:table-column table:style-name="Tabelle7.B"/>
   <table:table-header-rows>
    <table:table-row>
     <table:table-cell table:style-name="Tabelle7.A1" table:value-type="string">
      <text:p text:style-name="TableHead">標準書式</text:p>
     </table:table-cell>
     <table:table-cell table:style-name="Tabelle7.B1" table:value-type="string">
      <text:p text:style-name="TableHead">結果の書式</text:p>
     </table:table-cell>
    </table:table-row>
   </table:table-header-rows>
   <table:table-row>
    <table:table-cell table:style-name="Tabelle7.A2" table:value-type="string">
     <text:p text:style-name="TextInTable">日付＋日付</text:p>
    </table:table-cell>
    <table:table-cell table:style-name="Tabelle7.B2" table:value-type="string">
     <text:p text:style-name="TextInTable">数値（日数）</text:p>
    </table:table-cell>
   </table:table-row>
   <table:table-row>
    <table:table-cell table:style-name="Tabelle7.A2" table:value-type="string">
     <text:p text:style-name="TextInTable">日付＋数値</text:p>
    </table:table-cell>
    <table:table-cell table:style-name="Tabelle7.B2" table:value-type="string">
     <text:p text:style-name="TextInTable">日付</text:p>
    </table:table-cell>
   </table:table-row>
   <table:table-row>
    <table:table-cell table:style-name="Tabelle7.A2" table:value-type="string">
     <text:p text:style-name="TextInTable">日付＋時刻</text:p>
    </table:table-cell>
    <table:table-cell table:style-name="Tabelle7.B2" table:value-type="string">
     <text:p text:style-name="TextInTable">日付と時刻</text:p>
    </table:table-cell>
   </table:table-row>
   <table:table-row>
    <table:table-cell table:style-name="Tabelle7.A2" table:value-type="string">
     <text:p text:style-name="TextInTable">日付＋日付と時刻</text:p>
    </table:table-cell>
    <table:table-cell table:style-name="Tabelle7.B2" table:value-type="string">
     <text:p text:style-name="TextInTable">数値</text:p>
    </table:table-cell>
   </table:table-row>
   <table:table-row>
    <table:table-cell table:style-name="Tabelle7.A2" table:value-type="string">
     <text:p text:style-name="TextInTable">時刻＋時刻</text:p>
    </table:table-cell>
    <table:table-cell table:style-name="Tabelle7.B2" table:value-type="string">
     <text:p text:style-name="TextInTable">時刻</text:p>
    </table:table-cell>
   </table:table-row>
   <table:table-row>
    <table:table-cell table:style-name="Tabelle7.A2" table:value-type="string">
     <text:p text:style-name="TextInTable">時刻＋数値</text:p>
    </table:table-cell>
    <table:table-cell table:style-name="Tabelle7.B2" table:value-type="string">
     <text:p text:style-name="TextInTable">時刻</text:p>
    </table:table-cell>
   </table:table-row>
   <table:table-row>
    <table:table-cell table:style-name="Tabelle7.A2" table:value-type="string">
     <text:p text:style-name="TextInTable">時刻＋日付と時刻</text:p>
    </table:table-cell>
    <table:table-cell table:style-name="Tabelle7.B2" table:value-type="string">
     <text:p text:style-name="TextInTable">日付と時刻</text:p>
    </table:table-cell>
   </table:table-row>
   <table:table-row>
    <table:table-cell table:style-name="Tabelle7.A2" table:value-type="string">
     <text:p text:style-name="TextInTable">日付と時刻＋日付と時刻</text:p>
    </table:table-cell>
    <table:table-cell table:style-name="Tabelle7.B2" table:value-type="string">
     <text:p text:style-name="TextInTable">時刻</text:p>
    </table:table-cell>
   </table:table-row>
   <table:table-row>
    <table:table-cell table:style-name="Tabelle7.A2" table:value-type="string">
     <text:p text:style-name="TextInTable">日付と時刻＋数値</text:p>
    </table:table-cell>
    <table:table-cell table:style-name="Tabelle7.B2" table:value-type="string">
     <text:p text:style-name="TextInTable">日付と時刻</text:p>
    </table:table-cell>
   </table:table-row>
   <table:table-row>
    <table:table-cell table:style-name="Tabelle7.A2" table:value-type="string">
     <text:p text:style-name="TextInTable">数値＋数値</text:p>
    </table:table-cell>
    <table:table-cell table:style-name="Tabelle7.B2" table:value-type="string">
     <text:p text:style-name="TextInTable">数値</text:p>
    </table:table-cell>
   </table:table-row>
  </table:table>
  </help:case></help:switch>
  <text:p text:style-name="Paragraph"><help:switch select="Program"><help:case select="CALC">日付と時刻の書式設定が行われたセルでは、該当する値を日付および時刻の形式で表示します。</help:case></help:switch></text:p>
  <help:switch select="Program"><help:case select="CALC"><help:embedded Id="66281" Eid="jahreszahlen"></help:embedded></help:case></help:switch>
  <table:table table:name="Tabelle8" table:style-name="Tabelle8">
   <table:table-column table:style-name="Tabelle8.A"/>
   <table:table-column table:style-name="Tabelle8.B"/>
   <table:table-header-rows>
    <table:table-row>
     <table:table-cell table:value-type="string">
      <text:p text:style-name="Paragraph"><draw:image draw:name="マーク0" svg:desc="ノート" svg:pixelx="32" svg:pixely="32" svg:width="0.847cm" svg:height="0.847cm" xlink:href="65980" draw:filter-name=""/></text:p>

     </table:table-cell>
     <table:table-cell table:value-type="string">
      <text:p text:style-name="Paragraph"><help:switch select="Program"><help:case select="CALC"> <help:productname>%PRODUCTNAME</help:productname> では、数値の「0」は 1899 年 12 月 30 日として扱われます。</help:case></help:switch></text:p>
     </table:table-cell>
    </table:table-row>
   </table:table-header-rows>
  </table:table>
  <text:p text:style-name="Head 3"><help:key-word value="時刻の書式; コード" tag="kw65744_5"/><help:key-word value="書式; 時刻の書式" tag="kw65744_4"/><help:key-word value="数値; 時刻の書式" tag="kw65744_3"/>時刻の書式</text:p>
  <text:p text:style-name="Paragraph">時分秒を表す場合、次の数の書式コードを使用します。</text:p>
  <table:table table:name="Tabelle9" table:style-name="Tabelle9">
   <table:table-column table:style-name="Tabelle9.A"/>
   <table:table-column table:style-name="Tabelle9.B"/>
   <table:table-header-rows>
    <table:table-row>
     <table:table-cell table:value-type="string">
      <text:p text:style-name="TableHead">書式</text:p>
     </table:table-cell>
     <table:table-cell table:value-type="string">
      <text:p text:style-name="TableHead">書式コード</text:p>
     </table:table-cell>
    </table:table-row>
   </table:table-header-rows>
   <table:table-row>
    <table:table-cell table:value-type="string">
     <text:p text:style-name="TextInTable">時間を 0 - 23 と表示</text:p>
    </table:table-cell>
    <table:table-cell table:value-type="string">
     <text:p text:style-name="TextInTable">h</text:p>
    </table:table-cell>
   </table:table-row>
   <table:table-row>
    <table:table-cell table:value-type="string">
     <text:p text:style-name="TextInTable">時間を 00 - 23 と表示</text:p>
    </table:table-cell>
    <table:table-cell table:value-type="string">
     <text:p text:style-name="TextInTable">hh</text:p>
    </table:table-cell>
   </table:table-row>
   <table:table-row>
    <table:table-cell table:value-type="string">
     <text:p text:style-name="TextInTable">分を 0 - 59 と表示</text:p>
    </table:table-cell>
    <table:table-cell table:value-type="string">
     <text:p text:style-name="TextInTable">m</text:p>
    </table:table-cell>
   </table:table-row>
   <table:table-row>
    <table:table-cell table:value-type="string">
     <text:p text:style-name="TextInTable">分を 00 - 59 と表示</text:p>
    </table:table-cell>
    <table:table-cell table:value-type="string">
     <text:p text:style-name="TextInTable">mm</text:p>
    </table:table-cell>
   </table:table-row>
   <table:table-row>
    <table:table-cell table:value-type="string">
     <text:p text:style-name="TextInTable">秒を 0 -59 と表示</text:p>
    </table:table-cell>
    <table:table-cell table:value-type="string">
     <text:p text:style-name="TextInTable">s</text:p>
    </table:table-cell>
   </table:table-row>
   <table:table-row>
    <table:table-cell table:value-type="string">
     <text:p text:style-name="TextInTable">秒を 00 -59 と表示</text:p>
    </table:table-cell>
    <table:table-cell table:value-type="string">
     <text:p text:style-name="TextInTable">ss</text:p>
    </table:table-cell>
   </table:table-row>
  </table:table>
  <table:table table:name="Tabelle10" table:style-name="Tabelle10">
   <table:table-column table:style-name="Tabelle10.A"/>
   <table:table-column table:style-name="Tabelle10.B"/>
   <table:table-header-rows>
    <table:table-row table:style-name="Tabelle10.1">
     <table:table-cell table:style-name="Tabelle10.A1" table:value-type="string">
      <text:p text:style-name="Paragraph"><draw:image draw:name="マーク1" svg:desc="ノート" svg:pixelx="32" svg:pixely="32" svg:width="0.847cm" svg:height="0.847cm" xlink:href="65980" draw:filter-name=""/></text:p>

     </table:table-cell>
     <table:table-cell table:style-name="Tabelle10.A1" table:value-type="string">
      <text:p text:style-name="TextInTable">秒を小数表示させるには、数の書式に小数点を加えます。たとえば、<text:span text:style-name="T1">hh:mm:ss,00</text:span> とすると時刻は「01:02:03,45」のように表示されます。</text:p>
     </table:table-cell>
    </table:table-row>
   </table:table-header-rows>
  </table:table>
  <text:p text:style-name="Paragraph"><help:key-word value="時刻の書式; 24 時以降の表示" tag="kw65744_2"/>時刻を 02:03,45 や 01:02:03,45 や 25:01:02 などの形式で入力すると、他の書式が指定されていない限り、時刻の書式は MM:SS,00 か [HH]:MM:SS,00 か [HH]:MM:SS が適用されます。</text:p>
  <text:p text:style-name="Head 2">各国固有の文字を使った数値の表示</text:p>
  <text:p text:style-name="Paragraph">数値を各国語固有の数字で表示させるには、[NatNum1]、[NatNum2]...、[NatNum11] 修飾子を、数の書式コードの前に付けます。</text:p>
  <text:p text:style-name="Paragraph">コードには、ロケール設定に応じて異なった意味があります。[NatNum1] は常に、ロケール設定の数のモードに対応し、1:1 の数配置となる数字列に変換します。ロケール設定は言語、書式コードを専用に定義した国、または国ナンバー補足のあとにくるロケール設定補足 [$-yyy]（yyy は16進法の MS-LCID で、通貨書式コードにも使用される）によって決まります。たとえば、日本の漢字書式の数を英語（米国）ロケール設定の書式に変更するには、次のコードを使います。</text:p>
  <text:p text:style-name="PropText">[NatNum1][$-411]0</text:p>
  <text:p text:style-name="Paragraph">下記の一覧は、<help:productname>%PRODUCTNAME</help:productname> の [NatNum] 修飾子に対応する Microsoft Excel の [DBNumX] 修飾子を示したものです。必要であれば、[NatNum] 修飾子の代わりに [DBNumX] 修飾子をロケール指定に使用することもできます。<help:productname>%PRODUCTNAME</help:productname> は内部的な変換を行い、可能な限り [DBNumX] 修飾子を [NatNumN] 修飾子へマッピングするよう試みます。</text:p>
  <text:p text:style-name="PropText">[NatNum1] 次の言語に字訳</text:p>
  <text:p text:style-name="PropText">中国語:中国語の小文字; CAL:1/7/7 [DBNum1]</text:p>
  <text:p text:style-name="PropText">日本語: 短漢字 [DBNum1]; CAL: 1/4/4 [DBNum1]</text:p>
  <text:p text:style-name="PropText">韓国語: <text:s text:c="4"/>韓国語小文字 [DBNum1]; CAL: 1/7/7 [DBNum1]</text:p>
  <text:p text:style-name="PropText">タイ語:タイ語の文字</text:p>
  <text:p text:style-name="PropText">アラビア語:インド語派文字</text:p>
  <text:p text:style-name="PropText">インド語: <text:s text:c="5"/>インド文字</text:p>
  <text:p text:style-name="PropText">[NatNum2] 次の言語に字訳</text:p>
  <text:p text:style-name="PropText">中国語: <text:s text:c="3"/>中国語大文字; CAL: 2/8/8 [DBNum2]</text:p>
  <text:p text:style-name="PropText">日本語: 旧漢字; CAL: 2/5/5 [DBNum2]</text:p>
  <text:p text:style-name="PropText">韓国語: <text:s text:c="4"/>韓国語大文字 [DBNum2]; CAL: 2/8/8 [DBNum2]</text:p>
  <text:p text:style-name="PropText">[NatNum3] 次の言語に字訳</text:p>
  <text:p text:style-name="PropText">中国語:全幅アラビア数字; CAL:3/3/3 [DBNum3]</text:p>
  <text:p text:style-name="PropText">日本語: 全幅アラビア数字; CAL: 3/3/3 [DBNum3]</text:p>
  <text:p text:style-name="PropText">韓国語:全幅アラビア数字 [DBNum3]; CAL:3/3/3 [DBNum3]</text:p>
  <text:p text:style-name="PropText">[NatNum4] 次の言語に字訳</text:p>
  <text:p text:style-name="PropText">中国語:小文字テキスト [DBNum1]</text:p>
  <text:p text:style-name="PropText">日本語: <text:s text:c="2"/>現代長漢字テキスト [DBNum2]</text:p>
  <text:p text:style-name="PropText">韓国語:正式な小文字テキスト</text:p>
  <text:p text:style-name="PropText">[NatNum5] 次の言語に字訳</text:p>
  <text:p text:style-name="PropText">中国語: <text:s text:c="3"/>中国語大文字テキスト [DBNum2]</text:p>
  <text:p text:style-name="PropText">日本語: <text:s text:c="2"/>古典長漢字テキスト [DBNum3]</text:p>
  <text:p text:style-name="PropText">韓国語: <text:s text:c="4"/>公式大文字テキスト</text:p>
  <text:p text:style-name="PropText">[NatNum6] 次の言語に字訳</text:p>
  <text:p text:style-name="PropText">中国語:全幅テキスト [DBNum3]</text:p>
  <text:p text:style-name="PropText">日本語: 全幅テキスト</text:p>
  <text:p text:style-name="PropText">韓国語:全幅テキスト</text:p>
  <text:p text:style-name="PropText">[NatNum7] 次の言語に字訳</text:p>
  <text:p text:style-name="PropText">日本語: <text:s text:c="2"/>現代短漢字テキスト</text:p>
  <text:p text:style-name="PropText">韓国語: <text:s text:c="4"/>非公式小文字テキスト</text:p>
  <text:p text:style-name="PropText">[NatNum8] 次の言語に字訳</text:p>
  <text:p text:style-name="PropText">日本語: <text:s text:c="2"/>古典短漢字テキスト [DBNum4]</text:p>
  <text:p text:style-name="PropText">韓国語: <text:s text:c="4"/>非公式大文字テキスト</text:p>
  <text:p text:style-name="PropText">[NatNum9] 次の言語に字訳</text:p>
  <text:p text:style-name="PropText">韓国語:ハングル文字</text:p>
  <text:p text:style-name="PropText">[NatNum10] 次の言語に字訳</text:p>
  <text:p text:style-name="PropText">韓国語:正式なハングルテキスト [DBNum4;]; CAL:9/11/11 [DBNum4]</text:p>
  <text:p text:style-name="PropText">[NatNum11] 次の言語に字訳</text:p>
  <text:p text:style-name="PropText">韓国語:略式のハングルテキスト</text:p>
 </office:body>
</office:document>
