

<office:document  xmlns:office="http://openoffice.org/2000/office" xmlns:style="http://openoffice.org/2000/style" xmlns:text="http://openoffice.org/2000/text" xmlns:table="http://openoffice.org/2000/table" xmlns:draw="http://openoffice.org/2000/drawing" xmlns:fo="http://www.w3.org/1999/XSL/Format" xmlns:xlink="http://www.w3.org/1999/xlink" xmlns:number="http://openoffice.org/2000/datastyle" xmlns:svg="http://www.w3.org/2000/svg" xmlns:chart="http://openoffice.org/2000/chart" xmlns:dr3d="http://openoffice.org/2000/dr3d" xmlns:math="http://www.w3.org/1998/Math/MathML" xmlns:form="http://openoffice.org/2000/form" xmlns:script="http://openoffice.org/2000/script" office:class="text" office:version="1.0" xmlns:dc="http://purl.org/dc/elements/1.1/" xmlns:meta="http://openoffice.org/2000/meta" xmlns:help="http://openoffice.org/2000/help">
<office:meta>
  <dc:description>text/common/01/05020200</dc:description>
  <dc:subject>フォントの効果</dc:subject>

  <dc:language>ja-JP</dc:language>
  <meta:user-defined meta:name="Info 0">READY</meta:user-defined>
  <meta:user-defined meta:name="Info 1">FREE_OK</meta:user-defined>
  <meta:user-defined meta:name="Info 2"/>
  <meta:user-defined meta:name="Info 3"/>
</office:meta>
 <office:script/>
 <office:font-decls>
  <style:font-decl style:name="StarSymbol" fo:font-family="StarSymbol" style:font-charset="x-symbol"/>
  <style:font-decl style:name="Courier New" fo:font-family="&apos;Courier New&apos;" style:font-style-name="Standard" style:font-family-generic="modern" style:font-pitch="fixed"/>
  <style:font-decl style:name="Courier" fo:font-family="Courier" style:font-family-generic="roman" style:font-pitch="fixed"/>
  <style:font-decl style:name="Andale WT UI3" fo:font-family="&apos;Andale WT UI&apos;" style:font-pitch="variable"/>
  <style:font-decl style:name="Arial Unicode MS" fo:font-family="&apos;Arial Unicode MS&apos;" style:font-pitch="variable"/>
  <style:font-decl style:name="HG Mincho Light J" fo:font-family="&apos;HG Mincho Light J&apos;" style:font-pitch="variable"/>
  <style:font-decl style:name="Andale WT UI" fo:font-family="&apos;Andale WT UI&apos;" style:font-style-name="Fett" style:font-family-generic="roman" style:font-pitch="variable"/>
  <style:font-decl style:name="Andale WT UI1" fo:font-family="&apos;Andale WT UI&apos;" style:font-style-name="Standard" style:font-family-generic="roman" style:font-pitch="variable"/>
  <style:font-decl style:name="Thorndale" fo:font-family="Thorndale" style:font-family-generic="roman" style:font-pitch="variable"/>
  <style:font-decl style:name="Times New Roman" fo:font-family="&apos;Times New Roman&apos;" style:font-style-name="Fett" style:font-family-generic="roman" style:font-pitch="variable"/>
  <style:font-decl style:name="Andale WT UI2" fo:font-family="&apos;Andale WT UI&apos;" style:font-family-generic="swiss" style:font-pitch="variable"/>
 </office:font-decls>
 <office:automatic-styles>
  <style:style style:name="Tabelle2" style:family="table">
   <style:properties style:width="18cm" table:align="margins"/>
  </style:style>
  <style:style style:name="Tabelle2.A" style:family="table-column">
   <style:properties style:column-width="1.499cm" style:rel-column-width="5460*"/>
  </style:style>
  <style:style style:name="Tabelle2.B" style:family="table-column">
   <style:properties style:column-width="16.501cm" style:rel-column-width="60075*"/>
  </style:style>
  <style:style style:name="Tabelle2.1" style:family="table-row">
   <style:properties style:min-row-height="0.848cm"/>
  </style:style>
  <style:style style:name="Tabelle2.A1" style:family="table-cell">
   <style:properties fo:padding="0cm" fo:border="none"/>
  </style:style>
  <style:style style:name="Tabelle1" style:family="table">
   <style:properties style:width="18cm" table:align="margins"/>
  </style:style>
  <style:style style:name="Tabelle1.A" style:family="table-column">
   <style:properties style:column-width="1.501cm" style:rel-column-width="5466*"/>
  </style:style>
  <style:style style:name="Tabelle1.B" style:family="table-column">
   <style:properties style:column-width="16.499cm" style:rel-column-width="60069*"/>
  </style:style>
  <style:style style:name="Tabelle1.1" style:family="table-row">
   <style:properties style:min-row-height="0.848cm"/>
  </style:style>
  <style:style style:name="Tabelle1.A1" style:family="table-cell">
   <style:properties fo:padding="0cm" fo:border="none"/>
  </style:style>
  <style:style style:name="Tabelle4" style:family="table">
   <style:properties style:width="18cm" table:align="margins"/>
  </style:style>
  <style:style style:name="Tabelle4.A" style:family="table-column">
   <style:properties style:column-width="1.499cm" style:rel-column-width="5460*"/>
  </style:style>
  <style:style style:name="Tabelle4.B" style:family="table-column">
   <style:properties style:column-width="16.501cm" style:rel-column-width="60075*"/>
  </style:style>
  <style:style style:name="Tabelle4.A1" style:family="table-cell">
   <style:properties fo:padding="0cm" fo:border="none"/>
  </style:style>
  <style:style style:name="P1" style:family="paragraph" style:parent-style-name="Paragraph" style:master-page-name="HTML">
   <style:properties style:page-number="0"/>
  </style:style>
  <style:style style:name="P2" style:family="paragraph" style:parent-style-name="Paragraph" style:list-style-name="L1"/>
  <style:style style:name="T1" style:family="text">
   <style:properties fo:font-weight="bold"/>
  </style:style>
  <style:style style:name="fr1" style:family="graphics" style:parent-style-name="Graphics">
   <style:properties style:run-through="foreground" style:wrap="run-through" style:vertical-pos="middle" style:vertical-rel="paragraph" style:horizontal-pos="left" style:horizontal-rel="paragraph" style:mirror="none" fo:clip="rect(0cm 0cm 0cm 0cm)" draw:luminance="0%" draw:contrast="0%" draw:red="0%" draw:green="0%" draw:blue="0%" draw:gamma="1" draw:color-inversion="false" draw:transparency="-100%" draw:color-mode="standard"/>
  </style:style>
  <style:style style:name="fr2" style:family="graphics" style:parent-style-name="Graphics">
   <style:properties style:run-through="foreground" style:wrap="run-through" style:vertical-pos="top" style:vertical-rel="paragraph" style:horizontal-pos="left" style:horizontal-rel="paragraph" style:mirror="none" fo:clip="rect(0cm 0cm 0cm 0cm)" draw:luminance="0%" draw:contrast="0%" draw:red="0%" draw:green="0%" draw:blue="0%" draw:gamma="1" draw:color-inversion="false" draw:transparency="-100%" draw:color-mode="standard"/>
  </style:style>
  <text:list-style style:name="L1">
   <text:list-level-style-bullet text:level="1" text:style-name="Bullet Symbols" style:num-suffix="." text:bullet-char="•">
    <style:properties text:min-label-width="0.499cm" style:font-name="StarSymbol"/>
   </text:list-level-style-bullet>
   <text:list-level-style-bullet text:level="2" text:style-name="Bullet Symbols" style:num-suffix="." text:bullet-char="•">
    <style:properties text:space-before="0.499cm" text:min-label-width="0.499cm" style:font-name="StarSymbol"/>
   </text:list-level-style-bullet>
   <text:list-level-style-bullet text:level="3" text:style-name="Bullet Symbols" style:num-suffix="." text:bullet-char="•">
    <style:properties text:space-before="0.999cm" text:min-label-width="0.499cm" style:font-name="StarSymbol"/>
   </text:list-level-style-bullet>
   <text:list-level-style-bullet text:level="4" text:style-name="Bullet Symbols" style:num-suffix="." text:bullet-char="•">
    <style:properties text:space-before="1.498cm" text:min-label-width="0.499cm" style:font-name="StarSymbol"/>
   </text:list-level-style-bullet>
   <text:list-level-style-bullet text:level="5" text:style-name="Bullet Symbols" style:num-suffix="." text:bullet-char="•">
    <style:properties text:space-before="1.997cm" text:min-label-width="0.499cm" style:font-name="StarSymbol"/>
   </text:list-level-style-bullet>
   <text:list-level-style-bullet text:level="6" text:style-name="Bullet Symbols" style:num-suffix="." text:bullet-char="•">
    <style:properties text:space-before="2.496cm" text:min-label-width="0.499cm" style:font-name="StarSymbol"/>
   </text:list-level-style-bullet>
   <text:list-level-style-bullet text:level="7" text:style-name="Bullet Symbols" style:num-suffix="." text:bullet-char="•">
    <style:properties text:space-before="2.995cm" text:min-label-width="0.499cm" style:font-name="StarSymbol"/>
   </text:list-level-style-bullet>
   <text:list-level-style-bullet text:level="8" text:style-name="Bullet Symbols" style:num-suffix="." text:bullet-char="•">
    <style:properties text:space-before="3.494cm" text:min-label-width="0.499cm" style:font-name="StarSymbol"/>
   </text:list-level-style-bullet>
   <text:list-level-style-bullet text:level="9" text:style-name="Bullet Symbols" style:num-suffix="." text:bullet-char="•">
    <style:properties text:space-before="3.994cm" text:min-label-width="0.499cm" style:font-name="StarSymbol"/>
   </text:list-level-style-bullet>
   <text:list-level-style-bullet text:level="10" text:style-name="Bullet Symbols" style:num-suffix="." text:bullet-char="•">
    <style:properties text:space-before="4.493cm" text:min-label-width="0.499cm" style:font-name="StarSymbol"/>
   </text:list-level-style-bullet>
  </text:list-style>
 </office:automatic-styles>
 <office:body>
  <text:variable-decls>
   <text:variable-decl text:value-type="string" text:name="HTML_ON"/>
   <text:variable-decl text:value-type="string" text:name="HTML_OFF"/>
   <text:variable-decl text:value-type="string" text:name="TITEL"/>
   <text:variable-decl text:value-type="string" text:name="END"/>
   <text:variable-decl text:value-type="string" text:name="HREF"/>
   <text:variable-decl text:value-type="string" text:name="NAME"/>
   <text:variable-decl text:value-type="string" text:name="OS2"/>
   <text:variable-decl text:value-type="string" text:name="ELSE"/>
   <text:variable-decl text:value-type="string" text:name="HelpID"/>
   <text:variable-decl text:value-type="string" text:name="HFELD"/>
   <text:variable-decl text:value-type="string" text:name="MODIFY"/>
   <text:variable-decl text:value-type="string" text:name="REFNR"/>
   <text:variable-decl text:value-type="string" text:name="WIN"/>
   <text:variable-decl text:value-type="string" text:name="KEY"/>
   <text:variable-decl text:value-type="string" text:name="AKTHLP"/>
   <text:variable-decl text:value-type="string" text:name="INDEX"/>
   <text:variable-decl text:value-type="string" text:name="STYLE"/>
  </text:variable-decls>
  <text:sequence-decls>
   <text:sequence-decl text:display-outline-level="0" text:name="Illustration"/>
   <text:sequence-decl text:display-outline-level="0" text:name="Table"/>
   <text:sequence-decl text:display-outline-level="0" text:name="Text"/>
   <text:sequence-decl text:display-outline-level="0" text:name="Drawing"/>
  </text:sequence-decls>
  <help:to-be-embedded Eid="schrifteffekt">
  <text:p text:style-name="Head 1"><help:help-id value="HID_SVXPAGE_CHAR_EFFECTS"/><help:key-word value="フォント; 効果" tag="kw65646_1"/><help:key-word value="書式設定; フォントの効果" tag="kw65646_34"/><help:key-word value="文字; フォントの効果" tag="kw65646_33"/><help:key-word value="テキスト; フォントの効果" tag="kw65646_32"/><help:key-word value="効果; フォントの効果" tag="kw65646_31"/><help:link Id="65646">フォントの効果</help:link></text:p>
  <text:p text:style-name="Paragraph"><help:help-text value="visible">フォントの効果を指定します。</help:help-text></text:p>
  </help:to-be-embedded>
  <help:popup Id="65599" Eid="schrifteffekt"><help:embedded Id="65598" Eid="wie"></help:embedded></help:popup>
  <help:embedded Id="65740" Eid="hinweis"></help:embedded>
  <text:p text:style-name="Head 2"><help:help-id value="SVX_LISTBOX_RID_SVXPAGE_CHAR_EFFECTS_LB_UNDERLINE"/><a name="unterstreichen"/><help:key-word value="フォント効果; 下線" tag="kw65646_30"/><help:key-word value="下線; フォント" tag="kw65646_29"/><help:key-word value="フォント; 下線" tag="kw65646_28"/><help:key-word value="テキスト; 下線の種類" tag="kw65646_27"/><help:key-word value="フォント; 下線の種類" tag="kw65646_26"/>下線</text:p>
  <text:p text:style-name="Paragraph"><help:help-text value="visible">下線スタイルを選択します。単語ごとに下線を適用する場合は、ボックス <text:span text:style-name="T1">単語ごとにする</text:span>をオンにします。</help:help-text></text:p>
  <table:table table:name="Tabelle2" table:style-name="Tabelle2">
   <table:table-column table:style-name="Tabelle2.A"/>
   <table:table-column table:style-name="Tabelle2.B"/>
   <table:table-header-rows>
    <table:table-row table:style-name="Tabelle2.1">
     <table:table-cell table:style-name="Tabelle2.A1" table:value-type="string">
      <text:p text:style-name="Paragraph"><draw:image draw:name="マーク0" svg:desc="ノート" svg:pixelx="32" svg:pixely="32" svg:width="0.847cm" svg:height="0.847cm" xlink:href="65980" draw:filter-name=""/></text:p>

     </table:table-cell>
     <table:table-cell table:style-name="Tabelle2.A1" table:value-type="string">
      <text:p text:style-name="Paragraph">上付き文字に下線を適用した場合は、上付き文字の高さに合わせて下線が引かれます。標準の文字を含む単語内に上付き文字がある場合は、通常の位置に下線が引かれます。</text:p>
     </table:table-cell>
    </table:table-row>
   </table:table-header-rows>
  </table:table>
  <help:embedded Id="65609" Eid="objektleiste"></help:embedded>
  <help:embedded Id="65593" Eid="syunterstreichen"></help:embedded>
  <text:p text:style-name="Head 2"><help:help-id value="SVX_LISTBOX_RID_SVXPAGE_CHAR_EFFECTS_LB_UNDERLINE_COLOR"/>色</text:p>
  <text:p text:style-name="Paragraph"><help:help-text value="visible">下線の色を選択します。</help:help-text></text:p>
  <text:p text:style-name="Head 2"><help:help-id value="SVX_LISTBOX_RID_SVXPAGE_CHAR_EFFECTS_LB_EFFECTS2"/><help:key-word value="大文字と小文字; フォントの効果" tag="kw65646_25"/><help:key-word value="大文字; フォントの効果" tag="kw65646_24"/><help:key-word value="小文字; フォントの効果" tag="kw65646_23"/><help:key-word value="タイトル; フォントの効果" tag="kw65646_22"/><help:key-word value="小型大文字; フォントの効果" tag="kw65646_21"/>フォントの効果</text:p>
  <text:p text:style-name="Paragraph"><help:help-text value="visible">フォントの効果を選択します。</help:help-text></text:p>
  <text:p text:style-name="Head 3">文字種</text:p>
  <text:p text:style-name="Paragraph">次のフォントの効果を使用できます。</text:p>
  <text:unordered-list text:style-name="L1">
   <text:list-item>
    <text:p text:style-name="P2">Without - 効果を適用しません。</text:p>
   </text:list-item>
   <text:list-item>
    <text:p text:style-name="P2">Capitals - 選択した小文字を大文字に変更します。</text:p>
   </text:list-item>
   <text:list-item>
    <text:p text:style-name="P2">Lowercase - 選択した大文字を小文字に変更します。</text:p>
   </text:list-item>
   <text:list-item>
    <text:p text:style-name="P2">Title font - 選択した単語の先頭の文字を大文字に変更します。</text:p>
   </text:list-item>
   <text:list-item>
    <text:p text:style-name="P2">Small capitals - 選択した小文字を大文字に変更するとともに、その文字サイズを小さくします。</text:p>
   </text:list-item>
  </text:unordered-list>
  <text:p text:style-name="Head 2"><help:help-id value="SVX_LISTBOX_RID_SVXPAGE_CHAR_EFFECTS_LB_STRIKEOUT"/><help:key-word value="取り消し線; 文字の効果" tag="kw65646_20"/><help:key-word value="フォントの効果; 取り消し線" tag="kw65646_19"/><help:key-word value="取り消し線; フォントの効果" tag="kw65646_18"/><help:key-word value="フォント; 取り消し線" tag="kw65646_17"/><help:key-word value="テキスト; 取り消し線" tag="kw65646_16"/><help:key-word value="文字; 取り消し線" tag="kw65646_15"/>取り消し線</text:p>
  <text:p text:style-name="Paragraph"><help:help-text value="visible">テキストの取り消し線スタイルを選択します。</help:help-text></text:p>
  <table:table table:name="Tabelle1" table:style-name="Tabelle1">
   <table:table-column table:style-name="Tabelle1.A"/>
   <table:table-column table:style-name="Tabelle1.B"/>
   <table:table-header-rows>
    <table:table-row table:style-name="Tabelle1.1">
     <table:table-cell table:style-name="Tabelle1.A1" table:value-type="string">
      <text:p text:style-name="Paragraph"><draw:image draw:name="マーク1" svg:desc="ノート" svg:pixelx="32" svg:pixely="32" svg:width="0.847cm" svg:height="0.847cm" xlink:href="65980" draw:filter-name=""/></text:p>

     </table:table-cell>
     <table:table-cell table:style-name="Tabelle1.A1" table:value-type="string">
      <text:p text:style-name="Paragraph">MS Word 書式でドキュメントを保存すると、すべての取り消し線スタイルが単一線のスタイルに変換されます。</text:p>
     </table:table-cell>
    </table:table-row>
   </table:table-header-rows>
  </table:table>
  <text:p text:style-name="Head 2"><help:help-id value="SVX_CHECKBOX_RID_SVXPAGE_CHAR_EFFECTS_CB_INDIVIDUALWORDS"/>単語ごとにする</text:p>
  <text:p text:style-name="Paragraph"><help:help-text value="visible">選択した効果を単語にのみ適用し、スペースを無視します。</help:help-text></text:p>
  <text:p text:style-name="Head 3"><help:help-id value="SVX_TRISTATEBOX_RID_SVXPAGE_CHAR_EFFECTS_CB_OUTLINE"/><help:key-word value="中抜き; フォント効果" tag="kw65646_14"/><help:key-word value="フォント; 中抜き" tag="kw65646_13"/><help:key-word value="文字; 中抜き" tag="kw65646_12"/><help:key-word value="テキスト; 中抜き" tag="kw65646_11"/>中抜き</text:p>
  <text:p text:style-name="Paragraph"><help:help-text value="visible">選択した文字のアウトラインを表示します。この効果は、すべてのフォントで機能するわけではありません。</help:help-text></text:p>
  <text:p text:style-name="Head 3"><help:help-id value="SVX_TRISTATEBOX_RID_SVXPAGE_CHAR_EFFECTS_CB_SHADOW"/><help:key-word value="影付き; フォント" tag="kw65646_10"/><help:key-word value="フォント; 影付き" tag="kw65646_9"/><help:key-word value="文字; 影付き" tag="kw65646_8"/><help:key-word value="テキスト; 影付き" tag="kw65646_7"/>影付き</text:p>
  <text:p text:style-name="Paragraph"><help:help-text value="visible">選択した文字の右下方向に伸びる影を付けます。</help:help-text></text:p>
  <text:p text:style-name="Head 3"><help:help-id value="SVX_CHECKBOX_RID_SVXPAGE_CHAR_EFFECTS_CB_BLINKING"/><help:key-word value="点滅; フォント効果" tag="kw65646_6"/>点滅</text:p>
  <text:p text:style-name="Paragraph"><help:help-text value="visible">選択した文字を点滅させます。点滅の頻度を変更することはできません。</help:help-text></text:p>
  <help:embedded Id="65630" Eid="vorschau"></help:embedded>
  <text:p text:style-name="Paragraph"><help:embedded Id="65609" Eid="asia"></help:embedded></text:p>
  <text:p text:style-name="Head 2"><help:help-id value="SVX_LISTBOX_RID_SVXPAGE_CHAR_EFFECTS_LB_EMPHASIS"/>強調に用いる記号</text:p>
  <text:p text:style-name="Paragraph"><help:help-text value="visible">選択したテキスト全体の長さを超える部分またはそれに満たない部分に表示する文字を指定します。</help:help-text></text:p>
  <text:p text:style-name="Head 2"><help:help-id value="SVX_LISTBOX_RID_SVXPAGE_CHAR_EFFECTS_LB_POSITION"/>位置</text:p>
  <text:p text:style-name="Paragraph"><help:help-text value="visible">強調に用いる記号を <text:span text:style-name="T1">テキストの上に</text:span> 付けるか <text:span text:style-name="T1">テキストの下に</text:span> </help:help-text> 付けるかを選択します。</text:p>
  <text:p text:style-name="Head 2"><help:help-id value="SVX_LISTBOX_RID_SVXPAGE_CHAR_EFFECTS_LB_RELIEF"/>浮き出し</text:p>
  <text:p text:style-name="Paragraph"><help:help-text value="visible">選択したテキストに適用するレリーフ効果を指定します。浮き出しレリーフは、ページから浮き出ているように文字を表示します。浮き彫りレリーフは、ページ上で窪んだように文字を表示します。</help:help-text></text:p>
  <text:p text:style-name="Head 2"><help:help-id value="SVX_LISTBOX_RID_SVXPAGE_CHAR_NAME_LB_COLOR2"/><help:help-id value="SVX_LISTBOX_RID_SVXPAGE_CHAR_EFFECTS_LB_FONTCOLOR"/><help:key-word value="色; フォント" tag="kw65646_5"/><help:key-word value="フォント; 色" tag="kw65646_4"/><help:key-word value="テキスト; 色" tag="kw65646_3"/><help:key-word value="文字; 色" tag="kw65646_2"/>フォントの色</text:p>
  <text:p text:style-name="Paragraph"><help:help-text value="visible">選択したテキストの色を設定します。<text:span text:style-name="T1">自動</text:span> を選択すると、明るい背景では黒、暗い背景では白にテキストの色が設定されます。</help:help-text></text:p>
  <help:switch select="Program"><help:case select="WRITER">
  <table:table table:name="Tabelle4" table:style-name="Tabelle4">
   <table:table-column table:style-name="Tabelle4.A"/>
   <table:table-column table:style-name="Tabelle4.B"/>
   <table:table-row>
    <table:table-cell table:style-name="Tabelle4.A1" table:value-type="string">
     <text:p text:style-name="Paragraph"><draw:image draw:name="マーク2" svg:desc="警告" svg:pixelx="32" svg:pixely="32" svg:width="0.847cm" svg:height="0.847cm" xlink:href="65640" draw:filter-name=""/></text:p>

    </table:table-cell>
    <table:table-cell table:style-name="Tabelle4.A1" table:value-type="string">
     <text:p text:style-name="Paragraph"><help:link Id="66280">メニュー <text:span text:style-name="T1">ツール → オプション → 文書ドキュメント → 印刷</text:span></help:link> の設定で、チェックボックス <text:span text:style-name="T1">白黒印刷</text:span> がオンにされているとテキストの色は無視されます</text:p>
    </table:table-cell>
   </table:table-row>
  </table:table>
  </help:case></help:switch>
  <text:p text:style-name="Paragraph"><help:help-id value="SID_ATTR_CHAR_COLOR"/><help:help-id value="SID_ATTR_CHAR_COLOR2"/><help:switch select="Program"><help:case select="CHART"></help:case><help:default><a name="textfarbe"/>このアイコンを長くクリックすると、文字に色を割り当てるための可動ツールバーが開きます。短くクリックすると、現在選択されている文字の色が割り当てられるか、または水やりモードがアクティブになります。<help:help-text value="hide"><help:to-be-embedded Eid="textfarbe"></help:to-be-embedded></help:help-text></help:default></help:switch></text:p>
  <text:p text:style-name="ParaList"><help:embedded Id="65598" Eid="related"></help:embedded></text:p>
  <text:p text:style-name="ParaList"><help:link Id="66226"></help:link></text:p>
  <text:p text:style-name="ParaList"><help:embedded Id="68260" Eid="text_color"></help:embedded></text:p>
 </office:body>
</office:document>
