

<office:document  xmlns:office="http://openoffice.org/2000/office" xmlns:style="http://openoffice.org/2000/style" xmlns:text="http://openoffice.org/2000/text" xmlns:table="http://openoffice.org/2000/table" xmlns:draw="http://openoffice.org/2000/drawing" xmlns:fo="http://www.w3.org/1999/XSL/Format" xmlns:xlink="http://www.w3.org/1999/xlink" xmlns:number="http://openoffice.org/2000/datastyle" xmlns:svg="http://www.w3.org/2000/svg" xmlns:chart="http://openoffice.org/2000/chart" xmlns:dr3d="http://openoffice.org/2000/dr3d" xmlns:math="http://www.w3.org/1998/Math/MathML" xmlns:form="http://openoffice.org/2000/form" xmlns:script="http://openoffice.org/2000/script" office:class="text" office:version="1.0" xmlns:dc="http://purl.org/dc/elements/1.1/" xmlns:meta="http://openoffice.org/2000/meta" xmlns:help="http://openoffice.org/2000/help">
<office:meta>
  <dc:description>text/common/01/05030100</dc:description>
  <dc:subject>インデントと間隔</dc:subject>
  <meta:keywords>
   <meta:keyword>$Version</meta:keyword>
  </meta:keywords>
  <dc:language>ja-JP</dc:language>
  <meta:user-defined meta:name="Info 0">READY</meta:user-defined>
  <meta:user-defined meta:name="Info 1">FREE_OK</meta:user-defined>
  <meta:user-defined meta:name="Info 2"/>
  <meta:user-defined meta:name="Info 3"/>
</office:meta>
 <office:script/>
 <office:font-decls>
  <style:font-decl style:name="StarSymbol" fo:font-family="StarSymbol" style:font-charset="x-symbol"/>
  <style:font-decl style:name="Courier New" fo:font-family="&apos;Courier New&apos;" style:font-style-name="Standard" style:font-family-generic="modern" style:font-pitch="fixed"/>
  <style:font-decl style:name="Courier" fo:font-family="Courier" style:font-family-generic="roman" style:font-pitch="fixed"/>
  <style:font-decl style:name="Andale WT UI3" fo:font-family="&apos;Andale WT UI&apos;" style:font-pitch="variable"/>
  <style:font-decl style:name="Arial Unicode MS" fo:font-family="&apos;Arial Unicode MS&apos;" style:font-pitch="variable"/>
  <style:font-decl style:name="HG Mincho Light J" fo:font-family="&apos;HG Mincho Light J&apos;" style:font-pitch="variable"/>
  <style:font-decl style:name="Andale WT UI" fo:font-family="&apos;Andale WT UI&apos;" style:font-style-name="Fett" style:font-family-generic="roman" style:font-pitch="variable"/>
  <style:font-decl style:name="Andale WT UI1" fo:font-family="&apos;Andale WT UI&apos;" style:font-style-name="Standard" style:font-family-generic="roman" style:font-pitch="variable"/>
  <style:font-decl style:name="Thorndale" fo:font-family="Thorndale" style:font-family-generic="roman" style:font-pitch="variable"/>
  <style:font-decl style:name="Times New Roman" fo:font-family="&apos;Times New Roman&apos;" style:font-style-name="Fett" style:font-family-generic="roman" style:font-pitch="variable"/>
  <style:font-decl style:name="Andale WT UI2" fo:font-family="&apos;Andale WT UI&apos;" style:font-family-generic="swiss" style:font-pitch="variable"/>
 </office:font-decls>
 <office:automatic-styles>
  <style:style style:name="Tabelle8" style:family="table">
   <style:properties style:width="18cm" table:align="margins"/>
  </style:style>
  <style:style style:name="Tabelle8.A" style:family="table-column">
   <style:properties style:column-width="1.499cm" style:rel-column-width="5460*"/>
  </style:style>
  <style:style style:name="Tabelle8.B" style:family="table-column">
   <style:properties style:column-width="16.501cm" style:rel-column-width="60075*"/>
  </style:style>
  <style:style style:name="Tabelle8.1" style:family="table-row">
   <style:properties style:min-row-height="0.848cm"/>
  </style:style>
  <style:style style:name="Tabelle8.A1" style:family="table-cell">
   <style:properties fo:padding="0cm" fo:border="none"/>
  </style:style>
  <style:style style:name="Tabelle1" style:family="table">
   <style:properties style:width="18cm" table:align="margins"/>
  </style:style>
  <style:style style:name="Tabelle1.A" style:family="table-column">
   <style:properties style:column-width="1.499cm" style:rel-column-width="5460*"/>
  </style:style>
  <style:style style:name="Tabelle1.B" style:family="table-column">
   <style:properties style:column-width="16.501cm" style:rel-column-width="60075*"/>
  </style:style>
  <style:style style:name="Tabelle1.A1" style:family="table-cell">
   <style:properties fo:padding="0cm" fo:border="none"/>
  </style:style>
  <style:style style:name="Tabelle4" style:family="table">
   <style:properties style:width="18cm" table:align="margins"/>
  </style:style>
  <style:style style:name="Tabelle4.A" style:family="table-column">
   <style:properties style:column-width="1.501cm" style:rel-column-width="5466*"/>
  </style:style>
  <style:style style:name="Tabelle4.B" style:family="table-column">
   <style:properties style:column-width="16.499cm" style:rel-column-width="60069*"/>
  </style:style>
  <style:style style:name="Tabelle4.A1" style:family="table-cell">
   <style:properties fo:padding="0cm" fo:border="none"/>
  </style:style>
  <style:style style:name="Tabelle5" style:family="table">
   <style:properties style:width="17.955cm" fo:margin-left="0.046cm" fo:margin-right="0cm" table:align="margins"/>
  </style:style>
  <style:style style:name="Tabelle5.A" style:family="table-column">
   <style:properties style:column-width="1.482cm" style:rel-column-width="5409*"/>
  </style:style>
  <style:style style:name="Tabelle5.B" style:family="table-column">
   <style:properties style:column-width="16.473cm" style:rel-column-width="60126*"/>
  </style:style>
  <style:style style:name="Tabelle5.A1" style:family="table-cell">
   <style:properties fo:padding="0cm" fo:border="none"/>
  </style:style>
  <style:style style:name="Tabelle6" style:family="table">
   <style:properties style:width="18cm" table:align="margins"/>
  </style:style>
  <style:style style:name="Tabelle6.A" style:family="table-column">
   <style:properties style:column-width="1.501cm" style:rel-column-width="5466*"/>
  </style:style>
  <style:style style:name="Tabelle6.B" style:family="table-column">
   <style:properties style:column-width="16.499cm" style:rel-column-width="60069*"/>
  </style:style>
  <style:style style:name="Tabelle6.A1" style:family="table-cell">
   <style:properties fo:padding="0cm" fo:border="none"/>
  </style:style>
  <style:style style:name="Tabelle3" style:family="table">
   <style:properties style:width="18cm" table:align="margins"/>
  </style:style>
  <style:style style:name="Tabelle3.A" style:family="table-column">
   <style:properties style:column-width="1.499cm" style:rel-column-width="5460*"/>
  </style:style>
  <style:style style:name="Tabelle3.B" style:family="table-column">
   <style:properties style:column-width="16.501cm" style:rel-column-width="60075*"/>
  </style:style>
  <style:style style:name="Tabelle3.A1" style:family="table-cell">
   <style:properties fo:padding="0cm" fo:border="none"/>
  </style:style>
  <style:style style:name="P1" style:family="paragraph" style:parent-style-name="Paragraph" style:master-page-name="HTML">
   <style:properties style:page-number="0"/>
  </style:style>
  <style:style style:name="T1" style:family="text">
   <style:properties fo:font-weight="bold"/>
  </style:style>
  <style:style style:name="fr1" style:family="graphics" style:parent-style-name="Graphics">
   <style:properties fo:margin-left="0cm" fo:margin-right="0cm" fo:margin-top="0cm" fo:margin-bottom="0cm" style:run-through="foreground" style:wrap="run-through" style:vertical-pos="middle" style:vertical-rel="paragraph" style:horizontal-pos="left" style:horizontal-rel="paragraph" style:mirror="none" fo:clip="rect(0cm 0cm 0cm 0cm)" draw:luminance="0%" draw:contrast="0%" draw:red="0%" draw:green="0%" draw:blue="0%" draw:gamma="1" draw:color-inversion="false" draw:transparency="-100%" draw:color-mode="standard"/>
  </style:style>
  <style:style style:name="fr2" style:family="graphics" style:parent-style-name="Graphics">
   <style:properties style:run-through="foreground" style:wrap="run-through" style:vertical-pos="top" style:vertical-rel="paragraph" style:horizontal-pos="left" style:horizontal-rel="paragraph" style:mirror="none" fo:clip="rect(0cm 0cm 0cm 0cm)" draw:luminance="0%" draw:contrast="0%" draw:red="0%" draw:green="0%" draw:blue="0%" draw:gamma="1" draw:color-inversion="false" draw:transparency="-100%" draw:color-mode="standard"/>
  </style:style>
  <style:style style:name="fr3" style:family="graphics" style:parent-style-name="Graphics">
   <style:properties style:run-through="foreground" style:wrap="run-through" style:vertical-pos="middle" style:vertical-rel="paragraph" style:horizontal-pos="left" style:horizontal-rel="paragraph" style:mirror="none" fo:clip="rect(0cm 0cm 0cm 0cm)" draw:luminance="0%" draw:contrast="0%" draw:red="0%" draw:green="0%" draw:blue="0%" draw:gamma="1" draw:color-inversion="false" draw:transparency="-100%" draw:color-mode="standard"/>
  </style:style>
 </office:automatic-styles>
 <office:body>
  <text:variable-decls>
   <text:variable-decl text:value-type="string" text:name="HTML_ON"/>
   <text:variable-decl text:value-type="string" text:name="HTML_OFF"/>
   <text:variable-decl text:value-type="string" text:name="TITEL"/>
   <text:variable-decl text:value-type="string" text:name="END"/>
   <text:variable-decl text:value-type="string" text:name="MAC"/>
   <text:variable-decl text:value-type="string" text:name="ELSE"/>
   <text:variable-decl text:value-type="string" text:name="HREF"/>
   <text:variable-decl text:value-type="string" text:name="NAME"/>
   <text:variable-decl text:value-type="string" text:name="OS2"/>
   <text:variable-decl text:value-type="string" text:name="HelpID"/>
   <text:variable-decl text:value-type="string" text:name="HFELD"/>
   <text:variable-decl text:value-type="string" text:name="WIN"/>
   <text:variable-decl text:value-type="string" text:name="MODIFY"/>
   <text:variable-decl text:value-type="string" text:name="REFNR"/>
   <text:variable-decl text:value-type="string" text:name="KEY"/>
   <text:variable-decl text:value-type="string" text:name="INDEX"/>
   <text:variable-decl text:value-type="string" text:name="AKTHLP"/>
   <text:variable-decl text:value-type="string" text:name="STYLE"/>
  </text:variable-decls>
  <text:sequence-decls>
   <text:sequence-decl text:display-outline-level="0" text:name="Illustration"/>
   <text:sequence-decl text:display-outline-level="0" text:name="Table"/>
   <text:sequence-decl text:display-outline-level="0" text:name="Text"/>
   <text:sequence-decl text:display-outline-level="0" text:name="Drawing"/>
  </text:sequence-decls>
  <help:to-be-embedded Eid="einzuege">
  <text:p text:style-name="Head 1"><help:help-id value="HID_FORMAT_PARAGRAPH_STD"/><help:key-word value="インデントと間隔; 段落" tag="kw65801_1"/><help:link Id="65801">インデントと間隔</help:link></text:p>
  <text:p text:style-name="Paragraph"><help:help-text value="visible">段落のインデントと間隔に関するオプションを設定します。</help:help-text></text:p>
  <table:table table:name="Tabelle8" table:style-name="Tabelle8">
   <table:table-column table:style-name="Tabelle8.A"/>
   <table:table-column table:style-name="Tabelle8.B"/>
   <table:table-header-rows>
    <table:table-row table:style-name="Tabelle8.1">
     <table:table-cell table:style-name="Tabelle8.A1" table:value-type="string">
      <text:p text:style-name="Paragraph"><draw:image draw:name="マーク0" svg:desc="ノート" svg:pixelx="32" svg:pixely="32" svg:width="0.847cm" svg:height="0.847cm" xlink:href="65980" draw:filter-name=""/></text:p>

     </table:table-cell>
     <table:table-cell table:style-name="Tabelle8.A1" table:value-type="string">
      <text:p text:style-name="Paragraph">このダイアログで使う単位を変更するには、メニュー <text:span text:style-name="T1">ツール → オプション → 文書ドキュメント → 全般</text:span> を選び、<text:span text:style-name="T1">設定</text:span> エリアで使う単位を選択します。</text:p>
     </table:table-cell>
    </table:table-row>
   </table:table-header-rows>
  </table:table>
  </help:to-be-embedded>
  <help:switch select="Program"><help:case select="WRITER">
  <table:table table:name="Tabelle1" table:style-name="Tabelle1">
   <table:table-column table:style-name="Tabelle1.A"/>
   <table:table-column table:style-name="Tabelle1.B"/>
   <table:table-header-rows>
    <table:table-row>
     <table:table-cell table:style-name="Tabelle1.A1" table:value-type="string">
      <text:p text:style-name="Paragraph"><draw:image draw:name="マーク1" svg:desc="ヒント" svg:pixelx="32" svg:pixely="32" svg:width="0.847cm" svg:height="0.847cm" xlink:href="66732" draw:filter-name=""/></text:p>

     </table:table-cell>
     <table:table-cell table:style-name="Tabelle1.A1" table:value-type="string">
      <text:p text:style-name="Paragraph"><help:link Id="67570">ルーラー</help:link>を使ってインデントを設定することもできます。ルーラーを表示するには、メニュー <text:span text:style-name="T1">表示 → ルーラー</text:span> を選択します。</text:p>
     </table:table-cell>
    </table:table-row>
   </table:table-header-rows>
  </table:table>
  </help:case></help:switch>
  <text:p text:style-name="Paragraph">設定を適用する前に、その変更結果をプレビューできます。</text:p>
  <help:popup Id="65599" Eid="einzug"><help:embedded Id="65598" Eid="wie"></help:embedded></help:popup>
  <text:p text:style-name="Head 2"><help:key-word value="インデント; 段落" tag="kw65801_31"/><help:key-word value="段落; インデント" tag="kw65801_30"/><help:key-word value="ハンギングインデント; 段落" tag="kw65801_29"/><help:key-word value="インデント; テキスト" tag="kw65801_28"/><help:key-word value="テキスト; 段落インデント" tag="kw65801_27"/>インデント</text:p>
  <text:p text:style-name="Paragraph">左右のページ余白と段落の間の間隔を指定します。</text:p>
  <text:p text:style-name="Head 3"><help:help-id value="SVX_METRICFIELD_RID_SVXPAGE_STD_PARAGRAPH_ED_LEFTINDENT"/><help:key-word value="インデント; 段落の左インデント" tag="kw65801_26"/><help:key-word value="段落; 左インデント" tag="kw65801_25"/><help:key-word value="インデント; 左" tag="kw65801_24"/><a name="vonlinks"/>テキストの前</text:p>
  <text:p text:style-name="Paragraph"><help:switch select="Program"><help:case select="WRITER"><help:help-text value="visible">左側のページ余白に対して、段落をどれだけインデントさせるかを指定します。段落を左側のページ余白にはみ出させる場合は、負の値を入力します。</help:help-text></help:case></help:switch></text:p>
  <text:p text:style-name="Paragraph"><help:switch select="Program"><help:case select="CALC"><help:help-text value="visible">左側のテキスト枠に対して、段落をどれだけインデントさせるかを指定します。</help:help-text></help:case></help:switch></text:p>
  <text:p text:style-name="Paragraph"><help:switch select="Program"><help:case select="DRAW"><help:help-text value="visible">左側のテキスト枠に対して、段落をどれだけインデントさせるかを指定します。</help:help-text></help:case></help:switch></text:p>
  <text:p text:style-name="Paragraph"><help:switch select="Program"><help:case select="IMPRESS"><help:help-text value="visible">左側のテキスト枠に対して、段落をどれだけインデントさせるかを指定します。</help:help-text></help:case></help:switch></text:p>
  <text:p text:style-name="Head 3"><help:help-id value="SVX_METRICFIELD_RID_SVXPAGE_STD_PARAGRAPH_ED_RIGHTINDENT"/><help:key-word value="右インデント; 段落" tag="kw65801_23"/><help:key-word value="段落; 右インデント" tag="kw65801_22"/><help:key-word value="インデント; 右" tag="kw65801_21"/><a name="vonrechts"/>テキストのあと</text:p>
  <text:p text:style-name="Paragraph"><help:switch select="Program"><help:case select="WRITER"><help:help-text value="visible">右側のページ余白に対して、段落をどれだけインデントさせるかを指定します。段落を右側のページ余白にはみ出させる場合は、負の値を入力します。</help:help-text></help:case></help:switch></text:p>
  <text:p text:style-name="Paragraph"><help:switch select="Program"><help:case select="CALC"><help:help-text value="visible">右側のテキスト枠に対して、段落をどれだけインデントさせるかを指定します。</help:help-text></help:case></help:switch></text:p>
  <text:p text:style-name="Paragraph"><help:switch select="Program"><help:case select="DRAW"><help:help-text value="visible">右側のテキスト枠に対して、段落をどれだけインデントさせるかを指定します。</help:help-text></help:case></help:switch></text:p>
  <text:p text:style-name="Paragraph"><help:switch select="Program"><help:case select="IMPRESS"><help:help-text value="visible">右側のテキスト枠に対して、段落をどれだけインデントさせるかを指定します。</help:help-text></help:case></help:switch></text:p>
  <text:p text:style-name="Head 3"><help:help-id value="SVX_METRICFIELD_RID_SVXPAGE_STD_PARAGRAPH_ED_FLINEINDENT"/><help:key-word value="行; インデント" tag="kw65801_20"/><help:key-word value="１行目; インデント" tag="kw65801_19"/><help:key-word value="１行目; 突き出す" tag="kw65801_18"/><help:key-word value="突き出す; １行目" tag="kw65801_17"/><help:key-word value="負のインデント" tag="kw65801_16"/><a name="erstezeile"/>最初の行</text:p>
  <text:p text:style-name="Paragraph"><help:help-text value="visible">段落の最初の行を、指定した分だけインデントさせます。番号付けや箇条書きにした段落で、最初の行をインデントさせるには、メニュー <text:span text:style-name="T1">書式 → 箇条書きと番号付け</text:span> を選択して見出し <text:span text:style-name="T1">位置</text:span> をクリックし、ボックス <text:span text:style-name="T1">番号とテキストの最小間隔</text:span> に値を指定します。</help:help-text></text:p>
  <text:p text:style-name="Head 3"><help:help-id value="SVX_CHECKBOX_RID_SVXPAGE_STD_PARAGRAPH_CB_AUTO"/><help:switch select="Program"><help:case select="WRITER"><help:key-word value="インデント; 自動" tag="kw65801_15"/>自動</help:case></help:switch></text:p>
  <text:p text:style-name="Paragraph"><help:switch select="Program"><help:case select="WRITER"><help:help-text value="visible">フォントサイズと行間の設定に従って、段落を自動的にインデントします。ボックス <text:span text:style-name="T1">最初の行</text:span> の設定は無視されます。</help:help-text></help:case></help:switch></text:p>
  <text:p text:style-name="Head 2"><a name="abstand"/><help:key-word value="間隔; 段落" tag="kw65801_14"/><help:key-word value="間隔; 脚注と段落の間" tag="kw65801_13"/><help:key-word value="脚注; 段落との間隔" tag="kw65801_12"/><help:key-word value="段落; 間隔" tag="kw65801_11"/><help:key-word value="段落間隔; 脚注" tag="kw65801_10"/>間隔</text:p>
  <text:p text:style-name="Paragraph">選択した段落の間で空ける余白の大きさを指定します。</text:p>
  <text:p text:style-name="Head 3"><help:help-id value="SVX_METRICFIELD_RID_SVXPAGE_STD_PARAGRAPH_ED_TOPDIST"/>段落の上</text:p>
  <text:p text:style-name="Paragraph"><help:help-text value="visible">選択した段落の前に空ける間隔を指定します。</help:help-text></text:p>
  <help:switch select="Program"><help:case select="DRAW"><help:embedded Id="65609" Eid="textobjektleiste"></help:embedded></help:case></help:switch>
  <help:switch select="Program"><help:case select="DRAW"><help:embedded Id="65941" Eid="syabstanderhoehen"></help:embedded></help:case></help:switch>
  <help:switch select="Program"><help:case select="DRAW"><help:embedded Id="65927" Eid="syabstandvermindern"></help:embedded></help:case></help:switch>
  <help:switch select="Program"><help:case select="IMPRESS"><help:embedded Id="65609" Eid="textobjektleiste"></help:embedded></help:case></help:switch>
  <help:switch select="Program"><help:case select="IMPRESS"><help:embedded Id="65941" Eid="syabstanderhoehen"></help:embedded></help:case></help:switch>
  <help:switch select="Program"><help:case select="IMPRESS"><help:embedded Id="65927" Eid="syabstandvermindern"></help:embedded></help:case></help:switch>
  <text:p text:style-name="Head 3"><help:help-id value="SVX_METRICFIELD_RID_SVXPAGE_STD_PARAGRAPH_ED_BOTTOMDIST"/>段落の下</text:p>
  <text:p text:style-name="Paragraph"><help:help-text value="visible">選択した段落の後に空ける間隔を指定します。</help:help-text></text:p>
  <text:p text:style-name="Head 2"><help:help-id value="SVX_LISTBOX_RID_SVXPAGE_STD_PARAGRAPH_LB_LINEDIST"/><help:key-word value="行間隔; 段落" tag="kw65801_9"/><help:key-word value="間隔; 行" tag="kw65801_8"/><help:key-word value="１行分の間隔; 段落" tag="kw65801_7"/><help:key-word value="1.5行分の間隔; 段落" tag="kw65801_6"/><help:key-word value="２行分の間隔; 段落" tag="kw65801_5"/>行間</text:p>
  <text:p text:style-name="Paragraph"><help:help-text value="visible">段落内のテキスト行間で空ける余白の大きさを指定します。</help:help-text></text:p>
  <text:p text:style-name="Head 3"><a name="einzeilig"/>１行</text:p>
  <text:p text:style-name="Paragraph"><help:to-be-embedded Eid="einzeiligtext">現在の段落に一行の行間を適用する。これは標準設定です。</help:to-be-embedded></text:p>
  <help:switch select="System"><help:case select ="MAC"></help:case><help:default>
  <table:table table:name="Tabelle4" table:style-name="Tabelle4">
   <table:table-column table:style-name="Tabelle4.A"/>
   <table:table-column table:style-name="Tabelle4.B"/>
   <table:table-header-rows>
    <table:table-row>
     <table:table-cell table:style-name="Tabelle4.A1" table:value-type="string">
      <text:p text:style-name="Paragraph"><draw:image draw:name="マーク2" svg:desc="ヒント" svg:pixelx="32" svg:pixely="32" svg:width="0.847cm" svg:height="0.847cm" xlink:href="66732" draw:filter-name=""/></text:p>

     </table:table-cell>
     <table:table-cell table:style-name="Tabelle4.A1" table:value-type="string">
      <text:p text:style-name="Paragraph">各行間を個別に設定する簡単な方法は、段落内にカーソルを置いて (Ctrl)＋(1) キーを押すことです。</text:p>
     </table:table-cell>
    </table:table-row>
   </table:table-header-rows>
  </table:table>
  </help:default></help:switch>
  <text:p text:style-name="Head 3"><a name="eineinhalbzeilig"/>1.5行</text:p>
  <text:p text:style-name="Paragraph"><help:to-be-embedded Eid="eineinhalbzeiligtext">行間を 1.5 行に設定します。これは、フォント高の半分の間隔に一致します。</help:to-be-embedded></text:p>
  <help:switch select="System"><help:case select ="MAC"></help:case><help:default>
  <table:table table:name="Tabelle5" table:style-name="Tabelle5">
   <table:table-column table:style-name="Tabelle5.A"/>
   <table:table-column table:style-name="Tabelle5.B"/>
   <table:table-header-rows>
    <table:table-row>
     <table:table-cell table:style-name="Tabelle5.A1" table:value-type="string">
      <text:p text:style-name="Paragraph"><draw:image draw:name="マーク3" svg:desc="ヒント" svg:pixelx="32" svg:pixely="32" svg:width="0.847cm" svg:height="0.847cm" xlink:href="66732" draw:filter-name=""/></text:p>

     </table:table-cell>
     <table:table-cell table:style-name="Tabelle5.A1" table:value-type="string">
      <text:p text:style-name="Paragraph">1.5 行の間隔を設定する簡単な方法は、段落内にカーソルを置いて (Ctrl)＋(5) キーを押すことです。</text:p>
     </table:table-cell>
    </table:table-row>
   </table:table-header-rows>
  </table:table>
  </help:default></help:switch>
  <text:p text:style-name="Head 3"><a name="zweizeilig"/>倍精度</text:p>
  <text:p text:style-name="Paragraph"><help:to-be-embedded Eid="zweizeiligtext">行間を 2 行に設定します。この設定は、行と行との間にフォントの高さに等しいスペースを確保します。</help:to-be-embedded></text:p>
  <help:switch select="System"><help:case select ="MAC"></help:case><help:default>
  <table:table table:name="Tabelle6" table:style-name="Tabelle6">
   <table:table-column table:style-name="Tabelle6.A"/>
   <table:table-column table:style-name="Tabelle6.B"/>
   <table:table-header-rows>
    <table:table-row>
     <table:table-cell table:style-name="Tabelle6.A1" table:value-type="string">
      <text:p text:style-name="Paragraph"><draw:image draw:name="マーク4" svg:desc="ヒント" svg:pixelx="32" svg:pixely="32" svg:width="0.847cm" svg:height="0.847cm" xlink:href="66732" draw:filter-name=""/></text:p>

     </table:table-cell>
     <table:table-cell table:style-name="Tabelle6.A1" table:value-type="string">
      <text:p text:style-name="Paragraph">1 行の間隔を設定する簡単な方法は、段落内にカーソルを置いて (Ctrl)＋(2) キーを押すことです。</text:p>
     </table:table-cell>
    </table:table-row>
   </table:table-header-rows>
  </table:table>
  </help:default></help:switch>
  <help:switch select="Program"><help:case select="WRITER">
  <text:p text:style-name="Head 3">均等</text:p>
  <text:p text:style-name="Paragraph">このオプションを選択した場合は、比率を数値でボックスに指定します (100 パーセントが 1 行分の行間に相当します)。</text:p>
  <text:p text:style-name="Head 3">最小</text:p>
  <text:p text:style-name="Paragraph">行間の最小値を、数値でボックスに指定します。</text:p>
  <table:table table:name="Tabelle3" table:style-name="Tabelle3">
   <table:table-column table:style-name="Tabelle3.A"/>
   <table:table-column table:style-name="Tabelle3.B"/>
   <table:table-header-rows>
    <table:table-row>
     <table:table-cell table:style-name="Tabelle3.A1" table:value-type="string">
      <text:p text:style-name="Paragraph"><draw:image draw:name="マーク5" svg:desc="ヒント" svg:pixelx="32" svg:pixely="32" svg:width="0.847cm" svg:height="0.847cm" xlink:href="66732" draw:filter-name=""/></text:p>

     </table:table-cell>
     <table:table-cell table:style-name="Tabelle3.A1" table:value-type="string">
      <text:p text:style-name="Paragraph">１つの段落内で、異なるフォントサイズを使用している場合、<help:productname>%PRODUCTNAME</help:productname> は、行間隔を使用している最大のフォントサイズに自動調整します。全ての行の間隔を同じにする場合は、<text:span text:style-name="T1">最小</text:span> を選択した上で最大フォントに適した値を入力します。</text:p>
     </table:table-cell>
    </table:table-row>
   </table:table-header-rows>
  </table:table>
  <text:p text:style-name="Head 3"><help:key-word value="行間余白; 段落間" tag="kw65801_4"/>行間余白</text:p>
  <text:p text:style-name="Paragraph">行と行の間の垂直方向の間隔を指定します。</text:p>
  </help:case></help:switch>
  <text:p text:style-name="Head 3"><help:switch select="Program"><help:case select="WRITER">固定</help:case></help:switch></text:p>
  <text:p text:style-name="Paragraph"><help:switch select="Program"><help:case select="WRITER">行間を、ボックスに指定した値に完全に一致させます。この場合、文字の一部が欠落することもあります。</help:case></help:switch></text:p>
  <text:p text:style-name="Head 3"><help:help-id value="SVX_METRICFIELD_RID_SVXPAGE_STD_PARAGRAPH_ED_LINEDISTPERCENT"/><help:help-id value="SVX_METRICFIELD_RID_SVXPAGE_STD_PARAGRAPH_ED_LINEDISTMETRIC"/>of</text:p>
  <text:p text:style-name="Paragraph"><help:help-text value="visible">行間を示す値を入力します。</help:help-text></text:p>
  <help:embedded Id="65630" Eid="vorschau"></help:embedded>
  <text:p text:style-name="Head 2"><help:switch select="Program"><help:case select="WRITER"><help:key-word value="印刷見当; 段落" tag="kw65801_3"/><help:key-word value="行; 配置" tag="kw65801_2"/>印刷見当</help:case></help:switch></text:p>
  <text:p text:style-name="Head 3"><help:help-id value="SVX_CHECKBOX_RID_SVXPAGE_STD_PARAGRAPH_CB_REGISTER"/><help:switch select="Program"><help:case select="WRITER">Activate</help:case></help:switch></text:p>
  <text:p text:style-name="Paragraph"><help:switch select="Program"><help:case select="WRITER"><help:help-text value="visible">すべての行でテキストのベースラインを垂直ドキュメントグリッドに一致させて、各行を同じ高さに揃えます。このオプションを使用する場合は、あらかじめ現在のページスタイルでオプション <text:span text:style-name="T1">印刷見当</text:span> をオンにしておく必要があります。この設定を行うには、メニュー <text:span text:style-name="T1">書式 → ページ</text:span> を選択し、見出し <text:span text:style-name="T1">ページ</text:span> を選択し、エリア <text:span text:style-name="T1">レイアウト設定</text:span>にあるボックス <text:span text:style-name="T1">印刷見当を合わせる</text:span> をオンにします</help:help-text></help:case></help:switch></text:p>
  <text:p text:style-name="ParaList"><help:embedded Id="65598" Eid="related"></help:embedded></text:p>
  <text:p text:style-name="ParaList"><help:popup Id="65619" Eid="registerhaltigkeit"></help:popup></text:p>
 </office:body>
</office:document>
