

<office:document  xmlns:office="http://openoffice.org/2000/office" xmlns:style="http://openoffice.org/2000/style" xmlns:text="http://openoffice.org/2000/text" xmlns:table="http://openoffice.org/2000/table" xmlns:draw="http://openoffice.org/2000/drawing" xmlns:fo="http://www.w3.org/1999/XSL/Format" xmlns:xlink="http://www.w3.org/1999/xlink" xmlns:number="http://openoffice.org/2000/datastyle" xmlns:svg="http://www.w3.org/2000/svg" xmlns:chart="http://openoffice.org/2000/chart" xmlns:dr3d="http://openoffice.org/2000/dr3d" xmlns:math="http://www.w3.org/1998/Math/MathML" xmlns:form="http://openoffice.org/2000/form" xmlns:script="http://openoffice.org/2000/script" office:class="text" office:version="1.0" xmlns:dc="http://purl.org/dc/elements/1.1/" xmlns:meta="http://openoffice.org/2000/meta" xmlns:help="http://openoffice.org/2000/help">
<office:meta>
  <dc:description>text/common/01/05030800</dc:description>
  <dc:subject>トリミング</dc:subject>

  <dc:language>ja-JP</dc:language>
  <meta:user-defined meta:name="Info 0">READY</meta:user-defined>
  <meta:user-defined meta:name="Info 1">FREE_OK</meta:user-defined>
  <meta:user-defined meta:name="Info 2"/>
  <meta:user-defined meta:name="Info 3"/>
</office:meta>
 <office:script/>
 <office:font-decls>
  <style:font-decl style:name="StarSymbol" fo:font-family="StarSymbol" style:font-charset="x-symbol"/>
  <style:font-decl style:name="Courier New" fo:font-family="&apos;Courier New&apos;" style:font-style-name="Standard" style:font-family-generic="modern" style:font-pitch="fixed"/>
  <style:font-decl style:name="Courier" fo:font-family="Courier" style:font-family-generic="roman" style:font-pitch="fixed"/>
  <style:font-decl style:name="Andale WT UI3" fo:font-family="&apos;Andale WT UI&apos;" style:font-pitch="variable"/>
  <style:font-decl style:name="Arial Unicode MS" fo:font-family="&apos;Arial Unicode MS&apos;" style:font-pitch="variable"/>
  <style:font-decl style:name="HG Mincho Light J" fo:font-family="&apos;HG Mincho Light J&apos;" style:font-pitch="variable"/>
  <style:font-decl style:name="Andale WT UI" fo:font-family="&apos;Andale WT UI&apos;" style:font-style-name="Fett" style:font-family-generic="roman" style:font-pitch="variable"/>
  <style:font-decl style:name="Andale WT UI1" fo:font-family="&apos;Andale WT UI&apos;" style:font-style-name="Standard" style:font-family-generic="roman" style:font-pitch="variable"/>
  <style:font-decl style:name="Thorndale" fo:font-family="Thorndale" style:font-family-generic="roman" style:font-pitch="variable"/>
  <style:font-decl style:name="Times New Roman" fo:font-family="&apos;Times New Roman&apos;" style:font-style-name="Fett" style:font-family-generic="roman" style:font-pitch="variable"/>
  <style:font-decl style:name="Andale WT UI2" fo:font-family="&apos;Andale WT UI&apos;" style:font-family-generic="swiss" style:font-pitch="variable"/>
 </office:font-decls>
 <office:automatic-styles>
  <style:style style:name="P1" style:family="paragraph" style:parent-style-name="Paragraph" style:master-page-name="HTML">
   <style:properties style:page-number="0"/>
  </style:style>
  <style:style style:name="T1" style:family="text">
   <style:properties fo:font-weight="bold"/>
  </style:style>
 </office:automatic-styles>
 <office:body>
  <text:variable-decls>
   <text:variable-decl text:value-type="string" text:name="HTML_ON"/>
   <text:variable-decl text:value-type="string" text:name="HTML_OFF"/>
   <text:variable-decl text:value-type="string" text:name="TITEL"/>
   <text:variable-decl text:value-type="string" text:name="END"/>
   <text:variable-decl text:value-type="string" text:name="OS2"/>
   <text:variable-decl text:value-type="string" text:name="ELSE"/>
   <text:variable-decl text:value-type="string" text:name="HREF"/>
   <text:variable-decl text:value-type="string" text:name="NAME"/>
   <text:variable-decl text:value-type="string" text:name="HelpID"/>
   <text:variable-decl text:value-type="string" text:name="MODIFY"/>
   <text:variable-decl text:value-type="string" text:name="REFNR"/>
   <text:variable-decl text:value-type="string" text:name="AKTHLP"/>
   <text:variable-decl text:value-type="string" text:name="INDEX"/>
   <text:variable-decl text:value-type="string" text:name="HFELD"/>
   <text:variable-decl text:value-type="string" text:name="STYLE"/>
  </text:variable-decls>
  <text:sequence-decls>
   <text:sequence-decl text:display-outline-level="0" text:name="Illustration"/>
   <text:sequence-decl text:display-outline-level="0" text:name="Table"/>
   <text:sequence-decl text:display-outline-level="0" text:name="Text"/>
   <text:sequence-decl text:display-outline-level="0" text:name="Drawing"/>
  </text:sequence-decls>
  <help:to-be-embedded Eid="zuschneiden">
  <text:p text:style-name="Head 1"><help:link Id="67911">トリミング</help:link></text:p>
  <text:p text:style-name="Paragraph"><help:help-text value="visible">選択した図のトリミング、倍率の変更を行います。また、変更した図のサイズを元に戻すこともできます。</help:help-text></text:p>
  </help:to-be-embedded>
  <help:popup Id="65599" Eid="grafikzuschn"><help:embedded Id="65598" Eid="wie"></help:embedded></help:popup>
  <help:to-be-embedded Eid="pixelcut">
  <text:p text:style-name="Head 2"><help:key-word value="トリミング; 図" tag="kw67911_1"/><help:key-word value="図; トリミングする" tag="kw67911_6"/>トリミング</text:p>
  <text:p text:style-name="Paragraph">この領域を使って、選択した図のトリミングや倍率の変更をできるほか、図の周囲に空白を追加することも可能です。</text:p>
  <text:p text:style-name="Head 3"><help:help-id value="SVX_RADIOBUTTON_RID_SVXPAGE_GRFCROP_RB_ZOOMCONST"/>倍率保持</text:p>
  <text:p text:style-name="Paragraph"><help:help-text value="visible">図をトリミングするときに元の倍率を維持し、図のサイズだけを変更します。</help:help-text></text:p>
  <text:p text:style-name="Head 3"><help:help-id value="SVX_RADIOBUTTON_RID_SVXPAGE_GRFCROP_RB_SIZECONST"/>画像サイズ保持</text:p>
  <text:p text:style-name="Paragraph"><help:help-text value="visible">図をトリミングするときに元のサイズを維持し、図の倍率だけを変更します。図の倍率を縮小するには、このオプションを選択した上で、ダイアログ <text:span text:style-name="T1">トリミング</text:span> のボックスに負数を入力します。図の倍率を拡大するには、ダイアログ <text:span text:style-name="T1">トリミング</text:span> のボックスに正数を入力します。</help:help-text></text:p>
  <text:p text:style-name="Head 3"><help:help-id value="SVX_METRICFIELD_RID_SVXPAGE_GRFCROP_MF_LEFT"/>左</text:p>
  <text:p text:style-name="Paragraph"><help:help-text value="visible">オプション <text:span text:style-name="T1">倍率保持</text:span> を選択した場合、正の値を入力すると図の左端がトリミングされ、負の値を入力すると図の左側に空白が追加されます。オプション <text:span text:style-name="T1">画像サイズ保持</text:span> を選択した場合、正の値を入力すると図の水平方向の倍率が拡大し、負の値を入力すると図の水平方向の倍率が縮小します。</help:help-text></text:p>
  <text:p text:style-name="Paragraph"><help:help-id value="SVX_METRICFIELD_RID_SVXPAGE_GRFCROP_MF_RIGHT"/>右</text:p>
  <text:p text:style-name="Paragraph"><help:help-text value="visible">オプション <text:span text:style-name="T1">倍率保持</text:span> を選択した場合、正の値を入力すると図の右端がトリミングされ、負の値を入力すると図の右側に空白が追加されます。オプション <text:span text:style-name="T1">画像サイズ保持</text:span> を選択した場合、正の値を入力すると図の水平方向の倍率が拡大し、負の値を入力すると図の水平方向の倍率が縮小します。</help:help-text></text:p>
  <text:p text:style-name="Head 3"><help:help-id value="SVX_METRICFIELD_RID_SVXPAGE_GRFCROP_MF_TOP"/>上</text:p>
  <text:p text:style-name="Paragraph"><help:help-text value="visible">オプション <text:span text:style-name="T1">倍率保持</text:span> を選択した場合、正の値を入力すると図の上端がトリミングされ、負の値を入力すると図の上側に空白が追加されます。オプション <text:span text:style-name="T1">画像サイズ保持</text:span> を選択した場合、正の値を入力すると図の垂直方向の倍率が拡大し、負の値を入力すると図の垂直方向の倍率が縮小します。</help:help-text></text:p>
  <text:p text:style-name="Head 3"><help:help-id value="SVX_METRICFIELD_RID_SVXPAGE_GRFCROP_MF_BOTTOM"/>下</text:p>
  <text:p text:style-name="Paragraph"><help:help-text value="visible">オプション <text:span text:style-name="T1">倍率保持</text:span> を選択した場合、正の値を入力すると図の下端がトリミングされ、負の値を入力すると図の下側に空白が追加されます。オプション <text:span text:style-name="T1">画像サイズ保持</text:span> を選択した場合、正の値を入力すると図の垂直方向の倍率が拡大し、負の値を入力すると図の垂直方向の倍率が縮小します。</help:help-text></text:p>
  <text:p text:style-name="Head 2"><help:key-word value="ズーム; 図" tag="kw67911_5"/><help:key-word value="図; ズーム" tag="kw67911_4"/>倍率</text:p>
  <text:p text:style-name="Paragraph">ここでは、現在の図の幅と高さを変更できます。<text:span text:style-name="T1">縮尺</text:span> フィールド内で設定された変更は、<text:span text:style-name="T1">サイズ</text:span> フィールド内で比例して調整されます。</text:p>
  <text:p text:style-name="Head 3"><help:help-id value="SVX_METRICFIELD_RID_SVXPAGE_GRFCROP_MF_WIDTHZOOM"/>幅</text:p>
  <text:p text:style-name="Paragraph"><help:help-text value="visible">選択した図の幅をパーセンテージ値で入力します。</help:help-text></text:p>
  <text:p text:style-name="Head 3"><help:help-id value="SVX_METRICFIELD_RID_SVXPAGE_GRFCROP_MF_HEIGHTZOOM"/>高さ</text:p>
  <text:p text:style-name="Paragraph"><help:help-text value="visible">選択した図の高さをパーセンテージ値で入力します。</help:help-text></text:p>
  <text:p text:style-name="Head 2"><help:key-word value="図; サイズ" tag="kw67911_3"/><help:key-word value="サイズ; 図" tag="kw67911_2"/>イメージサイズ</text:p>
  <text:p text:style-name="Paragraph">選択した図のサイズを変更します。</text:p>
  <text:p text:style-name="Head 3"><help:help-id value="SVX_METRICFIELD_RID_SVXPAGE_GRFCROP_MF_WIDTH"/>幅</text:p>
  <text:p text:style-name="Paragraph"><help:help-text value="visible">選択した図の幅を入力します。</help:help-text></text:p>
  <text:p text:style-name="Head 3"><help:help-id value="SVX_METRICFIELD_RID_SVXPAGE_GRFCROP_MF_HEIGHT"/>高さ</text:p>
  <text:p text:style-name="Paragraph"><help:help-text value="visible">選択した図の高さを入力します。</help:help-text></text:p>
  <help:embedded Id="65630" Eid="vorschau"></help:embedded>
  <text:p text:style-name="Head 2"><help:help-id value="SVX_PUSHBUTTON_RID_SVXPAGE_GRFCROP_PB_ORGSIZE"/>オリジナルサイズ</text:p>
  <text:p text:style-name="Paragraph"><help:help-text value="visible">選択した図のサイズを元に戻します。</help:help-text></text:p>
  </help:to-be-embedded>
 </office:body>
</office:document>
