

<office:document  xmlns:office="http://openoffice.org/2000/office" xmlns:style="http://openoffice.org/2000/style" xmlns:text="http://openoffice.org/2000/text" xmlns:table="http://openoffice.org/2000/table" xmlns:draw="http://openoffice.org/2000/drawing" xmlns:fo="http://www.w3.org/1999/XSL/Format" xmlns:xlink="http://www.w3.org/1999/xlink" xmlns:number="http://openoffice.org/2000/datastyle" xmlns:svg="http://www.w3.org/2000/svg" xmlns:chart="http://openoffice.org/2000/chart" xmlns:dr3d="http://openoffice.org/2000/dr3d" xmlns:math="http://www.w3.org/1998/Math/MathML" xmlns:form="http://openoffice.org/2000/form" xmlns:script="http://openoffice.org/2000/script" office:class="text" office:version="1.0" xmlns:dc="http://purl.org/dc/elements/1.1/" xmlns:meta="http://openoffice.org/2000/meta" xmlns:help="http://openoffice.org/2000/help">
<office:meta>
  <dc:description>text/common/01/05200100</dc:description>
  <dc:subject>線</dc:subject>

  <dc:language>ja-JP</dc:language>
  <meta:user-defined meta:name="Info 0">READY</meta:user-defined>
  <meta:user-defined meta:name="Info 1">FREE_OK</meta:user-defined>
  <meta:user-defined meta:name="Info 2"/>
  <meta:user-defined meta:name="Info 3"/>
</office:meta>
 <office:script/>
 <office:font-decls>
  <style:font-decl style:name="StarSymbol" fo:font-family="StarSymbol" style:font-charset="x-symbol"/>
  <style:font-decl style:name="Courier New" fo:font-family="&apos;Courier New&apos;" style:font-style-name="Standard" style:font-family-generic="modern" style:font-pitch="fixed"/>
  <style:font-decl style:name="Courier" fo:font-family="Courier" style:font-family-generic="roman" style:font-pitch="fixed"/>
  <style:font-decl style:name="Andale WT UI3" fo:font-family="&apos;Andale WT UI&apos;" style:font-pitch="variable"/>
  <style:font-decl style:name="Arial Unicode MS" fo:font-family="&apos;Arial Unicode MS&apos;" style:font-pitch="variable"/>
  <style:font-decl style:name="HG Mincho Light J" fo:font-family="&apos;HG Mincho Light J&apos;" style:font-pitch="variable"/>
  <style:font-decl style:name="Andale WT UI" fo:font-family="&apos;Andale WT UI&apos;" style:font-style-name="Fett" style:font-family-generic="roman" style:font-pitch="variable"/>
  <style:font-decl style:name="Andale WT UI1" fo:font-family="&apos;Andale WT UI&apos;" style:font-style-name="Standard" style:font-family-generic="roman" style:font-pitch="variable"/>
  <style:font-decl style:name="Thorndale" fo:font-family="Thorndale" style:font-family-generic="roman" style:font-pitch="variable"/>
  <style:font-decl style:name="Times New Roman" fo:font-family="&apos;Times New Roman&apos;" style:font-style-name="Fett" style:font-family-generic="roman" style:font-pitch="variable"/>
  <style:font-decl style:name="Andale WT UI2" fo:font-family="&apos;Andale WT UI&apos;" style:font-family-generic="swiss" style:font-pitch="variable"/>
 </office:font-decls>
 <office:automatic-styles>
  <style:style style:name="P1" style:family="paragraph" style:parent-style-name="Paragraph" style:master-page-name="HTML">
   <style:properties style:page-number="0"/>
  </style:style>
  <style:style style:name="T1" style:family="text">
   <style:properties fo:font-weight="bold"/>
  </style:style>
 </office:automatic-styles>
 <office:body>
  <text:variable-decls>
   <text:variable-decl text:value-type="string" text:name="HTML_ON"/>
   <text:variable-decl text:value-type="string" text:name="HTML_OFF"/>
   <text:variable-decl text:value-type="string" text:name="TITEL"/>
   <text:variable-decl text:value-type="string" text:name="END"/>
   <text:variable-decl text:value-type="string" text:name="HREF"/>
   <text:variable-decl text:value-type="string" text:name="OS2"/>
   <text:variable-decl text:value-type="string" text:name="ELSE"/>
   <text:variable-decl text:value-type="string" text:name="NAME"/>
   <text:variable-decl text:value-type="string" text:name="HelpID"/>
   <text:variable-decl text:value-type="string" text:name="HFELD"/>
   <text:variable-decl text:value-type="string" text:name="MODIFY"/>
   <text:variable-decl text:value-type="string" text:name="REFNR"/>
   <text:variable-decl text:value-type="string" text:name="KEY"/>
   <text:variable-decl text:value-type="string" text:name="AKTHLP"/>
   <text:variable-decl text:value-type="string" text:name="INDEX"/>
   <text:variable-decl text:value-type="string" text:name="STYLE"/>
  </text:variable-decls>
  <text:sequence-decls>
   <text:sequence-decl text:display-outline-level="0" text:name="Illustration"/>
   <text:sequence-decl text:display-outline-level="0" text:name="Table"/>
   <text:sequence-decl text:display-outline-level="0" text:name="Text"/>
   <text:sequence-decl text:display-outline-level="0" text:name="Drawing"/>
  </text:sequence-decls>
  <help:to-be-embedded Eid="linie">
  <text:p text:style-name="Head 1"><help:help-id value="HID_LINE_LINE"/><help:link Id="65881">線</help:link></text:p>
  <text:p text:style-name="Paragraph"><help:help-text value="visible">選択した線、またはこれから描く線の書式設定オプションを設定します。また、線に線の終点スタイルを追加したり、グラフ記号を変更したりできます。</help:help-text></text:p>
  </help:to-be-embedded>
  <help:popup Id="65593" Eid="linie2"><help:embedded Id="65598" Eid="wie"></help:embedded></help:popup>
  <text:p text:style-name="Head 2">線の属性</text:p>
  <text:p text:style-name="Head 3"><help:help-id value="SID_ATTR_LINE_STYLE"/><help:help-id value="SVX_LISTBOX_RID_SVXPAGE_LINE_LB_LINE_STYLE"/><a name="stil"/><help:key-word value="線; スタイル" tag="kw65881_1"/>スタイル</text:p>
  <text:p text:style-name="Paragraph"><help:to-be-embedded Eid="stiltext"><help:help-text value="visible">使用する線スタイルを選択します。ユーザー定義の線スタイルを定義するには、ドキュメント内で線を選択したあと、メニュー <text:span text:style-name="T1">書式 → 線</text:span> を選択し、見出し <help:link Id="65850"><text:span text:style-name="T1">線スタイル</text:span></help:link> をクリックします。</help:help-text></help:to-be-embedded></text:p>
  <help:embedded Id="65598" Eid="sylistil"></help:embedded>
  <text:p text:style-name="Head 3"><help:help-id value="SID_ATTR_LINE_COLOR"/><help:help-id value="SVX_LISTBOX_RID_SVXPAGE_LINE_LB_COLOR"/><a name="farbe"/><help:key-word value="線; 色" tag="kw65881_4"/>色</text:p>
  <text:p text:style-name="Paragraph"><help:to-be-embedded Eid="farbetext"><help:help-text value="visible">線の色を選択します。</help:help-text></help:to-be-embedded></text:p>
  <help:embedded Id="65598" Eid="sylifarbe"></help:embedded>
  <text:p text:style-name="Head 3"><help:help-id value="SID_ATTR_LINE_WIDTH"/><help:help-id value="SVX_METRICFIELD_RID_SVXPAGE_LINE_MTR_FLD_LINE_WIDTH"/><a name="breite"/><help:key-word value="線; 幅" tag="kw65881_3"/>幅</text:p>
  <text:p text:style-name="Paragraph"><help:to-be-embedded Eid="breitetext"><help:help-text value="visible">線の幅を選択します。</help:help-text></help:to-be-embedded></text:p>
  <help:embedded Id="65598" Eid="sylibreite"></help:embedded>
  <text:p text:style-name="Head 3"><help:help-id value="SVX_METRICFIELD_RID_SVXPAGE_LINE_MTR_LINE_TRANSPARENT"/><help:key-word value="線; 透過性" tag="kw65881_2"/>透過性</text:p>
  <text:p text:style-name="Paragraph"><help:help-text value="visible">線の透過性を入力します。100% は完全に透明、0% は完全に不透明です。</help:help-text></text:p>
  <text:p text:style-name="Paragraph"><help:switch select="Program"><help:case select="WRITER"></help:case><help:case select="DRAW"></help:case><help:case select="IMPRESS"></help:case><help:default>ダイアログ <text:span text:style-name="T1">データ行</text:span> の 見出し <text:span text:style-name="T1">線</text:span> が使用可能になるのは、<text:span text:style-name="T1">グラフの種類</text:span> に散布図を選択した場合に限られます。</help:default></help:switch></text:p>
  <text:p text:style-name="Head 2">アイコン</text:p>
  <text:p text:style-name="Paragraph">グラフ内のデータポイント記号のオプションを設定します。</text:p>
  <text:p text:style-name="Head 3"><help:help-id value="SVX_MENUBUTTON_RID_SVXPAGE_LINE_MB_SYMBOL_BITMAP"/>選択</text:p>
  <text:p text:style-name="Paragraph"><help:help-text value="visible">グラフ内で使用する記号スタイルを選択します。</help:help-text><text:span text:style-name="T1">自動</text:span> を選択した場合、選択したグラフの種類に対応する標準記号が使用されます。</text:p>
  <text:p text:style-name="Head 3"><help:help-id value="SVX_METRICFIELD_RID_SVXPAGE_LINE_MF_SYMBOL_WIDTH"/>幅</text:p>
  <text:p text:style-name="Paragraph"><help:help-text value="visible">記号の幅を入力します。</help:help-text></text:p>
  <text:p text:style-name="Head 3"><help:help-id value="SVX_METRICFIELD_RID_SVXPAGE_LINE_MF_SYMBOL_HEIGHT"/>高さ</text:p>
  <text:p text:style-name="Paragraph"><help:help-text value="visible">記号の高さを入力します。</help:help-text></text:p>
  <text:p text:style-name="Head 3"><help:help-id value="SVX_CHECKBOX_RID_SVXPAGE_LINE_CB_SYMBOL_RATIO"/>調整</text:p>
  <text:p text:style-name="Paragraph"><help:help-text value="visible">新しい高さまたは幅を入力した場合に記号の縦横の比率を維持します。</help:help-text></text:p>
  <text:p text:style-name="Head 2">線の終点スタイル</text:p>
  <text:p text:style-name="Paragraph">選択した線の一端または両端に線の終点スタイルを追加できます。リストにユーザー定義の線の終点スタイルを追加するには、ドキュメント内で矢印を選択したあと、このダイアログの見出し <help:link Id="65861"><text:span text:style-name="T1">線の終点スタイル</text:span></help:link> をクリックします。</text:p>
  <text:p text:style-name="Head 3"><help:help-id value="SVX_LISTBOX_RID_SVXPAGE_LINE_LB_START_STYLE"/><help:help-id value="SVX_LISTBOX_RID_SVXPAGE_LINE_LB_END_STYLE"/>スタイル</text:p>
  <text:p text:style-name="Paragraph"><help:help-text value="visible">選択した線に適用する線の終点スタイルをクリックします。</help:help-text></text:p>
  <text:p text:style-name="Head 3"><help:help-id value="SVX_METRICFIELD_RID_SVXPAGE_LINE_MTR_FLD_START_WIDTH"/><help:help-id value="SVX_METRICFIELD_RID_SVXPAGE_LINE_MTR_FLD_END_WIDTH"/>幅</text:p>
  <text:p text:style-name="Paragraph"><help:help-text value="visible">線の終点の幅を入力します。</help:help-text></text:p>
  <text:p text:style-name="Head 3"><help:help-id value="SVX_TRISTATEBOX_RID_SVXPAGE_LINE_TSB_CENTER_START"/><help:help-id value="SVX_TRISTATEBOX_RID_SVXPAGE_LINE_TSB_CENTER_END"/>中央</text:p>
  <text:p text:style-name="Paragraph"><help:help-text value="visible">選択した線の端点を線の終点の中央に配置します。</help:help-text></text:p>
  <text:p text:style-name="Head 3"><help:help-id value="SVX_CHECKBOX_RID_SVXPAGE_LINE_CBX_SYNCHRONIZE"/>同期化の終了</text:p>
  <text:p text:style-name="Paragraph"><help:help-text value="visible">線の終点のスタイルや幅を変更したとき、線の終点を中央に配置したときに、両端の終点スタイルの設定を自動的に更新します。</help:help-text></text:p>
  <help:embedded Id="65630" Eid="vorschau"></help:embedded>
 </office:body>
</office:document>
