

<office:document  xmlns:office="http://openoffice.org/2000/office" xmlns:style="http://openoffice.org/2000/style" xmlns:text="http://openoffice.org/2000/text" xmlns:table="http://openoffice.org/2000/table" xmlns:draw="http://openoffice.org/2000/drawing" xmlns:fo="http://www.w3.org/1999/XSL/Format" xmlns:xlink="http://www.w3.org/1999/xlink" xmlns:number="http://openoffice.org/2000/datastyle" xmlns:svg="http://www.w3.org/2000/svg" xmlns:chart="http://openoffice.org/2000/chart" xmlns:dr3d="http://openoffice.org/2000/dr3d" xmlns:math="http://www.w3.org/1998/Math/MathML" xmlns:form="http://openoffice.org/2000/form" xmlns:script="http://openoffice.org/2000/script" office:class="text" office:version="1.0" xmlns:dc="http://purl.org/dc/elements/1.1/" xmlns:meta="http://openoffice.org/2000/meta" xmlns:help="http://openoffice.org/2000/help">
<office:meta>
  <dc:description>text/common/01/05210300</dc:description>
  <dc:subject>グラデーション</dc:subject>

  <dc:language>ja-JP</dc:language>
  <meta:user-defined meta:name="Info 0">READY</meta:user-defined>
  <meta:user-defined meta:name="Info 1">FREE_OK</meta:user-defined>
  <meta:user-defined meta:name="Info 2"/>
  <meta:user-defined meta:name="Info 3"/>
</office:meta>
 <office:script/>
 <office:font-decls>
  <style:font-decl style:name="StarSymbol" fo:font-family="StarSymbol" style:font-charset="x-symbol"/>
  <style:font-decl style:name="Courier New" fo:font-family="&apos;Courier New&apos;" style:font-style-name="Standard" style:font-family-generic="modern" style:font-pitch="fixed"/>
  <style:font-decl style:name="Courier" fo:font-family="Courier" style:font-family-generic="roman" style:font-pitch="fixed"/>
  <style:font-decl style:name="Andale WT UI3" fo:font-family="&apos;Andale WT UI&apos;" style:font-pitch="variable"/>
  <style:font-decl style:name="Arial Unicode MS" fo:font-family="&apos;Arial Unicode MS&apos;" style:font-pitch="variable"/>
  <style:font-decl style:name="HG Mincho Light J" fo:font-family="&apos;HG Mincho Light J&apos;" style:font-pitch="variable"/>
  <style:font-decl style:name="Andale WT UI" fo:font-family="&apos;Andale WT UI&apos;" style:font-style-name="Fett" style:font-family-generic="roman" style:font-pitch="variable"/>
  <style:font-decl style:name="Andale WT UI1" fo:font-family="&apos;Andale WT UI&apos;" style:font-style-name="Standard" style:font-family-generic="roman" style:font-pitch="variable"/>
  <style:font-decl style:name="Thorndale" fo:font-family="Thorndale" style:font-family-generic="roman" style:font-pitch="variable"/>
  <style:font-decl style:name="Times New Roman" fo:font-family="&apos;Times New Roman&apos;" style:font-style-name="Fett" style:font-family-generic="roman" style:font-pitch="variable"/>
  <style:font-decl style:name="Andale WT UI2" fo:font-family="&apos;Andale WT UI&apos;" style:font-family-generic="swiss" style:font-pitch="variable"/>
 </office:font-decls>
 <office:automatic-styles>
  <style:style style:name="P1" style:family="paragraph" style:parent-style-name="Paragraph" style:master-page-name="HTML">
   <style:properties style:page-number="0"/>
  </style:style>
  <style:style style:name="T1" style:family="text">
   <style:properties fo:font-weight="bold"/>
  </style:style>
 </office:automatic-styles>
 <office:body>
  <text:variable-decls>
   <text:variable-decl text:value-type="string" text:name="HTML_ON"/>
   <text:variable-decl text:value-type="string" text:name="HTML_OFF"/>
   <text:variable-decl text:value-type="string" text:name="TITEL"/>
   <text:variable-decl text:value-type="string" text:name="END"/>
   <text:variable-decl text:value-type="string" text:name="HREF"/>
   <text:variable-decl text:value-type="string" text:name="OS2"/>
   <text:variable-decl text:value-type="string" text:name="ELSE"/>
   <text:variable-decl text:value-type="string" text:name="MAC"/>
   <text:variable-decl text:value-type="string" text:name="NAME"/>
   <text:variable-decl text:value-type="string" text:name="HelpID"/>
   <text:variable-decl text:value-type="string" text:name="MODIFY"/>
   <text:variable-decl text:value-type="string" text:name="REFNR"/>
   <text:variable-decl text:value-type="string" text:name="KEY"/>
   <text:variable-decl text:value-type="string" text:name="AKTHLP"/>
   <text:variable-decl text:value-type="string" text:name="INDEX"/>
   <text:variable-decl text:value-type="string" text:name="STYLE"/>
  </text:variable-decls>
  <text:sequence-decls>
   <text:sequence-decl text:display-outline-level="0" text:name="Illustration"/>
   <text:sequence-decl text:display-outline-level="0" text:name="Table"/>
   <text:sequence-decl text:display-outline-level="0" text:name="Text"/>
   <text:sequence-decl text:display-outline-level="0" text:name="Drawing"/>
  </text:sequence-decls>
  <help:to-be-embedded Eid="farbverlaeufe">
  <text:p text:style-name="Head 1"><help:help-id value="HID_AREA_GRADIENT"/><help:key-word value="表面; グラデーション" tag="kw65782_1"/><help:key-word value="グラデーション; 表面" tag="kw65782_3"/><help:key-word value="グラデーション; 表面" tag="kw65782_2"/><help:link Id="65782">グラデーション</help:link></text:p>
  <text:p text:style-name="Paragraph"><help:help-text value="visible">グラデーションの属性の設定、グラデーションリストの保存、読み込みを行います。</help:help-text></text:p>
  </help:to-be-embedded>
  <help:popup Id="65593" Eid="verlauf"><help:embedded Id="65598" Eid="wie"></help:embedded></help:popup>
  <text:p text:style-name="Head 3"><help:help-id value="SVX_LISTBOX_RID_SVXPAGE_GRADIENT_LB_GRADIENT_TYPES"/>種類</text:p>
  <text:p text:style-name="Paragraph"><help:help-text value="visible">使用可能なグラデーションのリストが表示されます。適用するグラデーションをクリックしたあと、<text:span text:style-name="T1">OK</text:span> をクリックします。</help:help-text></text:p>
  <text:p text:style-name="Head 3"><help:help-id value="SVX_METRICFIELD_RID_SVXPAGE_GRADIENT_MTR_CENTER_X"/>中心 X</text:p>
  <text:p text:style-name="Paragraph"><help:help-text value="visible">グラデーションの水平方向のオフセット幅を入力します。0% は、グラデーション終端色の水平方向の現在位置に対応します。終端色は、ボックス <text:span text:style-name="T1">終わり</text:span> で選択した色です。</help:help-text></text:p>
  <text:p text:style-name="Head 3"><help:help-id value="SVX_METRICFIELD_RID_SVXPAGE_GRADIENT_MTR_CENTER_Y"/>中心 Y</text:p>
  <text:p text:style-name="Paragraph"><help:help-text value="visible">グラデーションの垂直方向のオフセット幅を入力します。0% は、グラデーション終端色の垂直方向の現在位置に対応します。終端色は、ボックス <text:span text:style-name="T1">終わり</text:span> で選択した色です。</help:help-text></text:p>
  <text:p text:style-name="Head 3"><help:help-id value="SVX_METRICFIELD_RID_SVXPAGE_GRADIENT_MTR_ANGLE"/>角度</text:p>
  <text:p text:style-name="Paragraph"><help:help-text value="visible">選択したグラデーションの回転角度を入力します。</help:help-text></text:p>
  <text:p text:style-name="Head 3"><help:help-id value="SVX_METRICFIELD_RID_SVXPAGE_GRADIENT_MTR_BORDER"/>余白</text:p>
  <text:p text:style-name="Paragraph"><help:help-text value="visible">グラデーションの終端色の範囲を調整する幅を入力します。終端色は、ボックス <text:span text:style-name="T1">終わり</text:span> で選択した色です。</help:help-text></text:p>
  <text:p text:style-name="Head 3">始めの色</text:p>
  <text:p text:style-name="Paragraph"><help:help-id value="SVX_LISTBOX_RID_SVXPAGE_GRADIENT_LB_COLOR_FROM"/><help:help-text value="visible">グラデーションの開始位置の色を選択します。</help:help-text></text:p>
  <text:p text:style-name="Paragraph"><help:help-id value="SVX_METRICFIELD_RID_SVXPAGE_GRADIENT_MTR_COLOR_FROM"/><help:help-text value="visible">ボックス <text:span text:style-name="T1">始め</text:span> に色の輝度を入力します。0% が黒、100% が選択した色に対応します。</help:help-text></text:p>
  <text:p text:style-name="Head 3">終わりの色</text:p>
  <text:p text:style-name="Paragraph"><help:help-id value="SVX_LISTBOX_RID_SVXPAGE_GRADIENT_LB_COLOR_TO"/><help:help-text value="visible">グラデーションの終了位置の色を選択します。</help:help-text></text:p>
  <text:p text:style-name="Paragraph"><help:help-id value="SVX_METRICFIELD_RID_SVXPAGE_GRADIENT_MTR_COLOR_TO"/><help:help-text value="visible">ボックス <text:span text:style-name="T1">終り</text:span> に色の輝度を入力します。0% が黒、100% が選択した色に対応します。</help:help-text></text:p>
  <text:p text:style-name="Head 3"><help:help-id value="SVX_LISTBOX_RID_SVXPAGE_GRADIENT_LB_GRADIENTS"/>グラデーション</text:p>
  <text:p text:style-name="Paragraph"><help:help-text value="visible">適用または作成するグラデーションの種類を選択します。</help:help-text></text:p>
  <text:p text:style-name="Head 3"><help:help-id value="SVX_PUSHBUTTON_RID_SVXPAGE_GRADIENT_BTN_ADD"/>追加</text:p>
  <text:p text:style-name="Paragraph"><help:help-text value="visible">ユーザー定義のグラデーションを現在のリストに追加します。グラデーションの属性を指定したあと、このボタンをクリックします。</help:help-text></text:p>
  <text:p text:style-name="Head 3"><help:help-id value="SVX_PUSHBUTTON_RID_SVXPAGE_GRADIENT_BTN_MODIFY"/>変更...</text:p>
  <text:p text:style-name="Paragraph"><help:help-text value="visible">選択したグラデーションに現在のグラデーションの属性を適用します。グラデーションを別の名前で保存することもできます。</help:help-text></text:p>
  <help:help-id value="SVX_PUSHBUTTON_RID_SVXPAGE_GRADIENT_BTN_DELETE"/><help:embedded Id="65630" Eid="loeschen"></help:embedded>
  <help:embedded Id="65630" Eid="vorschau"></help:embedded>
  <text:p text:style-name="Head 2"><help:help-id value="SVX_IMAGEBUTTON_RID_SVXPAGE_GRADIENT_BTN_LOAD"/>グラデーション表の読み込み</text:p>
  <text:p text:style-name="Paragraph"><help:help-text value="visible">別のグラデーションリストを読み込みます。</help:help-text></text:p>
  <text:p text:style-name="Head 2"><help:help-id value="SVX_IMAGEBUTTON_RID_SVXPAGE_GRADIENT_BTN_SAVE"/>グラデーション表の保存</text:p>
  <text:p text:style-name="Paragraph"><help:help-text value="visible">グラデーションの現行リストを保存し、あとでリストを読み込むことができるようにします。</help:help-text></text:p>
 </office:body>
</office:document>
