

<office:document  xmlns:office="http://openoffice.org/2000/office" xmlns:style="http://openoffice.org/2000/style" xmlns:text="http://openoffice.org/2000/text" xmlns:table="http://openoffice.org/2000/table" xmlns:draw="http://openoffice.org/2000/drawing" xmlns:fo="http://www.w3.org/1999/XSL/Format" xmlns:xlink="http://www.w3.org/1999/xlink" xmlns:number="http://openoffice.org/2000/datastyle" xmlns:svg="http://www.w3.org/2000/svg" xmlns:chart="http://openoffice.org/2000/chart" xmlns:dr3d="http://openoffice.org/2000/dr3d" xmlns:math="http://www.w3.org/1998/Math/MathML" xmlns:form="http://openoffice.org/2000/form" xmlns:script="http://openoffice.org/2000/script" office:class="text" office:version="1.0" xmlns:dc="http://purl.org/dc/elements/1.1/" xmlns:meta="http://openoffice.org/2000/meta" xmlns:help="http://openoffice.org/2000/help">
<office:meta>
  <dc:description>text/common/01/05210500</dc:description>
  <dc:subject>ビットマップ</dc:subject>

  <dc:language>ja-JP</dc:language>
  <meta:user-defined meta:name="Info 0">READY</meta:user-defined>
  <meta:user-defined meta:name="Info 1">FREE_OK</meta:user-defined>
  <meta:user-defined meta:name="Info 2"/>
  <meta:user-defined meta:name="Info 3"/>
</office:meta>
 <office:script/>
 <office:font-decls>
  <style:font-decl style:name="StarSymbol" fo:font-family="StarSymbol" style:font-charset="x-symbol"/>
  <style:font-decl style:name="Courier New" fo:font-family="&apos;Courier New&apos;" style:font-style-name="Standard" style:font-family-generic="modern" style:font-pitch="fixed"/>
  <style:font-decl style:name="Courier" fo:font-family="Courier" style:font-family-generic="roman" style:font-pitch="fixed"/>
  <style:font-decl style:name="Andale WT UI3" fo:font-family="&apos;Andale WT UI&apos;" style:font-pitch="variable"/>
  <style:font-decl style:name="Arial Unicode MS" fo:font-family="&apos;Arial Unicode MS&apos;" style:font-pitch="variable"/>
  <style:font-decl style:name="HG Mincho Light J" fo:font-family="&apos;HG Mincho Light J&apos;" style:font-pitch="variable"/>
  <style:font-decl style:name="Andale WT UI" fo:font-family="&apos;Andale WT UI&apos;" style:font-style-name="Fett" style:font-family-generic="roman" style:font-pitch="variable"/>
  <style:font-decl style:name="Andale WT UI1" fo:font-family="&apos;Andale WT UI&apos;" style:font-style-name="Standard" style:font-family-generic="roman" style:font-pitch="variable"/>
  <style:font-decl style:name="Thorndale" fo:font-family="Thorndale" style:font-family-generic="roman" style:font-pitch="variable"/>
  <style:font-decl style:name="Times New Roman" fo:font-family="&apos;Times New Roman&apos;" style:font-style-name="Fett" style:font-family-generic="roman" style:font-pitch="variable"/>
  <style:font-decl style:name="Andale WT UI2" fo:font-family="&apos;Andale WT UI&apos;" style:font-family-generic="swiss" style:font-pitch="variable"/>
 </office:font-decls>
 <office:automatic-styles>
  <style:style style:name="P1" style:family="paragraph" style:parent-style-name="Paragraph" style:master-page-name="HTML">
   <style:properties style:page-number="0"/>
  </style:style>
  <style:style style:name="T1" style:family="text">
   <style:properties fo:font-weight="bold"/>
  </style:style>
 </office:automatic-styles>
 <office:body>
  <text:variable-decls>
   <text:variable-decl text:value-type="string" text:name="HTML_ON"/>
   <text:variable-decl text:value-type="string" text:name="HTML_OFF"/>
   <text:variable-decl text:value-type="string" text:name="TITEL"/>
   <text:variable-decl text:value-type="string" text:name="END"/>
   <text:variable-decl text:value-type="string" text:name="HREF"/>
   <text:variable-decl text:value-type="string" text:name="OS2"/>
   <text:variable-decl text:value-type="string" text:name="ELSE"/>
   <text:variable-decl text:value-type="string" text:name="MAC"/>
   <text:variable-decl text:value-type="string" text:name="NAME"/>
   <text:variable-decl text:value-type="string" text:name="HelpID"/>
   <text:variable-decl text:value-type="string" text:name="MODIFY"/>
   <text:variable-decl text:value-type="string" text:name="REFNR"/>
   <text:variable-decl text:value-type="string" text:name="KEY"/>
   <text:variable-decl text:value-type="string" text:name="AKTHLP"/>
   <text:variable-decl text:value-type="string" text:name="INDEX"/>
   <text:variable-decl text:value-type="string" text:name="STYLE"/>
  </text:variable-decls>
  <text:sequence-decls>
   <text:sequence-decl text:display-outline-level="0" text:name="Illustration"/>
   <text:sequence-decl text:display-outline-level="0" text:name="Table"/>
   <text:sequence-decl text:display-outline-level="0" text:name="Text"/>
   <text:sequence-decl text:display-outline-level="0" text:name="Drawing"/>
  </text:sequence-decls>
  <help:to-be-embedded Eid="bitmapmuster">
  <text:p text:style-name="Head 1"><help:help-id value="HID_AREA_BITMAP"/><help:key-word value="ビットマップ; パターン" tag="kw65668_1"/><help:key-word value="表面; ビットマップパターン" tag="kw65668_8"/><help:key-word value="パターン; 表面" tag="kw65668_7"/><help:key-word value="表面; パターン" tag="kw65668_6"/><help:key-word value="ピクセルパターン; 表面" tag="kw65668_5"/><help:key-word value="表面; ピクセルパターン" tag="kw65668_4"/><help:link Id="65668">ビットマップ</help:link></text:p>
  <text:p text:style-name="Paragraph"><help:help-text value="visible">塗りつぶしパターンとして使用するビットマップを選択するか、独自のピクセルパターンを作成します。また、ビットマップのインポートや、ビットマップリストの保存、読み込みを行うこともできます。</help:help-text></text:p>
  </help:to-be-embedded>
  <help:popup Id="65593" Eid="bitmap"><help:embedded Id="65598" Eid="wie"></help:embedded></help:popup>
  <text:p text:style-name="Head 2"><help:key-word value="ピクセルエディタ" tag="kw65668_3"/><help:key-word value="パターンエディタ" tag="kw65668_2"/>パターンエディタ</text:p>
  <text:p text:style-name="Paragraph">このエディタを使って、2 色 8 x 8 ピクセルの単純なビットマップパターンを作成します。</text:p>
  <text:p text:style-name="Head 2">表</text:p>
  <text:p text:style-name="Paragraph">標準設定されているビットマップパターン表は、独自のピクセルパターンを作成する時に役立ちます。ピクセルパターンを変更したり、ピクセルパターンデザインを付け加えたりできます。</text:p>
  <text:p text:style-name="Head 3"><help:help-id value="SVX_LISTBOX_RID_SVXPAGE_BITMAP_LB_COLOR"/>前景色</text:p>
  <text:p text:style-name="Paragraph"><help:help-text value="visible">前景色を選択した上で、グリッド内をクリックしてピクセルをパターンに追加します。</help:help-text></text:p>
  <text:p text:style-name="Head 3"><help:help-id value="SVX_LISTBOX_RID_SVXPAGE_BITMAP_LB_BACKGROUND_COLOR"/>背景色</text:p>
  <text:p text:style-name="Paragraph"><help:help-text value="visible">ビットマップパターンの背景色を選択します。</help:help-text></text:p>
  <text:p text:style-name="Head 2"><help:help-id value="SVX_LISTBOX_RID_SVXPAGE_BITMAP_LB_BITMAPS"/>ビットマップパターン</text:p>
  <text:p text:style-name="Paragraph"><help:help-text value="visible">リスト内でビットマップを選択したあと、<text:span text:style-name="T1">OK</text:span> をクリックすると選択したオブジェクトにパターンが適用されます。</help:help-text></text:p>
  <text:p text:style-name="Head 2"><help:help-id value="SVX_PUSHBUTTON_RID_SVXPAGE_BITMAP_BTN_ADD"/>追加</text:p>
  <text:p text:style-name="Paragraph"><help:help-text value="visible"><text:span text:style-name="T1">パターンエディタ</text:span>で作成したビットマップを現在のリストに追加します。</help:help-text></text:p>
  <text:p text:style-name="Head 2"><help:help-id value="SVX_PUSHBUTTON_RID_SVXPAGE_BITMAP_BTN_MODIFY"/>変更</text:p>
  <text:p text:style-name="Paragraph"><help:help-text value="visible">現在のビットマップパターンを<text:span text:style-name="T1">パターンエディタ</text:span>で作成したビットマップに置き換えます。パターンを別の名前で保存することもできます。</help:help-text></text:p>
  <text:p text:style-name="Head 2"><help:help-id value="SVX_PUSHBUTTON_RID_SVXPAGE_BITMAP_BTN_IMPORT"/>インポート</text:p>
  <text:p text:style-name="Paragraph"><help:help-text value="visible">インポートするビットマップを指定し、<text:span text:style-name="T1">開く</text:span> をクリックします。このビットマップは、使用可能なビットマップリストの末尾に追加されます。</help:help-text></text:p>
  <help:help-id value="SVX_PUSHBUTTON_RID_SVXPAGE_BITMAP_BTN_DELETE"/><help:embedded Id="65630" Eid="loeschen"></help:embedded>
  <help:embedded Id="65630" Eid="vorschau"></help:embedded>
  <text:p text:style-name="Head 2"><help:help-id value="SVX_IMAGEBUTTON_RID_SVXPAGE_BITMAP_BTN_LOAD"/>ビットマップ表の読み込み</text:p>
  <text:p text:style-name="Paragraph"><help:help-text value="visible">別のビットマップリストを読み込みます。</help:help-text></text:p>
  <text:p text:style-name="Head 2"><help:help-id value="SVX_IMAGEBUTTON_RID_SVXPAGE_BITMAP_BTN_SAVE"/>ビットマップ表の保存</text:p>
  <text:p text:style-name="Paragraph"><help:help-text value="visible">ビットマップの現行リストを保存し、あとでリストを読み込むことができるようにします。</help:help-text></text:p>
 </office:body>
</office:document>
