

<office:document  xmlns:office="http://openoffice.org/2000/office" xmlns:style="http://openoffice.org/2000/style" xmlns:text="http://openoffice.org/2000/text" xmlns:table="http://openoffice.org/2000/table" xmlns:draw="http://openoffice.org/2000/drawing" xmlns:fo="http://www.w3.org/1999/XSL/Format" xmlns:xlink="http://www.w3.org/1999/xlink" xmlns:number="http://openoffice.org/2000/datastyle" xmlns:svg="http://www.w3.org/2000/svg" xmlns:chart="http://openoffice.org/2000/chart" xmlns:dr3d="http://openoffice.org/2000/dr3d" xmlns:math="http://www.w3.org/1998/Math/MathML" xmlns:form="http://openoffice.org/2000/form" xmlns:script="http://openoffice.org/2000/script" office:class="text" office:version="1.0" xmlns:dc="http://purl.org/dc/elements/1.1/" xmlns:meta="http://openoffice.org/2000/meta" xmlns:help="http://openoffice.org/2000/help">
<office:meta>
  <dc:description>text/common/01/05220000</dc:description>
  <dc:subject>テキスト</dc:subject>

  <dc:language>ja-JP</dc:language>
  <meta:user-defined meta:name="Info 0">READY</meta:user-defined>
  <meta:user-defined meta:name="Info 1">FREE_OK</meta:user-defined>
  <meta:user-defined meta:name="Info 2"/>
  <meta:user-defined meta:name="Info 3"/>
</office:meta>
 <office:script/>
 <office:font-decls>
  <style:font-decl style:name="StarSymbol" fo:font-family="StarSymbol" style:font-charset="x-symbol"/>
  <style:font-decl style:name="Courier New" fo:font-family="&apos;Courier New&apos;" style:font-style-name="Standard" style:font-family-generic="modern" style:font-pitch="fixed"/>
  <style:font-decl style:name="Courier" fo:font-family="Courier" style:font-family-generic="roman" style:font-pitch="fixed"/>
  <style:font-decl style:name="Andale WT UI3" fo:font-family="&apos;Andale WT UI&apos;" style:font-pitch="variable"/>
  <style:font-decl style:name="Arial Unicode MS" fo:font-family="&apos;Arial Unicode MS&apos;" style:font-pitch="variable"/>
  <style:font-decl style:name="HG Mincho Light J" fo:font-family="&apos;HG Mincho Light J&apos;" style:font-pitch="variable"/>
  <style:font-decl style:name="Andale WT UI" fo:font-family="&apos;Andale WT UI&apos;" style:font-style-name="Fett" style:font-family-generic="roman" style:font-pitch="variable"/>
  <style:font-decl style:name="Andale WT UI1" fo:font-family="&apos;Andale WT UI&apos;" style:font-style-name="Standard" style:font-family-generic="roman" style:font-pitch="variable"/>
  <style:font-decl style:name="Thorndale" fo:font-family="Thorndale" style:font-family-generic="roman" style:font-pitch="variable"/>
  <style:font-decl style:name="Times New Roman" fo:font-family="&apos;Times New Roman&apos;" style:font-style-name="Fett" style:font-family-generic="roman" style:font-pitch="variable"/>
  <style:font-decl style:name="Andale WT UI2" fo:font-family="&apos;Andale WT UI&apos;" style:font-family-generic="swiss" style:font-pitch="variable"/>
 </office:font-decls>
 <office:automatic-styles>
  <style:style style:name="P1" style:family="paragraph" style:parent-style-name="Paragraph" style:master-page-name="HTML">
   <style:properties style:page-number="0"/>
  </style:style>
 </office:automatic-styles>
 <office:body>
  <text:variable-decls>
   <text:variable-decl text:value-type="string" text:name="HTML_ON"/>
   <text:variable-decl text:value-type="string" text:name="HTML_OFF"/>
   <text:variable-decl text:value-type="string" text:name="TITEL"/>
   <text:variable-decl text:value-type="string" text:name="END"/>
   <text:variable-decl text:value-type="string" text:name="HREF"/>
   <text:variable-decl text:value-type="string" text:name="NAME"/>
   <text:variable-decl text:value-type="string" text:name="HFELD"/>
   <text:variable-decl text:value-type="string" text:name="HelpID"/>
   <text:variable-decl text:value-type="string" text:name="MODIFY"/>
   <text:variable-decl text:value-type="string" text:name="REFNR"/>
   <text:variable-decl text:value-type="string" text:name="KEY"/>
   <text:variable-decl text:value-type="string" text:name="AKTHLP"/>
   <text:variable-decl text:value-type="string" text:name="INDEX"/>
   <text:variable-decl text:value-type="string" text:name="STYLE"/>
  </text:variable-decls>
  <text:sequence-decls>
   <text:sequence-decl text:display-outline-level="0" text:name="Illustration"/>
   <text:sequence-decl text:display-outline-level="0" text:name="Table"/>
   <text:sequence-decl text:display-outline-level="0" text:name="Text"/>
   <text:sequence-decl text:display-outline-level="0" text:name="Drawing"/>
  </text:sequence-decls>
  <help:to-be-embedded Eid="text">
  <text:p text:style-name="Head 1"><help:help-id value="SID_TEXTATTR_DLG"/><help:help-id value="FN_DRAWTEXT_ATTR_DLG"/><help:help-id value="HID_PAGE_TEXTATTR"/><help:key-word value="テキスト; テキスト－図形描画オブジェクト" tag="kw65694_1"/><help:key-word value="図形描画オブジェクト; テキスト" tag="kw65694_3"/><help:key-word value="枠; テキスト－図形描画オブジェクト" tag="kw65694_2"/><help:link Id="65694">テキスト</help:link></text:p>
  <text:p text:style-name="Paragraph"><help:help-text value="visible">選択した図形描画オブジェクトまたはテキストオブジェクト内のテキストにレイアウト属性およびアンカー属性を設定します。</help:help-text></text:p>
  </help:to-be-embedded>
  <help:executeurl Id="Slot:20376"></help:executeurl><help:popup Id="65593" Eid="text"><help:embedded Id="65598" Eid="wie"></help:embedded></help:popup>
  <text:p text:style-name="Paragraph">テキストは、図形描画オブジェクトまたはテキストオブジェクトの外端を基準に配置されます。</text:p>
  <text:p text:style-name="Head 2">テキスト</text:p>
  <text:p text:style-name="Paragraph">図形描画オブジェクトまたはテキストオブジェクトの範囲に合わせたテキストのサイズ変更について、関連するオプションを設定します。</text:p>
  <text:p text:style-name="Head 3"><help:help-id value="SVX_TRISTATEBOX_RID_SVXPAGE_TEXTATTR_TSB_AUTOGROW_WIDTH"/>幅をテキストに合わせる</text:p>
  <text:p text:style-name="Paragraph"><help:help-text value="visible">図形描画オブジェクトまたはテキストオブジェクトの幅に合うようにテキストのサイズを変更します。</help:help-text></text:p>
  <text:p text:style-name="Head 3"><help:help-id value="SVX_TRISTATEBOX_RID_SVXPAGE_TEXTATTR_TSB_AUTOGROW_HEIGHT"/>高さをテキストに合わせる</text:p>
  <text:p text:style-name="Paragraph"><help:help-text value="visible">図形描画オブジェクトまたはテキストオブジェクトの高さに合うようにテキストのサイズを変更します。</help:help-text></text:p>
  <text:p text:style-name="Head 3"><help:help-id value="SVX_TRISTATEBOX_RID_SVXPAGE_TEXTATTR_TSB_FIT_TO_SIZE"/>枠に合わせる</text:p>
  <text:p text:style-name="Paragraph"><help:help-text value="visible">図形描画オブジェクトまたはテキストオブジェクトの範囲全体に合うようにテキストのサイズを変更します。</help:help-text></text:p>
  <text:p text:style-name="Head 3"><help:help-id value="SVX_TRISTATEBOX_RID_SVXPAGE_TEXTATTR_TSB_CONTOUR"/>輪郭に合わせる</text:p>
  <text:p text:style-name="Paragraph"><help:help-text value="visible">選択した図形描画オブジェクトの輪郭線にテキストの流れを合わせます。</help:help-text></text:p>
  <text:p text:style-name="Head 2">枠からの間隔</text:p>
  <text:p text:style-name="Paragraph">図形描画オブジェクトまたはテキストオブジェクトの外端からテキストの端までの余白の大きさを指定します。</text:p>
  <text:p text:style-name="Head 3"><help:help-id value="SVX_METRICFIELD_RID_SVXPAGE_TEXTATTR_MTR_FLD_LEFT"/>左</text:p>
  <text:p text:style-name="Paragraph"><help:help-text value="visible">図形描画オブジェクトまたはテキストオブジェクトの左端からテキストの左端までの余白の大きさを入力します。</help:help-text></text:p>
  <text:p text:style-name="Head 3"><help:help-id value="SVX_METRICFIELD_RID_SVXPAGE_TEXTATTR_MTR_FLD_RIGHT"/>右</text:p>
  <text:p text:style-name="Paragraph"><help:help-text value="visible">図形描画オブジェクトまたはテキストオブジェクトの右端からテキストの右端までの余白の大きさを入力します。</help:help-text></text:p>
  <text:p text:style-name="Head 3"><help:help-id value="SVX_METRICFIELD_RID_SVXPAGE_TEXTATTR_MTR_FLD_TOP"/>上</text:p>
  <text:p text:style-name="Paragraph"><help:help-text value="visible">図形描画オブジェクトまたはテキストオブジェクトの上端からテキストの上端までの余白の大きさを入力します。</help:help-text></text:p>
  <text:p text:style-name="Head 3"><help:help-id value="SVX_METRICFIELD_RID_SVXPAGE_TEXTATTR_MTR_FLD_BOTTOM"/>下</text:p>
  <text:p text:style-name="Paragraph"><help:help-text value="visible">図形描画オブジェクトまたはテキストオブジェクトの下端からテキストの下端までの余白の大きさを入力します。</help:help-text></text:p>
  <text:p text:style-name="Head 2">テキストアンカー</text:p>
  <text:p text:style-name="Paragraph">アンカーの種類とアンカーの位置を設定します。</text:p>
  <text:p text:style-name="Head 3"><help:help-id value="HID_TEXTATTR_CTL_POSITION"/>図のオプションフィールド</text:p>
  <text:p text:style-name="Paragraph"><help:help-text value="visible">テキストのアンカーを置く場所をクリックします。</help:help-text></text:p>
  <text:p text:style-name="Head 3"><help:help-id value="SVX_TRISTATEBOX_RID_SVXPAGE_TEXTATTR_TSB_FULL_WIDTH"/>全幅</text:p>
  <text:p text:style-name="Paragraph"><help:help-text value="visible">図形描画オブジェクトまたはテキストオブジェクトの幅全体にテキストをアンカーします。</help:help-text></text:p>
 </office:body>
</office:document>
