

<office:document  xmlns:office="http://openoffice.org/2000/office" xmlns:style="http://openoffice.org/2000/style" xmlns:text="http://openoffice.org/2000/text" xmlns:table="http://openoffice.org/2000/table" xmlns:draw="http://openoffice.org/2000/drawing" xmlns:fo="http://www.w3.org/1999/XSL/Format" xmlns:xlink="http://www.w3.org/1999/xlink" xmlns:number="http://openoffice.org/2000/datastyle" xmlns:svg="http://www.w3.org/2000/svg" xmlns:chart="http://openoffice.org/2000/chart" xmlns:dr3d="http://openoffice.org/2000/dr3d" xmlns:math="http://www.w3.org/1998/Math/MathML" xmlns:form="http://openoffice.org/2000/form" xmlns:script="http://openoffice.org/2000/script" office:class="text" office:version="1.0" xmlns:dc="http://purl.org/dc/elements/1.1/" xmlns:meta="http://openoffice.org/2000/meta" xmlns:help="http://openoffice.org/2000/help">
<office:meta>
  <dc:description>text/common/01/06010000</dc:description>
  <dc:subject>スペルチェック</dc:subject>
  <meta:keywords>
   <meta:keyword>$Version</meta:keyword>
  </meta:keywords>
  <dc:language>ja-JP</dc:language>
  <meta:user-defined meta:name="Info 0">READY</meta:user-defined>
  <meta:user-defined meta:name="Info 1">FREE_OK</meta:user-defined>
  <meta:user-defined meta:name="Info 2"/>
  <meta:user-defined meta:name="Info 3"/>
</office:meta>
 <office:script/>
 <office:font-decls>
  <style:font-decl style:name="StarSymbol" fo:font-family="StarSymbol" style:font-charset="x-symbol"/>
  <style:font-decl style:name="Courier New" fo:font-family="&apos;Courier New&apos;" style:font-style-name="Standard" style:font-family-generic="modern" style:font-pitch="fixed"/>
  <style:font-decl style:name="Courier" fo:font-family="Courier" style:font-family-generic="roman" style:font-pitch="fixed"/>
  <style:font-decl style:name="Andale WT UI3" fo:font-family="&apos;Andale WT UI&apos;" style:font-pitch="variable"/>
  <style:font-decl style:name="Arial Unicode MS" fo:font-family="&apos;Arial Unicode MS&apos;" style:font-pitch="variable"/>
  <style:font-decl style:name="HG Mincho Light J" fo:font-family="&apos;HG Mincho Light J&apos;" style:font-pitch="variable"/>
  <style:font-decl style:name="Andale WT UI" fo:font-family="&apos;Andale WT UI&apos;" style:font-style-name="Fett" style:font-family-generic="roman" style:font-pitch="variable"/>
  <style:font-decl style:name="Andale WT UI1" fo:font-family="&apos;Andale WT UI&apos;" style:font-style-name="Standard" style:font-family-generic="roman" style:font-pitch="variable"/>
  <style:font-decl style:name="Thorndale" fo:font-family="Thorndale" style:font-family-generic="roman" style:font-pitch="variable"/>
  <style:font-decl style:name="Times New Roman" fo:font-family="&apos;Times New Roman&apos;" style:font-style-name="Fett" style:font-family-generic="roman" style:font-pitch="variable"/>
  <style:font-decl style:name="Andale WT UI2" fo:font-family="&apos;Andale WT UI&apos;" style:font-family-generic="swiss" style:font-pitch="variable"/>
 </office:font-decls>
 <office:automatic-styles>
  <style:style style:name="Tabelle8" style:family="table">
   <style:properties style:width="18cm" table:align="margins"/>
  </style:style>
  <style:style style:name="Tabelle8.A" style:family="table-column">
   <style:properties style:column-width="1.499cm" style:rel-column-width="5460*"/>
  </style:style>
  <style:style style:name="Tabelle8.B" style:family="table-column">
   <style:properties style:column-width="16.501cm" style:rel-column-width="60075*"/>
  </style:style>
  <style:style style:name="Tabelle8.1" style:family="table-row">
   <style:properties style:min-row-height="0.848cm"/>
  </style:style>
  <style:style style:name="Tabelle8.A1" style:family="table-cell">
   <style:properties fo:padding="0cm" fo:border="none"/>
  </style:style>
  <style:style style:name="Tabelle2" style:family="table">
   <style:properties style:width="18cm" table:align="margins"/>
  </style:style>
  <style:style style:name="Tabelle2.A" style:family="table-column">
   <style:properties style:column-width="1.501cm" style:rel-column-width="5465*"/>
  </style:style>
  <style:style style:name="Tabelle2.B" style:family="table-column">
   <style:properties style:column-width="16.499cm" style:rel-column-width="60070*"/>
  </style:style>
  <style:style style:name="P1" style:family="paragraph" style:parent-style-name="Paragraph" style:master-page-name="HTML">
   <style:properties style:page-number="0"/>
  </style:style>
  <style:style style:name="T1" style:family="text">
   <style:properties fo:font-weight="bold"/>
  </style:style>
  <style:style style:name="fr1" style:family="graphics" style:parent-style-name="Graphics">
   <style:properties style:run-through="foreground" style:wrap="run-through" style:vertical-pos="middle" style:vertical-rel="paragraph" style:horizontal-pos="left" style:horizontal-rel="paragraph" style:mirror="none" fo:clip="rect(0cm 0cm 0cm 0cm)" draw:luminance="0%" draw:contrast="0%" draw:red="0%" draw:green="0%" draw:blue="0%" draw:gamma="1" draw:color-inversion="false" draw:transparency="-100%" draw:color-mode="standard"/>
  </style:style>
  <style:style style:name="fr2" style:family="graphics" style:parent-style-name="Graphics">
   <style:properties style:run-through="foreground" style:wrap="run-through" style:vertical-pos="top" style:vertical-rel="paragraph" style:horizontal-pos="left" style:horizontal-rel="paragraph" style:mirror="none" fo:clip="rect(0cm 0cm 0cm 0cm)" draw:luminance="0%" draw:contrast="0%" draw:red="0%" draw:green="0%" draw:blue="0%" draw:gamma="1" draw:color-inversion="false" draw:transparency="-100%" draw:color-mode="standard"/>
  </style:style>
 </office:automatic-styles>
 <office:body>
  <text:variable-decls>
   <text:variable-decl text:value-type="string" text:name="HTML_ON"/>
   <text:variable-decl text:value-type="string" text:name="HTML_OFF"/>
   <text:variable-decl text:value-type="string" text:name="TITEL"/>
   <text:variable-decl text:value-type="string" text:name="END"/>
   <text:variable-decl text:value-type="string" text:name="HREF"/>
   <text:variable-decl text:value-type="string" text:name="NAME"/>
   <text:variable-decl text:value-type="string" text:name="HelpID"/>
   <text:variable-decl text:value-type="string" text:name="MODIFY"/>
   <text:variable-decl text:value-type="string" text:name="REFNR"/>
   <text:variable-decl text:value-type="string" text:name="KEY"/>
   <text:variable-decl text:value-type="string" text:name="INDEX"/>
   <text:variable-decl text:value-type="string" text:name="OS2"/>
   <text:variable-decl text:value-type="string" text:name="ELSE"/>
   <text:variable-decl text:value-type="string" text:name="AKTHLP"/>
   <text:variable-decl text:value-type="string" text:name="MAC"/>
   <text:variable-decl text:value-type="string" text:name="HFELD"/>
   <text:variable-decl text:value-type="string" text:name="STYLE"/>
  </text:variable-decls>
  <text:sequence-decls>
   <text:sequence-decl text:display-outline-level="0" text:name="Illustration"/>
   <text:sequence-decl text:display-outline-level="0" text:name="Table"/>
   <text:sequence-decl text:display-outline-level="0" text:name="Text"/>
   <text:sequence-decl text:display-outline-level="0" text:name="Drawing"/>
  </text:sequence-decls>
  <help:to-be-embedded Eid="rechtschreibung">
  <text:p text:style-name="Head 1"><help:help-id value="FN_SPELLING_DLG"/><help:help-id value="SID_SPELLING"/><help:key-word value="スペルチェック; テキスト" tag="kw65853_1"/><help:key-word value="テキスト; スペルチェック" tag="kw65853_8"/><help:key-word value="訂正; スペルチェック" tag="kw65853_7"/><help:key-word value="スペル; ダイアログ文章校正" tag="kw65853_6"/><help:link Id="65853">スペルチェック</help:link></text:p>
  <text:p text:style-name="Paragraph"><help:to-be-embedded Eid="recht"><help:help-text value="visible">現在のドキュメントまたは選択範囲のスペルミスをチェックします。</help:help-text><help:productname>%PRODUCTNAME</help:productname> のスペルチェック機能では、ヘッダ、フッタ、索引の項目、脚注も対象に含まれます。</help:to-be-embedded>現在のカーソル位置からドキュメントまたは選択範囲の末尾方向に向かってスペルチェックが行われます。その後、ドキュメントの先頭からスペルチェックを続けるかどうか選択できます。</text:p>
  </help:to-be-embedded>
  <help:popup Id="65589" Eid="rechtschreibung"><help:embedded Id="65598" Eid="wie"></help:embedded></help:popup>
  <text:p text:style-name="Paragraph">スペルチェックでは、ミススペルのある単語が検索されたあと、必要に応じて不明な単語をユーザー辞書に追加できます。ミススペルのある単語が最初に見つかると、ダイアログ <text:span text:style-name="T1">文章校正</text:span> が開きます。</text:p>
  <text:p text:style-name="Head 3">オリジナル</text:p>
  <text:p text:style-name="Paragraph">ミススペルのある単語がボックス <text:span text:style-name="T1">単語</text:span> に表示されます。</text:p>
  <table:table table:name="Tabelle8" table:style-name="Tabelle8">
   <table:table-column table:style-name="Tabelle8.A"/>
   <table:table-column table:style-name="Tabelle8.B"/>
   <table:table-header-rows>
    <table:table-row table:style-name="Tabelle8.1">
     <table:table-cell table:style-name="Tabelle8.A1" table:value-type="string">
      <text:p text:style-name="Paragraph"><draw:image draw:name="マーク0" svg:desc="このマークの付いた段落は、作業をより速くより効率的に行うためのヒントです。" svg:pixelx="32" svg:pixely="32" svg:width="0.847cm" svg:height="0.847cm" xlink:href="66732" draw:filter-name=""/></text:p>

     </table:table-cell>
     <table:table-cell table:style-name="Tabelle8.A1" table:value-type="string">
      <text:p text:style-name="Paragraph">ボックス <text:span text:style-name="T1">単語</text:span> に元の単語を簡単に入力するには、ダイアログの上段の <text:span text:style-name="T1">表記</text:span> に表示されている単語をクリックするか、<help:switch select="System"><help:case select ="MAC">(Option)</help:case><help:default>(Alt)</help:default></help:switch>＋(O) キーを押します。</text:p>
     </table:table-cell>
    </table:table-row>
   </table:table-header-rows>
  </table:table>
  <text:p text:style-name="Head 2"><help:help-id value="SVX_LISTBOX_RID_SVXDLG_SPELLCHECK_LB_NEWWORD"/>単語</text:p>
  <text:p text:style-name="Paragraph"><help:help-text value="visible">ミススペルのある単語を直接編集するか、リスト <text:span text:style-name="T1">候補</text:span>から適切な単語を選択して <text:span text:style-name="T1">置換</text:span> をクリックします。</help:help-text></text:p>
  <text:p text:style-name="Head 2"><help:help-id value="SVX_IMAGEBUTTON_RID_SVXDLG_SPELLCHECK_IB_TEST"/>単語のチェック</text:p>
  <text:p text:style-name="Paragraph"><help:help-text value="visible">ボックス <text:span text:style-name="T1">単語</text:span> 内の単語のスペルを再確認します。</help:help-text></text:p>
  <table:table table:name="Tabelle2" table:style-name="Tabelle2">
   <table:table-column table:style-name="Tabelle2.A"/>
   <table:table-column table:style-name="Tabelle2.B"/>
   <table:table-header-rows>
    <table:table-row>
     <table:table-cell table:value-type="string">
      <text:p text:style-name="Paragraph"><draw:image draw:name="マーク1" svg:desc="マーク" svg:pixelx="25" svg:pixely="25" svg:width="0.661cm" svg:height="0.661cm" xlink:href="65746" draw:filter-name=""/></text:p>

     </table:table-cell>
     <table:table-cell table:value-type="string">
      <text:p text:style-name="Paragraph">単語のチェック</text:p>
     </table:table-cell>
    </table:table-row>
   </table:table-header-rows>
  </table:table>
  <text:p text:style-name="Head 2"><help:help-id value="SVX_LISTBOX_RID_SVXDLG_SPELLCHECK_LB_NEWWORD"/>候補</text:p>
  <text:p text:style-name="Paragraph"><help:help-text value="visible">ボックス <text:span text:style-name="T1">単語</text:span> 内のミススペルのある単語について、対応する修正候補のリストが表示されます。使用する単語を選択したあと、<text:span text:style-name="T1">置換</text:span> をクリックします。</help:help-text></text:p>
  <text:p text:style-name="Head 2"><help:help-id value="SVX_LISTBOX_RID_SVXDLG_SPELLCHECK_LB_LANGUAGE"/><help:key-word value="文章校正; 言語" tag="kw65853_5"/><help:key-word value="言語; 文書校正" tag="kw65853_4"/>言語</text:p>
  <text:p text:style-name="Paragraph"><help:help-text value="visible">スペルチェックの使用言語を指定します。言語モジュールの追加インストールまたは削除をするには、<help:productname>%PRODUCTNAME</help:productname> セットアッププログラムを実行します。</help:help-text>この設定を変更した後で単語を置換すると、新規言語がその単語の属性に割り当てられます。</text:p>
  <help:embedded Id="67899" Eid="sprachenfeld"></help:embedded>
  <text:p text:style-name="Head 2"><help:help-id value="SVX_LISTBOX_RID_SVXDLG_SPELLCHECK_LB_BOOK"/><a name="woerterbuch"/><help:key-word value="辞書; 文章校正" tag="kw65853_3"/><help:key-word value="文章校正; 辞書" tag="kw65853_2"/>辞書</text:p>
  <text:p text:style-name="Paragraph"><help:help-text value="visible">スペルチェック用のユーザー辞書を表示します。ここで選択した辞書は、ダイアログで <text:span text:style-name="T1">追加</text:span> をクリックした際に項目を登録する辞書になります。アクティブにする辞書を指定するには、ボタン <text:span text:style-name="T1">オプション</text:span> をクリックします。</help:help-text>ユーザー辞書の詳細情報については<help:link Id="65883">文章校正</help:link>を参照してください。</text:p>
  <text:p text:style-name="Head 2"><help:help-id value="SVX_PUSHBUTTON_RID_SVXDLG_SPELLCHECK_BTN_AUTOCORR"/><help:switch select="Program"><help:case select="WRITER">オートコレクト</help:case></help:switch></text:p>
  <text:p text:style-name="Paragraph"><help:switch select="Program"><help:case select="WRITER"><help:help-text value="visible">ここをクリックすると、誤った単語と修正後の単語が対になってオートコレクトに登録されます。</help:help-text> オートコレクトに関する詳しい情報</help:case></help:switch></text:p>
  <text:p text:style-name="Head 2"><help:help-id value="SVX_PUSHBUTTON_RID_SVXDLG_SPELLCHECK_BTN_THES"/>類義語辞典</text:p>
  <text:p text:style-name="Paragraph"><help:help-text value="visible">現在の単語を類義語に置き換えます。</help:help-text></text:p>
  <text:p text:style-name="Head 2"><help:help-id value="SVX_PUSHBUTTON_RID_SVXDLG_SPELLCHECK_BTN_OPTIONS"/>オプション</text:p>
  <text:p text:style-name="Paragraph"><help:help-text value="visible">ユーザー辞書の選択、スペルチェック規則の設定を行うことのできるダイアログ <help:link Id="65883">言語の選択</help:link> が開きます。</help:help-text></text:p>
  <text:p text:style-name="Head 2"><help:help-id value="SVX_PUSHBUTTON_RID_SVXDLG_SPELLCHECK_BTN_ADD"/>登録</text:p>
  <text:p text:style-name="Paragraph"><help:help-text value="visible">選択されたユーザー辞書に対して、ボックス <text:span text:style-name="T1">単語</text:span> の入力テキストを追加登録します。</help:help-text></text:p>
  <text:p text:style-name="Head 2"><help:help-id value="SVX_PUSHBUTTON_RID_SVXDLG_SPELLCHECK_BTN_IGNORE"/>無視する</text:p>
  <text:p text:style-name="Paragraph"><help:help-text value="visible"> <text:span text:style-name="T1">無視</text:span> ボタンをクリックするとその単語は修正されず、スペルチェックが継続されます。</help:help-text></text:p>
  <text:p text:style-name="Head 2"><help:help-id value="SVX_PUSHBUTTON_RID_SVXDLG_SPELLCHECK_BTN_IGNOREALL"/>常に無視する</text:p>
  <text:p text:style-name="Paragraph"><help:help-text value="visible">ここをクリックすると、その単語が修正されることはありません。この単語がテキスト中の他の箇所で出てきても、もう一度質問されることなく自動的に通り過ぎます。</help:help-text></text:p>
  <text:p text:style-name="Head 2"><help:help-id value="SVX_PUSHBUTTON_RID_SVXDLG_SPELLCHECK_BTN_CHANGE"/>置換する</text:p>
  <text:p text:style-name="Paragraph"><help:help-text value="visible"> <text:span text:style-name="T1">置換</text:span> ボタンを選択すると、入力した単語か、リストボックスで選んだ単語とその単語が置き換えられます。</help:help-text></text:p>
  <text:p text:style-name="Head 2"><help:help-id value="SVX_PUSHBUTTON_RID_SVXDLG_SPELLCHECK_BTN_CHANGEALL"/>つねに置換する</text:p>
  <text:p text:style-name="Paragraph"><help:help-text value="visible">その単語を常に入力した単語か選択した単語と置換するには、ここをクリックします。その間違った単語が何度も同じドキュメントに出てくる場合は、もう一度質問されることなく自動的に置換されます。</help:help-text></text:p>
  <text:p text:style-name="Head 2"><help:help-id value="SVX_CHECKBOX_RID_SVXDLG_SPELLCHECK_CB_BACKWD"/>戻る</text:p>
  <text:p text:style-name="Paragraph"><help:help-text value="visible">現在のカーソル位置からドキュメントの先頭方向にスペルミスを検索します。</help:help-text></text:p>
  <help:embedded Id="65630" Eid="schliessen"></help:embedded>
  <text:p text:style-name="Head 3">ステイタス行</text:p>
  <text:p text:style-name="Paragraph">スペルチェックの中断理由が表示されます。</text:p>
  <a name="end"/>
  <a name="unbekannt"/>
  <text:p text:style-name="ParaList"><help:embedded Id="65598" Eid="related"></help:embedded></text:p>
  <text:p text:style-name="ParaList"><help:link Id="65726"></help:link></text:p>
 </office:body>
</office:document>
