

<office:document  xmlns:office="http://openoffice.org/2000/office" xmlns:style="http://openoffice.org/2000/style" xmlns:text="http://openoffice.org/2000/text" xmlns:table="http://openoffice.org/2000/table" xmlns:draw="http://openoffice.org/2000/drawing" xmlns:fo="http://www.w3.org/1999/XSL/Format" xmlns:xlink="http://www.w3.org/1999/xlink" xmlns:number="http://openoffice.org/2000/datastyle" xmlns:svg="http://www.w3.org/2000/svg" xmlns:chart="http://openoffice.org/2000/chart" xmlns:dr3d="http://openoffice.org/2000/dr3d" xmlns:math="http://www.w3.org/1998/Math/MathML" xmlns:form="http://openoffice.org/2000/form" xmlns:script="http://openoffice.org/2000/script" office:class="text" office:version="1.0" xmlns:dc="http://purl.org/dc/elements/1.1/" xmlns:meta="http://openoffice.org/2000/meta" xmlns:help="http://openoffice.org/2000/help">
<office:meta>
  <dc:description>text/common/01/06040100</dc:description>
  <dc:subject>オプション</dc:subject>

  <dc:language>ja-JP</dc:language>
  <meta:user-defined meta:name="Info 0">READY</meta:user-defined>
  <meta:user-defined meta:name="Info 1">FREE_OK</meta:user-defined>
  <meta:user-defined meta:name="Info 2"/>
  <meta:user-defined meta:name="Info 3"/>
</office:meta>
 <office:script/>
 <office:font-decls>
  <style:font-decl style:name="StarSymbol" fo:font-family="StarSymbol" style:font-charset="x-symbol"/>
  <style:font-decl style:name="Courier New" fo:font-family="&apos;Courier New&apos;" style:font-style-name="Standard" style:font-family-generic="modern" style:font-pitch="fixed"/>
  <style:font-decl style:name="Andale WT UI" fo:font-family="&apos;Andale WT UI&apos;" style:font-family-generic="roman" style:font-pitch="fixed"/>
  <style:font-decl style:name="Andale WT UI4" fo:font-family="&apos;Andale WT UI&apos;" style:font-pitch="variable"/>
  <style:font-decl style:name="Arial Unicode MS" fo:font-family="&apos;Arial Unicode MS&apos;" style:font-pitch="variable"/>
  <style:font-decl style:name="Courier New1" fo:font-family="&apos;Courier New&apos;" style:font-pitch="variable"/>
  <style:font-decl style:name="HG Mincho Light J" fo:font-family="&apos;HG Mincho Light J&apos;" style:font-pitch="variable"/>
  <style:font-decl style:name="Andale WT UI1" fo:font-family="&apos;Andale WT UI&apos;" style:font-style-name="Fett" style:font-family-generic="roman" style:font-pitch="variable"/>
  <style:font-decl style:name="Andale WT UI2" fo:font-family="&apos;Andale WT UI&apos;" style:font-style-name="Standard" style:font-family-generic="roman" style:font-pitch="variable"/>
  <style:font-decl style:name="Thorndale" fo:font-family="Thorndale" style:font-family-generic="roman" style:font-pitch="variable"/>
  <style:font-decl style:name="Times New Roman" fo:font-family="&apos;Times New Roman&apos;" style:font-style-name="Fett" style:font-family-generic="roman" style:font-pitch="variable"/>
  <style:font-decl style:name="Andale WT UI3" fo:font-family="&apos;Andale WT UI&apos;" style:font-family-generic="swiss" style:font-pitch="variable"/>
 </office:font-decls>
 <office:automatic-styles>
  <style:style style:name="Tabelle3" style:family="table">
   <style:properties style:width="18cm" table:align="margins"/>
  </style:style>
  <style:style style:name="Tabelle3.A" style:family="table-column">
   <style:properties style:column-width="1.499cm" style:rel-column-width="5461*"/>
  </style:style>
  <style:style style:name="Tabelle3.B" style:family="table-column">
   <style:properties style:column-width="16.501cm" style:rel-column-width="60074*"/>
  </style:style>
  <style:style style:name="Tabelle1" style:family="table">
   <style:properties style:width="18cm" table:align="margins"/>
  </style:style>
  <style:style style:name="Tabelle1.A" style:family="table-column">
   <style:properties style:column-width="1.499cm" style:rel-column-width="5461*"/>
  </style:style>
  <style:style style:name="Tabelle1.B" style:family="table-column">
   <style:properties style:column-width="16.501cm" style:rel-column-width="60074*"/>
  </style:style>
  <style:style style:name="Tabelle2" style:family="table">
   <style:properties style:width="17.995cm" fo:margin-left="0cm" fo:margin-right="0.005cm" table:align="margins"/>
  </style:style>
  <style:style style:name="Tabelle2.A" style:family="table-column">
   <style:properties style:column-width="2.293cm" style:rel-column-width="8353*"/>
  </style:style>
  <style:style style:name="Tabelle2.B" style:family="table-column">
   <style:properties style:column-width="15.702cm" style:rel-column-width="57182*"/>
  </style:style>
  <style:style style:name="P1" style:family="paragraph" style:parent-style-name="Paragraph" style:master-page-name="HTML">
   <style:properties style:page-number="0"/>
  </style:style>
  <style:style style:name="T1" style:family="text">
   <style:properties fo:font-weight="bold"/>
  </style:style>
  <style:style style:name="fr1" style:family="graphics" style:parent-style-name="Graphics">
   <style:properties style:run-through="foreground" style:wrap="run-through" style:vertical-pos="top" style:vertical-rel="paragraph" style:horizontal-pos="left" style:horizontal-rel="paragraph" style:mirror="none" fo:clip="rect(0cm 0cm 0cm 0cm)" draw:luminance="0%" draw:contrast="0%" draw:red="0%" draw:green="0%" draw:blue="0%" draw:gamma="1" draw:color-inversion="false" draw:transparency="-100%" draw:color-mode="standard"/>
  </style:style>
 </office:automatic-styles>
 <office:body>
  <text:variable-decls>
   <text:variable-decl text:value-type="string" text:name="HTML_ON"/>
   <text:variable-decl text:value-type="string" text:name="HTML_OFF"/>
   <text:variable-decl text:value-type="string" text:name="HREF"/>
   <text:variable-decl text:value-type="string" text:name="END"/>
   <text:variable-decl text:value-type="string" text:name="TITEL"/>
   <text:variable-decl text:value-type="string" text:name="NAME"/>
   <text:variable-decl text:value-type="string" text:name="HelpID"/>
   <text:variable-decl text:value-type="string" text:name="MODIFY"/>
   <text:variable-decl text:value-type="string" text:name="REFNR"/>
   <text:variable-decl text:value-type="string" text:name="OS2"/>
   <text:variable-decl text:value-type="string" text:name="ELSE"/>
   <text:variable-decl text:value-type="string" text:name="HFELD"/>
   <text:variable-decl text:value-type="string" text:name="INDEX"/>
   <text:variable-decl text:value-type="string" text:name="MAC"/>
   <text:variable-decl text:value-type="string" text:name="WIN"/>
   <text:variable-decl text:value-type="string" text:name="KEY"/>
   <text:variable-decl text:value-type="string" text:name="AKTHLP"/>
   <text:variable-decl text:value-type="string" text:name="UNIX"/>
   <text:variable-decl text:value-type="string" text:name="STYLE"/>
  </text:variable-decls>
  <text:sequence-decls>
   <text:sequence-decl text:display-outline-level="0" text:name="Illustration"/>
   <text:sequence-decl text:display-outline-level="0" text:name="Table"/>
   <text:sequence-decl text:display-outline-level="0" text:name="Text"/>
   <text:sequence-decl text:display-outline-level="0" text:name="Drawing"/>
  </text:sequence-decls>
  <help:to-be-embedded Eid="optionen">
  <text:p text:style-name="Head 1"><help:help-id value="HID_OFAPAGE_AUTOCORR_CLB"/><help:help-id value="HID_OFAPAGE_AUTOCORR_OPTIONS"/><help:help-id value="HID_OFAPAGE_AUTOFMT_OPTIONS"/><help:help-id value="HID_OFAPAGE_AUTOFORMAT_CLB"/><help:key-word value="オートコレクト; オプション" tag="kw65826_1"/><help:link Id="65826">オプション</help:link></text:p>
  <text:p text:style-name="Paragraph"><help:help-text value="visible">入力中のミスの自動訂正に関するオプションを選択したあと、<text:span text:style-name="T1">OK</text:span> をクリックします。</help:help-text></text:p>
  </help:to-be-embedded>
  <help:popup Id="65589" Eid="autokooptionen"><help:embedded Id="65598" Eid="wie"></help:embedded></help:popup>
  <text:p text:style-name="Paragraph"><help:switch select="Program"><help:case select="WRITER">文書ドキュメントでのオートコレクト項目は、ユーザーによるテキスト入力時に適用させるか [T]、メニュー <text:span text:style-name="T1">書式 → オートフォーマット → 適用</text:span> による既存テキストの修正対象とするか [M] を設定できます。</help:case></help:switch></text:p>
  <text:p text:style-name="Head 3"><help:key-word value="置換テーブル; オートコレクト" tag="kw65826_51"/><help:key-word value="オートコレクト; 置換テーブル" tag="kw65826_50"/><help:key-word value="単語の置換; 自動置換" tag="kw65826_49"/><help:key-word value="単語; 自動置換" tag="kw65826_48"/><help:key-word value="単語; 略号の置換" tag="kw65826_47"/><help:key-word value="略号; 自動置換" tag="kw65826_46"/>置換テーブルの使用</text:p>
  <text:p text:style-name="Paragraph"><help:link Id="65876">置換リスト</help:link> 内のショートカットに一致する文字の組み合わせを入力したあと、F3 キーを押すと、その文字がダイアログ <text:span text:style-name="T1">入力支援 F3</text:span> で指定したテキストに置換されます。</text:p>
  <text:p text:style-name="Head 3"><help:key-word value="大文字; オートコレクト" tag="kw65826_45"/><help:key-word value="オートコレクト; 大文字" tag="kw65826_44"/>２つの大文字で始まる単語の修正</text:p>
  <text:p text:style-name="Paragraph">「WOrd」など、先頭の 2 文字に大文字を入力すると、2 番目の大文字が自動的に小文字に変換されます。</text:p>
  <text:p text:style-name="Head 3">すべての文を大文字で始める</text:p>
  <text:p text:style-name="Paragraph">すべての文の冒頭文字を大文字にします。</text:p>
  <text:p text:style-name="Head 3"><help:key-word value="太字; オートフォーマット" tag="kw65826_43"/><help:key-word value="下線; オートフォーマット" tag="kw65826_42"/>自動的に *太字* を太字に _下線_ を下線付きに</text:p>
  <text:p text:style-name="Paragraph">*bold* など、アスタリスク (*) で囲んだテキストに太字書式を自動的に適用し、下線 (_) で囲んだテキストに下線書式を自動的に適用します。書式適用後、このアスタリスクと下線は表示されなくなります。</text:p>
  <table:table table:name="Tabelle3" table:style-name="Tabelle3">
   <table:table-column table:style-name="Tabelle3.A"/>
   <table:table-column table:style-name="Tabelle3.B"/>
   <table:table-header-rows>
    <table:table-row>
     <table:table-cell table:value-type="string">
      <text:p text:style-name="Paragraph"><draw:image draw:name="マーク0" svg:desc="ノート" svg:pixelx="32" svg:pixely="32" svg:width="0.847cm" svg:height="0.847cm" xlink:href="65980" draw:filter-name=""/></text:p>

     </table:table-cell>
     <table:table-cell table:value-type="string">
      <text:p text:style-name="Paragraph"><help:popup Id="65619" Eid="ime">Input Method Editor</help:popup>で書式設定記号の * や _ を入力した場合、この機能は働きません。</text:p>
     </table:table-cell>
    </table:table-row>
   </table:table-header-rows>
  </table:table>
  <text:p text:style-name="Head 3"><help:key-word value="URL; オートコレクト" tag="kw65826_41"/><help:key-word value="オートコレクト; URL" tag="kw65826_40"/><help:key-word value="ハイパーリンク; 自動識別" tag="kw65826_39"/><help:key-word value="リンク; 自動識別" tag="kw65826_38"/>URL 識別</text:p>
  <text:p text:style-name="Paragraph"><help:popup Id="65629" Eid="url">URL</help:popup> を入力したときに、ハイパーリンクを自動的に作成します。</text:p>
  <text:p text:style-name="Head 3"><help:key-word value="1/2; オートコレクト" tag="kw65826_37"/><help:key-word value="オートコレクト; 1/2" tag="kw65826_36"/>1/2 ...を ½ ...に置換</text:p>
  <text:p text:style-name="Paragraph">1/2、1/4、3/4 などを対応する分数文字に変換します。</text:p>
  <text:p text:style-name="Head 3">1st ...を 1^st ...に置換</text:p>
  <text:p text:style-name="Paragraph">1st、2nd、3rd のような序数の文字を上付き文字で表示します。</text:p>
  <text:p text:style-name="Head 3"><help:switch select="System"><help:case select ="UNIX"></help:case><help:default><help:key-word value="ダッシュ; オートコレクト" tag="kw65826_35"/><help:key-word value="オートコレクト; ダッシュ" tag="kw65826_34"/>ダッシュに置換</help:default></help:switch></text:p>
  <text:p text:style-name="Paragraph"><help:switch select="System"><help:case select ="UNIX"></help:case><help:default>マイナス記号をダッシュに変える場合には、このボックスを選択します。</help:default></help:switch></text:p>
  <text:p text:style-name="Head 3"><help:switch select="Program"><help:case select="WRITER">段落頭と段落末のスペースとタブの削除</help:case></help:switch></text:p>
  <text:p text:style-name="Paragraph"><help:switch select="Program"><help:case select="WRITER">段落先頭の空白とタブを削除します。このオプションを使用するには、オプション <text:span text:style-name="T1">段落スタイルの適用</text:span> も選択する必要があります。</help:case></help:switch></text:p>
  <text:p text:style-name="Head 3"><help:switch select="Program"><help:case select="WRITER">行頭行末間のスペースとタブの削除</help:case></help:switch></text:p>
  <text:p text:style-name="Paragraph"><help:switch select="Program"><help:case select="WRITER">各行頭の空白とタブを削除します。このオプションを使用するには、オプション <text:span text:style-name="T1">段落スタイルの適用</text:span> も選択する必要があります。</help:case></help:switch></text:p>
  <text:p text:style-name="Head 3"><help:key-word value="スペース; ダブル　無視する" tag="kw65826_33"/><help:key-word value="オートコレクト; スペース" tag="kw65826_32"/>ダブルスペースを無視する</text:p>
  <text:p text:style-name="Paragraph">2 つ以上の連続する空白をひとつの空白に変換します。</text:p>
  <text:p text:style-name="Head 3"><help:switch select="Program"><help:case select="WRITER"><help:key-word value="自動的な番号付け; オートコレクト" tag="kw65826_31"/><help:key-word value="番号付け; 自動的な使用" tag="kw65826_30"/><help:key-word value="箇条書き; 自動的な使用" tag="kw65826_29"/><help:key-word value="自動的な箇条書き" tag="kw65826_28"/><help:key-word value="オートコレクト; 番号付け" tag="kw65826_27"/><help:key-word value="段落; 自動的な番号付け" tag="kw65826_26"/><help:key-word value="自動的な番号付け; 段落" tag="kw65826_25"/>箇条書きの適用</help:case></help:switch></text:p>
  <text:p text:style-name="Paragraph"><help:switch select="Program"><help:case select="WRITER">先頭の番号のあと、ピリオド、空白、テキストが続く行の末尾で Enter キーを押したときに、番号付けリストを自動的に作成します。先頭にハイフン (-)、プラス記号 (+)、またはアスタリスク (*) のあと、空白、テキストが続く行で Enter キーを押すと、箇条書きリストが作成されます。</help:case></help:switch></text:p>
  <text:p text:style-name="Paragraph"><help:switch select="Program"><help:case select="WRITER">自動番号付け機能を解除するには、先頭に番号付け記号のある行の末尾で Enter キーを押したあと、もう一度 Enter キーを押します。</help:case></help:switch></text:p>
  <help:switch select="Program"><help:case select="WRITER">
  <table:table table:name="Tabelle1" table:style-name="Tabelle1">
   <table:table-column table:style-name="Tabelle1.A"/>
   <table:table-column table:style-name="Tabelle1.B"/>
   <table:table-header-rows>
    <table:table-row>
     <table:table-cell table:value-type="string">
      <text:p text:style-name="Paragraph"><draw:image draw:name="マーク1" svg:desc="ヒント" svg:pixelx="32" svg:pixely="32" svg:width="0.847cm" svg:height="0.847cm" xlink:href="66732" draw:filter-name=""/></text:p>

     </table:table-cell>
     <table:table-cell table:value-type="string">
      <text:p text:style-name="Paragraph">自動番号付け機能が適用されるのは、「標準」、「本文」、「本文インデント」の段落スタイルで書式設定された段落だけです。</text:p>
     </table:table-cell>
    </table:table-row>
   </table:table-header-rows>
  </table:table>
  </help:case></help:switch>
  <text:p text:style-name="Head 3"><help:switch select="Program"><help:case select="WRITER"><help:key-word value="外枠; オートコレクトで付ける" tag="kw65826_24"/><help:key-word value="オートコレクト; 外枠を付ける" tag="kw65826_23"/>外枠を付ける</help:case></help:switch></text:p>
  <text:p text:style-name="Paragraph"><help:switch select="Program"><help:case select="WRITER">3 つ以上の特定文字を入力して Enter を押したときに、自動的に前の段落の基線に外枠を付けます。単一線を引く場合には、3 つ以上のハイフン (-) または下線 (_) を入力したあと、Enter キーを押します。二重線を引く場合には、等号 (=)、アスタリスク (*)、チルダ (~)、またはハッシュマーク (#) を 3 つ以上入力したあと、Enter キーを押します。</help:case></help:switch>次表に、各文字に対応する線の太さを示します。</text:p>
  <help:switch select="Program"><help:case select="WRITER">
  <table:table table:name="Tabelle2" table:style-name="Tabelle2">
   <table:table-column table:style-name="Tabelle2.A"/>
   <table:table-column table:style-name="Tabelle2.B"/>
   <table:table-header-rows>
    <table:table-row>
     <table:table-cell table:value-type="string">
      <text:p text:style-name="Paragraph">---</text:p>
     </table:table-cell>
     <table:table-cell table:value-type="string">
      <text:p text:style-name="Paragraph">0.5pt シングルアンダースコア</text:p>
     </table:table-cell>
    </table:table-row>
   </table:table-header-rows>
   <table:table-row>
    <table:table-cell table:value-type="string">
     <text:p text:style-name="Paragraph">___</text:p>
    </table:table-cell>
    <table:table-cell table:value-type="string">
     <text:p text:style-name="Paragraph">1.0 pt シングルアンダースコア</text:p>
    </table:table-cell>
   </table:table-row>
   <table:table-row>
    <table:table-cell table:value-type="string">
     <text:p text:style-name="Paragraph">===</text:p>
    </table:table-cell>
    <table:table-cell table:value-type="string">
     <text:p text:style-name="Paragraph">1.1 pt ダブルアンダースコア</text:p>
    </table:table-cell>
   </table:table-row>
   <table:table-row>
    <table:table-cell table:value-type="string">
     <text:p text:style-name="Paragraph">***</text:p>
    </table:table-cell>
    <table:table-cell table:value-type="string">
     <text:p text:style-name="Paragraph">4.5 pt ダブルアンダースコア</text:p>
    </table:table-cell>
   </table:table-row>
   <table:table-row>
    <table:table-cell table:value-type="string">
     <text:p text:style-name="Paragraph">~~~</text:p>
    </table:table-cell>
    <table:table-cell table:value-type="string">
     <text:p text:style-name="Paragraph">6.0pt ダブルアンダースコア</text:p>
    </table:table-cell>
   </table:table-row>
   <table:table-row>
    <table:table-cell table:value-type="string">
     <text:p text:style-name="Paragraph">###</text:p>
    </table:table-cell>
    <table:table-cell table:value-type="string">
     <text:p text:style-name="Paragraph">9.0pt ダブルアンダースコア</text:p>
    </table:table-cell>
   </table:table-row>
  </table:table>
  </help:case></help:switch>
  <text:p text:style-name="Head 3"><help:switch select="Program"><help:case select="WRITER"><help:key-word value="表; 自動作成" tag="kw65826_22"/><help:key-word value="表; 作成" tag="kw65826_21"/><help:key-word value="オートコレクト; 表の作成" tag="kw65826_20"/>表の作成</help:case></help:switch></text:p>
  <text:p text:style-name="Paragraph"><help:switch select="Program"><help:case select="WRITER">表を作成する場合は、一連のハイフン (-) またはタブをプラス記号で区切って入力したあと (+------+---+など)、Enter キーを押します。プラス記号が列の境界線を示し、ハイフンとタブの数が列幅に対応します。</help:case></help:switch></text:p>
  <text:p text:style-name="PropText"><help:switch select="Program"><help:case select="WRITER">+-----------------+---------------+------+</help:case></help:switch></text:p>
  <a name="end"/>
  <text:p text:style-name="Head 3"><help:switch select="Program"><help:case select="WRITER"><help:key-word value="見出し; 自動的に書式設定" tag="kw65826_19"/><help:key-word value="スタイル; 自動的に適用" tag="kw65826_18"/><help:key-word value="オートコレクト; スタイルの適用" tag="kw65826_17"/>スタイルの適用</help:case></help:switch></text:p>
  <text:p text:style-name="Paragraph"><help:switch select="Program"><help:case select="WRITER">「標準」段落スタイルを見出し 1 ～見出し 8 の段落スタイルに自動的に置換します。見出し 1 段落スタイルを適用するには、見出しとして使用するテキストを入力し (ピリオドは入力しません)、Enter キーを 2 回を押します。小見出しを適用する場合は、Tab を 1 回以上押してから、テキストを入力し (ピリオドは入力しません)、Enter キーを押します。</help:case></help:switch></text:p>
  <text:p text:style-name="Head 3"><help:switch select="Program"><help:case select="WRITER"><help:key-word value="オートコレクト; 空白の段落を削除" tag="kw65826_16"/><help:key-word value="空白の段落を削除; オートコレクト" tag="kw65826_15"/><help:key-word value="段落; 空白の段落を自動的に削除" tag="kw65826_14"/>空白の段落を削除</help:case></help:switch></text:p>
  <text:p text:style-name="Paragraph"><help:switch select="Program"><help:case select="WRITER">メニュー <text:span text:style-name="T1">書式 → オートフォーマット → 適用</text:span> を選択した際に、現在のドキュメントから空白の段落を削除します。</help:case></help:switch></text:p>
  <text:p text:style-name="Head 3"><help:switch select="Program"><help:case select="WRITER"><help:key-word value="オートコレクト; ユーザー定義のスタイルを置換" tag="kw65826_13"/><help:key-word value="ユーザー定義のスタイル; 自動的に置換" tag="kw65826_12"/><help:key-word value="スタイル; 自動的に置換" tag="kw65826_11"/>ユーザー定義のスタイルを置換</help:case></help:switch></text:p>
  <text:p text:style-name="Paragraph"><help:switch select="Program"><help:case select="WRITER">現在開いているドキュメント内のユーザー独自の段落スタイルを、「標準」、「本文」、「本文インデント」のいずれかの段落スタイルに変換します。</help:case></help:switch></text:p>
  <text:p text:style-name="Head 3"><help:switch select="Program"><help:case select="WRITER"><help:key-word value="箇条書きや段落番号に使う記号; 置換" tag="kw65826_10"/><help:key-word value="箇条書き; 置換" tag="kw65826_9"/><help:key-word value="オートコレクト; 箇条書き" tag="kw65826_8"/>置換後の箇条書き記号</help:case></help:switch></text:p>
  <text:p text:style-name="Paragraph"><help:switch select="Program"><help:case select="WRITER">先頭部がハイフン (-)、プラス (+)、アスタリスク (*) に続けて半角スペースないしタブで始まる段落は、自動的に箇条書きリストに変換されます。この機能が働くのは、段落スタイルが「標準」「本文」「本文インデント」である段落に限られます。使用する箇条書きスタイルを変更するには、このオプションを選択したあと、<text:span text:style-name="T1">編集</text:span> をクリックします。</help:case></help:switch></text:p>
  <text:p text:style-name="Head 3"><help:switch select="Program"><help:case select="WRITER"><help:key-word value="クォテーションマーク; 置換" tag="kw65826_7"/><help:key-word value="印刷用クォテーションマーク; %PRODUCTNAME Writer" tag="kw65826_6"/><help:key-word value="オートコレクト; クォテーションマーク" tag="kw65826_5"/>「コンピュータ用」クォテーションマークを「印刷用」に置換</help:case></help:switch></text:p>
  <text:p text:style-name="Paragraph"><help:switch select="Program"><help:case select="WRITER">テキスト内のクォーテーションマークをこのダイアログの見出し <help:link Id="65715">印刷用クォーテーションマーク</help:link> で指定するクォーテーションマークに変換します。</help:case></help:switch></text:p>
  <text:p text:style-name="Head 3"><help:switch select="Program"><help:case select="WRITER"><help:key-word value="段落; 接合" tag="kw65826_4"/><help:key-word value="接合：段落" tag="kw65826_3"/><help:key-word value="オートコレクト; 段落を接合" tag="kw65826_2"/>長さが次の値より短い１行段落を接合行の接合</help:case></help:switch></text:p>
  <text:p text:style-name="Paragraph"><help:switch select="Program"><help:case select="WRITER">連続する 1 行の段落をひとつの段落にまとめます。この機能が適用されるのは、「標準」段落スタイルを使用する段落に限られます。指定値より長い段落を次の段落と結合します。基準とする長さを変更するには、このオプションを選択したあと、<text:span text:style-name="T1">編集</text:span> をクリックします。</help:case></help:switch></text:p>
  <text:p text:style-name="Head 2"><help:help-id value="OFFMGR_PUSHBUTTON_RID_OFAPAGE_AUTOFMT_APPLY_PB_EDIT"/><help:switch select="Program"><help:case select="WRITER">編集....</help:case></help:switch></text:p>
  <text:p text:style-name="Paragraph"><help:switch select="Program"><help:case select="WRITER"><help:help-text value="visible">選択したオートコレクトオプションを変更します。</help:help-text></help:case></help:switch></text:p>
 </office:body>
</office:document>
