

<office:document  xmlns:office="http://openoffice.org/2000/office" xmlns:style="http://openoffice.org/2000/style" xmlns:text="http://openoffice.org/2000/text" xmlns:table="http://openoffice.org/2000/table" xmlns:draw="http://openoffice.org/2000/drawing" xmlns:fo="http://www.w3.org/1999/XSL/Format" xmlns:xlink="http://www.w3.org/1999/xlink" xmlns:number="http://openoffice.org/2000/datastyle" xmlns:svg="http://www.w3.org/2000/svg" xmlns:chart="http://openoffice.org/2000/chart" xmlns:dr3d="http://openoffice.org/2000/dr3d" xmlns:math="http://www.w3.org/1998/Math/MathML" xmlns:form="http://openoffice.org/2000/form" xmlns:script="http://openoffice.org/2000/script" office:class="text" office:version="1.0" xmlns:dc="http://purl.org/dc/elements/1.1/" xmlns:meta="http://openoffice.org/2000/meta" xmlns:help="http://openoffice.org/2000/help">
<office:meta>
  <dc:description>text/common/01/06150120</dc:description>
  <dc:subject>変換</dc:subject>
  <meta:keywords>
   <meta:keyword>$Version</meta:keyword>
  </meta:keywords>
  <dc:language>ja-JP</dc:language>
  <meta:user-defined meta:name="Info 0">READY</meta:user-defined>
  <meta:user-defined meta:name="Info 1">FREE</meta:user-defined>
  <meta:user-defined meta:name="Info 2"/>
  <meta:user-defined meta:name="Info 3"/>
</office:meta>
 <office:script/>
 <office:font-decls>
  <style:font-decl style:name="StarSymbol" fo:font-family="StarSymbol" style:font-charset="x-symbol"/>
  <style:font-decl style:name="Courier New" fo:font-family="&apos;Courier New&apos;" style:font-style-name="Standard" style:font-family-generic="modern" style:font-pitch="fixed"/>
  <style:font-decl style:name="Andale WT UI3" fo:font-family="&apos;Andale WT UI&apos;" style:font-family-generic="roman" style:font-pitch="fixed"/>
  <style:font-decl style:name="Andale WT UI4" fo:font-family="&apos;Andale WT UI&apos;" style:font-pitch="variable"/>
  <style:font-decl style:name="Arial Unicode MS" fo:font-family="&apos;Arial Unicode MS&apos;" style:font-pitch="variable"/>
  <style:font-decl style:name="Courier New1" fo:font-family="&apos;Courier New&apos;" style:font-pitch="variable"/>
  <style:font-decl style:name="HG Mincho Light J" fo:font-family="&apos;HG Mincho Light J&apos;" style:font-pitch="variable"/>
  <style:font-decl style:name="Times New Roman3" fo:font-family="&apos;Times New Roman&apos;" style:font-pitch="variable"/>
  <style:font-decl style:name="Andale WT UI" fo:font-family="&apos;Andale WT UI&apos;" style:font-style-name="Fett" style:font-family-generic="roman" style:font-pitch="variable"/>
  <style:font-decl style:name="Andale WT UI1" fo:font-family="&apos;Andale WT UI&apos;" style:font-style-name="Standard" style:font-family-generic="roman" style:font-pitch="variable"/>
  <style:font-decl style:name="Thorndale" fo:font-family="Thorndale" style:font-family-generic="roman" style:font-pitch="variable"/>
  <style:font-decl style:name="Times New Roman2" fo:font-family="&apos;Times New Roman&apos;" style:font-style-name="Fett" style:font-family-generic="roman" style:font-pitch="variable"/>
  <style:font-decl style:name="Times New Roman" fo:font-family="&apos;Times New Roman&apos;" style:font-style-name="Standard" style:font-family-generic="roman" style:font-pitch="variable"/>
  <style:font-decl style:name="Andale WT UI2" fo:font-family="&apos;Andale WT UI&apos;" style:font-family-generic="swiss" style:font-pitch="variable"/>
  <style:font-decl style:name="Times New Roman1" fo:font-family="&apos;Times New Roman&apos;" style:font-family-generic="swiss" style:font-pitch="variable"/>
 </office:font-decls>
 <office:automatic-styles>
  <style:style style:name="P1" style:family="paragraph" style:parent-style-name="Paragraph" style:master-page-name="HTML">
   <style:properties style:page-number="0"/>
  </style:style>
  <style:style style:name="P2" style:family="paragraph" style:parent-style-name="Paragraph" style:list-style-name="L1"/>
  <style:style style:name="T1" style:family="text">
   <style:properties fo:font-weight="bold"/>
  </style:style>
  <text:list-style style:name="L1">
   <text:list-level-style-bullet text:level="1" text:style-name="Bullet Symbols" style:num-suffix="." text:bullet-char="•">
    <style:properties text:min-label-width="0.499cm" style:font-name="StarSymbol"/>
   </text:list-level-style-bullet>
   <text:list-level-style-bullet text:level="2" text:style-name="Bullet Symbols" style:num-suffix="." text:bullet-char="•">
    <style:properties text:space-before="0.501cm" text:min-label-width="0.499cm" style:font-name="StarSymbol"/>
   </text:list-level-style-bullet>
   <text:list-level-style-bullet text:level="3" text:style-name="Bullet Symbols" style:num-suffix="." text:bullet-char="•">
    <style:properties text:space-before="1cm" text:min-label-width="0.499cm" style:font-name="StarSymbol"/>
   </text:list-level-style-bullet>
   <text:list-level-style-bullet text:level="4" text:style-name="Bullet Symbols" style:num-suffix="." text:bullet-char="•">
    <style:properties text:space-before="1.501cm" text:min-label-width="0.499cm" style:font-name="StarSymbol"/>
   </text:list-level-style-bullet>
   <text:list-level-style-bullet text:level="5" text:style-name="Bullet Symbols" style:num-suffix="." text:bullet-char="•">
    <style:properties text:space-before="2cm" text:min-label-width="0.499cm" style:font-name="StarSymbol"/>
   </text:list-level-style-bullet>
   <text:list-level-style-bullet text:level="6" text:style-name="Bullet Symbols" style:num-suffix="." text:bullet-char="•">
    <style:properties text:space-before="2.501cm" text:min-label-width="0.499cm" style:font-name="StarSymbol"/>
   </text:list-level-style-bullet>
   <text:list-level-style-bullet text:level="7" text:style-name="Bullet Symbols" style:num-suffix="." text:bullet-char="•">
    <style:properties text:space-before="3.001cm" text:min-label-width="0.499cm" style:font-name="StarSymbol"/>
   </text:list-level-style-bullet>
   <text:list-level-style-bullet text:level="8" text:style-name="Bullet Symbols" style:num-suffix="." text:bullet-char="•">
    <style:properties text:space-before="3.502cm" text:min-label-width="0.499cm" style:font-name="StarSymbol"/>
   </text:list-level-style-bullet>
   <text:list-level-style-bullet text:level="9" text:style-name="Bullet Symbols" style:num-suffix="." text:bullet-char="•">
    <style:properties text:space-before="4.001cm" text:min-label-width="0.499cm" style:font-name="StarSymbol"/>
   </text:list-level-style-bullet>
   <text:list-level-style-bullet text:level="10" text:style-name="Bullet Symbols" style:num-suffix="." text:bullet-char="•">
    <style:properties text:space-before="4.502cm" text:min-label-width="0.499cm" style:font-name="StarSymbol"/>
   </text:list-level-style-bullet>
  </text:list-style>
 </office:automatic-styles>
 <office:body>
  <text:variable-decls>
   <text:variable-decl text:value-type="string" text:name="HTML_ON"/>
   <text:variable-decl text:value-type="string" text:name="HTML_OFF"/>
   <text:variable-decl text:value-type="string" text:name="TITEL"/>
   <text:variable-decl text:value-type="string" text:name="END"/>
   <text:variable-decl text:value-type="string" text:name="OS2"/>
   <text:variable-decl text:value-type="string" text:name="ELSE"/>
   <text:variable-decl text:value-type="string" text:name="HREF"/>
   <text:variable-decl text:value-type="string" text:name="MAC"/>
   <text:variable-decl text:value-type="string" text:name="NAME"/>
   <text:variable-decl text:value-type="string" text:name="HelpID"/>
   <text:variable-decl text:value-type="string" text:name="REFNR"/>
   <text:variable-decl text:value-type="string" text:name="HFELD"/>
   <text:variable-decl text:value-type="string" text:name="AKTHLP"/>
   <text:variable-decl text:value-type="string" text:name="KEY"/>
   <text:variable-decl text:value-type="string" text:name="INDEX"/>
   <text:variable-decl text:value-type="string" text:name="MODIFY"/>
   <text:variable-decl text:value-type="string" text:name="STYLE"/>
  </text:variable-decls>
  <text:sequence-decls>
   <text:sequence-decl text:display-outline-level="0" text:name="Illustration"/>
   <text:sequence-decl text:display-outline-level="0" text:name="Table"/>
   <text:sequence-decl text:display-outline-level="0" text:name="Text"/>
   <text:sequence-decl text:display-outline-level="0" text:name="Drawing"/>
  </text:sequence-decls>
  <text:p text:style-name="P1"/>
  <text:p text:style-name="Head 1"><help:to-be-embedded Eid="transformation"><help:link Id="68700">変換</help:link></help:to-be-embedded></text:p>
  <text:p text:style-name="Paragraph"><help:help-text value="visible"><help:link Id="68478">XML フィルタ</help:link>のファイル情報の入力および編集を行います。</help:help-text></text:p>
  <help:popup Id="65589" Eid="xmlfilteredit"><help:embedded Id="65598" Eid="wie"></help:embedded></help:popup>
  <text:p text:style-name="Head 2"><help:help-id value="HID_XML_FILTER_DOCTYPE"/>DocType</text:p>
  <text:p text:style-name="Paragraph"><help:help-text value="visible">XML ファイルの DOCTYPE を指定します。</help:help-text></text:p>
  <text:p text:style-name="Paragraph">たとえば現在の DocBook XML フィルタに指定する DOCTYPE は、下記のようになります。</text:p>
  <text:p text:style-name="PropText">-//OASIS//DTD DocBook XML V4.1.2//EN</text:p>
  <text:p text:style-name="Paragraph">この結果得られる XML ドキュメント中の行は、下記のようになります。</text:p>
  <text:p text:style-name="PropText">&lt;!DOCTYPE article PUBLIC &quot;-//OASIS//DTD DocBook XML V4.1.2//EN&quot; &quot;http://www.oasis-open.org/docbook/xml/4.1.2/docbookx.dtd&quot;&gt;</text:p>
  <text:p text:style-name="Head 2"><help:help-id value="HID_XML_FILTER_DTD"/>DTD</text:p>
  <text:p text:style-name="Paragraph"><help:help-text value="visible">必要であれば、使用する DTD (Document Type Definition) のパブリックないしシステム識別子を記入します。</help:help-text></text:p>
  <text:unordered-list text:style-name="L1">
   <text:list-item>
    <text:p text:style-name="P2">どちらの識別子も保存した XML ファイルの DOCTYPE 宣言部に書き込まれます。</text:p>
   </text:list-item>
   <text:list-item>
    <text:p text:style-name="P2">パブリック識別子は、フィルタ指定をせずにファイルを開く場合に、フィルタの検出に使用されます。</text:p>
   </text:list-item>
  </text:unordered-list>
  <text:p text:style-name="Head 2"><help:help-id value="HID_XML_FILTER_DTD_BROWSE"/><help:help-id value="HID_XML_FILTER_EXPORT_XSLT_BROWSE"/><help:help-id value="HID_XML_FILTER_IMPORT_XSLT_BROWSE"/><help:help-id value="HID_XML_FILTER_IMPORT_TEMPLATE_BROWSE"/>検索</text:p>
  <text:p text:style-name="Paragraph"><help:help-text value="visible">ファイル選択用のダイアログを開きます。</help:help-text></text:p>
  <text:p text:style-name="Head 2"><help:help-id value="HID_XML_FILTER_EXPORT_XSLT"/>エクスポート用 XSLT</text:p>
  <text:p text:style-name="Paragraph"><help:help-text value="visible">エクスポートフィルタの場合に、エクスポートに使用する XSLT スタイルシートのファイル名を指定します。</help:help-text></text:p>
  <text:p text:style-name="Head 2"><help:help-id value="HID_XML_FILTER_IMPORT_XSLT"/>インポート用 XSLT</text:p>
  <text:p text:style-name="Paragraph"><help:help-text value="visible">インポートフィルタの場合に、インポートに使用する XSLT スタイルシートのファイル名を指定します。</help:help-text></text:p>
  <text:p text:style-name="Head 2"><help:help-id value="HID_XML_FILTER_IMPORT_TEMPLATE"/>インポート用テンプレート</text:p>
  <text:p text:style-name="Paragraph"><help:help-text value="visible">インポートに使用するテンプレート名を指定します。テンプレートでは、XML タグを表示するようスタイル指定がされています。</help:help-text></text:p>
  <text:p text:style-name="Paragraph">テンプレートを格納するディレクトリのパスは、メニュー <text:span text:style-name="T1">ツール → オプション → <help:productname>%PRODUCTNAME</help:productname> → パス</text:span> で指定しておく必要があります。XML ファイルを開く際に、そのフィルタがテンプレートを利用している場合は、該当するテンプレートが最初に開かれます。テンプレートでは、XML ドキュメント中の XML タグの表示に <help:productname>%PRODUCTNAME</help:productname> のスタイルを割り当てることができます。</text:p>
 </office:body>
</office:document>
