

<office:document  xmlns:office="http://openoffice.org/2000/office" xmlns:style="http://openoffice.org/2000/style" xmlns:text="http://openoffice.org/2000/text" xmlns:table="http://openoffice.org/2000/table" xmlns:draw="http://openoffice.org/2000/drawing" xmlns:fo="http://www.w3.org/1999/XSL/Format" xmlns:xlink="http://www.w3.org/1999/xlink" xmlns:number="http://openoffice.org/2000/datastyle" xmlns:svg="http://www.w3.org/2000/svg" xmlns:chart="http://openoffice.org/2000/chart" xmlns:dr3d="http://openoffice.org/2000/dr3d" xmlns:math="http://www.w3.org/1998/Math/MathML" xmlns:form="http://openoffice.org/2000/form" xmlns:script="http://openoffice.org/2000/script" office:class="text" office:version="1.0" xmlns:dc="http://purl.org/dc/elements/1.1/" xmlns:meta="http://openoffice.org/2000/meta" xmlns:help="http://openoffice.org/2000/help">
<office:meta>
  <dc:description>text/common/01/06150200</dc:description>
  <dc:subject>XSLT を試す</dc:subject>

  <dc:language>ja-JP</dc:language>
  <meta:user-defined meta:name="Info 0">READY</meta:user-defined>
  <meta:user-defined meta:name="Info 1">FREE</meta:user-defined>
  <meta:user-defined meta:name="Info 2"/>
  <meta:user-defined meta:name="Info 3"/>
</office:meta>
 <office:script/>
 <office:font-decls>
  <style:font-decl style:name="StarSymbol" fo:font-family="StarSymbol" style:font-charset="x-symbol"/>
  <style:font-decl style:name="Courier New" fo:font-family="&apos;Courier New&apos;" style:font-style-name="Standard" style:font-family-generic="modern" style:font-pitch="fixed"/>
  <style:font-decl style:name="Courier" fo:font-family="Courier" style:font-family-generic="roman" style:font-pitch="fixed"/>
  <style:font-decl style:name="Andale WT UI3" fo:font-family="&apos;Andale WT UI&apos;" style:font-pitch="variable"/>
  <style:font-decl style:name="Arial Unicode MS" fo:font-family="&apos;Arial Unicode MS&apos;" style:font-pitch="variable"/>
  <style:font-decl style:name="HG Mincho Light J" fo:font-family="&apos;HG Mincho Light J&apos;" style:font-pitch="variable"/>
  <style:font-decl style:name="Andale WT UI" fo:font-family="&apos;Andale WT UI&apos;" style:font-style-name="Fett" style:font-family-generic="roman" style:font-pitch="variable"/>
  <style:font-decl style:name="Andale WT UI1" fo:font-family="&apos;Andale WT UI&apos;" style:font-style-name="Standard" style:font-family-generic="roman" style:font-pitch="variable"/>
  <style:font-decl style:name="Thorndale" fo:font-family="Thorndale" style:font-family-generic="roman" style:font-pitch="variable"/>
  <style:font-decl style:name="Times New Roman1" fo:font-family="&apos;Times New Roman&apos;" style:font-style-name="Fett" style:font-family-generic="roman" style:font-pitch="variable"/>
  <style:font-decl style:name="Times New Roman" fo:font-family="&apos;Times New Roman&apos;" style:font-style-name="Standard" style:font-family-generic="roman" style:font-pitch="variable"/>
  <style:font-decl style:name="Andale WT UI2" fo:font-family="&apos;Andale WT UI&apos;" style:font-family-generic="swiss" style:font-pitch="variable"/>
 </office:font-decls>
 <office:automatic-styles>
  <style:style style:name="P1" style:family="paragraph" style:parent-style-name="Paragraph" style:master-page-name="HTML">
   <style:properties style:page-number="0"/>
  </style:style>
  <style:style style:name="T1" style:family="text">
   <style:properties fo:font-weight="bold"/>
  </style:style>
 </office:automatic-styles>
 <office:body>
  <text:variable-decls>
   <text:variable-decl text:value-type="string" text:name="HTML_ON"/>
   <text:variable-decl text:value-type="string" text:name="HTML_OFF"/>
   <text:variable-decl text:value-type="string" text:name="TITEL"/>
   <text:variable-decl text:value-type="string" text:name="END"/>
   <text:variable-decl text:value-type="string" text:name="OS2"/>
   <text:variable-decl text:value-type="string" text:name="ELSE"/>
   <text:variable-decl text:value-type="string" text:name="HREF"/>
   <text:variable-decl text:value-type="string" text:name="MAC"/>
   <text:variable-decl text:value-type="string" text:name="NAME"/>
   <text:variable-decl text:value-type="string" text:name="HelpID"/>
   <text:variable-decl text:value-type="string" text:name="REFNR"/>
   <text:variable-decl text:value-type="string" text:name="HFELD"/>
   <text:variable-decl text:value-type="string" text:name="AKTHLP"/>
   <text:variable-decl text:value-type="string" text:name="KEY"/>
   <text:variable-decl text:value-type="string" text:name="INDEX"/>
   <text:variable-decl text:value-type="string" text:name="MODIFY"/>
   <text:variable-decl text:value-type="string" text:name="STYLE"/>
  </text:variable-decls>
  <text:sequence-decls>
   <text:sequence-decl text:display-outline-level="0" text:name="Illustration"/>
   <text:sequence-decl text:display-outline-level="0" text:name="Table"/>
   <text:sequence-decl text:display-outline-level="0" text:name="Text"/>
   <text:sequence-decl text:display-outline-level="0" text:name="Drawing"/>
  </text:sequence-decls>
  <text:p text:style-name="P1"/>
  <text:p text:style-name="Head 1"><help:to-be-embedded Eid="testxml"><help:link Id="68698">XSLT を試す</help:link></help:to-be-embedded></text:p>
  <text:p text:style-name="Paragraph"><help:help-text value="visible">選択した <help:link Id="68478">XML フィルタ</help:link>の使用する XSLT スタイルシートをテストします。</help:help-text></text:p>
  <help:popup Id="65589" Eid="xmlfiltertest"></help:popup><help:popup Id="65589" Eid="xmlfilter"><help:embedded Id="65598" Eid="wie"></help:embedded></help:popup>
  <text:p text:style-name="Head 2">エクスポート</text:p>
  <text:p text:style-name="Head 3">エクスポート用 XSLT</text:p>
  <text:p text:style-name="Paragraph"><help:help-text value="visible">見出しページ <text:span text:style-name="T1">Transformation</text:span> で指定した XSLT フィルタのファイル名を表示します。</help:help-text></text:p>
  <text:p text:style-name="Head 3">ドキュメントの変換</text:p>
  <text:p text:style-name="Paragraph"><help:help-text value="visible">XSLT フィルタのテストに使用するドキュメントのファイル名を表示します。</help:help-text></text:p>
  <text:p text:style-name="Head 4"><help:help-id value="HID_XML_FILTER_TEST_EXPORT_BROWSE"/>検索</text:p>
  <text:p text:style-name="Paragraph"><help:help-text value="visible">XML エクスポートフィルタを適用するファイルを指定します。変換したファイルの XML コードは、<help:embedded Id="68701" Eid="xmlfilteroutput"></help:embedded>ウィンドウ <text:span text:style-name="T1">XML Filter output</text:span></help:help-text> に表示されます。</text:p>
  <text:p text:style-name="Head 4"><help:help-id value="HID_XML_FILTER_TEST_EXPORT_CURRENT"/>現在のドキュメント</text:p>
  <text:p text:style-name="Paragraph"><help:help-text value="visible">現在開いているファイルのうち、XML フィルタ条件に一致する一番手前にあるものをフィルタのテストに使用します。このファイルには XML エクスポートフィルタによる変換が施され、結果として得られる XML コードがウィンドウに表示されます。<help:embedded Id="68701" Eid="xmlfilteroutput"></help:embedded></help:help-text></text:p>
  <text:p text:style-name="Head 2">インポート</text:p>
  <text:p text:style-name="Head 3">インポート用 XSLT</text:p>
  <text:p text:style-name="Paragraph"><help:help-text value="visible">見出しページ <text:span text:style-name="T1">Transformation</text:span> で指定した XSLT フィルタのファイル名を表示します。</help:help-text></text:p>
  <text:p text:style-name="Head 3">インポート用 XSLT</text:p>
  <text:p text:style-name="Paragraph"><help:help-text value="visible">タブページ <text:span text:style-name="T1">Transformation</text:span> で指定したテンプレートのファイル名を表示します。</help:help-text></text:p>
  <text:p text:style-name="Head 3">ファイルの変換</text:p>
  <text:p text:style-name="Head 4"><help:help-id value="HID_XML_FILTER_TEST_IMPORT_DISPLAY_SOURCE"/>ソーステキストの表示</text:p>
  <text:p text:style-name="Paragraph"><help:help-text value="visible"><help:embedded Id="68701" Eid="xmlfilteroutput"></help:embedded>選択したドキュメントの XML ソースを表示するウィンドウを開きます。このドキュメントは、インポートフィルタのテストに使用するものです。</help:help-text>ウィンドウ上のボタン <text:span text:style-name="T1">Validate</text:span> を押すと、ドキュメントの XML ソース に対して OpenOffice.org DTD に関する検証を行います。</text:p>
  <text:p text:style-name="Head 4"><help:help-id value="HID_XML_FILTER_TEST_IMPORT_BROWSE"/>検索</text:p>
  <text:p text:style-name="Paragraph"><help:help-text value="visible">ファイル選択用のダイアログを開きます。選択したファイルを開く際には、現在の XML インポートフィルタが適用されます。</help:help-text></text:p>
  <text:p text:style-name="Head 4"><help:help-id value="HID_XML_FILTER_TEST_IMPORT_RECENT"/>前回のファイル</text:p>
  <text:p text:style-name="Paragraph"><help:help-text value="visible">ダイアログから最後に開いたドキュメントを開き直します。</help:help-text></text:p>
 </office:body>
</office:document>
