

<office:document  xmlns:office="http://openoffice.org/2000/office" xmlns:style="http://openoffice.org/2000/style" xmlns:text="http://openoffice.org/2000/text" xmlns:table="http://openoffice.org/2000/table" xmlns:draw="http://openoffice.org/2000/drawing" xmlns:fo="http://www.w3.org/1999/XSL/Format" xmlns:xlink="http://www.w3.org/1999/xlink" xmlns:number="http://openoffice.org/2000/datastyle" xmlns:svg="http://www.w3.org/2000/svg" xmlns:chart="http://openoffice.org/2000/chart" xmlns:dr3d="http://openoffice.org/2000/dr3d" xmlns:math="http://www.w3.org/1998/Math/MathML" xmlns:form="http://openoffice.org/2000/form" xmlns:script="http://openoffice.org/2000/script" office:class="text" office:version="1.0" xmlns:dc="http://purl.org/dc/elements/1.1/" xmlns:meta="http://openoffice.org/2000/meta" xmlns:help="http://openoffice.org/2000/help">
<office:meta>
  <dc:description>text/common/01/01010201</dc:description>
  <dc:subject>Etiquetas</dc:subject>
  <meta:keywords>
   <meta:keyword>$Version</meta:keyword>
  </meta:keywords>
  <dc:language>es-ES</dc:language>
  <meta:user-defined meta:name="Info 0">READY</meta:user-defined>
  <meta:user-defined meta:name="Info 1">FREE_OK</meta:user-defined>
  <meta:user-defined meta:name="Info 2"/>
  <meta:user-defined meta:name="Info 3"/>
</office:meta>
 <office:script/>
 <office:font-decls>
  <style:font-decl style:name="StarSymbol" fo:font-family="StarSymbol" style:font-charset="x-symbol"/>
  <style:font-decl style:name="Courier New" fo:font-family="&apos;Courier New&apos;" style:font-style-name="Standard" style:font-family-generic="modern" style:font-pitch="fixed"/>
  <style:font-decl style:name="Courier" fo:font-family="Courier" style:font-family-generic="roman" style:font-pitch="fixed"/>
  <style:font-decl style:name="Arial Unicode MS" fo:font-family="&apos;Arial Unicode MS&apos;" style:font-pitch="variable"/>
  <style:font-decl style:name="HG Mincho Light J" fo:font-family="&apos;HG Mincho Light J&apos;" style:font-pitch="variable"/>
  <style:font-decl style:name="Times New Roman3" fo:font-family="&apos;Times New Roman&apos;" style:font-pitch="variable"/>
  <style:font-decl style:name="Thorndale" fo:font-family="Thorndale" style:font-family-generic="roman" style:font-pitch="variable"/>
  <style:font-decl style:name="Times New Roman2" fo:font-family="&apos;Times New Roman&apos;" style:font-style-name="Fett" style:font-family-generic="roman" style:font-pitch="variable"/>
  <style:font-decl style:name="Times New Roman" fo:font-family="&apos;Times New Roman&apos;" style:font-style-name="Standard" style:font-family-generic="roman" style:font-pitch="variable"/>
  <style:font-decl style:name="Times New Roman1" fo:font-family="&apos;Times New Roman&apos;" style:font-family-generic="swiss" style:font-pitch="variable"/>
 </office:font-decls>
 <office:automatic-styles>
  <style:style style:name="Tabelle1" style:family="table">
   <style:properties style:width="18cm" table:align="margins"/>
  </style:style>
  <style:style style:name="Tabelle1.A" style:family="table-column">
   <style:properties style:column-width="1.499cm" style:rel-column-width="5460*"/>
  </style:style>
  <style:style style:name="Tabelle1.B" style:family="table-column">
   <style:properties style:column-width="16.501cm" style:rel-column-width="60074*"/>
  </style:style>
  <style:style style:name="Tabelle1.1" style:family="table-row">
   <style:properties style:min-row-height="0.848cm"/>
  </style:style>
  <style:style style:name="Tabelle1.A1" style:family="table-cell">
   <style:properties fo:padding="0cm" fo:border="none"/>
  </style:style>
  <style:style style:name="P1" style:family="paragraph" style:parent-style-name="Paragraph" style:master-page-name="HTML">
   <style:properties style:page-number="0"/>
  </style:style>
  <style:style style:name="T1" style:family="text">
   <style:properties fo:font-weight="bold"/>
  </style:style>
  <style:style style:name="fr1" style:family="graphics" style:parent-style-name="Graphics">
   <style:properties fo:margin-left="0cm" fo:margin-right="0cm" fo:margin-top="0cm" fo:margin-bottom="0cm" style:run-through="foreground" style:wrap="run-through" style:vertical-pos="top" style:vertical-rel="paragraph" style:horizontal-pos="left" style:horizontal-rel="paragraph" style:mirror="none" fo:clip="rect(0cm 0cm 0cm 0cm)" draw:luminance="0%" draw:contrast="0%" draw:red="0%" draw:green="0%" draw:blue="0%" draw:gamma="1" draw:color-inversion="false" draw:transparency="-100%" draw:color-mode="standard"/>
  </style:style>
 </office:automatic-styles>
 <office:body>
  <text:variable-decls>
   <text:variable-decl text:value-type="string" text:name="HTML_ON"/>
   <text:variable-decl text:value-type="string" text:name="HTML_OFF"/>
   <text:variable-decl text:value-type="string" text:name="TITEL"/>
   <text:variable-decl text:value-type="string" text:name="END"/>
   <text:variable-decl text:value-type="string" text:name="OS2"/>
   <text:variable-decl text:value-type="string" text:name="ELSE"/>
   <text:variable-decl text:value-type="string" text:name="HREF"/>
   <text:variable-decl text:value-type="string" text:name="NAME"/>
   <text:variable-decl text:value-type="string" text:name="HelpID"/>
   <text:variable-decl text:value-type="string" text:name="MODIFY"/>
   <text:variable-decl text:value-type="string" text:name="REFNR"/>
   <text:variable-decl text:value-type="string" text:name="AKTHLP"/>
   <text:variable-decl text:value-type="string" text:name="INDEX"/>
   <text:variable-decl text:value-type="string" text:name="STYLE"/>
  </text:variable-decls>
  <text:sequence-decls>
   <text:sequence-decl text:display-outline-level="0" text:name="Illustration"/>
   <text:sequence-decl text:display-outline-level="0" text:name="Table"/>
   <text:sequence-decl text:display-outline-level="0" text:name="Text"/>
   <text:sequence-decl text:display-outline-level="0" text:name="Drawing"/>
  </text:sequence-decls>
  <help:to-be-embedded Eid="etiketten">
  <text:p text:style-name="Head 1"><help:help-id value="HID_LAB_LAB"/><help:key-word value="Etiqueta; selección de formato" tag="kw68488_1"/><help:link Id="68488">Etiquetas</help:link></text:p>
  <text:p text:style-name="Paragraph"><help:help-text value="visible">Especifique el texto de la etiqueta y elija el tamaño de papel para la etiqueta.</help:help-text></text:p>
  </help:to-be-embedded>
  <help:popup Id="65611" Eid="etikettenein"><help:embedded Id="65598" Eid="wie"></help:embedded></help:popup>
  <text:p text:style-name="Head 2">Etiqueta</text:p>
  <text:p text:style-name="Paragraph">Introduzca el título que ha de mostrarse en todas las etiquetas.</text:p>
  <text:p text:style-name="Head 3"><help:help-id value="SW_MULTILINEEDIT_TP_LAB_LAB_EDT_WRITING"/>Texto de la etiqueta</text:p>
  <text:p text:style-name="Paragraph"><help:help-text value="visible">Escriba el texto que desee que aparezca en la etiqueta. También se puede insertar un campo de base de datos.</help:help-text></text:p>
  <text:p text:style-name="Head 3"><help:help-id value="SW_CHECKBOX_TP_LAB_LAB_BOX_ADDR"/>Dirección</text:p>
  <text:p text:style-name="Paragraph"><help:help-text value="visible">Crea una etiqueta con sus datos de remitente. El texto que contiene actualmente el cuadro <text:span text:style-name="T1">Texto de la etiqueta</text:span> se sobrescribe.</help:help-text></text:p>
  <table:table table:name="Tabelle1" table:style-name="Tabelle1">
   <table:table-column table:style-name="Tabelle1.A"/>
   <table:table-column table:style-name="Tabelle1.B"/>
   <table:table-header-rows>
    <table:table-row table:style-name="Tabelle1.1">
     <table:table-cell table:style-name="Tabelle1.A1" table:value-type="string">
      <text:p text:style-name="Paragraph"><draw:image draw:name="Símbolo0" svg:desc="Este símbolo señala el texto que contiene información adicional." svg:pixelx="32" svg:pixely="32" svg:width="0.847cm" svg:height="0.847cm" xlink:href="65980" draw:filter-name=""/></text:p>

     </table:table-cell>
     <table:table-cell table:style-name="Tabelle1.A1" table:value-type="string">
      <text:p text:style-name="Paragraph">Para cambiar sus datos del remitente elija <help:link Id="66266"><text:span text:style-name="T1">Herramientas - Opciones - <help:productname>%PRODUCTNAME</help:productname></text:span></help:link> y pulse en la pestaña <text:span text:style-name="T1">Datos del usuario</text:span>.</text:p>
     </table:table-cell>
    </table:table-row>
   </table:table-header-rows>
  </table:table>
  <text:p text:style-name="Head 3"><help:help-id value="SW_LISTBOX_TP_LAB_LAB_LB_DATABASE"/>Base de datos</text:p>
  <text:p text:style-name="Paragraph"><help:help-text value="visible">Seleccione la base de datos que quiera utilizar a modo de fuente de datos para la etiqueta. </help:help-text></text:p>
  <text:p text:style-name="Head 3"><help:help-id value="SW_LISTBOX_TP_LAB_LAB_LB_TABLE"/>Tabla</text:p>
  <text:p text:style-name="Paragraph"><help:help-text value="visible">Seleccione la tabla de la base de datos que contiene los campos que desee utilizar en la etiqueta.</help:help-text></text:p>
  <text:p text:style-name="Head 3"><help:help-id value="SW_LISTBOX_TP_LAB_LAB_LB_DBFIELD"/><help:help-id value="SW_IMAGEBUTTON_TP_LAB_LAB_BTN_INSERT"/>Campo de base de datos</text:p>
  <text:p text:style-name="Paragraph"><help:help-text value="visible">Seleccione el campo de la base de datos que desee y luego pulse la flecha hacia la izquierda de este cuadro para insertar el campo en el cuadro <text:span text:style-name="T1">Texto de la etiqueta</text:span>.</help:help-text>.</text:p>
  <text:p text:style-name="Paragraph">El nombre del campo de base de datos aparece entre paréntesis en el cuadro <text:span text:style-name="T1">Texto de la etiqueta</text:span>. Si lo desea puede separar los nombres de los campos de la base de datos mediante espacios. Pulse Intro para insertar un campo de base de datos en una línea nueva.</text:p>
  <text:p text:style-name="Head 2">Formato</text:p>
  <text:p text:style-name="Paragraph">Puede seleccionar un formato de tamaño preestablecido para la etiqueta o especificarlo en la pestaña <text:span text:style-name="T1">Formato</text:span>.</text:p>
  <text:p text:style-name="Head 3"><help:help-id value="SW_RADIOBUTTON_TP_LAB_LAB_BTN_CONT"/>Continuo</text:p>
  <text:p text:style-name="Paragraph"><help:help-text value="visible">Imprime etiquetas en papel continuo.</help:help-text></text:p>
  <text:p text:style-name="Head 3"><help:help-id value="SW_RADIOBUTTON_TP_LAB_LAB_BTN_SHEET"/>Hoja</text:p>
  <text:p text:style-name="Paragraph"><help:help-text value="visible">Imprime etiquetas en hojas individuales.</help:help-text></text:p>
  <text:p text:style-name="Head 3"><help:help-id value="SW_LISTBOX_TP_LAB_LAB_BOX_MAKE"/>Marca</text:p>
  <text:p text:style-name="Paragraph"><help:help-text value="visible">Seleccione la marca de papel que desee usar.</help:help-text> Cada marca tiene sus propios formatos de tamaño.</text:p>
  <text:p text:style-name="Head 3"><help:help-id value="SW_LISTBOX_TP_LAB_LAB_BOX_TYPE"/>Tipo</text:p>
  <text:p text:style-name="Paragraph"><help:help-text value="visible">Seleccione el formato de tamaño que desee usar. Los formatos disponibles dependen de la marca seleccionada en la lista <text:span text:style-name="T1">Marca</text:span>. Si desea utilizar un formato de etiqueta personal, seleccione <text:span text:style-name="T1">[Usuario]</text:span> y pulse en la pestaña <help:link Id="68489"><text:span text:style-name="T1">Formato</text:span></help:link> para definir el formato.</help:help-text></text:p>
  <text:p text:style-name="Head 3">Información</text:p>
  <text:p text:style-name="Paragraph">El tipo de papel y las dimensiones de la etiqueta aparecen en la parte inferior del área <text:span text:style-name="T1">Formato</text:span>.</text:p>
 </office:body>
</office:document>
