

<office:document  xmlns:office="http://openoffice.org/2000/office" xmlns:style="http://openoffice.org/2000/style" xmlns:text="http://openoffice.org/2000/text" xmlns:table="http://openoffice.org/2000/table" xmlns:draw="http://openoffice.org/2000/drawing" xmlns:fo="http://www.w3.org/1999/XSL/Format" xmlns:xlink="http://www.w3.org/1999/xlink" xmlns:number="http://openoffice.org/2000/datastyle" xmlns:svg="http://www.w3.org/2000/svg" xmlns:chart="http://openoffice.org/2000/chart" xmlns:dr3d="http://openoffice.org/2000/dr3d" xmlns:math="http://www.w3.org/1998/Math/MathML" xmlns:form="http://openoffice.org/2000/form" xmlns:script="http://openoffice.org/2000/script" office:class="text" office:version="1.0" xmlns:dc="http://purl.org/dc/elements/1.1/" xmlns:meta="http://openoffice.org/2000/meta" xmlns:help="http://openoffice.org/2000/help">
<office:meta>
  <dc:description>text/common/01/01010100</dc:description>
  <dc:subject>Plantillas y documentos</dc:subject>
  <meta:keywords>
   <meta:keyword>$Version</meta:keyword>
  </meta:keywords>
  <dc:language>es-ES</dc:language>
  <meta:user-defined meta:name="Info 0">READY</meta:user-defined>
  <meta:user-defined meta:name="Info 1">FREE_OK</meta:user-defined>
  <meta:user-defined meta:name="Info 2"/>
  <meta:user-defined meta:name="Info 3"/>
</office:meta>
 <office:script/>
 <office:font-decls>
  <style:font-decl style:name="StarSymbol" fo:font-family="StarSymbol" style:font-charset="x-symbol"/>
  <style:font-decl style:name="Courier New" fo:font-family="&apos;Courier New&apos;" style:font-style-name="Standard" style:font-family-generic="modern" style:font-pitch="fixed"/>
  <style:font-decl style:name="Courier" fo:font-family="Courier" style:font-family-generic="roman" style:font-pitch="fixed"/>
  <style:font-decl style:name="Arial Unicode MS" fo:font-family="&apos;Arial Unicode MS&apos;" style:font-pitch="variable"/>
  <style:font-decl style:name="HG Mincho Light J" fo:font-family="&apos;HG Mincho Light J&apos;" style:font-pitch="variable"/>
  <style:font-decl style:name="Times New Roman3" fo:font-family="&apos;Times New Roman&apos;" style:font-pitch="variable"/>
  <style:font-decl style:name="Thorndale" fo:font-family="Thorndale" style:font-family-generic="roman" style:font-pitch="variable"/>
  <style:font-decl style:name="Times New Roman2" fo:font-family="&apos;Times New Roman&apos;" style:font-style-name="Fett" style:font-family-generic="roman" style:font-pitch="variable"/>
  <style:font-decl style:name="Times New Roman" fo:font-family="&apos;Times New Roman&apos;" style:font-style-name="Standard" style:font-family-generic="roman" style:font-pitch="variable"/>
  <style:font-decl style:name="Times New Roman1" fo:font-family="&apos;Times New Roman&apos;" style:font-family-generic="swiss" style:font-pitch="variable"/>
 </office:font-decls>
 <office:automatic-styles>
  <style:style style:name="Tabelle3" style:family="table">
   <style:properties style:width="18cm" table:align="margins"/>
  </style:style>
  <style:style style:name="Tabelle3.A" style:family="table-column">
   <style:properties style:column-width="1.032cm" style:rel-column-width="585*"/>
  </style:style>
  <style:style style:name="Tabelle3.B" style:family="table-column">
   <style:properties style:column-width="16.967cm" style:rel-column-width="9619*"/>
  </style:style>
  <style:style style:name="Tabelle4" style:family="table">
   <style:properties style:width="17.999cm" table:align="margins"/>
  </style:style>
  <style:style style:name="Tabelle4.A" style:family="table-column">
   <style:properties style:column-width="1.032cm" style:rel-column-width="585*"/>
  </style:style>
  <style:style style:name="Tabelle4.B" style:family="table-column">
   <style:properties style:column-width="16.967cm" style:rel-column-width="9619*"/>
  </style:style>
  <style:style style:name="Tabelle5" style:family="table">
   <style:properties style:width="17.999cm" table:align="margins"/>
  </style:style>
  <style:style style:name="Tabelle5.A" style:family="table-column">
   <style:properties style:column-width="0.979cm" style:rel-column-width="555*"/>
  </style:style>
  <style:style style:name="Tabelle5.B" style:family="table-column">
   <style:properties style:column-width="17.02cm" style:rel-column-width="9649*"/>
  </style:style>
  <style:style style:name="Tabelle7" style:family="table">
   <style:properties style:width="17.999cm" table:align="margins"/>
  </style:style>
  <style:style style:name="Tabelle7.A" style:family="table-column">
   <style:properties style:column-width="0.979cm" style:rel-column-width="555*"/>
  </style:style>
  <style:style style:name="Tabelle7.B" style:family="table-column">
   <style:properties style:column-width="17.02cm" style:rel-column-width="9649*"/>
  </style:style>
  <style:style style:name="Tabelle6" style:family="table">
   <style:properties style:width="18cm" table:align="margins"/>
  </style:style>
  <style:style style:name="Tabelle6.A" style:family="table-column">
   <style:properties style:column-width="0.979cm" style:rel-column-width="555*"/>
  </style:style>
  <style:style style:name="Tabelle6.B" style:family="table-column">
   <style:properties style:column-width="17.02cm" style:rel-column-width="9649*"/>
  </style:style>
  <style:style style:name="Tabelle1" style:family="table">
   <style:properties style:width="18cm" table:align="margins"/>
  </style:style>
  <style:style style:name="Tabelle1.A" style:family="table-column">
   <style:properties style:column-width="1.499cm" style:rel-column-width="850*"/>
  </style:style>
  <style:style style:name="Tabelle1.B" style:family="table-column">
   <style:properties style:column-width="16.498cm" style:rel-column-width="9352*"/>
  </style:style>
  <style:style style:name="Tabelle1.1" style:family="table-row">
   <style:properties style:min-row-height="0.848cm"/>
  </style:style>
  <style:style style:name="Tabelle1.A1" style:family="table-cell">
   <style:properties fo:padding="0cm" fo:border="none"/>
  </style:style>
  <style:style style:name="Tabelle2" style:family="table">
   <style:properties style:width="18cm" table:align="margins"/>
  </style:style>
  <style:style style:name="Tabelle2.A" style:family="table-column">
   <style:properties style:column-width="1.499cm" style:rel-column-width="850*"/>
  </style:style>
  <style:style style:name="Tabelle2.B" style:family="table-column">
   <style:properties style:column-width="16.498cm" style:rel-column-width="9352*"/>
  </style:style>
  <style:style style:name="Tabelle2.1" style:family="table-row">
   <style:properties style:min-row-height="0.848cm"/>
  </style:style>
  <style:style style:name="Tabelle2.A1" style:family="table-cell">
   <style:properties fo:padding="0cm" fo:border="none"/>
  </style:style>
  <style:style style:name="P1" style:family="paragraph" style:parent-style-name="Paragraph" style:master-page-name="HTML">
   <style:properties style:page-number="0"/>
  </style:style>
  <style:style style:name="P2" style:family="paragraph" style:parent-style-name="Paragraph" style:list-style-name="L1"/>
  <style:style style:name="T1" style:family="text">
   <style:properties fo:font-weight="bold"/>
  </style:style>
  <style:style style:name="fr1" style:family="graphics" style:parent-style-name="Graphics">
   <style:properties style:run-through="foreground" style:wrap="run-through" style:horizontal-pos="left" style:horizontal-rel="paragraph" style:mirror="none" fo:clip="rect(0cm 0cm 0cm 0cm)" draw:luminance="0%" draw:contrast="0%" draw:red="0%" draw:green="0%" draw:blue="0%" draw:gamma="1" draw:color-inversion="false" draw:transparency="-100%" draw:color-mode="standard"/>
  </style:style>
  <style:style style:name="fr2" style:family="graphics" style:parent-style-name="Graphics">
   <style:properties style:wrap="run-through" style:horizontal-pos="left" style:horizontal-rel="paragraph" style:mirror="none" fo:clip="rect(0cm 0cm 0cm 0cm)" draw:luminance="0%" draw:contrast="0%" draw:red="0%" draw:green="0%" draw:blue="0%" draw:gamma="1" draw:color-inversion="false" draw:transparency="-100%" draw:color-mode="standard"/>
  </style:style>
  <style:style style:name="fr3" style:family="graphics" style:parent-style-name="Graphics">
   <style:properties fo:margin-left="0cm" fo:margin-right="0cm" fo:margin-top="0cm" fo:margin-bottom="0cm" style:run-through="foreground" style:wrap="run-through" style:vertical-pos="middle" style:vertical-rel="paragraph" style:horizontal-pos="left" style:horizontal-rel="paragraph" style:mirror="none" fo:clip="rect(0cm 0cm 0cm 0cm)" draw:luminance="0%" draw:contrast="0%" draw:red="0%" draw:green="0%" draw:blue="0%" draw:gamma="1" draw:color-inversion="false" draw:transparency="-100%" draw:color-mode="standard"/>
  </style:style>
  <text:list-style style:name="L1">
   <text:list-level-style-bullet text:level="1" text:style-name="Bullet Symbols" style:num-suffix="." text:bullet-char="•">
    <style:properties text:min-label-width="0.499cm" style:font-name="StarSymbol"/>
   </text:list-level-style-bullet>
   <text:list-level-style-bullet text:level="2" text:style-name="Bullet Symbols" style:num-suffix="." text:bullet-char="•">
    <style:properties text:space-before="0.501cm" text:min-label-width="0.499cm" style:font-name="StarSymbol"/>
   </text:list-level-style-bullet>
   <text:list-level-style-bullet text:level="3" text:style-name="Bullet Symbols" style:num-suffix="." text:bullet-char="•">
    <style:properties text:space-before="1cm" text:min-label-width="0.499cm" style:font-name="StarSymbol"/>
   </text:list-level-style-bullet>
   <text:list-level-style-bullet text:level="4" text:style-name="Bullet Symbols" style:num-suffix="." text:bullet-char="•">
    <style:properties text:space-before="1.501cm" text:min-label-width="0.499cm" style:font-name="StarSymbol"/>
   </text:list-level-style-bullet>
   <text:list-level-style-bullet text:level="5" text:style-name="Bullet Symbols" style:num-suffix="." text:bullet-char="•">
    <style:properties text:space-before="2cm" text:min-label-width="0.499cm" style:font-name="StarSymbol"/>
   </text:list-level-style-bullet>
   <text:list-level-style-bullet text:level="6" text:style-name="Bullet Symbols" style:num-suffix="." text:bullet-char="•">
    <style:properties text:space-before="2.501cm" text:min-label-width="0.499cm" style:font-name="StarSymbol"/>
   </text:list-level-style-bullet>
   <text:list-level-style-bullet text:level="7" text:style-name="Bullet Symbols" style:num-suffix="." text:bullet-char="•">
    <style:properties text:space-before="3.001cm" text:min-label-width="0.499cm" style:font-name="StarSymbol"/>
   </text:list-level-style-bullet>
   <text:list-level-style-bullet text:level="8" text:style-name="Bullet Symbols" style:num-suffix="." text:bullet-char="•">
    <style:properties text:space-before="3.502cm" text:min-label-width="0.499cm" style:font-name="StarSymbol"/>
   </text:list-level-style-bullet>
   <text:list-level-style-bullet text:level="9" text:style-name="Bullet Symbols" style:num-suffix="." text:bullet-char="•">
    <style:properties text:space-before="4.001cm" text:min-label-width="0.499cm" style:font-name="StarSymbol"/>
   </text:list-level-style-bullet>
   <text:list-level-style-bullet text:level="10" text:style-name="Bullet Symbols" style:num-suffix="." text:bullet-char="•">
    <style:properties text:space-before="4.502cm" text:min-label-width="0.499cm" style:font-name="StarSymbol"/>
   </text:list-level-style-bullet>
  </text:list-style>
 </office:automatic-styles>
 <office:body>
  <text:variable-decls>
   <text:variable-decl text:value-type="string" text:name="HTML_ON"/>
   <text:variable-decl text:value-type="string" text:name="HTML_OFF"/>
   <text:variable-decl text:value-type="string" text:name="TITEL"/>
   <text:variable-decl text:value-type="string" text:name="END"/>
   <text:variable-decl text:value-type="string" text:name="MAC"/>
   <text:variable-decl text:value-type="string" text:name="ELSE"/>
   <text:variable-decl text:value-type="string" text:name="OS2"/>
   <text:variable-decl text:value-type="string" text:name="HREF"/>
   <text:variable-decl text:value-type="string" text:name="NAME"/>
   <text:variable-decl text:value-type="string" text:name="HelpID"/>
   <text:variable-decl text:value-type="string" text:name="MODIFY"/>
   <text:variable-decl text:value-type="string" text:name="REFNR"/>
   <text:variable-decl text:value-type="string" text:name="HFELD"/>
   <text:variable-decl text:value-type="string" text:name="KEY"/>
   <text:variable-decl text:value-type="string" text:name="INDEX"/>
   <text:variable-decl text:value-type="string" text:name="AKTHLP"/>
   <text:variable-decl text:value-type="string" text:name="UNIX"/>
   <text:variable-decl text:value-type="string" text:name="WIN"/>
   <text:variable-decl text:value-type="string" text:name="STYLE"/>
  </text:variable-decls>
  <text:sequence-decls>
   <text:sequence-decl text:display-outline-level="0" text:name="Illustration"/>
   <text:sequence-decl text:display-outline-level="0" text:name="Table"/>
   <text:sequence-decl text:display-outline-level="0" text:name="Text"/>
   <text:sequence-decl text:display-outline-level="0" text:name="Drawing"/>
  </text:sequence-decls>
  <text:p text:style-name="P1"/>
  <text:p text:style-name="Head 1"><a name="neudialog"/><help:to-be-embedded Eid="vor_und_dok"><help:link Id="68342">Plantillas y documentos</help:link></help:to-be-embedded></text:p>
  <help:to-be-embedded Eid="vudintrotext">
  <text:p text:style-name="Paragraph">El diálogo <text:span text:style-name="T1">Plantillas y documentos</text:span> permite gestionar las plantillas y documentos de ejemplo.</text:p>
  <text:p text:style-name="Paragraph">Podrá acceder al diálogo mediante el menú <text:span text:style-name="T1">Archivo - Nuevo - Plantillas y documentos</text:span> o mediante la combinación de teclas (Mayús)(Control)(N).<help:switch select="System"><help:case select ="WIN"> En Windows es suficiente una doble pulsación sobre el símbolo de Inicio rápido de <help:productname>%PRODUCTNAME</help:productname> <help:productversion>%PRODUCTVERSION</help:productversion>, en la barra de Inicio rápido.</help:case></help:switch></text:p>
  <text:unordered-list text:style-name="L1">
   <text:list-item>
    <text:p text:style-name="P2">Seleccione <text:span text:style-name="T1">Archivo - Nuevo - Plantillas y documentos</text:span></text:p>
   </text:list-item>
   <text:list-item>
    <text:p text:style-name="P2">Pulse Mayús+Control+N.</text:p>
   </text:list-item>
   <text:list-item>
    <text:p text:style-name="P2"><help:switch select="System"><help:case select ="WIN">Pulse dos veces el símbolo del Inicio rápido de <help:productname>%PRODUCTNAME</help:productname> <help:productversion>%PRODUCTVERSION</help:productversion> en la barra de tareas.</help:case></help:switch></text:p>
   </text:list-item>
  </text:unordered-list>
  </help:to-be-embedded>
  <text:p text:style-name="Paragraph"><help:embedded Id="68275" Eid="aaa_start"></help:embedded></text:p>
  <help:popup Id="65611" Eid="neuvundd"><help:embedded Id="65598" Eid="wie"></help:embedded></help:popup>
  <text:p text:style-name="Head 2"><help:help-id value="HID_TEMPLATEDLG_ICONCTRL"/><help:key-word value="Plantillas; elegir" tag="kw68342_1"/>Categoría</text:p>
  <text:p text:style-name="Paragraph">Las categorías se muestran en el cuadro lateral izquierdo del diálogo <text:span text:style-name="T1">Plantillas y documentos</text:span>. Pulse en una categoría para mostrar los archivos asociados con ella en el cuadro <text:span text:style-name="T1">Título</text:span>.</text:p>
  <text:p text:style-name="Head 2"><help:help-id value="HID_TEMPLATEDLG_FILEVIEW"/>Listado</text:p>
  <text:p text:style-name="Paragraph"><help:help-text value="visible">Muestra las plantillas o documentos disponibles en la categoría seleccionada. Seleccione una plantilla o documento y, a continuación, pulse <text:span text:style-name="T1">Abrir</text:span>. Para ver una previsualización del documento pulse el botón <text:span text:style-name="T1">Previsualización</text:span> situado encima del cuadro de la derecha.</help:help-text></text:p>
  <text:p text:style-name="Head 3"><help:help-id value="HID_TEMPLATEDLG_TB_BACK"/>Regresar</text:p>
  <table:table table:name="Tabelle3" table:style-name="Tabelle3">
   <table:table-column table:style-name="Tabelle3.A"/>
   <table:table-column table:style-name="Tabelle3.B"/>
   <table:table-row>
    <table:table-cell table:value-type="string">
     <text:p text:style-name="Paragraph"><draw:image draw:name="Símbolo0" svg:desc="Símbolo" svg:pixelx="25" svg:pixely="25" svg:width="0.661cm" svg:height="0.661cm" xlink:href="67358" draw:filter-name=""/></text:p>

    </table:table-cell>
    <table:table-cell table:value-type="string">
     <text:p text:style-name="Paragraph"><help:help-text value="visible">Vuelve a la ventana anterior del diálogo.</help:help-text></text:p>
    </table:table-cell>
   </table:table-row>
  </table:table>
  <text:p text:style-name="Head 3"><help:help-id value="HID_TEMPLATEDLG_TB_PREV"/>Subir un nivel</text:p>
  <table:table table:name="Tabelle4" table:style-name="Tabelle4">
   <table:table-column table:style-name="Tabelle4.A"/>
   <table:table-column table:style-name="Tabelle4.B"/>
   <table:table-row>
    <table:table-cell table:value-type="string">
     <text:p text:style-name="Paragraph"><draw:image draw:name="Símbolo1" svg:desc="Símbolo" svg:pixelx="25" svg:pixely="25" svg:width="0.661cm" svg:height="0.661cm" xlink:href="67359" draw:filter-name=""/></text:p>

    </table:table-cell>
    <table:table-cell table:value-type="string">
     <text:p text:style-name="Paragraph"><help:help-text value="visible">Se desplaza al nivel superior de carpetas, si existe.</help:help-text></text:p>
    </table:table-cell>
   </table:table-row>
  </table:table>
  <text:p text:style-name="Head 3"><help:help-id value="HID_TEMPLATEDLG_TB_PRINT"/>Imprimir</text:p>
  <table:table table:name="Tabelle5" table:style-name="Tabelle5">
   <table:table-column table:style-name="Tabelle5.A"/>
   <table:table-column table:style-name="Tabelle5.B"/>
   <table:table-row>
    <table:table-cell table:value-type="string">
     <text:p text:style-name="Paragraph"><draw:image draw:name="Símbolo2" svg:desc="Símbolo" svg:pixelx="25" svg:pixely="25" svg:width="0.661cm" svg:height="0.661cm" xlink:href="65919" draw:filter-name=""/></text:p>

    </table:table-cell>
    <table:table-cell table:value-type="string">
     <text:p text:style-name="Paragraph"><help:help-text value="visible">Imprime la plantilla o el documento seleccionados.</help:help-text></text:p>
    </table:table-cell>
   </table:table-row>
  </table:table>
  <text:p text:style-name="Head 2">Previsualización</text:p>
  <text:p text:style-name="Paragraph"><help:help-text value="visible">Permite previsualizar la plantilla o el documento así como ver las propiedades del documento.</help:help-text> Para tener una visualización previa de la plantilla o el documento, pulse el símbolo <text:span text:style-name="T1">Previsualización</text:span> situado en la parte superior del cuadro de previsualización que ocupa el lado derecho del diálogo. Para ver las propiedades del documento pulse el símbolo <text:span text:style-name="T1">Propiedades del documento</text:span> situado en la parte superior del cuadro de previsualización.</text:p>
  <text:p text:style-name="Head 3"><help:help-id value="HID_TEMPLATEDLG_TB_PREVIEW"/>Previsualización</text:p>
  <table:table table:name="Tabelle7" table:style-name="Tabelle7">
   <table:table-column table:style-name="Tabelle7.A"/>
   <table:table-column table:style-name="Tabelle7.B"/>
   <table:table-row>
    <table:table-cell table:value-type="string">
     <text:p text:style-name="Paragraph"><draw:image draw:name="Símbolo3" svg:desc="Símbolo" svg:pixelx="25" svg:pixely="25" svg:width="0.661cm" svg:height="0.661cm" xlink:href="67360" draw:filter-name=""/></text:p>

    </table:table-cell>
    <table:table-cell table:value-type="string">
     <text:p text:style-name="Paragraph"><help:help-text value="visible">Permite ver una vista preliminar de la plantilla o el documento seleccionados.</help:help-text></text:p>
    </table:table-cell>
   </table:table-row>
  </table:table>
  <text:p text:style-name="Head 3"><help:help-id value="HID_TEMPLATEDLG_TB_DOCINFO"/>Propiedades del documento</text:p>
  <table:table table:name="Tabelle6" table:style-name="Tabelle6">
   <table:table-column table:style-name="Tabelle6.A"/>
   <table:table-column table:style-name="Tabelle6.B"/>
   <table:table-row>
    <table:table-cell table:value-type="string">
     <text:p text:style-name="Paragraph"><draw:image draw:name="Símbolo4" svg:desc="Símbolo" svg:pixelx="25" svg:pixely="25" svg:width="0.661cm" svg:height="0.661cm" xlink:href="67361" draw:filter-name=""/></text:p>

    </table:table-cell>
    <table:table-cell table:value-type="string">
     <text:p text:style-name="Paragraph"><help:help-text value="visible">Muestra las propiedades de la plantilla o documento seleccionados.</help:help-text></text:p>
    </table:table-cell>
   </table:table-row>
  </table:table>
  <text:p text:style-name="Head 2"><help:help-id value="SVTOOLS_PUSHBUTTON_DLG_DOCTEMPLATE_BTN_DOCTEMPLATE_MANAGE"/>Administrar</text:p>
  <text:p text:style-name="Paragraph"><help:help-text value="visible">Abre el diálogo Administrar plantillas.</help:help-text></text:p>
  <text:p text:style-name="Head 2"><help:help-id value="SVTOOLS_PUSHBUTTON_DLG_DOCTEMPLATE_BTN_DOCTEMPLATE_EDIT"/>Editar</text:p>
  <text:p text:style-name="Paragraph"><help:help-text value="visible">Abre la plantilla seleccionada para editarla.</help:help-text></text:p>
  <text:p text:style-name="Head 2">Abrir</text:p>
  <text:p text:style-name="Paragraph"><help:help-text value="visible">Abre el documento seleccionado o crea un documento basado en la plantilla seleccionada.</help:help-text></text:p>
  <table:table table:name="Tabelle1" table:style-name="Tabelle1">
   <table:table-column table:style-name="Tabelle1.A"/>
   <table:table-column table:style-name="Tabelle1.B"/>
   <table:table-header-rows>
    <table:table-row table:style-name="Tabelle1.1">
     <table:table-cell table:style-name="Tabelle1.A1" table:value-type="string">
      <text:p text:style-name="Paragraph"/>
     </table:table-cell>
     <table:table-cell table:style-name="Tabelle1.A1" table:value-type="string">
      <text:p text:style-name="Paragraph"/>
     </table:table-cell>
    </table:table-row>
   </table:table-header-rows>
  </table:table>
  <table:table table:name="Tabelle2" table:style-name="Tabelle2">
   <table:table-column table:style-name="Tabelle2.A"/>
   <table:table-column table:style-name="Tabelle2.B"/>
   <table:table-header-rows>
    <table:table-row table:style-name="Tabelle2.1">
     <table:table-cell table:style-name="Tabelle2.A1" table:value-type="string">
      <text:p text:style-name="Paragraph"><draw:image draw:name="Símbolo5" svg:desc="Símbolo de nota" svg:pixelx="32" svg:pixely="32" svg:width="0.847cm" svg:height="0.847cm" xlink:href="65980" draw:filter-name=""/></text:p>

     </table:table-cell>
     <table:table-cell table:style-name="Tabelle2.A1" table:value-type="string">
      <text:p text:style-name="Paragraph">De forma predeterminada, las plantillas y los documentos de ejemplo se guardan en <help:switch select="System"><help:case select ="UNIX">{netinstall}/share/template/english;{userinstall}/user/template</help:case><help:default>C:\{installpath}\share\template\english; C:\{installpath}\user\template.</help:default></help:switch> Para añadir otra carpeta a la ruta seleccione <help:link Id="66242"><text:span text:style-name="T1">Herramientas - Opciones - <help:productname>%PRODUCTNAME</help:productname> - Rutas</text:span></help:link> y luego escriba la ruta.</text:p>
     </table:table-cell>
    </table:table-row>
   </table:table-header-rows>
  </table:table>
  <text:p text:style-name="ParaList"><help:embedded Id="65598" Eid="related"></help:embedded></text:p>
  <text:p text:style-name="ParaList"><help:link Id="65811"></help:link></text:p>
  <text:p text:style-name="ParaList"><help:link Id="65871"></help:link></text:p>
 </office:body>
</office:document>
