

<office:document  xmlns:office="http://openoffice.org/2000/office" xmlns:style="http://openoffice.org/2000/style" xmlns:text="http://openoffice.org/2000/text" xmlns:table="http://openoffice.org/2000/table" xmlns:draw="http://openoffice.org/2000/drawing" xmlns:fo="http://www.w3.org/1999/XSL/Format" xmlns:xlink="http://www.w3.org/1999/xlink" xmlns:number="http://openoffice.org/2000/datastyle" xmlns:svg="http://www.w3.org/2000/svg" xmlns:chart="http://openoffice.org/2000/chart" xmlns:dr3d="http://openoffice.org/2000/dr3d" xmlns:math="http://www.w3.org/1998/Math/MathML" xmlns:form="http://openoffice.org/2000/form" xmlns:script="http://openoffice.org/2000/script" office:class="text" office:version="1.0" xmlns:dc="http://purl.org/dc/elements/1.1/" xmlns:meta="http://openoffice.org/2000/meta" xmlns:help="http://openoffice.org/2000/help">
<office:meta>
  <dc:description>text/common/01/02180000</dc:description>
  <dc:subject>Editar vínculos</dc:subject>

  <dc:language>es-ES</dc:language>
  <meta:user-defined meta:name="Info 0">READY</meta:user-defined>
  <meta:user-defined meta:name="Info 1">FREE_OK</meta:user-defined>
  <meta:user-defined meta:name="Info 2"/>
  <meta:user-defined meta:name="Info 3"/>
</office:meta>
 <office:script/>
 <office:font-decls>
  <style:font-decl style:name="StarSymbol" fo:font-family="StarSymbol" style:font-charset="x-symbol"/>
  <style:font-decl style:name="Courier New" fo:font-family="&apos;Courier New&apos;" style:font-style-name="Standard" style:font-family-generic="modern" style:font-pitch="fixed"/>
  <style:font-decl style:name="Courier" fo:font-family="Courier" style:font-family-generic="roman" style:font-pitch="fixed"/>
  <style:font-decl style:name="Arial Unicode MS" fo:font-family="&apos;Arial Unicode MS&apos;" style:font-pitch="variable"/>
  <style:font-decl style:name="HG Mincho Light J" fo:font-family="&apos;HG Mincho Light J&apos;" style:font-pitch="variable"/>
  <style:font-decl style:name="Times New Roman3" fo:font-family="&apos;Times New Roman&apos;" style:font-pitch="variable"/>
  <style:font-decl style:name="Thorndale" fo:font-family="Thorndale" style:font-family-generic="roman" style:font-pitch="variable"/>
  <style:font-decl style:name="Times New Roman2" fo:font-family="&apos;Times New Roman&apos;" style:font-style-name="Fett" style:font-family-generic="roman" style:font-pitch="variable"/>
  <style:font-decl style:name="Times New Roman" fo:font-family="&apos;Times New Roman&apos;" style:font-style-name="Standard" style:font-family-generic="roman" style:font-pitch="variable"/>
  <style:font-decl style:name="Times New Roman1" fo:font-family="&apos;Times New Roman&apos;" style:font-family-generic="swiss" style:font-pitch="variable"/>
 </office:font-decls>
 <office:automatic-styles>
  <style:style style:name="Tabelle2" style:family="table">
   <style:properties style:width="18cm" table:align="margins"/>
  </style:style>
  <style:style style:name="Tabelle2.A" style:family="table-column">
   <style:properties style:column-width="1.499cm" style:rel-column-width="850*"/>
  </style:style>
  <style:style style:name="Tabelle2.B" style:family="table-column">
   <style:properties style:column-width="16.498cm" style:rel-column-width="9352*"/>
  </style:style>
  <style:style style:name="Tabelle2.1" style:family="table-row">
   <style:properties style:min-row-height="0.848cm"/>
  </style:style>
  <style:style style:name="Tabelle2.A1" style:family="table-cell">
   <style:properties fo:padding="0cm" fo:border="none"/>
  </style:style>
  <style:style style:name="P1" style:family="paragraph" style:parent-style-name="Paragraph" style:master-page-name="HTML">
   <style:properties style:page-number="0"/>
  </style:style>
  <style:style style:name="T1" style:family="text">
   <style:properties fo:font-weight="bold"/>
  </style:style>
  <style:style style:name="fr1" style:family="graphics" style:parent-style-name="Graphics">
   <style:properties fo:margin-left="0cm" fo:margin-right="0cm" fo:margin-top="0cm" fo:margin-bottom="0cm" style:run-through="foreground" style:wrap="run-through" style:vertical-pos="middle" style:vertical-rel="paragraph" style:horizontal-pos="left" style:horizontal-rel="paragraph" style:mirror="none" fo:clip="rect(0cm 0cm 0cm 0cm)" draw:luminance="0%" draw:contrast="0%" draw:red="0%" draw:green="0%" draw:blue="0%" draw:gamma="1" draw:color-inversion="false" draw:transparency="-100%" draw:color-mode="standard"/>
  </style:style>
 </office:automatic-styles>
 <office:body>
  <text:variable-decls>
   <text:variable-decl text:value-type="string" text:name="HTML_ON"/>
   <text:variable-decl text:value-type="string" text:name="HTML_OFF"/>
   <text:variable-decl text:value-type="string" text:name="TITEL"/>
   <text:variable-decl text:value-type="string" text:name="END"/>
   <text:variable-decl text:value-type="string" text:name="NAME"/>
   <text:variable-decl text:value-type="string" text:name="HREF"/>
   <text:variable-decl text:value-type="string" text:name="HelpID"/>
   <text:variable-decl text:value-type="string" text:name="MODIFY"/>
   <text:variable-decl text:value-type="string" text:name="REFNR"/>
   <text:variable-decl text:value-type="string" text:name="KEY"/>
   <text:variable-decl text:value-type="string" text:name="INDEX"/>
   <text:variable-decl text:value-type="string" text:name="AKTHLP"/>
   <text:variable-decl text:value-type="string" text:name="HFELD"/>
   <text:variable-decl text:value-type="string" text:name="STYLE"/>
  </text:variable-decls>
  <text:sequence-decls>
   <text:sequence-decl text:display-outline-level="0" text:name="Illustration"/>
   <text:sequence-decl text:display-outline-level="0" text:name="Table"/>
   <text:sequence-decl text:display-outline-level="0" text:name="Text"/>
   <text:sequence-decl text:display-outline-level="0" text:name="Drawing"/>
  </text:sequence-decls>
  <text:p text:style-name="P1"/>
  <text:p text:style-name="Head 1"><help:help-id value="SO3_MODALDIALOG_MD_UPDATE_BASELINKS"/><help:help-id value="FN_EDIT_LINK_DLG"/><help:help-id value="SID_LINKS"/><help:help-id value="SID_MANAGE_LINKS"/>Editar vínculos</text:p>
  <text:p text:style-name="Paragraph"><help:to-be-embedded Eid="verknuepfungentext"><help:help-text value="visible">Permite editar las propiedades de cada enlace en el documento actual e incluye la ruta al archivo fuente. Esta orden no está disponible si el documento actual no contiene enlaces a otros archivos.</help:help-text></help:to-be-embedded></text:p>
  <help:popup Id="65620" Eid="link"><help:embedded Id="65598" Eid="wie"></help:embedded></help:popup>
  <text:p text:style-name="Paragraph">La ruta original y el nombre de archivo de un <help:popup Id="65619" Eid="verknuepfung">vínculo</help:popup> se mantienen incluso cuando el archivo vinculado se desplaza a otro directorio. Si devuelve el archivo vinculado a su directorio original, <text:s/>lo puede utilizar de nuevo en el documento.</text:p>
  <table:table table:name="Tabelle2" table:style-name="Tabelle2">
   <table:table-column table:style-name="Tabelle2.A"/>
   <table:table-column table:style-name="Tabelle2.B"/>
   <table:table-header-rows>
    <table:table-row table:style-name="Tabelle2.1">
     <table:table-cell table:style-name="Tabelle2.A1" table:value-type="string">
      <text:p text:style-name="Paragraph"><draw:image draw:name="Imagen0" svg:desc="Sin descripción" svg:pixelx="32" svg:pixely="32" svg:width="0.847cm" svg:height="0.847cm" xlink:href="65980" draw:filter-name=""/></text:p>

     </table:table-cell>
     <table:table-cell table:style-name="Tabelle2.A1" table:value-type="string">
      <text:p text:style-name="Paragraph"><help:key-word value="abrir; con vínculo" tag="kw65787_1"/><help:key-word value="vínculos; actualizar al abrir" tag="kw65787_4"/><help:key-word value="actualizar; vínculos al abrir" tag="kw65787_3"/><help:key-word value="vínculos; abrir con" tag="kw65787_2"/>Al abrir un archivo que contiene vínculos se le solicitará si desea actualizarlos. Según el lugar en el que estén almacenados los archivos vinculados, el proceso de actualización puede tardar varios minutos en completarse.</text:p>
      <text:p text:style-name="Paragraph">Al cargar un archivo que contenga vínculos DE, obtendrá un mensaje para actualizar los vínculos. No acepte la actualización si no quiere establecer una conexión con el servidor DDE.</text:p>
     </table:table-cell>
    </table:table-row>
   </table:table-header-rows>
  </table:table>
  <text:p text:style-name="Head 2">Archivo fuente</text:p>
  <text:p text:style-name="Paragraph">Lista la ruta hacia el archivo fuente.</text:p>
  <text:p text:style-name="Head 2">Elemento</text:p>
  <text:p text:style-name="Paragraph">Muestra la aplicación en la que se guardó por última vez el archivo fuente, si ésta se conoce.</text:p>
  <text:p text:style-name="Head 2">Tipo</text:p>
  <text:p text:style-name="Paragraph">Muestra el tipo de archivo, como, por ejemplo, imagen, del archivo fuente.</text:p>
  <text:p text:style-name="Head 2">Estado</text:p>
  <text:p text:style-name="Paragraph">Lista información adicional sobre el archivo fuente.</text:p>
  <text:p text:style-name="Head 2"><help:help-id value="SO3_RADIOBUTTON_MD_UPDATE_BASELINKS_RB_AUTOMATIC"/>Automático</text:p>
  <text:p text:style-name="Paragraph"><help:help-text value="visible">Actualiza automáticamente el contenido del enlace cuando se abre el archivo. Todos los cambios que se hacen en el archivo fuente se muestran a continuación en el archivo que contiene el enlace. Los archivos gráficos con enlace sólo se actualizan de forma manual.</help:help-text> <text:s/>Esta opción no está disponible para un archivo gráfico enlazado.</text:p>
  <text:p text:style-name="Paragraph"><help:switch select="Program"><help:case select="CALC">La opción <text:span text:style-name="T1">Automático</text:span> sólo está disponible en el caso de vínculos DDE. Para insertar un vínculo DDE copie el contenido de un archivo y péguelo con <text:span text:style-name="T1">Editar - Pegado especial</text:span> y luego seleccione el cuadro <text:span text:style-name="T1">Vínculo</text:span>. <text:s/>DDE es un sistema de vinculación basado en texto, por lo que sólo se copiarán en la hoja destino los decimales mostrados.</help:case></help:switch></text:p>
  <text:p text:style-name="Head 2"><help:help-id value="SO3_RADIOBUTTON_MD_UPDATE_BASELINKS_RB_MANUAL"/>Manual</text:p>
  <text:p text:style-name="Paragraph"><help:help-text value="visible">Sólo actualiza el enlace si se pulsa el botón <text:span text:style-name="T1">Actualización</text:span>.</help:help-text></text:p>
  <text:p text:style-name="Head 2"><help:help-id value="SO3_PUSHBUTTON_MD_UPDATE_BASELINKS_PB_UPDATE_NOW"/>Actualizar</text:p>
  <text:p text:style-name="Paragraph"><help:help-text value="visible">Actualiza el vínculo seleccionado para que en el documento actual se muestre la versión más reciente del archivo vinculado.</help:help-text></text:p>
  <text:p text:style-name="Head 2"><help:help-id value="SO3_PUSHBUTTON_MD_UPDATE_BASELINKS_PB_CHANGE_SOURCE"/>Modificar</text:p>
  <text:p text:style-name="Paragraph"><help:help-text value="visible">Cambia el archivo fuente del vínculo seleccionado.</help:help-text></text:p>
  <text:p text:style-name="Head 2"><help:help-id value="SO3_PUSHBUTTON_MD_UPDATE_BASELINKS_PB_BREAK_LINK"/>Interrumpir</text:p>
  <text:p text:style-name="Paragraph"><help:help-text value="visible">Rompe el vínculo entre el archivo fuente y el documento actual. El contenido más reciente del archivo fuente se guarda en el documento actual.</help:help-text></text:p>
 </office:body>
</office:document>
