

<office:document  xmlns:office="http://openoffice.org/2000/office" xmlns:style="http://openoffice.org/2000/style" xmlns:text="http://openoffice.org/2000/text" xmlns:table="http://openoffice.org/2000/table" xmlns:draw="http://openoffice.org/2000/drawing" xmlns:fo="http://www.w3.org/1999/XSL/Format" xmlns:xlink="http://www.w3.org/1999/xlink" xmlns:number="http://openoffice.org/2000/datastyle" xmlns:svg="http://www.w3.org/2000/svg" xmlns:chart="http://openoffice.org/2000/chart" xmlns:dr3d="http://openoffice.org/2000/dr3d" xmlns:math="http://www.w3.org/1998/Math/MathML" xmlns:form="http://openoffice.org/2000/form" xmlns:script="http://openoffice.org/2000/script" office:class="text" office:version="1.0" xmlns:dc="http://purl.org/dc/elements/1.1/" xmlns:meta="http://openoffice.org/2000/meta" xmlns:help="http://openoffice.org/2000/help">
<office:meta>
  <dc:description>text/common/01/03010000</dc:description>
  <dc:subject>Escalar</dc:subject>
  <meta:keywords>
   <meta:keyword>$Version</meta:keyword>
  </meta:keywords>
  <dc:language>es-ES</dc:language>
  <meta:user-defined meta:name="Info 0">READY</meta:user-defined>
  <meta:user-defined meta:name="Info 1">FREE_OK</meta:user-defined>
  <meta:user-defined meta:name="Info 2"/>
  <meta:user-defined meta:name="Info 3"/>
</office:meta>
 <office:script/>
 <office:font-decls>
  <style:font-decl style:name="StarSymbol" fo:font-family="StarSymbol" style:font-charset="x-symbol"/>
  <style:font-decl style:name="Courier New" fo:font-family="&apos;Courier New&apos;" style:font-style-name="Standard" style:font-family-generic="modern" style:font-pitch="fixed"/>
  <style:font-decl style:name="Courier" fo:font-family="Courier" style:font-family-generic="roman" style:font-pitch="fixed"/>
  <style:font-decl style:name="Arial Unicode MS" fo:font-family="&apos;Arial Unicode MS&apos;" style:font-pitch="variable"/>
  <style:font-decl style:name="HG Mincho Light J" fo:font-family="&apos;HG Mincho Light J&apos;" style:font-pitch="variable"/>
  <style:font-decl style:name="Times New Roman3" fo:font-family="&apos;Times New Roman&apos;" style:font-pitch="variable"/>
  <style:font-decl style:name="Thorndale" fo:font-family="Thorndale" style:font-family-generic="roman" style:font-pitch="variable"/>
  <style:font-decl style:name="Times New Roman2" fo:font-family="&apos;Times New Roman&apos;" style:font-style-name="Fett" style:font-family-generic="roman" style:font-pitch="variable"/>
  <style:font-decl style:name="Times New Roman" fo:font-family="&apos;Times New Roman&apos;" style:font-style-name="Standard" style:font-family-generic="roman" style:font-pitch="variable"/>
  <style:font-decl style:name="Times New Roman1" fo:font-family="&apos;Times New Roman&apos;" style:font-family-generic="swiss" style:font-pitch="variable"/>
 </office:font-decls>
 <office:automatic-styles>
  <style:style style:name="Tabelle1" style:family="table">
   <style:properties style:width="18cm" table:align="margins"/>
  </style:style>
  <style:style style:name="Tabelle1.A" style:family="table-column">
   <style:properties style:column-width="1.499cm" style:rel-column-width="850*"/>
  </style:style>
  <style:style style:name="Tabelle1.B" style:family="table-column">
   <style:properties style:column-width="16.498cm" style:rel-column-width="9352*"/>
  </style:style>
  <style:style style:name="Tabelle1.1" style:family="table-row">
   <style:properties style:min-row-height="0.848cm"/>
  </style:style>
  <style:style style:name="Tabelle1.A1" style:family="table-cell">
   <style:properties fo:padding="0cm" fo:border="none"/>
  </style:style>
  <style:style style:name="P1" style:family="paragraph" style:parent-style-name="Paragraph" style:master-page-name="HTML">
   <style:properties style:page-number="0"/>
  </style:style>
  <style:style style:name="T1" style:family="text">
   <style:properties fo:font-weight="bold"/>
  </style:style>
  <style:style style:name="fr1" style:family="graphics" style:parent-style-name="Graphics">
   <style:properties fo:margin-left="0cm" fo:margin-right="0cm" fo:margin-top="0cm" fo:margin-bottom="0cm" style:run-through="foreground" style:wrap="run-through" style:vertical-pos="middle" style:vertical-rel="paragraph" style:horizontal-pos="left" style:horizontal-rel="paragraph" style:mirror="none" fo:clip="rect(0cm 0cm 0cm 0cm)" draw:luminance="0%" draw:contrast="0%" draw:red="0%" draw:green="0%" draw:blue="0%" draw:gamma="1" draw:color-inversion="false" draw:transparency="-100%" draw:color-mode="standard"/>
  </style:style>
 </office:automatic-styles>
 <office:body>
  <text:variable-decls>
   <text:variable-decl text:value-type="string" text:name="HTML_ON"/>
   <text:variable-decl text:value-type="string" text:name="HTML_OFF"/>
   <text:variable-decl text:value-type="string" text:name="TITEL"/>
   <text:variable-decl text:value-type="string" text:name="END"/>
   <text:variable-decl text:value-type="string" text:name="OS2"/>
   <text:variable-decl text:value-type="string" text:name="ELSE"/>
   <text:variable-decl text:value-type="string" text:name="HREF"/>
   <text:variable-decl text:value-type="string" text:name="NAME"/>
   <text:variable-decl text:value-type="string" text:name="HelpID"/>
   <text:variable-decl text:value-type="string" text:name="MODIFY"/>
   <text:variable-decl text:value-type="string" text:name="REFNR"/>
   <text:variable-decl text:value-type="string" text:name="HFELD"/>
   <text:variable-decl text:value-type="string" text:name="KEY"/>
   <text:variable-decl text:value-type="string" text:name="AKTHLP"/>
   <text:variable-decl text:value-type="string" text:name="INDEX"/>
   <text:variable-decl text:value-type="string" text:name="STYLE"/>
  </text:variable-decls>
  <text:sequence-decls>
   <text:sequence-decl text:display-outline-level="0" text:name="Illustration"/>
   <text:sequence-decl text:display-outline-level="0" text:name="Table"/>
   <text:sequence-decl text:display-outline-level="0" text:name="Text"/>
   <text:sequence-decl text:display-outline-level="0" text:name="Drawing"/>
  </text:sequence-decls>
  <text:p text:style-name="P1"/>
  <text:p text:style-name="Head 1"><help:help-id value="SID_ATTR_ZOOM"/><help:key-word value="escalar; visualizaciones" tag="kw65859_1"/><help:key-word value="aumentar y reducir; visualizaciones" tag="kw65859_9"/><help:key-word value="visualizaciones; escalar" tag="kw65859_8"/><help:key-word value="pantalla; escalar" tag="kw65859_7"/><help:key-word value="escalar; aumentar y reducir" tag="kw65859_6"/><help:key-word value="páginas; escalar" tag="kw65859_5"/><help:key-word value="aumentar" tag="kw65859_4"/><help:key-word value="reducir" tag="kw65859_3"/>Escalar</text:p>
  <text:p text:style-name="Paragraph"><help:to-be-embedded Eid="massstabtext"><help:help-text value="visible">Reduce o aumenta el tamaño de la visualización en pantalla del documento actual.</help:help-text></help:to-be-embedded> El factor de escala actual se muestra en la barra de estado.</text:p>
  <help:executeurl Id="slot:10000"></help:executeurl><help:popup Id="65612" Eid="masstab"><help:embedded Id="65598" Eid="wie"></help:embedded></help:popup>
  <table:table table:name="Tabelle1" table:style-name="Tabelle1">
   <table:table-column table:style-name="Tabelle1.A"/>
   <table:table-column table:style-name="Tabelle1.B"/>
   <table:table-header-rows>
    <table:table-row table:style-name="Tabelle1.1">
     <table:table-cell table:style-name="Tabelle1.A1" table:value-type="string">
      <text:p text:style-name="Paragraph"><draw:image draw:name="Símbolo0" svg:desc="Este símbolo señala el texto que contiene información adicional." svg:pixelx="32" svg:pixely="32" svg:width="0.847cm" svg:height="0.847cm" xlink:href="65980" draw:filter-name=""/></text:p>

     </table:table-cell>
     <table:table-cell table:style-name="Tabelle1.A1" table:value-type="string">
      <text:p text:style-name="Paragraph"><help:key-word value="escalamiento; en plataformas" tag="kw65859_2"/>La aplicación de la escala funciona de manera distinta en las plataformas Unix, Linux y Windows. Un documento guardado con un factor de escala 100% en Windows se muestra con un factor de escala mayor en las plataformas Unix/Linux. Para cambiar el factor predeterminado de escala para los documentos, menús y diálogos de <help:productname>%PRODUCTNAME</help:productname>, seleccione <text:span text:style-name="T1">Herramientas - Opciones - <help:productname>%PRODUCTNAME</help:productname> - Ver</text:span> y luego escriba un valor nuevo en el cuadro <text:span text:style-name="T1">Escala</text:span>.</text:p>
     </table:table-cell>
    </table:table-row>
   </table:table-header-rows>
  </table:table>
  <text:p text:style-name="Head 2">Aumento</text:p>
  <text:p text:style-name="Paragraph">Defina el factor de escala en el que mostrar el documento actual.</text:p>
  <text:p text:style-name="Head 3"><help:help-id value="SVX_RADIOBUTTON_RID_SVXDLG_ZOOM_BTN_WHOLE_PAGE"/><help:help-id value="HID_MNU_ZOOM_WHOLE_PAGE"/>Toda la página</text:p>
  <text:p text:style-name="Paragraph"><help:help-text value="visible">Muestra toda la página en pantalla.</help:help-text></text:p>
  <text:p text:style-name="Head 3"><help:help-id value="SVX_RADIOBUTTON_RID_SVXDLG_ZOOM_BTN_PAGE_WIDTH"/><help:help-id value="HID_MNU_ZOOM_PAGE_WIDTH"/>Ancho de página</text:p>
  <text:p text:style-name="Paragraph"><help:help-text value="visible">Muestra el ancho completo de la página del documento. Los bordes superiores e inferiores de la página pueden no estar visibles.</help:help-text></text:p>
  <text:p text:style-name="Head 3"><help:help-id value="SVX_RADIOBUTTON_RID_SVXDLG_ZOOM_BTN_OPTIMAL"/><help:help-id value="HID_MNU_ZOOM_OPTIMAL"/>Óptimo</text:p>
  <text:p text:style-name="Paragraph"><help:help-text value="visible"><help:switch select="Program"><help:case select="CALC">Ajusta el tamaño de la visualización al ancho de las celdas seleccionadas.</help:case><help:default> Ajusta el tamaño de la visualización al ancho del texto del documento.</help:default></help:switch></help:help-text></text:p>
  <text:p text:style-name="Head 3"><help:help-id value="HID_MNU_ZOOM_200"/><help:help-id value="SVX_RADIOBUTTON_RID_SVXDLG_ZOOM_BTN_200"/>200 %</text:p>
  <text:p text:style-name="Paragraph"><help:help-text value="visible">Muestra el documento con un tamaño dos veces mayor que el real.</help:help-text></text:p>
  <text:p text:style-name="Head 3"><help:help-id value="HID_MNU_ZOOM_150"/><help:help-id value="SVX_RADIOBUTTON_RID_SVXDLG_ZOOM_BTN_150"/>150 %</text:p>
  <text:p text:style-name="Paragraph"><help:help-text value="visible">Muestra el documento con un tamaño una vez y media mayor que el real.</help:help-text></text:p>
  <help:to-be-embedded Eid="hdrt">
  <text:p text:style-name="Head 3"><help:help-id value="HID_MNU_ZOOM_100"/><help:help-id value="SID_VIEW100"/><help:help-id value="SVX_RADIOBUTTON_RID_SVXDLG_ZOOM_BTN_100"/>100 %</text:p>
  <text:p text:style-name="Paragraph"><help:help-text value="visible">Muestra el documento con su tamaño real.</help:help-text></text:p>
  </help:to-be-embedded>
  <text:p text:style-name="Head 3"><help:help-id value="HID_MNU_ZOOM_75"/><help:help-id value="SVX_RADIOBUTTON_RID_SVXDLG_ZOOM_BTN_75"/>75 %</text:p>
  <text:p text:style-name="Paragraph"><help:help-text value="visible">Muestra el documento al 75% de su tamaño real.</help:help-text></text:p>
  <text:p text:style-name="Head 3"><help:help-id value="HID_MNU_ZOOM_50"/><help:help-id value="SVX_RADIOBUTTON_RID_SVXDLG_ZOOM_BTN_50"/>50 %</text:p>
  <text:p text:style-name="Paragraph"><help:help-text value="visible">Muestra el documento con un tamaño a la mitad del real.</help:help-text></text:p>
  <text:p text:style-name="Head 3"><help:help-id value="SVX_RADIOBUTTON_RID_SVXDLG_ZOOM_BTN_USER"/><help:help-id value="SVX_METRICFIELD_RID_SVXDLG_ZOOM_ED_USER"/>Variable</text:p>
  <text:p text:style-name="Paragraph"><help:help-text value="visible">Permite indicar el factor de escala con el que se desea ver el documento. Pulse aquí y luego escriba un porcentaje en el cuadro.</help:help-text></text:p>
  <text:p text:style-name="Paragraph">Para indicar el factor de escala también se pueden utilizar los botones en forma de flecha situados junto al cuadro <text:span text:style-name="T1">Variable</text:span> .</text:p>
 </office:body>
</office:document>
