

<office:document  xmlns:office="http://openoffice.org/2000/office" xmlns:style="http://openoffice.org/2000/style" xmlns:text="http://openoffice.org/2000/text" xmlns:table="http://openoffice.org/2000/table" xmlns:draw="http://openoffice.org/2000/drawing" xmlns:fo="http://www.w3.org/1999/XSL/Format" xmlns:xlink="http://www.w3.org/1999/xlink" xmlns:number="http://openoffice.org/2000/datastyle" xmlns:svg="http://www.w3.org/2000/svg" xmlns:chart="http://openoffice.org/2000/chart" xmlns:dr3d="http://openoffice.org/2000/dr3d" xmlns:math="http://www.w3.org/1998/Math/MathML" xmlns:form="http://openoffice.org/2000/form" xmlns:script="http://openoffice.org/2000/script" office:class="text" office:version="1.0" xmlns:dc="http://purl.org/dc/elements/1.1/" xmlns:meta="http://openoffice.org/2000/meta" xmlns:help="http://openoffice.org/2000/help">
<office:meta>
  <dc:description>text/common/01/04150300</dc:description>
  <dc:subject>Insertar miniaplicaciones</dc:subject>

  <dc:language>es-ES</dc:language>
  <meta:user-defined meta:name="Info 0">READY</meta:user-defined>
  <meta:user-defined meta:name="Info 1">FREE_OK</meta:user-defined>
  <meta:user-defined meta:name="Info 2"/>
  <meta:user-defined meta:name="Info 3"/>
</office:meta>
 <office:script/>
 <office:font-decls>
  <style:font-decl style:name="StarSymbol" fo:font-family="StarSymbol" style:font-charset="x-symbol"/>
  <style:font-decl style:name="Courier New" fo:font-family="&apos;Courier New&apos;" style:font-style-name="Standard" style:font-family-generic="modern" style:font-pitch="fixed"/>
  <style:font-decl style:name="Courier" fo:font-family="Courier" style:font-family-generic="roman" style:font-pitch="fixed"/>
  <style:font-decl style:name="Arial Unicode MS" fo:font-family="&apos;Arial Unicode MS&apos;" style:font-pitch="variable"/>
  <style:font-decl style:name="HG Mincho Light J" fo:font-family="&apos;HG Mincho Light J&apos;" style:font-pitch="variable"/>
  <style:font-decl style:name="Times New Roman3" fo:font-family="&apos;Times New Roman&apos;" style:font-pitch="variable"/>
  <style:font-decl style:name="Thorndale" fo:font-family="Thorndale" style:font-family-generic="roman" style:font-pitch="variable"/>
  <style:font-decl style:name="Times New Roman2" fo:font-family="&apos;Times New Roman&apos;" style:font-style-name="Fett" style:font-family-generic="roman" style:font-pitch="variable"/>
  <style:font-decl style:name="Times New Roman" fo:font-family="&apos;Times New Roman&apos;" style:font-style-name="Standard" style:font-family-generic="roman" style:font-pitch="variable"/>
  <style:font-decl style:name="Times New Roman1" fo:font-family="&apos;Times New Roman&apos;" style:font-family-generic="swiss" style:font-pitch="variable"/>
 </office:font-decls>
 <office:automatic-styles>
  <style:style style:name="P1" style:family="paragraph" style:parent-style-name="Paragraph" style:master-page-name="HTML">
   <style:properties style:page-number="0"/>
  </style:style>
  <style:style style:name="T1" style:family="text">
   <style:properties fo:font-weight="bold"/>
  </style:style>
  <style:style style:name="T2" style:family="text">
   <style:properties fo:font-style="italic"/>
  </style:style>
 </office:automatic-styles>
 <office:body>
  <text:variable-decls>
   <text:variable-decl text:value-type="string" text:name="HTML_ON"/>
   <text:variable-decl text:value-type="string" text:name="HTML_OFF"/>
   <text:variable-decl text:value-type="string" text:name="TITEL"/>
   <text:variable-decl text:value-type="string" text:name="END"/>
   <text:variable-decl text:value-type="string" text:name="HREF"/>
   <text:variable-decl text:value-type="string" text:name="NAME"/>
   <text:variable-decl text:value-type="string" text:name="HFELD"/>
   <text:variable-decl text:value-type="string" text:name="HelpID"/>
   <text:variable-decl text:value-type="string" text:name="MODIFY"/>
   <text:variable-decl text:value-type="string" text:name="REFNR"/>
   <text:variable-decl text:value-type="string" text:name="KEY"/>
   <text:variable-decl text:value-type="string" text:name="AKTHLP"/>
   <text:variable-decl text:value-type="string" text:name="INDEX"/>
   <text:variable-decl text:value-type="string" text:name="STYLE"/>
  </text:variable-decls>
  <text:sequence-decls>
   <text:sequence-decl text:display-outline-level="0" text:name="Illustration"/>
   <text:sequence-decl text:display-outline-level="0" text:name="Table"/>
   <text:sequence-decl text:display-outline-level="0" text:name="Text"/>
   <text:sequence-decl text:display-outline-level="0" text:name="Drawing"/>
  </text:sequence-decls>
  <text:p text:style-name="P1"/>
  <text:p text:style-name="Head 1"><help:help-id value="SO3_MODALDIALOG_MD_INSERT_OBJECT_APPLET"/><help:help-id value="SID_INSERT_APPLET"/><help:key-word value="miniaplicaciones; insertar" tag="kw65656_1"/><help:key-word value="insertar; miniaplicaciones" tag="kw65656_2"/>Insertar miniaplicaciones</text:p>
  <text:p text:style-name="Paragraph"><help:to-be-embedded Eid="applet"><help:help-text value="visible">Inserta una <help:popup Id="65629" Eid="applet">applet</help:popup> escrita en el lenguaje de programación de Java (denominada &quot;applet de Java&quot; en los párrafos subsiguientes) en el documento actual.</help:help-text></help:to-be-embedded></text:p>
  <help:popup Id="65610" Eid="objektapplet"><help:embedded Id="65598" Eid="wie"></help:embedded></help:popup>
  <text:p text:style-name="Head 2">Archivo</text:p>
  <text:p text:style-name="Paragraph">Escriba el nombre y la ubicación de la miniaplicación de Java.</text:p>
  <text:p text:style-name="Head 3"><help:help-id value="SO3_EDIT_MD_INSERT_OBJECT_APPLET_ED_CLASSFILE"/>Clase</text:p>
  <text:p text:style-name="Paragraph"><help:help-text value="visible">Muestra el nombre de la applet de Java.</help:help-text></text:p>
  <text:p text:style-name="Head 3"><help:help-id value="SO3_EDIT_MD_INSERT_OBJECT_APPLET_ED_CLASSLOCATION"/>Class Location</text:p>
  <text:p text:style-name="Paragraph"><help:help-text value="visible">Escriba la ruta de acceso a la applet de Java o pulse <text:span text:style-name="T1">Buscar</text:span> y busque la applet que se debe insertar.</help:help-text></text:p>
  <text:p text:style-name="Head 3"><help:help-id value="SO3_PUSHBUTTON_MD_INSERT_OBJECT_APPLET_BTN_CLASS"/>Buscar...</text:p>
  <text:p text:style-name="Paragraph"><help:help-text value="visible">Busque la applet de Java que se debe insertar y pulse <text:span text:style-name="T1">Aceptar</text:span>.</help:help-text></text:p>
  <text:p text:style-name="Head 2"><help:help-id value="SO3_MULTILINEEDIT_MD_INSERT_OBJECT_APPLET_ED_APPLET_OPTIONS"/>Opciones</text:p>
  <text:p text:style-name="Paragraph"><help:help-text value="visible">Escriba los parámetros de la applet de Java con el formato <text:span text:style-name="T2">parameter1=&quot;un texto&quot;</text:span>.</help:help-text></text:p>
 </office:body>
</office:document>
