

<office:document  xmlns:office="http://openoffice.org/2000/office" xmlns:style="http://openoffice.org/2000/style" xmlns:text="http://openoffice.org/2000/text" xmlns:table="http://openoffice.org/2000/table" xmlns:draw="http://openoffice.org/2000/drawing" xmlns:fo="http://www.w3.org/1999/XSL/Format" xmlns:xlink="http://www.w3.org/1999/xlink" xmlns:number="http://openoffice.org/2000/datastyle" xmlns:svg="http://www.w3.org/2000/svg" xmlns:chart="http://openoffice.org/2000/chart" xmlns:dr3d="http://openoffice.org/2000/dr3d" xmlns:math="http://www.w3.org/1998/Math/MathML" xmlns:form="http://openoffice.org/2000/form" xmlns:script="http://openoffice.org/2000/script" office:class="text" office:version="1.0" xmlns:dc="http://purl.org/dc/elements/1.1/" xmlns:meta="http://openoffice.org/2000/meta" xmlns:help="http://openoffice.org/2000/help">
<office:meta>
  <dc:description>text/common/01/05020500</dc:description>
  <dc:subject>Posición de fuente / Posición</dc:subject>

  <dc:language>es-ES</dc:language>
  <meta:user-defined meta:name="Info 0">READY</meta:user-defined>
  <meta:user-defined meta:name="Info 1">FREE_OK</meta:user-defined>
  <meta:user-defined meta:name="Info 2"/>
  <meta:user-defined meta:name="Info 3"/>
</office:meta>
 <office:script/>
 <office:font-decls>
  <style:font-decl style:name="StarSymbol" fo:font-family="StarSymbol" style:font-charset="x-symbol"/>
  <style:font-decl style:name="Courier New" fo:font-family="&apos;Courier New&apos;" style:font-style-name="Standard" style:font-family-generic="modern" style:font-pitch="fixed"/>
  <style:font-decl style:name="Courier" fo:font-family="Courier" style:font-family-generic="roman" style:font-pitch="fixed"/>
  <style:font-decl style:name="Arial Unicode MS" fo:font-family="&apos;Arial Unicode MS&apos;" style:font-pitch="variable"/>
  <style:font-decl style:name="HG Mincho Light J" fo:font-family="&apos;HG Mincho Light J&apos;" style:font-pitch="variable"/>
  <style:font-decl style:name="Times New Roman3" fo:font-family="&apos;Times New Roman&apos;" style:font-pitch="variable"/>
  <style:font-decl style:name="Thorndale" fo:font-family="Thorndale" style:font-family-generic="roman" style:font-pitch="variable"/>
  <style:font-decl style:name="Times New Roman2" fo:font-family="&apos;Times New Roman&apos;" style:font-style-name="Fett" style:font-family-generic="roman" style:font-pitch="variable"/>
  <style:font-decl style:name="Times New Roman" fo:font-family="&apos;Times New Roman&apos;" style:font-style-name="Standard" style:font-family-generic="roman" style:font-pitch="variable"/>
  <style:font-decl style:name="Times New Roman1" fo:font-family="&apos;Times New Roman&apos;" style:font-family-generic="swiss" style:font-pitch="variable"/>
 </office:font-decls>
 <office:automatic-styles>
  <style:style style:name="P1" style:family="paragraph" style:parent-style-name="Paragraph" style:master-page-name="HTML">
   <style:properties style:page-number="0"/>
  </style:style>
  <style:style style:name="P2" style:family="paragraph" style:parent-style-name="Paragraph" style:list-style-name="L1"/>
  <style:style style:name="T1" style:family="text">
   <style:properties fo:font-weight="bold"/>
  </style:style>
  <text:list-style style:name="L1">
   <text:list-level-style-bullet text:level="1" text:style-name="Bullet Symbols" style:num-suffix="." text:bullet-char="•">
    <style:properties text:min-label-width="0.499cm" style:font-name="StarSymbol"/>
   </text:list-level-style-bullet>
   <text:list-level-style-bullet text:level="2" text:style-name="Bullet Symbols" style:num-suffix="." text:bullet-char="•">
    <style:properties text:space-before="0.499cm" text:min-label-width="0.499cm" style:font-name="StarSymbol"/>
   </text:list-level-style-bullet>
   <text:list-level-style-bullet text:level="3" text:style-name="Bullet Symbols" style:num-suffix="." text:bullet-char="•">
    <style:properties text:space-before="0.999cm" text:min-label-width="0.499cm" style:font-name="StarSymbol"/>
   </text:list-level-style-bullet>
   <text:list-level-style-bullet text:level="4" text:style-name="Bullet Symbols" style:num-suffix="." text:bullet-char="•">
    <style:properties text:space-before="1.498cm" text:min-label-width="0.499cm" style:font-name="StarSymbol"/>
   </text:list-level-style-bullet>
   <text:list-level-style-bullet text:level="5" text:style-name="Bullet Symbols" style:num-suffix="." text:bullet-char="•">
    <style:properties text:space-before="1.997cm" text:min-label-width="0.499cm" style:font-name="StarSymbol"/>
   </text:list-level-style-bullet>
   <text:list-level-style-bullet text:level="6" text:style-name="Bullet Symbols" style:num-suffix="." text:bullet-char="•">
    <style:properties text:space-before="2.496cm" text:min-label-width="0.499cm" style:font-name="StarSymbol"/>
   </text:list-level-style-bullet>
   <text:list-level-style-bullet text:level="7" text:style-name="Bullet Symbols" style:num-suffix="." text:bullet-char="•">
    <style:properties text:space-before="2.995cm" text:min-label-width="0.499cm" style:font-name="StarSymbol"/>
   </text:list-level-style-bullet>
   <text:list-level-style-bullet text:level="8" text:style-name="Bullet Symbols" style:num-suffix="." text:bullet-char="•">
    <style:properties text:space-before="3.494cm" text:min-label-width="0.499cm" style:font-name="StarSymbol"/>
   </text:list-level-style-bullet>
   <text:list-level-style-bullet text:level="9" text:style-name="Bullet Symbols" style:num-suffix="." text:bullet-char="•">
    <style:properties text:space-before="3.994cm" text:min-label-width="0.499cm" style:font-name="StarSymbol"/>
   </text:list-level-style-bullet>
   <text:list-level-style-bullet text:level="10" text:style-name="Bullet Symbols" style:num-suffix="." text:bullet-char="•">
    <style:properties text:space-before="4.493cm" text:min-label-width="0.499cm" style:font-name="StarSymbol"/>
   </text:list-level-style-bullet>
  </text:list-style>
 </office:automatic-styles>
 <office:body>
  <text:variable-decls>
   <text:variable-decl text:value-type="string" text:name="HTML_ON"/>
   <text:variable-decl text:value-type="string" text:name="HTML_OFF"/>
   <text:variable-decl text:value-type="string" text:name="TITEL"/>
   <text:variable-decl text:value-type="string" text:name="END"/>
   <text:variable-decl text:value-type="string" text:name="HREF"/>
   <text:variable-decl text:value-type="string" text:name="NAME"/>
   <text:variable-decl text:value-type="string" text:name="OS2"/>
   <text:variable-decl text:value-type="string" text:name="ELSE"/>
   <text:variable-decl text:value-type="string" text:name="HelpID"/>
   <text:variable-decl text:value-type="string" text:name="HFELD"/>
   <text:variable-decl text:value-type="string" text:name="MODIFY"/>
   <text:variable-decl text:value-type="string" text:name="REFNR"/>
   <text:variable-decl text:value-type="string" text:name="WIN"/>
   <text:variable-decl text:value-type="string" text:name="KEY"/>
   <text:variable-decl text:value-type="string" text:name="AKTHLP"/>
   <text:variable-decl text:value-type="string" text:name="INDEX"/>
   <text:variable-decl text:value-type="string" text:name="STYLE"/>
  </text:variable-decls>
  <text:sequence-decls>
   <text:sequence-decl text:display-outline-level="0" text:name="Illustration"/>
   <text:sequence-decl text:display-outline-level="0" text:name="Table"/>
   <text:sequence-decl text:display-outline-level="0" text:name="Text"/>
   <text:sequence-decl text:display-outline-level="0" text:name="Drawing"/>
  </text:sequence-decls>
  <help:to-be-embedded Eid="position">
  <text:p text:style-name="Head 1"><help:help-id value="HID_SVXPAGE_CHAR_POSITION"/><help:key-word value="posiciones; fuentes" tag="kw67879_20"/><help:key-word value="formatos; posiciones" tag="kw67879_19"/><help:key-word value="caracteres; posiciones" tag="kw67879_1"/><help:key-word value="texto; posiciones" tag="kw67879_18"/><help:key-word value="efectos; posiciones" tag="kw67879_17"/><help:key-word value="posiciones de fuente; texto" tag="kw67879_16"/><help:switch select="Program"><help:case select="CALC"><help:link Id="67879">Posición de fuente</help:link></help:case><help:default><help:link Id="67879">Posición</help:link></help:default></help:switch></text:p>
  <text:p text:style-name="Paragraph"><help:help-text value="visible">Especifique la posición, escala, rotación y espacio de los caracteres.</help:help-text></text:p>
  </help:to-be-embedded>
  <help:popup Id="65599" Eid="position"><help:embedded Id="65598" Eid="wie"></help:embedded></help:popup>
  <help:embedded Id="65740" Eid="hinweis"></help:embedded>
  <text:p text:style-name="Paragraph"><help:switch select="Program"><help:case select="CALC"><help:embedded Id="68103" Eid="super_subscript"></help:embedded></help:case></help:switch></text:p>
  <text:p text:style-name="Head 2">Posición</text:p>
  <text:p text:style-name="Paragraph">Establezca las opciones de subíndice y superíndice de un carácter.</text:p>
  <text:p text:style-name="Head 3"><help:help-id value="FN_SET_SUPER_SCRIPT"/><help:help-id value="SVX_RADIOBUTTON_RID_SVXPAGE_CHAR_POSITION_RB_HIGHPOS"/><a name="hoch"/>Superíndice<help:key-word value="superíndice; formateado de los caracteres" tag="kw67879_15"/><help:key-word value="caracteres; superíndice" tag="kw67879_14"/></text:p>
  <text:p text:style-name="Paragraph"><help:to-be-embedded Eid="hochtext"><help:help-text value="visible">Reduce el tamaño de la fuente del texto seleccionado y lo eleva por encima de la línea de referencia.</help:help-text></help:to-be-embedded></text:p>
  <text:p text:style-name="Head 3"><help:help-id value="SVX_RADIOBUTTON_RID_SVXPAGE_CHAR_POSITION_RB_NORMALPOS"/>Normal</text:p>
  <text:p text:style-name="Paragraph"><help:help-text value="visible">Elimina el formato de subíndice o superíndice.</help:help-text></text:p>
  <text:p text:style-name="Head 3"><help:help-id value="FN_SET_SUB_SCRIPT"/><help:help-id value="SVX_RADIOBUTTON_RID_SVXPAGE_CHAR_POSITION_RB_LOWPOS"/><a name="tief"/>Subíndice<help:key-word value="subíndice; formateado de los caracteres" tag="kw67879_13"/><help:key-word value="caracteres; subíndice" tag="kw67879_12"/></text:p>
  <text:p text:style-name="Paragraph"><help:to-be-embedded Eid="tieftext"><help:help-text value="visible">Esta opción permite representar la posición de los caracteres desplazada hacia abajo. También puede disminuir el tamaño.</help:help-text></help:to-be-embedded></text:p>
  <text:p text:style-name="Head 3"><help:help-id value="SVX_METRICFIELD_RID_SVXPAGE_CHAR_POSITION_ED_HIGHLOW"/>Super/subíndice en</text:p>
  <text:p text:style-name="Paragraph"><help:help-text value="visible">Escriba cuánto quiere elevar o bajar el texto seleccionado en relación a la línea de referencia. Cien por cien equivale a la altura de la fuente.</help:help-text></text:p>
  <text:p text:style-name="Head 3"><help:help-id value="SVX_METRICFIELD_RID_SVXPAGE_CHAR_POSITION_ED_FONTSIZE"/>Tamaño relativo</text:p>
  <text:p text:style-name="Paragraph"><help:help-text value="visible">Introduzca en qué medida desea reducir el tamaño de la fuente del texto seleccionado.</help:help-text></text:p>
  <text:p text:style-name="Head 3"><help:help-id value="SVX_CHECKBOX_RID_SVXPAGE_CHAR_POSITION_CB_HIGHLOW"/>Automático</text:p>
  <text:p text:style-name="Paragraph"><help:help-text value="visible">Establece automáticamente la medida en la que el texto seleccionado se eleva o se baja en relación con la línea de referencia.</help:help-text></text:p>
  <text:p text:style-name="Head 2">Rotación / Escala</text:p>
  <help:switch select="Program"><help:case select="WRITER">
  <text:p text:style-name="Paragraph">Establezca la rotación y las opciones de escala del texto seleccionado.</text:p>
  <text:p text:style-name="Head 3"><help:help-id value="SVX_RADIOBUTTON_RID_SVXPAGE_CHAR_POSITION_RB_0_DEG"/>0 grados</text:p>
  <text:p text:style-name="Paragraph"><help:help-text value="visible">No gira el texto seleccionado.</help:help-text></text:p>
  <text:p text:style-name="Head 3"><help:help-id value="SVX_RADIOBUTTON_RID_SVXPAGE_CHAR_POSITION_RB_90_DEG"/>90 grados</text:p>
  <text:p text:style-name="Paragraph"><help:help-text value="visible">Gira el texto seleccionado 90 grados a la izquierda.</help:help-text></text:p>
  <text:p text:style-name="Head 3"><help:help-id value="SVX_RADIOBUTTON_RID_SVXPAGE_CHAR_POSITION_RB_270_DEG"/>270 grados</text:p>
  <text:p text:style-name="Paragraph"><help:help-text value="visible">Gira el texto seleccionado 90 grados a la derecha.</help:help-text></text:p>
  <text:p text:style-name="Head 3"><help:help-id value="SVX_CHECKBOX_RID_SVXPAGE_CHAR_POSITION_CB_FIT_TO_LINE"/>Ajustar a fila</text:p>
  <text:p text:style-name="Paragraph"><help:help-text value="visible">Expande o comprime el texto seleccionado de forma que quepa entre la línea situada encima del texto y la situada debajo de él.</help:help-text></text:p>
  </help:case></help:switch>
  <text:p text:style-name="Head 3"><help:help-id value="SVX_METRICFIELD_RID_SVXPAGE_CHAR_POSITION_MF_SCALE_WIDTH"/>Tamaño del ancho</text:p>
  <text:p text:style-name="Paragraph"><help:help-text value="visible">Escriba en qué porcentaje del ancho de fuente se debe expandir o comprimir horizontalmente el texto seleccionado.</help:help-text></text:p>
  <text:p text:style-name="Head 2"><help:key-word value="Espacios; efecto de fuente" tag="kw67879_11"/><help:key-word value="Carácter; espacios" tag="kw67879_10"/><help:key-word value="Texto; espacios" tag="kw67879_9"/><help:key-word value="Texto; expandido" tag="kw67879_8"/>Espacios</text:p>
  <text:p text:style-name="Paragraph">Especifique el espacio entre los caracteres individuales.</text:p>
  <text:p text:style-name="Head 3"><help:help-id value="SVX_LISTBOX_RID_SVXPAGE_CHAR_POSITION_LB_KERNING2"/>Espacios</text:p>
  <text:p text:style-name="Paragraph"><help:help-text value="visible">Especifica el espaciado entre los caracteres del texto seleccionado. En el caso de espacio expandido o condensado, escriba en qué medida desea expandir o condensar el texto en el cuadro <text:span text:style-name="T1">de</text:span>.</help:help-text></text:p>
  <text:unordered-list text:style-name="L1">
   <text:list-item>
    <text:p text:style-name="P2"><text:span text:style-name="T1">Predeterminado</text:span>: utiliza el espaciado de caracteres especificado en el tipo de fuente</text:p>
   </text:list-item>
   <text:list-item>
    <text:p text:style-name="P2"><text:span text:style-name="T1">Expandido</text:span>: aumenta el espacio entre caracteres</text:p>
   </text:list-item>
   <text:list-item>
    <text:p text:style-name="P2"><text:span text:style-name="T1">Condensado</text:span>: disminuye el espacio entre caracteres</text:p>
   </text:list-item>
  </text:unordered-list>
  <text:p text:style-name="Head 3"><help:help-id value="SVX_METRICFIELD_RID_SVXPAGE_CHAR_POSITION_ED_KERNING2"/>Espacio de</text:p>
  <text:p text:style-name="Paragraph"><help:help-text value="visible">Indique en qué medida desea expandir o condensar el espacio entre caracteres para el texto seleccionado.</help:help-text></text:p>
  <text:p text:style-name="Head 3"><help:help-id value="SVX_CHECKBOX_RID_SVXPAGE_CHAR_POSITION_CB_PAIRKERNING"/><help:popup Id="65619" Eid="kerning">Ajuste par entre caracteres</help:popup><help:key-word value="pares de ajustes entre caracteres; caracteres" tag="kw67879_7"/><help:key-word value="ajuste par entre caracteres; caracteres" tag="kw67879_6"/><help:key-word value="ajuste entre caracteres; en caracteres" tag="kw67879_5"/><help:key-word value="caracteres; ajuste entre caracteres" tag="kw67879_4"/><help:key-word value="texto; ajuste entre caracteres" tag="kw67879_3"/><help:key-word value="fuentes; ajuste entre caracteres" tag="kw67879_2"/></text:p>
  <text:p text:style-name="Paragraph"><help:help-text value="visible">Ajustar automáticamente el espacio entre caracteres para combinaciones de letras específicas.</help:help-text></text:p>
  <text:p text:style-name="Paragraph">La función de ajuste entre caracteres sólo está disponible en ciertos tipos de fuentes, y precisa que la impresora admita la opción.</text:p>
  <help:embedded Id="65630" Eid="vorschau"></help:embedded>
 </office:body>
</office:document>
