

<office:document  xmlns:office="http://openoffice.org/2000/office" xmlns:style="http://openoffice.org/2000/style" xmlns:text="http://openoffice.org/2000/text" xmlns:table="http://openoffice.org/2000/table" xmlns:draw="http://openoffice.org/2000/drawing" xmlns:fo="http://www.w3.org/1999/XSL/Format" xmlns:xlink="http://www.w3.org/1999/xlink" xmlns:number="http://openoffice.org/2000/datastyle" xmlns:svg="http://www.w3.org/2000/svg" xmlns:chart="http://openoffice.org/2000/chart" xmlns:dr3d="http://openoffice.org/2000/dr3d" xmlns:math="http://www.w3.org/1998/Math/MathML" xmlns:form="http://openoffice.org/2000/form" xmlns:script="http://openoffice.org/2000/script" office:class="text" office:version="1.0" xmlns:dc="http://purl.org/dc/elements/1.1/" xmlns:meta="http://openoffice.org/2000/meta" xmlns:help="http://openoffice.org/2000/help">
<office:meta>
  <dc:description>text/common/01/05040400</dc:description>
  <dc:subject>Pie de página</dc:subject>

  <dc:language>es-ES</dc:language>
  <meta:user-defined meta:name="Info 0">READY</meta:user-defined>
  <meta:user-defined meta:name="Info 1">FREE_OK</meta:user-defined>
  <meta:user-defined meta:name="Info 2"/>
  <meta:user-defined meta:name="Info 3"/>
</office:meta>
 <office:script/>
 <office:font-decls>
  <style:font-decl style:name="StarSymbol" fo:font-family="StarSymbol" style:font-charset="x-symbol"/>
  <style:font-decl style:name="Courier New" fo:font-family="&apos;Courier New&apos;" style:font-style-name="Standard" style:font-family-generic="modern" style:font-pitch="fixed"/>
  <style:font-decl style:name="Courier" fo:font-family="Courier" style:font-family-generic="roman" style:font-pitch="fixed"/>
  <style:font-decl style:name="Arial Unicode MS" fo:font-family="&apos;Arial Unicode MS&apos;" style:font-pitch="variable"/>
  <style:font-decl style:name="HG Mincho Light J" fo:font-family="&apos;HG Mincho Light J&apos;" style:font-pitch="variable"/>
  <style:font-decl style:name="Times New Roman3" fo:font-family="&apos;Times New Roman&apos;" style:font-pitch="variable"/>
  <style:font-decl style:name="Thorndale" fo:font-family="Thorndale" style:font-family-generic="roman" style:font-pitch="variable"/>
  <style:font-decl style:name="Times New Roman2" fo:font-family="&apos;Times New Roman&apos;" style:font-style-name="Fett" style:font-family-generic="roman" style:font-pitch="variable"/>
  <style:font-decl style:name="Times New Roman" fo:font-family="&apos;Times New Roman&apos;" style:font-style-name="Standard" style:font-family-generic="roman" style:font-pitch="variable"/>
  <style:font-decl style:name="Times New Roman1" fo:font-family="&apos;Times New Roman&apos;" style:font-family-generic="swiss" style:font-pitch="variable"/>
 </office:font-decls>
 <office:automatic-styles>
  <style:style style:name="Tabelle1" style:family="table">
   <style:properties style:width="18cm" table:align="margins"/>
  </style:style>
  <style:style style:name="Tabelle1.A" style:family="table-column">
   <style:properties style:column-width="1.499cm" style:rel-column-width="850*"/>
  </style:style>
  <style:style style:name="Tabelle1.B" style:family="table-column">
   <style:properties style:column-width="16.498cm" style:rel-column-width="9352*"/>
  </style:style>
  <style:style style:name="Tabelle1.1" style:family="table-row">
   <style:properties style:min-row-height="0.848cm"/>
  </style:style>
  <style:style style:name="Tabelle1.A1" style:family="table-cell">
   <style:properties fo:padding="0cm" fo:border="none"/>
  </style:style>
  <style:style style:name="Tabelle2" style:family="table">
   <style:properties style:width="18cm" table:align="margins"/>
  </style:style>
  <style:style style:name="Tabelle2.A" style:family="table-column">
   <style:properties style:column-width="1.499cm" style:rel-column-width="850*"/>
  </style:style>
  <style:style style:name="Tabelle2.B" style:family="table-column">
   <style:properties style:column-width="16.498cm" style:rel-column-width="9352*"/>
  </style:style>
  <style:style style:name="Tabelle2.1" style:family="table-row">
   <style:properties style:min-row-height="0.848cm"/>
  </style:style>
  <style:style style:name="Tabelle2.A1" style:family="table-cell">
   <style:properties fo:padding="0cm" fo:border="none"/>
  </style:style>
  <style:style style:name="P1" style:family="paragraph" style:parent-style-name="Paragraph" style:master-page-name="HTML">
   <style:properties style:page-number="0"/>
  </style:style>
  <style:style style:name="T1" style:family="text">
   <style:properties fo:font-weight="bold"/>
  </style:style>
  <style:style style:name="fr1" style:family="graphics" style:parent-style-name="Graphics">
   <style:properties style:run-through="foreground" style:wrap="run-through" style:vertical-pos="middle" style:vertical-rel="paragraph" style:horizontal-pos="left" style:horizontal-rel="paragraph" style:mirror="none" fo:clip="rect(0cm 0cm 0cm 0cm)" draw:luminance="0%" draw:contrast="0%" draw:red="0%" draw:green="0%" draw:blue="0%" draw:gamma="1" draw:color-inversion="false" draw:transparency="-100%" draw:color-mode="standard"/>
  </style:style>
 </office:automatic-styles>
 <office:body>
  <text:variable-decls>
   <text:variable-decl text:value-type="string" text:name="HTML_ON"/>
   <text:variable-decl text:value-type="string" text:name="HTML_OFF"/>
   <text:variable-decl text:value-type="string" text:name="TITEL"/>
   <text:variable-decl text:value-type="string" text:name="END"/>
   <text:variable-decl text:value-type="string" text:name="OS2"/>
   <text:variable-decl text:value-type="string" text:name="ELSE"/>
   <text:variable-decl text:value-type="string" text:name="HREF"/>
   <text:variable-decl text:value-type="string" text:name="NAME"/>
   <text:variable-decl text:value-type="string" text:name="HFELD"/>
   <text:variable-decl text:value-type="string" text:name="HelpID"/>
   <text:variable-decl text:value-type="string" text:name="MODIFY"/>
   <text:variable-decl text:value-type="string" text:name="REFNR"/>
   <text:variable-decl text:value-type="string" text:name="KEY"/>
   <text:variable-decl text:value-type="string" text:name="MAC"/>
   <text:variable-decl text:value-type="string" text:name="AKTHLP"/>
   <text:variable-decl text:value-type="string" text:name="INDEX"/>
   <text:variable-decl text:value-type="string" text:name="STYLE"/>
  </text:variable-decls>
  <text:sequence-decls>
   <text:sequence-decl text:display-outline-level="0" text:name="Illustration"/>
   <text:sequence-decl text:display-outline-level="0" text:name="Table"/>
   <text:sequence-decl text:display-outline-level="0" text:name="Text"/>
   <text:sequence-decl text:display-outline-level="0" text:name="Drawing"/>
  </text:sequence-decls>
  <help:to-be-embedded Eid="fusszeile">
  <text:p text:style-name="Head 1"><help:help-id value="HID_FORMAT_FOOTER"/><help:switch select="Program"><help:case select="IMPRESS"></help:case><help:case select="DRAW"></help:case><help:case select="MATH"></help:case><help:default><help:key-word value="pies de página; insertar" tag="kw65752_1"/><help:key-word value="insertar; pies de página" tag="kw65752_4"/><help:key-word value="páginas; pies de página" tag="kw65752_3"/><help:key-word value="pies de página; páginas" tag="kw65752_2"/></help:default></help:switch><help:link Id="65752">Pie de página</help:link></text:p>
  <text:p text:style-name="Paragraph"><help:help-text value="visible">Agrega un pie de página en el estilo de página actual. Un pie de página es un área situada en el margen inferior de la página en la que se puede insertar texto o imágenes.</help:help-text></text:p>
  </help:to-be-embedded>
  <text:p text:style-name="Paragraph">Si lo desea puede también agregar al pie de página bordes o un relleno de fondo.</text:p>
  <help:switch select="Program"><help:case select="IMPRESS"><help:embedded Id="68610" Eid="footer"></help:embedded></help:case></help:switch>
  <help:popup Id="65599" Eid="fusszeile"><help:embedded Id="65598" Eid="wie"></help:embedded></help:popup>
  <text:p text:style-name="Paragraph"><help:switch select="Program"><help:case select="WRITER">Para insertar un pie de página en el documento actual, seleccione <text:span text:style-name="T1">Activar pie de página</text:span> y a continuación pulse <text:span text:style-name="T1">Aceptar</text:span>.</help:case></help:switch></text:p>
  <text:p text:style-name="Paragraph">Los marcos anclados a un párrafo de pie de página pueden ocupar los márgenes de la página a la izquierda y a la derecha del pie.</text:p>
  <table:table table:name="Tabelle1" table:style-name="Tabelle1">
   <table:table-column table:style-name="Tabelle1.A"/>
   <table:table-column table:style-name="Tabelle1.B"/>
   <table:table-header-rows>
    <table:table-row table:style-name="Tabelle1.1">
     <table:table-cell table:style-name="Tabelle1.A1" table:value-type="string">
      <text:p text:style-name="Paragraph"><draw:image draw:name="Símbolo0" svg:desc="Este símbolo muestra consejos sobre cómo usar el programa de forma más eficaz." svg:pixelx="32" svg:pixely="32" svg:width="0.847cm" svg:height="0.847cm" xlink:href="66732" draw:filter-name=""/></text:p>

     </table:table-cell>
     <table:table-cell table:style-name="Tabelle1.A1" table:value-type="string">
      <text:p text:style-name="Paragraph">Para cambiar del texto del documento al texto del pie pulse Control+AvPág.</text:p>
     </table:table-cell>
    </table:table-row>
   </table:table-header-rows>
  </table:table>
  <table:table table:name="Tabelle2" table:style-name="Tabelle2">
   <table:table-column table:style-name="Tabelle2.A"/>
   <table:table-column table:style-name="Tabelle2.B"/>
   <table:table-header-rows>
    <table:table-row table:style-name="Tabelle2.1">
     <table:table-cell table:style-name="Tabelle2.A1" table:value-type="string">
      <text:p text:style-name="Paragraph"/>
     </table:table-cell>
     <table:table-cell table:style-name="Tabelle2.A1" table:value-type="string">
      <text:p text:style-name="Paragraph">Para cambiar entre el pie y el encabezamiento pulse Control+AvPág o Control+RePág.</text:p>
     </table:table-cell>
    </table:table-row>
   </table:table-header-rows>
  </table:table>
  <text:p text:style-name="Head 2">Pie de página</text:p>
  <text:p text:style-name="Paragraph">Establezca las propiedades del pie de página.</text:p>
  <text:p text:style-name="Head 3"><help:help-id value="SVX_CHECKBOX_RID_SVXPAGE_FOOTER_CB_TURNON"/>Activar pie de página</text:p>
  <text:p text:style-name="Paragraph"><help:help-text value="visible">Agrega un pie de página en el estilo de página actual.</help:help-text></text:p>
  <text:p text:style-name="Head 3"><help:help-id value="SVX_CHECKBOX_RID_SVXPAGE_FOOTER_CB_SHARED"/>Contenido a la izquierda/derecha igual</text:p>
  <text:p text:style-name="Paragraph"><help:help-text value="visible">Agrega el pie de página a las páginas pares e impares. Esta opción sólo está disponible si el estilo de la página actual es <text:span text:style-name="T1">Predeterminado</text:span>.<help:switch select="Program"><help:case select="CALC"> Para asignar un pie de página distinto a las páginas pares y a las impares, deseleccione esta opción y pulse <text:span text:style-name="T1">Editar</text:span>.</help:case></help:switch></help:help-text></text:p>
  <text:p text:style-name="Head 3"><help:help-id value="SVX_METRICFIELD_RID_SVXPAGE_FOOTER_ED_LMARGIN"/>Margen izquierdo</text:p>
  <text:p text:style-name="Paragraph"><help:help-text value="visible">Escriba la cantidad de espacio que se debe dejar entre el borde izquierdo de la página y el borde izquierdo del pie de página.</help:help-text></text:p>
  <text:p text:style-name="Head 3"><help:help-id value="SVX_METRICFIELD_RID_SVXPAGE_FOOTER_ED_RMARGIN"/>Margen derecho</text:p>
  <text:p text:style-name="Paragraph"><help:help-text value="visible">Escriba la distancia que desee dejar entre el borde derecho de la página y el borde derecho del pie.</help:help-text></text:p>
  <text:p text:style-name="Head 3"><help:help-id value="SVX_METRICFIELD_RID_SVXPAGE_FOOTER_ED_DIST"/>Distancia</text:p>
  <text:p text:style-name="Paragraph"><help:help-text value="visible">Escriba la cantidad de espacio que desee dejar entre el borde inferior del documento y el borde superior del pie de página.</help:help-text></text:p>
  <text:p text:style-name="Head 4"><help:help-id value="SVX_CHECKBOX_RID_SVXPAGE_FOOTER_CB_DYNSPACING"/>Utilizar espacio dinámico</text:p>
  <text:p text:style-name="Paragraph"><help:help-text value="visible">Anula la configuración de <text:span text:style-name="T1">Espacio </text:span>y permite que el pie de página se extienda al área entre el pie y el texto del documento.</help:help-text></text:p>
  <text:p text:style-name="Head 3"><help:help-id value="SVX_METRICFIELD_RID_SVXPAGE_FOOTER_ED_HEIGHT"/>Altura</text:p>
  <text:p text:style-name="Paragraph"><help:help-text value="visible">Escriba la altura deseada para el pie de página.</help:help-text></text:p>
  <text:p text:style-name="Head 3"><help:help-id value="SVX_CHECKBOX_RID_SVXPAGE_FOOTER_CB_HEIGHT_DYN"/>Ajuste dinámico de la altura</text:p>
  <text:p text:style-name="Paragraph"><help:help-text value="visible">Ajusta automáticamente la altura del pie de acuerdo con su contenido.</help:help-text></text:p>
  <help:embedded Id="65630" Eid="vorschau"></help:embedded>
  <text:p text:style-name="Head 2"><help:help-id value="SVX_PUSHBUTTON_RID_SVXPAGE_FOOTER_BTN_EXTRAS"/>Opciones</text:p>
  <text:p text:style-name="Paragraph"><help:help-text value="visible">En <text:span text:style-name="T1">Opciones</text:span> puede determinar el borde u otro fondo para el pie de página.</help:help-text></text:p>
  <text:p text:style-name="Head 2"><help:help-id value="HID_SC_FOOTER_EDIT"/><help:switch select="Program"><help:case select="CALC">Editar</help:case></help:switch></text:p>
  <text:p text:style-name="Paragraph"><help:help-text value="visible"><help:switch select="Program"><help:case select="CALC"><help:link Id="66829">Agregue o edite el texto del pie de página.</help:link></help:case></help:switch></help:help-text></text:p>
  <text:p text:style-name="ParaList"><help:embedded Id="65598" Eid="related"></help:embedded></text:p>
  <text:p text:style-name="ParaList"><help:link Id="67668"></help:link></text:p>
  <text:p text:style-name="ParaList"><help:popup Id="65602" Eid="metrik"></help:popup></text:p>
  <text:p text:style-name="ParaList"><help:link Id="65824"></help:link></text:p>
  <text:p text:style-name="ParaList"><help:link Id="65634"></help:link></text:p>
 </office:body>
</office:document>
