

<office:document  xmlns:office="http://openoffice.org/2000/office" xmlns:style="http://openoffice.org/2000/style" xmlns:text="http://openoffice.org/2000/text" xmlns:table="http://openoffice.org/2000/table" xmlns:draw="http://openoffice.org/2000/drawing" xmlns:fo="http://www.w3.org/1999/XSL/Format" xmlns:xlink="http://www.w3.org/1999/xlink" xmlns:number="http://openoffice.org/2000/datastyle" xmlns:svg="http://www.w3.org/2000/svg" xmlns:chart="http://openoffice.org/2000/chart" xmlns:dr3d="http://openoffice.org/2000/dr3d" xmlns:math="http://www.w3.org/1998/Math/MathML" xmlns:form="http://openoffice.org/2000/form" xmlns:script="http://openoffice.org/2000/script" office:class="text" office:version="1.0" xmlns:dc="http://purl.org/dc/elements/1.1/" xmlns:meta="http://openoffice.org/2000/meta" xmlns:help="http://openoffice.org/2000/help">
<office:meta>
  <dc:description>text/common/01/05200100</dc:description>
  <dc:subject>Línea</dc:subject>
  <meta:keywords>
   <meta:keyword>$Version</meta:keyword>
  </meta:keywords>
  <dc:language>es-ES</dc:language>
  <meta:user-defined meta:name="Info 0">READY</meta:user-defined>
  <meta:user-defined meta:name="Info 1">FREE_OK</meta:user-defined>
  <meta:user-defined meta:name="Info 2"/>
  <meta:user-defined meta:name="Info 3"/>
</office:meta>
 <office:script/>
 <office:font-decls>
  <style:font-decl style:name="StarSymbol" fo:font-family="StarSymbol" style:font-charset="x-symbol"/>
  <style:font-decl style:name="Courier New" fo:font-family="&apos;Courier New&apos;" style:font-style-name="Standard" style:font-family-generic="modern" style:font-pitch="fixed"/>
  <style:font-decl style:name="Courier" fo:font-family="Courier" style:font-family-generic="roman" style:font-pitch="fixed"/>
  <style:font-decl style:name="Arial Unicode MS" fo:font-family="&apos;Arial Unicode MS&apos;" style:font-pitch="variable"/>
  <style:font-decl style:name="HG Mincho Light J" fo:font-family="&apos;HG Mincho Light J&apos;" style:font-pitch="variable"/>
  <style:font-decl style:name="Times New Roman3" fo:font-family="&apos;Times New Roman&apos;" style:font-pitch="variable"/>
  <style:font-decl style:name="Thorndale" fo:font-family="Thorndale" style:font-family-generic="roman" style:font-pitch="variable"/>
  <style:font-decl style:name="Times New Roman2" fo:font-family="&apos;Times New Roman&apos;" style:font-style-name="Fett" style:font-family-generic="roman" style:font-pitch="variable"/>
  <style:font-decl style:name="Times New Roman" fo:font-family="&apos;Times New Roman&apos;" style:font-style-name="Standard" style:font-family-generic="roman" style:font-pitch="variable"/>
  <style:font-decl style:name="Times New Roman1" fo:font-family="&apos;Times New Roman&apos;" style:font-family-generic="swiss" style:font-pitch="variable"/>
 </office:font-decls>
 <office:automatic-styles>
  <style:style style:name="P1" style:family="paragraph" style:parent-style-name="Paragraph" style:master-page-name="HTML">
   <style:properties style:page-number="0"/>
  </style:style>
  <style:style style:name="T1" style:family="text">
   <style:properties fo:font-weight="bold"/>
  </style:style>
 </office:automatic-styles>
 <office:body>
  <text:variable-decls>
   <text:variable-decl text:value-type="string" text:name="HTML_ON"/>
   <text:variable-decl text:value-type="string" text:name="HTML_OFF"/>
   <text:variable-decl text:value-type="string" text:name="TITEL"/>
   <text:variable-decl text:value-type="string" text:name="END"/>
   <text:variable-decl text:value-type="string" text:name="HREF"/>
   <text:variable-decl text:value-type="string" text:name="OS2"/>
   <text:variable-decl text:value-type="string" text:name="ELSE"/>
   <text:variable-decl text:value-type="string" text:name="NAME"/>
   <text:variable-decl text:value-type="string" text:name="HelpID"/>
   <text:variable-decl text:value-type="string" text:name="HFELD"/>
   <text:variable-decl text:value-type="string" text:name="MODIFY"/>
   <text:variable-decl text:value-type="string" text:name="REFNR"/>
   <text:variable-decl text:value-type="string" text:name="KEY"/>
   <text:variable-decl text:value-type="string" text:name="AKTHLP"/>
   <text:variable-decl text:value-type="string" text:name="INDEX"/>
   <text:variable-decl text:value-type="string" text:name="STYLE"/>
  </text:variable-decls>
  <text:sequence-decls>
   <text:sequence-decl text:display-outline-level="0" text:name="Illustration"/>
   <text:sequence-decl text:display-outline-level="0" text:name="Table"/>
   <text:sequence-decl text:display-outline-level="0" text:name="Text"/>
   <text:sequence-decl text:display-outline-level="0" text:name="Drawing"/>
  </text:sequence-decls>
  <help:to-be-embedded Eid="linie">
  <text:p text:style-name="Head 1"><help:help-id value="HID_LINE_LINE"/><help:link Id="65881">Línea</help:link></text:p>
  <text:p text:style-name="Paragraph"><help:help-text value="visible">Define las opciones de formato de la línea seleccionada o de la línea que desee trazar. También es posible agregar finales de línea o cambiar los símbolos del diagrama.</help:help-text></text:p>
  </help:to-be-embedded>
  <help:popup Id="65593" Eid="linie2"><help:embedded Id="65598" Eid="wie"></help:embedded></help:popup>
  <text:p text:style-name="Head 2">Propiedades de líneas</text:p>
  <text:p text:style-name="Head 3"><help:help-id value="SID_ATTR_LINE_STYLE"/><help:help-id value="SVX_LISTBOX_RID_SVXPAGE_LINE_LB_LINE_STYLE"/><a name="stil"/><help:key-word value="líneas; estilos" tag="kw65881_1"/>Estilos</text:p>
  <text:p text:style-name="Paragraph"><help:to-be-embedded Eid="stiltext"><help:help-text value="visible">Seleccione el estilo de línea que desee usar. Para definir un estilo de línea personalizado, seleccione una línea del documento, seleccione <text:span text:style-name="T1">Formato - Línea</text:span> y pulse en la pestaña <help:link Id="65850"><text:span text:style-name="T1">Estilos de línea</text:span></help:link>.</help:help-text></help:to-be-embedded></text:p>
  <help:embedded Id="65598" Eid="sylistil"></help:embedded>
  <text:p text:style-name="Head 3"><help:help-id value="SID_ATTR_LINE_COLOR"/><help:help-id value="SVX_LISTBOX_RID_SVXPAGE_LINE_LB_COLOR"/><a name="farbe"/><help:key-word value="líneas; colores" tag="kw65881_4"/>Colores</text:p>
  <text:p text:style-name="Paragraph"><help:to-be-embedded Eid="farbetext"><help:help-text value="visible">Seleccione un color para la línea.</help:help-text></help:to-be-embedded></text:p>
  <help:embedded Id="65598" Eid="sylifarbe"></help:embedded>
  <text:p text:style-name="Head 3"><help:help-id value="SID_ATTR_LINE_WIDTH"/><help:help-id value="SVX_METRICFIELD_RID_SVXPAGE_LINE_MTR_FLD_LINE_WIDTH"/><a name="breite"/><help:key-word value="líneas; anchos" tag="kw65881_3"/>Ancho</text:p>
  <text:p text:style-name="Paragraph"><help:to-be-embedded Eid="breitetext"><help:help-text value="visible">Seleccione el ancho de la línea.</help:help-text></help:to-be-embedded></text:p>
  <help:embedded Id="65598" Eid="sylibreite"></help:embedded>
  <text:p text:style-name="Head 3"><help:help-id value="SVX_METRICFIELD_RID_SVXPAGE_LINE_MTR_LINE_TRANSPARENT"/><help:key-word value="líneas; transparencia" tag="kw65881_2"/>Transparencia</text:p>
  <text:p text:style-name="Paragraph"><help:help-text value="visible">Especifique la transparencia de la línea; 100% significa totalmente transparente y 0% totalmente opaca. </help:help-text></text:p>
  <text:p text:style-name="Paragraph"><help:switch select="Program"><help:case select="WRITER"></help:case><help:case select="DRAW"></help:case><help:case select="IMPRESS"></help:case><help:default>La pestaña <text:span text:style-name="T1">Línea</text:span> del diálogo <text:span text:style-name="T1">Fila de datos</text:span> sólo está disponible si se selecciona el <text:span text:style-name="T1">tipo de diagrama </text:span>XY.</help:default></help:switch></text:p>
  <text:p text:style-name="Head 2">Símbolo</text:p>
  <text:p text:style-name="Paragraph">Defina las opciones de los símbolos de los puntos de datos del diagrama.</text:p>
  <text:p text:style-name="Head 3"><help:help-id value="SVX_MENUBUTTON_RID_SVXPAGE_LINE_MB_SYMBOL_BITMAP"/>Seleccionar</text:p>
  <text:p text:style-name="Paragraph"><help:help-text value="visible">Seleccione el estilo de símbolo que desee utilizar en el diagrama.</help:help-text> Si selecciona <text:span text:style-name="T1">Automático</text:span>, <help:productname>%PRODUCTNAME</help:productname> empleará los símbolos predeterminados para el tipo de diagrama seleccionado.</text:p>
  <text:p text:style-name="Head 3"><help:help-id value="SVX_METRICFIELD_RID_SVXPAGE_LINE_MF_SYMBOL_WIDTH"/>Ancho</text:p>
  <text:p text:style-name="Paragraph"><help:help-text value="visible">Escriba un ancho para el símbolo.</help:help-text></text:p>
  <text:p text:style-name="Head 3"><help:help-id value="SVX_METRICFIELD_RID_SVXPAGE_LINE_MF_SYMBOL_HEIGHT"/>Altura</text:p>
  <text:p text:style-name="Paragraph"><help:help-text value="visible">Escriba una altura para el símbolo.</help:help-text></text:p>
  <text:p text:style-name="Head 3"><help:help-id value="SVX_CHECKBOX_RID_SVXPAGE_LINE_CB_SYMBOL_RATIO"/>Proporcional</text:p>
  <text:p text:style-name="Paragraph"><help:help-text value="visible">Mantiene las proporciones del símbolo al entrar un valor nuevo de altura o de anchura.</help:help-text></text:p>
  <text:p text:style-name="Head 2">Estilos de flecha</text:p>
  <text:p text:style-name="Paragraph">Puede agregar fines de línea en uno de los extremos de la línea seleccionada o en ambos. Para agregar un estilo de fin de línea personal a la lista, seleccione el fin de línea en el documento y pulse en la pestaña <help:link Id="65861"><text:span text:style-name="T1">Estilos de fin de línea</text:span></help:link> de este diálogo.</text:p>
  <text:p text:style-name="Head 3"><help:help-id value="SVX_LISTBOX_RID_SVXPAGE_LINE_LB_START_STYLE"/><help:help-id value="SVX_LISTBOX_RID_SVXPAGE_LINE_LB_END_STYLE"/>Estilo</text:p>
  <text:p text:style-name="Paragraph"><help:help-text value="visible">Seleccione el fin de línea que desee aplicar a la línea seleccionada.</help:help-text></text:p>
  <text:p text:style-name="Head 3"><help:help-id value="SVX_METRICFIELD_RID_SVXPAGE_LINE_MTR_FLD_START_WIDTH"/><help:help-id value="SVX_METRICFIELD_RID_SVXPAGE_LINE_MTR_FLD_END_WIDTH"/>Ancho</text:p>
  <text:p text:style-name="Paragraph"><help:help-text value="visible">Escriba un ancho para el fin de línea.</help:help-text></text:p>
  <text:p text:style-name="Head 3"><help:help-id value="SVX_TRISTATEBOX_RID_SVXPAGE_LINE_TSB_CENTER_START"/><help:help-id value="SVX_TRISTATEBOX_RID_SVXPAGE_LINE_TSB_CENTER_END"/>Centrado</text:p>
  <text:p text:style-name="Paragraph"><help:help-text value="visible">Coloca el centro de los finales de línea en los puntos finales de la línea seleccionada.</help:help-text></text:p>
  <text:p text:style-name="Head 3"><help:help-id value="SVX_CHECKBOX_RID_SVXPAGE_LINE_CBX_SYNCHRONIZE"/>Sincronizar finales</text:p>
  <text:p text:style-name="Paragraph"><help:help-text value="visible">Actualiza de forma automática los dos ajustes del final de línea cuando se indican anchos distintos, se seleccionan estilos de fin de línea diferentes o bien se centra un final de línea.</help:help-text></text:p>
  <help:embedded Id="65630" Eid="vorschau"></help:embedded>
 </office:body>
</office:document>
