

<office:document  xmlns:office="http://openoffice.org/2000/office" xmlns:style="http://openoffice.org/2000/style" xmlns:text="http://openoffice.org/2000/text" xmlns:table="http://openoffice.org/2000/table" xmlns:draw="http://openoffice.org/2000/drawing" xmlns:fo="http://www.w3.org/1999/XSL/Format" xmlns:xlink="http://www.w3.org/1999/xlink" xmlns:number="http://openoffice.org/2000/datastyle" xmlns:svg="http://www.w3.org/2000/svg" xmlns:chart="http://openoffice.org/2000/chart" xmlns:dr3d="http://openoffice.org/2000/dr3d" xmlns:math="http://www.w3.org/1998/Math/MathML" xmlns:form="http://openoffice.org/2000/form" xmlns:script="http://openoffice.org/2000/script" office:class="text" office:version="1.0" xmlns:dc="http://purl.org/dc/elements/1.1/" xmlns:meta="http://openoffice.org/2000/meta" xmlns:help="http://openoffice.org/2000/help">
<office:meta>
  <dc:description>text/common/01/05210500</dc:description>
  <dc:subject>Bitmap</dc:subject>

  <dc:language>es-ES</dc:language>
  <meta:user-defined meta:name="Info 0">READY</meta:user-defined>
  <meta:user-defined meta:name="Info 1">FREE_OK</meta:user-defined>
  <meta:user-defined meta:name="Info 2"/>
  <meta:user-defined meta:name="Info 3"/>
</office:meta>
 <office:script/>
 <office:font-decls>
  <style:font-decl style:name="StarSymbol" fo:font-family="StarSymbol" style:font-charset="x-symbol"/>
  <style:font-decl style:name="Courier New" fo:font-family="&apos;Courier New&apos;" style:font-style-name="Standard" style:font-family-generic="modern" style:font-pitch="fixed"/>
  <style:font-decl style:name="Courier" fo:font-family="Courier" style:font-family-generic="roman" style:font-pitch="fixed"/>
  <style:font-decl style:name="Arial Unicode MS" fo:font-family="&apos;Arial Unicode MS&apos;" style:font-pitch="variable"/>
  <style:font-decl style:name="HG Mincho Light J" fo:font-family="&apos;HG Mincho Light J&apos;" style:font-pitch="variable"/>
  <style:font-decl style:name="Times New Roman3" fo:font-family="&apos;Times New Roman&apos;" style:font-pitch="variable"/>
  <style:font-decl style:name="Thorndale" fo:font-family="Thorndale" style:font-family-generic="roman" style:font-pitch="variable"/>
  <style:font-decl style:name="Times New Roman2" fo:font-family="&apos;Times New Roman&apos;" style:font-style-name="Fett" style:font-family-generic="roman" style:font-pitch="variable"/>
  <style:font-decl style:name="Times New Roman" fo:font-family="&apos;Times New Roman&apos;" style:font-style-name="Standard" style:font-family-generic="roman" style:font-pitch="variable"/>
  <style:font-decl style:name="Times New Roman1" fo:font-family="&apos;Times New Roman&apos;" style:font-family-generic="swiss" style:font-pitch="variable"/>
 </office:font-decls>
 <office:automatic-styles>
  <style:style style:name="P1" style:family="paragraph" style:parent-style-name="Paragraph" style:master-page-name="HTML">
   <style:properties style:page-number="0"/>
  </style:style>
  <style:style style:name="T1" style:family="text">
   <style:properties fo:font-weight="bold"/>
  </style:style>
 </office:automatic-styles>
 <office:body>
  <text:variable-decls>
   <text:variable-decl text:value-type="string" text:name="HTML_ON"/>
   <text:variable-decl text:value-type="string" text:name="HTML_OFF"/>
   <text:variable-decl text:value-type="string" text:name="TITEL"/>
   <text:variable-decl text:value-type="string" text:name="END"/>
   <text:variable-decl text:value-type="string" text:name="HREF"/>
   <text:variable-decl text:value-type="string" text:name="OS2"/>
   <text:variable-decl text:value-type="string" text:name="ELSE"/>
   <text:variable-decl text:value-type="string" text:name="MAC"/>
   <text:variable-decl text:value-type="string" text:name="NAME"/>
   <text:variable-decl text:value-type="string" text:name="HelpID"/>
   <text:variable-decl text:value-type="string" text:name="MODIFY"/>
   <text:variable-decl text:value-type="string" text:name="REFNR"/>
   <text:variable-decl text:value-type="string" text:name="KEY"/>
   <text:variable-decl text:value-type="string" text:name="AKTHLP"/>
   <text:variable-decl text:value-type="string" text:name="INDEX"/>
   <text:variable-decl text:value-type="string" text:name="STYLE"/>
  </text:variable-decls>
  <text:sequence-decls>
   <text:sequence-decl text:display-outline-level="0" text:name="Illustration"/>
   <text:sequence-decl text:display-outline-level="0" text:name="Table"/>
   <text:sequence-decl text:display-outline-level="0" text:name="Text"/>
   <text:sequence-decl text:display-outline-level="0" text:name="Drawing"/>
  </text:sequence-decls>
  <help:to-be-embedded Eid="bitmapmuster">
  <text:p text:style-name="Head 1"><help:help-id value="HID_AREA_BITMAP"/><help:key-word value="bitmaps; modelos" tag="kw65668_1"/><help:key-word value="áreas; modelos de bitmaps" tag="kw65668_8"/><help:key-word value="modelos; áreas" tag="kw65668_7"/><help:key-word value="áreas; modelos" tag="kw65668_6"/><help:key-word value="modelos de píxel; áreas" tag="kw65668_5"/><help:key-word value="áreas; modelos de píxel" tag="kw65668_4"/><help:link Id="65668">Bitmap</help:link></text:p>
  <text:p text:style-name="Paragraph"><help:help-text value="visible">Seleccione el bitmap que desee emplear como modelo de relleno o bien cree su propio modelo de píxel. También puede importar bitmaps y guardar o cargar listas de bitmaps.</help:help-text></text:p>
  </help:to-be-embedded>
  <help:popup Id="65593" Eid="bitmap"><help:embedded Id="65598" Eid="wie"></help:embedded></help:popup>
  <text:p text:style-name="Head 2"><help:key-word value="editor de píxeles" tag="kw65668_3"/><help:key-word value="editor de modelos" tag="kw65668_2"/>Editor de modelo</text:p>
  <text:p text:style-name="Paragraph">Utilice este editor para crear un modelo de bitmap simple, de dos colores y de 8x8 píxeles.</text:p>
  <text:p text:style-name="Head 2">Tabla</text:p>
  <text:p text:style-name="Paragraph">La hoja de modelo de bitmap predeterminada sirve como base para realizar variaciones del modelo de píxel. Tiene la posibilidad de modificar el modelo de píxel, así como de añadir sus propios diseños.</text:p>
  <text:p text:style-name="Head 3"><help:help-id value="SVX_LISTBOX_RID_SVXPAGE_BITMAP_LB_COLOR"/>Color de primer plano</text:p>
  <text:p text:style-name="Paragraph"><help:help-text value="visible">Seleccione un color de primer plano y luego pulse en la cuadrícula para agregar un píxel al modelo.</help:help-text></text:p>
  <text:p text:style-name="Head 3"><help:help-id value="SVX_LISTBOX_RID_SVXPAGE_BITMAP_LB_BACKGROUND_COLOR"/>Color de fondo</text:p>
  <text:p text:style-name="Paragraph"><help:help-text value="visible">Seleccione un color de fondo para su modelo de bitmap.</help:help-text></text:p>
  <text:p text:style-name="Head 2"><help:help-id value="SVX_LISTBOX_RID_SVXPAGE_BITMAP_LB_BITMAPS"/>Modelo de bitmap</text:p>
  <text:p text:style-name="Paragraph"><help:help-text value="visible">Seleccione un bitmap en la lista y luego pulse <text:span text:style-name="T1">Aceptar </text:span>para aplicar el modelo al objeto seleccionado.</help:help-text></text:p>
  <text:p text:style-name="Head 2"><help:help-id value="SVX_PUSHBUTTON_RID_SVXPAGE_BITMAP_BTN_ADD"/>Añadir</text:p>
  <text:p text:style-name="Paragraph"><help:help-text value="visible">Agrega a la lista actual un bitmap creado en el <text:span text:style-name="T1">editor de modelo</text:span>.</help:help-text></text:p>
  <text:p text:style-name="Head 2"><help:help-id value="SVX_PUSHBUTTON_RID_SVXPAGE_BITMAP_BTN_MODIFY"/>Modificar</text:p>
  <text:p text:style-name="Paragraph"><help:help-text value="visible">Sustituye un bitmap creado en el <text:span text:style-name="T1">editor de modelo</text:span> por el modelo de bitmap actual. Si lo desea, puede guardar el modelo con un nombre distinto.</help:help-text></text:p>
  <text:p text:style-name="Head 2"><help:help-id value="SVX_PUSHBUTTON_RID_SVXPAGE_BITMAP_BTN_IMPORT"/>Importar</text:p>
  <text:p text:style-name="Paragraph"><help:help-text value="visible">Busque el bitmap que desee abrir y a continuación pulse <text:span text:style-name="T1">Abrir</text:span>. El bitmap se agrega al final de la lista de bitmaps disponibles.</help:help-text></text:p>
  <help:help-id value="SVX_PUSHBUTTON_RID_SVXPAGE_BITMAP_BTN_DELETE"/><help:embedded Id="65630" Eid="loeschen"></help:embedded>
  <help:embedded Id="65630" Eid="vorschau"></help:embedded>
  <text:p text:style-name="Head 2"><help:help-id value="SVX_IMAGEBUTTON_RID_SVXPAGE_BITMAP_BTN_LOAD"/>Cargar tabla de bitmap</text:p>
  <text:p text:style-name="Paragraph"><help:help-text value="visible">Carga una lista distinta de bitmaps.</help:help-text></text:p>
  <text:p text:style-name="Head 2"><help:help-id value="SVX_IMAGEBUTTON_RID_SVXPAGE_BITMAP_BTN_SAVE"/>Guardar tabla de bitmap</text:p>
  <text:p text:style-name="Paragraph"><help:help-text value="visible">Guarda la lista actual de bitmaps a fin de que se pueda cargar más tarde.</help:help-text></text:p>
 </office:body>
</office:document>
