

<office:document  xmlns:office="http://openoffice.org/2000/office" xmlns:style="http://openoffice.org/2000/style" xmlns:text="http://openoffice.org/2000/text" xmlns:table="http://openoffice.org/2000/table" xmlns:draw="http://openoffice.org/2000/drawing" xmlns:fo="http://www.w3.org/1999/XSL/Format" xmlns:xlink="http://www.w3.org/1999/xlink" xmlns:number="http://openoffice.org/2000/datastyle" xmlns:svg="http://www.w3.org/2000/svg" xmlns:chart="http://openoffice.org/2000/chart" xmlns:dr3d="http://openoffice.org/2000/dr3d" xmlns:math="http://www.w3.org/1998/Math/MathML" xmlns:form="http://openoffice.org/2000/form" xmlns:script="http://openoffice.org/2000/script" office:class="text" office:version="1.0" xmlns:dc="http://purl.org/dc/elements/1.1/" xmlns:meta="http://openoffice.org/2000/meta" xmlns:help="http://openoffice.org/2000/help">
<office:meta>
  <dc:description>text/common/01/05210400</dc:description>
  <dc:subject>Tramas</dc:subject>

  <dc:language>es-ES</dc:language>
  <meta:user-defined meta:name="Info 0">READY</meta:user-defined>
  <meta:user-defined meta:name="Info 1">FREE_OK</meta:user-defined>
  <meta:user-defined meta:name="Info 2"/>
  <meta:user-defined meta:name="Info 3"/>
</office:meta>
 <office:script/>
 <office:font-decls>
  <style:font-decl style:name="StarSymbol" fo:font-family="StarSymbol" style:font-charset="x-symbol"/>
  <style:font-decl style:name="Courier New" fo:font-family="&apos;Courier New&apos;" style:font-style-name="Standard" style:font-family-generic="modern" style:font-pitch="fixed"/>
  <style:font-decl style:name="Courier" fo:font-family="Courier" style:font-family-generic="roman" style:font-pitch="fixed"/>
  <style:font-decl style:name="Arial Unicode MS" fo:font-family="&apos;Arial Unicode MS&apos;" style:font-pitch="variable"/>
  <style:font-decl style:name="HG Mincho Light J" fo:font-family="&apos;HG Mincho Light J&apos;" style:font-pitch="variable"/>
  <style:font-decl style:name="Times New Roman3" fo:font-family="&apos;Times New Roman&apos;" style:font-pitch="variable"/>
  <style:font-decl style:name="Thorndale" fo:font-family="Thorndale" style:font-family-generic="roman" style:font-pitch="variable"/>
  <style:font-decl style:name="Times New Roman2" fo:font-family="&apos;Times New Roman&apos;" style:font-style-name="Fett" style:font-family-generic="roman" style:font-pitch="variable"/>
  <style:font-decl style:name="Times New Roman" fo:font-family="&apos;Times New Roman&apos;" style:font-style-name="Standard" style:font-family-generic="roman" style:font-pitch="variable"/>
  <style:font-decl style:name="Times New Roman1" fo:font-family="&apos;Times New Roman&apos;" style:font-family-generic="swiss" style:font-pitch="variable"/>
 </office:font-decls>
 <office:automatic-styles>
  <style:style style:name="P1" style:family="paragraph" style:parent-style-name="Paragraph" style:master-page-name="HTML">
   <style:properties style:page-number="0"/>
  </style:style>
  <style:style style:name="T1" style:family="text">
   <style:properties fo:font-weight="bold"/>
  </style:style>
 </office:automatic-styles>
 <office:body>
  <text:variable-decls>
   <text:variable-decl text:value-type="string" text:name="HTML_ON"/>
   <text:variable-decl text:value-type="string" text:name="HTML_OFF"/>
   <text:variable-decl text:value-type="string" text:name="TITEL"/>
   <text:variable-decl text:value-type="string" text:name="END"/>
   <text:variable-decl text:value-type="string" text:name="HREF"/>
   <text:variable-decl text:value-type="string" text:name="MAC"/>
   <text:variable-decl text:value-type="string" text:name="OS2"/>
   <text:variable-decl text:value-type="string" text:name="ELSE"/>
   <text:variable-decl text:value-type="string" text:name="NAME"/>
   <text:variable-decl text:value-type="string" text:name="HelpID"/>
   <text:variable-decl text:value-type="string" text:name="MODIFY"/>
   <text:variable-decl text:value-type="string" text:name="REFNR"/>
   <text:variable-decl text:value-type="string" text:name="KEY"/>
   <text:variable-decl text:value-type="string" text:name="AKTHLP"/>
   <text:variable-decl text:value-type="string" text:name="INDEX"/>
   <text:variable-decl text:value-type="string" text:name="STYLE"/>
  </text:variable-decls>
  <text:sequence-decls>
   <text:sequence-decl text:display-outline-level="0" text:name="Illustration"/>
   <text:sequence-decl text:display-outline-level="0" text:name="Table"/>
   <text:sequence-decl text:display-outline-level="0" text:name="Text"/>
   <text:sequence-decl text:display-outline-level="0" text:name="Drawing"/>
  </text:sequence-decls>
  <help:to-be-embedded Eid="schraffuren">
  <text:p text:style-name="Head 1"><help:help-id value="HID_AREA_HATCH"/><help:key-word value="Relleno; trama" tag="kw65679_1"/><help:key-word value="Trama; relleno" tag="kw65679_4"/><help:key-word value="Rayas; relleno" tag="kw65679_3"/><help:key-word value="Líneas; relleno" tag="kw65679_2"/><help:link Id="65679">Tramas</help:link></text:p>
  <text:p text:style-name="Paragraph"><help:help-text value="visible">Defina las propiedades de un modelo de trama o guarde y cargue las listas de tramas.</help:help-text></text:p>
  </help:to-be-embedded>
  <help:popup Id="65593" Eid="schraffur"><help:embedded Id="65598" Eid="wie"></help:embedded></help:popup>
  <text:p text:style-name="Head 2">Propiedades</text:p>
  <text:p text:style-name="Paragraph">Defina o modifique una trama.</text:p>
  <text:p text:style-name="Head 3"><help:help-id value="SVX_METRICFIELD_RID_SVXPAGE_HATCH_MTR_FLD_DISTANCE"/>Espacio</text:p>
  <text:p text:style-name="Paragraph"><help:help-text value="visible">Escriba la cantidad de espacio que desee dejar entre las líneas de la trama.</help:help-text></text:p>
  <text:p text:style-name="Head 3"><help:help-id value="SVX_METRICFIELD_RID_SVXPAGE_HATCH_MTR_FLD_ANGLE"/>Ángulo</text:p>
  <text:p text:style-name="Paragraph"><help:help-text value="visible">Escriba el ángulo de rotación de las líneas de la trama o pulse en una de las posiciones de la cuadrícula de ángulos.</help:help-text></text:p>
  <text:p text:style-name="Head 3"><help:help-id value="HID_TPHATCH_CTRL"/>Campo gráfico del ángulo</text:p>
  <text:p text:style-name="Paragraph"><help:help-text value="visible">Pulse en una posición de la cuadrícula para definir el ángulo de rotación de las líneas de la trama.</help:help-text></text:p>
  <text:p text:style-name="Head 3"><help:help-id value="SVX_LISTBOX_RID_SVXPAGE_HATCH_LB_LINE_TYPE"/>Tipo de línea</text:p>
  <text:p text:style-name="Paragraph"><help:help-text value="visible">Seleccione el tipo de líneas de trama que desee usar.</help:help-text></text:p>
  <text:p text:style-name="Head 3"><help:help-id value="SVX_LISTBOX_RID_SVXPAGE_HATCH_LB_LINE_COLOR"/>Color de línea</text:p>
  <text:p text:style-name="Paragraph"><help:help-text value="visible">Seleccione el color de las líneas de trama.</help:help-text></text:p>
  <text:p text:style-name="Head 2">Tabla de tramas</text:p>
  <text:p text:style-name="Paragraph">Enumera las tramas disponibles. Puede también modificar o crear su propia trama. Para guardar la tabla pulse el botón <text:span text:style-name="T1">Guardar tabla de tramas</text:span>. Para mostrar una tabla distinta pulse el botón <text:span text:style-name="T1">Cargar tabla de tramas</text:span>.</text:p>
  <text:p text:style-name="Head 3"><help:help-id value="SVX_LISTBOX_RID_SVXPAGE_HATCH_LB_HATCHINGS"/>Tabla de tramas</text:p>
  <text:p text:style-name="Paragraph"><help:help-text value="visible">Enumera las tramas disponibles. Pulse sobre la trama que desee aplicar y después en <text:span text:style-name="T1">Aceptar</text:span>.</help:help-text></text:p>
  <text:p text:style-name="Head 3"><help:help-id value="SVX_PUSHBUTTON_RID_SVXPAGE_HATCH_BTN_ADD"/>Añadir</text:p>
  <text:p text:style-name="Paragraph"><help:help-text value="visible">Añade una trama personalizada a la tabla actual. Especifique las propiedades de la trama y a continuación pulse este botón.</help:help-text></text:p>
  <text:p text:style-name="Head 3"><help:help-id value="SVX_PUSHBUTTON_RID_SVXPAGE_HATCH_BTN_MODIFY"/>Modificar</text:p>
  <text:p text:style-name="Paragraph"><help:help-text value="visible">Aplica las actuales propiedades de trama a la trama seleccionada. Si lo desea, puede guardar la trama con un nombre distinto.</help:help-text></text:p>
  <help:help-id value="SVX_PUSHBUTTON_RID_SVXPAGE_HATCH_BTN_DELETE"/><help:embedded Id="65630" Eid="loeschen"></help:embedded>
  <help:embedded Id="65630" Eid="vorschau"></help:embedded>
  <text:p text:style-name="Head 2"><help:help-id value="SVX_IMAGEBUTTON_RID_SVXPAGE_HATCH_BTN_LOAD"/>Cargar tabla de tramas</text:p>
  <text:p text:style-name="Paragraph"><help:help-text value="visible">Carga una tabla distinta de modelos de trama.</help:help-text></text:p>
  <text:p text:style-name="Head 2"><help:help-id value="SVX_IMAGEBUTTON_RID_SVXPAGE_HATCH_BTN_SAVE"/>Guardar tabla de tramas</text:p>
  <text:p text:style-name="Paragraph"><help:help-text value="visible">Guarda la tabla de tramas actual para poder cargarla más adelante.</help:help-text></text:p>
 </office:body>
</office:document>
