

<office:document  xmlns:office="http://openoffice.org/2000/office" xmlns:style="http://openoffice.org/2000/style" xmlns:text="http://openoffice.org/2000/text" xmlns:table="http://openoffice.org/2000/table" xmlns:draw="http://openoffice.org/2000/drawing" xmlns:fo="http://www.w3.org/1999/XSL/Format" xmlns:xlink="http://www.w3.org/1999/xlink" xmlns:number="http://openoffice.org/2000/datastyle" xmlns:svg="http://www.w3.org/2000/svg" xmlns:chart="http://openoffice.org/2000/chart" xmlns:dr3d="http://openoffice.org/2000/dr3d" xmlns:math="http://www.w3.org/1998/Math/MathML" xmlns:form="http://openoffice.org/2000/form" xmlns:script="http://openoffice.org/2000/script" office:class="text" office:version="1.0" xmlns:dc="http://purl.org/dc/elements/1.1/" xmlns:meta="http://openoffice.org/2000/meta" xmlns:help="http://openoffice.org/2000/help">
<office:meta>
  <dc:description>text/common/01/05230100</dc:description>
  <dc:subject>Posición y tamaño</dc:subject>

  <dc:language>es-ES</dc:language>
  <meta:user-defined meta:name="Info 0">READY</meta:user-defined>
  <meta:user-defined meta:name="Info 1">FREE_OK</meta:user-defined>
  <meta:user-defined meta:name="Info 2"/>
  <meta:user-defined meta:name="Info 3"/>
</office:meta>
 <office:script/>
 <office:font-decls>
  <style:font-decl style:name="StarSymbol" fo:font-family="StarSymbol" style:font-charset="x-symbol"/>
  <style:font-decl style:name="Courier New" fo:font-family="&apos;Courier New&apos;" style:font-style-name="Standard" style:font-family-generic="modern" style:font-pitch="fixed"/>
  <style:font-decl style:name="Courier" fo:font-family="Courier" style:font-family-generic="roman" style:font-pitch="fixed"/>
  <style:font-decl style:name="Arial Unicode MS" fo:font-family="&apos;Arial Unicode MS&apos;" style:font-pitch="variable"/>
  <style:font-decl style:name="HG Mincho Light J" fo:font-family="&apos;HG Mincho Light J&apos;" style:font-pitch="variable"/>
  <style:font-decl style:name="Times New Roman3" fo:font-family="&apos;Times New Roman&apos;" style:font-pitch="variable"/>
  <style:font-decl style:name="Thorndale" fo:font-family="Thorndale" style:font-family-generic="roman" style:font-pitch="variable"/>
  <style:font-decl style:name="Times New Roman2" fo:font-family="&apos;Times New Roman&apos;" style:font-style-name="Fett" style:font-family-generic="roman" style:font-pitch="variable"/>
  <style:font-decl style:name="Times New Roman" fo:font-family="&apos;Times New Roman&apos;" style:font-style-name="Standard" style:font-family-generic="roman" style:font-pitch="variable"/>
  <style:font-decl style:name="Times New Roman1" fo:font-family="&apos;Times New Roman&apos;" style:font-family-generic="swiss" style:font-pitch="variable"/>
 </office:font-decls>
 <office:automatic-styles>
  <style:style style:name="P1" style:family="paragraph" style:parent-style-name="Paragraph" style:master-page-name="HTML">
   <style:properties style:page-number="0"/>
  </style:style>
  <style:style style:name="T1" style:family="text">
   <style:properties fo:font-weight="bold"/>
  </style:style>
 </office:automatic-styles>
 <office:body>
  <text:variable-decls>
   <text:variable-decl text:value-type="string" text:name="HTML_ON"/>
   <text:variable-decl text:value-type="string" text:name="HTML_OFF"/>
   <text:variable-decl text:value-type="string" text:name="TITEL"/>
   <text:variable-decl text:value-type="string" text:name="END"/>
   <text:variable-decl text:value-type="string" text:name="HREF"/>
   <text:variable-decl text:value-type="string" text:name="OS2"/>
   <text:variable-decl text:value-type="string" text:name="ELSE"/>
   <text:variable-decl text:value-type="string" text:name="NAME"/>
   <text:variable-decl text:value-type="string" text:name="HelpID"/>
   <text:variable-decl text:value-type="string" text:name="MODIFY"/>
   <text:variable-decl text:value-type="string" text:name="REFNR"/>
   <text:variable-decl text:value-type="string" text:name="HFELD"/>
   <text:variable-decl text:value-type="string" text:name="WIN"/>
   <text:variable-decl text:value-type="string" text:name="KEY"/>
   <text:variable-decl text:value-type="string" text:name="AKTHLP"/>
   <text:variable-decl text:value-type="string" text:name="INDEX"/>
   <text:variable-decl text:value-type="string" text:name="STYLE"/>
  </text:variable-decls>
  <text:sequence-decls>
   <text:sequence-decl text:display-outline-level="0" text:name="Illustration"/>
   <text:sequence-decl text:display-outline-level="0" text:name="Table"/>
   <text:sequence-decl text:display-outline-level="0" text:name="Text"/>
   <text:sequence-decl text:display-outline-level="0" text:name="Drawing"/>
  </text:sequence-decls>
  <help:to-be-embedded Eid="position">
  <text:p text:style-name="Head 1"><help:key-word value="situar; objetos de dibujo" tag="kw65734_1"/><help:key-word value="objetos de dibujo; situar" tag="kw65734_9"/><help:key-word value="controles; situar" tag="kw65734_8"/><help:key-word value="situar; controles" tag="kw65734_7"/><help:key-word value="tamaños; objetos de dibujo" tag="kw65734_6"/><help:key-word value="objetos de dibujo; tamaño" tag="kw65734_5"/><help:key-word value="controles; tamaño" tag="kw65734_4"/><help:link Id="65734">Posición y tamaño</help:link></text:p>
  <text:p text:style-name="Paragraph"><help:help-text value="visible">Cambia el tamaño del objeto seleccionado o lo desplaza.</help:help-text></text:p>
  </help:to-be-embedded>
  <help:popup Id="65593" Eid="position2"><help:embedded Id="65598" Eid="wie"></help:embedded></help:popup>
  <text:p text:style-name="Head 2">Posición</text:p>
  <text:p text:style-name="Paragraph">Especifique la ubicación del objeto seleccionado en la página.</text:p>
  <text:p text:style-name="Head 3"><help:help-id value="SVX_METRICFIELD_RID_SVXPAGE_POSITION_SIZE_MTR_FLD_POS_X"/>Posición X</text:p>
  <text:p text:style-name="Paragraph"><help:help-text value="visible">Introduzca la distancia horizontal que desee desplazar el objeto desde el punto de referencia seleccionado en la cuadrícula.</help:help-text></text:p>
  <text:p text:style-name="Head 3"><help:help-id value="SVX_METRICFIELD_RID_SVXPAGE_POSITION_SIZE_MTR_FLD_POS_Y"/>Posición Y</text:p>
  <text:p text:style-name="Paragraph"><help:help-text value="visible">Introduzca la distancia vertical que desee desplazar el objeto desde el punto de referencia seleccionado en la cuadrícula.</help:help-text></text:p>
  <text:p text:style-name="Head 3"><help:help-id value="HID_TPPOSITION_CTRL"/>Punto base</text:p>
  <text:p text:style-name="Paragraph"><help:help-text value="visible">Pulse en un punto de referencia de la cuadrícula e introduzca el desplazamiento del objeto en relación con dicho punto en los cuadros <text:span text:style-name="T1">Posición Y</text:span> y <text:span text:style-name="T1">Posición X</text:span>. Los puntos de referencia se corresponden con las agarraderas de selección de un objeto.</help:help-text></text:p>
  <text:p text:style-name="Head 2">Tamaño</text:p>
  <text:p text:style-name="Paragraph">Especifique la cuantía del cambio de tamaño del objeto seleccionado con respecto al punto de referencia seleccionado.</text:p>
  <text:p text:style-name="Head 3"><help:help-id value="SVX_METRICFIELD_RID_SVXPAGE_POSITION_SIZE_MTR_FLD_WIDTH"/>Ancho</text:p>
  <text:p text:style-name="Paragraph"><help:help-text value="visible">Escriba la anchura del objeto seleccionado.</help:help-text></text:p>
  <text:p text:style-name="Head 3"><help:help-id value="SVX_METRICFIELD_RID_SVXPAGE_POSITION_SIZE_MTR_FLD_HEIGHT"/>Altura</text:p>
  <text:p text:style-name="Paragraph"><help:help-text value="visible">Escriba la altura del objeto seleccionado.</help:help-text></text:p>
  <text:p text:style-name="Head 3"><help:help-id value="SVX_CHECKBOX_RID_SVXPAGE_POSITION_SIZE_CBX_SCALE"/>Igualar</text:p>
  <text:p text:style-name="Paragraph"><help:help-text value="visible">Mantiene las proporciones al volver a ajustar el tamaño del objeto seleccionado.</help:help-text></text:p>
  <text:p text:style-name="Head 3"><help:help-id value="HID_TPSIZE_CTRL"/>Punto base</text:p>
  <text:p text:style-name="Paragraph"><help:help-text value="visible">Pulse en un punto de referencia de la cuadrícula e introduzca las nuevas dimensiones del objeto seleccionado en los cuadros <text:span text:style-name="T1">Ancho</text:span> y <text:span text:style-name="T1">Altura</text:span>.</help:help-text></text:p>
  <text:p text:style-name="Head 2">Proteger</text:p>
  <text:p text:style-name="Head 3"><help:help-id value="SVX_TRISTATEBOX_RID_SVXPAGE_POSITION_SIZE_TSB_POSPROTECT"/>Posición</text:p>
  <text:p text:style-name="Paragraph"><help:help-text value="visible">Impide efectuar cambios en la posición o el tamaño del objeto seleccionado.</help:help-text></text:p>
  <text:p text:style-name="Head 3"><help:help-id value="SVX_TRISTATEBOX_RID_SVXPAGE_POSITION_SIZE_TSB_SIZEPROTECT"/>Tamaño</text:p>
  <text:p text:style-name="Paragraph"><help:help-text value="visible">Impide cambiar el tamaño del objeto.</help:help-text></text:p>
  <text:p text:style-name="Head 2"><help:switch select="Program"><help:case select="WRITER"><help:key-word value="anclar; objetos de dibujo" tag="kw65734_3"/><help:key-word value="objetos de dibujo; anclar" tag="kw65734_2"/>Anclar</help:case></help:switch></text:p>
  <text:p text:style-name="Paragraph"><help:switch select="Program"><help:case select="WRITER">Defina las opciones de anclaje para el objeto seleccionado.</help:case></help:switch></text:p>
  <text:p text:style-name="Head 3"><help:help-id value="SVX_LISTBOX_RID_SVXPAGE_POSITION_SIZE_LB_ANCHOR"/><help:switch select="Program"><help:case select="WRITER">Ancla</help:case></help:switch></text:p>
  <text:p text:style-name="Paragraph"><help:help-text value="visible"><help:switch select="Program"><help:case select="WRITER">Seleccione el tipo de ancla para el objeto seleccionado.</help:case></help:switch></help:help-text></text:p>
  <text:p text:style-name="Head 3"><help:help-id value="SVX_LISTBOX_RID_SVXPAGE_POSITION_SIZE_LB_ORIENT"/><help:switch select="Program"><help:case select="WRITER">Posición</help:case></help:switch></text:p>
  <text:p text:style-name="Paragraph"><help:help-text value="visible"><help:switch select="Program"><help:case select="WRITER">Indica la posición del ancla respecto a la altura del carácter.</help:case></help:switch></help:help-text></text:p>
  <text:p text:style-name="Head 2">Ajustar</text:p>
  <text:p text:style-name="Paragraph">Cambia el tamaño del texto de un objeto de dibujo con respecto a los bordes del objeto seleccionado.</text:p>
  <text:p text:style-name="Head 3"><help:help-id value="SVX_TRISTATEBOX_RID_SVXPAGE_POSITION_SIZE_TSB_AUTOGROW_WIDTH"/>Ajustar ancho al texto</text:p>
  <text:p text:style-name="Paragraph"><help:help-text value="visible">Ajusta el tamaño de texto para que se adapte al ancho del objeto seleccionado.</help:help-text></text:p>
  <text:p text:style-name="Head 3"><help:help-id value="SVX_TRISTATEBOX_RID_SVXPAGE_POSITION_SIZE_TSB_AUTOGROW_HEIGHT"/>Ajustar altura al texto</text:p>
  <text:p text:style-name="Paragraph"><help:help-text value="visible">Ajusta el tamaño de texto para que se adapte a la altura del objeto seleccionado.</help:help-text></text:p>
  <text:p text:style-name="ParaList"><help:embedded Id="65598" Eid="related"></help:embedded></text:p>
  <text:p text:style-name="ParaList"><help:link Id="65783"></help:link></text:p>
 </office:body>
</office:document>
