

<office:document  xmlns:office="http://openoffice.org/2000/office" xmlns:style="http://openoffice.org/2000/style" xmlns:text="http://openoffice.org/2000/text" xmlns:table="http://openoffice.org/2000/table" xmlns:draw="http://openoffice.org/2000/drawing" xmlns:fo="http://www.w3.org/1999/XSL/Format" xmlns:xlink="http://www.w3.org/1999/xlink" xmlns:number="http://openoffice.org/2000/datastyle" xmlns:svg="http://www.w3.org/2000/svg" xmlns:chart="http://openoffice.org/2000/chart" xmlns:dr3d="http://openoffice.org/2000/dr3d" xmlns:math="http://www.w3.org/1998/Math/MathML" xmlns:form="http://openoffice.org/2000/form" xmlns:script="http://openoffice.org/2000/script" office:class="text" office:version="1.0" xmlns:dc="http://purl.org/dc/elements/1.1/" xmlns:meta="http://openoffice.org/2000/meta" xmlns:help="http://openoffice.org/2000/help">
<office:meta>
  <dc:description>text/common/01/05280000</dc:description>
  <dc:subject>FontWork</dc:subject>

  <dc:language>es-ES</dc:language>
  <meta:user-defined meta:name="Info 0">READY</meta:user-defined>
  <meta:user-defined meta:name="Info 1">FREE_OK</meta:user-defined>
  <meta:user-defined meta:name="Info 2"/>
  <meta:user-defined meta:name="Info 3"/>
</office:meta>
 <office:script/>
 <office:font-decls>
  <style:font-decl style:name="StarSymbol" fo:font-family="StarSymbol" style:font-charset="x-symbol"/>
  <style:font-decl style:name="Courier New" fo:font-family="&apos;Courier New&apos;" style:font-style-name="Standard" style:font-family-generic="modern" style:font-pitch="fixed"/>
  <style:font-decl style:name="Courier" fo:font-family="Courier" style:font-family-generic="roman" style:font-pitch="fixed"/>
  <style:font-decl style:name="Arial Unicode MS" fo:font-family="&apos;Arial Unicode MS&apos;" style:font-pitch="variable"/>
  <style:font-decl style:name="HG Mincho Light J" fo:font-family="&apos;HG Mincho Light J&apos;" style:font-pitch="variable"/>
  <style:font-decl style:name="Times New Roman4" fo:font-family="&apos;Times New Roman&apos;" style:font-pitch="variable"/>
  <style:font-decl style:name="Thorndale" fo:font-family="Thorndale" style:font-family-generic="roman" style:font-pitch="variable"/>
  <style:font-decl style:name="Times New Roman3" fo:font-family="&apos;Times New Roman&apos;" style:font-family-generic="roman" style:font-pitch="variable"/>
  <style:font-decl style:name="Times New Roman2" fo:font-family="&apos;Times New Roman&apos;" style:font-style-name="Fett" style:font-family-generic="roman" style:font-pitch="variable"/>
  <style:font-decl style:name="Times New Roman" fo:font-family="&apos;Times New Roman&apos;" style:font-style-name="Standard" style:font-family-generic="roman" style:font-pitch="variable"/>
  <style:font-decl style:name="Times New Roman1" fo:font-family="&apos;Times New Roman&apos;" style:font-family-generic="swiss" style:font-pitch="variable"/>
 </office:font-decls>
 <office:automatic-styles>
  <style:style style:name="Tabelle1" style:family="table">
   <style:properties style:width="17.995cm" fo:margin-left="0cm" fo:margin-right="0.005cm" table:align="margins"/>
  </style:style>
  <style:style style:name="Tabelle1.A" style:family="table-column">
   <style:properties style:column-width="4.002cm" style:rel-column-width="14571*"/>
  </style:style>
  <style:style style:name="Tabelle1.B" style:family="table-column">
   <style:properties style:column-width="13.993cm" style:rel-column-width="50945*"/>
  </style:style>
  <style:style style:name="Tabelle2" style:family="table">
   <style:properties style:width="17.995cm" fo:margin-left="0cm" fo:margin-right="0.005cm" table:align="margins"/>
  </style:style>
  <style:style style:name="Tabelle2.A" style:family="table-column">
   <style:properties style:column-width="4.002cm" style:rel-column-width="14571*"/>
  </style:style>
  <style:style style:name="Tabelle2.B" style:family="table-column">
   <style:properties style:column-width="13.993cm" style:rel-column-width="50945*"/>
  </style:style>
  <style:style style:name="Tabelle3" style:family="table">
   <style:properties style:width="17.995cm" fo:margin-left="0cm" fo:margin-right="0.005cm" table:align="margins"/>
  </style:style>
  <style:style style:name="Tabelle3.A" style:family="table-column">
   <style:properties style:column-width="4.002cm" style:rel-column-width="14571*"/>
  </style:style>
  <style:style style:name="Tabelle3.B" style:family="table-column">
   <style:properties style:column-width="13.993cm" style:rel-column-width="50945*"/>
  </style:style>
  <style:style style:name="Tabelle4" style:family="table">
   <style:properties style:width="17.995cm" fo:margin-left="0cm" fo:margin-right="0.005cm" table:align="margins"/>
  </style:style>
  <style:style style:name="Tabelle4.A" style:family="table-column">
   <style:properties style:column-width="1.501cm" style:rel-column-width="5464*"/>
  </style:style>
  <style:style style:name="Tabelle4.B" style:family="table-column">
   <style:properties style:column-width="16.494cm" style:rel-column-width="60052*"/>
  </style:style>
  <style:style style:name="Tabelle5" style:family="table">
   <style:properties style:width="17.995cm" fo:margin-left="0cm" fo:margin-right="0.005cm" table:align="margins"/>
  </style:style>
  <style:style style:name="Tabelle5.A" style:family="table-column">
   <style:properties style:column-width="1.501cm" style:rel-column-width="5465*"/>
  </style:style>
  <style:style style:name="Tabelle5.B" style:family="table-column">
   <style:properties style:column-width="16.494cm" style:rel-column-width="60051*"/>
  </style:style>
  <style:style style:name="Tabelle6" style:family="table">
   <style:properties style:width="17.995cm" fo:margin-left="0cm" fo:margin-right="0.005cm" table:align="margins"/>
  </style:style>
  <style:style style:name="Tabelle6.A" style:family="table-column">
   <style:properties style:column-width="1.501cm" style:rel-column-width="5464*"/>
  </style:style>
  <style:style style:name="Tabelle6.B" style:family="table-column">
   <style:properties style:column-width="16.494cm" style:rel-column-width="60052*"/>
  </style:style>
  <style:style style:name="Tabelle7" style:family="table">
   <style:properties style:width="17.995cm" fo:margin-left="0cm" fo:margin-right="0.005cm" table:align="margins"/>
  </style:style>
  <style:style style:name="Tabelle7.A" style:family="table-column">
   <style:properties style:column-width="1.501cm" style:rel-column-width="5464*"/>
  </style:style>
  <style:style style:name="Tabelle7.B" style:family="table-column">
   <style:properties style:column-width="16.494cm" style:rel-column-width="60052*"/>
  </style:style>
  <style:style style:name="Tabelle8" style:family="table">
   <style:properties style:width="17.995cm" fo:margin-left="0cm" fo:margin-right="0.005cm" table:align="margins"/>
  </style:style>
  <style:style style:name="Tabelle8.A" style:family="table-column">
   <style:properties style:column-width="1.501cm" style:rel-column-width="5464*"/>
  </style:style>
  <style:style style:name="Tabelle8.B" style:family="table-column">
   <style:properties style:column-width="16.494cm" style:rel-column-width="60052*"/>
  </style:style>
  <style:style style:name="Tabelle9" style:family="table">
   <style:properties style:width="17.995cm" fo:margin-left="0cm" fo:margin-right="0.005cm" table:align="margins"/>
  </style:style>
  <style:style style:name="Tabelle9.A" style:family="table-column">
   <style:properties style:column-width="1.501cm" style:rel-column-width="5465*"/>
  </style:style>
  <style:style style:name="Tabelle9.B" style:family="table-column">
   <style:properties style:column-width="16.494cm" style:rel-column-width="60051*"/>
  </style:style>
  <style:style style:name="Tabelle10" style:family="table">
   <style:properties style:width="17.995cm" fo:margin-left="0cm" fo:margin-right="0.005cm" table:align="margins"/>
  </style:style>
  <style:style style:name="Tabelle10.A" style:family="table-column">
   <style:properties style:column-width="1.501cm" style:rel-column-width="5464*"/>
  </style:style>
  <style:style style:name="Tabelle10.B" style:family="table-column">
   <style:properties style:column-width="16.494cm" style:rel-column-width="60052*"/>
  </style:style>
  <style:style style:name="Tabelle11" style:family="table">
   <style:properties style:width="17.995cm" fo:margin-left="0cm" fo:margin-right="0.005cm" table:align="margins"/>
  </style:style>
  <style:style style:name="Tabelle11.A" style:family="table-column">
   <style:properties style:column-width="1.501cm" style:rel-column-width="5464*"/>
  </style:style>
  <style:style style:name="Tabelle11.B" style:family="table-column">
   <style:properties style:column-width="16.494cm" style:rel-column-width="60052*"/>
  </style:style>
  <style:style style:name="Tabelle12" style:family="table">
   <style:properties style:width="17.995cm" fo:margin-left="0cm" fo:margin-right="0.005cm" table:align="margins"/>
  </style:style>
  <style:style style:name="Tabelle12.A" style:family="table-column">
   <style:properties style:column-width="1.501cm" style:rel-column-width="5465*"/>
  </style:style>
  <style:style style:name="Tabelle12.B" style:family="table-column">
   <style:properties style:column-width="16.494cm" style:rel-column-width="60051*"/>
  </style:style>
  <style:style style:name="Tabelle13" style:family="table">
   <style:properties style:width="17.995cm" fo:margin-left="0cm" fo:margin-right="0.005cm" table:align="margins"/>
  </style:style>
  <style:style style:name="Tabelle13.A" style:family="table-column">
   <style:properties style:column-width="1.501cm" style:rel-column-width="5464*"/>
  </style:style>
  <style:style style:name="Tabelle13.B" style:family="table-column">
   <style:properties style:column-width="16.494cm" style:rel-column-width="60052*"/>
  </style:style>
  <style:style style:name="Tabelle14" style:family="table">
   <style:properties style:width="17.995cm" fo:margin-left="0cm" fo:margin-right="0.005cm" table:align="margins"/>
  </style:style>
  <style:style style:name="Tabelle14.A" style:family="table-column">
   <style:properties style:column-width="4.002cm" style:rel-column-width="14571*"/>
  </style:style>
  <style:style style:name="Tabelle14.B" style:family="table-column">
   <style:properties style:column-width="13.993cm" style:rel-column-width="50945*"/>
  </style:style>
  <style:style style:name="Tabelle15" style:family="table">
   <style:properties style:width="17.995cm" fo:margin-left="0cm" fo:margin-right="0.005cm" table:align="margins"/>
  </style:style>
  <style:style style:name="Tabelle15.A" style:family="table-column">
   <style:properties style:column-width="4.002cm" style:rel-column-width="14572*"/>
  </style:style>
  <style:style style:name="Tabelle15.B" style:family="table-column">
   <style:properties style:column-width="13.993cm" style:rel-column-width="50944*"/>
  </style:style>
  <style:style style:name="Tabelle16" style:family="table">
   <style:properties style:width="17.995cm" fo:margin-left="0cm" fo:margin-right="0.005cm" table:align="margins"/>
  </style:style>
  <style:style style:name="Tabelle16.A" style:family="table-column">
   <style:properties style:column-width="1.501cm" style:rel-column-width="5465*"/>
  </style:style>
  <style:style style:name="Tabelle16.B" style:family="table-column">
   <style:properties style:column-width="16.494cm" style:rel-column-width="60051*"/>
  </style:style>
  <style:style style:name="Tabelle17" style:family="table">
   <style:properties style:width="17.995cm" fo:margin-left="0cm" fo:margin-right="0.005cm" table:align="margins"/>
  </style:style>
  <style:style style:name="Tabelle17.A" style:family="table-column">
   <style:properties style:column-width="1.501cm" style:rel-column-width="5464*"/>
  </style:style>
  <style:style style:name="Tabelle17.B" style:family="table-column">
   <style:properties style:column-width="16.494cm" style:rel-column-width="60052*"/>
  </style:style>
  <style:style style:name="Tabelle18" style:family="table">
   <style:properties style:width="17.995cm" fo:margin-left="0cm" fo:margin-right="0.005cm" table:align="margins"/>
  </style:style>
  <style:style style:name="Tabelle18.A" style:family="table-column">
   <style:properties style:column-width="1.501cm" style:rel-column-width="5464*"/>
  </style:style>
  <style:style style:name="Tabelle18.B" style:family="table-column">
   <style:properties style:column-width="16.494cm" style:rel-column-width="60052*"/>
  </style:style>
  <style:style style:name="Tabelle19" style:family="table">
   <style:properties style:width="17.995cm" fo:margin-left="0cm" fo:margin-right="0.005cm" table:align="margins"/>
  </style:style>
  <style:style style:name="Tabelle19.A" style:family="table-column">
   <style:properties style:column-width="1.501cm" style:rel-column-width="5464*"/>
  </style:style>
  <style:style style:name="Tabelle19.B" style:family="table-column">
   <style:properties style:column-width="16.494cm" style:rel-column-width="60052*"/>
  </style:style>
  <style:style style:name="Tabelle20" style:family="table">
   <style:properties style:width="17.995cm" fo:margin-left="0cm" fo:margin-right="0.005cm" table:align="margins"/>
  </style:style>
  <style:style style:name="Tabelle20.A" style:family="table-column">
   <style:properties style:column-width="1.501cm" style:rel-column-width="5464*"/>
  </style:style>
  <style:style style:name="Tabelle20.B" style:family="table-column">
   <style:properties style:column-width="16.494cm" style:rel-column-width="60052*"/>
  </style:style>
  <style:style style:name="Tabelle21" style:family="table">
   <style:properties style:width="17.995cm" fo:margin-left="0cm" fo:margin-right="0.005cm" table:align="margins"/>
  </style:style>
  <style:style style:name="Tabelle21.A" style:family="table-column">
   <style:properties style:column-width="3.563cm" style:rel-column-width="2020*"/>
  </style:style>
  <style:style style:name="Tabelle21.B" style:family="table-column">
   <style:properties style:column-width="14.43cm" style:rel-column-width="8180*"/>
  </style:style>
  <style:style style:name="Tabelle22" style:family="table">
   <style:properties style:width="17.995cm" fo:margin-left="0cm" fo:margin-right="0.005cm" table:align="margins"/>
  </style:style>
  <style:style style:name="Tabelle22.A" style:family="table-column">
   <style:properties style:column-width="3.598cm" style:rel-column-width="2040*"/>
  </style:style>
  <style:style style:name="Tabelle22.B" style:family="table-column">
   <style:properties style:column-width="14.395cm" style:rel-column-width="8160*"/>
  </style:style>
  <style:style style:name="P1" style:family="paragraph" style:parent-style-name="Paragraph" style:master-page-name="HTML">
   <style:properties style:page-number="0"/>
  </style:style>
  <style:style style:name="T1" style:family="text">
   <style:properties fo:font-weight="bold"/>
  </style:style>
  <style:style style:name="fr1" style:family="graphics" style:parent-style-name="Graphics">
   <style:properties style:run-through="foreground" style:wrap="run-through" style:vertical-pos="top" style:vertical-rel="paragraph" style:horizontal-pos="left" style:horizontal-rel="paragraph" style:mirror="none" fo:clip="rect(0cm 0cm 0cm 0cm)" draw:luminance="0%" draw:contrast="0%" draw:red="0%" draw:green="0%" draw:blue="0%" draw:gamma="1" draw:color-inversion="false" draw:transparency="-100%" draw:color-mode="standard"/>
  </style:style>
 </office:automatic-styles>
 <office:body>
  <text:variable-decls>
   <text:variable-decl text:value-type="string" text:name="HTML_ON"/>
   <text:variable-decl text:value-type="string" text:name="HTML_OFF"/>
   <text:variable-decl text:value-type="string" text:name="TITEL"/>
   <text:variable-decl text:value-type="string" text:name="END"/>
   <text:variable-decl text:value-type="string" text:name="HREF"/>
   <text:variable-decl text:value-type="string" text:name="NAME"/>
   <text:variable-decl text:value-type="string" text:name="HelpID"/>
   <text:variable-decl text:value-type="string" text:name="MODIFY"/>
   <text:variable-decl text:value-type="string" text:name="REFNR"/>
   <text:variable-decl text:value-type="string" text:name="OS2"/>
   <text:variable-decl text:value-type="string" text:name="ELSE"/>
   <text:variable-decl text:value-type="string" text:name="KEY"/>
   <text:variable-decl text:value-type="string" text:name="AKTHLP"/>
   <text:variable-decl text:value-type="string" text:name="INDEX"/>
   <text:variable-decl text:value-type="string" text:name="HFELD"/>
   <text:variable-decl text:value-type="string" text:name="STYLE"/>
  </text:variable-decls>
  <text:sequence-decls>
   <text:sequence-decl text:display-outline-level="0" text:name="Illustration"/>
   <text:sequence-decl text:display-outline-level="0" text:name="Table"/>
   <text:sequence-decl text:display-outline-level="0" text:name="Text"/>
   <text:sequence-decl text:display-outline-level="0" text:name="Drawing"/>
  </text:sequence-decls>
  <help:to-be-embedded Eid="fontwork">
  <text:p text:style-name="Head 1"><help:help-id value="SID_FONTWORK"/><help:key-word value="FontWork; formato de texto" tag="kw65692_1"/><help:key-word value="Texto; FontWork" tag="kw65692_5"/><help:key-word value="WordArts; formato de texto" tag="kw65692_4"/><help:key-word value="Efectos en texto; FontWork" tag="kw65692_3"/><help:key-word value="Formato; FontWork" tag="kw65692_2"/><help:link Id="65692">FontWork</help:link></text:p>
  <text:p text:style-name="Paragraph"><help:help-text value="visible">Agrega efectos, incluidas sombras, al texto del objeto de dibujo seleccionado. También puede cambiar la forma de la línea de referencia del texto.</help:help-text></text:p>
  <text:p text:style-name="Paragraph">La orden <text:span text:style-name="T1">FontWork</text:span> sólo está disponible para objetos con texto.</text:p>
  </help:to-be-embedded>
  <text:p text:style-name="Paragraph">La forma de la línea de referencia del texto se puede convertir en un semicírculo, un arco, un círculo o una línea a mano alzada.</text:p>
  <help:executeurl Id="Slot:10256"></help:executeurl><help:popup Id="65593" Eid="font"><help:embedded Id="65598" Eid="wie"></help:embedded></help:popup>
  <text:p text:style-name="Head 2">Símbolos de alineación</text:p>
  <text:p text:style-name="Paragraph"><help:help-id value="HID_FONTWORK_CTL_FORMS"/><help:help-text value="hide">Pulse la forma de la línea de referencia que desee utilizar para el texto.</help:help-text></text:p>
  <text:p text:style-name="Paragraph">La fila superior contiene las formas de la línea de referencia siguientes: <text:span text:style-name="T1">Semicírculo superior</text:span>, <text:span text:style-name="T1">Semicírculo inferior</text:span>, <text:span text:style-name="T1">Semicírculo izquierdo</text:span> y <text:span text:style-name="T1">Semicírculo derecho</text:span>.</text:p>
  <table:table table:name="Tabelle1" table:style-name="Tabelle1">
   <table:table-column table:style-name="Tabelle1.A"/>
   <table:table-column table:style-name="Tabelle1.B"/>
   <table:table-header-rows>
    <table:table-row>
     <table:table-cell table:value-type="string">
      <text:p text:style-name="Paragraph"><draw:image draw:name="Símbolo0" svg:desc="Símbolo" svg:pixelx="98" svg:pixely="26" svg:width="2.593cm" svg:height="0.688cm" xlink:href="66638" draw:filter-name=""/></text:p>

     </table:table-cell>
     <table:table-cell table:value-type="string">
      <text:p text:style-name="Paragraph">Semicírculos</text:p>
     </table:table-cell>
    </table:table-row>
   </table:table-header-rows>
  </table:table>
  <text:p text:style-name="Paragraph">La fila media contiene las formas de la línea de referencia siguientes: <text:span text:style-name="T1">Arco superior de círculo</text:span>, <text:span text:style-name="T1">Arco inferior de círculo, Arco izquierdo de círculo</text:span> y <text:span text:style-name="T1">Arco derecho de círculo</text:span>.</text:p>
  <table:table table:name="Tabelle2" table:style-name="Tabelle2">
   <table:table-column table:style-name="Tabelle2.A"/>
   <table:table-column table:style-name="Tabelle2.B"/>
   <table:table-header-rows>
    <table:table-row>
     <table:table-cell table:value-type="string">
      <text:p text:style-name="Paragraph"><draw:image draw:name="Símbolo1" svg:desc="Símbolo" svg:pixelx="98" svg:pixely="26" svg:width="2.593cm" svg:height="0.688cm" xlink:href="66639" draw:filter-name=""/></text:p>

     </table:table-cell>
     <table:table-cell table:value-type="string">
      <text:p text:style-name="Paragraph">Arcos</text:p>
     </table:table-cell>
    </table:table-row>
   </table:table-header-rows>
  </table:table>
  <text:p text:style-name="Paragraph">La fila inferior contiene las formas de la línea de referencia siguientes: <text:span text:style-name="T1">Círculo abierto, Círculo cerrado, Círculo cerrado II</text:span> y <text:span text:style-name="T1">Círculo abierto vertical</text:span>. Con el fin de obtener mejores resultados, el objeto de dibujo debe contener más de dos líneas de texto.</text:p>
  <table:table table:name="Tabelle3" table:style-name="Tabelle3">
   <table:table-column table:style-name="Tabelle3.A"/>
   <table:table-column table:style-name="Tabelle3.B"/>
   <table:table-header-rows>
    <table:table-row>
     <table:table-cell table:value-type="string">
      <text:p text:style-name="Paragraph"><draw:image draw:name="Símbolo2" svg:desc="Símbolo" svg:pixelx="98" svg:pixely="26" svg:width="2.593cm" svg:height="0.688cm" xlink:href="66640" draw:filter-name=""/></text:p>

     </table:table-cell>
     <table:table-cell table:value-type="string">
      <text:p text:style-name="Paragraph">Círculos</text:p>
     </table:table-cell>
    </table:table-row>
   </table:table-header-rows>
  </table:table>
  <text:p text:style-name="Paragraph"><help:help-id value="HID_FONTWORK_TBI_STYLE_OFF"/><help:help-text value="visible">Borra el formato de la línea de referencia.</help:help-text></text:p>
  <table:table table:name="Tabelle4" table:style-name="Tabelle4">
   <table:table-column table:style-name="Tabelle4.A"/>
   <table:table-column table:style-name="Tabelle4.B"/>
   <table:table-header-rows>
    <table:table-row>
     <table:table-cell table:value-type="string">
      <text:p text:style-name="Paragraph"><draw:image draw:name="Símbolo3" svg:desc="Símbolo" svg:pixelx="25" svg:pixely="25" svg:width="0.661cm" svg:height="0.661cm" xlink:href="66641" draw:filter-name=""/></text:p>

     </table:table-cell>
     <table:table-cell table:value-type="string">
      <text:p text:style-name="Paragraph">Desactivado</text:p>
     </table:table-cell>
    </table:table-row>
   </table:table-header-rows>
  </table:table>
  <text:p text:style-name="Paragraph"><help:help-id value="HID_FONTWORK_TBI_STYLE_ROTATE"/><help:help-text value="visible">Utilice el borde superior o inferior del objeto seleccionado como línea de referencia del texto.</help:help-text></text:p>
  <table:table table:name="Tabelle5" table:style-name="Tabelle5">
   <table:table-column table:style-name="Tabelle5.A"/>
   <table:table-column table:style-name="Tabelle5.B"/>
   <table:table-header-rows>
    <table:table-row>
     <table:table-cell table:value-type="string">
      <text:p text:style-name="Paragraph"><draw:image draw:name="Símbolo4" svg:desc="Símbolo" svg:pixelx="22" svg:pixely="21" svg:width="0.582cm" svg:height="0.556cm" xlink:href="66642" draw:filter-name=""/></text:p>

     </table:table-cell>
     <table:table-cell table:value-type="string">
      <text:p text:style-name="Paragraph">Girar</text:p>
     </table:table-cell>
    </table:table-row>
   </table:table-header-rows>
  </table:table>
  <text:p text:style-name="Paragraph"><help:help-id value="HID_FONTWORK_TBI_STYLE_UPRIGHT"/><help:help-text value="visible">Utiliza el borde superior o inferior del objeto seleccionado como línea de referencia del texto y conserva la alineación vertical original de los caracteres individuales.</help:help-text></text:p>
  <table:table table:name="Tabelle6" table:style-name="Tabelle6">
   <table:table-column table:style-name="Tabelle6.A"/>
   <table:table-column table:style-name="Tabelle6.B"/>
   <table:table-header-rows>
    <table:table-row>
     <table:table-cell table:value-type="string">
      <text:p text:style-name="Paragraph"><draw:image draw:name="Símbolo5" svg:desc="Símbolo" svg:pixelx="22" svg:pixely="21" svg:width="0.582cm" svg:height="0.556cm" xlink:href="66643" draw:filter-name=""/></text:p>

     </table:table-cell>
     <table:table-cell table:value-type="string">
      <text:p text:style-name="Paragraph">Derecho</text:p>
     </table:table-cell>
    </table:table-row>
   </table:table-header-rows>
  </table:table>
  <text:p text:style-name="Paragraph"><help:help-id value="HID_FONTWORK_TBI_STYLE_SLANTX"/><help:help-text value="visible">Inclina horizontalmente los caracteres del objeto de texto.</help:help-text></text:p>
  <table:table table:name="Tabelle7" table:style-name="Tabelle7">
   <table:table-column table:style-name="Tabelle7.A"/>
   <table:table-column table:style-name="Tabelle7.B"/>
   <table:table-header-rows>
    <table:table-row>
     <table:table-cell table:value-type="string">
      <text:p text:style-name="Paragraph"><draw:image draw:name="Símbolo6" svg:desc="Símbolo" svg:pixelx="22" svg:pixely="21" svg:width="0.582cm" svg:height="0.556cm" xlink:href="66644" draw:filter-name=""/></text:p>

     </table:table-cell>
     <table:table-cell table:value-type="string">
      <text:p text:style-name="Paragraph">Inclinar horizontalmente</text:p>
     </table:table-cell>
    </table:table-row>
   </table:table-header-rows>
  </table:table>
  <text:p text:style-name="Paragraph"><help:help-id value="HID_FONTWORK_TBI_STYLE_SLANTY"/><help:help-text value="visible">Inclina verticalmente los caracteres del objeto de texto.</help:help-text></text:p>
  <table:table table:name="Tabelle8" table:style-name="Tabelle8">
   <table:table-column table:style-name="Tabelle8.A"/>
   <table:table-column table:style-name="Tabelle8.B"/>
   <table:table-header-rows>
    <table:table-row>
     <table:table-cell table:value-type="string">
      <text:p text:style-name="Paragraph"><draw:image draw:name="Símbolo7" svg:desc="Símbolo" svg:pixelx="22" svg:pixely="21" svg:width="0.582cm" svg:height="0.556cm" xlink:href="66645" draw:filter-name=""/></text:p>

     </table:table-cell>
     <table:table-cell table:value-type="string">
      <text:p text:style-name="Paragraph">Inclinar verticalmente</text:p>
     </table:table-cell>
    </table:table-row>
   </table:table-header-rows>
  </table:table>
  <text:p text:style-name="Paragraph"><help:help-id value="HID_FONTWORK_TBI_ADJUST_MIRROR"/><help:help-text value="visible">Cambia la dirección del texto y refleja el texto de forma horizontal o vertical. Para utilizar esta orden, antes es preciso aplicar una línea de referencia distinta al texto.</help:help-text></text:p>
  <table:table table:name="Tabelle9" table:style-name="Tabelle9">
   <table:table-column table:style-name="Tabelle9.A"/>
   <table:table-column table:style-name="Tabelle9.B"/>
   <table:table-header-rows>
    <table:table-row>
     <table:table-cell table:value-type="string">
      <text:p text:style-name="Paragraph"><draw:image draw:name="Símbolo8" svg:desc="Símbolo" svg:pixelx="22" svg:pixely="21" svg:width="0.582cm" svg:height="0.556cm" xlink:href="66646" draw:filter-name=""/></text:p>

     </table:table-cell>
     <table:table-cell table:value-type="string">
      <text:p text:style-name="Paragraph">Orientación</text:p>
     </table:table-cell>
    </table:table-row>
   </table:table-header-rows>
  </table:table>
  <text:p text:style-name="Paragraph"><help:help-id value="HID_FONTWORK_TBI_ADJUST_LEFT"/><help:help-text value="visible">Alinea el texto en el extremo izquierdo de la línea de referencia de texto.</help:help-text></text:p>
  <table:table table:name="Tabelle10" table:style-name="Tabelle10">
   <table:table-column table:style-name="Tabelle10.A"/>
   <table:table-column table:style-name="Tabelle10.B"/>
   <table:table-header-rows>
    <table:table-row>
     <table:table-cell table:value-type="string">
      <text:p text:style-name="Paragraph"><draw:image draw:name="Símbolo9" svg:desc="Símbolo" svg:pixelx="25" svg:pixely="25" svg:width="0.661cm" svg:height="0.661cm" xlink:href="66647" draw:filter-name=""/></text:p>

     </table:table-cell>
     <table:table-cell table:value-type="string">
      <text:p text:style-name="Paragraph">Alineado a la izquierda</text:p>
     </table:table-cell>
    </table:table-row>
   </table:table-header-rows>
  </table:table>
  <text:p text:style-name="Paragraph"><help:help-id value="HID_FONTWORK_TBI_ADJUST_CENTER"/><help:help-text value="visible">Centra el texto sobre la línea de texto de referencia.</help:help-text></text:p>
  <table:table table:name="Tabelle11" table:style-name="Tabelle11">
   <table:table-column table:style-name="Tabelle11.A"/>
   <table:table-column table:style-name="Tabelle11.B"/>
   <table:table-header-rows>
    <table:table-row>
     <table:table-cell table:value-type="string">
      <text:p text:style-name="Paragraph"><draw:image draw:name="Símbolo10" svg:desc="Símbolo" svg:pixelx="25" svg:pixely="25" svg:width="0.661cm" svg:height="0.661cm" xlink:href="66648" draw:filter-name=""/></text:p>

     </table:table-cell>
     <table:table-cell table:value-type="string">
      <text:p text:style-name="Paragraph">Centrado</text:p>
     </table:table-cell>
    </table:table-row>
   </table:table-header-rows>
  </table:table>
  <text:p text:style-name="Paragraph"><help:help-id value="HID_FONTWORK_TBI_ADJUST_RIGHT"/><help:help-text value="visible">Alinea el texto en el extremo derecho de la línea de referencia de texto.</help:help-text></text:p>
  <table:table table:name="Tabelle12" table:style-name="Tabelle12">
   <table:table-column table:style-name="Tabelle12.A"/>
   <table:table-column table:style-name="Tabelle12.B"/>
   <table:table-header-rows>
    <table:table-row>
     <table:table-cell table:value-type="string">
      <text:p text:style-name="Paragraph"><draw:image draw:name="Símbolo11" svg:desc="Símbolo" svg:pixelx="25" svg:pixely="25" svg:width="0.661cm" svg:height="0.661cm" xlink:href="66649" draw:filter-name=""/></text:p>

     </table:table-cell>
     <table:table-cell table:value-type="string">
      <text:p text:style-name="Paragraph">Alineado a la derecha</text:p>
     </table:table-cell>
    </table:table-row>
   </table:table-header-rows>
  </table:table>
  <text:p text:style-name="Paragraph"><help:help-id value="HID_FONTWORK_TBI_ADJUST_AUTOSIZE"/><help:help-text value="visible">Ajusta el tamaño de texto para que se adapte a la longitud de la línea de referencia de texto.</help:help-text></text:p>
  <table:table table:name="Tabelle13" table:style-name="Tabelle13">
   <table:table-column table:style-name="Tabelle13.A"/>
   <table:table-column table:style-name="Tabelle13.B"/>
   <table:table-header-rows>
    <table:table-row>
     <table:table-cell table:value-type="string">
      <text:p text:style-name="Paragraph"><draw:image draw:name="Símbolo12" svg:desc="Símbolo" svg:pixelx="22" svg:pixely="21" svg:width="0.582cm" svg:height="0.556cm" xlink:href="66650" draw:filter-name=""/></text:p>

     </table:table-cell>
     <table:table-cell table:value-type="string">
      <text:p text:style-name="Paragraph">Tamaño automático de texto</text:p>
     </table:table-cell>
    </table:table-row>
   </table:table-header-rows>
  </table:table>
  <text:p text:style-name="Paragraph"><help:help-id value="SVX_METRICFIELD_RID_SVXDLG_FONTWORK_MTR_FLD_DISTANCE"/><help:help-text value="visible">Escriba el espacio que hay que dejar entre la línea de referencia del texto y la base de cada uno de los caracteres.</help:help-text></text:p>
  <table:table table:name="Tabelle14" table:style-name="Tabelle14">
   <table:table-column table:style-name="Tabelle14.A"/>
   <table:table-column table:style-name="Tabelle14.B"/>
   <table:table-header-rows>
    <table:table-row>
     <table:table-cell table:value-type="string">
      <text:p text:style-name="Paragraph"><draw:image draw:name="Símbolo13" svg:desc="Símbolo" svg:pixelx="140" svg:pixely="30" svg:width="3.704cm" svg:height="0.794cm" xlink:href="65581" draw:filter-name=""/></text:p>

     </table:table-cell>
     <table:table-cell table:value-type="string">
      <text:p text:style-name="Paragraph">Distancia</text:p>
     </table:table-cell>
    </table:table-row>
   </table:table-header-rows>
  </table:table>
  <text:p text:style-name="Paragraph"><help:help-id value="SVX_METRICFIELD_RID_SVXDLG_FONTWORK_MTR_FLD_TEXTSTART"/><help:help-text value="visible">Escriba el espacio que hay que dejar entre el principio de la línea de referencia del texto y el principio del texto.</help:help-text></text:p>
  <table:table table:name="Tabelle15" table:style-name="Tabelle15">
   <table:table-column table:style-name="Tabelle15.A"/>
   <table:table-column table:style-name="Tabelle15.B"/>
   <table:table-header-rows>
    <table:table-row>
     <table:table-cell table:value-type="string">
      <text:p text:style-name="Paragraph"><draw:image draw:name="Símbolo14" svg:desc="Símbolo" svg:pixelx="140" svg:pixely="30" svg:width="3.704cm" svg:height="0.794cm" xlink:href="65582" draw:filter-name=""/></text:p>

     </table:table-cell>
     <table:table-cell table:value-type="string">
      <text:p text:style-name="Paragraph">Sangría</text:p>
     </table:table-cell>
    </table:table-row>
   </table:table-header-rows>
  </table:table>
  <text:p text:style-name="Paragraph"><help:help-id value="HID_FONTWORK_TBI_SHOWFORM"/><help:help-text value="visible">Muestra u oculta la línea de referencia de texto o los bordes del objeto seleccionado.</help:help-text></text:p>
  <table:table table:name="Tabelle16" table:style-name="Tabelle16">
   <table:table-column table:style-name="Tabelle16.A"/>
   <table:table-column table:style-name="Tabelle16.B"/>
   <table:table-header-rows>
    <table:table-row>
     <table:table-cell table:value-type="string">
      <text:p text:style-name="Paragraph"><draw:image draw:name="Símbolo15" svg:desc="Símbolo" svg:pixelx="22" svg:pixely="21" svg:width="0.582cm" svg:height="0.556cm" xlink:href="66651" draw:filter-name=""/></text:p>

     </table:table-cell>
     <table:table-cell table:value-type="string">
      <text:p text:style-name="Paragraph">Contorno</text:p>
     </table:table-cell>
    </table:table-row>
   </table:table-header-rows>
  </table:table>
  <text:p text:style-name="Paragraph"><help:help-id value="HID_FONTWORK_TBI_OUTLINE"/><help:help-text value="visible">Muestra u oculta los bordes de los caracteres individuales del texto.</help:help-text></text:p>
  <table:table table:name="Tabelle17" table:style-name="Tabelle17">
   <table:table-column table:style-name="Tabelle17.A"/>
   <table:table-column table:style-name="Tabelle17.B"/>
   <table:table-header-rows>
    <table:table-row>
     <table:table-cell table:value-type="string">
      <text:p text:style-name="Paragraph"><draw:image draw:name="Símbolo16" svg:desc="Símbolo" svg:pixelx="22" svg:pixely="21" svg:width="0.582cm" svg:height="0.556cm" xlink:href="66652" draw:filter-name=""/></text:p>

     </table:table-cell>
     <table:table-cell table:value-type="string">
      <text:p text:style-name="Paragraph">Contorno de caracteres</text:p>
     </table:table-cell>
    </table:table-row>
   </table:table-header-rows>
  </table:table>
  <text:p text:style-name="Paragraph"><help:help-id value="HID_FONTWORK_TBI_SHADOW_OFF"/><help:help-text value="visible">Borra los efectos de sombra que se hayan aplicado al texto.</help:help-text></text:p>
  <table:table table:name="Tabelle18" table:style-name="Tabelle18">
   <table:table-column table:style-name="Tabelle18.A"/>
   <table:table-column table:style-name="Tabelle18.B"/>
   <table:table-header-rows>
    <table:table-row>
     <table:table-cell table:value-type="string">
      <text:p text:style-name="Paragraph"><draw:image draw:name="Símbolo17" svg:desc="Símbolo" svg:pixelx="22" svg:pixely="21" svg:width="0.582cm" svg:height="0.556cm" xlink:href="66653" draw:filter-name=""/></text:p>

     </table:table-cell>
     <table:table-cell table:value-type="string">
      <text:p text:style-name="Paragraph">Sin sombra</text:p>
     </table:table-cell>
    </table:table-row>
   </table:table-header-rows>
  </table:table>
  <text:p text:style-name="Paragraph"><help:help-id value="HID_FONTWORK_TBI_SHADOW_NORMAL"/><help:help-text value="visible">Agrega una sombra al texto del objeto seleccionado. Pulse este botón y luego escriba las dimensiones de la sombra en los cuadros <text:span text:style-name="T1">Distancia X</text:span> y <text:span text:style-name="T1">Distancia Y</text:span>.</help:help-text></text:p>
  <table:table table:name="Tabelle19" table:style-name="Tabelle19">
   <table:table-column table:style-name="Tabelle19.A"/>
   <table:table-column table:style-name="Tabelle19.B"/>
   <table:table-header-rows>
    <table:table-row>
     <table:table-cell table:value-type="string">
      <text:p text:style-name="Paragraph"><draw:image draw:name="Símbolo18" svg:desc="Símbolo" svg:pixelx="22" svg:pixely="21" svg:width="0.582cm" svg:height="0.556cm" xlink:href="66654" draw:filter-name=""/></text:p>

     </table:table-cell>
     <table:table-cell table:value-type="string">
      <text:p text:style-name="Paragraph">Vertical</text:p>
     </table:table-cell>
    </table:table-row>
   </table:table-header-rows>
  </table:table>
  <text:p text:style-name="Paragraph"><help:help-id value="HID_FONTWORK_TBI_SHADOW_SLANT"/><help:help-text value="visible">Añade una sombra inclinada en el texto del objeto seleccionado. Pulse este botón y luego escriba las dimensiones de la sombra en los cuadros <text:span text:style-name="T1">Distancia X</text:span> y <text:span text:style-name="T1">Distancia Y</text:span>.</help:help-text></text:p>
  <table:table table:name="Tabelle20" table:style-name="Tabelle20">
   <table:table-column table:style-name="Tabelle20.A"/>
   <table:table-column table:style-name="Tabelle20.B"/>
   <table:table-header-rows>
    <table:table-row>
     <table:table-cell table:value-type="string">
      <text:p text:style-name="Paragraph"><draw:image draw:name="Símbolo19" svg:desc="Símbolo" svg:pixelx="22" svg:pixely="21" svg:width="0.582cm" svg:height="0.556cm" xlink:href="66655" draw:filter-name=""/></text:p>

     </table:table-cell>
     <table:table-cell table:value-type="string">
      <text:p text:style-name="Paragraph">Inclinar</text:p>
     </table:table-cell>
    </table:table-row>
   </table:table-header-rows>
  </table:table>
  <text:p text:style-name="Head 3"><help:help-id value="SVX_METRICFIELD_RID_SVXDLG_FONTWORK_MTR_FLD_SHADOW_X"/>Distancia horizontal</text:p>
  <text:p text:style-name="Paragraph"><help:help-text value="visible">Escriba la distancia horizontal entre los caracteres de texto y el borde de la sombra.</help:help-text></text:p>
  <table:table table:name="Tabelle21" table:style-name="Tabelle21">
   <table:table-column table:style-name="Tabelle21.A"/>
   <table:table-column table:style-name="Tabelle21.B"/>
   <table:table-header-rows>
    <table:table-row>
     <table:table-cell table:value-type="string">
      <text:p text:style-name="Paragraph"><draw:image draw:name="Símbolo20" svg:desc="Símbolo" svg:pixelx="140" svg:pixely="30" svg:width="3.704cm" svg:height="0.794cm" xlink:href="65537" draw:filter-name=""/></text:p>

     </table:table-cell>
     <table:table-cell table:value-type="string">
      <text:p text:style-name="Paragraph">Distancia X</text:p>
     </table:table-cell>
    </table:table-row>
   </table:table-header-rows>
  </table:table>
  <text:p text:style-name="Head 3"><help:help-id value="SVX_METRICFIELD_RID_SVXDLG_FONTWORK_MTR_FLD_SHADOW_Y"/>Distancia vertical</text:p>
  <text:p text:style-name="Paragraph"><help:help-text value="visible">Escriba la distancia vertical entre los caracteres de texto y el borde de la sombra.</help:help-text></text:p>
  <table:table table:name="Tabelle22" table:style-name="Tabelle22">
   <table:table-column table:style-name="Tabelle22.A"/>
   <table:table-column table:style-name="Tabelle22.B"/>
   <table:table-header-rows>
    <table:table-row>
     <table:table-cell table:value-type="string">
      <text:p text:style-name="Paragraph"><draw:image draw:name="Símbolo21" svg:desc="Símbolo" svg:pixelx="140" svg:pixely="30" svg:width="3.704cm" svg:height="0.794cm" xlink:href="65538" draw:filter-name=""/></text:p>

     </table:table-cell>
     <table:table-cell table:value-type="string">
      <text:p text:style-name="Paragraph">Distancia Y</text:p>
     </table:table-cell>
    </table:table-row>
   </table:table-header-rows>
  </table:table>
  <text:p text:style-name="Head 3"><help:help-id value="SVX_LISTBOX_RID_SVXDLG_FONTWORK_CLB_SHADOW_COLOR"/>Color sombra</text:p>
  <text:p text:style-name="Paragraph"><help:help-text value="visible">Seleccione un color para la sombra del texto.</help:help-text></text:p>
  <text:p text:style-name="ParaList"><help:embedded Id="65598" Eid="related"></help:embedded></text:p>
  <text:p text:style-name="ParaList"><help:embedded Id="68341" Eid="gallery_insert"></help:embedded></text:p>
  <text:p text:style-name="ParaList"><help:switch select="Program"><help:case select="WRITER"><help:embedded Id="68059" Eid="fontwork"></help:embedded></help:case></help:switch></text:p>
 </office:body>
</office:document>
