

<office:document  xmlns:office="http://openoffice.org/2000/office" xmlns:style="http://openoffice.org/2000/style" xmlns:text="http://openoffice.org/2000/text" xmlns:table="http://openoffice.org/2000/table" xmlns:draw="http://openoffice.org/2000/drawing" xmlns:fo="http://www.w3.org/1999/XSL/Format" xmlns:xlink="http://www.w3.org/1999/xlink" xmlns:number="http://openoffice.org/2000/datastyle" xmlns:svg="http://www.w3.org/2000/svg" xmlns:chart="http://openoffice.org/2000/chart" xmlns:dr3d="http://openoffice.org/2000/dr3d" xmlns:math="http://www.w3.org/1998/Math/MathML" xmlns:form="http://openoffice.org/2000/form" xmlns:script="http://openoffice.org/2000/script" office:class="text" office:version="1.0" xmlns:dc="http://purl.org/dc/elements/1.1/" xmlns:meta="http://openoffice.org/2000/meta" xmlns:help="http://openoffice.org/2000/help">
<office:meta>
  <dc:description>text/common/01/06010000</dc:description>
  <dc:subject>Revisión ortográfica</dc:subject>
  <meta:keywords>
   <meta:keyword>$Version</meta:keyword>
  </meta:keywords>
  <dc:language>es-ES</dc:language>
  <meta:user-defined meta:name="Info 0">READY</meta:user-defined>
  <meta:user-defined meta:name="Info 1">FREE_OK</meta:user-defined>
  <meta:user-defined meta:name="Info 2"/>
  <meta:user-defined meta:name="Info 3"/>
</office:meta>
 <office:script/>
 <office:font-decls>
  <style:font-decl style:name="StarSymbol" fo:font-family="StarSymbol" style:font-charset="x-symbol"/>
  <style:font-decl style:name="Courier New" fo:font-family="&apos;Courier New&apos;" style:font-style-name="Standard" style:font-family-generic="modern" style:font-pitch="fixed"/>
  <style:font-decl style:name="Courier" fo:font-family="Courier" style:font-family-generic="roman" style:font-pitch="fixed"/>
  <style:font-decl style:name="Arial Unicode MS" fo:font-family="&apos;Arial Unicode MS&apos;" style:font-pitch="variable"/>
  <style:font-decl style:name="HG Mincho Light J" fo:font-family="&apos;HG Mincho Light J&apos;" style:font-pitch="variable"/>
  <style:font-decl style:name="Times New Roman3" fo:font-family="&apos;Times New Roman&apos;" style:font-pitch="variable"/>
  <style:font-decl style:name="Thorndale" fo:font-family="Thorndale" style:font-family-generic="roman" style:font-pitch="variable"/>
  <style:font-decl style:name="Times New Roman2" fo:font-family="&apos;Times New Roman&apos;" style:font-style-name="Fett" style:font-family-generic="roman" style:font-pitch="variable"/>
  <style:font-decl style:name="Times New Roman" fo:font-family="&apos;Times New Roman&apos;" style:font-style-name="Standard" style:font-family-generic="roman" style:font-pitch="variable"/>
  <style:font-decl style:name="Times New Roman1" fo:font-family="&apos;Times New Roman&apos;" style:font-family-generic="swiss" style:font-pitch="variable"/>
 </office:font-decls>
 <office:automatic-styles>
  <style:style style:name="Tabelle8" style:family="table">
   <style:properties style:width="18cm" table:align="margins"/>
  </style:style>
  <style:style style:name="Tabelle8.A" style:family="table-column">
   <style:properties style:column-width="1.499cm" style:rel-column-width="850*"/>
  </style:style>
  <style:style style:name="Tabelle8.B" style:family="table-column">
   <style:properties style:column-width="16.498cm" style:rel-column-width="9352*"/>
  </style:style>
  <style:style style:name="Tabelle8.1" style:family="table-row">
   <style:properties style:min-row-height="0.848cm"/>
  </style:style>
  <style:style style:name="Tabelle8.A1" style:family="table-cell">
   <style:properties fo:padding="0cm" fo:border="none"/>
  </style:style>
  <style:style style:name="Tabelle2" style:family="table">
   <style:properties style:width="18cm" table:align="margins"/>
  </style:style>
  <style:style style:name="Tabelle2.A" style:family="table-column">
   <style:properties style:column-width="1.501cm" style:rel-column-width="5464*"/>
  </style:style>
  <style:style style:name="Tabelle2.B" style:family="table-column">
   <style:properties style:column-width="16.499cm" style:rel-column-width="60052*"/>
  </style:style>
  <style:style style:name="P1" style:family="paragraph" style:parent-style-name="Paragraph" style:master-page-name="HTML">
   <style:properties style:page-number="0"/>
  </style:style>
  <style:style style:name="T1" style:family="text">
   <style:properties fo:font-weight="bold"/>
  </style:style>
  <style:style style:name="fr1" style:family="graphics" style:parent-style-name="Graphics">
   <style:properties style:run-through="foreground" style:wrap="run-through" style:vertical-pos="middle" style:vertical-rel="paragraph" style:horizontal-pos="left" style:horizontal-rel="paragraph" style:mirror="none" fo:clip="rect(0cm 0cm 0cm 0cm)" draw:luminance="0%" draw:contrast="0%" draw:red="0%" draw:green="0%" draw:blue="0%" draw:gamma="1" draw:color-inversion="false" draw:transparency="-100%" draw:color-mode="standard"/>
  </style:style>
  <style:style style:name="fr2" style:family="graphics" style:parent-style-name="Graphics">
   <style:properties style:run-through="foreground" style:wrap="run-through" style:vertical-pos="top" style:vertical-rel="paragraph" style:horizontal-pos="left" style:horizontal-rel="paragraph" style:mirror="none" fo:clip="rect(0cm 0cm 0cm 0cm)" draw:luminance="0%" draw:contrast="0%" draw:red="0%" draw:green="0%" draw:blue="0%" draw:gamma="1" draw:color-inversion="false" draw:transparency="-100%" draw:color-mode="standard"/>
  </style:style>
 </office:automatic-styles>
 <office:body>
  <text:variable-decls>
   <text:variable-decl text:value-type="string" text:name="HTML_ON"/>
   <text:variable-decl text:value-type="string" text:name="HTML_OFF"/>
   <text:variable-decl text:value-type="string" text:name="TITEL"/>
   <text:variable-decl text:value-type="string" text:name="END"/>
   <text:variable-decl text:value-type="string" text:name="HREF"/>
   <text:variable-decl text:value-type="string" text:name="NAME"/>
   <text:variable-decl text:value-type="string" text:name="HelpID"/>
   <text:variable-decl text:value-type="string" text:name="MODIFY"/>
   <text:variable-decl text:value-type="string" text:name="REFNR"/>
   <text:variable-decl text:value-type="string" text:name="KEY"/>
   <text:variable-decl text:value-type="string" text:name="INDEX"/>
   <text:variable-decl text:value-type="string" text:name="OS2"/>
   <text:variable-decl text:value-type="string" text:name="ELSE"/>
   <text:variable-decl text:value-type="string" text:name="AKTHLP"/>
   <text:variable-decl text:value-type="string" text:name="MAC"/>
   <text:variable-decl text:value-type="string" text:name="HFELD"/>
   <text:variable-decl text:value-type="string" text:name="STYLE"/>
  </text:variable-decls>
  <text:sequence-decls>
   <text:sequence-decl text:display-outline-level="0" text:name="Illustration"/>
   <text:sequence-decl text:display-outline-level="0" text:name="Table"/>
   <text:sequence-decl text:display-outline-level="0" text:name="Text"/>
   <text:sequence-decl text:display-outline-level="0" text:name="Drawing"/>
  </text:sequence-decls>
  <help:to-be-embedded Eid="rechtschreibung">
  <text:p text:style-name="Head 1"><help:help-id value="FN_SPELLING_DLG"/><help:help-id value="SID_SPELLING"/><help:key-word value="revisión ortográfica; texto" tag="kw65853_1"/><help:key-word value="texto; revisión ortográfica" tag="kw65853_8"/><help:key-word value="corrección; revisión ortográfica" tag="kw65853_7"/><help:key-word value="revisión ortográfica; diálogo Revisión ortográfica" tag="kw65853_6"/><help:link Id="65853">Revisión ortográfica</help:link></text:p>
  <text:p text:style-name="Paragraph"><help:to-be-embedded Eid="recht"><help:help-text value="visible">Revisa los errores ortográficos en el documento o la selección.</help:help-text> <help:productname>%PRODUCTNAME</help:productname> incluye encabezamientos, pies de página, entradas de índice y pies de página en la revisión ortográfica.</help:to-be-embedded> La revisión ortográfica se inicia en la posición actual del cursor y avanza hasta alcanzar el final del documento o selección. Puede optar por continuar la revisión ortográfica desde el inicio del documento.</text:p>
  </help:to-be-embedded>
  <help:popup Id="65589" Eid="rechtschreibung"><help:embedded Id="65598" Eid="wie"></help:embedded></help:popup>
  <text:p text:style-name="Paragraph">La Revisión ortográfica busca las palabras escritas incorrectamente y ofrece la opción de agregar una palabra desconocida a un diccionario de usuario. El diálogo <text:span text:style-name="T1">Revisión ortográfica</text:span> se abre al hallar la primera palabra incorrecta.</text:p>
  <text:p text:style-name="Head 3">Original</text:p>
  <text:p text:style-name="Paragraph">La palabra mal escrita se muestra en el cuadro <text:span text:style-name="T1">Palabra</text:span>.</text:p>
  <table:table table:name="Tabelle8" table:style-name="Tabelle8">
   <table:table-column table:style-name="Tabelle8.A"/>
   <table:table-column table:style-name="Tabelle8.B"/>
   <table:table-header-rows>
    <table:table-row table:style-name="Tabelle8.1">
     <table:table-cell table:style-name="Tabelle8.A1" table:value-type="string">
      <text:p text:style-name="Paragraph"><draw:image draw:name="Símbolo0" svg:desc="Este símbolo muestra consejos sobre cómo usar el programa de forma más eficaz." svg:pixelx="32" svg:pixely="32" svg:width="0.847cm" svg:height="0.847cm" xlink:href="66732" draw:filter-name=""/></text:p>

     </table:table-cell>
     <table:table-cell table:style-name="Tabelle8.A1" table:value-type="string">
      <text:p text:style-name="Paragraph">Para volver a insertar rápidamente la palabra original en el cuadro <text:span text:style-name="T1">Palabra</text:span>, pulse en la palabra en el área <text:span text:style-name="T1">Original</text:span> de la parte superior del diálogo o pulse <help:switch select="System"><help:case select ="MAC">Option</help:case><help:default>Alt</help:default></help:switch>+O.</text:p>
     </table:table-cell>
    </table:table-row>
   </table:table-header-rows>
  </table:table>
  <text:p text:style-name="Head 2"><help:help-id value="SVX_LISTBOX_RID_SVXDLG_SPELLCHECK_LB_NEWWORD"/>Palabra</text:p>
  <text:p text:style-name="Paragraph"><help:help-text value="visible">Edite la palabra incorrecta o seleccione una de las palabras de la lista <text:span text:style-name="T1">Sugerencias</text:span> y pulse <text:span text:style-name="T1">Reemplazar</text:span>.</help:help-text></text:p>
  <text:p text:style-name="Head 2"><help:help-id value="SVX_IMAGEBUTTON_RID_SVXDLG_SPELLCHECK_IB_TEST"/>Revisar palabra</text:p>
  <text:p text:style-name="Paragraph"><help:help-text value="visible">Vuelve a revisar la ortografía de la palabra situada en el cuadro <text:span text:style-name="T1">Palabra</text:span>.</help:help-text></text:p>
  <table:table table:name="Tabelle2" table:style-name="Tabelle2">
   <table:table-column table:style-name="Tabelle2.A"/>
   <table:table-column table:style-name="Tabelle2.B"/>
   <table:table-header-rows>
    <table:table-row>
     <table:table-cell table:value-type="string">
      <text:p text:style-name="Paragraph"><draw:image draw:name="Símbolo1" svg:desc="Símbolo" svg:pixelx="25" svg:pixely="25" svg:width="0.661cm" svg:height="0.661cm" xlink:href="65746" draw:filter-name=""/></text:p>

     </table:table-cell>
     <table:table-cell table:value-type="string">
      <text:p text:style-name="Paragraph">Revisar palabra</text:p>
     </table:table-cell>
    </table:table-row>
   </table:table-header-rows>
  </table:table>
  <text:p text:style-name="Head 2"><help:help-id value="SVX_LISTBOX_RID_SVXDLG_SPELLCHECK_LB_NEWWORD"/>Sugerencias</text:p>
  <text:p text:style-name="Paragraph"><help:help-text value="visible">Lista una sugerencia de palabras para sustituir la palabra mal escrita en el cuadro <text:span text:style-name="T1">Palabra </text:span>. Seleccione la palabra que desee utilizar y luego pulse <text:span text:style-name="T1">Reemplazar</text:span>.</help:help-text></text:p>
  <text:p text:style-name="Head 2"><help:help-id value="SVX_LISTBOX_RID_SVXDLG_SPELLCHECK_LB_LANGUAGE"/><help:key-word value="Ortografía; idioma" tag="kw65853_5"/><help:key-word value="Idioma; ortografía" tag="kw65853_4"/>Idioma</text:p>
  <text:p text:style-name="Paragraph"><help:help-text value="visible">Especifica el idioma de la revisión ortográfica. Para instalar o borrar módulos de idioma adicionales ejecute el programa de configuración de <help:productname>%PRODUCTNAME</help:productname>.</help:help-text> Si reemplaza una palabra después de modificar este parámetro de configuración, el nuevo idioma se asigna a la palabra como atributo directo de carácter.</text:p>
  <help:embedded Id="67899" Eid="sprachenfeld"></help:embedded>
  <text:p text:style-name="Head 2"><help:help-id value="SVX_LISTBOX_RID_SVXDLG_SPELLCHECK_LB_BOOK"/><a name="woerterbuch"/><help:key-word value="Diccionario; ortograría" tag="kw65853_3"/><help:key-word value="Ortografía; diccionario" tag="kw65853_2"/>Diccionario</text:p>
  <text:p text:style-name="Paragraph"><help:help-text value="visible">Muestra los diccionarios del usuario utilizados para la revisión ortográfica. El diccionario seleccionado es el único al que se añaden entradas desde el diálogo cuando se pulsa <text:span text:style-name="T1">Añadir</text:span>. Si desea activar los diccionarios pulse el botón <text:span text:style-name="T1">Opciones</text:span>.</help:help-text> Si desea más información sobre los diccionarios definidos por el usuario, consulte <help:link Id="65883">Lingüística</help:link>.</text:p>
  <text:p text:style-name="Head 2"><help:help-id value="SVX_PUSHBUTTON_RID_SVXDLG_SPELLCHECK_BTN_AUTOCORR"/><help:switch select="Program"><help:case select="WRITER">AutoCorrección</help:case></help:switch></text:p>
  <text:p text:style-name="Paragraph"><help:switch select="Program"><help:case select="WRITER"><help:help-text value="visible">Con este botón puede incluir en la lista de sustitución de la AutoCorrección la palabra incorrecta y la forma correcta de la misma.</help:help-text> Información más detallada sobre la AutoCorrección.</help:case></help:switch></text:p>
  <text:p text:style-name="Head 2"><help:help-id value="SVX_PUSHBUTTON_RID_SVXDLG_SPELLCHECK_BTN_THES"/>Diccionario de sinónimos</text:p>
  <text:p text:style-name="Paragraph"><help:help-text value="visible">Sustituye la palabra actual por un sinónimo.</help:help-text></text:p>
  <text:p text:style-name="Head 2"><help:help-id value="SVX_PUSHBUTTON_RID_SVXDLG_SPELLCHECK_BTN_OPTIONS"/>Opciones</text:p>
  <text:p text:style-name="Paragraph"><help:help-text value="visible">Abre el diálogo <help:link Id="65883">Idioma</help:link> en el que se pueden seleccionar los diccionarios definidos por el usuario y establecer las reglas de la revisión ortográfica.</help:help-text></text:p>
  <text:p text:style-name="Head 2"><help:help-id value="SVX_PUSHBUTTON_RID_SVXDLG_SPELLCHECK_BTN_ADD"/>Añadir</text:p>
  <text:p text:style-name="Paragraph"><help:help-text value="visible">Añade el texto del cuadro <text:span text:style-name="T1">Palabra</text:span> al diccionario seleccionado definido por el usuario.</help:help-text></text:p>
  <text:p text:style-name="Head 2"><help:help-id value="SVX_PUSHBUTTON_RID_SVXDLG_SPELLCHECK_BTN_IGNORE"/>Ignorar</text:p>
  <text:p text:style-name="Paragraph"><help:help-text value="visible">Con el botón <text:span text:style-name="T1">Ignorar</text:span> no se corregirá la palabra considerada incorrecta y la corrección ortográfica continuará.</help:help-text></text:p>
  <text:p text:style-name="Head 2"><help:help-id value="SVX_PUSHBUTTON_RID_SVXDLG_SPELLCHECK_BTN_IGNOREALL"/>Ignorar siempre</text:p>
  <text:p text:style-name="Paragraph"><help:help-text value="visible">Con esta función no se corregirá la palabra considerada incorrecta. Si apareciera en otros lugares, no se tendrá en cuenta.</help:help-text></text:p>
  <text:p text:style-name="Head 2"><help:help-id value="SVX_PUSHBUTTON_RID_SVXDLG_SPELLCHECK_BTN_CHANGE"/>Reemplazar</text:p>
  <text:p text:style-name="Paragraph"><help:help-text value="visible">Cuando pulse sobre el botón <text:span text:style-name="T1">Reemplazar</text:span> se sustituirá la palabra por la que usted haya seleccionado en el listado.</help:help-text></text:p>
  <text:p text:style-name="Head 2"><help:help-id value="SVX_PUSHBUTTON_RID_SVXDLG_SPELLCHECK_BTN_CHANGEALL"/>Reemplazar siempre</text:p>
  <text:p text:style-name="Paragraph"><help:help-text value="visible">Pulse este botón para reemplazar siempre la palabra considerada incorrecta en su aplicación por la que haya introducido o elegido. Si se encontrara nuevamente la palabra considerada como incorrecta, se reemplazará automáticamente sin necesidad de confirmación.</help:help-text></text:p>
  <text:p text:style-name="Head 2"><help:help-id value="SVX_CHECKBOX_RID_SVXDLG_SPELLCHECK_CB_BACKWD"/>Retroceder</text:p>
  <text:p text:style-name="Paragraph"><help:help-text value="visible">Busca errores ortográficos en el documento hacia atrás desde la posición actual del cursor.</help:help-text></text:p>
  <help:embedded Id="65630" Eid="schliessen"></help:embedded>
  <text:p text:style-name="Head 3">Línea de estado</text:p>
  <text:p text:style-name="Paragraph">Muestra el motivo de la interrupción de la revisión ortográfica.</text:p>
  <a name="end"/>
  <a name="unbekannt"/>
  <text:p text:style-name="ParaList"><help:embedded Id="65598" Eid="related"></help:embedded></text:p>
  <text:p text:style-name="ParaList"><help:link Id="65726"></help:link></text:p>
 </office:body>
</office:document>
