

<office:document  xmlns:office="http://openoffice.org/2000/office" xmlns:style="http://openoffice.org/2000/style" xmlns:text="http://openoffice.org/2000/text" xmlns:table="http://openoffice.org/2000/table" xmlns:draw="http://openoffice.org/2000/drawing" xmlns:fo="http://www.w3.org/1999/XSL/Format" xmlns:xlink="http://www.w3.org/1999/xlink" xmlns:number="http://openoffice.org/2000/datastyle" xmlns:svg="http://www.w3.org/2000/svg" xmlns:chart="http://openoffice.org/2000/chart" xmlns:dr3d="http://openoffice.org/2000/dr3d" xmlns:math="http://www.w3.org/1998/Math/MathML" xmlns:form="http://openoffice.org/2000/form" xmlns:script="http://openoffice.org/2000/script" office:class="text" office:version="1.0" xmlns:dc="http://purl.org/dc/elements/1.1/" xmlns:meta="http://openoffice.org/2000/meta" xmlns:help="http://openoffice.org/2000/help">
<office:meta>
  <dc:description>text/common/01/06040100</dc:description>
  <dc:subject>Opciones</dc:subject>

  <dc:language>es-ES</dc:language>
  <meta:user-defined meta:name="Info 0">READY</meta:user-defined>
  <meta:user-defined meta:name="Info 1">FREE_OK</meta:user-defined>
  <meta:user-defined meta:name="Info 2"/>
  <meta:user-defined meta:name="Info 3"/>
</office:meta>
 <office:script/>
 <office:font-decls>
  <style:font-decl style:name="StarSymbol" fo:font-family="StarSymbol" style:font-charset="x-symbol"/>
  <style:font-decl style:name="Courier New" fo:font-family="&apos;Courier New&apos;" style:font-style-name="Standard" style:font-family-generic="modern" style:font-pitch="fixed"/>
  <style:font-decl style:name="Times New Roman2" fo:font-family="&apos;Times New Roman&apos;" style:font-family-generic="roman" style:font-pitch="fixed"/>
  <style:font-decl style:name="Arial Unicode MS" fo:font-family="&apos;Arial Unicode MS&apos;" style:font-pitch="variable"/>
  <style:font-decl style:name="Courier New1" fo:font-family="&apos;Courier New&apos;" style:font-pitch="variable"/>
  <style:font-decl style:name="HG Mincho Light J" fo:font-family="&apos;HG Mincho Light J&apos;" style:font-pitch="variable"/>
  <style:font-decl style:name="Times New Roman4" fo:font-family="&apos;Times New Roman&apos;" style:font-pitch="variable"/>
  <style:font-decl style:name="Thorndale" fo:font-family="Thorndale" style:font-family-generic="roman" style:font-pitch="variable"/>
  <style:font-decl style:name="Times New Roman3" fo:font-family="&apos;Times New Roman&apos;" style:font-style-name="Fett" style:font-family-generic="roman" style:font-pitch="variable"/>
  <style:font-decl style:name="Times New Roman" fo:font-family="&apos;Times New Roman&apos;" style:font-style-name="Standard" style:font-family-generic="roman" style:font-pitch="variable"/>
  <style:font-decl style:name="Times New Roman1" fo:font-family="&apos;Times New Roman&apos;" style:font-family-generic="swiss" style:font-pitch="variable"/>
 </office:font-decls>
 <office:automatic-styles>
  <style:style style:name="Tabelle3" style:family="table">
   <style:properties style:width="18cm" table:align="margins"/>
  </style:style>
  <style:style style:name="Tabelle3.A" style:family="table-column">
   <style:properties style:column-width="1.499cm" style:rel-column-width="5460*"/>
  </style:style>
  <style:style style:name="Tabelle3.B" style:family="table-column">
   <style:properties style:column-width="16.499cm" style:rel-column-width="60055*"/>
  </style:style>
  <style:style style:name="Tabelle1" style:family="table">
   <style:properties style:width="18cm" table:align="margins"/>
  </style:style>
  <style:style style:name="Tabelle1.A" style:family="table-column">
   <style:properties style:column-width="1.499cm" style:rel-column-width="5460*"/>
  </style:style>
  <style:style style:name="Tabelle1.B" style:family="table-column">
   <style:properties style:column-width="16.499cm" style:rel-column-width="60055*"/>
  </style:style>
  <style:style style:name="Tabelle2" style:family="table">
   <style:properties style:width="17.995cm" fo:margin-left="0cm" fo:margin-right="0.005cm" table:align="margins"/>
  </style:style>
  <style:style style:name="Tabelle2.A" style:family="table-column">
   <style:properties style:column-width="2.293cm" style:rel-column-width="1300*"/>
  </style:style>
  <style:style style:name="Tabelle2.B" style:family="table-column">
   <style:properties style:column-width="15.699cm" style:rel-column-width="8899*"/>
  </style:style>
  <style:style style:name="P1" style:family="paragraph" style:parent-style-name="Paragraph" style:master-page-name="HTML">
   <style:properties style:page-number="0"/>
  </style:style>
  <style:style style:name="T1" style:family="text">
   <style:properties fo:font-weight="bold"/>
  </style:style>
  <style:style style:name="fr1" style:family="graphics" style:parent-style-name="Graphics">
   <style:properties style:run-through="foreground" style:wrap="run-through" style:vertical-pos="top" style:vertical-rel="paragraph" style:horizontal-pos="left" style:horizontal-rel="paragraph" style:mirror="none" fo:clip="rect(0cm 0cm 0cm 0cm)" draw:luminance="0%" draw:contrast="0%" draw:red="0%" draw:green="0%" draw:blue="0%" draw:gamma="1" draw:color-inversion="false" draw:transparency="-100%" draw:color-mode="standard"/>
  </style:style>
 </office:automatic-styles>
 <office:body>
  <text:variable-decls>
   <text:variable-decl text:value-type="string" text:name="HTML_ON"/>
   <text:variable-decl text:value-type="string" text:name="HTML_OFF"/>
   <text:variable-decl text:value-type="string" text:name="HREF"/>
   <text:variable-decl text:value-type="string" text:name="END"/>
   <text:variable-decl text:value-type="string" text:name="TITEL"/>
   <text:variable-decl text:value-type="string" text:name="NAME"/>
   <text:variable-decl text:value-type="string" text:name="HelpID"/>
   <text:variable-decl text:value-type="string" text:name="MODIFY"/>
   <text:variable-decl text:value-type="string" text:name="REFNR"/>
   <text:variable-decl text:value-type="string" text:name="OS2"/>
   <text:variable-decl text:value-type="string" text:name="ELSE"/>
   <text:variable-decl text:value-type="string" text:name="HFELD"/>
   <text:variable-decl text:value-type="string" text:name="INDEX"/>
   <text:variable-decl text:value-type="string" text:name="MAC"/>
   <text:variable-decl text:value-type="string" text:name="WIN"/>
   <text:variable-decl text:value-type="string" text:name="KEY"/>
   <text:variable-decl text:value-type="string" text:name="AKTHLP"/>
   <text:variable-decl text:value-type="string" text:name="UNIX"/>
   <text:variable-decl text:value-type="string" text:name="STYLE"/>
  </text:variable-decls>
  <text:sequence-decls>
   <text:sequence-decl text:display-outline-level="0" text:name="Illustration"/>
   <text:sequence-decl text:display-outline-level="0" text:name="Table"/>
   <text:sequence-decl text:display-outline-level="0" text:name="Text"/>
   <text:sequence-decl text:display-outline-level="0" text:name="Drawing"/>
  </text:sequence-decls>
  <help:to-be-embedded Eid="optionen">
  <text:p text:style-name="Head 1"><help:help-id value="HID_OFAPAGE_AUTOCORR_CLB"/><help:help-id value="HID_OFAPAGE_AUTOCORR_OPTIONS"/><help:help-id value="HID_OFAPAGE_AUTOFMT_OPTIONS"/><help:help-id value="HID_OFAPAGE_AUTOFORMAT_CLB"/><help:key-word value="AutoCorrección; opciones" tag="kw65826_1"/><help:link Id="65826">Opciones</help:link></text:p>
  <text:p text:style-name="Paragraph"><help:help-text value="visible">Seleccione las opciones de corrección automática de errores durante la escritura y pulse <text:span text:style-name="T1">Aceptar</text:span>.</help:help-text></text:p>
  </help:to-be-embedded>
  <help:popup Id="65589" Eid="autokooptionen"><help:embedded Id="65598" Eid="wie"></help:embedded></help:popup>
  <text:p text:style-name="Paragraph"><help:switch select="Program"><help:case select="WRITER">En los documentos de texto puede aplicar la corrección automática de errores mientras escribe [T] o puede modificar texto [M] con <text:span text:style-name="T1">Formato - Formateado automático - Aplicar</text:span>.</help:case></help:switch></text:p>
  <text:p text:style-name="Head 3"><help:key-word value="tabla de sustitución; corrección automática" tag="kw65826_49"/><help:key-word value="corrección automática; tabla de sustitución" tag="kw65826_48"/><help:key-word value="sustitución de palabras; automática" tag="kw65826_47"/><help:key-word value="palabras; sustituir automáticamente" tag="kw65826_46"/><help:key-word value="palabras; sustituir abreviaturas" tag="kw65826_45"/><help:key-word value="abreviaturas; sustituir automáticamente" tag="kw65826_44"/>Utilizar la tabla de sustitución</text:p>
  <text:p text:style-name="Paragraph">Si escribe una combinación de letras que coincida con una de las abreviaturas de la <help:link Id="65876">tabla de sustitución</help:link>, la combinación se sustituirá por el texto especificado en el diálogo <text:span text:style-name="T1">Formateado automático</text:span> al pulsar F3.</text:p>
  <text:p text:style-name="Head 3"><help:key-word value="Mayúsculas; AutoCorrección" tag="kw65826_43"/><help:key-word value="AutoCorrección; mayúsculas" tag="kw65826_42"/>Corregir DOs MAyúsculas SEguidas</text:p>
  <text:p text:style-name="Paragraph">Si escribe dos letras en mayúsculas al inicio de una &quot;PAlabra&quot; la segunda letra en mayúsculas cambia automáticamente a minúsculas.</text:p>
  <text:p text:style-name="Head 3">Iniciar todas las frases con mayúsculas</text:p>
  <text:p text:style-name="Paragraph">Pone en mayúsculas la primera letra de todas las frases.</text:p>
  <text:p text:style-name="Head 3"><help:key-word value="negrita; Formateado automático" tag="kw65826_41"/><help:key-word value="subrayado; Formateado automático" tag="kw65826_40"/>En *negrita* y _subrayado_ automáticamente</text:p>
  <text:p text:style-name="Paragraph">Aplica de forma automática el formato de negrita al texto entre dos asteriscos (*) y el subrayado al texto comprendido entre guiones bajos ( _ ); por ejemplo, *negrita*. Los asteriscos y los guiones bajos no se muestran después de la aplicación del formato.</text:p>
  <table:table table:name="Tabelle3" table:style-name="Tabelle3">
   <table:table-column table:style-name="Tabelle3.A"/>
   <table:table-column table:style-name="Tabelle3.B"/>
   <table:table-header-rows>
    <table:table-row>
     <table:table-cell table:value-type="string">
      <text:p text:style-name="Paragraph"><draw:image draw:name="Símbolo0" svg:desc="Símbolo de nota" svg:pixelx="32" svg:pixely="32" svg:width="0.847cm" svg:height="0.847cm" xlink:href="65980" draw:filter-name=""/></text:p>

     </table:table-cell>
     <table:table-cell table:value-type="string">
      <text:p text:style-name="Paragraph">Esta función no está operativa si los caracteres de formato * o _ se escriben mediante un <help:popup Id="65619" Eid="ime">Editor de método de entrada (IME)</help:popup>.</text:p>
     </table:table-cell>
    </table:table-row>
   </table:table-header-rows>
  </table:table>
  <text:p text:style-name="Head 3"><help:key-word value="URL; AutoCorrección" tag="kw65826_39"/><help:key-word value="AutoCorrección; URL" tag="kw65826_38"/><help:key-word value="Hiperenlace; reconocimiento automático" tag="kw65826_37"/><help:key-word value="Enlace; reconocimiento automático" tag="kw65826_36"/>Reconocer URL</text:p>
  <text:p text:style-name="Paragraph">Crea automáticamente un hiperenlace al escribir una <help:popup Id="65629" Eid="url">URL</help:popup>.</text:p>
  <text:p text:style-name="Head 3"><help:key-word value="1/2; AutoCorrección" tag="kw65826_35"/><help:key-word value="AutoCorrección; 1/2" tag="kw65826_34"/>Reemplazar 1/2 ... por ½ ...</text:p>
  <text:p text:style-name="Paragraph">Sustituye 1/2, 1/4, 3/4 por los caracteres de fracción correspondientes.</text:p>
  <text:p text:style-name="Head 3">Reemplazar 1st ... por 1^st ...</text:p>
  <text:p text:style-name="Paragraph">Muestra los caracteres de texto de los ordinales, como 1er. o 2o., en formato de superíndice.</text:p>
  <text:p text:style-name="Head 3"><help:switch select="System"><help:case select ="UNIX"></help:case><help:default><help:key-word value="Guiones; AutoCorrección" tag="kw65826_33"/><help:key-word value="AutoCorrección; guión" tag="kw65826_32"/>Reemplazar guiones</help:default></help:switch></text:p>
  <text:p text:style-name="Paragraph"><help:switch select="System"><help:case select ="UNIX"></help:case><help:default>Seleccione esta casilla de verificación para convertir los signos menos en un guión.</help:default></help:switch></text:p>
  <text:p text:style-name="Head 3"><help:switch select="Program"><help:case select="WRITER">Elimina espacios y tabulaciones al comienzo y final de párrafo</help:case></help:switch></text:p>
  <text:p text:style-name="Paragraph"><help:switch select="Program"><help:case select="WRITER">Suprime los espacios y tabuladores que preceden a un párrafo. Para utilizar esta opción deberá seleccionarse también <text:span text:style-name="T1">Aplicar estilos</text:span>.</help:case></help:switch></text:p>
  <text:p text:style-name="Head 3"><help:switch select="Program"><help:case select="WRITER">Borrar espacios y tabuladores entre el fin y el comienzo de línea</help:case></help:switch></text:p>
  <text:p text:style-name="Paragraph"><help:switch select="Program"><help:case select="WRITER">Suprime los espacios y tabuladores situados al principio de cada línea. Para utilizar esta opción deberá seleccionarse también <text:span text:style-name="T1">Aplicar estilos</text:span>.</help:case></help:switch></text:p>
  <text:p text:style-name="Head 3"><help:key-word value="Espacios; ignorar los dobles" tag="kw65826_31"/><help:key-word value="AutoCorrección; espacios" tag="kw65826_30"/>Ignorar espacios dobles</text:p>
  <text:p text:style-name="Paragraph">Sustituye dos o más espacios consecutivos por un espacio único.</text:p>
  <text:p text:style-name="Head 3"><help:switch select="Program"><help:case select="WRITER"><help:key-word value="numeración automática; corrección automática" tag="kw65826_29"/><help:key-word value="numeración; uso automático" tag="kw65826_28"/><help:key-word value="viñetas; uso automático" tag="kw65826_27"/><help:key-word value="viñetas automáticas" tag="kw65826_26"/><help:key-word value="corrección automática; numeración" tag="kw65826_25"/><help:key-word value="párrafos; numeración automática" tag="kw65826_24"/><help:key-word value="numeración; automática de párrafos" tag="kw65826_23"/>Aplicar numeración</help:case></help:switch></text:p>
  <text:p text:style-name="Paragraph"><help:switch select="Program"><help:case select="WRITER">Crea automáticamente una lista numerada al pulsar Intro al final de una línea que empieza con un número seguido por un punto, un espacio y un texto. Si una línea empieza con un guión (-), un signo más (+) o un asterisco (*), seguidos por un espacio y un texto, al pulsar Intro se crea una lista de viñetas.</help:case></help:switch></text:p>
  <text:p text:style-name="Paragraph"><help:switch select="Program"><help:case select="WRITER">Para cancelar la numeración automática al pulsar Intro al final de una línea que comienza con un símbolo numérico, vuelva a pulsar Intro.</help:case></help:switch></text:p>
  <help:switch select="Program"><help:case select="WRITER">
  <table:table table:name="Tabelle1" table:style-name="Tabelle1">
   <table:table-column table:style-name="Tabelle1.A"/>
   <table:table-column table:style-name="Tabelle1.B"/>
   <table:table-header-rows>
    <table:table-row>
     <table:table-cell table:value-type="string">
      <text:p text:style-name="Paragraph"><draw:image draw:name="Símbolo1" svg:desc="Símbolo de consejo" svg:pixelx="32" svg:pixely="32" svg:width="0.847cm" svg:height="0.847cm" xlink:href="66732" draw:filter-name=""/></text:p>

     </table:table-cell>
     <table:table-cell table:value-type="string">
      <text:p text:style-name="Paragraph">Las opciones de numeración automática sólo se aplican a párrafos que se formatean con los estilos de párrafo &quot;predeterminado&quot;, &quot;cuerpo de texto&quot; o &quot;cuerpo de texto con sangría&quot;.</text:p>
     </table:table-cell>
    </table:table-row>
   </table:table-header-rows>
  </table:table>
  </help:case></help:switch>
  <text:p text:style-name="Head 3"><help:switch select="Program"><help:case select="WRITER"><help:key-word value="bordes; aplicar con Corrección automática" tag="kw65826_22"/><help:key-word value="Corrección automática; aplicar borde" tag="kw65826_21"/>Aplicar un borde</help:case></help:switch></text:p>
  <text:p text:style-name="Paragraph"><help:switch select="Program"><help:case select="WRITER">Aplica automáticamente un borde en la base del párrafo precedente al escribir tres o más caracteres específicos y pulsar Intro. Para crear una línea simple, escriba tres o más guiones (-) o caracteres de subrayado ( _ ) y pulse Intro. Para crear una línea doble, escriba tres o más signos de igual (=), asteriscos (*), tildes (~) o signos de almohadilla (#) y pulse Intro. </help:case></help:switch> En la tabla siguiente se resume el grosor de la línea para distintos caracteres:</text:p>
  <help:switch select="Program"><help:case select="WRITER">
  <table:table table:name="Tabelle2" table:style-name="Tabelle2">
   <table:table-column table:style-name="Tabelle2.A"/>
   <table:table-column table:style-name="Tabelle2.B"/>
   <table:table-header-rows>
    <table:table-row>
     <table:table-cell table:value-type="string">
      <text:p text:style-name="Paragraph">---</text:p>
     </table:table-cell>
     <table:table-cell table:value-type="string">
      <text:p text:style-name="Paragraph">0,5pt subrayado sencillo</text:p>
     </table:table-cell>
    </table:table-row>
   </table:table-header-rows>
   <table:table-row>
    <table:table-cell table:value-type="string">
     <text:p text:style-name="Paragraph">___</text:p>
    </table:table-cell>
    <table:table-cell table:value-type="string">
     <text:p text:style-name="Paragraph">1,0pt subrayado sencillo</text:p>
    </table:table-cell>
   </table:table-row>
   <table:table-row>
    <table:table-cell table:value-type="string">
     <text:p text:style-name="Paragraph">===</text:p>
    </table:table-cell>
    <table:table-cell table:value-type="string">
     <text:p text:style-name="Paragraph">1,1pt subrayado doble</text:p>
    </table:table-cell>
   </table:table-row>
   <table:table-row>
    <table:table-cell table:value-type="string">
     <text:p text:style-name="Paragraph">***</text:p>
    </table:table-cell>
    <table:table-cell table:value-type="string">
     <text:p text:style-name="Paragraph">4,5pt subrayado doble</text:p>
    </table:table-cell>
   </table:table-row>
   <table:table-row>
    <table:table-cell table:value-type="string">
     <text:p text:style-name="Paragraph">~~~</text:p>
    </table:table-cell>
    <table:table-cell table:value-type="string">
     <text:p text:style-name="Paragraph">6,0pt subrayado doble</text:p>
    </table:table-cell>
   </table:table-row>
   <table:table-row>
    <table:table-cell table:value-type="string">
     <text:p text:style-name="Paragraph">###</text:p>
    </table:table-cell>
    <table:table-cell table:value-type="string">
     <text:p text:style-name="Paragraph">9,0pt subrayado doble</text:p>
    </table:table-cell>
   </table:table-row>
  </table:table>
  </help:case></help:switch>
  <text:p text:style-name="Head 3"><help:switch select="Program"><help:case select="WRITER"><help:key-word value="Tabla; crear automáticamente" tag="kw65826_50"/>Tabla; crear automáticamente<help:key-word value="Tabla; dibujar" tag="kw65826_20"/><help:key-word value="AutoCorrección; crear tabla" tag="kw65826_19"/>Crear tabla</help:case></help:switch></text:p>
  <text:p text:style-name="Paragraph"><help:switch select="Program"><help:case select="WRITER">Crea una tabla al pulsar Intro tras escribir una serie de guiones (-) o tabuladores separados por signos de suma, eso es, +------+---+. El signo de más indica los divisores de la columna mientras que los guiones y los tabuladores señalan el ancho de columna.</help:case></help:switch></text:p>
  <text:p text:style-name="PropText"><help:switch select="Program"><help:case select="WRITER">+-----------------+---------------+------+</help:case></help:switch></text:p>
  <a name="end"/>
  <text:p text:style-name="Head 3"><help:switch select="Program"><help:case select="WRITER">Aplicar estilos<help:key-word value="Encabezados; formatear automáticamente" tag="kw65826_18"/><help:key-word value="Plantillas; aplicar automáticamente" tag="kw65826_17"/><help:key-word value="AutoCorrección; usar plantilla" tag="kw65826_16"/></help:case></help:switch></text:p>
  <text:p text:style-name="Paragraph"><help:switch select="Program"><help:case select="WRITER">Sustituye automáticamente el estilo de párrafo &quot;Predeterminado&quot; por los estilos Encabezado 1 a Encabezado 8. Para aplicar el estilo de párrafo Encabezado 1, escriba el texto que desee utilizar como encabezado (sin punto) y pulse Intro dos veces. Para aplicar un subencabezado pulse el tabulador una o más veces, escriba el texto (sin punto) y pulse Intro.</help:case></help:switch></text:p>
  <text:p text:style-name="Head 3"><help:switch select="Program"><help:case select="WRITER"><help:key-word value="Corrección automática; borrar párrafos vacíos" tag="kw65826_15"/><help:key-word value="Borrar párrafos vacíos; Corrección automática" tag="kw65826_14"/><help:key-word value="Párrafo; borrar automáticamente párrafo vacío" tag="kw65826_13"/>Borrar espacios vacíos</help:case></help:switch></text:p>
  <text:p text:style-name="Paragraph"><help:switch select="Program"><help:case select="WRITER">Quita los párrafos vacíos del documento actual al seleccionar <text:span text:style-name="T1">Formato - Formateado automático - Aplicar</text:span>.</help:case></help:switch></text:p>
  <text:p text:style-name="Head 3"><help:switch select="Program"><help:case select="WRITER"><help:key-word value="AutoCorrección; reemplazar estilos de usuario" tag="kw65826_12"/><help:key-word value="Estilo de usuario; reemplazar automáticamente" tag="kw65826_11"/><help:key-word value="Estilo; reemplazar automáticamente" tag="kw65826_10"/>Reemplazar estilos del usuario</help:case></help:switch></text:p>
  <text:p text:style-name="Paragraph"><help:switch select="Program"><help:case select="WRITER">Sustituye los estilos de párrafo personalizados del documento actual con el estilo &quot;predeterminado&quot;, &quot;cuerpo de texto&quot; o &quot;cuerpo de texto con sangría&quot;.</help:case></help:switch></text:p>
  <text:p text:style-name="Head 3"><help:switch select="Program"><help:case select="WRITER"><help:key-word value="Viñetas; reemplazar" tag="kw65826_9"/><help:key-word value="AutoCorrección; viñeta" tag="kw65826_8"/>Reemplazar viñeta</help:case></help:switch></text:p>
  <text:p text:style-name="Paragraph"><help:switch select="Program"><help:case select="WRITER">Convierte los párrafos que comienzan con un guión (-), un signo más (+) o un asterisco (*) seguido directamente por un espacio o una tabulación en listas con viñetas. Esta opción sólo funciona en párrafos que se formatean con los estilos de párrafo &quot;Predeterminado&quot; &quot;Cuerpo de texto&quot; o &quot;Cuerpo de texto con sangría&quot;. Si desea cambiar el estilo de viñetas usado, seleccione esta opción y pulse <text:span text:style-name="T1">Editar</text:span>.</help:case></help:switch></text:p>
  <text:p text:style-name="Head 3"><help:switch select="Program"><help:case select="WRITER">&gt;<help:key-word value="Comillas; reemplazar" tag="kw65826_7"/>&gt;<help:key-word value="Comillas tipográficas; en %PRODUCTNAME Writer" tag="kw65826_6"/><help:key-word value="AutoCorrección; comillas" tag="kw65826_5"/>Reemplazar comillas &quot;rectas&quot; con comillas &quot;tipográficas&quot;</help:case></help:switch></text:p>
  <text:p text:style-name="Paragraph"><help:switch select="Program"><help:case select="WRITER">Cambia las comillas del texto por las comillas especificadas en la pestaña <help:link Id="65715">Comillas tipográficas</help:link> de este diálogo.</help:case></help:switch></text:p>
  <text:p text:style-name="Head 3"><help:switch select="Program"><help:case select="WRITER"><help:key-word value="Párrafo; combinar" tag="kw65826_4"/>Combinar párrafos de línea a partir de ... Relleno de líneas</help:case></help:switch><help:key-word value="Combinar; párrafos" tag="kw65826_3"/><help:key-word value="AutoCorrección; combinar párrafos" tag="kw65826_2"/></text:p>
  <text:p text:style-name="Paragraph"><help:switch select="Program"><help:case select="WRITER">Combina varios párrafos de una línea consecutivos en un único párrafo. Esta opción funciona únicamente en párrafos con el estilo &quot;Predeterminado&quot;. Si la longitud de un párrafo es mayor que el valor de longitud especificado, dicho párrafo se combina con el siguiente. Para introducir un valor de longitud distinto, seleccione la opción y pulse <text:span text:style-name="T1">Editar</text:span>. </help:case></help:switch></text:p>
  <text:p text:style-name="Head 2"><help:help-id value="OFFMGR_PUSHBUTTON_RID_OFAPAGE_AUTOFMT_APPLY_PB_EDIT"/><help:switch select="Program"><help:case select="WRITER">Editar...</help:case></help:switch></text:p>
  <text:p text:style-name="Paragraph"><help:switch select="Program"><help:case select="WRITER"><help:help-text value="visible">Modifica la opción de corrección automática seleccionada.</help:help-text></help:case></help:switch></text:p>
 </office:body>
</office:document>
