

<office:document  xmlns:office="http://openoffice.org/2000/office" xmlns:style="http://openoffice.org/2000/style" xmlns:text="http://openoffice.org/2000/text" xmlns:table="http://openoffice.org/2000/table" xmlns:draw="http://openoffice.org/2000/drawing" xmlns:fo="http://www.w3.org/1999/XSL/Format" xmlns:xlink="http://www.w3.org/1999/xlink" xmlns:number="http://openoffice.org/2000/datastyle" xmlns:svg="http://www.w3.org/2000/svg" xmlns:chart="http://openoffice.org/2000/chart" xmlns:dr3d="http://openoffice.org/2000/dr3d" xmlns:math="http://www.w3.org/1998/Math/MathML" xmlns:form="http://openoffice.org/2000/form" xmlns:script="http://openoffice.org/2000/script" office:class="text" office:version="1.0" xmlns:dc="http://purl.org/dc/elements/1.1/" xmlns:meta="http://openoffice.org/2000/meta" xmlns:help="http://openoffice.org/2000/help">
<office:meta>
  <dc:description>text/common/01/06040000</dc:description>
  <dc:subject>Corrección automática</dc:subject>
  <meta:keywords>
   <meta:keyword>$Version</meta:keyword>
  </meta:keywords>
  <dc:language>es-ES</dc:language>
  <meta:user-defined meta:name="Info 0">READY</meta:user-defined>
  <meta:user-defined meta:name="Info 1">FREE_OK</meta:user-defined>
  <meta:user-defined meta:name="Info 2"/>
  <meta:user-defined meta:name="Info 3"/>
</office:meta>
 <office:script/>
 <office:font-decls>
  <style:font-decl style:name="StarSymbol" fo:font-family="StarSymbol" style:font-charset="x-symbol"/>
  <style:font-decl style:name="Courier New" fo:font-family="&apos;Courier New&apos;" style:font-style-name="Standard" style:font-family-generic="modern" style:font-pitch="fixed"/>
  <style:font-decl style:name="Courier" fo:font-family="Courier" style:font-family-generic="roman" style:font-pitch="fixed"/>
  <style:font-decl style:name="Arial Unicode MS" fo:font-family="&apos;Arial Unicode MS&apos;" style:font-pitch="variable"/>
  <style:font-decl style:name="HG Mincho Light J" fo:font-family="&apos;HG Mincho Light J&apos;" style:font-pitch="variable"/>
  <style:font-decl style:name="Times New Roman3" fo:font-family="&apos;Times New Roman&apos;" style:font-pitch="variable"/>
  <style:font-decl style:name="Thorndale" fo:font-family="Thorndale" style:font-family-generic="roman" style:font-pitch="variable"/>
  <style:font-decl style:name="Times New Roman2" fo:font-family="&apos;Times New Roman&apos;" style:font-style-name="Fett" style:font-family-generic="roman" style:font-pitch="variable"/>
  <style:font-decl style:name="Times New Roman" fo:font-family="&apos;Times New Roman&apos;" style:font-style-name="Standard" style:font-family-generic="roman" style:font-pitch="variable"/>
  <style:font-decl style:name="Times New Roman1" fo:font-family="&apos;Times New Roman&apos;" style:font-family-generic="swiss" style:font-pitch="variable"/>
 </office:font-decls>
 <office:automatic-styles>
  <style:style style:name="P1" style:family="paragraph" style:parent-style-name="Paragraph" style:master-page-name="HTML">
   <style:properties style:page-number="0"/>
  </style:style>
  <style:style style:name="T1" style:family="text">
   <style:properties fo:font-weight="bold"/>
  </style:style>
 </office:automatic-styles>
 <office:body>
  <text:variable-decls>
   <text:variable-decl text:value-type="string" text:name="HTML_ON"/>
   <text:variable-decl text:value-type="string" text:name="HTML_OFF"/>
   <text:variable-decl text:value-type="string" text:name="HREF"/>
   <text:variable-decl text:value-type="string" text:name="END"/>
   <text:variable-decl text:value-type="string" text:name="TITEL"/>
   <text:variable-decl text:value-type="string" text:name="NAME"/>
   <text:variable-decl text:value-type="string" text:name="HelpID"/>
   <text:variable-decl text:value-type="string" text:name="MODIFY"/>
   <text:variable-decl text:value-type="string" text:name="REFNR"/>
   <text:variable-decl text:value-type="string" text:name="HFELD"/>
   <text:variable-decl text:value-type="string" text:name="AKTHLP"/>
   <text:variable-decl text:value-type="string" text:name="INDEX"/>
   <text:variable-decl text:value-type="string" text:name="ELSE"/>
   <text:variable-decl text:value-type="string" text:name="STYLE"/>
  </text:variable-decls>
  <text:sequence-decls>
   <text:sequence-decl text:display-outline-level="0" text:name="Illustration"/>
   <text:sequence-decl text:display-outline-level="0" text:name="Table"/>
   <text:sequence-decl text:display-outline-level="0" text:name="Text"/>
   <text:sequence-decl text:display-outline-level="0" text:name="Drawing"/>
  </text:sequence-decls>
  <text:p text:style-name="P1"/>
  <text:p text:style-name="Head 1"><help:help-id value="SID_AUTO_CORRECT_DLG"/><help:key-word value="AutoCorrección; texto" tag="kw65781_7"/><help:key-word value="Texto; AutoCorrección" tag="kw65781_1"/><help:key-word value="Corrección; texto" tag="kw65781_6"/><help:key-word value="Texto; corrección" tag="kw65781_5"/>Corrección automática</text:p>
  <text:p text:style-name="Paragraph"><help:to-be-embedded Eid="autoko"><help:help-text value="visible">Define las opciones para la corrección automática de errores durante la escritura.</help:help-text></help:to-be-embedded></text:p>
  <help:popup Id="65589" Eid="autokorr"><help:embedded Id="65598" Eid="wie"></help:embedded></help:popup>
  <text:p text:style-name="Paragraph"><help:switch select="Program"><help:case select="WRITER"><help:embedded Id="68196" Eid="auto_off"></help:embedded></help:case></help:switch></text:p>
  <text:p text:style-name="Paragraph"><help:switch select="Program"><help:case select="CALC"><help:embedded Id="68413" Eid="auto_off"></help:embedded></help:case></help:switch></text:p>
  <text:p text:style-name="Paragraph">Los ajustes de la Corrección automática se aplican al pulsar sobre la barra espaciadora tras escribir una palabra.</text:p>
  <text:p text:style-name="Paragraph"><help:key-word value="Completar palabras; activar y desactivar" tag="kw65781_4"/><help:key-word value="Corrección automática; activar y desactivar" tag="kw65781_3"/><help:key-word value="Formateado automático; activar y desactivar" tag="kw65781_2"/>Para activar y desactivar la función de Corrección automática en <help:productname>%PRODUCTNAME</help:productname> Calc seleccione <text:span text:style-name="T1">Herramientas - Contenido de las celdas - Entrada automática y en <help:productname>%PRODUCTNAME</help:productname> Writer seleccione Formato - Formateado automático - Mientras se escribe</text:span>. Para aplicar la configuración de Formateado automático a todo un documento de texto seleccione <text:span text:style-name="T1">Formato - Formateado automático - Aplicar</text:span>.</text:p>
  <help:executeurl Id="Slot:10424#16603"></help:executeurl><help:embedded Id="65876" Eid="ersetzung"></help:embedded>
  <help:executeurl Id="Slot:10424#16604"></help:executeurl><help:embedded Id="65749" Eid="ausnahmen"></help:embedded>
  <help:executeurl Id="Slot:10424#16602"></help:executeurl><help:embedded Id="65826" Eid="optionen"></help:embedded>
  <help:executeurl Id="Slot:10424#16609"></help:executeurl><help:embedded Id="65715" Eid="typanf"></help:embedded>
  <help:switch select="Program"><help:case select="WRITER"><help:embedded Id="65777" Eid="worterg"></help:embedded></help:case></help:switch>
  <help:embedded Id="65630" Eid="zurueck"></help:embedded>
  <help:switch select="Program"><help:case select="WRITER">
  <text:p text:style-name="ParaList"><help:embedded Id="65598" Eid="related"></help:embedded></text:p>
  <text:p text:style-name="ParaList"><help:link Id="67635" Eid="regelnautokorrektur"></help:link></text:p>
  </help:case></help:switch>
 </office:body>
</office:document>
