

<office:document  xmlns:office="http://openoffice.org/2000/office" xmlns:style="http://openoffice.org/2000/style" xmlns:text="http://openoffice.org/2000/text" xmlns:table="http://openoffice.org/2000/table" xmlns:draw="http://openoffice.org/2000/drawing" xmlns:fo="http://www.w3.org/1999/XSL/Format" xmlns:xlink="http://www.w3.org/1999/xlink" xmlns:number="http://openoffice.org/2000/datastyle" xmlns:svg="http://www.w3.org/2000/svg" xmlns:chart="http://openoffice.org/2000/chart" xmlns:dr3d="http://openoffice.org/2000/dr3d" xmlns:math="http://www.w3.org/1998/Math/MathML" xmlns:form="http://openoffice.org/2000/form" xmlns:script="http://openoffice.org/2000/script" office:class="text" office:version="1.0" xmlns:dc="http://purl.org/dc/elements/1.1/" xmlns:meta="http://openoffice.org/2000/meta" xmlns:help="http://openoffice.org/2000/help">
<office:meta>
  <dc:description>text/common/01/06140400</dc:description>
  <dc:subject>Barras de símbolos</dc:subject>
  <meta:keywords>
   <meta:keyword>$Version</meta:keyword>
  </meta:keywords>
  <dc:language>es-ES</dc:language>
  <meta:user-defined meta:name="Info 0">READY</meta:user-defined>
  <meta:user-defined meta:name="Info 1">FREE_OK</meta:user-defined>
  <meta:user-defined meta:name="Info 2"/>
  <meta:user-defined meta:name="Info 3"/>
</office:meta>
 <office:script/>
 <office:font-decls>
  <style:font-decl style:name="StarSymbol" fo:font-family="StarSymbol" style:font-charset="x-symbol"/>
  <style:font-decl style:name="Courier New" fo:font-family="&apos;Courier New&apos;" style:font-style-name="Standard" style:font-family-generic="modern" style:font-pitch="fixed"/>
  <style:font-decl style:name="Courier" fo:font-family="Courier" style:font-family-generic="roman" style:font-pitch="fixed"/>
  <style:font-decl style:name="Arial Unicode MS" fo:font-family="&apos;Arial Unicode MS&apos;" style:font-pitch="variable"/>
  <style:font-decl style:name="HG Mincho Light J" fo:font-family="&apos;HG Mincho Light J&apos;" style:font-pitch="variable"/>
  <style:font-decl style:name="Times New Roman3" fo:font-family="&apos;Times New Roman&apos;" style:font-pitch="variable"/>
  <style:font-decl style:name="Thorndale" fo:font-family="Thorndale" style:font-family-generic="roman" style:font-pitch="variable"/>
  <style:font-decl style:name="Times New Roman2" fo:font-family="&apos;Times New Roman&apos;" style:font-style-name="Fett" style:font-family-generic="roman" style:font-pitch="variable"/>
  <style:font-decl style:name="Times New Roman" fo:font-family="&apos;Times New Roman&apos;" style:font-style-name="Standard" style:font-family-generic="roman" style:font-pitch="variable"/>
  <style:font-decl style:name="Times New Roman1" fo:font-family="&apos;Times New Roman&apos;" style:font-family-generic="swiss" style:font-pitch="variable"/>
 </office:font-decls>
 <office:automatic-styles>
  <style:style style:name="P1" style:family="paragraph" style:parent-style-name="Paragraph" style:master-page-name="HTML">
   <style:properties style:page-number="0"/>
  </style:style>
  <style:style style:name="T1" style:family="text">
   <style:properties fo:font-weight="bold"/>
  </style:style>
 </office:automatic-styles>
 <office:body>
  <text:variable-decls>
   <text:variable-decl text:value-type="string" text:name="HTML_ON"/>
   <text:variable-decl text:value-type="string" text:name="HTML_OFF"/>
   <text:variable-decl text:value-type="string" text:name="TITEL"/>
   <text:variable-decl text:value-type="string" text:name="END"/>
   <text:variable-decl text:value-type="string" text:name="HREF"/>
   <text:variable-decl text:value-type="string" text:name="MAC"/>
   <text:variable-decl text:value-type="string" text:name="OS2"/>
   <text:variable-decl text:value-type="string" text:name="ELSE"/>
   <text:variable-decl text:value-type="string" text:name="NAME"/>
   <text:variable-decl text:value-type="string" text:name="HelpID"/>
   <text:variable-decl text:value-type="string" text:name="MODIFY"/>
   <text:variable-decl text:value-type="string" text:name="REFNR"/>
   <text:variable-decl text:value-type="string" text:name="KEY"/>
   <text:variable-decl text:value-type="string" text:name="INDEX"/>
   <text:variable-decl text:value-type="string" text:name="AKTHLP"/>
   <text:variable-decl text:value-type="string" text:name="STYLE"/>
  </text:variable-decls>
  <text:sequence-decls>
   <text:sequence-decl text:display-outline-level="0" text:name="Illustration"/>
   <text:sequence-decl text:display-outline-level="0" text:name="Table"/>
   <text:sequence-decl text:display-outline-level="0" text:name="Text"/>
   <text:sequence-decl text:display-outline-level="0" text:name="Drawing"/>
  </text:sequence-decls>
  <help:to-be-embedded Eid="symbolleisten">
  <text:p text:style-name="Head 1"><help:link Id="65796">Barras de símbolos</help:link></text:p>
  <text:p text:style-name="Paragraph">Permite personalizar las barras de herramientas de <help:productname>%PRODUCTNAME</help:productname>.</text:p>
  </help:to-be-embedded>
  <text:p text:style-name="Paragraph">También puede pulsar con el botón derecho del ratón en la barra de herramientas para acceder a las órdenes personalizadas.</text:p>
  <help:popup Id="65589" Eid="symbole"><help:embedded Id="65598" Eid="wie"></help:embedded></help:popup>
  <text:p text:style-name="Paragraph"><help:embedded Id="68012" Eid="functionbar_edit"></help:embedded></text:p>
  <text:p text:style-name="Head 2"><help:help-id value="HID_TOOLBOXCONFIG_LISTBOX"/>Barras de símbolos visibles</text:p>
  <text:p text:style-name="Paragraph"><help:help-text value="visible">Lista las barras de herramientas disponibles. Para mostrar una barra de herramientas, seleccione la casilla de verificación que se muestra delante del nombre. Para ocultar una barra de herramientas, seleccione la casilla de verificación que se muestra delante del nombre.</help:help-text></text:p>
  <text:p text:style-name="Head 2">Opciones</text:p>
  <text:p text:style-name="Head 3"><help:help-id value="SFX2_LISTBOX_TP_CONFIG_OBJECTBAR_LB_CONTENT"/>Contenido</text:p>
  <text:p text:style-name="Paragraph"><help:help-text value="visible">Seleccione la opción para mostrar órdenes en la barra de herramientas seleccionada en la lista <text:span text:style-name="T1">Barras de símbolos visibles</text:span>.</help:help-text></text:p>
  <text:p text:style-name="Head 2"><help:help-id value="SFX2_PUSHBUTTON_TP_CONFIG_OBJECTBAR_BTN_NEW"/>Nuevo</text:p>
  <text:p text:style-name="Paragraph"><help:help-text value="visible">Crea una nueva barra de herramientas.</help:help-text></text:p>
  <help:help-id value="SFX2_PUSHBUTTON_TP_CONFIG_OBJECTBAR_BTN_DELETE"/><help:embedded Id="65630" Eid="loeschen1"></help:embedded>
  <text:p text:style-name="Head 2"><help:help-id value="HID_CONFIG_OBJECTBAR"/><help:help-id value="SFX2_PUSHBUTTON_TP_CONFIG_OBJECTBAR_BTN_CUSTOMIZE"/><a name="bearbeiten"/>Personalizar</text:p>
  <text:p text:style-name="Paragraph"><a name="bearbeitentext"/><help:help-text value="visible">Añada, borre o cambie el nombre de los botones de las barras de herramientas de <help:productname>%PRODUCTNAME</help:productname>. También puede cambiar los símbolos que se muestran en los botones de una barra de herramientas.</help:help-text></text:p>
  <text:p text:style-name="Head 2"><help:help-id value="SFX2_PUSHBUTTON_TP_CONFIG_OBJECTBAR_BTN_LOAD"/>Cargar</text:p>
  <text:p text:style-name="Paragraph"><help:help-text value="visible">Sustituye la configuración de la barra de herramientas con una guardada anteriormente.</help:help-text></text:p>
  <text:p text:style-name="Head 2"><help:help-id value="SFX2_PUSHBUTTON_TP_CONFIG_OBJECTBAR_BTN_SAVE"/>Guardar</text:p>
  <text:p text:style-name="Paragraph"><help:help-text value="visible">Guarda la configuración actual de la barra de herramientas para que se pueda abrir más adelante.</help:help-text></text:p>
  <help:embedded Id="68256" Eid="configure_save"></help:embedded>
  <help:help-id value="SFX2_PUSHBUTTON_TP_CONFIG_OBJECTBAR_BTN_RESET"/><help:embedded Id="65630" Eid="zuruecksetzen"></help:embedded>
 </office:body>
</office:document>
