

<office:document  xmlns:office="http://openoffice.org/2000/office" xmlns:style="http://openoffice.org/2000/style" xmlns:text="http://openoffice.org/2000/text" xmlns:table="http://openoffice.org/2000/table" xmlns:draw="http://openoffice.org/2000/drawing" xmlns:fo="http://www.w3.org/1999/XSL/Format" xmlns:xlink="http://www.w3.org/1999/xlink" xmlns:number="http://openoffice.org/2000/datastyle" xmlns:svg="http://www.w3.org/2000/svg" xmlns:chart="http://openoffice.org/2000/chart" xmlns:dr3d="http://openoffice.org/2000/dr3d" xmlns:math="http://www.w3.org/1998/Math/MathML" xmlns:form="http://openoffice.org/2000/form" xmlns:script="http://openoffice.org/2000/script" office:class="text" office:version="1.0" xmlns:dc="http://purl.org/dc/elements/1.1/" xmlns:meta="http://openoffice.org/2000/meta" xmlns:help="http://openoffice.org/2000/help">
<office:meta>
  <dc:description>text/common/00/00000402</dc:description>
  <dc:subject>Menu Modifica</dc:subject>

  <dc:language>it-IT</dc:language>
  <meta:user-defined meta:name="Info 0">READY</meta:user-defined>
  <meta:user-defined meta:name="Info 1">FREE_OK</meta:user-defined>
  <meta:user-defined meta:name="Info 2">NOINDEX</meta:user-defined>
  <meta:user-defined meta:name="Info 3"/>
</office:meta>
 <office:script/>
 <office:font-decls>
  <style:font-decl style:name="StarSymbol" fo:font-family="StarSymbol" style:font-charset="x-symbol"/>
  <style:font-decl style:name="Courier New" fo:font-family="&apos;Courier New&apos;" style:font-style-name="Standard" style:font-family-generic="modern" style:font-pitch="fixed"/>
  <style:font-decl style:name="Courier" fo:font-family="Courier" style:font-family-generic="roman" style:font-pitch="fixed"/>
  <style:font-decl style:name="Arial Unicode MS" fo:font-family="&apos;Arial Unicode MS&apos;" style:font-pitch="variable"/>
  <style:font-decl style:name="HG Mincho Light J" fo:font-family="&apos;HG Mincho Light J&apos;" style:font-pitch="variable"/>
  <style:font-decl style:name="Times New Roman3" fo:font-family="&apos;Times New Roman&apos;" style:font-pitch="variable"/>
  <style:font-decl style:name="Thorndale" fo:font-family="Thorndale" style:font-family-generic="roman" style:font-pitch="variable"/>
  <style:font-decl style:name="Times New Roman2" fo:font-family="&apos;Times New Roman&apos;" style:font-style-name="Fett" style:font-family-generic="roman" style:font-pitch="variable"/>
  <style:font-decl style:name="Times New Roman" fo:font-family="&apos;Times New Roman&apos;" style:font-style-name="Standard" style:font-family-generic="roman" style:font-pitch="variable"/>
  <style:font-decl style:name="Times New Roman1" fo:font-family="&apos;Times New Roman&apos;" style:font-family-generic="swiss" style:font-pitch="variable"/>
 </office:font-decls>
 <office:automatic-styles>
  <style:style style:name="Tabelle1" style:family="table">
   <style:properties style:width="18cm" table:align="margins"/>
  </style:style>
  <style:style style:name="Tabelle1.A" style:family="table-column">
   <style:properties style:column-width="1.501cm" style:rel-column-width="5464*"/>
  </style:style>
  <style:style style:name="Tabelle1.B" style:family="table-column">
   <style:properties style:column-width="16.499cm" style:rel-column-width="60052*"/>
  </style:style>
  <style:style style:name="Tabelle2" style:family="table">
   <style:properties style:width="18cm" table:align="margins"/>
  </style:style>
  <style:style style:name="Tabelle2.A" style:family="table-column">
   <style:properties style:column-width="1.501cm" style:rel-column-width="5464*"/>
  </style:style>
  <style:style style:name="Tabelle2.B" style:family="table-column">
   <style:properties style:column-width="16.499cm" style:rel-column-width="60052*"/>
  </style:style>
  <style:style style:name="Tabelle3" style:family="table">
   <style:properties style:width="18cm" table:align="margins"/>
  </style:style>
  <style:style style:name="Tabelle3.A" style:family="table-column">
   <style:properties style:column-width="1.501cm" style:rel-column-width="5464*"/>
  </style:style>
  <style:style style:name="Tabelle3.B" style:family="table-column">
   <style:properties style:column-width="16.499cm" style:rel-column-width="60052*"/>
  </style:style>
  <style:style style:name="Tabelle4" style:family="table">
   <style:properties style:width="18cm" table:align="margins"/>
  </style:style>
  <style:style style:name="Tabelle4.A" style:family="table-column">
   <style:properties style:column-width="1.499cm" style:rel-column-width="5458*"/>
  </style:style>
  <style:style style:name="Tabelle4.B" style:family="table-column">
   <style:properties style:column-width="16.501cm" style:rel-column-width="60039*"/>
  </style:style>
  <style:style style:name="Tabelle5" style:family="table">
   <style:properties style:width="18cm" table:align="margins"/>
  </style:style>
  <style:style style:name="Tabelle5.A" style:family="table-column">
   <style:properties style:column-width="1.499cm" style:rel-column-width="5458*"/>
  </style:style>
  <style:style style:name="Tabelle5.B" style:family="table-column">
   <style:properties style:column-width="16.501cm" style:rel-column-width="60039*"/>
  </style:style>
  <style:style style:name="Tabelle7" style:family="table">
   <style:properties style:width="18cm" table:align="margins"/>
  </style:style>
  <style:style style:name="Tabelle7.A" style:family="table-column">
   <style:properties style:column-width="1.499cm" style:rel-column-width="5458*"/>
  </style:style>
  <style:style style:name="Tabelle7.B" style:family="table-column">
   <style:properties style:column-width="16.501cm" style:rel-column-width="60039*"/>
  </style:style>
  <style:style style:name="Tabelle6" style:family="table">
   <style:properties style:width="17.995cm" fo:margin-left="0cm" fo:margin-right="0.005cm" table:align="margins"/>
  </style:style>
  <style:style style:name="Tabelle6.A" style:family="table-column">
   <style:properties style:column-width="2.013cm" style:rel-column-width="7326*"/>
  </style:style>
  <style:style style:name="Tabelle6.B" style:family="table-column">
   <style:properties style:column-width="15.983cm" style:rel-column-width="58190*"/>
  </style:style>
  <style:style style:name="Tabelle12" style:family="table">
   <style:properties style:width="17.995cm" fo:margin-left="0cm" fo:margin-right="0.005cm" table:align="margins"/>
  </style:style>
  <style:style style:name="Tabelle12.A" style:family="table-column">
   <style:properties style:column-width="1.517cm" style:rel-column-width="5523*"/>
  </style:style>
  <style:style style:name="Tabelle12.B" style:family="table-column">
   <style:properties style:column-width="16.478cm" style:rel-column-width="59974*"/>
  </style:style>
  <style:style style:name="P1" style:family="paragraph" style:parent-style-name="Paragraph" style:master-page-name="HTML">
   <style:properties style:page-number="0"/>
  </style:style>
  <style:style style:name="T1" style:family="text">
   <style:properties fo:font-weight="bold"/>
  </style:style>
  <style:style style:name="T2" style:family="text">
   <style:properties fo:font-style="italic" fo:font-weight="bold"/>
  </style:style>
  <style:style style:name="fr1" style:family="graphics" style:parent-style-name="Graphics">
   <style:properties style:run-through="foreground" style:wrap="run-through" style:vertical-pos="top" style:vertical-rel="paragraph" style:horizontal-pos="left" style:horizontal-rel="paragraph" style:mirror="none" fo:clip="rect(0cm 0cm 0cm 0cm)" draw:luminance="0%" draw:contrast="0%" draw:red="0%" draw:green="0%" draw:blue="0%" draw:gamma="1" draw:color-inversion="false" draw:transparency="-100%" draw:color-mode="standard"/>
  </style:style>
 </office:automatic-styles>
 <office:body>
  <text:variable-decls>
   <text:variable-decl text:value-type="string" text:name="HTML_ON"/>
   <text:variable-decl text:value-type="string" text:name="HTML_OFF"/>
   <text:variable-decl text:value-type="string" text:name="TITEL"/>
   <text:variable-decl text:value-type="string" text:name="END"/>
   <text:variable-decl text:value-type="string" text:name="OS2"/>
   <text:variable-decl text:value-type="string" text:name="ELSE"/>
   <text:variable-decl text:value-type="string" text:name="NAME"/>
   <text:variable-decl text:value-type="string" text:name="MAC"/>
   <text:variable-decl text:value-type="string" text:name="HREF"/>
   <text:variable-decl text:value-type="string" text:name="MODIFY"/>
   <text:variable-decl text:value-type="string" text:name="REFNR"/>
   <text:variable-decl text:value-type="string" text:name="HFELD"/>
   <text:variable-decl text:value-type="string" text:name="WIN"/>
   <text:variable-decl text:value-type="string" text:name="UNIX"/>
   <text:variable-decl text:value-type="string" text:name="STYLE"/>
  </text:variable-decls>
  <text:sequence-decls>
   <text:sequence-decl text:display-outline-level="0" text:name="Illustration"/>
   <text:sequence-decl text:display-outline-level="0" text:name="Table"/>
   <text:sequence-decl text:display-outline-level="0" text:name="Text"/>
   <text:sequence-decl text:display-outline-level="0" text:name="Drawing"/>
  </text:sequence-decls>
  <text:p text:style-name="P1"/>
  <text:p text:style-name="Head 1">Menu Modifica</text:p>
  <help:to-popup Eid="do">
  <text:p text:style-name="Paragraph">Menu <text:span text:style-name="T1">Modifica - Annulla</text:span></text:p>
  <text:p text:style-name="Paragraph">Tasto <help:switch select="System"><help:case select ="MAC">(Comando)</help:case><help:default>(Ctrl)</help:default></help:switch>(Z)</text:p>
  <text:p text:style-name="Paragraph">Nella <text:span text:style-name="T1">barra delle funzioni</text:span> o nella barra degli strumenti per database, fate clic su</text:p>
  <help:to-be-embedded Eid="syrueckgaengig">
  <table:table table:name="Tabelle1" table:style-name="Tabelle1">
   <table:table-column table:style-name="Tabelle1.A"/>
   <table:table-column table:style-name="Tabelle1.B"/>
   <table:table-header-rows>
    <table:table-row>
     <table:table-cell table:value-type="string">
      <text:p text:style-name="Paragraph"><draw:image draw:name="Simbolo0" svg:desc="Simbolo" svg:pixelx="25" svg:pixely="25" svg:width="0.661cm" svg:height="0.661cm" xlink:href="67346" draw:filter-name=""/></text:p>

     </table:table-cell>
     <table:table-cell table:value-type="string">
      <text:p text:style-name="Paragraph">Annulla</text:p>
     </table:table-cell>
    </table:table-row>
   </table:table-header-rows>
  </table:table>
  </help:to-be-embedded></help:to-popup>
  <help:to-popup Eid="redo">
  <text:p text:style-name="Paragraph">Menu<text:span text:style-name="T1"> Modifica - Ripristina</text:span></text:p>
  <text:p text:style-name="Paragraph">Nella <text:span text:style-name="T1">barra delle funzioni</text:span>, fate clic su</text:p>
  <help:to-be-embedded Eid="sywiederholen">
  <table:table table:name="Tabelle2" table:style-name="Tabelle2">
   <table:table-column table:style-name="Tabelle2.A"/>
   <table:table-column table:style-name="Tabelle2.B"/>
   <table:table-header-rows>
    <table:table-row>
     <table:table-cell table:value-type="string">
      <text:p text:style-name="Paragraph"><draw:image draw:name="Simbolo1" svg:desc="Simbolo" svg:pixelx="25" svg:pixely="25" svg:width="0.661cm" svg:height="0.661cm" xlink:href="67347" draw:filter-name=""/></text:p>

     </table:table-cell>
     <table:table-cell table:value-type="string">
      <text:p text:style-name="Paragraph">Ripristina</text:p>
     </table:table-cell>
    </table:table-row>
   </table:table-header-rows>
  </table:table>
  </help:to-be-embedded></help:to-popup>
  <text:p text:style-name="Paragraph"><help:to-popup Eid="letzter">Menu <text:span text:style-name="T1">Modifica - Ultimo comando</text:span></help:to-popup></text:p>
  <help:to-popup Eid="cut">
  <text:p text:style-name="Paragraph">Menu <text:span text:style-name="T1">Modifica - Taglia</text:span></text:p>
  <text:p text:style-name="Paragraph">Tasto <help:switch select="System"><help:case select ="MAC">(Comando)</help:case><help:default>(Ctrl)</help:default></help:switch>(X)</text:p>
  <text:p text:style-name="Paragraph">Nella <text:span text:style-name="T1">barra delle funzioni</text:span>, fate clic su</text:p>
  <help:to-be-embedded Eid="syausschneiden">
  <table:table table:name="Tabelle3" table:style-name="Tabelle3">
   <table:table-column table:style-name="Tabelle3.A"/>
   <table:table-column table:style-name="Tabelle3.B"/>
   <table:table-header-rows>
    <table:table-row>
     <table:table-cell table:value-type="string">
      <text:p text:style-name="Paragraph"><draw:image draw:name="Simbolo2" svg:desc="Simbolo" svg:pixelx="25" svg:pixely="25" svg:width="0.661cm" svg:height="0.661cm" xlink:href="65912" draw:filter-name=""/></text:p>

     </table:table-cell>
     <table:table-cell table:value-type="string">
      <text:p text:style-name="Paragraph">Taglia</text:p>
     </table:table-cell>
    </table:table-row>
   </table:table-header-rows>
  </table:table>
  </help:to-be-embedded></help:to-popup>
  <help:to-popup Eid="copy">
  <text:p text:style-name="Paragraph">Menu<text:span text:style-name="T1">Modifica - Copia</text:span></text:p>
  <text:p text:style-name="Paragraph">Tasto <help:switch select="System"><help:case select ="MAC">(Comando)</help:case><help:default>(Ctrl)</help:default></help:switch>(C)</text:p>
  <text:p text:style-name="Paragraph">Nella <text:span text:style-name="T1">barra delle funzioni</text:span>, fate clic su</text:p>
  <help:to-be-embedded Eid="sykopieren">
  <table:table table:name="Tabelle4" table:style-name="Tabelle4">
   <table:table-column table:style-name="Tabelle4.A"/>
   <table:table-column table:style-name="Tabelle4.B"/>
   <table:table-header-rows>
    <table:table-row>
     <table:table-cell table:value-type="string">
      <text:p text:style-name="Paragraph"><draw:image draw:name="Simbolo3" svg:desc="Simbolo" svg:pixelx="25" svg:pixely="25" svg:width="0.661cm" svg:height="0.661cm" xlink:href="65910" draw:filter-name=""/></text:p>

     </table:table-cell>
     <table:table-cell table:value-type="string">
      <text:p text:style-name="Paragraph">Copia</text:p>
     </table:table-cell>
    </table:table-row>
   </table:table-header-rows>
  </table:table>
  </help:to-be-embedded></help:to-popup>
  <help:to-popup Eid="insert">
  <text:p text:style-name="Paragraph">Menu<text:span text:style-name="T1">Modifica - Inserisci</text:span></text:p>
  <text:p text:style-name="Paragraph">Tasto <help:switch select="System"><help:case select ="MAC">(Comando)</help:case><help:default>(Ctrl)</help:default></help:switch>(V)</text:p>
  <text:p text:style-name="Paragraph">Nella <text:span text:style-name="T1">barra delle funzioni</text:span>, fate clic su</text:p>
  <help:to-be-embedded Eid="syeinfuegen">
  <table:table table:name="Tabelle5" table:style-name="Tabelle5">
   <table:table-column table:style-name="Tabelle5.A"/>
   <table:table-column table:style-name="Tabelle5.B"/>
   <table:table-header-rows>
    <table:table-row>
     <table:table-cell table:value-type="string">
      <text:p text:style-name="Paragraph"><draw:image draw:name="Simbolo4" svg:desc="Simbolo" svg:pixelx="25" svg:pixely="25" svg:width="0.661cm" svg:height="0.661cm" xlink:href="67348" draw:filter-name=""/></text:p>

     </table:table-cell>
     <table:table-cell table:value-type="string">
      <text:p text:style-name="Paragraph">Inserisci</text:p>
     </table:table-cell>
    </table:table-row>
   </table:table-header-rows>
  </table:table>
  </help:to-be-embedded></help:to-popup>
  <text:p text:style-name="Paragraph"><help:to-popup Eid="inhalte">Menu <text:span text:style-name="T1">Modifica - Inserisci contenuto...</text:span></help:to-popup></text:p>
  <help:to-popup Eid="alles">
  <text:p text:style-name="Paragraph">Menu<text:span text:style-name="T1"> Modifica - Seleziona tutto</text:span></text:p>
  <text:p text:style-name="Paragraph">Tasto <help:switch select="System"><help:case select ="MAC">(Comando)</help:case><help:default>(Ctrl)</help:default></help:switch>(A)</text:p>
  <help:to-be-embedded Eid="syallesau">
  <table:table table:name="Tabelle7" table:style-name="Tabelle7">
   <table:table-column table:style-name="Tabelle7.A"/>
   <table:table-column table:style-name="Tabelle7.B"/>
   <table:table-header-rows>
    <table:table-row>
     <table:table-cell table:value-type="string">
      <text:p text:style-name="Paragraph"><draw:image draw:name="Simbolo5" svg:desc="Simbolo" svg:pixelx="25" svg:pixely="25" svg:width="0.661cm" svg:height="0.661cm" xlink:href="65665" draw:filter-name=""/></text:p>

     </table:table-cell>
     <table:table-cell table:value-type="string">
      <text:p text:style-name="Paragraph">Seleziona tutto</text:p>
     </table:table-cell>
    </table:table-row>
   </table:table-header-rows>
  </table:table>
  </help:to-be-embedded></help:to-popup>
  <text:p text:style-name="Paragraph"><help:to-popup Eid="aenderungen">Menu <text:span text:style-name="T1">Modifica - Modifiche</text:span></help:to-popup></text:p>
  <text:p text:style-name="Paragraph"><help:to-popup Eid="aufzeichnen">Menu <text:span text:style-name="T1">Modifica - Modifiche - Registra</text:span></help:to-popup></text:p>
  <text:p text:style-name="Paragraph"><help:to-popup Eid="anzeigen"><help:switch select="Program"><help:case select="WRITER">Menu <text:span text:style-name="T1">Modifica - Modifiche - Visualizza</text:span></help:case><help:case select="CALC">Menu <text:span text:style-name="T1">Modifica - Modifiche - Visualizza...</text:span></help:case></help:switch></help:to-popup></text:p>
  <text:p text:style-name="Paragraph"><help:to-popup Eid="rotlinie">Menu <text:span text:style-name="T1">Modifica - Modifiche - Accettare o rifiutare...</text:span></help:to-popup></text:p>
  <help:to-popup Eid="rotlinieliste">
  <text:p text:style-name="Paragraph">Menu <text:span text:style-name="T1">Modifica - Modifiche - Accettare o rifiutare...</text:span> scheda <text:span text:style-name="T1">Lista</text:span></text:p>
  <text:p text:style-name="Paragraph">Scegliete <text:span text:style-name="T1">Formato - Formattazione automatica - Applica e modifica cambiamenti</text:span>. Nella finestra di dialogo Formattazione automatica, fate clic sul pulsante <text:span text:style-name="T1">Modifica cambiamenti</text:span> e scegliete la scheda <text:span text:style-name="T1">Lista</text:span></text:p>
  </help:to-popup>
  <text:p text:style-name="Paragraph"><help:to-popup Eid="rotliniefilter">Menu Modifica - Modifiche - Accettare o rifiutare... scheda Filtro</help:to-popup></text:p>
  <text:p text:style-name="Paragraph"><help:to-popup Eid="einfuegen">Menu Modifica - Modifiche - Unisci documento...</help:to-popup></text:p>
  <text:p text:style-name="Paragraph"><help:to-popup Eid="dvergl">Menu Modifica - Confronta documento...</help:to-popup></text:p>
  <help:to-popup Eid="kommentar">
  <text:p text:style-name="Paragraph">Menu <text:span text:style-name="T1">Modifica - Modifiche - Commento...</text:span></text:p>
  <text:p text:style-name="Paragraph">Aprite il menu contestuale dell&apos;elenco <text:span text:style-name="T1">Modifiche</text:span>. Scegliete <help:switch select="Program"><help:case select="WRITER"><text:span text:style-name="T1">Modifica commento</text:span></help:case><help:case select="CALC"><text:span text:style-name="T1">Cambia commento</text:span></help:case></help:switch></text:p>
  </help:to-popup>
  <help:to-popup Eid="suchen">
  <text:p text:style-name="Paragraph">Menu <text:span text:style-name="T1">Modifica - Cerca e sostituisci...</text:span></text:p>
  <text:p text:style-name="Paragraph">Tasto <help:switch select="System"><help:case select ="MAC">(Comando)</help:case><help:default>(Ctrl)</help:default></help:switch>(G)</text:p>
  <text:p text:style-name="Paragraph">Nella <text:span text:style-name="T1">barra degli strumenti</text:span> (documenti di testo o fogli elettronici), fate clic su</text:p>
  <help:to-be-embedded Eid="sysuchenersetzen">
  <table:table table:name="Tabelle6" table:style-name="Tabelle6">
   <table:table-column table:style-name="Tabelle6.A"/>
   <table:table-column table:style-name="Tabelle6.B"/>
   <table:table-header-rows>
    <table:table-row>
     <table:table-cell table:value-type="string">
      <text:p text:style-name="Paragraph"><draw:image draw:name="Simbolo6" svg:desc="Simbolo" svg:pixelx="25" svg:pixely="25" svg:width="0.661cm" svg:height="0.661cm" xlink:href="66339" draw:filter-name=""/></text:p>

     </table:table-cell>
     <table:table-cell table:value-type="string">
      <text:p text:style-name="Paragraph">Cerca on/off</text:p>
     </table:table-cell>
    </table:table-row>
   </table:table-header-rows>
  </table:table>
  </help:to-be-embedded></help:to-popup>
  <text:p text:style-name="Paragraph"><help:to-popup Eid="suchenattribute">Menu <text:span text:style-name="T1">Modifica - Cerca e sostituisci... - </text:span>pulsante <text:span text:style-name="T1">Attributi...</text:span></help:to-popup></text:p>
  <text:p text:style-name="Paragraph"><help:to-popup Eid="suchenformat">Menu <text:span text:style-name="T1">Modifica - Cerca e sostituisci...</text:span><text:span text:style-name="T2"> - </text:span>pulsante<text:span text:style-name="T1"> Formato...</text:span></help:to-popup></text:p>
  <help:to-popup Eid="suchenaehnlichkeit">
  <text:p text:style-name="Paragraph">Menu <text:span text:style-name="T1">Modifica - Cerca e sostituisci... </text:span>- selezionate la casella di controllo <text:span text:style-name="T1">Ricerca simili</text:span> e scegliete il pulsante <text:span text:style-name="T1">...</text:span></text:p>
  <text:p text:style-name="Paragraph">Vista di una tabella database: simbolo <text:span text:style-name="T1">Cerca</text:span> nella barra database - selezionate la casella di controllo <text:span text:style-name="T1">Ricerca simili</text:span> e scegliete il pulsante <text:span text:style-name="T1">...</text:span></text:p>
  <text:p text:style-name="Paragraph">Nella <text:span text:style-name="T1">barra del formulario</text:span>, fate clic su <text:span text:style-name="T1">Ricerca record di dati</text:span> - casella di controllo <text:span text:style-name="T1">Ricerca per simili</text:span> - pulsante <text:span text:style-name="T1">...</text:span> (vista formulario)</text:p>
  </help:to-popup>
  <help:to-popup Eid="navigator">
  <text:p text:style-name="Paragraph">Menu<text:span text:style-name="T1"> Modifica - Navigatore</text:span></text:p>
  <text:p text:style-name="Paragraph">Tasto (F5)</text:p>
  <text:p text:style-name="Paragraph">Nella <text:span text:style-name="T1">barra delle funzioni</text:span>, fate clic su</text:p>
  <a name="synavigator"/>
  <table:table table:name="Tabelle12" table:style-name="Tabelle12">
   <table:table-column table:style-name="Tabelle12.A"/>
   <table:table-column table:style-name="Tabelle12.B"/>
   <table:table-header-rows>
    <table:table-row>
     <table:table-cell table:value-type="string">
      <text:p text:style-name="Paragraph"><draw:image draw:name="Simbolo7" svg:desc="Simbolo" svg:pixelx="25" svg:pixely="25" svg:width="0.661cm" svg:height="0.661cm" xlink:href="66162" draw:filter-name=""/></text:p>

     </table:table-cell>
     <table:table-cell table:value-type="string">
      <text:p text:style-name="Paragraph">Navigatore on/off</text:p>
     </table:table-cell>
    </table:table-row>
   </table:table-header-rows>
  </table:table>
  </help:to-popup>
  <text:p text:style-name="Paragraph"><help:to-popup Eid="litdat">Menu <text:span text:style-name="T1">Strumenti - Database bibliografico</text:span></help:to-popup></text:p>
  <text:p text:style-name="Paragraph"><help:to-popup Eid="link">Menu <text:span text:style-name="T1">Modifica - Collegamento</text:span></help:to-popup></text:p>
  <text:p text:style-name="Paragraph"><help:to-popup Eid="linkae">Menu <text:span text:style-name="T1">Modifica - Collegamento - Modifica collegamento </text:span>(solo per i collegamenti DDE)</help:to-popup></text:p>
  <help:to-popup Eid="rahmeneigenschaften">
  <text:p text:style-name="Paragraph">Selezionate un frame e poi il menu <text:s/><text:span text:style-name="T1">Modifica - Oggetto - Proprietà</text:span></text:p>
  <text:p text:style-name="Paragraph">Menu di contesto di un frame selezionato, comando di menu <text:span text:style-name="T1">Proprietà</text:span></text:p>
  </help:to-popup>
  <text:p text:style-name="Paragraph"><help:to-popup Eid="plugin"><help:switch select="System"><help:case select ="WIN"></help:case><help:case select="UNIX">Menu <text:span text:style-name="T1">Modifica - PlugIn</text:span></help:case></help:switch></help:to-popup></text:p>
  <text:p text:style-name="Paragraph"><help:to-popup Eid="imagemap">Menu<text:span text:style-name="T1"> Modifica - ImageMap</text:span> così come nel menu di contesto di un oggetto selezionato</help:to-popup></text:p>
  <text:p text:style-name="Paragraph"><help:to-popup Eid="imapeigbea">Menu <text:span text:style-name="T1">Modifica - ImageMap</text:span>, selezionate poi un&apos;area in ImageMap e poi il pulsante <text:span text:style-name="T1">Proprietà - Descrizione</text:span></help:to-popup></text:p>
  <text:p text:style-name="Paragraph"><help:to-popup Eid="edit1">Menu <text:span text:style-name="T1">Modifica - Oggetto</text:span></help:to-popup></text:p>
  <text:p text:style-name="Paragraph"><help:to-popup Eid="edit2">Menu <text:span text:style-name="T1"><text:s/>Modifica - Oggetto - Modifica</text:span> così come nel menu di contesto di un oggetto selezionato</help:to-popup></text:p>
  <text:p text:style-name="Paragraph"><help:to-popup Eid="edit3">Menu <text:span text:style-name="T1">Modifica - Oggetto - Apri</text:span></help:to-popup></text:p>
 </office:body>
</office:document>
