

<office:document  xmlns:office="http://openoffice.org/2000/office" xmlns:style="http://openoffice.org/2000/style" xmlns:text="http://openoffice.org/2000/text" xmlns:table="http://openoffice.org/2000/table" xmlns:draw="http://openoffice.org/2000/drawing" xmlns:fo="http://www.w3.org/1999/XSL/Format" xmlns:xlink="http://www.w3.org/1999/xlink" xmlns:number="http://openoffice.org/2000/datastyle" xmlns:svg="http://www.w3.org/2000/svg" xmlns:chart="http://openoffice.org/2000/chart" xmlns:dr3d="http://openoffice.org/2000/dr3d" xmlns:math="http://www.w3.org/1998/Math/MathML" xmlns:form="http://openoffice.org/2000/form" xmlns:script="http://openoffice.org/2000/script" office:class="text" office:version="1.0" xmlns:dc="http://purl.org/dc/elements/1.1/" xmlns:meta="http://openoffice.org/2000/meta" xmlns:help="http://openoffice.org/2000/help">
<office:meta>
  <dc:description>text/common/00/00000406</dc:description>
  <dc:subject>Menu Strumenti</dc:subject>
  <meta:keywords>
   <meta:keyword>$Version</meta:keyword>
  </meta:keywords>
  <dc:language>it-IT</dc:language>
  <meta:user-defined meta:name="Info 0">READY</meta:user-defined>
  <meta:user-defined meta:name="Info 1">FREE_OK</meta:user-defined>
  <meta:user-defined meta:name="Info 2">NOINDEX</meta:user-defined>
  <meta:user-defined meta:name="Info 3"/>
</office:meta>
 <office:script/>
 <office:font-decls>
  <style:font-decl style:name="StarSymbol" fo:font-family="StarSymbol" style:font-charset="x-symbol"/>
  <style:font-decl style:name="Courier New" fo:font-family="&apos;Courier New&apos;" style:font-style-name="Standard" style:font-family-generic="modern" style:font-pitch="fixed"/>
  <style:font-decl style:name="Courier" fo:font-family="Courier" style:font-family-generic="roman" style:font-pitch="fixed"/>
  <style:font-decl style:name="Arial Unicode MS" fo:font-family="&apos;Arial Unicode MS&apos;" style:font-pitch="variable"/>
  <style:font-decl style:name="HG Mincho Light J" fo:font-family="&apos;HG Mincho Light J&apos;" style:font-pitch="variable"/>
  <style:font-decl style:name="Times New Roman3" fo:font-family="&apos;Times New Roman&apos;" style:font-pitch="variable"/>
  <style:font-decl style:name="Thorndale" fo:font-family="Thorndale" style:font-family-generic="roman" style:font-pitch="variable"/>
  <style:font-decl style:name="Times New Roman2" fo:font-family="&apos;Times New Roman&apos;" style:font-style-name="Fett" style:font-family-generic="roman" style:font-pitch="variable"/>
  <style:font-decl style:name="Times New Roman" fo:font-family="&apos;Times New Roman&apos;" style:font-style-name="Standard" style:font-family-generic="roman" style:font-pitch="variable"/>
  <style:font-decl style:name="Times New Roman1" fo:font-family="&apos;Times New Roman&apos;" style:font-family-generic="swiss" style:font-pitch="variable"/>
 </office:font-decls>
 <office:automatic-styles>
  <style:style style:name="Tabelle3" style:family="table">
   <style:properties style:width="18cm" table:align="margins"/>
  </style:style>
  <style:style style:name="Tabelle3.A" style:family="table-column">
   <style:properties style:column-width="1.005cm" style:rel-column-width="570*"/>
  </style:style>
  <style:style style:name="Tabelle3.B" style:family="table-column">
   <style:properties style:column-width="16.993cm" style:rel-column-width="9634*"/>
  </style:style>
  <style:style style:name="Tabelle3.A1" style:family="table-cell">
   <style:properties fo:padding="0cm" fo:border="none"/>
  </style:style>
  <style:style style:name="Tabelle2" style:family="table">
   <style:properties style:width="18cm" table:align="margins"/>
  </style:style>
  <style:style style:name="Tabelle2.A" style:family="table-column">
   <style:properties style:column-width="1.501cm" style:rel-column-width="5464*"/>
  </style:style>
  <style:style style:name="Tabelle2.B" style:family="table-column">
   <style:properties style:column-width="16.499cm" style:rel-column-width="60052*"/>
  </style:style>
  <style:style style:name="Tabelle4" style:family="table">
   <style:properties style:width="18cm" table:align="margins"/>
  </style:style>
  <style:style style:name="Tabelle4.A" style:family="table-column">
   <style:properties style:column-width="1.501cm" style:rel-column-width="5464*"/>
  </style:style>
  <style:style style:name="Tabelle4.B" style:family="table-column">
   <style:properties style:column-width="16.499cm" style:rel-column-width="60052*"/>
  </style:style>
  <style:style style:name="Tabelle1" style:family="table">
   <style:properties style:width="17.995cm" fo:margin-left="0cm" fo:margin-right="0.005cm" table:align="margins"/>
  </style:style>
  <style:style style:name="Tabelle1.A" style:family="table-column">
   <style:properties style:column-width="1.501cm" style:rel-column-width="5465*"/>
  </style:style>
  <style:style style:name="Tabelle1.B" style:family="table-column">
   <style:properties style:column-width="16.494cm" style:rel-column-width="60051*"/>
  </style:style>
  <style:style style:name="Tabelle1.A1" style:family="table-cell">
   <style:properties fo:padding="0.049cm" fo:border="none"/>
  </style:style>
  <style:style style:name="P1" style:family="paragraph" style:parent-style-name="Paragraph" style:master-page-name="HTML">
   <style:properties style:page-number="0"/>
  </style:style>
  <style:style style:name="T1" style:family="text">
   <style:properties fo:font-weight="bold"/>
  </style:style>
  <style:style style:name="fr1" style:family="graphics" style:parent-style-name="Graphics">
   <style:properties style:run-through="foreground" style:wrap="run-through" style:horizontal-pos="left" style:horizontal-rel="paragraph" style:mirror="none" fo:clip="rect(0cm 0cm 0cm 0cm)" draw:luminance="0%" draw:contrast="0%" draw:red="0%" draw:green="0%" draw:blue="0%" draw:gamma="1" draw:color-inversion="false" draw:transparency="-100%" draw:color-mode="standard"/>
  </style:style>
  <style:style style:name="fr2" style:family="graphics" style:parent-style-name="Graphics">
   <style:properties style:run-through="foreground" style:wrap="run-through" style:vertical-pos="top" style:vertical-rel="paragraph" style:horizontal-pos="left" style:horizontal-rel="paragraph" style:mirror="none" fo:clip="rect(0cm 0cm 0cm 0cm)" draw:luminance="0%" draw:contrast="0%" draw:red="0%" draw:green="0%" draw:blue="0%" draw:gamma="1" draw:color-inversion="false" draw:transparency="-100%" draw:color-mode="standard"/>
  </style:style>
 </office:automatic-styles>
 <office:body>
  <text:variable-decls>
   <text:variable-decl text:value-type="string" text:name="HTML_ON"/>
   <text:variable-decl text:value-type="string" text:name="HTML_OFF"/>
   <text:variable-decl text:value-type="string" text:name="TITEL"/>
   <text:variable-decl text:value-type="string" text:name="END"/>
   <text:variable-decl text:value-type="string" text:name="OS2"/>
   <text:variable-decl text:value-type="string" text:name="ELSE"/>
   <text:variable-decl text:value-type="string" text:name="NAME"/>
   <text:variable-decl text:value-type="string" text:name="MAC"/>
   <text:variable-decl text:value-type="string" text:name="HREF"/>
   <text:variable-decl text:value-type="string" text:name="MODIFY"/>
   <text:variable-decl text:value-type="string" text:name="REFNR"/>
   <text:variable-decl text:value-type="string" text:name="HFELD"/>
   <text:variable-decl text:value-type="string" text:name="STYLE"/>
  </text:variable-decls>
  <text:sequence-decls>
   <text:sequence-decl text:display-outline-level="0" text:name="Illustration"/>
   <text:sequence-decl text:display-outline-level="0" text:name="Table"/>
   <text:sequence-decl text:display-outline-level="0" text:name="Text"/>
   <text:sequence-decl text:display-outline-level="0" text:name="Drawing"/>
  </text:sequence-decls>
  <text:p text:style-name="P1"/>
  <text:p text:style-name="Head 1">Menu Strumenti</text:p>
  <help:to-popup Eid="gallery">
  <text:p text:style-name="Paragraph">Scegliete <text:span text:style-name="T1">Strumenti - Gallery</text:span> o, nella <text:span text:style-name="T1">barra delle funzioni</text:span>, fate clic su</text:p>
  <help:to-be-embedded Eid="sygallery">
  <table:table table:name="Tabelle3" table:style-name="Tabelle3">
   <table:table-column table:style-name="Tabelle3.A"/>
   <table:table-column table:style-name="Tabelle3.B"/>
   <table:table-header-rows>
    <table:table-row>
     <table:table-cell table:style-name="Tabelle3.A1" table:value-type="string">
      <text:p text:style-name="TextInTable"><draw:image draw:name="Simbolo0" svg:desc="Simbolo" svg:pixelx="25" svg:pixely="25" svg:width="0.661cm" svg:height="0.661cm" xlink:href="67320" draw:filter-name=""/></text:p>

     </table:table-cell>
     <table:table-cell table:style-name="Tabelle3.A1" table:value-type="string">
      <text:p text:style-name="TextInTable">Gallery</text:p>
     </table:table-cell>
    </table:table-row>
   </table:table-header-rows>
  </table:table>
  </help:to-be-embedded>
  </help:to-popup>
  <text:p text:style-name="Paragraph"><help:to-popup Eid="galleryregisterdateien">Scegliete <text:span text:style-name="T1">Strumenti - Gallery</text:span> o fate clic sul simbolo <text:span text:style-name="T1">Gallery</text:span> nella <text:span text:style-name="T1">barra delle funzioni</text:span> - pulsante <text:span text:style-name="T1">Nuovo argomento</text:span> - scheda <text:span text:style-name="T1">File</text:span></help:to-popup></text:p>
  <help:to-popup Eid="rechtschreibung">
  <text:p text:style-name="Paragraph">La finestra di dialogo <text:span text:style-name="T1">Controllo ortografico</text:span> compare solo quando viene rilevato un errore di ortografia:</text:p>
  <text:p text:style-name="Paragraph">Menu <text:span text:style-name="T1">Strumenti - Controllo ortografico - Avvia...</text:span></text:p>
  <text:p text:style-name="Paragraph">Tasto (F7)</text:p>
  <text:p text:style-name="Paragraph">Nella <text:span text:style-name="T1">barra degli strumenti</text:span>, fate clic su</text:p>
  <help:to-be-embedded Eid="syrechtschreibung">
  <table:table table:name="Tabelle2" table:style-name="Tabelle2">
   <table:table-column table:style-name="Tabelle2.A"/>
   <table:table-column table:style-name="Tabelle2.B"/>
   <table:table-header-rows>
    <table:table-row>
     <table:table-cell table:value-type="string">
      <text:p text:style-name="TextInTable"><draw:image draw:name="Simbolo1" svg:desc="Simbolo" svg:pixelx="25" svg:pixely="25" svg:width="0.661cm" svg:height="0.661cm" xlink:href="65746" draw:filter-name=""/></text:p>

     </table:table-cell>
     <table:table-cell table:value-type="string">
      <text:p text:style-name="TextInTable">Controllo ortografico</text:p>
     </table:table-cell>
    </table:table-row>
   </table:table-header-rows>
  </table:table>
  </help:to-be-embedded></help:to-popup>
  <text:p text:style-name="Paragraph"><help:to-popup Eid="hangul">Scegliete <text:span text:style-name="T1">Strumenti - Conversione Hangul/Hanja </text:span><text:s/>(deve essere abilitato il supporto delle lingue asiatiche)</help:to-popup></text:p>
  <text:p text:style-name="Paragraph"><help:to-popup Eid="rechtschreibungmenue">Menu <text:span text:style-name="T1">Strumenti - Controllo ortografico</text:span></help:to-popup></text:p>
  <text:p text:style-name="Paragraph"><help:to-popup Eid="zoptionen">Scegliete <text:span text:style-name="T1">Strumenti - Controllo ortografico - Avvia</text:span> - (la finestra di dialogo compare solo se viene rilevato un errore), quindi fate clic su <text:span text:style-name="T1">Opzioni</text:span></help:to-popup></text:p>
  <help:to-popup Eid="thesaurus">
  <text:p text:style-name="Paragraph">Menu <text:span text:style-name="T1">Strumenti- Sinonimi...</text:span></text:p>
  <text:p text:style-name="Paragraph">Menu <text:span text:style-name="T1">Strumenti - Controllo ortografico - Avvia - Sinonimi</text:span></text:p>
  <text:p text:style-name="Paragraph">Tasto <help:switch select="System"><help:case select ="MAC">(Comando)</help:case><help:default>(Ctrl)</help:default></help:switch>(F7)</text:p>
  </help:to-popup>
  <help:to-popup Eid="etpip">
  <text:p text:style-name="Paragraph">Menu <text:span text:style-name="T1">Strumenti - Contagocce</text:span> (<help:productname>%PRODUCTNAME</help:productname> Draw e <help:productname>%PRODUCTNAME</help:productname> Impress)</text:p>
  </help:to-popup>
  <text:p text:style-name="Paragraph"><help:to-popup Eid="makro">Scegliete <text:span text:style-name="T1">Strumenti - Macro - Macro</text:span></help:to-popup></text:p>
  <help:to-popup Eid="recordmacro">
  <help:to-be-embedded Eid="syrecordmacro">
  <table:table table:name="Tabelle4" table:style-name="Tabelle4">
   <table:table-column table:style-name="Tabelle4.A"/>
   <table:table-column table:style-name="Tabelle4.B"/>
   <table:table-header-rows>
    <table:table-row>
     <table:table-cell table:value-type="string">
      <text:p text:style-name="TextInTable"><draw:image draw:name="Simbolo2" svg:desc="Simbolo" svg:pixelx="25" svg:pixely="25" svg:width="0.661cm" svg:height="0.661cm" xlink:href="67563" draw:filter-name=""/></text:p>

     </table:table-cell>
     <table:table-cell table:value-type="string">
      <text:p text:style-name="TextInTable">Registra macro</text:p>
     </table:table-cell>
    </table:table-row>
   </table:table-header-rows>
  </table:table>
  </help:to-be-embedded>
  <text:p text:style-name="Paragraph">Scegliete <text:span text:style-name="T1">Strumenti - Macro - Registra macro</text:span></text:p>
  </help:to-popup>
  <text:p text:style-name="Paragraph"><help:to-popup Eid="passwort">Scegliete <text:span text:style-name="T1">Strumenti - Macro - Macro, fate clic sul pulsante Gestisci, scegliete la scheda Librerie e fate clic sul pulsante Password</text:span></help:to-popup></text:p>
  <text:p text:style-name="Paragraph"><help:to-popup Eid="xmlfilter">Scegliete <text:span text:style-name="T1">Strumenti - Impostazioni filtro XML</text:span></help:to-popup>.</text:p>
  <text:p text:style-name="Paragraph"><help:to-popup Eid="xmlfilteredit">Scegliete <text:span text:style-name="T1">Strumenti - Impostazioni filtro XML</text:span> e fate clic su <text:span text:style-name="T1">Nuovo</text:span> o <text:span text:style-name="T1">Modifica</text:span>.</help:to-popup></text:p>
  <text:p text:style-name="Paragraph"><help:to-popup Eid="xmlfiltertest">Scegliete <text:span text:style-name="T1">Strumenti - Impostazioni filtro XML</text:span> e fate clic su <text:span text:style-name="T1">Test XSLTs</text:span>.</help:to-popup></text:p>
  <text:p text:style-name="Paragraph"><help:to-popup Eid="anpassen">Menu <text:span text:style-name="T1">Strumenti - Configura</text:span></help:to-popup></text:p>
  <text:p text:style-name="Paragraph"><help:to-popup Eid="menue">Menu <text:span text:style-name="T1">Strumenti - Configura -</text:span> scheda <text:span text:style-name="T1">Menu</text:span></help:to-popup></text:p>
  <text:p text:style-name="Paragraph"><help:to-popup Eid="tastatur">Menu <text:span text:style-name="T1">Strumenti - Configura -</text:span> Scheda <text:span text:style-name="T1">Tastiera</text:span></help:to-popup></text:p>
  <text:p text:style-name="Paragraph"><help:to-popup Eid="status">Menu <text:span text:style-name="T1">Strumenti - Configura -</text:span> scheda <text:span text:style-name="T1">Barra di stato</text:span></help:to-popup></text:p>
  <text:p text:style-name="Paragraph"><help:to-popup Eid="symbole">Menu <text:span text:style-name="T1">Strumenti - Configura -</text:span> scheda <text:span text:style-name="T1">Barra dei simboli</text:span></help:to-popup></text:p>
  <help:to-popup Eid="symbolebearbeiten">
  <text:p text:style-name="Paragraph">Menu <text:span text:style-name="T1">Strumenti - Configura...</text:span> - scheda <text:span text:style-name="T1"><text:s/>Barra dei simboli - Modifica...</text:span></text:p>
  <text:p text:style-name="Paragraph">Menu <text:span text:style-name="T1">Visualizza - Barra dei simboli - Modifica...</text:span></text:p>
  <text:p text:style-name="Paragraph">Menu di contesto delle barra dei simboli <text:span text:style-name="T1">Modifica ...</text:span></text:p>
  </help:to-popup>
  <text:p text:style-name="Paragraph"><help:to-popup Eid="events">Menu <text:span text:style-name="T1">Strumenti - Configura -</text:span> scheda <text:span text:style-name="T1">Eventi</text:span></help:to-popup></text:p>
  <text:p text:style-name="Paragraph"><help:to-popup Eid="autokorr">Menu <text:span text:style-name="T1">Strumenti- Correzione automatica</text:span><help:switch select="Program"><help:case select="WRITER"><text:span text:style-name="T1">/Formattazione automatica</text:span></help:case></help:switch></help:to-popup></text:p>
  <text:p text:style-name="Paragraph"><help:to-popup Eid="autokooptionen">Menu <text:span text:style-name="T1">Strumenti - Correzione automatica</text:span><help:switch select="Program"><help:case select="WRITER"><text:span text:style-name="T1">/Formattazione automatica</text:span></help:case></help:switch><text:span text:style-name="T1"> -</text:span> scheda <text:span text:style-name="T1">Opzioni</text:span></help:to-popup></text:p>
  <text:p text:style-name="Paragraph"><help:to-popup Eid="autokoersetzung">Menu <text:span text:style-name="T1">Strumenti - Correzione automatica</text:span><help:switch select="Program"><help:case select="WRITER"><text:span text:style-name="T1">/Formattazione automatica</text:span></help:case></help:switch><text:span text:style-name="T1"> -</text:span> scheda <text:span text:style-name="T1">Sostituzione</text:span></help:to-popup></text:p>
  <text:p text:style-name="Paragraph"><help:to-popup Eid="autokoausnahmen">Menu <text:span text:style-name="T1">Strumenti - Correzione automatica</text:span><help:switch select="Program"><help:case select="WRITER"><text:span text:style-name="T1">/Formattazione automatica</text:span></help:case></help:switch><text:span text:style-name="T1"> -</text:span> scheda <text:span text:style-name="T1">Eccezioni</text:span></help:to-popup></text:p>
  <text:p text:style-name="Paragraph"><help:to-popup Eid="autokotyafz">Menu <text:span text:style-name="T1">Strumenti - Correzione automatica</text:span><help:switch select="Program"><help:case select="WRITER"><text:span text:style-name="T1">/Formattazione automatica</text:span></help:case></help:switch><text:span text:style-name="T1"> -</text:span> scheda <text:span text:style-name="T1">Virgolette tipografiche</text:span></help:to-popup></text:p>
  <text:p text:style-name="Paragraph"><help:to-popup Eid="autokoworterg">Menu <text:span text:style-name="T1">Strumenti - Correzione/Formattazione automatica</text:span> - scheda <text:span text:style-name="T1">Completamento parola</text:span></help:to-popup></text:p>
  <text:p text:style-name="Paragraph"><help:to-popup Eid="exopas">Menu <text:span text:style-name="T1">Strumenti - Opzioni - Foglio elettronico - scheda Vista</text:span></help:to-popup></text:p>
  <text:p text:style-name="Paragraph"><help:to-popup Eid="etoplayout">Menu <text:span text:style-name="T1">Strumenti - Opzioni - Presentazione/disegno - scheda Vista</text:span></help:to-popup></text:p>
  <text:p text:style-name="Paragraph"><help:to-popup Eid="etotm">Menu <text:span text:style-name="T1">Strumenti - Opzioni - Disegno - scheda Generale</text:span></help:to-popup></text:p>
  <help:to-popup Eid="verzeichnis">
  <text:p text:style-name="Paragraph">Pulsante per la scelta del percorso in diversi Piloti automatici</text:p>
  <text:p text:style-name="Paragraph"><text:span text:style-name="T1">Modificare</text:span> i pulsanti per alcune voci in <text:span text:style-name="T1">Strumenti - Opzioni - <help:productname>%PRODUCTNAME</help:productname> - Percorsi</text:span></text:p>
  </help:to-popup>
  <text:p text:style-name="Paragraph"><help:to-popup Eid="optionen">Menu <text:span text:style-name="T1">Strumenti - Opzioni...</text:span></help:to-popup></text:p>
  <text:p text:style-name="Paragraph"><help:to-popup Eid="optionenallgemein">Menu <text:span text:style-name="T1">Strumenti - Opzioni - <help:productname>%PRODUCTNAME</help:productname></text:span></help:to-popup></text:p>
  <text:p text:style-name="Paragraph"><help:to-popup Eid="benutzerdaten">Menu <text:span text:style-name="T1">Strumenti - Opzioni - <help:productname>%PRODUCTNAME</help:productname> - scheda Dati utente</text:span></help:to-popup></text:p>
  <text:p text:style-name="Paragraph"><help:to-popup Eid="allg">Menu <text:span text:style-name="T1">Strumenti - Opzioni - <help:productname>%PRODUCTNAME</help:productname> - scheda Generale</text:span></help:to-popup></text:p>
  <text:p text:style-name="Paragraph"><help:to-popup Eid="arbeit">Menu <text:span text:style-name="T1">Strumenti - Opzioni - <help:productname>%PRODUCTNAME</help:productname> - scheda Generale</text:span></help:to-popup></text:p>
  <text:p text:style-name="Paragraph"><help:to-popup Eid="ansicht">Menu <text:span text:style-name="T1">Strumenti</text:span> - <text:span text:style-name="T1">Opzioni</text:span> - <text:span text:style-name="T1"><help:productname>%PRODUCTNAME</help:productname></text:span> - scheda <text:span text:style-name="T1">Vista</text:span></help:to-popup></text:p>
  <text:p text:style-name="Paragraph"><help:to-popup Eid="helper">Menu <text:span text:style-name="T1">Strumenti - Opzioni - <help:productname>%PRODUCTNAME</help:productname> - scheda Programmi della Guida</text:span></help:to-popup></text:p>
  <text:p text:style-name="Paragraph"><help:to-popup Eid="drucken">Menu <text:span text:style-name="T1">Strumenti - Opzioni - <help:productname>%PRODUCTNAME</help:productname> - scheda Stampa</text:span></help:to-popup></text:p>
  <help:to-popup Eid="pfade">
  <text:p text:style-name="Paragraph">Menu <text:span text:style-name="T1">Strumenti - Opzioni - <help:productname>%PRODUCTNAME</help:productname> - scheda Percorsi</text:span></text:p>
  <text:p text:style-name="Paragraph">Menu <text:span text:style-name="T1">Modifica - Testo automatico - Percorso...</text:span></text:p>
  </help:to-popup>
  <help:to-popup Eid="color">
  <text:p text:style-name="Paragraph">Menu <text:span text:style-name="T1">Strumenti - Opzioni - <help:productname>%PRODUCTNAME</help:productname> - scheda Colori</text:span></text:p>
  <text:p text:style-name="Paragraph">Menu <text:span text:style-name="T1">Formato - Area... -</text:span> scheda <text:span text:style-name="T1">Colori</text:span></text:p>
  </help:to-popup>
  <help:to-popup Eid="color2">
  <text:p text:style-name="Paragraph">Menu <text:span text:style-name="T1">Strumenti - Opzioni - <help:productname>%PRODUCTNAME</help:productname> - scheda Colori - Modifica</text:span></text:p>
  <text:p text:style-name="Paragraph">Menu <text:span text:style-name="T1">Formato - Area... -</text:span> scheda <text:span text:style-name="T1">Colori - Modifica...</text:span></text:p>
  <text:p text:style-name="Paragraph">Scegliete <text:span text:style-name="T1">Formato - Effetti 3D</text:span>, nella scheda <text:span text:style-name="T1">Illuminazione</text:span>.</text:p>
  <help:to-be-embedded Eid="farbdial">
  <table:table table:name="Tabelle1" table:style-name="Tabelle1">
   <table:table-column table:style-name="Tabelle1.A"/>
   <table:table-column table:style-name="Tabelle1.B"/>
   <table:table-header-rows>
    <table:table-row>
     <table:table-cell table:style-name="Tabelle1.A1" table:value-type="string">
      <text:p text:style-name="TextInTable"><draw:image draw:name="Simbolo3" svg:desc="Simbolo" svg:pixelx="24" svg:pixely="22" svg:width="0.635cm" svg:height="0.582cm" xlink:href="65870" draw:filter-name=""/></text:p>

     </table:table-cell>
     <table:table-cell table:style-name="Tabelle1.A1" table:value-type="string">
      <text:p text:style-name="TextInTable">Selezionate il colore nella finestra di dialogo <text:span text:style-name="T1">Colore</text:span></text:p>
     </table:table-cell>
    </table:table-row>
   </table:table-header-rows>
  </table:table>
  </help:to-be-embedded></help:to-popup>
  <text:p text:style-name="Paragraph"><help:to-popup Eid="schriers">Menu <text:span text:style-name="T1">Strumenti - Opzioni - <help:productname>%PRODUCTNAME</help:productname> - scheda Sostituzione carattere</text:span></help:to-popup></text:p>
  <text:p text:style-name="Paragraph"><help:to-popup Eid="scripting">Menu <text:span text:style-name="T1">Strumenti - Opzioni - <help:productname>%PRODUCTNAME</help:productname> -</text:span> scheda <text:span text:style-name="T1">Sicurezza</text:span></help:to-popup></text:p>
  <text:p text:style-name="Paragraph"><help:to-popup Eid="accessibility">Scegliete <text:span text:style-name="T1">Strumenti - Opzioni - <help:productname>%PRODUCTNAME</help:productname> - Accessibilità</text:span></help:to-popup></text:p>
  <text:p text:style-name="Paragraph"><help:to-popup Eid="appearance">Scegliete <text:span text:style-name="T1">Strumenti - Opzioni - <help:productname>%PRODUCTNAME</help:productname> - Rappresentazione</text:span></help:to-popup></text:p>
  <text:p text:style-name="Paragraph"><help:to-popup Eid="networkid">Scegliete <text:span text:style-name="T1">Strumenti - Opzioni - <help:productname>%PRODUCTNAME</help:productname> - Identità network</text:span></help:to-popup></text:p>
  <text:p text:style-name="Paragraph"><help:to-popup Eid="landen">Menu <text:span text:style-name="T1">Strumenti - Opzioni - Carica/salva</text:span></help:to-popup></text:p>
  <text:p text:style-name="Paragraph"><help:to-popup Eid="rsave">Scegliete <text:span text:style-name="T1">Strumenti - Opzioni - Carica/Salva - Generale</text:span></help:to-popup></text:p>
  <text:p text:style-name="Paragraph"><help:to-popup Eid="etsofi">Menu <text:span text:style-name="T1">Strumenti - Opzioni - Carica/salva -</text:span> scheda <text:span text:style-name="T1">Proprietà VBA</text:span></help:to-popup></text:p>
  <text:p text:style-name="Paragraph"><help:to-popup Eid="etsofi2">Menu <text:span text:style-name="T1">Strumenti - Opzioni - Carica/salva -</text:span> scheda <text:span text:style-name="T1">Microsoft Office</text:span></help:to-popup></text:p>
  <text:p text:style-name="Paragraph"><help:to-popup Eid="html">Menu <text:span text:style-name="T1">Strumenti - Opzioni - Carica/salva -</text:span> scheda <text:span text:style-name="T1">Proprietà VBA</text:span></help:to-popup></text:p>
  <text:p text:style-name="Paragraph"><help:to-popup Eid="asiatypo">Menu <text:span text:style-name="T1">Strumenti - Opzioni - Impostazioni lingua</text:span></help:to-popup></text:p>
  <text:p text:style-name="Paragraph"><help:to-popup Eid="sprachen">Menu <text:span text:style-name="T1">Strumenti - Opzioni - Impostazioni lingua - scheda Lingue</text:span></help:to-popup></text:p>
  <text:p text:style-name="Paragraph"><help:to-popup Eid="sprachenctl">Scegliete <text:span text:style-name="T1">Strumenti - Opzioni - Impostazioni lingua - Lingue - Supporto script complessi</text:span></help:to-popup></text:p>
  <help:to-popup Eid="linguistik">
  <text:p text:style-name="Paragraph">Menu <text:span text:style-name="T1">Strumenti - Opzioni - Impostazioni lingua -</text:span> scheda <text:span text:style-name="T1">Linguistica</text:span></text:p>
  </help:to-popup>
  <help:to-popup Eid="linguistikmodule">
  <text:p text:style-name="Paragraph">Menu <text:span text:style-name="T1">Strumenti - Opzioni - Impostazioni lingua -</text:span> scheda <text:span text:style-name="T1">Linguistica, nella casella di riepilogo Moduli linguistici disponibili selezionarne uno e poi attivare il pulsante Modifica</text:span></text:p>
  </help:to-popup>
  <help:to-popup Eid="writingaids">
  <text:p text:style-name="Paragraph">Scegliete <text:span text:style-name="T1">Strumenti - Opzioni - Impostazioni lingua - Linguistica</text:span></text:p>
  </help:to-popup>
  <text:p text:style-name="Paragraph"><help:to-popup Eid="suchja">Menu <text:span text:style-name="T1">Strumenti - Opzioni - Impostazioni lingua</text:span> scheda <text:span text:style-name="T1">Opzioni di ricerca per il giapponese</text:span></help:to-popup></text:p>
  <text:p text:style-name="Paragraph"><help:to-popup Eid="asialayout">Menu <text:span text:style-name="T1">Strumenti - Opzioni - Impostazioni lingua</text:span></help:to-popup> <text:s/>scheda <text:span text:style-name="T1">Layout asiatico</text:span></text:p>
  <text:p text:style-name="Paragraph"><help:to-popup Eid="internet">Menu <text:span text:style-name="T1">Strumenti - Opzioni - Internet</text:span></help:to-popup></text:p>
  <text:p text:style-name="Paragraph"><help:to-popup Eid="internet1">Menu <text:span text:style-name="T1">Strumenti - Opzioni... - Internet -</text:span> scheda <text:span text:style-name="T1">Proxy</text:span></help:to-popup></text:p>
  <text:p text:style-name="Paragraph"><help:to-popup Eid="internet4">Menu <text:span text:style-name="T1">Strumenti - Opzioni... - Internet -</text:span> scheda <text:span text:style-name="T1">Trova</text:span></help:to-popup></text:p>
  <text:p text:style-name="Paragraph"><help:to-popup Eid="optionentextdokument">Menu <text:span text:style-name="T1">Strumenti - Opzioni... - Documento di testo</text:span></help:to-popup></text:p>
  <text:p text:style-name="Paragraph"><help:to-popup Eid="laden">Menu <text:span text:style-name="T1">Strumenti - Opzioni - Documento di testo</text:span> - scheda <text:span text:style-name="T1">Generale</text:span></help:to-popup></text:p>
  <text:p text:style-name="Paragraph"><help:to-popup Eid="einfuegenbeschriftung">Menu <text:span text:style-name="T1">Strumenti - Opzioni - Documento di testo</text:span> - scheda <text:span text:style-name="T1">Generale- Scelta oggetto - pulsante ...</text:span></help:to-popup></text:p>
  <text:p text:style-name="Paragraph"><help:to-popup Eid="layout">Menu <text:span text:style-name="T1">Strumenti - Opzioni - Documento di testo/Documento HTML</text:span> - scheda <text:span text:style-name="T1">Vista</text:span></help:to-popup></text:p>
  <text:p text:style-name="Paragraph"><help:to-popup Eid="registerschattencursor">Menu <text:span text:style-name="T1">Strumenti - Opzioni - Documento di testo/Documento HTML</text:span> - scheda <text:span text:style-name="T1">Formattazione</text:span></help:to-popup></text:p>
  <text:p text:style-name="Paragraph"><help:to-popup Eid="raster">Menu <text:span text:style-name="T1">Strumenti - Opzioni - Documento di testo/Documento HTML</text:span> - scheda <text:span text:style-name="T1">Griglia</text:span></help:to-popup></text:p>
  <help:to-popup Eid="grundschriften">
  <text:p text:style-name="Paragraph">Scegliete <text:span text:style-name="T1">Strumenti - Opzioni - Documento di testo - Caratteri standard (occidentali)</text:span></text:p>
  <text:p text:style-name="Paragraph">Scegliete <text:span text:style-name="T1">Strumenti - Opzioni - Documento di testo - Caratteri standard (asiatici)</text:span></text:p>
  </help:to-popup>
  <text:p text:style-name="Paragraph"><help:to-popup Eid="drucken1">Menu <text:span text:style-name="T1">Strumenti - Opzioni - Documento di testo/Documento HTML</text:span> - scheda <text:span text:style-name="T1">Stampa</text:span></help:to-popup></text:p>
  <text:p text:style-name="Paragraph"><help:to-popup Eid="registertabelle">Menu <text:span text:style-name="T1">Strumenti - Opzioni... - Documento di testo/Documento HTML-</text:span> scheda <text:span text:style-name="T1">Tabella</text:span></help:to-popup></text:p>
  <text:p text:style-name="Paragraph"><help:to-popup Eid="registeraenderungen">Menu <text:span text:style-name="T1">Strumenti - Opzioni... - Documento di testo -</text:span> scheda <text:span text:style-name="T1">Modifiche</text:span></help:to-popup></text:p>
  <text:p text:style-name="Paragraph"><help:to-popup Eid="webbrowser1">Menu <text:span text:style-name="T1">Strumenti - Opzioni... - Documento HTML</text:span></help:to-popup></text:p>
  <text:p text:style-name="Paragraph"><help:to-popup Eid="hinter">Menu <text:span text:style-name="T1">Strumenti - Opzioni - Documento HTML</text:span> - scheda <text:span text:style-name="T1">Sfondo</text:span></help:to-popup></text:p>
  <text:p text:style-name="Paragraph"><help:to-popup Eid="tabellendokument">Menu <text:span text:style-name="T1">Strumenti - Opzioni... - Foglio elettronico</text:span></help:to-popup></text:p>
  <text:p text:style-name="Paragraph"><help:to-popup Eid="tabelleeingabe">Menu <text:span text:style-name="T1">Strumenti - Opzioni - Foglio elettronico - scheda Generale</text:span></help:to-popup></text:p>
  <text:p text:style-name="Paragraph"><help:to-popup Eid="tabelleinhalte">Menu <text:span text:style-name="T1">Strumenti - Opzioni - Foglio elettronico - scheda Vista</text:span></help:to-popup></text:p>
  <text:p text:style-name="Paragraph"><help:to-popup Eid="international">Scegliete <text:span text:style-name="T1">Strumenti - Opzioni - Foglio elettronico - Internazionale</text:span></help:to-popup></text:p>
  <text:p text:style-name="Paragraph"><help:to-popup Eid="exopbe">Menu <text:span text:style-name="T1">Strumenti - Opzioni... - Foglio elettronico -</text:span> scheda <text:span text:style-name="T1"><text:s/>Calcola</text:span></help:to-popup></text:p>
  <text:p text:style-name="Paragraph"><help:to-popup Eid="exopso">Menu <text:span text:style-name="T1">Strumenti - Opzioni... - Foglio elettronico -</text:span> scheda<text:span text:style-name="T1"> Elenchi</text:span></help:to-popup></text:p>
  <text:p text:style-name="Paragraph"><help:to-popup Eid="listekopieren">Menu <text:span text:style-name="T1">Strumenti - Opzioni... - Foglio elettronico -</text:span> scheda <text:span text:style-name="T1"><text:s/>Elenchi - Copia</text:span></help:to-popup></text:p>
  <text:p text:style-name="Paragraph"><help:to-popup Eid="exopaen">Menu <text:span text:style-name="T1">Strumenti - Opzioni... - Foglio elettronico -</text:span> scheda <text:span text:style-name="T1"><text:s/>Modifiche</text:span></help:to-popup></text:p>
  <text:p text:style-name="Paragraph"><help:to-popup Eid="etotall">Menu <text:span text:style-name="T1">Strumenti - Opzioni - Presentazione</text:span></help:to-popup></text:p>
  <text:p text:style-name="Paragraph"><help:to-popup Eid="etopsonstiges">Menu <text:span text:style-name="T1">Strumenti - Opzioni - Presentazione/disegno - scheda Generale</text:span></help:to-popup></text:p>
  <text:p text:style-name="Paragraph"><help:to-popup Eid="etopas">Menu <text:span text:style-name="T1">Strumenti - Opzioni - Presentazione/disegno - scheda Vista</text:span></help:to-popup></text:p>
  <text:p text:style-name="Paragraph"><help:to-popup Eid="etopfe">Menu <text:span text:style-name="T1">Strumenti - Opzioni - Presentazione/disegno - scheda Griglia</text:span></help:to-popup></text:p>
  <text:p text:style-name="Paragraph"><help:to-popup Eid="etopdk">Menu <text:span text:style-name="T1">Strumenti - Opzioni - Presentazione/disegno - scheda Stampa</text:span></help:to-popup></text:p>
  <text:p text:style-name="Paragraph"><help:to-popup Eid="etotallz">Menu <text:span text:style-name="T1">Strumenti - Opzioni... - Disegno</text:span></help:to-popup></text:p>
  <text:p text:style-name="Paragraph"><help:to-popup Eid="etsodr">Menu<text:span text:style-name="T1">Strumenti - Opzioni... Formula</text:span></help:to-popup></text:p>
  <text:p text:style-name="Paragraph"><help:to-popup Eid="formeinst">Menu <text:span text:style-name="T1">Strumenti - Opzioni... - Formula</text:span> - scheda <text:span text:style-name="T1">Impostazioni</text:span></help:to-popup></text:p>
  <text:p text:style-name="Paragraph"><help:to-popup Eid="diagrfarbe">Menu <text:span text:style-name="T1">Strumenti - Opzioni... - Diagramma</text:span></help:to-popup></text:p>
  <text:p text:style-name="Paragraph"><help:to-popup Eid="diagrgfarbe">Menu <text:span text:style-name="T1">Strumenti - Opzioni... - Diagramma</text:span> - scheda <text:span text:style-name="T1">Colori di base</text:span></help:to-popup></text:p>
  <text:p text:style-name="Paragraph"><help:to-popup Eid="datenqu">Menu <text:span text:style-name="T1">Strumenti - Opzioni - Sorgenti dati</text:span></help:to-popup></text:p>
  <text:p text:style-name="Paragraph"><help:to-popup Eid="verbindungen">Menu <text:span text:style-name="T1">Strumenti - Opzioni - Sorgenti dati - scheda Collegamenti</text:span></help:to-popup></text:p>
 </office:body>
</office:document>
