

<office:document  xmlns:office="http://openoffice.org/2000/office" xmlns:style="http://openoffice.org/2000/style" xmlns:text="http://openoffice.org/2000/text" xmlns:table="http://openoffice.org/2000/table" xmlns:draw="http://openoffice.org/2000/drawing" xmlns:fo="http://www.w3.org/1999/XSL/Format" xmlns:xlink="http://www.w3.org/1999/xlink" xmlns:number="http://openoffice.org/2000/datastyle" xmlns:svg="http://www.w3.org/2000/svg" xmlns:chart="http://openoffice.org/2000/chart" xmlns:dr3d="http://openoffice.org/2000/dr3d" xmlns:math="http://www.w3.org/1998/Math/MathML" xmlns:form="http://openoffice.org/2000/form" xmlns:script="http://openoffice.org/2000/script" office:class="text" office:version="1.0" xmlns:dc="http://purl.org/dc/elements/1.1/" xmlns:meta="http://openoffice.org/2000/meta" xmlns:help="http://openoffice.org/2000/help">
<office:meta>
  <dc:description>text/common/04/01020000</dc:description>
  <dc:subject>데이터 소스에 사용하는 키보드 명령</dc:subject>
  <meta:keywords>
   <meta:keyword>$Version</meta:keyword>
  </meta:keywords>
  <dc:language>ko-KR</dc:language>
  <meta:user-defined meta:name="Info 0">READY</meta:user-defined>
  <meta:user-defined meta:name="Info 1">FREE</meta:user-defined>
  <meta:user-defined meta:name="Info 2"/>
  <meta:user-defined meta:name="Info 3"/>
</office:meta>
 <office:script/>
 <office:font-decls>
  <style:font-decl style:name="StarSymbol" fo:font-family="StarSymbol" style:font-charset="x-symbol"/>
  <style:font-decl style:name="Courier New" fo:font-family="&apos;Courier New&apos;" style:font-style-name="Standard" style:font-family-generic="modern" style:font-pitch="fixed"/>
  <style:font-decl style:name="Courier" fo:font-family="Courier" style:font-family-generic="roman" style:font-pitch="fixed"/>
  <style:font-decl style:name="Andale WT UI4" fo:font-family="&apos;Andale WT UI&apos;" style:font-pitch="variable"/>
  <style:font-decl style:name="Arial Unicode MS" fo:font-family="&apos;Arial Unicode MS&apos;" style:font-pitch="variable"/>
  <style:font-decl style:name="HG Mincho Light J" fo:font-family="&apos;HG Mincho Light J&apos;" style:font-pitch="variable"/>
  <style:font-decl style:name="Andale WT UI" fo:font-family="&apos;Andale WT UI&apos;" style:font-family-generic="roman" style:font-pitch="variable"/>
  <style:font-decl style:name="Andale WT UI1" fo:font-family="&apos;Andale WT UI&apos;" style:font-style-name="Fett" style:font-family-generic="roman" style:font-pitch="variable"/>
  <style:font-decl style:name="Andale WT UI2" fo:font-family="&apos;Andale WT UI&apos;" style:font-style-name="Standard" style:font-family-generic="roman" style:font-pitch="variable"/>
  <style:font-decl style:name="Thorndale" fo:font-family="Thorndale" style:font-family-generic="roman" style:font-pitch="variable"/>
  <style:font-decl style:name="Times New Roman" fo:font-family="&apos;Times New Roman&apos;" style:font-style-name="Fett" style:font-family-generic="roman" style:font-pitch="variable"/>
  <style:font-decl style:name="Andale WT UI3" fo:font-family="&apos;Andale WT UI&apos;" style:font-family-generic="swiss" style:font-pitch="variable"/>
 </office:font-decls>
 <office:automatic-styles>
  <style:style style:name="P1" style:family="paragraph" style:parent-style-name="Paragraph" style:master-page-name="HTML">
   <style:properties style:page-number="0"/>
  </style:style>
 </office:automatic-styles>
 <office:body>
  <text:variable-decls>
   <text:variable-decl text:value-type="string" text:name="HTML_ON"/>
   <text:variable-decl text:value-type="string" text:name="HTML_OFF"/>
   <text:variable-decl text:value-type="string" text:name="TITEL"/>
   <text:variable-decl text:value-type="string" text:name="END"/>
   <text:variable-decl text:value-type="string" text:name="HREF"/>
   <text:variable-decl text:value-type="string" text:name="MAC"/>
   <text:variable-decl text:value-type="string" text:name="OS2"/>
   <text:variable-decl text:value-type="string" text:name="ELSE"/>
   <text:variable-decl text:value-type="string" text:name="NAME"/>
   <text:variable-decl text:value-type="string" text:name="REFNR"/>
   <text:variable-decl text:value-type="string" text:name="INDEX"/>
   <text:variable-decl text:value-type="string" text:name="MODIFY"/>
   <text:variable-decl text:value-type="string" text:name="STYLE"/>
  </text:variable-decls>
  <text:sequence-decls>
   <text:sequence-decl text:display-outline-level="0" text:name="Illustration"/>
   <text:sequence-decl text:display-outline-level="0" text:name="Table"/>
   <text:sequence-decl text:display-outline-level="0" text:name="Text"/>
   <text:sequence-decl text:display-outline-level="0" text:name="Drawing"/>
  </text:sequence-decls>
  <help:to-be-embedded Eid="dbtastaturbefehle">
  <text:p text:style-name="Head 1"><help:to-be-embedded Eid="db_keys"><help:link Id="68621">데이터 소스에 사용하는 키보드 명령</help:link></help:to-be-embedded><help:key-word value="키보드 명령; 데이터 소스" tag="kw68621_1"/><help:key-word value="데이터 소스; 키보드 명령" tag="kw68621_2"/></text:p>
  <text:p text:style-name="Paragraph">여기는 데이터 소스에 사용하는 바로가기 키가 있습니다.</text:p>
  <text:p text:style-name="Paragraph">또한 일반적으로 사용하는 <help:link Id="66043"><help:productname>%PRODUCTNAME</help:productname>의 바로가기 키</help:link>도 적용됩니다.</text:p>
  </help:to-be-embedded>
  <help:to-be-embedded Eid="keydb">
  <text:p text:style-name="Head 2">데이터 소스에 사용하는 키</text:p>
  <help:to-be-embedded Eid="dbheader">
  <text:p text:style-name="Head 3">바로가기 키</text:p>
  <text:p text:style-name="Paragraph">작동</text:p>
  </help:to-be-embedded>
  <text:p text:style-name="Head 2">쿼리 디자인</text:p>
  <text:p text:style-name="Head 3">디자인 보기에서</text:p>
  <text:p text:style-name="Head 3">(F6)</text:p>
  <text:p text:style-name="Paragraph">디자인 보기의 영역 사이를 이동합니다.</text:p>
  <text:p text:style-name="Head 3">(Delete)</text:p>
  <text:p text:style-name="Paragraph">디자인 보기에서 표를 삭제합니다.</text:p>
  <text:p text:style-name="Head 3">(Tab)</text:p>
  <text:p text:style-name="Paragraph">연결선을 활성화합니다.</text:p>
  <text:p text:style-name="Head 3">(Shift)(F10)</text:p>
  <text:p text:style-name="Paragraph">컨텍스트 메뉴를 엽니다.</text:p>
  <text:p text:style-name="Head 3">(F4)</text:p>
  <text:p text:style-name="Paragraph">열린 텍스트, 표 또는 수식 문서에서 (F4) 키를 누르면 데이터 소스 보기가 없어집니다.</text:p>
  <text:p text:style-name="Head 2">컨트롤-등록 정보</text:p>
  <text:p text:style-name="Head 3"><help:switch select="System"><help:case select ="MAC">(옵션)</help:case><help:default>(Alt)</help:default></help:switch>(아래로 커서 이동) 키</text:p>
  <text:p text:style-name="Paragraph">콤보 상자를 엽니다.</text:p>
  <text:p text:style-name="Head 3"><help:switch select="System"><help:case select ="MAC">(옵션)</help:case><help:default>(Alt)</help:default></help:switch>(위로 커서 이동) 키</text:p>
  <text:p text:style-name="Paragraph">콤보 상자를 닫습니다.</text:p>
  <text:p text:style-name="Head 3">(Shift)(Enter)</text:p>
  <text:p text:style-name="Paragraph">새 행을 입력합니다.</text:p>
  <text:p text:style-name="Head 3">(위로 커서 이동) 키</text:p>
  <text:p text:style-name="Paragraph">커서를 이전 행으로 이동합니다.</text:p>
  <text:p text:style-name="Head 3">(아래로 커서 이동) 키</text:p>
  <text:p text:style-name="Paragraph">커서를 다음 행으로 이동합니다.</text:p>
  <text:p text:style-name="Head 3">(Enter)</text:p>
  <text:p text:style-name="Paragraph">필드에서 입력을 마치고 커서를 다음 필드로 이동합니다.</text:p>
  <text:p text:style-name="Head 3"><help:switch select="System"><help:case select ="MAC">(명령)</help:case><help:default>(Ctrl)</help:default></help:switch>(F6)</text:p>
  <text:p text:style-name="Paragraph">첫 번째 컨트롤에 초점을 맞춥니다(작업 모드 중단). 여기서 첫 번째 컨트롤은 양식 네비게이터에 표시된 첫 번째에 해당합니다.</text:p>
  <text:p text:style-name="Head 2">Basic 대화상자 만들기에 사용하는 키</text:p>
  <text:p text:style-name="Head 3"><help:switch select="System"><help:case select ="MAC">(명령)</help:case><help:default>(Ctrl)</help:default></help:switch>(Page Up)</text:p>
  <text:p text:style-name="Paragraph">탭 사이를 이동합니다.</text:p>
  <text:p text:style-name="Head 3"><help:switch select="System"><help:case select ="MAC">(명령)</help:case><help:default>(Ctrl)</help:default></help:switch>(Page Down)</text:p>
  <text:p text:style-name="Paragraph">탭 사이를 이동합니다.</text:p>
  <text:p text:style-name="Head 3">(F6)</text:p>
  <text:p text:style-name="Paragraph">창 사이를 이동합니다.</text:p>
  <text:p text:style-name="Head 3">(Tab)</text:p>
  <text:p text:style-name="Paragraph">컨트롤을 선택합니다.</text:p>
  <text:p text:style-name="Head 3">(Shift)(Tab)</text:p>
  <text:p text:style-name="Paragraph">반대 순서로 컨트롤을 선택합니다.</text:p>
  <text:p text:style-name="Head 3"><help:switch select="System"><help:case select ="MAC">(명령)</help:case><help:default>(Ctrl)</help:default></help:switch>(Enter)</text:p>
  <text:p text:style-name="Paragraph">선택한 컨트롤을 삽입합니다.</text:p>
  <text:p text:style-name="Head 3">(커서 이동 키)</text:p>
  <text:p text:style-name="Paragraph">선택한 컨트롤을 해당 방향으로 1mm씩 이동합니다. 점 편집 모드에서는 선택한 컨트롤의 크기를 변경합니다.</text:p>
  <text:p text:style-name="Head 3"><help:switch select="System"><help:case select ="MAC">(옵션)</help:case><help:default>(Alt)</help:default></help:switch>(커서 이동 키)</text:p>
  <text:p text:style-name="Paragraph">선택한 컨트롤을 해당 방향으로 한 픽셀 이동합니다.</text:p>
  <text:p text:style-name="Head 3"><help:switch select="System"><help:case select ="MAC">(명령)</help:case><help:default>(Ctrl)</help:default></help:switch>(Tab)</text:p>
  <text:p text:style-name="Paragraph">점 편집 모드에서는 다음 핸들로 이동합니다.</text:p>
  <text:p text:style-name="Head 3">(Shift)<help:switch select="System"><help:case select ="MAC">(명령)</help:case><help:default>(Ctrl)</help:default></help:switch>(Tab)</text:p>
  <text:p text:style-name="Paragraph">점 편집 모드에서는 이전 핸들로 이동합니다.</text:p>
  <text:p text:style-name="Head 3">(Esc)</text:p>
  <text:p text:style-name="Paragraph">현재 선택을 취소합니다.</text:p>
  <text:p text:style-name="Head 3"><help:switch select="System"><help:case select ="MAC">(명령)</help:case><help:default>(Ctrl)</help:default></help:switch>(커서 이동 키)</text:p>
  <text:p text:style-name="Paragraph">각 방향으로 이동합니다.</text:p>
  </help:to-be-embedded>
  <text:p text:style-name="ParaList"><help:embedded Id="65598" Eid="related"></help:embedded></text:p>
  <text:p text:style-name="ParaList"><help:embedded Id="66043" Eid="common_keys"></help:embedded></text:p>
  <text:p text:style-name="ParaList"><help:embedded Id="68612" Eid="keyboard"></help:embedded></text:p>
 </office:body>
</office:document>
