

<office:document  xmlns:office="http://openoffice.org/2000/office" xmlns:style="http://openoffice.org/2000/style" xmlns:text="http://openoffice.org/2000/text" xmlns:table="http://openoffice.org/2000/table" xmlns:draw="http://openoffice.org/2000/drawing" xmlns:fo="http://www.w3.org/1999/XSL/Format" xmlns:xlink="http://www.w3.org/1999/xlink" xmlns:number="http://openoffice.org/2000/datastyle" xmlns:svg="http://www.w3.org/2000/svg" xmlns:chart="http://openoffice.org/2000/chart" xmlns:dr3d="http://openoffice.org/2000/dr3d" xmlns:math="http://www.w3.org/1998/Math/MathML" xmlns:form="http://openoffice.org/2000/form" xmlns:script="http://openoffice.org/2000/script" office:class="text" office:version="1.0" xmlns:dc="http://purl.org/dc/elements/1.1/" xmlns:meta="http://openoffice.org/2000/meta" xmlns:help="http://openoffice.org/2000/help">
<office:meta>
  <dc:description>text/common/00/00000001</dc:description>
  <dc:subject>常用的按鈕</dc:subject>
  <meta:keywords>
   <meta:keyword>$Version</meta:keyword>
  </meta:keywords>
  <dc:language>zh-TW</dc:language>
  <meta:user-defined meta:name="Info 0">READY</meta:user-defined>
  <meta:user-defined meta:name="Info 1">FREE_OK</meta:user-defined>
  <meta:user-defined meta:name="Info 2">NOINDEX</meta:user-defined>
  <meta:user-defined meta:name="Info 3"/>
</office:meta>
 <office:script/>
 <office:font-decls>
  <style:font-decl style:name="StarSymbol" fo:font-family="StarSymbol" style:font-charset="x-symbol"/>
  <style:font-decl style:name="Courier New" fo:font-family="&apos;Courier New&apos;" style:font-style-name="Standard" style:font-family-generic="modern" style:font-pitch="fixed"/>
  <style:font-decl style:name="Courier" fo:font-family="Courier" style:font-family-generic="roman" style:font-pitch="fixed"/>
  <style:font-decl style:name="Andale WT UI3" fo:font-family="&apos;Andale WT UI&apos;" style:font-pitch="variable"/>
  <style:font-decl style:name="Arial Unicode MS" fo:font-family="&apos;Arial Unicode MS&apos;" style:font-pitch="variable"/>
  <style:font-decl style:name="HG Mincho Light J" fo:font-family="&apos;HG Mincho Light J&apos;" style:font-pitch="variable"/>
  <style:font-decl style:name="Andale WT UI" fo:font-family="&apos;Andale WT UI&apos;" style:font-style-name="Fett" style:font-family-generic="roman" style:font-pitch="variable"/>
  <style:font-decl style:name="Andale WT UI1" fo:font-family="&apos;Andale WT UI&apos;" style:font-style-name="Standard" style:font-family-generic="roman" style:font-pitch="variable"/>
  <style:font-decl style:name="Thorndale" fo:font-family="Thorndale" style:font-family-generic="roman" style:font-pitch="variable"/>
  <style:font-decl style:name="Times New Roman" fo:font-family="&apos;Times New Roman&apos;" style:font-style-name="Fett" style:font-family-generic="roman" style:font-pitch="variable"/>
  <style:font-decl style:name="Andale WT UI2" fo:font-family="&apos;Andale WT UI&apos;" style:font-family-generic="swiss" style:font-pitch="variable"/>
 </office:font-decls>
 <office:automatic-styles>
  <style:style style:name="Tabelle5" style:family="table">
   <style:properties style:width="18cm" table:align="margins"/>
  </style:style>
  <style:style style:name="Tabelle5.A" style:family="table-column">
   <style:properties style:column-width="1.499cm" style:rel-column-width="5460*"/>
  </style:style>
  <style:style style:name="Tabelle5.B" style:family="table-column">
   <style:properties style:column-width="16.501cm" style:rel-column-width="60075*"/>
  </style:style>
  <style:style style:name="Tabelle5.1" style:family="table-row">
   <style:properties style:min-row-height="0.848cm"/>
  </style:style>
  <style:style style:name="Tabelle5.A1" style:family="table-cell">
   <style:properties fo:padding="0cm" fo:border="none"/>
  </style:style>
  <style:style style:name="Tabelle1" style:family="table">
   <style:properties style:width="18cm" table:align="margins"/>
  </style:style>
  <style:style style:name="Tabelle1.A" style:family="table-column">
   <style:properties style:column-width="1.499cm" style:rel-column-width="5460*"/>
  </style:style>
  <style:style style:name="Tabelle1.B" style:family="table-column">
   <style:properties style:column-width="16.501cm" style:rel-column-width="60075*"/>
  </style:style>
  <style:style style:name="Tabelle1.1" style:family="table-row">
   <style:properties style:min-row-height="0.848cm"/>
  </style:style>
  <style:style style:name="Tabelle1.A1" style:family="table-cell">
   <style:properties fo:padding="0cm" fo:border="none"/>
  </style:style>
  <style:style style:name="Tabelle2" style:family="table">
   <style:properties style:width="18cm" table:align="margins"/>
  </style:style>
  <style:style style:name="Tabelle2.A" style:family="table-column">
   <style:properties style:column-width="1.499cm" style:rel-column-width="5460*"/>
  </style:style>
  <style:style style:name="Tabelle2.B" style:family="table-column">
   <style:properties style:column-width="16.501cm" style:rel-column-width="60075*"/>
  </style:style>
  <style:style style:name="Tabelle2.1" style:family="table-row">
   <style:properties style:min-row-height="0.848cm"/>
  </style:style>
  <style:style style:name="Tabelle2.A1" style:family="table-cell">
   <style:properties fo:padding="0cm" fo:border="none"/>
  </style:style>
  <style:style style:name="P1" style:family="paragraph" style:parent-style-name="Paragraph" style:master-page-name="HTML">
   <style:properties style:page-number="0"/>
  </style:style>
  <style:style style:name="T1" style:family="text">
   <style:properties fo:font-weight="bold"/>
  </style:style>
  <style:style style:name="fr1" style:family="graphics" style:parent-style-name="Graphics">
   <style:properties fo:margin-left="0.201cm" fo:margin-right="0.201cm" fo:margin-top="0.201cm" fo:margin-bottom="0.201cm" style:wrap="run-through" style:vertical-pos="top" style:vertical-rel="paragraph" style:horizontal-pos="left" style:horizontal-rel="paragraph" style:mirror="none" fo:clip="rect(0cm 0cm 0cm 0cm)" draw:luminance="0%" draw:contrast="0%" draw:red="0%" draw:green="0%" draw:blue="0%" draw:gamma="1" draw:color-inversion="false" draw:transparency="-100%" draw:color-mode="standard"/>
  </style:style>
  <style:style style:name="fr2" style:family="graphics" style:parent-style-name="Graphics">
   <style:properties fo:margin-left="0cm" fo:margin-right="0cm" fo:margin-top="0cm" fo:margin-bottom="0cm" style:run-through="foreground" style:wrap="run-through" style:vertical-pos="top" style:vertical-rel="paragraph" style:horizontal-pos="left" style:horizontal-rel="paragraph" style:mirror="none" fo:clip="rect(0cm 0cm 0cm 0cm)" draw:luminance="0%" draw:contrast="0%" draw:red="0%" draw:green="0%" draw:blue="0%" draw:gamma="1" draw:color-inversion="false" draw:transparency="-100%" draw:color-mode="standard"/>
  </style:style>
 </office:automatic-styles>
 <office:body>
  <text:variable-decls>
   <text:variable-decl text:value-type="string" text:name="HTML_ON"/>
   <text:variable-decl text:value-type="string" text:name="HTML_OFF"/>
   <text:variable-decl text:value-type="string" text:name="TITEL"/>
   <text:variable-decl text:value-type="string" text:name="END"/>
   <text:variable-decl text:value-type="string" text:name="OS2"/>
   <text:variable-decl text:value-type="string" text:name="ELSE"/>
   <text:variable-decl text:value-type="string" text:name="NAME"/>
   <text:variable-decl text:value-type="string" text:name="MAC"/>
   <text:variable-decl text:value-type="string" text:name="HFELD"/>
   <text:variable-decl text:value-type="string" text:name="WIN"/>
   <text:variable-decl text:value-type="string" text:name="MODIFY"/>
   <text:variable-decl text:value-type="string" text:name="REFNR"/>
   <text:variable-decl text:value-type="string" text:name="KEY"/>
   <text:variable-decl text:value-type="string" text:name="HREF"/>
   <text:variable-decl text:value-type="string" text:name="HelpID"/>
   <text:variable-decl text:value-type="string" text:name="AKTHLP"/>
   <text:variable-decl text:value-type="string" text:name="STYLE"/>
  </text:variable-decls>
  <text:sequence-decls>
   <text:sequence-decl text:display-outline-level="0" text:name="Illustration"/>
   <text:sequence-decl text:display-outline-level="0" text:name="Table"/>
   <text:sequence-decl text:display-outline-level="0" text:name="Text"/>
   <text:sequence-decl text:display-outline-level="0" text:name="Drawing"/>
  </text:sequence-decls>
  <text:p text:style-name="P1"/>
  <text:p text:style-name="Head 1">常用的按鈕</text:p>
  <help:to-be-embedded Eid="abbrechen">
  <text:p text:style-name="Head 2">取消</text:p>
  <text:p text:style-name="Paragraph"><help:help-text value="visible">按一下<text:span text:style-name="T1">[取消]</text:span>關閉對話方塊，不儲存所做的任何變更。</help:help-text></text:p>
  </help:to-be-embedded>
  <help:to-be-embedded Eid="abreissleiste"><help:to-popup Eid="abreissleiste">
  <text:p text:style-name="Head 2">快取列</text:p>
  <text:p text:style-name="Paragraph">有數個圖示，只要按一下，就可以開啟對應的浮動工具列。這些浮動工具列是功能表視窗，其中包含多個指令可供選擇。若要移動浮動工具列，請在該工具列的標題列上按一下並按住滑鼠按鈕，將標題列拖出<text:span text:style-name="T1">[物件列]</text:span>。一旦釋放滑鼠按鈕，該浮動工具列就會停留在新的位置。然後，您可以在標題列上按一下，將工具列拖到其他位置，或者按一下關閉視窗圖示，關閉工具列。</text:p>
  </help:to-popup></help:to-be-embedded>
  <help:to-popup Eid="drehfeld"><help:to-be-embedded Eid="drehfeld">
  <text:p text:style-name="Paragraph">您可以在微調方塊中鍵入數值，或透過向上箭頭按鈕或向下箭頭按鈕來選取數值。可以使用鍵盤上的向上鍵或向下鍵增大或減小微調方塊中的數值。可以使用 PAGE UP 鍵和 PAGE DOWN 鍵設定微調方塊的最大值和最小值。</text:p>
  <text:p text:style-name="Paragraph">如果關係到數字值的調節方塊，那麼您可以一並指定一個<help:popup Id="65602" Eid="metrik">定量單位</help:popup>，也就是例如，1 厘米或 5 毫米或 12 pt 或 2&quot; (即 2 英吋)。</text:p>
  </help:to-be-embedded></help:to-popup>
  <help:to-be-embedded Eid="import">
  <text:p text:style-name="Head 2">轉換</text:p>
  <text:p text:style-name="Paragraph"><help:help-text value="visible">如果要前進，請按一下對話方塊中的<text:span text:style-name="T1">[繼續]</text:span>按鈕。在對話方塊的最後一頁上，此按鈕名為<text:span text:style-name="T1">[轉換]</text:span>。按一下此按鈕即可執行轉換。</help:help-text></text:p>
  </help:to-be-embedded>
  <help:to-popup Eid="kontextmenue"><help:to-be-embedded Eid="kontextmenue">
  <text:p text:style-name="Head 2">快顯功能表</text:p>
  <text:p text:style-name="Paragraph"><help:to-be-embedded Eid="context">若要啟動物件的上下文功能表，請先在物件上按一下滑鼠<help:switch select="System"><help:case select ="MAC"></help:case><help:default>左鍵</help:default></help:switch>以選取該物件，然後<help:switch select="System"><help:case select ="MAC">按住 CTRL 鍵或 COMMOND+OPTION 組合鍵，並再次按一下滑鼠按鈕</help:case><help:default>按一下滑鼠右鍵</help:default></help:switch>。即使未選取物件，也可以呼叫某些上下文功能表。在 <help:productname>%PRODUCTNAME</help:productname> 中，幾乎隨處都可找到上下文功能表。</help:to-be-embedded></text:p>
  </help:to-be-embedded></help:to-popup>
  <help:to-be-embedded Eid="loeschen">
  <text:p text:style-name="Head 2">刪除</text:p>
  <text:p text:style-name="Paragraph"><help:help-text value="visible">會在確認覆寫後刪除所選取的一個或多個項目。</help:help-text></text:p>
  </help:to-be-embedded>
  <help:to-be-embedded Eid="loeschen1">
  <text:p text:style-name="Head 2">刪除</text:p>
  <text:p text:style-name="Paragraph"><help:help-text value="visible">刪除選取的元素或不需要確認的元素。</help:help-text></text:p>
  </help:to-be-embedded>
  <help:to-be-embedded Eid="metrik"><help:to-popup Eid="metrik">
  <text:p text:style-name="Head 2">公制</text:p>
  <text:p text:style-name="Paragraph">您可以在輸入欄位中輸入不同定量單位的值。標準定量單位是英吋。但是，如果需要確切的 1 cm 間隔，請輸入「1cm」。可依上下文使用其他單位，例如，間隔為 12 點，則輸入 12 pt。如果新定量單位的值不切合實際，程式會使用預先定義的最大值或最小值。</text:p>
  </help:to-popup></help:to-be-embedded>
  <help:to-be-embedded Eid="schliessen">
  <text:p text:style-name="Head 2">關閉</text:p>
  <text:p text:style-name="Paragraph"><help:help-text value="visible">這個按鈕會關閉對話方塊，並套用在對話方塊中所做的變更。</help:help-text></text:p>
  </help:to-be-embedded>
  <help:to-be-embedded Eid="schliessen2">
  <text:p text:style-name="Head 2">關閉</text:p>
  <text:p text:style-name="Paragraph"><help:help-text value="visible">您可以利用這個按鈕關閉對話方塊。</help:help-text></text:p>
  </help:to-be-embedded>
  <help:to-be-embedded Eid="uebernehmen">
  <text:p text:style-name="Head 2">套用</text:p>
  <text:p text:style-name="Paragraph"><help:help-text value="visible">會套用所變更或所選取的數值，但不會關閉對話方塊。</help:help-text></text:p>
  </help:to-be-embedded>
  <help:to-popup Eid="eingabesymbol"><help:to-be-embedded Eid="eingabesymbol">
  <text:p text:style-name="Head 2">縮小/放大</text:p>
  <text:p text:style-name="Paragraph"><help:help-text value="visible">按一下<text:span text:style-name="T1">收縮</text:span>圖示，使對話方塊縮小至輸入欄位的大小。這樣可以更方便地在工作表中標記所需的參照。而圖示自動轉換成<text:span text:style-name="T1">放大</text:span>圖示。按一下此圖示，對話方塊將復原到原來的大小。</help:help-text></text:p>
  <text:p text:style-name="Paragraph">當您在表格中按下滑鼠鍵並拖曳出一個區域時，對話方塊便自動縮小。一旦您放開滑鼠鍵，對話方塊就會再度以最大畫面顯示，而您以滑鼠定義出的區域參照會在文件中透過藍色邊框突顯出來。</text:p>
  <table:table table:name="Tabelle5" table:style-name="Tabelle5">
   <table:table-column table:style-name="Tabelle5.A"/>
   <table:table-column table:style-name="Tabelle5.B"/>
   <table:table-header-rows>
    <table:table-row table:style-name="Tabelle5.1">
     <table:table-cell table:style-name="Tabelle5.A1" table:value-type="string">
      <text:p text:style-name="Paragraph"><draw:image draw:name="圖示0" svg:desc="圖示" svg:pixelx="25" svg:pixely="20" svg:width="0.661cm" svg:height="0.529cm" xlink:href="65739" draw:filter-name=""/></text:p>

     </table:table-cell>
     <table:table-cell table:style-name="Tabelle5.A1" table:value-type="string">
      <text:p text:style-name="Paragraph">縮小</text:p>
     </table:table-cell>
    </table:table-row>
   </table:table-header-rows>
   <table:table-row table:style-name="Tabelle5.1">
    <table:table-cell table:style-name="Tabelle5.A1" table:value-type="string">
     <text:p text:style-name="Paragraph"><draw:image draw:name="圖示1" svg:desc="圖示" svg:pixelx="26" svg:pixely="20" svg:width="0.688cm" svg:height="0.529cm" xlink:href="65738" draw:filter-name=""/></text:p>

    </table:table-cell>
    <table:table-cell table:style-name="Tabelle5.A1" table:value-type="string">
     <text:p text:style-name="Paragraph">放大</text:p>
    </table:table-cell>
   </table:table-row>
  </table:table>
  </help:to-be-embedded></help:to-popup>
  <help:to-be-embedded Eid="vorschau">
  <text:p text:style-name="Head 2">預覽欄位</text:p>
  <text:p text:style-name="Paragraph"><help:help-text value="visible">顯示目前選擇內容的預覽。</help:help-text></text:p>
  </help:to-be-embedded>
  <help:to-be-embedded Eid="weiterautopi">
  <text:p text:style-name="Head 2">繼續</text:p>
  <text:p text:style-name="Paragraph"><help:help-text value="visible">按一下<text:span text:style-name="T1">[繼續]</text:span>按鈕，自動檔案助理就會使用對話方塊的目前設定，並繼續進行下一步。如果您是在最後一步，則此按鈕會變為<text:span text:style-name="T1">[完成]</text:span>。</help:help-text></text:p>
  </help:to-be-embedded>
  <help:to-be-embedded Eid="zurueck">
  <text:p text:style-name="Head 2"><help:help-id value="OFFMGR_PUSHBUTTON_RID_OFADLG_OPTIONS_TREE_PB_BACK"/><help:help-id value="OFFMGR_PUSHBUTTON_RID_OFADLG_OPTIONS_TREE_PB_BACK"/>返回</text:p>
  <text:p text:style-name="Paragraph"><help:help-text value="visible">將以變更的數值重設為標準值。即開啟 <help:productname>%PRODUCTNAME</help:productname> 時所使用的標準值。</help:help-text></text:p>
  </help:to-be-embedded>
  <help:to-be-embedded Eid="zurueck2">
  <text:p text:style-name="Head 2"><help:help-id value="HID_TABDLG_RESET_BTN"/>返回</text:p>
  <text:p text:style-name="Paragraph"><help:help-text value="visible">會將目前選項標籤中所做的變更重設為開啟此選項標籤時的設定。在重設之前不會要求您確認。</help:help-text></text:p>
  </help:to-be-embedded>
  <help:to-be-embedded Eid="zuruecksetzen">
  <text:p text:style-name="Head 2">重設</text:p>
  <text:p text:style-name="Paragraph"><help:help-text value="visible">會將以變更的數值重設為標準值。</help:help-text></text:p>
  <table:table table:name="Tabelle1" table:style-name="Tabelle1">
   <table:table-column table:style-name="Tabelle1.A"/>
   <table:table-column table:style-name="Tabelle1.B"/>
   <table:table-header-rows>
    <table:table-row table:style-name="Tabelle1.1">
     <table:table-cell table:style-name="Tabelle1.A1" table:value-type="string">
      <text:p text:style-name="Paragraph"><draw:image draw:name="圖示2" svg:desc="警告圖示" svg:pixelx="32" svg:pixely="32" svg:width="0.847cm" svg:height="0.847cm" xlink:href="65640" draw:filter-name=""/></text:p>

     </table:table-cell>
     <table:table-cell table:style-name="Tabelle1.A1" table:value-type="string">
      <text:p text:style-name="Paragraph">在重設為標準值之前，不會出現確認覆寫。如果您接著確認此對話方塊，則所做的變更便會遺失，且無法再恢復。</text:p>
     </table:table-cell>
    </table:table-row>
   </table:table-header-rows>
  </table:table>
  </help:to-be-embedded>
  <help:to-be-embedded Eid="standard">
  <text:p text:style-name="Head 2"><help:help-id value="HID_TABDLG_STANDARD_BTN"/>標準</text:p>
  <text:p text:style-name="Paragraph"><help:help-text value="visible">將此對話方塊中顯示的值重設為標準安裝值。</help:help-text></text:p>
  <table:table table:name="Tabelle2" table:style-name="Tabelle2">
   <table:table-column table:style-name="Tabelle2.A"/>
   <table:table-column table:style-name="Tabelle2.B"/>
   <table:table-header-rows>
    <table:table-row table:style-name="Tabelle2.1">
     <table:table-cell table:style-name="Tabelle2.A1" table:value-type="string">
      <text:p text:style-name="Paragraph"><draw:image draw:name="圖示3" svg:desc="警告圖示" svg:pixelx="32" svg:pixely="32" svg:width="0.847cm" svg:height="0.847cm" xlink:href="65640" draw:filter-name=""/></text:p>

     </table:table-cell>
     <table:table-cell table:style-name="Tabelle2.A1" table:value-type="string">
      <text:p text:style-name="Paragraph">重新載入這些標準值之前，不會顯示確認訊息。</text:p>
     </table:table-cell>
    </table:table-row>
   </table:table-header-rows>
  </table:table>
  </help:to-be-embedded>
  <help:to-be-embedded Eid="zurueckautopi">
  <text:p text:style-name="Head 2">返回</text:p>
  <text:p text:style-name="Paragraph"><help:help-text value="visible">您可以在此對話方塊中回頭檢視之前所執行操作步驟中的選取。目前的設定則維持不變。</help:help-text>您只要進入第二個編輯步驟就能選取這個按鈕了。</text:p>
  </help:to-be-embedded>
  <help:to-be-embedded Eid="zusaetze">
  <text:p text:style-name="Head 2">其他</text:p>
  <text:p text:style-name="Paragraph"><help:help-text value="visible">按一下這個按鈕可延伸到對話方塊的其他選項。再按一下可重新產生對話方塊的原始檢視。</help:help-text></text:p>
  </help:to-be-embedded>
  <text:p text:style-name="Paragraph"><help:to-be-embedded Eid="siehe">您也可以看到下列功能：</help:to-be-embedded></text:p>
  <text:p text:style-name="Paragraph"><help:to-be-embedded Eid="add">只有在安裝了分析 AddIn 時，才可使用此功能。</help:to-be-embedded></text:p>
  <text:p text:style-name="Paragraph"><help:to-be-embedded Eid="regulaer">搜尋支援<help:link Id="65852" Eid="platzhalter">常規表示式</help:link>。輸入文字後，如果要搜尋以「all」開頭的字元首次出現的位置，則可輸入「all.*」。</help:to-be-embedded></text:p>
  <text:p text:style-name="Paragraph"><help:to-be-embedded Eid="wahr">如果出現錯誤，此功能會傳回一個邏輯值或數值。</help:to-be-embedded></text:p>
  <text:p text:style-name="Paragraph"><help:to-be-embedded Eid="kontext">(您只能透過<help:popup Id="65619" Eid="kontextmenueg">快顯功能表</help:popup>取得這個指令)。</help:to-be-embedded></text:p>
  <text:p text:style-name="Paragraph"><help:to-be-embedded Eid="wiederholen">透過按兩下某個工具，可將其用於多項工作。如果透過按一下來呼叫該工具，則完成工作後將返回到上一次選擇。</help:to-be-embedded></text:p>
 </office:body>
</office:document>
