<?xml version="1.0" encoding="UTF-8"?>

<office:document  xmlns:office="http://openoffice.org/2000/office" xmlns:style="http://openoffice.org/2000/style" xmlns:text="http://openoffice.org/2000/text" xmlns:table="http://openoffice.org/2000/table" xmlns:draw="http://openoffice.org/2000/drawing" xmlns:fo="http://www.w3.org/1999/XSL/Format" xmlns:xlink="http://www.w3.org/1999/xlink" xmlns:number="http://openoffice.org/2000/datastyle" xmlns:svg="http://www.w3.org/2000/svg" xmlns:chart="http://openoffice.org/2000/chart" xmlns:dr3d="http://openoffice.org/2000/dr3d" xmlns:math="http://www.w3.org/1998/Math/MathML" xmlns:form="http://openoffice.org/2000/form" xmlns:script="http://openoffice.org/2000/script" office:class="text" office:version="1.0" xmlns:dc="http://purl.org/dc/elements/1.1/" xmlns:meta="http://openoffice.org/2000/meta" xmlns:help="http://openoffice.org/2000/help">
<office:meta>
  <dc:description>text/common/00/00000204</dc:description>
  <dc:subject>BMP 選項</dc:subject>
  <meta:keywords>
   <meta:keyword>$Version</meta:keyword>
  </meta:keywords>
  <dc:language>zh-TW</dc:language>
  <meta:user-defined meta:name="Info 0">READY</meta:user-defined>
  <meta:user-defined meta:name="Info 1">FREE_OK</meta:user-defined>
  <meta:user-defined meta:name="Info 2"/>
  <meta:user-defined meta:name="Info 3"/>
</office:meta>
 <office:script/>
 <office:font-decls>
  <style:font-decl style:name="StarSymbol" fo:font-family="StarSymbol" style:font-charset="x-symbol"/>
  <style:font-decl style:name="Courier New" fo:font-family="&apos;Courier New&apos;" style:font-style-name="Standard" style:font-family-generic="modern" style:font-pitch="fixed"/>
  <style:font-decl style:name="Courier" fo:font-family="Courier" style:font-family-generic="roman" style:font-pitch="fixed"/>
  <style:font-decl style:name="Andale WT UI3" fo:font-family="&apos;Andale WT UI&apos;" style:font-pitch="variable"/>
  <style:font-decl style:name="Arial Unicode MS" fo:font-family="&apos;Arial Unicode MS&apos;" style:font-pitch="variable"/>
  <style:font-decl style:name="HG Mincho Light J" fo:font-family="&apos;HG Mincho Light J&apos;" style:font-pitch="variable"/>
  <style:font-decl style:name="Andale WT UI" fo:font-family="&apos;Andale WT UI&apos;" style:font-style-name="Fett" style:font-family-generic="roman" style:font-pitch="variable"/>
  <style:font-decl style:name="Andale WT UI1" fo:font-family="&apos;Andale WT UI&apos;" style:font-style-name="Standard" style:font-family-generic="roman" style:font-pitch="variable"/>
  <style:font-decl style:name="Thorndale" fo:font-family="Thorndale" style:font-family-generic="roman" style:font-pitch="variable"/>
  <style:font-decl style:name="Times New Roman" fo:font-family="&apos;Times New Roman&apos;" style:font-style-name="Fett" style:font-family-generic="roman" style:font-pitch="variable"/>
  <style:font-decl style:name="Andale WT UI2" fo:font-family="&apos;Andale WT UI&apos;" style:font-family-generic="swiss" style:font-pitch="variable"/>
 </office:font-decls>
 <office:automatic-styles>
  <style:style style:name="P1" style:family="paragraph" style:parent-style-name="Paragraph" style:master-page-name="HTML">
   <style:properties style:page-number="0"/>
  </style:style>
  <style:style style:name="P2" style:family="paragraph" style:parent-style-name="Paragraph">
   <style:properties fo:font-weight="bold"/>
  </style:style>
  <style:style style:name="T1" style:family="text">
   <style:properties fo:font-weight="bold"/>
  </style:style>
 </office:automatic-styles>
 <office:body>
  <text:variable-decls>
   <text:variable-decl text:value-type="string" text:name="HTML_ON"/>
   <text:variable-decl text:value-type="string" text:name="HTML_OFF"/>
   <text:variable-decl text:value-type="string" text:name="TITEL"/>
   <text:variable-decl text:value-type="string" text:name="END"/>
   <text:variable-decl text:value-type="string" text:name="OS2"/>
   <text:variable-decl text:value-type="string" text:name="ELSE"/>
   <text:variable-decl text:value-type="string" text:name="HREF"/>
   <text:variable-decl text:value-type="string" text:name="MAC"/>
   <text:variable-decl text:value-type="string" text:name="NAME"/>
   <text:variable-decl text:value-type="string" text:name="HelpID"/>
   <text:variable-decl text:value-type="string" text:name="MODIFY"/>
   <text:variable-decl text:value-type="string" text:name="REFNR"/>
   <text:variable-decl text:value-type="string" text:name="AKTHLP"/>
   <text:variable-decl text:value-type="string" text:name="AKHLP"/>
   <text:variable-decl text:value-type="string" text:name="STYLE"/>
  </text:variable-decls>
  <text:sequence-decls>
   <text:sequence-decl text:display-outline-level="0" text:name="Illustration"/>
   <text:sequence-decl text:display-outline-level="0" text:name="Table"/>
   <text:sequence-decl text:display-outline-level="0" text:name="Text"/>
   <text:sequence-decl text:display-outline-level="0" text:name="Drawing"/>
  </text:sequence-decls>
  <text:p text:style-name="P1"/>
  <text:p text:style-name="Head 1"><text:variable-set text:name="HelpID" text:value-type="string">&lt;help:help-id value=&quot;SVTOOLS_MODALDIALOG_DLG_EXPORT_PIX&quot;/&gt;</text:variable-set>BMP 選項</text:p>
  <text:p text:style-name="Paragraph"><text:variable-set text:name="AKTHLP" text:value-type="string">&lt;help:help-text value=&quot;visible&quot;&gt;</text:variable-set>定義使用 BMP 格式的檔案之匯入/匯出設定。<text:variable-set text:name="AKTHLP" text:value-type="string">&lt;/help:help-text&gt;</text:variable-set></text:p>
  <text:p text:style-name="Paragraph"><text:variable-set text:name="STYLE" text:value-type="string">&lt;EMPTY&gt;</text:variable-set><text:variable-set text:name="HREF" text:value-type="string">&lt;help:embedded Id=&quot;65611&quot; Eid=&quot;bmpexport&quot;&gt;</text:variable-set><text:variable-set text:name="HREF" text:value-type="string">&lt;help:embedded Id=&quot;65598&quot; Eid=&quot;wie&quot;&gt;</text:variable-set><text:variable-set text:name="END" text:value-type="string">&lt;/help:embedded&gt;</text:variable-set><text:variable-set text:name="END" text:value-type="string">&lt;/help:embedded&gt;</text:variable-set></text:p>
  <text:p text:style-name="Head 2">顏色解析度</text:p>
  <text:p text:style-name="Paragraph">指定 BMP 檔案要匯出的色彩解析度。</text:p>
  <text:p text:style-name="Paragraph">在 %{productname}% Draw 中載入的 BMP 圖形之上下文功能表中，也包含<text:span text:style-name="T1">[彩色解析度]</text:span>指令。</text:p>
  <text:p text:style-name="Head 3"><text:variable-set text:name="HelpID" text:value-type="string">&lt;help:help-id value=&quot;SVTOOLS_LISTBOX_DLG_EXPORT_PIX_LB_COLORS&quot;/&gt;</text:variable-set>顏色解析度</text:p>
  <text:p text:style-name="Paragraph"><text:variable-set text:name="AKTHLP" text:value-type="string">&lt;help:help-text value=&quot;visible&quot;&gt;</text:variable-set>您將在<text:span text:style-name="T1">[彩色解析度]</text:span>清單中找到以下色彩解析度變體：<text:variable-set text:name="AKTHLP" text:value-type="string">&lt;/help:help-text&gt;</text:variable-set></text:p>
  <text:p text:style-name="P2">原來的</text:p>
  <text:p text:style-name="Paragraph"><text:variable-set text:name="AKTHLP" text:value-type="string">&lt;help:help-text value=&quot;visible&quot;&gt;</text:variable-set>保留原來的顏色解析度。<text:variable-set text:name="AKTHLP" text:value-type="string">&lt;/help:help-text&gt;</text:variable-set></text:p>
  <text:p text:style-name="Paragraph"><text:variable-set text:name="HelpID" text:value-type="string">&lt;help:help-id value=&quot;SID_CONVERT_TO_1BIT_THRESHOLD&quot;/&gt;</text:variable-set><text:span text:style-name="T1">1 位元臨界值</text:span></text:p>
  <text:p text:style-name="Paragraph">將物件轉換成黑色和白色。所有低於中間值的亮度級變為黑色，而所有高於中間值的亮度級變為白色。<text:variable-set text:name="AKHLP" text:value-type="string">AVIS</text:variable-set><text:variable-set text:name="AKHLP" text:value-type="string">AEND</text:variable-set></text:p>
  <text:p text:style-name="Paragraph"><text:variable-set text:name="HelpID" text:value-type="string">&lt;help:help-id value=&quot;SID_CONVERT_TO_1BIT_MATRIX&quot;/&gt;</text:variable-set><text:span text:style-name="T1">1 位元遞色</text:span></text:p>
  <text:p text:style-name="Paragraph">可將物件轉換成黑點和白點的網格。<text:variable-set text:name="AKHLP" text:value-type="string">AVIS</text:variable-set><text:variable-set text:name="AKHLP" text:value-type="string">AEND</text:variable-set></text:p>
  <text:p text:style-name="Paragraph"><text:variable-set text:name="HelpID" text:value-type="string">&lt;help:help-id value=&quot;SID_CONVERT_TO_4BIT_GRAYS&quot;/&gt;</text:variable-set><text:span text:style-name="T1">4 位元灰階</text:span></text:p>
  <text:p text:style-name="Paragraph">依據原來的亮度將物件轉換成 16 色灰階調色板。<text:variable-set text:name="AKHLP" text:value-type="string">AVIS</text:variable-set><text:variable-set text:name="AKHLP" text:value-type="string">AEND</text:variable-set></text:p>
  <text:p text:style-name="Paragraph"><text:variable-set text:name="HelpID" text:value-type="string">&lt;help:help-id value=&quot;SID_CONVERT_TO_4BIT_COLORS&quot;/&gt;</text:variable-set><text:span text:style-name="T1">4 位元調色板</text:span></text:p>
  <text:p text:style-name="Paragraph">可將物件轉換成盡可能接近原來顏色的 16 種顏色的調色板。<text:variable-set text:name="AKHLP" text:value-type="string">AVIS</text:variable-set><text:variable-set text:name="AKHLP" text:value-type="string">AEND</text:variable-set></text:p>
  <text:p text:style-name="Paragraph"><text:variable-set text:name="HelpID" text:value-type="string">&lt;help:help-id value=&quot;SID_CONVERT_TO_8BIT_GRAYS&quot;/&gt;</text:variable-set><text:span text:style-name="T1">8 位元灰階</text:span></text:p>
  <text:p text:style-name="Paragraph">依據原來的亮度將物件轉換成 256 色灰階調色板。<text:variable-set text:name="AKHLP" text:value-type="string">AVIS</text:variable-set><text:variable-set text:name="AKHLP" text:value-type="string">AEND</text:variable-set></text:p>
  <text:p text:style-name="Paragraph"><text:variable-set text:name="HelpID" text:value-type="string">&lt;help:help-id value=&quot;SID_CONVERT_TO_8BIT_COLORS&quot;/&gt;</text:variable-set><text:span text:style-name="T1">8 位元調色板</text:span></text:p>
  <text:p text:style-name="Paragraph">可將物件轉換成盡可能接近原來顏色的 256 種顏色的調色板。<text:variable-set text:name="AKHLP" text:value-type="string">AVIS</text:variable-set><text:variable-set text:name="AKHLP" text:value-type="string">AEND</text:variable-set></text:p>
  <text:p text:style-name="Paragraph"><text:variable-set text:name="HelpID" text:value-type="string">&lt;help:help-id value=&quot;SID_CONVERT_TO_24BIT&quot;/&gt;</text:variable-set><text:span text:style-name="T1">24 位元全彩</text:span></text:p>
  <text:p text:style-name="Paragraph">可將物件轉換成大約 16,000,000 種顏色的調色板。<text:variable-set text:name="AKHLP" text:value-type="string">AVIS</text:variable-set><text:variable-set text:name="AKHLP" text:value-type="string">AEND</text:variable-set></text:p>
  <text:p text:style-name="Paragraph"><text:variable-set text:name="HelpID" text:value-type="string">&lt;help:help-id value=&quot;SVTOOLS_CHECKBOX_DLG_EXPORT_PIX_CBX_RLE&quot;/&gt;</text:variable-set>RLE 編碼</text:p>
  <text:p text:style-name="Paragraph"><text:variable-set text:name="AKTHLP" text:value-type="string">&lt;help:help-text value=&quot;visible&quot;&gt;</text:variable-set>對 BMP 圖形採用 RLE (執行長度編碼)。<text:variable-set text:name="AKTHLP" text:value-type="string">&lt;/help:help-text&gt;</text:variable-set></text:p>
  <text:p text:style-name="Head 2">模式</text:p>
  <text:p text:style-name="Paragraph">確定匯出模式的類型。</text:p>
  <text:p text:style-name="Head 3"><text:variable-set text:name="HelpID" text:value-type="string">&lt;help:help-id value=&quot;SVTOOLS_RADIOBUTTON_DLG_EXPORT_PIX_RB_ORIGINAL_PIX&quot;/&gt;</text:variable-set>原件</text:p>
  <text:p text:style-name="Paragraph"><text:variable-set text:name="AKTHLP" text:value-type="string">&lt;help:help-text value=&quot;visible&quot;&gt;</text:variable-set>如果您要保留原件模式，則按一下此處。<text:variable-set text:name="AKTHLP" text:value-type="string">&lt;/help:help-text&gt;</text:variable-set></text:p>
  <text:p text:style-name="Head 3"><text:variable-set text:name="HelpID" text:value-type="string">&lt;help:help-id value=&quot;SVTOOLS_RADIOBUTTON_DLG_EXPORT_PIX_RB_RES_PIX&quot;/&gt;</text:variable-set><text:variable-set text:name="HelpID" text:value-type="string">&lt;help:help-id value=&quot;SVTOOLS_COMBOBOX_DLG_EXPORT_PIX_CBB_RES_PIX&quot;/&gt;</text:variable-set>解析度</text:p>
  <text:p text:style-name="Paragraph"><text:variable-set text:name="AKTHLP" text:value-type="string">&lt;help:help-text value=&quot;visible&quot;&gt;</text:variable-set>允許您定義影像的解析度。從<text:span text:style-name="T1">[解析度]</text:span>清單方塊中選取所需的 DPI。<text:variable-set text:name="AKTHLP" text:value-type="string">&lt;/help:help-text&gt;</text:variable-set></text:p>
  <text:p text:style-name="Head 3"><text:variable-set text:name="HelpID" text:value-type="string">&lt;help:help-id value=&quot;SVTOOLS_RADIOBUTTON_DLG_EXPORT_PIX_RB_SIZE_PIX&quot;/&gt;</text:variable-set>大小</text:p>
  <text:p text:style-name="Paragraph"><text:variable-set text:name="AKTHLP" text:value-type="string">&lt;help:help-text value=&quot;visible&quot;&gt;</text:variable-set>如果要以特定大小儲存影像，則按一下此處。<text:variable-set text:name="AKTHLP" text:value-type="string">&lt;/help:help-text&gt;</text:variable-set></text:p>
  <text:p text:style-name="Head 3"><text:variable-set text:name="HelpID" text:value-type="string">&lt;help:help-id value=&quot;SVTOOLS_METRICFIELD_DLG_EXPORT_PIX_MTF_SIZEX_PIX&quot;/&gt;</text:variable-set>寬度</text:p>
  <text:p text:style-name="Paragraph"><text:variable-set text:name="AKTHLP" text:value-type="string">&lt;help:help-text value=&quot;visible&quot;&gt;</text:variable-set>指定影像的寬度。<text:variable-set text:name="AKTHLP" text:value-type="string">&lt;/help:help-text&gt;</text:variable-set></text:p>
  <text:p text:style-name="Head 3"><text:variable-set text:name="HelpID" text:value-type="string">&lt;help:help-id value=&quot;SVTOOLS_METRICFIELD_DLG_EXPORT_PIX_MTF_SIZEY_PIX&quot;/&gt;</text:variable-set>高度</text:p>
  <text:p text:style-name="Paragraph"><text:variable-set text:name="AKTHLP" text:value-type="string">&lt;help:help-text value=&quot;visible&quot;&gt;</text:variable-set>指定影像的高度。<text:variable-set text:name="AKTHLP" text:value-type="string">&lt;/help:help-text&gt;</text:variable-set></text:p>
  <text:p text:style-name="Paragraph">請參閱 <text:variable-set text:name="HREF" text:value-type="string">&lt;help:link Id=&quot;65614&quot;&gt;</text:variable-set>&lt;匯入和匯出篩選資訊&gt;<text:variable-set text:name="END" text:value-type="string">&lt;/help:link&gt;</text:variable-set>，以取得有關篩選的更多資訊。</text:p>
 </office:body>
</office:document>
