

<office:document  xmlns:office="http://openoffice.org/2000/office" xmlns:style="http://openoffice.org/2000/style" xmlns:text="http://openoffice.org/2000/text" xmlns:table="http://openoffice.org/2000/table" xmlns:draw="http://openoffice.org/2000/drawing" xmlns:fo="http://www.w3.org/1999/XSL/Format" xmlns:xlink="http://www.w3.org/1999/xlink" xmlns:number="http://openoffice.org/2000/datastyle" xmlns:svg="http://www.w3.org/2000/svg" xmlns:chart="http://openoffice.org/2000/chart" xmlns:dr3d="http://openoffice.org/2000/dr3d" xmlns:math="http://www.w3.org/1998/Math/MathML" xmlns:form="http://openoffice.org/2000/form" xmlns:script="http://openoffice.org/2000/script" office:class="text" office:version="1.0" xmlns:dc="http://purl.org/dc/elements/1.1/" xmlns:meta="http://openoffice.org/2000/meta" xmlns:help="http://openoffice.org/2000/help">
<office:meta>
  <dc:description>text/common/00/00000406</dc:description>
  <dc:subject>「工具」功能表</dc:subject>
  <meta:keywords>
   <meta:keyword>$Version</meta:keyword>
  </meta:keywords>
  <dc:language>zh-TW</dc:language>
  <meta:user-defined meta:name="Info 0">READY</meta:user-defined>
  <meta:user-defined meta:name="Info 1">FREE_OK</meta:user-defined>
  <meta:user-defined meta:name="Info 2">NOINDEX</meta:user-defined>
  <meta:user-defined meta:name="Info 3"/>
</office:meta>
 <office:script/>
 <office:font-decls>
  <style:font-decl style:name="StarSymbol" fo:font-family="StarSymbol" style:font-charset="x-symbol"/>
  <style:font-decl style:name="Courier New" fo:font-family="&apos;Courier New&apos;" style:font-style-name="Standard" style:font-family-generic="modern" style:font-pitch="fixed"/>
  <style:font-decl style:name="Courier" fo:font-family="Courier" style:font-family-generic="roman" style:font-pitch="fixed"/>
  <style:font-decl style:name="Andale WT UI3" fo:font-family="&apos;Andale WT UI&apos;" style:font-pitch="variable"/>
  <style:font-decl style:name="Arial Unicode MS" fo:font-family="&apos;Arial Unicode MS&apos;" style:font-pitch="variable"/>
  <style:font-decl style:name="HG Mincho Light J" fo:font-family="&apos;HG Mincho Light J&apos;" style:font-pitch="variable"/>
  <style:font-decl style:name="Andale WT UI" fo:font-family="&apos;Andale WT UI&apos;" style:font-style-name="Fett" style:font-family-generic="roman" style:font-pitch="variable"/>
  <style:font-decl style:name="Andale WT UI1" fo:font-family="&apos;Andale WT UI&apos;" style:font-style-name="Standard" style:font-family-generic="roman" style:font-pitch="variable"/>
  <style:font-decl style:name="Thorndale" fo:font-family="Thorndale" style:font-family-generic="roman" style:font-pitch="variable"/>
  <style:font-decl style:name="Times New Roman" fo:font-family="&apos;Times New Roman&apos;" style:font-style-name="Fett" style:font-family-generic="roman" style:font-pitch="variable"/>
  <style:font-decl style:name="Andale WT UI2" fo:font-family="&apos;Andale WT UI&apos;" style:font-family-generic="swiss" style:font-pitch="variable"/>
 </office:font-decls>
 <office:automatic-styles>
  <style:style style:name="Tabelle3" style:family="table">
   <style:properties style:width="18cm" table:align="margins"/>
  </style:style>
  <style:style style:name="Tabelle3.A" style:family="table-column">
   <style:properties style:column-width="1.005cm" style:rel-column-width="3660*"/>
  </style:style>
  <style:style style:name="Tabelle3.B" style:family="table-column">
   <style:properties style:column-width="16.995cm" style:rel-column-width="61875*"/>
  </style:style>
  <style:style style:name="Tabelle3.A1" style:family="table-cell">
   <style:properties fo:padding="0cm" fo:border="none"/>
  </style:style>
  <style:style style:name="Tabelle2" style:family="table">
   <style:properties style:width="18cm" table:align="margins"/>
  </style:style>
  <style:style style:name="Tabelle2.A" style:family="table-column">
   <style:properties style:column-width="1.501cm" style:rel-column-width="5465*"/>
  </style:style>
  <style:style style:name="Tabelle2.B" style:family="table-column">
   <style:properties style:column-width="16.499cm" style:rel-column-width="60070*"/>
  </style:style>
  <style:style style:name="Tabelle4" style:family="table">
   <style:properties style:width="18cm" table:align="margins"/>
  </style:style>
  <style:style style:name="Tabelle4.A" style:family="table-column">
   <style:properties style:column-width="1.501cm" style:rel-column-width="5465*"/>
  </style:style>
  <style:style style:name="Tabelle4.B" style:family="table-column">
   <style:properties style:column-width="16.499cm" style:rel-column-width="60070*"/>
  </style:style>
  <style:style style:name="Tabelle1" style:family="table">
   <style:properties style:width="17.995cm" fo:margin-left="0cm" fo:margin-right="0.005cm" table:align="margins"/>
  </style:style>
  <style:style style:name="Tabelle1.A" style:family="table-column">
   <style:properties style:column-width="1.501cm" style:rel-column-width="5466*"/>
  </style:style>
  <style:style style:name="Tabelle1.B" style:family="table-column">
   <style:properties style:column-width="16.494cm" style:rel-column-width="60069*"/>
  </style:style>
  <style:style style:name="Tabelle1.A1" style:family="table-cell">
   <style:properties fo:padding="0.049cm" fo:border="none"/>
  </style:style>
  <style:style style:name="P1" style:family="paragraph" style:parent-style-name="Paragraph" style:master-page-name="HTML">
   <style:properties style:page-number="0"/>
  </style:style>
  <style:style style:name="T1" style:family="text">
   <style:properties fo:font-weight="bold"/>
  </style:style>
  <style:style style:name="fr1" style:family="graphics" style:parent-style-name="Graphics">
   <style:properties style:run-through="foreground" style:wrap="run-through" style:horizontal-pos="left" style:horizontal-rel="paragraph" style:mirror="none" fo:clip="rect(0cm 0cm 0cm 0cm)" draw:luminance="0%" draw:contrast="0%" draw:red="0%" draw:green="0%" draw:blue="0%" draw:gamma="1" draw:color-inversion="false" draw:transparency="-100%" draw:color-mode="standard"/>
  </style:style>
  <style:style style:name="fr2" style:family="graphics" style:parent-style-name="Graphics">
   <style:properties style:run-through="foreground" style:wrap="run-through" style:vertical-pos="top" style:vertical-rel="paragraph" style:horizontal-pos="left" style:horizontal-rel="paragraph" style:mirror="none" fo:clip="rect(0cm 0cm 0cm 0cm)" draw:luminance="0%" draw:contrast="0%" draw:red="0%" draw:green="0%" draw:blue="0%" draw:gamma="1" draw:color-inversion="false" draw:transparency="-100%" draw:color-mode="standard"/>
  </style:style>
 </office:automatic-styles>
 <office:body>
  <text:variable-decls>
   <text:variable-decl text:value-type="string" text:name="HTML_ON"/>
   <text:variable-decl text:value-type="string" text:name="HTML_OFF"/>
   <text:variable-decl text:value-type="string" text:name="TITEL"/>
   <text:variable-decl text:value-type="string" text:name="END"/>
   <text:variable-decl text:value-type="string" text:name="OS2"/>
   <text:variable-decl text:value-type="string" text:name="ELSE"/>
   <text:variable-decl text:value-type="string" text:name="NAME"/>
   <text:variable-decl text:value-type="string" text:name="MAC"/>
   <text:variable-decl text:value-type="string" text:name="HREF"/>
   <text:variable-decl text:value-type="string" text:name="MODIFY"/>
   <text:variable-decl text:value-type="string" text:name="REFNR"/>
   <text:variable-decl text:value-type="string" text:name="HFELD"/>
   <text:variable-decl text:value-type="string" text:name="STYLE"/>
  </text:variable-decls>
  <text:sequence-decls>
   <text:sequence-decl text:display-outline-level="0" text:name="Illustration"/>
   <text:sequence-decl text:display-outline-level="0" text:name="Table"/>
   <text:sequence-decl text:display-outline-level="0" text:name="Text"/>
   <text:sequence-decl text:display-outline-level="0" text:name="Drawing"/>
  </text:sequence-decls>
  <text:p text:style-name="P1"/>
  <text:p text:style-name="Head 1">「工具」功能表</text:p>
  <help:to-popup Eid="gallery">
  <text:p text:style-name="Paragraph">選擇<text:span text:style-name="T1">[工具] - [畫廊]</text:span>，或在<text:span text:style-name="T1">[工具列]</text:span>上，按一下</text:p>
  <help:to-be-embedded Eid="sygallery">
  <table:table table:name="Tabelle3" table:style-name="Tabelle3">
   <table:table-column table:style-name="Tabelle3.A"/>
   <table:table-column table:style-name="Tabelle3.B"/>
   <table:table-header-rows>
    <table:table-row>
     <table:table-cell table:style-name="Tabelle3.A1" table:value-type="string">
      <text:p text:style-name="TextInTable"><draw:image draw:name="圖示0" svg:desc="圖示" svg:pixelx="25" svg:pixely="25" svg:width="0.661cm" svg:height="0.661cm" xlink:href="67320" draw:filter-name=""/></text:p>

     </table:table-cell>
     <table:table-cell table:style-name="Tabelle3.A1" table:value-type="string">
      <text:p text:style-name="TextInTable">畫廊</text:p>
     </table:table-cell>
    </table:table-row>
   </table:table-header-rows>
  </table:table>
  </help:to-be-embedded>
  </help:to-popup>
  <text:p text:style-name="Paragraph"><help:to-popup Eid="galleryregisterdateien">選擇<text:span text:style-name="T1">[工具] - [畫廊]</text:span>或按一下<text:span text:style-name="T1">[工具列]</text:span>上的<text:span text:style-name="T1">畫廊</text:span>圖示，然後依次按一下<text:span text:style-name="T1">[新主題]</text:span>按鈕和<text:span text:style-name="T1">[檔案]</text:span>標籤</help:to-popup></text:p>
  <help:to-popup Eid="rechtschreibung">
  <text:p text:style-name="Paragraph">只有在拼寫檢查發現錯誤時，才會顯示<text:span text:style-name="T1">[拼寫檢查]</text:span>對話方塊：</text:p>
  <text:p text:style-name="Paragraph">功能表<text:span text:style-name="T1">「工具」-「拼寫檢查」-「檢查...」</text:span></text:p>
  <text:p text:style-name="Paragraph">按鍵 (F7)</text:p>
  <text:p text:style-name="Paragraph">在<text:span text:style-name="T1">[主工具列]</text:span>上，按一下</text:p>
  <help:to-be-embedded Eid="syrechtschreibung">
  <table:table table:name="Tabelle2" table:style-name="Tabelle2">
   <table:table-column table:style-name="Tabelle2.A"/>
   <table:table-column table:style-name="Tabelle2.B"/>
   <table:table-header-rows>
    <table:table-row>
     <table:table-cell table:value-type="string">
      <text:p text:style-name="TextInTable"><draw:image draw:name="圖示1" svg:desc="圖示" svg:pixelx="25" svg:pixely="25" svg:width="0.661cm" svg:height="0.661cm" xlink:href="65746" draw:filter-name=""/></text:p>

     </table:table-cell>
     <table:table-cell table:value-type="string">
      <text:p text:style-name="TextInTable">拼寫檢查</text:p>
     </table:table-cell>
    </table:table-row>
   </table:table-header-rows>
  </table:table>
  </help:to-be-embedded></help:to-popup>
  <text:p text:style-name="Paragraph"><help:to-popup Eid="hangul">選擇<text:span text:style-name="T1">[工具] - [韓文/漢文轉換]</text:span> (必須啟用中日韓語言支援)</help:to-popup></text:p>
  <text:p text:style-name="Paragraph"><help:to-popup Eid="rechtschreibungmenue">功能表<text:span text:style-name="T1">「工具」-「拼寫檢查」</text:span></help:to-popup></text:p>
  <text:p text:style-name="Paragraph"><help:to-popup Eid="zoptionen">選擇<text:span text:style-name="T1">[工具] - [拼寫檢查] - [檢查]</text:span> (只有在拼寫檢查發現錯誤時，才會顯示該對話方塊)，然後按一下<text:span text:style-name="T1">[選項]</text:span></help:to-popup></text:p>
  <help:to-popup Eid="thesaurus">
  <text:p text:style-name="Paragraph">功能表<text:span text:style-name="T1">「工具」-「詞典...」</text:span></text:p>
  <text:p text:style-name="Paragraph">功能表<text:span text:style-name="T1">「工具」-「拼寫檢查」-「檢查」-「詞典」</text:span></text:p>
  <text:p text:style-name="Paragraph"><help:switch select="System"><help:case select ="MAC">(Command)</help:case><help:default>(Ctrl)</help:default></help:switch>(F7) 鍵</text:p>
  </help:to-popup>
  <help:to-popup Eid="etpip">
  <text:p text:style-name="Paragraph"><text:span text:style-name="T1">「工具」-「取色」</text:span>功能表 (<help:productname>%PRODUCTNAME</help:productname> Draw 和 <help:productname>%PRODUCTNAME</help:productname> Impress)</text:p>
  </help:to-popup>
  <text:p text:style-name="Paragraph"><help:to-popup Eid="makro">選擇<text:span text:style-name="T1">[工具] - [巨集] - [巨集]</text:span></help:to-popup></text:p>
  <help:to-popup Eid="recordmacro">
  <help:to-be-embedded Eid="syrecordmacro">
  <table:table table:name="Tabelle4" table:style-name="Tabelle4">
   <table:table-column table:style-name="Tabelle4.A"/>
   <table:table-column table:style-name="Tabelle4.B"/>
   <table:table-header-rows>
    <table:table-row>
     <table:table-cell table:value-type="string">
      <text:p text:style-name="TextInTable"><draw:image draw:name="圖示2" svg:desc="圖示" svg:pixelx="25" svg:pixely="25" svg:width="0.661cm" svg:height="0.661cm" xlink:href="67563" draw:filter-name=""/></text:p>

     </table:table-cell>
     <table:table-cell table:value-type="string">
      <text:p text:style-name="TextInTable">錄製巨集</text:p>
     </table:table-cell>
    </table:table-row>
   </table:table-header-rows>
  </table:table>
  </help:to-be-embedded>
  <text:p text:style-name="Paragraph">選擇<text:span text:style-name="T1">[工具] - [巨集] - [錄製巨集]</text:span></text:p>
  </help:to-popup>
  <text:p text:style-name="Paragraph"><help:to-popup Eid="passwort">選擇<text:span text:style-name="T1">[工具] - [巨集] - [巨集]</text:span>，依次按一下<text:span text:style-name="T1">[管理]</text:span>按鈕、<text:span text:style-name="T1">[程式庫]</text:span>標籤、<text:span text:style-name="T1">[密碼]</text:span>按鈕</help:to-popup></text:p>
  <text:p text:style-name="Paragraph"><help:to-popup Eid="xmlfilter">選擇<text:span text:style-name="T1">[工具] - [XML 篩選設定]</text:span></help:to-popup></text:p>
  <text:p text:style-name="Paragraph"><help:to-popup Eid="xmlfilteredit">選擇<text:span text:style-name="T1">[工具] - [XML 篩選設定]</text:span>，按一下<text:span text:style-name="T1">[開啟新檔]</text:span>或<text:span text:style-name="T1">[編輯]</text:span>。</help:to-popup></text:p>
  <text:p text:style-name="Paragraph"><help:to-popup Eid="xmlfiltertest">選擇<text:span text:style-name="T1">[工具] - [XML 篩選設定]</text:span>，按一下<text:span text:style-name="T1">[測試 XSLT]</text:span>。</help:to-popup></text:p>
  <text:p text:style-name="Paragraph"><help:to-popup Eid="anpassen">功能表<text:span text:style-name="T1">「工具」-「調整...」</text:span></help:to-popup></text:p>
  <text:p text:style-name="Paragraph"><help:to-popup Eid="menue">功能表<text:span text:style-name="T1">「工具」-「調整...」-</text:span> 選項標籤<text:span text:style-name="T1">「功能表」</text:span></help:to-popup></text:p>
  <text:p text:style-name="Paragraph"><help:to-popup Eid="tastatur">功能表<text:span text:style-name="T1">「工具」-「調整...」-</text:span> 選項標籤<text:span text:style-name="T1">「鍵盤」</text:span></help:to-popup></text:p>
  <text:p text:style-name="Paragraph"><help:to-popup Eid="status">功能表<text:span text:style-name="T1">「工具」-「調整...」-</text:span> 選項標籤<text:span text:style-name="T1">「狀態列」</text:span></help:to-popup></text:p>
  <text:p text:style-name="Paragraph"><help:to-popup Eid="symbole">功能表<text:span text:style-name="T1">「工具」-「調整...」-</text:span> 選項標籤<text:span text:style-name="T1">「圖示列」</text:span></help:to-popup></text:p>
  <help:to-popup Eid="symbolebearbeiten">
  <text:p text:style-name="Paragraph">功能表<text:span text:style-name="T1">「工具」-「調整」</text:span>- 選項標籤<text:span text:style-name="T1">「圖示列」-「編輯...」</text:span></text:p>
  <text:p text:style-name="Paragraph"><text:span text:style-name="T1">「檢視」-「圖示列」-「編輯...」</text:span>功能表</text:p>
  <text:p text:style-name="Paragraph"><text:span text:style-name="T1">「編輯...」</text:span>圖示列的快顯功能表</text:p>
  </help:to-popup>
  <text:p text:style-name="Paragraph"><help:to-popup Eid="events">功能表<text:span text:style-name="T1">「工具」-「調整...」-</text:span> 選項標籤<text:span text:style-name="T1">「動作」</text:span></help:to-popup></text:p>
  <text:p text:style-name="Paragraph"><help:to-popup Eid="autokorr">功能表<text:span text:style-name="T1">「工具」-「自動校正</text:span><help:switch select="Program"><help:case select="WRITER"><text:span text:style-name="T1">/自動格式」</text:span></help:case></help:switch></help:to-popup></text:p>
  <text:p text:style-name="Paragraph"><help:to-popup Eid="autokooptionen">功能表<text:span text:style-name="T1">「工具」-「自動校正</text:span><help:switch select="Program"><help:case select="WRITER"><text:span text:style-name="T1">/自動格式」</text:span></help:case></help:switch><text:span text:style-name="T1">-</text:span> 選項標籤<text:span text:style-name="T1">「選項」</text:span></help:to-popup></text:p>
  <text:p text:style-name="Paragraph"><help:to-popup Eid="autokoersetzung">功能表<text:span text:style-name="T1">「工具」-「自動校正</text:span><help:switch select="Program"><help:case select="WRITER"><text:span text:style-name="T1">/自動格式」</text:span></help:case></help:switch><text:span text:style-name="T1">-</text:span> 選項標籤<text:span text:style-name="T1">「替代」</text:span></help:to-popup></text:p>
  <text:p text:style-name="Paragraph"><help:to-popup Eid="autokoausnahmen">功能表<text:span text:style-name="T1">「工具」-「自動校正</text:span><help:switch select="Program"><help:case select="WRITER"><text:span text:style-name="T1">/自動格式」</text:span></help:case></help:switch><text:span text:style-name="T1">-</text:span> 選項標籤<text:span text:style-name="T1">「例外」</text:span></help:to-popup></text:p>
  <text:p text:style-name="Paragraph"><help:to-popup Eid="autokotyafz">功能表<text:span text:style-name="T1">「工具」-「自動校正」</text:span><help:switch select="Program"><help:case select="WRITER"><text:span text:style-name="T1">/自動格式」</text:span></help:case></help:switch><text:span text:style-name="T1">-</text:span> 選項標籤<text:span text:style-name="T1">「字型引號」</text:span></help:to-popup></text:p>
  <text:p text:style-name="Paragraph"><help:to-popup Eid="autokoworterg">功能表<text:span text:style-name="T1">「工具」-「自動校正/自動格式」-</text:span> 選項標籤<text:span text:style-name="T1">「自動完成字詞」</text:span></help:to-popup></text:p>
  <text:p text:style-name="Paragraph"><help:to-popup Eid="exopas">功能表<text:span text:style-name="T1">「工具」-「選項」-「工作表文件」-「選項標籤檢視」</text:span></help:to-popup></text:p>
  <text:p text:style-name="Paragraph"><help:to-popup Eid="etoplayout">功能表<text:span text:style-name="T1">「工具」-「選項」-「簡報/繪圖」-「選項標籤檢視」</text:span></help:to-popup></text:p>
  <text:p text:style-name="Paragraph"><help:to-popup Eid="etotm">功能表<text:span text:style-name="T1">「工具」-「選項」-「繪圖」-「選項標籤一般」</text:span></help:to-popup></text:p>
  <help:to-popup Eid="verzeichnis">
  <text:p text:style-name="Paragraph">不同的「自動檔案助理」中的路徑選取按鈕</text:p>
  <text:p text:style-name="Paragraph"><text:span text:style-name="T1">「工具」-「選項」-「<help:productname>%PRODUCTNAME</help:productname>」-「路徑」</text:span>中一些條目的<text:span text:style-name="T1">「編輯」</text:span>按鈕</text:p>
  </help:to-popup>
  <text:p text:style-name="Paragraph"><help:to-popup Eid="optionen">功能表<text:span text:style-name="T1">「工具」-「選項」</text:span></help:to-popup></text:p>
  <text:p text:style-name="Paragraph"><help:to-popup Eid="optionenallgemein">功能表<text:span text:style-name="T1">「工具」-「選項」-「<help:productname>%PRODUCTNAME</help:productname>」</text:span></help:to-popup></text:p>
  <text:p text:style-name="Paragraph"><help:to-popup Eid="benutzerdaten">功能表<text:span text:style-name="T1">「工具」-「選項」-「<help:productname>%PRODUCTNAME</help:productname>」-「選項標籤使用者資料」</text:span></help:to-popup></text:p>
  <text:p text:style-name="Paragraph"><help:to-popup Eid="allg">功能表<text:span text:style-name="T1">「工具」-「選項」-「<help:productname>%PRODUCTNAME</help:productname>」-「選項標籤一般」</text:span></help:to-popup></text:p>
  <text:p text:style-name="Paragraph"><help:to-popup Eid="arbeit">功能表<text:span text:style-name="T1">「工具」-「選項」-「<help:productname>%PRODUCTNAME</help:productname>」- 選項標籤「工作記憶體」</text:span></help:to-popup></text:p>
  <text:p text:style-name="Paragraph"><help:to-popup Eid="ansicht">功能表<text:span text:style-name="T1">「工具」</text:span>-<text:span text:style-name="T1">「選項」</text:span>-<text:span text:style-name="T1">「<help:productname>%PRODUCTNAME</help:productname>」</text:span>- 選項標籤<text:span text:style-name="T1">「檢視」</text:span></help:to-popup></text:p>
  <text:p text:style-name="Paragraph"><help:to-popup Eid="helper">功能表<text:span text:style-name="T1">「工具」-「選項」-「<help:productname>%PRODUCTNAME</help:productname>」-「選項標籤輔助程式」</text:span></help:to-popup></text:p>
  <text:p text:style-name="Paragraph"><help:to-popup Eid="drucken">功能表<text:span text:style-name="T1">「工具」-「選項」-「<help:productname>%PRODUCTNAME</help:productname>」-「選項標籤列印」</text:span></help:to-popup></text:p>
  <help:to-popup Eid="pfade">
  <text:p text:style-name="Paragraph">功能表<text:span text:style-name="T1">「工具」-「選項」-「<help:productname>%PRODUCTNAME</help:productname>」-「選項標籤路徑」</text:span></text:p>
  <text:p text:style-name="Paragraph">功能表<text:span text:style-name="T1">「編輯」-「自動圖文集」-「路徑...」</text:span></text:p>
  </help:to-popup>
  <help:to-popup Eid="color">
  <text:p text:style-name="Paragraph">功能表<text:span text:style-name="T1">「工具」-「選項」-「<help:productname>%PRODUCTNAME</help:productname>」-「選項標籤顏色」</text:span></text:p>
  <text:p text:style-name="Paragraph">功能表<text:span text:style-name="T1">「格式」-「平面...」-</text:span> 選項標籤<text:span text:style-name="T1">「顏色」</text:span></text:p>
  </help:to-popup>
  <help:to-popup Eid="color2">
  <text:p text:style-name="Paragraph">功能表<text:span text:style-name="T1">「工具」-「選項」-「<help:productname>%PRODUCTNAME</help:productname>」-「選項標籤顏色」-「編輯」</text:span></text:p>
  <text:p text:style-name="Paragraph">功能表<text:span text:style-name="T1">「格式」-「平面...」-</text:span> 選項標籤<text:span text:style-name="T1">「顏色」-「編輯...」</text:span></text:p>
  <text:p text:style-name="Paragraph">選擇<text:span text:style-name="T1">[格式] - [3D 效果]</text:span>，然後選擇<text:span text:style-name="T1">照明</text:span>圖示。</text:p>
  <help:to-be-embedded Eid="farbdial">
  <table:table table:name="Tabelle1" table:style-name="Tabelle1">
   <table:table-column table:style-name="Tabelle1.A"/>
   <table:table-column table:style-name="Tabelle1.B"/>
   <table:table-header-rows>
    <table:table-row>
     <table:table-cell table:style-name="Tabelle1.A1" table:value-type="string">
      <text:p text:style-name="TextInTable"><draw:image draw:name="圖示3" svg:desc="圖示" svg:pixelx="24" svg:pixely="22" svg:width="0.635cm" svg:height="0.582cm" xlink:href="65870" draw:filter-name=""/></text:p>

     </table:table-cell>
     <table:table-cell table:style-name="Tabelle1.A1" table:value-type="string">
      <text:p text:style-name="TextInTable">在<text:span text:style-name="T1">[顏色]</text:span>對話方塊中選取顏色</text:p>
     </table:table-cell>
    </table:table-row>
   </table:table-header-rows>
  </table:table>
  </help:to-be-embedded></help:to-popup>
  <text:p text:style-name="Paragraph"><help:to-popup Eid="schriers">功能表<text:span text:style-name="T1">「工具」-「選項」-「<help:productname>%PRODUCTNAME</help:productname>」-「選項標籤代替字型」</text:span></help:to-popup></text:p>
  <text:p text:style-name="Paragraph"><help:to-popup Eid="scripting">功能表<text:span text:style-name="T1">「工具」-「選項」-「<help:productname>%PRODUCTNAME</help:productname>」-</text:span> 選項標籤<text:span text:style-name="T1">「安全」</text:span></help:to-popup></text:p>
  <text:p text:style-name="Paragraph"><help:to-popup Eid="accessibility">功能表<text:span text:style-name="T1">「工具」-「選項」-<help:productname>%PRODUCTNAME</help:productname> -</text:span>選項標籤<text:span text:style-name="T1">「協助工具」</text:span></help:to-popup></text:p>
  <text:p text:style-name="Paragraph"><help:to-popup Eid="appearance">功能表<text:span text:style-name="T1">「工具」-「選項」-<help:productname>%PRODUCTNAME</help:productname> -</text:span>選項標籤<text:span text:style-name="T1">「檢視」</text:span></help:to-popup></text:p>
  <text:p text:style-name="Paragraph"><help:to-popup Eid="networkid">選擇<text:span text:style-name="T1">[工具] - [選項] - [<help:productname>%PRODUCTNAME</help:productname>] - [網路驗證身份]</text:span></help:to-popup></text:p>
  <text:p text:style-name="Paragraph"><help:to-popup Eid="landen">功能表<text:span text:style-name="T1">「工具」-「選項」-「載入/儲存」</text:span></help:to-popup></text:p>
  <text:p text:style-name="Paragraph"><help:to-popup Eid="rsave">選擇<text:span text:style-name="T1">[工具] - [選項] - [載入/儲存] - [一般]</text:span></help:to-popup></text:p>
  <text:p text:style-name="Paragraph"><help:to-popup Eid="etsofi">功能表<text:span text:style-name="T1">「工具」-「選項」-「載入/儲存」</text:span>選項標籤<text:span text:style-name="T1">「VBA 屬性」</text:span></help:to-popup></text:p>
  <text:p text:style-name="Paragraph"><help:to-popup Eid="etsofi2">功能表<text:span text:style-name="T1">「工具」-「選項」-「載入/儲存」</text:span>選項標籤<text:span text:style-name="T1">「Microsoft Office」</text:span></help:to-popup></text:p>
  <text:p text:style-name="Paragraph"><help:to-popup Eid="html">功能表<text:span text:style-name="T1">「工具」-「選項」-「載入/儲存」</text:span>選項標籤<text:span text:style-name="T1">「HTML 相容」</text:span></help:to-popup></text:p>
  <text:p text:style-name="Paragraph"><help:to-popup Eid="asiatypo">功能表<text:span text:style-name="T1">「工具」-「選項」-「語言設定」</text:span></help:to-popup></text:p>
  <text:p text:style-name="Paragraph"><help:to-popup Eid="sprachen">功能表<text:span text:style-name="T1">「工具」-「選項」-「語言設定」-「選項標籤語言」</text:span></help:to-popup></text:p>
  <text:p text:style-name="Paragraph"><help:to-popup Eid="sprachenctl">選擇<text:span text:style-name="T1">[工具] - [選項] - [語言設定] - [語言] - [複雜文字版式]</text:span></help:to-popup></text:p>
  <help:to-popup Eid="linguistik">
  <text:p text:style-name="Paragraph">功能表<text:span text:style-name="T1">「工具」-「選項」-「一般」-</text:span>選項標籤<text:span text:style-name="T1">「語言規則」</text:span></text:p>
  </help:to-popup>
  <help:to-popup Eid="linguistikmodule">
  <text:p text:style-name="Paragraph">功能表<text:span text:style-name="T1">「工具」-「選項」-「語言設定」-</text:span> 選項標籤<text:span text:style-name="T1">「語言規則」，在「可使用的語言模塊」清單方塊中選取，然後是「編輯」圖示</text:span></text:p>
  </help:to-popup>
  <help:to-popup Eid="writingaids">
  <text:p text:style-name="Paragraph">選擇<text:span text:style-name="T1">[工具] - [選項] - [語言設定] - [語言規則]</text:span></text:p>
  </help:to-popup>
  <text:p text:style-name="Paragraph"><help:to-popup Eid="suchja">功能表<text:span text:style-name="T1">「工具」-「選項」-「語言設定」</text:span>選項標籤<text:span text:style-name="T1">「用於日文的搜尋選項」</text:span></help:to-popup></text:p>
  <text:p text:style-name="Paragraph"><help:to-popup Eid="asialayout">功能表<text:span text:style-name="T1">「工具」-「選項」-「語言設定」</text:span>選項標籤<text:span text:style-name="T1">「中日韓版式」</text:span></help:to-popup></text:p>
  <text:p text:style-name="Paragraph"><help:to-popup Eid="internet">功能表<text:span text:style-name="T1">「工具」-「選項」-「Internet」</text:span></help:to-popup></text:p>
  <text:p text:style-name="Paragraph"><help:to-popup Eid="internet1">功能表<text:span text:style-name="T1">「工具」-「選項」-「Internet」-</text:span> 選項標籤<text:span text:style-name="T1">「代理伺服器」</text:span></help:to-popup></text:p>
  <text:p text:style-name="Paragraph"><help:to-popup Eid="internet4">功能表<text:span text:style-name="T1">「工具」-「選項」-「Internet」-</text:span> 選項標籤<text:span text:style-name="T1">「搜尋」</text:span></help:to-popup></text:p>
  <text:p text:style-name="Paragraph"><help:to-popup Eid="optionentextdokument">功能表<text:span text:style-name="T1">「工具」-「選項」-「文字文件」</text:span></help:to-popup></text:p>
  <text:p text:style-name="Paragraph"><help:to-popup Eid="laden">功能表<text:span text:style-name="T1">「工具」-「選項」-「文字文件」</text:span>- 選項標籤<text:span text:style-name="T1">「一般」</text:span></help:to-popup></text:p>
  <text:p text:style-name="Paragraph"><help:to-popup Eid="einfuegenbeschriftung">功能表<text:span text:style-name="T1">「工具」-「選項」-「文字文件」</text:span>- 選項標籤<text:span text:style-name="T1">「一般」-「物件選取」-「按鈕...」</text:span></help:to-popup></text:p>
  <text:p text:style-name="Paragraph"><help:to-popup Eid="layout">功能表<text:span text:style-name="T1">「工具」-「選項」-「文字文件/HTML 文件」</text:span>- 選項標籤<text:span text:style-name="T1">「檢視」</text:span></help:to-popup></text:p>
  <text:p text:style-name="Paragraph"><help:to-popup Eid="registerschattencursor">功能表<text:span text:style-name="T1">「工具」-「選項」-「文字文件/HTML 文件」</text:span>- 選項標籤<text:span text:style-name="T1">「格式化輔助」</text:span></help:to-popup></text:p>
  <text:p text:style-name="Paragraph"><help:to-popup Eid="raster">功能表<text:span text:style-name="T1">「工具」-「選項」-「文字/工作表文件/HTML 文件」-「選項標籤格式化輔助」</text:span></help:to-popup></text:p>
  <help:to-popup Eid="grundschriften">
  <text:p text:style-name="Paragraph">功能表<text:span text:style-name="T1">「工具」-「選項」-「文字文件」</text:span>- 選項標籤<text:span text:style-name="T1">「標準字型」(西文)</text:span></text:p>
  <text:p text:style-name="Paragraph">功能表<text:span text:style-name="T1">「工具」-「選項」-「文字文件」</text:span>- 選項標籤<text:span text:style-name="T1">「標準字型」(中日韓)</text:span>(如果已經設定選用中日韓語言)</text:p>
  </help:to-popup>
  <text:p text:style-name="Paragraph"><help:to-popup Eid="drucken1">功能表<text:span text:style-name="T1">「工具」-「選項」-「文字文件/HTML 文件/工作表文件」</text:span>- 選項標籤<text:span text:style-name="T1">「列印」</text:span></help:to-popup></text:p>
  <text:p text:style-name="Paragraph"><help:to-popup Eid="registertabelle">功能表<text:span text:style-name="T1">「工具」-「選項」-「文字文件/HTML 文件」-</text:span> 選項標籤<text:span text:style-name="T1">「工作表」</text:span></help:to-popup></text:p>
  <text:p text:style-name="Paragraph"><help:to-popup Eid="registeraenderungen">功能表<text:span text:style-name="T1">「工具」-「選項」-「文字文件」</text:span>- 選項標籤<text:span text:style-name="T1">「變更」</text:span></help:to-popup></text:p>
  <text:p text:style-name="Paragraph"><help:to-popup Eid="webbrowser1">功能表<text:span text:style-name="T1">「工具」-「選項」-「HTML 文件」</text:span></help:to-popup></text:p>
  <text:p text:style-name="Paragraph"><help:to-popup Eid="hinter">功能表<text:span text:style-name="T1">「工具」-「選項」-「HTML 文件」-「選項標籤背景」</text:span></help:to-popup></text:p>
  <text:p text:style-name="Paragraph"><help:to-popup Eid="tabellendokument">功能表<text:span text:style-name="T1">「工具」-「選項」-「工作表文件」</text:span></help:to-popup></text:p>
  <text:p text:style-name="Paragraph"><help:to-popup Eid="tabelleeingabe">功能表<text:span text:style-name="T1">「工具」-「選項」-「工作表文件」-「選項標籤一般」</text:span></help:to-popup></text:p>
  <text:p text:style-name="Paragraph"><help:to-popup Eid="tabelleinhalte">功能表<text:span text:style-name="T1">「工具」-「選項」-「工作表文件」-「選項標籤檢視」</text:span></help:to-popup></text:p>
  <text:p text:style-name="Paragraph"><help:to-popup Eid="international">選擇<text:span text:style-name="T1">[工具] - [選項] - [工作表文件] - [全球的]</text:span></help:to-popup></text:p>
  <text:p text:style-name="Paragraph"><help:to-popup Eid="exopbe">功能表<text:span text:style-name="T1">「工具」-「選項」-「工作表文件」-</text:span> 選項標籤<text:span text:style-name="T1">「計算」</text:span></help:to-popup></text:p>
  <text:p text:style-name="Paragraph"><help:to-popup Eid="exopso">功能表<text:span text:style-name="T1">「工具」-「選項」-「工作表文件」-</text:span> 選項標籤<text:span text:style-name="T1">「排序清單」</text:span></help:to-popup></text:p>
  <text:p text:style-name="Paragraph"><help:to-popup Eid="listekopieren">功能表<text:span text:style-name="T1">「工具」-「選項」-「工作表文件」-</text:span> 選項標籤<text:span text:style-name="T1">「排序清單」-「複製」</text:span></help:to-popup></text:p>
  <text:p text:style-name="Paragraph"><help:to-popup Eid="exopaen">功能表<text:span text:style-name="T1">「工具」-「選項」-「工作表文件」-</text:span> 選項標籤<text:span text:style-name="T1">「變更」</text:span></help:to-popup></text:p>
  <text:p text:style-name="Paragraph"><help:to-popup Eid="etotall">功能表<text:span text:style-name="T1">「工具」-「選項」-「簡報」</text:span></help:to-popup></text:p>
  <text:p text:style-name="Paragraph"><help:to-popup Eid="etopsonstiges">功能表<text:span text:style-name="T1">「工具」-「選項」-「簡報/繪圖」-「選項標籤一般」</text:span></help:to-popup></text:p>
  <text:p text:style-name="Paragraph"><help:to-popup Eid="etopas">功能表<text:span text:style-name="T1">「工具」-「選項」-「簡報/繪圖」-「選項標籤檢視」</text:span></help:to-popup></text:p>
  <text:p text:style-name="Paragraph"><help:to-popup Eid="etopfe">功能表<text:span text:style-name="T1">「工具」-「選項」-「簡報/繪圖」-「選項標籤網格」</text:span></help:to-popup></text:p>
  <text:p text:style-name="Paragraph"><help:to-popup Eid="etopdk">功能表<text:span text:style-name="T1">「工具」-「選項」-「簡報/繪圖」-「選項標籤列印」</text:span></help:to-popup></text:p>
  <text:p text:style-name="Paragraph"><help:to-popup Eid="etotallz">功能表<text:span text:style-name="T1">「工具」-「選項」-「繪圖」</text:span></help:to-popup></text:p>
  <text:p text:style-name="Paragraph"><help:to-popup Eid="etsodr">功能表<text:span text:style-name="T1">「工具」-「選項」-「公式」</text:span></help:to-popup></text:p>
  <text:p text:style-name="Paragraph"><help:to-popup Eid="formeinst">功能表<text:span text:style-name="T1">「工具」-「選項」-「公式」</text:span>- 選項標籤<text:span text:style-name="T1">「設定」</text:span></help:to-popup></text:p>
  <text:p text:style-name="Paragraph"><help:to-popup Eid="diagrfarbe">功能表<text:span text:style-name="T1">「工具」-「選項」-「圖表」</text:span></help:to-popup></text:p>
  <text:p text:style-name="Paragraph"><help:to-popup Eid="diagrgfarbe">功能表<text:span text:style-name="T1">「工具」-「選項」-「圖表」</text:span>- 選項標籤<text:span text:style-name="T1">「基色」</text:span></help:to-popup></text:p>
  <text:p text:style-name="Paragraph"><help:to-popup Eid="datenqu">功能表<text:span text:style-name="T1">「工具」-「選項」-「資料源」</text:span></help:to-popup></text:p>
  <text:p text:style-name="Paragraph"><help:to-popup Eid="verbindungen">功能表<text:span text:style-name="T1">「工具」-「選項」-「資料源」-「選項標籤連線」</text:span></help:to-popup></text:p>
 </office:body>
</office:document>
