

<office:document  xmlns:office="http://openoffice.org/2000/office" xmlns:style="http://openoffice.org/2000/style" xmlns:text="http://openoffice.org/2000/text" xmlns:table="http://openoffice.org/2000/table" xmlns:draw="http://openoffice.org/2000/drawing" xmlns:fo="http://www.w3.org/1999/XSL/Format" xmlns:xlink="http://www.w3.org/1999/xlink" xmlns:number="http://openoffice.org/2000/datastyle" xmlns:svg="http://www.w3.org/2000/svg" xmlns:chart="http://openoffice.org/2000/chart" xmlns:dr3d="http://openoffice.org/2000/dr3d" xmlns:math="http://www.w3.org/1998/Math/MathML" xmlns:form="http://openoffice.org/2000/form" xmlns:script="http://openoffice.org/2000/script" office:class="text" office:version="1.0" xmlns:dc="http://purl.org/dc/elements/1.1/" xmlns:meta="http://openoffice.org/2000/meta" xmlns:help="http://openoffice.org/2000/help">
<office:meta>
  <dc:description>text/common/00/00000020</dc:description>
  <dc:subject>關於匯入和匯出篩選的資訊</dc:subject>
  <meta:keywords>
   <meta:keyword>$Version</meta:keyword>
  </meta:keywords>
  <dc:language>zh-TW</dc:language>
  <meta:user-defined meta:name="Info 0">READY</meta:user-defined>
  <meta:user-defined meta:name="Info 1">FREE_OK</meta:user-defined>
  <meta:user-defined meta:name="Info 2"/>
  <meta:user-defined meta:name="Info 3"/>
</office:meta>
 <office:script/>
 <office:font-decls>
  <style:font-decl style:name="StarSymbol" fo:font-family="StarSymbol" style:font-charset="x-symbol"/>
  <style:font-decl style:name="Courier New" fo:font-family="&apos;Courier New&apos;" style:font-style-name="Standard" style:font-family-generic="modern" style:font-pitch="fixed"/>
  <style:font-decl style:name="Courier" fo:font-family="Courier" style:font-family-generic="roman" style:font-pitch="fixed"/>
  <style:font-decl style:name="Andale WT UI3" fo:font-family="&apos;Andale WT UI&apos;" style:font-pitch="variable"/>
  <style:font-decl style:name="Arial Unicode MS" fo:font-family="&apos;Arial Unicode MS&apos;" style:font-pitch="variable"/>
  <style:font-decl style:name="HG Mincho Light J" fo:font-family="&apos;HG Mincho Light J&apos;" style:font-pitch="variable"/>
  <style:font-decl style:name="Andale WT UI" fo:font-family="&apos;Andale WT UI&apos;" style:font-style-name="Fett" style:font-family-generic="roman" style:font-pitch="variable"/>
  <style:font-decl style:name="Andale WT UI1" fo:font-family="&apos;Andale WT UI&apos;" style:font-style-name="Standard" style:font-family-generic="roman" style:font-pitch="variable"/>
  <style:font-decl style:name="Thorndale" fo:font-family="Thorndale" style:font-family-generic="roman" style:font-pitch="variable"/>
  <style:font-decl style:name="Times New Roman" fo:font-family="&apos;Times New Roman&apos;" style:font-style-name="Fett" style:font-family-generic="roman" style:font-pitch="variable"/>
  <style:font-decl style:name="Andale WT UI2" fo:font-family="&apos;Andale WT UI&apos;" style:font-family-generic="swiss" style:font-pitch="variable"/>
 </office:font-decls>
 <office:automatic-styles>
  <style:style style:name="Tabelle10" style:family="table">
   <style:properties style:width="18cm" table:align="margins"/>
  </style:style>
  <style:style style:name="Tabelle10.A" style:family="table-column">
   <style:properties style:column-width="1.499cm" style:rel-column-width="5460*"/>
  </style:style>
  <style:style style:name="Tabelle10.B" style:family="table-column">
   <style:properties style:column-width="16.501cm" style:rel-column-width="60075*"/>
  </style:style>
  <style:style style:name="Tabelle10.1" style:family="table-row">
   <style:properties style:min-row-height="0.848cm"/>
  </style:style>
  <style:style style:name="Tabelle10.A1" style:family="table-cell">
   <style:properties fo:padding="0cm" fo:border="none"/>
  </style:style>
  <style:style style:name="Tabelle1" style:family="table">
   <style:properties style:width="17.995cm" fo:margin-left="0cm" fo:margin-right="0.005cm" table:align="margins"/>
  </style:style>
  <style:style style:name="Tabelle1.A" style:family="table-column">
   <style:properties style:column-width="2.928cm" style:rel-column-width="10665*"/>
  </style:style>
  <style:style style:name="Tabelle1.B" style:family="table-column">
   <style:properties style:column-width="5.858cm" style:rel-column-width="21331*"/>
  </style:style>
  <style:style style:name="Tabelle1.C" style:family="table-column">
   <style:properties style:column-width="9.209cm" style:rel-column-width="33539*"/>
  </style:style>
  <style:style style:name="Tabelle1.A1" style:family="table-cell">
   <style:properties fo:padding="0.049cm" fo:border-left="0.002cm solid #000000" fo:border-right="none" fo:border-top="0.002cm solid #000000" fo:border-bottom="0.002cm solid #000000"/>
  </style:style>
  <style:style style:name="Tabelle1.C1" style:family="table-cell">
   <style:properties fo:padding="0.049cm" fo:border="0.002cm solid #000000"/>
  </style:style>
  <style:style style:name="Tabelle1.A2" style:family="table-cell">
   <style:properties fo:padding="0.049cm" fo:border-left="0.002cm solid #000000" fo:border-right="none" fo:border-top="none" fo:border-bottom="0.002cm solid #000000"/>
  </style:style>
  <style:style style:name="Tabelle1.C2" style:family="table-cell">
   <style:properties fo:vertical-align="top" fo:padding="0.049cm" fo:border-left="0.002cm solid #000000" fo:border-right="0.002cm solid #000000" fo:border-top="none" fo:border-bottom="0.002cm solid #000000"/>
  </style:style>
  <style:style style:name="P1" style:family="paragraph" style:parent-style-name="Paragraph" style:master-page-name="HTML">
   <style:properties style:page-number="0"/>
  </style:style>
  <style:style style:name="P2" style:family="paragraph" style:parent-style-name="Paragraph" style:list-style-name="L1"/>
  <style:style style:name="P3" style:family="paragraph" style:parent-style-name="Paragraph" style:list-style-name="L2"/>
  <style:style style:name="P4" style:family="paragraph" style:parent-style-name="Paragraph" style:list-style-name="L3"/>
  <style:style style:name="T1" style:family="text">
   <style:properties fo:font-weight="bold"/>
  </style:style>
  <style:style style:name="fr1" style:family="graphics" style:parent-style-name="Graphics">
   <style:properties style:run-through="foreground" style:wrap="run-through" style:vertical-pos="middle" style:vertical-rel="paragraph" style:horizontal-pos="left" style:horizontal-rel="paragraph" style:mirror="none" fo:clip="rect(0cm 0cm 0cm 0cm)" draw:luminance="0%" draw:contrast="0%" draw:red="0%" draw:green="0%" draw:blue="0%" draw:gamma="1" draw:color-inversion="false" draw:transparency="-100%" draw:color-mode="standard"/>
  </style:style>
  <text:list-style style:name="L1">
   <text:list-level-style-bullet text:level="1" text:style-name="Bullet Symbols" style:num-suffix="." text:bullet-char="•">
    <style:properties text:min-label-width="0.499cm" style:font-name="StarSymbol"/>
   </text:list-level-style-bullet>
   <text:list-level-style-bullet text:level="2" text:style-name="Bullet Symbols" style:num-suffix="." text:bullet-char="•">
    <style:properties text:space-before="0.499cm" text:min-label-width="0.499cm" style:font-name="StarSymbol"/>
   </text:list-level-style-bullet>
   <text:list-level-style-bullet text:level="3" text:style-name="Bullet Symbols" style:num-suffix="." text:bullet-char="•">
    <style:properties text:space-before="0.999cm" text:min-label-width="0.499cm" style:font-name="StarSymbol"/>
   </text:list-level-style-bullet>
   <text:list-level-style-bullet text:level="4" text:style-name="Bullet Symbols" style:num-suffix="." text:bullet-char="•">
    <style:properties text:space-before="1.498cm" text:min-label-width="0.499cm" style:font-name="StarSymbol"/>
   </text:list-level-style-bullet>
   <text:list-level-style-bullet text:level="5" text:style-name="Bullet Symbols" style:num-suffix="." text:bullet-char="•">
    <style:properties text:space-before="1.997cm" text:min-label-width="0.499cm" style:font-name="StarSymbol"/>
   </text:list-level-style-bullet>
   <text:list-level-style-number text:level="6" style:num-suffix="." style:num-format="1">
    <style:properties text:space-before="2.501cm" text:min-label-width="0.499cm"/>
   </text:list-level-style-number>
   <text:list-level-style-number text:level="7" style:num-suffix="." style:num-format="1">
    <style:properties text:space-before="3.001cm" text:min-label-width="0.499cm"/>
   </text:list-level-style-number>
   <text:list-level-style-number text:level="8" style:num-suffix="." style:num-format="1">
    <style:properties text:space-before="3.502cm" text:min-label-width="0.499cm"/>
   </text:list-level-style-number>
   <text:list-level-style-number text:level="9" style:num-suffix="." style:num-format="1">
    <style:properties text:space-before="4.001cm" text:min-label-width="0.499cm"/>
   </text:list-level-style-number>
   <text:list-level-style-number text:level="10" style:num-suffix="." style:num-format="1">
    <style:properties text:space-before="4.502cm" text:min-label-width="0.499cm"/>
   </text:list-level-style-number>
  </text:list-style>
  <text:list-style style:name="L2">
   <text:list-level-style-bullet text:level="1" text:style-name="Bullet Symbols" style:num-suffix="." text:bullet-char="•">
    <style:properties text:min-label-width="0.499cm" style:font-name="StarSymbol"/>
   </text:list-level-style-bullet>
   <text:list-level-style-bullet text:level="2" text:style-name="Bullet Symbols" style:num-suffix="." text:bullet-char="•">
    <style:properties text:space-before="0.499cm" text:min-label-width="0.499cm" style:font-name="StarSymbol"/>
   </text:list-level-style-bullet>
   <text:list-level-style-bullet text:level="3" text:style-name="Bullet Symbols" style:num-suffix="." text:bullet-char="•">
    <style:properties text:space-before="0.999cm" text:min-label-width="0.499cm" style:font-name="StarSymbol"/>
   </text:list-level-style-bullet>
   <text:list-level-style-bullet text:level="4" text:style-name="Bullet Symbols" style:num-suffix="." text:bullet-char="•">
    <style:properties text:space-before="1.498cm" text:min-label-width="0.499cm" style:font-name="StarSymbol"/>
   </text:list-level-style-bullet>
   <text:list-level-style-bullet text:level="5" text:style-name="Bullet Symbols" style:num-suffix="." text:bullet-char="•">
    <style:properties text:space-before="1.997cm" text:min-label-width="0.499cm" style:font-name="StarSymbol"/>
   </text:list-level-style-bullet>
   <text:list-level-style-number text:level="6" style:num-suffix="." style:num-format="1">
    <style:properties text:space-before="2.501cm" text:min-label-width="0.499cm"/>
   </text:list-level-style-number>
   <text:list-level-style-number text:level="7" style:num-suffix="." style:num-format="1">
    <style:properties text:space-before="3.001cm" text:min-label-width="0.499cm"/>
   </text:list-level-style-number>
   <text:list-level-style-number text:level="8" style:num-suffix="." style:num-format="1">
    <style:properties text:space-before="3.502cm" text:min-label-width="0.499cm"/>
   </text:list-level-style-number>
   <text:list-level-style-number text:level="9" style:num-suffix="." style:num-format="1">
    <style:properties text:space-before="4.001cm" text:min-label-width="0.499cm"/>
   </text:list-level-style-number>
   <text:list-level-style-number text:level="10" style:num-suffix="." style:num-format="1">
    <style:properties text:space-before="4.502cm" text:min-label-width="0.499cm"/>
   </text:list-level-style-number>
  </text:list-style>
  <text:list-style style:name="L3">
   <text:list-level-style-number text:level="1" text:style-name="Numbering Symbols" style:num-suffix="." style:num-format="1">
    <style:properties text:min-label-width="0.499cm"/>
   </text:list-level-style-number>
   <text:list-level-style-number text:level="2" text:style-name="Numbering Symbols" style:num-suffix="." style:num-format="1">
    <style:properties text:space-before="0.501cm" text:min-label-width="0.499cm"/>
   </text:list-level-style-number>
   <text:list-level-style-number text:level="3" text:style-name="Numbering Symbols" style:num-suffix="." style:num-format="1">
    <style:properties text:space-before="1cm" text:min-label-width="0.499cm"/>
   </text:list-level-style-number>
   <text:list-level-style-number text:level="4" text:style-name="Numbering Symbols" style:num-suffix="." style:num-format="1">
    <style:properties text:space-before="1.501cm" text:min-label-width="0.499cm"/>
   </text:list-level-style-number>
   <text:list-level-style-number text:level="5" text:style-name="Numbering Symbols" style:num-suffix="." style:num-format="1">
    <style:properties text:space-before="2cm" text:min-label-width="0.499cm"/>
   </text:list-level-style-number>
   <text:list-level-style-number text:level="6" text:style-name="Numbering Symbols" style:num-suffix="." style:num-format="1">
    <style:properties text:space-before="2.501cm" text:min-label-width="0.499cm"/>
   </text:list-level-style-number>
   <text:list-level-style-number text:level="7" text:style-name="Numbering Symbols" style:num-suffix="." style:num-format="1">
    <style:properties text:space-before="3.001cm" text:min-label-width="0.499cm"/>
   </text:list-level-style-number>
   <text:list-level-style-number text:level="8" text:style-name="Numbering Symbols" style:num-suffix="." style:num-format="1">
    <style:properties text:space-before="3.502cm" text:min-label-width="0.499cm"/>
   </text:list-level-style-number>
   <text:list-level-style-number text:level="9" text:style-name="Numbering Symbols" style:num-suffix="." style:num-format="1">
    <style:properties text:space-before="4.001cm" text:min-label-width="0.499cm"/>
   </text:list-level-style-number>
   <text:list-level-style-number text:level="10" text:style-name="Numbering Symbols" style:num-suffix="." style:num-format="1">
    <style:properties text:space-before="4.502cm" text:min-label-width="0.499cm"/>
   </text:list-level-style-number>
  </text:list-style>
 </office:automatic-styles>
 <office:body>
  <text:variable-decls>
   <text:variable-decl text:value-type="string" text:name="HTML_ON"/>
   <text:variable-decl text:value-type="string" text:name="HTML_OFF"/>
   <text:variable-decl text:value-type="string" text:name="TITEL"/>
   <text:variable-decl text:value-type="string" text:name="END"/>
   <text:variable-decl text:value-type="string" text:name="NAME"/>
   <text:variable-decl text:value-type="string" text:name="HREF"/>
   <text:variable-decl text:value-type="string" text:name="HelpID"/>
   <text:variable-decl text:value-type="string" text:name="MODIFY"/>
   <text:variable-decl text:value-type="string" text:name="REFNR"/>
   <text:variable-decl text:value-type="string" text:name="OS2"/>
   <text:variable-decl text:value-type="string" text:name="ELSE"/>
   <text:variable-decl text:value-type="string" text:name="MAC"/>
   <text:variable-decl text:value-type="string" text:name="KEY"/>
   <text:variable-decl text:value-type="string" text:name="INDEX"/>
   <text:variable-decl text:value-type="string" text:name="HFELD"/>
   <text:variable-decl text:value-type="string" text:name="UNIX"/>
   <text:variable-decl text:value-type="string" text:name="WIN"/>
  </text:variable-decls>
  <text:sequence-decls>
   <text:sequence-decl text:display-outline-level="0" text:name="Illustration"/>
   <text:sequence-decl text:display-outline-level="0" text:name="Table"/>
   <text:sequence-decl text:display-outline-level="0" text:name="Text"/>
   <text:sequence-decl text:display-outline-level="0" text:name="Drawing"/>
  </text:sequence-decls>
  <text:p text:style-name="P1"/>
  <text:p text:style-name="Head 1"><help:key-word value="匯入; 篩選" tag="kw65614_19"/><help:key-word value="匯出; 篩選" tag="kw65614_1"/><help:key-word value="篩選; 用於匯入和匯出" tag="kw65614_18"/><help:key-word value="檔案; 篩選" tag="kw65614_17"/><help:key-word value="格式; 用來開啟舊檔和儲存" tag="kw65614_16"/><help:key-word value="檔案; 格式" tag="kw65614_15"/>關於匯入和匯出篩選的資訊</text:p>
  <text:p text:style-name="Paragraph">在 <help:productname>%PRODUCTNAME</help:productname> 中，除自身的 <help:link Id="68543" Eid="xmlformat">XML 格式</help:link>之外，您還可以開啟和儲存多種外來的 XML 格式。</text:p>
  <text:p text:style-name="Paragraph"><help:key-word value="資料庫表格; 當作文字" tag="kw65614_14"/><help:key-word value="匯入; 資料庫表格當作文字" tag="kw65614_13"/><help:switch select="System"><help:case select ="UNIX">在 UNIX 中，無法自動識別某些檔案格式。</help:case><help:default><help:productname>%PRODUCTNAME</help:productname> 一般在開啟文件時自動識別正確的檔案類型。</help:default></help:switch>您可能需要在<text:span text:style-name="T1">[開啟舊檔]</text:span>對話方塊自行選取檔案類型。例如，如果您希望將文字格式的資料庫表格作為資料庫表格開啟，則在選取檔案之後，需要指定檔案類型「文字 CSV」。</text:p>
  <text:p text:style-name="Head 2"><help:key-word value="巨集; 在 MS Office 文件中" tag="kw65614_12"/>MS Office 文件中的 Basic 巨集</text:p>
  <text:p text:style-name="Paragraph">在<help:link Id="66236">[工具] - [選項] - [載入/儲存] - [VBA 屬性]</help:link>中，您可以指定用於 MS Office 文件中的 VBA 巨集程式碼的設定。必須先將 VBA 巨集轉換和調整，否則不能在 <help:productname>%PRODUCTNAME</help:productname> 中執行。通常，您只想使用 <help:productname>%PRODUCTNAME</help:productname> 變更 Word、Excel 或 PowerPoint 檔案的可見內容，然後再次以 Microsoft Office 格式儲存此檔案，而不變更這些檔案所包含的巨集。您可依需要設定 <help:productname>%PRODUCTNAME</help:productname> 的動作：VBA 巨集以已註解的形式作為 <help:productname>%PRODUCTNAME</help:productname> 子常式儲存，並此文件以 MS Office 格式儲存時被重新正確地寫回；或者您可以選取載入時移除 Microsoft Office 巨集。最後一個選項是對 Microsoft Office 文件中病毒的有效防護。</text:p>
  <text:p text:style-name="Head 2">關於其他格式和檔案類型的備註</text:p>
  <text:p text:style-name="Paragraph">即使未安裝某些篩選，也可以在<text:span text:style-name="T1">[開啟舊檔]</text:span>和<text:span text:style-name="T1">[另存新檔]</text:span>對話方塊中選取它們。如果您選取這類篩選，螢幕上將出現一條訊息，告知您如果需要仍可以安裝此篩選。</text:p>
  <text:p text:style-name="Paragraph">如果您安裝其他篩選或想從安裝中刪除某個篩選，則請結束 <help:productname>%PRODUCTNAME</help:productname>，呼叫 <help:productname>%PRODUCTNAME</help:productname> <help:productversion>%PRODUCTVERSION</help:productversion> 安裝程式並選取<text:span text:style-name="T1">「修改安裝」</text:span>選項。然後您會看到可新增或移除 <help:productname>%PRODUCTNAME</help:productname> 個別程式元件的對話方塊。圖形過濾器可在「可選式程式元件」下找到。</text:p>
  <text:p text:style-name="Head 3"><help:switch select="Program"><help:case select="CALC"></help:case><help:case select="DRAW"></help:case><help:case select="IMPRESS"></help:case><help:default>文字文件的匯入和匯出<help:key-word value="匯入; 文字文件" tag="kw65614_11"/><help:key-word value="匯出; 文字文件" tag="kw65614_10"/><help:key-word value="文字文件; 匯入和匯出" tag="kw65614_9"/></help:default></help:switch></text:p>
  <text:p text:style-name="Paragraph"><help:switch select="Program"><help:case select="CALC"> </help:case><help:case select="DRAW"> </help:case><help:case select="IMPRESS"> </help:case><help:default>最常用的文字格式之一爲[MS Word]。<help:productname>%PRODUCTNAME</help:productname> Writer 可讀取此格式的不同版本。您也可以將您個人的文字儲存為 Word 格式。當然不是所有 <help:productname>%PRODUCTNAME</help:productname> Writer 可使用的格式都能轉換到[MS Word]，也不是全部的[MS Word]格式皆能匯入。</help:default></help:switch></text:p>
  <text:p text:style-name="Paragraph"><help:switch select="Program"><help:case select="CALC"> </help:case><help:case select="DRAW"> </help:case><help:case select="IMPRESS"> </help:case><help:default>一般來說，匯入並不成問題。即使修改資訊和控制項 (Control) 也能匯入 (以及匯出)，因此 <help:productname>%PRODUCTNAME</help:productname> 會辨別新插入 Word 文件中，或從中刪除的文字以及已修改的字元屬性，並按照作者以顏色標明。藉此，關於當時修改時間點的資訊也會加以套用。匯入圖形文字方塊，以及從樣式中匯入標籤時，會套用最常用的屬性，甚至直接當作固定段落屬性或字元屬性。此時自然會在匯入時遺失這個或另一個屬性。</help:default></help:switch></text:p>
  <text:p text:style-name="Paragraph"><help:switch select="Program"><help:case select="CALC"> </help:case><help:case select="DRAW"> </help:case><help:case select="IMPRESS"> </help:case><help:default>當然也可以匯入和匯出 <help:popup Id="65619" Eid="rtf">RTF</help:popup> 檔案。這個檔案格式是用來在不同應用程式和操作平台之間，進行格式化文字的交換。藉此會傳遞最常用的程式所使用的格式。當從 <help:productname>%PRODUCTNAME</help:productname> Calc 中透過 <help:link Id="65619" Eid="dde">DDE</help:link> 將一個區域插入 <help:productname>%PRODUCTNAME</help:productname> Writer 中時，「剪貼簿」同樣可處理此格式。</help:default></help:switch></text:p>
  <table:table table:name="Tabelle10" table:style-name="Tabelle10">
   <table:table-column table:style-name="Tabelle10.A"/>
   <table:table-column table:style-name="Tabelle10.B"/>
   <table:table-header-rows>
    <table:table-row table:style-name="Tabelle10.1">
     <table:table-cell table:style-name="Tabelle10.A1" table:value-type="string">
      <text:p text:style-name="Paragraph"><draw:image draw:name="圖示0" svg:desc="這個圖示指示出一些如何更快地、更有效地操作本程式的提示內容。" svg:pixelx="32" svg:pixely="32" svg:width="0.847cm" svg:height="0.847cm" xlink:href="66732" draw:filter-name=""/></text:p>

     </table:table-cell>
     <table:table-cell table:style-name="Tabelle10.A1" table:value-type="string">
      <text:p text:style-name="Paragraph"><text:span text:style-name="T1">「編碼文字」</text:span>文字篩選是用來以其他字型編碼開啟和儲存文字文件。篩選位於您可設定字型、標準字型、語言和換段落的對話方塊中。</text:p>
     </table:table-cell>
    </table:table-row>
   </table:table-header-rows>
  </table:table>
  <text:p text:style-name="Head 3"><a name="htmlfilter"/><help:key-word value="匯入; HTML 文件" tag="kw65614_8"/><help:key-word value="匯出; HTML 文件" tag="kw65614_7"/><help:key-word value="HTML 文件; 匯入和匯出" tag="kw65614_6"/>匯入和匯出為 HTML 格式</text:p>
  <text:p text:style-name="Paragraph">匯出邊框例如，段落邊框，到 HTML 文件時，線條會以正好 1 像素的寬度匯出，因為 Netscape Navigator 和 MS Internet Explorer 無法辨別小於此寬度的線條。匯入時，寬度為 1 像素的線條會變成 0,05 pt 寬的線條。</text:p>
  <text:p text:style-name="Paragraph">您也可以利用 <help:productname>%PRODUCTNAME</help:productname> Writer 在您的 HTML 文件中插入註腳和尾註。它們會當作元標籤匯出。註腳和尾註符號則會當作超連結匯出。</text:p>
  <text:p text:style-name="Paragraph">如果要能將未知字元同樣安插到 HTML 文件中，則使用備註。每個以「HTML：...」開始並以「&gt;」結束的備註都會當作 HTML 編碼處理，當然，這些標記不會輸出。在「HTML：...」之後同樣允許多個標籤存在，且在這些標籤之間亦可存在任意文字。變母音則轉換為 ANSI 字型。匯入時，同樣會建立備註 (例如，針對在文件資訊中不佔位置的元標籤或不明標籤)。</text:p>
  <text:p text:style-name="Paragraph"><help:key-word value="支援 UTF-8/UCS2; HTML" tag="kw65614_5"/><help:productname>%PRODUCTNAME</help:productname> Writer 的 HTML 匯入情形為讀取以 UTF-8 或 UCS2 字元編碼的形式存在的檔案。藉此顯示位於 ANSI 字型或系統字型中的全部字元。</text:p>
  <text:p text:style-name="Paragraph"><help:key-word value="HTML; 匯出字元集" tag="kw65614_4"/>匯出至 HTML 時，使用在<text:span text:style-name="T1">[工具] - [選項] - [載入/儲存] - [HTML 相容]</text:span>中選取的字元集。未在該處展示的字元會以代替格式寫入，該格式會正確地顯示在現代 Web 瀏覽器中。匯出此類字元時，您將收到相應的警告。</text:p>
  <text:p text:style-name="Paragraph">如果您已在功能表<text:span text:style-name="T1">「工具」-「選項」-「載入/儲存」-「HTML 相容」</text:span>下設定 Netscape Navigator 4.0、MS Internet Explorer 4.0 或 <help:productname>%PRODUCTNAME</help:productname> Writer 為匯出選項，那麼在匯出時，所有重要的字元屬性都會當作 CSS1-Style 的直接格式 (例如，文字顏色、字型大小、粗體、斜體等) 匯出。(<help:link Id="65629" Eid="style">CSS</help:link> 表示 Cascading Style Sheets。Style Sheets 可解釋為樣式或列印格式樣式。) 匯入同樣是根據此標準。</text:p>
  <text:p text:style-name="Paragraph">「字型」屬性與 Netscape Navigator 相對應；也就是說，在指定字型大小之前，您可以為「字型樣式」 (斜體、無)、「字型變體」 (標準、小寫)、「字型粗細」 (標準、黑體) 選取可選擇的值。</text:p>
  <text:unordered-list text:style-name="L1">
   <text:list-item>
    <text:p text:style-name="P2">例如，字型：bold italic small-caps 12pt/200% <text:s/>Arial, Helvetica 啟用粗體、斜體、小型大寫字母、12pt 字型、雙倍行距列間隔以及字型家族 Arial 或 Helvetica (如果 Arial 不存在)。</text:p>
   </text:list-item>
  </text:unordered-list>
  <text:unordered-list text:style-name="L2">
   <text:list-item>
    <text:p text:style-name="P3">字型：10pt 使用 10pt 字型，並不用粗體、斜體和小型大寫字母。</text:p>
   </text:list-item>
  </text:unordered-list>
  <text:p text:style-name="Paragraph">如果設定 MS Internet Explorer 4.0 或 <help:productname>%PRODUCTNAME</help:productname> Writer 當作匯出選項，則控制項的大小以及與內容的間隔會當作 Style (列印格式) 匯出。CSS1 屬性會針對大小使用「width」和「height」。所有頁面上間隔相同時會使用「margin」屬性，間隔不同時則使用「margin-left」、「margin-right」、「margin-top」和「margin-bottom」屬性。</text:p>
  <text:p text:style-name="Paragraph">圖形<help:switch select="System"><help:case select ="WIN">、<help:link Id="65629" Eid="plugin">Plug-in</help:link></help:case></help:switch> 和 <help:link Id="65629" Eid="applet">Applet</help:link> 與內容的間隔可針對 <help:productname>%PRODUCTNAME</help:productname> Writer 和 MS Internet Explorer 4.0 個別設定。如果設定不同的上/下或左/右間隔，則這些間隔會當作對應的程式標籤「STYLE」選項中的 CSS1 屬性「margin-top」、「margin-bottom」、「margin-left」和「margin-right」匯出。</text:p>
  <text:p text:style-name="Paragraph">因對絕對定位的物件使用 CSS1 擴展，從而支援文字方塊。這僅適用於匯出選項 Netscape Navigator 4.0、MS Internet Explorer 4.0 和 <help:productname>%PRODUCTNAME</help:productname> Writer。文字方塊可以像圖形、<help:switch select="System"><help:case select ="WIN">Plug-in、</help:case></help:switch>Applet 及訊框一樣對齊，但有字元連結的文字方塊卻不行。</text:p>
  <text:p text:style-name="Paragraph">文字方塊如果未包含欄，則會當作 &lt;SPAN&gt; 或 &lt;DIV&gt; 程式標籤匯出。如果包含欄，則當作 &lt;MULTICOL&gt; 匯出。</text:p>
  <text:p text:style-name="Paragraph">匯出 HTML 時的單位會使用目前在 <help:productname>%PRODUCTNAME</help:productname> 中，設定用於 CSS1 屬性的定量單位。您可以在<text:span text:style-name="T1">「工具」-「選項」-「文字文件」-「一般」</text:span>或<text:span text:style-name="T1">「工具」-「選項」-「HTML 文件」-「檢視」</text:span>下分別為文字文件和 HTML 文件設定定量單位。所匯出小數點位數的數目會按單位調整：</text:p>
  <table:table table:name="Tabelle1" table:style-name="Tabelle1">
   <table:table-column table:style-name="Tabelle1.A"/>
   <table:table-column table:style-name="Tabelle1.B"/>
   <table:table-column table:style-name="Tabelle1.C"/>
   <table:table-header-rows>
    <table:table-row>
     <table:table-cell table:style-name="Tabelle1.A1" table:value-type="string">
      <text:p text:style-name="TableHead">定量單位</text:p>
     </table:table-cell>
     <table:table-cell table:style-name="Tabelle1.A1" table:value-type="string">
      <text:p text:style-name="TableHead">CSS1 定量單位的名稱</text:p>
     </table:table-cell>
     <table:table-cell table:style-name="Tabelle1.C1" table:value-type="string">
      <text:p text:style-name="TableHead">最多小數點位數</text:p>
     </table:table-cell>
    </table:table-row>
   </table:table-header-rows>
   <table:table-row>
    <table:table-cell table:style-name="Tabelle1.A2" table:value-type="string">
     <text:p text:style-name="TextInTable">毫米</text:p>
    </table:table-cell>
    <table:table-cell table:style-name="Tabelle1.A2" table:value-type="string">
     <text:p text:style-name="TextInTable">mm</text:p>
    </table:table-cell>
    <table:table-cell table:style-name="Tabelle1.C2" table:value-type="string">
     <text:p text:style-name="TextInTable">2</text:p>
    </table:table-cell>
   </table:table-row>
   <table:table-row>
    <table:table-cell table:style-name="Tabelle1.A2" table:value-type="string">
     <text:p text:style-name="TextInTable">厘米</text:p>
    </table:table-cell>
    <table:table-cell table:style-name="Tabelle1.A2" table:value-type="string">
     <text:p text:style-name="TextInTable">cm</text:p>
    </table:table-cell>
    <table:table-cell table:style-name="Tabelle1.C2" table:value-type="string">
     <text:p text:style-name="TextInTable">2</text:p>
    </table:table-cell>
   </table:table-row>
   <table:table-row>
    <table:table-cell table:style-name="Tabelle1.A2" table:value-type="string">
     <text:p text:style-name="TextInTable">英吋</text:p>
    </table:table-cell>
    <table:table-cell table:style-name="Tabelle1.A2" table:value-type="string">
     <text:p text:style-name="TextInTable">in</text:p>
    </table:table-cell>
    <table:table-cell table:style-name="Tabelle1.C2" table:value-type="string">
     <text:p text:style-name="TextInTable">2</text:p>
    </table:table-cell>
   </table:table-row>
   <table:table-row>
    <table:table-cell table:style-name="Tabelle1.A2" table:value-type="string">
     <text:p text:style-name="TextInTable">pica</text:p>
    </table:table-cell>
    <table:table-cell table:style-name="Tabelle1.A2" table:value-type="string">
     <text:p text:style-name="TextInTable">pc</text:p>
    </table:table-cell>
    <table:table-cell table:style-name="Tabelle1.C2" table:value-type="string">
     <text:p text:style-name="TextInTable">2</text:p>
    </table:table-cell>
   </table:table-row>
   <table:table-row>
    <table:table-cell table:style-name="Tabelle1.A2" table:value-type="string">
     <text:p text:style-name="TextInTable">點</text:p>
    </table:table-cell>
    <table:table-cell table:style-name="Tabelle1.A2" table:value-type="string">
     <text:p text:style-name="TextInTable">pt</text:p>
    </table:table-cell>
    <table:table-cell table:style-name="Tabelle1.C2" table:value-type="string">
     <text:p text:style-name="TextInTable">1</text:p>
    </table:table-cell>
   </table:table-row>
  </table:table>
  <text:p text:style-name="Paragraph"><help:productname>%PRODUCTNAME</help:productname> 的網頁篩選支援某些 CSS2 功能。如果要使用這些功能，自然必須在功能表<text:span text:style-name="T1">「工具」-「選項」-「載入/儲存」-「HTML 相容」</text:span>中啟動「列印版式-匯出」。在 HTML 文件中除了 HTML 頁面樣式外，還有「首頁」、「左頁」和「右頁」這些樣式可供使用。這些樣式可在列印不同的首頁、左頁和右頁的頁面大小和邊距時加以指定。</text:p>
  <text:p text:style-name="Head 3">匯入和匯出編號</text:p>
  <text:p text:style-name="Paragraph">如果在<text:span text:style-name="T1">「工具」-「選項」-「載入/儲存」-「HTML 相容」</text:span>下選取了匯出選項「<help:productname>%PRODUCTNAME</help:productname> Writer」或「Internet Explorer」，那麼編號的縮排會當作 &lt;OL&gt; 和 &lt;UL&gt; 程式標籤的 STYLE 屬性中的「margin-left」CSS1 屬性匯出。這個屬性每次都會指定再上一級的縮排差異值。</text:p>
  <text:p text:style-name="Paragraph">左段落縮排會在編號內指定為「margin-left」CSS1 屬性。首行縮排則會於編號中加以忽略，且因此不會匯出。</text:p>
  <text:p text:style-name="Head 3">匯入和匯出表格檔案</text:p>
  <text:p text:style-name="Paragraph"><help:productname>%PRODUCTNAME</help:productname> 可匯入和匯出諸如參照的欄之類已刪除區域的參照。匯出過程中可以檢視整個公式，已刪除的參照包含對參照的指示 (#REF!)。在匯入期間，會為參照相應地建立一個 #REF!。</text:p>
  <text:p text:style-name="Head 3">匯入和匯出圖形檔案</text:p>
  <text:p text:style-name="Paragraph">您能夠以和 HTML 文件類似的方式決定開啟一個 <help:productname>%PRODUCTNAME</help:productname> 圖形檔時，是否要使用名稱中含有附加項目(<help:productname>%PRODUCTNAME</help:productname> Impress) 的篩選。如果要使用，則檔案會當作 <help:productname>%PRODUCTNAME</help:productname> Draw 文件開啟；否則，現在會以 <help:productname>%PRODUCTNAME</help:productname> Impress 開啟以舊版程式儲存的檔案，如此一來，您便能夠使用文件當作簡報的輸出點。</text:p>
  <text:p text:style-name="Paragraph">匯入 EPS 檔案時，圖形預覽會顯示在文件中。如果無法預覽，則與圖形大小相對應的定位符會顯示在文件中。在 Unix 和 Microsoft Windows 下，您可以使用 PostScript 印表機列印匯入的檔案。<help:switch select="System"><help:case select ="UNIX"></help:case><help:default>如果使用不同的印表機，則將列印預覽。</help:default></help:switch>匯出 EPS 圖形時，會建立預覽且預覽具有 TIFF 格式或 EPSI 格式。如果 EPS 圖形與其他圖形一同以 EPS 格式匯出，則此檔案將以原樣內嵌於新的檔案中。</text:p>
  <text:p text:style-name="Paragraph">匯入和匯出 TIFF 格式的圖形時，同樣會考慮到所謂的「多頁 Tiff」。如此便關係到在單一檔案中個別影像的彙集，例如，傳真的個別頁面。</text:p>
  <text:p text:style-name="Paragraph">您可透過功能表<text:span text:style-name="T1">「檔案」-「匯出」</text:span>取得某些 <help:productname>%PRODUCTNAME</help:productname> Draw 和 <help:productname>%PRODUCTNAME</help:productname> Impress 的選項。</text:p>
  <text:p text:style-name="Head 3"><help:key-word value="PostScript; 建立檔案" tag="kw65614_3"/><help:key-word value="匯出; PostScript" tag="kw65614_2"/>PostScript</text:p>
  <text:p text:style-name="Paragraph">若要以 PostScript 格式匯出文件或圖形，請：</text:p>
  <text:ordered-list text:style-name="L3">
   <text:list-item>
    <text:p text:style-name="P4">只要尚未加以處理，則請安裝 PostScript 印表機驅動程式，例如，Apple LaserWriter 的驅動程式。</text:p>
   </text:list-item>
   <text:list-item>
    <text:p text:style-name="P4">使用<text:span text:style-name="T1">[檔案] - [列印]</text:span>功能表指令列印文件。</text:p>
   </text:list-item>
   <text:list-item>
    <text:p text:style-name="P4">在對話方塊中選取 PostScript 印表機並標記<text:span text:style-name="T1">[列印成檔案]</text:span>核取方塊。則將建立 PostScript 檔案。</text:p>
   </text:list-item>
  </text:ordered-list>
 </office:body>
</office:document>
