

<office:document  xmlns:office="http://openoffice.org/2000/office" xmlns:style="http://openoffice.org/2000/style" xmlns:text="http://openoffice.org/2000/text" xmlns:table="http://openoffice.org/2000/table" xmlns:draw="http://openoffice.org/2000/drawing" xmlns:fo="http://www.w3.org/1999/XSL/Format" xmlns:xlink="http://www.w3.org/1999/xlink" xmlns:number="http://openoffice.org/2000/datastyle" xmlns:svg="http://www.w3.org/2000/svg" xmlns:chart="http://openoffice.org/2000/chart" xmlns:dr3d="http://openoffice.org/2000/dr3d" xmlns:math="http://www.w3.org/1998/Math/MathML" xmlns:form="http://openoffice.org/2000/form" xmlns:script="http://openoffice.org/2000/script" office:class="text" office:version="1.0" xmlns:dc="http://purl.org/dc/elements/1.1/" xmlns:meta="http://openoffice.org/2000/meta" xmlns:help="http://openoffice.org/2000/help">
<office:meta>
  <dc:description>text/common/00/00040502</dc:description>
  <dc:subject>「格式」功能表</dc:subject>
  <meta:keywords>
   <meta:keyword>$Version</meta:keyword>
  </meta:keywords>
  <dc:language>zh-TW</dc:language>
  <meta:user-defined meta:name="Info 0">READY</meta:user-defined>
  <meta:user-defined meta:name="Info 1">FREE_OK</meta:user-defined>
  <meta:user-defined meta:name="Info 2">NOINDEX</meta:user-defined>
  <meta:user-defined meta:name="Info 3"/>
</office:meta>
 <office:script/>
 <office:font-decls>
  <style:font-decl style:name="StarSymbol" fo:font-family="StarSymbol" style:font-charset="x-symbol"/>
  <style:font-decl style:name="Courier New" fo:font-family="&apos;Courier New&apos;" style:font-style-name="Standard" style:font-family-generic="modern" style:font-pitch="fixed"/>
  <style:font-decl style:name="Courier" fo:font-family="Courier" style:font-family-generic="roman" style:font-pitch="fixed"/>
  <style:font-decl style:name="Andale WT UI3" fo:font-family="&apos;Andale WT UI&apos;" style:font-pitch="variable"/>
  <style:font-decl style:name="Arial Unicode MS" fo:font-family="&apos;Arial Unicode MS&apos;" style:font-pitch="variable"/>
  <style:font-decl style:name="HG Mincho Light J" fo:font-family="&apos;HG Mincho Light J&apos;" style:font-pitch="variable"/>
  <style:font-decl style:name="Andale WT UI" fo:font-family="&apos;Andale WT UI&apos;" style:font-style-name="Fett" style:font-family-generic="roman" style:font-pitch="variable"/>
  <style:font-decl style:name="Andale WT UI1" fo:font-family="&apos;Andale WT UI&apos;" style:font-style-name="Standard" style:font-family-generic="roman" style:font-pitch="variable"/>
  <style:font-decl style:name="Thorndale" fo:font-family="Thorndale" style:font-family-generic="roman" style:font-pitch="variable"/>
  <style:font-decl style:name="Times New Roman" fo:font-family="&apos;Times New Roman&apos;" style:font-style-name="Fett" style:font-family-generic="roman" style:font-pitch="variable"/>
  <style:font-decl style:name="Andale WT UI2" fo:font-family="&apos;Andale WT UI&apos;" style:font-family-generic="swiss" style:font-pitch="variable"/>
 </office:font-decls>
 <office:automatic-styles>
  <style:style style:name="Tabelle8" style:family="table">
   <style:properties style:width="18cm" table:align="margins"/>
  </style:style>
  <style:style style:name="Tabelle8.A" style:family="table-column">
   <style:properties style:column-width="1.501cm" style:rel-column-width="5465*"/>
  </style:style>
  <style:style style:name="Tabelle8.B" style:family="table-column">
   <style:properties style:column-width="16.499cm" style:rel-column-width="60070*"/>
  </style:style>
  <style:style style:name="Tabelle9" style:family="table">
   <style:properties style:width="18cm" table:align="margins"/>
  </style:style>
  <style:style style:name="Tabelle9.A" style:family="table-column">
   <style:properties style:column-width="1.501cm" style:rel-column-width="5465*"/>
  </style:style>
  <style:style style:name="Tabelle9.B" style:family="table-column">
   <style:properties style:column-width="16.499cm" style:rel-column-width="60070*"/>
  </style:style>
  <style:style style:name="Tabelle4" style:family="table">
   <style:properties style:width="18cm" table:align="margins"/>
  </style:style>
  <style:style style:name="Tabelle4.A" style:family="table-column">
   <style:properties style:column-width="1.501cm" style:rel-column-width="5466*"/>
  </style:style>
  <style:style style:name="Tabelle4.B" style:family="table-column">
   <style:properties style:column-width="16.499cm" style:rel-column-width="60069*"/>
  </style:style>
  <style:style style:name="Tabelle1" style:family="table">
   <style:properties style:width="18cm" table:align="margins"/>
  </style:style>
  <style:style style:name="Tabelle1.A" style:family="table-column">
   <style:properties style:column-width="1.501cm" style:rel-column-width="5465*"/>
  </style:style>
  <style:style style:name="Tabelle1.B" style:family="table-column">
   <style:properties style:column-width="16.499cm" style:rel-column-width="60070*"/>
  </style:style>
  <style:style style:name="Tabelle2" style:family="table">
   <style:properties style:width="18cm" table:align="margins"/>
  </style:style>
  <style:style style:name="Tabelle2.A" style:family="table-column">
   <style:properties style:column-width="1.501cm" style:rel-column-width="5465*"/>
  </style:style>
  <style:style style:name="Tabelle2.B" style:family="table-column">
   <style:properties style:column-width="16.499cm" style:rel-column-width="60070*"/>
  </style:style>
  <style:style style:name="Tabelle10" style:family="table">
   <style:properties style:width="18cm" table:align="margins"/>
  </style:style>
  <style:style style:name="Tabelle10.A" style:family="table-column">
   <style:properties style:column-width="1.501cm" style:rel-column-width="5465*"/>
  </style:style>
  <style:style style:name="Tabelle10.B" style:family="table-column">
   <style:properties style:column-width="16.499cm" style:rel-column-width="60070*"/>
  </style:style>
  <style:style style:name="Tabelle11" style:family="table">
   <style:properties style:width="18cm" table:align="margins"/>
  </style:style>
  <style:style style:name="Tabelle11.A" style:family="table-column">
   <style:properties style:column-width="1.501cm" style:rel-column-width="5465*"/>
  </style:style>
  <style:style style:name="Tabelle11.B" style:family="table-column">
   <style:properties style:column-width="16.499cm" style:rel-column-width="60070*"/>
  </style:style>
  <style:style style:name="Tabelle12" style:family="table">
   <style:properties style:width="18cm" table:align="margins"/>
  </style:style>
  <style:style style:name="Tabelle12.A" style:family="table-column">
   <style:properties style:column-width="1.501cm" style:rel-column-width="5465*"/>
  </style:style>
  <style:style style:name="Tabelle12.B" style:family="table-column">
   <style:properties style:column-width="16.499cm" style:rel-column-width="60070*"/>
  </style:style>
  <style:style style:name="Tabelle3" style:family="table">
   <style:properties style:width="18cm" table:align="margins"/>
  </style:style>
  <style:style style:name="Tabelle3.A" style:family="table-column">
   <style:properties style:column-width="1.501cm" style:rel-column-width="5466*"/>
  </style:style>
  <style:style style:name="Tabelle3.B" style:family="table-column">
   <style:properties style:column-width="16.499cm" style:rel-column-width="60069*"/>
  </style:style>
  <style:style style:name="Tabelle5" style:family="table">
   <style:properties style:width="18cm" table:align="margins"/>
  </style:style>
  <style:style style:name="Tabelle5.A" style:family="table-column">
   <style:properties style:column-width="1.501cm" style:rel-column-width="5465*"/>
  </style:style>
  <style:style style:name="Tabelle5.B" style:family="table-column">
   <style:properties style:column-width="16.499cm" style:rel-column-width="60070*"/>
  </style:style>
  <style:style style:name="Tabelle6" style:family="table">
   <style:properties style:width="18cm" table:align="margins"/>
  </style:style>
  <style:style style:name="Tabelle6.A" style:family="table-column">
   <style:properties style:column-width="1.501cm" style:rel-column-width="5465*"/>
  </style:style>
  <style:style style:name="Tabelle6.B" style:family="table-column">
   <style:properties style:column-width="16.499cm" style:rel-column-width="60070*"/>
  </style:style>
  <style:style style:name="Tabelle7" style:family="table">
   <style:properties style:width="18cm" table:align="margins"/>
  </style:style>
  <style:style style:name="Tabelle7.A" style:family="table-column">
   <style:properties style:column-width="1.501cm" style:rel-column-width="5466*"/>
  </style:style>
  <style:style style:name="Tabelle7.B" style:family="table-column">
   <style:properties style:column-width="16.499cm" style:rel-column-width="60069*"/>
  </style:style>
  <style:style style:name="Tabelle13" style:family="table">
   <style:properties style:width="18cm" table:align="margins"/>
  </style:style>
  <style:style style:name="Tabelle13.A" style:family="table-column">
   <style:properties style:column-width="1.501cm" style:rel-column-width="5466*"/>
  </style:style>
  <style:style style:name="Tabelle13.B" style:family="table-column">
   <style:properties style:column-width="16.499cm" style:rel-column-width="60069*"/>
  </style:style>
  <style:style style:name="Tabelle14" style:family="table">
   <style:properties style:width="18cm" table:align="margins"/>
  </style:style>
  <style:style style:name="Tabelle14.A" style:family="table-column">
   <style:properties style:column-width="1.501cm" style:rel-column-width="5466*"/>
  </style:style>
  <style:style style:name="Tabelle14.B" style:family="table-column">
   <style:properties style:column-width="16.499cm" style:rel-column-width="60069*"/>
  </style:style>
  <style:style style:name="Tabelle16" style:family="table">
   <style:properties style:width="18cm" table:align="margins"/>
  </style:style>
  <style:style style:name="Tabelle16.A" style:family="table-column">
   <style:properties style:column-width="1.501cm" style:rel-column-width="5466*"/>
  </style:style>
  <style:style style:name="Tabelle16.B" style:family="table-column">
   <style:properties style:column-width="16.499cm" style:rel-column-width="60069*"/>
  </style:style>
  <style:style style:name="Tabelle15" style:family="table">
   <style:properties style:width="18cm" table:align="margins"/>
  </style:style>
  <style:style style:name="Tabelle15.A" style:family="table-column">
   <style:properties style:column-width="1.501cm" style:rel-column-width="5466*"/>
  </style:style>
  <style:style style:name="Tabelle15.B" style:family="table-column">
   <style:properties style:column-width="16.499cm" style:rel-column-width="60069*"/>
  </style:style>
  <style:style style:name="P1" style:family="paragraph" style:parent-style-name="Paragraph" style:master-page-name="HTML">
   <style:properties style:page-number="0"/>
  </style:style>
  <style:style style:name="T1" style:family="text">
   <style:properties fo:font-weight="bold"/>
  </style:style>
  <style:style style:name="fr1" style:family="graphics" style:parent-style-name="Graphics">
   <style:properties style:run-through="foreground" style:wrap="run-through" style:vertical-pos="top" style:vertical-rel="paragraph" style:horizontal-pos="left" style:horizontal-rel="paragraph" style:mirror="none" fo:clip="rect(0cm 0cm 0cm 0cm)" draw:luminance="0%" draw:contrast="0%" draw:red="0%" draw:green="0%" draw:blue="0%" draw:gamma="1" draw:color-inversion="false" draw:transparency="-100%" draw:color-mode="standard"/>
  </style:style>
  <style:style style:name="fr2" style:family="graphics" style:parent-style-name="Graphics">
   <style:properties style:wrap="run-through" style:horizontal-pos="left" style:horizontal-rel="paragraph" style:mirror="none" fo:clip="rect(0cm 0cm 0cm 0cm)" draw:luminance="0%" draw:contrast="0%" draw:red="0%" draw:green="0%" draw:blue="0%" draw:gamma="1" draw:color-inversion="false" draw:transparency="-100%" draw:color-mode="standard"/>
  </style:style>
 </office:automatic-styles>
 <office:body>
  <text:variable-decls>
   <text:variable-decl text:value-type="string" text:name="HTML_ON"/>
   <text:variable-decl text:value-type="string" text:name="HTML_OFF"/>
   <text:variable-decl text:value-type="string" text:name="TITEL"/>
   <text:variable-decl text:value-type="string" text:name="END"/>
   <text:variable-decl text:value-type="string" text:name="OS2"/>
   <text:variable-decl text:value-type="string" text:name="ELSE"/>
   <text:variable-decl text:value-type="string" text:name="NAME"/>
   <text:variable-decl text:value-type="string" text:name="MAC"/>
   <text:variable-decl text:value-type="string" text:name="HREF"/>
   <text:variable-decl text:value-type="string" text:name="MODIFY"/>
   <text:variable-decl text:value-type="string" text:name="REFNR"/>
   <text:variable-decl text:value-type="string" text:name="HFELD"/>
   <text:variable-decl text:value-type="string" text:name="STYLE"/>
  </text:variable-decls>
  <text:sequence-decls>
   <text:sequence-decl text:display-outline-level="0" text:name="Illustration"/>
   <text:sequence-decl text:display-outline-level="0" text:name="Table"/>
   <text:sequence-decl text:display-outline-level="0" text:name="Text"/>
   <text:sequence-decl text:display-outline-level="0" text:name="Drawing"/>
  </text:sequence-decls>
  <text:p text:style-name="P1"/>
  <text:p text:style-name="Head 1">「格式」功能表</text:p>
  <help:to-popup Eid="linie1">
  <text:p text:style-name="Paragraph">功能表<text:span text:style-name="T1">「格式」-「線條...」</text:span></text:p>
  <text:p text:style-name="Paragraph">在<text:span text:style-name="T1">[物件列]</text:span>上，按一下</text:p>
  <help:to-be-embedded Eid="sylinie">
  <table:table table:name="Tabelle8" table:style-name="Tabelle8">
   <table:table-column table:style-name="Tabelle8.A"/>
   <table:table-column table:style-name="Tabelle8.B"/>
   <table:table-header-rows>
    <table:table-row>
     <table:table-cell table:value-type="string">
      <text:p text:style-name="Paragraph"><draw:image draw:name="圖示0" svg:desc="圖示" svg:pixelx="25" svg:pixely="25" svg:width="0.661cm" svg:height="0.661cm" xlink:href="66103" draw:filter-name=""/></text:p>

     </table:table-cell>
     <table:table-cell table:value-type="string">
      <text:p text:style-name="Paragraph">線條</text:p>
     </table:table-cell>
    </table:table-row>
   </table:table-header-rows>
  </table:table>
  </help:to-be-embedded></help:to-popup>
  <help:to-popup Eid="linie2">
  <text:p text:style-name="Paragraph">功能表<text:span text:style-name="T1">「格式」-「線條...」-</text:span> 選項標籤<text:span text:style-name="T1">「線條」</text:span></text:p>
  <text:p text:style-name="Paragraph">功能表<text:span text:style-name="T1">「格式」-「樣式」-「目錄...」-「變更/新建...」-</text:span> 選項標籤<text:span text:style-name="T1">「線條」</text:span> (簡報文件)</text:p>
  <text:p text:style-name="Paragraph">功能表<text:span text:style-name="T1">「格式」-「各類樣式」- 快顯功能表「變更/新建...」-</text:span> 選項標籤<text:span text:style-name="T1">「線條」</text:span> (簡報文件)</text:p>
  <text:p text:style-name="Paragraph">功能表<text:span text:style-name="T1">「格式」-「標題」-</text:span> 選項標籤<text:span text:style-name="T1">「邊框」</text:span> (圖表文件)</text:p>
  <text:p text:style-name="Paragraph">功能表<text:span text:style-name="T1">「格式」-「圖例...」-</text:span> 選項標籤<text:span text:style-name="T1">「邊框」</text:span> (圖表文件)</text:p>
  <text:p text:style-name="Paragraph">功能表<text:span text:style-name="T1">「格式」-「軸」-</text:span> 選項標籤<text:span text:style-name="T1">「線條」</text:span> (圖表文件)</text:p>
  <text:p text:style-name="Paragraph">功能表<text:span text:style-name="T1">「格式」-「網格線...」-</text:span> 選項標籤<text:span text:style-name="T1">「線條」</text:span> (圖表文件)</text:p>
  <text:p text:style-name="Paragraph">功能表<text:span text:style-name="T1">「格式」-「圖表背景牆...」-</text:span> 選項標籤<text:span text:style-name="T1">「邊框」</text:span> (圖表文件)</text:p>
  <text:p text:style-name="Paragraph">功能表<text:span text:style-name="T1">「格式」-「座標軸...」-</text:span> 選項標籤<text:span text:style-name="T1">「邊框」</text:span> (圖表文件)</text:p>
  <text:p text:style-name="Paragraph">功能表<text:span text:style-name="T1">「格式」-「圖表平面...」-</text:span> 選項標籤<text:span text:style-name="T1">「邊框」</text:span> (圖表文件)</text:p>
  </help:to-popup>
  <text:p text:style-name="Paragraph"><help:to-popup Eid="linienstile">功能表<text:span text:style-name="T1">「格式」-「線條...」-</text:span> 選項標籤<text:span text:style-name="T1">「線條樣式」</text:span></help:to-popup></text:p>
  <text:p text:style-name="Paragraph"><help:to-popup Eid="linienenden">功能表<text:span text:style-name="T1">「格式」-「線條...」-</text:span> 選項標籤<text:span text:style-name="T1">「線條箭頭」</text:span></help:to-popup></text:p>
  <help:to-popup Eid="flaeche1">
  <text:p text:style-name="Paragraph">功能表<text:span text:style-name="T1">「格式」-「平面...」</text:span></text:p>
  <text:p text:style-name="Paragraph">在<text:span text:style-name="T1">[物件列]</text:span>上，按一下</text:p>
  <help:to-be-embedded Eid="syflaeche">
  <table:table table:name="Tabelle9" table:style-name="Tabelle9">
   <table:table-column table:style-name="Tabelle9.A"/>
   <table:table-column table:style-name="Tabelle9.B"/>
   <table:table-header-rows>
    <table:table-row>
     <table:table-cell table:value-type="string">
      <text:p text:style-name="Paragraph"><draw:image draw:name="圖示1" svg:desc="圖示" svg:pixelx="25" svg:pixely="25" svg:width="0.661cm" svg:height="0.661cm" xlink:href="66685" draw:filter-name=""/></text:p>

     </table:table-cell>
     <table:table-cell table:value-type="string">
      <text:p text:style-name="Paragraph">平面</text:p>
     </table:table-cell>
    </table:table-row>
   </table:table-header-rows>
  </table:table>
  </help:to-be-embedded></help:to-popup>
  <help:to-popup Eid="flaeche2">
  <text:p text:style-name="Paragraph">功能表<text:span text:style-name="T1">「格式」-「平面...」-</text:span> 選項標籤<text:span text:style-name="T1">「平面」</text:span> (圖表文件)</text:p>
  <text:p text:style-name="Paragraph">功能表<text:span text:style-name="T1">「格式」-「樣式」-「目錄...」-「變更/新建...」-</text:span> 選項標籤<text:span text:style-name="T1">「平面」</text:span> (簡報文件)</text:p>
  <text:p text:style-name="Paragraph">功能表<text:span text:style-name="T1">「格式」-「各類樣式」- 快顯功能表「變更/新建...」-</text:span> 選項標籤<text:span text:style-name="T1">「平面」</text:span> (簡報文件)</text:p>
  <text:p text:style-name="Paragraph">功能表<text:span text:style-name="T1">「格式」-「標題」-</text:span> 選項標籤<text:span text:style-name="T1">「平面」</text:span> (圖表文件)</text:p>
  <text:p text:style-name="Paragraph">功能表<text:span text:style-name="T1">「格式」-「圖例...」-</text:span> 選項標籤<text:span text:style-name="T1">「平面」</text:span> (圖表文件)</text:p>
  <text:p text:style-name="Paragraph">功能表<text:span text:style-name="T1">「格式」-「圖表背景牆...」-</text:span> 選項標籤<text:span text:style-name="T1">「平面」</text:span> (圖表文件)</text:p>
  <text:p text:style-name="Paragraph">功能表<text:span text:style-name="T1">「格式」-「座標軸...」-</text:span> 選項標籤<text:span text:style-name="T1">「平面」</text:span> (圖表文件)</text:p>
  <text:p text:style-name="Paragraph">功能表<text:span text:style-name="T1">「格式」-「圖表平面...」-</text:span> 選項標籤<text:span text:style-name="T1">「平面」</text:span> (圖表文件)</text:p>
  <text:p text:style-name="Paragraph">功能表<text:span text:style-name="T1">「格式」-「頁...」</text:span>- 選項標籤<text:span text:style-name="T1">「背景」</text:span> (在 <help:productname>%PRODUCTNAME</help:productname> Impress 和 <help:productname>%PRODUCTNAME</help:productname> Draw 中)</text:p>
  </help:to-popup>
  <help:to-popup Eid="farben">
  <text:p text:style-name="Paragraph">功能表<text:span text:style-name="T1">「格式」-「平面...」-</text:span> 選項標籤<text:span text:style-name="T1">「顏色」</text:span></text:p>
  <text:p text:style-name="Paragraph">功能表<text:span text:style-name="T1">「工具」-「選項」-「<help:productname>%PRODUCTNAME</help:productname>」-「選項標籤顏色」</text:span></text:p>
  </help:to-popup>
  <help:to-popup Eid="trans">
  <text:p text:style-name="Paragraph">功能表<text:span text:style-name="T1">「格式」-「平面...」-</text:span> 選項標籤<text:span text:style-name="T1">「透明」</text:span>(繪圖文件)</text:p>
  <text:p text:style-name="Paragraph">功能表<text:span text:style-name="T1">「格式」-「平面...」-</text:span> 選項標籤<text:span text:style-name="T1">「透明」</text:span>(簡報文件)</text:p>
  <text:p text:style-name="Paragraph">功能表<text:span text:style-name="T1">「格式」-「圖表背景牆...」-</text:span> 選項標籤<text:span text:style-name="T1">「透明」</text:span> (圖表文件)</text:p>
  <text:p text:style-name="Paragraph">功能表<text:span text:style-name="T1">「格式」-「圖表平面...」-</text:span> 選項標籤<text:span text:style-name="T1">「透明」</text:span> (圖表文件)</text:p>
  <text:p text:style-name="Paragraph">功能表<text:span text:style-name="T1">「格式」-「座標軸...」-</text:span> 選項標籤<text:span text:style-name="T1">「透明」</text:span> (圖表文件)</text:p>
  <text:p text:style-name="Paragraph">功能表<text:span text:style-name="T1">「格式」-「標題」-「所有標題...」</text:span>- 選項標籤<text:span text:style-name="T1">「透明」</text:span> (圖表文件)</text:p>
  <text:p text:style-name="Paragraph">功能表<text:span text:style-name="T1">「格式」-「標題」-「主標題...」-</text:span> 選項標籤<text:span text:style-name="T1">「透明」</text:span> (圖表文件)</text:p>
  <text:p text:style-name="Paragraph">功能表<text:span text:style-name="T1">「格式」-「標題」-「分標題...」-</text:span> 選項標籤<text:span text:style-name="T1">「透明」</text:span> (圖表文件)</text:p>
  <text:p text:style-name="Paragraph">功能表<text:span text:style-name="T1">「格式」-「標題」-「X 軸標題...」-</text:span> 選項標籤<text:span text:style-name="T1">「透明」</text:span> (圖表文件)</text:p>
  <text:p text:style-name="Paragraph">功能表<text:span text:style-name="T1">「格式」-「標題」-「Y 軸標題...」-</text:span> 選項標籤<text:span text:style-name="T1">「透明」</text:span> (圖表文件)</text:p>
  <text:p text:style-name="Paragraph">功能表<text:span text:style-name="T1">「格式」-「標題」-「Z 軸標題...」-</text:span> 選項標籤<text:span text:style-name="T1">「透明」</text:span> (圖表文件)</text:p>
  <text:p text:style-name="Paragraph">功能表<text:span text:style-name="T1">「格式」-「物件屬性...」-「資料點」</text:span>- 選項標籤<text:span text:style-name="T1">「透明」</text:span>(圖表文件)</text:p>
  <text:p text:style-name="Paragraph">功能表<text:span text:style-name="T1">「格式」-「物件屬性...」-「資料列」-</text:span> 選項標籤<text:span text:style-name="T1">「透明」</text:span>(圖表文件)</text:p>
  </help:to-popup>
  <text:p text:style-name="Paragraph"><help:to-popup Eid="schatte">功能表<text:span text:style-name="T1">「格式」-「平面...」-</text:span> 選項標籤<text:span text:style-name="T1">「陰影」</text:span></help:to-popup></text:p>
  <text:p text:style-name="Paragraph"><help:to-popup Eid="verlauf">功能表<text:span text:style-name="T1">「格式」-「平面...」-</text:span> 選項標籤<text:span text:style-name="T1">「彩色圖案」</text:span></help:to-popup></text:p>
  <text:p text:style-name="Paragraph"><help:to-popup Eid="schraffur">功能表<text:span text:style-name="T1">「格式」-「平面...」-</text:span> 選項標籤<text:span text:style-name="T1">「陰影線」</text:span></help:to-popup></text:p>
  <text:p text:style-name="Paragraph"><help:to-popup Eid="bitmap">功能表<text:span text:style-name="T1">「格式」-「平面...」-</text:span> 選項標籤<text:span text:style-name="T1">「點陣圖圖案」</text:span></help:to-popup></text:p>
  <text:p text:style-name="Paragraph"><help:to-popup Eid="formattext">功能表<text:span text:style-name="T1">「格式」-「文字...」</text:span></help:to-popup></text:p>
  <text:p text:style-name="Paragraph"><help:to-popup Eid="text">選擇<text:span text:style-name="T1">[格式] - [文字] - [文字]</text:span>標籤</help:to-popup></text:p>
  <text:p text:style-name="Paragraph"><help:to-popup Eid="laufext">功能表<text:span text:style-name="T1">「格式」-「文字...」-</text:span> 選項標籤<text:span text:style-name="T1">「動態文字」</text:span></help:to-popup></text:p>
  <help:to-popup Eid="position1">
  <text:p text:style-name="Paragraph">功能表<text:span text:style-name="T1">「格式」-「位置和大小...」</text:span></text:p>
  <text:p text:style-name="Paragraph"><help:switch select="Program"><help:case select="DRAW">(F4) 鍵</help:case><help:case select="IMPRESS">(F4) 鍵</help:case></help:switch></text:p>
  <help:switch select="Program"><help:case select="CHART"></help:case><help:default>
  <text:p text:style-name="Paragraph">按住 CTRL 鍵，然後在<text:span text:style-name="T1">[物件列]</text:span>上按一下</text:p>
  <help:to-be-embedded Eid="syposition">
  <table:table table:name="Tabelle4" table:style-name="Tabelle4">
   <table:table-column table:style-name="Tabelle4.A"/>
   <table:table-column table:style-name="Tabelle4.B"/>
   <table:table-header-rows>
    <table:table-row>
     <table:table-cell table:value-type="string">
      <text:p text:style-name="Paragraph"><draw:image draw:name="圖示2" svg:desc="圖示" svg:pixelx="25" svg:pixely="25" svg:width="0.661cm" svg:height="0.661cm" xlink:href="66269" draw:filter-name=""/></text:p>

     </table:table-cell>
     <table:table-cell table:value-type="string">
      <text:p text:style-name="Paragraph">位置和大小</text:p>
     </table:table-cell>
    </table:table-row>
   </table:table-header-rows>
  </table:table>
  </help:to-be-embedded></help:default></help:switch>
  </help:to-popup>
  <help:to-popup Eid="adngpb">
  <text:p text:style-name="Paragraph">功能表<help:switch select="Program"><help:case select="WRITER"><text:span text:style-name="T1">「格式」</text:span></help:case><help:default><text:span text:style-name="T1">「變更」</text:span></help:default></help:switch><text:span text:style-name="T1"> - 「命名物件」</text:span></text:p>
  <text:p text:style-name="Paragraph">物件的快顯功能表 - <text:span text:style-name="T1">「命名物件」</text:span></text:p>
  </help:to-popup>
  <text:p text:style-name="Paragraph"><help:to-popup Eid="position2">功能表<text:span text:style-name="T1">「格式」-「位置和大小」</text:span> - 選項標籤<text:span text:style-name="T1">「位置和大小」</text:span></help:to-popup></text:p>
  <help:to-popup Eid="drehung">
  <text:p text:style-name="Paragraph">功能表<text:span text:style-name="T1">「格式」-「位置和大小...」-</text:span> 選項標籤<text:span text:style-name="T1">「旋轉」</text:span></text:p>
  <text:p text:style-name="Paragraph">在<text:span text:style-name="T1">[物件列]</text:span>上，按一下</text:p>
  <table:table table:name="Tabelle1" table:style-name="Tabelle1">
   <table:table-column table:style-name="Tabelle1.A"/>
   <table:table-column table:style-name="Tabelle1.B"/>
   <table:table-header-rows>
    <table:table-row>
     <table:table-cell table:value-type="string">
      <text:p text:style-name="Paragraph"><draw:image draw:name="圖示3" svg:desc="圖示" svg:pixelx="25" svg:pixely="25" svg:width="0.661cm" svg:height="0.661cm" xlink:href="66620" draw:filter-name=""/></text:p>

     </table:table-cell>
     <table:table-cell table:value-type="string">
      <text:p text:style-name="Paragraph">旋轉</text:p>
     </table:table-cell>
    </table:table-row>
   </table:table-header-rows>
  </table:table>
  </help:to-popup>
  <text:p text:style-name="Paragraph"><help:to-popup Eid="ecke">功能表<text:span text:style-name="T1">「格式」-「位置和大小...」-</text:span> 選項標籤<text:span text:style-name="T1">「傾斜/角度」</text:span></help:to-popup></text:p>
  <text:p text:style-name="Paragraph"><help:to-popup Eid="legende">功能表<text:span text:style-name="T1">「格式」-「位置和大小...」-</text:span> 選項標籤<text:span text:style-name="T1">「圖例」</text:span></help:to-popup></text:p>
  <help:to-popup Eid="punkte">
  <text:p text:style-name="Paragraph">功能表<text:span text:style-name="T1">「編輯」-「接點」</text:span></text:p>
  <text:p text:style-name="Paragraph"><help:switch select="Program"><help:case select="DRAW">快顯功能表<text:span text:style-name="T1">「編輯接點」</text:span></help:case></help:switch><help:switch select="Program"><help:case select="IMPRESS">快顯功能表<text:span text:style-name="T1">「編輯接點」</text:span></help:case></help:switch></text:p>
  <text:p text:style-name="Paragraph"><help:switch select="Program"><help:case select="DRAW">(F8) 鍵</help:case><help:case select="IMPRESS">(F8) 鍵</help:case></help:switch></text:p>
  <text:p text:style-name="Paragraph">在<help:switch select="Program"><help:case select="DRAW"><text:span text:style-name="T1">[選項列]</text:span>或</help:case><help:case select="IMPRESS"><text:span text:style-name="T1">[選項列]</text:span>或</help:case></help:switch><text:span text:style-name="T1">[物件列]</text:span>上，按一下</text:p>
  <help:to-be-embedded Eid="sypunktebearbeiten">
  <table:table table:name="Tabelle2" table:style-name="Tabelle2">
   <table:table-column table:style-name="Tabelle2.A"/>
   <table:table-column table:style-name="Tabelle2.B"/>
   <table:table-header-rows>
    <table:table-row>
     <table:table-cell table:value-type="string">
      <text:p text:style-name="Paragraph"><draw:image draw:name="圖示4" svg:desc="圖示" svg:pixelx="25" svg:pixely="25" svg:width="0.661cm" svg:height="0.661cm" xlink:href="66621" draw:filter-name=""/></text:p>

     </table:table-cell>
     <table:table-cell table:value-type="string">
      <text:p text:style-name="Paragraph">編輯接點</text:p>
     </table:table-cell>
    </table:table-row>
   </table:table-header-rows>
  </table:table>
  </help:to-be-embedded></help:to-popup>
  <help:to-popup Eid="schrift2">
  <text:p text:style-name="Paragraph">選擇<text:span text:style-name="T1">[格式] - [字元]</text:span> (繪圖功能)</text:p>
  <text:p text:style-name="Paragraph">開啟上下文功能表 - 選擇<text:span text:style-name="T1">[字元]</text:span></text:p>
  </help:to-popup>
  <help:to-popup Eid="groesse">
  <text:p text:style-name="Paragraph">快顯功能表<text:span text:style-name="T1">「大小」</text:span></text:p>
  </help:to-popup>
  <help:to-popup Eid="stil">
  <text:p text:style-name="Paragraph">快顯功能表<text:span text:style-name="T1">「樣式」</text:span></text:p>
  </help:to-popup>
  <help:to-popup Eid="stilfett">
  <text:p text:style-name="Paragraph">功能表<text:span text:style-name="T1">「格式」-「樣式」-「粗體」</text:span>(用於繪圖功能)</text:p>
  <text:p text:style-name="Paragraph">快顯功能表<text:span text:style-name="T1">「樣式」</text:span>-<text:span text:style-name="T1">「粗體」</text:span></text:p>
  <text:p text:style-name="Paragraph">在<text:span text:style-name="T1">[物件列]</text:span>上，按一下</text:p>
  <help:to-be-embedded Eid="syfett">
  <table:table table:name="Tabelle10" table:style-name="Tabelle10">
   <table:table-column table:style-name="Tabelle10.A"/>
   <table:table-column table:style-name="Tabelle10.B"/>
   <table:table-header-rows>
    <table:table-row>
     <table:table-cell table:value-type="string">
      <text:p text:style-name="Paragraph"><draw:image draw:name="圖示5" svg:desc="圖示" svg:pixelx="16" svg:pixely="15" svg:width="0.423cm" svg:height="0.397cm" xlink:href="65575" draw:filter-name=""/></text:p>

     </table:table-cell>
     <table:table-cell table:value-type="string">
      <text:p text:style-name="Paragraph">粗體</text:p>
     </table:table-cell>
    </table:table-row>
   </table:table-header-rows>
  </table:table>
  </help:to-be-embedded></help:to-popup>
  <help:to-popup Eid="stilkursiv">
  <text:p text:style-name="Paragraph">功能表<text:span text:style-name="T1">「格式」-「樣式」-「斜體」</text:span>(用於繪圖功能)</text:p>
  <text:p text:style-name="Paragraph">快顯功能表<text:span text:style-name="T1">「樣式」</text:span>-<text:span text:style-name="T1">「斜體」</text:span></text:p>
  <text:p text:style-name="Paragraph">在<text:span text:style-name="T1">[物件列]</text:span>上，按一下</text:p>
  <help:to-be-embedded Eid="sykursiv">
  <table:table table:name="Tabelle11" table:style-name="Tabelle11">
   <table:table-column table:style-name="Tabelle11.A"/>
   <table:table-column table:style-name="Tabelle11.B"/>
   <table:table-header-rows>
    <table:table-row>
     <table:table-cell table:value-type="string">
      <text:p text:style-name="Paragraph"><draw:image draw:name="圖示6" svg:desc="圖示" svg:pixelx="16" svg:pixely="15" svg:width="0.423cm" svg:height="0.397cm" xlink:href="65576" draw:filter-name=""/></text:p>

     </table:table-cell>
     <table:table-cell table:value-type="string">
      <text:p text:style-name="Paragraph">斜體</text:p>
     </table:table-cell>
    </table:table-row>
   </table:table-header-rows>
  </table:table>
  </help:to-be-embedded></help:to-popup>
  <help:to-popup Eid="stilunter">
  <text:p text:style-name="Paragraph">功能表<text:span text:style-name="T1">「格式」-「樣式」-「底線」</text:span>(用於繪圖功能)</text:p>
  <text:p text:style-name="Paragraph">快顯功能表<text:span text:style-name="T1">「樣式」</text:span>-<text:span text:style-name="T1">「底線」</text:span></text:p>
  <text:p text:style-name="Paragraph">在<text:span text:style-name="T1">[物件列]</text:span>上，按一下</text:p>
  <help:to-be-embedded Eid="syunterstreichen">
  <table:table table:name="Tabelle12" table:style-name="Tabelle12">
   <table:table-column table:style-name="Tabelle12.A"/>
   <table:table-column table:style-name="Tabelle12.B"/>
   <table:table-header-rows>
    <table:table-row>
     <table:table-cell table:value-type="string">
      <text:p text:style-name="Paragraph"><draw:image draw:name="圖示7" svg:desc="圖示" svg:pixelx="16" svg:pixely="15" svg:width="0.423cm" svg:height="0.397cm" xlink:href="65577" draw:filter-name=""/></text:p>

     </table:table-cell>
     <table:table-cell table:value-type="string">
      <text:p text:style-name="Paragraph">底線</text:p>
     </table:table-cell>
    </table:table-row>
   </table:table-header-rows>
  </table:table>
  </help:to-be-embedded></help:to-popup>
  <help:to-popup Eid="stildurch">
  <text:p text:style-name="Paragraph">功能表<text:span text:style-name="T1">「格式」-「樣式」-「刪除線」</text:span>(用於繪圖功能)</text:p>
  <text:p text:style-name="Paragraph">快顯功能表<text:span text:style-name="T1">「樣式」</text:span>-<text:span text:style-name="T1">「刪除線」</text:span></text:p>
  </help:to-popup>
  <help:to-popup Eid="stilschatten">
  <text:p text:style-name="Paragraph">功能表<text:span text:style-name="T1">「格式」-「樣式」-「陰影」</text:span>(用於繪圖功能)</text:p>
  <text:p text:style-name="Paragraph">快顯功能表<text:span text:style-name="T1">「樣式」</text:span>-<text:span text:style-name="T1">「陰影」</text:span></text:p>
  </help:to-popup>
  <help:to-popup Eid="stilkontur">
  <text:p text:style-name="Paragraph">功能表<text:span text:style-name="T1">「格式」-「樣式」-「輪廓」</text:span>(用於繪圖功能)</text:p>
  <text:p text:style-name="Paragraph">快顯功能表<text:span text:style-name="T1">「樣式」</text:span>-<text:span text:style-name="T1">「輪廓」</text:span></text:p>
  </help:to-popup>
  <help:to-popup Eid="stilhoch">
  <text:p text:style-name="Paragraph">功能表<text:span text:style-name="T1">「格式」-「樣式」-「上標」</text:span>(用於繪圖功能)</text:p>
  <text:p text:style-name="Paragraph">快顯功能表<text:span text:style-name="T1">「樣式」</text:span>-<text:span text:style-name="T1">「上標」</text:span></text:p>
  </help:to-popup>
  <help:to-popup Eid="stiltief">
  <text:p text:style-name="Paragraph">功能表<text:span text:style-name="T1">「格式」-「樣式」-「下標」</text:span>(用於繪圖功能)</text:p>
  <text:p text:style-name="Paragraph">快顯功能表<text:span text:style-name="T1">「樣式」-「上標」</text:span></text:p>
  </help:to-popup>
  <help:to-popup Eid="zeilenabstand">
  <text:p text:style-name="Paragraph">功能表<text:span text:style-name="T1">「格式」-「列間隔」</text:span>(用於繪圖功能)</text:p>
  <text:p text:style-name="Paragraph">快顯功能表<text:span text:style-name="T1">「列間隔」</text:span></text:p>
  </help:to-popup>
  <help:to-popup Eid="zeilenabstandein">
  <text:p text:style-name="Paragraph">功能表<text:span text:style-name="T1">「格式」-「列間隔」-「單行」</text:span>(用於繪圖功能)</text:p>
  <text:p text:style-name="Paragraph">快顯功能表<text:span text:style-name="T1">「列間隔」</text:span>-<text:span text:style-name="T1">「單行」</text:span></text:p>
  </help:to-popup>
  <help:to-popup Eid="zeilenabstandeinsfuenf">
  <text:p text:style-name="Paragraph">功能表<text:span text:style-name="T1">「格式」-「列間隔」-「1.5 行」</text:span>(用於繪圖功能)</text:p>
  <text:p text:style-name="Paragraph">快顯功能表<text:span text:style-name="T1">「列間隔」</text:span>-<text:span text:style-name="T1">「1.5 行」</text:span></text:p>
  </help:to-popup>
  <help:to-popup Eid="zeilenabstandzwei">
  <text:p text:style-name="Paragraph">功能表<text:span text:style-name="T1">「格式」-「列間隔」-「雙行」</text:span>(用於繪圖功能)</text:p>
  <text:p text:style-name="Paragraph">快顯功能表<text:span text:style-name="T1">「列間隔」</text:span>-<text:span text:style-name="T1">「雙行」</text:span></text:p>
  </help:to-popup>
  <help:to-popup Eid="linkstext">
  <text:p text:style-name="Paragraph">功能表<text:span text:style-name="T1">「格式」-「對齊」-「向左」</text:span>(用於繪圖功能)</text:p>
  <text:p text:style-name="Paragraph">快顯功能表<text:span text:style-name="T1">「對齊」-「向左」</text:span></text:p>
  <text:p text:style-name="Paragraph">在<text:span text:style-name="T1">[物件列]</text:span>上，按一下</text:p>
  <help:to-be-embedded Eid="sylinksbuendig">
  <table:table table:name="Tabelle3" table:style-name="Tabelle3">
   <table:table-column table:style-name="Tabelle3.A"/>
   <table:table-column table:style-name="Tabelle3.B"/>
   <table:table-header-rows>
    <table:table-row>
     <table:table-cell table:value-type="string">
      <text:p text:style-name="Paragraph"><draw:image draw:name="圖示8" svg:desc="圖示" svg:pixelx="25" svg:pixely="25" svg:width="0.661cm" svg:height="0.661cm" xlink:href="66691" draw:filter-name=""/></text:p>

     </table:table-cell>
     <table:table-cell table:value-type="string">
      <text:p text:style-name="Paragraph">向左對齊</text:p>
     </table:table-cell>
    </table:table-row>
   </table:table-header-rows>
  </table:table>
  </help:to-be-embedded></help:to-popup>
  <help:to-popup Eid="rechtstext">
  <text:p text:style-name="Paragraph">功能表<text:span text:style-name="T1">「格式」-「對齊」-「向右」</text:span>(用於繪圖功能)</text:p>
  <text:p text:style-name="Paragraph">快顯功能表<text:span text:style-name="T1">「對齊」-「向右」</text:span></text:p>
  <text:p text:style-name="Paragraph">在<text:span text:style-name="T1">[物件列]</text:span>上，按一下</text:p>
  <help:to-be-embedded Eid="syrechtsbuendig">
  <table:table table:name="Tabelle5" table:style-name="Tabelle5">
   <table:table-column table:style-name="Tabelle5.A"/>
   <table:table-column table:style-name="Tabelle5.B"/>
   <table:table-header-rows>
    <table:table-row>
     <table:table-cell table:value-type="string">
      <text:p text:style-name="Paragraph"><draw:image draw:name="圖示9" svg:desc="圖示" svg:pixelx="25" svg:pixely="25" svg:width="0.661cm" svg:height="0.661cm" xlink:href="66697" draw:filter-name=""/></text:p>

     </table:table-cell>
     <table:table-cell table:value-type="string">
      <text:p text:style-name="Paragraph">向右對齊</text:p>
     </table:table-cell>
    </table:table-row>
   </table:table-header-rows>
  </table:table>
  </help:to-be-embedded></help:to-popup>
  <help:to-popup Eid="zentrierttext">
  <text:p text:style-name="Paragraph">功能表<text:span text:style-name="T1">「格式」-「對齊」-「置中」</text:span>(用於繪圖功能)</text:p>
  <text:p text:style-name="Paragraph">快顯功能表<text:span text:style-name="T1">「對齊」-「置中」</text:span></text:p>
  <text:p text:style-name="Paragraph">在<text:span text:style-name="T1">[物件列]</text:span>上，按一下</text:p>
  <help:to-be-embedded Eid="syzentriert">
  <table:table table:name="Tabelle6" table:style-name="Tabelle6">
   <table:table-column table:style-name="Tabelle6.A"/>
   <table:table-column table:style-name="Tabelle6.B"/>
   <table:table-header-rows>
    <table:table-row>
     <table:table-cell table:value-type="string">
      <text:p text:style-name="Paragraph"><draw:image draw:name="圖示10" svg:desc="圖示" svg:pixelx="25" svg:pixely="25" svg:width="0.661cm" svg:height="0.661cm" xlink:href="66688" draw:filter-name=""/></text:p>

     </table:table-cell>
     <table:table-cell table:value-type="string">
      <text:p text:style-name="Paragraph"><help:switch select="Program"><help:case select="CALC">水平置中對齊</help:case><help:default>置中</help:default></help:switch></text:p>
     </table:table-cell>
    </table:table-row>
   </table:table-header-rows>
  </table:table>
  </help:to-be-embedded></help:to-popup>
  <help:to-popup Eid="blocktext">
  <text:p text:style-name="Paragraph">功能表<text:span text:style-name="T1">「格式」-「對齊」-「左右對齊」</text:span>(用於繪圖功能)</text:p>
  <text:p text:style-name="Paragraph">快顯功能表<text:span text:style-name="T1">「對齊」-「左右對齊」</text:span></text:p>
  <text:p text:style-name="Paragraph">在<text:span text:style-name="T1">[物件列]</text:span>上，按一下</text:p>
  <help:to-be-embedded Eid="syblocksatz">
  <table:table table:name="Tabelle7" table:style-name="Tabelle7">
   <table:table-column table:style-name="Tabelle7.A"/>
   <table:table-column table:style-name="Tabelle7.B"/>
   <table:table-header-rows>
    <table:table-row>
     <table:table-cell table:value-type="string">
      <text:p text:style-name="Paragraph"><draw:image draw:name="圖示11" svg:desc="圖示" svg:pixelx="25" svg:pixely="25" svg:width="0.661cm" svg:height="0.661cm" xlink:href="66595" draw:filter-name=""/></text:p>

     </table:table-cell>
     <table:table-cell table:value-type="string">
      <text:p text:style-name="Paragraph">左右對齊</text:p>
     </table:table-cell>
    </table:table-row>
   </table:table-header-rows>
  </table:table>
  </help:to-be-embedded></help:to-popup>
  <text:p text:style-name="Paragraph"><help:to-popup Eid="font">功能表<text:span text:style-name="T1">「格式」-「美術字型」</text:span> (在已選取的文字繪圖物件)</help:to-popup></text:p>
  <help:to-popup Eid="gruppe">
  <text:p text:style-name="Paragraph">功能表<text:span text:style-name="T1">「格式」-「群組」</text:span></text:p>
  <text:p text:style-name="Paragraph">快顯功能表<text:span text:style-name="T1">「群組」</text:span></text:p>
  </help:to-popup>
  <help:to-popup Eid="gruppie">
  <text:p text:style-name="Paragraph">功能表<text:span text:style-name="T1">「格式」-「群組」-「群組」</text:span>(文字文件、工作表文件)</text:p>
  <text:p text:style-name="Paragraph">功能表<text:span text:style-name="T1">「變更」-「群組」</text:span>(繪圖)</text:p>
  <text:p text:style-name="Paragraph">快顯功能表<text:span text:style-name="T1">「群組」-「群組」</text:span> (表單物件)</text:p>
  <text:p text:style-name="Paragraph">在表單設計中的<text:span text:style-name="T1">[物件列]</text:span>上，按一下</text:p>
  <help:to-be-embedded Eid="sygruppieren">
  <table:table table:name="Tabelle13" table:style-name="Tabelle13">
   <table:table-column table:style-name="Tabelle13.A"/>
   <table:table-column table:style-name="Tabelle13.B"/>
   <table:table-header-rows>
    <table:table-row>
     <table:table-cell table:value-type="string">
      <text:p text:style-name="Paragraph"><draw:image draw:name="圖示12" svg:desc="圖示" svg:pixelx="25" svg:pixely="25" svg:width="0.661cm" svg:height="0.661cm" xlink:href="65965" draw:filter-name=""/></text:p>

     </table:table-cell>
     <table:table-cell table:value-type="string">
      <text:p text:style-name="Paragraph">群組</text:p>
     </table:table-cell>
    </table:table-row>
   </table:table-header-rows>
  </table:table>
  </help:to-be-embedded></help:to-popup>
  <help:to-popup Eid="gruppieauf">
  <text:p text:style-name="Paragraph">功能表<text:span text:style-name="T1">「格式」-「群組」-「取消」</text:span>(文字文件、工作表文件、在已選取的群組)</text:p>
  <text:p text:style-name="Paragraph">功能表<text:span text:style-name="T1">「變更」-「取消群組」</text:span>(繪圖)</text:p>
  <text:p text:style-name="Paragraph">快顯功能表<text:span text:style-name="T1">「取消群組」</text:span></text:p>
  <text:p text:style-name="Paragraph">在表單設計中的<text:span text:style-name="T1">[物件列]</text:span>上，按一下</text:p>
  <help:to-be-embedded Eid="sygrupaufh">
  <table:table table:name="Tabelle14" table:style-name="Tabelle14">
   <table:table-column table:style-name="Tabelle14.A"/>
   <table:table-column table:style-name="Tabelle14.B"/>
   <table:table-header-rows>
    <table:table-row>
     <table:table-cell table:value-type="string">
      <text:p text:style-name="Paragraph"><draw:image draw:name="圖示13" svg:desc="圖示" svg:pixelx="25" svg:pixely="25" svg:width="0.661cm" svg:height="0.661cm" xlink:href="65963" draw:filter-name=""/></text:p>

     </table:table-cell>
     <table:table-cell table:value-type="string">
      <text:p text:style-name="Paragraph">取消群組</text:p>
     </table:table-cell>
    </table:table-row>
   </table:table-header-rows>
  </table:table>
  </help:to-be-embedded></help:to-popup>
  <help:to-popup Eid="adngvl">
  <text:p text:style-name="Paragraph">功能表<text:span text:style-name="T1">「格式」-「群組」-「退出群組」</text:span>(文字文件、工作表文件、在群組中的已選取物件下)</text:p>
  <text:p text:style-name="Paragraph">功能表<text:span text:style-name="T1">「變更」-「退出群組」</text:span>(繪圖)</text:p>
  <text:p text:style-name="Paragraph">快顯功能表<text:span text:style-name="T1">「退出群組」</text:span></text:p>
  <text:p text:style-name="Paragraph">在表單設計中的<text:span text:style-name="T1">[物件列]</text:span>上，按一下</text:p>
  <help:to-be-embedded Eid="sygrupverl">
  <table:table table:name="Tabelle16" table:style-name="Tabelle16">
   <table:table-column table:style-name="Tabelle16.A"/>
   <table:table-column table:style-name="Tabelle16.B"/>
   <table:table-header-rows>
    <table:table-row>
     <table:table-cell table:value-type="string">
      <text:p text:style-name="Paragraph"><draw:image draw:name="圖示14" svg:desc="圖示" svg:pixelx="25" svg:pixely="25" svg:width="0.661cm" svg:height="0.661cm" xlink:href="65966" draw:filter-name=""/></text:p>

     </table:table-cell>
     <table:table-cell table:value-type="string">
      <text:p text:style-name="Paragraph">退出群組</text:p>
     </table:table-cell>
    </table:table-row>
   </table:table-header-rows>
  </table:table>
  </help:to-be-embedded></help:to-popup>
  <help:to-popup Eid="adngte">
  <text:p text:style-name="Paragraph">功能表<text:span text:style-name="T1">「格式」-「群組」-「編輯群組」</text:span>(文字文件、工作表文件、在已選取的群組)</text:p>
  <text:p text:style-name="Paragraph">功能表<text:span text:style-name="T1">「變更」-編輯群組」</text:span>(繪圖)</text:p>
  <text:p text:style-name="Paragraph">快顯功能表<text:span text:style-name="T1">「編輯群組」</text:span></text:p>
  <text:p text:style-name="Paragraph">在表單設計中的<text:span text:style-name="T1">[物件列]</text:span>上，按一下</text:p>
  <help:to-be-embedded Eid="sygrupbetr">
  <table:table table:name="Tabelle15" table:style-name="Tabelle15">
   <table:table-column table:style-name="Tabelle15.A"/>
   <table:table-column table:style-name="Tabelle15.B"/>
   <table:table-header-rows>
    <table:table-row>
     <table:table-cell table:value-type="string">
      <text:p text:style-name="Paragraph"><draw:image draw:name="圖示15" svg:desc="圖示" svg:pixelx="25" svg:pixely="25" svg:width="0.661cm" svg:height="0.661cm" xlink:href="65964" draw:filter-name=""/></text:p>

     </table:table-cell>
     <table:table-cell table:value-type="string">
      <text:p text:style-name="Paragraph">編輯群組</text:p>
     </table:table-cell>
    </table:table-row>
   </table:table-header-rows>
  </table:table>
  </help:to-be-embedded></help:to-popup>
 </office:body>
</office:document>
