

<office:document  xmlns:office="http://openoffice.org/2000/office" xmlns:style="http://openoffice.org/2000/style" xmlns:text="http://openoffice.org/2000/text" xmlns:table="http://openoffice.org/2000/table" xmlns:draw="http://openoffice.org/2000/drawing" xmlns:fo="http://www.w3.org/1999/XSL/Format" xmlns:xlink="http://www.w3.org/1999/xlink" xmlns:number="http://openoffice.org/2000/datastyle" xmlns:svg="http://www.w3.org/2000/svg" xmlns:chart="http://openoffice.org/2000/chart" xmlns:dr3d="http://openoffice.org/2000/dr3d" xmlns:math="http://www.w3.org/1998/Math/MathML" xmlns:form="http://openoffice.org/2000/form" xmlns:script="http://openoffice.org/2000/script" office:class="text" office:version="1.0" xmlns:dc="http://purl.org/dc/elements/1.1/" xmlns:meta="http://openoffice.org/2000/meta" xmlns:help="http://openoffice.org/2000/help">
<office:meta>
  <dc:description>text/common/00/01000000</dc:description>
  <dc:subject>隱藏和固定已鎖定視窗</dc:subject>

  <dc:language>zh-TW</dc:language>
  <meta:user-defined meta:name="Info 0">READY</meta:user-defined>
  <meta:user-defined meta:name="Info 1">FREE_OK</meta:user-defined>
  <meta:user-defined meta:name="Info 2">HTML_OK</meta:user-defined>
  <meta:user-defined meta:name="Info 3"/>
</office:meta>
 <office:script/>
 <office:font-decls>
  <style:font-decl style:name="StarSymbol" fo:font-family="StarSymbol" style:font-charset="x-symbol"/>
  <style:font-decl style:name="Courier New" fo:font-family="&apos;Courier New&apos;" style:font-style-name="Standard" style:font-family-generic="modern" style:font-pitch="fixed"/>
  <style:font-decl style:name="Courier" fo:font-family="Courier" style:font-family-generic="roman" style:font-pitch="fixed"/>
  <style:font-decl style:name="Andale WT UI3" fo:font-family="&apos;Andale WT UI&apos;" style:font-pitch="variable"/>
  <style:font-decl style:name="Arial Unicode MS" fo:font-family="&apos;Arial Unicode MS&apos;" style:font-pitch="variable"/>
  <style:font-decl style:name="HG Mincho Light J" fo:font-family="&apos;HG Mincho Light J&apos;" style:font-pitch="variable"/>
  <style:font-decl style:name="Andale WT UI" fo:font-family="&apos;Andale WT UI&apos;" style:font-style-name="Fett" style:font-family-generic="roman" style:font-pitch="variable"/>
  <style:font-decl style:name="Andale WT UI1" fo:font-family="&apos;Andale WT UI&apos;" style:font-style-name="Standard" style:font-family-generic="roman" style:font-pitch="variable"/>
  <style:font-decl style:name="Thorndale" fo:font-family="Thorndale" style:font-family-generic="roman" style:font-pitch="variable"/>
  <style:font-decl style:name="Times New Roman" fo:font-family="&apos;Times New Roman&apos;" style:font-style-name="Fett" style:font-family-generic="roman" style:font-pitch="variable"/>
  <style:font-decl style:name="Andale WT UI2" fo:font-family="&apos;Andale WT UI&apos;" style:font-family-generic="swiss" style:font-pitch="variable"/>
 </office:font-decls>
 <office:automatic-styles>
  <style:style style:name="Tabelle5" style:family="table">
   <style:properties style:width="18cm" table:align="margins"/>
  </style:style>
  <style:style style:name="Tabelle5.A" style:family="table-column">
   <style:properties style:column-width="1cm" style:rel-column-width="3641*"/>
  </style:style>
  <style:style style:name="Tabelle5.B" style:family="table-column">
   <style:properties style:column-width="17cm" style:rel-column-width="61894*"/>
  </style:style>
  <style:style style:name="Tabelle5.A1" style:family="table-cell">
   <style:properties fo:padding="0.097cm" fo:border="none"/>
  </style:style>
  <style:style style:name="Tabelle5.A2" style:family="table-cell">
   <style:properties fo:vertical-align="middle" fo:padding="0.097cm" fo:border="none"/>
  </style:style>
  <style:style style:name="P1" style:family="paragraph" style:parent-style-name="Paragraph" style:master-page-name="HTML">
   <style:properties style:page-number="0"/>
  </style:style>
  <style:style style:name="T1" style:family="text">
   <style:properties fo:font-weight="bold"/>
  </style:style>
  <style:style style:name="fr1" style:family="graphics" style:parent-style-name="Graphics">
   <style:properties fo:margin-left="0cm" fo:margin-right="0cm" fo:margin-top="0cm" fo:margin-bottom="0cm" style:run-through="foreground" style:wrap="run-through" style:vertical-pos="top" style:vertical-rel="paragraph" style:horizontal-pos="center" style:horizontal-rel="paragraph" style:mirror="none" fo:clip="rect(0cm 0cm 0cm 0cm)" draw:luminance="0%" draw:contrast="0%" draw:red="0%" draw:green="0%" draw:blue="0%" draw:gamma="1" draw:color-inversion="false" draw:transparency="-100%" draw:color-mode="standard"/>
  </style:style>
 </office:automatic-styles>
 <office:body>
  <text:variable-decls>
   <text:variable-decl text:value-type="string" text:name="HTML_ON"/>
   <text:variable-decl text:value-type="string" text:name="HTML_OFF"/>
   <text:variable-decl text:value-type="string" text:name="TITEL"/>
   <text:variable-decl text:value-type="string" text:name="END"/>
   <text:variable-decl text:value-type="string" text:name="OS2"/>
   <text:variable-decl text:value-type="string" text:name="ELSE"/>
   <text:variable-decl text:value-type="string" text:name="NAME"/>
   <text:variable-decl text:value-type="string" text:name="MAC"/>
   <text:variable-decl text:value-type="string" text:name="HREF"/>
   <text:variable-decl text:value-type="string" text:name="MODIFY"/>
   <text:variable-decl text:value-type="string" text:name="REFNR"/>
   <text:variable-decl text:value-type="string" text:name="HelpID"/>
   <text:variable-decl text:value-type="string" text:name="AKTHLP"/>
   <text:variable-decl text:value-type="string" text:name="KEY"/>
   <text:variable-decl text:value-type="string" text:name="INDEX"/>
   <text:variable-decl text:value-type="string" text:name="STYLE"/>
  </text:variable-decls>
  <text:sequence-decls>
   <text:sequence-decl text:display-outline-level="0" text:name="Illustration"/>
   <text:sequence-decl text:display-outline-level="0" text:name="Table"/>
   <text:sequence-decl text:display-outline-level="0" text:name="Text"/>
   <text:sequence-decl text:display-outline-level="0" text:name="Drawing"/>
  </text:sequence-decls>
  <text:p text:style-name="P1"/>
  <text:p text:style-name="Head 1">隱藏和固定已鎖定視窗<help:key-word value="隱藏; 視窗" tag="kw65622_1"/><help:key-word value="固定; 視窗" tag="kw65622_7"/><help:key-word value="視窗; 隱藏" tag="kw65622_6"/><help:key-word value="視窗; 固定" tag="kw65622_5"/></text:p>
  <text:p text:style-name="Paragraph">每個<help:popup Id="65619" Eid="andocken">停駐的</help:popup>視窗都有兩個控制視窗顯示屬性的圖示。</text:p>
  <help:to-be-embedded Eid="floaticons">
  <text:p text:style-name="Paragraph">若要顯示或隱入停駐的視窗，請按一下箭頭圖示。若要在浮動狀態與固定狀態間變更，請按一下圖釘圖示。浮動的停駐視窗可能會重疊基礎文件的某些部份。固定的停駐視窗則不會重疊文件。</text:p>
  <text:p text:style-name="Paragraph">以左邊緣停駐的視窗有下列圖示：</text:p>
  <table:table table:name="Tabelle5" table:style-name="Tabelle5">
   <table:table-column table:style-name="Tabelle5.A"/>
   <table:table-column table:style-name="Tabelle5.B"/>
   <table:table-header-rows>
    <table:table-row>
     <table:table-cell table:style-name="Tabelle5.A1" table:number-columns-spanned="2" table:value-type="string">
      <text:p text:style-name="TableHead">顯示</text:p>
     </table:table-cell>
     <table:covered-table-cell/>
    </table:table-row>
   </table:table-header-rows>
   <table:table-row>
    <table:table-cell table:style-name="Tabelle5.A2" table:value-type="string">
     <text:p text:style-name="TextInTable"><draw:image draw:name="圖示0" svg:desc="圖示" svg:pixelx="10" svg:pixely="41" svg:width="0.265cm" svg:height="1.085cm" xlink:href="65822" draw:filter-name=""/></text:p>

    </table:table-cell>
    <table:table-cell table:style-name="Tabelle5.A2" table:value-type="string">
     <text:p text:style-name="Paragraph">按一下<text:span text:style-name="T1">顯示</text:span>圖示以開啟停駐的視窗。</text:p>
    </table:table-cell>
   </table:table-row>
   <table:table-row>
    <table:table-cell table:style-name="Tabelle5.A1" table:number-columns-spanned="2" table:value-type="string">
     <text:p text:style-name="TableHead">隱藏</text:p>
    </table:table-cell>
    <table:covered-table-cell/>
   </table:table-row>
   <table:table-row>
    <table:table-cell table:style-name="Tabelle5.A2" table:value-type="string">
     <text:p text:style-name="TextInTable"><draw:image draw:name="圖示1" svg:desc="圖示" svg:pixelx="10" svg:pixely="41" svg:width="0.265cm" svg:height="1.085cm" xlink:href="65679" draw:filter-name=""/></text:p>

    </table:table-cell>
    <table:table-cell table:style-name="Tabelle5.A2" table:value-type="string">
     <text:p text:style-name="Paragraph">按一下<text:span text:style-name="T1">隱入</text:span>圖示以關閉停駐的視窗。</text:p>
    </table:table-cell>
   </table:table-row>
   <table:table-row>
    <table:table-cell table:style-name="Tabelle5.A1" table:number-columns-spanned="2" table:value-type="string">
     <text:p text:style-name="TableHead">固定</text:p>
    </table:table-cell>
    <table:covered-table-cell/>
   </table:table-row>
   <table:table-row>
    <table:table-cell table:style-name="Tabelle5.A2" table:value-type="string">
     <text:p text:style-name="TextInTable"><draw:image draw:name="圖示2" svg:desc="圖示" svg:pixelx="10" svg:pixely="41" svg:width="0.265cm" svg:height="1.085cm" xlink:href="66255" draw:filter-name=""/></text:p>

    </table:table-cell>
    <table:table-cell table:style-name="Tabelle5.A2" table:value-type="string">
     <text:p text:style-name="Paragraph">按一下<text:span text:style-name="T1">固定</text:span>圖示以固定浮動的停駐視窗。</text:p>
    </table:table-cell>
   </table:table-row>
   <table:table-row>
    <table:table-cell table:style-name="Tabelle5.A1" table:number-columns-spanned="2" table:value-type="string">
     <text:p text:style-name="TableHead">浮動</text:p>
    </table:table-cell>
    <table:covered-table-cell/>
   </table:table-row>
   <table:table-row>
    <table:table-cell table:style-name="Tabelle5.A2" table:value-type="string">
     <text:p text:style-name="TextInTable"><draw:image draw:name="圖示3" svg:desc="圖示" svg:pixelx="10" svg:pixely="41" svg:width="0.265cm" svg:height="1.085cm" xlink:href="66254" draw:filter-name=""/></text:p>

    </table:table-cell>
    <table:table-cell table:style-name="Tabelle5.A2" table:value-type="string">
     <text:p text:style-name="Paragraph">按一下<text:span text:style-name="T1">浮動</text:span>圖示以變更固定的停駐視窗為浮動的停駐視窗。</text:p>
    </table:table-cell>
   </table:table-row>
  </table:table>
  </help:to-be-embedded>
  <text:p text:style-name="Head 2"><help:key-word value="自動隱入; 視窗" tag="kw65622_4"/><help:key-word value="自動顯示; 視窗" tag="kw65622_3"/><help:key-word value="視窗; 自動隱入/自動顯示" tag="kw65622_2"/>自動顯示及自動隱入停駐的視窗</text:p>
  <text:p text:style-name="Paragraph">您可以按一下隱入的停駐視窗的邊緣以開啟此視窗。</text:p>
  <text:p text:style-name="Paragraph">您將滑鼠指標移出停駐的視窗時該視窗會自動關閉。</text:p>
  <text:p text:style-name="Paragraph">多個停駐視窗在自動顯示/自動隱入模式中作為單個視窗。</text:p>
  <text:p text:style-name="Head 3">拖放</text:p>
  <text:p text:style-name="Paragraph">如果您將物件拖曳至隱入的停駐視窗邊緣，該視窗將以自動顯示模式開啟。</text:p>
 </office:body>
</office:document>
