

<office:document  xmlns:office="http://openoffice.org/2000/office" xmlns:style="http://openoffice.org/2000/style" xmlns:text="http://openoffice.org/2000/text" xmlns:table="http://openoffice.org/2000/table" xmlns:draw="http://openoffice.org/2000/drawing" xmlns:fo="http://www.w3.org/1999/XSL/Format" xmlns:xlink="http://www.w3.org/1999/xlink" xmlns:number="http://openoffice.org/2000/datastyle" xmlns:svg="http://www.w3.org/2000/svg" xmlns:chart="http://openoffice.org/2000/chart" xmlns:dr3d="http://openoffice.org/2000/dr3d" xmlns:math="http://www.w3.org/1998/Math/MathML" xmlns:form="http://openoffice.org/2000/form" xmlns:script="http://openoffice.org/2000/script" office:class="text" office:version="1.0" xmlns:dc="http://purl.org/dc/elements/1.1/" xmlns:meta="http://openoffice.org/2000/meta" xmlns:help="http://openoffice.org/2000/help">
<office:meta>
  <dc:description>text/common/00/01010000</dc:description>
  <dc:subject>「畫廊」快顯功能表</dc:subject>

  <dc:language>zh-TW</dc:language>
  <meta:user-defined meta:name="Info 0">READY</meta:user-defined>
  <meta:user-defined meta:name="Info 1">FREE_OK</meta:user-defined>
  <meta:user-defined meta:name="Info 2">NOINDEX</meta:user-defined>
  <meta:user-defined meta:name="Info 3"/>
</office:meta>
 <office:script/>
 <office:font-decls>
  <style:font-decl style:name="StarSymbol" fo:font-family="StarSymbol" style:font-charset="x-symbol"/>
  <style:font-decl style:name="Courier New" fo:font-family="&apos;Courier New&apos;" style:font-style-name="Standard" style:font-family-generic="modern" style:font-pitch="fixed"/>
  <style:font-decl style:name="Courier" fo:font-family="Courier" style:font-family-generic="roman" style:font-pitch="fixed"/>
  <style:font-decl style:name="Andale WT UI3" fo:font-family="&apos;Andale WT UI&apos;" style:font-pitch="variable"/>
  <style:font-decl style:name="Arial Unicode MS" fo:font-family="&apos;Arial Unicode MS&apos;" style:font-pitch="variable"/>
  <style:font-decl style:name="HG Mincho Light J" fo:font-family="&apos;HG Mincho Light J&apos;" style:font-pitch="variable"/>
  <style:font-decl style:name="Andale WT UI" fo:font-family="&apos;Andale WT UI&apos;" style:font-style-name="Fett" style:font-family-generic="roman" style:font-pitch="variable"/>
  <style:font-decl style:name="Andale WT UI1" fo:font-family="&apos;Andale WT UI&apos;" style:font-style-name="Standard" style:font-family-generic="roman" style:font-pitch="variable"/>
  <style:font-decl style:name="Thorndale" fo:font-family="Thorndale" style:font-family-generic="roman" style:font-pitch="variable"/>
  <style:font-decl style:name="Times New Roman" fo:font-family="&apos;Times New Roman&apos;" style:font-style-name="Fett" style:font-family-generic="roman" style:font-pitch="variable"/>
  <style:font-decl style:name="Andale WT UI2" fo:font-family="&apos;Andale WT UI&apos;" style:font-family-generic="swiss" style:font-pitch="variable"/>
 </office:font-decls>
 <office:automatic-styles>
  <style:style style:name="P1" style:family="paragraph" style:parent-style-name="Paragraph" style:master-page-name="HTML">
   <style:properties style:page-number="0"/>
  </style:style>
  <style:style style:name="T1" style:family="text">
   <style:properties fo:font-weight="bold"/>
  </style:style>
 </office:automatic-styles>
 <office:body>
  <text:variable-decls>
   <text:variable-decl text:value-type="string" text:name="HTML_ON"/>
   <text:variable-decl text:value-type="string" text:name="HTML_OFF"/>
   <text:variable-decl text:value-type="string" text:name="TITEL"/>
   <text:variable-decl text:value-type="string" text:name="END"/>
   <text:variable-decl text:value-type="string" text:name="OS2"/>
   <text:variable-decl text:value-type="string" text:name="ELSE"/>
   <text:variable-decl text:value-type="string" text:name="NAME"/>
   <text:variable-decl text:value-type="string" text:name="MAC"/>
   <text:variable-decl text:value-type="string" text:name="HREF"/>
   <text:variable-decl text:value-type="string" text:name="MODIFY"/>
   <text:variable-decl text:value-type="string" text:name="REFNR"/>
   <text:variable-decl text:value-type="string" text:name="HelpID"/>
   <text:variable-decl text:value-type="string" text:name="HFELD"/>
   <text:variable-decl text:value-type="string" text:name="WIN"/>
   <text:variable-decl text:value-type="string" text:name="AKTHLP"/>
  </text:variable-decls>
  <text:sequence-decls>
   <text:sequence-decl text:display-outline-level="0" text:name="Illustration"/>
   <text:sequence-decl text:display-outline-level="0" text:name="Table"/>
   <text:sequence-decl text:display-outline-level="0" text:name="Text"/>
   <text:sequence-decl text:display-outline-level="0" text:name="Drawing"/>
  </text:sequence-decls>
  <text:p text:style-name="P1"/>
  <text:p text:style-name="Head 1">「畫廊」快顯功能表</text:p>
  <text:p text:style-name="Head 2"><help:help-id value="HID_GALLERY_MN_ADDMENU"/>新增</text:p>
  <text:p text:style-name="Paragraph"><help:help-text value="visible">定義如何將所選圖形物件插入文件中。</help:help-text></text:p>
  <text:p text:style-name="Head 3"><help:help-id value="HID_GALLERY_MN_ADD"/>複製</text:p>
  <text:p text:style-name="Paragraph"><help:help-text value="visible">將所選圖形物件的副本直接插入文件中。</help:help-text>不存在任何與原來圖形的連結。使用了「複製」指令的文件在儲存時比使用「捷徑」的文件需要更多的儲存空間。</text:p>
  <text:p text:style-name="Head 3"><help:help-id value="HID_GALLERY_MN_ADD_LINK"/>捷徑</text:p>
  <text:p text:style-name="Paragraph"><help:help-text value="visible">將所選圖形作為捷徑插入。</help:help-text>連結的圖形物件是原來物件的參照。捷徑的優點在於，它比原來文件的「副本」需要更少的儲存空間。</text:p>
  <text:p text:style-name="Head 2"><help:switch select="Program"><help:case select="WRITER">背景</help:case></help:switch></text:p>
  <text:p text:style-name="Paragraph"><help:switch select="Program"><help:case select="WRITER">指定如何鎖定背景圖形。</help:case></help:switch></text:p>
  <text:p text:style-name="Head 3"><help:switch select="Program"><help:case select="WRITER">頁</help:case></help:switch></text:p>
  <text:p text:style-name="Paragraph"><help:switch select="Program"><help:case select="WRITER">將圖形鎖定至頁面。</help:case></help:switch></text:p>
  <text:p text:style-name="Head 3"><help:switch select="Program"><help:case select="WRITER">段落</help:case></help:switch></text:p>
  <text:p text:style-name="Paragraph"><help:switch select="Program"><help:case select="WRITER">將圖形鎖定至段落。</help:case></help:switch></text:p>
  <text:p text:style-name="Head 2"><help:help-id value="HID_GALLERY_MN_PREVIEW"/>預覽</text:p>
  <text:p text:style-name="Paragraph"><help:help-text value="visible"><text:span text:style-name="T1">[預覽]</text:span>指令顯示所選圖形。</help:help-text>再次選取<text:span text:style-name="T1">[預覽]</text:span>，以復原原來的檢視。您也可以透過在圖形上按兩下或按空格鍵來啟動或關閉預覽。</text:p>
  <text:p text:style-name="Head 2"><help:help-id value="HID_GALLERY_TITLE"/><help:help-id value="SVX_EDIT_RID_SVXDLG_GALLERY_TITLE_EDT_TITLE"/>頭銜</text:p>
  <text:p text:style-name="Paragraph"><help:help-text value="visible">為所選畫廊物件指定一個標題。</help:help-text>畫廊主題一定不能有防寫入保護。按一下[確定]關閉<text:span text:style-name="T1">[輸入標題]</text:span>對話方塊，即可設定標題。對於連結的物件，會在標題後面的括號中顯示來源路徑。</text:p>
  <text:p text:style-name="Head 2"><help:help-id value="HID_GALLERY_MN_DELETE"/>刪除</text:p>
  <text:p text:style-name="Paragraph"><help:help-text value="visible">確認後刪除所選圖形。</help:help-text></text:p>
 </office:body>
</office:document>
