

<office:document  xmlns:office="http://openoffice.org/2000/office" xmlns:style="http://openoffice.org/2000/style" xmlns:text="http://openoffice.org/2000/text" xmlns:table="http://openoffice.org/2000/table" xmlns:draw="http://openoffice.org/2000/drawing" xmlns:fo="http://www.w3.org/1999/XSL/Format" xmlns:xlink="http://www.w3.org/1999/xlink" xmlns:number="http://openoffice.org/2000/datastyle" xmlns:svg="http://www.w3.org/2000/svg" xmlns:chart="http://openoffice.org/2000/chart" xmlns:dr3d="http://openoffice.org/2000/dr3d" xmlns:math="http://www.w3.org/1998/Math/MathML" xmlns:form="http://openoffice.org/2000/form" xmlns:script="http://openoffice.org/2000/script" office:class="text" office:version="1.0" xmlns:dc="http://purl.org/dc/elements/1.1/" xmlns:meta="http://openoffice.org/2000/meta" xmlns:help="http://openoffice.org/2000/help">
<office:meta>
  <dc:description>text/common/00/01020000</dc:description>
  <dc:subject>唯讀模式下網頁的上下文功能表</dc:subject>

  <dc:language>zh-TW</dc:language>
  <meta:user-defined meta:name="Info 0">READY</meta:user-defined>
  <meta:user-defined meta:name="Info 1">FREE_OK</meta:user-defined>
  <meta:user-defined meta:name="Info 2">NOINDEX</meta:user-defined>
  <meta:user-defined meta:name="Info 3"/>
</office:meta>
 <office:script/>
 <office:font-decls>
  <style:font-decl style:name="StarSymbol" fo:font-family="StarSymbol" style:font-charset="x-symbol"/>
  <style:font-decl style:name="Courier New" fo:font-family="&apos;Courier New&apos;" style:font-style-name="Standard" style:font-family-generic="modern" style:font-pitch="fixed"/>
  <style:font-decl style:name="Courier" fo:font-family="Courier" style:font-family-generic="roman" style:font-pitch="fixed"/>
  <style:font-decl style:name="Andale WT UI3" fo:font-family="&apos;Andale WT UI&apos;" style:font-pitch="variable"/>
  <style:font-decl style:name="Arial Unicode MS" fo:font-family="&apos;Arial Unicode MS&apos;" style:font-pitch="variable"/>
  <style:font-decl style:name="HG Mincho Light J" fo:font-family="&apos;HG Mincho Light J&apos;" style:font-pitch="variable"/>
  <style:font-decl style:name="Andale WT UI" fo:font-family="&apos;Andale WT UI&apos;" style:font-style-name="Fett" style:font-family-generic="roman" style:font-pitch="variable"/>
  <style:font-decl style:name="Andale WT UI1" fo:font-family="&apos;Andale WT UI&apos;" style:font-style-name="Standard" style:font-family-generic="roman" style:font-pitch="variable"/>
  <style:font-decl style:name="Thorndale" fo:font-family="Thorndale" style:font-family-generic="roman" style:font-pitch="variable"/>
  <style:font-decl style:name="Times New Roman" fo:font-family="&apos;Times New Roman&apos;" style:font-style-name="Fett" style:font-family-generic="roman" style:font-pitch="variable"/>
  <style:font-decl style:name="Andale WT UI2" fo:font-family="&apos;Andale WT UI&apos;" style:font-family-generic="swiss" style:font-pitch="variable"/>
 </office:font-decls>
 <office:automatic-styles>
  <style:style style:name="P1" style:family="paragraph" style:parent-style-name="Paragraph" style:master-page-name="HTML">
   <style:properties style:page-number="0"/>
  </style:style>
  <style:style style:name="T1" style:family="text">
   <style:properties fo:font-weight="bold"/>
  </style:style>
 </office:automatic-styles>
 <office:body>
  <text:variable-decls>
   <text:variable-decl text:value-type="string" text:name="HTML_ON"/>
   <text:variable-decl text:value-type="string" text:name="HTML_OFF"/>
   <text:variable-decl text:value-type="string" text:name="TITEL"/>
   <text:variable-decl text:value-type="string" text:name="END"/>
   <text:variable-decl text:value-type="string" text:name="OS2"/>
   <text:variable-decl text:value-type="string" text:name="ELSE"/>
   <text:variable-decl text:value-type="string" text:name="NAME"/>
   <text:variable-decl text:value-type="string" text:name="MAC"/>
   <text:variable-decl text:value-type="string" text:name="HREF"/>
   <text:variable-decl text:value-type="string" text:name="MODIFY"/>
   <text:variable-decl text:value-type="string" text:name="REFNR"/>
   <text:variable-decl text:value-type="string" text:name="HelpID"/>
   <text:variable-decl text:value-type="string" text:name="HFELD"/>
   <text:variable-decl text:value-type="string" text:name="WIN"/>
   <text:variable-decl text:value-type="string" text:name="AKTHLP"/>
  </text:variable-decls>
  <text:sequence-decls>
   <text:sequence-decl text:display-outline-level="0" text:name="Illustration"/>
   <text:sequence-decl text:display-outline-level="0" text:name="Table"/>
   <text:sequence-decl text:display-outline-level="0" text:name="Text"/>
   <text:sequence-decl text:display-outline-level="0" text:name="Drawing"/>
  </text:sequence-decls>
  <text:p text:style-name="P1"/>
  <text:p text:style-name="Head 1">唯讀模式下網頁的上下文功能表</text:p>
  <text:p text:style-name="Paragraph">條目的類型和順序會在快顯功能表中變更。一方面會根據，如果開啟了快顯功能表，會選取哪個物件，另一方面，文件是否為唯讀會是在編輯模式中。</text:p>
  <text:p text:style-name="Head 2">開啟舊檔</text:p>
  <text:p text:style-name="Paragraph"><text:span text:style-name="T1">[開啟舊檔]</text:span>指令將開啟滑鼠指標停留處的捷徑。</text:p>
  <text:p text:style-name="Head 2">在新視窗中開啟</text:p>
  <text:p text:style-name="Paragraph"><text:span text:style-name="T1">[在新視窗中開啟]</text:span>指令在新視窗中開啟滑鼠指標停留處的捷徑。</text:p>
  <text:p text:style-name="Head 2">編輯</text:p>
  <text:p text:style-name="Paragraph">使用<text:span text:style-name="T1">[編輯]</text:span>指令啟動編輯模式，也可以透過按一下<text:span text:style-name="T1">[工具列]</text:span>上的<text:span text:style-name="T1">[編輯]</text:span>來選取編輯模式。</text:p>
  <text:p text:style-name="Head 2"><help:help-id value="HID_MN_READONLY_SAVEGRAPHIC"/>儲存圖形</text:p>
  <text:p text:style-name="Paragraph"><help:help-text value="visible">開啟一個對話方塊，您可以在其中儲存所選圖形。</help:help-text></text:p>
  <text:p text:style-name="Head 2"><help:help-id value="HID_MN_READONLY_COPYLINK"/>複製捷徑</text:p>
  <text:p text:style-name="Paragraph"><help:help-text value="visible">將滑鼠指標所在位置的捷徑複製到剪貼簿中。</help:help-text></text:p>
  <text:p text:style-name="Head 2"><help:help-id value="HID_MN_READONLY_COPYGRAPHIC"/>複製圖形</text:p>
  <text:p text:style-name="Paragraph"><help:help-text value="visible">將所選圖形複製到剪貼簿中。</help:help-text></text:p>
  <text:p text:style-name="Head 2"><help:help-id value="HID_MN_READONLY_LOADGRAPHIC"/>載入圖形</text:p>
  <text:p text:style-name="Paragraph"><help:help-text value="visible">如果已經關閉圖形顯示，請選擇<text:span text:style-name="T1">[載入圖形]</text:span>指令，以顯示圖形。</help:help-text></text:p>
  <text:p text:style-name="Head 2"><help:help-id value="HID_MN_READONLY_GRAPHICOFF"/>隱藏圖形</text:p>
  <text:p text:style-name="Paragraph"><help:help-text value="visible">將文件中的所有圖形設定為「不可見」。</help:help-text>這樣會加快螢幕的顯示速度。</text:p>
  <text:p text:style-name="Head 2"><help:help-id value="HID_MN_READONLY_PLUGINOFF"/><help:switch select="System"><help:case select ="WIN">關閉 Plug-Ins</help:case></help:switch></text:p>
  <text:p text:style-name="Paragraph"><help:help-text value="visible">停用插入的 Plug-in。</help:help-text>再次按一下此指令，可重新啟動 <help:popup Id="65629" Eid="plugin">Plug-in</help:popup>。</text:p>
  <text:p text:style-name="Head 2"><help:help-id value="HID_MN_READONLY_SAVEBACKGROUND"/>儲存背景...</text:p>
  <text:p text:style-name="Paragraph"><help:help-text value="visible">允許您儲存網頁的背景。</help:help-text></text:p>
 </office:body>
</office:document>
