

<office:document  xmlns:office="http://openoffice.org/2000/office" xmlns:style="http://openoffice.org/2000/style" xmlns:text="http://openoffice.org/2000/text" xmlns:table="http://openoffice.org/2000/table" xmlns:draw="http://openoffice.org/2000/drawing" xmlns:fo="http://www.w3.org/1999/XSL/Format" xmlns:xlink="http://www.w3.org/1999/xlink" xmlns:number="http://openoffice.org/2000/datastyle" xmlns:svg="http://www.w3.org/2000/svg" xmlns:chart="http://openoffice.org/2000/chart" xmlns:dr3d="http://openoffice.org/2000/dr3d" xmlns:math="http://www.w3.org/1998/Math/MathML" xmlns:form="http://openoffice.org/2000/form" xmlns:script="http://openoffice.org/2000/script" office:class="text" office:version="1.0" xmlns:dc="http://purl.org/dc/elements/1.1/" xmlns:meta="http://openoffice.org/2000/meta" xmlns:help="http://openoffice.org/2000/help">
<office:meta>
  <dc:description>text/common/01/01010303</dc:description>
  <dc:subject>Privat</dc:subject>
  <meta:keywords>
   <meta:keyword>$Version</meta:keyword>
  </meta:keywords>
  <dc:language>sv-SE</dc:language>
  <meta:user-defined meta:name="Info 0">READY</meta:user-defined>
  <meta:user-defined meta:name="Info 1">FREE_OK</meta:user-defined>
  <meta:user-defined meta:name="Info 2"/>
  <meta:user-defined meta:name="Info 3"/>
</office:meta>
 <office:script/>
 <office:font-decls>
  <style:font-decl style:name="StarSymbol" fo:font-family="StarSymbol" style:font-charset="x-symbol"/>
  <style:font-decl style:name="Courier New" fo:font-family="&apos;Courier New&apos;" style:font-style-name="Standard" style:font-family-generic="modern" style:font-pitch="fixed"/>
  <style:font-decl style:name="Courier" fo:font-family="Courier" style:font-family-generic="roman" style:font-pitch="fixed"/>
  <style:font-decl style:name="Arial Unicode MS" fo:font-family="&apos;Arial Unicode MS&apos;" style:font-pitch="variable"/>
  <style:font-decl style:name="HG Mincho Light J" fo:font-family="&apos;HG Mincho Light J&apos;" style:font-pitch="variable"/>
  <style:font-decl style:name="Times New Roman3" fo:font-family="&apos;Times New Roman&apos;" style:font-pitch="variable"/>
  <style:font-decl style:name="Thorndale" fo:font-family="Thorndale" style:font-family-generic="roman" style:font-pitch="variable"/>
  <style:font-decl style:name="Times New Roman2" fo:font-family="&apos;Times New Roman&apos;" style:font-style-name="Fett" style:font-family-generic="roman" style:font-pitch="variable"/>
  <style:font-decl style:name="Times New Roman" fo:font-family="&apos;Times New Roman&apos;" style:font-style-name="Standard" style:font-family-generic="roman" style:font-pitch="variable"/>
  <style:font-decl style:name="Times New Roman1" fo:font-family="&apos;Times New Roman&apos;" style:font-family-generic="swiss" style:font-pitch="variable"/>
 </office:font-decls>
 <office:automatic-styles>
  <style:style style:name="P1" style:family="paragraph" style:parent-style-name="Paragraph" style:master-page-name="HTML">
   <style:properties style:page-number="0"/>
  </style:style>
  <style:style style:name="T1" style:family="text">
   <style:properties fo:font-weight="bold"/>
  </style:style>
 </office:automatic-styles>
 <office:body>
  <text:variable-decls>
   <text:variable-decl text:value-type="string" text:name="HTML_ON"/>
   <text:variable-decl text:value-type="string" text:name="HTML_OFF"/>
   <text:variable-decl text:value-type="string" text:name="TITEL"/>
   <text:variable-decl text:value-type="string" text:name="END"/>
   <text:variable-decl text:value-type="string" text:name="OS2"/>
   <text:variable-decl text:value-type="string" text:name="ELSE"/>
   <text:variable-decl text:value-type="string" text:name="HREF"/>
   <text:variable-decl text:value-type="string" text:name="NAME"/>
   <text:variable-decl text:value-type="string" text:name="HelpID"/>
   <text:variable-decl text:value-type="string" text:name="MODIFY"/>
   <text:variable-decl text:value-type="string" text:name="REFNR"/>
   <text:variable-decl text:value-type="string" text:name="AKTHLP"/>
   <text:variable-decl text:value-type="string" text:name="STYLE"/>
  </text:variable-decls>
  <text:sequence-decls>
   <text:sequence-decl text:display-outline-level="0" text:name="Illustration"/>
   <text:sequence-decl text:display-outline-level="0" text:name="Table"/>
   <text:sequence-decl text:display-outline-level="0" text:name="Text"/>
   <text:sequence-decl text:display-outline-level="0" text:name="Drawing"/>
  </text:sequence-decls>
  <help:to-be-embedded Eid="privat">
  <text:p text:style-name="Head 1"><help:link Id="68495">Privat</help:link></text:p>
  <text:p text:style-name="Paragraph"><help:help-text value="visible">Innehåller personlig kontaktinformation för visitkort som använder en layout i kategorin &apos;Visitkort, privat&apos;. Layouter för visitkort väljer du under fliken <text:span text:style-name="T1">Visitkort</text:span>.</help:help-text></text:p>
  </help:to-be-embedded>
  <help:popup Id="65611" Eid="viskartpriv"><help:embedded Id="65598" Eid="wie"></help:embedded></help:popup>
  <text:p text:style-name="Head 2">Privata data</text:p>
  <text:p text:style-name="Paragraph">Ange den kontaktinformation som ska finnas på visitkortet. Du kan också ändra eller uppdatera posterna genom att välja <text:span text:style-name="T1">Verktyg - Alternativ - <help:productname>%PRODUCTNAME</help:productname> - Användardata</text:span>.</text:p>
  <help:embedded Id="66266" Eid="datena"></help:embedded>
  <text:p text:style-name="Head 3"><help:help-id value="SW_EDIT_TP_PRIVATE_DATA_ED_FIRSTNAME_2"/>Förnamn 2</text:p>
  <text:p text:style-name="Paragraph"><help:help-text value="visible">Skriv in förnamnet på den person som ska användas som en andra kontakt.</help:help-text></text:p>
  <text:p text:style-name="Head 3"><help:help-id value="SW_EDIT_TP_PRIVATE_DATA_ED_NAME_2"/>Efternamn 2</text:p>
  <text:p text:style-name="Paragraph"><help:help-text value="visible">Skriv in efternamnet på den person som ska användas som en andra kontakt.</help:help-text></text:p>
  <text:p text:style-name="Head 3"><help:help-id value="SW_EDIT_TP_PRIVATE_DATA_ED_SHORTCUT_2"/>initialer 2</text:p>
  <text:p text:style-name="Paragraph"><help:help-text value="visible">Skriv in initialerna för den person som ska användas som en andra kontakt.</help:help-text></text:p>
  <help:embedded Id="66266" Eid="strplzort"></help:embedded>
  <text:p text:style-name="Head 3"><help:help-id value="SW_EDIT_TP_PRIVATE_DATA_ED_STATE"/>Land/Delstat</text:p>
  <text:p text:style-name="Paragraph"><help:help-text value="visible">Ange i vilket land du bor.</help:help-text></text:p>
  <help:embedded Id="66266" Eid="datenb"></help:embedded>
  <text:p text:style-name="Head 3"><help:help-id value="SW_EDIT_TP_PRIVATE_DATA_ED_PROFESSION"/>Titel/Yrke</text:p>
  <text:p text:style-name="Paragraph"><help:help-text value="visible">Skriv in ditt yrke.</help:help-text></text:p>
  <text:p text:style-name="Head 3"><help:help-id value="SW_EDIT_TP_PRIVATE_DATA_ED_PHONE"/>Telefon</text:p>
  <text:p text:style-name="Paragraph"><help:help-text value="visible">Skriv in ditt hemtelefonnummer.</help:help-text></text:p>
  <text:p text:style-name="Head 3"><help:help-id value="SW_EDIT_TP_PRIVATE_DATA_ED_MOBILE"/>Mobil</text:p>
  <text:p text:style-name="Paragraph"><help:help-text value="visible">Skriv in ditt mobiltelefonnummer.</help:help-text></text:p>
  <help:embedded Id="66266" Eid="datend"></help:embedded>
  <text:p text:style-name="Head 3"><help:help-id value="SW_EDIT_TP_PRIVATE_DATA_ED_WWW"/>Hemsida</text:p>
  <text:p text:style-name="Paragraph"><help:help-text value="visible">Skriv in adressen till din hemsida på Internet.</help:help-text></text:p>
  <help:embedded Id="66266" Eid="datene"></help:embedded>
 </office:body>
</office:document>
