

<office:document  xmlns:office="http://openoffice.org/2000/office" xmlns:style="http://openoffice.org/2000/style" xmlns:text="http://openoffice.org/2000/text" xmlns:table="http://openoffice.org/2000/table" xmlns:draw="http://openoffice.org/2000/drawing" xmlns:fo="http://www.w3.org/1999/XSL/Format" xmlns:xlink="http://www.w3.org/1999/xlink" xmlns:number="http://openoffice.org/2000/datastyle" xmlns:svg="http://www.w3.org/2000/svg" xmlns:chart="http://openoffice.org/2000/chart" xmlns:dr3d="http://openoffice.org/2000/dr3d" xmlns:math="http://www.w3.org/1998/Math/MathML" xmlns:form="http://openoffice.org/2000/form" xmlns:script="http://openoffice.org/2000/script" office:class="text" office:version="1.0" xmlns:dc="http://purl.org/dc/elements/1.1/" xmlns:meta="http://openoffice.org/2000/meta" xmlns:help="http://openoffice.org/2000/help">
<office:meta>
  <dc:description>text/common/01/01020000</dc:description>
  <dc:subject>Öppna</dc:subject>
  <meta:keywords>
   <meta:keyword>$Version</meta:keyword>
  </meta:keywords>
  <dc:language>sv-SE</dc:language>
  <meta:user-defined meta:name="Info 0">READY</meta:user-defined>
  <meta:user-defined meta:name="Info 1">FREE_OK</meta:user-defined>
  <meta:user-defined meta:name="Info 2"/>
  <meta:user-defined meta:name="Info 3"/>
</office:meta>
 <office:script/>
 <office:font-decls>
  <style:font-decl style:name="StarSymbol" fo:font-family="StarSymbol" style:font-charset="x-symbol"/>
  <style:font-decl style:name="Courier New" fo:font-family="&apos;Courier New&apos;" style:font-style-name="Standard" style:font-family-generic="modern" style:font-pitch="fixed"/>
  <style:font-decl style:name="Courier" fo:font-family="Courier" style:font-family-generic="roman" style:font-pitch="fixed"/>
  <style:font-decl style:name="Arial Unicode MS" fo:font-family="&apos;Arial Unicode MS&apos;" style:font-pitch="variable"/>
  <style:font-decl style:name="HG Mincho Light J" fo:font-family="&apos;HG Mincho Light J&apos;" style:font-pitch="variable"/>
  <style:font-decl style:name="Times New Roman3" fo:font-family="&apos;Times New Roman&apos;" style:font-pitch="variable"/>
  <style:font-decl style:name="Thorndale" fo:font-family="Thorndale" style:font-family-generic="roman" style:font-pitch="variable"/>
  <style:font-decl style:name="Times New Roman2" fo:font-family="&apos;Times New Roman&apos;" style:font-style-name="Fett" style:font-family-generic="roman" style:font-pitch="variable"/>
  <style:font-decl style:name="Times New Roman" fo:font-family="&apos;Times New Roman&apos;" style:font-style-name="Standard" style:font-family-generic="roman" style:font-pitch="variable"/>
  <style:font-decl style:name="Times New Roman1" fo:font-family="&apos;Times New Roman&apos;" style:font-family-generic="swiss" style:font-pitch="variable"/>
 </office:font-decls>
 <office:automatic-styles>
  <style:style style:name="Tabelle3" style:family="table">
   <style:properties style:width="18cm" table:align="margins"/>
  </style:style>
  <style:style style:name="Tabelle3.A" style:family="table-column">
   <style:properties style:column-width="1.499cm" style:rel-column-width="5460*"/>
  </style:style>
  <style:style style:name="Tabelle3.B" style:family="table-column">
   <style:properties style:column-width="16.499cm" style:rel-column-width="60055*"/>
  </style:style>
  <style:style style:name="Tabelle5" style:family="table">
   <style:properties style:width="18cm" table:align="margins"/>
  </style:style>
  <style:style style:name="Tabelle5.A" style:family="table-column">
   <style:properties style:column-width="1.499cm" style:rel-column-width="850*"/>
  </style:style>
  <style:style style:name="Tabelle5.B" style:family="table-column">
   <style:properties style:column-width="16.498cm" style:rel-column-width="9352*"/>
  </style:style>
  <style:style style:name="Tabelle5.1" style:family="table-row">
   <style:properties style:min-row-height="0.848cm"/>
  </style:style>
  <style:style style:name="Tabelle5.A1" style:family="table-cell">
   <style:properties fo:padding="0cm" fo:border="none"/>
  </style:style>
  <style:style style:name="Tabelle6" style:family="table">
   <style:properties style:width="18cm" table:align="margins"/>
  </style:style>
  <style:style style:name="Tabelle6.A" style:family="table-column">
   <style:properties style:column-width="18cm" style:rel-column-width="65535*"/>
  </style:style>
  <style:style style:name="Tabelle6.A1" style:family="table-cell">
   <style:properties fo:padding="0.097cm" fo:border="none"/>
  </style:style>
  <style:style style:name="Tabelle9" style:family="table">
   <style:properties style:width="18cm" table:align="margins"/>
  </style:style>
  <style:style style:name="Tabelle9.A" style:family="table-column">
   <style:properties style:column-width="18cm" style:rel-column-width="65535*"/>
  </style:style>
  <style:style style:name="P1" style:family="paragraph" style:parent-style-name="Paragraph" style:master-page-name="HTML">
   <style:properties style:page-number="0"/>
  </style:style>
  <style:style style:name="P2" style:family="paragraph" style:parent-style-name="Paragraph" style:list-style-name="L1"/>
  <style:style style:name="P3" style:family="paragraph" style:parent-style-name="Paragraph" style:list-style-name="L2"/>
  <style:style style:name="T1" style:family="text">
   <style:properties fo:font-weight="bold"/>
  </style:style>
  <style:style style:name="fr1" style:family="graphics" style:parent-style-name="Graphics">
   <style:properties style:run-through="foreground" style:wrap="run-through" style:vertical-pos="top" style:vertical-rel="paragraph" style:horizontal-pos="left" style:horizontal-rel="paragraph" style:mirror="none" fo:clip="rect(0cm 0cm 0cm 0cm)" draw:luminance="0%" draw:contrast="0%" draw:red="0%" draw:green="0%" draw:blue="0%" draw:gamma="1" draw:color-inversion="false" draw:transparency="-100%" draw:color-mode="standard"/>
  </style:style>
  <style:style style:name="fr2" style:family="graphics" style:parent-style-name="Graphics">
   <style:properties fo:margin-left="0cm" fo:margin-right="0cm" fo:margin-top="0cm" fo:margin-bottom="0cm" style:run-through="foreground" style:wrap="run-through" style:vertical-pos="middle" style:vertical-rel="paragraph" style:horizontal-pos="left" style:horizontal-rel="paragraph" style:mirror="none" fo:clip="rect(0cm 0cm 0cm 0cm)" draw:luminance="0%" draw:contrast="0%" draw:red="0%" draw:green="0%" draw:blue="0%" draw:gamma="1" draw:color-inversion="false" draw:transparency="-100%" draw:color-mode="standard"/>
  </style:style>
  <style:style style:name="fr3" style:family="graphics" style:parent-style-name="Graphics">
   <style:properties style:run-through="foreground" style:wrap="run-through" style:horizontal-pos="left" style:horizontal-rel="paragraph" style:mirror="none" fo:clip="rect(0cm 0cm 0cm 0cm)" draw:luminance="0%" draw:contrast="0%" draw:red="0%" draw:green="0%" draw:blue="0%" draw:gamma="1" draw:color-inversion="false" draw:transparency="-100%" draw:color-mode="standard"/>
  </style:style>
  <style:style style:name="fr4" style:family="graphics" style:parent-style-name="Graphics">
   <style:properties style:run-through="foreground" style:wrap="run-through" style:vertical-pos="from-top" style:vertical-rel="paragraph" style:horizontal-pos="from-left" style:horizontal-rel="paragraph" style:mirror="none" fo:clip="rect(0cm 0cm 0cm 0cm)" draw:luminance="0%" draw:contrast="0%" draw:red="0%" draw:green="0%" draw:blue="0%" draw:gamma="1" draw:color-inversion="false" draw:transparency="-100%" draw:color-mode="standard"/>
  </style:style>
  <text:list-style style:name="L1">
   <text:list-level-style-bullet text:level="1" text:style-name="Bullet Symbols" style:num-suffix="." text:bullet-char="•">
    <style:properties text:min-label-width="0.499cm" style:font-name="StarSymbol"/>
   </text:list-level-style-bullet>
   <text:list-level-style-bullet text:level="2" text:style-name="Bullet Symbols" style:num-suffix="." text:bullet-char="•">
    <style:properties text:space-before="0.499cm" text:min-label-width="0.499cm" style:font-name="StarSymbol"/>
   </text:list-level-style-bullet>
   <text:list-level-style-bullet text:level="3" text:style-name="Bullet Symbols" style:num-suffix="." text:bullet-char="•">
    <style:properties text:space-before="0.999cm" text:min-label-width="0.499cm" style:font-name="StarSymbol"/>
   </text:list-level-style-bullet>
   <text:list-level-style-bullet text:level="4" text:style-name="Bullet Symbols" style:num-suffix="." text:bullet-char="•">
    <style:properties text:space-before="1.498cm" text:min-label-width="0.499cm" style:font-name="StarSymbol"/>
   </text:list-level-style-bullet>
   <text:list-level-style-bullet text:level="5" text:style-name="Bullet Symbols" style:num-suffix="." text:bullet-char="•">
    <style:properties text:space-before="1.997cm" text:min-label-width="0.499cm" style:font-name="StarSymbol"/>
   </text:list-level-style-bullet>
   <text:list-level-style-bullet text:level="6" text:style-name="Bullet Symbols" style:num-suffix="." text:bullet-char="•">
    <style:properties text:space-before="2.496cm" text:min-label-width="0.499cm" style:font-name="StarSymbol"/>
   </text:list-level-style-bullet>
   <text:list-level-style-bullet text:level="7" text:style-name="Bullet Symbols" style:num-suffix="." text:bullet-char="•">
    <style:properties text:space-before="2.995cm" text:min-label-width="0.499cm" style:font-name="StarSymbol"/>
   </text:list-level-style-bullet>
   <text:list-level-style-bullet text:level="8" text:style-name="Bullet Symbols" style:num-suffix="." text:bullet-char="•">
    <style:properties text:space-before="3.494cm" text:min-label-width="0.499cm" style:font-name="StarSymbol"/>
   </text:list-level-style-bullet>
   <text:list-level-style-bullet text:level="9" text:style-name="Bullet Symbols" style:num-suffix="." text:bullet-char="•">
    <style:properties text:space-before="3.994cm" text:min-label-width="0.499cm" style:font-name="StarSymbol"/>
   </text:list-level-style-bullet>
   <text:list-level-style-bullet text:level="10" text:style-name="Bullet Symbols" style:num-suffix="." text:bullet-char="•">
    <style:properties text:space-before="4.493cm" text:min-label-width="0.499cm" style:font-name="StarSymbol"/>
   </text:list-level-style-bullet>
  </text:list-style>
  <text:list-style style:name="L2">
   <text:list-level-style-bullet text:level="1" text:style-name="Bullet Symbols" style:num-suffix="." text:bullet-char="•">
    <style:properties text:min-label-width="0.499cm" style:font-name="StarSymbol"/>
   </text:list-level-style-bullet>
   <text:list-level-style-bullet text:level="2" text:style-name="Bullet Symbols" style:num-suffix="." text:bullet-char="•">
    <style:properties text:space-before="0.501cm" text:min-label-width="0.499cm" style:font-name="StarSymbol"/>
   </text:list-level-style-bullet>
   <text:list-level-style-bullet text:level="3" text:style-name="Bullet Symbols" style:num-suffix="." text:bullet-char="•">
    <style:properties text:space-before="1cm" text:min-label-width="0.499cm" style:font-name="StarSymbol"/>
   </text:list-level-style-bullet>
   <text:list-level-style-bullet text:level="4" text:style-name="Bullet Symbols" style:num-suffix="." text:bullet-char="•">
    <style:properties text:space-before="1.501cm" text:min-label-width="0.499cm" style:font-name="StarSymbol"/>
   </text:list-level-style-bullet>
   <text:list-level-style-bullet text:level="5" text:style-name="Bullet Symbols" style:num-suffix="." text:bullet-char="•">
    <style:properties text:space-before="2cm" text:min-label-width="0.499cm" style:font-name="StarSymbol"/>
   </text:list-level-style-bullet>
   <text:list-level-style-bullet text:level="6" text:style-name="Bullet Symbols" style:num-suffix="." text:bullet-char="•">
    <style:properties text:space-before="2.501cm" text:min-label-width="0.499cm" style:font-name="StarSymbol"/>
   </text:list-level-style-bullet>
   <text:list-level-style-bullet text:level="7" text:style-name="Bullet Symbols" style:num-suffix="." text:bullet-char="•">
    <style:properties text:space-before="3.001cm" text:min-label-width="0.499cm" style:font-name="StarSymbol"/>
   </text:list-level-style-bullet>
   <text:list-level-style-bullet text:level="8" text:style-name="Bullet Symbols" style:num-suffix="." text:bullet-char="•">
    <style:properties text:space-before="3.502cm" text:min-label-width="0.499cm" style:font-name="StarSymbol"/>
   </text:list-level-style-bullet>
   <text:list-level-style-bullet text:level="9" text:style-name="Bullet Symbols" style:num-suffix="." text:bullet-char="•">
    <style:properties text:space-before="4.001cm" text:min-label-width="0.499cm" style:font-name="StarSymbol"/>
   </text:list-level-style-bullet>
   <text:list-level-style-bullet text:level="10" text:style-name="Bullet Symbols" style:num-suffix="." text:bullet-char="•">
    <style:properties text:space-before="4.502cm" text:min-label-width="0.499cm" style:font-name="StarSymbol"/>
   </text:list-level-style-bullet>
  </text:list-style>
 </office:automatic-styles>
 <office:body>
  <text:variable-decls>
   <text:variable-decl text:value-type="string" text:name="HTML_ON"/>
   <text:variable-decl text:value-type="string" text:name="HTML_OFF"/>
   <text:variable-decl text:value-type="string" text:name="TITEL"/>
   <text:variable-decl text:value-type="string" text:name="END"/>
   <text:variable-decl text:value-type="string" text:name="MAC"/>
   <text:variable-decl text:value-type="string" text:name="ELSE"/>
   <text:variable-decl text:value-type="string" text:name="WIN"/>
   <text:variable-decl text:value-type="string" text:name="OS2"/>
   <text:variable-decl text:value-type="string" text:name="unix"/>
   <text:variable-decl text:value-type="string" text:name="HREF"/>
   <text:variable-decl text:value-type="string" text:name="NAME"/>
   <text:variable-decl text:value-type="string" text:name="HelpID"/>
   <text:variable-decl text:value-type="string" text:name="MODIFY"/>
   <text:variable-decl text:value-type="string" text:name="REFNR"/>
   <text:variable-decl text:value-type="string" text:name="KEY"/>
   <text:variable-decl text:value-type="string" text:name="INDEX"/>
   <text:variable-decl text:value-type="string" text:name="HFELD"/>
   <text:variable-decl text:value-type="string" text:name="AKTHLP"/>
   <text:variable-decl text:value-type="string" text:name="STYLE"/>
  </text:variable-decls>
  <text:sequence-decls>
   <text:sequence-decl text:display-outline-level="0" text:name="Illustration"/>
   <text:sequence-decl text:display-outline-level="0" text:name="Table"/>
   <text:sequence-decl text:display-outline-level="0" text:name="Text"/>
   <text:sequence-decl text:display-outline-level="0" text:name="Drawing"/>
  </text:sequence-decls>
  <text:p text:style-name="P1"/>
  <text:p text:style-name="Head 1"><help:help-id value="SID_OPENDOC"/><help:help-id value="HID_EXPLORERDLG_FILE"/><a name="oeffnen"/><help:link Id="65703">Öppna</help:link></text:p>
  <text:p text:style-name="Paragraph"><help:to-be-embedded Eid="oeffnentext"><help:help-text value="visible">Öppnar eller importerar en fil.</help:help-text></help:to-be-embedded></text:p>
  <help:executeurl Id="slot:5501"></help:executeurl><help:popup Id="65611" Eid="oeffnen"><help:embedded Id="65598" Eid="wie"></help:embedded></help:popup>
  <text:p text:style-name="Paragraph">I följande avsnitt beskrivs dialogrutan <text:span text:style-name="T1">Öppna</text:span> i <help:productname>%PRODUCTNAME</help:productname>. Om du vill aktivera dialogrutorna <help:productname>%PRODUCTNAME</help:productname><text:span text:style-name="T1">Öppna</text:span> och <text:span text:style-name="T1">Spara</text:span> väljer du <help:link Id="66281" Eid="systemdialog"><text:span text:style-name="T1">Verktyg - Alternativ - <help:productname>%PRODUCTNAME</help:productname> - Allmänt</text:span></help:link>, sedan markerar du <text:span text:style-name="T1">Använd <help:productname>%PRODUCTNAME</help:productname>-dialogrutor</text:span> under <text:span text:style-name="T1">Öppna/spara-dialogrutor</text:span>.</text:p>
  <table:table table:name="Tabelle3" table:style-name="Tabelle3">
   <table:table-column table:style-name="Tabelle3.A"/>
   <table:table-column table:style-name="Tabelle3.B"/>
   <table:table-header-rows>
    <table:table-row>
     <table:table-cell table:value-type="string">
      <text:p text:style-name="Paragraph"><draw:image draw:name="Info0" svg:desc="info-symbol" svg:pixelx="32" svg:pixely="32" svg:width="0.847cm" svg:height="0.847cm" xlink:href="65980" draw:filter-name=""/></text:p>

     </table:table-cell>
     <table:table-cell table:value-type="string">
      <text:p text:style-name="Paragraph">När du öppnar ett <help:productname>%PRODUCTNAME</help:productname>-dokument som innehåller formatmallar så gäller särskilda regler som beskrivs <help:link Id="65703" Eid="vorlagen">nedan</help:link>.</text:p>
     </table:table-cell>
    </table:table-row>
   </table:table-header-rows>
  </table:table>
  <text:p text:style-name="Head 2"><help:help-id value="SVTOOLS_MENUBUTTON_DLG_SVT_EXPLORERFILE_BTN_EXPLORERFILE_UP"/>Upp en nivå</text:p>
  <text:p text:style-name="Paragraph"><help:help-text value="visible">Flytta upp en katalog i kataloghierarkin. Visa de överordnade katalogerna genom att klicka och hålla ned musknappen.</help:help-text></text:p>
  <help:embedded Id="65598" Eid="syuebergeordneterordner2"></help:embedded>
  <text:p text:style-name="Head 2"><help:help-id value="SVTOOLS_IMAGEBUTTON_DLG_SVT_EXPLORERFILE_BTN_EXPLORERFILE_NEWFOLDER"/><help:key-word value="Katalog; skapa ny" tag="kw65703_1"/><help:key-word value="Mapp; skapa ny" tag="kw65703_16"/>Skapa ny katalog</text:p>
  <text:p text:style-name="Paragraph"><help:help-text value="visible">Skapar en ny katalog.</help:help-text></text:p>
  <help:embedded Id="65598" Eid="syneuenordnererstellen2"></help:embedded>
  <text:p text:style-name="Head 2"><help:help-id value="SVTOOLS_PUSHBUTTON_DLG_SVT_EXPLORERFILE_BTN_EXPLORERFILE_STANDARD"/><help:key-word value="Mina dokument; öppna" tag="kw65703_15"/><help:key-word value="Standardkatalog; öppna" tag="kw65703_14"/>Till standardkatalogen</text:p>
  <text:p text:style-name="Paragraph"><help:help-text value="visible">Visar filerna i standardkatalogen.</help:help-text></text:p>
  <help:embedded Id="65598" Eid="systandardverzeichnis2"></help:embedded>
  <text:p text:style-name="Head 2"><help:help-id value="HID_FILEDLG_STANDARD"/>Markeringsområde</text:p>
  <text:p text:style-name="Paragraph"><help:help-text value="visible">Visar filer och kataloger i den katalog där du befinner dig.</help:help-text> Du öppnar en fil genom att markera den och klicka på <text:span text:style-name="T1">Öppna</text:span>.</text:p>
  <table:table table:name="Tabelle5" table:style-name="Tabelle5">
   <table:table-column table:style-name="Tabelle5.A"/>
   <table:table-column table:style-name="Tabelle5.B"/>
   <table:table-header-rows>
    <table:table-row table:style-name="Tabelle5.1">
     <table:table-cell table:style-name="Tabelle5.A1" table:value-type="string">
      <text:p text:style-name="Paragraph"><draw:image draw:name="Symbol1" svg:desc="Tips-symbol" svg:pixelx="32" svg:pixely="32" svg:width="0.847cm" svg:height="0.847cm" xlink:href="66732" draw:filter-name=""/></text:p>

     </table:table-cell>
     <table:table-cell table:style-name="Tabelle5.A1" table:value-type="string">
      <text:p text:style-name="Paragraph"><help:key-word value="Multimarkering; öppna" tag="kw65703_13"/><help:key-word value="Öppna; flera filer" tag="kw65703_12"/><help:key-word value="Markera; flera filer" tag="kw65703_11"/>Du kan öppna mer än en fil i taget genom att hålla ned <help:switch select="System"><help:case select ="MAC">Kommando</help:case><help:default>Ctrl</help:default></help:switch> medan du klickar på filerna, och sedan klicka på <text:span text:style-name="T1">Öppna</text:span>.</text:p>
     </table:table-cell>
    </table:table-row>
   </table:table-header-rows>
  </table:table>
  <text:unordered-list text:style-name="L1">
   <text:list-item>
    <text:p text:style-name="P2">Du kan sortera filerna genom att klicka på ett kolumnhuvud. Du kan omvända sorteringsordningen genom att klicka en gång till.</text:p>
   </text:list-item>
   <text:list-item>
    <text:p text:style-name="P2"><help:help-id value="HID_FILEVIEW_MENU_DELETE"/><help:help-text value="visible">Du raderar en fil genom att högerklicka på den och välja <text:span text:style-name="T1">Radera</text:span>.</help:help-text></text:p>
   </text:list-item>
   <text:list-item>
    <text:p text:style-name="P2"><help:help-id value="HID_FILEVIEW_MENU_RENAME"/><help:help-text value="visible">Du byter namn på en fil genom att högerklicka på den och välja <text:span text:style-name="T1">Byt namn</text:span>.</help:help-text></text:p>
   </text:list-item>
  </text:unordered-list>
  <text:p text:style-name="Paragraph"><help:help-id value="SVTOOLS_PUSHBUTTON_DLG_SVT_QUERYDELETE_BTN_YES"/><help:help-text value="hide">Radera den fil vars namn visas i dialogrutan genom att klicka.</help:help-text></text:p>
  <text:p text:style-name="Paragraph"><help:help-id value="SVTOOLS_PUSHBUTTON_DLG_SVT_QUERYDELETE_BTN_NO"/><help:help-text value="hide">Avbryt raderingen av den fil vars namn visas i dialogrutan genom att klicka.</help:help-text></text:p>
  <text:p text:style-name="Paragraph"><help:help-id value="SVTOOLS_PUSHBUTTON_DLG_SVT_QUERYDELETE_BTN_ALL"/><help:help-text value="hide">Radera alla markerade filer genom att klicka.</help:help-text></text:p>
  <text:p text:style-name="Head 2"><help:help-id value="HID_FILEDLG_FOLDER_FILENAME"/><help:help-id value="HID_FILEDLG_AUTOCOMPLETEBOX"/><help:key-word value="Öppna; fil med platshållare" tag="kw65703_10"/><help:key-word value="Jokertecken; öppna fil" tag="kw65703_9"/><help:key-word value="Fil; öppna med platshållare" tag="kw65703_8"/><help:key-word value="Platshållare; öppna fil" tag="kw65703_7"/>Filnamn</text:p>
  <text:p text:style-name="Paragraph"><help:help-text value="visible">Ange ett filnamn eller en sökväg för filen. Du kan också ange en <help:popup Id="65629" Eid="url">URL</help:popup></help:help-text></text:p>
  <text:p text:style-name="Paragraph">Om du vill kan du filtrera de filer som visas i rutan <text:span text:style-name="T1">Filnamn</text:span> med hjälp av jokertecken.</text:p>
  <text:p text:style-name="Paragraph"><help:switch select="System"><help:case select ="MAC"></help:case><help:default>Om du t.ex. vill visa alla textfiler i en katalog skriver du jokertecknet asterisk samt tillägget för textfiler (*.txt), och klickar sedan på <text:span text:style-name="T1">Öppna</text:span>. Använd jokertecknet frågetecken (?) om du vill representera ett valfritt tecken, som t.ex. i (??3*.txt), som bara visar textfiler med siffran 3 som tredje tecken i filnamnet.</help:default></help:switch></text:p>
  <help:embedded Id="66043" Eid="autocompurl"></help:embedded>
  <text:p text:style-name="Head 2"><help:help-id value="HID_FILEOPEN_VERSION"/><help:key-word value="Version; öppna dokumentversion" tag="kw65703_6"/>Version</text:p>
  <text:p text:style-name="Paragraph"><help:help-text value="visible">Om det finns flera versioner av den valda filen så väljer du den version du vill öppna.</help:help-text> Du kan spara och administrera flera versioner av ett dokument genom att välja <text:span text:style-name="T1">Arkiv - Versioner</text:span>. De olika versionerna av ett dokument öppnas med skrivskydd.</text:p>
  <text:p text:style-name="Head 2"><help:help-id value="SVTOOLS_LISTBOX_DLG_SVT_EXPLORERFILE_LB_EXPLORERFILE_FILETYPE"/>Filtyp</text:p>
  <text:p text:style-name="Paragraph"><help:help-text value="visible">Välj den filtyp du vill öppna, eller visa en lista över alla filer i katalogen genom att välja <text:span text:style-name="T1">Alla filer</text:span><help:switch select="System"><help:case select ="UNIX"><text:span text:style-name="T1">(*)</text:span></help:case><help:default><text:span text:style-name="T1">(*.*)</text:span></help:default></help:switch>.</help:help-text></text:p>
  <a name="hinweis"/>
  <a name="end"/>
  <text:p text:style-name="Head 2"><help:help-id value="SVTOOLS_PUSHBUTTON_DLG_SVT_EXPLORERFILE_BTN_EXPLORERFILE_OPEN"/>Öppna</text:p>
  <text:p text:style-name="Paragraph"><help:help-text value="visible">Öppnar markerat/markerade objekt.</help:help-text></text:p>
  <text:p text:style-name="Head 2"><help:help-id value="HID_FILEDLG_INSERT_BTN"/>Infoga</text:p>
  <text:p text:style-name="Paragraph">Om du öppnade dialogrutan genom att välja <text:span text:style-name="T1">Infoga - Fil</text:span> så har knappen <text:span text:style-name="T1">Öppna</text:span> texten <text:span text:style-name="T1">Infoga</text:span>. <help:help-text value="visible">Infogar den markerade filen i det aktuella dokumentet vid markörens position.</help:help-text></text:p>
  <text:p text:style-name="Head 2"><help:help-id value="HID_FILEOPEN_READONLY"/>Bara läsning</text:p>
  <text:p text:style-name="Paragraph"><help:help-text value="visible">Öppnar filen med skrivskydd.</help:help-text></text:p>
  <help:switch select="Program"><help:case select="IMPRESS">
  <text:p text:style-name="Head 2"><help:help-id value="HID_FILESAVE_DOPLAY"/>Spela upp</text:p>
  <text:p text:style-name="Paragraph"><help:help-text value="visible">Spelar upp den markerade ljudfilen. När du vill stoppa uppspelningen klickar du en gång till.</help:help-text></text:p>
  </help:case></help:switch>
  <help:to-be-embedded Eid="vorlagen"><a name="vorlagen"/>
  <text:p text:style-name="Head 3"><help:help-id value="MSG_QUERY_LOAD_TEMPLATE"/>Tips om hur du öppnar dokument med mallar<help:key-word value="Öppna; med mall" tag="kw65703_5"/><help:key-word value="Mall; söka när dokumentet öppnas" tag="kw65703_4"/></text:p>
  <text:p text:style-name="Paragraph"><help:productname>%PRODUCTNAME</help:productname> sparar dokumentmallar i följande kataloger:</text:p>
  <text:unordered-list text:style-name="L2">
   <text:list-item>
    <text:p text:style-name="P3">den delade mallkatalogen <help:switch select="System"><help:case select ="UNIX"><text:span text:style-name="T1">{installpath}/share/template</text:span></help:case><help:default><text:span text:style-name="T1">{installpath}\share\template</text:span></help:default></help:switch></text:p>
   </text:list-item>
   <text:list-item>
    <text:p text:style-name="P3">användarmallkatalogen <help:switch select="System"><help:case select ="UNIX"><text:span text:style-name="T1">{installpath}/user/template</text:span></help:case><help:default><text:span text:style-name="T1">{installpath}\user\template</text:span></help:default></help:switch></text:p>
   </text:list-item>
   <text:list-item>
    <text:p text:style-name="P3">alla mallmappar som definieras i <help:link Id="66242"><text:span text:style-name="T1">Verktyg - Alternativ - <help:productname>%PRODUCTNAME</help:productname> - Sökvägar</text:span></help:link></text:p>
   </text:list-item>
  </text:unordered-list>
  <text:p text:style-name="Paragraph"><help:key-word value="Dokument; ändrade mallar" tag="kw65703_3"/><help:key-word value="Formatmallar; meddelande om ändring" tag="kw65703_2"/>När du öppnar ett dokument som är skapat från en dokumentmall, så kontrollerar <help:productname>%PRODUCTNAME</help:productname> om dokumentmallen har ändrats sedan dokumentet öppnades senast. Om ändringar är gjorda visas följande dialogruta:</text:p>
  <table:table table:name="Tabelle6" table:style-name="Tabelle6">
   <table:table-column table:style-name="Tabelle6.A"/>
   <table:table-header-rows>
    <table:table-row>
     <table:table-cell table:style-name="Tabelle6.A1" table:value-type="string">
      <text:p text:style-name="TextInTable"><draw:image draw:name="Dialogruta2" svg:desc="Dialogruta som frågar efter formatmallar" svg:pixelx="484" svg:pixely="100" svg:width="12.801cm" svg:height="2.635cm" xlink:href="65587" draw:filter-name=""/></text:p>

      <text:p text:style-name="TextInTable"/>
      <text:p text:style-name="TextInTable"/>
     </table:table-cell>
    </table:table-row>
   </table:table-header-rows>
  </table:table>
  <text:p text:style-name="Paragraph">Använd de nya formatmallarna i dokumentet genom att klicka på <text:span text:style-name="T1">Ja</text:span>.</text:p>
  <text:p text:style-name="Paragraph">Om du vill behålla de formatmallar som för närvarande används i dokumentet klickar du på <text:span text:style-name="T1">Nej</text:span>.</text:p>
  <text:p text:style-name="Paragraph">Om motsvarande dokumentmall inte går att hitta visas följande dialogruta:</text:p>
  <table:table table:name="Tabelle9" table:style-name="Tabelle9">
   <table:table-column table:style-name="Tabelle9.A"/>
   <table:table-row>
    <table:table-cell table:value-type="string">
     <text:p text:style-name="TextInTable"><draw:image draw:name="Dialogruta3" svg:desc="Dialogruta som frågar efter dokumentmallar" svg:pixelx="479" svg:pixely="104" svg:width="12.674cm" svg:height="2.752cm" xlink:href="65589" draw:filter-name=""/></text:p>

    </table:table-cell>
   </table:table-row>
  </table:table>
  <text:p text:style-name="Paragraph">Om du vill bryta länken mellan dokumentet och den saknade dokumentmallen klickar du på <text:span text:style-name="T1">Nej</text:span>, annars letar <help:productname>%PRODUCTNAME</help:productname> efter dokumentmallen nästa gång du öppnar dokumentet.</text:p>
  </help:to-be-embedded>
  <text:p text:style-name="ParaList"><help:embedded Id="65598" Eid="related"></help:embedded></text:p>
  <text:p text:style-name="ParaList"><help:link Id="68042"></help:link></text:p>
  <text:p text:style-name="ParaList"><help:link Id="65614"></help:link></text:p>
 </office:body>
</office:document>
