

<office:document  xmlns:office="http://openoffice.org/2000/office" xmlns:style="http://openoffice.org/2000/style" xmlns:text="http://openoffice.org/2000/text" xmlns:table="http://openoffice.org/2000/table" xmlns:draw="http://openoffice.org/2000/drawing" xmlns:fo="http://www.w3.org/1999/XSL/Format" xmlns:xlink="http://www.w3.org/1999/xlink" xmlns:number="http://openoffice.org/2000/datastyle" xmlns:svg="http://www.w3.org/2000/svg" xmlns:chart="http://openoffice.org/2000/chart" xmlns:dr3d="http://openoffice.org/2000/dr3d" xmlns:math="http://www.w3.org/1998/Math/MathML" xmlns:form="http://openoffice.org/2000/form" xmlns:script="http://openoffice.org/2000/script" office:class="text" office:version="1.0" xmlns:dc="http://purl.org/dc/elements/1.1/" xmlns:meta="http://openoffice.org/2000/meta" xmlns:help="http://openoffice.org/2000/help">
<office:meta>
  <dc:description>text/common/01/01070001</dc:description>
  <dc:subject>Exportera</dc:subject>
  <meta:keywords>
   <meta:keyword>$Version</meta:keyword>
  </meta:keywords>
  <dc:language>sv-SE</dc:language>
  <meta:user-defined meta:name="Info 0">READY</meta:user-defined>
  <meta:user-defined meta:name="Info 1">FREE</meta:user-defined>
  <meta:user-defined meta:name="Info 2"/>
  <meta:user-defined meta:name="Info 3"/>
</office:meta>
 <office:script/>
 <office:font-decls>
  <style:font-decl style:name="StarSymbol" fo:font-family="StarSymbol" style:font-charset="x-symbol"/>
  <style:font-decl style:name="Courier New" fo:font-family="&apos;Courier New&apos;" style:font-style-name="Standard" style:font-family-generic="modern" style:font-pitch="fixed"/>
  <style:font-decl style:name="Courier" fo:font-family="Courier" style:font-family-generic="roman" style:font-pitch="fixed"/>
  <style:font-decl style:name="Arial Unicode MS" fo:font-family="&apos;Arial Unicode MS&apos;" style:font-pitch="variable"/>
  <style:font-decl style:name="HG Mincho Light J" fo:font-family="&apos;HG Mincho Light J&apos;" style:font-pitch="variable"/>
  <style:font-decl style:name="Times New Roman3" fo:font-family="&apos;Times New Roman&apos;" style:font-pitch="variable"/>
  <style:font-decl style:name="Thorndale" fo:font-family="Thorndale" style:font-family-generic="roman" style:font-pitch="variable"/>
  <style:font-decl style:name="Times New Roman2" fo:font-family="&apos;Times New Roman&apos;" style:font-style-name="Fett" style:font-family-generic="roman" style:font-pitch="variable"/>
  <style:font-decl style:name="Times New Roman" fo:font-family="&apos;Times New Roman&apos;" style:font-style-name="Standard" style:font-family-generic="roman" style:font-pitch="variable"/>
  <style:font-decl style:name="Times New Roman1" fo:font-family="&apos;Times New Roman&apos;" style:font-family-generic="swiss" style:font-pitch="variable"/>
 </office:font-decls>
 <office:automatic-styles>
  <style:style style:name="P1" style:family="paragraph" style:parent-style-name="Paragraph" style:master-page-name="HTML">
   <style:properties style:page-number="0"/>
  </style:style>
  <style:style style:name="T1" style:family="text">
   <style:properties fo:font-weight="bold"/>
  </style:style>
 </office:automatic-styles>
 <office:body>
  <text:variable-decls>
   <text:variable-decl text:value-type="string" text:name="HTML_ON"/>
   <text:variable-decl text:value-type="string" text:name="HTML_OFF"/>
   <text:variable-decl text:value-type="string" text:name="TITEL"/>
   <text:variable-decl text:value-type="string" text:name="END"/>
   <text:variable-decl text:value-type="string" text:name="WIN"/>
   <text:variable-decl text:value-type="string" text:name="mac"/>
   <text:variable-decl text:value-type="string" text:name="OS2"/>
   <text:variable-decl text:value-type="string" text:name="unix"/>
   <text:variable-decl text:value-type="string" text:name="ELSE"/>
   <text:variable-decl text:value-type="string" text:name="HREF"/>
   <text:variable-decl text:value-type="string" text:name="NAME"/>
   <text:variable-decl text:value-type="string" text:name="HelpID"/>
   <text:variable-decl text:value-type="string" text:name="HFELD"/>
   <text:variable-decl text:value-type="string" text:name="MODIFY"/>
   <text:variable-decl text:value-type="string" text:name="REFNR"/>
   <text:variable-decl text:value-type="string" text:name="KEY"/>
   <text:variable-decl text:value-type="string" text:name="AKTHLP"/>
   <text:variable-decl text:value-type="string" text:name="INDEX"/>
   <text:variable-decl text:value-type="string" text:name="STYLE"/>
  </text:variable-decls>
  <text:sequence-decls>
   <text:sequence-decl text:display-outline-level="0" text:name="Illustration"/>
   <text:sequence-decl text:display-outline-level="0" text:name="Table"/>
   <text:sequence-decl text:display-outline-level="0" text:name="Text"/>
   <text:sequence-decl text:display-outline-level="0" text:name="Drawing"/>
  </text:sequence-decls>
  <help:to-be-embedded Eid="export">
  <text:p text:style-name="Head 1"><help:help-id value="SID_EXPORTDOC"/><help:key-word value="Dokument; exportera" tag="kw68649_1"/><help:key-word value="Konvertera; dokument" tag="kw68649_4"/><help:key-word value="Exportera; andra format" tag="kw68649_3"/><help:key-word value="Dokumenttyper; ändra" tag="kw68649_2"/><help:link Id="68649">Exportera</help:link></text:p>
  <text:p text:style-name="Paragraph"><help:to-be-embedded Eid="exportieren"><help:help-text value="visible">Sparar det aktuella dokumentet med ett annat namn och i ett annat format på en plats som du anger.</help:help-text></help:to-be-embedded></text:p>
  </help:to-be-embedded>
  <help:popup Id="65611" Eid="export"><help:embedded Id="65598" Eid="wie"></help:embedded></help:popup>
  <text:p text:style-name="Paragraph">I följande avsnitt beskrivs dialogrutan <text:span text:style-name="T1">Export </text:span><text:s/>i <help:productname>%PRODUCTNAME</help:productname>. Om du vill aktivera dialogrutorna <help:productname>%PRODUCTNAME</help:productname><text:span text:style-name="T1">Öppna</text:span> och <text:span text:style-name="T1">Spara</text:span> väljer du <help:link Id="66281" Eid="systemdialog"><text:span text:style-name="T1">Verktyg - Alternativ - <help:productname>%PRODUCTNAME</help:productname> - Allmänt</text:span></help:link>, sedan markerar du <text:span text:style-name="T1">Använd <help:productname>%PRODUCTNAME</help:productname>-dialogrutor</text:span> under <text:span text:style-name="T1">Öppna/spara-dialogrutor</text:span>.</text:p>
  <text:p text:style-name="Head 2">Upp en nivå</text:p>
  <help:embedded Id="65755" Eid="levelup"></help:embedded>
  <text:p text:style-name="Head 2">Skapa ny katalog</text:p>
  <help:embedded Id="65755" Eid="createdir"></help:embedded>
  <text:p text:style-name="Head 2">Standardkatalog</text:p>
  <help:embedded Id="65755" Eid="defaultdir"></help:embedded>
  <text:p text:style-name="Head 2">Visningsområde</text:p>
  <help:embedded Id="65755" Eid="fileview"></help:embedded>
  <text:p text:style-name="Head 2">Filnamn</text:p>
  <help:embedded Id="65755" Eid="filename"></help:embedded>
  <text:p text:style-name="Head 2">Filtyp</text:p>
  <help:embedded Id="65755" Eid="filetype"></help:embedded>
  <text:p text:style-name="Head 2">Spara</text:p>
  <help:embedded Id="65755" Eid="save"></help:embedded>
  <text:p text:style-name="Head 2">Spara med lösenord</text:p>
  <help:embedded Id="65755" Eid="kennwort"></help:embedded>
  <text:p text:style-name="Head 2">Automatiskt filnamnstillägg</text:p>
  <help:embedded Id="65755" Eid="autoextension"></help:embedded>
 </office:body>
</office:document>
