

<office:document  xmlns:office="http://openoffice.org/2000/office" xmlns:style="http://openoffice.org/2000/style" xmlns:text="http://openoffice.org/2000/text" xmlns:table="http://openoffice.org/2000/table" xmlns:draw="http://openoffice.org/2000/drawing" xmlns:fo="http://www.w3.org/1999/XSL/Format" xmlns:xlink="http://www.w3.org/1999/xlink" xmlns:number="http://openoffice.org/2000/datastyle" xmlns:svg="http://www.w3.org/2000/svg" xmlns:chart="http://openoffice.org/2000/chart" xmlns:dr3d="http://openoffice.org/2000/dr3d" xmlns:math="http://www.w3.org/1998/Math/MathML" xmlns:form="http://openoffice.org/2000/form" xmlns:script="http://openoffice.org/2000/script" office:class="text" office:version="1.0" xmlns:dc="http://purl.org/dc/elements/1.1/" xmlns:meta="http://openoffice.org/2000/meta" xmlns:help="http://openoffice.org/2000/help">
<office:meta>
  <dc:description>text/common/01/01100200</dc:description>
  <dc:subject>Allmänt</dc:subject>
  <meta:keywords>
   <meta:keyword>$Version</meta:keyword>
  </meta:keywords>
  <dc:language>sv-SE</dc:language>
  <meta:user-defined meta:name="Info 0">READY</meta:user-defined>
  <meta:user-defined meta:name="Info 1">FREE_OK</meta:user-defined>
  <meta:user-defined meta:name="Info 2"/>
  <meta:user-defined meta:name="Info 3"/>
</office:meta>
 <office:script/>
 <office:font-decls>
  <style:font-decl style:name="StarSymbol" fo:font-family="StarSymbol" style:font-charset="x-symbol"/>
  <style:font-decl style:name="Courier New" fo:font-family="&apos;Courier New&apos;" style:font-style-name="Standard" style:font-family-generic="modern" style:font-pitch="fixed"/>
  <style:font-decl style:name="Courier" fo:font-family="Courier" style:font-family-generic="roman" style:font-pitch="fixed"/>
  <style:font-decl style:name="Arial Unicode MS" fo:font-family="&apos;Arial Unicode MS&apos;" style:font-pitch="variable"/>
  <style:font-decl style:name="HG Mincho Light J" fo:font-family="&apos;HG Mincho Light J&apos;" style:font-pitch="variable"/>
  <style:font-decl style:name="Times New Roman3" fo:font-family="&apos;Times New Roman&apos;" style:font-pitch="variable"/>
  <style:font-decl style:name="Thorndale" fo:font-family="Thorndale" style:font-family-generic="roman" style:font-pitch="variable"/>
  <style:font-decl style:name="Times New Roman2" fo:font-family="&apos;Times New Roman&apos;" style:font-style-name="Fett" style:font-family-generic="roman" style:font-pitch="variable"/>
  <style:font-decl style:name="Times New Roman" fo:font-family="&apos;Times New Roman&apos;" style:font-style-name="Standard" style:font-family-generic="roman" style:font-pitch="variable"/>
  <style:font-decl style:name="Times New Roman1" fo:font-family="&apos;Times New Roman&apos;" style:font-family-generic="swiss" style:font-pitch="variable"/>
 </office:font-decls>
 <office:automatic-styles>
  <style:style style:name="P1" style:family="paragraph" style:parent-style-name="Paragraph" style:master-page-name="HTML">
   <style:properties style:page-number="0"/>
  </style:style>
  <style:style style:name="T1" style:family="text">
   <style:properties fo:font-weight="bold"/>
  </style:style>
 </office:automatic-styles>
 <office:body>
  <text:variable-decls>
   <text:variable-decl text:value-type="string" text:name="HTML_ON"/>
   <text:variable-decl text:value-type="string" text:name="HTML_OFF"/>
   <text:variable-decl text:value-type="string" text:name="TITEL"/>
   <text:variable-decl text:value-type="string" text:name="END"/>
   <text:variable-decl text:value-type="string" text:name="MAC"/>
   <text:variable-decl text:value-type="string" text:name="ELSE"/>
   <text:variable-decl text:value-type="string" text:name="OS2"/>
   <text:variable-decl text:value-type="string" text:name="HREF"/>
   <text:variable-decl text:value-type="string" text:name="NAME"/>
   <text:variable-decl text:value-type="string" text:name="HelpID"/>
   <text:variable-decl text:value-type="string" text:name="MODIFY"/>
   <text:variable-decl text:value-type="string" text:name="REFNR"/>
   <text:variable-decl text:value-type="string" text:name="KEY"/>
   <text:variable-decl text:value-type="string" text:name="INDEX"/>
   <text:variable-decl text:value-type="string" text:name="AKTHLP"/>
   <text:variable-decl text:value-type="string" text:name="STYLE"/>
  </text:variable-decls>
  <text:sequence-decls>
   <text:sequence-decl text:display-outline-level="0" text:name="Illustration"/>
   <text:sequence-decl text:display-outline-level="0" text:name="Table"/>
   <text:sequence-decl text:display-outline-level="0" text:name="Text"/>
   <text:sequence-decl text:display-outline-level="0" text:name="Drawing"/>
  </text:sequence-decls>
  <help:to-be-embedded Eid="dokument">
  <text:p text:style-name="Head 1"><help:help-id value="HID_DOCINFODOC"/><help:link Id="65786">Allmänt</help:link></text:p>
  <text:p text:style-name="Paragraph"><help:help-text value="visible">Innehåller grundläggande information om den aktuella filen.</help:help-text></text:p>
  </help:to-be-embedded>
  <help:executeurl Id="slot:5535#264"></help:executeurl><help:popup Id="65611" Eid="info2"><help:embedded Id="65598" Eid="wie"></help:embedded></help:popup>
  <text:p text:style-name="Head 2"><help:help-id value="SFX2_EDIT_TP_DOCINFODOC_ED_FILE_NAME"/>Fil</text:p>
  <text:p text:style-name="Paragraph"><help:help-text value="visible">Visar filens namn.</help:help-text></text:p>
  <text:p text:style-name="Head 2">Typ:</text:p>
  <text:p text:style-name="Paragraph">Visar filtyp för det aktuella dokumentet.</text:p>
  <text:p text:style-name="Head 2">Plats:</text:p>
  <text:p text:style-name="Paragraph">Visar sökväg och namn på den katalog där filen är sparad.</text:p>
  <text:p text:style-name="Head 2">Storlek:</text:p>
  <text:p text:style-name="Paragraph">Här visas storleken för det aktuella dokumentet i byte.</text:p>
  <text:p text:style-name="Head 2">Skapat:</text:p>
  <text:p text:style-name="Paragraph">Visar datum och klockslag när filen först sparades.</text:p>
  <text:p text:style-name="Head 2">Ändrat:</text:p>
  <text:p text:style-name="Paragraph">Här visas datum och klockslag när dokumentet senast ändrades.</text:p>
  <text:p text:style-name="Head 2">Senaste utskrift:</text:p>
  <text:p text:style-name="Paragraph">Visar datum och klockslag när filen skrevs ut senast.</text:p>
  <text:p text:style-name="Head 2">Dokumentnummer:</text:p>
  <text:p text:style-name="Paragraph"><help:key-word value="Versionsnummer; dokument" tag="kw65786_1"/><help:key-word value="Dokument; versionsnummer" tag="kw65786_5"/><help:key-word value="Fil; versionsnummer" tag="kw65786_4"/>Visar hur många gånger filen har sparats.</text:p>
  <text:p text:style-name="Head 2"><help:key-word value="Redigeringstid; dokument" tag="kw65786_3"/><help:key-word value="Dokument; redigeringstid" tag="kw65786_2"/>Redigeringstid:</text:p>
  <text:p text:style-name="Paragraph">Visar hur lång tid som filen sammanlagt har varit öppen för redigering sedan den skapades. Redigeringstiden uppdateras när du sparar filen.</text:p>
  <text:p text:style-name="Head 2"><help:help-id value="SFX2_CHECKBOX_TP_DOCINFODOC_CB_USE_USERDATA"/>Använd användardata</text:p>
  <text:p text:style-name="Paragraph"><help:help-text value="visible">Sparar användarens fullständiga namn med filen. Du kan redigera namnet genom att välja <text:span text:style-name="T1">Verktyg - Alternativ - <help:productname>%PRODUCTNAME</help:productname> - Användardata</text:span>.</help:help-text></text:p>
  <text:p text:style-name="Head 2"><help:help-id value="SFX2_PUSHBUTTON_TP_DOCINFODOC_BTN_DELETE"/>Radera</text:p>
  <text:p text:style-name="Paragraph"><help:help-text value="visible">Återställer redigeringstiden till noll, skapelsedatum till aktuellt datum och klockslag, och versionsnumret till 1. Datum för ändringar och utskrift raderas också. </help:help-text></text:p>
  <text:p text:style-name="Head 2">Mall:</text:p>
  <text:p text:style-name="Paragraph">Visar den dokumentmall som användes för att skapa filen.</text:p>
 </office:body>
</office:document>
