

<office:document  xmlns:office="http://openoffice.org/2000/office" xmlns:style="http://openoffice.org/2000/style" xmlns:text="http://openoffice.org/2000/text" xmlns:table="http://openoffice.org/2000/table" xmlns:draw="http://openoffice.org/2000/drawing" xmlns:fo="http://www.w3.org/1999/XSL/Format" xmlns:xlink="http://www.w3.org/1999/xlink" xmlns:number="http://openoffice.org/2000/datastyle" xmlns:svg="http://www.w3.org/2000/svg" xmlns:chart="http://openoffice.org/2000/chart" xmlns:dr3d="http://openoffice.org/2000/dr3d" xmlns:math="http://www.w3.org/1998/Math/MathML" xmlns:form="http://openoffice.org/2000/form" xmlns:script="http://openoffice.org/2000/script" office:class="text" office:version="1.0" xmlns:dc="http://purl.org/dc/elements/1.1/" xmlns:meta="http://openoffice.org/2000/meta" xmlns:help="http://openoffice.org/2000/help">
<office:meta>
  <dc:description>text/common/01/01100400</dc:description>
  <dc:subject>Statistik</dc:subject>

  <dc:language>sv-SE</dc:language>
  <meta:user-defined meta:name="Info 0">READY</meta:user-defined>
  <meta:user-defined meta:name="Info 1">FREE_OK</meta:user-defined>
  <meta:user-defined meta:name="Info 2"/>
  <meta:user-defined meta:name="Info 3"/>
</office:meta>
 <office:script/>
 <office:font-decls>
  <style:font-decl style:name="StarSymbol" fo:font-family="StarSymbol" style:font-charset="x-symbol"/>
  <style:font-decl style:name="Courier New" fo:font-family="&apos;Courier New&apos;" style:font-style-name="Standard" style:font-family-generic="modern" style:font-pitch="fixed"/>
  <style:font-decl style:name="Courier" fo:font-family="Courier" style:font-family-generic="roman" style:font-pitch="fixed"/>
  <style:font-decl style:name="Arial Unicode MS" fo:font-family="&apos;Arial Unicode MS&apos;" style:font-pitch="variable"/>
  <style:font-decl style:name="HG Mincho Light J" fo:font-family="&apos;HG Mincho Light J&apos;" style:font-pitch="variable"/>
  <style:font-decl style:name="Times New Roman3" fo:font-family="&apos;Times New Roman&apos;" style:font-pitch="variable"/>
  <style:font-decl style:name="Thorndale" fo:font-family="Thorndale" style:font-family-generic="roman" style:font-pitch="variable"/>
  <style:font-decl style:name="Times New Roman2" fo:font-family="&apos;Times New Roman&apos;" style:font-style-name="Fett" style:font-family-generic="roman" style:font-pitch="variable"/>
  <style:font-decl style:name="Times New Roman" fo:font-family="&apos;Times New Roman&apos;" style:font-style-name="Standard" style:font-family-generic="roman" style:font-pitch="variable"/>
  <style:font-decl style:name="Times New Roman1" fo:font-family="&apos;Times New Roman&apos;" style:font-family-generic="swiss" style:font-pitch="variable"/>
 </office:font-decls>
 <office:automatic-styles>
  <style:style style:name="P1" style:family="paragraph" style:parent-style-name="Paragraph" style:master-page-name="HTML">
   <style:properties style:page-number="0"/>
  </style:style>
 </office:automatic-styles>
 <office:body>
  <text:variable-decls>
   <text:variable-decl text:value-type="string" text:name="HTML_ON"/>
   <text:variable-decl text:value-type="string" text:name="HTML_OFF"/>
   <text:variable-decl text:value-type="string" text:name="TITEL"/>
   <text:variable-decl text:value-type="string" text:name="END"/>
   <text:variable-decl text:value-type="string" text:name="MAC"/>
   <text:variable-decl text:value-type="string" text:name="ELSE"/>
   <text:variable-decl text:value-type="string" text:name="OS2"/>
   <text:variable-decl text:value-type="string" text:name="HREF"/>
   <text:variable-decl text:value-type="string" text:name="NAME"/>
   <text:variable-decl text:value-type="string" text:name="HelpID"/>
   <text:variable-decl text:value-type="string" text:name="MODIFY"/>
   <text:variable-decl text:value-type="string" text:name="REFNR"/>
   <text:variable-decl text:value-type="string" text:name="HFELD"/>
   <text:variable-decl text:value-type="string" text:name="KEY"/>
   <text:variable-decl text:value-type="string" text:name="INDEX"/>
   <text:variable-decl text:value-type="string" text:name="WIN"/>
   <text:variable-decl text:value-type="string" text:name="AKTHLP"/>
   <text:variable-decl text:value-type="string" text:name="STYLE"/>
  </text:variable-decls>
  <text:sequence-decls>
   <text:sequence-decl text:display-outline-level="0" text:name="Illustration"/>
   <text:sequence-decl text:display-outline-level="0" text:name="Table"/>
   <text:sequence-decl text:display-outline-level="0" text:name="Text"/>
   <text:sequence-decl text:display-outline-level="0" text:name="Drawing"/>
  </text:sequence-decls>
  <help:to-be-embedded Eid="statistik">
  <text:p text:style-name="Head 1"><help:help-id value="HID_DOC_STAT"/><help:help-id value="SC_TABPAGE_RID_SCPAGE_STAT"/><help:link Id="65682">Statistik</help:link></text:p>
  <text:p text:style-name="Paragraph"><help:help-text value="visible">Visar statistik om den aktuella filen.</help:help-text></text:p>
  </help:to-be-embedded>
  <help:executeurl Id="slot:5535#25575"></help:executeurl><help:popup Id="65611" Eid="info5"><help:embedded Id="65598" Eid="wie"></help:embedded></help:popup>
  <text:p text:style-name="Paragraph"><help:switch select="Program"><help:case select="WRITER">Vissa statistiska värden kan användas som <help:link Id="67808" Eid="variablen">variabler i formler</help:link>.</help:case></help:switch></text:p>
  <text:p text:style-name="Head 2"><help:key-word value="Antal; sidor" tag="kw65682_1"/><help:key-word value="Sidantal; dokument" tag="kw65682_30"/><help:key-word value="Dokument; sidantal" tag="kw65682_29"/>Antal sidor:</text:p>
  <text:p text:style-name="Paragraph">Antal sidor i filen.</text:p>
  <text:p text:style-name="Head 2"><help:switch select="Program"><help:case select="WRITER"><help:key-word value="Antal; tabeller" tag="kw65682_28"/><help:key-word value="Antal tabeller; dokument" tag="kw65682_27"/><help:key-word value="Dokument; antal tabeller" tag="kw65682_26"/>Antal tabeller:</help:case><help:case select="CALC"><help:key-word value="Antal; tabeller" tag="kw65682_25"/><help:key-word value="Antal tabeller; dokument" tag="kw65682_24"/><help:key-word value="Dokument; antal tabeller" tag="kw65682_23"/>Antal tabeller:</help:case></help:switch></text:p>
  <text:p text:style-name="Paragraph"><help:switch select="Program"><help:case select="WRITER">Antalet tabeller i filen.</help:case><help:case select="CALC">Antalet tabeller i filen.</help:case></help:switch> Den här statistiken räknar inte med tabeller som är infogade som <help:popup Id="65619" Eid="ole">OLE</help:popup>-objekt.</text:p>
  <text:p text:style-name="Head 2"><help:switch select="Program"><help:case select="CALC">Antal celler:<help:key-word value="Antal; celler" tag="kw65682_22"/></help:case></help:switch></text:p>
  <text:p text:style-name="Paragraph"><help:switch select="Program"><help:case select="CALC">Antal celler med innehåll i filen.</help:case></help:switch></text:p>
  <text:p text:style-name="Head 2"><help:switch select="Program"><help:case select="WRITER">Antal grafikobjekt:<help:key-word value="Antal; grafikobjekt" tag="kw65682_21"/></help:case></help:switch></text:p>
  <text:p text:style-name="Paragraph"><help:switch select="Program"><help:case select="WRITER">Antalet grafiska objekt i filen. Den här statistiken räknar inte med grafiska objekt som är infogade som <help:popup Id="65619" Eid="ole">OLE</help:popup>-objekt.</help:case></help:switch></text:p>
  <text:p text:style-name="Head 2"><help:switch select="Program"><help:case select="WRITER">Antal OLE-objekt:<help:key-word value="Antal; objekt" tag="kw65682_20"/></help:case></help:switch></text:p>
  <text:p text:style-name="Paragraph"><help:switch select="Program"><help:case select="WRITER">Antal <help:popup Id="65619" Eid="ole">OLE</help:popup>-objekt i filen, inklusive tabeller och grafik som är infogade som OLE-objekt.</help:case></help:switch></text:p>
  <text:p text:style-name="Head 2"><help:switch select="Program"><help:case select="WRITER">Antal stycken:<help:key-word value="Antal; stycken" tag="kw65682_19"/><help:key-word value="Dokument; styckeantal" tag="kw65682_18"/></help:case></help:switch></text:p>
  <text:p text:style-name="Paragraph"><help:switch select="Program"><help:case select="WRITER">Antal stycken (inklusive tomma stycken) i filen.</help:case></help:switch></text:p>
  <text:p text:style-name="Head 2"><help:switch select="Program"><help:case select="WRITER"><help:key-word value="Ord; räkna" tag="kw65682_17"/><help:key-word value="Ord; antal i dokument" tag="kw65682_16"/><help:key-word value="Dokument; antal ord" tag="kw65682_15"/><help:key-word value="Text; antal ord" tag="kw65682_14"/><help:key-word value="Antal; ord" tag="kw65682_13"/>Antal ord:</help:case></help:switch></text:p>
  <text:p text:style-name="Paragraph"><help:switch select="Program"><help:case select="WRITER">Antal ord (inklusive ord som består av ett tecken) i filen.</help:case></help:switch></text:p>
  <text:p text:style-name="Head 2"><help:switch select="Program"><help:case select="WRITER"><help:key-word value="Tecken; räkna" tag="kw65682_12"/><help:key-word value="Nedslag; räkna" tag="kw65682_11"/><help:key-word value="Antal tecken; dokument" tag="kw65682_10"/><help:key-word value="Dokument; antal tecken" tag="kw65682_9"/><help:key-word value="Text; antal tecken" tag="kw65682_8"/><help:key-word value="Antal; tecken, statistik" tag="kw65682_7"/>Antal tecken:</help:case></help:switch></text:p>
  <text:p text:style-name="Paragraph"><help:switch select="Program"><help:case select="WRITER">Antalet tecken (inklusive mellanslag) i filen. Ej utskrivbara tecken ingår inte.</help:case></help:switch></text:p>
  <text:p text:style-name="Head 2"><help:switch select="Program"><help:case select="WRITER"><help:key-word value="Rader; räkna" tag="kw65682_6"/><help:key-word value="Radantal; dokument" tag="kw65682_5"/><help:key-word value="Dokument; radantal" tag="kw65682_4"/><help:key-word value="Text; radantal" tag="kw65682_3"/><help:key-word value="Antal; rader" tag="kw65682_2"/>Antal rader:</help:case></help:switch></text:p>
  <text:p text:style-name="Paragraph"><help:switch select="Program"><help:case select="WRITER">Antalet rader i filen.</help:case></help:switch></text:p>
  <text:p text:style-name="Head 2"><help:help-id value="SW_PUSHBUTTON_TP_DOC_STAT_PB_PDATE"/><help:switch select="Program"><help:case select="WRITER">Uppdatera</help:case></help:switch></text:p>
  <text:p text:style-name="Paragraph"><help:switch select="Program"><help:case select="WRITER"><help:help-text value="visible">Uppdaterar statistiken.</help:help-text></help:case></help:switch></text:p>
 </office:body>
</office:document>
