

<office:document  xmlns:office="http://openoffice.org/2000/office" xmlns:style="http://openoffice.org/2000/style" xmlns:text="http://openoffice.org/2000/text" xmlns:table="http://openoffice.org/2000/table" xmlns:draw="http://openoffice.org/2000/drawing" xmlns:fo="http://www.w3.org/1999/XSL/Format" xmlns:xlink="http://www.w3.org/1999/xlink" xmlns:number="http://openoffice.org/2000/datastyle" xmlns:svg="http://www.w3.org/2000/svg" xmlns:chart="http://openoffice.org/2000/chart" xmlns:dr3d="http://openoffice.org/2000/dr3d" xmlns:math="http://www.w3.org/1998/Math/MathML" xmlns:form="http://openoffice.org/2000/form" xmlns:script="http://openoffice.org/2000/script" office:class="text" office:version="1.0" xmlns:dc="http://purl.org/dc/elements/1.1/" xmlns:meta="http://openoffice.org/2000/meta" xmlns:help="http://openoffice.org/2000/help">
<office:meta>
  <dc:description>text/common/01/01110100</dc:description>
  <dc:subject>Administrera</dc:subject>
  <meta:keywords>
   <meta:keyword>$Version</meta:keyword>
  </meta:keywords>
  <dc:language>sv-SE</dc:language>
  <meta:user-defined meta:name="Info 0">READY</meta:user-defined>
  <meta:user-defined meta:name="Info 1">FREE_OK</meta:user-defined>
  <meta:user-defined meta:name="Info 2"/>
  <meta:user-defined meta:name="Info 3"/>
</office:meta>
 <office:script/>
 <office:font-decls>
  <style:font-decl style:name="StarSymbol" fo:font-family="StarSymbol" style:font-charset="x-symbol"/>
  <style:font-decl style:name="Courier New" fo:font-family="&apos;Courier New&apos;" style:font-style-name="Standard" style:font-family-generic="modern" style:font-pitch="fixed"/>
  <style:font-decl style:name="Courier" fo:font-family="Courier" style:font-family-generic="roman" style:font-pitch="fixed"/>
  <style:font-decl style:name="Arial Unicode MS" fo:font-family="&apos;Arial Unicode MS&apos;" style:font-pitch="variable"/>
  <style:font-decl style:name="HG Mincho Light J" fo:font-family="&apos;HG Mincho Light J&apos;" style:font-pitch="variable"/>
  <style:font-decl style:name="Times New Roman4" fo:font-family="&apos;Times New Roman&apos;" style:font-pitch="variable"/>
  <style:font-decl style:name="Thorndale" fo:font-family="Thorndale" style:font-family-generic="roman" style:font-pitch="variable"/>
  <style:font-decl style:name="Times New Roman3" fo:font-family="&apos;Times New Roman&apos;" style:font-family-generic="roman" style:font-pitch="variable"/>
  <style:font-decl style:name="Times New Roman2" fo:font-family="&apos;Times New Roman&apos;" style:font-style-name="Fett" style:font-family-generic="roman" style:font-pitch="variable"/>
  <style:font-decl style:name="Times New Roman" fo:font-family="&apos;Times New Roman&apos;" style:font-style-name="Standard" style:font-family-generic="roman" style:font-pitch="variable"/>
  <style:font-decl style:name="Times New Roman1" fo:font-family="&apos;Times New Roman&apos;" style:font-family-generic="swiss" style:font-pitch="variable"/>
 </office:font-decls>
 <office:automatic-styles>
  <style:style style:name="Tabelle2" style:family="table">
   <style:properties style:width="18cm" table:align="margins"/>
  </style:style>
  <style:style style:name="Tabelle2.A" style:family="table-column">
   <style:properties style:column-width="1.499cm" style:rel-column-width="850*"/>
  </style:style>
  <style:style style:name="Tabelle2.B" style:family="table-column">
   <style:properties style:column-width="16.498cm" style:rel-column-width="9352*"/>
  </style:style>
  <style:style style:name="Tabelle2.1" style:family="table-row">
   <style:properties style:min-row-height="0.848cm"/>
  </style:style>
  <style:style style:name="Tabelle2.A1" style:family="table-cell">
   <style:properties fo:padding="0cm" fo:border="none"/>
  </style:style>
  <style:style style:name="P1" style:family="paragraph" style:parent-style-name="Paragraph" style:master-page-name="HTML">
   <style:properties style:page-number="0"/>
  </style:style>
  <style:style style:name="T1" style:family="text">
   <style:properties fo:font-weight="bold"/>
  </style:style>
  <style:style style:name="fr1" style:family="graphics" style:parent-style-name="Graphics">
   <style:properties fo:margin-left="0cm" fo:margin-right="0cm" fo:margin-top="0cm" fo:margin-bottom="0cm" style:run-through="foreground" style:wrap="run-through" style:vertical-pos="middle" style:vertical-rel="paragraph" style:horizontal-pos="left" style:horizontal-rel="paragraph" style:mirror="none" fo:clip="rect(0cm 0cm 0cm 0cm)" draw:luminance="0%" draw:contrast="0%" draw:red="0%" draw:green="0%" draw:blue="0%" draw:gamma="1" draw:color-inversion="false" draw:transparency="-100%" draw:color-mode="standard"/>
  </style:style>
 </office:automatic-styles>
 <office:body>
  <text:variable-decls>
   <text:variable-decl text:value-type="string" text:name="HTML_ON"/>
   <text:variable-decl text:value-type="string" text:name="HTML_OFF"/>
   <text:variable-decl text:value-type="string" text:name="TITEL"/>
   <text:variable-decl text:value-type="string" text:name="END"/>
   <text:variable-decl text:value-type="string" text:name="MAC"/>
   <text:variable-decl text:value-type="string" text:name="ELSE"/>
   <text:variable-decl text:value-type="string" text:name="HREF"/>
   <text:variable-decl text:value-type="string" text:name="OS2"/>
   <text:variable-decl text:value-type="string" text:name="HelpID"/>
   <text:variable-decl text:value-type="string" text:name="NAME"/>
   <text:variable-decl text:value-type="string" text:name="MODIFY"/>
   <text:variable-decl text:value-type="string" text:name="REFNR"/>
   <text:variable-decl text:value-type="string" text:name="HFELD"/>
   <text:variable-decl text:value-type="string" text:name="KEY"/>
   <text:variable-decl text:value-type="string" text:name="AKTHLP"/>
   <text:variable-decl text:value-type="string" text:name="INDEX"/>
   <text:variable-decl text:value-type="string" text:name="UNIX"/>
   <text:variable-decl text:value-type="string" text:name="STYLE"/>
  </text:variable-decls>
  <text:sequence-decls>
   <text:sequence-decl text:display-outline-level="0" text:name="Illustration"/>
   <text:sequence-decl text:display-outline-level="0" text:name="Table"/>
   <text:sequence-decl text:display-outline-level="0" text:name="Text"/>
   <text:sequence-decl text:display-outline-level="0" text:name="Drawing"/>
  </text:sequence-decls>
  <help:to-be-embedded Eid="verwalten"><a name="verwalten"/>
  <text:p text:style-name="Paragraph"><help:key-word value="Dokument; administrera" tag="kw65871_1"/><help:key-word value="Administrera; dokumentmallar" tag="kw65871_18"/><help:key-word value="Dokumentmallar; administrera" tag="kw65871_17"/><help:key-word value="Administrera; formatmallar" tag="kw65871_16"/><help:key-word value="Formatmallar; administrera" tag="kw65871_15"/><help:key-word value="Formatmallar; skriva ut formatmallar som används i ett dokument" tag="kw65871_14"/><help:key-word value="Formatmallar; kopiera mellan dokument" tag="kw65871_13"/><help:key-word value="Standardmallar; administrera" tag="kw65871_12"/></text:p>
  <text:p text:style-name="Head 1"><help:help-id value="SID_ORGANIZER"/><help:link Id="65871" Eid="verwalten">Administrera</help:link></text:p>
  <text:p text:style-name="Paragraph"><help:help-text value="visible">Öppnar dialogrutan <text:span text:style-name="T1">Administrera dokumentmallar</text:span> där du kan administrera dokumentmallar och definiera standardmallar.</help:help-text></text:p>
  </help:to-be-embedded>
  <help:popup Id="65611" Eid="verwalten"><help:embedded Id="65598" Eid="wie"></help:embedded></help:popup>
  <text:p text:style-name="Head 2"><help:help-id value="HID_CTL_ORGANIZER_LEFT"/><help:help-id value="HID_CTL_ORGANIZER_RIGHT"/>Vänster och höger listruta (dokumentmallar/dokument)</text:p>
  <text:p text:style-name="Paragraph"><help:help-text value="visible">Visar tillgängliga mallkategorier eller <help:productname>%PRODUCTNAME</help:productname>-filer. Om du vill ändra listans innehåll markerar du <text:span text:style-name="T1">Dokumentmallar</text:span> eller <text:span text:style-name="T1">Dokument</text:span> i listrutan.</help:help-text></text:p>
  <table:table table:name="Tabelle2" table:style-name="Tabelle2">
   <table:table-column table:style-name="Tabelle2.A"/>
   <table:table-column table:style-name="Tabelle2.B"/>
   <table:table-header-rows>
    <table:table-row table:style-name="Tabelle2.1">
     <table:table-cell table:style-name="Tabelle2.A1" table:value-type="string">
      <text:p text:style-name="Paragraph"><draw:image draw:name="Symbol0" svg:desc="Den här symbolen markerar text som innehåller ytterligare information." svg:pixelx="32" svg:pixely="32" svg:width="0.847cm" svg:height="0.847cm" xlink:href="65980" draw:filter-name=""/></text:p>

     </table:table-cell>
     <table:table-cell table:style-name="Tabelle2.A1" table:value-type="string">
      <text:p text:style-name="Paragraph"><help:productname>%PRODUCTNAME</help:productname>-mallfiler sparas som standard i <help:switch select="System"><help:case select ="UNIX">{installpath}/share/template/swedish</help:case><help:default>{installpath}\share\template\swedish</help:default></help:switch> och användardefinierade mallfiler sparas i <help:switch select="System"><help:case select ="UNIX">{installpath}/user/template</help:case><help:default>{installpath}\user\template</help:default></help:switch>. Om du vill ändra de här standardinställningarna väljer du <help:link Id="66242"><text:span text:style-name="T1">Verktyg - Alternativ - <help:productname>%PRODUCTNAME</help:productname> - Sökvägar</text:span></help:link>.</text:p>
     </table:table-cell>
    </table:table-row>
   </table:table-header-rows>
  </table:table>
  <text:p text:style-name="Paragraph"><help:help-id value="SFX2_LISTBOX_DLG_ORGANIZE_LB_LEFT_TYP"/><help:help-id value="SFX2_LISTBOX_DLG_ORGANIZE_LB_RIGHT_TYP"/><help:help-text value="visible">Du kan ändra innehållet som visas i listan ovan genom att välja <text:span text:style-name="T1">Dokumentmallar</text:span> eller <text:span text:style-name="T1">Dokument</text:span>.</help:help-text></text:p>
  <text:p text:style-name="Paragraph">Mallkategorier representeras av mappsymboler. Om du vill visa mallfiler från en kategori dubbelklickar du på en mapp.</text:p>
  <text:p text:style-name="Paragraph">Du kan visa de formatmallar som används i en mallfil genom att dubbelklicka på mallnamnet och sedan dubbelklicka på ikonen <text:span text:style-name="T1">Mallar</text:span>.</text:p>
  <text:p text:style-name="Paragraph">Du kan kopiera en formatmall genom att hålla ned Ctrl och dra formatmallen från en fil till en annan. Du kan flytta en formatmall genom att dra den från en fil till en annan.</text:p>
  <text:p text:style-name="Head 2"><help:help-id value="SFX2_MENUBUTTON_DLG_ORGANIZE_BTN_EDIT"/>Kommandon</text:p>
  <text:p text:style-name="Paragraph"><help:help-text value="visible">Innehåller kommandon för hantering och redigering av mallar och dokument.</help:help-text></text:p>
  <text:p text:style-name="Paragraph">Följande kommandon är tillgängliga, beroende på vilken typ av fil du väljer i listan:</text:p>
  <text:p text:style-name="Head 3"><help:help-id value="HID_ORGANIZE_NEW"/>Nytt</text:p>
  <text:p text:style-name="Paragraph"><help:help-text value="visible">Skapar en ny mallkategori.</help:help-text></text:p>
  <text:p text:style-name="Head 3"><help:help-id value="HID_ORGANIZE_DELETE"/>Radera<help:key-word value="Dokumentmall; radera" tag="kw65871_11"/><help:key-word value="Mall; radera" tag="kw65871_10"/></text:p>
  <text:p text:style-name="Paragraph"><help:help-text value="visible">Raderar den aktuella markeringen.</help:help-text></text:p>
  <text:p text:style-name="Head 3"><help:help-id value="HID_ORGANIZE_EDIT"/>Redigera</text:p>
  <text:p text:style-name="Paragraph"><help:help-text value="visible">Öppnar den markerade dokumentmallen för redigering.</help:help-text></text:p>
  <text:p text:style-name="Head 3"><help:help-id value="HID_ORGANIZE_COPY_FROM"/>Importera mall<help:key-word value="Mall; importera" tag="kw65871_9"/><help:key-word value="Dokumentmall; importera" tag="kw65871_8"/><help:key-word value="Importera; mall" tag="kw65871_7"/><help:key-word value="Importera; dokumentmall" tag="kw65871_6"/></text:p>
  <text:p text:style-name="Paragraph"><help:help-text value="visible">Importerar en dokumentmall. Du importerar en dokumentmall genom att markera en mallmapp i listan, klicka på knappen <text:span text:style-name="T1">Kommando</text:span> och sedan välja <text:span text:style-name="T1">Importera mall</text:span>.</help:help-text></text:p>
  <text:p text:style-name="Head 3"><help:help-id value="HID_ORGANIZE_COPY_TO"/>Exportera mall<help:key-word value="Mall; exportera" tag="kw65871_5"/><help:key-word value="Exportera; mall" tag="kw65871_4"/><help:key-word value="Exportera; dokumentmall" tag="kw65871_3"/><help:key-word value="Dokumentmall; exportera" tag="kw65871_2"/></text:p>
  <text:p text:style-name="Paragraph"><help:help-text value="visible">Exporterar den markerade dokumentmallen.</help:help-text></text:p>
  <text:p text:style-name="Head 3"><help:help-id value="HID_ORGANIZE_PRINT"/>Skriv ut</text:p>
  <text:p text:style-name="Paragraph"><help:help-text value="visible">Skriver ut namn och egenskaper för de formatmallar som används i filen.</help:help-text></text:p>
  <text:p text:style-name="Head 3"><help:help-id value="HID_ORGANIZE_PRINTER_SETUP"/>Skrivarinställningar...</text:p>
  <text:p text:style-name="Paragraph"><help:help-text value="visible">Ändrar skrivare och skrivarens inställningar för det markerade dokumentet.</help:help-text></text:p>
  <text:p text:style-name="Head 3"><help:help-id value="HID_ORGANIZE_RESCAN"/>Uppdatera</text:p>
  <text:p text:style-name="Paragraph"><help:help-text value="visible">Uppdaterar listornas innehåll.</help:help-text></text:p>
  <text:p text:style-name="Head 3"><help:help-id value="HID_ORGANIZE_STDTEMPLATE_ADD"/>Definiera som standardmall</text:p>
  <text:p text:style-name="Paragraph"><help:help-text value="visible">Använder den markerade dokumentmallen som standardmall när du skapar ett nytt <help:productname>%PRODUCTNAME</help:productname>-dokument av samma typ.</help:help-text></text:p>
  <text:p text:style-name="Head 3"><help:help-id value="HID_ORGANIZE_STDTEMPLATE_DEL"/>Återställ standardmall</text:p>
  <text:p text:style-name="Paragraph"><help:help-text value="visible">Välj en <help:productname>%PRODUCTNAME</help:productname>-dokumenttyp för vilken standardmallen ska återställas till den ursprungliga dokumentmallen.</help:help-text></text:p>
  <text:p text:style-name="Head 2"><help:help-id value="SFX2_PUSHBUTTON_DLG_ORGANIZE_BTN_ADDRESSTEMPLATE"/>Adressbok</text:p>
  <text:p text:style-name="Paragraph">Redigera adressbokens fälttilldelning och datakälla.</text:p>
  <text:p text:style-name="Head 2"><help:help-id value="SFX2_PUSHBUTTON_DLG_ORGANIZE_BTN_FILES"/>Fil...</text:p>
  <text:p text:style-name="Paragraph"><help:help-text value="visible">Du kan kopiera dokumentmallar från ett <help:productname>%PRODUCTNAME</help:productname>-dokument genom att klicka i det kombinationsfält som innehåller dokument och sedan klicka på <text:span text:style-name="T1">Fil</text:span>.</help:help-text> En dialogruta för filurval visas (se dialogrutan <text:span text:style-name="T1">Öppna</text:span>). Markera ett dokument och stäng dialogrutan. Det markerade dokumentet visas i kombinationsfältet. Du kan nu visa knappen <text:span text:style-name="T1">Mallar</text:span> genom att dubbelklicka på dokumentets namn, och sedan kopiera formatmallarna.</text:p>
  <help:switch select="Program"><help:case select="WRITER">
  <text:p text:style-name="ParaList"><help:embedded Id="65598" Eid="related"></help:embedded></text:p>
  <text:p text:style-name="ParaList"><help:embedded Id="68038" Eid="template_default"></help:embedded></text:p>
  <text:p text:style-name="ParaList"><help:link Id="65661"></help:link></text:p>
  <text:p text:style-name="ParaList"><help:link Id="67814"></help:link></text:p>
  </help:case></help:switch>
 </office:body>
</office:document>
