

<office:document  xmlns:office="http://openoffice.org/2000/office" xmlns:style="http://openoffice.org/2000/style" xmlns:text="http://openoffice.org/2000/text" xmlns:table="http://openoffice.org/2000/table" xmlns:draw="http://openoffice.org/2000/drawing" xmlns:fo="http://www.w3.org/1999/XSL/Format" xmlns:xlink="http://www.w3.org/1999/xlink" xmlns:number="http://openoffice.org/2000/datastyle" xmlns:svg="http://www.w3.org/2000/svg" xmlns:chart="http://openoffice.org/2000/chart" xmlns:dr3d="http://openoffice.org/2000/dr3d" xmlns:math="http://www.w3.org/1998/Math/MathML" xmlns:form="http://openoffice.org/2000/form" xmlns:script="http://openoffice.org/2000/script" office:class="text" office:version="1.0" xmlns:dc="http://purl.org/dc/elements/1.1/" xmlns:meta="http://openoffice.org/2000/meta" xmlns:help="http://openoffice.org/2000/help">
<office:meta>
  <dc:description>text/common/01/01130000</dc:description>
  <dc:subject>Skriva ut</dc:subject>
  <meta:keywords>
   <meta:keyword>$Version</meta:keyword>
  </meta:keywords>
  <dc:language>sv-SE</dc:language>
  <meta:user-defined meta:name="Info 0">READY</meta:user-defined>
  <meta:user-defined meta:name="Info 1">FREE_OK</meta:user-defined>
  <meta:user-defined meta:name="Info 2"/>
  <meta:user-defined meta:name="Info 3"/>
</office:meta>
 <office:script/>
 <office:font-decls>
  <style:font-decl style:name="StarSymbol" fo:font-family="StarSymbol" style:font-charset="x-symbol"/>
  <style:font-decl style:name="Courier New" fo:font-family="&apos;Courier New&apos;" style:font-style-name="Standard" style:font-family-generic="modern" style:font-pitch="fixed"/>
  <style:font-decl style:name="Times New Roman3" fo:font-family="&apos;Times New Roman&apos;" style:font-family-generic="roman" style:font-pitch="fixed"/>
  <style:font-decl style:name="Arial Unicode MS" fo:font-family="&apos;Arial Unicode MS&apos;" style:font-pitch="variable"/>
  <style:font-decl style:name="Courier New1" fo:font-family="&apos;Courier New&apos;" style:font-pitch="variable"/>
  <style:font-decl style:name="HG Mincho Light J" fo:font-family="&apos;HG Mincho Light J&apos;" style:font-pitch="variable"/>
  <style:font-decl style:name="Times New Roman4" fo:font-family="&apos;Times New Roman&apos;" style:font-pitch="variable"/>
  <style:font-decl style:name="Thorndale" fo:font-family="Thorndale" style:font-family-generic="roman" style:font-pitch="variable"/>
  <style:font-decl style:name="Times New Roman2" fo:font-family="&apos;Times New Roman&apos;" style:font-style-name="Fett" style:font-family-generic="roman" style:font-pitch="variable"/>
  <style:font-decl style:name="Times New Roman" fo:font-family="&apos;Times New Roman&apos;" style:font-style-name="Standard" style:font-family-generic="roman" style:font-pitch="variable"/>
  <style:font-decl style:name="Times New Roman1" fo:font-family="&apos;Times New Roman&apos;" style:font-family-generic="swiss" style:font-pitch="variable"/>
 </office:font-decls>
 <office:automatic-styles>
  <style:style style:name="P1" style:family="paragraph" style:parent-style-name="Paragraph" style:master-page-name="HTML">
   <style:properties style:page-number="0"/>
  </style:style>
  <style:style style:name="T1" style:family="text">
   <style:properties fo:font-weight="bold"/>
  </style:style>
 </office:automatic-styles>
 <office:body>
  <text:variable-decls>
   <text:variable-decl text:value-type="string" text:name="HTML_ON"/>
   <text:variable-decl text:value-type="string" text:name="HTML_OFF"/>
   <text:variable-decl text:value-type="string" text:name="TITEL"/>
   <text:variable-decl text:value-type="string" text:name="END"/>
   <text:variable-decl text:value-type="string" text:name="WIN"/>
   <text:variable-decl text:value-type="string" text:name="mac"/>
   <text:variable-decl text:value-type="string" text:name="OS2"/>
   <text:variable-decl text:value-type="string" text:name="unix"/>
   <text:variable-decl text:value-type="string" text:name="ELSE"/>
   <text:variable-decl text:value-type="string" text:name="HREF"/>
   <text:variable-decl text:value-type="string" text:name="NAME"/>
   <text:variable-decl text:value-type="string" text:name="HelpID"/>
   <text:variable-decl text:value-type="string" text:name="MODIFY"/>
   <text:variable-decl text:value-type="string" text:name="REFNR"/>
   <text:variable-decl text:value-type="string" text:name="HFELD"/>
   <text:variable-decl text:value-type="string" text:name="INDEX"/>
   <text:variable-decl text:value-type="string" text:name="AKTHLP"/>
   <text:variable-decl text:value-type="string" text:name="KEY"/>
   <text:variable-decl text:value-type="string" text:name="STYLE"/>
  </text:variable-decls>
  <text:sequence-decls>
   <text:sequence-decl text:display-outline-level="0" text:name="Illustration"/>
   <text:sequence-decl text:display-outline-level="0" text:name="Table"/>
   <text:sequence-decl text:display-outline-level="0" text:name="Text"/>
   <text:sequence-decl text:display-outline-level="0" text:name="Drawing"/>
  </text:sequence-decls>
  <text:p text:style-name="P1"/>
  <text:p text:style-name="Head 1"><help:help-id value="SID_PRINTDOC"/><help:key-word value="Skriva ut; dokument" tag="kw65764_1"/><help:key-word value="Dokument; skriva ut" tag="kw65764_20"/><help:key-word value="Text; skriva ut" tag="kw65764_19"/><help:key-word value="Skriva ut; text" tag="kw65764_18"/><help:key-word value="Tabelldokument; skriva ut" tag="kw65764_17"/><help:key-word value="Skriva ut; tabelldokument" tag="kw65764_16"/><help:key-word value="Presentationer; skriva ut" tag="kw65764_15"/><help:key-word value="Skriva ut; presentationer" tag="kw65764_14"/><help:key-word value="Teckningar; skriva ut" tag="kw65764_13"/><help:key-word value="Skriva ut; teckningar" tag="kw65764_12"/>Skriva ut</text:p>
  <text:p text:style-name="Paragraph"><help:to-be-embedded Eid="druckentext"><help:help-text value="visible">Skriver ut det aktuella dokumentet, markeringen eller de sidor du anger. Du kan också ange utskriftsalternativ för det aktuella dokumentet.</help:help-text></help:to-be-embedded> Utskriftsalternativen varierar beroende på skrivaren och det operativsystem du använder.</text:p>
  <help:executeurl Id="Slot:5504"></help:executeurl><help:popup Id="65611" Eid="drucken"><help:embedded Id="65598" Eid="wie"></help:embedded></help:popup>
  <text:p text:style-name="Head 2"><help:help-id value="SVTOOLS_LISTBOX_DLG_SVT_PRNDLG_PRINTDLG_LB_NAMES"/>Skrivare<help:key-word value="välja skrivare" tag="kw65764_11"/><help:key-word value="Skrivare; välja" tag="kw65764_10"/></text:p>
  <text:p text:style-name="Paragraph"><help:help-text value="visible">Visar standardskrivaren för det aktuella dokumentet. Information om skrivaren visas under rutan. Om du väljer en annan skrivare uppdateras informationen.</help:help-text></text:p>
  <text:p text:style-name="Head 3">Namn</text:p>
  <text:p text:style-name="Paragraph">Visar de skrivare som är installerade i operativsystemet. Du kan ändra standardskrivare genom att välja ett skrivarnamn i listan.</text:p>
  <text:p text:style-name="Head 3">Status</text:p>
  <text:p text:style-name="Paragraph">Beskriver aktuell status för den markerade skrivaren.</text:p>
  <text:p text:style-name="Head 3">Typ</text:p>
  <text:p text:style-name="Paragraph">Visar vilken typ av skrivare som är vald.</text:p>
  <text:p text:style-name="Head 3">Plats</text:p>
  <text:p text:style-name="Paragraph">Visar den valda skrivarens port.</text:p>
  <text:p text:style-name="Head 3">Kommentarer</text:p>
  <text:p text:style-name="Paragraph">Visar övrig information om skrivaren.</text:p>
  <text:p text:style-name="Head 3"><help:help-id value="SVTOOLS_PUSHBUTTON_DLG_SVT_PRNDLG_PRINTDLG_BTN_PROPERTIES"/>Egenskaper</text:p>
  <text:p text:style-name="Paragraph"><help:help-text value="visible">Ändrar skrivarinställningarna i operativsystemet för det aktuella dokumentet. Om du vill ändra skrivarinställningarna för <help:productname>%PRODUCTNAME</help:productname> klickar du på knappen <text:span text:style-name="T1">Alternativ</text:span>.</help:help-text> Skrivaregenskaperna varierar beroende på vilken skrivare du valt.</text:p>
  <text:p text:style-name="Head 3"><help:help-id value="SVTOOLS_CHECKBOX_DLG_SVT_PRNDLG_PRINTDLG_CBX_FILEPRINT"/>Skriv ut till fil</text:p>
  <text:p text:style-name="Paragraph"><help:help-text value="visible">Skriver ut till en fil i stället för till en skrivare. Välj det här alternativet och välj sedan en plats där filen ska sparas.</help:help-text></text:p>
  <text:p text:style-name="Head 2">Utskriftsområde<help:key-word value="Utskriftsområde; välja" tag="kw65764_9"/><help:key-word value="Sida; välja för utskrift" tag="kw65764_8"/><help:key-word value="Skriva ut enskilda sidor" tag="kw65764_7"/><help:key-word value="Skriva ut; urval" tag="kw65764_6"/></text:p>
  <text:p text:style-name="Paragraph">Definierar vilket område i det aktuella dokumentet som ska skrivas ut.</text:p>
  <text:p text:style-name="Head 3"><help:help-id value="SVTOOLS_RADIOBUTTON_DLG_SVT_PRNDLG_PRINTDLG_RBT_ALL"/>Allt</text:p>
  <text:p text:style-name="Paragraph"><help:help-text value="visible">Skriver ut hela dokumentet.</help:help-text></text:p>
  <text:p text:style-name="Head 3"><help:help-id value="SVTOOLS_RADIOBUTTON_DLG_SVT_PRNDLG_PRINTDLG_RBT_PAGES"/>Sidor</text:p>
  <text:p text:style-name="Paragraph"><help:help-text value="visible">Skriver endast ut de sidor du anger i rutan <text:span text:style-name="T1">Sidor</text:span>.</help:help-text></text:p>
  <text:p text:style-name="Paragraph"><help:help-id value="SVTOOLS_EDIT_DLG_SVT_PRNDLG_PRINTDLG_EDT_PAGES"/><help:help-text value="visible">Om du bara vill skriva ut vissa sidor använder du formatet 3-6. Om du vill skriva ut enstaka sidor använder du formatet 7;9;11. Om du vill kan du skriva ut en kombination av sidor och sidområden genom att använda formatet 3-6;8;10;12. </help:help-text></text:p>
  <text:p text:style-name="Head 3"><help:help-id value="SVTOOLS_RADIOBUTTON_DLG_SVT_PRNDLG_PRINTDLG_RBT_SELECTION"/>Markering</text:p>
  <text:p text:style-name="Paragraph"><help:help-text value="visible">Skriver endast ut det markerade området eller de markerade objekten i dokumentet.</help:help-text></text:p>
  <text:p text:style-name="Head 2"><help:key-word value="Utskriftskopior; välja ut" tag="kw65764_5"/><help:key-word value="Skriva ut; kopior" tag="kw65764_4"/><help:key-word value="Kopior; skriva ut" tag="kw65764_3"/>Kopior</text:p>
  <text:p text:style-name="Paragraph">Ange hur många kopior du vill skriva ut, samt sorteringsalternativ.</text:p>
  <text:p text:style-name="Head 3"><help:help-id value="SVTOOLS_NUMERICFIELD_DLG_SVT_PRNDLG_PRINTDLG_NUM_COPIES"/>Exemplar</text:p>
  <text:p text:style-name="Paragraph"><help:help-text value="visible">Ange hur många kopior du vill skriva ut.</help:help-text></text:p>
  <text:p text:style-name="Head 3"><help:help-id value="SVTOOLS_CHECKBOX_DLG_SVT_PRNDLG_PRINTDLG_CBX_COLLATE"/>Sortera</text:p>
  <text:p text:style-name="Paragraph"><help:help-text value="visible">Behåller samma sidordning som i det ursprungliga dokumentet.</help:help-text></text:p>
  <help:switch select="Program"><help:case select="CALC">
  </help:case></help:switch>
  <text:p text:style-name="Head 2"><help:help-id value="SVTOOLS_PUSHBUTTON_DLG_SVT_PRNDLG_PRINTDLG_BTN_OPTIONS"/><a name="zusaetze"/>Fler</text:p>
  <text:p text:style-name="Paragraph"><help:help-text value="hide">Ändrar skrivarinställningarna i <help:productname>%PRODUCTNAME</help:productname> för det aktuella dokumentet. Om du vill ändra skrivarinställningarna i operativsystemet klickar du på knappen <text:span text:style-name="T1">Egenskaper</text:span>.</help:help-text></text:p>
  <text:p text:style-name="Paragraph"><help:switch select="Program"><help:case select="WRITER">Om du vill ange standardalternativ för utskrift i <help:productname>%PRODUCTNAME</help:productname> väljer du <help:link Id="66280"><text:span text:style-name="T1">Verktyg - Alternativ - Textdokument - Skriv ut</text:span></help:link>.</help:case></help:switch></text:p>
  <text:p text:style-name="Paragraph"><help:switch select="System"><help:case select ="UNIX"><help:key-word value="Spoolfiler; XPrinter" tag="kw65764_2"/>Genom Environment-variabeln STAR_SPOOL_DIR kan du ange en katalog där spoolfiler för skrivaren X ska placeras under Unix. Exempel: </help:case></help:switch></text:p>
  <text:p text:style-name="PropText"><help:switch select="System"><help:case select ="UNIX">setenv STAR_SPOOL_DIR /usr/local/tmp <text:s text:c="2"/>(i csh/tcsh) eller</help:case></help:switch></text:p>
  <text:p text:style-name="PropText"><help:switch select="System"><help:case select ="UNIX">export STAR_SPOOL_DIR=/usr/local/tmp <text:s text:c="2"/>(i sh/bash)</help:case></help:switch></text:p>
  <text:p text:style-name="Paragraph"><help:switch select="System"><help:case select ="UNIX">I <help:link Id="68269">konfigurationsprogrammet spadmin</help:link> kan du göra den här och andra inställningar i en dialogruta. Öppna dialogrutan <text:span text:style-name="T1">Koppla</text:span>. Inställningarna för kön kan du även definiera som allmänna förinställningar genom att klicka på en kommandoknapp.</help:case></help:switch></text:p>
 </office:body>
</office:document>
