

<office:document  xmlns:office="http://openoffice.org/2000/office" xmlns:style="http://openoffice.org/2000/style" xmlns:text="http://openoffice.org/2000/text" xmlns:table="http://openoffice.org/2000/table" xmlns:draw="http://openoffice.org/2000/drawing" xmlns:fo="http://www.w3.org/1999/XSL/Format" xmlns:xlink="http://www.w3.org/1999/xlink" xmlns:number="http://openoffice.org/2000/datastyle" xmlns:svg="http://www.w3.org/2000/svg" xmlns:chart="http://openoffice.org/2000/chart" xmlns:dr3d="http://openoffice.org/2000/dr3d" xmlns:math="http://www.w3.org/1998/Math/MathML" xmlns:form="http://openoffice.org/2000/form" xmlns:script="http://openoffice.org/2000/script" office:class="text" office:version="1.0" xmlns:dc="http://purl.org/dc/elements/1.1/" xmlns:meta="http://openoffice.org/2000/meta" xmlns:help="http://openoffice.org/2000/help">
<office:meta>
  <dc:description>text/common/01/02100000</dc:description>
  <dc:subject>Sök och ersätt</dc:subject>

  <dc:language>sv-SE</dc:language>
  <meta:user-defined meta:name="Info 0">READY</meta:user-defined>
  <meta:user-defined meta:name="Info 1">FREE_OK</meta:user-defined>
  <meta:user-defined meta:name="Info 2"/>
  <meta:user-defined meta:name="Info 3"/>
</office:meta>
 <office:script/>
 <office:font-decls>
  <style:font-decl style:name="StarSymbol" fo:font-family="StarSymbol" style:font-charset="x-symbol"/>
  <style:font-decl style:name="Courier New" fo:font-family="&apos;Courier New&apos;" style:font-style-name="Standard" style:font-family-generic="modern" style:font-pitch="fixed"/>
  <style:font-decl style:name="Courier" fo:font-family="Courier" style:font-family-generic="roman" style:font-pitch="fixed"/>
  <style:font-decl style:name="Arial Unicode MS" fo:font-family="&apos;Arial Unicode MS&apos;" style:font-pitch="variable"/>
  <style:font-decl style:name="HG Mincho Light J" fo:font-family="&apos;HG Mincho Light J&apos;" style:font-pitch="variable"/>
  <style:font-decl style:name="Times New Roman3" fo:font-family="&apos;Times New Roman&apos;" style:font-pitch="variable"/>
  <style:font-decl style:name="Thorndale" fo:font-family="Thorndale" style:font-family-generic="roman" style:font-pitch="variable"/>
  <style:font-decl style:name="Times New Roman2" fo:font-family="&apos;Times New Roman&apos;" style:font-style-name="Fett" style:font-family-generic="roman" style:font-pitch="variable"/>
  <style:font-decl style:name="Times New Roman" fo:font-family="&apos;Times New Roman&apos;" style:font-style-name="Standard" style:font-family-generic="roman" style:font-pitch="variable"/>
  <style:font-decl style:name="Times New Roman1" fo:font-family="&apos;Times New Roman&apos;" style:font-family-generic="swiss" style:font-pitch="variable"/>
 </office:font-decls>
 <office:automatic-styles>
  <style:style style:name="Tabelle1" style:family="table">
   <style:properties style:width="18cm" table:align="margins"/>
  </style:style>
  <style:style style:name="Tabelle1.A" style:family="table-column">
   <style:properties style:column-width="1.499cm" style:rel-column-width="5460*"/>
  </style:style>
  <style:style style:name="Tabelle1.B" style:family="table-column">
   <style:properties style:column-width="16.499cm" style:rel-column-width="60055*"/>
  </style:style>
  <style:style style:name="Tabelle3" style:family="table">
   <style:properties style:width="18cm" table:align="margins"/>
  </style:style>
  <style:style style:name="Tabelle3.A" style:family="table-column">
   <style:properties style:column-width="1.499cm" style:rel-column-width="850*"/>
  </style:style>
  <style:style style:name="Tabelle3.B" style:family="table-column">
   <style:properties style:column-width="16.498cm" style:rel-column-width="9352*"/>
  </style:style>
  <style:style style:name="Tabelle3.1" style:family="table-row">
   <style:properties style:min-row-height="0.848cm"/>
  </style:style>
  <style:style style:name="Tabelle3.A1" style:family="table-cell">
   <style:properties fo:padding="0cm" fo:border="none"/>
  </style:style>
  <style:style style:name="P1" style:family="paragraph" style:parent-style-name="Paragraph" style:master-page-name="HTML">
   <style:properties style:page-number="0"/>
  </style:style>
  <style:style style:name="T1" style:family="text">
   <style:properties fo:font-weight="bold"/>
  </style:style>
  <style:style style:name="fr1" style:family="graphics" style:parent-style-name="Graphics">
   <style:properties style:run-through="foreground" style:wrap="run-through" style:vertical-pos="top" style:vertical-rel="paragraph" style:horizontal-pos="left" style:horizontal-rel="paragraph" style:mirror="none" fo:clip="rect(0cm 0cm 0cm 0cm)" draw:luminance="0%" draw:contrast="0%" draw:red="0%" draw:green="0%" draw:blue="0%" draw:gamma="1" draw:color-inversion="false" draw:transparency="-100%" draw:color-mode="standard"/>
  </style:style>
  <style:style style:name="fr2" style:family="graphics" style:parent-style-name="Graphics">
   <style:properties fo:margin-left="0cm" fo:margin-right="0cm" fo:margin-top="0cm" fo:margin-bottom="0cm" style:run-through="foreground" style:wrap="run-through" style:vertical-pos="middle" style:vertical-rel="paragraph" style:horizontal-pos="left" style:horizontal-rel="paragraph" style:mirror="none" fo:clip="rect(0cm 0cm 0cm 0cm)" draw:luminance="0%" draw:contrast="0%" draw:red="0%" draw:green="0%" draw:blue="0%" draw:gamma="1" draw:color-inversion="false" draw:transparency="-100%" draw:color-mode="standard"/>
  </style:style>
 </office:automatic-styles>
 <office:body>
  <text:variable-decls>
   <text:variable-decl text:value-type="string" text:name="HTML_ON"/>
   <text:variable-decl text:value-type="string" text:name="HTML_OFF"/>
   <text:variable-decl text:value-type="string" text:name="TITEL"/>
   <text:variable-decl text:value-type="string" text:name="END"/>
   <text:variable-decl text:value-type="string" text:name="OS2"/>
   <text:variable-decl text:value-type="string" text:name="ELSE"/>
   <text:variable-decl text:value-type="string" text:name="HREF"/>
   <text:variable-decl text:value-type="string" text:name="MAC"/>
   <text:variable-decl text:value-type="string" text:name="NAME"/>
   <text:variable-decl text:value-type="string" text:name="HelpID"/>
   <text:variable-decl text:value-type="string" text:name="WIN"/>
   <text:variable-decl text:value-type="string" text:name="HFELD"/>
   <text:variable-decl text:value-type="string" text:name="MODIFY"/>
   <text:variable-decl text:value-type="string" text:name="REFNR"/>
   <text:variable-decl text:value-type="string" text:name="KEY"/>
   <text:variable-decl text:value-type="string" text:name="INDEX"/>
   <text:variable-decl text:value-type="string" text:name="AKTHLP"/>
   <text:variable-decl text:value-type="string" text:name="STYLE"/>
  </text:variable-decls>
  <text:sequence-decls>
   <text:sequence-decl text:display-outline-level="0" text:name="Illustration"/>
   <text:sequence-decl text:display-outline-level="0" text:name="Table"/>
   <text:sequence-decl text:display-outline-level="0" text:name="Text"/>
   <text:sequence-decl text:display-outline-level="0" text:name="Drawing"/>
  </text:sequence-decls>
  <help:to-be-embedded Eid="suchenersetzen">
  <text:p text:style-name="Head 1"><help:help-id value="SID_SEARCH_ITEM"/><help:help-id value="SID_SEARCH_DLG"/><help:key-word value="Söka och ersätta; text" tag="kw65852_1"/><help:key-word value="Söka; text" tag="kw65852_17"/><help:key-word value="Söka; tabeller" tag="kw65852_16"/><help:key-word value="Ersätta; text" tag="kw65852_15"/><help:key-word value="Ersätta; celler" tag="kw65852_14"/><help:key-word value="Söka; formatmallar" tag="kw65852_13"/><help:key-word value="Formatmallar; söka" tag="kw65852_12"/><help:key-word value="Leta; se Söka" tag="kw65852_11"/><help:to-be-embedded Eid="02100000"><help:link Id="65852">Sök och ersätt</help:link></help:to-be-embedded></text:p>
  <text:p text:style-name="Paragraph"><help:to-be-embedded Eid="suchenersetzentext"><help:help-text value="visible">Söker och ersätter text och format i det aktuella dokumentet.</help:help-text></help:to-be-embedded></text:p>
  </help:to-be-embedded>
  <help:executeurl Id="slot:5961"></help:executeurl><help:popup Id="65620" Eid="suchen"><help:embedded Id="65598" Eid="wie"></help:embedded></help:popup>
  <text:p text:style-name="Head 2"><help:help-id value="SVX_COMBOBOX_RID_SVXDLG_SEARCH_ED_SEARCH"/><help:help-id value="SVX_LISTBOX_RID_SVXDLG_SEARCH_LB_SEARCH"/>Sök efter</text:p>
  <text:p text:style-name="Paragraph"><help:help-text value="visible">Skriv den text du vill söka efter eller välj en tidigare sökning i listan.</help:help-text></text:p>
  <text:p text:style-name="Paragraph"><help:help-id value="SVX_MULTILINEEDIT_RID_SVXDLG_SEARCH_ED_SEARCH_FORMATS"/><help:help-text value="visible">Sökalternativen visas i området <text:span text:style-name="T1">Alternativ</text:span> i dialogrutan.</help:help-text></text:p>
  <text:p text:style-name="Head 2"><help:help-id value="SVX_COMBOBOX_RID_SVXDLG_SEARCH_ED_REPLACE"/><help:help-id value="SVX_LISTBOX_RID_SVXDLG_SEARCH_LB_REPLACE"/>Ersätt med</text:p>
  <text:p text:style-name="Paragraph"><help:help-text value="visible">Skriv en ersättningstext eller välj en tidigare använd ersättningstext eller ett format i listan.</help:help-text></text:p>
  <text:p text:style-name="Paragraph"><help:help-id value="SVX_MULTILINEEDIT_RID_SVXDLG_SEARCH_ED_REPLACE_FORMATS"/><help:help-text value="visible">Ersättningsalternativen visas i området <text:span text:style-name="T1">Alternativ</text:span> i dialogrutan.</help:help-text></text:p>
  <text:p text:style-name="Head 2">Alternativ</text:p>
  <text:p text:style-name="Head 3"><help:help-id value="SVX_CHECKBOX_RID_SVXDLG_SEARCH_BTN_CELLS"/><help:switch select="Program"><help:case select="CALC">Bara hela celler</help:case><help:default>Bara hela ord</help:default></help:switch></text:p>
  <text:p text:style-name="Paragraph"><help:to-be-embedded Eid="ganze"><help:help-text value="visible"><help:switch select="Program"><help:case select="CALC">Sökning sker efter celler vars innehåll exakt motsvarar sökordet. Om sökordet bara är en del av cellinnehållet hittas inte cellen.</help:case><help:default>Hela ord som liknar söktexten hittas. Om söktexten bara är en del av ett ord kommer den inte att hittas.</help:default></help:switch></help:help-text></help:to-be-embedded></text:p>
  <text:p text:style-name="Head 3"><help:help-id value="SVX_CHECKBOX_RID_SVXDLG_SEARCH_BTN_BACKWARDS"/>Baklänges</text:p>
  <text:p text:style-name="Paragraph"><help:help-text value="visible">Sökningen börjar vid markörens position och går baklänges till början av filen.</help:help-text></text:p>
  <text:p text:style-name="Head 3"><help:help-id value="SVX_CHECKBOX_RID_SVXDLG_SEARCH_BTN_REGEXP"/><a name="platzhalter"/><help:switch select="Program"><help:case select="DRAW"></help:case><help:case select="IMPRESS"></help:case><help:default>Reguljärt uttryck<help:key-word value="Reguljärt uttryck; söka" tag="kw65852_10"/><help:key-word value="sökning med jokertecken; reguljärt uttryck" tag="kw65852_9"/><help:key-word value="Sök och ersätt; reguljärt uttryck" tag="kw65852_8"/></help:default></help:switch></text:p>
  <text:p text:style-name="Paragraph"><help:switch select="Program"><help:case select="DRAW"></help:case><help:case select="IMPRESS"></help:case><help:default><help:help-text value="visible">Här kan du söka med hjälp av jokertecken.</help:help-text></help:default></help:switch></text:p>
  <text:p text:style-name="Paragraph"><help:switch select="Program"><help:case select="DRAW"></help:case><help:case select="IMPRESS"></help:case><help:default><help:embedded Id="68251" Eid="02100001"></help:embedded></help:default></help:switch></text:p>
  <text:p text:style-name="Head 3"><help:help-id value="SVX_CHECKBOX_RID_SVXDLG_SEARCH_CB_MATCH_CASE"/>Exakt sökning</text:p>
  <text:p text:style-name="Paragraph"><help:key-word value="Versalkänslig sökning" tag="kw65852_7"/><help:to-be-embedded Eid="exakt"><help:help-text value="visible"> Skiljer mellan stora och små bokstäver.</help:help-text></help:to-be-embedded></text:p>
  <text:p text:style-name="Head 3"><help:help-id value="SVX_CHECKBOX_RID_SVXDLG_SEARCH_BTN_SELECTIONS"/><help:key-word value="Söka; i markering" tag="kw65852_6"/>Bara markering</text:p>
  <text:p text:style-name="Paragraph"><help:help-text value="visible"><help:switch select="Program"><help:case select="CALC">Söker bara i markerade celler.</help:case><help:default>Söker bara i markerad text.</help:default></help:switch></help:help-text></text:p>
  <text:p text:style-name="Head 3"><help:help-id value="SVX_CHECKBOX_RID_SVXDLG_SEARCH_BTN_LAYOUTS"/><help:switch select="Program"><help:case select="DRAW"></help:case><help:case select="IMPRESS"></help:case><help:default>Sökning efter mallar</help:default></help:switch></text:p>
  <text:p text:style-name="Paragraph"><help:help-text value="visible">Söker efter den formatmall du anger. Markera den här kryssrutan och välj en formatmall i listan <text:span text:style-name="T1">Sök efter</text:span>. Välj en formatmall som ska användas som ersättning i listan <text:span text:style-name="T1">Ersätt med</text:span>.</help:help-text></text:p>
  <help:embedded Id="65785" Eid="aehnlichkeit"></help:embedded>
  <text:p text:style-name="Head 3"><help:help-id value="SVX_CHECKBOX_RID_SVXDLG_SEARCH_CB_JAP_MATCH_FULL_HALF_WIDTH"/><help:to-be-embedded Eid="halbnormaltitel">Ta hänsyn till teckenbredd (bara om stödet för asiatiska språk är aktiverat)</help:to-be-embedded></text:p>
  <text:p text:style-name="Paragraph"><help:to-be-embedded Eid="halbnormaltext"><help:help-text value="visible">Skiljer mellan halvbreda och helbreda teckenformat.</help:help-text></help:to-be-embedded></text:p>
  <text:p text:style-name="Head 3"><help:help-id value="SVX_CHECKBOX_RID_SVXDLG_SEARCH_CB_JAP_SOUNDS_LIKE"/><help:to-be-embedded Eid="aehnlichtitel">Likn. skrivsätt (japanska) (bara om stödet för asiatiska språk är aktiverat)</help:to-be-embedded></text:p>
  <text:p text:style-name="Paragraph"><help:to-be-embedded Eid="aehnlichtext"><help:help-text value="visible">Här kan du ange sökalternativ för liknande skrivsätt på japanska. Markera den här kryssrutan, klicka på knappen <text:span text:style-name="T1">...</text:span> och ange sökalternativ. </help:help-text></help:to-be-embedded></text:p>
  <text:p text:style-name="Paragraph"><help:help-id value="SVX_PUSHBUTTON_RID_SVXDLG_SEARCH_PB_JAP_OPTIONS"/><help:to-be-embedded Eid="aehnlichbutton"><help:help-text value="hide">Anger sökalternativ för liknande skrivsätt på japanska.</help:help-text></help:to-be-embedded></text:p>
  <text:p text:style-name="Paragraph"><help:link Id="68108">Sökalternativ för japanska</help:link></text:p>
  <text:p text:style-name="Head 2"><help:help-id value="SVX_PUSHBUTTON_RID_SVXDLG_SEARCH_BTN_SEARCH_ALL"/>Sök alla</text:p>
  <text:p text:style-name="Paragraph"><help:help-text value="visible">Hittar och markerar alla förekomster av den text eller det format som du söker i dokumentet.</help:help-text></text:p>
  <text:p text:style-name="Head 2"><help:help-id value="SVX_PUSHBUTTON_RID_SVXDLG_SEARCH_BTN_SEARCH"/>Sök</text:p>
  <text:p text:style-name="Paragraph"><help:help-text value="visible">Hittar och markerar nästa förekomst av den text eller det format som du söker i dokumentet.</help:help-text></text:p>
  <text:p text:style-name="Head 2"><help:help-id value="SVX_PUSHBUTTON_RID_SVXDLG_SEARCH_BTN_REPLACE_ALL"/>Ersätt alla</text:p>
  <text:p text:style-name="Paragraph"><help:help-text value="visible">Ersätter alla förekomster av den text eller det format som du vill ersätta. <help:switch select="Program"><help:case select="IMPRESS">Upprepa det här kommandot tills alla ersättningar på sidan är gjorda.</help:case></help:switch></help:help-text></text:p>
  <text:p text:style-name="Head 2"><help:help-id value="SVX_PUSHBUTTON_RID_SVXDLG_SEARCH_BTN_REPLACE"/>Ersätt</text:p>
  <text:p text:style-name="Paragraph"><help:help-text value="visible">Ersätter den markerade texten eller formatet som du söker och söker sedan efter nästa förekomst.</help:help-text></text:p>
  <text:p text:style-name="Head 2"><help:switch select="Program"><help:case select="WRITER"><help:link Id="65769">Attribut...</help:link></help:case></help:switch></text:p>
  <help:switch select="Program"><help:case select="WRITER"><help:embedded Id="65769" Eid="attributetext"></help:embedded></help:case></help:switch>
  <text:p text:style-name="Head 2"><help:switch select="Program"><help:case select="WRITER"><help:link Id="65665">Format...</help:link></help:case></help:switch></text:p>
  <help:switch select="Program"><help:case select="WRITER"><help:embedded Id="65665" Eid="formattext"></help:embedded></help:case></help:switch>
  <text:p text:style-name="Head 2"><help:help-id value="SVX_PUSHBUTTON_RID_SVXDLG_SEARCH_BTN_NOFORMAT"/><help:switch select="Program"><help:case select="WRITER">Inget format</help:case></help:switch></text:p>
  <text:p text:style-name="Paragraph"><help:switch select="Program"><help:case select="WRITER"><help:help-text value="visible">Du tar bort formatbaserade sökkriterier genom att klicka i rutan <text:span text:style-name="T1">Sök efter</text:span> eller <text:span text:style-name="T1">Ersätt med</text:span> och sedan klicka på den här knappen.</help:help-text></help:case></help:switch></text:p>
  <help:switch select="Program"><help:case select="WRITER">
  <table:table table:name="Tabelle1" table:style-name="Tabelle1">
   <table:table-column table:style-name="Tabelle1.A"/>
   <table:table-column table:style-name="Tabelle1.B"/>
   <table:table-header-rows>
    <table:table-row>
     <table:table-cell table:value-type="string">
      <text:p text:style-name="Paragraph"><draw:image draw:name="Symbol0" svg:desc="Info-symbol" svg:pixelx="32" svg:pixely="32" svg:width="0.847cm" svg:height="0.847cm" xlink:href="65980" draw:filter-name=""/></text:p>

     </table:table-cell>
     <table:table-cell table:value-type="string">
      <text:p text:style-name="Paragraph">Sökkriterier för formateringsattribut visas i rutan <text:span text:style-name="T1">Sök efter</text:span> eller <text:span text:style-name="T1">Ersätt med</text:span>.</text:p>
     </table:table-cell>
    </table:table-row>
   </table:table-header-rows>
  </table:table>
  </help:case></help:switch>
  <text:p text:style-name="Head 2"><help:help-id value="SVX_MOREBUTTON_RID_SVXDLG_SEARCH_BTN_MORE"/><help:switch select="Program"><help:case select="CALC">Fler&gt;&gt;</help:case></help:switch></text:p>
  <text:p text:style-name="Paragraph"><help:help-text value="visible"><help:switch select="Program"><help:case select="CALC">Utvidgar sökalternativen. Du kan dölja de utvidgade sökalternativen genom att klicka på knappen igen.</help:case></help:switch></help:help-text></text:p>
  <text:p text:style-name="Head 3"><help:switch select="Program"><help:case select="CALC">Sök i</help:case></help:switch></text:p>
  <text:p text:style-name="Head 4"><help:help-id value="SVX_RADIOBUTTON_RID_SVXDLG_SEARCH_BTN_FORMULAS"/><help:switch select="Program"><help:case select="CALC">Formler</help:case></help:switch></text:p>
  <text:p text:style-name="Paragraph"><help:help-text value="visible"><help:switch select="Program"><help:case select="CALC">Söker efter de tecken du anger i formler och i fasta (inte beräknade) värden. Du kan t.ex. leta efter formler som innehåller SUMMA.</help:case></help:switch></help:help-text></text:p>
  <text:p text:style-name="Head 4"><help:help-id value="SVX_RADIOBUTTON_RID_SVXDLG_SEARCH_BTN_VALUES"/><help:switch select="Program"><help:case select="CALC">Värden</help:case></help:switch></text:p>
  <text:p text:style-name="Paragraph"><help:help-text value="visible"><help:switch select="Program"><help:case select="CALC">Söker efter de tecken du anger i värden och i resultat av formler.</help:case></help:switch></help:help-text></text:p>
  <text:p text:style-name="Head 4"><help:help-id value="SVX_RADIOBUTTON_RID_SVXDLG_SEARCH_BTN_NOTES"/><help:switch select="Program"><help:case select="CALC">Anteckningar</help:case></help:switch></text:p>
  <text:p text:style-name="Paragraph"><help:help-text value="visible"><help:switch select="Program"><help:case select="CALC">Söker efter de tecken du anger i de anteckningar som är kopplade till cellerna.</help:case></help:switch></help:help-text></text:p>
  <text:p text:style-name="Head 3"><help:switch select="Program"><help:case select="CALC">Sökriktning</help:case></help:switch></text:p>
  <text:p text:style-name="Paragraph"><help:switch select="Program"><help:case select="CALC">Bestämmer i vilken ordning cellerna ska genomsökas.</help:case></help:switch></text:p>
  <text:p text:style-name="Head 4"><help:help-id value="SVX_RADIOBUTTON_RID_SVXDLG_SEARCH_BTN_ROWS"/><help:switch select="Program"><help:case select="CALC">Radvis</help:case></help:switch></text:p>
  <text:p text:style-name="Paragraph"><help:help-text value="visible"><help:switch select="Program"><help:case select="CALC">Söker radvis från vänster till höger.</help:case></help:switch></help:help-text></text:p>
  <text:p text:style-name="Head 4"><help:help-id value="SVX_RADIOBUTTON_RID_SVXDLG_SEARCH_BTN_COLUMNS"/><help:switch select="Program"><help:case select="CALC">Kolumnvis</help:case></help:switch></text:p>
  <text:p text:style-name="Paragraph"><help:switch select="Program"><help:case select="CALC"><help:help-text value="visible">Söker kolumnvis uppifrån och ned.</help:help-text></help:case></help:switch></text:p>
  <text:p text:style-name="Head 2"><help:switch select="Program"><help:case select="CALC">Tillägg</help:case></help:switch></text:p>
  <text:p text:style-name="Head 3"><help:help-id value="SVX_CHECKBOX_RID_SVXDLG_SEARCH_CB_ALLTABLES"/><help:switch select="Program"><help:case select="CALC"><help:key-word value="Sökning; alla tabeller" tag="kw65852_5"/><help:key-word value="Hitta; i alla tabeller" tag="kw65852_4"/><help:key-word value="Tabeller; söka i alla" tag="kw65852_3"/>Sök i alla tabeller</help:case></help:switch></text:p>
  <text:p text:style-name="Paragraph"><help:switch select="Program"><help:case select="CALC"><help:help-text value="visible">Söker igenom alla tabeller i det aktuella tabelldokumentet.</help:help-text></help:case></help:switch></text:p>
  <help:embedded Id="65630" Eid="schliessen"></help:embedded>
  <table:table table:name="Tabelle3" table:style-name="Tabelle3">
   <table:table-column table:style-name="Tabelle3.A"/>
   <table:table-column table:style-name="Tabelle3.B"/>
   <table:table-header-rows>
    <table:table-row table:style-name="Tabelle3.1">
     <table:table-cell table:style-name="Tabelle3.A1" table:value-type="string">
      <text:p text:style-name="Paragraph"><draw:image draw:name="Obs!1" svg:desc="Tips-ikon" svg:pixelx="32" svg:pixely="32" svg:width="0.847cm" svg:height="0.847cm" xlink:href="66732" draw:filter-name=""/></text:p>

     </table:table-cell>
     <table:table-cell table:style-name="Tabelle3.A1" table:value-type="string">
      <text:p text:style-name="Paragraph"><help:key-word value="Sökning; utan dialogruta" tag="kw65852_2"/>När du har stängt dialogrutan <text:span text:style-name="T1">Sök och ersätt</text:span> kan du fortfarande söka enligt de sökkriterier som du angav senast genom att trycka på Skift+<help:switch select="System"><help:case select ="MAC">Kommando</help:case><help:default>Ctrl</help:default></help:switch>+G.</text:p>
     </table:table-cell>
    </table:table-row>
   </table:table-header-rows>
  </table:table>
 </office:body>
</office:document>
