

<office:document  xmlns:office="http://openoffice.org/2000/office" xmlns:style="http://openoffice.org/2000/style" xmlns:text="http://openoffice.org/2000/text" xmlns:table="http://openoffice.org/2000/table" xmlns:draw="http://openoffice.org/2000/drawing" xmlns:fo="http://www.w3.org/1999/XSL/Format" xmlns:xlink="http://www.w3.org/1999/xlink" xmlns:number="http://openoffice.org/2000/datastyle" xmlns:svg="http://www.w3.org/2000/svg" xmlns:chart="http://openoffice.org/2000/chart" xmlns:dr3d="http://openoffice.org/2000/dr3d" xmlns:math="http://www.w3.org/1998/Math/MathML" xmlns:form="http://openoffice.org/2000/form" xmlns:script="http://openoffice.org/2000/script" office:class="text" office:version="1.0" xmlns:dc="http://purl.org/dc/elements/1.1/" xmlns:meta="http://openoffice.org/2000/meta" xmlns:help="http://openoffice.org/2000/help">
<office:meta>
  <dc:description>text/common/01/02110000</dc:description>
  <dc:subject>Navigator för samlingsdokument</dc:subject>

  <dc:language>sv-SE</dc:language>
  <meta:user-defined meta:name="Info 0">READY</meta:user-defined>
  <meta:user-defined meta:name="Info 1">FREE_OK</meta:user-defined>
  <meta:user-defined meta:name="Info 2"/>
  <meta:user-defined meta:name="Info 3"/>
</office:meta>
 <office:script/>
 <office:font-decls>
  <style:font-decl style:name="StarSymbol" fo:font-family="StarSymbol" style:font-charset="x-symbol"/>
  <style:font-decl style:name="Courier New" fo:font-family="&apos;Courier New&apos;" style:font-style-name="Standard" style:font-family-generic="modern" style:font-pitch="fixed"/>
  <style:font-decl style:name="Courier" fo:font-family="Courier" style:font-family-generic="roman" style:font-pitch="fixed"/>
  <style:font-decl style:name="Arial Unicode MS" fo:font-family="&apos;Arial Unicode MS&apos;" style:font-pitch="variable"/>
  <style:font-decl style:name="HG Mincho Light J" fo:font-family="&apos;HG Mincho Light J&apos;" style:font-pitch="variable"/>
  <style:font-decl style:name="Times New Roman3" fo:font-family="&apos;Times New Roman&apos;" style:font-pitch="variable"/>
  <style:font-decl style:name="Thorndale" fo:font-family="Thorndale" style:font-family-generic="roman" style:font-pitch="variable"/>
  <style:font-decl style:name="Times New Roman2" fo:font-family="&apos;Times New Roman&apos;" style:font-style-name="Fett" style:font-family-generic="roman" style:font-pitch="variable"/>
  <style:font-decl style:name="Times New Roman" fo:font-family="&apos;Times New Roman&apos;" style:font-style-name="Standard" style:font-family-generic="roman" style:font-pitch="variable"/>
  <style:font-decl style:name="Times New Roman1" fo:font-family="&apos;Times New Roman&apos;" style:font-family-generic="swiss" style:font-pitch="variable"/>
 </office:font-decls>
 <office:automatic-styles>
  <style:style style:name="Tabelle7" style:family="table">
   <style:properties style:width="17.995cm" fo:margin-left="0cm" fo:margin-right="0.005cm" table:align="margins"/>
  </style:style>
  <style:style style:name="Tabelle7.A" style:family="table-column">
   <style:properties style:column-width="1.501cm" style:rel-column-width="5466*"/>
  </style:style>
  <style:style style:name="Tabelle7.B" style:family="table-column">
   <style:properties style:column-width="16.494cm" style:rel-column-width="60050*"/>
  </style:style>
  <style:style style:name="Tabelle7.A1" style:family="table-cell">
   <style:properties fo:padding="0.049cm" fo:border="none"/>
  </style:style>
  <style:style style:name="Tabelle1" style:family="table">
   <style:properties style:width="17.995cm" fo:margin-left="0cm" fo:margin-right="0.005cm" table:align="margins"/>
  </style:style>
  <style:style style:name="Tabelle1.A" style:family="table-column">
   <style:properties style:column-width="1.501cm" style:rel-column-width="5466*"/>
  </style:style>
  <style:style style:name="Tabelle1.B" style:family="table-column">
   <style:properties style:column-width="16.494cm" style:rel-column-width="60050*"/>
  </style:style>
  <style:style style:name="Tabelle1.A1" style:family="table-cell">
   <style:properties fo:padding="0.049cm" fo:border="none"/>
  </style:style>
  <style:style style:name="Tabelle2" style:family="table">
   <style:properties style:width="17.995cm" fo:margin-left="0cm" fo:margin-right="0.005cm" table:align="margins"/>
  </style:style>
  <style:style style:name="Tabelle2.A" style:family="table-column">
   <style:properties style:column-width="1.501cm" style:rel-column-width="5466*"/>
  </style:style>
  <style:style style:name="Tabelle2.B" style:family="table-column">
   <style:properties style:column-width="16.494cm" style:rel-column-width="60050*"/>
  </style:style>
  <style:style style:name="Tabelle2.A1" style:family="table-cell">
   <style:properties fo:padding="0.049cm" fo:border="none"/>
  </style:style>
  <style:style style:name="Tabelle8" style:family="table">
   <style:properties style:width="18cm" table:align="margins"/>
  </style:style>
  <style:style style:name="Tabelle8.A" style:family="table-column">
   <style:properties style:column-width="1.499cm" style:rel-column-width="5460*"/>
  </style:style>
  <style:style style:name="Tabelle8.B" style:family="table-column">
   <style:properties style:column-width="16.499cm" style:rel-column-width="60055*"/>
  </style:style>
  <style:style style:name="Tabelle3" style:family="table">
   <style:properties style:width="17.995cm" fo:margin-left="0cm" fo:margin-right="0.005cm" table:align="margins"/>
  </style:style>
  <style:style style:name="Tabelle3.A" style:family="table-column">
   <style:properties style:column-width="1.501cm" style:rel-column-width="5466*"/>
  </style:style>
  <style:style style:name="Tabelle3.B" style:family="table-column">
   <style:properties style:column-width="16.494cm" style:rel-column-width="60050*"/>
  </style:style>
  <style:style style:name="Tabelle3.A1" style:family="table-cell">
   <style:properties fo:padding="0.049cm" fo:border="none"/>
  </style:style>
  <style:style style:name="Tabelle4" style:family="table">
   <style:properties style:width="17.995cm" fo:margin-left="0cm" fo:margin-right="0.005cm" table:align="margins"/>
  </style:style>
  <style:style style:name="Tabelle4.A" style:family="table-column">
   <style:properties style:column-width="1.501cm" style:rel-column-width="5466*"/>
  </style:style>
  <style:style style:name="Tabelle4.B" style:family="table-column">
   <style:properties style:column-width="16.494cm" style:rel-column-width="60050*"/>
  </style:style>
  <style:style style:name="Tabelle4.A1" style:family="table-cell">
   <style:properties fo:padding="0.049cm" fo:border="none"/>
  </style:style>
  <style:style style:name="Tabelle5" style:family="table">
   <style:properties style:width="17.995cm" fo:margin-left="0cm" fo:margin-right="0.005cm" table:align="margins"/>
  </style:style>
  <style:style style:name="Tabelle5.A" style:family="table-column">
   <style:properties style:column-width="1.501cm" style:rel-column-width="5466*"/>
  </style:style>
  <style:style style:name="Tabelle5.B" style:family="table-column">
   <style:properties style:column-width="16.494cm" style:rel-column-width="60050*"/>
  </style:style>
  <style:style style:name="Tabelle5.A1" style:family="table-cell">
   <style:properties fo:padding="0.049cm" fo:border="none"/>
  </style:style>
  <style:style style:name="Tabelle6" style:family="table">
   <style:properties style:width="17.995cm" fo:margin-left="0cm" fo:margin-right="0.005cm" table:align="margins"/>
  </style:style>
  <style:style style:name="Tabelle6.A" style:family="table-column">
   <style:properties style:column-width="1.501cm" style:rel-column-width="5466*"/>
  </style:style>
  <style:style style:name="Tabelle6.B" style:family="table-column">
   <style:properties style:column-width="16.494cm" style:rel-column-width="60050*"/>
  </style:style>
  <style:style style:name="Tabelle6.A1" style:family="table-cell">
   <style:properties fo:padding="0.049cm" fo:border="none"/>
  </style:style>
  <style:style style:name="P1" style:family="paragraph" style:parent-style-name="Paragraph" style:master-page-name="HTML">
   <style:properties style:page-number="0"/>
  </style:style>
  <style:style style:name="T1" style:family="text">
   <style:properties fo:font-weight="bold"/>
  </style:style>
  <style:style style:name="fr1" style:family="graphics" style:parent-style-name="Graphics">
   <style:properties style:wrap="run-through" style:horizontal-pos="left" style:horizontal-rel="paragraph" style:mirror="none" fo:clip="rect(0cm 0cm 0cm 0cm)" draw:luminance="0%" draw:contrast="0%" draw:red="0%" draw:green="0%" draw:blue="0%" draw:gamma="1" draw:color-inversion="false" draw:transparency="-100%" draw:color-mode="standard"/>
  </style:style>
  <style:style style:name="fr2" style:family="graphics" style:parent-style-name="Graphics">
   <style:properties style:run-through="foreground" style:wrap="run-through" style:vertical-pos="top" style:vertical-rel="paragraph" style:horizontal-pos="left" style:horizontal-rel="paragraph" style:mirror="none" fo:clip="rect(0cm 0cm 0cm 0cm)" draw:luminance="0%" draw:contrast="0%" draw:red="0%" draw:green="0%" draw:blue="0%" draw:gamma="1" draw:color-inversion="false" draw:transparency="-100%" draw:color-mode="standard"/>
  </style:style>
  <style:style style:name="fr3" style:family="graphics" style:parent-style-name="Graphics">
   <style:properties style:run-through="foreground" style:wrap="run-through" style:horizontal-pos="left" style:horizontal-rel="paragraph" style:mirror="none" fo:clip="rect(0cm 0cm 0cm 0cm)" draw:luminance="0%" draw:contrast="0%" draw:red="0%" draw:green="0%" draw:blue="0%" draw:gamma="1" draw:color-inversion="false" draw:transparency="-100%" draw:color-mode="standard"/>
  </style:style>
 </office:automatic-styles>
 <office:body>
  <text:variable-decls>
   <text:variable-decl text:value-type="string" text:name="HTML_ON"/>
   <text:variable-decl text:value-type="string" text:name="HTML_OFF"/>
   <text:variable-decl text:value-type="string" text:name="TITEL"/>
   <text:variable-decl text:value-type="string" text:name="END"/>
   <text:variable-decl text:value-type="string" text:name="HREF"/>
   <text:variable-decl text:value-type="string" text:name="NAME"/>
   <text:variable-decl text:value-type="string" text:name="HelpID"/>
   <text:variable-decl text:value-type="string" text:name="MODIFY"/>
   <text:variable-decl text:value-type="string" text:name="REFNR"/>
   <text:variable-decl text:value-type="string" text:name="MAC"/>
   <text:variable-decl text:value-type="string" text:name="ELSE"/>
   <text:variable-decl text:value-type="string" text:name="KEY"/>
   <text:variable-decl text:value-type="string" text:name="OS2"/>
   <text:variable-decl text:value-type="string" text:name="INDEX"/>
   <text:variable-decl text:value-type="string" text:name="AKTHLP"/>
   <text:variable-decl text:value-type="string" text:name="HFELD"/>
   <text:variable-decl text:value-type="string" text:name="STYLE"/>
  </text:variable-decls>
  <text:sequence-decls>
   <text:sequence-decl text:display-outline-level="0" text:name="Illustration"/>
   <text:sequence-decl text:display-outline-level="0" text:name="Table"/>
   <text:sequence-decl text:display-outline-level="0" text:name="Text"/>
   <text:sequence-decl text:display-outline-level="0" text:name="Drawing"/>
  </text:sequence-decls>
  <text:p text:style-name="P1"/>
  <text:p text:style-name="Head 1"><a name="globaldokumentnavigator"/><help:key-word value="Navigator; samlingsdokument" tag="kw65664_1"/><help:key-word value="Samlingsdokument; Navigator" tag="kw65664_2"/><help:link Id="65664">Navigator för samlingsdokument</help:link></text:p>
  <text:p text:style-name="Paragraph">I ett <help:link Id="65820">samlingsdokument</help:link> kan du växla mellan normal vy och samlingsvy i Navigator.<a name="ende"/></text:p>
  <help:popup Id="65620" Eid="navigator"><help:embedded Id="65598" Eid="wie"></help:embedded></help:popup>
  <text:p text:style-name="Paragraph"><help:embedded Id="68200" Eid="globaldoc"></help:embedded></text:p>
  <text:p text:style-name="Paragraph"><help:help-id value="HID_NAVIGATOR_GLOB_TREELIST"/><help:help-text value="visible">I Navigator finns de komponenter som ingår i samlingsdokumentet. Om du för muspekaren över ett namn på en komponent i listan visas den fullständiga sökvägen för deldokumentet.</help:help-text></text:p>
  <text:p text:style-name="Paragraph">I samlingsläget visas inte listrutan <text:span text:style-name="T1">Öppnade dokument</text:span> i Navigator och antalet och typ av ikoner varierar:</text:p>
  <text:p text:style-name="Head 2">Växla</text:p>
  <text:p text:style-name="Paragraph">Växlar mellan bakgrundsvy och <help:link Id="67623">normalvy</help:link>.</text:p>
  <table:table table:name="Tabelle7" table:style-name="Tabelle7">
   <table:table-column table:style-name="Tabelle7.A"/>
   <table:table-column table:style-name="Tabelle7.B"/>
   <table:table-header-rows>
    <table:table-row>
     <table:table-cell table:style-name="Tabelle7.A1" table:value-type="string">
      <text:p text:style-name="Paragraph"><draw:image draw:name="Ikon0" svg:desc="Ikon" svg:pixelx="25" svg:pixely="25" svg:width="0.661cm" svg:height="0.661cm" xlink:href="66165" draw:filter-name=""/></text:p>

     </table:table-cell>
     <table:table-cell table:style-name="Tabelle7.A1" table:value-type="string">
      <text:p text:style-name="Paragraph">Växla</text:p>
     </table:table-cell>
    </table:table-row>
   </table:table-header-rows>
  </table:table>
  <text:p text:style-name="Head 2"><help:help-id value="HID_NAVI_TBX18"/><help:help-id value="HID_GLBLTREE_EDIT"/>Redigera</text:p>
  <text:p text:style-name="Paragraph"><help:help-text value="visible">Redigera innehållet i den komponent som markerades i Navigatorlistan. Om markeringen är en fil öppnas filen för redigering. Om markeringen är en förteckning öppnas <help:link Id="67684">dialogrutan Förteckning</help:link>.</help:help-text></text:p>
  <table:table table:name="Tabelle1" table:style-name="Tabelle1">
   <table:table-column table:style-name="Tabelle1.A"/>
   <table:table-column table:style-name="Tabelle1.B"/>
   <table:table-header-rows>
    <table:table-row>
     <table:table-cell table:style-name="Tabelle1.A1" table:value-type="string">
      <text:p text:style-name="Paragraph"><draw:image draw:name="Ikon1" svg:desc="Ikon" svg:pixelx="25" svg:pixely="25" svg:width="0.661cm" svg:height="0.661cm" xlink:href="66159" draw:filter-name=""/></text:p>

     </table:table-cell>
     <table:table-cell table:style-name="Tabelle1.A1" table:value-type="string">
      <text:p text:style-name="Paragraph">Redigera</text:p>
     </table:table-cell>
    </table:table-row>
   </table:table-header-rows>
  </table:table>
  <text:p text:style-name="Head 2"><help:help-id value="HID_NAVI_TBX19"/><help:help-id value="HID_GLBLTREE_UPDATE"/>Uppdatera</text:p>
  <text:p text:style-name="Paragraph"><help:help-text value="visible">Klicka och välj innehållet som du vill uppdatera.</help:help-text></text:p>
  <table:table table:name="Tabelle2" table:style-name="Tabelle2">
   <table:table-column table:style-name="Tabelle2.A"/>
   <table:table-column table:style-name="Tabelle2.B"/>
   <table:table-header-rows>
    <table:table-row>
     <table:table-cell table:style-name="Tabelle2.A1" table:value-type="string">
      <text:p text:style-name="Paragraph"><draw:image draw:name="Ikon2" svg:desc="Ikon" svg:pixelx="25" svg:pixely="25" svg:width="0.661cm" svg:height="0.661cm" xlink:href="66157" draw:filter-name=""/></text:p>

     </table:table-cell>
     <table:table-cell table:style-name="Tabelle2.A1" table:value-type="string">
      <text:p text:style-name="Paragraph">Uppdatera</text:p>
     </table:table-cell>
    </table:table-row>
   </table:table-header-rows>
  </table:table>
  <text:p text:style-name="Head 3"><help:help-id value="HID_GLBLTREE_UPD_SEL"/>Markering</text:p>
  <text:p text:style-name="Paragraph"><help:help-text value="visible">Uppdaterar innehållet i markeringen.</help:help-text></text:p>
  <text:p text:style-name="Head 3"><help:help-id value="HID_GLBLTREE_UPD_IDX"/>Förteckningar</text:p>
  <text:p text:style-name="Paragraph"><help:help-text value="visible">Förteckningarna uppdateras.</help:help-text></text:p>
  <text:p text:style-name="Head 3"><help:help-id value="HID_GLBLTREE_UPD_LINK"/>Länkar</text:p>
  <text:p text:style-name="Paragraph"><help:help-text value="visible">Länkarna uppdateras.</help:help-text></text:p>
  <text:p text:style-name="Head 3"><help:help-id value="HID_GLBLTREEUPD_ALL"/>Allt</text:p>
  <text:p text:style-name="Paragraph"><help:help-text value="visible">Allt innehåll uppdateras.</help:help-text></text:p>
  <text:p text:style-name="Head 2"><help:help-id value="HID_GLBLTREE_EDIT_LINK"/>Redigera länk</text:p>
  <text:p text:style-name="Paragraph">Det här kommandot kommer du åt om du högerklickar på en infogad fil i Navigator.<help:help-text value="visible">Ändrar länkegenskaperna för den markerade filen.</help:help-text></text:p>
  <text:p text:style-name="Head 2"><help:help-id value="HID_NAVI_TBX20"/><help:help-id value="HID_GLBLTREE_INSERT"/>Infoga</text:p>
  <text:p text:style-name="Paragraph"><help:help-text value="visible">Infogar en fil, en förteckning eller ett nytt dokument i ett samlingsdokument.</help:help-text></text:p>
  <table:table table:name="Tabelle8" table:style-name="Tabelle8">
   <table:table-column table:style-name="Tabelle8.A"/>
   <table:table-column table:style-name="Tabelle8.B"/>
   <table:table-header-rows>
    <table:table-row>
     <table:table-cell table:value-type="string">
      <text:p text:style-name="Paragraph"><draw:image draw:name="Symbol3" svg:desc="Tips-symbol" svg:pixelx="32" svg:pixely="32" svg:width="0.847cm" svg:height="0.847cm" xlink:href="66732" draw:filter-name=""/></text:p>

     </table:table-cell>
     <table:table-cell table:value-type="string">
      <text:p text:style-name="Paragraph">Du kan också infoga filer i samlingsdokumentet genom att dra en fil från skrivbordet och släppa filen på samlingsvyn i Navigator.</text:p>
     </table:table-cell>
    </table:table-row>
   </table:table-header-rows>
  </table:table>
  <table:table table:name="Tabelle3" table:style-name="Tabelle3">
   <table:table-column table:style-name="Tabelle3.A"/>
   <table:table-column table:style-name="Tabelle3.B"/>
   <table:table-header-rows>
    <table:table-row>
     <table:table-cell table:style-name="Tabelle3.A1" table:value-type="string">
      <text:p text:style-name="Paragraph"><draw:image draw:name="Ikon4" svg:desc="Ikon" svg:pixelx="25" svg:pixely="25" svg:width="0.661cm" svg:height="0.661cm" xlink:href="66161" draw:filter-name=""/></text:p>

     </table:table-cell>
     <table:table-cell table:style-name="Tabelle3.A1" table:value-type="string">
      <text:p text:style-name="Paragraph">Infoga</text:p>
     </table:table-cell>
    </table:table-row>
   </table:table-header-rows>
  </table:table>
  <text:p text:style-name="Head 3"><help:help-id value="HID_GLBLTREE_INS_IDX"/>Förteckning</text:p>
  <text:p text:style-name="Paragraph"><help:help-text value="visible">Infogar ett sakregister eller en innehållsförteckning i samlingsdokumentet.</help:help-text></text:p>
  <text:p text:style-name="Head 3"><help:help-id value="HID_GLBLTREE_INS_FILE"/>Fil</text:p>
  <text:p text:style-name="Paragraph"><help:help-text value="visible">Infogar en eller flera befintliga filer i samlingsdokumentet.</help:help-text></text:p>
  <text:p text:style-name="Head 3"><help:help-id value="HID_GLBLTREE_INS_NEW_FILE"/>Nytt dokument</text:p>
  <text:p text:style-name="Paragraph"><help:help-text value="visible">Skapar och infogar ett nytt deldokument.</help:help-text> När du skapar ett nytt dokument visas ett meddelande där du kan skriva in ett filnamn och en sökväg för att spara dokumentet.</text:p>
  <text:p text:style-name="Head 3"><help:help-id value="HID_GLBLTREE_INS_TEXT"/>Text</text:p>
  <text:p text:style-name="Paragraph"><help:help-text value="visible">Infogar ett nytt stycke i samlingsdokumentet där du kan skriva in text.</help:help-text></text:p>
  <text:p text:style-name="Head 2"><help:help-id value="HID_NAVI_TBX21"/>Spara med innehåll</text:p>
  <text:p text:style-name="Paragraph"><help:help-text value="visible">Sparar en kopia av de länkade filernas innehåll i samlingsdokumentet. Detta garanterar att det aktuella innehållet är tillgängligt när de länkade filerna inte är det.</help:help-text></text:p>
  <table:table table:name="Tabelle4" table:style-name="Tabelle4">
   <table:table-column table:style-name="Tabelle4.A"/>
   <table:table-column table:style-name="Tabelle4.B"/>
   <table:table-header-rows>
    <table:table-row>
     <table:table-cell table:style-name="Tabelle4.A1" table:value-type="string">
      <text:p text:style-name="Paragraph"><draw:image draw:name="Ikon5" svg:desc="Ikon" svg:pixelx="25" svg:pixely="25" svg:width="0.661cm" svg:height="0.661cm" xlink:href="66164" draw:filter-name=""/></text:p>

     </table:table-cell>
     <table:table-cell table:style-name="Tabelle4.A1" table:value-type="string">
      <text:p text:style-name="Paragraph">Spara med innehåll</text:p>
     </table:table-cell>
    </table:table-row>
   </table:table-header-rows>
  </table:table>
  <text:p text:style-name="Head 2"><help:help-id value="HID_NAVI_TBX23"/>Flytta nedåt</text:p>
  <text:p text:style-name="Paragraph"><help:help-text value="visible">Flyttar markeringen ett steg nedåt i Navigatorlistan</help:help-text> Du kan även flytta poster genom att dra och släppa dem i listan. Om du flyttar ett textavsnitt till ett annat textavsnitt sammanfogas de.</text:p>
  <table:table table:name="Tabelle5" table:style-name="Tabelle5">
   <table:table-column table:style-name="Tabelle5.A"/>
   <table:table-column table:style-name="Tabelle5.B"/>
   <table:table-header-rows>
    <table:table-row>
     <table:table-cell table:style-name="Tabelle5.A1" table:value-type="string">
      <text:p text:style-name="Paragraph"><draw:image draw:name="Ikon6" svg:desc="Ikon" svg:pixelx="25" svg:pixely="25" svg:width="0.661cm" svg:height="0.661cm" xlink:href="66670" draw:filter-name=""/></text:p>

     </table:table-cell>
     <table:table-cell table:style-name="Tabelle5.A1" table:value-type="string">
      <text:p text:style-name="Paragraph">Flytta nedåt</text:p>
     </table:table-cell>
    </table:table-row>
   </table:table-header-rows>
  </table:table>
  <text:p text:style-name="Head 2"><help:help-id value="HID_NAVI_TBX22"/>Flytta uppåt</text:p>
  <text:p text:style-name="Paragraph"><help:help-text value="visible">Flyttar markeringen ett steg uppåt i Navigatorlistan</help:help-text> Du kan även flytta poster genom att dra och släppa dem i listan. Om du flyttar ett textavsnitt till ett annat textavsnitt sammanfogas de.</text:p>
  <table:table table:name="Tabelle6" table:style-name="Tabelle6">
   <table:table-column table:style-name="Tabelle6.A"/>
   <table:table-column table:style-name="Tabelle6.B"/>
   <table:table-header-rows>
    <table:table-row>
     <table:table-cell table:style-name="Tabelle6.A1" table:value-type="string">
      <text:p text:style-name="Paragraph"><draw:image draw:name="Ikon7" svg:desc="Ikon" svg:pixelx="25" svg:pixely="25" svg:width="0.661cm" svg:height="0.661cm" xlink:href="66671" draw:filter-name=""/></text:p>

     </table:table-cell>
     <table:table-cell table:style-name="Tabelle6.A1" table:value-type="string">
      <text:p text:style-name="Paragraph">Flytta uppåt</text:p>
     </table:table-cell>
    </table:table-row>
   </table:table-header-rows>
  </table:table>
  <text:p text:style-name="Head 2"><help:help-id value="HID_GLBLTREE_DEL"/>Radera</text:p>
  <text:p text:style-name="Paragraph"><help:help-text value="visible">Tar bort markeringen från Navigatorlistan.</help:help-text></text:p>
 </office:body>
</office:document>
