

<office:document  xmlns:office="http://openoffice.org/2000/office" xmlns:style="http://openoffice.org/2000/style" xmlns:text="http://openoffice.org/2000/text" xmlns:table="http://openoffice.org/2000/table" xmlns:draw="http://openoffice.org/2000/drawing" xmlns:fo="http://www.w3.org/1999/XSL/Format" xmlns:xlink="http://www.w3.org/1999/xlink" xmlns:number="http://openoffice.org/2000/datastyle" xmlns:svg="http://www.w3.org/2000/svg" xmlns:chart="http://openoffice.org/2000/chart" xmlns:dr3d="http://openoffice.org/2000/dr3d" xmlns:math="http://www.w3.org/1998/Math/MathML" xmlns:form="http://openoffice.org/2000/form" xmlns:script="http://openoffice.org/2000/script" office:class="text" office:version="1.0" xmlns:dc="http://purl.org/dc/elements/1.1/" xmlns:meta="http://openoffice.org/2000/meta" xmlns:help="http://openoffice.org/2000/help">
<office:meta>
  <dc:description>text/common/01/05020200</dc:description>
  <dc:subject>Teckeneffekt</dc:subject>

  <dc:language>sv-SE</dc:language>
  <meta:user-defined meta:name="Info 0">READY</meta:user-defined>
  <meta:user-defined meta:name="Info 1">FREE_OK</meta:user-defined>
  <meta:user-defined meta:name="Info 2"/>
  <meta:user-defined meta:name="Info 3"/>
</office:meta>
 <office:script/>
 <office:font-decls>
  <style:font-decl style:name="StarSymbol" fo:font-family="StarSymbol" style:font-charset="x-symbol"/>
  <style:font-decl style:name="Courier New" fo:font-family="&apos;Courier New&apos;" style:font-style-name="Standard" style:font-family-generic="modern" style:font-pitch="fixed"/>
  <style:font-decl style:name="Courier" fo:font-family="Courier" style:font-family-generic="roman" style:font-pitch="fixed"/>
  <style:font-decl style:name="Arial Unicode MS" fo:font-family="&apos;Arial Unicode MS&apos;" style:font-pitch="variable"/>
  <style:font-decl style:name="HG Mincho Light J" fo:font-family="&apos;HG Mincho Light J&apos;" style:font-pitch="variable"/>
  <style:font-decl style:name="Times New Roman3" fo:font-family="&apos;Times New Roman&apos;" style:font-pitch="variable"/>
  <style:font-decl style:name="Thorndale" fo:font-family="Thorndale" style:font-family-generic="roman" style:font-pitch="variable"/>
  <style:font-decl style:name="Times New Roman2" fo:font-family="&apos;Times New Roman&apos;" style:font-style-name="Fett" style:font-family-generic="roman" style:font-pitch="variable"/>
  <style:font-decl style:name="Times New Roman" fo:font-family="&apos;Times New Roman&apos;" style:font-style-name="Standard" style:font-family-generic="roman" style:font-pitch="variable"/>
  <style:font-decl style:name="Times New Roman1" fo:font-family="&apos;Times New Roman&apos;" style:font-family-generic="swiss" style:font-pitch="variable"/>
 </office:font-decls>
 <office:automatic-styles>
  <style:style style:name="Tabelle2" style:family="table">
   <style:properties style:width="18cm" table:align="margins"/>
  </style:style>
  <style:style style:name="Tabelle2.A" style:family="table-column">
   <style:properties style:column-width="1.499cm" style:rel-column-width="850*"/>
  </style:style>
  <style:style style:name="Tabelle2.B" style:family="table-column">
   <style:properties style:column-width="16.498cm" style:rel-column-width="9352*"/>
  </style:style>
  <style:style style:name="Tabelle2.1" style:family="table-row">
   <style:properties style:min-row-height="0.848cm"/>
  </style:style>
  <style:style style:name="Tabelle2.A1" style:family="table-cell">
   <style:properties fo:padding="0cm" fo:border="none"/>
  </style:style>
  <style:style style:name="Tabelle1" style:family="table">
   <style:properties style:width="18cm" table:align="margins"/>
  </style:style>
  <style:style style:name="Tabelle1.A" style:family="table-column">
   <style:properties style:column-width="1.501cm" style:rel-column-width="5466*"/>
  </style:style>
  <style:style style:name="Tabelle1.B" style:family="table-column">
   <style:properties style:column-width="16.499cm" style:rel-column-width="60068*"/>
  </style:style>
  <style:style style:name="Tabelle1.1" style:family="table-row">
   <style:properties style:min-row-height="0.848cm"/>
  </style:style>
  <style:style style:name="Tabelle1.A1" style:family="table-cell">
   <style:properties fo:padding="0cm" fo:border="none"/>
  </style:style>
  <style:style style:name="Tabelle4" style:family="table">
   <style:properties style:width="18cm" table:align="margins"/>
  </style:style>
  <style:style style:name="Tabelle4.A" style:family="table-column">
   <style:properties style:column-width="1.499cm" style:rel-column-width="5460*"/>
  </style:style>
  <style:style style:name="Tabelle4.B" style:family="table-column">
   <style:properties style:column-width="16.501cm" style:rel-column-width="60074*"/>
  </style:style>
  <style:style style:name="Tabelle4.A1" style:family="table-cell">
   <style:properties fo:padding="0cm" fo:border="none"/>
  </style:style>
  <style:style style:name="P1" style:family="paragraph" style:parent-style-name="Paragraph" style:master-page-name="HTML">
   <style:properties style:page-number="0"/>
  </style:style>
  <style:style style:name="P2" style:family="paragraph" style:parent-style-name="Paragraph" style:list-style-name="L1"/>
  <style:style style:name="T1" style:family="text">
   <style:properties fo:font-weight="bold"/>
  </style:style>
  <style:style style:name="fr1" style:family="graphics" style:parent-style-name="Graphics">
   <style:properties style:run-through="foreground" style:wrap="run-through" style:vertical-pos="middle" style:vertical-rel="paragraph" style:horizontal-pos="left" style:horizontal-rel="paragraph" style:mirror="none" fo:clip="rect(0cm 0cm 0cm 0cm)" draw:luminance="0%" draw:contrast="0%" draw:red="0%" draw:green="0%" draw:blue="0%" draw:gamma="1" draw:color-inversion="false" draw:transparency="-100%" draw:color-mode="standard"/>
  </style:style>
  <style:style style:name="fr2" style:family="graphics" style:parent-style-name="Graphics">
   <style:properties style:run-through="foreground" style:wrap="run-through" style:vertical-pos="top" style:vertical-rel="paragraph" style:horizontal-pos="left" style:horizontal-rel="paragraph" style:mirror="none" fo:clip="rect(0cm 0cm 0cm 0cm)" draw:luminance="0%" draw:contrast="0%" draw:red="0%" draw:green="0%" draw:blue="0%" draw:gamma="1" draw:color-inversion="false" draw:transparency="-100%" draw:color-mode="standard"/>
  </style:style>
  <text:list-style style:name="L1">
   <text:list-level-style-bullet text:level="1" text:style-name="Bullet Symbols" style:num-suffix="." text:bullet-char="•">
    <style:properties text:min-label-width="0.499cm" style:font-name="StarSymbol"/>
   </text:list-level-style-bullet>
   <text:list-level-style-bullet text:level="2" text:style-name="Bullet Symbols" style:num-suffix="." text:bullet-char="•">
    <style:properties text:space-before="0.499cm" text:min-label-width="0.499cm" style:font-name="StarSymbol"/>
   </text:list-level-style-bullet>
   <text:list-level-style-bullet text:level="3" text:style-name="Bullet Symbols" style:num-suffix="." text:bullet-char="•">
    <style:properties text:space-before="0.999cm" text:min-label-width="0.499cm" style:font-name="StarSymbol"/>
   </text:list-level-style-bullet>
   <text:list-level-style-bullet text:level="4" text:style-name="Bullet Symbols" style:num-suffix="." text:bullet-char="•">
    <style:properties text:space-before="1.498cm" text:min-label-width="0.499cm" style:font-name="StarSymbol"/>
   </text:list-level-style-bullet>
   <text:list-level-style-bullet text:level="5" text:style-name="Bullet Symbols" style:num-suffix="." text:bullet-char="•">
    <style:properties text:space-before="1.997cm" text:min-label-width="0.499cm" style:font-name="StarSymbol"/>
   </text:list-level-style-bullet>
   <text:list-level-style-bullet text:level="6" text:style-name="Bullet Symbols" style:num-suffix="." text:bullet-char="•">
    <style:properties text:space-before="2.496cm" text:min-label-width="0.499cm" style:font-name="StarSymbol"/>
   </text:list-level-style-bullet>
   <text:list-level-style-bullet text:level="7" text:style-name="Bullet Symbols" style:num-suffix="." text:bullet-char="•">
    <style:properties text:space-before="2.995cm" text:min-label-width="0.499cm" style:font-name="StarSymbol"/>
   </text:list-level-style-bullet>
   <text:list-level-style-bullet text:level="8" text:style-name="Bullet Symbols" style:num-suffix="." text:bullet-char="•">
    <style:properties text:space-before="3.494cm" text:min-label-width="0.499cm" style:font-name="StarSymbol"/>
   </text:list-level-style-bullet>
   <text:list-level-style-bullet text:level="9" text:style-name="Bullet Symbols" style:num-suffix="." text:bullet-char="•">
    <style:properties text:space-before="3.994cm" text:min-label-width="0.499cm" style:font-name="StarSymbol"/>
   </text:list-level-style-bullet>
   <text:list-level-style-bullet text:level="10" text:style-name="Bullet Symbols" style:num-suffix="." text:bullet-char="•">
    <style:properties text:space-before="4.493cm" text:min-label-width="0.499cm" style:font-name="StarSymbol"/>
   </text:list-level-style-bullet>
  </text:list-style>
 </office:automatic-styles>
 <office:body>
  <text:variable-decls>
   <text:variable-decl text:value-type="string" text:name="HTML_ON"/>
   <text:variable-decl text:value-type="string" text:name="HTML_OFF"/>
   <text:variable-decl text:value-type="string" text:name="TITEL"/>
   <text:variable-decl text:value-type="string" text:name="END"/>
   <text:variable-decl text:value-type="string" text:name="HREF"/>
   <text:variable-decl text:value-type="string" text:name="NAME"/>
   <text:variable-decl text:value-type="string" text:name="OS2"/>
   <text:variable-decl text:value-type="string" text:name="ELSE"/>
   <text:variable-decl text:value-type="string" text:name="HelpID"/>
   <text:variable-decl text:value-type="string" text:name="HFELD"/>
   <text:variable-decl text:value-type="string" text:name="MODIFY"/>
   <text:variable-decl text:value-type="string" text:name="REFNR"/>
   <text:variable-decl text:value-type="string" text:name="WIN"/>
   <text:variable-decl text:value-type="string" text:name="KEY"/>
   <text:variable-decl text:value-type="string" text:name="AKTHLP"/>
   <text:variable-decl text:value-type="string" text:name="INDEX"/>
   <text:variable-decl text:value-type="string" text:name="STYLE"/>
  </text:variable-decls>
  <text:sequence-decls>
   <text:sequence-decl text:display-outline-level="0" text:name="Illustration"/>
   <text:sequence-decl text:display-outline-level="0" text:name="Table"/>
   <text:sequence-decl text:display-outline-level="0" text:name="Text"/>
   <text:sequence-decl text:display-outline-level="0" text:name="Drawing"/>
  </text:sequence-decls>
  <help:to-be-embedded Eid="schrifteffekt">
  <text:p text:style-name="Head 1"><help:help-id value="HID_SVXPAGE_CHAR_EFFECTS"/><help:key-word value="Teckensnitt; effekt" tag="kw65646_1"/><help:key-word value="Formatering; teckeneffekt" tag="kw65646_33"/><help:key-word value="Tecken; teckeneffekt" tag="kw65646_32"/><help:key-word value="Text; teckeneffekt" tag="kw65646_31"/><help:key-word value="Effekt; teckeneffekt" tag="kw65646_30"/><help:link Id="65646">Teckeneffekt</help:link></text:p>
  <text:p text:style-name="Paragraph"><help:help-text value="visible">Ange vilka teckeneffekter du vill använda.</help:help-text></text:p>
  </help:to-be-embedded>
  <help:popup Id="65599" Eid="schrifteffekt"><help:embedded Id="65598" Eid="wie"></help:embedded></help:popup>
  <help:embedded Id="65740" Eid="hinweis"></help:embedded>
  <text:p text:style-name="Head 2"><help:help-id value="SVX_LISTBOX_RID_SVXPAGE_CHAR_EFFECTS_LB_UNDERLINE"/><a name="unterstreichen"/><help:key-word value="Understrykning; tecken" tag="kw65646_29"/><help:key-word value="Teckeneffekter; understrykning" tag="kw65646_28"/><help:key-word value="Understrykning; text" tag="kw65646_27"/><help:key-word value="Text; understrykning" tag="kw65646_26"/>Understrykning</text:p>
  <text:p text:style-name="Paragraph"><help:help-text value="visible">Markera den understrykningsstil du vill tilldela. Om du bara vill använda understrykningen i ord markerar du rutan <text:span text:style-name="T1">Ordvis</text:span>.</help:help-text></text:p>
  <table:table table:name="Tabelle2" table:style-name="Tabelle2">
   <table:table-column table:style-name="Tabelle2.A"/>
   <table:table-column table:style-name="Tabelle2.B"/>
   <table:table-header-rows>
    <table:table-row table:style-name="Tabelle2.1">
     <table:table-cell table:style-name="Tabelle2.A1" table:value-type="string">
      <text:p text:style-name="Paragraph"><draw:image draw:name="Symbol0" svg:desc="Info-symbol" svg:pixelx="32" svg:pixely="32" svg:width="0.847cm" svg:height="0.847cm" xlink:href="65980" draw:filter-name=""/></text:p>

     </table:table-cell>
     <table:table-cell table:style-name="Tabelle2.A1" table:value-type="string">
      <text:p text:style-name="Paragraph">Om du använder understrykning i upphöjd text höjs understrykningen till textens nivå. Om upphöjningen finns i ett ord med normal text upphöjs inte understrykningen.</text:p>
     </table:table-cell>
    </table:table-row>
   </table:table-header-rows>
  </table:table>
  <help:embedded Id="65609" Eid="objektleiste"></help:embedded>
  <help:embedded Id="65593" Eid="syunterstreichen"></help:embedded>
  <text:p text:style-name="Head 2"><help:help-id value="SVX_LISTBOX_RID_SVXPAGE_CHAR_EFFECTS_LB_UNDERLINE_COLOR"/>Färg</text:p>
  <text:p text:style-name="Paragraph"><help:help-text value="visible">Markera en färg för understrykningen.</help:help-text></text:p>
  <text:p text:style-name="Head 2"><help:help-id value="SVX_LISTBOX_RID_SVXPAGE_CHAR_EFFECTS_LB_EFFECTS2"/><help:key-word value="Versaler; teckeneffekt" tag="kw65646_25"/><help:key-word value="Stora bokstäver; teckeneffekt" tag="kw65646_24"/><help:key-word value="Gemener; teckeneffekt" tag="kw65646_23"/><help:key-word value="Rubriker; teckeneffekt" tag="kw65646_22"/><help:key-word value="Kapitäler; teckeneffekt" tag="kw65646_21"/>Effekter</text:p>
  <text:p text:style-name="Paragraph"><help:help-text value="visible">Välj de teckeneffekter du vill använda.</help:help-text></text:p>
  <text:p text:style-name="Head 3">Effekter</text:p>
  <text:p text:style-name="Paragraph">Följande effekter är tillgängliga:</text:p>
  <text:unordered-list text:style-name="L1">
   <text:list-item>
    <text:p text:style-name="P2">(Utan) - ingen effekt tilldelas</text:p>
   </text:list-item>
   <text:list-item>
    <text:p text:style-name="P2">Versaler - ändrar markerade små bokstäver till stora bokstäver</text:p>
   </text:list-item>
   <text:list-item>
    <text:p text:style-name="P2">Gemener - ändrar markerade stora bokstäver till små bokstäver</text:p>
   </text:list-item>
   <text:list-item>
    <text:p text:style-name="P2">Titel - ändrar den första bokstaven i alla markerade ord till stor bokstav</text:p>
   </text:list-item>
   <text:list-item>
    <text:p text:style-name="P2">Kapitäler - ändrar markerade små bokstäver till stora bokstäver och minskar deras storlek</text:p>
   </text:list-item>
  </text:unordered-list>
  <text:p text:style-name="Head 2"><help:help-id value="SVX_LISTBOX_RID_SVXPAGE_CHAR_EFFECTS_LB_STRIKEOUT"/><help:key-word value="Genomstrykning; teckeneffekt" tag="kw65646_20"/><help:key-word value="Teckeneffekt; genomstrykning" tag="kw65646_19"/><help:key-word value="Genomstrykning; teckeneffekt" tag="kw65646_18"/><help:key-word value="Teckensnitt; genomstrykning" tag="kw65646_17"/><help:key-word value="Text; genomstrykning" tag="kw65646_16"/><help:key-word value="Tecken; genomstrykning" tag="kw65646_15"/>Genomstrykning</text:p>
  <text:p text:style-name="Paragraph"><help:help-text value="visible">Välj en genomstrykningstyp för den markerade texten.</help:help-text></text:p>
  <table:table table:name="Tabelle1" table:style-name="Tabelle1">
   <table:table-column table:style-name="Tabelle1.A"/>
   <table:table-column table:style-name="Tabelle1.B"/>
   <table:table-header-rows>
    <table:table-row table:style-name="Tabelle1.1">
     <table:table-cell table:style-name="Tabelle1.A1" table:value-type="string">
      <text:p text:style-name="Paragraph"><draw:image draw:name="Symbol1" svg:desc="Info-symbol" svg:pixelx="32" svg:pixely="32" svg:width="0.847cm" svg:height="0.847cm" xlink:href="65980" draw:filter-name=""/></text:p>

     </table:table-cell>
     <table:table-cell table:style-name="Tabelle1.A1" table:value-type="string">
      <text:p text:style-name="Paragraph">Om du sparar dokumentet i Microsoft Word-format konverteras alla genomstrykningstyper till en enkel linje.</text:p>
     </table:table-cell>
    </table:table-row>
   </table:table-header-rows>
  </table:table>
  <text:p text:style-name="Head 2"><help:help-id value="SVX_CHECKBOX_RID_SVXPAGE_CHAR_EFFECTS_CB_INDIVIDUALWORDS"/>Ordvis</text:p>
  <text:p text:style-name="Paragraph"><help:help-text value="visible">Använder bara den markerade effekten i ord och ignorerar mellanrum.</help:help-text></text:p>
  <text:p text:style-name="Head 3"><help:help-id value="SVX_TRISTATEBOX_RID_SVXPAGE_CHAR_EFFECTS_CB_OUTLINE"/><help:key-word value="Kontur; teckeneffekt" tag="kw65646_14"/><help:key-word value="Teckensnitt; kontur" tag="kw65646_13"/><help:key-word value="Tecken; kontur" tag="kw65646_12"/><help:key-word value="Text; kontur" tag="kw65646_11"/>Kontur</text:p>
  <text:p text:style-name="Paragraph"><help:help-text value="visible">Visar konturen av de markerade tecknen. Den här effekten fungerar inte med alla teckensnitt.</help:help-text></text:p>
  <text:p text:style-name="Head 3"><help:help-id value="SVX_TRISTATEBOX_RID_SVXPAGE_CHAR_EFFECTS_CB_SHADOW"/><help:key-word value="Skugga; teckensnitt" tag="kw65646_10"/><help:key-word value="Teckensnitt; skugga" tag="kw65646_9"/><help:key-word value="Tecken; skugga" tag="kw65646_8"/><help:key-word value="Text; skugga" tag="kw65646_7"/>Skugga</text:p>
  <text:p text:style-name="Paragraph"><help:help-text value="visible">Lägger till en skugga som framträder under och till höger om de markerade tecknen.</help:help-text></text:p>
  <text:p text:style-name="Head 3"><help:help-id value="SVX_CHECKBOX_RID_SVXPAGE_CHAR_EFFECTS_CB_BLINKING"/><help:key-word value="Blinkande; teckeneffekt" tag="kw65646_6"/>Blinkande</text:p>
  <text:p text:style-name="Paragraph"><help:help-text value="visible">Gör så att de markerade tecknen blinkar. Det går inte att påverka blinkningsfrekvensen.</help:help-text></text:p>
  <help:embedded Id="65630" Eid="vorschau"></help:embedded>
  <text:p text:style-name="Paragraph"><help:embedded Id="65609" Eid="asia"></help:embedded></text:p>
  <text:p text:style-name="Head 2"><help:help-id value="SVX_LISTBOX_RID_SVXPAGE_CHAR_EFFECTS_LB_EMPHASIS"/>Betoningstecken</text:p>
  <text:p text:style-name="Paragraph"><help:help-text value="visible">Välj ett tecken som ska visas över eller under hela den markerade textens längd.</help:help-text></text:p>
  <text:p text:style-name="Head 2"><help:help-id value="SVX_LISTBOX_RID_SVXPAGE_CHAR_EFFECTS_LB_POSITION"/>Position</text:p>
  <text:p text:style-name="Paragraph"><help:help-text value="visible">Välj placeringen av betoningstecken: <text:span text:style-name="T1">Över text</text:span> eller <text:span text:style-name="T1">Under text</text:span>.</help:help-text></text:p>
  <text:p text:style-name="Head 2"><help:help-id value="SVX_LISTBOX_RID_SVXPAGE_CHAR_EFFECTS_LB_RELIEF"/>Relief</text:p>
  <text:p text:style-name="Paragraph"><help:help-text value="visible">Välj en reliefeffekt som ska användas i den markerade texten. Upphöjd relief gör att tecknen visas som om de är upphöjda från sidan. Graverad relief gör att tecknen visas som om de är ingraverade på sidan.</help:help-text></text:p>
  <text:p text:style-name="Head 2"><help:help-id value="SVX_LISTBOX_RID_SVXPAGE_CHAR_NAME_LB_COLOR2"/><help:help-id value="SVX_LISTBOX_RID_SVXPAGE_CHAR_EFFECTS_LB_FONTCOLOR"/><help:key-word value="Färg; teckensnitt" tag="kw65646_5"/><help:key-word value="Teckensnitt; färg" tag="kw65646_4"/><help:key-word value="Text; färg" tag="kw65646_3"/><help:key-word value="Tecken; färg" tag="kw65646_2"/>Teckenfärg</text:p>
  <text:p text:style-name="Paragraph"><help:help-text value="visible">Bestämmer färg för den markerade texten. Om du väljer <text:span text:style-name="T1">Automatiskt</text:span> blir texten svart om bakgrunden är ljus och vit om bakgrunden är mörk.</help:help-text></text:p>
  <table:table table:name="Tabelle4" table:style-name="Tabelle4">
   <table:table-column table:style-name="Tabelle4.A"/>
   <table:table-column table:style-name="Tabelle4.B"/>
   <table:table-row>
    <table:table-cell table:style-name="Tabelle4.A1" table:value-type="string">
     <text:p text:style-name="Paragraph"><draw:image draw:name="Symbol2" svg:desc="Varningssymbol" svg:pixelx="32" svg:pixely="32" svg:width="0.847cm" svg:height="0.847cm" xlink:href="65640" draw:filter-name=""/></text:p>

    </table:table-cell>
    <table:table-cell table:style-name="Tabelle4.A1" table:value-type="string">
     <text:p text:style-name="Paragraph"><help:switch select="Program"><help:case select="WRITER">Textfärgen ignoreras om kryssrutan <text:span text:style-name="T1">Svart utskrift</text:span> är markerad i <help:link Id="66280"><text:span text:style-name="T1">Verktyg - Alternativ - Textdokument - Skriv ut</text:span></help:link>.</help:case></help:switch></text:p>
    </table:table-cell>
   </table:table-row>
  </table:table>
  <text:p text:style-name="Paragraph"><help:help-id value="SID_ATTR_CHAR_COLOR"/><help:help-id value="SID_ATTR_CHAR_COLOR2"/><help:switch select="Program"><help:case select="CHART"></help:case><help:default><a name="textfarbe"/><help:to-be-embedded Eid="textfarbe"><help:help-text value="visible">Om du klickar länge på ikonen öppnas en svävande list där du kan välja en textfärg. Om du klickar kort på ikonen tilldelar du den markerade texten färgen som du har valt eller så aktiveras symbolen för färgöverstrykning.</help:help-text></help:to-be-embedded></help:default></help:switch></text:p>
  <text:p text:style-name="ParaList"><help:embedded Id="65598" Eid="related"></help:embedded></text:p>
  <text:p text:style-name="ParaList"><help:link Id="66226"></help:link></text:p>
  <text:p text:style-name="ParaList"><help:embedded Id="68260" Eid="text_color"></help:embedded></text:p>
 </office:body>
</office:document>
