

<office:document  xmlns:office="http://openoffice.org/2000/office" xmlns:style="http://openoffice.org/2000/style" xmlns:text="http://openoffice.org/2000/text" xmlns:table="http://openoffice.org/2000/table" xmlns:draw="http://openoffice.org/2000/drawing" xmlns:fo="http://www.w3.org/1999/XSL/Format" xmlns:xlink="http://www.w3.org/1999/xlink" xmlns:number="http://openoffice.org/2000/datastyle" xmlns:svg="http://www.w3.org/2000/svg" xmlns:chart="http://openoffice.org/2000/chart" xmlns:dr3d="http://openoffice.org/2000/dr3d" xmlns:math="http://www.w3.org/1998/Math/MathML" xmlns:form="http://openoffice.org/2000/form" xmlns:script="http://openoffice.org/2000/script" office:class="text" office:version="1.0" xmlns:dc="http://purl.org/dc/elements/1.1/" xmlns:meta="http://openoffice.org/2000/meta" xmlns:help="http://openoffice.org/2000/help">
<office:meta>
  <dc:description>text/common/01/05020600</dc:description>
  <dc:subject>Asiatisk layout</dc:subject>

  <dc:language>sv-SE</dc:language>
  <meta:user-defined meta:name="Info 0">READY</meta:user-defined>
  <meta:user-defined meta:name="Info 1">FREE_OK</meta:user-defined>
  <meta:user-defined meta:name="Info 2"/>
  <meta:user-defined meta:name="Info 3"/>
</office:meta>
 <office:script/>
 <office:font-decls>
  <style:font-decl style:name="StarSymbol" fo:font-family="StarSymbol" style:font-charset="x-symbol"/>
  <style:font-decl style:name="Courier New" fo:font-family="&apos;Courier New&apos;" style:font-style-name="Standard" style:font-family-generic="modern" style:font-pitch="fixed"/>
  <style:font-decl style:name="Courier" fo:font-family="Courier" style:font-family-generic="roman" style:font-pitch="fixed"/>
  <style:font-decl style:name="Arial Unicode MS" fo:font-family="&apos;Arial Unicode MS&apos;" style:font-pitch="variable"/>
  <style:font-decl style:name="HG Mincho Light J" fo:font-family="&apos;HG Mincho Light J&apos;" style:font-pitch="variable"/>
  <style:font-decl style:name="Times New Roman3" fo:font-family="&apos;Times New Roman&apos;" style:font-pitch="variable"/>
  <style:font-decl style:name="Thorndale" fo:font-family="Thorndale" style:font-family-generic="roman" style:font-pitch="variable"/>
  <style:font-decl style:name="Times New Roman2" fo:font-family="&apos;Times New Roman&apos;" style:font-style-name="Fett" style:font-family-generic="roman" style:font-pitch="variable"/>
  <style:font-decl style:name="Times New Roman" fo:font-family="&apos;Times New Roman&apos;" style:font-style-name="Standard" style:font-family-generic="roman" style:font-pitch="variable"/>
  <style:font-decl style:name="Times New Roman1" fo:font-family="&apos;Times New Roman&apos;" style:font-family-generic="swiss" style:font-pitch="variable"/>
 </office:font-decls>
 <office:automatic-styles>
  <style:style style:name="P1" style:family="paragraph" style:parent-style-name="Paragraph" style:master-page-name="HTML">
   <style:properties style:page-number="0"/>
  </style:style>
  <style:style style:name="T1" style:family="text">
   <style:properties fo:font-weight="bold"/>
  </style:style>
 </office:automatic-styles>
 <office:body>
  <text:variable-decls>
   <text:variable-decl text:value-type="string" text:name="HTML_ON"/>
   <text:variable-decl text:value-type="string" text:name="HTML_OFF"/>
   <text:variable-decl text:value-type="string" text:name="TITEL"/>
   <text:variable-decl text:value-type="string" text:name="END"/>
   <text:variable-decl text:value-type="string" text:name="HREF"/>
   <text:variable-decl text:value-type="string" text:name="NAME"/>
   <text:variable-decl text:value-type="string" text:name="OS2"/>
   <text:variable-decl text:value-type="string" text:name="ELSE"/>
   <text:variable-decl text:value-type="string" text:name="HelpID"/>
   <text:variable-decl text:value-type="string" text:name="HFELD"/>
   <text:variable-decl text:value-type="string" text:name="MODIFY"/>
   <text:variable-decl text:value-type="string" text:name="REFNR"/>
   <text:variable-decl text:value-type="string" text:name="WIN"/>
   <text:variable-decl text:value-type="string" text:name="KEY"/>
   <text:variable-decl text:value-type="string" text:name="AKTHLP"/>
   <text:variable-decl text:value-type="string" text:name="INDEX"/>
   <text:variable-decl text:value-type="string" text:name="STYLE"/>
  </text:variable-decls>
  <text:sequence-decls>
   <text:sequence-decl text:display-outline-level="0" text:name="Illustration"/>
   <text:sequence-decl text:display-outline-level="0" text:name="Table"/>
   <text:sequence-decl text:display-outline-level="0" text:name="Text"/>
   <text:sequence-decl text:display-outline-level="0" text:name="Drawing"/>
  </text:sequence-decls>
  <help:to-be-embedded Eid="asilayout">
  <text:p text:style-name="Head 1"><help:key-word value="Asiatisk layout; teckensnitt" tag="kw67878_1"/><help:key-word value="Format; asiatisk layout" tag="kw67878_4"/><help:key-word value="Tecken; asiatisk layout" tag="kw67878_3"/><help:key-word value="Text; asiatisk layout" tag="kw67878_2"/><help:link Id="67878">Asiatisk layout</help:link></text:p>
  <text:p text:style-name="Paragraph"><help:help-text value="visible">Anger alternativ för dubbelrader i asiatiska språk. Markera tecknen i texten och välj detta kommando.</help:help-text></text:p>
  </help:to-be-embedded>
  <help:embedded Id="65609" Eid="asiahinweis"></help:embedded>
  <help:popup Id="65599" Eid="asilayout"><help:embedded Id="65598" Eid="wie"></help:embedded></help:popup>
  <text:p text:style-name="Head 2">Dubbla rader</text:p>
  <text:p text:style-name="Paragraph">Anger dubbelradsalternativ för den markerade texten.</text:p>
  <text:p text:style-name="Head 3"><help:help-id value="SVX_CHECKBOX_RID_SVXPAGE_CHAR_TWOLINES_CB_TWOLINES"/>Skriva på dubbla rader</text:p>
  <text:p text:style-name="Paragraph"><help:help-text value="visible">Används för att skriva på dubbla rader i det område som är markerat i det aktuella dokumentet.</help:help-text></text:p>
  <text:p text:style-name="Head 2">Inneslutande tecken</text:p>
  <text:p text:style-name="Paragraph">Anger de tecken som ska innesluta dubbelradsområdet.</text:p>
  <text:p text:style-name="Head 3"><help:help-id value="SVX_LISTBOX_RID_SVXPAGE_CHAR_TWOLINES_ED_STARTBRACKET"/>Inledande tecken</text:p>
  <text:p text:style-name="Paragraph"><help:help-text value="visible">Markera det tecken som definierar början på dubbelradsområdet. Om du vill använda ett annat tecken väljer du <text:span text:style-name="T1">Fler tecken</text:span>.</help:help-text></text:p>
  <text:p text:style-name="Head 3"><help:help-id value="SVX_LISTBOX_RID_SVXPAGE_CHAR_TWOLINES_ED_ENDBRACKET"/>Sluttecken</text:p>
  <text:p text:style-name="Paragraph"><help:help-text value="visible">Markera det tecken som ska definiera slutet på dubbelradsområdet. Om du vill använda ett annat tecken väljer du <text:span text:style-name="T1">Fler tecken</text:span>.</help:help-text></text:p>
  <help:embedded Id="65630" Eid="vorschau"></help:embedded>
 </office:body>
</office:document>
