

<office:document  xmlns:office="http://openoffice.org/2000/office" xmlns:style="http://openoffice.org/2000/style" xmlns:text="http://openoffice.org/2000/text" xmlns:table="http://openoffice.org/2000/table" xmlns:draw="http://openoffice.org/2000/drawing" xmlns:fo="http://www.w3.org/1999/XSL/Format" xmlns:xlink="http://www.w3.org/1999/xlink" xmlns:number="http://openoffice.org/2000/datastyle" xmlns:svg="http://www.w3.org/2000/svg" xmlns:chart="http://openoffice.org/2000/chart" xmlns:dr3d="http://openoffice.org/2000/dr3d" xmlns:math="http://www.w3.org/1998/Math/MathML" xmlns:form="http://openoffice.org/2000/form" xmlns:script="http://openoffice.org/2000/script" office:class="text" office:version="1.0" xmlns:dc="http://purl.org/dc/elements/1.1/" xmlns:meta="http://openoffice.org/2000/meta" xmlns:help="http://openoffice.org/2000/help">
<office:meta>
  <dc:description>text/common/01/05030000</dc:description>
  <dc:subject>Stycke</dc:subject>

  <dc:language>sv-SE</dc:language>
  <meta:user-defined meta:name="Info 0">READY</meta:user-defined>
  <meta:user-defined meta:name="Info 1">FREE_OK</meta:user-defined>
  <meta:user-defined meta:name="Info 2"/>
  <meta:user-defined meta:name="Info 3"/>
</office:meta>
 <office:script/>
 <office:font-decls>
  <style:font-decl style:name="StarSymbol" fo:font-family="StarSymbol" style:font-charset="x-symbol"/>
  <style:font-decl style:name="Courier New" fo:font-family="&apos;Courier New&apos;" style:font-style-name="Standard" style:font-family-generic="modern" style:font-pitch="fixed"/>
  <style:font-decl style:name="Courier" fo:font-family="Courier" style:font-family-generic="roman" style:font-pitch="fixed"/>
  <style:font-decl style:name="Arial Unicode MS" fo:font-family="&apos;Arial Unicode MS&apos;" style:font-pitch="variable"/>
  <style:font-decl style:name="HG Mincho Light J" fo:font-family="&apos;HG Mincho Light J&apos;" style:font-pitch="variable"/>
  <style:font-decl style:name="Times New Roman3" fo:font-family="&apos;Times New Roman&apos;" style:font-pitch="variable"/>
  <style:font-decl style:name="Thorndale" fo:font-family="Thorndale" style:font-family-generic="roman" style:font-pitch="variable"/>
  <style:font-decl style:name="Times New Roman2" fo:font-family="&apos;Times New Roman&apos;" style:font-style-name="Fett" style:font-family-generic="roman" style:font-pitch="variable"/>
  <style:font-decl style:name="Times New Roman" fo:font-family="&apos;Times New Roman&apos;" style:font-style-name="Standard" style:font-family-generic="roman" style:font-pitch="variable"/>
  <style:font-decl style:name="Times New Roman1" fo:font-family="&apos;Times New Roman&apos;" style:font-family-generic="swiss" style:font-pitch="variable"/>
 </office:font-decls>
 <office:automatic-styles>
  <style:style style:name="P1" style:family="paragraph" style:parent-style-name="Paragraph" style:master-page-name="HTML">
   <style:properties style:page-number="0"/>
  </style:style>
  <style:style style:name="T1" style:family="text">
   <style:properties fo:font-weight="bold"/>
  </style:style>
 </office:automatic-styles>
 <office:body>
  <text:variable-decls>
   <text:variable-decl text:value-type="string" text:name="HTML_ON"/>
   <text:variable-decl text:value-type="string" text:name="HTML_OFF"/>
   <text:variable-decl text:value-type="string" text:name="TITEL"/>
   <text:variable-decl text:value-type="string" text:name="END"/>
   <text:variable-decl text:value-type="string" text:name="OS2"/>
   <text:variable-decl text:value-type="string" text:name="ELSE"/>
   <text:variable-decl text:value-type="string" text:name="HREF"/>
   <text:variable-decl text:value-type="string" text:name="NAME"/>
   <text:variable-decl text:value-type="string" text:name="HelpID"/>
   <text:variable-decl text:value-type="string" text:name="HFELD"/>
   <text:variable-decl text:value-type="string" text:name="WIN"/>
   <text:variable-decl text:value-type="string" text:name="MODIFY"/>
   <text:variable-decl text:value-type="string" text:name="REFNR"/>
   <text:variable-decl text:value-type="string" text:name="AKTHLP"/>
   <text:variable-decl text:value-type="string" text:name="INDEX"/>
   <text:variable-decl text:value-type="string" text:name="STYLE"/>
  </text:variable-decls>
  <text:sequence-decls>
   <text:sequence-decl text:display-outline-level="0" text:name="Illustration"/>
   <text:sequence-decl text:display-outline-level="0" text:name="Table"/>
   <text:sequence-decl text:display-outline-level="0" text:name="Text"/>
   <text:sequence-decl text:display-outline-level="0" text:name="Drawing"/>
  </text:sequence-decls>
  <text:p text:style-name="P1"/>
  <text:p text:style-name="Head 1"><help:help-id value="SID_PARA_DLG"/><help:help-id value="SID_STYLE_EDIT"/><help:key-word value="Stycke; format" tag="kw65648_1"/><help:key-word value="Stycke; egenskaper" tag="kw65648_5"/><help:key-word value="Egenskaper; stycke" tag="kw65648_4"/><help:key-word value="Text; styckeformat" tag="kw65648_3"/><help:key-word value="Format; stycke" tag="kw65648_2"/>Stycke</text:p>
  <text:p text:style-name="Paragraph"><help:to-be-embedded Eid="absatztext"><help:help-text value="visible">Ändrar format i det aktuella stycket. Du kan ändra teckensnitt i det aktuella stycket genom att markera hela stycket, välja <text:span text:style-name="T1">Format - Tecken</text:span> och klicka på fliken <text:span text:style-name="T1">Teckensnitt</text:span>.<help:switch select="Program"><help:case select="WRITER"> Om du vill ändra format i alla stycken som använder den aktuella styckeformatmallen väljer du <text:span text:style-name="T1">Format - Mallar - Katalog</text:span>.</help:case></help:switch></help:help-text></help:to-be-embedded></text:p>
  <help:executeurl Id="Slot:10297"></help:executeurl><help:popup Id="65599" Eid="absatz"><help:embedded Id="65598" Eid="wie"></help:embedded></help:popup>
  <text:p text:style-name="Paragraph"><help:switch select="Program"><help:case select="WRITER">Styckeformatmallen för det aktuella stycket visas till vänster på <text:span text:style-name="T1">objektlisten</text:span>, eller i <help:link Id="67624">Stylist</help:link>.</help:case></help:switch></text:p>
  <help:embedded Id="65801" Eid="einzuege"></help:embedded>
  <help:embedded Id="65684" Eid="ausrichtung"></help:embedded>
  <help:switch select="Program"><help:case select="WRITER"><help:embedded Id="67681" Eid="textfluss"></help:embedded></help:case></help:switch>
  <help:switch select="Program"><help:case select="WRITER"><help:embedded Id="67702" Eid="numerierung"></help:embedded></help:case></help:switch>
  <help:embedded Id="65713" Eid="tabulator"></help:embedded>
  <help:switch select="Program"><help:case select="WRITER"><help:embedded Id="67597" Eid="initialen"></help:embedded></help:case></help:switch>
  <help:switch select="Program"><help:case select="WRITER"><help:embedded Id="67877" Eid="asitypo"></help:embedded></help:case></help:switch>
  <help:switch select="Program"><help:case select="CALC"><help:embedded Id="67877" Eid="asitypo"></help:embedded></help:case></help:switch>
  <help:switch select="Program"><help:case select="WRITER"><help:embedded Id="65824" Eid="umrandung"></help:embedded></help:case></help:switch>
  <help:switch select="Program"><help:case select="WRITER"><help:embedded Id="65634" Eid="hintergrund"></help:embedded></help:case></help:switch>
  <help:embedded Id="65630" Eid="zurueck"></help:embedded>
 </office:body>
</office:document>
