

<office:document  xmlns:office="http://openoffice.org/2000/office" xmlns:style="http://openoffice.org/2000/style" xmlns:text="http://openoffice.org/2000/text" xmlns:table="http://openoffice.org/2000/table" xmlns:draw="http://openoffice.org/2000/drawing" xmlns:fo="http://www.w3.org/1999/XSL/Format" xmlns:xlink="http://www.w3.org/1999/xlink" xmlns:number="http://openoffice.org/2000/datastyle" xmlns:svg="http://www.w3.org/2000/svg" xmlns:chart="http://openoffice.org/2000/chart" xmlns:dr3d="http://openoffice.org/2000/dr3d" xmlns:math="http://www.w3.org/1998/Math/MathML" xmlns:form="http://openoffice.org/2000/form" xmlns:script="http://openoffice.org/2000/script" office:class="text" office:version="1.0" xmlns:dc="http://purl.org/dc/elements/1.1/" xmlns:meta="http://openoffice.org/2000/meta" xmlns:help="http://openoffice.org/2000/help">
<office:meta>
  <dc:description>text/common/01/05040400</dc:description>
  <dc:subject>Sidfot</dc:subject>

  <dc:language>sv-SE</dc:language>
  <meta:user-defined meta:name="Info 0">READY</meta:user-defined>
  <meta:user-defined meta:name="Info 1">FREE_OK</meta:user-defined>
  <meta:user-defined meta:name="Info 2"/>
  <meta:user-defined meta:name="Info 3"/>
</office:meta>
 <office:script/>
 <office:font-decls>
  <style:font-decl style:name="StarSymbol" fo:font-family="StarSymbol" style:font-charset="x-symbol"/>
  <style:font-decl style:name="Courier New" fo:font-family="&apos;Courier New&apos;" style:font-style-name="Standard" style:font-family-generic="modern" style:font-pitch="fixed"/>
  <style:font-decl style:name="Courier" fo:font-family="Courier" style:font-family-generic="roman" style:font-pitch="fixed"/>
  <style:font-decl style:name="Arial Unicode MS" fo:font-family="&apos;Arial Unicode MS&apos;" style:font-pitch="variable"/>
  <style:font-decl style:name="HG Mincho Light J" fo:font-family="&apos;HG Mincho Light J&apos;" style:font-pitch="variable"/>
  <style:font-decl style:name="Times New Roman3" fo:font-family="&apos;Times New Roman&apos;" style:font-pitch="variable"/>
  <style:font-decl style:name="Thorndale" fo:font-family="Thorndale" style:font-family-generic="roman" style:font-pitch="variable"/>
  <style:font-decl style:name="Times New Roman2" fo:font-family="&apos;Times New Roman&apos;" style:font-style-name="Fett" style:font-family-generic="roman" style:font-pitch="variable"/>
  <style:font-decl style:name="Times New Roman" fo:font-family="&apos;Times New Roman&apos;" style:font-style-name="Standard" style:font-family-generic="roman" style:font-pitch="variable"/>
  <style:font-decl style:name="Times New Roman1" fo:font-family="&apos;Times New Roman&apos;" style:font-family-generic="swiss" style:font-pitch="variable"/>
 </office:font-decls>
 <office:automatic-styles>
  <style:style style:name="Tabelle1" style:family="table">
   <style:properties style:width="18cm" table:align="margins"/>
  </style:style>
  <style:style style:name="Tabelle1.A" style:family="table-column">
   <style:properties style:column-width="1.499cm" style:rel-column-width="850*"/>
  </style:style>
  <style:style style:name="Tabelle1.B" style:family="table-column">
   <style:properties style:column-width="16.498cm" style:rel-column-width="9352*"/>
  </style:style>
  <style:style style:name="Tabelle1.1" style:family="table-row">
   <style:properties style:min-row-height="0.848cm"/>
  </style:style>
  <style:style style:name="Tabelle1.A1" style:family="table-cell">
   <style:properties fo:padding="0cm" fo:border="none"/>
  </style:style>
  <style:style style:name="Tabelle2" style:family="table">
   <style:properties style:width="18cm" table:align="margins"/>
  </style:style>
  <style:style style:name="Tabelle2.A" style:family="table-column">
   <style:properties style:column-width="1.499cm" style:rel-column-width="850*"/>
  </style:style>
  <style:style style:name="Tabelle2.B" style:family="table-column">
   <style:properties style:column-width="16.498cm" style:rel-column-width="9352*"/>
  </style:style>
  <style:style style:name="Tabelle2.1" style:family="table-row">
   <style:properties style:min-row-height="0.848cm"/>
  </style:style>
  <style:style style:name="Tabelle2.A1" style:family="table-cell">
   <style:properties fo:padding="0cm" fo:border="none"/>
  </style:style>
  <style:style style:name="P1" style:family="paragraph" style:parent-style-name="Paragraph" style:master-page-name="HTML">
   <style:properties style:page-number="0"/>
  </style:style>
  <style:style style:name="T1" style:family="text">
   <style:properties fo:font-weight="bold"/>
  </style:style>
  <style:style style:name="fr1" style:family="graphics" style:parent-style-name="Graphics">
   <style:properties style:run-through="foreground" style:wrap="run-through" style:vertical-pos="middle" style:vertical-rel="paragraph" style:horizontal-pos="left" style:horizontal-rel="paragraph" style:mirror="none" fo:clip="rect(0cm 0cm 0cm 0cm)" draw:luminance="0%" draw:contrast="0%" draw:red="0%" draw:green="0%" draw:blue="0%" draw:gamma="1" draw:color-inversion="false" draw:transparency="-100%" draw:color-mode="standard"/>
  </style:style>
 </office:automatic-styles>
 <office:body>
  <text:variable-decls>
   <text:variable-decl text:value-type="string" text:name="HTML_ON"/>
   <text:variable-decl text:value-type="string" text:name="HTML_OFF"/>
   <text:variable-decl text:value-type="string" text:name="TITEL"/>
   <text:variable-decl text:value-type="string" text:name="END"/>
   <text:variable-decl text:value-type="string" text:name="OS2"/>
   <text:variable-decl text:value-type="string" text:name="ELSE"/>
   <text:variable-decl text:value-type="string" text:name="HREF"/>
   <text:variable-decl text:value-type="string" text:name="NAME"/>
   <text:variable-decl text:value-type="string" text:name="HFELD"/>
   <text:variable-decl text:value-type="string" text:name="HelpID"/>
   <text:variable-decl text:value-type="string" text:name="MODIFY"/>
   <text:variable-decl text:value-type="string" text:name="REFNR"/>
   <text:variable-decl text:value-type="string" text:name="KEY"/>
   <text:variable-decl text:value-type="string" text:name="MAC"/>
   <text:variable-decl text:value-type="string" text:name="AKTHLP"/>
   <text:variable-decl text:value-type="string" text:name="INDEX"/>
   <text:variable-decl text:value-type="string" text:name="STYLE"/>
  </text:variable-decls>
  <text:sequence-decls>
   <text:sequence-decl text:display-outline-level="0" text:name="Illustration"/>
   <text:sequence-decl text:display-outline-level="0" text:name="Table"/>
   <text:sequence-decl text:display-outline-level="0" text:name="Text"/>
   <text:sequence-decl text:display-outline-level="0" text:name="Drawing"/>
  </text:sequence-decls>
  <help:to-be-embedded Eid="fusszeile">
  <text:p text:style-name="Head 1"><help:help-id value="HID_FORMAT_FOOTER"/><help:switch select="Program"><help:case select="IMPRESS"></help:case><help:case select="DRAW"></help:case><help:case select="MATH"></help:case><help:default><help:key-word value="Sidfot; infoga" tag="kw65752_1"/><help:key-word value="Infoga; sidfot" tag="kw65752_4"/><help:key-word value="Sida; sidfot" tag="kw65752_3"/><help:key-word value="Sidfot; sida" tag="kw65752_2"/></help:default></help:switch><help:link Id="65752">Sidfot</help:link></text:p>
  <text:p text:style-name="Paragraph"><help:help-text value="visible">Lägger till en sidfot i den aktuella sidformatmallen. En sidfot är ett område i sidans nedre marginal där du kan lägga till text eller grafiska objekt.</help:help-text></text:p>
  </help:to-be-embedded>
  <text:p text:style-name="Paragraph">Om du vill kan du också lägga till inramning eller bakgrundsfyllning i en sidfot.</text:p>
  <help:switch select="Program"><help:case select="IMPRESS"><help:embedded Id="68610" Eid="footer"></help:embedded></help:case></help:switch>
  <help:popup Id="65599" Eid="fusszeile"><help:embedded Id="65598" Eid="wie"></help:embedded></help:popup>
  <text:p text:style-name="Paragraph"><help:switch select="Program"><help:case select="WRITER">Du infogar en sidfot i det aktuella dokumentet genom att välja <text:span text:style-name="T1">Sidfot på</text:span> och klicka på <text:span text:style-name="T1">OK</text:span>.</help:case></help:switch></text:p>
  <text:p text:style-name="Paragraph">Ramar som är förankrade till ett sidfotsstycke kan sträcka sig in över sidmarginalerna till vänster och höger om sidfoten.</text:p>
  <table:table table:name="Tabelle1" table:style-name="Tabelle1">
   <table:table-column table:style-name="Tabelle1.A"/>
   <table:table-column table:style-name="Tabelle1.B"/>
   <table:table-header-rows>
    <table:table-row table:style-name="Tabelle1.1">
     <table:table-cell table:style-name="Tabelle1.A1" table:value-type="string">
      <text:p text:style-name="Paragraph"><draw:image draw:name="Symbol0" svg:desc="Den här symbolen markerar tips om hur du använder programmet mera effektivt." svg:pixelx="32" svg:pixely="32" svg:width="0.847cm" svg:height="0.847cm" xlink:href="66732" draw:filter-name=""/></text:p>

     </table:table-cell>
     <table:table-cell table:style-name="Tabelle1.A1" table:value-type="string">
      <text:p text:style-name="Paragraph">Du kan växla mellan dokumenttexten och sidfoten genom att trycka på Ctrl+Page Up.</text:p>
     </table:table-cell>
    </table:table-row>
   </table:table-header-rows>
  </table:table>
  <table:table table:name="Tabelle2" table:style-name="Tabelle2">
   <table:table-column table:style-name="Tabelle2.A"/>
   <table:table-column table:style-name="Tabelle2.B"/>
   <table:table-header-rows>
    <table:table-row table:style-name="Tabelle2.1">
     <table:table-cell table:style-name="Tabelle2.A1" table:value-type="string">
      <text:p text:style-name="Paragraph"/>
     </table:table-cell>
     <table:table-cell table:style-name="Tabelle2.A1" table:value-type="string">
      <text:p text:style-name="Paragraph">Du kan växla mellan sidfoten och sidhuvudet genom att trycka på Ctrl+Page Up eller Ctrl+Page Down.</text:p>
     </table:table-cell>
    </table:table-row>
   </table:table-header-rows>
  </table:table>
  <text:p text:style-name="Head 2">Sidfot</text:p>
  <text:p text:style-name="Paragraph">Ange sidfotens egenskaper.</text:p>
  <text:p text:style-name="Head 3"><help:help-id value="SVX_CHECKBOX_RID_SVXPAGE_FOOTER_CB_TURNON"/>Sidfot på</text:p>
  <text:p text:style-name="Paragraph"><help:help-text value="visible">Lägger till en sidfot i den aktuella sidformatmallen.</help:help-text></text:p>
  <text:p text:style-name="Head 3"><help:help-id value="SVX_CHECKBOX_RID_SVXPAGE_FOOTER_CB_SHARED"/>Samma innehåll höger/vänster</text:p>
  <text:p text:style-name="Paragraph"><help:help-text value="visible">Lägger till en sidfot på både jämna och udda sidor. Det här alternativet är bara tillgängligt om den aktuella sidan använder sidformatmallen <text:span text:style-name="T1">Standard</text:span>.<help:switch select="Program"><help:case select="CALC"> Om du vill tilldela olika sidfötter på jämna och udda sidor avmarkerar du det här alternativet och klickar på <text:span text:style-name="T1">Redigera</text:span>.</help:case></help:switch></help:help-text></text:p>
  <text:p text:style-name="Head 3"><help:help-id value="SVX_METRICFIELD_RID_SVXPAGE_FOOTER_ED_LMARGIN"/>Vänster marginal</text:p>
  <text:p text:style-name="Paragraph"><help:help-text value="visible">Ange hur mycket utrymme som ska finnas mellan sidans vänstra kant och sidfotens vänstra kant.</help:help-text></text:p>
  <text:p text:style-name="Head 3"><help:help-id value="SVX_METRICFIELD_RID_SVXPAGE_FOOTER_ED_RMARGIN"/>Höger marginal</text:p>
  <text:p text:style-name="Paragraph"><help:help-text value="visible">Ange hur mycket utrymme som ska finnas mellan sidans högra kant och sidfotens högra kant.</help:help-text></text:p>
  <text:p text:style-name="Head 3"><help:help-id value="SVX_METRICFIELD_RID_SVXPAGE_FOOTER_ED_DIST"/>Avstånd</text:p>
  <text:p text:style-name="Paragraph"><help:help-text value="visible">Ange hur mycket utrymme som ska finnas mellan dokumenttextens nedre kant och sidfotens övre kant.</help:help-text></text:p>
  <text:p text:style-name="Head 4"><help:help-id value="SVX_CHECKBOX_RID_SVXPAGE_FOOTER_CB_DYNSPACING"/>Använd dynamiskt avstånd</text:p>
  <text:p text:style-name="Paragraph"><help:help-text value="visible">Åsidosätter inställningen för <text:span text:style-name="T1">Avstånd</text:span> så att sidfoten kan expandera till området mellan sidfoten och dokumenttexten.</help:help-text></text:p>
  <text:p text:style-name="Head 3"><help:help-id value="SVX_METRICFIELD_RID_SVXPAGE_FOOTER_ED_HEIGHT"/>Höjd</text:p>
  <text:p text:style-name="Paragraph"><help:help-text value="visible">Ange önskad höjd för sidfoten.</help:help-text></text:p>
  <text:p text:style-name="Head 3"><help:help-id value="SVX_CHECKBOX_RID_SVXPAGE_FOOTER_CB_HEIGHT_DYN"/>Anpassa höjden automatiskt</text:p>
  <text:p text:style-name="Paragraph"><help:help-text value="visible">Justerar automatiskt sidfotens höjd efter det innehåll du placerar där.</help:help-text></text:p>
  <help:embedded Id="65630" Eid="vorschau"></help:embedded>
  <text:p text:style-name="Head 2"><help:help-id value="SVX_PUSHBUTTON_RID_SVXPAGE_FOOTER_BTN_EXTRAS"/>Mer</text:p>
  <text:p text:style-name="Paragraph"><help:help-text value="visible">Under <text:span text:style-name="T1">Tillägg</text:span> definierar Du en inramning eller annan bakgrund för sidfoten.</help:help-text></text:p>
  <text:p text:style-name="Head 2"><help:help-id value="HID_SC_FOOTER_EDIT"/><help:switch select="Program"><help:case select="CALC">Redigera</help:case></help:switch></text:p>
  <text:p text:style-name="Paragraph"><help:help-text value="visible"><help:switch select="Program"><help:case select="CALC"><help:link Id="66829">Lägga till eller redigera text i en sidfot.</help:link></help:case></help:switch></help:help-text></text:p>
  <text:p text:style-name="ParaList"><help:embedded Id="65598" Eid="related"></help:embedded></text:p>
  <text:p text:style-name="ParaList"><help:link Id="67668"></help:link></text:p>
  <text:p text:style-name="ParaList"><help:popup Id="65602" Eid="metrik"></help:popup></text:p>
  <text:p text:style-name="ParaList"><help:link Id="65824"></help:link></text:p>
  <text:p text:style-name="ParaList"><help:link Id="65634"></help:link></text:p>
 </office:body>
</office:document>
