

<office:document  xmlns:office="http://openoffice.org/2000/office" xmlns:style="http://openoffice.org/2000/style" xmlns:text="http://openoffice.org/2000/text" xmlns:table="http://openoffice.org/2000/table" xmlns:draw="http://openoffice.org/2000/drawing" xmlns:fo="http://www.w3.org/1999/XSL/Format" xmlns:xlink="http://www.w3.org/1999/xlink" xmlns:number="http://openoffice.org/2000/datastyle" xmlns:svg="http://www.w3.org/2000/svg" xmlns:chart="http://openoffice.org/2000/chart" xmlns:dr3d="http://openoffice.org/2000/dr3d" xmlns:math="http://www.w3.org/1998/Math/MathML" xmlns:form="http://openoffice.org/2000/form" xmlns:script="http://openoffice.org/2000/script" office:class="text" office:version="1.0" xmlns:dc="http://purl.org/dc/elements/1.1/" xmlns:meta="http://openoffice.org/2000/meta" xmlns:help="http://openoffice.org/2000/help">
<office:meta>
  <dc:description>text/common/01/05200100</dc:description>
  <dc:subject>Linje</dc:subject>
  <meta:keywords>
   <meta:keyword>$Version</meta:keyword>
  </meta:keywords>
  <dc:language>sv-SE</dc:language>
  <meta:user-defined meta:name="Info 0">READY</meta:user-defined>
  <meta:user-defined meta:name="Info 1">FREE_OK</meta:user-defined>
  <meta:user-defined meta:name="Info 2"/>
  <meta:user-defined meta:name="Info 3"/>
</office:meta>
 <office:script/>
 <office:font-decls>
  <style:font-decl style:name="StarSymbol" fo:font-family="StarSymbol" style:font-charset="x-symbol"/>
  <style:font-decl style:name="Courier New" fo:font-family="&apos;Courier New&apos;" style:font-style-name="Standard" style:font-family-generic="modern" style:font-pitch="fixed"/>
  <style:font-decl style:name="Courier" fo:font-family="Courier" style:font-family-generic="roman" style:font-pitch="fixed"/>
  <style:font-decl style:name="Arial Unicode MS" fo:font-family="&apos;Arial Unicode MS&apos;" style:font-pitch="variable"/>
  <style:font-decl style:name="HG Mincho Light J" fo:font-family="&apos;HG Mincho Light J&apos;" style:font-pitch="variable"/>
  <style:font-decl style:name="Times New Roman3" fo:font-family="&apos;Times New Roman&apos;" style:font-pitch="variable"/>
  <style:font-decl style:name="Thorndale" fo:font-family="Thorndale" style:font-family-generic="roman" style:font-pitch="variable"/>
  <style:font-decl style:name="Times New Roman2" fo:font-family="&apos;Times New Roman&apos;" style:font-style-name="Fett" style:font-family-generic="roman" style:font-pitch="variable"/>
  <style:font-decl style:name="Times New Roman" fo:font-family="&apos;Times New Roman&apos;" style:font-style-name="Standard" style:font-family-generic="roman" style:font-pitch="variable"/>
  <style:font-decl style:name="Times New Roman1" fo:font-family="&apos;Times New Roman&apos;" style:font-family-generic="swiss" style:font-pitch="variable"/>
 </office:font-decls>
 <office:automatic-styles>
  <style:style style:name="P1" style:family="paragraph" style:parent-style-name="Paragraph" style:master-page-name="HTML">
   <style:properties style:page-number="0"/>
  </style:style>
  <style:style style:name="T1" style:family="text">
   <style:properties fo:font-weight="bold"/>
  </style:style>
 </office:automatic-styles>
 <office:body>
  <text:variable-decls>
   <text:variable-decl text:value-type="string" text:name="HTML_ON"/>
   <text:variable-decl text:value-type="string" text:name="HTML_OFF"/>
   <text:variable-decl text:value-type="string" text:name="TITEL"/>
   <text:variable-decl text:value-type="string" text:name="END"/>
   <text:variable-decl text:value-type="string" text:name="HREF"/>
   <text:variable-decl text:value-type="string" text:name="OS2"/>
   <text:variable-decl text:value-type="string" text:name="ELSE"/>
   <text:variable-decl text:value-type="string" text:name="NAME"/>
   <text:variable-decl text:value-type="string" text:name="HelpID"/>
   <text:variable-decl text:value-type="string" text:name="HFELD"/>
   <text:variable-decl text:value-type="string" text:name="MODIFY"/>
   <text:variable-decl text:value-type="string" text:name="REFNR"/>
   <text:variable-decl text:value-type="string" text:name="KEY"/>
   <text:variable-decl text:value-type="string" text:name="AKTHLP"/>
   <text:variable-decl text:value-type="string" text:name="INDEX"/>
   <text:variable-decl text:value-type="string" text:name="STYLE"/>
  </text:variable-decls>
  <text:sequence-decls>
   <text:sequence-decl text:display-outline-level="0" text:name="Illustration"/>
   <text:sequence-decl text:display-outline-level="0" text:name="Table"/>
   <text:sequence-decl text:display-outline-level="0" text:name="Text"/>
   <text:sequence-decl text:display-outline-level="0" text:name="Drawing"/>
  </text:sequence-decls>
  <help:to-be-embedded Eid="linie">
  <text:p text:style-name="Head 1"><help:help-id value="HID_LINE_LINE"/><help:link Id="65881">Linje</help:link></text:p>
  <text:p text:style-name="Paragraph"><help:help-text value="visible">Ange formateringsalternativ för en markerad linje eller en linje som du tänker rita. Du kan också lägga till linjeslut i en linje.</help:help-text></text:p>
  </help:to-be-embedded>
  <help:popup Id="65593" Eid="linie2"><help:embedded Id="65598" Eid="wie"></help:embedded></help:popup>
  <text:p text:style-name="Head 2">Linjeegenskaper</text:p>
  <text:p text:style-name="Head 3"><help:help-id value="SID_ATTR_LINE_STYLE"/><help:help-id value="SVX_LISTBOX_RID_SVXPAGE_LINE_LB_LINE_STYLE"/><a name="stil"/><help:key-word value="Linje; stil" tag="kw65881_1"/>Stil</text:p>
  <text:p text:style-name="Paragraph"><help:to-be-embedded Eid="stiltext"><help:help-text value="visible">Välj den linjestil du vill använda. Du kan definiera en egen linjestil genom att markera en linje i dokumentet, välja <text:span text:style-name="T1">Format - Linje</text:span> och klicka på fliken <help:link Id="65850"><text:span text:style-name="T1">Linjestilar</text:span></help:link>.</help:help-text></help:to-be-embedded></text:p>
  <help:embedded Id="65598" Eid="sylistil"></help:embedded>
  <text:p text:style-name="Head 3"><help:help-id value="SID_ATTR_LINE_COLOR"/><help:help-id value="SVX_LISTBOX_RID_SVXPAGE_LINE_LB_COLOR"/><a name="farbe"/><help:key-word value="Linje; färg" tag="kw65881_4"/>Färg</text:p>
  <text:p text:style-name="Paragraph"><help:to-be-embedded Eid="farbetext"><help:help-text value="visible">Välj en färg för linjen.</help:help-text></help:to-be-embedded></text:p>
  <help:embedded Id="65598" Eid="sylifarbe"></help:embedded>
  <text:p text:style-name="Head 3"><help:help-id value="SID_ATTR_LINE_WIDTH"/><help:help-id value="SVX_METRICFIELD_RID_SVXPAGE_LINE_MTR_FLD_LINE_WIDTH"/><a name="breite"/><help:key-word value="Linje; bredd" tag="kw65881_3"/>Bredd</text:p>
  <text:p text:style-name="Paragraph"><help:to-be-embedded Eid="breitetext"><help:help-text value="visible">Välj en bredd för linjen.</help:help-text></help:to-be-embedded></text:p>
  <help:embedded Id="65598" Eid="sylibreite"></help:embedded>
  <text:p text:style-name="Head 3"><help:help-id value="SVX_METRICFIELD_RID_SVXPAGE_LINE_MTR_LINE_TRANSPARENT"/><help:key-word value="Linje; transparens" tag="kw65881_2"/>Transparens</text:p>
  <text:p text:style-name="Paragraph"><help:help-text value="visible">Ange linjens transparens, där 100 % motsvarar helt transparent och 0 % motsvarar helt ogenomskinlig. </help:help-text></text:p>
  <text:p text:style-name="Paragraph"><help:switch select="Program"><help:case select="WRITER"></help:case><help:case select="DRAW"></help:case><help:case select="IMPRESS"></help:case><help:default>Fliken <text:span text:style-name="T1">Linje</text:span> i dialogrutan <text:span text:style-name="T1">Dataserie</text:span> är bara tillgänglig om du väljer <text:span text:style-name="T1">diagramtypen</text:span> XY.</help:default></help:switch></text:p>
  <text:p text:style-name="Head 2">Symbol</text:p>
  <text:p text:style-name="Paragraph">Ange alternativ för datapunktssymboler i diagrammet.</text:p>
  <text:p text:style-name="Head 3"><help:help-id value="SVX_MENUBUTTON_RID_SVXPAGE_LINE_MB_SYMBOL_BITMAP"/>Urval</text:p>
  <text:p text:style-name="Paragraph"><help:help-text value="visible">Välj den symboltyp du vill använda i diagrammet.</help:help-text> Om du väljer <text:span text:style-name="T1">Automatiskt</text:span> använder <help:productname>%PRODUCTNAME</help:productname> standardsymbolerna för den markerade diagramtypen.</text:p>
  <text:p text:style-name="Head 3"><help:help-id value="SVX_METRICFIELD_RID_SVXPAGE_LINE_MF_SYMBOL_WIDTH"/>Bredd</text:p>
  <text:p text:style-name="Paragraph"><help:help-text value="visible">Ange en bredd för symbolen.</help:help-text></text:p>
  <text:p text:style-name="Head 3"><help:help-id value="SVX_METRICFIELD_RID_SVXPAGE_LINE_MF_SYMBOL_HEIGHT"/>Höjd</text:p>
  <text:p text:style-name="Paragraph"><help:help-text value="visible">Ange en höjd för symbolen.</help:help-text></text:p>
  <text:p text:style-name="Head 3"><help:help-id value="SVX_CHECKBOX_RID_SVXPAGE_LINE_CB_SYMBOL_RATIO"/>Anpassa proportionellt</text:p>
  <text:p text:style-name="Paragraph"><help:help-text value="visible">Behåller symbolens proportioner när du anger ett nytt värde för höjd eller bredd.</help:help-text></text:p>
  <text:p text:style-name="Head 2">Linjeslut</text:p>
  <text:p text:style-name="Paragraph">Du kan lägga till linjeslut i ena änden eller i båda ändarna av den markerade linjen. Om du vill lägga till ett eget linjeslut i listan markerar du pilen i dokumentet och klickar på fliken <help:link Id="65861"><text:span text:style-name="T1">Linjeslut</text:span></help:link> i den här dialogrutan.</text:p>
  <text:p text:style-name="Head 3"><help:help-id value="SVX_LISTBOX_RID_SVXPAGE_LINE_LB_START_STYLE"/><help:help-id value="SVX_LISTBOX_RID_SVXPAGE_LINE_LB_END_STYLE"/>Stil</text:p>
  <text:p text:style-name="Paragraph"><help:help-text value="visible">Markera det linjeslut som du vill tilldela den markerade linjen.</help:help-text></text:p>
  <text:p text:style-name="Head 3"><help:help-id value="SVX_METRICFIELD_RID_SVXPAGE_LINE_MTR_FLD_START_WIDTH"/><help:help-id value="SVX_METRICFIELD_RID_SVXPAGE_LINE_MTR_FLD_END_WIDTH"/>Bredd</text:p>
  <text:p text:style-name="Paragraph"><help:help-text value="visible">Ange en bredd för linjeslutet.</help:help-text></text:p>
  <text:p text:style-name="Head 3"><help:help-id value="SVX_TRISTATEBOX_RID_SVXPAGE_LINE_TSB_CENTER_START"/><help:help-id value="SVX_TRISTATEBOX_RID_SVXPAGE_LINE_TSB_CENTER_END"/>Centrerat</text:p>
  <text:p text:style-name="Paragraph"><help:help-text value="visible">Placerar linjeslutets mittpunkt på den markerade linjens slutpunkt, eller linjeslutens mittpunkter på den markerade linjens slutpunkter.</help:help-text></text:p>
  <text:p text:style-name="Head 3"><help:help-id value="SVX_CHECKBOX_RID_SVXPAGE_LINE_CBX_SYNCHRONIZE"/>Synkronisera slut</text:p>
  <text:p text:style-name="Paragraph"><help:help-text value="visible">Uppdaterar automatiskt båda linjesluten när du anger en annan bredd, väljer en annan linjeslutsstil eller centrerar det ena linjeslutet.</help:help-text></text:p>
  <help:embedded Id="65630" Eid="vorschau"></help:embedded>
 </office:body>
</office:document>
