

<office:document  xmlns:office="http://openoffice.org/2000/office" xmlns:style="http://openoffice.org/2000/style" xmlns:text="http://openoffice.org/2000/text" xmlns:table="http://openoffice.org/2000/table" xmlns:draw="http://openoffice.org/2000/drawing" xmlns:fo="http://www.w3.org/1999/XSL/Format" xmlns:xlink="http://www.w3.org/1999/xlink" xmlns:number="http://openoffice.org/2000/datastyle" xmlns:svg="http://www.w3.org/2000/svg" xmlns:chart="http://openoffice.org/2000/chart" xmlns:dr3d="http://openoffice.org/2000/dr3d" xmlns:math="http://www.w3.org/1998/Math/MathML" xmlns:form="http://openoffice.org/2000/form" xmlns:script="http://openoffice.org/2000/script" office:class="text" office:version="1.0" xmlns:dc="http://purl.org/dc/elements/1.1/" xmlns:meta="http://openoffice.org/2000/meta" xmlns:help="http://openoffice.org/2000/help">
<office:meta>
  <dc:description>text/common/01/05220000</dc:description>
  <dc:subject>Text</dc:subject>

  <dc:language>sv-SE</dc:language>
  <meta:user-defined meta:name="Info 0">READY</meta:user-defined>
  <meta:user-defined meta:name="Info 1">FREE_OK</meta:user-defined>
  <meta:user-defined meta:name="Info 2"/>
  <meta:user-defined meta:name="Info 3"/>
</office:meta>
 <office:script/>
 <office:font-decls>
  <style:font-decl style:name="StarSymbol" fo:font-family="StarSymbol" style:font-charset="x-symbol"/>
  <style:font-decl style:name="Courier New" fo:font-family="&apos;Courier New&apos;" style:font-style-name="Standard" style:font-family-generic="modern" style:font-pitch="fixed"/>
  <style:font-decl style:name="Courier" fo:font-family="Courier" style:font-family-generic="roman" style:font-pitch="fixed"/>
  <style:font-decl style:name="Arial Unicode MS" fo:font-family="&apos;Arial Unicode MS&apos;" style:font-pitch="variable"/>
  <style:font-decl style:name="HG Mincho Light J" fo:font-family="&apos;HG Mincho Light J&apos;" style:font-pitch="variable"/>
  <style:font-decl style:name="Times New Roman3" fo:font-family="&apos;Times New Roman&apos;" style:font-pitch="variable"/>
  <style:font-decl style:name="Thorndale" fo:font-family="Thorndale" style:font-family-generic="roman" style:font-pitch="variable"/>
  <style:font-decl style:name="Times New Roman2" fo:font-family="&apos;Times New Roman&apos;" style:font-style-name="Fett" style:font-family-generic="roman" style:font-pitch="variable"/>
  <style:font-decl style:name="Times New Roman" fo:font-family="&apos;Times New Roman&apos;" style:font-style-name="Standard" style:font-family-generic="roman" style:font-pitch="variable"/>
  <style:font-decl style:name="Times New Roman1" fo:font-family="&apos;Times New Roman&apos;" style:font-family-generic="swiss" style:font-pitch="variable"/>
 </office:font-decls>
 <office:automatic-styles>
  <style:style style:name="P1" style:family="paragraph" style:parent-style-name="Paragraph" style:master-page-name="HTML">
   <style:properties style:page-number="0"/>
  </style:style>
 </office:automatic-styles>
 <office:body>
  <text:variable-decls>
   <text:variable-decl text:value-type="string" text:name="HTML_ON"/>
   <text:variable-decl text:value-type="string" text:name="HTML_OFF"/>
   <text:variable-decl text:value-type="string" text:name="TITEL"/>
   <text:variable-decl text:value-type="string" text:name="END"/>
   <text:variable-decl text:value-type="string" text:name="HREF"/>
   <text:variable-decl text:value-type="string" text:name="NAME"/>
   <text:variable-decl text:value-type="string" text:name="HFELD"/>
   <text:variable-decl text:value-type="string" text:name="HelpID"/>
   <text:variable-decl text:value-type="string" text:name="MODIFY"/>
   <text:variable-decl text:value-type="string" text:name="REFNR"/>
   <text:variable-decl text:value-type="string" text:name="KEY"/>
   <text:variable-decl text:value-type="string" text:name="AKTHLP"/>
   <text:variable-decl text:value-type="string" text:name="INDEX"/>
   <text:variable-decl text:value-type="string" text:name="STYLE"/>
  </text:variable-decls>
  <text:sequence-decls>
   <text:sequence-decl text:display-outline-level="0" text:name="Illustration"/>
   <text:sequence-decl text:display-outline-level="0" text:name="Table"/>
   <text:sequence-decl text:display-outline-level="0" text:name="Text"/>
   <text:sequence-decl text:display-outline-level="0" text:name="Drawing"/>
  </text:sequence-decls>
  <help:to-be-embedded Eid="text">
  <text:p text:style-name="Head 1"><help:help-id value="SID_TEXTATTR_DLG"/><help:help-id value="FN_DRAWTEXT_ATTR_DLG"/><help:help-id value="HID_PAGE_TEXTATTR"/><help:key-word value="Text; text-ritobjekt" tag="kw65694_1"/><help:key-word value="Ritobjekt; text" tag="kw65694_3"/><help:key-word value="Ram; text-ritobjekt" tag="kw65694_2"/><help:link Id="65694">Text</help:link></text:p>
  <text:p text:style-name="Paragraph"><help:help-text value="visible">Bestämmer layout och förankringsegenskaper för text i det markerade ritobjektet eller textobjektet.</help:help-text></text:p>
  </help:to-be-embedded>
  <help:executeurl Id="Slot:20376"></help:executeurl><help:popup Id="65593" Eid="text"><help:embedded Id="65598" Eid="wie"></help:embedded></help:popup>
  <text:p text:style-name="Paragraph">Texten placeras relativt kanterna på ritobjektet eller textobjektet.</text:p>
  <text:p text:style-name="Head 2">Text</text:p>
  <text:p text:style-name="Paragraph">Ange alternativ för att ändra storlek på texten så att den passar i ritobjektets eller textobjektets område.</text:p>
  <text:p text:style-name="Head 3"><help:help-id value="SVX_TRISTATEBOX_RID_SVXPAGE_TEXTATTR_TSB_AUTOGROW_WIDTH"/>Anpassa bredd till text</text:p>
  <text:p text:style-name="Paragraph"><help:help-text value="visible">Ändrar textens storlek så att den passar ritobjektets eller textobjektets bredd.</help:help-text></text:p>
  <text:p text:style-name="Head 3"><help:help-id value="SVX_TRISTATEBOX_RID_SVXPAGE_TEXTATTR_TSB_AUTOGROW_HEIGHT"/>Anpassa höjd till text</text:p>
  <text:p text:style-name="Paragraph"><help:help-text value="visible">Ändrar textens storlek så att den passar ritobjektets eller textobjektets höjd.</help:help-text></text:p>
  <text:p text:style-name="Head 3"><help:help-id value="SVX_TRISTATEBOX_RID_SVXPAGE_TEXTATTR_TSB_FIT_TO_SIZE"/>Anpassa till ram</text:p>
  <text:p text:style-name="Paragraph"><help:help-text value="visible">Ändrar textens storlek så att den passar ritobjektets eller textobjektets hela område.</help:help-text></text:p>
  <text:p text:style-name="Head 3"><help:help-id value="SVX_TRISTATEBOX_RID_SVXPAGE_TEXTATTR_TSB_CONTOUR"/>Konturflöde</text:p>
  <text:p text:style-name="Paragraph"><help:help-text value="visible">Anpassar textflödet så att det motsvarar det markerade ritobjektets konturer.</help:help-text></text:p>
  <text:p text:style-name="Head 2">Avstånd till ram</text:p>
  <text:p text:style-name="Paragraph">Ange hur mycket plats som ska finnas mellan rit- eller textobjektets kanter och textens ram.</text:p>
  <text:p text:style-name="Head 3"><help:help-id value="SVX_METRICFIELD_RID_SVXPAGE_TEXTATTR_MTR_FLD_LEFT"/>Vänster</text:p>
  <text:p text:style-name="Paragraph"><help:help-text value="visible">Ange hur mycket plats som ska finnas mellan rit- eller textobjektets vänstra kant och textens vänstra ram.</help:help-text></text:p>
  <text:p text:style-name="Head 3"><help:help-id value="SVX_METRICFIELD_RID_SVXPAGE_TEXTATTR_MTR_FLD_RIGHT"/>Höger</text:p>
  <text:p text:style-name="Paragraph"><help:help-text value="visible">Ange hur mycket plats som ska finnas mellan rit- eller textobjektets högra kant och textens högra ram.</help:help-text></text:p>
  <text:p text:style-name="Head 3"><help:help-id value="SVX_METRICFIELD_RID_SVXPAGE_TEXTATTR_MTR_FLD_TOP"/>Överkant</text:p>
  <text:p text:style-name="Paragraph"><help:help-text value="visible">Ange hur mycket plats som ska finnas mellan rit- eller textobjektets övre kant och textens övre ram.</help:help-text></text:p>
  <text:p text:style-name="Head 3"><help:help-id value="SVX_METRICFIELD_RID_SVXPAGE_TEXTATTR_MTR_FLD_BOTTOM"/>Underkant</text:p>
  <text:p text:style-name="Paragraph"><help:help-text value="visible">Ange hur mycket plats som ska finnas mellan rit- eller textobjektets nedre kant och textens nedre ram.</help:help-text></text:p>
  <text:p text:style-name="Head 2">Textförankring</text:p>
  <text:p text:style-name="Paragraph">Bestäm förankringens typ och position.</text:p>
  <text:p text:style-name="Head 3"><help:help-id value="HID_TEXTATTR_CTL_POSITION"/>Grafiskt alternativfält</text:p>
  <text:p text:style-name="Paragraph"><help:help-text value="visible">Klicka där du vill placera textens förankring.</help:help-text></text:p>
  <text:p text:style-name="Head 3"><help:help-id value="SVX_TRISTATEBOX_RID_SVXPAGE_TEXTATTR_TSB_FULL_WIDTH"/>Hel bredd</text:p>
  <text:p text:style-name="Paragraph"><help:help-text value="visible">Förankrar texten till ritobjektets eller textobjektets hela bredd.</help:help-text></text:p>
 </office:body>
</office:document>
