

<office:document  xmlns:office="http://openoffice.org/2000/office" xmlns:style="http://openoffice.org/2000/style" xmlns:text="http://openoffice.org/2000/text" xmlns:table="http://openoffice.org/2000/table" xmlns:draw="http://openoffice.org/2000/drawing" xmlns:fo="http://www.w3.org/1999/XSL/Format" xmlns:xlink="http://www.w3.org/1999/xlink" xmlns:number="http://openoffice.org/2000/datastyle" xmlns:svg="http://www.w3.org/2000/svg" xmlns:chart="http://openoffice.org/2000/chart" xmlns:dr3d="http://openoffice.org/2000/dr3d" xmlns:math="http://www.w3.org/1998/Math/MathML" xmlns:form="http://openoffice.org/2000/form" xmlns:script="http://openoffice.org/2000/script" office:class="text" office:version="1.0" xmlns:dc="http://purl.org/dc/elements/1.1/" xmlns:meta="http://openoffice.org/2000/meta" xmlns:help="http://openoffice.org/2000/help">
<office:meta>
  <dc:description>text/common/01/06050000</dc:description>
  <dc:subject>Numrering/punktlistor</dc:subject>
  <meta:keywords>
   <meta:keyword>$Version</meta:keyword>
  </meta:keywords>
  <dc:language>sv-SE</dc:language>
  <meta:user-defined meta:name="Info 0">READY</meta:user-defined>
  <meta:user-defined meta:name="Info 1">FREE_OK</meta:user-defined>
  <meta:user-defined meta:name="Info 2"/>
  <meta:user-defined meta:name="Info 3"/>
</office:meta>
 <office:script/>
 <office:font-decls>
  <style:font-decl style:name="StarSymbol" fo:font-family="StarSymbol" style:font-charset="x-symbol"/>
  <style:font-decl style:name="Courier New" fo:font-family="&apos;Courier New&apos;" style:font-style-name="Standard" style:font-family-generic="modern" style:font-pitch="fixed"/>
  <style:font-decl style:name="Courier" fo:font-family="Courier" style:font-family-generic="roman" style:font-pitch="fixed"/>
  <style:font-decl style:name="Arial Unicode MS" fo:font-family="&apos;Arial Unicode MS&apos;" style:font-pitch="variable"/>
  <style:font-decl style:name="HG Mincho Light J" fo:font-family="&apos;HG Mincho Light J&apos;" style:font-pitch="variable"/>
  <style:font-decl style:name="Times New Roman4" fo:font-family="&apos;Times New Roman&apos;" style:font-pitch="variable"/>
  <style:font-decl style:name="Thorndale" fo:font-family="Thorndale" style:font-family-generic="roman" style:font-pitch="variable"/>
  <style:font-decl style:name="Times New Roman3" fo:font-family="&apos;Times New Roman&apos;" style:font-family-generic="roman" style:font-pitch="variable"/>
  <style:font-decl style:name="Times New Roman2" fo:font-family="&apos;Times New Roman&apos;" style:font-style-name="Fett" style:font-family-generic="roman" style:font-pitch="variable"/>
  <style:font-decl style:name="Times New Roman" fo:font-family="&apos;Times New Roman&apos;" style:font-style-name="Standard" style:font-family-generic="roman" style:font-pitch="variable"/>
  <style:font-decl style:name="Times New Roman1" fo:font-family="&apos;Times New Roman&apos;" style:font-family-generic="swiss" style:font-pitch="variable"/>
 </office:font-decls>
 <office:automatic-styles>
  <style:style style:name="P1" style:family="paragraph" style:parent-style-name="Paragraph" style:master-page-name="HTML">
   <style:properties style:page-number="0"/>
  </style:style>
  <style:style style:name="T1" style:family="text">
   <style:properties fo:font-weight="bold"/>
  </style:style>
 </office:automatic-styles>
 <office:body>
  <text:variable-decls>
   <text:variable-decl text:value-type="string" text:name="HTML_ON"/>
   <text:variable-decl text:value-type="string" text:name="HTML_OFF"/>
   <text:variable-decl text:value-type="string" text:name="TITEL"/>
   <text:variable-decl text:value-type="string" text:name="END"/>
   <text:variable-decl text:value-type="string" text:name="MAC"/>
   <text:variable-decl text:value-type="string" text:name="ELSE"/>
   <text:variable-decl text:value-type="string" text:name="OS2"/>
   <text:variable-decl text:value-type="string" text:name="HREF"/>
   <text:variable-decl text:value-type="string" text:name="NAME"/>
   <text:variable-decl text:value-type="string" text:name="HelpID"/>
   <text:variable-decl text:value-type="string" text:name="MODIFY"/>
   <text:variable-decl text:value-type="string" text:name="REFNR"/>
   <text:variable-decl text:value-type="string" text:name="HFELD"/>
   <text:variable-decl text:value-type="string" text:name="KEY"/>
   <text:variable-decl text:value-type="string" text:name="AKTHLP"/>
   <text:variable-decl text:value-type="string" text:name="WIN"/>
   <text:variable-decl text:value-type="string" text:name="INDEX"/>
   <text:variable-decl text:value-type="string" text:name="STYLE"/>
  </text:variable-decls>
  <text:sequence-decls>
   <text:sequence-decl text:display-outline-level="0" text:name="Illustration"/>
   <text:sequence-decl text:display-outline-level="0" text:name="Table"/>
   <text:sequence-decl text:display-outline-level="0" text:name="Text"/>
   <text:sequence-decl text:display-outline-level="0" text:name="Drawing"/>
  </text:sequence-decls>
  <help:to-be-embedded Eid="numerierungaufzaehlung">
  <text:p text:style-name="Head 1"><help:help-id value="SID_OUTLINE_BULLET"/><help:help-id value="FN_NUMBER_BULLETS"/><help:key-word value="Numrering; infoga" tag="kw65849_1"/><help:key-word value="Infoga; numrering" tag="kw65849_6"/><help:key-word value="Punkter; infoga" tag="kw65849_5"/><help:key-word value="Infoga; punkter" tag="kw65849_4"/><help:key-word value="Stycken; numrering" tag="kw65849_3"/><help:key-word value="Stycken; punktlistor" tag="kw65849_2"/><help:link Id="65849">Numrering/punktlistor</help:link></text:p>
  <text:p text:style-name="Paragraph"><help:to-be-embedded Eid="numauftext"><help:help-text value="visible">Lägger till numrering eller en punktuppställning som du kan redigera formatet för i det aktuella stycket.</help:help-text></help:to-be-embedded></text:p>
  </help:to-be-embedded>
  <help:popup Id="65599" Eid="numauf"><help:embedded Id="65598" Eid="wie"></help:embedded></help:popup>
  <text:p text:style-name="Paragraph"><help:switch select="Program"><help:case select="CALC"></help:case><help:case select="WRITER"></help:case><help:case select="MATH"></help:case><help:default><help:productname>%PRODUCTNAME</help:productname> stöder nio nivåer för numrerade eller punktuppställda listor för dispositionsobjekt (Stylist) och tio nivåer för textobjekt. Numrerade listor uppdateras automatiskt när du lägger till eller tar bort en post.</help:default></help:switch></text:p>
  <text:p text:style-name="Paragraph"><help:switch select="Program"><help:case select="WRITER"><help:productname>%PRODUCTNAME</help:productname> stöder tio nivåer för numrerade eller punktuppställda listor. Numrerade listor uppdateras automatiskt när du lägger till eller tar bort en post.</help:case></help:switch></text:p>
  <text:p text:style-name="Paragraph">När du trycker på Retur i en nummerrad eller punktuppställd lista lägger <help:productname>%PRODUCTNAME</help:productname> automatiskt till nästa stycke i listan. Om du vill ta bort numreringen eller punktuppställningen från det nya stycket trycker du på Retur igen.</text:p>
  <text:p text:style-name="Paragraph">Om du vill ändra hierarkinivå för en punkt i en lista trycker du på Tab-tangenten. Om du vill ändra numrerings-/punktuppställningsformat enbart för det aktuella stycket markerar du ett tecken eller ord i stycket, väljer <text:span text:style-name="T1">Numrering/punktuppställning</text:span> och klickar sedan på ett nytt format. <help:switch select="Program"><help:case select="WRITER">Om du vill ändra numrerings-/punktuppställningsformat för alla stycken i listan kontrollerar du att markören befinner sig i listan, väljer <text:span text:style-name="T1">Numrering/punktuppställning</text:span> och klickar sedan på ett nytt format.</help:case><help:default> Om du vill använda samma numrerings-/punktuppställningsformat för alla stycken i listan markerar du alla styckena, väljer <text:span text:style-name="T1">Numrering/punktuppställning</text:span> och klickar sedan på ett format.</help:default></help:switch></text:p>
  <text:p text:style-name="Paragraph">Om du placerar markören i listan kan du även använda kommandona på <help:switch select="Program"><help:case select="WRITER"><help:link Id="67578">numreringsobjektlisten</help:link></help:case><help:case select="DRAW"><help:link Id="67131">objektlisten</help:link></help:case><help:case select="IMPRESS"><help:link Id="67131">objektlisten</help:link></help:case></help:switch> för att redigera en nummerrad eller punktuppställd lista. <help:to-be-embedded Eid="sytext">Om du vill ändra numrerings- eller punktuppställningsformat klickar du på ikonen <help:switch select="Program"><help:case select="WRITER"><text:span text:style-name="T1">Redigera numrering</text:span></help:case><help:default><text:span text:style-name="T1">Punkttecken</text:span></help:default></help:switch>.</help:to-be-embedded></text:p>
  <help:embedded Id="68254" Eid="numbering_stop"></help:embedded>
  <text:p text:style-name="Paragraph">I dialogrutan <text:span text:style-name="T1">Numrering/punktuppställning</text:span> finns följande flikar:</text:p>
  <help:executeurl Id="Slot:20121#25620"></help:executeurl><help:embedded Id="65730" Eid="bullets"></help:embedded>
  <help:executeurl Id="Slot:20121#25619"></help:executeurl><help:embedded Id="65700" Eid="numerierungsart"></help:embedded>
  <help:executeurl Id="Slot:20121#25621"></help:executeurl><help:embedded Id="65765" Eid="numerierung"></help:embedded>
  <help:executeurl Id="Slot:20121#25622"></help:executeurl><help:embedded Id="65847" Eid="grafiken"></help:embedded>
  <help:executeurl Id="Slot:20121#25632"></help:executeurl><help:embedded Id="65754" Eid="position"></help:embedded>
  <help:executeurl Id="Slot:20121#25631"></help:executeurl><help:embedded Id="65716" Eid="optionen"></help:embedded>
  <text:p text:style-name="Head 2"><help:help-id value="HID_NUM_RESET"/><help:switch select="Program"><help:case select="WRITER">Radera</help:case></help:switch></text:p>
  <text:p text:style-name="Paragraph"><help:switch select="Program"><help:case select="WRITER"><help:help-text value="visible">Tar bort numrering eller punktuppställning från de aktuella eller markerade styckena.</help:help-text> Du kan också komma åt kommandot <text:span text:style-name="T1">Ta bort</text:span> på <text:span text:style-name="T1">objektlisten</text:span>.</help:case></help:switch></text:p>
  <help:embedded Id="65630" Eid="zurueck2"></help:embedded>
  <text:p text:style-name="ParaList"><help:switch select="Program"><help:case select="WRITER"><help:embedded Id="65598" Eid="related"></help:embedded></help:case></help:switch></text:p>
  <text:p text:style-name="ParaList"><help:switch select="Program"><help:case select="WRITER"><help:embedded Id="68253" Eid="auto_numbering"></help:embedded></help:case></help:switch></text:p>
 </office:body>
</office:document>
