

<office:document  xmlns:office="http://openoffice.org/2000/office" xmlns:style="http://openoffice.org/2000/style" xmlns:text="http://openoffice.org/2000/text" xmlns:table="http://openoffice.org/2000/table" xmlns:draw="http://openoffice.org/2000/drawing" xmlns:fo="http://www.w3.org/1999/XSL/Format" xmlns:xlink="http://www.w3.org/1999/xlink" xmlns:number="http://openoffice.org/2000/datastyle" xmlns:svg="http://www.w3.org/2000/svg" xmlns:chart="http://openoffice.org/2000/chart" xmlns:dr3d="http://openoffice.org/2000/dr3d" xmlns:math="http://www.w3.org/1998/Math/MathML" xmlns:form="http://openoffice.org/2000/form" xmlns:script="http://openoffice.org/2000/script" office:class="text" office:version="1.0" xmlns:dc="http://purl.org/dc/elements/1.1/" xmlns:meta="http://openoffice.org/2000/meta" xmlns:help="http://openoffice.org/2000/help">
<office:meta>
  <dc:description>text/common/01/06050500</dc:description>
  <dc:subject>Alternativ</dc:subject>

  <dc:language>sv-SE</dc:language>
  <meta:user-defined meta:name="Info 0">READY</meta:user-defined>
  <meta:user-defined meta:name="Info 1">FREE_OK</meta:user-defined>
  <meta:user-defined meta:name="Info 2"/>
  <meta:user-defined meta:name="Info 3"/>
</office:meta>
 <office:script/>
 <office:font-decls>
  <style:font-decl style:name="StarSymbol" fo:font-family="StarSymbol" style:font-charset="x-symbol"/>
  <style:font-decl style:name="Courier New" fo:font-family="&apos;Courier New&apos;" style:font-style-name="Standard" style:font-family-generic="modern" style:font-pitch="fixed"/>
  <style:font-decl style:name="Courier" fo:font-family="Courier" style:font-family-generic="roman" style:font-pitch="fixed"/>
  <style:font-decl style:name="Arial Unicode MS" fo:font-family="&apos;Arial Unicode MS&apos;" style:font-pitch="variable"/>
  <style:font-decl style:name="HG Mincho Light J" fo:font-family="&apos;HG Mincho Light J&apos;" style:font-pitch="variable"/>
  <style:font-decl style:name="Times New Roman3" fo:font-family="&apos;Times New Roman&apos;" style:font-pitch="variable"/>
  <style:font-decl style:name="Thorndale" fo:font-family="Thorndale" style:font-family-generic="roman" style:font-pitch="variable"/>
  <style:font-decl style:name="Times New Roman2" fo:font-family="&apos;Times New Roman&apos;" style:font-style-name="Fett" style:font-family-generic="roman" style:font-pitch="variable"/>
  <style:font-decl style:name="Times New Roman" fo:font-family="&apos;Times New Roman&apos;" style:font-style-name="Standard" style:font-family-generic="roman" style:font-pitch="variable"/>
  <style:font-decl style:name="Times New Roman1" fo:font-family="&apos;Times New Roman&apos;" style:font-family-generic="swiss" style:font-pitch="variable"/>
 </office:font-decls>
 <office:automatic-styles>
  <style:style style:name="Tabelle2" style:family="table">
   <style:properties style:width="17.995cm" fo:margin-left="0cm" fo:margin-right="0.005cm" table:align="margins"/>
  </style:style>
  <style:style style:name="Tabelle2.A" style:family="table-column">
   <style:properties style:column-width="4.209cm" style:rel-column-width="2386*"/>
  </style:style>
  <style:style style:name="Tabelle2.B" style:family="table-column">
   <style:properties style:column-width="13.785cm" style:rel-column-width="7815*"/>
  </style:style>
  <style:style style:name="Tabelle2.A1" style:family="table-cell">
   <style:properties fo:padding="0.049cm" fo:border-left="0.002cm solid #000000" fo:border-right="none" fo:border-top="0.002cm solid #000000" fo:border-bottom="0.002cm solid #000000"/>
  </style:style>
  <style:style style:name="Tabelle2.B1" style:family="table-cell">
   <style:properties fo:padding="0.049cm" fo:border="0.002cm solid #000000"/>
  </style:style>
  <style:style style:name="Tabelle2.A2" style:family="table-cell">
   <style:properties fo:padding="0.049cm" fo:border-left="0.002cm solid #000000" fo:border-right="none" fo:border-top="none" fo:border-bottom="0.002cm solid #000000"/>
  </style:style>
  <style:style style:name="Tabelle2.B2" style:family="table-cell">
   <style:properties fo:padding="0.049cm" fo:border-left="0.002cm solid #000000" fo:border-right="0.002cm solid #000000" fo:border-top="none" fo:border-bottom="0.002cm solid #000000"/>
  </style:style>
  <style:style style:name="P1" style:family="paragraph" style:parent-style-name="Paragraph" style:master-page-name="HTML">
   <style:properties style:page-number="0"/>
  </style:style>
  <style:style style:name="T1" style:family="text">
   <style:properties fo:font-weight="bold"/>
  </style:style>
 </office:automatic-styles>
 <office:body>
  <text:variable-decls>
   <text:variable-decl text:value-type="string" text:name="HTML_ON"/>
   <text:variable-decl text:value-type="string" text:name="HTML_OFF"/>
   <text:variable-decl text:value-type="string" text:name="TITEL"/>
   <text:variable-decl text:value-type="string" text:name="END"/>
   <text:variable-decl text:value-type="string" text:name="HREF"/>
   <text:variable-decl text:value-type="string" text:name="OS2"/>
   <text:variable-decl text:value-type="string" text:name="ELSE"/>
   <text:variable-decl text:value-type="string" text:name="MAC"/>
   <text:variable-decl text:value-type="string" text:name="NAME"/>
   <text:variable-decl text:value-type="string" text:name="HelpID"/>
   <text:variable-decl text:value-type="string" text:name="MODIFY"/>
   <text:variable-decl text:value-type="string" text:name="REFNR"/>
   <text:variable-decl text:value-type="string" text:name="KEY"/>
   <text:variable-decl text:value-type="string" text:name="AKTHLP"/>
   <text:variable-decl text:value-type="string" text:name="HFELD"/>
   <text:variable-decl text:value-type="string" text:name="WIN"/>
   <text:variable-decl text:value-type="string" text:name="INDEX"/>
   <text:variable-decl text:value-type="string" text:name="STYLE"/>
  </text:variable-decls>
  <text:sequence-decls>
   <text:sequence-decl text:display-outline-level="0" text:name="Illustration"/>
   <text:sequence-decl text:display-outline-level="0" text:name="Table"/>
   <text:sequence-decl text:display-outline-level="0" text:name="Text"/>
   <text:sequence-decl text:display-outline-level="0" text:name="Drawing"/>
  </text:sequence-decls>
  <help:to-be-embedded Eid="optionen">
  <text:p text:style-name="Head 1"><help:key-word value="Numrering; alternativ" tag="kw65716_1"/><help:key-word value="Punktuppställning; alternativ" tag="kw65716_3"/><help:link Id="65716">Alternativ</help:link></text:p>
  <text:p text:style-name="Paragraph">Anger formateringsalternativen för numrerade listor och punktlistor. Om du vill kan du formatera enskilda nivåer i listhierarkin.</text:p>
  </help:to-be-embedded>
  <help:popup Id="65599" Eid="numoptionen"><help:embedded Id="65598" Eid="wie"></help:embedded></help:popup>
  <text:p text:style-name="Head 2">Format</text:p>
  <text:p text:style-name="Paragraph">Markera den nivå/de nivåer du vill ändra, och ange sedan vilken formatering du vill använda.</text:p>
  <text:p text:style-name="Head 2"><help:help-id value="SVX_MULTILISTBOX_RID_SVXPAGE_NUM_OPTIONS_LB_LEVEL"/>Nivå</text:p>
  <text:p text:style-name="Paragraph"><help:help-text value="visible">Markera den nivå/de nivåer du vill ange formateringsalternativ för.</help:help-text> Den markerade nivån visas framhävd i förhandsgranskningen.</text:p>
  <text:p text:style-name="Head 3"><help:help-id value="SVX_LISTBOX_RID_SVXPAGE_NUM_OPTIONS_LB_FMT"/>Numrering</text:p>
  <text:p text:style-name="Paragraph"><help:help-text value="visible">Välj en numreringstyp för de markerade nivåerna.</help:help-text></text:p>
  <table:table table:name="Tabelle2" table:style-name="Tabelle2">
   <table:table-column table:style-name="Tabelle2.A"/>
   <table:table-column table:style-name="Tabelle2.B"/>
   <table:table-header-rows>
    <table:table-row>
     <table:table-cell table:style-name="Tabelle2.A1" table:value-type="string">
      <text:p text:style-name="TableHead">Urval</text:p>
     </table:table-cell>
     <table:table-cell table:style-name="Tabelle2.B1" table:value-type="string">
      <text:p text:style-name="TableHead">Funktion</text:p>
     </table:table-cell>
    </table:table-row>
   </table:table-header-rows>
   <table:table-row>
    <table:table-cell table:style-name="Tabelle2.A2" table:value-type="string">
     <text:p text:style-name="TextInTable">1, 2, 3, ...</text:p>
    </table:table-cell>
    <table:table-cell table:style-name="Tabelle2.B2" table:value-type="string">
     <text:p text:style-name="TextInTable">Arabiska siffror</text:p>
    </table:table-cell>
   </table:table-row>
   <table:table-row>
    <table:table-cell table:style-name="Tabelle2.A2" table:value-type="string">
     <text:p text:style-name="TextInTable">A, B, C, ...</text:p>
    </table:table-cell>
    <table:table-cell table:style-name="Tabelle2.B2" table:value-type="string">
     <text:p text:style-name="TextInTable">Versaler</text:p>
    </table:table-cell>
   </table:table-row>
   <table:table-row>
    <table:table-cell table:style-name="Tabelle2.A2" table:value-type="string">
     <text:p text:style-name="TextInTable">a, b, c, ...</text:p>
    </table:table-cell>
    <table:table-cell table:style-name="Tabelle2.B2" table:value-type="string">
     <text:p text:style-name="TextInTable">Gemener</text:p>
    </table:table-cell>
   </table:table-row>
   <table:table-row>
    <table:table-cell table:style-name="Tabelle2.A2" table:value-type="string">
     <text:p text:style-name="TextInTable">I, II, III, ...</text:p>
    </table:table-cell>
    <table:table-cell table:style-name="Tabelle2.B2" table:value-type="string">
     <text:p text:style-name="TextInTable">Versala romerska siffror</text:p>
    </table:table-cell>
   </table:table-row>
   <table:table-row>
    <table:table-cell table:style-name="Tabelle2.A2" table:value-type="string">
     <text:p text:style-name="TextInTable">i, ii, iii, ...</text:p>
    </table:table-cell>
    <table:table-cell table:style-name="Tabelle2.B2" table:value-type="string">
     <text:p text:style-name="TextInTable">Gemena romerska siffror</text:p>
    </table:table-cell>
   </table:table-row>
   <table:table-row>
    <table:table-cell table:style-name="Tabelle2.A2" table:value-type="string">
     <text:p text:style-name="TextInTable">A,... AA,... AAA,...</text:p>
    </table:table-cell>
    <table:table-cell table:style-name="Tabelle2.B2" table:value-type="string">
     <text:p text:style-name="TextInTable">Numrering i alfabetisk ordning med stora bokstäver</text:p>
    </table:table-cell>
   </table:table-row>
   <table:table-row>
    <table:table-cell table:style-name="Tabelle2.A2" table:value-type="string">
     <text:p text:style-name="TextInTable">a,... aa,... aaa,...</text:p>
    </table:table-cell>
    <table:table-cell table:style-name="Tabelle2.B2" table:value-type="string">
     <text:p text:style-name="TextInTable">Numrering i alfabetisk ordning med små bokstäver</text:p>
    </table:table-cell>
   </table:table-row>
   <table:table-row>
    <table:table-cell table:style-name="Tabelle2.A2" table:value-type="string">
     <text:p text:style-name="TextInTable">Punkt</text:p>
    </table:table-cell>
    <table:table-cell table:style-name="Tabelle2.B2" table:value-type="string">
     <text:p text:style-name="TextInTable">Lägger till ett punktuppställningstecken i början av en rad. Markera det här alternativet och klicka sedan på knappen <text:span text:style-name="T1">Tecken</text:span> om du vill välja en punktlista.</text:p>
     <text:p text:style-name="TextInTable"><help:switch select="Program"><help:case select="WRITER">Punktuppställningstecknen anpassas efter den aktuella radhöjden. Om du vill kan du definiera en teckenformatmall som använder en annan teckenstorlek för punktuppställningstecknen.<help:key-word value="Teckenstorlek; punktuppställningstecken" tag="kw65716_2"/></help:case></help:switch></text:p>
    </table:table-cell>
   </table:table-row>
   <table:table-row>
    <table:table-cell table:style-name="Tabelle2.A2" table:value-type="string">
     <text:p text:style-name="TextInTable">Grafik</text:p>
    </table:table-cell>
    <table:table-cell table:style-name="Tabelle2.B2" table:value-type="string">
     <text:p text:style-name="TextInTable">Visar punktuppställningstecknet som en bild. Markera det här alternativet och klicka sedan på <text:span text:style-name="T1">Markera</text:span> om du vill leta upp bildfilen som du vill använda.</text:p>
    </table:table-cell>
   </table:table-row>
   <table:table-row>
    <table:table-cell table:style-name="Tabelle2.A2" table:value-type="string">
     <text:p text:style-name="Paragraph">Grafik länkad</text:p>
    </table:table-cell>
    <table:table-cell table:style-name="Tabelle2.B2" table:value-type="string">
     <text:p text:style-name="Paragraph">Länkar bilden till den aktuella filen. Avmarkera den här kryssrutan om du vill bädda in bilden i den aktuella filen.</text:p>
    </table:table-cell>
   </table:table-row>
   <table:table-row>
    <table:table-cell table:style-name="Tabelle2.A2" table:value-type="string">
     <text:p text:style-name="Paragraph">Ingen</text:p>
    </table:table-cell>
    <table:table-cell table:style-name="Tabelle2.B2" table:value-type="string">
     <text:p text:style-name="Paragraph">Använder inte en numreringsformatmall.</text:p>
    </table:table-cell>
   </table:table-row>
  </table:table>
  <text:p text:style-name="Paragraph">Tillgängligheten för följande fält beror på stilen som du markerar i rutan <text:span text:style-name="T1">Numrering</text:span>.</text:p>
  <text:p text:style-name="Head 3"><help:help-id value="SVX_EDIT_RID_SVXPAGE_NUM_OPTIONS_ED_PREFIX"/>Framför</text:p>
  <text:p text:style-name="Paragraph"><help:help-text value="visible">Ange ett tecken eller texten som ska visas framför numret i listan.</help:help-text></text:p>
  <text:p text:style-name="Head 3"><help:help-id value="SVX_EDIT_RID_SVXPAGE_NUM_OPTIONS_ED_SUFFIX"/>Bakom</text:p>
  <text:p text:style-name="Paragraph"><help:help-text value="visible">Ange ett tecken eller texten som ska visas efter numret i listan. Om du vill skapa en numrerad lista som använder stilen &quot;1.)&quot;, anger du &quot;.)&quot; i den här rutan.</help:help-text></text:p>
  <text:p text:style-name="Head 3"><help:help-id value="SVX_LISTBOX_RID_SVXPAGE_NUM_OPTIONS_LB_CHARFMT"/><help:switch select="Program"><help:case select="WRITER">Teckenformatmall</help:case></help:switch></text:p>
  <text:p text:style-name="Paragraph"><help:switch select="Program"><help:case select="WRITER"><help:help-text value="visible">Välj den teckenformatmall som du vill använda i den numrerade listan.</help:help-text> Om du vill skapa eller redigera en <help:link Id="67756">teckenformatmall</help:link> öppnar du <text:span text:style-name="T1">Stylist</text:span>, klickar på tecknet, högerklickar på en stil och väljer sedan <text:span text:style-name="T1">Ny</text:span>.</help:case></help:switch></text:p>
  <text:p text:style-name="Head 3"><help:help-id value="SVX_NUMERICFIELD_RID_SVXPAGE_NUM_OPTIONS_NF_ALL_LEVEL"/><help:switch select="Program"><help:case select="WRITER">Fullständig</help:case></help:switch></text:p>
  <text:p text:style-name="Paragraph"><help:switch select="Program"><help:case select="WRITER"><help:help-text value="visible">Ange antalet föregående nivåer som ska ingå i numreringstypen. Om du t.ex. skriver &quot;2&quot; och den föregående nivån använder numreringstypen &quot;A, B, C...&quot;, så blir numreringstypen för den markerade nivån följande: &quot;A.1&quot;.</help:help-text></help:case></help:switch></text:p>
  <text:p text:style-name="Head 3"><help:help-id value="SVX_NUMERICFIELD_RID_SVXPAGE_NUM_OPTIONS_ED_START"/>Börja med</text:p>
  <text:p text:style-name="Paragraph"><help:help-text value="visible">Ange ett nytt startnummer för den aktuella nivån.</help:help-text></text:p>
  <text:p text:style-name="Head 3"><help:help-id value="SVX_LISTBOX_RID_SVXPAGE_NUM_OPTIONS_LB_BUL_COLOR"/><help:switch select="Program"><help:case select="IMPRESS">Färg</help:case><help:case select="DRAW">Färg</help:case></help:switch></text:p>
  <text:p text:style-name="Paragraph"><help:switch select="Program"><help:case select="WRITER"></help:case><help:case select="CALC"></help:case><help:case select="MATH"></help:case><help:default><help:help-text value="visible">Välj en färg för den aktuella numreringsformatmallen.</help:help-text></help:default></help:switch></text:p>
  <text:p text:style-name="Head 3"><help:help-id value="SVX_METRICFIELD_RID_SVXPAGE_NUM_OPTIONS_MF_BUL_REL_SIZE"/><help:switch select="Program"><help:case select="IMPRESS">Relativ storlek</help:case><help:case select="DRAW">Relativ storlek</help:case></help:switch></text:p>
  <text:p text:style-name="Paragraph"><help:switch select="Program"><help:case select="WRITER"></help:case><help:case select="CALC"></help:case><help:case select="MATH"></help:case><help:default><help:help-text value="visible">Ange hur mycket du vill ändra storleken på punktuppställningstecknet i förhållande till teckenhöjden för det aktuella stycket.</help:help-text></help:default></help:switch></text:p>
  <text:p text:style-name="Head 3"><help:help-id value="SVX_PUSHBUTTON_RID_SVXPAGE_NUM_OPTIONS_PB_BULLET"/>Tecken</text:p>
  <text:p text:style-name="Paragraph"><help:help-text value="visible">Öppnar dialogrutan <help:link Id="65807">Specialtecken</help:link> där du kan markera en punktuppställningssymbol.</help:help-text></text:p>
  <text:p text:style-name="Head 3">Om Du har valt alternativet Grafik under Numrering:</text:p>
  <text:p text:style-name="Head 3"><help:help-id value="SVX_MENUBUTTON_RID_SVXPAGE_NUM_OPTIONS_MB_BITMAP"/>Urval...</text:p>
  <text:p text:style-name="Paragraph"><help:help-text value="visible">Markera det grafiska objektet eller leta reda på grafikfilen som du vill använda som punktuppställningstecken.</help:help-text></text:p>
  <text:p text:style-name="Head 3"><help:help-id value="SVX_METRICFIELD_RID_SVXPAGE_NUM_OPTIONS_MF_WIDTH"/>Bredd</text:p>
  <text:p text:style-name="Paragraph"><help:help-text value="visible">Här definierar du grafikobjektets bredd.</help:help-text></text:p>
  <text:p text:style-name="Head 3"><help:help-id value="SVX_METRICFIELD_RID_SVXPAGE_NUM_OPTIONS_MF_HEIGHT"/>Höjd</text:p>
  <text:p text:style-name="Paragraph"><help:help-text value="visible">Här definierar du grafikobjektets höjd.</help:help-text></text:p>
  <text:p text:style-name="Head 3"><help:help-id value="SVX_CHECKBOX_RID_SVXPAGE_NUM_OPTIONS_CB_RATIO"/>Anpassa proportionellt</text:p>
  <text:p text:style-name="Paragraph"><help:help-text value="visible">Om du markerar denna kryssruta bibehålls grafikobjektets höjd-/breddförhållande vid storleksförändring.</help:help-text></text:p>
  <text:p text:style-name="Head 3"><help:help-id value="SVX_LISTBOX_RID_SVXPAGE_NUM_OPTIONS_LB_ORIENT"/>Justering</text:p>
  <text:p text:style-name="Paragraph"><help:help-text value="visible">Här bestämmer du hur grafikobjektet ska justeras.</help:help-text></text:p>
  <text:p text:style-name="Head 2"><help:switch select="Program"><help:case select="WRITER">Alla nivåer</help:case></help:switch></text:p>
  <text:p text:style-name="Paragraph"><help:switch select="Program"><help:case select="WRITER">Här kan du ställa in fortlöpande numrering för alla nivåer.</help:case></help:switch></text:p>
  <text:p text:style-name="Head 3"><help:help-id value="SVX_CHECKBOX_RID_SVXPAGE_NUM_OPTIONS_CB_SAME_LEVEL"/><help:switch select="Program"><help:case select="WRITER">Fortlöpande numrering</help:case></help:switch></text:p>
  <text:p text:style-name="Paragraph"><help:switch select="Program"><help:case select="WRITER"><help:help-text value="visible">När du har markerat denna kryssruta numreras alla nivåer fortlöpande.</help:help-text></help:case></help:switch></text:p>
 </office:body>
</office:document>
