

<office:document  xmlns:office="http://openoffice.org/2000/office" xmlns:style="http://openoffice.org/2000/style" xmlns:text="http://openoffice.org/2000/text" xmlns:table="http://openoffice.org/2000/table" xmlns:draw="http://openoffice.org/2000/drawing" xmlns:fo="http://www.w3.org/1999/XSL/Format" xmlns:xlink="http://www.w3.org/1999/xlink" xmlns:number="http://openoffice.org/2000/datastyle" xmlns:svg="http://www.w3.org/2000/svg" xmlns:chart="http://openoffice.org/2000/chart" xmlns:dr3d="http://openoffice.org/2000/dr3d" xmlns:math="http://www.w3.org/1998/Math/MathML" xmlns:form="http://openoffice.org/2000/form" xmlns:script="http://openoffice.org/2000/script" office:class="text" office:version="1.0" xmlns:dc="http://purl.org/dc/elements/1.1/" xmlns:meta="http://openoffice.org/2000/meta" xmlns:help="http://openoffice.org/2000/help">
<office:meta>
  <dc:description>text/common/01/06130000</dc:description>
  <dc:subject>Makro</dc:subject>
  <meta:keywords>
   <meta:keyword>$Version</meta:keyword>
  </meta:keywords>
  <dc:language>sv-SE</dc:language>
  <meta:user-defined meta:name="Info 0">READY</meta:user-defined>
  <meta:user-defined meta:name="Info 1">FREE_OK</meta:user-defined>
  <meta:user-defined meta:name="Info 2"/>
  <meta:user-defined meta:name="Info 3"/>
</office:meta>
 <office:script/>
 <office:font-decls>
  <style:font-decl style:name="StarSymbol" fo:font-family="StarSymbol" style:font-charset="x-symbol"/>
  <style:font-decl style:name="Courier New" fo:font-family="&apos;Courier New&apos;" style:font-style-name="Standard" style:font-family-generic="modern" style:font-pitch="fixed"/>
  <style:font-decl style:name="Courier" fo:font-family="Courier" style:font-family-generic="roman" style:font-pitch="fixed"/>
  <style:font-decl style:name="Arial Unicode MS" fo:font-family="&apos;Arial Unicode MS&apos;" style:font-pitch="variable"/>
  <style:font-decl style:name="HG Mincho Light J" fo:font-family="&apos;HG Mincho Light J&apos;" style:font-pitch="variable"/>
  <style:font-decl style:name="Times New Roman3" fo:font-family="&apos;Times New Roman&apos;" style:font-pitch="variable"/>
  <style:font-decl style:name="Thorndale" fo:font-family="Thorndale" style:font-family-generic="roman" style:font-pitch="variable"/>
  <style:font-decl style:name="Times New Roman2" fo:font-family="&apos;Times New Roman&apos;" style:font-style-name="Fett" style:font-family-generic="roman" style:font-pitch="variable"/>
  <style:font-decl style:name="Times New Roman" fo:font-family="&apos;Times New Roman&apos;" style:font-style-name="Standard" style:font-family-generic="roman" style:font-pitch="variable"/>
  <style:font-decl style:name="Times New Roman1" fo:font-family="&apos;Times New Roman&apos;" style:font-family-generic="swiss" style:font-pitch="variable"/>
 </office:font-decls>
 <office:automatic-styles>
  <style:style style:name="P1" style:family="paragraph" style:parent-style-name="Paragraph" style:master-page-name="HTML">
   <style:properties style:page-number="0"/>
  </style:style>
  <style:style style:name="T1" style:family="text">
   <style:properties fo:font-weight="bold"/>
  </style:style>
 </office:automatic-styles>
 <office:body>
  <text:variable-decls>
   <text:variable-decl text:value-type="string" text:name="HTML_ON"/>
   <text:variable-decl text:value-type="string" text:name="HTML_OFF"/>
   <text:variable-decl text:value-type="string" text:name="TITEL"/>
   <text:variable-decl text:value-type="string" text:name="END"/>
   <text:variable-decl text:value-type="string" text:name="OS2"/>
   <text:variable-decl text:value-type="string" text:name="ELSE"/>
   <text:variable-decl text:value-type="string" text:name="HREF"/>
   <text:variable-decl text:value-type="string" text:name="MAC"/>
   <text:variable-decl text:value-type="string" text:name="NAME"/>
   <text:variable-decl text:value-type="string" text:name="HelpID"/>
   <text:variable-decl text:value-type="string" text:name="MODIFY"/>
   <text:variable-decl text:value-type="string" text:name="REFNR"/>
   <text:variable-decl text:value-type="string" text:name="HFELD"/>
   <text:variable-decl text:value-type="string" text:name="AKTHLP"/>
   <text:variable-decl text:value-type="string" text:name="KEY"/>
   <text:variable-decl text:value-type="string" text:name="INDEX"/>
   <text:variable-decl text:value-type="string" text:name="STYLE"/>
  </text:variable-decls>
  <text:sequence-decls>
   <text:sequence-decl text:display-outline-level="0" text:name="Illustration"/>
   <text:sequence-decl text:display-outline-level="0" text:name="Table"/>
   <text:sequence-decl text:display-outline-level="0" text:name="Text"/>
   <text:sequence-decl text:display-outline-level="0" text:name="Drawing"/>
  </text:sequence-decls>
  <text:p text:style-name="P1"/>
  <text:p text:style-name="Head 1"><help:help-id value="SID_BASICCHOOSER"/><help:key-word value="Makro; Basic-IDE" tag="kw65639_1"/><help:key-word value="Basic-IDE; makro" tag="kw65639_2"/>Makro</text:p>
  <text:p text:style-name="Paragraph"><help:to-be-embedded Eid="makro"><help:help-text value="visible">I den här dialogrutan kan du spara, administrera, radera och redigera makron.</help:help-text> </help:to-be-embedded> Information om makroprogrammering i <help:productname>%PRODUCTNAME</help:productname> finns i ett annat avsnitt.</text:p>
  <help:popup Id="65589" Eid="makro"><help:embedded Id="65598" Eid="wie"></help:embedded></help:popup>
  <text:p text:style-name="Paragraph"><help:embedded Id="68634" Eid="macro_recording"></help:embedded></text:p>
  <text:p text:style-name="Paragraph"><help:help-id value="BASCTL_EDIT_RID_MACROCHOOSER_RID_ED_MACRONAME"/>Makronamn</text:p>
  <text:p text:style-name="Paragraph"><help:help-text value="visible">Visar namnet på det markerade makrot. Ange ett namn här om du vill skapa eller ändra namnet på ett makro.</help:help-text></text:p>
  <text:p text:style-name="Paragraph"><help:help-id value="HID_BASICIDE_MACROS"/><help:help-text value="visible">Listar de makron som finns i modulen som markerades i listan <text:span text:style-name="T1">Makro från</text:span>.</help:help-text></text:p>
  <text:p text:style-name="Head 2"><help:help-id value="HID_BASICIDE_LIBS"/>Makro från / Spara makro i</text:p>
  <text:p text:style-name="Paragraph"><help:help-text value="visible">Listar biblioteken och modulerna där du kan öppna och spara makron. Om du vill spara ett makro med ett visst dokument, öppnar du dokumentet och öppnar den här dialogrutan.</help:help-text></text:p>
  <text:p text:style-name="Head 2"><help:help-id value="BASCTL_PUSHBUTTON_RID_MACROCHOOSER_RID_PB_RUN"/>Kör</text:p>
  <text:p text:style-name="Paragraph"><help:help-text value="visible">Aktuellt makro körs och sparas.</help:help-text></text:p>
  <text:p text:style-name="Head 2"><help:help-id value="BASCTL_PUSHBUTTON_RID_MACROCHOOSER_RID_PB_ASSIGN"/>Tilldela</text:p>
  <text:p text:style-name="Paragraph"><help:help-text value="visible">Öppnar dialogrutan <help:link Id="65748">Konfiguration</help:link> där du kan tilldela ett menykommando, ett kortkommando eller en händelse det markerade makrot.</help:help-text></text:p>
  <text:p text:style-name="Head 2"><help:help-id value="BASCTL_PUSHBUTTON_RID_MACROCHOOSER_RID_PB_EDIT"/>Redigera</text:p>
  <text:p text:style-name="Paragraph"><help:help-text value="visible">Startar <help:productname>%PRODUCTNAME</help:productname> Basic-redigeraren och öppnar det markerade makrot för redigering.</help:help-text></text:p>
  <text:p text:style-name="Head 2"><help:help-id value="BASCTL_PUSHBUTTON_RID_MACROCHOOSER_RID_PB_DEL"/>Nytt/Radera</text:p>
  <text:p text:style-name="Paragraph"><help:help-text value="visible">Skapar en ny modul eller ett nytt makro, eller tar bort det markerade makrot.</help:help-text></text:p>
  <text:p text:style-name="Paragraph">Om du vill skapa ett nytt makro markerar du modulen &quot;Standard&quot; i listan <text:span text:style-name="T1">Makro från</text:span> och klickar sedan på <text:span text:style-name="T1">Nytt</text:span>. Du kan även skapa en ny modul, markera den i listan <text:span text:style-name="T1">Makro från</text:span> och sedan klicka på <text:span text:style-name="T1">Nytt</text:span>.</text:p>
  <text:p text:style-name="Paragraph">Om du vill ta bort ett makro markerar du det och klickar på <text:span text:style-name="T1">Radera</text:span>.</text:p>
  <text:p text:style-name="Head 2"><help:help-id value="BASCTL_PUSHBUTTON_RID_MACROCHOOSER_RID_PB_NEWLIB"/>Nytt bibliotek</text:p>
  <text:p text:style-name="Paragraph"><help:help-text value="visible">Sparar det inspelade makrot i ett nytt bibliotek.</help:help-text></text:p>
  <text:p text:style-name="Head 2"><help:help-id value="BASCTL_PUSHBUTTON_RID_MACROCHOOSER_RID_PB_NEWMOD"/>Ny modul</text:p>
  <text:p text:style-name="Paragraph"><help:help-text value="visible">Sparar det inspelade makrot i en ny modul.</help:help-text></text:p>
  <text:p text:style-name="Head 2"><help:help-id value="BASCTL_PUSHBUTTON_RID_MACROCHOOSER_RID_PB_ORG"/><a name="verwalten"/>Administrera</text:p>
  <text:p text:style-name="Paragraph"><help:help-text value="visible">Öppnar dialogrutan <text:span text:style-name="T1">Administrera makron</text:span> där du kan lägga till, redigera och ta bort befintliga makromoduler, dialogrutor och bibliotek.</help:help-text></text:p>
  <text:p text:style-name="Head 3">Fliken Modul</text:p>
  <text:p text:style-name="Paragraph"><help:help-text value="visible">Låter dig hantera dialogrutor och moduler.</help:help-text></text:p>
  <text:p text:style-name="Head 3"><help:help-id value="HID_BASICIDE_MODULES_TREE"/>Modul/Dialog</text:p>
  <text:p text:style-name="Paragraph"><help:help-text value="visible">Listar befintliga makron och dialogrutor för det aktuella programmet och öppna dokument.</help:help-text></text:p>
  <text:p text:style-name="Paragraph">En del makron kan du dra och släppa mellan programmet och öppna dokument.</text:p>
  <text:p text:style-name="Paragraph">Du kan även ordna om en del makron genom att dra dem till en annan plats i listan.</text:p>
  <text:p text:style-name="Paragraph">Om du vill kopiera ett makro håller du ned <help:switch select="System"><help:case select ="MAC">Alternativ</help:case><help:default>Alt</help:default></help:switch>-tangenten medan du drar.</text:p>
  <text:p text:style-name="Head 3"><help:help-id value="BASCTL_PUSHBUTTON_RID_TP_MODULS_RID_PB_EDIT"/>Redigera</text:p>
  <text:p text:style-name="Paragraph"><help:help-text value="visible">Öppnar det markerade makrot eller dialogrutan för redigering.</help:help-text></text:p>
  <help:embedded Id="65630" Eid="schliessen"></help:embedded>
  <text:p text:style-name="Head 3"><help:help-id value="BASCTL_PUSHBUTTON_RID_TP_MODULS_RID_PB_NEWMOD"/>Ny modul</text:p>
  <text:p text:style-name="Paragraph"><help:help-text value="visible">Öppnar <help:productname>%PRODUCTNAME</help:productname> Basic-redigeraren och skapar en ny modul.</help:help-text></text:p>
  <text:p text:style-name="Head 3"><help:help-id value="BASCTL_PUSHBUTTON_RID_TP_MODULS_RID_PB_NEWDLG"/>Ny dialog</text:p>
  <text:p text:style-name="Paragraph"><help:help-text value="visible">Öppnar <help:productname>%PRODUCTNAME</help:productname> Basic-redigeraren och skapar en ny dialogruta.</help:help-text></text:p>
  <help:help-id value="BASCTL_PUSHBUTTON_RID_TP_MODULS_RID_PB_DELETE"/><help:embedded Id="65630" Eid="loeschen"></help:embedded>
  <text:p text:style-name="Head 3">Fliken Bibliotek</text:p>
  <text:p text:style-name="Paragraph"><help:help-text value="visible">Låter dig hantera makrobiblioteken för det aktuella programmet och öppna dokument.</help:help-text></text:p>
  <text:p text:style-name="Head 3"><help:help-id value="BASCTL_LISTBOX_RID_TP_LIBS_RID_LB_BASICS"/>Tillämpning/dokument</text:p>
  <text:p text:style-name="Paragraph"><help:help-text value="visible">Välj det program eller det dokument som innehåller de makrobibliotek du vill administrera.</help:help-text></text:p>
  <text:p text:style-name="Head 3"><help:help-id value="HID_BASICIDE_LIBS_TREE"/>Bibliotek</text:p>
  <text:p text:style-name="Paragraph"><help:help-text value="visible">Listar befintliga makrobibliotek för det aktuella programmet och öppna dokument.</help:help-text></text:p>
  <text:p text:style-name="Head 3"><help:help-id value="BASCTL_PUSHBUTTON_RID_TP_LIBS_RID_PB_EDIT"/>Redigera</text:p>
  <text:p text:style-name="Paragraph"><help:help-text value="visible">Öppnar <help:productname>%PRODUCTNAME</help:productname> Basic-redigeraren så att du kan ändra det markerade biblioteket.</help:help-text></text:p>
  <help:embedded Id="65630" Eid="schliessen"></help:embedded>
  <text:p text:style-name="Head 3"><help:help-id value="BASCTL_PUSHBUTTON_RID_TP_LIBS_RID_PB_PASSWORD"/>Lösenord</text:p>
  <text:p text:style-name="Paragraph"><help:help-text value="visible">Tilldelar eller redigerar <help:link Id="65822">lösenord</help:link> för det markerade biblioteket.</help:help-text></text:p>
  <text:p text:style-name="Head 3"><help:help-id value="BASCTL_PUSHBUTTON_RID_TP_LIBS_RID_PB_NEWLIB"/>Nytt</text:p>
  <text:p text:style-name="Paragraph"><help:help-text value="visible">Skapar ett nytt bibliotek.</help:help-text></text:p>
  <text:p text:style-name="Head 3"><help:help-id value="BASCTL_EDIT_RID_DLG_NEWLIB_RID_ED_LIBNAME"/>Namn</text:p>
  <text:p text:style-name="Paragraph"><help:help-text value="visible">Ange ett namn för det nya biblioteket eller modulen.</help:help-text></text:p>
  <text:p text:style-name="Head 3"><help:help-id value="BASCTL_PUSHBUTTON_RID_TP_LIBS_RID_PB_APPEND"/>Lägg till</text:p>
  <text:p text:style-name="Paragraph"><help:help-text value="visible">Leta upp det <help:productname>%PRODUCTNAME</help:productname> Basic-bibliotek som du vill lägga till i den aktuella listan och klicka sedan på Öppna.</help:help-text></text:p>
  <help:help-id value="BASCTL_PUSHBUTTON_RID_TP_LIBS_RID_PB_DELETE"/><help:embedded Id="65630" Eid="loeschen"></help:embedded>
  <text:p text:style-name="ParaList"><help:embedded Id="65598" Eid="related"></help:embedded></text:p>
  <text:p text:style-name="ParaList"><help:link Id="65545"></help:link></text:p>
 </office:body>
</office:document>
