

<office:document  xmlns:office="http://openoffice.org/2000/office" xmlns:style="http://openoffice.org/2000/style" xmlns:text="http://openoffice.org/2000/text" xmlns:table="http://openoffice.org/2000/table" xmlns:draw="http://openoffice.org/2000/drawing" xmlns:fo="http://www.w3.org/1999/XSL/Format" xmlns:xlink="http://www.w3.org/1999/xlink" xmlns:number="http://openoffice.org/2000/datastyle" xmlns:svg="http://www.w3.org/2000/svg" xmlns:chart="http://openoffice.org/2000/chart" xmlns:dr3d="http://openoffice.org/2000/dr3d" xmlns:math="http://www.w3.org/1998/Math/MathML" xmlns:form="http://openoffice.org/2000/form" xmlns:script="http://openoffice.org/2000/script" office:class="text" office:version="1.0" xmlns:dc="http://purl.org/dc/elements/1.1/" xmlns:meta="http://openoffice.org/2000/meta" xmlns:help="http://openoffice.org/2000/help">
<office:meta>
  <dc:description>text/common/01/gallery</dc:description>
  <dc:subject>Gallery</dc:subject>

  <dc:language>sv-SE</dc:language>
  <meta:user-defined meta:name="Info 0">READY</meta:user-defined>
  <meta:user-defined meta:name="Info 1">FREE_OK</meta:user-defined>
  <meta:user-defined meta:name="Info 2">NOTE</meta:user-defined>
  <meta:user-defined meta:name="Info 3"/>
</office:meta>
 <office:script/>
 <office:font-decls>
  <style:font-decl style:name="StarSymbol" fo:font-family="StarSymbol" style:font-charset="x-symbol"/>
  <style:font-decl style:name="Courier New" fo:font-family="&apos;Courier New&apos;" style:font-style-name="Standard" style:font-family-generic="modern" style:font-pitch="fixed"/>
  <style:font-decl style:name="Courier" fo:font-family="Courier" style:font-family-generic="roman" style:font-pitch="fixed"/>
  <style:font-decl style:name="Arial Unicode MS" fo:font-family="&apos;Arial Unicode MS&apos;" style:font-pitch="variable"/>
  <style:font-decl style:name="HG Mincho Light J" fo:font-family="&apos;HG Mincho Light J&apos;" style:font-pitch="variable"/>
  <style:font-decl style:name="Times New Roman3" fo:font-family="&apos;Times New Roman&apos;" style:font-pitch="variable"/>
  <style:font-decl style:name="Thorndale" fo:font-family="Thorndale" style:font-family-generic="roman" style:font-pitch="variable"/>
  <style:font-decl style:name="Times New Roman2" fo:font-family="&apos;Times New Roman&apos;" style:font-style-name="Fett" style:font-family-generic="roman" style:font-pitch="variable"/>
  <style:font-decl style:name="Times New Roman" fo:font-family="&apos;Times New Roman&apos;" style:font-style-name="Standard" style:font-family-generic="roman" style:font-pitch="variable"/>
  <style:font-decl style:name="Times New Roman1" fo:font-family="&apos;Times New Roman&apos;" style:font-family-generic="swiss" style:font-pitch="variable"/>
 </office:font-decls>
 <office:automatic-styles>
  <style:style style:name="P1" style:family="paragraph" style:parent-style-name="Paragraph" style:master-page-name="HTML">
   <style:properties style:page-number="0"/>
  </style:style>
  <style:style style:name="T1" style:family="text">
   <style:properties fo:font-weight="bold"/>
  </style:style>
 </office:automatic-styles>
 <office:body>
  <text:variable-decls>
   <text:variable-decl text:value-type="string" text:name="HTML_ON"/>
   <text:variable-decl text:value-type="string" text:name="HTML_OFF"/>
   <text:variable-decl text:value-type="string" text:name="TITEL"/>
   <text:variable-decl text:value-type="string" text:name="END"/>
   <text:variable-decl text:value-type="string" text:name="NAME"/>
   <text:variable-decl text:value-type="string" text:name="HREF"/>
   <text:variable-decl text:value-type="string" text:name="HelpID"/>
   <text:variable-decl text:value-type="string" text:name="MODIFY"/>
   <text:variable-decl text:value-type="string" text:name="REFNR"/>
   <text:variable-decl text:value-type="string" text:name="OS2"/>
   <text:variable-decl text:value-type="string" text:name="ELSE"/>
   <text:variable-decl text:value-type="string" text:name="WIN"/>
   <text:variable-decl text:value-type="string" text:name="KEY"/>
   <text:variable-decl text:value-type="string" text:name="INDEX"/>
   <text:variable-decl text:value-type="string" text:name="AKTHLP"/>
   <text:variable-decl text:value-type="string" text:name="UNIX"/>
   <text:variable-decl text:value-type="string" text:name="STYLE"/>
  </text:variable-decls>
  <text:sequence-decls>
   <text:sequence-decl text:display-outline-level="0" text:name="Illustration"/>
   <text:sequence-decl text:display-outline-level="0" text:name="Table"/>
   <text:sequence-decl text:display-outline-level="0" text:name="Text"/>
   <text:sequence-decl text:display-outline-level="0" text:name="Drawing"/>
  </text:sequence-decls>
  <text:p text:style-name="P1"><help:help-id value="HID_GALLERY_ICONVIEW"/><help:help-text value="hide">Visar innehållet i <text:span text:style-name="T1">Gallery </text:span>som ikoner.</help:help-text></text:p>
  <text:p text:style-name="Paragraph"><help:help-id value="HID_GALLERY_LISTVIEW"/><help:help-text value="hide">Visar innehållet i <text:span text:style-name="T1">Gallery </text:span>som små ikoner, med information om namn och sökväg.</help:help-text></text:p>
  <help:to-be-embedded Eid="stargallery">
  <text:p text:style-name="Head 1"><help:help-id value="SID_GALLERY"/><help:key-word value="Gallery; starta" tag="kw68626_1"/><help:link Id="68626">Gallery</help:link></text:p>
  <text:p text:style-name="Paragraph"><help:help-text value="visible">Öppnar fönstret <text:span text:style-name="T1">Gallery</text:span> som du använder för att infoga grafik och ljud i dokumentet.</help:help-text></text:p>
  </help:to-be-embedded>
  <text:p text:style-name="Paragraph">Du kan visa innehållet i fönstret <text:span text:style-name="T1">Gallery</text:span> som ikoner, eller som små ikoner med information om namn och sökväg.</text:p>
  <text:p text:style-name="Paragraph">Om du vill zooma in eller zooma ut från ett objekt i <text:span text:style-name="T1">Gallry</text:span> dubbelklickar du på objektet, eller markerar objektet och trycker på Mellanslag.</text:p>
  <help:popup Id="65589" Eid="gallery"><help:embedded Id="65598" Eid="wie"></help:embedded></help:popup>
  <text:p text:style-name="Paragraph">I <help:help-id value="HID_GALLERY_THEMELIST"/><text:span text:style-name="T1">Gallery</text:span> visas teman i en lista på vänster sida.<help:help-text value="visible">Klicka på ett tema om du vill visa de objekt som associeras med temat.</help:help-text></text:p>
  <text:p text:style-name="Paragraph"><help:help-id value="HID_GALLERY_WINDOW"/><help:help-text value="visible">Om du vill infoga ett <text:span text:style-name="T1">Gallery </text:span>-objekt markerar du objektet och drar det till dokumentet.</help:help-text></text:p>
  <help:embedded Id="68341" Eid="gallery_insert"></help:embedded>
  <help:embedded Id="67977" Eid="dragdrop_fromgallery"></help:embedded>
  <help:embedded Id="67978" Eid="dragdrop_gallery"></help:embedded>
  <text:p text:style-name="Head 3"><help:key-word value="Objekt; lägga till nya i Gallery" tag="kw68626_4"/>Lägga till en ny fil i Gallery</text:p>
  <text:p text:style-name="Paragraph">Om du vill lägga till en fil i <text:span text:style-name="T1">Gallery</text:span> högerklickar du på ett tema, väljer <text:span text:style-name="T1">Egenskaper</text:span>, klickar på fliken <text:span text:style-name="T1">Filer</text:span> och klickar på <text:span text:style-name="T1">Lägg till</text:span>. Du kan även klicka på ett objekt i det aktuella dokumentet och sedan dra det till fönstret <text:span text:style-name="T1">Gallery</text:span>.</text:p>
  <text:p text:style-name="Head 2">Nytt tema<help:help-id value="HID_GALLERY_NEW_THEME"/><help:help-id value="HID_GALLERY_NEWTHEME"/></text:p>
  <text:p text:style-name="Paragraph"><help:help-text value="visible">Lägger till ett nytt tema i <text:span text:style-name="T1">Gallery </text:span>och låter dig välja vilka filer som ska läggas till i temat.</help:help-text>.</text:p>
  <text:p text:style-name="Paragraph">Om du vill använda följande kommandon högerklickar du på ett tema i fönstret <text:span text:style-name="T1">Gallery</text:span>:</text:p>
  <help:embedded Id="65624" Eid="loeschen"></help:embedded>
  <help:embedded Id="65624" Eid="loeschen2"></help:embedded>
  <help:embedded Id="65624" Eid="umbenennen"></help:embedded>
  <help:embedded Id="65624" Eid="aktualisieren"></help:embedded>
  <text:p text:style-name="Head 2">Egenskaper</text:p>
  <text:p text:style-name="Paragraph">Det här kommandot öppnar dialogrutan <text:span text:style-name="T1">Egenskaper för (tema)</text:span> för ett markerat tema i Gallery. Det finns följande flikar:</text:p>
  <help:embedded Id="68627" Eid="allgemein"></help:embedded>
  <text:p text:style-name="Head 2"><help:link Id="68625">Filer</help:link></text:p>
  <help:embedded Id="68625" Eid="stargallerymanager"></help:embedded>
  <help:embedded Id="65624" Eid="hinzufuegen"></help:embedded>
  <help:help-id value="HID_GALLERY_PREVIEW"/><help:embedded Id="65624" Eid="vorschau"></help:embedded>
  <help:to-be-embedded Eid="unixaudio">
  <text:p text:style-name="Head 3"><help:switch select="System"><help:case select ="UNIX"><help:key-word value="Ljud; Unix" tag="kw68626_3"/><help:key-word value="Audio; Unix" tag="kw68626_2"/>Ljudservrar som stöds</help:case></help:switch></text:p>
  <text:p text:style-name="Paragraph"><help:switch select="System"><help:case select ="UNIX">Om det inte går att spela upp ljud i ditt system installerar du Network Audio System (NAS) version 1.2 release 4 eller senare. Du kan hämta NAS från ftp://ftp.x.org./pub/contrib/audio. NAS stöder bland annat plattformarna Linux x86 (om drivrutiner finns för ljudkortet), SGI, HP och SUN. Du behöver endast installera NAS på en server, och inte på klienterna.</help:case></help:switch></text:p>
  <text:p text:style-name="Paragraph"><help:switch select="System"><help:case select ="UNIX">När du har installerat NAS, lägger du till den som en AUDIOSERVER i miljövariablerna genom att använda formatet &quot;name:0&quot;.</help:case></help:switch></text:p>
  <text:p text:style-name="Paragraph"><help:switch select="System"><help:case select ="UNIX">Om du inte vill ange variabeln AUDIOSERVER används variabeln DISPLAY i stället (om ljud- och videoservrarna finns på samma värd). Du kan inte starta ljudservern från kommandoraden.</help:case></help:switch></text:p>
  <text:p text:style-name="Paragraph"><help:switch select="System"><help:case select ="UNIX">Du kan också använda rplayd för att spela upp ljudfiler, men endast i X Window.</help:case></help:switch></text:p>
  <text:p text:style-name="Paragraph"><help:switch select="System"><help:case select ="UNIX">Annars kan du använda SalSound och OSS (Open Sound System) för att spela upp ljudfiler.</help:case></help:switch></text:p>
  </help:to-be-embedded>
 </office:body>
</office:document>
