

<office:document  xmlns:office="http://openoffice.org/2000/office" xmlns:style="http://openoffice.org/2000/style" xmlns:text="http://openoffice.org/2000/text" xmlns:table="http://openoffice.org/2000/table" xmlns:draw="http://openoffice.org/2000/drawing" xmlns:fo="http://www.w3.org/1999/XSL/Format" xmlns:xlink="http://www.w3.org/1999/xlink" xmlns:number="http://openoffice.org/2000/datastyle" xmlns:svg="http://www.w3.org/2000/svg" xmlns:chart="http://openoffice.org/2000/chart" xmlns:dr3d="http://openoffice.org/2000/dr3d" xmlns:math="http://www.w3.org/1998/Math/MathML" xmlns:form="http://openoffice.org/2000/form" xmlns:script="http://openoffice.org/2000/script" office:class="text" office:version="1.0" xmlns:dc="http://purl.org/dc/elements/1.1/" xmlns:meta="http://openoffice.org/2000/meta" xmlns:help="http://openoffice.org/2000/help">
<office:meta>
  <dc:description>text/common/01/ref_pdf_export</dc:description>
  <dc:subject>Export som PDF</dc:subject>

  <dc:language>sv-SE</dc:language>
  <meta:user-defined meta:name="Info 0">READY</meta:user-defined>
  <meta:user-defined meta:name="Info 1">FREE_OK</meta:user-defined>
  <meta:user-defined meta:name="Info 2"/>
  <meta:user-defined meta:name="Info 3"/>
</office:meta>
 <office:script/>
 <office:font-decls>
  <style:font-decl style:name="StarSymbol" fo:font-family="StarSymbol" style:font-charset="x-symbol"/>
  <style:font-decl style:name="Courier New" fo:font-family="&apos;Courier New&apos;" style:font-style-name="Standard" style:font-family-generic="modern" style:font-pitch="fixed"/>
  <style:font-decl style:name="Courier" fo:font-family="Courier" style:font-family-generic="roman" style:font-pitch="fixed"/>
  <style:font-decl style:name="Arial Unicode MS" fo:font-family="&apos;Arial Unicode MS&apos;" style:font-pitch="variable"/>
  <style:font-decl style:name="HG Mincho Light J" fo:font-family="&apos;HG Mincho Light J&apos;" style:font-pitch="variable"/>
  <style:font-decl style:name="Times New Roman3" fo:font-family="&apos;Times New Roman&apos;" style:font-pitch="variable"/>
  <style:font-decl style:name="Thorndale" fo:font-family="Thorndale" style:font-family-generic="roman" style:font-pitch="variable"/>
  <style:font-decl style:name="Times New Roman2" fo:font-family="&apos;Times New Roman&apos;" style:font-style-name="Fett" style:font-family-generic="roman" style:font-pitch="variable"/>
  <style:font-decl style:name="Times New Roman" fo:font-family="&apos;Times New Roman&apos;" style:font-style-name="Standard" style:font-family-generic="roman" style:font-pitch="variable"/>
  <style:font-decl style:name="Times New Roman1" fo:font-family="&apos;Times New Roman&apos;" style:font-family-generic="swiss" style:font-pitch="variable"/>
 </office:font-decls>
 <office:automatic-styles>
  <style:style style:name="Tabelle1" style:family="table" style:master-page-name="">
   <style:properties style:width="18cm" style:rel-width="100%" style:page-number="0" fo:break-before="auto" fo:break-after="auto" table:align="left"/>
  </style:style>
  <style:style style:name="Tabelle1.A" style:family="table-column">
   <style:properties style:column-width="5.507cm" style:rel-column-width="20050*"/>
  </style:style>
  <style:style style:name="Tabelle1.B" style:family="table-column">
   <style:properties style:column-width="4.447cm" style:rel-column-width="16187*"/>
  </style:style>
  <style:style style:name="Tabelle1.C" style:family="table-column">
   <style:properties style:column-width="4.023cm" style:rel-column-width="14648*"/>
  </style:style>
  <style:style style:name="Tabelle1.A1" style:family="table-cell">
   <style:properties fo:padding="0.106cm" fo:border-left="none" fo:border-right="none" fo:border-top="none" fo:border-bottom="0.035cm solid #000000"/>
  </style:style>
  <style:style style:name="P1" style:family="paragraph" style:parent-style-name="Paragraph" style:master-page-name="HTML">
   <style:properties style:page-number="0"/>
  </style:style>
 </office:automatic-styles>
 <office:body>
  <text:variable-decls>
   <text:variable-decl text:value-type="string" text:name="HTML_ON"/>
   <text:variable-decl text:value-type="string" text:name="HTML_OFF"/>
   <text:variable-decl text:value-type="string" text:name="TITEL"/>
   <text:variable-decl text:value-type="string" text:name="END"/>
   <text:variable-decl text:value-type="string" text:name="MAC"/>
   <text:variable-decl text:value-type="string" text:name="ELSE"/>
   <text:variable-decl text:value-type="string" text:name="WIN"/>
   <text:variable-decl text:value-type="string" text:name="OS2"/>
   <text:variable-decl text:value-type="string" text:name="unix"/>
   <text:variable-decl text:value-type="string" text:name="HREF"/>
   <text:variable-decl text:value-type="string" text:name="NAME"/>
   <text:variable-decl text:value-type="string" text:name="HelpID"/>
   <text:variable-decl text:value-type="string" text:name="MODIFY"/>
   <text:variable-decl text:value-type="string" text:name="REFNR"/>
   <text:variable-decl text:value-type="string" text:name="KEY"/>
   <text:variable-decl text:value-type="string" text:name="INDEX"/>
   <text:variable-decl text:value-type="string" text:name="HFELD"/>
   <text:variable-decl text:value-type="string" text:name="AKTHLP"/>
   <text:variable-decl text:value-type="string" text:name="STYLE"/>
  </text:variable-decls>
  <text:sequence-decls>
   <text:sequence-decl text:display-outline-level="0" text:name="Illustration"/>
   <text:sequence-decl text:display-outline-level="0" text:name="Table"/>
   <text:sequence-decl text:display-outline-level="0" text:name="Text"/>
   <text:sequence-decl text:display-outline-level="0" text:name="Drawing"/>
  </text:sequence-decls>
  <text:p text:style-name="P1"/>
  <text:p text:style-name="Head 1"><help:help-id value="SID_EXPORTDOCASPDF"/><help:help-id value="FILTER_EDIT_RID_PDF_EXPORT_DLG_ED_PAGES"/><help:key-word value="PDF; exportera som PDF" tag="kw68646_1"/><help:key-word value="Portable Document Format" tag="kw68646_3"/><help:key-word value="Exportera; PDF" tag="kw68646_2"/><help:to-be-embedded Eid="export_as_pdf"><help:to-be-embedded Eid="ref_pdf_export"><help:link Id="68646">Export som PDF</help:link></help:to-be-embedded></help:to-be-embedded></text:p>
  <text:p text:style-name="Paragraph"><help:to-be-embedded Eid="export"><help:help-text value="visible">Sparar den aktuella filen i PDF-format (Portable Document Format).</help:help-text>Du kan visa och skriva ut PDF-filer på alla plattformar med den ursprungliga formateringen intakt om Adobe Acrobat Reader, som är gratis, är installerad.</help:to-be-embedded></text:p>
  <help:popup Id="65611" Eid="exportpdf"><help:embedded Id="65598" Eid="wie"></help:embedded></help:popup>
  <text:p text:style-name="Paragraph">Klicka på ikonen om du vill exportera det aktuella dokumentet utan en dialogruta för alternativ. Välj menykommandot för en dialogruta där du ställer in alternativ för PDF-export enligt följande:</text:p>
  <text:p text:style-name="Head 2">PDF-alternativ</text:p>
  <text:p text:style-name="Paragraph">Anger exportalternativen för PDF-filen.</text:p>
  <text:p text:style-name="Head 3"><help:help-id value="FILTER_RADIOBUTTON_DLG_PDFEXPORT_RB_ALL"/><help:help-id value="FILTER_RADIOBUTTON_RID_PDF_EXPORT_DLG_RB_ALL"/>Alla</text:p>
  <text:p text:style-name="Paragraph"><help:help-text value="visible">Exporterar hela dokumentet.</help:help-text></text:p>
  <text:p text:style-name="Head 3"><help:help-id value="FILTER_RADIOBUTTON_DLG_PDFEXPORT_RB_RANGE"/><help:help-id value="FILTER_EDIT_DLG_PDFEXPORT_ED_PAGES"/><help:help-id value="FILTER_RADIOBUTTON_RID_PDF_EXPORT_DLG_RB_RANGE"/><help:help-id value="FILTER_EDIT_RID_PDF_EXPORT_DLG_ED_PAGES"/>Område</text:p>
  <text:p text:style-name="Paragraph"><help:help-text value="visible">Exporterar sidorna som du anger i rutan.</help:help-text></text:p>
  <text:p text:style-name="Paragraph">Om du vill exportera ett sidintervall använder du formatet 3-6. Om du vill exportera enstaka sidor använder du formatet 7;9;11. Om du vill kan du exportera en kombination av sidintervall och enstaka sidor genom att använda formatet 3-6;8;10;12.</text:p>
  <text:p text:style-name="Head 3"><help:help-id value="FILTER_RADIOBUTTON_DLG_PDFEXPORT_RB_SELECTION"/><help:help-id value="FILTER_RADIOBUTTON_RID_PDF_EXPORT_DLG_RB_SELECTION"/>Markering</text:p>
  <text:p text:style-name="Paragraph"><help:help-text value="visible">Exporterar den aktuella markeringen.</help:help-text></text:p>
  <text:p text:style-name="Head 3"><help:help-id value="FILTER_RADIOBUTTON_DLG_PDFEXPORT_RB_SCREEN"/><help:help-id value="FILTER_RADIOBUTTON_RID_PDF_EXPORT_DLG_RB_SCREEN"/>Optimerad för bildskärm (minsta filstorlek)</text:p>
  <text:p text:style-name="Paragraph"><help:help-text value="visible">Text och bilder komprimeras till minsta möjliga PDF-filstorlek. Detta är lämpligt om den ska visas online eller distribueras via e-post.</help:help-text> En del detaljer i ritobjekt och infogad grafik kan gå förlorad.</text:p>
  <text:p text:style-name="Head 3"><help:help-id value="FILTER_RADIOBUTTON_DLG_PDFEXPORT_RB_PRINT"/><help:help-id value="FILTER_RADIOBUTTON_RID_PDF_EXPORT_DLG_RB_PRINT"/>Optimerat för utskrift</text:p>
  <text:p text:style-name="Paragraph"><help:help-text value="visible">Text- och bildupplösning optimeras för högkvalitativ utskrift.</help:help-text></text:p>
  <text:p text:style-name="Head 3"><help:help-id value="FILTER_RADIOBUTTON_DLG_PDFEXPORT_RB_PRESS"/><help:help-id value="FILTER_RADIOBUTTON_RID_PDF_EXPORT_DLG_RB_PRESS"/>Optimerat för tryck</text:p>
  <text:p text:style-name="Paragraph"><help:help-text value="visible">Ger bäst text- och bildkvalitet liksom störst filstorlek.</help:help-text></text:p>
  <text:p text:style-name="Head 4">Jämförelse av alternativen för PDF-optimering</text:p>
  <table:table table:name="Tabelle1" table:style-name="Tabelle1">
   <table:table-column table:style-name="Tabelle1.A"/>
   <table:table-column table:style-name="Tabelle1.B"/>
   <table:table-column table:style-name="Tabelle1.C" table:number-columns-repeated="2"/>
   <table:table-header-rows>
    <table:table-row>
     <table:table-cell table:style-name="Tabelle1.A1" table:value-type="string">
      <text:p text:style-name="TableHead"/>
     </table:table-cell>
     <table:table-cell table:style-name="Tabelle1.A1" table:value-type="string">
      <text:p text:style-name="TableHead">Optimerad för bildskärm</text:p>
     </table:table-cell>
     <table:table-cell table:style-name="Tabelle1.A1" table:value-type="string">
      <text:p text:style-name="TableHead">Optimerad för utskrift</text:p>
     </table:table-cell>
     <table:table-cell table:style-name="Tabelle1.A1" table:value-type="string">
      <text:p text:style-name="TableHead">Optimerad för tryck</text:p>
     </table:table-cell>
    </table:table-row>
   </table:table-header-rows>
   <table:table-row>
    <table:table-cell table:style-name="Tabelle1.A1" table:value-type="string">
     <text:p text:style-name="TextInTable">Upplösning</text:p>
    </table:table-cell>
    <table:table-cell table:style-name="Tabelle1.A1" table:value-type="string">
     <text:p text:style-name="TextInTable">600dpi</text:p>
    </table:table-cell>
    <table:table-cell table:style-name="Tabelle1.A1" table:value-type="string">
     <text:p text:style-name="TextInTable">1200dpi</text:p>
    </table:table-cell>
    <table:table-cell table:style-name="Tabelle1.A1" table:value-type="string">
     <text:p text:style-name="TextInTable">2400dpi</text:p>
    </table:table-cell>
   </table:table-row>
   <table:table-row>
    <table:table-cell table:style-name="Tabelle1.A1" table:value-type="string">
     <text:p text:style-name="TextInTable">Komprimera text- och streckbilder</text:p>
    </table:table-cell>
    <table:table-cell table:style-name="Tabelle1.A1" table:value-type="string">
     <text:p text:style-name="TextInTable">ja</text:p>
    </table:table-cell>
    <table:table-cell table:style-name="Tabelle1.A1" table:value-type="string">
     <text:p text:style-name="TextInTable">ja</text:p>
    </table:table-cell>
    <table:table-cell table:style-name="Tabelle1.A1" table:value-type="string">
     <text:p text:style-name="TextInTable">ja</text:p>
    </table:table-cell>
   </table:table-row>
   <table:table-row>
    <table:table-cell table:style-name="Tabelle1.A1" table:value-type="string">
     <text:p text:style-name="TextInTable">Bitmapbilder</text:p>
    </table:table-cell>
    <table:table-cell table:style-name="Tabelle1.A1" table:value-type="string">
     <text:p text:style-name="TextInTable"/>
    </table:table-cell>
    <table:table-cell table:style-name="Tabelle1.A1" table:value-type="string">
     <text:p text:style-name="TextInTable"/>
    </table:table-cell>
    <table:table-cell table:style-name="Tabelle1.A1" table:value-type="string">
     <text:p text:style-name="TextInTable"/>
    </table:table-cell>
   </table:table-row>
   <table:table-row>
    <table:table-cell table:style-name="Tabelle1.A1" table:value-type="string">
     <text:p text:style-name="TextInTable">Sampla om</text:p>
    </table:table-cell>
    <table:table-cell table:style-name="Tabelle1.A1" table:value-type="string">
     <text:p text:style-name="TextInTable">Medelnedsampling vid 72dpi</text:p>
    </table:table-cell>
    <table:table-cell table:style-name="Tabelle1.A1" table:value-type="string">
     <text:p text:style-name="TextInTable">Bikubisk nedsampling vid 300dpi</text:p>
    </table:table-cell>
    <table:table-cell table:style-name="Tabelle1.A1" table:value-type="string">
     <text:p text:style-name="TextInTable">Bikubisk nedsampling vid 300dpi</text:p>
    </table:table-cell>
   </table:table-row>
   <table:table-row>
    <table:table-cell table:style-name="Tabelle1.A1" table:value-type="string">
     <text:p text:style-name="TextInTable">Komprimering</text:p>
    </table:table-cell>
    <table:table-cell table:style-name="Tabelle1.A1" table:value-type="string">
     <text:p text:style-name="TextInTable">Automatisk</text:p>
    </table:table-cell>
    <table:table-cell table:style-name="Tabelle1.A1" table:value-type="string">
     <text:p text:style-name="TextInTable">Automatisk</text:p>
    </table:table-cell>
    <table:table-cell table:style-name="Tabelle1.A1" table:value-type="string">
     <text:p text:style-name="TextInTable">Automatisk</text:p>
    </table:table-cell>
   </table:table-row>
   <table:table-row>
    <table:table-cell table:style-name="Tabelle1.A1" table:value-type="string">
     <text:p text:style-name="TextInTable">Kvalitet</text:p>
    </table:table-cell>
    <table:table-cell table:style-name="Tabelle1.A1" table:value-type="string">
     <text:p text:style-name="TextInTable">Medium</text:p>
    </table:table-cell>
    <table:table-cell table:style-name="Tabelle1.A1" table:value-type="string">
     <text:p text:style-name="TextInTable">Hög</text:p>
    </table:table-cell>
    <table:table-cell table:style-name="Tabelle1.A1" table:value-type="string">
     <text:p text:style-name="TextInTable">Bästa</text:p>
    </table:table-cell>
   </table:table-row>
   <table:table-row>
    <table:table-cell table:style-name="Tabelle1.A1" table:number-columns-spanned="2" table:value-type="string">
     <text:p text:style-name="TextInTable">Monokroma bitmapbilder</text:p>
    </table:table-cell>
    <table:covered-table-cell/>
    <table:table-cell table:style-name="Tabelle1.A1" table:value-type="string">
     <text:p text:style-name="TextInTable"/>
    </table:table-cell>
    <table:table-cell table:style-name="Tabelle1.A1" table:value-type="string">
     <text:p text:style-name="TextInTable"/>
    </table:table-cell>
   </table:table-row>
   <table:table-row>
    <table:table-cell table:style-name="Tabelle1.A1" table:value-type="string">
     <text:p text:style-name="TextInTable">Sampla om</text:p>
    </table:table-cell>
    <table:table-cell table:style-name="Tabelle1.A1" table:value-type="string">
     <text:p text:style-name="TextInTable">Medelnedsampling vid 300dpi</text:p>
    </table:table-cell>
    <table:table-cell table:style-name="Tabelle1.A1" table:value-type="string">
     <text:p text:style-name="TextInTable">Bikubisk nedsampling vid 1200dpi</text:p>
    </table:table-cell>
    <table:table-cell table:style-name="Tabelle1.A1" table:value-type="string">
     <text:p text:style-name="TextInTable">Bikubisk nedsampling vid 1200dpi</text:p>
    </table:table-cell>
   </table:table-row>
   <table:table-row>
    <table:table-cell table:style-name="Tabelle1.A1" table:value-type="string">
     <text:p text:style-name="TextInTable">Komprimering</text:p>
    </table:table-cell>
    <table:table-cell table:style-name="Tabelle1.A1" table:value-type="string">
     <text:p text:style-name="TextInTable">CCITT Group 4</text:p>
    </table:table-cell>
    <table:table-cell table:style-name="Tabelle1.A1" table:value-type="string">
     <text:p text:style-name="TextInTable">CCITT Group 4</text:p>
    </table:table-cell>
    <table:table-cell table:style-name="Tabelle1.A1" table:value-type="string">
     <text:p text:style-name="TextInTable">CCITT Group 4</text:p>
    </table:table-cell>
   </table:table-row>
  </table:table>
  <text:p text:style-name="Head 3">Exportera</text:p>
  <text:p text:style-name="Paragraph">Exporterar den aktuella filen i PDF-format</text:p>
 </office:body>
</office:document>
