

<office:document  xmlns:office="http://openoffice.org/2000/office" xmlns:style="http://openoffice.org/2000/style" xmlns:text="http://openoffice.org/2000/text" xmlns:table="http://openoffice.org/2000/table" xmlns:draw="http://openoffice.org/2000/drawing" xmlns:fo="http://www.w3.org/1999/XSL/Format" xmlns:xlink="http://www.w3.org/1999/xlink" xmlns:number="http://openoffice.org/2000/datastyle" xmlns:svg="http://www.w3.org/2000/svg" xmlns:chart="http://openoffice.org/2000/chart" xmlns:dr3d="http://openoffice.org/2000/dr3d" xmlns:math="http://www.w3.org/1998/Math/MathML" xmlns:form="http://openoffice.org/2000/form" xmlns:script="http://openoffice.org/2000/script" office:class="text" office:version="1.0" xmlns:dc="http://purl.org/dc/elements/1.1/" xmlns:meta="http://openoffice.org/2000/meta" xmlns:help="http://openoffice.org/2000/help">
<office:meta>
  <dc:description>text/common/02/01170700</dc:description>
  <dc:subject>HTML筛选和表单</dc:subject>
  <meta:keywords>
   <meta:keyword>$Version</meta:keyword>
  </meta:keywords>
  <dc:language>zh-CN</dc:language>
  <meta:user-defined meta:name="Info 0">READY</meta:user-defined>
  <meta:user-defined meta:name="Info 1">FREE_OK</meta:user-defined>
  <meta:user-defined meta:name="Info 2"/>
  <meta:user-defined meta:name="Info 3"/>
</office:meta>
 <office:script/>
 <office:font-decls>
  <style:font-decl style:name="StarSymbol" fo:font-family="StarSymbol" style:font-charset="x-symbol"/>
  <style:font-decl style:name="Courier New" fo:font-family="&apos;Courier New&apos;" style:font-style-name="Standard" style:font-family-generic="modern" style:font-pitch="fixed"/>
  <style:font-decl style:name="Andale WT UI" fo:font-family="&apos;Andale WT UI&apos;" style:font-family-generic="roman" style:font-pitch="fixed"/>
  <style:font-decl style:name="Andale WT UI4" fo:font-family="&apos;Andale WT UI&apos;" style:font-pitch="variable"/>
  <style:font-decl style:name="Arial Unicode MS" fo:font-family="&apos;Arial Unicode MS&apos;" style:font-pitch="variable"/>
  <style:font-decl style:name="Courier New1" fo:font-family="&apos;Courier New&apos;" style:font-pitch="variable"/>
  <style:font-decl style:name="HG Mincho Light J" fo:font-family="&apos;HG Mincho Light J&apos;" style:font-pitch="variable"/>
  <style:font-decl style:name="Andale WT UI1" fo:font-family="&apos;Andale WT UI&apos;" style:font-style-name="Fett" style:font-family-generic="roman" style:font-pitch="variable"/>
  <style:font-decl style:name="Andale WT UI2" fo:font-family="&apos;Andale WT UI&apos;" style:font-style-name="Standard" style:font-family-generic="roman" style:font-pitch="variable"/>
  <style:font-decl style:name="Thorndale" fo:font-family="Thorndale" style:font-family-generic="roman" style:font-pitch="variable"/>
  <style:font-decl style:name="Times New Roman" fo:font-family="&apos;Times New Roman&apos;" style:font-style-name="Fett" style:font-family-generic="roman" style:font-pitch="variable"/>
  <style:font-decl style:name="Andale WT UI3" fo:font-family="&apos;Andale WT UI&apos;" style:font-family-generic="swiss" style:font-pitch="variable"/>
 </office:font-decls>
 <office:automatic-styles>
  <style:style style:name="P1" style:family="paragraph" style:parent-style-name="Paragraph" style:master-page-name="HTML">
   <style:properties style:page-number="0"/>
  </style:style>
 </office:automatic-styles>
 <office:body>
  <text:variable-decls>
   <text:variable-decl text:value-type="string" text:name="HTML_ON"/>
   <text:variable-decl text:value-type="string" text:name="HTML_OFF"/>
   <text:variable-decl text:value-type="string" text:name="TITEL"/>
   <text:variable-decl text:value-type="string" text:name="END"/>
   <text:variable-decl text:value-type="string" text:name="HelpID"/>
   <text:variable-decl text:value-type="string" text:name="NAME"/>
   <text:variable-decl text:value-type="string" text:name="HREF"/>
   <text:variable-decl text:value-type="string" text:name="MODIFY"/>
   <text:variable-decl text:value-type="string" text:name="REFNR"/>
   <text:variable-decl text:value-type="string" text:name="AKTHLP"/>
   <text:variable-decl text:value-type="string" text:name="KEY"/>
   <text:variable-decl text:value-type="string" text:name="INDEX"/>
  </text:variable-decls>
  <text:sequence-decls>
   <text:sequence-decl text:display-outline-level="0" text:name="Illustration"/>
   <text:sequence-decl text:display-outline-level="0" text:name="Table"/>
   <text:sequence-decl text:display-outline-level="0" text:name="Text"/>
   <text:sequence-decl text:display-outline-level="0" text:name="Drawing"/>
  </text:sequence-decls>
  <text:p text:style-name="P1"/>
  <text:p text:style-name="Head 1"><help:key-word value="表单; HTML筛选" tag="kw65995_1"/>HTML筛选和表单</text:p>
  <text:p text:style-name="Paragraph">在 HTML 文档中，可以使用所有的控制元素和表单事件。到现在为止，有很多事件 (如瞄准事件) 一直没有被更改。它们将继续被输入和输出，例如用于 JavaScript 的 ONFOCUS、ONBLUR 等，用于 <help:productname>%PRODUCTNAME</help:productname> Basic 的 SDONFOCUS、SDONBLUR 等。</text:p>
  <text:p text:style-name="Paragraph">对于所有其他事件，使用由Listener-Interface和Methoden-Name组成的名字：一个当作XListener::method记录的事件会以</text:p>
  <text:p text:style-name="PropText">SDEvent-XListener-method = &quot;/* event-code */&quot;</text:p>
  <text:p text:style-name="Paragraph">请注意，此选项中的 XListener- 和 method 组件对大小写敏感。</text:p>
  <text:p text:style-name="Paragraph">控制的事件处理是使用 <help:productname>%PRODUCTNAME</help:productname> API 来实现。当为控制指定事件时，对象会将自己以内部注册的方式注册成特定控制事件的“收听者”。为此，该对象必须使用特定的接口，例如 XFocusListener 接口，以便对瞄准事件做出反应。事件发生后，控制会在接收到瞄准时调用收听者接口的特殊方法。内部注册的对象随后将调用指定到该事件的 JavaScript 或 <help:productname>%PRODUCTNAME</help:productname> Basic 代码。</text:p>
  <text:p text:style-name="Paragraph">HTML 筛选会准确地使用这些收听者接口和方法名称，以根据需要来输入和输出事件。在注册瞄准事件时，最好是通过</text:p>
  <text:p text:style-name="PropText">&lt;INPUT TYPE=text ONFOCUS=&quot;/* code */&quot;</text:p>
  <text:p text:style-name="Paragraph">而不是通过</text:p>
  <text:p text:style-name="PropText">&lt;INPUT TYPE=text SDEvent-XFocusListener-focusGained=&quot;/* code */&quot;</text:p>
  <text:p text:style-name="Paragraph">注册。这样就可以根据需要来注册事件了，包括列单框中未提供的事件。要定义事件的脚本语言，请在文档标题中写入以下行：</text:p>
  <text:p text:style-name="PropText">&lt;META HTTP-EQUIV=&quot;content-script-type&quot; CONTENT=&quot;...&quot;&gt;</text:p>
  <text:p text:style-name="Paragraph">对于CONTENT使用用于<help:productname>%PRODUCTNAME</help:productname> Basic的&quot;文字/x-StarBasic&quot;或用于JavaScript&quot;的文字/JavaScript&quot;。如果未给出任何内容，则从JavaScript给出。</text:p>
  <text:p text:style-name="Paragraph">在输出过程中，将基于在宏管理中找到的第一个模块来定义默认的脚本语言。对于事件，每个文档只能使用一种语言。</text:p>
 </office:body>
</office:document>
