

<office:document  xmlns:office="http://openoffice.org/2000/office" xmlns:style="http://openoffice.org/2000/style" xmlns:text="http://openoffice.org/2000/text" xmlns:table="http://openoffice.org/2000/table" xmlns:draw="http://openoffice.org/2000/drawing" xmlns:fo="http://www.w3.org/1999/XSL/Format" xmlns:xlink="http://www.w3.org/1999/xlink" xmlns:number="http://openoffice.org/2000/datastyle" xmlns:svg="http://www.w3.org/2000/svg" xmlns:chart="http://openoffice.org/2000/chart" xmlns:dr3d="http://openoffice.org/2000/dr3d" xmlns:math="http://www.w3.org/1998/Math/MathML" xmlns:form="http://openoffice.org/2000/form" xmlns:script="http://openoffice.org/2000/script" office:class="text" office:version="1.0" xmlns:dc="http://purl.org/dc/elements/1.1/" xmlns:meta="http://openoffice.org/2000/meta" xmlns:help="http://openoffice.org/2000/help">
<office:meta>
  <dc:description>text/common/02/01170201</dc:description>
  <dc:subject>一般</dc:subject>
  <meta:keywords>
   <meta:keyword>$Version</meta:keyword>
  </meta:keywords>
  <dc:language>zh-CN</dc:language>
  <meta:user-defined meta:name="Info 0">READY</meta:user-defined>
  <meta:user-defined meta:name="Info 1">FREE_OK</meta:user-defined>
  <meta:user-defined meta:name="Info 2"/>
  <meta:user-defined meta:name="Info 3"/>
</office:meta>
 <office:script/>
 <office:font-decls>
  <style:font-decl style:name="StarSymbol" fo:font-family="StarSymbol" style:font-charset="x-symbol"/>
  <style:font-decl style:name="Courier New" fo:font-family="&apos;Courier New&apos;" style:font-style-name="Standard" style:font-family-generic="modern" style:font-pitch="fixed"/>
  <style:font-decl style:name="Courier" fo:font-family="Courier" style:font-family-generic="roman" style:font-pitch="fixed"/>
  <style:font-decl style:name="Andale WT UI3" fo:font-family="&apos;Andale WT UI&apos;" style:font-pitch="variable"/>
  <style:font-decl style:name="Arial Unicode MS" fo:font-family="&apos;Arial Unicode MS&apos;" style:font-pitch="variable"/>
  <style:font-decl style:name="HG Mincho Light J" fo:font-family="&apos;HG Mincho Light J&apos;" style:font-pitch="variable"/>
  <style:font-decl style:name="Andale WT UI" fo:font-family="&apos;Andale WT UI&apos;" style:font-style-name="Fett" style:font-family-generic="roman" style:font-pitch="variable"/>
  <style:font-decl style:name="Andale WT UI1" fo:font-family="&apos;Andale WT UI&apos;" style:font-style-name="Standard" style:font-family-generic="roman" style:font-pitch="variable"/>
  <style:font-decl style:name="Thorndale" fo:font-family="Thorndale" style:font-family-generic="roman" style:font-pitch="variable"/>
  <style:font-decl style:name="Times New Roman" fo:font-family="&apos;Times New Roman&apos;" style:font-style-name="Fett" style:font-family-generic="roman" style:font-pitch="variable"/>
  <style:font-decl style:name="Andale WT UI2" fo:font-family="&apos;Andale WT UI&apos;" style:font-family-generic="swiss" style:font-pitch="variable"/>
 </office:font-decls>
 <office:automatic-styles>
  <style:style style:name="Tabelle1" style:family="table">
   <style:properties style:width="18cm" table:align="margins"/>
  </style:style>
  <style:style style:name="Tabelle1.A" style:family="table-column">
   <style:properties style:column-width="6.001cm" style:rel-column-width="21845*"/>
  </style:style>
  <style:style style:name="Tabelle1.B" style:family="table-column">
   <style:properties style:column-width="12cm" style:rel-column-width="43690*"/>
  </style:style>
  <style:style style:name="Tabelle1.A1" style:family="table-cell">
   <style:properties fo:padding="0.049cm" fo:border-left="0.002cm solid #000000" fo:border-right="none" fo:border-top="0.002cm solid #000000" fo:border-bottom="0.002cm solid #000000"/>
  </style:style>
  <style:style style:name="Tabelle1.B1" style:family="table-cell">
   <style:properties fo:padding="0.049cm" fo:border="0.002cm solid #000000"/>
  </style:style>
  <style:style style:name="Tabelle1.A2" style:family="table-cell">
   <style:properties fo:padding="0.049cm" fo:border-left="0.002cm solid #000000" fo:border-right="none" fo:border-top="none" fo:border-bottom="0.002cm solid #000000"/>
  </style:style>
  <style:style style:name="Tabelle1.B2" style:family="table-cell">
   <style:properties fo:padding="0.049cm" fo:border-left="0.002cm solid #000000" fo:border-right="0.002cm solid #000000" fo:border-top="none" fo:border-bottom="0.002cm solid #000000"/>
  </style:style>
  <style:style style:name="P1" style:family="paragraph" style:parent-style-name="Paragraph" style:master-page-name="HTML">
   <style:properties style:page-number="0"/>
  </style:style>
 </office:automatic-styles>
 <office:body>
  <text:variable-decls>
   <text:variable-decl text:value-type="string" text:name="HTML_ON"/>
   <text:variable-decl text:value-type="string" text:name="HTML_OFF"/>
   <text:variable-decl text:value-type="string" text:name="TITEL"/>
   <text:variable-decl text:value-type="string" text:name="END"/>
   <text:variable-decl text:value-type="string" text:name="HelpID"/>
   <text:variable-decl text:value-type="string" text:name="NAME"/>
   <text:variable-decl text:value-type="string" text:name="HREF"/>
   <text:variable-decl text:value-type="string" text:name="MODIFY"/>
   <text:variable-decl text:value-type="string" text:name="REFNR"/>
   <text:variable-decl text:value-type="string" text:name="OS2"/>
   <text:variable-decl text:value-type="string" text:name="ELSE"/>
   <text:variable-decl text:value-type="string" text:name="AKTHLP"/>
   <text:variable-decl text:value-type="string" text:name="KEY"/>
   <text:variable-decl text:value-type="string" text:name="INDEX"/>
   <text:variable-decl text:value-type="string" text:name="STYLE"/>
  </text:variable-decls>
  <text:sequence-decls>
   <text:sequence-decl text:display-outline-level="0" text:name="Illustration"/>
   <text:sequence-decl text:display-outline-level="0" text:name="Table"/>
   <text:sequence-decl text:display-outline-level="0" text:name="Text"/>
   <text:sequence-decl text:display-outline-level="0" text:name="Drawing"/>
  </text:sequence-decls>
  <help:to-be-embedded Eid="allgemein">
  <text:p text:style-name="Head 1"><help:link Id="65948">一般</help:link></text:p>
  </help:to-be-embedded>
  <help:popup Id="65594" Eid="formulareigenschaftenallgemein"><help:embedded Id="65598" Eid="wie"></help:embedded></help:popup>
  <text:p text:style-name="Paragraph">表单是含有各种表单控制的文本文档或工作表文档。如果建立一个 Web 页表单，使用者可以输入要通过国际互联网传送的数据。表单中各个控制所包含的数据通过指定的 URL 传送到服务器，并由服务器对它们进行处理。</text:p>
  <text:p text:style-name="Head 2">名称</text:p>
  <text:p text:style-name="Paragraph">指定表单的名称。此名称用于在 <help:link Id="65950">[表单助手]</help:link> 中标识该表单。</text:p>
  <text:p text:style-name="Head 2"><a name="url"/>URL</text:p>
  <text:p text:style-name="Paragraph">指定 URL，已完成的表单中的数据将被传送到该 URL。</text:p>
  <text:p text:style-name="Head 2">框对象</text:p>
  <text:p text:style-name="Paragraph">定义一个目标框，用于显示装入的 URL。</text:p>
  <help:embedded Id="65921" Eid="fuerformulareigenschaft"></help:embedded>
  <text:p text:style-name="Head 2"><help:help-id value="HID_PROP_SUBMIT_METHOD"/><help:key-word value="提交; 表单" tag="kw65948_1"/>提交的类型</text:p>
  <text:p text:style-name="Paragraph"><help:help-text value="visible">指定用于传送已完成的表单信息的方法。</help:help-text></text:p>
  <text:p text:style-name="Paragraph"><help:key-word value="Get 方法; 表单" tag="kw65948_3"/>当使用“Get”方法时，每个控制的数据将作为环境变量来传送。这些数据以“?控制1=内容1&amp;控制2=内容2&amp;...”的格式附加到 URL，并由收件人服务器上的程序对字串进行分析。</text:p>
  <text:p text:style-name="Paragraph"><help:key-word value="Post 方法; 表单" tag="kw65948_2"/>当使用“Post”方法时，将使用发送到指定 URL 的表单内容来建立一个文档。</text:p>
  <text:p text:style-name="Head 2"><help:help-id value="HID_PROP_SUBMIT_ENCODING"/>提交时执行编码处理</text:p>
  <text:p text:style-name="Paragraph"><help:help-text value="visible">指定数据传送的编码类型。</help:help-text></text:p>
  <text:p text:style-name="Head 2">控制字段信息的数据传输</text:p>
  <text:p text:style-name="Paragraph">在发送表单时会顾及<help:productname>%PRODUCTNAME</help:productname>里所有可供使用的控制字段。控制字段的名称总是被传递，如果有附属值也会被传递。</text:p>
  <text:p text:style-name="Paragraph">哪些数值被传输取决于单个控制字段。在文本框里能见的条目将被传输，在列表框里是选择的条目被传输，在掩码字段和选项字段里是它们的引用值，条件是激活这些栏位。</text:p>
  <text:p text:style-name="Paragraph">这些信息如何传输取决于选择哪种传输方式(获得或电子邮件)和编码(URL或Multipart)。如果选择了获得方式和URL编码，数值对将以&lt;名称&gt;=&lt;数值&gt;的格式被发送。</text:p>
  <text:p text:style-name="Paragraph">除了HTML里的控制字段，还在<help:productname>%PRODUCTNAME</help:productname>里为您提供了其它字段。这里要注意，对于含有某些特定数字格式的字段不是传输可见的数值，而是传输被定义的标准格式。以下表格显示了<help:productname>%PRODUCTNAME</help:productname>专用控制字段数据的传输方式：</text:p>
  <table:table table:name="Tabelle1" table:style-name="Tabelle1">
   <table:table-column table:style-name="Tabelle1.A"/>
   <table:table-column table:style-name="Tabelle1.B"/>
   <table:table-header-rows>
    <table:table-row>
     <table:table-cell table:style-name="Tabelle1.A1" table:value-type="string">
      <text:p text:style-name="TableHead">控制</text:p>
     </table:table-cell>
     <table:table-cell table:style-name="Tabelle1.B1" table:value-type="string">
      <text:p text:style-name="TableHead">数对</text:p>
     </table:table-cell>
    </table:table-row>
   </table:table-header-rows>
   <table:table-row>
    <table:table-cell table:style-name="Tabelle1.A2" table:value-type="string">
     <text:p text:style-name="TextInTable">数字字段，货币字段</text:p>
    </table:table-cell>
    <table:table-cell table:style-name="Tabelle1.B2" table:value-type="string">
     <text:p text:style-name="TextInTable">十进制分隔符用点表示。</text:p>
    </table:table-cell>
   </table:table-row>
   <table:table-row>
    <table:table-cell table:style-name="Tabelle1.A2" table:value-type="string">
     <text:p text:style-name="TextInTable">日期字段</text:p>
    </table:table-cell>
    <table:table-cell table:style-name="Tabelle1.B2" table:value-type="string">
     <text:p text:style-name="TextInTable">日期格式将按固定的格式(月-日-年)被传输，与当地使用者的设置无关。</text:p>
    </table:table-cell>
   </table:table-row>
   <table:table-row>
    <table:table-cell table:style-name="Tabelle1.A2" table:value-type="string">
     <text:p text:style-name="TextInTable">时间字段</text:p>
    </table:table-cell>
    <table:table-cell table:style-name="Tabelle1.B2" table:value-type="string">
     <text:p text:style-name="TextInTable">时间格式将被以固定的格式(时:分:秒)被传输，而与使用者的本地设置无关。</text:p>
    </table:table-cell>
   </table:table-row>
   <table:table-row>
    <table:table-cell table:style-name="Tabelle1.A2" table:value-type="string">
     <text:p text:style-name="TextInTable">掩码字段</text:p>
    </table:table-cell>
    <table:table-cell table:style-name="Tabelle1.B2" table:value-type="string">
     <text:p text:style-name="TextInTable">掩码字段数值的传输方式和文本框一样，也就是说，表单中能见的数值被传输。</text:p>
    </table:table-cell>
   </table:table-row>
   <table:table-row>
    <table:table-cell table:style-name="Tabelle1.A2" table:value-type="string">
     <text:p text:style-name="TextInTable">表格控制</text:p>
    </table:table-cell>
    <table:table-cell table:style-name="Tabelle1.B2" table:value-type="string">
     <text:p text:style-name="TextInTable">在表格控制中，各列通常会被传送，传送的内容包括控制的名称、列的名称和列的数值。如果使用“Get”方法时采用 URL 编码，则传送格式为 &lt;表格控制的名称&gt;.&lt;列的名称&gt;=&lt;数值&gt;，其中，数值由列决定。</text:p>
    </table:table-cell>
   </table:table-row>
  </table:table>
 </office:body>
</office:document>
