

<office:document  xmlns:office="http://openoffice.org/2000/office" xmlns:style="http://openoffice.org/2000/style" xmlns:text="http://openoffice.org/2000/text" xmlns:table="http://openoffice.org/2000/table" xmlns:draw="http://openoffice.org/2000/drawing" xmlns:fo="http://www.w3.org/1999/XSL/Format" xmlns:xlink="http://www.w3.org/1999/xlink" xmlns:number="http://openoffice.org/2000/datastyle" xmlns:svg="http://www.w3.org/2000/svg" xmlns:chart="http://openoffice.org/2000/chart" xmlns:dr3d="http://openoffice.org/2000/dr3d" xmlns:math="http://www.w3.org/1998/Math/MathML" xmlns:form="http://openoffice.org/2000/form" xmlns:script="http://openoffice.org/2000/script" office:class="text" office:version="1.0" xmlns:dc="http://purl.org/dc/elements/1.1/" xmlns:meta="http://openoffice.org/2000/meta" xmlns:help="http://openoffice.org/2000/help">
<office:meta>
  <dc:description>text/common/02/01170004</dc:description>
  <dc:subject>有关表格控制的特殊提示</dc:subject>

  <dc:language>zh-CN</dc:language>
  <meta:user-defined meta:name="Info 0">READY</meta:user-defined>
  <meta:user-defined meta:name="Info 1">FREE_OK</meta:user-defined>
  <meta:user-defined meta:name="Info 2"/>
  <meta:user-defined meta:name="Info 3"/>
</office:meta>
 <office:script/>
 <office:font-decls>
  <style:font-decl style:name="StarSymbol" fo:font-family="StarSymbol" style:font-charset="x-symbol"/>
  <style:font-decl style:name="Courier New" fo:font-family="&apos;Courier New&apos;" style:font-style-name="Standard" style:font-family-generic="modern" style:font-pitch="fixed"/>
  <style:font-decl style:name="Courier" fo:font-family="Courier" style:font-family-generic="roman" style:font-pitch="fixed"/>
  <style:font-decl style:name="Andale WT UI3" fo:font-family="&apos;Andale WT UI&apos;" style:font-pitch="variable"/>
  <style:font-decl style:name="Arial Unicode MS" fo:font-family="&apos;Arial Unicode MS&apos;" style:font-pitch="variable"/>
  <style:font-decl style:name="HG Mincho Light J" fo:font-family="&apos;HG Mincho Light J&apos;" style:font-pitch="variable"/>
  <style:font-decl style:name="Andale WT UI" fo:font-family="&apos;Andale WT UI&apos;" style:font-style-name="Fett" style:font-family-generic="roman" style:font-pitch="variable"/>
  <style:font-decl style:name="Andale WT UI1" fo:font-family="&apos;Andale WT UI&apos;" style:font-style-name="Standard" style:font-family-generic="roman" style:font-pitch="variable"/>
  <style:font-decl style:name="Thorndale" fo:font-family="Thorndale" style:font-family-generic="roman" style:font-pitch="variable"/>
  <style:font-decl style:name="Times New Roman" fo:font-family="&apos;Times New Roman&apos;" style:font-style-name="Fett" style:font-family-generic="roman" style:font-pitch="variable"/>
  <style:font-decl style:name="Andale WT UI2" fo:font-family="&apos;Andale WT UI&apos;" style:font-family-generic="swiss" style:font-pitch="variable"/>
 </office:font-decls>
 <office:automatic-styles>
  <style:style style:name="P1" style:family="paragraph" style:parent-style-name="Paragraph" style:master-page-name="HTML">
   <style:properties style:page-number="0"/>
  </style:style>
  <style:style style:name="P2" style:family="paragraph" style:parent-style-name="Paragraph" style:list-style-name="L1"/>
  <style:style style:name="T1" style:family="text">
   <style:properties fo:font-weight="bold"/>
  </style:style>
  <text:list-style style:name="L1">
   <text:list-level-style-number text:level="1" text:style-name="Numbering Symbols" style:num-suffix="." style:num-format="1">
    <style:properties text:min-label-width="0.499cm"/>
   </text:list-level-style-number>
   <text:list-level-style-number text:level="2" text:style-name="Numbering Symbols" style:num-suffix="." style:num-format="1">
    <style:properties text:space-before="0.501cm" text:min-label-width="0.499cm"/>
   </text:list-level-style-number>
   <text:list-level-style-number text:level="3" text:style-name="Numbering Symbols" style:num-suffix="." style:num-format="1">
    <style:properties text:space-before="1cm" text:min-label-width="0.499cm"/>
   </text:list-level-style-number>
   <text:list-level-style-number text:level="4" text:style-name="Numbering Symbols" style:num-suffix="." style:num-format="1">
    <style:properties text:space-before="1.501cm" text:min-label-width="0.499cm"/>
   </text:list-level-style-number>
   <text:list-level-style-number text:level="5" text:style-name="Numbering Symbols" style:num-suffix="." style:num-format="1">
    <style:properties text:space-before="2cm" text:min-label-width="0.499cm"/>
   </text:list-level-style-number>
   <text:list-level-style-number text:level="6" text:style-name="Numbering Symbols" style:num-suffix="." style:num-format="1">
    <style:properties text:space-before="2.501cm" text:min-label-width="0.499cm"/>
   </text:list-level-style-number>
   <text:list-level-style-number text:level="7" text:style-name="Numbering Symbols" style:num-suffix="." style:num-format="1">
    <style:properties text:space-before="3.001cm" text:min-label-width="0.499cm"/>
   </text:list-level-style-number>
   <text:list-level-style-number text:level="8" text:style-name="Numbering Symbols" style:num-suffix="." style:num-format="1">
    <style:properties text:space-before="3.502cm" text:min-label-width="0.499cm"/>
   </text:list-level-style-number>
   <text:list-level-style-number text:level="9" text:style-name="Numbering Symbols" style:num-suffix="." style:num-format="1">
    <style:properties text:space-before="4.001cm" text:min-label-width="0.499cm"/>
   </text:list-level-style-number>
   <text:list-level-style-number text:level="10" text:style-name="Numbering Symbols" style:num-suffix="." style:num-format="1">
    <style:properties text:space-before="4.502cm" text:min-label-width="0.499cm"/>
   </text:list-level-style-number>
  </text:list-style>
 </office:automatic-styles>
 <office:body>
  <text:variable-decls>
   <text:variable-decl text:value-type="string" text:name="HTML_ON"/>
   <text:variable-decl text:value-type="string" text:name="HTML_OFF"/>
   <text:variable-decl text:value-type="string" text:name="TITEL"/>
   <text:variable-decl text:value-type="string" text:name="END"/>
   <text:variable-decl text:value-type="string" text:name="HelpID"/>
   <text:variable-decl text:value-type="string" text:name="NAME"/>
   <text:variable-decl text:value-type="string" text:name="HREF"/>
   <text:variable-decl text:value-type="string" text:name="MODIFY"/>
   <text:variable-decl text:value-type="string" text:name="REFNR"/>
   <text:variable-decl text:value-type="string" text:name="AKTHLP"/>
   <text:variable-decl text:value-type="string" text:name="KEY"/>
   <text:variable-decl text:value-type="string" text:name="INDEX"/>
   <text:variable-decl text:value-type="string" text:name="MAC"/>
   <text:variable-decl text:value-type="string" text:name="ELSE"/>
   <text:variable-decl text:value-type="string" text:name="OS2"/>
   <text:variable-decl text:value-type="string" text:name="HFELD"/>
  </text:variable-decls>
  <text:sequence-decls>
   <text:sequence-decl text:display-outline-level="0" text:name="Illustration"/>
   <text:sequence-decl text:display-outline-level="0" text:name="Table"/>
   <text:sequence-decl text:display-outline-level="0" text:name="Text"/>
   <text:sequence-decl text:display-outline-level="0" text:name="Drawing"/>
  </text:sequence-decls>
  <text:p text:style-name="P1"/>
  <text:p text:style-name="Head 1"><help:key-word value="表格控制; 属性" tag="kw65924_1"/><help:key-word value="控制; 表格控制属性" tag="kw65924_3"/>有关表格控制的特殊提示</text:p>
  <text:p text:style-name="Paragraph">可以定义表格控制，根据需要显示数据条目，也就是说，可以像在数据库表单中一样定义用于显示或编辑数据的数据字段。</text:p>
  <text:p text:style-name="Paragraph">下面的字段可以用在表格控制中：文字、日期、时间和货币字段、数字字段、掩码字段、复选框和组合框。在日期字段和时间字段组合的情况下，将自动生成两列。</text:p>
  <text:p text:style-name="Paragraph">在数据条目总数后面的括号里可以看到选出行的数量。</text:p>
  <text:p text:style-name="Paragraph">要在表格控制中插入列，请在列标题上单击并打开上下文菜单。可以使用以下命令：</text:p>
  <text:p text:style-name="Head 2"><help:help-id value="SID_FM_INSERTCOL"/>插入列</text:p>
  <text:p text:style-name="Paragraph"><help:help-text value="visible">调出一个子菜单，可以在其中选择要在表格控制中使用的数据字段。</help:help-text></text:p>
  <text:p text:style-name="Paragraph">可以通过拖放来配置表格控制：打开数据源浏览器，从数据源浏览器中将所需字段拖到表格控制的列标题上。这样就建立了一个预配置列。</text:p>
  <text:p text:style-name="Head 2"><help:help-id value="SID_FM_CHANGECOL"/>替换成</text:p>
  <text:p text:style-name="Paragraph"><help:help-text value="visible">打开一个子菜单，可以在其中选择数据字段，以替换表格控制中选定的数据字段。</help:help-text></text:p>
  <text:p text:style-name="Head 2"><help:help-id value="SID_FM_DELETECOL"/>删除列</text:p>
  <text:p text:style-name="Paragraph"><help:help-text value="visible">删除当前选出的列。</help:help-text></text:p>
  <text:p text:style-name="Head 2">列...</text:p>
  <text:p text:style-name="Paragraph">打开选出列的属性对话框。</text:p>
  <text:p text:style-name="Head 2"><help:help-id value="SID_FM_HIDECOL"/>隐入列</text:p>
  <text:p text:style-name="Paragraph"><help:help-text value="visible">隐入选定的列。</help:help-text>列的属性保持不变。</text:p>
  <text:p text:style-name="Head 2"><help:help-id value="SID_FM_SHOWCOLS"/>显示列</text:p>
  <text:p text:style-name="Paragraph"><help:help-text value="visible">调出一个子菜单，在里面可以选出要再次显示的列。</help:help-text>如果只想显示一列，点击它的名称。您只能看到前16个隐入的列。如果有多个隐入列，可以通过命令<text:span text:style-name="T1">多个</text:span>调出对话框<text:span text:style-name="T1">显示列</text:span>。</text:p>
  <text:p text:style-name="Head 3"><help:help-id value="SID_FM_SHOWCOLS_MORE"/>多个</text:p>
  <text:p text:style-name="Paragraph"><help:help-text value="visible">调出对话框<text:span text:style-name="T1">显示列</text:span>。</help:help-text></text:p>
  <text:p text:style-name="Paragraph"><help:help-id value="SVX_LISTBOX_RID_SVX_DLG_SHOWGRIDCOLUMNS_1"/><help:help-text value="visible">在 <text:span text:style-name="T1">[显示列]</text:span> 对话框中，可以选择要显示的列。按住 Shift 或 Ctrl 键可以选择多个条目。</help:help-text></text:p>
  <text:p text:style-name="Head 3"><help:help-id value="SID_FM_SHOWALLCOLS"/>全部</text:p>
  <text:p text:style-name="Paragraph"><help:help-text value="visible">如果您想显示所有列，请点击<text:span text:style-name="T1">全部</text:span>。</help:help-text></text:p>
  <text:p text:style-name="Head 2"><help:key-word value="表格控制; 仅用键盘控制" tag="kw65924_2"/>仅用键盘控制表格控制</text:p>
  <text:p text:style-name="Paragraph">如果使用键盘浏览文档中的控制，您会发现表格控制与其他类型控制的一个不同之处：Tab 键不是将光标移到下一个控制，而是移到表格控制中的下一列。这时，需要按 Ctrl+Tab 键才能移到下一个控制，按 Shift+Ctrl+Tab 键可以移到上一个控制。</text:p>
  <text:p text:style-name="Head 3">进入仅使用键盘对表格控制进行编辑的特殊模式</text:p>
  <text:p text:style-name="Paragraph">表单文档必须处于<help:link Id="66018">设计模式</help:link>。</text:p>
  <text:ordered-list text:style-name="L1">
   <text:list-item>
    <text:p text:style-name="P2">按 Ctrl+F6 键选择相应的文档。</text:p>
   </text:list-item>
   <text:list-item>
    <text:p text:style-name="P2">按 Shift+F5 键选择第一个控制。如果表格控制不是第一个控制，请按 Tab 键直到选择了表格控制。</text:p>
   </text:list-item>
   <text:list-item>
    <text:p text:style-name="P2">按 Enter 键进入编辑模式。控点将显示在控制边框之外。</text:p>
   </text:list-item>
   <text:list-item>
    <text:p text:style-name="P2">在编辑模式中，按 Shift+F10 键打开编辑模式上下文菜单。</text:p>
   </text:list-item>
   <text:list-item>
    <text:p text:style-name="P2">要编辑列，请按 Shift+空格键进入列编辑模式。然后可以使用 Ctrl+方向键重新对列进行排序。使用 Delete 键可以删除当前列。</text:p>
   </text:list-item>
   <text:list-item>
    <text:p text:style-name="P2">按 Escape 键退出编辑模式。</text:p>
   </text:list-item>
  </text:ordered-list>
 </office:body>
</office:document>
