

<office:document  xmlns:office="http://openoffice.org/2000/office" xmlns:style="http://openoffice.org/2000/style" xmlns:text="http://openoffice.org/2000/text" xmlns:table="http://openoffice.org/2000/table" xmlns:draw="http://openoffice.org/2000/drawing" xmlns:fo="http://www.w3.org/1999/XSL/Format" xmlns:xlink="http://www.w3.org/1999/xlink" xmlns:number="http://openoffice.org/2000/datastyle" xmlns:svg="http://www.w3.org/2000/svg" xmlns:chart="http://openoffice.org/2000/chart" xmlns:dr3d="http://openoffice.org/2000/dr3d" xmlns:math="http://www.w3.org/1998/Math/MathML" xmlns:form="http://openoffice.org/2000/form" xmlns:script="http://openoffice.org/2000/script" office:class="text" office:version="1.0" xmlns:dc="http://purl.org/dc/elements/1.1/" xmlns:meta="http://openoffice.org/2000/meta" xmlns:help="http://openoffice.org/2000/help">
<office:meta>
  <dc:description>text/common/02/01170904</dc:description>
  <dc:subject>自动文件助理 组合栏：数据库字段</dc:subject>

  <dc:language>zh-CN</dc:language>
  <meta:user-defined meta:name="Info 0">READY</meta:user-defined>
  <meta:user-defined meta:name="Info 1">FREE_OK</meta:user-defined>
  <meta:user-defined meta:name="Info 2"/>
  <meta:user-defined meta:name="Info 3"/>
</office:meta>
 <office:script/>
 <office:font-decls>
  <style:font-decl style:name="StarSymbol" fo:font-family="StarSymbol" style:font-charset="x-symbol"/>
  <style:font-decl style:name="Courier New" fo:font-family="&apos;Courier New&apos;" style:font-style-name="Standard" style:font-family-generic="modern" style:font-pitch="fixed"/>
  <style:font-decl style:name="Courier" fo:font-family="Courier" style:font-family-generic="roman" style:font-pitch="fixed"/>
  <style:font-decl style:name="Andale WT UI3" fo:font-family="&apos;Andale WT UI&apos;" style:font-pitch="variable"/>
  <style:font-decl style:name="Arial Unicode MS" fo:font-family="&apos;Arial Unicode MS&apos;" style:font-pitch="variable"/>
  <style:font-decl style:name="HG Mincho Light J" fo:font-family="&apos;HG Mincho Light J&apos;" style:font-pitch="variable"/>
  <style:font-decl style:name="Andale WT UI" fo:font-family="&apos;Andale WT UI&apos;" style:font-style-name="Fett" style:font-family-generic="roman" style:font-pitch="variable"/>
  <style:font-decl style:name="Andale WT UI1" fo:font-family="&apos;Andale WT UI&apos;" style:font-style-name="Standard" style:font-family-generic="roman" style:font-pitch="variable"/>
  <style:font-decl style:name="Thorndale" fo:font-family="Thorndale" style:font-family-generic="roman" style:font-pitch="variable"/>
  <style:font-decl style:name="Times New Roman" fo:font-family="&apos;Times New Roman&apos;" style:font-style-name="Fett" style:font-family-generic="roman" style:font-pitch="variable"/>
  <style:font-decl style:name="Andale WT UI2" fo:font-family="&apos;Andale WT UI&apos;" style:font-family-generic="swiss" style:font-pitch="variable"/>
 </office:font-decls>
 <office:automatic-styles>
  <style:style style:name="P1" style:family="paragraph" style:parent-style-name="Paragraph" style:master-page-name="HTML">
   <style:properties style:page-number="0"/>
  </style:style>
  <style:style style:name="T1" style:family="text">
   <style:properties fo:font-weight="bold"/>
  </style:style>
 </office:automatic-styles>
 <office:body>
  <text:variable-decls>
   <text:variable-decl text:value-type="string" text:name="HTML_ON"/>
   <text:variable-decl text:value-type="string" text:name="HTML_OFF"/>
   <text:variable-decl text:value-type="string" text:name="TITEL"/>
   <text:variable-decl text:value-type="string" text:name="END"/>
   <text:variable-decl text:value-type="string" text:name="HelpID"/>
   <text:variable-decl text:value-type="string" text:name="NAME"/>
   <text:variable-decl text:value-type="string" text:name="HREF"/>
   <text:variable-decl text:value-type="string" text:name="MODIFY"/>
   <text:variable-decl text:value-type="string" text:name="REFNR"/>
   <text:variable-decl text:value-type="string" text:name="AKTHLP"/>
   <text:variable-decl text:value-type="string" text:name="KEY"/>
   <text:variable-decl text:value-type="string" text:name="OS2"/>
   <text:variable-decl text:value-type="string" text:name="ELSE"/>
   <text:variable-decl text:value-type="string" text:name="STYLE"/>
  </text:variable-decls>
  <text:sequence-decls>
   <text:sequence-decl text:display-outline-level="0" text:name="Illustration"/>
   <text:sequence-decl text:display-outline-level="0" text:name="Table"/>
   <text:sequence-decl text:display-outline-level="0" text:name="Text"/>
   <text:sequence-decl text:display-outline-level="0" text:name="Drawing"/>
  </text:sequence-decls>
  <help:to-be-embedded Eid="seite3b">
  <text:p text:style-name="Head 1"><help:link Id="65907">自动文件助理 组合栏：数据库字段</help:link></text:p>
  <text:p text:style-name="Paragraph">在组合框中，您可以在一个数据库字段中保存一个字段的数值，也可以在表单中显示该数值。</text:p>
  </help:to-be-embedded>
  <text:p text:style-name="Paragraph">在组合字段中输入的或从列单中选择的使用者数值，可以存盘到通过表单访问的数据库表格中。请注意，这些数值不能存盘到其他表格中。如果不将数值存入数据库中，则只能存入表单中。这对 HTML 表单尤其有用，因为在 HTML 表单中，使用者输入或选定的数值将被指定到服务器。</text:p>
  <help:popup Id="65594" Eid="aupikomli3b"><help:embedded Id="65598" Eid="wie"></help:embedded></help:popup>
  <text:p text:style-name="Head 2">您是否希望把数值保存在一个数据库字段？</text:p>
  <text:p text:style-name="Paragraph">对于此问题，有两个选项可供选择：</text:p>
  <text:p text:style-name="Head 3"><help:help-id value="DBP_RADIOBUTTON_RID_PAGE_OPTION_DBFIELD_RB_STOREINFIELD_YES"/>是，在以下的数据库字段</text:p>
  <text:p text:style-name="Paragraph"><help:help-text value="visible">指定是否将使用者输入或选定的组合字段数值存盘到数据库字段中。</help:help-text>将提供几个可以通过当前表单访问的数据库表格字段。</text:p>
  <text:p text:style-name="Paragraph">在 <help:link Id="65983">[控制] - [属性]</help:link> 对话框<text:span text:style-name="T1">“数据”</text:span>选项卡页面中，选定的字段显示为<text:span text:style-name="T1">“数据字段”</text:span>的一个条目。</text:p>
  <text:p text:style-name="Head 3"><help:help-id value="DBP_LISTBOX_RID_PAGE_OPTION_DBFIELD_LB_STOREINFIELD"/>列表框</text:p>
  <text:p text:style-name="Paragraph"><help:help-text value="visible">指定用于存盘组合字段数值的数据字段。</help:help-text></text:p>
  <text:p text:style-name="Head 3"><help:help-id value="DBP_RADIOBUTTON_RID_PAGE_OPTION_DBFIELD_RB_STOREINFIELD_NO"/>否，我只想将这个数值存入表单</text:p>
  <text:p text:style-name="Paragraph"><help:help-text value="visible">指定不把该组合字段的数值写入数据库，而只是存盘到表单中。</help:help-text></text:p>
 </office:body>
</office:document>
