

<office:document  xmlns:office="http://openoffice.org/2000/office" xmlns:style="http://openoffice.org/2000/style" xmlns:text="http://openoffice.org/2000/text" xmlns:table="http://openoffice.org/2000/table" xmlns:draw="http://openoffice.org/2000/drawing" xmlns:fo="http://www.w3.org/1999/XSL/Format" xmlns:xlink="http://www.w3.org/1999/xlink" xmlns:number="http://openoffice.org/2000/datastyle" xmlns:svg="http://www.w3.org/2000/svg" xmlns:chart="http://openoffice.org/2000/chart" xmlns:dr3d="http://openoffice.org/2000/dr3d" xmlns:math="http://www.w3.org/1998/Math/MathML" xmlns:form="http://openoffice.org/2000/form" xmlns:script="http://openoffice.org/2000/script" office:class="text" office:version="1.0" xmlns:dc="http://purl.org/dc/elements/1.1/" xmlns:meta="http://openoffice.org/2000/meta" xmlns:help="http://openoffice.org/2000/help">
<office:meta>
  <dc:description>text/common/01/01010301</dc:description>
  <dc:subject>Medium</dc:subject>

  <dc:language>de-DE</dc:language>
  <meta:user-defined meta:name="Info 0">READY</meta:user-defined>
  <meta:user-defined meta:name="Info 1">FREE_OK</meta:user-defined>
  <meta:user-defined meta:name="Info 2"/>
  <meta:user-defined meta:name="Info 3"/>
</office:meta>
 <office:script/>
 <office:font-decls>
  <style:font-decl style:name="StarSymbol" fo:font-family="StarSymbol" style:font-charset="x-symbol"/>
  <style:font-decl style:name="Courier New" fo:font-family="&apos;Courier New&apos;" style:font-style-name="Standard" style:font-family-generic="modern" style:font-pitch="fixed"/>
  <style:font-decl style:name="Courier" fo:font-family="Courier" style:font-family-generic="roman" style:font-pitch="fixed"/>
  <style:font-decl style:name="Arial Unicode MS" fo:font-family="&apos;Arial Unicode MS&apos;" style:font-pitch="variable"/>
  <style:font-decl style:name="HG Mincho Light J" fo:font-family="&apos;HG Mincho Light J&apos;" style:font-pitch="variable"/>
  <style:font-decl style:name="Times New Roman3" fo:font-family="&apos;Times New Roman&apos;" style:font-pitch="variable"/>
  <style:font-decl style:name="Thorndale" fo:font-family="Thorndale" style:font-family-generic="roman" style:font-pitch="variable"/>
  <style:font-decl style:name="Times New Roman2" fo:font-family="&apos;Times New Roman&apos;" style:font-style-name="Fett" style:font-family-generic="roman" style:font-pitch="variable"/>
  <style:font-decl style:name="Times New Roman" fo:font-family="&apos;Times New Roman&apos;" style:font-style-name="Standard" style:font-family-generic="roman" style:font-pitch="variable"/>
  <style:font-decl style:name="Times New Roman1" fo:font-family="&apos;Times New Roman&apos;" style:font-family-generic="swiss" style:font-pitch="variable"/>
 </office:font-decls>
 <office:automatic-styles>
  <style:style style:name="P1" style:family="paragraph" style:parent-style-name="Paragraph" style:master-page-name="HTML">
   <style:properties style:page-number="0"/>
  </style:style>
  <style:style style:name="T1" style:family="text">
   <style:properties fo:font-weight="bold"/>
  </style:style>
 </office:automatic-styles>
 <office:body>
  <text:variable-decls>
   <text:variable-decl text:value-type="string" text:name="HTML_ON"/>
   <text:variable-decl text:value-type="string" text:name="HTML_OFF"/>
   <text:variable-decl text:value-type="string" text:name="TITEL"/>
   <text:variable-decl text:value-type="string" text:name="END"/>
   <text:variable-decl text:value-type="string" text:name="OS2"/>
   <text:variable-decl text:value-type="string" text:name="ELSE"/>
   <text:variable-decl text:value-type="string" text:name="HREF"/>
   <text:variable-decl text:value-type="string" text:name="NAME"/>
   <text:variable-decl text:value-type="string" text:name="HelpID"/>
   <text:variable-decl text:value-type="string" text:name="MODIFY"/>
   <text:variable-decl text:value-type="string" text:name="REFNR"/>
   <text:variable-decl text:value-type="string" text:name="AKTHLP"/>
   <text:variable-decl text:value-type="string" text:name="STYLE"/>
  </text:variable-decls>
  <text:sequence-decls>
   <text:sequence-decl text:display-outline-level="0" text:name="Illustration"/>
   <text:sequence-decl text:display-outline-level="0" text:name="Table"/>
   <text:sequence-decl text:display-outline-level="0" text:name="Text"/>
   <text:sequence-decl text:display-outline-level="0" text:name="Drawing"/>
  </text:sequence-decls>
  <help:to-be-embedded Eid="etiketten">
  <text:p text:style-name="Head 1"><help:link Id="68493">Medium</help:link></text:p>
  <text:p text:style-name="Paragraph"><help:help-text value="visible">Wählen Sie entweder eines der vordefinierten Formate aus oder wechseln Sie in das Register <text:span text:style-name="T1">Format</text:span>, um dort ein eigenes Format zu definieren.</help:help-text></text:p>
  </help:to-be-embedded>
  <help:popup Id="65611" Eid="visikartform"><help:embedded Id="65598" Eid="wie"></help:embedded></help:popup>
  <text:p text:style-name="Head 2">Format</text:p>
  <text:p text:style-name="Paragraph">Wählen Sie ein Format für Ihre Visitenkarte.</text:p>
  <text:p text:style-name="Head 3"><help:help-id value="HID_BUSINESS_FMT_PAGE_CONT"/>Endlos</text:p>
  <text:p text:style-name="Paragraph"><help:help-text value="visible">Die Visitenkarten werden auf Endlospapier gedruckt.</help:help-text></text:p>
  <text:p text:style-name="Head 3"><help:help-id value="HID_BUSINESS_FMT_PAGE_SHEET"/>Bogen</text:p>
  <text:p text:style-name="Paragraph"><help:help-text value="visible">Die Visitenkarten werden auf einzelnen Bögen gedruckt.</help:help-text></text:p>
  <text:p text:style-name="Head 3"><help:help-id value="HID_BUSINESS_FMT_PAGE_BRAND"/>Marke</text:p>
  <text:p text:style-name="Paragraph"><help:help-text value="visible">Wählen Sie die gewünschte Papiermarke.</help:help-text> Jede Marke hat ihre eigenen Formate.</text:p>
  <text:p text:style-name="Head 3"><help:help-id value="HID_BUSINESS_FMT_PAGE_TYPE"/>Typ</text:p>
  <text:p text:style-name="Paragraph"><help:help-text value="visible">Wählen Sie das gewünschte Format. Die verfügbaren Formate hängen von Ihrer Auswahl in der Liste <text:span text:style-name="T1">Marke</text:span> ab. Wenn Sie ein benutzerdefiniertes Format verwenden möchten, wählen Sie zunächst <text:span text:style-name="T1">[Benutzer]</text:span> aus und klicken dann auf das Register <help:link Id="68489"><text:span text:style-name="T1">Format</text:span></help:link>, in dem Sie das Format definieren.</help:help-text></text:p>
  <text:p text:style-name="Head 3">Info</text:p>
  <text:p text:style-name="Paragraph">Materialtyp und Format der Visitenkarte werden am unteren Rand des Bereichs <text:span text:style-name="T1">Format</text:span> eingeblendet.</text:p>
 </office:body>
</office:document>
