

<office:document  xmlns:office="http://openoffice.org/2000/office" xmlns:style="http://openoffice.org/2000/style" xmlns:text="http://openoffice.org/2000/text" xmlns:table="http://openoffice.org/2000/table" xmlns:draw="http://openoffice.org/2000/drawing" xmlns:fo="http://www.w3.org/1999/XSL/Format" xmlns:xlink="http://www.w3.org/1999/xlink" xmlns:number="http://openoffice.org/2000/datastyle" xmlns:svg="http://www.w3.org/2000/svg" xmlns:chart="http://openoffice.org/2000/chart" xmlns:dr3d="http://openoffice.org/2000/dr3d" xmlns:math="http://www.w3.org/1998/Math/MathML" xmlns:form="http://openoffice.org/2000/form" xmlns:script="http://openoffice.org/2000/script" office:class="text" office:version="1.0" xmlns:dc="http://purl.org/dc/elements/1.1/" xmlns:meta="http://openoffice.org/2000/meta" xmlns:help="http://openoffice.org/2000/help">
<office:meta>
  <dc:description>text/common/01/01010304</dc:description>
  <dc:subject>Geschäft</dc:subject>

  <dc:language>de-DE</dc:language>
  <meta:user-defined meta:name="Info 0">READY</meta:user-defined>
  <meta:user-defined meta:name="Info 1">FREE_OK</meta:user-defined>
  <meta:user-defined meta:name="Info 2"/>
  <meta:user-defined meta:name="Info 3"/>
</office:meta>
 <office:script/>
 <office:font-decls>
  <style:font-decl style:name="StarSymbol" fo:font-family="StarSymbol" style:font-charset="x-symbol"/>
  <style:font-decl style:name="Courier New" fo:font-family="&apos;Courier New&apos;" style:font-style-name="Standard" style:font-family-generic="modern" style:font-pitch="fixed"/>
  <style:font-decl style:name="Courier" fo:font-family="Courier" style:font-family-generic="roman" style:font-pitch="fixed"/>
  <style:font-decl style:name="Arial Unicode MS" fo:font-family="&apos;Arial Unicode MS&apos;" style:font-pitch="variable"/>
  <style:font-decl style:name="HG Mincho Light J" fo:font-family="&apos;HG Mincho Light J&apos;" style:font-pitch="variable"/>
  <style:font-decl style:name="Times New Roman3" fo:font-family="&apos;Times New Roman&apos;" style:font-pitch="variable"/>
  <style:font-decl style:name="Thorndale" fo:font-family="Thorndale" style:font-family-generic="roman" style:font-pitch="variable"/>
  <style:font-decl style:name="Times New Roman2" fo:font-family="&apos;Times New Roman&apos;" style:font-style-name="Fett" style:font-family-generic="roman" style:font-pitch="variable"/>
  <style:font-decl style:name="Times New Roman" fo:font-family="&apos;Times New Roman&apos;" style:font-style-name="Standard" style:font-family-generic="roman" style:font-pitch="variable"/>
  <style:font-decl style:name="Times New Roman1" fo:font-family="&apos;Times New Roman&apos;" style:font-family-generic="swiss" style:font-pitch="variable"/>
 </office:font-decls>
 <office:automatic-styles>
  <style:style style:name="Tabelle3" style:family="table">
   <style:properties style:width="18cm" table:align="margins"/>
  </style:style>
  <style:style style:name="Tabelle3.A" style:family="table-column">
   <style:properties style:column-width="1.499cm" style:rel-column-width="5460*"/>
  </style:style>
  <style:style style:name="Tabelle3.B" style:family="table-column">
   <style:properties style:column-width="16.499cm" style:rel-column-width="60055*"/>
  </style:style>
  <style:style style:name="P1" style:family="paragraph" style:parent-style-name="Paragraph" style:master-page-name="HTML">
   <style:properties style:page-number="0"/>
  </style:style>
  <style:style style:name="T1" style:family="text">
   <style:properties fo:font-weight="bold"/>
  </style:style>
  <style:style style:name="fr1" style:family="graphics" style:parent-style-name="Graphics">
   <style:properties style:run-through="foreground" style:wrap="run-through" style:vertical-pos="top" style:vertical-rel="paragraph" style:horizontal-pos="left" style:horizontal-rel="paragraph" style:mirror="none" fo:clip="rect(0cm 0cm 0cm 0cm)" draw:luminance="0%" draw:contrast="0%" draw:red="0%" draw:green="0%" draw:blue="0%" draw:gamma="1" draw:color-inversion="false" draw:transparency="-100%" draw:color-mode="standard"/>
  </style:style>
 </office:automatic-styles>
 <office:body>
  <text:variable-decls>
   <text:variable-decl text:value-type="string" text:name="HTML_ON"/>
   <text:variable-decl text:value-type="string" text:name="HTML_OFF"/>
   <text:variable-decl text:value-type="string" text:name="TITEL"/>
   <text:variable-decl text:value-type="string" text:name="END"/>
   <text:variable-decl text:value-type="string" text:name="OS2"/>
   <text:variable-decl text:value-type="string" text:name="ELSE"/>
   <text:variable-decl text:value-type="string" text:name="HREF"/>
   <text:variable-decl text:value-type="string" text:name="NAME"/>
   <text:variable-decl text:value-type="string" text:name="HelpID"/>
   <text:variable-decl text:value-type="string" text:name="MODIFY"/>
   <text:variable-decl text:value-type="string" text:name="REFNR"/>
   <text:variable-decl text:value-type="string" text:name="AKTHLP"/>
   <text:variable-decl text:value-type="string" text:name="STYLE"/>
  </text:variable-decls>
  <text:sequence-decls>
   <text:sequence-decl text:display-outline-level="0" text:name="Illustration"/>
   <text:sequence-decl text:display-outline-level="0" text:name="Table"/>
   <text:sequence-decl text:display-outline-level="0" text:name="Text"/>
   <text:sequence-decl text:display-outline-level="0" text:name="Drawing"/>
  </text:sequence-decls>
  <help:to-be-embedded Eid="geschaeft">
  <text:p text:style-name="Head 1"><help:link Id="68496">Geschäft</help:link></text:p>
  <text:p text:style-name="Paragraph"><help:help-text value="visible">Hier geben Sie alle Daten ein, die auf Ihrer geschäftlichen Visitenkarte erscheinen sollen. Im Register <text:span text:style-name="T1">Visitenkarten</text:span> wählen Sie ein Layout für Ihre Visitenkarten aus.</help:help-text></text:p>
  </help:to-be-embedded>
  <help:popup Id="65611" Eid="viskartgesch"><help:embedded Id="65598" Eid="wie"></help:embedded></help:popup>
  <text:p text:style-name="Head 2">Geschäftliche Daten</text:p>
  <text:p text:style-name="Paragraph">Geben Sie die Daten ein, die auf Ihrer Visitenkarte erscheinen sollen.</text:p>
  <table:table table:name="Tabelle3" table:style-name="Tabelle3">
   <table:table-column table:style-name="Tabelle3.A"/>
   <table:table-column table:style-name="Tabelle3.B"/>
   <table:table-header-rows>
    <table:table-row>
     <table:table-cell table:value-type="string">
      <text:p text:style-name="Paragraph"><draw:image draw:name="Hinweis0" svg:desc="Hinweis" svg:pixelx="32" svg:pixely="32" svg:width="0.847cm" svg:height="0.847cm" xlink:href="65980" draw:filter-name=""/></text:p>

     </table:table-cell>
     <table:table-cell table:value-type="string">
      <text:p text:style-name="Paragraph">Wenn Ihr Name auf der Visitenkarte erscheinen soll, geben Sie ihn im Register <text:span text:style-name="T1">Privat</text:span> ein. Wählen Sie dann im Register <text:span text:style-name="T1">Visitenkarten</text:span> ein Layout mit einem Namensplatzhalter aus.</text:p>
     </table:table-cell>
    </table:table-row>
   </table:table-header-rows>
  </table:table>
  <help:embedded Id="66266" Eid="datenf"></help:embedded>
  <text:p text:style-name="Head 3"><help:help-id value="SW_EDIT_TP_BUSINESS_DATA_ED_COMP_EXT"/>Firma 2. Zeile</text:p>
  <text:p text:style-name="Paragraph"><help:help-text value="visible">Geben Sie hier weitere Firmenangaben ein.</help:help-text></text:p>
  <text:p text:style-name="Head 3"><help:help-id value="SW_EDIT_TP_BUSINESS_DATA_ED_SLOGAN"/>Slogan</text:p>
  <text:p text:style-name="Paragraph"><help:help-text value="visible">Geben Sie den Slogan Ihrer Firma ein.</help:help-text></text:p>
  <help:embedded Id="66266" Eid="strplzort"></help:embedded>
  <text:p text:style-name="Head 3"><help:help-id value="SW_EDIT_TP_BUSINESS_DATA_ED_STATE"/>Bundesland</text:p>
  <text:p text:style-name="Paragraph"><help:help-text value="visible">Hier können Sie das Bundesland eingeben, in dem sich Ihre Firma befindet.</help:help-text></text:p>
  <help:embedded Id="66266" Eid="dateng"></help:embedded>
  <text:p text:style-name="Head 3"><help:help-id value="SW_EDIT_TP_BUSINESS_DATA_ED_PHONE"/>Telefon</text:p>
  <text:p text:style-name="Paragraph"><help:help-text value="visible">Geben Sie Ihre geschäftliche Telefonnummer ein.</help:help-text></text:p>
  <text:p text:style-name="Head 3"><help:help-id value="SW_EDIT_TP_BUSINESS_DATA_ED_MOBILE"/>Mobil</text:p>
  <text:p text:style-name="Paragraph"><help:help-text value="visible">Geben Sie hier die Rufnummer Ihres Mobiltelefons ein.</help:help-text></text:p>
  <help:embedded Id="66266" Eid="datend"></help:embedded>
  <text:p text:style-name="Head 3"><help:help-id value="SW_EDIT_TP_BUSINESS_DATA_ED_WWW"/>Homepage</text:p>
  <text:p text:style-name="Paragraph"><help:help-text value="visible">Geben Sie hier die Internetadresse der Homepage Ihres Unternehmens ein.</help:help-text></text:p>
  <help:embedded Id="66266" Eid="datene"></help:embedded>
 </office:body>
</office:document>
