

<office:document  xmlns:office="http://openoffice.org/2000/office" xmlns:style="http://openoffice.org/2000/style" xmlns:text="http://openoffice.org/2000/text" xmlns:table="http://openoffice.org/2000/table" xmlns:draw="http://openoffice.org/2000/drawing" xmlns:fo="http://www.w3.org/1999/XSL/Format" xmlns:xlink="http://www.w3.org/1999/xlink" xmlns:number="http://openoffice.org/2000/datastyle" xmlns:svg="http://www.w3.org/2000/svg" xmlns:chart="http://openoffice.org/2000/chart" xmlns:dr3d="http://openoffice.org/2000/dr3d" xmlns:math="http://www.w3.org/1998/Math/MathML" xmlns:form="http://openoffice.org/2000/form" xmlns:script="http://openoffice.org/2000/script" office:class="text" office:version="1.0" xmlns:dc="http://purl.org/dc/elements/1.1/" xmlns:meta="http://openoffice.org/2000/meta" xmlns:help="http://openoffice.org/2000/help">
<office:meta>
  <dc:description>text/common/01/01070000</dc:description>
  <dc:subject>Speichern unter</dc:subject>
  <meta:keywords>
   <meta:keyword>$Version</meta:keyword>
  </meta:keywords>
  <dc:language>de-DE</dc:language>
  <meta:user-defined meta:name="Info 0">READY</meta:user-defined>
  <meta:user-defined meta:name="Info 1">FREE_OK</meta:user-defined>
  <meta:user-defined meta:name="Info 2"/>
  <meta:user-defined meta:name="Info 3"/>
</office:meta>
 <office:script/>
 <office:font-decls>
  <style:font-decl style:name="StarSymbol" fo:font-family="StarSymbol" style:font-charset="x-symbol"/>
  <style:font-decl style:name="Courier New" fo:font-family="&apos;Courier New&apos;" style:font-style-name="Standard" style:font-family-generic="modern" style:font-pitch="fixed"/>
  <style:font-decl style:name="Courier" fo:font-family="Courier" style:font-family-generic="roman" style:font-pitch="fixed"/>
  <style:font-decl style:name="Arial Unicode MS" fo:font-family="&apos;Arial Unicode MS&apos;" style:font-pitch="variable"/>
  <style:font-decl style:name="HG Mincho Light J" fo:font-family="&apos;HG Mincho Light J&apos;" style:font-pitch="variable"/>
  <style:font-decl style:name="Times New Roman3" fo:font-family="&apos;Times New Roman&apos;" style:font-pitch="variable"/>
  <style:font-decl style:name="Thorndale" fo:font-family="Thorndale" style:font-family-generic="roman" style:font-pitch="variable"/>
  <style:font-decl style:name="Times New Roman2" fo:font-family="&apos;Times New Roman&apos;" style:font-style-name="Fett" style:font-family-generic="roman" style:font-pitch="variable"/>
  <style:font-decl style:name="Times New Roman" fo:font-family="&apos;Times New Roman&apos;" style:font-style-name="Standard" style:font-family-generic="roman" style:font-pitch="variable"/>
  <style:font-decl style:name="Times New Roman1" fo:font-family="&apos;Times New Roman&apos;" style:font-family-generic="swiss" style:font-pitch="variable"/>
 </office:font-decls>
 <office:automatic-styles>
  <style:style style:name="Tabelle5" style:family="table">
   <style:properties style:width="18cm" table:align="margins"/>
  </style:style>
  <style:style style:name="Tabelle5.A" style:family="table-column">
   <style:properties style:column-width="1.499cm" style:rel-column-width="850*"/>
  </style:style>
  <style:style style:name="Tabelle5.B" style:family="table-column">
   <style:properties style:column-width="16.498cm" style:rel-column-width="9352*"/>
  </style:style>
  <style:style style:name="Tabelle5.1" style:family="table-row">
   <style:properties style:min-row-height="0.848cm"/>
  </style:style>
  <style:style style:name="Tabelle5.A1" style:family="table-cell">
   <style:properties fo:padding="0cm" fo:border="none"/>
  </style:style>
  <style:style style:name="Tabelle2" style:family="table">
   <style:properties style:width="18cm" table:align="margins"/>
  </style:style>
  <style:style style:name="Tabelle2.A" style:family="table-column">
   <style:properties style:column-width="1.499cm" style:rel-column-width="850*"/>
  </style:style>
  <style:style style:name="Tabelle2.B" style:family="table-column">
   <style:properties style:column-width="16.499cm" style:rel-column-width="9353*"/>
  </style:style>
  <style:style style:name="Tabelle2.1" style:family="table-row"/>
  <style:style style:name="Tabelle2.A1" style:family="table-cell">
   <style:properties fo:padding="0cm" fo:border="none"/>
  </style:style>
  <style:style style:name="Tabelle3" style:family="table">
   <style:properties style:width="18cm" table:align="margins"/>
  </style:style>
  <style:style style:name="Tabelle3.A" style:family="table-column">
   <style:properties style:column-width="1.499cm" style:rel-column-width="850*"/>
  </style:style>
  <style:style style:name="Tabelle3.B" style:family="table-column">
   <style:properties style:column-width="16.499cm" style:rel-column-width="9353*"/>
  </style:style>
  <style:style style:name="Tabelle3.1" style:family="table-row"/>
  <style:style style:name="Tabelle3.A1" style:family="table-cell">
   <style:properties fo:padding="0cm" fo:border="none"/>
  </style:style>
  <style:style style:name="Tabelle4" style:family="table">
   <style:properties style:width="18cm" table:align="margins"/>
  </style:style>
  <style:style style:name="Tabelle4.A" style:family="table-column">
   <style:properties style:column-width="1.499cm" style:rel-column-width="5460*"/>
  </style:style>
  <style:style style:name="Tabelle4.B" style:family="table-column">
   <style:properties style:column-width="16.499cm" style:rel-column-width="60055*"/>
  </style:style>
  <style:style style:name="P1" style:family="paragraph" style:parent-style-name="Paragraph" style:master-page-name="HTML">
   <style:properties style:page-number="0"/>
  </style:style>
  <style:style style:name="T1" style:family="text">
   <style:properties fo:font-weight="bold"/>
  </style:style>
  <style:style style:name="fr1" style:family="graphics" style:parent-style-name="Graphics">
   <style:properties fo:margin-left="0cm" fo:margin-right="0cm" fo:margin-top="0cm" fo:margin-bottom="0cm" style:run-through="foreground" style:wrap="run-through" style:vertical-pos="top" style:vertical-rel="paragraph" style:horizontal-pos="left" style:horizontal-rel="paragraph" style:mirror="none" fo:clip="rect(0cm 0cm 0cm 0cm)" draw:luminance="0%" draw:contrast="0%" draw:red="0%" draw:green="0%" draw:blue="0%" draw:gamma="1" draw:color-inversion="false" draw:transparency="-100%" draw:color-mode="standard"/>
  </style:style>
  <style:style style:name="fr2" style:family="graphics" style:parent-style-name="Graphics">
   <style:properties style:run-through="foreground" style:wrap="run-through" style:vertical-pos="top" style:vertical-rel="paragraph" style:horizontal-pos="left" style:horizontal-rel="paragraph" style:mirror="none" fo:clip="rect(0cm 0cm 0cm 0cm)" draw:luminance="0%" draw:contrast="0%" draw:red="0%" draw:green="0%" draw:blue="0%" draw:gamma="1" draw:color-inversion="false" draw:transparency="-100%" draw:color-mode="standard"/>
  </style:style>
 </office:automatic-styles>
 <office:body>
  <text:variable-decls>
   <text:variable-decl text:value-type="string" text:name="HTML_ON"/>
   <text:variable-decl text:value-type="string" text:name="HTML_OFF"/>
   <text:variable-decl text:value-type="string" text:name="TITEL"/>
   <text:variable-decl text:value-type="string" text:name="END"/>
   <text:variable-decl text:value-type="string" text:name="WIN"/>
   <text:variable-decl text:value-type="string" text:name="mac"/>
   <text:variable-decl text:value-type="string" text:name="OS2"/>
   <text:variable-decl text:value-type="string" text:name="unix"/>
   <text:variable-decl text:value-type="string" text:name="ELSE"/>
   <text:variable-decl text:value-type="string" text:name="HREF"/>
   <text:variable-decl text:value-type="string" text:name="NAME"/>
   <text:variable-decl text:value-type="string" text:name="HelpID"/>
   <text:variable-decl text:value-type="string" text:name="HFELD"/>
   <text:variable-decl text:value-type="string" text:name="MODIFY"/>
   <text:variable-decl text:value-type="string" text:name="REFNR"/>
   <text:variable-decl text:value-type="string" text:name="KEY"/>
   <text:variable-decl text:value-type="string" text:name="AKTHLP"/>
   <text:variable-decl text:value-type="string" text:name="INDEX"/>
   <text:variable-decl text:value-type="string" text:name="STYLE"/>
  </text:variable-decls>
  <text:sequence-decls>
   <text:sequence-decl text:display-outline-level="0" text:name="Illustration"/>
   <text:sequence-decl text:display-outline-level="0" text:name="Table"/>
   <text:sequence-decl text:display-outline-level="0" text:name="Text"/>
   <text:sequence-decl text:display-outline-level="0" text:name="Drawing"/>
  </text:sequence-decls>
  <text:p text:style-name="P1"/>
  <text:p text:style-name="Head 1"><help:help-id value="SID_SAVEASDOC"/><help:help-id value="HID_FILESAVE_DIALOG"/><help:key-word value="Dokumente; konvertieren" tag="kw65755_1"/><help:key-word value="Konvertieren; Dokumente" tag="kw65755_5"/><help:key-word value="Exportieren; andere Formate" tag="kw65755_4"/><help:key-word value="Dokumenttypen; ändern" tag="kw65755_3"/><help:key-word value="Speichern unter; Dialoge" tag="kw65755_2"/><help:link Id="65755">Speichern unter</help:link></text:p>
  <text:p text:style-name="Paragraph"><help:to-be-embedded Eid="speichernuntertext"><help:help-text value="visible">Speichert das aktuelle Dokument in einem anderen Verzeichnis oder unter einem anderen Dateinamen oder Dateityp.</help:help-text></help:to-be-embedded></text:p>
  <help:executeurl Id="slot:5502"></help:executeurl><help:popup Id="65611" Eid="saveas"><help:embedded Id="65598" Eid="wie"></help:embedded></help:popup>
  <text:p text:style-name="Paragraph">Unter <help:link Id="66281" Eid="systemdialog">Extras - Optionen - <help:productname>%PRODUCTNAME</help:productname> - Allgemein</help:link> können Sie wählen, ob Sie die Dialoge zum Öffnen und Speichern von <help:productname>%PRODUCTNAME</help:productname> oder von Ihrem Betriebssystem verwenden wollen. Hier wird der <help:productname>%PRODUCTNAME</help:productname> Dialog beschrieben.</text:p>
  <table:table table:name="Tabelle5" table:style-name="Tabelle5">
   <table:table-column table:style-name="Tabelle5.A"/>
   <table:table-column table:style-name="Tabelle5.B"/>
   <table:table-header-rows>
    <table:table-row table:style-name="Tabelle5.1">
     <table:table-cell table:style-name="Tabelle5.A1" table:value-type="string">
      <text:p text:style-name="Paragraph"><draw:image draw:name="Symbol0" svg:desc="Symbol für Hinweise" svg:pixelx="32" svg:pixely="32" svg:width="0.847cm" svg:height="0.847cm" xlink:href="65980" draw:filter-name=""/></text:p>

     </table:table-cell>
     <table:table-cell table:style-name="Tabelle5.A1" table:value-type="string">
      <text:p text:style-name="Paragraph">Zum Speichern eines Dokuments als Dokumentvorlage verwenden Sie den Befehl <text:span text:style-name="T1">Datei - Dokumentvorlage - Speichern</text:span>.</text:p>
     </table:table-cell>
    </table:table-row>
   </table:table-header-rows>
  </table:table>
  <text:p text:style-name="Head 2"><help:help-id value="HID_FILESAVE_LEVELUP"/>Ein Verzeichnis hoch</text:p>
  <help:to-be-embedded Eid="levelup">
  <text:p text:style-name="Paragraph"><help:help-text value="visible">Schreitet in der Hierarchie um ein Verzeichnis nach oben. Langklicken Sie hierauf, um die Verzeichnisse der höheren Ebenen einzublenden.</help:help-text></text:p>
  <help:embedded Id="65598" Eid="syuebergeordneterordner2"></help:embedded>
  </help:to-be-embedded>
  <text:p text:style-name="Head 2"><help:help-id value="HID_FILESAVE_CREATEDIRECTORY"/>Neues Verzeichnis anlegen</text:p>
  <help:to-be-embedded Eid="createdir">
  <text:p text:style-name="Paragraph"><help:help-text value="visible">Erzeugt ein neues Verzeichnis.</help:help-text></text:p>
  <help:embedded Id="65598" Eid="syneuenordnererstellen2"></help:embedded>
  </help:to-be-embedded>
  <text:p text:style-name="Head 2"><help:help-id value="HID_FILESAVE_DEFAULTDIRECTORY"/>Zum Standard-Verzeichnis</text:p>
  <help:to-be-embedded Eid="defaultdir">
  <text:p text:style-name="Paragraph"><help:help-text value="visible">Hier öffnen Sie ein vorher eingestelltes bzw. für die gewünschte Aktion als Standard-Verzeichnis definiertes Verzeichnis.</help:help-text></text:p>
  <help:embedded Id="65598" Eid="systandardverzeichnis2"></help:embedded>
  </help:to-be-embedded>
  <text:p text:style-name="Head 2"><help:help-id value="HID_FILESAVE_FILEVIEW"/>Anzeigebereich</text:p>
  <help:to-be-embedded Eid="fileview">
  <text:p text:style-name="Paragraph"><help:help-text value="visible">Zeigt die Dateien und Verzeichnisse im aktuellen Verzeichnis an.</help:help-text></text:p>
  </help:to-be-embedded>
  <text:p text:style-name="Head 2"><help:help-id value="HID_FILESAVE_FILEURL"/>Dateiname</text:p>
  <help:to-be-embedded Eid="filename">
  <text:p text:style-name="Paragraph"><help:help-text value="visible">Geben Sie einen Namen oder Pfad für die Datei ein. Sie können auch einen <help:popup Id="65629" Eid="url">URL</help:popup> eingeben.</help:help-text></text:p>
  </help:to-be-embedded>
  <text:p text:style-name="Head 2"><help:help-id value="HID_FILESAVE_FILETYPE"/>Dateityp</text:p>
  <help:to-be-embedded Eid="filetype">
  <text:p text:style-name="Paragraph"><help:help-text value="visible">Geben Sie an, in welchem Dateiformat das Dokument gespeichert werden soll.</help:help-text>Im Anzeigebereich werden nur die Dokumente dieses Dateityps eingeblendet. Eine Beschreibung der Dateitypen finden Sie unter <help:link Id="65614">Informationen zu Import- und Exportfiltern</help:link>.</text:p>
  </help:to-be-embedded>
  <text:p text:style-name="Paragraph"><help:embedded Id="68543" Eid="xmlformat"></help:embedded></text:p>
  <table:table table:name="Tabelle2" table:style-name="Tabelle2">
   <table:table-column table:style-name="Tabelle2.A"/>
   <table:table-column table:style-name="Tabelle2.B"/>
   <table:table-header-rows>
    <table:table-row table:style-name="Tabelle2.1">
     <table:table-cell table:style-name="Tabelle2.A1" table:value-type="string">
      <text:p text:style-name="Paragraph"><draw:image draw:name="Symbol1" svg:desc="Wichtige Informationen" svg:pixelx="32" svg:pixely="32" svg:width="0.847cm" svg:height="0.847cm" xlink:href="65640" draw:filter-name=""/></text:p>

     </table:table-cell>
     <table:table-cell table:style-name="Tabelle2.A1" table:value-type="string">
      <text:p text:style-name="Paragraph">Speichern Sie Ihre Dokumente stets zuerst in einem <help:productname>%PRODUCTNAME</help:productname>-Dateityp, bevor Sie sie in ein Fremdformat exportieren. Beim Export in Fremdformate gehen mitunter einige Formatattribute verloren.</text:p>
     </table:table-cell>
    </table:table-row>
   </table:table-header-rows>
  </table:table>
  <text:p text:style-name="Head 2"><help:help-id value="HID_FILESAVE_DOSAVE"/>Speichern</text:p>
  <help:to-be-embedded Eid="save">
  <text:p text:style-name="Paragraph"><help:help-text value="visible">Speichert die Datei.</help:help-text></text:p>
  </help:to-be-embedded>
  <text:p text:style-name="Head 2"><help:help-id value="HID_FILESAVE_SAVEWITHPASSWORD"/>mit Kennwort speichern</text:p>
  <help:to-be-embedded Eid="kennwort">
  <text:p text:style-name="Paragraph"><help:help-text value="visible">Markieren Sie das Feld, um Ihr Dokument gegen unbefugtes Lesen oder Verändern zu schützen. Bevor die Sicherung durchgeführt wird, erscheint der Dialog <help:link Id="68264"><text:span text:style-name="T1">Kennwort eingeben</text:span></help:link> zur Eingabe und Bestätigung Ihres Kennworts.</help:help-text></text:p>
  <table:table table:name="Tabelle3" table:style-name="Tabelle3">
   <table:table-column table:style-name="Tabelle3.A"/>
   <table:table-column table:style-name="Tabelle3.B"/>
   <table:table-header-rows>
    <table:table-row table:style-name="Tabelle3.1">
     <table:table-cell table:style-name="Tabelle3.A1" table:value-type="string">
      <text:p text:style-name="Paragraph"><draw:image draw:name="Symbol2" svg:desc="Symbol für Hinweise" svg:pixelx="32" svg:pixely="32" svg:width="0.847cm" svg:height="0.847cm" xlink:href="65980" draw:filter-name=""/></text:p>

     </table:table-cell>
     <table:table-cell table:style-name="Tabelle3.A1" table:value-type="string">
      <text:p text:style-name="Paragraph">Nur Dokumente im <help:productname>%PRODUCTNAME</help:productname> XML-Format können mit Kennwort gespeichert werden.</text:p>
     </table:table-cell>
    </table:table-row>
   </table:table-header-rows>
  </table:table>
  </help:to-be-embedded>
  <text:p text:style-name="Head 2"><help:help-id value="HID_FILESAVE_AUTOEXTENSION"/>automatische Dateinamenserweiterung</text:p>
  <help:to-be-embedded Eid="autoextension">
  <text:p text:style-name="Paragraph"><help:help-text value="visible">Die Dateinamenserweiterung für den ausgewählten Dateityp wird automatisch an das Ende des Dateinamens angehängt.</help:help-text></text:p>
  </help:to-be-embedded>
  <text:p text:style-name="Head 2"><help:help-id value="HID_FILESAVE_CUSTOMIZEFILTER"/><help:switch select="Program"><help:case select="CALC">Filtereinstellungen bearbeiten</help:case></help:switch></text:p>
  <text:p text:style-name="Paragraph"><help:switch select="Program"><help:case select="CALC"><help:help-text value="visible">Dient zum Festlegen der Exportoptionen für <text:span text:style-name="T1">Text CSV (csv;txt)</text:span>-Dateien.</help:help-text></help:case></help:switch></text:p>
  <text:p text:style-name="Head 2"><help:help-id value="HID_FILESAVE_SELECTION"/>Auswahl</text:p>
  <text:p text:style-name="Paragraph"><help:help-text value="visible">Exportiert nur die in <help:productname>%PRODUCTNAME</help:productname> Draw und Impress ausgewählten Grafikobjekte in ein anderes Format. Ist dieses Markierfeld nicht aktiviert, wird das gesamte Dokument exportiert.</help:help-text></text:p>
  <table:table table:name="Tabelle4" table:style-name="Tabelle4">
   <table:table-column table:style-name="Tabelle4.A"/>
   <table:table-column table:style-name="Tabelle4.B"/>
   <table:table-header-rows>
    <table:table-row>
     <table:table-cell table:value-type="string">
      <text:p text:style-name="Paragraph"><draw:image draw:name="Symbol3" svg:desc="Symbol für Hinweise" svg:pixelx="32" svg:pixely="32" svg:width="0.847cm" svg:height="0.847cm" xlink:href="65980" draw:filter-name=""/></text:p>

     </table:table-cell>
     <table:table-cell table:value-type="string">
      <text:p text:style-name="Paragraph">Beim Export in einen Dokumentdateityp wird das gesamte Dokument exportiert.</text:p>
     </table:table-cell>
    </table:table-row>
   </table:table-header-rows>
  </table:table>
  <text:p text:style-name="ParaList"><help:embedded Id="65598" Eid="related"></help:embedded></text:p>
  <text:p text:style-name="ParaList"><help:link Id="65617"></help:link></text:p>
 </office:body>
</office:document>
