

<office:document  xmlns:office="http://openoffice.org/2000/office" xmlns:style="http://openoffice.org/2000/style" xmlns:text="http://openoffice.org/2000/text" xmlns:table="http://openoffice.org/2000/table" xmlns:draw="http://openoffice.org/2000/drawing" xmlns:fo="http://www.w3.org/1999/XSL/Format" xmlns:xlink="http://www.w3.org/1999/xlink" xmlns:number="http://openoffice.org/2000/datastyle" xmlns:svg="http://www.w3.org/2000/svg" xmlns:chart="http://openoffice.org/2000/chart" xmlns:dr3d="http://openoffice.org/2000/dr3d" xmlns:math="http://www.w3.org/1998/Math/MathML" xmlns:form="http://openoffice.org/2000/form" xmlns:script="http://openoffice.org/2000/script" office:class="text" office:version="1.0" xmlns:dc="http://purl.org/dc/elements/1.1/" xmlns:meta="http://openoffice.org/2000/meta" xmlns:help="http://openoffice.org/2000/help">
<office:meta>
  <dc:description>text/common/01/01160300</dc:description>
  <dc:subject>Name und Pfad des Globaldokuments</dc:subject>

  <dc:language>de-DE</dc:language>
  <meta:user-defined meta:name="Info 0">READY</meta:user-defined>
  <meta:user-defined meta:name="Info 1">FREE_OK</meta:user-defined>
  <meta:user-defined meta:name="Info 2"/>
  <meta:user-defined meta:name="Info 3"/>
</office:meta>
 <office:script/>
 <office:font-decls>
  <style:font-decl style:name="StarSymbol" fo:font-family="StarSymbol" style:font-charset="x-symbol"/>
  <style:font-decl style:name="Courier New" fo:font-family="&apos;Courier New&apos;" style:font-style-name="Standard" style:font-family-generic="modern" style:font-pitch="fixed"/>
  <style:font-decl style:name="Courier" fo:font-family="Courier" style:font-family-generic="roman" style:font-pitch="fixed"/>
  <style:font-decl style:name="Arial Unicode MS" fo:font-family="&apos;Arial Unicode MS&apos;" style:font-pitch="variable"/>
  <style:font-decl style:name="HG Mincho Light J" fo:font-family="&apos;HG Mincho Light J&apos;" style:font-pitch="variable"/>
  <style:font-decl style:name="Times New Roman4" fo:font-family="&apos;Times New Roman&apos;" style:font-pitch="variable"/>
  <style:font-decl style:name="Thorndale" fo:font-family="Thorndale" style:font-family-generic="roman" style:font-pitch="variable"/>
  <style:font-decl style:name="Times New Roman3" fo:font-family="&apos;Times New Roman&apos;" style:font-family-generic="roman" style:font-pitch="variable"/>
  <style:font-decl style:name="Times New Roman2" fo:font-family="&apos;Times New Roman&apos;" style:font-style-name="Fett" style:font-family-generic="roman" style:font-pitch="variable"/>
  <style:font-decl style:name="Times New Roman" fo:font-family="&apos;Times New Roman&apos;" style:font-style-name="Standard" style:font-family-generic="roman" style:font-pitch="variable"/>
  <style:font-decl style:name="Times New Roman1" fo:font-family="&apos;Times New Roman&apos;" style:font-family-generic="swiss" style:font-pitch="variable"/>
 </office:font-decls>
 <office:automatic-styles>
  <style:style style:name="P1" style:family="paragraph" style:parent-style-name="Paragraph" style:master-page-name="HTML">
   <style:properties style:page-number="0"/>
  </style:style>
  <style:style style:name="T1" style:family="text">
   <style:properties fo:font-weight="bold"/>
  </style:style>
 </office:automatic-styles>
 <office:body>
  <text:variable-decls>
   <text:variable-decl text:value-type="string" text:name="HTML_ON"/>
   <text:variable-decl text:value-type="string" text:name="HTML_OFF"/>
   <text:variable-decl text:value-type="string" text:name="TITEL"/>
   <text:variable-decl text:value-type="string" text:name="END"/>
   <text:variable-decl text:value-type="string" text:name="ELSE"/>
   <text:variable-decl text:value-type="string" text:name="NAME"/>
   <text:variable-decl text:value-type="string" text:name="MAC"/>
   <text:variable-decl text:value-type="string" text:name="HREF"/>
   <text:variable-decl text:value-type="string" text:name="HelpID"/>
   <text:variable-decl text:value-type="string" text:name="MODIFY"/>
   <text:variable-decl text:value-type="string" text:name="REFNR"/>
   <text:variable-decl text:value-type="string" text:name="HFELD"/>
   <text:variable-decl text:value-type="string" text:name="WIN"/>
   <text:variable-decl text:value-type="string" text:name="UNIX"/>
   <text:variable-decl text:value-type="string" text:name="OS2"/>
   <text:variable-decl text:value-type="string" text:name="KEY"/>
   <text:variable-decl text:value-type="string" text:name="AKTHLP"/>
   <text:variable-decl text:value-type="string" text:name="STYLE"/>
  </text:variable-decls>
  <text:sequence-decls>
   <text:sequence-decl text:display-outline-level="0" text:name="Illustration"/>
   <text:sequence-decl text:display-outline-level="0" text:name="Table"/>
   <text:sequence-decl text:display-outline-level="0" text:name="Text"/>
   <text:sequence-decl text:display-outline-level="0" text:name="Drawing"/>
  </text:sequence-decls>
  <help:help-id value="HID_SEND_MASTER_CTRL_PUSHBUTTON_CANCEL"/>
  <text:p text:style-name="Head 1">Name und Pfad des Globaldokuments</text:p>
  <text:p text:style-name="Paragraph"><help:to-be-embedded Eid="globtext"><help:help-text value="visible">Erzeugt aus dem aktuellen Writer-Dokument ein Globaldokument. Für jeden mit der Absatzvorlage &quot;Überschrift 1&quot; formatierten Abschnitt im Quelldokument wird ein neues Teildokument erstellt.</help:help-text></help:to-be-embedded></text:p>
  <help:popup Id="65611" Eid="glo"><help:embedded Id="65598" Eid="wie"></help:embedded></help:popup>
  <text:p text:style-name="Paragraph"><a name="anker"/>Globaldokumente haben die Dateinamenserweiterung *.sxg und bestehen aus einem oder mehreren Writer-Dokumenten.</text:p>
  <text:p text:style-name="Paragraph">Nachdem Sie ein Globaldokument erstellt haben, wird der <help:link Id="65664"><text:span text:style-name="T1">Navigator</text:span></help:link> angezeigt. Zum Bearbeiten eines Teildokuments doppelklicken Sie auf dessen Namen im <text:span text:style-name="T1">Navigator</text:span>.<a name="end"/></text:p>
  <text:p text:style-name="Head 2"><help:help-id value="HID_SEND_MASTER_CTRL_CONTROL_FILEVIEW"/>Anzeigebereich</text:p>
  <help:embedded Id="65755" Eid="fileview"></help:embedded>
  <text:p text:style-name="Head 2"><help:help-id value="HID_SEND_MASTER_CTRL_EDIT_FILEURL"/>Dateiname</text:p>
  <help:embedded Id="65755" Eid="filename"></help:embedded>
  <text:p text:style-name="Head 2"><help:help-id value="HID_SEND_MASTER_CTRL_LISTBOX_TEMPLATE"/><help:help-id value="HID_FILESAVE_TEMPLATE"/>Aktuelle Vorlage</text:p>
  <text:p text:style-name="Paragraph"><help:help-text value="visible">Wählen Sie eine Absatzvorlage für die Unterteilung des Quelldokuments in mehrere Teildokumente aus.</help:help-text> Standard ist hier die Absatzvorlage &quot;Überschrift 1&quot;.</text:p>
  <text:p text:style-name="Head 2"><help:help-id value="HID_SEND_MASTER_CTRL_LISTBOX_FILTER"/>Dateityp</text:p>
  <help:embedded Id="65755" Eid="filetype"></help:embedded>
  <text:p text:style-name="Head 2"><help:help-id value="HID_SEND_MASTER_CTRL_PUSHBUTTON_OK"/>Speichern</text:p>
  <help:embedded Id="65755" Eid="save"></help:embedded>
  <text:p text:style-name="Head 2"><help:help-id value="HID_SEND_MASTER_CTRL_CHECKBOX_AUTOEXTENSION"/>automatische Dateinamenserweiterung</text:p>
  <help:embedded Id="65755" Eid="autoextension"></help:embedded>
  <help:switch select="Program"><help:case select="WRITER">
  <text:p text:style-name="ParaList"><help:embedded Id="65598" Eid="related"></help:embedded></text:p>
  <text:p text:style-name="ParaList"><help:embedded Id="68200" Eid="globaldoc"></help:embedded></text:p>
  </help:case></help:switch>
 </office:body>
</office:document>
