

<office:document  xmlns:office="http://openoffice.org/2000/office" xmlns:style="http://openoffice.org/2000/style" xmlns:text="http://openoffice.org/2000/text" xmlns:table="http://openoffice.org/2000/table" xmlns:draw="http://openoffice.org/2000/drawing" xmlns:fo="http://www.w3.org/1999/XSL/Format" xmlns:xlink="http://www.w3.org/1999/xlink" xmlns:number="http://openoffice.org/2000/datastyle" xmlns:svg="http://www.w3.org/2000/svg" xmlns:chart="http://openoffice.org/2000/chart" xmlns:dr3d="http://openoffice.org/2000/dr3d" xmlns:math="http://www.w3.org/1998/Math/MathML" xmlns:form="http://openoffice.org/2000/form" xmlns:script="http://openoffice.org/2000/script" office:class="text" office:version="1.0" xmlns:dc="http://purl.org/dc/elements/1.1/" xmlns:meta="http://openoffice.org/2000/meta" xmlns:help="http://openoffice.org/2000/help">
<office:meta>
  <dc:description>text/common/01/02100001</dc:description>
  <dc:subject>Liste der regulären Ausdrücke</dc:subject>

  <dc:language>de-DE</dc:language>
  <meta:user-defined meta:name="Info 0">READY</meta:user-defined>
  <meta:user-defined meta:name="Info 1">FREE_OK</meta:user-defined>
  <meta:user-defined meta:name="Info 2"/>
  <meta:user-defined meta:name="Info 3"/>
</office:meta>
 <office:script/>
 <office:font-decls>
  <style:font-decl style:name="StarSymbol" fo:font-family="StarSymbol" style:font-charset="x-symbol"/>
  <style:font-decl style:name="Courier New" fo:font-family="&apos;Courier New&apos;" style:font-style-name="Standard" style:font-family-generic="modern" style:font-pitch="fixed"/>
  <style:font-decl style:name="Courier" fo:font-family="Courier" style:font-family-generic="roman" style:font-pitch="fixed"/>
  <style:font-decl style:name="Arial Unicode MS" fo:font-family="&apos;Arial Unicode MS&apos;" style:font-pitch="variable"/>
  <style:font-decl style:name="HG Mincho Light J" fo:font-family="&apos;HG Mincho Light J&apos;" style:font-pitch="variable"/>
  <style:font-decl style:name="Times New Roman4" fo:font-family="&apos;Times New Roman&apos;" style:font-pitch="variable"/>
  <style:font-decl style:name="Thorndale" fo:font-family="Thorndale" style:font-family-generic="roman" style:font-pitch="variable"/>
  <style:font-decl style:name="Times New Roman3" fo:font-family="&apos;Times New Roman&apos;" style:font-family-generic="roman" style:font-pitch="variable"/>
  <style:font-decl style:name="Times New Roman2" fo:font-family="&apos;Times New Roman&apos;" style:font-style-name="Fett" style:font-family-generic="roman" style:font-pitch="variable"/>
  <style:font-decl style:name="Times New Roman" fo:font-family="&apos;Times New Roman&apos;" style:font-style-name="Standard" style:font-family-generic="roman" style:font-pitch="variable"/>
  <style:font-decl style:name="Times New Roman1" fo:font-family="&apos;Times New Roman&apos;" style:font-family-generic="swiss" style:font-pitch="variable"/>
 </office:font-decls>
 <office:automatic-styles>
  <style:style style:name="Tabelle1" style:family="table">
   <style:properties style:width="18cm" table:align="margins"/>
  </style:style>
  <style:style style:name="Tabelle1.A" style:family="table-column">
   <style:properties style:column-width="3.283cm" style:rel-column-width="11947*"/>
  </style:style>
  <style:style style:name="Tabelle1.B" style:family="table-column">
   <style:properties style:column-width="14.718cm" style:rel-column-width="53568*"/>
  </style:style>
  <style:style style:name="Tabelle1.A1" style:family="table-cell">
   <style:properties fo:padding="0.049cm" fo:border-left="0.002cm solid #000000" fo:border-right="none" fo:border-top="0.002cm solid #000000" fo:border-bottom="0.002cm solid #000000"/>
  </style:style>
  <style:style style:name="Tabelle1.B1" style:family="table-cell">
   <style:properties fo:padding="0.049cm" fo:border="0.002cm solid #000000"/>
  </style:style>
  <style:style style:name="Tabelle1.A2" style:family="table-cell">
   <style:properties fo:padding="0.049cm" fo:border-left="0.002cm solid #000000" fo:border-right="none" fo:border-top="none" fo:border-bottom="0.002cm solid #000000"/>
  </style:style>
  <style:style style:name="Tabelle1.B2" style:family="table-cell">
   <style:properties fo:padding="0.049cm" fo:border-left="0.002cm solid #000000" fo:border-right="0.002cm solid #000000" fo:border-top="none" fo:border-bottom="0.002cm solid #000000"/>
  </style:style>
  <style:style style:name="P1" style:family="paragraph" style:parent-style-name="Paragraph" style:master-page-name="HTML">
   <style:properties style:page-number="0"/>
  </style:style>
  <style:style style:name="T1" style:family="text">
   <style:properties fo:font-weight="bold"/>
  </style:style>
 </office:automatic-styles>
 <office:body>
  <text:variable-decls>
   <text:variable-decl text:value-type="string" text:name="HTML_ON"/>
   <text:variable-decl text:value-type="string" text:name="HTML_OFF"/>
   <text:variable-decl text:value-type="string" text:name="TITEL"/>
   <text:variable-decl text:value-type="string" text:name="END"/>
   <text:variable-decl text:value-type="string" text:name="OS2"/>
   <text:variable-decl text:value-type="string" text:name="ELSE"/>
   <text:variable-decl text:value-type="string" text:name="HREF"/>
   <text:variable-decl text:value-type="string" text:name="MAC"/>
   <text:variable-decl text:value-type="string" text:name="NAME"/>
   <text:variable-decl text:value-type="string" text:name="HelpID"/>
   <text:variable-decl text:value-type="string" text:name="WIN"/>
   <text:variable-decl text:value-type="string" text:name="HFELD"/>
   <text:variable-decl text:value-type="string" text:name="MODIFY"/>
   <text:variable-decl text:value-type="string" text:name="REFNR"/>
   <text:variable-decl text:value-type="string" text:name="KEY"/>
   <text:variable-decl text:value-type="string" text:name="INDEX"/>
   <text:variable-decl text:value-type="string" text:name="AKTHLP"/>
  </text:variable-decls>
  <text:sequence-decls>
   <text:sequence-decl text:display-outline-level="0" text:name="Illustration"/>
   <text:sequence-decl text:display-outline-level="0" text:name="Table"/>
   <text:sequence-decl text:display-outline-level="0" text:name="Text"/>
   <text:sequence-decl text:display-outline-level="0" text:name="Drawing"/>
  </text:sequence-decls>
  <text:p text:style-name="P1"/>
  <text:p text:style-name="Head 1"><help:key-word value="Reguläre Ausdrücke; Liste" tag="kw68251_1"/><help:to-be-embedded Eid="02100001"><help:link Id="68251">Liste der regulären Ausdrücke</help:link></help:to-be-embedded></text:p>
  <table:table table:name="Tabelle1" table:style-name="Tabelle1">
   <table:table-column table:style-name="Tabelle1.A"/>
   <table:table-column table:style-name="Tabelle1.B"/>
   <table:table-header-rows>
    <table:table-row>
     <table:table-cell table:style-name="Tabelle1.A1" table:value-type="string">
      <text:p text:style-name="TableHead">Zeichen</text:p>
     </table:table-cell>
     <table:table-cell table:style-name="Tabelle1.B1" table:value-type="string">
      <text:p text:style-name="TableHead">Wirkung/Einsatz</text:p>
     </table:table-cell>
    </table:table-row>
   </table:table-header-rows>
   <table:table-row>
    <table:table-cell table:style-name="Tabelle1.A2" table:value-type="string">
     <text:p text:style-name="TextInTable">.</text:p>
    </table:table-cell>
    <table:table-cell table:style-name="Tabelle1.B2" table:value-type="string">
     <text:p text:style-name="TextInTable">Steht für ein beliebiges einzelnes Zeichen. Der Suchbegriff &quot;Schmi.t&quot; liefert sowohl &quot;Schmitt&quot; als auch &quot;Schmidt&quot;.</text:p>
    </table:table-cell>
   </table:table-row>
   <table:table-row>
    <table:table-cell table:style-name="Tabelle1.A2" table:value-type="string">
     <text:p text:style-name="TextInTable">^Peter</text:p>
    </table:table-cell>
    <table:table-cell table:style-name="Tabelle1.B2" table:value-type="string">
     <text:p text:style-name="TextInTable">Findet das Wort nur, wenn es am Absatzanfang steht. <text:s/>Sonderinhalte (z. B. Leerfelder und an Zeichen verankerte Rahmen) am Absatzanfang werden ignoriert.</text:p>
    </table:table-cell>
   </table:table-row>
   <table:table-row>
    <table:table-cell table:style-name="Tabelle1.A2" table:value-type="string">
     <text:p text:style-name="TextInTable">Peter$</text:p>
    </table:table-cell>
    <table:table-cell table:style-name="Tabelle1.B2" table:value-type="string">
     <text:p text:style-name="TextInTable">Findet das Wort nur, wenn es am Absatzende steht. <text:s/>Sonderinhalte (z. B. Leerfelder und an Zeichen verankerte Rahmen) am Absatzende werden ignoriert.</text:p>
    </table:table-cell>
   </table:table-row>
   <table:table-row>
    <table:table-cell table:style-name="Tabelle1.A2" table:value-type="string">
     <text:p text:style-name="TextInTable">*</text:p>
    </table:table-cell>
    <table:table-cell table:style-name="Tabelle1.B2" table:value-type="string">
     <text:p text:style-name="TextInTable">Stellt beliebig viele Zeichen dar. So liefert etwa der Suchbegriff &quot;Ab*c&quot; die Einträge &quot;Ac&quot;, &quot;Abc&quot;, &quot;Abbc&quot;, &quot;Abbbc&quot; usw.</text:p>
     <text:p text:style-name="TextInTable"/>
    </table:table-cell>
   </table:table-row>
   <table:table-row>
    <table:table-cell table:style-name="Tabelle1.A2" table:value-type="string">
     <text:p text:style-name="TextInTable">+</text:p>
    </table:table-cell>
    <table:table-cell table:style-name="Tabelle1.B2" table:value-type="string">
     <text:p text:style-name="TextInTable">Das Zeichen davor muss mindestens einmal bis beliebig oft vorkommen: AX.+4 findet AX 4, aber nicht AX4.</text:p>
     <text:p text:style-name="TextInTable">Es wird stets der längste mögliche Text innerhalb eines Absatzes gefunden. Wenn der Absatz den Text AX 4 AX4 enthält, wird er vom ersten A bis zur letzten 4 ausgegeben.</text:p>
    </table:table-cell>
   </table:table-row>
   <table:table-row>
    <table:table-cell table:style-name="Tabelle1.A2" table:value-type="string">
     <text:p text:style-name="TextInTable">?</text:p>
    </table:table-cell>
    <table:table-cell table:style-name="Tabelle1.B2" table:value-type="string">
     <text:p text:style-name="TextInTable">Findet Wörter, in welchen der Buchstabe vor diesem Zeichen nicht unbedingt vorkommen muss. So findet z. B. &quot;Texte?&quot; sowohl &quot;Texte&quot; als auch &quot;Text&quot;.</text:p>
    </table:table-cell>
   </table:table-row>
   <table:table-row>
    <table:table-cell table:style-name="Tabelle1.A2" table:value-type="string">
     <text:p text:style-name="TextInTable">\C</text:p>
    </table:table-cell>
    <table:table-cell table:style-name="Tabelle1.B2" table:value-type="string">
     <text:p text:style-name="TextInTable">Findet genau dieses angegebene Zeichen (keine Ziffer), hier C (wenn Sie z. B. in einem regulären Ausdruck nach dem Dollarzeichen selbst suchen wollen: \$)</text:p>
    </table:table-cell>
   </table:table-row>
   <table:table-row>
    <table:table-cell table:style-name="Tabelle1.A2" table:value-type="string">
     <text:p text:style-name="TextInTable">\n</text:p>
    </table:table-cell>
    <table:table-cell table:style-name="Tabelle1.B2" table:value-type="string">
     <text:p text:style-name="TextInTable">Findet einen mit Umschalt+Eingabetaste eingefügten Zeilenumbruch. Indem Sie <text:span text:style-name="T1">\n</text:span> in die Felder <text:span text:style-name="T1">Suchen nach</text:span> und <text:span text:style-name="T1">Ersetzen durch</text:span> eingeben und auf <text:span text:style-name="T1">Ersetze alle</text:span> klicken, tauschen Sie Zeilenumbrüche gegen Absatzumbrüche aus.</text:p>
    </table:table-cell>
   </table:table-row>
   <table:table-row>
    <table:table-cell table:style-name="Tabelle1.A2" table:value-type="string">
     <text:p text:style-name="TextInTable">\t</text:p>
    </table:table-cell>
    <table:table-cell table:style-name="Tabelle1.B2" table:value-type="string">
     <text:p text:style-name="TextInTable">Findet einen Tabulator. Dieser Ausdruck kann auch im Feld <text:span text:style-name="T1">Ersetzen durch</text:span> verwendet werden.</text:p>
    </table:table-cell>
   </table:table-row>
   <table:table-row>
    <table:table-cell table:style-name="Tabelle1.A2" table:value-type="string">
     <text:p text:style-name="TextInTable">\&gt;</text:p>
    </table:table-cell>
    <table:table-cell table:style-name="Tabelle1.B2" table:value-type="string">
     <text:p text:style-name="TextInTable">Findet das Wort nur, wenn es am Wortende steht. <text:s/>Zum Beispiel liefert der Suchbegriff <text:s/>&quot;Buch\&gt;&quot; das Wort &quot;Lesebuch&quot;, nicht aber &quot;Buchdeckel&quot;.</text:p>
    </table:table-cell>
   </table:table-row>
   <table:table-row>
    <table:table-cell table:style-name="Tabelle1.A2" table:value-type="string">
     <text:p text:style-name="TextInTable">\&lt;</text:p>
    </table:table-cell>
    <table:table-cell table:style-name="Tabelle1.B2" table:value-type="string">
     <text:p text:style-name="TextInTable">Findet das Wort nur, wenn es am Wortanfang steht. <text:s/>Zum Beispiel liefert der Suchbegriff <text:s/>&quot;\&gt;Buch&quot; das Wort &quot;Buchdeckel&quot;, nicht aber &quot;Lesebuch&quot;.</text:p>
    </table:table-cell>
   </table:table-row>
   <table:table-row>
    <table:table-cell table:style-name="Tabelle1.A2" table:value-type="string">
     <text:p text:style-name="TextInTable">^$</text:p>
    </table:table-cell>
    <table:table-cell table:style-name="Tabelle1.B2" table:value-type="string">
     <text:p text:style-name="TextInTable">Findet leere Absätze.</text:p>
    </table:table-cell>
   </table:table-row>
   <table:table-row>
    <table:table-cell table:style-name="Tabelle1.A2" table:value-type="string">
     <text:p text:style-name="TextInTable">^.</text:p>
    </table:table-cell>
    <table:table-cell table:style-name="Tabelle1.B2" table:value-type="string">
     <text:p text:style-name="TextInTable">Sucht das erste Zeichen eines Absatzes.</text:p>
    </table:table-cell>
   </table:table-row>
   <table:table-row>
    <table:table-cell table:style-name="Tabelle1.A2" table:value-type="string">
     <text:p text:style-name="TextInTable">&amp;</text:p>
    </table:table-cell>
    <table:table-cell table:style-name="Tabelle1.B2" table:value-type="string">
     <text:p text:style-name="TextInTable">Die anschließend an diesen Ausdruck in das Feld <text:span text:style-name="T1">Ersetzen durch</text:span> eingegebenen Zeichen werden bei einer Ersetzung zum Suchbegriff hinzugefügt.</text:p>
     <text:p text:style-name="TextInTable">Wenn Sie in <text:span text:style-name="T1">Suchen nach</text:span> zum Beispiel &quot;Fenster&quot; und in <text:span text:style-name="T1">Ersetzen durch</text:span> &quot;&amp;rahmen&quot; eingeben, wird das Wort &quot;Fenster&quot; durch &quot;Fensterrahmen&quot; ersetzt.</text:p>
     <text:p text:style-name="TextInTable">Außerdem können Sie mit dem Ausdruck &quot;&amp;&quot; im Feld <text:span text:style-name="T1">Ersetzen durch</text:span> die <text:span text:style-name="T1">Attribute</text:span> oder das <text:span text:style-name="T1">Format</text:span> des in <text:span text:style-name="T1">Suchen nach</text:span> angegebenen Suchbegriffs ändern.</text:p>
    </table:table-cell>
   </table:table-row>
   <table:table-row>
    <table:table-cell table:style-name="Tabelle1.A2" table:value-type="string">
     <text:p text:style-name="TextInTable">[abc123]</text:p>
    </table:table-cell>
    <table:table-cell table:style-name="Tabelle1.B2" table:value-type="string">
     <text:p text:style-name="TextInTable">Findet die Zeichen in der Klammer.</text:p>
    </table:table-cell>
   </table:table-row>
   <table:table-row>
    <table:table-cell table:style-name="Tabelle1.A2" table:value-type="string">
     <text:p text:style-name="TextInTable">[a-e]</text:p>
    </table:table-cell>
    <table:table-cell table:style-name="Tabelle1.B2" table:value-type="string">
     <text:p text:style-name="TextInTable">Findet die Zeichen zwischen a und e.</text:p>
    </table:table-cell>
   </table:table-row>
   <table:table-row>
    <table:table-cell table:style-name="Tabelle1.A2" table:value-type="string">
     <text:p text:style-name="TextInTable">[a-eh-x]</text:p>
    </table:table-cell>
    <table:table-cell table:style-name="Tabelle1.B2" table:value-type="string">
     <text:p text:style-name="TextInTable">Findet die Zeichen zwischen a-e und h-x.</text:p>
    </table:table-cell>
   </table:table-row>
   <table:table-row>
    <table:table-cell table:style-name="Tabelle1.A2" table:value-type="string">
     <text:p text:style-name="TextInTable">[^a-s]</text:p>
    </table:table-cell>
    <table:table-cell table:style-name="Tabelle1.B2" table:value-type="string">
     <text:p text:style-name="TextInTable">Findet alle Zeichen außer a-s</text:p>
    </table:table-cell>
   </table:table-row>
   <table:table-row>
    <table:table-cell table:style-name="Tabelle1.A2" table:value-type="string">
     <text:p text:style-name="TextInTable">\xXXXX</text:p>
    </table:table-cell>
    <table:table-cell table:style-name="Tabelle1.B2" table:value-type="string">
     <text:p text:style-name="TextInTable">Findet ein Zeichen auf Grundlage seines vierstelligen Hexadezimalcodes (XXXX).</text:p>
     <text:p text:style-name="TextInTable">Der Code des Zeichens hängt von der jeweiligen Schrift ab. Die Codes können Sie unter <text:span text:style-name="T1">Einfügen - Sonderzeichen</text:span> einsehen.</text:p>
    </table:table-cell>
   </table:table-row>
   <table:table-row>
    <table:table-cell table:style-name="Tabelle1.A2" table:value-type="string">
     <text:p text:style-name="TextInTable">dies|das</text:p>
    </table:table-cell>
    <table:table-cell table:style-name="Tabelle1.B2" table:value-type="string">
     <text:p text:style-name="TextInTable">Findet die Wörter vor und hinter dem &quot;|&quot;. Beispielsweise findet &quot;dies|das&quot; sowohl &quot;dies&quot; als auch &quot;das&quot;.</text:p>
    </table:table-cell>
   </table:table-row>
   <table:table-row>
    <table:table-cell table:style-name="Tabelle1.A2" table:value-type="string">
     <text:p text:style-name="TextInTable">{2}</text:p>
    </table:table-cell>
    <table:table-cell table:style-name="Tabelle1.B2" table:value-type="string">
     <text:p text:style-name="TextInTable">Gibt an, wie oft das Zeichen vor der öffnenden Klammer im Wort vorkommen muss. Zum Beispiel liefert der Suchbegriff &quot;Man{2}&quot; das Wort &quot;Mann&quot;.</text:p>
    </table:table-cell>
   </table:table-row>
   <table:table-row>
    <table:table-cell table:style-name="Tabelle1.A2" table:value-type="string">
     <text:p text:style-name="TextInTable">{1,2}</text:p>
    </table:table-cell>
    <table:table-cell table:style-name="Tabelle1.B2" table:value-type="string">
     <text:p text:style-name="TextInTable">Gibt an, wie oft das Zeichen vor der öffnenden Klammer im Wort vorkommen darf. Zum Beispiel liefert der Suchbegriff &quot;Man{1,2}&quot; sowohl &quot;Mann&quot; als auch &quot;man&quot;.</text:p>
    </table:table-cell>
   </table:table-row>
   <table:table-row>
    <table:table-cell table:style-name="Tabelle1.A2" table:value-type="string">
     <text:p text:style-name="TextInTable">( )</text:p>
    </table:table-cell>
    <table:table-cell table:style-name="Tabelle1.B2" table:value-type="string">
     <text:p text:style-name="TextInTable">Die in der Klammer enthaltenen Zeichen gelten als Referenz. Auf die erste Referenz im aktuellen Ausdruck können Sie dann mit &quot;\1&quot; Bezug nehmen, auf die zweite mit &quot;\2&quot; usw.</text:p>
     <text:p text:style-name="TextInTable">Enthält Ihr Text zum Beispiel die Zahl 13487889 und Sie führen eine Suche mit dem Ausdruck (8)7\1\1 durch, dann wird &quot;8788&quot; gefunden.</text:p>
    </table:table-cell>
   </table:table-row>
   <table:table-row>
    <table:table-cell table:style-name="Tabelle1.A2" table:value-type="string">
     <text:p text:style-name="TextInTable">[:digit:]?</text:p>
    </table:table-cell>
    <table:table-cell table:style-name="Tabelle1.B2" table:value-type="string">
     <text:p text:style-name="TextInTable">Findet eine einstellige Zahl. Für die Suche nach mehrstelligen Zahlen verwenden Sie [:digit:]*.</text:p>
    </table:table-cell>
   </table:table-row>
   <table:table-row>
    <table:table-cell table:style-name="Tabelle1.A2" table:value-type="string">
     <text:p text:style-name="TextInTable">[:space:]?</text:p>
    </table:table-cell>
    <table:table-cell table:style-name="Tabelle1.B2" table:value-type="string">
     <text:p text:style-name="TextInTable">Findet Leerraum wie Leerzeichen und Tabulator.</text:p>
    </table:table-cell>
   </table:table-row>
   <table:table-row>
    <table:table-cell table:style-name="Tabelle1.A2" table:value-type="string">
     <text:p text:style-name="TextInTable">[:print:]?</text:p>
    </table:table-cell>
    <table:table-cell table:style-name="Tabelle1.B2" table:value-type="string">
     <text:p text:style-name="TextInTable">Findet druckbares Zeichen.</text:p>
    </table:table-cell>
   </table:table-row>
   <table:table-row>
    <table:table-cell table:style-name="Tabelle1.A2" table:value-type="string">
     <text:p text:style-name="TextInTable">[:cntrl:]?</text:p>
    </table:table-cell>
    <table:table-cell table:style-name="Tabelle1.B2" table:value-type="string">
     <text:p text:style-name="TextInTable">Findet Steuerzeichen.</text:p>
    </table:table-cell>
   </table:table-row>
   <table:table-row>
    <table:table-cell table:style-name="Tabelle1.A2" table:value-type="string">
     <text:p text:style-name="TextInTable">[:alnum:]?</text:p>
    </table:table-cell>
    <table:table-cell table:style-name="Tabelle1.B2" table:value-type="string">
     <text:p text:style-name="TextInTable">Findet Buchstaben und Zahlen (alphanumerische Zeichen).</text:p>
    </table:table-cell>
   </table:table-row>
   <table:table-row>
    <table:table-cell table:style-name="Tabelle1.A2" table:value-type="string">
     <text:p text:style-name="TextInTable">[:alpha:]?</text:p>
    </table:table-cell>
    <table:table-cell table:style-name="Tabelle1.B2" table:value-type="string">
     <text:p text:style-name="TextInTable">Findet Buchstaben.</text:p>
    </table:table-cell>
   </table:table-row>
   <table:table-row>
    <table:table-cell table:style-name="Tabelle1.A2" table:value-type="string">
     <text:p text:style-name="TextInTable">[:lower:]?</text:p>
    </table:table-cell>
    <table:table-cell table:style-name="Tabelle1.B2" table:value-type="string">
     <text:p text:style-name="TextInTable">Findet Kleinbuchstaben, sofern unter <text:span text:style-name="T1">Optionen</text:span> das Feld <text:span text:style-name="T1">Exakte Suche</text:span> markiert ist.</text:p>
    </table:table-cell>
   </table:table-row>
   <table:table-row>
    <table:table-cell table:style-name="Tabelle1.A2" table:value-type="string">
     <text:p text:style-name="TextInTable">[:upper:]?</text:p>
    </table:table-cell>
    <table:table-cell table:style-name="Tabelle1.B2" table:value-type="string">
     <text:p text:style-name="TextInTable">Findet Großbuchstaben, sofern unter <text:span text:style-name="T1">Optionen</text:span> das Feld <text:span text:style-name="T1">Exakte Suche</text:span> markiert ist.</text:p>
    </table:table-cell>
   </table:table-row>
  </table:table>
  <text:p text:style-name="Paragraph"><help:switch select="Program"><help:case select="DRAW"></help:case><help:case select="IMPRESS"></help:case><help:default>Logische Suchausdrücke mit verschachtelten UND/ODER-Operatoren sind in Klammern zu setzen. Zum Beispiel sucht &quot;((a[A-z]*)|(ab[A-z]*)|(b[A-z]*))$&quot; nach Text am Absatzende, der mit einem Leerzeichen, gefolgt von &quot;a&quot;, &quot;ab&quot; oder &quot;b&quot; beginnt.</help:default></help:switch></text:p>
  <text:p text:style-name="ParaList"><help:embedded Id="65598" Eid="related"></help:embedded></text:p>
  <text:p text:style-name="ParaList"><help:embedded Id="65852" Eid="02100000"></help:embedded></text:p>
 </office:body>
</office:document>
