

<office:document  xmlns:office="http://openoffice.org/2000/office" xmlns:style="http://openoffice.org/2000/style" xmlns:text="http://openoffice.org/2000/text" xmlns:table="http://openoffice.org/2000/table" xmlns:draw="http://openoffice.org/2000/drawing" xmlns:fo="http://www.w3.org/1999/XSL/Format" xmlns:xlink="http://www.w3.org/1999/xlink" xmlns:number="http://openoffice.org/2000/datastyle" xmlns:svg="http://www.w3.org/2000/svg" xmlns:chart="http://openoffice.org/2000/chart" xmlns:dr3d="http://openoffice.org/2000/dr3d" xmlns:math="http://www.w3.org/1998/Math/MathML" xmlns:form="http://openoffice.org/2000/form" xmlns:script="http://openoffice.org/2000/script" office:class="text" office:version="1.0" xmlns:dc="http://purl.org/dc/elements/1.1/" xmlns:meta="http://openoffice.org/2000/meta" xmlns:help="http://openoffice.org/2000/help">
<office:meta>
  <dc:description>text/common/01/02180000</dc:description>
  <dc:subject>Verknüpfungen bearbeiten</dc:subject>

  <dc:language>de-DE</dc:language>
  <meta:user-defined meta:name="Info 0">READY</meta:user-defined>
  <meta:user-defined meta:name="Info 1">FREE_OK</meta:user-defined>
  <meta:user-defined meta:name="Info 2"/>
  <meta:user-defined meta:name="Info 3"/>
</office:meta>
 <office:script/>
 <office:font-decls>
  <style:font-decl style:name="StarSymbol" fo:font-family="StarSymbol" style:font-charset="x-symbol"/>
  <style:font-decl style:name="Courier New" fo:font-family="&apos;Courier New&apos;" style:font-style-name="Standard" style:font-family-generic="modern" style:font-pitch="fixed"/>
  <style:font-decl style:name="Courier" fo:font-family="Courier" style:font-family-generic="roman" style:font-pitch="fixed"/>
  <style:font-decl style:name="Arial Unicode MS" fo:font-family="&apos;Arial Unicode MS&apos;" style:font-pitch="variable"/>
  <style:font-decl style:name="HG Mincho Light J" fo:font-family="&apos;HG Mincho Light J&apos;" style:font-pitch="variable"/>
  <style:font-decl style:name="Times New Roman3" fo:font-family="&apos;Times New Roman&apos;" style:font-pitch="variable"/>
  <style:font-decl style:name="Thorndale" fo:font-family="Thorndale" style:font-family-generic="roman" style:font-pitch="variable"/>
  <style:font-decl style:name="Times New Roman2" fo:font-family="&apos;Times New Roman&apos;" style:font-style-name="Fett" style:font-family-generic="roman" style:font-pitch="variable"/>
  <style:font-decl style:name="Times New Roman" fo:font-family="&apos;Times New Roman&apos;" style:font-style-name="Standard" style:font-family-generic="roman" style:font-pitch="variable"/>
  <style:font-decl style:name="Times New Roman1" fo:font-family="&apos;Times New Roman&apos;" style:font-family-generic="swiss" style:font-pitch="variable"/>
 </office:font-decls>
 <office:automatic-styles>
  <style:style style:name="Tabelle2" style:family="table">
   <style:properties style:width="18cm" table:align="margins"/>
  </style:style>
  <style:style style:name="Tabelle2.A" style:family="table-column">
   <style:properties style:column-width="1.499cm" style:rel-column-width="850*"/>
  </style:style>
  <style:style style:name="Tabelle2.B" style:family="table-column">
   <style:properties style:column-width="16.498cm" style:rel-column-width="9352*"/>
  </style:style>
  <style:style style:name="Tabelle2.1" style:family="table-row">
   <style:properties style:min-row-height="0.848cm"/>
  </style:style>
  <style:style style:name="Tabelle2.A1" style:family="table-cell">
   <style:properties fo:padding="0cm" fo:border="none"/>
  </style:style>
  <style:style style:name="P1" style:family="paragraph" style:parent-style-name="Paragraph" style:master-page-name="HTML">
   <style:properties style:page-number="0"/>
  </style:style>
  <style:style style:name="T1" style:family="text">
   <style:properties fo:font-weight="bold"/>
  </style:style>
  <style:style style:name="fr1" style:family="graphics" style:parent-style-name="Graphics">
   <style:properties fo:margin-left="0cm" fo:margin-right="0cm" fo:margin-top="0cm" fo:margin-bottom="0cm" style:run-through="foreground" style:wrap="run-through" style:vertical-pos="middle" style:vertical-rel="paragraph" style:horizontal-pos="left" style:horizontal-rel="paragraph" style:mirror="none" fo:clip="rect(0cm 0cm 0cm 0cm)" draw:luminance="0%" draw:contrast="0%" draw:red="0%" draw:green="0%" draw:blue="0%" draw:gamma="1" draw:color-inversion="false" draw:transparency="-100%" draw:color-mode="standard"/>
  </style:style>
 </office:automatic-styles>
 <office:body>
  <text:variable-decls>
   <text:variable-decl text:value-type="string" text:name="HTML_ON"/>
   <text:variable-decl text:value-type="string" text:name="HTML_OFF"/>
   <text:variable-decl text:value-type="string" text:name="TITEL"/>
   <text:variable-decl text:value-type="string" text:name="END"/>
   <text:variable-decl text:value-type="string" text:name="NAME"/>
   <text:variable-decl text:value-type="string" text:name="HREF"/>
   <text:variable-decl text:value-type="string" text:name="HelpID"/>
   <text:variable-decl text:value-type="string" text:name="MODIFY"/>
   <text:variable-decl text:value-type="string" text:name="REFNR"/>
   <text:variable-decl text:value-type="string" text:name="KEY"/>
   <text:variable-decl text:value-type="string" text:name="INDEX"/>
   <text:variable-decl text:value-type="string" text:name="AKTHLP"/>
   <text:variable-decl text:value-type="string" text:name="HFELD"/>
   <text:variable-decl text:value-type="string" text:name="STYLE"/>
  </text:variable-decls>
  <text:sequence-decls>
   <text:sequence-decl text:display-outline-level="0" text:name="Illustration"/>
   <text:sequence-decl text:display-outline-level="0" text:name="Table"/>
   <text:sequence-decl text:display-outline-level="0" text:name="Text"/>
   <text:sequence-decl text:display-outline-level="0" text:name="Drawing"/>
  </text:sequence-decls>
  <text:p text:style-name="P1"/>
  <text:p text:style-name="Head 1"><help:help-id value="SO3_MODALDIALOG_MD_UPDATE_BASELINKS"/><help:help-id value="FN_EDIT_LINK_DLG"/><help:help-id value="SID_LINKS"/><help:help-id value="SID_MANAGE_LINKS"/>Verknüpfungen bearbeiten</text:p>
  <text:p text:style-name="Paragraph"><help:to-be-embedded Eid="verknuepfungentext"><help:help-text value="visible">Hier können Sie die Eigenschaften der Verknüpfungen im aktuellen Dokument sowie deren Pfade zu den Quelldateien bearbeiten. Dieser Befehl ist für Dokumente ohne Verknüpfungen zu anderen Dateien nicht verfügbar.</help:help-text></help:to-be-embedded></text:p>
  <help:popup Id="65620" Eid="link"><help:embedded Id="65598" Eid="wie"></help:embedded></help:popup>
  <text:p text:style-name="Paragraph">Der ursprüngliche Pfad und der Dateiname einer <help:popup Id="65619" Eid="verknuepfung">Verknüpfung</help:popup> werden auch dann beibehalten, wenn die verknüpfte Datei in ein anderes Verzeichnis verschoben wird. Sobald die verknüpfte Datei wieder in das ursprüngliche Verzeichnis geschoben wird, kann sie wieder über die Verknüpfung im Dokument aufgerufen werden.</text:p>
  <table:table table:name="Tabelle2" table:style-name="Tabelle2">
   <table:table-column table:style-name="Tabelle2.A"/>
   <table:table-column table:style-name="Tabelle2.B"/>
   <table:table-header-rows>
    <table:table-row table:style-name="Tabelle2.1">
     <table:table-cell table:style-name="Tabelle2.A1" table:value-type="string">
      <text:p text:style-name="Paragraph"><draw:image draw:name="Grafik0" svg:desc="Keine Beschreibung" svg:pixelx="32" svg:pixely="32" svg:width="0.847cm" svg:height="0.847cm" xlink:href="65980" draw:filter-name=""/></text:p>

     </table:table-cell>
     <table:table-cell table:style-name="Tabelle2.A1" table:value-type="string">
      <text:p text:style-name="Paragraph"><help:key-word value="Öffnen; mit Verknüpfungen" tag="kw65787_1"/><help:key-word value="Verknüpfungen; beim Öffnen aktualisieren" tag="kw65787_4"/><help:key-word value="Aktualisieren; Verknüpfungen beim Öffnen" tag="kw65787_3"/><help:key-word value="Verknüpfungen; Dateien öffnen" tag="kw65787_2"/>Beim Öffnen einer Datei, die Verknüpfungen enthält, werden Sie dazu aufgefordert, diese Verknüpfungen zu aktualisieren. Je nachdem, wo die verknüpften Dateien gespeichert sind, kann die Aktualisierung bis zu einigen Minuten in Anspruch nehmen.</text:p>
      <text:p text:style-name="Paragraph">Wenn Sie eine Datei laden, die DDE-Verknüpfungen enthält, werden Sie zum Aktualisieren der Verknüpfungen aufgefordert. Soll zu diesem Zeitpunkt keine Verbindung zum DDE-Server hergestellt werden, so lehnen Sie die Aktualisierung einfach ab.</text:p>
     </table:table-cell>
    </table:table-row>
   </table:table-header-rows>
  </table:table>
  <text:p text:style-name="Head 2">Quelldatei</text:p>
  <text:p text:style-name="Paragraph">Gibt den Pfad zur Quelldatei an.</text:p>
  <text:p text:style-name="Head 2">Element</text:p>
  <text:p text:style-name="Paragraph">Gibt die Anwendung an (sofern bekannt), von der die Quelldatei zuletzt gespeichert wurde.</text:p>
  <text:p text:style-name="Head 2">Typ</text:p>
  <text:p text:style-name="Paragraph">Gibt den Dateityp, z. B. Grafik, der Quelldatei an.</text:p>
  <text:p text:style-name="Head 2">Status</text:p>
  <text:p text:style-name="Paragraph">Zeigt zusätzliche Informationen über die Quelldatei an.</text:p>
  <text:p text:style-name="Head 2"><help:help-id value="SO3_RADIOBUTTON_MD_UPDATE_BASELINKS_RB_AUTOMATIC"/>Automatisch</text:p>
  <text:p text:style-name="Paragraph"><help:help-text value="visible">Bewirkt, dass der Inhalt der Verknüpfung beim Öffnen der Datei automatisch aktualisiert wird. Etwaige Änderungen der Quelldatei werden dann in der Datei, in der sich die Verknüpfung befindet, wiedergegeben. Verknüpfte Grafikdateien lassen sich nur manuell aktualisieren.</help:help-text> Diese Option steht für verknüpfte Grafikdateien nicht zur Verfügung.</text:p>
  <text:p text:style-name="Paragraph"><help:switch select="Program"><help:case select="CALC">Die Option <text:span text:style-name="T1">Automatisch</text:span> ist nur für DDE-Verknüpfungen verfügbar. Zum Einfügen einer DDE-Verknüpfung kopieren Sie den gewünschten Inhalt in der einen Datei und fügen ihn mit dem Befehl <text:span text:style-name="T1">Bearbeiten - Inhalte einfügen</text:span> und der Option <text:span text:style-name="T1">Verknüpfung</text:span> in die andere Datei ein. <text:s/>Da es sich bei DDE um ein textorientiertes Verknüpfungssystem handelt, werden nur die angezeigten Dezimalstellen in die Zieltabelle kopiert.</help:case></help:switch></text:p>
  <text:p text:style-name="Head 2"><help:help-id value="SO3_RADIOBUTTON_MD_UPDATE_BASELINKS_RB_MANUAL"/>Manuell</text:p>
  <text:p text:style-name="Paragraph"><help:help-text value="visible">Die Verknüpfung wird nur bei Betätigung der Schaltfläche <text:span text:style-name="T1">Aktualisieren</text:span> aktualisiert.</help:help-text></text:p>
  <text:p text:style-name="Head 2"><help:help-id value="SO3_PUSHBUTTON_MD_UPDATE_BASELINKS_PB_UPDATE_NOW"/>Aktualisieren</text:p>
  <text:p text:style-name="Paragraph"><help:help-text value="visible">Aktualisiert die ausgewählte Verknüpfung. Es wird dann die zuletzt gespeicherte Version der verknüpften Datei im aktuellen Dokument angezeigt.</help:help-text></text:p>
  <text:p text:style-name="Head 2"><help:help-id value="SO3_PUSHBUTTON_MD_UPDATE_BASELINKS_PB_CHANGE_SOURCE"/>Ändern</text:p>
  <text:p text:style-name="Paragraph"><help:help-text value="visible">Dient zum Ändern der Quelldatei für die ausgewählte Verknüpfung.</help:help-text></text:p>
  <text:p text:style-name="Head 2"><help:help-id value="SO3_PUSHBUTTON_MD_UPDATE_BASELINKS_PB_BREAK_LINK"/>Lösen</text:p>
  <text:p text:style-name="Paragraph"><help:help-text value="visible">Bricht die Verknüpfung zwischen der Quelldatei und dem aktuellen Dokument auf. Das Dokument bleibt dann auf dem Stand der zuletzt durchgeführten Aktualisierung.</help:help-text></text:p>
 </office:body>
</office:document>
