

<office:document  xmlns:office="http://openoffice.org/2000/office" xmlns:style="http://openoffice.org/2000/style" xmlns:text="http://openoffice.org/2000/text" xmlns:table="http://openoffice.org/2000/table" xmlns:draw="http://openoffice.org/2000/drawing" xmlns:fo="http://www.w3.org/1999/XSL/Format" xmlns:xlink="http://www.w3.org/1999/xlink" xmlns:number="http://openoffice.org/2000/datastyle" xmlns:svg="http://www.w3.org/2000/svg" xmlns:chart="http://openoffice.org/2000/chart" xmlns:dr3d="http://openoffice.org/2000/dr3d" xmlns:math="http://www.w3.org/1998/Math/MathML" xmlns:form="http://openoffice.org/2000/form" xmlns:script="http://openoffice.org/2000/script" office:class="text" office:version="1.0" xmlns:dc="http://purl.org/dc/elements/1.1/" xmlns:meta="http://openoffice.org/2000/meta" xmlns:help="http://openoffice.org/2000/help">
<office:meta>
  <dc:description>text/common/01/02230401</dc:description>
  <dc:subject>Liste</dc:subject>

  <dc:language>de-DE</dc:language>
  <meta:user-defined meta:name="Info 0">READY</meta:user-defined>
  <meta:user-defined meta:name="Info 1">FREE_OK</meta:user-defined>
  <meta:user-defined meta:name="Info 2"/>
  <meta:user-defined meta:name="Info 3"/>
</office:meta>
 <office:script/>
 <office:font-decls>
  <style:font-decl style:name="StarSymbol" fo:font-family="StarSymbol" style:font-charset="x-symbol"/>
  <style:font-decl style:name="Courier New" fo:font-family="&apos;Courier New&apos;" style:font-style-name="Standard" style:font-family-generic="modern" style:font-pitch="fixed"/>
  <style:font-decl style:name="Courier" fo:font-family="Courier" style:font-family-generic="roman" style:font-pitch="fixed"/>
  <style:font-decl style:name="Arial Unicode MS" fo:font-family="&apos;Arial Unicode MS&apos;" style:font-pitch="variable"/>
  <style:font-decl style:name="HG Mincho Light J" fo:font-family="&apos;HG Mincho Light J&apos;" style:font-pitch="variable"/>
  <style:font-decl style:name="Times New Roman3" fo:font-family="&apos;Times New Roman&apos;" style:font-pitch="variable"/>
  <style:font-decl style:name="Thorndale" fo:font-family="Thorndale" style:font-family-generic="roman" style:font-pitch="variable"/>
  <style:font-decl style:name="Times New Roman2" fo:font-family="&apos;Times New Roman&apos;" style:font-style-name="Fett" style:font-family-generic="roman" style:font-pitch="variable"/>
  <style:font-decl style:name="Times New Roman" fo:font-family="&apos;Times New Roman&apos;" style:font-style-name="Standard" style:font-family-generic="roman" style:font-pitch="variable"/>
  <style:font-decl style:name="Times New Roman1" fo:font-family="&apos;Times New Roman&apos;" style:font-family-generic="swiss" style:font-pitch="variable"/>
 </office:font-decls>
 <office:automatic-styles>
  <style:style style:name="Tabelle2" style:family="table">
   <style:properties style:width="17.995cm" fo:margin-left="0cm" fo:margin-right="0.005cm" table:align="margins"/>
  </style:style>
  <style:style style:name="Tabelle2.A" style:family="table-column">
   <style:properties style:column-width="2.364cm" style:rel-column-width="1340*"/>
  </style:style>
  <style:style style:name="Tabelle2.B" style:family="table-column">
   <style:properties style:column-width="15.628cm" style:rel-column-width="8859*"/>
  </style:style>
  <style:style style:name="Tabelle2.A1" style:family="table-cell">
   <style:properties fo:padding="0.049cm" fo:border-left="0.002cm solid #000000" fo:border-right="none" fo:border-top="0.002cm solid #000000" fo:border-bottom="0.002cm solid #000000"/>
  </style:style>
  <style:style style:name="Tabelle2.B1" style:family="table-cell">
   <style:properties fo:padding="0.049cm" fo:border="0.002cm solid #000000"/>
  </style:style>
  <style:style style:name="Tabelle2.A2" style:family="table-cell">
   <style:properties fo:padding="0.049cm" fo:border-left="0.002cm solid #000000" fo:border-right="none" fo:border-top="none" fo:border-bottom="0.002cm solid #000000"/>
  </style:style>
  <style:style style:name="Tabelle2.B2" style:family="table-cell">
   <style:properties fo:padding="0.049cm" fo:border-left="0.002cm solid #000000" fo:border-right="0.002cm solid #000000" fo:border-top="none" fo:border-bottom="0.002cm solid #000000"/>
  </style:style>
  <style:style style:name="Tabelle4" style:family="table">
   <style:properties style:width="18cm" table:align="margins"/>
  </style:style>
  <style:style style:name="Tabelle4.A" style:family="table-column">
   <style:properties style:column-width="1.499cm" style:rel-column-width="5460*"/>
  </style:style>
  <style:style style:name="Tabelle4.B" style:family="table-column">
   <style:properties style:column-width="16.499cm" style:rel-column-width="60055*"/>
  </style:style>
  <style:style style:name="Tabelle1" style:family="table">
   <style:properties style:width="18cm" table:align="margins"/>
  </style:style>
  <style:style style:name="Tabelle1.A" style:family="table-column">
   <style:properties style:column-width="1.499cm" style:rel-column-width="850*"/>
  </style:style>
  <style:style style:name="Tabelle1.B" style:family="table-column">
   <style:properties style:column-width="16.498cm" style:rel-column-width="9352*"/>
  </style:style>
  <style:style style:name="Tabelle1.1" style:family="table-row">
   <style:properties style:min-row-height="0.848cm"/>
  </style:style>
  <style:style style:name="Tabelle1.A1" style:family="table-cell">
   <style:properties fo:padding="0cm" fo:border="none"/>
  </style:style>
  <style:style style:name="P1" style:family="paragraph" style:parent-style-name="Paragraph" style:master-page-name="HTML">
   <style:properties style:page-number="0"/>
  </style:style>
  <style:style style:name="T1" style:family="text">
   <style:properties fo:font-weight="bold"/>
  </style:style>
  <style:style style:name="fr1" style:family="graphics" style:parent-style-name="Graphics">
   <style:properties style:run-through="foreground" style:wrap="run-through" style:vertical-pos="top" style:vertical-rel="paragraph" style:horizontal-pos="left" style:horizontal-rel="paragraph" style:mirror="none" fo:clip="rect(0cm 0cm 0cm 0cm)" draw:luminance="0%" draw:contrast="0%" draw:red="0%" draw:green="0%" draw:blue="0%" draw:gamma="1" draw:color-inversion="false" draw:transparency="-100%" draw:color-mode="standard"/>
  </style:style>
  <style:style style:name="fr2" style:family="graphics" style:parent-style-name="Graphics">
   <style:properties fo:margin-left="0cm" fo:margin-right="0cm" fo:margin-top="0cm" fo:margin-bottom="0cm" style:run-through="foreground" style:wrap="run-through" style:vertical-pos="middle" style:vertical-rel="paragraph" style:horizontal-pos="left" style:horizontal-rel="paragraph" style:mirror="none" fo:clip="rect(0cm 0cm 0cm 0cm)" draw:luminance="0%" draw:contrast="0%" draw:red="0%" draw:green="0%" draw:blue="0%" draw:gamma="1" draw:color-inversion="false" draw:transparency="-100%" draw:color-mode="standard"/>
  </style:style>
 </office:automatic-styles>
 <office:body>
  <text:variable-decls>
   <text:variable-decl text:value-type="string" text:name="HTML_ON"/>
   <text:variable-decl text:value-type="string" text:name="HTML_OFF"/>
   <text:variable-decl text:value-type="string" text:name="TITEL"/>
   <text:variable-decl text:value-type="string" text:name="END"/>
   <text:variable-decl text:value-type="string" text:name="HREF"/>
   <text:variable-decl text:value-type="string" text:name="MAC"/>
   <text:variable-decl text:value-type="string" text:name="ELSE"/>
   <text:variable-decl text:value-type="string" text:name="NAME"/>
   <text:variable-decl text:value-type="string" text:name="MODIFY"/>
   <text:variable-decl text:value-type="string" text:name="REFNR"/>
   <text:variable-decl text:value-type="string" text:name="HelpID"/>
   <text:variable-decl text:value-type="string" text:name="OS2"/>
   <text:variable-decl text:value-type="string" text:name="HFELD"/>
   <text:variable-decl text:value-type="string" text:name="AKTHLP"/>
   <text:variable-decl text:value-type="string" text:name="WIN"/>
   <text:variable-decl text:value-type="string" text:name="INDEX"/>
   <text:variable-decl text:value-type="string" text:name="STYLE"/>
  </text:variable-decls>
  <text:sequence-decls>
   <text:sequence-decl text:display-outline-level="0" text:name="Illustration"/>
   <text:sequence-decl text:display-outline-level="0" text:name="Table"/>
   <text:sequence-decl text:display-outline-level="0" text:name="Text"/>
   <text:sequence-decl text:display-outline-level="0" text:name="Drawing"/>
  </text:sequence-decls>
  <help:to-be-embedded Eid="liste">
  <text:p text:style-name="Head 1"><help:help-id value="HID_REDLINING_VIEW_PAGE"/><help:key-word value="Änderungen; ablehnen" tag="kw65843_1"/><help:key-word value="Änderungen; annehmen" tag="kw65843_2"/><help:link Id="65843">Liste</help:link></text:p>
  <text:p text:style-name="Paragraph"><help:help-text value="visible">Sie können einzelne Änderungen akzeptieren oder verwerfen.</help:help-text></text:p>
  </help:to-be-embedded>
  <help:popup Id="65620" Eid="rotlinieliste"><help:embedded Id="65598" Eid="wie"></help:embedded></help:popup>
  <text:p text:style-name="Paragraph">Das Register <text:span text:style-name="T1">Liste</text:span> zeigt alle im aktuellen Dokument vorgenommenen Änderungen an. Auf diese Liste lassen sich Filter anwenden. Klicken Sie hierzu auf das Register <text:span text:style-name="T1">Filter</text:span>, und wählen Sie dort die gewünschten <help:link Id="65717">Filterkriterien</help:link> aus.<help:switch select="Program"><help:case select="WRITER"> Im Fall von verschachtelten Änderungen werden die Abhängigkeiten ungeachtet des Filters immer angezeigt.</help:case></help:switch></text:p>
  <text:p text:style-name="Paragraph"><help:switch select="Program"><help:case select="WRITER">Von verschachtelten Änderungen spricht man bei Überschneidungen zwischen Änderungen, die von unterschiedlichen Autoren vorgenommen wurden.</help:case></help:switch></text:p>
  <text:p text:style-name="Paragraph"><help:switch select="Program"><help:case select="CALC">Zum Anzeigen aller für eine Zelle aufgezeichneten Änderungen klicken Sie auf das Pluszeichen neben dem entsprchenden Eintrag in der Liste.</help:case></help:switch></text:p>
  <text:p text:style-name="Paragraph"><help:switch select="Program"><help:case select="CALC">Wenn nur eine der verschachtelten Änderungen in einer Zelle eines der Filterkriterien erfüllt, werden alle Änderungen dieser Zelle angezeigt. Beim Filtern der Änderungsliste werden die Listeneinträge gemäß der folgenden Tabelle in unterschiedlichen Farben dargestellt:</help:case></help:switch></text:p>
  <help:switch select="Program"><help:case select="CALC">
  <table:table table:name="Tabelle2" table:style-name="Tabelle2">
   <table:table-column table:style-name="Tabelle2.A"/>
   <table:table-column table:style-name="Tabelle2.B"/>
   <table:table-header-rows>
    <table:table-row>
     <table:table-cell table:style-name="Tabelle2.A1" table:value-type="string">
      <text:p text:style-name="TableHead">Farbe</text:p>
     </table:table-cell>
     <table:table-cell table:style-name="Tabelle2.B1" table:value-type="string">
      <text:p text:style-name="TableHead">Bedeutung</text:p>
     </table:table-cell>
    </table:table-row>
   </table:table-header-rows>
   <table:table-row>
    <table:table-cell table:style-name="Tabelle2.A2" table:value-type="string">
     <text:p text:style-name="TextInTable">schwarz</text:p>
    </table:table-cell>
    <table:table-cell table:style-name="Tabelle2.B2" table:value-type="string">
     <text:p text:style-name="TextInTable">Der Eintrag erfüllt eines der Filterkriterien.</text:p>
    </table:table-cell>
   </table:table-row>
   <table:table-row>
    <table:table-cell table:style-name="Tabelle2.A2" table:value-type="string">
     <text:p text:style-name="TextInTable">blau</text:p>
    </table:table-cell>
    <table:table-cell table:style-name="Tabelle2.B2" table:value-type="string">
     <text:p text:style-name="TextInTable">Mindestens ein Untereintrag erfüllt eines der Filterkriterien.</text:p>
    </table:table-cell>
   </table:table-row>
   <table:table-row>
    <table:table-cell table:style-name="Tabelle2.A2" table:value-type="string">
     <text:p text:style-name="TextInTable">grau</text:p>
    </table:table-cell>
    <table:table-cell table:style-name="Tabelle2.B2" table:value-type="string">
     <text:p text:style-name="TextInTable">Der Untereintrag erfüllt keines der Filterkriterien.</text:p>
    </table:table-cell>
   </table:table-row>
   <table:table-row>
    <table:table-cell table:style-name="Tabelle2.A2" table:value-type="string">
     <text:p text:style-name="TextInTable">grün</text:p>
    </table:table-cell>
    <table:table-cell table:style-name="Tabelle2.B2" table:value-type="string">
     <text:p text:style-name="TextInTable">Der Untereintrag erfüllt eines der Filterkriterien.</text:p>
    </table:table-cell>
   </table:table-row>
  </table:table>
  </help:case></help:switch>
  <text:p text:style-name="Head 2"><help:help-id value="HID_REDLINING_VIEW_DG_VIEW"/>Auswahlfeld</text:p>
  <text:p text:style-name="Paragraph"><help:help-text value="visible">Hier sind die aufgezeichneten Änderungen im Dokument aufgeführt. Wenn Sie einen Eintrag in der Liste auswählen, wird die Änderung im Dokument hervorgehoben. Zum Sortieren der Liste klicken Sie auf einen Spaltenkopf. </help:help-text> Um mehrere Einträge auszuwählen, halten Sie beim Klicken die Strg-Taste gedrückt.</text:p>
  <table:table table:name="Tabelle4" table:style-name="Tabelle4">
   <table:table-column table:style-name="Tabelle4.A"/>
   <table:table-column table:style-name="Tabelle4.B"/>
   <table:table-header-rows>
    <table:table-row>
     <table:table-cell table:value-type="string">
      <text:p text:style-name="Paragraph"><draw:image draw:name="Tipp0" svg:desc="Symbol für Tipps" svg:pixelx="32" svg:pixely="32" svg:width="0.847cm" svg:height="0.847cm" xlink:href="66732" draw:filter-name=""/></text:p>

     </table:table-cell>
     <table:table-cell table:value-type="string">
      <text:p text:style-name="Paragraph">Zum Bearbeiten des Kommentars eines Listeneintrags klicken Sie mit der rechten Maustaste auf den Eintrag und wählen dann <text:span text:style-name="T1">Kommentar bearbeiten</text:span>.</text:p>
     </table:table-cell>
    </table:table-row>
   </table:table-header-rows>
  </table:table>
  <text:p text:style-name="Paragraph">Nachdem Sie eine Änderung akzeptiert oder verworfen haben, wird die Liste nach den Zuständen &quot;Akzeptiert&quot; oder &quot;Abgelehnt&quot; neu sortiert.</text:p>
  <text:p text:style-name="Head 3"><help:help-id value="HID_SC_SORT_ACTION"/>Aktion</text:p>
  <text:p text:style-name="Paragraph"><help:help-text value="visible">Hier sind die Änderungen im Dokument aufgeführt.</help:help-text></text:p>
  <text:p text:style-name="Head 3"><help:switch select="Program"><help:case select="CALC">Position</help:case></help:switch></text:p>
  <text:p text:style-name="Paragraph"><help:switch select="Program"><help:case select="CALC">Hier sind die Zellen mit geändertem Inhalt aufgeführt.</help:case></help:switch></text:p>
  <text:p text:style-name="Head 3"><help:help-id value="HID_SC_SORT_AUTHOR"/>Autor</text:p>
  <text:p text:style-name="Paragraph"><help:help-text value="visible">Hier sehen Sie den Autor der Änderung.</help:help-text></text:p>
  <text:p text:style-name="Head 3"><help:help-id value="HID_SC_SORT_DATE"/>Datum</text:p>
  <text:p text:style-name="Paragraph"><help:help-text value="visible">Hier sind Datum und Uhrzeit der Änderung angegeben.</help:help-text></text:p>
  <text:p text:style-name="Head 3"><help:help-id value="HID_SC_SORT_COMMENT"/>Beschreibung</text:p>
  <text:p text:style-name="Paragraph"><help:help-text value="visible">Hier sind Kommentare zu den Änderungen aufgeführt.</help:help-text></text:p>
  <text:p text:style-name="Head 2"><help:help-id value="HID_REDLINING_VIEW_PB_ACCEPT"/>Akzeptieren</text:p>
  <text:p text:style-name="Paragraph"><help:help-text value="visible">Akzeptiert die ausgewählte Änderung und entfernt die Hervorhebung der Änderung im Dokument.</help:help-text></text:p>
  <text:p text:style-name="Head 2"><help:help-id value="HID_REDLINING_VIEW_PB_REJECT"/>Ablehnen</text:p>
  <text:p text:style-name="Paragraph"><help:help-text value="visible">Verwirft die ausgewählte Änderung und entfernt die Hervorhebung der Änderung im Dokument.</help:help-text></text:p>
  <text:p text:style-name="Head 2"><help:help-id value="HID_REDLINING_VIEW_PB_ACCEPTALL"/>Alle akzeptieren</text:p>
  <text:p text:style-name="Paragraph"><help:help-text value="visible">Akzeptiert alle Änderungen und entfernt die Hervorhebung aus dem Dokument.</help:help-text></text:p>
  <text:p text:style-name="Head 2"><help:help-id value="HID_REDLINING_VIEW_PB_REJECTALL"/>Alle ablehnen</text:p>
  <text:p text:style-name="Paragraph"><help:help-text value="visible">Verwirft alle Änderungen und entfernt die Hervorhebung aus dem Dokument.</help:help-text></text:p>
  <help:switch select="Program"><help:case select="WRITER">
  <table:table table:name="Tabelle1" table:style-name="Tabelle1">
   <table:table-column table:style-name="Tabelle1.A"/>
   <table:table-column table:style-name="Tabelle1.B"/>
   <table:table-header-rows>
    <table:table-row table:style-name="Tabelle1.1">
     <table:table-cell table:style-name="Tabelle1.A1" table:value-type="string">
      <text:p text:style-name="Paragraph"><draw:image draw:name="Symbol1" svg:desc="Symbol für Hinweise" svg:pixelx="32" svg:pixely="32" svg:width="0.847cm" svg:height="0.847cm" xlink:href="65980" draw:filter-name=""/></text:p>

     </table:table-cell>
     <table:table-cell table:style-name="Tabelle1.A1" table:value-type="string">
      <text:p text:style-name="Paragraph">Möchten Sie die Annahme oder Ablehnung einer Änderung rückgängig machen, wählen Sie <text:span text:style-name="T1">Rückgängig</text:span>im Menü <text:span text:style-name="T1">Bearbeiten</text:span>.</text:p>
     </table:table-cell>
    </table:table-row>
   </table:table-header-rows>
  </table:table>
  </help:case></help:switch>
  <text:p text:style-name="Head 2"><help:help-id value="HID_REDLINING_VIEW_PB_UNDO"/><help:switch select="Program"><help:case select="WRITER">Rückgängig</help:case></help:switch></text:p>
  <text:p text:style-name="Paragraph"><help:switch select="Program"><help:case select="WRITER">Bei Änderungen, die mit <text:span text:style-name="T1">Format - AutoFormat - Anwenden und Änderungen bearbeiten</text:span> vorgenommen wurden, ist der Befehl <text:span text:style-name="T1">Rückgängig</text:span> als Schaltfläche in diesem Dialog enthalten.<help:help-text value="visible"> Macht den letzten Annahme- oder Ablehnungsbefehl rückgängig.</help:help-text></help:case></help:switch></text:p>
  <text:p text:style-name="Paragraph">Im <text:span text:style-name="T1">Kontextmenü</text:span> der Liste stehen Ihnen weitere Befehle zur Verfügung:</text:p>
  <text:p text:style-name="Head 2"><help:help-id value="HID_EDIT_COMMENT"/><help:help-id value="HID_SC_CHANGES_COMMENT"/>Kommentar bearbeiten</text:p>
  <text:p text:style-name="Paragraph"><help:help-text value="visible">Sie können die Kommentare ausgewählter Änderungen bearbeiten.</help:help-text></text:p>
  <text:p text:style-name="Head 2">Sortiere</text:p>
  <text:p text:style-name="Paragraph">Sortiert die Liste gemäß der Spaltenüberschrift.</text:p>
  <text:p text:style-name="Head 3"><help:help-id value="HID_SORT_ACTION"/>Aktion</text:p>
  <text:p text:style-name="Paragraph"><help:help-text value="visible">Sortiert die Liste nach Art der Änderung.</help:help-text></text:p>
  <text:p text:style-name="Head 3"><help:help-id value="HID_SORT_AUTHOR"/>Autor</text:p>
  <text:p text:style-name="Paragraph"><help:help-text value="visible">Sortiert die Liste nach Autor.</help:help-text></text:p>
  <text:p text:style-name="Head 3"><help:help-id value="HID_SORT_DATE"/>Datum</text:p>
  <text:p text:style-name="Paragraph"><help:help-text value="visible">Sortiert die Liste nach Datum und Uhrzeit.</help:help-text></text:p>
  <text:p text:style-name="Head 3"><help:help-id value="HID_SORT_COMMENT"/>Beschreibung</text:p>
  <text:p text:style-name="Paragraph"><help:help-text value="visible">Sortiert die Liste nach den Kommentaren zu den Änderungen.</help:help-text></text:p>
  <text:p text:style-name="Head 3"><help:help-id value="HID_SORT_POSITION"/>Dokumentposition</text:p>
  <text:p text:style-name="Paragraph"><help:help-text value="visible">Sortiert die Liste absteigend nach der Position der Änderung im Dokument. Dies ist die Standardsoritermethode.</help:help-text></text:p>
 </office:body>
</office:document>
