

<office:document  xmlns:office="http://openoffice.org/2000/office" xmlns:style="http://openoffice.org/2000/style" xmlns:text="http://openoffice.org/2000/text" xmlns:table="http://openoffice.org/2000/table" xmlns:draw="http://openoffice.org/2000/drawing" xmlns:fo="http://www.w3.org/1999/XSL/Format" xmlns:xlink="http://www.w3.org/1999/xlink" xmlns:number="http://openoffice.org/2000/datastyle" xmlns:svg="http://www.w3.org/2000/svg" xmlns:chart="http://openoffice.org/2000/chart" xmlns:dr3d="http://openoffice.org/2000/dr3d" xmlns:math="http://www.w3.org/1998/Math/MathML" xmlns:form="http://openoffice.org/2000/form" xmlns:script="http://openoffice.org/2000/script" office:class="text" office:version="1.0" xmlns:dc="http://purl.org/dc/elements/1.1/" xmlns:meta="http://openoffice.org/2000/meta" xmlns:help="http://openoffice.org/2000/help">
<office:meta>
  <dc:description>text/common/01/04050000</dc:description>
  <dc:subject>Einfügen von Notizen</dc:subject>

  <dc:language>de-DE</dc:language>
  <meta:user-defined meta:name="Info 0">READY</meta:user-defined>
  <meta:user-defined meta:name="Info 1">FREE_OK</meta:user-defined>
  <meta:user-defined meta:name="Info 2"/>
  <meta:user-defined meta:name="Info 3"/>
</office:meta>
 <office:script/>
 <office:font-decls>
  <style:font-decl style:name="StarSymbol" fo:font-family="StarSymbol" style:font-charset="x-symbol"/>
  <style:font-decl style:name="Courier New" fo:font-family="&apos;Courier New&apos;" style:font-style-name="Standard" style:font-family-generic="modern" style:font-pitch="fixed"/>
  <style:font-decl style:name="Courier" fo:font-family="Courier" style:font-family-generic="roman" style:font-pitch="fixed"/>
  <style:font-decl style:name="Arial Unicode MS" fo:font-family="&apos;Arial Unicode MS&apos;" style:font-pitch="variable"/>
  <style:font-decl style:name="HG Mincho Light J" fo:font-family="&apos;HG Mincho Light J&apos;" style:font-pitch="variable"/>
  <style:font-decl style:name="Times New Roman3" fo:font-family="&apos;Times New Roman&apos;" style:font-pitch="variable"/>
  <style:font-decl style:name="Thorndale" fo:font-family="Thorndale" style:font-family-generic="roman" style:font-pitch="variable"/>
  <style:font-decl style:name="Times New Roman2" fo:font-family="&apos;Times New Roman&apos;" style:font-style-name="Fett" style:font-family-generic="roman" style:font-pitch="variable"/>
  <style:font-decl style:name="Times New Roman" fo:font-family="&apos;Times New Roman&apos;" style:font-style-name="Standard" style:font-family-generic="roman" style:font-pitch="variable"/>
  <style:font-decl style:name="Times New Roman1" fo:font-family="&apos;Times New Roman&apos;" style:font-family-generic="swiss" style:font-pitch="variable"/>
 </office:font-decls>
 <office:automatic-styles>
  <style:style style:name="Tabelle3" style:family="table">
   <style:properties style:width="18cm" table:align="margins"/>
  </style:style>
  <style:style style:name="Tabelle3.A" style:family="table-column">
   <style:properties style:column-width="1.499cm" style:rel-column-width="5460*"/>
  </style:style>
  <style:style style:name="Tabelle3.B" style:family="table-column">
   <style:properties style:column-width="16.499cm" style:rel-column-width="60055*"/>
  </style:style>
  <style:style style:name="P1" style:family="paragraph" style:parent-style-name="Paragraph" style:master-page-name="HTML">
   <style:properties style:page-number="0"/>
  </style:style>
  <style:style style:name="T1" style:family="text">
   <style:properties fo:font-weight="bold"/>
  </style:style>
  <style:style style:name="fr1" style:family="graphics" style:parent-style-name="Graphics">
   <style:properties style:run-through="foreground" style:wrap="run-through" style:vertical-pos="top" style:vertical-rel="paragraph" style:horizontal-pos="left" style:horizontal-rel="paragraph" style:mirror="none" fo:clip="rect(0cm 0cm 0cm 0cm)" draw:luminance="0%" draw:contrast="0%" draw:red="0%" draw:green="0%" draw:blue="0%" draw:gamma="1" draw:color-inversion="false" draw:transparency="-100%" draw:color-mode="standard"/>
  </style:style>
 </office:automatic-styles>
 <office:body>
  <text:variable-decls>
   <text:variable-decl text:value-type="string" text:name="HTML_ON"/>
   <text:variable-decl text:value-type="string" text:name="HTML_OFF"/>
   <text:variable-decl text:value-type="string" text:name="TITEL"/>
   <text:variable-decl text:value-type="string" text:name="END"/>
   <text:variable-decl text:value-type="string" text:name="OS2"/>
   <text:variable-decl text:value-type="string" text:name="ELSE"/>
   <text:variable-decl text:value-type="string" text:name="HREF"/>
   <text:variable-decl text:value-type="string" text:name="HFELD"/>
   <text:variable-decl text:value-type="string" text:name="NAME"/>
   <text:variable-decl text:value-type="string" text:name="MAC"/>
   <text:variable-decl text:value-type="string" text:name="WIN"/>
   <text:variable-decl text:value-type="string" text:name="HelpID"/>
   <text:variable-decl text:value-type="string" text:name="MODIFY"/>
   <text:variable-decl text:value-type="string" text:name="REFNR"/>
   <text:variable-decl text:value-type="string" text:name="KEY"/>
   <text:variable-decl text:value-type="string" text:name="AKTHLP"/>
   <text:variable-decl text:value-type="string" text:name="INDEX"/>
   <text:variable-decl text:value-type="string" text:name="STYLE"/>
  </text:variable-decls>
  <text:sequence-decls>
   <text:sequence-decl text:display-outline-level="0" text:name="Illustration"/>
   <text:sequence-decl text:display-outline-level="0" text:name="Table"/>
   <text:sequence-decl text:display-outline-level="0" text:name="Text"/>
   <text:sequence-decl text:display-outline-level="0" text:name="Drawing"/>
  </text:sequence-decls>
  <text:p text:style-name="P1"/>
  <text:p text:style-name="Head 1"><help:help-id value="FN_POSTIT"/><help:help-id value="SID_INSERT_POSTIT"/><help:key-word value="Notizen; einfügen" tag="kw65720_1"/><help:key-word value="Einfügen; Notizen" tag="kw65720_6"/><help:key-word value="Notizen; bearbeiten" tag="kw65720_5"/><help:key-word value="Bearbeiten; Notizen" tag="kw65720_4"/><help:key-word value="Aufzeichnungen; Notizen einfügen" tag="kw65720_3"/><help:key-word value="Anmerkungen; einfügen" tag="kw65720_2"/>Einfügen von Notizen</text:p>
  <text:p text:style-name="Paragraph"><help:to-be-embedded Eid="notizbearbeitentext"><help:help-text value="visible">Fügt an der aktuellen Cursorposition eine Notiz ein. Zum Einsehen und Bearbeiten einer Notiz wählen Sie sie zunächst aus und rufen dann diesen Befehl auf.</help:help-text></help:to-be-embedded></text:p>
  <help:switch select="Program"><help:case select="WRITER"><help:executeurl Id="slot:20329"></help:executeurl></help:case><help:default><help:executeurl Id="slot:26276"></help:executeurl></help:default></help:switch><help:popup Id="65610" Eid="notiz"><help:embedded Id="65598" Eid="wie"></help:embedded></help:popup>
  <help:switch select="Program"><help:case select="CALC"></help:case><help:default>
  </help:default></help:switch>
  <text:p text:style-name="Paragraph"><help:switch select="Program"><help:case select="CALC"></help:case><help:default>Kleine, gelbe Rechtecke in einem Dokument weisen darauf hin, dass sich an dieser Stelle eine Notiz befindet. Um eine Notiz zur Bearbeitung zu öffnen, doppelklicken Sie auf das Rechteck.</help:default></help:switch></text:p>
  <text:p text:style-name="Paragraph"><help:switch select="Program"><help:case select="CALC"></help:case><help:default>Bei Dateien, die mehrere Notizen enthalten, weist der Dialog <text:span text:style-name="T1">Notiz bearbeiten</text:span> Pfeilschaltflächen zum Vor- und Zurückblättern durch die Notizen auf.</help:default></help:switch></text:p>
  <help:help-id value="SVX_IMAGEBUTTON_RID_SVXDLG_POSTIT_BTN_PREV"/><help:switch select="Program"><help:case select="WRITER"><help:embedded Id="65598" Eid="nopfli"></help:embedded></help:case></help:switch>
  <help:help-id value="SVX_IMAGEBUTTON_RID_SVXDLG_POSTIT_BTN_NEXT"/><help:switch select="Program"><help:case select="WRITER"><help:embedded Id="65598" Eid="nopfre"></help:embedded></help:case></help:switch>
  <text:p text:style-name="Paragraph"><help:switch select="Program"><help:case select="CALC"></help:case><help:default>Um die Druckoptionen für Notizen in Ihrem Dokument festzulegen, wählen Sie <text:span text:style-name="T1">Datei - Drucken</text:span> und klicken dort auf <text:span text:style-name="T1">Zusätze</text:span>.</help:default></help:switch></text:p>
  <text:p text:style-name="Paragraph"><help:switch select="Program"><help:case select="CALC">Wenn Sie eine Zelle mit einer Notiz versehen, erscheint eine Legende, in die Sie den Text eingeben können. Kleine, rote Rechtecke in einer Tabelle weisen darauf hin, dass sich an dieser Stelle eine Notiz befindet. Sofern die Tipp-Hilfe aktiviert ist (<text:span text:style-name="T1">Hilfe - Tipp</text:span>), wird die Notiz eingeblendet, wenn sich der Mauszeiger über dem Rechteck befindet.</help:case></help:switch></text:p>
  <text:p text:style-name="Paragraph"><help:switch select="Program"><help:case select="CALC">Zum Bearbeiten einer Notiz klicken Sie auf die mit der Notiz versehene Zelle und wählen dann <text:span text:style-name="T1">Einfügen - Notiz</text:span>.</help:case></help:switch></text:p>
  <text:p text:style-name="Paragraph"><help:switch select="Program"><help:case select="CALC">Die Druckoptionen für Notizen in Ihrem Tabellendokument legen Sie unter <text:span text:style-name="T1">Format - Seite - Tabelle</text:span> fest.</help:case></help:switch></text:p>
  <table:table table:name="Tabelle3" table:style-name="Tabelle3">
   <table:table-column table:style-name="Tabelle3.A"/>
   <table:table-column table:style-name="Tabelle3.B"/>
   <table:table-header-rows>
    <table:table-row>
     <table:table-cell table:value-type="string">
      <text:p text:style-name="Paragraph"><draw:image draw:name="Symbol0" svg:desc="Dieses Symbol weist auf einen Textabschnitt hin, der weitergehende Informationen enthält." svg:pixelx="32" svg:pixely="32" svg:width="0.847cm" svg:height="0.847cm" xlink:href="65980" draw:filter-name=""/></text:p>

     </table:table-cell>
     <table:table-cell table:value-type="string">
      <text:p text:style-name="Paragraph">Exportieren Sie Dateien, die Notizen enthalten, in HTML-Format, wird der Inhalt der Notizen zwischen &lt;Comment&gt;-Tags gesetzt.</text:p>
     </table:table-cell>
    </table:table-row>
   </table:table-header-rows>
  </table:table>
  <text:p text:style-name="Head 2"><help:switch select="Program"><help:case select="CALC"></help:case><help:default>Inhalt</help:default></help:switch></text:p>
  <text:p text:style-name="Paragraph"><help:switch select="Program"><help:case select="CALC"></help:case><help:default>Zeigt die Eigenschaften der ausgewählten Notiz an.</help:default></help:switch></text:p>
  <text:p text:style-name="Head 3"><help:switch select="Program"><help:case select="CALC"></help:case><help:default>Autor</help:default></help:switch></text:p>
  <text:p text:style-name="Paragraph"><help:switch select="Program"><help:case select="CALC"></help:case><help:default>Zeigt die Initialen des Autors sowie das Erstellungsdatum der Notiz an.</help:default></help:switch></text:p>
  <text:p text:style-name="Head 3"><help:help-id value="SVX_MULTILINEEDIT_RID_SVXDLG_POSTIT_ED_EDIT"/><help:switch select="Program"><help:case select="CALC"></help:case><help:default>Text</help:default></help:switch></text:p>
  <text:p text:style-name="Paragraph"><help:help-text value="visible"><help:switch select="Program"><help:case select="CALC"></help:case><help:default>Geben Sie hier den Text der Notiz ein.</help:default></help:switch></help:help-text></text:p>
  <text:p text:style-name="Head 2"><help:help-id value="SVX_PUSHBUTTON_RID_SVXDLG_POSTIT_BTN_AUTHOR"/><help:switch select="Program"><help:case select="CALC"></help:case><help:default>Autor</help:default></help:switch></text:p>
  <text:p text:style-name="Paragraph"><help:help-text value="visible"><help:switch select="Program"><help:case select="CALC"></help:case><help:default>Fügt Ihre Initialen und das aktuelle Datum mit Uhrzeit in den Notizinhalt ein.</help:default></help:switch></help:help-text></text:p>
 </office:body>
</office:document>
