

<office:document  xmlns:office="http://openoffice.org/2000/office" xmlns:style="http://openoffice.org/2000/style" xmlns:text="http://openoffice.org/2000/text" xmlns:table="http://openoffice.org/2000/table" xmlns:draw="http://openoffice.org/2000/drawing" xmlns:fo="http://www.w3.org/1999/XSL/Format" xmlns:xlink="http://www.w3.org/1999/xlink" xmlns:number="http://openoffice.org/2000/datastyle" xmlns:svg="http://www.w3.org/2000/svg" xmlns:chart="http://openoffice.org/2000/chart" xmlns:dr3d="http://openoffice.org/2000/dr3d" xmlns:math="http://www.w3.org/1998/Math/MathML" xmlns:form="http://openoffice.org/2000/form" xmlns:script="http://openoffice.org/2000/script" office:class="text" office:version="1.0" xmlns:dc="http://purl.org/dc/elements/1.1/" xmlns:meta="http://openoffice.org/2000/meta" xmlns:help="http://openoffice.org/2000/help">
<office:meta>
  <dc:description>text/common/01/05020500</dc:description>
  <dc:subject>Schriftposition / Position</dc:subject>

  <dc:language>de-DE</dc:language>
  <meta:user-defined meta:name="Info 0">READY</meta:user-defined>
  <meta:user-defined meta:name="Info 1">FREE_OK</meta:user-defined>
  <meta:user-defined meta:name="Info 2"/>
  <meta:user-defined meta:name="Info 3"/>
</office:meta>
 <office:script/>
 <office:font-decls>
  <style:font-decl style:name="StarSymbol" fo:font-family="StarSymbol" style:font-charset="x-symbol"/>
  <style:font-decl style:name="Courier New" fo:font-family="&apos;Courier New&apos;" style:font-style-name="Standard" style:font-family-generic="modern" style:font-pitch="fixed"/>
  <style:font-decl style:name="Courier" fo:font-family="Courier" style:font-family-generic="roman" style:font-pitch="fixed"/>
  <style:font-decl style:name="Arial Unicode MS" fo:font-family="&apos;Arial Unicode MS&apos;" style:font-pitch="variable"/>
  <style:font-decl style:name="HG Mincho Light J" fo:font-family="&apos;HG Mincho Light J&apos;" style:font-pitch="variable"/>
  <style:font-decl style:name="Times New Roman3" fo:font-family="&apos;Times New Roman&apos;" style:font-pitch="variable"/>
  <style:font-decl style:name="Thorndale" fo:font-family="Thorndale" style:font-family-generic="roman" style:font-pitch="variable"/>
  <style:font-decl style:name="Times New Roman2" fo:font-family="&apos;Times New Roman&apos;" style:font-style-name="Fett" style:font-family-generic="roman" style:font-pitch="variable"/>
  <style:font-decl style:name="Times New Roman" fo:font-family="&apos;Times New Roman&apos;" style:font-style-name="Standard" style:font-family-generic="roman" style:font-pitch="variable"/>
  <style:font-decl style:name="Times New Roman1" fo:font-family="&apos;Times New Roman&apos;" style:font-family-generic="swiss" style:font-pitch="variable"/>
 </office:font-decls>
 <office:automatic-styles>
  <style:style style:name="P1" style:family="paragraph" style:parent-style-name="Paragraph" style:master-page-name="HTML">
   <style:properties style:page-number="0"/>
  </style:style>
  <style:style style:name="P2" style:family="paragraph" style:parent-style-name="Paragraph" style:list-style-name="L1"/>
  <style:style style:name="T1" style:family="text">
   <style:properties fo:font-weight="bold"/>
  </style:style>
  <text:list-style style:name="L1">
   <text:list-level-style-bullet text:level="1" text:style-name="Bullet Symbols" style:num-suffix="." text:bullet-char="•">
    <style:properties text:min-label-width="0.499cm" style:font-name="StarSymbol"/>
   </text:list-level-style-bullet>
   <text:list-level-style-bullet text:level="2" text:style-name="Bullet Symbols" style:num-suffix="." text:bullet-char="•">
    <style:properties text:space-before="0.499cm" text:min-label-width="0.499cm" style:font-name="StarSymbol"/>
   </text:list-level-style-bullet>
   <text:list-level-style-bullet text:level="3" text:style-name="Bullet Symbols" style:num-suffix="." text:bullet-char="•">
    <style:properties text:space-before="0.999cm" text:min-label-width="0.499cm" style:font-name="StarSymbol"/>
   </text:list-level-style-bullet>
   <text:list-level-style-bullet text:level="4" text:style-name="Bullet Symbols" style:num-suffix="." text:bullet-char="•">
    <style:properties text:space-before="1.498cm" text:min-label-width="0.499cm" style:font-name="StarSymbol"/>
   </text:list-level-style-bullet>
   <text:list-level-style-bullet text:level="5" text:style-name="Bullet Symbols" style:num-suffix="." text:bullet-char="•">
    <style:properties text:space-before="1.997cm" text:min-label-width="0.499cm" style:font-name="StarSymbol"/>
   </text:list-level-style-bullet>
   <text:list-level-style-bullet text:level="6" text:style-name="Bullet Symbols" style:num-suffix="." text:bullet-char="•">
    <style:properties text:space-before="2.496cm" text:min-label-width="0.499cm" style:font-name="StarSymbol"/>
   </text:list-level-style-bullet>
   <text:list-level-style-bullet text:level="7" text:style-name="Bullet Symbols" style:num-suffix="." text:bullet-char="•">
    <style:properties text:space-before="2.995cm" text:min-label-width="0.499cm" style:font-name="StarSymbol"/>
   </text:list-level-style-bullet>
   <text:list-level-style-bullet text:level="8" text:style-name="Bullet Symbols" style:num-suffix="." text:bullet-char="•">
    <style:properties text:space-before="3.494cm" text:min-label-width="0.499cm" style:font-name="StarSymbol"/>
   </text:list-level-style-bullet>
   <text:list-level-style-bullet text:level="9" text:style-name="Bullet Symbols" style:num-suffix="." text:bullet-char="•">
    <style:properties text:space-before="3.994cm" text:min-label-width="0.499cm" style:font-name="StarSymbol"/>
   </text:list-level-style-bullet>
   <text:list-level-style-bullet text:level="10" text:style-name="Bullet Symbols" style:num-suffix="." text:bullet-char="•">
    <style:properties text:space-before="4.493cm" text:min-label-width="0.499cm" style:font-name="StarSymbol"/>
   </text:list-level-style-bullet>
  </text:list-style>
 </office:automatic-styles>
 <office:body>
  <text:variable-decls>
   <text:variable-decl text:value-type="string" text:name="HTML_ON"/>
   <text:variable-decl text:value-type="string" text:name="HTML_OFF"/>
   <text:variable-decl text:value-type="string" text:name="TITEL"/>
   <text:variable-decl text:value-type="string" text:name="END"/>
   <text:variable-decl text:value-type="string" text:name="HREF"/>
   <text:variable-decl text:value-type="string" text:name="NAME"/>
   <text:variable-decl text:value-type="string" text:name="OS2"/>
   <text:variable-decl text:value-type="string" text:name="ELSE"/>
   <text:variable-decl text:value-type="string" text:name="HelpID"/>
   <text:variable-decl text:value-type="string" text:name="HFELD"/>
   <text:variable-decl text:value-type="string" text:name="MODIFY"/>
   <text:variable-decl text:value-type="string" text:name="REFNR"/>
   <text:variable-decl text:value-type="string" text:name="WIN"/>
   <text:variable-decl text:value-type="string" text:name="KEY"/>
   <text:variable-decl text:value-type="string" text:name="AKTHLP"/>
   <text:variable-decl text:value-type="string" text:name="INDEX"/>
   <text:variable-decl text:value-type="string" text:name="STYLE"/>
  </text:variable-decls>
  <text:sequence-decls>
   <text:sequence-decl text:display-outline-level="0" text:name="Illustration"/>
   <text:sequence-decl text:display-outline-level="0" text:name="Table"/>
   <text:sequence-decl text:display-outline-level="0" text:name="Text"/>
   <text:sequence-decl text:display-outline-level="0" text:name="Drawing"/>
  </text:sequence-decls>
  <help:to-be-embedded Eid="position">
  <text:p text:style-name="Head 1"><help:help-id value="HID_SVXPAGE_CHAR_POSITION"/><help:key-word value="Positionen; Schriften" tag="kw67879_21"/><help:key-word value="Formate; Positionen" tag="kw67879_20"/><help:key-word value="Zeichen; Positionen" tag="kw67879_1"/><help:key-word value="Text; Positionen" tag="kw67879_19"/><help:key-word value="Effekte; Positionen" tag="kw67879_18"/><help:key-word value="Schriftpositionen; Text" tag="kw67879_17"/><help:switch select="Program"><help:case select="CALC"><help:link Id="67879">Schriftposition</help:link></help:case><help:default><help:link Id="67879">Position</help:link></help:default></help:switch></text:p>
  <text:p text:style-name="Paragraph"><help:help-text value="visible">Bestimmen Sie hier Position, Skalierung, Rotation und Laufweite der Zeichen. </help:help-text></text:p>
  </help:to-be-embedded>
  <help:popup Id="65599" Eid="position"><help:embedded Id="65598" Eid="wie"></help:embedded></help:popup>
  <help:embedded Id="65740" Eid="hinweis"></help:embedded>
  <text:p text:style-name="Paragraph"><help:switch select="Program"><help:case select="CALC"><help:embedded Id="68103" Eid="super_subscript"></help:embedded></help:case></help:switch></text:p>
  <text:p text:style-name="Head 2">Position</text:p>
  <text:p text:style-name="Paragraph">Hier legen Sie die Optionen für hoch- oder tiefgestellte Zeichen fest.</text:p>
  <text:p text:style-name="Head 3"><help:help-id value="FN_SET_SUPER_SCRIPT"/><help:help-id value="SVX_RADIOBUTTON_RID_SVXPAGE_CHAR_POSITION_RB_HIGHPOS"/><a name="hoch"/>Hoch<help:key-word value="Hochgestellt; Zeichenformatierung" tag="kw67879_16"/><help:key-word value="Zeichen; hochgestellt" tag="kw67879_15"/></text:p>
  <text:p text:style-name="Paragraph"><help:to-be-embedded Eid="hochtext"><help:help-text value="visible">Verringert die Schriftgröße des ausgewählten Texts und stellt den Text über die Grundlinie.</help:help-text></help:to-be-embedded></text:p>
  <text:p text:style-name="Head 3"><help:help-id value="SVX_RADIOBUTTON_RID_SVXPAGE_CHAR_POSITION_RB_NORMALPOS"/>Normal</text:p>
  <text:p text:style-name="Paragraph"><help:help-text value="visible">Entfernt die Hoch- oder Tiefstellung.</help:help-text></text:p>
  <text:p text:style-name="Head 3"><help:help-id value="FN_SET_SUB_SCRIPT"/><help:help-id value="SVX_RADIOBUTTON_RID_SVXPAGE_CHAR_POSITION_RB_LOWPOS"/><a name="tief"/>Tief<help:key-word value="Tiefgestellt; Zeichenformatierung" tag="kw67879_14"/><help:key-word value="Zeichen; tiefgestellt" tag="kw67879_13"/></text:p>
  <text:p text:style-name="Paragraph"><help:to-be-embedded Eid="tieftext"><help:help-text value="visible">Hiermit werden die Schriftzeichen nach unten versetzt dargestellt. Sie können eine Verkleinerung wählen.</help:help-text></help:to-be-embedded></text:p>
  <text:p text:style-name="Head 3"><help:help-id value="SVX_METRICFIELD_RID_SVXPAGE_CHAR_POSITION_ED_HIGHLOW"/>Hoch/Tief um</text:p>
  <text:p text:style-name="Paragraph"><help:help-text value="visible">Geben Sie an, um wie viel Prozent der ausgewählte Text in Bezug auf die Grundlinie hoch- oder tiefgestellt werden soll. 100 % entspricht der Schrifthöhe.</help:help-text></text:p>
  <text:p text:style-name="Head 3"><help:help-id value="SVX_METRICFIELD_RID_SVXPAGE_CHAR_POSITION_ED_FONTSIZE"/>Schriftgröße rel.</text:p>
  <text:p text:style-name="Paragraph"><help:help-text value="visible">Geben Sie an, um wie viel Prozent die Schriftgröße des ausgewählten Texts verringert werden soll.</help:help-text></text:p>
  <text:p text:style-name="Head 3"><help:help-id value="SVX_CHECKBOX_RID_SVXPAGE_CHAR_POSITION_CB_HIGHLOW"/>Automatisch</text:p>
  <text:p text:style-name="Paragraph"><help:help-text value="visible">Der Wert, um den der ausgewählte Text in Bezug auf die Grundlinie hoch- oder tiefgestellt wird, wird automatisch festgelegt.</help:help-text></text:p>
  <text:p text:style-name="Head 2">Rotation / Skalierung</text:p>
  <help:switch select="Program"><help:case select="WRITER">
  <text:p text:style-name="Paragraph">Legen Sie hier die Rotations- und Skalierungsoptionen für den ausgewählten Text fest.</text:p>
  <text:p text:style-name="Head 3"><help:help-id value="SVX_RADIOBUTTON_RID_SVXPAGE_CHAR_POSITION_RB_0_DEG"/>0 Grad</text:p>
  <text:p text:style-name="Paragraph"><help:help-text value="visible">Der ausgewählte Text wird nicht gedreht.</help:help-text></text:p>
  <text:p text:style-name="Head 3"><help:help-id value="SVX_RADIOBUTTON_RID_SVXPAGE_CHAR_POSITION_RB_90_DEG"/>90 Grad</text:p>
  <text:p text:style-name="Paragraph"><help:help-text value="visible">Der ausgewählte Text wird um 90 Grad nach links gedreht. </help:help-text></text:p>
  <text:p text:style-name="Head 3"><help:help-id value="SVX_RADIOBUTTON_RID_SVXPAGE_CHAR_POSITION_RB_270_DEG"/>270 Grad</text:p>
  <text:p text:style-name="Paragraph"><help:help-text value="visible">Der ausgewählte Text wird um 90 Grad nach rechts gedreht. </help:help-text></text:p>
  <text:p text:style-name="Head 3"><help:help-id value="SVX_CHECKBOX_RID_SVXPAGE_CHAR_POSITION_CB_FIT_TO_LINE"/>An Zeile anpassen</text:p>
  <text:p text:style-name="Paragraph"><help:help-text value="visible">Die ausgewählten Zeichen werden in die Länge gezogen oder zusammengedrückt und in die Zeile eingepasst. </help:help-text></text:p>
  </help:case></help:switch>
  <text:p text:style-name="Head 3"><help:help-id value="SVX_METRICFIELD_RID_SVXPAGE_CHAR_POSITION_MF_SCALE_WIDTH"/>Breite skalieren</text:p>
  <text:p text:style-name="Paragraph"><help:help-text value="visible">Geben Sie an, um wie viel Prozent die Schriftbreite des ausgewählten Texts vergrößert oder verringert werden soll.</help:help-text></text:p>
  <text:p text:style-name="Head 2"><help:key-word value="Laufweite; Schrifteffekt" tag="kw67879_12"/><help:key-word value="Zeichen; Laufweite" tag="kw67879_11"/><help:key-word value="Text; Laufweite" tag="kw67879_10"/><help:key-word value="Text; gesperrt" tag="kw67879_9"/>Laufweite</text:p>
  <text:p text:style-name="Paragraph">Legen Sie hier den Abstand zwischen den einzelnen Zeichen fest.</text:p>
  <text:p text:style-name="Head 3"><help:help-id value="SVX_LISTBOX_RID_SVXPAGE_CHAR_POSITION_LB_KERNING2"/>Laufweite</text:p>
  <text:p text:style-name="Paragraph"><help:help-text value="visible">Bestimmt den Abstand zwischen den einzelnen Zeichen das ausgewählten Texts. Für eine gesperrte oder schmale Laufweite wählen Sie im Feld <text:span text:style-name="T1">um</text:span> den gewünschten Abstand aus.</help:help-text></text:p>
  <text:unordered-list text:style-name="L1">
   <text:list-item>
    <text:p text:style-name="P2"><text:span text:style-name="T1">Standard</text:span> - es wird die in der Schriftart festgelegte Laufweite verwendet</text:p>
   </text:list-item>
   <text:list-item>
    <text:p text:style-name="P2"><text:span text:style-name="T1">Gesperrt</text:span> - der Abstand zwischen den Zeichen wird vergrößert</text:p>
   </text:list-item>
   <text:list-item>
    <text:p text:style-name="P2"><text:span text:style-name="T1">Schmal</text:span> - der Abstand zwischen den Zeichen wird verringert</text:p>
   </text:list-item>
  </text:unordered-list>
  <text:p text:style-name="Head 3"><help:help-id value="SVX_METRICFIELD_RID_SVXPAGE_CHAR_POSITION_ED_KERNING2"/>Laufweite um</text:p>
  <text:p text:style-name="Paragraph"><help:help-text value="visible">Geben Sie hier den gewünschten Zeichenabstand für den ausgewählten Text an.</help:help-text></text:p>
  <text:p text:style-name="Head 3"><help:help-id value="SVX_CHECKBOX_RID_SVXPAGE_CHAR_POSITION_CB_PAIRKERNING"/><help:popup Id="65619" Eid="kerning">Paarweises Kerning</help:popup><help:key-word value="Kerningpaare; Zeichen" tag="kw67879_8"/><help:key-word value="Paarweises Kerning; Zeichen" tag="kw67879_7"/><help:key-word value="Unterschneiden; Zeichen" tag="kw67879_6"/><help:key-word value="Spationieren; Zeichen" tag="kw67879_5"/><help:key-word value="Zeichen; Kerning" tag="kw67879_4"/><help:key-word value="Text; Kerning" tag="kw67879_3"/><help:key-word value="Schrift; Kerning" tag="kw67879_2"/></text:p>
  <text:p text:style-name="Paragraph"><help:help-text value="visible">Bei bestimmten Buchstabenkombinationen wird der Zeichenabstand automatisch gesetzt.</help:help-text></text:p>
  <text:p text:style-name="Paragraph">Das Kerning ist nur für bestimmte Schriftarten verfügbar und muss auch vom jeweiligen Drucker unterstützt werden.</text:p>
  <help:embedded Id="65630" Eid="vorschau"></help:embedded>
 </office:body>
</office:document>
