

<office:document  xmlns:office="http://openoffice.org/2000/office" xmlns:style="http://openoffice.org/2000/style" xmlns:text="http://openoffice.org/2000/text" xmlns:table="http://openoffice.org/2000/table" xmlns:draw="http://openoffice.org/2000/drawing" xmlns:fo="http://www.w3.org/1999/XSL/Format" xmlns:xlink="http://www.w3.org/1999/xlink" xmlns:number="http://openoffice.org/2000/datastyle" xmlns:svg="http://www.w3.org/2000/svg" xmlns:chart="http://openoffice.org/2000/chart" xmlns:dr3d="http://openoffice.org/2000/dr3d" xmlns:math="http://www.w3.org/1998/Math/MathML" xmlns:form="http://openoffice.org/2000/form" xmlns:script="http://openoffice.org/2000/script" office:class="text" office:version="1.0" xmlns:dc="http://purl.org/dc/elements/1.1/" xmlns:meta="http://openoffice.org/2000/meta" xmlns:help="http://openoffice.org/2000/help">
<office:meta>
  <dc:description>text/common/01/05020400</dc:description>
  <dc:subject>Hyperlink</dc:subject>
  <meta:keywords>
   <meta:keyword>$Version</meta:keyword>
  </meta:keywords>
  <dc:language>de-DE</dc:language>
  <meta:user-defined meta:name="Info 0">READY</meta:user-defined>
  <meta:user-defined meta:name="Info 1">FREE_OK</meta:user-defined>
  <meta:user-defined meta:name="Info 2"/>
  <meta:user-defined meta:name="Info 3"/>
</office:meta>
 <office:script/>
 <office:font-decls>
  <style:font-decl style:name="StarSymbol" fo:font-family="StarSymbol" style:font-charset="x-symbol"/>
  <style:font-decl style:name="Courier New" fo:font-family="&apos;Courier New&apos;" style:font-style-name="Standard" style:font-family-generic="modern" style:font-pitch="fixed"/>
  <style:font-decl style:name="Courier" fo:font-family="Courier" style:font-family-generic="roman" style:font-pitch="fixed"/>
  <style:font-decl style:name="Arial Unicode MS" fo:font-family="&apos;Arial Unicode MS&apos;" style:font-pitch="variable"/>
  <style:font-decl style:name="HG Mincho Light J" fo:font-family="&apos;HG Mincho Light J&apos;" style:font-pitch="variable"/>
  <style:font-decl style:name="Times New Roman3" fo:font-family="&apos;Times New Roman&apos;" style:font-pitch="variable"/>
  <style:font-decl style:name="Thorndale" fo:font-family="Thorndale" style:font-family-generic="roman" style:font-pitch="variable"/>
  <style:font-decl style:name="Times New Roman2" fo:font-family="&apos;Times New Roman&apos;" style:font-style-name="Fett" style:font-family-generic="roman" style:font-pitch="variable"/>
  <style:font-decl style:name="Times New Roman" fo:font-family="&apos;Times New Roman&apos;" style:font-style-name="Standard" style:font-family-generic="roman" style:font-pitch="variable"/>
  <style:font-decl style:name="Times New Roman1" fo:font-family="&apos;Times New Roman&apos;" style:font-family-generic="swiss" style:font-pitch="variable"/>
 </office:font-decls>
 <office:automatic-styles>
  <style:style style:name="P1" style:family="paragraph" style:parent-style-name="Paragraph" style:master-page-name="HTML">
   <style:properties style:page-number="0"/>
  </style:style>
  <style:style style:name="T1" style:family="text">
   <style:properties fo:font-weight="bold"/>
  </style:style>
 </office:automatic-styles>
 <office:body>
  <text:variable-decls>
   <text:variable-decl text:value-type="string" text:name="HTML_ON"/>
   <text:variable-decl text:value-type="string" text:name="HTML_OFF"/>
   <text:variable-decl text:value-type="string" text:name="TITEL"/>
   <text:variable-decl text:value-type="string" text:name="END"/>
   <text:variable-decl text:value-type="string" text:name="HREF"/>
   <text:variable-decl text:value-type="string" text:name="NAME"/>
   <text:variable-decl text:value-type="string" text:name="OS2"/>
   <text:variable-decl text:value-type="string" text:name="ELSE"/>
   <text:variable-decl text:value-type="string" text:name="HelpID"/>
   <text:variable-decl text:value-type="string" text:name="MODIFY"/>
   <text:variable-decl text:value-type="string" text:name="REFNR"/>
   <text:variable-decl text:value-type="string" text:name="KEY"/>
   <text:variable-decl text:value-type="string" text:name="AKTHLP"/>
   <text:variable-decl text:value-type="string" text:name="HFELD"/>
   <text:variable-decl text:value-type="string" text:name="INDEX"/>
   <text:variable-decl text:value-type="string" text:name="STYLE"/>
  </text:variable-decls>
  <text:sequence-decls>
   <text:sequence-decl text:display-outline-level="0" text:name="Illustration"/>
   <text:sequence-decl text:display-outline-level="0" text:name="Table"/>
   <text:sequence-decl text:display-outline-level="0" text:name="Text"/>
   <text:sequence-decl text:display-outline-level="0" text:name="Drawing"/>
  </text:sequence-decls>
  <text:p text:style-name="P1"/>
  <text:p text:style-name="Head 1"><help:help-id value="HID_CHAR_URL"/><help:help-id value="FN_INSERT_HYPERLINK"/><help:key-word value="Format; Hyperlink" tag="kw65804_1"/><help:key-word value="Zeichen; Hyperlink" tag="kw65804_5"/><help:key-word value="Hyperlink; Zeichenformat" tag="kw65804_4"/><help:key-word value="Text; Hyperlink" tag="kw65804_3"/><help:key-word value="Link; Zeichenformat" tag="kw65804_2"/><a name="hyperlink"/><help:link Id="65804">Hyperlink</help:link></text:p>
  <text:p text:style-name="Paragraph"><help:to-be-embedded Eid="hyperlinktext"><help:help-text value="visible">Dient zum Erzeugen eines neuen oder Bearbeiten eines vorhandenen Hyperlinks.</help:help-text></help:to-be-embedded> Hyperlinks sind Verknüpfungen zu bestimmten Dateien im Internet oder auf dem lokalen System.</text:p>
  <help:switch select="Program"><help:case select="WRITER">
  <text:p text:style-name="Paragraph">Sie können auch benannte HTML-Anker eingeben, die als <help:link Id="67659">Textmarken</help:link> oder Lesezeichen auf eine bestimmte Stelle im Dokument verweisen.</text:p>
  </help:case></help:switch>
  <help:popup Id="65599" Eid="hyperl"><help:embedded Id="65598" Eid="wie"></help:embedded></help:popup>
  <text:p text:style-name="Head 2">Hyperlink</text:p>
  <text:p text:style-name="Paragraph">Legen Sie die Einstellungen für den Hyperlink fest.</text:p>
  <text:p text:style-name="Head 3"><help:help-id value="SW_EDIT_TP_CHAR_URL_ED_URL"/>URL</text:p>
  <text:p text:style-name="Paragraph"><help:to-be-embedded Eid="texturl"><help:help-text value="visible">Geben Sie eine <help:popup Id="65629" Eid="url">URL</help:popup> für die Datei ein, die durch Klicken auf den Hyperlink geöffnet werden soll.</help:help-text> Wenn Sie keinen Ziel-Frame angeben, wird die Datei im aktuellen Dokument oder Frame geöffnet.</help:to-be-embedded></text:p>
  <text:p text:style-name="Head 3"><help:help-id value="SW_PUSHBUTTON_TP_CHAR_URL_PB_URL"/>Auswählen...</text:p>
  <text:p text:style-name="Paragraph"><help:help-text value="visible">Suchen Sie die aufzurufende Datei, und klicken Sie auf <text:span text:style-name="T1">Öffnen</text:span>.</help:help-text></text:p>
  <text:p text:style-name="Head 3"><help:help-id value="SW_EDIT_TP_CHAR_URL_ED_TEXT"/>Hinweis</text:p>
  <text:p text:style-name="Paragraph"><help:help-text value="visible">Geben Sie den als Hyperlink sichtbaren Text ein.</help:help-text></text:p>
  <text:p text:style-name="Head 3"><help:help-id value="SW_PUSHBUTTON_TP_CHAR_URL_PB_EVENT"/>Ereignisse...</text:p>
  <text:p text:style-name="Paragraph"><help:help-text value="visible">Geben Sie ein Ereignis an, das durch Klicken auf den Hyperlink ausgelöst wird.</help:help-text></text:p>
  <text:p text:style-name="Head 3"><help:help-id value="SW_EDIT_TP_CHAR_URL_ED_NAME"/>Name</text:p>
  <help:to-be-embedded Eid="textname">
  <text:p text:style-name="Paragraph"><help:help-text value="visible">Geben Sie einen Namen für den Hyperlink ein.</help:help-text> <help:productname>%PRODUCTNAME</help:productname> fügt ein NAME-Tag in den Hyperlink ein:</text:p>
  <text:p text:style-name="Paragraph">&lt;A HREF=&quot;http://www.sun.com/&quot; NAME=&quot;Nametext&quot; TARGET=&quot;_blank&quot;&gt;Hinweistext&lt;/A&gt;</text:p>
  </help:to-be-embedded>
  <text:p text:style-name="Head 3"><help:help-id value="SW_COMBOBOX_TP_CHAR_URL_LB_TARGET"/>Frame</text:p>
  <text:p text:style-name="Paragraph"><help:to-be-embedded Eid="textframe"><help:help-text value="visible">Geben Sie die Bezeichnung für den Frame ein, in dem die Zieldatei geöffnet werden soll, oder wählen Sie einen der vordefinierten Frames in der Liste. </help:help-text> Lassen Sie dieses Feld leer, so wird die Zieldatei im aktuellen Browser-Fenster geöffnet.</help:to-be-embedded></text:p>
  <text:p text:style-name="Head 2">Zeichenvorlagen</text:p>
  <text:p text:style-name="Paragraph">Legen Sie die Formatierungsoptionen für den Hyperlink fest.</text:p>
  <text:p text:style-name="Head 3"><help:help-id value="SW_LISTBOX_TP_CHAR_URL_LB_VISITED"/>Besuchter Link</text:p>
  <text:p text:style-name="Paragraph"><help:help-text value="visible">Wählen Sie in dieser Liste eine Formatvorlage für besuchte Links. Wenn Sie neue Formatvorlagen in diese Liste einfügen oder vorhandene bearbeiten möchten, schließen Sie diesen Dialog, und klicken Sie auf das Symbol <text:span text:style-name="T1">Stylist</text:span> in der <text:span text:style-name="T1">Objektleiste</text:span>.</help:help-text></text:p>
  <text:p text:style-name="Head 3"><help:help-id value="SW_LISTBOX_TP_CHAR_URL_LB_NOT_VISITED"/>Unbesuchter Link</text:p>
  <text:p text:style-name="Paragraph"><help:help-text value="visible">Wählen Sie in dieser Liste eine Formatvorlage für unbesuchte Links. Wenn Sie neue Formatvorlagen in diese Liste einfügen oder vorhandene bearbeiten möchten, schließen Sie diesen Dialog, und klicken Sie auf das Symbol <text:span text:style-name="T1">Stylist</text:span> in der <text:span text:style-name="T1">Objektleiste</text:span>.</help:help-text></text:p>
  <text:p text:style-name="ParaList"><help:embedded Id="65598" Eid="related"></help:embedded></text:p>
  <text:p text:style-name="ParaList"><help:link Id="65963"></help:link></text:p>
  <text:p text:style-name="ParaList"><help:link Id="67665"></help:link></text:p>
  <text:p text:style-name="ParaList"><help:link Id="65775" Eid="targets"></help:link></text:p>
 </office:body>
</office:document>
