

<office:document  xmlns:office="http://openoffice.org/2000/office" xmlns:style="http://openoffice.org/2000/style" xmlns:text="http://openoffice.org/2000/text" xmlns:table="http://openoffice.org/2000/table" xmlns:draw="http://openoffice.org/2000/drawing" xmlns:fo="http://www.w3.org/1999/XSL/Format" xmlns:xlink="http://www.w3.org/1999/xlink" xmlns:number="http://openoffice.org/2000/datastyle" xmlns:svg="http://www.w3.org/2000/svg" xmlns:chart="http://openoffice.org/2000/chart" xmlns:dr3d="http://openoffice.org/2000/dr3d" xmlns:math="http://www.w3.org/1998/Math/MathML" xmlns:form="http://openoffice.org/2000/form" xmlns:script="http://openoffice.org/2000/script" office:class="text" office:version="1.0" xmlns:dc="http://purl.org/dc/elements/1.1/" xmlns:meta="http://openoffice.org/2000/meta" xmlns:help="http://openoffice.org/2000/help">
<office:meta>
  <dc:description>text/common/01/05020700</dc:description>
  <dc:subject>Asiatische Typographie</dc:subject>

  <dc:language>de-DE</dc:language>
  <meta:user-defined meta:name="Info 0">READY</meta:user-defined>
  <meta:user-defined meta:name="Info 1">FREE_OK</meta:user-defined>
  <meta:user-defined meta:name="Info 2"/>
  <meta:user-defined meta:name="Info 3"/>
</office:meta>
 <office:script/>
 <office:font-decls>
  <style:font-decl style:name="StarSymbol" fo:font-family="StarSymbol" style:font-charset="x-symbol"/>
  <style:font-decl style:name="Courier New" fo:font-family="&apos;Courier New&apos;" style:font-style-name="Standard" style:font-family-generic="modern" style:font-pitch="fixed"/>
  <style:font-decl style:name="Courier" fo:font-family="Courier" style:font-family-generic="roman" style:font-pitch="fixed"/>
  <style:font-decl style:name="Arial Unicode MS" fo:font-family="&apos;Arial Unicode MS&apos;" style:font-pitch="variable"/>
  <style:font-decl style:name="HG Mincho Light J" fo:font-family="&apos;HG Mincho Light J&apos;" style:font-pitch="variable"/>
  <style:font-decl style:name="Times New Roman3" fo:font-family="&apos;Times New Roman&apos;" style:font-pitch="variable"/>
  <style:font-decl style:name="Thorndale" fo:font-family="Thorndale" style:font-family-generic="roman" style:font-pitch="variable"/>
  <style:font-decl style:name="Times New Roman2" fo:font-family="&apos;Times New Roman&apos;" style:font-style-name="Fett" style:font-family-generic="roman" style:font-pitch="variable"/>
  <style:font-decl style:name="Times New Roman" fo:font-family="&apos;Times New Roman&apos;" style:font-style-name="Standard" style:font-family-generic="roman" style:font-pitch="variable"/>
  <style:font-decl style:name="Times New Roman1" fo:font-family="&apos;Times New Roman&apos;" style:font-family-generic="swiss" style:font-pitch="variable"/>
 </office:font-decls>
 <office:automatic-styles>
  <style:style style:name="P1" style:family="paragraph" style:parent-style-name="Paragraph" style:master-page-name="HTML">
   <style:properties style:page-number="0"/>
  </style:style>
  <style:style style:name="T1" style:family="text">
   <style:properties fo:font-weight="bold"/>
  </style:style>
 </office:automatic-styles>
 <office:body>
  <text:variable-decls>
   <text:variable-decl text:value-type="string" text:name="HTML_ON"/>
   <text:variable-decl text:value-type="string" text:name="HTML_OFF"/>
   <text:variable-decl text:value-type="string" text:name="TITEL"/>
   <text:variable-decl text:value-type="string" text:name="END"/>
   <text:variable-decl text:value-type="string" text:name="HREF"/>
   <text:variable-decl text:value-type="string" text:name="NAME"/>
   <text:variable-decl text:value-type="string" text:name="OS2"/>
   <text:variable-decl text:value-type="string" text:name="ELSE"/>
   <text:variable-decl text:value-type="string" text:name="HelpID"/>
   <text:variable-decl text:value-type="string" text:name="HFELD"/>
   <text:variable-decl text:value-type="string" text:name="MODIFY"/>
   <text:variable-decl text:value-type="string" text:name="REFNR"/>
   <text:variable-decl text:value-type="string" text:name="WIN"/>
   <text:variable-decl text:value-type="string" text:name="KEY"/>
   <text:variable-decl text:value-type="string" text:name="AKTHLP"/>
   <text:variable-decl text:value-type="string" text:name="INDEX"/>
   <text:variable-decl text:value-type="string" text:name="STYLE"/>
  </text:variable-decls>
  <text:sequence-decls>
   <text:sequence-decl text:display-outline-level="0" text:name="Illustration"/>
   <text:sequence-decl text:display-outline-level="0" text:name="Table"/>
   <text:sequence-decl text:display-outline-level="0" text:name="Text"/>
   <text:sequence-decl text:display-outline-level="0" text:name="Drawing"/>
  </text:sequence-decls>
  <help:to-be-embedded Eid="asitypo">
  <text:p text:style-name="Head 1"><help:key-word value="Asiatische Typographie; Schrift" tag="kw67877_1"/><help:key-word value="Format; asiatische Typographie" tag="kw67877_5"/><help:key-word value="Absatz; asiatische Typographie" tag="kw67877_4"/><help:key-word value="Text; asiatische Typographie" tag="kw67877_3"/><help:key-word value="Typographie; asiatische" tag="kw67877_2"/><help:link Id="67877">Asiatische Typographie</help:link></text:p>
  <text:p text:style-name="Paragraph"><help:help-text value="visible">Hier legen Sie die typographischen Optionen für <help:switch select="Program"><help:case select="CALC">Zellen</help:case><help:default>Absätze</help:default></help:switch> für Dateien in asiatischen Sprachen fest. Zum Aktivieren der Unterstützung für asiatische Sprachen wählen Sie <text:span text:style-name="T1">Extras - Optionen - Spracheinstellungen - Sprachen</text:span> und wählen das Feld <text:span text:style-name="T1">Aktiviert</text:span> unter <text:span text:style-name="T1">Unterstützung asiatischer Sprachen</text:span> aus.</help:help-text> In HTML-Dokumenten werden die Optionen für die asiatische Typographie ignoriert.</text:p>
  <help:embedded Id="65609" Eid="asiahinweis"></help:embedded>
  </help:to-be-embedded>
  <help:popup Id="65599" Eid="asitypo"><help:embedded Id="65598" Eid="wie"></help:embedded></help:popup>
  <text:p text:style-name="Head 2">Zeilenwechsel</text:p>
  <text:p text:style-name="Paragraph">Legen Sie hier die Optionen für den Zeilenwechsel in Dokumenten asiatischer Sprachen fest.</text:p>
  <text:p text:style-name="Head 3"><help:help-id value="SVX_TRISTATEBOX_RID_SVXPAGE_PARA_ASIAN_CB_AS_FORBIDDEN"/>Liste der verbotenen Zeichen an Zeilenanfang und -ende berücksichtigen</text:p>
  <text:p text:style-name="Paragraph"><help:help-text value="visible">Die in der Liste enthaltenen Zeichen werden weder an das Zeilenende noch an den Zeilenanfang gesetzt. Sie werden in die vorige bzw. die nächste Zeile verschoben. Die Liste der verbotenen Zeichen können Sie unter <text:span text:style-name="T1">Extras - Optionen - Spracheinstellungen - </text:span><help:link Id="67897"><text:span text:style-name="T1">Asiatisches Layout</text:span></help:link> bearbeiten.</help:help-text></text:p>
  <text:p text:style-name="Head 3"><help:help-id value="SVX_TRISTATEBOX_RID_SVXPAGE_PARA_ASIAN_CB_AS_HANG_PUNC"/>Hängende Interpunktion zulassen</text:p>
  <text:p text:style-name="Paragraph"><help:help-text value="visible">Die Zeichen für Komma und Punkt werden nicht umgebrochen. Stattdessen werden sie, selbst über den Seitenrand hinaus, an das Zeilenende angefügt.</help:help-text></text:p>
  <text:p text:style-name="Paragraph"><help:help-id value="SVX_TRISTATEBOX_RID_SVXPAGE_PARA_ASIAN_CB_AS_SCRIPT_SPACE"/>Abstand zwischen asiatischem, lateinischem und komplexem Text anwenden</text:p>
  <text:p text:style-name="Paragraph"><help:help-text value="visible">Zwischen asiatischen, lateinischen und komplexen Text wird ein Abstand eingefügt.</help:help-text></text:p>
  <text:p text:style-name="ParaList"><help:embedded Id="65598" Eid="related"></help:embedded></text:p>
  <text:p text:style-name="ParaList"><help:link Id="67877"></help:link></text:p>
 </office:body>
</office:document>
