

<office:document  xmlns:office="http://openoffice.org/2000/office" xmlns:style="http://openoffice.org/2000/style" xmlns:text="http://openoffice.org/2000/text" xmlns:table="http://openoffice.org/2000/table" xmlns:draw="http://openoffice.org/2000/drawing" xmlns:fo="http://www.w3.org/1999/XSL/Format" xmlns:xlink="http://www.w3.org/1999/xlink" xmlns:number="http://openoffice.org/2000/datastyle" xmlns:svg="http://www.w3.org/2000/svg" xmlns:chart="http://openoffice.org/2000/chart" xmlns:dr3d="http://openoffice.org/2000/dr3d" xmlns:math="http://www.w3.org/1998/Math/MathML" xmlns:form="http://openoffice.org/2000/form" xmlns:script="http://openoffice.org/2000/script" office:class="text" office:version="1.0" xmlns:dc="http://purl.org/dc/elements/1.1/" xmlns:meta="http://openoffice.org/2000/meta" xmlns:help="http://openoffice.org/2000/help">
<office:meta>
  <dc:description>text/common/01/05030100</dc:description>
  <dc:subject>Einzüge und Abstände</dc:subject>
  <meta:keywords>
   <meta:keyword>$Version</meta:keyword>
  </meta:keywords>
  <dc:language>de-DE</dc:language>
  <meta:user-defined meta:name="Info 0">READY</meta:user-defined>
  <meta:user-defined meta:name="Info 1">FREE_OK</meta:user-defined>
  <meta:user-defined meta:name="Info 2"/>
  <meta:user-defined meta:name="Info 3"/>
</office:meta>
 <office:script/>
 <office:font-decls>
  <style:font-decl style:name="StarSymbol" fo:font-family="StarSymbol" style:font-charset="x-symbol"/>
  <style:font-decl style:name="Courier New" fo:font-family="&apos;Courier New&apos;" style:font-style-name="Standard" style:font-family-generic="modern" style:font-pitch="fixed"/>
  <style:font-decl style:name="Courier" fo:font-family="Courier" style:font-family-generic="roman" style:font-pitch="fixed"/>
  <style:font-decl style:name="Arial Unicode MS" fo:font-family="&apos;Arial Unicode MS&apos;" style:font-pitch="variable"/>
  <style:font-decl style:name="HG Mincho Light J" fo:font-family="&apos;HG Mincho Light J&apos;" style:font-pitch="variable"/>
  <style:font-decl style:name="Times New Roman3" fo:font-family="&apos;Times New Roman&apos;" style:font-pitch="variable"/>
  <style:font-decl style:name="Thorndale" fo:font-family="Thorndale" style:font-family-generic="roman" style:font-pitch="variable"/>
  <style:font-decl style:name="Times New Roman2" fo:font-family="&apos;Times New Roman&apos;" style:font-style-name="Fett" style:font-family-generic="roman" style:font-pitch="variable"/>
  <style:font-decl style:name="Times New Roman" fo:font-family="&apos;Times New Roman&apos;" style:font-style-name="Standard" style:font-family-generic="roman" style:font-pitch="variable"/>
  <style:font-decl style:name="Times New Roman1" fo:font-family="&apos;Times New Roman&apos;" style:font-family-generic="swiss" style:font-pitch="variable"/>
 </office:font-decls>
 <office:automatic-styles>
  <style:style style:name="Tabelle8" style:family="table">
   <style:properties style:width="18cm" table:align="margins"/>
  </style:style>
  <style:style style:name="Tabelle8.A" style:family="table-column">
   <style:properties style:column-width="1.499cm" style:rel-column-width="850*"/>
  </style:style>
  <style:style style:name="Tabelle8.B" style:family="table-column">
   <style:properties style:column-width="16.498cm" style:rel-column-width="9352*"/>
  </style:style>
  <style:style style:name="Tabelle8.1" style:family="table-row">
   <style:properties style:min-row-height="0.848cm"/>
  </style:style>
  <style:style style:name="Tabelle8.A1" style:family="table-cell">
   <style:properties fo:padding="0cm" fo:border="none"/>
  </style:style>
  <style:style style:name="Tabelle1" style:family="table">
   <style:properties style:width="18cm" table:align="margins"/>
  </style:style>
  <style:style style:name="Tabelle1.A" style:family="table-column">
   <style:properties style:column-width="1.499cm" style:rel-column-width="5460*"/>
  </style:style>
  <style:style style:name="Tabelle1.B" style:family="table-column">
   <style:properties style:column-width="16.501cm" style:rel-column-width="60074*"/>
  </style:style>
  <style:style style:name="Tabelle1.1" style:family="table-row"/>
  <style:style style:name="Tabelle1.A1" style:family="table-cell">
   <style:properties fo:padding="0cm" fo:border="none"/>
  </style:style>
  <style:style style:name="Tabelle4" style:family="table">
   <style:properties style:width="18cm" table:align="margins"/>
  </style:style>
  <style:style style:name="Tabelle4.A" style:family="table-column">
   <style:properties style:column-width="1.501cm" style:rel-column-width="5466*"/>
  </style:style>
  <style:style style:name="Tabelle4.B" style:family="table-column">
   <style:properties style:column-width="16.499cm" style:rel-column-width="60068*"/>
  </style:style>
  <style:style style:name="Tabelle4.1" style:family="table-row"/>
  <style:style style:name="Tabelle4.A1" style:family="table-cell">
   <style:properties fo:padding="0cm" fo:border="none"/>
  </style:style>
  <style:style style:name="Tabelle5" style:family="table">
   <style:properties style:width="17.953cm" fo:margin-left="0.046cm" fo:margin-right="0cm" table:align="margins"/>
  </style:style>
  <style:style style:name="Tabelle5.A" style:family="table-column">
   <style:properties style:column-width="1.482cm" style:rel-column-width="840*"/>
  </style:style>
  <style:style style:name="Tabelle5.B" style:family="table-column">
   <style:properties style:column-width="16.469cm" style:rel-column-width="9337*"/>
  </style:style>
  <style:style style:name="Tabelle5.1" style:family="table-row"/>
  <style:style style:name="Tabelle5.A1" style:family="table-cell">
   <style:properties fo:padding="0cm" fo:border="none"/>
  </style:style>
  <style:style style:name="Tabelle6" style:family="table">
   <style:properties style:width="18cm" table:align="margins"/>
  </style:style>
  <style:style style:name="Tabelle6.A" style:family="table-column">
   <style:properties style:column-width="1.501cm" style:rel-column-width="5466*"/>
  </style:style>
  <style:style style:name="Tabelle6.B" style:family="table-column">
   <style:properties style:column-width="16.499cm" style:rel-column-width="60068*"/>
  </style:style>
  <style:style style:name="Tabelle6.1" style:family="table-row"/>
  <style:style style:name="Tabelle6.A1" style:family="table-cell">
   <style:properties fo:padding="0cm" fo:border="none"/>
  </style:style>
  <style:style style:name="Tabelle3" style:family="table">
   <style:properties style:width="18cm" table:align="margins"/>
  </style:style>
  <style:style style:name="Tabelle3.A" style:family="table-column">
   <style:properties style:column-width="1.499cm" style:rel-column-width="5460*"/>
  </style:style>
  <style:style style:name="Tabelle3.B" style:family="table-column">
   <style:properties style:column-width="16.501cm" style:rel-column-width="60074*"/>
  </style:style>
  <style:style style:name="Tabelle3.1" style:family="table-row"/>
  <style:style style:name="Tabelle3.A1" style:family="table-cell">
   <style:properties fo:padding="0cm" fo:border="none"/>
  </style:style>
  <style:style style:name="P1" style:family="paragraph" style:parent-style-name="Paragraph" style:master-page-name="HTML">
   <style:properties style:page-number="0"/>
  </style:style>
  <style:style style:name="T1" style:family="text">
   <style:properties fo:font-weight="bold"/>
  </style:style>
  <style:style style:name="fr1" style:family="graphics" style:parent-style-name="Graphics">
   <style:properties fo:margin-left="0cm" fo:margin-right="0cm" fo:margin-top="0cm" fo:margin-bottom="0cm" style:run-through="foreground" style:wrap="run-through" style:vertical-pos="middle" style:vertical-rel="paragraph" style:horizontal-pos="left" style:horizontal-rel="paragraph" style:mirror="none" fo:clip="rect(0cm 0cm 0cm 0cm)" draw:luminance="0%" draw:contrast="0%" draw:red="0%" draw:green="0%" draw:blue="0%" draw:gamma="1" draw:color-inversion="false" draw:transparency="-100%" draw:color-mode="standard"/>
  </style:style>
  <style:style style:name="fr2" style:family="graphics" style:parent-style-name="Graphics">
   <style:properties style:run-through="foreground" style:wrap="run-through" style:vertical-pos="top" style:vertical-rel="paragraph" style:horizontal-pos="left" style:horizontal-rel="paragraph" style:mirror="none" fo:clip="rect(0cm 0cm 0cm 0cm)" draw:luminance="0%" draw:contrast="0%" draw:red="0%" draw:green="0%" draw:blue="0%" draw:gamma="1" draw:color-inversion="false" draw:transparency="-100%" draw:color-mode="standard"/>
  </style:style>
  <style:style style:name="fr3" style:family="graphics" style:parent-style-name="Graphics">
   <style:properties style:run-through="foreground" style:wrap="run-through" style:vertical-pos="middle" style:vertical-rel="paragraph" style:horizontal-pos="left" style:horizontal-rel="paragraph" style:mirror="none" fo:clip="rect(0cm 0cm 0cm 0cm)" draw:luminance="0%" draw:contrast="0%" draw:red="0%" draw:green="0%" draw:blue="0%" draw:gamma="1" draw:color-inversion="false" draw:transparency="-100%" draw:color-mode="standard"/>
  </style:style>
 </office:automatic-styles>
 <office:body>
  <text:variable-decls>
   <text:variable-decl text:value-type="string" text:name="HTML_ON"/>
   <text:variable-decl text:value-type="string" text:name="HTML_OFF"/>
   <text:variable-decl text:value-type="string" text:name="TITEL"/>
   <text:variable-decl text:value-type="string" text:name="END"/>
   <text:variable-decl text:value-type="string" text:name="MAC"/>
   <text:variable-decl text:value-type="string" text:name="ELSE"/>
   <text:variable-decl text:value-type="string" text:name="HREF"/>
   <text:variable-decl text:value-type="string" text:name="NAME"/>
   <text:variable-decl text:value-type="string" text:name="OS2"/>
   <text:variable-decl text:value-type="string" text:name="HelpID"/>
   <text:variable-decl text:value-type="string" text:name="HFELD"/>
   <text:variable-decl text:value-type="string" text:name="WIN"/>
   <text:variable-decl text:value-type="string" text:name="MODIFY"/>
   <text:variable-decl text:value-type="string" text:name="REFNR"/>
   <text:variable-decl text:value-type="string" text:name="KEY"/>
   <text:variable-decl text:value-type="string" text:name="INDEX"/>
   <text:variable-decl text:value-type="string" text:name="AKTHLP"/>
   <text:variable-decl text:value-type="string" text:name="STYLE"/>
  </text:variable-decls>
  <text:sequence-decls>
   <text:sequence-decl text:display-outline-level="0" text:name="Illustration"/>
   <text:sequence-decl text:display-outline-level="0" text:name="Table"/>
   <text:sequence-decl text:display-outline-level="0" text:name="Text"/>
   <text:sequence-decl text:display-outline-level="0" text:name="Drawing"/>
  </text:sequence-decls>
  <help:to-be-embedded Eid="einzuege">
  <text:p text:style-name="Head 1"><help:help-id value="HID_FORMAT_PARAGRAPH_STD"/><help:key-word value="Einzüge und Abstände; Absatz" tag="kw65801_1"/><help:link Id="65801">Einzüge und Abstände</help:link></text:p>
  <text:p text:style-name="Paragraph"><help:help-text value="visible">Legt die Einstellungen für Einzug und Abstand des Absatzes fest.</help:help-text></text:p>
  <table:table table:name="Tabelle8" table:style-name="Tabelle8">
   <table:table-column table:style-name="Tabelle8.A"/>
   <table:table-column table:style-name="Tabelle8.B"/>
   <table:table-header-rows>
    <table:table-row table:style-name="Tabelle8.1">
     <table:table-cell table:style-name="Tabelle8.A1" table:value-type="string">
      <text:p text:style-name="Paragraph"><draw:image draw:name="Symbol0" svg:desc="Symbol für Hinweise" svg:pixelx="32" svg:pixely="32" svg:width="0.847cm" svg:height="0.847cm" xlink:href="65980" draw:filter-name=""/></text:p>

     </table:table-cell>
     <table:table-cell table:style-name="Tabelle8.A1" table:value-type="string">
      <text:p text:style-name="Paragraph">Wenn Sie die in diesem Dialog verwendeten Maßeinheiten austauschen möchten, wählen Sie <text:span text:style-name="T1">Extras - Optionen - Textdokument - Allgemein</text:span> und wählen dann im Bereich <text:span text:style-name="T1">Einstellungen</text:span> die gewünschte Maßeinheit aus.</text:p>
     </table:table-cell>
    </table:table-row>
   </table:table-header-rows>
  </table:table>
  </help:to-be-embedded>
  <help:switch select="Program"><help:case select="WRITER">
  <table:table table:name="Tabelle1" table:style-name="Tabelle1">
   <table:table-column table:style-name="Tabelle1.A"/>
   <table:table-column table:style-name="Tabelle1.B"/>
   <table:table-header-rows>
    <table:table-row table:style-name="Tabelle1.1">
     <table:table-cell table:style-name="Tabelle1.A1" table:value-type="string">
      <text:p text:style-name="Paragraph"><draw:image draw:name="Symbol1" svg:desc="Symbol für Tipps" svg:pixelx="32" svg:pixely="32" svg:width="0.847cm" svg:height="0.847cm" xlink:href="66732" draw:filter-name=""/></text:p>

     </table:table-cell>
     <table:table-cell table:style-name="Tabelle1.A1" table:value-type="string">
      <text:p text:style-name="Paragraph">Der Einzug lässt sich auch mit dem <help:link Id="67570">Lineal</help:link> bestimmen. Mit <text:span text:style-name="T1">Ansicht - Lineal</text:span> blenden Sie das Lineal ein.</text:p>
     </table:table-cell>
    </table:table-row>
   </table:table-header-rows>
  </table:table>
  </help:case></help:switch>
  <text:p text:style-name="Paragraph">Änderungen können vor der endgültigen Übernahme in einer Vorschau überprüft werden.</text:p>
  <help:popup Id="65599" Eid="einzug"><help:embedded Id="65598" Eid="wie"></help:embedded></help:popup>
  <text:p text:style-name="Head 2"><help:key-word value="Einzug; Absatz" tag="kw65801_31"/><help:key-word value="Absatz; Einzug" tag="kw65801_30"/><help:key-word value="Hängender Einzug; Absatz" tag="kw65801_29"/><help:key-word value="Einzug; Text" tag="kw65801_28"/><help:key-word value="Text; Absatzeinzug" tag="kw65801_27"/>Einzug</text:p>
  <text:p text:style-name="Paragraph">Geben Sie an, wie groß der Abstand zwischen dem linken und rechten Seitenrand und dem Absatz sein soll.</text:p>
  <text:p text:style-name="Head 3"><help:help-id value="SVX_METRICFIELD_RID_SVXPAGE_STD_PARAGRAPH_ED_LEFTINDENT"/><help:key-word value="Linker Einzug; Absatz" tag="kw65801_26"/><help:key-word value="Von links; Absatzeinzug" tag="kw65801_25"/><help:key-word value="Links; Einzug" tag="kw65801_24"/><a name="vonlinks"/>Vor Text</text:p>
  <text:p text:style-name="Paragraph"><help:switch select="Program"><help:case select="WRITER"><help:help-text value="visible">Geben Sie an, wie weit der Absatz vom linken Seitenrand aus eingerückt werden soll. Es ist auch möglich, den Absatz über den linken Seitenrand hinaus nach links zu rücken. Geben Sie hierfür eine negative Zahl ein.</help:help-text></help:case></help:switch></text:p>
  <text:p text:style-name="Paragraph"><help:switch select="Program"><help:case select="CALC"><help:help-text value="visible">Geben Sie an, wie weit der Absatz vom linken Rand des Textrahmens aus eingerückt werden soll.</help:help-text></help:case></help:switch></text:p>
  <text:p text:style-name="Paragraph"><help:switch select="Program"><help:case select="DRAW"><help:help-text value="visible">Geben Sie an, wie weit der Absatz vom linken Rand des Textrahmens aus eingerückt werden soll.</help:help-text></help:case></help:switch></text:p>
  <text:p text:style-name="Paragraph"><help:switch select="Program"><help:case select="IMPRESS"><help:help-text value="visible">Geben Sie an, wie weit der Absatz vom linken Rand des Textrahmens aus eingerückt werden soll.</help:help-text></help:case></help:switch></text:p>
  <text:p text:style-name="Head 3"><help:help-id value="SVX_METRICFIELD_RID_SVXPAGE_STD_PARAGRAPH_ED_RIGHTINDENT"/><help:key-word value="Rechter Einzug; Absatz" tag="kw65801_23"/><help:key-word value="Von rechts; Absatzeinzug" tag="kw65801_22"/><help:key-word value="Rechts; Einzug" tag="kw65801_21"/><a name="vonrechts"/>Hinter Text</text:p>
  <text:p text:style-name="Paragraph"><help:switch select="Program"><help:case select="WRITER"><help:help-text value="visible">Geben Sie an, wie weit der Absatz vom rechten Seitenrand aus eingerückt werden soll. Es ist auch möglich, den Absatz über den rechten Seitenrand hinaus nach rechts zu rücken. Geben Sie hierfür eine negative Zahl ein.</help:help-text></help:case></help:switch></text:p>
  <text:p text:style-name="Paragraph"><help:switch select="Program"><help:case select="CALC"><help:help-text value="visible">Geben Sie an, wie weit der Absatz vom rechten Rand des Textrahmens aus eingerückt werden soll.</help:help-text></help:case></help:switch></text:p>
  <text:p text:style-name="Paragraph"><help:switch select="Program"><help:case select="DRAW"><help:help-text value="visible">Geben Sie an, wie weit der Absatz vom rechten Rand des Textrahmens aus eingerückt werden soll.</help:help-text></help:case></help:switch></text:p>
  <text:p text:style-name="Paragraph"><help:switch select="Program"><help:case select="IMPRESS"><help:help-text value="visible">Geben Sie an, wie weit der Absatz vom rechten Rand des Textrahmens aus eingerückt werden soll.</help:help-text></help:case></help:switch></text:p>
  <text:p text:style-name="Head 3"><help:help-id value="SVX_METRICFIELD_RID_SVXPAGE_STD_PARAGRAPH_ED_FLINEINDENT"/><help:key-word value="Zeile; Einzug" tag="kw65801_20"/><help:key-word value="Erste Zeile; Einzug" tag="kw65801_19"/><help:key-word value="Erste Zeile; ausrücken" tag="kw65801_18"/><help:key-word value="Ausrücken; erste Zeile" tag="kw65801_17"/><help:key-word value="Negativer Einzug" tag="kw65801_16"/><a name="erstezeile"/>Erste Zeile</text:p>
  <text:p text:style-name="Paragraph"><help:help-text value="visible">Rückt die erste Zeile im Absatz um die angegebene Weite ein. Soll die erste nummerierte oder mit Aufzählungszeichen versehene Zeile eines Absatzes eingerückt werden, so wählen Sie <text:span text:style-name="T1">Format - Nummerierung/Aufzählung</text:span>, klicken auf das Register <text:span text:style-name="T1">Position </text:span>, und geben dann den gewünschten Abstand in das Feld <text:span text:style-name="T1">Mindestabstand Nummer &lt;=&gt; Text</text:span> ein.</help:help-text></text:p>
  <text:p text:style-name="Head 3"><help:help-id value="SVX_CHECKBOX_RID_SVXPAGE_STD_PARAGRAPH_CB_AUTO"/><help:switch select="Program"><help:case select="WRITER"><help:key-word value="Einzug; automatisch" tag="kw65801_15"/>Automatisch</help:case></help:switch></text:p>
  <text:p text:style-name="Paragraph"><help:switch select="Program"><help:case select="WRITER"><help:help-text value="visible">Rückt einen Absatz automatisch im Verhältnis zur Schriftgröße und zum Zeilenabstand ein. Die Einstellung im Feld <text:span text:style-name="T1">Erste Zeile</text:span> wird ignoriert.</help:help-text></help:case></help:switch></text:p>
  <text:p text:style-name="Head 2"><a name="abstand"/><help:key-word value="Abstand; Absätze" tag="kw65801_14"/><help:key-word value="Abstand; zwischen Absätzen in Fußnoten" tag="kw65801_13"/><help:key-word value="Fußnote; Abstand zwischen Absätzen" tag="kw65801_12"/><help:key-word value="Absatz; Abstand" tag="kw65801_11"/><help:key-word value="Absatzabstand; Fußnote" tag="kw65801_10"/>Abstand</text:p>
  <text:p text:style-name="Paragraph">Geben Sie an, wie groß der Abstand zwischen den ausgewählten Absätzen sein soll.</text:p>
  <text:p text:style-name="Head 3"><help:help-id value="SVX_METRICFIELD_RID_SVXPAGE_STD_PARAGRAPH_ED_TOPDIST"/>Über Absatz</text:p>
  <text:p text:style-name="Paragraph"><help:help-text value="visible">Geben Sie an, wie groß der Abstand über den ausgewählten Absätzen sein soll.</help:help-text></text:p>
  <help:switch select="Program"><help:case select="DRAW"><help:embedded Id="65609" Eid="textobjektleiste"></help:embedded></help:case></help:switch>
  <help:switch select="Program"><help:case select="DRAW"><help:embedded Id="65941" Eid="syabstanderhoehen"></help:embedded></help:case></help:switch>
  <help:switch select="Program"><help:case select="DRAW"><help:embedded Id="65927" Eid="syabstandvermindern"></help:embedded></help:case></help:switch>
  <help:switch select="Program"><help:case select="IMPRESS"><help:embedded Id="65609" Eid="textobjektleiste"></help:embedded></help:case></help:switch>
  <help:switch select="Program"><help:case select="IMPRESS"><help:embedded Id="65941" Eid="syabstanderhoehen"></help:embedded></help:case></help:switch>
  <help:switch select="Program"><help:case select="IMPRESS"><help:embedded Id="65927" Eid="syabstandvermindern"></help:embedded></help:case></help:switch>
  <text:p text:style-name="Head 3"><help:help-id value="SVX_METRICFIELD_RID_SVXPAGE_STD_PARAGRAPH_ED_BOTTOMDIST"/>Unter Absatz</text:p>
  <text:p text:style-name="Paragraph"><help:help-text value="visible">Geben Sie an, wie groß der Abstand unter den ausgewählten Absätzen sein soll.</help:help-text></text:p>
  <text:p text:style-name="Head 2"><help:help-id value="SVX_LISTBOX_RID_SVXPAGE_STD_PARAGRAPH_LB_LINEDIST"/><help:key-word value="Zeilenabstand; Absatz" tag="kw65801_9"/><help:key-word value="Abstand; Zeilen" tag="kw65801_8"/><help:key-word value="Einzeiliger Abstand; Absatz" tag="kw65801_7"/><help:key-word value="Eineinhalbzeiliger Abstand; Absatz" tag="kw65801_6"/><help:key-word value="Zweizeiliger Abstand; Absatz" tag="kw65801_5"/>Zeilenabstand</text:p>
  <text:p text:style-name="Paragraph"><help:help-text value="visible">Geben Sie an, wie groß der Abstand zwischen den einzelnen Textzeilen eines Absatzes sein soll.</help:help-text></text:p>
  <text:p text:style-name="Head 3"><a name="einzeilig"/>Einzeilig</text:p>
  <text:p text:style-name="Paragraph"><help:to-be-embedded Eid="einzeiligtext">Stellt im aktuellen Absatz einen einzeiligen Zeilenabstand her. Dies ist die Standardeinstellung.</help:to-be-embedded></text:p>
  <help:switch select="System"><help:case select ="MAC"></help:case><help:default>
  <table:table table:name="Tabelle4" table:style-name="Tabelle4">
   <table:table-column table:style-name="Tabelle4.A"/>
   <table:table-column table:style-name="Tabelle4.B"/>
   <table:table-header-rows>
    <table:table-row table:style-name="Tabelle4.1">
     <table:table-cell table:style-name="Tabelle4.A1" table:value-type="string">
      <text:p text:style-name="Paragraph"><draw:image draw:name="Symbol2" svg:desc="Symbol für Tipps" svg:pixelx="32" svg:pixely="32" svg:width="0.847cm" svg:height="0.847cm" xlink:href="66732" draw:filter-name=""/></text:p>

     </table:table-cell>
     <table:table-cell table:style-name="Tabelle4.A1" table:value-type="string">
      <text:p text:style-name="Paragraph">Einen einzeiligen Zeilenabstand können Sie schnell und bequem einstellen, indem Sie den Cursor in einen Absatz setzen und Strg+1 drücken.</text:p>
     </table:table-cell>
    </table:table-row>
   </table:table-header-rows>
  </table:table>
  </help:default></help:switch>
  <text:p text:style-name="Head 3"><a name="eineinhalbzeilig"/>Eineinhalbzeilig</text:p>
  <text:p text:style-name="Paragraph"><help:to-be-embedded Eid="eineinhalbzeiligtext">Stellt einen eineinhalbzeiligen Zeilenabstand her. Dies entspricht einem Abstand von der Hälfte der Schrifthöhe.</help:to-be-embedded></text:p>
  <help:switch select="System"><help:case select ="MAC"></help:case><help:default>
  <table:table table:name="Tabelle5" table:style-name="Tabelle5">
   <table:table-column table:style-name="Tabelle5.A"/>
   <table:table-column table:style-name="Tabelle5.B"/>
   <table:table-header-rows>
    <table:table-row table:style-name="Tabelle5.1">
     <table:table-cell table:style-name="Tabelle5.A1" table:value-type="string">
      <text:p text:style-name="Paragraph"><draw:image draw:name="Symbol3" svg:desc="Symbol für Tipps" svg:pixelx="32" svg:pixely="32" svg:width="0.847cm" svg:height="0.847cm" xlink:href="66732" draw:filter-name=""/></text:p>

     </table:table-cell>
     <table:table-cell table:style-name="Tabelle5.A1" table:value-type="string">
      <text:p text:style-name="Paragraph">Einen 1,5-zeiligen Zeilenabstand können Sie schnell und bequem einstellen, indem Sie den Cursor in einen Absatz setzen und Strg+5 drücken.</text:p>
     </table:table-cell>
    </table:table-row>
   </table:table-header-rows>
  </table:table>
  </help:default></help:switch>
  <text:p text:style-name="Head 3"><a name="zweizeilig"/>Zweizeilig</text:p>
  <text:p text:style-name="Paragraph"><help:to-be-embedded Eid="zweizeiligtext">Stellt einen zweizeiligen Zeilenabstand her. Dies entspricht einem vertikalen Abstand von der Höhe der Schrift.</help:to-be-embedded></text:p>
  <help:switch select="System"><help:case select ="MAC"></help:case><help:default>
  <table:table table:name="Tabelle6" table:style-name="Tabelle6">
   <table:table-column table:style-name="Tabelle6.A"/>
   <table:table-column table:style-name="Tabelle6.B"/>
   <table:table-header-rows>
    <table:table-row table:style-name="Tabelle6.1">
     <table:table-cell table:style-name="Tabelle6.A1" table:value-type="string">
      <text:p text:style-name="Paragraph"><draw:image draw:name="Symbol4" svg:desc="Symbol für Tipps" svg:pixelx="32" svg:pixely="32" svg:width="0.847cm" svg:height="0.847cm" xlink:href="66732" draw:filter-name=""/></text:p>

     </table:table-cell>
     <table:table-cell table:style-name="Tabelle6.A1" table:value-type="string">
      <text:p text:style-name="Paragraph">Einen zweizeiligen Zeilenabstand können Sie schnell und bequem einstellen, indem Sie den Cursor in einen Absatz setzen und Strg+2 drücken.</text:p>
     </table:table-cell>
    </table:table-row>
   </table:table-header-rows>
  </table:table>
  </help:default></help:switch>
  <help:switch select="Program"><help:case select="WRITER">
  <text:p text:style-name="Head 3">Proportional</text:p>
  <text:p text:style-name="Paragraph">Wählen Sie diese Option, und geben Sie einen Prozentwert in das nebenstehende Feld ein. Der Wert 100 % entspricht einem einzeiligen Abstand.</text:p>
  <text:p text:style-name="Head 3">Mindestens</text:p>
  <text:p text:style-name="Paragraph">Setzt den von Ihnen angegebenen Wert als Mindestzeilenabstand ein.</text:p>
  <table:table table:name="Tabelle3" table:style-name="Tabelle3">
   <table:table-column table:style-name="Tabelle3.A"/>
   <table:table-column table:style-name="Tabelle3.B"/>
   <table:table-header-rows>
    <table:table-row table:style-name="Tabelle3.1">
     <table:table-cell table:style-name="Tabelle3.A1" table:value-type="string">
      <text:p text:style-name="Paragraph"><draw:image draw:name="Symbol5" svg:desc="Symbol für Tipps" svg:pixelx="32" svg:pixely="32" svg:width="0.847cm" svg:height="0.847cm" xlink:href="66732" draw:filter-name=""/></text:p>

     </table:table-cell>
     <table:table-cell table:style-name="Tabelle3.A1" table:value-type="string">
      <text:p text:style-name="Paragraph">Wenn Sie innerhalb eines Absatzes unterschiedliche Schriftgrößen verwenden, passt <help:productname>%PRODUCTNAME</help:productname> den Zeilenabstand automatisch an die größte verwendete Schriftgröße an. Falls Sie lieber einen für alle Zeilen gleichen Abstand wünschen, können Sie bei <text:span text:style-name="T1">Mindestens</text:span> einen Wert angeben, der auch für die größte verwendete Schrift hoch genug ist.</text:p>
     </table:table-cell>
    </table:table-row>
   </table:table-header-rows>
  </table:table>
  <text:p text:style-name="Head 3"><help:key-word value="Durchschuss; zwischen Absätzen" tag="kw65801_4"/>Durchschuss</text:p>
  <text:p text:style-name="Paragraph">Gibt einen zusätzlich zwischen zwei Zeilen einzufügenden Höhenabstand an.</text:p>
  </help:case></help:switch>
  <text:p text:style-name="Head 3"><help:switch select="Program"><help:case select="WRITER">Fest</help:case></help:switch></text:p>
  <text:p text:style-name="Paragraph"><help:switch select="Program"><help:case select="WRITER">Setzt den von Ihnen angegebenen Wert als fixen Zeilenabstand ein. Bei zu geringem Abstand werden die Buchstaben abgeschnitten.</help:case></help:switch></text:p>
  <text:p text:style-name="Head 3"><help:help-id value="SVX_METRICFIELD_RID_SVXPAGE_STD_PARAGRAPH_ED_LINEDISTPERCENT"/><help:help-id value="SVX_METRICFIELD_RID_SVXPAGE_STD_PARAGRAPH_ED_LINEDISTMETRIC"/>von</text:p>
  <text:p text:style-name="Paragraph"><help:help-text value="visible">Geben Sie den gewünschten Zeilenabstand ein.</help:help-text></text:p>
  <help:embedded Id="65630" Eid="vorschau"></help:embedded>
  <text:p text:style-name="Head 2"><help:switch select="Program"><help:case select="WRITER"><help:key-word value="Registerhaltigkeit; Absatz" tag="kw65801_3"/><help:key-word value="Zeile; ausrichten" tag="kw65801_2"/>Registerhaltigkeit</help:case></help:switch></text:p>
  <text:p text:style-name="Head 3"><help:help-id value="SVX_CHECKBOX_RID_SVXPAGE_STD_PARAGRAPH_CB_REGISTER"/><help:switch select="Program"><help:case select="WRITER">Berücksichtigen</help:case></help:switch></text:p>
  <text:p text:style-name="Paragraph"><help:switch select="Program"><help:case select="WRITER"><help:help-text value="visible">Richtet die Grundlinie aller Textzeilen an einem vertikalen Dokumentraster aus, sodass alle Zeilen dieselbe Höhe aufweisen. Diese Funktion kann nur eingesetzt werden, wenn die Option <text:span text:style-name="T1">Registerhaltigkeit</text:span> für die aktuelle Seitenvorlage aktiviert ist. Hierzu wählen Sie <text:span text:style-name="T1">Format - Seite</text:span>, klicken auf das Register <text:span text:style-name="T1">Seite</text:span> und wählen dann die Option <text:span text:style-name="T1">Registerhaltigkeit</text:span> im Bereich <text:span text:style-name="T1">Layouteinstellungen</text:span> aus.</help:help-text></help:case></help:switch></text:p>
  <text:p text:style-name="ParaList"><help:embedded Id="65598" Eid="related"></help:embedded></text:p>
  <text:p text:style-name="ParaList"><help:popup Id="65619" Eid="registerhaltigkeit"></help:popup></text:p>
 </office:body>
</office:document>
