

<office:document  xmlns:office="http://openoffice.org/2000/office" xmlns:style="http://openoffice.org/2000/style" xmlns:text="http://openoffice.org/2000/text" xmlns:table="http://openoffice.org/2000/table" xmlns:draw="http://openoffice.org/2000/drawing" xmlns:fo="http://www.w3.org/1999/XSL/Format" xmlns:xlink="http://www.w3.org/1999/xlink" xmlns:number="http://openoffice.org/2000/datastyle" xmlns:svg="http://www.w3.org/2000/svg" xmlns:chart="http://openoffice.org/2000/chart" xmlns:dr3d="http://openoffice.org/2000/dr3d" xmlns:math="http://www.w3.org/1998/Math/MathML" xmlns:form="http://openoffice.org/2000/form" xmlns:script="http://openoffice.org/2000/script" office:class="text" office:version="1.0" xmlns:dc="http://purl.org/dc/elements/1.1/" xmlns:meta="http://openoffice.org/2000/meta" xmlns:help="http://openoffice.org/2000/help">
<office:meta>
  <dc:description>text/common/01/05030700</dc:description>
  <dc:subject>Ausrichtung</dc:subject>

  <dc:language>de-DE</dc:language>
  <meta:user-defined meta:name="Info 0">READY</meta:user-defined>
  <meta:user-defined meta:name="Info 1">FREE_OK</meta:user-defined>
  <meta:user-defined meta:name="Info 2"/>
  <meta:user-defined meta:name="Info 3"/>
</office:meta>
 <office:script/>
 <office:font-decls>
  <style:font-decl style:name="StarSymbol" fo:font-family="StarSymbol" style:font-charset="x-symbol"/>
  <style:font-decl style:name="Courier New" fo:font-family="&apos;Courier New&apos;" style:font-style-name="Standard" style:font-family-generic="modern" style:font-pitch="fixed"/>
  <style:font-decl style:name="Courier" fo:font-family="Courier" style:font-family-generic="roman" style:font-pitch="fixed"/>
  <style:font-decl style:name="Arial Unicode MS" fo:font-family="&apos;Arial Unicode MS&apos;" style:font-pitch="variable"/>
  <style:font-decl style:name="HG Mincho Light J" fo:font-family="&apos;HG Mincho Light J&apos;" style:font-pitch="variable"/>
  <style:font-decl style:name="Times New Roman3" fo:font-family="&apos;Times New Roman&apos;" style:font-pitch="variable"/>
  <style:font-decl style:name="Thorndale" fo:font-family="Thorndale" style:font-family-generic="roman" style:font-pitch="variable"/>
  <style:font-decl style:name="Times New Roman2" fo:font-family="&apos;Times New Roman&apos;" style:font-style-name="Fett" style:font-family-generic="roman" style:font-pitch="variable"/>
  <style:font-decl style:name="Times New Roman" fo:font-family="&apos;Times New Roman&apos;" style:font-style-name="Standard" style:font-family-generic="roman" style:font-pitch="variable"/>
  <style:font-decl style:name="Times New Roman1" fo:font-family="&apos;Times New Roman&apos;" style:font-family-generic="swiss" style:font-pitch="variable"/>
 </office:font-decls>
 <office:automatic-styles>
  <style:style style:name="P1" style:family="paragraph" style:parent-style-name="Paragraph" style:master-page-name="HTML">
   <style:properties style:page-number="0"/>
  </style:style>
  <style:style style:name="T1" style:family="text">
   <style:properties fo:font-weight="bold"/>
  </style:style>
 </office:automatic-styles>
 <office:body>
  <text:variable-decls>
   <text:variable-decl text:value-type="string" text:name="HTML_ON"/>
   <text:variable-decl text:value-type="string" text:name="HTML_OFF"/>
   <text:variable-decl text:value-type="string" text:name="TITEL"/>
   <text:variable-decl text:value-type="string" text:name="END"/>
   <text:variable-decl text:value-type="string" text:name="MAC"/>
   <text:variable-decl text:value-type="string" text:name="ELSE"/>
   <text:variable-decl text:value-type="string" text:name="HREF"/>
   <text:variable-decl text:value-type="string" text:name="NAME"/>
   <text:variable-decl text:value-type="string" text:name="OS2"/>
   <text:variable-decl text:value-type="string" text:name="HelpID"/>
   <text:variable-decl text:value-type="string" text:name="HFELD"/>
   <text:variable-decl text:value-type="string" text:name="WIN"/>
   <text:variable-decl text:value-type="string" text:name="MODIFY"/>
   <text:variable-decl text:value-type="string" text:name="REFNR"/>
   <text:variable-decl text:value-type="string" text:name="KEY"/>
   <text:variable-decl text:value-type="string" text:name="INDEX"/>
   <text:variable-decl text:value-type="string" text:name="AKTHLP"/>
   <text:variable-decl text:value-type="string" text:name="AKHLP"/>
   <text:variable-decl text:value-type="string" text:name="STYLE"/>
  </text:variable-decls>
  <text:sequence-decls>
   <text:sequence-decl text:display-outline-level="0" text:name="Illustration"/>
   <text:sequence-decl text:display-outline-level="0" text:name="Table"/>
   <text:sequence-decl text:display-outline-level="0" text:name="Text"/>
   <text:sequence-decl text:display-outline-level="0" text:name="Drawing"/>
  </text:sequence-decls>
  <help:to-be-embedded Eid="ausrichtung">
  <text:p text:style-name="Head 1"><help:help-id value="HID_FORMAT_PARAGRAPH_ALIGN"/><help:key-word value="Ausrichtung; Absatz" tag="kw65684_1"/><help:key-word value="Absatz; Ausrichtung" tag="kw65684_12"/><help:key-word value="Text; Ausrichtung" tag="kw65684_11"/><help:key-word value="Zeilen; Ausrichtung" tag="kw65684_10"/><help:link Id="65684">Ausrichtung</help:link></text:p>
  <text:p text:style-name="Paragraph"><help:help-text value="visible">Hier legen Sie die Ausrichtung des Absatzes im Verhältnis zu den Seitenrändern fest.</help:help-text></text:p>
  </help:to-be-embedded>
  <help:popup Id="65599" Eid="absatzausrichtung"><help:embedded Id="65598" Eid="wie"></help:embedded></help:popup>
  <text:p text:style-name="Head 2">Ausrichtung</text:p>
  <text:p text:style-name="Paragraph">Geben Sie die Ausrichtungsoptionen für den aktuellen Absatz an. Dies können Sie auch mithilfe der Ausrichtungssymbole in der <text:span text:style-name="T1">Objektleiste</text:span> erledigen.</text:p>
  <text:p text:style-name="Head 3"><help:help-id value="SVX_RADIOBUTTON_RID_SVXPAGE_ALIGN_PARAGRAPH_BTN_LEFTALIGN"/><a name="links"/><help:key-word value="Links; Ausrichtung" tag="kw65684_9"/><help:key-word value="Ausrichtung; Links" tag="kw65684_8"/>Links</text:p>
  <text:p text:style-name="Paragraph"><help:to-be-embedded Eid="linkstext"><help:help-text value="visible">Mit dieser Option setzen Sie den Absatz linksbündig.</help:help-text></help:to-be-embedded> Wenn die Unterstützung asiatischer Sprachen aktiviert ist, heißt die Option <text:span text:style-name="T1">Links/Oben</text:span>.</text:p>
  <help:embedded Id="65609" Eid="objektleiste"></help:embedded>
  <help:embedded Id="65593" Eid="sylinksbuendig"></help:embedded>
  <text:p text:style-name="Head 3"><help:help-id value="SVX_RADIOBUTTON_RID_SVXPAGE_ALIGN_PARAGRAPH_BTN_RIGHTALIGN"/><a name="rechts"/><help:key-word value="Rechtsbündig; Text" tag="kw65684_7"/><help:key-word value="Rechts; Ausrichtung" tag="kw65684_6"/><help:key-word value="Ausrichtung; Rechts" tag="kw65684_5"/>Rechts</text:p>
  <text:p text:style-name="Paragraph"><help:to-be-embedded Eid="rechtstext"><help:help-text value="visible">Richtet den Absatz rechtsbündig aus.</help:help-text></help:to-be-embedded> Bei aktivierter Unterstützung für asiatische Sprachen heißt diese Option <text:span text:style-name="T1">Rechts/Unten</text:span>.</text:p>
  <help:embedded Id="65609" Eid="objektleiste"></help:embedded>
  <help:embedded Id="65593" Eid="syrechtsbuendig"></help:embedded>
  <text:p text:style-name="Head 3"><help:help-id value="SVX_RADIOBUTTON_RID_SVXPAGE_ALIGN_PARAGRAPH_BTN_CENTERALIGN"/><a name="zentriert"/><help:key-word value="Zentriert; Text" tag="kw65684_4"/>Zentriert</text:p>
  <text:p text:style-name="Paragraph"><help:to-be-embedded Eid="zentrierttext"><help:help-text value="visible">Zenriert den Absatz auf der Seite.</help:help-text></help:to-be-embedded></text:p>
  <help:embedded Id="65609" Eid="objektleiste"></help:embedded>
  <help:embedded Id="65593" Eid="syzentriert"></help:embedded>
  <text:p text:style-name="Head 3"><help:help-id value="SVX_RADIOBUTTON_RID_SVXPAGE_ALIGN_PARAGRAPH_BTN_JUSTIFYALIGN"/><a name="blocksatz"/><help:key-word value="Blocksatz; Text" tag="kw65684_3"/><help:key-word value="Text; Blocksatz" tag="kw65684_2"/>Blocksatz</text:p>
  <text:p text:style-name="Paragraph"><help:to-be-embedded Eid="blocksatztext"><help:help-text value="visible">Richtet den Absatz am linken und rechten Seitenrand aus.</help:help-text></help:to-be-embedded></text:p>
  <help:embedded Id="65609" Eid="objektleiste"></help:embedded>
  <help:embedded Id="65593" Eid="syblocksatz"></help:embedded>
  <text:p text:style-name="Head 3"><help:help-id value="SVX_LISTBOX_RID_SVXPAGE_ALIGN_PARAGRAPH_LB_LASTLINE"/><help:switch select="Program"><help:case select="WRITER">Letzte Zeile</help:case></help:switch></text:p>
  <text:p text:style-name="Paragraph"><help:switch select="Program"><help:case select="WRITER"><help:help-text value="visible">Bestimmen Sie, wie die letzte Zeile im Absatz ausgerichtet werden soll.</help:help-text> </help:case></help:switch></text:p>
  <text:p text:style-name="Head 3"><help:help-id value="SVX_CHECKBOX_RID_SVXPAGE_ALIGN_PARAGRAPH_CB_EXPAND"/><help:switch select="Program"><help:case select="WRITER">Einzelnes Wort austreiben</help:case></help:switch></text:p>
  <text:p text:style-name="Paragraph"><help:switch select="Program"><help:case select="WRITER"><help:help-text value="visible">Besteht die letzt Zeile im Absatz aus einem einzelnen Wort, so wird dieses Wort über die gesamte Absatzbreite ausgedehnt.</help:help-text></help:case></help:switch></text:p>
  <help:switch select="Program"><help:case select="WRITER">
  <help:embedded Id="65609" Eid="asia"></help:embedded>
  <text:p text:style-name="Head 3"><help:help-id value="SVX_CHECKBOX_RID_SVXPAGE_ALIGN_PARAGRAPH_CB_SNAP"/>Am Textraster fangen (wenn aktiviert)</text:p>
  <text:p text:style-name="Paragraph"><help:help-text value="visible">Der Absatz wird an einem Textraster ausgerichtet. Das Textraster aktivieren Sie unter <help:link Id="68608"><text:span text:style-name="T1">Format - Seite - Textraster</text:span></help:link>.</help:help-text></text:p>
  <text:p text:style-name="Head 2"><help:help-id value="SVX_LISTBOX_RID_SVXPAGE_ALIGN_PARAGRAPH_LB_VERTALIGN"/>Text-an-Text</text:p>
  <text:p text:style-name="Paragraph"><help:help-text value="visible">Entscheiden Sie, wie Zeichen mit Über- oder Untergröße im Absatz relativ zum übrigen Text im Absatz ausgerichtet werden sollen.</help:help-text></text:p>
  </help:case></help:switch>
  <help:to-be-embedded Eid="textflow">
  <text:p text:style-name="Head 2">Eigenschaften</text:p>
  <text:p text:style-name="Head 3"><help:help-id value="SVX_LISTBOX_RID_SVXPAGE_ALIGN_PARAGRAPH_LB_TEXTDIRECTION"/>Textfluss</text:p>
  <text:p text:style-name="Paragraph"><help:help-text value="visible">Geben Sie den Textfluss für Absätze an, die CTL (Complex Text Layout) verwenden.</help:help-text> Diese Funktion ist nur bei aktivierter CTL-Unterstützung verfügbar.</text:p>
  </help:to-be-embedded>
  <help:embedded Id="65630" Eid="vorschau"></help:embedded>
 </office:body>
</office:document>
