

<office:document  xmlns:office="http://openoffice.org/2000/office" xmlns:style="http://openoffice.org/2000/style" xmlns:text="http://openoffice.org/2000/text" xmlns:table="http://openoffice.org/2000/table" xmlns:draw="http://openoffice.org/2000/drawing" xmlns:fo="http://www.w3.org/1999/XSL/Format" xmlns:xlink="http://www.w3.org/1999/xlink" xmlns:number="http://openoffice.org/2000/datastyle" xmlns:svg="http://www.w3.org/2000/svg" xmlns:chart="http://openoffice.org/2000/chart" xmlns:dr3d="http://openoffice.org/2000/dr3d" xmlns:math="http://www.w3.org/1998/Math/MathML" xmlns:form="http://openoffice.org/2000/form" xmlns:script="http://openoffice.org/2000/script" office:class="text" office:version="1.0" xmlns:dc="http://purl.org/dc/elements/1.1/" xmlns:meta="http://openoffice.org/2000/meta" xmlns:help="http://openoffice.org/2000/help">
<office:meta>
  <dc:description>text/common/01/05210400</dc:description>
  <dc:subject>Schraffuren</dc:subject>

  <dc:language>de-DE</dc:language>
  <meta:user-defined meta:name="Info 0">READY</meta:user-defined>
  <meta:user-defined meta:name="Info 1">FREE_OK</meta:user-defined>
  <meta:user-defined meta:name="Info 2"/>
  <meta:user-defined meta:name="Info 3"/>
</office:meta>
 <office:script/>
 <office:font-decls>
  <style:font-decl style:name="StarSymbol" fo:font-family="StarSymbol" style:font-charset="x-symbol"/>
  <style:font-decl style:name="Courier New" fo:font-family="&apos;Courier New&apos;" style:font-style-name="Standard" style:font-family-generic="modern" style:font-pitch="fixed"/>
  <style:font-decl style:name="Courier" fo:font-family="Courier" style:font-family-generic="roman" style:font-pitch="fixed"/>
  <style:font-decl style:name="Arial Unicode MS" fo:font-family="&apos;Arial Unicode MS&apos;" style:font-pitch="variable"/>
  <style:font-decl style:name="HG Mincho Light J" fo:font-family="&apos;HG Mincho Light J&apos;" style:font-pitch="variable"/>
  <style:font-decl style:name="Times New Roman3" fo:font-family="&apos;Times New Roman&apos;" style:font-pitch="variable"/>
  <style:font-decl style:name="Thorndale" fo:font-family="Thorndale" style:font-family-generic="roman" style:font-pitch="variable"/>
  <style:font-decl style:name="Times New Roman2" fo:font-family="&apos;Times New Roman&apos;" style:font-style-name="Fett" style:font-family-generic="roman" style:font-pitch="variable"/>
  <style:font-decl style:name="Times New Roman" fo:font-family="&apos;Times New Roman&apos;" style:font-style-name="Standard" style:font-family-generic="roman" style:font-pitch="variable"/>
  <style:font-decl style:name="Times New Roman1" fo:font-family="&apos;Times New Roman&apos;" style:font-family-generic="swiss" style:font-pitch="variable"/>
 </office:font-decls>
 <office:automatic-styles>
  <style:style style:name="P1" style:family="paragraph" style:parent-style-name="Paragraph" style:master-page-name="HTML">
   <style:properties style:page-number="0"/>
  </style:style>
  <style:style style:name="T1" style:family="text">
   <style:properties fo:font-weight="bold"/>
  </style:style>
 </office:automatic-styles>
 <office:body>
  <text:variable-decls>
   <text:variable-decl text:value-type="string" text:name="HTML_ON"/>
   <text:variable-decl text:value-type="string" text:name="HTML_OFF"/>
   <text:variable-decl text:value-type="string" text:name="TITEL"/>
   <text:variable-decl text:value-type="string" text:name="END"/>
   <text:variable-decl text:value-type="string" text:name="HREF"/>
   <text:variable-decl text:value-type="string" text:name="MAC"/>
   <text:variable-decl text:value-type="string" text:name="OS2"/>
   <text:variable-decl text:value-type="string" text:name="ELSE"/>
   <text:variable-decl text:value-type="string" text:name="NAME"/>
   <text:variable-decl text:value-type="string" text:name="HelpID"/>
   <text:variable-decl text:value-type="string" text:name="MODIFY"/>
   <text:variable-decl text:value-type="string" text:name="REFNR"/>
   <text:variable-decl text:value-type="string" text:name="KEY"/>
   <text:variable-decl text:value-type="string" text:name="AKTHLP"/>
   <text:variable-decl text:value-type="string" text:name="INDEX"/>
   <text:variable-decl text:value-type="string" text:name="STYLE"/>
  </text:variable-decls>
  <text:sequence-decls>
   <text:sequence-decl text:display-outline-level="0" text:name="Illustration"/>
   <text:sequence-decl text:display-outline-level="0" text:name="Table"/>
   <text:sequence-decl text:display-outline-level="0" text:name="Text"/>
   <text:sequence-decl text:display-outline-level="0" text:name="Drawing"/>
  </text:sequence-decls>
  <help:to-be-embedded Eid="schraffuren">
  <text:p text:style-name="Head 1"><help:help-id value="HID_AREA_HATCH"/><help:key-word value="Fläche; Schraffur" tag="kw65679_1"/><help:key-word value="Schraffur; Fläche" tag="kw65679_4"/><help:key-word value="Stricheln; Fläche" tag="kw65679_3"/><help:key-word value="Linieren; Fläche" tag="kw65679_2"/><help:link Id="65679">Schraffuren</help:link></text:p>
  <text:p text:style-name="Paragraph"><help:help-text value="visible">Sie können die Eigenschaften von Schraffurmustern festlegen oder Schraffurmustertabellen speichern und laden.</help:help-text></text:p>
  </help:to-be-embedded>
  <help:popup Id="65593" Eid="schraffur"><help:embedded Id="65598" Eid="wie"></help:embedded></help:popup>
  <text:p text:style-name="Head 2">Eigenschaften</text:p>
  <text:p text:style-name="Paragraph">Dient zum Erstellen und Bearbeiten von Schraffurmustern.</text:p>
  <text:p text:style-name="Head 3"><help:help-id value="SVX_METRICFIELD_RID_SVXPAGE_HATCH_MTR_FLD_DISTANCE"/>Abstand</text:p>
  <text:p text:style-name="Paragraph"><help:help-text value="visible">Geben Sie an, wie groß der Abstand zwischen den einzelnen Schraffurlinien sein soll.</help:help-text></text:p>
  <text:p text:style-name="Head 3"><help:help-id value="SVX_METRICFIELD_RID_SVXPAGE_HATCH_MTR_FLD_ANGLE"/>Winkel</text:p>
  <text:p text:style-name="Paragraph"><help:help-text value="visible">Geben Sie einen Winkel für die Schraffurlinien ein, oder klicken Sie auf eine der Positionen im Winkelraster.</help:help-text></text:p>
  <text:p text:style-name="Head 3"><help:help-id value="HID_TPHATCH_CTRL"/>Grafisches Optionsfeld</text:p>
  <text:p text:style-name="Paragraph"><help:help-text value="visible">Klicken Sie auf eine Position im Raster, um den Winkel der Schraffurlinien festzulegen.</help:help-text></text:p>
  <text:p text:style-name="Head 3"><help:help-id value="SVX_LISTBOX_RID_SVXPAGE_HATCH_LB_LINE_TYPE"/>Linientyp</text:p>
  <text:p text:style-name="Paragraph"><help:help-text value="visible">Wählen Sie die gewünschte Schraffurlinienart.</help:help-text></text:p>
  <text:p text:style-name="Head 3"><help:help-id value="SVX_LISTBOX_RID_SVXPAGE_HATCH_LB_LINE_COLOR"/>Linienfarbe</text:p>
  <text:p text:style-name="Paragraph"><help:help-text value="visible">Wählen Sie eine Farbe für die Schraffurlinien.</help:help-text></text:p>
  <text:p text:style-name="Head 2">Schraffurmustertabelle</text:p>
  <text:p text:style-name="Paragraph">Führt die verfügbaren Schraffurmuster auf. Es ist auch möglich, eigene Schraffurmuster zu erzeugen oder vorhandene zu bearbeiten. Zum Speichern der Liste klicken Sie auf die Schaltfläche <text:span text:style-name="T1">Schraffurentabelle sichern</text:span>. Wenn Sie eine andere Liste anzeigen möchten, klicken Sie auf die Schaltfläche <text:span text:style-name="T1">Schraffurentabelle laden</text:span>.</text:p>
  <text:p text:style-name="Head 3"><help:help-id value="SVX_LISTBOX_RID_SVXPAGE_HATCH_LB_HATCHINGS"/>Schraffurmustertabelle</text:p>
  <text:p text:style-name="Paragraph"><help:help-text value="visible">Führt die verfügbaren Schraffurmuster auf. Klicken Sie auf das gewünschte Schraffurmuster und dann auf <text:span text:style-name="T1">OK</text:span>.</help:help-text></text:p>
  <text:p text:style-name="Head 3"><help:help-id value="SVX_PUSHBUTTON_RID_SVXPAGE_HATCH_BTN_ADD"/>Hinzufügen</text:p>
  <text:p text:style-name="Paragraph"><help:help-text value="visible">Dient zum Aufnehmen eines benutzerdefinierten Schraffurmusters in die Tabelle. Legen Sie die Eigenschaften für das Schraffurmuster fest, und klicken Sie auf diese Schaltfläche.</help:help-text></text:p>
  <text:p text:style-name="Head 3"><help:help-id value="SVX_PUSHBUTTON_RID_SVXPAGE_HATCH_BTN_MODIFY"/>Ändern</text:p>
  <text:p text:style-name="Paragraph"><help:help-text value="visible">Wendet die aktuellen Schraffureigenschaften auf das ausgewählte Schraffurmuster an. Sie können das Muster auch unter einem anderen Namen speichern.</help:help-text></text:p>
  <help:help-id value="SVX_PUSHBUTTON_RID_SVXPAGE_HATCH_BTN_DELETE"/><help:embedded Id="65630" Eid="loeschen"></help:embedded>
  <help:embedded Id="65630" Eid="vorschau"></help:embedded>
  <text:p text:style-name="Head 2"><help:help-id value="SVX_IMAGEBUTTON_RID_SVXPAGE_HATCH_BTN_LOAD"/>Schraffurentabelle laden</text:p>
  <text:p text:style-name="Paragraph"><help:help-text value="visible">Lädt eine andere Schraffurentabelle ein.</help:help-text></text:p>
  <text:p text:style-name="Head 2"><help:help-id value="SVX_IMAGEBUTTON_RID_SVXPAGE_HATCH_BTN_SAVE"/>Schraffurentabelle sichern</text:p>
  <text:p text:style-name="Paragraph"><help:help-text value="visible">Speichert die aktuelle Schraffurentabelle, damit sie anschließend eingeladen werden kann.</help:help-text></text:p>
 </office:body>
</office:document>
