

<office:document  xmlns:office="http://openoffice.org/2000/office" xmlns:style="http://openoffice.org/2000/style" xmlns:text="http://openoffice.org/2000/text" xmlns:table="http://openoffice.org/2000/table" xmlns:draw="http://openoffice.org/2000/drawing" xmlns:fo="http://www.w3.org/1999/XSL/Format" xmlns:xlink="http://www.w3.org/1999/xlink" xmlns:number="http://openoffice.org/2000/datastyle" xmlns:svg="http://www.w3.org/2000/svg" xmlns:chart="http://openoffice.org/2000/chart" xmlns:dr3d="http://openoffice.org/2000/dr3d" xmlns:math="http://www.w3.org/1998/Math/MathML" xmlns:form="http://openoffice.org/2000/form" xmlns:script="http://openoffice.org/2000/script" office:class="text" office:version="1.0" xmlns:dc="http://purl.org/dc/elements/1.1/" xmlns:meta="http://openoffice.org/2000/meta" xmlns:help="http://openoffice.org/2000/help">
<office:meta>
  <dc:description>text/common/01/05340300</dc:description>
  <dc:subject>Ausrichtung</dc:subject>

  <dc:language>de-DE</dc:language>
  <meta:user-defined meta:name="Info 0">READY</meta:user-defined>
  <meta:user-defined meta:name="Info 1">FREE_OK</meta:user-defined>
  <meta:user-defined meta:name="Info 2">NOTE</meta:user-defined>
  <meta:user-defined meta:name="Info 3"/>
</office:meta>
 <office:script/>
 <office:font-decls>
  <style:font-decl style:name="StarSymbol" fo:font-family="StarSymbol" style:font-charset="x-symbol"/>
  <style:font-decl style:name="Courier New" fo:font-family="&apos;Courier New&apos;" style:font-style-name="Standard" style:font-family-generic="modern" style:font-pitch="fixed"/>
  <style:font-decl style:name="Courier" fo:font-family="Courier" style:font-family-generic="roman" style:font-pitch="fixed"/>
  <style:font-decl style:name="Arial Unicode MS" fo:font-family="&apos;Arial Unicode MS&apos;" style:font-pitch="variable"/>
  <style:font-decl style:name="HG Mincho Light J" fo:font-family="&apos;HG Mincho Light J&apos;" style:font-pitch="variable"/>
  <style:font-decl style:name="Times New Roman3" fo:font-family="&apos;Times New Roman&apos;" style:font-pitch="variable"/>
  <style:font-decl style:name="Thorndale" fo:font-family="Thorndale" style:font-family-generic="roman" style:font-pitch="variable"/>
  <style:font-decl style:name="Times New Roman2" fo:font-family="&apos;Times New Roman&apos;" style:font-style-name="Fett" style:font-family-generic="roman" style:font-pitch="variable"/>
  <style:font-decl style:name="Times New Roman" fo:font-family="&apos;Times New Roman&apos;" style:font-style-name="Standard" style:font-family-generic="roman" style:font-pitch="variable"/>
  <style:font-decl style:name="Times New Roman1" fo:font-family="&apos;Times New Roman&apos;" style:font-family-generic="swiss" style:font-pitch="variable"/>
 </office:font-decls>
 <office:automatic-styles>
  <style:style style:name="Tabelle1" style:family="table">
   <style:properties style:width="18cm" table:align="margins"/>
  </style:style>
  <style:style style:name="Tabelle1.A" style:family="table-column">
   <style:properties style:column-width="1.499cm" style:rel-column-width="5460*"/>
  </style:style>
  <style:style style:name="Tabelle1.B" style:family="table-column">
   <style:properties style:column-width="16.501cm" style:rel-column-width="60074*"/>
  </style:style>
  <style:style style:name="Tabelle1.1" style:family="table-row"/>
  <style:style style:name="Tabelle1.A1" style:family="table-cell">
   <style:properties fo:padding="0cm" fo:border="none"/>
  </style:style>
  <style:style style:name="P1" style:family="paragraph" style:parent-style-name="Paragraph" style:master-page-name="HTML">
   <style:properties style:page-number="0"/>
  </style:style>
  <style:style style:name="P2" style:family="paragraph" style:parent-style-name="Paragraph" style:list-style-name="L1"/>
  <style:style style:name="T1" style:family="text">
   <style:properties fo:font-weight="bold"/>
  </style:style>
  <style:style style:name="fr1" style:family="graphics" style:parent-style-name="Graphics">
   <style:properties style:run-through="foreground" style:wrap="run-through" style:vertical-pos="top" style:vertical-rel="paragraph" style:horizontal-pos="left" style:horizontal-rel="paragraph" style:mirror="none" fo:clip="rect(0cm 0cm 0cm 0cm)" draw:luminance="0%" draw:contrast="0%" draw:red="0%" draw:green="0%" draw:blue="0%" draw:gamma="1" draw:color-inversion="false" draw:transparency="-100%" draw:color-mode="standard"/>
  </style:style>
  <text:list-style style:name="L1">
   <text:list-level-style-bullet text:level="1" text:style-name="Bullet Symbols" style:num-suffix="." text:bullet-char="•">
    <style:properties text:min-label-width="0.499cm" style:font-name="StarSymbol"/>
   </text:list-level-style-bullet>
   <text:list-level-style-bullet text:level="2" text:style-name="Bullet Symbols" style:num-suffix="." text:bullet-char="•">
    <style:properties text:space-before="0.499cm" text:min-label-width="0.499cm" style:font-name="StarSymbol"/>
   </text:list-level-style-bullet>
   <text:list-level-style-bullet text:level="3" text:style-name="Bullet Symbols" style:num-suffix="." text:bullet-char="•">
    <style:properties text:space-before="0.999cm" text:min-label-width="0.499cm" style:font-name="StarSymbol"/>
   </text:list-level-style-bullet>
   <text:list-level-style-bullet text:level="4" text:style-name="Bullet Symbols" style:num-suffix="." text:bullet-char="•">
    <style:properties text:space-before="1.498cm" text:min-label-width="0.499cm" style:font-name="StarSymbol"/>
   </text:list-level-style-bullet>
   <text:list-level-style-bullet text:level="5" text:style-name="Bullet Symbols" style:num-suffix="." text:bullet-char="•">
    <style:properties text:space-before="1.997cm" text:min-label-width="0.499cm" style:font-name="StarSymbol"/>
   </text:list-level-style-bullet>
   <text:list-level-style-bullet text:level="6" text:style-name="Bullet Symbols" style:num-suffix="." text:bullet-char="•">
    <style:properties text:space-before="2.496cm" text:min-label-width="0.499cm" style:font-name="StarSymbol"/>
   </text:list-level-style-bullet>
   <text:list-level-style-bullet text:level="7" text:style-name="Bullet Symbols" style:num-suffix="." text:bullet-char="•">
    <style:properties text:space-before="2.995cm" text:min-label-width="0.499cm" style:font-name="StarSymbol"/>
   </text:list-level-style-bullet>
   <text:list-level-style-bullet text:level="8" text:style-name="Bullet Symbols" style:num-suffix="." text:bullet-char="•">
    <style:properties text:space-before="3.494cm" text:min-label-width="0.499cm" style:font-name="StarSymbol"/>
   </text:list-level-style-bullet>
   <text:list-level-style-bullet text:level="9" text:style-name="Bullet Symbols" style:num-suffix="." text:bullet-char="•">
    <style:properties text:space-before="3.994cm" text:min-label-width="0.499cm" style:font-name="StarSymbol"/>
   </text:list-level-style-bullet>
   <text:list-level-style-bullet text:level="10" text:style-name="Bullet Symbols" style:num-suffix="." text:bullet-char="•">
    <style:properties text:space-before="4.493cm" text:min-label-width="0.499cm" style:font-name="StarSymbol"/>
   </text:list-level-style-bullet>
  </text:list-style>
 </office:automatic-styles>
 <office:body>
  <text:variable-decls>
   <text:variable-decl text:value-type="string" text:name="HTML_ON"/>
   <text:variable-decl text:value-type="string" text:name="HTML_OFF"/>
   <text:variable-decl text:value-type="string" text:name="TITEL"/>
   <text:variable-decl text:value-type="string" text:name="END"/>
   <text:variable-decl text:value-type="string" text:name="HREF"/>
   <text:variable-decl text:value-type="string" text:name="MAC"/>
   <text:variable-decl text:value-type="string" text:name="OS2"/>
   <text:variable-decl text:value-type="string" text:name="ELSE"/>
   <text:variable-decl text:value-type="string" text:name="NAME"/>
   <text:variable-decl text:value-type="string" text:name="HelpID"/>
   <text:variable-decl text:value-type="string" text:name="MODIFY"/>
   <text:variable-decl text:value-type="string" text:name="REFNR"/>
   <text:variable-decl text:value-type="string" text:name="HFELD"/>
   <text:variable-decl text:value-type="string" text:name="AKTHLP"/>
   <text:variable-decl text:value-type="string" text:name="KEY"/>
   <text:variable-decl text:value-type="string" text:name="INDEX"/>
   <text:variable-decl text:value-type="string" text:name="STYLE"/>
  </text:variable-decls>
  <text:sequence-decls>
   <text:sequence-decl text:display-outline-level="0" text:name="Illustration"/>
   <text:sequence-decl text:display-outline-level="0" text:name="Table"/>
   <text:sequence-decl text:display-outline-level="0" text:name="Text"/>
   <text:sequence-decl text:display-outline-level="0" text:name="Drawing"/>
  </text:sequence-decls>
  <help:to-be-embedded Eid="ausrichtung">
  <text:p text:style-name="Head 1"><help:help-id value="HID_ALIGNMENT"/><help:key-word value="Ausrichtung; Zelle" tag="kw65650_1"/><help:key-word value="Zelle; Ausrichtung" tag="kw65650_12"/><help:link Id="65650">Ausrichtung</help:link></text:p>
  <text:p text:style-name="Paragraph"><help:help-text value="visible">Hier legen Sie die Ausrichtungsoptionen für den Inhalt der aktuellen Zelle oder der ausgewählten Zellen fest.</help:help-text></text:p>
  </help:to-be-embedded>
  <help:popup Id="65625" Eid="fozelaus"><help:embedded Id="65598" Eid="wie"></help:embedded></help:popup>
  <text:p text:style-name="Head 3"><help:help-id value="SVX_LISTBOX_RID_SVXPAGE_ALIGNMENT_LB_HORALIGN"/>Horizontal</text:p>
  <text:p text:style-name="Paragraph"><help:help-text value="visible">Geben Sie die gewünschte horizontale Ausrichtung für den Zellinhalt an.</help:help-text></text:p>
  <text:p text:style-name="Head 3">Standard</text:p>
  <text:p text:style-name="Paragraph">Mit dieser Option können Sie die standardisierte horizontale Voreinstellung der Zelleninhalte wählen.</text:p>
  <table:table table:name="Tabelle1" table:style-name="Tabelle1">
   <table:table-column table:style-name="Tabelle1.A"/>
   <table:table-column table:style-name="Tabelle1.B"/>
   <table:table-header-rows>
    <table:table-row table:style-name="Tabelle1.1">
     <table:table-cell table:style-name="Tabelle1.A1" table:value-type="string">
      <text:p text:style-name="Paragraph"><draw:image draw:name="Symbol0" svg:desc="Dieses Symbol weist auf einen Textabschnitt hin, der weitergehende Informationen enthält." svg:pixelx="32" svg:pixely="32" svg:width="0.847cm" svg:height="0.847cm" xlink:href="65980" draw:filter-name=""/></text:p>

     </table:table-cell>
     <table:table-cell table:style-name="Tabelle1.A1" table:value-type="string">
      <text:p text:style-name="Paragraph">Ist die Option <text:span text:style-name="T1">Standard</text:span> gewählt, werden Zahlen rechtsbündig und Text linksbündig ausgerichtet.</text:p>
     </table:table-cell>
    </table:table-row>
   </table:table-header-rows>
  </table:table>
  <text:p text:style-name="Head 3"><help:help-id value="SID_ALIGNLEFT"/><a name="links"/>Links</text:p>
  <text:p text:style-name="Paragraph"><help:to-be-embedded Eid="linkstext"><help:help-text value="visible">Der Inhalt der Zelle wird linksbündig gesetzt.</help:help-text></help:to-be-embedded></text:p>
  <help:embedded Id="65609" Eid="objektleiste"></help:embedded>
  <help:embedded Id="65593" Eid="sylinksbuendig"></help:embedded>
  <text:p text:style-name="Head 3"><help:help-id value="SID_ALIGNRIGHT"/><a name="rechts"/>Rechts</text:p>
  <text:p text:style-name="Paragraph"><help:to-be-embedded Eid="rechtstext"><help:help-text value="visible">Der Inhalt der Zelle wird rechtsbündig gesetzt.</help:help-text></help:to-be-embedded></text:p>
  <help:embedded Id="65609" Eid="objektleiste"></help:embedded>
  <help:embedded Id="65593" Eid="syrechtsbuendig"></help:embedded>
  <text:p text:style-name="Head 3"><help:help-id value="SID_ALIGNCENTERHOR"/><a name="zentriert"/>Zentriert</text:p>
  <text:p text:style-name="Paragraph"><help:to-be-embedded Eid="zentrierttext"><help:help-text value="visible">Der Inhalt der Zelle wird horizontal zentriert.</help:help-text></help:to-be-embedded></text:p>
  <help:embedded Id="65609" Eid="objektleiste"></help:embedded>
  <help:embedded Id="65593" Eid="syzentriert"></help:embedded>
  <text:p text:style-name="Head 3"><help:help-id value="SID_ALIGNBLOCK"/><a name="block"/>Block</text:p>
  <text:p text:style-name="Paragraph"><help:to-be-embedded Eid="blocktext"><help:help-text value="visible">Der Inhalt der Zelle wird an der rechten und linken Zellkante ausgerichtet.</help:help-text></help:to-be-embedded></text:p>
  <help:embedded Id="65609" Eid="objektleiste"></help:embedded>
  <help:embedded Id="65593" Eid="syblocksatz"></help:embedded>
  <text:p text:style-name="Head 3"><help:help-id value="SVX_METRICFIELD_RID_SVXPAGE_ALIGNMENT_ED_INDENT"/>Einzug</text:p>
  <text:p text:style-name="Paragraph"><help:help-text value="visible">Der Inhalt wird um die angegebene Entfernung von der linken Zellkante aus eingerückt.</help:help-text></text:p>
  <text:p text:style-name="Head 3"><help:help-id value="SVX_LISTBOX_RID_SVXPAGE_ALIGNMENT_LB_VERALIGN"/>Vertikal</text:p>
  <text:p text:style-name="Paragraph"><help:help-text value="visible">Geben Sie die gewünschte vertikale Ausrichtung für den Zellinhalt an.</help:help-text></text:p>
  <text:p text:style-name="Head 3">Standard</text:p>
  <text:p text:style-name="Paragraph"><help:help-text value="visible">Der Inhalt der Zelle wird an der unteren Zellkante ausgerichtet.</help:help-text></text:p>
  <text:p text:style-name="Head 3"><help:help-id value="SID_ALIGNTOP"/><a name="oben"/>Oben</text:p>
  <text:p text:style-name="Paragraph"><help:to-be-embedded Eid="obentext"><help:help-text value="visible">Der Inhalt der Zelle wird an der oberen Zellkante ausgerichtet.</help:help-text></help:to-be-embedded></text:p>
  <help:embedded Id="65609" Eid="objektleiste"></help:embedded>
  <help:switch select="Program"><help:case select="CHART"></help:case><help:default><help:embedded Id="65598" Eid="syvertikaloben"></help:embedded></help:default></help:switch>
  <text:p text:style-name="Head 3"><help:help-id value="SID_ALIGNBOTTOM"/><a name="unten"/>Unten</text:p>
  <text:p text:style-name="Paragraph"><help:to-be-embedded Eid="untentext"><help:help-text value="visible">Der Inhalt der Zelle wird an der unteren Zellkante ausgerichtet.</help:help-text></help:to-be-embedded></text:p>
  <help:embedded Id="65609" Eid="objektleiste"></help:embedded>
  <help:embedded Id="65598" Eid="syvertikalunten"></help:embedded>
  <text:p text:style-name="Head 3"><help:help-id value="SID_ALIGNCENTERVER"/><a name="mitte"/>Mitte</text:p>
  <text:p text:style-name="Paragraph"><help:to-be-embedded Eid="mittetext"><help:help-text value="visible">Der Inhalt der Zelle wird vertikal zentriert.</help:help-text></help:to-be-embedded></text:p>
  <help:embedded Id="65609" Eid="objektleiste"></help:embedded>
  <help:embedded Id="65598" Eid="syvertikalmitte"></help:embedded>
  <text:p text:style-name="Head 2"><help:key-word value="Schreibrichtung; Zelle" tag="kw65650_11"/><help:key-word value="Zelle; Schreibrichtung" tag="kw65650_10"/><help:key-word value="Tabelle; Schreibrichtung" tag="kw65650_9"/>Schreibrichtung</text:p>
  <text:p text:style-name="Paragraph"><a name="ausr"/><help:help-text value="visible">Hier legen Sie den Textverlauf für den Zellinhalt fest.</help:help-text></text:p>
  <help:switch select="Program"><help:case select="CALC"><help:embedded Id="68107" Eid="text_rotate"></help:embedded></help:case></help:switch>
  <text:p text:style-name="Paragraph"><help:help-id value="HID_ALIGNMENT_CTR_DIAL"/><help:help-text value="visible">Klicken Sie zum Einstellen des Textverlaufs auf das Rad.</help:help-text></text:p>
  <text:p text:style-name="Paragraph"><help:help-id value="SVX_IMAGEBUTTON_RID_SVXPAGE_ALIGNMENT_BTN_TXTSTACKED"/><help:help-text value="visible">Legt einen senkrechten Textverlauf fest.</help:help-text></text:p>
  <text:p text:style-name="Head 3"><help:help-id value="SVX_NUMERICFIELD_RID_SVXPAGE_ALIGNMENT_NF_DEGREES"/>Winkel</text:p>
  <text:p text:style-name="Paragraph"><help:help-text value="visible">Geben Sie einen Winkel für den Text in den ausgewählten Zellen ein. Bei positiven Werten wird der Text nach links, bei negativen Werten nach rechts gedreht.<a name="end"/></help:help-text></text:p>
  <text:p text:style-name="Head 3"><help:help-id value="HID_ALIGNMENT_CTR_BORDER_LOCK"/>Bezugskante</text:p>
  <text:p text:style-name="Paragraph"><help:help-text value="visible">Bestimmen Sie die Zellkante, an welcher der gedrehte Text ansetzen soll.</help:help-text></text:p>
  <text:unordered-list text:style-name="L1">
   <text:list-item>
    <text:p text:style-name="P2"><text:span text:style-name="T1">Textausdehnung von unterer Zellkante aus:</text:span> Der gedrehte Text setzt an der unteren Zellkante an.</text:p>
   </text:list-item>
   <text:list-item>
    <text:p text:style-name="P2"><text:span text:style-name="T1">Textausdehnung von oberer Zellkante aus:</text:span> Der gedrehte Text setzt an der oberen Zellkante an.</text:p>
   </text:list-item>
   <text:list-item>
    <text:p text:style-name="P2"><text:span text:style-name="T1">Textausdehnung nur innerhalb der Zelle:</text:span> Der gedrehte Text bleibt innerhalb der Grenzen der Zelle.</text:p>
   </text:list-item>
  </text:unordered-list>
  <help:embedded Id="65609" Eid="asiahinweis"></help:embedded>
  <text:p text:style-name="Head 3"><help:help-id value="SVX_TRISTATEBOX_RID_SVXPAGE_ALIGNMENT_BTN_ASIAN_VERTICAL"/>Asiatischen, vertikalen Layoutmodus benutzen</text:p>
  <text:p text:style-name="Paragraph">Dieses Markierfeld ist nur bei aktivierter Unterstützung für asiatische Sprachen und vertikaler Schreibrichtung verfügbar. <text:s/><help:help-text value="visible">Asiatische Zeichen werden in den ausgewählten Zellen untereinander angeordnet. Wenn die Zelle mehrere Textzeilen enthält, werden die Zeilen zunächst in Spalten umgeformt und diese Spalten dann von rechts nach links angeordnet. Westliche Schriftzeichen werden um 90 Grad nach rechts gedreht. Asiatische Zeichen werden nicht gedreht.</help:help-text></text:p>
  <text:p text:style-name="Head 2">Abstand zu Gitterlinien</text:p>
  <text:p text:style-name="Paragraph">Geben Sie hier den gewünschten Abstand zwischen Zellkanten und Zellinhalt an.</text:p>
  <text:p text:style-name="Head 3"><help:help-id value="SVX_METRICFIELD_RID_SVXPAGE_ALIGNMENT_ED_LEFTSPACE"/>Links</text:p>
  <text:p text:style-name="Paragraph"><help:help-text value="visible">Geben Sie an, wie groß der Abstand zwischen der linken Zellkante und dem linken Rand des Zellinhalts sein soll.</help:help-text></text:p>
  <text:p text:style-name="Head 3"><help:help-id value="SVX_METRICFIELD_RID_SVXPAGE_ALIGNMENT_ED_RIGHTSPACE"/>Rechts</text:p>
  <text:p text:style-name="Paragraph"><help:help-text value="visible">Geben Sie an, wie groß der Abstand zwischen der rechten Zellkante und dem rechten Rand des Zellinhalts sein soll.</help:help-text></text:p>
  <text:p text:style-name="Head 3"><help:help-id value="SVX_METRICFIELD_RID_SVXPAGE_ALIGNMENT_ED_TOPSPACE"/>Oben</text:p>
  <text:p text:style-name="Paragraph"><help:help-text value="visible">Geben Sie an, wie groß der Abstand zwischen der oberen Zellkante und dem oberen Rand des Zellinhalts sein soll.</help:help-text></text:p>
  <text:p text:style-name="Head 3"><help:help-id value="SVX_METRICFIELD_RID_SVXPAGE_ALIGNMENT_ED_BOTTOMSPACE"/>Unten</text:p>
  <text:p text:style-name="Paragraph"><help:help-text value="visible">Geben Sie an, wie groß der Abstand zwischen der unteren Zellkante und dem unteren Rand des Zellinhalts sein soll.</help:help-text></text:p>
  <text:p text:style-name="Head 2">Textfluß</text:p>
  <text:p text:style-name="Paragraph">Hier legen Sie den Textfluß in der Zelle fest.</text:p>
  <text:p text:style-name="Head 3"><a name="umbruch"/><help:help-id value="SVX_TRISTATEBOX_RID_SVXPAGE_ALIGNMENT_BTN_WRAP"/>Automatischer Zeilenumbruch<help:key-word value="Zeilenumbrüche; in Zellen" tag="kw65650_8"/><help:key-word value="Zellen; Zeilenumbrüche" tag="kw65650_7"/><help:key-word value="Textfluss; in Zellen" tag="kw65650_6"/><help:key-word value="Zellen; Textfluss" tag="kw65650_5"/><help:key-word value="Textumbrüche; in Zellen" tag="kw65650_4"/><help:key-word value="Umlauf; Zellentext" tag="kw65650_3"/><help:key-word value="Wortumbrüche; in Zellen" tag="kw65650_2"/></text:p>
  <text:p text:style-name="Paragraph"><help:help-text value="visible">Erzeugt einen Textumbruch, wenn der Text die Zellkante erreicht. Um einen manuellen Zeilenumbruch einzufügen, drücken Sie in der Zelle (nicht in der Eingabezeile) <help:switch select="System"><help:case select ="MAC">Befehlstaste</help:case><help:default>Strg</help:default></help:switch>+Eingabetaste.</help:help-text></text:p>
  <text:p text:style-name="Head 3"><help:help-id value="SVX_TRISTATEBOX_RID_SVXPAGE_ALIGNMENT_BTN_HYPH"/>Silbentrennung aktiv</text:p>
  <text:p text:style-name="Paragraph"><help:help-text value="visible">Ermöglicht die Silbentrennung für den Umbruch von Text in die nächste Zeile.</help:help-text></text:p>
 </office:body>
</office:document>
