

<office:document  xmlns:office="http://openoffice.org/2000/office" xmlns:style="http://openoffice.org/2000/style" xmlns:text="http://openoffice.org/2000/text" xmlns:table="http://openoffice.org/2000/table" xmlns:draw="http://openoffice.org/2000/drawing" xmlns:fo="http://www.w3.org/1999/XSL/Format" xmlns:xlink="http://www.w3.org/1999/xlink" xmlns:number="http://openoffice.org/2000/datastyle" xmlns:svg="http://www.w3.org/2000/svg" xmlns:chart="http://openoffice.org/2000/chart" xmlns:dr3d="http://openoffice.org/2000/dr3d" xmlns:math="http://www.w3.org/1998/Math/MathML" xmlns:form="http://openoffice.org/2000/form" xmlns:script="http://openoffice.org/2000/script" office:class="text" office:version="1.0" xmlns:dc="http://purl.org/dc/elements/1.1/" xmlns:meta="http://openoffice.org/2000/meta" xmlns:help="http://openoffice.org/2000/help">
<office:meta>
  <dc:description>text/common/01/05350200</dc:description>
  <dc:subject>Geometrie</dc:subject>

  <dc:language>de-DE</dc:language>
  <meta:user-defined meta:name="Info 0">READY</meta:user-defined>
  <meta:user-defined meta:name="Info 1">FREE_OK</meta:user-defined>
  <meta:user-defined meta:name="Info 2"/>
  <meta:user-defined meta:name="Info 3"/>
</office:meta>
 <office:script/>
 <office:font-decls>
  <style:font-decl style:name="StarSymbol" fo:font-family="StarSymbol" style:font-charset="x-symbol"/>
  <style:font-decl style:name="Courier New" fo:font-family="&apos;Courier New&apos;" style:font-style-name="Standard" style:font-family-generic="modern" style:font-pitch="fixed"/>
  <style:font-decl style:name="Courier" fo:font-family="Courier" style:font-family-generic="roman" style:font-pitch="fixed"/>
  <style:font-decl style:name="Arial Unicode MS" fo:font-family="&apos;Arial Unicode MS&apos;" style:font-pitch="variable"/>
  <style:font-decl style:name="HG Mincho Light J" fo:font-family="&apos;HG Mincho Light J&apos;" style:font-pitch="variable"/>
  <style:font-decl style:name="Times New Roman3" fo:font-family="&apos;Times New Roman&apos;" style:font-pitch="variable"/>
  <style:font-decl style:name="Thorndale" fo:font-family="Thorndale" style:font-family-generic="roman" style:font-pitch="variable"/>
  <style:font-decl style:name="Times New Roman2" fo:font-family="&apos;Times New Roman&apos;" style:font-style-name="Fett" style:font-family-generic="roman" style:font-pitch="variable"/>
  <style:font-decl style:name="Times New Roman" fo:font-family="&apos;Times New Roman&apos;" style:font-style-name="Standard" style:font-family-generic="roman" style:font-pitch="variable"/>
  <style:font-decl style:name="Times New Roman1" fo:font-family="&apos;Times New Roman&apos;" style:font-family-generic="swiss" style:font-pitch="variable"/>
 </office:font-decls>
 <office:automatic-styles>
  <style:style style:name="Tabelle10" style:family="table">
   <style:properties style:width="17.995cm" fo:margin-left="0cm" fo:margin-right="0.005cm" table:align="margins"/>
  </style:style>
  <style:style style:name="Tabelle10.A" style:family="table-column">
   <style:properties style:column-width="1.499cm" style:rel-column-width="850*"/>
  </style:style>
  <style:style style:name="Tabelle10.B" style:family="table-column">
   <style:properties style:column-width="16.492cm" style:rel-column-width="9349*"/>
  </style:style>
  <style:style style:name="Tabelle1" style:family="table">
   <style:properties style:width="17.995cm" fo:margin-left="0cm" fo:margin-right="0.005cm" table:align="margins"/>
  </style:style>
  <style:style style:name="Tabelle1.A" style:family="table-column">
   <style:properties style:column-width="2.011cm" style:rel-column-width="1140*"/>
  </style:style>
  <style:style style:name="Tabelle1.B" style:family="table-column">
   <style:properties style:column-width="15.981cm" style:rel-column-width="9059*"/>
  </style:style>
  <style:style style:name="Tabelle2" style:family="table">
   <style:properties style:width="17.995cm" fo:margin-left="0cm" fo:margin-right="0.005cm" table:align="margins"/>
  </style:style>
  <style:style style:name="Tabelle2.A" style:family="table-column">
   <style:properties style:column-width="2.046cm" style:rel-column-width="1160*"/>
  </style:style>
  <style:style style:name="Tabelle2.B" style:family="table-column">
   <style:properties style:column-width="15.946cm" style:rel-column-width="9039*"/>
  </style:style>
  <style:style style:name="Tabelle3" style:family="table">
   <style:properties style:width="17.995cm" fo:margin-left="0cm" fo:margin-right="0.005cm" table:align="margins"/>
  </style:style>
  <style:style style:name="Tabelle3.A" style:family="table-column">
   <style:properties style:column-width="2.011cm" style:rel-column-width="1140*"/>
  </style:style>
  <style:style style:name="Tabelle3.B" style:family="table-column">
   <style:properties style:column-width="15.981cm" style:rel-column-width="9059*"/>
  </style:style>
  <style:style style:name="Tabelle4" style:family="table">
   <style:properties style:width="17.995cm" fo:margin-left="0cm" fo:margin-right="0.005cm" table:align="margins"/>
  </style:style>
  <style:style style:name="Tabelle4.A" style:family="table-column">
   <style:properties style:column-width="2.081cm" style:rel-column-width="1180*"/>
  </style:style>
  <style:style style:name="Tabelle4.B" style:family="table-column">
   <style:properties style:column-width="15.91cm" style:rel-column-width="9019*"/>
  </style:style>
  <style:style style:name="Tabelle5" style:family="table">
   <style:properties style:width="17.995cm" fo:margin-left="0cm" fo:margin-right="0.005cm" table:align="margins"/>
  </style:style>
  <style:style style:name="Tabelle5.A" style:family="table-column">
   <style:properties style:column-width="2.081cm" style:rel-column-width="1180*"/>
  </style:style>
  <style:style style:name="Tabelle5.B" style:family="table-column">
   <style:properties style:column-width="15.91cm" style:rel-column-width="9019*"/>
  </style:style>
  <style:style style:name="Tabelle6" style:family="table">
   <style:properties style:width="17.995cm" fo:margin-left="0cm" fo:margin-right="0.005cm" table:align="margins"/>
  </style:style>
  <style:style style:name="Tabelle6.A" style:family="table-column">
   <style:properties style:column-width="2.081cm" style:rel-column-width="1180*"/>
  </style:style>
  <style:style style:name="Tabelle6.B" style:family="table-column">
   <style:properties style:column-width="15.91cm" style:rel-column-width="9019*"/>
  </style:style>
  <style:style style:name="P1" style:family="paragraph" style:parent-style-name="Paragraph" style:master-page-name="HTML">
   <style:properties style:page-number="0"/>
  </style:style>
  <style:style style:name="T1" style:family="text">
   <style:properties fo:font-weight="bold"/>
  </style:style>
  <style:style style:name="fr1" style:family="graphics" style:parent-style-name="Graphics">
   <style:properties style:wrap="run-through" style:horizontal-pos="left" style:horizontal-rel="paragraph" style:mirror="none" fo:clip="rect(0cm 0cm 0cm 0cm)" draw:luminance="0%" draw:contrast="0%" draw:red="0%" draw:green="0%" draw:blue="0%" draw:gamma="1" draw:color-inversion="false" draw:transparency="-100%" draw:color-mode="standard"/>
  </style:style>
 </office:automatic-styles>
 <office:body>
  <text:variable-decls>
   <text:variable-decl text:value-type="string" text:name="HTML_ON"/>
   <text:variable-decl text:value-type="string" text:name="HTML_OFF"/>
   <text:variable-decl text:value-type="string" text:name="TITEL"/>
   <text:variable-decl text:value-type="string" text:name="END"/>
   <text:variable-decl text:value-type="string" text:name="OS2"/>
   <text:variable-decl text:value-type="string" text:name="ELSE"/>
   <text:variable-decl text:value-type="string" text:name="HREF"/>
   <text:variable-decl text:value-type="string" text:name="NAME"/>
   <text:variable-decl text:value-type="string" text:name="HelpID"/>
   <text:variable-decl text:value-type="string" text:name="MODIFY"/>
   <text:variable-decl text:value-type="string" text:name="REFNR"/>
   <text:variable-decl text:value-type="string" text:name="AKTHLP"/>
   <text:variable-decl text:value-type="string" text:name="KEY"/>
   <text:variable-decl text:value-type="string" text:name="INDEX"/>
   <text:variable-decl text:value-type="string" text:name="STYLE"/>
  </text:variable-decls>
  <text:sequence-decls>
   <text:sequence-decl text:display-outline-level="0" text:name="Illustration"/>
   <text:sequence-decl text:display-outline-level="0" text:name="Table"/>
   <text:sequence-decl text:display-outline-level="0" text:name="Text"/>
   <text:sequence-decl text:display-outline-level="0" text:name="Drawing"/>
  </text:sequence-decls>
  <help:to-be-embedded Eid="geometrie">
  <text:p text:style-name="Head 1"><help:help-id value="SVX_IMAGEBUTTON_RID_SVXFLOAT_3D_BTN_GEO"/><help:key-word value="3D-Effekt; Geometrie" tag="kw65709_1"/><help:key-word value="Geometrie; 3D-Effekt" tag="kw65709_2"/><help:link Id="65709">Geometrie</help:link></text:p>
  <text:p text:style-name="Paragraph"><help:help-text value="visible">Dient zum Ändern der Form des ausgewählten 3D-Objekts. Nur die Form von 3D-Objekten, die durch Konvertierung von 2D-Objekten entstanden sind, kann geändert werden. Zum Konvertieren eines 2D-Objekts in 3D, wählen Sie das Objekt aus, klicken mit der rechten Maustaste und wählen dann <text:span text:style-name="T1">Umwandeln in 3D</text:span> oder <text:span text:style-name="T1">Umwandeln in Rotationskörper</text:span>.</help:help-text></text:p>
  <table:table table:name="Tabelle10" table:style-name="Tabelle10">
   <table:table-column table:style-name="Tabelle10.A"/>
   <table:table-column table:style-name="Tabelle10.B"/>
   <table:table-header-rows>
    <table:table-row>
     <table:table-cell table:value-type="string">
      <text:p text:style-name="Paragraph"><draw:image draw:name="Symbol0" svg:desc="Symbol" svg:pixelx="28" svg:pixely="19" svg:width="0.741cm" svg:height="0.503cm" xlink:href="65935" draw:filter-name=""/></text:p>

     </table:table-cell>
     <table:table-cell table:value-type="string">
      <text:p text:style-name="Paragraph">Geometrie</text:p>
     </table:table-cell>
    </table:table-row>
   </table:table-header-rows>
  </table:table>
  </help:to-be-embedded>
  <help:popup Id="65599" Eid="3dgeometrie"><help:embedded Id="65598" Eid="wie"></help:embedded></help:popup>
  <text:p text:style-name="Head 2">Geometrie</text:p>
  <text:p text:style-name="Paragraph">Legen Sie hier die geometrischen Eigenschaften des ausgewählten 3D-Objekts fest.</text:p>
  <text:p text:style-name="Head 3"><help:help-id value="SVX_METRICFIELD_RID_SVXFLOAT_3D_MTR_PERCENT_DIAGONAL"/>Kantenrundung</text:p>
  <text:p text:style-name="Paragraph"><help:help-text value="visible">Geben Sie ein, um wie viel Prozent die Kanten des ausgewählten 3D-Objekts abgerundet werden sollen.</help:help-text></text:p>
  <text:p text:style-name="Head 3"><help:help-id value="SVX_METRICFIELD_RID_SVXFLOAT_3D_MTR_BACKSCALE"/>Tiefenskalierung</text:p>
  <text:p text:style-name="Paragraph"><help:help-text value="visible">Geben Sie an, um wie viel Prozent die Vorderfläche des ausgewählten 3D-Objekts vergrößert oder verkleinert werden soll.</help:help-text></text:p>
  <text:p text:style-name="Head 3"><help:help-id value="SVX_METRICFIELD_RID_SVXFLOAT_3D_MTR_END_ANGLE"/>Endwinkel</text:p>
  <text:p text:style-name="Paragraph"><help:help-text value="visible">Geben Sie hier den darzustellenden Winkel des ausgewählten 3D-Rotationskörpers an.</help:help-text></text:p>
  <text:p text:style-name="Head 3"><help:help-id value="SVX_METRICFIELD_RID_SVXFLOAT_3D_MTR_DEPTH"/>Tiefe</text:p>
  <text:p text:style-name="Paragraph"><help:help-text value="visible">Geben Sie eine Extrusionstiefe für das ausgewählte 3D-Objekt an. Diese Option ist auf 3D-Rotationskörper nicht anwendbar.</help:help-text></text:p>
  <text:p text:style-name="Head 2">Segmente</text:p>
  <text:p text:style-name="Paragraph">Sie können festlegen, in wie vielen Segmenten ein 3D-Rotationskörper dargestellt wird.</text:p>
  <text:p text:style-name="Head 3"><help:help-id value="SVX_NUMERICFIELD_RID_SVXFLOAT_3D_NUM_HORIZONTAL"/>Horizontal</text:p>
  <text:p text:style-name="Paragraph"><help:help-text value="visible">Geben Sie hier die Anzahl der horizontalen Segmente für den ausgewählten 3D-Rotationskörper an.</help:help-text></text:p>
  <text:p text:style-name="Head 3"><help:help-id value="SVX_NUMERICFIELD_RID_SVXFLOAT_3D_NUM_VERTICAL"/>Vertikal</text:p>
  <text:p text:style-name="Paragraph"><help:help-text value="visible">Geben Sie hier die Anzahl der vertikalen Segmente für den ausgewählten 3D-Rotationskörper an.</help:help-text></text:p>
  <text:p text:style-name="Head 2">Normalen</text:p>
  <text:p text:style-name="Paragraph">Hier können Sie bestimmen, wie die Objerfläche des 3D-Objekts gerendert wird.</text:p>
  <text:p text:style-name="Head 3"><help:help-id value="SVX_IMAGEBUTTON_RID_SVXFLOAT_3D_BTN_NORMALS_OBJ"/>Objektspezifisch</text:p>
  <text:p text:style-name="Paragraph"><help:help-text value="visible">Rendert die 3D-Oberfläche gemäß der Objektform. Die Oberfläche eines runden Objekts wird demnach kugelförmig gerendert.</help:help-text></text:p>
  <table:table table:name="Tabelle1" table:style-name="Tabelle1">
   <table:table-column table:style-name="Tabelle1.A"/>
   <table:table-column table:style-name="Tabelle1.B"/>
   <table:table-header-rows>
    <table:table-row>
     <table:table-cell table:value-type="string">
      <text:p text:style-name="Paragraph"><draw:image draw:name="Symbol1" svg:desc="Symbol" svg:pixelx="21" svg:pixely="21" svg:width="0.556cm" svg:height="0.556cm" xlink:href="66186" draw:filter-name=""/></text:p>

     </table:table-cell>
     <table:table-cell table:value-type="string">
      <text:p text:style-name="Paragraph">Objektspezifisch</text:p>
     </table:table-cell>
    </table:table-row>
   </table:table-header-rows>
  </table:table>
  <text:p text:style-name="Head 3"><help:help-id value="SVX_IMAGEBUTTON_RID_SVXFLOAT_3D_BTN_NORMALS_FLAT"/>Flach</text:p>
  <text:p text:style-name="Paragraph"><help:help-text value="visible">Rendert die Oberfläche des 3D-Objekts als Polygone.</help:help-text></text:p>
  <table:table table:name="Tabelle2" table:style-name="Tabelle2">
   <table:table-column table:style-name="Tabelle2.A"/>
   <table:table-column table:style-name="Tabelle2.B"/>
   <table:table-header-rows>
    <table:table-row>
     <table:table-cell table:value-type="string">
      <text:p text:style-name="Paragraph"><draw:image draw:name="Symbol2" svg:desc="Symbol" svg:pixelx="21" svg:pixely="21" svg:width="0.556cm" svg:height="0.556cm" xlink:href="66187" draw:filter-name=""/></text:p>

     </table:table-cell>
     <table:table-cell table:value-type="string">
      <text:p text:style-name="Paragraph">Flach</text:p>
     </table:table-cell>
    </table:table-row>
   </table:table-header-rows>
  </table:table>
  <text:p text:style-name="Head 3"><help:help-id value="SVX_IMAGEBUTTON_RID_SVXFLOAT_3D_BTN_NORMALS_SPHERE"/>Kugelförmig</text:p>
  <text:p text:style-name="Paragraph"><help:help-text value="visible">Erzeugt eine weiche 3D-Oberfläche.</help:help-text></text:p>
  <table:table table:name="Tabelle3" table:style-name="Tabelle3">
   <table:table-column table:style-name="Tabelle3.A"/>
   <table:table-column table:style-name="Tabelle3.B"/>
   <table:table-header-rows>
    <table:table-row>
     <table:table-cell table:value-type="string">
      <text:p text:style-name="Paragraph"><draw:image draw:name="Symbol3" svg:desc="Symbol" svg:pixelx="21" svg:pixely="21" svg:width="0.556cm" svg:height="0.556cm" xlink:href="66188" draw:filter-name=""/></text:p>

     </table:table-cell>
     <table:table-cell table:value-type="string">
      <text:p text:style-name="Paragraph">Kugelförmig</text:p>
     </table:table-cell>
    </table:table-row>
   </table:table-header-rows>
  </table:table>
  <text:p text:style-name="Head 3"><help:help-id value="SVX_IMAGEBUTTON_RID_SVXFLOAT_3D_BTN_NORMALS_INVERT"/>Normalen umkehren</text:p>
  <text:p text:style-name="Paragraph"><help:help-text value="visible">Die Lichtquelle wird umgekehrt.</help:help-text></text:p>
  <table:table table:name="Tabelle4" table:style-name="Tabelle4">
   <table:table-column table:style-name="Tabelle4.A"/>
   <table:table-column table:style-name="Tabelle4.B"/>
   <table:table-header-rows>
    <table:table-row>
     <table:table-cell table:value-type="string">
      <text:p text:style-name="Paragraph"><draw:image draw:name="Symbol4" svg:desc="Symbol" svg:pixelx="21" svg:pixely="21" svg:width="0.556cm" svg:height="0.556cm" xlink:href="66189" draw:filter-name=""/></text:p>

     </table:table-cell>
     <table:table-cell table:value-type="string">
      <text:p text:style-name="Paragraph">Normalen umkehren</text:p>
     </table:table-cell>
    </table:table-row>
   </table:table-header-rows>
  </table:table>
  <text:p text:style-name="Head 3"><help:help-id value="SVX_IMAGEBUTTON_RID_SVXFLOAT_3D_BTN_TWO_SIDED_LIGHTING"/>2-seitige Beleuchtung</text:p>
  <text:p text:style-name="Paragraph"><help:help-text value="visible">Das Objekt wird sowohl von außen als auch von innen beleuchtet. Zur Verwendung von Umgebungslicht klicken Sie erst hier und dann auf die Schaltfläche <text:span text:style-name="T1">Normalen umkehren</text:span>.</help:help-text></text:p>
  <table:table table:name="Tabelle5" table:style-name="Tabelle5">
   <table:table-column table:style-name="Tabelle5.A"/>
   <table:table-column table:style-name="Tabelle5.B"/>
   <table:table-header-rows>
    <table:table-row>
     <table:table-cell table:value-type="string">
      <text:p text:style-name="Paragraph"><draw:image draw:name="Symbol5" svg:desc="Symbol" svg:pixelx="21" svg:pixely="21" svg:width="0.556cm" svg:height="0.556cm" xlink:href="66190" draw:filter-name=""/></text:p>

     </table:table-cell>
     <table:table-cell table:value-type="string">
      <text:p text:style-name="Paragraph">2-seitige Beleuchtung</text:p>
     </table:table-cell>
    </table:table-row>
   </table:table-header-rows>
  </table:table>
  <text:p text:style-name="Head 3"><help:help-id value="SVX_IMAGEBUTTON_RID_SVXFLOAT_3D_BTN_DOUBLE_SIDED"/>Doppelseitig</text:p>
  <text:p text:style-name="Paragraph"><help:help-text value="visible">Schließt die Form eines durch Extrusion einer Freihandlinie (<text:span text:style-name="T1">Umwandeln in 3D</text:span>) erzeugten 3D-Objekts.</help:help-text></text:p>
  <table:table table:name="Tabelle6" table:style-name="Tabelle6">
   <table:table-column table:style-name="Tabelle6.A"/>
   <table:table-column table:style-name="Tabelle6.B"/>
   <table:table-header-rows>
    <table:table-row>
     <table:table-cell table:value-type="string">
      <text:p text:style-name="Paragraph"><draw:image draw:name="Symbol6" svg:desc="Symbol" svg:pixelx="21" svg:pixely="21" svg:width="0.556cm" svg:height="0.556cm" xlink:href="66562" draw:filter-name=""/></text:p>

     </table:table-cell>
     <table:table-cell table:value-type="string">
      <text:p text:style-name="Paragraph">Doppelseitig</text:p>
     </table:table-cell>
    </table:table-row>
   </table:table-header-rows>
  </table:table>
  <help:embedded Id="65818" Eid="aktu"></help:embedded>
  <help:embedded Id="65818" Eid="zuweis"></help:embedded>
  <help:embedded Id="65818" Eid="umindd"></help:embedded>
  <help:embedded Id="65818" Eid="rotation"></help:embedded>
  <help:embedded Id="65818" Eid="pers"></help:embedded>
 </office:body>
</office:document>
