

<office:document  xmlns:office="http://openoffice.org/2000/office" xmlns:style="http://openoffice.org/2000/style" xmlns:text="http://openoffice.org/2000/text" xmlns:table="http://openoffice.org/2000/table" xmlns:draw="http://openoffice.org/2000/drawing" xmlns:fo="http://www.w3.org/1999/XSL/Format" xmlns:xlink="http://www.w3.org/1999/xlink" xmlns:number="http://openoffice.org/2000/datastyle" xmlns:svg="http://www.w3.org/2000/svg" xmlns:chart="http://openoffice.org/2000/chart" xmlns:dr3d="http://openoffice.org/2000/dr3d" xmlns:math="http://www.w3.org/1998/Math/MathML" xmlns:form="http://openoffice.org/2000/form" xmlns:script="http://openoffice.org/2000/script" office:class="text" office:version="1.0" xmlns:dc="http://purl.org/dc/elements/1.1/" xmlns:meta="http://openoffice.org/2000/meta" xmlns:help="http://openoffice.org/2000/help">
<office:meta>
  <dc:description>text/common/01/06030000</dc:description>
  <dc:subject>Pipette</dc:subject>

  <dc:language>de-DE</dc:language>
  <meta:user-defined meta:name="Info 0">READY</meta:user-defined>
  <meta:user-defined meta:name="Info 1">FREE_OK</meta:user-defined>
  <meta:user-defined meta:name="Info 2"/>
  <meta:user-defined meta:name="Info 3"/>
</office:meta>
 <office:script/>
 <office:font-decls>
  <style:font-decl style:name="StarSymbol" fo:font-family="StarSymbol" style:font-charset="x-symbol"/>
  <style:font-decl style:name="Courier New" fo:font-family="&apos;Courier New&apos;" style:font-style-name="Standard" style:font-family-generic="modern" style:font-pitch="fixed"/>
  <style:font-decl style:name="Courier" fo:font-family="Courier" style:font-family-generic="roman" style:font-pitch="fixed"/>
  <style:font-decl style:name="Arial Unicode MS" fo:font-family="&apos;Arial Unicode MS&apos;" style:font-pitch="variable"/>
  <style:font-decl style:name="HG Mincho Light J" fo:font-family="&apos;HG Mincho Light J&apos;" style:font-pitch="variable"/>
  <style:font-decl style:name="Times New Roman3" fo:font-family="&apos;Times New Roman&apos;" style:font-pitch="variable"/>
  <style:font-decl style:name="Thorndale" fo:font-family="Thorndale" style:font-family-generic="roman" style:font-pitch="variable"/>
  <style:font-decl style:name="Times New Roman2" fo:font-family="&apos;Times New Roman&apos;" style:font-style-name="Fett" style:font-family-generic="roman" style:font-pitch="variable"/>
  <style:font-decl style:name="Times New Roman" fo:font-family="&apos;Times New Roman&apos;" style:font-style-name="Standard" style:font-family-generic="roman" style:font-pitch="variable"/>
  <style:font-decl style:name="Times New Roman1" fo:font-family="&apos;Times New Roman&apos;" style:font-family-generic="swiss" style:font-pitch="variable"/>
 </office:font-decls>
 <office:automatic-styles>
  <style:style style:name="Tabelle5" style:family="table">
   <style:properties style:width="17.995cm" fo:margin-left="0cm" fo:margin-right="0.005cm" table:align="margins"/>
  </style:style>
  <style:style style:name="Tabelle5.A" style:family="table-column">
   <style:properties style:column-width="1.501cm" style:rel-column-width="5465*"/>
  </style:style>
  <style:style style:name="Tabelle5.B" style:family="table-column">
   <style:properties style:column-width="16.494cm" style:rel-column-width="60050*"/>
  </style:style>
  <style:style style:name="P1" style:family="paragraph" style:parent-style-name="Paragraph" style:master-page-name="HTML">
   <style:properties style:page-number="0"/>
  </style:style>
  <style:style style:name="T1" style:family="text">
   <style:properties fo:font-weight="bold"/>
  </style:style>
  <style:style style:name="fr1" style:family="graphics" style:parent-style-name="Graphics">
   <style:properties style:run-through="foreground" style:wrap="run-through" style:vertical-pos="top" style:vertical-rel="paragraph" style:horizontal-pos="left" style:horizontal-rel="paragraph" style:mirror="none" fo:clip="rect(0cm 0cm 0cm 0cm)" draw:luminance="0%" draw:contrast="0%" draw:red="0%" draw:green="0%" draw:blue="0%" draw:gamma="1" draw:color-inversion="false" draw:transparency="-100%" draw:color-mode="standard"/>
  </style:style>
 </office:automatic-styles>
 <office:body>
  <text:variable-decls>
   <text:variable-decl text:value-type="string" text:name="HTML_ON"/>
   <text:variable-decl text:value-type="string" text:name="HTML_OFF"/>
   <text:variable-decl text:value-type="string" text:name="TITEL"/>
   <text:variable-decl text:value-type="string" text:name="END"/>
   <text:variable-decl text:value-type="string" text:name="OS2"/>
   <text:variable-decl text:value-type="string" text:name="ELSE"/>
   <text:variable-decl text:value-type="string" text:name="HREF"/>
   <text:variable-decl text:value-type="string" text:name="NAME"/>
   <text:variable-decl text:value-type="string" text:name="HelpID"/>
   <text:variable-decl text:value-type="string" text:name="MODIFY"/>
   <text:variable-decl text:value-type="string" text:name="REFNR"/>
   <text:variable-decl text:value-type="string" text:name="AKTHLP"/>
   <text:variable-decl text:value-type="string" text:name="INDEX"/>
   <text:variable-decl text:value-type="string" text:name="HFELD"/>
   <text:variable-decl text:value-type="string" text:name="STYLE"/>
  </text:variable-decls>
  <text:sequence-decls>
   <text:sequence-decl text:display-outline-level="0" text:name="Illustration"/>
   <text:sequence-decl text:display-outline-level="0" text:name="Table"/>
   <text:sequence-decl text:display-outline-level="0" text:name="Text"/>
   <text:sequence-decl text:display-outline-level="0" text:name="Drawing"/>
  </text:sequence-decls>
  <help:to-be-embedded Eid="pipette">
  <text:p text:style-name="Head 1"><help:help-id value="SID_BMPMASK"/><help:link Id="65823">Pipette</help:link></text:p>
  <text:p text:style-name="Paragraph"><help:help-text value="visible">Öffnet den Pipettendialog, der zum Ersetzen von Farben in Bitmap- und MetaFile-Grafiken dient.</help:help-text></text:p>
  </help:to-be-embedded>
  <text:p text:style-name="Paragraph">Dabei können bis zu vier Farben gleichzeitig ersetzt werden.</text:p>
  <help:executeurl Id="Slot:10350"></help:executeurl><help:popup Id="65589" Eid="etpip"><help:embedded Id="65598" Eid="wie"></help:embedded></help:popup>
  <help:switch select="Program"><help:case select="DRAW"><help:embedded Id="68217" Eid="eyedropper"></help:embedded></help:case></help:switch>
  <table:table table:name="Tabelle5" table:style-name="Tabelle5">
   <table:table-column table:style-name="Tabelle5.A"/>
   <table:table-column table:style-name="Tabelle5.B"/>
   <table:table-header-rows>
    <table:table-row>
     <table:table-cell table:value-type="string">
      <text:p text:style-name="Paragraph"><draw:image draw:name="Symbol0" svg:desc="Symbol" svg:pixelx="25" svg:pixely="25" svg:width="0.661cm" svg:height="0.661cm" xlink:href="66256" draw:filter-name=""/></text:p>

     </table:table-cell>
     <table:table-cell table:value-type="string">
      <text:p text:style-name="Paragraph">Pipette</text:p>
     </table:table-cell>
    </table:table-row>
   </table:table-header-rows>
  </table:table>
  <text:p text:style-name="Paragraph"><help:help-id value="HID_BMPMASK_TBI_PIPETTE"/><help:help-text value="visible">Wählen Sie eines der vier Quellfarbfelder, und klicken Sie hier. Klicken Sie mit dem Mauszeiger in der ausgewählten Grafik auf die Farbe, die ersetzt werden soll.</help:help-text></text:p>
  <text:p text:style-name="Head 2"><help:help-id value="HID_BMPMASK_CTL_PIPETTE"/>Pipette</text:p>
  <text:p text:style-name="Paragraph"><help:help-text value="visible">Zeigt die Farbe an, die in der ausgewählten Grafik direkt unter dem Mauszeiger liegt. Diese Funktion ist nur mit ausgewählter Pipette möglich.</help:help-text></text:p>
  <text:p text:style-name="Head 2"><help:help-id value="SVX_PUSHBUTTON_RID_SVXDLG_BMPMASK_BTN_EXEC"/>Ersetzen</text:p>
  <text:p text:style-name="Paragraph"><help:help-text value="visible">Ersetzt die ausgewählten Quellfarben in der aktuellen Grafik durch die in den Feldern <text:span text:style-name="T1">Ersetzen durch</text:span> angegebenen Farben.</help:help-text></text:p>
  <text:p text:style-name="Head 2">Farben</text:p>
  <text:p text:style-name="Paragraph">Führt die Quell- und die Ersetzungsfarben auf.</text:p>
  <text:p text:style-name="Head 3"><help:help-id value="SVX_CHECKBOX_RID_SVXDLG_BMPMASK_CBX_1"/><help:help-id value="SVX_CHECKBOX_RID_SVXDLG_BMPMASK_CBX_2"/><help:help-id value="SVX_CHECKBOX_RID_SVXDLG_BMPMASK_CBX_3"/><help:help-id value="SVX_CHECKBOX_RID_SVXDLG_BMPMASK_CBX_4"/>Markierfeld für Quellfarbe</text:p>
  <text:p text:style-name="Paragraph"><help:help-text value="visible">Wählen Sie dieses Markierfeld aus, um die aktuelle <text:span text:style-name="T1">Quellfarbe</text:span> durch die im Feld <text:span text:style-name="T1">Ersetzen durch</text:span> angegebene Farbe zu ersetzen.</help:help-text></text:p>
  <text:p text:style-name="Head 3"><help:help-id value="HID_BMPMASK_CTL_QCOL_1"/>Quellfarbe</text:p>
  <text:p text:style-name="Paragraph"><help:help-text value="visible">Zeigt die zu ersetzende Farbe in der ausgewählten Grafik an. Zum Bestimmen der Quellfarbe klicken Sie erst hier, dann auf die Pipette und dann auf eine der Farben in der ausgewählten Grafik.</help:help-text></text:p>
  <text:p text:style-name="Head 3"><help:help-id value="SVX_METRICFIELD_RID_SVXDLG_BMPMASK_SP_1"/><help:help-id value="SVX_METRICFIELD_RID_SVXDLG_BMPMASK_SP_2"/><help:help-id value="SVX_METRICFIELD_RID_SVXDLG_BMPMASK_SP_3"/><help:help-id value="SVX_METRICFIELD_RID_SVXDLG_BMPMASK_SP_4"/>Toleranz</text:p>
  <text:p text:style-name="Paragraph"><help:help-text value="visible">Legen Sie die Toleranz für das Ersetzen einer Quellfarbe in der Grafik fest. Um nur sehr ähnliche Farben zu ersetzen, geben Sie einen niedrigen Wert ein. Wenn ein größerer Farbbereich ersetzt werden soll, geben Sie einen höheren Wert ein.</help:help-text></text:p>
  <text:p text:style-name="Head 3"><help:help-id value="SVX_LISTBOX_RID_SVXDLG_BMPMASK_LB_1"/><help:help-id value="SVX_LISTBOX_RID_SVXDLG_BMPMASK_LB_2"/><help:help-id value="SVX_LISTBOX_RID_SVXDLG_BMPMASK_LB_3"/><help:help-id value="SVX_LISTBOX_RID_SVXDLG_BMPMASK_LB_4"/>Ersetzen durch...</text:p>
  <text:p text:style-name="Paragraph"><help:help-text value="visible">Führt die verfügbaren Ersetzungsfarben auf. Zum Bearbeiten der aktuellen Farbtabelle heben Sie die Auswahl der Grafik auf, wählen <text:span text:style-name="T1">Format - Fläche</text:span> und klicken auf das Register <text:span text:style-name="T1">Farben</text:span>.</help:help-text></text:p>
  <text:p text:style-name="Head 3"><help:help-id value="SVX_CHECKBOX_RID_SVXDLG_BMPMASK_CBX_TRANS"/>Transparenz</text:p>
  <text:p text:style-name="Paragraph"><help:help-text value="visible">Ersetzt transparente Bereiche in der aktuellen Grafik durch die angegebene Farbe.</help:help-text></text:p>
  <text:p text:style-name="Head 3"><help:help-id value="SVX_LISTBOX_RID_SVXDLG_BMPMASK_LB_TRANS"/>Transparenz</text:p>
  <text:p text:style-name="Paragraph"><help:help-text value="visible">Wählen Sie die Farbe aus, durch die transparente Bereiche in der aktuellen Grafik ersetzt werden sollen.</help:help-text></text:p>
 </office:body>
</office:document>
