

<office:document  xmlns:office="http://openoffice.org/2000/office" xmlns:style="http://openoffice.org/2000/style" xmlns:text="http://openoffice.org/2000/text" xmlns:table="http://openoffice.org/2000/table" xmlns:draw="http://openoffice.org/2000/drawing" xmlns:fo="http://www.w3.org/1999/XSL/Format" xmlns:xlink="http://www.w3.org/1999/xlink" xmlns:number="http://openoffice.org/2000/datastyle" xmlns:svg="http://www.w3.org/2000/svg" xmlns:chart="http://openoffice.org/2000/chart" xmlns:dr3d="http://openoffice.org/2000/dr3d" xmlns:math="http://www.w3.org/1998/Math/MathML" xmlns:form="http://openoffice.org/2000/form" xmlns:script="http://openoffice.org/2000/script" office:class="text" office:version="1.0" xmlns:dc="http://purl.org/dc/elements/1.1/" xmlns:meta="http://openoffice.org/2000/meta" xmlns:help="http://openoffice.org/2000/help">
<office:meta>
  <dc:description>text/common/01/06040100</dc:description>
  <dc:subject>Optionen</dc:subject>

  <dc:language>de-DE</dc:language>
  <meta:user-defined meta:name="Info 0">READY</meta:user-defined>
  <meta:user-defined meta:name="Info 1">FREE_OK</meta:user-defined>
  <meta:user-defined meta:name="Info 2"/>
  <meta:user-defined meta:name="Info 3"/>
</office:meta>
 <office:script/>
 <office:font-decls>
  <style:font-decl style:name="StarSymbol" fo:font-family="StarSymbol" style:font-charset="x-symbol"/>
  <style:font-decl style:name="Courier New" fo:font-family="&apos;Courier New&apos;" style:font-style-name="Standard" style:font-family-generic="modern" style:font-pitch="fixed"/>
  <style:font-decl style:name="Times New Roman2" fo:font-family="&apos;Times New Roman&apos;" style:font-family-generic="roman" style:font-pitch="fixed"/>
  <style:font-decl style:name="Arial Unicode MS" fo:font-family="&apos;Arial Unicode MS&apos;" style:font-pitch="variable"/>
  <style:font-decl style:name="Courier New1" fo:font-family="&apos;Courier New&apos;" style:font-pitch="variable"/>
  <style:font-decl style:name="HG Mincho Light J" fo:font-family="&apos;HG Mincho Light J&apos;" style:font-pitch="variable"/>
  <style:font-decl style:name="Times New Roman4" fo:font-family="&apos;Times New Roman&apos;" style:font-pitch="variable"/>
  <style:font-decl style:name="Thorndale" fo:font-family="Thorndale" style:font-family-generic="roman" style:font-pitch="variable"/>
  <style:font-decl style:name="Times New Roman3" fo:font-family="&apos;Times New Roman&apos;" style:font-style-name="Fett" style:font-family-generic="roman" style:font-pitch="variable"/>
  <style:font-decl style:name="Times New Roman" fo:font-family="&apos;Times New Roman&apos;" style:font-style-name="Standard" style:font-family-generic="roman" style:font-pitch="variable"/>
  <style:font-decl style:name="Times New Roman1" fo:font-family="&apos;Times New Roman&apos;" style:font-family-generic="swiss" style:font-pitch="variable"/>
 </office:font-decls>
 <office:automatic-styles>
  <style:style style:name="Tabelle3" style:family="table">
   <style:properties style:width="18cm" table:align="margins"/>
  </style:style>
  <style:style style:name="Tabelle3.A" style:family="table-column">
   <style:properties style:column-width="1.499cm" style:rel-column-width="5460*"/>
  </style:style>
  <style:style style:name="Tabelle3.B" style:family="table-column">
   <style:properties style:column-width="16.499cm" style:rel-column-width="60055*"/>
  </style:style>
  <style:style style:name="Tabelle1" style:family="table">
   <style:properties style:width="18cm" table:align="margins"/>
  </style:style>
  <style:style style:name="Tabelle1.A" style:family="table-column">
   <style:properties style:column-width="1.499cm" style:rel-column-width="5460*"/>
  </style:style>
  <style:style style:name="Tabelle1.B" style:family="table-column">
   <style:properties style:column-width="16.499cm" style:rel-column-width="60055*"/>
  </style:style>
  <style:style style:name="Tabelle2" style:family="table">
   <style:properties style:width="17.995cm" fo:margin-left="0cm" fo:margin-right="0.005cm" table:align="margins"/>
  </style:style>
  <style:style style:name="Tabelle2.A" style:family="table-column">
   <style:properties style:column-width="2.293cm" style:rel-column-width="1300*"/>
  </style:style>
  <style:style style:name="Tabelle2.B" style:family="table-column">
   <style:properties style:column-width="15.699cm" style:rel-column-width="8899*"/>
  </style:style>
  <style:style style:name="P1" style:family="paragraph" style:parent-style-name="Paragraph" style:master-page-name="HTML">
   <style:properties style:page-number="0"/>
  </style:style>
  <style:style style:name="T1" style:family="text">
   <style:properties fo:font-weight="bold"/>
  </style:style>
  <style:style style:name="fr1" style:family="graphics" style:parent-style-name="Graphics">
   <style:properties style:run-through="foreground" style:wrap="run-through" style:vertical-pos="top" style:vertical-rel="paragraph" style:horizontal-pos="left" style:horizontal-rel="paragraph" style:mirror="none" fo:clip="rect(0cm 0cm 0cm 0cm)" draw:luminance="0%" draw:contrast="0%" draw:red="0%" draw:green="0%" draw:blue="0%" draw:gamma="1" draw:color-inversion="false" draw:transparency="-100%" draw:color-mode="standard"/>
  </style:style>
 </office:automatic-styles>
 <office:body>
  <text:variable-decls>
   <text:variable-decl text:value-type="string" text:name="HTML_ON"/>
   <text:variable-decl text:value-type="string" text:name="HTML_OFF"/>
   <text:variable-decl text:value-type="string" text:name="HREF"/>
   <text:variable-decl text:value-type="string" text:name="END"/>
   <text:variable-decl text:value-type="string" text:name="TITEL"/>
   <text:variable-decl text:value-type="string" text:name="NAME"/>
   <text:variable-decl text:value-type="string" text:name="HelpID"/>
   <text:variable-decl text:value-type="string" text:name="MODIFY"/>
   <text:variable-decl text:value-type="string" text:name="REFNR"/>
   <text:variable-decl text:value-type="string" text:name="OS2"/>
   <text:variable-decl text:value-type="string" text:name="ELSE"/>
   <text:variable-decl text:value-type="string" text:name="HFELD"/>
   <text:variable-decl text:value-type="string" text:name="INDEX"/>
   <text:variable-decl text:value-type="string" text:name="MAC"/>
   <text:variable-decl text:value-type="string" text:name="WIN"/>
   <text:variable-decl text:value-type="string" text:name="KEY"/>
   <text:variable-decl text:value-type="string" text:name="AKTHLP"/>
   <text:variable-decl text:value-type="string" text:name="UNIX"/>
   <text:variable-decl text:value-type="string" text:name="STYLE"/>
  </text:variable-decls>
  <text:sequence-decls>
   <text:sequence-decl text:display-outline-level="0" text:name="Illustration"/>
   <text:sequence-decl text:display-outline-level="0" text:name="Table"/>
   <text:sequence-decl text:display-outline-level="0" text:name="Text"/>
   <text:sequence-decl text:display-outline-level="0" text:name="Drawing"/>
  </text:sequence-decls>
  <help:to-be-embedded Eid="optionen">
  <text:p text:style-name="Head 1"><help:help-id value="HID_OFAPAGE_AUTOCORR_CLB"/><help:help-id value="HID_OFAPAGE_AUTOCORR_OPTIONS"/><help:help-id value="HID_OFAPAGE_AUTOFMT_OPTIONS"/><help:help-id value="HID_OFAPAGE_AUTOFORMAT_CLB"/><help:key-word value="AutoKorrektur; Optionen" tag="kw65826_1"/><help:link Id="65826">Optionen</help:link></text:p>
  <text:p text:style-name="Paragraph"><help:help-text value="visible">Wählen Sie Optionen für die automatische Fehlerkorrektur während der Eingabe aus, und klicken Sie auf <text:span text:style-name="T1">OK</text:span>.</help:help-text></text:p>
  </help:to-be-embedded>
  <help:popup Id="65589" Eid="autokooptionen"><help:embedded Id="65598" Eid="wie"></help:embedded></help:popup>
  <text:p text:style-name="Paragraph"><help:switch select="Program"><help:case select="WRITER">In Textdokumenten können Sie mit <text:span text:style-name="T1">Format - AutoFormat - Anwenden</text:span> wählen, ob die AutoKorrektur während der Eingabe [E] oder nur bei der Nachbearbeitung [N] eines bereits vorhandenen Texts angewendet wird.</help:case></help:switch></text:p>
  <text:p text:style-name="Head 3"><help:key-word value="Ersetzungstabelle; AutoKorrektur" tag="kw65826_51"/><help:key-word value="AutoKorrektur; Ersetzungstabelle" tag="kw65826_50"/><help:key-word value="Wortersetzung; automatisch" tag="kw65826_49"/><help:key-word value="Wörter; automatisch ersetzen" tag="kw65826_48"/><help:key-word value="Wörter; Kürzel ersetzen" tag="kw65826_47"/><help:key-word value="Kürzel; automatisch ersetzen" tag="kw65826_46"/>Ersetzungstabelle anwenden</text:p>
  <text:p text:style-name="Paragraph">Wenn Sie eine Buchstabenkombination eingeben, die mit einem der Kürzel in der <help:link Id="65876">Ersetzungstabelle</help:link> übereinstimmt, wird sie bei Betätigung von F3 durch den im Dialog <text:span text:style-name="T1">AutoFormat</text:span> angegebenen Text ersetzt.</text:p>
  <text:p text:style-name="Head 3"><help:key-word value="Großbuchstabe; AutoKorrektur" tag="kw65826_45"/><help:key-word value="AutoKorrektur; Großbuchstabe" tag="kw65826_44"/>ZWei Großbuchstaben am WOrtanfang korrigieren</text:p>
  <text:p text:style-name="Paragraph">Bei Eingabe von zwei Großbuchstaben am &quot;WOrtanfang&quot; wird der zweite Großbuchstabe automatisch durch einen Kleinbuchstaben ersetzt.</text:p>
  <text:p text:style-name="Head 3">Jeden Satz mit einem Großbuchstaben beginnen</text:p>
  <text:p text:style-name="Paragraph">Der erste Buchstabe eines jeden Satzes wird großgeschrieben.</text:p>
  <text:p text:style-name="Head 3"><help:key-word value="Fett; AutoFormat" tag="kw65826_43"/><help:key-word value="Unterstreichen; AutoFormat" tag="kw65826_42"/>Automatisch *fett* und _unterstrichen_</text:p>
  <text:p text:style-name="Paragraph">Von Sternchen (*) umschlossener Text wird automatisch fett und von Unterstrichen (_) umschlossener Text automatisch unterstrichen angezeigt, z. B. *fett*. Nach Anwendung der Formatierung sind die Sternchen und Unterstriche nicht mehr sichtbar.</text:p>
  <table:table table:name="Tabelle3" table:style-name="Tabelle3">
   <table:table-column table:style-name="Tabelle3.A"/>
   <table:table-column table:style-name="Tabelle3.B"/>
   <table:table-header-rows>
    <table:table-row>
     <table:table-cell table:value-type="string">
      <text:p text:style-name="Paragraph"><draw:image draw:name="Symbol0" svg:desc="Symbol für Hinweise" svg:pixelx="32" svg:pixely="32" svg:width="0.847cm" svg:height="0.847cm" xlink:href="65980" draw:filter-name=""/></text:p>

     </table:table-cell>
     <table:table-cell table:value-type="string">
      <text:p text:style-name="Paragraph">Dies funktioniert jedoch nicht, wenn Sie die Formatierungszeichen * oder _ mit einem <help:popup Id="65619" Eid="ime">Eingabemethoden-Editor</help:popup> eingeben.</text:p>
     </table:table-cell>
    </table:table-row>
   </table:table-header-rows>
  </table:table>
  <text:p text:style-name="Head 3"><help:key-word value="URL; AutoKorrektur" tag="kw65826_41"/><help:key-word value="AutoKorrektur; URL" tag="kw65826_40"/><help:key-word value="Hyperlink; automatisch erkennen" tag="kw65826_39"/><help:key-word value="Link; automatisch erkennen" tag="kw65826_38"/>URL erkennen</text:p>
  <text:p text:style-name="Paragraph">Bei Eingabe eines <help:popup Id="65629" Eid="url">URL</help:popup> wird automatisch ein Hyperlink erzeugt.</text:p>
  <text:p text:style-name="Head 3"><help:key-word value="1/2; AutoKorrektur" tag="kw65826_37"/><help:key-word value="AutoKorrektur; 1/2" tag="kw65826_36"/>1/2 ... durch ½ ...ersetzen</text:p>
  <text:p text:style-name="Paragraph">Die Eingaben 1/2, 1/4 und 3/4 werden durch die entsprechenden Brüche ersetzt.</text:p>
  <text:p text:style-name="Head 3">1st ... gegen 1^st ... ersetzen</text:p>
  <text:p text:style-name="Paragraph">Die Buchstaben in englischen Ordnungszahlen wie 1st, 2nd oder 3rd werden hochgestellt.</text:p>
  <text:p text:style-name="Head 3"><help:switch select="System"><help:case select ="UNIX"></help:case><help:default><help:key-word value="Gedankenstrich; AutoKorrektur" tag="kw65826_35"/><help:key-word value="AutoKorrektur; Gedankenstrich" tag="kw65826_34"/>Gedankenstriche ersetzen</help:default></help:switch></text:p>
  <text:p text:style-name="Paragraph"><help:switch select="System"><help:case select ="UNIX"></help:case><help:default>Markieren Sie dieses Feld, wenn Sie aus Minuszeichen Gedankenstriche machen wollen.</help:default></help:switch></text:p>
  <text:p text:style-name="Head 3"><help:switch select="Program"><help:case select="WRITER">Lösche Leerzeichen und Tabulatoren am Absatzanfang und -ende</help:case></help:switch></text:p>
  <text:p text:style-name="Paragraph"><help:switch select="Program"><help:case select="WRITER">Leerzeichen und Tabulatoren am Absatzanfang werden entfernt. In Verbindung mit dieser Option muss auch die Option <text:span text:style-name="T1">Vorlagen anwenden</text:span> aktiviert sein.</help:case></help:switch></text:p>
  <text:p text:style-name="Head 3"><help:switch select="Program"><help:case select="WRITER">Lösche Leerzeichen und Tabulatoren zwischen Zeilenende und -anfang</help:case></help:switch></text:p>
  <text:p text:style-name="Paragraph"><help:switch select="Program"><help:case select="WRITER">Leerzeichen und Tabulatoren am Zeilenanfang werden entfernt. In Verbindung mit dieser Option muss auch die Option <text:span text:style-name="T1">Vorlagen anwenden</text:span> aktiviert sein.</help:case></help:switch></text:p>
  <text:p text:style-name="Head 3"><help:key-word value="Leerzeichen; doppelte ignorieren" tag="kw65826_33"/><help:key-word value="AutoKorrektur; Leerzeichen" tag="kw65826_32"/>Doppelte Leerzeichen ignorieren</text:p>
  <text:p text:style-name="Paragraph">Zwei oder mehr aufeinander folgende Leerzeichen werden durch ein einzelnes Leerzeichen ersetzt.</text:p>
  <text:p text:style-name="Head 3"><help:switch select="Program"><help:case select="WRITER"><help:key-word value="Automatische Nummerierung; AutoKorrektur" tag="kw65826_31"/><help:key-word value="Nummerierung; automatische" tag="kw65826_30"/><help:key-word value="Aufzählungszeichen; automatische" tag="kw65826_29"/><help:key-word value="Automatische Aufzählungszeichen" tag="kw65826_28"/><help:key-word value="AutoKorrektur; Nummerierung" tag="kw65826_27"/><help:key-word value="Absätze; automatische Nummerierung" tag="kw65826_26"/><help:key-word value="Nummerierung; automatische für Absätze" tag="kw65826_25"/>Nummerierung anwenden</help:case></help:switch></text:p>
  <text:p text:style-name="Paragraph"><help:switch select="Program"><help:case select="WRITER">Bei Betätigung der Eingabetaste am Ende einer Textzeile, die mit einer Zahl, gefolgt von einem Punkt und einem Leerzeichen beginnt, wird automatisch eine nummerierte Liste erstellt. Wenn Sie eine Zeile mit einem Bindestrich (-), Pluszeichen (+) oder Sternchen (*) einleiten, dann ein Leerzeichen setzen und schließlich Text eingeben, dann wird durch Drücken der Eingabetaste eine Aufzählungsliste erstellt.</help:case></help:switch></text:p>
  <text:p text:style-name="Paragraph"><help:switch select="Program"><help:case select="WRITER">Um die automatische Nummerierung bei Betätigung der Eingabetaste am Ende einer mit einem Nummerierungszeichen beginnenden Zeile rückgängig zu machen, drücken Sie die Eingabetaste erneut.</help:case></help:switch></text:p>
  <help:switch select="Program"><help:case select="WRITER">
  <table:table table:name="Tabelle1" table:style-name="Tabelle1">
   <table:table-column table:style-name="Tabelle1.A"/>
   <table:table-column table:style-name="Tabelle1.B"/>
   <table:table-header-rows>
    <table:table-row>
     <table:table-cell table:value-type="string">
      <text:p text:style-name="Paragraph"><draw:image draw:name="Symbol1" svg:desc="Symbol für Tipps" svg:pixelx="32" svg:pixely="32" svg:width="0.847cm" svg:height="0.847cm" xlink:href="66732" draw:filter-name=""/></text:p>

     </table:table-cell>
     <table:table-cell table:value-type="string">
      <text:p text:style-name="Paragraph">Die automatischen Nummerierungsoptionen werden nur auf Absätze im Format einer der Absatzvorlagen &quot;Standard&quot;, &quot;Textkörper&quot; oder &quot;Textkörper Einrückung&quot; angewendet.</text:p>
     </table:table-cell>
    </table:table-row>
   </table:table-header-rows>
  </table:table>
  </help:case></help:switch>
  <text:p text:style-name="Head 3"><help:switch select="Program"><help:case select="WRITER"><help:key-word value="Umrandungen; mit AutoKorrektur anwenden" tag="kw65826_24"/><help:key-word value="AutoKorrektur; Umrandung anwenden" tag="kw65826_23"/>Umrandung anwenden</help:case></help:switch></text:p>
  <text:p text:style-name="Paragraph"><help:switch select="Program"><help:case select="WRITER">Wenn Sie drei oder mehr spezifische Zeichen eingeben und dann die Eingabetaste drücken, wird automatisch eine Umrandungslinie unter den vorherigen Absatz gezogen. Wünschen Sie eine einfache Linie, dann geben Sie mindestens drei Bindestriche (-) oder Unterstriche (_) ein und drücken anschließend die Eingabetaste. Für Doppellinien geben Sie mindestens drei Gleichheitszeichen (=), Sternchen (*), Tilden (~) oder Rauten (#) ein und drücken dann die Eingabetaste. </help:case></help:switch> Die folgende Tabelle bietet einen Überblick über die Auswirkungen der verschiedenen Zeichen auf die Linienstärke:</text:p>
  <help:switch select="Program"><help:case select="WRITER">
  <table:table table:name="Tabelle2" table:style-name="Tabelle2">
   <table:table-column table:style-name="Tabelle2.A"/>
   <table:table-column table:style-name="Tabelle2.B"/>
   <table:table-header-rows>
    <table:table-row>
     <table:table-cell table:value-type="string">
      <text:p text:style-name="Paragraph">---</text:p>
     </table:table-cell>
     <table:table-cell table:value-type="string">
      <text:p text:style-name="Paragraph">0,5pt Einzelstrich unten</text:p>
     </table:table-cell>
    </table:table-row>
   </table:table-header-rows>
   <table:table-row>
    <table:table-cell table:value-type="string">
     <text:p text:style-name="Paragraph">___</text:p>
    </table:table-cell>
    <table:table-cell table:value-type="string">
     <text:p text:style-name="Paragraph">1,0pt Einzelstrich unten</text:p>
    </table:table-cell>
   </table:table-row>
   <table:table-row>
    <table:table-cell table:value-type="string">
     <text:p text:style-name="Paragraph">===</text:p>
    </table:table-cell>
    <table:table-cell table:value-type="string">
     <text:p text:style-name="Paragraph">1,1pt Doppelstrich unten</text:p>
    </table:table-cell>
   </table:table-row>
   <table:table-row>
    <table:table-cell table:value-type="string">
     <text:p text:style-name="Paragraph">***</text:p>
    </table:table-cell>
    <table:table-cell table:value-type="string">
     <text:p text:style-name="Paragraph">4,5pt Doppelstrich unten</text:p>
    </table:table-cell>
   </table:table-row>
   <table:table-row>
    <table:table-cell table:value-type="string">
     <text:p text:style-name="Paragraph">~~~</text:p>
    </table:table-cell>
    <table:table-cell table:value-type="string">
     <text:p text:style-name="Paragraph">6,0pt Doppelstrich unten</text:p>
    </table:table-cell>
   </table:table-row>
   <table:table-row>
    <table:table-cell table:value-type="string">
     <text:p text:style-name="Paragraph">###</text:p>
    </table:table-cell>
    <table:table-cell table:value-type="string">
     <text:p text:style-name="Paragraph">9,0pt Doppelstrich unten</text:p>
    </table:table-cell>
   </table:table-row>
  </table:table>
  </help:case></help:switch>
  <text:p text:style-name="Head 3"><help:switch select="Program"><help:case select="WRITER"><help:key-word value="Tabelle; automatisch erzeugen" tag="kw65826_22"/><help:key-word value="Tabelle; zeichnen" tag="kw65826_21"/><help:key-word value="AutoKorrektur; Tabelle erzeugen" tag="kw65826_20"/>Tabelle erzeugen</help:case></help:switch></text:p>
  <text:p text:style-name="Paragraph"><help:switch select="Program"><help:case select="WRITER">Wenn Sie nach der Eingabe mehrerer durch Pluszeichen getrennter Bindestriche (-) oder Tabulatoren (also z. B. +-----+-----+) die Eingabetaste drücken, wird eine Tabelle erstellt. Die Pluszeichen stehen für Spaltentrenner, und die Bindestriche oder Tabulatoren bestimmen die Breite der Spalte.</help:case></help:switch></text:p>
  <text:p text:style-name="PropText"><help:switch select="Program"><help:case select="WRITER">+-----------------+---------------+------+</help:case></help:switch></text:p>
  <a name="end"/>
  <text:p text:style-name="Head 3"><help:switch select="Program"><help:case select="WRITER"><help:key-word value="Überschrift; automatisch formatieren" tag="kw65826_19"/><help:key-word value="Vorlage; automatisch anwenden" tag="kw65826_18"/><help:key-word value="AutoKorrektur; Vorlage anwenden" tag="kw65826_17"/>Vorlagen anwenden</help:case></help:switch></text:p>
  <text:p text:style-name="Paragraph"><help:switch select="Program"><help:case select="WRITER">Die Absatzvorlage &quot;Standard&quot; wird automatisch durch die Absatzvorlagen &quot;Überschrift 1&quot; bis &quot;Überschrift 8&quot; ersetzt. Wenn Sie die Absatzvorlage &quot;Überschrift 1&quot; anwenden möchten, geben Sie den Text der Überschrift ein (ohne Punkt) und drücken dann zweimal die Eingabetaste. Für untergeordnete Überschriften drücken Sie einmal oder mehrmals die Tabulatortaste, geben den Text ein (ohne Punkt) und drücken dann die Eingabetaste.</help:case></help:switch></text:p>
  <text:p text:style-name="Head 3"><help:switch select="Program"><help:case select="WRITER"><help:key-word value="AutoKorrektur; leere Absätze entfernen" tag="kw65826_16"/><help:key-word value="Leere Absätze entfernen; AutoKorrektur" tag="kw65826_15"/><help:key-word value="Absatz; leeren Absatz automatisch entfernen" tag="kw65826_14"/>Leere Absätze entfernen</help:case></help:switch></text:p>
  <text:p text:style-name="Paragraph"><help:switch select="Program"><help:case select="WRITER">Wenn Sie den Befehl <text:span text:style-name="T1">Format - AutoFormat - Anwenden</text:span> wählen, werden leere Absätze aus dem aktuellen Dokument entfernt.</help:case></help:switch></text:p>
  <text:p text:style-name="Head 3"><help:switch select="Program"><help:case select="WRITER"><help:key-word value="AutoKorrektur; Benutzervorlagen ersetzen" tag="kw65826_13"/><help:key-word value="Benutzervorlage; automatisch ersetzen" tag="kw65826_12"/><help:key-word value="Vorlage; automatisch ersetzen" tag="kw65826_11"/>Benutzervorlagen ersetzen</help:case></help:switch></text:p>
  <text:p text:style-name="Paragraph"><help:switch select="Program"><help:case select="WRITER">Etwaige benutzerdefinierte Absatzvorlagen im aktuellen Dokument werden durch eine der Absatzvorlagen &quot;Standard&quot;, &quot;Textkörper&quot; oder &quot;Textkörper Einrückung&quot; ersetzt.</help:case></help:switch></text:p>
  <text:p text:style-name="Head 3"><help:switch select="Program"><help:case select="WRITER"><help:key-word value="Aufzählungszeichen; ersetzen" tag="kw65826_10"/><help:key-word value="Bullet; ersetzen" tag="kw65826_9"/><help:key-word value="AutoKorrektur; Bullet" tag="kw65826_8"/>Bulletzeichen ersetzen durch</help:case></help:switch></text:p>
  <text:p text:style-name="Paragraph"><help:switch select="Program"><help:case select="WRITER">Absätze, die mit einem Bindestrich (-), Pluszeichen (+) oder Sternchen (*), gefolgt von einem Leerzeichen oder Tabulator beginnen, werden in Aufzählungslisten konvertiert. Diese Option ist nur auf Absätze im Format einer der Absatzvorlagen &quot;Standard&quot;, Textkörper&quot; oder &quot;Textkörper Einrückung&quot; anwendbar. Sie können ein anderes Aufzählungszeichen für die Funktion vorgeben, indem Sie diese Option auswählen und auf <text:span text:style-name="T1">Bearbeiten</text:span> klicken.</help:case></help:switch></text:p>
  <text:p text:style-name="Head 3"><help:switch select="Program"><help:case select="WRITER"><help:key-word value="Anführungszeichen; ersetzen" tag="kw65826_7"/><help:key-word value="Typografische Anführungszeichen; in %PRODUCTNAME Writer" tag="kw65826_6"/><help:key-word value="AutoKorrektur; Anführungszeichen" tag="kw65826_5"/>Gerade Anführungszeichen durch typografische ersetzen</help:case></help:switch></text:p>
  <text:p text:style-name="Paragraph"><help:switch select="Program"><help:case select="WRITER">Die Anführungszeichen im Text werden durch die im Register <help:link Id="65715">Typografische Anführungszeichen</help:link> dieses Dialogs ausgewählten Zeichen ersetzt.</help:case></help:switch></text:p>
  <text:p text:style-name="Head 3"><help:switch select="Program"><help:case select="WRITER"><help:key-word value="Absatz; zusammenfassen" tag="kw65826_4"/><help:key-word value="zusammenfassen; Absätze" tag="kw65826_3"/><help:key-word value="AutoKorrektur; Absätze zusammenfassen" tag="kw65826_2"/>Zusammenfassen von einzeiligen Absätzen ab ... Zeilenfüllung</help:case></help:switch></text:p>
  <text:p text:style-name="Paragraph"><help:switch select="Program"><help:case select="WRITER">Mehrere aus nur einer Zeile bestehende Absätze hintereinander werden zu einem Absatz zusammengefasst. Diese Option ist nur auf Absätze im Format der Absatzvorlage &quot;Standard&quot; anwendbar. <text:s/>Ein Absatz, dessen Länge den hier angegebenen Wert überschreitet, wird mit dem nächsten Absatz verbunden. Wenn Sie den eingestellten Wert ändern möchten, wählen Sie die Option aus und klicken dann auf <text:span text:style-name="T1">Bearbeiten</text:span>. </help:case></help:switch></text:p>
  <text:p text:style-name="Head 2"><help:help-id value="OFFMGR_PUSHBUTTON_RID_OFAPAGE_AUTOFMT_APPLY_PB_EDIT"/><help:switch select="Program"><help:case select="WRITER">Bearbeiten...</help:case></help:switch></text:p>
  <text:p text:style-name="Paragraph"><help:switch select="Program"><help:case select="WRITER"><help:help-text value="visible">Dient zum Bearbeiten der ausgewählten AutoKorrektur-Option.</help:help-text></help:case></help:switch></text:p>
 </office:body>
</office:document>
