

<office:document  xmlns:office="http://openoffice.org/2000/office" xmlns:style="http://openoffice.org/2000/style" xmlns:text="http://openoffice.org/2000/text" xmlns:table="http://openoffice.org/2000/table" xmlns:draw="http://openoffice.org/2000/drawing" xmlns:fo="http://www.w3.org/1999/XSL/Format" xmlns:xlink="http://www.w3.org/1999/xlink" xmlns:number="http://openoffice.org/2000/datastyle" xmlns:svg="http://www.w3.org/2000/svg" xmlns:chart="http://openoffice.org/2000/chart" xmlns:dr3d="http://openoffice.org/2000/dr3d" xmlns:math="http://www.w3.org/1998/Math/MathML" xmlns:form="http://openoffice.org/2000/form" xmlns:script="http://openoffice.org/2000/script" office:class="text" office:version="1.0" xmlns:dc="http://purl.org/dc/elements/1.1/" xmlns:meta="http://openoffice.org/2000/meta" xmlns:help="http://openoffice.org/2000/help">
<office:meta>
  <dc:description>text/common/01/06050500</dc:description>
  <dc:subject>Optionen</dc:subject>

  <dc:language>de-DE</dc:language>
  <meta:user-defined meta:name="Info 0">READY</meta:user-defined>
  <meta:user-defined meta:name="Info 1">FREE_OK</meta:user-defined>
  <meta:user-defined meta:name="Info 2"/>
  <meta:user-defined meta:name="Info 3"/>
</office:meta>
 <office:script/>
 <office:font-decls>
  <style:font-decl style:name="StarSymbol" fo:font-family="StarSymbol" style:font-charset="x-symbol"/>
  <style:font-decl style:name="Courier New" fo:font-family="&apos;Courier New&apos;" style:font-style-name="Standard" style:font-family-generic="modern" style:font-pitch="fixed"/>
  <style:font-decl style:name="Courier" fo:font-family="Courier" style:font-family-generic="roman" style:font-pitch="fixed"/>
  <style:font-decl style:name="Arial Unicode MS" fo:font-family="&apos;Arial Unicode MS&apos;" style:font-pitch="variable"/>
  <style:font-decl style:name="HG Mincho Light J" fo:font-family="&apos;HG Mincho Light J&apos;" style:font-pitch="variable"/>
  <style:font-decl style:name="Times New Roman3" fo:font-family="&apos;Times New Roman&apos;" style:font-pitch="variable"/>
  <style:font-decl style:name="Thorndale" fo:font-family="Thorndale" style:font-family-generic="roman" style:font-pitch="variable"/>
  <style:font-decl style:name="Times New Roman2" fo:font-family="&apos;Times New Roman&apos;" style:font-style-name="Fett" style:font-family-generic="roman" style:font-pitch="variable"/>
  <style:font-decl style:name="Times New Roman" fo:font-family="&apos;Times New Roman&apos;" style:font-style-name="Standard" style:font-family-generic="roman" style:font-pitch="variable"/>
  <style:font-decl style:name="Times New Roman1" fo:font-family="&apos;Times New Roman&apos;" style:font-family-generic="swiss" style:font-pitch="variable"/>
 </office:font-decls>
 <office:automatic-styles>
  <style:style style:name="Tabelle2" style:family="table">
   <style:properties style:width="17.995cm" fo:margin-left="0cm" fo:margin-right="0.005cm" table:align="margins"/>
  </style:style>
  <style:style style:name="Tabelle2.A" style:family="table-column">
   <style:properties style:column-width="4.209cm" style:rel-column-width="2386*"/>
  </style:style>
  <style:style style:name="Tabelle2.B" style:family="table-column">
   <style:properties style:column-width="13.785cm" style:rel-column-width="7815*"/>
  </style:style>
  <style:style style:name="Tabelle2.A1" style:family="table-cell">
   <style:properties fo:padding="0.049cm" fo:border-left="0.002cm solid #000000" fo:border-right="none" fo:border-top="0.002cm solid #000000" fo:border-bottom="0.002cm solid #000000"/>
  </style:style>
  <style:style style:name="Tabelle2.B1" style:family="table-cell">
   <style:properties fo:padding="0.049cm" fo:border="0.002cm solid #000000"/>
  </style:style>
  <style:style style:name="Tabelle2.A2" style:family="table-cell">
   <style:properties fo:padding="0.049cm" fo:border-left="0.002cm solid #000000" fo:border-right="none" fo:border-top="none" fo:border-bottom="0.002cm solid #000000"/>
  </style:style>
  <style:style style:name="Tabelle2.B2" style:family="table-cell">
   <style:properties fo:padding="0.049cm" fo:border-left="0.002cm solid #000000" fo:border-right="0.002cm solid #000000" fo:border-top="none" fo:border-bottom="0.002cm solid #000000"/>
  </style:style>
  <style:style style:name="P1" style:family="paragraph" style:parent-style-name="Paragraph" style:master-page-name="HTML">
   <style:properties style:page-number="0"/>
  </style:style>
  <style:style style:name="T1" style:family="text">
   <style:properties fo:font-weight="bold"/>
  </style:style>
 </office:automatic-styles>
 <office:body>
  <text:variable-decls>
   <text:variable-decl text:value-type="string" text:name="HTML_ON"/>
   <text:variable-decl text:value-type="string" text:name="HTML_OFF"/>
   <text:variable-decl text:value-type="string" text:name="TITEL"/>
   <text:variable-decl text:value-type="string" text:name="END"/>
   <text:variable-decl text:value-type="string" text:name="HREF"/>
   <text:variable-decl text:value-type="string" text:name="OS2"/>
   <text:variable-decl text:value-type="string" text:name="ELSE"/>
   <text:variable-decl text:value-type="string" text:name="MAC"/>
   <text:variable-decl text:value-type="string" text:name="NAME"/>
   <text:variable-decl text:value-type="string" text:name="HelpID"/>
   <text:variable-decl text:value-type="string" text:name="MODIFY"/>
   <text:variable-decl text:value-type="string" text:name="REFNR"/>
   <text:variable-decl text:value-type="string" text:name="KEY"/>
   <text:variable-decl text:value-type="string" text:name="AKTHLP"/>
   <text:variable-decl text:value-type="string" text:name="HFELD"/>
   <text:variable-decl text:value-type="string" text:name="WIN"/>
   <text:variable-decl text:value-type="string" text:name="INDEX"/>
   <text:variable-decl text:value-type="string" text:name="STYLE"/>
  </text:variable-decls>
  <text:sequence-decls>
   <text:sequence-decl text:display-outline-level="0" text:name="Illustration"/>
   <text:sequence-decl text:display-outline-level="0" text:name="Table"/>
   <text:sequence-decl text:display-outline-level="0" text:name="Text"/>
   <text:sequence-decl text:display-outline-level="0" text:name="Drawing"/>
  </text:sequence-decls>
  <help:to-be-embedded Eid="optionen">
  <text:p text:style-name="Head 1"><help:key-word value="Nummerierung; Optionen" tag="kw65716_1"/><help:key-word value="Aufzählung; Optionen" tag="kw65716_3"/><help:link Id="65716">Optionen</help:link></text:p>
  <text:p text:style-name="Paragraph">Hier legen Sie die Formatierungsoptionen für Nummerierungen oder Aufzählungen fest. Wenn Sie möchten, können Sie den einzelnen Ebenen in der Listenhierarchie unterschiedliche Formatierungen zuweisen.</text:p>
  </help:to-be-embedded>
  <help:popup Id="65599" Eid="numoptionen"><help:embedded Id="65598" Eid="wie"></help:embedded></help:popup>
  <text:p text:style-name="Head 2">Format</text:p>
  <text:p text:style-name="Paragraph">Wählen Sie die zu bearbeitenden Ebenen aus, und geben Sie dann die gewünschte Formatierung an.</text:p>
  <text:p text:style-name="Head 2"><help:help-id value="SVX_MULTILISTBOX_RID_SVXPAGE_NUM_OPTIONS_LB_LEVEL"/>Ebene</text:p>
  <text:p text:style-name="Paragraph"><help:help-text value="visible">Wählen Sie die Ebenen aus, für die Sie Formatierungsoptionen festlegen möchten.</help:help-text> Die ausgewählte Ebene ist in dieser Vorschau hervorgehoben.</text:p>
  <text:p text:style-name="Head 3"><help:help-id value="SVX_LISTBOX_RID_SVXPAGE_NUM_OPTIONS_LB_FMT"/>Numerierung</text:p>
  <text:p text:style-name="Paragraph"><help:help-text value="visible">Geben Sie die gewünschte Nummerierungsart für die ausgewählten Ebenen an.</help:help-text></text:p>
  <table:table table:name="Tabelle2" table:style-name="Tabelle2">
   <table:table-column table:style-name="Tabelle2.A"/>
   <table:table-column table:style-name="Tabelle2.B"/>
   <table:table-header-rows>
    <table:table-row>
     <table:table-cell table:style-name="Tabelle2.A1" table:value-type="string">
      <text:p text:style-name="TableHead">Auswahl</text:p>
     </table:table-cell>
     <table:table-cell table:style-name="Tabelle2.B1" table:value-type="string">
      <text:p text:style-name="TableHead">Funktion</text:p>
     </table:table-cell>
    </table:table-row>
   </table:table-header-rows>
   <table:table-row>
    <table:table-cell table:style-name="Tabelle2.A2" table:value-type="string">
     <text:p text:style-name="TextInTable">1, 2, 3, ...</text:p>
    </table:table-cell>
    <table:table-cell table:style-name="Tabelle2.B2" table:value-type="string">
     <text:p text:style-name="TextInTable">Arabische Ziffern</text:p>
    </table:table-cell>
   </table:table-row>
   <table:table-row>
    <table:table-cell table:style-name="Tabelle2.A2" table:value-type="string">
     <text:p text:style-name="TextInTable">A, B, C, ...</text:p>
    </table:table-cell>
    <table:table-cell table:style-name="Tabelle2.B2" table:value-type="string">
     <text:p text:style-name="TextInTable">Großbuchstaben</text:p>
    </table:table-cell>
   </table:table-row>
   <table:table-row>
    <table:table-cell table:style-name="Tabelle2.A2" table:value-type="string">
     <text:p text:style-name="TextInTable">a, b, c, ...</text:p>
    </table:table-cell>
    <table:table-cell table:style-name="Tabelle2.B2" table:value-type="string">
     <text:p text:style-name="TextInTable">Kleinbuchstaben</text:p>
    </table:table-cell>
   </table:table-row>
   <table:table-row>
    <table:table-cell table:style-name="Tabelle2.A2" table:value-type="string">
     <text:p text:style-name="TextInTable">I, II, III, ...</text:p>
    </table:table-cell>
    <table:table-cell table:style-name="Tabelle2.B2" table:value-type="string">
     <text:p text:style-name="TextInTable">Große römische Ziffern</text:p>
    </table:table-cell>
   </table:table-row>
   <table:table-row>
    <table:table-cell table:style-name="Tabelle2.A2" table:value-type="string">
     <text:p text:style-name="TextInTable">i, ii, iii, ...</text:p>
    </table:table-cell>
    <table:table-cell table:style-name="Tabelle2.B2" table:value-type="string">
     <text:p text:style-name="TextInTable">Kleine römische Ziffern</text:p>
    </table:table-cell>
   </table:table-row>
   <table:table-row>
    <table:table-cell table:style-name="Tabelle2.A2" table:value-type="string">
     <text:p text:style-name="TextInTable">A,... AA,... AAA,...</text:p>
    </table:table-cell>
    <table:table-cell table:style-name="Tabelle2.B2" table:value-type="string">
     <text:p text:style-name="TextInTable">Alphabetische Nummerierung mit Großbuchstaben</text:p>
    </table:table-cell>
   </table:table-row>
   <table:table-row>
    <table:table-cell table:style-name="Tabelle2.A2" table:value-type="string">
     <text:p text:style-name="TextInTable">a,... aa,... aaa,...</text:p>
    </table:table-cell>
    <table:table-cell table:style-name="Tabelle2.B2" table:value-type="string">
     <text:p text:style-name="TextInTable">Alphabetische Nummerierung mit Kleinbuchstaben</text:p>
    </table:table-cell>
   </table:table-row>
   <table:table-row>
    <table:table-cell table:style-name="Tabelle2.A2" table:value-type="string">
     <text:p text:style-name="TextInTable">Bullet</text:p>
    </table:table-cell>
    <table:table-cell table:style-name="Tabelle2.B2" table:value-type="string">
     <text:p text:style-name="TextInTable">Fügt am Zeilenanfang ein Aufzählungszeichen ein. Wählen Sie diese Option aus, und klicken Sie auf die Schaltfläche <text:span text:style-name="T1">Zeichen</text:span>, um einen Stil für das Aufzählungszeichen auszusuchen.</text:p>
     <text:p text:style-name="TextInTable"><help:switch select="Program"><help:case select="WRITER">Aufzählungszeichen werden an die aktuelle Zeilenhöhe angepasst. Sie haben die Möglichkeit, den Aufzählungszeichen durch Auswahl einer Zeichenvorlage eine andere Schriftgröße zu verleihen.<help:key-word value="Schriftgröße; Aufzählungszeichen" tag="kw65716_2"/></help:case></help:switch></text:p>
    </table:table-cell>
   </table:table-row>
   <table:table-row>
    <table:table-cell table:style-name="Tabelle2.A2" table:value-type="string">
     <text:p text:style-name="TextInTable">Grafik</text:p>
    </table:table-cell>
    <table:table-cell table:style-name="Tabelle2.B2" table:value-type="string">
     <text:p text:style-name="TextInTable">Zeigt eine Grafik als Aufzählungszeichen an. Wählen Sie zunächst diese Option aus, und klicken Sie dann auf <text:span text:style-name="T1">Auswahl</text:span>, um die gewünschte Bilddatei auszusuchen.</text:p>
    </table:table-cell>
   </table:table-row>
   <table:table-row>
    <table:table-cell table:style-name="Tabelle2.A2" table:value-type="string">
     <text:p text:style-name="Paragraph">Grafik verknüpft</text:p>
    </table:table-cell>
    <table:table-cell table:style-name="Tabelle2.B2" table:value-type="string">
     <text:p text:style-name="Paragraph">Die Grafik wird mit der aktuellen Datei verknüpft. Heben Sie die Auswahl dieses Markierfelds auf, wenn die Grafik in die aktuellen Datei eingebettet werden soll.</text:p>
    </table:table-cell>
   </table:table-row>
   <table:table-row>
    <table:table-cell table:style-name="Tabelle2.A2" table:value-type="string">
     <text:p text:style-name="Paragraph">Keine</text:p>
    </table:table-cell>
    <table:table-cell table:style-name="Tabelle2.B2" table:value-type="string">
     <text:p text:style-name="Paragraph">Es wird kein Nummerierungsstil angewendet.</text:p>
    </table:table-cell>
   </table:table-row>
  </table:table>
  <text:p text:style-name="Paragraph">Die Verfügbarkeit der folgenden Felder hängt von dem Stil ab, den Sie im Feld <text:span text:style-name="T1">Nummerierung</text:span> auswählen.</text:p>
  <text:p text:style-name="Head 3"><help:help-id value="SVX_EDIT_RID_SVXPAGE_NUM_OPTIONS_ED_PREFIX"/>Davor</text:p>
  <text:p text:style-name="Paragraph"><help:help-text value="visible">Geben Sie ein Zeichen oder einen Text ein, das bzw. der vor den Nummern in der Liste angezeigt werden soll.</help:help-text></text:p>
  <text:p text:style-name="Head 3"><help:help-id value="SVX_EDIT_RID_SVXPAGE_NUM_OPTIONS_ED_SUFFIX"/>Dahinter</text:p>
  <text:p text:style-name="Paragraph"><help:help-text value="visible">Geben Sie ein Zeichen oder einen Text ein, das bzw. der hinter den Nummern in der Liste angezeigt werden soll. Wenn Sie eine Nummerierungsliste im Format &quot;1.)&quot; wünschen, geben Sie in dieses Feld &quot;.)&quot; ein.</help:help-text></text:p>
  <text:p text:style-name="Head 3"><help:help-id value="SVX_LISTBOX_RID_SVXPAGE_NUM_OPTIONS_LB_CHARFMT"/><help:switch select="Program"><help:case select="WRITER">Zeichenvorlage</help:case></help:switch></text:p>
  <text:p text:style-name="Paragraph"><help:switch select="Program"><help:case select="WRITER"><help:help-text value="visible">Geben Sie die Zeichenvorlage für die Nummerierungsliste an.</help:help-text> Zum Erstellen oder Bearbeiten einer <help:link Id="67756">Zeichenvorlage</help:link> öffnen Sie den <text:span text:style-name="T1">Stylisten</text:span>, klicken auf das Zeichensymbol, klicken mit der rechten Maustaste auf eine der Formatvorlagen und wählen dann<text:span text:style-name="T1"> Neu</text:span>.</help:case></help:switch></text:p>
  <text:p text:style-name="Head 3"><help:help-id value="SVX_NUMERICFIELD_RID_SVXPAGE_NUM_OPTIONS_NF_ALL_LEVEL"/><help:switch select="Program"><help:case select="WRITER">Vollständig</help:case></help:switch></text:p>
  <text:p text:style-name="Paragraph"><help:switch select="Program"><help:case select="WRITER"><help:help-text value="visible">Geben Sie an, wie viele vorige Ebenen in der Nummerierung berücksichtigt werden sollen. Wenn Sie z. B. &quot;2&quot; eingeben und die vorige Ebene in der Art &quot;A, B, C...&quot; nummeriert ist, so wird das Nummerierungsschema für die aktuelle Ebene zu &quot;A.1&quot;.</help:help-text></help:case></help:switch></text:p>
  <text:p text:style-name="Head 3"><help:help-id value="SVX_NUMERICFIELD_RID_SVXPAGE_NUM_OPTIONS_ED_START"/>Beginn bei</text:p>
  <text:p text:style-name="Paragraph"><help:help-text value="visible">Geben Sie eine neue Anfangsnummer für die aktuelle Ebene ein.</help:help-text></text:p>
  <text:p text:style-name="Head 3"><help:help-id value="SVX_LISTBOX_RID_SVXPAGE_NUM_OPTIONS_LB_BUL_COLOR"/><help:switch select="Program"><help:case select="IMPRESS">Farbe</help:case><help:case select="DRAW">Farbe</help:case></help:switch></text:p>
  <text:p text:style-name="Paragraph"><help:switch select="Program"><help:case select="WRITER"></help:case><help:case select="CALC"></help:case><help:case select="MATH"></help:case><help:default><help:help-text value="visible">Wählen Sie eine Farbe für die aktuelle Nummerierungsart.</help:help-text></help:default></help:switch></text:p>
  <text:p text:style-name="Head 3"><help:help-id value="SVX_METRICFIELD_RID_SVXPAGE_NUM_OPTIONS_MF_BUL_REL_SIZE"/><help:switch select="Program"><help:case select="IMPRESS">Relative Größe</help:case><help:case select="DRAW">Relative Größe</help:case></help:switch></text:p>
  <text:p text:style-name="Paragraph"><help:switch select="Program"><help:case select="WRITER"></help:case><help:case select="CALC"></help:case><help:case select="MATH"></help:case><help:default><help:help-text value="visible">Geben Sie ein, um wie viel das Aufzählungszeichen im Verhältnis zur Schrifthöhe des aktuellen Absatzes skaliert werden soll.</help:help-text></help:default></help:switch></text:p>
  <text:p text:style-name="Head 3"><help:help-id value="SVX_PUSHBUTTON_RID_SVXPAGE_NUM_OPTIONS_PB_BULLET"/>Zeichen</text:p>
  <text:p text:style-name="Paragraph"><help:help-text value="visible">Öffnet den Dialog <help:link Id="65807">Sonderzeichen</help:link>, in dem Sie das gewünschte Aufzählungszeichen auswählen können.</help:help-text></text:p>
  <text:p text:style-name="Head 3">Wenn Sie unter Numerierung die Option Grafik gewählt haben:</text:p>
  <text:p text:style-name="Head 3"><help:help-id value="SVX_MENUBUTTON_RID_SVXPAGE_NUM_OPTIONS_MB_BITMAP"/>Auswahl...</text:p>
  <text:p text:style-name="Paragraph"><help:help-text value="visible">Wählen Sie eine als Aufzählungszeichen einzusetzende Grafik aus, oder suchen Sie die gewünschte Grafikdatei.</help:help-text></text:p>
  <text:p text:style-name="Head 3"><help:help-id value="SVX_METRICFIELD_RID_SVXPAGE_NUM_OPTIONS_MF_WIDTH"/>Breite</text:p>
  <text:p text:style-name="Paragraph"><help:help-text value="visible">Geben Sie eine Breite für die Grafik ein.</help:help-text></text:p>
  <text:p text:style-name="Head 3"><help:help-id value="SVX_METRICFIELD_RID_SVXPAGE_NUM_OPTIONS_MF_HEIGHT"/>Höhe</text:p>
  <text:p text:style-name="Paragraph"><help:help-text value="visible">Geben Sie eine Höhe für die Grafik ein.</help:help-text></text:p>
  <text:p text:style-name="Head 3"><help:help-id value="SVX_CHECKBOX_RID_SVXPAGE_NUM_OPTIONS_CB_RATIO"/>Abgleich</text:p>
  <text:p text:style-name="Paragraph"><help:help-text value="visible">Die Proportionen der Grafik werden beibehalten.</help:help-text></text:p>
  <text:p text:style-name="Head 3"><help:help-id value="SVX_LISTBOX_RID_SVXPAGE_NUM_OPTIONS_LB_ORIENT"/>Ausrichtung</text:p>
  <text:p text:style-name="Paragraph"><help:help-text value="visible">Wählen Sie eine Ausrichtungsoption für die Grafik aus.</help:help-text></text:p>
  <text:p text:style-name="Head 2"><help:switch select="Program"><help:case select="WRITER">Alle Ebenen</help:case></help:switch></text:p>
  <text:p text:style-name="Paragraph"><help:switch select="Program"><help:case select="WRITER">Legen Sie die Nummerierungsoptionen für alle Ebenen fest.</help:case></help:switch></text:p>
  <text:p text:style-name="Head 3"><help:help-id value="SVX_CHECKBOX_RID_SVXPAGE_NUM_OPTIONS_CB_SAME_LEVEL"/><help:switch select="Program"><help:case select="WRITER">Fortlaufende Numerierung</help:case></help:switch></text:p>
  <text:p text:style-name="Paragraph"><help:switch select="Program"><help:case select="WRITER"><help:help-text value="visible">Alle Ebenen werden fortlaufend nummeriert.</help:help-text></help:case></help:switch></text:p>
 </office:body>
</office:document>
