

<office:document  xmlns:office="http://openoffice.org/2000/office" xmlns:style="http://openoffice.org/2000/style" xmlns:text="http://openoffice.org/2000/text" xmlns:table="http://openoffice.org/2000/table" xmlns:draw="http://openoffice.org/2000/drawing" xmlns:fo="http://www.w3.org/1999/XSL/Format" xmlns:xlink="http://www.w3.org/1999/xlink" xmlns:number="http://openoffice.org/2000/datastyle" xmlns:svg="http://www.w3.org/2000/svg" xmlns:chart="http://openoffice.org/2000/chart" xmlns:dr3d="http://openoffice.org/2000/dr3d" xmlns:math="http://www.w3.org/1998/Math/MathML" xmlns:form="http://openoffice.org/2000/form" xmlns:script="http://openoffice.org/2000/script" office:class="text" office:version="1.0" xmlns:dc="http://purl.org/dc/elements/1.1/" xmlns:meta="http://openoffice.org/2000/meta" xmlns:help="http://openoffice.org/2000/help">
<office:meta>
  <dc:description>text/common/01/06150200</dc:description>
  <dc:subject>XML-Filter testen</dc:subject>

  <dc:language>de-DE</dc:language>
  <meta:user-defined meta:name="Info 0">READY</meta:user-defined>
  <meta:user-defined meta:name="Info 1">FREE</meta:user-defined>
  <meta:user-defined meta:name="Info 2"/>
  <meta:user-defined meta:name="Info 3"/>
</office:meta>
 <office:script/>
 <office:font-decls>
  <style:font-decl style:name="StarSymbol" fo:font-family="StarSymbol" style:font-charset="x-symbol"/>
  <style:font-decl style:name="Courier New" fo:font-family="&apos;Courier New&apos;" style:font-style-name="Standard" style:font-family-generic="modern" style:font-pitch="fixed"/>
  <style:font-decl style:name="Courier" fo:font-family="Courier" style:font-family-generic="roman" style:font-pitch="fixed"/>
  <style:font-decl style:name="Arial Unicode MS" fo:font-family="&apos;Arial Unicode MS&apos;" style:font-pitch="variable"/>
  <style:font-decl style:name="HG Mincho Light J" fo:font-family="&apos;HG Mincho Light J&apos;" style:font-pitch="variable"/>
  <style:font-decl style:name="Times New Roman3" fo:font-family="&apos;Times New Roman&apos;" style:font-pitch="variable"/>
  <style:font-decl style:name="Thorndale" fo:font-family="Thorndale" style:font-family-generic="roman" style:font-pitch="variable"/>
  <style:font-decl style:name="Times New Roman2" fo:font-family="&apos;Times New Roman&apos;" style:font-style-name="Fett" style:font-family-generic="roman" style:font-pitch="variable"/>
  <style:font-decl style:name="Times New Roman" fo:font-family="&apos;Times New Roman&apos;" style:font-style-name="Standard" style:font-family-generic="roman" style:font-pitch="variable"/>
  <style:font-decl style:name="Times New Roman1" fo:font-family="&apos;Times New Roman&apos;" style:font-family-generic="swiss" style:font-pitch="variable"/>
 </office:font-decls>
 <office:automatic-styles>
  <style:style style:name="P1" style:family="paragraph" style:parent-style-name="Paragraph" style:master-page-name="HTML">
   <style:properties style:page-number="0"/>
  </style:style>
  <style:style style:name="T1" style:family="text">
   <style:properties fo:font-weight="bold"/>
  </style:style>
 </office:automatic-styles>
 <office:body>
  <text:variable-decls>
   <text:variable-decl text:value-type="string" text:name="HTML_ON"/>
   <text:variable-decl text:value-type="string" text:name="HTML_OFF"/>
   <text:variable-decl text:value-type="string" text:name="TITEL"/>
   <text:variable-decl text:value-type="string" text:name="END"/>
   <text:variable-decl text:value-type="string" text:name="OS2"/>
   <text:variable-decl text:value-type="string" text:name="ELSE"/>
   <text:variable-decl text:value-type="string" text:name="HREF"/>
   <text:variable-decl text:value-type="string" text:name="MAC"/>
   <text:variable-decl text:value-type="string" text:name="NAME"/>
   <text:variable-decl text:value-type="string" text:name="HelpID"/>
   <text:variable-decl text:value-type="string" text:name="REFNR"/>
   <text:variable-decl text:value-type="string" text:name="HFELD"/>
   <text:variable-decl text:value-type="string" text:name="AKTHLP"/>
   <text:variable-decl text:value-type="string" text:name="KEY"/>
   <text:variable-decl text:value-type="string" text:name="INDEX"/>
   <text:variable-decl text:value-type="string" text:name="MODIFY"/>
   <text:variable-decl text:value-type="string" text:name="STYLE"/>
  </text:variable-decls>
  <text:sequence-decls>
   <text:sequence-decl text:display-outline-level="0" text:name="Illustration"/>
   <text:sequence-decl text:display-outline-level="0" text:name="Table"/>
   <text:sequence-decl text:display-outline-level="0" text:name="Text"/>
   <text:sequence-decl text:display-outline-level="0" text:name="Drawing"/>
  </text:sequence-decls>
  <text:p text:style-name="P1"/>
  <text:p text:style-name="Head 1"><help:to-be-embedded Eid="testxml"><help:link Id="68698">XML-Filter testen</help:link></help:to-be-embedded></text:p>
  <text:p text:style-name="Paragraph"><help:help-text value="visible">Testet die vom ausgewählten <help:link Id="68478">XML-Filter</help:link> verwendeten XSLT-Stylesheets.</help:help-text></text:p>
  <help:popup Id="65589" Eid="xmlfiltertest"></help:popup><help:popup Id="65589" Eid="xmlfilter"><help:embedded Id="65598" Eid="wie"></help:embedded></help:popup>
  <text:p text:style-name="Head 2">Exportieren</text:p>
  <text:p text:style-name="Head 3">Export-XSLT</text:p>
  <text:p text:style-name="Paragraph"><help:help-text value="visible">Gibt den Dateinamen des XSLT-Filters an, den Sie im Register <text:span text:style-name="T1">Transformation</text:span> festgelegt haben.</help:help-text></text:p>
  <text:p text:style-name="Head 3">Dokument transformieren</text:p>
  <text:p text:style-name="Paragraph"><help:help-text value="visible">Gibt den Dateinamen des Dokuments an, das Sie zum Testen des XSLT-Filters vorgesehen haben.</help:help-text></text:p>
  <text:p text:style-name="Head 4"><help:help-id value="HID_XML_FILTER_TEST_EXPORT_BROWSE"/>Auswählen</text:p>
  <text:p text:style-name="Paragraph"><help:help-text value="visible">Suchen Sie die Datei, auf die der XML-Exportfilter angewendet werden soll. Der XML-Code der transformierten Datei wird im Fenster <help:embedded Id="68701" Eid="xmlfilteroutput"></help:embedded><text:span text:style-name="T1">XML-Filter Ausgabe</text:span></help:help-text> angezeigt.</text:p>
  <text:p text:style-name="Head 4"><help:help-id value="HID_XML_FILTER_TEST_EXPORT_CURRENT"/>Aktuelles Dokument</text:p>
  <text:p text:style-name="Paragraph"><help:help-text value="visible">Der Filter wird an dem vordersten aller geöffneten Dateien, die den XML-Filterkriterien entsprechen, getestet. Der aktuelle XML-Exportfilter transformiert die Datei, und der dabei entstehende XML-Code wird im Fenster angezeigt<help:embedded Id="68701" Eid="xmlfilteroutput"></help:embedded>.</help:help-text></text:p>
  <text:p text:style-name="Head 2">Importieren</text:p>
  <text:p text:style-name="Head 3">Import-XSLT</text:p>
  <text:p text:style-name="Paragraph"><help:help-text value="visible">Gibt den Dateinamen des XSLT-Filters an, den Sie im Register <text:span text:style-name="T1">Transformation</text:span> festgelegt haben.</help:help-text></text:p>
  <text:p text:style-name="Head 3">Import-Dokumentvorlage</text:p>
  <text:p text:style-name="Paragraph"><help:help-text value="visible">Gibt den Dateinamen der Dokumentvorlage an, den Sie im Register <text:span text:style-name="T1">Transformation</text:span> festgelegt haben.</help:help-text></text:p>
  <text:p text:style-name="Head 3">Datei transformieren</text:p>
  <text:p text:style-name="Head 4"><help:help-id value="HID_XML_FILTER_TEST_IMPORT_DISPLAY_SOURCE"/>Quelltext anzeigen</text:p>
  <text:p text:style-name="Paragraph"><help:help-text value="visible">Öffnet ein Fenster<help:embedded Id="68701" Eid="xmlfilteroutput"></help:embedded>, in dem der XML-Quellcode des ausgewählten Dokuments angezeigt wird. Der Importfilter wird an diesem Dokument getestet.</help:help-text> Wenn Sie auf die Schaltfläche <text:span text:style-name="T1">Validieren</text:span> in diesem Fenster klicken, wird der XML-Code des Dokuments auf Einhaltung der OpenOffice.org-DTD geprüft.</text:p>
  <text:p text:style-name="Head 4"><help:help-id value="HID_XML_FILTER_TEST_IMPORT_BROWSE"/>Auswählen</text:p>
  <text:p text:style-name="Paragraph"><help:help-text value="visible">Öffnet einen Dateiauswahldialog. Die ausgewählte Datei wird anhand des aktuellen XML-Importfilters geöffnet.</help:help-text></text:p>
  <text:p text:style-name="Head 4"><help:help-id value="HID_XML_FILTER_TEST_IMPORT_RECENT"/>Letzte Datei</text:p>
  <text:p text:style-name="Paragraph"><help:help-text value="visible">Öffnet das zuletzt über diesen Dialog aufgerufene Dokument erneut.</help:help-text></text:p>
 </office:body>
</office:document>
