

<office:document  xmlns:office="http://openoffice.org/2000/office" xmlns:style="http://openoffice.org/2000/style" xmlns:text="http://openoffice.org/2000/text" xmlns:table="http://openoffice.org/2000/table" xmlns:draw="http://openoffice.org/2000/drawing" xmlns:fo="http://www.w3.org/1999/XSL/Format" xmlns:xlink="http://www.w3.org/1999/xlink" xmlns:number="http://openoffice.org/2000/datastyle" xmlns:svg="http://www.w3.org/2000/svg" xmlns:chart="http://openoffice.org/2000/chart" xmlns:dr3d="http://openoffice.org/2000/dr3d" xmlns:math="http://www.w3.org/1998/Math/MathML" xmlns:form="http://openoffice.org/2000/form" xmlns:script="http://openoffice.org/2000/script" office:class="text" office:version="1.0" xmlns:dc="http://purl.org/dc/elements/1.1/" xmlns:meta="http://openoffice.org/2000/meta" xmlns:help="http://openoffice.org/2000/help">
<office:meta>
  <dc:description>text/common/01/06200000</dc:description>
  <dc:subject>Hangul/Hanja Konvertierung</dc:subject>
  <meta:keywords>
   <meta:keyword>$Version</meta:keyword>
  </meta:keywords>
  <dc:language>de-DE</dc:language>
  <meta:user-defined meta:name="Info 0">READY</meta:user-defined>
  <meta:user-defined meta:name="Info 1">FREE</meta:user-defined>
  <meta:user-defined meta:name="Info 2"/>
  <meta:user-defined meta:name="Info 3"/>
</office:meta>
 <office:script/>
 <office:font-decls>
  <style:font-decl style:name="StarSymbol" fo:font-family="StarSymbol" style:font-charset="x-symbol"/>
  <style:font-decl style:name="Courier New" fo:font-family="&apos;Courier New&apos;" style:font-style-name="Standard" style:font-family-generic="modern" style:font-pitch="fixed"/>
  <style:font-decl style:name="Courier" fo:font-family="Courier" style:font-family-generic="roman" style:font-pitch="fixed"/>
  <style:font-decl style:name="Arial Unicode MS" fo:font-family="&apos;Arial Unicode MS&apos;" style:font-pitch="variable"/>
  <style:font-decl style:name="HG Mincho Light J" fo:font-family="&apos;HG Mincho Light J&apos;" style:font-pitch="variable"/>
  <style:font-decl style:name="Times New Roman3" fo:font-family="&apos;Times New Roman&apos;" style:font-pitch="variable"/>
  <style:font-decl style:name="Thorndale" fo:font-family="Thorndale" style:font-family-generic="roman" style:font-pitch="variable"/>
  <style:font-decl style:name="Times New Roman2" fo:font-family="&apos;Times New Roman&apos;" style:font-style-name="Fett" style:font-family-generic="roman" style:font-pitch="variable"/>
  <style:font-decl style:name="Times New Roman" fo:font-family="&apos;Times New Roman&apos;" style:font-style-name="Standard" style:font-family-generic="roman" style:font-pitch="variable"/>
  <style:font-decl style:name="Times New Roman1" fo:font-family="&apos;Times New Roman&apos;" style:font-family-generic="swiss" style:font-pitch="variable"/>
 </office:font-decls>
 <office:automatic-styles>
  <style:style style:name="P1" style:family="paragraph" style:parent-style-name="Paragraph" style:master-page-name="HTML">
   <style:properties style:page-number="0"/>
  </style:style>
  <style:style style:name="T1" style:family="text">
   <style:properties fo:font-weight="bold"/>
  </style:style>
 </office:automatic-styles>
 <office:body>
  <text:variable-decls>
   <text:variable-decl text:value-type="string" text:name="HTML_ON"/>
   <text:variable-decl text:value-type="string" text:name="HTML_OFF"/>
   <text:variable-decl text:value-type="string" text:name="TITEL"/>
   <text:variable-decl text:value-type="string" text:name="END"/>
   <text:variable-decl text:value-type="string" text:name="HREF"/>
   <text:variable-decl text:value-type="string" text:name="MAC"/>
   <text:variable-decl text:value-type="string" text:name="ELSE"/>
   <text:variable-decl text:value-type="string" text:name="NAME"/>
   <text:variable-decl text:value-type="string" text:name="REFNR"/>
   <text:variable-decl text:value-type="string" text:name="HelpID"/>
   <text:variable-decl text:value-type="string" text:name="MODIFY"/>
   <text:variable-decl text:value-type="string" text:name="AKTHLP"/>
   <text:variable-decl text:value-type="string" text:name="INDEX"/>
   <text:variable-decl text:value-type="string" text:name="STYLE"/>
  </text:variable-decls>
  <text:sequence-decls>
   <text:sequence-decl text:display-outline-level="0" text:name="Illustration"/>
   <text:sequence-decl text:display-outline-level="0" text:name="Table"/>
   <text:sequence-decl text:display-outline-level="0" text:name="Text"/>
   <text:sequence-decl text:display-outline-level="0" text:name="Drawing"/>
  </text:sequence-decls>
  <help:to-be-embedded Eid="hangul">
  <text:p text:style-name="Head 1"><help:help-id value="SID_HANGUL_HANJA_CONVERSION"/><help:key-word value="Konvertierung; Hangul/Hanja" tag="kw68703_1"/><help:key-word value="Hangul/Hanja" tag="kw68703_2"/><help:link Id="68703">Hangul/Hanja Konvertierung</help:link></text:p>
  <text:p text:style-name="Paragraph"><help:help-text value="visible">Konvertiert den ausgewählten koreanischen Text von Hangul in Hanja oder umgekehrt.</help:help-text> Der Menübefehl kann nur dann aufgerufen werden, wenn unter <text:span text:style-name="T1">Extras - Optionen - Spracheinstellungen - Sprachen</text:span> die Unterstützung für asiatische Sprachen aktiviert und ein als koreanisch formatierter Text ausgewählt ist.</text:p>
  </help:to-be-embedded>
  <help:popup Id="65589" Eid="hangul"><help:embedded Id="65598" Eid="wie"></help:embedded></help:popup>
  <text:p text:style-name="Head 2"><help:help-id value="HID_SPELLDLG_SETWORD"/>Original</text:p>
  <text:p text:style-name="Paragraph"><help:help-text value="visible">Zeigt die aktuelle Auswahl an.</help:help-text></text:p>
  <text:p text:style-name="Head 2"><help:help-id value="HID_HANGULDLG_EDIT_NEWWORD"/>Ersetzen durch</text:p>
  <text:p text:style-name="Paragraph"><help:help-text value="visible">Zeigt den ersten Ersetzungsvorschlag aus dem Wörterbuch an.</help:help-text> Sie können das vorgeschlagene Wort bearbeiten oder ein neues eingeben. Klicken Sie auf die Schaltfläche <text:span text:style-name="T1">Suchen</text:span>, um die Eingabe in Hangul durch die Entsprechung in Hanja zu ersetzen.</text:p>
  <text:p text:style-name="Head 2"><help:help-id value="SVX_PUSHBUTTON_RID_SVX_MDLG_HANGULHANJA_PB_FIND"/>Suchen</text:p>
  <text:p text:style-name="Paragraph"><help:help-text value="visible">Sucht die Eingabe in Hangul im Wörterbuch und ersetzt sie durch die Entsprechung in Hanja.</help:help-text> Zum Abbrechen der Suchfunktion klicken Sie auf <text:span text:style-name="T1">Ignorieren</text:span>.</text:p>
  <text:p text:style-name="Head 2"><help:help-id value="SVX_LISTBOX_RID_SVX_MDLG_HANGULHANJA_LB_SUGGESTIONS"/>Vorschläge</text:p>
  <text:p text:style-name="Paragraph"><help:help-text value="visible">Zeigt alle im Wörterbuch enthaltenen Ersetzungsmöglichkeiten an.</help:help-text> Ist das Markierfeld <text:span text:style-name="T1">Einzelne Zeichen ersetzen</text:span> aktiviert, sehen Sie ein Zeichenraster. Ist das Markierfeld <text:span text:style-name="T1">Einzelne Zeichen ersetzen</text:span> nicht aktiviert, sehen Sie stattdessen eine Wortliste.</text:p>
  <text:p text:style-name="Head 2">Format</text:p>
  <text:p text:style-name="Paragraph">Klicken Sie auf das Format, in dem die Vorschläge angezeigt werden sollen.</text:p>
  <text:p text:style-name="Head 3"><help:help-id value="SVX_RADIOBUTTON_RID_SVX_MDLG_HANGULHANJA_RB_SIMPLE_CONVERSION"/>Hangul/Hanja</text:p>
  <text:p text:style-name="Paragraph"><help:help-text value="visible">Die ursprünglichen Zeichen werden durch die vorgeschlagenen Zeichen ersetzt.</help:help-text></text:p>
  <text:p text:style-name="Head 3"><help:help-id value="SVX_RADIOBUTTON_RID_SVX_MDLG_HANGULHANJA_RB_HANJA_HANGUL_BRACKETED"/>Hanja (Hangul)</text:p>
  <text:p text:style-name="Paragraph"><help:help-text value="visible">Der Hangul-Teil wird hinter dem Hanja-Teil in Klammern angezeigt.</help:help-text></text:p>
  <text:p text:style-name="Head 3"><help:help-id value="SVX_RADIOBUTTON_RID_SVX_MDLG_HANGULHANJA_RB_HANGUL_HANJA_BRACKETED"/>Hangul (Hanja)</text:p>
  <text:p text:style-name="Paragraph"><help:help-text value="visible">Der Hanja-Teil wird hinter dem Hangul-Teil in Klammern angezeigt.</help:help-text></text:p>
  <text:p text:style-name="Head 3"><help:help-id value="SVX_RADIOBUTTON_RID_SVX_MDLG_HANGULHANJA_RB_HANGUL_HANJA_ABOVE"/>Hanja as ruby text above</text:p>
  <text:p text:style-name="Paragraph"><help:help-text value="visible">Der Hanja-Teil wird als Ruby-Text über dem Hangul-Teil angezeigt.</help:help-text></text:p>
  <text:p text:style-name="Head 3"><help:help-id value="SVX_RADIOBUTTON_RID_SVX_MDLG_HANGULHANJA_RB_HANGUL_HANJA_BELOW"/>Hanja as ruby text below</text:p>
  <text:p text:style-name="Paragraph"><help:help-text value="visible">Der Hanja-Teil wird als Ruby-Text unter dem Hangul-Teil angezeigt.</help:help-text></text:p>
  <text:p text:style-name="Head 3"><help:help-id value="SVX_RADIOBUTTON_RID_SVX_MDLG_HANGULHANJA_RB_HANJA_HANGUL_ABOVE"/>Hangul as ruby text above</text:p>
  <text:p text:style-name="Paragraph"><help:help-text value="visible">Der Hangul-Teil wird als Ruby-Text über dem Hanja-Teil angezeigt.</help:help-text></text:p>
  <text:p text:style-name="Head 3"><help:help-id value="SVX_RADIOBUTTON_RID_SVX_MDLG_HANGULHANJA_RB_HANJA_HANGUL_BELOW"/>Hangul as ruby text below</text:p>
  <text:p text:style-name="Paragraph"><help:help-text value="visible">Der Hangul-Teil wird als Ruby-Text unter dem Hanja-Teil angezeigt.</help:help-text></text:p>
  <text:p text:style-name="Head 2">Konvertierung</text:p>
  <text:p text:style-name="Paragraph">In einer aus Hangul- und Hanja-Zeichen bestehenden heterogenen Textauswahl werden normalerweise alle Hangul-Zeichen in Hanja- und alle Hanja-Zeichen in Hangul-Zeichen konvertiert. Wenn Sie es vorziehen, dass die Zeichen in einer solchen Textauswahl nur in einer Richtung konvertiert werden, verwenden Sie die folgenden Konvertierungsoptionen:</text:p>
  <text:p text:style-name="Head 3"><help:help-id value="SVX_CHECKBOX_RID_SVX_MDLG_HANGULHANJA_CB_HANGUL_ONLY"/>Nur Hangul</text:p>
  <text:p text:style-name="Paragraph"><help:help-text value="visible">Markieren Sie diese Option, wenn nur Hangul-Zeichen konvertiert werden sollen. Hanja-Zeichen werden dann nicht konvertiert.</help:help-text></text:p>
  <text:p text:style-name="Head 3"><help:help-id value="SVX_CHECKBOX_RID_SVX_MDLG_HANGULHANJA_CB_HANJA_ONLY"/>Nur Hanja</text:p>
  <text:p text:style-name="Paragraph"><help:help-text value="visible">Markieren Sie diese Option, wenn nur Hanja-Zeichen konvertiert werden sollen. Hangul-Zeichen werden dann nicht konvertiert.</help:help-text></text:p>
  <text:p text:style-name="Head 2"><help:help-id value="HID_HANGULDLG_BUTTON_IGNORE"/>Ignorieren</text:p>
  <text:p text:style-name="Paragraph"><help:help-text value="visible">An der aktuellen Auswahl werden keine Änderungen vorgenommen. Das nächste zu konvertierende Wort oder Zeichen wird ausgewählt.</help:help-text></text:p>
  <text:p text:style-name="Head 2"><help:help-id value="HID_HANGULDLG_BUTTON_IGNOREALL"/>Immer ignorieren</text:p>
  <text:p text:style-name="Paragraph"><help:help-text value="visible">Es wird keine Änderung an der aktuellen Auswahl vorgenommen, und jedes Mal, wenn die gleiche Auswahl gefunden wird, wird sie automatisch übersprungen.</help:help-text> Das nächste zu konvertierende Wort oder Zeichen wird ausgewählt. Die Liste des ignorierten Texts ist für die aktuelle <help:productname>%PRODUCTNAME</help:productname>-Sitzung gültig.</text:p>
  <text:p text:style-name="Head 2"><help:help-id value="HID_HANGULDLG_BUTTON_CHANGE"/>Ersetzen</text:p>
  <text:p text:style-name="Paragraph"><help:help-text value="visible">Ersetzt die Auswahl gemäß den Formatoptionen durch die vorgeschlagenen Zeichen bzw. das vorgeschlagene Wort.</help:help-text> Das nächste zu konvertierende Wort oder Zeichen wird ausgewählt.</text:p>
  <text:p text:style-name="Head 2"><help:help-id value="HID_HANGULDLG_BUTTON_CHANGEALL"/>Immer ersetzen</text:p>
  <text:p text:style-name="Paragraph"><help:help-text value="visible">Ersetzt die Auswahl gemäß den Formatoptionen durch die vorgeschlagenen Zeichen bzw. das vorgeschlagene Wort. Jedes Mal, wenn die gleiche Auswahl gefunden wird, wird sie automatisch ersetzt.</help:help-text> Das nächste zu konvertierende Wort oder Zeichen wird ausgewählt. Die Liste des ersetzten Texts ist für die aktuelle <help:productname>%PRODUCTNAME</help:productname>-Sitzung gültig.</text:p>
  <text:p text:style-name="Head 3"><help:help-id value="SVX_CHECKBOX_RID_SVX_MDLG_HANGULHANJA_CB_REPLACE_BY_CHARACTER"/>Einzelne Zeichen ersetzen</text:p>
  <text:p text:style-name="Paragraph"><help:help-text value="visible">Markieren Sie diese Option, wird der ausgewählte Text zeichenweise ersetzt. Anderenfalls bezieht sich der Vorgang auf ganze Wörter.</help:help-text></text:p>
  <text:p text:style-name="Head 2"><help:help-id value="HID_HANGULDLG_BUTTON_CLOSE"/>Schließen</text:p>
  <text:p text:style-name="Paragraph"><help:help-text value="visible">Schließt den Dialog.</help:help-text></text:p>
 </office:body>
</office:document>
