

<office:document  xmlns:office="http://openoffice.org/2000/office" xmlns:style="http://openoffice.org/2000/style" xmlns:text="http://openoffice.org/2000/text" xmlns:table="http://openoffice.org/2000/table" xmlns:draw="http://openoffice.org/2000/drawing" xmlns:fo="http://www.w3.org/1999/XSL/Format" xmlns:xlink="http://www.w3.org/1999/xlink" xmlns:number="http://openoffice.org/2000/datastyle" xmlns:svg="http://www.w3.org/2000/svg" xmlns:chart="http://openoffice.org/2000/chart" xmlns:dr3d="http://openoffice.org/2000/dr3d" xmlns:math="http://www.w3.org/1998/Math/MathML" xmlns:form="http://openoffice.org/2000/form" xmlns:script="http://openoffice.org/2000/script" office:class="text" office:version="1.0" xmlns:dc="http://purl.org/dc/elements/1.1/" xmlns:meta="http://openoffice.org/2000/meta" xmlns:help="http://openoffice.org/2000/help">
<office:meta>
  <dc:description>text/common/05/00000140</dc:description>
  <dc:subject>Suchen - Die Volltextsuche</dc:subject>
  <meta:keywords>
   <meta:keyword>$Version</meta:keyword>
  </meta:keywords>
  <dc:language>de-DE</dc:language>
  <meta:user-defined meta:name="Info 0">READY</meta:user-defined>
  <meta:user-defined meta:name="Info 1"/>
  <meta:user-defined meta:name="Info 2"/>
  <meta:user-defined meta:name="Info 3"/>
</office:meta>
 <office:script/>
 <office:font-decls>
  <style:font-decl style:name="StarSymbol" fo:font-family="StarSymbol" style:font-charset="x-symbol"/>
  <style:font-decl style:name="Courier New" fo:font-family="&apos;Courier New&apos;" style:font-style-name="Standard" style:font-family-generic="modern" style:font-pitch="fixed"/>
  <style:font-decl style:name="Courier" fo:font-family="Courier" style:font-family-generic="roman" style:font-pitch="fixed"/>
  <style:font-decl style:name="Arial Unicode MS" fo:font-family="&apos;Arial Unicode MS&apos;" style:font-pitch="variable"/>
  <style:font-decl style:name="HG Mincho Light J" fo:font-family="&apos;HG Mincho Light J&apos;" style:font-pitch="variable"/>
  <style:font-decl style:name="Times New Roman4" fo:font-family="&apos;Times New Roman&apos;" style:font-pitch="variable"/>
  <style:font-decl style:name="Thorndale" fo:font-family="Thorndale" style:font-family-generic="roman" style:font-pitch="variable"/>
  <style:font-decl style:name="Times New Roman3" fo:font-family="&apos;Times New Roman&apos;" style:font-family-generic="roman" style:font-pitch="variable"/>
  <style:font-decl style:name="Times New Roman2" fo:font-family="&apos;Times New Roman&apos;" style:font-style-name="Fett" style:font-family-generic="roman" style:font-pitch="variable"/>
  <style:font-decl style:name="Times New Roman" fo:font-family="&apos;Times New Roman&apos;" style:font-style-name="Standard" style:font-family-generic="roman" style:font-pitch="variable"/>
  <style:font-decl style:name="Times New Roman1" fo:font-family="&apos;Times New Roman&apos;" style:font-family-generic="swiss" style:font-pitch="variable"/>
 </office:font-decls>
 <office:automatic-styles>
  <style:style style:name="Tabelle4" style:family="table">
   <style:properties style:width="18cm" table:align="margins"/>
  </style:style>
  <style:style style:name="Tabelle4.A" style:family="table-column">
   <style:properties style:column-width="2cm" style:rel-column-width="1134*"/>
  </style:style>
  <style:style style:name="Tabelle4.B" style:family="table-column">
   <style:properties style:column-width="15.998cm" style:rel-column-width="9070*"/>
  </style:style>
  <style:style style:name="Tabelle4.A1" style:family="table-cell">
   <style:properties fo:padding="0.099cm" fo:border="none"/>
  </style:style>
  <style:style style:name="P1" style:family="paragraph" style:parent-style-name="Paragraph" style:master-page-name="HTML">
   <style:properties style:page-number="0"/>
  </style:style>
  <style:style style:name="T1" style:family="text">
   <style:properties fo:font-weight="bold"/>
  </style:style>
  <style:style style:name="fr1" style:family="graphics" style:parent-style-name="Graphics">
   <style:properties fo:margin-left="0cm" fo:margin-right="0cm" fo:margin-top="0cm" fo:margin-bottom="0cm" style:wrap="run-through" style:horizontal-pos="left" style:horizontal-rel="paragraph" style:mirror="none" fo:clip="rect(0cm 0cm 0cm 0cm)" draw:luminance="0%" draw:contrast="0%" draw:red="0%" draw:green="0%" draw:blue="0%" draw:gamma="1" draw:color-inversion="false" draw:transparency="-100%" draw:color-mode="standard"/>
  </style:style>
 </office:automatic-styles>
 <office:body>
  <text:variable-decls>
   <text:variable-decl text:value-type="string" text:name="HTML_ON"/>
   <text:variable-decl text:value-type="string" text:name="HTML_OFF"/>
   <text:variable-decl text:value-type="string" text:name="TITEL"/>
   <text:variable-decl text:value-type="string" text:name="END"/>
   <text:variable-decl text:value-type="string" text:name="HREF"/>
   <text:variable-decl text:value-type="string" text:name="OS2"/>
   <text:variable-decl text:value-type="string" text:name="ELSE"/>
   <text:variable-decl text:value-type="string" text:name="NAME"/>
   <text:variable-decl text:value-type="string" text:name="MAC"/>
   <text:variable-decl text:value-type="string" text:name="MODIFY"/>
   <text:variable-decl text:value-type="string" text:name="REFNR"/>
   <text:variable-decl text:value-type="string" text:name="HelpID"/>
   <text:variable-decl text:value-type="string" text:name="KEY"/>
   <text:variable-decl text:value-type="string" text:name="HFELD"/>
   <text:variable-decl text:value-type="string" text:name="INDEX"/>
   <text:variable-decl text:value-type="string" text:name="AKTHLP"/>
  </text:variable-decls>
  <text:sequence-decls>
   <text:sequence-decl text:display-outline-level="0" text:name="Illustration"/>
   <text:sequence-decl text:display-outline-level="0" text:name="Table"/>
   <text:sequence-decl text:display-outline-level="0" text:name="Text"/>
   <text:sequence-decl text:display-outline-level="0" text:name="Drawing"/>
  </text:sequence-decls>
  <text:p text:style-name="P1"><help:key-word value="Hilfe; Suchen" tag="kw68247_1"/><help:key-word value="Hilfe; Volltextsuche" tag="kw68247_2"/></text:p>
  <text:p text:style-name="Head 1"><help:to-be-embedded Eid="00000140"><help:link Id="68247">Suchen - Die Volltextsuche</help:link></help:to-be-embedded></text:p>
  <text:p text:style-name="Paragraph"><help:help-id value="SFX2_COMBOBOX_TP_HELP_SEARCH_ED_SEARCH"/><help:help-text value="hide">Geben Sie hier den Suchbegriff ein. Die Suche erfolgt ohne Berücksichtigung von Gross- und Kleinschreibung.</help:help-text></text:p>
  <text:p text:style-name="Paragraph"><help:help-id value="SFX2_PUSHBUTTON_TP_HELP_SEARCH_PB_SEARCH"/><help:help-text value="hide">Klicken Sie hier, um eine Volltextsuche nach dem eingegebenen Begriff zu starten.</help:help-text></text:p>
  <text:p text:style-name="Paragraph"><help:help-id value="SFX2_LISTBOX_TP_HELP_SEARCH_LB_RESULT"/><help:help-text value="hide">Hier werden die Titel der Seiten aufgeführt, die Ihre Volltextsuche findet. Sie sind nach Relevanz sortiert; d. h. der beste Treffer steht ganz oben in der Liste. Doppelklicken Sie auf einen Eintrag, um die entsprechende Seite anzuzeigen.</help:help-text></text:p>
  <text:p text:style-name="Paragraph"><help:help-id value="SFX2_CHECKBOX_TP_HELP_SEARCH_CB_FULLWORDS"/><help:help-text value="hide">Hier geben Sie an, ob eine exakte Suche nach dem eingegebenen Suchwort stattfinden soll. Wortteile werden dann nicht gefunden.</help:help-text></text:p>
  <text:p text:style-name="Paragraph"><help:help-id value="SFX2_CHECKBOX_TP_HELP_SEARCH_CB_SCOPE"/><help:help-text value="hide">Hier bestimmen Sie, ob der Suchbegriff nur in den Dokumenttiteln gesucht werden soll.</help:help-text></text:p>
  <text:p text:style-name="Paragraph"><help:help-id value="SFX2_PUSHBUTTON_TP_HELP_SEARCH_PB_OPEN_SEARCH"/><help:help-text value="hide">Klicken Sie hier, um den in der Trefferliste ausgewählten Eintrag anzuzeigen.</help:help-text></text:p>
  <text:p text:style-name="Paragraph">Die Volltextsuchfunktion der <help:productname>%PRODUCTNAME</help:productname>-Hilfe ermöglicht die Suche nach Hilfedokumenten, die eine beliebige Kombination von Suchbegriffen enthalten. Dazu geben Sie einfach ein oder mehrere Wörter in das Textfeld <text:span text:style-name="T1">Suchbegriff</text:span> ein.</text:p>
  <text:p text:style-name="Paragraph">Ihre Eingaben in <text:span text:style-name="T1">Suchbegriff</text:span> bleiben dort gespeichert. Um eine ältere Suche zu wiederholen, klicken Sie auf die Pfeilschaltfläche und wählen den benötigten Eintrag in der Suchbegriffliste.</text:p>
  <text:p text:style-name="Paragraph">Nach abgeschlossener Suche sehen Sie eine nach Relevanz, also ab dem besten Treffer abwärts, sortierte Liste mit den Titeln der gefundenen Dokumente. Wenn Sie auf einen Eintrag doppelklicken oder ihn auswählen und dann auf <text:span text:style-name="T1">Anzeigen</text:span> klicken, wird das entsprechende Hilfedokument geladen.</text:p>
  <text:p text:style-name="Paragraph">Mit Hilfe des Markierfeldes <text:span text:style-name="T1">Nur in Titeln suchen</text:span> können Sie die Suche auf Dokumenttitel beschränken.</text:p>
  <text:p text:style-name="Paragraph">Das Markierfeld <text:span text:style-name="T1">Nur ganze Wörter</text:span> erlaubt Ihnen die Durchführung einer exakten Suche. Ist dieses Feld markiert, werden keine Wortteile gefunden. Markieren Sie dieses Feld nicht, wenn der eingegebene Suchbegriff auch als Teil eines grösseren Wortes gefunden werden soll.</text:p>
  <text:p text:style-name="Paragraph">Sie können eine beliebige Kombination von Suchbegriffen, jeweils durch Leerzeichen getrennt, eingeben. Die Suche erfolgt <text:span text:style-name="T1">ohne</text:span> Berücksichtigung von Gross- und Kleinschreibung.</text:p>
  <table:table table:name="Tabelle4" table:style-name="Tabelle4">
   <table:table-column table:style-name="Tabelle4.A"/>
   <table:table-column table:style-name="Tabelle4.B"/>
   <table:table-row>
    <table:table-cell table:style-name="Tabelle4.A1" table:value-type="string">
     <text:p text:style-name="Paragraph"><draw:image draw:name="Symbol0" svg:desc="Dieses Symbol hält Tipps für Sie bereit, wie Sie mit dem Programm noch schneller oder effizienter arbeiten können." svg:pixelx="32" svg:pixely="32" svg:width="0.847cm" svg:height="0.847cm" xlink:href="66732" draw:filter-name=""/></text:p>

    </table:table-cell>
    <table:table-cell table:style-name="Tabelle4.A1" table:value-type="string">
     <text:p text:style-name="Paragraph">Index- und Volltextsuchen erfolgen stets in der aktuellen Anwendung. Falls Sie ein gesuchtes Stichwort nicht finden, vergewissern Sie sich, dass die richtige Anwendung ausgewählt ist.</text:p>
    </table:table-cell>
   </table:table-row>
  </table:table>
  <text:p text:style-name="ParaList"><help:embedded Id="65598" Eid="related"></help:embedded></text:p>
  <text:p text:style-name="ParaList"><help:embedded Id="68245" Eid="00000110"></help:embedded></text:p>
  <text:p text:style-name="ParaList"><help:embedded Id="68248" Eid="doc_title"></help:embedded></text:p>
  <text:p text:style-name="ParaList"><help:embedded Id="68249" Eid="00000120"></help:embedded></text:p>
  <text:p text:style-name="ParaList"><help:embedded Id="68246" Eid="00000130"></help:embedded></text:p>
  <text:p text:style-name="ParaList"><help:embedded Id="68250" Eid="doc_title"></help:embedded></text:p>
 </office:body>
</office:document>
