

<office:document  xmlns:office="http://openoffice.org/2000/office" xmlns:style="http://openoffice.org/2000/style" xmlns:text="http://openoffice.org/2000/text" xmlns:table="http://openoffice.org/2000/table" xmlns:draw="http://openoffice.org/2000/drawing" xmlns:fo="http://www.w3.org/1999/XSL/Format" xmlns:xlink="http://www.w3.org/1999/xlink" xmlns:number="http://openoffice.org/2000/datastyle" xmlns:svg="http://www.w3.org/2000/svg" xmlns:chart="http://openoffice.org/2000/chart" xmlns:dr3d="http://openoffice.org/2000/dr3d" xmlns:math="http://www.w3.org/1998/Math/MathML" xmlns:form="http://openoffice.org/2000/form" xmlns:script="http://openoffice.org/2000/script" office:class="text" office:version="1.0" xmlns:dc="http://purl.org/dc/elements/1.1/" xmlns:meta="http://openoffice.org/2000/meta" xmlns:help="http://openoffice.org/2000/help">
<office:meta>
  <dc:description>text/common/05/err_html</dc:description>
  <dc:subject>Chart Module not Available</dc:subject>
  <meta:keywords>
   <meta:keyword>$Version</meta:keyword>
  </meta:keywords>
  <dc:language>en-US</dc:language>
  <meta:user-defined meta:name="Info 0">READY</meta:user-defined>
  <meta:user-defined meta:name="Info 1">FREE_OK</meta:user-defined>
  <meta:user-defined meta:name="Info 2">NOINDEX</meta:user-defined>
  <meta:user-defined meta:name="Info 3"/>
</office:meta>
 <office:script/>
 <office:font-decls>
  <style:font-decl style:name="StarSymbol" fo:font-family="StarSymbol" style:font-charset="x-symbol"/>
  <style:font-decl style:name="Courier New" fo:font-family="&apos;Courier New&apos;" style:font-style-name="Standard" style:font-family-generic="modern" style:font-pitch="fixed"/>
  <style:font-decl style:name="Courier" fo:font-family="Courier" style:font-family-generic="roman" style:font-pitch="fixed"/>
  <style:font-decl style:name="Arial Unicode MS" fo:font-family="&apos;Arial Unicode MS&apos;" style:font-pitch="variable"/>
  <style:font-decl style:name="HG Mincho Light J" fo:font-family="&apos;HG Mincho Light J&apos;" style:font-pitch="variable"/>
  <style:font-decl style:name="Times New Roman4" fo:font-family="&apos;Times New Roman&apos;" style:font-pitch="variable"/>
  <style:font-decl style:name="Thorndale" fo:font-family="Thorndale" style:font-family-generic="roman" style:font-pitch="variable"/>
  <style:font-decl style:name="Times New Roman3" fo:font-family="&apos;Times New Roman&apos;" style:font-family-generic="roman" style:font-pitch="variable"/>
  <style:font-decl style:name="Times New Roman2" fo:font-family="&apos;Times New Roman&apos;" style:font-style-name="Fett" style:font-family-generic="roman" style:font-pitch="variable"/>
  <style:font-decl style:name="Times New Roman" fo:font-family="&apos;Times New Roman&apos;" style:font-style-name="Standard" style:font-family-generic="roman" style:font-pitch="variable"/>
  <style:font-decl style:name="Times New Roman1" fo:font-family="&apos;Times New Roman&apos;" style:font-family-generic="swiss" style:font-pitch="variable"/>
 </office:font-decls>
 <office:automatic-styles>
  <style:style style:name="Tabelle1" style:family="table">
   <style:properties style:width="18cm" table:align="margins"/>
  </style:style>
  <style:style style:name="Tabelle1.A" style:family="table-column">
   <style:properties style:column-width="2.362cm" style:rel-column-width="1339*"/>
  </style:style>
  <style:style style:name="Tabelle1.B" style:family="table-column">
   <style:properties style:column-width="15.637cm" style:rel-column-width="8865*"/>
  </style:style>
  <style:style style:name="Tabelle1.A1" style:family="table-cell">
   <style:properties fo:padding="0.097cm" fo:border="none"/>
  </style:style>
  <style:style style:name="Tabelle2" style:family="table">
   <style:properties style:width="18cm" table:align="margins"/>
  </style:style>
  <style:style style:name="Tabelle2.A" style:family="table-column">
   <style:properties style:column-width="2.54cm" style:rel-column-width="1440*"/>
  </style:style>
  <style:style style:name="Tabelle2.B" style:family="table-column">
   <style:properties style:column-width="15.459cm" style:rel-column-width="8764*"/>
  </style:style>
  <style:style style:name="Tabelle2.A1" style:family="table-cell">
   <style:properties fo:padding="0.097cm" fo:border="none"/>
  </style:style>
  <style:style style:name="P1" style:family="paragraph" style:parent-style-name="Paragraph" style:master-page-name="HTML">
   <style:properties style:page-number="0"/>
  </style:style>
  <style:style style:name="P2" style:family="paragraph" style:parent-style-name="Paragraph" style:list-style-name="L1"/>
  <style:style style:name="P3" style:family="paragraph" style:parent-style-name="Paragraph" style:list-style-name="L2"/>
  <style:style style:name="T1" style:family="text">
   <style:properties fo:font-weight="bold"/>
  </style:style>
  <style:style style:name="fr1" style:family="graphics" style:parent-style-name="Graphics">
   <style:properties style:wrap="run-through" style:vertical-pos="top" style:vertical-rel="paragraph" style:horizontal-pos="center" style:horizontal-rel="paragraph" style:mirror="none" fo:clip="rect(0cm 0cm 0cm 0cm)" draw:luminance="0%" draw:contrast="0%" draw:red="0%" draw:green="0%" draw:blue="0%" draw:gamma="1" draw:color-inversion="false" draw:transparency="-100%" draw:color-mode="standard"/>
  </style:style>
  <text:list-style style:name="L1">
   <text:list-level-style-number text:level="1" text:style-name="Numbering Symbols" style:num-suffix="." style:num-format="1">
    <style:properties text:min-label-width="0.499cm"/>
   </text:list-level-style-number>
   <text:list-level-style-number text:level="2" text:style-name="Numbering Symbols" style:num-suffix="." style:num-format="1">
    <style:properties text:space-before="0.501cm" text:min-label-width="0.499cm"/>
   </text:list-level-style-number>
   <text:list-level-style-number text:level="3" text:style-name="Numbering Symbols" style:num-suffix="." style:num-format="1">
    <style:properties text:space-before="1cm" text:min-label-width="0.499cm"/>
   </text:list-level-style-number>
   <text:list-level-style-number text:level="4" text:style-name="Numbering Symbols" style:num-suffix="." style:num-format="1">
    <style:properties text:space-before="1.501cm" text:min-label-width="0.499cm"/>
   </text:list-level-style-number>
   <text:list-level-style-number text:level="5" text:style-name="Numbering Symbols" style:num-suffix="." style:num-format="1">
    <style:properties text:space-before="2cm" text:min-label-width="0.499cm"/>
   </text:list-level-style-number>
   <text:list-level-style-number text:level="6" text:style-name="Numbering Symbols" style:num-suffix="." style:num-format="1">
    <style:properties text:space-before="2.501cm" text:min-label-width="0.499cm"/>
   </text:list-level-style-number>
   <text:list-level-style-number text:level="7" text:style-name="Numbering Symbols" style:num-suffix="." style:num-format="1">
    <style:properties text:space-before="3.001cm" text:min-label-width="0.499cm"/>
   </text:list-level-style-number>
   <text:list-level-style-number text:level="8" text:style-name="Numbering Symbols" style:num-suffix="." style:num-format="1">
    <style:properties text:space-before="3.502cm" text:min-label-width="0.499cm"/>
   </text:list-level-style-number>
   <text:list-level-style-number text:level="9" text:style-name="Numbering Symbols" style:num-suffix="." style:num-format="1">
    <style:properties text:space-before="4.001cm" text:min-label-width="0.499cm"/>
   </text:list-level-style-number>
   <text:list-level-style-number text:level="10" text:style-name="Numbering Symbols" style:num-suffix="." style:num-format="1">
    <style:properties text:space-before="4.502cm" text:min-label-width="0.499cm"/>
   </text:list-level-style-number>
  </text:list-style>
  <text:list-style style:name="L2">
   <text:list-level-style-bullet text:level="1" text:style-name="Bullet Symbols" style:num-suffix="." text:bullet-char="•">
    <style:properties text:min-label-width="0.499cm" style:font-name="StarSymbol"/>
   </text:list-level-style-bullet>
   <text:list-level-style-bullet text:level="2" text:style-name="Bullet Symbols" style:num-suffix="." text:bullet-char="•">
    <style:properties text:space-before="0.499cm" text:min-label-width="0.499cm" style:font-name="StarSymbol"/>
   </text:list-level-style-bullet>
   <text:list-level-style-bullet text:level="3" text:style-name="Bullet Symbols" style:num-suffix="." text:bullet-char="•">
    <style:properties text:space-before="0.999cm" text:min-label-width="0.499cm" style:font-name="StarSymbol"/>
   </text:list-level-style-bullet>
   <text:list-level-style-bullet text:level="4" text:style-name="Bullet Symbols" style:num-suffix="." text:bullet-char="•">
    <style:properties text:space-before="1.498cm" text:min-label-width="0.499cm" style:font-name="StarSymbol"/>
   </text:list-level-style-bullet>
   <text:list-level-style-bullet text:level="5" text:style-name="Bullet Symbols" style:num-suffix="." text:bullet-char="•">
    <style:properties text:space-before="1.997cm" text:min-label-width="0.499cm" style:font-name="StarSymbol"/>
   </text:list-level-style-bullet>
   <text:list-level-style-bullet text:level="6" text:style-name="Bullet Symbols" style:num-suffix="." text:bullet-char="•">
    <style:properties text:space-before="2.496cm" text:min-label-width="0.499cm" style:font-name="StarSymbol"/>
   </text:list-level-style-bullet>
   <text:list-level-style-bullet text:level="7" text:style-name="Bullet Symbols" style:num-suffix="." text:bullet-char="•">
    <style:properties text:space-before="2.995cm" text:min-label-width="0.499cm" style:font-name="StarSymbol"/>
   </text:list-level-style-bullet>
   <text:list-level-style-bullet text:level="8" text:style-name="Bullet Symbols" style:num-suffix="." text:bullet-char="•">
    <style:properties text:space-before="3.494cm" text:min-label-width="0.499cm" style:font-name="StarSymbol"/>
   </text:list-level-style-bullet>
   <text:list-level-style-bullet text:level="9" text:style-name="Bullet Symbols" style:num-suffix="." text:bullet-char="•">
    <style:properties text:space-before="3.994cm" text:min-label-width="0.499cm" style:font-name="StarSymbol"/>
   </text:list-level-style-bullet>
   <text:list-level-style-bullet text:level="10" text:style-name="Bullet Symbols" style:num-suffix="." text:bullet-char="•">
    <style:properties text:space-before="4.493cm" text:min-label-width="0.499cm" style:font-name="StarSymbol"/>
   </text:list-level-style-bullet>
  </text:list-style>
 </office:automatic-styles>
 <office:body>
  <text:variable-decls>
   <text:variable-decl text:value-type="string" text:name="HTML_ON"/>
   <text:variable-decl text:value-type="string" text:name="HTML_OFF"/>
   <text:variable-decl text:value-type="string" text:name="TITEL"/>
   <text:variable-decl text:value-type="string" text:name="END"/>
   <text:variable-decl text:value-type="string" text:name="MAC"/>
   <text:variable-decl text:value-type="string" text:name="ELSE"/>
   <text:variable-decl text:value-type="string" text:name="OS2"/>
   <text:variable-decl text:value-type="string" text:name="HREF"/>
   <text:variable-decl text:value-type="string" text:name="WIN"/>
   <text:variable-decl text:value-type="string" text:name="NAME"/>
   <text:variable-decl text:value-type="string" text:name="MODIFY"/>
   <text:variable-decl text:value-type="string" text:name="REFNR"/>
   <text:variable-decl text:value-type="string" text:name="KEY"/>
   <text:variable-decl text:value-type="string" text:name="INDEX"/>
   <text:variable-decl text:value-type="string" text:name="UNIX"/>
   <text:variable-decl text:value-type="string" text:name="HFELD"/>
   <text:variable-decl text:value-type="string" text:name="STYLE"/>
   <text:variable-decl text:value-type="string" text:name="PARAINFO"/>
  </text:variable-decls>
  <text:sequence-decls>
   <text:sequence-decl text:display-outline-level="0" text:name="Illustration"/>
   <text:sequence-decl text:display-outline-level="0" text:name="Table"/>
   <text:sequence-decl text:display-outline-level="0" text:name="Text"/>
   <text:sequence-decl text:display-outline-level="0" text:name="Drawing"/>
  </text:sequence-decls>
  <help:paragraphinfo state="E"/><help:switch select="Program"><help:case select="CHART">
  <text:p text:style-name="Head 1"><help:paragraphinfo state="U" number="18"/>Chart Module not Available</text:p>
  <text:p text:style-name="Paragraph"><help:paragraphinfo state="U" number="19"/><help:productname>%PRODUCTNAME</help:productname> Chart is not available as a standalone module any longer. You can open your existing charts produced with earlier versions in a read-only mode where the chart can be displayed and printed.</text:p>
  <text:p text:style-name="Paragraph"><help:paragraphinfo state="U" number="20"/>To insert an existing chart document created with a previous version of the software:</text:p>
  <text:ordered-list text:style-name="L1">
   <text:list-item>
    <text:p text:style-name="P2"><help:paragraphinfo state="U" number="21"/>Open a <help:productname>%PRODUCTNAME</help:productname> Calc document.</text:p>
   </text:list-item>
   <text:list-item>
    <text:p text:style-name="P2"><help:paragraphinfo state="U" number="22"/>Choose <text:span text:style-name="T1">Insert - Object - OLE Object</text:span>.</text:p>
   </text:list-item>
   <text:list-item>
    <text:p text:style-name="P2"><help:paragraphinfo state="U" number="23"/>In the dialog, click <text:span text:style-name="T1">Create from file</text:span>. Click the <text:span text:style-name="T1">Search</text:span> button and select the .sds file. The chart is inserted and selected.</text:p>
   </text:list-item>
   <text:list-item>
    <text:p text:style-name="P2"><help:paragraphinfo state="U" number="24"/>The chart data can be retrieved or edited after clicking the <text:span text:style-name="T1">Chart Data</text:span> icon in the main toolbar.</text:p>
   </text:list-item>
  </text:ordered-list>
  <help:paragraphinfo state="E"/></help:case><help:default>
  <text:p text:style-name="Head 1"><help:paragraphinfo state="U" number="1"/>Could not find Help page.</text:p>
  <text:p text:style-name="Paragraph"><help:paragraphinfo state="U" number="2"/>Unfortunately the Help page you selected was not found. The following data could be helpful in locating the error:</text:p>
  <table:table table:name="Tabelle1" table:style-name="Tabelle1">
   <table:table-column table:style-name="Tabelle1.A"/>
   <table:table-column table:style-name="Tabelle1.B"/>
   <table:table-row>
    <table:table-cell table:style-name="Tabelle1.A1" table:value-type="string">
     <text:p text:style-name="Paragraph"><help:paragraphinfo state="U" number="3"/>Help ID:</text:p>
    </table:table-cell>
    <table:table-cell table:style-name="Tabelle1.A1" table:value-type="string">
     <text:p text:style-name="Paragraph"><help:paragraphinfo state="U" number="4"/><text:span text:style-name="T1">&lt;help:help-id-missing xmlns:help=&quot;http://openoffice.org/2000/help&quot;/&gt;</text:span></text:p>
    </table:table-cell>
   </table:table-row>
   <table:table-row>
    <table:table-cell table:style-name="Tabelle1.A1" table:value-type="string">
     <text:p text:style-name="Paragraph"><help:paragraphinfo state="U" number="5"/>Help Mod:</text:p>
    </table:table-cell>
    <table:table-cell table:style-name="Tabelle1.A1" table:value-type="string">
     <text:p text:style-name="Paragraph"><help:paragraphinfo state="U" number="6"/><text:span text:style-name="T1">&lt;help:help-mod-missing xmlns:help=&quot;http://openoffice.org/2000/help&quot;/&gt;</text:span></text:p>
    </table:table-cell>
   </table:table-row>
   <table:table-row>
    <table:table-cell table:style-name="Tabelle1.A1" table:value-type="string">
     <text:p text:style-name="Paragraph"><help:paragraphinfo state="U" number="7"/>Help path:</text:p>
    </table:table-cell>
    <table:table-cell table:style-name="Tabelle1.A1" table:value-type="string">
     <text:p text:style-name="Paragraph"><help:paragraphinfo state="U" number="8"/><text:span text:style-name="T1">&lt;help:help-org-missing xmlns:help=&quot;http://openoffice.org/2000/help&quot;/&gt;</text:span></text:p>
    </table:table-cell>
   </table:table-row>
  </table:table>
  <text:p text:style-name="Paragraph"><help:paragraphinfo state="U" number="9"/>This error message can result from the following:</text:p>
  <text:unordered-list text:style-name="L2">
   <text:list-item>
    <text:p text:style-name="P3"><help:paragraphinfo state="U" number="10"/><text:span text:style-name="T1">The corresponding Help module is not installed.</text:span></text:p>
    <text:p text:style-name="P3"><help:paragraphinfo state="U" number="11"/>During installation you can choose which Help modules to install. If you did not install all the Help modules or applications, the Help system may not be able to access the required file.</text:p>
    <text:p text:style-name="P3"><help:paragraphinfo state="U" number="12"/><help:link Id="68339">How to change an existing installation</help:link></text:p>
   </text:list-item>
   <text:list-item>
    <text:p text:style-name="P3"><help:paragraphinfo state="U" number="13"/><text:span text:style-name="T1">The Help database is damaged.</text:span></text:p>
    <text:p text:style-name="P3"><help:paragraphinfo state="U" number="14"/>The files for the Help texts are managed through a database. This database could be damaged either as a result of a damaged installation or due to changes made by the user.</text:p>
    <text:p text:style-name="P3"><help:paragraphinfo state="U" number="15"/><help:link Id="68338">How to repair a damaged installation</help:link></text:p>
   </text:list-item>
  </text:unordered-list>
  <table:table table:name="Tabelle2" table:style-name="Tabelle2">
   <table:table-column table:style-name="Tabelle2.A"/>
   <table:table-column table:style-name="Tabelle2.B"/>
   <table:table-row>
    <table:table-cell table:style-name="Tabelle2.A1" table:value-type="string">
     <text:p text:style-name="TableHead"><draw:image draw:name="Icon0" svg:desc="Icon" svg:pixelx="25" svg:pixely="25" svg:width="0.661cm" svg:height="0.661cm" xlink:href="67373" draw:filter-name=""/></text:p>

    </table:table-cell>
    <table:table-cell table:style-name="Tabelle2.A1" table:value-type="string">
     <text:p text:style-name="Paragraph"><help:paragraphinfo state="U" number="16"/>Click <text:span text:style-name="T1">Back</text:span> to return to the previous page.</text:p>
    </table:table-cell>
   </table:table-row>
  </table:table>
  <help:paragraphinfo state="E"/></help:default></help:switch>
 </office:body>
</office:document>
