

<office:document  xmlns:office="http://openoffice.org/2000/office" xmlns:style="http://openoffice.org/2000/style" xmlns:text="http://openoffice.org/2000/text" xmlns:table="http://openoffice.org/2000/table" xmlns:draw="http://openoffice.org/2000/drawing" xmlns:fo="http://www.w3.org/1999/XSL/Format" xmlns:xlink="http://www.w3.org/1999/xlink" xmlns:number="http://openoffice.org/2000/datastyle" xmlns:svg="http://www.w3.org/2000/svg" xmlns:chart="http://openoffice.org/2000/chart" xmlns:dr3d="http://openoffice.org/2000/dr3d" xmlns:math="http://www.w3.org/1998/Math/MathML" xmlns:form="http://openoffice.org/2000/form" xmlns:script="http://openoffice.org/2000/script" office:class="text" office:version="1.0" xmlns:dc="http://purl.org/dc/elements/1.1/" xmlns:meta="http://openoffice.org/2000/meta" xmlns:help="http://openoffice.org/2000/help">
<office:meta>
  <dc:description>text/common/01/01190000</dc:description>
  <dc:subject>버전</dc:subject>
  <meta:keywords>
   <meta:keyword>$Version</meta:keyword>
  </meta:keywords>
  <dc:language>ko-KR</dc:language>
  <meta:user-defined meta:name="Info 0">READY</meta:user-defined>
  <meta:user-defined meta:name="Info 1">FREE_OK</meta:user-defined>
  <meta:user-defined meta:name="Info 2"/>
  <meta:user-defined meta:name="Info 3"/>
</office:meta>
 <office:script/>
 <office:font-decls>
  <style:font-decl style:name="StarSymbol" fo:font-family="StarSymbol" style:font-charset="x-symbol"/>
  <style:font-decl style:name="Courier New" fo:font-family="&apos;Courier New&apos;" style:font-style-name="Standard" style:font-family-generic="modern" style:font-pitch="fixed"/>
  <style:font-decl style:name="Courier" fo:font-family="Courier" style:font-family-generic="roman" style:font-pitch="fixed"/>
  <style:font-decl style:name="Andale WT UI3" fo:font-family="&apos;Andale WT UI&apos;" style:font-pitch="variable"/>
  <style:font-decl style:name="Arial Unicode MS" fo:font-family="&apos;Arial Unicode MS&apos;" style:font-pitch="variable"/>
  <style:font-decl style:name="HG Mincho Light J" fo:font-family="&apos;HG Mincho Light J&apos;" style:font-pitch="variable"/>
  <style:font-decl style:name="Andale WT UI" fo:font-family="&apos;Andale WT UI&apos;" style:font-style-name="Fett" style:font-family-generic="roman" style:font-pitch="variable"/>
  <style:font-decl style:name="Andale WT UI1" fo:font-family="&apos;Andale WT UI&apos;" style:font-style-name="Standard" style:font-family-generic="roman" style:font-pitch="variable"/>
  <style:font-decl style:name="Thorndale" fo:font-family="Thorndale" style:font-family-generic="roman" style:font-pitch="variable"/>
  <style:font-decl style:name="Times New Roman" fo:font-family="&apos;Times New Roman&apos;" style:font-style-name="Fett" style:font-family-generic="roman" style:font-pitch="variable"/>
  <style:font-decl style:name="Andale WT UI2" fo:font-family="&apos;Andale WT UI&apos;" style:font-family-generic="swiss" style:font-pitch="variable"/>
 </office:font-decls>
 <office:automatic-styles>
  <style:style style:name="Tabelle1" style:family="table">
   <style:properties style:width="18cm" table:align="margins"/>
  </style:style>
  <style:style style:name="Tabelle1.A" style:family="table-column">
   <style:properties style:column-width="1.499cm" style:rel-column-width="5460*"/>
  </style:style>
  <style:style style:name="Tabelle1.B" style:family="table-column">
   <style:properties style:column-width="16.501cm" style:rel-column-width="60075*"/>
  </style:style>
  <style:style style:name="Tabelle1.1" style:family="table-row">
   <style:properties style:min-row-height="0.848cm"/>
  </style:style>
  <style:style style:name="Tabelle1.A1" style:family="table-cell">
   <style:properties fo:padding="0cm" fo:border="none"/>
  </style:style>
  <style:style style:name="P1" style:family="paragraph" style:parent-style-name="Paragraph" style:master-page-name="HTML">
   <style:properties style:page-number="0"/>
  </style:style>
  <style:style style:name="T1" style:family="text">
   <style:properties fo:font-weight="bold"/>
  </style:style>
  <style:style style:name="fr1" style:family="graphics" style:parent-style-name="Graphics">
   <style:properties fo:margin-left="0cm" fo:margin-right="0cm" fo:margin-top="0cm" fo:margin-bottom="0cm" style:run-through="foreground" style:wrap="run-through" style:vertical-pos="top" style:vertical-rel="paragraph" style:horizontal-pos="left" style:horizontal-rel="paragraph" style:mirror="none" fo:clip="rect(0cm 0cm 0cm 0cm)" draw:luminance="0%" draw:contrast="0%" draw:red="0%" draw:green="0%" draw:blue="0%" draw:gamma="1" draw:color-inversion="false" draw:transparency="-100%" draw:color-mode="standard"/>
  </style:style>
 </office:automatic-styles>
 <office:body>
  <text:variable-decls>
   <text:variable-decl text:value-type="string" text:name="HTML_ON"/>
   <text:variable-decl text:value-type="string" text:name="HTML_OFF"/>
   <text:variable-decl text:value-type="string" text:name="TITEL"/>
   <text:variable-decl text:value-type="string" text:name="END"/>
   <text:variable-decl text:value-type="string" text:name="WIN"/>
   <text:variable-decl text:value-type="string" text:name="mac"/>
   <text:variable-decl text:value-type="string" text:name="OS2"/>
   <text:variable-decl text:value-type="string" text:name="ELSE"/>
   <text:variable-decl text:value-type="string" text:name="NAME"/>
   <text:variable-decl text:value-type="string" text:name="HREF"/>
   <text:variable-decl text:value-type="string" text:name="HelpID"/>
   <text:variable-decl text:value-type="string" text:name="MODIFY"/>
   <text:variable-decl text:value-type="string" text:name="REFNR"/>
   <text:variable-decl text:value-type="string" text:name="AKTHLP"/>
   <text:variable-decl text:value-type="string" text:name="KEY"/>
   <text:variable-decl text:value-type="string" text:name="INDEX"/>
   <text:variable-decl text:value-type="string" text:name="STYLE"/>
  </text:variable-decls>
  <text:sequence-decls>
   <text:sequence-decl text:display-outline-level="0" text:name="Illustration"/>
   <text:sequence-decl text:display-outline-level="0" text:name="Table"/>
   <text:sequence-decl text:display-outline-level="0" text:name="Text"/>
   <text:sequence-decl text:display-outline-level="0" text:name="Drawing"/>
  </text:sequence-decls>
  <text:p text:style-name="P1"/>
  <text:p text:style-name="Head 1"><help:help-id value="SID_VERSION"/><help:key-word value="버전; 문서 저장 및 열기" tag="kw65722_1"/><help:key-word value="문서; 버전" tag="kw65722_2"/><a name="versionen"/><help:link Id="65722">버전</help:link></text:p>
  <text:p text:style-name="Paragraph"><help:to-be-embedded Eid="versionentext"><help:help-text value="visible">현재 문서의 여러 버전을 같은 파일에 저장하고 관리합니다. 또한 이전 버전을 열거나 삭제, 비교할 수 있습니다.</help:help-text></help:to-be-embedded></text:p>
  <help:popup Id="65611" Eid="versionen"><help:embedded Id="65598" Eid="wie"></help:embedded></help:popup>
  <table:table table:name="Tabelle1" table:style-name="Tabelle1">
   <table:table-column table:style-name="Tabelle1.A"/>
   <table:table-column table:style-name="Tabelle1.B"/>
   <table:table-header-rows>
    <table:table-row table:style-name="Tabelle1.1">
     <table:table-cell table:style-name="Tabelle1.A1" table:value-type="string">
      <text:p text:style-name="Paragraph"><draw:image draw:name="중요0" svg:desc="중요" svg:pixelx="32" svg:pixely="32" svg:width="0.847cm" svg:height="0.847cm" xlink:href="65640" draw:filter-name=""/></text:p>

     </table:table-cell>
     <table:table-cell table:style-name="Tabelle1.A1" table:value-type="string">
      <text:p text:style-name="Paragraph">버전 정보를 포함하는 파일의 복사본을 [파일] - [다른 이름으로 저장]을 선택하여 저장하면 버전 정보는 해당 복사본 파일에 저장되지 않습니다.</text:p>
     </table:table-cell>
    </table:table-row>
   </table:table-header-rows>
  </table:table>
  <text:p text:style-name="Head 2">새 버전</text:p>
  <text:p text:style-name="Paragraph">문서의 새 버전 저장 옵션을 설정합니다.</text:p>
  <text:p text:style-name="Head 3"><help:help-id value="SFX2_PUSHBUTTON_DLG_VERSIONS_PB_SAVE"/>새 버전 저장</text:p>
  <text:p text:style-name="Paragraph"><help:help-text value="visible">문서의 현재 상태를 새 버전으로 저장합니다. 필요하면 새 버전을 저장하기 전에 [버전 설명 입력] 대화 상자에서 설명을 입력할 수 있습니다.</help:help-text></text:p>
  <text:p text:style-name="Head 4"><help:help-id value="SFX2_MULTILINEEDIT_DLG_COMMENTS_ME_VERSIONS"/>버전 설명 입력</text:p>
  <text:p text:style-name="Paragraph"><help:help-text value="visible">새 버전을 저장할 때 여기에 설명을 입력합니다. [표시]를 눌러 대화 상자를 열면 설명을 편집할 수 없습니다.</help:help-text></text:p>
  <text:p text:style-name="Head 3"><help:help-id value="SFX2_CHECKBOX_DLG_VERSIONS_CB_SAVEONCLOSE"/>닫을 때 항상 버전 저장</text:p>
  <text:p text:style-name="Paragraph"><help:help-text value="visible">문서를 변경하고 닫으면 <help:productname>%PRODUCTNAME</help:productname>은(는) 자동으로 새 버전을 저장합니다.</help:help-text></text:p>
  <text:p text:style-name="Head 2"><help:help-id value="SFX2_MODALDIALOG_DLG_VERSIONS"/>기존 버전</text:p>
  <text:p text:style-name="Paragraph"><help:help-text value="visible">현재 문서의 기존 버전, 작성된 날짜 및 시간, 작성자와 관련 설명을 나열합니다.</help:help-text></text:p>
  <help:embedded Id="65630" Eid="schliessen"></help:embedded>
  <text:p text:style-name="Head 2"><help:help-id value="SFX2_PUSHBUTTON_DLG_VERSIONS_PB_OPEN"/>열기</text:p>
  <text:p text:style-name="Paragraph"><help:help-text value="visible">선택한 버전을 읽기 전용 창에서 엽니다.</help:help-text></text:p>
  <text:p text:style-name="Head 2"><help:help-id value="SFX2_PUSHBUTTON_DLG_VERSIONS_PB_VIEW"/>표시...</text:p>
  <text:p text:style-name="Paragraph"><help:help-text value="visible">선택한 버전의 전체 설명을 표시합니다.</help:help-text></text:p>
  <text:p text:style-name="Head 2"><help:help-id value="SFX2_PUSHBUTTON_DLG_VERSIONS_PB_DELETE"/>삭제</text:p>
  <text:p text:style-name="Paragraph"><help:help-text value="visible">선택한 버전을 삭제합니다.</help:help-text></text:p>
  <text:p text:style-name="Head 2"><help:help-id value="SFX2_PUSHBUTTON_DLG_VERSIONS_PB_COMPARE"/>비교</text:p>
  <text:p text:style-name="Paragraph"><help:help-text value="visible">이 기능을 이용하여 문서의 여러 가지 버전을 비교할 수 있습니다.</help:help-text> <help:link Id="65877"><text:span text:style-name="T1">변경 적용 또는 취소</text:span></help:link>대화 상자가 열립니다. 여기에 변경이 나열되며 문서에서 색으로 강조됩니다.</text:p>
 </office:body>
</office:document>
