

<office:document  xmlns:office="http://openoffice.org/2000/office" xmlns:style="http://openoffice.org/2000/style" xmlns:text="http://openoffice.org/2000/text" xmlns:table="http://openoffice.org/2000/table" xmlns:draw="http://openoffice.org/2000/drawing" xmlns:fo="http://www.w3.org/1999/XSL/Format" xmlns:xlink="http://www.w3.org/1999/xlink" xmlns:number="http://openoffice.org/2000/datastyle" xmlns:svg="http://www.w3.org/2000/svg" xmlns:chart="http://openoffice.org/2000/chart" xmlns:dr3d="http://openoffice.org/2000/dr3d" xmlns:math="http://www.w3.org/1998/Math/MathML" xmlns:form="http://openoffice.org/2000/form" xmlns:script="http://openoffice.org/2000/script" office:class="text" office:version="1.0" xmlns:dc="http://purl.org/dc/elements/1.1/" xmlns:meta="http://openoffice.org/2000/meta" xmlns:help="http://openoffice.org/2000/help">
<office:meta>
  <dc:description>text/common/01/02210101</dc:description>
  <dc:subject>프레임 - 등록 정보</dc:subject>

  <dc:language>ko-KR</dc:language>
  <meta:user-defined meta:name="Info 0">READY</meta:user-defined>
  <meta:user-defined meta:name="Info 1">FREE_OK</meta:user-defined>
  <meta:user-defined meta:name="Info 2">HTML_OK</meta:user-defined>
  <meta:user-defined meta:name="Info 3"/>
</office:meta>
 <office:script/>
 <office:font-decls>
  <style:font-decl style:name="StarSymbol" fo:font-family="StarSymbol" style:font-charset="x-symbol"/>
  <style:font-decl style:name="Courier New" fo:font-family="&apos;Courier New&apos;" style:font-style-name="Standard" style:font-family-generic="modern" style:font-pitch="fixed"/>
  <style:font-decl style:name="Courier" fo:font-family="Courier" style:font-family-generic="roman" style:font-pitch="fixed"/>
  <style:font-decl style:name="Andale WT UI3" fo:font-family="&apos;Andale WT UI&apos;" style:font-pitch="variable"/>
  <style:font-decl style:name="Arial Unicode MS" fo:font-family="&apos;Arial Unicode MS&apos;" style:font-pitch="variable"/>
  <style:font-decl style:name="HG Mincho Light J" fo:font-family="&apos;HG Mincho Light J&apos;" style:font-pitch="variable"/>
  <style:font-decl style:name="Andale WT UI" fo:font-family="&apos;Andale WT UI&apos;" style:font-style-name="Fett" style:font-family-generic="roman" style:font-pitch="variable"/>
  <style:font-decl style:name="Andale WT UI1" fo:font-family="&apos;Andale WT UI&apos;" style:font-style-name="Standard" style:font-family-generic="roman" style:font-pitch="variable"/>
  <style:font-decl style:name="Thorndale" fo:font-family="Thorndale" style:font-family-generic="roman" style:font-pitch="variable"/>
  <style:font-decl style:name="Times New Roman" fo:font-family="&apos;Times New Roman&apos;" style:font-style-name="Fett" style:font-family-generic="roman" style:font-pitch="variable"/>
  <style:font-decl style:name="Andale WT UI2" fo:font-family="&apos;Andale WT UI&apos;" style:font-family-generic="swiss" style:font-pitch="variable"/>
 </office:font-decls>
 <office:automatic-styles>
  <style:style style:name="P1" style:family="paragraph" style:parent-style-name="Paragraph" style:master-page-name="HTML">
   <style:properties style:page-number="0"/>
  </style:style>
  <style:style style:name="P2" style:family="paragraph" style:parent-style-name="Paragraph" style:list-style-name="L1"/>
  <text:list-style style:name="L1">
   <text:list-level-style-bullet text:level="1" text:style-name="Bullet Symbols" style:num-suffix="." text:bullet-char="•">
    <style:properties text:min-label-width="0.499cm" style:font-name="StarSymbol"/>
   </text:list-level-style-bullet>
   <text:list-level-style-bullet text:level="2" text:style-name="Bullet Symbols" style:num-suffix="." text:bullet-char="•">
    <style:properties text:space-before="0.501cm" text:min-label-width="0.499cm" style:font-name="StarSymbol"/>
   </text:list-level-style-bullet>
   <text:list-level-style-bullet text:level="3" text:style-name="Bullet Symbols" style:num-suffix="." text:bullet-char="•">
    <style:properties text:space-before="1cm" text:min-label-width="0.499cm" style:font-name="StarSymbol"/>
   </text:list-level-style-bullet>
   <text:list-level-style-bullet text:level="4" text:style-name="Bullet Symbols" style:num-suffix="." text:bullet-char="•">
    <style:properties text:space-before="1.501cm" text:min-label-width="0.499cm" style:font-name="StarSymbol"/>
   </text:list-level-style-bullet>
   <text:list-level-style-bullet text:level="5" text:style-name="Bullet Symbols" style:num-suffix="." text:bullet-char="•">
    <style:properties text:space-before="2cm" text:min-label-width="0.499cm" style:font-name="StarSymbol"/>
   </text:list-level-style-bullet>
   <text:list-level-style-bullet text:level="6" text:style-name="Bullet Symbols" style:num-suffix="." text:bullet-char="•">
    <style:properties text:space-before="2.501cm" text:min-label-width="0.499cm" style:font-name="StarSymbol"/>
   </text:list-level-style-bullet>
   <text:list-level-style-bullet text:level="7" text:style-name="Bullet Symbols" style:num-suffix="." text:bullet-char="•">
    <style:properties text:space-before="3.001cm" text:min-label-width="0.499cm" style:font-name="StarSymbol"/>
   </text:list-level-style-bullet>
   <text:list-level-style-bullet text:level="8" text:style-name="Bullet Symbols" style:num-suffix="." text:bullet-char="•">
    <style:properties text:space-before="3.502cm" text:min-label-width="0.499cm" style:font-name="StarSymbol"/>
   </text:list-level-style-bullet>
   <text:list-level-style-bullet text:level="9" text:style-name="Bullet Symbols" style:num-suffix="." text:bullet-char="•">
    <style:properties text:space-before="4.001cm" text:min-label-width="0.499cm" style:font-name="StarSymbol"/>
   </text:list-level-style-bullet>
   <text:list-level-style-bullet text:level="10" text:style-name="Bullet Symbols" style:num-suffix="." text:bullet-char="•">
    <style:properties text:space-before="4.502cm" text:min-label-width="0.499cm" style:font-name="StarSymbol"/>
   </text:list-level-style-bullet>
  </text:list-style>
 </office:automatic-styles>
 <office:body>
  <text:variable-decls>
   <text:variable-decl text:value-type="string" text:name="HTML_ON"/>
   <text:variable-decl text:value-type="string" text:name="HTML_OFF"/>
   <text:variable-decl text:value-type="string" text:name="TITEL"/>
   <text:variable-decl text:value-type="string" text:name="END"/>
   <text:variable-decl text:value-type="string" text:name="MAC"/>
   <text:variable-decl text:value-type="string" text:name="ELSE"/>
   <text:variable-decl text:value-type="string" text:name="OS2"/>
   <text:variable-decl text:value-type="string" text:name="HREF"/>
   <text:variable-decl text:value-type="string" text:name="NAME"/>
   <text:variable-decl text:value-type="string" text:name="HelpID"/>
   <text:variable-decl text:value-type="string" text:name="MODIFY"/>
   <text:variable-decl text:value-type="string" text:name="REFNR"/>
   <text:variable-decl text:value-type="string" text:name="AKTHLP"/>
   <text:variable-decl text:value-type="string" text:name="STYLE"/>
  </text:variable-decls>
  <text:sequence-decls>
   <text:sequence-decl text:display-outline-level="0" text:name="Illustration"/>
   <text:sequence-decl text:display-outline-level="0" text:name="Table"/>
   <text:sequence-decl text:display-outline-level="0" text:name="Text"/>
   <text:sequence-decl text:display-outline-level="0" text:name="Drawing"/>
  </text:sequence-decls>
  <text:p text:style-name="P1"/>
  <text:p text:style-name="Head 1"><help:help-id value="SFX2_TABPAGE_TP_FRAMEPROPERTIES"/><a name="eigenschaften"/><help:link Id="65728">프레임 - 등록 정보</help:link></text:p>
  <text:p text:style-name="Paragraph"><help:help-text value="visible">선택한 부동 프레임의 등록 정보를 바꿉니다.</help:help-text><a name="ende"/></text:p>
  <help:popup Id="65620" Eid="rahmeneigenschaften"><help:embedded Id="65598" Eid="wie"></help:embedded></help:popup>
  <text:p text:style-name="Head 2"><help:help-id value="SFX2_EDIT_TP_FRAMEPROPERTIES_ED_FRAMENAME"/>이름</text:p>
  <text:p text:style-name="Paragraph"><a name="name"/><help:help-text value="visible">부동 프레임의 이름을 입력합니다. 이름에는 공백, 특수 문자를 사용할 수 없으며 밑줄( _ )로 시작해서도 안 됩니다.</help:help-text><a name="ende"/></text:p>
  <text:p text:style-name="Head 2"><help:help-id value="SFX2_EDIT_TP_FRAMEPROPERTIES_ED_URL"/>내용</text:p>
  <text:p text:style-name="Paragraph"><a name="inhalt"/><help:help-text value="visible">부동 프레임에 표시할 파일의 경로와 이름을 입력합니다. [...] 버튼을 눌러 표시할 파일을 찾을 수도 있습니다.</help:help-text></text:p>
  <text:unordered-list text:style-name="L1">
   <text:list-item>
    <text:p text:style-name="P2">http://www.sun.de</text:p>
   </text:list-item>
   <text:list-item>
    <text:p text:style-name="P2">file:///c|/Liesmich.txt <a name="ende"/></text:p>
   </text:list-item>
  </text:unordered-list>
  <text:p text:style-name="Head 2"><help:help-id value="SFX2_PUSHBUTTON_TP_FRAMEPROPERTIES_BT_FILEOPEN"/>...</text:p>
  <text:p text:style-name="Paragraph"><help:help-text value="visible">선택한 부동 프레임에 표시할 파일을 찾은 다음 [열기]를 누릅니다.</help:help-text></text:p>
  <text:p text:style-name="Head 2">스크롤 바</text:p>
  <text:p text:style-name="Paragraph">선택한 부동 프레임에 스크롤 막대를 추가하거나 제거합니다.</text:p>
  <text:p text:style-name="Head 3"><help:help-id value="SFX2_RADIOBUTTON_TP_FRAMEPROPERTIES_RB_SCROLLINGON"/>적용</text:p>
  <text:p text:style-name="Paragraph"><help:help-text value="visible">부동 프레임의 스크롤 막대를 표시합니다.</help:help-text></text:p>
  <text:p text:style-name="Head 3"><help:help-id value="SFX2_RADIOBUTTON_TP_FRAMEPROPERTIES_RB_SCROLLINGOFF"/>해제</text:p>
  <text:p text:style-name="Paragraph"><help:help-text value="visible">부동 프레임의 스크롤 막대를 숨깁니다.</help:help-text></text:p>
  <text:p text:style-name="Head 3"><help:help-id value="SFX2_RADIOBUTTON_TP_FRAMEPROPERTIES_RB_SCROLLINGAUTO"/>자동</text:p>
  <text:p text:style-name="Paragraph"><help:help-text value="visible">필요에 따라 현재 프레임에 스크롤 바가 있어야 할 경우 이 옵션을 선택하십시오l.</help:help-text></text:p>
  <text:p text:style-name="Head 2">테두리</text:p>
  <text:p text:style-name="Paragraph">부동 프레임의 테두리를 표시하거나 숨깁니다.</text:p>
  <text:p text:style-name="Head 3"><help:help-id value="SFX2_RADIOBUTTON_TP_FRAMEPROPERTIES_RB_FRMBORDER_ON"/>적용</text:p>
  <text:p text:style-name="Paragraph"><help:help-text value="visible">부동 프레임의 테두리를 표시합니다.</help:help-text></text:p>
  <text:p text:style-name="Head 3"><help:help-id value="SFX2_RADIOBUTTON_TP_FRAMEPROPERTIES_RB_FRMBORDER_OFF"/>해제</text:p>
  <text:p text:style-name="Paragraph"><help:help-text value="visible">부동 프레임의 테두리를 숨깁니다.</help:help-text></text:p>
  <text:p text:style-name="Head 2">내용으로부터의 간격</text:p>
  <text:p text:style-name="Paragraph">부동 프레임 내부 문서 및 외부 문서 모두가 HTML 문서일 때 부동 프레임의 테두리와 부동 프레임의 내용 사이의 간격을 지정합니다.</text:p>
  <text:p text:style-name="Head 3"><help:help-id value="SFX2_NUMERICFIELD_TP_FRAMEPROPERTIES_NM_MARGINWIDTH"/>너비</text:p>
  <text:p text:style-name="Paragraph"><help:help-text value="visible">부동 프레임의 오른쪽 및 왼쪽 가장자리와 부동 프레임의 내용 사이의 가로 간격을 입력합니다. 부동 프레임 내부 및 외부의 문서가 모두 HTML 문서여야 합니다.</help:help-text></text:p>
  <text:p text:style-name="Head 3"><help:help-id value="SFX2_NUMERICFIELD_TP_FRAMEPROPERTIES_NM_MARGINHEIGHT"/>높이</text:p>
  <text:p text:style-name="Paragraph"><help:help-text value="visible">부동 프레임의 위쪽 및 아래쪽 가장자리와 부동 프레임의 내용 사이의 가로 간격을 입력합니다. 부동 프레임 내부 및 외부의 문서가 모두 HTML 문서여야 합니다.</help:help-text></text:p>
  <text:p text:style-name="Head 3"><help:help-id value="SFX2_CHECKBOX_TP_FRAMEPROPERTIES_CB_MARGINWIDTHDEFAULT"/><help:help-id value="SFX2_CHECKBOX_TP_FRAMEPROPERTIES_CB_MARGINHEIGHTDEFAULT"/>기본</text:p>
  <text:p text:style-name="Paragraph"><help:help-text value="visible">기본 간격을 적용합니다.</help:help-text></text:p>
 </office:body>
</office:document>
