

<office:document  xmlns:office="http://openoffice.org/2000/office" xmlns:style="http://openoffice.org/2000/style" xmlns:text="http://openoffice.org/2000/text" xmlns:table="http://openoffice.org/2000/table" xmlns:draw="http://openoffice.org/2000/drawing" xmlns:fo="http://www.w3.org/1999/XSL/Format" xmlns:xlink="http://www.w3.org/1999/xlink" xmlns:number="http://openoffice.org/2000/datastyle" xmlns:svg="http://www.w3.org/2000/svg" xmlns:chart="http://openoffice.org/2000/chart" xmlns:dr3d="http://openoffice.org/2000/dr3d" xmlns:math="http://www.w3.org/1998/Math/MathML" xmlns:form="http://openoffice.org/2000/form" xmlns:script="http://openoffice.org/2000/script" office:class="text" office:version="1.0" xmlns:dc="http://purl.org/dc/elements/1.1/" xmlns:meta="http://openoffice.org/2000/meta" xmlns:help="http://openoffice.org/2000/help">
<office:meta>
  <dc:description>text/common/01/04050000</dc:description>
  <dc:subject>메모 삽입</dc:subject>

  <dc:language>ko-KR</dc:language>
  <meta:user-defined meta:name="Info 0">READY</meta:user-defined>
  <meta:user-defined meta:name="Info 1">FREE_OK</meta:user-defined>
  <meta:user-defined meta:name="Info 2"/>
  <meta:user-defined meta:name="Info 3"/>
</office:meta>
 <office:script/>
 <office:font-decls>
  <style:font-decl style:name="StarSymbol" fo:font-family="StarSymbol" style:font-charset="x-symbol"/>
  <style:font-decl style:name="Courier New" fo:font-family="&apos;Courier New&apos;" style:font-style-name="Standard" style:font-family-generic="modern" style:font-pitch="fixed"/>
  <style:font-decl style:name="Courier" fo:font-family="Courier" style:font-family-generic="roman" style:font-pitch="fixed"/>
  <style:font-decl style:name="Andale WT UI3" fo:font-family="&apos;Andale WT UI&apos;" style:font-pitch="variable"/>
  <style:font-decl style:name="Arial Unicode MS" fo:font-family="&apos;Arial Unicode MS&apos;" style:font-pitch="variable"/>
  <style:font-decl style:name="HG Mincho Light J" fo:font-family="&apos;HG Mincho Light J&apos;" style:font-pitch="variable"/>
  <style:font-decl style:name="Andale WT UI" fo:font-family="&apos;Andale WT UI&apos;" style:font-style-name="Fett" style:font-family-generic="roman" style:font-pitch="variable"/>
  <style:font-decl style:name="Andale WT UI1" fo:font-family="&apos;Andale WT UI&apos;" style:font-style-name="Standard" style:font-family-generic="roman" style:font-pitch="variable"/>
  <style:font-decl style:name="Thorndale" fo:font-family="Thorndale" style:font-family-generic="roman" style:font-pitch="variable"/>
  <style:font-decl style:name="Times New Roman" fo:font-family="&apos;Times New Roman&apos;" style:font-style-name="Fett" style:font-family-generic="roman" style:font-pitch="variable"/>
  <style:font-decl style:name="Andale WT UI2" fo:font-family="&apos;Andale WT UI&apos;" style:font-family-generic="swiss" style:font-pitch="variable"/>
 </office:font-decls>
 <office:automatic-styles>
  <style:style style:name="Tabelle3" style:family="table">
   <style:properties style:width="18cm" table:align="margins"/>
  </style:style>
  <style:style style:name="Tabelle3.A" style:family="table-column">
   <style:properties style:column-width="1.499cm" style:rel-column-width="5461*"/>
  </style:style>
  <style:style style:name="Tabelle3.B" style:family="table-column">
   <style:properties style:column-width="16.501cm" style:rel-column-width="60074*"/>
  </style:style>
  <style:style style:name="P1" style:family="paragraph" style:parent-style-name="Paragraph" style:master-page-name="HTML">
   <style:properties style:page-number="0"/>
  </style:style>
  <style:style style:name="fr1" style:family="graphics" style:parent-style-name="Graphics">
   <style:properties style:run-through="foreground" style:wrap="run-through" style:vertical-pos="top" style:vertical-rel="paragraph" style:horizontal-pos="left" style:horizontal-rel="paragraph" style:mirror="none" fo:clip="rect(0cm 0cm 0cm 0cm)" draw:luminance="0%" draw:contrast="0%" draw:red="0%" draw:green="0%" draw:blue="0%" draw:gamma="1" draw:color-inversion="false" draw:transparency="-100%" draw:color-mode="standard"/>
  </style:style>
 </office:automatic-styles>
 <office:body>
  <text:variable-decls>
   <text:variable-decl text:value-type="string" text:name="HTML_ON"/>
   <text:variable-decl text:value-type="string" text:name="HTML_OFF"/>
   <text:variable-decl text:value-type="string" text:name="TITEL"/>
   <text:variable-decl text:value-type="string" text:name="END"/>
   <text:variable-decl text:value-type="string" text:name="OS2"/>
   <text:variable-decl text:value-type="string" text:name="ELSE"/>
   <text:variable-decl text:value-type="string" text:name="HREF"/>
   <text:variable-decl text:value-type="string" text:name="HFELD"/>
   <text:variable-decl text:value-type="string" text:name="NAME"/>
   <text:variable-decl text:value-type="string" text:name="MAC"/>
   <text:variable-decl text:value-type="string" text:name="WIN"/>
   <text:variable-decl text:value-type="string" text:name="HelpID"/>
   <text:variable-decl text:value-type="string" text:name="MODIFY"/>
   <text:variable-decl text:value-type="string" text:name="REFNR"/>
   <text:variable-decl text:value-type="string" text:name="KEY"/>
   <text:variable-decl text:value-type="string" text:name="AKTHLP"/>
   <text:variable-decl text:value-type="string" text:name="INDEX"/>
   <text:variable-decl text:value-type="string" text:name="STYLE"/>
  </text:variable-decls>
  <text:sequence-decls>
   <text:sequence-decl text:display-outline-level="0" text:name="Illustration"/>
   <text:sequence-decl text:display-outline-level="0" text:name="Table"/>
   <text:sequence-decl text:display-outline-level="0" text:name="Text"/>
   <text:sequence-decl text:display-outline-level="0" text:name="Drawing"/>
  </text:sequence-decls>
  <text:p text:style-name="P1"/>
  <text:p text:style-name="Head 1"><help:help-id value="FN_POSTIT"/><help:help-id value="SID_INSERT_POSTIT"/><help:key-word value="메모; 삽입" tag="kw65720_1"/><help:key-word value="삽입; 메모" tag="kw65720_6"/><help:key-word value="메모; 편집" tag="kw65720_5"/><help:key-word value="편집; 메모" tag="kw65720_4"/><help:key-word value="기록; 메모 삽입" tag="kw65720_3"/><help:key-word value="주의; 삽입" tag="kw65720_2"/>메모 삽입</text:p>
  <text:p text:style-name="Paragraph"><help:to-be-embedded Eid="notizbearbeitentext"><help:help-text value="visible">현재 커서 위치에 메모를 삽입합니다. 메모의 내용을 보거나 편집하려면 메모를 선택하고 이 명령을 선택하면 됩니다.</help:help-text></help:to-be-embedded></text:p>
  <help:switch select="Program"><help:case select="WRITER"><help:executeurl Id="slot:20329"></help:executeurl></help:case><help:default><help:executeurl Id="slot:26276"></help:executeurl></help:default></help:switch><help:popup Id="65610" Eid="notiz"><help:embedded Id="65598" Eid="wie"></help:embedded></help:popup>
  <help:switch select="Program"><help:case select="CALC"></help:case><help:default>
  </help:default></help:switch>
  <text:p text:style-name="Paragraph"><help:switch select="Program"><help:case select="CALC"></help:case><help:default>작은 노란 직사각형이 문서에서 메모의 위치를 표시합니다. 편집을 위해 메모를 열려면 직사각형을 두 번 누릅니다.</help:default></help:switch></text:p>
  <text:p text:style-name="Paragraph"><help:switch select="Program"><help:case select="CALC"></help:case><help:default>파일에 메모가 두 개 이상 있으면 [설명 편집] 대화 상자에 다른 메모 사이를 이동할 수 있는 앞으로 화살표와 뒤로 화살표가 표시됩니다.</help:default></help:switch></text:p>
  <help:help-id value="SVX_IMAGEBUTTON_RID_SVXDLG_POSTIT_BTN_PREV"/><help:switch select="Program"><help:case select="WRITER"><help:embedded Id="65598" Eid="nopfli"></help:embedded></help:case></help:switch>
  <help:help-id value="SVX_IMAGEBUTTON_RID_SVXDLG_POSTIT_BTN_NEXT"/><help:switch select="Program"><help:case select="WRITER"><help:embedded Id="65598" Eid="nopfre"></help:embedded></help:case></help:switch>
  <text:p text:style-name="Paragraph"><help:switch select="Program"><help:case select="CALC"></help:case><help:default>문서의 메모에 대한 인쇄 옵션을 설정하려면 [파일] - [인쇄]를 선택한 다음 [옵션]을 누릅니다.</help:default></help:switch></text:p>
  <text:p text:style-name="Paragraph"><help:switch select="Program"><help:case select="CALC">셀에 메모를 추가하는 경우에는 텍스트를 입력할 수 있는 설명선이 표시됩니다. 작은 빨간색 사각형이 시트에서의 메모 위치를 표시합니다. 메모를 보려면 [도움말] - [팁!]에서 팁 도움말이 활성화되었는지 확인한 다음 마우스 포인터를 사각형 위에 둡니다.</help:case></help:switch></text:p>
  <text:p text:style-name="Paragraph"><help:switch select="Program"><help:case select="CALC">메모를 편집하려면 메모가 들어 있는 셀을 누른 다음 [삽입] - [메모]를 선택합니다.</help:case></help:switch></text:p>
  <text:p text:style-name="Paragraph"><help:switch select="Program"><help:case select="CALC">스프레드시트에서 메모 인쇄 옵션을 설정하려면 [서식] - [페이지]를 선택한 다음 [시트] 탭을 누릅니다.</help:case></help:switch></text:p>
  <table:table table:name="Tabelle3" table:style-name="Tabelle3">
   <table:table-column table:style-name="Tabelle3.A"/>
   <table:table-column table:style-name="Tabelle3.B"/>
   <table:table-header-rows>
    <table:table-row>
     <table:table-cell table:value-type="string">
      <text:p text:style-name="Paragraph"><draw:image draw:name="아이콘0" svg:desc="이 아이콘은 많은 정보가 포함된 텍스트 단락을 나타냅니다." svg:pixelx="32" svg:pixely="32" svg:width="0.847cm" svg:height="0.847cm" xlink:href="65980" draw:filter-name=""/></text:p>

     </table:table-cell>
     <table:table-cell table:value-type="string">
      <text:p text:style-name="Paragraph">메모가 포함된 파일을 HTML 형식으로 내보낼 때는 메모의 내용이 &lt;Comment&gt; 태그 사이에 위치하게 됩니다.</text:p>
     </table:table-cell>
    </table:table-row>
   </table:table-header-rows>
  </table:table>
  <text:p text:style-name="Head 2"><help:switch select="Program"><help:case select="CALC"></help:case><help:default>내용</help:default></help:switch></text:p>
  <text:p text:style-name="Paragraph"><help:switch select="Program"><help:case select="CALC"></help:case><help:default>선택한 메모의 등록 정보를 표시합니다.</help:default></help:switch></text:p>
  <text:p text:style-name="Head 3"><help:switch select="Program"><help:case select="CALC"></help:case><help:default>작성자</help:default></help:switch></text:p>
  <text:p text:style-name="Paragraph"><help:switch select="Program"><help:case select="CALC"></help:case><help:default>메모를 만든 날짜와 만든 사람의 이니셜을 표시합니다.</help:default></help:switch></text:p>
  <text:p text:style-name="Head 3"><help:help-id value="SVX_MULTILINEEDIT_RID_SVXDLG_POSTIT_ED_EDIT"/><help:switch select="Program"><help:case select="CALC"></help:case><help:default>텍스트</help:default></help:switch></text:p>
  <text:p text:style-name="Paragraph"><help:help-text value="visible"><help:switch select="Program"><help:case select="CALC"></help:case><help:default>메모의 텍스트를 입력하십시오.</help:default></help:switch></help:help-text></text:p>
  <text:p text:style-name="Head 2"><help:help-id value="SVX_PUSHBUTTON_RID_SVXDLG_POSTIT_BTN_AUTHOR"/><help:switch select="Program"><help:case select="CALC"></help:case><help:default>작성자</help:default></help:switch></text:p>
  <text:p text:style-name="Paragraph"><help:help-text value="visible"><help:switch select="Program"><help:case select="CALC"></help:case><help:default>메모에 이니셜, 현재 날짜 및 시간 등의 내용을 입력합니다.</help:default></help:switch></help:help-text></text:p>
 </office:body>
</office:document>
