

<office:document  xmlns:office="http://openoffice.org/2000/office" xmlns:style="http://openoffice.org/2000/style" xmlns:text="http://openoffice.org/2000/text" xmlns:table="http://openoffice.org/2000/table" xmlns:draw="http://openoffice.org/2000/drawing" xmlns:fo="http://www.w3.org/1999/XSL/Format" xmlns:xlink="http://www.w3.org/1999/xlink" xmlns:number="http://openoffice.org/2000/datastyle" xmlns:svg="http://www.w3.org/2000/svg" xmlns:chart="http://openoffice.org/2000/chart" xmlns:dr3d="http://openoffice.org/2000/dr3d" xmlns:math="http://www.w3.org/1998/Math/MathML" xmlns:form="http://openoffice.org/2000/form" xmlns:script="http://openoffice.org/2000/script" office:class="text" office:version="1.0" xmlns:dc="http://purl.org/dc/elements/1.1/" xmlns:meta="http://openoffice.org/2000/meta" xmlns:help="http://openoffice.org/2000/help">
<office:meta>
  <dc:description>text/common/01/05020100</dc:description>
  <dc:subject>문자 / 글꼴</dc:subject>
  <meta:keywords>
   <meta:keyword>$Version</meta:keyword>
  </meta:keywords>
  <dc:language>ko-KR</dc:language>
  <meta:user-defined meta:name="Info 0">READY</meta:user-defined>
  <meta:user-defined meta:name="Info 1">FREE_OK</meta:user-defined>
  <meta:user-defined meta:name="Info 2">NOTE</meta:user-defined>
  <meta:user-defined meta:name="Info 3"/>
</office:meta>
 <office:script/>
 <office:font-decls>
  <style:font-decl style:name="StarSymbol" fo:font-family="StarSymbol" style:font-charset="x-symbol"/>
  <style:font-decl style:name="Courier New" fo:font-family="&apos;Courier New&apos;" style:font-style-name="Standard" style:font-family-generic="modern" style:font-pitch="fixed"/>
  <style:font-decl style:name="Courier" fo:font-family="Courier" style:font-family-generic="roman" style:font-pitch="fixed"/>
  <style:font-decl style:name="Andale WT UI3" fo:font-family="&apos;Andale WT UI&apos;" style:font-pitch="variable"/>
  <style:font-decl style:name="Arial Unicode MS" fo:font-family="&apos;Arial Unicode MS&apos;" style:font-pitch="variable"/>
  <style:font-decl style:name="HG Mincho Light J" fo:font-family="&apos;HG Mincho Light J&apos;" style:font-pitch="variable"/>
  <style:font-decl style:name="Andale WT UI" fo:font-family="&apos;Andale WT UI&apos;" style:font-style-name="Fett" style:font-family-generic="roman" style:font-pitch="variable"/>
  <style:font-decl style:name="Andale WT UI1" fo:font-family="&apos;Andale WT UI&apos;" style:font-style-name="Standard" style:font-family-generic="roman" style:font-pitch="variable"/>
  <style:font-decl style:name="Thorndale" fo:font-family="Thorndale" style:font-family-generic="roman" style:font-pitch="variable"/>
  <style:font-decl style:name="Times New Roman" fo:font-family="&apos;Times New Roman&apos;" style:font-style-name="Fett" style:font-family-generic="roman" style:font-pitch="variable"/>
  <style:font-decl style:name="Andale WT UI2" fo:font-family="&apos;Andale WT UI&apos;" style:font-family-generic="swiss" style:font-pitch="variable"/>
 </office:font-decls>
 <office:automatic-styles>
  <style:style style:name="Tabelle1" style:family="table">
   <style:properties style:width="18cm" table:align="margins"/>
  </style:style>
  <style:style style:name="Tabelle1.A" style:family="table-column">
   <style:properties style:column-width="1.499cm" style:rel-column-width="5461*"/>
  </style:style>
  <style:style style:name="Tabelle1.B" style:family="table-column">
   <style:properties style:column-width="16.501cm" style:rel-column-width="60074*"/>
  </style:style>
  <style:style style:name="Tabelle2" style:family="table">
   <style:properties style:width="18cm" table:align="margins"/>
  </style:style>
  <style:style style:name="Tabelle2.A" style:family="table-column">
   <style:properties style:column-width="1.499cm" style:rel-column-width="5460*"/>
  </style:style>
  <style:style style:name="Tabelle2.B" style:family="table-column">
   <style:properties style:column-width="16.501cm" style:rel-column-width="60075*"/>
  </style:style>
  <style:style style:name="Tabelle2.1" style:family="table-row">
   <style:properties style:min-row-height="0.848cm"/>
  </style:style>
  <style:style style:name="Tabelle2.A1" style:family="table-cell">
   <style:properties fo:padding="0cm" fo:border="none"/>
  </style:style>
  <style:style style:name="Tabelle4" style:family="table">
   <style:properties style:width="18cm" table:align="margins"/>
  </style:style>
  <style:style style:name="Tabelle4.A" style:family="table-column">
   <style:properties style:column-width="1.499cm" style:rel-column-width="5460*"/>
  </style:style>
  <style:style style:name="Tabelle4.B" style:family="table-column">
   <style:properties style:column-width="16.501cm" style:rel-column-width="60075*"/>
  </style:style>
  <style:style style:name="Tabelle4.1" style:family="table-row">
   <style:properties style:min-row-height="0.848cm"/>
  </style:style>
  <style:style style:name="Tabelle4.A1" style:family="table-cell">
   <style:properties fo:padding="0cm" fo:border="none"/>
  </style:style>
  <style:style style:name="P1" style:family="paragraph" style:parent-style-name="Paragraph" style:master-page-name="HTML">
   <style:properties style:page-number="0"/>
  </style:style>
  <style:style style:name="P2" style:family="paragraph" style:parent-style-name="Paragraph" style:list-style-name="L1"/>
  <style:style style:name="fr1" style:family="graphics" style:parent-style-name="Graphics">
   <style:properties style:run-through="foreground" style:wrap="run-through" style:vertical-pos="top" style:vertical-rel="paragraph" style:horizontal-pos="left" style:horizontal-rel="paragraph" style:mirror="none" fo:clip="rect(0cm 0cm 0cm 0cm)" draw:luminance="0%" draw:contrast="0%" draw:red="0%" draw:green="0%" draw:blue="0%" draw:gamma="1" draw:color-inversion="false" draw:transparency="-100%" draw:color-mode="standard"/>
  </style:style>
  <style:style style:name="fr2" style:family="graphics" style:parent-style-name="Graphics">
   <style:properties fo:margin-left="0cm" fo:margin-right="0cm" fo:margin-top="0cm" fo:margin-bottom="0cm" style:run-through="foreground" style:wrap="run-through" style:vertical-pos="top" style:vertical-rel="paragraph" style:horizontal-pos="left" style:horizontal-rel="paragraph" style:mirror="none" fo:clip="rect(0cm 0cm 0cm 0cm)" draw:luminance="0%" draw:contrast="0%" draw:red="0%" draw:green="0%" draw:blue="0%" draw:gamma="1" draw:color-inversion="false" draw:transparency="-100%" draw:color-mode="standard"/>
  </style:style>
  <text:list-style style:name="L1">
   <text:list-level-style-bullet text:level="1" text:style-name="Bullet Symbols" style:num-suffix="." text:bullet-char="•">
    <style:properties text:min-label-width="0.499cm" style:font-name="StarSymbol"/>
   </text:list-level-style-bullet>
   <text:list-level-style-bullet text:level="2" text:style-name="Bullet Symbols" style:num-suffix="." text:bullet-char="•">
    <style:properties text:space-before="0.499cm" text:min-label-width="0.499cm" style:font-name="StarSymbol"/>
   </text:list-level-style-bullet>
   <text:list-level-style-bullet text:level="3" text:style-name="Bullet Symbols" style:num-suffix="." text:bullet-char="•">
    <style:properties text:space-before="0.999cm" text:min-label-width="0.499cm" style:font-name="StarSymbol"/>
   </text:list-level-style-bullet>
   <text:list-level-style-bullet text:level="4" text:style-name="Bullet Symbols" style:num-suffix="." text:bullet-char="•">
    <style:properties text:space-before="1.498cm" text:min-label-width="0.499cm" style:font-name="StarSymbol"/>
   </text:list-level-style-bullet>
   <text:list-level-style-bullet text:level="5" text:style-name="Bullet Symbols" style:num-suffix="." text:bullet-char="•">
    <style:properties text:space-before="1.997cm" text:min-label-width="0.499cm" style:font-name="StarSymbol"/>
   </text:list-level-style-bullet>
   <text:list-level-style-bullet text:level="6" text:style-name="Bullet Symbols" style:num-suffix="." text:bullet-char="•">
    <style:properties text:space-before="2.496cm" text:min-label-width="0.499cm" style:font-name="StarSymbol"/>
   </text:list-level-style-bullet>
   <text:list-level-style-bullet text:level="7" text:style-name="Bullet Symbols" style:num-suffix="." text:bullet-char="•">
    <style:properties text:space-before="2.995cm" text:min-label-width="0.499cm" style:font-name="StarSymbol"/>
   </text:list-level-style-bullet>
   <text:list-level-style-bullet text:level="8" text:style-name="Bullet Symbols" style:num-suffix="." text:bullet-char="•">
    <style:properties text:space-before="3.494cm" text:min-label-width="0.499cm" style:font-name="StarSymbol"/>
   </text:list-level-style-bullet>
   <text:list-level-style-bullet text:level="9" text:style-name="Bullet Symbols" style:num-suffix="." text:bullet-char="•">
    <style:properties text:space-before="3.994cm" text:min-label-width="0.499cm" style:font-name="StarSymbol"/>
   </text:list-level-style-bullet>
   <text:list-level-style-bullet text:level="10" text:style-name="Bullet Symbols" style:num-suffix="." text:bullet-char="•">
    <style:properties text:space-before="4.493cm" text:min-label-width="0.499cm" style:font-name="StarSymbol"/>
   </text:list-level-style-bullet>
  </text:list-style>
 </office:automatic-styles>
 <office:body>
  <text:variable-decls>
   <text:variable-decl text:value-type="string" text:name="HTML_ON"/>
   <text:variable-decl text:value-type="string" text:name="HTML_OFF"/>
   <text:variable-decl text:value-type="string" text:name="TITEL"/>
   <text:variable-decl text:value-type="string" text:name="END"/>
   <text:variable-decl text:value-type="string" text:name="HREF"/>
   <text:variable-decl text:value-type="string" text:name="NAME"/>
   <text:variable-decl text:value-type="string" text:name="OS2"/>
   <text:variable-decl text:value-type="string" text:name="ELSE"/>
   <text:variable-decl text:value-type="string" text:name="HelpID"/>
   <text:variable-decl text:value-type="string" text:name="HFELD"/>
   <text:variable-decl text:value-type="string" text:name="MODIFY"/>
   <text:variable-decl text:value-type="string" text:name="REFNR"/>
   <text:variable-decl text:value-type="string" text:name="WIN"/>
   <text:variable-decl text:value-type="string" text:name="KEY"/>
   <text:variable-decl text:value-type="string" text:name="AKTHLP"/>
   <text:variable-decl text:value-type="string" text:name="INDEX"/>
   <text:variable-decl text:value-type="string" text:name="MAC"/>
   <text:variable-decl text:value-type="string" text:name="STYLE"/>
  </text:variable-decls>
  <text:sequence-decls>
   <text:sequence-decl text:display-outline-level="0" text:name="Illustration"/>
   <text:sequence-decl text:display-outline-level="0" text:name="Table"/>
   <text:sequence-decl text:display-outline-level="0" text:name="Text"/>
   <text:sequence-decl text:display-outline-level="0" text:name="Drawing"/>
  </text:sequence-decls>
  <help:to-be-embedded Eid="zeichen">
  <text:p text:style-name="Head 1"><help:help-id value="HID_SVXPAGE_CHAR_NAME"/><help:key-word value="서식; 글꼴" tag="kw65740_1"/><help:key-word value="서식; 문자" tag="kw65740_20"/><help:key-word value="문자; 서식" tag="kw65740_19"/><help:key-word value="글꼴; 서식" tag="kw65740_18"/><help:switch select="Program"><help:case select="CHART"><help:link Id="65740">문자</help:link></help:case><help:default><help:link Id="65740">글꼴</help:link></help:default></help:switch></text:p>
  </help:to-be-embedded>
  <text:p text:style-name="Paragraph"><help:to-be-embedded Eid="zn"><help:help-text value="visible">적용할 서식 설정 및 글꼴을 지정합니다.</help:help-text></help:to-be-embedded></text:p>
  <help:popup Id="65599" Eid="schrift"><help:embedded Id="65598" Eid="wie"></help:embedded></help:popup>
  <help:to-be-embedded Eid="hinweis">
  <text:p text:style-name="Paragraph">변경 내용은 현재 선택한 영역, 커서가 있는 전체 단어 또는 입력하는 새 텍스트에 적용됩니다.</text:p>
  </help:to-be-embedded>
  <text:p text:style-name="Paragraph">언어 설정에 따라 다음 글꼴 유형에 대한 서식 설정을 바꿀 수 있습니다.</text:p>
  <text:unordered-list text:style-name="L1">
   <text:list-item>
    <text:p text:style-name="P2">서양권 언어 글꼴의 경우 영어 집합이 됩니다.</text:p>
   </text:list-item>
   <text:list-item>
    <text:p text:style-name="P2">한글 글꼴 - 한국어, 중국어, 일본어 문자 집합</text:p>
   </text:list-item>
   <text:list-item>
    <text:p text:style-name="P2">복합 스크립트를 위한 글꼴 - 오른쪽에서 왼쪽으로 쓰는 텍스트를 설정하려면 여기를 선택하십시오(복합 스크립트 지원을 선택한 경우에만).</text:p>
   </text:list-item>
  </text:unordered-list>
  <table:table table:name="Tabelle1" table:style-name="Tabelle1">
   <table:table-column table:style-name="Tabelle1.A"/>
   <table:table-column table:style-name="Tabelle1.B"/>
   <table:table-header-rows>
    <table:table-row>
     <table:table-cell table:value-type="string">
      <text:p text:style-name="Paragraph"><draw:image draw:name="아이콘0" svg:desc="참고 아이콘" svg:pixelx="32" svg:pixely="32" svg:width="0.847cm" svg:height="0.847cm" xlink:href="65980" draw:filter-name=""/></text:p>

     </table:table-cell>
     <table:table-cell table:value-type="string">
      <text:p text:style-name="Paragraph">복합 문자 언어과 한글 문자 집합의 지원을 활성화하려면 [도구] - [옵션] - [언어 설정] - [언어]를 선택한 다음 해당 영역에서 [활성화] 상자를 선택합니다.</text:p>
     </table:table-cell>
    </table:table-row>
   </table:table-header-rows>
  </table:table>
  <text:p text:style-name="Head 2"><help:help-id value="SVX_COMBOBOX_RID_SVXPAGE_CHAR_NAME_LB_WEST_NAME"/><help:help-id value="SVX_COMBOBOX_RID_SVXPAGE_CHAR_NAME_LB_EAST_NAME"/><help:help-id value="SVX_COMBOBOX_RID_SVXPAGE_CHAR_NAME_LB_WEST_NAME_NOCJK"/><help:help-id value="SVX_COMBOBOX_RID_SVXPAGE_CHAR_NAME_LB_CTL_NAME"/><a name="schriftart"/><help:key-word value="글꼴; 문자" tag="kw65740_17"/><help:key-word value="텍스트; 글꼴" tag="kw65740_16"/><help:key-word value="문자; 글꼴" tag="kw65740_15"/>글꼴</text:p>
  <text:p text:style-name="Paragraph"><help:help-text value="visible">설치된 글꼴 중 사용할 글꼴 이름을 입력하거나 목록에서 글꼴을 선택합니다.</help:help-text></text:p>
  <help:embedded Id="66029" Eid="vorschautext"></help:embedded>
  <help:embedded Id="65609" Eid="objektleiste"></help:embedded>
  <help:embedded Id="66029" Eid="syschriftart"></help:embedded>
  <text:p text:style-name="Head 2"><help:help-id value="SVX_COMBOBOX_RID_SVXPAGE_CHAR_NAME_LB_WEST_STYLE"/><help:help-id value="SVX_COMBOBOX_RID_SVXPAGE_CHAR_NAME_LB_EAST_STYLE"/><help:help-id value="SVX_COMBOBOX_RID_SVXPAGE_CHAR_NAME_LB_WEST_STYLE_NOCJK"/><help:help-id value="SVX_COMBOBOX_RID_SVXPAGE_CHAR_NAME_LB_CTL_STYLE"/><a name="schriftstil"/><help:key-word value="스타일; 유형" tag="kw65740_14"/><help:key-word value="유형; 문자" tag="kw65740_13"/><help:key-word value="텍스트; 유형" tag="kw65740_12"/><help:key-word value="문자; 유형" tag="kw65740_11"/><help:key-word value="굵게; 스타일" tag="kw65740_10"/><help:key-word value="이태릭체; 스타일" tag="kw65740_9"/>유형</text:p>
  <text:p text:style-name="Paragraph"><a name="schriftstiltext"/><help:help-text value="visible">여기에서 유형을 선택하거나 입력할 수 있습니다.</help:help-text><a name="ende"/></text:p>
  <text:p text:style-name="Paragraph">개체 모음의 아이콘도 사용할 수 있습니다.</text:p>
  <help:embedded Id="65609" Eid="objektleiste"></help:embedded>
  <help:embedded Id="65593" Eid="syfett"></help:embedded>
  <help:embedded Id="65593" Eid="sykursiv"></help:embedded>
  <text:p text:style-name="Head 2"><help:help-id value="SVX_METRICBOX_RID_SVXPAGE_CHAR_NAME_LB_WEST_SIZE"/><help:help-id value="SVX_METRICBOX_RID_SVXPAGE_CHAR_NAME_LB_EAST_SIZE"/><help:help-id value="SVX_METRICBOX_RID_SVXPAGE_CHAR_NAME_LB_WEST_SIZE_NOCJK"/><help:help-id value="SVX_METRICBOX_RID_SVXPAGE_CHAR_NAME_LB_CTL_SIZE"/><a name="schriftgroesse"/><help:key-word value="글꼴 크기; 문자" tag="kw65740_8"/><help:key-word value="텍스트; 글꼴 크기" tag="kw65740_7"/><help:key-word value="문자; 글꼴 크기" tag="kw65740_6"/>글꼴 크기</text:p>
  <text:p text:style-name="Paragraph"><help:help-text value="visible">적용할 글꼴 크기를 입력하거나 선택합니다. 배율을 조정할 수 있는 글꼴인 경우에는 10진수 값을 입력할 수 있습니다.</help:help-text></text:p>
  <text:p text:style-name="Paragraph"><help:key-word value="글꼴 크기; 상대적 변경" tag="kw65740_5"/>다른 스타일을 기반으로 하는 스타일을 만드는 경우에는 백분율 값이나 -2pt 또는 +5pt 등의 포인트 값을 입력할 수 있습니다.</text:p>
  <help:embedded Id="65609" Eid="objektleiste"></help:embedded>
  <help:embedded Id="65945" Eid="syschriftgroesse"></help:embedded>
  <text:p text:style-name="Head 2"><help:help-id value="SVX_LISTBOX_RID_SVXPAGE_CHAR_NAME_LB_WEST_LANG"/><help:help-id value="SVX_LISTBOX_RID_SVXPAGE_CHAR_NAME_LB_EAST_LANG"/><help:help-id value="SVX_LISTBOX_RID_SVXPAGE_CHAR_NAME_LB_WEST_LANG_NOCJK"/><help:help-id value="SVX_LISTBOX_RID_SVXPAGE_CHAR_NAME_LB_CTL_LANG"/><help:key-word value="언어; 텍스트" tag="kw65740_4"/><help:key-word value="텍스트; 언어" tag="kw65740_3"/><help:key-word value="문자; 언어" tag="kw65740_2"/>언어</text:p>
  <text:p text:style-name="Paragraph"><help:help-text value="visible">입력하는 텍스트의 선택한 텍스트에 대해 맞춤법 검사기에서 사용할 언어를 설정합니다. 사용할 수 있는 언어 모듈 앞에는 확인 표시가 나타납니다.</help:help-text></text:p>
  <table:table table:name="Tabelle2" table:style-name="Tabelle2">
   <table:table-column table:style-name="Tabelle2.A"/>
   <table:table-column table:style-name="Tabelle2.B"/>
   <table:table-header-rows>
    <table:table-row table:style-name="Tabelle2.1">
     <table:table-cell table:style-name="Tabelle2.A1" table:value-type="string">
      <text:p text:style-name="Paragraph"><draw:image draw:name="아이콘1" svg:desc="참고 아이콘" svg:pixelx="32" svg:pixely="32" svg:width="0.847cm" svg:height="0.847cm" xlink:href="65980" draw:filter-name=""/></text:p>

     </table:table-cell>
     <table:table-cell table:style-name="Tabelle2.A1" table:value-type="string">
      <text:p text:style-name="Paragraph"><help:switch select="Program"><help:case select="CALC">셀의 언어 설정([서식] - [셀] - [숫자] 선택)만 변경할 수 있습니다.</help:case></help:switch></text:p>
     </table:table-cell>
    </table:table-row>
   </table:table-header-rows>
  </table:table>
  <help:embedded Id="67896" Eid="sprachmodul"></help:embedded>
  <a name="end"/>
  <help:embedded Id="65630" Eid="vorschau"></help:embedded>
  <table:table table:name="Tabelle4" table:style-name="Tabelle4">
   <table:table-column table:style-name="Tabelle4.A"/>
   <table:table-column table:style-name="Tabelle4.B"/>
   <table:table-header-rows>
    <table:table-row table:style-name="Tabelle4.1">
     <table:table-cell table:style-name="Tabelle4.A1" table:value-type="string">
      <text:p text:style-name="Paragraph"><draw:image draw:name="아이콘2" svg:desc="경고 아이콘" svg:pixelx="32" svg:pixely="32" svg:width="0.847cm" svg:height="0.847cm" xlink:href="65640" draw:filter-name=""/></text:p>

     </table:table-cell>
     <table:table-cell table:style-name="Tabelle4.A1" table:value-type="string">
      <text:p text:style-name="Paragraph">빠진 문자 집합에 대한 오류 메시지가 표시되면 <help:productname>%PRODUCTNAME</help:productname> 설치 프로그램을 실행하고 복구 옵션을 선택합니다.</text:p>
     </table:table-cell>
    </table:table-row>
   </table:table-header-rows>
  </table:table>
  <text:p text:style-name="ParaList"><help:embedded Id="65598" Eid="related"></help:embedded></text:p>
  <text:p text:style-name="ParaList"><help:link Id="67896">한국어 지원</help:link></text:p>
  <text:p text:style-name="ParaList"><help:link Id="67896">복합 문자 언어 지원</help:link></text:p>
 </office:body>
</office:document>
