

<office:document  xmlns:office="http://openoffice.org/2000/office" xmlns:style="http://openoffice.org/2000/style" xmlns:text="http://openoffice.org/2000/text" xmlns:table="http://openoffice.org/2000/table" xmlns:draw="http://openoffice.org/2000/drawing" xmlns:fo="http://www.w3.org/1999/XSL/Format" xmlns:xlink="http://www.w3.org/1999/xlink" xmlns:number="http://openoffice.org/2000/datastyle" xmlns:svg="http://www.w3.org/2000/svg" xmlns:chart="http://openoffice.org/2000/chart" xmlns:dr3d="http://openoffice.org/2000/dr3d" xmlns:math="http://www.w3.org/1998/Math/MathML" xmlns:form="http://openoffice.org/2000/form" xmlns:script="http://openoffice.org/2000/script" office:class="text" office:version="1.0" xmlns:dc="http://purl.org/dc/elements/1.1/" xmlns:meta="http://openoffice.org/2000/meta" xmlns:help="http://openoffice.org/2000/help">
<office:meta>
  <dc:description>text/common/01/05030100</dc:description>
  <dc:subject>들여쓰기와 간격</dc:subject>
  <meta:keywords>
   <meta:keyword>$Version</meta:keyword>
  </meta:keywords>
  <dc:language>ko-KR</dc:language>
  <meta:user-defined meta:name="Info 0">READY</meta:user-defined>
  <meta:user-defined meta:name="Info 1">FREE_OK</meta:user-defined>
  <meta:user-defined meta:name="Info 2"/>
  <meta:user-defined meta:name="Info 3"/>
</office:meta>
 <office:script/>
 <office:font-decls>
  <style:font-decl style:name="StarSymbol" fo:font-family="StarSymbol" style:font-charset="x-symbol"/>
  <style:font-decl style:name="Courier New" fo:font-family="&apos;Courier New&apos;" style:font-style-name="Standard" style:font-family-generic="modern" style:font-pitch="fixed"/>
  <style:font-decl style:name="Courier" fo:font-family="Courier" style:font-family-generic="roman" style:font-pitch="fixed"/>
  <style:font-decl style:name="Andale WT UI3" fo:font-family="&apos;Andale WT UI&apos;" style:font-pitch="variable"/>
  <style:font-decl style:name="Arial Unicode MS" fo:font-family="&apos;Arial Unicode MS&apos;" style:font-pitch="variable"/>
  <style:font-decl style:name="HG Mincho Light J" fo:font-family="&apos;HG Mincho Light J&apos;" style:font-pitch="variable"/>
  <style:font-decl style:name="Andale WT UI" fo:font-family="&apos;Andale WT UI&apos;" style:font-style-name="Fett" style:font-family-generic="roman" style:font-pitch="variable"/>
  <style:font-decl style:name="Andale WT UI1" fo:font-family="&apos;Andale WT UI&apos;" style:font-style-name="Standard" style:font-family-generic="roman" style:font-pitch="variable"/>
  <style:font-decl style:name="Thorndale" fo:font-family="Thorndale" style:font-family-generic="roman" style:font-pitch="variable"/>
  <style:font-decl style:name="Times New Roman" fo:font-family="&apos;Times New Roman&apos;" style:font-style-name="Fett" style:font-family-generic="roman" style:font-pitch="variable"/>
  <style:font-decl style:name="Andale WT UI2" fo:font-family="&apos;Andale WT UI&apos;" style:font-family-generic="swiss" style:font-pitch="variable"/>
 </office:font-decls>
 <office:automatic-styles>
  <style:style style:name="Tabelle8" style:family="table">
   <style:properties style:width="18cm" table:align="margins"/>
  </style:style>
  <style:style style:name="Tabelle8.A" style:family="table-column">
   <style:properties style:column-width="1.499cm" style:rel-column-width="5460*"/>
  </style:style>
  <style:style style:name="Tabelle8.B" style:family="table-column">
   <style:properties style:column-width="16.501cm" style:rel-column-width="60075*"/>
  </style:style>
  <style:style style:name="Tabelle8.1" style:family="table-row">
   <style:properties style:min-row-height="0.848cm"/>
  </style:style>
  <style:style style:name="Tabelle8.A1" style:family="table-cell">
   <style:properties fo:padding="0cm" fo:border="none"/>
  </style:style>
  <style:style style:name="Tabelle1" style:family="table">
   <style:properties style:width="18cm" table:align="margins"/>
  </style:style>
  <style:style style:name="Tabelle1.A" style:family="table-column">
   <style:properties style:column-width="1.499cm" style:rel-column-width="5460*"/>
  </style:style>
  <style:style style:name="Tabelle1.B" style:family="table-column">
   <style:properties style:column-width="16.501cm" style:rel-column-width="60075*"/>
  </style:style>
  <style:style style:name="Tabelle1.A1" style:family="table-cell">
   <style:properties fo:padding="0cm" fo:border="none"/>
  </style:style>
  <style:style style:name="Tabelle4" style:family="table">
   <style:properties style:width="18cm" table:align="margins"/>
  </style:style>
  <style:style style:name="Tabelle4.A" style:family="table-column">
   <style:properties style:column-width="1.501cm" style:rel-column-width="5466*"/>
  </style:style>
  <style:style style:name="Tabelle4.B" style:family="table-column">
   <style:properties style:column-width="16.499cm" style:rel-column-width="60069*"/>
  </style:style>
  <style:style style:name="Tabelle4.A1" style:family="table-cell">
   <style:properties fo:padding="0cm" fo:border="none"/>
  </style:style>
  <style:style style:name="Tabelle5" style:family="table">
   <style:properties style:width="17.955cm" fo:margin-left="0.046cm" fo:margin-right="0cm" table:align="margins"/>
  </style:style>
  <style:style style:name="Tabelle5.A" style:family="table-column">
   <style:properties style:column-width="1.482cm" style:rel-column-width="5409*"/>
  </style:style>
  <style:style style:name="Tabelle5.B" style:family="table-column">
   <style:properties style:column-width="16.473cm" style:rel-column-width="60126*"/>
  </style:style>
  <style:style style:name="Tabelle5.A1" style:family="table-cell">
   <style:properties fo:padding="0cm" fo:border="none"/>
  </style:style>
  <style:style style:name="Tabelle6" style:family="table">
   <style:properties style:width="18cm" table:align="margins"/>
  </style:style>
  <style:style style:name="Tabelle6.A" style:family="table-column">
   <style:properties style:column-width="1.501cm" style:rel-column-width="5466*"/>
  </style:style>
  <style:style style:name="Tabelle6.B" style:family="table-column">
   <style:properties style:column-width="16.499cm" style:rel-column-width="60069*"/>
  </style:style>
  <style:style style:name="Tabelle6.A1" style:family="table-cell">
   <style:properties fo:padding="0cm" fo:border="none"/>
  </style:style>
  <style:style style:name="Tabelle3" style:family="table">
   <style:properties style:width="18cm" table:align="margins"/>
  </style:style>
  <style:style style:name="Tabelle3.A" style:family="table-column">
   <style:properties style:column-width="1.499cm" style:rel-column-width="5460*"/>
  </style:style>
  <style:style style:name="Tabelle3.B" style:family="table-column">
   <style:properties style:column-width="16.501cm" style:rel-column-width="60075*"/>
  </style:style>
  <style:style style:name="Tabelle3.A1" style:family="table-cell">
   <style:properties fo:padding="0cm" fo:border="none"/>
  </style:style>
  <style:style style:name="P1" style:family="paragraph" style:parent-style-name="Paragraph" style:master-page-name="HTML">
   <style:properties style:page-number="0"/>
  </style:style>
  <style:style style:name="T1" style:family="text">
   <style:properties fo:font-weight="bold"/>
  </style:style>
  <style:style style:name="fr1" style:family="graphics" style:parent-style-name="Graphics">
   <style:properties fo:margin-left="0cm" fo:margin-right="0cm" fo:margin-top="0cm" fo:margin-bottom="0cm" style:run-through="foreground" style:wrap="run-through" style:vertical-pos="middle" style:vertical-rel="paragraph" style:horizontal-pos="left" style:horizontal-rel="paragraph" style:mirror="none" fo:clip="rect(0cm 0cm 0cm 0cm)" draw:luminance="0%" draw:contrast="0%" draw:red="0%" draw:green="0%" draw:blue="0%" draw:gamma="1" draw:color-inversion="false" draw:transparency="-100%" draw:color-mode="standard"/>
  </style:style>
  <style:style style:name="fr2" style:family="graphics" style:parent-style-name="Graphics">
   <style:properties style:run-through="foreground" style:wrap="run-through" style:vertical-pos="top" style:vertical-rel="paragraph" style:horizontal-pos="left" style:horizontal-rel="paragraph" style:mirror="none" fo:clip="rect(0cm 0cm 0cm 0cm)" draw:luminance="0%" draw:contrast="0%" draw:red="0%" draw:green="0%" draw:blue="0%" draw:gamma="1" draw:color-inversion="false" draw:transparency="-100%" draw:color-mode="standard"/>
  </style:style>
  <style:style style:name="fr3" style:family="graphics" style:parent-style-name="Graphics">
   <style:properties style:run-through="foreground" style:wrap="run-through" style:vertical-pos="middle" style:vertical-rel="paragraph" style:horizontal-pos="left" style:horizontal-rel="paragraph" style:mirror="none" fo:clip="rect(0cm 0cm 0cm 0cm)" draw:luminance="0%" draw:contrast="0%" draw:red="0%" draw:green="0%" draw:blue="0%" draw:gamma="1" draw:color-inversion="false" draw:transparency="-100%" draw:color-mode="standard"/>
  </style:style>
 </office:automatic-styles>
 <office:body>
  <text:variable-decls>
   <text:variable-decl text:value-type="string" text:name="HTML_ON"/>
   <text:variable-decl text:value-type="string" text:name="HTML_OFF"/>
   <text:variable-decl text:value-type="string" text:name="TITEL"/>
   <text:variable-decl text:value-type="string" text:name="END"/>
   <text:variable-decl text:value-type="string" text:name="MAC"/>
   <text:variable-decl text:value-type="string" text:name="ELSE"/>
   <text:variable-decl text:value-type="string" text:name="HREF"/>
   <text:variable-decl text:value-type="string" text:name="NAME"/>
   <text:variable-decl text:value-type="string" text:name="OS2"/>
   <text:variable-decl text:value-type="string" text:name="HelpID"/>
   <text:variable-decl text:value-type="string" text:name="HFELD"/>
   <text:variable-decl text:value-type="string" text:name="WIN"/>
   <text:variable-decl text:value-type="string" text:name="MODIFY"/>
   <text:variable-decl text:value-type="string" text:name="REFNR"/>
   <text:variable-decl text:value-type="string" text:name="KEY"/>
   <text:variable-decl text:value-type="string" text:name="INDEX"/>
   <text:variable-decl text:value-type="string" text:name="AKTHLP"/>
   <text:variable-decl text:value-type="string" text:name="STYLE"/>
  </text:variable-decls>
  <text:sequence-decls>
   <text:sequence-decl text:display-outline-level="0" text:name="Illustration"/>
   <text:sequence-decl text:display-outline-level="0" text:name="Table"/>
   <text:sequence-decl text:display-outline-level="0" text:name="Text"/>
   <text:sequence-decl text:display-outline-level="0" text:name="Drawing"/>
  </text:sequence-decls>
  <help:to-be-embedded Eid="einzuege">
  <text:p text:style-name="Head 1"><help:help-id value="HID_FORMAT_PARAGRAPH_STD"/><help:key-word value="들여쓰기와 간격; 단락" tag="kw65801_1"/><help:link Id="65801">들여쓰기와 간격</help:link></text:p>
  <text:p text:style-name="Paragraph"><help:help-text value="visible">단락에 들여쓰기 및 간격 옵션을 설정합니다.</help:help-text></text:p>
  <table:table table:name="Tabelle8" table:style-name="Tabelle8">
   <table:table-column table:style-name="Tabelle8.A"/>
   <table:table-column table:style-name="Tabelle8.B"/>
   <table:table-header-rows>
    <table:table-row table:style-name="Tabelle8.1">
     <table:table-cell table:style-name="Tabelle8.A1" table:value-type="string">
      <text:p text:style-name="Paragraph"><draw:image draw:name="아이콘0" svg:desc="참고 아이콘" svg:pixelx="32" svg:pixely="32" svg:width="0.847cm" svg:height="0.847cm" xlink:href="65980" draw:filter-name=""/></text:p>

     </table:table-cell>
     <table:table-cell table:style-name="Tabelle8.A1" table:value-type="string">
      <text:p text:style-name="Paragraph">이 대화 상자에서 사용되는 치수 단위를 변경하려면 [도구] - [옵션] - [텍스트 문서] - [일반]을 선택한 다음 [설정] 영역에서 새 치수 단위를 선택합니다.</text:p>
     </table:table-cell>
    </table:table-row>
   </table:table-header-rows>
  </table:table>
  </help:to-be-embedded>
  <help:switch select="Program"><help:case select="WRITER">
  <table:table table:name="Tabelle1" table:style-name="Tabelle1">
   <table:table-column table:style-name="Tabelle1.A"/>
   <table:table-column table:style-name="Tabelle1.B"/>
   <table:table-header-rows>
    <table:table-row>
     <table:table-cell table:style-name="Tabelle1.A1" table:value-type="string">
      <text:p text:style-name="Paragraph"><draw:image draw:name="아이콘1" svg:desc="팁 아이콘" svg:pixelx="32" svg:pixely="32" svg:width="0.847cm" svg:height="0.847cm" xlink:href="66732" draw:filter-name=""/></text:p>

     </table:table-cell>
     <table:table-cell table:style-name="Tabelle1.A1" table:value-type="string">
      <text:p text:style-name="Paragraph"><help:link Id="67570">눈금자</help:link>를 사용하여 들여쓰기를 설정할 수도 있습니다. 눈금자를 표시하려면 [보기] - [눈금자]를 선택합니다.</text:p>
     </table:table-cell>
    </table:table-row>
   </table:table-header-rows>
  </table:table>
  </help:case></help:switch>
  <text:p text:style-name="Paragraph">변경 내용을 적용하기 전에 미리 볼 수 있습니다.</text:p>
  <help:popup Id="65599" Eid="einzug"><help:embedded Id="65598" Eid="wie"></help:embedded></help:popup>
  <text:p text:style-name="Head 2"><help:key-word value="들여쓰기; 단락" tag="kw65801_31"/><help:key-word value="단락; 들여쓰기" tag="kw65801_30"/><help:key-word value="고정 들여쓰기; 단락" tag="kw65801_29"/><help:key-word value="들여쓰기; 텍스트" tag="kw65801_28"/><help:key-word value="텍스트; 단락 들여쓰기" tag="kw65801_27"/>들여쓰기</text:p>
  <text:p text:style-name="Paragraph">왼쪽 및 오른쪽 페이지 여백과 단락 사이의 간격을 지정합니다.</text:p>
  <text:p text:style-name="Head 3"><help:help-id value="SVX_METRICFIELD_RID_SVXPAGE_STD_PARAGRAPH_ED_LEFTINDENT"/><help:key-word value="들여쓰기; 왼쪽으로부터 단락 들여쓰기" tag="kw65801_26"/><help:key-word value="단락; 왼쪽에서 들여쓰기" tag="kw65801_25"/><help:key-word value="들여쓰기; 왼쪽으로부터" tag="kw65801_24"/><a name="vonlinks"/>텍스트 앞</text:p>
  <text:p text:style-name="Paragraph"><help:switch select="Program"><help:case select="WRITER"><help:help-text value="visible">왼쪽 페이지 여백으로부터 단락을 들여쓰기할 정도를 입력합니다. 단락을 왼쪽 페이지 여백으로 확장하려면 음수를 입력합니다.</help:help-text></help:case></help:switch></text:p>
  <text:p text:style-name="Paragraph"><help:switch select="Program"><help:case select="CALC"><help:help-text value="visible">텍스트 프레임의 왼쪽 가장자리로부터 단락을 들여쓰기할 정도를 입력합니다.</help:help-text></help:case></help:switch></text:p>
  <text:p text:style-name="Paragraph"><help:switch select="Program"><help:case select="DRAW"><help:help-text value="visible">텍스트 프레임의 왼쪽 가장자리로부터 단락을 들여쓰기할 정도를 입력합니다.</help:help-text></help:case></help:switch></text:p>
  <text:p text:style-name="Paragraph"><help:switch select="Program"><help:case select="IMPRESS"><help:help-text value="visible">텍스트 프레임의 왼쪽 가장자리로부터 단락을 들여쓰기할 정도를 입력합니다.</help:help-text></help:case></help:switch></text:p>
  <text:p text:style-name="Head 3"><help:help-id value="SVX_METRICFIELD_RID_SVXPAGE_STD_PARAGRAPH_ED_RIGHTINDENT"/><help:key-word value="오른쪽 들여쓰기; 단락" tag="kw65801_23"/><help:key-word value="단락; 오른쪽 들여쓰기" tag="kw65801_22"/><help:key-word value="들여쓰기; 오른쪽" tag="kw65801_21"/><a name="vonrechts"/>텍스트</text:p>
  <text:p text:style-name="Paragraph"><help:switch select="Program"><help:case select="WRITER"><help:help-text value="visible">단락을 오른쪽 페이지 여백으로부터 들여쓰기할 정도를 입력합니다. 단락을 오른쪽 페이지 여백으로 확장하려면 음수를 입력합니다.</help:help-text></help:case></help:switch></text:p>
  <text:p text:style-name="Paragraph"><help:switch select="Program"><help:case select="CALC"><help:help-text value="visible">텍스트 프레임의 오른쪽 가장자리로부터 단락을 들여쓰기할 정도를 입력합니다.</help:help-text></help:case></help:switch></text:p>
  <text:p text:style-name="Paragraph"><help:switch select="Program"><help:case select="DRAW"><help:help-text value="visible">텍스트 프레임의 오른쪽 가장자리로부터 단락을 들여쓰기할 정도를 입력합니다.</help:help-text></help:case></help:switch></text:p>
  <text:p text:style-name="Paragraph"><help:switch select="Program"><help:case select="IMPRESS"><help:help-text value="visible">텍스트 프레임의 오른쪽 가장자리로부터 단락을 들여쓰기할 정도를 입력합니다.</help:help-text></help:case></help:switch></text:p>
  <text:p text:style-name="Head 3"><help:help-id value="SVX_METRICFIELD_RID_SVXPAGE_STD_PARAGRAPH_ED_FLINEINDENT"/><help:key-word value="줄; 들여쓰기" tag="kw65801_20"/><help:key-word value="첫 줄; 들여쓰기" tag="kw65801_19"/><help:key-word value="첫 줄; 내어쓰기" tag="kw65801_18"/><help:key-word value="내어쓰기; 첫 줄" tag="kw65801_17"/><help:key-word value="내어쓰기" tag="kw65801_16"/><a name="erstezeile"/>첫 줄</text:p>
  <text:p text:style-name="Paragraph"><help:help-text value="visible">입력한 정도에 따라 단락의 첫 줄을 들여씁니다. 번호 매기기나 글머리 기호를 사용하는 단락의 첫 줄을 들여쓰기 하려면 [서식] - [번호 매기기/글머리 기호]를 선택하고 [위치] 탭에서 [번호와 텍스트의 최소 간격] 상자에 간격을 입력합니다.</help:help-text></text:p>
  <text:p text:style-name="Head 3"><help:help-id value="SVX_CHECKBOX_RID_SVXPAGE_STD_PARAGRAPH_CB_AUTO"/><help:switch select="Program"><help:case select="WRITER"><help:key-word value="들여쓰기; 자동" tag="kw65801_15"/>자동</help:case></help:switch></text:p>
  <text:p text:style-name="Paragraph"><help:switch select="Program"><help:case select="WRITER"><help:help-text value="visible">글꼴 크기 및 선 여백에 따라 단락을 자동으로 들여쓰기합니다. [첫 줄] 상자의 설정을 무시합니다.</help:help-text></help:case></help:switch></text:p>
  <text:p text:style-name="Head 2"><a name="abstand"/><help:key-word value="간격; 단락" tag="kw65801_14"/><help:key-word value="단락; 각주의 단락 사이" tag="kw65801_13"/><help:key-word value="각주; 단락 사이의 간격" tag="kw65801_12"/><help:key-word value="단락; 간격" tag="kw65801_11"/><help:key-word value="단락 간격; 각주" tag="kw65801_10"/>간격</text:p>
  <text:p text:style-name="Paragraph"><text:span text:style-name="T1">간격</text:span> 영역에서는 단락의 위나 아래에 비워 둘 간격을 설정하십시오. 페이지 시작 부분의 첫 번째 단락에는 항상 위쪽 여백이 없고, 페이지 끝 부분의 마지막 단락에는 아래쪽 여백이 없습니다. 연속되는 두 단락에서 아래쪽 단락 간격과 위쪽 단락 간격이 서로 다르게 설정된 경우에 <text:span text:style-name="T1">도구 - 옵션 - 텍스트 문서 - 기타</text:span>에서 특별히 지정한 설정이 없으면 두 간격 중에서 큰 값이 적용됩니다.</text:p>
  <text:p text:style-name="Head 3"><help:help-id value="SVX_METRICFIELD_RID_SVXPAGE_STD_PARAGRAPH_ED_TOPDIST"/>단락 위</text:p>
  <text:p text:style-name="Paragraph"><help:help-text value="visible">선택한 단락 위의 간격을 입력합니다.</help:help-text></text:p>
  <help:switch select="Program"><help:case select="DRAW"><help:embedded Id="65609" Eid="textobjektleiste"></help:embedded></help:case></help:switch>
  <help:switch select="Program"><help:case select="DRAW"><help:embedded Id="65941" Eid="syabstanderhoehen"></help:embedded></help:case></help:switch>
  <help:switch select="Program"><help:case select="DRAW"><help:embedded Id="65927" Eid="syabstandvermindern"></help:embedded></help:case></help:switch>
  <help:switch select="Program"><help:case select="IMPRESS"><help:embedded Id="65609" Eid="textobjektleiste"></help:embedded></help:case></help:switch>
  <help:switch select="Program"><help:case select="IMPRESS"><help:embedded Id="65941" Eid="syabstanderhoehen"></help:embedded></help:case></help:switch>
  <help:switch select="Program"><help:case select="IMPRESS"><help:embedded Id="65927" Eid="syabstandvermindern"></help:embedded></help:case></help:switch>
  <text:p text:style-name="Head 3"><help:help-id value="SVX_METRICFIELD_RID_SVXPAGE_STD_PARAGRAPH_ED_BOTTOMDIST"/>단락 아래</text:p>
  <text:p text:style-name="Paragraph"><help:help-text value="visible">선택한 단락 위의 간격을 입력합니다.</help:help-text></text:p>
  <text:p text:style-name="Head 2"><help:help-id value="SVX_LISTBOX_RID_SVXPAGE_STD_PARAGRAPH_LB_LINEDIST"/><help:key-word value="줄 간격; 단락" tag="kw65801_9"/><help:key-word value="간격; 줄" tag="kw65801_8"/><help:key-word value="1 줄 간격; 단락" tag="kw65801_7"/><help:key-word value="1,5 줄 간격; 단락" tag="kw65801_6"/><help:key-word value="2 줄 간격; 단락" tag="kw65801_5"/>줄 간격</text:p>
  <text:p text:style-name="Paragraph"><help:help-text value="visible">단락에서 텍스트의 줄 간격을 지정합니다.</help:help-text></text:p>
  <text:p text:style-name="Head 3"><a name="einzeilig"/>1줄</text:p>
  <text:p text:style-name="Paragraph"><help:to-be-embedded Eid="einzeiligtext">현재 단락에 단일 줄 간격을 적용합니다. 이것은 기본 설정입니다.</help:to-be-embedded></text:p>
  <help:switch select="System"><help:case select ="MAC"></help:case><help:default>
  <table:table table:name="Tabelle4" table:style-name="Tabelle4">
   <table:table-column table:style-name="Tabelle4.A"/>
   <table:table-column table:style-name="Tabelle4.B"/>
   <table:table-header-rows>
    <table:table-row>
     <table:table-cell table:style-name="Tabelle4.A1" table:value-type="string">
      <text:p text:style-name="Paragraph"><draw:image draw:name="아이콘2" svg:desc="팁 아이콘" svg:pixelx="32" svg:pixely="32" svg:width="0.847cm" svg:height="0.847cm" xlink:href="66732" draw:filter-name=""/></text:p>

     </table:table-cell>
     <table:table-cell table:style-name="Tabelle4.A1" table:value-type="string">
      <text:p text:style-name="Paragraph">단일 줄 간격을 신속하게 적용하려면 커서를 단락에 놓고 &lt;Ctrl&gt;+&lt;1&gt;을 누릅니다.</text:p>
     </table:table-cell>
    </table:table-row>
   </table:table-header-rows>
  </table:table>
  </help:default></help:switch>
  <text:p text:style-name="Head 3"><a name="eineinhalbzeilig"/>1,5 줄</text:p>
  <text:p text:style-name="Paragraph"><help:to-be-embedded Eid="eineinhalbzeiligtext">줄 간격을 한 줄 반으로 설정합니다. 이는 글꼴 높이의 반인 세로 간격에 해당됩니다.</help:to-be-embedded></text:p>
  <help:switch select="System"><help:case select ="MAC"></help:case><help:default>
  <table:table table:name="Tabelle5" table:style-name="Tabelle5">
   <table:table-column table:style-name="Tabelle5.A"/>
   <table:table-column table:style-name="Tabelle5.B"/>
   <table:table-header-rows>
    <table:table-row>
     <table:table-cell table:style-name="Tabelle5.A1" table:value-type="string">
      <text:p text:style-name="Paragraph"><draw:image draw:name="아이콘3" svg:desc="팁 아이콘" svg:pixelx="32" svg:pixely="32" svg:width="0.847cm" svg:height="0.847cm" xlink:href="66732" draw:filter-name=""/></text:p>

     </table:table-cell>
     <table:table-cell table:style-name="Tabelle5.A1" table:value-type="string">
      <text:p text:style-name="Paragraph">1.5줄 간격을 신속하게 적용하려면 커서를 단락에 놓고 &lt;Ctrl&gt;+&lt;5&gt;를 누릅니다.</text:p>
     </table:table-cell>
    </table:table-row>
   </table:table-header-rows>
  </table:table>
  </help:default></help:switch>
  <text:p text:style-name="Head 3"><a name="zweizeilig"/>두 줄</text:p>
  <text:p text:style-name="Paragraph"><help:to-be-embedded Eid="zweizeiligtext">두 줄 사이의 간격을 설정합니다. 이는 글꼴 높이와 같은 수직 간격에 해당합니다.</help:to-be-embedded></text:p>
  <help:switch select="System"><help:case select ="MAC"></help:case><help:default>
  <table:table table:name="Tabelle6" table:style-name="Tabelle6">
   <table:table-column table:style-name="Tabelle6.A"/>
   <table:table-column table:style-name="Tabelle6.B"/>
   <table:table-header-rows>
    <table:table-row>
     <table:table-cell table:style-name="Tabelle6.A1" table:value-type="string">
      <text:p text:style-name="Paragraph"><draw:image draw:name="아이콘4" svg:desc="팁 아이콘" svg:pixelx="32" svg:pixely="32" svg:width="0.847cm" svg:height="0.847cm" xlink:href="66732" draw:filter-name=""/></text:p>

     </table:table-cell>
     <table:table-cell table:style-name="Tabelle6.A1" table:value-type="string">
      <text:p text:style-name="Paragraph">2줄 간격을 신속하게 적용하려면 커서를 단락에 놓고 &lt;Ctrl&gt;+&lt;2&gt;를 누릅니다.</text:p>
     </table:table-cell>
    </table:table-row>
   </table:table-header-rows>
  </table:table>
  </help:default></help:switch>
  <help:switch select="Program"><help:case select="WRITER">
  <text:p text:style-name="Head 3">비례</text:p>
  <text:p text:style-name="Paragraph">이 옵션을 선택한 다음 상자에 백분율 값을 입력합니다. 여기서 100%는 1줄에 해당합니다.</text:p>
  <text:p text:style-name="Head 3">최소</text:p>
  <text:p text:style-name="Paragraph">상자에 입력한 값으로 최소 줄 간격을 설정합니다.</text:p>
  <table:table table:name="Tabelle3" table:style-name="Tabelle3">
   <table:table-column table:style-name="Tabelle3.A"/>
   <table:table-column table:style-name="Tabelle3.B"/>
   <table:table-header-rows>
    <table:table-row>
     <table:table-cell table:style-name="Tabelle3.A1" table:value-type="string">
      <text:p text:style-name="Paragraph"><draw:image draw:name="아이콘5" svg:desc="팁 아이콘" svg:pixelx="32" svg:pixely="32" svg:width="0.847cm" svg:height="0.847cm" xlink:href="66732" draw:filter-name=""/></text:p>

     </table:table-cell>
     <table:table-cell table:style-name="Tabelle3.A1" table:value-type="string">
      <text:p text:style-name="Paragraph">한 단락 내에서 서로 다른 글꼴 크기를 사용할 경우 <help:productname>%PRODUCTNAME</help:productname>은 줄 간격을 자동으로 사용된 최대 글꼴 크기에 맞게 조정합니다. 모든 줄에 대하여 동일한 간격을 원할 경우 사용된 최대 글꼴에도 충분히 높은 값을 <text:span text:style-name="T1">최소</text:span>에서 지정할 수 있습니다.</text:p>
     </table:table-cell>
    </table:table-row>
   </table:table-header-rows>
  </table:table>
  <text:p text:style-name="Head 3"><help:key-word value="선행; 단락 사이" tag="kw65801_4"/>선행</text:p>
  <text:p text:style-name="Paragraph">두 줄 사이에 삽입된 세로 간격의 높이를 설정합니다.</text:p>
  </help:case></help:switch>
  <text:p text:style-name="Head 3"><help:switch select="Program"><help:case select="WRITER">고정</help:case></help:switch></text:p>
  <text:p text:style-name="Paragraph"><help:switch select="Program"><help:case select="WRITER">상자에 입력한 값과 정확하게 일치하도록 줄 간격을 설정합니다. 따라서 문자가 잘릴 수 있습니다.</help:case></help:switch></text:p>
  <text:p text:style-name="Head 3"><help:help-id value="SVX_METRICFIELD_RID_SVXPAGE_STD_PARAGRAPH_ED_LINEDISTPERCENT"/><help:help-id value="SVX_METRICFIELD_RID_SVXPAGE_STD_PARAGRAPH_ED_LINEDISTMETRIC"/>대상</text:p>
  <text:p text:style-name="Paragraph"><help:help-text value="visible">줄 간격에 사용할 값을 입력합니다.</help:help-text></text:p>
  <help:embedded Id="65630" Eid="vorschau"></help:embedded>
  <text:p text:style-name="Head 2"><help:switch select="Program"><help:case select="WRITER"><help:key-word value="등록 확인; 단락" tag="kw65801_3"/><help:key-word value="줄; 맞춤" tag="kw65801_2"/>등록 확인</help:case></help:switch></text:p>
  <text:p text:style-name="Head 3"><help:help-id value="SVX_CHECKBOX_RID_SVXPAGE_STD_PARAGRAPH_CB_REGISTER"/><help:switch select="Program"><help:case select="WRITER">활성화</help:case></help:switch></text:p>
  <text:p text:style-name="Paragraph"><help:switch select="Program"><help:case select="WRITER"><help:help-text value="visible">각 줄이 같은 높이를 갖도록 각 텍스트 줄의 기준선을 세로 문서 그리드에 맞춥니다. 이 기능을 사용하려면 현재 페이지 스타일에 대해 [인쇄할 때 가늠 맞춤] 옵션이 먼저 활성화되어 있어야 합니다. 그러기 위해서는 [서식] - [페이지]를 선택하고 [페이지] 탭을 누른 다음 [레이아웃 설정] 탭에서 [인쇄할 때 가늠 맞춤] 상자를 선택합니다.</help:help-text></help:case></help:switch></text:p>
  <text:p text:style-name="ParaList"><help:embedded Id="65598" Eid="related"></help:embedded></text:p>
  <text:p text:style-name="ParaList"><help:popup Id="65619" Eid="registerhaltigkeit"></help:popup></text:p>
 </office:body>
</office:document>
