

<office:document  xmlns:office="http://openoffice.org/2000/office" xmlns:style="http://openoffice.org/2000/style" xmlns:text="http://openoffice.org/2000/text" xmlns:table="http://openoffice.org/2000/table" xmlns:draw="http://openoffice.org/2000/drawing" xmlns:fo="http://www.w3.org/1999/XSL/Format" xmlns:xlink="http://www.w3.org/1999/xlink" xmlns:number="http://openoffice.org/2000/datastyle" xmlns:svg="http://www.w3.org/2000/svg" xmlns:chart="http://openoffice.org/2000/chart" xmlns:dr3d="http://openoffice.org/2000/dr3d" xmlns:math="http://www.w3.org/1998/Math/MathML" xmlns:form="http://openoffice.org/2000/form" xmlns:script="http://openoffice.org/2000/script" office:class="text" office:version="1.0" xmlns:dc="http://purl.org/dc/elements/1.1/" xmlns:meta="http://openoffice.org/2000/meta" xmlns:help="http://openoffice.org/2000/help">
<office:meta>
  <dc:description>text/common/01/05040200</dc:description>
  <dc:subject>페이지</dc:subject>
  <meta:keywords>
   <meta:keyword>$Version</meta:keyword>
  </meta:keywords>
  <dc:language>ko-KR</dc:language>
  <meta:user-defined meta:name="Info 0">READY</meta:user-defined>
  <meta:user-defined meta:name="Info 1">FREE_OK</meta:user-defined>
  <meta:user-defined meta:name="Info 2"/>
  <meta:user-defined meta:name="Info 3"/>
</office:meta>
 <office:script/>
 <office:font-decls>
  <style:font-decl style:name="StarSymbol" fo:font-family="StarSymbol" style:font-charset="x-symbol"/>
  <style:font-decl style:name="Courier New" fo:font-family="&apos;Courier New&apos;" style:font-style-name="Standard" style:font-family-generic="modern" style:font-pitch="fixed"/>
  <style:font-decl style:name="Courier" fo:font-family="Courier" style:font-family-generic="roman" style:font-pitch="fixed"/>
  <style:font-decl style:name="Andale WT UI3" fo:font-family="&apos;Andale WT UI&apos;" style:font-pitch="variable"/>
  <style:font-decl style:name="Arial Unicode MS" fo:font-family="&apos;Arial Unicode MS&apos;" style:font-pitch="variable"/>
  <style:font-decl style:name="HG Mincho Light J" fo:font-family="&apos;HG Mincho Light J&apos;" style:font-pitch="variable"/>
  <style:font-decl style:name="Andale WT UI" fo:font-family="&apos;Andale WT UI&apos;" style:font-style-name="Fett" style:font-family-generic="roman" style:font-pitch="variable"/>
  <style:font-decl style:name="Andale WT UI1" fo:font-family="&apos;Andale WT UI&apos;" style:font-style-name="Standard" style:font-family-generic="roman" style:font-pitch="variable"/>
  <style:font-decl style:name="Thorndale" fo:font-family="Thorndale" style:font-family-generic="roman" style:font-pitch="variable"/>
  <style:font-decl style:name="Times New Roman" fo:font-family="&apos;Times New Roman&apos;" style:font-style-name="Fett" style:font-family-generic="roman" style:font-pitch="variable"/>
  <style:font-decl style:name="Andale WT UI2" fo:font-family="&apos;Andale WT UI&apos;" style:font-family-generic="swiss" style:font-pitch="variable"/>
 </office:font-decls>
 <office:automatic-styles>
  <style:style style:name="P1" style:family="paragraph" style:parent-style-name="Paragraph" style:master-page-name="HTML">
   <style:properties style:page-number="0"/>
  </style:style>
  <style:style style:name="T1" style:family="text">
   <style:properties fo:font-weight="bold"/>
  </style:style>
 </office:automatic-styles>
 <office:body>
  <text:variable-decls>
   <text:variable-decl text:value-type="string" text:name="HTML_ON"/>
   <text:variable-decl text:value-type="string" text:name="HTML_OFF"/>
   <text:variable-decl text:value-type="string" text:name="TITEL"/>
   <text:variable-decl text:value-type="string" text:name="END"/>
   <text:variable-decl text:value-type="string" text:name="OS2"/>
   <text:variable-decl text:value-type="string" text:name="ELSE"/>
   <text:variable-decl text:value-type="string" text:name="HREF"/>
   <text:variable-decl text:value-type="string" text:name="NAME"/>
   <text:variable-decl text:value-type="string" text:name="WIN"/>
   <text:variable-decl text:value-type="string" text:name="HFELD"/>
   <text:variable-decl text:value-type="string" text:name="HelpID"/>
   <text:variable-decl text:value-type="string" text:name="MODIFY"/>
   <text:variable-decl text:value-type="string" text:name="REFNR"/>
   <text:variable-decl text:value-type="string" text:name="KEY"/>
   <text:variable-decl text:value-type="string" text:name="AKTHLP"/>
   <text:variable-decl text:value-type="string" text:name="INDEX"/>
   <text:variable-decl text:value-type="string" text:name="STYLE"/>
  </text:variable-decls>
  <text:sequence-decls>
   <text:sequence-decl text:display-outline-level="0" text:name="Illustration"/>
   <text:sequence-decl text:display-outline-level="0" text:name="Table"/>
   <text:sequence-decl text:display-outline-level="0" text:name="Text"/>
   <text:sequence-decl text:display-outline-level="0" text:name="Drawing"/>
  </text:sequence-decls>
  <help:to-be-embedded Eid="seite">
  <text:p text:style-name="Head 1"><help:help-id value="HID_FORMAT_PAGE"/><help:key-word value="페이지; 서식" tag="kw65662_15"/><help:key-word value="서식; 페이지" tag="kw65662_1"/><help:link Id="65662">페이지</help:link></text:p>
  <text:p text:style-name="Paragraph"><help:help-text value="visible">페이지 번호 매기기와 용지 형식을 지정할 수 있으며 단일 페이지 문서와 여러 페이지 문서에 대한 페이지 모양을 지정할 수 있습니다.</help:help-text></text:p>
  </help:to-be-embedded>
  <help:popup Id="65599" Eid="seite"><help:embedded Id="65598" Eid="wie"></help:embedded></help:popup>
  <help:embedded Id="68019" Eid="pageformat_max"></help:embedded>
  <text:p text:style-name="Head 2"><help:key-word value="용지 형식; 페이지" tag="kw65662_14"/><help:key-word value="페이지; 용지 형식" tag="kw65662_13"/>용지 형식</text:p>
  <text:p text:style-name="Paragraph">미리 지정된 용지 크기 목록에서 선택하거나 사용자 정의 용지 형식을 지정합니다.</text:p>
  <text:p text:style-name="Head 3"><help:help-id value="SVX_LISTBOX_RID_SVXPAGE_PAGE_LB_PAPER_SIZE"/>형식</text:p>
  <text:p text:style-name="Paragraph"><help:help-text value="visible">미리 지정된 용지 크기를 선택하거나 [높이] 및 [너비] 상자에 용지 치수를 입력하여 사용자 정의 서식을 만듭니다.</help:help-text></text:p>
  <text:p text:style-name="Head 3"><help:help-id value="SVX_METRICFIELD_RID_SVXPAGE_PAGE_ED_PAPER_WIDTH"/>너비</text:p>
  <text:p text:style-name="Paragraph"><help:help-text value="visible">기본값과 다른 용지 너비를 입력할 수 있습니다.</help:help-text></text:p>
  <text:p text:style-name="Head 3"><help:help-id value="SVX_METRICFIELD_RID_SVXPAGE_PAGE_ED_PAPER_HEIGHT"/>높이</text:p>
  <text:p text:style-name="Paragraph"><help:help-text value="visible">기본값과 다른 용지 높이를 입력할 수 있습니다.</help:help-text></text:p>
  <text:p text:style-name="Head 3"><help:help-id value="SVX_RADIOBUTTON_RID_SVXPAGE_PAGE_RB_PORTRAIT"/>세로</text:p>
  <text:p text:style-name="Paragraph"><help:help-text value="visible">용지를 세로 방향으로 하여 현재 문서를 표시하고 인쇄합니다.</help:help-text></text:p>
  <text:p text:style-name="Head 3"><help:help-id value="SVX_RADIOBUTTON_RID_SVXPAGE_PAGE_RB_LANDSCAPE"/>가로</text:p>
  <text:p text:style-name="Paragraph"><help:help-text value="visible">용지를 가로 방향으로 하여 현재 문서를 표시하고 인쇄합니다.</help:help-text></text:p>
  <text:p text:style-name="Head 3"><help:help-id value="SVX_LISTBOX_RID_SVXPAGE_PAGE_LB_TEXT_FLOW"/>텍스트 방향</text:p>
  <text:p text:style-name="Paragraph"><help:help-text value="visible">여기서는 원하는 텍스트 방향을 선택할 수 있습니다.</help:help-text> 텍스트 방향에서 수직 방향 버튼을 선택하면 머리글과 바닥글만 제외하고 왼쪽에서 오른쪽으로 쓰는 텍스트가 모두 왼쪽으로 정렬됩니다.</text:p>
  <text:p text:style-name="Head 3"><help:help-id value="SVX_LISTBOX_RID_SVXPAGE_PAGE_LB_PAPER_TRAY"/><help:key-word value="용지 공급; 프린터" tag="kw65662_12"/><help:key-word value="프린터; 용지 공급" tag="kw65662_11"/>용지 급지</text:p>
  <text:p text:style-name="Paragraph"><help:help-text value="visible">프린터에 필요한 용지 공급을 선택합니다. 필요하면 페이지 스타일마다 다른 용지함을 할당할 수 있습니다.</help:help-text></text:p>
  <help:embedded Id="65630" Eid="vorschau"></help:embedded>
  <text:p text:style-name="Head 2"><help:key-word value="측면; 여백" tag="kw65662_10"/><help:key-word value="여백; 측면" tag="kw65662_9"/>측면 여백</text:p>
  <text:p text:style-name="Paragraph">페이지 가장자리와 문서 텍스트 사이의 간격을 지정합니다.</text:p>
  <text:p text:style-name="Head 3"><help:help-id value="SVX_METRICFIELD_RID_SVXPAGE_PAGE_ED_LEFT_MARGIN"/>왼쪽/안쪽</text:p>
  <text:p text:style-name="Paragraph"><help:help-text value="visible">페이지 왼쪽 가장자리와 문서 텍스트 사이의 간격을 입력합니다. [대칭] 페이지 모양을 사용하고 있는 경우에는 안쪽 텍스트 여백과 페이지의 안쪽 가장자리 사이의 간격을 입력합니다.</help:help-text></text:p>
  <text:p text:style-name="Head 3"><help:help-id value="SVX_METRICFIELD_RID_SVXPAGE_PAGE_ED_RIGHT_MARGIN"/>오른쪽/외부</text:p>
  <text:p text:style-name="Paragraph"><help:help-text value="visible">페이지의 오른쪽 가장자리와 문서 텍스트 사이의 간격을 입력합니다. [대칭] 페이지 모양을 사용하고 있는 경우에는 바깥쪽 텍스트 여백과 페이지의 바깥쪽 가장자리 사이의 간격을 입력합니다.</help:help-text></text:p>
  <text:p text:style-name="Head 3"><help:help-id value="SVX_METRICFIELD_RID_SVXPAGE_PAGE_ED_TOP_MARGIN"/>위</text:p>
  <text:p text:style-name="Paragraph"><help:help-text value="visible">페이지의 위쪽 가장자리와 문서 텍스트 사이의 간격을 입력합니다.</help:help-text></text:p>
  <text:p text:style-name="Head 3"><help:help-id value="SVX_METRICFIELD_RID_SVXPAGE_PAGE_ED_BOTTOM_MARGIN"/>아래</text:p>
  <text:p text:style-name="Paragraph"><help:help-text value="visible">페이지의 아래쪽 가장자리와 문서 텍스트 사이의 간격을 입력합니다.</help:help-text></text:p>
  <text:p text:style-name="Head 2"><help:switch select="Program"><help:case select="DRAW"></help:case><help:case select="IMPRESS"></help:case><help:default><help:key-word value="페이지; 레이아웃" tag="kw65662_8"/><help:key-word value="레이아웃; 페이지" tag="kw65662_7"/>레이아웃 설정</help:default></help:switch></text:p>
  <text:p text:style-name="Paragraph"><help:switch select="Program"><help:case select="DRAW"></help:case><help:case select="IMPRESS"></help:case><help:default>현재 문서에서 사용할 페이지 모양 스타일을 선택합니다.</help:default></help:switch></text:p>
  <text:p text:style-name="Head 3"><help:help-id value="SVX_LISTBOX_RID_SVXPAGE_PAGE_LB_LAYOUT"/><help:switch select="Program"><help:case select="DRAW"></help:case><help:case select="IMPRESS"></help:case><help:default>페이지 레이아웃</help:default></help:switch></text:p>
  <text:p text:style-name="Paragraph"><help:help-text value="visible"><help:switch select="Program"><help:case select="DRAW"></help:case><help:case select="IMPRESS"></help:case><help:default>이 콤보 상자에서는 현재 페이지 템플릿에 적용할 페이지 레이아웃을 지정할 수 있습니다.</help:default></help:switch></help:help-text></text:p>
  <text:p text:style-name="Head 4"><help:switch select="Program"><help:case select="DRAW"></help:case><help:case select="IMPRESS"></help:case><help:default>오른쪽과 왼쪽</help:default></help:switch></text:p>
  <text:p text:style-name="Paragraph"><help:switch select="Program"><help:case select="DRAW"></help:case><help:case select="IMPRESS"></help:case><help:default>현재 페이지 템플릿을 사용하는 모든 페이지에 설정이 적용됩니다.</help:default></help:switch></text:p>
  <text:p text:style-name="Head 4"><help:switch select="Program"><help:case select="DRAW"></help:case><help:case select="IMPRESS"></help:case><help:default>대칭</help:default></help:switch></text:p>
  <text:p text:style-name="Paragraph"><help:switch select="Program"><help:case select="DRAW"></help:case><help:case select="IMPRESS"></help:case><help:default>이 페이지 레이아웃은 제본을 하거나 묶기 위해 양면으로 인쇄하는 문서에 사용됩니다.</help:default></help:switch> 이 항목을 선택하면 <text:span text:style-name="T1">측면 여백</text:span> 영역에서 안쪽 여백과 바깥쪽 여백을 지정할 수 있습니다.</text:p>
  <text:p text:style-name="Head 4"><help:switch select="Program"><help:case select="DRAW"></help:case><help:case select="IMPRESS"></help:case><help:default>오른쪽만</help:default></help:switch></text:p>
  <text:p text:style-name="Paragraph"><help:switch select="Program"><help:case select="DRAW"></help:case><help:case select="IMPRESS"><help:productname>%PRODUCTNAME</help:productname> Calc에서는 이 항목이 &quot;오른쪽과 왼쪽&quot; 옵션처럼 적용됩니다.</help:case><help:default>현재 설정이 오른쪽 페이지에만 적용됩니다. 문서의 첫 번째 페이지는 자동으로 오른쪽 페이지가 됩니다.</help:default></help:switch></text:p>
  <text:p text:style-name="Head 4"><help:switch select="Program"><help:case select="DRAW"></help:case><help:case select="IMPRESS"></help:case><help:default>왼쪽만</help:default></help:switch></text:p>
  <text:p text:style-name="Paragraph"><help:switch select="Program"><help:case select="DRAW"></help:case><help:case select="IMPRESS"><help:productname>%PRODUCTNAME</help:productname> Calc에서는 이 항목이 &quot;오른쪽과 왼쪽&quot; 옵션처럼 적용됩니다.</help:case><help:default>현재 설정이 왼쪽 페이지에만 적용됩니다.</help:default></help:switch></text:p>
  <text:p text:style-name="Head 2"><help:switch select="Program"><help:case select="WRITER">서식 목록 보기<help:key-word value="서식 목록 보기; 페이지 및 단락" tag="kw65662_6"/></help:case></help:switch></text:p>
  <text:p text:style-name="Head 3"><help:help-id value="SVX_CHECKBOX_RID_SVXPAGE_PAGE_CB_REGISTER"/><help:switch select="Program"><help:case select="WRITER">활성</help:case></help:switch></text:p>
  <text:p text:style-name="Paragraph"><help:switch select="Program"><help:case select="WRITER"><help:help-text value="visible">선택한 페이지 스타일을 사용하는 각 페이지에서 텍스트 줄이 세로 페이지 그리드에서의 위치와 같은 위치에 표시되는지 확인합니다. 이 옵션은 단락과 페이지에만 사용할 수 있으며 텍스트 열이 두 개 이상인 프레임에는 사용할 수 없습니다.</help:help-text> 참조 스타일은 그리드의 행 높이를 지정합니다.</help:case></help:switch></text:p>
  <text:p text:style-name="Head 3"><help:help-id value="SVX_LISTBOX_RID_SVXPAGE_PAGE_LB_REGISTER"/><help:switch select="Program"><help:case select="WRITER">참조 단락 템플릿</help:case></help:switch></text:p>
  <text:p text:style-name="Paragraph"><help:help-text value="visible"><help:switch select="Program"><help:case select="WRITER">텍스트 줄 맞춤에 참조로 사용할 단락 스타일을 선택합니다. 단락 스타일에 사용하는 글꼴의 기준선은 텍스트 줄 맞춤에도 사용됩니다.</help:case></help:switch></help:help-text></text:p>
  <text:p text:style-name="Head 2"><help:switch select="Program"><help:case select="CALC">표 맞춤</help:case></help:switch></text:p>
  <text:p text:style-name="Paragraph"><help:switch select="Program"><help:case select="CALC">인쇄된 페이지에서 셀에 대한 맞춤 옵션을 지정합니다.</help:case></help:switch></text:p>
  <text:p text:style-name="Head 3"><help:help-id value="SVX_CHECKBOX_RID_SVXPAGE_PAGE_CB_HORZ"/><help:switch select="Program"><help:case select="CALC">수평</help:case></help:switch></text:p>
  <text:p text:style-name="Paragraph"><help:help-text value="visible"><help:switch select="Program"><help:case select="CALC">인쇄된 페이지에서 셀을 가로로 중간에 맞춥니다.</help:case></help:switch></help:help-text></text:p>
  <text:p text:style-name="Head 3"><help:help-id value="SVX_CHECKBOX_RID_SVXPAGE_PAGE_CB_VERT"/><help:switch select="Program"><help:case select="CALC">수직</help:case></help:switch></text:p>
  <text:p text:style-name="Paragraph"><help:help-text value="visible"><help:switch select="Program"><help:case select="CALC">인쇄된 페이지에서 셀을 세로로 중간에 맞춥니다.</help:case></help:switch></help:help-text></text:p>
  <text:p text:style-name="Head 2"><help:switch select="Program"><help:case select="OFFICE"></help:case><help:case select="WRITER"></help:case><help:case select="CALC"></help:case><help:case select="CHART"></help:case><help:case select="MATH"></help:case><help:case select="IMAGE"></help:case><help:default>레이아웃 설정 </help:default></help:switch></text:p>
  <text:p text:style-name="Head 3"><help:help-id value="SVX_LISTBOX_RID_SVXPAGE_PAGE_LB_NUMBER_FORMAT"/><help:key-word value="페이지; 번호 매기기" tag="kw65662_5"/><help:key-word value="번호 매기기; 페이지" tag="kw65662_4"/>서식</text:p>
  <text:p text:style-name="Paragraph"><help:help-text value="visible">현재 페이지 스타일에 사용할 페이지 번호 매기기 서식을 선택합니다.</help:help-text></text:p>
  <text:p text:style-name="Head 3"><help:help-id value="SVX_CHECKBOX_RID_SVXPAGE_PAGE_CB_ADAPT"/><help:switch select="Program"><help:case select="OFFICE"></help:case><help:case select="WRITER"></help:case><help:case select="CALC"></help:case><help:case select="CHART"></help:case><help:case select="MATH"></help:case><help:case select="IMAGE"></help:case><help:default><help:key-word value="페이지; 축소 인쇄" tag="kw65662_3"/><help:key-word value="인쇄; 배율 조정된 페이지 크기" tag="kw65662_2"/>페이지 서식에 개채 맞춤</help:default></help:switch></text:p>
  <text:p text:style-name="Paragraph"><help:switch select="Program"><help:case select="OFFICE"></help:case><help:case select="WRITER"></help:case><help:case select="CALC"></help:case><help:case select="CHART"></help:case><help:case select="MATH"></help:case><help:case select="IMAGE"></help:case><help:default><help:help-text value="visible">선택한 용지 형식에 맞도록 그림 개체의 크기를 바꿉니다. 그림 개체의 맞춤이 유지됩니다.</help:help-text></help:default></help:switch></text:p>
  <text:p text:style-name="ParaList"><help:embedded Id="65598" Eid="related"></help:embedded></text:p>
  <text:p text:style-name="ParaList"><help:popup Id="65630" Eid="metrik"></help:popup></text:p>
  <text:p text:style-name="ParaList"><help:popup Id="65619" Eid="registerhaltigkeit"></help:popup></text:p>
 </office:body>
</office:document>
