

<office:document  xmlns:office="http://openoffice.org/2000/office" xmlns:style="http://openoffice.org/2000/style" xmlns:text="http://openoffice.org/2000/text" xmlns:table="http://openoffice.org/2000/table" xmlns:draw="http://openoffice.org/2000/drawing" xmlns:fo="http://www.w3.org/1999/XSL/Format" xmlns:xlink="http://www.w3.org/1999/xlink" xmlns:number="http://openoffice.org/2000/datastyle" xmlns:svg="http://www.w3.org/2000/svg" xmlns:chart="http://openoffice.org/2000/chart" xmlns:dr3d="http://openoffice.org/2000/dr3d" xmlns:math="http://www.w3.org/1998/Math/MathML" xmlns:form="http://openoffice.org/2000/form" xmlns:script="http://openoffice.org/2000/script" office:class="text" office:version="1.0" xmlns:dc="http://purl.org/dc/elements/1.1/" xmlns:meta="http://openoffice.org/2000/meta" xmlns:help="http://openoffice.org/2000/help">
<office:meta>
  <dc:description>text/common/01/05320000</dc:description>
  <dc:subject>텍스트 애니메이션</dc:subject>
  <meta:keywords>
   <meta:keyword>$Version</meta:keyword>
  </meta:keywords>
  <dc:language>ko-KR</dc:language>
  <meta:user-defined meta:name="Info 0">READY</meta:user-defined>
  <meta:user-defined meta:name="Info 1">FREE_OK</meta:user-defined>
  <meta:user-defined meta:name="Info 2"/>
  <meta:user-defined meta:name="Info 3"/>
</office:meta>
 <office:script/>
 <office:font-decls>
  <style:font-decl style:name="StarSymbol" fo:font-family="StarSymbol" style:font-charset="x-symbol"/>
  <style:font-decl style:name="Courier New" fo:font-family="&apos;Courier New&apos;" style:font-style-name="Standard" style:font-family-generic="modern" style:font-pitch="fixed"/>
  <style:font-decl style:name="Courier" fo:font-family="Courier" style:font-family-generic="roman" style:font-pitch="fixed"/>
  <style:font-decl style:name="Andale WT UI3" fo:font-family="&apos;Andale WT UI&apos;" style:font-pitch="variable"/>
  <style:font-decl style:name="Arial Unicode MS" fo:font-family="&apos;Arial Unicode MS&apos;" style:font-pitch="variable"/>
  <style:font-decl style:name="HG Mincho Light J" fo:font-family="&apos;HG Mincho Light J&apos;" style:font-pitch="variable"/>
  <style:font-decl style:name="Andale WT UI" fo:font-family="&apos;Andale WT UI&apos;" style:font-style-name="Fett" style:font-family-generic="roman" style:font-pitch="variable"/>
  <style:font-decl style:name="Andale WT UI1" fo:font-family="&apos;Andale WT UI&apos;" style:font-style-name="Standard" style:font-family-generic="roman" style:font-pitch="variable"/>
  <style:font-decl style:name="Thorndale" fo:font-family="Thorndale" style:font-family-generic="roman" style:font-pitch="variable"/>
  <style:font-decl style:name="Times New Roman" fo:font-family="&apos;Times New Roman&apos;" style:font-style-name="Fett" style:font-family-generic="roman" style:font-pitch="variable"/>
  <style:font-decl style:name="Andale WT UI2" fo:font-family="&apos;Andale WT UI&apos;" style:font-family-generic="swiss" style:font-pitch="variable"/>
 </office:font-decls>
 <office:automatic-styles>
  <style:style style:name="Tabelle2" style:family="table">
   <style:properties style:width="18cm" table:align="margins"/>
  </style:style>
  <style:style style:name="Tabelle2.A" style:family="table-column">
   <style:properties style:column-width="2.002cm" style:rel-column-width="7290*"/>
  </style:style>
  <style:style style:name="Tabelle2.B" style:family="table-column">
   <style:properties style:column-width="15.998cm" style:rel-column-width="58245*"/>
  </style:style>
  <style:style style:name="Tabelle1" style:family="table">
   <style:properties style:width="18cm" table:align="margins"/>
  </style:style>
  <style:style style:name="Tabelle1.A" style:family="table-column">
   <style:properties style:column-width="2.002cm" style:rel-column-width="7290*"/>
  </style:style>
  <style:style style:name="Tabelle1.B" style:family="table-column">
   <style:properties style:column-width="15.998cm" style:rel-column-width="58245*"/>
  </style:style>
  <style:style style:name="Tabelle3" style:family="table">
   <style:properties style:width="18cm" table:align="margins"/>
  </style:style>
  <style:style style:name="Tabelle3.A" style:family="table-column">
   <style:properties style:column-width="2.002cm" style:rel-column-width="7290*"/>
  </style:style>
  <style:style style:name="Tabelle3.B" style:family="table-column">
   <style:properties style:column-width="15.998cm" style:rel-column-width="58245*"/>
  </style:style>
  <style:style style:name="Tabelle4" style:family="table">
   <style:properties style:width="18cm" table:align="margins"/>
  </style:style>
  <style:style style:name="Tabelle4.A" style:family="table-column">
   <style:properties style:column-width="2.002cm" style:rel-column-width="7290*"/>
  </style:style>
  <style:style style:name="Tabelle4.B" style:family="table-column">
   <style:properties style:column-width="15.998cm" style:rel-column-width="58245*"/>
  </style:style>
  <style:style style:name="P1" style:family="paragraph" style:parent-style-name="Paragraph" style:master-page-name="HTML">
   <style:properties style:page-number="0"/>
  </style:style>
  <style:style style:name="fr1" style:family="graphics" style:parent-style-name="Graphics">
   <style:properties style:wrap="run-through" style:vertical-pos="top" style:vertical-rel="paragraph" style:horizontal-pos="left" style:horizontal-rel="paragraph" style:mirror="none" fo:clip="rect(0cm 0cm 0cm 0cm)" draw:luminance="0%" draw:contrast="0%" draw:red="0%" draw:green="0%" draw:blue="0%" draw:gamma="1" draw:color-inversion="false" draw:transparency="-100%" draw:color-mode="standard"/>
  </style:style>
 </office:automatic-styles>
 <office:body>
  <text:variable-decls>
   <text:variable-decl text:value-type="string" text:name="HTML_ON"/>
   <text:variable-decl text:value-type="string" text:name="HTML_OFF"/>
   <text:variable-decl text:value-type="string" text:name="TITEL"/>
   <text:variable-decl text:value-type="string" text:name="END"/>
   <text:variable-decl text:value-type="string" text:name="HREF"/>
   <text:variable-decl text:value-type="string" text:name="NAME"/>
   <text:variable-decl text:value-type="string" text:name="HFELD"/>
   <text:variable-decl text:value-type="string" text:name="HelpID"/>
   <text:variable-decl text:value-type="string" text:name="MODIFY"/>
   <text:variable-decl text:value-type="string" text:name="REFNR"/>
   <text:variable-decl text:value-type="string" text:name="KEY"/>
   <text:variable-decl text:value-type="string" text:name="AKTHLP"/>
   <text:variable-decl text:value-type="string" text:name="INDEX"/>
   <text:variable-decl text:value-type="string" text:name="STYLE"/>
  </text:variable-decls>
  <text:sequence-decls>
   <text:sequence-decl text:display-outline-level="0" text:name="Illustration"/>
   <text:sequence-decl text:display-outline-level="0" text:name="Table"/>
   <text:sequence-decl text:display-outline-level="0" text:name="Text"/>
   <text:sequence-decl text:display-outline-level="0" text:name="Drawing"/>
  </text:sequence-decls>
  <help:to-be-embedded Eid="lauftext">
  <text:p text:style-name="Head 1"><help:help-id value="SVX_TABPAGE_RID_SVXPAGE_TEXTANIMATION"/><help:key-word value="텍스트 애니메이션; 텍스트" tag="kw65647_1"/><help:key-word value="텍스트; 텍스트 애니메이션" tag="kw65647_8"/><help:key-word value="텍스트; 효과" tag="kw65647_7"/><help:key-word value="문자; 텍스트 애니메이션" tag="kw65647_6"/><help:key-word value="효과; 텍스트 애니메이션" tag="kw65647_5"/><help:key-word value="회전하는 텍스트; 텍스트 애니메이션" tag="kw65647_4"/><help:link Id="65647">텍스트 애니메이션</help:link></text:p>
  <text:p text:style-name="Paragraph"><help:help-text value="visible">선택한 그림 개체의 텍스트에 애니메이션 효과를 추가합니다.</help:help-text></text:p>
  </help:to-be-embedded>
  <help:popup Id="65593" Eid="laufext"><help:embedded Id="65598" Eid="wie"></help:embedded></help:popup>
  <text:p text:style-name="Head 2">텍스트 애니메이션 효과</text:p>
  <text:p text:style-name="Paragraph">적용할 효과를 선택하고 효과의 등록 정보를 설정합니다.</text:p>
  <text:p text:style-name="Head 3"><help:help-id value="SVX_LISTBOX_RID_SVXPAGE_TEXTANIMATION_LB_EFFECT"/>효과</text:p>
  <text:p text:style-name="Paragraph"><help:key-word value="텍스트; 깜박임" tag="kw65647_3"/><help:key-word value="깜박임; 텍스트" tag="kw65647_2"/><help:help-text value="visible">선택한 그림 개체의 텍스트에 적용할 애니메이션 효과를 선택합니다. 애니메이션 효과를 제거하려면 [효과 없음]을 선택합니다.</help:help-text></text:p>
  <text:p text:style-name="Head 3"><help:help-id value="SVX_IMAGEBUTTON_RID_SVXPAGE_TEXTANIMATION_BTN_LEFT"/>왼쪽으로</text:p>
  <text:p text:style-name="Paragraph"><help:help-text value="visible">오른쪽에서 왼쪽으로 텍스트를 스크롤합니다.</help:help-text></text:p>
  <table:table table:name="Tabelle2" table:style-name="Tabelle2">
   <table:table-column table:style-name="Tabelle2.A"/>
   <table:table-column table:style-name="Tabelle2.B"/>
   <table:table-header-rows>
    <table:table-row>
     <table:table-cell table:value-type="string">
      <text:p text:style-name="Paragraph"><draw:image draw:name="아이콘0" svg:desc="아이콘" svg:pixelx="32" svg:pixely="34" svg:width="0.847cm" svg:height="0.9cm" xlink:href="66588" draw:filter-name=""/></text:p>

     </table:table-cell>
     <table:table-cell table:value-type="string">
      <text:p text:style-name="Paragraph">왼쪽으로</text:p>
     </table:table-cell>
    </table:table-row>
   </table:table-header-rows>
  </table:table>
  <text:p text:style-name="Head 3"><help:help-id value="SVX_IMAGEBUTTON_RID_SVXPAGE_TEXTANIMATION_BTN_RIGHT"/>오른쪽으로</text:p>
  <text:p text:style-name="Paragraph"><help:help-text value="visible">왼쪽에서 오른쪽으로 텍스트를 스크롤합니다.</help:help-text></text:p>
  <table:table table:name="Tabelle1" table:style-name="Tabelle1">
   <table:table-column table:style-name="Tabelle1.A"/>
   <table:table-column table:style-name="Tabelle1.B"/>
   <table:table-header-rows>
    <table:table-row>
     <table:table-cell table:value-type="string">
      <text:p text:style-name="Paragraph"><draw:image draw:name="아이콘1" svg:desc="아이콘" svg:pixelx="32" svg:pixely="34" svg:width="0.847cm" svg:height="0.9cm" xlink:href="66589" draw:filter-name=""/></text:p>

     </table:table-cell>
     <table:table-cell table:value-type="string">
      <text:p text:style-name="Paragraph">오른쪽으로</text:p>
     </table:table-cell>
    </table:table-row>
   </table:table-header-rows>
  </table:table>
  <text:p text:style-name="Head 3"><help:help-id value="SVX_IMAGEBUTTON_RID_SVXPAGE_TEXTANIMATION_BTN_UP"/>위로</text:p>
  <text:p text:style-name="Paragraph"><help:help-text value="visible">아래쪽에서 위쪽으로 텍스트를 스크롤합니다.</help:help-text></text:p>
  <table:table table:name="Tabelle3" table:style-name="Tabelle3">
   <table:table-column table:style-name="Tabelle3.A"/>
   <table:table-column table:style-name="Tabelle3.B"/>
   <table:table-header-rows>
    <table:table-row>
     <table:table-cell table:value-type="string">
      <text:p text:style-name="Paragraph"><draw:image draw:name="아이콘2" svg:desc="아이콘" svg:pixelx="32" svg:pixely="34" svg:width="0.847cm" svg:height="0.9cm" xlink:href="66590" draw:filter-name=""/></text:p>

     </table:table-cell>
     <table:table-cell table:value-type="string">
      <text:p text:style-name="Paragraph">위로</text:p>
     </table:table-cell>
    </table:table-row>
   </table:table-header-rows>
  </table:table>
  <text:p text:style-name="Head 3"><help:help-id value="SVX_IMAGEBUTTON_RID_SVXPAGE_TEXTANIMATION_BTN_DOWN"/>아래로</text:p>
  <text:p text:style-name="Paragraph"><help:help-text value="visible">위쪽에서 아래쪽으로 텍스트를 스크롤합니다.</help:help-text></text:p>
  <table:table table:name="Tabelle4" table:style-name="Tabelle4">
   <table:table-column table:style-name="Tabelle4.A"/>
   <table:table-column table:style-name="Tabelle4.B"/>
   <table:table-header-rows>
    <table:table-row>
     <table:table-cell table:value-type="string">
      <text:p text:style-name="Paragraph"><draw:image draw:name="아이콘3" svg:desc="아이콘" svg:pixelx="32" svg:pixely="34" svg:width="0.847cm" svg:height="0.9cm" xlink:href="66591" draw:filter-name=""/></text:p>

     </table:table-cell>
     <table:table-cell table:value-type="string">
      <text:p text:style-name="Paragraph">아래로</text:p>
     </table:table-cell>
    </table:table-row>
   </table:table-header-rows>
  </table:table>
  <text:p text:style-name="Head 2">등록 정보</text:p>
  <text:p text:style-name="Head 3"><help:help-id value="SVX_TRISTATEBOX_RID_SVXPAGE_TEXTANIMATION_TSB_START_INSIDE"/>안에서 시작</text:p>
  <text:p text:style-name="Paragraph"><help:help-text value="visible">텍스트는 효과를 적용할 때는 보이지 않지만 그림 개체 안에 있습니다.</help:help-text></text:p>
  <text:p text:style-name="Head 3"><help:help-id value="SVX_TRISTATEBOX_RID_SVXPAGE_TEXTANIMATION_TSB_STOP_INSIDE"/>적용이 완료되면 텍스트가 보입니다.</text:p>
  <text:p text:style-name="Paragraph"><help:help-text value="visible">효과가 적용된 후에도 텍스트를 볼 수 있습니다.</help:help-text></text:p>
  <text:p text:style-name="Head 2">애니메이션 순환</text:p>
  <text:p text:style-name="Paragraph">애니메이션 효과에 대한 반복 옵션을 설정합니다.</text:p>
  <text:p text:style-name="Head 3"><help:help-id value="SVX_TRISTATEBOX_RID_SVXPAGE_TEXTANIMATION_TSB_ENDLESS"/>계속</text:p>
  <text:p text:style-name="Paragraph"><help:help-text value="visible">애니메이션 효과를 연속 재생합니다. 효과를 재생할 횟수를 지정하려면 이 확인란의 선택을 해제한 후에 [계속] 상자에 수를 입력합니다.</help:help-text></text:p>
  <text:p text:style-name="Head 3"><help:help-id value="SVX_NUMERICFIELD_RID_SVXPAGE_TEXTANIMATION_NUM_FLD_COUNT"/>계속</text:p>
  <text:p text:style-name="Paragraph"><help:help-text value="visible">애니메이션 효과를 반복할 횟수를 입력합니다.</help:help-text></text:p>
  <text:p text:style-name="Head 2">단계 크기</text:p>
  <text:p text:style-name="Paragraph">텍스트 스크롤에 필요한 증분 값을 지정합니다.</text:p>
  <text:p text:style-name="Head 3"><help:help-id value="SVX_TRISTATEBOX_RID_SVXPAGE_TEXTANIMATION_TSB_PIXEL"/>픽셀</text:p>
  <text:p text:style-name="Paragraph"><help:help-text value="visible">픽셀 단위로 증분 값을 측정합니다.</help:help-text></text:p>
  <text:p text:style-name="Head 3"><help:help-id value="SVX_METRICFIELD_RID_SVXPAGE_TEXTANIMATION_MTR_FLD_AMOUNT"/>픽셀</text:p>
  <text:p text:style-name="Paragraph"><help:help-text value="visible">텍스트를 스크롤할 증분 수를 입력합니다.</help:help-text></text:p>
  <text:p text:style-name="Head 2">단계 늦추기</text:p>
  <text:p text:style-name="Paragraph">효과를 반복하기 전에 대기할 시간을 지정합니다.</text:p>
  <text:p text:style-name="Head 3"><help:help-id value="SVX_TRISTATEBOX_RID_SVXPAGE_TEXTANIMATION_TSB_AUTO"/>자동</text:p>
  <text:p text:style-name="Paragraph"><help:help-text value="visible"><help:productname>%PRODUCTNAME</help:productname>에서는 자동으로 효과를 반 반복하기 전에 대기할 시간을 지정합니다. 지연 시간을 수동으로 지정하려면 이 확인란의 선택을 해제한 후에 [자동] 상자에 수를 입력합니다.</help:help-text></text:p>
  <text:p text:style-name="Head 3"><help:help-id value="SVX_METRICFIELD_RID_SVXPAGE_TEXTANIMATION_MTR_FLD_DELAY"/>자동 상자</text:p>
  <text:p text:style-name="Paragraph"><help:help-text value="visible">효과를 반복하기 전에 대기할 시간을 지정합니다.</help:help-text></text:p>
 </office:body>
</office:document>
