

<office:document  xmlns:office="http://openoffice.org/2000/office" xmlns:style="http://openoffice.org/2000/style" xmlns:text="http://openoffice.org/2000/text" xmlns:table="http://openoffice.org/2000/table" xmlns:draw="http://openoffice.org/2000/drawing" xmlns:fo="http://www.w3.org/1999/XSL/Format" xmlns:xlink="http://www.w3.org/1999/xlink" xmlns:number="http://openoffice.org/2000/datastyle" xmlns:svg="http://www.w3.org/2000/svg" xmlns:chart="http://openoffice.org/2000/chart" xmlns:dr3d="http://openoffice.org/2000/dr3d" xmlns:math="http://www.w3.org/1998/Math/MathML" xmlns:form="http://openoffice.org/2000/form" xmlns:script="http://openoffice.org/2000/script" office:class="text" office:version="1.0" xmlns:dc="http://purl.org/dc/elements/1.1/" xmlns:meta="http://openoffice.org/2000/meta" xmlns:help="http://openoffice.org/2000/help">
<office:meta>
  <dc:description>text/common/01/05350300</dc:description>
  <dc:subject>표시</dc:subject>

  <dc:language>ko-KR</dc:language>
  <meta:user-defined meta:name="Info 0">READY</meta:user-defined>
  <meta:user-defined meta:name="Info 1">FREE_OK</meta:user-defined>
  <meta:user-defined meta:name="Info 2"/>
  <meta:user-defined meta:name="Info 3"/>
</office:meta>
 <office:script/>
 <office:font-decls>
  <style:font-decl style:name="StarSymbol" fo:font-family="StarSymbol" style:font-charset="x-symbol"/>
  <style:font-decl style:name="Courier New" fo:font-family="&apos;Courier New&apos;" style:font-style-name="Standard" style:font-family-generic="modern" style:font-pitch="fixed"/>
  <style:font-decl style:name="Courier" fo:font-family="Courier" style:font-family-generic="roman" style:font-pitch="fixed"/>
  <style:font-decl style:name="Andale WT UI3" fo:font-family="&apos;Andale WT UI&apos;" style:font-pitch="variable"/>
  <style:font-decl style:name="Arial Unicode MS" fo:font-family="&apos;Arial Unicode MS&apos;" style:font-pitch="variable"/>
  <style:font-decl style:name="HG Mincho Light J" fo:font-family="&apos;HG Mincho Light J&apos;" style:font-pitch="variable"/>
  <style:font-decl style:name="Andale WT UI" fo:font-family="&apos;Andale WT UI&apos;" style:font-style-name="Fett" style:font-family-generic="roman" style:font-pitch="variable"/>
  <style:font-decl style:name="Andale WT UI1" fo:font-family="&apos;Andale WT UI&apos;" style:font-style-name="Standard" style:font-family-generic="roman" style:font-pitch="variable"/>
  <style:font-decl style:name="Thorndale" fo:font-family="Thorndale" style:font-family-generic="roman" style:font-pitch="variable"/>
  <style:font-decl style:name="Times New Roman" fo:font-family="&apos;Times New Roman&apos;" style:font-style-name="Fett" style:font-family-generic="roman" style:font-pitch="variable"/>
  <style:font-decl style:name="Andale WT UI2" fo:font-family="&apos;Andale WT UI&apos;" style:font-family-generic="swiss" style:font-pitch="variable"/>
 </office:font-decls>
 <office:automatic-styles>
  <style:style style:name="Tabelle10" style:family="table">
   <style:properties style:width="17.995cm" fo:margin-left="0cm" fo:margin-right="0.005cm" table:align="margins"/>
  </style:style>
  <style:style style:name="Tabelle10.A" style:family="table-column">
   <style:properties style:column-width="1.499cm" style:rel-column-width="5461*"/>
  </style:style>
  <style:style style:name="Tabelle10.B" style:family="table-column">
   <style:properties style:column-width="16.496cm" style:rel-column-width="60074*"/>
  </style:style>
  <style:style style:name="Tabelle1" style:family="table">
   <style:properties style:width="17.995cm" fo:margin-left="0cm" fo:margin-right="0.005cm" table:align="margins"/>
  </style:style>
  <style:style style:name="Tabelle1.A" style:family="table-column">
   <style:properties style:column-width="1.499cm" style:rel-column-width="5461*"/>
  </style:style>
  <style:style style:name="Tabelle1.B" style:family="table-column">
   <style:properties style:column-width="16.496cm" style:rel-column-width="60074*"/>
  </style:style>
  <style:style style:name="P1" style:family="paragraph" style:parent-style-name="Paragraph" style:master-page-name="HTML">
   <style:properties style:page-number="0"/>
  </style:style>
  <style:style style:name="fr1" style:family="graphics" style:parent-style-name="Graphics">
   <style:properties style:wrap="run-through" style:horizontal-pos="left" style:horizontal-rel="paragraph" style:mirror="none" fo:clip="rect(0cm 0cm 0cm 0cm)" draw:luminance="0%" draw:contrast="0%" draw:red="0%" draw:green="0%" draw:blue="0%" draw:gamma="1" draw:color-inversion="false" draw:transparency="-100%" draw:color-mode="standard"/>
  </style:style>
 </office:automatic-styles>
 <office:body>
  <text:variable-decls>
   <text:variable-decl text:value-type="string" text:name="HTML_ON"/>
   <text:variable-decl text:value-type="string" text:name="HTML_OFF"/>
   <text:variable-decl text:value-type="string" text:name="TITEL"/>
   <text:variable-decl text:value-type="string" text:name="END"/>
   <text:variable-decl text:value-type="string" text:name="OS2"/>
   <text:variable-decl text:value-type="string" text:name="ELSE"/>
   <text:variable-decl text:value-type="string" text:name="HREF"/>
   <text:variable-decl text:value-type="string" text:name="NAME"/>
   <text:variable-decl text:value-type="string" text:name="HelpID"/>
   <text:variable-decl text:value-type="string" text:name="MODIFY"/>
   <text:variable-decl text:value-type="string" text:name="REFNR"/>
   <text:variable-decl text:value-type="string" text:name="AKTHLP"/>
   <text:variable-decl text:value-type="string" text:name="KEY"/>
   <text:variable-decl text:value-type="string" text:name="INDEX"/>
   <text:variable-decl text:value-type="string" text:name="STYLE"/>
  </text:variable-decls>
  <text:sequence-decls>
   <text:sequence-decl text:display-outline-level="0" text:name="Illustration"/>
   <text:sequence-decl text:display-outline-level="0" text:name="Table"/>
   <text:sequence-decl text:display-outline-level="0" text:name="Text"/>
   <text:sequence-decl text:display-outline-level="0" text:name="Drawing"/>
  </text:sequence-decls>
  <help:to-be-embedded Eid="darstellung">
  <text:p text:style-name="Head 1"><help:help-id value="SVX_IMAGEBUTTON_RID_SVXFLOAT_3D_BTN_REPRESENTATION"/><help:key-word value="표시; 3D 효과" tag="kw65701_1"/><help:key-word value="3D 효과; 표시" tag="kw65701_5"/><help:link Id="65701">표시</help:link></text:p>
  <text:p text:style-name="Paragraph"><help:help-text value="visible">선택한 3D 개체에 대한 표시 옵션 및 그림자 옵션을 설정합니다.</help:help-text></text:p>
  <table:table table:name="Tabelle10" table:style-name="Tabelle10">
   <table:table-column table:style-name="Tabelle10.A"/>
   <table:table-column table:style-name="Tabelle10.B"/>
   <table:table-header-rows>
    <table:table-row>
     <table:table-cell table:value-type="string">
      <text:p text:style-name="Paragraph"><draw:image draw:name="아이콘0" svg:desc="아이콘" svg:pixelx="36" svg:pixely="23" svg:width="0.953cm" svg:height="0.609cm" xlink:href="65749" draw:filter-name=""/></text:p>

     </table:table-cell>
     <table:table-cell table:value-type="string">
      <text:p text:style-name="Paragraph">표시</text:p>
     </table:table-cell>
    </table:table-row>
   </table:table-header-rows>
  </table:table>
  </help:to-be-embedded>
  <help:popup Id="65599" Eid="3ddarstellung"><help:embedded Id="65598" Eid="wie"></help:embedded></help:popup>
  <text:p text:style-name="Head 2">표시</text:p>
  <text:p text:style-name="Paragraph">선택한 3D 개체에 적용할 표시의 유형을 지정합니다.</text:p>
  <text:p text:style-name="Head 3"><help:help-id value="SVX_LISTBOX_RID_SVXFLOAT_3D_LB_SHADEMODE"/>모드</text:p>
  <text:p text:style-name="Paragraph"><help:key-word value="평면 표시; 3D" tag="kw65701_4"/><help:key-word value="퐁 표시; 3D" tag="kw65701_3"/><help:key-word value="고우러드 표시; 3D" tag="kw65701_2"/><help:help-text value="visible">사용할 표시 방식을 선택합니다. 평면 표시는 개체 표면의 다각형 1개에 색상 1개를 할당합니다. 고우러드 표시는 여러 다각형에 걸쳐 색상을 혼합합니다. 퐁 표시는 주위의 픽셀을 바탕으로 각 픽셀의 색상 평균 값을 구하며, 처리 능력을 가장 많이 필요로 합니다.</help:help-text></text:p>
  <text:p text:style-name="Head 2"><help:help-id value="SVX_IMAGEBUTTON_RID_SVXFLOAT_3D_BTN_SHADOW_3D"/>음영</text:p>
  <text:p text:style-name="Paragraph"><help:help-text value="visible">선택한 3D 개체의 그림자를 추가 또는 삭제합니다.</help:help-text></text:p>
  <table:table table:name="Tabelle1" table:style-name="Tabelle1">
   <table:table-column table:style-name="Tabelle1.A"/>
   <table:table-column table:style-name="Tabelle1.B"/>
   <table:table-header-rows>
    <table:table-row>
     <table:table-cell table:value-type="string">
      <text:p text:style-name="Paragraph"><draw:image draw:name="아이콘1" svg:desc="아이콘" svg:pixelx="21" svg:pixely="21" svg:width="0.556cm" svg:height="0.556cm" xlink:href="66325" draw:filter-name=""/></text:p>

     </table:table-cell>
     <table:table-cell table:value-type="string">
      <text:p text:style-name="Paragraph">3D-음영 적용/적용 안함</text:p>
     </table:table-cell>
    </table:table-row>
   </table:table-header-rows>
  </table:table>
  <text:p text:style-name="Head 3"><help:help-id value="SVX_METRICFIELD_RID_SVXFLOAT_3D_MTR_SLANT"/>용지의 기울기</text:p>
  <text:p text:style-name="Paragraph"><help:help-text value="visible">0~90도 범위에서 그림자 각도를 입력합니다.</help:help-text></text:p>
  <text:p text:style-name="Head 2">카메라</text:p>
  <text:p text:style-name="Paragraph">선택한 3D 개체의 카메라 옵션을 설정합니다.</text:p>
  <text:p text:style-name="Head 3"><help:help-id value="SVX_METRICFIELD_RID_SVXFLOAT_3D_MTR_DISTANCE"/>거리</text:p>
  <text:p text:style-name="Paragraph"><help:help-text value="visible">카메라와 선택한 개체 중심 사이의 간격을 입력합니다.</help:help-text></text:p>
  <text:p text:style-name="Head 3"><help:help-id value="SVX_METRICFIELD_RID_SVXFLOAT_3D_MTR_FOCAL_LENGTH"/>초점 거리</text:p>
  <text:p text:style-name="Paragraph"><help:help-text value="visible">&quot;어안&quot; 렌즈에 해당하는 작은 값부터 망원 렌즈 수준의 큰 값에 이르기까지 카메라의 초점 거리를 입력합니다.</help:help-text></text:p>
  <help:embedded Id="65818" Eid="aktu"></help:embedded>
  <help:embedded Id="65818" Eid="zuweis"></help:embedded>
  <help:embedded Id="65818" Eid="umindd"></help:embedded>
  <help:embedded Id="65818" Eid="rotation"></help:embedded>
  <help:embedded Id="65818" Eid="pers"></help:embedded>
 </office:body>
</office:document>
