

<office:document  xmlns:office="http://openoffice.org/2000/office" xmlns:style="http://openoffice.org/2000/style" xmlns:text="http://openoffice.org/2000/text" xmlns:table="http://openoffice.org/2000/table" xmlns:draw="http://openoffice.org/2000/drawing" xmlns:fo="http://www.w3.org/1999/XSL/Format" xmlns:xlink="http://www.w3.org/1999/xlink" xmlns:number="http://openoffice.org/2000/datastyle" xmlns:svg="http://www.w3.org/2000/svg" xmlns:chart="http://openoffice.org/2000/chart" xmlns:dr3d="http://openoffice.org/2000/dr3d" xmlns:math="http://www.w3.org/1998/Math/MathML" xmlns:form="http://openoffice.org/2000/form" xmlns:script="http://openoffice.org/2000/script" office:class="text" office:version="1.0" xmlns:dc="http://purl.org/dc/elements/1.1/" xmlns:meta="http://openoffice.org/2000/meta" xmlns:help="http://openoffice.org/2000/help">
<office:meta>
  <dc:description>text/common/01/05360000</dc:description>
  <dc:subject>배치</dc:subject>

  <dc:language>ko-KR</dc:language>
  <meta:user-defined meta:name="Info 0">READY</meta:user-defined>
  <meta:user-defined meta:name="Info 1">FREE_OK</meta:user-defined>
  <meta:user-defined meta:name="Info 2"/>
  <meta:user-defined meta:name="Info 3"/>
</office:meta>
 <office:script/>
 <office:font-decls>
  <style:font-decl style:name="StarSymbol" fo:font-family="StarSymbol" style:font-charset="x-symbol"/>
  <style:font-decl style:name="Courier New" fo:font-family="&apos;Courier New&apos;" style:font-style-name="Standard" style:font-family-generic="modern" style:font-pitch="fixed"/>
  <style:font-decl style:name="Courier" fo:font-family="Courier" style:font-family-generic="roman" style:font-pitch="fixed"/>
  <style:font-decl style:name="Andale WT UI3" fo:font-family="&apos;Andale WT UI&apos;" style:font-pitch="variable"/>
  <style:font-decl style:name="Arial Unicode MS" fo:font-family="&apos;Arial Unicode MS&apos;" style:font-pitch="variable"/>
  <style:font-decl style:name="HG Mincho Light J" fo:font-family="&apos;HG Mincho Light J&apos;" style:font-pitch="variable"/>
  <style:font-decl style:name="Andale WT UI" fo:font-family="&apos;Andale WT UI&apos;" style:font-style-name="Fett" style:font-family-generic="roman" style:font-pitch="variable"/>
  <style:font-decl style:name="Andale WT UI1" fo:font-family="&apos;Andale WT UI&apos;" style:font-style-name="Standard" style:font-family-generic="roman" style:font-pitch="variable"/>
  <style:font-decl style:name="Thorndale" fo:font-family="Thorndale" style:font-family-generic="roman" style:font-pitch="variable"/>
  <style:font-decl style:name="Times New Roman" fo:font-family="&apos;Times New Roman&apos;" style:font-style-name="Fett" style:font-family-generic="roman" style:font-pitch="variable"/>
  <style:font-decl style:name="Andale WT UI2" fo:font-family="&apos;Andale WT UI&apos;" style:font-family-generic="swiss" style:font-pitch="variable"/>
 </office:font-decls>
 <office:automatic-styles>
  <style:style style:name="P1" style:family="paragraph" style:parent-style-name="Paragraph" style:master-page-name="HTML">
   <style:properties style:page-number="0"/>
  </style:style>
 </office:automatic-styles>
 <office:body>
  <text:variable-decls>
   <text:variable-decl text:value-type="string" text:name="HTML_ON"/>
   <text:variable-decl text:value-type="string" text:name="HTML_OFF"/>
   <text:variable-decl text:value-type="string" text:name="TITEL"/>
   <text:variable-decl text:value-type="string" text:name="END"/>
   <text:variable-decl text:value-type="string" text:name="HREF"/>
   <text:variable-decl text:value-type="string" text:name="NAME"/>
   <text:variable-decl text:value-type="string" text:name="HFELD"/>
   <text:variable-decl text:value-type="string" text:name="MODIFY"/>
   <text:variable-decl text:value-type="string" text:name="REFNR"/>
   <text:variable-decl text:value-type="string" text:name="WIN"/>
   <text:variable-decl text:value-type="string" text:name="KEY"/>
   <text:variable-decl text:value-type="string" text:name="ELSE"/>
   <text:variable-decl text:value-type="string" text:name="AKTHLP"/>
   <text:variable-decl text:value-type="string" text:name="HelpID"/>
   <text:variable-decl text:value-type="string" text:name="INDEX"/>
   <text:variable-decl text:value-type="string" text:name="STYLE"/>
  </text:variable-decls>
  <text:sequence-decls>
   <text:sequence-decl text:display-outline-level="0" text:name="Illustration"/>
   <text:sequence-decl text:display-outline-level="0" text:name="Table"/>
   <text:sequence-decl text:display-outline-level="0" text:name="Text"/>
   <text:sequence-decl text:display-outline-level="0" text:name="Drawing"/>
  </text:sequence-decls>
  <text:p text:style-name="P1"/>
  <text:p text:style-name="Head 1"><help:help-id value="SID_DISTRIBUTE_DLG"/><help:key-word value="배치; 개체" tag="kw65830_1"/><help:key-word value="개체; 배치" tag="kw65830_4"/><help:key-word value="맞춤; 개체" tag="kw65830_3"/><help:key-word value="개체; 배치" tag="kw65830_2"/><a name="verteilung"/><help:link Id="65830">배치</help:link></text:p>
  <text:p text:style-name="Paragraph"><help:to-be-embedded Eid="verteilungtext"><help:help-text value="visible">세로 축이나 가로 축을 따라 선택한 개체를 세 개 이상 균등하게 배포합니다. 개체 간의 간격도 균등하게 배포할 수 있습니다.</help:help-text></help:to-be-embedded></text:p>
  <help:popup Id="65625" Eid="verteilung"><help:embedded Id="65598" Eid="wie"></help:embedded></help:popup>
  <text:p text:style-name="Paragraph">개체는 선택 영역의 가장 바깥쪽 개체에 한하여 배포됩니다.</text:p>
  <text:p text:style-name="Head 2">수평</text:p>
  <text:p text:style-name="Paragraph">선택한 개체의 가로 배포를 지정합니다.</text:p>
  <text:p text:style-name="Head 3"><help:help-id value="SVX_RADIOBUTTON_RID_SVXPAGE_DISTRIBUTE_BTN_HOR_NONE"/>없음</text:p>
  <text:p text:style-name="Paragraph"><help:help-text value="visible">개체를 가로로 배포하지 않습니다.</help:help-text></text:p>
  <text:p text:style-name="Head 3"><help:help-id value="SVX_RADIOBUTTON_RID_SVXPAGE_DISTRIBUTE_BTN_HOR_LEFT"/>왼쪽</text:p>
  <text:p text:style-name="Paragraph"><help:help-text value="visible">개체의 왼쪽 가장자리 간격이 서로 균등하게 되도록 선택한 개체를 배포합니다.</help:help-text></text:p>
  <text:p text:style-name="Head 3"><help:help-id value="SVX_RADIOBUTTON_RID_SVXPAGE_DISTRIBUTE_BTN_HOR_CENTER"/>가운데</text:p>
  <text:p text:style-name="Paragraph"><help:help-text value="visible">개체의 가로 중심이 서로 균등하게 되도록 선택한 개체를 배포합니다.</help:help-text></text:p>
  <text:p text:style-name="Head 3"><help:help-id value="SVX_RADIOBUTTON_RID_SVXPAGE_DISTRIBUTE_BTN_HOR_DISTANCE"/>간격</text:p>
  <text:p text:style-name="Paragraph"><help:help-text value="visible">개체 간격이 서로 균등하게 되도록 선택한 개체를 가로로 배포합니다.</help:help-text></text:p>
  <text:p text:style-name="Head 3"><help:help-id value="SVX_RADIOBUTTON_RID_SVXPAGE_DISTRIBUTE_BTN_HOR_RIGHT"/>오른쪽</text:p>
  <text:p text:style-name="Paragraph"><help:help-text value="visible">개체의 오른쪽 가장자리 간격이 서로 균등하게 되도록 선택한 개체를 배포합니다.</help:help-text></text:p>
  <text:p text:style-name="Head 2">수직</text:p>
  <text:p text:style-name="Paragraph">선택한 개체의 세로 배포를 지정합니다.</text:p>
  <text:p text:style-name="Head 3"><help:help-id value="SVX_RADIOBUTTON_RID_SVXPAGE_DISTRIBUTE_BTN_VER_NONE"/>없음</text:p>
  <text:p text:style-name="Paragraph"><help:help-text value="visible">개체를 세로로 배포하지 않습니다.</help:help-text></text:p>
  <text:p text:style-name="Head 3"><help:help-id value="SVX_RADIOBUTTON_RID_SVXPAGE_DISTRIBUTE_BTN_VER_TOP"/>위</text:p>
  <text:p text:style-name="Paragraph"><help:help-text value="visible">개체의 위쪽 가장자리 간격이 서로 균등하게 되도록 선택한 개체를 배포합니다.</help:help-text></text:p>
  <text:p text:style-name="Head 3"><help:help-id value="SVX_RADIOBUTTON_RID_SVXPAGE_DISTRIBUTE_BTN_VER_CENTER"/>가운데</text:p>
  <text:p text:style-name="Paragraph"><help:help-text value="visible">개체의 세로 중심이 서로 균등하게 되도록 선택한 개체를 배포합니다.</help:help-text></text:p>
  <text:p text:style-name="Head 3"><help:help-id value="SVX_RADIOBUTTON_RID_SVXPAGE_DISTRIBUTE_BTN_VER_DISTANCE"/>간격</text:p>
  <text:p text:style-name="Paragraph"><help:help-text value="visible">개체 간격이 서로 균등하게 되도록 선택한 개체를 세로로 배포합니다.</help:help-text></text:p>
  <text:p text:style-name="Head 3"><help:help-id value="SVX_RADIOBUTTON_RID_SVXPAGE_DISTRIBUTE_BTN_VER_BOTTOM"/>아래</text:p>
  <text:p text:style-name="Paragraph"><help:help-text value="visible">개체의 아래쪽 가장자리 간격이 서로 균등하게 되도록 선택한 개체를 배포합니다.</help:help-text></text:p>
 </office:body>
</office:document>
