

<office:document  xmlns:office="http://openoffice.org/2000/office" xmlns:style="http://openoffice.org/2000/style" xmlns:text="http://openoffice.org/2000/text" xmlns:table="http://openoffice.org/2000/table" xmlns:draw="http://openoffice.org/2000/drawing" xmlns:fo="http://www.w3.org/1999/XSL/Format" xmlns:xlink="http://www.w3.org/1999/xlink" xmlns:number="http://openoffice.org/2000/datastyle" xmlns:svg="http://www.w3.org/2000/svg" xmlns:chart="http://openoffice.org/2000/chart" xmlns:dr3d="http://openoffice.org/2000/dr3d" xmlns:math="http://www.w3.org/1998/Math/MathML" xmlns:form="http://openoffice.org/2000/form" xmlns:script="http://openoffice.org/2000/script" office:class="text" office:version="1.0" xmlns:dc="http://purl.org/dc/elements/1.1/" xmlns:meta="http://openoffice.org/2000/meta" xmlns:help="http://openoffice.org/2000/help">
<office:meta>
  <dc:description>text/common/01/06010000</dc:description>
  <dc:subject>맞춤법</dc:subject>
  <meta:keywords>
   <meta:keyword>$Version</meta:keyword>
  </meta:keywords>
  <dc:language>ko-KR</dc:language>
  <meta:user-defined meta:name="Info 0">READY</meta:user-defined>
  <meta:user-defined meta:name="Info 1">FREE_OK</meta:user-defined>
  <meta:user-defined meta:name="Info 2"/>
  <meta:user-defined meta:name="Info 3"/>
</office:meta>
 <office:script/>
 <office:font-decls>
  <style:font-decl style:name="StarSymbol" fo:font-family="StarSymbol" style:font-charset="x-symbol"/>
  <style:font-decl style:name="Courier New" fo:font-family="&apos;Courier New&apos;" style:font-style-name="Standard" style:font-family-generic="modern" style:font-pitch="fixed"/>
  <style:font-decl style:name="Courier" fo:font-family="Courier" style:font-family-generic="roman" style:font-pitch="fixed"/>
  <style:font-decl style:name="Andale WT UI3" fo:font-family="&apos;Andale WT UI&apos;" style:font-pitch="variable"/>
  <style:font-decl style:name="Arial Unicode MS" fo:font-family="&apos;Arial Unicode MS&apos;" style:font-pitch="variable"/>
  <style:font-decl style:name="HG Mincho Light J" fo:font-family="&apos;HG Mincho Light J&apos;" style:font-pitch="variable"/>
  <style:font-decl style:name="Andale WT UI" fo:font-family="&apos;Andale WT UI&apos;" style:font-style-name="Fett" style:font-family-generic="roman" style:font-pitch="variable"/>
  <style:font-decl style:name="Andale WT UI1" fo:font-family="&apos;Andale WT UI&apos;" style:font-style-name="Standard" style:font-family-generic="roman" style:font-pitch="variable"/>
  <style:font-decl style:name="Thorndale" fo:font-family="Thorndale" style:font-family-generic="roman" style:font-pitch="variable"/>
  <style:font-decl style:name="Times New Roman" fo:font-family="&apos;Times New Roman&apos;" style:font-style-name="Fett" style:font-family-generic="roman" style:font-pitch="variable"/>
  <style:font-decl style:name="Andale WT UI2" fo:font-family="&apos;Andale WT UI&apos;" style:font-family-generic="swiss" style:font-pitch="variable"/>
 </office:font-decls>
 <office:automatic-styles>
  <style:style style:name="Tabelle8" style:family="table">
   <style:properties style:width="18cm" table:align="margins"/>
  </style:style>
  <style:style style:name="Tabelle8.A" style:family="table-column">
   <style:properties style:column-width="1.499cm" style:rel-column-width="5460*"/>
  </style:style>
  <style:style style:name="Tabelle8.B" style:family="table-column">
   <style:properties style:column-width="16.501cm" style:rel-column-width="60075*"/>
  </style:style>
  <style:style style:name="Tabelle8.1" style:family="table-row">
   <style:properties style:min-row-height="0.848cm"/>
  </style:style>
  <style:style style:name="Tabelle8.A1" style:family="table-cell">
   <style:properties fo:padding="0cm" fo:border="none"/>
  </style:style>
  <style:style style:name="Tabelle2" style:family="table">
   <style:properties style:width="18cm" table:align="margins"/>
  </style:style>
  <style:style style:name="Tabelle2.A" style:family="table-column">
   <style:properties style:column-width="1.501cm" style:rel-column-width="5465*"/>
  </style:style>
  <style:style style:name="Tabelle2.B" style:family="table-column">
   <style:properties style:column-width="16.499cm" style:rel-column-width="60070*"/>
  </style:style>
  <style:style style:name="P1" style:family="paragraph" style:parent-style-name="Paragraph" style:master-page-name="HTML">
   <style:properties style:page-number="0"/>
  </style:style>
  <style:style style:name="T1" style:family="text">
   <style:properties fo:font-weight="bold"/>
  </style:style>
  <style:style style:name="fr1" style:family="graphics" style:parent-style-name="Graphics">
   <style:properties style:run-through="foreground" style:wrap="run-through" style:vertical-pos="middle" style:vertical-rel="paragraph" style:horizontal-pos="left" style:horizontal-rel="paragraph" style:mirror="none" fo:clip="rect(0cm 0cm 0cm 0cm)" draw:luminance="0%" draw:contrast="0%" draw:red="0%" draw:green="0%" draw:blue="0%" draw:gamma="1" draw:color-inversion="false" draw:transparency="-100%" draw:color-mode="standard"/>
  </style:style>
  <style:style style:name="fr2" style:family="graphics" style:parent-style-name="Graphics">
   <style:properties style:run-through="foreground" style:wrap="run-through" style:vertical-pos="top" style:vertical-rel="paragraph" style:horizontal-pos="left" style:horizontal-rel="paragraph" style:mirror="none" fo:clip="rect(0cm 0cm 0cm 0cm)" draw:luminance="0%" draw:contrast="0%" draw:red="0%" draw:green="0%" draw:blue="0%" draw:gamma="1" draw:color-inversion="false" draw:transparency="-100%" draw:color-mode="standard"/>
  </style:style>
 </office:automatic-styles>
 <office:body>
  <text:variable-decls>
   <text:variable-decl text:value-type="string" text:name="HTML_ON"/>
   <text:variable-decl text:value-type="string" text:name="HTML_OFF"/>
   <text:variable-decl text:value-type="string" text:name="TITEL"/>
   <text:variable-decl text:value-type="string" text:name="END"/>
   <text:variable-decl text:value-type="string" text:name="HREF"/>
   <text:variable-decl text:value-type="string" text:name="NAME"/>
   <text:variable-decl text:value-type="string" text:name="HelpID"/>
   <text:variable-decl text:value-type="string" text:name="MODIFY"/>
   <text:variable-decl text:value-type="string" text:name="REFNR"/>
   <text:variable-decl text:value-type="string" text:name="KEY"/>
   <text:variable-decl text:value-type="string" text:name="INDEX"/>
   <text:variable-decl text:value-type="string" text:name="OS2"/>
   <text:variable-decl text:value-type="string" text:name="ELSE"/>
   <text:variable-decl text:value-type="string" text:name="AKTHLP"/>
   <text:variable-decl text:value-type="string" text:name="MAC"/>
   <text:variable-decl text:value-type="string" text:name="HFELD"/>
   <text:variable-decl text:value-type="string" text:name="STYLE"/>
  </text:variable-decls>
  <text:sequence-decls>
   <text:sequence-decl text:display-outline-level="0" text:name="Illustration"/>
   <text:sequence-decl text:display-outline-level="0" text:name="Table"/>
   <text:sequence-decl text:display-outline-level="0" text:name="Text"/>
   <text:sequence-decl text:display-outline-level="0" text:name="Drawing"/>
  </text:sequence-decls>
  <help:to-be-embedded Eid="rechtschreibung">
  <text:p text:style-name="Head 1"><help:help-id value="FN_SPELLING_DLG"/><help:help-id value="SID_SPELLING"/><help:key-word value="맞춤법; 텍스트" tag="kw65853_1"/><help:key-word value="텍스트; 맞춤법" tag="kw65853_8"/><help:key-word value="수정; 맞춤법" tag="kw65853_7"/><help:key-word value="맞춤법; 맞춤법 대화 상자" tag="kw65853_6"/><help:link Id="65853">맞춤법</help:link></text:p>
  <text:p text:style-name="Paragraph"><help:to-be-embedded Eid="recht"><help:help-text value="visible">현재 문서나 선택한 영역의 맞춤법 오류를 검사합니다.</help:help-text> <help:productname>%PRODUCTNAME</help:productname>은(는) 머리글, 바닥글, 색인 항목 및 각주의 맞춤법도 검사합니다.</help:to-be-embedded> 맞춤법 검사는 현재 커서가 있는 위치에서 시작하여 문서의 끝까지 또는 선택한 영역의 끝까지 검사합니다. 그런 다음 문서의 처음부터 계속하여 맞춤법을 검사하도록 선택할 수 있습니다.</text:p>
  </help:to-be-embedded>
  <help:popup Id="65589" Eid="rechtschreibung"><help:embedded Id="65598" Eid="wie"></help:embedded></help:popup>
  <text:p text:style-name="Paragraph">맞춤법 기능에서는 철자가 잘못된 단어를 찾아 주며, 확인되지 않은 단어를 사용자 정의 사전에 추가할 수 있는 옵션을 제공합니다. 철자가 틀린 단어를 처음 찾으면 [맞춤법] 대화 상자가 열립니다.</text:p>
  <text:p text:style-name="Head 3">원본</text:p>
  <text:p text:style-name="Paragraph">철자가 잘못된 단어가 [단어] 상자에 표시됩니다.</text:p>
  <table:table table:name="Tabelle8" table:style-name="Tabelle8">
   <table:table-column table:style-name="Tabelle8.A"/>
   <table:table-column table:style-name="Tabelle8.B"/>
   <table:table-header-rows>
    <table:table-row table:style-name="Tabelle8.1">
     <table:table-cell table:style-name="Tabelle8.A1" table:value-type="string">
      <text:p text:style-name="Paragraph"><draw:image draw:name="아이콘0" svg:desc="이 아이콘을 누르면 더욱 빠르고 효율적으로 프로그램을 사용하여 작업을 할 수 있도록 추가 정보가 표시됩니다." svg:pixelx="32" svg:pixely="32" svg:width="0.847cm" svg:height="0.847cm" xlink:href="66732" draw:filter-name=""/></text:p>

     </table:table-cell>
     <table:table-cell table:style-name="Tabelle8.A1" table:value-type="string">
      <text:p text:style-name="Paragraph">원래 단어를 다시 [단어] 상자에 빨리 삽입하려면 대화 상자의 맨 위에 있는 [원본] 영역에서 단어를 누르거나 <help:switch select="System"><help:case select ="MAC">&lt;option&gt;</help:case><help:default>&lt;Alt&gt;</help:default></help:switch>+&lt;O&gt;를 누릅니다.</text:p>
     </table:table-cell>
    </table:table-row>
   </table:table-header-rows>
  </table:table>
  <text:p text:style-name="Head 2"><help:help-id value="SVX_LISTBOX_RID_SVXDLG_SPELLCHECK_LB_NEWWORD"/>단어</text:p>
  <text:p text:style-name="Paragraph"><help:help-text value="visible">철자가 잘못된 단어를 편집하거나 [추천 단어] 목록에서 단어를 선택한 다음 [바꾸기]를 누릅니다.</help:help-text></text:p>
  <text:p text:style-name="Head 2"><help:help-id value="SVX_IMAGEBUTTON_RID_SVXDLG_SPELLCHECK_IB_TEST"/>단어 검사</text:p>
  <text:p text:style-name="Paragraph"><help:help-text value="visible">[단어] 상자에서 단어의 맞춤법을 다시 검사합니다.</help:help-text></text:p>
  <table:table table:name="Tabelle2" table:style-name="Tabelle2">
   <table:table-column table:style-name="Tabelle2.A"/>
   <table:table-column table:style-name="Tabelle2.B"/>
   <table:table-header-rows>
    <table:table-row>
     <table:table-cell table:value-type="string">
      <text:p text:style-name="Paragraph"><draw:image draw:name="아이콘1" svg:desc="아이콘" svg:pixelx="25" svg:pixely="25" svg:width="0.661cm" svg:height="0.661cm" xlink:href="65746" draw:filter-name=""/></text:p>

     </table:table-cell>
     <table:table-cell table:value-type="string">
      <text:p text:style-name="Paragraph">단어 검사</text:p>
     </table:table-cell>
    </table:table-row>
   </table:table-header-rows>
  </table:table>
  <text:p text:style-name="Head 2"><help:help-id value="SVX_LISTBOX_RID_SVXDLG_SPELLCHECK_LB_NEWWORD"/>제안</text:p>
  <text:p text:style-name="Paragraph"><help:help-text value="visible">[단어] 상자에는 철자가 잘못된 단어를 대체할 추천 단어가 나열됩니다. 사용할 단어를 선택한 다음 [바꾸기]를 누릅니다.</help:help-text></text:p>
  <text:p text:style-name="Head 2"><help:help-id value="SVX_LISTBOX_RID_SVXDLG_SPELLCHECK_LB_LANGUAGE"/><help:key-word value="맞춤법; 언어" tag="kw65853_5"/><help:key-word value="언어; 맞춤법" tag="kw65853_4"/>언어</text:p>
  <text:p text:style-name="Paragraph"><help:help-text value="visible">맞춤법 검사에 사용할 언어를 지정합니다. 추가 언어 모듈을 설치하거나 제거하려면 <help:productname>%PRODUCTNAME</help:productname> 설치 프로그램을 실행합니다.</help:help-text> 이 설정을 변경한 다음 단어를 바꾸면 새 언어가 직접 문자 속성으로 단어에 지정됩니다.</text:p>
  <help:embedded Id="67899" Eid="sprachenfeld"></help:embedded>
  <text:p text:style-name="Head 2"><help:help-id value="SVX_LISTBOX_RID_SVXDLG_SPELLCHECK_LB_BOOK"/><a name="woerterbuch"/><help:key-word value="사전; 맞춤법" tag="kw65853_3"/><help:key-word value="맞춤법; 사전" tag="kw65853_2"/>사전</text:p>
  <text:p text:style-name="Paragraph"><help:help-text value="visible">맞춤법 검사에 사용할 사용자 사전을 표시합니다. [추가]를 누르면 대화 상자로부터 선택한 사전으로 항목을 추가합니다. 사전을 활성화하려면 [옵션] 버튼을 누릅니다.</help:help-text> 사용자 정의 사전에 대한 자세한 내용은 <help:link Id="65883">[맞춤법 교정]</help:link>을 참조하십시오.</text:p>
  <text:p text:style-name="Head 2"><help:help-id value="SVX_PUSHBUTTON_RID_SVXDLG_SPELLCHECK_BTN_AUTOCORR"/><help:switch select="Program"><help:case select="WRITER">자동 고침</help:case></help:switch></text:p>
  <text:p text:style-name="Paragraph"><help:switch select="Program"><help:case select="WRITER"><help:help-text value="visible">여기를 클릭하면 틀린 단어와 수정된 단어가 자동 고침으로 추가됩니다.</help:help-text> 자동 고침에 대한 자세한 설명</help:case></help:switch></text:p>
  <text:p text:style-name="Head 2"><help:help-id value="SVX_PUSHBUTTON_RID_SVXDLG_SPELLCHECK_BTN_THES"/>동의어 사전</text:p>
  <text:p text:style-name="Paragraph"><help:help-text value="visible">현재 단어를 동의어로 바꿉니다.</help:help-text></text:p>
  <text:p text:style-name="Head 2"><help:help-id value="SVX_PUSHBUTTON_RID_SVXDLG_SPELLCHECK_BTN_OPTIONS"/>옵션</text:p>
  <text:p text:style-name="Paragraph"><help:help-text value="visible"><help:link Id="65883">[언어]</help:link> 대화 상자를 열어 사용자 정의 사전을 선택하고 맞춤법 규칙을 설정할 수 있습니다.</help:help-text></text:p>
  <text:p text:style-name="Head 2"><help:help-id value="SVX_PUSHBUTTON_RID_SVXDLG_SPELLCHECK_BTN_ADD"/>추가</text:p>
  <text:p text:style-name="Paragraph"><help:help-text value="visible">[단어] 상자의 텍스트를 선택한 사용자 정의 사전에 추가합니다.</help:help-text></text:p>
  <text:p text:style-name="Head 2"><help:help-id value="SVX_PUSHBUTTON_RID_SVXDLG_SPELLCHECK_BTN_IGNORE"/>무시</text:p>
  <text:p text:style-name="Paragraph"><help:help-text value="visible"><text:span text:style-name="T1">무시</text:span> 버튼을 사용하면 이 단어는 수정되지 않지만 맞춤법 검사는 계속 진행됩니다.</help:help-text></text:p>
  <text:p text:style-name="Head 2"><help:help-id value="SVX_PUSHBUTTON_RID_SVXDLG_SPELLCHECK_BTN_IGNOREALL"/>모두 무시</text:p>
  <text:p text:style-name="Paragraph"><help:help-text value="visible">여기를 클릭하면 이 단어는 절대 수정되지 않습니다. 이 단어가 텍스트의 다른 위치에서도 나타날 경우 수정 여부를 다시 확인하지 않고 자동으로 무시됩니다. </help:help-text></text:p>
  <text:p text:style-name="Head 2"><help:help-id value="SVX_PUSHBUTTON_RID_SVXDLG_SPELLCHECK_BTN_CHANGE"/>대체</text:p>
  <text:p text:style-name="Paragraph"><help:help-text value="visible"><text:span text:style-name="T1">바꾸기</text:span> 버튼을 사용하면 이 단어는 입력되었거나 목록 필드에서 선택된 단어로 바뀝니다.</help:help-text></text:p>
  <text:p text:style-name="Head 2"><help:help-id value="SVX_PUSHBUTTON_RID_SVXDLG_SPELLCHECK_BTN_CHANGEALL"/>항상 바꾸기</text:p>
  <text:p text:style-name="Paragraph"><help:help-text value="visible">수정할 단어를 입력되었거나 선택된 단어로 항상 바꾸려면 여기를 클릭하십시오. 수정할 단어가 문서에서 여러 번 나타날 경우에는 이 단어를 정말 바꿀것인지 다시 확인하지 않고 자동으로 바뀝니다.</help:help-text></text:p>
  <text:p text:style-name="Head 2"><help:help-id value="SVX_CHECKBOX_RID_SVXDLG_SPELLCHECK_CB_BACKWD"/>뒤로</text:p>
  <text:p text:style-name="Paragraph"><help:help-text value="visible">문서에서 현재 커서가 있는 위치에서 시작하여 맞춤법 오류를 반대 방향으로 검색합니다.</help:help-text></text:p>
  <help:embedded Id="65630" Eid="schliessen"></help:embedded>
  <text:p text:style-name="Head 3">상태 표시줄</text:p>
  <text:p text:style-name="Paragraph">맞춤법 검사가 중단된 원인을 나열합니다.</text:p>
  <a name="end"/>
  <a name="unbekannt"/>
  <text:p text:style-name="ParaList"><help:embedded Id="65598" Eid="related"></help:embedded></text:p>
  <text:p text:style-name="ParaList"><help:link Id="65726"></help:link></text:p>
 </office:body>
</office:document>
