

<office:document  xmlns:office="http://openoffice.org/2000/office" xmlns:style="http://openoffice.org/2000/style" xmlns:text="http://openoffice.org/2000/text" xmlns:table="http://openoffice.org/2000/table" xmlns:draw="http://openoffice.org/2000/drawing" xmlns:fo="http://www.w3.org/1999/XSL/Format" xmlns:xlink="http://www.w3.org/1999/xlink" xmlns:number="http://openoffice.org/2000/datastyle" xmlns:svg="http://www.w3.org/2000/svg" xmlns:chart="http://openoffice.org/2000/chart" xmlns:dr3d="http://openoffice.org/2000/dr3d" xmlns:math="http://www.w3.org/1998/Math/MathML" xmlns:form="http://openoffice.org/2000/form" xmlns:script="http://openoffice.org/2000/script" office:class="text" office:version="1.0" xmlns:dc="http://purl.org/dc/elements/1.1/" xmlns:meta="http://openoffice.org/2000/meta" xmlns:help="http://openoffice.org/2000/help">
<office:meta>
  <dc:description>text/common/01/06040100</dc:description>
  <dc:subject>옵션</dc:subject>

  <dc:language>ko-KR</dc:language>
  <meta:user-defined meta:name="Info 0">READY</meta:user-defined>
  <meta:user-defined meta:name="Info 1">FREE_OK</meta:user-defined>
  <meta:user-defined meta:name="Info 2"/>
  <meta:user-defined meta:name="Info 3"/>
</office:meta>
 <office:script/>
 <office:font-decls>
  <style:font-decl style:name="StarSymbol" fo:font-family="StarSymbol" style:font-charset="x-symbol"/>
  <style:font-decl style:name="Courier New" fo:font-family="&apos;Courier New&apos;" style:font-style-name="Standard" style:font-family-generic="modern" style:font-pitch="fixed"/>
  <style:font-decl style:name="Andale WT UI" fo:font-family="&apos;Andale WT UI&apos;" style:font-family-generic="roman" style:font-pitch="fixed"/>
  <style:font-decl style:name="Andale WT UI4" fo:font-family="&apos;Andale WT UI&apos;" style:font-pitch="variable"/>
  <style:font-decl style:name="Arial Unicode MS" fo:font-family="&apos;Arial Unicode MS&apos;" style:font-pitch="variable"/>
  <style:font-decl style:name="Courier New1" fo:font-family="&apos;Courier New&apos;" style:font-pitch="variable"/>
  <style:font-decl style:name="HG Mincho Light J" fo:font-family="&apos;HG Mincho Light J&apos;" style:font-pitch="variable"/>
  <style:font-decl style:name="Andale WT UI1" fo:font-family="&apos;Andale WT UI&apos;" style:font-style-name="Fett" style:font-family-generic="roman" style:font-pitch="variable"/>
  <style:font-decl style:name="Andale WT UI2" fo:font-family="&apos;Andale WT UI&apos;" style:font-style-name="Standard" style:font-family-generic="roman" style:font-pitch="variable"/>
  <style:font-decl style:name="Thorndale" fo:font-family="Thorndale" style:font-family-generic="roman" style:font-pitch="variable"/>
  <style:font-decl style:name="Times New Roman" fo:font-family="&apos;Times New Roman&apos;" style:font-style-name="Fett" style:font-family-generic="roman" style:font-pitch="variable"/>
  <style:font-decl style:name="Andale WT UI3" fo:font-family="&apos;Andale WT UI&apos;" style:font-family-generic="swiss" style:font-pitch="variable"/>
 </office:font-decls>
 <office:automatic-styles>
  <style:style style:name="Tabelle3" style:family="table">
   <style:properties style:width="18cm" table:align="margins"/>
  </style:style>
  <style:style style:name="Tabelle3.A" style:family="table-column">
   <style:properties style:column-width="1.499cm" style:rel-column-width="5461*"/>
  </style:style>
  <style:style style:name="Tabelle3.B" style:family="table-column">
   <style:properties style:column-width="16.501cm" style:rel-column-width="60074*"/>
  </style:style>
  <style:style style:name="Tabelle1" style:family="table">
   <style:properties style:width="18cm" table:align="margins"/>
  </style:style>
  <style:style style:name="Tabelle1.A" style:family="table-column">
   <style:properties style:column-width="1.499cm" style:rel-column-width="5461*"/>
  </style:style>
  <style:style style:name="Tabelle1.B" style:family="table-column">
   <style:properties style:column-width="16.501cm" style:rel-column-width="60074*"/>
  </style:style>
  <style:style style:name="Tabelle2" style:family="table">
   <style:properties style:width="17.995cm" fo:margin-left="0cm" fo:margin-right="0.005cm" table:align="margins"/>
  </style:style>
  <style:style style:name="Tabelle2.A" style:family="table-column">
   <style:properties style:column-width="2.293cm" style:rel-column-width="8353*"/>
  </style:style>
  <style:style style:name="Tabelle2.B" style:family="table-column">
   <style:properties style:column-width="15.702cm" style:rel-column-width="57182*"/>
  </style:style>
  <style:style style:name="P1" style:family="paragraph" style:parent-style-name="Paragraph" style:master-page-name="HTML">
   <style:properties style:page-number="0"/>
  </style:style>
  <style:style style:name="T1" style:family="text">
   <style:properties fo:font-weight="bold"/>
  </style:style>
  <style:style style:name="fr1" style:family="graphics" style:parent-style-name="Graphics">
   <style:properties style:run-through="foreground" style:wrap="run-through" style:vertical-pos="top" style:vertical-rel="paragraph" style:horizontal-pos="left" style:horizontal-rel="paragraph" style:mirror="none" fo:clip="rect(0cm 0cm 0cm 0cm)" draw:luminance="0%" draw:contrast="0%" draw:red="0%" draw:green="0%" draw:blue="0%" draw:gamma="1" draw:color-inversion="false" draw:transparency="-100%" draw:color-mode="standard"/>
  </style:style>
 </office:automatic-styles>
 <office:body>
  <text:variable-decls>
   <text:variable-decl text:value-type="string" text:name="HTML_ON"/>
   <text:variable-decl text:value-type="string" text:name="HTML_OFF"/>
   <text:variable-decl text:value-type="string" text:name="HREF"/>
   <text:variable-decl text:value-type="string" text:name="END"/>
   <text:variable-decl text:value-type="string" text:name="TITEL"/>
   <text:variable-decl text:value-type="string" text:name="NAME"/>
   <text:variable-decl text:value-type="string" text:name="HelpID"/>
   <text:variable-decl text:value-type="string" text:name="MODIFY"/>
   <text:variable-decl text:value-type="string" text:name="REFNR"/>
   <text:variable-decl text:value-type="string" text:name="OS2"/>
   <text:variable-decl text:value-type="string" text:name="ELSE"/>
   <text:variable-decl text:value-type="string" text:name="HFELD"/>
   <text:variable-decl text:value-type="string" text:name="INDEX"/>
   <text:variable-decl text:value-type="string" text:name="MAC"/>
   <text:variable-decl text:value-type="string" text:name="WIN"/>
   <text:variable-decl text:value-type="string" text:name="KEY"/>
   <text:variable-decl text:value-type="string" text:name="AKTHLP"/>
   <text:variable-decl text:value-type="string" text:name="UNIX"/>
   <text:variable-decl text:value-type="string" text:name="STYLE"/>
  </text:variable-decls>
  <text:sequence-decls>
   <text:sequence-decl text:display-outline-level="0" text:name="Illustration"/>
   <text:sequence-decl text:display-outline-level="0" text:name="Table"/>
   <text:sequence-decl text:display-outline-level="0" text:name="Text"/>
   <text:sequence-decl text:display-outline-level="0" text:name="Drawing"/>
  </text:sequence-decls>
  <help:to-be-embedded Eid="optionen">
  <text:p text:style-name="Head 1"><help:help-id value="HID_OFAPAGE_AUTOCORR_CLB"/><help:help-id value="HID_OFAPAGE_AUTOCORR_OPTIONS"/><help:help-id value="HID_OFAPAGE_AUTOFMT_OPTIONS"/><help:help-id value="HID_OFAPAGE_AUTOFORMAT_CLB"/><help:key-word value="자동 고침; 옵션" tag="kw65826_1"/><help:link Id="65826">옵션</help:link></text:p>
  <text:p text:style-name="Paragraph"><help:help-text value="visible">입력할 때 자동으로 오류를 수정하는 옵션을 선택하고 [확인]을 누릅니다.</help:help-text></text:p>
  </help:to-be-embedded>
  <help:popup Id="65589" Eid="autokooptionen"><help:embedded Id="65598" Eid="wie"></help:embedded></help:popup>
  <text:p text:style-name="Paragraph"><help:switch select="Program"><help:case select="WRITER">텍스트 문서에서 [서식] – [자동 서식] – [적용]을 선택하면 텍스트를 입력하는 동안 [T] 또는 기존 텍스트를 수정할 경우에 한해 [M] 오류 자동 수정을 적용하도록 선택할 수 있습니다.</help:case></help:switch></text:p>
  <text:p text:style-name="Head 3"><help:key-word value="바꾸기 표; 자동 수정" tag="kw65826_51"/><help:key-word value="자동 수정; 바꾸기 표" tag="kw65826_50"/><help:key-word value="단어 바꾸기; 자동" tag="kw65826_49"/><help:key-word value="단어; 자동으로 바꾸기" tag="kw65826_48"/><help:key-word value="단어; 약어 바꾸기" tag="kw65826_47"/><help:key-word value="약어; 자동으로 바꾸기" tag="kw65826_46"/>바꾸기 표 사용</text:p>
  <text:p text:style-name="Paragraph"><help:link Id="65876">바꾸기 표</help:link>의 단축키와 일치하는 문자 조합을 입력한 경우, &lt;F3&gt; 키를 누르면 해당 조합이 [자동 서식] 대화 상자에서 지정한 텍스트로 바뀝니다.</text:p>
  <text:p text:style-name="Head 3"><help:key-word value="대문자; 자동 고침" tag="kw65826_45"/><help:key-word value="자동 고침; 대문자" tag="kw65826_44"/>단어의 처음 두 문자가 대문자일 경우 고침</text:p>
  <text:p text:style-name="Paragraph">WOrd와 같이 문자의 첫 두 글자를 대문자로 입력한 경우, 두 번째 대문자가 자동으로 소문자로 바뀝니다.</text:p>
  <text:p text:style-name="Head 3">모든 문장을 대문자로 시작</text:p>
  <text:p text:style-name="Paragraph">모든 문장의 첫 문자를 대문자로 바꿉니다.</text:p>
  <text:p text:style-name="Head 3"><help:key-word value="굵게 표시; 자동 서식" tag="kw65826_43"/><help:key-word value="밑줄; 자동 서식" tag="kw65826_42"/>자동으로 *글자*는 굵게, _글자_는 밑줄로</text:p>
  <text:p text:style-name="Paragraph">별표(*)로 묶인 텍스트(예: *글자*)에는 굵게 표시 서식을 자동으로 적용하고 글자 양쪽에 밑줄이 있는 텍스트에는 밑줄을 자동으로 표시합니다. 별표와 밑줄은 서식이 적용된 후에는 표시되지 않습니다.</text:p>
  <table:table table:name="Tabelle3" table:style-name="Tabelle3">
   <table:table-column table:style-name="Tabelle3.A"/>
   <table:table-column table:style-name="Tabelle3.B"/>
   <table:table-header-rows>
    <table:table-row>
     <table:table-cell table:value-type="string">
      <text:p text:style-name="Paragraph"><draw:image draw:name="아이콘0" svg:desc="참고 아이콘" svg:pixelx="32" svg:pixely="32" svg:width="0.847cm" svg:height="0.847cm" xlink:href="65980" draw:filter-name=""/></text:p>

     </table:table-cell>
     <table:table-cell table:value-type="string">
      <text:p text:style-name="Paragraph"><help:popup Id="65619" Eid="ime">입력기</help:popup>를 사용하여 서식 설정 문자 * 또는 _을 입력한 경우 이 기능은 작동하지 않습니다.</text:p>
     </table:table-cell>
    </table:table-row>
   </table:table-header-rows>
  </table:table>
  <text:p text:style-name="Head 3"><help:key-word value="URL; 자동 고침" tag="kw65826_41"/><help:key-word value="자동 고침; URL" tag="kw65826_40"/><help:key-word value="하이퍼링크; 자동 인식" tag="kw65826_39"/><help:key-word value="링크; 자동 인식" tag="kw65826_38"/>URL 인식</text:p>
  <text:p text:style-name="Paragraph"><help:popup Id="65629" Eid="url">URL</help:popup>을 입력하면 자동으로 하이퍼링크를 만듭니다.</text:p>
  <text:p text:style-name="Head 3"><help:key-word value="1/2; 자동 고침" tag="kw65826_37"/><help:key-word value="자동 고침; 1/2" tag="kw65826_36"/>1/2 ... 을 ½ ...로 바꾸기</text:p>
  <text:p text:style-name="Paragraph">해당되는 분수 문자로 1/2, 1/4, 3/4을 대체합니다.</text:p>
  <text:p text:style-name="Head 3">1st ...를 1^st ...로 바꾸기</text:p>
  <text:p text:style-name="Paragraph">1st, 2nd 또는 3rd와 같은 서수 텍스트 문자를 위 첨자로 표시합니다.</text:p>
  <text:p text:style-name="Head 3"><help:switch select="System"><help:case select ="UNIX"></help:case><help:default><help:key-word value="대시; 자동 고침" tag="kw65826_35"/><help:key-word value="자동 고침; 대시" tag="kw65826_34"/>대시 바꾸기</help:default></help:switch></text:p>
  <text:p text:style-name="Paragraph"><help:switch select="System"><help:case select ="UNIX"></help:case><help:default>빼기 기호로 대시를 만들려면 이 필드를 선택하십시오.</help:default></help:switch></text:p>
  <text:p text:style-name="Head 3"><help:switch select="Program"><help:case select="WRITER">단락 시작과 끝에서 공백과 탭 삭제</help:case></help:switch></text:p>
  <text:p text:style-name="Paragraph"><help:switch select="Program"><help:case select="WRITER">이 필드를 선택하면 <text:span text:style-name="T1">템플릿 적용</text:span>(아래 참조)을 선택한 것처럼 단락 시작 부분과 끝 부분의 스페이스와 탭이 자동으로 제거됩니다.</help:case></help:switch></text:p>
  <text:p text:style-name="Head 3"><help:switch select="Program"><help:case select="WRITER">행 시작과 행 끝 사이에서 스페이스와 탭 삭제</help:case></help:switch></text:p>
  <text:p text:style-name="Paragraph"><help:switch select="Program"><help:case select="WRITER">이 필드를 선택하면 <text:span text:style-name="T1">템플릿 적용</text:span>(아래 참조)을 선택한 것처럼 줄 끝 부분과 다음 줄 시작 부분 사이의 스페이스와 탭이 자동으로 제거됩니다.</help:case></help:switch></text:p>
  <text:p text:style-name="Head 3"><help:key-word value="공백; 이중 무시" tag="kw65826_33"/><help:key-word value="자동 고침; 공백" tag="kw65826_32"/>이중 공백 무시</text:p>
  <text:p text:style-name="Paragraph">두 칸 이상의 연속된 공백을 한 칸으로 바꿉니다.</text:p>
  <text:p text:style-name="Head 3"><help:switch select="Program"><help:case select="WRITER"><help:key-word value="자동 번호 매기기; 자동 수정" tag="kw65826_31"/><help:key-word value="번호 매기기; 자동으로 사용" tag="kw65826_30"/><help:key-word value="글머리 기호; 자동으로 사용" tag="kw65826_29"/><help:key-word value="자동 글머리 기호" tag="kw65826_28"/><help:key-word value="자동 수정; 번호 매기기" tag="kw65826_27"/><help:key-word value="단락; 자동 번호 매기기" tag="kw65826_26"/><help:key-word value="번호 매기기; 자동 단락" tag="kw65826_25"/>번호 매기기 적용</help:case></help:switch></text:p>
  <text:p text:style-name="Paragraph"><help:switch select="Program"><help:case select="WRITER">맨 앞에 숫자가 있고 그 뒤에 마침표, 공백, 텍스트가 차례대로 오는 줄의 끝에서 &lt;Enter&gt; 키를 누르면 자동으로 번호 매기기 목록을 만듭니다. 줄 맨 앞에 하이픈(-), 더하기 기호(+) 또는 별표(*)가 있고 그 뒤에 공백과 텍스트가 차례대로 오면 &lt;Enter&gt; 키를 누를 때 글머리 기호 목록이 만들어집니다.</help:case></help:switch></text:p>
  <text:p text:style-name="Paragraph"><help:switch select="Program"><help:case select="WRITER">숫자 기호로 시작하는 줄 끝에서 &lt;Enter&gt; 키를 누를 때 자동으로 번호 매기기가 적용되지 않도록 하려면 다시 &lt;Enter&gt; 키를 누릅니다.</help:case></help:switch></text:p>
  <help:switch select="Program"><help:case select="WRITER">
  <table:table table:name="Tabelle1" table:style-name="Tabelle1">
   <table:table-column table:style-name="Tabelle1.A"/>
   <table:table-column table:style-name="Tabelle1.B"/>
   <table:table-header-rows>
    <table:table-row>
     <table:table-cell table:value-type="string">
      <text:p text:style-name="Paragraph"><draw:image draw:name="아이콘1" svg:desc="팁 아이콘" svg:pixelx="32" svg:pixely="32" svg:width="0.847cm" svg:height="0.847cm" xlink:href="66732" draw:filter-name=""/></text:p>

     </table:table-cell>
     <table:table-cell table:value-type="string">
      <text:p text:style-name="Paragraph">자동 번호 매기기 옵션은 &quot;기본&quot;, &quot;본문&quot; 또는 &quot;본문 들여쓰기&quot; 단락 스타일로 서식이 정해진 단락에만 적용됩니다.</text:p>
     </table:table-cell>
    </table:table-row>
   </table:table-header-rows>
  </table:table>
  </help:case></help:switch>
  <text:p text:style-name="Head 3"><help:switch select="Program"><help:case select="WRITER"><help:key-word value="테두리; 자동 수정과 함께 적용" tag="kw65826_24"/><help:key-word value="자동 수정; 테두리 적용" tag="kw65826_23"/>테두리 적용</help:case></help:switch></text:p>
  <text:p text:style-name="Paragraph"><help:switch select="Program"><help:case select="WRITER">정해진 세 문자 또는 네 문자를 입력하고 &lt;Enter&gt; 키를 누르면 선행하는 단락의 밑에 자동으로 테두리를 적용합니다. 한 줄 선을 만들려면 하이픈(-)이나 밑줄( _ )을 세 개 또는 네 개 입력하고 &lt;Enter&gt; 키를 누릅니다. 두 줄 선을 만들려면 등호(=), 별표(*), 물결표시(~) 또는 해시표시(#)를 세 개 또는 네 개 입력하고 &lt;Enter&gt; 키를 누릅니다. </help:case></help:switch> 다음은 각기 다른 문자의 선 두께를 요약한 표입니다.</text:p>
  <help:switch select="Program"><help:case select="WRITER">
  <table:table table:name="Tabelle2" table:style-name="Tabelle2">
   <table:table-column table:style-name="Tabelle2.A"/>
   <table:table-column table:style-name="Tabelle2.B"/>
   <table:table-header-rows>
    <table:table-row>
     <table:table-cell table:value-type="string">
      <text:p text:style-name="Paragraph">---</text:p>
     </table:table-cell>
     <table:table-cell table:value-type="string">
      <text:p text:style-name="Paragraph">0,5pt 아래 단일 선</text:p>
     </table:table-cell>
    </table:table-row>
   </table:table-header-rows>
   <table:table-row>
    <table:table-cell table:value-type="string">
     <text:p text:style-name="Paragraph">___</text:p>
    </table:table-cell>
    <table:table-cell table:value-type="string">
     <text:p text:style-name="Paragraph">1,0pt 아래 단일 선</text:p>
    </table:table-cell>
   </table:table-row>
   <table:table-row>
    <table:table-cell table:value-type="string">
     <text:p text:style-name="Paragraph">===</text:p>
    </table:table-cell>
    <table:table-cell table:value-type="string">
     <text:p text:style-name="Paragraph">1,1pt 아래 이중 선</text:p>
    </table:table-cell>
   </table:table-row>
   <table:table-row>
    <table:table-cell table:value-type="string">
     <text:p text:style-name="Paragraph">***</text:p>
    </table:table-cell>
    <table:table-cell table:value-type="string">
     <text:p text:style-name="Paragraph">4,5pt 아래 이중 선</text:p>
    </table:table-cell>
   </table:table-row>
   <table:table-row>
    <table:table-cell table:value-type="string">
     <text:p text:style-name="Paragraph">~~~</text:p>
    </table:table-cell>
    <table:table-cell table:value-type="string">
     <text:p text:style-name="Paragraph">6,0pt 아래 이중 선</text:p>
    </table:table-cell>
   </table:table-row>
   <table:table-row>
    <table:table-cell table:value-type="string">
     <text:p text:style-name="Paragraph">###</text:p>
    </table:table-cell>
    <table:table-cell table:value-type="string">
     <text:p text:style-name="Paragraph">9,0pt 아래 이중 선</text:p>
    </table:table-cell>
   </table:table-row>
  </table:table>
  </help:case></help:switch>
  <text:p text:style-name="Head 3"><help:switch select="Program"><help:case select="WRITER"><help:key-word value="표; 자동 만들기" tag="kw65826_22"/><help:key-word value="표; 그리기" tag="kw65826_21"/><help:key-word value="자동 고침; 표 만들기" tag="kw65826_20"/>표 만들기</help:case></help:switch></text:p>
  <text:p text:style-name="Paragraph"><help:switch select="Program"><help:case select="WRITER">더하기 기호(+)로 분리된 연속한 하이픈(-) 또는 탭, 즉 +------+---+와 같이 입력한 뒤에 &lt;Enter&gt; 키를 누르면 표가 만들어집니다. 더하기 기호는 열 구분선을 나타내며 하이픈과 탭은 열의 너비를 나타냅니다.</help:case></help:switch></text:p>
  <text:p text:style-name="PropText"><help:switch select="Program"><help:case select="WRITER">+ <text:s text:c="16"/>+ <text:s text:c="14"/>+ <text:s text:c="5"/>+</help:case></help:switch></text:p>
  <a name="end"/>
  <text:p text:style-name="Head 3"><help:switch select="Program"><help:case select="WRITER"><help:key-word value="표제; 자동 서식 지정" tag="kw65826_19"/><help:key-word value="템플릿; 자동 적용" tag="kw65826_18"/><help:key-word value="자동 고침; 템플릿 적용" tag="kw65826_17"/>템플릿 적용</help:case></help:switch></text:p>
  <text:p text:style-name="Paragraph"><help:switch select="Program"><help:case select="WRITER">제목 1에서 제목 8까지의 단락 스타일을 &quot;기본&quot; 단락 스타일로 자동으로 바꿉니다. 제목 1 단락 스타일을 적용하려면 제목으로 사용할 텍스트를 마침표 없이 입력하고 &lt;Enter&gt; 키를 두 번 누릅니다. 하위 제목을 적용하려면 탭을 한 번 이상 누르고 텍스트를 마침표 없이 입력하고 &lt;Enter&gt; 키를 두 번 누릅니다.</help:case></help:switch></text:p>
  <text:p text:style-name="Head 3"><help:switch select="Program"><help:case select="WRITER"><help:key-word value="자동 고침; 빈 단락 제거" tag="kw65826_16"/><help:key-word value="빈 단락 제거; 자동 고침" tag="kw65826_15"/><help:key-word value="단락; 빈 단락 자동 제거" tag="kw65826_14"/>빈 단락 제거</help:case></help:switch></text:p>
  <text:p text:style-name="Paragraph"><help:switch select="Program"><help:case select="WRITER">[서식] – [자동 서식] – [적용]을 선택하여 현재 문서에서 빈 단락을 제거합니다.</help:case></help:switch></text:p>
  <text:p text:style-name="Head 3"><help:switch select="Program"><help:case select="WRITER"><help:key-word value="자동 고침; 사용자 정의 템플릿 바꾸기" tag="kw65826_13"/><help:key-word value="사용자 정의 템플릿; 자동 바꾸기" tag="kw65826_12"/><help:key-word value="템플릿; 자동 바꾸기" tag="kw65826_11"/>사용자 정의 템플릿 바꾸기</help:case></help:switch></text:p>
  <text:p text:style-name="Paragraph"><help:switch select="Program"><help:case select="WRITER">현재 문서의 사용자 정의 단락 스타일을 &quot;기본&quot;, &quot;본문&quot; 또는 &quot;본문 들여쓰기&quot; 단락 스타일로 바꿉니다.</help:case></help:switch></text:p>
  <text:p text:style-name="Head 3"><help:switch select="Program"><help:case select="WRITER"><help:key-word value="글머리 기호; 바꾸기" tag="kw65826_10"/><help:key-word value="글머리 기호; 바꾸기" tag="kw65826_9"/><help:key-word value="자동 고침; 글머리 기호" tag="kw65826_8"/>...로 글머리 기호 바꾸기</help:case></help:switch></text:p>
  <text:p text:style-name="Paragraph"><help:switch select="Program"><help:case select="WRITER">하이픈(-), 더하기 기호(+), 별표(*)로 시작하고 바로 다음에 공백이나 탭이 오는 단락을 글머리 기호 목록으로 변환합니다. 이 옵션은 “기본”, “본문”, “본문 들여쓰기”로 설정한 단락에서만 사용할 수 있습니다. 사용 중인 글머리 기호 스타일을 바꾸려면 이 옵션을 선택한 다음 [편집]을 누릅니다.</help:case></help:switch></text:p>
  <text:p text:style-name="Head 3"><help:switch select="Program"><help:case select="WRITER"><help:key-word value="따옴표; 바꾸기" tag="kw65826_7"/><help:key-word value="인쇄체 따옴표; %PRODUCTNAME Writer에서" tag="kw65826_6"/><help:key-word value="자동 고침; 따옴표" tag="kw65826_5"/>직선의 따옴표를 인쇄체 따옴표로 바꾸기</help:case></help:switch></text:p>
  <text:p text:style-name="Paragraph"><help:switch select="Program"><help:case select="WRITER">텍스트의 인용부호를 이 대화 상자의 <help:link Id="65715">[인쇄체 인용부호]</help:link> 탭에서 지정한 인용부호로 바꿉니다.</help:case></help:switch></text:p>
  <text:p text:style-name="Head 3"><help:switch select="Program"><help:case select="WRITER"><help:key-word value="단락; 통합" tag="kw65826_4"/><help:key-word value="통합; 단락" tag="kw65826_3"/><help:key-word value="자동 고침; 단락 통합" tag="kw65826_2"/>..행 채우기부터 한 줄의 단락 통합</help:case></help:switch></text:p>
  <text:p text:style-name="Paragraph"><help:switch select="Program"><help:case select="WRITER">연속되는 한 줄 선 단락을 한 단락으로 결합합니다. 이 옵션은 &quot;기본&quot; 단락 스타일을 사용하는 단락에만 적용됩니다. 단락이 지정된 길이 값보다 긴 경우에는 단락이 다음 단락과 결합됩니다. 다른 길이 값을 입력하려면 옵션을 선택한 다음 [편집]을 누릅니다. </help:case></help:switch></text:p>
  <text:p text:style-name="Head 2"><help:help-id value="OFFMGR_PUSHBUTTON_RID_OFAPAGE_AUTOFMT_APPLY_PB_EDIT"/><help:switch select="Program"><help:case select="WRITER">편집...</help:case></help:switch></text:p>
  <text:p text:style-name="Paragraph"><help:switch select="Program"><help:case select="WRITER"><help:help-text value="visible">선택한 자동 수정 옵션을 수정합니다.</help:help-text></help:case></help:switch></text:p>
 </office:body>
</office:document>
