

<office:document  xmlns:office="http://openoffice.org/2000/office" xmlns:style="http://openoffice.org/2000/style" xmlns:text="http://openoffice.org/2000/text" xmlns:table="http://openoffice.org/2000/table" xmlns:draw="http://openoffice.org/2000/drawing" xmlns:fo="http://www.w3.org/1999/XSL/Format" xmlns:xlink="http://www.w3.org/1999/xlink" xmlns:number="http://openoffice.org/2000/datastyle" xmlns:svg="http://www.w3.org/2000/svg" xmlns:chart="http://openoffice.org/2000/chart" xmlns:dr3d="http://openoffice.org/2000/dr3d" xmlns:math="http://www.w3.org/1998/Math/MathML" xmlns:form="http://openoffice.org/2000/form" xmlns:script="http://openoffice.org/2000/script" office:class="text" office:version="1.0" xmlns:dc="http://purl.org/dc/elements/1.1/" xmlns:meta="http://openoffice.org/2000/meta" xmlns:help="http://openoffice.org/2000/help">
<office:meta>
  <dc:description>text/common/01/06040500</dc:description>
  <dc:subject>컨텍스트 메뉴 자동 고침</dc:subject>

  <dc:language>ko-KR</dc:language>
  <meta:user-defined meta:name="Info 0">READY</meta:user-defined>
  <meta:user-defined meta:name="Info 1">FREE_OK</meta:user-defined>
  <meta:user-defined meta:name="Info 2">HTML_OK</meta:user-defined>
  <meta:user-defined meta:name="Info 3"/>
</office:meta>
 <office:script/>
 <office:font-decls>
  <style:font-decl style:name="StarSymbol" fo:font-family="StarSymbol" style:font-charset="x-symbol"/>
  <style:font-decl style:name="Courier New" fo:font-family="&apos;Courier New&apos;" style:font-style-name="Standard" style:font-family-generic="modern" style:font-pitch="fixed"/>
  <style:font-decl style:name="Courier" fo:font-family="Courier" style:font-family-generic="roman" style:font-pitch="fixed"/>
  <style:font-decl style:name="Andale WT UI3" fo:font-family="&apos;Andale WT UI&apos;" style:font-pitch="variable"/>
  <style:font-decl style:name="Arial Unicode MS" fo:font-family="&apos;Arial Unicode MS&apos;" style:font-pitch="variable"/>
  <style:font-decl style:name="HG Mincho Light J" fo:font-family="&apos;HG Mincho Light J&apos;" style:font-pitch="variable"/>
  <style:font-decl style:name="Andale WT UI" fo:font-family="&apos;Andale WT UI&apos;" style:font-style-name="Fett" style:font-family-generic="roman" style:font-pitch="variable"/>
  <style:font-decl style:name="Andale WT UI1" fo:font-family="&apos;Andale WT UI&apos;" style:font-style-name="Standard" style:font-family-generic="roman" style:font-pitch="variable"/>
  <style:font-decl style:name="Thorndale" fo:font-family="Thorndale" style:font-family-generic="roman" style:font-pitch="variable"/>
  <style:font-decl style:name="Times New Roman" fo:font-family="&apos;Times New Roman&apos;" style:font-style-name="Fett" style:font-family-generic="roman" style:font-pitch="variable"/>
  <style:font-decl style:name="Andale WT UI2" fo:font-family="&apos;Andale WT UI&apos;" style:font-family-generic="swiss" style:font-pitch="variable"/>
 </office:font-decls>
 <office:automatic-styles>
  <style:style style:name="P1" style:family="paragraph" style:parent-style-name="Paragraph" style:master-page-name="HTML">
   <style:properties style:page-number="0"/>
  </style:style>
 </office:automatic-styles>
 <office:body>
  <text:variable-decls>
   <text:variable-decl text:value-type="string" text:name="HTML_ON"/>
   <text:variable-decl text:value-type="string" text:name="HTML_OFF"/>
   <text:variable-decl text:value-type="string" text:name="TITEL"/>
   <text:variable-decl text:value-type="string" text:name="END"/>
   <text:variable-decl text:value-type="string" text:name="HREF"/>
   <text:variable-decl text:value-type="string" text:name="NAME"/>
   <text:variable-decl text:value-type="string" text:name="OS2"/>
   <text:variable-decl text:value-type="string" text:name="ELSE"/>
   <text:variable-decl text:value-type="string" text:name="HelpID"/>
   <text:variable-decl text:value-type="string" text:name="MODIFY"/>
   <text:variable-decl text:value-type="string" text:name="REFNR"/>
   <text:variable-decl text:value-type="string" text:name="WIN"/>
   <text:variable-decl text:value-type="string" text:name="HFELD"/>
   <text:variable-decl text:value-type="string" text:name="MAC"/>
   <text:variable-decl text:value-type="string" text:name="AKTHLP"/>
   <text:variable-decl text:value-type="string" text:name="INDEX"/>
  </text:variable-decls>
  <text:sequence-decls>
   <text:sequence-decl text:display-outline-level="0" text:name="Illustration"/>
   <text:sequence-decl text:display-outline-level="0" text:name="Table"/>
   <text:sequence-decl text:display-outline-level="0" text:name="Text"/>
   <text:sequence-decl text:display-outline-level="0" text:name="Drawing"/>
  </text:sequence-decls>
  <text:p text:style-name="P1"/>
  <text:p text:style-name="Head 1"><help:key-word value="자동 고침; 컨텍스트메뉴" tag="kw65697_1"/><help:key-word value="맞춤법 검사; 컨텍스트 메뉴" tag="kw65697_2"/>컨텍스트 메뉴 자동 고침</text:p>
  <text:p text:style-name="Paragraph">이 메뉴에 액세스하려면 문서에서 철자가 틀린 단어를 마우스 오른쪽 버튼으로 누릅니다. 문서에서 철자가 틀린 단어를 보려면 [도구] - [맞춤법 검사] - [자동 맞춤법 검사]를 선택합니다.</text:p>
  <text:p text:style-name="Head 2"><help:help-id value="HID_LINGU_REPLACE"/>&lt;교정 제안&gt;</text:p>
  <text:p text:style-name="Paragraph"><help:help-text value="visible">강조 표시된 단어를 대체할 단어를 누릅니다.</help:help-text></text:p>
  <text:p text:style-name="Head 2"><help:help-id value="HID_EDITENG_SPELLER_START"/><help:help-id value="HID_LINGU_SPELLING_DLG"/>맞춤법</text:p>
  <text:p text:style-name="Paragraph"><help:help-text value="visible"><help:link Id="65853">[맞춤법 검사]</help:link> 대화 상자가 표시됩니다.</help:help-text></text:p>
  <text:p text:style-name="Head 2"><help:help-id value="HID_EDITENG_SPELLER_ADDWORD"/><help:help-id value="HID_LINGU_ADD_WORD"/>추가</text:p>
  <text:p text:style-name="Paragraph"><help:help-text value="visible">강조 표시된 단어를 사용자 정의 사전에 추가합니다.</help:help-text></text:p>
  <text:p text:style-name="Head 2"><help:help-id value="HID_EDITENG_SPELLER_IGNORE"/><help:help-id value="HID_LINGU_IGNORE_WORD"/>모두 무시</text:p>
  <text:p text:style-name="Paragraph"><help:help-text value="visible">현재 문서에서 강조 표시된 단어의 모든 인스턴스를 무시합니다.</help:help-text></text:p>
  <text:p text:style-name="Head 2"><help:help-id value="HID_EDITENG_SPELLER_AUTOCORRECT"/><help:help-id value="HID_LINGU_AUTOCORR"/>자동 고침</text:p>
  <text:p text:style-name="Paragraph"><help:help-text value="visible">강조 표시된 단어에 대해 바꾸기 표에 제안되어 있는 단어를 나열합니다. 강조 표시된 단어를 대체하려면 목록에서 단어를 누릅니다.</help:help-text></text:p>
  <text:p text:style-name="Paragraph">바꾸기 표를 편집하려면 [도구] - [자동 수정<help:switch select="Program"><help:case select="WRITER">/자동 서식</help:case></help:switch>]을 선택한 다음 [바꾸기] 탭을 누릅니다.</text:p>
  <text:p text:style-name="Head 2"><help:help-id value="HID_LINGU_WORD_LANGUAGE"/>단어는 &lt;언어 이름&gt;입니다.</text:p>
  <text:p text:style-name="Paragraph"><help:help-text value="visible">강조 표시된 단어가 다른 사전에 있을 경우에는 해당 단어의 언어 설정을 바꿉니다.</help:help-text></text:p>
  <text:p text:style-name="Head 2"><help:help-id value="HID_LINGU_PARA_LANGUAGE"/>단락은 &lt;언어 이름&gt;입니다.</text:p>
  <text:p text:style-name="Paragraph"><help:help-text value="visible">강조 표시된 단어가 다른 사전에 있을 경우에는 해당 단어의 언어 설정을 바꿉니다.</help:help-text></text:p>
 </office:body>
</office:document>
