

<office:document  xmlns:office="http://openoffice.org/2000/office" xmlns:style="http://openoffice.org/2000/style" xmlns:text="http://openoffice.org/2000/text" xmlns:table="http://openoffice.org/2000/table" xmlns:draw="http://openoffice.org/2000/drawing" xmlns:fo="http://www.w3.org/1999/XSL/Format" xmlns:xlink="http://www.w3.org/1999/xlink" xmlns:number="http://openoffice.org/2000/datastyle" xmlns:svg="http://www.w3.org/2000/svg" xmlns:chart="http://openoffice.org/2000/chart" xmlns:dr3d="http://openoffice.org/2000/dr3d" xmlns:math="http://www.w3.org/1998/Math/MathML" xmlns:form="http://openoffice.org/2000/form" xmlns:script="http://openoffice.org/2000/script" office:class="text" office:version="1.0" xmlns:dc="http://purl.org/dc/elements/1.1/" xmlns:meta="http://openoffice.org/2000/meta" xmlns:help="http://openoffice.org/2000/help">
<office:meta>
  <dc:description>text/common/01/06040200</dc:description>
  <dc:subject>바꾸기</dc:subject>

  <dc:language>ko-KR</dc:language>
  <meta:user-defined meta:name="Info 0">READY</meta:user-defined>
  <meta:user-defined meta:name="Info 1">FREE_OK</meta:user-defined>
  <meta:user-defined meta:name="Info 2"/>
  <meta:user-defined meta:name="Info 3"/>
</office:meta>
 <office:script/>
 <office:font-decls>
  <style:font-decl style:name="StarSymbol" fo:font-family="StarSymbol" style:font-charset="x-symbol"/>
  <style:font-decl style:name="Courier New" fo:font-family="&apos;Courier New&apos;" style:font-style-name="Standard" style:font-family-generic="modern" style:font-pitch="fixed"/>
  <style:font-decl style:name="Courier" fo:font-family="Courier" style:font-family-generic="roman" style:font-pitch="fixed"/>
  <style:font-decl style:name="Andale WT UI3" fo:font-family="&apos;Andale WT UI&apos;" style:font-pitch="variable"/>
  <style:font-decl style:name="Arial Unicode MS" fo:font-family="&apos;Arial Unicode MS&apos;" style:font-pitch="variable"/>
  <style:font-decl style:name="HG Mincho Light J" fo:font-family="&apos;HG Mincho Light J&apos;" style:font-pitch="variable"/>
  <style:font-decl style:name="Andale WT UI" fo:font-family="&apos;Andale WT UI&apos;" style:font-style-name="Fett" style:font-family-generic="roman" style:font-pitch="variable"/>
  <style:font-decl style:name="Andale WT UI1" fo:font-family="&apos;Andale WT UI&apos;" style:font-style-name="Standard" style:font-family-generic="roman" style:font-pitch="variable"/>
  <style:font-decl style:name="Thorndale" fo:font-family="Thorndale" style:font-family-generic="roman" style:font-pitch="variable"/>
  <style:font-decl style:name="Times New Roman" fo:font-family="&apos;Times New Roman&apos;" style:font-style-name="Fett" style:font-family-generic="roman" style:font-pitch="variable"/>
  <style:font-decl style:name="Andale WT UI2" fo:font-family="&apos;Andale WT UI&apos;" style:font-family-generic="swiss" style:font-pitch="variable"/>
 </office:font-decls>
 <office:automatic-styles>
  <style:style style:name="Tabelle6" style:family="table">
   <style:properties style:width="18cm" table:align="margins"/>
  </style:style>
  <style:style style:name="Tabelle6.A" style:family="table-column">
   <style:properties style:column-width="1.499cm" style:rel-column-width="5460*"/>
  </style:style>
  <style:style style:name="Tabelle6.B" style:family="table-column">
   <style:properties style:column-width="16.501cm" style:rel-column-width="60075*"/>
  </style:style>
  <style:style style:name="Tabelle6.1" style:family="table-row">
   <style:properties style:min-row-height="0.848cm"/>
  </style:style>
  <style:style style:name="Tabelle6.A1" style:family="table-cell">
   <style:properties fo:padding="0cm" fo:border="none"/>
  </style:style>
  <style:style style:name="P1" style:family="paragraph" style:parent-style-name="Paragraph" style:master-page-name="HTML">
   <style:properties style:page-number="0"/>
  </style:style>
  <style:style style:name="T1" style:family="text">
   <style:properties fo:font-weight="bold"/>
  </style:style>
  <style:style style:name="fr1" style:family="graphics" style:parent-style-name="Graphics">
   <style:properties fo:margin-left="0cm" fo:margin-right="0cm" fo:margin-top="0cm" fo:margin-bottom="0cm" style:run-through="foreground" style:wrap="run-through" style:vertical-pos="middle" style:vertical-rel="paragraph" style:horizontal-pos="left" style:horizontal-rel="paragraph" style:mirror="none" fo:clip="rect(0cm 0cm 0cm 0cm)" draw:luminance="0%" draw:contrast="0%" draw:red="0%" draw:green="0%" draw:blue="0%" draw:gamma="1" draw:color-inversion="false" draw:transparency="-100%" draw:color-mode="standard"/>
  </style:style>
 </office:automatic-styles>
 <office:body>
  <text:variable-decls>
   <text:variable-decl text:value-type="string" text:name="HTML_ON"/>
   <text:variable-decl text:value-type="string" text:name="HTML_OFF"/>
   <text:variable-decl text:value-type="string" text:name="HREF"/>
   <text:variable-decl text:value-type="string" text:name="END"/>
   <text:variable-decl text:value-type="string" text:name="TITEL"/>
   <text:variable-decl text:value-type="string" text:name="NAME"/>
   <text:variable-decl text:value-type="string" text:name="HelpID"/>
   <text:variable-decl text:value-type="string" text:name="MODIFY"/>
   <text:variable-decl text:value-type="string" text:name="REFNR"/>
   <text:variable-decl text:value-type="string" text:name="INDEX"/>
   <text:variable-decl text:value-type="string" text:name="AKTHLP"/>
   <text:variable-decl text:value-type="string" text:name="KEY"/>
   <text:variable-decl text:value-type="string" text:name="HFELD"/>
   <text:variable-decl text:value-type="string" text:name="WIN"/>
   <text:variable-decl text:value-type="string" text:name="STYLE"/>
  </text:variable-decls>
  <text:sequence-decls>
   <text:sequence-decl text:display-outline-level="0" text:name="Illustration"/>
   <text:sequence-decl text:display-outline-level="0" text:name="Table"/>
   <text:sequence-decl text:display-outline-level="0" text:name="Text"/>
   <text:sequence-decl text:display-outline-level="0" text:name="Drawing"/>
  </text:sequence-decls>
  <help:to-be-embedded Eid="ersetzung">
  <text:p text:style-name="Head 1"><help:help-id value="HID_OFAPAGE_AUTOCORR_REPLACE"/><help:key-word value="자동 고침; 대체표" tag="kw65876_1"/><help:key-word value="바꾸기; 자동 고침" tag="kw65876_7"/><help:link Id="65876">바꾸기</help:link></text:p>
  <text:p text:style-name="Paragraph"><help:help-text value="visible">자동으로 문서의 단어나 약어를 바꾸거나 수정하는 데 필요한 바꾸기 표를 편집합니다.</help:help-text></text:p>
  </help:to-be-embedded>
  <text:p text:style-name="Paragraph"><help:switch select="Program"><help:case select="WRITER">바꾸기 표를 사용하려면 [도구] - [자동 수정/자동 서식]을 선택한 다음 [옵션] 탭을 누르고 [대체 테이블 사용]을 선택합니다. 입력하는 동안 바꾸기 표를 사용하려면 [서식] - [자동 서식] - [입력하는 동안]을 선택합니다.</help:case></help:switch></text:p>
  <help:popup Id="65589" Eid="autokoersetzung"><help:embedded Id="65598" Eid="wie"></help:embedded></help:popup>
  <help:embedded Id="65749" Eid="sprache"></help:embedded>
  <table:table table:name="Tabelle6" table:style-name="Tabelle6">
   <table:table-column table:style-name="Tabelle6.A"/>
   <table:table-column table:style-name="Tabelle6.B"/>
   <table:table-header-rows>
    <table:table-row table:style-name="Tabelle6.1">
     <table:table-cell table:style-name="Tabelle6.A1" table:value-type="string">
      <text:p text:style-name="Paragraph"><draw:image draw:name="아이콘0" svg:desc="이 아이콘은 많은 정보가 포함된 텍스트 단락을 나타냅니다." svg:pixelx="32" svg:pixely="32" svg:width="0.847cm" svg:height="0.847cm" xlink:href="65980" draw:filter-name=""/></text:p>

     </table:table-cell>
     <table:table-cell table:style-name="Tabelle6.A1" table:value-type="string">
      <help:embedded Id="66242" Eid="mehrpfad"></help:embedded>
     </table:table-cell>
    </table:table-row>
   </table:table-header-rows>
  </table:table>
  <text:p text:style-name="Head 2"><help:help-id value="HID_OFACTL_AUTOCORR_REPLACE"/>대체표</text:p>
  <text:p text:style-name="Paragraph"><help:help-text value="visible">입력하는 동안 자동으로 바뀌는 단어 또는 약어 항목을 나열합니다. 항목을 추가하려면 [바꾸기] 및 [입력 문자열] 및 [대체 단어] 상자에 텍스트를 입력하고 [새로 만들기]를 누릅니다. 항목을 편집하려면 항목을 선택하고 [대체 단어] 상자에서 텍스트를 바꾼 다음 [입력 문자열]을 누릅니다. 항목을 삭제하려면 항목을 선택하고 [삭제]를 누릅니다.</help:help-text></text:p>
  <text:p text:style-name="Paragraph"><help:key-word value="텍스트; 서식 바꾸기" tag="kw65876_6"/>자동 수정 기능을 사용하여 특정 문자의 서식을 단어나 약어에 적용할 수 있습니다. 문서에서 서식 있는 텍스트를 선택한 다음 이 대화 상자를 열고 [텍스트만] 상자의 선택을 해제한 다음 [바꾸기] 상자에 바꿀 텍스트를 입력합니다.</text:p>
  <text:p text:style-name="Paragraph"><help:switch select="Program"><help:case select="WRITER"><help:key-word value="프레임; 자동 수정" tag="kw65876_5"/><help:key-word value="그림; 자동 수정" tag="kw65876_4"/><help:key-word value="그림; 자동 삽입" tag="kw65876_3"/><help:key-word value="자동 수정; 그림 및 프레임" tag="kw65876_2"/>프레임, 그림 및 OLE 개체가 텍스트에서 <text:span text:style-name="T1">글자처럼 취급</text:span>되어 기준 위치가 되면 자동 수정 항목에 포함될 수 있습니다. 개체의 앞 및 뒤에서 적어도 하나의 텍스트 문자와 프레임, 그림 또는 OLE 개체를 선택합니다. 이 대화 상자를 열고 [바꾸기] 상자에 자동 수정 항목의 이름을 입력한 다음 [새로 만들기]를 누릅니다.</help:case></help:switch></text:p>
  <text:p text:style-name="Head 3"><help:help-id value="OFFMGR_EDIT_RID_OFAPAGE_AUTOCORR_REPLACE_ED_SHORT"/>약자</text:p>
  <text:p text:style-name="Paragraph"><help:help-text value="visible">입력하는 동안 바꿀 단어나 약어를 입력합니다.</help:help-text></text:p>
  <text:p text:style-name="Head 3"><help:help-id value="OFFMGR_EDIT_RID_OFAPAGE_AUTOCORR_REPLACE_ED_REPLACE"/>..로 바꾸기:</text:p>
  <text:p text:style-name="Paragraph"><help:help-text value="visible">[바꾸기] 상자에 텍스트를 바꿀 바꾸기 텍스트, 그림, 프레임 또는 OLE 개체를 입력합니다. 문서에서 텍스트, 그림, 프레임 또는 OLE 개체를 선택한 경우에는 관련 정보가 이미 여기에 입력되어 있습니다.</help:help-text></text:p>
  <text:p text:style-name="Head 3"><help:help-id value="OFFMGR_CHECKBOX_RID_OFAPAGE_AUTOCORR_REPLACE_CB_TEXT_ONLY"/>텍스트만</text:p>
  <text:p text:style-name="Paragraph"><help:help-text value="visible">[바꿀 내용] 상자에 서식 없이 항목을 저장합니다. 바꾸기가 실행되면 텍스트에 문서 텍스트와 같은 서식이 적용됩니다.</help:help-text></text:p>
  <text:p text:style-name="Head 2"><help:help-id value="OFFMGR_PUSHBUTTON_RID_OFAPAGE_AUTOCORR_REPLACE_PB_NEW_REPLACE"/>새로</text:p>
  <text:p text:style-name="Paragraph"><help:help-text value="visible">바꾸기 표에 항목을 추가하거나 바꿉니다.</help:help-text></text:p>
  <help:help-id value="OFFMGR_PUSHBUTTON_RID_OFAPAGE_AUTOCORR_REPLACE_PB_DELETE_REPLACE"/><help:embedded Id="65630" Eid="loeschen1"></help:embedded>
 </office:body>
</office:document>
