

<office:document  xmlns:office="http://openoffice.org/2000/office" xmlns:style="http://openoffice.org/2000/style" xmlns:text="http://openoffice.org/2000/text" xmlns:table="http://openoffice.org/2000/table" xmlns:draw="http://openoffice.org/2000/drawing" xmlns:fo="http://www.w3.org/1999/XSL/Format" xmlns:xlink="http://www.w3.org/1999/xlink" xmlns:number="http://openoffice.org/2000/datastyle" xmlns:svg="http://www.w3.org/2000/svg" xmlns:chart="http://openoffice.org/2000/chart" xmlns:dr3d="http://openoffice.org/2000/dr3d" xmlns:math="http://www.w3.org/1998/Math/MathML" xmlns:form="http://openoffice.org/2000/form" xmlns:script="http://openoffice.org/2000/script" office:class="text" office:version="1.0" xmlns:dc="http://purl.org/dc/elements/1.1/" xmlns:meta="http://openoffice.org/2000/meta" xmlns:help="http://openoffice.org/2000/help">
<office:meta>
  <dc:description>text/common/01/06140401</dc:description>
  <dc:subject>도구 모음 편집</dc:subject>
  <meta:keywords>
   <meta:keyword>$Version</meta:keyword>
  </meta:keywords>
  <dc:language>ko-KR</dc:language>
  <meta:user-defined meta:name="Info 0">READY</meta:user-defined>
  <meta:user-defined meta:name="Info 1">FREE_OK</meta:user-defined>
  <meta:user-defined meta:name="Info 2"/>
  <meta:user-defined meta:name="Info 3"/>
</office:meta>
 <office:script/>
 <office:font-decls>
  <style:font-decl style:name="StarSymbol" fo:font-family="StarSymbol" style:font-charset="x-symbol"/>
  <style:font-decl style:name="Courier New" fo:font-family="&apos;Courier New&apos;" style:font-style-name="Standard" style:font-family-generic="modern" style:font-pitch="fixed"/>
  <style:font-decl style:name="Courier" fo:font-family="Courier" style:font-family-generic="roman" style:font-pitch="fixed"/>
  <style:font-decl style:name="Andale WT UI4" fo:font-family="&apos;Andale WT UI&apos;" style:font-pitch="variable"/>
  <style:font-decl style:name="Arial Unicode MS" fo:font-family="&apos;Arial Unicode MS&apos;" style:font-pitch="variable"/>
  <style:font-decl style:name="HG Mincho Light J" fo:font-family="&apos;HG Mincho Light J&apos;" style:font-pitch="variable"/>
  <style:font-decl style:name="Andale WT UI" fo:font-family="&apos;Andale WT UI&apos;" style:font-family-generic="roman" style:font-pitch="variable"/>
  <style:font-decl style:name="Andale WT UI1" fo:font-family="&apos;Andale WT UI&apos;" style:font-style-name="Fett" style:font-family-generic="roman" style:font-pitch="variable"/>
  <style:font-decl style:name="Andale WT UI2" fo:font-family="&apos;Andale WT UI&apos;" style:font-style-name="Standard" style:font-family-generic="roman" style:font-pitch="variable"/>
  <style:font-decl style:name="Thorndale" fo:font-family="Thorndale" style:font-family-generic="roman" style:font-pitch="variable"/>
  <style:font-decl style:name="Times New Roman" fo:font-family="&apos;Times New Roman&apos;" style:font-style-name="Fett" style:font-family-generic="roman" style:font-pitch="variable"/>
  <style:font-decl style:name="Andale WT UI3" fo:font-family="&apos;Andale WT UI&apos;" style:font-family-generic="swiss" style:font-pitch="variable"/>
 </office:font-decls>
 <office:automatic-styles>
  <style:style style:name="Tabelle1" style:family="table">
   <style:properties style:width="18cm" table:align="margins"/>
  </style:style>
  <style:style style:name="Tabelle1.A" style:family="table-column">
   <style:properties style:column-width="1.499cm" style:rel-column-width="5460*"/>
  </style:style>
  <style:style style:name="Tabelle1.B" style:family="table-column">
   <style:properties style:column-width="16.501cm" style:rel-column-width="60075*"/>
  </style:style>
  <style:style style:name="Tabelle1.1" style:family="table-row">
   <style:properties style:min-row-height="0.848cm"/>
  </style:style>
  <style:style style:name="Tabelle1.A1" style:family="table-cell">
   <style:properties fo:padding="0cm" fo:border="none"/>
  </style:style>
  <style:style style:name="P1" style:family="paragraph" style:parent-style-name="Paragraph" style:master-page-name="HTML">
   <style:properties style:page-number="0"/>
  </style:style>
  <style:style style:name="T1" style:family="text">
   <style:properties fo:font-weight="bold"/>
  </style:style>
  <style:style style:name="fr1" style:family="graphics" style:parent-style-name="Graphics">
   <style:properties style:run-through="foreground" style:wrap="run-through" style:vertical-pos="middle" style:vertical-rel="paragraph" style:horizontal-pos="left" style:horizontal-rel="paragraph" style:mirror="none" fo:clip="rect(0cm 0cm 0cm 0cm)" draw:luminance="0%" draw:contrast="0%" draw:red="0%" draw:green="0%" draw:blue="0%" draw:gamma="1" draw:color-inversion="false" draw:transparency="-100%" draw:color-mode="standard"/>
  </style:style>
 </office:automatic-styles>
 <office:body>
  <text:variable-decls>
   <text:variable-decl text:value-type="string" text:name="HTML_ON"/>
   <text:variable-decl text:value-type="string" text:name="HTML_OFF"/>
   <text:variable-decl text:value-type="string" text:name="TITEL"/>
   <text:variable-decl text:value-type="string" text:name="END"/>
   <text:variable-decl text:value-type="string" text:name="HREF"/>
   <text:variable-decl text:value-type="string" text:name="MAC"/>
   <text:variable-decl text:value-type="string" text:name="OS2"/>
   <text:variable-decl text:value-type="string" text:name="ELSE"/>
   <text:variable-decl text:value-type="string" text:name="NAME"/>
   <text:variable-decl text:value-type="string" text:name="HelpID"/>
   <text:variable-decl text:value-type="string" text:name="MODIFY"/>
   <text:variable-decl text:value-type="string" text:name="REFNR"/>
   <text:variable-decl text:value-type="string" text:name="INDEX"/>
   <text:variable-decl text:value-type="string" text:name="KEY"/>
   <text:variable-decl text:value-type="string" text:name="AKTHLP"/>
   <text:variable-decl text:value-type="string" text:name="WIN"/>
   <text:variable-decl text:value-type="string" text:name="STYLE"/>
  </text:variable-decls>
  <text:sequence-decls>
   <text:sequence-decl text:display-outline-level="0" text:name="Illustration"/>
   <text:sequence-decl text:display-outline-level="0" text:name="Table"/>
   <text:sequence-decl text:display-outline-level="0" text:name="Text"/>
   <text:sequence-decl text:display-outline-level="0" text:name="Drawing"/>
  </text:sequence-decls>
  <text:p text:style-name="P1"/>
  <text:p text:style-name="Head 1"><help:help-id value="SID_CUSTOMIZETOOLBOX"/><help:key-word value="도구 모음; 편집" tag="kw65862_1"/><help:key-word value="편집; 도구 모음" tag="kw65862_9"/><help:key-word value="표시줄; 편집" tag="kw65862_8"/><help:key-word value="기능 모음; 편집" tag="kw65862_7"/><help:key-word value="주 도구 모음; 편집" tag="kw65862_6"/><help:key-word value="개체 도구 모음; 편집" tag="kw65862_5"/>도구 모음 편집</text:p>
  <text:p text:style-name="Paragraph"><help:to-be-embedded Eid="symbolleistenbearbeitentext"><help:help-text value="visible">도구 모음 버튼을 사용자 정의합니다.</help:help-text></help:to-be-embedded></text:p>
  <help:popup Id="65589" Eid="symbolebearbeiten"><help:embedded Id="65598" Eid="wie"></help:embedded></help:popup>
  <text:p text:style-name="Head 2"><help:help-id value="HID_CUSTOMIZETOOLBOX_FUNCTIONS"/>사용 가능한 버튼</text:p>
  <text:p text:style-name="Paragraph"><help:help-text value="visible">범주별로 구성한 버튼 목록을 표시합니다. 해당 범주의 버튼을 보려면 (+) 기호를 누르거나 &lt;+&gt; 키를 누릅니다. 선택한 버튼을 도구 모음에 추가하려면 [도구 모음] 상자에서 도구 모음을 선택한 다음 [추가]를 누릅니다.</help:help-text></text:p>
  <text:p text:style-name="Head 2"><help:help-id value="HID_CUSTOMIZETOOLBOX_TOOLBOX"/>사용된 버튼</text:p>
  <text:p text:style-name="Paragraph"><help:help-text value="visible">[도구 모음] 상자에서 선택한 도구 모음에서 사용 가능한 버튼을 나열합니다. 해당 버튼을 표시하려면 이름 옆의 확인란을 선택합니다. 버튼을 숨기려면 확인란 선택을 해제합니다.</help:help-text></text:p>
  <table:table table:name="Tabelle1" table:style-name="Tabelle1">
   <table:table-column table:style-name="Tabelle1.A"/>
   <table:table-column table:style-name="Tabelle1.B"/>
   <table:table-header-rows>
    <table:table-row table:style-name="Tabelle1.1">
     <table:table-cell table:style-name="Tabelle1.A1" table:value-type="string">
      <text:p text:style-name="Paragraph"><draw:image draw:name="아이콘0" svg:desc="팁 아이콘" svg:pixelx="32" svg:pixely="32" svg:width="0.847cm" svg:height="0.847cm" xlink:href="66732" draw:filter-name=""/></text:p>

     </table:table-cell>
     <table:table-cell table:style-name="Tabelle1.A1" table:value-type="string">
      <text:p text:style-name="Paragraph">프로그램 창에서 마우스 오른쪽 버튼으로 도구 모음을 누르고 [보이는 버튼]을 선택한 다음 버튼 이름을 선택하여 해당 버튼을 표시하거나 숨길 수 있습니다.</text:p>
     </table:table-cell>
    </table:table-row>
   </table:table-header-rows>
  </table:table>
  <text:p text:style-name="Head 2"><help:help-id value="SFX2_PUSHBUTTON_RID_TOOLBOXCUSTOMIZE_BTN_TB_ADD"/>삽입</text:p>
  <text:p text:style-name="Paragraph"><help:help-text value="visible">[사용 가능한 단추] 상자에서 선택한 버튼을 해당 도구 모음의 [사용되고 있는 단추] 상자에 추가합니다.</help:help-text> 이 버튼은 기본적으로 표시됩니다.</text:p>
  <text:p text:style-name="Head 2"><help:help-id value="SFX2_PUSHBUTTON_RID_TOOLBOXCUSTOMIZE_BTN_TB_REMOVE"/>삭제</text:p>
  <text:p text:style-name="Paragraph"><help:help-text value="visible">선택한 버튼을 [사용되고 있는 단추] 상자에서 제거합니다.</help:help-text></text:p>
  <text:p text:style-name="Head 2"><help:help-id value="SFX2_PUSHBUTTON_RID_TOOLBOXCUSTOMIZE_BTN_TB_APPLY"/>적용</text:p>
  <text:p text:style-name="Paragraph"><help:help-text value="visible"><text:span text:style-name="T1">사용된 버튼</text:span> 목록에서 현재 지정한 결과가 도구 모음에 적용됩니다.</help:help-text> 지금 도구 모음을 볼 수 있으면 바로 확인하십시오.</text:p>
  <text:p text:style-name="Head 2"><help:help-id value="SFX2_PUSHBUTTON_RID_TOOLBOXCUSTOMIZE_BTN_TB_DEFAULT"/>기본값</text:p>
  <text:p text:style-name="Paragraph"><help:help-text value="visible">이 버튼을 사용하면 모든 도구 모음에 적용된 변경 사항이 모두 취소됩니다.</help:help-text></text:p>
  <text:p text:style-name="Head 2"><help:help-id value="SFX2_PUSHBUTTON_RID_TOOLBOXCUSTOMIZE_BTN_TB_MOVEUP"/>위로</text:p>
  <text:p text:style-name="Paragraph"><help:help-text value="visible"><text:span text:style-name="T1">사용된 버튼</text:span> 목록에서 선택한 항목을 바로 위로 이동시킵니다.</help:help-text></text:p>
  <text:p text:style-name="Head 2"><help:help-id value="SFX2_PUSHBUTTON_RID_TOOLBOXCUSTOMIZE_BTN_TB_MOVEDOWN"/>아래로</text:p>
  <text:p text:style-name="Paragraph"><help:help-text value="visible"><text:span text:style-name="T1">사용된 버튼</text:span> 목록에서 선택한 항목을 바로 아래로 이동시킵니다.</help:help-text></text:p>
  <text:p text:style-name="Head 2"><help:help-id value="SFX2_PUSHBUTTON_RID_TOOLBOXCUSTOMIZE_BTN_TB_ICONS"/>아이콘</text:p>
  <text:p text:style-name="Paragraph"><help:help-text value="visible">여기서는 <text:span text:style-name="T1">사용자 정의 버튼</text:span> 대화상자를 열고 선택한 아이콘을 편집할 수 있습니다.</help:help-text> 이 대화상자는 <text:span text:style-name="T1">사용된 버튼</text:span> 목록에서 아이콘이나 버튼이 활성화된 경우에만 열 수 있습니다.</text:p>
  <text:p text:style-name="Head 3"><help:help-id value="HID_USERDEFBMP"/>사용자 정의 버튼<help:key-word value="아이콘; 사용자 정의" tag="kw65862_4"/><help:key-word value="버튼; 사용자 정의" tag="kw65862_3"/><help:key-word value="사용자 정의; 아이콘" tag="kw65862_2"/></text:p>
  <text:p text:style-name="Paragraph"><help:help-text value="visible">여기서는 <text:span text:style-name="T1">사용된 버튼</text:span> 목록에서 사전에 선택한 항목에 새 아이콘을 지정할 수 있습니다.</help:help-text> 새 아이콘을 선택하고 <text:span text:style-name="T1">확인</text:span>을 클릭하여 적용하십시오.</text:p>
  <text:p text:style-name="Paragraph">정의된 아이콘을 사용할 수도 있습니다. 정의된 아이콘은 &quot;{installpath}/share/config/symbol&quot; 디렉토리에 BMP 형식으로 복사되어야 합니다. <text:span text:style-name="T1">사용자 정의 버튼</text:span> 대화상자를 열 때마다 <help:productname>%PRODUCTNAME</help:productname>가 이 디렉토리에서 새 아이콘을 읽어들입니다. 아이콘은 16x16 또는 26x26 픽셀 크기와 256 색상을 넘으면 안됩니다.</text:p>
  <text:p text:style-name="Head 3"><help:help-id value="SFX2_EDIT_RID_USERDEFBMP_FT_DESC"/>기능:</text:p>
  <text:p text:style-name="Paragraph"><help:help-text value="visible">아이콘을 선택할 수 있는 기능의 이름을 표시합니다.</help:help-text></text:p>
  <text:p text:style-name="Head 3"><help:help-id value="SFX2_PUSHBUTTON_RID_USERDEFBMP_BTN_TB_DEFAULTIMAGE"/>기본값</text:p>
  <text:p text:style-name="Paragraph"><help:help-text value="visible">선택한 버튼의 아이콘을 기본 아이콘으로 다시 설정합니다.</help:help-text></text:p>
  <help:switch select="System"><help:case select ="WIN">
  <text:p text:style-name="ParaList"><help:embedded Id="65598" Eid="related"></help:embedded></text:p>
  <text:p text:style-name="ParaList"><help:embedded Id="68050" Eid="edit_symbolbar"></help:embedded></text:p>
  </help:case></help:switch>
 </office:body>
</office:document>
