

<office:document  xmlns:office="http://openoffice.org/2000/office" xmlns:style="http://openoffice.org/2000/style" xmlns:text="http://openoffice.org/2000/text" xmlns:table="http://openoffice.org/2000/table" xmlns:draw="http://openoffice.org/2000/drawing" xmlns:fo="http://www.w3.org/1999/XSL/Format" xmlns:xlink="http://www.w3.org/1999/xlink" xmlns:number="http://openoffice.org/2000/datastyle" xmlns:svg="http://www.w3.org/2000/svg" xmlns:chart="http://openoffice.org/2000/chart" xmlns:dr3d="http://openoffice.org/2000/dr3d" xmlns:math="http://www.w3.org/1998/Math/MathML" xmlns:form="http://openoffice.org/2000/form" xmlns:script="http://openoffice.org/2000/script" office:class="text" office:version="1.0" xmlns:dc="http://purl.org/dc/elements/1.1/" xmlns:meta="http://openoffice.org/2000/meta" xmlns:help="http://openoffice.org/2000/help">
<office:meta>
  <dc:description>text/common/01/06200000</dc:description>
  <dc:subject>한글/한자 변환</dc:subject>
  <meta:keywords>
   <meta:keyword>$Version</meta:keyword>
  </meta:keywords>
  <dc:language>ko-KR</dc:language>
  <meta:user-defined meta:name="Info 0">READY</meta:user-defined>
  <meta:user-defined meta:name="Info 1">FREE</meta:user-defined>
  <meta:user-defined meta:name="Info 2"/>
  <meta:user-defined meta:name="Info 3"/>
</office:meta>
 <office:script/>
 <office:font-decls>
  <style:font-decl style:name="StarSymbol" fo:font-family="StarSymbol" style:font-charset="x-symbol"/>
  <style:font-decl style:name="Courier New" fo:font-family="&apos;Courier New&apos;" style:font-style-name="Standard" style:font-family-generic="modern" style:font-pitch="fixed"/>
  <style:font-decl style:name="Courier" fo:font-family="Courier" style:font-family-generic="roman" style:font-pitch="fixed"/>
  <style:font-decl style:name="Andale WT UI3" fo:font-family="&apos;Andale WT UI&apos;" style:font-pitch="variable"/>
  <style:font-decl style:name="Arial Unicode MS" fo:font-family="&apos;Arial Unicode MS&apos;" style:font-pitch="variable"/>
  <style:font-decl style:name="HG Mincho Light J" fo:font-family="&apos;HG Mincho Light J&apos;" style:font-pitch="variable"/>
  <style:font-decl style:name="Andale WT UI" fo:font-family="&apos;Andale WT UI&apos;" style:font-style-name="Fett" style:font-family-generic="roman" style:font-pitch="variable"/>
  <style:font-decl style:name="Andale WT UI1" fo:font-family="&apos;Andale WT UI&apos;" style:font-style-name="Standard" style:font-family-generic="roman" style:font-pitch="variable"/>
  <style:font-decl style:name="Thorndale" fo:font-family="Thorndale" style:font-family-generic="roman" style:font-pitch="variable"/>
  <style:font-decl style:name="Times New Roman" fo:font-family="&apos;Times New Roman&apos;" style:font-style-name="Fett" style:font-family-generic="roman" style:font-pitch="variable"/>
  <style:font-decl style:name="Andale WT UI2" fo:font-family="&apos;Andale WT UI&apos;" style:font-family-generic="swiss" style:font-pitch="variable"/>
 </office:font-decls>
 <office:automatic-styles>
  <style:style style:name="P1" style:family="paragraph" style:parent-style-name="Paragraph" style:master-page-name="HTML">
   <style:properties style:page-number="0"/>
  </style:style>
 </office:automatic-styles>
 <office:body>
  <text:variable-decls>
   <text:variable-decl text:value-type="string" text:name="HTML_ON"/>
   <text:variable-decl text:value-type="string" text:name="HTML_OFF"/>
   <text:variable-decl text:value-type="string" text:name="TITEL"/>
   <text:variable-decl text:value-type="string" text:name="END"/>
   <text:variable-decl text:value-type="string" text:name="HREF"/>
   <text:variable-decl text:value-type="string" text:name="MAC"/>
   <text:variable-decl text:value-type="string" text:name="ELSE"/>
   <text:variable-decl text:value-type="string" text:name="NAME"/>
   <text:variable-decl text:value-type="string" text:name="REFNR"/>
   <text:variable-decl text:value-type="string" text:name="HelpID"/>
   <text:variable-decl text:value-type="string" text:name="MODIFY"/>
   <text:variable-decl text:value-type="string" text:name="AKTHLP"/>
   <text:variable-decl text:value-type="string" text:name="INDEX"/>
   <text:variable-decl text:value-type="string" text:name="STYLE"/>
  </text:variable-decls>
  <text:sequence-decls>
   <text:sequence-decl text:display-outline-level="0" text:name="Illustration"/>
   <text:sequence-decl text:display-outline-level="0" text:name="Table"/>
   <text:sequence-decl text:display-outline-level="0" text:name="Text"/>
   <text:sequence-decl text:display-outline-level="0" text:name="Drawing"/>
  </text:sequence-decls>
  <help:to-be-embedded Eid="hangul">
  <text:p text:style-name="Head 1"><help:help-id value="SID_HANGUL_HANJA_CONVERSION"/><help:key-word value="변환; 한글/한자" tag="kw68703_1"/><help:key-word value="한글/한자" tag="kw68703_2"/><help:link Id="68703">한글/한자 변환</help:link></text:p>
  <text:p text:style-name="Paragraph"><help:help-text value="visible">선택한 한글 텍스트에 대해 한글을 한자로, 한자를 한글로 변환합니다.</help:help-text> [도구] – [옵션] – [언어 설정] – [언어]에서 한글 지원을 활성화하고 한글 서식의 텍스트가 선택된 경우에 한해 해당 메뉴 명령을 호출할 수 있습니다.</text:p>
  </help:to-be-embedded>
  <help:popup Id="65589" Eid="hangul"><help:embedded Id="65598" Eid="wie"></help:embedded></help:popup>
  <text:p text:style-name="Head 2"><help:help-id value="HID_SPELLDLG_SETWORD"/>원본</text:p>
  <text:p text:style-name="Paragraph"><help:help-text value="visible">현재 선택 사항을 표시합니다.</help:help-text></text:p>
  <text:p text:style-name="Head 2"><help:help-id value="HID_HANGULDLG_EDIT_NEWWORD"/>바꾸기</text:p>
  <text:p text:style-name="Paragraph"><help:help-text value="visible">사전에서 첫 번째로 추천하는 단어가 표시됩니다.</help:help-text> 추천 단어를 편집하거나 다른 단어를 입력할 수 있습니다. [찾기] 버튼을 누르면 한글 입력을 해당 한자로 바꿉니다.</text:p>
  <text:p text:style-name="Head 2"><help:help-id value="SVX_PUSHBUTTON_RID_SVX_MDLG_HANGULHANJA_PB_FIND"/>찾기</text:p>
  <text:p text:style-name="Paragraph"><help:help-text value="visible">입력한 한글을 사전에서 찾아 해당 한자로 바꿉니다.</help:help-text> [건너뛰기]를 누르면 찾기 기능을 취소합니다.</text:p>
  <text:p text:style-name="Head 2"><help:help-id value="SVX_LISTBOX_RID_SVX_MDLG_HANGULHANJA_LB_SUGGESTIONS"/>추천 단어</text:p>
  <text:p text:style-name="Paragraph"><help:help-text value="visible">사전에서 사용 가능한 바꿀 단어를 모두 표시합니다.</help:help-text> [문자 단위로 바꾸기] 상자를 활성화하면 문자 그리드가 표시됩니다. [문자 단위로 바꾸기] 상자를 선택하지 않으면 단어 목록이 표시됩니다.</text:p>
  <text:p text:style-name="Head 2">서식</text:p>
  <text:p text:style-name="Paragraph">바꿀 단어를 표시할 서식을 누릅니다.</text:p>
  <text:p text:style-name="Head 3"><help:help-id value="SVX_RADIOBUTTON_RID_SVX_MDLG_HANGULHANJA_RB_SIMPLE_CONVERSION"/>한글/한자</text:p>
  <text:p text:style-name="Paragraph"><help:help-text value="visible">원래 문자를 추천된 문자로 바꿉니다.</help:help-text></text:p>
  <text:p text:style-name="Head 3"><help:help-id value="SVX_RADIOBUTTON_RID_SVX_MDLG_HANGULHANJA_RB_HANJA_HANGUL_BRACKETED"/>한자(한글)</text:p>
  <text:p text:style-name="Paragraph"><help:help-text value="visible">한자를 먼저 표시하고 그 다음에 한글을 괄호로 묶어 표시합니다.</help:help-text></text:p>
  <text:p text:style-name="Head 3"><help:help-id value="SVX_RADIOBUTTON_RID_SVX_MDLG_HANGULHANJA_RB_HANGUL_HANJA_BRACKETED"/>한글(한자)</text:p>
  <text:p text:style-name="Paragraph"><help:help-text value="visible">한글을 먼저 표시하고 그 다음에 한자를 괄호로 묶어 표시합니다.</help:help-text></text:p>
  <text:p text:style-name="Head 3"><help:help-id value="SVX_RADIOBUTTON_RID_SVX_MDLG_HANGULHANJA_RB_HANGUL_HANJA_ABOVE"/>위 덧말 문자로 한자 표시</text:p>
  <text:p text:style-name="Paragraph"><help:help-text value="visible">한자가 한글 위의 덧말 문자로 표시됩니다.</help:help-text></text:p>
  <text:p text:style-name="Head 3"><help:help-id value="SVX_RADIOBUTTON_RID_SVX_MDLG_HANGULHANJA_RB_HANGUL_HANJA_BELOW"/>아래 덧말 문자로 한자 표시</text:p>
  <text:p text:style-name="Paragraph"><help:help-text value="visible">한자가 한글 아래의 덧말 문자로 표시됩니다.</help:help-text></text:p>
  <text:p text:style-name="Head 3"><help:help-id value="SVX_RADIOBUTTON_RID_SVX_MDLG_HANGULHANJA_RB_HANJA_HANGUL_ABOVE"/>위 덧말 문자로 한글 표시</text:p>
  <text:p text:style-name="Paragraph"><help:help-text value="visible">한글이 한자 위의 덧말 문자로 표시됩니다.</help:help-text></text:p>
  <text:p text:style-name="Head 3"><help:help-id value="SVX_RADIOBUTTON_RID_SVX_MDLG_HANGULHANJA_RB_HANJA_HANGUL_BELOW"/>아래 덧말 문자로 한글 표시</text:p>
  <text:p text:style-name="Paragraph"><help:help-text value="visible">한글이 한자 아래의 덧말 문자로 표시됩니다.</help:help-text></text:p>
  <text:p text:style-name="Head 2">변환</text:p>
  <text:p text:style-name="Paragraph">일반적으로 한글과 한자로 구성된 혼합 텍스트 선택에서 모든 한글 문자가 한자로, 모든 한자 문자가 한글로 변환됩니다. 혼합 텍스트 선택을 한 방향으로만 변환하려면 다음과 같은 변환 옵션을 사용합니다.</text:p>
  <text:p text:style-name="Head 3"><help:help-id value="SVX_CHECKBOX_RID_SVX_MDLG_HANGULHANJA_CB_HANGUL_ONLY"/>한글만</text:p>
  <text:p text:style-name="Paragraph"><help:help-text value="visible">한글만 변환하기 위해 선택합니다. 한자는 변환하지 않습니다.</help:help-text></text:p>
  <text:p text:style-name="Head 3"><help:help-id value="SVX_CHECKBOX_RID_SVX_MDLG_HANGULHANJA_CB_HANJA_ONLY"/>한자만</text:p>
  <text:p text:style-name="Paragraph"><help:help-text value="visible">한자만 변환하기 위해 선택합니다. 한글은 변환하지 않습니다.</help:help-text></text:p>
  <text:p text:style-name="Head 2"><help:help-id value="HID_HANGULDLG_BUTTON_IGNORE"/>건너뛰기</text:p>
  <text:p text:style-name="Paragraph"><help:help-text value="visible">현재 선택 단어에 어떤 변경도 적용하지 않습니다. 다음 단어나 문자가 변환을 위해 선택됩니다.</help:help-text></text:p>
  <text:p text:style-name="Head 2"><help:help-id value="HID_HANGULDLG_BUTTON_IGNOREALL"/>모두 건너뛰기</text:p>
  <text:p text:style-name="Paragraph"><help:help-text value="visible">현재 선택 단어에 어떤 변경도 적용하지 않으며 같은 선택 사항을 인식할 때마다 자동으로 건너뜁니다.</help:help-text> 다음 단어나 문자가 변환을 위해 선택됩니다. 건너뛴 텍스트 목록은 현재 <help:productname>%PRODUCTNAME</help:productname> 세션에서 유효합니다.</text:p>
  <text:p text:style-name="Head 2"><help:help-id value="HID_HANGULDLG_BUTTON_CHANGE"/>바꾸기</text:p>
  <text:p text:style-name="Paragraph"><help:help-text value="visible">선택한 텍스트를 서식 옵션에 따라 추천된 문자나 단어로 바꿉니다.</help:help-text> 다음 단어나 문자가 변환을 위해 선택됩니다.</text:p>
  <text:p text:style-name="Head 2"><help:help-id value="HID_HANGULDLG_BUTTON_CHANGEALL"/>모두 바꾸기</text:p>
  <text:p text:style-name="Paragraph"><help:help-text value="visible">선택한 텍스트를 서식 옵션에 따라 추천된 문자나 단어로 바꿉니다. 같은 선택 사항을 인식할 때마다 자동으로 바꿉니다.</help:help-text> 다음 단어나 문자가 변환을 위해 선택됩니다. 바꾼 텍스트 목록은 현재 <help:productname>%PRODUCTNAME</help:productname> 세션에서 유효합니다.</text:p>
  <text:p text:style-name="Head 3"><help:help-id value="SVX_CHECKBOX_RID_SVX_MDLG_HANGULHANJA_CB_REPLACE_BY_CHARACTER"/>문자 단위로 바꾸기</text:p>
  <text:p text:style-name="Paragraph"><help:help-text value="visible">선택한 텍스트에 걸쳐 문자 대 문자로 바꾸기 위해 선택합니다. 선택하지 않으면 전체 단어를 바꿉니다.</help:help-text></text:p>
  <text:p text:style-name="Head 2"><help:help-id value="HID_HANGULDLG_BUTTON_CLOSE"/>닫기</text:p>
  <text:p text:style-name="Paragraph"><help:help-text value="visible">대화 상자를 닫습니다.</help:help-text></text:p>
 </office:body>
</office:document>
