

<office:document  xmlns:office="http://openoffice.org/2000/office" xmlns:style="http://openoffice.org/2000/style" xmlns:text="http://openoffice.org/2000/text" xmlns:table="http://openoffice.org/2000/table" xmlns:draw="http://openoffice.org/2000/drawing" xmlns:fo="http://www.w3.org/1999/XSL/Format" xmlns:xlink="http://www.w3.org/1999/xlink" xmlns:number="http://openoffice.org/2000/datastyle" xmlns:svg="http://www.w3.org/2000/svg" xmlns:chart="http://openoffice.org/2000/chart" xmlns:dr3d="http://openoffice.org/2000/dr3d" xmlns:math="http://www.w3.org/1998/Math/MathML" xmlns:form="http://openoffice.org/2000/form" xmlns:script="http://openoffice.org/2000/script" office:class="text" office:version="1.0" xmlns:dc="http://purl.org/dc/elements/1.1/" xmlns:meta="http://openoffice.org/2000/meta" xmlns:help="http://openoffice.org/2000/help">
<office:meta>
  <dc:description>text/common/01/01100400</dc:description>
  <dc:subject>Statistics</dc:subject>

  <dc:language>en-US</dc:language>
  <meta:user-defined meta:name="Info 0">READY</meta:user-defined>
  <meta:user-defined meta:name="Info 1">FREE_OK</meta:user-defined>
  <meta:user-defined meta:name="Info 2"/>
  <meta:user-defined meta:name="Info 3"/>
</office:meta>
 <office:script/>
 <office:font-decls>
  <style:font-decl style:name="StarSymbol" fo:font-family="StarSymbol" style:font-charset="x-symbol"/>
  <style:font-decl style:name="Courier New" fo:font-family="&apos;Courier New&apos;" style:font-style-name="Standard" style:font-family-generic="modern" style:font-pitch="fixed"/>
  <style:font-decl style:name="Courier" fo:font-family="Courier" style:font-family-generic="roman" style:font-pitch="fixed"/>
  <style:font-decl style:name="Arial Unicode MS" fo:font-family="&apos;Arial Unicode MS&apos;" style:font-pitch="variable"/>
  <style:font-decl style:name="HG Mincho Light J" fo:font-family="&apos;HG Mincho Light J&apos;" style:font-pitch="variable"/>
  <style:font-decl style:name="Times New Roman3" fo:font-family="&apos;Times New Roman&apos;" style:font-pitch="variable"/>
  <style:font-decl style:name="Thorndale" fo:font-family="Thorndale" style:font-family-generic="roman" style:font-pitch="variable"/>
  <style:font-decl style:name="Times New Roman2" fo:font-family="&apos;Times New Roman&apos;" style:font-style-name="Fett" style:font-family-generic="roman" style:font-pitch="variable"/>
  <style:font-decl style:name="Times New Roman" fo:font-family="&apos;Times New Roman&apos;" style:font-style-name="Standard" style:font-family-generic="roman" style:font-pitch="variable"/>
  <style:font-decl style:name="Times New Roman1" fo:font-family="&apos;Times New Roman&apos;" style:font-family-generic="swiss" style:font-pitch="variable"/>
 </office:font-decls>
 <office:automatic-styles>
  <style:style style:name="P1" style:family="paragraph" style:parent-style-name="Paragraph" style:master-page-name="HTML">
   <style:properties style:page-number="0"/>
  </style:style>
 </office:automatic-styles>
 <office:body>
  <text:variable-decls>
   <text:variable-decl text:value-type="string" text:name="HTML_ON"/>
   <text:variable-decl text:value-type="string" text:name="HTML_OFF"/>
   <text:variable-decl text:value-type="string" text:name="TITEL"/>
   <text:variable-decl text:value-type="string" text:name="END"/>
   <text:variable-decl text:value-type="string" text:name="MAC"/>
   <text:variable-decl text:value-type="string" text:name="ELSE"/>
   <text:variable-decl text:value-type="string" text:name="OS2"/>
   <text:variable-decl text:value-type="string" text:name="HREF"/>
   <text:variable-decl text:value-type="string" text:name="NAME"/>
   <text:variable-decl text:value-type="string" text:name="HelpID"/>
   <text:variable-decl text:value-type="string" text:name="MODIFY"/>
   <text:variable-decl text:value-type="string" text:name="REFNR"/>
   <text:variable-decl text:value-type="string" text:name="HFELD"/>
   <text:variable-decl text:value-type="string" text:name="KEY"/>
   <text:variable-decl text:value-type="string" text:name="INDEX"/>
   <text:variable-decl text:value-type="string" text:name="WIN"/>
   <text:variable-decl text:value-type="string" text:name="AKTHLP"/>
   <text:variable-decl text:value-type="string" text:name="STYLE"/>
   <text:variable-decl text:value-type="string" text:name="PARAINFO"/>
  </text:variable-decls>
  <text:sequence-decls>
   <text:sequence-decl text:display-outline-level="0" text:name="Illustration"/>
   <text:sequence-decl text:display-outline-level="0" text:name="Table"/>
   <text:sequence-decl text:display-outline-level="0" text:name="Text"/>
   <text:sequence-decl text:display-outline-level="0" text:name="Drawing"/>
  </text:sequence-decls>
  <help:paragraphinfo state="E"/><help:to-be-embedded Eid="statistik">
  <text:p text:style-name="Head 1"><help:paragraphinfo state="U" number="1"/><help:help-id value="HID_DOC_STAT"/><help:help-id value="SC_TABPAGE_RID_SCPAGE_STAT"/><help:link Id="65682">Statistics</help:link></text:p>
  <text:p text:style-name="Paragraph"><help:paragraphinfo state="U" number="2"/><help:help-text value="visible">Displays statistics for the current file.</help:help-text></text:p>
  <help:paragraphinfo state="E"/></help:to-be-embedded>
  <help:paragraphinfo state="E"/><help:executeurl Id="slot:5535#25575"></help:executeurl><help:popup Id="65611" Eid="info5"><help:embedded Id="65598" Eid="wie"></help:embedded></help:popup>
  <text:p text:style-name="Paragraph"><help:paragraphinfo state="U" number="36"/><help:switch select="Program"><help:case select="WRITER">Some statistic values can be used as <help:link Id="67808" Eid="variablen">variables in formulas</help:link>.</help:case></help:switch></text:p>
  <text:p text:style-name="Head 2"><help:paragraphinfo state="U" number="3"/><help:key-word value="numbers; pages" tag="kw65682_1"/><help:key-word value="number of pages; documents" tag="kw65682_30"/><help:key-word value="documents; number of pages" tag="kw65682_29"/>Number of Pages:</text:p>
  <text:p text:style-name="Paragraph"><help:paragraphinfo state="U" number="4"/>Number of pages in the file.</text:p>
  <text:p text:style-name="Head 2"><help:paragraphinfo state="U" number="5"/><help:switch select="Program"><help:case select="WRITER"><help:key-word value="number; of tables" tag="kw65682_28"/><help:key-word value="number of tables; documents" tag="kw65682_27"/><help:key-word value="documents; number of tables" tag="kw65682_26"/>Number of Tables:</help:case><help:case select="CALC"><help:key-word value="number; of sheets" tag="kw65682_25"/><help:key-word value="number of sheets; documents" tag="kw65682_24"/><help:key-word value="documents; number of sheets" tag="kw65682_23"/>Number of Sheets:</help:case></help:switch></text:p>
  <text:p text:style-name="Paragraph"><help:paragraphinfo state="U" number="6"/><help:switch select="Program"><help:case select="WRITER">Number of tables in the file.</help:case><help:case select="CALC">Number of sheets in the file.</help:case></help:switch> This statistic does not include tables that were inserted as <help:popup Id="65619" Eid="ole">OLE</help:popup> objects.</text:p>
  <text:p text:style-name="Head 2"><help:paragraphinfo state="U" number="30"/><help:switch select="Program"><help:case select="CALC">Number of Cells:<help:key-word value="cells; number of" tag="kw65682_22"/></help:case></help:switch></text:p>
  <text:p text:style-name="Paragraph"><help:paragraphinfo state="U" number="31"/><help:switch select="Program"><help:case select="CALC">Number of cells with content in the file.</help:case></help:switch></text:p>
  <text:p text:style-name="Head 2"><help:paragraphinfo state="U" number="7"/><help:switch select="Program"><help:case select="WRITER">Number of Graphics:<help:key-word value="graphics; number of" tag="kw65682_21"/></help:case></help:switch></text:p>
  <text:p text:style-name="Paragraph"><help:paragraphinfo state="U" number="8"/><help:switch select="Program"><help:case select="WRITER">Number of graphics in the file. This statistic does not include graphics that were inserted as <help:popup Id="65619" Eid="ole">OLE</help:popup> objects.</help:case></help:switch></text:p>
  <text:p text:style-name="Head 2"><help:paragraphinfo state="U" number="9"/><help:switch select="Program"><help:case select="WRITER">Number of OLE Objects:<help:key-word value="OLE objects; number of" tag="kw65682_20"/> </help:case></help:switch></text:p>
  <text:p text:style-name="Paragraph"><help:paragraphinfo state="U" number="10"/><help:switch select="Program"><help:case select="WRITER">Number of <help:popup Id="65619" Eid="ole">OLE</help:popup> objects in the file, including tables and graphics that were inserted as OLE objects.</help:case></help:switch></text:p>
  <text:p text:style-name="Head 2"><help:paragraphinfo state="U" number="11"/><help:switch select="Program"><help:case select="WRITER">Number of Paragraphs:<help:key-word value="paragraphs; number of" tag="kw65682_19"/> <help:key-word value="documents; number of paragraphs" tag="kw65682_18"/> </help:case></help:switch></text:p>
  <text:p text:style-name="Paragraph"><help:paragraphinfo state="U" number="12"/><help:switch select="Program"><help:case select="WRITER">Number of paragraphs (including blank paragraphs) in the file.</help:case></help:switch></text:p>
  <text:p text:style-name="Head 2"><help:paragraphinfo state="U" number="13"/><help:switch select="Program"><help:case select="WRITER"><help:key-word value="words; counting" tag="kw65682_17"/><help:key-word value="number of words; documents" tag="kw65682_16"/><help:key-word value="documents; number of words" tag="kw65682_15"/><help:key-word value="text; number of words" tag="kw65682_14"/><help:key-word value="numbers; words" tag="kw65682_13"/>Number of Words:</help:case></help:switch></text:p>
  <text:p text:style-name="Paragraph"><help:paragraphinfo state="U" number="14"/><help:switch select="Program"><help:case select="WRITER">Number of words (including words consisting of a single character) in the file.</help:case></help:switch></text:p>
  <text:p text:style-name="Head 2"><help:paragraphinfo state="U" number="15"/><help:switch select="Program"><help:case select="WRITER"><help:key-word value="characters; counting" tag="kw65682_12"/><help:key-word value="keystrokes; counting" tag="kw65682_11"/><help:key-word value="number of characters; documents" tag="kw65682_10"/><help:key-word value="documents; number of characters" tag="kw65682_9"/><help:key-word value="text; number of characters" tag="kw65682_8"/><help:key-word value="numbers; characters statistic" tag="kw65682_7"/>Number of Characters:</help:case></help:switch></text:p>
  <text:p text:style-name="Paragraph"><help:paragraphinfo state="U" number="16"/><help:switch select="Program"><help:case select="WRITER">Number of characters (including spaces) in the file. Non-printable characters are not included.</help:case></help:switch></text:p>
  <text:p text:style-name="Head 2"><help:paragraphinfo state="U" number="32"/><help:switch select="Program"><help:case select="WRITER"><help:key-word value="lines; counting" tag="kw65682_6"/><help:key-word value="number of lines; documents" tag="kw65682_5"/><help:key-word value="documents; number of lines" tag="kw65682_4"/><help:key-word value="text; number of lines" tag="kw65682_3"/><help:key-word value="numbers; lines" tag="kw65682_2"/>Number of Lines:</help:case></help:switch></text:p>
  <text:p text:style-name="Paragraph"><help:paragraphinfo state="U" number="33"/><help:switch select="Program"><help:case select="WRITER">Number of lines in the file.</help:case></help:switch></text:p>
  <text:p text:style-name="Head 2"><help:paragraphinfo state="U" number="34"/><help:help-id value="SW_PUSHBUTTON_TP_DOC_STAT_PB_PDATE"/><help:switch select="Program"><help:case select="WRITER">Update</help:case></help:switch></text:p>
  <text:p text:style-name="Paragraph"><help:paragraphinfo state="U" number="35"/><help:switch select="Program"><help:case select="WRITER"><help:help-text value="visible">Updates the statistics.</help:help-text></help:case></help:switch></text:p>
 </office:body>
</office:document>
