

<office:document  xmlns:office="http://openoffice.org/2000/office" xmlns:style="http://openoffice.org/2000/style" xmlns:text="http://openoffice.org/2000/text" xmlns:table="http://openoffice.org/2000/table" xmlns:draw="http://openoffice.org/2000/drawing" xmlns:fo="http://www.w3.org/1999/XSL/Format" xmlns:xlink="http://www.w3.org/1999/xlink" xmlns:number="http://openoffice.org/2000/datastyle" xmlns:svg="http://www.w3.org/2000/svg" xmlns:chart="http://openoffice.org/2000/chart" xmlns:dr3d="http://openoffice.org/2000/dr3d" xmlns:math="http://www.w3.org/1998/Math/MathML" xmlns:form="http://openoffice.org/2000/form" xmlns:script="http://openoffice.org/2000/script" office:class="text" office:version="1.0" xmlns:dc="http://purl.org/dc/elements/1.1/" xmlns:meta="http://openoffice.org/2000/meta" xmlns:help="http://openoffice.org/2000/help">
<office:meta>
  <dc:description>text/common/01/02100100</dc:description>
  <dc:subject>Similarity Search</dc:subject>

  <dc:language>en-US</dc:language>
  <meta:user-defined meta:name="Info 0">READY</meta:user-defined>
  <meta:user-defined meta:name="Info 1">FREE_OK</meta:user-defined>
  <meta:user-defined meta:name="Info 2"/>
  <meta:user-defined meta:name="Info 3"/>
</office:meta>
 <office:script/>
 <office:font-decls>
  <style:font-decl style:name="StarSymbol" fo:font-family="StarSymbol" style:font-charset="x-symbol"/>
  <style:font-decl style:name="Courier New" fo:font-family="&apos;Courier New&apos;" style:font-style-name="Standard" style:font-family-generic="modern" style:font-pitch="fixed"/>
  <style:font-decl style:name="Courier" fo:font-family="Courier" style:font-family-generic="roman" style:font-pitch="fixed"/>
  <style:font-decl style:name="Arial Unicode MS" fo:font-family="&apos;Arial Unicode MS&apos;" style:font-pitch="variable"/>
  <style:font-decl style:name="HG Mincho Light J" fo:font-family="&apos;HG Mincho Light J&apos;" style:font-pitch="variable"/>
  <style:font-decl style:name="Times New Roman3" fo:font-family="&apos;Times New Roman&apos;" style:font-pitch="variable"/>
  <style:font-decl style:name="Thorndale" fo:font-family="Thorndale" style:font-family-generic="roman" style:font-pitch="variable"/>
  <style:font-decl style:name="Times New Roman2" fo:font-family="&apos;Times New Roman&apos;" style:font-style-name="Fett" style:font-family-generic="roman" style:font-pitch="variable"/>
  <style:font-decl style:name="Times New Roman" fo:font-family="&apos;Times New Roman&apos;" style:font-style-name="Standard" style:font-family-generic="roman" style:font-pitch="variable"/>
  <style:font-decl style:name="Times New Roman1" fo:font-family="&apos;Times New Roman&apos;" style:font-family-generic="swiss" style:font-pitch="variable"/>
 </office:font-decls>
 <office:automatic-styles>
  <style:style style:name="P1" style:family="paragraph" style:parent-style-name="Paragraph" style:master-page-name="HTML">
   <style:properties style:page-number="0"/>
  </style:style>
  <style:style style:name="T1" style:family="text">
   <style:properties fo:font-weight="bold"/>
  </style:style>
 </office:automatic-styles>
 <office:body>
  <text:variable-decls>
   <text:variable-decl text:value-type="string" text:name="HTML_ON"/>
   <text:variable-decl text:value-type="string" text:name="HTML_OFF"/>
   <text:variable-decl text:value-type="string" text:name="TITEL"/>
   <text:variable-decl text:value-type="string" text:name="END"/>
   <text:variable-decl text:value-type="string" text:name="OS2"/>
   <text:variable-decl text:value-type="string" text:name="ELSE"/>
   <text:variable-decl text:value-type="string" text:name="HREF"/>
   <text:variable-decl text:value-type="string" text:name="MAC"/>
   <text:variable-decl text:value-type="string" text:name="NAME"/>
   <text:variable-decl text:value-type="string" text:name="HelpID"/>
   <text:variable-decl text:value-type="string" text:name="WIN"/>
   <text:variable-decl text:value-type="string" text:name="HFELD"/>
   <text:variable-decl text:value-type="string" text:name="MODIFY"/>
   <text:variable-decl text:value-type="string" text:name="REFNR"/>
   <text:variable-decl text:value-type="string" text:name="KEY"/>
   <text:variable-decl text:value-type="string" text:name="AKTHLP"/>
   <text:variable-decl text:value-type="string" text:name="INDEX"/>
   <text:variable-decl text:value-type="string" text:name="STYLE"/>
   <text:variable-decl text:value-type="string" text:name="PARAINFO"/>
  </text:variable-decls>
  <text:sequence-decls>
   <text:sequence-decl text:display-outline-level="0" text:name="Illustration"/>
   <text:sequence-decl text:display-outline-level="0" text:name="Table"/>
   <text:sequence-decl text:display-outline-level="0" text:name="Text"/>
   <text:sequence-decl text:display-outline-level="0" text:name="Drawing"/>
  </text:sequence-decls>
  <help:paragraphinfo state="E"/><help:to-be-embedded Eid="aehnlichkeit">
  <text:p text:style-name="Head 1"><help:paragraphinfo state="U" number="52"/><help:help-id value="SVX_CHECKBOX_RID_SVXDLG_SEARCH_CB_SIMILARITY"/><help:key-word value="similarity search" tag="kw65785_1"/> <help:key-word value="finding; similarity search" tag="kw65785_2"/> <help:link Id="65785">Similarity Search</help:link></text:p>
  <text:p text:style-name="Paragraph"><help:paragraphinfo state="U" number="53"/><help:help-text value="visible">Find terms that are similar to the <text:span text:style-name="T1">Search for </text:span>text. Select this checkbox, and then click <text:s/>the <text:span text:style-name="T1">...</text:span> button to define the similarity options.</help:help-text></text:p>
  <help:paragraphinfo state="E"/></help:to-be-embedded>
  <text:p text:style-name="Paragraph"><help:paragraphinfo state="U" number="66"/>For example, a similarity search can find words that differ from the s <text:span text:style-name="T1">Search for </text:span>text by two characters.</text:p>
  <help:paragraphinfo state="E"/><help:popup Id="65620" Eid="suchenaehnlichkeit"><help:embedded Id="65598" Eid="wie"></help:embedded></help:popup>
  <text:p text:style-name="Head 2"><help:paragraphinfo state="U" number="54"/><help:help-id value="SVX_PUSHBUTTON_RID_SVXDLG_SEARCH_PB_SIMILARITY"/>...</text:p>
  <text:p text:style-name="Paragraph"><help:paragraphinfo state="U" number="55"/><help:help-text value="visible">Set the options for the similarity search.</help:help-text></text:p>
  <text:p text:style-name="Head 2"><help:paragraphinfo state="U" number="56"/>Settings</text:p>
  <text:p text:style-name="Paragraph"><help:paragraphinfo state="U" number="57"/>Define the criteria for determining if a word is similar to the search term.</text:p>
  <text:p text:style-name="Head 3"><help:paragraphinfo state="U" number="58"/><help:help-id value="SVX_NUMERICFIELD_RID_SVXDLG_SEARCHSIMILARITY_NF_OTHER"/><a name="other"/>Exchange characters</text:p>
  <text:p text:style-name="Paragraph"><help:paragraphinfo state="U" number="59"/><help:help-text value="visible">Enter the number of characters in the search term that can be exchanged.</help:help-text> For example, if you specify 2 exchanged characters, &quot;black&quot; and &quot;crack&quot; are considered similar.</text:p>
  <text:p text:style-name="Head 3"><help:paragraphinfo state="U" number="60"/><help:help-id value="SVX_NUMERICFIELD_RID_SVXDLG_SEARCHSIMILARITY_NF_LONGER"/><a name="longer"/>Add characters</text:p>
  <text:p text:style-name="Paragraph"><help:paragraphinfo state="U" number="61"/><help:help-text value="visible">Enter the maximum number of characters by which a word can exceed the number of characters in the search term.</help:help-text></text:p>
  <text:p text:style-name="Head 3"><help:paragraphinfo state="U" number="62"/><help:help-id value="SVX_NUMERICFIELD_RID_SVXDLG_SEARCHSIMILARITY_NF_SHORTER"/><a name="shorter"/>Remove characters</text:p>
  <text:p text:style-name="Paragraph"><help:paragraphinfo state="U" number="63"/><help:help-text value="visible">Enter the number of characters by which a word can be shorter than the search term.</help:help-text></text:p>
  <text:p text:style-name="Head 3"><help:paragraphinfo state="U" number="64"/><help:help-id value="SVX_CHECKBOX_RID_SVXDLG_SEARCHSIMILARITY_CB_RELAX"/><a name="relaxed"/>Combine</text:p>
  <text:p text:style-name="Paragraph"><help:paragraphinfo state="U" number="65"/><help:help-text value="visible">Searches for a term that matches any combination of the similarity search settings.</help:help-text></text:p>
 </office:body>
</office:document>
