

<office:document  xmlns:office="http://openoffice.org/2000/office" xmlns:style="http://openoffice.org/2000/style" xmlns:text="http://openoffice.org/2000/text" xmlns:table="http://openoffice.org/2000/table" xmlns:draw="http://openoffice.org/2000/drawing" xmlns:fo="http://www.w3.org/1999/XSL/Format" xmlns:xlink="http://www.w3.org/1999/xlink" xmlns:number="http://openoffice.org/2000/datastyle" xmlns:svg="http://www.w3.org/2000/svg" xmlns:chart="http://openoffice.org/2000/chart" xmlns:dr3d="http://openoffice.org/2000/dr3d" xmlns:math="http://www.w3.org/1998/Math/MathML" xmlns:form="http://openoffice.org/2000/form" xmlns:script="http://openoffice.org/2000/script" office:class="text" office:version="1.0" xmlns:dc="http://purl.org/dc/elements/1.1/" xmlns:meta="http://openoffice.org/2000/meta" xmlns:help="http://openoffice.org/2000/help">
<office:meta>
  <dc:description>text/common/01/02100200</dc:description>
  <dc:subject>Attributes</dc:subject>

  <dc:language>en-US</dc:language>
  <meta:user-defined meta:name="Info 0">READY</meta:user-defined>
  <meta:user-defined meta:name="Info 1">FREE_OK</meta:user-defined>
  <meta:user-defined meta:name="Info 2"/>
  <meta:user-defined meta:name="Info 3"/>
</office:meta>
 <office:script/>
 <office:font-decls>
  <style:font-decl style:name="StarSymbol" fo:font-family="StarSymbol" style:font-charset="x-symbol"/>
  <style:font-decl style:name="Courier New" fo:font-family="&apos;Courier New&apos;" style:font-style-name="Standard" style:font-family-generic="modern" style:font-pitch="fixed"/>
  <style:font-decl style:name="Courier" fo:font-family="Courier" style:font-family-generic="roman" style:font-pitch="fixed"/>
  <style:font-decl style:name="Arial Unicode MS" fo:font-family="&apos;Arial Unicode MS&apos;" style:font-pitch="variable"/>
  <style:font-decl style:name="HG Mincho Light J" fo:font-family="&apos;HG Mincho Light J&apos;" style:font-pitch="variable"/>
  <style:font-decl style:name="Times New Roman3" fo:font-family="&apos;Times New Roman&apos;" style:font-pitch="variable"/>
  <style:font-decl style:name="Thorndale" fo:font-family="Thorndale" style:font-family-generic="roman" style:font-pitch="variable"/>
  <style:font-decl style:name="Times New Roman2" fo:font-family="&apos;Times New Roman&apos;" style:font-style-name="Fett" style:font-family-generic="roman" style:font-pitch="variable"/>
  <style:font-decl style:name="Times New Roman" fo:font-family="&apos;Times New Roman&apos;" style:font-style-name="Standard" style:font-family-generic="roman" style:font-pitch="variable"/>
  <style:font-decl style:name="Times New Roman1" fo:font-family="&apos;Times New Roman&apos;" style:font-family-generic="swiss" style:font-pitch="variable"/>
 </office:font-decls>
 <office:automatic-styles>
  <style:style style:name="P1" style:family="paragraph" style:parent-style-name="Paragraph" style:master-page-name="HTML">
   <style:properties style:page-number="0"/>
  </style:style>
  <style:style style:name="T1" style:family="text">
   <style:properties fo:font-weight="bold"/>
  </style:style>
 </office:automatic-styles>
 <office:body>
  <text:variable-decls>
   <text:variable-decl text:value-type="string" text:name="HTML_ON"/>
   <text:variable-decl text:value-type="string" text:name="HTML_OFF"/>
   <text:variable-decl text:value-type="string" text:name="TITEL"/>
   <text:variable-decl text:value-type="string" text:name="END"/>
   <text:variable-decl text:value-type="string" text:name="OS2"/>
   <text:variable-decl text:value-type="string" text:name="ELSE"/>
   <text:variable-decl text:value-type="string" text:name="HREF"/>
   <text:variable-decl text:value-type="string" text:name="MAC"/>
   <text:variable-decl text:value-type="string" text:name="NAME"/>
   <text:variable-decl text:value-type="string" text:name="HelpID"/>
   <text:variable-decl text:value-type="string" text:name="WIN"/>
   <text:variable-decl text:value-type="string" text:name="HFELD"/>
   <text:variable-decl text:value-type="string" text:name="MODIFY"/>
   <text:variable-decl text:value-type="string" text:name="REFNR"/>
   <text:variable-decl text:value-type="string" text:name="KEY"/>
   <text:variable-decl text:value-type="string" text:name="AKTHLP"/>
   <text:variable-decl text:value-type="string" text:name="INDEX"/>
   <text:variable-decl text:value-type="string" text:name="STYLE"/>
   <text:variable-decl text:value-type="string" text:name="PARAINFO"/>
  </text:variable-decls>
  <text:sequence-decls>
   <text:sequence-decl text:display-outline-level="0" text:name="Illustration"/>
   <text:sequence-decl text:display-outline-level="0" text:name="Table"/>
   <text:sequence-decl text:display-outline-level="0" text:name="Text"/>
   <text:sequence-decl text:display-outline-level="0" text:name="Drawing"/>
  </text:sequence-decls>
  <help:paragraphinfo state="E"/><help:switch select="Program"><help:case select="WRITER">
  <text:p text:style-name="Head 1"><help:paragraphinfo state="U" number="1"/><help:help-id value="SVX_PUSHBUTTON_RID_SVXDLG_SEARCH_BTN_ATTRIBUTE"/><help:key-word value="attributes; finding" tag="kw65769_1"/> <help:key-word value="finding; attributes" tag="kw65769_2"/>Attributes</text:p>
  <text:p text:style-name="Paragraph"><help:paragraphinfo state="U" number="2"/><help:to-be-embedded Eid="attributetext"><help:help-text value="visible">Choose the general text attributes that you want to search for. For example, if you search for the <text:span text:style-name="T1">Font</text:span> attribute, only the instances of text that do not use the default font style are found. If you want to find a specific font, click the <help:link Id="65665"><text:span text:style-name="T1">Format</text:span></help:link><text:span text:style-name="T1"> </text:span>button.</help:help-text></help:to-be-embedded></text:p>
  <help:paragraphinfo state="E"/><help:popup Id="65620" Eid="suchenattribute"><help:embedded Id="65598" Eid="wie"></help:embedded></help:popup>
  <text:p text:style-name="Paragraph"><help:paragraphinfo state="U" number="3"/>After you select the attributes that you want to search for, the <text:span text:style-name="T1">Search for Styles</text:span> box in the <text:span text:style-name="T1">Options </text:span>area of the <text:span text:style-name="T1">Find &amp; Replace </text:span>dialog changes to <text:span text:style-name="T1">Including Styles</text:span>.</text:p>
  <text:p text:style-name="Paragraph"><help:paragraphinfo state="U" number="5"/>If you want to search for text in which attributes were set by using direct formatting and styles, select the <text:span text:style-name="T1">Including Styles</text:span> box.</text:p>
  <text:p text:style-name="Paragraph"><help:paragraphinfo state="U" number="4"/>The search criteria for attributes are listed below the <text:span text:style-name="T1">Search for</text:span> box.</text:p>
  <text:p text:style-name="Head 2"><help:paragraphinfo state="U" number="6"/><help:help-id value="HID_SEARCHATTR"/><help:help-id value="HID_SEARCHATTR_CTL_ATTR"/>Options</text:p>
  <text:p text:style-name="Paragraph"><help:paragraphinfo state="U" number="7"/><help:help-text value="visible">Select the attributes that you want to search for.</help:help-text></text:p>
  <text:p text:style-name="Head 3"><help:paragraphinfo state="U" number="56"/>Keep with Next Paragraph</text:p>
  <text:p text:style-name="Paragraph"><help:paragraphinfo state="U" number="57"/>Finds the <text:span text:style-name="T1">Keep With Next Paragraph</text:span> attribute.</text:p>
  <text:p text:style-name="Head 3"><help:paragraphinfo state="U" number="40"/>Split Paragraph</text:p>
  <text:p text:style-name="Paragraph"><help:paragraphinfo state="U" number="41"/>Finds the <text:span text:style-name="T1">Do not split paragraph</text:span> attribute.</text:p>
  <text:p text:style-name="Head 3"><help:paragraphinfo state="U" number="52"/>Spacing</text:p>
  <text:p text:style-name="Paragraph"><help:paragraphinfo state="U" number="53"/>Finds the <text:span text:style-name="T1">Spacing</text:span> (top, bottom) attribute.</text:p>
  <text:p text:style-name="Head 3"><help:paragraphinfo state="U" number="38"/>Alignment</text:p>
  <text:p text:style-name="Paragraph"><help:paragraphinfo state="U" number="39"/>Finds the <text:span text:style-name="T1">Alignment</text:span> (left, right, centered, justified) attribute.</text:p>
  <text:p text:style-name="Head 3"><help:paragraphinfo state="U" number="8"/>Effects</text:p>
  <text:p text:style-name="Paragraph"><help:paragraphinfo state="U" number="9"/>Finds characters that use the <text:span text:style-name="T1">Capital, Lowercase, Small capitals, </text:span><text:s/>and <text:span text:style-name="T1">Title </text:span>character attributes.</text:p>
  <text:p text:style-name="Head 3"><help:paragraphinfo state="U" number="60"/>Blinking</text:p>
  <text:p text:style-name="Paragraph"><help:paragraphinfo state="U" number="61"/>Finds characters use the <text:span text:style-name="T1">Blinking</text:span> attribute.</text:p>
  <text:p text:style-name="Head 3"><help:paragraphinfo state="U" number="14"/>Strikethrough</text:p>
  <text:p text:style-name="Paragraph"><help:paragraphinfo state="U" number="15"/>Finds characters that use the <text:span text:style-name="T1">Strikethrough</text:span> (single or double) attribute.</text:p>
  <text:p text:style-name="Head 3"><help:paragraphinfo state="U" number="50"/>Indent</text:p>
  <text:p text:style-name="Paragraph"><help:paragraphinfo state="U" number="51"/>Finds the <text:span text:style-name="T1">Indent</text:span> (from left, from right, first line) attribute.</text:p>
  <text:p text:style-name="Head 3"><help:paragraphinfo state="U" number="44"/>Widows</text:p>
  <text:p text:style-name="Paragraph"><help:paragraphinfo state="U" number="45"/>Finds the <text:span text:style-name="T1">Widow Control</text:span> attribute.</text:p>
  <text:p text:style-name="Head 3"><help:paragraphinfo state="U" number="22"/>Kerning</text:p>
  <text:p text:style-name="Paragraph"><help:paragraphinfo state="U" number="23"/>Finds <text:span text:style-name="T1">Spacing</text:span> (standard, expanded, condensed) attributes and Pair <help:popup Id="65619" Eid="kerning">Kerning</help:popup>.</text:p>
  <text:p text:style-name="Head 3"><help:paragraphinfo state="U" number="12"/>Outline</text:p>
  <text:p text:style-name="Paragraph"><help:paragraphinfo state="U" number="13"/>Finds the <text:span text:style-name="T1">Outline</text:span> attribute.</text:p>
  <text:p text:style-name="Head 3"><help:paragraphinfo state="U" number="16"/>Position</text:p>
  <text:p text:style-name="Paragraph"><help:paragraphinfo state="U" number="17"/>Finds characters using the <text:span text:style-name="T1">Normal, Superscript</text:span> or <text:span text:style-name="T1">Subscript </text:span>attributes.</text:p>
  <text:p text:style-name="Head 3"><help:paragraphinfo state="U" number="62"/>Register-true</text:p>
  <text:p text:style-name="Paragraph"><help:paragraphinfo state="U" number="63"/>Finds the <text:span text:style-name="T1">Register-true</text:span> attribute.</text:p>
  <text:p text:style-name="Head 3"><help:paragraphinfo state="U" number="64"/>Relief</text:p>
  <text:p text:style-name="Paragraph"><help:paragraphinfo state="U" number="65"/>Finds the <text:span text:style-name="T1">Relief </text:span>attribute.</text:p>
  <text:p text:style-name="Head 3"><help:paragraphinfo state="U" number="66"/>Rotation</text:p>
  <text:p text:style-name="Paragraph"><help:paragraphinfo state="U" number="67"/>Finds the <text:span text:style-name="T1">Rotation</text:span> attribute.</text:p>
  <text:p text:style-name="Head 3"><help:paragraphinfo state="U" number="28"/>Shadowed</text:p>
  <text:p text:style-name="Paragraph"><help:paragraphinfo state="U" number="29"/>Finds the <text:span text:style-name="T1">Shadowed</text:span> attribute.</text:p>
  <text:p text:style-name="Head 3"><help:paragraphinfo state="U" number="18"/>Font</text:p>
  <text:p text:style-name="Paragraph"><help:paragraphinfo state="U" number="19"/>Finds any instance where the default font was changed.</text:p>
  <text:p text:style-name="Head 3"><help:paragraphinfo state="U" number="10"/>Font Color</text:p>
  <text:p text:style-name="Paragraph"><help:paragraphinfo state="U" number="11"/>Finds any instance where the default font color was changed.</text:p>
  <text:p text:style-name="Head 3"><help:paragraphinfo state="U" number="20"/>Font Size</text:p>
  <text:p text:style-name="Paragraph"><help:paragraphinfo state="U" number="21"/>Finds the <text:span text:style-name="T1">Font size/Font height</text:span> attribute.</text:p>
  <text:p text:style-name="Head 3"><help:paragraphinfo state="U" number="32"/>Font Weight</text:p>
  <text:p text:style-name="Paragraph"><help:paragraphinfo state="U" number="33"/>Finds the <text:span text:style-name="T1">Bold</text:span> or the <text:span text:style-name="T1">Bold and Italic</text:span> attribute.</text:p>
  <text:p text:style-name="Head 3"><help:paragraphinfo state="U" number="26"/>Font Posture</text:p>
  <text:p text:style-name="Paragraph"><help:paragraphinfo state="U" number="27"/>Finds the <text:span text:style-name="T1">Italic</text:span> or the <text:span text:style-name="T1">Bold and Italic</text:span> attribute.</text:p>
  <text:p text:style-name="Head 3"><help:paragraphinfo state="U" number="42"/>Orphans</text:p>
  <text:p text:style-name="Paragraph"><help:paragraphinfo state="U" number="43"/>Finds the <help:popup Id="65619" Eid="schuster">Orphan Control</help:popup> attribute.</text:p>
  <text:p text:style-name="Head 3"><help:paragraphinfo state="U" number="54"/>Page Style</text:p>
  <text:p text:style-name="Paragraph"><help:paragraphinfo state="U" number="55"/>Finds the <text:span text:style-name="T1">Break With Page Style</text:span> attribute.</text:p>
  <text:p text:style-name="Head 3"><help:paragraphinfo state="U" number="48"/>Hyphenation</text:p>
  <text:p text:style-name="Paragraph"><help:paragraphinfo state="U" number="49"/>Finds the <text:span text:style-name="T1">Hyphenation</text:span> attribute.</text:p>
  <text:p text:style-name="Head 3"><help:paragraphinfo state="U" number="68"/>Scale</text:p>
  <text:p text:style-name="Paragraph"><help:paragraphinfo state="U" number="69"/>Finds the <text:span text:style-name="T1">Scale </text:span>attribute.</text:p>
  <text:p text:style-name="Head 3"><help:paragraphinfo state="U" number="24"/>Language</text:p>
  <text:p text:style-name="Paragraph"><help:paragraphinfo state="U" number="25"/>Finds the <text:span text:style-name="T1">Language</text:span> attribute (for spelling).</text:p>
  <text:p text:style-name="Head 3"><help:paragraphinfo state="U" number="46"/>Tab Stops</text:p>
  <text:p text:style-name="Paragraph"><help:paragraphinfo state="U" number="47"/>Finds paragraphs that use an additional tab set.</text:p>
  <text:p text:style-name="Head 3"><help:paragraphinfo state="U" number="30"/>Underline</text:p>
  <text:p text:style-name="Paragraph"><help:paragraphinfo state="U" number="31"/>Finds characters that use the <text:span text:style-name="T1">Underlined</text:span> attribute (single, double, or dotted).</text:p>
  <text:p text:style-name="Head 3"><help:paragraphinfo state="U" number="70"/>Vertical text alignment</text:p>
  <text:p text:style-name="Paragraph"><help:paragraphinfo state="U" number="71"/>Finds the <text:span text:style-name="T1">Vertical text alignment </text:span>attribute.</text:p>
  <text:p text:style-name="Head 3"><help:paragraphinfo state="U" number="34"/>Individual Words</text:p>
  <text:p text:style-name="Paragraph"><help:paragraphinfo state="U" number="35"/>Finds individual words that use the underlined or the strikethrough attribute.</text:p>
  <text:p text:style-name="Head 3"><help:paragraphinfo state="U" number="58"/>Character background</text:p>
  <text:p text:style-name="Paragraph"><help:paragraphinfo state="U" number="59"/>Finds characters that use the <text:span text:style-name="T1">Background</text:span> attribute.</text:p>
  <text:p text:style-name="Head 3"><help:paragraphinfo state="U" number="36"/>Line Spacing</text:p>
  <text:p text:style-name="Paragraph"><help:paragraphinfo state="U" number="37"/>Finds the <text:span text:style-name="T1">Line spacing</text:span> (single line, 1.5 lines, double, proportional, at least, lead) attribute.</text:p>
  <help:paragraphinfo state="E"/></help:case></help:switch>
 </office:body>
</office:document>
