

<office:document  xmlns:office="http://openoffice.org/2000/office" xmlns:style="http://openoffice.org/2000/style" xmlns:text="http://openoffice.org/2000/text" xmlns:table="http://openoffice.org/2000/table" xmlns:draw="http://openoffice.org/2000/drawing" xmlns:fo="http://www.w3.org/1999/XSL/Format" xmlns:xlink="http://www.w3.org/1999/xlink" xmlns:number="http://openoffice.org/2000/datastyle" xmlns:svg="http://www.w3.org/2000/svg" xmlns:chart="http://openoffice.org/2000/chart" xmlns:dr3d="http://openoffice.org/2000/dr3d" xmlns:math="http://www.w3.org/1998/Math/MathML" xmlns:form="http://openoffice.org/2000/form" xmlns:script="http://openoffice.org/2000/script" office:class="text" office:version="1.0" xmlns:dc="http://purl.org/dc/elements/1.1/" xmlns:meta="http://openoffice.org/2000/meta" xmlns:help="http://openoffice.org/2000/help">
<office:meta>
  <dc:description>text/common/01/02210101</dc:description>
  <dc:subject>Floating Frame Properties</dc:subject>

  <dc:language>en-US</dc:language>
  <meta:user-defined meta:name="Info 0">READY</meta:user-defined>
  <meta:user-defined meta:name="Info 1">FREE_OK</meta:user-defined>
  <meta:user-defined meta:name="Info 2">HTML_OK</meta:user-defined>
  <meta:user-defined meta:name="Info 3"/>
</office:meta>
 <office:script/>
 <office:font-decls>
  <style:font-decl style:name="StarSymbol" fo:font-family="StarSymbol" style:font-charset="x-symbol"/>
  <style:font-decl style:name="Courier New" fo:font-family="&apos;Courier New&apos;" style:font-style-name="Standard" style:font-family-generic="modern" style:font-pitch="fixed"/>
  <style:font-decl style:name="Courier" fo:font-family="Courier" style:font-family-generic="roman" style:font-pitch="fixed"/>
  <style:font-decl style:name="Arial Unicode MS" fo:font-family="&apos;Arial Unicode MS&apos;" style:font-pitch="variable"/>
  <style:font-decl style:name="HG Mincho Light J" fo:font-family="&apos;HG Mincho Light J&apos;" style:font-pitch="variable"/>
  <style:font-decl style:name="Times New Roman3" fo:font-family="&apos;Times New Roman&apos;" style:font-pitch="variable"/>
  <style:font-decl style:name="Thorndale" fo:font-family="Thorndale" style:font-family-generic="roman" style:font-pitch="variable"/>
  <style:font-decl style:name="Times New Roman2" fo:font-family="&apos;Times New Roman&apos;" style:font-style-name="Fett" style:font-family-generic="roman" style:font-pitch="variable"/>
  <style:font-decl style:name="Times New Roman" fo:font-family="&apos;Times New Roman&apos;" style:font-style-name="Standard" style:font-family-generic="roman" style:font-pitch="variable"/>
  <style:font-decl style:name="Times New Roman1" fo:font-family="&apos;Times New Roman&apos;" style:font-family-generic="swiss" style:font-pitch="variable"/>
 </office:font-decls>
 <office:automatic-styles>
  <style:style style:name="P1" style:family="paragraph" style:parent-style-name="Paragraph" style:master-page-name="HTML">
   <style:properties style:page-number="0"/>
  </style:style>
  <style:style style:name="P2" style:family="paragraph" style:parent-style-name="Paragraph" style:list-style-name="L1"/>
  <style:style style:name="T1" style:family="text">
   <style:properties fo:font-weight="bold"/>
  </style:style>
  <text:list-style style:name="L1">
   <text:list-level-style-bullet text:level="1" text:style-name="Bullet Symbols" style:num-suffix="." text:bullet-char="•">
    <style:properties text:min-label-width="0.499cm" style:font-name="StarSymbol"/>
   </text:list-level-style-bullet>
   <text:list-level-style-bullet text:level="2" text:style-name="Bullet Symbols" style:num-suffix="." text:bullet-char="•">
    <style:properties text:space-before="0.501cm" text:min-label-width="0.499cm" style:font-name="StarSymbol"/>
   </text:list-level-style-bullet>
   <text:list-level-style-bullet text:level="3" text:style-name="Bullet Symbols" style:num-suffix="." text:bullet-char="•">
    <style:properties text:space-before="1cm" text:min-label-width="0.499cm" style:font-name="StarSymbol"/>
   </text:list-level-style-bullet>
   <text:list-level-style-bullet text:level="4" text:style-name="Bullet Symbols" style:num-suffix="." text:bullet-char="•">
    <style:properties text:space-before="1.501cm" text:min-label-width="0.499cm" style:font-name="StarSymbol"/>
   </text:list-level-style-bullet>
   <text:list-level-style-bullet text:level="5" text:style-name="Bullet Symbols" style:num-suffix="." text:bullet-char="•">
    <style:properties text:space-before="2cm" text:min-label-width="0.499cm" style:font-name="StarSymbol"/>
   </text:list-level-style-bullet>
   <text:list-level-style-bullet text:level="6" text:style-name="Bullet Symbols" style:num-suffix="." text:bullet-char="•">
    <style:properties text:space-before="2.501cm" text:min-label-width="0.499cm" style:font-name="StarSymbol"/>
   </text:list-level-style-bullet>
   <text:list-level-style-bullet text:level="7" text:style-name="Bullet Symbols" style:num-suffix="." text:bullet-char="•">
    <style:properties text:space-before="3.001cm" text:min-label-width="0.499cm" style:font-name="StarSymbol"/>
   </text:list-level-style-bullet>
   <text:list-level-style-bullet text:level="8" text:style-name="Bullet Symbols" style:num-suffix="." text:bullet-char="•">
    <style:properties text:space-before="3.502cm" text:min-label-width="0.499cm" style:font-name="StarSymbol"/>
   </text:list-level-style-bullet>
   <text:list-level-style-bullet text:level="9" text:style-name="Bullet Symbols" style:num-suffix="." text:bullet-char="•">
    <style:properties text:space-before="4.001cm" text:min-label-width="0.499cm" style:font-name="StarSymbol"/>
   </text:list-level-style-bullet>
   <text:list-level-style-bullet text:level="10" text:style-name="Bullet Symbols" style:num-suffix="." text:bullet-char="•">
    <style:properties text:space-before="4.502cm" text:min-label-width="0.499cm" style:font-name="StarSymbol"/>
   </text:list-level-style-bullet>
  </text:list-style>
 </office:automatic-styles>
 <office:body>
  <text:variable-decls>
   <text:variable-decl text:value-type="string" text:name="HTML_ON"/>
   <text:variable-decl text:value-type="string" text:name="HTML_OFF"/>
   <text:variable-decl text:value-type="string" text:name="TITEL"/>
   <text:variable-decl text:value-type="string" text:name="END"/>
   <text:variable-decl text:value-type="string" text:name="MAC"/>
   <text:variable-decl text:value-type="string" text:name="ELSE"/>
   <text:variable-decl text:value-type="string" text:name="OS2"/>
   <text:variable-decl text:value-type="string" text:name="HREF"/>
   <text:variable-decl text:value-type="string" text:name="NAME"/>
   <text:variable-decl text:value-type="string" text:name="HelpID"/>
   <text:variable-decl text:value-type="string" text:name="MODIFY"/>
   <text:variable-decl text:value-type="string" text:name="REFNR"/>
   <text:variable-decl text:value-type="string" text:name="AKTHLP"/>
   <text:variable-decl text:value-type="string" text:name="STYLE"/>
   <text:variable-decl text:value-type="string" text:name="PARAINFO"/>
  </text:variable-decls>
  <text:sequence-decls>
   <text:sequence-decl text:display-outline-level="0" text:name="Illustration"/>
   <text:sequence-decl text:display-outline-level="0" text:name="Table"/>
   <text:sequence-decl text:display-outline-level="0" text:name="Text"/>
   <text:sequence-decl text:display-outline-level="0" text:name="Drawing"/>
  </text:sequence-decls>
  <text:p text:style-name="P1"/>
  <text:p text:style-name="Head 1"><help:paragraphinfo state="U" number="1"/><help:help-id value="SFX2_TABPAGE_TP_FRAMEPROPERTIES"/><a name="eigenschaften"/><help:link Id="65728">Floating Frame Properties</help:link></text:p>
  <text:p text:style-name="Paragraph"><help:paragraphinfo state="U" number="2"/><help:help-text value="visible">Changes the properties of the selected floating frame.</help:help-text><a name="ende"/></text:p>
  <help:paragraphinfo state="E"/><help:popup Id="65620" Eid="rahmeneigenschaften"><help:embedded Id="65598" Eid="wie"></help:embedded></help:popup>
  <text:p text:style-name="Head 2"><help:paragraphinfo state="U" number="3"/><help:help-id value="SFX2_EDIT_TP_FRAMEPROPERTIES_ED_FRAMENAME"/>Name</text:p>
  <text:p text:style-name="Paragraph"><help:paragraphinfo state="U" number="4"/><a name="name"/><help:help-text value="visible">Enter a name for the floating frame. The name cannot contain spaces, special characters, or begin with an underscore ( _ ).</help:help-text><a name="ende"/></text:p>
  <text:p text:style-name="Head 2"><help:paragraphinfo state="U" number="5"/><help:help-id value="SFX2_EDIT_TP_FRAMEPROPERTIES_ED_URL"/>Contents</text:p>
  <text:p text:style-name="Paragraph"><help:paragraphinfo state="U" number="6"/><a name="inhalt"/><help:help-text value="visible">Enter the path and the name of the file that you want to display in the floating frame. You can also click the <text:span text:style-name="T1">...</text:span> button and locate the file that you to display.</help:help-text> For example, you can enter:</text:p>
  <text:unordered-list text:style-name="L1">
   <text:list-item>
    <text:p text:style-name="P2"><help:paragraphinfo state="U" number="7"/>http://www.sun.com</text:p>
   </text:list-item>
   <text:list-item>
    <text:p text:style-name="P2"><help:paragraphinfo state="U" number="8"/>file:///c|/Readme.txt <a name="ende"/></text:p>
   </text:list-item>
  </text:unordered-list>
  <text:p text:style-name="Head 2"><help:paragraphinfo state="U" number="10"/><help:help-id value="SFX2_PUSHBUTTON_TP_FRAMEPROPERTIES_BT_FILEOPEN"/>...</text:p>
  <text:p text:style-name="Paragraph"><help:paragraphinfo state="U" number="11"/><help:help-text value="visible">Locate the file that you want to display in the selected floating frame, and then click <text:span text:style-name="T1">Open</text:span>.</help:help-text></text:p>
  <text:p text:style-name="Head 2"><help:paragraphinfo state="U" number="12"/>Scroll Bar</text:p>
  <text:p text:style-name="Paragraph"><help:paragraphinfo state="U" number="13"/>Add or remove a scroll bar from the selected floating frame.</text:p>
  <text:p text:style-name="Head 3"><help:paragraphinfo state="U" number="14"/><help:help-id value="SFX2_RADIOBUTTON_TP_FRAMEPROPERTIES_RB_SCROLLINGON"/>On</text:p>
  <text:p text:style-name="Paragraph"><help:paragraphinfo state="U" number="15"/><help:help-text value="visible">Displays the scroll bar for the floating frame.</help:help-text></text:p>
  <text:p text:style-name="Head 3"><help:paragraphinfo state="U" number="16"/><help:help-id value="SFX2_RADIOBUTTON_TP_FRAMEPROPERTIES_RB_SCROLLINGOFF"/>Off</text:p>
  <text:p text:style-name="Paragraph"><help:paragraphinfo state="U" number="17"/><help:help-text value="visible">Hides the scroll bar for the floating frame.</help:help-text></text:p>
  <text:p text:style-name="Head 3"><help:paragraphinfo state="U" number="18"/><help:help-id value="SFX2_RADIOBUTTON_TP_FRAMEPROPERTIES_RB_SCROLLINGAUTO"/>Automatic</text:p>
  <text:p text:style-name="Paragraph"><help:paragraphinfo state="U" number="19"/><help:help-text value="visible">Mark this option if the currently active floating frame can have a scroll bar when needed.</help:help-text></text:p>
  <text:p text:style-name="Head 2"><help:paragraphinfo state="U" number="20"/>Border</text:p>
  <text:p text:style-name="Paragraph"><help:paragraphinfo state="U" number="21"/>Displays or hides the border of the floating frame.</text:p>
  <text:p text:style-name="Head 3"><help:paragraphinfo state="U" number="22"/><help:help-id value="SFX2_RADIOBUTTON_TP_FRAMEPROPERTIES_RB_FRMBORDER_ON"/>On</text:p>
  <text:p text:style-name="Paragraph"><help:paragraphinfo state="U" number="23"/><help:help-text value="visible">Displays the border of the floating frame.</help:help-text></text:p>
  <text:p text:style-name="Head 3"><help:paragraphinfo state="U" number="24"/><help:help-id value="SFX2_RADIOBUTTON_TP_FRAMEPROPERTIES_RB_FRMBORDER_OFF"/>Off</text:p>
  <text:p text:style-name="Paragraph"><help:paragraphinfo state="U" number="25"/><help:help-text value="visible">Hides the border of the floating frame.</help:help-text></text:p>
  <text:p text:style-name="Head 2"><help:paragraphinfo state="U" number="28"/>Spacing to contents</text:p>
  <text:p text:style-name="Paragraph"><help:paragraphinfo state="U" number="29"/>Define the amount of space that is left between the border of the floating frame and the contents of the floating frame provided that both documents inside and outside the floating frame are HTML documents.</text:p>
  <text:p text:style-name="Head 3"><help:paragraphinfo state="U" number="30"/><help:help-id value="SFX2_NUMERICFIELD_TP_FRAMEPROPERTIES_NM_MARGINWIDTH"/>Width</text:p>
  <text:p text:style-name="Paragraph"><help:paragraphinfo state="U" number="31"/><help:help-text value="visible">Enter the amount of horizontal space that you want to leave between the right and the left edges of the floating frame and the contents of the frame. Both documents inside and outside the floating frame must be HTML documents.</help:help-text></text:p>
  <text:p text:style-name="Head 3"><help:paragraphinfo state="U" number="32"/><help:help-id value="SFX2_NUMERICFIELD_TP_FRAMEPROPERTIES_NM_MARGINHEIGHT"/>Height</text:p>
  <text:p text:style-name="Paragraph"><help:paragraphinfo state="U" number="33"/><help:help-text value="visible">Enter the amount of vertical space that you want to leave between the top and bottom edges of the floating frame and the contents of the frame. Both documents inside and outside the floating frame must be HTML documents.</help:help-text></text:p>
  <text:p text:style-name="Head 3"><help:paragraphinfo state="U" number="34"/><help:help-id value="SFX2_CHECKBOX_TP_FRAMEPROPERTIES_CB_MARGINWIDTHDEFAULT"/><help:help-id value="SFX2_CHECKBOX_TP_FRAMEPROPERTIES_CB_MARGINHEIGHTDEFAULT"/>Default</text:p>
  <text:p text:style-name="Paragraph"><help:paragraphinfo state="U" number="35"/><help:help-text value="visible">Applies the default spacing.</help:help-text></text:p>
 </office:body>
</office:document>
