

<office:document  xmlns:office="http://openoffice.org/2000/office" xmlns:style="http://openoffice.org/2000/style" xmlns:text="http://openoffice.org/2000/text" xmlns:table="http://openoffice.org/2000/table" xmlns:draw="http://openoffice.org/2000/drawing" xmlns:fo="http://www.w3.org/1999/XSL/Format" xmlns:xlink="http://www.w3.org/1999/xlink" xmlns:number="http://openoffice.org/2000/datastyle" xmlns:svg="http://www.w3.org/2000/svg" xmlns:chart="http://openoffice.org/2000/chart" xmlns:dr3d="http://openoffice.org/2000/dr3d" xmlns:math="http://www.w3.org/1998/Math/MathML" xmlns:form="http://openoffice.org/2000/form" xmlns:script="http://openoffice.org/2000/script" office:class="text" office:version="1.0" xmlns:dc="http://purl.org/dc/elements/1.1/" xmlns:meta="http://openoffice.org/2000/meta" xmlns:help="http://openoffice.org/2000/help">
<office:meta>
  <dc:description>text/common/01/05030600</dc:description>
  <dc:subject>Background</dc:subject>

  <dc:language>en-US</dc:language>
  <meta:user-defined meta:name="Info 0">READY</meta:user-defined>
  <meta:user-defined meta:name="Info 1">FREE_OK</meta:user-defined>
  <meta:user-defined meta:name="Info 2"/>
  <meta:user-defined meta:name="Info 3"/>
</office:meta>
 <office:script/>
 <office:font-decls>
  <style:font-decl style:name="StarSymbol" fo:font-family="StarSymbol" style:font-charset="x-symbol"/>
  <style:font-decl style:name="Courier New" fo:font-family="&apos;Courier New&apos;" style:font-style-name="Standard" style:font-family-generic="modern" style:font-pitch="fixed"/>
  <style:font-decl style:name="Courier" fo:font-family="Courier" style:font-family-generic="roman" style:font-pitch="fixed"/>
  <style:font-decl style:name="Arial Unicode MS" fo:font-family="&apos;Arial Unicode MS&apos;" style:font-pitch="variable"/>
  <style:font-decl style:name="HG Mincho Light J" fo:font-family="&apos;HG Mincho Light J&apos;" style:font-pitch="variable"/>
  <style:font-decl style:name="Times New Roman3" fo:font-family="&apos;Times New Roman&apos;" style:font-pitch="variable"/>
  <style:font-decl style:name="Thorndale" fo:font-family="Thorndale" style:font-family-generic="roman" style:font-pitch="variable"/>
  <style:font-decl style:name="Times New Roman2" fo:font-family="&apos;Times New Roman&apos;" style:font-style-name="Fett" style:font-family-generic="roman" style:font-pitch="variable"/>
  <style:font-decl style:name="Times New Roman" fo:font-family="&apos;Times New Roman&apos;" style:font-style-name="Standard" style:font-family-generic="roman" style:font-pitch="variable"/>
  <style:font-decl style:name="Times New Roman1" fo:font-family="&apos;Times New Roman&apos;" style:font-family-generic="swiss" style:font-pitch="variable"/>
 </office:font-decls>
 <office:automatic-styles>
  <style:style style:name="Tabelle1" style:family="table">
   <style:properties style:width="18cm" table:align="margins"/>
  </style:style>
  <style:style style:name="Tabelle1.A" style:family="table-column">
   <style:properties style:column-width="1.499cm" style:rel-column-width="5460*"/>
  </style:style>
  <style:style style:name="Tabelle1.B" style:family="table-column">
   <style:properties style:column-width="16.501cm" style:rel-column-width="60074*"/>
  </style:style>
  <style:style style:name="Tabelle1.A1" style:family="table-cell">
   <style:properties fo:padding="0cm" fo:border="none"/>
  </style:style>
  <style:style style:name="Tabelle2" style:family="table">
   <style:properties style:width="18cm" table:align="margins"/>
  </style:style>
  <style:style style:name="Tabelle2.A" style:family="table-column">
   <style:properties style:column-width="1.499cm" style:rel-column-width="850*"/>
  </style:style>
  <style:style style:name="Tabelle2.B" style:family="table-column">
   <style:properties style:column-width="16.498cm" style:rel-column-width="9352*"/>
  </style:style>
  <style:style style:name="Tabelle2.1" style:family="table-row">
   <style:properties style:min-row-height="0.848cm"/>
  </style:style>
  <style:style style:name="Tabelle2.A1" style:family="table-cell">
   <style:properties fo:padding="0cm" fo:border="none"/>
  </style:style>
  <style:style style:name="P1" style:family="paragraph" style:parent-style-name="Paragraph" style:master-page-name="HTML">
   <style:properties style:page-number="0"/>
  </style:style>
  <style:style style:name="T1" style:family="text">
   <style:properties fo:font-weight="bold"/>
  </style:style>
  <style:style style:name="fr1" style:family="graphics" style:parent-style-name="Graphics">
   <style:properties style:run-through="foreground" style:wrap="run-through" style:vertical-pos="top" style:vertical-rel="paragraph" style:horizontal-pos="left" style:horizontal-rel="paragraph" style:mirror="none" fo:clip="rect(0cm 0cm 0cm 0cm)" draw:luminance="0%" draw:contrast="0%" draw:red="0%" draw:green="0%" draw:blue="0%" draw:gamma="1" draw:color-inversion="false" draw:transparency="-100%" draw:color-mode="standard"/>
  </style:style>
  <style:style style:name="fr2" style:family="graphics" style:parent-style-name="Graphics">
   <style:properties fo:margin-left="0cm" fo:margin-right="0cm" fo:margin-top="0cm" fo:margin-bottom="0cm" style:run-through="foreground" style:wrap="run-through" style:vertical-pos="middle" style:vertical-rel="paragraph" style:horizontal-pos="left" style:horizontal-rel="paragraph" style:mirror="none" fo:clip="rect(0cm 0cm 0cm 0cm)" draw:luminance="0%" draw:contrast="0%" draw:red="0%" draw:green="0%" draw:blue="0%" draw:gamma="1" draw:color-inversion="false" draw:transparency="-100%" draw:color-mode="standard"/>
  </style:style>
 </office:automatic-styles>
 <office:body>
  <text:variable-decls>
   <text:variable-decl text:value-type="string" text:name="HTML_ON"/>
   <text:variable-decl text:value-type="string" text:name="HTML_OFF"/>
   <text:variable-decl text:value-type="string" text:name="TITEL"/>
   <text:variable-decl text:value-type="string" text:name="END"/>
   <text:variable-decl text:value-type="string" text:name="HREF"/>
   <text:variable-decl text:value-type="string" text:name="NAME"/>
   <text:variable-decl text:value-type="string" text:name="OS2"/>
   <text:variable-decl text:value-type="string" text:name="ELSE"/>
   <text:variable-decl text:value-type="string" text:name="HFELD"/>
   <text:variable-decl text:value-type="string" text:name="HelpID"/>
   <text:variable-decl text:value-type="string" text:name="MODIFY"/>
   <text:variable-decl text:value-type="string" text:name="REFNR"/>
   <text:variable-decl text:value-type="string" text:name="WIN"/>
   <text:variable-decl text:value-type="string" text:name="KEY"/>
   <text:variable-decl text:value-type="string" text:name="AKTHLP"/>
   <text:variable-decl text:value-type="string" text:name="INDEX"/>
   <text:variable-decl text:value-type="string" text:name="STYLE"/>
   <text:variable-decl text:value-type="string" text:name="PARAINFO"/>
  </text:variable-decls>
  <text:sequence-decls>
   <text:sequence-decl text:display-outline-level="0" text:name="Illustration"/>
   <text:sequence-decl text:display-outline-level="0" text:name="Table"/>
   <text:sequence-decl text:display-outline-level="0" text:name="Text"/>
   <text:sequence-decl text:display-outline-level="0" text:name="Drawing"/>
  </text:sequence-decls>
  <help:paragraphinfo state="E"/><help:to-be-embedded Eid="hintergrund">
  <text:p text:style-name="Head 1"><help:paragraphinfo state="U" number="1"/><help:help-id value="HID_BACKGROUND"/><help:key-word value="backgrounds; colors" tag="kw65634_1"/><help:key-word value="colors; backgrounds" tag="kw65634_20"/><help:key-word value="backgrounds; graphics" tag="kw65634_19"/><help:key-word value="graphics; background" tag="kw65634_18"/><help:key-word value="backgrounds; pages" tag="kw65634_17"/><help:key-word value="pages; backgrounds" tag="kw65634_16"/><help:key-word value="frames; backgrounds" tag="kw65634_15"/><help:key-word value="backgrounds; frames" tag="kw65634_14"/><help:key-word value="spreadsheets; backgrounds" tag="kw65634_13"/><help:key-word value="backgrounds; spreadsheets" tag="kw65634_12"/><help:key-word value="tables; backgrounds" tag="kw65634_11"/><help:key-word value="backgrounds; tables" tag="kw65634_10"/><help:key-word value="cells; backgrounds" tag="kw65634_9"/><help:key-word value="backgrounds; cells" tag="kw65634_8"/><help:key-word value="sections; backgrounds" tag="kw65634_7"/><help:key-word value="backgrounds; sections" tag="kw65634_6"/><help:key-word value="indexes; backgrounds" tag="kw65634_5"/><help:key-word value="backgrounds; indexes" tag="kw65634_4"/><help:link Id="65634">Background</help:link></text:p>
  <text:p text:style-name="Paragraph"><help:paragraphinfo state="U" number="2"/><help:help-text value="visible">Set the background color or graphic.</help:help-text></text:p>
  <help:paragraphinfo state="E"/></help:to-be-embedded>
  <text:p text:style-name="Paragraph"><help:paragraphinfo state="U" number="34"/>You can specify the background for <help:switch select="Program"><help:case select="WRITER">paragraphs, pages, headers, footers, text frames, tables, table cells, sections, and indexes.</help:case><help:case select="CALC">cells and pages.</help:case></help:switch><help:key-word value="watermarks" tag="kw65634_3"/><help:key-word value="backgrounds; watermark" tag="kw65634_2"/></text:p>
  <help:paragraphinfo state="E"/><help:popup Id="65599" Eid="hintergrund"><help:embedded Id="65598" Eid="wie"></help:embedded></help:popup>
  <text:p text:style-name="Paragraph"><help:paragraphinfo state="S"/><help:embedded Id="68258" Eid="background"></help:embedded></text:p>
  <text:p text:style-name="Head 2"><help:paragraphinfo state="U" number="4"/><help:help-id value="SVX_LISTBOX_RID_SVXPAGE_BACKGROUND_LB_SELECTOR"/>As</text:p>
  <text:p text:style-name="Paragraph"><help:paragraphinfo state="U" number="5"/><help:help-text value="visible">Select the type of background that you want to apply.</help:help-text></text:p>
  <table:table table:name="Tabelle1" table:style-name="Tabelle1">
   <table:table-column table:style-name="Tabelle1.A"/>
   <table:table-column table:style-name="Tabelle1.B"/>
   <table:table-header-rows>
    <table:table-row>
     <table:table-cell table:style-name="Tabelle1.A1" table:value-type="string">
      <text:p text:style-name="Paragraph"><draw:image draw:name="Icon0" svg:desc="Note Icon" svg:pixelx="32" svg:pixely="32" svg:width="0.847cm" svg:height="0.847cm" xlink:href="65980" draw:filter-name=""/></text:p>

     </table:table-cell>
     <table:table-cell table:style-name="Tabelle1.A1" table:value-type="string">
      <text:p text:style-name="Paragraph"><help:paragraphinfo state="U" number="6"/>This option is not available if you opened this dialog by choosing <help:link Id="65658"><text:span text:style-name="T1">Format - Character</text:span></help:link> or <help:switch select="Program"><help:case select="CALC"><help:link Id="66887"><text:span text:style-name="T1">Format - Cell</text:span></help:link></help:case></help:switch><help:switch select="Program"><help:case select="WRITER"><help:link Id="67601"><text:span text:style-name="T1">Format - Object</text:span></help:link></help:case></help:switch></text:p>
     </table:table-cell>
    </table:table-row>
   </table:table-header-rows>
  </table:table>
  <text:p text:style-name="Head 2"><help:paragraphinfo state="U" number="7"/>Using a Color as a Background</text:p>
  <text:p text:style-name="Head 2"><help:paragraphinfo state="U" number="8"/><help:help-id value="HID_BACKGROUND_CTL_BGDCOLORSET"/><a name="farbe"/>Color Background</text:p>
  <text:p text:style-name="Paragraph"><help:paragraphinfo state="U" number="9"/><help:help-text value="visible">Click the color that you want to use as a background. To remove a background color, click <text:span text:style-name="T1">No Fill</text:span>.</help:help-text></text:p>
  <help:paragraphinfo state="E"/><help:embedded Id="65609" Eid="objektleiste"></help:embedded>
  <help:paragraphinfo state="E"/><help:embedded Id="66001" Eid="zeichenhintergrundtext"></help:embedded>
  <help:paragraphinfo state="E"/><help:embedded Id="66001" Eid="syzeichenhintergrund"></help:embedded>
  <help:paragraphinfo state="E"/><help:embedded Id="66030" Eid="syabsatzhintergrund"></help:embedded>
  <text:p text:style-name="Head 2"><help:paragraphinfo state="U" number="37"/><help:help-id value="SVX_METRICFIELD_RID_SVXPAGE_BACKGROUND_MF_COL_TRANS"/><help:switch select="Program"><help:case select="WRITER">Transparency</help:case></help:switch></text:p>
  <text:p text:style-name="Paragraph"><help:paragraphinfo state="U" number="38"/><help:switch select="Program"><help:case select="WRITER"><help:help-text value="visible">Set the transparency for the background color or graphic of a frame, where 100% is completely transparent and 0% is opaque. When you increase the transparency of the background, the underlying text or objects become visible through the background of the frame.</help:help-text></help:case></help:switch></text:p>
  <help:paragraphinfo state="E"/><help:embedded Id="65630" Eid="vorschau"></help:embedded>
  <text:p text:style-name="Head 2"><help:paragraphinfo state="U" number="11"/><help:help-id value="SVX_LISTBOX_RID_SVXPAGE_BACKGROUND_LB_PARA_BOX"/><help:help-id value="SVX_LISTBOX_RID_SVXPAGE_BACKGROUND_LB_TBL_BOX"/><help:switch select="Program"><help:case select="WRITER">For</help:case></help:switch></text:p>
  <text:p text:style-name="Paragraph"><help:paragraphinfo state="U" number="12"/><help:switch select="Program"><help:case select="WRITER"><help:help-text value="visible">Select the area that you want to apply the background color to.</help:help-text> For example, when you define the background color for a table, you can choose to apply it to the table, the active cell, the row, or the column.</help:case></help:switch></text:p>
  <help:paragraphinfo state="E"/><help:switch select="Program"><help:case select="WRITER">
  <table:table table:name="Tabelle2" table:style-name="Tabelle2">
   <table:table-column table:style-name="Tabelle2.A"/>
   <table:table-column table:style-name="Tabelle2.B"/>
   <table:table-header-rows>
    <table:table-row table:style-name="Tabelle2.1">
     <table:table-cell table:style-name="Tabelle2.A1" table:value-type="string">
      <text:p text:style-name="Paragraph"><draw:image draw:name="Icon1" svg:desc="Note Icon" svg:pixelx="32" svg:pixely="32" svg:width="0.847cm" svg:height="0.847cm" xlink:href="65980" draw:filter-name=""/></text:p>

     </table:table-cell>
     <table:table-cell table:style-name="Tabelle2.A1" table:value-type="string">
      <text:p text:style-name="Paragraph"><help:paragraphinfo state="U" number="13"/>This option is only available when you edit the background of a table or a paragraph style.</text:p>
     </table:table-cell>
    </table:table-row>
   </table:table-header-rows>
  </table:table>
  <help:paragraphinfo state="E"/></help:case></help:switch>
  <text:p text:style-name="Head 2"><help:paragraphinfo state="U" number="14"/>Using a Graphic as a Background</text:p>
  <text:p text:style-name="Head 2"><help:paragraphinfo state="U" number="15"/>File</text:p>
  <text:p text:style-name="Paragraph"><help:paragraphinfo state="U" number="16"/>Contains information about the graphic file.</text:p>
  <text:p text:style-name="Head 3"><help:paragraphinfo state="U" number="17"/>Display field</text:p>
  <text:p text:style-name="Paragraph"><help:paragraphinfo state="U" number="18"/>Shows the path for the graphic file.</text:p>
  <text:p text:style-name="Head 3"><help:paragraphinfo state="U" number="19"/><help:help-id value="SVX_CHECKBOX_RID_SVXPAGE_BACKGROUND_BTN_LINK"/>Link</text:p>
  <text:p text:style-name="Paragraph"><help:paragraphinfo state="U" number="20"/><help:help-text value="visible"><help:popup Id="65619" Eid="verknuepfung">Links</help:popup> to or embeds the graphic file in the current file.</help:help-text></text:p>
  <text:p text:style-name="Head 3"><help:paragraphinfo state="U" number="21"/><help:help-id value="SVX_CHECKBOX_RID_SVXPAGE_BACKGROUND_BTN_PREVIEW"/>Preview</text:p>
  <text:p text:style-name="Paragraph"><help:paragraphinfo state="U" number="22"/><help:help-text value="visible">Displays or hides a preview of the selected graphic.</help:help-text></text:p>
  <text:p text:style-name="Head 3"><help:paragraphinfo state="U" number="23"/><help:help-id value="SVX_PUSHBUTTON_RID_SVXPAGE_BACKGROUND_BTN_BROWSE"/>Browse</text:p>
  <text:p text:style-name="Paragraph"><help:paragraphinfo state="U" number="24"/><help:help-text value="visible">Locate the graphic file that you want to use as a background, and then click <text:span text:style-name="T1">Open</text:span>.</help:help-text></text:p>
  <text:p text:style-name="Head 2"><help:paragraphinfo state="U" number="25"/>Type</text:p>
  <text:p text:style-name="Paragraph"><help:paragraphinfo state="U" number="26"/>Specify the way that you want to display the background graphic.</text:p>
  <text:p text:style-name="Head 3"><help:paragraphinfo state="U" number="27"/><help:help-id value="HID_BACKGROUND_CTL_POSITION"/><help:help-id value="SVX_RADIOBUTTON_RID_SVXPAGE_BACKGROUND_BTN_POSITION"/>Position</text:p>
  <text:p text:style-name="Paragraph"><help:paragraphinfo state="U" number="28"/><help:help-text value="visible">Select this option, and then click a location in the position grid.</help:help-text></text:p>
  <text:p text:style-name="Head 3"><help:paragraphinfo state="U" number="29"/><help:help-id value="SVX_RADIOBUTTON_RID_SVXPAGE_BACKGROUND_BTN_AREA"/>Area</text:p>
  <text:p text:style-name="Paragraph"><help:paragraphinfo state="U" number="30"/><help:help-text value="visible">Stretches the graphic to fill the entire background of the selected object.</help:help-text></text:p>
  <text:p text:style-name="Head 3"><help:paragraphinfo state="U" number="32"/><help:help-id value="SVX_RADIOBUTTON_RID_SVXPAGE_BACKGROUND_BTN_TILE"/>Tile</text:p>
  <text:p text:style-name="Paragraph"><help:paragraphinfo state="U" number="33"/><help:help-text value="visible">Repeats the graphic so that it covers the entire background of the selected object.</help:help-text></text:p>
  <help:paragraphinfo state="E"/><help:embedded Id="65630" Eid="vorschau"></help:embedded>
  <help:paragraphinfo state="E"/><a name="end"/>
  <text:p text:style-name="Paragraph"><help:paragraphinfo state="U" number="35"/><help:help-id value="HID_POPUP_COLOR_CTRL"/><help:help-text value="hide">Click the color that you want to use as a background. To remove a background color, click <text:span text:style-name="T1">No Fill</text:span>.</help:help-text></text:p>
 </office:body>
</office:document>
