

<office:document  xmlns:office="http://openoffice.org/2000/office" xmlns:style="http://openoffice.org/2000/style" xmlns:text="http://openoffice.org/2000/text" xmlns:table="http://openoffice.org/2000/table" xmlns:draw="http://openoffice.org/2000/drawing" xmlns:fo="http://www.w3.org/1999/XSL/Format" xmlns:xlink="http://www.w3.org/1999/xlink" xmlns:number="http://openoffice.org/2000/datastyle" xmlns:svg="http://www.w3.org/2000/svg" xmlns:chart="http://openoffice.org/2000/chart" xmlns:dr3d="http://openoffice.org/2000/dr3d" xmlns:math="http://www.w3.org/1998/Math/MathML" xmlns:form="http://openoffice.org/2000/form" xmlns:script="http://openoffice.org/2000/script" office:class="text" office:version="1.0" xmlns:dc="http://purl.org/dc/elements/1.1/" xmlns:meta="http://openoffice.org/2000/meta" xmlns:help="http://openoffice.org/2000/help">
<office:meta>
  <dc:description>text/common/01/05210300</dc:description>
  <dc:subject>Gradients</dc:subject>

  <dc:language>en-US</dc:language>
  <meta:user-defined meta:name="Info 0">READY</meta:user-defined>
  <meta:user-defined meta:name="Info 1">FREE_OK</meta:user-defined>
  <meta:user-defined meta:name="Info 2"/>
  <meta:user-defined meta:name="Info 3"/>
</office:meta>
 <office:script/>
 <office:font-decls>
  <style:font-decl style:name="StarSymbol" fo:font-family="StarSymbol" style:font-charset="x-symbol"/>
  <style:font-decl style:name="Courier New" fo:font-family="&apos;Courier New&apos;" style:font-style-name="Standard" style:font-family-generic="modern" style:font-pitch="fixed"/>
  <style:font-decl style:name="Courier" fo:font-family="Courier" style:font-family-generic="roman" style:font-pitch="fixed"/>
  <style:font-decl style:name="Arial Unicode MS" fo:font-family="&apos;Arial Unicode MS&apos;" style:font-pitch="variable"/>
  <style:font-decl style:name="HG Mincho Light J" fo:font-family="&apos;HG Mincho Light J&apos;" style:font-pitch="variable"/>
  <style:font-decl style:name="Times New Roman3" fo:font-family="&apos;Times New Roman&apos;" style:font-pitch="variable"/>
  <style:font-decl style:name="Thorndale" fo:font-family="Thorndale" style:font-family-generic="roman" style:font-pitch="variable"/>
  <style:font-decl style:name="Times New Roman2" fo:font-family="&apos;Times New Roman&apos;" style:font-style-name="Fett" style:font-family-generic="roman" style:font-pitch="variable"/>
  <style:font-decl style:name="Times New Roman" fo:font-family="&apos;Times New Roman&apos;" style:font-style-name="Standard" style:font-family-generic="roman" style:font-pitch="variable"/>
  <style:font-decl style:name="Times New Roman1" fo:font-family="&apos;Times New Roman&apos;" style:font-family-generic="swiss" style:font-pitch="variable"/>
 </office:font-decls>
 <office:automatic-styles>
  <style:style style:name="P1" style:family="paragraph" style:parent-style-name="Paragraph" style:master-page-name="HTML">
   <style:properties style:page-number="0"/>
  </style:style>
  <style:style style:name="T1" style:family="text">
   <style:properties fo:font-weight="bold"/>
  </style:style>
 </office:automatic-styles>
 <office:body>
  <text:variable-decls>
   <text:variable-decl text:value-type="string" text:name="HTML_ON"/>
   <text:variable-decl text:value-type="string" text:name="HTML_OFF"/>
   <text:variable-decl text:value-type="string" text:name="TITEL"/>
   <text:variable-decl text:value-type="string" text:name="END"/>
   <text:variable-decl text:value-type="string" text:name="HREF"/>
   <text:variable-decl text:value-type="string" text:name="OS2"/>
   <text:variable-decl text:value-type="string" text:name="ELSE"/>
   <text:variable-decl text:value-type="string" text:name="MAC"/>
   <text:variable-decl text:value-type="string" text:name="NAME"/>
   <text:variable-decl text:value-type="string" text:name="HelpID"/>
   <text:variable-decl text:value-type="string" text:name="MODIFY"/>
   <text:variable-decl text:value-type="string" text:name="REFNR"/>
   <text:variable-decl text:value-type="string" text:name="KEY"/>
   <text:variable-decl text:value-type="string" text:name="AKTHLP"/>
   <text:variable-decl text:value-type="string" text:name="INDEX"/>
   <text:variable-decl text:value-type="string" text:name="STYLE"/>
   <text:variable-decl text:value-type="string" text:name="PARAINFO"/>
  </text:variable-decls>
  <text:sequence-decls>
   <text:sequence-decl text:display-outline-level="0" text:name="Illustration"/>
   <text:sequence-decl text:display-outline-level="0" text:name="Table"/>
   <text:sequence-decl text:display-outline-level="0" text:name="Text"/>
   <text:sequence-decl text:display-outline-level="0" text:name="Drawing"/>
  </text:sequence-decls>
  <help:paragraphinfo state="E"/><help:to-be-embedded Eid="farbverlaeufe">
  <text:p text:style-name="Head 1"><help:paragraphinfo state="U" number="1"/><help:help-id value="HID_AREA_GRADIENT"/><help:key-word value="areas; gradients" tag="kw65782_1"/><help:key-word value="gradients; areas" tag="kw65782_2"/><help:link Id="65782">Gradients</help:link></text:p>
  <text:p text:style-name="Paragraph"><help:paragraphinfo state="U" number="2"/><help:help-text value="visible">Set the properties of a gradient, or save and load gradient lists.</help:help-text></text:p>
  <help:paragraphinfo state="E"/></help:to-be-embedded>
  <help:paragraphinfo state="E"/><help:popup Id="65593" Eid="verlauf"><help:embedded Id="65598" Eid="wie"></help:embedded></help:popup>
  <text:p text:style-name="Head 3"><help:paragraphinfo state="U" number="3"/><help:help-id value="SVX_LISTBOX_RID_SVXPAGE_GRADIENT_LB_GRADIENT_TYPES"/>Type</text:p>
  <text:p text:style-name="Paragraph"><help:paragraphinfo state="U" number="4"/><help:help-text value="visible">Lists the available gradients. Click the gradient that you want to apply, and then click <text:span text:style-name="T1">OK</text:span>.</help:help-text></text:p>
  <text:p text:style-name="Head 3"><help:paragraphinfo state="U" number="5"/><help:help-id value="SVX_METRICFIELD_RID_SVXPAGE_GRADIENT_MTR_CENTER_X"/>Center X</text:p>
  <text:p text:style-name="Paragraph"><help:paragraphinfo state="U" number="6"/><help:help-text value="visible">Enter the horizontal offset for the gradient, where 0% corresponds to the current horizontal location of the endpoint color in the gradient. The endpoint color is the color that is selected in the <text:span text:style-name="T1">To</text:span> box.</help:help-text></text:p>
  <text:p text:style-name="Head 3"><help:paragraphinfo state="U" number="7"/><help:help-id value="SVX_METRICFIELD_RID_SVXPAGE_GRADIENT_MTR_CENTER_Y"/>Center Y</text:p>
  <text:p text:style-name="Paragraph"><help:paragraphinfo state="U" number="8"/><help:help-text value="visible">Enter the vertical offset for the gradient, where 0% corresponds to the current vertical location of the endpoint color in the gradient. The endpoint color is the color that is selected in the <text:span text:style-name="T1">To</text:span> box.</help:help-text></text:p>
  <text:p text:style-name="Head 3"><help:paragraphinfo state="U" number="9"/><help:help-id value="SVX_METRICFIELD_RID_SVXPAGE_GRADIENT_MTR_ANGLE"/>Angle</text:p>
  <text:p text:style-name="Paragraph"><help:paragraphinfo state="U" number="10"/><help:help-text value="visible">Enter a rotation angle for the selected gradient.</help:help-text></text:p>
  <text:p text:style-name="Head 3"><help:paragraphinfo state="U" number="11"/><help:help-id value="SVX_METRICFIELD_RID_SVXPAGE_GRADIENT_MTR_BORDER"/>Border</text:p>
  <text:p text:style-name="Paragraph"><help:paragraphinfo state="U" number="12"/><help:help-text value="visible">Enter the amount by which you want to adjust the area of the endpoint color on the gradient. The endpoint color is the color that is selected in the <text:span text:style-name="T1">To</text:span> box.</help:help-text></text:p>
  <text:p text:style-name="Head 3"><help:paragraphinfo state="U" number="35"/>From</text:p>
  <text:p text:style-name="Paragraph"><help:paragraphinfo state="U" number="23"/><help:help-id value="SVX_LISTBOX_RID_SVXPAGE_GRADIENT_LB_COLOR_FROM"/><help:help-text value="visible">Select a color for the beginning point of the gradient.</help:help-text></text:p>
  <text:p text:style-name="Paragraph"><help:paragraphinfo state="U" number="25"/><help:help-id value="SVX_METRICFIELD_RID_SVXPAGE_GRADIENT_MTR_COLOR_FROM"/><help:help-text value="visible">Enter the intensity for the color in the <text:span text:style-name="T1">From </text:span>box, where 0% corresponds to black, and 100 % to the selected color.</help:help-text></text:p>
  <text:p text:style-name="Head 3"><help:paragraphinfo state="U" number="36"/>To</text:p>
  <text:p text:style-name="Paragraph"><help:paragraphinfo state="U" number="27"/><help:help-id value="SVX_LISTBOX_RID_SVXPAGE_GRADIENT_LB_COLOR_TO"/><help:help-text value="visible">Select a color for the endpoint of the gradient.</help:help-text></text:p>
  <text:p text:style-name="Paragraph"><help:paragraphinfo state="U" number="29"/><help:help-id value="SVX_METRICFIELD_RID_SVXPAGE_GRADIENT_MTR_COLOR_TO"/><help:help-text value="visible">Enter the intensity for the color in the <text:span text:style-name="T1">To </text:span>box, where 0% corresponds to black, and 100 % to the selected color.</help:help-text></text:p>
  <text:p text:style-name="Head 3"><help:paragraphinfo state="U" number="15"/><help:help-id value="SVX_LISTBOX_RID_SVXPAGE_GRADIENT_LB_GRADIENTS"/>Gradients</text:p>
  <text:p text:style-name="Paragraph"><help:paragraphinfo state="U" number="16"/><help:help-text value="visible">Select the type of gradient that you want to apply or create.</help:help-text></text:p>
  <text:p text:style-name="Head 3"><help:paragraphinfo state="U" number="17"/><help:help-id value="SVX_PUSHBUTTON_RID_SVXPAGE_GRADIENT_BTN_ADD"/>Add</text:p>
  <text:p text:style-name="Paragraph"><help:paragraphinfo state="U" number="18"/><help:help-text value="visible">Adds a custom gradient to the current list. Specify the properties of your gradient, and then click this button</help:help-text></text:p>
  <text:p text:style-name="Head 3"><help:paragraphinfo state="U" number="19"/><help:help-id value="SVX_PUSHBUTTON_RID_SVXPAGE_GRADIENT_BTN_MODIFY"/>Modify</text:p>
  <text:p text:style-name="Paragraph"><help:paragraphinfo state="U" number="20"/><help:help-text value="visible">Applies the current gradient properties to the selected gradient. If you want, you can save the gradient under a different name.</help:help-text></text:p>
  <help:paragraphinfo state="E"/><help:help-id value="SVX_PUSHBUTTON_RID_SVXPAGE_GRADIENT_BTN_DELETE"/><help:embedded Id="65630" Eid="loeschen"></help:embedded>
  <help:paragraphinfo state="E"/><help:embedded Id="65630" Eid="vorschau"></help:embedded>
  <text:p text:style-name="Head 2"><help:paragraphinfo state="U" number="31"/><help:help-id value="SVX_IMAGEBUTTON_RID_SVXPAGE_GRADIENT_BTN_LOAD"/>Load Gradients List</text:p>
  <text:p text:style-name="Paragraph"><help:paragraphinfo state="U" number="32"/><help:help-text value="visible">Load a different list of gradients.</help:help-text></text:p>
  <text:p text:style-name="Head 2"><help:paragraphinfo state="U" number="33"/><help:help-id value="SVX_IMAGEBUTTON_RID_SVXPAGE_GRADIENT_BTN_SAVE"/>Save Gradients List</text:p>
  <text:p text:style-name="Paragraph"><help:paragraphinfo state="U" number="34"/><help:help-text value="visible">Saves the current list of gradients, so that you can load it later.</help:help-text></text:p>
 </office:body>
</office:document>
