

<office:document  xmlns:office="http://openoffice.org/2000/office" xmlns:style="http://openoffice.org/2000/style" xmlns:text="http://openoffice.org/2000/text" xmlns:table="http://openoffice.org/2000/table" xmlns:draw="http://openoffice.org/2000/drawing" xmlns:fo="http://www.w3.org/1999/XSL/Format" xmlns:xlink="http://www.w3.org/1999/xlink" xmlns:number="http://openoffice.org/2000/datastyle" xmlns:svg="http://www.w3.org/2000/svg" xmlns:chart="http://openoffice.org/2000/chart" xmlns:dr3d="http://openoffice.org/2000/dr3d" xmlns:math="http://www.w3.org/1998/Math/MathML" xmlns:form="http://openoffice.org/2000/form" xmlns:script="http://openoffice.org/2000/script" office:class="text" office:version="1.0" xmlns:dc="http://purl.org/dc/elements/1.1/" xmlns:meta="http://openoffice.org/2000/meta" xmlns:help="http://openoffice.org/2000/help">
<office:meta>
  <dc:description>text/common/01/06040300</dc:description>
  <dc:subject>Exceptions</dc:subject>
  <meta:keywords>
   <meta:keyword>$Version</meta:keyword>
  </meta:keywords>
  <dc:language>en-US</dc:language>
  <meta:user-defined meta:name="Info 0">READY</meta:user-defined>
  <meta:user-defined meta:name="Info 1">FREE_OK</meta:user-defined>
  <meta:user-defined meta:name="Info 2"/>
  <meta:user-defined meta:name="Info 3"/>
</office:meta>
 <office:script/>
 <office:font-decls>
  <style:font-decl style:name="StarSymbol" fo:font-family="StarSymbol" style:font-charset="x-symbol"/>
  <style:font-decl style:name="Courier New" fo:font-family="&apos;Courier New&apos;" style:font-style-name="Standard" style:font-family-generic="modern" style:font-pitch="fixed"/>
  <style:font-decl style:name="Courier" fo:font-family="Courier" style:font-family-generic="roman" style:font-pitch="fixed"/>
  <style:font-decl style:name="Arial Unicode MS" fo:font-family="&apos;Arial Unicode MS&apos;" style:font-pitch="variable"/>
  <style:font-decl style:name="HG Mincho Light J" fo:font-family="&apos;HG Mincho Light J&apos;" style:font-pitch="variable"/>
  <style:font-decl style:name="Times New Roman3" fo:font-family="&apos;Times New Roman&apos;" style:font-pitch="variable"/>
  <style:font-decl style:name="Thorndale" fo:font-family="Thorndale" style:font-family-generic="roman" style:font-pitch="variable"/>
  <style:font-decl style:name="Times New Roman2" fo:font-family="&apos;Times New Roman&apos;" style:font-style-name="Fett" style:font-family-generic="roman" style:font-pitch="variable"/>
  <style:font-decl style:name="Times New Roman" fo:font-family="&apos;Times New Roman&apos;" style:font-style-name="Standard" style:font-family-generic="roman" style:font-pitch="variable"/>
  <style:font-decl style:name="Times New Roman1" fo:font-family="&apos;Times New Roman&apos;" style:font-family-generic="swiss" style:font-pitch="variable"/>
 </office:font-decls>
 <office:automatic-styles>
  <style:style style:name="Tabelle6" style:family="table">
   <style:properties style:width="18cm" table:align="margins"/>
  </style:style>
  <style:style style:name="Tabelle6.A" style:family="table-column">
   <style:properties style:column-width="1.499cm" style:rel-column-width="850*"/>
  </style:style>
  <style:style style:name="Tabelle6.B" style:family="table-column">
   <style:properties style:column-width="16.498cm" style:rel-column-width="9352*"/>
  </style:style>
  <style:style style:name="Tabelle6.1" style:family="table-row">
   <style:properties style:min-row-height="0.848cm"/>
  </style:style>
  <style:style style:name="Tabelle6.A1" style:family="table-cell">
   <style:properties fo:padding="0cm" fo:border="none"/>
  </style:style>
  <style:style style:name="P1" style:family="paragraph" style:parent-style-name="Paragraph" style:master-page-name="HTML">
   <style:properties style:page-number="0"/>
  </style:style>
  <style:style style:name="T1" style:family="text">
   <style:properties fo:font-weight="bold"/>
  </style:style>
  <style:style style:name="fr1" style:family="graphics" style:parent-style-name="Graphics">
   <style:properties fo:margin-left="0cm" fo:margin-right="0cm" fo:margin-top="0cm" fo:margin-bottom="0cm" style:run-through="foreground" style:wrap="run-through" style:vertical-pos="middle" style:vertical-rel="paragraph" style:horizontal-pos="left" style:horizontal-rel="paragraph" style:mirror="none" fo:clip="rect(0cm 0cm 0cm 0cm)" draw:luminance="0%" draw:contrast="0%" draw:red="0%" draw:green="0%" draw:blue="0%" draw:gamma="1" draw:color-inversion="false" draw:transparency="-100%" draw:color-mode="standard"/>
  </style:style>
 </office:automatic-styles>
 <office:body>
  <text:variable-decls>
   <text:variable-decl text:value-type="string" text:name="HTML_ON"/>
   <text:variable-decl text:value-type="string" text:name="HTML_OFF"/>
   <text:variable-decl text:value-type="string" text:name="HREF"/>
   <text:variable-decl text:value-type="string" text:name="END"/>
   <text:variable-decl text:value-type="string" text:name="TITEL"/>
   <text:variable-decl text:value-type="string" text:name="NAME"/>
   <text:variable-decl text:value-type="string" text:name="HelpID"/>
   <text:variable-decl text:value-type="string" text:name="MODIFY"/>
   <text:variable-decl text:value-type="string" text:name="REFNR"/>
   <text:variable-decl text:value-type="string" text:name="AKTHLP"/>
   <text:variable-decl text:value-type="string" text:name="MAC"/>
   <text:variable-decl text:value-type="string" text:name="ELSE"/>
   <text:variable-decl text:value-type="string" text:name="INDEX"/>
   <text:variable-decl text:value-type="string" text:name="STYLE"/>
   <text:variable-decl text:value-type="string" text:name="PARAINFO"/>
  </text:variable-decls>
  <text:sequence-decls>
   <text:sequence-decl text:display-outline-level="0" text:name="Illustration"/>
   <text:sequence-decl text:display-outline-level="0" text:name="Table"/>
   <text:sequence-decl text:display-outline-level="0" text:name="Text"/>
   <text:sequence-decl text:display-outline-level="0" text:name="Drawing"/>
  </text:sequence-decls>
  <help:paragraphinfo state="E"/><help:to-be-embedded Eid="ausnahmen">
  <text:p text:style-name="Head 1"><help:paragraphinfo state="U" number="1"/><help:help-id value="HID_OFAPAGE_AUTOCORR_EXCEPT"/><help:key-word value="AutoCorrect; exceptions" tag="kw65749_1"/><help:key-word value="exceptions; AutoCorrect" tag="kw65749_2"/><help:link Id="65749">Exceptions</help:link></text:p>
  <text:p text:style-name="Paragraph"><help:paragraphinfo state="U" number="2"/><help:help-text value="visible">Specify the abbreviations or letter combinations that you do not want <help:productname>%PRODUCTNAME</help:productname> to correct automatically.</help:help-text></text:p>
  <help:paragraphinfo state="E"/></help:to-be-embedded>
  <text:p text:style-name="Paragraph"><help:paragraphinfo state="U" number="17"/>The exceptions that you define depend on the current language setting. If you want, you can change the language setting by selecting a different language in the <text:span text:style-name="T1">Replacements and exceptions for language</text:span> box.</text:p>
  <help:paragraphinfo state="E"/><help:popup Id="65589" Eid="autokoausnahmen"><help:embedded Id="65598" Eid="wie"></help:embedded></help:popup>
  <help:paragraphinfo state="E"/><help:to-be-embedded Eid="sprache">
  <text:p text:style-name="Head 2"><help:paragraphinfo state="U" number="15"/><help:help-id value="HID_AUTOCORR_LANGUAGE"/>Replacements and exceptions for language:</text:p>
  <text:p text:style-name="Paragraph"><help:paragraphinfo state="U" number="16"/><help:help-text value="visible">Select the language for which you want to create or edit the replacement rules.</help:help-text> <help:productname>%PRODUCTNAME</help:productname> first searches for exceptions that are defined for the language at the current cursor position in the document, and then searches the remaining languages.</text:p>
  <help:paragraphinfo state="E"/></help:to-be-embedded>
  <table:table table:name="Tabelle6" table:style-name="Tabelle6">
   <table:table-column table:style-name="Tabelle6.A"/>
   <table:table-column table:style-name="Tabelle6.B"/>
   <table:table-header-rows>
    <table:table-row table:style-name="Tabelle6.1">
     <table:table-cell table:style-name="Tabelle6.A1" table:value-type="string">
      <text:p text:style-name="Paragraph"><draw:image draw:name="Icon0" svg:desc="This icon marks text containing additional information." svg:pixelx="32" svg:pixely="32" svg:width="0.847cm" svg:height="0.847cm" xlink:href="65980" draw:filter-name=""/></text:p>

     </table:table-cell>
     <table:table-cell table:style-name="Tabelle6.A1" table:value-type="string">
      <help:paragraphinfo state="E"/><help:embedded Id="66242" Eid="mehrpfad"></help:embedded>
     </table:table-cell>
    </table:table-row>
   </table:table-header-rows>
  </table:table>
  <text:p text:style-name="Head 2"><help:paragraphinfo state="U" number="3"/><help:help-id value="OFFMGR_EDIT_RID_OFAPAGE_AUTOCORR_EXCEPT_ED_ABBREV"/>Abbreviations (no subsequent capital)</text:p>
  <text:p text:style-name="Paragraph"><help:paragraphinfo state="U" number="4"/><help:help-text value="visible">Type an abbreviation followed by a period, and then click <text:span text:style-name="T1">New</text:span>. This prevents <help:productname>%PRODUCTNAME</help:productname> from automatically capitalizing the first letter of the word that comes after the period at the end of the abbreviation.</help:help-text></text:p>
  <text:p text:style-name="Paragraph"><help:paragraphinfo state="U" number="13"/><help:help-id value="OFFMGR_LISTBOX_RID_OFAPAGE_AUTOCORR_EXCEPT_LB_ABBREV"/><help:help-text value="visible">Lists the abbreviations that are not automatically corrected.</help:help-text> To remove an item from the list, select the item, and then click <text:span text:style-name="T1">Delete</text:span>.</text:p>
  <text:p text:style-name="Head 2"><help:paragraphinfo state="U" number="6"/><help:help-id value="OFFMGR_EDIT_RID_OFAPAGE_AUTOCORR_EXCEPT_ED_DOUBLE_CAPS"/>Words with TWo INitial CApitals</text:p>
  <text:p text:style-name="Paragraph"><help:paragraphinfo state="U" number="7"/><help:help-text value="visible">Type the word or abbreviation that starts with two capital letters that you do not want <help:productname>%PRODUCTNAME</help:productname> to change to one initial capital. For example, enter PC to prevent <help:productname>%PRODUCTNAME</help:productname> from changing PC to Pc.</help:help-text></text:p>
  <text:p text:style-name="Paragraph"><help:paragraphinfo state="U" number="14"/><help:help-id value="OFFMGR_LISTBOX_RID_OFAPAGE_AUTOCORR_EXCEPT_LB_DOUBLE_CAPS"/><help:help-text value="visible">Lists the words or abbreviations that start with two initial capitals that are not automatically corrected. All words which start with two capital letters are listed in the field.</help:help-text> To remove an item from the list, select the item, and then click <text:span text:style-name="T1">Delete</text:span>.</text:p>
  <text:p text:style-name="Head 3"><help:paragraphinfo state="U" number="8"/><help:help-id value="OFFMGR_PUSHBUTTON_RID_OFAPAGE_AUTOCORR_EXCEPT_PB_NEWABBREV"/><help:help-id value="OFFMGR_PUSHBUTTON_RID_OFAPAGE_AUTOCORR_EXCEPT_PB_NEWDOUBLECAPS"/>New</text:p>
  <text:p text:style-name="Paragraph"><help:paragraphinfo state="U" number="9"/><help:help-text value="visible">Adds the current entry to the list of exceptions.</help:help-text></text:p>
  <help:paragraphinfo state="E"/><help:help-id value="OFFMGR_PUSHBUTTON_RID_OFAPAGE_AUTOCORR_EXCEPT_PB_DELABBREV"/><help:help-id value="OFFMGR_PUSHBUTTON_RID_OFAPAGE_AUTOCORR_EXCEPT_PB_DELDOUBLECAPS"/><help:embedded Id="65630" Eid="loeschen1"></help:embedded>
  <text:p text:style-name="Head 3"><help:paragraphinfo state="U" number="10"/><help:help-id value="OFFMGR_CHECKBOX_RID_OFAPAGE_AUTOCORR_EXCEPT_CB_AUTOABBREV"/><help:help-id value="OFFMGR_CHECKBOX_RID_OFAPAGE_AUTOCORR_EXCEPT_CB_AUTOCAPS"/>AutoInclude</text:p>
  <text:p text:style-name="Paragraph"><help:paragraphinfo state="U" number="11"/><help:help-text value="visible">Automatically adds abbreviations or words that start with two capital letters to the corresponding list of exceptions. This feature only works if the <text:span text:style-name="T1">Correct TWo INitial CApitals</text:span> option or the Capitalize<text:span text:style-name="T1"> first letter of every sentence</text:span> option are selected in the <text:span text:style-name="T1">[T]</text:span> column on<text:span text:style-name="T1"> </text:span><help:link Id="65826"><text:span text:style-name="T1">Options</text:span></help:link> tab of this dialog. </help:help-text></text:p>
 </office:body>
</office:document>
