

<office:document  xmlns:office="http://openoffice.org/2000/office" xmlns:style="http://openoffice.org/2000/style" xmlns:text="http://openoffice.org/2000/text" xmlns:table="http://openoffice.org/2000/table" xmlns:draw="http://openoffice.org/2000/drawing" xmlns:fo="http://www.w3.org/1999/XSL/Format" xmlns:xlink="http://www.w3.org/1999/xlink" xmlns:number="http://openoffice.org/2000/datastyle" xmlns:svg="http://www.w3.org/2000/svg" xmlns:chart="http://openoffice.org/2000/chart" xmlns:dr3d="http://openoffice.org/2000/dr3d" xmlns:math="http://www.w3.org/1998/Math/MathML" xmlns:form="http://openoffice.org/2000/form" xmlns:script="http://openoffice.org/2000/script" office:class="text" office:version="1.0" xmlns:dc="http://purl.org/dc/elements/1.1/" xmlns:meta="http://openoffice.org/2000/meta" xmlns:help="http://openoffice.org/2000/help">
<office:meta>
  <dc:description>text/common/02/01170001</dc:description>
  <dc:subject>Ett kontrollfälts snabbmeny</dc:subject>

  <dc:language>sv-SE</dc:language>
  <meta:user-defined meta:name="Info 0">READY</meta:user-defined>
  <meta:user-defined meta:name="Info 1">FREE_OK</meta:user-defined>
  <meta:user-defined meta:name="Info 2">HTML_OK</meta:user-defined>
  <meta:user-defined meta:name="Info 3"/>
</office:meta>
 <office:script/>
 <office:font-decls>
  <style:font-decl style:name="StarSymbol" fo:font-family="StarSymbol" style:font-charset="x-symbol"/>
  <style:font-decl style:name="Courier New" fo:font-family="&apos;Courier New&apos;" style:font-style-name="Standard" style:font-family-generic="modern" style:font-pitch="fixed"/>
  <style:font-decl style:name="Courier" fo:font-family="Courier" style:font-family-generic="roman" style:font-pitch="fixed"/>
  <style:font-decl style:name="Arial Unicode MS" fo:font-family="&apos;Arial Unicode MS&apos;" style:font-pitch="variable"/>
  <style:font-decl style:name="HG Mincho Light J" fo:font-family="&apos;HG Mincho Light J&apos;" style:font-pitch="variable"/>
  <style:font-decl style:name="Times New Roman3" fo:font-family="&apos;Times New Roman&apos;" style:font-pitch="variable"/>
  <style:font-decl style:name="Thorndale" fo:font-family="Thorndale" style:font-family-generic="roman" style:font-pitch="variable"/>
  <style:font-decl style:name="Times New Roman2" fo:font-family="&apos;Times New Roman&apos;" style:font-style-name="Fett" style:font-family-generic="roman" style:font-pitch="variable"/>
  <style:font-decl style:name="Times New Roman" fo:font-family="&apos;Times New Roman&apos;" style:font-style-name="Standard" style:font-family-generic="roman" style:font-pitch="variable"/>
  <style:font-decl style:name="Times New Roman1" fo:font-family="&apos;Times New Roman&apos;" style:font-family-generic="swiss" style:font-pitch="variable"/>
 </office:font-decls>
 <office:automatic-styles>
  <style:style style:name="P1" style:family="paragraph" style:parent-style-name="Paragraph" style:master-page-name="HTML">
   <style:properties style:page-number="0"/>
  </style:style>
 </office:automatic-styles>
 <office:body>
  <text:variable-decls>
   <text:variable-decl text:value-type="string" text:name="HTML_ON"/>
   <text:variable-decl text:value-type="string" text:name="HTML_OFF"/>
   <text:variable-decl text:value-type="string" text:name="TITEL"/>
   <text:variable-decl text:value-type="string" text:name="END"/>
   <text:variable-decl text:value-type="string" text:name="HelpID"/>
   <text:variable-decl text:value-type="string" text:name="NAME"/>
   <text:variable-decl text:value-type="string" text:name="HREF"/>
   <text:variable-decl text:value-type="string" text:name="MODIFY"/>
   <text:variable-decl text:value-type="string" text:name="REFNR"/>
   <text:variable-decl text:value-type="string" text:name="AKTHLP"/>
   <text:variable-decl text:value-type="string" text:name="KEY"/>
   <text:variable-decl text:value-type="string" text:name="INDEX"/>
   <text:variable-decl text:value-type="string" text:name="MAC"/>
   <text:variable-decl text:value-type="string" text:name="ELSE"/>
   <text:variable-decl text:value-type="string" text:name="OS2"/>
   <text:variable-decl text:value-type="string" text:name="HFELD"/>
  </text:variable-decls>
  <text:sequence-decls>
   <text:sequence-decl text:display-outline-level="0" text:name="Illustration"/>
   <text:sequence-decl text:display-outline-level="0" text:name="Table"/>
   <text:sequence-decl text:display-outline-level="0" text:name="Text"/>
   <text:sequence-decl text:display-outline-level="0" text:name="Drawing"/>
  </text:sequence-decls>
  <text:p text:style-name="P1"/>
  <text:p text:style-name="Head 1">Ett kontrollfälts snabbmeny</text:p>
  <text:p text:style-name="Paragraph">På ett kontrollfälts snabbmeny hittar du bl.a. följande kommando:</text:p>
  <text:p text:style-name="Head 2"><help:help-id value="SID_FM_CHANGECONTROLTYPE"/>Ersätt med</text:p>
  <text:p text:style-name="Paragraph"><help:help-text value="visible">Visar en undermeny där du kan välja en kontrollfälttyp, som ska ersätta det markerade kontrollfältet.</help:help-text> När du väljer en kontrollfälttyp omvandlas det markerade kontrollfältet till det nya. Så många egenskaper som möjligt övertas.</text:p>
  <text:p text:style-name="Head 3"><help:help-id value="SID_FM_CONVERTTO_EDIT"/>Textfält</text:p>
  <text:p text:style-name="Paragraph"><help:help-text value="visible">Det markerade kontrollfältet omvandlas till ett textfält.</help:help-text></text:p>
  <text:p text:style-name="Head 3"><help:help-id value="SID_FM_CONVERTTO_BUTTON"/>Kommandoknapp</text:p>
  <text:p text:style-name="Paragraph"><help:help-text value="visible">Det markerade kontrollfältet omvandlas till en kommandoknapp.</help:help-text></text:p>
  <text:p text:style-name="Head 3"><help:help-id value="SID_FM_CONVERTTO_FIXEDTEXT"/>Etikettfält</text:p>
  <text:p text:style-name="Paragraph"><help:help-text value="visible">Det markerade kontrollfältet omvandlas till ett etikettfält.</help:help-text></text:p>
  <text:p text:style-name="Head 3"><help:help-id value="SID_FM_CONVERTTO_LISTBOX"/>Listruta</text:p>
  <text:p text:style-name="Paragraph"><help:help-text value="visible">Det markerade kontrollfältet omvandlas till en listruta.</help:help-text></text:p>
  <text:p text:style-name="Head 3"><help:help-id value="SID_FM_CONVERTTO_CHECKBOX"/>Kryssruta</text:p>
  <text:p text:style-name="Paragraph"><help:help-text value="visible">Det markerade kontrollfältet omvandlas till en kryssruta.</help:help-text></text:p>
  <text:p text:style-name="Head 3"><help:help-id value="SID_FM_CONVERTTO_RADIOBUTTON"/>Alternativfält</text:p>
  <text:p text:style-name="Paragraph"><help:help-text value="visible">Det markerade kontrollfältet omvandlas till ett alternativfält.</help:help-text></text:p>
  <text:p text:style-name="Head 3"><help:help-id value="SID_FM_CONVERTTO_COMBOBOX"/>Kombinationsfält</text:p>
  <text:p text:style-name="Paragraph"><help:help-text value="visible">Det markerade kontrollfältet omvandlas till ett kombinationsfält.</help:help-text></text:p>
  <text:p text:style-name="Head 3"><help:help-id value="SID_FM_CONVERTTO_IMAGEBUTTON"/>Grafisk kommandoknapp</text:p>
  <text:p text:style-name="Paragraph"><help:help-text value="visible">Det markerade kontrollfältet omvandlas till en grafisk kommandoknapp.</help:help-text></text:p>
  <text:p text:style-name="Head 3"><help:help-id value="SID_FM_CONVERTTO_FILECONTROL"/>Filurval</text:p>
  <text:p text:style-name="Paragraph"><help:help-text value="visible">Det markerade kontrollfältet omvandlas till en kommandoknapp för filurval.</help:help-text></text:p>
  <text:p text:style-name="Head 3"><help:help-id value="SID_FM_CONVERTTO_DATE"/>Datumfält</text:p>
  <text:p text:style-name="Paragraph"><help:help-text value="visible">Det markerade kontrollfältet omvandlas till ett datumfält.</help:help-text></text:p>
  <text:p text:style-name="Head 3"><help:help-id value="SID_FM_CONVERTTO_TIME"/>Tidsfält</text:p>
  <text:p text:style-name="Paragraph"><help:help-text value="visible">Det markerade kontrollfältet omvandlas till ett tidsfält.</help:help-text></text:p>
  <text:p text:style-name="Head 3"><help:help-id value="SID_FM_CONVERTTO_NUMERIC"/>Numeriskt fält</text:p>
  <text:p text:style-name="Paragraph"><help:help-text value="visible">Det markerade kontrollfältet omvandlas till ett numeriskt fält.</help:help-text></text:p>
  <text:p text:style-name="Head 3"><help:help-id value="SID_FM_CONVERTTO_CURRENCY"/>Valutafält</text:p>
  <text:p text:style-name="Paragraph"><help:help-text value="visible">Det markerade kontrollfältet omvandlas till ett valutafält.</help:help-text></text:p>
  <text:p text:style-name="Head 3"><help:help-id value="SID_FM_CONVERTTO_PATTERN"/>Maskerat fält</text:p>
  <text:p text:style-name="Paragraph"><help:help-text value="visible">Den markerade kontrollen omvandlas till ett maskerat fält.</help:help-text></text:p>
  <text:p text:style-name="Head 3"><help:help-id value="SID_FM_CONVERTTO_IMAGECONTROL"/>Grafiskt kontrollfält</text:p>
  <text:p text:style-name="Paragraph"><help:help-text value="visible">Det markerade kontrollfältet omvandlas till ett grafiskt kontrollfält.</help:help-text></text:p>
  <text:p text:style-name="Head 3"><help:help-id value="SID_FM_CONVERTTO_FORMATTED"/>Formaterat fält</text:p>
  <text:p text:style-name="Paragraph"><help:help-text value="visible">Det markerade kontrollfältet omvandlas till ett formaterat fält.</help:help-text></text:p>
 </office:body>
</office:document>
