

<office:document  xmlns:office="http://openoffice.org/2000/office" xmlns:style="http://openoffice.org/2000/style" xmlns:text="http://openoffice.org/2000/text" xmlns:table="http://openoffice.org/2000/table" xmlns:draw="http://openoffice.org/2000/drawing" xmlns:fo="http://www.w3.org/1999/XSL/Format" xmlns:xlink="http://www.w3.org/1999/xlink" xmlns:number="http://openoffice.org/2000/datastyle" xmlns:svg="http://www.w3.org/2000/svg" xmlns:chart="http://openoffice.org/2000/chart" xmlns:dr3d="http://openoffice.org/2000/dr3d" xmlns:math="http://www.w3.org/1998/Math/MathML" xmlns:form="http://openoffice.org/2000/form" xmlns:script="http://openoffice.org/2000/script" office:class="text" office:version="1.0" xmlns:dc="http://purl.org/dc/elements/1.1/" xmlns:meta="http://openoffice.org/2000/meta" xmlns:help="http://openoffice.org/2000/help">
<office:meta>
  <dc:description>text/common/02/01170202</dc:description>
  <dc:subject>Händelser</dc:subject>

  <dc:language>sv-SE</dc:language>
  <meta:user-defined meta:name="Info 0">READY</meta:user-defined>
  <meta:user-defined meta:name="Info 1">FREE_OK</meta:user-defined>
  <meta:user-defined meta:name="Info 2"/>
  <meta:user-defined meta:name="Info 3"/>
</office:meta>
 <office:script/>
 <office:font-decls>
  <style:font-decl style:name="StarSymbol" fo:font-family="StarSymbol" style:font-charset="x-symbol"/>
  <style:font-decl style:name="Courier New" fo:font-family="&apos;Courier New&apos;" style:font-style-name="Standard" style:font-family-generic="modern" style:font-pitch="fixed"/>
  <style:font-decl style:name="Courier" fo:font-family="Courier" style:font-family-generic="roman" style:font-pitch="fixed"/>
  <style:font-decl style:name="Arial Unicode MS" fo:font-family="&apos;Arial Unicode MS&apos;" style:font-pitch="variable"/>
  <style:font-decl style:name="HG Mincho Light J" fo:font-family="&apos;HG Mincho Light J&apos;" style:font-pitch="variable"/>
  <style:font-decl style:name="Times New Roman3" fo:font-family="&apos;Times New Roman&apos;" style:font-pitch="variable"/>
  <style:font-decl style:name="Thorndale" fo:font-family="Thorndale" style:font-family-generic="roman" style:font-pitch="variable"/>
  <style:font-decl style:name="Times New Roman2" fo:font-family="&apos;Times New Roman&apos;" style:font-style-name="Fett" style:font-family-generic="roman" style:font-pitch="variable"/>
  <style:font-decl style:name="Times New Roman" fo:font-family="&apos;Times New Roman&apos;" style:font-style-name="Standard" style:font-family-generic="roman" style:font-pitch="variable"/>
  <style:font-decl style:name="Times New Roman1" fo:font-family="&apos;Times New Roman&apos;" style:font-family-generic="swiss" style:font-pitch="variable"/>
 </office:font-decls>
 <office:automatic-styles>
  <style:style style:name="P1" style:family="paragraph" style:parent-style-name="Paragraph" style:master-page-name="HTML">
   <style:properties style:page-number="0"/>
  </style:style>
  <style:style style:name="P2" style:family="paragraph" style:parent-style-name="Paragraph" style:list-style-name="L1"/>
  <style:style style:name="P3" style:family="paragraph" style:parent-style-name="Paragraph" style:list-style-name="L2"/>
  <style:style style:name="P4" style:family="paragraph" style:parent-style-name="Paragraph" style:list-style-name="L3"/>
  <style:style style:name="P5" style:family="paragraph" style:parent-style-name="Paragraph" style:list-style-name="L4"/>
  <style:style style:name="P6" style:family="paragraph" style:parent-style-name="Paragraph" style:list-style-name="L5"/>
  <style:style style:name="T1" style:family="text">
   <style:properties fo:font-weight="bold"/>
  </style:style>
  <text:list-style style:name="L1">
   <text:list-level-style-bullet text:level="1" text:style-name="Bullet Symbols" style:num-suffix="." text:bullet-char="•">
    <style:properties text:min-label-width="0.499cm" style:font-name="StarSymbol"/>
   </text:list-level-style-bullet>
   <text:list-level-style-bullet text:level="2" text:style-name="Bullet Symbols" style:num-suffix="." text:bullet-char="•">
    <style:properties text:space-before="0.499cm" text:min-label-width="0.499cm" style:font-name="StarSymbol"/>
   </text:list-level-style-bullet>
   <text:list-level-style-bullet text:level="3" text:style-name="Bullet Symbols" style:num-suffix="." text:bullet-char="•">
    <style:properties text:space-before="0.999cm" text:min-label-width="0.499cm" style:font-name="StarSymbol"/>
   </text:list-level-style-bullet>
   <text:list-level-style-bullet text:level="4" text:style-name="Bullet Symbols" style:num-suffix="." text:bullet-char="•">
    <style:properties text:space-before="1.498cm" text:min-label-width="0.499cm" style:font-name="StarSymbol"/>
   </text:list-level-style-bullet>
   <text:list-level-style-bullet text:level="5" text:style-name="Bullet Symbols" style:num-suffix="." text:bullet-char="•">
    <style:properties text:space-before="1.997cm" text:min-label-width="0.499cm" style:font-name="StarSymbol"/>
   </text:list-level-style-bullet>
   <text:list-level-style-bullet text:level="6" text:style-name="Bullet Symbols" style:num-suffix="." text:bullet-char="•">
    <style:properties text:space-before="2.496cm" text:min-label-width="0.499cm" style:font-name="StarSymbol"/>
   </text:list-level-style-bullet>
   <text:list-level-style-bullet text:level="7" text:style-name="Bullet Symbols" style:num-suffix="." text:bullet-char="•">
    <style:properties text:space-before="2.995cm" text:min-label-width="0.499cm" style:font-name="StarSymbol"/>
   </text:list-level-style-bullet>
   <text:list-level-style-bullet text:level="8" text:style-name="Bullet Symbols" style:num-suffix="." text:bullet-char="•">
    <style:properties text:space-before="3.494cm" text:min-label-width="0.499cm" style:font-name="StarSymbol"/>
   </text:list-level-style-bullet>
   <text:list-level-style-bullet text:level="9" text:style-name="Bullet Symbols" style:num-suffix="." text:bullet-char="•">
    <style:properties text:space-before="3.994cm" text:min-label-width="0.499cm" style:font-name="StarSymbol"/>
   </text:list-level-style-bullet>
   <text:list-level-style-bullet text:level="10" text:style-name="Bullet Symbols" style:num-suffix="." text:bullet-char="•">
    <style:properties text:space-before="4.493cm" text:min-label-width="0.499cm" style:font-name="StarSymbol"/>
   </text:list-level-style-bullet>
  </text:list-style>
  <text:list-style style:name="L2">
   <text:list-level-style-bullet text:level="1" text:style-name="Bullet Symbols" style:num-suffix="." text:bullet-char="•">
    <style:properties text:min-label-width="0.499cm" style:font-name="StarSymbol"/>
   </text:list-level-style-bullet>
   <text:list-level-style-bullet text:level="2" text:style-name="Bullet Symbols" style:num-suffix="." text:bullet-char="•">
    <style:properties text:space-before="0.499cm" text:min-label-width="0.499cm" style:font-name="StarSymbol"/>
   </text:list-level-style-bullet>
   <text:list-level-style-bullet text:level="3" text:style-name="Bullet Symbols" style:num-suffix="." text:bullet-char="•">
    <style:properties text:space-before="0.999cm" text:min-label-width="0.499cm" style:font-name="StarSymbol"/>
   </text:list-level-style-bullet>
   <text:list-level-style-bullet text:level="4" text:style-name="Bullet Symbols" style:num-suffix="." text:bullet-char="•">
    <style:properties text:space-before="1.498cm" text:min-label-width="0.499cm" style:font-name="StarSymbol"/>
   </text:list-level-style-bullet>
   <text:list-level-style-bullet text:level="5" text:style-name="Bullet Symbols" style:num-suffix="." text:bullet-char="•">
    <style:properties text:space-before="1.997cm" text:min-label-width="0.499cm" style:font-name="StarSymbol"/>
   </text:list-level-style-bullet>
   <text:list-level-style-bullet text:level="6" text:style-name="Bullet Symbols" style:num-suffix="." text:bullet-char="•">
    <style:properties text:space-before="2.496cm" text:min-label-width="0.499cm" style:font-name="StarSymbol"/>
   </text:list-level-style-bullet>
   <text:list-level-style-bullet text:level="7" text:style-name="Bullet Symbols" style:num-suffix="." text:bullet-char="•">
    <style:properties text:space-before="2.995cm" text:min-label-width="0.499cm" style:font-name="StarSymbol"/>
   </text:list-level-style-bullet>
   <text:list-level-style-bullet text:level="8" text:style-name="Bullet Symbols" style:num-suffix="." text:bullet-char="•">
    <style:properties text:space-before="3.494cm" text:min-label-width="0.499cm" style:font-name="StarSymbol"/>
   </text:list-level-style-bullet>
   <text:list-level-style-bullet text:level="9" text:style-name="Bullet Symbols" style:num-suffix="." text:bullet-char="•">
    <style:properties text:space-before="3.994cm" text:min-label-width="0.499cm" style:font-name="StarSymbol"/>
   </text:list-level-style-bullet>
   <text:list-level-style-bullet text:level="10" text:style-name="Bullet Symbols" style:num-suffix="." text:bullet-char="•">
    <style:properties text:space-before="4.493cm" text:min-label-width="0.499cm" style:font-name="StarSymbol"/>
   </text:list-level-style-bullet>
  </text:list-style>
  <text:list-style style:name="L3">
   <text:list-level-style-bullet text:level="1" text:style-name="Bullet Symbols" style:num-suffix="." text:bullet-char="•">
    <style:properties text:min-label-width="0.499cm" style:font-name="StarSymbol"/>
   </text:list-level-style-bullet>
   <text:list-level-style-bullet text:level="2" text:style-name="Bullet Symbols" style:num-suffix="." text:bullet-char="•">
    <style:properties text:space-before="0.499cm" text:min-label-width="0.499cm" style:font-name="StarSymbol"/>
   </text:list-level-style-bullet>
   <text:list-level-style-bullet text:level="3" text:style-name="Bullet Symbols" style:num-suffix="." text:bullet-char="•">
    <style:properties text:space-before="0.999cm" text:min-label-width="0.499cm" style:font-name="StarSymbol"/>
   </text:list-level-style-bullet>
   <text:list-level-style-bullet text:level="4" text:style-name="Bullet Symbols" style:num-suffix="." text:bullet-char="•">
    <style:properties text:space-before="1.498cm" text:min-label-width="0.499cm" style:font-name="StarSymbol"/>
   </text:list-level-style-bullet>
   <text:list-level-style-bullet text:level="5" text:style-name="Bullet Symbols" style:num-suffix="." text:bullet-char="•">
    <style:properties text:space-before="1.997cm" text:min-label-width="0.499cm" style:font-name="StarSymbol"/>
   </text:list-level-style-bullet>
   <text:list-level-style-bullet text:level="6" text:style-name="Bullet Symbols" style:num-suffix="." text:bullet-char="•">
    <style:properties text:space-before="2.496cm" text:min-label-width="0.499cm" style:font-name="StarSymbol"/>
   </text:list-level-style-bullet>
   <text:list-level-style-bullet text:level="7" text:style-name="Bullet Symbols" style:num-suffix="." text:bullet-char="•">
    <style:properties text:space-before="2.995cm" text:min-label-width="0.499cm" style:font-name="StarSymbol"/>
   </text:list-level-style-bullet>
   <text:list-level-style-bullet text:level="8" text:style-name="Bullet Symbols" style:num-suffix="." text:bullet-char="•">
    <style:properties text:space-before="3.494cm" text:min-label-width="0.499cm" style:font-name="StarSymbol"/>
   </text:list-level-style-bullet>
   <text:list-level-style-bullet text:level="9" text:style-name="Bullet Symbols" style:num-suffix="." text:bullet-char="•">
    <style:properties text:space-before="3.994cm" text:min-label-width="0.499cm" style:font-name="StarSymbol"/>
   </text:list-level-style-bullet>
   <text:list-level-style-bullet text:level="10" text:style-name="Bullet Symbols" style:num-suffix="." text:bullet-char="•">
    <style:properties text:space-before="4.493cm" text:min-label-width="0.499cm" style:font-name="StarSymbol"/>
   </text:list-level-style-bullet>
  </text:list-style>
  <text:list-style style:name="L4">
   <text:list-level-style-bullet text:level="1" text:style-name="Bullet Symbols" style:num-suffix="." text:bullet-char="•">
    <style:properties text:min-label-width="0.499cm" style:font-name="StarSymbol"/>
   </text:list-level-style-bullet>
   <text:list-level-style-bullet text:level="2" text:style-name="Bullet Symbols" style:num-suffix="." text:bullet-char="•">
    <style:properties text:space-before="0.499cm" text:min-label-width="0.499cm" style:font-name="StarSymbol"/>
   </text:list-level-style-bullet>
   <text:list-level-style-bullet text:level="3" text:style-name="Bullet Symbols" style:num-suffix="." text:bullet-char="•">
    <style:properties text:space-before="0.999cm" text:min-label-width="0.499cm" style:font-name="StarSymbol"/>
   </text:list-level-style-bullet>
   <text:list-level-style-bullet text:level="4" text:style-name="Bullet Symbols" style:num-suffix="." text:bullet-char="•">
    <style:properties text:space-before="1.498cm" text:min-label-width="0.499cm" style:font-name="StarSymbol"/>
   </text:list-level-style-bullet>
   <text:list-level-style-bullet text:level="5" text:style-name="Bullet Symbols" style:num-suffix="." text:bullet-char="•">
    <style:properties text:space-before="1.997cm" text:min-label-width="0.499cm" style:font-name="StarSymbol"/>
   </text:list-level-style-bullet>
   <text:list-level-style-bullet text:level="6" text:style-name="Bullet Symbols" style:num-suffix="." text:bullet-char="•">
    <style:properties text:space-before="2.496cm" text:min-label-width="0.499cm" style:font-name="StarSymbol"/>
   </text:list-level-style-bullet>
   <text:list-level-style-bullet text:level="7" text:style-name="Bullet Symbols" style:num-suffix="." text:bullet-char="•">
    <style:properties text:space-before="2.995cm" text:min-label-width="0.499cm" style:font-name="StarSymbol"/>
   </text:list-level-style-bullet>
   <text:list-level-style-bullet text:level="8" text:style-name="Bullet Symbols" style:num-suffix="." text:bullet-char="•">
    <style:properties text:space-before="3.494cm" text:min-label-width="0.499cm" style:font-name="StarSymbol"/>
   </text:list-level-style-bullet>
   <text:list-level-style-bullet text:level="9" text:style-name="Bullet Symbols" style:num-suffix="." text:bullet-char="•">
    <style:properties text:space-before="3.994cm" text:min-label-width="0.499cm" style:font-name="StarSymbol"/>
   </text:list-level-style-bullet>
   <text:list-level-style-bullet text:level="10" text:style-name="Bullet Symbols" style:num-suffix="." text:bullet-char="•">
    <style:properties text:space-before="4.493cm" text:min-label-width="0.499cm" style:font-name="StarSymbol"/>
   </text:list-level-style-bullet>
  </text:list-style>
  <text:list-style style:name="L5">
   <text:list-level-style-bullet text:level="1" text:style-name="Bullet Symbols" style:num-suffix="." text:bullet-char="•">
    <style:properties text:min-label-width="0.499cm" style:font-name="StarSymbol"/>
   </text:list-level-style-bullet>
   <text:list-level-style-bullet text:level="2" text:style-name="Bullet Symbols" style:num-suffix="." text:bullet-char="•">
    <style:properties text:space-before="0.499cm" text:min-label-width="0.499cm" style:font-name="StarSymbol"/>
   </text:list-level-style-bullet>
   <text:list-level-style-bullet text:level="3" text:style-name="Bullet Symbols" style:num-suffix="." text:bullet-char="•">
    <style:properties text:space-before="0.999cm" text:min-label-width="0.499cm" style:font-name="StarSymbol"/>
   </text:list-level-style-bullet>
   <text:list-level-style-bullet text:level="4" text:style-name="Bullet Symbols" style:num-suffix="." text:bullet-char="•">
    <style:properties text:space-before="1.498cm" text:min-label-width="0.499cm" style:font-name="StarSymbol"/>
   </text:list-level-style-bullet>
   <text:list-level-style-bullet text:level="5" text:style-name="Bullet Symbols" style:num-suffix="." text:bullet-char="•">
    <style:properties text:space-before="1.997cm" text:min-label-width="0.499cm" style:font-name="StarSymbol"/>
   </text:list-level-style-bullet>
   <text:list-level-style-bullet text:level="6" text:style-name="Bullet Symbols" style:num-suffix="." text:bullet-char="•">
    <style:properties text:space-before="2.496cm" text:min-label-width="0.499cm" style:font-name="StarSymbol"/>
   </text:list-level-style-bullet>
   <text:list-level-style-bullet text:level="7" text:style-name="Bullet Symbols" style:num-suffix="." text:bullet-char="•">
    <style:properties text:space-before="2.995cm" text:min-label-width="0.499cm" style:font-name="StarSymbol"/>
   </text:list-level-style-bullet>
   <text:list-level-style-bullet text:level="8" text:style-name="Bullet Symbols" style:num-suffix="." text:bullet-char="•">
    <style:properties text:space-before="3.494cm" text:min-label-width="0.499cm" style:font-name="StarSymbol"/>
   </text:list-level-style-bullet>
   <text:list-level-style-bullet text:level="9" text:style-name="Bullet Symbols" style:num-suffix="." text:bullet-char="•">
    <style:properties text:space-before="3.994cm" text:min-label-width="0.499cm" style:font-name="StarSymbol"/>
   </text:list-level-style-bullet>
   <text:list-level-style-bullet text:level="10" text:style-name="Bullet Symbols" style:num-suffix="." text:bullet-char="•">
    <style:properties text:space-before="4.493cm" text:min-label-width="0.499cm" style:font-name="StarSymbol"/>
   </text:list-level-style-bullet>
  </text:list-style>
 </office:automatic-styles>
 <office:body>
  <text:variable-decls>
   <text:variable-decl text:value-type="string" text:name="HTML_ON"/>
   <text:variable-decl text:value-type="string" text:name="HTML_OFF"/>
   <text:variable-decl text:value-type="string" text:name="TITEL"/>
   <text:variable-decl text:value-type="string" text:name="END"/>
   <text:variable-decl text:value-type="string" text:name="HelpID"/>
   <text:variable-decl text:value-type="string" text:name="NAME"/>
   <text:variable-decl text:value-type="string" text:name="HREF"/>
   <text:variable-decl text:value-type="string" text:name="MODIFY"/>
   <text:variable-decl text:value-type="string" text:name="REFNR"/>
   <text:variable-decl text:value-type="string" text:name="OS2"/>
   <text:variable-decl text:value-type="string" text:name="ELSE"/>
   <text:variable-decl text:value-type="string" text:name="INDEX"/>
   <text:variable-decl text:value-type="string" text:name="KEY"/>
   <text:variable-decl text:value-type="string" text:name="AKTHLP"/>
   <text:variable-decl text:value-type="string" text:name="STYLE"/>
  </text:variable-decls>
  <text:sequence-decls>
   <text:sequence-decl text:display-outline-level="0" text:name="Illustration"/>
   <text:sequence-decl text:display-outline-level="0" text:name="Table"/>
   <text:sequence-decl text:display-outline-level="0" text:name="Text"/>
   <text:sequence-decl text:display-outline-level="0" text:name="Drawing"/>
  </text:sequence-decls>
  <help:to-be-embedded Eid="ereignisse">
  <text:p text:style-name="Head 1"><help:key-word value="Formulär; händelse" tag="kw65913_1"/><help:key-word value="Händelse; formulär" tag="kw65913_2"/><help:link Id="65913">Händelser</help:link></text:p>
  <text:p text:style-name="Paragraph">Fliken <text:span text:style-name="T1">Händelser</text:span> gör att du kan tilldela vissa händelser som inträffar i ett formulär ett makro.</text:p>
  </help:to-be-embedded>
  <help:popup Id="65594" Eid="formulareigenschaftenereignisse"><help:embedded Id="65598" Eid="wie"></help:embedded></help:popup>
  <text:p text:style-name="Paragraph">Ett underordnat formulär reagerar även på de händelser som inträffar för det överordnade formuläret.</text:p>
  <text:p text:style-name="Paragraph">Om du vill koppla ett makro till en händelse skriver du först ett makro som innehåller alla kommandon som ska utföras när händelsen inträffar. Koppla sedan makrot till händelsen genom att klicka på knappen <text:span text:style-name="T1">...</text:span> intill händelsen. Dialogrutan <text:span text:style-name="T1">Tilldela makro</text:span> öppnas där du kan välja makrot.</text:p>
  <text:p text:style-name="Paragraph">Vissa åtgärder kan Du konfigurera helt fritt. Det innebär att Du kan använda Dina egna dialogrutor för att beskriva följande åtgärder:</text:p>
  <text:unordered-list text:style-name="L1">
   <text:list-item>
    <text:p text:style-name="P2">visa ett felmeddelande,</text:p>
   </text:list-item>
  </text:unordered-list>
  <text:unordered-list text:style-name="L2">
   <text:list-item>
    <text:p text:style-name="P3">bekräfta en radering (av dataposter),</text:p>
   </text:list-item>
  </text:unordered-list>
  <text:unordered-list text:style-name="L3">
   <text:list-item>
    <text:p text:style-name="P4">söka efter parametrar,</text:p>
   </text:list-item>
  </text:unordered-list>
  <text:unordered-list text:style-name="L4">
   <text:list-item>
    <text:p text:style-name="P5">och kontrollera inmatningar när en datapost sparas.</text:p>
   </text:list-item>
  </text:unordered-list>
  <text:p text:style-name="Paragraph">Du kan till exempel skriva ett makro som visar varningsmeddelandet &quot;Är du säker på att du vill radera kunden XXX?&quot; när användaren raderar en datapost.</text:p>
  <text:p text:style-name="Paragraph">I listan nedan visas alla händelser i ett formulär som du kan koppla ett makro till:</text:p>
  <help:to-be-embedded Eid="reset_update">
  <text:p text:style-name="Head 2"><help:help-id value="HID_EVT_APPROVERESETTED"/>Innan återställande</text:p>
  <text:p text:style-name="Paragraph"><help:help-text value="visible">Händelsen <text:span text:style-name="T1">Innan återställande</text:span> inträffar innan ett formulär återställs.</help:help-text> Det länkade makrot kan t.ex. förhindra denna åtgärd genom att returnera &quot;FALSKT&quot;.</text:p>
  <text:p text:style-name="Paragraph">Ett formulär återställs när ett av följande villkor uppfylls:</text:p>
  <text:unordered-list text:style-name="L5">
   <text:list-item>
    <text:p text:style-name="P6">Användaren klickar på HTML-kommandoknappen som är definierad som Reset-kommandoknapp</text:p>
   </text:list-item>
   <text:list-item>
    <text:p text:style-name="P6">En ny och tom post skapas i ett formulär som är länkat till datakällan. I den sista posten kan du t.ex. trycka på knappen <text:span text:style-name="T1">Nästa post</text:span>.</text:p>
   </text:list-item>
  </text:unordered-list>
  <text:p text:style-name="Head 2"><help:help-id value="HID_EVT_RESETTED"/>Efter återställande</text:p>
  <text:p text:style-name="Paragraph"><help:help-text value="visible">Händelsen <text:span text:style-name="T1">Efter återställande</text:span> inträffar efter att ett formulär återställts.</help:help-text></text:p>
  <text:p text:style-name="Head 2"><help:help-id value="HID_EVT_BEFOREUPDATE"/>Innan uppdatering</text:p>
  <text:p text:style-name="Paragraph"><help:help-text value="visible">Händelsen <text:span text:style-name="T1">Före uppdatering</text:span> inträffar innan kontrollinnehållet som ändras av användaren skrivs in i datakällan.</help:help-text> Det länkade makrot kan t.ex. förhindra denna åtgärd genom att returnera &quot;FALSKT&quot;.</text:p>
  <text:p text:style-name="Head 2"><help:help-id value="HID_EVT_AFTERUPDATE"/>Efter uppdatering</text:p>
  <text:p text:style-name="Paragraph"><help:help-text value="visible">Händelsen <text:span text:style-name="T1">Efter uppdatering</text:span> inträffar efter att kontrollinnehållet som ändrats av användaren skrivits in i datakällan.</help:help-text></text:p>
  </help:to-be-embedded>
  <text:p text:style-name="Head 2"><help:help-id value="HID_EVT_SUBMITTED"/>Före sändning</text:p>
  <text:p text:style-name="Paragraph"><help:help-text value="visible">Händelsen <text:span text:style-name="T1">Före sändning</text:span> inträffar innan formulärdata skickas.</help:help-text></text:p>
  <text:p text:style-name="Head 2"><help:help-id value="HID_EVT_LOADED"/>Vid laddning</text:p>
  <text:p text:style-name="Paragraph"><help:help-text value="visible">Händelsen <text:span text:style-name="T1">Vid laddning</text:span> inträffar direkt efter att formuläret har laddats.</help:help-text></text:p>
  <text:p text:style-name="Head 2"><help:help-id value="HID_EVT_RELOADING"/>Före omladdning</text:p>
  <text:p text:style-name="Paragraph"><help:help-text value="visible">Händelsen <text:span text:style-name="T1">Före omladdning</text:span> inträffar innan formuläret har laddats om.</help:help-text> Datainnehållet har inte uppdaterats ännu.</text:p>
  <text:p text:style-name="Head 2"><help:help-id value="HID_EVT_RELOADED"/>Vid omladdning</text:p>
  <text:p text:style-name="Paragraph"><help:help-text value="visible">Händelsen <text:span text:style-name="T1">Vid omladdning</text:span> inträffar direkt efter att formuläret har laddats om.</help:help-text> Datainnehållet har redan uppdaterats.</text:p>
  <text:p text:style-name="Head 2"><help:help-id value="HID_EVT_UNLOADING"/>Före avladdning</text:p>
  <text:p text:style-name="Paragraph"><help:help-text value="visible">Händelsen <text:span text:style-name="T1">Före avladdning</text:span> inträffar innan formuläret avladdas, det vill säga separeras från sin datakälla.</help:help-text></text:p>
  <text:p text:style-name="Head 2"><help:help-id value="HID_EVT_UNLOADED"/>Vid avladdning</text:p>
  <text:p text:style-name="Paragraph"><help:help-text value="visible">Händelsen <text:span text:style-name="T1">Vid avladdning</text:span> inträffar direkt efter att formuläret har avladdats, det vill säga separerats från sin datakälla.</help:help-text></text:p>
  <text:p text:style-name="Head 2"><help:help-id value="HID_EVT_CONFIRMDELETE"/>Bekräfta radering</text:p>
  <text:p text:style-name="Paragraph"><help:help-text value="visible">Händelsen <text:span text:style-name="T1">Bekräfta radering</text:span> inträffar när data har tagits bort från formuläret.</help:help-text> Du kan till exempel använda det länkade makrot för att visa en dialogruta där användaren får bekräfta raderingen.</text:p>
  <text:p text:style-name="Head 2"><help:help-id value="HID_EVT_APPROVEROWCHANGE"/>Före datapoståtgärd</text:p>
  <text:p text:style-name="Paragraph"><help:help-text value="visible">Händelsen <text:span text:style-name="T1">Före datapoståtgärd</text:span> inträffar innan den aktuella posten ändras.</help:help-text> Du kan till exempel använda det länkade makrot för att visa en dialogruta där användaren får bekräfta raderingen.</text:p>
  <text:p text:style-name="Head 2"><help:help-id value="HID_EVT_ROWCHANGE"/>Efter datapoståtgärd</text:p>
  <text:p text:style-name="Paragraph"><help:help-text value="visible">Händelsen <text:span text:style-name="T1">Efter datapoståtgärd</text:span> inträffar omedelbart efter att den aktuella posten ändrats.</help:help-text></text:p>
  <text:p text:style-name="Head 2"><help:help-id value="HID_EVT_POSITIONING"/>Före datapostväxling</text:p>
  <text:p text:style-name="Paragraph"><help:help-text value="visible">Händelsen <text:span text:style-name="T1">Före datapostväxling</text:span> inträffar innan den aktuella postpekaren ändras.</help:help-text> Det länkade makrot kan förhindra att pekaren ändras genom att returnera &quot;FALSE&quot;.</text:p>
  <text:p text:style-name="Head 2"><help:help-id value="HID_EVT_POSITIONED"/>Efter datapostväxling</text:p>
  <text:p text:style-name="Paragraph"><help:help-text value="visible">Händelsen <text:span text:style-name="T1">Efter datapostväxling</text:span> inträffar omedelbart efter att den aktuella postpekaren ändrats.</help:help-text></text:p>
  <text:p text:style-name="Head 2"><help:help-id value="HID_EVT_APPROVEPARAMETER"/>Fyll parametrar</text:p>
  <text:p text:style-name="Paragraph"><help:help-text value="visible">Händelsen <text:span text:style-name="T1">Fyll parametrar</text:span> inträffar när det formulär som laddas har parametrar som måste fyllas i.</help:help-text> Datakällan för formuläret kan till exempel vara följande SQL-kommando:</text:p>
  <text:p text:style-name="Paragraph">SELECT * FROM address WHERE name=:name</text:p>
  <text:p text:style-name="Paragraph">Här är :name en parameter som måste fyllas vid laddning. Parametern fylls automatiskt från ett överordnat formulär under förutsättning att det är möjligt. Om parametern inte kan fyllas, startas den här händelsen och ett länkat makro kan fylla parametern.</text:p>
  <text:p text:style-name="Head 2"><help:help-id value="HID_EVT_ERROROCCURED"/>Fel har uppstått</text:p>
  <text:p text:style-name="Paragraph"><help:help-text value="visible">Händelsen <text:span text:style-name="T1">Fel har uppstått</text:span> aktiveras om ett fel uppstår när programmet använder datakällan.</help:help-text> Händelsen gäller formulär, listrutor och kombinationsfält.</text:p>
 </office:body>
</office:document>
