

<office:document  xmlns:office="http://openoffice.org/2000/office" xmlns:style="http://openoffice.org/2000/style" xmlns:text="http://openoffice.org/2000/text" xmlns:table="http://openoffice.org/2000/table" xmlns:draw="http://openoffice.org/2000/drawing" xmlns:fo="http://www.w3.org/1999/XSL/Format" xmlns:xlink="http://www.w3.org/1999/xlink" xmlns:number="http://openoffice.org/2000/datastyle" xmlns:svg="http://www.w3.org/2000/svg" xmlns:chart="http://openoffice.org/2000/chart" xmlns:dr3d="http://openoffice.org/2000/dr3d" xmlns:math="http://www.w3.org/1998/Math/MathML" xmlns:form="http://openoffice.org/2000/form" xmlns:script="http://openoffice.org/2000/script" office:class="text" office:version="1.0" xmlns:dc="http://purl.org/dc/elements/1.1/" xmlns:meta="http://openoffice.org/2000/meta" xmlns:help="http://openoffice.org/2000/help">
<office:meta>
  <dc:description>text/common/02/01170103</dc:description>
  <dc:subject>Händelser</dc:subject>

  <dc:language>sv-SE</dc:language>
  <meta:user-defined meta:name="Info 0">READY</meta:user-defined>
  <meta:user-defined meta:name="Info 1">FREE_OK</meta:user-defined>
  <meta:user-defined meta:name="Info 2"/>
  <meta:user-defined meta:name="Info 3"/>
</office:meta>
 <office:script/>
 <office:font-decls>
  <style:font-decl style:name="StarSymbol" fo:font-family="StarSymbol" style:font-charset="x-symbol"/>
  <style:font-decl style:name="Courier New" fo:font-family="&apos;Courier New&apos;" style:font-style-name="Standard" style:font-family-generic="modern" style:font-pitch="fixed"/>
  <style:font-decl style:name="Courier" fo:font-family="Courier" style:font-family-generic="roman" style:font-pitch="fixed"/>
  <style:font-decl style:name="Arial Unicode MS" fo:font-family="&apos;Arial Unicode MS&apos;" style:font-pitch="variable"/>
  <style:font-decl style:name="HG Mincho Light J" fo:font-family="&apos;HG Mincho Light J&apos;" style:font-pitch="variable"/>
  <style:font-decl style:name="Times New Roman3" fo:font-family="&apos;Times New Roman&apos;" style:font-pitch="variable"/>
  <style:font-decl style:name="Thorndale" fo:font-family="Thorndale" style:font-family-generic="roman" style:font-pitch="variable"/>
  <style:font-decl style:name="Times New Roman2" fo:font-family="&apos;Times New Roman&apos;" style:font-style-name="Fett" style:font-family-generic="roman" style:font-pitch="variable"/>
  <style:font-decl style:name="Times New Roman" fo:font-family="&apos;Times New Roman&apos;" style:font-style-name="Standard" style:font-family-generic="roman" style:font-pitch="variable"/>
  <style:font-decl style:name="Times New Roman1" fo:font-family="&apos;Times New Roman&apos;" style:font-family-generic="swiss" style:font-pitch="variable"/>
 </office:font-decls>
 <office:automatic-styles>
  <style:style style:name="P1" style:family="paragraph" style:parent-style-name="Paragraph" style:master-page-name="HTML">
   <style:properties style:page-number="0"/>
  </style:style>
  <style:style style:name="T1" style:family="text">
   <style:properties fo:font-weight="bold"/>
  </style:style>
 </office:automatic-styles>
 <office:body>
  <text:variable-decls>
   <text:variable-decl text:value-type="string" text:name="HTML_ON"/>
   <text:variable-decl text:value-type="string" text:name="HTML_OFF"/>
   <text:variable-decl text:value-type="string" text:name="TITEL"/>
   <text:variable-decl text:value-type="string" text:name="END"/>
   <text:variable-decl text:value-type="string" text:name="HelpID"/>
   <text:variable-decl text:value-type="string" text:name="NAME"/>
   <text:variable-decl text:value-type="string" text:name="HREF"/>
   <text:variable-decl text:value-type="string" text:name="MODIFY"/>
   <text:variable-decl text:value-type="string" text:name="REFNR"/>
   <text:variable-decl text:value-type="string" text:name="OS2"/>
   <text:variable-decl text:value-type="string" text:name="ELSE"/>
   <text:variable-decl text:value-type="string" text:name="INDEX"/>
   <text:variable-decl text:value-type="string" text:name="KEY"/>
   <text:variable-decl text:value-type="string" text:name="AKTHLP"/>
   <text:variable-decl text:value-type="string" text:name="HFELD"/>
   <text:variable-decl text:value-type="string" text:name="STYLE"/>
  </text:variable-decls>
  <text:sequence-decls>
   <text:sequence-decl text:display-outline-level="0" text:name="Illustration"/>
   <text:sequence-decl text:display-outline-level="0" text:name="Table"/>
   <text:sequence-decl text:display-outline-level="0" text:name="Text"/>
   <text:sequence-decl text:display-outline-level="0" text:name="Drawing"/>
  </text:sequence-decls>
  <help:to-be-embedded Eid="ereignisse">
  <text:p text:style-name="Head 1"><help:key-word value="Kontrollfält; händelser" tag="kw65940_1"/><help:key-word value="Händelser; kontrollfält" tag="kw65940_3"/><help:key-word value="Makron; kontrollfält" tag="kw65940_2"/><help:link Id="65940">Händelser</help:link></text:p>
  <text:p text:style-name="Paragraph">På fliken <text:span text:style-name="T1">Händelser</text:span> kan du koppla makron till händelser som inträffar i kontrollfälten i ett formulär.</text:p>
  </help:to-be-embedded>
  <text:p text:style-name="Paragraph">När händelsen inträffar anropas det makro du kopplat till händelsen. Om du vill koppla ett makro till en händelse klickar du på knappen <text:span text:style-name="T1">...</text:span>. <help:switch select="Program"><help:case select="WRITER">Dialogrutan <help:link Id="67665">Tilldela makro</help:link></help:case><help:default>En dialogruta</help:default></help:switch> öppnas.</text:p>
  <help:popup Id="65594" Eid="controleigenschaftenereignisse"><help:embedded Id="65598" Eid="wie"></help:embedded></help:popup>
  <text:p text:style-name="Paragraph">Vilka händelser som är tillgängliga beror på vilken typ av kontroll du arbetar med. De händelser som finns på fliken <text:span text:style-name="T1">Händelser</text:span> är de som är relevanta för den aktuella kontrollen. Följande händelser är definierade:</text:p>
  <text:p text:style-name="Head 2"><help:help-id value="HID_EVT_APPROVEACTIONPERFORMED"/>Innan utförande</text:p>
  <text:p text:style-name="Paragraph"><help:help-text value="visible">Den här händelsen inträffar innan kontrollen utlöser en åtgärd.</help:help-text> Om du t.ex. klickar på knappen Submit påbörjas en sändåtgärd, men den faktiska sändprocessen startas först när händelsen <text:span text:style-name="T1">Vid utförande</text:span> inträffar. Händelsen <text:span text:style-name="T1">Innan utförande</text:span> gör att du kan döda processen. Om den länkade metoden returnerar FALSKT utförs inte <text:span text:style-name="T1">Vid utförande</text:span>.</text:p>
  <text:p text:style-name="Head 2"><help:help-id value="HID_EVT_ACTIONPERFORMED"/>Vid utförande</text:p>
  <text:p text:style-name="Paragraph"><help:help-text value="visible">Händelsen <text:span text:style-name="T1">Vid utförande</text:span> inträffar när en åtgärd har startats.</help:help-text> Om du t.ex. har en Submit-knapp på formuläret motsvarar sändprocessen åtgärden som ska påbörjas.</text:p>
  <text:p text:style-name="Head 2"><help:help-id value="HID_EVT_CHANGED"/>Modifierad</text:p>
  <text:p text:style-name="Paragraph"><help:help-text value="visible">Händelsen <text:span text:style-name="T1">Modifierad</text:span> inträffar när kontrollen tappat fokus och innehållet har förändrats sedan dess.</help:help-text></text:p>
  <text:p text:style-name="Head 2"><help:help-id value="HID_EVT_TEXTCHANGED"/>Text modifierad</text:p>
  <text:p text:style-name="Paragraph"><help:help-text value="visible">Händelsen <text:span text:style-name="T1">Text modifierad</text:span> inträffar när du skriver in eller ändrar text i ett inmatningsfält.</help:help-text></text:p>
  <text:p text:style-name="Head 2"><help:help-id value="HID_EVT_ITEMSTATECHANGED"/>Status ändrad</text:p>
  <text:p text:style-name="Paragraph"><help:help-text value="hide">Händelsen <text:span text:style-name="T1">Status ändrad</text:span> inträffar om kontrollfältets status förändras.</help:help-text>Händelsen <text:span text:style-name="T1">Status ändrad</text:span> inträffar om kontrollfältets status förändras.</text:p>
  <text:p text:style-name="Head 2"><help:help-id value="HID_EVT_FOCUSGAINED"/>Vid fokusering</text:p>
  <text:p text:style-name="Paragraph"><help:help-text value="visible">Händelsen <text:span text:style-name="T1">Vid fokusering</text:span> inträffar om ett kontrollfält ges fokus.</help:help-text></text:p>
  <text:p text:style-name="Head 2"><help:help-id value="HID_EVT_FOCUSLOST"/>Vid fokusförlust</text:p>
  <text:p text:style-name="Paragraph"><help:help-text value="visible">Händelsen <text:span text:style-name="T1">Vid fokusförlust</text:span> inträffar om ett kontrollfält tappar fokus.</help:help-text></text:p>
  <text:p text:style-name="Head 2"><help:help-id value="HID_EVT_KEYTYPED"/>Efter tangenttryck</text:p>
  <text:p text:style-name="Paragraph"><help:help-text value="visible">Händelsen <text:span text:style-name="T1">Tangent tryckt</text:span> inträffar när användaren trycker ned en tangent medan kontrollen har fokus.</help:help-text> Den här händelsen kan länkas till ett makro som kontrollerar poster.</text:p>
  <text:p text:style-name="Head 2"><help:help-id value="HID_EVT_KEYUP"/>Efter tangenttryck</text:p>
  <text:p text:style-name="Paragraph"><help:help-text value="visible">Den här händelsen inträffar om användaren släpper en valfri tangent medan kontrollfältet är fokuserat.</help:help-text></text:p>
  <text:p text:style-name="Head 2"><help:help-id value="HID_EVT_MOUSEENTERED"/>Mus inom</text:p>
  <text:p text:style-name="Paragraph"><help:help-text value="visible">Händelsen <text:span text:style-name="T1">Mus inom</text:span> inträffar om muspekaren är inuti kontrollfältet.</help:help-text></text:p>
  <text:p text:style-name="Head 2"><help:help-id value="HID_EVT_MOUSEDRAGGED"/>Musrörelse vid tangenttryck</text:p>
  <text:p text:style-name="Paragraph"><help:help-text value="visible">Händelsen <text:span text:style-name="T1">Musrörelse vid tangenttryck</text:span> inträffar när musen dras samtidigt som en tangent trycks in.</help:help-text> T.ex. när ytterligare en nyckel bestämmer läget (flytta eller kopiera) under en dra och släpp-åtgärd.</text:p>
  <text:p text:style-name="Head 2"><help:help-id value="HID_EVT_MOUSEMOVED"/>Musrörelse</text:p>
  <text:p text:style-name="Paragraph"><help:help-text value="visible">Händelsen <text:span text:style-name="T1">Musrörelse</text:span> inträffar om musen flyttas över kontrollen.</help:help-text></text:p>
  <text:p text:style-name="Head 2"><help:help-id value="HID_EVT_MOUSEPRESSED"/>Musknapp nedtryckt</text:p>
  <text:p text:style-name="Paragraph"><help:help-text value="visible">Händelsen <text:span text:style-name="T1">Musknapp nedtryckt</text:span> inträffar om musknappen trycks in medan muspekaren befinner sig på kontrollen.</help:help-text></text:p>
  <text:p text:style-name="Head 2"><help:help-id value="HID_EVT_MOUSERELEASED"/>Musknapp uppsläppt</text:p>
  <text:p text:style-name="Paragraph"><help:help-text value="visible">Händelsen <text:span text:style-name="T1">Musknapp uppsläppt</text:span> inträffar om musknappen släpps medan muspekaren befinner sig på kontrollen.</help:help-text></text:p>
  <text:p text:style-name="Head 2"><help:help-id value="HID_EVT_MOUSEEXITED"/>Mus utanför</text:p>
  <text:p text:style-name="Paragraph"><help:help-text value="visible">Händelsen <text:span text:style-name="T1">Mus utanför</text:span> inträffar om muspekaren är utanför kontrollfältet.</help:help-text></text:p>
  <help:embedded Id="65913" Eid="reset_update"></help:embedded>
 </office:body>
</office:document>
