

<office:document  xmlns:office="http://openoffice.org/2000/office" xmlns:style="http://openoffice.org/2000/style" xmlns:text="http://openoffice.org/2000/text" xmlns:table="http://openoffice.org/2000/table" xmlns:draw="http://openoffice.org/2000/drawing" xmlns:fo="http://www.w3.org/1999/XSL/Format" xmlns:xlink="http://www.w3.org/1999/xlink" xmlns:number="http://openoffice.org/2000/datastyle" xmlns:svg="http://www.w3.org/2000/svg" xmlns:chart="http://openoffice.org/2000/chart" xmlns:dr3d="http://openoffice.org/2000/dr3d" xmlns:math="http://www.w3.org/1998/Math/MathML" xmlns:form="http://openoffice.org/2000/form" xmlns:script="http://openoffice.org/2000/script" office:class="text" office:version="1.0" xmlns:dc="http://purl.org/dc/elements/1.1/" xmlns:meta="http://openoffice.org/2000/meta" xmlns:help="http://openoffice.org/2000/help">
<office:meta>
  <dc:description>text/common/02/12000000</dc:description>
  <dc:subject>Explorer på/av</dc:subject>
  <meta:keywords>
   <meta:keyword>$Version</meta:keyword>
  </meta:keywords>
  <dc:language>sv-SE</dc:language>
  <meta:user-defined meta:name="Info 0">READY</meta:user-defined>
  <meta:user-defined meta:name="Info 1">FREE_OK</meta:user-defined>
  <meta:user-defined meta:name="Info 2"/>
  <meta:user-defined meta:name="Info 3"/>
</office:meta>
 <office:script/>
 <office:font-decls>
  <style:font-decl style:name="StarSymbol" fo:font-family="StarSymbol" style:font-charset="x-symbol"/>
  <style:font-decl style:name="Courier New" fo:font-family="&apos;Courier New&apos;" style:font-style-name="Standard" style:font-family-generic="modern" style:font-pitch="fixed"/>
  <style:font-decl style:name="Courier" fo:font-family="Courier" style:font-family-generic="roman" style:font-pitch="fixed"/>
  <style:font-decl style:name="Arial Unicode MS" fo:font-family="&apos;Arial Unicode MS&apos;" style:font-pitch="variable"/>
  <style:font-decl style:name="HG Mincho Light J" fo:font-family="&apos;HG Mincho Light J&apos;" style:font-pitch="variable"/>
  <style:font-decl style:name="Times New Roman3" fo:font-family="&apos;Times New Roman&apos;" style:font-pitch="variable"/>
  <style:font-decl style:name="Thorndale" fo:font-family="Thorndale" style:font-family-generic="roman" style:font-pitch="variable"/>
  <style:font-decl style:name="Times New Roman2" fo:font-family="&apos;Times New Roman&apos;" style:font-style-name="Fett" style:font-family-generic="roman" style:font-pitch="variable"/>
  <style:font-decl style:name="Times New Roman" fo:font-family="&apos;Times New Roman&apos;" style:font-style-name="Standard" style:font-family-generic="roman" style:font-pitch="variable"/>
  <style:font-decl style:name="Times New Roman1" fo:font-family="&apos;Times New Roman&apos;" style:font-family-generic="swiss" style:font-pitch="variable"/>
 </office:font-decls>
 <office:automatic-styles>
  <style:style style:name="Tabelle1" style:family="table">
   <style:properties style:width="17.995cm" fo:margin-left="0cm" fo:margin-right="0.005cm" table:align="margins"/>
  </style:style>
  <style:style style:name="Tabelle1.A" style:family="table-column">
   <style:properties style:column-width="1.499cm" style:rel-column-width="5458*"/>
  </style:style>
  <style:style style:name="Tabelle1.B" style:family="table-column">
   <style:properties style:column-width="16.496cm" style:rel-column-width="60039*"/>
  </style:style>
  <style:style style:name="Tabelle3" style:family="table">
   <style:properties style:width="18cm" table:align="margins"/>
  </style:style>
  <style:style style:name="Tabelle3.A" style:family="table-column">
   <style:properties style:column-width="1.499cm" style:rel-column-width="5460*"/>
  </style:style>
  <style:style style:name="Tabelle3.B" style:family="table-column">
   <style:properties style:column-width="16.499cm" style:rel-column-width="60055*"/>
  </style:style>
  <style:style style:name="P1" style:family="paragraph" style:parent-style-name="Paragraph" style:master-page-name="HTML">
   <style:properties style:page-number="0"/>
  </style:style>
  <style:style style:name="T1" style:family="text">
   <style:properties fo:font-weight="bold"/>
  </style:style>
  <style:style style:name="fr1" style:family="graphics" style:parent-style-name="Graphics">
   <style:properties style:wrap="run-through" style:horizontal-pos="left" style:horizontal-rel="paragraph" style:mirror="none" fo:clip="rect(0cm 0cm 0cm 0cm)" draw:luminance="0%" draw:contrast="0%" draw:red="0%" draw:green="0%" draw:blue="0%" draw:gamma="1" draw:color-inversion="false" draw:transparency="-100%" draw:color-mode="standard"/>
  </style:style>
  <style:style style:name="fr2" style:family="graphics" style:parent-style-name="Graphics">
   <style:properties style:run-through="foreground" style:wrap="run-through" style:vertical-pos="top" style:vertical-rel="paragraph" style:horizontal-pos="left" style:horizontal-rel="paragraph" style:mirror="none" fo:clip="rect(0cm 0cm 0cm 0cm)" draw:luminance="0%" draw:contrast="0%" draw:red="0%" draw:green="0%" draw:blue="0%" draw:gamma="1" draw:color-inversion="false" draw:transparency="-100%" draw:color-mode="standard"/>
  </style:style>
 </office:automatic-styles>
 <office:body>
  <text:variable-decls>
   <text:variable-decl text:value-type="string" text:name="HTML_ON"/>
   <text:variable-decl text:value-type="string" text:name="HTML_OFF"/>
   <text:variable-decl text:value-type="string" text:name="TITEL"/>
   <text:variable-decl text:value-type="string" text:name="END"/>
   <text:variable-decl text:value-type="string" text:name="NAME"/>
   <text:variable-decl text:value-type="string" text:name="HREF"/>
   <text:variable-decl text:value-type="string" text:name="MODIFY"/>
   <text:variable-decl text:value-type="string" text:name="REFNR"/>
   <text:variable-decl text:value-type="string" text:name="HelpID"/>
   <text:variable-decl text:value-type="string" text:name="AKTHLP"/>
   <text:variable-decl text:value-type="string" text:name="INDEX"/>
   <text:variable-decl text:value-type="string" text:name="STYLE"/>
  </text:variable-decls>
  <text:sequence-decls>
   <text:sequence-decl text:display-outline-level="0" text:name="Illustration"/>
   <text:sequence-decl text:display-outline-level="0" text:name="Table"/>
   <text:sequence-decl text:display-outline-level="0" text:name="Text"/>
   <text:sequence-decl text:display-outline-level="0" text:name="Drawing"/>
  </text:sequence-decls>
  <help:to-be-embedded Eid="explorer">
  <text:p text:style-name="Head 1"><help:help-id value="SID_DSBROWSER_EXPLORER"/><help:link Id="67894">Explorer på/av</help:link></text:p>
  <text:p text:style-name="Paragraph"><help:help-text value="visible">Stänger datakällvyn.</help:help-text> Ikonen <text:span text:style-name="T1">Explorer på/av</text:span> finns på <help:link Id="65557">Databaslisten</help:link>.</text:p>
  </help:to-be-embedded>
  <help:to-be-embedded Eid="syexplorer">
  <table:table table:name="Tabelle1" table:style-name="Tabelle1">
   <table:table-column table:style-name="Tabelle1.A"/>
   <table:table-column table:style-name="Tabelle1.B"/>
   <table:table-header-rows>
    <table:table-row>
     <table:table-cell table:value-type="string">
      <text:p text:style-name="Paragraph"><draw:image draw:name="Ikon0" svg:desc="Ikon" svg:pixelx="25" svg:pixely="25" svg:width="0.661cm" svg:height="0.661cm" xlink:href="65913" draw:filter-name=""/></text:p>

     </table:table-cell>
     <table:table-cell table:value-type="string">
      <text:p text:style-name="Paragraph">Explorer på/av</text:p>
     </table:table-cell>
    </table:table-row>
   </table:table-header-rows>
  </table:table>
  </help:to-be-embedded>
  <text:p text:style-name="Paragraph"><help:embedded Id="68433" Eid="database_main"></help:embedded></text:p>
  <text:p text:style-name="Paragraph">I Explorer för datakällor ser du datakällorna som är registrerade i <help:productname>%PRODUCTNAME</help:productname> med deras länkar, sökningar och tabeller.</text:p>
  <text:p text:style-name="Paragraph"><text:span text:style-name="T1">Upprätta en anslutning</text:span> - När du har valt en enskild tabell eller sökning skapas en anslutning till datakällan omedelbart. När anslutningen är öppnad visas datakällans namn, posten Sökningar eller Tabeller och namnet på den markerade sökningen eller tabellen med fet stil.</text:p>
  <help:to-be-embedded Eid="kontextmenue"><a name="kontextmenue"/>
  <text:p text:style-name="Paragraph">På snabbmenyn i Explorer för datakällor finns följande kommandon som är relaterade till den aktuella posten som visas inverterat:</text:p>
  <table:table table:name="Tabelle3" table:style-name="Tabelle3">
   <table:table-column table:style-name="Tabelle3.A"/>
   <table:table-column table:style-name="Tabelle3.B"/>
   <table:table-header-rows>
    <table:table-row>
     <table:table-cell table:value-type="string">
      <text:p text:style-name="Paragraph"><draw:image draw:name="Symbol1" svg:desc="Info-symbol" svg:pixelx="32" svg:pixely="32" svg:width="0.847cm" svg:height="0.847cm" xlink:href="65980" draw:filter-name=""/></text:p>

     </table:table-cell>
     <table:table-cell table:value-type="string">
      <text:p text:style-name="Paragraph">Kommandona på snabbmenyn varierar beroende på om det finns en anslutning till datakällan eller inte. Till exempel visas kommandot <text:span text:style-name="T1">Stäng förbindelse</text:span> endast om det finns en anslutning.</text:p>
     </table:table-cell>
    </table:table-row>
   </table:table-header-rows>
  </table:table>
  <text:p text:style-name="Head 2">Snabbmeny till en datakällhuvudpost</text:p>
  <text:p text:style-name="Head 3"><help:help-id value="HID_BROWSER_DSADMINISTRATE"/>Administrera datakällor</text:p>
  <text:p text:style-name="Paragraph"><help:help-text value="visible">Öppnar dialogrutan <help:link Id="66167"><text:span text:style-name="T1">Administrera datakällor</text:span></help:link></help:help-text>.</text:p>
  <text:p text:style-name="Head 3"><help:help-id value="HID_DSBROWSER_DIRECTSQL"/>SQL</text:p>
  <text:p text:style-name="Paragraph"><help:help-text value="visible">Öppnar dialogrutan <help:link Id="66152"><text:span text:style-name="T1">Utför SQL-sats</text:span></help:link></help:help-text>.</text:p>
  <text:p text:style-name="Head 3"><help:help-id value="HID_BROWSER_CLOSECONN"/>Stäng förbindelse</text:p>
  <text:p text:style-name="Paragraph"><help:help-text value="visible">Stänger kopplingen till datakällan.</help:help-text> Se även <help:link Id="68345"><text:span text:style-name="T1">Verktyg - Alterntiv - Datakällor - Kopplingar</text:span></help:link>.</text:p>
  <text:p text:style-name="Head 3"><help:help-id value="HID_BROWSER_RENAME_ENTRY"/>Byt namn (på tabeller, vyer, sökningar)</text:p>
  <text:p text:style-name="Paragraph"><help:help-text value="visible">Använd det här kommandot när du ska byta namn på ett objekt.</help:help-text> Du kan också ändra namnet genom att markera posten och trycka på F2. Databasen måste ha stöd för namnändringar. Om den inte har det är kommandot inte tillgängligt.</text:p>
  <text:p text:style-name="Head 2">Fler kommandon på snabbmenyn till &quot;Länkar&quot;</text:p>
  <help:embedded Id="68411" Eid="neuver"></help:embedded>
  <help:embedded Id="68411" Eid="neufor"></help:embedded>
  <text:p text:style-name="Head 2">Fler kommandon på snabbmenyn till en enskild länk</text:p>
  <help:embedded Id="68411" Eid="verbea"></help:embedded>
  <text:p text:style-name="Head 2">Fler kommandon på snabbmenyn till &quot;Sökningar&quot;</text:p>
  <text:p text:style-name="Head 3">Nytt sökningsutkast</text:p>
  <text:p text:style-name="Paragraph"><help:help-text value="visible">Öppnar fönstret <help:link Id="66162">Sökningsutkast</help:link></help:help-text>.</text:p>
  <text:p text:style-name="Head 3">Kommandot Ny SQL-sökning</text:p>
  <text:p text:style-name="Paragraph"><help:help-text value="visible">Öppnar fönstret <text:span text:style-name="T1">Sökningsutkast</text:span> som du använder för att ange <help:link Id="66162" Eid="sql">SQL-kommandon</help:link> direkt.</help:help-text></text:p>
  <text:p text:style-name="Head 2">Fler kommandon på snabbmenyn till en enskild sökning</text:p>
  <text:p text:style-name="Head 3">Redigera sökning</text:p>
  <text:p text:style-name="Paragraph"><help:help-text value="visible">Öppnar sökningen i <help:link Id="66162">Sökningsutkastläge</help:link>.</help:help-text></text:p>
  <text:p text:style-name="Head 3">Radera sökning</text:p>
  <text:p text:style-name="Paragraph">Sökningar raderas fysiskt.</text:p>
  <text:p text:style-name="Head 3"><help:help-id value="HID_BROWSER_QUERY_COPY"/>Kopiera sökning</text:p>
  <text:p text:style-name="Paragraph"><help:help-text value="visible">Kopierar sökningen till urklipp.</help:help-text> Du kan sedan infoga den från urklipp till ett annat dokument. Om du väljer kommandot Infoga öppnas dialogrutan <help:link Id="65967"><text:span text:style-name="T1">Infoga databaskolumner</text:span></help:link>.</text:p>
  <text:p text:style-name="Head 2">Fler kommandon på snabbmenyn till &quot;Tabeller&quot;</text:p>
  <help:embedded Id="66174" Eid="neutab"></help:embedded>
  <text:p text:style-name="Head 3"><help:help-id value="HID_BROWSER_VIEW_CREATE_DESIGN"/>Nytt vyutkast</text:p>
  <text:p text:style-name="Paragraph"><help:help-text value="visible">Öppnar fönstret <text:span text:style-name="T1">Vyutkast</text:span>.</help:help-text> Det här fönstret kontrolleras på samma sätt som fönstret <help:link Id="66162">Sökningsutkast</help:link>. Visningen är utvecklad för och används som en sökning.</text:p>
  <text:p text:style-name="Head 3"><help:help-id value="HID_BROWSER_TABLE_PASTE"/>Klistra in tabell</text:p>
  <text:p text:style-name="Paragraph"><help:help-text value="visible">Infogar en tabell från urklippet i den markerade tabellcontainern. Dialogrutan <help:link Id="66193"><text:span text:style-name="T1">Kopiera tabell</text:span></help:link> visas.</help:help-text></text:p>
  <text:p text:style-name="Head 3"><help:help-id value="HID_BROWSER_RELATION_DESIGN"/>Relationsutkast</text:p>
  <text:p text:style-name="Paragraph"><help:help-text value="visible">Öppnar fönstret <text:span text:style-name="T1">Relationsutkast</text:span>.</help:help-text></text:p>
  <text:p text:style-name="Head 2">Fler kommandon på snabbmenyn till en enskild tabell</text:p>
  <help:embedded Id="66174" Eid="tabbea"></help:embedded>
  <text:p text:style-name="Head 3"><help:help-id value="HID_BROWSER_TABLE_COPY"/>Kopiera tabell</text:p>
  <text:p text:style-name="Paragraph"><help:help-text value="visible">Kopierar den markerade tabellen till urklippet.</help:help-text></text:p>
  <text:p text:style-name="Head 2">Fler kommandon på snabbmenyn till en vy</text:p>
  <text:p text:style-name="Head 3"><help:help-id value="HID_BROWSER_VIEW_DELETE"/>Radera vy</text:p>
  <text:p text:style-name="Paragraph"><help:help-text value="visible">Raderar den markerade vyn.</help:help-text></text:p>
  <text:p text:style-name="Head 3"><help:help-id value="HID_BROWSER_VIEW_COPY"/>Kopiera vy</text:p>
  <text:p text:style-name="Paragraph"><help:help-text value="visible">Kopierar den markerade vyn till urklippet.</help:help-text></text:p>
  <text:p text:style-name="Head 3"><help:help-id value="HID_BROWSER_VIEW_PASTE"/>Klistra in vy</text:p>
  <text:p text:style-name="Paragraph"><help:help-text value="visible">Klistrar in en vy från urklippet i den markerade tabellcontainern. Dialogrutan <help:link Id="66193"><text:span text:style-name="T1">Kopiera tabell</text:span></help:link> visas.</help:help-text></text:p>
  </help:to-be-embedded>
 </office:body>
</office:document>
