

<office:document  xmlns:office="http://openoffice.org/2000/office" xmlns:style="http://openoffice.org/2000/style" xmlns:text="http://openoffice.org/2000/text" xmlns:table="http://openoffice.org/2000/table" xmlns:draw="http://openoffice.org/2000/drawing" xmlns:fo="http://www.w3.org/1999/XSL/Format" xmlns:xlink="http://www.w3.org/1999/xlink" xmlns:number="http://openoffice.org/2000/datastyle" xmlns:svg="http://www.w3.org/2000/svg" xmlns:chart="http://openoffice.org/2000/chart" xmlns:dr3d="http://openoffice.org/2000/dr3d" xmlns:math="http://www.w3.org/1998/Math/MathML" xmlns:form="http://openoffice.org/2000/form" xmlns:script="http://openoffice.org/2000/script" office:class="text" office:version="1.0" xmlns:dc="http://purl.org/dc/elements/1.1/" xmlns:meta="http://openoffice.org/2000/meta" xmlns:help="http://openoffice.org/2000/help">
<office:meta>
  <dc:description>text/common/02/12070100</dc:description>
  <dc:subject>Tabell</dc:subject>

  <dc:language>sv-SE</dc:language>
  <meta:user-defined meta:name="Info 0">READY</meta:user-defined>
  <meta:user-defined meta:name="Info 1">FREE_OK</meta:user-defined>
  <meta:user-defined meta:name="Info 2"/>
  <meta:user-defined meta:name="Info 3"/>
</office:meta>
 <office:script/>
 <office:font-decls>
  <style:font-decl style:name="StarSymbol" fo:font-family="StarSymbol" style:font-charset="x-symbol"/>
  <style:font-decl style:name="Courier New" fo:font-family="&apos;Courier New&apos;" style:font-style-name="Standard" style:font-family-generic="modern" style:font-pitch="fixed"/>
  <style:font-decl style:name="Courier" fo:font-family="Courier" style:font-family-generic="roman" style:font-pitch="fixed"/>
  <style:font-decl style:name="Arial Unicode MS" fo:font-family="&apos;Arial Unicode MS&apos;" style:font-pitch="variable"/>
  <style:font-decl style:name="HG Mincho Light J" fo:font-family="&apos;HG Mincho Light J&apos;" style:font-pitch="variable"/>
  <style:font-decl style:name="Times New Roman3" fo:font-family="&apos;Times New Roman&apos;" style:font-pitch="variable"/>
  <style:font-decl style:name="Thorndale" fo:font-family="Thorndale" style:font-family-generic="roman" style:font-pitch="variable"/>
  <style:font-decl style:name="Times New Roman2" fo:font-family="&apos;Times New Roman&apos;" style:font-style-name="Fett" style:font-family-generic="roman" style:font-pitch="variable"/>
  <style:font-decl style:name="Times New Roman" fo:font-family="&apos;Times New Roman&apos;" style:font-style-name="Standard" style:font-family-generic="roman" style:font-pitch="variable"/>
  <style:font-decl style:name="Times New Roman1" fo:font-family="&apos;Times New Roman&apos;" style:font-family-generic="swiss" style:font-pitch="variable"/>
 </office:font-decls>
 <office:automatic-styles>
  <style:style style:name="Tabelle1" style:family="table">
   <style:properties style:width="18cm" table:align="margins"/>
  </style:style>
  <style:style style:name="Tabelle1.A" style:family="table-column">
   <style:properties style:column-width="1.499cm" style:rel-column-width="850*"/>
  </style:style>
  <style:style style:name="Tabelle1.B" style:family="table-column">
   <style:properties style:column-width="16.498cm" style:rel-column-width="9352*"/>
  </style:style>
  <style:style style:name="Tabelle1.1" style:family="table-row">
   <style:properties style:min-row-height="0.848cm"/>
  </style:style>
  <style:style style:name="Tabelle1.A1" style:family="table-cell">
   <style:properties fo:padding="0cm" fo:border="none"/>
  </style:style>
  <style:style style:name="P1" style:family="paragraph" style:parent-style-name="Paragraph" style:master-page-name="HTML">
   <style:properties style:page-number="0"/>
  </style:style>
  <style:style style:name="T1" style:family="text">
   <style:properties fo:font-weight="bold"/>
  </style:style>
  <style:style style:name="fr1" style:family="graphics" style:parent-style-name="Graphics">
   <style:properties fo:margin-left="0cm" fo:margin-right="0cm" fo:margin-top="0cm" fo:margin-bottom="0cm" style:run-through="foreground" style:wrap="run-through" style:vertical-pos="middle" style:vertical-rel="paragraph" style:horizontal-pos="left" style:horizontal-rel="paragraph" style:mirror="none" fo:clip="rect(0cm 0cm 0cm 0cm)" draw:luminance="0%" draw:contrast="0%" draw:red="0%" draw:green="0%" draw:blue="0%" draw:gamma="1" draw:color-inversion="false" draw:transparency="-100%" draw:color-mode="standard"/>
  </style:style>
 </office:automatic-styles>
 <office:body>
  <text:variable-decls>
   <text:variable-decl text:value-type="string" text:name="HTML_ON"/>
   <text:variable-decl text:value-type="string" text:name="HTML_OFF"/>
   <text:variable-decl text:value-type="string" text:name="TITEL"/>
   <text:variable-decl text:value-type="string" text:name="END"/>
   <text:variable-decl text:value-type="string" text:name="NAME"/>
   <text:variable-decl text:value-type="string" text:name="HREF"/>
   <text:variable-decl text:value-type="string" text:name="MODIFY"/>
   <text:variable-decl text:value-type="string" text:name="REFNR"/>
   <text:variable-decl text:value-type="string" text:name="HelpID"/>
   <text:variable-decl text:value-type="string" text:name="AKTHLP"/>
   <text:variable-decl text:value-type="string" text:name="INDEX"/>
   <text:variable-decl text:value-type="string" text:name="HFELD"/>
   <text:variable-decl text:value-type="string" text:name="ELSE"/>
   <text:variable-decl text:value-type="string" text:name="STYLE"/>
  </text:variable-decls>
  <text:sequence-decls>
   <text:sequence-decl text:display-outline-level="0" text:name="Illustration"/>
   <text:sequence-decl text:display-outline-level="0" text:name="Table"/>
   <text:sequence-decl text:display-outline-level="0" text:name="Text"/>
   <text:sequence-decl text:display-outline-level="0" text:name="Drawing"/>
  </text:sequence-decls>
  <text:p text:style-name="P1"/>
  <text:p text:style-name="Head 1"><help:help-id value="SW_RADIOBUTTON_DLG_AP_INSERT_DB_SEL_RB_AS_TABLE"/>Tabell</text:p>
  <text:p text:style-name="Paragraph"><help:key-word value="Databasinnehåll; infoga som tabell" tag="kw65912_1"/><help:help-text value="hide">Infogar data från datakällvyn som en tabell i dokumentet.</help:help-text>I dialogrutan <text:span text:style-name="T1">Infoga databaskolumner</text:span> markerar du alternativet <text:span text:style-name="T1">Tabell</text:span> för att infoga data som en tabell i dokumentet. Du kan ange i dialogrutan vilka databasfält eller kolumner som ska importeras, och hur texten i tabellen ska formateras.</text:p>
  <text:p text:style-name="Head 2">Tabell</text:p>
  <text:p text:style-name="Paragraph">Under <text:span text:style-name="T1">Tabell</text:span> använder du piltangenterna för att markera de kolumner i databastabellen som ska importeras.</text:p>
  <text:p text:style-name="Head 3"><help:help-id value="SW_LISTBOX_DLG_AP_INSERT_DB_SEL_LB_TBL_DB_COLUMN"/>Databaskolumner</text:p>
  <text:p text:style-name="Paragraph"><help:help-text value="visible">Anger vilka databaskolumner som ska infogas i texttabellen.</help:help-text> Alla databaskolumner som inte har angetts i listrutan <text:span text:style-name="T1">Tabellkolumn(er)</text:span> visas här. Posterna är sorterade i bokstavsordning.</text:p>
  <text:p text:style-name="Head 3"><help:help-id value="SW_LISTBOX_DLG_AP_INSERT_DB_SEL_LB_TABLE_COL"/>Tabellkolumn(er)</text:p>
  <text:p text:style-name="Paragraph"><help:help-text value="visible">Visar alla databaskolumner som ska infogas i dokumentet.</help:help-text> En kolumn kommer att kopplas till varje motsvarande post i tabellen. Ordningen på posterna i listrutan <text:span text:style-name="T1">Tabell</text:span> anger ordningen för informationen i texttabellen.</text:p>
  <text:p text:style-name="Head 3"><help:help-id value="SW_IMAGEBUTTON_DLG_AP_INSERT_DB_SEL_IB_DBCOL_ALL_TO"/>&gt;&gt;</text:p>
  <text:p text:style-name="Paragraph"><help:help-text value="visible">Flyttar alla databasfält till listrutan <text:span text:style-name="T1">Tabellkolumn(er)</text:span>.</help:help-text> Alla fält i listrutan <text:span text:style-name="T1">Tabellkolumn(er)</text:span> kommer att infogas i dokumentet.</text:p>
  <text:p text:style-name="Head 3"><help:help-id value="SW_IMAGEBUTTON_DLG_AP_INSERT_DB_SEL_IB_DBCOL_ONE_TO"/>&gt;</text:p>
  <text:p text:style-name="Paragraph"><help:help-text value="visible">Flyttar det markerade databasfältet till listrutan <text:span text:style-name="T1">Tabellkolumn(er)</text:span>. </help:help-text> Du kan också dubbelklicka på en post för att flytta den till listrutan <text:span text:style-name="T1">Tabellkolumn(er)</text:span>. Alla fält i listrutan <text:span text:style-name="T1">Tabellkolumn(er)</text:span> kommer att infogas i dokumentet.</text:p>
  <text:p text:style-name="Head 3"><help:help-id value="SW_IMAGEBUTTON_DLG_AP_INSERT_DB_SEL_IB_DBCOL_ONE_FROM"/>&lt;</text:p>
  <text:p text:style-name="Paragraph"><help:help-text value="visible">Tar bort det markerade databasfältet från listrutan <text:span text:style-name="T1">Tabellkolumn(er)</text:span>.</help:help-text> Det borttagna fältet kommer inte att infogas i dokumentet.</text:p>
  <text:p text:style-name="Head 3"><help:help-id value="SW_IMAGEBUTTON_DLG_AP_INSERT_DB_SEL_IB_DBCOL_ALL_FROM"/>&lt;&lt;</text:p>
  <text:p text:style-name="Paragraph"><help:help-text value="visible">Tar bort alla databasfält från listrutan <text:span text:style-name="T1">Tabellkolumn(er)</text:span>.</help:help-text></text:p>
  <help:to-be-embedded Eid="format">
  <text:p text:style-name="Head 2">Format</text:p>
  <text:p text:style-name="Paragraph">Här kan du välja det format i vilket databasfältens innehåll ska infogas i dokumentet.</text:p>
  <text:p text:style-name="Head 3"><help:help-id value="SW_RADIOBUTTON_DLG_AP_INSERT_DB_SEL_RB_DBFMT_FROM_DB"/>Från databas</text:p>
  <text:p text:style-name="Paragraph"><help:help-text value="visible">Godkänner databasformaten.</help:help-text></text:p>
  <text:p text:style-name="Head 3"><help:help-id value="SW_RADIOBUTTON_DLG_AP_INSERT_DB_SEL_RB_DBFMT_FROM_USR"/><help:help-id value="SW_LISTBOX_DLG_AP_INSERT_DB_SEL_LB_DBFMT_FROM_USR"/>Urval</text:p>
  <text:p text:style-name="Paragraph"><help:help-text value="visible">I urvalslistan väljer du ett format i vilket fältinnehållet ska infogas i dokumentet.</help:help-text> Nummerformaten som finns här är bara tillgängliga för vissa databasfält, t.ex. numeriska eller booleska fält. Om ett databasfält i textformat är markerat, kan du inte välja några format i urvalslistan eftersom textformatet bibehålls automatiskt då.</text:p>
  <text:p text:style-name="Paragraph">Om det format som du vill ha inte finns med, så väljer du posten &quot;Fler format...&quot; för att bestämma det önskade formatet i dialogrutan <help:link Id="65738"><text:span text:style-name="T1">Talformat</text:span></help:link>.</text:p>
  <text:p text:style-name="Paragraph">När ett talformat tilldelas med hjälp av urvalslistan, gäller detta alltid det databasfält som markerats i listrutan <text:span text:style-name="T1">Databaskolumner</text:span>.</text:p>
  </help:to-be-embedded>
  <table:table table:name="Tabelle1" table:style-name="Tabelle1">
   <table:table-column table:style-name="Tabelle1.A"/>
   <table:table-column table:style-name="Tabelle1.B"/>
   <table:table-header-rows>
    <table:table-row table:style-name="Tabelle1.1">
     <table:table-cell table:style-name="Tabelle1.A1" table:value-type="string">
      <text:p text:style-name="Paragraph"><draw:image draw:name="Symbol0" svg:desc="Den här symbolen markerar text som innehåller ytterligare information." svg:pixelx="32" svg:pixely="32" svg:width="0.847cm" svg:height="0.847cm" xlink:href="65980" draw:filter-name=""/></text:p>

     </table:table-cell>
     <table:table-cell table:style-name="Tabelle1.A1" table:value-type="string">
      <text:p text:style-name="Paragraph">Om du vill infoga data i dokumentet som en tabell, måste du använda rätt <text:span text:style-name="T1">Tabell</text:span>-alternativ. Du kan sedan välja ett databasfält från listrutan <text:span text:style-name="T1">Tabellkolumn(er)</text:span> för att definiera formateringen för databasfältet. Ändringarna i talformat kommer att användas i den senaste markeringen. Det spelar ingen roll om du markerat databasfältet i listrutan <text:span text:style-name="T1">Databaskolumner</text:span> eller listrutan <text:span text:style-name="T1">Tabellkolumn(er)</text:span>.</text:p>
     </table:table-cell>
    </table:table-row>
   </table:table-header-rows>
  </table:table>
  <text:p text:style-name="Head 3"><help:help-id value="SW_CHECKBOX_DLG_AP_INSERT_DB_SEL_CB_TABLE_HEADON"/>Infoga tabellöverskrift</text:p>
  <text:p text:style-name="Paragraph"><help:help-text value="visible">Markera den här kryssrutan om en överskriftsrad för kolumnerna ska infogas i texttabellen.</help:help-text></text:p>
  <text:p text:style-name="Head 3"><help:help-id value="SW_RADIOBUTTON_DLG_AP_INSERT_DB_SEL_RB_HEADL_COLNMS"/>Använd kolumnnamn</text:p>
  <text:p text:style-name="Paragraph"><help:help-text value="visible">Använder fältnamnen i databastabellen som rubriker för varje texttabellkolumn.</help:help-text></text:p>
  <text:p text:style-name="Head 3"><help:help-id value="SW_RADIOBUTTON_DLG_AP_INSERT_DB_SEL_RB_HEADL_EMPTY"/>Skapa bara rad</text:p>
  <text:p text:style-name="Paragraph"><help:help-text value="visible">Infogar en tom rad överst i texttabellen.</help:help-text> Om du använder alternativet <text:span text:style-name="T1">Skapa bara rad</text:span> kan du definiera överskrifter i dokumentet som inte motsvaras av namnen på databasfälten.</text:p>
  <text:p text:style-name="Head 3"><help:help-id value="SW_PUSHBUTTON_DLG_AP_INSERT_DB_SEL_PB_TBL_FORMAT"/>Egenskaper</text:p>
  <text:p text:style-name="Paragraph"><help:help-text value="visible">Öppnar dialogrutan <help:switch select="Program"><help:case select="WRITER"><help:link Id="67676"><text:span text:style-name="T1">Tabellformatering</text:span></help:link> </help:case><help:default> <text:span text:style-name="T1">Tabellformatering</text:span></help:default></help:switch> som du använder för att definiera tabellens egenskaper, t.ex. ramar, bakgrund och kolumnbredd.</help:help-text></text:p>
  <text:p text:style-name="Head 3"><help:help-id value="SW_PUSHBUTTON_DLG_AP_INSERT_DB_SEL_PB_TBL_AUTOFMT"/>AutoFormat</text:p>
  <text:p text:style-name="Paragraph"><help:help-text value="visible">Öppnar dialogrutan <help:switch select="Program"><help:case select="WRITER"><help:link Id="67697"><text:span text:style-name="T1">AutoFormat</text:span></help:link></help:case><help:default>AutoFormat</help:default></help:switch> som du använder för att välja den formatmall som ska användas när tabellen infogas.</help:help-text></text:p>
 </office:body>
</office:document>
