

<office:document  xmlns:office="http://openoffice.org/2000/office" xmlns:style="http://openoffice.org/2000/style" xmlns:text="http://openoffice.org/2000/text" xmlns:table="http://openoffice.org/2000/table" xmlns:draw="http://openoffice.org/2000/drawing" xmlns:fo="http://www.w3.org/1999/XSL/Format" xmlns:xlink="http://www.w3.org/1999/xlink" xmlns:number="http://openoffice.org/2000/datastyle" xmlns:svg="http://www.w3.org/2000/svg" xmlns:chart="http://openoffice.org/2000/chart" xmlns:dr3d="http://openoffice.org/2000/dr3d" xmlns:math="http://www.w3.org/1998/Math/MathML" xmlns:form="http://openoffice.org/2000/form" xmlns:script="http://openoffice.org/2000/script" office:class="text" office:version="1.0" xmlns:dc="http://purl.org/dc/elements/1.1/" xmlns:meta="http://openoffice.org/2000/meta" xmlns:help="http://openoffice.org/2000/help">
<office:meta>
  <dc:description>text/common/02/12090100</dc:description>
  <dc:subject>Standardfilter/filter</dc:subject>

  <dc:language>sv-SE</dc:language>
  <meta:user-defined meta:name="Info 0">READY</meta:user-defined>
  <meta:user-defined meta:name="Info 1">FREE_OK</meta:user-defined>
  <meta:user-defined meta:name="Info 2"/>
  <meta:user-defined meta:name="Info 3"/>
</office:meta>
 <office:script/>
 <office:font-decls>
  <style:font-decl style:name="StarSymbol" fo:font-family="StarSymbol" style:font-charset="x-symbol"/>
  <style:font-decl style:name="Courier New" fo:font-family="&apos;Courier New&apos;" style:font-style-name="Standard" style:font-family-generic="modern" style:font-pitch="fixed"/>
  <style:font-decl style:name="Courier" fo:font-family="Courier" style:font-family-generic="roman" style:font-pitch="fixed"/>
  <style:font-decl style:name="Arial Unicode MS" fo:font-family="&apos;Arial Unicode MS&apos;" style:font-pitch="variable"/>
  <style:font-decl style:name="HG Mincho Light J" fo:font-family="&apos;HG Mincho Light J&apos;" style:font-pitch="variable"/>
  <style:font-decl style:name="Times New Roman3" fo:font-family="&apos;Times New Roman&apos;" style:font-pitch="variable"/>
  <style:font-decl style:name="Thorndale" fo:font-family="Thorndale" style:font-family-generic="roman" style:font-pitch="variable"/>
  <style:font-decl style:name="Times New Roman2" fo:font-family="&apos;Times New Roman&apos;" style:font-style-name="Fett" style:font-family-generic="roman" style:font-pitch="variable"/>
  <style:font-decl style:name="Times New Roman" fo:font-family="&apos;Times New Roman&apos;" style:font-style-name="Standard" style:font-family-generic="roman" style:font-pitch="variable"/>
  <style:font-decl style:name="Times New Roman1" fo:font-family="&apos;Times New Roman&apos;" style:font-family-generic="swiss" style:font-pitch="variable"/>
 </office:font-decls>
 <office:automatic-styles>
  <style:style style:name="P1" style:family="paragraph" style:parent-style-name="Paragraph" style:master-page-name="HTML">
   <style:properties style:page-number="0"/>
  </style:style>
  <style:style style:name="T1" style:family="text">
   <style:properties fo:font-weight="bold"/>
  </style:style>
 </office:automatic-styles>
 <office:body>
  <text:variable-decls>
   <text:variable-decl text:value-type="string" text:name="HTML_ON"/>
   <text:variable-decl text:value-type="string" text:name="HTML_OFF"/>
   <text:variable-decl text:value-type="string" text:name="TITEL"/>
   <text:variable-decl text:value-type="string" text:name="END"/>
   <text:variable-decl text:value-type="string" text:name="HREF"/>
   <text:variable-decl text:value-type="string" text:name="OS2"/>
   <text:variable-decl text:value-type="string" text:name="ELSE"/>
   <text:variable-decl text:value-type="string" text:name="NAME"/>
   <text:variable-decl text:value-type="string" text:name="HelpID"/>
   <text:variable-decl text:value-type="string" text:name="MODIFY"/>
   <text:variable-decl text:value-type="string" text:name="REFNR"/>
   <text:variable-decl text:value-type="string" text:name="AKTHLP"/>
   <text:variable-decl text:value-type="string" text:name="INDEX"/>
   <text:variable-decl text:value-type="string" text:name="HFELD"/>
   <text:variable-decl text:value-type="string" text:name="STYLE"/>
  </text:variable-decls>
  <text:sequence-decls>
   <text:sequence-decl text:display-outline-level="0" text:name="Illustration"/>
   <text:sequence-decl text:display-outline-level="0" text:name="Table"/>
   <text:sequence-decl text:display-outline-level="0" text:name="Text"/>
   <text:sequence-decl text:display-outline-level="0" text:name="Drawing"/>
  </text:sequence-decls>
  <text:p text:style-name="P1"/>
  <text:p text:style-name="Head 1"><help:help-id value="SID_FILTER"/><help:key-word value="Standardfilter; tabell" tag="kw66033_1"/><help:key-word value="Filter; tabell" tag="kw66033_4"/><help:key-word value="Tabell; standardfilter" tag="kw66033_3"/><help:key-word value="Databas; filter" tag="kw66033_2"/>Standardfilter/filter</text:p>
  <text:p text:style-name="Paragraph"><a name="standardfilter"/><help:help-text value="visible">Anger logiska villkor som ska filtrera tabellens data.<a name="ende"/></help:help-text> Den här dialogrutan heter <text:span text:style-name="T1">Standardfilter</text:span> i tabelldokument och <text:span text:style-name="T1">Filter</text:span> i databastabeller och databasformulär. Dialogrutan <text:span text:style-name="T1">Filter</text:span> innehåller inte knappen <text:span text:style-name="T1">Fler</text:span>.</text:p>
  <help:popup Id="65607" Eid="dnfitdf"><help:embedded Id="65598" Eid="wie"></help:embedded></help:popup>
  <text:p text:style-name="Head 2">Filterkriterier</text:p>
  <text:p text:style-name="Paragraph">Du kan definiera ett filter genom att ange en typ av rad, namnet på ett fält, ett logiskt villkor och ett värde eller en kombination av argument.</text:p>
  <text:p text:style-name="Head 3"><help:help-id value="SC_LISTBOX_RID_SCDLG_FILTER_LB_OP1"/><help:help-id value="SC_LISTBOX_RID_SCDLG_FILTER_LB_OP2"/><help:help-id value="DBACCESS_LISTBOX_DLG_FILTERCRIT_LB_WHERECOND2"/><help:help-id value="DBACCESS_LISTBOX_DLG_FILTERCRIT_LB_WHERECOND3"/>Operator</text:p>
  <text:p text:style-name="Paragraph"><help:help-text value="visible">För de följande argumenten kan du välja mellan de logiska operatorerna OCH och ELLER.</help:help-text></text:p>
  <text:p text:style-name="Head 3"><help:help-id value="SC_LISTBOX_RID_SCDLG_FILTER_LB_FIELD1"/><help:help-id value="SC_LISTBOX_RID_SCDLG_FILTER_LB_FIELD2"/><help:help-id value="SC_LISTBOX_RID_SCDLG_FILTER_LB_FIELD3"/><help:help-id value="DBACCESS_LISTBOX_DLG_FILTERCRIT_LB_WHEREFIELD1"/><help:help-id value="DBACCESS_LISTBOX_DLG_FILTERCRIT_LB_WHEREFIELD2"/><help:help-id value="DBACCESS_LISTBOX_DLG_FILTERCRIT_LB_WHEREFIELD3"/>Fältnamn</text:p>
  <text:p text:style-name="Paragraph"><help:help-text value="visible">Anger de fältnamn från den aktuella tabellen som ska användas i argumentet.</help:help-text> Om ingen text är tillgänglig för fältnamnen visas kolumnidentifierare.</text:p>
  <text:p text:style-name="Head 3"><help:help-id value="SC_LISTBOX_RID_SCDLG_FILTER_LB_COND1"/><help:help-id value="SC_LISTBOX_RID_SCDLG_FILTER_LB_COND2"/><help:help-id value="SC_LISTBOX_RID_SCDLG_FILTER_LB_COND3"/><help:help-id value="DBACCESS_LISTBOX_DLG_FILTERCRIT_LB_WHERECOMP1"/><help:help-id value="DBACCESS_LISTBOX_DLG_FILTERCRIT_LB_WHERECOMP2"/><help:help-id value="DBACCESS_LISTBOX_DLG_FILTERCRIT_LB_WHERECOMP3"/>Villkor</text:p>
  <text:p text:style-name="Paragraph"><help:help-text value="visible">Anger de <help:link Id="65906">relationsoperatorer</help:link> genom vilka posterna i fälten <text:span text:style-name="T1">Fältnamn</text:span> och <text:span text:style-name="T1">Värde</text:span> kan länkas.</help:help-text></text:p>
  <text:p text:style-name="Head 3"><help:help-id value="SC_COMBOBOX_RID_SCDLG_FILTER_ED_VAL1"/><help:help-id value="SC_COMBOBOX_RID_SCDLG_FILTER_ED_VAL2"/><help:help-id value="SC_COMBOBOX_RID_SCDLG_FILTER_ED_VAL3"/><help:help-id value="DBACCESS_EDIT_DLG_FILTERCRIT_ET_WHEREVALUE1"/><help:help-id value="DBACCESS_EDIT_DLG_FILTERCRIT_ET_WHEREVALUE2"/><help:help-id value="DBACCESS_EDIT_DLG_FILTERCRIT_ET_WHEREVALUE3"/>Värde</text:p>
  <text:p text:style-name="Paragraph"><help:help-text value="visible">Anger ett värde som används för att filtrera fältet.</help:help-text></text:p>
  <text:p text:style-name="Paragraph">Listrutan <text:span text:style-name="T1">Värde</text:span> innehåller alla möjliga värden för angivet <text:span text:style-name="T1">Fältnamn</text:span>. Välj det värde som ska användas i filtret. Du kan också välja någon av posterna <text:span text:style-name="T1">- tom -</text:span> och <text:span text:style-name="T1">- inte tom -</text:span>.</text:p>
  <text:p text:style-name="Paragraph">Om du använder filterfunktionen i databastabeller eller formulär skriver du det värde som ska användas för filtrering i textfältet <text:span text:style-name="T1">Värde</text:span>.</text:p>
  <help:switch select="Program"><help:case select="CALC">
  <text:p text:style-name="Paragraph">Dialogrutan <text:span text:style-name="T1">Filter</text:span> innehåller inte knappen <text:span text:style-name="T1">Fler</text:span>.</text:p>
  <text:p text:style-name="Head 2"><help:link Id="66915">Fler&gt;&gt;</help:link></text:p>
  <help:embedded Id="66915" Eid="zusaetzetext"></help:embedded>
  </help:case></help:switch>
 </office:body>
</office:document>
