

<office:document  xmlns:office="http://openoffice.org/2000/office" xmlns:style="http://openoffice.org/2000/style" xmlns:text="http://openoffice.org/2000/text" xmlns:table="http://openoffice.org/2000/table" xmlns:draw="http://openoffice.org/2000/drawing" xmlns:fo="http://www.w3.org/1999/XSL/Format" xmlns:xlink="http://www.w3.org/1999/xlink" xmlns:number="http://openoffice.org/2000/datastyle" xmlns:svg="http://www.w3.org/2000/svg" xmlns:chart="http://openoffice.org/2000/chart" xmlns:dr3d="http://openoffice.org/2000/dr3d" xmlns:math="http://www.w3.org/1998/Math/MathML" xmlns:form="http://openoffice.org/2000/form" xmlns:script="http://openoffice.org/2000/script" office:class="text" office:version="1.0" xmlns:dc="http://purl.org/dc/elements/1.1/" xmlns:meta="http://openoffice.org/2000/meta" xmlns:help="http://openoffice.org/2000/help">
<office:meta>
  <dc:description>text/smath/main0503</dc:description>
  <dc:subject>%PRODUCTNAME Math Features</dc:subject>
  <meta:keywords>
   <meta:keyword>$Version</meta:keyword>
  </meta:keywords>
  <dc:language>en-US</dc:language>
  <meta:user-defined meta:name="Info 0">READY</meta:user-defined>
  <meta:user-defined meta:name="Info 1">FREE_OK</meta:user-defined>
  <meta:user-defined meta:name="Info 2"/>
  <meta:user-defined meta:name="Info 3"/>
</office:meta>
 <office:script/>
 <office:font-decls>
  <style:font-decl style:name="StarSymbol" fo:font-family="StarSymbol" style:font-charset="x-symbol"/>
  <style:font-decl style:name="Courier New" fo:font-family="&apos;Courier New&apos;" style:font-style-name="Standard" style:font-family-generic="modern" style:font-pitch="fixed"/>
  <style:font-decl style:name="Courier" fo:font-family="Courier" style:font-family-generic="roman" style:font-pitch="fixed"/>
  <style:font-decl style:name="Arial Unicode MS" fo:font-family="&apos;Arial Unicode MS&apos;" style:font-pitch="variable"/>
  <style:font-decl style:name="HG Mincho Light J" fo:font-family="&apos;HG Mincho Light J&apos;" style:font-pitch="variable"/>
  <style:font-decl style:name="Times New Roman3" fo:font-family="&apos;Times New Roman&apos;" style:font-pitch="variable"/>
  <style:font-decl style:name="Thorndale" fo:font-family="Thorndale" style:font-family-generic="roman" style:font-pitch="variable"/>
  <style:font-decl style:name="Times New Roman2" fo:font-family="&apos;Times New Roman&apos;" style:font-style-name="Fett" style:font-family-generic="roman" style:font-pitch="variable"/>
  <style:font-decl style:name="Times New Roman" fo:font-family="&apos;Times New Roman&apos;" style:font-style-name="Standard" style:font-family-generic="roman" style:font-pitch="variable"/>
  <style:font-decl style:name="Times New Roman1" fo:font-family="&apos;Times New Roman&apos;" style:font-family-generic="swiss" style:font-pitch="variable"/>
 </office:font-decls>
 <office:automatic-styles>
  <style:style style:name="Tabelle3" style:family="table">
   <style:properties style:width="18cm" table:align="margins"/>
  </style:style>
  <style:style style:name="Tabelle3.A" style:family="table-column">
   <style:properties style:column-width="1.499cm" style:rel-column-width="5460*"/>
  </style:style>
  <style:style style:name="Tabelle3.B" style:family="table-column">
   <style:properties style:column-width="16.499cm" style:rel-column-width="60055*"/>
  </style:style>
  <style:style style:name="P1" style:family="paragraph" style:parent-style-name="Paragraph" style:master-page-name="HTML">
   <style:properties style:page-number="0"/>
  </style:style>
  <style:style style:name="T1" style:family="text">
   <style:properties fo:font-weight="bold"/>
  </style:style>
  <style:style style:name="fr1" style:family="graphics" style:parent-style-name="Graphics">
   <style:properties style:run-through="foreground" style:wrap="run-through" style:vertical-pos="top" style:vertical-rel="paragraph" style:horizontal-pos="left" style:horizontal-rel="paragraph" style:mirror="none" fo:clip="rect(0cm 0cm 0cm 0cm)" draw:luminance="0%" draw:contrast="0%" draw:red="0%" draw:green="0%" draw:blue="0%" draw:gamma="1" draw:color-inversion="false" draw:transparency="-100%" draw:color-mode="standard"/>
  </style:style>
 </office:automatic-styles>
 <office:body>
  <text:variable-decls>
   <text:variable-decl text:value-type="string" text:name="HTML_ON"/>
   <text:variable-decl text:value-type="string" text:name="HTML_OFF"/>
   <text:variable-decl text:value-type="string" text:name="TITEL"/>
   <text:variable-decl text:value-type="string" text:name="END"/>
   <text:variable-decl text:value-type="string" text:name="HREF"/>
   <text:variable-decl text:value-type="string" text:name="OS2"/>
   <text:variable-decl text:value-type="string" text:name="ELSE"/>
   <text:variable-decl text:value-type="string" text:name="MAC"/>
   <text:variable-decl text:value-type="string" text:name="NAME"/>
   <text:variable-decl text:value-type="string" text:name="MODIFY"/>
   <text:variable-decl text:value-type="string" text:name="REFNR"/>
   <text:variable-decl text:value-type="string" text:name="HelpID"/>
   <text:variable-decl text:value-type="string" text:name="AKTHLP"/>
   <text:variable-decl text:value-type="string" text:name="INDEX"/>
   <text:variable-decl text:value-type="string" text:name="KEY"/>
   <text:variable-decl text:value-type="string" text:name="STYLE"/>
   <text:variable-decl text:value-type="string" text:name="PARAINFO"/>
  </text:variable-decls>
  <text:sequence-decls>
   <text:sequence-decl text:display-outline-level="0" text:name="Illustration"/>
   <text:sequence-decl text:display-outline-level="0" text:name="Table"/>
   <text:sequence-decl text:display-outline-level="0" text:name="Text"/>
   <text:sequence-decl text:display-outline-level="0" text:name="Drawing"/>
  </text:sequence-decls>
  <help:paragraphinfo state="E"/><help:to-be-embedded Eid="waskann">
  <text:p text:style-name="Head 1"><help:paragraphinfo state="U" number="1"/><help:to-be-embedded Eid="main0503"><help:link Id="67294"><help:productname>%PRODUCTNAME</help:productname> Math Features</help:link></help:to-be-embedded></text:p>
  <text:p text:style-name="Paragraph"><help:paragraphinfo state="U" number="2"/>This section contains an overview of some of the important functions and capabilities that <help:productname>%PRODUCTNAME</help:productname> Math offers.</text:p>
  <help:paragraphinfo state="E"/></help:to-be-embedded>
  <text:p text:style-name="Paragraph"><help:paragraphinfo state="U" number="3"/><help:productname>%PRODUCTNAME</help:productname> Math provides numerous operators, functions and formatting assistants to help you create formulas. These are all listed in a selection window, in which you can click the required element with the mouse to insert the object into your work. There is an exhaustive <help:link Id="67326" Eid="referenz">reference</help:link> list and numerous <help:link Id="67332" Eid="beispiele">samples</help:link> contained in the Help.</text:p>
  <text:p text:style-name="Head 2"><help:paragraphinfo state="U" number="10"/>Creating a Formula</text:p>
  <text:p text:style-name="Paragraph"><help:paragraphinfo state="U" number="12"/>As with charts and images, formulas are created as objects within a document. <text:s/>Inserting a formula into a document automatically starts <help:productname>%PRODUCTNAME</help:productname> Math. You can create, edit and format the formula using a large selection of predefined symbols and functions.</text:p>
  <text:p text:style-name="Head 2"><help:paragraphinfo state="U" number="15"/>Typing a Formula Directly</text:p>
  <text:p text:style-name="Paragraph"><help:paragraphinfo state="U" number="13"/>If you are familiar with the <help:productname>%PRODUCTNAME</help:productname> Math language, you can also type a formula directly into the document. For example, type this formula into a text document: &quot;a sup 2 + b sup 2 = c sup 2&quot;. Select this text and choose <text:span text:style-name="T1">Insert - Object - Formula</text:span>. The text will be converted into a formatted formula.</text:p>
  <table:table table:name="Tabelle3" table:style-name="Tabelle3">
   <table:table-column table:style-name="Tabelle3.A"/>
   <table:table-column table:style-name="Tabelle3.B"/>
   <table:table-header-rows>
    <table:table-row>
     <table:table-cell table:value-type="string">
      <text:p text:style-name="Paragraph"><draw:image draw:name="Icon0" svg:desc="Notes icon" svg:pixelx="32" svg:pixely="32" svg:width="0.847cm" svg:height="0.847cm" xlink:href="65980" draw:filter-name=""/></text:p>

     </table:table-cell>
     <table:table-cell table:value-type="string">
      <text:p text:style-name="Paragraph"><help:paragraphinfo state="U" number="14"/><help:key-word value="formula editor; in %PRODUCTNAME Math" tag="kw67294_1"/>Formulas cannot be calculated in <help:productname>%PRODUCTNAME</help:productname> Math because it is a formula editor (for writing and showing formulas) and not a calculation program. Use spreadsheets to calculate formulas, or for simple calculations use the text document calculation function.</text:p>
     </table:table-cell>
    </table:table-row>
   </table:table-header-rows>
  </table:table>
  <text:p text:style-name="Head 2"><help:paragraphinfo state="U" number="16"/>Creating a Formula in the Commands Window</text:p>
  <text:p text:style-name="Paragraph"><help:paragraphinfo state="U" number="4"/><help:help-id value="HID_SMA_COMMAND_WIN_EDIT"/><help:help-text value="visible">Use the <help:productname>%PRODUCTNAME</help:productname> Math Commands window to describe and edit formulas. As you make entries in the Commands window, you see them in the text.</help:help-text> To maintain an overview when creating long and complicated formulas, use the formula cursor on the Main Toolbar. When this function is activated, the cursor location within the function in the Commands window is reflected in the text window; the reverse is also true. If you click a specific location in either one of the windows, you will see it in the other one.</text:p>
  <text:p text:style-name="Head 2"><help:paragraphinfo state="U" number="17"/>Individual Symbols</text:p>
  <text:p text:style-name="Paragraph"><help:paragraphinfo state="U" number="6"/>You can create your own symbols and import characters from other fonts. You can add new symbols to the basic catalog of <help:productname>%PRODUCTNAME</help:productname> Math symbols, or create your own special catalogs. Numerous special characters are also available.</text:p>
  <text:p text:style-name="Head 2"><help:paragraphinfo state="U" number="18"/>Formulas in Context</text:p>
  <text:p text:style-name="Paragraph"><help:paragraphinfo state="U" number="8"/>To make working with formulas easier, use the context menus, which can be called up with a right mouse click. This applies especially to the Commands window. This context menu contains all the commands that are found in the Selection window, and also operators, and so on, which can be inserted into your formula by mouse-click without having to key them into the Commands window.</text:p>
 </office:body>
</office:document>
