

<office:document  xmlns:office="http://openoffice.org/2000/office" xmlns:style="http://openoffice.org/2000/style" xmlns:text="http://openoffice.org/2000/text" xmlns:table="http://openoffice.org/2000/table" xmlns:draw="http://openoffice.org/2000/drawing" xmlns:fo="http://www.w3.org/1999/XSL/Format" xmlns:xlink="http://www.w3.org/1999/xlink" xmlns:number="http://openoffice.org/2000/datastyle" xmlns:svg="http://www.w3.org/2000/svg" xmlns:chart="http://openoffice.org/2000/chart" xmlns:dr3d="http://openoffice.org/2000/dr3d" xmlns:math="http://www.w3.org/1998/Math/MathML" xmlns:form="http://openoffice.org/2000/form" xmlns:script="http://openoffice.org/2000/script" office:class="text" office:version="1.0" xmlns:dc="http://purl.org/dc/elements/1.1/" xmlns:meta="http://openoffice.org/2000/meta" xmlns:help="http://openoffice.org/2000/help">
<office:meta>
  <dc:description>text/common/01/01190000</dc:description>
  <dc:subject>Versioni</dc:subject>
  <meta:keywords>
   <meta:keyword>$Version</meta:keyword>
  </meta:keywords>
  <dc:language>it-IT</dc:language>
  <meta:user-defined meta:name="Info 0">READY</meta:user-defined>
  <meta:user-defined meta:name="Info 1">FREE_OK</meta:user-defined>
  <meta:user-defined meta:name="Info 2"/>
  <meta:user-defined meta:name="Info 3"/>
</office:meta>
 <office:script/>
 <office:font-decls>
  <style:font-decl style:name="StarSymbol" fo:font-family="StarSymbol" style:font-charset="x-symbol"/>
  <style:font-decl style:name="Courier New" fo:font-family="&apos;Courier New&apos;" style:font-style-name="Standard" style:font-family-generic="modern" style:font-pitch="fixed"/>
  <style:font-decl style:name="Courier" fo:font-family="Courier" style:font-family-generic="roman" style:font-pitch="fixed"/>
  <style:font-decl style:name="Arial Unicode MS" fo:font-family="&apos;Arial Unicode MS&apos;" style:font-pitch="variable"/>
  <style:font-decl style:name="HG Mincho Light J" fo:font-family="&apos;HG Mincho Light J&apos;" style:font-pitch="variable"/>
  <style:font-decl style:name="Times New Roman3" fo:font-family="&apos;Times New Roman&apos;" style:font-pitch="variable"/>
  <style:font-decl style:name="Thorndale" fo:font-family="Thorndale" style:font-family-generic="roman" style:font-pitch="variable"/>
  <style:font-decl style:name="Times New Roman2" fo:font-family="&apos;Times New Roman&apos;" style:font-style-name="Fett" style:font-family-generic="roman" style:font-pitch="variable"/>
  <style:font-decl style:name="Times New Roman" fo:font-family="&apos;Times New Roman&apos;" style:font-style-name="Standard" style:font-family-generic="roman" style:font-pitch="variable"/>
  <style:font-decl style:name="Times New Roman1" fo:font-family="&apos;Times New Roman&apos;" style:font-family-generic="swiss" style:font-pitch="variable"/>
 </office:font-decls>
 <office:automatic-styles>
  <style:style style:name="Tabelle1" style:family="table">
   <style:properties style:width="18cm" table:align="margins"/>
  </style:style>
  <style:style style:name="Tabelle1.A" style:family="table-column">
   <style:properties style:column-width="1.499cm" style:rel-column-width="850*"/>
  </style:style>
  <style:style style:name="Tabelle1.B" style:family="table-column">
   <style:properties style:column-width="16.498cm" style:rel-column-width="9352*"/>
  </style:style>
  <style:style style:name="Tabelle1.1" style:family="table-row">
   <style:properties style:min-row-height="0.848cm"/>
  </style:style>
  <style:style style:name="Tabelle1.A1" style:family="table-cell">
   <style:properties fo:padding="0cm" fo:border="none"/>
  </style:style>
  <style:style style:name="P1" style:family="paragraph" style:parent-style-name="Paragraph" style:master-page-name="HTML">
   <style:properties style:page-number="0"/>
  </style:style>
  <style:style style:name="T1" style:family="text">
   <style:properties fo:font-weight="bold"/>
  </style:style>
  <style:style style:name="fr1" style:family="graphics" style:parent-style-name="Graphics">
   <style:properties fo:margin-left="0cm" fo:margin-right="0cm" fo:margin-top="0cm" fo:margin-bottom="0cm" style:run-through="foreground" style:wrap="run-through" style:vertical-pos="top" style:vertical-rel="paragraph" style:horizontal-pos="left" style:horizontal-rel="paragraph" style:mirror="none" fo:clip="rect(0cm 0cm 0cm 0cm)" draw:luminance="0%" draw:contrast="0%" draw:red="0%" draw:green="0%" draw:blue="0%" draw:gamma="1" draw:color-inversion="false" draw:transparency="-100%" draw:color-mode="standard"/>
  </style:style>
 </office:automatic-styles>
 <office:body>
  <text:variable-decls>
   <text:variable-decl text:value-type="string" text:name="HTML_ON"/>
   <text:variable-decl text:value-type="string" text:name="HTML_OFF"/>
   <text:variable-decl text:value-type="string" text:name="TITEL"/>
   <text:variable-decl text:value-type="string" text:name="END"/>
   <text:variable-decl text:value-type="string" text:name="WIN"/>
   <text:variable-decl text:value-type="string" text:name="mac"/>
   <text:variable-decl text:value-type="string" text:name="OS2"/>
   <text:variable-decl text:value-type="string" text:name="ELSE"/>
   <text:variable-decl text:value-type="string" text:name="NAME"/>
   <text:variable-decl text:value-type="string" text:name="HREF"/>
   <text:variable-decl text:value-type="string" text:name="HelpID"/>
   <text:variable-decl text:value-type="string" text:name="MODIFY"/>
   <text:variable-decl text:value-type="string" text:name="REFNR"/>
   <text:variable-decl text:value-type="string" text:name="AKTHLP"/>
   <text:variable-decl text:value-type="string" text:name="KEY"/>
   <text:variable-decl text:value-type="string" text:name="INDEX"/>
   <text:variable-decl text:value-type="string" text:name="STYLE"/>
  </text:variable-decls>
  <text:sequence-decls>
   <text:sequence-decl text:display-outline-level="0" text:name="Illustration"/>
   <text:sequence-decl text:display-outline-level="0" text:name="Table"/>
   <text:sequence-decl text:display-outline-level="0" text:name="Text"/>
   <text:sequence-decl text:display-outline-level="0" text:name="Drawing"/>
  </text:sequence-decls>
  <text:p text:style-name="P1"/>
  <text:p text:style-name="Head 1"><help:help-id value="SID_VERSION"/><help:key-word value="Versione; salvare e aprire un documento" tag="kw65722_1"/><help:key-word value="Documento; versioni" tag="kw65722_2"/><a name="versionen"/><help:link Id="65722">Versioni</help:link></text:p>
  <text:p text:style-name="Paragraph"><help:to-be-embedded Eid="versionentext"><help:help-text value="visible">Permette di salvare e gestire più versioni del documento attivo nello stesso file. Potete inoltre aprire, eliminare e confrontare le versioni precedenti.</help:help-text></help:to-be-embedded></text:p>
  <help:popup Id="65611" Eid="versionen"><help:embedded Id="65598" Eid="wie"></help:embedded></help:popup>
  <table:table table:name="Tabelle1" table:style-name="Tabelle1">
   <table:table-column table:style-name="Tabelle1.A"/>
   <table:table-column table:style-name="Tabelle1.B"/>
   <table:table-header-rows>
    <table:table-row table:style-name="Tabelle1.1">
     <table:table-cell table:style-name="Tabelle1.A1" table:value-type="string">
      <text:p text:style-name="Paragraph"><draw:image draw:name="Importante0" svg:desc="Importante" svg:pixelx="32" svg:pixely="32" svg:width="0.847cm" svg:height="0.847cm" xlink:href="65640" draw:filter-name=""/></text:p>

     </table:table-cell>
     <table:table-cell table:style-name="Tabelle1.A1" table:value-type="string">
      <text:p text:style-name="Paragraph">Se salvate una copia di un file che contiene informazioni sulla versione (scegliendo <text:span text:style-name="T1">File - Salva con nome)</text:span>, tali informazioni non vengono salvate con il file.</text:p>
     </table:table-cell>
    </table:table-row>
   </table:table-header-rows>
  </table:table>
  <text:p text:style-name="Head 2">Nuove versioni</text:p>
  <text:p text:style-name="Paragraph">Potete impostare le opzioni per salvare una nuova versione del documento.</text:p>
  <text:p text:style-name="Head 3"><help:help-id value="SFX2_PUSHBUTTON_DLG_VERSIONS_PB_SAVE"/>Salva la versione nuova</text:p>
  <text:p text:style-name="Paragraph"><help:help-text value="visible">Salva lo stato attuale del documento come nuova versione. Volendo, prima di salvare la nuova versione, potete anche inserire dei commenti nella finestra di dialogo <text:span text:style-name="T1">Inserisci commento versioni</text:span>.</help:help-text></text:p>
  <text:p text:style-name="Head 4"><help:help-id value="SFX2_MULTILINEEDIT_DLG_COMMENTS_ME_VERSIONS"/>Inserisci commento versioni</text:p>
  <text:p text:style-name="Paragraph"><help:help-text value="visible">Inserite qui un commento quando salvate una nuova versione. Se per aprire questa finestra di dialogo avete fatto clic su <text:span text:style-name="T1">Mostra</text:span>, non è possibile modificare il commento.</help:help-text></text:p>
  <text:p text:style-name="Head 3"><help:help-id value="SFX2_CHECKBOX_DLG_VERSIONS_CB_SAVEONCLOSE"/>Salva sempre la versione quando chiudi</text:p>
  <text:p text:style-name="Paragraph"><help:help-text value="visible">Se avete apportato modifiche al vostro documento, <help:productname>%PRODUCTNAME</help:productname> salva automaticamente una nuova versione quando chiudete il documento.</help:help-text></text:p>
  <text:p text:style-name="Head 2"><help:help-id value="SFX2_MODALDIALOG_DLG_VERSIONS"/>Versioni esistenti</text:p>
  <text:p text:style-name="Paragraph"><help:help-text value="visible">Elenca le versioni esistenti del documento attivo, la data e l&apos;ora di creazione, l&apos;autore e i commenti associati.</help:help-text></text:p>
  <help:embedded Id="65630" Eid="schliessen"></help:embedded>
  <text:p text:style-name="Head 2"><help:help-id value="SFX2_PUSHBUTTON_DLG_VERSIONS_PB_OPEN"/>Apri</text:p>
  <text:p text:style-name="Paragraph"><help:help-text value="visible">Apre la versione selezionata in una finestra di sola lettura.</help:help-text></text:p>
  <text:p text:style-name="Head 2"><help:help-id value="SFX2_PUSHBUTTON_DLG_VERSIONS_PB_VIEW"/>Mostra...</text:p>
  <text:p text:style-name="Paragraph"><help:help-text value="visible">Visualizza interamente il commento per la versione selezionata.</help:help-text></text:p>
  <text:p text:style-name="Head 2"><help:help-id value="SFX2_PUSHBUTTON_DLG_VERSIONS_PB_DELETE"/>Elimina</text:p>
  <text:p text:style-name="Paragraph"><help:help-text value="visible">Elimina la versione selezionata.</help:help-text></text:p>
  <text:p text:style-name="Head 2"><help:help-id value="SFX2_PUSHBUTTON_DLG_VERSIONS_PB_COMPARE"/>Confronta</text:p>
  <text:p text:style-name="Paragraph"><help:help-text value="visible">Con questa funzione potete confrontare le diverse versioni del documento</help:help-text>. Si apre il dialogo <help:link Id="65877"><text:span text:style-name="T1">Accettare o rifiutare le modifiche</text:span></help:link>. Le modifiche vengono elencate qui e evidenziate a colori nel documento.</text:p>
 </office:body>
</office:document>
