

<office:document  xmlns:office="http://openoffice.org/2000/office" xmlns:style="http://openoffice.org/2000/style" xmlns:text="http://openoffice.org/2000/text" xmlns:table="http://openoffice.org/2000/table" xmlns:draw="http://openoffice.org/2000/drawing" xmlns:fo="http://www.w3.org/1999/XSL/Format" xmlns:xlink="http://www.w3.org/1999/xlink" xmlns:number="http://openoffice.org/2000/datastyle" xmlns:svg="http://www.w3.org/2000/svg" xmlns:chart="http://openoffice.org/2000/chart" xmlns:dr3d="http://openoffice.org/2000/dr3d" xmlns:math="http://www.w3.org/1998/Math/MathML" xmlns:form="http://openoffice.org/2000/form" xmlns:script="http://openoffice.org/2000/script" office:class="text" office:version="1.0" xmlns:dc="http://purl.org/dc/elements/1.1/" xmlns:meta="http://openoffice.org/2000/meta" xmlns:help="http://openoffice.org/2000/help">
<office:meta>
  <dc:description>text/common/01/04150300</dc:description>
  <dc:subject>Inserisci applet</dc:subject>

  <dc:language>it-IT</dc:language>
  <meta:user-defined meta:name="Info 0">READY</meta:user-defined>
  <meta:user-defined meta:name="Info 1">FREE_OK</meta:user-defined>
  <meta:user-defined meta:name="Info 2"/>
  <meta:user-defined meta:name="Info 3"/>
</office:meta>
 <office:script/>
 <office:font-decls>
  <style:font-decl style:name="StarSymbol" fo:font-family="StarSymbol" style:font-charset="x-symbol"/>
  <style:font-decl style:name="Courier New" fo:font-family="&apos;Courier New&apos;" style:font-style-name="Standard" style:font-family-generic="modern" style:font-pitch="fixed"/>
  <style:font-decl style:name="Courier" fo:font-family="Courier" style:font-family-generic="roman" style:font-pitch="fixed"/>
  <style:font-decl style:name="Arial Unicode MS" fo:font-family="&apos;Arial Unicode MS&apos;" style:font-pitch="variable"/>
  <style:font-decl style:name="HG Mincho Light J" fo:font-family="&apos;HG Mincho Light J&apos;" style:font-pitch="variable"/>
  <style:font-decl style:name="Times New Roman3" fo:font-family="&apos;Times New Roman&apos;" style:font-pitch="variable"/>
  <style:font-decl style:name="Thorndale" fo:font-family="Thorndale" style:font-family-generic="roman" style:font-pitch="variable"/>
  <style:font-decl style:name="Times New Roman2" fo:font-family="&apos;Times New Roman&apos;" style:font-style-name="Fett" style:font-family-generic="roman" style:font-pitch="variable"/>
  <style:font-decl style:name="Times New Roman" fo:font-family="&apos;Times New Roman&apos;" style:font-style-name="Standard" style:font-family-generic="roman" style:font-pitch="variable"/>
  <style:font-decl style:name="Times New Roman1" fo:font-family="&apos;Times New Roman&apos;" style:font-family-generic="swiss" style:font-pitch="variable"/>
 </office:font-decls>
 <office:automatic-styles>
  <style:style style:name="P1" style:family="paragraph" style:parent-style-name="Paragraph" style:master-page-name="HTML">
   <style:properties style:page-number="0"/>
  </style:style>
  <style:style style:name="T1" style:family="text">
   <style:properties fo:font-weight="bold"/>
  </style:style>
  <style:style style:name="T2" style:family="text">
   <style:properties fo:font-style="italic"/>
  </style:style>
 </office:automatic-styles>
 <office:body>
  <text:variable-decls>
   <text:variable-decl text:value-type="string" text:name="HTML_ON"/>
   <text:variable-decl text:value-type="string" text:name="HTML_OFF"/>
   <text:variable-decl text:value-type="string" text:name="TITEL"/>
   <text:variable-decl text:value-type="string" text:name="END"/>
   <text:variable-decl text:value-type="string" text:name="HREF"/>
   <text:variable-decl text:value-type="string" text:name="NAME"/>
   <text:variable-decl text:value-type="string" text:name="HFELD"/>
   <text:variable-decl text:value-type="string" text:name="HelpID"/>
   <text:variable-decl text:value-type="string" text:name="MODIFY"/>
   <text:variable-decl text:value-type="string" text:name="REFNR"/>
   <text:variable-decl text:value-type="string" text:name="KEY"/>
   <text:variable-decl text:value-type="string" text:name="AKTHLP"/>
   <text:variable-decl text:value-type="string" text:name="INDEX"/>
   <text:variable-decl text:value-type="string" text:name="STYLE"/>
  </text:variable-decls>
  <text:sequence-decls>
   <text:sequence-decl text:display-outline-level="0" text:name="Illustration"/>
   <text:sequence-decl text:display-outline-level="0" text:name="Table"/>
   <text:sequence-decl text:display-outline-level="0" text:name="Text"/>
   <text:sequence-decl text:display-outline-level="0" text:name="Drawing"/>
  </text:sequence-decls>
  <text:p text:style-name="P1"/>
  <text:p text:style-name="Head 1"><help:help-id value="SO3_MODALDIALOG_MD_INSERT_OBJECT_APPLET"/><help:help-id value="SID_INSERT_APPLET"/><help:key-word value="Applet; inserire" tag="kw65656_1"/><help:key-word value="Inserimento; applet" tag="kw65656_2"/>Inserisci applet</text:p>
  <text:p text:style-name="Paragraph"><help:to-be-embedded Eid="applet"><help:help-text value="visible">Inserisce un&apos;<help:popup Id="65629" Eid="applet">applet</help:popup> scritta in linguaggio Java (una &quot;applet Java&quot; nei paragrafi seguenti) nel documento attivo.</help:help-text></help:to-be-embedded></text:p>
  <help:popup Id="65610" Eid="objektapplet"><help:embedded Id="65598" Eid="wie"></help:embedded></help:popup>
  <text:p text:style-name="Head 2">File</text:p>
  <text:p text:style-name="Paragraph">Specificate il nome e la posizione dell&apos;applet Java.</text:p>
  <text:p text:style-name="Head 3"><help:help-id value="SO3_EDIT_MD_INSERT_OBJECT_APPLET_ED_CLASSFILE"/>Classe</text:p>
  <text:p text:style-name="Paragraph"><help:help-text value="visible">Mostra il nome del file contenente l&apos;applet Java.</help:help-text></text:p>
  <text:p text:style-name="Head 3"><help:help-id value="SO3_EDIT_MD_INSERT_OBJECT_APPLET_ED_CLASSLOCATION"/>Class Location</text:p>
  <text:p text:style-name="Paragraph"><help:help-text value="visible">Digitate il percorso dell&apos;applet Java, oppure fate clic su <text:span text:style-name="T1">Cerca</text:span> per ricercare l&apos;applet da inserire.</help:help-text></text:p>
  <text:p text:style-name="Head 3"><help:help-id value="SO3_PUSHBUTTON_MD_INSERT_OBJECT_APPLET_BTN_CLASS"/>Sfoglia...</text:p>
  <text:p text:style-name="Paragraph"><help:help-text value="visible">Individuate l&apos;applet Java da inserire e fate clic su <text:span text:style-name="T1">OK</text:span>.</help:help-text></text:p>
  <text:p text:style-name="Head 2"><help:help-id value="SO3_MULTILINEEDIT_MD_INSERT_OBJECT_APPLET_ED_APPLET_OPTIONS"/>Opzioni</text:p>
  <text:p text:style-name="Paragraph"><help:help-text value="visible">Inserite i parametri per l&apos;applet Java usando il formato <text:span text:style-name="T2">parametro1=&quot;testo&quot;</text:span>.</help:help-text></text:p>
 </office:body>
</office:document>
