

<office:document  xmlns:office="http://openoffice.org/2000/office" xmlns:style="http://openoffice.org/2000/style" xmlns:text="http://openoffice.org/2000/text" xmlns:table="http://openoffice.org/2000/table" xmlns:draw="http://openoffice.org/2000/drawing" xmlns:fo="http://www.w3.org/1999/XSL/Format" xmlns:xlink="http://www.w3.org/1999/xlink" xmlns:number="http://openoffice.org/2000/datastyle" xmlns:svg="http://www.w3.org/2000/svg" xmlns:chart="http://openoffice.org/2000/chart" xmlns:dr3d="http://openoffice.org/2000/dr3d" xmlns:math="http://www.w3.org/1998/Math/MathML" xmlns:form="http://openoffice.org/2000/form" xmlns:script="http://openoffice.org/2000/script" office:class="text" office:version="1.0" xmlns:dc="http://purl.org/dc/elements/1.1/" xmlns:meta="http://openoffice.org/2000/meta" xmlns:help="http://openoffice.org/2000/help">
<office:meta>
  <dc:description>text/common/01/04160103</dc:description>
  <dc:subject>Formattazione automatica diagramma</dc:subject>

  <dc:language>it-IT</dc:language>
  <meta:user-defined meta:name="Info 0">READY</meta:user-defined>
  <meta:user-defined meta:name="Info 1">FREE_OK</meta:user-defined>
  <meta:user-defined meta:name="Info 2"/>
  <meta:user-defined meta:name="Info 3"/>
</office:meta>
 <office:script/>
 <office:font-decls>
  <style:font-decl style:name="StarSymbol" fo:font-family="StarSymbol" style:font-charset="x-symbol"/>
  <style:font-decl style:name="Courier New" fo:font-family="&apos;Courier New&apos;" style:font-style-name="Standard" style:font-family-generic="modern" style:font-pitch="fixed"/>
  <style:font-decl style:name="Courier" fo:font-family="Courier" style:font-family-generic="roman" style:font-pitch="fixed"/>
  <style:font-decl style:name="Arial Unicode MS" fo:font-family="&apos;Arial Unicode MS&apos;" style:font-pitch="variable"/>
  <style:font-decl style:name="HG Mincho Light J" fo:font-family="&apos;HG Mincho Light J&apos;" style:font-pitch="variable"/>
  <style:font-decl style:name="Times New Roman3" fo:font-family="&apos;Times New Roman&apos;" style:font-pitch="variable"/>
  <style:font-decl style:name="Thorndale" fo:font-family="Thorndale" style:font-family-generic="roman" style:font-pitch="variable"/>
  <style:font-decl style:name="Times New Roman2" fo:font-family="&apos;Times New Roman&apos;" style:font-style-name="Fett" style:font-family-generic="roman" style:font-pitch="variable"/>
  <style:font-decl style:name="Times New Roman" fo:font-family="&apos;Times New Roman&apos;" style:font-style-name="Standard" style:font-family-generic="roman" style:font-pitch="variable"/>
  <style:font-decl style:name="Times New Roman1" fo:font-family="&apos;Times New Roman&apos;" style:font-family-generic="swiss" style:font-pitch="variable"/>
 </office:font-decls>
 <office:automatic-styles>
  <style:style style:name="P1" style:family="paragraph" style:parent-style-name="Paragraph" style:master-page-name="HTML">
   <style:properties style:page-number="0"/>
  </style:style>
 </office:automatic-styles>
 <office:body>
  <text:variable-decls>
   <text:variable-decl text:value-type="string" text:name="HTML_ON"/>
   <text:variable-decl text:value-type="string" text:name="HTML_OFF"/>
   <text:variable-decl text:value-type="string" text:name="TITEL"/>
   <text:variable-decl text:value-type="string" text:name="END"/>
   <text:variable-decl text:value-type="string" text:name="HREF"/>
   <text:variable-decl text:value-type="string" text:name="NAME"/>
   <text:variable-decl text:value-type="string" text:name="HelpID"/>
   <text:variable-decl text:value-type="string" text:name="MODIFY"/>
   <text:variable-decl text:value-type="string" text:name="REFNR"/>
   <text:variable-decl text:value-type="string" text:name="HFELD"/>
   <text:variable-decl text:value-type="string" text:name="ELSE"/>
   <text:variable-decl text:value-type="string" text:name="AKTHLP"/>
   <text:variable-decl text:value-type="string" text:name="STYLE"/>
  </text:variable-decls>
  <text:sequence-decls>
   <text:sequence-decl text:display-outline-level="0" text:name="Illustration"/>
   <text:sequence-decl text:display-outline-level="0" text:name="Table"/>
   <text:sequence-decl text:display-outline-level="0" text:name="Text"/>
   <text:sequence-decl text:display-outline-level="0" text:name="Drawing"/>
  </text:sequence-decls>
  <help:to-be-embedded Eid="auto33">
  <text:p text:style-name="Head 1"><help:link Id="65819">Formattazione automatica diagramma</help:link></text:p>
  <text:p text:style-name="Paragraph">Su questo lato del dialogo potete stabilire la dicitura del diagramma.</text:p>
  </help:to-be-embedded>
  <help:popup Id="65610" Eid="diagramm3"><help:embedded Id="65598" Eid="wie"></help:embedded></help:popup>
  <text:p text:style-name="Head 2"><help:help-id value="SCH_EDIT_DLG_CHART_WIZ_ET_3_TEXTTITLE"/><help:help-id value="SCH_CHECKBOX_DLG_CHART_WIZ_CB_3_TEXTTITLE"/>Titolo del diagramma</text:p>
  <text:p text:style-name="Paragraph"><help:help-text value="visible">Inserite un titolo per il diagramma.</help:help-text></text:p>
  <help:embedded Id="65642" Eid="vors"></help:embedded>
  <help:embedded Id="65858" Eid="vorschau"></help:embedded>
  <help:embedded Id="65642" Eid="mark"></help:embedded>
  <text:p text:style-name="Head 2">Serie di dati in</text:p>
  <text:p text:style-name="Paragraph"><help:to-be-embedded Eid="datreihe">In questa sezione potete stabilire se la serie di dati deve essere <text:s/>rappresentata in righe o in colonne.</help:to-be-embedded></text:p>
  <text:p text:style-name="Head 3"><help:help-id value="SCH_RADIOBUTTON_DLG_CHART_WIZ_RB_DATAROWS"/>Righe</text:p>
  <text:p text:style-name="Paragraph"><help:to-be-embedded Eid="zeilen"><help:help-text value="visible">Dispone le serie di dati in forma di righe.</help:help-text></help:to-be-embedded></text:p>
  <text:p text:style-name="Head 3"><help:help-id value="SCH_RADIOBUTTON_DLG_CHART_WIZ_RB_DATACOLS"/>Colonne</text:p>
  <text:p text:style-name="Paragraph"><help:to-be-embedded Eid="spalten"><help:help-text value="visible">Dispone le serie di dati in forma di colonne.</help:help-text></help:to-be-embedded></text:p>
  <text:p text:style-name="Head 2"><help:help-id value="SCH_CHECKBOX_DLG_CHART_WIZ_CB_3_LEGEND"/>Legenda</text:p>
  <text:p text:style-name="Paragraph"><help:help-text value="visible">Visualizza una legenda nel diagramma.</help:help-text></text:p>
  <text:p text:style-name="Head 2">Titoli degli assi</text:p>
  <text:p text:style-name="Paragraph">Inserite le diciture per il diagramma.</text:p>
  <text:p text:style-name="Head 3"><help:help-id value="SCH_CHECKBOX_DLG_CHART_WIZ_CB_3_XTEXT"/><help:help-id value="SCH_EDIT_DLG_CHART_WIZ_ET_3_TEXTRUBRIK"/>Asse X</text:p>
  <text:p text:style-name="Paragraph"><help:help-text value="visible">Inserite una dicitura per l&apos;asse X (orizzontale).</help:help-text></text:p>
  <text:p text:style-name="Head 3"><help:help-id value="SCH_CHECKBOX_DLG_CHART_WIZ_CB_3_YTEXT"/><help:help-id value="SCH_EDIT_DLG_CHART_WIZ_ET_3_TEXTSIZE"/>Asse Y</text:p>
  <text:p text:style-name="Paragraph"><help:help-text value="visible">Inserite una dicitura per l&apos;asse Y (verticale).</help:help-text></text:p>
  <text:p text:style-name="Head 3"><help:help-id value="SCH_CHECKBOX_DLG_CHART_WIZ_CB_3_ZTEXT"/><help:help-id value="SCH_EDIT_DLG_CHART_WIZ_ET_3_TEXTSECOND"/>Asse Z</text:p>
  <text:p text:style-name="Paragraph"><help:help-text value="visible">Inserite una dicitura per l&apos;asse Z. Questa funzione è disponibile solo per i diagrammi tridimensionali.</help:help-text></text:p>
 </office:body>
</office:document>
