

<office:document  xmlns:office="http://openoffice.org/2000/office" xmlns:style="http://openoffice.org/2000/style" xmlns:text="http://openoffice.org/2000/text" xmlns:table="http://openoffice.org/2000/table" xmlns:draw="http://openoffice.org/2000/drawing" xmlns:fo="http://www.w3.org/1999/XSL/Format" xmlns:xlink="http://www.w3.org/1999/xlink" xmlns:number="http://openoffice.org/2000/datastyle" xmlns:svg="http://www.w3.org/2000/svg" xmlns:chart="http://openoffice.org/2000/chart" xmlns:dr3d="http://openoffice.org/2000/dr3d" xmlns:math="http://www.w3.org/1998/Math/MathML" xmlns:form="http://openoffice.org/2000/form" xmlns:script="http://openoffice.org/2000/script" office:class="text" office:version="1.0" xmlns:dc="http://purl.org/dc/elements/1.1/" xmlns:meta="http://openoffice.org/2000/meta" xmlns:help="http://openoffice.org/2000/help">
<office:meta>
  <dc:description>text/common/01/04160100</dc:description>
  <dc:subject>Formattazione automatica diagramma</dc:subject>
  <meta:keywords>
   <meta:keyword>$Version</meta:keyword>
  </meta:keywords>
  <dc:language>it-IT</dc:language>
  <meta:user-defined meta:name="Info 0">READY</meta:user-defined>
  <meta:user-defined meta:name="Info 1">FREE_OK</meta:user-defined>
  <meta:user-defined meta:name="Info 2"/>
  <meta:user-defined meta:name="Info 3"/>
</office:meta>
 <office:script/>
 <office:font-decls>
  <style:font-decl style:name="StarSymbol" fo:font-family="StarSymbol" style:font-charset="x-symbol"/>
  <style:font-decl style:name="Courier New" fo:font-family="&apos;Courier New&apos;" style:font-style-name="Standard" style:font-family-generic="modern" style:font-pitch="fixed"/>
  <style:font-decl style:name="Courier" fo:font-family="Courier" style:font-family-generic="roman" style:font-pitch="fixed"/>
  <style:font-decl style:name="Arial Unicode MS" fo:font-family="&apos;Arial Unicode MS&apos;" style:font-pitch="variable"/>
  <style:font-decl style:name="HG Mincho Light J" fo:font-family="&apos;HG Mincho Light J&apos;" style:font-pitch="variable"/>
  <style:font-decl style:name="Times New Roman3" fo:font-family="&apos;Times New Roman&apos;" style:font-pitch="variable"/>
  <style:font-decl style:name="Thorndale" fo:font-family="Thorndale" style:font-family-generic="roman" style:font-pitch="variable"/>
  <style:font-decl style:name="Times New Roman2" fo:font-family="&apos;Times New Roman&apos;" style:font-style-name="Fett" style:font-family-generic="roman" style:font-pitch="variable"/>
  <style:font-decl style:name="Times New Roman" fo:font-family="&apos;Times New Roman&apos;" style:font-style-name="Standard" style:font-family-generic="roman" style:font-pitch="variable"/>
  <style:font-decl style:name="Times New Roman1" fo:font-family="&apos;Times New Roman&apos;" style:font-family-generic="swiss" style:font-pitch="variable"/>
 </office:font-decls>
 <office:automatic-styles>
  <style:style style:name="Tabelle3" style:family="table">
   <style:properties style:width="18cm" table:align="margins"/>
  </style:style>
  <style:style style:name="Tabelle3.A" style:family="table-column">
   <style:properties style:column-width="1.499cm" style:rel-column-width="5460*"/>
  </style:style>
  <style:style style:name="Tabelle3.B" style:family="table-column">
   <style:properties style:column-width="16.501cm" style:rel-column-width="60074*"/>
  </style:style>
  <style:style style:name="Tabelle3.1" style:family="table-row"/>
  <style:style style:name="Tabelle3.A1" style:family="table-cell">
   <style:properties fo:padding="0cm" fo:border="none"/>
  </style:style>
  <style:style style:name="Tabelle2" style:family="table">
   <style:properties style:width="18cm" table:align="margins"/>
  </style:style>
  <style:style style:name="Tabelle2.A" style:family="table-column">
   <style:properties style:column-width="1.499cm" style:rel-column-width="5460*"/>
  </style:style>
  <style:style style:name="Tabelle2.B" style:family="table-column">
   <style:properties style:column-width="16.501cm" style:rel-column-width="60074*"/>
  </style:style>
  <style:style style:name="Tabelle2.1" style:family="table-row"/>
  <style:style style:name="Tabelle2.A1" style:family="table-cell">
   <style:properties fo:padding="0cm" fo:border="none"/>
  </style:style>
  <style:style style:name="P1" style:family="paragraph" style:parent-style-name="Paragraph" style:master-page-name="HTML">
   <style:properties style:page-number="0"/>
  </style:style>
  <style:style style:name="T1" style:family="text">
   <style:properties fo:font-weight="bold"/>
  </style:style>
  <style:style style:name="fr1" style:family="graphics" style:parent-style-name="Graphics">
   <style:properties style:run-through="foreground" style:wrap="run-through" style:vertical-pos="top" style:vertical-rel="paragraph" style:horizontal-pos="left" style:horizontal-rel="paragraph" style:mirror="none" fo:clip="rect(0cm 0cm 0cm 0cm)" draw:luminance="0%" draw:contrast="0%" draw:red="0%" draw:green="0%" draw:blue="0%" draw:gamma="1" draw:color-inversion="false" draw:transparency="-100%" draw:color-mode="standard"/>
  </style:style>
 </office:automatic-styles>
 <office:body>
  <text:variable-decls>
   <text:variable-decl text:value-type="string" text:name="HTML_ON"/>
   <text:variable-decl text:value-type="string" text:name="HTML_OFF"/>
   <text:variable-decl text:value-type="string" text:name="TITEL"/>
   <text:variable-decl text:value-type="string" text:name="END"/>
   <text:variable-decl text:value-type="string" text:name="HREF"/>
   <text:variable-decl text:value-type="string" text:name="NAME"/>
   <text:variable-decl text:value-type="string" text:name="MAC"/>
   <text:variable-decl text:value-type="string" text:name="HFELD"/>
   <text:variable-decl text:value-type="string" text:name="HelpID"/>
   <text:variable-decl text:value-type="string" text:name="MODIFY"/>
   <text:variable-decl text:value-type="string" text:name="REFNR"/>
   <text:variable-decl text:value-type="string" text:name="KEY"/>
   <text:variable-decl text:value-type="string" text:name="AKTHLP"/>
   <text:variable-decl text:value-type="string" text:name="INDEX"/>
   <text:variable-decl text:value-type="string" text:name="STYLE"/>
  </text:variable-decls>
  <text:sequence-decls>
   <text:sequence-decl text:display-outline-level="0" text:name="Illustration"/>
   <text:sequence-decl text:display-outline-level="0" text:name="Table"/>
   <text:sequence-decl text:display-outline-level="0" text:name="Text"/>
   <text:sequence-decl text:display-outline-level="0" text:name="Drawing"/>
  </text:sequence-decls>
  <text:p text:style-name="P1"/>
  <text:p text:style-name="Head 1"><help:help-id value="SID_INSERT_DIAGRAM"/><help:help-id value="SID_DRAW_CHART"/><help:help-id value="SID_OPENDLG_CHART"/><help:help-id value="HID_INSERT_CHART"/><help:key-word value="Formattazione automatica; inserire diagrammi" tag="kw65858_1"/><help:key-word value="Inserimento; diagrammi (formattazione automatica)" tag="kw65858_3"/><help:key-word value="Diagramma; inserire (formattazione automatica)" tag="kw65858_2"/><a name="autoformatdiagramm"/><help:link Id="65858">Formattazione automatica diagramma</help:link></text:p>
  <text:p text:style-name="Paragraph"><help:to-be-embedded Eid="autoformatdiagrammtext"><help:help-text value="visible">Crea un diagramma nel documento attivo. Per usare un&apos;area di celle di <help:switch select="Program"><help:case select="WRITER">una tabella</help:case></help:switch><help:switch select="Program"><help:case select="CALC">un foglio elettronico</help:case></help:switch> come sorgente di dati per il diagramma, selezionate le celle e scegliete questo comando.</help:help-text></help:to-be-embedded></text:p>
  <help:popup Id="65610" Eid="chart"><help:embedded Id="65598" Eid="wie"></help:embedded></help:popup>
  <text:p text:style-name="Paragraph"><help:to-be-embedded Eid="vorschau">Se avete creato un diagramma usando i dati di un&apos;area di celle, <help:productname>%PRODUCTNAME</help:productname> lo aggiorna automaticamente ogni volta che i dati corrispondenti vengono modificati.</help:to-be-embedded></text:p>
  <help:switch select="Program"><help:case select="CALC">
  <table:table table:name="Tabelle3" table:style-name="Tabelle3">
   <table:table-column table:style-name="Tabelle3.A"/>
   <table:table-column table:style-name="Tabelle3.B"/>
   <table:table-header-rows>
    <table:table-row table:style-name="Tabelle3.1">
     <table:table-cell table:style-name="Tabelle3.A1" table:value-type="string">
      <text:p text:style-name="Paragraph"><draw:image draw:name="Simbolo0" svg:desc="Simbolo di suggerimento" svg:pixelx="32" svg:pixely="32" svg:width="0.847cm" svg:height="0.847cm" xlink:href="66732" draw:filter-name=""/></text:p>

     </table:table-cell>
     <table:table-cell table:style-name="Tabelle3.A1" table:value-type="string">
      <text:p text:style-name="Paragraph">Per cambiare velocemente l&apos;area di celle usata per il diagramma, selezionate una nuova area e trascinate la selezione nel diagramma. In alternativa, potete selezionare il diagramma, fare clic con il pulsante destro del mouse e scegliere <text:span text:style-name="T1">Cambia area dati</text:span>.</text:p>
     </table:table-cell>
    </table:table-row>
   </table:table-header-rows>
  </table:table>
  </help:case></help:switch>
  <text:p text:style-name="Head 2">Formattazione automatica diagramma</text:p>
  <text:p text:style-name="Head 3">Selezione</text:p>
  <text:p text:style-name="Paragraph">Definite le aree di valori da inserire nel diagramma.</text:p>
  <text:p text:style-name="Head 3"><help:help-id value="SW_EDIT_DLG_INSERT_CHART_ED_RANGE"/><help:help-id value="SC_EDIT_RID_SCDLG_CHARTRANGE_ET_RANGE"/>Area</text:p>
  <text:p text:style-name="Paragraph"><help:help-text value="visible">Inserite <help:switch select="Program"><help:case select="WRITER">l&apos;area di celle della tabella</help:case></help:switch><help:switch select="Program"><help:case select="CALC">l&apos;area di celle</help:case></help:switch> contenente i dati da includere nel diagramma. In alternativa, potete definire l&apos;area di celle trascinando il puntatore nel file. Per ridurre la finestra di dialogo durante la selezione dell&apos;area, fate clic sul pulsante <text:span text:style-name="T1">Zoom indietro</text:span>.</help:help-text></text:p>
  <table:table table:name="Tabelle2" table:style-name="Tabelle2">
   <table:table-column table:style-name="Tabelle2.A"/>
   <table:table-column table:style-name="Tabelle2.B"/>
   <table:table-header-rows>
    <table:table-row table:style-name="Tabelle2.1">
     <table:table-cell table:style-name="Tabelle2.A1" table:value-type="string">
      <text:p text:style-name="Paragraph"><draw:image draw:name="Simbolo1" svg:desc="Simbolo di suggerimento" svg:pixelx="32" svg:pixely="32" svg:width="0.847cm" svg:height="0.847cm" xlink:href="66732" draw:filter-name=""/></text:p>

     </table:table-cell>
     <table:table-cell table:style-name="Tabelle2.A1" table:value-type="string">
      <text:p text:style-name="Paragraph"><help:switch select="Program"><help:case select="CALC">Nei fogli elettronici, se il cursore è posizionato all&apos;interno di un&apos;area di valori contigui, facendo clic sul simbolo <text:span text:style-name="T1">Inserisci diagramma</text:span> potete selezionare automaticamente tutti i valori contigui.</help:case></help:switch></text:p>
     </table:table-cell>
    </table:table-row>
   </table:table-header-rows>
  </table:table>
  <help:help-id value="SC_IMAGEBUTTON_RID_SCDLG_CHARTRANGE_RB_RANGE"/><help:switch select="Program"><help:case select="CALC"><help:embedded Id="65630" Eid="eingabesymbol"></help:embedded></help:case></help:switch>
  <help:to-be-embedded Eid="reiheueber">
  <text:p text:style-name="Head 3"><help:help-id value="SW_CHECKBOX_DLG_INSERT_CHART_CB_FIRST_ROW"/><help:help-id value="SC_CHECKBOX_RID_SCDLG_CHARTRANGE_CB_COLHEADER"/>Prima riga come dicitura</text:p>
  </help:to-be-embedded>
  <text:p text:style-name="Paragraph"><help:help-text value="visible">Usa le voci della prima riga della selezione come diciture per l&apos;area dati.</help:help-text></text:p>
  <help:to-be-embedded Eid="spalteueber">
  <text:p text:style-name="Head 3"><help:help-id value="SW_CHECKBOX_DLG_INSERT_CHART_CB_FIRST_COL"/><help:help-id value="SC_CHECKBOX_RID_SCDLG_CHARTRANGE_CB_ROWHEADER"/>Prima colonna come dicitura</text:p>
  </help:to-be-embedded>
  <text:p text:style-name="Paragraph"><help:help-text value="visible">Usa le voci della colonna più a sinistra della selezione come diciture per l&apos;area dati.</help:help-text></text:p>
  <text:p text:style-name="Head 3"><help:help-id value="SC_LISTBOX_RID_SCDLG_CHARTRANGE_LB_TOTABLE"/><help:switch select="Program"><help:case select="CALC">Risultato nella tabella</help:case></help:switch></text:p>
  <text:p text:style-name="Paragraph"><help:help-text value="visible"><help:switch select="Program"><help:case select="CALC">Selezionate la tabella in cui volete creare il diagramma.</help:case></help:switch></help:help-text></text:p>
  <text:p text:style-name="Head 2"><help:help-id value="SW_PUSHBUTTON_DLG_INSERT_CHART_BT_PREV"/><help:help-id value="SC_PUSHBUTTON_RID_SCDLG_CHARTRANGE_BTN_PREV"/>&lt;&lt; Indietro</text:p>
  <text:p text:style-name="Paragraph"><help:help-text value="visible">Torna alla fase precedente.</help:help-text> Le impostazioni della pagina attiva vengono preservate.</text:p>
  <text:p text:style-name="Head 2"><help:help-id value="SW_PUSHBUTTON_DLG_INSERT_CHART_BT_NEXT"/><help:help-id value="SC_PUSHBUTTON_RID_SCDLG_CHARTRANGE_BTN_NEXT"/>Avanti &gt;&gt;</text:p>
  <text:p text:style-name="Paragraph"><help:help-text value="visible">Accetta le impostazioni per la pagina e passa alla fase successiva.</help:help-text></text:p>
  <text:p text:style-name="Head 2"><help:help-id value="SW_PUSHBUTTON_DLG_INSERT_CHART_BT_FINISH"/><help:help-id value="SC_PUSHBUTTON_RID_SCDLG_CHARTRANGE_BTN_FINISH"/>Crea</text:p>
  <text:p text:style-name="Paragraph"><help:help-text value="visible">Crea un diagramma nel documento attivo.</help:help-text></text:p>
  <text:p text:style-name="ParaList"><help:embedded Id="65598" Eid="related"></help:embedded></text:p>
  <text:p text:style-name="ParaList"><help:link Id="65866"></help:link></text:p>
  <text:p text:style-name="ParaList"><help:link Id="65642"></help:link></text:p>
 </office:body>
</office:document>
