

<office:document  xmlns:office="http://openoffice.org/2000/office" xmlns:style="http://openoffice.org/2000/style" xmlns:text="http://openoffice.org/2000/text" xmlns:table="http://openoffice.org/2000/table" xmlns:draw="http://openoffice.org/2000/drawing" xmlns:fo="http://www.w3.org/1999/XSL/Format" xmlns:xlink="http://www.w3.org/1999/xlink" xmlns:number="http://openoffice.org/2000/datastyle" xmlns:svg="http://www.w3.org/2000/svg" xmlns:chart="http://openoffice.org/2000/chart" xmlns:dr3d="http://openoffice.org/2000/dr3d" xmlns:math="http://www.w3.org/1998/Math/MathML" xmlns:form="http://openoffice.org/2000/form" xmlns:script="http://openoffice.org/2000/script" office:class="text" office:version="1.0" xmlns:dc="http://purl.org/dc/elements/1.1/" xmlns:meta="http://openoffice.org/2000/meta" xmlns:help="http://openoffice.org/2000/help">
<office:meta>
  <dc:description>text/common/01/04160102</dc:description>
  <dc:subject>Formattazione automatica diagramma</dc:subject>

  <dc:language>it-IT</dc:language>
  <meta:user-defined meta:name="Info 0">READY</meta:user-defined>
  <meta:user-defined meta:name="Info 1">FREE_OK</meta:user-defined>
  <meta:user-defined meta:name="Info 2"/>
  <meta:user-defined meta:name="Info 3"/>
</office:meta>
 <office:script/>
 <office:font-decls>
  <style:font-decl style:name="StarSymbol" fo:font-family="StarSymbol" style:font-charset="x-symbol"/>
  <style:font-decl style:name="Courier New" fo:font-family="&apos;Courier New&apos;" style:font-style-name="Standard" style:font-family-generic="modern" style:font-pitch="fixed"/>
  <style:font-decl style:name="Courier" fo:font-family="Courier" style:font-family-generic="roman" style:font-pitch="fixed"/>
  <style:font-decl style:name="Arial Unicode MS" fo:font-family="&apos;Arial Unicode MS&apos;" style:font-pitch="variable"/>
  <style:font-decl style:name="HG Mincho Light J" fo:font-family="&apos;HG Mincho Light J&apos;" style:font-pitch="variable"/>
  <style:font-decl style:name="Times New Roman3" fo:font-family="&apos;Times New Roman&apos;" style:font-pitch="variable"/>
  <style:font-decl style:name="Thorndale" fo:font-family="Thorndale" style:font-family-generic="roman" style:font-pitch="variable"/>
  <style:font-decl style:name="Times New Roman2" fo:font-family="&apos;Times New Roman&apos;" style:font-style-name="Fett" style:font-family-generic="roman" style:font-pitch="variable"/>
  <style:font-decl style:name="Times New Roman" fo:font-family="&apos;Times New Roman&apos;" style:font-style-name="Standard" style:font-family-generic="roman" style:font-pitch="variable"/>
  <style:font-decl style:name="Times New Roman1" fo:font-family="&apos;Times New Roman&apos;" style:font-family-generic="swiss" style:font-pitch="variable"/>
 </office:font-decls>
 <office:automatic-styles>
  <style:style style:name="P1" style:family="paragraph" style:parent-style-name="Paragraph" style:master-page-name="HTML">
   <style:properties style:page-number="0"/>
  </style:style>
 </office:automatic-styles>
 <office:body>
  <text:variable-decls>
   <text:variable-decl text:value-type="string" text:name="HTML_ON"/>
   <text:variable-decl text:value-type="string" text:name="HTML_OFF"/>
   <text:variable-decl text:value-type="string" text:name="TITEL"/>
   <text:variable-decl text:value-type="string" text:name="END"/>
   <text:variable-decl text:value-type="string" text:name="HREF"/>
   <text:variable-decl text:value-type="string" text:name="NAME"/>
   <text:variable-decl text:value-type="string" text:name="HelpID"/>
   <text:variable-decl text:value-type="string" text:name="MODIFY"/>
   <text:variable-decl text:value-type="string" text:name="REFNR"/>
   <text:variable-decl text:value-type="string" text:name="HFELD"/>
   <text:variable-decl text:value-type="string" text:name="ELSE"/>
   <text:variable-decl text:value-type="string" text:name="AKTHLP"/>
   <text:variable-decl text:value-type="string" text:name="STYLE"/>
  </text:variable-decls>
  <text:sequence-decls>
   <text:sequence-decl text:display-outline-level="0" text:name="Illustration"/>
   <text:sequence-decl text:display-outline-level="0" text:name="Table"/>
   <text:sequence-decl text:display-outline-level="0" text:name="Text"/>
   <text:sequence-decl text:display-outline-level="0" text:name="Drawing"/>
  </text:sequence-decls>
  <help:to-be-embedded Eid="auto23">
  <text:p text:style-name="Head 1"><help:link Id="65860">Formattazione automatica diagramma</help:link></text:p>
  <text:p text:style-name="Paragraph">Scegliete un modello di formato per il tipo di diagramma selezionato.</text:p>
  </help:to-be-embedded>
  <help:popup Id="65610" Eid="diagramm2"><help:embedded Id="65598" Eid="wie"></help:embedded></help:popup>
  <help:embedded Id="65642" Eid="vors"></help:embedded>
  <help:embedded Id="65858" Eid="vorschau"></help:embedded>
  <help:embedded Id="65642" Eid="mark"></help:embedded>
  <text:p text:style-name="Head 2">Serie di dati in:</text:p>
  <help:embedded Id="65819" Eid="datreihe"></help:embedded>
  <text:p text:style-name="Head 3">Righe</text:p>
  <help:embedded Id="65819" Eid="zeilen"></help:embedded>
  <text:p text:style-name="Head 3">Colonne</text:p>
  <help:embedded Id="65819" Eid="spalten"></help:embedded>
  <text:p text:style-name="Head 2"><help:help-id value="HID_SCH_CT_2_CHARTVARIANT"/>Scegliere una variante</text:p>
  <text:p text:style-name="Paragraph"><help:help-text value="visible">Scegliete il tipo di diagramma da creare.</help:help-text></text:p>
  <text:p text:style-name="Head 2">Linee griglia</text:p>
  <text:p text:style-name="Paragraph">Specificate le opzioni per la visualizzazione della griglia nel diagramma.</text:p>
  <text:p text:style-name="Head 3"><help:help-id value="SCH_CHECKBOX_DLG_CHART_WIZ_CB_2_XGRID"/>Asse X</text:p>
  <text:p text:style-name="Paragraph"><help:help-text value="visible">Visualizza linee parallele all&apos;asse X.</help:help-text></text:p>
  <text:p text:style-name="Head 3"><help:help-id value="SCH_CHECKBOX_DLG_CHART_WIZ_CB_2_YGRID"/>Asse Y</text:p>
  <text:p text:style-name="Paragraph"><help:help-text value="visible">Visualizza linee parallele all&apos;asse Y.</help:help-text></text:p>
  <text:p text:style-name="Head 3"><help:help-id value="SCH_CHECKBOX_DLG_CHART_WIZ_CB_2_ZGRID"/>Asse Z</text:p>
  <text:p text:style-name="Paragraph"><help:help-text value="visible">Visualizza linee parallele all&apos;asse Z. Questa funzione è disponibile solo per i diagrammi tridimensionali.</help:help-text></text:p>
  <text:p text:style-name="ParaList"><help:embedded Id="65598" Eid="related"></help:embedded></text:p>
  <text:p text:style-name="ParaList"><help:link Id="66974" Eid="diavari"></help:link></text:p>
  <text:p text:style-name="ParaList"><help:link Id="65819"></help:link></text:p>
 </office:body>
</office:document>
