

<office:document  xmlns:office="http://openoffice.org/2000/office" xmlns:style="http://openoffice.org/2000/style" xmlns:text="http://openoffice.org/2000/text" xmlns:table="http://openoffice.org/2000/table" xmlns:draw="http://openoffice.org/2000/drawing" xmlns:fo="http://www.w3.org/1999/XSL/Format" xmlns:xlink="http://www.w3.org/1999/xlink" xmlns:number="http://openoffice.org/2000/datastyle" xmlns:svg="http://www.w3.org/2000/svg" xmlns:chart="http://openoffice.org/2000/chart" xmlns:dr3d="http://openoffice.org/2000/dr3d" xmlns:math="http://www.w3.org/1998/Math/MathML" xmlns:form="http://openoffice.org/2000/form" xmlns:script="http://openoffice.org/2000/script" office:class="text" office:version="1.0" xmlns:dc="http://purl.org/dc/elements/1.1/" xmlns:meta="http://openoffice.org/2000/meta" xmlns:help="http://openoffice.org/2000/help">
<office:meta>
  <dc:description>text/common/01/05030700</dc:description>
  <dc:subject>Allineamento</dc:subject>

  <dc:language>it-IT</dc:language>
  <meta:user-defined meta:name="Info 0">READY</meta:user-defined>
  <meta:user-defined meta:name="Info 1">FREE_OK</meta:user-defined>
  <meta:user-defined meta:name="Info 2"/>
  <meta:user-defined meta:name="Info 3"/>
</office:meta>
 <office:script/>
 <office:font-decls>
  <style:font-decl style:name="StarSymbol" fo:font-family="StarSymbol" style:font-charset="x-symbol"/>
  <style:font-decl style:name="Courier New" fo:font-family="&apos;Courier New&apos;" style:font-style-name="Standard" style:font-family-generic="modern" style:font-pitch="fixed"/>
  <style:font-decl style:name="Courier" fo:font-family="Courier" style:font-family-generic="roman" style:font-pitch="fixed"/>
  <style:font-decl style:name="Arial Unicode MS" fo:font-family="&apos;Arial Unicode MS&apos;" style:font-pitch="variable"/>
  <style:font-decl style:name="HG Mincho Light J" fo:font-family="&apos;HG Mincho Light J&apos;" style:font-pitch="variable"/>
  <style:font-decl style:name="Times New Roman3" fo:font-family="&apos;Times New Roman&apos;" style:font-pitch="variable"/>
  <style:font-decl style:name="Thorndale" fo:font-family="Thorndale" style:font-family-generic="roman" style:font-pitch="variable"/>
  <style:font-decl style:name="Times New Roman2" fo:font-family="&apos;Times New Roman&apos;" style:font-style-name="Fett" style:font-family-generic="roman" style:font-pitch="variable"/>
  <style:font-decl style:name="Times New Roman" fo:font-family="&apos;Times New Roman&apos;" style:font-style-name="Standard" style:font-family-generic="roman" style:font-pitch="variable"/>
  <style:font-decl style:name="Times New Roman1" fo:font-family="&apos;Times New Roman&apos;" style:font-family-generic="swiss" style:font-pitch="variable"/>
 </office:font-decls>
 <office:automatic-styles>
  <style:style style:name="P1" style:family="paragraph" style:parent-style-name="Paragraph" style:master-page-name="HTML">
   <style:properties style:page-number="0"/>
  </style:style>
  <style:style style:name="T1" style:family="text">
   <style:properties fo:font-weight="bold"/>
  </style:style>
 </office:automatic-styles>
 <office:body>
  <text:variable-decls>
   <text:variable-decl text:value-type="string" text:name="HTML_ON"/>
   <text:variable-decl text:value-type="string" text:name="HTML_OFF"/>
   <text:variable-decl text:value-type="string" text:name="TITEL"/>
   <text:variable-decl text:value-type="string" text:name="END"/>
   <text:variable-decl text:value-type="string" text:name="MAC"/>
   <text:variable-decl text:value-type="string" text:name="ELSE"/>
   <text:variable-decl text:value-type="string" text:name="HREF"/>
   <text:variable-decl text:value-type="string" text:name="NAME"/>
   <text:variable-decl text:value-type="string" text:name="OS2"/>
   <text:variable-decl text:value-type="string" text:name="HelpID"/>
   <text:variable-decl text:value-type="string" text:name="HFELD"/>
   <text:variable-decl text:value-type="string" text:name="WIN"/>
   <text:variable-decl text:value-type="string" text:name="MODIFY"/>
   <text:variable-decl text:value-type="string" text:name="REFNR"/>
   <text:variable-decl text:value-type="string" text:name="KEY"/>
   <text:variable-decl text:value-type="string" text:name="INDEX"/>
   <text:variable-decl text:value-type="string" text:name="AKTHLP"/>
   <text:variable-decl text:value-type="string" text:name="AKHLP"/>
   <text:variable-decl text:value-type="string" text:name="STYLE"/>
  </text:variable-decls>
  <text:sequence-decls>
   <text:sequence-decl text:display-outline-level="0" text:name="Illustration"/>
   <text:sequence-decl text:display-outline-level="0" text:name="Table"/>
   <text:sequence-decl text:display-outline-level="0" text:name="Text"/>
   <text:sequence-decl text:display-outline-level="0" text:name="Drawing"/>
  </text:sequence-decls>
  <help:to-be-embedded Eid="ausrichtung">
  <text:p text:style-name="Head 1"><help:help-id value="HID_FORMAT_PARAGRAPH_ALIGN"/><help:key-word value="Allineamento; paragrafo" tag="kw65684_1"/><help:key-word value="Paragrafo; allineamento" tag="kw65684_11"/><help:key-word value="Testo; allineamento" tag="kw65684_10"/><help:key-word value="Celle; allineamento" tag="kw65684_9"/><help:link Id="65684">Allineamento</help:link></text:p>
  <text:p text:style-name="Paragraph"><help:help-text value="visible">Imposta l&apos;allineamento del paragrafo con riferimento ai margini della pagina.</help:help-text></text:p>
  </help:to-be-embedded>
  <help:popup Id="65599" Eid="absatzausrichtung"><help:embedded Id="65598" Eid="wie"></help:embedded></help:popup>
  <text:p text:style-name="Head 2">Allineamento</text:p>
  <text:p text:style-name="Paragraph">Potete impostare le opzioni di allineamento per il paragrafo. In alternativa a queste opzioni, potete usare i simboli di allineamento disponibili nella <text:span text:style-name="T1">barra degli oggetti</text:span>.</text:p>
  <text:p text:style-name="Head 3"><help:help-id value="SVX_RADIOBUTTON_RID_SVXPAGE_ALIGN_PARAGRAPH_BTN_LEFTALIGN"/><a name="links"/><help:key-word value="Sinistra; allineare i paragrafi" tag="kw65684_8"/><help:key-word value="Allineamento; a sinistra" tag="kw65684_7"/>Sinistro</text:p>
  <text:p text:style-name="Paragraph"><help:to-be-embedded Eid="linkstext"><help:help-text value="visible">Allinea il paragrafo a sinistra.</help:help-text></help:to-be-embedded>Se è abilitato il supporto delle lingue asiatiche, il nome di questa opzione è <text:span text:style-name="T1">A sinistra/in alto</text:span>.</text:p>
  <help:embedded Id="65609" Eid="objektleiste"></help:embedded>
  <help:embedded Id="65593" Eid="sylinksbuendig"></help:embedded>
  <text:p text:style-name="Head 3"><help:help-id value="SVX_RADIOBUTTON_RID_SVXPAGE_ALIGN_PARAGRAPH_BTN_RIGHTALIGN"/><a name="rechts"/><help:key-word value="Destra; allineare i paragrafi" tag="kw65684_6"/><help:key-word value="Allineamento; a destra" tag="kw65684_5"/>Destro</text:p>
  <text:p text:style-name="Paragraph"><help:to-be-embedded Eid="rechtstext"><help:help-text value="visible">Allinea il paragrafo con il margine destro della pagina.</help:help-text></help:to-be-embedded>Se è abilitato il supporto delle lingue asiatiche, il nome di questa opzione è <text:span text:style-name="T1">A destra/in basso</text:span>.</text:p>
  <help:embedded Id="65609" Eid="objektleiste"></help:embedded>
  <help:embedded Id="65593" Eid="syrechtsbuendig"></help:embedded>
  <text:p text:style-name="Head 3"><help:help-id value="SVX_RADIOBUTTON_RID_SVXPAGE_ALIGN_PARAGRAPH_BTN_CENTERALIGN"/><a name="zentriert"/><help:key-word value="Centrato; testo" tag="kw65684_4"/>Centrato</text:p>
  <text:p text:style-name="Paragraph"><help:to-be-embedded Eid="zentrierttext"><help:help-text value="visible">Centra il contenuto del paragrafo nella pagina.</help:help-text></help:to-be-embedded></text:p>
  <help:embedded Id="65609" Eid="objektleiste"></help:embedded>
  <help:embedded Id="65593" Eid="syzentriert"></help:embedded>
  <text:p text:style-name="Head 3"><help:help-id value="SVX_RADIOBUTTON_RID_SVXPAGE_ALIGN_PARAGRAPH_BTN_JUSTIFYALIGN"/><a name="blocksatz"/><help:key-word value="Giustificato; testo" tag="kw65684_3"/><help:key-word value="Testo; giustificare" tag="kw65684_2"/>Giustificato</text:p>
  <text:p text:style-name="Paragraph"><help:to-be-embedded Eid="blocksatztext"><help:help-text value="visible">Allinea il paragrafo con i margini sinistro e destro della pagina.</help:help-text></help:to-be-embedded></text:p>
  <help:embedded Id="65609" Eid="objektleiste"></help:embedded>
  <help:embedded Id="65593" Eid="syblocksatz"></help:embedded>
  <text:p text:style-name="Head 3"><help:help-id value="SVX_LISTBOX_RID_SVXPAGE_ALIGN_PARAGRAPH_LB_LASTLINE"/><help:switch select="Program"><help:case select="WRITER">Ultima riga</help:case></help:switch></text:p>
  <text:p text:style-name="Paragraph"><help:switch select="Program"><help:case select="WRITER"><help:help-text value="visible">Specifica l&apos;allineamento per l&apos;ultima riga del paragrafo.</help:help-text> </help:case></help:switch></text:p>
  <text:p text:style-name="Head 3"><help:help-id value="SVX_CHECKBOX_RID_SVXPAGE_ALIGN_PARAGRAPH_CB_EXPAND"/><help:switch select="Program"><help:case select="WRITER">Giustificazione forzata</help:case></help:switch></text:p>
  <text:p text:style-name="Paragraph"><help:switch select="Program"><help:case select="WRITER"><help:help-text value="visible">Se l&apos;ultima riga di un paragrafo giustificato contiene solo una parola, quest&apos;ultima viene estesa per la larghezza del paragrafo.</help:help-text></help:case></help:switch></text:p>
  <help:switch select="Program"><help:case select="WRITER">
  <help:embedded Id="65609" Eid="asia"></help:embedded>
  <text:p text:style-name="Head 3"><help:help-id value="SVX_CHECKBOX_RID_SVXPAGE_ALIGN_PARAGRAPH_CB_SNAP"/>Cattura alla griglia di testo (se attivata)</text:p>
  <text:p text:style-name="Paragraph"><help:help-text value="visible">Allinea il paragrafo con una griglia di testo. Per attivare la griglia di testo, scegliete <help:link Id="68608"><text:span text:style-name="T1">Formato - Pagina - Griglia di testo</text:span></help:link>.</help:help-text></text:p>
  <text:p text:style-name="Head 2"><help:help-id value="SVX_LISTBOX_RID_SVXPAGE_ALIGN_PARAGRAPH_LB_VERTALIGN"/>Testo a testo - Allineamento</text:p>
  <text:p text:style-name="Paragraph"><help:help-text value="visible">Selezionate un&apos;opzione di allineamento per i caratteri di dimensioni più grandi o più piccole rispetto al resto del testo del paragrafo.</help:help-text></text:p>
  </help:case></help:switch>
  <help:to-be-embedded Eid="textflow">
  <text:p text:style-name="Head 2">Proprietà</text:p>
  <text:p text:style-name="Head 3"><help:help-id value="SVX_LISTBOX_RID_SVXPAGE_ALIGN_PARAGRAPH_LB_TEXTDIRECTION"/>Direzione testo</text:p>
  <text:p text:style-name="Paragraph"><help:help-text value="visible">Specificate la direzione del testo per i paragrafi che utilizzano un layout complesso (CTL).</help:help-text>Questa opzione è disponibile solo se è abilitato il supporto degli script complessi.</text:p>
  </help:to-be-embedded>
  <help:embedded Id="65630" Eid="vorschau"></help:embedded>
 </office:body>
</office:document>
