

<office:document  xmlns:office="http://openoffice.org/2000/office" xmlns:style="http://openoffice.org/2000/style" xmlns:text="http://openoffice.org/2000/text" xmlns:table="http://openoffice.org/2000/table" xmlns:draw="http://openoffice.org/2000/drawing" xmlns:fo="http://www.w3.org/1999/XSL/Format" xmlns:xlink="http://www.w3.org/1999/xlink" xmlns:number="http://openoffice.org/2000/datastyle" xmlns:svg="http://www.w3.org/2000/svg" xmlns:chart="http://openoffice.org/2000/chart" xmlns:dr3d="http://openoffice.org/2000/dr3d" xmlns:math="http://www.w3.org/1998/Math/MathML" xmlns:form="http://openoffice.org/2000/form" xmlns:script="http://openoffice.org/2000/script" office:class="text" office:version="1.0" xmlns:dc="http://purl.org/dc/elements/1.1/" xmlns:meta="http://openoffice.org/2000/meta" xmlns:help="http://openoffice.org/2000/help">
<office:meta>
  <dc:description>text/common/01/05030500</dc:description>
  <dc:subject>Bordo</dc:subject>
  <meta:keywords>
   <meta:keyword>$Version</meta:keyword>
  </meta:keywords>
  <dc:language>it-IT</dc:language>
  <meta:user-defined meta:name="Info 0">READY</meta:user-defined>
  <meta:user-defined meta:name="Info 1">FREE_OK</meta:user-defined>
  <meta:user-defined meta:name="Info 2"/>
  <meta:user-defined meta:name="Info 3"/>
</office:meta>
 <office:script/>
 <office:font-decls>
  <style:font-decl style:name="StarSymbol" fo:font-family="StarSymbol" style:font-charset="x-symbol"/>
  <style:font-decl style:name="Courier New" fo:font-family="&apos;Courier New&apos;" style:font-style-name="Standard" style:font-family-generic="modern" style:font-pitch="fixed"/>
  <style:font-decl style:name="Courier" fo:font-family="Courier" style:font-family-generic="roman" style:font-pitch="fixed"/>
  <style:font-decl style:name="Arial Unicode MS" fo:font-family="&apos;Arial Unicode MS&apos;" style:font-pitch="variable"/>
  <style:font-decl style:name="HG Mincho Light J" fo:font-family="&apos;HG Mincho Light J&apos;" style:font-pitch="variable"/>
  <style:font-decl style:name="Times New Roman3" fo:font-family="&apos;Times New Roman&apos;" style:font-pitch="variable"/>
  <style:font-decl style:name="Thorndale" fo:font-family="Thorndale" style:font-family-generic="roman" style:font-pitch="variable"/>
  <style:font-decl style:name="Times New Roman2" fo:font-family="&apos;Times New Roman&apos;" style:font-style-name="Fett" style:font-family-generic="roman" style:font-pitch="variable"/>
  <style:font-decl style:name="Times New Roman" fo:font-family="&apos;Times New Roman&apos;" style:font-style-name="Standard" style:font-family-generic="roman" style:font-pitch="variable"/>
  <style:font-decl style:name="Times New Roman1" fo:font-family="&apos;Times New Roman&apos;" style:font-family-generic="swiss" style:font-pitch="variable"/>
 </office:font-decls>
 <office:automatic-styles>
  <style:style style:name="Tabelle3" style:family="table">
   <style:properties style:width="18cm" table:align="margins"/>
  </style:style>
  <style:style style:name="Tabelle3.A" style:family="table-column">
   <style:properties style:column-width="1.499cm" style:rel-column-width="850*"/>
  </style:style>
  <style:style style:name="Tabelle3.B" style:family="table-column">
   <style:properties style:column-width="16.498cm" style:rel-column-width="9352*"/>
  </style:style>
  <style:style style:name="Tabelle3.1" style:family="table-row">
   <style:properties style:min-row-height="0.848cm"/>
  </style:style>
  <style:style style:name="Tabelle3.A1" style:family="table-cell">
   <style:properties fo:padding="0cm" fo:border="none"/>
  </style:style>
  <style:style style:name="Tabelle1" style:family="table">
   <style:properties style:width="18cm" table:align="margins"/>
  </style:style>
  <style:style style:name="Tabelle1.A" style:family="table-column">
   <style:properties style:column-width="1.499cm" style:rel-column-width="850*"/>
  </style:style>
  <style:style style:name="Tabelle1.B" style:family="table-column">
   <style:properties style:column-width="16.498cm" style:rel-column-width="9352*"/>
  </style:style>
  <style:style style:name="Tabelle1.1" style:family="table-row">
   <style:properties style:min-row-height="0.848cm"/>
  </style:style>
  <style:style style:name="Tabelle1.A1" style:family="table-cell">
   <style:properties fo:padding="0cm" fo:border="none"/>
  </style:style>
  <style:style style:name="P1" style:family="paragraph" style:parent-style-name="Paragraph" style:master-page-name="HTML">
   <style:properties style:page-number="0"/>
  </style:style>
  <style:style style:name="T1" style:family="text">
   <style:properties fo:font-weight="bold"/>
  </style:style>
  <style:style style:name="fr1" style:family="graphics" style:parent-style-name="Graphics">
   <style:properties style:run-through="foreground" style:wrap="run-through" style:vertical-pos="middle" style:vertical-rel="paragraph" style:horizontal-pos="left" style:horizontal-rel="paragraph" style:mirror="none" fo:clip="rect(0cm 0cm 0cm 0cm)" draw:luminance="0%" draw:contrast="0%" draw:red="0%" draw:green="0%" draw:blue="0%" draw:gamma="1" draw:color-inversion="false" draw:transparency="-100%" draw:color-mode="standard"/>
  </style:style>
 </office:automatic-styles>
 <office:body>
  <text:variable-decls>
   <text:variable-decl text:value-type="string" text:name="HTML_ON"/>
   <text:variable-decl text:value-type="string" text:name="HTML_OFF"/>
   <text:variable-decl text:value-type="string" text:name="TITEL"/>
   <text:variable-decl text:value-type="string" text:name="END"/>
   <text:variable-decl text:value-type="string" text:name="HREF"/>
   <text:variable-decl text:value-type="string" text:name="NAME"/>
   <text:variable-decl text:value-type="string" text:name="OS2"/>
   <text:variable-decl text:value-type="string" text:name="ELSE"/>
   <text:variable-decl text:value-type="string" text:name="HelpID"/>
   <text:variable-decl text:value-type="string" text:name="MODIFY"/>
   <text:variable-decl text:value-type="string" text:name="REFNR"/>
   <text:variable-decl text:value-type="string" text:name="HFELD"/>
   <text:variable-decl text:value-type="string" text:name="WIN"/>
   <text:variable-decl text:value-type="string" text:name="KEY"/>
   <text:variable-decl text:value-type="string" text:name="AKTHLP"/>
   <text:variable-decl text:value-type="string" text:name="INDEX"/>
   <text:variable-decl text:value-type="string" text:name="STYLE"/>
  </text:variable-decls>
  <text:sequence-decls>
   <text:sequence-decl text:display-outline-level="0" text:name="Illustration"/>
   <text:sequence-decl text:display-outline-level="0" text:name="Table"/>
   <text:sequence-decl text:display-outline-level="0" text:name="Text"/>
   <text:sequence-decl text:display-outline-level="0" text:name="Drawing"/>
  </text:sequence-decls>
  <help:to-be-embedded Eid="umrandung">
  <text:p text:style-name="Head 1"><help:help-id value="HID_BORDER"/><help:link Id="65824">Bordo</help:link></text:p>
  <text:p text:style-name="Paragraph"><help:help-text value="visible">Potete definire il tipo di bordo per le <help:switch select="Program"><help:case select="CALC">celle</help:case><help:case select="WRITER"> selezionate o per il paragrafo in cui si trova il cursore.</help:case></help:switch></help:help-text></text:p>
  </help:to-be-embedded>
  <text:p text:style-name="Paragraph">In particolare, potete specificare la posizione, lo spessore e lo stile del bordo. <help:switch select="Program"><help:case select="WRITER">In <help:productname>%PRODUCTNAME</help:productname> Writer, potete aggiungere un bordo a pagine, cornici, immagini, tabelle, paragrafi e oggetti incorporati.</help:case></help:switch></text:p>
  <help:popup Id="65599" Eid="umrandung"><help:embedded Id="65598" Eid="wie"></help:embedded></help:popup>
  <help:switch select="Program"><help:case select="WRITER">
  <table:table table:name="Tabelle3" table:style-name="Tabelle3">
   <table:table-column table:style-name="Tabelle3.A"/>
   <table:table-column table:style-name="Tabelle3.B"/>
   <table:table-header-rows>
    <table:table-row table:style-name="Tabelle3.1">
     <table:table-cell table:style-name="Tabelle3.A1" table:value-type="string">
      <text:p text:style-name="Paragraph"><draw:image draw:name="Simbolo0" svg:desc="Simbolo di suggerimento" svg:pixelx="32" svg:pixely="32" svg:width="0.847cm" svg:height="0.847cm" xlink:href="66732" draw:filter-name=""/></text:p>

     </table:table-cell>
     <table:table-cell table:style-name="Tabelle3.A1" table:value-type="string">
      <text:p text:style-name="Paragraph">Per modificare il bordo di un&apos;intera tabella, posizionate il cursore in una cella, fate clic con il pulsante destro del mouse, scegliete <text:span text:style-name="T1">Tabella</text:span> e fate clic sulla scheda <text:span text:style-name="T1">Bordo</text:span>. Per modificare il bordo di una cella, selezionatela, fate clic con il pulsante destro del mouse, scegliete <text:span text:style-name="T1">Tabella</text:span> e fate clic sulla scheda <text:span text:style-name="T1">Bordo</text:span>.</text:p>
     </table:table-cell>
    </table:table-row>
   </table:table-header-rows>
  </table:table>
  </help:case></help:switch>
  <text:p text:style-name="Head 2"><help:help-id value="HID_BORDER_CTL_PRESETS"/>Cornice</text:p>
  <text:p text:style-name="Paragraph"><help:help-text value="visible">Selezionate uno degli stili di bordo predefiniti.</help:help-text> Lo stile selezionato viene visualizzato in anteprima nell&apos;area <text:span text:style-name="T1">Personalizzato</text:span> della finestra di dialogo.</text:p>
  <text:p text:style-name="Paragraph">Se il cursore si trova in una tabella o in un foglio elettronico, potete anche aggiungere o rimuovere un bordo standard usando il simbolo <text:span text:style-name="T1">Bordo</text:span> nella <text:span text:style-name="T1">barra degli oggetti</text:span>.</text:p>
  <help:embedded Id="65609" Eid="objektleiste"></help:embedded>
  <help:embedded Id="65885" Eid="syumrandung"></help:embedded>
  <help:to-be-embedded Eid="umrandungtext">
  <text:p text:style-name="Paragraph">Per aggiungere o rimuovere un bordo, fate clic sui lati della cella nell&apos;anteprima fino a ottenere il risultato desiderato. Per mantenere lo stile del bordo attivo, fate clic sui lati della cella finché non compare una linea spessa.</text:p>
  <text:p text:style-name="Paragraph"><help:switch select="Program"><help:case select="WRITER">In alternativa, per aggiungere o rimuovere un bordo a una cella potete fare clic sugli appositi contrassegni.</help:case></help:switch></text:p>
  <text:p text:style-name="Paragraph">Il tipo di bordo attualmente selezionato è indicato nell&apos;anteprima da due triangoli neri posti accanto ai contrassegni del bordo.</text:p>
  </help:to-be-embedded>
  <text:p text:style-name="Head 2"><help:help-id value="SVX_LISTBOX_RID_SVXPAGE_BORDER_LB_LINESTYLE"/>Linea</text:p>
  <text:p text:style-name="Paragraph"><help:help-text value="visible">Fate clic sullo stile di bordo che volete applicare. Il bordo viene applicato ai lati selezionati nell&apos;anteprima.</help:help-text></text:p>
  <help:switch select="Program"><help:case select="WRITER">
  <text:p text:style-name="Paragraph">In alternativa, potete cambiare lo stile della linea facendo clic sul simbolo <text:span text:style-name="T1">Stile linea</text:span> nella <text:span text:style-name="T1">barra degli oggetti</text:span>.</text:p>
  </help:case></help:switch>
  <help:embedded Id="65609" Eid="objektleiste"></help:embedded>
  <help:embedded Id="66020" Eid="sylinienstil"></help:embedded>
  <text:p text:style-name="Paragraph"><help:help-id value="SVX_LISTBOX_RID_SVXPAGE_BORDER_LB_LINECOLOR"/><help:help-text value="visible">Selezionate il colore della linea da usare per i bordi applicati.</help:help-text></text:p>
  <text:p text:style-name="Head 2">Distanza dal contenuto</text:p>
  <text:p text:style-name="Paragraph">Specificate lo spazio da lasciare tra i bordi e il contenuto della selezione.</text:p>
  <text:p text:style-name="Paragraph"><help:switch select="Program"><help:case select="CALC">L&apos;area <text:span text:style-name="T1">Distanza dal contenuto</text:span> è disponibile solo scegliendo <text:span text:style-name="T1">Formato - Pagina</text:span> e facendo clic sulla scheda <text:span text:style-name="T1">Bordo</text:span>.</help:case></help:switch></text:p>
  <text:p text:style-name="Head 3"><help:help-id value="SVX_METRICFIELD_RID_SVXPAGE_BORDER_MF_LEFT"/>Sinistra</text:p>
  <text:p text:style-name="Paragraph"><help:help-text value="visible">Specificate la distanza da lasciare tra il bordo sinistro e il contenuto della selezione.</help:help-text></text:p>
  <text:p text:style-name="Head 3"><help:help-id value="SVX_METRICFIELD_RID_SVXPAGE_BORDER_MF_RIGHT"/>Destra</text:p>
  <text:p text:style-name="Paragraph"><help:help-text value="visible">Specificate la distanza da lasciare tra il bordo destro e il contenuto della selezione.</help:help-text></text:p>
  <text:p text:style-name="Head 3"><help:help-id value="SVX_METRICFIELD_RID_SVXPAGE_BORDER_MF_TOP"/>Alto</text:p>
  <text:p text:style-name="Paragraph"><help:help-text value="visible">Specificate la distanza da lasciare tra il bordo superiore e il contenuto della selezione.</help:help-text></text:p>
  <text:p text:style-name="Head 3"><help:help-id value="SVX_METRICFIELD_RID_SVXPAGE_BORDER_MF_BOTTOM"/>Basso</text:p>
  <text:p text:style-name="Paragraph"><help:help-text value="visible">Specificate la distanza da lasciare tra il bordo inferiore e il contenuto della selezione.</help:help-text></text:p>
  <text:p text:style-name="Head 3"><help:help-id value="SVX_CHECKBOX_RID_SVXPAGE_BORDER_CB_SYNC"/>Sincronizza</text:p>
  <text:p text:style-name="Paragraph"><help:help-text value="visible">Se specificate un valore manualmente, applica automaticamente la stessa <text:span text:style-name="T1">Distanza dal contenuto</text:span> a tutti i bordi.</help:help-text></text:p>
  <text:p text:style-name="Head 2"><help:key-word value="Ombre, bordo" tag="kw65824_1"/><help:key-word value="Bordo; ombre" tag="kw65824_5"/><help:key-word value="Margine; ombre" tag="kw65824_4"/><help:key-word value="Cornice; ombre" tag="kw65824_3"/>Ombre</text:p>
  <text:p text:style-name="Paragraph">Potete inoltre applicare ai bordi un effetto di ombreggiatura. Per ottenere un risultato ottimale, applicate questo effetto solo quando tutti i bordi sono visibili.</text:p>
  <table:table table:name="Tabelle1" table:style-name="Tabelle1">
   <table:table-column table:style-name="Tabelle1.A"/>
   <table:table-column table:style-name="Tabelle1.B"/>
   <table:table-header-rows>
    <table:table-row table:style-name="Tabelle1.1">
     <table:table-cell table:style-name="Tabelle1.A1" table:value-type="string">
      <text:p text:style-name="Paragraph"><draw:image draw:name="Simbolo1" svg:desc="Simbolo di nota" svg:pixelx="32" svg:pixely="32" svg:width="0.847cm" svg:height="0.847cm" xlink:href="65980" draw:filter-name=""/></text:p>

     </table:table-cell>
     <table:table-cell table:style-name="Tabelle1.A1" table:value-type="string">
      <text:p text:style-name="Paragraph"><help:key-word value="Ombreggiatura; di immagini in una cornice" tag="kw65824_2"/>Le immagini o gli oggetti che sono ancorati a una cornice nel documento non possono superare la dimensione della cornice. Se applicate un&apos;ombreggiatura ai bordi di un oggetto che occupa interamente una cornice, la dimensione dell&apos;oggetto viene ridotta in modo da rendere visibile l&apos;ombreggiatura.</text:p>
     </table:table-cell>
    </table:table-row>
   </table:table-header-rows>
  </table:table>
  <text:p text:style-name="Head 3"><help:help-id value="HID_BORDER_CTL_SHADOWS"/>Posizione</text:p>
  <text:p text:style-name="Paragraph"><help:help-text value="visible">Fate clic sullo stile di ombreggiatura da applicare ai bordi selezionati.</help:help-text></text:p>
  <text:p text:style-name="Head 3"><help:help-id value="SVX_METRICFIELD_RID_SVXPAGE_BORDER_ED_SHADOWSIZE"/>Distanza</text:p>
  <text:p text:style-name="Paragraph"><help:help-text value="visible">Specificate la larghezza dell&apos;ombreggiatura.</help:help-text></text:p>
  <text:p text:style-name="Head 3"><help:help-id value="SVX_LISTBOX_RID_SVXPAGE_BORDER_LB_SHADOWCOLOR"/>Colore</text:p>
  <text:p text:style-name="Paragraph"><help:help-text value="visible">Scegliete un colore per l&apos;ombreggiatura.</help:help-text></text:p>
  <text:p text:style-name="ParaList"><help:embedded Id="65598" Eid="related"></help:embedded></text:p>
  <text:p text:style-name="ParaList"><help:embedded Id="68655" Eid="border_page"></help:embedded></text:p>
  <text:p text:style-name="ParaList"><help:embedded Id="68654" Eid="border_paragraph"></help:embedded></text:p>
  <text:p text:style-name="ParaList"><help:embedded Id="68656" Eid="border_table"></help:embedded></text:p>
  <text:p text:style-name="ParaList"><help:embedded Id="68657" Eid="border_object"></help:embedded></text:p>
 </office:body>
</office:document>
