

<office:document  xmlns:office="http://openoffice.org/2000/office" xmlns:style="http://openoffice.org/2000/style" xmlns:text="http://openoffice.org/2000/text" xmlns:table="http://openoffice.org/2000/table" xmlns:draw="http://openoffice.org/2000/drawing" xmlns:fo="http://www.w3.org/1999/XSL/Format" xmlns:xlink="http://www.w3.org/1999/xlink" xmlns:number="http://openoffice.org/2000/datastyle" xmlns:svg="http://www.w3.org/2000/svg" xmlns:chart="http://openoffice.org/2000/chart" xmlns:dr3d="http://openoffice.org/2000/dr3d" xmlns:math="http://www.w3.org/1998/Math/MathML" xmlns:form="http://openoffice.org/2000/form" xmlns:script="http://openoffice.org/2000/script" office:class="text" office:version="1.0" xmlns:dc="http://purl.org/dc/elements/1.1/" xmlns:meta="http://openoffice.org/2000/meta" xmlns:help="http://openoffice.org/2000/help">
<office:meta>
  <dc:description>text/common/01/05030300</dc:description>
  <dc:subject>Tabulazioni</dc:subject>
  <meta:keywords>
   <meta:keyword>$Version</meta:keyword>
  </meta:keywords>
  <dc:language>it-IT</dc:language>
  <meta:user-defined meta:name="Info 0">READY</meta:user-defined>
  <meta:user-defined meta:name="Info 1">FREE_OK</meta:user-defined>
  <meta:user-defined meta:name="Info 2"/>
  <meta:user-defined meta:name="Info 3"/>
</office:meta>
 <office:script/>
 <office:font-decls>
  <style:font-decl style:name="StarSymbol" fo:font-family="StarSymbol" style:font-charset="x-symbol"/>
  <style:font-decl style:name="Courier New" fo:font-family="&apos;Courier New&apos;" style:font-style-name="Standard" style:font-family-generic="modern" style:font-pitch="fixed"/>
  <style:font-decl style:name="Courier" fo:font-family="Courier" style:font-family-generic="roman" style:font-pitch="fixed"/>
  <style:font-decl style:name="Arial Unicode MS" fo:font-family="&apos;Arial Unicode MS&apos;" style:font-pitch="variable"/>
  <style:font-decl style:name="HG Mincho Light J" fo:font-family="&apos;HG Mincho Light J&apos;" style:font-pitch="variable"/>
  <style:font-decl style:name="Times New Roman3" fo:font-family="&apos;Times New Roman&apos;" style:font-pitch="variable"/>
  <style:font-decl style:name="Thorndale" fo:font-family="Thorndale" style:font-family-generic="roman" style:font-pitch="variable"/>
  <style:font-decl style:name="Times New Roman2" fo:font-family="&apos;Times New Roman&apos;" style:font-style-name="Fett" style:font-family-generic="roman" style:font-pitch="variable"/>
  <style:font-decl style:name="Times New Roman" fo:font-family="&apos;Times New Roman&apos;" style:font-style-name="Standard" style:font-family-generic="roman" style:font-pitch="variable"/>
  <style:font-decl style:name="Times New Roman1" fo:font-family="&apos;Times New Roman&apos;" style:font-family-generic="swiss" style:font-pitch="variable"/>
 </office:font-decls>
 <office:automatic-styles>
  <style:style style:name="P1" style:family="paragraph" style:parent-style-name="Paragraph" style:master-page-name="HTML">
   <style:properties style:page-number="0"/>
  </style:style>
  <style:style style:name="T1" style:family="text">
   <style:properties fo:font-weight="bold"/>
  </style:style>
 </office:automatic-styles>
 <office:body>
  <text:variable-decls>
   <text:variable-decl text:value-type="string" text:name="HTML_ON"/>
   <text:variable-decl text:value-type="string" text:name="HTML_OFF"/>
   <text:variable-decl text:value-type="string" text:name="TITEL"/>
   <text:variable-decl text:value-type="string" text:name="END"/>
   <text:variable-decl text:value-type="string" text:name="HREF"/>
   <text:variable-decl text:value-type="string" text:name="WIN"/>
   <text:variable-decl text:value-type="string" text:name="ELSE"/>
   <text:variable-decl text:value-type="string" text:name="MAC"/>
   <text:variable-decl text:value-type="string" text:name="OS2"/>
   <text:variable-decl text:value-type="string" text:name="NAME"/>
   <text:variable-decl text:value-type="string" text:name="HelpID"/>
   <text:variable-decl text:value-type="string" text:name="MODIFY"/>
   <text:variable-decl text:value-type="string" text:name="REFNR"/>
   <text:variable-decl text:value-type="string" text:name="KEY"/>
   <text:variable-decl text:value-type="string" text:name="HFELD"/>
   <text:variable-decl text:value-type="string" text:name="AKTHLP"/>
   <text:variable-decl text:value-type="string" text:name="INDEX"/>
   <text:variable-decl text:value-type="string" text:name="STYLE"/>
  </text:variable-decls>
  <text:sequence-decls>
   <text:sequence-decl text:display-outline-level="0" text:name="Illustration"/>
   <text:sequence-decl text:display-outline-level="0" text:name="Table"/>
   <text:sequence-decl text:display-outline-level="0" text:name="Text"/>
   <text:sequence-decl text:display-outline-level="0" text:name="Drawing"/>
  </text:sequence-decls>
  <help:to-be-embedded Eid="tabulator">
  <text:p text:style-name="Head 1"><help:help-id value="HID_TABULATOR"/><help:key-word value="Tabulazione; formato dei paragrafi" tag="kw65713_1"/><help:key-word value="Paragrafo; tabulazioni" tag="kw65713_8"/><help:key-word value="Formato; tabulazioni" tag="kw65713_7"/><help:key-word value="Testo; tabulazioni" tag="kw65713_6"/><help:link Id="65713">Tabulazioni</help:link></text:p>
  <text:p text:style-name="Paragraph"><help:help-text value="visible">In questa scheda potete impostare la posizione delle tabulazioni nel paragrafo.</help:help-text></text:p>
  </help:to-be-embedded>
  <text:p text:style-name="Paragraph">In alternativa, potete posizionare le tabulazioni usando il righello.</text:p>
  <help:popup Id="65599" Eid="tabulator"><help:embedded Id="65598" Eid="wie"></help:embedded></help:popup>
  <text:p text:style-name="Head 2"><help:help-id value="SVX_METRICBOX_RID_SVXPAGE_TABULATOR_ED_TABPOS"/>Posizione</text:p>
  <text:p text:style-name="Paragraph"><help:help-text value="visible">Selezionate un tipo di tabulazione, inserite una nuova misura e fate clic su <text:span text:style-name="T1">Nuova</text:span>. Se necessario, potete specificare l&apos;unità di misura da usare per la tabulazione (usando cm per esprimere le misure in centimetri, oppure &quot; per esprimerle in pollici). Le tabulazioni eventualmente presenti a sinistra della prima tabulazione impostata vengono rimosse.</help:help-text></text:p>
  <text:p text:style-name="Head 2">Tipo</text:p>
  <text:p text:style-name="Paragraph">Selezionate il tipo di tabulazione da modificare.</text:p>
  <text:p text:style-name="Head 3"><help:help-id value="SVX_RADIOBUTTON_RID_SVXPAGE_TABULATOR_BTN_TABTYPE_LEFT"/>A sinistra</text:p>
  <text:p text:style-name="Paragraph">Se è abilitato il supporto delle lingue asiatiche, il nome di questa tabulazione è <text:span text:style-name="T1">A sinistra/in alto</text:span>.</text:p>
  <text:p text:style-name="Paragraph"><help:help-text value="visible">Allinea il bordo sinistro del testo con la tabulazione ed estende il testo verso destra.</help:help-text></text:p>
  <text:p text:style-name="Head 3"><help:help-id value="SVX_RADIOBUTTON_RID_SVXPAGE_TABULATOR_BTN_TABTYPE_RIGHT"/>A destra</text:p>
  <text:p text:style-name="Paragraph">Se è abilitato il supporto delle lingue asiatiche, il nome di questa tabulazione è <text:span text:style-name="T1">A destra/in basso</text:span>.</text:p>
  <text:p text:style-name="Paragraph"><help:help-text value="visible">Allinea il bordo destro del testo con la tabulazione ed estende il testo verso sinistra.</help:help-text></text:p>
  <text:p text:style-name="Head 3"><help:help-id value="SVX_RADIOBUTTON_RID_SVXPAGE_TABULATOR_BTN_TABTYPE_CENTER"/>Al centro</text:p>
  <text:p text:style-name="Paragraph"><help:help-text value="visible">Allinea il centro del testo alla tabulazione.</help:help-text></text:p>
  <text:p text:style-name="Head 3"><help:help-id value="SVX_RADIOBUTTON_RID_SVXPAGE_TABULATOR_BTN_TABTYPE_DECIMAL"/><help:key-word value="Tabulazione decimale; testo" tag="kw65713_5"/><help:key-word value="Testo; decimale" tag="kw65713_4"/>Decimale</text:p>
  <text:p text:style-name="Paragraph"><help:help-text value="visible">Allinea il separatore decimale dei numeri al centro della tabulazione e allinea il testo a sinistra della tabulazione.</help:help-text></text:p>
  <text:p text:style-name="Paragraph"><help:switch select="System"><help:case select ="WIN">Il carattere usato come separatore decimale è determinato dalle impostazioni regionali del vostro sistema operativo.</help:case></help:switch></text:p>
  <text:p text:style-name="Head 3"><help:help-id value="SVX_EDIT_RID_SVXPAGE_TABULATOR_ED_TABTYPE_DECCHAR"/>Carattere</text:p>
  <text:p text:style-name="Paragraph"><help:help-text value="visible">Per le tabulazioni decimali potete digitare il carattere al quale allineare in questa sezione.</help:help-text> Nella versione italiana di <help:productname>%PRODUCTNAME</help:productname> il carattere è una virgola. Potete utilizzare anche caratteri diversi, come ad esempio gradi e dieresi. In base al sistema operativo e al tipo di carattere utilizzato è però possibile che durante il salvataggio o l&apos;apertura di alcuni documenti il carattere delle tabulazioni decimali non venga formattato correttamente.</text:p>
  <text:p text:style-name="Head 2"><help:key-word value="Caratteri riempitivi; tabulazione" tag="kw65713_3"/><help:key-word value="Tabulazione; caratteri riempitivi" tag="kw65713_2"/>Caratteri riempitivi</text:p>
  <text:p text:style-name="Paragraph">Specificate i caratteri da usare come riempitivo a sinistra della tabulazione.</text:p>
  <text:p text:style-name="Head 3"><help:help-id value="SVX_RADIOBUTTON_RID_SVXPAGE_TABULATOR_BTN_FILLCHAR_NO"/>Nessuno</text:p>
  <text:p text:style-name="Paragraph"><help:help-text value="visible">Non inserisce nessun carattere di riempimento, oppure rimuove i caratteri di riempimento presenti a sinistra della tabulazione.</help:help-text></text:p>
  <text:p text:style-name="Head 3"><help:help-id value="SVX_RADIOBUTTON_RID_SVXPAGE_TABULATOR_BTN_FILLCHAR_POINTS"/>........</text:p>
  <text:p text:style-name="Paragraph"><help:help-text value="visible">Riempie lo spazio a sinistra della tabulazione con una serie di punti.</help:help-text></text:p>
  <text:p text:style-name="Head 3"><help:help-id value="SVX_RADIOBUTTON_RID_SVXPAGE_TABULATOR_BTN_FILLCHAR_DASHLINE"/>--------</text:p>
  <text:p text:style-name="Paragraph"><help:help-text value="visible">Riempie lo spazio a sinistra della tabulazione con una serie di trattini.</help:help-text></text:p>
  <text:p text:style-name="Head 3"><help:help-id value="SVX_RADIOBUTTON_RID_SVXPAGE_TABULATOR_BTN_FILLCHAR_UNDERSCORE"/>____________</text:p>
  <text:p text:style-name="Paragraph"><help:help-text value="visible">Disegna una linea per riempire lo spazio vuoto a sinistra della tabulazione.</help:help-text></text:p>
  <text:p text:style-name="Head 3"><help:help-id value="SVX_RADIOBUTTON_RID_SVXPAGE_TABULATOR_BTN_FILLCHAR_OTHER"/>Carattere</text:p>
  <text:p text:style-name="Paragraph"><help:help-text value="visible">Permette di specificare il carattere da usare come riempitivo a sinistra della tabulazione.</help:help-text></text:p>
  <text:p text:style-name="Head 3"><help:help-id value="SVX_EDIT_RID_SVXPAGE_TABULATOR_ED_FILLCHAR_OTHER"/>Carattere</text:p>
  <text:p text:style-name="Paragraph"><help:help-text value="visible">Specificate il carattere da usare come riempitivo a sinistra della tabulazione.</help:help-text></text:p>
  <text:p text:style-name="Head 2"><help:help-id value="SVX_PUSHBUTTON_RID_SVXPAGE_TABULATOR_BTN_NEW"/>Nuovo</text:p>
  <text:p text:style-name="Paragraph"><help:help-text value="visible">Aggiunge al paragrafo la tabulazione definita.</help:help-text></text:p>
  <text:p text:style-name="Head 2"><help:help-id value="SVX_PUSHBUTTON_RID_SVXPAGE_TABULATOR_BTN_DELALL"/>Elimina tutti</text:p>
  <text:p text:style-name="Paragraph"><help:help-text value="visible">Rimuove dall&apos;elenco le tabulazioni definite dall&apos;utente e imposta come standard la tabulazione Sinistra.</help:help-text></text:p>
  <help:help-id value="SVX_PUSHBUTTON_RID_SVXPAGE_TABULATOR_BTN_DEL"/><help:embedded Id="65630" Eid="loeschen1"></help:embedded>
 </office:body>
</office:document>
