

<office:document  xmlns:office="http://openoffice.org/2000/office" xmlns:style="http://openoffice.org/2000/style" xmlns:text="http://openoffice.org/2000/text" xmlns:table="http://openoffice.org/2000/table" xmlns:draw="http://openoffice.org/2000/drawing" xmlns:fo="http://www.w3.org/1999/XSL/Format" xmlns:xlink="http://www.w3.org/1999/xlink" xmlns:number="http://openoffice.org/2000/datastyle" xmlns:svg="http://www.w3.org/2000/svg" xmlns:chart="http://openoffice.org/2000/chart" xmlns:dr3d="http://openoffice.org/2000/dr3d" xmlns:math="http://www.w3.org/1998/Math/MathML" xmlns:form="http://openoffice.org/2000/form" xmlns:script="http://openoffice.org/2000/script" office:class="text" office:version="1.0" xmlns:dc="http://purl.org/dc/elements/1.1/" xmlns:meta="http://openoffice.org/2000/meta" xmlns:help="http://openoffice.org/2000/help">
<office:meta>
  <dc:description>text/common/01/05040200</dc:description>
  <dc:subject>Pagina</dc:subject>
  <meta:keywords>
   <meta:keyword>$Version</meta:keyword>
  </meta:keywords>
  <dc:language>it-IT</dc:language>
  <meta:user-defined meta:name="Info 0">READY</meta:user-defined>
  <meta:user-defined meta:name="Info 1">FREE_OK</meta:user-defined>
  <meta:user-defined meta:name="Info 2"/>
  <meta:user-defined meta:name="Info 3"/>
</office:meta>
 <office:script/>
 <office:font-decls>
  <style:font-decl style:name="StarSymbol" fo:font-family="StarSymbol" style:font-charset="x-symbol"/>
  <style:font-decl style:name="Courier New" fo:font-family="&apos;Courier New&apos;" style:font-style-name="Standard" style:font-family-generic="modern" style:font-pitch="fixed"/>
  <style:font-decl style:name="Courier" fo:font-family="Courier" style:font-family-generic="roman" style:font-pitch="fixed"/>
  <style:font-decl style:name="Arial Unicode MS" fo:font-family="&apos;Arial Unicode MS&apos;" style:font-pitch="variable"/>
  <style:font-decl style:name="HG Mincho Light J" fo:font-family="&apos;HG Mincho Light J&apos;" style:font-pitch="variable"/>
  <style:font-decl style:name="Times New Roman3" fo:font-family="&apos;Times New Roman&apos;" style:font-pitch="variable"/>
  <style:font-decl style:name="Thorndale" fo:font-family="Thorndale" style:font-family-generic="roman" style:font-pitch="variable"/>
  <style:font-decl style:name="Times New Roman2" fo:font-family="&apos;Times New Roman&apos;" style:font-style-name="Fett" style:font-family-generic="roman" style:font-pitch="variable"/>
  <style:font-decl style:name="Times New Roman" fo:font-family="&apos;Times New Roman&apos;" style:font-style-name="Standard" style:font-family-generic="roman" style:font-pitch="variable"/>
  <style:font-decl style:name="Times New Roman1" fo:font-family="&apos;Times New Roman&apos;" style:font-family-generic="swiss" style:font-pitch="variable"/>
 </office:font-decls>
 <office:automatic-styles>
  <style:style style:name="P1" style:family="paragraph" style:parent-style-name="Paragraph" style:master-page-name="HTML">
   <style:properties style:page-number="0"/>
  </style:style>
  <style:style style:name="T1" style:family="text">
   <style:properties fo:font-weight="bold"/>
  </style:style>
 </office:automatic-styles>
 <office:body>
  <text:variable-decls>
   <text:variable-decl text:value-type="string" text:name="HTML_ON"/>
   <text:variable-decl text:value-type="string" text:name="HTML_OFF"/>
   <text:variable-decl text:value-type="string" text:name="TITEL"/>
   <text:variable-decl text:value-type="string" text:name="END"/>
   <text:variable-decl text:value-type="string" text:name="OS2"/>
   <text:variable-decl text:value-type="string" text:name="ELSE"/>
   <text:variable-decl text:value-type="string" text:name="HREF"/>
   <text:variable-decl text:value-type="string" text:name="NAME"/>
   <text:variable-decl text:value-type="string" text:name="WIN"/>
   <text:variable-decl text:value-type="string" text:name="HFELD"/>
   <text:variable-decl text:value-type="string" text:name="HelpID"/>
   <text:variable-decl text:value-type="string" text:name="MODIFY"/>
   <text:variable-decl text:value-type="string" text:name="REFNR"/>
   <text:variable-decl text:value-type="string" text:name="KEY"/>
   <text:variable-decl text:value-type="string" text:name="AKTHLP"/>
   <text:variable-decl text:value-type="string" text:name="INDEX"/>
   <text:variable-decl text:value-type="string" text:name="STYLE"/>
  </text:variable-decls>
  <text:sequence-decls>
   <text:sequence-decl text:display-outline-level="0" text:name="Illustration"/>
   <text:sequence-decl text:display-outline-level="0" text:name="Table"/>
   <text:sequence-decl text:display-outline-level="0" text:name="Text"/>
   <text:sequence-decl text:display-outline-level="0" text:name="Drawing"/>
  </text:sequence-decls>
  <help:to-be-embedded Eid="seite">
  <text:p text:style-name="Head 1"><help:help-id value="HID_FORMAT_PAGE"/><help:key-word value="Pagina; formato" tag="kw65662_15"/><help:key-word value="Formato; pagina" tag="kw65662_1"/><help:link Id="65662">Pagina</help:link></text:p>
  <text:p text:style-name="Paragraph"><help:help-text value="visible">Queste opzioni vi permettono di definire il layout di pagina per i documenti di una o di più pagine, il formato di numerazione e il formato per la carta.</help:help-text></text:p>
  </help:to-be-embedded>
  <help:popup Id="65599" Eid="seite"><help:embedded Id="65598" Eid="wie"></help:embedded></help:popup>
  <help:embedded Id="68019" Eid="pageformat_max"></help:embedded>
  <text:p text:style-name="Head 2"><help:key-word value="Formato foglio; pagina" tag="kw65662_14"/><help:key-word value="Pagina; formato foglio" tag="kw65662_13"/>Formato foglio</text:p>
  <text:p text:style-name="Paragraph">Selezionate uno dei formati standard per la carta oppure definite un formato personalizzato.</text:p>
  <text:p text:style-name="Head 3"><help:help-id value="SVX_LISTBOX_RID_SVXPAGE_PAGE_LB_PAPER_SIZE"/>Formato</text:p>
  <text:p text:style-name="Paragraph"><help:help-text value="visible">Selezionate uno dei formati standard per la carta, oppure create un formato personalizzato specificando le dimensioni desiderate nelle caselle <text:span text:style-name="T1">Altezza</text:span> e <text:span text:style-name="T1">Larghezza</text:span>.</help:help-text></text:p>
  <text:p text:style-name="Head 3"><help:help-id value="SVX_METRICFIELD_RID_SVXPAGE_PAGE_ED_PAPER_WIDTH"/>Larghezza</text:p>
  <text:p text:style-name="Paragraph"><help:help-text value="visible">Qui potete impostare una larghezza foglio diversa da quella predefinita.</help:help-text></text:p>
  <text:p text:style-name="Head 3"><help:help-id value="SVX_METRICFIELD_RID_SVXPAGE_PAGE_ED_PAPER_HEIGHT"/>Altezza</text:p>
  <text:p text:style-name="Paragraph"><help:help-text value="visible">Qui potete impostare un&apos;altezza foglio diversa da quella predefinita.</help:help-text></text:p>
  <text:p text:style-name="Head 3"><help:help-id value="SVX_RADIOBUTTON_RID_SVXPAGE_PAGE_RB_PORTRAIT"/>Allineamento verticale</text:p>
  <text:p text:style-name="Paragraph"><help:help-text value="visible">Visualizza e stampa il documento attivo con orientamento verticale.</help:help-text></text:p>
  <text:p text:style-name="Head 3"><help:help-id value="SVX_RADIOBUTTON_RID_SVXPAGE_PAGE_RB_LANDSCAPE"/>Allineamento orizzontale</text:p>
  <text:p text:style-name="Paragraph"><help:help-text value="visible">Visualizza e stampa il documento attivo con orientamento orizzontale.</help:help-text></text:p>
  <text:p text:style-name="Head 3"><help:help-id value="SVX_LISTBOX_RID_SVXPAGE_PAGE_LB_TEXT_FLOW"/>Testo</text:p>
  <text:p text:style-name="Paragraph"><help:help-text value="visible">Selezionate la direzione in cui disporre il testo nel documento.</help:help-text> L&apos;opzione &quot;da destra a sinistra (verticale)&quot; ruota tutte le impostazioni del layout di 90 gradi a destra, fatta eccezione per la riga d&apos;intestazione e il piè di pagina.</text:p>
  <text:p text:style-name="Head 3"><help:help-id value="SVX_LISTBOX_RID_SVXPAGE_PAGE_LB_PAPER_TRAY"/><help:key-word value="Cassetto; stampante" tag="kw65662_12"/><help:key-word value="Stampante; cassetto" tag="kw65662_11"/>Cassetto</text:p>
  <text:p text:style-name="Paragraph"><help:help-text value="visible">Selezionate il cassetto di alimentazione della stampante. Potete anche assegnare cassetti differenti ai diversi modelli di pagina.</help:help-text></text:p>
  <help:embedded Id="65630" Eid="vorschau"></help:embedded>
  <text:p text:style-name="Head 2"><help:key-word value="Pagina; margini" tag="kw65662_10"/><help:key-word value="Margini; pagina" tag="kw65662_9"/>Margini</text:p>
  <text:p text:style-name="Paragraph">Specificate lo spazio da lasciare tra i bordi della pagina e il testo del documento.</text:p>
  <text:p text:style-name="Head 3"><help:help-id value="SVX_METRICFIELD_RID_SVXPAGE_PAGE_ED_LEFT_MARGIN"/>Sinistra/Interno</text:p>
  <text:p text:style-name="Paragraph"><help:help-text value="visible">Specificate lo spazio da lasciare tra il bordo sinistro della pagina e il testo del documento. Se state usando il layout <text:span text:style-name="T1">Rispecchiato</text:span>, specificate lo spazio da lasciare tra il margine interno del testo e il bordo interno della pagina.</help:help-text></text:p>
  <text:p text:style-name="Head 3"><help:help-id value="SVX_METRICFIELD_RID_SVXPAGE_PAGE_ED_RIGHT_MARGIN"/>A destra/ Esterno</text:p>
  <text:p text:style-name="Paragraph"><help:help-text value="visible">Specificate lo spazio da lasciare tra il bordo destro della pagina e il testo del documento. Se state usando il layout <text:span text:style-name="T1">Rispecchiato</text:span>, specificate lo spazio da lasciare tra il margine esterno del testo e il bordo esterno della pagina.</help:help-text></text:p>
  <text:p text:style-name="Head 3"><help:help-id value="SVX_METRICFIELD_RID_SVXPAGE_PAGE_ED_TOP_MARGIN"/>In alto</text:p>
  <text:p text:style-name="Paragraph"><help:help-text value="visible">Specificate lo spazio da lasciare tra il bordo superiore della pagina e il testo del documento.</help:help-text></text:p>
  <text:p text:style-name="Head 3"><help:help-id value="SVX_METRICFIELD_RID_SVXPAGE_PAGE_ED_BOTTOM_MARGIN"/>In basso</text:p>
  <text:p text:style-name="Paragraph"><help:help-text value="visible">Specificate lo spazio da lasciare tra il bordo inferiore della pagina e il testo del documento.</help:help-text></text:p>
  <text:p text:style-name="Head 2"><help:switch select="Program"><help:case select="DRAW"></help:case><help:case select="IMPRESS"></help:case><help:default><help:key-word value="Pagina; layout" tag="kw65662_8"/><help:key-word value="Layout; pagina" tag="kw65662_7"/>Impostazioni layout</help:default></help:switch></text:p>
  <text:p text:style-name="Paragraph"><help:switch select="Program"><help:case select="DRAW"></help:case><help:case select="IMPRESS"></help:case><help:default>Selezionate il layout di pagina da usare nel documento.</help:default></help:switch></text:p>
  <text:p text:style-name="Head 3"><help:help-id value="SVX_LISTBOX_RID_SVXPAGE_PAGE_LB_LAYOUT"/><help:switch select="Program"><help:case select="DRAW"></help:case><help:case select="IMPRESS"></help:case><help:default>Layout di pagina</help:default></help:switch></text:p>
  <text:p text:style-name="Paragraph"><help:help-text value="visible"><help:switch select="Program"><help:case select="DRAW"></help:case><help:case select="IMPRESS"></help:case><help:default>Specificate se applicare la formattazione alle pagine pari, a quelle dispari o alle pagine sia pari che dispari che utilizzano il modello di pagina attuale.</help:default></help:switch></help:help-text></text:p>
  <text:p text:style-name="Head 4"><help:switch select="Program"><help:case select="DRAW"></help:case><help:case select="IMPRESS"></help:case><help:default>Destra e sinistra</help:default></help:switch></text:p>
  <text:p text:style-name="Paragraph"><help:switch select="Program"><help:case select="DRAW"></help:case><help:case select="IMPRESS"></help:case><help:default>Applica le impostazioni di formattazione sia alle pagine pari che alle pagine dispari del documento che utilizzano il modello di pagina attuale.</help:default></help:switch></text:p>
  <text:p text:style-name="Head 4"><help:switch select="Program"><help:case select="DRAW"></help:case><help:case select="IMPRESS"></help:case><help:default>Rispecchiato</help:default></help:switch></text:p>
  <text:p text:style-name="Paragraph"><help:switch select="Program"><help:case select="DRAW"></help:case><help:case select="IMPRESS"></help:case><help:default>Usate questo layout per differenziare le pagine pari da quelle dispari.</help:default></help:switch></text:p>
  <text:p text:style-name="Head 4"><help:switch select="Program"><help:case select="DRAW"></help:case><help:case select="IMPRESS"></help:case><help:default>Solo destra</help:default></help:switch></text:p>
  <text:p text:style-name="Paragraph"><help:switch select="Program"><help:case select="DRAW"></help:case><help:case select="IMPRESS"></help:case><help:default>Applica le impostazioni di formattazione solo alle pagine dispari che utilizzano il modello di pagina attuale. La prima pagina del documento viene gestita automaticamente come una pagina sinistra.</help:default></help:switch></text:p>
  <text:p text:style-name="Head 4"><help:switch select="Program"><help:case select="DRAW"></help:case><help:case select="IMPRESS"></help:case><help:default>Solo sinistra</help:default></help:switch></text:p>
  <text:p text:style-name="Paragraph"><help:switch select="Program"><help:case select="DRAW"></help:case><help:case select="IMPRESS">In <help:productname>%PRODUCTNAME</help:productname> Calc, questa opzione equivale a &quot;Destra e sinistra&quot;.</help:case><help:default>Le impostazioni correnti vengono applicate solo alle pagine di sinistra.</help:default></help:switch></text:p>
  <text:p text:style-name="Head 2"><help:switch select="Program"><help:case select="WRITER">Conformità registro</help:case></help:switch><help:key-word value="Conformità registro; pagina e paragrafo" tag="kw65662_6"/></text:p>
  <text:p text:style-name="Head 3"><help:help-id value="SVX_CHECKBOX_RID_SVXPAGE_PAGE_CB_REGISTER"/><help:switch select="Program"><help:case select="WRITER">Attiva</help:case></help:switch></text:p>
  <text:p text:style-name="Paragraph"><help:switch select="Program"><help:case select="WRITER"><help:help-text value="visible">Selezionando questa opzione, le righe di testo delle pagine che utilizzano lo stesso modello di pagina vengono posizionate alla stessa altezza nella griglia verticale. Questa opzione è disponibile solo per i paragrafi e le pagine, non per le cornici che contengono più colonne di testo.</help:help-text> Il modello di paragrafo di riferimento definisce l&apos;altezza delle righe per la griglia.</help:case></help:switch></text:p>
  <text:p text:style-name="Head 3"><help:help-id value="SVX_LISTBOX_RID_SVXPAGE_PAGE_LB_REGISTER"/><help:switch select="Program"><help:case select="WRITER">Modello di paragrafo di riferimento</help:case></help:switch></text:p>
  <text:p text:style-name="Paragraph"><help:help-text value="visible"><help:switch select="Program"><help:case select="WRITER">Selezionate il modello di paragrafo da usare come riferimento per l&apos;allineamento del testo. Come punto di riferimento per l&apos;allineamento del testo viene usata la linea di base del carattere associato al modello di paragrafo.</help:case></help:switch></help:help-text></text:p>
  <text:p text:style-name="Head 2"><help:switch select="Program"><help:case select="CALC">Allineamento</help:case></help:switch></text:p>
  <text:p text:style-name="Paragraph"><help:switch select="Program"><help:case select="CALC">Specificate le opzioni di allineamento per le celle della pagina stampata.</help:case></help:switch></text:p>
  <text:p text:style-name="Head 3"><help:help-id value="SVX_CHECKBOX_RID_SVXPAGE_PAGE_CB_HORZ"/><help:switch select="Program"><help:case select="CALC">Orizzontale</help:case></help:switch></text:p>
  <text:p text:style-name="Paragraph"><help:help-text value="visible"><help:switch select="Program"><help:case select="CALC">Centra le celle orizzontalmente nella pagina stampata.</help:case></help:switch></help:help-text></text:p>
  <text:p text:style-name="Head 3"><help:help-id value="SVX_CHECKBOX_RID_SVXPAGE_PAGE_CB_VERT"/><help:switch select="Program"><help:case select="CALC">Verticale</help:case></help:switch></text:p>
  <text:p text:style-name="Paragraph"><help:help-text value="visible"><help:switch select="Program"><help:case select="CALC">Centra le celle verticalmente nella pagina stampata.</help:case></help:switch></help:help-text></text:p>
  <text:p text:style-name="Head 2"><help:switch select="Program"><help:case select="OFFICE"></help:case><help:case select="WRITER"></help:case><help:case select="CALC"></help:case><help:case select="CHART"></help:case><help:case select="MATH"></help:case><help:case select="IMAGE"></help:case><help:default>Impostazioni layout</help:default></help:switch></text:p>
  <text:p text:style-name="Head 3"><help:help-id value="SVX_LISTBOX_RID_SVXPAGE_PAGE_LB_NUMBER_FORMAT"/><help:key-word value="Pagina; numerazione" tag="kw65662_5"/><help:key-word value="Numerazione; pagina" tag="kw65662_4"/>Formato</text:p>
  <text:p text:style-name="Paragraph"><help:help-text value="visible">Selezionate il formato di numerazione da usare per il modello di pagina.</help:help-text></text:p>
  <text:p text:style-name="Head 3"><help:help-id value="SVX_CHECKBOX_RID_SVXPAGE_PAGE_CB_ADAPT"/><help:switch select="Program"><help:case select="OFFICE"></help:case><help:case select="WRITER"></help:case><help:case select="CALC"></help:case><help:case select="CHART"></help:case><help:case select="MATH"></help:case><help:case select="IMAGE"></help:case><help:default><help:key-word value="Pagina; riduci stampa" tag="kw65662_3"/><help:key-word value="Stampa; dimensione pagina in scala" tag="kw65662_2"/>Adatta oggetto al formato pagina</help:default></help:switch></text:p>
  <text:p text:style-name="Paragraph"><help:switch select="Program"><help:case select="OFFICE"></help:case><help:case select="WRITER"></help:case><help:case select="CALC"></help:case><help:case select="CHART"></help:case><help:case select="MATH"></help:case><help:case select="IMAGE"></help:case><help:default><help:help-text value="visible">Ridimensiona gli oggetti di disegno adattandoli al formato del foglio selezionato. La disposizione degli oggetti di disegno viene preservata.</help:help-text></help:default></help:switch></text:p>
  <text:p text:style-name="ParaList"><help:embedded Id="65598" Eid="related"></help:embedded></text:p>
  <text:p text:style-name="ParaList"><help:popup Id="65630" Eid="metrik"></help:popup></text:p>
  <text:p text:style-name="ParaList"><help:popup Id="65619" Eid="registerhaltigkeit"></help:popup></text:p>
 </office:body>
</office:document>
