

<office:document  xmlns:office="http://openoffice.org/2000/office" xmlns:style="http://openoffice.org/2000/style" xmlns:text="http://openoffice.org/2000/text" xmlns:table="http://openoffice.org/2000/table" xmlns:draw="http://openoffice.org/2000/drawing" xmlns:fo="http://www.w3.org/1999/XSL/Format" xmlns:xlink="http://www.w3.org/1999/xlink" xmlns:number="http://openoffice.org/2000/datastyle" xmlns:svg="http://www.w3.org/2000/svg" xmlns:chart="http://openoffice.org/2000/chart" xmlns:dr3d="http://openoffice.org/2000/dr3d" xmlns:math="http://www.w3.org/1998/Math/MathML" xmlns:form="http://openoffice.org/2000/form" xmlns:script="http://openoffice.org/2000/script" office:class="text" office:version="1.0" xmlns:dc="http://purl.org/dc/elements/1.1/" xmlns:meta="http://openoffice.org/2000/meta" xmlns:help="http://openoffice.org/2000/help">
<office:meta>
  <dc:description>text/common/01/05210300</dc:description>
  <dc:subject>Sfumature</dc:subject>

  <dc:language>it-IT</dc:language>
  <meta:user-defined meta:name="Info 0">READY</meta:user-defined>
  <meta:user-defined meta:name="Info 1">FREE_OK</meta:user-defined>
  <meta:user-defined meta:name="Info 2"/>
  <meta:user-defined meta:name="Info 3"/>
</office:meta>
 <office:script/>
 <office:font-decls>
  <style:font-decl style:name="StarSymbol" fo:font-family="StarSymbol" style:font-charset="x-symbol"/>
  <style:font-decl style:name="Courier New" fo:font-family="&apos;Courier New&apos;" style:font-style-name="Standard" style:font-family-generic="modern" style:font-pitch="fixed"/>
  <style:font-decl style:name="Courier" fo:font-family="Courier" style:font-family-generic="roman" style:font-pitch="fixed"/>
  <style:font-decl style:name="Arial Unicode MS" fo:font-family="&apos;Arial Unicode MS&apos;" style:font-pitch="variable"/>
  <style:font-decl style:name="HG Mincho Light J" fo:font-family="&apos;HG Mincho Light J&apos;" style:font-pitch="variable"/>
  <style:font-decl style:name="Times New Roman3" fo:font-family="&apos;Times New Roman&apos;" style:font-pitch="variable"/>
  <style:font-decl style:name="Thorndale" fo:font-family="Thorndale" style:font-family-generic="roman" style:font-pitch="variable"/>
  <style:font-decl style:name="Times New Roman2" fo:font-family="&apos;Times New Roman&apos;" style:font-style-name="Fett" style:font-family-generic="roman" style:font-pitch="variable"/>
  <style:font-decl style:name="Times New Roman" fo:font-family="&apos;Times New Roman&apos;" style:font-style-name="Standard" style:font-family-generic="roman" style:font-pitch="variable"/>
  <style:font-decl style:name="Times New Roman1" fo:font-family="&apos;Times New Roman&apos;" style:font-family-generic="swiss" style:font-pitch="variable"/>
 </office:font-decls>
 <office:automatic-styles>
  <style:style style:name="P1" style:family="paragraph" style:parent-style-name="Paragraph" style:master-page-name="HTML">
   <style:properties style:page-number="0"/>
  </style:style>
  <style:style style:name="T1" style:family="text">
   <style:properties fo:font-weight="bold"/>
  </style:style>
 </office:automatic-styles>
 <office:body>
  <text:variable-decls>
   <text:variable-decl text:value-type="string" text:name="HTML_ON"/>
   <text:variable-decl text:value-type="string" text:name="HTML_OFF"/>
   <text:variable-decl text:value-type="string" text:name="TITEL"/>
   <text:variable-decl text:value-type="string" text:name="END"/>
   <text:variable-decl text:value-type="string" text:name="HREF"/>
   <text:variable-decl text:value-type="string" text:name="OS2"/>
   <text:variable-decl text:value-type="string" text:name="ELSE"/>
   <text:variable-decl text:value-type="string" text:name="MAC"/>
   <text:variable-decl text:value-type="string" text:name="NAME"/>
   <text:variable-decl text:value-type="string" text:name="HelpID"/>
   <text:variable-decl text:value-type="string" text:name="MODIFY"/>
   <text:variable-decl text:value-type="string" text:name="REFNR"/>
   <text:variable-decl text:value-type="string" text:name="KEY"/>
   <text:variable-decl text:value-type="string" text:name="AKTHLP"/>
   <text:variable-decl text:value-type="string" text:name="INDEX"/>
   <text:variable-decl text:value-type="string" text:name="STYLE"/>
  </text:variable-decls>
  <text:sequence-decls>
   <text:sequence-decl text:display-outline-level="0" text:name="Illustration"/>
   <text:sequence-decl text:display-outline-level="0" text:name="Table"/>
   <text:sequence-decl text:display-outline-level="0" text:name="Text"/>
   <text:sequence-decl text:display-outline-level="0" text:name="Drawing"/>
  </text:sequence-decls>
  <help:to-be-embedded Eid="farbverlaeufe">
  <text:p text:style-name="Head 1"><help:help-id value="HID_AREA_GRADIENT"/><help:key-word value="Area; sfumatura" tag="kw65782_3"/><help:key-word value="Sfumatura; area" tag="kw65782_5"/><help:key-word value="Trasparenza; area" tag="kw65782_4"/><help:link Id="65782">Sfumature</help:link></text:p>
  <text:p text:style-name="Paragraph"><help:help-text value="visible">In quest&apos;area potete impostare le proprietà di una sfumatura, oppure salvare e caricare una tavola di sfumature.</help:help-text></text:p>
  </help:to-be-embedded>
  <help:popup Id="65593" Eid="verlauf"><help:embedded Id="65598" Eid="wie"></help:embedded></help:popup>
  <text:p text:style-name="Head 3"><help:help-id value="SVX_LISTBOX_RID_SVXPAGE_GRADIENT_LB_GRADIENT_TYPES"/>Tipo:</text:p>
  <text:p text:style-name="Paragraph"><help:help-text value="visible">Elenca le sfumature disponibili. Fate clic sulla sfumatura che desiderate applicare e quindi su <text:span text:style-name="T1">OK</text:span>.</help:help-text></text:p>
  <text:p text:style-name="Head 3"><help:help-id value="SVX_METRICFIELD_RID_SVXPAGE_GRADIENT_MTR_CENTER_X"/>Centra X</text:p>
  <text:p text:style-name="Paragraph"><help:help-text value="visible">Inserite lo spostamento orizzontale della sfumatura, tenendo presente che 0% corrisponde alla posizione orizzontale attuale del colore finale. Il colore finale è quello selezionato nella casella <text:span text:style-name="T1">A</text:span>.</help:help-text></text:p>
  <text:p text:style-name="Head 3"><help:help-id value="SVX_METRICFIELD_RID_SVXPAGE_GRADIENT_MTR_CENTER_Y"/>Centra Y</text:p>
  <text:p text:style-name="Paragraph"><help:help-text value="visible">Inserite lo spostamento verticale della sfumatura, tenendo presente che 0% corrisponde alla posizione verticale attuale del colore finale. Il colore finale è quello selezionato nella casella <text:span text:style-name="T1">A</text:span>.</help:help-text></text:p>
  <text:p text:style-name="Head 3"><help:help-id value="SVX_METRICFIELD_RID_SVXPAGE_GRADIENT_MTR_ANGLE"/>Angolo</text:p>
  <text:p text:style-name="Paragraph"><help:help-text value="visible">Inserite un angolo di rotazione per la sfumatura selezionata.</help:help-text></text:p>
  <text:p text:style-name="Head 3"><help:help-id value="SVX_METRICFIELD_RID_SVXPAGE_GRADIENT_MTR_BORDER"/>Margine</text:p>
  <text:p text:style-name="Paragraph"><help:help-text value="visible">Specificate di quale misura volete modificare l&apos;area del colore finale della sfumatura. Il colore finale è quello selezionato nella casella <text:span text:style-name="T1">A</text:span>.</help:help-text></text:p>
  <text:p text:style-name="Head 3">Da</text:p>
  <text:p text:style-name="Paragraph"><help:help-id value="SVX_LISTBOX_RID_SVXPAGE_GRADIENT_LB_COLOR_FROM"/><help:help-text value="visible">Selezionate un colore per il punto iniziale della sfumatura.</help:help-text></text:p>
  <text:p text:style-name="Paragraph"><help:help-id value="SVX_METRICFIELD_RID_SVXPAGE_GRADIENT_MTR_COLOR_FROM"/><help:help-text value="visible">Indicate l&apos;intensità del colore nella casella <text:span text:style-name="T1">Da</text:span>, tenendo presente che 0% corrisponde al nero e 100% corrisponde al colore selezionato.</help:help-text></text:p>
  <text:p text:style-name="Head 3">A</text:p>
  <text:p text:style-name="Paragraph"><help:help-id value="SVX_LISTBOX_RID_SVXPAGE_GRADIENT_LB_COLOR_TO"/><help:help-text value="visible">Selezionate un colore per il punto finale della sfumatura.</help:help-text></text:p>
  <text:p text:style-name="Paragraph"><help:help-id value="SVX_METRICFIELD_RID_SVXPAGE_GRADIENT_MTR_COLOR_TO"/><help:help-text value="visible">Indicate l&apos;intensità del colore nella casella <text:span text:style-name="T1">A</text:span>, tenendo presente che 0% corrisponde al nero e 100% corrisponde al colore selezionato.</help:help-text></text:p>
  <text:p text:style-name="Head 3"><help:help-id value="SVX_LISTBOX_RID_SVXPAGE_GRADIENT_LB_GRADIENTS"/>Sfumature</text:p>
  <text:p text:style-name="Paragraph"><help:help-text value="visible">Selezionate il tipo di sfumatura da applicare o da creare.</help:help-text></text:p>
  <text:p text:style-name="Head 3"><help:help-id value="SVX_PUSHBUTTON_RID_SVXPAGE_GRADIENT_BTN_ADD"/>Aggiungi</text:p>
  <text:p text:style-name="Paragraph"><help:help-text value="visible">Permette di aggiungere una sfumatura personalizzata all&apos;elenco. Specificate le proprietà della sfumatura e fate clic su questo pulsante.</help:help-text></text:p>
  <text:p text:style-name="Head 3"><help:help-id value="SVX_PUSHBUTTON_RID_SVXPAGE_GRADIENT_BTN_MODIFY"/>Modifica</text:p>
  <text:p text:style-name="Paragraph"><help:help-text value="visible">Applica le proprietà definite alla sfumatura selezionata. Se necessario, potete salvare la sfumatura con un nome differente.</help:help-text></text:p>
  <help:help-id value="SVX_PUSHBUTTON_RID_SVXPAGE_GRADIENT_BTN_DELETE"/><help:embedded Id="65630" Eid="loeschen"></help:embedded>
  <help:embedded Id="65630" Eid="vorschau"></help:embedded>
  <text:p text:style-name="Head 2"><help:help-id value="SVX_IMAGEBUTTON_RID_SVXPAGE_GRADIENT_BTN_LOAD"/><help:key-word value="Carica tavola delle sfumature" tag="kw65782_1"/>Carica tavola delle sfumature</text:p>
  <text:p text:style-name="Paragraph"><help:help-text value="visible">Carica una tavola di sfumature differente.</help:help-text></text:p>
  <text:p text:style-name="Head 2"><help:help-id value="SVX_IMAGEBUTTON_RID_SVXPAGE_GRADIENT_BTN_SAVE"/><help:key-word value="Salva tavola delle sfumature" tag="kw65782_2"/>Salva tavola delle sfumature</text:p>
  <text:p text:style-name="Paragraph"><help:help-text value="visible">Salva la tavola di sfumature per consentire di caricarla successivamente.</help:help-text></text:p>
 </office:body>
</office:document>
