

<office:document  xmlns:office="http://openoffice.org/2000/office" xmlns:style="http://openoffice.org/2000/style" xmlns:text="http://openoffice.org/2000/text" xmlns:table="http://openoffice.org/2000/table" xmlns:draw="http://openoffice.org/2000/drawing" xmlns:fo="http://www.w3.org/1999/XSL/Format" xmlns:xlink="http://www.w3.org/1999/xlink" xmlns:number="http://openoffice.org/2000/datastyle" xmlns:svg="http://www.w3.org/2000/svg" xmlns:chart="http://openoffice.org/2000/chart" xmlns:dr3d="http://openoffice.org/2000/dr3d" xmlns:math="http://www.w3.org/1998/Math/MathML" xmlns:form="http://openoffice.org/2000/form" xmlns:script="http://openoffice.org/2000/script" office:class="text" office:version="1.0" xmlns:dc="http://purl.org/dc/elements/1.1/" xmlns:meta="http://openoffice.org/2000/meta" xmlns:help="http://openoffice.org/2000/help">
<office:meta>
  <dc:description>text/common/01/05220000</dc:description>
  <dc:subject>Testo</dc:subject>

  <dc:language>it-IT</dc:language>
  <meta:user-defined meta:name="Info 0">READY</meta:user-defined>
  <meta:user-defined meta:name="Info 1">FREE_OK</meta:user-defined>
  <meta:user-defined meta:name="Info 2"/>
  <meta:user-defined meta:name="Info 3"/>
</office:meta>
 <office:script/>
 <office:font-decls>
  <style:font-decl style:name="StarSymbol" fo:font-family="StarSymbol" style:font-charset="x-symbol"/>
  <style:font-decl style:name="Courier New" fo:font-family="&apos;Courier New&apos;" style:font-style-name="Standard" style:font-family-generic="modern" style:font-pitch="fixed"/>
  <style:font-decl style:name="Courier" fo:font-family="Courier" style:font-family-generic="roman" style:font-pitch="fixed"/>
  <style:font-decl style:name="Arial Unicode MS" fo:font-family="&apos;Arial Unicode MS&apos;" style:font-pitch="variable"/>
  <style:font-decl style:name="HG Mincho Light J" fo:font-family="&apos;HG Mincho Light J&apos;" style:font-pitch="variable"/>
  <style:font-decl style:name="Times New Roman3" fo:font-family="&apos;Times New Roman&apos;" style:font-pitch="variable"/>
  <style:font-decl style:name="Thorndale" fo:font-family="Thorndale" style:font-family-generic="roman" style:font-pitch="variable"/>
  <style:font-decl style:name="Times New Roman2" fo:font-family="&apos;Times New Roman&apos;" style:font-style-name="Fett" style:font-family-generic="roman" style:font-pitch="variable"/>
  <style:font-decl style:name="Times New Roman" fo:font-family="&apos;Times New Roman&apos;" style:font-style-name="Standard" style:font-family-generic="roman" style:font-pitch="variable"/>
  <style:font-decl style:name="Times New Roman1" fo:font-family="&apos;Times New Roman&apos;" style:font-family-generic="swiss" style:font-pitch="variable"/>
 </office:font-decls>
 <office:automatic-styles>
  <style:style style:name="P1" style:family="paragraph" style:parent-style-name="Paragraph" style:master-page-name="HTML">
   <style:properties style:page-number="0"/>
  </style:style>
 </office:automatic-styles>
 <office:body>
  <text:variable-decls>
   <text:variable-decl text:value-type="string" text:name="HTML_ON"/>
   <text:variable-decl text:value-type="string" text:name="HTML_OFF"/>
   <text:variable-decl text:value-type="string" text:name="TITEL"/>
   <text:variable-decl text:value-type="string" text:name="END"/>
   <text:variable-decl text:value-type="string" text:name="HREF"/>
   <text:variable-decl text:value-type="string" text:name="NAME"/>
   <text:variable-decl text:value-type="string" text:name="HFELD"/>
   <text:variable-decl text:value-type="string" text:name="HelpID"/>
   <text:variable-decl text:value-type="string" text:name="MODIFY"/>
   <text:variable-decl text:value-type="string" text:name="REFNR"/>
   <text:variable-decl text:value-type="string" text:name="KEY"/>
   <text:variable-decl text:value-type="string" text:name="AKTHLP"/>
   <text:variable-decl text:value-type="string" text:name="INDEX"/>
   <text:variable-decl text:value-type="string" text:name="STYLE"/>
  </text:variable-decls>
  <text:sequence-decls>
   <text:sequence-decl text:display-outline-level="0" text:name="Illustration"/>
   <text:sequence-decl text:display-outline-level="0" text:name="Table"/>
   <text:sequence-decl text:display-outline-level="0" text:name="Text"/>
   <text:sequence-decl text:display-outline-level="0" text:name="Drawing"/>
  </text:sequence-decls>
  <help:to-be-embedded Eid="text">
  <text:p text:style-name="Head 1"><help:help-id value="SID_TEXTATTR_DLG"/><help:help-id value="FN_DRAWTEXT_ATTR_DLG"/><help:help-id value="HID_PAGE_TEXTATTR"/><help:key-word value="Testo; oggetto di disegno testo" tag="kw65694_1"/><help:key-word value="Oggetto di disegno; testo" tag="kw65694_3"/><help:key-word value="Cornice; oggetto di disegno testo" tag="kw65694_2"/><help:link Id="65694">Testo</help:link></text:p>
  <text:p text:style-name="Paragraph"><help:help-text value="visible">In quest&apos;area potete impostare il layout e il tipo di ancoraggio da applicare al testo del disegno o dell&apos;oggetto di testo selezionato.</help:help-text></text:p>
  </help:to-be-embedded>
  <help:executeurl Id="Slot:20376"></help:executeurl><help:popup Id="65593" Eid="text"><help:embedded Id="65598" Eid="wie"></help:embedded></help:popup>
  <text:p text:style-name="Paragraph">Il testo viene posizionato relativamente ai bordi del disegno o dell&apos;oggetto di testo.</text:p>
  <text:p text:style-name="Head 2">Testo</text:p>
  <text:p text:style-name="Paragraph">Tramite queste opzioni potete ridimensionare il testo adattandolo all&apos;area del disegno o dell&apos;oggetto di testo.</text:p>
  <text:p text:style-name="Head 3"><help:help-id value="SVX_TRISTATEBOX_RID_SVXPAGE_TEXTATTR_TSB_AUTOGROW_WIDTH"/>Adatta larghezza a testo</text:p>
  <text:p text:style-name="Paragraph"><help:help-text value="visible">Ridimensiona il testo adattandolo alla larghezza del disegno o dell&apos;oggetto di testo.</help:help-text></text:p>
  <text:p text:style-name="Head 3"><help:help-id value="SVX_TRISTATEBOX_RID_SVXPAGE_TEXTATTR_TSB_AUTOGROW_HEIGHT"/>Adatta l&apos;altezza al testo</text:p>
  <text:p text:style-name="Paragraph"><help:help-text value="visible">Ridimensiona il testo adattandolo all&apos;altezza del disegno o dell&apos;oggetto di testo.</help:help-text></text:p>
  <text:p text:style-name="Head 3"><help:help-id value="SVX_TRISTATEBOX_RID_SVXPAGE_TEXTATTR_TSB_FIT_TO_SIZE"/>Adatta alla cornice</text:p>
  <text:p text:style-name="Paragraph"><help:help-text value="visible">Ridimensiona il testo adattandolo all&apos;area del disegno o dell&apos;oggetto di testo.</help:help-text></text:p>
  <text:p text:style-name="Head 3"><help:help-id value="SVX_TRISTATEBOX_RID_SVXPAGE_TEXTATTR_TSB_CONTOUR"/>Flusso di contorno</text:p>
  <text:p text:style-name="Paragraph"><help:help-text value="visible">Adatta il flusso di testo ai contorni dell&apos;oggetto di disegno selezionato.</help:help-text></text:p>
  <text:p text:style-name="Head 2">Distanza dalla cornice</text:p>
  <text:p text:style-name="Paragraph">Specificate lo spazio da lasciare tra i bordi del disegno o dell&apos;oggetto di testo e i bordi del testo.</text:p>
  <text:p text:style-name="Head 3"><help:help-id value="SVX_METRICFIELD_RID_SVXPAGE_TEXTATTR_MTR_FLD_LEFT"/>Allinea a sinistra</text:p>
  <text:p text:style-name="Paragraph"><help:help-text value="visible">Specificate lo spazio da lasciare tra il bordo sinistro del disegno o dell&apos;oggetto di testo e il bordo sinistro del testo.</help:help-text></text:p>
  <text:p text:style-name="Head 3"><help:help-id value="SVX_METRICFIELD_RID_SVXPAGE_TEXTATTR_MTR_FLD_RIGHT"/>Allinea a destra</text:p>
  <text:p text:style-name="Paragraph"><help:help-text value="visible">Specificate lo spazio da lasciare tra il bordo destro del disegno o dell&apos;oggetto di testo e il bordo destro del testo.</help:help-text></text:p>
  <text:p text:style-name="Head 3"><help:help-id value="SVX_METRICFIELD_RID_SVXPAGE_TEXTATTR_MTR_FLD_TOP"/>In alto</text:p>
  <text:p text:style-name="Paragraph"><help:help-text value="visible">Specificate lo spazio da lasciare tra il bordo superiore del disegno o dell&apos;oggetto di testo e il bordo superiore del testo.</help:help-text></text:p>
  <text:p text:style-name="Head 3"><help:help-id value="SVX_METRICFIELD_RID_SVXPAGE_TEXTATTR_MTR_FLD_BOTTOM"/>In basso</text:p>
  <text:p text:style-name="Paragraph"><help:help-text value="visible">Specificate lo spazio da lasciare tra il bordo inferiore del disegno o dell&apos;oggetto di testo e il bordo inferiore del testo.</help:help-text></text:p>
  <text:p text:style-name="Head 2">Ancoraggio testo</text:p>
  <text:p text:style-name="Paragraph">Permette di definire il tipo e la posizione dell&apos;ancoraggio.</text:p>
  <text:p text:style-name="Head 3"><help:help-id value="HID_TEXTATTR_CTL_POSITION"/>Pulsante di scelta grafico</text:p>
  <text:p text:style-name="Paragraph"><help:help-text value="visible">Fate clic nel punto del documento in cui volete posizionare il punto di ancoraggio per il testo.</help:help-text></text:p>
  <text:p text:style-name="Head 3"><help:help-id value="SVX_TRISTATEBOX_RID_SVXPAGE_TEXTATTR_TSB_FULL_WIDTH"/>A tutta larghezza</text:p>
  <text:p text:style-name="Paragraph"><help:help-text value="visible">Ancora il testo adattandolo alla larghezza del disegno o dell&apos;oggetto di testo.</help:help-text></text:p>
 </office:body>
</office:document>
