

<office:document  xmlns:office="http://openoffice.org/2000/office" xmlns:style="http://openoffice.org/2000/style" xmlns:text="http://openoffice.org/2000/text" xmlns:table="http://openoffice.org/2000/table" xmlns:draw="http://openoffice.org/2000/drawing" xmlns:fo="http://www.w3.org/1999/XSL/Format" xmlns:xlink="http://www.w3.org/1999/xlink" xmlns:number="http://openoffice.org/2000/datastyle" xmlns:svg="http://www.w3.org/2000/svg" xmlns:chart="http://openoffice.org/2000/chart" xmlns:dr3d="http://openoffice.org/2000/dr3d" xmlns:math="http://www.w3.org/1998/Math/MathML" xmlns:form="http://openoffice.org/2000/form" xmlns:script="http://openoffice.org/2000/script" office:class="text" office:version="1.0" xmlns:dc="http://purl.org/dc/elements/1.1/" xmlns:meta="http://openoffice.org/2000/meta" xmlns:help="http://openoffice.org/2000/help">
<office:meta>
  <dc:description>text/common/01/05290000</dc:description>
  <dc:subject>Raggruppa</dc:subject>

  <dc:language>it-IT</dc:language>
  <meta:user-defined meta:name="Info 0">READY</meta:user-defined>
  <meta:user-defined meta:name="Info 1">FREE_OK</meta:user-defined>
  <meta:user-defined meta:name="Info 2"/>
  <meta:user-defined meta:name="Info 3"/>
</office:meta>
 <office:script/>
 <office:font-decls>
  <style:font-decl style:name="StarSymbol" fo:font-family="StarSymbol" style:font-charset="x-symbol"/>
  <style:font-decl style:name="Courier New" fo:font-family="&apos;Courier New&apos;" style:font-style-name="Standard" style:font-family-generic="modern" style:font-pitch="fixed"/>
  <style:font-decl style:name="Courier" fo:font-family="Courier" style:font-family-generic="roman" style:font-pitch="fixed"/>
  <style:font-decl style:name="Arial Unicode MS" fo:font-family="&apos;Arial Unicode MS&apos;" style:font-pitch="variable"/>
  <style:font-decl style:name="HG Mincho Light J" fo:font-family="&apos;HG Mincho Light J&apos;" style:font-pitch="variable"/>
  <style:font-decl style:name="Times New Roman3" fo:font-family="&apos;Times New Roman&apos;" style:font-pitch="variable"/>
  <style:font-decl style:name="Thorndale" fo:font-family="Thorndale" style:font-family-generic="roman" style:font-pitch="variable"/>
  <style:font-decl style:name="Times New Roman2" fo:font-family="&apos;Times New Roman&apos;" style:font-style-name="Fett" style:font-family-generic="roman" style:font-pitch="variable"/>
  <style:font-decl style:name="Times New Roman" fo:font-family="&apos;Times New Roman&apos;" style:font-style-name="Standard" style:font-family-generic="roman" style:font-pitch="variable"/>
  <style:font-decl style:name="Times New Roman1" fo:font-family="&apos;Times New Roman&apos;" style:font-family-generic="swiss" style:font-pitch="variable"/>
 </office:font-decls>
 <office:automatic-styles>
  <style:style style:name="P1" style:family="paragraph" style:parent-style-name="Paragraph" style:master-page-name="HTML">
   <style:properties style:page-number="0"/>
  </style:style>
  <style:style style:name="T1" style:family="text">
   <style:properties fo:font-weight="bold"/>
  </style:style>
 </office:automatic-styles>
 <office:body>
  <text:variable-decls>
   <text:variable-decl text:value-type="string" text:name="HTML_ON"/>
   <text:variable-decl text:value-type="string" text:name="HTML_OFF"/>
   <text:variable-decl text:value-type="string" text:name="TITEL"/>
   <text:variable-decl text:value-type="string" text:name="END"/>
   <text:variable-decl text:value-type="string" text:name="HREF"/>
   <text:variable-decl text:value-type="string" text:name="NAME"/>
   <text:variable-decl text:value-type="string" text:name="HelpID"/>
   <text:variable-decl text:value-type="string" text:name="MODIFY"/>
   <text:variable-decl text:value-type="string" text:name="REFNR"/>
   <text:variable-decl text:value-type="string" text:name="KEY"/>
   <text:variable-decl text:value-type="string" text:name="AKTHLP"/>
   <text:variable-decl text:value-type="string" text:name="INDEX"/>
   <text:variable-decl text:value-type="string" text:name="HFELD"/>
   <text:variable-decl text:value-type="string" text:name="ELSE"/>
   <text:variable-decl text:value-type="string" text:name="STYLE"/>
  </text:variable-decls>
  <text:sequence-decls>
   <text:sequence-decl text:display-outline-level="0" text:name="Illustration"/>
   <text:sequence-decl text:display-outline-level="0" text:name="Table"/>
   <text:sequence-decl text:display-outline-level="0" text:name="Text"/>
   <text:sequence-decl text:display-outline-level="0" text:name="Drawing"/>
  </text:sequence-decls>
  <help:to-be-embedded Eid="gruppe">
  <text:p text:style-name="Head 1"><help:link Id="65678">Raggruppa</help:link></text:p>
  <text:p text:style-name="Paragraph"><help:help-text value="visible">Raggruppa gli oggetti selezionati, in modo che possano essere spostati come singolo oggetto.</help:help-text></text:p>
  </help:to-be-embedded>
  <help:popup Id="65593" Eid="gruppe"><help:embedded Id="65598" Eid="wie"></help:embedded></help:popup>
  <text:p text:style-name="Head 2">Lavoro con gruppi</text:p>
  <text:p text:style-name="Paragraph">Per modificare i singoli oggetti di un gruppo, selezionatelo, fate clic con il pulsante destro del mouse, quindi scegliete <help:switch select="Program"><help:case select="DRAW"><text:span text:style-name="T1">Modifica gruppo</text:span></help:case><help:default><text:span text:style-name="T1">Gruppo - Modifica gruppo</text:span></help:default></help:switch></text:p>
  <text:p text:style-name="Paragraph">Quando modificate un gruppo, gli oggetti che non ne fanno parte appaiono in colore più chiaro.</text:p>
  <text:p text:style-name="Paragraph">Per spostarvi in avanti e all&apos;indietro attraverso gli oggetti in un gruppo, utilizzate rispettivamente i tasti (Tab) e (Maiusc) (Tab).</text:p>
  <text:p text:style-name="Paragraph">Per uscire da un gruppo, fate clic con il pulsante destro del mouse e scegliete <help:switch select="Program"><help:case select="DRAW"><text:span text:style-name="T1">Esci</text:span></help:case><help:default><text:span text:style-name="T1">Gruppo - Esci</text:span></help:default></help:switch></text:p>
  <text:p text:style-name="Head 2"><help:link Id="65761">Raggruppa</help:link></text:p>
  <help:embedded Id="65761" Eid="gruppierentext"></help:embedded>
  <text:p text:style-name="Head 2"><help:link Id="65721">Rimuovi</help:link></text:p>
  <help:embedded Id="65721" Eid="aufhebentext"></help:embedded>
  <text:p text:style-name="Head 2"><help:link Id="65864">Modifica</help:link></text:p>
  <help:embedded Id="65864" Eid="betretentext"></help:embedded>
  <text:p text:style-name="Head 2"><help:link Id="65638">Esci</help:link></text:p>
  <help:embedded Id="65638" Eid="verlassentext"></help:embedded>
 </office:body>
</office:document>
