

<office:document  xmlns:office="http://openoffice.org/2000/office" xmlns:style="http://openoffice.org/2000/style" xmlns:text="http://openoffice.org/2000/text" xmlns:table="http://openoffice.org/2000/table" xmlns:draw="http://openoffice.org/2000/drawing" xmlns:fo="http://www.w3.org/1999/XSL/Format" xmlns:xlink="http://www.w3.org/1999/xlink" xmlns:number="http://openoffice.org/2000/datastyle" xmlns:svg="http://www.w3.org/2000/svg" xmlns:chart="http://openoffice.org/2000/chart" xmlns:dr3d="http://openoffice.org/2000/dr3d" xmlns:math="http://www.w3.org/1998/Math/MathML" xmlns:form="http://openoffice.org/2000/form" xmlns:script="http://openoffice.org/2000/script" office:class="text" office:version="1.0" xmlns:dc="http://purl.org/dc/elements/1.1/" xmlns:meta="http://openoffice.org/2000/meta" xmlns:help="http://openoffice.org/2000/help">
<office:meta>
  <dc:description>text/common/01/05340300</dc:description>
  <dc:subject>Allineamento</dc:subject>

  <dc:language>it-IT</dc:language>
  <meta:user-defined meta:name="Info 0">READY</meta:user-defined>
  <meta:user-defined meta:name="Info 1">FREE_OK</meta:user-defined>
  <meta:user-defined meta:name="Info 2">NOTE</meta:user-defined>
  <meta:user-defined meta:name="Info 3"/>
</office:meta>
 <office:script/>
 <office:font-decls>
  <style:font-decl style:name="StarSymbol" fo:font-family="StarSymbol" style:font-charset="x-symbol"/>
  <style:font-decl style:name="Courier New" fo:font-family="&apos;Courier New&apos;" style:font-style-name="Standard" style:font-family-generic="modern" style:font-pitch="fixed"/>
  <style:font-decl style:name="Courier" fo:font-family="Courier" style:font-family-generic="roman" style:font-pitch="fixed"/>
  <style:font-decl style:name="Arial Unicode MS" fo:font-family="&apos;Arial Unicode MS&apos;" style:font-pitch="variable"/>
  <style:font-decl style:name="HG Mincho Light J" fo:font-family="&apos;HG Mincho Light J&apos;" style:font-pitch="variable"/>
  <style:font-decl style:name="Times New Roman3" fo:font-family="&apos;Times New Roman&apos;" style:font-pitch="variable"/>
  <style:font-decl style:name="Thorndale" fo:font-family="Thorndale" style:font-family-generic="roman" style:font-pitch="variable"/>
  <style:font-decl style:name="Times New Roman2" fo:font-family="&apos;Times New Roman&apos;" style:font-style-name="Fett" style:font-family-generic="roman" style:font-pitch="variable"/>
  <style:font-decl style:name="Times New Roman" fo:font-family="&apos;Times New Roman&apos;" style:font-style-name="Standard" style:font-family-generic="roman" style:font-pitch="variable"/>
  <style:font-decl style:name="Times New Roman1" fo:font-family="&apos;Times New Roman&apos;" style:font-family-generic="swiss" style:font-pitch="variable"/>
 </office:font-decls>
 <office:automatic-styles>
  <style:style style:name="Tabelle1" style:family="table">
   <style:properties style:width="18cm" table:align="margins"/>
  </style:style>
  <style:style style:name="Tabelle1.A" style:family="table-column">
   <style:properties style:column-width="1.499cm" style:rel-column-width="5460*"/>
  </style:style>
  <style:style style:name="Tabelle1.B" style:family="table-column">
   <style:properties style:column-width="16.501cm" style:rel-column-width="60074*"/>
  </style:style>
  <style:style style:name="Tabelle1.1" style:family="table-row"/>
  <style:style style:name="Tabelle1.A1" style:family="table-cell">
   <style:properties fo:padding="0cm" fo:border="none"/>
  </style:style>
  <style:style style:name="P1" style:family="paragraph" style:parent-style-name="Paragraph" style:master-page-name="HTML">
   <style:properties style:page-number="0"/>
  </style:style>
  <style:style style:name="P2" style:family="paragraph" style:parent-style-name="Paragraph" style:list-style-name="L1"/>
  <style:style style:name="T1" style:family="text">
   <style:properties fo:font-weight="bold"/>
  </style:style>
  <style:style style:name="fr1" style:family="graphics" style:parent-style-name="Graphics">
   <style:properties style:run-through="foreground" style:wrap="run-through" style:vertical-pos="top" style:vertical-rel="paragraph" style:horizontal-pos="left" style:horizontal-rel="paragraph" style:mirror="none" fo:clip="rect(0cm 0cm 0cm 0cm)" draw:luminance="0%" draw:contrast="0%" draw:red="0%" draw:green="0%" draw:blue="0%" draw:gamma="1" draw:color-inversion="false" draw:transparency="-100%" draw:color-mode="standard"/>
  </style:style>
  <text:list-style style:name="L1">
   <text:list-level-style-bullet text:level="1" text:style-name="Bullet Symbols" style:num-suffix="." text:bullet-char="•">
    <style:properties text:min-label-width="0.499cm" style:font-name="StarSymbol"/>
   </text:list-level-style-bullet>
   <text:list-level-style-bullet text:level="2" text:style-name="Bullet Symbols" style:num-suffix="." text:bullet-char="•">
    <style:properties text:space-before="0.499cm" text:min-label-width="0.499cm" style:font-name="StarSymbol"/>
   </text:list-level-style-bullet>
   <text:list-level-style-bullet text:level="3" text:style-name="Bullet Symbols" style:num-suffix="." text:bullet-char="•">
    <style:properties text:space-before="0.999cm" text:min-label-width="0.499cm" style:font-name="StarSymbol"/>
   </text:list-level-style-bullet>
   <text:list-level-style-bullet text:level="4" text:style-name="Bullet Symbols" style:num-suffix="." text:bullet-char="•">
    <style:properties text:space-before="1.498cm" text:min-label-width="0.499cm" style:font-name="StarSymbol"/>
   </text:list-level-style-bullet>
   <text:list-level-style-bullet text:level="5" text:style-name="Bullet Symbols" style:num-suffix="." text:bullet-char="•">
    <style:properties text:space-before="1.997cm" text:min-label-width="0.499cm" style:font-name="StarSymbol"/>
   </text:list-level-style-bullet>
   <text:list-level-style-bullet text:level="6" text:style-name="Bullet Symbols" style:num-suffix="." text:bullet-char="•">
    <style:properties text:space-before="2.496cm" text:min-label-width="0.499cm" style:font-name="StarSymbol"/>
   </text:list-level-style-bullet>
   <text:list-level-style-bullet text:level="7" text:style-name="Bullet Symbols" style:num-suffix="." text:bullet-char="•">
    <style:properties text:space-before="2.995cm" text:min-label-width="0.499cm" style:font-name="StarSymbol"/>
   </text:list-level-style-bullet>
   <text:list-level-style-bullet text:level="8" text:style-name="Bullet Symbols" style:num-suffix="." text:bullet-char="•">
    <style:properties text:space-before="3.494cm" text:min-label-width="0.499cm" style:font-name="StarSymbol"/>
   </text:list-level-style-bullet>
   <text:list-level-style-bullet text:level="9" text:style-name="Bullet Symbols" style:num-suffix="." text:bullet-char="•">
    <style:properties text:space-before="3.994cm" text:min-label-width="0.499cm" style:font-name="StarSymbol"/>
   </text:list-level-style-bullet>
   <text:list-level-style-bullet text:level="10" text:style-name="Bullet Symbols" style:num-suffix="." text:bullet-char="•">
    <style:properties text:space-before="4.493cm" text:min-label-width="0.499cm" style:font-name="StarSymbol"/>
   </text:list-level-style-bullet>
  </text:list-style>
 </office:automatic-styles>
 <office:body>
  <text:variable-decls>
   <text:variable-decl text:value-type="string" text:name="HTML_ON"/>
   <text:variable-decl text:value-type="string" text:name="HTML_OFF"/>
   <text:variable-decl text:value-type="string" text:name="TITEL"/>
   <text:variable-decl text:value-type="string" text:name="END"/>
   <text:variable-decl text:value-type="string" text:name="HREF"/>
   <text:variable-decl text:value-type="string" text:name="MAC"/>
   <text:variable-decl text:value-type="string" text:name="OS2"/>
   <text:variable-decl text:value-type="string" text:name="ELSE"/>
   <text:variable-decl text:value-type="string" text:name="NAME"/>
   <text:variable-decl text:value-type="string" text:name="HelpID"/>
   <text:variable-decl text:value-type="string" text:name="MODIFY"/>
   <text:variable-decl text:value-type="string" text:name="REFNR"/>
   <text:variable-decl text:value-type="string" text:name="HFELD"/>
   <text:variable-decl text:value-type="string" text:name="AKTHLP"/>
   <text:variable-decl text:value-type="string" text:name="KEY"/>
   <text:variable-decl text:value-type="string" text:name="INDEX"/>
   <text:variable-decl text:value-type="string" text:name="STYLE"/>
  </text:variable-decls>
  <text:sequence-decls>
   <text:sequence-decl text:display-outline-level="0" text:name="Illustration"/>
   <text:sequence-decl text:display-outline-level="0" text:name="Table"/>
   <text:sequence-decl text:display-outline-level="0" text:name="Text"/>
   <text:sequence-decl text:display-outline-level="0" text:name="Drawing"/>
  </text:sequence-decls>
  <help:to-be-embedded Eid="ausrichtung">
  <text:p text:style-name="Head 1"><help:help-id value="HID_ALIGNMENT"/><help:key-word value="Allineamento; cella" tag="kw65650_1"/><help:key-word value="Cella; allineamento" tag="kw65650_12"/><help:link Id="65650">Allineamento</help:link></text:p>
  <text:p text:style-name="Paragraph"><help:help-text value="visible">Permette di impostare le opzioni di allineamento per il contenuto della cella in cui si trova il cursore o per quello delle celle selezionate.</help:help-text></text:p>
  </help:to-be-embedded>
  <help:popup Id="65625" Eid="fozelaus"><help:embedded Id="65598" Eid="wie"></help:embedded></help:popup>
  <text:p text:style-name="Head 3"><help:help-id value="SVX_LISTBOX_RID_SVXPAGE_ALIGNMENT_LB_HORALIGN"/>Orizzontale</text:p>
  <text:p text:style-name="Paragraph"><help:help-text value="visible">Selezionate l&apos;opzione di allineamento orizzontale che desiderate applicare al contenuto delle celle.</help:help-text></text:p>
  <text:p text:style-name="Head 3">Standard</text:p>
  <text:p text:style-name="Paragraph">Con questa opzione potete selezionare la disposizione orizzontale standard per il contenuto delle celle.</text:p>
  <table:table table:name="Tabelle1" table:style-name="Tabelle1">
   <table:table-column table:style-name="Tabelle1.A"/>
   <table:table-column table:style-name="Tabelle1.B"/>
   <table:table-header-rows>
    <table:table-row table:style-name="Tabelle1.1">
     <table:table-cell table:style-name="Tabelle1.A1" table:value-type="string">
      <text:p text:style-name="Paragraph"><draw:image draw:name="Simbolo0" svg:desc="Questo simbolo segnala la presenza di ulteriori informazioni." svg:pixelx="32" svg:pixely="32" svg:width="0.847cm" svg:height="0.847cm" xlink:href="65980" draw:filter-name=""/></text:p>

     </table:table-cell>
     <table:table-cell table:style-name="Tabelle1.A1" table:value-type="string">
      <text:p text:style-name="Paragraph">Se si è scelta l&apos;opzione <text:span text:style-name="T1">Standard</text:span>, le cifre vengono allineate a destra e il testo a sinistra.</text:p>
     </table:table-cell>
    </table:table-row>
   </table:table-header-rows>
  </table:table>
  <text:p text:style-name="Head 3"><help:help-id value="SID_ALIGNLEFT"/><a name="links"/>A sinistra</text:p>
  <text:p text:style-name="Paragraph"><help:to-be-embedded Eid="linkstext"><help:help-text value="visible">Allinea il contenuto della cella a sinistra.</help:help-text></help:to-be-embedded></text:p>
  <help:embedded Id="65609" Eid="objektleiste"></help:embedded>
  <help:embedded Id="65593" Eid="sylinksbuendig"></help:embedded>
  <text:p text:style-name="Head 3"><help:help-id value="SID_ALIGNRIGHT"/><a name="rechts"/>A destra</text:p>
  <text:p text:style-name="Paragraph"><help:to-be-embedded Eid="rechtstext"><help:help-text value="visible">Allinea il contenuto della cella a destra.</help:help-text></help:to-be-embedded></text:p>
  <help:embedded Id="65609" Eid="objektleiste"></help:embedded>
  <help:embedded Id="65593" Eid="syrechtsbuendig"></help:embedded>
  <text:p text:style-name="Head 3"><help:help-id value="SID_ALIGNCENTERHOR"/><a name="zentriert"/>Al centro</text:p>
  <text:p text:style-name="Paragraph"><help:to-be-embedded Eid="zentrierttext"><help:help-text value="visible">Centra orizzontalmente il contenuto della cella.</help:help-text></help:to-be-embedded></text:p>
  <help:embedded Id="65609" Eid="objektleiste"></help:embedded>
  <help:embedded Id="65593" Eid="syzentriert"></help:embedded>
  <text:p text:style-name="Head 3"><help:help-id value="SID_ALIGNBLOCK"/><a name="block"/>Giustificato</text:p>
  <text:p text:style-name="Paragraph"><help:to-be-embedded Eid="blocktext"><help:help-text value="visible">Allinea il contenuto della cella con i bordi sinistro e destro.</help:help-text></help:to-be-embedded></text:p>
  <help:embedded Id="65609" Eid="objektleiste"></help:embedded>
  <help:embedded Id="65593" Eid="syblocksatz"></help:embedded>
  <text:p text:style-name="Head 3"><help:help-id value="SVX_METRICFIELD_RID_SVXPAGE_ALIGNMENT_ED_INDENT"/>Rientro</text:p>
  <text:p text:style-name="Paragraph"><help:help-text value="visible">Rientra il contenuto rispetto al bordo sinistro della cella della misura specificata.</help:help-text></text:p>
  <text:p text:style-name="Head 3"><help:help-id value="SVX_LISTBOX_RID_SVXPAGE_ALIGNMENT_LB_VERALIGN"/>Verticale</text:p>
  <text:p text:style-name="Paragraph"><help:help-text value="visible">Potete selezionare l&apos;opzione di allineamento verticale da applicare al contenuto delle celle.</help:help-text></text:p>
  <text:p text:style-name="Head 3">Standard</text:p>
  <text:p text:style-name="Paragraph"><help:help-text value="visible">Allinea il contenuto della cella lungo il bordo inferiore.</help:help-text></text:p>
  <text:p text:style-name="Head 3"><help:help-id value="SID_ALIGNTOP"/><a name="oben"/>In alto</text:p>
  <text:p text:style-name="Paragraph"><help:to-be-embedded Eid="obentext"><help:help-text value="visible">Allinea il contenuto della cella lungo il bordo superiore.</help:help-text></help:to-be-embedded></text:p>
  <help:embedded Id="65609" Eid="objektleiste"></help:embedded>
  <help:switch select="Program"><help:case select="CHART"></help:case><help:default><help:embedded Id="65598" Eid="syvertikaloben"></help:embedded></help:default></help:switch>
  <text:p text:style-name="Head 3"><help:help-id value="SID_ALIGNBOTTOM"/><a name="unten"/>In basso</text:p>
  <text:p text:style-name="Paragraph"><help:to-be-embedded Eid="untentext"><help:help-text value="visible">Allinea il contenuto della cella lungo il bordo inferiore.</help:help-text></help:to-be-embedded></text:p>
  <help:embedded Id="65609" Eid="objektleiste"></help:embedded>
  <help:embedded Id="65598" Eid="syvertikalunten"></help:embedded>
  <text:p text:style-name="Head 3"><help:help-id value="SID_ALIGNCENTERVER"/><a name="mitte"/>Al centro</text:p>
  <text:p text:style-name="Paragraph"><help:to-be-embedded Eid="mittetext"><help:help-text value="visible">Centra verticalmente il contenuto della cella.</help:help-text></help:to-be-embedded></text:p>
  <help:embedded Id="65609" Eid="objektleiste"></help:embedded>
  <help:embedded Id="65598" Eid="syvertikalmitte"></help:embedded>
  <text:p text:style-name="Head 2"><help:key-word value="Orientamento; cella" tag="kw65650_11"/><help:key-word value="Cella; orientamento" tag="kw65650_10"/><help:key-word value="Tabella; orientamento" tag="kw65650_9"/>Orientamento</text:p>
  <text:p text:style-name="Paragraph"><a name="ausr"/><help:help-text value="visible">In quest&apos;area potete impostare l&apos;orientamento del testo contenuto nella cella.</help:help-text></text:p>
  <help:switch select="Program"><help:case select="CALC"><help:embedded Id="68107" Eid="text_rotate"></help:embedded></help:case></help:switch>
  <text:p text:style-name="Paragraph"><help:help-id value="HID_ALIGNMENT_CTR_DIAL"/><help:help-text value="visible">Fate clic all&apos;interno del selettore per impostare l&apos;orientamento desiderato.</help:help-text></text:p>
  <text:p text:style-name="Paragraph"><help:help-id value="SVX_IMAGEBUTTON_RID_SVXPAGE_ALIGNMENT_BTN_TXTSTACKED"/><help:help-text value="visible">Imposta l&apos;orientamento verticale del testo.</help:help-text></text:p>
  <text:p text:style-name="Head 3"><help:help-id value="SVX_NUMERICFIELD_RID_SVXPAGE_ALIGNMENT_NF_DEGREES"/>Gradi</text:p>
  <text:p text:style-name="Paragraph"><help:help-text value="visible">Inserite l&apos;angolo di rotazione da applicare al testo della cella selezionata. Un valore positivo produce la rotazione del testo verso sinistra, mentre un valore negativo produce una rotazione verso destra.<a name="end"/></help:help-text></text:p>
  <text:p text:style-name="Head 3"><help:help-id value="HID_ALIGNMENT_CTR_BORDER_LOCK"/>Bordo di riferimento</text:p>
  <text:p text:style-name="Paragraph"><help:help-text value="visible">Qui potete specificare il bordo della cella da cui far partire il testo ruotato.</help:help-text></text:p>
  <text:unordered-list text:style-name="L1">
   <text:list-item>
    <text:p text:style-name="P2"><text:span text:style-name="T1">Estensione del testo dal bordo inferiore della cella:</text:span> Scrive il testo ruotato dal bordo inferiore della cella verso l&apos;esterno.</text:p>
   </text:list-item>
   <text:list-item>
    <text:p text:style-name="P2"><text:span text:style-name="T1">Estensione del testo dal bordo superiore della cella:</text:span> Scrive il testo ruotato dal bordo superiore della cella verso l&apos;esterno.</text:p>
   </text:list-item>
   <text:list-item>
    <text:p text:style-name="P2"><text:span text:style-name="T1">Estensione del testo solo all&apos;interno della cella:</text:span> Scrive il testo ruotato solo all&apos;interno della cella.</text:p>
   </text:list-item>
  </text:unordered-list>
  <help:embedded Id="65609" Eid="asiahinweis"></help:embedded>
  <text:p text:style-name="Head 3"><help:help-id value="SVX_TRISTATEBOX_RID_SVXPAGE_ALIGNMENT_BTN_ASIAN_VERTICAL"/>Usa il layout verticale asiatico</text:p>
  <text:p text:style-name="Paragraph">Questa opzione è disponibile solo se è abilitato il supporto delle lingue asiatiche e la direzione del testo è verticale. <help:help-text value="visible">Allinea i caratteri asiatici verticalmente nelle celle selezionate. Se una cella contiene più righe di testo, le righe vengono convertite in colonne, che vengono disposte da destra a sinistra. I caratteri occidentali vengono ruotati di 90 gradi verso destra. I caratteri asiatici non vengono ruotati.</help:help-text></text:p>
  <text:p text:style-name="Head 2">Distanza dalle linee della griglia</text:p>
  <text:p text:style-name="Paragraph">Specificate lo spazio da lasciare tra i bordi della cella e il suo contenuto.</text:p>
  <text:p text:style-name="Head 3"><help:help-id value="SVX_METRICFIELD_RID_SVXPAGE_ALIGNMENT_ED_LEFTSPACE"/>A sinistra</text:p>
  <text:p text:style-name="Paragraph"><help:help-text value="visible">Specificate lo spazio da lasciare tra il bordo sinistro della cella e il bordo sinistro del suo contenuto.</help:help-text></text:p>
  <text:p text:style-name="Head 3"><help:help-id value="SVX_METRICFIELD_RID_SVXPAGE_ALIGNMENT_ED_RIGHTSPACE"/>A destra</text:p>
  <text:p text:style-name="Paragraph"><help:help-text value="visible">Specificate lo spazio da lasciare tra il bordo destro della cella e il bordo destro del suo contenuto.</help:help-text></text:p>
  <text:p text:style-name="Head 3"><help:help-id value="SVX_METRICFIELD_RID_SVXPAGE_ALIGNMENT_ED_TOPSPACE"/>In alto</text:p>
  <text:p text:style-name="Paragraph"><help:help-text value="visible">Specificate lo spazio da lasciare tra il bordo superiore della cella e il bordo superiore del suo contenuto.</help:help-text></text:p>
  <text:p text:style-name="Head 3"><help:help-id value="SVX_METRICFIELD_RID_SVXPAGE_ALIGNMENT_ED_BOTTOMSPACE"/>In basso</text:p>
  <text:p text:style-name="Paragraph"><help:help-text value="visible">Specificate lo spazio da lasciare tra il bordo inferiore della cella e il bordo inferiore del suo contenuto.</help:help-text></text:p>
  <text:p text:style-name="Head 2">Flusso di testo</text:p>
  <text:p text:style-name="Paragraph">In quest&apos;area definite il flusso di testo nella cella.</text:p>
  <text:p text:style-name="Head 3"><a name="umbruch"/><help:help-id value="SVX_TRISTATEBOX_RID_SVXPAGE_ALIGNMENT_BTN_WRAP"/>Testo a capo automatico<help:key-word value="Interruzione di riga; nelle celle" tag="kw65650_8"/><help:key-word value="Cella; interruzioni di riga" tag="kw65650_7"/><help:key-word value="Flusso di testo; nelle celle" tag="kw65650_6"/><help:key-word value="Cella; flusso di testo" tag="kw65650_5"/><help:key-word value="Testo; interruzione nelle celle" tag="kw65650_4"/><help:key-word value="A capo; testo delle celle" tag="kw65650_3"/><help:key-word value="Parola; ritorno a capo nelle celle" tag="kw65650_2"/></text:p>
  <text:p text:style-name="Paragraph"><help:help-text value="visible">Il testo viene mandato a capo quando raggiunge il bordo della cella. Per inserire un&apos;interruzione di riga manuale, premete <help:switch select="System"><help:case select ="MAC">(Comando)</help:case><help:default>(Ctrl)</help:default></help:switch> (Invio) all&apos;interno della cella (non nella riga di digitazione).</help:help-text></text:p>
  <text:p text:style-name="Head 3"><help:help-id value="SVX_TRISTATEBOX_RID_SVXPAGE_ALIGNMENT_BTN_HYPH"/>Sillabazione attiva</text:p>
  <text:p text:style-name="Paragraph"><help:help-text value="visible">Abilita la sillabazione delle parole per il ritorno a capo del testo.</help:help-text></text:p>
 </office:body>
</office:document>
