

<office:document  xmlns:office="http://openoffice.org/2000/office" xmlns:style="http://openoffice.org/2000/style" xmlns:text="http://openoffice.org/2000/text" xmlns:table="http://openoffice.org/2000/table" xmlns:draw="http://openoffice.org/2000/drawing" xmlns:fo="http://www.w3.org/1999/XSL/Format" xmlns:xlink="http://www.w3.org/1999/xlink" xmlns:number="http://openoffice.org/2000/datastyle" xmlns:svg="http://www.w3.org/2000/svg" xmlns:chart="http://openoffice.org/2000/chart" xmlns:dr3d="http://openoffice.org/2000/dr3d" xmlns:math="http://www.w3.org/1998/Math/MathML" xmlns:form="http://openoffice.org/2000/form" xmlns:script="http://openoffice.org/2000/script" office:class="text" office:version="1.0" xmlns:dc="http://purl.org/dc/elements/1.1/" xmlns:meta="http://openoffice.org/2000/meta" xmlns:help="http://openoffice.org/2000/help">
<office:meta>
  <dc:description>text/common/01/06040500</dc:description>
  <dc:subject>Menu di contesto correzione automatica</dc:subject>

  <dc:language>it-IT</dc:language>
  <meta:user-defined meta:name="Info 0">READY</meta:user-defined>
  <meta:user-defined meta:name="Info 1">FREE_OK</meta:user-defined>
  <meta:user-defined meta:name="Info 2">HTML_OK</meta:user-defined>
  <meta:user-defined meta:name="Info 3"/>
</office:meta>
 <office:script/>
 <office:font-decls>
  <style:font-decl style:name="StarSymbol" fo:font-family="StarSymbol" style:font-charset="x-symbol"/>
  <style:font-decl style:name="Courier New" fo:font-family="&apos;Courier New&apos;" style:font-style-name="Standard" style:font-family-generic="modern" style:font-pitch="fixed"/>
  <style:font-decl style:name="Courier" fo:font-family="Courier" style:font-family-generic="roman" style:font-pitch="fixed"/>
  <style:font-decl style:name="Arial Unicode MS" fo:font-family="&apos;Arial Unicode MS&apos;" style:font-pitch="variable"/>
  <style:font-decl style:name="HG Mincho Light J" fo:font-family="&apos;HG Mincho Light J&apos;" style:font-pitch="variable"/>
  <style:font-decl style:name="Times New Roman3" fo:font-family="&apos;Times New Roman&apos;" style:font-pitch="variable"/>
  <style:font-decl style:name="Thorndale" fo:font-family="Thorndale" style:font-family-generic="roman" style:font-pitch="variable"/>
  <style:font-decl style:name="Times New Roman2" fo:font-family="&apos;Times New Roman&apos;" style:font-style-name="Fett" style:font-family-generic="roman" style:font-pitch="variable"/>
  <style:font-decl style:name="Times New Roman" fo:font-family="&apos;Times New Roman&apos;" style:font-style-name="Standard" style:font-family-generic="roman" style:font-pitch="variable"/>
  <style:font-decl style:name="Times New Roman1" fo:font-family="&apos;Times New Roman&apos;" style:font-family-generic="swiss" style:font-pitch="variable"/>
 </office:font-decls>
 <office:automatic-styles>
  <style:style style:name="P1" style:family="paragraph" style:parent-style-name="Paragraph" style:master-page-name="HTML">
   <style:properties style:page-number="0"/>
  </style:style>
  <style:style style:name="T1" style:family="text">
   <style:properties fo:font-weight="bold"/>
  </style:style>
 </office:automatic-styles>
 <office:body>
  <text:variable-decls>
   <text:variable-decl text:value-type="string" text:name="HTML_ON"/>
   <text:variable-decl text:value-type="string" text:name="HTML_OFF"/>
   <text:variable-decl text:value-type="string" text:name="TITEL"/>
   <text:variable-decl text:value-type="string" text:name="END"/>
   <text:variable-decl text:value-type="string" text:name="HREF"/>
   <text:variable-decl text:value-type="string" text:name="NAME"/>
   <text:variable-decl text:value-type="string" text:name="OS2"/>
   <text:variable-decl text:value-type="string" text:name="ELSE"/>
   <text:variable-decl text:value-type="string" text:name="HelpID"/>
   <text:variable-decl text:value-type="string" text:name="MODIFY"/>
   <text:variable-decl text:value-type="string" text:name="REFNR"/>
   <text:variable-decl text:value-type="string" text:name="WIN"/>
   <text:variable-decl text:value-type="string" text:name="HFELD"/>
   <text:variable-decl text:value-type="string" text:name="MAC"/>
   <text:variable-decl text:value-type="string" text:name="AKTHLP"/>
   <text:variable-decl text:value-type="string" text:name="INDEX"/>
  </text:variable-decls>
  <text:sequence-decls>
   <text:sequence-decl text:display-outline-level="0" text:name="Illustration"/>
   <text:sequence-decl text:display-outline-level="0" text:name="Table"/>
   <text:sequence-decl text:display-outline-level="0" text:name="Text"/>
   <text:sequence-decl text:display-outline-level="0" text:name="Drawing"/>
  </text:sequence-decls>
  <text:p text:style-name="P1"/>
  <text:p text:style-name="Head 1"><help:key-word value="Correzione automatica; menu di contesto" tag="kw65697_1"/><help:key-word value="Controllo ortografico; menu di contesto" tag="kw65697_2"/>Menu di contesto correzione automatica</text:p>
  <text:p text:style-name="Paragraph">Per accedere a questo menu, fate clic con il pulsante destro del mouse su una parola scritta in modo errato nel documento. Per visualizzare le parole con errori ortografici presenti nel documento, scegliete <text:span text:style-name="T1">Strumenti - Controllo ortografico - Controllo ortografico automatico</text:span>.</text:p>
  <text:p text:style-name="Head 2"><help:help-id value="HID_LINGU_REPLACE"/>&lt;Proposte&gt;</text:p>
  <text:p text:style-name="Paragraph"><help:help-text value="visible">Fate clic sulla parola con cui volete sostituire quella evidenziata.</help:help-text></text:p>
  <text:p text:style-name="Head 2"><help:help-id value="HID_EDITENG_SPELLER_START"/><help:help-id value="HID_LINGU_SPELLING_DLG"/>Controllo ortografico</text:p>
  <text:p text:style-name="Paragraph"><help:help-text value="visible">Apre la finestra di dialogo <help:link Id="65853">Controllo ortografico</help:link>.</help:help-text></text:p>
  <text:p text:style-name="Head 2"><help:help-id value="HID_EDITENG_SPELLER_ADDWORD"/><help:help-id value="HID_LINGU_ADD_WORD"/>Aggiungi</text:p>
  <text:p text:style-name="Paragraph"><help:help-text value="visible">Aggiunge la parola evidenziata a un dizionario utente.</help:help-text></text:p>
  <text:p text:style-name="Head 2"><help:help-id value="HID_EDITENG_SPELLER_IGNORE"/><help:help-id value="HID_LINGU_IGNORE_WORD"/>Ignora tutto</text:p>
  <text:p text:style-name="Paragraph"><help:help-text value="visible">Ignora tutte le istanze della parola evidenziata nel documento.</help:help-text></text:p>
  <text:p text:style-name="Head 2"><help:help-id value="HID_EDITENG_SPELLER_AUTOCORRECT"/><help:help-id value="HID_LINGU_AUTOCORR"/>Correzione automatica</text:p>
  <text:p text:style-name="Paragraph"><help:help-text value="visible">Elenca le proposte di correzione per la parola evidenziata. Per effettuare la sostituzione, fate clic sulla parola desiderata nell&apos;elenco.</help:help-text></text:p>
  <text:p text:style-name="Paragraph">Per modificare la tabella di sostituzione, scegliete <text:span text:style-name="T1">Strumenti</text:span> - <text:span text:style-name="T1">Correzione automatica</text:span><help:switch select="Program"><help:case select="WRITER"><text:span text:style-name="T1">/Formattazione automatica</text:span></help:case></help:switch> e fate clic sulla scheda <text:span text:style-name="T1">Sostituzione</text:span>.</text:p>
  <text:p text:style-name="Head 2"><help:help-id value="HID_LINGU_WORD_LANGUAGE"/>La parola è &lt;nome della lingua&gt;</text:p>
  <text:p text:style-name="Paragraph"><help:help-text value="visible">Se la parola è contenuta in un altro dizionario, questa opzione permette di cambiarne la lingua.</help:help-text></text:p>
  <text:p text:style-name="Head 2"><help:help-id value="HID_LINGU_PARA_LANGUAGE"/>Il paragrafo è &lt;nome della lingua&gt;</text:p>
  <text:p text:style-name="Paragraph"><help:help-text value="visible">Se la parola è contenuta in un altro dizionario, questa opzione permette di cambiare la lingua del paragrafo che la contiene.</help:help-text></text:p>
 </office:body>
</office:document>
