

<office:document  xmlns:office="http://openoffice.org/2000/office" xmlns:style="http://openoffice.org/2000/style" xmlns:text="http://openoffice.org/2000/text" xmlns:table="http://openoffice.org/2000/table" xmlns:draw="http://openoffice.org/2000/drawing" xmlns:fo="http://www.w3.org/1999/XSL/Format" xmlns:xlink="http://www.w3.org/1999/xlink" xmlns:number="http://openoffice.org/2000/datastyle" xmlns:svg="http://www.w3.org/2000/svg" xmlns:chart="http://openoffice.org/2000/chart" xmlns:dr3d="http://openoffice.org/2000/dr3d" xmlns:math="http://www.w3.org/1998/Math/MathML" xmlns:form="http://openoffice.org/2000/form" xmlns:script="http://openoffice.org/2000/script" office:class="text" office:version="1.0" xmlns:dc="http://purl.org/dc/elements/1.1/" xmlns:meta="http://openoffice.org/2000/meta" xmlns:help="http://openoffice.org/2000/help">
<office:meta>
  <dc:description>text/common/01/06050500</dc:description>
  <dc:subject>Opzioni</dc:subject>

  <dc:language>it-IT</dc:language>
  <meta:user-defined meta:name="Info 0">READY</meta:user-defined>
  <meta:user-defined meta:name="Info 1">FREE_OK</meta:user-defined>
  <meta:user-defined meta:name="Info 2"/>
  <meta:user-defined meta:name="Info 3"/>
</office:meta>
 <office:script/>
 <office:font-decls>
  <style:font-decl style:name="StarSymbol" fo:font-family="StarSymbol" style:font-charset="x-symbol"/>
  <style:font-decl style:name="Courier New" fo:font-family="&apos;Courier New&apos;" style:font-style-name="Standard" style:font-family-generic="modern" style:font-pitch="fixed"/>
  <style:font-decl style:name="Courier" fo:font-family="Courier" style:font-family-generic="roman" style:font-pitch="fixed"/>
  <style:font-decl style:name="Arial Unicode MS" fo:font-family="&apos;Arial Unicode MS&apos;" style:font-pitch="variable"/>
  <style:font-decl style:name="HG Mincho Light J" fo:font-family="&apos;HG Mincho Light J&apos;" style:font-pitch="variable"/>
  <style:font-decl style:name="Times New Roman3" fo:font-family="&apos;Times New Roman&apos;" style:font-pitch="variable"/>
  <style:font-decl style:name="Thorndale" fo:font-family="Thorndale" style:font-family-generic="roman" style:font-pitch="variable"/>
  <style:font-decl style:name="Times New Roman2" fo:font-family="&apos;Times New Roman&apos;" style:font-style-name="Fett" style:font-family-generic="roman" style:font-pitch="variable"/>
  <style:font-decl style:name="Times New Roman" fo:font-family="&apos;Times New Roman&apos;" style:font-style-name="Standard" style:font-family-generic="roman" style:font-pitch="variable"/>
  <style:font-decl style:name="Times New Roman1" fo:font-family="&apos;Times New Roman&apos;" style:font-family-generic="swiss" style:font-pitch="variable"/>
 </office:font-decls>
 <office:automatic-styles>
  <style:style style:name="Tabelle2" style:family="table">
   <style:properties style:width="17.995cm" fo:margin-left="0cm" fo:margin-right="0.005cm" table:align="margins"/>
  </style:style>
  <style:style style:name="Tabelle2.A" style:family="table-column">
   <style:properties style:column-width="4.209cm" style:rel-column-width="2386*"/>
  </style:style>
  <style:style style:name="Tabelle2.B" style:family="table-column">
   <style:properties style:column-width="13.785cm" style:rel-column-width="7815*"/>
  </style:style>
  <style:style style:name="Tabelle2.A1" style:family="table-cell">
   <style:properties fo:padding="0.049cm" fo:border-left="0.002cm solid #000000" fo:border-right="none" fo:border-top="0.002cm solid #000000" fo:border-bottom="0.002cm solid #000000"/>
  </style:style>
  <style:style style:name="Tabelle2.B1" style:family="table-cell">
   <style:properties fo:padding="0.049cm" fo:border="0.002cm solid #000000"/>
  </style:style>
  <style:style style:name="Tabelle2.A2" style:family="table-cell">
   <style:properties fo:padding="0.049cm" fo:border-left="0.002cm solid #000000" fo:border-right="none" fo:border-top="none" fo:border-bottom="0.002cm solid #000000"/>
  </style:style>
  <style:style style:name="Tabelle2.B2" style:family="table-cell">
   <style:properties fo:padding="0.049cm" fo:border-left="0.002cm solid #000000" fo:border-right="0.002cm solid #000000" fo:border-top="none" fo:border-bottom="0.002cm solid #000000"/>
  </style:style>
  <style:style style:name="P1" style:family="paragraph" style:parent-style-name="Paragraph" style:master-page-name="HTML">
   <style:properties style:page-number="0"/>
  </style:style>
  <style:style style:name="T1" style:family="text">
   <style:properties fo:font-weight="bold"/>
  </style:style>
 </office:automatic-styles>
 <office:body>
  <text:variable-decls>
   <text:variable-decl text:value-type="string" text:name="HTML_ON"/>
   <text:variable-decl text:value-type="string" text:name="HTML_OFF"/>
   <text:variable-decl text:value-type="string" text:name="TITEL"/>
   <text:variable-decl text:value-type="string" text:name="END"/>
   <text:variable-decl text:value-type="string" text:name="HREF"/>
   <text:variable-decl text:value-type="string" text:name="OS2"/>
   <text:variable-decl text:value-type="string" text:name="ELSE"/>
   <text:variable-decl text:value-type="string" text:name="MAC"/>
   <text:variable-decl text:value-type="string" text:name="NAME"/>
   <text:variable-decl text:value-type="string" text:name="HelpID"/>
   <text:variable-decl text:value-type="string" text:name="MODIFY"/>
   <text:variable-decl text:value-type="string" text:name="REFNR"/>
   <text:variable-decl text:value-type="string" text:name="KEY"/>
   <text:variable-decl text:value-type="string" text:name="AKTHLP"/>
   <text:variable-decl text:value-type="string" text:name="HFELD"/>
   <text:variable-decl text:value-type="string" text:name="WIN"/>
   <text:variable-decl text:value-type="string" text:name="INDEX"/>
   <text:variable-decl text:value-type="string" text:name="STYLE"/>
  </text:variable-decls>
  <text:sequence-decls>
   <text:sequence-decl text:display-outline-level="0" text:name="Illustration"/>
   <text:sequence-decl text:display-outline-level="0" text:name="Table"/>
   <text:sequence-decl text:display-outline-level="0" text:name="Text"/>
   <text:sequence-decl text:display-outline-level="0" text:name="Drawing"/>
  </text:sequence-decls>
  <help:to-be-embedded Eid="optionen">
  <text:p text:style-name="Head 1"><help:key-word value="Elenchi puntati e numerati; opzioni" tag="kw65716_1"/><help:key-word value="Elenchi puntati e numerati; opzioni" tag="kw65716_3"/><help:link Id="65716">Opzioni </help:link></text:p>
  <text:p text:style-name="Paragraph">Queste opzioni vi permettono di impostare le opzioni di formattazione per gli elenchi puntati o numerati. Volendo, potete applicare la formattazione a singoli livelli della gerarchia.</text:p>
  </help:to-be-embedded>
  <help:popup Id="65599" Eid="numoptionen"><help:embedded Id="65598" Eid="wie"></help:embedded></help:popup>
  <text:p text:style-name="Head 2">Formato</text:p>
  <text:p text:style-name="Paragraph">Selezionate i livelli che volete modificare e quindi specificate la formattazione da utilizzare.</text:p>
  <text:p text:style-name="Head 2"><help:help-id value="SVX_MULTILISTBOX_RID_SVXPAGE_NUM_OPTIONS_LB_LEVEL"/>Livello</text:p>
  <text:p text:style-name="Paragraph"><help:help-text value="visible">Selezionate i livelli per i quali volete definire le opzioni di formattazione.</help:help-text> Il livello selezionato appare evidenziato nell&apos;anteprima.</text:p>
  <text:p text:style-name="Head 3"><help:help-id value="SVX_LISTBOX_RID_SVXPAGE_NUM_OPTIONS_LB_FMT"/>Numerazione</text:p>
  <text:p text:style-name="Paragraph"><help:help-text value="visible">Scegliete un modello di numerazione per i livelli selezionati.</help:help-text></text:p>
  <table:table table:name="Tabelle2" table:style-name="Tabelle2">
   <table:table-column table:style-name="Tabelle2.A"/>
   <table:table-column table:style-name="Tabelle2.B"/>
   <table:table-header-rows>
    <table:table-row>
     <table:table-cell table:style-name="Tabelle2.A1" table:value-type="string">
      <text:p text:style-name="TableHead">Scelta</text:p>
     </table:table-cell>
     <table:table-cell table:style-name="Tabelle2.B1" table:value-type="string">
      <text:p text:style-name="TableHead">Funzione</text:p>
     </table:table-cell>
    </table:table-row>
   </table:table-header-rows>
   <table:table-row>
    <table:table-cell table:style-name="Tabelle2.A2" table:value-type="string">
     <text:p text:style-name="TextInTable">1, 2, 3, ...</text:p>
    </table:table-cell>
    <table:table-cell table:style-name="Tabelle2.B2" table:value-type="string">
     <text:p text:style-name="TextInTable">Numeri arabi</text:p>
    </table:table-cell>
   </table:table-row>
   <table:table-row>
    <table:table-cell table:style-name="Tabelle2.A2" table:value-type="string">
     <text:p text:style-name="TextInTable">A, B, C, ...</text:p>
    </table:table-cell>
    <table:table-cell table:style-name="Tabelle2.B2" table:value-type="string">
     <text:p text:style-name="TextInTable">Maiuscole</text:p>
    </table:table-cell>
   </table:table-row>
   <table:table-row>
    <table:table-cell table:style-name="Tabelle2.A2" table:value-type="string">
     <text:p text:style-name="TextInTable">a, b, c, ...</text:p>
    </table:table-cell>
    <table:table-cell table:style-name="Tabelle2.B2" table:value-type="string">
     <text:p text:style-name="TextInTable">Minuscole</text:p>
    </table:table-cell>
   </table:table-row>
   <table:table-row>
    <table:table-cell table:style-name="Tabelle2.A2" table:value-type="string">
     <text:p text:style-name="TextInTable">I, II, III, ...</text:p>
    </table:table-cell>
    <table:table-cell table:style-name="Tabelle2.B2" table:value-type="string">
     <text:p text:style-name="TextInTable">Numeri romani maiuscoli</text:p>
    </table:table-cell>
   </table:table-row>
   <table:table-row>
    <table:table-cell table:style-name="Tabelle2.A2" table:value-type="string">
     <text:p text:style-name="TextInTable">i, ii, iii, ...</text:p>
    </table:table-cell>
    <table:table-cell table:style-name="Tabelle2.B2" table:value-type="string">
     <text:p text:style-name="TextInTable">Numeri romani minuscoli</text:p>
    </table:table-cell>
   </table:table-row>
   <table:table-row>
    <table:table-cell table:style-name="Tabelle2.A2" table:value-type="string">
     <text:p text:style-name="TextInTable">A,... AA,... AAA,...</text:p>
    </table:table-cell>
    <table:table-cell table:style-name="Tabelle2.B2" table:value-type="string">
     <text:p text:style-name="TextInTable">Numerazione alfabetica con lettere maiuscole</text:p>
    </table:table-cell>
   </table:table-row>
   <table:table-row>
    <table:table-cell table:style-name="Tabelle2.A2" table:value-type="string">
     <text:p text:style-name="TextInTable">a,... aa,... aaa,...</text:p>
    </table:table-cell>
    <table:table-cell table:style-name="Tabelle2.B2" table:value-type="string">
     <text:p text:style-name="TextInTable">Numerazione alfabetica con lettere minuscole</text:p>
    </table:table-cell>
   </table:table-row>
   <table:table-row>
    <table:table-cell table:style-name="Tabelle2.A2" table:value-type="string">
     <text:p text:style-name="TextInTable">Punti</text:p>
    </table:table-cell>
    <table:table-cell table:style-name="Tabelle2.B2" table:value-type="string">
     <text:p text:style-name="TextInTable">Aggiunge un punto all&apos;inizio della riga. Selezionate questa opzione e fate clic sul pulsante <text:span text:style-name="T1">Carattere</text:span> per scegliere il punto da anteporre ai paragrafi puntati.</text:p>
     <text:p text:style-name="TextInTable"><help:switch select="Program"><help:case select="WRITER">La dimensione dei punti viene adattata all&apos;altezza della riga. Se necessario, potete definire un modello di carattere che utilizzi punti di dimensione differente.<help:key-word value="Tipo di carattere; dimensioni dei punti" tag="kw65716_2"/></help:case></help:switch></text:p>
    </table:table-cell>
   </table:table-row>
   <table:table-row>
    <table:table-cell table:style-name="Tabelle2.A2" table:value-type="string">
     <text:p text:style-name="TextInTable">Immagine</text:p>
    </table:table-cell>
    <table:table-cell table:style-name="Tabelle2.B2" table:value-type="string">
     <text:p text:style-name="TextInTable">Mostra un&apos;immagine davanti al paragrafo. Selezionate questa opzione e fate clic su <text:span text:style-name="T1">Scelta</text:span> per individuare il file grafico da utilizzare.</text:p>
    </table:table-cell>
   </table:table-row>
   <table:table-row>
    <table:table-cell table:style-name="Tabelle2.A2" table:value-type="string">
     <text:p text:style-name="Paragraph">Collega immagine</text:p>
    </table:table-cell>
    <table:table-cell table:style-name="Tabelle2.B2" table:value-type="string">
     <text:p text:style-name="Paragraph">Collega l&apos;immagine al file attualmente aperto. Per incorporare l&apos;immagine nel file, deselezionate questa casella di controllo.</text:p>
    </table:table-cell>
   </table:table-row>
   <table:table-row>
    <table:table-cell table:style-name="Tabelle2.A2" table:value-type="string">
     <text:p text:style-name="Paragraph">Nessuno</text:p>
    </table:table-cell>
    <table:table-cell table:style-name="Tabelle2.B2" table:value-type="string">
     <text:p text:style-name="Paragraph">Non applica nessuno stile di numerazione.</text:p>
    </table:table-cell>
   </table:table-row>
  </table:table>
  <text:p text:style-name="Paragraph">La disponibilità dei campi seguenti dipende dal modello di formato selezionato nella casella <text:span text:style-name="T1">Numerazione</text:span>.</text:p>
  <text:p text:style-name="Head 3"><help:help-id value="SVX_EDIT_RID_SVXPAGE_NUM_OPTIONS_ED_PREFIX"/>Davanti</text:p>
  <text:p text:style-name="Paragraph"><help:help-text value="visible">Inserite il carattere o il testo da visualizzare davanti al numero nell&apos;elenco.</help:help-text></text:p>
  <text:p text:style-name="Head 3"><help:help-id value="SVX_EDIT_RID_SVXPAGE_NUM_OPTIONS_ED_SUFFIX"/>Dietro</text:p>
  <text:p text:style-name="Paragraph"><help:help-text value="visible">Inserite il carattere o il testo da visualizzare dietro al numero nell&apos;elenco. Per creare un elenco numerato che utilizzi lo stile &quot;1.)&quot;, digitate &quot;.)&quot; in questa casella.</help:help-text></text:p>
  <text:p text:style-name="Head 3"><help:help-id value="SVX_LISTBOX_RID_SVXPAGE_NUM_OPTIONS_LB_CHARFMT"/><help:switch select="Program"><help:case select="WRITER">Modello di carattere</help:case></help:switch></text:p>
  <text:p text:style-name="Paragraph"><help:switch select="Program"><help:case select="WRITER"><help:help-text value="visible">Selezionate il modello di carattere da usare nell&apos;elenco numerato.</help:help-text> Per creare o modificare un <help:link Id="67756">modello di carattere</help:link>, aprite lo <text:span text:style-name="T1">Stilista</text:span>, fate clic su <text:span text:style-name="T1">Modelli di carattere</text:span>, fate clic con il pulsante destro del mouse su un modello di formato e scegliete <text:span text:style-name="T1">Nuovo</text:span>.</help:case></help:switch></text:p>
  <text:p text:style-name="Head 3"><help:help-id value="SVX_NUMERICFIELD_RID_SVXPAGE_NUM_OPTIONS_NF_ALL_LEVEL"/><help:switch select="Program"><help:case select="WRITER">Completo</help:case></help:switch></text:p>
  <text:p text:style-name="Paragraph"><help:switch select="Program"><help:case select="WRITER"><help:help-text value="visible">Inserite il numero di livelli precedenti da includere nel modello di numerazione. Se ad esempio inserite &quot;2&quot; e il livello precedente utilizza il modello di numerazione &quot;A, B, C...&quot;, lo schema di numerazione per il livello attivo sarà: &quot;A.1&quot;.</help:help-text></help:case></help:switch></text:p>
  <text:p text:style-name="Head 3"><help:help-id value="SVX_NUMERICFIELD_RID_SVXPAGE_NUM_OPTIONS_ED_START"/>Comincia con</text:p>
  <text:p text:style-name="Paragraph"><help:help-text value="visible">Inserite un nuovo numero di partenza per il livello attuale.</help:help-text></text:p>
  <text:p text:style-name="Head 3"><help:help-id value="SVX_LISTBOX_RID_SVXPAGE_NUM_OPTIONS_LB_BUL_COLOR"/><help:switch select="Program"><help:case select="IMPRESS">Colore</help:case><help:case select="DRAW">Colore</help:case></help:switch></text:p>
  <text:p text:style-name="Paragraph"><help:switch select="Program"><help:case select="WRITER"></help:case><help:case select="CALC"></help:case><help:case select="MATH"></help:case><help:default><help:help-text value="visible">Scegliete un colore per il modello di numerazione.</help:help-text></help:default></help:switch></text:p>
  <text:p text:style-name="Head 3"><help:help-id value="SVX_METRICFIELD_RID_SVXPAGE_NUM_OPTIONS_MF_BUL_REL_SIZE"/><help:switch select="Program"><help:case select="IMPRESS">Dimensione relativa</help:case><help:case select="DRAW">Dimensione relativa</help:case></help:switch></text:p>
  <text:p text:style-name="Paragraph"><help:switch select="Program"><help:case select="WRITER"></help:case><help:case select="CALC"></help:case><help:case select="MATH"></help:case><help:default><help:help-text value="visible">Specificate la dimensione relativa del carattere da anteporre al paragrafo rispetto all&apos;altezza del carattere usato per il testo del paragrafo.</help:help-text></help:default></help:switch></text:p>
  <text:p text:style-name="Head 3"><help:help-id value="SVX_PUSHBUTTON_RID_SVXPAGE_NUM_OPTIONS_PB_BULLET"/>Carattere</text:p>
  <text:p text:style-name="Paragraph"><help:help-text value="visible">Apre la finestra di dialogo <help:link Id="65807">Carattere speciale</help:link>, in cui potete selezionare il simbolo da anteporre ai paragrafi puntati.</help:help-text></text:p>
  <text:p text:style-name="Head 3">Se in Numerazione avete scelto l&apos;opzione Collega immagine:</text:p>
  <text:p text:style-name="Head 3"><help:help-id value="SVX_MENUBUTTON_RID_SVXPAGE_NUM_OPTIONS_MB_BITMAP"/>Scelta...</text:p>
  <text:p text:style-name="Paragraph"><help:help-text value="visible">Selezionate l&apos;immagine o cercate il file grafico da usare come simbolo.</help:help-text></text:p>
  <text:p text:style-name="Head 3"><help:help-id value="SVX_METRICFIELD_RID_SVXPAGE_NUM_OPTIONS_MF_WIDTH"/>Largh.</text:p>
  <text:p text:style-name="Paragraph"><help:help-text value="visible">Specificate la larghezza dell&apos;immagine.</help:help-text></text:p>
  <text:p text:style-name="Head 3"><help:help-id value="SVX_METRICFIELD_RID_SVXPAGE_NUM_OPTIONS_MF_HEIGHT"/>Altezza</text:p>
  <text:p text:style-name="Paragraph"><help:help-text value="visible">Specificate l&apos;altezza dell&apos;immagine.</help:help-text></text:p>
  <text:p text:style-name="Head 3"><help:help-id value="SVX_CHECKBOX_RID_SVXPAGE_NUM_OPTIONS_CB_RATIO"/>Sincronizza</text:p>
  <text:p text:style-name="Paragraph"><help:help-text value="visible">Mantiene le proporzioni dell&apos;immagine.</help:help-text></text:p>
  <text:p text:style-name="Head 3"><help:help-id value="SVX_LISTBOX_RID_SVXPAGE_NUM_OPTIONS_LB_ORIENT"/>Allineamento</text:p>
  <text:p text:style-name="Paragraph"><help:help-text value="visible">Selezionate l&apos;opzione di allineamento per l&apos;immagine.</help:help-text></text:p>
  <text:p text:style-name="Head 2"><help:switch select="Program"><help:case select="WRITER">Tutti i livelli</help:case></help:switch></text:p>
  <text:p text:style-name="Paragraph"><help:switch select="Program"><help:case select="WRITER">Imposta le opzioni di numerazione per tutti i livelli.</help:case></help:switch></text:p>
  <text:p text:style-name="Head 3"><help:help-id value="SVX_CHECKBOX_RID_SVXPAGE_NUM_OPTIONS_CB_SAME_LEVEL"/><help:switch select="Program"><help:case select="WRITER">Numerazione continua</help:case></help:switch></text:p>
  <text:p text:style-name="Paragraph"><help:switch select="Program"><help:case select="WRITER"><help:help-text value="visible">Aumenta la numerazione di uno ad ogni livello inferiore della gerarchia.</help:help-text></help:case></help:switch></text:p>
 </office:body>
</office:document>
