

<office:document  xmlns:office="http://openoffice.org/2000/office" xmlns:style="http://openoffice.org/2000/style" xmlns:text="http://openoffice.org/2000/text" xmlns:table="http://openoffice.org/2000/table" xmlns:draw="http://openoffice.org/2000/drawing" xmlns:fo="http://www.w3.org/1999/XSL/Format" xmlns:xlink="http://www.w3.org/1999/xlink" xmlns:number="http://openoffice.org/2000/datastyle" xmlns:svg="http://www.w3.org/2000/svg" xmlns:chart="http://openoffice.org/2000/chart" xmlns:dr3d="http://openoffice.org/2000/dr3d" xmlns:math="http://www.w3.org/1998/Math/MathML" xmlns:form="http://openoffice.org/2000/form" xmlns:script="http://openoffice.org/2000/script" office:class="text" office:version="1.0" xmlns:dc="http://purl.org/dc/elements/1.1/" xmlns:meta="http://openoffice.org/2000/meta" xmlns:help="http://openoffice.org/2000/help">
<office:meta>
  <dc:description>text/common/01/06130000</dc:description>
  <dc:subject>Macro</dc:subject>
  <meta:keywords>
   <meta:keyword>$Version</meta:keyword>
  </meta:keywords>
  <dc:language>it-IT</dc:language>
  <meta:user-defined meta:name="Info 0">READY</meta:user-defined>
  <meta:user-defined meta:name="Info 1">FREE_OK</meta:user-defined>
  <meta:user-defined meta:name="Info 2"/>
  <meta:user-defined meta:name="Info 3"/>
</office:meta>
 <office:script/>
 <office:font-decls>
  <style:font-decl style:name="StarSymbol" fo:font-family="StarSymbol" style:font-charset="x-symbol"/>
  <style:font-decl style:name="Courier New" fo:font-family="&apos;Courier New&apos;" style:font-style-name="Standard" style:font-family-generic="modern" style:font-pitch="fixed"/>
  <style:font-decl style:name="Courier" fo:font-family="Courier" style:font-family-generic="roman" style:font-pitch="fixed"/>
  <style:font-decl style:name="Arial Unicode MS" fo:font-family="&apos;Arial Unicode MS&apos;" style:font-pitch="variable"/>
  <style:font-decl style:name="HG Mincho Light J" fo:font-family="&apos;HG Mincho Light J&apos;" style:font-pitch="variable"/>
  <style:font-decl style:name="Times New Roman3" fo:font-family="&apos;Times New Roman&apos;" style:font-pitch="variable"/>
  <style:font-decl style:name="Thorndale" fo:font-family="Thorndale" style:font-family-generic="roman" style:font-pitch="variable"/>
  <style:font-decl style:name="Times New Roman2" fo:font-family="&apos;Times New Roman&apos;" style:font-style-name="Fett" style:font-family-generic="roman" style:font-pitch="variable"/>
  <style:font-decl style:name="Times New Roman" fo:font-family="&apos;Times New Roman&apos;" style:font-style-name="Standard" style:font-family-generic="roman" style:font-pitch="variable"/>
  <style:font-decl style:name="Times New Roman1" fo:font-family="&apos;Times New Roman&apos;" style:font-family-generic="swiss" style:font-pitch="variable"/>
 </office:font-decls>
 <office:automatic-styles>
  <style:style style:name="P1" style:family="paragraph" style:parent-style-name="Paragraph" style:master-page-name="HTML">
   <style:properties style:page-number="0"/>
  </style:style>
  <style:style style:name="T1" style:family="text">
   <style:properties fo:font-weight="bold"/>
  </style:style>
 </office:automatic-styles>
 <office:body>
  <text:variable-decls>
   <text:variable-decl text:value-type="string" text:name="HTML_ON"/>
   <text:variable-decl text:value-type="string" text:name="HTML_OFF"/>
   <text:variable-decl text:value-type="string" text:name="TITEL"/>
   <text:variable-decl text:value-type="string" text:name="END"/>
   <text:variable-decl text:value-type="string" text:name="OS2"/>
   <text:variable-decl text:value-type="string" text:name="ELSE"/>
   <text:variable-decl text:value-type="string" text:name="HREF"/>
   <text:variable-decl text:value-type="string" text:name="MAC"/>
   <text:variable-decl text:value-type="string" text:name="NAME"/>
   <text:variable-decl text:value-type="string" text:name="HelpID"/>
   <text:variable-decl text:value-type="string" text:name="MODIFY"/>
   <text:variable-decl text:value-type="string" text:name="REFNR"/>
   <text:variable-decl text:value-type="string" text:name="HFELD"/>
   <text:variable-decl text:value-type="string" text:name="AKTHLP"/>
   <text:variable-decl text:value-type="string" text:name="KEY"/>
   <text:variable-decl text:value-type="string" text:name="INDEX"/>
   <text:variable-decl text:value-type="string" text:name="STYLE"/>
  </text:variable-decls>
  <text:sequence-decls>
   <text:sequence-decl text:display-outline-level="0" text:name="Illustration"/>
   <text:sequence-decl text:display-outline-level="0" text:name="Table"/>
   <text:sequence-decl text:display-outline-level="0" text:name="Text"/>
   <text:sequence-decl text:display-outline-level="0" text:name="Drawing"/>
  </text:sequence-decls>
  <text:p text:style-name="P1"/>
  <text:p text:style-name="Head 1"><help:help-id value="SID_BASICCHOOSER"/><help:key-word value="Macro; Basic-IDE" tag="kw65639_1"/><help:key-word value="Basic-IDE; macro" tag="kw65639_2"/>Macro</text:p>
  <text:p text:style-name="Paragraph"><help:to-be-embedded Eid="makro"><help:help-text value="visible">In questa finestra di dialogo potete salvare, organizzare, eliminare e modificare le macro.</help:help-text> </help:to-be-embedded> La programmazione delle macro in <help:productname>%PRODUCTNAME</help:productname> è descritta in un&apos;altra sezione.</text:p>
  <help:popup Id="65589" Eid="makro"><help:embedded Id="65598" Eid="wie"></help:embedded></help:popup>
  <text:p text:style-name="Paragraph"><help:embedded Id="68634" Eid="macro_recording"></help:embedded></text:p>
  <text:p text:style-name="Paragraph"><help:help-id value="BASCTL_EDIT_RID_MACROCHOOSER_RID_ED_MACRONAME"/>Nome macro</text:p>
  <text:p text:style-name="Paragraph"><help:help-text value="visible">Mostra il nome della macro selezionata. Per creare o modificare il nome di una macro, digitate un nome in questo campo.</help:help-text></text:p>
  <text:p text:style-name="Paragraph"><help:help-id value="HID_BASICIDE_MACROS"/><help:help-text value="visible">Elenca le macro contenute nel modulo selezionato nell&apos;elenco <text:span text:style-name="T1">Macro da</text:span>.</help:help-text></text:p>
  <text:p text:style-name="Head 2"><help:help-id value="HID_BASICIDE_LIBS"/>Macro da / Registra macro in</text:p>
  <text:p text:style-name="Paragraph"><help:help-text value="visible">Elenca le librerie e i moduli in cui potete aprire o salvare le vostre macro. Per salvare una macro insieme a un determinato documento, aprite il documento e quindi aprite questa finestra di dialogo.</help:help-text></text:p>
  <text:p text:style-name="Head 2"><help:help-id value="BASCTL_PUSHBUTTON_RID_MACROCHOOSER_RID_PB_RUN"/>Esegui</text:p>
  <text:p text:style-name="Paragraph"><help:help-text value="visible">Esegue o salva la macro selezionata.</help:help-text></text:p>
  <text:p text:style-name="Head 2"><help:help-id value="BASCTL_PUSHBUTTON_RID_MACROCHOOSER_RID_PB_ASSIGN"/>Assegna</text:p>
  <text:p text:style-name="Paragraph"><help:help-text value="visible">Apre la finestra di dialogo <help:link Id="65748">Configura</help:link>, in cui potete assegnare la macro selezionata a un comando di menu, a una combinazione di scelta rapida o a un evento.</help:help-text></text:p>
  <text:p text:style-name="Head 2"><help:help-id value="BASCTL_PUSHBUTTON_RID_MACROCHOOSER_RID_PB_EDIT"/>Modifica</text:p>
  <text:p text:style-name="Paragraph"><help:help-text value="visible">Avvia l&apos;editor Basic di <help:productname>%PRODUCTNAME</help:productname> e apre la macro selezionata.</help:help-text></text:p>
  <text:p text:style-name="Head 2"><help:help-id value="BASCTL_PUSHBUTTON_RID_MACROCHOOSER_RID_PB_DEL"/>Nuovo/Elimina</text:p>
  <text:p text:style-name="Paragraph"><help:help-text value="visible">Crea un nuovo modulo o una nuova macro, oppure elimina la macro selezionata.</help:help-text></text:p>
  <text:p text:style-name="Paragraph">Per creare una nuova macro, selezionate il modulo &quot;Standard&quot; nell&apos;elenco <text:span text:style-name="T1">Macro da</text:span> e fate clic su <text:span text:style-name="T1">Nuova</text:span>. Analogamente, per creare un nuovo modulo, selezionatelo nell&apos;elenco <text:span text:style-name="T1">Macro da</text:span> e fate clic su <text:span text:style-name="T1">Nuova</text:span>.</text:p>
  <text:p text:style-name="Paragraph">Per eliminare una macro, selezionatela e fate clic su <text:span text:style-name="T1">Elimina</text:span>.</text:p>
  <text:p text:style-name="Head 2"><help:help-id value="BASCTL_PUSHBUTTON_RID_MACROCHOOSER_RID_PB_NEWLIB"/>Nuova libreria</text:p>
  <text:p text:style-name="Paragraph"><help:help-text value="visible">Salva la macro registrata in una nuova libreria.</help:help-text></text:p>
  <text:p text:style-name="Head 2"><help:help-id value="BASCTL_PUSHBUTTON_RID_MACROCHOOSER_RID_PB_NEWMOD"/>Nuovo modulo</text:p>
  <text:p text:style-name="Paragraph"><help:help-text value="visible">Salva la macro registrata in un nuovo modulo.</help:help-text></text:p>
  <text:p text:style-name="Head 2"><help:help-id value="BASCTL_PUSHBUTTON_RID_MACROCHOOSER_RID_PB_ORG"/><a name="verwalten"/>Gestisci</text:p>
  <text:p text:style-name="Paragraph"><help:help-text value="visible">Apre la finestra di dialogo <text:span text:style-name="T1">Gestione macro</text:span>, in cui potete aggiungere, modificare o eliminare i moduli delle macro, le finestre di dialogo e le librerie esistenti.</help:help-text></text:p>
  <text:p text:style-name="Head 3">Scheda Moduli</text:p>
  <text:p text:style-name="Paragraph"><help:help-text value="visible">Permette di gestire le finestre di dialogo e i moduli.</help:help-text></text:p>
  <text:p text:style-name="Head 3"><help:help-id value="HID_BASICIDE_MODULES_TREE"/>Modulo/Dialogo</text:p>
  <text:p text:style-name="Paragraph"><help:help-text value="visible">Elenca le macro e le finestre di dialogo disponibili per l&apos;applicazione attiva e gli altri documenti aperti.</help:help-text></text:p>
  <text:p text:style-name="Paragraph">Potete trascinare e rilasciare alcune macro tra l&apos;applicazione e gli altri documenti aperti.</text:p>
  <text:p text:style-name="Paragraph">Potete anche ridisporre alcune macro trascinandole in una posizione differente nell&apos;elenco.</text:p>
  <text:p text:style-name="Paragraph">Per copiare una macro, premete il tasto <help:switch select="System"><help:case select ="MAC">(Opzione)</help:case><help:default>(Alt)</help:default></help:switch> durante il trascinamento.</text:p>
  <text:p text:style-name="Head 3"><help:help-id value="BASCTL_PUSHBUTTON_RID_TP_MODULS_RID_PB_EDIT"/>Modifica</text:p>
  <text:p text:style-name="Paragraph"><help:help-text value="visible">Apre la macro o la finestra di dialogo selezionata.</help:help-text></text:p>
  <help:embedded Id="65630" Eid="schliessen"></help:embedded>
  <text:p text:style-name="Head 3"><help:help-id value="BASCTL_PUSHBUTTON_RID_TP_MODULS_RID_PB_NEWMOD"/>Nuovo modulo</text:p>
  <text:p text:style-name="Paragraph"><help:help-text value="visible">Apre l&apos;editor Basic di <help:productname>%PRODUCTNAME</help:productname> e crea un nuovo modulo.</help:help-text></text:p>
  <text:p text:style-name="Head 3"><help:help-id value="BASCTL_PUSHBUTTON_RID_TP_MODULS_RID_PB_NEWDLG"/>Nuovo dialogo</text:p>
  <text:p text:style-name="Paragraph"><help:help-text value="visible">Apre l&apos;editor Basic di <help:productname>%PRODUCTNAME</help:productname> e crea una nuova finestra di dialogo.</help:help-text></text:p>
  <help:help-id value="BASCTL_PUSHBUTTON_RID_TP_MODULS_RID_PB_DELETE"/><help:embedded Id="65630" Eid="loeschen"></help:embedded>
  <text:p text:style-name="Head 3">Scheda Biblioteche</text:p>
  <text:p text:style-name="Paragraph"><help:help-text value="visible">Permette di gestire le librerie di macro per l&apos;applicazione attiva e gli altri documenti aperti.</help:help-text></text:p>
  <text:p text:style-name="Head 3"><help:help-id value="BASCTL_LISTBOX_RID_TP_LIBS_RID_LB_BASICS"/>Applicazione/Documento</text:p>
  <text:p text:style-name="Paragraph"><help:help-text value="visible">Selezionate l&apos;applicazione o il documento contenente le librerie di macro da organizzare.</help:help-text></text:p>
  <text:p text:style-name="Head 3"><help:help-id value="HID_BASICIDE_LIBS_TREE"/>Library</text:p>
  <text:p text:style-name="Paragraph"><help:help-text value="visible">Elenca le librerie di macro disponibili per l&apos;applicazione attiva e gli altri documenti aperti.</help:help-text></text:p>
  <text:p text:style-name="Head 3"><help:help-id value="BASCTL_PUSHBUTTON_RID_TP_LIBS_RID_PB_EDIT"/>Modifica</text:p>
  <text:p text:style-name="Paragraph"><help:help-text value="visible">Apre l&apos;editor Basic di <help:productname>%PRODUCTNAME</help:productname> permettendo di modificare la libreria selezionata.</help:help-text></text:p>
  <help:embedded Id="65630" Eid="schliessen"></help:embedded>
  <text:p text:style-name="Head 3"><help:help-id value="BASCTL_PUSHBUTTON_RID_TP_LIBS_RID_PB_PASSWORD"/>Password</text:p>
  <text:p text:style-name="Paragraph"><help:help-text value="visible">Permette di assegnare o modificare la <help:link Id="65822">password</help:link> per la libreria selezionata.</help:help-text></text:p>
  <text:p text:style-name="Head 3"><help:help-id value="BASCTL_PUSHBUTTON_RID_TP_LIBS_RID_PB_NEWLIB"/>Nuovo</text:p>
  <text:p text:style-name="Paragraph"><help:help-text value="visible">Crea una nuova libreria.</help:help-text></text:p>
  <text:p text:style-name="Head 3"><help:help-id value="BASCTL_EDIT_RID_DLG_NEWLIB_RID_ED_LIBNAME"/>Nome</text:p>
  <text:p text:style-name="Paragraph"><help:help-text value="visible">Inserite un nome per la nuova libreria o il nuovo modulo.</help:help-text></text:p>
  <text:p text:style-name="Head 3"><help:help-id value="BASCTL_PUSHBUTTON_RID_TP_LIBS_RID_PB_APPEND"/>Aggiungi</text:p>
  <text:p text:style-name="Paragraph"><help:help-text value="visible">Individuate la libreria di <help:productname>%PRODUCTNAME</help:productname> Basic che desiderate aggiungere all&apos;elenco e fate clic su Apri.</help:help-text></text:p>
  <help:help-id value="BASCTL_PUSHBUTTON_RID_TP_LIBS_RID_PB_DELETE"/><help:embedded Id="65630" Eid="loeschen"></help:embedded>
  <text:p text:style-name="ParaList"><help:embedded Id="65598" Eid="related"></help:embedded></text:p>
  <text:p text:style-name="ParaList"><help:link Id="65545"></help:link></text:p>
 </office:body>
</office:document>
