

<office:document  xmlns:office="http://openoffice.org/2000/office" xmlns:style="http://openoffice.org/2000/style" xmlns:text="http://openoffice.org/2000/text" xmlns:table="http://openoffice.org/2000/table" xmlns:draw="http://openoffice.org/2000/drawing" xmlns:fo="http://www.w3.org/1999/XSL/Format" xmlns:xlink="http://www.w3.org/1999/xlink" xmlns:number="http://openoffice.org/2000/datastyle" xmlns:svg="http://www.w3.org/2000/svg" xmlns:chart="http://openoffice.org/2000/chart" xmlns:dr3d="http://openoffice.org/2000/dr3d" xmlns:math="http://www.w3.org/1998/Math/MathML" xmlns:form="http://openoffice.org/2000/form" xmlns:script="http://openoffice.org/2000/script" office:class="text" office:version="1.0" xmlns:dc="http://purl.org/dc/elements/1.1/" xmlns:meta="http://openoffice.org/2000/meta" xmlns:help="http://openoffice.org/2000/help">
<office:meta>
  <dc:description>text/common/01/06140100</dc:description>
  <dc:subject>Menu</dc:subject>

  <dc:language>it-IT</dc:language>
  <meta:user-defined meta:name="Info 0">READY</meta:user-defined>
  <meta:user-defined meta:name="Info 1">FREE_OK</meta:user-defined>
  <meta:user-defined meta:name="Info 2"/>
  <meta:user-defined meta:name="Info 3"/>
</office:meta>
 <office:script/>
 <office:font-decls>
  <style:font-decl style:name="StarSymbol" fo:font-family="StarSymbol" style:font-charset="x-symbol"/>
  <style:font-decl style:name="Courier New" fo:font-family="&apos;Courier New&apos;" style:font-style-name="Standard" style:font-family-generic="modern" style:font-pitch="fixed"/>
  <style:font-decl style:name="Courier" fo:font-family="Courier" style:font-family-generic="roman" style:font-pitch="fixed"/>
  <style:font-decl style:name="Arial Unicode MS" fo:font-family="&apos;Arial Unicode MS&apos;" style:font-pitch="variable"/>
  <style:font-decl style:name="HG Mincho Light J" fo:font-family="&apos;HG Mincho Light J&apos;" style:font-pitch="variable"/>
  <style:font-decl style:name="Times New Roman3" fo:font-family="&apos;Times New Roman&apos;" style:font-pitch="variable"/>
  <style:font-decl style:name="Thorndale" fo:font-family="Thorndale" style:font-family-generic="roman" style:font-pitch="variable"/>
  <style:font-decl style:name="Times New Roman2" fo:font-family="&apos;Times New Roman&apos;" style:font-style-name="Fett" style:font-family-generic="roman" style:font-pitch="variable"/>
  <style:font-decl style:name="Times New Roman" fo:font-family="&apos;Times New Roman&apos;" style:font-style-name="Standard" style:font-family-generic="roman" style:font-pitch="variable"/>
  <style:font-decl style:name="Times New Roman1" fo:font-family="&apos;Times New Roman&apos;" style:font-family-generic="swiss" style:font-pitch="variable"/>
 </office:font-decls>
 <office:automatic-styles>
  <style:style style:name="Tabelle6" style:family="table">
   <style:properties style:width="18cm" table:align="margins"/>
  </style:style>
  <style:style style:name="Tabelle6.A" style:family="table-column">
   <style:properties style:column-width="1.499cm" style:rel-column-width="5460*"/>
  </style:style>
  <style:style style:name="Tabelle6.B" style:family="table-column">
   <style:properties style:column-width="16.501cm" style:rel-column-width="60074*"/>
  </style:style>
  <style:style style:name="Tabelle6.1" style:family="table-row"/>
  <style:style style:name="Tabelle6.A1" style:family="table-cell">
   <style:properties fo:padding="0cm" fo:border="none"/>
  </style:style>
  <style:style style:name="Tabelle2" style:family="table">
   <style:properties style:width="18cm" table:align="margins"/>
  </style:style>
  <style:style style:name="Tabelle2.A" style:family="table-column">
   <style:properties style:column-width="1.499cm" style:rel-column-width="5460*"/>
  </style:style>
  <style:style style:name="Tabelle2.B" style:family="table-column">
   <style:properties style:column-width="16.501cm" style:rel-column-width="60074*"/>
  </style:style>
  <style:style style:name="Tabelle2.1" style:family="table-row"/>
  <style:style style:name="Tabelle2.A1" style:family="table-cell">
   <style:properties fo:padding="0cm" fo:border="none"/>
  </style:style>
  <style:style style:name="Tabelle3" style:family="table">
   <style:properties style:width="18cm" table:align="margins"/>
  </style:style>
  <style:style style:name="Tabelle3.A" style:family="table-column">
   <style:properties style:column-width="1.499cm" style:rel-column-width="5460*"/>
  </style:style>
  <style:style style:name="Tabelle3.B" style:family="table-column">
   <style:properties style:column-width="16.501cm" style:rel-column-width="60074*"/>
  </style:style>
  <style:style style:name="Tabelle3.1" style:family="table-row"/>
  <style:style style:name="Tabelle3.A1" style:family="table-cell">
   <style:properties fo:padding="0cm" fo:border="none"/>
  </style:style>
  <style:style style:name="P1" style:family="paragraph" style:parent-style-name="Paragraph" style:master-page-name="HTML">
   <style:properties style:page-number="0"/>
  </style:style>
  <style:style style:name="T1" style:family="text">
   <style:properties fo:font-weight="bold"/>
  </style:style>
  <style:style style:name="fr1" style:family="graphics" style:parent-style-name="Graphics">
   <style:properties style:run-through="foreground" style:wrap="run-through" style:vertical-pos="top" style:vertical-rel="paragraph" style:horizontal-pos="left" style:horizontal-rel="paragraph" style:mirror="none" fo:clip="rect(0cm 0cm 0cm 0cm)" draw:luminance="0%" draw:contrast="0%" draw:red="0%" draw:green="0%" draw:blue="0%" draw:gamma="1" draw:color-inversion="false" draw:transparency="-100%" draw:color-mode="standard"/>
  </style:style>
 </office:automatic-styles>
 <office:body>
  <text:variable-decls>
   <text:variable-decl text:value-type="string" text:name="HTML_ON"/>
   <text:variable-decl text:value-type="string" text:name="HTML_OFF"/>
   <text:variable-decl text:value-type="string" text:name="TITEL"/>
   <text:variable-decl text:value-type="string" text:name="END"/>
   <text:variable-decl text:value-type="string" text:name="HREF"/>
   <text:variable-decl text:value-type="string" text:name="MAC"/>
   <text:variable-decl text:value-type="string" text:name="ELSE"/>
   <text:variable-decl text:value-type="string" text:name="OS2"/>
   <text:variable-decl text:value-type="string" text:name="NAME"/>
   <text:variable-decl text:value-type="string" text:name="HelpID"/>
   <text:variable-decl text:value-type="string" text:name="MODIFY"/>
   <text:variable-decl text:value-type="string" text:name="REFNR"/>
   <text:variable-decl text:value-type="string" text:name="KEY"/>
   <text:variable-decl text:value-type="string" text:name="INDEX"/>
   <text:variable-decl text:value-type="string" text:name="AKTHLP"/>
   <text:variable-decl text:value-type="string" text:name="STYLE"/>
  </text:variable-decls>
  <text:sequence-decls>
   <text:sequence-decl text:display-outline-level="0" text:name="Illustration"/>
   <text:sequence-decl text:display-outline-level="0" text:name="Table"/>
   <text:sequence-decl text:display-outline-level="0" text:name="Text"/>
   <text:sequence-decl text:display-outline-level="0" text:name="Drawing"/>
  </text:sequence-decls>
  <help:to-be-embedded Eid="menue">
  <text:p text:style-name="Head 1"><help:help-id value="HID_CONFIG_MENU"/><help:key-word value="Configurare; menu" tag="kw65669_1"/><help:key-word value="Menu; configurare" tag="kw65669_6"/><help:key-word value="Modificare; menu" tag="kw65669_5"/><help:key-word value="Modificare; menu" tag="kw65669_4"/><help:key-word value="Modificare; menu" tag="kw65669_3"/><help:link Id="65669">Menu</help:link></text:p>
  <text:p text:style-name="Paragraph"><help:help-text value="visible">Qui potete personalizzare e salvare i layout dei menu o creare nuovi menu. I menu contestuali non possono essere personalizzati.</help:help-text></text:p>
  </help:to-be-embedded>
  <text:p text:style-name="Paragraph">Qui potete aggiungere nuovi comandi, modificare quelli esistenti, ridisporre le voci dei menu oppure salvare e caricare le configurazioni dei menu.</text:p>
  <help:popup Id="65589" Eid="menue"><help:embedded Id="65598" Eid="wie"></help:embedded></help:popup>
  <text:p text:style-name="Head 2"><help:help-id value="HID_MENUCONFIG_LISTBOX"/>Voci del menu</text:p>
  <text:p text:style-name="Paragraph"><help:key-word value="Menu; voci" tag="kw65669_2"/><help:help-text value="visible">Mostra la gerarchia dei titoli e dei comandi di menu usati dall&apos;applicazione o dal documento attivo. Per nascondere l&apos;elenco di comandi di un menu, fate doppio clic sul titolo del menu al primo livello della gerarchia. Per rinominare un titolo o un comando di un menu, fate clic sul nome da cambiare, rilasciate il pulsante del mouse e fate clic nuovamente sul nome. Per specificare lo mnemonico per un comando, inserite una tilde (~) davanti alla lettera desiderata. Ad esempio, per abilitare la selezione del comando &quot;Salva tutto&quot; con la combinazione di tasti (Alt) (V), digitate &quot;Sal~va tutto&quot;. Il carattere mnemonico appare sottolineato nel menu dell&apos;applicazione.</help:help-text></text:p>
  <text:p text:style-name="Paragraph">Per cambiare l&apos;ordine delle voci di un menu, trascinatele nelle posizioni desiderate nella gerarchia. In alternativa, potete selezionare la voce e fare clic sulla freccia in alto o in basso.</text:p>
  <text:p text:style-name="Head 2">Funzioni</text:p>
  <text:p text:style-name="Head 3">Area</text:p>
  <text:p text:style-name="Paragraph">Elenca le categorie dei comandi di menu disponibili.</text:p>
  <text:p text:style-name="Head 3">Funzione</text:p>
  <text:p text:style-name="Paragraph">Nell&apos;elenco <text:span text:style-name="T1">Voci del menu</text:span>, selezionate il comando da assegnare alla voce selezionata e fate clic su <text:span text:style-name="T1">Cambia</text:span>.</text:p>
  <table:table table:name="Tabelle6" table:style-name="Tabelle6">
   <table:table-column table:style-name="Tabelle6.A"/>
   <table:table-column table:style-name="Tabelle6.B"/>
   <table:table-header-rows>
    <table:table-row table:style-name="Tabelle6.1">
     <table:table-cell table:style-name="Tabelle6.A1" table:value-type="string">
      <text:p text:style-name="Paragraph"><draw:image draw:name="Simbolo0" svg:desc="Questo simbolo segnala la presenza di ulteriori informazioni." svg:pixelx="32" svg:pixely="32" svg:width="0.847cm" svg:height="0.847cm" xlink:href="65980" draw:filter-name=""/></text:p>

     </table:table-cell>
     <table:table-cell table:style-name="Tabelle6.A1" table:value-type="string">
      <text:p text:style-name="Paragraph">Per inserire un separatore, selezionate la linea retta all&apos;inizio dell&apos;elenco <text:span text:style-name="T1">Funzione</text:span> e fate clic su <text:span text:style-name="T1">Nuovo</text:span>.</text:p>
     </table:table-cell>
    </table:table-row>
   </table:table-header-rows>
  </table:table>
  <text:p text:style-name="Head 2"><help:help-id value="SFX2_PUSHBUTTON_TP_CONFIG_MENU_BTN_MN_NEW"/>Nuovo</text:p>
  <text:p text:style-name="Paragraph"><help:help-text value="visible">In questa sezione potete creare una nuova voce del menu. Selezionate innanzitutto la funzione e la relativa area. Ora nella casella di riepilogo <text:span text:style-name="T1">Menu</text:span> cliccate sul punto dove deve essere inserita la nuova voce del menu e confermate con <text:span text:style-name="T1">Nuovo</text:span>. </help:help-text></text:p>
  <text:p text:style-name="Head 2"><help:help-id value="SFX2_PUSHBUTTON_TP_CONFIG_MENU_BTN_MN_NEWPOPUP"/>Nuovo Menu</text:p>
  <text:p text:style-name="Paragraph"><help:help-text value="visible">Aggiunge un nuovo sottomenu dopo la voce selezionata nell&apos;elenco <text:span text:style-name="T1">Voci del menu</text:span>. Per aggiungere un nuovo menu alla barra dei menu, selezionate il titolo di un menu nell&apos;elenco <text:span text:style-name="T1">Voci del menu</text:span> e fate clic su questo pulsante.</help:help-text></text:p>
  <text:p text:style-name="Head 2"><help:help-id value="SFX2_PUSHBUTTON_TP_CONFIG_MENU_BTN_MN_CHANGE"/>Modifica</text:p>
  <text:p text:style-name="Paragraph"><help:help-text value="visible">Sostituisce il comando selezionato nell&apos;elenco <text:span text:style-name="T1">Voci del menu</text:span> con quello selezionato nell&apos;elenco <text:span text:style-name="T1">Funzione</text:span>.</help:help-text></text:p>
  <help:help-id value="SFX2_PUSHBUTTON_TP_CONFIG_MENU_BTN_MN_REMOVE"/><help:embedded Id="65630" Eid="loeschen1"></help:embedded>
  <text:p text:style-name="Head 2"><help:help-id value="SFX2_IMAGEBUTTON_TP_CONFIG_MENU_BTN_MN_UP"/>Freccia in alto</text:p>
  <text:p text:style-name="Paragraph"><help:help-text value="visible">Sposta in alto di una posizione la voce selezionata nell&apos;elenco <text:span text:style-name="T1">Voci del menu</text:span>.</help:help-text></text:p>
  <table:table table:name="Tabelle2" table:style-name="Tabelle2">
   <table:table-column table:style-name="Tabelle2.A"/>
   <table:table-column table:style-name="Tabelle2.B"/>
   <table:table-header-rows>
    <table:table-row table:style-name="Tabelle2.1">
     <table:table-cell table:style-name="Tabelle2.A1" table:value-type="string">
      <text:p text:style-name="Paragraph"><draw:image draw:name="Simbolo1" svg:desc="Simbolo" svg:pixelx="32" svg:pixely="34" svg:width="0.847cm" svg:height="0.9cm" xlink:href="66590" draw:filter-name=""/></text:p>

     </table:table-cell>
     <table:table-cell table:style-name="Tabelle2.A1" table:value-type="string">
      <text:p text:style-name="Paragraph">Avanti</text:p>
     </table:table-cell>
    </table:table-row>
   </table:table-header-rows>
  </table:table>
  <text:p text:style-name="Head 2"><help:help-id value="SFX2_IMAGEBUTTON_TP_CONFIG_MENU_BTN_MN_DOWN"/>Freccia in basso</text:p>
  <text:p text:style-name="Paragraph"><help:help-text value="visible">Questo pulsante consente di spostare in avanti voci del menu nella finestra Menu.</help:help-text> Lo spostamento avviene automaticamente per gradi. Ogni clic su questo pulsante fa avanzare la voce del menu selezionata di una posizione. In questo modo è possibile spostare una voce del menu dal menu <text:span text:style-name="T1">Cambia</text:span> nel menu <text:span text:style-name="T1">Carica</text:span>.</text:p>
  <table:table table:name="Tabelle3" table:style-name="Tabelle3">
   <table:table-column table:style-name="Tabelle3.A"/>
   <table:table-column table:style-name="Tabelle3.B"/>
   <table:table-header-rows>
    <table:table-row table:style-name="Tabelle3.1">
     <table:table-cell table:style-name="Tabelle3.A1" table:value-type="string">
      <text:p text:style-name="Paragraph"><draw:image draw:name="Simbolo2" svg:desc="Simbolo" svg:pixelx="32" svg:pixely="34" svg:width="0.847cm" svg:height="0.9cm" xlink:href="66591" draw:filter-name=""/></text:p>

     </table:table-cell>
     <table:table-cell table:style-name="Tabelle3.A1" table:value-type="string">
      <text:p text:style-name="Paragraph">Indietro</text:p>
     </table:table-cell>
    </table:table-row>
   </table:table-header-rows>
  </table:table>
  <text:p text:style-name="Head 2"><help:help-id value="SFX2_PUSHBUTTON_TP_CONFIG_MENU_BTN_LOAD"/>Carica</text:p>
  <text:p text:style-name="Paragraph"><help:help-text value="visible">Sostituisce la configurazione attuale del menu con una salvata in precedenza.</help:help-text></text:p>
  <text:p text:style-name="Head 2"><help:help-id value="SFX2_PUSHBUTTON_TP_CONFIG_MENU_BTN_SAVE"/>Salva</text:p>
  <text:p text:style-name="Paragraph"><help:help-text value="visible">Salva la configurazione del menu per consentire di caricarla successivamente.</help:help-text></text:p>
  <text:p text:style-name="Paragraph"><help:embedded Id="68256" Eid="configure_save"></help:embedded></text:p>
  <help:help-id value="SFX2_PUSHBUTTON_TP_CONFIG_MENU_BTN_RESET"/><help:embedded Id="65630" Eid="zuruecksetzen"></help:embedded>
 </office:body>
</office:document>
