

<office:document  xmlns:office="http://openoffice.org/2000/office" xmlns:style="http://openoffice.org/2000/style" xmlns:text="http://openoffice.org/2000/text" xmlns:table="http://openoffice.org/2000/table" xmlns:draw="http://openoffice.org/2000/drawing" xmlns:fo="http://www.w3.org/1999/XSL/Format" xmlns:xlink="http://www.w3.org/1999/xlink" xmlns:number="http://openoffice.org/2000/datastyle" xmlns:svg="http://www.w3.org/2000/svg" xmlns:chart="http://openoffice.org/2000/chart" xmlns:dr3d="http://openoffice.org/2000/dr3d" xmlns:math="http://www.w3.org/1998/Math/MathML" xmlns:form="http://openoffice.org/2000/form" xmlns:script="http://openoffice.org/2000/script" office:class="text" office:version="1.0" xmlns:dc="http://purl.org/dc/elements/1.1/" xmlns:meta="http://openoffice.org/2000/meta" xmlns:help="http://openoffice.org/2000/help">
<office:meta>
  <dc:description>text/common/01/06200000</dc:description>
  <dc:subject>Conversione Hangul/Hanja</dc:subject>
  <meta:keywords>
   <meta:keyword>$Version</meta:keyword>
  </meta:keywords>
  <dc:language>it-IT</dc:language>
  <meta:user-defined meta:name="Info 0">READY</meta:user-defined>
  <meta:user-defined meta:name="Info 1">FREE</meta:user-defined>
  <meta:user-defined meta:name="Info 2"/>
  <meta:user-defined meta:name="Info 3"/>
</office:meta>
 <office:script/>
 <office:font-decls>
  <style:font-decl style:name="StarSymbol" fo:font-family="StarSymbol" style:font-charset="x-symbol"/>
  <style:font-decl style:name="Courier New" fo:font-family="&apos;Courier New&apos;" style:font-style-name="Standard" style:font-family-generic="modern" style:font-pitch="fixed"/>
  <style:font-decl style:name="Courier" fo:font-family="Courier" style:font-family-generic="roman" style:font-pitch="fixed"/>
  <style:font-decl style:name="Arial Unicode MS" fo:font-family="&apos;Arial Unicode MS&apos;" style:font-pitch="variable"/>
  <style:font-decl style:name="HG Mincho Light J" fo:font-family="&apos;HG Mincho Light J&apos;" style:font-pitch="variable"/>
  <style:font-decl style:name="Times New Roman3" fo:font-family="&apos;Times New Roman&apos;" style:font-pitch="variable"/>
  <style:font-decl style:name="Thorndale" fo:font-family="Thorndale" style:font-family-generic="roman" style:font-pitch="variable"/>
  <style:font-decl style:name="Times New Roman2" fo:font-family="&apos;Times New Roman&apos;" style:font-style-name="Fett" style:font-family-generic="roman" style:font-pitch="variable"/>
  <style:font-decl style:name="Times New Roman" fo:font-family="&apos;Times New Roman&apos;" style:font-style-name="Standard" style:font-family-generic="roman" style:font-pitch="variable"/>
  <style:font-decl style:name="Times New Roman1" fo:font-family="&apos;Times New Roman&apos;" style:font-family-generic="swiss" style:font-pitch="variable"/>
 </office:font-decls>
 <office:automatic-styles>
  <style:style style:name="P1" style:family="paragraph" style:parent-style-name="Paragraph" style:master-page-name="HTML">
   <style:properties style:page-number="0"/>
  </style:style>
  <style:style style:name="T1" style:family="text">
   <style:properties fo:font-weight="bold"/>
  </style:style>
 </office:automatic-styles>
 <office:body>
  <text:variable-decls>
   <text:variable-decl text:value-type="string" text:name="HTML_ON"/>
   <text:variable-decl text:value-type="string" text:name="HTML_OFF"/>
   <text:variable-decl text:value-type="string" text:name="TITEL"/>
   <text:variable-decl text:value-type="string" text:name="END"/>
   <text:variable-decl text:value-type="string" text:name="HREF"/>
   <text:variable-decl text:value-type="string" text:name="MAC"/>
   <text:variable-decl text:value-type="string" text:name="ELSE"/>
   <text:variable-decl text:value-type="string" text:name="NAME"/>
   <text:variable-decl text:value-type="string" text:name="REFNR"/>
   <text:variable-decl text:value-type="string" text:name="HelpID"/>
   <text:variable-decl text:value-type="string" text:name="MODIFY"/>
   <text:variable-decl text:value-type="string" text:name="AKTHLP"/>
   <text:variable-decl text:value-type="string" text:name="INDEX"/>
   <text:variable-decl text:value-type="string" text:name="STYLE"/>
  </text:variable-decls>
  <text:sequence-decls>
   <text:sequence-decl text:display-outline-level="0" text:name="Illustration"/>
   <text:sequence-decl text:display-outline-level="0" text:name="Table"/>
   <text:sequence-decl text:display-outline-level="0" text:name="Text"/>
   <text:sequence-decl text:display-outline-level="0" text:name="Drawing"/>
  </text:sequence-decls>
  <help:to-be-embedded Eid="hangul">
  <text:p text:style-name="Head 1"><help:help-id value="SID_HANGUL_HANJA_CONVERSION"/><help:key-word value="Conversione; Hangul/Hanja" tag="kw68703_1"/><help:key-word value="Hangul/Hanja" tag="kw68703_2"/><help:link Id="68703">Conversione Hangul/Hanja</help:link></text:p>
  <text:p text:style-name="Paragraph"><help:help-text value="visible">Converte il testo coreano selezionato da Hangul in Hanja o da Hanja in Hangul.</help:help-text>Questo comando è disponibile solo se in <text:span text:style-name="T1">Strumenti - Opzioni - Impostazioni lingua - Lingue</text:span> è abilitato il supporto delle lingue asiatiche ed è selezionato un testo formattato in lingua coreana.</text:p>
  </help:to-be-embedded>
  <help:popup Id="65589" Eid="hangul"><help:embedded Id="65598" Eid="wie"></help:embedded></help:popup>
  <text:p text:style-name="Head 2"><help:help-id value="HID_SPELLDLG_SETWORD"/>Originale</text:p>
  <text:p text:style-name="Paragraph"><help:help-text value="visible">Mostra la selezione attiva.</help:help-text></text:p>
  <text:p text:style-name="Head 2"><help:help-id value="HID_HANGULDLG_EDIT_NEWWORD"/>Sostituisci con</text:p>
  <text:p text:style-name="Paragraph"><help:help-text value="visible">Mostra la prima proposta di sostituzione del dizionario.</help:help-text> Potete modificare la parola proposta o inserirne una diversa. Fate clic sul pulsante <text:span text:style-name="T1">Cerca</text:span> per sostituire il testo Hangul con il testo Hanja corrispondente.</text:p>
  <text:p text:style-name="Head 2"><help:help-id value="SVX_PUSHBUTTON_RID_SVX_MDLG_HANGULHANJA_PB_FIND"/>Cerca</text:p>
  <text:p text:style-name="Paragraph"><help:help-text value="visible">Cerca il testo Hangul nel dizionario e lo sostituisce con il testo Hanja corrispondente.</help:help-text> Fate clic su <text:span text:style-name="T1">Ignora</text:span> per annullare l&apos;operazione di ricerca.</text:p>
  <text:p text:style-name="Head 2"><help:help-id value="SVX_LISTBOX_RID_SVX_MDLG_HANGULHANJA_LB_SUGGESTIONS"/>Proposte</text:p>
  <text:p text:style-name="Paragraph"><help:help-text value="visible">Mostra le proposte di sostituzione disponibili nel dizionario.</help:help-text> Se la casella <text:span text:style-name="T1">Replace by character</text:span> è abilitata, viene visualizzata una griglia di caratteri. Se la casella <text:span text:style-name="T1">Replace by character</text:span> non è abilitata, viene visualizzato un elenco di parole.</text:p>
  <text:p text:style-name="Head 2">Formato</text:p>
  <text:p text:style-name="Paragraph">Fate clic sul formato in cui desiderate visualizzare le sostituzioni.</text:p>
  <text:p text:style-name="Head 3"><help:help-id value="SVX_RADIOBUTTON_RID_SVX_MDLG_HANGULHANJA_RB_SIMPLE_CONVERSION"/>Hangul/Hanja</text:p>
  <text:p text:style-name="Paragraph"><help:help-text value="visible">I caratteri originali vengono sostituiti con quelli proposti.</help:help-text></text:p>
  <text:p text:style-name="Head 3"><help:help-id value="SVX_RADIOBUTTON_RID_SVX_MDLG_HANGULHANJA_RB_HANJA_HANGUL_BRACKETED"/>Hanja (Hangul)</text:p>
  <text:p text:style-name="Paragraph"><help:help-text value="visible">La parte Hangul viene mostrata tra parentesi dopo la parte Hanja.</help:help-text></text:p>
  <text:p text:style-name="Head 3"><help:help-id value="SVX_RADIOBUTTON_RID_SVX_MDLG_HANGULHANJA_RB_HANGUL_HANJA_BRACKETED"/>Hangul (Hanja)</text:p>
  <text:p text:style-name="Paragraph"><help:help-text value="visible">La parte Hanja viene mostrata tra parentesi dopo la parte Hangul.</help:help-text></text:p>
  <text:p text:style-name="Head 3"><help:help-id value="SVX_RADIOBUTTON_RID_SVX_MDLG_HANGULHANJA_RB_HANGUL_HANJA_ABOVE"/>Hanja as ruby text above</text:p>
  <text:p text:style-name="Paragraph"><help:help-text value="visible">La parte Hanja viene mostrata come testo Ruby al di sopra della parte Hangul.</help:help-text></text:p>
  <text:p text:style-name="Head 3"><help:help-id value="SVX_RADIOBUTTON_RID_SVX_MDLG_HANGULHANJA_RB_HANGUL_HANJA_BELOW"/>Hanja as ruby text below</text:p>
  <text:p text:style-name="Paragraph"><help:help-text value="visible">La parte Hanja viene mostrata come testo Ruby al di sotto della parte Hangul.</help:help-text></text:p>
  <text:p text:style-name="Head 3"><help:help-id value="SVX_RADIOBUTTON_RID_SVX_MDLG_HANGULHANJA_RB_HANJA_HANGUL_ABOVE"/>Hangul as ruby text above</text:p>
  <text:p text:style-name="Paragraph"><help:help-text value="visible">La parte Hangul viene mostrata come testo Ruby al di sopra della parte Hanja.</help:help-text></text:p>
  <text:p text:style-name="Head 3"><help:help-id value="SVX_RADIOBUTTON_RID_SVX_MDLG_HANGULHANJA_RB_HANJA_HANGUL_BELOW"/>Hangul as ruby text below</text:p>
  <text:p text:style-name="Paragraph"><help:help-text value="visible">La parte Hangul viene mostrata come testo Ruby al di sotto della parte Hanja.</help:help-text></text:p>
  <text:p text:style-name="Head 2">Conversione</text:p>
  <text:p text:style-name="Paragraph">Normalmente, nelle selezioni miste con caratteri Hangul e Hanja, tutti i caratteri Hangul vengono convertiti in Hanja e tutti i caratteri Hanja vengono convertiti in Hangul. Se volete convertire una selezione di testo mista in una sola direzione, usate le seguenti opzioni.</text:p>
  <text:p text:style-name="Head 3"><help:help-id value="SVX_CHECKBOX_RID_SVX_MDLG_HANGULHANJA_CB_HANGUL_ONLY"/>Solo Hangul</text:p>
  <text:p text:style-name="Paragraph"><help:help-text value="visible">Selezionate questa casella per eseguire solo la conversione dei caratteri Hangul. I caratteri Hanja non verranno convertiti.</help:help-text></text:p>
  <text:p text:style-name="Head 3"><help:help-id value="SVX_CHECKBOX_RID_SVX_MDLG_HANGULHANJA_CB_HANJA_ONLY"/>Solo Hanja</text:p>
  <text:p text:style-name="Paragraph"><help:help-text value="visible">Selezionate questa casella per eseguire solo la conversione dei caratteri Hanja. I caratteri Hangul non verranno convertiti.</help:help-text></text:p>
  <text:p text:style-name="Head 2"><help:help-id value="HID_HANGULDLG_BUTTON_IGNORE"/>Ignora</text:p>
  <text:p text:style-name="Paragraph"><help:help-text value="visible">La selezione attiva non verrà modificata. Verranno selezionati per la conversione la parola o il carattere successivi.</help:help-text></text:p>
  <text:p text:style-name="Head 2"><help:help-id value="HID_HANGULDLG_BUTTON_IGNOREALL"/>Ignora tutto</text:p>
  <text:p text:style-name="Paragraph"><help:help-text value="visible">La selezione attiva non verrà modificata e verrà ignorata automaticamente anche nelle istanze successive.</help:help-text>Verranno selezionati per la conversione la parola o il carattere successivi. L&apos;elenco dei testi ignorati è valido solo per la sessione attiva di <help:productname>%PRODUCTNAME</help:productname>.</text:p>
  <text:p text:style-name="Head 2"><help:help-id value="HID_HANGULDLG_BUTTON_CHANGE"/>Sostituisci</text:p>
  <text:p text:style-name="Paragraph"><help:help-text value="visible">Sostituisce la selezione con i caratteri o con la parola proposti in base alle opzioni di formato impostate.</help:help-text>Verranno selezionati per la conversione la parola o il carattere successivi.</text:p>
  <text:p text:style-name="Head 2"><help:help-id value="HID_HANGULDLG_BUTTON_CHANGEALL"/>Sostituisci tutto</text:p>
  <text:p text:style-name="Paragraph"><help:help-text value="visible">Sostituisce la selezione con i caratteri o la parola proposti in base alle opzioni di formato impostate. Ogni volta che verrà trovata la stessa selezione, il testo verrà sostituito automaticamente.</help:help-text> Verranno selezionati per la conversione la parola o il carattere successivi. L&apos;elenco dei testi sostitutivi è valido solo per la sessione attiva di <help:productname>%PRODUCTNAME</help:productname>.</text:p>
  <text:p text:style-name="Head 3"><help:help-id value="SVX_CHECKBOX_RID_SVX_MDLG_HANGULHANJA_CB_REPLACE_BY_CHARACTER"/>Replace by character</text:p>
  <text:p text:style-name="Paragraph"><help:help-text value="visible">Selezionate questa casella per spostarvi carattere per carattere nel testo selezionato. Se questa opzione non è selezionata, la sostituzione viene eseguita su parole intere.</help:help-text></text:p>
  <text:p text:style-name="Head 2"><help:help-id value="HID_HANGULDLG_BUTTON_CLOSE"/>Chiudi</text:p>
  <text:p text:style-name="Paragraph"><help:help-text value="visible">Chiude la finestra di dialogo.</help:help-text></text:p>
 </office:body>
</office:document>
