

<office:document  xmlns:office="http://openoffice.org/2000/office" xmlns:style="http://openoffice.org/2000/style" xmlns:text="http://openoffice.org/2000/text" xmlns:table="http://openoffice.org/2000/table" xmlns:draw="http://openoffice.org/2000/drawing" xmlns:fo="http://www.w3.org/1999/XSL/Format" xmlns:xlink="http://www.w3.org/1999/xlink" xmlns:number="http://openoffice.org/2000/datastyle" xmlns:svg="http://www.w3.org/2000/svg" xmlns:chart="http://openoffice.org/2000/chart" xmlns:dr3d="http://openoffice.org/2000/dr3d" xmlns:math="http://www.w3.org/1998/Math/MathML" xmlns:form="http://openoffice.org/2000/form" xmlns:script="http://openoffice.org/2000/script" office:class="text" office:version="1.0" xmlns:dc="http://purl.org/dc/elements/1.1/" xmlns:meta="http://openoffice.org/2000/meta" xmlns:help="http://openoffice.org/2000/help">
<office:meta>
  <dc:description>text/common/02/01170103</dc:description>
  <dc:subject>事件</dc:subject>

  <dc:language>zh-TW</dc:language>
  <meta:user-defined meta:name="Info 0">READY</meta:user-defined>
  <meta:user-defined meta:name="Info 1">FREE_OK</meta:user-defined>
  <meta:user-defined meta:name="Info 2"/>
  <meta:user-defined meta:name="Info 3"/>
</office:meta>
 <office:script/>
 <office:font-decls>
  <style:font-decl style:name="StarSymbol" fo:font-family="StarSymbol" style:font-charset="x-symbol"/>
  <style:font-decl style:name="Courier New" fo:font-family="&apos;Courier New&apos;" style:font-style-name="Standard" style:font-family-generic="modern" style:font-pitch="fixed"/>
  <style:font-decl style:name="Courier" fo:font-family="Courier" style:font-family-generic="roman" style:font-pitch="fixed"/>
  <style:font-decl style:name="Andale WT UI3" fo:font-family="&apos;Andale WT UI&apos;" style:font-pitch="variable"/>
  <style:font-decl style:name="Arial Unicode MS" fo:font-family="&apos;Arial Unicode MS&apos;" style:font-pitch="variable"/>
  <style:font-decl style:name="HG Mincho Light J" fo:font-family="&apos;HG Mincho Light J&apos;" style:font-pitch="variable"/>
  <style:font-decl style:name="Andale WT UI" fo:font-family="&apos;Andale WT UI&apos;" style:font-style-name="Fett" style:font-family-generic="roman" style:font-pitch="variable"/>
  <style:font-decl style:name="Andale WT UI1" fo:font-family="&apos;Andale WT UI&apos;" style:font-style-name="Standard" style:font-family-generic="roman" style:font-pitch="variable"/>
  <style:font-decl style:name="Thorndale" fo:font-family="Thorndale" style:font-family-generic="roman" style:font-pitch="variable"/>
  <style:font-decl style:name="Times New Roman" fo:font-family="&apos;Times New Roman&apos;" style:font-style-name="Fett" style:font-family-generic="roman" style:font-pitch="variable"/>
  <style:font-decl style:name="Andale WT UI2" fo:font-family="&apos;Andale WT UI&apos;" style:font-family-generic="swiss" style:font-pitch="variable"/>
 </office:font-decls>
 <office:automatic-styles>
  <style:style style:name="P1" style:family="paragraph" style:parent-style-name="Paragraph" style:master-page-name="HTML">
   <style:properties style:page-number="0"/>
  </style:style>
  <style:style style:name="T1" style:family="text">
   <style:properties fo:font-weight="bold"/>
  </style:style>
 </office:automatic-styles>
 <office:body>
  <text:variable-decls>
   <text:variable-decl text:value-type="string" text:name="HTML_ON"/>
   <text:variable-decl text:value-type="string" text:name="HTML_OFF"/>
   <text:variable-decl text:value-type="string" text:name="TITEL"/>
   <text:variable-decl text:value-type="string" text:name="END"/>
   <text:variable-decl text:value-type="string" text:name="HelpID"/>
   <text:variable-decl text:value-type="string" text:name="NAME"/>
   <text:variable-decl text:value-type="string" text:name="HREF"/>
   <text:variable-decl text:value-type="string" text:name="MODIFY"/>
   <text:variable-decl text:value-type="string" text:name="REFNR"/>
   <text:variable-decl text:value-type="string" text:name="OS2"/>
   <text:variable-decl text:value-type="string" text:name="ELSE"/>
   <text:variable-decl text:value-type="string" text:name="INDEX"/>
   <text:variable-decl text:value-type="string" text:name="KEY"/>
   <text:variable-decl text:value-type="string" text:name="AKTHLP"/>
   <text:variable-decl text:value-type="string" text:name="HFELD"/>
   <text:variable-decl text:value-type="string" text:name="STYLE"/>
  </text:variable-decls>
  <text:sequence-decls>
   <text:sequence-decl text:display-outline-level="0" text:name="Illustration"/>
   <text:sequence-decl text:display-outline-level="0" text:name="Table"/>
   <text:sequence-decl text:display-outline-level="0" text:name="Text"/>
   <text:sequence-decl text:display-outline-level="0" text:name="Drawing"/>
  </text:sequence-decls>
  <help:to-be-embedded Eid="ereignisse">
  <text:p text:style-name="Head 1"><help:key-word value="控制項; 事件" tag="kw65940_1"/><help:key-word value="事件; 控制" tag="kw65940_3"/><help:key-word value="巨集; 控制項" tag="kw65940_2"/><help:link Id="65940">事件</help:link></text:p>
  <text:p text:style-name="Paragraph">在<text:span text:style-name="T1">[事件]</text:span>標籤頁上，您可以將巨集連結至在表單控制項欄位中發生的事件。</text:p>
  </help:to-be-embedded>
  <text:p text:style-name="Paragraph">此事件發生時，會呼叫連結的巨集。若要將巨集指定給事件，請按<text:span text:style-name="T1">[...]</text:span>按鈕。<help:switch select="Program"><help:case select="WRITER"><help:link Id="67665">[指定巨集]</help:link></help:case><help:default>對話方塊</help:default></help:switch>開啟。</text:p>
  <help:popup Id="65594" Eid="controleigenschaftenereignisse"><help:embedded Id="65598" Eid="wie"></help:embedded></help:popup>
  <text:p text:style-name="Paragraph">不同的控制項有不同的可用事件。在<text:span text:style-name="T1">[事件]</text:span>標籤頁上僅列出對於所選控制項和上下文可用的事件。下列事件被定義：</text:p>
  <text:p text:style-name="Head 2"><help:help-id value="HID_EVT_APPROVEACTIONPERFORMED"/>在動作之前</text:p>
  <text:p text:style-name="Paragraph"><help:help-text value="visible">此事件在按一下控制項而觸發的動作之前發生。</help:help-text>例如，按一下「提交」按鈕會執行一個傳送動作。但是，只有在<text:span text:style-name="T1">[在執行動作時]</text:span>事件發生後，才會真正開始執行「傳送」程序。<text:span text:style-name="T1">[在開始之前]</text:span>事件可以終止該程序。如果所連結的方法傳回 FALSE，則不會執行<text:span text:style-name="T1">[在執行動作時]</text:span>。</text:p>
  <text:p text:style-name="Head 2"><help:help-id value="HID_EVT_ACTIONPERFORMED"/>在動作時</text:p>
  <text:p text:style-name="Paragraph"><help:help-text value="visible">啟動某個動作時，<text:span text:style-name="T1">[在執行動作時]</text:span>事件發生。</help:help-text>例如，如果表單中含有「提交」按鈕，則傳送程序表示要執行的動作。</text:p>
  <text:p text:style-name="Head 2"><help:help-id value="HID_EVT_CHANGED"/>已經修改</text:p>
  <text:p text:style-name="Paragraph"><help:help-text value="visible">在控制項失去焦點，致使控制項的內容變更時，<text:span text:style-name="T1">[已經變更]</text:span>事件發生。</help:help-text></text:p>
  <text:p text:style-name="Head 2"><help:help-id value="HID_EVT_TEXTCHANGED"/>文字已經修改</text:p>
  <text:p text:style-name="Paragraph"><help:help-text value="visible">在您對輸入欄位輸入或修改文字時，<text:span text:style-name="T1">[文字已經變更]</text:span>事件發生。</help:help-text></text:p>
  <text:p text:style-name="Head 2"><help:help-id value="HID_EVT_ITEMSTATECHANGED"/>狀態已經變更</text:p>
  <text:p text:style-name="Paragraph"><help:help-text value="hide">如果控制項欄位的狀態已變更，則<text:span text:style-name="T1">[狀態已經變更]</text:span>事件發生。</help:help-text>如果控制項欄位的狀態已變更，則<text:span text:style-name="T1">[狀態已經變更]</text:span>事件發生。</text:p>
  <text:p text:style-name="Head 2"><help:help-id value="HID_EVT_FOCUSGAINED"/>在瞄準時</text:p>
  <text:p text:style-name="Paragraph"><help:help-text value="visible">當控制項欄位獲得焦點時，<text:span text:style-name="T1">[在獲得焦點時]</text:span>事件發生。</help:help-text></text:p>
  <text:p text:style-name="Head 2"><help:help-id value="HID_EVT_FOCUSLOST"/>在偏離目標時</text:p>
  <text:p text:style-name="Paragraph"><help:help-text value="visible">當控制項欄位失去焦點時，<text:span text:style-name="T1">[在失去焦點時]</text:span>事件發生。</help:help-text></text:p>
  <text:p text:style-name="Head 2"><help:help-id value="HID_EVT_KEYTYPED"/>在按下按鍵後</text:p>
  <text:p text:style-name="Paragraph"><help:help-text value="visible">如果使用者在控制項具有焦點時按任意鍵，則<text:span text:style-name="T1">[按住按鍵]</text:span>事件發生。</help:help-text>此事件可以連結至用於檢查條目的巨集。</text:p>
  <text:p text:style-name="Head 2"><help:help-id value="HID_EVT_KEYUP"/>放開按鍵</text:p>
  <text:p text:style-name="Paragraph"><help:help-text value="visible">在控制項對準控制單元時，如果使用者釋放任一鍵，則<text:span text:style-name="T1">[放開按鍵]</text:span>事件發生。</help:help-text></text:p>
  <text:p text:style-name="Head 2"><help:help-id value="HID_EVT_MOUSEENTERED"/>游標進入</text:p>
  <text:p text:style-name="Paragraph"><help:help-text value="visible">當滑鼠位於控制項欄位中時，<text:span text:style-name="T1">[滑鼠進入]</text:span>事件發生。</help:help-text></text:p>
  <text:p text:style-name="Head 2"><help:help-id value="HID_EVT_MOUSEDRAGGED"/>按下按鍵時游標移動</text:p>
  <text:p text:style-name="Paragraph"><help:help-text value="visible">按住某個鍵並拖曳滑鼠時，<text:span text:style-name="T1">[按住按鍵移動滑鼠]</text:span>事件發生。</help:help-text>例如，在拖放時，透過一個附加鍵來確定模式 (移動或複製)。</text:p>
  <text:p text:style-name="Head 2"><help:help-id value="HID_EVT_MOUSEMOVED"/>游標移動</text:p>
  <text:p text:style-name="Paragraph"><help:help-text value="visible">當滑鼠移到控制項上時，<text:span text:style-name="T1">[滑鼠移動]</text:span>事件發生。</help:help-text></text:p>
  <text:p text:style-name="Head 2"><help:help-id value="HID_EVT_MOUSEPRESSED"/>按住滑鼠鍵</text:p>
  <text:p text:style-name="Paragraph"><help:help-text value="visible">當滑鼠指標位於控制項上並按住滑鼠鍵時，<text:span text:style-name="T1">[按住滑鼠鍵]</text:span>事件發生。</help:help-text></text:p>
  <text:p text:style-name="Head 2"><help:help-id value="HID_EVT_MOUSERELEASED"/>放開滑鼠鍵</text:p>
  <text:p text:style-name="Paragraph"><help:help-text value="visible">當滑鼠指標位於控制項上並釋放滑鼠鍵時，<text:span text:style-name="T1">[釋放滑鼠鍵]</text:span>事件發生。</help:help-text></text:p>
  <text:p text:style-name="Head 2"><help:help-id value="HID_EVT_MOUSEEXITED"/>游標退出</text:p>
  <text:p text:style-name="Paragraph"><help:help-text value="visible">當滑鼠位於控制項欄位之外時，<text:span text:style-name="T1">[滑鼠結束]</text:span>事件發生。</help:help-text></text:p>
  <help:embedded Id="65913" Eid="reset_update"></help:embedded>
 </office:body>
</office:document>
