

<office:document  xmlns:office="http://openoffice.org/2000/office" xmlns:style="http://openoffice.org/2000/style" xmlns:text="http://openoffice.org/2000/text" xmlns:table="http://openoffice.org/2000/table" xmlns:draw="http://openoffice.org/2000/drawing" xmlns:fo="http://www.w3.org/1999/XSL/Format" xmlns:xlink="http://www.w3.org/1999/xlink" xmlns:number="http://openoffice.org/2000/datastyle" xmlns:svg="http://www.w3.org/2000/svg" xmlns:chart="http://openoffice.org/2000/chart" xmlns:dr3d="http://openoffice.org/2000/dr3d" xmlns:math="http://www.w3.org/1998/Math/MathML" xmlns:form="http://openoffice.org/2000/form" xmlns:script="http://openoffice.org/2000/script" office:class="text" office:version="1.0" xmlns:dc="http://purl.org/dc/elements/1.1/" xmlns:meta="http://openoffice.org/2000/meta" xmlns:help="http://openoffice.org/2000/help">
<office:meta>
  <dc:description>text/common/02/01170300</dc:description>
  <dc:subject>啟動順序</dc:subject>
  <meta:keywords>
   <meta:keyword>$Version</meta:keyword>
  </meta:keywords>
  <dc:language>zh-TW</dc:language>
  <meta:user-defined meta:name="Info 0">READY</meta:user-defined>
  <meta:user-defined meta:name="Info 1">FREE_OK</meta:user-defined>
  <meta:user-defined meta:name="Info 2"/>
  <meta:user-defined meta:name="Info 3"/>
</office:meta>
 <office:script/>
 <office:font-decls>
  <style:font-decl style:name="StarSymbol" fo:font-family="StarSymbol" style:font-charset="x-symbol"/>
  <style:font-decl style:name="Courier New" fo:font-family="&apos;Courier New&apos;" style:font-style-name="Standard" style:font-family-generic="modern" style:font-pitch="fixed"/>
  <style:font-decl style:name="Courier" fo:font-family="Courier" style:font-family-generic="roman" style:font-pitch="fixed"/>
  <style:font-decl style:name="Andale WT UI3" fo:font-family="&apos;Andale WT UI&apos;" style:font-pitch="variable"/>
  <style:font-decl style:name="Arial Unicode MS" fo:font-family="&apos;Arial Unicode MS&apos;" style:font-pitch="variable"/>
  <style:font-decl style:name="HG Mincho Light J" fo:font-family="&apos;HG Mincho Light J&apos;" style:font-pitch="variable"/>
  <style:font-decl style:name="Andale WT UI" fo:font-family="&apos;Andale WT UI&apos;" style:font-style-name="Fett" style:font-family-generic="roman" style:font-pitch="variable"/>
  <style:font-decl style:name="Andale WT UI1" fo:font-family="&apos;Andale WT UI&apos;" style:font-style-name="Standard" style:font-family-generic="roman" style:font-pitch="variable"/>
  <style:font-decl style:name="Thorndale" fo:font-family="Thorndale" style:font-family-generic="roman" style:font-pitch="variable"/>
  <style:font-decl style:name="Times New Roman" fo:font-family="&apos;Times New Roman&apos;" style:font-style-name="Fett" style:font-family-generic="roman" style:font-pitch="variable"/>
  <style:font-decl style:name="Andale WT UI2" fo:font-family="&apos;Andale WT UI&apos;" style:font-family-generic="swiss" style:font-pitch="variable"/>
 </office:font-decls>
 <office:automatic-styles>
  <style:style style:name="P1" style:family="paragraph" style:parent-style-name="Paragraph" style:master-page-name="HTML">
   <style:properties style:page-number="0"/>
  </style:style>
  <style:style style:name="T1" style:family="text">
   <style:properties fo:font-weight="bold"/>
  </style:style>
 </office:automatic-styles>
 <office:body>
  <text:variable-decls>
   <text:variable-decl text:value-type="string" text:name="HTML_ON"/>
   <text:variable-decl text:value-type="string" text:name="HTML_OFF"/>
   <text:variable-decl text:value-type="string" text:name="TITEL"/>
   <text:variable-decl text:value-type="string" text:name="END"/>
   <text:variable-decl text:value-type="string" text:name="HelpID"/>
   <text:variable-decl text:value-type="string" text:name="NAME"/>
   <text:variable-decl text:value-type="string" text:name="HREF"/>
   <text:variable-decl text:value-type="string" text:name="MODIFY"/>
   <text:variable-decl text:value-type="string" text:name="REFNR"/>
   <text:variable-decl text:value-type="string" text:name="AKTHLP"/>
   <text:variable-decl text:value-type="string" text:name="STYLE"/>
  </text:variable-decls>
  <text:sequence-decls>
   <text:sequence-decl text:display-outline-level="0" text:name="Illustration"/>
   <text:sequence-decl text:display-outline-level="0" text:name="Table"/>
   <text:sequence-decl text:display-outline-level="0" text:name="Text"/>
   <text:sequence-decl text:display-outline-level="0" text:name="Drawing"/>
  </text:sequence-decls>
  <help:to-be-embedded Eid="tabordner"><a name="tabordner"/>
  <text:p text:style-name="Head 1"><help:help-id value="SID_FM_TAB_DIALOG"/><help:link Id="66039">啟動順序</help:link></text:p>
  <text:p text:style-name="Paragraph"><help:to-be-embedded Eid="text"><help:help-text value="visible">在<text:span text:style-name="T1">[啟動順序]</text:span>對話方塊中，可以修改使用 TAB 鍵切換焦點時控制項欄位獲得焦點的順序。</help:help-text></help:to-be-embedded></text:p>
  </help:to-be-embedded>
  <help:popup Id="65594" Eid="tabordner"><help:embedded Id="65598" Eid="wie"></help:embedded></help:popup>
  <text:p text:style-name="Paragraph">如果在文件中插入了表單元素，則 <help:productname>%PRODUCTNAME</help:productname> 會自動確定使用 TAB 鍵時在各控制項之間移動的順序。每個新加入的控制項都將自動置於此系列的尾端。在<text:span text:style-name="T1">[啟動順序]</text:span>對話方塊中，可以依個人需要調整此系列的順序，</text:p>
  <text:p text:style-name="Paragraph">也可以在控制項之<text:span text:style-name="T1">[屬性]</text:span>對話方塊的<help:link Id="65921" Eid="reihenfolge"><text:span text:style-name="T1">[順序]</text:span></help:link>下輸入所需的數值，透過該控制項的特定屬性來定義其索引。</text:p>
  <text:p text:style-name="Paragraph">選取了單選按鈕時，它僅可透過 TAB 鍵來存取。如果您已設計了一組單選按鈕，且未選取任何一個，則使用者將無法透過鍵盤來存取此組單選按鈕或任一單選按鈕。</text:p>
  <text:p text:style-name="Head 2"><help:help-id value="HID_TABORDER_CONTROLS"/>控制單元</text:p>
  <text:p text:style-name="Paragraph"><help:help-text value="visible">列出表單中的所有控制項。可以透過 TAB 鍵來選取這些控制項。</help:help-text>從<text:span text:style-name="T1">[控制項]</text:span>清單中選取一個控制項，以在啟動順序中指定所需的位置。</text:p>
  <text:p text:style-name="Head 2"><help:help-id value="SVX_PUSHBUTTON_RID_SVXDLG_TAB_ORDER_PB_MOVE_UP"/>上移</text:p>
  <text:p text:style-name="Paragraph"><help:help-text value="visible">按一下<text:span text:style-name="T1">[上移]</text:span>按鈕，可以將選取的控制項在啟動順序中上移一個位置。</help:help-text></text:p>
  <text:p text:style-name="Head 2"><help:help-id value="SVX_PUSHBUTTON_RID_SVXDLG_TAB_ORDER_PB_MOVE_DOWN"/>下移</text:p>
  <text:p text:style-name="Paragraph"><help:help-text value="visible">按一下<text:span text:style-name="T1">[下移]</text:span>按鈕，可以將選取的控制項在啟動順序中下移一個位置。</help:help-text></text:p>
  <text:p text:style-name="Head 2"><help:help-id value="SVX_PUSHBUTTON_RID_SVXDLG_TAB_ORDER_PB_AUTO_ORDER"/>自動排序</text:p>
  <text:p text:style-name="Paragraph"><help:help-text value="visible">按一下<text:span text:style-name="T1">[自動排序]</text:span>按鈕，以依照控制項在文件中的位置對其自動排序。</help:help-text></text:p>
 </office:body>
</office:document>
