

<office:document  xmlns:office="http://openoffice.org/2000/office" xmlns:style="http://openoffice.org/2000/style" xmlns:text="http://openoffice.org/2000/text" xmlns:table="http://openoffice.org/2000/table" xmlns:draw="http://openoffice.org/2000/drawing" xmlns:fo="http://www.w3.org/1999/XSL/Format" xmlns:xlink="http://www.w3.org/1999/xlink" xmlns:number="http://openoffice.org/2000/datastyle" xmlns:svg="http://www.w3.org/2000/svg" xmlns:chart="http://openoffice.org/2000/chart" xmlns:dr3d="http://openoffice.org/2000/dr3d" xmlns:math="http://www.w3.org/1998/Math/MathML" xmlns:form="http://openoffice.org/2000/form" xmlns:script="http://openoffice.org/2000/script" office:class="text" office:version="1.0" xmlns:dc="http://purl.org/dc/elements/1.1/" xmlns:meta="http://openoffice.org/2000/meta" xmlns:help="http://openoffice.org/2000/help">
<office:meta>
  <dc:description>text/common/02/01170101</dc:description>
  <dc:subject>一般</dc:subject>

  <dc:language>zh-TW</dc:language>
  <meta:user-defined meta:name="Info 0">READY</meta:user-defined>
  <meta:user-defined meta:name="Info 1">FREE_OK</meta:user-defined>
  <meta:user-defined meta:name="Info 2"/>
  <meta:user-defined meta:name="Info 3"/>
</office:meta>
 <office:script/>
 <office:font-decls>
  <style:font-decl style:name="StarSymbol" fo:font-family="StarSymbol" style:font-charset="x-symbol"/>
  <style:font-decl style:name="Courier New" fo:font-family="&apos;Courier New&apos;" style:font-style-name="Standard" style:font-family-generic="modern" style:font-pitch="fixed"/>
  <style:font-decl style:name="Courier" fo:font-family="Courier" style:font-family-generic="roman" style:font-pitch="fixed"/>
  <style:font-decl style:name="Andale WT UI3" fo:font-family="&apos;Andale WT UI&apos;" style:font-pitch="variable"/>
  <style:font-decl style:name="Arial Unicode MS" fo:font-family="&apos;Arial Unicode MS&apos;" style:font-pitch="variable"/>
  <style:font-decl style:name="HG Mincho Light J" fo:font-family="&apos;HG Mincho Light J&apos;" style:font-pitch="variable"/>
  <style:font-decl style:name="Andale WT UI" fo:font-family="&apos;Andale WT UI&apos;" style:font-style-name="Fett" style:font-family-generic="roman" style:font-pitch="variable"/>
  <style:font-decl style:name="Andale WT UI1" fo:font-family="&apos;Andale WT UI&apos;" style:font-style-name="Standard" style:font-family-generic="roman" style:font-pitch="variable"/>
  <style:font-decl style:name="Thorndale" fo:font-family="Thorndale" style:font-family-generic="roman" style:font-pitch="variable"/>
  <style:font-decl style:name="Times New Roman" fo:font-family="&apos;Times New Roman&apos;" style:font-style-name="Fett" style:font-family-generic="roman" style:font-pitch="variable"/>
  <style:font-decl style:name="Andale WT UI2" fo:font-family="&apos;Andale WT UI&apos;" style:font-family-generic="swiss" style:font-pitch="variable"/>
 </office:font-decls>
 <office:automatic-styles>
  <style:style style:name="Tabelle15" style:family="table">
   <style:properties style:width="18cm" table:align="margins"/>
  </style:style>
  <style:style style:name="Tabelle15.A" style:family="table-column">
   <style:properties style:column-width="1.499cm" style:rel-column-width="5460*"/>
  </style:style>
  <style:style style:name="Tabelle15.B" style:family="table-column">
   <style:properties style:column-width="16.501cm" style:rel-column-width="60075*"/>
  </style:style>
  <style:style style:name="Tabelle15.1" style:family="table-row">
   <style:properties style:min-row-height="0.848cm"/>
  </style:style>
  <style:style style:name="Tabelle15.A1" style:family="table-cell">
   <style:properties fo:padding="0cm" fo:border="none"/>
  </style:style>
  <style:style style:name="Tabelle1" style:family="table">
   <style:properties style:width="18cm" table:align="margins"/>
  </style:style>
  <style:style style:name="Tabelle1.A" style:family="table-column">
   <style:properties style:column-width="2.699cm" style:rel-column-width="9828*"/>
  </style:style>
  <style:style style:name="Tabelle1.B" style:family="table-column">
   <style:properties style:column-width="15.302cm" style:rel-column-width="55707*"/>
  </style:style>
  <style:style style:name="Tabelle1.A1" style:family="table-cell">
   <style:properties fo:padding="0.049cm" fo:border-left="0.002cm solid #000000" fo:border-right="none" fo:border-top="0.002cm solid #000000" fo:border-bottom="0.002cm solid #000000"/>
  </style:style>
  <style:style style:name="Tabelle1.B1" style:family="table-cell">
   <style:properties fo:padding="0.049cm" fo:border="0.002cm solid #000000"/>
  </style:style>
  <style:style style:name="Tabelle1.A2" style:family="table-cell">
   <style:properties fo:padding="0.049cm" fo:border-left="0.002cm solid #000000" fo:border-right="none" fo:border-top="none" fo:border-bottom="0.002cm solid #000000"/>
  </style:style>
  <style:style style:name="Tabelle1.B2" style:family="table-cell">
   <style:properties fo:padding="0.049cm" fo:border-left="0.002cm solid #000000" fo:border-right="0.002cm solid #000000" fo:border-top="none" fo:border-bottom="0.002cm solid #000000"/>
  </style:style>
  <style:style style:name="Tabelle16" style:family="table">
   <style:properties style:width="18cm" table:align="margins"/>
  </style:style>
  <style:style style:name="Tabelle16.A" style:family="table-column">
   <style:properties style:column-width="1.499cm" style:rel-column-width="5460*"/>
  </style:style>
  <style:style style:name="Tabelle16.B" style:family="table-column">
   <style:properties style:column-width="16.501cm" style:rel-column-width="60075*"/>
  </style:style>
  <style:style style:name="Tabelle16.1" style:family="table-row">
   <style:properties style:min-row-height="0.848cm"/>
  </style:style>
  <style:style style:name="Tabelle16.A1" style:family="table-cell">
   <style:properties fo:padding="0cm" fo:border="none"/>
  </style:style>
  <style:style style:name="Tabelle6" style:family="table">
   <style:properties style:width="18cm" table:align="margins"/>
  </style:style>
  <style:style style:name="Tabelle6.A" style:family="table-column">
   <style:properties style:column-width="1.499cm" style:rel-column-width="5460*"/>
  </style:style>
  <style:style style:name="Tabelle6.B" style:family="table-column">
   <style:properties style:column-width="16.501cm" style:rel-column-width="60075*"/>
  </style:style>
  <style:style style:name="Tabelle6.1" style:family="table-row">
   <style:properties style:min-row-height="0.848cm"/>
  </style:style>
  <style:style style:name="Tabelle6.A1" style:family="table-cell">
   <style:properties fo:padding="0cm" fo:border="none"/>
  </style:style>
  <style:style style:name="Tabelle11" style:family="table">
   <style:properties style:width="18cm" table:align="margins"/>
  </style:style>
  <style:style style:name="Tabelle11.A" style:family="table-column">
   <style:properties style:column-width="1.499cm" style:rel-column-width="5460*"/>
  </style:style>
  <style:style style:name="Tabelle11.B" style:family="table-column">
   <style:properties style:column-width="16.501cm" style:rel-column-width="60075*"/>
  </style:style>
  <style:style style:name="Tabelle11.1" style:family="table-row">
   <style:properties style:min-row-height="0.848cm"/>
  </style:style>
  <style:style style:name="Tabelle11.A1" style:family="table-cell">
   <style:properties fo:padding="0cm" fo:border="none"/>
  </style:style>
  <style:style style:name="Tabelle12" style:family="table">
   <style:properties style:width="17.995cm" fo:margin-left="0cm" fo:margin-right="0.005cm" table:align="margins"/>
  </style:style>
  <style:style style:name="Tabelle12.A" style:family="table-column">
   <style:properties style:column-width="2.088cm" style:rel-column-width="7607*"/>
  </style:style>
  <style:style style:name="Tabelle12.B" style:family="table-column">
   <style:properties style:column-width="15.907cm" style:rel-column-width="57928*"/>
  </style:style>
  <style:style style:name="Tabelle12.A1" style:family="table-cell">
   <style:properties fo:padding="0.049cm" fo:border-left="0.002cm solid #000000" fo:border-right="none" fo:border-top="0.002cm solid #000000" fo:border-bottom="0.002cm solid #000000"/>
  </style:style>
  <style:style style:name="Tabelle12.B1" style:family="table-cell">
   <style:properties fo:padding="0.049cm" fo:border="0.002cm solid #000000"/>
  </style:style>
  <style:style style:name="Tabelle12.A2" style:family="table-cell">
   <style:properties fo:padding="0.049cm" fo:border-left="0.002cm solid #000000" fo:border-right="none" fo:border-top="none" fo:border-bottom="0.002cm solid #000000"/>
  </style:style>
  <style:style style:name="Tabelle12.B2" style:family="table-cell">
   <style:properties fo:padding="0.049cm" fo:border-left="0.002cm solid #000000" fo:border-right="0.002cm solid #000000" fo:border-top="none" fo:border-bottom="0.002cm solid #000000"/>
  </style:style>
  <style:style style:name="Tabelle3" style:family="table">
   <style:properties style:width="18cm" table:align="margins"/>
  </style:style>
  <style:style style:name="Tabelle3.A" style:family="table-column">
   <style:properties style:column-width="2.434cm" style:rel-column-width="8864*"/>
  </style:style>
  <style:style style:name="Tabelle3.B" style:family="table-column">
   <style:properties style:column-width="15.566cm" style:rel-column-width="56671*"/>
  </style:style>
  <style:style style:name="Tabelle3.A1" style:family="table-cell">
   <style:properties fo:padding="0.049cm" fo:border-left="0.002cm solid #000000" fo:border-right="none" fo:border-top="0.002cm solid #000000" fo:border-bottom="0.002cm solid #000000"/>
  </style:style>
  <style:style style:name="Tabelle3.B1" style:family="table-cell">
   <style:properties fo:padding="0.049cm" fo:border="0.002cm solid #000000"/>
  </style:style>
  <style:style style:name="Tabelle3.A2" style:family="table-cell">
   <style:properties fo:padding="0.049cm" fo:border-left="0.002cm solid #000000" fo:border-right="none" fo:border-top="none" fo:border-bottom="0.002cm solid #000000"/>
  </style:style>
  <style:style style:name="Tabelle3.B2" style:family="table-cell">
   <style:properties fo:padding="0.049cm" fo:border-left="0.002cm solid #000000" fo:border-right="0.002cm solid #000000" fo:border-top="none" fo:border-bottom="0.002cm solid #000000"/>
  </style:style>
  <style:style style:name="Tabelle17" style:family="table">
   <style:properties style:width="18cm" table:align="margins"/>
  </style:style>
  <style:style style:name="Tabelle17.A" style:family="table-column">
   <style:properties style:column-width="1.499cm" style:rel-column-width="5460*"/>
  </style:style>
  <style:style style:name="Tabelle17.B" style:family="table-column">
   <style:properties style:column-width="16.501cm" style:rel-column-width="60075*"/>
  </style:style>
  <style:style style:name="Tabelle17.1" style:family="table-row">
   <style:properties style:min-row-height="0.848cm"/>
  </style:style>
  <style:style style:name="Tabelle17.A1" style:family="table-cell">
   <style:properties fo:padding="0cm" fo:border="none"/>
  </style:style>
  <style:style style:name="Tabelle19" style:family="table">
   <style:properties style:width="18cm" table:align="margins"/>
  </style:style>
  <style:style style:name="Tabelle19.A" style:family="table-column">
   <style:properties style:column-width="1.499cm" style:rel-column-width="5460*"/>
  </style:style>
  <style:style style:name="Tabelle19.B" style:family="table-column">
   <style:properties style:column-width="16.501cm" style:rel-column-width="60075*"/>
  </style:style>
  <style:style style:name="Tabelle19.1" style:family="table-row">
   <style:properties style:min-row-height="0.848cm"/>
  </style:style>
  <style:style style:name="Tabelle19.A1" style:family="table-cell">
   <style:properties fo:padding="0cm" fo:border="none"/>
  </style:style>
  <style:style style:name="Tabelle18" style:family="table">
   <style:properties style:width="18cm" table:align="margins"/>
  </style:style>
  <style:style style:name="Tabelle18.A" style:family="table-column">
   <style:properties style:column-width="1.499cm" style:rel-column-width="5460*"/>
  </style:style>
  <style:style style:name="Tabelle18.B" style:family="table-column">
   <style:properties style:column-width="16.501cm" style:rel-column-width="60075*"/>
  </style:style>
  <style:style style:name="Tabelle18.1" style:family="table-row">
   <style:properties style:min-row-height="0.848cm"/>
  </style:style>
  <style:style style:name="Tabelle18.A1" style:family="table-cell">
   <style:properties fo:padding="0cm" fo:border="none"/>
  </style:style>
  <style:style style:name="Tabelle9" style:family="table">
   <style:properties style:width="18cm" table:align="margins"/>
  </style:style>
  <style:style style:name="Tabelle9.A" style:family="table-column">
   <style:properties style:column-width="1.499cm" style:rel-column-width="5460*"/>
  </style:style>
  <style:style style:name="Tabelle9.B" style:family="table-column">
   <style:properties style:column-width="16.501cm" style:rel-column-width="60075*"/>
  </style:style>
  <style:style style:name="Tabelle9.1" style:family="table-row">
   <style:properties style:min-row-height="0.848cm"/>
  </style:style>
  <style:style style:name="Tabelle9.A1" style:family="table-cell">
   <style:properties fo:padding="0cm" fo:border="none"/>
  </style:style>
  <style:style style:name="Tabelle10" style:family="table">
   <style:properties style:width="18cm" table:align="margins"/>
  </style:style>
  <style:style style:name="Tabelle10.A" style:family="table-column">
   <style:properties style:column-width="1.499cm" style:rel-column-width="5460*"/>
  </style:style>
  <style:style style:name="Tabelle10.B" style:family="table-column">
   <style:properties style:column-width="16.501cm" style:rel-column-width="60075*"/>
  </style:style>
  <style:style style:name="Tabelle10.1" style:family="table-row">
   <style:properties style:min-row-height="0.848cm"/>
  </style:style>
  <style:style style:name="Tabelle10.A1" style:family="table-cell">
   <style:properties fo:padding="0cm" fo:border="none"/>
  </style:style>
  <style:style style:name="Tabelle20" style:family="table">
   <style:properties style:width="18cm" table:align="margins"/>
  </style:style>
  <style:style style:name="Tabelle20.A" style:family="table-column">
   <style:properties style:column-width="1.499cm" style:rel-column-width="5460*"/>
  </style:style>
  <style:style style:name="Tabelle20.B" style:family="table-column">
   <style:properties style:column-width="16.501cm" style:rel-column-width="60075*"/>
  </style:style>
  <style:style style:name="Tabelle20.1" style:family="table-row">
   <style:properties style:min-row-height="0.848cm"/>
  </style:style>
  <style:style style:name="Tabelle20.A1" style:family="table-cell">
   <style:properties fo:padding="0cm" fo:border="none"/>
  </style:style>
  <style:style style:name="Tabelle14" style:family="table">
   <style:properties style:width="18cm" table:align="margins"/>
  </style:style>
  <style:style style:name="Tabelle14.A" style:family="table-column">
   <style:properties style:column-width="1.499cm" style:rel-column-width="5460*"/>
  </style:style>
  <style:style style:name="Tabelle14.B" style:family="table-column">
   <style:properties style:column-width="16.501cm" style:rel-column-width="60075*"/>
  </style:style>
  <style:style style:name="Tabelle14.1" style:family="table-row">
   <style:properties style:min-row-height="0.848cm"/>
  </style:style>
  <style:style style:name="Tabelle14.A1" style:family="table-cell">
   <style:properties fo:padding="0cm" fo:border="none"/>
  </style:style>
  <style:style style:name="Tabelle4" style:family="table">
   <style:properties style:width="17.995cm" fo:margin-left="0cm" fo:margin-right="0.005cm" table:align="margins"/>
  </style:style>
  <style:style style:name="Tabelle4.A" style:family="table-column">
   <style:properties style:column-width="2.512cm" style:rel-column-width="9150*"/>
  </style:style>
  <style:style style:name="Tabelle4.B" style:family="table-column">
   <style:properties style:column-width="15.483cm" style:rel-column-width="56385*"/>
  </style:style>
  <style:style style:name="Tabelle4.A1" style:family="table-cell">
   <style:properties fo:padding="0.049cm" fo:border-left="0.002cm solid #000000" fo:border-right="none" fo:border-top="0.002cm solid #000000" fo:border-bottom="0.002cm solid #000000"/>
  </style:style>
  <style:style style:name="Tabelle4.B1" style:family="table-cell">
   <style:properties fo:padding="0.049cm" fo:border="0.002cm solid #000000"/>
  </style:style>
  <style:style style:name="Tabelle4.A2" style:family="table-cell">
   <style:properties fo:padding="0.049cm" fo:border-left="0.002cm solid #000000" fo:border-right="none" fo:border-top="none" fo:border-bottom="0.002cm solid #000000"/>
  </style:style>
  <style:style style:name="Tabelle4.B2" style:family="table-cell">
   <style:properties fo:padding="0.049cm" fo:border-left="0.002cm solid #000000" fo:border-right="0.002cm solid #000000" fo:border-top="none" fo:border-bottom="0.002cm solid #000000"/>
  </style:style>
  <style:style style:name="Tabelle8" style:family="table">
   <style:properties style:width="18cm" table:align="margins"/>
  </style:style>
  <style:style style:name="Tabelle8.A" style:family="table-column">
   <style:properties style:column-width="1.499cm" style:rel-column-width="5460*"/>
  </style:style>
  <style:style style:name="Tabelle8.B" style:family="table-column">
   <style:properties style:column-width="16.501cm" style:rel-column-width="60075*"/>
  </style:style>
  <style:style style:name="Tabelle8.1" style:family="table-row">
   <style:properties style:min-row-height="0.848cm"/>
  </style:style>
  <style:style style:name="Tabelle8.A1" style:family="table-cell">
   <style:properties fo:padding="0cm" fo:border="none"/>
  </style:style>
  <style:style style:name="Tabelle2" style:family="table">
   <style:properties style:width="18cm" table:align="margins"/>
  </style:style>
  <style:style style:name="Tabelle2.A" style:family="table-column">
   <style:properties style:column-width="1.499cm" style:rel-column-width="5460*"/>
  </style:style>
  <style:style style:name="Tabelle2.B" style:family="table-column">
   <style:properties style:column-width="16.501cm" style:rel-column-width="60075*"/>
  </style:style>
  <style:style style:name="Tabelle2.1" style:family="table-row">
   <style:properties style:min-row-height="0.848cm"/>
  </style:style>
  <style:style style:name="Tabelle2.A1" style:family="table-cell">
   <style:properties fo:padding="0cm" fo:border="none"/>
  </style:style>
  <style:style style:name="Tabelle5" style:family="table">
   <style:properties style:width="18cm" table:align="margins"/>
  </style:style>
  <style:style style:name="Tabelle5.A" style:family="table-column">
   <style:properties style:column-width="1.499cm" style:rel-column-width="5460*"/>
  </style:style>
  <style:style style:name="Tabelle5.B" style:family="table-column">
   <style:properties style:column-width="16.501cm" style:rel-column-width="60075*"/>
  </style:style>
  <style:style style:name="Tabelle5.1" style:family="table-row">
   <style:properties style:min-row-height="0.848cm"/>
  </style:style>
  <style:style style:name="Tabelle5.A1" style:family="table-cell">
   <style:properties fo:padding="0cm" fo:border="none"/>
  </style:style>
  <style:style style:name="Tabelle13" style:family="table">
   <style:properties style:width="18cm" table:align="margins"/>
  </style:style>
  <style:style style:name="Tabelle13.A" style:family="table-column">
   <style:properties style:column-width="1.499cm" style:rel-column-width="5460*"/>
  </style:style>
  <style:style style:name="Tabelle13.B" style:family="table-column">
   <style:properties style:column-width="16.501cm" style:rel-column-width="60075*"/>
  </style:style>
  <style:style style:name="Tabelle13.1" style:family="table-row">
   <style:properties style:min-row-height="0.848cm"/>
  </style:style>
  <style:style style:name="Tabelle13.A1" style:family="table-cell">
   <style:properties fo:padding="0cm" fo:border="none"/>
  </style:style>
  <style:style style:name="Tabelle7" style:family="table">
   <style:properties style:width="18cm" table:align="margins"/>
  </style:style>
  <style:style style:name="Tabelle7.A" style:family="table-column">
   <style:properties style:column-width="1.499cm" style:rel-column-width="5460*"/>
  </style:style>
  <style:style style:name="Tabelle7.B" style:family="table-column">
   <style:properties style:column-width="16.501cm" style:rel-column-width="60075*"/>
  </style:style>
  <style:style style:name="Tabelle7.1" style:family="table-row">
   <style:properties style:min-row-height="0.848cm"/>
  </style:style>
  <style:style style:name="Tabelle7.A1" style:family="table-cell">
   <style:properties fo:padding="0cm" fo:border="none"/>
  </style:style>
  <style:style style:name="P1" style:family="paragraph" style:parent-style-name="Paragraph" style:master-page-name="HTML">
   <style:properties style:page-number="0"/>
  </style:style>
  <style:style style:name="P2" style:family="paragraph" style:parent-style-name="Paragraph">
   <style:properties fo:font-weight="bold"/>
  </style:style>
  <style:style style:name="T1" style:family="text">
   <style:properties fo:font-weight="bold"/>
  </style:style>
  <style:style style:name="fr1" style:family="graphics" style:parent-style-name="Graphics">
   <style:properties fo:margin-left="0cm" fo:margin-right="0cm" fo:margin-top="0cm" fo:margin-bottom="0cm" style:run-through="foreground" style:wrap="run-through" style:vertical-pos="middle" style:vertical-rel="paragraph" style:horizontal-pos="left" style:horizontal-rel="paragraph" style:mirror="none" fo:clip="rect(0cm 0cm 0cm 0cm)" draw:luminance="0%" draw:contrast="0%" draw:red="0%" draw:green="0%" draw:blue="0%" draw:gamma="1" draw:color-inversion="false" draw:transparency="-100%" draw:color-mode="standard"/>
  </style:style>
 </office:automatic-styles>
 <office:body>
  <office:forms form:automatic-focus="false" form:apply-design-mode="true">
   <form:form form:name="Standard" form:command-type="table" form:service-name="com.sun.star.form.component.Form" office:target-frame="" xlink:href="">
    <form:properties>
     <form:property form:property-name="MaxRows" form:property-type="int">
      <form:property-value>0</form:property-value>
     </form:property>
     <form:property form:property-name="URL" form:property-type="string">
      <form:property-value/>
     </form:property>
     <form:property form:property-name="UpdateCatalogName" form:property-type="string">
      <form:property-value/>
     </form:property>
     <form:property form:property-name="UpdateSchemaName" form:property-type="string">
      <form:property-value/>
     </form:property>
     <form:property form:property-name="UpdateTableName" form:property-type="string">
      <form:property-value/>
     </form:property>
    </form:properties>
   </form:form>
  </office:forms>
  <text:variable-decls>
   <text:variable-decl text:value-type="string" text:name="HTML_ON"/>
   <text:variable-decl text:value-type="string" text:name="HTML_OFF"/>
   <text:variable-decl text:value-type="string" text:name="TITEL"/>
   <text:variable-decl text:value-type="string" text:name="END"/>
   <text:variable-decl text:value-type="string" text:name="HelpID"/>
   <text:variable-decl text:value-type="string" text:name="NAME"/>
   <text:variable-decl text:value-type="string" text:name="HREF"/>
   <text:variable-decl text:value-type="string" text:name="MODIFY"/>
   <text:variable-decl text:value-type="string" text:name="REFNR"/>
   <text:variable-decl text:value-type="string" text:name="OS2"/>
   <text:variable-decl text:value-type="string" text:name="ELSE"/>
   <text:variable-decl text:value-type="string" text:name="AKTHLP"/>
   <text:variable-decl text:value-type="string" text:name="WIN"/>
   <text:variable-decl text:value-type="string" text:name="UNIX"/>
   <text:variable-decl text:value-type="string" text:name="INDEX"/>
   <text:variable-decl text:value-type="string" text:name="MAC"/>
   <text:variable-decl text:value-type="string" text:name="STYLE"/>
  </text:variable-decls>
  <text:sequence-decls>
   <text:sequence-decl text:display-outline-level="0" text:name="Illustration"/>
   <text:sequence-decl text:display-outline-level="0" text:name="Table"/>
   <text:sequence-decl text:display-outline-level="0" text:name="Text"/>
   <text:sequence-decl text:display-outline-level="0" text:name="Drawing"/>
  </text:sequence-decls>
  <help:to-be-embedded Eid="allgemein">
  <text:p text:style-name="Head 1"><help:link Id="65921">一般</help:link></text:p>
  <text:p text:style-name="Paragraph"><text:span text:style-name="T1">[一般]</text:span>標籤允許您定義表單控制項的一般屬性。這些屬性依控制項類型而有所不同。每個控制項並非都具有下列屬性。</text:p>
  </help:to-be-embedded>
  <help:popup Id="65594" Eid="controleigenschaftenallgemein"><help:embedded Id="65598" Eid="wie"></help:embedded></help:popup>
  <table:table table:name="Tabelle15" table:style-name="Tabelle15">
   <table:table-column table:style-name="Tabelle15.A"/>
   <table:table-column table:style-name="Tabelle15.B"/>
   <table:table-header-rows>
    <table:table-row table:style-name="Tabelle15.1">
     <table:table-cell table:style-name="Tabelle15.A1" table:value-type="string">
      <text:p text:style-name="Paragraph"><draw:image draw:name="圖示0" svg:desc="備註圖示" svg:pixelx="32" svg:pixely="32" svg:width="0.847cm" svg:height="0.847cm" xlink:href="65980" draw:filter-name=""/></text:p>

     </table:table-cell>
     <table:table-cell table:style-name="Tabelle15.A1" table:value-type="string">
      <text:p text:style-name="Paragraph">在 HTML 匯出中，總是匯出相關的標準值，而不是實際的目前值。依控制項類型的不同，標準值由屬性中的<help:link Id="65921" Eid="defaultwert">標準值</help:link> (例如在文字欄位中)、<help:link Id="65921" Eid="defaultan">標準狀態</help:link> (對於核取方塊和選項按鈕而言) 和<help:link Id="65921" Eid="defaultselektion">標準選擇</help:link> (對於清單方塊而言) 來確定。</text:p>
     </table:table-cell>
    </table:table-row>
   </table:table-header-rows>
  </table:table>
  <text:p text:style-name="Head 2"><help:help-id value="HID_PROP_ENABLED"/>使用中</text:p>
  <text:p text:style-name="Paragraph"><help:help-text value="visible">如果某個控制項欄位的「使用中」屬性為[是]，則表單使用者可以使用該控制欄位。</help:help-text>如果停用該屬性，即「使用中」屬性為[否]，則控制項欄位將呈灰色顯示。</text:p>
  <text:p text:style-name="Head 2"><help:help-id value="HID_PROP_LINECOUNT"/><a name="anzahlderzeilen"/>列數</text:p>
  <text:p text:style-name="Paragraph"><help:help-text value="hide">指定下拉式清單中要顯示的行數。只有您在「可擴展」選項中選擇「是」後，此設定才處於使用中。</help:help-text>對於含有<help:link Id="65921" Eid="aufklappbar">可擴展</help:link>屬性的組合方塊，可以指定下拉式清單中應顯示的行數。對於不含有[可擴展]選項的控制項欄位，行的顯示將由控制項欄位的大小和字型大小來指定。</text:p>
  <text:p text:style-name="Head 2"><help:help-id value="HID_PROP_BUTTONTYPE"/><a name="artderschaltflaeche"/>按鈕類型</text:p>
  <text:p text:style-name="Paragraph"><help:help-text value="hide">按鈕類型決定了應開始執行的動作類型。</help:help-text>按鈕類型決定了應開始執行的動作類型。例如，按鈕可以傳送檔案，或重設自訂的控制項欄位。標準值在各個按鈕的特殊屬性對話方塊中設定。</text:p>
  <text:p text:style-name="Paragraph">會有下述的類型和動作：</text:p>
  <table:table table:name="Tabelle1" table:style-name="Tabelle1">
   <table:table-column table:style-name="Tabelle1.A"/>
   <table:table-column table:style-name="Tabelle1.B"/>
   <table:table-header-rows>
    <table:table-row>
     <table:table-cell table:style-name="Tabelle1.A1" table:value-type="string">
      <text:p text:style-name="TableHead">類型</text:p>
     </table:table-cell>
     <table:table-cell table:style-name="Tabelle1.B1" table:value-type="string">
      <text:p text:style-name="TableHead">動作</text:p>
     </table:table-cell>
    </table:table-row>
   </table:table-header-rows>
   <table:table-row>
    <table:table-cell table:style-name="Tabelle1.A2" table:value-type="string">
     <text:p text:style-name="TextInTable">Push</text:p>
    </table:table-cell>
    <table:table-cell table:style-name="Tabelle1.B2" table:value-type="string">
     <text:p text:style-name="TextInTable">這個按鈕將不會刪除任何動作。</text:p>
    </table:table-cell>
   </table:table-row>
   <table:table-row>
    <table:table-cell table:style-name="Tabelle1.A2" table:value-type="string">
     <text:p text:style-name="TextInTable">Reset</text:p>
    </table:table-cell>
    <table:table-cell table:style-name="Tabelle1.B2" table:value-type="string">
     <text:p text:style-name="TextInTable">透過這個按鈕可以將在其他控制項中所執行的設定還原至預設的默認值 (<help:link Id="65921" Eid="defaultan">「標準狀態」</help:link>、<help:link Id="65921" Eid="defaultselektion">「標準選取」</help:link>、<help:link Id="65921" Eid="defaultwert">默認值</help:link>)。因此，使用者可以將表單中不符合標準設定的變更復原。</text:p>
    </table:table-cell>
   </table:table-row>
   <table:table-row>
    <table:table-cell table:style-name="Tabelle1.A2" table:value-type="string">
     <text:p text:style-name="TextInTable">Submit</text:p>
    </table:table-cell>
    <table:table-cell table:style-name="Tabelle1.B2" table:value-type="string">
     <text:p text:style-name="TextInTable">啟動<text:span text:style-name="T1">[提交]</text:span>將傳送在目前表單的其他控制項欄位中輸入的資料。收件者位址在<help:link Id="65960">表單屬性</help:link>中的<help:link Id="65948" Eid="url"><text:span text:style-name="T1">[URL]</text:span></help:link>下指定。</text:p>
    </table:table-cell>
   </table:table-row>
   <table:table-row>
    <table:table-cell table:style-name="Tabelle1.A2" table:value-type="string">
     <text:p text:style-name="TextInTable">URL</text:p>
    </table:table-cell>
    <table:table-cell table:style-name="Tabelle1.B2" table:value-type="string">
     <text:p text:style-name="TextInTable">啟動<text:span text:style-name="T1">[URL]</text:span>將呼叫 URL。捷徑位址在<help:link Id="65921" Eid="url"><text:span text:style-name="T1">[URL]</text:span></help:link>下指定。在<help:link Id="65921" Eid="frame"><text:span text:style-name="T1">[訊框]</text:span></help:link>下，可以定義目標文字方塊。</text:p>
    </table:table-cell>
   </table:table-row>
  </table:table>
  <table:table table:name="Tabelle16" table:style-name="Tabelle16">
   <table:table-column table:style-name="Tabelle16.A"/>
   <table:table-column table:style-name="Tabelle16.B"/>
   <table:table-header-rows>
    <table:table-row table:style-name="Tabelle16.1">
     <table:table-cell table:style-name="Tabelle16.A1" table:value-type="string">
      <text:p text:style-name="Paragraph"><draw:image draw:name="圖示1" svg:desc="備註圖示" svg:pixelx="32" svg:pixely="32" svg:width="0.847cm" svg:height="0.847cm" xlink:href="65980" draw:filter-name=""/></text:p>

     </table:table-cell>
     <table:table-cell table:style-name="Tabelle16.A1" table:value-type="string">
      <text:p text:style-name="Paragraph">在 HTML 文件中可使用上述按鈕。<text:span text:style-name="T1">「類型」</text:span>屬性在資料庫表單下將不會有任何作用。</text:p>
     </table:table-cell>
    </table:table-row>
   </table:table-header-rows>
  </table:table>
  <text:p text:style-name="Head 2"><help:help-id value="HID_PROP_DROPDOWN"/><a name="aufklappbar"/>可擴展</text:p>
  <text:p text:style-name="Paragraph"><help:help-text value="hide">指定組合方塊應為可擴展 (是) 或不可擴展 (否)。</help:help-text>具有可擴展屬性的控制項欄位含有一個附加箭頭按鈕，用滑鼠按一下該按鈕將開啟一個清單，其中列出了現有的表單條目。在<help:link Id="65921" Eid="anzahlderzeilen"><text:span text:style-name="T1">[行數]</text:span></help:link>中，可以指定處於可擴展狀態時顯示的行 (或列) 數。組合欄位可以具有可擴展屬性。</text:p>
  <text:p text:style-name="Paragraph">當作欄在表格控制項中所插入的組合方塊可在標準狀態下擴展。</text:p>
  <text:p text:style-name="Head 2"><help:help-id value="HID_PROP_ALIGN"/>對齊</text:p>
  <text:p text:style-name="Paragraph"><help:help-text value="hide">指定對齊選項。</help:help-text>許多控制項都具有<text:span text:style-name="T1">[對齊]</text:span>屬性。選取選項之一，以指定文字是向左對齊、向右對齊還是置中對齊。對於貼標欄位，對齊選項針對欄位標題；對於文字欄位，對齊選項針對其內容；對於表格控制項的欄，對齊選項針對表格欄位的內容 (資料)；對於按鈕，對齊是指與文字一起插入的圖形或者代替文字插入的圖形之對齊。</text:p>
  <text:p text:style-name="Head 2"><help:help-id value="HID_PROP_AUTOCOMPLETE"/>自動完成</text:p>
  <text:p text:style-name="Paragraph"><help:help-text value="hide">指定組合方塊是否要具有自動完成功能。</help:help-text>指定組合方塊是否要具有自動完成功能。啟用自動完成功能後，您可在鍵入條目時，從清單中選擇現有的條目。</text:p>
  <text:p text:style-name="Head 2"><help:help-id value="HID_PROP_CONTROLLABEL"/>標籤欄位</text:p>
  <text:p text:style-name="Paragraph"><help:help-text value="visible">指定控制項貼標的來源。</help:help-text>貼標欄位的文字會插入找到來源資料庫欄位名稱的任何位置，例如，在<text:span text:style-name="T1">[篩選助手]</text:span>和<text:span text:style-name="T1">[搜尋]</text:span>對話方塊中，以及在表格檢視中作為欄名稱。</text:p>
  <text:p text:style-name="Paragraph">若要將標籤的一個字元定義為助憶符號，以便使用者可以按鍵盤上的該字元來存取該控制項，請在該標籤中該字元前插入波浪號 (~) 字元。</text:p>
  <text:p text:style-name="Paragraph">只有群組方塊的文字會在選項欄位 (圓形按鈕) 下允許為標籤欄位。這個文字適用於相同群組的所有選項欄位。</text:p>
  <text:p text:style-name="Paragraph">若是在文字欄位旁的<text:span text:style-name="T1">「...」</text:span>上按一下，則會顯示<text:span text:style-name="T1">「選擇標籤欄位」</text:span>對話方塊。您可以在此從控制項的清單中選取一個控制項。</text:p>
  <text:p text:style-name="Paragraph"><help:help-id value="PCR_CHECKBOX_RID_DLG_SELECTLABELCONTROL_1"/><help:help-text value="visible">移除<text:span text:style-name="T1">[不指定]</text:span>欄位的標記，否則無法將控制項指定為貼標欄位。</help:help-text>可以透過此欄位移除貼標欄位的捷徑。</text:p>
  <text:p text:style-name="Head 2"><help:help-id value="HID_PROP_WIDTH"/>寬度</text:p>
  <text:p text:style-name="Paragraph"><help:help-text value="hide">設定表格控制項欄位中的欄寬 (以英吋為單位)。</help:help-text>設定表格控制項欄位中的欄寬 (以英吋為單位)。</text:p>
  <text:p text:style-name="Head 2"><help:help-id value="HID_PROP_RECORDMARKER"/>資料標記</text:p>
  <text:p text:style-name="Paragraph"><help:help-text value="visible">指定是否在第一欄中顯示列貼標，列貼標中用小箭頭顯示目前的資料條目。</help:help-text></text:p>
  <text:p text:style-name="Head 2"><help:help-id value="HID_PROP_DATEFORMAT"/>日期格式</text:p>
  <text:p text:style-name="Paragraph"><help:help-text value="hide">在此可以針對日期顯示設定所需的格式。</help:help-text>您可以在日期欄位下針對日期顯示設定所需的格式。</text:p>
  <table:table table:name="Tabelle6" table:style-name="Tabelle6">
   <table:table-column table:style-name="Tabelle6.A"/>
   <table:table-column table:style-name="Tabelle6.B"/>
   <table:table-header-rows>
    <table:table-row table:style-name="Tabelle6.1">
     <table:table-cell table:style-name="Tabelle6.A1" table:value-type="string">
      <text:p text:style-name="Paragraph"><draw:image draw:name="圖示2" svg:desc="備註圖示" svg:pixelx="32" svg:pixely="32" svg:width="0.847cm" svg:height="0.847cm" xlink:href="65980" draw:filter-name=""/></text:p>

     </table:table-cell>
     <table:table-cell table:style-name="Tabelle6.A1" table:value-type="string">
      <text:p text:style-name="Paragraph"><help:to-be-embedded Eid="hinweis">系統會透過在此所選取的格式來格式化全部的格式欄位 (日期、時間、貨幣、數字)，而不受使用者以什麼樣的格式來執行輸入的影響。</help:to-be-embedded></text:p>
     </table:table-cell>
    </table:table-row>
   </table:table-header-rows>
  </table:table>
  <text:p text:style-name="Head 2"><help:help-id value="HID_PROP_SPIN"/>調節方塊</text:p>
  <text:p text:style-name="Paragraph"><help:help-text value="hide">若是選取「是」，則可以從控制項中取得一個具有箭頭按鈕的調節方塊。</help:help-text>可以將數字欄位、貨幣欄位、日期和時間欄位當作調節方塊插入表單中。</text:p>
  <text:p text:style-name="Head 2"><help:help-id value="HID_PROP_TRISTATE"/>三重狀態</text:p>
  <text:p text:style-name="Paragraph"><help:help-text value="visible">指定核取方塊除了表示所連結資料庫的 TRUE 和 FALSE 值以外，是否也可以表示 ZERO 值。</help:help-text>只有在資料庫接受 TRUE、FALSE 和 ZERO 這三種狀態時，此功能才可用。</text:p>
  <table:table table:name="Tabelle11" table:style-name="Tabelle11">
   <table:table-column table:style-name="Tabelle11.A"/>
   <table:table-column table:style-name="Tabelle11.B"/>
   <table:table-header-rows>
    <table:table-row table:style-name="Tabelle11.1">
     <table:table-cell table:style-name="Tabelle11.A1" table:value-type="string">
      <text:p text:style-name="Paragraph"><draw:image draw:name="圖示3" svg:desc="備註圖示" svg:pixelx="32" svg:pixely="32" svg:width="0.847cm" svg:height="0.847cm" xlink:href="65980" draw:filter-name=""/></text:p>

     </table:table-cell>
     <table:table-cell table:style-name="Tabelle11.A1" table:value-type="string">
      <text:p text:style-name="Paragraph"><text:span text:style-name="T1">[三重狀態]</text:span>屬性僅為資料庫表單而不是為 HTML 表單定義的。</text:p>
     </table:table-cell>
    </table:table-row>
   </table:table-header-rows>
  </table:table>
  <text:p text:style-name="Head 2"><help:help-id value="HID_PROP_PRINTABLE"/>列印</text:p>
  <text:p text:style-name="Paragraph"><help:help-text value="visible">指定是否在文件的列印輸出中顯示控制項欄位。</help:help-text></text:p>
  <text:p text:style-name="Head 2"><help:help-id value="HID_PROP_EDITMASK"/><a name="eingabemaske"/>輸入遮罩</text:p>
  <text:p text:style-name="Paragraph"><help:help-text value="hide">定義編輯遮罩。透過指定字元碼，您可以決定使用者在控制項欄位中可以輸入的內容。</help:help-text>透過指定圖案欄位中的字元碼，您可以決定使用者在圖案欄位中可以輸入的內容。</text:p>
  <text:p text:style-name="Paragraph">編輯遮罩的長度決定了可能的輸入位置之數目。如果使用者輸入的字元與編輯遮罩不一致，則在離開該欄位時，系統會拒絕輸入的內容。可以輸入以下字元來定義編輯遮罩：</text:p>
  <table:table table:name="Tabelle12" table:style-name="Tabelle12">
   <table:table-column table:style-name="Tabelle12.A"/>
   <table:table-column table:style-name="Tabelle12.B"/>
   <table:table-header-rows>
    <table:table-row>
     <table:table-cell table:style-name="Tabelle12.A1" table:value-type="string">
      <text:p text:style-name="TableHead">字元</text:p>
     </table:table-cell>
     <table:table-cell table:style-name="Tabelle12.B1" table:value-type="string">
      <text:p text:style-name="TableHead">涵義</text:p>
     </table:table-cell>
    </table:table-row>
   </table:table-header-rows>
   <table:table-row>
    <table:table-cell table:style-name="Tabelle12.A2" table:value-type="string">
     <text:p text:style-name="TextInTable">L</text:p>
    </table:table-cell>
    <table:table-cell table:style-name="Tabelle12.B2" table:value-type="string">
     <text:p text:style-name="TextInTable">一個文字常數。無法編輯這個位置。字元會顯示在<help:link Id="65921" Eid="zeichenmaske">「字元遮罩」</help:link>的對應位置上。</text:p>
    </table:table-cell>
   </table:table-row>
   <table:table-row>
    <table:table-cell table:style-name="Tabelle12.A2" table:value-type="string">
     <text:p text:style-name="TextInTable">a</text:p>
    </table:table-cell>
    <table:table-cell table:style-name="Tabelle12.B2" table:value-type="string">
     <text:p text:style-name="TextInTable">可以輸入的字元為 a-z 和 A-Z。不會將大寫字母字元轉換成小寫字母字元。</text:p>
    </table:table-cell>
   </table:table-row>
   <table:table-row>
    <table:table-cell table:style-name="Tabelle12.A2" table:value-type="string">
     <text:p text:style-name="TextInTable">A</text:p>
    </table:table-cell>
    <table:table-cell table:style-name="Tabelle12.B2" table:value-type="string">
     <text:p text:style-name="TextInTable">在這個位置上可以輸入字元 a-z。若是指定小寫字母，則會自動轉換為大寫。</text:p>
    </table:table-cell>
   </table:table-row>
   <table:table-row>
    <table:table-cell table:style-name="Tabelle12.A2" table:value-type="string">
     <text:p text:style-name="TextInTable">c</text:p>
    </table:table-cell>
    <table:table-cell table:style-name="Tabelle12.B2" table:value-type="string">
     <text:p text:style-name="TextInTable">可以輸入的字元為 a-z、A-Z 和 0-9。不會將大寫字母字元轉換成小寫字母字元。</text:p>
    </table:table-cell>
   </table:table-row>
   <table:table-row>
    <table:table-cell table:style-name="Tabelle12.A2" table:value-type="string">
     <text:p text:style-name="TextInTable">C</text:p>
    </table:table-cell>
    <table:table-cell table:style-name="Tabelle12.B2" table:value-type="string">
     <text:p text:style-name="TextInTable">在這個位置上可以指定字元 a-z 和 0-9。若是指定小寫字母，則會自動轉換為大寫。</text:p>
    </table:table-cell>
   </table:table-row>
   <table:table-row>
    <table:table-cell table:style-name="Tabelle12.A2" table:value-type="string">
     <text:p text:style-name="TextInTable">N</text:p>
    </table:table-cell>
    <table:table-cell table:style-name="Tabelle12.B2" table:value-type="string">
     <text:p text:style-name="TextInTable">只可指定字元 0-9。</text:p>
    </table:table-cell>
   </table:table-row>
   <table:table-row>
    <table:table-cell table:style-name="Tabelle12.A2" table:value-type="string">
     <text:p text:style-name="TextInTable">x</text:p>
    </table:table-cell>
    <table:table-cell table:style-name="Tabelle12.B2" table:value-type="string">
     <text:p text:style-name="TextInTable">可以指定所有可列印的字元。</text:p>
    </table:table-cell>
   </table:table-row>
   <table:table-row>
    <table:table-cell table:style-name="Tabelle12.A2" table:value-type="string">
     <text:p text:style-name="TextInTable">X</text:p>
    </table:table-cell>
    <table:table-cell table:style-name="Tabelle12.B2" table:value-type="string">
     <text:p text:style-name="TextInTable">可以指定所有可列印的字元。若是指定小寫字母，則會自動轉換為大寫。</text:p>
    </table:table-cell>
   </table:table-row>
  </table:table>
  <text:p text:style-name="Paragraph">例如，針對字元遮罩「_.__.2000」和輸入遮罩「NLNNLLLLL」定義，以便讓使用者針對日期輸入四個字元。</text:p>
  <text:p text:style-name="Head 2"><help:help-id value="HID_PROP_STRICTFORMAT"/>檢查格式</text:p>
  <text:p text:style-name="Paragraph">可以對接受已格式化的內容 (日期、時間等) 之控制項欄位進行格式檢查。<help:help-text value="visible">如果嚴謹的格式功能已啟動 (是)，則僅接受允許的字元。</help:help-text>例如，在日期欄位中，只接受數字或日期分割元，忽略所有用鍵盤鍵入的字母表條目。</text:p>
  <text:p text:style-name="Head 2"><help:help-id value="HID_PROP_TARGET_FRAME"/><a name="frame"/>訊框</text:p>
  <text:p text:style-name="Paragraph"><help:help-text value="hide">對於「URL」按鈕類型，指定用於顯示已開啟訊框的目標文字方塊。</help:help-text>在用於載入 URL (<help:link Id="65921" Eid="artderschaltflaeche">URL 類型</help:link>) 的按鈕中，輸入用於顯示已開啟訊框的目標文字方塊。在<help:link Id="65921" Eid="url"><text:span text:style-name="T1">[URL]</text:span></help:link>下輸入 URL 位址。</text:p>
  <help:to-be-embedded Eid="fuerformulareigenschaft">
  <text:p text:style-name="Paragraph">如果按一下該欄位，可以從清單中選取某個選項，以指定用於載入下一個文件的訊框。存在以下幾種可能：</text:p>
  <table:table table:name="Tabelle3" table:style-name="Tabelle3">
   <table:table-column table:style-name="Tabelle3.A"/>
   <table:table-column table:style-name="Tabelle3.B"/>
   <table:table-header-rows>
    <table:table-row>
     <table:table-cell table:style-name="Tabelle3.A1" table:value-type="string">
      <text:p text:style-name="TableHead">條目</text:p>
     </table:table-cell>
     <table:table-cell table:style-name="Tabelle3.B1" table:value-type="string">
      <text:p text:style-name="TableHead">涵義</text:p>
     </table:table-cell>
    </table:table-row>
   </table:table-header-rows>
   <table:table-row>
    <table:table-cell table:style-name="Tabelle3.A2" table:value-type="string">
     <text:p text:style-name="TextInTable">_blank</text:p>
    </table:table-cell>
    <table:table-cell table:style-name="Tabelle3.B2" table:value-type="string">
     <text:p text:style-name="TextInTable">會在一個新的空白訊框中建立下一個文件。</text:p>
    </table:table-cell>
   </table:table-row>
   <table:table-row>
    <table:table-cell table:style-name="Tabelle3.A2" table:value-type="string">
     <text:p text:style-name="TextInTable">_parent</text:p>
    </table:table-cell>
    <table:table-cell table:style-name="Tabelle3.B2" table:value-type="string">
     <text:p text:style-name="TextInTable">會在父項中，也就是上一層訊框中，建立下一個文件。若是沒有父項，則便會在同一個訊框中建立文件。</text:p>
    </table:table-cell>
   </table:table-row>
   <table:table-row>
    <table:table-cell table:style-name="Tabelle3.A2" table:value-type="string">
     <text:p text:style-name="TextInTable">_self</text:p>
    </table:table-cell>
    <table:table-cell table:style-name="Tabelle3.B2" table:value-type="string">
     <text:p text:style-name="TextInTable">會在相同訊框中建立下一個文件</text:p>
    </table:table-cell>
   </table:table-row>
   <table:table-row>
    <table:table-cell table:style-name="Tabelle3.A2" table:value-type="string">
     <text:p text:style-name="TextInTable">_top</text:p>
    </table:table-cell>
    <table:table-cell table:style-name="Tabelle3.B2" table:value-type="string">
     <text:p text:style-name="TextInTable">會在上層視窗中，也就是階層式中的最上層訊框中，建立下一個文件。若是起始視窗已位在上層視窗中，則便會在相同訊框中建立文件。</text:p>
    </table:table-cell>
   </table:table-row>
  </table:table>
  </help:to-be-embedded>
  <table:table table:name="Tabelle17" table:style-name="Tabelle17">
   <table:table-column table:style-name="Tabelle17.A"/>
   <table:table-column table:style-name="Tabelle17.B"/>
   <table:table-header-rows>
    <table:table-row table:style-name="Tabelle17.1">
     <table:table-cell table:style-name="Tabelle17.A1" table:value-type="string">
      <text:p text:style-name="Paragraph"><draw:image draw:name="圖示4" svg:desc="備註圖示" svg:pixelx="32" svg:pixely="32" svg:width="0.847cm" svg:height="0.847cm" xlink:href="65980" draw:filter-name=""/></text:p>

     </table:table-cell>
     <table:table-cell table:style-name="Tabelle17.A1" table:value-type="string">
      <text:p text:style-name="Paragraph"><text:span text:style-name="T1">[訊框]</text:span>屬性與 HTML 表單有關，而與資料庫表單無關。</text:p>
     </table:table-cell>
    </table:table-row>
   </table:table-header-rows>
  </table:table>
  <text:p text:style-name="Head 2"><help:help-id value="HID_PROP_IMAGE_URL"/>圖形</text:p>
  <text:p text:style-name="Paragraph">圖示按鈕具有<text:span text:style-name="T1">圖形</text:span>屬性。<help:help-text value="visible"><text:span text:style-name="T1">圖形</text:span>屬性指定要在此按鈕上所顯示圖形的路徑和檔案名稱。</help:help-text>如果您用<text:span text:style-name="T1">[...]</text:span>按鈕選取圖形檔案，則其路徑和檔案名稱將會自動包含在此文字方塊中。</text:p>
  <text:p text:style-name="Head 2"><help:help-id value="HID_PROP_HARDLINEBREAKS"/>手動換列</text:p>
  <text:p text:style-name="Paragraph"><help:help-text value="hide">允許對多行欄位進行手動換行。</help:help-text>允許對多行欄位進行手動換行。只有在<text:span text:style-name="T1">[多行輸入]</text:span>下選擇「是」時，<text:span text:style-name="T1">[手動換行]</text:span>屬性才可用。</text:p>
  <text:p text:style-name="Head 2"><help:help-id value="HID_PROP_HELPTEXT"/><a name="hilfetext"/>說明文字</text:p>
  <text:p text:style-name="Paragraph"><help:help-text value="visible">提供用於輸入說明文字的選項，這些文字將作為提示顯示在控制項上。</help:help-text>在使用者模式中，當滑鼠指標移至該控制項上時，提示文字就會顯示。</text:p>
  <text:p text:style-name="Paragraph">說明文字會在<help:link Id="65921" Eid="artderschaltflaeche">「URL」類型</help:link>的按鈕下，替代在 <help:link Id="65921" Eid="url">URL</help:link> 下所輸入的 URL 地址而顯示為提示說明。</text:p>
  <text:p text:style-name="Head 2"><help:help-id value="HID_PROP_HELPURL"/>URL 說明</text:p>
  <text:p text:style-name="Paragraph"><help:help-text value="visible">在 URL 拼寫檢查中指定批次貼標，該批次貼標涉及說明文件，並可借助控制項欄位進行呼叫。</help:help-text>將焦點置於控制項欄位上並按 F1 鍵，即可開啟對控制項欄位說明的說明。</text:p>
  <text:p text:style-name="Head 2"><help:help-id value="HID_PROP_BACKGROUNDCOLOR"/>背景顏色</text:p>
  <text:p text:style-name="Paragraph"><help:help-text value="hide">設定控制項欄位的背景顏色。</help:help-text>大多數控制項欄位都可以設定背景顏色。按一下<text:span text:style-name="T1">[背景顏色]</text:span>將開啟一個清單，您可以在其中選取各種顏色。「標準」選項採用系統設定。如果清單中未列出所需的顏色，請按一下<text:span text:style-name="T1">[...]</text:span>按鈕，以在<help:link Id="66284"><text:span text:style-name="T1">[顏色]</text:span></help:link>對話方塊中定義顏色。</text:p>
  <text:p text:style-name="Head 2"><help:help-id value="HID_PROP_HSCROLL"/><a name="horizontalerscrollbar"/>水平捲動軸</text:p>
  <text:p text:style-name="Paragraph"><help:help-text value="hide">指定文字方塊是否應含有水平捲軸。</help:help-text>文字方塊可含有<help:link Id="65921" Eid="vertikalerscrollbar">垂直</help:link>捲軸和水平捲軸。如果希望文字方塊含有水平捲軸，請在<text:span text:style-name="T1">[水平向捲軸]</text:span>屬性中選取「是」。</text:p>
  <text:p text:style-name="Head 2"><help:help-id value="HID_PROP_VALUESTEP"/>差異值</text:p>
  <text:p text:style-name="Paragraph"><help:help-text value="hide">確定微調方塊的間隔。</help:help-text>可以預先設定數值微調方塊和貨幣微調方塊中的數值間隔。可以使用微調方塊的箭頭按鈕來增減數值。</text:p>
  <text:p text:style-name="Head 2"><help:help-id value="HID_PROP_STRINGITEMLIST"/><a name="listeneintraege"/>清單項目</text:p>
  <text:p text:style-name="Paragraph"><help:help-text value="hide">定義在文件中顯示的清單條目。開啟此清單並鍵入文字。</help:help-text>對於清單方塊和組合方塊，可以定義將在文件中顯示的清單條目。開啟<text:span text:style-name="T1">[清單條目]</text:span>欄位並鍵入文字。請注意涉及條目控制項和鍵盤的<help:link Id="65962" Eid="spezialfelder">提示</help:link>。</text:p>
  <text:p text:style-name="Paragraph">在<text:span text:style-name="T1">[標準]組合方塊</text:span>中輸入預先定義的標準清單條目。</text:p>
  <table:table table:name="Tabelle19" table:style-name="Tabelle19">
   <table:table-column table:style-name="Tabelle19.A"/>
   <table:table-column table:style-name="Tabelle19.B"/>
   <table:table-header-rows>
    <table:table-row table:style-name="Tabelle19.1">
     <table:table-cell table:style-name="Tabelle19.A1" table:value-type="string">
      <text:p text:style-name="Paragraph"><draw:image draw:name="圖示5" svg:desc="備註圖示" svg:pixelx="32" svg:pixely="32" svg:width="0.847cm" svg:height="0.847cm" xlink:href="65980" draw:filter-name=""/></text:p>

     </table:table-cell>
     <table:table-cell table:style-name="Tabelle19.A1" table:value-type="string">
      <text:p text:style-name="Paragraph">請注意，只有在<text:span text:style-name="T1">[資料]</text:span>標籤的<text:span text:style-name="T1">[清單內容的類型]</text:span>下選取了「數值清單」選項時，此處輸入的清單條目才會加入表單中。</text:p>
     </table:table-cell>
    </table:table-row>
   </table:table-header-rows>
  </table:table>
  <text:p text:style-name="Paragraph">如果要為清單條目指定表單中未顯示的數值，而不是將清單條目寫入到資料庫或傳送給 Web 表單的收件者，則可以為清單條目指定數值清單中的其他數值。數值清單在<help:link Id="65983"><text:span text:style-name="T1">[資料]</text:span></help:link>標籤中確定。在<text:span text:style-name="T1">[清單內容的類型]</text:span>下選取「數值清單」選項，然後在<text:span text:style-name="T1">[清單內容]</text:span>下輸入數值，這些數值會指定給在表單中顯示的相應清單條目。若要正確指定，請依數值清單中的順序進行。</text:p>
  <table:table table:name="Tabelle18" table:style-name="Tabelle18">
   <table:table-column table:style-name="Tabelle18.A"/>
   <table:table-column table:style-name="Tabelle18.B"/>
   <table:table-header-rows>
    <table:table-row table:style-name="Tabelle18.1">
     <table:table-cell table:style-name="Tabelle18.A1" table:value-type="string">
      <text:p text:style-name="Paragraph"><draw:image draw:name="圖示6" svg:desc="備註圖示" svg:pixelx="32" svg:pixely="32" svg:width="0.847cm" svg:height="0.847cm" xlink:href="65980" draw:filter-name=""/></text:p>

     </table:table-cell>
     <table:table-cell table:style-name="Tabelle18.A1" table:value-type="string">
      <text:p text:style-name="Paragraph">在<text:span text:style-name="T1">「一般」</text:span>選項標籤中所輸入的清單項目在 HTML 文件下等於 HTML 標籤 &lt;OPTION&gt;，在<text:span text:style-name="T1">「清單內容」</text:span>下的<text:span text:style-name="T1">「資料」</text:span>選項標籤中所輸入的數值清單條目則等於標籤 &lt;OPTION VALUE=...&gt;。</text:p>
     </table:table-cell>
    </table:table-row>
   </table:table-header-rows>
  </table:table>
  <text:p text:style-name="Head 2"><help:help-id value="HID_PROP_DATEMAX"/>最長日期</text:p>
  <text:p text:style-name="Paragraph"><help:help-text value="hide">確定一個日期，以限定使用者輸入的數值不得超過此日期。</help:help-text>確定一個日期，以限定使用者輸入的數值不得超過此日期。</text:p>
  <text:p text:style-name="Head 2"><help:help-id value="HID_PROP_MAXTEXTLEN"/>最長的文字</text:p>
  <text:p text:style-name="Paragraph"><help:help-text value="hide">定義使用者可以輸入的最多字元數。</help:help-text>對於文字方塊和組合方塊，可以定義使用者能夠輸入的最多字元數。如果此控制項欄位屬性不確定，則標準設定值將為零。</text:p>
  <text:p text:style-name="Paragraph">若是控制項和資料庫連結，且應從資料庫的欄位定義中套用文字長度，則您不可以在此執行任何文字長度。如果沒有定義控制項屬性 (「位決定」狀況)，則只會從資料庫中套用這個設定。</text:p>
  <text:p text:style-name="Head 2"><help:help-id value="HID_PROP_VALUEMAX"/><help:help-id value="HID_PROP_EFFECTIVEMAX"/>最大數值</text:p>
  <text:p text:style-name="Paragraph"><help:help-text value="hide">為控制項欄位定義一個值，以限定使用者輸入的值不得超過此值。</help:help-text>對於數值欄位和貨幣欄位，可以確定使用者能夠輸入的最大值。</text:p>
  <text:p text:style-name="Head 2"><help:help-id value="HID_PROP_TIMEMAX"/>最長時間</text:p>
  <text:p text:style-name="Paragraph"><help:help-text value="hide">確定一個時間，以限定使用者輸入的值不得超過此時間。</help:help-text>確定一個時間，以限定使用者輸入的值不得超過此時間。</text:p>
  <text:p text:style-name="Head 2"><help:help-id value="HID_PROP_MULTISELECTION"/>多重選取</text:p>
  <text:p text:style-name="Paragraph"><help:help-text value="hide">確定是否允許選擇多個條目。</help:help-text>對於清單方塊，可以確定使用者是否能夠選取多個條目。</text:p>
  <text:p text:style-name="Head 2"><help:help-id value="HID_PROP_MULTILINE"/>多行</text:p>
  <text:p text:style-name="Paragraph"><help:help-text value="hide">確定控制項欄位是否接受換行。啟用<text:span text:style-name="T1">[多行輸入]</text:span>後，文字以多行顯示。</help:help-text>對於文字方塊和貼標，可以設定多行文字顯示。按 ENTER 鍵可以換行，到達控制項欄位的邊框處時也會自動換行。依標準，<text:span text:style-name="T1">[多行輸入]</text:span>處於停用狀態。</text:p>
  <text:p text:style-name="Head 2"><help:help-id value="HID_PROP_DATEMIN"/>最短日期</text:p>
  <text:p text:style-name="Paragraph"><help:help-text value="hide">確定使用者可以輸入的最早日期。</help:help-text>確定使用者可以輸入的最早日期。</text:p>
  <text:p text:style-name="Head 2"><help:help-id value="HID_PROP_VALUEMIN"/><help:help-id value="HID_PROP_EFFECTIVEMIN"/>最小數值</text:p>
  <text:p text:style-name="Paragraph"><help:help-text value="hide">&gt;可在此針對控制項設定數值，在使用者輸入時，不可以早於這個日期。藉此可以禁止使用者輸入較小的數值。</help:help-text>您可以針對數字和貨幣欄位，透過最小值的預設來決定使用者不可以輸入比此最小值小的數值。</text:p>
  <text:p text:style-name="Head 2"><help:help-id value="HID_PROP_TIMEMIN"/>最短時間</text:p>
  <text:p text:style-name="Paragraph"><help:help-text value="hide">確定使用者可以輸入的最小時間。</help:help-text>確定使用者可以輸入的最小時間。</text:p>
  <text:p text:style-name="Head 2"><help:help-id value="HID_PROP_DECIMAL_ACCURACY"/>小數點位數</text:p>
  <text:p text:style-name="Paragraph"><help:help-text value="hide">確定小數點右側顯示的數字位數。</help:help-text>對於數值欄位和貨幣欄位，可以確定小數點右側顯示的數字位數。</text:p>
  <table:table table:name="Tabelle9" table:style-name="Tabelle9">
   <table:table-column table:style-name="Tabelle9.A"/>
   <table:table-column table:style-name="Tabelle9.B"/>
   <table:table-header-rows>
    <table:table-row table:style-name="Tabelle9.1">
     <table:table-cell table:style-name="Tabelle9.A1" table:value-type="string">
      <text:p text:style-name="Paragraph"><draw:image draw:name="圖示7" svg:desc="備註圖示" svg:pixelx="32" svg:pixely="32" svg:width="0.847cm" svg:height="0.847cm" xlink:href="65980" draw:filter-name=""/></text:p>

     </table:table-cell>
     <table:table-cell table:style-name="Tabelle9.A1" table:value-type="string">
      <help:embedded Id="65921" Eid="hinweis"></help:embedded>
     </table:table-cell>
    </table:table-row>
   </table:table-header-rows>
  </table:table>
  <text:p text:style-name="Head 2"><help:help-id value="HID_PROP_NAME"/><a name="name"/>名稱</text:p>
  <text:p text:style-name="Paragraph"><help:help-text value="hide">在<text:span text:style-name="T1">[屬性]</text:span>標籤頁上，指定此控制項欄位的名稱。在<text:span text:style-name="T1">[表單屬性]</text:span>標籤頁上，指定此表單的名稱。</help:help-text>每個控制項欄位和每個表單都有<text:span text:style-name="T1">名稱</text:span>屬性，透過該屬性可以識別它們。此名稱將出現在<help:link Id="65950">[表單助手]</help:link>中，使用此名稱，可以從巨集中參照該控制項欄位。在標準設定中，已經輸入了名稱。該控制項欄位由其名稱來指定，其名稱由該欄位的標籤和號碼構成。</text:p>
  <table:table table:name="Tabelle10" table:style-name="Tabelle10">
   <table:table-column table:style-name="Tabelle10.A"/>
   <table:table-column table:style-name="Tabelle10.B"/>
   <table:table-header-rows>
    <table:table-row table:style-name="Tabelle10.1">
     <table:table-cell table:style-name="Tabelle10.A1" table:value-type="string">
      <text:p text:style-name="Paragraph"><draw:image draw:name="圖示8" svg:desc="備註圖示" svg:pixelx="32" svg:pixely="32" svg:width="0.847cm" svg:height="0.847cm" xlink:href="65980" draw:filter-name=""/></text:p>

     </table:table-cell>
     <table:table-cell table:style-name="Tabelle10.A1" table:value-type="string">
      <text:p text:style-name="Paragraph">如果和巨集一起執行，則注意，控制項的名稱要明確。</text:p>
     </table:table-cell>
    </table:table-row>
   </table:table-header-rows>
  </table:table>
  <text:p text:style-name="Paragraph"><a name="gruppierung"/><help:key-word value="控制項; 群組" tag="kw65921_1"/><help:key-word value="群組; 控制項" tag="kw65921_6"/><help:key-word value="表單; 群組控制項" tag="kw65921_5"/>此名稱也用於群組功能相同的不同控制項，例如，單選按鈕。若要如此，請為此群組中的所有成員賦予同一名稱：具有等同名稱的控制項形成一個群組。使用<help:link Id="66036" Eid="gruppierungsrahmen">群組方塊</help:link>可以直觀地表示已分組的控制項。</text:p>
  <text:p text:style-name="Head 2"><help:help-id value="HID_PROP_NAVIGATIONBAR"/>瀏覽位址列</text:p>
  <text:p text:style-name="Paragraph"><help:help-text value="hide">指定是否在表格控制項的下邊框上顯示瀏覽列。</help:help-text>指定是否在表格控制項的下邊框上顯示瀏覽列。</text:p>
  <text:p text:style-name="Head 2"><help:help-id value="HID_PROP_READONLY"/>唯讀</text:p>
  <text:p text:style-name="Paragraph"><help:help-text value="hide">決定此控制項是唯讀 (是)，還是可編輯 (否)。</help:help-text><text:span text:style-name="T1">唯讀</text:span>屬性可以指定給使用者可在其中輸入文字的所有控制項。如果您將唯讀屬性指定給從資料庫獲取圖形的影像欄位，則使用者將無法將新的圖形插入此資料庫中。</text:p>
  <text:p text:style-name="Head 2"><help:help-id value="HID_PROP_BORDER"/>文字方塊</text:p>
  <text:p text:style-name="Paragraph"><help:help-text value="hide">確定欄位的邊框類型 (「無框」、「3D 顯示」、「平面」)。</help:help-text>對於含有訊框的控制項欄位，可以使用<text:span text:style-name="T1">[邊框]</text:span>屬性來確定表單中的邊框顯示。可以選取的選項有「無框」、「3D 顯示」和「平面」。</text:p>
  <text:p text:style-name="Head 2"><help:help-id value="HID_PROP_TABINDEX"/><a name="reihenfolge"/>順序</text:p>
  <text:p text:style-name="Paragraph"><help:help-text value="visible">如果執行定位鍵鍵，則<text:span text:style-name="T1">「順序」</text:span>屬性可設定順序，可在這個順序中注重表單中的控制項。</help:help-text>若有多個控制項對齊一個表單，則按一下定位鍵鍵便會移動下一個控制項的焦點。您可以透過一個在<text:span text:style-name="T1">順序</text:span>下所指定的索引決定發生這件事的順序。應該含有焦點之第一控制項的索引為 1。</text:p>
  <table:table table:name="Tabelle20" table:style-name="Tabelle20">
   <table:table-column table:style-name="Tabelle20.A"/>
   <table:table-column table:style-name="Tabelle20.B"/>
   <table:table-header-rows>
    <table:table-row table:style-name="Tabelle20.1">
     <table:table-cell table:style-name="Tabelle20.A1" table:value-type="string">
      <text:p text:style-name="Paragraph"><draw:image draw:name="圖示9" svg:desc="備註圖示" svg:pixelx="32" svg:pixely="32" svg:width="0.847cm" svg:height="0.847cm" xlink:href="65980" draw:filter-name=""/></text:p>

     </table:table-cell>
     <table:table-cell table:style-name="Tabelle20.A1" table:value-type="string">
      <text:p text:style-name="Paragraph"><help:link Id="65950" Eid="hiddencontrol">隱入的控制項</help:link>不具有<text:span text:style-name="T1">順序</text:span>屬性。依標準，無法透過 TAB 鍵選取影像按鈕和影像控制項，但為存取方便，您可以設定此屬性。</text:p>
     </table:table-cell>
    </table:table-row>
   </table:table-header-rows>
  </table:table>
  <text:p text:style-name="Paragraph">在建立表單時，新增至這個表單的控制項會自動指定索引，其中每個新增的控制項都會含有一個高一級的索引。如果變更控制項的索引，則會自動更新剩餘控制項的索引。無法對准的項目 (<help:link Id="65921" Eid="tabstop">定位鍵</help:link> = 否) 同時也會被指定一個數值。然而會在執行定位鍵鍵跳過這個控制項。</text:p>
  <text:p text:style-name="Paragraph">您也可以在<help:link Id="66039"><text:span text:style-name="T1">「啟動順序」</text:span></help:link>對話方塊中決定不同控制項的索引。</text:p>
  <text:p text:style-name="Head 2"><help:help-id value="HID_PROP_REFVALUE"/><a name="referenzwert"/>參照值</text:p>
  <text:p text:style-name="Paragraph"><help:help-text value="hide">可以輸入 Web 表單的參照值。傳送表單時，該值將傳送至伺服器。在資料庫表單中，輸入值會寫入指定給相應控制項欄位的資料庫欄位中。</help:help-text>可以為選項按鈕和核取方塊指定參照值。傳送 Web 表單時，參照值將傳送至伺服器。在資料庫表單中，此處輸入的值將寫入指定給控制項欄位的資料庫中。</text:p>
  <text:p text:style-name="P2">Web 表單中的參照值</text:p>
  <text:p text:style-name="Paragraph">如果塑造一個 Web 表單並要藉由控制項的狀況將資訊傳送至伺服器，則參照便會有意義。如果使用者按一下控制項，則對應的參照值便會繼續傳到伺服器。如果沒有指定任何參照值，在會在傳送表單時傳送「ON」，如果使用者啟動控制項。</text:p>
  <text:p text:style-name="Paragraph">例如，如果有兩個控制項欄位，分別針對選項「女性」和「男性」，將參照值 1 指定給「女性」欄位，2 指定給「男性」欄位，則當使用者按一下「女性」欄位時，數值 1 會傳送至伺服器，按一下「男性」欄位時，數值 2 會傳送至伺服器。</text:p>
  <text:p text:style-name="Paragraph">如果沒有指定任何參照值，則會針對每個啟動的控制項傳送到「ON」；若是<help:link Id="65921" Eid="gruppierung">群組</help:link>這兩個欄位「陰性」和「陽性」，則會針對群組傳送到「ON」，如果按下其中一個欄位。因此，應該在群組下注意，定義參照值，如果傳送的資訊不是到「ON」，則需識別控制項的狀況。</text:p>
  <text:p text:style-name="P2">資料庫表單的參照值</text:p>
  <text:p text:style-name="Paragraph">同時也可以在資料庫表單下透過參照值識別選項欄位或核取方塊的狀態，以及在資料庫中儲存這個參照值。例如，若是您有三個選項的群組「運行中」、「完成」和「再次呈遞」，以及當時的參照值「ToDo」、「OK」和「WV」，則這些參照值便會顯示在資料庫中，如果按下當時的選項。</text:p>
  <text:p text:style-name="Head 2"><help:help-id value="HID_PROP_DEFAULT_CHECKED"/><a name="defaultan"/>標準狀態</text:p>
  <text:p text:style-name="Paragraph"><help:help-text value="visible">指定是否依標準定義選項或標記。</help:help-text>載入文件時，將接受此狀態。</text:p>
  <text:p text:style-name="Paragraph">對於<help:link Id="65921" Eid="artderschaltflaeche">重設類型</help:link>按鈕，可以定義使用者啟動重設按鈕後控制項的狀態。</text:p>
  <text:p text:style-name="Paragraph">可在<help:link Id="65921" Eid="gruppierung">已群組</help:link>的選項欄位下透過<text:span text:style-name="T1">「標準狀態」</text:span>屬性定義群組的狀態，這個狀態和標準設定是相等的。</text:p>
  <text:p text:style-name="Head 2"><help:help-id value="HID_PROP_DEFAULT_SELECT_SEQ"/><a name="defaultselektion"/>標準選取</text:p>
  <text:p text:style-name="Paragraph"><help:help-text value="hide">在此設定，在標準狀態下要選取哪個清單項目。</help:help-text>在這個清單方塊中透過這個屬性設定，在標準狀態下要選取哪個<text:span text:style-name="T1">清單項目</text:span>。會在載入文件時接受這個已定義的狀態。第一個清單項目具有編號 0，下一個為 1....等等。</text:p>
  <text:p text:style-name="Paragraph">對於<help:link Id="65921" Eid="artderschaltflaeche">重設類型</help:link>按鈕，<text:span text:style-name="T1">[標準選擇]</text:span>條目可定義使用者啟動重設按鈕後清單方塊的狀態。</text:p>
  <text:p text:style-name="Head 2"><help:help-id value="HID_PROP_DEFAULTVALUE"/><help:help-id value="HID_PROP_DEFAULT_DATE"/><help:help-id value="HID_PROP_DEFAULT_TIME"/><help:help-id value="HID_PROP_EFFECTIVEDEFAULT"/><a name="defaultwert"/>默認值</text:p>
  <text:p text:style-name="Paragraph"><help:help-text value="visible">設定控制項欄位的標準值。</help:help-text>例如，開啟表單時，將會輸入該標準值。</text:p>
  <text:p text:style-name="Paragraph">對於<help:link Id="65921" Eid="artderschaltflaeche">重設類型</help:link>按鈕，<text:span text:style-name="T1">[標準值]</text:span>條目可定義使用者啟動重設按鈕後控制項的狀態。</text:p>
  <text:p text:style-name="Paragraph">如果沒有定義其他默認值，則在標準狀態下，目前日期或是目前時間便會顯示在表單中。</text:p>
  <text:p text:style-name="Head 2"><help:help-id value="HID_PROP_DEFAULT_BUTTON"/>標準按鈕</text:p>
  <text:p text:style-name="Paragraph"><help:help-text value="hide"><text:span text:style-name="T1">[標準按鈕]</text:span>屬性指定按 RETURN 鍵時將引發的相應按鈕。</help:help-text><text:span text:style-name="T1">[標準按鈕]</text:span>屬性指定按 RETURN 鍵時將引發的相應按鈕。如果開啟對話方塊或表單且不執行任何其他動作，則具有此屬性的按鈕便為標準按鈕。</text:p>
  <table:table table:name="Tabelle14" table:style-name="Tabelle14">
   <table:table-column table:style-name="Tabelle14.A"/>
   <table:table-column table:style-name="Tabelle14.B"/>
   <table:table-header-rows>
    <table:table-row table:style-name="Tabelle14.1">
     <table:table-cell table:style-name="Tabelle14.A1" table:value-type="string">
      <text:p text:style-name="Paragraph"><draw:image draw:name="圖示10" svg:desc="備註圖示" svg:pixelx="32" svg:pixely="32" svg:width="0.847cm" svg:height="0.847cm" xlink:href="65980" draw:filter-name=""/></text:p>

     </table:table-cell>
     <table:table-cell table:style-name="Tabelle14.A1" table:value-type="string">
      <text:p text:style-name="Paragraph">在文件中，只能有一個按鈕具有標準按鈕屬性。</text:p>
     </table:table-cell>
    </table:table-row>
   </table:table-header-rows>
  </table:table>
  <text:p text:style-name="Paragraph">使用 Web 頁面表單時，您可能會在搜尋遮罩中遇到此屬性。這些是含有一個文字欄位和一個<help:link Id="65921" Eid="artderschaltflaeche">提交類型</help:link>按鈕的編輯遮罩。在文字欄位中輸入搜尋術語後，啟動該按鈕即可開始搜尋。如果將該按鈕定義為標準按鈕，則在輸入搜尋術語後，只需按 ENTER 鍵即可開始搜尋。</text:p>
  <text:p text:style-name="Head 2"><help:help-id value="HID_PROP_CURRSYM_POSITION"/>前置圖示</text:p>
  <text:p text:style-name="Paragraph"><help:help-text value="visible">確定在使用貨幣欄位時，數字之前或之後是否要顯示貨幣符號。</help:help-text>標準設定是不前置的貨幣符號。</text:p>
  <text:p text:style-name="Head 2"><help:help-id value="HID_PROP_TABSTOP"/><a name="tabstop"/>定位鍵</text:p>
  <text:p text:style-name="Paragraph"><help:help-text value="visible"><text:span text:style-name="T1">「定位鍵」</text:span>屬性可設定，是否要透過定位鍵鍵選取表單中的控制項。</help:help-text>會有下述選項：</text:p>
  <table:table table:name="Tabelle4" table:style-name="Tabelle4">
   <table:table-column table:style-name="Tabelle4.A"/>
   <table:table-column table:style-name="Tabelle4.B"/>
   <table:table-header-rows>
    <table:table-row>
     <table:table-cell table:style-name="Tabelle4.A1" table:value-type="string">
      <text:p text:style-name="TextInTable">標準</text:p>
     </table:table-cell>
     <table:table-cell table:style-name="Tabelle4.B1" table:value-type="string">
      <text:p text:style-name="TextInTable">所有編輯控制項都設定了定位鍵屬性。例如，文字輸入欄位含有定位鍵，而貼標不含。</text:p>
     </table:table-cell>
    </table:table-row>
   </table:table-header-rows>
   <table:table-row>
    <table:table-cell table:style-name="Tabelle4.A2" table:value-type="string">
     <text:p text:style-name="TextInTable">否</text:p>
    </table:table-cell>
    <table:table-cell table:style-name="Tabelle4.B2" table:value-type="string">
     <text:p text:style-name="TextInTable">使用 TAB 鍵切換焦點時，跳過此控制項。</text:p>
    </table:table-cell>
   </table:table-row>
   <table:table-row>
    <table:table-cell table:style-name="Tabelle4.A2" table:value-type="string">
     <text:p text:style-name="TextInTable">是</text:p>
    </table:table-cell>
    <table:table-cell table:style-name="Tabelle4.B2" table:value-type="string">
     <text:p text:style-name="TextInTable">可透過定位鍵鍵選取控制項。</text:p>
    </table:table-cell>
   </table:table-row>
  </table:table>
  <text:p text:style-name="Head 2"><help:help-id value="HID_PROP_SHOWTHOUSANDSEP"/>千位分隔符</text:p>
  <text:p text:style-name="Paragraph"><help:help-text value="hide">插入千位分隔符號。</help:help-text>對於數值欄位和貨幣欄位，可以確定是否使用千位分隔符號。</text:p>
  <table:table table:name="Tabelle8" table:style-name="Tabelle8">
   <table:table-column table:style-name="Tabelle8.A"/>
   <table:table-column table:style-name="Tabelle8.B"/>
   <table:table-header-rows>
    <table:table-row table:style-name="Tabelle8.1">
     <table:table-cell table:style-name="Tabelle8.A1" table:value-type="string">
      <text:p text:style-name="Paragraph"><draw:image draw:name="圖示11" svg:desc="備註圖示" svg:pixelx="32" svg:pixely="32" svg:width="0.847cm" svg:height="0.847cm" xlink:href="65980" draw:filter-name=""/></text:p>

     </table:table-cell>
     <table:table-cell table:style-name="Tabelle8.A1" table:value-type="string">
      <help:embedded Id="65921" Eid="hinweis"></help:embedded>
     </table:table-cell>
    </table:table-row>
   </table:table-header-rows>
  </table:table>
  <text:p text:style-name="Head 2"><help:help-id value="HID_PROP_LABEL"/><a name="titel"/>標題</text:p>
  <text:p text:style-name="Paragraph"><help:help-text value="hide">貼標屬性設定控制項欄位的貼標，該貼標會在表單中顯示。</help:help-text>貼標屬性設定控制項欄位的貼標，該貼標會在表單中顯示。此屬性確定表格控制項表單中資料欄位的可見貼標或欄號。</text:p>
  <text:p text:style-name="Paragraph">如果建立新的控制項，則會根據標準將當作<help:link Id="65921" Eid="name"><text:span text:style-name="T1">「名稱」</text:span></help:link>屬性預設的標記便會成為控制項的標籤。藉此，標記會自行從控制項欄位名稱和整數變成控制項欄位的編號，也就是例如，CommandButton1。您可以透過<text:span text:style-name="T1">「標題」</text:span>屬性為控制項指定另一個標記，如此一來，標籤便恢復控制項的功能。請變更這個條目，以便為控制項指定表現力強且使用者可看見的標記。</text:p>
  <text:p text:style-name="Paragraph"><help:key-word value="多行標題; 表單功能" tag="kw65921_4"/><help:key-word value="名稱; 多行" tag="kw65921_3"/><help:key-word value="控制項; 多行" tag="kw65921_2"/>若要建立多行標題，請使用箭頭按鈕開啟此組合方塊。您可以按 SHIFT+CTRL+ENTER 組合鍵來輸入換行。</text:p>
  <table:table table:name="Tabelle2" table:style-name="Tabelle2">
   <table:table-column table:style-name="Tabelle2.A"/>
   <table:table-column table:style-name="Tabelle2.B"/>
   <table:table-header-rows>
    <table:table-row table:style-name="Tabelle2.1">
     <table:table-cell table:style-name="Tabelle2.A1" table:value-type="string">
      <text:p text:style-name="Paragraph"><draw:image draw:name="圖示12" svg:desc="備註圖示" svg:pixelx="32" svg:pixely="32" svg:width="0.847cm" svg:height="0.847cm" xlink:href="65980" draw:filter-name=""/></text:p>

     </table:table-cell>
     <table:table-cell table:style-name="Tabelle2.A1" table:value-type="string">
      <text:p text:style-name="Paragraph"><text:span text:style-name="T1">[標題]</text:span>屬性僅用於為介面中使用者可見的表單元素加上貼標。請注意，如果使用巨集，則執行期間始終透過<text:span text:style-name="T1">[名稱]</text:span>屬性來尋址控制項。</text:p>
     </table:table-cell>
    </table:table-row>
   </table:table-header-rows>
  </table:table>
  <text:p text:style-name="Head 2"><help:help-id value="HID_PROP_TARGET_URL"/><a name="url"/>URL</text:p>
  <text:p text:style-name="Paragraph"><help:help-text value="hide">為「URL」按鈕類型指定 URL 位址。如果按相應的按鈕，將下載此位址。</help:help-text>對於 <help:link Id="65921" Eid="artderschaltflaeche">URL 類型</help:link>的按鈕，請在<text:span text:style-name="T1">[URL]</text:span>下輸入 URL 位址。按一下相應的按鈕，將下載此位址。此位址所指向的可以是檔案、新表單或者是 Internet 中的網站。</text:p>
  <text:p text:style-name="Paragraph">如果在使用者模式透過滑鼠移動按鈕，則 URL 就會顯示為提示說明，只要沒有設定任何其他<help:link Id="65921" Eid="hilfetext">說明文字</help:link>。</text:p>
  <text:p text:style-name="Head 2"><help:help-id value="HID_PROP_VSCROLL"/><a name="vertikalerscrollbar"/>垂直式捲軸</text:p>
  <text:p text:style-name="Paragraph"><help:help-text value="hide">確定文字方塊是否含有垂直捲軸。</help:help-text>文字方塊可以含有<help:link Id="65921" Eid="horizontalerscrollbar">水平</help:link>捲軸和垂直捲軸。如果要使文字含有垂直捲軸，只需在<text:span text:style-name="T1">[垂直向捲軸]</text:span>屬性中選取「是」。</text:p>
  <text:p text:style-name="Head 2"><help:help-id value="HID_PROP_CURRENCYSYMBOL"/>貨幣圖示</text:p>
  <text:p text:style-name="Paragraph"><help:help-text value="hide">可以輸入字元或字串作為貨幣符號。</help:help-text>在貨幣欄位中，可以透過在<text:span text:style-name="T1">[貨幣符號]</text:span>屬性中輸入字元或字串來預先定義貨幣符號。</text:p>
  <text:p text:style-name="Head 2"><help:help-id value="HID_PROP_HIDDEN_VALUE"/>數值</text:p>
  <text:p text:style-name="Paragraph"><help:help-text value="hide">您可以輸入由隱入的控制項繼承的資料。</help:help-text>在<help:link Id="65950" Eid="hiddencontrol">隱入的控制項</help:link>中的<text:span text:style-name="T1">[數值]</text:span>下，您可以輸入由隱入的控制項繼承的資料。傳送該表單時，此資料將被傳輸。</text:p>
  <text:p text:style-name="Head 2"><help:help-id value="HID_PROP_ECHO_CHAR"/>密碼字元</text:p>
  <text:p text:style-name="Paragraph"><help:help-text value="hide">如果文字方塊用於輸入密碼，請輸入顯示字元的 ASCII 碼。顯示時此字元將代替使用者鍵入的密碼字元。</help:help-text>如果使用者輸入密碼，可以確定顯示時用這些字元代替使用者鍵入的字元。在<text:span text:style-name="T1">[密碼字元]</text:span>下，輸入所需字元的 ASCII 碼。可以使用的數值為 0 到 255。</text:p>
  <table:table table:name="Tabelle5" table:style-name="Tabelle5">
   <table:table-column table:style-name="Tabelle5.A"/>
   <table:table-column table:style-name="Tabelle5.B"/>
   <table:table-header-rows>
    <table:table-row table:style-name="Tabelle5.1">
     <table:table-cell table:style-name="Tabelle5.A1" table:value-type="string">
      <text:p text:style-name="Paragraph"><draw:image draw:name="圖示13" svg:desc="提示圖示" svg:pixelx="32" svg:pixely="32" svg:width="0.847cm" svg:height="0.847cm" xlink:href="66732" draw:filter-name=""/></text:p>

     </table:table-cell>
     <table:table-cell table:style-name="Tabelle5.A1" table:value-type="string">
      <text:p text:style-name="Paragraph"><text:span text:style-name="T1">[特殊字元]</text:span>對話方塊 ([插入] - [特殊字元]) 中顯示了某些 ASCII 碼相應的字元。</text:p>
     </table:table-cell>
    </table:table-row>
   </table:table-header-rows>
  </table:table>
  <text:p text:style-name="Head 2"><help:help-id value="HID_PROP_LITERALMASK"/><a name="zeichenmaske"/>字元遮罩</text:p>
  <text:p text:style-name="Paragraph"><help:help-text value="hide">定義文字遮罩。文字遮罩包含初始數值，並在下載表單後自動可見。</help:help-text>使用已遮罩的欄位，您可以指定文字遮罩。文字遮罩包含表單的初始數值，並在下載表單後自動可見。使用<help:link Id="65921" Eid="eingabemaske">編輯遮罩</help:link>的字元碼，您可決定使用者在遮罩的欄位中可以鍵入的條目。</text:p>
  <table:table table:name="Tabelle13" table:style-name="Tabelle13">
   <table:table-column table:style-name="Tabelle13.A"/>
   <table:table-column table:style-name="Tabelle13.B"/>
   <table:table-header-rows>
    <table:table-row table:style-name="Tabelle13.1">
     <table:table-cell table:style-name="Tabelle13.A1" table:value-type="string">
      <text:p text:style-name="Paragraph"><draw:image draw:name="圖示14" svg:desc="備註圖示" svg:pixelx="32" svg:pixely="32" svg:width="0.847cm" svg:height="0.847cm" xlink:href="65980" draw:filter-name=""/></text:p>

     </table:table-cell>
     <table:table-cell table:style-name="Tabelle13.A1" table:value-type="string">
      <text:p text:style-name="Paragraph">字元遮罩的長度應和輸入遮到的長度相符。若不是這種情形，則需剪下輸入遮罩或是在輸入遮罩的長度上填入空格。</text:p>
     </table:table-cell>
    </table:table-row>
   </table:table-header-rows>
  </table:table>
  <text:p text:style-name="Head 2"><help:help-id value="HID_PROP_FONT"/>字型</text:p>
  <text:p text:style-name="Paragraph"><help:help-text value="hide">在此處可以選取字元集。此字元集用於格式化控制項欄位中的文字。</help:help-text>如果控制項欄位含有可以顯示在表單中的文字或者含有<help:link Id="65921" Eid="titel">標題</help:link>，則可選取一個字元集，用於在表單中顯示這些文字。按一下<text:span text:style-name="T1">[...]</text:span>按鈕以存取<help:link Id="65740"><text:span text:style-name="T1">[字型]</text:span></help:link>對話方塊，您可以在其中定義字型。選取的字元集將用於命名控制項欄位。在表格控制項欄位中，字元集確定資料的顯示。在此對話方塊中，您還可以為控制項欄位中顯示的文字設定顏色。</text:p>
  <text:p text:style-name="Head 2"><help:help-id value="HID_PROP_ROWHEIGHT"/>列高</text:p>
  <text:p text:style-name="Paragraph"><help:help-text value="hide">確定表格控制項欄位中的列高 (以公釐為單位)。</help:help-text>在表格控制項中，可以確定列高 (以公釐為單位)。</text:p>
  <text:p text:style-name="Head 2"><help:help-id value="HID_PROP_TIMEFORMAT"/>時間格式</text:p>
  <text:p text:style-name="Paragraph"><help:help-text value="hide">可以定義所需的時間顯示格式。</help:help-text>可以定義所需的時間顯示格式。</text:p>
  <table:table table:name="Tabelle7" table:style-name="Tabelle7">
   <table:table-column table:style-name="Tabelle7.A"/>
   <table:table-column table:style-name="Tabelle7.B"/>
   <table:table-header-rows>
    <table:table-row table:style-name="Tabelle7.1">
     <table:table-cell table:style-name="Tabelle7.A1" table:value-type="string">
      <text:p text:style-name="Paragraph"><draw:image draw:name="圖示15" svg:desc="備註圖示" svg:pixelx="32" svg:pixely="32" svg:width="0.847cm" svg:height="0.847cm" xlink:href="65980" draw:filter-name=""/></text:p>

     </table:table-cell>
     <table:table-cell table:style-name="Tabelle7.A1" table:value-type="string">
      <help:embedded Id="65921" Eid="hinweis"></help:embedded>
     </table:table-cell>
    </table:table-row>
   </table:table-header-rows>
  </table:table>
  <text:p text:style-name="Head 2"><help:help-id value="HID_PROP_TAG"/>附加資訊</text:p>
  <text:p text:style-name="Paragraph"><help:help-text value="hide">指定控制項欄位的其他資訊或描述性文字。</help:help-text>在每個控制項欄位中，都可以為其指定其他資訊或描述性文字。此屬性有助於程式設計師儲存可在程式碼中使用的其他資訊。例如，使用此欄位來放置變量或其他演算參數。</text:p>
  <text:p text:style-name="Head 2"><help:help-id value="HID_PROP_FORMATKEY"/>格式化</text:p>
  <text:p text:style-name="Paragraph"><help:help-text value="visible">指定用於此控制項的格式碼。按一下<text:span text:style-name="T1">[...]</text:span>按鈕，選取此格式碼。</help:help-text></text:p>
 </office:body>
</office:document>
