

<office:document  xmlns:office="http://openoffice.org/2000/office" xmlns:style="http://openoffice.org/2000/style" xmlns:text="http://openoffice.org/2000/text" xmlns:table="http://openoffice.org/2000/table" xmlns:draw="http://openoffice.org/2000/drawing" xmlns:fo="http://www.w3.org/1999/XSL/Format" xmlns:xlink="http://www.w3.org/1999/xlink" xmlns:number="http://openoffice.org/2000/datastyle" xmlns:svg="http://www.w3.org/2000/svg" xmlns:chart="http://openoffice.org/2000/chart" xmlns:dr3d="http://openoffice.org/2000/dr3d" xmlns:math="http://www.w3.org/1998/Math/MathML" xmlns:form="http://openoffice.org/2000/form" xmlns:script="http://openoffice.org/2000/script" office:class="text" office:version="1.0" xmlns:dc="http://purl.org/dc/elements/1.1/" xmlns:meta="http://openoffice.org/2000/meta" xmlns:help="http://openoffice.org/2000/help">
<office:meta>
  <dc:description>text/common/02/01170000</dc:description>
  <dc:subject>表單功能</dc:subject>
  <meta:keywords>
   <meta:keyword>$Version</meta:keyword>
  </meta:keywords>
  <dc:language>zh-TW</dc:language>
  <meta:user-defined meta:name="Info 0">READY</meta:user-defined>
  <meta:user-defined meta:name="Info 1">FREE_OK</meta:user-defined>
  <meta:user-defined meta:name="Info 2"/>
  <meta:user-defined meta:name="Info 3"/>
</office:meta>
 <office:script/>
 <office:font-decls>
  <style:font-decl style:name="StarSymbol" fo:font-family="StarSymbol" style:font-charset="x-symbol"/>
  <style:font-decl style:name="Courier New" fo:font-family="&apos;Courier New&apos;" style:font-style-name="Standard" style:font-family-generic="modern" style:font-pitch="fixed"/>
  <style:font-decl style:name="Courier" fo:font-family="Courier" style:font-family-generic="roman" style:font-pitch="fixed"/>
  <style:font-decl style:name="Andale WT UI3" fo:font-family="&apos;Andale WT UI&apos;" style:font-pitch="variable"/>
  <style:font-decl style:name="Arial Unicode MS" fo:font-family="&apos;Arial Unicode MS&apos;" style:font-pitch="variable"/>
  <style:font-decl style:name="HG Mincho Light J" fo:font-family="&apos;HG Mincho Light J&apos;" style:font-pitch="variable"/>
  <style:font-decl style:name="Andale WT UI" fo:font-family="&apos;Andale WT UI&apos;" style:font-style-name="Fett" style:font-family-generic="roman" style:font-pitch="variable"/>
  <style:font-decl style:name="Andale WT UI1" fo:font-family="&apos;Andale WT UI&apos;" style:font-style-name="Standard" style:font-family-generic="roman" style:font-pitch="variable"/>
  <style:font-decl style:name="Thorndale" fo:font-family="Thorndale" style:font-family-generic="roman" style:font-pitch="variable"/>
  <style:font-decl style:name="Times New Roman" fo:font-family="&apos;Times New Roman&apos;" style:font-style-name="Fett" style:font-family-generic="roman" style:font-pitch="variable"/>
  <style:font-decl style:name="Andale WT UI2" fo:font-family="&apos;Andale WT UI&apos;" style:font-family-generic="swiss" style:font-pitch="variable"/>
 </office:font-decls>
 <office:automatic-styles>
  <style:style style:name="Tabelle1" style:family="table">
   <style:properties style:width="17.995cm" fo:margin-left="0cm" fo:margin-right="0.005cm" table:align="margins"/>
  </style:style>
  <style:style style:name="Tabelle1.A" style:family="table-column">
   <style:properties style:column-width="0.979cm" style:rel-column-width="3566*"/>
  </style:style>
  <style:style style:name="Tabelle1.B" style:family="table-column">
   <style:properties style:column-width="17.016cm" style:rel-column-width="61969*"/>
  </style:style>
  <style:style style:name="Tabelle21" style:family="table">
   <style:properties style:width="18cm" table:align="margins"/>
  </style:style>
  <style:style style:name="Tabelle21.A" style:family="table-column">
   <style:properties style:column-width="1.499cm" style:rel-column-width="5460*"/>
  </style:style>
  <style:style style:name="Tabelle21.B" style:family="table-column">
   <style:properties style:column-width="16.501cm" style:rel-column-width="60075*"/>
  </style:style>
  <style:style style:name="Tabelle21.1" style:family="table-row">
   <style:properties style:min-row-height="0.848cm"/>
  </style:style>
  <style:style style:name="Tabelle21.A1" style:family="table-cell">
   <style:properties fo:padding="0cm" fo:border="none"/>
  </style:style>
  <style:style style:name="Tabelle20" style:family="table">
   <style:properties style:width="18cm" table:align="margins"/>
  </style:style>
  <style:style style:name="Tabelle20.A" style:family="table-column">
   <style:properties style:column-width="1.499cm" style:rel-column-width="5460*"/>
  </style:style>
  <style:style style:name="Tabelle20.B" style:family="table-column">
   <style:properties style:column-width="16.501cm" style:rel-column-width="60075*"/>
  </style:style>
  <style:style style:name="Tabelle20.1" style:family="table-row">
   <style:properties style:min-row-height="0.848cm"/>
  </style:style>
  <style:style style:name="Tabelle20.A1" style:family="table-cell">
   <style:properties fo:padding="0cm" fo:border="none"/>
  </style:style>
  <style:style style:name="Tabelle27" style:family="table">
   <style:properties style:width="18cm" table:align="margins"/>
  </style:style>
  <style:style style:name="Tabelle27.A" style:family="table-column">
   <style:properties style:column-width="1.499cm" style:rel-column-width="5460*"/>
  </style:style>
  <style:style style:name="Tabelle27.B" style:family="table-column">
   <style:properties style:column-width="16.501cm" style:rel-column-width="60075*"/>
  </style:style>
  <style:style style:name="Tabelle27.1" style:family="table-row">
   <style:properties style:min-row-height="0.848cm"/>
  </style:style>
  <style:style style:name="Tabelle27.A1" style:family="table-cell">
   <style:properties fo:padding="0cm" fo:border="none"/>
  </style:style>
  <style:style style:name="Tabelle2" style:family="table">
   <style:properties style:width="17.995cm" fo:margin-left="0cm" fo:margin-right="0.005cm" table:align="margins"/>
  </style:style>
  <style:style style:name="Tabelle2.A" style:family="table-column">
   <style:properties style:column-width="0.979cm" style:rel-column-width="3566*"/>
  </style:style>
  <style:style style:name="Tabelle2.B" style:family="table-column">
   <style:properties style:column-width="17.016cm" style:rel-column-width="61969*"/>
  </style:style>
  <style:style style:name="Tabelle3" style:family="table">
   <style:properties style:width="17.995cm" fo:margin-left="0cm" fo:margin-right="0.005cm" table:align="margins"/>
  </style:style>
  <style:style style:name="Tabelle3.A" style:family="table-column">
   <style:properties style:column-width="0.979cm" style:rel-column-width="3566*"/>
  </style:style>
  <style:style style:name="Tabelle3.B" style:family="table-column">
   <style:properties style:column-width="17.016cm" style:rel-column-width="61969*"/>
  </style:style>
  <style:style style:name="Tabelle4" style:family="table">
   <style:properties style:width="17.995cm" fo:margin-left="0cm" fo:margin-right="0.005cm" table:align="margins"/>
  </style:style>
  <style:style style:name="Tabelle4.A" style:family="table-column">
   <style:properties style:column-width="0.979cm" style:rel-column-width="3566*"/>
  </style:style>
  <style:style style:name="Tabelle4.B" style:family="table-column">
   <style:properties style:column-width="17.016cm" style:rel-column-width="61969*"/>
  </style:style>
  <style:style style:name="Tabelle5" style:family="table">
   <style:properties style:width="17.995cm" fo:margin-left="0cm" fo:margin-right="0.005cm" table:align="margins"/>
  </style:style>
  <style:style style:name="Tabelle5.A" style:family="table-column">
   <style:properties style:column-width="0.979cm" style:rel-column-width="3566*"/>
  </style:style>
  <style:style style:name="Tabelle5.B" style:family="table-column">
   <style:properties style:column-width="17.016cm" style:rel-column-width="61969*"/>
  </style:style>
  <style:style style:name="Tabelle6" style:family="table">
   <style:properties style:width="17.995cm" fo:margin-left="0cm" fo:margin-right="0.005cm" table:align="margins"/>
  </style:style>
  <style:style style:name="Tabelle6.A" style:family="table-column">
   <style:properties style:column-width="0.953cm" style:rel-column-width="3469*"/>
  </style:style>
  <style:style style:name="Tabelle6.B" style:family="table-column">
   <style:properties style:column-width="17.043cm" style:rel-column-width="62066*"/>
  </style:style>
  <style:style style:name="Tabelle24" style:family="table">
   <style:properties style:width="18cm" table:align="margins"/>
  </style:style>
  <style:style style:name="Tabelle24.A" style:family="table-column">
   <style:properties style:column-width="1.499cm" style:rel-column-width="5460*"/>
  </style:style>
  <style:style style:name="Tabelle24.B" style:family="table-column">
   <style:properties style:column-width="16.501cm" style:rel-column-width="60075*"/>
  </style:style>
  <style:style style:name="Tabelle24.1" style:family="table-row">
   <style:properties style:min-row-height="0.848cm"/>
  </style:style>
  <style:style style:name="Tabelle24.A1" style:family="table-cell">
   <style:properties fo:padding="0cm" fo:border="none"/>
  </style:style>
  <style:style style:name="Tabelle7" style:family="table">
   <style:properties style:width="17.995cm" fo:margin-left="0cm" fo:margin-right="0.005cm" table:align="margins"/>
  </style:style>
  <style:style style:name="Tabelle7.A" style:family="table-column">
   <style:properties style:column-width="0.979cm" style:rel-column-width="3566*"/>
  </style:style>
  <style:style style:name="Tabelle7.B" style:family="table-column">
   <style:properties style:column-width="17.016cm" style:rel-column-width="61969*"/>
  </style:style>
  <style:style style:name="Tabelle8" style:family="table">
   <style:properties style:width="17.995cm" fo:margin-left="0cm" fo:margin-right="0.005cm" table:align="margins"/>
  </style:style>
  <style:style style:name="Tabelle8.A" style:family="table-column">
   <style:properties style:column-width="1.005cm" style:rel-column-width="3662*"/>
  </style:style>
  <style:style style:name="Tabelle8.B" style:family="table-column">
   <style:properties style:column-width="16.99cm" style:rel-column-width="61873*"/>
  </style:style>
  <style:style style:name="Tabelle9" style:family="table">
   <style:properties style:width="17.995cm" fo:margin-left="0cm" fo:margin-right="0.005cm" table:align="margins"/>
  </style:style>
  <style:style style:name="Tabelle9.A" style:family="table-column">
   <style:properties style:column-width="1.005cm" style:rel-column-width="3662*"/>
  </style:style>
  <style:style style:name="Tabelle9.B" style:family="table-column">
   <style:properties style:column-width="16.99cm" style:rel-column-width="61873*"/>
  </style:style>
  <style:style style:name="Tabelle10" style:family="table">
   <style:properties style:width="17.995cm" fo:margin-left="0cm" fo:margin-right="0.005cm" table:align="margins"/>
  </style:style>
  <style:style style:name="Tabelle10.A" style:family="table-column">
   <style:properties style:column-width="0.953cm" style:rel-column-width="3469*"/>
  </style:style>
  <style:style style:name="Tabelle10.B" style:family="table-column">
   <style:properties style:column-width="17.043cm" style:rel-column-width="62066*"/>
  </style:style>
  <style:style style:name="Tabelle19" style:family="table">
   <style:properties style:width="17.995cm" fo:margin-left="0cm" fo:margin-right="0.005cm" table:align="margins"/>
  </style:style>
  <style:style style:name="Tabelle19.A" style:family="table-column">
   <style:properties style:column-width="1.032cm" style:rel-column-width="3758*"/>
  </style:style>
  <style:style style:name="Tabelle19.B" style:family="table-column">
   <style:properties style:column-width="16.963cm" style:rel-column-width="61777*"/>
  </style:style>
  <style:style style:name="Tabelle11" style:family="table">
   <style:properties style:width="17.995cm" fo:margin-left="0cm" fo:margin-right="0.005cm" table:align="margins"/>
  </style:style>
  <style:style style:name="Tabelle11.A" style:family="table-column">
   <style:properties style:column-width="0.979cm" style:rel-column-width="3566*"/>
  </style:style>
  <style:style style:name="Tabelle11.B" style:family="table-column">
   <style:properties style:column-width="17.016cm" style:rel-column-width="61969*"/>
  </style:style>
  <style:style style:name="Tabelle12" style:family="table">
   <style:properties style:width="17.995cm" fo:margin-left="0cm" fo:margin-right="0.005cm" table:align="margins"/>
  </style:style>
  <style:style style:name="Tabelle12.A" style:family="table-column">
   <style:properties style:column-width="1.005cm" style:rel-column-width="3662*"/>
  </style:style>
  <style:style style:name="Tabelle12.B" style:family="table-column">
   <style:properties style:column-width="16.99cm" style:rel-column-width="61873*"/>
  </style:style>
  <style:style style:name="Tabelle22" style:family="table">
   <style:properties style:width="18cm" table:align="margins"/>
  </style:style>
  <style:style style:name="Tabelle22.A" style:family="table-column">
   <style:properties style:column-width="1.499cm" style:rel-column-width="5460*"/>
  </style:style>
  <style:style style:name="Tabelle22.B" style:family="table-column">
   <style:properties style:column-width="16.501cm" style:rel-column-width="60075*"/>
  </style:style>
  <style:style style:name="Tabelle22.1" style:family="table-row">
   <style:properties style:min-row-height="0.848cm"/>
  </style:style>
  <style:style style:name="Tabelle22.A1" style:family="table-cell">
   <style:properties fo:padding="0cm" fo:border="none"/>
  </style:style>
  <style:style style:name="Tabelle13" style:family="table">
   <style:properties style:width="17.995cm" fo:margin-left="0cm" fo:margin-right="0.005cm" table:align="margins"/>
  </style:style>
  <style:style style:name="Tabelle13.A" style:family="table-column">
   <style:properties style:column-width="1.005cm" style:rel-column-width="3662*"/>
  </style:style>
  <style:style style:name="Tabelle13.B" style:family="table-column">
   <style:properties style:column-width="16.99cm" style:rel-column-width="61873*"/>
  </style:style>
  <style:style style:name="Tabelle23" style:family="table">
   <style:properties style:width="18cm" table:align="margins"/>
  </style:style>
  <style:style style:name="Tabelle23.A" style:family="table-column">
   <style:properties style:column-width="1.499cm" style:rel-column-width="5460*"/>
  </style:style>
  <style:style style:name="Tabelle23.B" style:family="table-column">
   <style:properties style:column-width="16.501cm" style:rel-column-width="60075*"/>
  </style:style>
  <style:style style:name="Tabelle23.1" style:family="table-row">
   <style:properties style:min-row-height="0.848cm"/>
  </style:style>
  <style:style style:name="Tabelle23.A1" style:family="table-cell">
   <style:properties fo:padding="0cm" fo:border="none"/>
  </style:style>
  <style:style style:name="Tabelle14" style:family="table">
   <style:properties style:width="17.995cm" fo:margin-left="0cm" fo:margin-right="0.005cm" table:align="margins"/>
  </style:style>
  <style:style style:name="Tabelle14.A" style:family="table-column">
   <style:properties style:column-width="1.005cm" style:rel-column-width="3662*"/>
  </style:style>
  <style:style style:name="Tabelle14.B" style:family="table-column">
   <style:properties style:column-width="16.99cm" style:rel-column-width="61873*"/>
  </style:style>
  <style:style style:name="Tabelle28" style:family="table">
   <style:properties style:width="17.995cm" fo:margin-left="0cm" fo:margin-right="0.005cm" table:align="margins"/>
  </style:style>
  <style:style style:name="Tabelle28.A" style:family="table-column">
   <style:properties style:column-width="0.979cm" style:rel-column-width="3566*"/>
  </style:style>
  <style:style style:name="Tabelle28.B" style:family="table-column">
   <style:properties style:column-width="17.016cm" style:rel-column-width="61969*"/>
  </style:style>
  <style:style style:name="Tabelle15" style:family="table">
   <style:properties style:width="17.995cm" fo:margin-left="0cm" fo:margin-right="0.005cm" table:align="margins"/>
  </style:style>
  <style:style style:name="Tabelle15.A" style:family="table-column">
   <style:properties style:column-width="1.005cm" style:rel-column-width="3662*"/>
  </style:style>
  <style:style style:name="Tabelle15.B" style:family="table-column">
   <style:properties style:column-width="16.99cm" style:rel-column-width="61873*"/>
  </style:style>
  <style:style style:name="Tabelle16" style:family="table">
   <style:properties style:width="17.995cm" fo:margin-left="0cm" fo:margin-right="0.005cm" table:align="margins"/>
  </style:style>
  <style:style style:name="Tabelle16.A" style:family="table-column">
   <style:properties style:column-width="0.953cm" style:rel-column-width="3469*"/>
  </style:style>
  <style:style style:name="Tabelle16.B" style:family="table-column">
   <style:properties style:column-width="17.043cm" style:rel-column-width="62066*"/>
  </style:style>
  <style:style style:name="Tabelle25" style:family="table">
   <style:properties style:width="18cm" table:align="margins"/>
  </style:style>
  <style:style style:name="Tabelle25.A" style:family="table-column">
   <style:properties style:column-width="1.499cm" style:rel-column-width="5460*"/>
  </style:style>
  <style:style style:name="Tabelle25.B" style:family="table-column">
   <style:properties style:column-width="16.501cm" style:rel-column-width="60075*"/>
  </style:style>
  <style:style style:name="Tabelle25.1" style:family="table-row">
   <style:properties style:min-row-height="0.848cm"/>
  </style:style>
  <style:style style:name="Tabelle25.A1" style:family="table-cell">
   <style:properties fo:padding="0cm" fo:border="none"/>
  </style:style>
  <style:style style:name="Tabelle18" style:family="table">
   <style:properties style:width="17.995cm" fo:margin-left="0cm" fo:margin-right="0.005cm" table:align="margins"/>
  </style:style>
  <style:style style:name="Tabelle18.A" style:family="table-column">
   <style:properties style:column-width="0.979cm" style:rel-column-width="3566*"/>
  </style:style>
  <style:style style:name="Tabelle18.B" style:family="table-column">
   <style:properties style:column-width="17.016cm" style:rel-column-width="61969*"/>
  </style:style>
  <style:style style:name="Tabelle17" style:family="table">
   <style:properties style:width="17.995cm" fo:margin-left="0cm" fo:margin-right="0.005cm" table:align="margins"/>
  </style:style>
  <style:style style:name="Tabelle17.A" style:family="table-column">
   <style:properties style:column-width="0.979cm" style:rel-column-width="3566*"/>
  </style:style>
  <style:style style:name="Tabelle17.B" style:family="table-column">
   <style:properties style:column-width="17.016cm" style:rel-column-width="61969*"/>
  </style:style>
  <style:style style:name="Tabelle26" style:family="table">
   <style:properties style:width="17.995cm" fo:margin-left="0cm" fo:margin-right="0.005cm" table:align="margins"/>
  </style:style>
  <style:style style:name="Tabelle26.A" style:family="table-column">
   <style:properties style:column-width="0.979cm" style:rel-column-width="3566*"/>
  </style:style>
  <style:style style:name="Tabelle26.B" style:family="table-column">
   <style:properties style:column-width="17.016cm" style:rel-column-width="61969*"/>
  </style:style>
  <style:style style:name="P1" style:family="paragraph" style:parent-style-name="Paragraph" style:master-page-name="HTML">
   <style:properties style:page-number="0"/>
  </style:style>
  <style:style style:name="T1" style:family="text">
   <style:properties fo:font-weight="bold"/>
  </style:style>
  <style:style style:name="fr1" style:family="graphics" style:parent-style-name="Graphics">
   <style:properties style:wrap="run-through" style:horizontal-pos="left" style:horizontal-rel="paragraph" style:mirror="none" fo:clip="rect(0cm 0cm 0cm 0cm)" draw:luminance="0%" draw:contrast="0%" draw:red="0%" draw:green="0%" draw:blue="0%" draw:gamma="1" draw:color-inversion="false" draw:transparency="-100%" draw:color-mode="standard"/>
  </style:style>
  <style:style style:name="fr2" style:family="graphics" style:parent-style-name="Graphics">
   <style:properties fo:margin-left="0cm" fo:margin-right="0cm" fo:margin-top="0cm" fo:margin-bottom="0cm" style:run-through="foreground" style:wrap="run-through" style:vertical-pos="middle" style:vertical-rel="paragraph" style:horizontal-pos="left" style:horizontal-rel="paragraph" style:mirror="none" fo:clip="rect(0cm 0cm 0cm 0cm)" draw:luminance="0%" draw:contrast="0%" draw:red="0%" draw:green="0%" draw:blue="0%" draw:gamma="1" draw:color-inversion="false" draw:transparency="-100%" draw:color-mode="standard"/>
  </style:style>
  <style:style style:name="fr3" style:family="graphics" style:parent-style-name="Graphics">
   <style:properties style:run-through="foreground" style:wrap="run-through" style:horizontal-pos="left" style:horizontal-rel="paragraph" style:mirror="none" fo:clip="rect(0cm 0cm 0cm 0cm)" draw:luminance="0%" draw:contrast="0%" draw:red="0%" draw:green="0%" draw:blue="0%" draw:gamma="1" draw:color-inversion="false" draw:transparency="-100%" draw:color-mode="standard"/>
  </style:style>
 </office:automatic-styles>
 <office:body>
  <text:variable-decls>
   <text:variable-decl text:value-type="string" text:name="HTML_ON"/>
   <text:variable-decl text:value-type="string" text:name="HTML_OFF"/>
   <text:variable-decl text:value-type="string" text:name="TITEL"/>
   <text:variable-decl text:value-type="string" text:name="END"/>
   <text:variable-decl text:value-type="string" text:name="HelpID"/>
   <text:variable-decl text:value-type="string" text:name="NAME"/>
   <text:variable-decl text:value-type="string" text:name="HREF"/>
   <text:variable-decl text:value-type="string" text:name="MODIFY"/>
   <text:variable-decl text:value-type="string" text:name="REFNR"/>
   <text:variable-decl text:value-type="string" text:name="AKTHLP"/>
   <text:variable-decl text:value-type="string" text:name="KEY"/>
   <text:variable-decl text:value-type="string" text:name="INDEX"/>
   <text:variable-decl text:value-type="string" text:name="MAC"/>
   <text:variable-decl text:value-type="string" text:name="ELSE"/>
   <text:variable-decl text:value-type="string" text:name="OS2"/>
   <text:variable-decl text:value-type="string" text:name="HFELD"/>
   <text:variable-decl text:value-type="string" text:name="STYLE"/>
  </text:variable-decls>
  <text:sequence-decls>
   <text:sequence-decl text:display-outline-level="0" text:name="Illustration"/>
   <text:sequence-decl text:display-outline-level="0" text:name="Table"/>
   <text:sequence-decl text:display-outline-level="0" text:name="Text"/>
   <text:sequence-decl text:display-outline-level="0" text:name="Drawing"/>
  </text:sequence-decls>
  <help:to-be-embedded Eid="formularfunktionen">
  <text:p text:style-name="Head 1"><help:help-id value="SID_FM_CONFIG"/><help:key-word value="表單功能; 主工具列" tag="kw66036_1"/><help:key-word value="控制項; 表單功能" tag="kw66036_78"/><help:link Id="66036">表單功能</help:link></text:p>
  <text:p text:style-name="Paragraph"><help:to-be-embedded Eid="formulartext"><help:help-text value="visible"><text:span text:style-name="T1">「表單」</text:span>圖示可開啟一個具有項目和可用來建立互動表單之功能的快取列。</help:help-text></help:to-be-embedded></text:p>
  </help:to-be-embedded>
  <text:p text:style-name="Paragraph">長時間按下<text:span text:style-name="T1">表單</text:span>圖示，以開啟此浮動工具列。短時間按一下滑鼠總是啟動最後插入的控制項欄位 (顯示為圖示)。</text:p>
  <text:p text:style-name="Paragraph">主工具列中的圖示：</text:p>
  <help:to-be-embedded Eid="syformular">
  <table:table table:name="Tabelle1" table:style-name="Tabelle1">
   <table:table-column table:style-name="Tabelle1.A"/>
   <table:table-column table:style-name="Tabelle1.B"/>
   <table:table-header-rows>
    <table:table-row>
     <table:table-cell table:value-type="string">
      <text:p text:style-name="Paragraph"><draw:image draw:name="圖示0" svg:desc="圖示" svg:pixelx="25" svg:pixely="25" svg:width="0.661cm" svg:height="0.661cm" xlink:href="65891" draw:filter-name=""/></text:p>

     </table:table-cell>
     <table:table-cell table:value-type="string">
      <text:p text:style-name="Paragraph">表單</text:p>
     </table:table-cell>
    </table:table-row>
   </table:table-header-rows>
  </table:table>
  </help:to-be-embedded>
  <text:p text:style-name="Paragraph">表單功能在 <help:productname>%PRODUCTNAME</help:productname> 的文字、HTML、表格、簡報或繪圖等文件中都可用。例如，表單功能提供了文字欄位，使用者可以在其中輸入文字或引發某些動作的按鈕。在 <help:productname>%PRODUCTNAME</help:productname> 中，這些表單功能稱為<help:link Id="66036" Eid="kontrollfelder">控制項</help:link>。</text:p>
  <text:p text:style-name="Paragraph">表單就是透過將這些控制項插入文件中，並定義它們的屬性來進行設計的。表單也可以連結至資料庫。然後，這些控制項就可以顯示資料庫的資料，或者您可以使用它們來編輯資料庫中的資料和向資料庫輸入資料。</text:p>
  <text:p text:style-name="Paragraph">設計網頁時，您可以建立作為 HTML 文件的表單。這些 HTML 表單可用來經由 Internet 傳送資料。</text:p>
  <table:table table:name="Tabelle21" table:style-name="Tabelle21">
   <table:table-column table:style-name="Tabelle21.A"/>
   <table:table-column table:style-name="Tabelle21.B"/>
   <table:table-header-rows>
    <table:table-row table:style-name="Tabelle21.1">
     <table:table-cell table:style-name="Tabelle21.A1" table:value-type="string">
      <text:p text:style-name="Paragraph"><draw:image draw:name="圖示1" svg:desc="備註圖示" svg:pixelx="32" svg:pixely="32" svg:width="0.847cm" svg:height="0.847cm" xlink:href="65980" draw:filter-name=""/></text:p>

     </table:table-cell>
     <table:table-cell table:style-name="Tabelle21.A1" table:value-type="string">
      <text:p text:style-name="Paragraph">如果您建立 HTML 表單，僅可以匯出所選 HTML 版本支援的表單屬性。您可以選擇<text:span text:style-name="T1">[工具] - [選項]- [載入/儲存] - [HTML 相容]</text:span>，來選取用於匯出的 HTML 版本。</text:p>
     </table:table-cell>
    </table:table-row>
   </table:table-header-rows>
  </table:table>
  <table:table table:name="Tabelle20" table:style-name="Tabelle20">
   <table:table-column table:style-name="Tabelle20.A"/>
   <table:table-column table:style-name="Tabelle20.B"/>
   <table:table-header-rows>
    <table:table-row table:style-name="Tabelle20.1">
     <table:table-cell table:style-name="Tabelle20.A1" table:value-type="string">
      <text:p text:style-name="Paragraph"><draw:image draw:name="圖示2" svg:desc="警告圖示" svg:pixelx="32" svg:pixely="32" svg:width="0.847cm" svg:height="0.847cm" xlink:href="65640" draw:filter-name=""/></text:p>

     </table:table-cell>
     <table:table-cell table:style-name="Tabelle20.A1" table:value-type="string">
      <text:p text:style-name="Paragraph"><help:key-word value="控制項; 匯入和匯出" tag="kw66036_77"/><help:to-be-embedded Eid="formularimexport">StarOffice 5.0 以前的舊版本不支援目前 <help:productname>%PRODUCTNAME</help:productname> 版本中的表單功能。匯入和匯出含有控制項欄位的舊版本文件時，無法執行相應的轉換。匯入的只是紅色矩形，匯出的也只是藍色矩形，而不是控制項欄位及其屬性；表單屬性會在匯入和匯出時遺失。</help:to-be-embedded></text:p>
     </table:table-cell>
    </table:table-row>
   </table:table-header-rows>
  </table:table>
  <text:p text:style-name="Paragraph"><help:key-word value="插入; 表單欄位" tag="kw66036_76"/><help:key-word value="表單欄位; 插入" tag="kw66036_75"/>若要將特定的表單功能插入文件中，請按一下浮動工具列上的相應圖示。滑鼠指標會用十字游標指示您可以在文件中透過拖曳開啟該物件。為了建立正方形控制項欄位，請在拖曳時按 SHIFT 鍵。</text:p>
  <table:table table:name="Tabelle27" table:style-name="Tabelle27">
   <table:table-column table:style-name="Tabelle27.A"/>
   <table:table-column table:style-name="Tabelle27.B"/>
   <table:table-header-rows>
    <table:table-row table:style-name="Tabelle27.1">
     <table:table-cell table:style-name="Tabelle27.A1" table:value-type="string">
      <text:p text:style-name="Paragraph"><draw:image draw:name="圖示3" svg:desc="提示圖示" svg:pixelx="32" svg:pixely="32" svg:width="0.847cm" svg:height="0.847cm" xlink:href="66732" draw:filter-name=""/></text:p>

     </table:table-cell>
     <table:table-cell table:style-name="Tabelle27.A1" table:value-type="string">
      <text:p text:style-name="Paragraph">如果要從表格的欄位清單中或從查詢中將欄位插入表單，請將它們從開啟的表格或查詢中拖曳到表單中。在文字文件中，當您拖放欄首時欄位即被插入。在您拖曳欄首時，按住 <help:switch select="System"><help:case select ="MAC">COMMAND</help:case><help:default>CTRL</help:default></help:switch>+SHIFT 組合鍵，就會建立一組表單控制項和一個標籤。</text:p>
     </table:table-cell>
    </table:table-row>
   </table:table-header-rows>
  </table:table>
  <text:p text:style-name="Paragraph">將表單控制項插入文件之後，您就可以編輯其屬性了。選取控制項，並按一下<text:span text:style-name="T1">控制項屬性</text:span>圖示，或選擇<text:span text:style-name="T1">[控制項]</text:span>上下文功能表指令。螢幕上出現一個對話方塊，在此處您可以定義屬性。</text:p>
  <text:p text:style-name="Paragraph"><help:key-word value="助憶符號; 在控制項中" tag="kw66036_74"/>若要將標籤的一個字元定義為助憶符號，以便使用者可以按鍵盤上的該字元來快速存取該控制項，請在該標籤中的該字元前插入波浪號 (~) 字元。</text:p>
  <text:p text:style-name="Paragraph">您可以使用拖放在文件之間複製控制項，或者先將控制項複製到剪貼簿中，然後再將它們貼上至新的文件中。同時，<help:productname>%PRODUCTNAME</help:productname> 分析三個屬性，即<text:span text:style-name="T1">[表單屬性] - [資料]</text:span>標籤頁中的「資料源」、「內容類型」和「內容」，以便將控制項插入目標文件邏輯表單結構中的正確位置。例如，顯示通訊錄內容的控制項，在被複製到目標文件中後，仍顯示通訊錄內容。此控制項將被插入到此目標文件的表單結構中或因此而建立表單結構。</text:p>
  <text:p text:style-name="Paragraph"><a name="kontrollfelder"/>會有下述控制項：</text:p>
  <text:p text:style-name="Head 2"><help:help-id value="SID_FM_PUSHBUTTON"/><help:key-word value="指令按鈕; 表單功能" tag="kw66036_73"/><help:key-word value="按鈕; 表單功能" tag="kw66036_72"/><help:key-word value="按鈕; 表單功能" tag="kw66036_71"/><help:key-word value="控制項; 按鈕" tag="kw66036_70"/>按鈕</text:p>
  <table:table table:name="Tabelle2" table:style-name="Tabelle2">
   <table:table-column table:style-name="Tabelle2.A"/>
   <table:table-column table:style-name="Tabelle2.B"/>
   <table:table-header-rows>
    <table:table-row>
     <table:table-cell table:value-type="string">
      <text:p text:style-name="Paragraph"><draw:image draw:name="圖示4" svg:desc="圖示" svg:pixelx="25" svg:pixely="25" svg:width="0.661cm" svg:height="0.661cm" xlink:href="65740" draw:filter-name=""/></text:p>

     </table:table-cell>
     <table:table-cell table:value-type="string">
      <text:p text:style-name="Paragraph"><help:help-text value="visible">建立按鈕。</help:help-text>此功能可用於執行已定義事件的指令，例如按一下滑鼠。</text:p>
      <text:p text:style-name="Paragraph">這些按鈕可以採用文字和圖形。</text:p>
     </table:table-cell>
    </table:table-row>
   </table:table-header-rows>
  </table:table>
  <text:p text:style-name="Head 2"><help:help-id value="SID_FM_RADIOBUTTON"/><help:key-word value="選項按鈕; 表單功能" tag="kw66036_69"/><help:key-word value="單選按鈕; 表單功能" tag="kw66036_68"/><help:key-word value="選項欄位; 表單功能" tag="kw66036_67"/><help:key-word value="控制項; 選項欄位" tag="kw66036_66"/>選項欄位</text:p>
  <table:table table:name="Tabelle3" table:style-name="Tabelle3">
   <table:table-column table:style-name="Tabelle3.A"/>
   <table:table-column table:style-name="Tabelle3.B"/>
   <table:table-header-rows>
    <table:table-row>
     <table:table-cell table:value-type="string">
      <text:p text:style-name="Paragraph"><draw:image draw:name="圖示5" svg:desc="圖示" svg:pixelx="25" svg:pixely="25" svg:width="0.661cm" svg:height="0.661cm" xlink:href="66218" draw:filter-name=""/></text:p>

     </table:table-cell>
     <table:table-cell table:value-type="string">
      <text:p text:style-name="Paragraph"><help:help-text value="visible">建立選項按鈕。</help:help-text>使用選項按鈕，使用者可以選擇數個選項之一。功能相同的選項按鈕具有相同的名稱 (<help:link Id="65921" Eid="name"><text:span text:style-name="T1">[名稱]</text:span></help:link><text:span text:style-name="T1">屬性</text:span>)。通常，它們稱為<help:link Id="66036" Eid="gruppierungsrahmen">群組方塊</help:link>。</text:p>
     </table:table-cell>
    </table:table-row>
   </table:table-header-rows>
  </table:table>
  <text:p text:style-name="Head 2"><help:help-id value="SID_FM_CHECKBOX"/><help:key-word value="核取方塊; 表單功能" tag="kw66036_65"/><help:key-word value="核取方塊; 表單功能" tag="kw66036_64"/><help:key-word value="表單功能; 核取方塊" tag="kw66036_63"/><help:key-word value="控制項; 核取方塊" tag="kw66036_62"/>核取方塊</text:p>
  <table:table table:name="Tabelle4" table:style-name="Tabelle4">
   <table:table-column table:style-name="Tabelle4.A"/>
   <table:table-column table:style-name="Tabelle4.B"/>
   <table:table-header-rows>
    <table:table-row>
     <table:table-cell table:value-type="string">
      <text:p text:style-name="Paragraph"><draw:image draw:name="圖示6" svg:desc="圖示" svg:pixelx="25" svg:pixely="25" svg:width="0.661cm" svg:height="0.661cm" xlink:href="66135" draw:filter-name=""/></text:p>

     </table:table-cell>
     <table:table-cell table:value-type="string">
      <text:p text:style-name="Paragraph"><help:help-text value="visible">建立核取方塊。</help:help-text>使用核取方塊可以啟動或關閉表單中的某項功能。</text:p>
     </table:table-cell>
    </table:table-row>
   </table:table-header-rows>
  </table:table>
  <text:p text:style-name="Head 2"><help:help-id value="SID_FM_FIXEDTEXT"/><help:key-word value="貼標; 表單功能" tag="kw66036_61"/><help:key-word value="固定文字; 表單功能" tag="kw66036_60"/><help:key-word value="表單功能; 貼標" tag="kw66036_59"/><help:key-word value="控制項; 貼標" tag="kw66036_58"/>貼標欄位</text:p>
  <table:table table:name="Tabelle5" table:style-name="Tabelle5">
   <table:table-column table:style-name="Tabelle5.A"/>
   <table:table-column table:style-name="Tabelle5.B"/>
   <table:table-header-rows>
    <table:table-row>
     <table:table-cell table:value-type="string">
      <text:p text:style-name="Paragraph"><draw:image draw:name="圖示7" svg:desc="圖示" svg:pixelx="25" svg:pixely="25" svg:width="0.661cm" svg:height="0.661cm" xlink:href="65706" draw:filter-name=""/></text:p>

     </table:table-cell>
     <table:table-cell table:value-type="string">
      <text:p text:style-name="Paragraph"><help:help-text value="visible">建立用於顯示文字的欄位。</help:help-text>這些貼標僅顯示預先定義的文字，而無法在這些欄位中進行輸入。</text:p>
     </table:table-cell>
    </table:table-row>
   </table:table-header-rows>
  </table:table>
  <text:p text:style-name="Head 2"><help:help-id value="SID_FM_GROUPBOX"/><a name="gruppierungsrahmen"/><help:key-word value="群組方塊; 表單功能" tag="kw66036_57"/><help:key-word value="表單功能; 群組方塊" tag="kw66036_56"/><help:key-word value="群組方塊; 表單功能" tag="kw66036_55"/><help:key-word value="控制項; 群組方塊" tag="kw66036_54"/>群組方塊</text:p>
  <table:table table:name="Tabelle6" table:style-name="Tabelle6">
   <table:table-column table:style-name="Tabelle6.A"/>
   <table:table-column table:style-name="Tabelle6.B"/>
   <table:table-header-rows>
    <table:table-row>
     <table:table-cell table:value-type="string">
      <text:p text:style-name="Paragraph"><draw:image draw:name="圖示8" svg:desc="圖示" svg:pixelx="25" svg:pixely="25" svg:width="0.661cm" svg:height="0.661cm" xlink:href="65902" draw:filter-name=""/></text:p>

     </table:table-cell>
     <table:table-cell table:value-type="string">
      <text:p text:style-name="Paragraph"><help:help-text value="visible">建立可直觀地分組數個控制項的框。</help:help-text>使用群組方塊可以分組框中的選項按鈕。</text:p>
      <text:p text:style-name="Paragraph">如果將群組方塊插入文件，則會啟動<help:link Id="66124">「自動檔案助理 群組單元」</help:link>這個功能可簡易地建立選項群組。</text:p>
     </table:table-cell>
    </table:table-row>
   </table:table-header-rows>
  </table:table>
  <text:p text:style-name="Paragraph"><text:span text:style-name="T1">提示：</text:span>如果要透過已存在的控制項拖曳群組方塊，並接著要選取一個控制項，則您必須先在群組方塊的快顯功能表中呼叫<text:span text:style-name="T1">「排序」-「置與低層」</text:span>指令。如果您按住 <help:switch select="System"><help:case select ="MAC">(Command) 鍵</help:case><help:default>(Ctrl) 鍵</help:default></help:switch>並且在控制項上按一下滑鼠，便可以接著選取控制項。</text:p>
  <table:table table:name="Tabelle24" table:style-name="Tabelle24">
   <table:table-column table:style-name="Tabelle24.A"/>
   <table:table-column table:style-name="Tabelle24.B"/>
   <table:table-header-rows>
    <table:table-row table:style-name="Tabelle24.1">
     <table:table-cell table:style-name="Tabelle24.A1" table:value-type="string">
      <text:p text:style-name="Paragraph"><draw:image draw:name="圖示9" svg:desc="備註圖示" svg:pixelx="32" svg:pixely="32" svg:width="0.847cm" svg:height="0.847cm" xlink:href="65980" draw:filter-name=""/></text:p>

     </table:table-cell>
     <table:table-cell table:style-name="Tabelle24.A1" table:value-type="string">
      <text:p text:style-name="Paragraph">使用群組方塊僅為取得視覺效果。可以透過定義名稱對選項欄位進行功能群組：在所有選項欄位的<help:link Id="65921" Eid="name"><text:span text:style-name="T1">[名稱]</text:span></help:link>屬性下輸入相同的名稱，以便將它們群組。</text:p>
     </table:table-cell>
    </table:table-row>
   </table:table-header-rows>
  </table:table>
  <text:p text:style-name="Head 2"><help:help-id value="SID_FM_EDIT"/><help:key-word value="文字方塊; 表單功能" tag="kw66036_53"/><help:key-word value="表單功能; 文字方塊" tag="kw66036_52"/><help:key-word value="控制項; 文字方塊" tag="kw66036_51"/>文字方塊</text:p>
  <table:table table:name="Tabelle7" table:style-name="Tabelle7">
   <table:table-column table:style-name="Tabelle7.A"/>
   <table:table-column table:style-name="Tabelle7.B"/>
   <table:table-header-rows>
    <table:table-row>
     <table:table-cell table:value-type="string">
      <text:p text:style-name="Paragraph"><draw:image draw:name="圖示10" svg:desc="圖示" svg:pixelx="25" svg:pixely="25" svg:width="0.661cm" svg:height="0.661cm" xlink:href="66724" draw:filter-name=""/></text:p>

     </table:table-cell>
     <table:table-cell table:value-type="string">
      <text:p text:style-name="Paragraph"><help:help-text value="visible">建立文字方塊。</help:help-text>文字方塊是使用者可以輸入文字的欄位。在表單中，文字方塊顯示資料或者允許輸入新資料。</text:p>
     </table:table-cell>
    </table:table-row>
   </table:table-header-rows>
  </table:table>
  <text:p text:style-name="Head 2"><help:help-id value="SID_FM_LISTBOX"/><help:key-word value="表單功能; 清單方塊" tag="kw66036_50"/><help:key-word value="清單方塊; 表單功能" tag="kw66036_49"/><help:key-word value="挑選清單; 表單功能" tag="kw66036_48"/><help:key-word value="下拉式清單; 表單功能" tag="kw66036_47"/><help:key-word value="控制項; 清單方塊" tag="kw66036_46"/>清單方塊</text:p>
  <table:table table:name="Tabelle8" table:style-name="Tabelle8">
   <table:table-column table:style-name="Tabelle8.A"/>
   <table:table-column table:style-name="Tabelle8.B"/>
   <table:table-header-rows>
    <table:table-row>
     <table:table-cell table:value-type="string">
      <text:p text:style-name="Paragraph"><draw:image draw:name="圖示11" svg:desc="圖示" svg:pixelx="25" svg:pixely="25" svg:width="0.661cm" svg:height="0.661cm" xlink:href="66117" draw:filter-name=""/></text:p>

     </table:table-cell>
     <table:table-cell table:value-type="string">
      <text:p text:style-name="Paragraph"><help:help-text value="visible">透過這個圖示建立清單方塊。</help:help-text>這將使得使用者可以從清單中選取某個條目。如果表單已連結資料庫，且資料庫連結已啟動，則在文件中插入清單後，會自動顯示在建立控制項時協助您的<help:link Id="65956"><text:span text:style-name="T1">「自動檔案助理 清單方塊」</text:span></help:link>。</text:p>
     </table:table-cell>
    </table:table-row>
   </table:table-header-rows>
  </table:table>
  <text:p text:style-name="Head 2"><help:help-id value="SID_FM_COMBOBOX"/><help:key-word value="組合方塊; 表單功能" tag="kw66036_45"/><help:key-word value="表單功能; 組合方塊" tag="kw66036_44"/><help:key-word value="控制項; 組合方塊" tag="kw66036_43"/>組合方塊</text:p>
  <table:table table:name="Tabelle9" table:style-name="Tabelle9">
   <table:table-column table:style-name="Tabelle9.A"/>
   <table:table-column table:style-name="Tabelle9.B"/>
   <table:table-header-rows>
    <table:table-row>
     <table:table-cell table:value-type="string">
      <text:p text:style-name="Paragraph"><draw:image draw:name="圖示12" svg:desc="圖示" svg:pixelx="25" svg:pixely="25" svg:width="0.661cm" svg:height="0.661cm" xlink:href="66048" draw:filter-name=""/></text:p>

     </table:table-cell>
     <table:table-cell table:value-type="string">
      <text:p text:style-name="Paragraph"><help:help-text value="visible">建立組合方塊。</help:help-text>組合方塊是單行清單方塊，方塊中含有下拉式清單，使用者可以在其中選擇某個選項。可以將組合方塊指定為「唯讀」屬性，這樣，使用者便無法輸入清單所含條目以外的其他條目。如果將表單綁定到資料庫，而且資料庫連結處於使用中，則在文件中插入組合方塊後，螢幕上將自動顯示<help:link Id="65956"><text:span text:style-name="T1">[自動檔案助理組合方塊]</text:span></help:link>。</text:p>
     </table:table-cell>
    </table:table-row>
   </table:table-header-rows>
  </table:table>
  <text:p text:style-name="Head 2"><help:help-id value="SID_FM_IMAGEBUTTON"/><help:key-word value="圖示按鈕; 表單功能" tag="kw66036_42"/><help:key-word value="表單功能; 圖示按鈕" tag="kw66036_41"/><help:key-word value="圖示按鈕; 表單功能" tag="kw66036_40"/><help:key-word value="控制項; 圖示按鈕" tag="kw66036_39"/>圖示按鈕</text:p>
  <table:table table:name="Tabelle10" table:style-name="Tabelle10">
   <table:table-column table:style-name="Tabelle10.A"/>
   <table:table-column table:style-name="Tabelle10.B"/>
   <table:table-header-rows>
    <table:table-row>
     <table:table-cell table:value-type="string">
      <text:p text:style-name="Paragraph"><draw:image draw:name="圖示13" svg:desc="圖示" svg:pixelx="25" svg:pixely="25" svg:width="0.661cm" svg:height="0.661cm" xlink:href="65992" draw:filter-name=""/></text:p>

     </table:table-cell>
     <table:table-cell table:value-type="string">
      <text:p text:style-name="Paragraph"><help:help-text value="visible">建立顯示為影像的按鈕。</help:help-text>除了用圖形表示以外，影像按鈕與「普通」按鈕具有相同的屬性。</text:p>
     </table:table-cell>
    </table:table-row>
   </table:table-header-rows>
  </table:table>
  <text:p text:style-name="Head 2"><help:help-id value="SID_FM_IMAGECONTROL"/><a name="grafischeskontrollfeld"/><help:key-word value="圖式控制項; 表單功能" tag="kw66036_38"/><help:key-word value="表單功能; 圖式控制項" tag="kw66036_37"/><help:key-word value="圖式控制項; 表單功能" tag="kw66036_36"/><help:key-word value="控制項; 圖式控制項" tag="kw66036_35"/>圖式控制項</text:p>
  <table:table table:name="Tabelle19" table:style-name="Tabelle19">
   <table:table-column table:style-name="Tabelle19.A"/>
   <table:table-column table:style-name="Tabelle19.B"/>
   <table:table-header-rows>
    <table:table-row>
     <table:table-cell table:value-type="string">
      <text:p text:style-name="Paragraph"><draw:image draw:name="圖示14" svg:desc="圖示" svg:pixelx="25" svg:pixely="25" svg:width="0.661cm" svg:height="0.661cm" xlink:href="65941" draw:filter-name=""/></text:p>

     </table:table-cell>
     <table:table-cell table:value-type="string">
      <text:p text:style-name="Paragraph"><help:help-text value="visible">透過這個圖式建立一個圖式控制項。</help:help-text>這只能用來接受資料庫的影像。如果在表單檢視中，在這樣的一個欄位上按一下，則會開啟用來插入影像的<text:span text:style-name="T1">「插入圖形」</text:span>對話方塊。繪另外存在一個具有用來插入和刪除圖形之指令的快顯功能表 (不在設計模式中)。</text:p>
      <text:p text:style-name="Paragraph">可以在表單中顯示資料庫中的影像，而且只要影像控制項未處於防寫入保護狀態，就可以將新影像插入到資料庫中。該控制項必須參照某個影像類型的資料庫欄位，因此，請在<text:span text:style-name="T1">[資料]</text:span>標籤頁上的屬性視窗中輸入該資料欄位。</text:p>
     </table:table-cell>
    </table:table-row>
   </table:table-header-rows>
  </table:table>
  <text:p text:style-name="Head 2"><help:help-id value="SID_FM_FILECONTROL"/><help:key-word value="表單功能; 選取檔案" tag="kw66036_34"/><help:key-word value="選取檔案; 表單功能" tag="kw66036_33"/><help:key-word value="控制項; 選取檔案" tag="kw66036_32"/>選取檔案</text:p>
  <table:table table:name="Tabelle11" table:style-name="Tabelle11">
   <table:table-column table:style-name="Tabelle11.A"/>
   <table:table-column table:style-name="Tabelle11.B"/>
   <table:table-header-rows>
    <table:table-row>
     <table:table-cell table:value-type="string">
      <text:p text:style-name="Paragraph"><draw:image draw:name="圖示15" svg:desc="圖示" svg:pixelx="25" svg:pixely="25" svg:width="0.661cm" svg:height="0.661cm" xlink:href="65758" draw:filter-name=""/></text:p>

     </table:table-cell>
     <table:table-cell table:value-type="string">
      <text:p text:style-name="Paragraph"><help:help-text value="visible">建立用於選擇檔案的按鈕。</help:help-text></text:p>
     </table:table-cell>
    </table:table-row>
   </table:table-header-rows>
  </table:table>
  <text:p text:style-name="Head 2"><help:help-id value="SID_FM_DATEFIELD"/><help:key-word value="表單功能; 日期欄位" tag="kw66036_31"/><help:key-word value="日期欄位; 表單欄位" tag="kw66036_30"/><help:key-word value="控制項; 日期欄位" tag="kw66036_29"/>日期欄位</text:p>
  <table:table table:name="Tabelle12" table:style-name="Tabelle12">
   <table:table-column table:style-name="Tabelle12.A"/>
   <table:table-column table:style-name="Tabelle12.B"/>
   <table:table-header-rows>
    <table:table-row>
     <table:table-cell table:value-type="string">
      <text:p text:style-name="Paragraph"><draw:image draw:name="圖示16" svg:desc="圖示" svg:pixelx="25" svg:pixely="25" svg:width="0.661cm" svg:height="0.661cm" xlink:href="65757" draw:filter-name=""/></text:p>

     </table:table-cell>
     <table:table-cell table:value-type="string">
      <text:p text:style-name="Paragraph"><help:help-text value="visible">建立日期欄位。</help:help-text>如果將表單連結至資料庫，則可採用資料庫中的日期值。</text:p>
     </table:table-cell>
    </table:table-row>
   </table:table-header-rows>
  </table:table>
  <text:p text:style-name="Paragraph">給予日期欄位「擴展」屬性，則使用者便可以在日期欄位下擴展用來選取日期的行事曆。這也適用於表格控制項中的日期欄位。</text:p>
  <table:table table:name="Tabelle22" table:style-name="Tabelle22">
   <table:table-column table:style-name="Tabelle22.A"/>
   <table:table-column table:style-name="Tabelle22.B"/>
   <table:table-header-rows>
    <table:table-row table:style-name="Tabelle22.1">
     <table:table-cell table:style-name="Tabelle22.A1" table:value-type="string">
      <text:p text:style-name="Paragraph"><draw:image draw:name="圖示17" svg:desc="提示圖示" svg:pixelx="32" svg:pixely="32" svg:width="0.847cm" svg:height="0.847cm" xlink:href="66732" draw:filter-name=""/></text:p>

     </table:table-cell>
     <table:table-cell table:style-name="Tabelle22.A1" table:value-type="string">
      <text:p text:style-name="Paragraph">編輯日期欄位很容易，使用者僅需透過向上鍵或向下鍵，就可以增加或減少游標所在的日、月或年的值。</text:p>
     </table:table-cell>
    </table:table-row>
   </table:table-header-rows>
  </table:table>
  <text:p text:style-name="Paragraph"><help:link Id="66031">關於日期欄位的重要的提示</help:link>。</text:p>
  <text:p text:style-name="Head 2"><help:help-id value="SID_FM_TIMEFIELD"/><help:key-word value="標單功能; 時間欄位" tag="kw66036_28"/><help:key-word value="時間欄位; 表單功能" tag="kw66036_27"/><help:key-word value="控制項; 時間欄位" tag="kw66036_26"/>時間欄位</text:p>
  <table:table table:name="Tabelle13" table:style-name="Tabelle13">
   <table:table-column table:style-name="Tabelle13.A"/>
   <table:table-column table:style-name="Tabelle13.B"/>
   <table:table-header-rows>
    <table:table-row>
     <table:table-cell table:value-type="string">
      <text:p text:style-name="Paragraph"><draw:image draw:name="圖示18" svg:desc="圖示" svg:pixelx="25" svg:pixely="25" svg:width="0.661cm" svg:height="0.661cm" xlink:href="65760" draw:filter-name=""/></text:p>

     </table:table-cell>
     <table:table-cell table:value-type="string">
      <text:p text:style-name="Paragraph"><help:help-text value="visible">透過這個圖示建立時間欄位。</help:help-text>如果將表單和資料庫連結，則可以將資料庫中的時間值套用至表單。</text:p>
     </table:table-cell>
    </table:table-row>
   </table:table-header-rows>
  </table:table>
  <table:table table:name="Tabelle23" table:style-name="Tabelle23">
   <table:table-column table:style-name="Tabelle23.A"/>
   <table:table-column table:style-name="Tabelle23.B"/>
   <table:table-header-rows>
    <table:table-row table:style-name="Tabelle23.1">
     <table:table-cell table:style-name="Tabelle23.A1" table:value-type="string">
      <text:p text:style-name="Paragraph"><draw:image draw:name="圖示19" svg:desc="提示圖示" svg:pixelx="32" svg:pixely="32" svg:width="0.847cm" svg:height="0.847cm" xlink:href="66732" draw:filter-name=""/></text:p>

     </table:table-cell>
     <table:table-cell table:style-name="Tabelle23.A1" table:value-type="string">
      <text:p text:style-name="Paragraph">編輯時間欄位很容易，使用者僅需透過向上鍵或向下鍵，就可以增加或減少游標所在的小時、分鐘或秒的值。</text:p>
     </table:table-cell>
    </table:table-row>
   </table:table-header-rows>
  </table:table>
  <text:p text:style-name="Head 2"><help:help-id value="SID_FM_NUMERICFIELD"/><help:key-word value="表單功能; 數字欄位" tag="kw66036_25"/><help:key-word value="數字欄位; 表單功能" tag="kw66036_24"/><help:key-word value="控制項; 數字欄位" tag="kw66036_23"/>數字欄位</text:p>
  <table:table table:name="Tabelle14" table:style-name="Tabelle14">
   <table:table-column table:style-name="Tabelle14.A"/>
   <table:table-column table:style-name="Tabelle14.B"/>
   <table:table-header-rows>
    <table:table-row>
     <table:table-cell table:value-type="string">
      <text:p text:style-name="Paragraph"><draw:image draw:name="圖示20" svg:desc="圖示" svg:pixelx="25" svg:pixely="25" svg:width="0.661cm" svg:height="0.661cm" xlink:href="66193" draw:filter-name=""/></text:p>

     </table:table-cell>
     <table:table-cell table:value-type="string">
      <text:p text:style-name="Paragraph"><help:help-text value="visible">透過這個圖式建立一個數字欄位。</help:help-text>如果將表單和資料庫連結，則可以將資料庫中的數字值套用至表單。</text:p>
     </table:table-cell>
    </table:table-row>
   </table:table-header-rows>
  </table:table>
  <text:p text:style-name="Head 2"><help:help-id value="SID_FM_FORMATTEDFIELD"/><help:key-word value="表單功能; 格式化的欄位" tag="kw66036_22"/><help:key-word value="格式化的欄位; 表單功能" tag="kw66036_21"/><help:key-word value="控制項; 格式化的欄位" tag="kw66036_20"/>格式化的欄位</text:p>
  <table:table table:name="Tabelle28" table:style-name="Tabelle28">
   <table:table-column table:style-name="Tabelle28.A"/>
   <table:table-column table:style-name="Tabelle28.B"/>
   <table:table-header-rows>
    <table:table-row>
     <table:table-cell table:value-type="string">
      <text:p text:style-name="Paragraph"><draw:image draw:name="圖示21" svg:desc="圖示" svg:pixelx="25" svg:pixely="25" svg:width="0.661cm" svg:height="0.661cm" xlink:href="65889" draw:filter-name=""/></text:p>

     </table:table-cell>
     <table:table-cell table:value-type="string">
      <text:p text:style-name="Paragraph"><help:help-text value="visible">建立格式化的欄位。</help:help-text>格式化的欄位是一個文字方塊，用於定義如何格式化輸入和輸出，並定義採用的限定值。</text:p>
     </table:table-cell>
    </table:table-row>
   </table:table-header-rows>
  </table:table>
  <text:p text:style-name="Paragraph">格式化的欄位具有<help:link Id="65939">特別的控制項屬性</help:link> (<text:span text:style-name="T1">「格式」-「控制項」</text:span>)。</text:p>
  <text:p text:style-name="Head 2"><help:help-id value="SID_FM_CURRENCYFIELD"/><help:key-word value="表單功能; 貨幣欄位" tag="kw66036_19"/><help:key-word value="貨幣欄位; 表單功能" tag="kw66036_18"/><help:key-word value="控制項; 貨幣欄位" tag="kw66036_17"/>貨幣欄位</text:p>
  <table:table table:name="Tabelle15" table:style-name="Tabelle15">
   <table:table-column table:style-name="Tabelle15.A"/>
   <table:table-column table:style-name="Tabelle15.B"/>
   <table:table-header-rows>
    <table:table-row>
     <table:table-cell table:value-type="string">
      <text:p text:style-name="Paragraph"><draw:image draw:name="圖示22" svg:desc="圖示" svg:pixelx="25" svg:pixely="25" svg:width="0.661cm" svg:height="0.661cm" xlink:href="65933" draw:filter-name=""/></text:p>

     </table:table-cell>
     <table:table-cell table:value-type="string">
      <text:p text:style-name="Paragraph"><help:help-text value="visible">建立貨幣欄位。</help:help-text>如果將表單連結至資料庫，則可在表單中採用資料庫中的貨幣欄位內容。</text:p>
     </table:table-cell>
    </table:table-row>
   </table:table-header-rows>
  </table:table>
  <text:p text:style-name="Head 2"><help:help-id value="SID_FM_PATTERNFIELD"/><help:key-word value="表單功能; 遮罩欄位" tag="kw66036_16"/><help:key-word value="遮罩欄位; 表單功能" tag="kw66036_15"/><help:key-word value="控制項; 遮罩欄位" tag="kw66036_14"/>遮罩欄位</text:p>
  <table:table table:name="Tabelle16" table:style-name="Tabelle16">
   <table:table-column table:style-name="Tabelle16.A"/>
   <table:table-column table:style-name="Tabelle16.B"/>
   <table:table-header-rows>
    <table:table-row>
     <table:table-cell table:value-type="string">
      <text:p text:style-name="Paragraph"><draw:image draw:name="圖示23" svg:desc="圖示" svg:pixelx="25" svg:pixely="25" svg:width="0.661cm" svg:height="0.661cm" xlink:href="66136" draw:filter-name=""/></text:p>

     </table:table-cell>
     <table:table-cell table:value-type="string">
      <text:p text:style-name="Paragraph"><help:help-text value="visible">建立圖案欄位。</help:help-text>圖案欄位由編輯遮罩和文字遮罩構成。編輯遮罩確定可以輸入的資料，文字遮罩則確定載入表單時圖案欄位的內容。</text:p>
     </table:table-cell>
    </table:table-row>
   </table:table-header-rows>
  </table:table>
  <table:table table:name="Tabelle25" table:style-name="Tabelle25">
   <table:table-column table:style-name="Tabelle25.A"/>
   <table:table-column table:style-name="Tabelle25.B"/>
   <table:table-header-rows>
    <table:table-row table:style-name="Tabelle25.1">
     <table:table-cell table:style-name="Tabelle25.A1" table:value-type="string">
      <text:p text:style-name="Paragraph"><draw:image draw:name="圖示24" svg:desc="備註圖示" svg:pixelx="32" svg:pixely="32" svg:width="0.847cm" svg:height="0.847cm" xlink:href="65980" draw:filter-name=""/></text:p>

     </table:table-cell>
     <table:table-cell table:style-name="Tabelle25.A1" table:value-type="string">
      <text:p text:style-name="Paragraph">無法在 HTML 格式中顧及遮罩欄位。</text:p>
     </table:table-cell>
    </table:table-row>
   </table:table-header-rows>
  </table:table>
  <text:p text:style-name="Head 2"><help:help-id value="SID_FM_DBGRID"/><help:key-word value="表格控制項; 表單功能" tag="kw66036_13"/><help:key-word value="表單功能; 表格控制項" tag="kw66036_12"/><help:key-word value="表格控制項; 表單功能" tag="kw66036_11"/><help:key-word value="控制項; 表格控制項" tag="kw66036_10"/>表格控制項</text:p>
  <table:table table:name="Tabelle18" table:style-name="Tabelle18">
   <table:table-column table:style-name="Tabelle18.A"/>
   <table:table-column table:style-name="Tabelle18.B"/>
   <table:table-header-rows>
    <table:table-row>
     <table:table-cell table:value-type="string">
      <text:p text:style-name="Paragraph"><draw:image draw:name="圖示25" svg:desc="圖示" svg:pixelx="25" svg:pixely="25" svg:width="0.661cm" svg:height="0.661cm" xlink:href="66700" draw:filter-name=""/></text:p>

     </table:table-cell>
     <table:table-cell table:value-type="string">
      <text:p text:style-name="Paragraph"><help:help-text value="visible">透過這個圖示建立一個資料庫工作表的控制項。</help:help-text>如果建立一個新的表格控制項，則在建立控制項時有幫助的<help:link Id="65918"><text:span text:style-name="T1">「自動檔案助理 表格單元」</text:span></help:link>便會自動顯示。</text:p>
      <text:p text:style-name="Paragraph">表格控制項欄位是資料庫表單的表格式檢視。如果連結表單與資料庫，表格控制項欄位就可以顯示資料源的資料。您可以像使用資料源檢視一樣使用此控制項欄位，可以輸入、刪除和編輯資料。</text:p>
     </table:table-cell>
    </table:table-row>
   </table:table-header-rows>
  </table:table>
  <text:p text:style-name="Paragraph"><help:link Id="65924">關於表格控制項的特殊提示</help:link>。</text:p>
  <text:p text:style-name="Head 2"><a name="edit"/><help:key-word value="表單功能; 選擇" tag="kw66036_9"/><help:key-word value="選擇; 表單功能" tag="kw66036_8"/><help:key-word value="控制項; 選擇" tag="kw66036_7"/>選擇</text:p>
  <table:table table:name="Tabelle17" table:style-name="Tabelle17">
   <table:table-column table:style-name="Tabelle17.A"/>
   <table:table-column table:style-name="Tabelle17.B"/>
   <table:table-header-rows>
    <table:table-row>
     <table:table-cell table:value-type="string">
      <text:p text:style-name="Paragraph"><draw:image draw:name="圖示26" svg:desc="圖示" svg:pixelx="25" svg:pixely="25" svg:width="0.661cm" svg:height="0.661cm" xlink:href="65688" draw:filter-name=""/></text:p>

     </table:table-cell>
     <table:table-cell table:value-type="string">
      <text:p text:style-name="Paragraph"><help:help-text value="visible">此圖示用於啟動或關閉滑鼠指標的選取模式。選取模式用於選取目前表單中的控制項。</help:help-text></text:p>
     </table:table-cell>
    </table:table-row>
   </table:table-header-rows>
  </table:table>
  <help:embedded Id="65962" Eid="control"></help:embedded>
  <help:embedded Id="65962" Eid="kontroll"></help:embedded>
  <help:embedded Id="65594" Eid="sycontroleigenschaften"></help:embedded>
  <help:embedded Id="65960" Eid="formular"></help:embedded>
  <help:embedded Id="65960" Eid="form"></help:embedded>
  <help:embedded Id="65594" Eid="syformulareigenschaften"></help:embedded>
  <help:embedded Id="66039" Eid="tabordner"></help:embedded>
  <help:embedded Id="66039" Eid="text"></help:embedded>
  <help:embedded Id="65594" Eid="sytabordner"></help:embedded>
  <text:p text:style-name="Head 2"><help:link Id="66002">新增欄位</help:link></text:p>
  <help:embedded Id="66002" Eid="text"></help:embedded>
  <help:embedded Id="65594" Eid="syfeldhinzu"></help:embedded>
  <help:embedded Id="65950" Eid="formex"></help:embedded>
  <help:embedded Id="65594" Eid="syformex"></help:embedded>
  <help:embedded Id="66018" Eid="designmodus"></help:embedded>
  <help:embedded Id="65594" Eid="sydesign"></help:embedded>
  <help:embedded Id="65937" Eid="imentwurfsmodusoeffnen"></help:embedded>
  <help:embedded Id="65594" Eid="syimentwurfsmodusoeffnen"></help:embedded>
  <text:p text:style-name="Head 2"><help:help-id value="SID_FM_AUTOCONTROLFOCUS"/><help:key-word value="控制項; 焦點" tag="kw66036_6"/><help:key-word value="焦點; 控制項" tag="kw66036_5"/><help:key-word value="表單; 開啟後對準" tag="kw66036_4"/><help:key-word value="自動對準控制單元" tag="kw66036_3"/><help:key-word value="自動對準; 控制項" tag="kw66036_2"/>自動對準控制單元</text:p>
  <table:table table:name="Tabelle26" table:style-name="Tabelle26">
   <table:table-column table:style-name="Tabelle26.A"/>
   <table:table-column table:style-name="Tabelle26.B"/>
   <table:table-header-rows>
    <table:table-row>
     <table:table-cell table:value-type="string">
      <text:p text:style-name="Paragraph"><draw:image draw:name="圖示27" svg:desc="圖示" svg:pixelx="25" svg:pixely="25" svg:width="0.661cm" svg:height="0.661cm" xlink:href="65694" draw:filter-name=""/></text:p>

     </table:table-cell>
     <table:table-cell table:value-type="string">
      <text:p text:style-name="Paragraph"><help:help-text value="visible">如果已啟動<text:span text:style-name="T1">[自動對準控制單元]</text:span>，則當您開啟文件時，第一個表單控制項將被選取。如果未啟動此按鈕，則在開啟文件後，文字將被選取。您已經指定的<help:link Id="66039" Eid="tabordner">[啟動順序]</help:link>決定哪一個表單控制項是第一個。</help:help-text></text:p>
     </table:table-cell>
    </table:table-row>
   </table:table-header-rows>
  </table:table>
  <help:embedded Id="65904" Eid="autopilotenanaus"></help:embedded>
  <help:embedded Id="65594" Eid="syautopilotenanaus"></help:embedded>
  <text:p text:style-name="Head 2"><help:link Id="65957">快顯功能表中的指令</help:link></text:p>
 </office:body>
</office:document>
