

<office:document  xmlns:office="http://openoffice.org/2000/office" xmlns:style="http://openoffice.org/2000/style" xmlns:text="http://openoffice.org/2000/text" xmlns:table="http://openoffice.org/2000/table" xmlns:draw="http://openoffice.org/2000/drawing" xmlns:fo="http://www.w3.org/1999/XSL/Format" xmlns:xlink="http://www.w3.org/1999/xlink" xmlns:number="http://openoffice.org/2000/datastyle" xmlns:svg="http://www.w3.org/2000/svg" xmlns:chart="http://openoffice.org/2000/chart" xmlns:dr3d="http://openoffice.org/2000/dr3d" xmlns:math="http://www.w3.org/1998/Math/MathML" xmlns:form="http://openoffice.org/2000/form" xmlns:script="http://openoffice.org/2000/script" office:class="text" office:version="1.0" xmlns:dc="http://purl.org/dc/elements/1.1/" xmlns:meta="http://openoffice.org/2000/meta" xmlns:help="http://openoffice.org/2000/help">
<office:meta>
  <dc:description>text/common/02/01170102</dc:description>
  <dc:subject>資料</dc:subject>
  <meta:keywords>
   <meta:keyword>$Version</meta:keyword>
  </meta:keywords>
  <dc:language>zh-TW</dc:language>
  <meta:user-defined meta:name="Info 0">READY</meta:user-defined>
  <meta:user-defined meta:name="Info 1">FREE_OK</meta:user-defined>
  <meta:user-defined meta:name="Info 2"/>
  <meta:user-defined meta:name="Info 3"/>
</office:meta>
 <office:script/>
 <office:font-decls>
  <style:font-decl style:name="StarSymbol" fo:font-family="StarSymbol" style:font-charset="x-symbol"/>
  <style:font-decl style:name="Courier New" fo:font-family="&apos;Courier New&apos;" style:font-style-name="Standard" style:font-family-generic="modern" style:font-pitch="fixed"/>
  <style:font-decl style:name="Courier" fo:font-family="Courier" style:font-family-generic="roman" style:font-pitch="fixed"/>
  <style:font-decl style:name="Andale WT UI3" fo:font-family="&apos;Andale WT UI&apos;" style:font-pitch="variable"/>
  <style:font-decl style:name="Arial Unicode MS" fo:font-family="&apos;Arial Unicode MS&apos;" style:font-pitch="variable"/>
  <style:font-decl style:name="HG Mincho Light J" fo:font-family="&apos;HG Mincho Light J&apos;" style:font-pitch="variable"/>
  <style:font-decl style:name="Andale WT UI" fo:font-family="&apos;Andale WT UI&apos;" style:font-style-name="Fett" style:font-family-generic="roman" style:font-pitch="variable"/>
  <style:font-decl style:name="Andale WT UI1" fo:font-family="&apos;Andale WT UI&apos;" style:font-style-name="Standard" style:font-family-generic="roman" style:font-pitch="variable"/>
  <style:font-decl style:name="Thorndale" fo:font-family="Thorndale" style:font-family-generic="roman" style:font-pitch="variable"/>
  <style:font-decl style:name="Times New Roman" fo:font-family="&apos;Times New Roman&apos;" style:font-style-name="Fett" style:font-family-generic="roman" style:font-pitch="variable"/>
  <style:font-decl style:name="Andale WT UI2" fo:font-family="&apos;Andale WT UI&apos;" style:font-family-generic="swiss" style:font-pitch="variable"/>
 </office:font-decls>
 <office:automatic-styles>
  <style:style style:name="Tabelle2" style:family="table">
   <style:properties style:width="18cm" table:align="margins"/>
  </style:style>
  <style:style style:name="Tabelle2.A" style:family="table-column">
   <style:properties style:column-width="1.499cm" style:rel-column-width="5460*"/>
  </style:style>
  <style:style style:name="Tabelle2.B" style:family="table-column">
   <style:properties style:column-width="16.501cm" style:rel-column-width="60075*"/>
  </style:style>
  <style:style style:name="Tabelle2.1" style:family="table-row">
   <style:properties style:min-row-height="0.848cm"/>
  </style:style>
  <style:style style:name="Tabelle2.A1" style:family="table-cell">
   <style:properties fo:padding="0cm" fo:border="none"/>
  </style:style>
  <style:style style:name="Tabelle5" style:family="table">
   <style:properties style:width="18cm" table:align="margins"/>
  </style:style>
  <style:style style:name="Tabelle5.A" style:family="table-column">
   <style:properties style:column-width="1.499cm" style:rel-column-width="5460*"/>
  </style:style>
  <style:style style:name="Tabelle5.B" style:family="table-column">
   <style:properties style:column-width="16.501cm" style:rel-column-width="60075*"/>
  </style:style>
  <style:style style:name="Tabelle5.1" style:family="table-row">
   <style:properties style:min-row-height="0.848cm"/>
  </style:style>
  <style:style style:name="Tabelle5.A1" style:family="table-cell">
   <style:properties fo:padding="0cm" fo:border="none"/>
  </style:style>
  <style:style style:name="Tabelle4" style:family="table">
   <style:properties style:width="17.995cm" fo:margin-left="0cm" fo:margin-right="0.005cm" table:align="margins"/>
  </style:style>
  <style:style style:name="Tabelle4.A" style:family="table-column">
   <style:properties style:column-width="5.152cm" style:rel-column-width="18761*"/>
  </style:style>
  <style:style style:name="Tabelle4.B" style:family="table-column">
   <style:properties style:column-width="12.843cm" style:rel-column-width="46774*"/>
  </style:style>
  <style:style style:name="Tabelle4.A1" style:family="table-cell">
   <style:properties fo:padding="0.049cm" fo:border-left="0.002cm solid #000000" fo:border-right="none" fo:border-top="0.002cm solid #000000" fo:border-bottom="0.002cm solid #000000"/>
  </style:style>
  <style:style style:name="Tabelle4.B1" style:family="table-cell">
   <style:properties fo:padding="0.049cm" fo:border="0.002cm solid #000000"/>
  </style:style>
  <style:style style:name="Tabelle4.A2" style:family="table-cell">
   <style:properties fo:vertical-align="top" fo:padding="0.049cm" fo:border-left="0.002cm solid #000000" fo:border-right="none" fo:border-top="none" fo:border-bottom="0.002cm solid #000000"/>
  </style:style>
  <style:style style:name="Tabelle4.B2" style:family="table-cell">
   <style:properties fo:padding="0.049cm" fo:border-left="0.002cm solid #000000" fo:border-right="0.002cm solid #000000" fo:border-top="none" fo:border-bottom="0.002cm solid #000000"/>
  </style:style>
  <style:style style:name="Tabelle3" style:family="table">
   <style:properties style:width="17.995cm" fo:margin-left="0cm" fo:margin-right="0.005cm" table:align="margins"/>
  </style:style>
  <style:style style:name="Tabelle3.A" style:family="table-column">
   <style:properties style:column-width="5.152cm" style:rel-column-width="18761*"/>
  </style:style>
  <style:style style:name="Tabelle3.B" style:family="table-column">
   <style:properties style:column-width="12.843cm" style:rel-column-width="46774*"/>
  </style:style>
  <style:style style:name="Tabelle3.A1" style:family="table-cell">
   <style:properties fo:padding="0.049cm" fo:border-left="0.002cm solid #000000" fo:border-right="none" fo:border-top="0.002cm solid #000000" fo:border-bottom="0.002cm solid #000000"/>
  </style:style>
  <style:style style:name="Tabelle3.B1" style:family="table-cell">
   <style:properties fo:padding="0.049cm" fo:border="0.002cm solid #000000"/>
  </style:style>
  <style:style style:name="Tabelle3.A2" style:family="table-cell">
   <style:properties fo:vertical-align="top" fo:padding="0.049cm" fo:border-left="0.002cm solid #000000" fo:border-right="none" fo:border-top="none" fo:border-bottom="0.002cm solid #000000"/>
  </style:style>
  <style:style style:name="Tabelle3.B2" style:family="table-cell">
   <style:properties fo:padding="0.049cm" fo:border-left="0.002cm solid #000000" fo:border-right="0.002cm solid #000000" fo:border-top="none" fo:border-bottom="0.002cm solid #000000"/>
  </style:style>
  <style:style style:name="Tabelle1" style:family="table">
   <style:properties style:width="18cm" table:align="margins"/>
  </style:style>
  <style:style style:name="Tabelle1.A" style:family="table-column">
   <style:properties style:column-width="4.5cm" style:rel-column-width="16383*"/>
  </style:style>
  <style:style style:name="Tabelle1.D" style:family="table-column">
   <style:properties style:column-width="4.501cm" style:rel-column-width="16386*"/>
  </style:style>
  <style:style style:name="Tabelle1.A1" style:family="table-cell">
   <style:properties fo:padding="0.049cm" fo:border-left="0.002cm solid #000000" fo:border-right="none" fo:border-top="0.002cm solid #000000" fo:border-bottom="0.002cm solid #000000"/>
  </style:style>
  <style:style style:name="Tabelle1.D1" style:family="table-cell">
   <style:properties fo:padding="0.049cm" fo:border="0.002cm solid #000000"/>
  </style:style>
  <style:style style:name="Tabelle1.A2" style:family="table-cell">
   <style:properties fo:padding="0.049cm" fo:border-left="0.002cm solid #000000" fo:border-right="none" fo:border-top="none" fo:border-bottom="0.002cm solid #000000"/>
  </style:style>
  <style:style style:name="Tabelle1.D2" style:family="table-cell">
   <style:properties fo:padding="0.049cm" fo:border-left="0.002cm solid #000000" fo:border-right="0.002cm solid #000000" fo:border-top="none" fo:border-bottom="0.002cm solid #000000"/>
  </style:style>
  <style:style style:name="P1" style:family="paragraph" style:parent-style-name="Paragraph" style:master-page-name="HTML">
   <style:properties style:page-number="0"/>
  </style:style>
  <style:style style:name="P2" style:family="paragraph" style:parent-style-name="Paragraph" style:list-style-name="L1"/>
  <style:style style:name="P3" style:family="paragraph" style:parent-style-name="Paragraph" style:list-style-name="L2"/>
  <style:style style:name="P4" style:family="paragraph" style:parent-style-name="Paragraph">
   <style:properties fo:font-weight="bold"/>
  </style:style>
  <style:style style:name="T1" style:family="text">
   <style:properties fo:font-weight="bold"/>
  </style:style>
  <style:style style:name="fr1" style:family="graphics" style:parent-style-name="Graphics">
   <style:properties fo:margin-left="0cm" fo:margin-right="0cm" fo:margin-top="0cm" fo:margin-bottom="0cm" style:run-through="foreground" style:wrap="run-through" style:vertical-pos="middle" style:vertical-rel="paragraph" style:horizontal-pos="left" style:horizontal-rel="paragraph" style:mirror="none" fo:clip="rect(0cm 0cm 0cm 0cm)" draw:luminance="0%" draw:contrast="0%" draw:red="0%" draw:green="0%" draw:blue="0%" draw:gamma="1" draw:color-inversion="false" draw:transparency="-100%" draw:color-mode="standard"/>
  </style:style>
  <text:list-style style:name="L1">
   <text:list-level-style-bullet text:level="1" text:style-name="Bullet Symbols" style:num-suffix="." text:bullet-char="•">
    <style:properties text:min-label-width="0.499cm" style:font-name="StarSymbol"/>
   </text:list-level-style-bullet>
   <text:list-level-style-bullet text:level="2" text:style-name="Bullet Symbols" style:num-suffix="." text:bullet-char="•">
    <style:properties text:space-before="0.499cm" text:min-label-width="0.499cm" style:font-name="StarSymbol"/>
   </text:list-level-style-bullet>
   <text:list-level-style-bullet text:level="3" text:style-name="Bullet Symbols" style:num-suffix="." text:bullet-char="•">
    <style:properties text:space-before="0.999cm" text:min-label-width="0.499cm" style:font-name="StarSymbol"/>
   </text:list-level-style-bullet>
   <text:list-level-style-bullet text:level="4" text:style-name="Bullet Symbols" style:num-suffix="." text:bullet-char="•">
    <style:properties text:space-before="1.498cm" text:min-label-width="0.499cm" style:font-name="StarSymbol"/>
   </text:list-level-style-bullet>
   <text:list-level-style-bullet text:level="5" text:style-name="Bullet Symbols" style:num-suffix="." text:bullet-char="•">
    <style:properties text:space-before="1.997cm" text:min-label-width="0.499cm" style:font-name="StarSymbol"/>
   </text:list-level-style-bullet>
   <text:list-level-style-number text:level="6" style:num-suffix="." style:num-format="1">
    <style:properties text:space-before="2.501cm" text:min-label-width="0.499cm"/>
   </text:list-level-style-number>
   <text:list-level-style-number text:level="7" style:num-suffix="." style:num-format="1">
    <style:properties text:space-before="3.001cm" text:min-label-width="0.499cm"/>
   </text:list-level-style-number>
   <text:list-level-style-number text:level="8" style:num-suffix="." style:num-format="1">
    <style:properties text:space-before="3.502cm" text:min-label-width="0.499cm"/>
   </text:list-level-style-number>
   <text:list-level-style-number text:level="9" style:num-suffix="." style:num-format="1">
    <style:properties text:space-before="4.001cm" text:min-label-width="0.499cm"/>
   </text:list-level-style-number>
   <text:list-level-style-number text:level="10" style:num-suffix="." style:num-format="1">
    <style:properties text:space-before="4.502cm" text:min-label-width="0.499cm"/>
   </text:list-level-style-number>
  </text:list-style>
  <text:list-style style:name="L2">
   <text:list-level-style-bullet text:level="1" text:style-name="Bullet Symbols" style:num-suffix="." text:bullet-char="•">
    <style:properties text:min-label-width="0.499cm" style:font-name="StarSymbol"/>
   </text:list-level-style-bullet>
   <text:list-level-style-bullet text:level="2" text:style-name="Bullet Symbols" style:num-suffix="." text:bullet-char="•">
    <style:properties text:space-before="0.499cm" text:min-label-width="0.499cm" style:font-name="StarSymbol"/>
   </text:list-level-style-bullet>
   <text:list-level-style-bullet text:level="3" text:style-name="Bullet Symbols" style:num-suffix="." text:bullet-char="•">
    <style:properties text:space-before="0.999cm" text:min-label-width="0.499cm" style:font-name="StarSymbol"/>
   </text:list-level-style-bullet>
   <text:list-level-style-bullet text:level="4" text:style-name="Bullet Symbols" style:num-suffix="." text:bullet-char="•">
    <style:properties text:space-before="1.498cm" text:min-label-width="0.499cm" style:font-name="StarSymbol"/>
   </text:list-level-style-bullet>
   <text:list-level-style-bullet text:level="5" text:style-name="Bullet Symbols" style:num-suffix="." text:bullet-char="•">
    <style:properties text:space-before="1.997cm" text:min-label-width="0.499cm" style:font-name="StarSymbol"/>
   </text:list-level-style-bullet>
   <text:list-level-style-number text:level="6" style:num-suffix="." style:num-format="1">
    <style:properties text:space-before="2.501cm" text:min-label-width="0.499cm"/>
   </text:list-level-style-number>
   <text:list-level-style-number text:level="7" style:num-suffix="." style:num-format="1">
    <style:properties text:space-before="3.001cm" text:min-label-width="0.499cm"/>
   </text:list-level-style-number>
   <text:list-level-style-number text:level="8" style:num-suffix="." style:num-format="1">
    <style:properties text:space-before="3.502cm" text:min-label-width="0.499cm"/>
   </text:list-level-style-number>
   <text:list-level-style-number text:level="9" style:num-suffix="." style:num-format="1">
    <style:properties text:space-before="4.001cm" text:min-label-width="0.499cm"/>
   </text:list-level-style-number>
   <text:list-level-style-number text:level="10" style:num-suffix="." style:num-format="1">
    <style:properties text:space-before="4.502cm" text:min-label-width="0.499cm"/>
   </text:list-level-style-number>
  </text:list-style>
 </office:automatic-styles>
 <office:body>
  <text:variable-decls>
   <text:variable-decl text:value-type="string" text:name="HTML_ON"/>
   <text:variable-decl text:value-type="string" text:name="HTML_OFF"/>
   <text:variable-decl text:value-type="string" text:name="TITEL"/>
   <text:variable-decl text:value-type="string" text:name="END"/>
   <text:variable-decl text:value-type="string" text:name="HelpID"/>
   <text:variable-decl text:value-type="string" text:name="NAME"/>
   <text:variable-decl text:value-type="string" text:name="HREF"/>
   <text:variable-decl text:value-type="string" text:name="MODIFY"/>
   <text:variable-decl text:value-type="string" text:name="REFNR"/>
   <text:variable-decl text:value-type="string" text:name="OS2"/>
   <text:variable-decl text:value-type="string" text:name="ELSE"/>
   <text:variable-decl text:value-type="string" text:name="AKTHLP"/>
   <text:variable-decl text:value-type="string" text:name="KEY"/>
   <text:variable-decl text:value-type="string" text:name="INDEX"/>
   <text:variable-decl text:value-type="string" text:name="STYLE"/>
  </text:variable-decls>
  <text:sequence-decls>
   <text:sequence-decl text:display-outline-level="0" text:name="Illustration"/>
   <text:sequence-decl text:display-outline-level="0" text:name="Table"/>
   <text:sequence-decl text:display-outline-level="0" text:name="Text"/>
   <text:sequence-decl text:display-outline-level="0" text:name="Drawing"/>
  </text:sequence-decls>
  <help:to-be-embedded Eid="daten">
  <text:p text:style-name="Head 1"><help:link Id="65983">資料</help:link></text:p>
  <text:p text:style-name="Paragraph"><text:span text:style-name="T1">[資料]</text:span>標籤頁允許您將資料源指定給選取的控制項。</text:p>
  </help:to-be-embedded>
  <help:popup Id="65594" Eid="controleigenschaftendaten"><help:embedded Id="65598" Eid="wie"></help:embedded></help:popup>
  <table:table table:name="Tabelle2" table:style-name="Tabelle2">
   <table:table-column table:style-name="Tabelle2.A"/>
   <table:table-column table:style-name="Tabelle2.B"/>
   <table:table-header-rows>
    <table:table-row table:style-name="Tabelle2.1">
     <table:table-cell table:style-name="Tabelle2.A1" table:value-type="string">
      <text:p text:style-name="Paragraph"><draw:image draw:name="圖示0" svg:desc="備註圖示" svg:pixelx="32" svg:pixely="32" svg:width="0.847cm" svg:height="0.847cm" xlink:href="65980" draw:filter-name=""/></text:p>

     </table:table-cell>
     <table:table-cell table:style-name="Tabelle2.A1" table:value-type="string">
      <text:p text:style-name="Paragraph">所屬的資料庫可針對具有資料庫連結的表單在<help:link Id="65960">表單屬性</help:link>中設定。在此，可以在<help:link Id="65955"><text:span text:style-name="T1">「資料」</text:span></help:link>選項標籤中找到這個功能。</text:p>
     </table:table-cell>
    </table:table-row>
   </table:table-header-rows>
  </table:table>
  <text:p text:style-name="Paragraph">控制項的<text:span text:style-name="T1">[資料]</text:span>標籤頁的可能設定取決於相應的控制項。您僅能看見目前控制項和上下文可用的選項。下列欄位可用：</text:p>
  <text:p text:style-name="Head 2"><help:help-id value="HID_PROP_CONTROLSOURCE"/>資料欄位</text:p>
  <text:p text:style-name="Paragraph"><help:help-text value="hide">指定該控制項所參照的資料源表格欄位。</help:help-text>使用資料庫表單，您可以將控制項與這些資料欄位連結。</text:p>
  <text:p text:style-name="Paragraph">有以下數種可能：</text:p>
  <text:unordered-list text:style-name="L1">
   <text:list-item>
    <text:p text:style-name="P2">第一種情形：表單中僅有一個表格。</text:p>
    <text:p text:style-name="P2">在<text:span text:style-name="T1">[資料欄位]</text:span>中，指定資料源表格中要顯示內容的欄位。</text:p>
   </text:list-item>
   <text:list-item>
    <text:p text:style-name="P2">第二種情形：控制項屬於一個由 SQL 查詢建立的子表單。</text:p>
    <text:p text:style-name="P2">在<text:span text:style-name="T1">[資料欄位]</text:span>中，指定要顯示內容的 SQL 陳述欄位。</text:p>
   </text:list-item>
  </text:unordered-list>
  <text:unordered-list text:style-name="L2">
   <text:list-item>
    <text:p text:style-name="P3">第三種情形：<help:link Id="65956" Eid="kombinationsfelder">組合方塊</help:link></text:p>
    <text:p text:style-name="P3">在組合方塊中的<text:span text:style-name="T1">調節方塊</text:span>下指定目前表單工作表的欄位，可在其中儲存由使用者所輸入或選取的數值。(在組合方塊清單中所顯示的數值可以透過 SQL 陳述決定，可在<text:span text:style-name="T1">清單內容</text:span>下鍵入組合方塊。)</text:p>
   </text:list-item>
   <text:list-item>
    <text:p text:style-name="P3">第四種情形：<help:link Id="65956" Eid="listenfelder">清單方塊</help:link></text:p>
    <text:p text:style-name="P3">此資料源表格不包含要顯示的資料，但包含透過共用資料欄位連結至此資料源表格的表格。</text:p>
    <text:p text:style-name="P3">如果要清單方塊顯示連結至目前資料源表格的表格中的資料，請在<text:span text:style-name="T1">[資料欄位]</text:span>下，指定該清單方塊的內容所參照的資料源表格的欄位。或者您可以指定控制此表單中資料顯示的資料庫欄位。如果兩個表格可以透過共用資料欄位連結，則此資料欄位提供與另一個表格的捷徑。這個資料欄位通常儲存有唯一的識別碼。在此表單中顯示內容的資料欄位由<text:span text:style-name="T1">[清單內容]</text:span>下的 SQL 陳述來指定。</text:p>
   </text:list-item>
  </text:unordered-list>
  <text:p text:style-name="Paragraph">和參照一起執行清單方塊。這可以藉由所連結的工作表透過 SQL 陳述來進行 (第四種情形) 或是透過數值清單:</text:p>
  <text:p text:style-name="Paragraph"><help:key-word value="控制項; 參照" tag="kw65983_1"/><text:span text:style-name="T1">所連結工作表中的參照 (SQL 陳述)</text:span></text:p>
  <text:p text:style-name="Paragraph">如果要清單方塊顯示資料庫表格 (透過共用資料欄位連結至此表單所依據的表格) 中的資料，則此表單表格的捷徑欄位在<text:span text:style-name="T1">[資料欄位]</text:span>下指定。</text:p>
  <text:p text:style-name="Paragraph">如果您選取了「SQL」或「Native SQL」，則可建立與在<text:span text:style-name="T1">[清單內容的類型]</text:span>下的<text:span text:style-name="T1">[清單內容]</text:span>欄位中指定的 SQL Select 之間的連結。例如，表格「Orders」與目前的表單控制項相連結，在資料庫中表格「Customers」與表格「Orders」相連結。您可以使用如下的 SQL 陳述：</text:p>
  <text:p text:style-name="Paragraph">選取「顧客名稱」，顧客中的「顧客編號」，</text:p>
  <text:p text:style-name="Paragraph">其中「CustomerName」是來源於相連結的表格「Customers」中的資料欄位，「CustomerNo」是表格「Customers」中的欄位，而表格「Customers」與<text:span text:style-name="T1">[資料欄位]</text:span>下指定的表單表格「Orders」中的一個欄位相連結。</text:p>
  <text:p text:style-name="Paragraph"><a name="referenzenwerteliste"/><text:span text:style-name="T1">數值清單中的參照</text:span></text:p>
  <text:p text:style-name="Paragraph">可以在清單方塊下使用數值清單。這些是定義參照值的清單。藉此，表單中的控制項沒有直接地顯示資料庫欄位的內容，而是透過數值清單顯示所指定的數值。</text:p>
  <text:p text:style-name="Paragraph">如果您使用數值清單的參照值，則您在表單中<text:span text:style-name="T1">[資料欄位]</text:span>下所指定的資料欄位的內容不可見，而指定的數值卻可見。如果您選擇了<text:span text:style-name="T1">[資料]</text:span>標籤上<text:span text:style-name="T1">[清單內容的類型]</text:span>下的「數值清單」，並將參照值指定給表單中<text:span text:style-name="T1">[清單項目]</text:span>下可見的清單條目 (在<help:link Id="65921" Eid="listeneintraege"><text:span text:style-name="T1">[一般]</text:span></help:link>標籤中輸入)，則此參照值會與給定資料欄位的資料內容相比較。如果參照值對應於資料欄位的內容，則相關聯的清單條目會顯示在此表單中。</text:p>
  <text:p text:style-name="Head 2"><help:help-id value="HID_PROP_BOUNDCOLUMN"/><help:key-word value="固定的欄位" tag="kw65983_3"/><help:key-word value="控制項; 固定的欄位" tag="kw65983_2"/>固定的欄位</text:p>
  <text:p text:style-name="Paragraph"><help:help-text value="hide">使用索引，指定與此欄位 (在<text:span text:style-name="T1">[資料欄位]</text:span>下提供) 連結的表格欄位或表格 SQL 查詢。可能的數值是 0、1、2、3 等等。</help:help-text></text:p>
  <text:p text:style-name="Paragraph">這個可針對清單方塊所使用的屬性會決定，所連結工作表的哪個資料欄位會在表單中顯示。</text:p>
  <text:p text:style-name="Paragraph">如果表單中的清單方塊要顯示和表單工作表相連結之工作表的內容，則在<text:span text:style-name="T1">「清單內容的類型」</text:span>欄位中設定，顯示是否要透過 SQL 指令決定，或是藉此返回 (所連結的) 工作表。透過<text:span text:style-name="T1">「固定的欄位」</text:span>屬性並藉由一個索引指定，清單方塊要和哪個查詢或是工作表的資料欄位連結。可能的數值為 0、1、2、3...等等。</text:p>
  <table:table table:name="Tabelle5" table:style-name="Tabelle5">
   <table:table-column table:style-name="Tabelle5.A"/>
   <table:table-column table:style-name="Tabelle5.B"/>
   <table:table-header-rows>
    <table:table-row table:style-name="Tabelle5.1">
     <table:table-cell table:style-name="Tabelle5.A1" table:value-type="string">
      <text:p text:style-name="Paragraph"><draw:image draw:name="圖示1" svg:desc="備註圖示" svg:pixelx="32" svg:pixely="32" svg:width="0.847cm" svg:height="0.847cm" xlink:href="65980" draw:filter-name=""/></text:p>

     </table:table-cell>
     <table:table-cell table:style-name="Tabelle5.A1" table:value-type="string">
      <text:p text:style-name="Paragraph">屬性<text:span text:style-name="T1">[固定的欄位]</text:span>僅用於存取一個以上表格的表單。如果該表單僅基於一個表格，則要在該表單中顯示的欄位直接在<text:span text:style-name="T1">[資料欄位]</text:span>下指定。然而，如果您要此清單方塊顯示透過共用資料欄位連結至目前表格的表格中的資料，則連結的資料欄位由屬性<text:span text:style-name="T1">[固定的欄位]</text:span>來定義。</text:p>
     </table:table-cell>
    </table:table-row>
   </table:table-header-rows>
  </table:table>
  <text:p text:style-name="Paragraph">如果您選取了<text:span text:style-name="T1">[清單內容的類型]</text:span>下的「SQL」，則 SQL 指令決定要指定的索引。示例：如果您指定 SQL 指令，例如<text:span text:style-name="T1">[清單內容]</text:span>下的「SELECT Field1, Field2 FROM tablename」，則參照下列表格：</text:p>
  <table:table table:name="Tabelle4" table:style-name="Tabelle4">
   <table:table-column table:style-name="Tabelle4.A"/>
   <table:table-column table:style-name="Tabelle4.B"/>
   <table:table-header-rows>
    <table:table-row>
     <table:table-cell table:style-name="Tabelle4.A1" table:value-type="string">
      <text:p text:style-name="Paragraph">固定的欄位</text:p>
     </table:table-cell>
     <table:table-cell table:style-name="Tabelle4.B1" table:value-type="string">
      <text:p text:style-name="Paragraph">捷徑</text:p>
     </table:table-cell>
    </table:table-row>
   </table:table-header-rows>
   <table:table-row>
    <table:table-cell table:style-name="Tabelle4.A2" table:value-type="string">
     <text:p text:style-name="Paragraph">0</text:p>
    </table:table-cell>
    <table:table-cell table:style-name="Tabelle4.B2" table:value-type="string">
     <text:p text:style-name="Paragraph">「欄位 1」資料庫欄位是和在<text:span text:style-name="T1">資料欄位</text:span>下所指定的欄位連結。</text:p>
    </table:table-cell>
   </table:table-row>
   <table:table-row>
    <table:table-cell table:style-name="Tabelle4.A2" table:value-type="string">
     <text:p text:style-name="Paragraph">1</text:p>
    </table:table-cell>
    <table:table-cell table:style-name="Tabelle4.B2" table:value-type="string">
     <text:p text:style-name="Paragraph">「欄位 2」資料庫欄位是和在<text:span text:style-name="T1">資料欄位</text:span>下所指定的欄位連結。</text:p>
    </table:table-cell>
   </table:table-row>
  </table:table>
  <text:p text:style-name="Paragraph">如果您選取了<text:span text:style-name="T1">[清單內容的類型]</text:span>下的「表格」，則此表格結構定義要指定的索引。示例：如果在<text:span text:style-name="T1">[清單內容]</text:span>下已選取資料庫表格，則參照下列表格：</text:p>
  <table:table table:name="Tabelle3" table:style-name="Tabelle3">
   <table:table-column table:style-name="Tabelle3.A"/>
   <table:table-column table:style-name="Tabelle3.B"/>
   <table:table-header-rows>
    <table:table-row>
     <table:table-cell table:style-name="Tabelle3.A1" table:value-type="string">
      <text:p text:style-name="Paragraph">固定的欄位</text:p>
     </table:table-cell>
     <table:table-cell table:style-name="Tabelle3.B1" table:value-type="string">
      <text:p text:style-name="Paragraph">捷徑</text:p>
     </table:table-cell>
    </table:table-row>
   </table:table-header-rows>
   <table:table-row>
    <table:table-cell table:style-name="Tabelle3.A2" table:value-type="string">
     <text:p text:style-name="Paragraph">0</text:p>
    </table:table-cell>
    <table:table-cell table:style-name="Tabelle3.B2" table:value-type="string">
     <text:p text:style-name="Paragraph">工作表的第一欄是和在<text:span text:style-name="T1">資料欄位</text:span>下所指定的欄位連結。</text:p>
    </table:table-cell>
   </table:table-row>
   <table:table-row>
    <table:table-cell table:style-name="Tabelle3.A2" table:value-type="string">
     <text:p text:style-name="Paragraph">1</text:p>
    </table:table-cell>
    <table:table-cell table:style-name="Tabelle3.B2" table:value-type="string">
     <text:p text:style-name="Paragraph">工作表的第二欄是和在<text:span text:style-name="T1">資料欄位</text:span>下所指定的欄位連結。</text:p>
    </table:table-cell>
   </table:table-row>
   <table:table-row>
    <table:table-cell table:style-name="Tabelle3.A2" table:value-type="string">
     <text:p text:style-name="Paragraph">2</text:p>
    </table:table-cell>
    <table:table-cell table:style-name="Tabelle3.B2" table:value-type="string">
     <text:p text:style-name="Paragraph">工作表的第三欄是和在<text:span text:style-name="T1">資料欄位</text:span>下所指定的欄位連結。</text:p>
    </table:table-cell>
   </table:table-row>
  </table:table>
  <text:p text:style-name="Head 2"><help:help-id value="HID_PROP_LISTSOURCETYPE"/>清單內容的類型</text:p>
  <text:p text:style-name="Paragraph"><help:help-text value="hide">決定要充填清單方塊和組合方塊中清單的資料。</help:help-text>決定要充填清單方塊和組合方塊中清單的資料。</text:p>
  <text:p text:style-name="Paragraph">使用「數值清單」選項，在<help:link Id="65921"><text:span text:style-name="T1">[一般]</text:span></help:link>標籤的<text:span text:style-name="T1">[清單條目]</text:span>欄位中輸入的全部條目均顯示在此控制項中。對於資料庫表單，您可以使用參照值 (請參閱 <help:link Id="65983" Eid="referenzenwerteliste"><text:span text:style-name="T1">&lt;使用數值清單參照&gt;</text:span> 一節</help:link>)。</text:p>
  <text:p text:style-name="Paragraph">如果此控制項的內容是從資料庫讀取的，您可以使用其他選項決定資料源的類型。例如，您可以在表格和查詢之間進行選擇。</text:p>
  <text:p text:style-name="Head 2"><help:help-id value="HID_PROP_LISTSOURCE"/>清單內容</text:p>
  <text:p text:style-name="Paragraph"><help:help-text value="visible">使用資料庫表單，指定用於該表單元素的清單內容的資料源。此欄位可用於定義無資料庫連結的文件的數值清單。</help:help-text></text:p>
  <text:p text:style-name="Paragraph">就資料庫表單而言，資料源決定清單方塊或組合方塊的條目。根據選取的類型，如果這些物件存在於資料庫中，您可在<text:span text:style-name="T1">[清單內容]</text:span>下的不同資料源之間進行選擇。此處提供<text:span text:style-name="T1">[清單內容的類型]</text:span>下所選類型的所有可用資料庫物件。如果您已選取「數值清單」選項作為類型，您可以使用資料庫表單的參照。如果此控制項的顯示由 SQL 指令來控制，則在此處輸入該 SQL 陳述。</text:p>
  <text:p text:style-name="Paragraph">用於 SQL 陳述的示例：</text:p>
  <text:p text:style-name="Paragraph">SQL 陳述在清單方塊下具有格式</text:p>
  <text:p text:style-name="Paragraph">SELECT 欄位 1，欄位 2 FROM 工作表，</text:p>
  <text:p text:style-name="Paragraph">其中「工作表」為其資料顯示在控制項清單中的工作表 (清單工作表)。「欄位 1」為在表單中決定顯示的條目的資料欄位，其內容會在清單方塊中顯示。「欄位 2」是清單工作表中的欄位，其中如果<text:span text:style-name="T1">「固定的欄位」</text:span>選取為 = 1，則這會透過在<text:span text:style-name="T1">「資料欄位」</text:span>下所指定的欄位和表單工作表 (數值表格) 連結。</text:p>
  <text:p text:style-name="Paragraph">SQL 陳述在組合方塊下具有格式</text:p>
  <text:p text:style-name="Paragraph">SELECT DISTINCT 欄位 FROM 工作表，</text:p>
  <text:p text:style-name="Paragraph">在此，「field」是清單表格「table」中的資料欄位，此表格的內容顯示在組合方塊的清單中。</text:p>
  <text:p text:style-name="P4">HTML 文件下的數值清單</text:p>
  <text:p text:style-name="Paragraph">對於 HTML 表單，您可以在<text:span text:style-name="T1">[清單內容]</text:span>下輸入數值清單。選取<text:span text:style-name="T1">[清單內容的類型]</text:span>下的選項「數值清單」。此處輸入的數值在表單中將不可見，並被用於將數值指定給可見的條目。<text:span text:style-name="T1">[清單內容]</text:span>下建立的條目對應於 HTML 標記 &lt;OPTION VALUE=...&gt;。</text:p>
  <text:p text:style-name="Paragraph">在清單方塊或組合方塊內所選條目的資料傳輸中，此表單中所顯示數值的清單 (在<help:link Id="65921"><text:span text:style-name="T1">[一般]</text:span></help:link>標籤的<text:span text:style-name="T1">[清單項目]</text:span>下輸入) 與在<text:span text:style-name="T1">[資料]</text:span>標籤的<text:span text:style-name="T1">[清單內容]</text:span>下輸入的數值清單，均被考量：如果 (非空) 文字位於此數值清單 (&lt;OPTION VALUE=...&gt;) 中的選取位置，則它將被傳送。否則，在 (&lt;OPTION&gt;) 控制項中顯示的文字被傳送。</text:p>
  <text:p text:style-name="Paragraph">如果此數值清單要包含空字串，則在<text:span text:style-name="T1">[清單內容]</text:span>下的對應位置輸入值「$$$empty$$$」(注意字母大小寫)。<help:productname>%PRODUCTNAME</help:productname> 將此輸入解譯為空字串，並將其指定給相應的清單條目。</text:p>
  <text:p text:style-name="Paragraph">下述工作表會根據一個名稱為「ListBox 1」的清單方塊顯示 HTML、JavaScript 和<text:span text:style-name="T1">「清單內容」</text:span><help:productname>%PRODUCTNAME</help:productname> 欄位間的關聯。藉此，「Item」會繪製一個顯示在表單中的清單項目：</text:p>
  <table:table table:name="Tabelle1" table:style-name="Tabelle1">
   <table:table-column table:style-name="Tabelle1.A" table:number-columns-repeated="3"/>
   <table:table-column table:style-name="Tabelle1.D"/>
   <table:table-header-rows>
    <table:table-row>
     <table:table-cell table:style-name="Tabelle1.A1" table:value-type="string">
      <text:p text:style-name="P4">HTML 標籤</text:p>
     </table:table-cell>
     <table:table-cell table:style-name="Tabelle1.A1" table:value-type="string">
      <text:p text:style-name="P4">JavaScript</text:p>
     </table:table-cell>
     <table:table-cell table:style-name="Tabelle1.A1" table:value-type="string">
      <text:p text:style-name="P4">控制項數值清單中的條目 (清單內容)</text:p>
     </table:table-cell>
     <table:table-cell table:style-name="Tabelle1.D1" table:value-type="string">
      <text:p text:style-name="P4">傳送會...</text:p>
     </table:table-cell>
    </table:table-row>
   </table:table-header-rows>
   <table:table-row>
    <table:table-cell table:style-name="Tabelle1.A2" table:value-type="string">
     <text:p text:style-name="Paragraph">&lt;OPTION&gt;Item</text:p>
    </table:table-cell>
    <table:table-cell table:style-name="Tabelle1.A2" table:value-type="string">
     <text:p text:style-name="Paragraph">不可能</text:p>
    </table:table-cell>
    <table:table-cell table:style-name="Tabelle1.A2" table:value-type="string">
     <text:p text:style-name="Paragraph">&quot;&quot;</text:p>
    </table:table-cell>
    <table:table-cell table:style-name="Tabelle1.D2" table:value-type="string">
     <text:p text:style-name="Paragraph">...顯示的清單項目 (&quot;ListBox1=Item&quot;)。</text:p>
    </table:table-cell>
   </table:table-row>
   <table:table-row>
    <table:table-cell table:style-name="Tabelle1.A2" table:value-type="string">
     <text:p text:style-name="Paragraph">&lt;OPTION VALUE=&quot;value&quot;&gt;Item</text:p>
    </table:table-cell>
    <table:table-cell table:style-name="Tabelle1.A2" table:value-type="string">
     <text:p text:style-name="Paragraph">ListBox1.options[0].value=&quot;value&quot;</text:p>
    </table:table-cell>
    <table:table-cell table:style-name="Tabelle1.A2" table:value-type="string">
     <text:p text:style-name="Paragraph">「數值」</text:p>
    </table:table-cell>
    <table:table-cell table:style-name="Tabelle1.D2" table:value-type="string">
     <text:p text:style-name="Paragraph">...指定至清單項目的數值 (&quot;ListBox1=value&quot;)。</text:p>
    </table:table-cell>
   </table:table-row>
   <table:table-row>
    <table:table-cell table:style-name="Tabelle1.A2" table:value-type="string">
     <text:p text:style-name="Paragraph">&lt;OPTION VALUE=&quot;&quot;&gt;Item</text:p>
    </table:table-cell>
    <table:table-cell table:style-name="Tabelle1.A2" table:value-type="string">
     <text:p text:style-name="Paragraph">ListBox1.options[0].value=&quot;&quot;</text:p>
    </table:table-cell>
    <table:table-cell table:style-name="Tabelle1.A2" table:value-type="string">
     <text:p text:style-name="Paragraph">&quot;$$$empty$$$&quot;</text:p>
    </table:table-cell>
    <table:table-cell table:style-name="Tabelle1.D2" table:value-type="string">
     <text:p text:style-name="Paragraph">...空白字串 (&quot;ListBox1=&quot;).</text:p>
    </table:table-cell>
   </table:table-row>
  </table:table>
  <text:p text:style-name="Head 2"><help:help-id value="HID_PROP_EMPTY_IS_NULL"/>空白字元順序為零</text:p>
  <text:p text:style-name="Paragraph"><help:help-text value="visible">定義應如何處理空字串輸入。</help:help-text>如果設定了此屬性 (是)，則帶有一個空格或多個空格的字串將被解譯為值 NULL，並被儲存在資料庫中。如果不設定此屬性 (否)，則此字串將被視為空值。</text:p>
  <text:p text:style-name="Head 2"><help:help-id value="HID_PROP_FILTERPROPOSAL"/>篩選建議</text:p>
  <text:p text:style-name="Paragraph"><help:to-be-embedded Eid="filtervorschlag"><help:help-text value="visible">設計表單時，您可以在相應<text:span text:style-name="T1">[屬性]</text:span>對話方塊的<text:span text:style-name="T1">[資料]</text:span>標籤中，為每個文字方塊設定「篩選建議」屬性。在篩選模式中的隨後搜尋中，您可以從這些欄位所包含的全部資訊中進行選取。</help:help-text>此欄位內容就可以使用自動完成功能來選取。但請注意，此功能需要較多的記憶體空間和時間，尤其是在大型資料庫中使用時，因此請慎用。</help:to-be-embedded></text:p>
  <a name="ende"/>
 </office:body>
</office:document>
