

<office:document  xmlns:office="http://openoffice.org/2000/office" xmlns:style="http://openoffice.org/2000/style" xmlns:text="http://openoffice.org/2000/text" xmlns:table="http://openoffice.org/2000/table" xmlns:draw="http://openoffice.org/2000/drawing" xmlns:fo="http://www.w3.org/1999/XSL/Format" xmlns:xlink="http://www.w3.org/1999/xlink" xmlns:number="http://openoffice.org/2000/datastyle" xmlns:svg="http://www.w3.org/2000/svg" xmlns:chart="http://openoffice.org/2000/chart" xmlns:dr3d="http://openoffice.org/2000/dr3d" xmlns:math="http://www.w3.org/1998/Math/MathML" xmlns:form="http://openoffice.org/2000/form" xmlns:script="http://openoffice.org/2000/script" office:class="text" office:version="1.0" xmlns:dc="http://purl.org/dc/elements/1.1/" xmlns:meta="http://openoffice.org/2000/meta" xmlns:help="http://openoffice.org/2000/help">
<office:meta>
  <dc:description>text/common/02/09070400</dc:description>
  <dc:subject>新增文件</dc:subject>

  <dc:language>zh-TW</dc:language>
  <meta:user-defined meta:name="Info 0">READY</meta:user-defined>
  <meta:user-defined meta:name="Info 1">FREE_OK</meta:user-defined>
  <meta:user-defined meta:name="Info 2"/>
  <meta:user-defined meta:name="Info 3"/>
</office:meta>
 <office:script/>
 <office:font-decls>
  <style:font-decl style:name="StarSymbol" fo:font-family="StarSymbol" style:font-charset="x-symbol"/>
  <style:font-decl style:name="Courier New" fo:font-family="&apos;Courier New&apos;" style:font-style-name="Standard" style:font-family-generic="modern" style:font-pitch="fixed"/>
  <style:font-decl style:name="Courier" fo:font-family="Courier" style:font-family-generic="roman" style:font-pitch="fixed"/>
  <style:font-decl style:name="Andale WT UI3" fo:font-family="&apos;Andale WT UI&apos;" style:font-pitch="variable"/>
  <style:font-decl style:name="Arial Unicode MS" fo:font-family="&apos;Arial Unicode MS&apos;" style:font-pitch="variable"/>
  <style:font-decl style:name="HG Mincho Light J" fo:font-family="&apos;HG Mincho Light J&apos;" style:font-pitch="variable"/>
  <style:font-decl style:name="Andale WT UI" fo:font-family="&apos;Andale WT UI&apos;" style:font-style-name="Fett" style:font-family-generic="roman" style:font-pitch="variable"/>
  <style:font-decl style:name="Andale WT UI1" fo:font-family="&apos;Andale WT UI&apos;" style:font-style-name="Standard" style:font-family-generic="roman" style:font-pitch="variable"/>
  <style:font-decl style:name="Thorndale" fo:font-family="Thorndale" style:font-family-generic="roman" style:font-pitch="variable"/>
  <style:font-decl style:name="Times New Roman" fo:font-family="&apos;Times New Roman&apos;" style:font-style-name="Fett" style:font-family-generic="roman" style:font-pitch="variable"/>
  <style:font-decl style:name="Andale WT UI2" fo:font-family="&apos;Andale WT UI&apos;" style:font-family-generic="swiss" style:font-pitch="variable"/>
 </office:font-decls>
 <office:automatic-styles>
  <style:style style:name="P1" style:family="paragraph" style:parent-style-name="Paragraph" style:master-page-name="HTML">
   <style:properties style:page-number="0"/>
  </style:style>
  <style:style style:name="T1" style:family="text">
   <style:properties fo:font-weight="bold"/>
  </style:style>
 </office:automatic-styles>
 <office:body>
  <text:variable-decls>
   <text:variable-decl text:value-type="string" text:name="HTML_ON"/>
   <text:variable-decl text:value-type="string" text:name="HTML_OFF"/>
   <text:variable-decl text:value-type="string" text:name="TITEL"/>
   <text:variable-decl text:value-type="string" text:name="END"/>
   <text:variable-decl text:value-type="string" text:name="HREF"/>
   <text:variable-decl text:value-type="string" text:name="NAME"/>
   <text:variable-decl text:value-type="string" text:name="MODIFY"/>
   <text:variable-decl text:value-type="string" text:name="REFNR"/>
   <text:variable-decl text:value-type="string" text:name="HelpID"/>
   <text:variable-decl text:value-type="string" text:name="AKTHLP"/>
   <text:variable-decl text:value-type="string" text:name="STYLE"/>
  </text:variable-decls>
  <text:sequence-decls>
   <text:sequence-decl text:display-outline-level="0" text:name="Illustration"/>
   <text:sequence-decl text:display-outline-level="0" text:name="Table"/>
   <text:sequence-decl text:display-outline-level="0" text:name="Text"/>
   <text:sequence-decl text:display-outline-level="0" text:name="Drawing"/>
  </text:sequence-decls>
  <help:to-be-embedded Eid="neuesdokument">
  <text:p text:style-name="Head 1"><help:help-id value="HID_HYPERLINK_NEWDOCUMENT"/><help:link Id="65902">新增文件</help:link></text:p>
  <text:p text:style-name="Paragraph">使用<help:link Id="65963">[超連結]對話方塊</help:link>中的<text:span text:style-name="T1">[開啟新檔]</text:span>標籤，設定新文件的超連結，並同時建立此新文件。</text:p>
  </help:to-be-embedded>
  <help:popup Id="65612" Eid="hypdianeudok"><help:embedded Id="65598" Eid="wie"></help:embedded></help:popup>
  <text:p text:style-name="Head 2">新增文件</text:p>
  <text:p text:style-name="Paragraph">在此區域中指定新文件的名稱、路徑和類型。</text:p>
  <text:p text:style-name="Head 3"><help:help-id value="SVX_RADIOBUTTON_RID_SVXPAGE_HYPERLINK_NEWDOCUMENT_RB_EDITNOW"/>立刻編輯</text:p>
  <text:p text:style-name="Paragraph"><help:help-text value="visible">指定建立新文件並立即開啟以進行編輯。</help:help-text></text:p>
  <text:p text:style-name="Head 3"><help:help-id value="SVX_RADIOBUTTON_RID_SVXPAGE_HYPERLINK_NEWDOCUMENT_RB_EDITLATER"/>以後編輯</text:p>
  <text:p text:style-name="Paragraph"><help:help-text value="visible">指定建立文件但不立即開啟。</help:help-text></text:p>
  <text:p text:style-name="Head 3"><help:help-id value="SVX_EDIT_RID_SVXPAGE_HYPERLINK_NEWDOCUMENT_ED_PATH_NEWDOC"/>檔案</text:p>
  <help:embedded Id="65804" Eid="texturl"></help:embedded>
  <text:p text:style-name="Head 3"><help:help-id value="SVX_IMAGEBUTTON_RID_SVXPAGE_HYPERLINK_NEWDOCUMENT_BTN_CREATE"/>選擇路徑</text:p>
  <text:p text:style-name="Paragraph"><help:help-text value="visible">開啟<text:span text:style-name="T1">[選擇路徑]</text:span>對話方塊，您可以在其中選取路徑。</help:help-text></text:p>
  <text:p text:style-name="Head 3"><help:help-id value="SVX_LISTBOX_RID_SVXPAGE_HYPERLINK_NEWDOCUMENT_LB_DOCUMENT_TYPES"/>檔案類型</text:p>
  <text:p text:style-name="Paragraph"><help:help-text value="visible">指定新文件的檔案類型。</help:help-text></text:p>
  <help:embedded Id="66027" Eid="weitere"></help:embedded>
 </office:body>
</office:document>
