

<office:document  xmlns:office="http://openoffice.org/2000/office" xmlns:style="http://openoffice.org/2000/style" xmlns:text="http://openoffice.org/2000/text" xmlns:table="http://openoffice.org/2000/table" xmlns:draw="http://openoffice.org/2000/drawing" xmlns:fo="http://www.w3.org/1999/XSL/Format" xmlns:xlink="http://www.w3.org/1999/xlink" xmlns:number="http://openoffice.org/2000/datastyle" xmlns:svg="http://www.w3.org/2000/svg" xmlns:chart="http://openoffice.org/2000/chart" xmlns:dr3d="http://openoffice.org/2000/dr3d" xmlns:math="http://www.w3.org/1998/Math/MathML" xmlns:form="http://openoffice.org/2000/form" xmlns:script="http://openoffice.org/2000/script" office:class="text" office:version="1.0" xmlns:dc="http://purl.org/dc/elements/1.1/" xmlns:meta="http://openoffice.org/2000/meta" xmlns:help="http://openoffice.org/2000/help">
<office:meta>
  <dc:description>text/common/02/09070200</dc:description>
  <dc:subject>電子郵件和新聞</dc:subject>

  <dc:language>zh-TW</dc:language>
  <meta:user-defined meta:name="Info 0">READY</meta:user-defined>
  <meta:user-defined meta:name="Info 1">FREE_OK</meta:user-defined>
  <meta:user-defined meta:name="Info 2"/>
  <meta:user-defined meta:name="Info 3"/>
</office:meta>
 <office:script/>
 <office:font-decls>
  <style:font-decl style:name="StarSymbol" fo:font-family="StarSymbol" style:font-charset="x-symbol"/>
  <style:font-decl style:name="Courier New" fo:font-family="&apos;Courier New&apos;" style:font-style-name="Standard" style:font-family-generic="modern" style:font-pitch="fixed"/>
  <style:font-decl style:name="Courier" fo:font-family="Courier" style:font-family-generic="roman" style:font-pitch="fixed"/>
  <style:font-decl style:name="Andale WT UI3" fo:font-family="&apos;Andale WT UI&apos;" style:font-pitch="variable"/>
  <style:font-decl style:name="Arial Unicode MS" fo:font-family="&apos;Arial Unicode MS&apos;" style:font-pitch="variable"/>
  <style:font-decl style:name="HG Mincho Light J" fo:font-family="&apos;HG Mincho Light J&apos;" style:font-pitch="variable"/>
  <style:font-decl style:name="Andale WT UI" fo:font-family="&apos;Andale WT UI&apos;" style:font-style-name="Fett" style:font-family-generic="roman" style:font-pitch="variable"/>
  <style:font-decl style:name="Andale WT UI1" fo:font-family="&apos;Andale WT UI&apos;" style:font-style-name="Standard" style:font-family-generic="roman" style:font-pitch="variable"/>
  <style:font-decl style:name="Thorndale" fo:font-family="Thorndale" style:font-family-generic="roman" style:font-pitch="variable"/>
  <style:font-decl style:name="Times New Roman" fo:font-family="&apos;Times New Roman&apos;" style:font-style-name="Fett" style:font-family-generic="roman" style:font-pitch="variable"/>
  <style:font-decl style:name="Andale WT UI2" fo:font-family="&apos;Andale WT UI&apos;" style:font-family-generic="swiss" style:font-pitch="variable"/>
 </office:font-decls>
 <office:automatic-styles>
  <style:style style:name="P1" style:family="paragraph" style:parent-style-name="Paragraph" style:master-page-name="HTML">
   <style:properties style:page-number="0"/>
  </style:style>
  <style:style style:name="T1" style:family="text">
   <style:properties fo:font-weight="bold"/>
  </style:style>
 </office:automatic-styles>
 <office:body>
  <text:variable-decls>
   <text:variable-decl text:value-type="string" text:name="HTML_ON"/>
   <text:variable-decl text:value-type="string" text:name="HTML_OFF"/>
   <text:variable-decl text:value-type="float" text:name="lala"/>
   <text:variable-decl text:value-type="string" text:name="TITEL"/>
   <text:variable-decl text:value-type="string" text:name="END"/>
   <text:variable-decl text:value-type="string" text:name="HREF"/>
   <text:variable-decl text:value-type="string" text:name="NAME"/>
   <text:variable-decl text:value-type="string" text:name="MODIFY"/>
   <text:variable-decl text:value-type="string" text:name="REFNR"/>
   <text:variable-decl text:value-type="string" text:name="HelpID"/>
   <text:variable-decl text:value-type="string" text:name="AKTHLP"/>
   <text:variable-decl text:value-type="string" text:name="KEY"/>
   <text:variable-decl text:value-type="string" text:name="INDEX"/>
   <text:variable-decl text:value-type="string" text:name="MAC"/>
   <text:variable-decl text:value-type="string" text:name="ELSE"/>
   <text:variable-decl text:value-type="string" text:name="OS2"/>
   <text:variable-decl text:value-type="string" text:name="HFELD"/>
   <text:variable-decl text:value-type="string" text:name="STYLE"/>
  </text:variable-decls>
  <text:sequence-decls>
   <text:sequence-decl text:display-outline-level="0" text:name="Illustration"/>
   <text:sequence-decl text:display-outline-level="0" text:name="Table"/>
   <text:sequence-decl text:display-outline-level="0" text:name="Text"/>
   <text:sequence-decl text:display-outline-level="0" text:name="Drawing"/>
  </text:sequence-decls>
  <help:to-be-embedded Eid="mailnews">
  <text:p text:style-name="Head 1"><help:help-id value="HID_HYPERLINK_MAIL"/><a name="mailnews"/><help:link Id="68397">電子郵件和新聞</help:link></text:p>
  <text:p text:style-name="Paragraph">在<help:link Id="65963">[超連結]對話方塊</help:link>的<text:span text:style-name="T1">[電子郵件和新聞]</text:span>頁面上，您可以編輯電子郵件地址或新聞地址的超連結。</text:p>
  </help:to-be-embedded>
  <help:popup Id="65612" Eid="hypdiamailnews"><help:embedded Id="65598" Eid="wie"></help:embedded></help:popup>
  <text:p text:style-name="Head 2">電子郵件和新聞</text:p>
  <text:p text:style-name="Head 3"><help:help-id value="SVX_RADIOBUTTON_RID_SVXPAGE_HYPERLINK_MAIL_RB_LINKTYP_MAIL"/><help:help-id value="SVX_RADIOBUTTON_RID_SVXPAGE_HYPERLINK_MAIL_RB_LINKTYP_MAIL"/>電子郵件</text:p>
  <text:p text:style-name="Paragraph"><help:help-text value="visible">將指定的電子郵件地址指定為超連結。</help:help-text>按一下文件中新的超連結，將開啟一個新的訊息文件，其<text:span text:style-name="T1">[收件者]</text:span>欄位中指定了收件者的地址。</text:p>
  <text:p text:style-name="Head 3"><help:help-id value="SVX_RADIOBUTTON_RID_SVXPAGE_HYPERLINK_MAIL_RB_LINKTYP_NEWS"/><help:help-id value="SVX_RADIOBUTTON_RID_SVXPAGE_HYPERLINK_MAIL_RB_LINKTYP_NEWS"/>新聞</text:p>
  <text:p text:style-name="Paragraph"><help:help-text value="visible">將新聞地址指定為超連結。</help:help-text>按一下文件中新的超連結，將為<text:span text:style-name="T1">[收件者]</text:span>欄位中輸入的新群組開啟一個新的訊息文件。</text:p>
  <text:p text:style-name="Head 3"><help:help-id value="HID_HYPERDLG_MAIL_PATH"/><help:help-id value="HID_HYPERDLG_MAIL_PATH"/>收件者</text:p>
  <text:p text:style-name="Paragraph"><help:help-text value="visible">指定該地址完整的 URL，格式如下：mailto:name@provider.com 或 news:group.server.com。</help:help-text>您也可以使用拖放功能。</text:p>
  <text:p text:style-name="Head 3"><help:help-id value="SVX_IMAGEBUTTON_RID_SVXPAGE_HYPERLINK_MAIL_BTN_ADRESSBOOK"/>資料源</text:p>
  <text:p text:style-name="Paragraph"><help:help-text value="visible">隱入或顯示資料源瀏覽器。</help:help-text>將收件者的<text:span text:style-name="T1">[電子郵件]</text:span>資料欄位從資料源瀏覽器拖至<text:span text:style-name="T1">[收件者]</text:span>文字欄位。</text:p>
  <text:p text:style-name="Head 3"><help:help-id value="SVX_EDIT_RID_SVXPAGE_HYPERLINK_MAIL_ED_SUBJECT"/><help:help-id value="SVX_EDIT_RID_SVXPAGE_HYPERLINK_MAIL_ED_SUBJECT"/>主旨</text:p>
  <text:p text:style-name="Paragraph"><help:help-text value="visible">指定要在新訊息文件主題行中插入的主題。</help:help-text></text:p>
  <help:embedded Id="66027" Eid="weitere"></help:embedded>
 </office:body>
</office:document>
