

<office:document  xmlns:office="http://openoffice.org/2000/office" xmlns:style="http://openoffice.org/2000/style" xmlns:text="http://openoffice.org/2000/text" xmlns:table="http://openoffice.org/2000/table" xmlns:draw="http://openoffice.org/2000/drawing" xmlns:fo="http://www.w3.org/1999/XSL/Format" xmlns:xlink="http://www.w3.org/1999/xlink" xmlns:number="http://openoffice.org/2000/datastyle" xmlns:svg="http://www.w3.org/2000/svg" xmlns:chart="http://openoffice.org/2000/chart" xmlns:dr3d="http://openoffice.org/2000/dr3d" xmlns:math="http://www.w3.org/1998/Math/MathML" xmlns:form="http://openoffice.org/2000/form" xmlns:script="http://openoffice.org/2000/script" office:class="text" office:version="1.0" xmlns:dc="http://purl.org/dc/elements/1.1/" xmlns:meta="http://openoffice.org/2000/meta" xmlns:help="http://openoffice.org/2000/help">
<office:meta>
  <dc:description>text/common/02/12070100</dc:description>
  <dc:subject>工作表</dc:subject>

  <dc:language>zh-TW</dc:language>
  <meta:user-defined meta:name="Info 0">READY</meta:user-defined>
  <meta:user-defined meta:name="Info 1">FREE_OK</meta:user-defined>
  <meta:user-defined meta:name="Info 2"/>
  <meta:user-defined meta:name="Info 3"/>
</office:meta>
 <office:script/>
 <office:font-decls>
  <style:font-decl style:name="StarSymbol" fo:font-family="StarSymbol" style:font-charset="x-symbol"/>
  <style:font-decl style:name="Courier New" fo:font-family="&apos;Courier New&apos;" style:font-style-name="Standard" style:font-family-generic="modern" style:font-pitch="fixed"/>
  <style:font-decl style:name="Courier" fo:font-family="Courier" style:font-family-generic="roman" style:font-pitch="fixed"/>
  <style:font-decl style:name="Andale WT UI3" fo:font-family="&apos;Andale WT UI&apos;" style:font-pitch="variable"/>
  <style:font-decl style:name="Arial Unicode MS" fo:font-family="&apos;Arial Unicode MS&apos;" style:font-pitch="variable"/>
  <style:font-decl style:name="HG Mincho Light J" fo:font-family="&apos;HG Mincho Light J&apos;" style:font-pitch="variable"/>
  <style:font-decl style:name="Andale WT UI" fo:font-family="&apos;Andale WT UI&apos;" style:font-style-name="Fett" style:font-family-generic="roman" style:font-pitch="variable"/>
  <style:font-decl style:name="Andale WT UI1" fo:font-family="&apos;Andale WT UI&apos;" style:font-style-name="Standard" style:font-family-generic="roman" style:font-pitch="variable"/>
  <style:font-decl style:name="Thorndale" fo:font-family="Thorndale" style:font-family-generic="roman" style:font-pitch="variable"/>
  <style:font-decl style:name="Times New Roman" fo:font-family="&apos;Times New Roman&apos;" style:font-style-name="Fett" style:font-family-generic="roman" style:font-pitch="variable"/>
  <style:font-decl style:name="Andale WT UI2" fo:font-family="&apos;Andale WT UI&apos;" style:font-family-generic="swiss" style:font-pitch="variable"/>
 </office:font-decls>
 <office:automatic-styles>
  <style:style style:name="Tabelle1" style:family="table">
   <style:properties style:width="18cm" table:align="margins"/>
  </style:style>
  <style:style style:name="Tabelle1.A" style:family="table-column">
   <style:properties style:column-width="1.499cm" style:rel-column-width="5460*"/>
  </style:style>
  <style:style style:name="Tabelle1.B" style:family="table-column">
   <style:properties style:column-width="16.501cm" style:rel-column-width="60075*"/>
  </style:style>
  <style:style style:name="Tabelle1.1" style:family="table-row">
   <style:properties style:min-row-height="0.848cm"/>
  </style:style>
  <style:style style:name="Tabelle1.A1" style:family="table-cell">
   <style:properties fo:padding="0cm" fo:border="none"/>
  </style:style>
  <style:style style:name="P1" style:family="paragraph" style:parent-style-name="Paragraph" style:master-page-name="HTML">
   <style:properties style:page-number="0"/>
  </style:style>
  <style:style style:name="T1" style:family="text">
   <style:properties fo:font-weight="bold"/>
  </style:style>
  <style:style style:name="fr1" style:family="graphics" style:parent-style-name="Graphics">
   <style:properties fo:margin-left="0cm" fo:margin-right="0cm" fo:margin-top="0cm" fo:margin-bottom="0cm" style:run-through="foreground" style:wrap="run-through" style:vertical-pos="middle" style:vertical-rel="paragraph" style:horizontal-pos="left" style:horizontal-rel="paragraph" style:mirror="none" fo:clip="rect(0cm 0cm 0cm 0cm)" draw:luminance="0%" draw:contrast="0%" draw:red="0%" draw:green="0%" draw:blue="0%" draw:gamma="1" draw:color-inversion="false" draw:transparency="-100%" draw:color-mode="standard"/>
  </style:style>
 </office:automatic-styles>
 <office:body>
  <text:variable-decls>
   <text:variable-decl text:value-type="string" text:name="HTML_ON"/>
   <text:variable-decl text:value-type="string" text:name="HTML_OFF"/>
   <text:variable-decl text:value-type="string" text:name="TITEL"/>
   <text:variable-decl text:value-type="string" text:name="END"/>
   <text:variable-decl text:value-type="string" text:name="NAME"/>
   <text:variable-decl text:value-type="string" text:name="HREF"/>
   <text:variable-decl text:value-type="string" text:name="MODIFY"/>
   <text:variable-decl text:value-type="string" text:name="REFNR"/>
   <text:variable-decl text:value-type="string" text:name="HelpID"/>
   <text:variable-decl text:value-type="string" text:name="AKTHLP"/>
   <text:variable-decl text:value-type="string" text:name="INDEX"/>
   <text:variable-decl text:value-type="string" text:name="HFELD"/>
   <text:variable-decl text:value-type="string" text:name="ELSE"/>
   <text:variable-decl text:value-type="string" text:name="STYLE"/>
  </text:variable-decls>
  <text:sequence-decls>
   <text:sequence-decl text:display-outline-level="0" text:name="Illustration"/>
   <text:sequence-decl text:display-outline-level="0" text:name="Table"/>
   <text:sequence-decl text:display-outline-level="0" text:name="Text"/>
   <text:sequence-decl text:display-outline-level="0" text:name="Drawing"/>
  </text:sequence-decls>
  <text:p text:style-name="P1"/>
  <text:p text:style-name="Head 1"><help:help-id value="SW_RADIOBUTTON_DLG_AP_INSERT_DB_SEL_RB_AS_TABLE"/>工作表</text:p>
  <text:p text:style-name="Paragraph"><help:key-word value="資料庫內容; 作為表格插入" tag="kw65912_1"/><help:help-text value="hide">將在資料源瀏覽器中選取的資料作為表格插入文件中。</help:help-text>在<text:span text:style-name="T1">[插入資料庫欄]</text:span>對話方塊中，選取<text:span text:style-name="T1">[表格]</text:span>選項，以將選取的資料作為表格插入文件中。在此對話方塊中，可以決定要傳輸哪些資料庫欄位或欄，並可以決定如何格式化文字表格。</text:p>
  <text:p text:style-name="Head 2">工作表</text:p>
  <text:p text:style-name="Paragraph">在<text:span text:style-name="T1">[表格]</text:span>區域中，可以使用方向鍵來選取要採用至文字表格的資料庫表格欄。</text:p>
  <text:p text:style-name="Head 3"><help:help-id value="SW_LISTBOX_DLG_AP_INSERT_DB_SEL_LB_TBL_DB_COLUMN"/>資料庫欄</text:p>
  <text:p text:style-name="Paragraph"><help:help-text value="visible">指定要插入文字表格中的資料庫欄。</help:help-text>此處列出了<text:span text:style-name="T1">[表格欄]</text:span>清單方塊中未接受的所有資料庫表格欄。這些條目依字母順序排序。</text:p>
  <text:p text:style-name="Head 3"><help:help-id value="SW_LISTBOX_DLG_AP_INSERT_DB_SEL_LB_TABLE_COL"/>表格欄</text:p>
  <text:p text:style-name="Paragraph"><help:help-text value="visible">列出所有要插入文件中的資料庫欄。</help:help-text>每個欄都將指定給表格中相應的條目。<text:span text:style-name="T1">[表格]</text:span>清單方塊中的條目順序決定文字表格中的資料順序。</text:p>
  <text:p text:style-name="Head 3"><help:help-id value="SW_IMAGEBUTTON_DLG_AP_INSERT_DB_SEL_IB_DBCOL_ALL_TO"/>&gt;&gt;</text:p>
  <text:p text:style-name="Paragraph"><help:help-text value="visible">將所有列出的資料庫欄位移到<text:span text:style-name="T1">[表格欄]</text:span>清單方塊中。</help:help-text><text:span text:style-name="T1">[表格欄]</text:span>清單方塊中列出的所有欄位都會插入到文件中。</text:p>
  <text:p text:style-name="Head 3"><help:help-id value="SW_IMAGEBUTTON_DLG_AP_INSERT_DB_SEL_IB_DBCOL_ONE_TO"/>&gt;</text:p>
  <text:p text:style-name="Paragraph"><help:help-text value="visible">將選取的資料庫欄位移到<text:span text:style-name="T1">[表格欄]</text:span>清單方塊中。</help:help-text>也可以透過按兩下條目，將其移到<text:span text:style-name="T1">[表格欄]</text:span>清單方塊中。<text:span text:style-name="T1">[表格欄]</text:span>清單方塊中列出的所有欄位都會插入到文件中。</text:p>
  <text:p text:style-name="Head 3"><help:help-id value="SW_IMAGEBUTTON_DLG_AP_INSERT_DB_SEL_IB_DBCOL_ONE_FROM"/>&lt;</text:p>
  <text:p text:style-name="Paragraph"><help:help-text value="visible">移除<text:span text:style-name="T1">[表格欄]</text:span>清單方塊中所選的資料庫欄位。</help:help-text>已移除的欄位不會插入到文件中。</text:p>
  <text:p text:style-name="Head 3"><help:help-id value="SW_IMAGEBUTTON_DLG_AP_INSERT_DB_SEL_IB_DBCOL_ALL_FROM"/>&lt;&lt;</text:p>
  <text:p text:style-name="Paragraph"><help:help-text value="visible">移除<text:span text:style-name="T1">[表格欄]</text:span>清單方塊中的所有資料庫欄位。</help:help-text></text:p>
  <help:to-be-embedded Eid="format">
  <text:p text:style-name="Head 2">格式</text:p>
  <text:p text:style-name="Paragraph">您可在此設定可在其中經資料庫欄位內容插入文件的格式。</text:p>
  <text:p text:style-name="Head 3"><help:help-id value="SW_RADIOBUTTON_DLG_AP_INSERT_DB_SEL_RB_DBFMT_FROM_DB"/>從資料庫</text:p>
  <text:p text:style-name="Paragraph"><help:help-text value="visible">接受資料庫的格式。</help:help-text></text:p>
  <text:p text:style-name="Head 3"><help:help-id value="SW_RADIOBUTTON_DLG_AP_INSERT_DB_SEL_RB_DBFMT_FROM_USR"/><help:help-id value="SW_LISTBOX_DLG_AP_INSERT_DB_SEL_LB_DBFMT_FROM_USR"/>選取</text:p>
  <text:p text:style-name="Paragraph"><help:help-text value="visible">在選擇清單中選取可在其中將欄位內容插入文件的格式。</help:help-text>在此提供的編號格式可供特定的資料庫欄位 (例如數字欄位) 使用。若是以文字格式選取了一個資料欄位，就不用再於選擇清單中選取其他格式，因為這個文字格式會自動被保留下來。</text:p>
  <text:p text:style-name="Paragraph">若您所需的格式沒有列示出來，則選取「其他格式...」條目，以便能在<help:link Id="65738"><text:span text:style-name="T1">「數字格式」</text:span></help:link>對話方塊中設定所需格式。</text:p>
  <text:p text:style-name="Paragraph">數字格式的指定與選擇清單的說明永遠和<text:span text:style-name="T1">「資料庫欄」</text:span>清單方塊中所選取的資料庫欄位有關。</text:p>
  </help:to-be-embedded>
  <table:table table:name="Tabelle1" table:style-name="Tabelle1">
   <table:table-column table:style-name="Tabelle1.A"/>
   <table:table-column table:style-name="Tabelle1.B"/>
   <table:table-header-rows>
    <table:table-row table:style-name="Tabelle1.1">
     <table:table-cell table:style-name="Tabelle1.A1" table:value-type="string">
      <text:p text:style-name="Paragraph"><draw:image draw:name="圖示0" svg:desc="此圖示標記包含其他資訊的文字。" svg:pixelx="32" svg:pixely="32" svg:width="0.847cm" svg:height="0.847cm" xlink:href="65980" draw:filter-name=""/></text:p>

     </table:table-cell>
     <table:table-cell table:style-name="Tabelle1.A1" table:value-type="string">
      <text:p text:style-name="Paragraph">若要以表格的形式將資料插入文件中，正確的<text:span text:style-name="T1">[表格]</text:span>選項必須處於使用中。然後從<text:span text:style-name="T1">[表格欄]</text:span>清單方塊中選取一個資料庫欄位，以定義其格式。數字格式的變更將採用至最後選擇的資料庫欄位，而與所選資料庫欄位是來自<text:span text:style-name="T1">[資料庫欄]</text:span>清單方塊還是來自<text:span text:style-name="T1">[表格欄]</text:span>清單方塊無關。</text:p>
     </table:table-cell>
    </table:table-row>
   </table:table-header-rows>
  </table:table>
  <text:p text:style-name="Head 3"><help:help-id value="SW_CHECKBOX_DLG_AP_INSERT_DB_SEL_CB_TABLE_HEADON"/>插入表格標頭</text:p>
  <text:p text:style-name="Paragraph"><help:help-text value="visible">選取此欄位，以便能在文字工作表中插入標題。</help:help-text></text:p>
  <text:p text:style-name="Head 3"><help:help-id value="SW_RADIOBUTTON_DLG_AP_INSERT_DB_SEL_RB_HEADL_COLNMS"/>套用欄名</text:p>
  <text:p text:style-name="Paragraph"><help:help-text value="visible">使用資料庫表格的欄位名稱作為文字表格中每一欄的標頭。</help:help-text></text:p>
  <text:p text:style-name="Head 3"><help:help-id value="SW_RADIOBUTTON_DLG_AP_INSERT_DB_SEL_RB_HEADL_EMPTY"/>僅建立列</text:p>
  <text:p text:style-name="Paragraph"><help:help-text value="visible">將空白標頭行插入文字表格中。</help:help-text>使用<text:span text:style-name="T1">[僅建立列]</text:span>選項，可以定義文件中的標頭，這些標頭與資料庫欄位的名稱無關。</text:p>
  <text:p text:style-name="Head 3"><help:help-id value="SW_PUSHBUTTON_DLG_AP_INSERT_DB_SEL_PB_TBL_FORMAT"/>屬性</text:p>
  <text:p text:style-name="Paragraph"><help:help-text value="visible">開啟<help:switch select="Program"><help:case select="WRITER"><help:link Id="67676"><text:span text:style-name="T1">[表格格式]</text:span></help:link></help:case><help:default><text:span text:style-name="T1">[表格格式]</text:span></help:default></help:switch>對話方塊，此方塊允許您定義諸如邊框、背景和欄寬之類的表格屬性。</help:help-text></text:p>
  <text:p text:style-name="Head 3"><help:help-id value="SW_PUSHBUTTON_DLG_AP_INSERT_DB_SEL_PB_TBL_AUTOFMT"/>自動格式</text:p>
  <text:p text:style-name="Paragraph"><help:help-text value="visible">開啟<help:switch select="Program"><help:case select="WRITER"><help:link Id="67697"><text:span text:style-name="T1">[自動格式]</text:span></help:link></help:case><help:default>[自動格式]</help:default></help:switch>對話方塊，在此處您可以選取插入此表格時立即採用的格式樣式。</help:help-text></text:p>
 </office:body>
</office:document>
