

<office:document  xmlns:office="http://openoffice.org/2000/office" xmlns:style="http://openoffice.org/2000/style" xmlns:text="http://openoffice.org/2000/text" xmlns:table="http://openoffice.org/2000/table" xmlns:draw="http://openoffice.org/2000/drawing" xmlns:fo="http://www.w3.org/1999/XSL/Format" xmlns:xlink="http://www.w3.org/1999/xlink" xmlns:number="http://openoffice.org/2000/datastyle" xmlns:svg="http://www.w3.org/2000/svg" xmlns:chart="http://openoffice.org/2000/chart" xmlns:dr3d="http://openoffice.org/2000/dr3d" xmlns:math="http://www.w3.org/1998/Math/MathML" xmlns:form="http://openoffice.org/2000/form" xmlns:script="http://openoffice.org/2000/script" office:class="text" office:version="1.0" xmlns:dc="http://purl.org/dc/elements/1.1/" xmlns:meta="http://openoffice.org/2000/meta" xmlns:help="http://openoffice.org/2000/help">
<office:meta>
  <dc:description>text/common/02/12100200</dc:description>
  <dc:subject>搜尋資料條目</dc:subject>
  <meta:keywords>
   <meta:keyword>$Version</meta:keyword>
  </meta:keywords>
  <dc:language>zh-TW</dc:language>
  <meta:user-defined meta:name="Info 0">READY</meta:user-defined>
  <meta:user-defined meta:name="Info 1">FREE_OK</meta:user-defined>
  <meta:user-defined meta:name="Info 2"/>
  <meta:user-defined meta:name="Info 3"/>
</office:meta>
 <office:script/>
 <office:font-decls>
  <style:font-decl style:name="StarSymbol" fo:font-family="StarSymbol" style:font-charset="x-symbol"/>
  <style:font-decl style:name="Courier New" fo:font-family="&apos;Courier New&apos;" style:font-style-name="Standard" style:font-family-generic="modern" style:font-pitch="fixed"/>
  <style:font-decl style:name="Courier" fo:font-family="Courier" style:font-family-generic="roman" style:font-pitch="fixed"/>
  <style:font-decl style:name="Andale WT UI3" fo:font-family="&apos;Andale WT UI&apos;" style:font-pitch="variable"/>
  <style:font-decl style:name="Arial Unicode MS" fo:font-family="&apos;Arial Unicode MS&apos;" style:font-pitch="variable"/>
  <style:font-decl style:name="HG Mincho Light J" fo:font-family="&apos;HG Mincho Light J&apos;" style:font-pitch="variable"/>
  <style:font-decl style:name="Andale WT UI" fo:font-family="&apos;Andale WT UI&apos;" style:font-style-name="Fett" style:font-family-generic="roman" style:font-pitch="variable"/>
  <style:font-decl style:name="Andale WT UI1" fo:font-family="&apos;Andale WT UI&apos;" style:font-style-name="Standard" style:font-family-generic="roman" style:font-pitch="variable"/>
  <style:font-decl style:name="Thorndale" fo:font-family="Thorndale" style:font-family-generic="roman" style:font-pitch="variable"/>
  <style:font-decl style:name="Times New Roman" fo:font-family="&apos;Times New Roman&apos;" style:font-style-name="Fett" style:font-family-generic="roman" style:font-pitch="variable"/>
  <style:font-decl style:name="Andale WT UI2" fo:font-family="&apos;Andale WT UI&apos;" style:font-family-generic="swiss" style:font-pitch="variable"/>
 </office:font-decls>
 <office:automatic-styles>
  <style:style style:name="Tabelle1" style:family="table">
   <style:properties style:width="18cm" table:align="margins"/>
  </style:style>
  <style:style style:name="Tabelle1.A" style:family="table-column">
   <style:properties style:column-width="1.499cm" style:rel-column-width="5460*"/>
  </style:style>
  <style:style style:name="Tabelle1.B" style:family="table-column">
   <style:properties style:column-width="16.501cm" style:rel-column-width="60075*"/>
  </style:style>
  <style:style style:name="Tabelle1.1" style:family="table-row">
   <style:properties style:min-row-height="0.848cm"/>
  </style:style>
  <style:style style:name="Tabelle1.A1" style:family="table-cell">
   <style:properties fo:padding="0cm" fo:border="none"/>
  </style:style>
  <style:style style:name="Tabelle8" style:family="table">
   <style:properties style:width="18cm" table:align="margins"/>
  </style:style>
  <style:style style:name="Tabelle8.A" style:family="table-column">
   <style:properties style:column-width="1.499cm" style:rel-column-width="5460*"/>
  </style:style>
  <style:style style:name="Tabelle8.B" style:family="table-column">
   <style:properties style:column-width="16.501cm" style:rel-column-width="60075*"/>
  </style:style>
  <style:style style:name="Tabelle8.1" style:family="table-row">
   <style:properties style:min-row-height="0.848cm"/>
  </style:style>
  <style:style style:name="Tabelle8.A1" style:family="table-cell">
   <style:properties fo:padding="0cm" fo:border="none"/>
  </style:style>
  <style:style style:name="Tabelle2" style:family="table">
   <style:properties style:width="18cm" table:align="margins"/>
  </style:style>
  <style:style style:name="Tabelle2.A" style:family="table-column">
   <style:properties style:column-width="3.732cm" style:rel-column-width="13586*"/>
  </style:style>
  <style:style style:name="Tabelle2.B" style:family="table-column">
   <style:properties style:column-width="14.268cm" style:rel-column-width="51949*"/>
  </style:style>
  <style:style style:name="Tabelle2.A1" style:family="table-cell">
   <style:properties fo:padding="0.049cm" fo:border-left="0.002cm solid #000000" fo:border-right="none" fo:border-top="0.002cm solid #000000" fo:border-bottom="0.002cm solid #000000"/>
  </style:style>
  <style:style style:name="Tabelle2.B1" style:family="table-cell">
   <style:properties fo:padding="0.049cm" fo:border="0.002cm solid #000000"/>
  </style:style>
  <style:style style:name="Tabelle2.A2" style:family="table-cell">
   <style:properties fo:padding="0.049cm" fo:border-left="0.002cm solid #000000" fo:border-right="none" fo:border-top="none" fo:border-bottom="0.002cm solid #000000"/>
  </style:style>
  <style:style style:name="Tabelle2.B2" style:family="table-cell">
   <style:properties fo:padding="0.049cm" fo:border-left="0.002cm solid #000000" fo:border-right="0.002cm solid #000000" fo:border-top="none" fo:border-bottom="0.002cm solid #000000"/>
  </style:style>
  <style:style style:name="Tabelle3" style:family="table">
   <style:properties style:width="18cm" table:align="margins"/>
  </style:style>
  <style:style style:name="Tabelle3.A" style:family="table-column">
   <style:properties style:column-width="1.499cm" style:rel-column-width="5460*"/>
  </style:style>
  <style:style style:name="Tabelle3.B" style:family="table-column">
   <style:properties style:column-width="16.501cm" style:rel-column-width="60075*"/>
  </style:style>
  <style:style style:name="Tabelle3.1" style:family="table-row">
   <style:properties style:min-row-height="0.848cm"/>
  </style:style>
  <style:style style:name="Tabelle3.A1" style:family="table-cell">
   <style:properties fo:padding="0cm" fo:border="none"/>
  </style:style>
  <style:style style:name="Tabelle5" style:family="table">
   <style:properties style:width="17.995cm" fo:margin-left="0cm" fo:margin-right="0.005cm" table:align="margins"/>
  </style:style>
  <style:style style:name="Tabelle5.A" style:family="table-column">
   <style:properties style:column-width="7.057cm" style:rel-column-width="25702*"/>
  </style:style>
  <style:style style:name="Tabelle5.B" style:family="table-column">
   <style:properties style:column-width="10.938cm" style:rel-column-width="39833*"/>
  </style:style>
  <style:style style:name="Tabelle5.A1" style:family="table-cell">
   <style:properties fo:padding="0.049cm" fo:border-left="0.002cm solid #000000" fo:border-right="none" fo:border-top="0.002cm solid #000000" fo:border-bottom="0.002cm solid #000000"/>
  </style:style>
  <style:style style:name="Tabelle5.B1" style:family="table-cell">
   <style:properties fo:padding="0.049cm" fo:border="0.002cm solid #000000"/>
  </style:style>
  <style:style style:name="Tabelle5.A2" style:family="table-cell">
   <style:properties fo:padding="0.049cm" fo:border-left="0.002cm solid #000000" fo:border-right="none" fo:border-top="none" fo:border-bottom="0.002cm solid #000000"/>
  </style:style>
  <style:style style:name="Tabelle5.B2" style:family="table-cell">
   <style:properties fo:padding="0.049cm" fo:border-left="0.002cm solid #000000" fo:border-right="0.002cm solid #000000" fo:border-top="none" fo:border-bottom="0.002cm solid #000000"/>
  </style:style>
  <style:style style:name="Tabelle7" style:family="table">
   <style:properties style:width="18cm" table:align="margins"/>
  </style:style>
  <style:style style:name="Tabelle7.A" style:family="table-column">
   <style:properties style:column-width="7.04cm" style:rel-column-width="25630*"/>
  </style:style>
  <style:style style:name="Tabelle7.B" style:family="table-column">
   <style:properties style:column-width="10.961cm" style:rel-column-width="39905*"/>
  </style:style>
  <style:style style:name="Tabelle7.A1" style:family="table-cell">
   <style:properties fo:padding="0.049cm" fo:border-left="0.002cm solid #000000" fo:border-right="none" fo:border-top="0.002cm solid #000000" fo:border-bottom="0.002cm solid #000000"/>
  </style:style>
  <style:style style:name="Tabelle7.B1" style:family="table-cell">
   <style:properties fo:padding="0.049cm" fo:border="0.002cm solid #000000"/>
  </style:style>
  <style:style style:name="Tabelle7.A2" style:family="table-cell">
   <style:properties fo:padding="0.049cm" fo:border-left="0.002cm solid #000000" fo:border-right="none" fo:border-top="none" fo:border-bottom="0.002cm solid #000000"/>
  </style:style>
  <style:style style:name="Tabelle7.B2" style:family="table-cell">
   <style:properties fo:padding="0.049cm" fo:border-left="0.002cm solid #000000" fo:border-right="0.002cm solid #000000" fo:border-top="none" fo:border-bottom="0.002cm solid #000000"/>
  </style:style>
  <style:style style:name="Tabelle4" style:family="table">
   <style:properties style:width="18cm" table:align="margins"/>
  </style:style>
  <style:style style:name="Tabelle4.A" style:family="table-column">
   <style:properties style:column-width="2.275cm" style:rel-column-width="8286*"/>
  </style:style>
  <style:style style:name="Tabelle4.B" style:family="table-column">
   <style:properties style:column-width="7.624cm" style:rel-column-width="27756*"/>
  </style:style>
  <style:style style:name="Tabelle4.C" style:family="table-column">
   <style:properties style:column-width="8.102cm" style:rel-column-width="29493*"/>
  </style:style>
  <style:style style:name="Tabelle4.A1" style:family="table-cell">
   <style:properties fo:padding="0.049cm" fo:border-left="0.002cm solid #000000" fo:border-right="none" fo:border-top="0.002cm solid #000000" fo:border-bottom="0.002cm solid #000000"/>
  </style:style>
  <style:style style:name="Tabelle4.C1" style:family="table-cell">
   <style:properties fo:padding="0.049cm" fo:border="0.002cm solid #000000"/>
  </style:style>
  <style:style style:name="Tabelle4.A2" style:family="table-cell">
   <style:properties fo:padding="0.049cm" fo:border-left="0.002cm solid #000000" fo:border-right="none" fo:border-top="none" fo:border-bottom="0.002cm solid #000000"/>
  </style:style>
  <style:style style:name="Tabelle4.C2" style:family="table-cell">
   <style:properties fo:padding="0.049cm" fo:border-left="0.002cm solid #000000" fo:border-right="0.002cm solid #000000" fo:border-top="none" fo:border-bottom="0.002cm solid #000000"/>
  </style:style>
  <style:style style:name="Tabelle6" style:family="table">
   <style:properties style:width="17.995cm" fo:margin-left="0cm" fo:margin-right="0.005cm" table:align="margins"/>
  </style:style>
  <style:style style:name="Tabelle6.A" style:family="table-column">
   <style:properties style:column-width="5.399cm" style:rel-column-width="19662*"/>
  </style:style>
  <style:style style:name="Tabelle6.B" style:family="table-column">
   <style:properties style:column-width="12.596cm" style:rel-column-width="45873*"/>
  </style:style>
  <style:style style:name="Tabelle6.A1" style:family="table-cell">
   <style:properties fo:padding="0.049cm" fo:border-left="0.002cm solid #000000" fo:border-right="none" fo:border-top="0.002cm solid #000000" fo:border-bottom="0.002cm solid #000000"/>
  </style:style>
  <style:style style:name="Tabelle6.B1" style:family="table-cell">
   <style:properties fo:padding="0.049cm" fo:border="0.002cm solid #000000"/>
  </style:style>
  <style:style style:name="Tabelle6.A2" style:family="table-cell">
   <style:properties fo:padding="0.049cm" fo:border-left="0.002cm solid #000000" fo:border-right="none" fo:border-top="none" fo:border-bottom="0.002cm solid #000000"/>
  </style:style>
  <style:style style:name="Tabelle6.B2" style:family="table-cell">
   <style:properties fo:padding="0.049cm" fo:border-left="0.002cm solid #000000" fo:border-right="0.002cm solid #000000" fo:border-top="none" fo:border-bottom="0.002cm solid #000000"/>
  </style:style>
  <style:style style:name="P1" style:family="paragraph" style:parent-style-name="Paragraph" style:master-page-name="HTML">
   <style:properties style:page-number="0"/>
  </style:style>
  <style:style style:name="P2" style:family="paragraph" style:parent-style-name="Paragraph" style:list-style-name="L1"/>
  <style:style style:name="T1" style:family="text">
   <style:properties fo:font-weight="bold"/>
  </style:style>
  <style:style style:name="fr1" style:family="graphics" style:parent-style-name="Graphics">
   <style:properties fo:margin-left="0cm" fo:margin-right="0cm" fo:margin-top="0cm" fo:margin-bottom="0cm" style:wrap="run-through" style:horizontal-pos="center" style:horizontal-rel="paragraph" style:mirror="none" fo:clip="rect(0cm 0cm 0cm 0cm)" draw:luminance="0%" draw:contrast="0%" draw:red="0%" draw:green="0%" draw:blue="0%" draw:gamma="1" draw:color-inversion="false" draw:transparency="-100%" draw:color-mode="standard"/>
  </style:style>
  <style:style style:name="fr2" style:family="graphics" style:parent-style-name="Graphics">
   <style:properties fo:margin-left="0cm" fo:margin-right="0cm" fo:margin-top="0cm" fo:margin-bottom="0cm" style:run-through="foreground" style:wrap="run-through" style:vertical-pos="middle" style:vertical-rel="paragraph" style:horizontal-pos="left" style:horizontal-rel="paragraph" style:mirror="none" fo:clip="rect(0cm 0cm 0cm 0cm)" draw:luminance="0%" draw:contrast="0%" draw:red="0%" draw:green="0%" draw:blue="0%" draw:gamma="1" draw:color-inversion="false" draw:transparency="-100%" draw:color-mode="standard"/>
  </style:style>
  <text:list-style style:name="L1">
   <text:list-level-style-bullet text:level="1" text:style-name="Bullet Symbols" style:num-suffix="." text:bullet-char="•">
    <style:properties text:min-label-width="0.499cm" style:font-name="StarSymbol"/>
   </text:list-level-style-bullet>
   <text:list-level-style-bullet text:level="2" text:style-name="Bullet Symbols" style:num-suffix="." text:bullet-char="•">
    <style:properties text:space-before="0.499cm" text:min-label-width="0.499cm" style:font-name="StarSymbol"/>
   </text:list-level-style-bullet>
   <text:list-level-style-bullet text:level="3" text:style-name="Bullet Symbols" style:num-suffix="." text:bullet-char="•">
    <style:properties text:space-before="0.999cm" text:min-label-width="0.499cm" style:font-name="StarSymbol"/>
   </text:list-level-style-bullet>
   <text:list-level-style-bullet text:level="4" text:style-name="Bullet Symbols" style:num-suffix="." text:bullet-char="•">
    <style:properties text:space-before="1.498cm" text:min-label-width="0.499cm" style:font-name="StarSymbol"/>
   </text:list-level-style-bullet>
   <text:list-level-style-bullet text:level="5" text:style-name="Bullet Symbols" style:num-suffix="." text:bullet-char="•">
    <style:properties text:space-before="1.997cm" text:min-label-width="0.499cm" style:font-name="StarSymbol"/>
   </text:list-level-style-bullet>
   <text:list-level-style-number text:level="6" style:num-suffix="." style:num-format="1">
    <style:properties text:space-before="2.501cm" text:min-label-width="0.499cm"/>
   </text:list-level-style-number>
   <text:list-level-style-number text:level="7" style:num-suffix="." style:num-format="1">
    <style:properties text:space-before="3.001cm" text:min-label-width="0.499cm"/>
   </text:list-level-style-number>
   <text:list-level-style-number text:level="8" style:num-suffix="." style:num-format="1">
    <style:properties text:space-before="3.502cm" text:min-label-width="0.499cm"/>
   </text:list-level-style-number>
   <text:list-level-style-number text:level="9" style:num-suffix="." style:num-format="1">
    <style:properties text:space-before="4.001cm" text:min-label-width="0.499cm"/>
   </text:list-level-style-number>
   <text:list-level-style-number text:level="10" style:num-suffix="." style:num-format="1">
    <style:properties text:space-before="4.502cm" text:min-label-width="0.499cm"/>
   </text:list-level-style-number>
  </text:list-style>
 </office:automatic-styles>
 <office:body>
  <text:variable-decls>
   <text:variable-decl text:value-type="string" text:name="HTML_ON"/>
   <text:variable-decl text:value-type="string" text:name="HTML_OFF"/>
   <text:variable-decl text:value-type="string" text:name="TITEL"/>
   <text:variable-decl text:value-type="string" text:name="END"/>
   <text:variable-decl text:value-type="string" text:name="NAME"/>
   <text:variable-decl text:value-type="string" text:name="HREF"/>
   <text:variable-decl text:value-type="string" text:name="MODIFY"/>
   <text:variable-decl text:value-type="string" text:name="REFNR"/>
   <text:variable-decl text:value-type="string" text:name="HelpID"/>
   <text:variable-decl text:value-type="string" text:name="AKTHLP"/>
   <text:variable-decl text:value-type="string" text:name="INDEX"/>
   <text:variable-decl text:value-type="string" text:name="KEY"/>
   <text:variable-decl text:value-type="string" text:name="STYLE"/>
  </text:variable-decls>
  <text:sequence-decls>
   <text:sequence-decl text:display-outline-level="0" text:name="Illustration"/>
   <text:sequence-decl text:display-outline-level="0" text:name="Table"/>
   <text:sequence-decl text:display-outline-level="0" text:name="Text"/>
   <text:sequence-decl text:display-outline-level="0" text:name="Drawing"/>
  </text:sequence-decls>
  <text:p text:style-name="P1"/>
  <text:p text:style-name="Head 1"><help:help-id value="SID_FM_SEARCH"/><help:key-word value="資料庫表格; 瀏覽" tag="kw65888_1"/><help:key-word value="表單; 瀏覽" tag="kw65888_5"/><help:key-word value="資料條目搜尋; 資料庫" tag="kw65888_4"/><help:key-word value="搜尋; 資料庫" tag="kw65888_3"/><help:key-word value="資料庫; 搜尋資料條目" tag="kw65888_2"/><help:to-be-embedded Eid="datensatzsuche"><help:link Id="65888">搜尋資料條目</help:link></help:to-be-embedded></text:p>
  <text:p text:style-name="Paragraph"><help:to-be-embedded Eid="suchentext"><help:help-text value="hide">搜尋資料庫表格和表單。</help:help-text>在表單或資料庫表格內，您可以在所有的資料欄位、清單方塊以及核取方塊中搜尋特定的值。</help:to-be-embedded></text:p>
  <help:popup Id="67813" Eid="datensuchen"><help:embedded Id="65598" Eid="wie"></help:embedded></help:popup>
  <text:p text:style-name="Paragraph">在表格中搜尋時，搜尋範圍為目前表格的資料欄位。在表單中搜尋時，搜尋範圍為與表單連結的表格之資料欄位。</text:p>
  <table:table table:name="Tabelle1" table:style-name="Tabelle1">
   <table:table-column table:style-name="Tabelle1.A"/>
   <table:table-column table:style-name="Tabelle1.B"/>
   <table:table-row table:style-name="Tabelle1.1">
    <table:table-cell table:style-name="Tabelle1.A1" table:value-type="string">
     <text:p text:style-name="Paragraph"><draw:image draw:name="圖示0" svg:desc="提示圖示" svg:pixelx="32" svg:pixely="32" svg:width="0.847cm" svg:height="0.847cm" xlink:href="66732" draw:filter-name=""/></text:p>

    </table:table-cell>
    <table:table-cell table:style-name="Tabelle1.A1" table:value-type="string">
     <text:p text:style-name="Paragraph">此處描述的搜尋由 <help:productname>%PRODUCTNAME</help:productname> 來執行。如果要使用 SQL 伺服器在資料庫中搜尋，請使用<help:link Id="66040">[表單列]</help:link>上的<help:link Id="65578" Eid="formular">表單式篩選</help:link>圖示。</text:p>
    </table:table-cell>
   </table:table-row>
  </table:table>
  <text:p text:style-name="Paragraph">此搜尋功能也適用於表格控制項。呼叫表格控制項的搜尋功能時，可以對表格控制項中與所連結的資料庫表格之資料庫欄相對應的每一欄進行搜尋。</text:p>
  <text:p text:style-name="Head 2">搜尋內容</text:p>
  <text:p text:style-name="Paragraph">指定搜尋類型。</text:p>
  <text:p text:style-name="Head 3"><help:help-id value="HID_SEARCH_TEXT"/><help:help-id value="SVX_RADIOBUTTON_RID_SVXDLG_SEARCHFORM_RB_SEARCHFORTEXT"/>文字：</text:p>
  <text:p text:style-name="Paragraph"><help:help-text value="visible">在方塊中輸入搜尋術語，或者從清單中選取搜尋術語。</help:help-text>游標下的文字已複製到<text:span text:style-name="T1">[文字]</text:span>組合方塊中。請注意，在表單中執行搜尋時，無法處理定位鍵和換行。</text:p>
  <text:p text:style-name="Paragraph">只要表格或公式文件處於開啟狀態，系統就會儲存搜尋術語。執行多個搜尋時，如果需要重複搜尋以前使用過的某個搜尋術語，則可從組合方塊中選取該搜尋術語。</text:p>
  <text:p text:style-name="Head 3"><help:help-id value="SVX_RADIOBUTTON_RID_SVXDLG_SEARCHFORM_RB_SEARCHFORNULL"/>欄位內容是 NULL</text:p>
  <text:p text:style-name="Paragraph"><help:help-text value="visible">指定搜尋不含資料的欄位。</help:help-text></text:p>
  <text:p text:style-name="Head 3"><help:help-id value="SVX_RADIOBUTTON_RID_SVXDLG_SEARCHFORM_RB_SEARCHFORNOTNULL"/>欄位內容不等於 NULL</text:p>
  <text:p text:style-name="Paragraph"><help:help-text value="visible">指定搜尋包含資料的欄位。</help:help-text></text:p>
  <text:p text:style-name="Head 2">區域</text:p>
  <text:p text:style-name="Paragraph">指定要搜尋的欄位。</text:p>
  <text:p text:style-name="Head 3"><help:help-id value="SVX_LISTBOX_RID_SVXDLG_SEARCHFORM_LB_FORM"/>表單</text:p>
  <text:p text:style-name="Paragraph"><help:help-text value="visible">指定要在其中進行搜尋的邏輯表單。</help:help-text></text:p>
  <table:table table:name="Tabelle8" table:style-name="Tabelle8">
   <table:table-column table:style-name="Tabelle8.A"/>
   <table:table-column table:style-name="Tabelle8.B"/>
   <table:table-header-rows>
    <table:table-row table:style-name="Tabelle8.1">
     <table:table-cell table:style-name="Tabelle8.A1" table:value-type="string">
      <text:p text:style-name="Paragraph"><draw:image draw:name="圖示1" svg:desc="備註圖示" svg:pixelx="32" svg:pixely="32" svg:width="0.847cm" svg:height="0.847cm" xlink:href="65980" draw:filter-name=""/></text:p>

     </table:table-cell>
     <table:table-cell table:style-name="Tabelle8.A1" table:value-type="string">
      <text:p text:style-name="Paragraph">只有在目前表單文件包含多個邏輯表單時，<text:span text:style-name="T1">[表單]</text:span>組合方塊才會顯示。在表格或查詢中搜尋時，該組合方塊不會顯示。</text:p>
     </table:table-cell>
    </table:table-row>
   </table:table-header-rows>
  </table:table>
  <text:p text:style-name="Paragraph">表單文件中可以包含多個邏輯表單。每個邏輯表單都是單獨的表單部份，並各自連結一個表格。</text:p>
  <text:p text:style-name="Paragraph"><text:span text:style-name="T1">[表單]</text:span>組合方塊包含所有含有控制項的邏輯表單之名稱。</text:p>
  <text:p text:style-name="Head 3"><help:help-id value="HID_SEARCH_ALLFIELDS"/>全部的欄位</text:p>
  <text:p text:style-name="Paragraph"><help:help-text value="visible">在所有欄位中搜尋。</help:help-text>如果在表格中執行搜尋，搜尋範圍為表格中的所有欄位。如果在表單中執行搜尋，搜尋範圍為邏輯表單 (在<text:span text:style-name="T1">[表單]</text:span>下輸入的表單) 的所有欄位。如果在表格控制項欄位中執行搜尋，則搜尋範圍為連結至有效資料庫表格欄位的所有欄。</text:p>
  <text:p text:style-name="Paragraph">請注意，目前邏輯表單的欄位無需與表單文件的欄位相同。如果表單文件包含指向多個資料源 (即多個邏輯表單) 的欄位，則使用<text:span text:style-name="T1">[所有的欄位]</text:span>選項後，只會搜尋表單文件中連結至資料源的欄位。</text:p>
  <text:p text:style-name="Head 3"><help:help-id value="HID_SEARCH_FIELDSELECTION"/><help:help-id value="SVX_RADIOBUTTON_RID_SVXDLG_SEARCHFORM_RB_SINGLEFIELD"/>個別的欄位</text:p>
  <text:p text:style-name="Paragraph"><help:help-text value="visible">在指定的資料欄位中搜尋。</help:help-text></text:p>
  <text:p text:style-name="Head 2">設定</text:p>
  <text:p text:style-name="Paragraph">定義控制搜尋的設定。</text:p>
  <text:p text:style-name="Head 3"><help:help-id value="HID_SEARCH_POSITION"/>位置</text:p>
  <text:p text:style-name="Paragraph"><help:help-text value="visible">指定搜尋術語和欄位內容之間的關係。</help:help-text>下列選項可用：</text:p>
  <table:table table:name="Tabelle2" table:style-name="Tabelle2">
   <table:table-column table:style-name="Tabelle2.A"/>
   <table:table-column table:style-name="Tabelle2.B"/>
   <table:table-header-rows>
    <table:table-row>
     <table:table-cell table:style-name="Tabelle2.A1" table:value-type="string">
      <text:p text:style-name="Paragraph">任意在欄位中</text:p>
     </table:table-cell>
     <table:table-cell table:style-name="Tabelle2.B1" table:value-type="string">
      <text:p text:style-name="Paragraph">會搜尋所有於位於欄位開頭、結尾或置中任意位置上，包含搜尋項目的欄位。</text:p>
     </table:table-cell>
    </table:table-row>
   </table:table-header-rows>
   <table:table-row>
    <table:table-cell table:style-name="Tabelle2.A2" table:value-type="string">
     <text:p text:style-name="Paragraph">在欄位開頭</text:p>
    </table:table-cell>
    <table:table-cell table:style-name="Tabelle2.B2" table:value-type="string">
     <text:p text:style-name="Paragraph">會搜尋所有在欄位開頭包含搜尋項目的欄位。</text:p>
    </table:table-cell>
   </table:table-row>
   <table:table-row>
    <table:table-cell table:style-name="Tabelle2.A2" table:value-type="string">
     <text:p text:style-name="Paragraph">在欄位結尾</text:p>
    </table:table-cell>
    <table:table-cell table:style-name="Tabelle2.B2" table:value-type="string">
     <text:p text:style-name="Paragraph">會搜尋所有在欄位結尾包含搜尋項目的欄位。</text:p>
    </table:table-cell>
   </table:table-row>
   <table:table-row>
    <table:table-cell table:style-name="Tabelle2.A2" table:value-type="string">
     <text:p text:style-name="Paragraph">整個欄位</text:p>
    </table:table-cell>
    <table:table-cell table:style-name="Tabelle2.B2" table:value-type="string">
     <text:p text:style-name="Paragraph">會搜尋包含與欄位內容完全吻合的搜尋項目的全部欄位。</text:p>
    </table:table-cell>
   </table:table-row>
  </table:table>
  <table:table table:name="Tabelle3" table:style-name="Tabelle3">
   <table:table-column table:style-name="Tabelle3.A"/>
   <table:table-column table:style-name="Tabelle3.B"/>
   <table:table-header-rows>
    <table:table-row table:style-name="Tabelle3.1">
     <table:table-cell table:style-name="Tabelle3.A1" table:value-type="string">
      <text:p text:style-name="Paragraph"><draw:image draw:name="圖示2" svg:desc="備註圖示" svg:pixelx="32" svg:pixely="32" svg:width="0.847cm" svg:height="0.847cm" xlink:href="65980" draw:filter-name=""/></text:p>

     </table:table-cell>
     <table:table-cell table:style-name="Tabelle3.A1" table:value-type="string">
      <text:p text:style-name="Paragraph">如果選取欄位<text:span text:style-name="T1">「萬用字元-表達」</text:span>，就不能使用這個功能。</text:p>
     </table:table-cell>
    </table:table-row>
   </table:table-header-rows>
  </table:table>
  <text:p text:style-name="Head 3"><help:help-id value="HID_SEARCH_FORMATTER"/>使用欄位格式</text:p>
  <text:p text:style-name="Paragraph"><help:help-text value="visible">指定在目前文件中搜尋時考量所有的欄位格式。</help:help-text>欄位格式是指所有可見的格式，可以透過以下方法建立：</text:p>
  <text:unordered-list text:style-name="L1">
   <text:list-item>
    <text:p text:style-name="P2">在欄位屬性的表格設計中，</text:p>
   </text:list-item>
   <text:list-item>
    <text:p text:style-name="P2">在關於欄格式的資料檢視中，</text:p>
   </text:list-item>
   <text:list-item>
    <text:p text:style-name="P2">在關於控制項-屬性的表單中。</text:p>
   </text:list-item>
  </text:unordered-list>
  <text:p text:style-name="Paragraph">當您想在工作表的資料檢視或在表單中搜尋資料時，您可選擇要在搜尋時考慮目前顯示的格式，或資料庫的標準格式。如果選取<text:span text:style-name="T1">「使用欄位格式」</text:span>欄位，則會使用工作表的資料檢視中或表單中設定的格式進行搜尋；如果沒有選取此欄位，則會在資料庫中利用所儲存的格式進行搜尋。</text:p>
  <text:p text:style-name="Paragraph">示例：</text:p>
  <text:p text:style-name="Paragraph">假定某個日期欄位在資料庫中以「DD.MM.YY」的格式儲存 (例如，17.02.65)。在資料源檢視中，該條目的格式會變更為「DD.MMM YYYY」(17 Feb 1965)。依此示例，只有在使用<text:span text:style-name="T1">[採用欄位格式]</text:span>選項時，才可以找到含有 February 17 的資料條目。</text:p>
  <table:table table:name="Tabelle5" table:style-name="Tabelle5">
   <table:table-column table:style-name="Tabelle5.A"/>
   <table:table-column table:style-name="Tabelle5.B"/>
   <table:table-header-rows>
    <table:table-row>
     <table:table-cell table:style-name="Tabelle5.A1" table:value-type="string">
      <text:p text:style-name="TableHead">「使用欄位格式」</text:p>
     </table:table-cell>
     <table:table-cell table:style-name="Tabelle5.B1" table:value-type="string">
      <text:p text:style-name="TableHead">「搜尋」</text:p>
     </table:table-cell>
    </table:table-row>
   </table:table-header-rows>
   <table:table-row>
    <table:table-cell table:style-name="Tabelle5.A2" table:value-type="string">
     <text:p text:style-name="TextInTable">開啟</text:p>
    </table:table-cell>
    <table:table-cell table:style-name="Tabelle5.B2" table:value-type="string">
     <text:p text:style-name="TextInTable">會找到「Feb」，但不會找到「2」。</text:p>
    </table:table-cell>
   </table:table-row>
   <table:table-row>
    <table:table-cell table:style-name="Tabelle5.A2" table:value-type="string">
     <text:p text:style-name="TextInTable">關閉</text:p>
    </table:table-cell>
    <table:table-cell table:style-name="Tabelle5.B2" table:value-type="string">
     <text:p text:style-name="TextInTable">會找到「2」，但不會找到「Feb」。</text:p>
    </table:table-cell>
   </table:table-row>
  </table:table>
  <text:p text:style-name="Paragraph">一般建議利用欄位格式進行搜尋，因為一旦接受 (內部的) 標準格式，可能會出現不想要的搜尋結果。</text:p>
  <text:p text:style-name="Paragraph">下列示例說明，不含欄位格式的搜尋可能出現的問題。這些情形端視使用的資料庫而定，且只會在特定的內部標準格式中出現：</text:p>
  <table:table table:name="Tabelle7" table:style-name="Tabelle7">
   <table:table-column table:style-name="Tabelle7.A"/>
   <table:table-column table:style-name="Tabelle7.B"/>
   <table:table-header-rows>
    <table:table-row>
     <table:table-cell table:style-name="Tabelle7.A1" table:value-type="string">
      <text:p text:style-name="TableHead">「搜尋結果」</text:p>
     </table:table-cell>
     <table:table-cell table:style-name="Tabelle7.B1" table:value-type="string">
      <text:p text:style-name="TableHead">「原因」</text:p>
     </table:table-cell>
    </table:table-row>
   </table:table-header-rows>
   <table:table-row>
    <table:table-cell table:style-name="Tabelle7.A2" table:value-type="string">
     <text:p text:style-name="TextInTable">「5」會找到時間「14:00:00」</text:p>
    </table:table-cell>
    <table:table-cell table:style-name="Tabelle7.B2" table:value-type="string">
     <text:p text:style-name="TextInTable">時間欄位在 dBase 資料庫中並未加以定義，並且需模擬。如果要在內部顯示時間「14:00:00」，則需要 5。</text:p>
    </table:table-cell>
   </table:table-row>
   <table:table-row>
    <table:table-cell table:style-name="Tabelle7.A2" table:value-type="string">
     <text:p text:style-name="TextInTable">「00:00:00」會找到某個純日期欄位的全部資料條目</text:p>
    </table:table-cell>
    <table:table-cell table:style-name="Tabelle7.B2" table:value-type="string">
     <text:p text:style-name="TextInTable">資料庫內部會以組合的日期/時間欄位儲存日期數值。</text:p>
    </table:table-cell>
   </table:table-row>
   <table:table-row>
    <table:table-cell table:style-name="Tabelle7.A2" table:value-type="string">
     <text:p text:style-name="TextInTable">即使在<text:span text:style-name="T1">「位置」</text:span>下選取了<text:span text:style-name="T1">「整個欄位」</text:span>選項，「45,79」仍不會找到「45,79」。</text:p>
    </table:table-cell>
    <table:table-cell table:style-name="Tabelle7.B2" table:value-type="string">
     <text:p text:style-name="TextInTable">所看到的顯示不等於內部儲存。例如，如果在資料庫中，數值 45,789 儲存在「數字/兩倍」類型的欄位中，且顯示的格式設定為只顯示兩個小數點位數，則「45,79」只能透過欄位格式的搜尋找到。</text:p>
    </table:table-cell>
   </table:table-row>
  </table:table>
  <text:p text:style-name="Paragraph">在此情況下，標準格式是指內部儲存的資料所採用的格式。使用者不一定可以看到此格式，尤其是將其用於模擬資料類型時 (例如，dBase 資料庫中的時間欄位)。這取決於使用的資料庫和各個資料類型。如果只希望搜尋實際顯示的內容，則可透過欄位格式進行搜尋，其中包括日期、時間、日期/時間和數字/雙精度等類型的欄位。</text:p>
  <text:p text:style-name="Paragraph">但是，對於不涉及格式問題的更大的資料庫，則不宜透過<text:span text:style-name="T1">[採用欄位格式]</text:span>選項進行搜尋，因為不使用此選項可以加快搜尋速度。</text:p>
  <text:p text:style-name="Paragraph">如果使用<text:span text:style-name="T1">[採用欄位格式]</text:span>選項來搜尋核取方塊，則在搜尋結果中，已標記的核取方塊顯示為「1」，未標記的核取方塊顯示為「0」，未定義的 (三重狀態) 核取方塊顯示為空字串。如果搜尋時不使用<text:span text:style-name="T1">[採用欄位格式]</text:span>選項，則將顯示標準值「TRUE」或「FALSE」(取決於所用語言)。</text:p>
  <text:p text:style-name="Paragraph">如果在清單方塊中搜尋時使用<text:span text:style-name="T1">[採用欄位格式]</text:span>選項，則搜尋結果為清單方塊中顯示的文字。但如果不使用<text:span text:style-name="T1">[採用欄位格式]</text:span>，搜尋結果將為採用標準欄位格式的內容。</text:p>
  <text:p text:style-name="Head 3"><help:help-id value="HID_SEARCH_CASE"/>精確搜尋</text:p>
  <text:p text:style-name="Paragraph"><help:help-text value="visible">指定搜尋時要區分大小寫。</help:help-text></text:p>
  <text:p text:style-name="Head 3"><help:help-id value="HID_SEARCH_BACKWARD"/>向後搜尋</text:p>
  <text:p text:style-name="Paragraph"><help:help-text value="visible">指定以相反方向搜尋，即從最後一個資料條目到第一個資料條目。</help:help-text></text:p>
  <text:p text:style-name="Head 3"><help:help-id value="HID_SEARCH_STARTOVER"/>從開始/結束</text:p>
  <text:p text:style-name="Paragraph"><help:help-text value="visible">重新開始搜尋。向前搜尋是從第一個資料條目開始重新搜尋，而向後搜尋則是從最後一個資料條目開始重新搜尋。</help:help-text></text:p>
  <text:p text:style-name="Head 3"><help:help-id value="HID_SEARCH_WILDCARD"/>萬用字元-表達</text:p>
  <text:p text:style-name="Paragraph"><help:help-text value="hide">搜尋時允許使用萬用字元 * 或 ?。</help:help-text>可以使用以下萬用字元：</text:p>
  <table:table table:name="Tabelle4" table:style-name="Tabelle4">
   <table:table-column table:style-name="Tabelle4.A"/>
   <table:table-column table:style-name="Tabelle4.B"/>
   <table:table-column table:style-name="Tabelle4.C"/>
   <table:table-header-rows>
    <table:table-row>
     <table:table-cell table:style-name="Tabelle4.A1" table:value-type="string">
      <text:p text:style-name="TableHead">萬用字元</text:p>
     </table:table-cell>
     <table:table-cell table:style-name="Tabelle4.A1" table:value-type="string">
      <text:p text:style-name="TableHead">涵義</text:p>
     </table:table-cell>
     <table:table-cell table:style-name="Tabelle4.C1" table:value-type="string">
      <text:p text:style-name="TableHead">示例</text:p>
     </table:table-cell>
    </table:table-row>
   </table:table-header-rows>
   <table:table-row>
    <table:table-cell table:style-name="Tabelle4.A2" table:value-type="string">
     <text:p text:style-name="TextInTable">?</text:p>
    </table:table-cell>
    <table:table-cell table:style-name="Tabelle4.A2" table:value-type="string">
     <text:p text:style-name="TextInTable">用於剛好一個任意字元</text:p>
    </table:table-cell>
    <table:table-cell table:style-name="Tabelle4.C2" table:value-type="string">
     <text:p text:style-name="TextInTable">「?loppy」會找到「Floppy」</text:p>
     <text:p text:style-name="TextInTable">「M?ller」會找到如 Mler 和 M闤ler</text:p>
    </table:table-cell>
   </table:table-row>
   <table:table-row>
    <table:table-cell table:style-name="Tabelle4.A2" table:value-type="string">
     <text:p text:style-name="TextInTable">*</text:p>
    </table:table-cell>
    <table:table-cell table:style-name="Tabelle4.A2" table:value-type="string">
     <text:p text:style-name="TextInTable">用於 0 或更多任意字元</text:p>
    </table:table-cell>
    <table:table-cell table:style-name="Tabelle4.C2" table:value-type="string">
     <text:p text:style-name="TextInTable">「*-*」會找到「ZIP-Drive」和「CD-ROM」</text:p>
     <text:p text:style-name="TextInTable">「M*er」會找到所有以「M」開頭，且「er」結尾的項目 (例如，Mler、M闤ler、Meier)</text:p>
    </table:table-cell>
   </table:table-row>
  </table:table>
  <text:p text:style-name="Paragraph">如果要搜尋字元 ? 或 * 本身，請在該字元前面加上反斜線：「\?」或「\*」。但是，這樣做的前提是已啟用<text:span text:style-name="T1">[萬用字元表達式]</text:span>。如果該選項未啟用，系統會將萬用字元視為普通字元處理。</text:p>
  <text:p text:style-name="Head 3"><help:help-id value="HID_SEARCH_REGULAR"/>常規表達</text:p>
  <text:p text:style-name="Paragraph"><help:help-text value="visible">使用常規表示式進行搜尋。</help:help-text>在此處受支援的常規表示式，在 <help:productname>%PRODUCTNAME</help:productname> 的<help:link Id="65852" Eid="platzhalter">[搜尋和替代]對話方塊</help:link>中也受支援。</text:p>
  <text:p text:style-name="Paragraph">根據常規表達的搜尋可提供更多項目作為萬用字元搜尋，但已對於一般使用已足夠，且能輕易擁有。當您根據常規表達進行搜尋時，下列字元即符合萬用字元搜尋：</text:p>
  <table:table table:name="Tabelle6" table:style-name="Tabelle6">
   <table:table-column table:style-name="Tabelle6.A"/>
   <table:table-column table:style-name="Tabelle6.B"/>
   <table:table-header-rows>
    <table:table-row>
     <table:table-cell table:style-name="Tabelle6.A1" table:value-type="string">
      <text:p text:style-name="TableHead">萬用字元搜尋</text:p>
     </table:table-cell>
     <table:table-cell table:style-name="Tabelle6.B1" table:value-type="string">
      <text:p text:style-name="TableHead">根據常規表達進行搜尋</text:p>
     </table:table-cell>
    </table:table-row>
   </table:table-header-rows>
   <table:table-row>
    <table:table-cell table:style-name="Tabelle6.A2" table:value-type="string">
     <text:p text:style-name="TextInTable">?</text:p>
    </table:table-cell>
    <table:table-cell table:style-name="Tabelle6.B2" table:value-type="string">
     <text:p text:style-name="TextInTable">.</text:p>
    </table:table-cell>
   </table:table-row>
   <table:table-row>
    <table:table-cell table:style-name="Tabelle6.A2" table:value-type="string">
     <text:p text:style-name="TextInTable">*</text:p>
    </table:table-cell>
    <table:table-cell table:style-name="Tabelle6.B2" table:value-type="string">
     <text:p text:style-name="TextInTable">.*</text:p>
    </table:table-cell>
   </table:table-row>
  </table:table>
  <help:help-id value="HID_SEARCH_APPROX"/><help:help-id value="HID_SEARCH_APPROXSETTINGS"/><help:embedded Id="65785" Eid="aehnlichkeit"></help:embedded>
  <help:help-id value="SVX_CHECKBOX_RID_SVXDLG_SEARCHFORM_CB_HALFFULLFORMS"/><help:embedded Id="65852" Eid="halbnormaltitel"></help:embedded>
  <help:embedded Id="65852" Eid="halbnormaltext"></help:embedded>
  <help:help-id value="SVX_CHECKBOX_RID_SVXDLG_SEARCHFORM_CB_SOUNDSLIKECJK"/><help:embedded Id="65852" Eid="aehnlichtitel"></help:embedded>
  <help:embedded Id="65852" Eid="aehnlichtext"></help:embedded>
  <help:help-id value="SVX_PUSHBUTTON_RID_SVXDLG_SEARCHFORM_PB_SOUNDSLIKESETTINGS"/><help:embedded Id="65852" Eid="aehnlichbutton"></help:embedded>
  <help:embedded Id="68108" Eid="asia"></help:embedded>
  <text:p text:style-name="Head 2">狀態</text:p>
  <text:p text:style-name="Paragraph"><text:span text:style-name="T1">[狀態]</text:span>行顯示此搜尋所返回的資料條目。如果搜尋到達表格的結尾處 (或起始處)，該搜尋會自動從另一端繼續進行。</text:p>
  <text:p text:style-name="Paragraph">如果是大量資料，則資料條目在反向搜尋時會需要一些時間。狀態列會告知您，資料條目仍在計數中。</text:p>
  <text:p text:style-name="Head 2"><help:help-id value="HID_SEARCH_BTN_SEARCH"/>搜尋 / 取消</text:p>
  <text:p text:style-name="Paragraph"><help:help-text value="hide">開始或取消搜尋。</help:help-text>如果搜尋成功完成，則表格中相應的欄位會突出顯示。再次按一下<text:span text:style-name="T1">[搜尋]</text:span>按鈕，可以繼續搜尋。按一下<text:span text:style-name="T1">[取消]</text:span>按鈕，可以取消搜尋程序。</text:p>
  <text:p text:style-name="Head 2"><help:help-id value="HID_SEARCH_BTN_CLOSE"/>關閉</text:p>
  <text:p text:style-name="Paragraph"><help:help-text value="visible">關閉對話方塊。上一個搜尋的設定將會一直儲存，直到您結束 <help:productname>%PRODUCTNAME</help:productname>。</help:help-text></text:p>
  <text:p text:style-name="Paragraph">如果開啟了多個表格或表單，您可以為每個文件設定不同的搜尋選項。當您關閉這些文件時，僅儲存最後所關閉文件的搜尋選項。</text:p>
 </office:body>
</office:document>
