

<office:document  xmlns:office="http://openoffice.org/2000/office" xmlns:style="http://openoffice.org/2000/style" xmlns:text="http://openoffice.org/2000/text" xmlns:table="http://openoffice.org/2000/table" xmlns:draw="http://openoffice.org/2000/drawing" xmlns:fo="http://www.w3.org/1999/XSL/Format" xmlns:xlink="http://www.w3.org/1999/xlink" xmlns:number="http://openoffice.org/2000/datastyle" xmlns:svg="http://www.w3.org/2000/svg" xmlns:chart="http://openoffice.org/2000/chart" xmlns:dr3d="http://openoffice.org/2000/dr3d" xmlns:math="http://www.w3.org/1998/Math/MathML" xmlns:form="http://openoffice.org/2000/form" xmlns:script="http://openoffice.org/2000/script" office:class="text" office:version="1.0" xmlns:dc="http://purl.org/dc/elements/1.1/" xmlns:meta="http://openoffice.org/2000/meta" xmlns:help="http://openoffice.org/2000/help">
<office:meta>
  <dc:description>text/common/00/00000403</dc:description>
  <dc:subject>메뉴 보기</dc:subject>

  <dc:language>ko-KR</dc:language>
  <meta:user-defined meta:name="Info 0">READY</meta:user-defined>
  <meta:user-defined meta:name="Info 1">FREE_OK</meta:user-defined>
  <meta:user-defined meta:name="Info 2">NOINDEX</meta:user-defined>
  <meta:user-defined meta:name="Info 3"/>
</office:meta>
 <office:script/>
 <office:font-decls>
  <style:font-decl style:name="StarSymbol" fo:font-family="StarSymbol" style:font-charset="x-symbol"/>
  <style:font-decl style:name="Courier New" fo:font-family="&apos;Courier New&apos;" style:font-style-name="Standard" style:font-family-generic="modern" style:font-pitch="fixed"/>
  <style:font-decl style:name="Courier" fo:font-family="Courier" style:font-family-generic="roman" style:font-pitch="fixed"/>
  <style:font-decl style:name="Andale WT UI3" fo:font-family="&apos;Andale WT UI&apos;" style:font-pitch="variable"/>
  <style:font-decl style:name="Arial Unicode MS" fo:font-family="&apos;Arial Unicode MS&apos;" style:font-pitch="variable"/>
  <style:font-decl style:name="HG Mincho Light J" fo:font-family="&apos;HG Mincho Light J&apos;" style:font-pitch="variable"/>
  <style:font-decl style:name="Andale WT UI" fo:font-family="&apos;Andale WT UI&apos;" style:font-style-name="Fett" style:font-family-generic="roman" style:font-pitch="variable"/>
  <style:font-decl style:name="Andale WT UI1" fo:font-family="&apos;Andale WT UI&apos;" style:font-style-name="Standard" style:font-family-generic="roman" style:font-pitch="variable"/>
  <style:font-decl style:name="Thorndale" fo:font-family="Thorndale" style:font-family-generic="roman" style:font-pitch="variable"/>
  <style:font-decl style:name="Times New Roman" fo:font-family="&apos;Times New Roman&apos;" style:font-style-name="Fett" style:font-family-generic="roman" style:font-pitch="variable"/>
  <style:font-decl style:name="Andale WT UI2" fo:font-family="&apos;Andale WT UI&apos;" style:font-family-generic="swiss" style:font-pitch="variable"/>
 </office:font-decls>
 <office:automatic-styles>
  <style:style style:name="Tabelle2" style:family="table">
   <style:properties style:width="17.995cm" fo:margin-left="0cm" fo:margin-right="0.005cm" table:align="margins"/>
  </style:style>
  <style:style style:name="Tabelle2.A" style:family="table-column">
   <style:properties style:column-width="1.501cm" style:rel-column-width="5466*"/>
  </style:style>
  <style:style style:name="Tabelle2.B" style:family="table-column">
   <style:properties style:column-width="16.494cm" style:rel-column-width="60069*"/>
  </style:style>
  <style:style style:name="Tabelle1" style:family="table">
   <style:properties style:width="17.995cm" fo:margin-left="0cm" fo:margin-right="0.005cm" table:align="margins"/>
  </style:style>
  <style:style style:name="Tabelle1.A" style:family="table-column">
   <style:properties style:column-width="1.501cm" style:rel-column-width="5466*"/>
  </style:style>
  <style:style style:name="Tabelle1.B" style:family="table-column">
   <style:properties style:column-width="16.494cm" style:rel-column-width="60069*"/>
  </style:style>
  <style:style style:name="Tabelle37" style:family="table">
   <style:properties style:width="17.995cm" fo:margin-left="0cm" fo:margin-right="0.005cm" table:align="margins"/>
  </style:style>
  <style:style style:name="Tabelle37.A" style:family="table-column">
   <style:properties style:column-width="1.501cm" style:rel-column-width="5466*"/>
  </style:style>
  <style:style style:name="Tabelle37.B" style:family="table-column">
   <style:properties style:column-width="16.494cm" style:rel-column-width="60069*"/>
  </style:style>
  <style:style style:name="P1" style:family="paragraph" style:parent-style-name="Paragraph" style:master-page-name="HTML">
   <style:properties style:page-number="0"/>
  </style:style>
  <style:style style:name="T1" style:family="text">
   <style:properties fo:font-weight="bold"/>
  </style:style>
  <style:style style:name="fr1" style:family="graphics" style:parent-style-name="Graphics">
   <style:properties style:wrap="run-through" style:horizontal-pos="left" style:horizontal-rel="paragraph" style:mirror="none" fo:clip="rect(0cm 0cm 0cm 0cm)" draw:luminance="0%" draw:contrast="0%" draw:red="0%" draw:green="0%" draw:blue="0%" draw:gamma="1" draw:color-inversion="false" draw:transparency="-100%" draw:color-mode="standard"/>
  </style:style>
 </office:automatic-styles>
 <office:body>
  <text:variable-decls>
   <text:variable-decl text:value-type="string" text:name="HTML_ON"/>
   <text:variable-decl text:value-type="string" text:name="HTML_OFF"/>
   <text:variable-decl text:value-type="string" text:name="TITEL"/>
   <text:variable-decl text:value-type="string" text:name="END"/>
   <text:variable-decl text:value-type="string" text:name="OS2"/>
   <text:variable-decl text:value-type="string" text:name="ELSE"/>
   <text:variable-decl text:value-type="string" text:name="NAME"/>
   <text:variable-decl text:value-type="string" text:name="MAC"/>
   <text:variable-decl text:value-type="string" text:name="HREF"/>
   <text:variable-decl text:value-type="string" text:name="MODIFY"/>
   <text:variable-decl text:value-type="string" text:name="REFNR"/>
   <text:variable-decl text:value-type="string" text:name="HFELD"/>
   <text:variable-decl text:value-type="string" text:name="STYLE"/>
  </text:variable-decls>
  <text:sequence-decls>
   <text:sequence-decl text:display-outline-level="0" text:name="Illustration"/>
   <text:sequence-decl text:display-outline-level="0" text:name="Table"/>
   <text:sequence-decl text:display-outline-level="0" text:name="Text"/>
   <text:sequence-decl text:display-outline-level="0" text:name="Drawing"/>
  </text:sequence-decls>
  <text:p text:style-name="P1"/>
  <text:p text:style-name="Head 1">메뉴 보기</text:p>
  <help:to-popup Eid="masstab">
  <text:p text:style-name="Paragraph"><text:span text:style-name="T1"><text:s/>보기 - 배율...</text:span>메뉴</text:p>
  <text:p text:style-name="Paragraph"><help:switch select="Program"><help:case select="DRAW">숫자 블록의 (+) (-) (?와 (?을 사용한 확대/축소</help:case><help:case select="IMPRESS">숫자 블록의 (+) (-) (?와 (?을 사용한 확대/축소</help:case></help:switch></text:p>
  <text:p text:style-name="Paragraph">상태 표시줄에서 <text:span text:style-name="T1">100%</text:span> 필드 더블 클릭</text:p>
  </help:to-popup>
  <help:to-popup Eid="symbolleisten">
  <text:p text:style-name="Paragraph">[보기] - [도구 모음]- [사용자 정의]를 선택합니다.</text:p>
  <text:p text:style-name="Paragraph">컨텍스트 메뉴를 열고 [사용자 정의]를 선택합니다.</text:p>
  </help:to-popup>
  <text:p text:style-name="Paragraph"><help:to-popup Eid="funktion"><text:span text:style-name="T1"> 보기 - 도구 모음 - 기능 도구모음</text:span></help:to-popup>메뉴</text:p>
  <text:p text:style-name="Paragraph"><help:to-popup Eid="objekt"><text:span text:style-name="T1"> 보기 - 도구 모음 - 개체 모음</text:span></help:to-popup>메뉴</text:p>
  <text:p text:style-name="Paragraph"><help:to-popup Eid="werkzeug"><text:span text:style-name="T1"> 보기 - 도구 모음 - 주 도구모음</text:span></help:to-popup>메뉴</text:p>
  <text:p text:style-name="Paragraph"><help:to-popup Eid="task"><text:span text:style-name="T1"> 보기 - 상태 표시줄</text:span></help:to-popup>메뉴</text:p>
  <text:p text:style-name="Paragraph"><help:to-popup Eid="farbleiste"><text:span text:style-name="T1"> 보기 - 도구 모음 - 색 도구 모음</text:span></help:to-popup>메뉴</text:p>
  <text:p text:style-name="Paragraph"><help:to-popup Eid="ime">[보기] - [입력 방식 상태]를 선택합니다.</help:to-popup></text:p>
  <help:to-popup Eid="hypdiainternet">
  <text:p text:style-name="Paragraph">[하이퍼링크 도구 모음]에서 [하이퍼링크] 아이콘 - [인터넷]을 누릅니다.</text:p>
  <text:p text:style-name="Paragraph"><text:span text:style-name="T1">삽입 - 하이퍼링크... </text:span>메뉴</text:p>
  </help:to-popup>
  <text:p text:style-name="Paragraph"><help:to-popup Eid="hypdiamailnews">[하이퍼링크 도구 모음]에서 [하이퍼링크] 아이콘 - [메일 &amp; 뉴스]를 누릅니다.</help:to-popup></text:p>
  <text:p text:style-name="Paragraph"><help:to-popup Eid="hypdiadok">[하이퍼링크 도구 모음]에서 [하이퍼링크] 아이콘 - [문서]를 누릅니다.</help:to-popup></text:p>
  <text:p text:style-name="Paragraph"><help:to-popup Eid="hypdianeudok">[하이퍼링크 도구 모음]에서 [하이퍼링크] 아이콘 - [새 문서]를 누릅니다.</help:to-popup></text:p>
  <help:to-popup Eid="ganzer">
  <text:p text:style-name="Paragraph"><text:span text:style-name="T1"><text:s/>보기 - 전체 화면</text:span> 메뉴</text:p>
  <text:p text:style-name="Paragraph">(전환)<help:switch select="System"><help:case select ="MAC">(명령)</help:case><help:default>(Shift)</help:default></help:switch>(J)키</text:p>
  <help:switch select="Program"><help:case select="WRITER">
  <help:to-be-embedded Eid="syfullscreen">
  <table:table table:name="Tabelle2" table:style-name="Tabelle2">
   <table:table-column table:style-name="Tabelle2.A"/>
   <table:table-column table:style-name="Tabelle2.B"/>
   <table:table-header-rows>
    <table:table-row>
     <table:table-cell table:value-type="string">
      <text:p text:style-name="TextInTable"><draw:image draw:name="아이콘0" svg:desc="아이콘" svg:pixelx="24" svg:pixely="24" svg:width="0.635cm" svg:height="0.635cm" xlink:href="67571" draw:filter-name=""/></text:p>

     </table:table-cell>
     <table:table-cell table:value-type="string">
      <text:p text:style-name="TextInTable">전체 화면 표시/숨기기([페이지 미리 보기]에서)</text:p>
     </table:table-cell>
    </table:table-row>
   </table:table-header-rows>
  </table:table>
  </help:to-be-embedded>
  </help:case></help:switch>
  </help:to-popup>
  <help:to-popup Eid="datenanzeige">
  <text:p text:style-name="Paragraph">열린 텍스트 문서 또는 스프레드시트에서:</text:p>
  <text:p text:style-name="Paragraph"><text:span text:style-name="T1">보기 - 데이터 소스</text:span> 메뉴</text:p>
  <text:p text:style-name="Paragraph">(F4)키</text:p>
  <help:to-be-embedded Eid="sydatenquellen">
  <table:table table:name="Tabelle1" table:style-name="Tabelle1">
   <table:table-column table:style-name="Tabelle1.A"/>
   <table:table-column table:style-name="Tabelle1.B"/>
   <table:table-header-rows>
    <table:table-row>
     <table:table-cell table:value-type="string">
      <text:p text:style-name="TextInTable"><draw:image draw:name="아이콘1" svg:desc="아이콘" svg:pixelx="25" svg:pixely="25" svg:width="0.661cm" svg:height="0.661cm" xlink:href="67366" draw:filter-name=""/></text:p>

     </table:table-cell>
     <table:table-cell table:value-type="string">
      <text:p text:style-name="TextInTable">데이터 소스</text:p>
     </table:table-cell>
    </table:table-row>
   </table:table-header-rows>
  </table:table>
  </help:to-be-embedded>
  </help:to-popup>
  <help:to-popup Eid="htmlsource">
  <text:p text:style-name="Paragraph"><text:span text:style-name="T1">보기 - HTML 소스 텍스트</text:span> 메뉴</text:p>
  <text:p text:style-name="Paragraph">HTML 문서에서 컨텍스트메뉴</text:p>
  <help:to-be-embedded Eid="syhtmlsource">
  <table:table table:name="Tabelle37" table:style-name="Tabelle37">
   <table:table-column table:style-name="Tabelle37.A"/>
   <table:table-column table:style-name="Tabelle37.B"/>
   <table:table-header-rows>
    <table:table-row>
     <table:table-cell table:value-type="string">
      <text:p text:style-name="Paragraph"><draw:image draw:name="아이콘2" svg:desc="아이콘" svg:pixelx="25" svg:pixely="25" svg:width="0.661cm" svg:height="0.661cm" xlink:href="66806" draw:filter-name=""/></text:p>

     </table:table-cell>
     <table:table-cell table:value-type="string">
      <text:p text:style-name="Paragraph">HTML 원본</text:p>
     </table:table-cell>
    </table:table-row>
   </table:table-header-rows>
  </table:table>
  </help:to-be-embedded></help:to-popup>
 </office:body>
</office:document>
