

<office:document  xmlns:office="http://openoffice.org/2000/office" xmlns:style="http://openoffice.org/2000/style" xmlns:text="http://openoffice.org/2000/text" xmlns:table="http://openoffice.org/2000/table" xmlns:draw="http://openoffice.org/2000/drawing" xmlns:fo="http://www.w3.org/1999/XSL/Format" xmlns:xlink="http://www.w3.org/1999/xlink" xmlns:number="http://openoffice.org/2000/datastyle" xmlns:svg="http://www.w3.org/2000/svg" xmlns:chart="http://openoffice.org/2000/chart" xmlns:dr3d="http://openoffice.org/2000/dr3d" xmlns:math="http://www.w3.org/1998/Math/MathML" xmlns:form="http://openoffice.org/2000/form" xmlns:script="http://openoffice.org/2000/script" office:class="text" office:version="1.0" xmlns:dc="http://purl.org/dc/elements/1.1/" xmlns:meta="http://openoffice.org/2000/meta" xmlns:help="http://openoffice.org/2000/help">
<office:meta>
  <dc:description>text/common/00/00000401</dc:description>
  <dc:subject>파일 메뉴</dc:subject>
  <meta:keywords>
   <meta:keyword>$Version</meta:keyword>
  </meta:keywords>
  <dc:language>ko-KR</dc:language>
  <meta:user-defined meta:name="Info 0">READY</meta:user-defined>
  <meta:user-defined meta:name="Info 1">FREE_OK</meta:user-defined>
  <meta:user-defined meta:name="Info 2">NOINDEX</meta:user-defined>
  <meta:user-defined meta:name="Info 3"/>
</office:meta>
 <office:script/>
 <office:font-decls>
  <style:font-decl style:name="StarSymbol" fo:font-family="StarSymbol" style:font-charset="x-symbol"/>
  <style:font-decl style:name="Courier New" fo:font-family="&apos;Courier New&apos;" style:font-style-name="Standard" style:font-family-generic="modern" style:font-pitch="fixed"/>
  <style:font-decl style:name="Courier" fo:font-family="Courier" style:font-family-generic="roman" style:font-pitch="fixed"/>
  <style:font-decl style:name="Andale WT UI3" fo:font-family="&apos;Andale WT UI&apos;" style:font-pitch="variable"/>
  <style:font-decl style:name="Arial Unicode MS" fo:font-family="&apos;Arial Unicode MS&apos;" style:font-pitch="variable"/>
  <style:font-decl style:name="HG Mincho Light J" fo:font-family="&apos;HG Mincho Light J&apos;" style:font-pitch="variable"/>
  <style:font-decl style:name="Andale WT UI" fo:font-family="&apos;Andale WT UI&apos;" style:font-style-name="Fett" style:font-family-generic="roman" style:font-pitch="variable"/>
  <style:font-decl style:name="Andale WT UI1" fo:font-family="&apos;Andale WT UI&apos;" style:font-style-name="Standard" style:font-family-generic="roman" style:font-pitch="variable"/>
  <style:font-decl style:name="Thorndale" fo:font-family="Thorndale" style:font-family-generic="roman" style:font-pitch="variable"/>
  <style:font-decl style:name="Times New Roman" fo:font-family="&apos;Times New Roman&apos;" style:font-style-name="Fett" style:font-family-generic="roman" style:font-pitch="variable"/>
  <style:font-decl style:name="Andale WT UI2" fo:font-family="&apos;Andale WT UI&apos;" style:font-family-generic="swiss" style:font-pitch="variable"/>
 </office:font-decls>
 <office:automatic-styles>
  <style:style style:name="Tabelle4" style:family="table">
   <style:properties style:width="17.995cm" fo:margin-left="0cm" fo:margin-right="0.005cm" table:align="margins"/>
  </style:style>
  <style:style style:name="Tabelle4.A" style:family="table-column">
   <style:properties style:column-width="1.501cm" style:rel-column-width="5466*"/>
  </style:style>
  <style:style style:name="Tabelle4.B" style:family="table-column">
   <style:properties style:column-width="16.494cm" style:rel-column-width="60069*"/>
  </style:style>
  <style:style style:name="Tabelle1" style:family="table">
   <style:properties style:width="17.995cm" fo:margin-left="0cm" fo:margin-right="0.005cm" table:align="margins"/>
  </style:style>
  <style:style style:name="Tabelle1.A" style:family="table-column">
   <style:properties style:column-width="1.501cm" style:rel-column-width="5466*"/>
  </style:style>
  <style:style style:name="Tabelle1.B" style:family="table-column">
   <style:properties style:column-width="16.494cm" style:rel-column-width="60069*"/>
  </style:style>
  <style:style style:name="Tabelle2" style:family="table">
   <style:properties style:width="17.955cm" fo:margin-left="0.046cm" fo:margin-right="0cm" table:align="margins"/>
  </style:style>
  <style:style style:name="Tabelle2.A" style:family="table-column">
   <style:properties style:column-width="1.482cm" style:rel-column-width="5409*"/>
  </style:style>
  <style:style style:name="Tabelle2.B" style:family="table-column">
   <style:properties style:column-width="16.473cm" style:rel-column-width="60126*"/>
  </style:style>
  <style:style style:name="Tabelle3" style:family="table">
   <style:properties style:width="17.955cm" fo:margin-left="0.046cm" fo:margin-right="0cm" table:align="margins"/>
  </style:style>
  <style:style style:name="Tabelle3.A" style:family="table-column">
   <style:properties style:column-width="1.482cm" style:rel-column-width="5409*"/>
  </style:style>
  <style:style style:name="Tabelle3.B" style:family="table-column">
   <style:properties style:column-width="16.473cm" style:rel-column-width="60126*"/>
  </style:style>
  <style:style style:name="Tabelle29" style:family="table">
   <style:properties style:width="17.995cm" fo:margin-left="0cm" fo:margin-right="0.005cm" table:align="margins"/>
  </style:style>
  <style:style style:name="Tabelle29.A" style:family="table-column">
   <style:properties style:column-width="1.501cm" style:rel-column-width="5466*"/>
  </style:style>
  <style:style style:name="Tabelle29.B" style:family="table-column">
   <style:properties style:column-width="16.494cm" style:rel-column-width="60069*"/>
  </style:style>
  <style:style style:name="Tabelle30" style:family="table">
   <style:properties style:width="17.995cm" fo:margin-left="0cm" fo:margin-right="0.005cm" table:align="margins"/>
  </style:style>
  <style:style style:name="Tabelle30.A" style:family="table-column">
   <style:properties style:column-width="1.501cm" style:rel-column-width="5466*"/>
  </style:style>
  <style:style style:name="Tabelle30.B" style:family="table-column">
   <style:properties style:column-width="16.494cm" style:rel-column-width="60069*"/>
  </style:style>
  <style:style style:name="P1" style:family="paragraph" style:parent-style-name="Paragraph" style:master-page-name="HTML">
   <style:properties style:page-number="0"/>
  </style:style>
  <style:style style:name="T1" style:family="text">
   <style:properties fo:font-weight="bold"/>
  </style:style>
  <style:style style:name="fr1" style:family="graphics" style:parent-style-name="Graphics">
   <style:properties style:wrap="run-through" style:horizontal-pos="left" style:horizontal-rel="paragraph" style:mirror="none" fo:clip="rect(0cm 0cm 0cm 0cm)" draw:luminance="0%" draw:contrast="0%" draw:red="0%" draw:green="0%" draw:blue="0%" draw:gamma="1" draw:color-inversion="false" draw:transparency="-100%" draw:color-mode="standard"/>
  </style:style>
  <style:style style:name="fr2" style:family="graphics" style:parent-style-name="Graphics">
   <style:properties style:run-through="foreground" style:wrap="run-through" style:vertical-pos="top" style:vertical-rel="paragraph" style:horizontal-pos="left" style:horizontal-rel="paragraph" style:mirror="none" fo:clip="rect(0cm 0cm 0cm 0cm)" draw:luminance="0%" draw:contrast="0%" draw:red="0%" draw:green="0%" draw:blue="0%" draw:gamma="1" draw:color-inversion="false" draw:transparency="-100%" draw:color-mode="standard"/>
  </style:style>
  <style:style style:name="fr3" style:family="graphics" style:parent-style-name="Graphics">
   <style:properties style:wrap="run-through" style:vertical-pos="top" style:vertical-rel="paragraph" style:horizontal-pos="left" style:horizontal-rel="paragraph" style:mirror="none" fo:clip="rect(0cm 0cm 0cm 0cm)" draw:luminance="0%" draw:contrast="0%" draw:red="0%" draw:green="0%" draw:blue="0%" draw:gamma="1" draw:color-inversion="false" draw:transparency="-100%" draw:color-mode="standard"/>
  </style:style>
 </office:automatic-styles>
 <office:body>
  <text:variable-decls>
   <text:variable-decl text:value-type="string" text:name="HTML_ON"/>
   <text:variable-decl text:value-type="string" text:name="HTML_OFF"/>
   <text:variable-decl text:value-type="string" text:name="TITEL"/>
   <text:variable-decl text:value-type="string" text:name="END"/>
   <text:variable-decl text:value-type="string" text:name="OS2"/>
   <text:variable-decl text:value-type="string" text:name="ELSE"/>
   <text:variable-decl text:value-type="string" text:name="NAME"/>
   <text:variable-decl text:value-type="string" text:name="MAC"/>
   <text:variable-decl text:value-type="string" text:name="HREF"/>
   <text:variable-decl text:value-type="string" text:name="MODIFY"/>
   <text:variable-decl text:value-type="string" text:name="REFNR"/>
   <text:variable-decl text:value-type="string" text:name="HFELD"/>
   <text:variable-decl text:value-type="string" text:name="STYLE"/>
  </text:variable-decls>
  <text:sequence-decls>
   <text:sequence-decl text:display-outline-level="0" text:name="Illustration"/>
   <text:sequence-decl text:display-outline-level="0" text:name="Table"/>
   <text:sequence-decl text:display-outline-level="0" text:name="Text"/>
   <text:sequence-decl text:display-outline-level="0" text:name="Drawing"/>
  </text:sequence-decls>
  <text:p text:style-name="P1"/>
  <text:p text:style-name="Head 1">파일 메뉴</text:p>
  <help:to-popup Eid="neu">
  <text:p text:style-name="Paragraph"><text:span text:style-name="T1"><text:s/>파일 - 새로</text:span> 메뉴</text:p>
  <text:p text:style-name="Paragraph">기능 표시줄의 <text:span text:style-name="T1">새로</text:span> 아이콘 (이 아이콘은 현재 문서 형식을 표시합니다)</text:p>
  <help:to-be-embedded Eid="neutextdoc">
  <table:table table:name="Tabelle4" table:style-name="Tabelle4">
   <table:table-column table:style-name="Tabelle4.A"/>
   <table:table-column table:style-name="Tabelle4.B"/>
   <table:table-header-rows>
    <table:table-row>
     <table:table-cell table:value-type="string">
      <text:p text:style-name="Paragraph"><draw:image draw:name="아이콘0" svg:desc="아이콘" svg:pixelx="25" svg:pixely="25" svg:width="0.661cm" svg:height="0.661cm" xlink:href="67381" draw:filter-name=""/></text:p>

     </table:table-cell>
     <table:table-cell table:value-type="string">
      <text:p text:style-name="Paragraph">새로</text:p>
     </table:table-cell>
    </table:table-row>
   </table:table-header-rows>
  </table:table>
  </help:to-be-embedded>
  <text:p text:style-name="Paragraph"><help:switch select="System"><help:case select ="MAC">(명령)</help:case><help:default>(Shift)</help:default></help:switch>(N) 키</text:p>
  </help:to-popup>
  <help:to-popup Eid="neuvundd">
  <text:p text:style-name="Paragraph"><text:span text:style-name="T1">파일 - 새로</text:span> <text:span text:style-name="T1">- 유형과 문서</text:span> 메뉴.</text:p>
  <text:p text:style-name="Paragraph">(Shift)<help:switch select="System"><help:case select ="MAC">(명령)</help:case><help:default>(Ctrl)</help:default></help:switch>(N) 키</text:p>
  </help:to-popup>
  <text:p text:style-name="Paragraph"><help:to-popup Eid="etiketten"><text:span text:style-name="T1">파일 - 새로 - 라벨...</text:span></help:to-popup> 메뉴</text:p>
  <text:p text:style-name="Paragraph"><help:to-popup Eid="etikettenein"><text:span text:style-name="T1">파일 - 새로 - 라벨...</text:span> 메뉴 <text:s text:c="2"/><text:span text:style-name="T1">라벨</text:span></help:to-popup> 탭</text:p>
  <help:to-popup Eid="formateti">
  <text:p text:style-name="Paragraph"><text:span text:style-name="T1">파일 - 새로 - 라벨...</text:span> 메뉴 - <text:span text:style-name="T1">서식</text:span> 탭</text:p>
  <text:p text:style-name="Paragraph"><text:span text:style-name="T1">파일 - 새로 - 명함...</text:span> 메뉴 - <text:span text:style-name="T1">서식</text:span> 탭</text:p>
  </help:to-popup>
  <help:to-popup Eid="druckereti">
  <text:p text:style-name="Paragraph"><text:span text:style-name="T1">파일 - 새로 - 라벨...</text:span> 메뉴 - <text:span text:style-name="T1">옵션</text:span> 탭</text:p>
  <text:p text:style-name="Paragraph"><text:span text:style-name="T1">파일 - 새로 - 명함...</text:span> 메뉴 - <text:span text:style-name="T1">옵션</text:span> 탭</text:p>
  </help:to-popup>
  <text:p text:style-name="Paragraph"><help:to-popup Eid="visikart"><text:span text:style-name="T1">파일 - 새로 - 명함...</text:span></help:to-popup> 메뉴</text:p>
  <text:p text:style-name="Paragraph"><help:to-popup Eid="visikartform"><text:span text:style-name="T1">파일 - 새로 - 명함... <text:s text:c="2"/></text:span><text:s/>메뉴 - <text:span text:style-name="T1">매체</text:span></help:to-popup> 탭</text:p>
  <text:p text:style-name="Paragraph"><help:to-popup Eid="viskartinhalt"><text:span text:style-name="T1">파일 - 새로 - 명함...</text:span> 메뉴 - <text:s/><text:span text:style-name="T1">명함</text:span></help:to-popup> 탭</text:p>
  <text:p text:style-name="Paragraph"><help:to-popup Eid="viskartpriv">파일 - <text:span text:style-name="T1">새로 - 명함...</text:span> 메뉴 - <text:s/><text:span text:style-name="T1">개인</text:span></help:to-popup> 탭</text:p>
  <text:p text:style-name="Paragraph"><help:to-popup Eid="viskartgesch">파일 - <text:s/><text:span text:style-name="T1">새로 - 명함...</text:span> 메뉴 - <text:span text:style-name="T1"><text:s/>업무</text:span></help:to-popup> 탭</text:p>
  <help:to-popup Eid="oeffnen">
  <text:p text:style-name="Paragraph"><text:span text:style-name="T1"><text:s/>파일 - <text:s/>열기...</text:span> 메뉴</text:p>
  <text:p text:style-name="Paragraph"><help:switch select="System"><help:case select ="MAC">(명령)</help:case><help:default>(Shift)</help:default></help:switch>(O) 키</text:p>
  <text:p text:style-name="Paragraph">[기능 모음]에서 다음을 누릅니다.</text:p>
  <help:to-be-embedded Eid="syoeffnen">
  <table:table table:name="Tabelle1" table:style-name="Tabelle1">
   <table:table-column table:style-name="Tabelle1.A"/>
   <table:table-column table:style-name="Tabelle1.B"/>
   <table:table-header-rows>
    <table:table-row>
     <table:table-cell table:value-type="string">
      <text:p text:style-name="Paragraph"><draw:image draw:name="아이콘1" svg:desc="아이콘" svg:pixelx="25" svg:pixely="25" svg:width="0.661cm" svg:height="0.661cm" xlink:href="65917" draw:filter-name=""/></text:p>

     </table:table-cell>
     <table:table-cell table:value-type="string">
      <text:p text:style-name="Paragraph">파일 열기</text:p>
     </table:table-cell>
    </table:table-row>
   </table:table-header-rows>
  </table:table>
  </help:to-be-embedded></help:to-popup>
  <help:to-popup Eid="ascii">
  <text:p text:style-name="Paragraph"><text:span text:style-name="T1"><text:s/>파일 - 열기...</text:span>메뉴, <text:span text:style-name="T1">텍스트 코딩</text:span> 파일 형식 선택</text:p>
  <text:p text:style-name="Paragraph"><text:span text:style-name="T1"><text:s/>파일 - 다른 이름으로 저장</text:span> 메뉴, <text:span text:style-name="T1">텍스트 코딩</text:span> 파일 형식 선택</text:p>
  </help:to-popup>
  <text:p text:style-name="Paragraph"><help:to-popup Eid="autobrief"><text:span text:style-name="T1"> 파일 - 자동 파일럿</text:span></help:to-popup> 메뉴</text:p>
  <text:p text:style-name="Paragraph"><help:to-popup Eid="autopilotbrief"><text:span text:style-name="T1"> 파일 - 자동 파일럿 - 편지...</text:span></help:to-popup> 메뉴</text:p>
  <text:p text:style-name="Paragraph"><help:to-popup Eid="autopilotbrief1"><text:span text:style-name="T1"> 파일 - 자동 파일럿 - 편지... <text:s/>- 1 페이지</text:span></help:to-popup> 메뉴</text:p>
  <text:p text:style-name="Paragraph"><help:to-popup Eid="autopilotbrief2"><text:span text:style-name="T1">파일 - 자동 파일럿 - 편지 - 2 페이지</text:span> 키</help:to-popup></text:p>
  <text:p text:style-name="Paragraph"><help:to-popup Eid="autopilotbrief3"><text:span text:style-name="T1"> 파일 - 자동 파일럿 - 편지... - 3 페이지</text:span></help:to-popup> 메뉴</text:p>
  <text:p text:style-name="Paragraph"><help:to-popup Eid="autopilotbrief4"><text:span text:style-name="T1"> 파일 - 자동 파일럿 - 편지... - 4 페이지</text:span></help:to-popup> 메뉴</text:p>
  <text:p text:style-name="Paragraph"><help:to-popup Eid="autopilotbrief5"><text:span text:style-name="T1"> 파일 - 자동 파일럿 - 편지... - 5 페이지</text:span></help:to-popup> 메뉴</text:p>
  <text:p text:style-name="Paragraph"><help:to-popup Eid="autopilotbrief6"><text:span text:style-name="T1">파일 - 자동 파일럿 - 편지 - 6 페이지</text:span> 메뉴</help:to-popup></text:p>
  <text:p text:style-name="Paragraph"><help:to-popup Eid="autopilotbrief7"><text:span text:style-name="T1"> 파일 - 자동 파일럿 - 편지... - 7 페이지</text:span></help:to-popup> 메뉴</text:p>
  <text:p text:style-name="Paragraph"><help:to-popup Eid="autopilotbrief8"><text:span text:style-name="T1">파일 - 자동 파일럿 - 편지 - 8 페이지</text:span> 메뉴</help:to-popup></text:p>
  <text:p text:style-name="Paragraph"><help:to-popup Eid="autopilotbrief9"><text:span text:style-name="T1"> 파일 - 자동 파일럿 - 편지... - 9 페이지</text:span></help:to-popup> 메뉴</text:p>
  <text:p text:style-name="Paragraph"><help:to-popup Eid="autopilotfax"><text:span text:style-name="T1"> 파일 - 자동 파일럿 - 팩스...</text:span></help:to-popup> 메뉴</text:p>
  <text:p text:style-name="Paragraph"><help:to-popup Eid="autopilotfax1"><text:span text:style-name="T1"> 파일 - 자동 파일럿 - 팩스... - 1 페이지</text:span></help:to-popup> 메뉴</text:p>
  <text:p text:style-name="Paragraph"><help:to-popup Eid="autopilotfax2"><text:span text:style-name="T1">파일 - 자동 파일럿 - 팩스 - 2 페이지</text:span> 메뉴</help:to-popup></text:p>
  <text:p text:style-name="Paragraph"><help:to-popup Eid="autopilotfax3"><text:span text:style-name="T1"> 파일 - 자동 파일럿 - 팩스... - 3 페이지</text:span></help:to-popup> 메뉴</text:p>
  <text:p text:style-name="Paragraph"><help:to-popup Eid="autopilotfax4"><text:span text:style-name="T1"> 파일 - 자동 파일럿 - 팩스... - 4 페이지</text:span></help:to-popup> 메뉴</text:p>
  <text:p text:style-name="Paragraph"><help:to-popup Eid="autopilotfax5"><text:span text:style-name="T1"> 파일 - 자동 파일럿 - 팩스... - 5 페이지</text:span></help:to-popup> 메뉴</text:p>
  <text:p text:style-name="Paragraph"><help:to-popup Eid="autopilotfax6"><text:span text:style-name="T1">파일 - 자동 파일럿 - 팩스 - 6 페이지</text:span> 메뉴</help:to-popup></text:p>
  <text:p text:style-name="Paragraph"><help:to-popup Eid="autopilotfax7"><text:span text:style-name="T1">파일 - 자동 파일럿 - 팩스 - 7 페이지</text:span> 메뉴</help:to-popup></text:p>
  <text:p text:style-name="Paragraph"><help:to-popup Eid="autopilotfax8"><text:span text:style-name="T1"> 파일 - 자동 파일럿 - 팩스... - 8 페이지</text:span></help:to-popup> 메뉴</text:p>
  <text:p text:style-name="Paragraph"><help:to-popup Eid="autopilotmemo"><text:span text:style-name="T1"> 파일 - 자동 파일럿 - 메모...</text:span></help:to-popup> 메뉴</text:p>
  <text:p text:style-name="Paragraph"><help:to-popup Eid="autopilotmemo1"><text:span text:style-name="T1"> 파일 - 자동 파일럿 - 메모... - 1 페이지</text:span></help:to-popup> 메뉴</text:p>
  <text:p text:style-name="Paragraph"><help:to-popup Eid="autopilotmemo2"><text:span text:style-name="T1"> 파일 - 자동 파일럿 - 메모... - 2 페이지</text:span></help:to-popup> 메뉴</text:p>
  <text:p text:style-name="Paragraph"><help:to-popup Eid="autopilotmemo3"><text:span text:style-name="T1"> 파일 - 자동 파일럿 - 메모... - 3 페이지</text:span></help:to-popup> 메뉴</text:p>
  <text:p text:style-name="Paragraph"><help:to-popup Eid="autopilotmemo4"><text:span text:style-name="T1">파일 - 자동 파일럿 - 메모 - 4 페이지</text:span> 메뉴</help:to-popup></text:p>
  <text:p text:style-name="Paragraph"><help:to-popup Eid="autopilotmemo5"><text:span text:style-name="T1"> 파일 - 자동 파일럿 - 메모... - 5 페이지</text:span></help:to-popup> 메뉴</text:p>
  <text:p text:style-name="Paragraph"><help:to-popup Eid="autopilotagenda"><text:span text:style-name="T1"> 파일 - 자동 파일럿 - 안건...</text:span></help:to-popup> 메뉴</text:p>
  <text:p text:style-name="Paragraph"><help:to-popup Eid="autopilotagenda1"><text:span text:style-name="T1"> 파일 - 자동 파일럿 - 안건... - 1 페이지</text:span></help:to-popup> 메뉴</text:p>
  <text:p text:style-name="Paragraph"><help:to-popup Eid="autopilotagenda2"><text:span text:style-name="T1"> 파일 - 자동 파일럿 - 안건... - 2 페이지</text:span></help:to-popup> 메뉴</text:p>
  <text:p text:style-name="Paragraph"><help:to-popup Eid="autopilotagenda3"><text:span text:style-name="T1"> 파일 - 자동 파일럿 - 안건... - 3 페이지</text:span></help:to-popup> 메뉴</text:p>
  <text:p text:style-name="Paragraph"><help:to-popup Eid="autopilotagenda4"><text:span text:style-name="T1"> 파일 - 자동 파일럿 - 안건... - 4 페이지</text:span></help:to-popup> 메뉴</text:p>
  <text:p text:style-name="Paragraph"><help:to-popup Eid="autopilotagenda5"><text:span text:style-name="T1">파일 - 자동 파일럿 - 일정 - 5 페이지</text:span> 메뉴</help:to-popup></text:p>
  <text:p text:style-name="Paragraph"><help:to-popup Eid="autopilotagenda6"><text:span text:style-name="T1"> 파일 - 자동 파일럿 - 안건... - 6 페이지</text:span></help:to-popup> 메뉴</text:p>
  <text:p text:style-name="Paragraph"><help:to-popup Eid="dtapt"><text:span text:style-name="T1">파일 - 자동 파일럿 - 프레젠테이션</text:span> 메뉴</help:to-popup></text:p>
  <text:p text:style-name="Paragraph"><help:to-popup Eid="dtapse"><text:span text:style-name="T1"> 파일 - 자동 파일럿 - 프리젠테이션 - 1 페이지</text:span></help:to-popup> 메뉴</text:p>
  <text:p text:style-name="Paragraph"><help:to-popup Eid="dtapsz"><text:span text:style-name="T1"> 파일 - 자동 파일럿 - 프리젠테이션 - 2 페이지</text:span></help:to-popup> 메뉴</text:p>
  <text:p text:style-name="Paragraph"><help:to-popup Eid="dtapsd"><text:span text:style-name="T1"> 파일 - 자동 파일럿 - 프리젠테이션 - 3 페이지</text:span></help:to-popup> 메뉴</text:p>
  <text:p text:style-name="Paragraph"><help:to-popup Eid="dtapsv"><text:span text:style-name="T1"> 파일 - 자동 파일럿 - 프리젠테이션 - 4 페이지</text:span></help:to-popup> 메뉴</text:p>
  <text:p text:style-name="Paragraph"><help:to-popup Eid="dtapsf"><text:span text:style-name="T1"> 파일 - 자동 파일럿 - 프리젠테이션 - 5 페이지</text:span></help:to-popup> 메뉴</text:p>
  <text:p text:style-name="Paragraph"><help:to-popup Eid="autopilotwebseite"><text:span text:style-name="T1"> 파일 - 자동 파일럿 - 웹 페이지...</text:span></help:to-popup> 메뉴</text:p>
  <text:p text:style-name="Paragraph"><help:to-popup Eid="autopilotformular"><text:span text:style-name="T1"> 파일 - 자동 파일럿 - 양식</text:span></help:to-popup> 메뉴</text:p>
  <text:p text:style-name="Paragraph"><help:to-popup Eid="autopilotformulartabauswahl"><text:span text:style-name="T1"> 파일 - 자동 파일럿 - 양식 - 데이터베이스 선택</text:span></help:to-popup> 메뉴</text:p>
  <text:p text:style-name="Paragraph"><help:to-popup Eid="autopilotformularfeldausrichtung"><text:span text:style-name="T1"> 파일 - 자동 파일럿 - 양식 - <text:s/>형성</text:span></help:to-popup> 메뉴</text:p>
  <text:p text:style-name="Paragraph"><help:to-popup Eid="gruppen">양식 초안 - <text:span text:style-name="T1">양식 기능</text:span> 도구 상자에서 <text:span text:style-name="T1">그룹화 프레임</text:span> 아이콘 클릭하고 프레임 그리기</help:to-popup></text:p>
  <text:p text:style-name="Paragraph"><help:to-popup Eid="gruppen1">양식 초안 - <text:span text:style-name="T1">양식 기능</text:span> 도구 상자에서 <text:s/><text:span text:style-name="T1">그룹화 프레임</text:span> 아이콘 클릭하고 프레임 그리기 - <text:s/>자동 파일럿 1 페이지</help:to-popup></text:p>
  <text:p text:style-name="Paragraph"><help:to-popup Eid="gruppen2">양식 초안 - <text:span text:style-name="T1">양식 기능</text:span> 도구 상자에서 <text:s/><text:span text:style-name="T1">그룹화 프레임</text:span> 아이콘 클릭하고 프레임 그리기 - <text:s/>자동 파일럿 2 페이지</help:to-popup></text:p>
  <text:p text:style-name="Paragraph"><help:to-popup Eid="gruppen3">양식 초안 - <text:span text:style-name="T1">양식 기능</text:span> 도구 상자에서 <text:s/><text:span text:style-name="T1">그룹화 프레임</text:span> 아이콘 클릭하고 프레임 그리기 - <text:s/>자동 파일럿 3 페이지</help:to-popup></text:p>
  <text:p text:style-name="Paragraph"><help:to-popup Eid="gruppen4">양식 디자인에서 [양식 기능] 부동 도구 모음의 [그룹 상자] 아이콘을 누르고 마우스를 사용하여 프레임 - 자동 파일럿 페이지 4를 만듭니다. 이 때, 반드시 데이터베이스가 연결되어 있어야 합니다.</help:to-popup></text:p>
  <text:p text:style-name="Paragraph"><help:to-popup Eid="gruppen5">양식 초안 - <text:span text:style-name="T1">양식 기능</text:span> 도구 상자에서 <text:s/><text:span text:style-name="T1">그룹화 프레임</text:span> 아이콘 클릭하고 프레임 그리기 - <text:s/>자동 파일럿의 마지막 페이지</help:to-popup></text:p>
  <text:p text:style-name="Paragraph"><help:to-popup Eid="autopilotreport">[파일] - [자동 파일럿] - [보고서] 메뉴</help:to-popup></text:p>
  <text:p text:style-name="Paragraph"><help:to-popup Eid="autopilotreporttabauswahl">[파일] - [자동 파일럿] - [보고서] - [데이터베이스 선택] 메뉴</help:to-popup></text:p>
  <text:p text:style-name="Paragraph"><help:to-popup Eid="autopilotreportgrouping">[파일] - [자동 파일럿] - [보고서] - [그룹화] 메뉴</help:to-popup></text:p>
  <text:p text:style-name="Paragraph"><help:to-popup Eid="autopilotreportsortoptions">[파일] - [자동 파일럿] - [보고서] - [정렬 옵션] 메뉴</help:to-popup></text:p>
  <text:p text:style-name="Paragraph"><help:to-popup Eid="autopilotreportchooselayout">[파일] - [자동 파일럿] - [보고서] - [레이아웃 선택] 메뉴</help:to-popup></text:p>
  <text:p text:style-name="Paragraph"><help:to-popup Eid="autopilotreportsavereport">[파일] - [자동 파일럿] - [보고서] - [보고서 저장] 메뉴</help:to-popup></text:p>
  <text:p text:style-name="Paragraph"><help:to-popup Eid="autopilotmsimport"><text:span text:style-name="T1"> 파일 - 자동 파일럿 - <text:s/>문서 변환기</text:span></help:to-popup> 메뉴</text:p>
  <text:p text:style-name="Paragraph"><help:to-popup Eid="autopilotmsimport1"><text:span text:style-name="T1"> 파일 - <text:s/>자동 파일럿 - <text:s/>문서 변환기</text:span></help:to-popup> 메뉴</text:p>
  <text:p text:style-name="Paragraph"><help:to-popup Eid="autopilotmsimport2"><text:span text:style-name="T1">파일 - 자동 파일럿 - <text:s/>문서 변환기</text:span></help:to-popup> 메뉴</text:p>
  <text:p text:style-name="Paragraph"><help:to-popup Eid="dataimport"><text:span text:style-name="T1">파일 - 자동 파일럿 - StarOffice 5.2 데이터베이스 가져오기</text:span> 메뉴</help:to-popup></text:p>
  <text:p text:style-name="Paragraph"><help:to-popup Eid="dataimport1"><text:span text:style-name="T1">파일 - 자동 파일럿 - StarOffice 5.2 데이터베이스 가져오기 - 소스 정의</text:span> 메뉴</help:to-popup></text:p>
  <text:p text:style-name="Paragraph"><help:to-popup Eid="dataimport2"><text:span text:style-name="T1">파일 - 자동 파일럿 - StarOffice 5.2 데이터베이스 가져오기 - 가져올 요소</text:span> 메뉴</help:to-popup></text:p>
  <text:p text:style-name="Paragraph"><help:to-popup Eid="dataimport2a"><text:span text:style-name="T1">파일 - 자동 파일럿 - StarOffice 5.2 데이터베이스 가져오기 - 경로 조정</text:span> 메뉴</help:to-popup></text:p>
  <text:p text:style-name="Paragraph"><help:to-popup Eid="dataimport3"><text:span text:style-name="T1">파일 - 자동 파일럿 - StarOffice 5.2 데이터베이스 가져오기 - 양식 가져오기</text:span> 메뉴</help:to-popup></text:p>
  <text:p text:style-name="Paragraph"><help:to-popup Eid="dataimport4"><text:span text:style-name="T1">파일 - 자동 파일럿 - StarOffice 5.2 데이터베이스 가져오기 - 쿼리 가져오기</text:span> 메뉴</help:to-popup></text:p>
  <text:p text:style-name="Paragraph"><help:to-popup Eid="dataimport5"><text:span text:style-name="T1">파일 - 자동 파일럿 - StarOffice 5.2 데이터베이스 가져오기 - 요약</text:span> 메뉴</help:to-popup></text:p>
  <text:p text:style-name="Paragraph"><help:to-popup Eid="euro"><text:span text:style-name="T1">파일 - 자동 파일럿 - 유로 변환기...</text:span></help:to-popup> 메뉴</text:p>
  <help:to-popup Eid="addressimport1">
  <text:p text:style-name="Paragraph">자동 파일럿 <text:span text:style-name="T1">주소록 소스</text:span>(자동으로 시작)</text:p>
  <text:p text:style-name="Paragraph"><text:span text:style-name="T1">파일 - <text:s/>자동 파일럿</text:span> - <text:span text:style-name="T1">데이터 소스 주소</text:span> 메뉴</text:p>
  </help:to-popup>
  <text:p text:style-name="Paragraph"><help:to-popup Eid="addressimport2"><text:span text:style-name="T1">주소 - <text:s/>데이터 소스</text:span> <text:s/>자동 파일럿 - <text:span text:style-name="T1">추가 설정</text:span></help:to-popup></text:p>
  <text:p text:style-name="Paragraph"><help:to-popup Eid="addressimport3"><text:span text:style-name="T1">주소 - <text:s/>데이터 소스</text:span> 자동 파일럿 - <text:span text:style-name="T1">테이블 선택</text:span></help:to-popup></text:p>
  <text:p text:style-name="Paragraph"><help:to-popup Eid="addressimport4"><text:span text:style-name="T1">주소 - <text:s/>데이터 소스</text:span> 자동 파일럿 - <text:span text:style-name="T1">데이터 소스 제목</text:span></help:to-popup></text:p>
  <text:p text:style-name="Paragraph"><help:to-popup Eid="addressimport5"><text:span text:style-name="T1">주소 - <text:s/>데이터 소스</text:span> 자동 파일럿 - <text:span text:style-name="T1">필드 할당</text:span></help:to-popup></text:p>
  <text:p text:style-name="Paragraph"><help:to-popup Eid="schliessen"><text:span text:style-name="T1"> 파일 - <text:s/>닫기</text:span></help:to-popup> 메뉴</text:p>
  <help:to-popup Eid="save">
  <text:p text:style-name="Paragraph"><text:span text:style-name="T1"><text:s/>파일 - <text:s/>저장</text:span> 메뉴</text:p>
  <text:p text:style-name="Paragraph"><help:switch select="System"><help:case select ="MAC">(명령)</help:case><help:default>(Shift)</help:default></help:switch>(S) 키</text:p>
  <text:p text:style-name="Paragraph">[기능 모음] 또는 [데이터베이스 모음]에서</text:p>
  <help:to-be-embedded Eid="sysave">
  <table:table table:name="Tabelle2" table:style-name="Tabelle2">
   <table:table-column table:style-name="Tabelle2.A"/>
   <table:table-column table:style-name="Tabelle2.B"/>
   <table:table-header-rows>
    <table:table-row>
     <table:table-cell table:value-type="string">
      <text:p text:style-name="Paragraph"><draw:image draw:name="아이콘2" svg:desc="아이콘" svg:pixelx="25" svg:pixely="25" svg:width="0.661cm" svg:height="0.661cm" xlink:href="65921" draw:filter-name=""/></text:p>

     </table:table-cell>
     <table:table-cell table:value-type="string">
      <text:p text:style-name="Paragraph">문서 저장</text:p>
     </table:table-cell>
    </table:table-row>
   </table:table-header-rows>
  </table:table>
  </help:to-be-embedded></help:to-popup>
  <text:p text:style-name="Paragraph"><help:to-popup Eid="gifspeichern"><text:span text:style-name="T1"> 파일 - <text:s/>다른 이름으로 저장</text:span> 메뉴, GIF 파일 형식 선택, 이 대화 상자는 자동으로 열립니다</help:to-popup></text:p>
  <text:p text:style-name="Paragraph"><help:to-popup Eid="pngspeichern"><text:span text:style-name="T1"> 파일 - <text:s/>다른 이름으로 저장</text:span> 메뉴, PNG 파일 형식 선택, 이 대화 상자는 자동으로 열립니다</help:to-popup></text:p>
  <text:p text:style-name="Paragraph"><help:to-popup Eid="bmpspeichern"><text:span text:style-name="T1"> 파일 - <text:s/>다른 이름으로 저장</text:span> 메뉴, BMP 파일 형식 선택, 이 대화 상자는 자동으로 열립니다</help:to-popup></text:p>
  <text:p text:style-name="Paragraph"><help:to-popup Eid="jpegspeichern"><text:span text:style-name="T1"> 파일 - <text:s/>다른 이름으로 저장</text:span> 메뉴, JPEG 파일 형식 선택, 이 대화 상자는 자동으로 열립니다</help:to-popup></text:p>
  <text:p text:style-name="Paragraph"><help:to-popup Eid="htmlspeichern"><help:productname>%PRODUCTNAME</help:productname> Draw 또는 <help:productname>%PRODUCTNAME</help:productname> Impress의 <text:span text:style-name="T1">파일 - 내보내기</text:span> 메뉴에서 &quot;HTML 문서&quot; 파일 형식을 선택하면 이 대화상자가 자동으로 열립니다.</help:to-popup></text:p>
  <text:p text:style-name="Paragraph"><help:to-popup Eid="htmlspeichern1"><help:productname>%PRODUCTNAME</help:productname> Draw/<help:productname>%PRODUCTNAME</help:productname> Impress <text:span text:style-name="T1"><text:s/>파일 - <text:s/>내보내기</text:span> 메뉴, 웹페이지 파일 형식 선택, 자동 파일럿의 1 페이지</help:to-popup></text:p>
  <text:p text:style-name="Paragraph"><help:to-popup Eid="htmlspeichern2"><help:productname>%PRODUCTNAME</help:productname> Draw/<help:productname>%PRODUCTNAME</help:productname> Impress <text:span text:style-name="T1"><text:s/>파일 - <text:s/>내보내기</text:span> 메뉴, 웹페이지 파일 형식 선택, 자동 파일럿의 2 페이지</help:to-popup></text:p>
  <text:p text:style-name="Paragraph"><help:to-popup Eid="htmlspeichern3"><help:productname>%PRODUCTNAME</help:productname> Draw/<help:productname>%PRODUCTNAME</help:productname> Impress <text:span text:style-name="T1"><text:s/>파일 - <text:s/>내보내기</text:span> 메뉴, 웹페이지 파일 형식 선택, 자동 파일럿의 3 페이지</help:to-popup></text:p>
  <text:p text:style-name="Paragraph"><help:to-popup Eid="htmlspeichern4"><help:productname>%PRODUCTNAME</help:productname> Draw/<help:productname>%PRODUCTNAME</help:productname> Impress <text:span text:style-name="T1"><text:s/>파일 - <text:s/>내보내기</text:span> 메뉴, 웹페이지 파일 형식 선택, 자동 파일럿의 4 페이지</help:to-popup></text:p>
  <text:p text:style-name="Paragraph"><help:to-popup Eid="htmlspeichern5"><help:productname>%PRODUCTNAME</help:productname> Draw/<help:productname>%PRODUCTNAME</help:productname> Impress <text:span text:style-name="T1"><text:s/>파일 - <text:s/>내보내기</text:span> 메뉴, 웹페이지 파일 형식 선택, 자동 파일럿의 5 페이지</help:to-popup></text:p>
  <text:p text:style-name="Paragraph"><help:to-popup Eid="htmlspeichern6"><help:productname>%PRODUCTNAME</help:productname> Draw/<help:productname>%PRODUCTNAME</help:productname> Impress <text:span text:style-name="T1"><text:s/>파일 - <text:s/>내보내기</text:span> 메뉴, 웹페이지 파일 형식 선택, 자동 파일럿의 6 페이지</help:to-popup></text:p>
  <text:p text:style-name="Paragraph"><help:to-popup Eid="svmspeichern"><text:span text:style-name="T1"> 파일 - <text:s/>내보내기...</text:span> 메뉴, SVM/WMF/PICT/MET 파일 형식 선택, 이 대화 상자는 자동으로 열립니다</help:to-popup></text:p>
  <text:p text:style-name="Paragraph"><help:to-popup Eid="bmpexport">[파일] - [내보내기]를 선택합니다. BMP가 파일 유형으로 선택되어 있으면 대화 상자가 자동으로 열립니다.</help:to-popup></text:p>
  <text:p text:style-name="Paragraph"><help:to-popup Eid="gifexport">[파일] - [내보내기]를 선택합니다. GIF가 파일 유형으로 선택되어 있으면 대화 상자가 열립니다.</help:to-popup></text:p>
  <text:p text:style-name="Paragraph"><help:to-popup Eid="saveall"><text:span text:style-name="T1"> 파일 - <text:s/>모두 저장</text:span></help:to-popup> 메뉴</text:p>
  <text:p text:style-name="Paragraph"><help:to-popup Eid="saveas"><text:span text:style-name="T1"> 파일 - <text:s/>다른 이름으로 저장...</text:span></help:to-popup> 메뉴</text:p>
  <help:to-popup Eid="last">
  <text:p text:style-name="Paragraph"><text:span text:style-name="T1"><text:s/>파일 - <text:s/>다시 로드</text:span> 메뉴</text:p>
  </help:to-popup>
  <text:p text:style-name="Paragraph"><help:to-popup Eid="info1"><text:span text:style-name="T1"> 파일 - <text:s/>등록 정보...</text:span></help:to-popup> 메뉴</text:p>
  <text:p text:style-name="Paragraph"><help:to-popup Eid="info2"><text:span text:style-name="T1"> 파일 - <text:s/>등록 정보... <text:s/></text:span><text:s/>메뉴 - <text:span text:style-name="T1">일반</text:span></help:to-popup> 탭</text:p>
  <text:p text:style-name="Paragraph"><help:to-popup Eid="info3"><text:span text:style-name="T1"> 파일 - <text:s/>등록 정보... <text:s/></text:span><text:s/>메뉴 - <text:span text:style-name="T1">설명</text:span></help:to-popup> 탭</text:p>
  <text:p text:style-name="Paragraph"><help:to-popup Eid="info4"><text:span text:style-name="T1"> 파일 - <text:s/>등록 정보... <text:s/></text:span><text:s/>메뉴 - <text:span text:style-name="T1">사용자</text:span></help:to-popup> 탭</text:p>
  <text:p text:style-name="Paragraph"><help:to-popup Eid="info5"><text:span text:style-name="T1"> 파일 - <text:s/>등록 정보... <text:s/></text:span><text:s/>메뉴 - <text:span text:style-name="T1">통계</text:span></help:to-popup> 탭</text:p>
  <text:p text:style-name="Paragraph"><help:to-popup Eid="info6"><text:span text:style-name="T1"> 파일 - <text:s/>등록 정보... <text:s/></text:span><text:s/>메뉴 - <text:span text:style-name="T1">인터넷</text:span></help:to-popup> 탭</text:p>
  <text:p text:style-name="Paragraph"><help:to-popup Eid="dokuvorlage"><text:span text:style-name="T1"> 파일 - <text:s/>문서 유형</text:span></help:to-popup> 메뉴</text:p>
  <text:p text:style-name="Paragraph"><help:to-popup Eid="verwalten"><text:span text:style-name="T1"> 파일 - <text:s/>문서 유형 - <text:s/>관리...</text:span></help:to-popup> 메뉴</text:p>
  <help:to-popup Eid="voradzu">
  <text:p text:style-name="Paragraph"><text:span text:style-name="T1">파일 <text:s/>- 문서 유형 - <text:s/>관리</text:span> 메뉴, <text:span text:style-name="T1">주소록</text:span> 버튼</text:p>
  <text:p text:style-name="Paragraph"><text:span text:style-name="T1">파일 - <text:s/>문서 유형 - <text:s/>주소록 소스</text:span> 메뉴</text:p>
  </help:to-popup>
  <help:to-popup Eid="voradzuadmi">
  <text:p text:style-name="Paragraph">[파일] - [서식 파일] - [주소록 원본] 메뉴를 누른 다음 [관리] 버튼을 누릅니다.</text:p>
  <text:p text:style-name="Paragraph"><help:switch select="Program"><help:case select="WRITER"><text:span text:style-name="T1">도구 - <text:s/>데이터 소스</text:span> 메뉴 </help:case><help:case select="CALC"><text:span text:style-name="T1">도구</text:span> - <text:span text:style-name="T1">데이터 소스</text:span> 메뉴</help:case></help:switch></text:p>
  </help:to-popup>
  <text:p text:style-name="Paragraph"><help:to-popup Eid="dokuspei"><text:span text:style-name="T1"> 파일 - <text:s/>문서 유형 - <text:s/>저장</text:span></help:to-popup> 메뉴</text:p>
  <text:p text:style-name="Paragraph"><help:to-popup Eid="dokubear"><text:span text:style-name="T1"> 파일 - 문서 유형 - <text:s/>편집</text:span></help:to-popup> 메뉴</text:p>
  <text:p text:style-name="Paragraph"><help:to-popup Eid="ansicht"><text:span text:style-name="T1"> 파일 - <text:s/>페이지 보기</text:span></help:to-popup> 메뉴</text:p>
  <help:to-popup Eid="drucker">
  <text:p text:style-name="Paragraph"><text:span text:style-name="T1">파일 - 프린터 설정...</text:span> 메뉴</text:p>
  <text:p text:style-name="Paragraph"><text:span text:style-name="T1">파일 - <text:s/>문서 유형... - <text:s/>관리... - 명령 - <text:s/>프린터 설정...</text:span> 메뉴</text:p>
  <text:p text:style-name="Paragraph"><text:span text:style-name="T1">파일 - <text:s/>자동 파일럿 - <text:s/>편지 - <text:s/>9 페이지</text:span> 메뉴</text:p>
  </help:to-popup>
  <text:p text:style-name="Paragraph"><help:to-popup Eid="senden"><text:span text:style-name="T1"> 파일 - <text:s/>보내기</text:span></help:to-popup> 메뉴</text:p>
  <help:to-popup Eid="dokument">
  <text:p text:style-name="Paragraph"><text:span text:style-name="T1"><text:s/>파일- <text:s/>보내기 <text:s text:c="2"/>문서를 E Mail로...</text:span> 메뉴</text:p>
  </help:to-popup>
  <text:p text:style-name="Paragraph"><help:to-popup Eid="export">[파일] – [내보내기]를 선택합니다.</help:to-popup></text:p>
  <help:to-popup Eid="exportpdf">
  <text:p text:style-name="Paragraph">[파일] - [PDF로 내보내기]를 선택합니다.</text:p>
  <help:to-be-embedded Eid="syexportpdf">
  <table:table table:name="Tabelle3" table:style-name="Tabelle3">
   <table:table-column table:style-name="Tabelle3.A"/>
   <table:table-column table:style-name="Tabelle3.B"/>
   <table:table-header-rows>
    <table:table-row>
     <table:table-cell table:value-type="string">
      <text:p text:style-name="Paragraph"><draw:image draw:name="아이콘3" svg:desc="아이콘" svg:pixelx="25" svg:pixely="25" svg:width="0.661cm" svg:height="0.661cm" xlink:href="67561" draw:filter-name=""/></text:p>

     </table:table-cell>
     <table:table-cell table:value-type="string">
      <text:p text:style-name="Paragraph">PDF로 직접 내보내기</text:p>
     </table:table-cell>
    </table:table-row>
   </table:table-header-rows>
  </table:table>
  </help:to-be-embedded></help:to-popup>
  <help:to-popup Eid="pdf">
  <text:p text:style-name="Paragraph">[파일] - [보내기] - [문서를 PDF 첨부 파일로]를 선택합니다.</text:p>
  </help:to-popup>
  <text:p text:style-name="Paragraph"><help:to-popup Eid="glo"><text:span text:style-name="T1"> 파일 - <text:s/>보내기 - <text:s/>마스터 문서 작성</text:span></help:to-popup> 메뉴</text:p>
  <help:to-popup Eid="drucken">
  <text:p text:style-name="Paragraph"><text:span text:style-name="T1"><text:s/>파일 - <text:s/>인쇄...</text:span> 메뉴</text:p>
  <text:p text:style-name="Paragraph"><help:switch select="System"><help:case select ="MAC">(명령)</help:case><help:default>(Shift)</help:default></help:switch>(P) 키</text:p>
  <text:p text:style-name="Paragraph">기능 표시줄의 아이콘:</text:p>
  <help:to-be-embedded Eid="sydrucken">
  <table:table table:name="Tabelle29" table:style-name="Tabelle29">
   <table:table-column table:style-name="Tabelle29.A"/>
   <table:table-column table:style-name="Tabelle29.B"/>
   <table:table-header-rows>
    <table:table-row>
     <table:table-cell table:value-type="string">
      <text:p text:style-name="Paragraph"><draw:image draw:name="아이콘4" svg:desc="아이콘" svg:pixelx="25" svg:pixely="25" svg:width="0.661cm" svg:height="0.661cm" xlink:href="65919" draw:filter-name=""/></text:p>

     </table:table-cell>
     <table:table-cell table:value-type="string">
      <text:p text:style-name="Paragraph">파일 직접 인쇄</text:p>
     </table:table-cell>
    </table:table-row>
   </table:table-header-rows>
  </table:table>
  </help:to-be-embedded>
  <help:switch select="Program"><help:case select="WRITER">
  <text:p text:style-name="Paragraph"><a name="anker"/>텍스트 문서의 [인쇄 미리 보기 모음]에서 다음을 누릅니다.</text:p>
  <table:table table:name="Tabelle30" table:style-name="Tabelle30">
   <table:table-column table:style-name="Tabelle30.A"/>
   <table:table-column table:style-name="Tabelle30.B"/>
   <table:table-header-rows>
    <table:table-row>
     <table:table-cell table:value-type="string">
      <text:p text:style-name="Paragraph"><draw:image draw:name="아이콘5" svg:desc="아이콘" svg:pixelx="25" svg:pixely="25" svg:width="0.661cm" svg:height="0.661cm" xlink:href="65880" draw:filter-name=""/></text:p>

     </table:table-cell>
     <table:table-cell table:value-type="string">
      <text:p text:style-name="Paragraph">페이지 보기 인쇄</text:p>
     </table:table-cell>
    </table:table-row>
   </table:table-header-rows>
  </table:table>
  </help:case></help:switch>
  </help:to-popup>
  <help:to-popup Eid="beenden">
  <text:p text:style-name="Paragraph"><text:span text:style-name="T1"><text:s/>파일 - <text:s/>종료</text:span> 메뉴</text:p>
  <text:p text:style-name="Paragraph"><help:switch select="System"><help:case select ="MAC">(명령)</help:case><help:default>(Shift)</help:default></help:switch>(Q) 키</text:p>
  </help:to-popup>
  <text:p text:style-name="Paragraph"><help:to-popup Eid="neuglobal"><text:span text:style-name="T1"> 파일 - <text:s/>새로 - <text:s/>마스터 문서</text:span></help:to-popup> 메뉴</text:p>
  <text:p text:style-name="Paragraph"><help:to-popup Eid="textimport"><text:span text:style-name="T1"> 파일 - <text:s/>열기</text:span> 메뉴 - 파일 형식 중에서 선택: &quot;Text CSV&quot;</help:to-popup></text:p>
  <text:p text:style-name="Paragraph"><help:to-popup Eid="epsexport"><text:span text:style-name="T1"> 파일 - <text:s/>내보내기...</text:span> 메뉴, EPS 파일 형식 선택, 이 대화 상자는 자동으로 열립니다</help:to-popup></text:p>
  <text:p text:style-name="Paragraph"><help:to-popup Eid="pbmppmpgm"><text:span text:style-name="T1">파일 - <text:s/>내보내기...</text:span> 메뉴, PBM이나 PPM, PGM 파일 형식 선택, 이 대화 상자는 자동으로 열립니다</help:to-popup></text:p>
  <text:p text:style-name="Paragraph"><help:to-popup Eid="versionen"><help:to-popup Eid="autopilotberichtfeldauswahl"><text:span text:style-name="T1"> 파일 - <text:s/>버전</text:span></help:to-popup></help:to-popup> 메뉴</text:p>
 </office:body>
</office:document>
