

<office:document  xmlns:office="http://openoffice.org/2000/office" xmlns:style="http://openoffice.org/2000/style" xmlns:text="http://openoffice.org/2000/text" xmlns:table="http://openoffice.org/2000/table" xmlns:draw="http://openoffice.org/2000/drawing" xmlns:fo="http://www.w3.org/1999/XSL/Format" xmlns:xlink="http://www.w3.org/1999/xlink" xmlns:number="http://openoffice.org/2000/datastyle" xmlns:svg="http://www.w3.org/2000/svg" xmlns:chart="http://openoffice.org/2000/chart" xmlns:dr3d="http://openoffice.org/2000/dr3d" xmlns:math="http://www.w3.org/1998/Math/MathML" xmlns:form="http://openoffice.org/2000/form" xmlns:script="http://openoffice.org/2000/script" office:class="text" office:version="1.0" xmlns:dc="http://purl.org/dc/elements/1.1/" xmlns:meta="http://openoffice.org/2000/meta" xmlns:help="http://openoffice.org/2000/help">
<office:meta>
  <dc:description>text/common/00/00000001</dc:description>
  <dc:subject>자주 사용하는 버튼</dc:subject>
  <meta:keywords>
   <meta:keyword>$Version</meta:keyword>
  </meta:keywords>
  <dc:language>ko-KR</dc:language>
  <meta:user-defined meta:name="Info 0">READY</meta:user-defined>
  <meta:user-defined meta:name="Info 1">FREE_OK</meta:user-defined>
  <meta:user-defined meta:name="Info 2">NOINDEX</meta:user-defined>
  <meta:user-defined meta:name="Info 3"/>
</office:meta>
 <office:script/>
 <office:font-decls>
  <style:font-decl style:name="StarSymbol" fo:font-family="StarSymbol" style:font-charset="x-symbol"/>
  <style:font-decl style:name="Courier New" fo:font-family="&apos;Courier New&apos;" style:font-style-name="Standard" style:font-family-generic="modern" style:font-pitch="fixed"/>
  <style:font-decl style:name="Courier" fo:font-family="Courier" style:font-family-generic="roman" style:font-pitch="fixed"/>
  <style:font-decl style:name="Andale WT UI3" fo:font-family="&apos;Andale WT UI&apos;" style:font-pitch="variable"/>
  <style:font-decl style:name="Arial Unicode MS" fo:font-family="&apos;Arial Unicode MS&apos;" style:font-pitch="variable"/>
  <style:font-decl style:name="HG Mincho Light J" fo:font-family="&apos;HG Mincho Light J&apos;" style:font-pitch="variable"/>
  <style:font-decl style:name="Andale WT UI" fo:font-family="&apos;Andale WT UI&apos;" style:font-style-name="Fett" style:font-family-generic="roman" style:font-pitch="variable"/>
  <style:font-decl style:name="Andale WT UI1" fo:font-family="&apos;Andale WT UI&apos;" style:font-style-name="Standard" style:font-family-generic="roman" style:font-pitch="variable"/>
  <style:font-decl style:name="Thorndale" fo:font-family="Thorndale" style:font-family-generic="roman" style:font-pitch="variable"/>
  <style:font-decl style:name="Times New Roman" fo:font-family="&apos;Times New Roman&apos;" style:font-style-name="Fett" style:font-family-generic="roman" style:font-pitch="variable"/>
  <style:font-decl style:name="Andale WT UI2" fo:font-family="&apos;Andale WT UI&apos;" style:font-family-generic="swiss" style:font-pitch="variable"/>
 </office:font-decls>
 <office:automatic-styles>
  <style:style style:name="Tabelle5" style:family="table">
   <style:properties style:width="18cm" table:align="margins"/>
  </style:style>
  <style:style style:name="Tabelle5.A" style:family="table-column">
   <style:properties style:column-width="1.499cm" style:rel-column-width="5460*"/>
  </style:style>
  <style:style style:name="Tabelle5.B" style:family="table-column">
   <style:properties style:column-width="16.501cm" style:rel-column-width="60075*"/>
  </style:style>
  <style:style style:name="Tabelle5.1" style:family="table-row">
   <style:properties style:min-row-height="0.848cm"/>
  </style:style>
  <style:style style:name="Tabelle5.A1" style:family="table-cell">
   <style:properties fo:padding="0cm" fo:border="none"/>
  </style:style>
  <style:style style:name="Tabelle1" style:family="table">
   <style:properties style:width="18cm" table:align="margins"/>
  </style:style>
  <style:style style:name="Tabelle1.A" style:family="table-column">
   <style:properties style:column-width="1.499cm" style:rel-column-width="5460*"/>
  </style:style>
  <style:style style:name="Tabelle1.B" style:family="table-column">
   <style:properties style:column-width="16.501cm" style:rel-column-width="60075*"/>
  </style:style>
  <style:style style:name="Tabelle1.1" style:family="table-row">
   <style:properties style:min-row-height="0.848cm"/>
  </style:style>
  <style:style style:name="Tabelle1.A1" style:family="table-cell">
   <style:properties fo:padding="0cm" fo:border="none"/>
  </style:style>
  <style:style style:name="Tabelle2" style:family="table">
   <style:properties style:width="18cm" table:align="margins"/>
  </style:style>
  <style:style style:name="Tabelle2.A" style:family="table-column">
   <style:properties style:column-width="1.499cm" style:rel-column-width="5460*"/>
  </style:style>
  <style:style style:name="Tabelle2.B" style:family="table-column">
   <style:properties style:column-width="16.501cm" style:rel-column-width="60075*"/>
  </style:style>
  <style:style style:name="Tabelle2.1" style:family="table-row">
   <style:properties style:min-row-height="0.848cm"/>
  </style:style>
  <style:style style:name="Tabelle2.A1" style:family="table-cell">
   <style:properties fo:padding="0cm" fo:border="none"/>
  </style:style>
  <style:style style:name="P1" style:family="paragraph" style:parent-style-name="Paragraph" style:master-page-name="HTML">
   <style:properties style:page-number="0"/>
  </style:style>
  <style:style style:name="T1" style:family="text">
   <style:properties fo:font-weight="bold"/>
  </style:style>
  <style:style style:name="fr1" style:family="graphics" style:parent-style-name="Graphics">
   <style:properties fo:margin-left="0.201cm" fo:margin-right="0.201cm" fo:margin-top="0.201cm" fo:margin-bottom="0.201cm" style:wrap="run-through" style:vertical-pos="top" style:vertical-rel="paragraph" style:horizontal-pos="left" style:horizontal-rel="paragraph" style:mirror="none" fo:clip="rect(0cm 0cm 0cm 0cm)" draw:luminance="0%" draw:contrast="0%" draw:red="0%" draw:green="0%" draw:blue="0%" draw:gamma="1" draw:color-inversion="false" draw:transparency="-100%" draw:color-mode="standard"/>
  </style:style>
  <style:style style:name="fr2" style:family="graphics" style:parent-style-name="Graphics">
   <style:properties fo:margin-left="0cm" fo:margin-right="0cm" fo:margin-top="0cm" fo:margin-bottom="0cm" style:run-through="foreground" style:wrap="run-through" style:vertical-pos="top" style:vertical-rel="paragraph" style:horizontal-pos="left" style:horizontal-rel="paragraph" style:mirror="none" fo:clip="rect(0cm 0cm 0cm 0cm)" draw:luminance="0%" draw:contrast="0%" draw:red="0%" draw:green="0%" draw:blue="0%" draw:gamma="1" draw:color-inversion="false" draw:transparency="-100%" draw:color-mode="standard"/>
  </style:style>
 </office:automatic-styles>
 <office:body>
  <text:variable-decls>
   <text:variable-decl text:value-type="string" text:name="HTML_ON"/>
   <text:variable-decl text:value-type="string" text:name="HTML_OFF"/>
   <text:variable-decl text:value-type="string" text:name="TITEL"/>
   <text:variable-decl text:value-type="string" text:name="END"/>
   <text:variable-decl text:value-type="string" text:name="OS2"/>
   <text:variable-decl text:value-type="string" text:name="ELSE"/>
   <text:variable-decl text:value-type="string" text:name="NAME"/>
   <text:variable-decl text:value-type="string" text:name="MAC"/>
   <text:variable-decl text:value-type="string" text:name="HFELD"/>
   <text:variable-decl text:value-type="string" text:name="WIN"/>
   <text:variable-decl text:value-type="string" text:name="MODIFY"/>
   <text:variable-decl text:value-type="string" text:name="REFNR"/>
   <text:variable-decl text:value-type="string" text:name="KEY"/>
   <text:variable-decl text:value-type="string" text:name="HREF"/>
   <text:variable-decl text:value-type="string" text:name="HelpID"/>
   <text:variable-decl text:value-type="string" text:name="AKTHLP"/>
   <text:variable-decl text:value-type="string" text:name="STYLE"/>
  </text:variable-decls>
  <text:sequence-decls>
   <text:sequence-decl text:display-outline-level="0" text:name="Illustration"/>
   <text:sequence-decl text:display-outline-level="0" text:name="Table"/>
   <text:sequence-decl text:display-outline-level="0" text:name="Text"/>
   <text:sequence-decl text:display-outline-level="0" text:name="Drawing"/>
  </text:sequence-decls>
  <text:p text:style-name="P1"/>
  <text:p text:style-name="Head 1">자주 사용하는 버튼</text:p>
  <help:to-be-embedded Eid="abbrechen">
  <text:p text:style-name="Head 2">취소</text:p>
  <text:p text:style-name="Paragraph"><help:help-text value="visible">[취소]를 누르면 변경 사항을 저장하지 않은 상태에서 대화 상자가 닫힙니다.</help:help-text></text:p>
  </help:to-be-embedded>
  <help:to-be-embedded Eid="abreissleiste"><help:to-popup Eid="abreissleiste">
  <text:p text:style-name="Head 2">도구 상자</text:p>
  <text:p text:style-name="Paragraph">일부 아이콘의 경우 한 번만 누르면 부동 도구 모음을 열 수 있습니다. 이 도구 모음은 사용자가 선택할 수 있는 명령이 포함된 메뉴 창입니다. 부동 도구 모음을 이동하려면 도구 모음의 제목 표시줄을 누른 상태로 [개체 모음]에서 떨어진 위치에 끌어다 놓습니다. 마우스 버튼을 놓으면 부동 도구 모음이 새 위치에 표시됩니다. 그런 다음 제목 표시줄을 누르고 다른 위치로 끌어다 놓거나 [닫기] 아이콘을 눌러 창을 닫을 수 있습니다.</text:p>
  </help:to-popup></help:to-be-embedded>
  <help:to-popup Eid="drehfeld"><help:to-be-embedded Eid="drehfeld">
  <text:p text:style-name="Paragraph">스핀 상자에 직접 숫자 값을 입력하거나 위쪽 화살표나 아래쪽 화살표 버튼을 사용하여 값을 선택할 수 있습니다. 키보드에서 &lt;위쪽 화살표&gt; 및 &lt;아래쪽 화살표&gt; 키를 사용하여 스핀 상자의 값을 늘리거나 줄일 수도 있습니다. &lt;Page Up&gt; 및 &lt;Page Down&gt; 키를 사용하면 스핀 상자의 최대값과 최소값을 설정할 수 있습니다.</text:p>
  <text:p text:style-name="Paragraph">숫자 값 회전 필드일 경우 1 cm나 5 mm, 12 pt, 2&quot; (2인치일 경우)와 같이 <help:popup Id="65602" Eid="metrik">치수 단위</help:popup>를 함께 입력할 수 있습니다.</text:p>
  </help:to-be-embedded></help:to-popup>
  <help:to-be-embedded Eid="import">
  <text:p text:style-name="Head 2">변환</text:p>
  <text:p text:style-name="Paragraph"><help:help-text value="visible">다음 대화 상자로 이동하면 이 버튼이 [다음] 버튼이 됩니다. 이 버튼은 마지막 페이지에서는 [변환] 버튼이 됩니다. 이 버튼을 누르면 변환이 수행됩니다.</help:help-text></text:p>
  </help:to-be-embedded>
  <help:to-popup Eid="kontextmenue"><help:to-be-embedded Eid="kontextmenue">
  <text:p text:style-name="Head 2">컨텍스트 메뉴</text:p>
  <text:p text:style-name="Paragraph"><help:to-be-embedded Eid="context">개체의 컨텍스트 메뉴를 활성화하려면 먼저 마우스 <help:switch select="System"><help:case select ="MAC"></help:case><help:default>왼쪽</help:default></help:switch> 버튼을 사용하여 개체를 누른 다음 <help:switch select="System"><help:case select ="MAC">&lt;control&gt; 키 또는 &lt;command&gt;+&lt;option&gt;을 누른 상태에서 마우스 버튼을 다시 누릅니다</help:case><help:default>오른쪽 버튼을 누릅니다</help:default></help:switch>. 개체를 선택하지 않고도 몇 가지 컨텍스트 메뉴를 호출할 수 있습니다. 컨텍스트 메뉴는 <help:productname>%PRODUCTNAME</help:productname>의 어디서든지 볼 수 있는 메뉴입니다.</help:to-be-embedded></text:p>
  </help:to-be-embedded></help:to-popup>
  <help:to-be-embedded Eid="loeschen">
  <text:p text:style-name="Head 2">삭제</text:p>
  <text:p text:style-name="Paragraph"><help:help-text value="visible">선택한 요소(들)를 정말 삭제할 것인지를 확인한 다음 삭제됩니다.</help:help-text></text:p>
  </help:to-be-embedded>
  <help:to-be-embedded Eid="loeschen1">
  <text:p text:style-name="Head 2">삭제</text:p>
  <text:p text:style-name="Paragraph"><help:help-text value="visible">확인 메시지가 표시되지 않고 선택한 요소를 삭제합니다.</help:help-text></text:p>
  </help:to-be-embedded>
  <help:to-be-embedded Eid="metrik"><help:to-popup Eid="metrik">
  <text:p text:style-name="Head 2">미터법</text:p>
  <text:p text:style-name="Paragraph">여러 가지 측정 단위를 사용하여 입력 필드에 값을 입력할 수 있습니다. 기본 단위는 인치입니다. 그러나 정확히 1cm의 공간을 원하는 경우에는 &quot;1cm&quot;라고 입력할 수도 있습니다. 상황에 따라 다른 단위를 사용할 수 있습니다. 예를 들어, 12포인트 공간이 필요하면 12pt라고 입력하면 됩니다. 새 단위의 값이 현실적으로 사용할 수 있는 값이 아니면 미리 지정된 최대값이나 최소값이 사용됩니다.</text:p>
  </help:to-popup></help:to-be-embedded>
  <help:to-be-embedded Eid="schliessen">
  <text:p text:style-name="Head 2">닫기</text:p>
  <text:p text:style-name="Paragraph"><help:help-text value="visible">이 버튼으로 대화 상자를 닫으면 이 대화 상자에서 실행된 변경 사항이 적용되고 대화 상자가 닫힙니다.</help:help-text></text:p>
  </help:to-be-embedded>
  <help:to-be-embedded Eid="schliessen2">
  <text:p text:style-name="Head 2">닫기</text:p>
  <text:p text:style-name="Paragraph"><help:help-text value="visible">이 버튼을 사용하여 대화 상자를 닫으십시오.</help:help-text></text:p>
  </help:to-be-embedded>
  <help:to-be-embedded Eid="uebernehmen">
  <text:p text:style-name="Head 2">넘겨받기</text:p>
  <text:p text:style-name="Paragraph"><help:help-text value="visible">대화 상자를 닫지 않은 상태에서 선택된 값이나 변경된 값을 적용합니다.</help:help-text></text:p>
  </help:to-be-embedded>
  <help:to-popup Eid="eingabesymbol"><help:to-be-embedded Eid="eingabesymbol">
  <text:p text:style-name="Head 2">확대/축소</text:p>
  <text:p text:style-name="Paragraph"><help:help-text value="visible">대화 상자를 입력 필드 크기로 줄이려면 [축소] 아이콘을 누릅니다. 그러면 시트에서 필요한 참조를 쉽게 표시할 수 있습니다. 그런 다음 아이콘이 자동으로 [확대] 아이콘으로 변환됩니다. 이 아이콘을 누르면 대화 상자가 원래의 크기로 돌아갑니다.</help:help-text></text:p>
  <text:p text:style-name="Paragraph">표에서 마우스 키를 눌러 영역을 그리면 대화 상자는 자동으로 축소됩니다. 마우스 키를 놓자 마자 대화 상자는 다시 전체 크기로 표시되고 마우스를 사용하여 정의된 영역 참조는 문서에서 청색 틀로 강조됩니다.</text:p>
  <table:table table:name="Tabelle5" table:style-name="Tabelle5">
   <table:table-column table:style-name="Tabelle5.A"/>
   <table:table-column table:style-name="Tabelle5.B"/>
   <table:table-header-rows>
    <table:table-row table:style-name="Tabelle5.1">
     <table:table-cell table:style-name="Tabelle5.A1" table:value-type="string">
      <text:p text:style-name="Paragraph"><draw:image draw:name="아이콘0" svg:desc="아이콘" svg:pixelx="25" svg:pixely="20" svg:width="0.661cm" svg:height="0.529cm" xlink:href="65739" draw:filter-name=""/></text:p>

     </table:table-cell>
     <table:table-cell table:style-name="Tabelle5.A1" table:value-type="string">
      <text:p text:style-name="Paragraph">축소</text:p>
     </table:table-cell>
    </table:table-row>
   </table:table-header-rows>
   <table:table-row table:style-name="Tabelle5.1">
    <table:table-cell table:style-name="Tabelle5.A1" table:value-type="string">
     <text:p text:style-name="Paragraph"><draw:image draw:name="아이콘1" svg:desc="아이콘" svg:pixelx="26" svg:pixely="20" svg:width="0.688cm" svg:height="0.529cm" xlink:href="65738" draw:filter-name=""/></text:p>

    </table:table-cell>
    <table:table-cell table:style-name="Tabelle5.A1" table:value-type="string">
     <text:p text:style-name="Paragraph">확대</text:p>
    </table:table-cell>
   </table:table-row>
  </table:table>
  </help:to-be-embedded></help:to-popup>
  <help:to-be-embedded Eid="vorschau">
  <text:p text:style-name="Head 2">미리보기 필드</text:p>
  <text:p text:style-name="Paragraph"><help:help-text value="visible">현재 선택 사항을 적용한 미리 보기를 표시합니다.</help:help-text></text:p>
  </help:to-be-embedded>
  <help:to-be-embedded Eid="weiterautopi">
  <text:p text:style-name="Head 2">다음</text:p>
  <text:p text:style-name="Paragraph"><help:help-text value="visible">[다음] 버튼을 누르면 자동 파일럿이 현재의 대화 상자 설정을 사용하여 다음 단계로 진행합니다. 진행 마지막 단계에서는 이 버튼이 [만들기]로 바뀝니다.</help:help-text></text:p>
  </help:to-be-embedded>
  <help:to-be-embedded Eid="zurueck">
  <text:p text:style-name="Head 2"><help:help-id value="OFFMGR_PUSHBUTTON_RID_OFADLG_OPTIONS_TREE_PB_BACK"/><help:help-id value="OFFMGR_PUSHBUTTON_RID_OFADLG_OPTIONS_TREE_PB_BACK"/>뒤로</text:p>
  <text:p text:style-name="Paragraph"><help:help-text value="visible">변경된 값을 <help:productname>%PRODUCTNAME</help:productname>에서 열 때 적용되었던 기본값으로 다시 초기화합니다.</help:help-text></text:p>
  </help:to-be-embedded>
  <help:to-be-embedded Eid="zurueck2">
  <text:p text:style-name="Head 2"><help:help-id value="HID_TABDLG_RESET_BTN"/>뒤로</text:p>
  <text:p text:style-name="Paragraph"><help:help-text value="visible">현재 탭에서 변경된 설정을 탭을 열 때 적용되었던 값으로 다시 변경합니다. 처음 상태로 변경할 때 확인하는 메시지는 나오지 않습니다.</help:help-text></text:p>
  </help:to-be-embedded>
  <help:to-be-embedded Eid="zuruecksetzen">
  <text:p text:style-name="Head 2">원래대로</text:p>
  <text:p text:style-name="Paragraph"><help:help-text value="visible">변경된 값을 표준값으로 다시 되돌립니다.</help:help-text></text:p>
  <table:table table:name="Tabelle1" table:style-name="Tabelle1">
   <table:table-column table:style-name="Tabelle1.A"/>
   <table:table-column table:style-name="Tabelle1.B"/>
   <table:table-header-rows>
    <table:table-row table:style-name="Tabelle1.1">
     <table:table-cell table:style-name="Tabelle1.A1" table:value-type="string">
      <text:p text:style-name="Paragraph"><draw:image draw:name="아이콘2" svg:desc="경고 아이콘" svg:pixelx="32" svg:pixely="32" svg:width="0.847cm" svg:height="0.847cm" xlink:href="65640" draw:filter-name=""/></text:p>

     </table:table-cell>
     <table:table-cell table:style-name="Tabelle1.A1" table:value-type="string">
      <text:p text:style-name="Paragraph">표준값으로 복원하기 전에 정말 복원할 것인지를 묻는 확인 메시지는 나타나지 않습니다. 복원된 다음 대화 상자의 확인 버튼을 누르면 이 변경 사항은 완전히 사라지고 다시 복원될 수 없습니다.</text:p>
     </table:table-cell>
    </table:table-row>
   </table:table-header-rows>
  </table:table>
  </help:to-be-embedded>
  <help:to-be-embedded Eid="standard">
  <text:p text:style-name="Head 2"><help:help-id value="HID_TABDLG_STANDARD_BTN"/>표준</text:p>
  <text:p text:style-name="Paragraph"><help:help-text value="visible">대화상자에 있는 값을 설치할 때 적용되는 기본값으로 다시 설정합니다. 기본값 대부분은 나중에 <text:span text:style-name="T1">도구</text:span> - <text:span text:style-name="T1">옵션</text:span> 메뉴에서 변경할 수 있습니다. 여기서 변경하는 설정이 프로그램을 설치할 때 &quot;일반적으로 설정되는&quot; 기본값보다 우선적으로 적용됩니다.</help:help-text></text:p>
  <table:table table:name="Tabelle2" table:style-name="Tabelle2">
   <table:table-column table:style-name="Tabelle2.A"/>
   <table:table-column table:style-name="Tabelle2.B"/>
   <table:table-header-rows>
    <table:table-row table:style-name="Tabelle2.1">
     <table:table-cell table:style-name="Tabelle2.A1" table:value-type="string">
      <text:p text:style-name="Paragraph"><draw:image draw:name="아이콘3" svg:desc="경고 아이콘" svg:pixelx="32" svg:pixely="32" svg:width="0.847cm" svg:height="0.847cm" xlink:href="65640" draw:filter-name=""/></text:p>

     </table:table-cell>
     <table:table-cell table:style-name="Tabelle2.A1" table:value-type="string">
      <text:p text:style-name="Paragraph">기본값으로 초기화할 때 확인하는 메시지는 표시되지 않습니다.</text:p>
     </table:table-cell>
    </table:table-row>
   </table:table-header-rows>
  </table:table>
  </help:to-be-embedded>
  <help:to-be-embedded Eid="zurueckautopi">
  <text:p text:style-name="Head 2">뒤로</text:p>
  <text:p text:style-name="Paragraph"><help:help-text value="visible">대화 상자의 이전에 실행된 작업 단계에서 선택된 항목을 볼 수 있습니다. 현재 설정은 그대로 유지됩니다.</help:help-text> 이 버튼은 두 번째 편집 단계에서부터 선택할 수 있습니다.</text:p>
  </help:to-be-embedded>
  <help:to-be-embedded Eid="zusaetze">
  <text:p text:style-name="Head 2">추가</text:p>
  <text:p text:style-name="Paragraph"><help:help-text value="visible">이 버튼을 클릭하여 다른 옵션들이 표시되도록 대화 상자를 확장하십시오. 이 버튼을 다시 한 번 클릭하면 대화 상자가 원래의 보기로 돌아갑니다.</help:help-text></text:p>
  </help:to-be-embedded>
  <text:p text:style-name="Paragraph"><help:to-be-embedded Eid="siehe">또한 다음 기능을 참조하십시오:</help:to-be-embedded></text:p>
  <text:p text:style-name="Paragraph"><help:to-be-embedded Eid="add">이 기능은 분석 애드인이 설치된 경우에만 사용할 수 있습니다.</help:to-be-embedded></text:p>
  <text:p text:style-name="Paragraph"><help:to-be-embedded Eid="regulaer">검색은 <help:link Id="65852" Eid="platzhalter">정규식</help:link>을 지원합니다. 텍스트를 입력 할 때 가령 뒤에 어떤 문자가 오는지 상관 없이 단어의 맨 앞에 &quot;all&quot;이 있는 단어를 찾기 위해 &quot;all.*&quot;라고 입력할 수 있습니다.</help:to-be-embedded></text:p>
  <text:p text:style-name="Paragraph"><help:to-be-embedded Eid="wahr">오류가 발생하면 함수가 논리 값이나 숫자 값을 구합니다.</help:to-be-embedded></text:p>
  <text:p text:style-name="Paragraph"><help:to-be-embedded Eid="kontext">(이 명령어는 <help:popup Id="65619" Eid="kontextmenueg">컨텍스트 메뉴</help:popup>에서만 볼 수 있습니다).</help:to-be-embedded></text:p>
  <text:p text:style-name="Paragraph"><help:to-be-embedded Eid="wiederholen">도구를 두 번 누르면 다중 작업에 이 도구를 사용할 수 있습니다. 도구를 한 번 눌러서 호출하면 작업을 완료한 후에 마지막 선택 사항으로 되돌아갑니다.</help:to-be-embedded></text:p>
 </office:body>
</office:document>
