

<office:document  xmlns:office="http://openoffice.org/2000/office" xmlns:style="http://openoffice.org/2000/style" xmlns:text="http://openoffice.org/2000/text" xmlns:table="http://openoffice.org/2000/table" xmlns:draw="http://openoffice.org/2000/drawing" xmlns:fo="http://www.w3.org/1999/XSL/Format" xmlns:xlink="http://www.w3.org/1999/xlink" xmlns:number="http://openoffice.org/2000/datastyle" xmlns:svg="http://www.w3.org/2000/svg" xmlns:chart="http://openoffice.org/2000/chart" xmlns:dr3d="http://openoffice.org/2000/dr3d" xmlns:math="http://www.w3.org/1998/Math/MathML" xmlns:form="http://openoffice.org/2000/form" xmlns:script="http://openoffice.org/2000/script" office:class="text" office:version="1.0" xmlns:dc="http://purl.org/dc/elements/1.1/" xmlns:meta="http://openoffice.org/2000/meta" xmlns:help="http://openoffice.org/2000/help">
<office:meta>
  <dc:description>text/common/00/00000406</dc:description>
  <dc:subject>메뉴 도구</dc:subject>
  <meta:keywords>
   <meta:keyword>$Version</meta:keyword>
  </meta:keywords>
  <dc:language>ko-KR</dc:language>
  <meta:user-defined meta:name="Info 0">READY</meta:user-defined>
  <meta:user-defined meta:name="Info 1">FREE_OK</meta:user-defined>
  <meta:user-defined meta:name="Info 2">NOINDEX</meta:user-defined>
  <meta:user-defined meta:name="Info 3"/>
</office:meta>
 <office:script/>
 <office:font-decls>
  <style:font-decl style:name="StarSymbol" fo:font-family="StarSymbol" style:font-charset="x-symbol"/>
  <style:font-decl style:name="Courier New" fo:font-family="&apos;Courier New&apos;" style:font-style-name="Standard" style:font-family-generic="modern" style:font-pitch="fixed"/>
  <style:font-decl style:name="Courier" fo:font-family="Courier" style:font-family-generic="roman" style:font-pitch="fixed"/>
  <style:font-decl style:name="Andale WT UI3" fo:font-family="&apos;Andale WT UI&apos;" style:font-pitch="variable"/>
  <style:font-decl style:name="Arial Unicode MS" fo:font-family="&apos;Arial Unicode MS&apos;" style:font-pitch="variable"/>
  <style:font-decl style:name="HG Mincho Light J" fo:font-family="&apos;HG Mincho Light J&apos;" style:font-pitch="variable"/>
  <style:font-decl style:name="Andale WT UI" fo:font-family="&apos;Andale WT UI&apos;" style:font-style-name="Fett" style:font-family-generic="roman" style:font-pitch="variable"/>
  <style:font-decl style:name="Andale WT UI1" fo:font-family="&apos;Andale WT UI&apos;" style:font-style-name="Standard" style:font-family-generic="roman" style:font-pitch="variable"/>
  <style:font-decl style:name="Thorndale" fo:font-family="Thorndale" style:font-family-generic="roman" style:font-pitch="variable"/>
  <style:font-decl style:name="Times New Roman" fo:font-family="&apos;Times New Roman&apos;" style:font-style-name="Fett" style:font-family-generic="roman" style:font-pitch="variable"/>
  <style:font-decl style:name="Andale WT UI2" fo:font-family="&apos;Andale WT UI&apos;" style:font-family-generic="swiss" style:font-pitch="variable"/>
 </office:font-decls>
 <office:automatic-styles>
  <style:style style:name="Tabelle3" style:family="table">
   <style:properties style:width="18cm" table:align="margins"/>
  </style:style>
  <style:style style:name="Tabelle3.A" style:family="table-column">
   <style:properties style:column-width="1.005cm" style:rel-column-width="3660*"/>
  </style:style>
  <style:style style:name="Tabelle3.B" style:family="table-column">
   <style:properties style:column-width="16.995cm" style:rel-column-width="61875*"/>
  </style:style>
  <style:style style:name="Tabelle3.A1" style:family="table-cell">
   <style:properties fo:padding="0cm" fo:border="none"/>
  </style:style>
  <style:style style:name="Tabelle2" style:family="table">
   <style:properties style:width="18cm" table:align="margins"/>
  </style:style>
  <style:style style:name="Tabelle2.A" style:family="table-column">
   <style:properties style:column-width="1.501cm" style:rel-column-width="5465*"/>
  </style:style>
  <style:style style:name="Tabelle2.B" style:family="table-column">
   <style:properties style:column-width="16.499cm" style:rel-column-width="60070*"/>
  </style:style>
  <style:style style:name="Tabelle4" style:family="table">
   <style:properties style:width="18cm" table:align="margins"/>
  </style:style>
  <style:style style:name="Tabelle4.A" style:family="table-column">
   <style:properties style:column-width="1.501cm" style:rel-column-width="5465*"/>
  </style:style>
  <style:style style:name="Tabelle4.B" style:family="table-column">
   <style:properties style:column-width="16.499cm" style:rel-column-width="60070*"/>
  </style:style>
  <style:style style:name="Tabelle1" style:family="table">
   <style:properties style:width="17.995cm" fo:margin-left="0cm" fo:margin-right="0.005cm" table:align="margins"/>
  </style:style>
  <style:style style:name="Tabelle1.A" style:family="table-column">
   <style:properties style:column-width="1.501cm" style:rel-column-width="5466*"/>
  </style:style>
  <style:style style:name="Tabelle1.B" style:family="table-column">
   <style:properties style:column-width="16.494cm" style:rel-column-width="60069*"/>
  </style:style>
  <style:style style:name="Tabelle1.A1" style:family="table-cell">
   <style:properties fo:padding="0.049cm" fo:border="none"/>
  </style:style>
  <style:style style:name="P1" style:family="paragraph" style:parent-style-name="Paragraph" style:master-page-name="HTML">
   <style:properties style:page-number="0"/>
  </style:style>
  <style:style style:name="P2" style:family="paragraph" style:parent-style-name="Paragraph">
   <style:properties fo:font-weight="bold"/>
  </style:style>
  <style:style style:name="T1" style:family="text">
   <style:properties fo:font-weight="bold"/>
  </style:style>
  <style:style style:name="fr1" style:family="graphics" style:parent-style-name="Graphics">
   <style:properties style:run-through="foreground" style:wrap="run-through" style:horizontal-pos="left" style:horizontal-rel="paragraph" style:mirror="none" fo:clip="rect(0cm 0cm 0cm 0cm)" draw:luminance="0%" draw:contrast="0%" draw:red="0%" draw:green="0%" draw:blue="0%" draw:gamma="1" draw:color-inversion="false" draw:transparency="-100%" draw:color-mode="standard"/>
  </style:style>
  <style:style style:name="fr2" style:family="graphics" style:parent-style-name="Graphics">
   <style:properties style:run-through="foreground" style:wrap="run-through" style:vertical-pos="top" style:vertical-rel="paragraph" style:horizontal-pos="left" style:horizontal-rel="paragraph" style:mirror="none" fo:clip="rect(0cm 0cm 0cm 0cm)" draw:luminance="0%" draw:contrast="0%" draw:red="0%" draw:green="0%" draw:blue="0%" draw:gamma="1" draw:color-inversion="false" draw:transparency="-100%" draw:color-mode="standard"/>
  </style:style>
 </office:automatic-styles>
 <office:body>
  <text:variable-decls>
   <text:variable-decl text:value-type="string" text:name="HTML_ON"/>
   <text:variable-decl text:value-type="string" text:name="HTML_OFF"/>
   <text:variable-decl text:value-type="string" text:name="TITEL"/>
   <text:variable-decl text:value-type="string" text:name="END"/>
   <text:variable-decl text:value-type="string" text:name="OS2"/>
   <text:variable-decl text:value-type="string" text:name="ELSE"/>
   <text:variable-decl text:value-type="string" text:name="NAME"/>
   <text:variable-decl text:value-type="string" text:name="MAC"/>
   <text:variable-decl text:value-type="string" text:name="HREF"/>
   <text:variable-decl text:value-type="string" text:name="MODIFY"/>
   <text:variable-decl text:value-type="string" text:name="REFNR"/>
   <text:variable-decl text:value-type="string" text:name="HFELD"/>
   <text:variable-decl text:value-type="string" text:name="STYLE"/>
  </text:variable-decls>
  <text:sequence-decls>
   <text:sequence-decl text:display-outline-level="0" text:name="Illustration"/>
   <text:sequence-decl text:display-outline-level="0" text:name="Table"/>
   <text:sequence-decl text:display-outline-level="0" text:name="Text"/>
   <text:sequence-decl text:display-outline-level="0" text:name="Drawing"/>
  </text:sequence-decls>
  <text:p text:style-name="P1"/>
  <text:p text:style-name="Head 1">메뉴 도구</text:p>
  <help:to-popup Eid="gallery">
  <text:p text:style-name="Paragraph"><text:span text:style-name="T1">도구 - 갤러리</text:span> 메뉴 또는 기능 도구모음 아이콘:</text:p>
  <help:to-be-embedded Eid="sygallery">
  <table:table table:name="Tabelle3" table:style-name="Tabelle3">
   <table:table-column table:style-name="Tabelle3.A"/>
   <table:table-column table:style-name="Tabelle3.B"/>
   <table:table-header-rows>
    <table:table-row>
     <table:table-cell table:style-name="Tabelle3.A1" table:value-type="string">
      <text:p text:style-name="TextInTable"><draw:image draw:name="아이콘0" svg:desc="아이콘" svg:pixelx="25" svg:pixely="25" svg:width="0.661cm" svg:height="0.661cm" xlink:href="67320" draw:filter-name=""/></text:p>

     </table:table-cell>
     <table:table-cell table:style-name="Tabelle3.A1" table:value-type="string">
      <text:p text:style-name="TextInTable">갤러리</text:p>
     </table:table-cell>
    </table:table-row>
   </table:table-header-rows>
  </table:table>
  </help:to-be-embedded>
  </help:to-popup>
  <text:p text:style-name="Paragraph"><help:to-popup Eid="galleryregisterdateien"><text:span text:style-name="T1">도구 - 갤러리</text:span>메뉴 또는 기능 도구모음 아이콘 - <text:span text:style-name="T1">새 주제 </text:span>버튼- <text:span text:style-name="T1">파일</text:span></help:to-popup>버튼</text:p>
  <help:to-popup Eid="rechtschreibung">
  <text:p text:style-name="Paragraph">대화상자는 맞춤법에 의해 오류가 발견된 경우에만 나타납니다 :</text:p>
  <text:p text:style-name="Paragraph"><text:span text:style-name="T1">도구 - 맞춤법 - 검사...</text:span> 메뉴</text:p>
  <text:p text:style-name="Paragraph">(F7)키</text:p>
  <text:p text:style-name="Paragraph">주 도구모음 아이콘:</text:p>
  <help:to-be-embedded Eid="syrechtschreibung">
  <table:table table:name="Tabelle2" table:style-name="Tabelle2">
   <table:table-column table:style-name="Tabelle2.A"/>
   <table:table-column table:style-name="Tabelle2.B"/>
   <table:table-header-rows>
    <table:table-row>
     <table:table-cell table:value-type="string">
      <text:p text:style-name="TextInTable"><draw:image draw:name="아이콘1" svg:desc="아이콘" svg:pixelx="25" svg:pixely="25" svg:width="0.661cm" svg:height="0.661cm" xlink:href="65746" draw:filter-name=""/></text:p>

     </table:table-cell>
     <table:table-cell table:value-type="string">
      <text:p text:style-name="TextInTable">맞춤법</text:p>
     </table:table-cell>
    </table:table-row>
   </table:table-header-rows>
  </table:table>
  </help:to-be-embedded></help:to-popup>
  <text:p text:style-name="Paragraph"><help:to-popup Eid="rechtschreibungmenue"><text:span text:style-name="T1">도구 - 맞춤법</text:span></help:to-popup> 메뉴</text:p>
  <text:p text:style-name="Paragraph"><help:to-popup Eid="zoptionen"><text:span text:style-name="T1">도구 - 맞춤법 - 검사 </text:span><text:s/>메뉴 - (맞춤법이 <text:s/>오류를 발견할 경우에만 자화 상자가 나타납니다.)에서 <text:span text:style-name="T1">옵션 </text:span></help:to-popup>을 클릭하십시오.</text:p>
  <help:to-popup Eid="thesaurus">
  <text:p text:style-name="Paragraph"><text:span text:style-name="T1">도구 - 동의어 사전...</text:span> 메뉴</text:p>
  <text:p text:style-name="Paragraph"><text:span text:style-name="T1">도구 - 맞춤법 - 검사 - 동의어 사전</text:span> 메뉴</text:p>
  <text:p text:style-name="Paragraph"><help:switch select="System"><help:case select ="MAC">(명령)</help:case><help:default>(Shift)</help:default></help:switch>(F7)키</text:p>
  </help:to-popup>
  <help:to-popup Eid="etpip">
  <text:p text:style-name="Paragraph"><text:span text:style-name="T1">도구 - 파펫</text:span> 메뉴 (<help:productname>%PRODUCTNAME</help:productname> Draw 및 <help:productname>%PRODUCTNAME</help:productname> Impress)</text:p>
  </help:to-popup>
  <text:p text:style-name="Paragraph"><help:to-popup Eid="makro"><text:span text:style-name="T1">도구 - 매크로 - 매크로</text:span> 메뉴</help:to-popup></text:p>
  <help:to-popup Eid="recordmacro">
  <help:to-be-embedded Eid="syrecordmacro">
  <table:table table:name="Tabelle4" table:style-name="Tabelle4">
   <table:table-column table:style-name="Tabelle4.A"/>
   <table:table-column table:style-name="Tabelle4.B"/>
   <table:table-header-rows>
    <table:table-row>
     <table:table-cell table:value-type="string">
      <text:p text:style-name="TextInTable"><draw:image draw:name="아이콘2" svg:desc="아이콘" svg:pixelx="21" svg:pixely="23" svg:width="0.556cm" svg:height="0.609cm" xlink:href="67563" draw:filter-name=""/></text:p>

     </table:table-cell>
     <table:table-cell table:value-type="string">
      <text:p text:style-name="TextInTable">매크로 기록</text:p>
     </table:table-cell>
    </table:table-row>
   </table:table-header-rows>
  </table:table>
  </help:to-be-embedded>
  <text:p text:style-name="Paragraph"><text:span text:style-name="T1">도구 - 매크로 - 매크로 기록</text:span> 메뉴</text:p>
  </help:to-popup>
  <text:p text:style-name="Paragraph"><help:to-popup Eid="passwort"><text:span text:style-name="T1">도구 - 매크로 - 관리 - 라이브러리 탭 - 패스워드</text:span></help:to-popup> 메뉴</text:p>
  <text:p text:style-name="Paragraph"><help:to-popup Eid="xmlfilter"></help:to-popup></text:p>
  <text:p text:style-name="Paragraph"><help:to-popup Eid="xmlfilteredit"></help:to-popup></text:p>
  <text:p text:style-name="Paragraph"><help:to-popup Eid="xmlfiltertest"></help:to-popup></text:p>
  <text:p text:style-name="Paragraph"><help:to-popup Eid="anpassen"><text:span text:style-name="T1">도구 - 맞춤</text:span></help:to-popup> 메뉴</text:p>
  <text:p text:style-name="Paragraph"><help:to-popup Eid="menue"><text:span text:style-name="T1">도구 - 맞춤 </text:span><text:s/>메뉴 - <text:span text:style-name="T1"><text:s/>메뉴</text:span></help:to-popup>탭</text:p>
  <text:p text:style-name="Paragraph"><help:to-popup Eid="tastatur"><text:span text:style-name="T1">도구 - 맞춤 </text:span>메뉴 - <text:span text:style-name="T1"><text:s/>키보드</text:span></help:to-popup>탭</text:p>
  <text:p text:style-name="Paragraph"><help:to-popup Eid="status"><text:span text:style-name="T1">도구 - 맞춤 </text:span>메뉴 - <text:span text:style-name="T1"><text:s/>상태 - <text:s/>표시줄</text:span></help:to-popup>탭</text:p>
  <text:p text:style-name="Paragraph"><help:to-popup Eid="symbole"><text:span text:style-name="T1">도구 - 맞춤 </text:span>메뉴 - <text:span text:style-name="T1"><text:s/>도구 모음</text:span></help:to-popup>탭</text:p>
  <help:to-popup Eid="symbolebearbeiten">
  <text:p text:style-name="Paragraph"><text:span text:style-name="T1">도구 - 맞춤...</text:span>메뉴 - <text:span text:style-name="T1"><text:s/>도구 모음 - 편집...</text:span>탭</text:p>
  <text:p text:style-name="Paragraph"><text:span text:style-name="T1">보기 - 도구 모음 - 편집...</text:span> 메뉴</text:p>
  <text:p text:style-name="Paragraph"><text:span text:style-name="T1">편집...</text:span> 도구모음의 컨텍스트 메뉴</text:p>
  </help:to-popup>
  <text:p text:style-name="Paragraph"><help:to-popup Eid="events"><text:span text:style-name="T1">도구 - 맞춤 </text:span>메뉴 - <text:span text:style-name="T1">이벤트</text:span></help:to-popup> 탭</text:p>
  <text:p text:style-name="Paragraph"><help:to-popup Eid="autokorr"><text:span text:style-name="T1">도구 - 자동 고침</text:span><help:switch select="Program"><help:case select="WRITER"><text:span text:style-name="T1">/자동 서식</text:span></help:case></help:switch></help:to-popup> 메뉴</text:p>
  <text:p text:style-name="Paragraph"><help:to-popup Eid="autokooptionen"><text:span text:style-name="T1">도구 - 자동 고침</text:span><help:switch select="Program"><help:case select="WRITER"><text:span text:style-name="T1">/자동 서식</text:span></help:case></help:switch> 메뉴 - <text:span text:style-name="T1">옵션</text:span></help:to-popup> 탭</text:p>
  <text:p text:style-name="Paragraph"><help:to-popup Eid="autokoersetzung"><text:span text:style-name="T1">도구 - 자동 고침</text:span><help:switch select="Program"><help:case select="WRITER"><text:span text:style-name="T1">/자동 서식</text:span></help:case></help:switch> 메뉴 - <text:span text:style-name="T1">바꾸기</text:span></help:to-popup> 탭</text:p>
  <text:p text:style-name="Paragraph"><help:to-popup Eid="autokoausnahmen"><text:span text:style-name="T1">도구 - 자동 고침</text:span><help:switch select="Program"><help:case select="WRITER"><text:span text:style-name="T1">/자동 서식</text:span></help:case></help:switch> 메뉴 - <text:span text:style-name="T1">예외</text:span></help:to-popup> 탭</text:p>
  <text:p text:style-name="Paragraph"><help:to-popup Eid="autokotyafz"><text:span text:style-name="T1">도구 - 자동 고침</text:span><help:switch select="Program"><help:case select="WRITER"><text:span text:style-name="T1">/자동 서식</text:span></help:case></help:switch> 메뉴 - <text:span text:style-name="T1">활판 인쇄 따옴표</text:span></help:to-popup> 탭</text:p>
  <text:p text:style-name="Paragraph"><help:to-popup Eid="autokoworterg"><text:span text:style-name="T1">도구 - 자동 고침/자동 서식 </text:span>메뉴 - <text:span text:style-name="T1">단어 완성</text:span></help:to-popup> 탭</text:p>
  <text:p text:style-name="Paragraph"><help:to-popup Eid="exopas"><text:span text:style-name="T1">도구 - 옵션 - 스프레드시트 - 탭 보기</text:span></help:to-popup> 메뉴</text:p>
  <text:p text:style-name="Paragraph"><help:to-popup Eid="etoplayout"><text:span text:style-name="T1"> 도구 - 옵션 - 프리젠테이션/그리기 - 탭 보기</text:span></help:to-popup> 메뉴</text:p>
  <text:p text:style-name="Paragraph"><help:to-popup Eid="etotm"><text:span text:style-name="T1">도구 - 옵션- 그리기 - 일반 탭</text:span></help:to-popup> 메뉴</text:p>
  <help:to-popup Eid="verzeichnis">
  <text:p text:style-name="Paragraph">다양한 자동 파일럿의 경로 선택 버튼</text:p>
  <text:p text:style-name="Paragraph"><text:span text:style-name="T1">편집</text:span> <text:span text:style-name="T1">도구 - 옵션 - <help:productname>%PRODUCTNAME</help:productname> - 경로</text:span>에서 몇 몇 항목 버튼</text:p>
  </help:to-popup>
  <text:p text:style-name="Paragraph"><help:to-popup Eid="optionen"><text:span text:style-name="T1">도구 - 옵션</text:span></help:to-popup> 메뉴</text:p>
  <text:p text:style-name="Paragraph"><help:to-popup Eid="optionenallgemein"><text:span text:style-name="T1">도구 - 옵션 - <help:productname>%PRODUCTNAME</help:productname></text:span></help:to-popup> 메뉴</text:p>
  <text:p text:style-name="Paragraph"><help:to-popup Eid="benutzerdaten"><text:span text:style-name="T1">도구 - 옵션 - <help:productname>%PRODUCTNAME</help:productname> - 탭 사용자 데이터</text:span></help:to-popup> 메뉴</text:p>
  <text:p text:style-name="Paragraph"><help:to-popup Eid="allg"><text:span text:style-name="T1">도구 - 옵션 - <help:productname>%PRODUCTNAME</help:productname> - 일반 탭 </text:span></help:to-popup> 메뉴</text:p>
  <text:p text:style-name="Paragraph"><help:to-popup Eid="arbeit"><text:span text:style-name="T1">도구 - 옵션 - <help:productname>%PRODUCTNAME</help:productname> - <text:s/>작업 메모리 탭</text:span></help:to-popup></text:p>
  <text:p text:style-name="Paragraph"><help:to-popup Eid="ansicht"><text:span text:style-name="T1">도구</text:span> - <text:span text:style-name="T1">옵션</text:span> - <text:span text:style-name="T1"><help:productname>%PRODUCTNAME</help:productname></text:span> 메뉴 - <text:s/><text:span text:style-name="T1">보기</text:span></help:to-popup> 탭</text:p>
  <text:p text:style-name="Paragraph"><help:to-popup Eid="helper"><text:span text:style-name="T1">도구 - 옵션 - <help:productname>%PRODUCTNAME</help:productname> - 도움말 프로그램 탭</text:span></help:to-popup> 메뉴</text:p>
  <text:p text:style-name="Paragraph"><help:to-popup Eid="drucken"><text:span text:style-name="T1">도구 - 옵션 - <help:productname>%PRODUCTNAME</help:productname> - 인쇄 탭</text:span></help:to-popup> 메뉴</text:p>
  <help:to-popup Eid="pfade">
  <text:p text:style-name="Paragraph"><text:span text:style-name="T1">도구 - 옵션 - <help:productname>%PRODUCTNAME</help:productname> - 경로 탭</text:span> 메뉴</text:p>
  <text:p text:style-name="Paragraph"><text:span text:style-name="T1">편집 - 자동 텍스트 - 경로...</text:span> 메뉴</text:p>
  </help:to-popup>
  <help:to-popup Eid="color">
  <text:p text:style-name="P2">도구 - 옵션 - <help:productname>%PRODUCTNAME</help:productname> 메뉴 - 색 탭</text:p>
  <text:p text:style-name="Paragraph"><text:span text:style-name="T1">서식 - 면... </text:span>메뉴 <text:span text:style-name="T1">색</text:span> 탭</text:p>
  </help:to-popup>
  <help:to-popup Eid="color2">
  <text:p text:style-name="Paragraph"><text:span text:style-name="T1">도구 - 옵션 - <help:productname>%PRODUCTNAME</help:productname> - 색 탭 - 편집</text:span> 메뉴</text:p>
  <text:p text:style-name="Paragraph"><text:span text:style-name="T1">서식 - 면... </text:span>메뉴 <text:span text:style-name="T1">색 - 편집...</text:span> 탭</text:p>
  <text:p text:style-name="P2">서식 - 3D 개체 - 탭 아이콘 조명</text:p>
  <help:to-be-embedded Eid="farbdial">
  <table:table table:name="Tabelle1" table:style-name="Tabelle1">
   <table:table-column table:style-name="Tabelle1.A"/>
   <table:table-column table:style-name="Tabelle1.B"/>
   <table:table-header-rows>
    <table:table-row>
     <table:table-cell table:style-name="Tabelle1.A1" table:value-type="string">
      <text:p text:style-name="TextInTable"><draw:image draw:name="아이콘3" svg:desc="아이콘" svg:pixelx="21" svg:pixely="21" svg:width="0.556cm" svg:height="0.556cm" xlink:href="65870" draw:filter-name=""/></text:p>

     </table:table-cell>
     <table:table-cell table:style-name="Tabelle1.A1" table:value-type="string">
      <text:p text:style-name="TextInTable">색 대화상자를 통해 색 선택</text:p>
     </table:table-cell>
    </table:table-row>
   </table:table-header-rows>
  </table:table>
  </help:to-be-embedded></help:to-popup>
  <text:p text:style-name="Paragraph"><help:to-popup Eid="schriers"><text:span text:style-name="T1">도구 - 옵션 - <help:productname>%PRODUCTNAME</help:productname> 메뉴 - 글꼴 바꾸기 탭</text:span></help:to-popup></text:p>
  <text:p text:style-name="Paragraph"><help:to-popup Eid="scripting"><text:span text:style-name="T1">도구 - 옵션 - <help:productname>%PRODUCTNAME</help:productname> </text:span>메뉴 <text:span text:style-name="T1">보안</text:span></help:to-popup>탭</text:p>
  <text:p text:style-name="Paragraph"><help:to-popup Eid="accessibility"><text:span text:style-name="T1">도구 - 옵션 - <help:productname>%PRODUCTNAME</help:productname></text:span> 메뉴 - <text:span text:style-name="T1">액세스 기능</text:span> 탭</help:to-popup></text:p>
  <text:p text:style-name="Paragraph"><help:to-popup Eid="appearance"><text:span text:style-name="T1">도구 - 옵션 - <help:productname>%PRODUCTNAME</help:productname></text:span> 메뉴 - <text:span text:style-name="T1">표시</text:span> 탭</help:to-popup></text:p>
  <text:p text:style-name="Paragraph"><help:to-popup Eid="networkid">[도구] - [옵션] - [<help:productname>%PRODUCTNAME</help:productname>] - [네트워크 ID]를 선택합니다.</help:to-popup></text:p>
  <text:p text:style-name="Paragraph"><help:to-popup Eid="landen"><text:span text:style-name="T1">도구 - 옵션 - 로드/저장</text:span></help:to-popup>메뉴</text:p>
  <text:p text:style-name="Paragraph"><help:to-popup Eid="rsave">[도구] - [옵션] - [로드/저장] - [일반]을 선택합니다.</help:to-popup></text:p>
  <text:p text:style-name="Paragraph"><help:to-popup Eid="etsofi"><text:span text:style-name="T1">도구 - 옵션 - 로드/저장</text:span> 메뉴 - <text:span text:style-name="T1">VBA 등록정보</text:span></help:to-popup>탭</text:p>
  <text:p text:style-name="Paragraph"><help:to-popup Eid="etsofi2"><text:span text:style-name="T1">도구 - 옵션 - 로드/저장</text:span> 메뉴 - <text:span text:style-name="T1">Microsoft Office</text:span></help:to-popup>탭</text:p>
  <text:p text:style-name="Paragraph"><help:to-popup Eid="html"><text:span text:style-name="T1">도구 - 옵션 - 로드/저장</text:span> 메뉴 - <text:span text:style-name="T1">HTML 호환성</text:span></help:to-popup>탭</text:p>
  <text:p text:style-name="Paragraph"><help:to-popup Eid="asiatypo"><text:span text:style-name="T1">도구 - 옵션 - 언어 설정</text:span></help:to-popup> 메뉴</text:p>
  <text:p text:style-name="Paragraph"><help:to-popup Eid="sprachen"><text:span text:style-name="T1">도구 - 옵션 - 언어 설정 - 언어 탭</text:span></help:to-popup> 메뉴</text:p>
  <text:p text:style-name="Paragraph"><help:to-popup Eid="sprachenctl">[도구] - [옵션] - [언어 설정] - [언어] - [복합 문자 언어(CTL) 지원]을 선택합니다.</help:to-popup></text:p>
  <help:to-popup Eid="linguistik">
  <text:p text:style-name="Paragraph"><text:span text:style-name="T1">도구 - 옵션 - 언어 설정 -</text:span> 탭 <text:span text:style-name="T1">언어학</text:span></text:p>
  </help:to-popup>
  <help:to-popup Eid="linguistikmodule">
  <text:p text:style-name="Paragraph"><text:span text:style-name="T1">도구 - 옵션 - 언어 설정 </text:span>메뉴 - <text:span text:style-name="T1">언어학 탭, 목록 필드에서 사용할 수 있는 언어 모듈을 선택한 후 편집 버튼</text:span></text:p>
  </help:to-popup>
  <help:to-popup Eid="writingaids">
  <text:p text:style-name="Paragraph">[도구] - [옵션] - [언어 설정] - [맞춤법 교정]을 선택합니다.</text:p>
  </help:to-popup>
  <text:p text:style-name="Paragraph"><help:to-popup Eid="suchja"><text:span text:style-name="T1">도구 - 옵션 - 언어 설정</text:span> 메뉴 - <text:span text:style-name="T1">일본어 검색 옵션 </text:span></help:to-popup>탭</text:p>
  <text:p text:style-name="Paragraph"><help:to-popup Eid="asialayout"><text:span text:style-name="T1">도구 - 옵션 - 언어 설정</text:span> 메뉴 - <text:span text:style-name="T1">아시아 레이아웃</text:span></help:to-popup>탭</text:p>
  <text:p text:style-name="Paragraph"><help:to-popup Eid="internet"><text:span text:style-name="T1">도구 - 옵션 - 인터넷</text:span></help:to-popup> 메뉴</text:p>
  <text:p text:style-name="Paragraph"><help:to-popup Eid="internet1"><text:span text:style-name="T1">도구 - 옵션 - 인터넷</text:span> 메뉴 - <text:s/><text:span text:style-name="T1">프록시</text:span></help:to-popup>탭</text:p>
  <text:p text:style-name="Paragraph"><help:to-popup Eid="internet4"><text:span text:style-name="T1">도구 - 옵션 - 인터넷 </text:span>메뉴 - <text:s/><text:span text:style-name="T1">검색</text:span></help:to-popup>탭</text:p>
  <text:p text:style-name="Paragraph"><help:to-popup Eid="optionentextdokument"><text:span text:style-name="T1">도구 - 옵션 - 텍스트 문서</text:span></help:to-popup> 메뉴</text:p>
  <text:p text:style-name="Paragraph"><help:to-popup Eid="laden"><text:span text:style-name="T1">도구 - 옵션 - 텍스트 문서</text:span> 매뉴 - <text:span text:style-name="T1">일반</text:span></help:to-popup>탭</text:p>
  <text:p text:style-name="Paragraph"><help:to-popup Eid="einfuegenbeschriftung"><text:span text:style-name="T1">도구 - 옵션 - 텍스트 문서</text:span> 메뉴 - <text:span text:style-name="T1">일반 - 개체 선택 - 버튼 ...</text:span></help:to-popup>탭</text:p>
  <text:p text:style-name="Paragraph"><help:to-popup Eid="layout"><text:span text:style-name="T1">도구 - 옵션 - 텍스트 문서/HTML 문서 </text:span><text:s/>메뉴 - <text:s/><text:span text:style-name="T1">보기</text:span></help:to-popup>탭</text:p>
  <text:p text:style-name="Paragraph"><help:to-popup Eid="registerschattencursor"><text:span text:style-name="T1">도구 - 옵션 - 텍스트 문서/HTML 문서</text:span> 메뉴 - <text:s/><text:span text:style-name="T1">서식 지정 도움말</text:span></help:to-popup>탭</text:p>
  <text:p text:style-name="Paragraph"><help:to-popup Eid="raster"><text:span text:style-name="T1">도구 - 옵션 - 텍스트 문서/스프레드시트 문서/HTML 문서 메뉴 - 괘선 탭</text:span></help:to-popup></text:p>
  <help:to-popup Eid="grundschriften">
  <text:p text:style-name="Paragraph"><text:span text:style-name="T1">도구 - 옵션 - 텍스트 문서</text:span> 메뉴 - <text:span text:style-name="T1">기본 글꼴(서양)</text:span> 탭</text:p>
  <text:p text:style-name="Paragraph"><text:span text:style-name="T1">도구 - 옵션 - 텍스트 문서</text:span> 메뉴 - <text:span text:style-name="T1">기본 글꼴(아시아)</text:span> 탭(아시아권 언어 지원 옵션이 선택된 경우)</text:p>
  </help:to-popup>
  <text:p text:style-name="Paragraph"><help:to-popup Eid="drucken1"><text:span text:style-name="T1">도구 - 옵션 - 텍스트 문서/HTML 문서/스프레드시트 문서 </text:span>메뉴 - <text:span text:style-name="T1">인쇄</text:span></help:to-popup>탭</text:p>
  <text:p text:style-name="Paragraph"><help:to-popup Eid="registertabelle"><text:span text:style-name="T1">도구 - 옵션 - 텍스트 문서/HTML 문서 </text:span>메뉴 - <text:span text:style-name="T1"><text:s/>표</text:span></help:to-popup>탭</text:p>
  <text:p text:style-name="Paragraph"><help:to-popup Eid="registeraenderungen"><text:span text:style-name="T1">도구 - 옵션 - 텍스트 문서 </text:span>메뉴 - <text:span text:style-name="T1">변경</text:span></help:to-popup>탭</text:p>
  <text:p text:style-name="Paragraph"><help:to-popup Eid="webbrowser1"><text:span text:style-name="T1">도구 - 옵션 - HTML 문서 </text:span></help:to-popup>메뉴</text:p>
  <text:p text:style-name="Paragraph"><help:to-popup Eid="hinter"><text:span text:style-name="T1">도구 - 옵션 - HTML 문서 - 배경 탭 </text:span></help:to-popup>메뉴</text:p>
  <text:p text:style-name="Paragraph"><help:to-popup Eid="tabellendokument"><text:span text:style-name="T1"> 도구 - 옵션 - 스프레드시트 문서 </text:span></help:to-popup>메뉴</text:p>
  <text:p text:style-name="Paragraph"><help:to-popup Eid="tabelleeingabe"><text:span text:style-name="T1">도구 - 옵션 - 스프레드시트 문서 메뉴 - 일반 탭</text:span></help:to-popup></text:p>
  <text:p text:style-name="Paragraph"><help:to-popup Eid="tabelleinhalte"><text:span text:style-name="T1">도구 - 옵션 - 스프레드시트 문서 메뉴 - 보기 탭</text:span></help:to-popup></text:p>
  <text:p text:style-name="Paragraph"><help:to-popup Eid="international"><text:span text:style-name="T1">도구 - 옵션 - 스프레드시트 문서 - 전세계</text:span> 메뉴</help:to-popup></text:p>
  <text:p text:style-name="Paragraph"><help:to-popup Eid="exopbe"><text:span text:style-name="T1">도구 - 옵션 - 스프레드시트 문서 </text:span>메뉴 - <text:span text:style-name="T1"><text:s/>계산</text:span></help:to-popup>탭</text:p>
  <text:p text:style-name="Paragraph"><help:to-popup Eid="exopso"><text:span text:style-name="T1">도구 - 옵션 - 스프레드시트 문서 </text:span>메뉴 - <text:span text:style-name="T1"><text:s/>맞춤 목록</text:span></help:to-popup>탭</text:p>
  <text:p text:style-name="Paragraph"><help:to-popup Eid="listekopieren"><text:span text:style-name="T1"> 도구 - 옵션 - 스프레드시트 문서 </text:span>메뉴 - <text:span text:style-name="T1"><text:s/>맞춤 목록 - 복사</text:span></help:to-popup>탭</text:p>
  <text:p text:style-name="Paragraph"><help:to-popup Eid="exopaen"><text:span text:style-name="T1">도구 - 옵션 - 스프레드시트 문서 </text:span>메뉴 - <text:span text:style-name="T1"><text:s/>변경 </text:span></help:to-popup>탭</text:p>
  <text:p text:style-name="Paragraph"><help:to-popup Eid="etotall"><text:span text:style-name="T1">도구 - 옵션 - 프리젠테이션</text:span></help:to-popup> 메뉴</text:p>
  <text:p text:style-name="Paragraph"><help:to-popup Eid="etopsonstiges"><text:span text:style-name="T1"> 도구 - 옵션 - 프리젠테이션/그리기 메뉴 - 일반 탭</text:span></help:to-popup></text:p>
  <text:p text:style-name="Paragraph"><help:to-popup Eid="etopas"><text:span text:style-name="T1"> 도구 - 옵션 - 프리젠테이션/그리기 메뉴 - 보기 탭</text:span></help:to-popup></text:p>
  <text:p text:style-name="Paragraph"><help:to-popup Eid="etopfe"><text:span text:style-name="T1">도구 - 옵션 - 프리젠테이션/그리기 메뉴 - 괘선 탭</text:span></help:to-popup></text:p>
  <text:p text:style-name="Paragraph"><help:to-popup Eid="etopdk"><text:span text:style-name="T1">도구 - 옵션 - 프리젠테이션/그리기 메뉴 - 인쇄 탭</text:span></help:to-popup></text:p>
  <text:p text:style-name="Paragraph"><help:to-popup Eid="etotallz"><text:span text:style-name="T1">도구 - 옵션 - 그리기</text:span></help:to-popup> 메뉴</text:p>
  <text:p text:style-name="Paragraph"><help:to-popup Eid="etsodr"><text:span text:style-name="T1"> 도구 - 옵션 - 수식</text:span></help:to-popup> 메뉴</text:p>
  <text:p text:style-name="Paragraph"><help:to-popup Eid="formeinst"><text:span text:style-name="T1"> 도구 - 옵션 - 수식</text:span> 메뉴 - <text:span text:style-name="T1">설정</text:span></help:to-popup>탭</text:p>
  <text:p text:style-name="Paragraph"><help:to-popup Eid="diagrfarbe"><text:span text:style-name="T1"> 도구 - 옵션 - 차트</text:span></help:to-popup>메뉴</text:p>
  <text:p text:style-name="Paragraph"><help:to-popup Eid="diagrgfarbe"><text:span text:style-name="T1"> 도구 - 옵션 - 차트</text:span>메뉴 - <text:span text:style-name="T1">기본 색</text:span></help:to-popup>탭</text:p>
  <text:p text:style-name="Paragraph"><help:to-popup Eid="datenqu"><text:span text:style-name="T1"> 도구 - 옵션 - 데이터 소스</text:span></help:to-popup> 메뉴</text:p>
  <text:p text:style-name="Paragraph"><help:to-popup Eid="verbindungen"><text:span text:style-name="T1"> 도구 - 옵션 - 데이터 소스 메뉴 - 연결 탭</text:span></help:to-popup></text:p>
 </office:body>
</office:document>
