

<office:document  xmlns:office="http://openoffice.org/2000/office" xmlns:style="http://openoffice.org/2000/style" xmlns:text="http://openoffice.org/2000/text" xmlns:table="http://openoffice.org/2000/table" xmlns:draw="http://openoffice.org/2000/drawing" xmlns:fo="http://www.w3.org/1999/XSL/Format" xmlns:xlink="http://www.w3.org/1999/xlink" xmlns:number="http://openoffice.org/2000/datastyle" xmlns:svg="http://www.w3.org/2000/svg" xmlns:chart="http://openoffice.org/2000/chart" xmlns:dr3d="http://openoffice.org/2000/dr3d" xmlns:math="http://www.w3.org/1998/Math/MathML" xmlns:form="http://openoffice.org/2000/form" xmlns:script="http://openoffice.org/2000/script" office:class="text" office:version="1.0" xmlns:dc="http://purl.org/dc/elements/1.1/" xmlns:meta="http://openoffice.org/2000/meta" xmlns:help="http://openoffice.org/2000/help">
<office:meta>
  <dc:description>text/common/00/01050000</dc:description>
  <dc:subject>일반</dc:subject>
  <meta:keywords>
   <meta:keyword>$Version</meta:keyword>
  </meta:keywords>
  <dc:language>ko-KR</dc:language>
  <meta:user-defined meta:name="Info 0">READY</meta:user-defined>
  <meta:user-defined meta:name="Info 1">FREE_OK</meta:user-defined>
  <meta:user-defined meta:name="Info 2"/>
  <meta:user-defined meta:name="Info 3"/>
</office:meta>
 <office:script/>
 <office:font-decls>
  <style:font-decl style:name="StarSymbol" fo:font-family="StarSymbol" style:font-charset="x-symbol"/>
  <style:font-decl style:name="Courier New" fo:font-family="&apos;Courier New&apos;" style:font-style-name="Standard" style:font-family-generic="modern" style:font-pitch="fixed"/>
  <style:font-decl style:name="Courier" fo:font-family="Courier" style:font-family-generic="roman" style:font-pitch="fixed"/>
  <style:font-decl style:name="Andale WT UI3" fo:font-family="&apos;Andale WT UI&apos;" style:font-pitch="variable"/>
  <style:font-decl style:name="Arial Unicode MS" fo:font-family="&apos;Arial Unicode MS&apos;" style:font-pitch="variable"/>
  <style:font-decl style:name="HG Mincho Light J" fo:font-family="&apos;HG Mincho Light J&apos;" style:font-pitch="variable"/>
  <style:font-decl style:name="Andale WT UI" fo:font-family="&apos;Andale WT UI&apos;" style:font-style-name="Fett" style:font-family-generic="roman" style:font-pitch="variable"/>
  <style:font-decl style:name="Andale WT UI1" fo:font-family="&apos;Andale WT UI&apos;" style:font-style-name="Standard" style:font-family-generic="roman" style:font-pitch="variable"/>
  <style:font-decl style:name="Thorndale" fo:font-family="Thorndale" style:font-family-generic="roman" style:font-pitch="variable"/>
  <style:font-decl style:name="Times New Roman" fo:font-family="&apos;Times New Roman&apos;" style:font-style-name="Fett" style:font-family-generic="roman" style:font-pitch="variable"/>
  <style:font-decl style:name="Andale WT UI2" fo:font-family="&apos;Andale WT UI&apos;" style:font-family-generic="swiss" style:font-pitch="variable"/>
 </office:font-decls>
 <office:automatic-styles>
  <style:style style:name="Tabelle1" style:family="table">
   <style:properties style:width="18cm" table:align="margins"/>
  </style:style>
  <style:style style:name="Tabelle1.A" style:family="table-column">
   <style:properties style:column-width="1.499cm" style:rel-column-width="5460*"/>
  </style:style>
  <style:style style:name="Tabelle1.B" style:family="table-column">
   <style:properties style:column-width="16.501cm" style:rel-column-width="60075*"/>
  </style:style>
  <style:style style:name="Tabelle1.1" style:family="table-row">
   <style:properties style:min-row-height="0.848cm"/>
  </style:style>
  <style:style style:name="Tabelle1.A1" style:family="table-cell">
   <style:properties fo:padding="0cm" fo:border="none"/>
  </style:style>
  <style:style style:name="Tabelle2" style:family="table">
   <style:properties style:width="18cm" table:align="margins"/>
  </style:style>
  <style:style style:name="Tabelle2.A" style:family="table-column">
   <style:properties style:column-width="1.499cm" style:rel-column-width="5460*"/>
  </style:style>
  <style:style style:name="Tabelle2.B" style:family="table-column">
   <style:properties style:column-width="16.501cm" style:rel-column-width="60075*"/>
  </style:style>
  <style:style style:name="Tabelle2.1" style:family="table-row">
   <style:properties style:min-row-height="0.848cm"/>
  </style:style>
  <style:style style:name="Tabelle2.A1" style:family="table-cell">
   <style:properties fo:padding="0cm" fo:border="none"/>
  </style:style>
  <style:style style:name="P1" style:family="paragraph" style:parent-style-name="Paragraph" style:master-page-name="HTML">
   <style:properties style:page-number="0"/>
  </style:style>
  <style:style style:name="fr1" style:family="graphics" style:parent-style-name="Graphics">
   <style:properties fo:margin-left="0cm" fo:margin-right="0cm" fo:margin-top="0cm" fo:margin-bottom="0cm" style:run-through="foreground" style:wrap="run-through" style:vertical-pos="middle" style:vertical-rel="paragraph" style:horizontal-pos="left" style:horizontal-rel="paragraph" style:mirror="none" fo:clip="rect(0cm 0cm 0cm 0cm)" draw:luminance="0%" draw:contrast="0%" draw:red="0%" draw:green="0%" draw:blue="0%" draw:gamma="1" draw:color-inversion="false" draw:transparency="-100%" draw:color-mode="standard"/>
  </style:style>
 </office:automatic-styles>
 <office:body>
  <text:variable-decls>
   <text:variable-decl text:value-type="string" text:name="HTML_ON"/>
   <text:variable-decl text:value-type="string" text:name="HTML_OFF"/>
   <text:variable-decl text:value-type="string" text:name="TITEL"/>
   <text:variable-decl text:value-type="string" text:name="END"/>
   <text:variable-decl text:value-type="string" text:name="NAME"/>
   <text:variable-decl text:value-type="string" text:name="HREF"/>
   <text:variable-decl text:value-type="string" text:name="HelpID"/>
   <text:variable-decl text:value-type="string" text:name="MODIFY"/>
   <text:variable-decl text:value-type="string" text:name="REFNR"/>
   <text:variable-decl text:value-type="string" text:name="OS2"/>
   <text:variable-decl text:value-type="string" text:name="ELSE"/>
   <text:variable-decl text:value-type="string" text:name="MAC"/>
   <text:variable-decl text:value-type="string" text:name="AKTHLP"/>
   <text:variable-decl text:value-type="string" text:name="INDEX"/>
   <text:variable-decl text:value-type="string" text:name="KEY"/>
   <text:variable-decl text:value-type="string" text:name="STYLE"/>
  </text:variable-decls>
  <text:sequence-decls>
   <text:sequence-decl text:display-outline-level="0" text:name="Illustration"/>
   <text:sequence-decl text:display-outline-level="0" text:name="Table"/>
   <text:sequence-decl text:display-outline-level="0" text:name="Text"/>
   <text:sequence-decl text:display-outline-level="0" text:name="Drawing"/>
  </text:sequence-decls>
  <help:to-be-embedded Eid="allgemein">
  <text:p text:style-name="Head 1"><help:help-id value="SVX_TABPAGE_RID_SVXTABPAGE_GALLERY_GENERAL"/><help:link Id="68627">일반</help:link></text:p>
  <text:p text:style-name="Paragraph"><help:help-text value="visible">[일반] 탭 페이지는 현재 개체의 일반적인 등록 정보를 나열합니다.</help:help-text> 일반적인 정보는 개체의 이름과 기타 관련된 정보로 구성됩니다.</text:p>
  </help:to-be-embedded>
  <help:popup Id="67813" Eid="allgemein"><help:embedded Id="65598" Eid="wie"></help:embedded></help:popup>
  <table:table table:name="Tabelle1" table:style-name="Tabelle1">
   <table:table-column table:style-name="Tabelle1.A"/>
   <table:table-column table:style-name="Tabelle1.B"/>
   <table:table-header-rows>
    <table:table-row table:style-name="Tabelle1.1">
     <table:table-cell table:style-name="Tabelle1.A1" table:value-type="string">
      <text:p text:style-name="Paragraph"><draw:image draw:name="아이콘0" svg:desc="참고 아이콘" svg:pixelx="32" svg:pixely="32" svg:width="0.847cm" svg:height="0.847cm" xlink:href="65980" draw:filter-name=""/></text:p>

     </table:table-cell>
     <table:table-cell table:style-name="Tabelle1.A1" table:value-type="string">
      <text:p text:style-name="Paragraph">[일반] 탭의 구조는 활성화된 개체에 따라 다릅니다. 특수 개체에 대한 정보 또는 내용만 적용됩니다.</text:p>
     </table:table-cell>
    </table:table-row>
   </table:table-header-rows>
  </table:table>
  <text:p text:style-name="Head 2"><help:help-id value="SVX_EDIT_RID_SVXTABPAGE_GALLERY_GENERAL_EDT_MS_NAME"/>이름</text:p>
  <text:p text:style-name="Paragraph"><help:help-text value="visible">개체에 대해 표시되는 이름이 텍스트 상자에 표시됩니다.</help:help-text> 이름을 지정하지 않은 경우에는 여기에 새 이름을 입력합니다. 일부 개체에 대해서는 기존 이름을 수정할 수도 있습니다.</text:p>
  <text:p text:style-name="Paragraph"><help:key-word value="데이터베이스; 이름" tag="kw68627_1"/>데이터베이스를 만들 때 <help:productname>%PRODUCTNAME</help:productname>에 데이터베이스를 등록할 이름을 입력합니다. 어떠한 이름이라도 입력할 수 있지만 /, \, ?, #와 같은 특정 문자는 허용되지 않으며 입력하는 경우에는 무시됩니다. 파일 시스템의 운영 체제별 특정 제한만이 적용됩니다.</text:p>
  <table:table table:name="Tabelle2" table:style-name="Tabelle2">
   <table:table-column table:style-name="Tabelle2.A"/>
   <table:table-column table:style-name="Tabelle2.B"/>
   <table:table-header-rows>
    <table:table-row table:style-name="Tabelle2.1">
     <table:table-cell table:style-name="Tabelle2.A1" table:value-type="string">
      <text:p text:style-name="Paragraph"><draw:image draw:name="아이콘1" svg:desc="참고 아이콘" svg:pixelx="32" svg:pixely="32" svg:width="0.847cm" svg:height="0.847cm" xlink:href="65980" draw:filter-name=""/></text:p>

     </table:table-cell>
     <table:table-cell table:style-name="Tabelle2.A1" table:value-type="string">
      <text:p text:style-name="Paragraph">네트워크에서 작업할 경우 로컬 데이터베이스 이름이 네트워크 드라이브의 데이터베이스 이름과 동일해서는 안됩니다. 예를 들어 네트워크 드라이브에 있는 데이터베이스에 대하여 새로운 양식을 만들려면 사용자의 로컬 하드 디스크에 동일한 이름의 데이터베이스가 없을 경우에만 <help:productname>%PRODUCTNAME</help:productname>가 이 데이터베이스에 대한 참조를 만들 수 있습니다.</text:p>
     </table:table-cell>
    </table:table-row>
   </table:table-header-rows>
  </table:table>
  <text:p text:style-name="Head 2">읽기 전용</text:p>
  <text:p text:style-name="Paragraph"><help:help-text value="visible">문서를 편집하지 못하도록 하려면 [읽기 전용] 확인란을 선택합니다.</help:help-text> 읽기 전용 파일을 덮어쓰거나 편집하려면 선택을 해제합니다. [읽기 전용] 확인란은 파일의 등록 정보를 볼 때 표시됩니다. 이 상자는 열려 있는 문서의 등록 정보 대화 상자에는 표시되지 않습니다.</text:p>
  <text:p text:style-name="Head 3">추가 정보</text:p>
  <text:p text:style-name="Paragraph">이 페이지의 추가 정보는 [표시] 컨텍스트 메뉴를 사용하여 제어할 수 있습니다. 추가 정보의 표시는 숨기거나 일부 문서의 등록 정보로 제한하거나 포함할 수 있습니다. 폴더, 데이터베이스 또는 기타 개체의 선택 여부에 상관 없이 모든 정보를 표시합니다.</text:p>
  <text:p text:style-name="Head 3">유형</text:p>
  <text:p text:style-name="Paragraph">개체 유형을 지정합니다. 여기에는 파일, 링크 또는 특수한 데이터베이스가 포함됩니다. 추가 항목은 유형에 따라 다릅니다.</text:p>
  <text:p text:style-name="Head 3">위치</text:p>
  <text:p text:style-name="Paragraph">여기서는 개체의 전체 경로를 볼 수 있습니다.</text:p>
  <text:p text:style-name="Head 3">크기</text:p>
  <text:p text:style-name="Paragraph">여기서는 개체의 크기가 Byte나 KB, MB로 표시됩니다.</text:p>
  <text:p text:style-name="Head 3">개수</text:p>
  <text:p text:style-name="Paragraph">선택한 폴더의 파일 및 폴더 수가 표시됩니다. 갤러리를 선택한 경우에는 주제의 수가 표시됩니다.</text:p>
  <text:p text:style-name="Head 3">작성일자</text:p>
  <text:p text:style-name="Paragraph">개체를 처음 만든 날짜와 시간이 표시됩니다. 개체를 만든 사람의 이름도 함께 표시됩니다.</text:p>
  <text:p text:style-name="Head 3">변경일자</text:p>
  <text:p text:style-name="Paragraph">마지막으로 문서를 저장한 날짜와 시간이 바뀝니다. 바꾼 사람의 이름도 함께 표시됩니다.</text:p>
  <text:p text:style-name="Head 3">인쇄 일자:</text:p>
  <text:p text:style-name="Paragraph">마지막으로 인쇄된 날짜와 시간을 여기에서 볼 수 있습니다.</text:p>
  <text:p text:style-name="Head 3">버전:</text:p>
  <text:p text:style-name="Paragraph">문서의 버전 번호가 여기에 표시됩니다.</text:p>
  <text:p text:style-name="Head 3">템플릿:</text:p>
  <text:p text:style-name="Paragraph">문서 템플릿을 사용했을 경우 여기에 템플릿의 이름이 표시됩니다.</text:p>
  <text:p text:style-name="Head 3">편집됨:</text:p>
  <text:p text:style-name="Paragraph">지금까지의 전체 편집 시간이 여기에 표시됩니다.</text:p>
 </office:body>
</office:document>
