

<office:document  xmlns:office="http://openoffice.org/2000/office" xmlns:style="http://openoffice.org/2000/style" xmlns:text="http://openoffice.org/2000/text" xmlns:table="http://openoffice.org/2000/table" xmlns:draw="http://openoffice.org/2000/drawing" xmlns:fo="http://www.w3.org/1999/XSL/Format" xmlns:xlink="http://www.w3.org/1999/xlink" xmlns:number="http://openoffice.org/2000/datastyle" xmlns:svg="http://www.w3.org/2000/svg" xmlns:chart="http://openoffice.org/2000/chart" xmlns:dr3d="http://openoffice.org/2000/dr3d" xmlns:math="http://www.w3.org/1998/Math/MathML" xmlns:form="http://openoffice.org/2000/form" xmlns:script="http://openoffice.org/2000/script" office:class="text" office:version="1.0" xmlns:dc="http://purl.org/dc/elements/1.1/" xmlns:meta="http://openoffice.org/2000/meta" xmlns:help="http://openoffice.org/2000/help">
<office:meta>
  <dc:description>text/common/02/01170203</dc:description>
  <dc:subject>Daten</dc:subject>

  <dc:language>de-DE</dc:language>
  <meta:user-defined meta:name="Info 0">READY</meta:user-defined>
  <meta:user-defined meta:name="Info 1">FREE_OK</meta:user-defined>
  <meta:user-defined meta:name="Info 2"/>
  <meta:user-defined meta:name="Info 3"/>
</office:meta>
 <office:script/>
 <office:font-decls>
  <style:font-decl style:name="StarSymbol" fo:font-family="StarSymbol" style:font-charset="x-symbol"/>
  <style:font-decl style:name="Courier New" fo:font-family="&apos;Courier New&apos;" style:font-style-name="Standard" style:font-family-generic="modern" style:font-pitch="fixed"/>
  <style:font-decl style:name="Courier" fo:font-family="Courier" style:font-family-generic="roman" style:font-pitch="fixed"/>
  <style:font-decl style:name="Arial Unicode MS" fo:font-family="&apos;Arial Unicode MS&apos;" style:font-pitch="variable"/>
  <style:font-decl style:name="HG Mincho Light J" fo:font-family="&apos;HG Mincho Light J&apos;" style:font-pitch="variable"/>
  <style:font-decl style:name="Times New Roman3" fo:font-family="&apos;Times New Roman&apos;" style:font-pitch="variable"/>
  <style:font-decl style:name="Thorndale" fo:font-family="Thorndale" style:font-family-generic="roman" style:font-pitch="variable"/>
  <style:font-decl style:name="Times New Roman2" fo:font-family="&apos;Times New Roman&apos;" style:font-style-name="Fett" style:font-family-generic="roman" style:font-pitch="variable"/>
  <style:font-decl style:name="Times New Roman" fo:font-family="&apos;Times New Roman&apos;" style:font-style-name="Standard" style:font-family-generic="roman" style:font-pitch="variable"/>
  <style:font-decl style:name="Times New Roman1" fo:font-family="&apos;Times New Roman&apos;" style:font-family-generic="swiss" style:font-pitch="variable"/>
 </office:font-decls>
 <office:automatic-styles>
  <style:style style:name="Tabelle2" style:family="table">
   <style:properties style:width="18cm" table:align="margins"/>
  </style:style>
  <style:style style:name="Tabelle2.A" style:family="table-column">
   <style:properties style:column-width="1.499cm" style:rel-column-width="850*"/>
  </style:style>
  <style:style style:name="Tabelle2.B" style:family="table-column">
   <style:properties style:column-width="16.498cm" style:rel-column-width="9352*"/>
  </style:style>
  <style:style style:name="Tabelle2.1" style:family="table-row">
   <style:properties style:min-row-height="0.848cm"/>
  </style:style>
  <style:style style:name="Tabelle2.A1" style:family="table-cell">
   <style:properties fo:padding="0cm" fo:border="none"/>
  </style:style>
  <style:style style:name="Tabelle1" style:family="table">
   <style:properties style:width="18cm" table:align="margins"/>
  </style:style>
  <style:style style:name="Tabelle1.A" style:family="table-column">
   <style:properties style:column-width="1.499cm" style:rel-column-width="850*"/>
  </style:style>
  <style:style style:name="Tabelle1.B" style:family="table-column">
   <style:properties style:column-width="16.498cm" style:rel-column-width="9352*"/>
  </style:style>
  <style:style style:name="Tabelle1.1" style:family="table-row">
   <style:properties style:min-row-height="0.848cm"/>
  </style:style>
  <style:style style:name="Tabelle1.A1" style:family="table-cell">
   <style:properties fo:padding="0cm" fo:border="none"/>
  </style:style>
  <style:style style:name="Tabelle3" style:family="table">
   <style:properties style:width="17.995cm" fo:margin-left="0cm" fo:margin-right="0.005cm" table:align="margins"/>
  </style:style>
  <style:style style:name="Tabelle3.A" style:family="table-column">
   <style:properties style:column-width="3.916cm" style:rel-column-width="2220*"/>
  </style:style>
  <style:style style:name="Tabelle3.B" style:family="table-column">
   <style:properties style:column-width="14.074cm" style:rel-column-width="7978*"/>
  </style:style>
  <style:style style:name="Tabelle3.A1" style:family="table-cell">
   <style:properties fo:padding="0.049cm" fo:border-left="0.002cm solid #000000" fo:border-right="none" fo:border-top="0.002cm solid #000000" fo:border-bottom="0.002cm solid #000000"/>
  </style:style>
  <style:style style:name="Tabelle3.B1" style:family="table-cell">
   <style:properties fo:padding="0.049cm" fo:border="0.002cm solid #000000"/>
  </style:style>
  <style:style style:name="Tabelle3.A2" style:family="table-cell">
   <style:properties fo:padding="0.049cm" fo:border-left="0.002cm solid #000000" fo:border-right="none" fo:border-top="none" fo:border-bottom="0.002cm solid #000000"/>
  </style:style>
  <style:style style:name="Tabelle3.B2" style:family="table-cell">
   <style:properties fo:padding="0.049cm" fo:border-left="0.002cm solid #000000" fo:border-right="0.002cm solid #000000" fo:border-top="none" fo:border-bottom="0.002cm solid #000000"/>
  </style:style>
  <style:style style:name="P1" style:family="paragraph" style:parent-style-name="Paragraph" style:master-page-name="HTML">
   <style:properties style:page-number="0"/>
  </style:style>
  <style:style style:name="T1" style:family="text">
   <style:properties fo:font-weight="bold"/>
  </style:style>
  <style:style style:name="fr1" style:family="graphics" style:parent-style-name="Graphics">
   <style:properties fo:margin-left="0cm" fo:margin-right="0cm" fo:margin-top="0cm" fo:margin-bottom="0cm" style:run-through="foreground" style:wrap="run-through" style:vertical-pos="middle" style:vertical-rel="paragraph" style:horizontal-pos="left" style:horizontal-rel="paragraph" style:mirror="none" fo:clip="rect(0cm 0cm 0cm 0cm)" draw:luminance="0%" draw:contrast="0%" draw:red="0%" draw:green="0%" draw:blue="0%" draw:gamma="1" draw:color-inversion="false" draw:transparency="-100%" draw:color-mode="standard"/>
  </style:style>
 </office:automatic-styles>
 <office:body>
  <text:variable-decls>
   <text:variable-decl text:value-type="string" text:name="HTML_ON"/>
   <text:variable-decl text:value-type="string" text:name="HTML_OFF"/>
   <text:variable-decl text:value-type="string" text:name="TITEL"/>
   <text:variable-decl text:value-type="string" text:name="END"/>
   <text:variable-decl text:value-type="string" text:name="HelpID"/>
   <text:variable-decl text:value-type="string" text:name="NAME"/>
   <text:variable-decl text:value-type="string" text:name="HREF"/>
   <text:variable-decl text:value-type="string" text:name="MODIFY"/>
   <text:variable-decl text:value-type="string" text:name="REFNR"/>
   <text:variable-decl text:value-type="string" text:name="OS2"/>
   <text:variable-decl text:value-type="string" text:name="ELSE"/>
   <text:variable-decl text:value-type="string" text:name="INDEX"/>
   <text:variable-decl text:value-type="string" text:name="KEY"/>
   <text:variable-decl text:value-type="string" text:name="AKTHLP"/>
   <text:variable-decl text:value-type="string" text:name="WIN"/>
   <text:variable-decl text:value-type="string" text:name="MAC"/>
   <text:variable-decl text:value-type="string" text:name="STYLE"/>
  </text:variable-decls>
  <text:sequence-decls>
   <text:sequence-decl text:display-outline-level="0" text:name="Illustration"/>
   <text:sequence-decl text:display-outline-level="0" text:name="Table"/>
   <text:sequence-decl text:display-outline-level="0" text:name="Text"/>
   <text:sequence-decl text:display-outline-level="0" text:name="Drawing"/>
  </text:sequence-decls>
  <help:to-be-embedded Eid="daten">
  <text:p text:style-name="Head 1"><help:key-word value="Formular; Daten" tag="kw65955_1"/><help:key-word value="Daten; Formular" tag="kw65955_4"/><help:key-word value="Formular; Unterformular" tag="kw65955_3"/><help:key-word value="Unterformular; Formular" tag="kw65955_2"/><help:link Id="65955">Daten</help:link></text:p>
  <text:p text:style-name="Paragraph">Im Register <text:span text:style-name="T1">Daten</text:span> sind die Formular-Eigenschaften definiert, die sich auf die mit dem Formular verknüpfte Datenbank beziehen.</text:p>
  </help:to-be-embedded>
  <text:p text:style-name="Paragraph">Hier geben Sie die als Grundlage für das Formular dienende Datenquelle an oder entscheiden, ob die Daten vom Benutzer geändert werden dürfen. Neben den Sortier- und Filterfunktionen stehen hier auch sämtliche zum Erstellen von <help:link Id="65955" Eid="unterformular">Unterformularen</help:link> erforderlichen Eigenschaften zur Verfügung.</text:p>
  <help:popup Id="65594" Eid="formulareigenschaftendaten"><help:embedded Id="65598" Eid="wie"></help:embedded></help:popup>
  <table:table table:name="Tabelle2" table:style-name="Tabelle2">
   <table:table-column table:style-name="Tabelle2.A"/>
   <table:table-column table:style-name="Tabelle2.B"/>
   <table:table-header-rows>
    <table:table-row table:style-name="Tabelle2.1">
     <table:table-cell table:style-name="Tabelle2.A1" table:value-type="string">
      <text:p text:style-name="Paragraph"><draw:image draw:name="Symbol0" svg:desc="Symbol für Hinweise" svg:pixelx="32" svg:pixely="32" svg:width="0.847cm" svg:height="0.847cm" xlink:href="65980" draw:filter-name=""/></text:p>

     </table:table-cell>
     <table:table-cell table:style-name="Tabelle2.A1" table:value-type="string">
      <text:p text:style-name="Paragraph">Wenn dem Formular ein SQL-Statement zugrundeliegt (siehe Eigenschaft <text:span text:style-name="T1">Datenquelle</text:span>), dann stehen die Filter- und Sortierfunktionen nur zur Verfügung, wenn sich das SQL-Statement nur auf eine Tabelle bezieht und es zudem nicht im Native-SQL der Datenbank geschrieben ist.</text:p>
     </table:table-cell>
    </table:table-row>
   </table:table-header-rows>
  </table:table>
  <text:p text:style-name="Head 2"><help:help-id value="HID_PROP_DATASOURCE"/>Datenbank</text:p>
  <text:p text:style-name="Paragraph"><help:help-text value="visible">Hier geben Sie die Datenbank an, auf die sich das Formular bezieht.</help:help-text> Wenn Sie auf die Schaltfläche <text:span text:style-name="T1">...</text:span> klicken, wird der Dialog <help:link Id="65703"><text:span text:style-name="T1">Öffnen</text:span></help:link> angezeigt, in dem Sie eine Datenbank wählen können.</text:p>
  <text:p text:style-name="Head 2"><help:help-id value="HID_PROP_CURSORSOURCE"/><a name="datenquelle"/>Datenquelle</text:p>
  <text:p text:style-name="Paragraph"><help:help-text value="visible">Bestimmt die Datenquelle für das Formular. Bei der Datenquelle kann es sich um eine bereits in der Datenbank angelegte Tabelle oder Abfrage handeln, oder Sie können eine Datenquelle durch einen SQL-Ausdruck definieren. Bevor Sie eine Datenquelle eingeben, müssen Sie mit <text:span text:style-name="T1">Art des Inhaltes</text:span> den genauen Typ festlegen.</help:help-text></text:p>
  <text:p text:style-name="Paragraph">Wenn Sie als <text:span text:style-name="T1">Art des Inhaltes</text:span> entweder &quot;Tabelle&quot; oder &quot;Abfrage&quot; auswählen, werden hier alle Datenquellen der entsprechenden Art aufgeführt, d. h. sämtliche in der Datenbank eingerichteten Tabellen und Abfragen. Soll sich das Formular auf eine Abfrage beziehen, so müssen Sie zunächst die Option &quot;Abfrage&quot; als Art des Datenquelleninhalts auswählen.</text:p>
  <text:p text:style-name="Paragraph">Im Feld <text:span text:style-name="T1">Datenquelle</text:span> können Sie auch ein SQL-Statement eingeben, wenn Sie unter <text:span text:style-name="T1">Art der Datenquelle</text:span> die Option &quot;SQL&quot; gewählt haben. Dieses Statement dient zum Erstellen einer SQL-Abfrage, auf deren Grundlage das Formular generiert werden soll, oder zur Definition eines <help:link Id="65955" Eid="unterformular">Unterformulars</help:link>.</text:p>
  <text:p text:style-name="Head 2"><help:help-id value="HID_PROP_CURSORSOURCETYPE"/>Art der Datenquelle</text:p>
  <text:p text:style-name="Paragraph"><help:help-text value="visible">Hier bestimmen Sie, ob eine vorhandene Datenbanktabelle oder -abfrage als Datenquelle verwendet werden oder das Formular auf einem SQL-Ausdruck aufbauen soll.</help:help-text></text:p>
  <text:p text:style-name="Paragraph">Wenn Sie &quot;Tabelle&quot; oder &quot;Abfrage&quot; wählen, dann bezieht sich das Formular auf die bestehende Tabelle oder Abfrage, die Sie unter <text:span text:style-name="T1">Datenquelle</text:span> angeben. Wenn Sie eine neue Abfrage erstellen oder ein <help:link Id="65955" Eid="unterformular">Unterformular anlegen</help:link> möchten, dann müssen Sie die Option &quot;SQL&quot; wählen. Sie können dann das Statement für die SQL-Abfrage oder das Unterformular direkt in das Feld <text:span text:style-name="T1">Datenquelle</text:span> eingeben. Das Formular wird dann auf Grundlage des angegebenen Statements generiert.</text:p>
  <text:p text:style-name="Head 2"><help:help-id value="HID_PROP_ESCAPE_PROCESSING"/>SQL Befehl analysieren</text:p>
  <text:p text:style-name="Paragraph"><help:help-text value="visible">Wenn Sie <text:s/>die Option &quot;SQL-Befehl&quot; gewählt haben, geben Sie hier an, ob dieser SQL-Ausdruck analysiert werden soll (ja).</help:help-text></text:p>
  <text:p text:style-name="Head 2"><help:help-id value="HID_PROP_FILTER_CRITERIA"/><a name="filter"/>Filter</text:p>
  <text:p text:style-name="Paragraph"><help:help-text value="visible">Geben Sie die benötigten Kriterien zum Filtern der Daten im Formular an. Die Definition des Filters erfolgt nach SQL-Regeln ohne Verwendung der WHERE-Klausel.</help:help-text> Sollen beispielsweise alle Datensätze mit dem Vornamen &quot;Michael&quot; angezeigt werden, dann geben Sie Vorname = &apos;Michael&apos; in das Datenfeld ein. Auch Kombinationen mehrerer Kriterien sind möglich: Vorname = Michael OR Vorname = Peter. Es werden dann alle Datensätze angezeigt, die beide Kriterien erfüllen.</text:p>
  <text:p text:style-name="Paragraph">Auf die Filterfunktion kann im Benutzermodus über die Symbole <help:link Id="65981"><text:span text:style-name="T1">AutoFilter</text:span></help:link> und <help:link Id="65999"><text:span text:style-name="T1">Standardfilter</text:span></help:link> in der <help:link Id="65578"><text:span text:style-name="T1">Formularleiste</text:span></help:link> zugegriffen werden.</text:p>
  <text:p text:style-name="Head 2"><help:help-id value="HID_PROP_SORT_CRITERIA"/><a name="sortierung"/>Sortierung</text:p>
  <text:p text:style-name="Paragraph"><help:help-text value="visible">Hier bestimmen Sie die Kriterien zum Sortieren der Daten im Formular. Die Angabe der Sortierkriterien erfolgt nach SQL-Regeln ohne Verwendung der ORDER BY-Klausel.</help:help-text> Sollen beispielsweise alle Datensätze einer Datenbank in einem Feld aufsteigend und in einem anderen Feld absteigend sortiert werden, geben Sie &quot;Vorname ASC&quot;, Name DESC&quot; ein (wenn &quot;Vorname&quot; und &quot;Name&quot; die Datenfeldnamen sind).</text:p>
  <text:p text:style-name="Paragraph">Zum Sortieren können im Anwendermodus die entsprechenden Symbole in der <help:link Id="65578"><text:span text:style-name="T1">Formularleiste</text:span></help:link> verwendet werden: <help:link Id="65990"><text:span text:style-name="T1">Aufsteigend sortieren</text:span></help:link>, <help:link Id="65969"><text:span text:style-name="T1">Absteigend sortieren</text:span></help:link>, <help:link Id="66041"><text:span text:style-name="T1">Sortieren</text:span></help:link>.</text:p>
  <text:p text:style-name="Head 2"><help:help-id value="HID_PROP_DATAENTRY"/>Nur Daten hinzufügen</text:p>
  <text:p text:style-name="Paragraph"><help:help-text value="visible">Hier legen Sie fest, ob das Formular lediglich das Hinzufügen neuer Daten erlauben soll (Ja) oder ob es nicht nur auf diese Eigenschaft beschränkt ist (Nein).</help:help-text></text:p>
  <table:table table:name="Tabelle1" table:style-name="Tabelle1">
   <table:table-column table:style-name="Tabelle1.A"/>
   <table:table-column table:style-name="Tabelle1.B"/>
   <table:table-header-rows>
    <table:table-row table:style-name="Tabelle1.1">
     <table:table-cell table:style-name="Tabelle1.A1" table:value-type="string">
      <text:p text:style-name="Paragraph"><draw:image draw:name="Symbol1" svg:desc="Symbol für Hinweise" svg:pixelx="32" svg:pixely="32" svg:width="0.847cm" svg:height="0.847cm" xlink:href="65980" draw:filter-name=""/></text:p>

     </table:table-cell>
     <table:table-cell table:style-name="Tabelle1.A1" table:value-type="string">
      <text:p text:style-name="Paragraph">Wenn <text:span text:style-name="T1">Nur Daten hinzufügen</text:span> auf &quot;Ja&quot; gesetzt ist, können die Daten weder geändert noch gelöscht werden.</text:p>
     </table:table-cell>
    </table:table-row>
   </table:table-header-rows>
  </table:table>
  <text:p text:style-name="Head 2"><help:help-id value="HID_PROP_NAVIGATION"/>Navigation</text:p>
  <text:p text:style-name="Paragraph"><help:help-text value="visible">Bestimmt, ob die Navigationsfunktionen in der unteren Formularleiste verwendet werden können.</help:help-text></text:p>
  <text:p text:style-name="Paragraph">Die Option &quot;Übergeordnetes Formular&quot; ist für Unterformulare. Wenn Sie diese Option für ein Unterformular wählen, können Sie über die Datensätze des Hauptformulares navigieren, wenn sich der Cursor im Unterformular befindet. Da ein Unterformular durch eine 1:1-Beziehung mit dem Hauptformular verknüpft ist, macht eine Navigation innerhalb des Unterformulares keinen Sinn. Die Navigation wird immer auf dem übergeordneten Formular ausgeführt.</text:p>
  <text:p text:style-name="Head 2"><help:help-id value="HID_PROP_CYCLE"/>Zyklus</text:p>
  <text:p text:style-name="Paragraph"><help:help-text value="visible">Hier legen Sie die Navigationsweise anhand der Tabulatortaste fest.</help:help-text> Mithilfe der Tabulatortaste können Sie sich im Formular vorwärts bewegen. Wenn Sie gleichzeitig die Umschalttaste drücken, verläuft die Navigation in umgekehrter Richtung. Die Betätigung der Tabulatortaste im letzen (oder ersten) Feld kann sich unterschiedlich auswirken. Bestimmen Sie das Verhalten der Taste anhand dieser Optionen:</text:p>
  <table:table table:name="Tabelle3" table:style-name="Tabelle3">
   <table:table-column table:style-name="Tabelle3.A"/>
   <table:table-column table:style-name="Tabelle3.B"/>
   <table:table-header-rows>
    <table:table-row>
     <table:table-cell table:style-name="Tabelle3.A1" table:value-type="string">
      <text:p text:style-name="TableHead">Option</text:p>
     </table:table-cell>
     <table:table-cell table:style-name="Tabelle3.B1" table:value-type="string">
      <text:p text:style-name="TableHead">Bedeutung</text:p>
     </table:table-cell>
    </table:table-row>
   </table:table-header-rows>
   <table:table-row>
    <table:table-cell table:style-name="Tabelle3.A2" table:value-type="string">
     <text:p text:style-name="TextInTable">Standard</text:p>
    </table:table-cell>
    <table:table-cell table:style-name="Tabelle3.B2" table:value-type="string">
     <text:p text:style-name="TextInTable">Mit dieser Einstellung wird automatisch ein Zyklus definiert, der sich an einer bestehenden Datenbankverbindung orientiert: Existiert im Formular eine Datenbankverbindung, so wird beim Verlassen des letzten Feldes mittels Tabulatortaste standardmäßig zum nächsten/vorigen Datensatz gewechselt (siehe Alle Datensätze). Ohne Datenbankverbindung wird zum nächsten/vorigen Formular gewechselt (siehe Aktuelle Seite).</text:p>
    </table:table-cell>
   </table:table-row>
   <table:table-row>
    <table:table-cell table:style-name="Tabelle3.A2" table:value-type="string">
     <text:p text:style-name="TextInTable">Alle Datensätze</text:p>
    </table:table-cell>
    <table:table-cell table:style-name="Tabelle3.B2" table:value-type="string">
     <text:p text:style-name="TextInTable">Diese Option gilt nur für Datenbankformulare und dient zum Navigieren durch alle Datensätze. Wenn Sie im letzten Feld des Formulars die Tabulatortaste betätigen, wird der aktuelle Datensatz geändert.</text:p>
    </table:table-cell>
   </table:table-row>
   <table:table-row>
    <table:table-cell table:style-name="Tabelle3.A2" table:value-type="string">
     <text:p text:style-name="TextInTable">Aktueller Datensatz</text:p>
    </table:table-cell>
    <table:table-cell table:style-name="Tabelle3.B2" table:value-type="string">
     <text:p text:style-name="TextInTable">Diese Option gilt nur für Datenbankformulare und dient zum Navigieren innerhalb des aktuellen Datensatzes. Wenn Sie im letzten Feld des Formulars die Tabulatortaste betätigen, wird der aktuelle Datensatz geändert.</text:p>
    </table:table-cell>
   </table:table-row>
   <table:table-row>
    <table:table-cell table:style-name="Tabelle3.A2" table:value-type="string">
     <text:p text:style-name="TextInTable">Aktuelle Seite</text:p>
    </table:table-cell>
    <table:table-cell table:style-name="Tabelle3.B2" table:value-type="string">
     <text:p text:style-name="TextInTable">Beim Verlassen des letzten Felds in einem Formular springt der Cursor auf das erste Feld im nächsten Formular. Dies ist das Standardverhalten von HTML-Formularen; deshalb ist diese Option besonders für HTML-Formulare relevant.</text:p>
    </table:table-cell>
   </table:table-row>
  </table:table>
  <text:p text:style-name="Head 2"><help:help-id value="HID_PROP_ALLOW_ADDITIONS"/>Daten hinzufügen</text:p>
  <text:p text:style-name="Paragraph"><help:help-text value="visible">Bestimmt, ob Daten hinzugefügt werden können.</help:help-text></text:p>
  <text:p text:style-name="Head 2"><help:help-id value="HID_PROP_ALLOW_EDITS"/>Daten ändern</text:p>
  <text:p text:style-name="Paragraph"><help:help-text value="visible"> Bestimmt, ob die Daten geändert werden können.</help:help-text></text:p>
  <text:p text:style-name="Head 2"><help:help-id value="HID_PROP_ALLOW_DELETIONS"/>Daten löschen</text:p>
  <text:p text:style-name="Paragraph"><help:help-text value="visible">Bestimmt, ob die Daten gelöscht werden können.</help:help-text></text:p>
  <text:p text:style-name="Head 2"><help:help-id value="HID_PROP_MASTERFIELDS"/>Verknüpfen von</text:p>
  <text:p text:style-name="Paragraph"><help:help-text value="visible">Falls Sie ein <help:link Id="65955" Eid="unterformular">Unterformular</help:link> erstellen, geben Sie hier das Datenfeld des übergeordneten Formulars ein, das für die Synchronisierung zwischen den beiden Formularen verantwortlich ist.</help:help-text> Für mehrere Werte drücken Sie nach jeder Eingabezeile <help:switch select="System"><help:case select ="MAC">Befehlstaste</help:case><help:default>Strg</help:default></help:switch>+Eingabetaste.</text:p>
  <text:p text:style-name="Paragraph">Das Unterformular basiert auf einer <help:popup Id="65619" Eid="sql">SQL</help:popup>-Abfrage, genaugenommen einer <help:link Id="66162" Eid="parameterabfrage">Parameterabfrage</help:link>. Wenn Sie im Feld <text:span text:style-name="T1">Verknüpfen von</text:span> einen Feldnamen eingeben, werden die Daten des Feldes aus dem Hauptformular in eine Variable gelesen, die Sie im Feld <text:span text:style-name="T1">Verknüpfen nach</text:span> angeben müssen. Mittels eines geeigneten SQL-Statements wird diese Variable mit den Daten der Tabelle verglichen, auf die sich das Unterformular bezieht. Durch diese Prozedur wird schließlich die Anzeige im Unterformular bestimmt.</text:p>
  <text:p text:style-name="Paragraph">Betrachten Sie dazu folgendes Beispiel:</text:p>
  <text:p text:style-name="Paragraph">Die dem Formular zugrundeliegende Datenbanktabelle sei beispielsweise eine Kunden-Datenbank (&quot;Kunden&quot;), in der Sie jeden Kunden durch eine eindeutige Nummer kennzeichnen, und zwar mit einem Datenfeld namens &quot;Kunden_ID&quot;. Die Bestellungen eines Kunden verwalten Sie in einer anderen Datenbanktabelle. Nun möchten Sie zu jedem Kunden, den Sie in dem Formular eingeben, auch seine Bestellungen sehen. Dazu legen Sie sich das Unterformular an und geben unter <text:span text:style-name="T1">Verknüpfen von</text:span> das Datenfeld aus der Kunden-Datenbank ein, an dem der Kunde eindeutig identifiziert werden kann, also &quot;Kunden_ID&quot; (ohne Anführungszeichen). Unter <text:span text:style-name="T1">Verknüpfen nach</text:span> tragen Sie den Namen einer Variablen ein, welche die Daten des Feldes Kunden_ID aufnehmen soll, also z. B. &quot;x&quot;.</text:p>
  <text:p text:style-name="Paragraph">Das Unterformular soll für jede Kundennummer die entsprechen Daten aus der Bestellungstabelle (&quot;Bestellungen&quot;) anzeigen (Kunden_ID -&gt; x). Dies ist nur möglich, wenn in der Bestellungstabelle jede Bestellung eindeutig einem Kunden zugeordnet ist. Auch das kann über ein Feld namens &quot;Kunden_ID&quot; erfolgen. Um aber eine Verwechslung mit demselben Feld im Hauptformular zu vermeiden, bietet es sich an, das Feld &quot;Kunden_Nr.&quot; zu nennen.</text:p>
  <text:p text:style-name="Paragraph">Vergleichen Sie nun die Kunden_Nr. in der Tabelle &quot;Bestellungen&quot; mit der Kunden_ID in der Tabelle &quot;Kunden&quot;, beispielsweise anhand der Variablen x und des folgenden SQL-Ausdrucks:</text:p>
  <text:p text:style-name="Paragraph">SELECT * FROM Bestellungen WHERE Kunden_Nr =: x (wenn das Unterformular alle Daten aus der Bestell-Tabelle anzeigen soll)</text:p>
  <text:p text:style-name="Paragraph">oder:</text:p>
  <text:p text:style-name="Paragraph">SELECT Artikel FROM Bestellungen WHERE Kunden_Nr =: x (wenn das Unterformular aus der Bestell-Tabelle nur die Daten des Feldes &quot;Artikel&quot;anzeigen soll)</text:p>
  <text:p text:style-name="Paragraph">Das SQL-Statement können Sie entweder im Feld <text:span text:style-name="T1">Datenquelle</text:span> eingeben, oder Sie legen sich eine entsprechende Parameterabfrage an, mit der Sie das Unterformular erstellen.</text:p>
  <text:p text:style-name="Head 2"><help:help-id value="HID_PROP_SLAVEFIELDS"/>Verknüpfen nach</text:p>
  <text:p text:style-name="Paragraph"><help:help-text value="visible">Falls Sie ein Unterformular erstellen, geben Sie hier die Variable ein, in der mögliche Werte aus dem Feld des übergeordneten Formulars gespeichert werden können.</help:help-text> Bei einem Unterformular, das auf einer Abfrage basiert, geben Sie die in der Abfrage definierte Variable ein. Wenn Sie das Formular mithilfe eines im Feld <text:span text:style-name="T1">Datenquelle</text:span> definierten SQL-Ausdrucks erstellen, geben Sie hier die Variable aus diesem Ausdruck ein. Sie können einen beliebigen Variablennamen wählen. <text:s/>Für die Eingabe mehrerer Werte drücken Sie <help:switch select="System"><help:case select ="MAC">Befehlstaste</help:case><help:default>Strg</help:default></help:switch>+Eingabetaste.</text:p>
  <text:p text:style-name="Paragraph">Haben Sie unter <text:span text:style-name="T1">Verknüpfen von</text:span> als übergeordnetes Feld beispielsweise das Datenbankfeld &quot;KundenID&quot; angegeben, dann legen Sie unter <text:span text:style-name="T1">Verknüpfen nach</text:span> den Namen der Variablen fest, in der die Werte des Datenbankfeldes &quot;KundenID&quot; gelesen werden sollen. Wenn Sie nun mit Hilfe dieser Variablen ein SQL-Statement im Feld <text:span text:style-name="T1">Datenquelle</text:span> angeben, werden die entsprechenden Werte im Unterformular angezeigt.</text:p>
  <text:p text:style-name="Head 2"><a name="unterformular"/>Was ist ein Unterformular?</text:p>
  <text:p text:style-name="Paragraph">Formulare werden auf Grundlage einer Datenbanktabelle oder einer Datenbankabfrage erstellt. Sie stellen die Daten optisch aufbereitet dar und können zur Eingabe neuer oder zur Änderung bereits bestehender Daten dienen, welche in der dem Formular zugrundeliegenden Datenbanktabelle oder -abfrage gespeichert sind.</text:p>
  <text:p text:style-name="Paragraph"><help:to-be-embedded Eid="wozu">Erfordert Ihre Aufgabenstellung ein Formular, das sich auf die Daten in einer Tabelle oder Abfrage beziehen und zusätzlich Daten aus einer anderen Tabelle anzeigen kann, so bietet sich die Erstellung eines Unterformulars an.</help:to-be-embedded> Ein solches Unterformular kann beispielsweise ein Textfeld sein, das die Daten einer anderen Datenbanktabelle enthält.</text:p>
  <text:p text:style-name="Paragraph">Ein Unterformular ist also nichts anderes als eine &quot;Zusatz-Komponente zu Ihrem Hauptformular&quot;. Das &quot;Hauptformular&quot; bezeichnet man als &quot;übergeordnetes Formular&quot;. Es wird auf Grundlage einer Datenbanktabelle erstellt, welche die wesentlichen Daten des Formulars beinhaltet, alle weiteren Daten, die in anderen Datenbanktabellen verwaltet werden, werden als zusätzliche Komponenten in Form von Unterformularen angelegt. Unterformulare werden also benötigt, sobald Sie in einem Formular auf mehr als eine Tabelle zugreifen wollen. Für jede weitere Tabelle benötigen Sie je ein Unterformular.</text:p>
  <text:p text:style-name="Paragraph">Ein Unterformular ist als solches vom Anwender nicht zu erkennen. Dieser sieht lediglich ein Formular, in das er seine Daten eingeben kann oder in dem ihm vorhandene Daten angezeigt werden. So ist es durch ein Formular mit Unterformularen möglich, eine einfache Eingabemaske für den Anwender zu generieren, die ganz auf seine Bedürfnisse angepaßt ist, unabhängig davon, wie die Daten in der Datenbank verwaltet werden.</text:p>
 </office:body>
</office:document>
