

<office:document  xmlns:office="http://openoffice.org/2000/office" xmlns:style="http://openoffice.org/2000/style" xmlns:text="http://openoffice.org/2000/text" xmlns:table="http://openoffice.org/2000/table" xmlns:draw="http://openoffice.org/2000/drawing" xmlns:fo="http://www.w3.org/1999/XSL/Format" xmlns:xlink="http://www.w3.org/1999/xlink" xmlns:number="http://openoffice.org/2000/datastyle" xmlns:svg="http://www.w3.org/2000/svg" xmlns:chart="http://openoffice.org/2000/chart" xmlns:dr3d="http://openoffice.org/2000/dr3d" xmlns:math="http://www.w3.org/1998/Math/MathML" xmlns:form="http://openoffice.org/2000/form" xmlns:script="http://openoffice.org/2000/script" office:class="text" office:version="1.0" xmlns:dc="http://purl.org/dc/elements/1.1/" xmlns:meta="http://openoffice.org/2000/meta" xmlns:help="http://openoffice.org/2000/help">
<office:meta>
  <dc:description>text/common/02/01170904</dc:description>
  <dc:subject>AutoPilot Kombinationsfeld: Datenbankfeld</dc:subject>

  <dc:language>de-DE</dc:language>
  <meta:user-defined meta:name="Info 0">READY</meta:user-defined>
  <meta:user-defined meta:name="Info 1">FREE_OK</meta:user-defined>
  <meta:user-defined meta:name="Info 2"/>
  <meta:user-defined meta:name="Info 3"/>
</office:meta>
 <office:script/>
 <office:font-decls>
  <style:font-decl style:name="StarSymbol" fo:font-family="StarSymbol" style:font-charset="x-symbol"/>
  <style:font-decl style:name="Courier New" fo:font-family="&apos;Courier New&apos;" style:font-style-name="Standard" style:font-family-generic="modern" style:font-pitch="fixed"/>
  <style:font-decl style:name="Courier" fo:font-family="Courier" style:font-family-generic="roman" style:font-pitch="fixed"/>
  <style:font-decl style:name="Arial Unicode MS" fo:font-family="&apos;Arial Unicode MS&apos;" style:font-pitch="variable"/>
  <style:font-decl style:name="HG Mincho Light J" fo:font-family="&apos;HG Mincho Light J&apos;" style:font-pitch="variable"/>
  <style:font-decl style:name="Times New Roman3" fo:font-family="&apos;Times New Roman&apos;" style:font-pitch="variable"/>
  <style:font-decl style:name="Thorndale" fo:font-family="Thorndale" style:font-family-generic="roman" style:font-pitch="variable"/>
  <style:font-decl style:name="Times New Roman2" fo:font-family="&apos;Times New Roman&apos;" style:font-style-name="Fett" style:font-family-generic="roman" style:font-pitch="variable"/>
  <style:font-decl style:name="Times New Roman" fo:font-family="&apos;Times New Roman&apos;" style:font-style-name="Standard" style:font-family-generic="roman" style:font-pitch="variable"/>
  <style:font-decl style:name="Times New Roman1" fo:font-family="&apos;Times New Roman&apos;" style:font-family-generic="swiss" style:font-pitch="variable"/>
 </office:font-decls>
 <office:automatic-styles>
  <style:style style:name="P1" style:family="paragraph" style:parent-style-name="Paragraph" style:master-page-name="HTML">
   <style:properties style:page-number="0"/>
  </style:style>
  <style:style style:name="T1" style:family="text">
   <style:properties fo:font-weight="bold"/>
  </style:style>
 </office:automatic-styles>
 <office:body>
  <text:variable-decls>
   <text:variable-decl text:value-type="string" text:name="HTML_ON"/>
   <text:variable-decl text:value-type="string" text:name="HTML_OFF"/>
   <text:variable-decl text:value-type="string" text:name="TITEL"/>
   <text:variable-decl text:value-type="string" text:name="END"/>
   <text:variable-decl text:value-type="string" text:name="HelpID"/>
   <text:variable-decl text:value-type="string" text:name="NAME"/>
   <text:variable-decl text:value-type="string" text:name="HREF"/>
   <text:variable-decl text:value-type="string" text:name="MODIFY"/>
   <text:variable-decl text:value-type="string" text:name="REFNR"/>
   <text:variable-decl text:value-type="string" text:name="AKTHLP"/>
   <text:variable-decl text:value-type="string" text:name="KEY"/>
   <text:variable-decl text:value-type="string" text:name="OS2"/>
   <text:variable-decl text:value-type="string" text:name="ELSE"/>
   <text:variable-decl text:value-type="string" text:name="STYLE"/>
  </text:variable-decls>
  <text:sequence-decls>
   <text:sequence-decl text:display-outline-level="0" text:name="Illustration"/>
   <text:sequence-decl text:display-outline-level="0" text:name="Table"/>
   <text:sequence-decl text:display-outline-level="0" text:name="Text"/>
   <text:sequence-decl text:display-outline-level="0" text:name="Drawing"/>
  </text:sequence-decls>
  <help:to-be-embedded Eid="seite3b">
  <text:p text:style-name="Head 1"><help:link Id="65907">AutoPilot Kombinationsfeld: Datenbankfeld</help:link></text:p>
  <text:p text:style-name="Paragraph">Bei Kombinationsfeldern können Sie den Wert eines Feldes entweder in einem Datenbankfeld speichern oder ihn nur zur Anzeige im Formular verwenden.</text:p>
  </help:to-be-embedded>
  <text:p text:style-name="Paragraph">Die Benutzereingaben, ob direkt eingegebene oder aus der Liste übernommene Werte, können in der an das Formular angebundenen Datenbanktabelle gespeichert werden. Es ist jedoch nicht möglich, die Werte in anderen Tabellen zu speichern. Sollen die Werte nicht in der Datenbank gespeichert werden, so werden sie nur im Formular gespeichert. Dies bietet sich besonders dann an, wenn die vom Benutzer eingegebenen oder ausgewählten Werte in einem HTML-Formular einem Server zugewiesen werden.</text:p>
  <help:popup Id="65594" Eid="aupikomli3b"><help:embedded Id="65598" Eid="wie"></help:embedded></help:popup>
  <text:p text:style-name="Head 2">Möchten Sie den Wert in einem Datenbankfeld speichern?</text:p>
  <text:p text:style-name="Paragraph">Zwei Antworten auf diese Frage sind möglich:</text:p>
  <text:p text:style-name="Head 3"><help:help-id value="DBP_RADIOBUTTON_RID_PAGE_OPTION_DBFIELD_RB_STOREINFIELD_YES"/>Ja, und zwar in folgendem Datenbankfeld</text:p>
  <text:p text:style-name="Paragraph"><help:help-text value="visible">Hier entscheiden Sie, ob die vom Benutzer eingegebenen oder ausgewählten Werte im Kombinationsfeld in einem Datenbankfeld gespeichert werden oder nicht.</help:help-text> Es werden die Felder aus der Datenbanktabelle angeboten, die dem aktuellen Formular zugewiesen ist.</text:p>
  <text:p text:style-name="Paragraph">Das hier ausgewählte Feld finden Sie in den <help:link Id="65983">Kontrollfeld-Eigenschaften</help:link> im Register <text:span text:style-name="T1">Daten</text:span> als Eintrag unter <text:span text:style-name="T1">Datenfeld</text:span> wieder.</text:p>
  <text:p text:style-name="Head 3"><help:help-id value="DBP_LISTBOX_RID_PAGE_OPTION_DBFIELD_LB_STOREINFIELD"/>Listenfeld</text:p>
  <text:p text:style-name="Paragraph"><help:help-text value="visible">Hier geben Sie das Datenfeld an, in dem der Wert aus dem Kombinationsfeld gespeichert werden soll.</help:help-text></text:p>
  <text:p text:style-name="Head 3"><help:help-id value="DBP_RADIOBUTTON_RID_PAGE_OPTION_DBFIELD_RB_STOREINFIELD_NO"/>Nein, ich möchte den Wert nur im Formular speichern</text:p>
  <text:p text:style-name="Paragraph"><help:help-text value="visible">Der Wert aus diesem Kombinationsfeld wird nicht in die Datenbank geschrieben, sondern nur im Formular gespeichert.</help:help-text></text:p>
 </office:body>
</office:document>
