

<office:document  xmlns:office="http://openoffice.org/2000/office" xmlns:style="http://openoffice.org/2000/style" xmlns:text="http://openoffice.org/2000/text" xmlns:table="http://openoffice.org/2000/table" xmlns:draw="http://openoffice.org/2000/drawing" xmlns:fo="http://www.w3.org/1999/XSL/Format" xmlns:xlink="http://www.w3.org/1999/xlink" xmlns:number="http://openoffice.org/2000/datastyle" xmlns:svg="http://www.w3.org/2000/svg" xmlns:chart="http://openoffice.org/2000/chart" xmlns:dr3d="http://openoffice.org/2000/dr3d" xmlns:math="http://www.w3.org/1998/Math/MathML" xmlns:form="http://openoffice.org/2000/form" xmlns:script="http://openoffice.org/2000/script" office:class="text" office:version="1.0" xmlns:dc="http://purl.org/dc/elements/1.1/" xmlns:meta="http://openoffice.org/2000/meta" xmlns:help="http://openoffice.org/2000/help">
<office:meta>
  <dc:description>text/common/02/01170900</dc:description>
  <dc:subject>AutoPilot Kombinations-/Listenfeld</dc:subject>

  <dc:language>de-DE</dc:language>
  <meta:user-defined meta:name="Info 0">READY</meta:user-defined>
  <meta:user-defined meta:name="Info 1">FREE_OK</meta:user-defined>
  <meta:user-defined meta:name="Info 2"/>
  <meta:user-defined meta:name="Info 3"/>
</office:meta>
 <office:script/>
 <office:font-decls>
  <style:font-decl style:name="StarSymbol" fo:font-family="StarSymbol" style:font-charset="x-symbol"/>
  <style:font-decl style:name="Courier New" fo:font-family="&apos;Courier New&apos;" style:font-style-name="Standard" style:font-family-generic="modern" style:font-pitch="fixed"/>
  <style:font-decl style:name="Courier" fo:font-family="Courier" style:font-family-generic="roman" style:font-pitch="fixed"/>
  <style:font-decl style:name="Arial Unicode MS" fo:font-family="&apos;Arial Unicode MS&apos;" style:font-pitch="variable"/>
  <style:font-decl style:name="HG Mincho Light J" fo:font-family="&apos;HG Mincho Light J&apos;" style:font-pitch="variable"/>
  <style:font-decl style:name="Times New Roman3" fo:font-family="&apos;Times New Roman&apos;" style:font-pitch="variable"/>
  <style:font-decl style:name="Thorndale" fo:font-family="Thorndale" style:font-family-generic="roman" style:font-pitch="variable"/>
  <style:font-decl style:name="Times New Roman2" fo:font-family="&apos;Times New Roman&apos;" style:font-style-name="Fett" style:font-family-generic="roman" style:font-pitch="variable"/>
  <style:font-decl style:name="Times New Roman" fo:font-family="&apos;Times New Roman&apos;" style:font-style-name="Standard" style:font-family-generic="roman" style:font-pitch="variable"/>
  <style:font-decl style:name="Times New Roman1" fo:font-family="&apos;Times New Roman&apos;" style:font-family-generic="swiss" style:font-pitch="variable"/>
 </office:font-decls>
 <office:automatic-styles>
  <style:style style:name="Tabelle1" style:family="table">
   <style:properties style:width="18cm" table:align="margins"/>
  </style:style>
  <style:style style:name="Tabelle1.A" style:family="table-column">
   <style:properties style:column-width="1.499cm" style:rel-column-width="850*"/>
  </style:style>
  <style:style style:name="Tabelle1.B" style:family="table-column">
   <style:properties style:column-width="16.498cm" style:rel-column-width="9352*"/>
  </style:style>
  <style:style style:name="Tabelle1.1" style:family="table-row">
   <style:properties style:min-row-height="0.848cm"/>
  </style:style>
  <style:style style:name="Tabelle1.A1" style:family="table-cell">
   <style:properties fo:padding="0cm" fo:border="none"/>
  </style:style>
  <style:style style:name="P1" style:family="paragraph" style:parent-style-name="Paragraph" style:master-page-name="HTML">
   <style:properties style:page-number="0"/>
  </style:style>
  <style:style style:name="T1" style:family="text">
   <style:properties fo:font-weight="bold"/>
  </style:style>
  <style:style style:name="fr1" style:family="graphics" style:parent-style-name="Graphics">
   <style:properties fo:margin-left="0cm" fo:margin-right="0cm" fo:margin-top="0cm" fo:margin-bottom="0cm" style:run-through="foreground" style:wrap="run-through" style:vertical-pos="middle" style:vertical-rel="paragraph" style:horizontal-pos="left" style:horizontal-rel="paragraph" style:mirror="none" fo:clip="rect(0cm 0cm 0cm 0cm)" draw:luminance="0%" draw:contrast="0%" draw:red="0%" draw:green="0%" draw:blue="0%" draw:gamma="1" draw:color-inversion="false" draw:transparency="-100%" draw:color-mode="standard"/>
  </style:style>
 </office:automatic-styles>
 <office:body>
  <text:variable-decls>
   <text:variable-decl text:value-type="string" text:name="HTML_ON"/>
   <text:variable-decl text:value-type="string" text:name="HTML_OFF"/>
   <text:variable-decl text:value-type="string" text:name="TITEL"/>
   <text:variable-decl text:value-type="string" text:name="END"/>
   <text:variable-decl text:value-type="string" text:name="HelpID"/>
   <text:variable-decl text:value-type="string" text:name="NAME"/>
   <text:variable-decl text:value-type="string" text:name="HREF"/>
   <text:variable-decl text:value-type="string" text:name="MODIFY"/>
   <text:variable-decl text:value-type="string" text:name="REFNR"/>
   <text:variable-decl text:value-type="string" text:name="AKTHLP"/>
   <text:variable-decl text:value-type="string" text:name="KEY"/>
   <text:variable-decl text:value-type="string" text:name="INDEX"/>
   <text:variable-decl text:value-type="string" text:name="STYLE"/>
  </text:variable-decls>
  <text:sequence-decls>
   <text:sequence-decl text:display-outline-level="0" text:name="Illustration"/>
   <text:sequence-decl text:display-outline-level="0" text:name="Table"/>
   <text:sequence-decl text:display-outline-level="0" text:name="Text"/>
   <text:sequence-decl text:display-outline-level="0" text:name="Drawing"/>
  </text:sequence-decls>
  <text:p text:style-name="P1"/>
  <text:p text:style-name="Head 1"><a name="autopilotkomli"/><help:link Id="65956">AutoPilot Kombinations-/Listenfeld</help:link></text:p>
  <text:p text:style-name="Paragraph">Wenn Sie in einem Dokument ein Kombinationsfeld oder ein Listenfeld einfügen, startet automatisch ein AutoPilot.<a name="end"/> In diesem AutoPiloten bestimmen Sie interaktiv, welche Informationen angezeigt werden.</text:p>
  <help:popup Id="65594" Eid="aupikomli"><help:embedded Id="65598" Eid="wie"></help:embedded></help:popup>
  <table:table table:name="Tabelle1" table:style-name="Tabelle1">
   <table:table-column table:style-name="Tabelle1.A"/>
   <table:table-column table:style-name="Tabelle1.B"/>
   <table:table-header-rows>
    <table:table-row table:style-name="Tabelle1.1">
     <table:table-cell table:style-name="Tabelle1.A1" table:value-type="string">
      <text:p text:style-name="Paragraph"><draw:image draw:name="Symbol0" svg:desc="Dieses Symbol weist auf einen Textabschnitt hin, der weitergehende Informationen enthält." svg:pixelx="32" svg:pixely="32" svg:width="0.847cm" svg:height="0.847cm" xlink:href="65980" draw:filter-name=""/></text:p>

     </table:table-cell>
     <table:table-cell table:style-name="Tabelle1.A1" table:value-type="string">
      <text:p text:style-name="Paragraph">Sie können das automatische Starten des AutoPiloten mit dem Symbol <help:link Id="65904"><text:span text:style-name="T1">AutoPiloten an/aus</text:span></help:link> unterbinden.</text:p>
     </table:table-cell>
    </table:table-row>
   </table:table-header-rows>
  </table:table>
  <text:p text:style-name="Paragraph">Die AutoPiloten für Kombinations- und Listenfelder unterscheiden sich im letzten Schritt voneinander. Das liegt in der Natur dieser Kontrollfelder:</text:p>
  <text:p text:style-name="Paragraph"><a name="listenfelder"/><help:key-word value="Formulare; Listenfelder" tag="kw65956_1"/><text:span text:style-name="T1">Listenfelder</text:span></text:p>
  <text:p text:style-name="Paragraph">Bei Listenfeldern kann der Anwender aus verschieden Einträgen einen aus der Liste auswählen. Diese Einträge sind in einer Datenbanktabelle gespeichert und lassen sich über das Listenfeld nicht bearbeiten.</text:p>
  <text:p text:style-name="Paragraph">Die Datenbanktabelle, die die im Formular sichtbaren Listen-Einträge enthält, ist normalerweise nicht die Tabelle, auf der das Formular basiert. Listenfelder eines Formulares arbeiten daher mit Referenzen, d. h. zu den sichtbaren Listen-Einträgen zugehörige Referenzen befinden sich in der Formular-Tabelle (Wertetabelle) und werden auch als solche in die Wertetabelle eingetragen, wenn der Anwender einen Eintrag aus der Liste auswählt und ihn abspeichert. Über Referenzwerte können Listenfelder Daten aus einer mit der aktuellen Formular-Tabelle verknüpften Tabelle anzeigen (Listentabelle). Daher ermöglicht der <text:span text:style-name="T1">AutoPilot Listenfeld</text:span> die Verknüpfung zweier Tabellen einer Datenbank, so daß das Kontrollfeld eine Detailliste eines Datenbankfeldes darstellen kann, welches in einer anderen Tabelle enthalten ist als der Tabelle, auf der sich das Formular bezieht.</text:p>
  <text:p text:style-name="Paragraph">In den anderen Tabellen wird das erforderliche Feld über den Feldnamen (ControlSource) gesucht, und die Felder werden dann entsprechend vervollständigt. Kann der Feldname nicht gefunden werden, dann bleibt die Liste leer. Bei Listenfeldern mit gebundenen Spalten wird die erste Spalte der anderen Tabelle verwendet, ohne dass eine Rückfrage erfolgt.</text:p>
  <text:p text:style-name="Paragraph">Enthält eine Artikelliste beispielsweise die Nummer eines Lieferanten, so kann das Listenfeld über die Verknüpfung &quot;Lieferantennummer&quot; den Name des Lieferanten aus der Lieferantentabelle anzeigen. <text:s/>Auf der Seite <text:span text:style-name="T1">Feldverknüpfung</text:span> des AutoPiloten werden Sie nach den für diese Verknüpfung gewünschten Einstellungen gefragt.</text:p>
  <text:p text:style-name="Paragraph"><a name="kombinationsfelder"/><help:key-word value="Formulare; Kombinationsfelder" tag="kw65956_2"/><text:span text:style-name="T1">Kombinationsfelder</text:span></text:p>
  <text:p text:style-name="Paragraph">Kombinationsfelder bieten den Benutzern die Möglichkeit, entweder einen der vorgegebenen Listeneinträge auszuwählen oder selbst Text einzugeben. Die Einträge, die dem Benutzer in Form einer Liste zur Auswahl angeboten werden, können aus einer beliebigen Datenbanktabelle stammen. Die von den Benutzern eingegebenen oder ausgewählten Einträge lassen sich entweder nur im Formular oder in einer Datenbank speichern. Beim Speichern in einer Datenbank werden sie in die Datenbanktabelle geschrieben, auf der das Formular beruht.</text:p>
  <text:p text:style-name="Paragraph">Kombinationsfelder können die Daten einer beliebigen Tabelle anzeigen, dabei muß es hier keine direkte Verbindung zwischen der aktuellen Formular-Tabelle und der Tabelle geben, deren Werte im Kombinationsfeld angezeigt werden sollen (Listentabelle). Kombinationsfelder arbeiten nicht mit Referenzen. Wenn der Anwender einen Wert eingibt oder auswählt und diesen abspeichert, wird der tatsächlich angezeigte Wert in die Formular-Tabelle eingetragen. Da es zwischen Formular- und Listentabelle keine Verknüpfung gibt, erscheint hier die Seite <text:span text:style-name="T1">Feldverknüpfung</text:span> nicht.</text:p>
  <text:p text:style-name="Paragraph">Während Sie bei einem Listenfeld vorhandene Einträge aus der Liste auswählen können, die in der Listentabelle gespeichert sind, können Sie in Kombinationsfeldern zusätzlich Text eingeben, der auf Wunsch in die aktuelle Datenbanktabelle des Formulars (Wertetabelle) geschrieben und dort gespeichert wird. Für diese Funktion hat der <text:span text:style-name="T1">AutoPilot Kombinationsfeld</text:span> als letzte Seite die Seite <text:span text:style-name="T1">Datenverarbeitung</text:span>, die es bei Listenfeldern nicht gibt. Hier können Sie angeben, ob und wo eingegebener Text in der Wertetabelle gespeichert werden soll.</text:p>
  <help:embedded Id="65951" Eid="seite1"></help:embedded>
  <help:embedded Id="65975" Eid="seite1"></help:embedded>
  <help:embedded Id="66000" Eid="seite2"></help:embedded>
  <help:embedded Id="65952" Eid="seite3a"></help:embedded>
  <help:embedded Id="65907" Eid="seite3b"></help:embedded>
  <help:help-id value="HID_LISTWIZARD_CANCEL"/><help:embedded Id="65630" Eid="abbrechen"></help:embedded>
  <help:help-id value="HID_LISTWIZARD_PREVIOUS"/><help:embedded Id="65630" Eid="zurueckautopi"></help:embedded>
  <help:help-id value="HID_LISTWIZARD_NEXT"/><help:embedded Id="65630" Eid="weiterautopi"></help:embedded>
 </office:body>
</office:document>
