

<office:document  xmlns:office="http://openoffice.org/2000/office" xmlns:style="http://openoffice.org/2000/style" xmlns:text="http://openoffice.org/2000/text" xmlns:table="http://openoffice.org/2000/table" xmlns:draw="http://openoffice.org/2000/drawing" xmlns:fo="http://www.w3.org/1999/XSL/Format" xmlns:xlink="http://www.w3.org/1999/xlink" xmlns:number="http://openoffice.org/2000/datastyle" xmlns:svg="http://www.w3.org/2000/svg" xmlns:chart="http://openoffice.org/2000/chart" xmlns:dr3d="http://openoffice.org/2000/dr3d" xmlns:math="http://www.w3.org/1998/Math/MathML" xmlns:form="http://openoffice.org/2000/form" xmlns:script="http://openoffice.org/2000/script" office:class="text" office:version="1.0" xmlns:dc="http://purl.org/dc/elements/1.1/" xmlns:meta="http://openoffice.org/2000/meta" xmlns:help="http://openoffice.org/2000/help">
<office:meta>
  <dc:description>text/common/02/01170001</dc:description>
  <dc:subject>Kontextmenü eines Kontrollfelds</dc:subject>

  <dc:language>de-DE</dc:language>
  <meta:user-defined meta:name="Info 0">READY</meta:user-defined>
  <meta:user-defined meta:name="Info 1">FREE_OK</meta:user-defined>
  <meta:user-defined meta:name="Info 2">HTML_OK</meta:user-defined>
  <meta:user-defined meta:name="Info 3"/>
</office:meta>
 <office:script/>
 <office:font-decls>
  <style:font-decl style:name="StarSymbol" fo:font-family="StarSymbol" style:font-charset="x-symbol"/>
  <style:font-decl style:name="Courier New" fo:font-family="&apos;Courier New&apos;" style:font-style-name="Standard" style:font-family-generic="modern" style:font-pitch="fixed"/>
  <style:font-decl style:name="Courier" fo:font-family="Courier" style:font-family-generic="roman" style:font-pitch="fixed"/>
  <style:font-decl style:name="Arial Unicode MS" fo:font-family="&apos;Arial Unicode MS&apos;" style:font-pitch="variable"/>
  <style:font-decl style:name="HG Mincho Light J" fo:font-family="&apos;HG Mincho Light J&apos;" style:font-pitch="variable"/>
  <style:font-decl style:name="Times New Roman3" fo:font-family="&apos;Times New Roman&apos;" style:font-pitch="variable"/>
  <style:font-decl style:name="Thorndale" fo:font-family="Thorndale" style:font-family-generic="roman" style:font-pitch="variable"/>
  <style:font-decl style:name="Times New Roman2" fo:font-family="&apos;Times New Roman&apos;" style:font-style-name="Fett" style:font-family-generic="roman" style:font-pitch="variable"/>
  <style:font-decl style:name="Times New Roman" fo:font-family="&apos;Times New Roman&apos;" style:font-style-name="Standard" style:font-family-generic="roman" style:font-pitch="variable"/>
  <style:font-decl style:name="Times New Roman1" fo:font-family="&apos;Times New Roman&apos;" style:font-family-generic="swiss" style:font-pitch="variable"/>
 </office:font-decls>
 <office:automatic-styles>
  <style:style style:name="P1" style:family="paragraph" style:parent-style-name="Paragraph" style:master-page-name="HTML">
   <style:properties style:page-number="0"/>
  </style:style>
 </office:automatic-styles>
 <office:body>
  <text:variable-decls>
   <text:variable-decl text:value-type="string" text:name="HTML_ON"/>
   <text:variable-decl text:value-type="string" text:name="HTML_OFF"/>
   <text:variable-decl text:value-type="string" text:name="TITEL"/>
   <text:variable-decl text:value-type="string" text:name="END"/>
   <text:variable-decl text:value-type="string" text:name="HelpID"/>
   <text:variable-decl text:value-type="string" text:name="NAME"/>
   <text:variable-decl text:value-type="string" text:name="HREF"/>
   <text:variable-decl text:value-type="string" text:name="MODIFY"/>
   <text:variable-decl text:value-type="string" text:name="REFNR"/>
   <text:variable-decl text:value-type="string" text:name="AKTHLP"/>
   <text:variable-decl text:value-type="string" text:name="KEY"/>
   <text:variable-decl text:value-type="string" text:name="INDEX"/>
   <text:variable-decl text:value-type="string" text:name="MAC"/>
   <text:variable-decl text:value-type="string" text:name="ELSE"/>
   <text:variable-decl text:value-type="string" text:name="OS2"/>
   <text:variable-decl text:value-type="string" text:name="HFELD"/>
  </text:variable-decls>
  <text:sequence-decls>
   <text:sequence-decl text:display-outline-level="0" text:name="Illustration"/>
   <text:sequence-decl text:display-outline-level="0" text:name="Table"/>
   <text:sequence-decl text:display-outline-level="0" text:name="Text"/>
   <text:sequence-decl text:display-outline-level="0" text:name="Drawing"/>
  </text:sequence-decls>
  <text:p text:style-name="P1"/>
  <text:p text:style-name="Head 1">Kontextmenü eines Kontrollfelds</text:p>
  <text:p text:style-name="Paragraph">Im Kontextmenü eines Kontrollfelds finden Sie u. a. den folgenden Befehl:</text:p>
  <text:p text:style-name="Head 2"><help:help-id value="SID_FM_CHANGECONTROLTYPE"/>Ersetzen durch</text:p>
  <text:p text:style-name="Paragraph"><help:help-text value="visible">Ruft ein Untermenü auf, in dem Sie einen Kontrollfeldtyp auswählen können, der das ausgewählte Kontrollfeld ersetzen soll.</help:help-text> Das im Dokument ausgewählte Kontrollfeld wird in das neu gewählte Kontrollfeld umgewandelt. Es werden so viele Eigenschaften wie möglich übernommen.</text:p>
  <text:p text:style-name="Head 3"><help:help-id value="SID_FM_CONVERTTO_EDIT"/>Textfeld</text:p>
  <text:p text:style-name="Paragraph"><help:help-text value="visible">Das ausgewählte Kontrollfeld wird in ein Textfeld umgewandelt.</help:help-text></text:p>
  <text:p text:style-name="Head 3"><help:help-id value="SID_FM_CONVERTTO_BUTTON"/>Schaltfläche</text:p>
  <text:p text:style-name="Paragraph"><help:help-text value="visible">Das ausgewählte Kontrollfeld wird in eine Schaltfläche umgewandelt.</help:help-text></text:p>
  <text:p text:style-name="Head 3"><help:help-id value="SID_FM_CONVERTTO_FIXEDTEXT"/>Beschriftungsfeld</text:p>
  <text:p text:style-name="Paragraph"><help:help-text value="visible">Das ausgewählte Kontrollfeld wird in ein Beschriftungsfeld umgewandelt.</help:help-text></text:p>
  <text:p text:style-name="Head 3"><help:help-id value="SID_FM_CONVERTTO_LISTBOX"/>Listenfeld</text:p>
  <text:p text:style-name="Paragraph"><help:help-text value="visible">Das ausgewählte Kontrollfeld wird in ein Listenfeld umgewandelt.</help:help-text></text:p>
  <text:p text:style-name="Head 3"><help:help-id value="SID_FM_CONVERTTO_CHECKBOX"/>Markierfeld</text:p>
  <text:p text:style-name="Paragraph"><help:help-text value="visible">Das ausgewählte Kontrollfeld wird in ein Markierfeld umgewandelt.</help:help-text></text:p>
  <text:p text:style-name="Head 3"><help:help-id value="SID_FM_CONVERTTO_RADIOBUTTON"/>Optionsfeld</text:p>
  <text:p text:style-name="Paragraph"><help:help-text value="visible">Das ausgewählte Kontrollfeld wird in ein Optionsfeld umgewandelt.</help:help-text></text:p>
  <text:p text:style-name="Head 3"><help:help-id value="SID_FM_CONVERTTO_COMBOBOX"/>Kombinationsfeld</text:p>
  <text:p text:style-name="Paragraph"><help:help-text value="visible">Das ausgewählte Kontrollfeld wird in ein Kombinationsfeld umgewandelt.</help:help-text></text:p>
  <text:p text:style-name="Head 3"><help:help-id value="SID_FM_CONVERTTO_IMAGEBUTTON"/>Grafische Schaltfläche</text:p>
  <text:p text:style-name="Paragraph"><help:help-text value="visible">Das ausgewählte Kontrollfeld wird in eine grafische Schaltfläche umgewandelt.</help:help-text></text:p>
  <text:p text:style-name="Head 3"><help:help-id value="SID_FM_CONVERTTO_FILECONTROL"/>Dateiauswahl</text:p>
  <text:p text:style-name="Paragraph"><help:help-text value="visible">Das ausgewählte Kontrollfeld wird in eine Schaltfläche zur Dateiauswahl umgewandelt.</help:help-text></text:p>
  <text:p text:style-name="Head 3"><help:help-id value="SID_FM_CONVERTTO_DATE"/>Datumsfeld</text:p>
  <text:p text:style-name="Paragraph"><help:help-text value="visible">Das ausgewählte Kontrollfeld wird in ein Datumsfeld umgewandelt.</help:help-text></text:p>
  <text:p text:style-name="Head 3"><help:help-id value="SID_FM_CONVERTTO_TIME"/>Zeitfeld</text:p>
  <text:p text:style-name="Paragraph"><help:help-text value="visible">Das ausgewählte Kontrollfeld wird in ein Zeitfeld umgewandelt.</help:help-text></text:p>
  <text:p text:style-name="Head 3"><help:help-id value="SID_FM_CONVERTTO_NUMERIC"/>Numerisches Feld</text:p>
  <text:p text:style-name="Paragraph"><help:help-text value="visible">Das ausgewählte Kontrollfeld wird in ein numerisches Feld umgewandelt.</help:help-text></text:p>
  <text:p text:style-name="Head 3"><help:help-id value="SID_FM_CONVERTTO_CURRENCY"/>Währungsfeld</text:p>
  <text:p text:style-name="Paragraph"><help:help-text value="visible">Das ausgewählte Kontrollfeld wird in ein Währungsfeld umgewandelt.</help:help-text></text:p>
  <text:p text:style-name="Head 3"><help:help-id value="SID_FM_CONVERTTO_PATTERN"/>Maskiertes Feld</text:p>
  <text:p text:style-name="Paragraph"><help:help-text value="visible">Das ausgewählte Kontrollfeld wird in ein maskiertes Feld umgewandelt.</help:help-text></text:p>
  <text:p text:style-name="Head 3"><help:help-id value="SID_FM_CONVERTTO_IMAGECONTROL"/>Grafisches Kontrollfeld</text:p>
  <text:p text:style-name="Paragraph"><help:help-text value="visible">Das ausgewählte Kontrollfeld wird in ein grafisches Kontrollfeld umgewandelt.</help:help-text></text:p>
  <text:p text:style-name="Head 3"><help:help-id value="SID_FM_CONVERTTO_FORMATTED"/>Formatiertes Feld</text:p>
  <text:p text:style-name="Paragraph"><help:help-text value="visible">Das ausgewählte Kontrollfeld wird in ein formatiertes Feld umgewandelt.</help:help-text></text:p>
 </office:body>
</office:document>
