

<office:document  xmlns:office="http://openoffice.org/2000/office" xmlns:style="http://openoffice.org/2000/style" xmlns:text="http://openoffice.org/2000/text" xmlns:table="http://openoffice.org/2000/table" xmlns:draw="http://openoffice.org/2000/drawing" xmlns:fo="http://www.w3.org/1999/XSL/Format" xmlns:xlink="http://www.w3.org/1999/xlink" xmlns:number="http://openoffice.org/2000/datastyle" xmlns:svg="http://www.w3.org/2000/svg" xmlns:chart="http://openoffice.org/2000/chart" xmlns:dr3d="http://openoffice.org/2000/dr3d" xmlns:math="http://www.w3.org/1998/Math/MathML" xmlns:form="http://openoffice.org/2000/form" xmlns:script="http://openoffice.org/2000/script" office:class="text" office:version="1.0" xmlns:dc="http://purl.org/dc/elements/1.1/" xmlns:meta="http://openoffice.org/2000/meta" xmlns:help="http://openoffice.org/2000/help">
<office:meta>
  <dc:description>text/common/02/01170300</dc:description>
  <dc:subject>Aktivierungsreihenfolge</dc:subject>
  <meta:keywords>
   <meta:keyword>$Version</meta:keyword>
  </meta:keywords>
  <dc:language>de-DE</dc:language>
  <meta:user-defined meta:name="Info 0">READY</meta:user-defined>
  <meta:user-defined meta:name="Info 1">FREE_OK</meta:user-defined>
  <meta:user-defined meta:name="Info 2"/>
  <meta:user-defined meta:name="Info 3"/>
</office:meta>
 <office:script/>
 <office:font-decls>
  <style:font-decl style:name="StarSymbol" fo:font-family="StarSymbol" style:font-charset="x-symbol"/>
  <style:font-decl style:name="Courier New" fo:font-family="&apos;Courier New&apos;" style:font-style-name="Standard" style:font-family-generic="modern" style:font-pitch="fixed"/>
  <style:font-decl style:name="Courier" fo:font-family="Courier" style:font-family-generic="roman" style:font-pitch="fixed"/>
  <style:font-decl style:name="Arial Unicode MS" fo:font-family="&apos;Arial Unicode MS&apos;" style:font-pitch="variable"/>
  <style:font-decl style:name="HG Mincho Light J" fo:font-family="&apos;HG Mincho Light J&apos;" style:font-pitch="variable"/>
  <style:font-decl style:name="Times New Roman3" fo:font-family="&apos;Times New Roman&apos;" style:font-pitch="variable"/>
  <style:font-decl style:name="Thorndale" fo:font-family="Thorndale" style:font-family-generic="roman" style:font-pitch="variable"/>
  <style:font-decl style:name="Times New Roman2" fo:font-family="&apos;Times New Roman&apos;" style:font-style-name="Fett" style:font-family-generic="roman" style:font-pitch="variable"/>
  <style:font-decl style:name="Times New Roman" fo:font-family="&apos;Times New Roman&apos;" style:font-style-name="Standard" style:font-family-generic="roman" style:font-pitch="variable"/>
  <style:font-decl style:name="Times New Roman1" fo:font-family="&apos;Times New Roman&apos;" style:font-family-generic="swiss" style:font-pitch="variable"/>
 </office:font-decls>
 <office:automatic-styles>
  <style:style style:name="P1" style:family="paragraph" style:parent-style-name="Paragraph" style:master-page-name="HTML">
   <style:properties style:page-number="0"/>
  </style:style>
  <style:style style:name="T1" style:family="text">
   <style:properties fo:font-weight="bold"/>
  </style:style>
 </office:automatic-styles>
 <office:body>
  <text:variable-decls>
   <text:variable-decl text:value-type="string" text:name="HTML_ON"/>
   <text:variable-decl text:value-type="string" text:name="HTML_OFF"/>
   <text:variable-decl text:value-type="string" text:name="TITEL"/>
   <text:variable-decl text:value-type="string" text:name="END"/>
   <text:variable-decl text:value-type="string" text:name="HelpID"/>
   <text:variable-decl text:value-type="string" text:name="NAME"/>
   <text:variable-decl text:value-type="string" text:name="HREF"/>
   <text:variable-decl text:value-type="string" text:name="MODIFY"/>
   <text:variable-decl text:value-type="string" text:name="REFNR"/>
   <text:variable-decl text:value-type="string" text:name="AKTHLP"/>
   <text:variable-decl text:value-type="string" text:name="STYLE"/>
  </text:variable-decls>
  <text:sequence-decls>
   <text:sequence-decl text:display-outline-level="0" text:name="Illustration"/>
   <text:sequence-decl text:display-outline-level="0" text:name="Table"/>
   <text:sequence-decl text:display-outline-level="0" text:name="Text"/>
   <text:sequence-decl text:display-outline-level="0" text:name="Drawing"/>
  </text:sequence-decls>
  <help:to-be-embedded Eid="tabordner"><a name="tabordner"/>
  <text:p text:style-name="Head 1"><help:help-id value="SID_FM_TAB_DIALOG"/><help:link Id="66039">Aktivierungsreihenfolge</help:link></text:p>
  <text:p text:style-name="Paragraph"><help:to-be-embedded Eid="text"><help:help-text value="visible">Im Dialog <text:span text:style-name="T1">Aktivierungsreihenfolge</text:span> lässt sich festlegen, in welcher Reihenfolge die Kontrollfelder bei Betätigung der Tabulatortaste den Fokus erhalten.</help:help-text></help:to-be-embedded></text:p>
  </help:to-be-embedded>
  <help:popup Id="65594" Eid="tabordner"><help:embedded Id="65598" Eid="wie"></help:embedded></help:popup>
  <text:p text:style-name="Paragraph">Die Reihenfolge, in welcher die Tabulatortaste die Kontrollfelder eines Formulars auswählt, wird beim Einfügen von Formularelementen in ein Dokument automatisch von <help:productname>%PRODUCTNAME</help:productname> bestimmt. Jedes neu hinzugefügte Kontrollfeld wird automatisch an das Ende der Folge gesetzt. Der Dialog <text:span text:style-name="T1">Aktivierungsreihenfolge</text:span> bietet Ihnen die Möglichkeit, diese Reihenfolge beliebig anzupassen.</text:p>
  <text:p text:style-name="Paragraph">Sie können den Index eines Kontrollfelds auch über seine spezifischen Eigenschaften definieren, indem Sie im Dialog <text:span text:style-name="T1">Eigenschaften</text:span> des Kontrollfelds einen Wert in das Feld <help:link Id="65921" Eid="reihenfolge"><text:span text:style-name="T1">Reihenfolge</text:span></help:link> eingeben.</text:p>
  <text:p text:style-name="Paragraph">Optionsfelder können nur dann mit der Tabulatortaste erreicht werden, wenn ein Optionsfeld ausgewählt ist. In einer Gruppierung von Optionsfeldern, in der keines der Felder ausgewählt ist, kann mit der Tastatur weder auf die Gruppierung noch auf die einzelnen Optionsfelder zugegriffen werden</text:p>
  <text:p text:style-name="Head 2"><help:help-id value="HID_TABORDER_CONTROLS"/>Kontrollelemente</text:p>
  <text:p text:style-name="Paragraph"><help:help-text value="visible">Hier sind alle Kontrollfelder des Formulars aufgeführt. Diese Kontrollfelder lassen sich mit der Tabulatortaste auswählen.</help:help-text> Wenn Sie die Position eines Kontrollfelds in der Aktivierungsreihenfolge ändern möchten, wählen Sie es unter <text:span text:style-name="T1">Kontrollelemente</text:span> aus.</text:p>
  <text:p text:style-name="Head 2"><help:help-id value="SVX_PUSHBUTTON_RID_SVXDLG_TAB_ORDER_PB_MOVE_UP"/>Index kleiner</text:p>
  <text:p text:style-name="Paragraph"><help:help-text value="visible">Um das ausgewählte Kontrollfeld in der Aktivierungsreihenfolg um eine Position nach vorne zu verschieben, klicken Sie auf die Schaltfläche <text:span text:style-name="T1">Index kleiner</text:span>.</help:help-text></text:p>
  <text:p text:style-name="Head 2"><help:help-id value="SVX_PUSHBUTTON_RID_SVXDLG_TAB_ORDER_PB_MOVE_DOWN"/>Index größer</text:p>
  <text:p text:style-name="Paragraph"><help:help-text value="visible">Um das ausgewählte Kontrollfeld in der Aktivierungsreihenfolg um eine Position nach hinten zu verschieben, klicken Sie auf die Schaltfläche <text:span text:style-name="T1">Index größer</text:span>.</help:help-text></text:p>
  <text:p text:style-name="Head 2"><help:help-id value="SVX_PUSHBUTTON_RID_SVXDLG_TAB_ORDER_PB_AUTO_ORDER"/>Auto Sortierung</text:p>
  <text:p text:style-name="Paragraph"><help:help-text value="visible">Klicken Sie auf die Schaltfläche <text:span text:style-name="T1">Auto Sortierung</text:span>, um die Kontrollfelder gemäß ihrer Position im Dokument automatisch anordnen zu lassen.</help:help-text></text:p>
 </office:body>
</office:document>
