

<office:document  xmlns:office="http://openoffice.org/2000/office" xmlns:style="http://openoffice.org/2000/style" xmlns:text="http://openoffice.org/2000/text" xmlns:table="http://openoffice.org/2000/table" xmlns:draw="http://openoffice.org/2000/drawing" xmlns:fo="http://www.w3.org/1999/XSL/Format" xmlns:xlink="http://www.w3.org/1999/xlink" xmlns:number="http://openoffice.org/2000/datastyle" xmlns:svg="http://www.w3.org/2000/svg" xmlns:chart="http://openoffice.org/2000/chart" xmlns:dr3d="http://openoffice.org/2000/dr3d" xmlns:math="http://www.w3.org/1998/Math/MathML" xmlns:form="http://openoffice.org/2000/form" xmlns:script="http://openoffice.org/2000/script" office:class="text" office:version="1.0" xmlns:dc="http://purl.org/dc/elements/1.1/" xmlns:meta="http://openoffice.org/2000/meta" xmlns:help="http://openoffice.org/2000/help">
<office:meta>
  <dc:description>text/common/02/12070100</dc:description>
  <dc:subject>Tabelle</dc:subject>

  <dc:language>de-DE</dc:language>
  <meta:user-defined meta:name="Info 0">READY</meta:user-defined>
  <meta:user-defined meta:name="Info 1">FREE_OK</meta:user-defined>
  <meta:user-defined meta:name="Info 2"/>
  <meta:user-defined meta:name="Info 3"/>
</office:meta>
 <office:script/>
 <office:font-decls>
  <style:font-decl style:name="StarSymbol" fo:font-family="StarSymbol" style:font-charset="x-symbol"/>
  <style:font-decl style:name="Courier New" fo:font-family="&apos;Courier New&apos;" style:font-style-name="Standard" style:font-family-generic="modern" style:font-pitch="fixed"/>
  <style:font-decl style:name="Courier" fo:font-family="Courier" style:font-family-generic="roman" style:font-pitch="fixed"/>
  <style:font-decl style:name="Arial Unicode MS" fo:font-family="&apos;Arial Unicode MS&apos;" style:font-pitch="variable"/>
  <style:font-decl style:name="HG Mincho Light J" fo:font-family="&apos;HG Mincho Light J&apos;" style:font-pitch="variable"/>
  <style:font-decl style:name="Times New Roman3" fo:font-family="&apos;Times New Roman&apos;" style:font-pitch="variable"/>
  <style:font-decl style:name="Thorndale" fo:font-family="Thorndale" style:font-family-generic="roman" style:font-pitch="variable"/>
  <style:font-decl style:name="Times New Roman2" fo:font-family="&apos;Times New Roman&apos;" style:font-style-name="Fett" style:font-family-generic="roman" style:font-pitch="variable"/>
  <style:font-decl style:name="Times New Roman" fo:font-family="&apos;Times New Roman&apos;" style:font-style-name="Standard" style:font-family-generic="roman" style:font-pitch="variable"/>
  <style:font-decl style:name="Times New Roman1" fo:font-family="&apos;Times New Roman&apos;" style:font-family-generic="swiss" style:font-pitch="variable"/>
 </office:font-decls>
 <office:automatic-styles>
  <style:style style:name="Tabelle1" style:family="table">
   <style:properties style:width="18cm" table:align="margins"/>
  </style:style>
  <style:style style:name="Tabelle1.A" style:family="table-column">
   <style:properties style:column-width="1.499cm" style:rel-column-width="850*"/>
  </style:style>
  <style:style style:name="Tabelle1.B" style:family="table-column">
   <style:properties style:column-width="16.498cm" style:rel-column-width="9352*"/>
  </style:style>
  <style:style style:name="Tabelle1.1" style:family="table-row">
   <style:properties style:min-row-height="0.848cm"/>
  </style:style>
  <style:style style:name="Tabelle1.A1" style:family="table-cell">
   <style:properties fo:padding="0cm" fo:border="none"/>
  </style:style>
  <style:style style:name="P1" style:family="paragraph" style:parent-style-name="Paragraph" style:master-page-name="HTML">
   <style:properties style:page-number="0"/>
  </style:style>
  <style:style style:name="T1" style:family="text">
   <style:properties fo:font-weight="bold"/>
  </style:style>
  <style:style style:name="fr1" style:family="graphics" style:parent-style-name="Graphics">
   <style:properties fo:margin-left="0cm" fo:margin-right="0cm" fo:margin-top="0cm" fo:margin-bottom="0cm" style:run-through="foreground" style:wrap="run-through" style:vertical-pos="middle" style:vertical-rel="paragraph" style:horizontal-pos="left" style:horizontal-rel="paragraph" style:mirror="none" fo:clip="rect(0cm 0cm 0cm 0cm)" draw:luminance="0%" draw:contrast="0%" draw:red="0%" draw:green="0%" draw:blue="0%" draw:gamma="1" draw:color-inversion="false" draw:transparency="-100%" draw:color-mode="standard"/>
  </style:style>
 </office:automatic-styles>
 <office:body>
  <text:variable-decls>
   <text:variable-decl text:value-type="string" text:name="HTML_ON"/>
   <text:variable-decl text:value-type="string" text:name="HTML_OFF"/>
   <text:variable-decl text:value-type="string" text:name="TITEL"/>
   <text:variable-decl text:value-type="string" text:name="END"/>
   <text:variable-decl text:value-type="string" text:name="NAME"/>
   <text:variable-decl text:value-type="string" text:name="HREF"/>
   <text:variable-decl text:value-type="string" text:name="MODIFY"/>
   <text:variable-decl text:value-type="string" text:name="REFNR"/>
   <text:variable-decl text:value-type="string" text:name="HelpID"/>
   <text:variable-decl text:value-type="string" text:name="AKTHLP"/>
   <text:variable-decl text:value-type="string" text:name="INDEX"/>
   <text:variable-decl text:value-type="string" text:name="HFELD"/>
   <text:variable-decl text:value-type="string" text:name="ELSE"/>
   <text:variable-decl text:value-type="string" text:name="STYLE"/>
  </text:variable-decls>
  <text:sequence-decls>
   <text:sequence-decl text:display-outline-level="0" text:name="Illustration"/>
   <text:sequence-decl text:display-outline-level="0" text:name="Table"/>
   <text:sequence-decl text:display-outline-level="0" text:name="Text"/>
   <text:sequence-decl text:display-outline-level="0" text:name="Drawing"/>
  </text:sequence-decls>
  <text:p text:style-name="P1"/>
  <text:p text:style-name="Head 1"><help:help-id value="SW_RADIOBUTTON_DLG_AP_INSERT_DB_SEL_RB_AS_TABLE"/>Tabelle</text:p>
  <text:p text:style-name="Paragraph"><help:key-word value="Datenbankinhalt; als Tabelle einfügen" tag="kw65912_1"/><help:help-text value="hide">Fügt die im Datenquellen-Browser ausgewählten Daten als Tabelle in das Dokument ein.</help:help-text>Wählen Sie im Dialog <text:span text:style-name="T1">Datenbankspalten einfügen</text:span> die Option <text:span text:style-name="T1">Tabelle</text:span>, damit die ausgewählten Daten als Tabelle in das Dokument eingefügt werden. In diesem Dialog entscheiden Sie, welche Datenbankfelder oder -spalten übertragen und wie die Texttabelle formatiert werden soll.</text:p>
  <text:p text:style-name="Head 2">Tabelle</text:p>
  <text:p text:style-name="Paragraph">Im Bereich <text:span text:style-name="T1">Tabelle</text:span> wählen Sie mithilfe der Pfeilschaltflächen die Spalten der Datenbanktabelle aus, die in die Texttabelle übertragen werden sollen.</text:p>
  <text:p text:style-name="Head 3"><help:help-id value="SW_LISTBOX_DLG_AP_INSERT_DB_SEL_LB_TBL_DB_COLUMN"/>Datenbankspalten</text:p>
  <text:p text:style-name="Paragraph"><help:help-text value="visible">Hier geben Sie die in die Texttabelle einzufügenden Datenbankspalten an.</help:help-text> Hier sind alle Spalten der Datenbanktabelle aufgeführt, die nicht in das Listenfeld <text:span text:style-name="T1">Tabellenspalte(n)</text:span> übernommen wurden. Die Einträge sind in alphabetischer Reihenfolge aufgeführt.</text:p>
  <text:p text:style-name="Head 3"><help:help-id value="SW_LISTBOX_DLG_AP_INSERT_DB_SEL_LB_TABLE_COL"/>Tabellenspalte(n)</text:p>
  <text:p text:style-name="Paragraph"><help:help-text value="visible">Hier sind alle in das Dokument einzufügenden Spalten aus der Datenbank aufgeführt.</help:help-text> Jedem Eintrag in der Tabelle wird eine Spalte zugewiesen. Die Reihenfolge der Einträge im Listenfeld <text:span text:style-name="T1">Tabelle</text:span> gibt die Reihenfolge der Daten in der Texttabelle vor.</text:p>
  <text:p text:style-name="Head 3"><help:help-id value="SW_IMAGEBUTTON_DLG_AP_INSERT_DB_SEL_IB_DBCOL_ALL_TO"/>&gt;&gt;</text:p>
  <text:p text:style-name="Paragraph"><help:help-text value="visible">Verschiebt alle aufgeführten Datenbankfelder in das Listenfeld <text:span text:style-name="T1">Tabellenspalte(n)</text:span>.</help:help-text> Alle im Listenfeld <text:span text:style-name="T1">Tabellenspalte(n)</text:span> aufgeführten Felder werden in das Dokument eingefügt.</text:p>
  <text:p text:style-name="Head 3"><help:help-id value="SW_IMAGEBUTTON_DLG_AP_INSERT_DB_SEL_IB_DBCOL_ONE_TO"/>&gt;</text:p>
  <text:p text:style-name="Paragraph"><help:help-text value="visible">Verschiebt die ausgewählten Datenbankfelder in das Listenfeld <text:span text:style-name="T1">Tabellenspalte(n)</text:span>. </help:help-text> Sie können auch auf einen Eintrag doppelklicken, um ihn in das Listenfeld <text:span text:style-name="T1">Tabellenspalte(n)</text:span> zu übertragen. Alle im Listenfeld <text:span text:style-name="T1">Tabellenspalte(n)</text:span> aufgeführten Felder werden in das Dokument eingefügt.</text:p>
  <text:p text:style-name="Head 3"><help:help-id value="SW_IMAGEBUTTON_DLG_AP_INSERT_DB_SEL_IB_DBCOL_ONE_FROM"/>&lt;</text:p>
  <text:p text:style-name="Paragraph"><help:help-text value="visible">Entfernt das ausgewählte Datenbankfeld aus dem Listenfeld <text:span text:style-name="T1">Tabellenspalte(n)</text:span></help:help-text> Das entfernte Feld wird nicht in das Dokument eingefügt.</text:p>
  <text:p text:style-name="Head 3"><help:help-id value="SW_IMAGEBUTTON_DLG_AP_INSERT_DB_SEL_IB_DBCOL_ALL_FROM"/>&lt;&lt;</text:p>
  <text:p text:style-name="Paragraph"><help:help-text value="visible">Entfernt alle Datenbankfelder aus dem Listenfeld <text:span text:style-name="T1">Tabellenspalte(n)</text:span>.</help:help-text></text:p>
  <help:to-be-embedded Eid="format">
  <text:p text:style-name="Head 2">Format</text:p>
  <text:p text:style-name="Paragraph">Hier können Sie das Format bestimmen, in dem die Inhalte der Datenbankfelder in das Dokument eingefügt werden sollen.</text:p>
  <text:p text:style-name="Head 3"><help:help-id value="SW_RADIOBUTTON_DLG_AP_INSERT_DB_SEL_RB_DBFMT_FROM_DB"/>Aus Datenbank</text:p>
  <text:p text:style-name="Paragraph"><help:help-text value="visible">Die Datenbankformate werden übernommen.</help:help-text></text:p>
  <text:p text:style-name="Head 3"><help:help-id value="SW_RADIOBUTTON_DLG_AP_INSERT_DB_SEL_RB_DBFMT_FROM_USR"/><help:help-id value="SW_LISTBOX_DLG_AP_INSERT_DB_SEL_LB_DBFMT_FROM_USR"/>Auswahl</text:p>
  <text:p text:style-name="Paragraph"><help:help-text value="visible">Hier wählen Sie ein Format für Datenfelder, deren eigene Formatinformationen nicht akzeptiert werden.</help:help-text> Die hier angebotenen Formate sind nur für bestimmte Datenbankfelder, z. B. numerische oder Boolesche Felder, verfügbar. Für Datenbankfelder in Textformat kann keines der Formate in der Liste gewählt werden. In diesem Fall wird das Textformat automatisch beibehalten.</text:p>
  <text:p text:style-name="Paragraph">Ist das von Ihnen gewünschte Format nicht mit aufgelistet, dann wählen Sie den Eintrag &quot;Weitere Formate...&quot;, um im Dialog <help:link Id="65738"><text:span text:style-name="T1">Zahlenformat</text:span></help:link> das gewünschte Format festzulegen.</text:p>
  <text:p text:style-name="Paragraph">Die Zuweisung eines Zahlenformats mit Hilfe der Auswahlliste bezieht sich stets auf das im Listenfeld <text:span text:style-name="T1">Datenbankspalten</text:span> ausgewählte Datenbankfeld.</text:p>
  </help:to-be-embedded>
  <table:table table:name="Tabelle1" table:style-name="Tabelle1">
   <table:table-column table:style-name="Tabelle1.A"/>
   <table:table-column table:style-name="Tabelle1.B"/>
   <table:table-header-rows>
    <table:table-row table:style-name="Tabelle1.1">
     <table:table-cell table:style-name="Tabelle1.A1" table:value-type="string">
      <text:p text:style-name="Paragraph"><draw:image draw:name="Symbol0" svg:desc="Dieses Symbol weist auf einen Textabschnitt hin, der weitergehende Informationen enthält." svg:pixelx="32" svg:pixely="32" svg:width="0.847cm" svg:height="0.847cm" xlink:href="65980" draw:filter-name=""/></text:p>

     </table:table-cell>
     <table:table-cell table:style-name="Tabelle1.A1" table:value-type="string">
      <text:p text:style-name="Paragraph">Um die Daten in Form einer Tabelle in das Dokument einfügen zu können, muss die richtige <text:span text:style-name="T1">Tabellenoption</text:span> aktiviert sein. Dann können Sie im Listenfeld <text:span text:style-name="T1">Tabellenspalte(n)</text:span> ein Datenbankfeld wählen und seine Formatierung bestimmen. Änderungen des Zahlenformats werden auf die letzte Auswahl angewendet. Dabei spielt es keine Rolle, ob das Datenbankfeld im Listenfeld <text:span text:style-name="T1">Datenbankspalten</text:span> oder <text:span text:style-name="T1">Tabellenspalte(n)</text:span> ausgewählt wurde.</text:p>
     </table:table-cell>
    </table:table-row>
   </table:table-header-rows>
  </table:table>
  <text:p text:style-name="Head 3"><help:help-id value="SW_CHECKBOX_DLG_AP_INSERT_DB_SEL_CB_TABLE_HEADON"/>Tabellenüberschrift einfügen</text:p>
  <text:p text:style-name="Paragraph"><help:help-text value="visible">Hier geben Sie an, ob eine Überschriftzeile für die Spalten in der Texttabelle eingefügt werden soll.</help:help-text></text:p>
  <text:p text:style-name="Head 3"><help:help-id value="SW_RADIOBUTTON_DLG_AP_INSERT_DB_SEL_RB_HEADL_COLNMS"/>Spaltennamen übernehmen</text:p>
  <text:p text:style-name="Paragraph"><help:help-text value="visible">Die Feldnamen der Datenbanktabelle werden als Überschrift für die einzelnen Spalten der Texttabelle verwendet.</help:help-text></text:p>
  <text:p text:style-name="Head 3"><help:help-id value="SW_RADIOBUTTON_DLG_AP_INSERT_DB_SEL_RB_HEADL_EMPTY"/>Nur Zeile erstellen</text:p>
  <text:p text:style-name="Paragraph"><help:help-text value="visible">Es wird eine leere Überschriftzeile in die Texttabelle eingefügt.</help:help-text> Die Option <text:span text:style-name="T1">Nur Zeile erstellen</text:span> lässt Ihnen die Möglichkeit, von den Feldnamen der Datenbank abweichende Überschriften für die Tabelle im Dokument zu wählen.</text:p>
  <text:p text:style-name="Head 3"><help:help-id value="SW_PUSHBUTTON_DLG_AP_INSERT_DB_SEL_PB_TBL_FORMAT"/>Eigenschaften</text:p>
  <text:p text:style-name="Paragraph"><help:help-text value="visible">Öffnet den Dialog <help:switch select="Program"><help:case select="WRITER"><help:link Id="67676"><text:span text:style-name="T1">Tabellenformat</text:span></help:link> </help:case><help:default> <text:span text:style-name="T1"><text:s/>Tabellenformat</text:span></help:default></help:switch>, in dem Sie Tabelleneigenschaften wie Umrandung, Hintergrund und Spaltenbreite festlegen können.</help:help-text></text:p>
  <text:p text:style-name="Head 3"><help:help-id value="SW_PUSHBUTTON_DLG_AP_INSERT_DB_SEL_PB_TBL_AUTOFMT"/>AutoFormat</text:p>
  <text:p text:style-name="Paragraph"><help:help-text value="visible">Öffnet den Dialog <help:switch select="Program"><help:case select="WRITER"><help:link Id="67697"><text:span text:style-name="T1">AutoFormat</text:span></help:link></help:case><help:default>AutoFormat</help:default></help:switch> mit einer Auswahl an Formatvorlagen, die sich sofort auf die eingefügte Tabelle anwenden lassen.</help:help-text></text:p>
 </office:body>
</office:document>
