

<office:document  xmlns:office="http://openoffice.org/2000/office" xmlns:style="http://openoffice.org/2000/style" xmlns:text="http://openoffice.org/2000/text" xmlns:table="http://openoffice.org/2000/table" xmlns:draw="http://openoffice.org/2000/drawing" xmlns:fo="http://www.w3.org/1999/XSL/Format" xmlns:xlink="http://www.w3.org/1999/xlink" xmlns:number="http://openoffice.org/2000/datastyle" xmlns:svg="http://www.w3.org/2000/svg" xmlns:chart="http://openoffice.org/2000/chart" xmlns:dr3d="http://openoffice.org/2000/dr3d" xmlns:math="http://www.w3.org/1998/Math/MathML" xmlns:form="http://openoffice.org/2000/form" xmlns:script="http://openoffice.org/2000/script" office:class="text" office:version="1.0" xmlns:dc="http://purl.org/dc/elements/1.1/" xmlns:meta="http://openoffice.org/2000/meta" xmlns:help="http://openoffice.org/2000/help">
<office:meta>
  <dc:description>text/common/autopi/01010800</dc:description>
  <dc:subject>自動檔案助理 信函 - 第 8 頁</dc:subject>
  <meta:keywords>
   <meta:keyword>$Version</meta:keyword>
  </meta:keywords>
  <dc:language>zh-TW</dc:language>
  <meta:user-defined meta:name="Info 0">READY</meta:user-defined>
  <meta:user-defined meta:name="Info 1">FREE_OK</meta:user-defined>
  <meta:user-defined meta:name="Info 2"/>
  <meta:user-defined meta:name="Info 3"/>
</office:meta>
 <office:script/>
 <office:font-decls>
  <style:font-decl style:name="StarSymbol" fo:font-family="StarSymbol" style:font-charset="x-symbol"/>
  <style:font-decl style:name="Courier New" fo:font-family="&apos;Courier New&apos;" style:font-style-name="Standard" style:font-family-generic="modern" style:font-pitch="fixed"/>
  <style:font-decl style:name="Courier" fo:font-family="Courier" style:font-family-generic="roman" style:font-pitch="fixed"/>
  <style:font-decl style:name="Andale WT UI3" fo:font-family="&apos;Andale WT UI&apos;" style:font-pitch="variable"/>
  <style:font-decl style:name="Arial Unicode MS" fo:font-family="&apos;Arial Unicode MS&apos;" style:font-pitch="variable"/>
  <style:font-decl style:name="HG Mincho Light J" fo:font-family="&apos;HG Mincho Light J&apos;" style:font-pitch="variable"/>
  <style:font-decl style:name="Andale WT UI" fo:font-family="&apos;Andale WT UI&apos;" style:font-style-name="Fett" style:font-family-generic="roman" style:font-pitch="variable"/>
  <style:font-decl style:name="Andale WT UI1" fo:font-family="&apos;Andale WT UI&apos;" style:font-style-name="Standard" style:font-family-generic="roman" style:font-pitch="variable"/>
  <style:font-decl style:name="Thorndale" fo:font-family="Thorndale" style:font-family-generic="roman" style:font-pitch="variable"/>
  <style:font-decl style:name="Times New Roman" fo:font-family="&apos;Times New Roman&apos;" style:font-style-name="Fett" style:font-family-generic="roman" style:font-pitch="variable"/>
  <style:font-decl style:name="Andale WT UI2" fo:font-family="&apos;Andale WT UI&apos;" style:font-family-generic="swiss" style:font-pitch="variable"/>
 </office:font-decls>
 <office:automatic-styles>
  <style:style style:name="P1" style:family="paragraph" style:parent-style-name="Paragraph" style:master-page-name="HTML">
   <style:properties style:page-number="0"/>
  </style:style>
  <style:style style:name="T1" style:family="text">
   <style:properties fo:font-weight="bold"/>
  </style:style>
 </office:automatic-styles>
 <office:body>
  <text:variable-decls>
   <text:variable-decl text:value-type="string" text:name="HTML_ON"/>
   <text:variable-decl text:value-type="string" text:name="HTML_OFF"/>
   <text:variable-decl text:value-type="string" text:name="TITEL"/>
   <text:variable-decl text:value-type="string" text:name="END"/>
   <text:variable-decl text:value-type="string" text:name="MAC"/>
   <text:variable-decl text:value-type="string" text:name="ELSE"/>
   <text:variable-decl text:value-type="string" text:name="HREF"/>
   <text:variable-decl text:value-type="string" text:name="NAME"/>
   <text:variable-decl text:value-type="string" text:name="HelpID"/>
   <text:variable-decl text:value-type="string" text:name="MODIFY"/>
   <text:variable-decl text:value-type="string" text:name="REFNR"/>
   <text:variable-decl text:value-type="string" text:name="OS2"/>
   <text:variable-decl text:value-type="string" text:name="AKTHLP"/>
   <text:variable-decl text:value-type="string" text:name="STYLE"/>
  </text:variable-decls>
  <text:sequence-decls>
   <text:sequence-decl text:display-outline-level="0" text:name="Illustration"/>
   <text:sequence-decl text:display-outline-level="0" text:name="Table"/>
   <text:sequence-decl text:display-outline-level="0" text:name="Text"/>
   <text:sequence-decl text:display-outline-level="0" text:name="Drawing"/>
  </text:sequence-decls>
  <help:to-be-embedded Eid="seite8">
  <text:p text:style-name="Head 1"><help:help-id value="HID_LETTER_PAGE8"/><help:link Id="66139">自動檔案助理 信函 - 第 8 頁</help:link></text:p>
  <text:p text:style-name="Paragraph"><help:help-text value="visible">指定用於儲存文件和文件樣式的位置和名稱。</help:help-text></text:p>
  </help:to-be-embedded>
  <help:popup Id="65611" Eid="autopilotbrief8"><help:embedded Id="65598" Eid="wie"></help:embedded></help:popup>
  <help:to-be-embedded Eid="010108text">
  <text:p text:style-name="Head 2">文件資訊</text:p>
  <text:p text:style-name="Paragraph">指定將在文件屬性 (功能表<text:span text:style-name="T1">[檔案] - [屬性]</text:span>) 中自動包含的資料。</text:p>
  <text:p text:style-name="Paragraph">您同樣可以為序列文件指定，針對每份個別文件設定某個資料庫資料欄位的內容當作文件資訊。</text:p>
  </help:to-be-embedded>
  <text:p text:style-name="Paragraph">只有在您建立商務信函的文件樣式，而不是私人信函的文件樣式時，才可以選取這些選項。</text:p>
  <help:help-id value="SW_LISTBOX_DLG_WIZARD_LT_DLG_DOK_LIST_INFTIT"/>
  <help:to-be-embedded Eid="8titel">
  <text:p text:style-name="Head 3">標題</text:p>
  <text:p text:style-name="Paragraph"><help:help-text value="visible">選擇其內容應在<text:span text:style-name="T1">[屬性]</text:span>對話方塊中作為標題顯示的資料欄位。</help:help-text></text:p>
  </help:to-be-embedded>
  <help:help-id value="SW_LISTBOX_DLG_WIZARD_LT_DLG_DOK_LIST_INFTEM"/>
  <help:to-be-embedded Eid="8thema">
  <text:p text:style-name="Head 3">主題</text:p>
  <text:p text:style-name="Paragraph"><help:help-text value="visible">選擇其內容應在<text:span text:style-name="T1">[屬性]</text:span>對話方塊中作為主題顯示的資料欄位。</help:help-text></text:p>
  <text:p text:style-name="Head 2">樣式的檔案名</text:p>
  <text:p text:style-name="Paragraph">指定文件樣式的名稱和描述。</text:p>
  </help:to-be-embedded>
  <help:help-id value="SW_EDIT_DLG_WIZARD_LT_DLG_DOK_EDIT_VORNAM"/>
  <help:to-be-embedded Eid="8name">
  <text:p text:style-name="Head 3">名稱</text:p>
  <text:p text:style-name="Paragraph"><help:help-text value="visible">指定文件樣式的名稱。</help:help-text></text:p>
  </help:to-be-embedded>
  <help:help-id value="SW_EDIT_DLG_WIZARD_LT_DLG_DOK_EDIT_VORINF"/>
  <help:to-be-embedded Eid="8info">
  <text:p text:style-name="Head 3">資訊</text:p>
  <text:p text:style-name="Paragraph"><help:help-text value="visible">指定<text:span text:style-name="T1">[屬性]</text:span>對話方塊之<text:span text:style-name="T1">[描述]</text:span>欄位中的文字。</help:help-text></text:p>
  <text:p text:style-name="Head 2">檔案名稱</text:p>
  <text:p text:style-name="Paragraph">指定文件的檔案名稱。</text:p>
  </help:to-be-embedded>
  <help:help-id value="SW_CHECKBOX_DLG_WIZARD_LT_DLG_DOK_CBOX_AUTOFN"/>
  <help:to-be-embedded Eid="8automatisch">
  <text:p text:style-name="Head 3">自動</text:p>
  <text:p text:style-name="Paragraph"><help:help-text value="visible">指定您是否希望 <help:productname>%PRODUCTNAME</help:productname> 自動指定檔案名稱。</help:help-text></text:p>
  </help:to-be-embedded>
  <help:help-id value="SW_EDIT_DLG_WIZARD_LT_DLG_DOK_EDIT_AUTOFN"/>
  <help:to-be-embedded Eid="8prefix">
  <text:p text:style-name="Head 3">前綴</text:p>
  <text:p text:style-name="Paragraph"><help:help-text value="visible">指定文件檔案名稱的第一部份。</help:help-text></text:p>
  </help:to-be-embedded>
  <help:help-id value="SW_PUSHBUTTON_DLG_WIZARD_LT_DLG_DOK_PBTN_FOLDER"/>
  <help:to-be-embedded Eid="8zielverzeichnis">
  <text:p text:style-name="Head 3">目標目錄</text:p>
  <text:p text:style-name="Paragraph"><help:help-text value="visible">開啟<text:span text:style-name="T1">[選擇路徑]</text:span>對話方塊，使用它您可以選取儲存文件的位置。</help:help-text></text:p>
  </help:to-be-embedded>
  <text:p text:style-name="Paragraph"><help:link Id="66099">繼續至「自動檔案助理 信函」- 第 9 頁</help:link></text:p>
 </office:body>
</office:document>
