

<office:document  xmlns:office="http://openoffice.org/2000/office" xmlns:style="http://openoffice.org/2000/style" xmlns:text="http://openoffice.org/2000/text" xmlns:table="http://openoffice.org/2000/table" xmlns:draw="http://openoffice.org/2000/drawing" xmlns:fo="http://www.w3.org/1999/XSL/Format" xmlns:xlink="http://www.w3.org/1999/xlink" xmlns:number="http://openoffice.org/2000/datastyle" xmlns:svg="http://www.w3.org/2000/svg" xmlns:chart="http://openoffice.org/2000/chart" xmlns:dr3d="http://openoffice.org/2000/dr3d" xmlns:math="http://www.w3.org/1998/Math/MathML" xmlns:form="http://openoffice.org/2000/form" xmlns:script="http://openoffice.org/2000/script" office:class="text" office:version="1.0" xmlns:dc="http://purl.org/dc/elements/1.1/" xmlns:meta="http://openoffice.org/2000/meta" xmlns:help="http://openoffice.org/2000/help">
<office:meta>
  <dc:description>text/common/autopi/01010300</dc:description>
  <dc:subject>自動檔案助理 信函 - 第 3 頁</dc:subject>

  <dc:language>zh-TW</dc:language>
  <meta:user-defined meta:name="Info 0">READY</meta:user-defined>
  <meta:user-defined meta:name="Info 1">FREE_OK</meta:user-defined>
  <meta:user-defined meta:name="Info 2"/>
  <meta:user-defined meta:name="Info 3"/>
</office:meta>
 <office:script/>
 <office:font-decls>
  <style:font-decl style:name="StarSymbol" fo:font-family="StarSymbol" style:font-charset="x-symbol"/>
  <style:font-decl style:name="Courier New" fo:font-family="&apos;Courier New&apos;" style:font-style-name="Standard" style:font-family-generic="modern" style:font-pitch="fixed"/>
  <style:font-decl style:name="Courier" fo:font-family="Courier" style:font-family-generic="roman" style:font-pitch="fixed"/>
  <style:font-decl style:name="Andale WT UI3" fo:font-family="&apos;Andale WT UI&apos;" style:font-pitch="variable"/>
  <style:font-decl style:name="Arial Unicode MS" fo:font-family="&apos;Arial Unicode MS&apos;" style:font-pitch="variable"/>
  <style:font-decl style:name="HG Mincho Light J" fo:font-family="&apos;HG Mincho Light J&apos;" style:font-pitch="variable"/>
  <style:font-decl style:name="Andale WT UI" fo:font-family="&apos;Andale WT UI&apos;" style:font-style-name="Fett" style:font-family-generic="roman" style:font-pitch="variable"/>
  <style:font-decl style:name="Andale WT UI1" fo:font-family="&apos;Andale WT UI&apos;" style:font-style-name="Standard" style:font-family-generic="roman" style:font-pitch="variable"/>
  <style:font-decl style:name="Thorndale" fo:font-family="Thorndale" style:font-family-generic="roman" style:font-pitch="variable"/>
  <style:font-decl style:name="Times New Roman" fo:font-family="&apos;Times New Roman&apos;" style:font-style-name="Fett" style:font-family-generic="roman" style:font-pitch="variable"/>
  <style:font-decl style:name="Andale WT UI2" fo:font-family="&apos;Andale WT UI&apos;" style:font-family-generic="swiss" style:font-pitch="variable"/>
 </office:font-decls>
 <office:automatic-styles>
  <style:style style:name="P1" style:family="paragraph" style:parent-style-name="Paragraph" style:master-page-name="HTML">
   <style:properties style:page-number="0"/>
  </style:style>
  <style:style style:name="T1" style:family="text">
   <style:properties fo:font-weight="bold"/>
  </style:style>
 </office:automatic-styles>
 <office:body>
  <text:variable-decls>
   <text:variable-decl text:value-type="string" text:name="HTML_ON"/>
   <text:variable-decl text:value-type="string" text:name="HTML_OFF"/>
   <text:variable-decl text:value-type="string" text:name="TITEL"/>
   <text:variable-decl text:value-type="string" text:name="END"/>
   <text:variable-decl text:value-type="string" text:name="MAC"/>
   <text:variable-decl text:value-type="string" text:name="ELSE"/>
   <text:variable-decl text:value-type="string" text:name="HREF"/>
   <text:variable-decl text:value-type="string" text:name="NAME"/>
   <text:variable-decl text:value-type="string" text:name="HelpID"/>
   <text:variable-decl text:value-type="string" text:name="MODIFY"/>
   <text:variable-decl text:value-type="string" text:name="REFNR"/>
   <text:variable-decl text:value-type="string" text:name="AKTHLP"/>
   <text:variable-decl text:value-type="string" text:name="STYLE"/>
  </text:variable-decls>
  <text:sequence-decls>
   <text:sequence-decl text:display-outline-level="0" text:name="Illustration"/>
   <text:sequence-decl text:display-outline-level="0" text:name="Table"/>
   <text:sequence-decl text:display-outline-level="0" text:name="Text"/>
   <text:sequence-decl text:display-outline-level="0" text:name="Drawing"/>
  </text:sequence-decls>
  <help:to-be-embedded Eid="seite3">
  <text:p text:style-name="Head 1"><help:help-id value="HID_LETTER_PAGE3"/><help:link Id="66142">自動檔案助理 信函 - 第 3 頁</help:link></text:p>
  <text:p text:style-name="Paragraph"><help:help-text value="visible">定義寄件者的文字和位置。</help:help-text></text:p>
  </help:to-be-embedded>
  <help:popup Id="65611" Eid="autopilotbrief3"><help:embedded Id="65598" Eid="wie"></help:embedded></help:popup>
  <text:p text:style-name="Head 2"><help:help-id value="SW_MULTILINEEDIT_DLG_WIZARD_LT_DLG_LT3_MEDT_ABSINP"/>現在指定寄件者：</text:p>
  <text:p text:style-name="Paragraph"><help:help-text value="visible">在此清單方塊中輸入寄件者地址。</help:help-text>如果需要插入換行，請按 ENTER 鍵。注意，地址欄位中的第一個字元必須是「&gt;」。選取<text:span text:style-name="T1">[在收件者欄內加入寄件者地址？]</text:span>選項時，收件者欄位中將重複以「&gt;」開頭的所有行。</text:p>
  <text:p text:style-name="Head 2"><help:help-id value="SW_IMAGEBUTTON_DLG_WIZARD_LT_DLG_LT3_BTN_LOADADR"/>更新使用者資料的地址</text:p>
  <text:p text:style-name="Paragraph"><help:help-text value="visible">使用從[使用者資料]中複製的標準設定來代替寄件者清單方塊中的文字。</help:help-text></text:p>
  <text:p text:style-name="Head 2">要在收件者欄位中重複？</text:p>
  <text:p text:style-name="Paragraph">指定寄件者是否以小字型顯示在收件者的上方，以便使用視窗信封時可以看到寄件者。</text:p>
  <text:p text:style-name="Head 3"><help:help-id value="SW_RADIOBUTTON_DLG_WIZARD_LT_DLG_LT3_RBTN_WDHJAA"/><help:help-id value="SW_RADIOBUTTON_DLG_WIZARD_LT_DLG_LT3_RBTN_ANZJAA"/>是</text:p>
  <text:p text:style-name="Paragraph"><help:help-text value="visible">指定在收件者欄位中顯示以「&gt;」開頭的寄件者列。</help:help-text></text:p>
  <text:p text:style-name="Head 3"><help:help-id value="SW_RADIOBUTTON_DLG_WIZARD_LT_DLG_LT3_RBTN_WDHNEE"/><help:help-id value="SW_RADIOBUTTON_DLG_WIZARD_LT_DLG_LT3_RBTN_ANZNEE"/>否</text:p>
  <text:p text:style-name="Paragraph"><help:help-text value="visible">指定在收件者欄位中不包括寄件者。</help:help-text></text:p>
  <text:p text:style-name="Head 2">位置和大小</text:p>
  <text:p text:style-name="Paragraph">定義寄件者地址的位置。使用<help:popup Id="65630" Eid="drehfeld">微調方塊</help:popup>進行微調。</text:p>
  <text:p text:style-name="Head 3"><help:help-id value="SW_IMAGEBUTTON_DLG_WIZARD_LT_DLG_LT3_BBTN_ABSNOL"/>左上</text:p>
  <text:p text:style-name="Paragraph"><help:help-text value="visible">在此寄件者顯示於頁面左上方。</help:help-text></text:p>
  <text:p text:style-name="Head 3"><help:help-id value="SW_IMAGEBUTTON_DLG_WIZARD_LT_DLG_LT3_BBTN_ABSNOR"/>右上</text:p>
  <text:p text:style-name="Paragraph"><help:help-text value="visible">在此寄件者顯示於頁面右上方。</help:help-text></text:p>
  <text:p text:style-name="Head 3"><help:help-id value="SW_IMAGEBUTTON_DLG_WIZARD_LT_DLG_LT3_BBTN_ABSNUL"/>左下</text:p>
  <text:p text:style-name="Paragraph"><help:help-text value="visible">在此寄件者顯示於頁面左下方。</help:help-text></text:p>
  <text:p text:style-name="Head 3"><help:help-id value="SW_IMAGEBUTTON_DLG_WIZARD_LT_DLG_LT3_BBTN_ABSNUR"/>右下</text:p>
  <text:p text:style-name="Paragraph"><help:help-text value="visible">在此寄件者顯示於頁面右下方。</help:help-text></text:p>
  <text:p text:style-name="Head 3"><help:help-id value="SW_IMAGEBUTTON_DLG_WIZARD_LT_DLG_LT3_BBTN_ABSNMI"/>收件者右邊</text:p>
  <text:p text:style-name="Paragraph"><help:help-text value="visible">寄件者將顯示在頁面右側，收件者的右方。</help:help-text></text:p>
  <text:p text:style-name="Head 3"><help:help-id value="SW_METRICFIELD_DLG_WIZARD_LT_DLG_LT3_MFLD_ABSNHO"/>從左/從右</text:p>
  <text:p text:style-name="Paragraph"><help:help-text value="visible">定義寄件者欄位到頁面左右邊距的間隔。</help:help-text></text:p>
  <text:p text:style-name="Head 3"><help:help-id value="SW_METRICFIELD_DLG_WIZARD_LT_DLG_LT3_MFLD_ABSNVE"/>從上/從下</text:p>
  <text:p text:style-name="Paragraph"><help:help-text value="visible">定義寄件者欄位到頁面上下邊距的間隔。</help:help-text></text:p>
  <text:p text:style-name="Head 3"><help:help-id value="SW_METRICFIELD_DLG_WIZARD_LT_DLG_LT3_MFLD_ABSNWD"/>寬度</text:p>
  <text:p text:style-name="Paragraph"><help:help-text value="visible">定義寄件者欄位的寬度。</help:help-text></text:p>
  <text:p text:style-name="Head 3"><help:help-id value="SW_METRICFIELD_DLG_WIZARD_LT_DLG_LT3_MFLD_ABSNHG"/>高度</text:p>
  <text:p text:style-name="Paragraph"><help:help-text value="visible">定義寄件者欄位的高度。</help:help-text></text:p>
  <text:p text:style-name="Paragraph"><help:link Id="66125">繼續至「自動檔案助理 信函」- 第 4 頁</help:link></text:p>
 </office:body>
</office:document>
