

<office:document  xmlns:office="http://openoffice.org/2000/office" xmlns:style="http://openoffice.org/2000/style" xmlns:text="http://openoffice.org/2000/text" xmlns:table="http://openoffice.org/2000/table" xmlns:draw="http://openoffice.org/2000/drawing" xmlns:fo="http://www.w3.org/1999/XSL/Format" xmlns:xlink="http://www.w3.org/1999/xlink" xmlns:number="http://openoffice.org/2000/datastyle" xmlns:svg="http://www.w3.org/2000/svg" xmlns:chart="http://openoffice.org/2000/chart" xmlns:dr3d="http://openoffice.org/2000/dr3d" xmlns:math="http://www.w3.org/1998/Math/MathML" xmlns:form="http://openoffice.org/2000/form" xmlns:script="http://openoffice.org/2000/script" office:class="text" office:version="1.0" xmlns:dc="http://purl.org/dc/elements/1.1/" xmlns:meta="http://openoffice.org/2000/meta" xmlns:help="http://openoffice.org/2000/help">
<office:meta>
  <dc:description>text/common/autopi/01020400</dc:description>
  <dc:subject>自動檔案助理 傳真 - 第 4 頁</dc:subject>

  <dc:language>zh-TW</dc:language>
  <meta:user-defined meta:name="Info 0">READY</meta:user-defined>
  <meta:user-defined meta:name="Info 1">FREE_OK</meta:user-defined>
  <meta:user-defined meta:name="Info 2"/>
  <meta:user-defined meta:name="Info 3"/>
</office:meta>
 <office:script/>
 <office:font-decls>
  <style:font-decl style:name="StarSymbol" fo:font-family="StarSymbol" style:font-charset="x-symbol"/>
  <style:font-decl style:name="Courier New" fo:font-family="&apos;Courier New&apos;" style:font-style-name="Standard" style:font-family-generic="modern" style:font-pitch="fixed"/>
  <style:font-decl style:name="Courier" fo:font-family="Courier" style:font-family-generic="roman" style:font-pitch="fixed"/>
  <style:font-decl style:name="Andale WT UI3" fo:font-family="&apos;Andale WT UI&apos;" style:font-pitch="variable"/>
  <style:font-decl style:name="Arial Unicode MS" fo:font-family="&apos;Arial Unicode MS&apos;" style:font-pitch="variable"/>
  <style:font-decl style:name="HG Mincho Light J" fo:font-family="&apos;HG Mincho Light J&apos;" style:font-pitch="variable"/>
  <style:font-decl style:name="Andale WT UI" fo:font-family="&apos;Andale WT UI&apos;" style:font-style-name="Fett" style:font-family-generic="roman" style:font-pitch="variable"/>
  <style:font-decl style:name="Andale WT UI1" fo:font-family="&apos;Andale WT UI&apos;" style:font-style-name="Standard" style:font-family-generic="roman" style:font-pitch="variable"/>
  <style:font-decl style:name="Thorndale" fo:font-family="Thorndale" style:font-family-generic="roman" style:font-pitch="variable"/>
  <style:font-decl style:name="Times New Roman" fo:font-family="&apos;Times New Roman&apos;" style:font-style-name="Fett" style:font-family-generic="roman" style:font-pitch="variable"/>
  <style:font-decl style:name="Andale WT UI2" fo:font-family="&apos;Andale WT UI&apos;" style:font-family-generic="swiss" style:font-pitch="variable"/>
 </office:font-decls>
 <office:automatic-styles>
  <style:style style:name="P1" style:family="paragraph" style:parent-style-name="Paragraph" style:master-page-name="HTML">
   <style:properties style:page-number="0"/>
  </style:style>
  <style:style style:name="T1" style:family="text">
   <style:properties fo:font-weight="bold"/>
  </style:style>
 </office:automatic-styles>
 <office:body>
  <text:variable-decls>
   <text:variable-decl text:value-type="string" text:name="HTML_ON"/>
   <text:variable-decl text:value-type="string" text:name="HTML_OFF"/>
   <text:variable-decl text:value-type="string" text:name="TITEL"/>
   <text:variable-decl text:value-type="string" text:name="END"/>
   <text:variable-decl text:value-type="string" text:name="OS2"/>
   <text:variable-decl text:value-type="string" text:name="ELSE"/>
   <text:variable-decl text:value-type="string" text:name="MAC"/>
   <text:variable-decl text:value-type="string" text:name="HREF"/>
   <text:variable-decl text:value-type="string" text:name="NAME"/>
   <text:variable-decl text:value-type="string" text:name="HelpID"/>
   <text:variable-decl text:value-type="string" text:name="MODIFY"/>
   <text:variable-decl text:value-type="string" text:name="REFNR"/>
   <text:variable-decl text:value-type="string" text:name="AKTHLP"/>
   <text:variable-decl text:value-type="string" text:name="KEY"/>
   <text:variable-decl text:value-type="string" text:name="STYLE"/>
  </text:variable-decls>
  <text:sequence-decls>
   <text:sequence-decl text:display-outline-level="0" text:name="Illustration"/>
   <text:sequence-decl text:display-outline-level="0" text:name="Table"/>
   <text:sequence-decl text:display-outline-level="0" text:name="Text"/>
   <text:sequence-decl text:display-outline-level="0" text:name="Drawing"/>
  </text:sequence-decls>
  <help:to-be-embedded Eid="seite4">
  <text:p text:style-name="Head 1"><help:help-id value="HID_FAX_PAGE4"/><help:link Id="66132">自動檔案助理 傳真 - 第 4 頁</help:link></text:p>
  <text:p text:style-name="Paragraph"><help:help-text value="visible">指定收件者資訊。</help:help-text></text:p>
  </help:to-be-embedded>
  <help:popup Id="65611" Eid="autopilotfax4"><help:embedded Id="65598" Eid="wie"></help:embedded></help:popup>
  <text:p text:style-name="Head 2"><help:help-id value="SW_LISTBOX_DLG_WIZARD_FX_DLG_EMP_LIST_DBASE"/>資料庫</text:p>
  <text:p text:style-name="Paragraph"><help:help-text value="visible">在此選出內含收件者資料條目的資料庫。</help:help-text></text:p>
  <text:p text:style-name="Head 2"><help:help-id value="SW_LISTBOX_DLG_WIZARD_FX_DLG_EMP_LIST_DBTABLE"/>資料庫</text:p>
  <text:p text:style-name="Paragraph"><help:help-text value="visible">在此從您要建立收件者資料所選取的資料庫中選出工作表。</help:help-text>在此清單方塊中的條目是根據左邊清單方塊<text:span text:style-name="T1">「資料庫」的選取而定。</text:span></text:p>
  <text:p text:style-name="Head 2"><help:help-id value="SW_LISTBOX_DLG_WIZARD_FX_DLG_EMP_LIST_TELFON"/>電話</text:p>
  <text:p text:style-name="Paragraph"><help:help-text value="visible">在此從資料庫欄位中選出其內容要當作收件者電話號碼加入樣式中的那一項。</help:help-text></text:p>
  <text:p text:style-name="Head 2"><help:help-id value="SW_LISTBOX_DLG_WIZARD_FX_DLG_EMP_LIST_TELFAX"/>傳真</text:p>
  <text:p text:style-name="Paragraph"><help:help-text value="visible">在此從資料庫欄位中選出其內容要當作收件者傳真號碼加入樣式中的那一項。</help:help-text></text:p>
  <text:p text:style-name="Head 2"><help:help-id value="SW_MULTILINEEDIT_DLG_WIZARD_FX_DLG_EMP_MEDT_ADRESS"/>地址</text:p>
  <text:p text:style-name="Paragraph"><help:help-text value="visible">手動輸入收件者資料，或者使用資料庫欄位作為表單傳真的萬用字元。</help:help-text></text:p>
  <text:p text:style-name="Head 2"><help:help-id value="SW_LISTBOX_DLG_WIZARD_FX_DLG_EMP_LIST_FIELDS"/>資料庫欄位</text:p>
  <text:p text:style-name="Paragraph"><help:help-text value="visible">在此會看到資料庫欄位，並且可以透過滑鼠按一下地址欄加以套用。</help:help-text></text:p>
  <text:p text:style-name="Head 2"><help:help-id value="SW_IMAGEBUTTON_DLG_WIZARD_FX_DLG_EMP_SBTN_INSERT"/>左向箭頭</text:p>
  <text:p text:style-name="Paragraph"><help:help-text value="visible">將所選資料庫欄位傳輸至地址欄位中游標目前所在的位置。</help:help-text></text:p>
  <text:p text:style-name="Head 2"><help:help-id value="SW_IMAGEBUTTON_DLG_WIZARD_FX_DLG_EMP_BBTN_NEWLIN"/>換段落</text:p>
  <text:p text:style-name="Paragraph"><help:help-text value="visible">在地址欄位中游標目前所在的位置插入一個段落換行。</help:help-text></text:p>
  <text:p text:style-name="Paragraph"><help:link Id="66144">繼續至「自動檔案助理 傳真」- 第 5 頁</help:link></text:p>
 </office:body>
</office:document>
