

<office:document  xmlns:office="http://openoffice.org/2000/office" xmlns:style="http://openoffice.org/2000/style" xmlns:text="http://openoffice.org/2000/text" xmlns:table="http://openoffice.org/2000/table" xmlns:draw="http://openoffice.org/2000/drawing" xmlns:fo="http://www.w3.org/1999/XSL/Format" xmlns:xlink="http://www.w3.org/1999/xlink" xmlns:number="http://openoffice.org/2000/datastyle" xmlns:svg="http://www.w3.org/2000/svg" xmlns:chart="http://openoffice.org/2000/chart" xmlns:dr3d="http://openoffice.org/2000/dr3d" xmlns:math="http://www.w3.org/1998/Math/MathML" xmlns:form="http://openoffice.org/2000/form" xmlns:script="http://openoffice.org/2000/script" office:class="text" office:version="1.0" xmlns:dc="http://purl.org/dc/elements/1.1/" xmlns:meta="http://openoffice.org/2000/meta" xmlns:help="http://openoffice.org/2000/help">
<office:meta>
  <dc:description>text/common/autopi/01030100</dc:description>
  <dc:subject>自動檔案助理 備忘錄 - 第 1 頁</dc:subject>

  <dc:language>zh-TW</dc:language>
  <meta:user-defined meta:name="Info 0">READY</meta:user-defined>
  <meta:user-defined meta:name="Info 1">FREE_OK</meta:user-defined>
  <meta:user-defined meta:name="Info 2"/>
  <meta:user-defined meta:name="Info 3"/>
</office:meta>
 <office:script/>
 <office:font-decls>
  <style:font-decl style:name="StarSymbol" fo:font-family="StarSymbol" style:font-charset="x-symbol"/>
  <style:font-decl style:name="Courier New" fo:font-family="&apos;Courier New&apos;" style:font-style-name="Standard" style:font-family-generic="modern" style:font-pitch="fixed"/>
  <style:font-decl style:name="Courier" fo:font-family="Courier" style:font-family-generic="roman" style:font-pitch="fixed"/>
  <style:font-decl style:name="Andale WT UI3" fo:font-family="&apos;Andale WT UI&apos;" style:font-pitch="variable"/>
  <style:font-decl style:name="Arial Unicode MS" fo:font-family="&apos;Arial Unicode MS&apos;" style:font-pitch="variable"/>
  <style:font-decl style:name="HG Mincho Light J" fo:font-family="&apos;HG Mincho Light J&apos;" style:font-pitch="variable"/>
  <style:font-decl style:name="Andale WT UI" fo:font-family="&apos;Andale WT UI&apos;" style:font-style-name="Fett" style:font-family-generic="roman" style:font-pitch="variable"/>
  <style:font-decl style:name="Andale WT UI1" fo:font-family="&apos;Andale WT UI&apos;" style:font-style-name="Standard" style:font-family-generic="roman" style:font-pitch="variable"/>
  <style:font-decl style:name="Thorndale" fo:font-family="Thorndale" style:font-family-generic="roman" style:font-pitch="variable"/>
  <style:font-decl style:name="Times New Roman" fo:font-family="&apos;Times New Roman&apos;" style:font-style-name="Fett" style:font-family-generic="roman" style:font-pitch="variable"/>
  <style:font-decl style:name="Andale WT UI2" fo:font-family="&apos;Andale WT UI&apos;" style:font-family-generic="swiss" style:font-pitch="variable"/>
 </office:font-decls>
 <office:automatic-styles>
  <style:style style:name="P1" style:family="paragraph" style:parent-style-name="Paragraph" style:master-page-name="HTML">
   <style:properties style:page-number="0"/>
  </style:style>
  <style:style style:name="T1" style:family="text">
   <style:properties fo:font-weight="bold"/>
  </style:style>
 </office:automatic-styles>
 <office:body>
  <text:variable-decls>
   <text:variable-decl text:value-type="string" text:name="HTML_ON"/>
   <text:variable-decl text:value-type="string" text:name="HTML_OFF"/>
   <text:variable-decl text:value-type="string" text:name="TITEL"/>
   <text:variable-decl text:value-type="string" text:name="END"/>
   <text:variable-decl text:value-type="string" text:name="OS2"/>
   <text:variable-decl text:value-type="string" text:name="ELSE"/>
   <text:variable-decl text:value-type="string" text:name="MAC"/>
   <text:variable-decl text:value-type="string" text:name="HREF"/>
   <text:variable-decl text:value-type="string" text:name="NAME"/>
   <text:variable-decl text:value-type="string" text:name="HelpID"/>
   <text:variable-decl text:value-type="string" text:name="MODIFY"/>
   <text:variable-decl text:value-type="string" text:name="REFNR"/>
   <text:variable-decl text:value-type="string" text:name="AKTHLP"/>
   <text:variable-decl text:value-type="string" text:name="STYLE"/>
  </text:variable-decls>
  <text:sequence-decls>
   <text:sequence-decl text:display-outline-level="0" text:name="Illustration"/>
   <text:sequence-decl text:display-outline-level="0" text:name="Table"/>
   <text:sequence-decl text:display-outline-level="0" text:name="Text"/>
   <text:sequence-decl text:display-outline-level="0" text:name="Drawing"/>
  </text:sequence-decls>
  <help:to-be-embedded Eid="seite1">
  <text:p text:style-name="Head 1"><help:help-id value="HID_MEMO_PAGE1"/><help:link Id="66101">自動檔案助理 備忘錄 - 第 1 頁</help:link></text:p>
  <text:p text:style-name="Paragraph"><help:help-text value="visible">定義備忘錄的樣式、標題和格式。</help:help-text></text:p>
  </help:to-be-embedded>
  <help:popup Id="65611" Eid="autopilotmemo1"><help:embedded Id="65598" Eid="wie"></help:embedded></help:popup>
  <text:p text:style-name="Head 2">您想要使用何種樣式類型？</text:p>
  <text:p text:style-name="Paragraph">在此選取用於備忘錄的樣式類型：<text:span text:style-name="T1">「現代型」、「傳統型」</text:span>或<text:span text:style-name="T1">「美觀型」</text:span>。</text:p>
  <text:p text:style-name="Head 3"><help:help-id value="SW_RADIOBUTTON_DLG_WIZARD_MM_DLG_MM1_RBTN_STIL1"/>現代型</text:p>
  <text:p text:style-name="Paragraph"><help:help-text value="visible">在此主要使用無襯線的字型。</help:help-text></text:p>
  <text:p text:style-name="Head 3"><help:help-id value="SW_RADIOBUTTON_DLG_WIZARD_MM_DLG_MM1_RBTN_STIL2"/>傳統型</text:p>
  <text:p text:style-name="Paragraph"><help:help-text value="visible">在此只要使用不成比例的字型。</help:help-text></text:p>
  <text:p text:style-name="Head 3"><help:help-id value="SW_RADIOBUTTON_DLG_WIZARD_MM_DLG_MM1_RBTN_STIL3"/>美觀型</text:p>
  <text:p text:style-name="Paragraph"><help:help-text value="visible">在此主要使用襯線字型。</help:help-text></text:p>
  <text:p text:style-name="Head 2">指定備忘錄標題</text:p>
  <text:p text:style-name="Paragraph">確定是否在備忘錄標題中使用圖片或文字。</text:p>
  <text:p text:style-name="Head 3"><help:help-id value="SW_RADIOBUTTON_DLG_WIZARD_MM_DLG_MM1_RBTN_TITTXT"/>當作文字</text:p>
  <text:p text:style-name="Paragraph"><help:help-text value="visible">指定備忘錄的標題。</help:help-text></text:p>
  <text:p text:style-name="Head 3"><help:help-id value="SW_COMBOBOX_DLG_WIZARD_MM_DLG_MM1_CBOX_TITTXT"/>當作文字</text:p>
  <text:p text:style-name="Paragraph"><help:help-text value="visible">從清單方塊預設中選取文字或輸入您個人的文字。</help:help-text></text:p>
  <text:p text:style-name="Head 3"><help:help-id value="SW_RADIOBUTTON_DLG_WIZARD_MM_DLG_MM1_RBTN_TITGRF"/>當作圖形</text:p>
  <text:p text:style-name="Paragraph"><help:help-text value="visible">指定圖形檔案。</help:help-text></text:p>
  <text:p text:style-name="Head 3"><help:help-id value="SW_PUSHBUTTON_DLG_WIZARD_MM_DLG_MM1_PBTN_TITGRF"/>選擇圖形</text:p>
  <text:p text:style-name="Paragraph"><help:help-text value="visible">透過這個按鈕開啟一個與<help:link Id="65636">「插入圖形」</help:link>相同的對話方塊。</help:help-text></text:p>
  <text:p text:style-name="Paragraph"><help:link Id="66118">繼續至「自動檔案助理 備忘錄」- 第 2 頁</help:link></text:p>
 </office:body>
</office:document>
