

<office:document  xmlns:office="http://openoffice.org/2000/office" xmlns:style="http://openoffice.org/2000/style" xmlns:text="http://openoffice.org/2000/text" xmlns:table="http://openoffice.org/2000/table" xmlns:draw="http://openoffice.org/2000/drawing" xmlns:fo="http://www.w3.org/1999/XSL/Format" xmlns:xlink="http://www.w3.org/1999/xlink" xmlns:number="http://openoffice.org/2000/datastyle" xmlns:svg="http://www.w3.org/2000/svg" xmlns:chart="http://openoffice.org/2000/chart" xmlns:dr3d="http://openoffice.org/2000/dr3d" xmlns:math="http://www.w3.org/1998/Math/MathML" xmlns:form="http://openoffice.org/2000/form" xmlns:script="http://openoffice.org/2000/script" office:class="text" office:version="1.0" xmlns:dc="http://purl.org/dc/elements/1.1/" xmlns:meta="http://openoffice.org/2000/meta" xmlns:help="http://openoffice.org/2000/help">
<office:meta>
  <dc:description>text/common/00/00040500</dc:description>
  <dc:subject>Format Menu</dc:subject>

  <dc:language>en-US</dc:language>
  <meta:user-defined meta:name="Info 0">READY</meta:user-defined>
  <meta:user-defined meta:name="Info 1">FREE_OK</meta:user-defined>
  <meta:user-defined meta:name="Info 2">NOINDEX</meta:user-defined>
  <meta:user-defined meta:name="Info 3">NOTE</meta:user-defined>
</office:meta>
 <office:script/>
 <office:font-decls>
  <style:font-decl style:name="StarSymbol" fo:font-family="StarSymbol" style:font-charset="x-symbol"/>
  <style:font-decl style:name="Courier New" fo:font-family="&apos;Courier New&apos;" style:font-style-name="Standard" style:font-family-generic="modern" style:font-pitch="fixed"/>
  <style:font-decl style:name="Courier" fo:font-family="Courier" style:font-family-generic="roman" style:font-pitch="fixed"/>
  <style:font-decl style:name="Arial Unicode MS" fo:font-family="&apos;Arial Unicode MS&apos;" style:font-pitch="variable"/>
  <style:font-decl style:name="HG Mincho Light J" fo:font-family="&apos;HG Mincho Light J&apos;" style:font-pitch="variable"/>
  <style:font-decl style:name="Times New Roman3" fo:font-family="&apos;Times New Roman&apos;" style:font-pitch="variable"/>
  <style:font-decl style:name="Thorndale" fo:font-family="Thorndale" style:font-family-generic="roman" style:font-pitch="variable"/>
  <style:font-decl style:name="Times New Roman2" fo:font-family="&apos;Times New Roman&apos;" style:font-style-name="Fett" style:font-family-generic="roman" style:font-pitch="variable"/>
  <style:font-decl style:name="Times New Roman" fo:font-family="&apos;Times New Roman&apos;" style:font-style-name="Standard" style:font-family-generic="roman" style:font-pitch="variable"/>
  <style:font-decl style:name="Times New Roman1" fo:font-family="&apos;Times New Roman&apos;" style:font-family-generic="swiss" style:font-pitch="variable"/>
 </office:font-decls>
 <office:automatic-styles>
  <style:style style:name="Tabelle1" style:family="table">
   <style:properties style:width="18cm" table:align="margins"/>
  </style:style>
  <style:style style:name="Tabelle1.A" style:family="table-column">
   <style:properties style:column-width="2.048cm" style:rel-column-width="7456*"/>
  </style:style>
  <style:style style:name="Tabelle1.B" style:family="table-column">
   <style:properties style:column-width="15.951cm" style:rel-column-width="58059*"/>
  </style:style>
  <style:style style:name="Tabelle20" style:family="table">
   <style:properties style:width="18cm" table:align="margins"/>
  </style:style>
  <style:style style:name="Tabelle20.A" style:family="table-column">
   <style:properties style:column-width="2.013cm" style:rel-column-width="7326*"/>
  </style:style>
  <style:style style:name="Tabelle20.B" style:family="table-column">
   <style:properties style:column-width="15.988cm" style:rel-column-width="58190*"/>
  </style:style>
  <style:style style:name="Tabelle9" style:family="table">
   <style:properties style:width="17.995cm" fo:margin-left="0cm" fo:margin-right="0.005cm" table:align="margins"/>
  </style:style>
  <style:style style:name="Tabelle9.A" style:family="table-column">
   <style:properties style:column-width="1.499cm" style:rel-column-width="5460*"/>
  </style:style>
  <style:style style:name="Tabelle9.B" style:family="table-column">
   <style:properties style:column-width="16.496cm" style:rel-column-width="60055*"/>
  </style:style>
  <style:style style:name="Tabelle2" style:family="table">
   <style:properties style:width="18cm" table:align="margins"/>
  </style:style>
  <style:style style:name="Tabelle2.A" style:family="table-column">
   <style:properties style:column-width="1.499cm" style:rel-column-width="5460*"/>
  </style:style>
  <style:style style:name="Tabelle2.B" style:family="table-column">
   <style:properties style:column-width="16.499cm" style:rel-column-width="60055*"/>
  </style:style>
  <style:style style:name="Tabelle2.A1" style:family="table-cell">
   <style:properties fo:padding="0cm" fo:border="none"/>
  </style:style>
  <style:style style:name="Tabelle10" style:family="table">
   <style:properties style:width="17.995cm" fo:margin-left="0cm" fo:margin-right="0.005cm" table:align="margins"/>
  </style:style>
  <style:style style:name="Tabelle10.A" style:family="table-column">
   <style:properties style:column-width="1.501cm" style:rel-column-width="5465*"/>
  </style:style>
  <style:style style:name="Tabelle10.B" style:family="table-column">
   <style:properties style:column-width="16.494cm" style:rel-column-width="60051*"/>
  </style:style>
  <style:style style:name="Tabelle11" style:family="table">
   <style:properties style:width="17.999cm" fo:margin-left="0cm" fo:margin-right="0.002cm" table:align="margins"/>
  </style:style>
  <style:style style:name="Tabelle11.A" style:family="table-column">
   <style:properties style:column-width="1.016cm" style:rel-column-width="576*"/>
  </style:style>
  <style:style style:name="Tabelle11.B" style:family="table-column">
   <style:properties style:column-width="16.979cm" style:rel-column-width="9626*"/>
  </style:style>
  <style:style style:name="P1" style:family="paragraph" style:parent-style-name="Paragraph" style:master-page-name="HTML">
   <style:properties style:page-number="0"/>
  </style:style>
  <style:style style:name="T1" style:family="text">
   <style:properties fo:font-weight="bold"/>
  </style:style>
  <style:style style:name="fr1" style:family="graphics" style:parent-style-name="Graphics">
   <style:properties style:run-through="foreground" style:wrap="run-through" style:vertical-pos="top" style:vertical-rel="paragraph" style:horizontal-pos="left" style:horizontal-rel="paragraph" style:mirror="none" fo:clip="rect(0cm 0cm 0cm 0cm)" draw:luminance="0%" draw:contrast="0%" draw:red="0%" draw:green="0%" draw:blue="0%" draw:gamma="1" draw:color-inversion="false" draw:transparency="-100%" draw:color-mode="standard"/>
  </style:style>
  <style:style style:name="fr2" style:family="graphics" style:parent-style-name="Graphics">
   <style:properties style:wrap="run-through" style:vertical-pos="top" style:vertical-rel="paragraph" style:horizontal-pos="left" style:horizontal-rel="paragraph" style:mirror="none" fo:clip="rect(0cm 0cm 0cm 0cm)" draw:luminance="0%" draw:contrast="0%" draw:red="0%" draw:green="0%" draw:blue="0%" draw:gamma="1" draw:color-inversion="false" draw:transparency="-100%" draw:color-mode="standard"/>
  </style:style>
  <style:style style:name="fr3" style:family="graphics" style:parent-style-name="Graphics">
   <style:properties style:wrap="run-through" style:horizontal-pos="left" style:horizontal-rel="paragraph" style:mirror="none" fo:clip="rect(0cm 0cm 0cm 0cm)" draw:luminance="0%" draw:contrast="0%" draw:red="0%" draw:green="0%" draw:blue="0%" draw:gamma="1" draw:color-inversion="false" draw:transparency="-100%" draw:color-mode="standard"/>
  </style:style>
 </office:automatic-styles>
 <office:body>
  <text:variable-decls>
   <text:variable-decl text:value-type="string" text:name="HTML_ON"/>
   <text:variable-decl text:value-type="string" text:name="HTML_OFF"/>
   <text:variable-decl text:value-type="string" text:name="TITEL"/>
   <text:variable-decl text:value-type="string" text:name="END"/>
   <text:variable-decl text:value-type="string" text:name="OS2"/>
   <text:variable-decl text:value-type="string" text:name="ELSE"/>
   <text:variable-decl text:value-type="string" text:name="NAME"/>
   <text:variable-decl text:value-type="string" text:name="MAC"/>
   <text:variable-decl text:value-type="string" text:name="HREF"/>
   <text:variable-decl text:value-type="string" text:name="MODIFY"/>
   <text:variable-decl text:value-type="string" text:name="REFNR"/>
   <text:variable-decl text:value-type="string" text:name="HFELD"/>
   <text:variable-decl text:value-type="string" text:name="STYLE"/>
   <text:variable-decl text:value-type="string" text:name="PARAINFO"/>
  </text:variable-decls>
  <text:sequence-decls>
   <text:sequence-decl text:display-outline-level="0" text:name="Illustration"/>
   <text:sequence-decl text:display-outline-level="0" text:name="Table"/>
   <text:sequence-decl text:display-outline-level="0" text:name="Text"/>
   <text:sequence-decl text:display-outline-level="0" text:name="Drawing"/>
  </text:sequence-decls>
  <text:p text:style-name="P1"/>
  <text:p text:style-name="Head 1"><help:paragraphinfo state="U" number="1"/>Format Menu</text:p>
  <text:p text:style-name="Paragraph"><help:paragraphinfo state="U" number="8"/><help:to-popup Eid="standard">Choose <text:span text:style-name="T1">Format - Default</text:span></help:to-popup></text:p>
  <help:paragraphinfo state="E"/><help:to-popup Eid="zeichen">
  <text:p text:style-name="Paragraph"><help:paragraphinfo state="U" number="9"/>Choose <text:span text:style-name="T1">Format - Character</text:span></text:p>
  <text:p text:style-name="Paragraph"><help:paragraphinfo state="U" number="10"/>On <text:span text:style-name="T1">Object</text:span> Bar (with cursor in object), click</text:p>
  <help:paragraphinfo state="E"/><help:to-be-embedded Eid="syzeich">
  <table:table table:name="Tabelle1" table:style-name="Tabelle1">
   <table:table-column table:style-name="Tabelle1.A"/>
   <table:table-column table:style-name="Tabelle1.B"/>
   <table:table-header-rows>
    <table:table-row>
     <table:table-cell table:value-type="string">
      <text:p text:style-name="Paragraph"><draw:image draw:name="Icon0" svg:desc="Icon" svg:pixelx="25" svg:pixely="25" svg:width="0.661cm" svg:height="0.661cm" xlink:href="65892" draw:filter-name=""/></text:p>

     </table:table-cell>
     <table:table-cell table:value-type="string">
      <text:p text:style-name="Paragraph"><help:paragraphinfo state="U" number="11"/>Character</text:p>
     </table:table-cell>
    </table:table-row>
   </table:table-header-rows>
  </table:table>
  <help:paragraphinfo state="E"/></help:to-be-embedded></help:to-popup>
  <help:paragraphinfo state="E"/><help:to-popup Eid="schrift">
  <text:p text:style-name="Paragraph"><help:paragraphinfo state="U" number="12"/>Choose <text:span text:style-name="T1">Format - Character - Font</text:span> tab</text:p>
  <text:p text:style-name="Paragraph"><help:paragraphinfo state="U" number="13"/>Choose <text:span text:style-name="T1">Format - Styles - Catalog - Modify/New - Font</text:span> tab</text:p>
  <text:p text:style-name="Paragraph"><help:paragraphinfo state="U" number="14"/>Choose <text:span text:style-name="T1">Format - Stylist</text:span> - open context menu and choose <text:span text:style-name="T1">Modify/New - Font</text:span> tab</text:p>
  <text:p text:style-name="Paragraph"><help:paragraphinfo state="U" number="15"/>Choose <text:span text:style-name="T1">Edit - Find &amp; Replace - Format - Font</text:span> tab</text:p>
  <text:p text:style-name="Paragraph"><help:paragraphinfo state="U" number="16"/>Open context menu of a row header in a database table - choose <text:span text:style-name="T1">Table Format - Font</text:span> tab</text:p>
  <text:p text:style-name="Paragraph"><help:paragraphinfo state="U" number="17"/>Choose <text:span text:style-name="T1">Format - Cell - Font</text:span> tab (spreadsheets)</text:p>
  <text:p text:style-name="Paragraph"><help:paragraphinfo state="U" number="18"/>Choose <text:span text:style-name="T1">Format - Title - Character</text:span> tab (Chart documents)</text:p>
  <text:p text:style-name="Paragraph"><help:paragraphinfo state="U" number="19"/>Choose <text:span text:style-name="T1">Format - Legend - Character</text:span> tab (Chart documents)</text:p>
  <text:p text:style-name="Paragraph"><help:paragraphinfo state="U" number="20"/>Choose <text:span text:style-name="T1">Format - Axis - Character</text:span> tab (Chart documents)</text:p>
  <text:p text:style-name="Paragraph"><help:paragraphinfo state="U" number="199"/>Menu <text:span text:style-name="T1">Format - Page - Header/Footer</text:span> - <text:span text:style-name="T1">Edit</text:span> button (spreadsheets)</text:p>
  <text:p text:style-name="Paragraph"><help:paragraphinfo state="U" number="175"/>Open context menu - choose <text:span text:style-name="T1">Font</text:span></text:p>
  <help:paragraphinfo state="E"/></help:to-popup>
  <help:paragraphinfo state="E"/><help:to-popup Eid="schrifteffekt">
  <text:p text:style-name="Paragraph"><help:paragraphinfo state="U" number="21"/>Choose <text:span text:style-name="T1">Format - Character - Font Effects</text:span> tab</text:p>
  <text:p text:style-name="Paragraph"><help:paragraphinfo state="U" number="22"/>Choose <text:span text:style-name="T1">Format - Style Catalog - Modify/New - Font Effects</text:span> tab</text:p>
  <text:p text:style-name="Paragraph"><help:paragraphinfo state="U" number="23"/>Choose <text:span text:style-name="T1">Format - Stylist</text:span> - open context menu and choose <text:span text:style-name="T1">Modify/New - Font Effects</text:span> tab</text:p>
  <text:p text:style-name="Paragraph"><help:paragraphinfo state="U" number="24"/>Choose <text:span text:style-name="T1">Edit - Find &amp; Replace - Format - Font Effects</text:span> tab</text:p>
  <text:p text:style-name="Paragraph"><help:paragraphinfo state="U" number="25"/>Choose <text:span text:style-name="T1">Format - Character - Font Effect</text:span> tab (presentation and drawing documents)</text:p>
  <text:p text:style-name="Paragraph"><help:paragraphinfo state="U" number="200"/>Menu <text:span text:style-name="T1">Format - Page - Header/Footer</text:span> - <text:span text:style-name="T1">Edit</text:span> button (spreadsheets)</text:p>
  <help:paragraphinfo state="E"/></help:to-popup>
  <help:paragraphinfo state="E"/><help:to-be-embedded Eid="position"><help:to-popup Eid="position">
  <text:p text:style-name="Paragraph"><help:paragraphinfo state="U" number="181"/>Choose <text:span text:style-name="T1">Format - Character - Position</text:span> tab</text:p>
  <text:p text:style-name="Paragraph"><help:paragraphinfo state="U" number="182"/>Choose <text:span text:style-name="T1">Format - Styles - Catalog - Modify/New - Alignment</text:span> tab</text:p>
  <text:p text:style-name="Paragraph"><help:paragraphinfo state="U" number="183"/>Choose <text:span text:style-name="T1">Format - Stylist - </text:span>open context menu and click <text:span text:style-name="T1">Modify/New - Alignment</text:span> tab</text:p>
  <text:p text:style-name="Paragraph"><help:paragraphinfo state="U" number="184"/>Choose <text:span text:style-name="T1">Edit - Find &amp; Replace - Format - Position</text:span> tab</text:p>
  <text:p text:style-name="Paragraph"><help:paragraphinfo state="U" number="185"/>Choose <text:span text:style-name="T1">Format - Character - Position</text:span> tab (presentation and drawing documents)</text:p>
  <text:p text:style-name="Paragraph"><help:paragraphinfo state="U" number="201"/>Menu <text:span text:style-name="T1">Format - Page - Header/Footer</text:span> - <text:span text:style-name="T1">Edit</text:span> button (spreadsheets)</text:p>
  <help:paragraphinfo state="E"/></help:to-popup></help:to-be-embedded>
  <help:paragraphinfo state="E"/><help:to-be-embedded Eid="asilayout"><help:to-popup Eid="asilayout">
  <text:p text:style-name="Paragraph"><help:paragraphinfo state="U" number="186"/>Choose <text:span text:style-name="T1">Format - Character - Asian Layout</text:span> tab</text:p>
  <text:p text:style-name="Paragraph"><help:paragraphinfo state="U" number="187"/>Choose <text:span text:style-name="T1">Format - Styles - Catalog - Modify/New - Asian Layout</text:span> tab</text:p>
  <text:p text:style-name="Paragraph"><help:paragraphinfo state="U" number="188"/>Choose <text:span text:style-name="T1">Format - Stylist - </text:span>open context menu and click <text:span text:style-name="T1">Modify/New - Asian Layout</text:span> tab</text:p>
  <text:p text:style-name="Paragraph"><help:paragraphinfo state="U" number="189"/>Choose <text:span text:style-name="T1">Edit - Find &amp; Replace - Format - Asian Layout</text:span> tab</text:p>
  <help:paragraphinfo state="E"/></help:to-popup></help:to-be-embedded>
  <help:paragraphinfo state="E"/><help:to-be-embedded Eid="asitypo"><help:to-popup Eid="asitypo">
  <text:p text:style-name="Paragraph"><help:paragraphinfo state="U" number="190"/>Choose <text:span text:style-name="T1">Format - Paragraph - Asian Typography</text:span> tab (not in HTML)</text:p>
  <text:p text:style-name="Paragraph"><help:paragraphinfo state="U" number="191"/><help:switch select="Program"><help:case select="CALC">Choose <text:span text:style-name="T1">Format - Cell - Asian Typography</text:span> tab</help:case></help:switch></text:p>
  <text:p text:style-name="Paragraph"><help:paragraphinfo state="U" number="192"/>Choose <text:span text:style-name="T1">Format - Styles - Catalog - Modify/New - Asian Typography</text:span> tab</text:p>
  <text:p text:style-name="Paragraph"><help:paragraphinfo state="U" number="193"/>Choose <text:span text:style-name="T1">Format - Stylist - </text:span>open context menu and click <text:span text:style-name="T1">Modify/New - Asian Typography</text:span> tab</text:p>
  <help:paragraphinfo state="E"/></help:to-popup></help:to-be-embedded>
  <help:paragraphinfo state="E"/><help:to-popup Eid="hyperl">
  <text:p text:style-name="Paragraph"><help:paragraphinfo state="U" number="26"/>Choose <text:span text:style-name="T1">Format - Character - Hyperlink</text:span> tab</text:p>
  <text:p text:style-name="Paragraph"><help:paragraphinfo state="U" number="27"/>Choose <text:span text:style-name="T1">Insert - Envelope - Format</text:span> tab, click <text:span text:style-name="T1">Edit - Character - Hyperlink</text:span> tab</text:p>
  <help:paragraphinfo state="E"/></help:to-popup>
  <help:paragraphinfo state="E"/><help:to-popup Eid="absatz">
  <text:p text:style-name="Paragraph"><help:paragraphinfo state="U" number="29"/>Choose <text:span text:style-name="T1">Format - Paragraph</text:span></text:p>
  <text:p text:style-name="Paragraph"><help:paragraphinfo state="U" number="30"/>On object bar (with cursor in object), click</text:p>
  <help:paragraphinfo state="E"/><help:to-be-embedded Eid="syabsatz">
  <table:table table:name="Tabelle20" table:style-name="Tabelle20">
   <table:table-column table:style-name="Tabelle20.A"/>
   <table:table-column table:style-name="Tabelle20.B"/>
   <table:table-header-rows>
    <table:table-row>
     <table:table-cell table:value-type="string">
      <text:p text:style-name="Paragraph"><draw:image draw:name="Icon1" svg:desc="Icon" svg:pixelx="25" svg:pixely="25" svg:width="0.661cm" svg:height="0.661cm" xlink:href="65882" draw:filter-name=""/></text:p>

     </table:table-cell>
     <table:table-cell table:value-type="string">
      <text:p text:style-name="Paragraph"><help:paragraphinfo state="U" number="31"/>Format: Paragraph</text:p>
     </table:table-cell>
    </table:table-row>
   </table:table-header-rows>
  </table:table>
  <help:paragraphinfo state="E"/></help:to-be-embedded></help:to-popup>
  <help:paragraphinfo state="E"/><help:to-popup Eid="absatzausrichtung">
  <text:p text:style-name="Paragraph"><help:paragraphinfo state="U" number="4"/>Choose <text:span text:style-name="T1">Format - Paragraph - Alignment</text:span> tab</text:p>
  <text:p text:style-name="Paragraph"><help:paragraphinfo state="U" number="5"/>Choose <text:span text:style-name="T1">Format - Styles - Catalog - Modify/New - Alignment</text:span> tab</text:p>
  <text:p text:style-name="Paragraph"><help:paragraphinfo state="U" number="179"/>Choose <text:span text:style-name="T1">Format - Stylist</text:span> - open context menu and choose <text:span text:style-name="T1">Modify/New - Alignment</text:span> tab</text:p>
  <text:p text:style-name="Paragraph"><help:paragraphinfo state="U" number="7"/>Choose <text:span text:style-name="T1">Edit - Find &amp; Replace - Format - Alignment</text:span> tab</text:p>
  <text:p text:style-name="Paragraph"><help:paragraphinfo state="U" number="176"/>Open context menu - choose <text:span text:style-name="T1">Alignment</text:span></text:p>
  <help:paragraphinfo state="E"/></help:to-popup>
  <help:paragraphinfo state="E"/><help:to-popup Eid="einzug">
  <text:p text:style-name="Paragraph"><help:paragraphinfo state="U" number="32"/>Choose <text:span text:style-name="T1">Format - Paragraph - Indents &amp; Spacing</text:span> tab</text:p>
  <text:p text:style-name="Paragraph"><help:paragraphinfo state="U" number="33"/>Choose <text:span text:style-name="T1">Format - Styles - Catalog - Modify/New - Indents &amp; Spacing</text:span> tab</text:p>
  <text:p text:style-name="Paragraph"><help:paragraphinfo state="U" number="34"/>Choose <text:span text:style-name="T1">Format - Stylist</text:span> - open context menu and choose <text:span text:style-name="T1">Modify/New - Indents &amp; Spacing</text:span> tab</text:p>
  <text:p text:style-name="Paragraph"><help:paragraphinfo state="U" number="35"/>Choose <text:span text:style-name="T1">Edit - Find &amp; Replace - Format - Indents &amp; Spacing</text:span> tab</text:p>
  <text:p text:style-name="Paragraph"><help:paragraphinfo state="U" number="37"/>Choose <text:span text:style-name="T1">Format - Styles - Catalog - Modify/New - Indents &amp; Spacing</text:span> tab</text:p>
  <text:p text:style-name="Paragraph"><help:paragraphinfo state="U" number="38"/>Choose <text:span text:style-name="T1">Format - Stylist</text:span> - open context menu and choose <text:span text:style-name="T1">Modify/New - Indents &amp; Spacing</text:span> tab</text:p>
  <help:paragraphinfo state="E"/></help:to-popup>
  <help:paragraphinfo state="E"/><help:to-popup Eid="tabulator">
  <text:p text:style-name="Paragraph"><help:paragraphinfo state="U" number="39"/>Choose <text:span text:style-name="T1">Format - Paragraph - Tabs</text:span> tab</text:p>
  <text:p text:style-name="Paragraph"><help:paragraphinfo state="U" number="40"/>Choose <text:span text:style-name="T1">Format - Styles - Catalog - Modify/New - Tabs</text:span> tab</text:p>
  <text:p text:style-name="Paragraph"><help:paragraphinfo state="U" number="41"/>Choose <text:span text:style-name="T1">Format - Stylist</text:span> - open context menu and choose <text:span text:style-name="T1">Modify/New - Tabs</text:span> tab</text:p>
  <text:p text:style-name="Paragraph"><help:paragraphinfo state="U" number="42"/>Choose <text:span text:style-name="T1">Format - Paragraph - Tabs</text:span> tab (presentation and spreadsheet documents)</text:p>
  <text:p text:style-name="Paragraph"><help:paragraphinfo state="U" number="43"/>Double-click the ruler</text:p>
  <help:paragraphinfo state="E"/></help:to-popup>
  <help:paragraphinfo state="E"/><help:to-popup Eid="umrandung">
  <text:p text:style-name="Paragraph"><help:paragraphinfo state="U" number="44"/>Choose <text:span text:style-name="T1">Format - Paragraph - Borders</text:span> tab</text:p>
  <text:p text:style-name="Paragraph"><help:paragraphinfo state="U" number="45"/>Choose <text:span text:style-name="T1">Format - Graphics - Borders</text:span> tab</text:p>
  <text:p text:style-name="Paragraph"><help:paragraphinfo state="U" number="46"/>Choose <text:span text:style-name="T1">Format - Object - Borders</text:span> tab</text:p>
  <text:p text:style-name="Paragraph"><help:paragraphinfo state="U" number="47"/>Choose <text:span text:style-name="T1">Format - Table - Borders</text:span> tab</text:p>
  <text:p text:style-name="Paragraph"><help:paragraphinfo state="U" number="48"/>Choose <text:span text:style-name="T1">Format - Frame - Borders</text:span> tab</text:p>
  <text:p text:style-name="Paragraph"><help:paragraphinfo state="U" number="51"/>Choose <text:span text:style-name="T1">Format - Page - Borders</text:span> tab</text:p>
  <text:p text:style-name="Paragraph"><help:paragraphinfo state="U" number="52"/>Choose <text:span text:style-name="T1">Format - Styles - Catalog - Modify/New - Borders</text:span> tab</text:p>
  <text:p text:style-name="Paragraph"><help:paragraphinfo state="U" number="53"/>Choose <text:span text:style-name="T1">Format - Stylist</text:span> - open context menu and choose <text:span text:style-name="T1">Modify/New - Borders</text:span> tab</text:p>
  <text:p text:style-name="Paragraph"><help:paragraphinfo state="U" number="54"/>Choose <text:span text:style-name="T1">Format - Page - Header - More</text:span> button</text:p>
  <text:p text:style-name="Paragraph"><help:paragraphinfo state="U" number="55"/>Choose <text:span text:style-name="T1">Format - Page - Footer - More</text:span></text:p>
  <text:p text:style-name="Paragraph"><help:paragraphinfo state="U" number="56"/><help:switch select="Program"><help:case select="CALC">Choose <text:span text:style-name="T1">Format - Cells - Borders</text:span> tab</help:case></help:switch></text:p>
  <help:paragraphinfo state="E"/></help:to-popup>
  <help:paragraphinfo state="E"/><help:to-popup Eid="umrandungab">
  <text:p text:style-name="Paragraph"><help:paragraphinfo state="U" number="177"/><help:switch select="Program"><help:case select="WRITER">Menu <text:span text:style-name="T1">Format - Paragraph</text:span> - <text:span text:style-name="T1">Border</text:span> tab -<text:span text:style-name="T1"> Spacing to contents</text:span></help:case></help:switch></text:p>
  <text:p text:style-name="Paragraph"><help:paragraphinfo state="U" number="178"/><help:switch select="Program"><help:case select="CALC">Menu<text:span text:style-name="T1"> Format - Page - Border - Spacing to contents</text:span></help:case></help:switch></text:p>
  <help:paragraphinfo state="E"/></help:to-popup>
  <help:paragraphinfo state="E"/><help:to-popup Eid="hintergrund">
  <text:p text:style-name="Paragraph"><help:paragraphinfo state="U" number="57"/>Choose <text:span text:style-name="T1">Format - Paragraph - Background</text:span> tab</text:p>
  <text:p text:style-name="Paragraph"><help:paragraphinfo state="U" number="58"/>Choose <text:span text:style-name="T1">Format - Character - Background</text:span> tab</text:p>
  <text:p text:style-name="Paragraph"><help:paragraphinfo state="U" number="59"/>Choose <text:span text:style-name="T1">Format - Graphics - Background</text:span> tab</text:p>
  <text:p text:style-name="Paragraph"><help:paragraphinfo state="U" number="60"/>Choose <text:span text:style-name="T1">Format - Table - Background</text:span> tab</text:p>
  <text:p text:style-name="Paragraph"><help:paragraphinfo state="U" number="61"/>Choose <text:span text:style-name="T1">Format - Frame - Background</text:span> tab</text:p>
  <text:p text:style-name="Paragraph"><help:paragraphinfo state="U" number="65"/>Choose <text:span text:style-name="T1">Format - Page - Background</text:span> tab</text:p>
  <text:p text:style-name="Paragraph"><help:paragraphinfo state="U" number="68"/>Choose <text:span text:style-name="T1">Format - Page - Header - More</text:span> button</text:p>
  <text:p text:style-name="Paragraph"><help:paragraphinfo state="U" number="69"/>Choose <text:span text:style-name="T1">Format - Page - Footer - More</text:span> button</text:p>
  <text:p text:style-name="Paragraph"><help:paragraphinfo state="U" number="66"/>Choose <text:span text:style-name="T1">Format - Styles - Catalog - Modify/New - Background</text:span> tab</text:p>
  <text:p text:style-name="Paragraph"><help:paragraphinfo state="U" number="67"/>Choose <text:span text:style-name="T1">Format - Stylist</text:span> - open context menu and choose <text:span text:style-name="T1">Modify/New - Background</text:span> tab</text:p>
  <text:p text:style-name="Paragraph"><help:paragraphinfo state="U" number="174"/>Choose <text:span text:style-name="T1">Insert/Edit - Section - Background</text:span> tab</text:p>
  <text:p text:style-name="Paragraph"><help:paragraphinfo state="U" number="64"/>Choose <text:span text:style-name="T1">Insert - Envelope - Format</text:span> tab, click <text:span text:style-name="T1">Edit - Character - Background</text:span> tab</text:p>
  <text:p text:style-name="Paragraph"><help:paragraphinfo state="U" number="70"/>Choose <text:span text:style-name="T1">Tools - Options - HTML Document</text:span></text:p>
  <help:paragraphinfo state="E"/>
  <text:p text:style-name="Paragraph"><help:paragraphinfo state="U" number="71"/><help:switch select="Program"><help:case select="CALC">Choose <text:span text:style-name="T1">Format - Cells - Background</text:span> tab</help:case></help:switch></text:p>
  <help:paragraphinfo state="E"/></help:to-popup>
  <help:paragraphinfo state="E"/><help:to-popup Eid="seiteverwalten">
  <text:p text:style-name="Paragraph"><help:paragraphinfo state="U" number="72"/>Choose <text:span text:style-name="T1">Format - Page - Organizer</text:span> tab</text:p>
  <text:p text:style-name="Paragraph"><help:paragraphinfo state="U" number="73"/>Choose <text:span text:style-name="T1">Format - Styles - Catalog - Modify/New - Organizer</text:span> tab</text:p>
  <text:p text:style-name="Paragraph"><help:paragraphinfo state="U" number="74"/>Choose <text:span text:style-name="T1">Format - Stylist</text:span> - open context menu and choose <text:span text:style-name="T1">Modify/New - Organizer</text:span> tab</text:p>
  <help:paragraphinfo state="E"/></help:to-popup>
  <help:paragraphinfo state="E"/><help:to-popup Eid="seite">
  <text:p text:style-name="Paragraph"><help:paragraphinfo state="U" number="75"/>Choose <text:span text:style-name="T1">Format - Page - Page</text:span> tab</text:p>
  <text:p text:style-name="Paragraph"><help:paragraphinfo state="U" number="76"/>Choose <text:span text:style-name="T1">Format - Styles - Catalog - Modify/New - Page</text:span> tab</text:p>
  <text:p text:style-name="Paragraph"><help:paragraphinfo state="U" number="77"/>Choose <text:span text:style-name="T1">Format - Stylist</text:span> - open context menu and choose <text:span text:style-name="T1">Modify/New - Page</text:span> tab</text:p>
  <help:paragraphinfo state="E"/></help:to-popup>
  <help:paragraphinfo state="E"/><help:to-popup Eid="kopfzeile">
  <text:p text:style-name="Paragraph"><help:paragraphinfo state="U" number="78"/>Choose <text:span text:style-name="T1">Format - Page - Header</text:span> tab</text:p>
  <text:p text:style-name="Paragraph"><help:paragraphinfo state="U" number="79"/>Choose <text:span text:style-name="T1">Format - Styles - Catalog - Modify/New - Header</text:span> tab</text:p>
  <text:p text:style-name="Paragraph"><help:paragraphinfo state="U" number="80"/>Choose <text:span text:style-name="T1">Format - Stylist</text:span> - open context menu and choose <text:span text:style-name="T1">Modify/New - Header</text:span> tab</text:p>
  <help:paragraphinfo state="E"/></help:to-popup>
  <help:paragraphinfo state="E"/><help:to-popup Eid="fusszeile">
  <text:p text:style-name="Paragraph"><help:paragraphinfo state="U" number="81"/>Choose <text:span text:style-name="T1">Format - Page - Footer</text:span> tab</text:p>
  <text:p text:style-name="Paragraph"><help:paragraphinfo state="U" number="82"/>Choose <text:span text:style-name="T1">Format - Styles - Catalog - Modify/New - Footer</text:span> tab</text:p>
  <text:p text:style-name="Paragraph"><help:paragraphinfo state="U" number="83"/>Choose <text:span text:style-name="T1">Format - Stylist</text:span> - open context menu and choose <text:span text:style-name="T1">Modify/New - Footer</text:span> tab</text:p>
  <help:paragraphinfo state="E"/></help:to-popup>
  <help:paragraphinfo state="E"/><help:to-popup Eid="gestalter">
  <text:p text:style-name="Paragraph"><help:paragraphinfo state="U" number="84"/>Choose <text:span text:style-name="T1">Format - Stylist</text:span></text:p>
  <text:p text:style-name="Paragraph"><help:paragraphinfo state="U" number="95"/>F11 key</text:p>
  <text:p text:style-name="Paragraph"><help:paragraphinfo state="U" number="85"/>On the <text:span text:style-name="T1">Function</text:span> Bar, click</text:p>
  <help:paragraphinfo state="E"/><a name="sygestalter"/>
  <table:table table:name="Tabelle9" table:style-name="Tabelle9">
   <table:table-column table:style-name="Tabelle9.A"/>
   <table:table-column table:style-name="Tabelle9.B"/>
   <table:table-header-rows>
    <table:table-row>
     <table:table-cell table:value-type="string">
      <text:p text:style-name="Paragraph"><draw:image draw:name="Icon2" svg:desc="Icon" svg:pixelx="25" svg:pixely="25" svg:width="0.661cm" svg:height="0.661cm" xlink:href="65922" draw:filter-name=""/></text:p>

     </table:table-cell>
     <table:table-cell table:value-type="string">
      <text:p text:style-name="Paragraph"><help:paragraphinfo state="U" number="86"/>Stylist</text:p>
     </table:table-cell>
    </table:table-row>
   </table:table-header-rows>
  </table:table>
  <help:paragraphinfo state="E"/></help:to-popup>
  <text:p text:style-name="Paragraph"><help:paragraphinfo state="U" number="2"/><help:to-popup Eid="vorlagen">Choose <text:span text:style-name="T1">Format - Styles</text:span></help:to-popup></text:p>
  <help:paragraphinfo state="E"/><help:to-popup Eid="vorlagenkatalog">
  <text:p text:style-name="Paragraph"><help:paragraphinfo state="U" number="180"/>Choose <text:span text:style-name="T1">Format - Styles - Catalog</text:span></text:p>
  <text:p text:style-name="Paragraph"><help:paragraphinfo state="U" number="96"/><help:switch select="System"><help:case select ="MAC">Command</help:case><help:default>Ctrl</help:default></help:switch>+Y</text:p>
  <help:paragraphinfo state="E"/></help:to-popup>
  <help:paragraphinfo state="E"/><help:to-popup Eid="3d">
  <text:p text:style-name="Paragraph"><help:paragraphinfo state="U" number="87"/>Choose <text:span text:style-name="T1">Format - 3D Effects</text:span></text:p>
  <text:p text:style-name="Paragraph"><help:paragraphinfo state="U" number="88"/><help:switch select="Program"><help:case select="CHART"></help:case><help:default>On the <text:span text:style-name="T1">Main</text:span> Toolbar, click</help:default></help:switch></text:p>
  <help:paragraphinfo state="E"/><a name="sy3d"/>
  <table:table table:name="Tabelle2" table:style-name="Tabelle2">
   <table:table-column table:style-name="Tabelle2.A"/>
   <table:table-column table:style-name="Tabelle2.B"/>
   <table:table-header-rows>
    <table:table-row>
     <table:table-cell table:style-name="Tabelle2.A1" table:value-type="string">
      <text:p text:style-name="Paragraph"><draw:image draw:name="Icon3" svg:desc="Icon" svg:pixelx="25" svg:pixely="25" svg:width="0.661cm" svg:height="0.661cm" xlink:href="65620" draw:filter-name=""/></text:p>

     </table:table-cell>
     <table:table-cell table:style-name="Tabelle2.A1" table:value-type="string">
      <text:p text:style-name="Paragraph"><help:paragraphinfo state="U" number="3"/><text:span text:style-name="T1">3D Effects</text:span></text:p>
     </table:table-cell>
    </table:table-row>
   </table:table-header-rows>
  </table:table>
  <help:paragraphinfo state="E"/></help:to-popup>
  <text:p text:style-name="Paragraph"><help:paragraphinfo state="U" number="89"/><help:to-popup Eid="3dfavoriten">Choose <text:span text:style-name="T1">Format - 3D Effects - Favorites</text:span> tab</help:to-popup></text:p>
  <text:p text:style-name="Paragraph"><help:paragraphinfo state="U" number="90"/><help:to-popup Eid="3dgeometrie">Choose <text:span text:style-name="T1">Format - 3D Effects - Geometry</text:span> tab</help:to-popup></text:p>
  <text:p text:style-name="Paragraph"><help:paragraphinfo state="U" number="91"/><help:to-popup Eid="3ddarstellung">Choose <text:span text:style-name="T1">Format - 3D Effects - Shading</text:span> tab</help:to-popup></text:p>
  <text:p text:style-name="Paragraph"><help:paragraphinfo state="U" number="92"/><help:to-popup Eid="3dbeleuchtung">Choose <text:span text:style-name="T1">Format - 3D Effects - Illumination</text:span> tab</help:to-popup></text:p>
  <text:p text:style-name="Paragraph"><help:paragraphinfo state="U" number="93"/><help:to-popup Eid="3dtexturen">Choose <text:span text:style-name="T1">Format - 3D Effects - Textures</text:span> tab</help:to-popup></text:p>
  <text:p text:style-name="Paragraph"><help:paragraphinfo state="U" number="94"/><help:to-popup Eid="3dmaterial">Choose <text:span text:style-name="T1">Format - 3D Effects - Material</text:span> tab</help:to-popup></text:p>
  <help:paragraphinfo state="E"/><help:to-popup Eid="numauf">
  <text:p text:style-name="Paragraph"><help:paragraphinfo state="U" number="155"/>Choose <text:span text:style-name="T1">Format - Numbering/Bullets</text:span></text:p>
  <text:p text:style-name="Paragraph"><help:paragraphinfo state="U" number="156"/>On <text:span text:style-name="T1">Object</text:span> Bar, click</text:p>
  <help:paragraphinfo state="E"/><help:to-be-embedded Eid="synumauf">
  <table:table table:name="Tabelle10" table:style-name="Tabelle10">
   <table:table-column table:style-name="Tabelle10.A"/>
   <table:table-column table:style-name="Tabelle10.B"/>
   <table:table-header-rows>
    <table:table-row>
     <table:table-cell table:value-type="string">
      <text:p text:style-name="Paragraph"><draw:image draw:name="Icon4" svg:desc="Icon" svg:pixelx="25" svg:pixely="25" svg:width="0.661cm" svg:height="0.661cm" xlink:href="66199" draw:filter-name=""/></text:p>

     </table:table-cell>
     <table:table-cell table:value-type="string">
      <text:p text:style-name="Paragraph"><help:paragraphinfo state="U" number="163"/>Bullets On/Off</text:p>
     </table:table-cell>
    </table:table-row>
   </table:table-header-rows>
  </table:table>
  <help:paragraphinfo state="E"/></help:to-be-embedded></help:to-popup>
  <help:paragraphinfo state="E"/><help:to-popup Eid="numoptionen">
  <text:p text:style-name="Paragraph"><help:paragraphinfo state="U" number="157"/>Choose <text:span text:style-name="T1">Format - Numbering/Bullets - Options</text:span> tab</text:p>
  <text:p text:style-name="Paragraph"><help:paragraphinfo state="U" number="164"/><help:switch select="Program"><help:case select="IMPRESS">Open Stylist - Presentation Styles - context menu of an Outline Style - choose <text:span text:style-name="T1">New/Modify</text:span></help:case></help:switch></text:p>
  <text:p text:style-name="Paragraph"><help:paragraphinfo state="U" number="165"/><help:switch select="Program"><help:case select="WRITER">Open Stylist - Numbering Styles - context menu - choose <text:span text:style-name="T1">New/Modify</text:span></help:case></help:switch></text:p>
  <help:paragraphinfo state="E"/></help:to-popup>
  <help:paragraphinfo state="E"/><help:to-popup Eid="numbullets">
  <text:p text:style-name="Paragraph"><help:paragraphinfo state="U" number="158"/>Choose <text:span text:style-name="T1">Format - Numbering/Bullets - Bullets</text:span> tab</text:p>
  <text:p text:style-name="Paragraph"><help:paragraphinfo state="U" number="166"/><help:switch select="Program"><help:case select="IMPRESS">Open Stylist - Presentation Styles - context menu of an Outline Style - choose <text:span text:style-name="T1">New/Modify</text:span></help:case></help:switch></text:p>
  <text:p text:style-name="Paragraph"><help:paragraphinfo state="U" number="167"/><help:switch select="Program"><help:case select="WRITER">Open Stylist - Numbering Styles - context menu - choose <text:span text:style-name="T1">New/Modify</text:span></help:case></help:switch></text:p>
  <help:paragraphinfo state="E"/></help:to-popup>
  <help:paragraphinfo state="E"/><help:to-popup Eid="numnumerierungsart">
  <text:p text:style-name="Paragraph"><help:paragraphinfo state="U" number="159"/>Choose <text:span text:style-name="T1">Format - Numbering/Bullets - Numbering</text:span> tab</text:p>
  <text:p text:style-name="Paragraph"><help:paragraphinfo state="U" number="168"/><help:switch select="Program"><help:case select="IMPRESS">Open Stylist - Presentation Styles - context menu of an Outline Style - choose <text:span text:style-name="T1">New/Modify</text:span></help:case></help:switch></text:p>
  <text:p text:style-name="Paragraph"><help:paragraphinfo state="U" number="169"/><help:switch select="Program"><help:case select="WRITER">Open Stylist - Numbering Styles - context menu - choose <text:span text:style-name="T1">New/Modify</text:span></help:case></help:switch></text:p>
  <help:paragraphinfo state="E"/></help:to-popup>
  <help:paragraphinfo state="E"/><help:to-popup Eid="numnumerierung">
  <text:p text:style-name="Paragraph"><help:paragraphinfo state="U" number="160"/>Choose <text:span text:style-name="T1">Format - Numbering/Bullets - Outline</text:span> tab</text:p>
  <text:p text:style-name="Paragraph"><help:paragraphinfo state="U" number="170"/><help:switch select="Program"><help:case select="WRITER">Open Stylist - Numbering Styles - context menu - choose <text:span text:style-name="T1">New/Modify</text:span></help:case></help:switch></text:p>
  <help:paragraphinfo state="E"/></help:to-popup>
  <help:paragraphinfo state="E"/><help:to-popup Eid="numgrafiken">
  <text:p text:style-name="Paragraph"><help:paragraphinfo state="U" number="161"/>Choose <text:span text:style-name="T1">Format - Numbering/Bullets - Graphics</text:span> tab</text:p>
  <text:p text:style-name="Paragraph"><help:paragraphinfo state="U" number="171"/><help:switch select="Program"><help:case select="IMPRESS">Open Stylist - Presentation Styles - context menu of an Outline Style - choose <text:span text:style-name="T1">New/Modify</text:span></help:case></help:switch></text:p>
  <text:p text:style-name="Paragraph"><help:paragraphinfo state="U" number="172"/><help:switch select="Program"><help:case select="WRITER">Open Stylist - Numbering Styles - context menu - choose <text:span text:style-name="T1">New/Modify</text:span></help:case></help:switch></text:p>
  <help:paragraphinfo state="E"/></help:to-popup>
  <help:paragraphinfo state="E"/><help:to-popup Eid="numposition">
  <text:p text:style-name="Paragraph"><help:paragraphinfo state="U" number="162"/>Choose <text:span text:style-name="T1">Format - Numbering/Bullets - Position</text:span> tab</text:p>
  <text:p text:style-name="Paragraph"><help:paragraphinfo state="U" number="152"/><help:switch select="Program"><help:case select="WRITER">Choose <text:span text:style-name="T1">Tools - Outline Numbering - Position</text:span> tab</help:case></help:switch></text:p>
  <text:p text:style-name="Paragraph"><help:paragraphinfo state="U" number="173"/><help:switch select="Program"><help:case select="WRITER">Open Stylist - Numbering Styles - context menu - choose <text:span text:style-name="T1">New/Modify</text:span></help:case></help:switch></text:p>
  <help:paragraphinfo state="E"/></help:to-popup>
  <help:paragraphinfo state="E"/><help:to-popup Eid="grafikzuschn">
  <text:p text:style-name="Paragraph"><help:paragraphinfo state="U" number="194"/><help:switch select="Program"><help:case select="WRITER">Menu <text:span text:style-name="T1">Format - Graphic </text:span>- <text:span text:style-name="T1">Crop</text:span> tab</help:case></help:switch></text:p>
  <text:p text:style-name="Paragraph"><help:paragraphinfo state="U" number="198"/><help:switch select="Program"><help:case select="WRITER"></help:case><help:default>Icon in the graphics <text:span text:style-name="T1">Object</text:span> Bar:</help:default></help:switch></text:p>
  <help:paragraphinfo state="E"/><help:switch select="Program"><help:case select="WRITER"></help:case><help:default>
  <table:table table:name="Tabelle11" table:style-name="Tabelle11">
   <table:table-column table:style-name="Tabelle11.A"/>
   <table:table-column table:style-name="Tabelle11.B"/>
   <table:table-header-rows>
    <table:table-row>
     <table:table-cell table:value-type="string">
      <text:p text:style-name="Paragraph"><draw:image draw:name="Icon5" svg:desc="Icon" svg:pixelx="25" svg:pixely="25" svg:width="0.661cm" svg:height="0.661cm" xlink:href="65747" draw:filter-name=""/></text:p>

     </table:table-cell>
     <table:table-cell table:value-type="string">
      <text:p text:style-name="Paragraph"><help:paragraphinfo state="U" number="209"/>Crop</text:p>
     </table:table-cell>
    </table:table-row>
   </table:table-header-rows>
  </table:table>
  <help:paragraphinfo state="E"/></help:default></help:switch>
  <help:paragraphinfo state="E"/></help:to-popup>
  <help:paragraphinfo state="E"/><help:to-popup Eid="grossklein">
  <text:p text:style-name="Paragraph"><help:paragraphinfo state="U" number="195"/>Choose <text:span text:style-name="T1">Format - Case/Characters</text:span></text:p>
  <text:p text:style-name="Paragraph"><help:paragraphinfo state="U" number="196"/>Open context menu (text) - choose <text:span text:style-name="T1">Case/Characters</text:span></text:p>
  <help:paragraphinfo state="E"/></help:to-popup>
  <help:paragraphinfo state="E"/><help:to-popup Eid="ruby">
  <text:p text:style-name="Paragraph"><help:paragraphinfo state="U" number="197"/>Menu <text:span text:style-name="T1">Format - Ruby</text:span></text:p>
  <help:paragraphinfo state="E"/></help:to-popup>
 </office:body>
</office:document>
