

<office:document  xmlns:office="http://openoffice.org/2000/office" xmlns:style="http://openoffice.org/2000/style" xmlns:text="http://openoffice.org/2000/text" xmlns:table="http://openoffice.org/2000/table" xmlns:draw="http://openoffice.org/2000/drawing" xmlns:fo="http://www.w3.org/1999/XSL/Format" xmlns:xlink="http://www.w3.org/1999/xlink" xmlns:number="http://openoffice.org/2000/datastyle" xmlns:svg="http://www.w3.org/2000/svg" xmlns:chart="http://openoffice.org/2000/chart" xmlns:dr3d="http://openoffice.org/2000/dr3d" xmlns:math="http://www.w3.org/1998/Math/MathML" xmlns:form="http://openoffice.org/2000/form" xmlns:script="http://openoffice.org/2000/script" office:class="text" office:version="1.0" xmlns:dc="http://purl.org/dc/elements/1.1/" xmlns:meta="http://openoffice.org/2000/meta" xmlns:help="http://openoffice.org/2000/help">
<office:meta>
  <dc:description>text/common/00/00040502</dc:description>
  <dc:subject>Format Menu</dc:subject>
  <meta:keywords>
   <meta:keyword>$Version</meta:keyword>
  </meta:keywords>
  <dc:language>en-US</dc:language>
  <meta:user-defined meta:name="Info 0">READY</meta:user-defined>
  <meta:user-defined meta:name="Info 1">FREE_OK</meta:user-defined>
  <meta:user-defined meta:name="Info 2">NOINDEX</meta:user-defined>
  <meta:user-defined meta:name="Info 3"/>
</office:meta>
 <office:script/>
 <office:font-decls>
  <style:font-decl style:name="StarSymbol" fo:font-family="StarSymbol" style:font-charset="x-symbol"/>
  <style:font-decl style:name="Courier New" fo:font-family="&apos;Courier New&apos;" style:font-style-name="Standard" style:font-family-generic="modern" style:font-pitch="fixed"/>
  <style:font-decl style:name="Courier" fo:font-family="Courier" style:font-family-generic="roman" style:font-pitch="fixed"/>
  <style:font-decl style:name="Arial Unicode MS" fo:font-family="&apos;Arial Unicode MS&apos;" style:font-pitch="variable"/>
  <style:font-decl style:name="HG Mincho Light J" fo:font-family="&apos;HG Mincho Light J&apos;" style:font-pitch="variable"/>
  <style:font-decl style:name="Times New Roman3" fo:font-family="&apos;Times New Roman&apos;" style:font-pitch="variable"/>
  <style:font-decl style:name="Thorndale" fo:font-family="Thorndale" style:font-family-generic="roman" style:font-pitch="variable"/>
  <style:font-decl style:name="Times New Roman2" fo:font-family="&apos;Times New Roman&apos;" style:font-style-name="Fett" style:font-family-generic="roman" style:font-pitch="variable"/>
  <style:font-decl style:name="Times New Roman" fo:font-family="&apos;Times New Roman&apos;" style:font-style-name="Standard" style:font-family-generic="roman" style:font-pitch="variable"/>
  <style:font-decl style:name="Times New Roman1" fo:font-family="&apos;Times New Roman&apos;" style:font-family-generic="swiss" style:font-pitch="variable"/>
 </office:font-decls>
 <office:automatic-styles>
  <style:style style:name="Tabelle8" style:family="table">
   <style:properties style:width="18cm" table:align="margins"/>
  </style:style>
  <style:style style:name="Tabelle8.A" style:family="table-column">
   <style:properties style:column-width="1.501cm" style:rel-column-width="5465*"/>
  </style:style>
  <style:style style:name="Tabelle8.B" style:family="table-column">
   <style:properties style:column-width="16.499cm" style:rel-column-width="60070*"/>
  </style:style>
  <style:style style:name="Tabelle9" style:family="table">
   <style:properties style:width="18cm" table:align="margins"/>
  </style:style>
  <style:style style:name="Tabelle9.A" style:family="table-column">
   <style:properties style:column-width="1.501cm" style:rel-column-width="5465*"/>
  </style:style>
  <style:style style:name="Tabelle9.B" style:family="table-column">
   <style:properties style:column-width="16.499cm" style:rel-column-width="60070*"/>
  </style:style>
  <style:style style:name="Tabelle4" style:family="table">
   <style:properties style:width="18cm" table:align="margins"/>
  </style:style>
  <style:style style:name="Tabelle4.A" style:family="table-column">
   <style:properties style:column-width="1.501cm" style:rel-column-width="5465*"/>
  </style:style>
  <style:style style:name="Tabelle4.B" style:family="table-column">
   <style:properties style:column-width="16.499cm" style:rel-column-width="60051*"/>
  </style:style>
  <style:style style:name="Tabelle1" style:family="table">
   <style:properties style:width="18cm" table:align="margins"/>
  </style:style>
  <style:style style:name="Tabelle1.A" style:family="table-column">
   <style:properties style:column-width="1.501cm" style:rel-column-width="5464*"/>
  </style:style>
  <style:style style:name="Tabelle1.B" style:family="table-column">
   <style:properties style:column-width="16.499cm" style:rel-column-width="60052*"/>
  </style:style>
  <style:style style:name="Tabelle2" style:family="table">
   <style:properties style:width="18cm" table:align="margins"/>
  </style:style>
  <style:style style:name="Tabelle2.A" style:family="table-column">
   <style:properties style:column-width="1.501cm" style:rel-column-width="5464*"/>
  </style:style>
  <style:style style:name="Tabelle2.B" style:family="table-column">
   <style:properties style:column-width="16.499cm" style:rel-column-width="60052*"/>
  </style:style>
  <style:style style:name="Tabelle10" style:family="table">
   <style:properties style:width="18cm" table:align="margins"/>
  </style:style>
  <style:style style:name="Tabelle10.A" style:family="table-column">
   <style:properties style:column-width="1.501cm" style:rel-column-width="5464*"/>
  </style:style>
  <style:style style:name="Tabelle10.B" style:family="table-column">
   <style:properties style:column-width="16.499cm" style:rel-column-width="60052*"/>
  </style:style>
  <style:style style:name="Tabelle11" style:family="table">
   <style:properties style:width="18cm" table:align="margins"/>
  </style:style>
  <style:style style:name="Tabelle11.A" style:family="table-column">
   <style:properties style:column-width="1.501cm" style:rel-column-width="5464*"/>
  </style:style>
  <style:style style:name="Tabelle11.B" style:family="table-column">
   <style:properties style:column-width="16.499cm" style:rel-column-width="60052*"/>
  </style:style>
  <style:style style:name="Tabelle12" style:family="table">
   <style:properties style:width="18cm" table:align="margins"/>
  </style:style>
  <style:style style:name="Tabelle12.A" style:family="table-column">
   <style:properties style:column-width="1.501cm" style:rel-column-width="5464*"/>
  </style:style>
  <style:style style:name="Tabelle12.B" style:family="table-column">
   <style:properties style:column-width="16.499cm" style:rel-column-width="60052*"/>
  </style:style>
  <style:style style:name="Tabelle3" style:family="table">
   <style:properties style:width="18cm" table:align="margins"/>
  </style:style>
  <style:style style:name="Tabelle3.A" style:family="table-column">
   <style:properties style:column-width="1.501cm" style:rel-column-width="5465*"/>
  </style:style>
  <style:style style:name="Tabelle3.B" style:family="table-column">
   <style:properties style:column-width="16.499cm" style:rel-column-width="60051*"/>
  </style:style>
  <style:style style:name="Tabelle5" style:family="table">
   <style:properties style:width="18cm" table:align="margins"/>
  </style:style>
  <style:style style:name="Tabelle5.A" style:family="table-column">
   <style:properties style:column-width="1.501cm" style:rel-column-width="5464*"/>
  </style:style>
  <style:style style:name="Tabelle5.B" style:family="table-column">
   <style:properties style:column-width="16.499cm" style:rel-column-width="60052*"/>
  </style:style>
  <style:style style:name="Tabelle6" style:family="table">
   <style:properties style:width="18cm" table:align="margins"/>
  </style:style>
  <style:style style:name="Tabelle6.A" style:family="table-column">
   <style:properties style:column-width="1.501cm" style:rel-column-width="5464*"/>
  </style:style>
  <style:style style:name="Tabelle6.B" style:family="table-column">
   <style:properties style:column-width="16.499cm" style:rel-column-width="60052*"/>
  </style:style>
  <style:style style:name="Tabelle7" style:family="table">
   <style:properties style:width="18cm" table:align="margins"/>
  </style:style>
  <style:style style:name="Tabelle7.A" style:family="table-column">
   <style:properties style:column-width="1.501cm" style:rel-column-width="5465*"/>
  </style:style>
  <style:style style:name="Tabelle7.B" style:family="table-column">
   <style:properties style:column-width="16.499cm" style:rel-column-width="60051*"/>
  </style:style>
  <style:style style:name="Tabelle13" style:family="table">
   <style:properties style:width="18cm" table:align="margins"/>
  </style:style>
  <style:style style:name="Tabelle13.A" style:family="table-column">
   <style:properties style:column-width="1.501cm" style:rel-column-width="5465*"/>
  </style:style>
  <style:style style:name="Tabelle13.B" style:family="table-column">
   <style:properties style:column-width="16.499cm" style:rel-column-width="60051*"/>
  </style:style>
  <style:style style:name="Tabelle14" style:family="table">
   <style:properties style:width="18cm" table:align="margins"/>
  </style:style>
  <style:style style:name="Tabelle14.A" style:family="table-column">
   <style:properties style:column-width="1.501cm" style:rel-column-width="5465*"/>
  </style:style>
  <style:style style:name="Tabelle14.B" style:family="table-column">
   <style:properties style:column-width="16.499cm" style:rel-column-width="60051*"/>
  </style:style>
  <style:style style:name="Tabelle16" style:family="table">
   <style:properties style:width="18cm" table:align="margins"/>
  </style:style>
  <style:style style:name="Tabelle16.A" style:family="table-column">
   <style:properties style:column-width="1.501cm" style:rel-column-width="5465*"/>
  </style:style>
  <style:style style:name="Tabelle16.B" style:family="table-column">
   <style:properties style:column-width="16.499cm" style:rel-column-width="60051*"/>
  </style:style>
  <style:style style:name="Tabelle15" style:family="table">
   <style:properties style:width="18cm" table:align="margins"/>
  </style:style>
  <style:style style:name="Tabelle15.A" style:family="table-column">
   <style:properties style:column-width="1.501cm" style:rel-column-width="5465*"/>
  </style:style>
  <style:style style:name="Tabelle15.B" style:family="table-column">
   <style:properties style:column-width="16.499cm" style:rel-column-width="60051*"/>
  </style:style>
  <style:style style:name="P1" style:family="paragraph" style:parent-style-name="Paragraph" style:master-page-name="HTML">
   <style:properties style:page-number="0"/>
  </style:style>
  <style:style style:name="T1" style:family="text">
   <style:properties fo:font-weight="bold"/>
  </style:style>
  <style:style style:name="fr1" style:family="graphics" style:parent-style-name="Graphics">
   <style:properties style:run-through="foreground" style:wrap="run-through" style:vertical-pos="top" style:vertical-rel="paragraph" style:horizontal-pos="left" style:horizontal-rel="paragraph" style:mirror="none" fo:clip="rect(0cm 0cm 0cm 0cm)" draw:luminance="0%" draw:contrast="0%" draw:red="0%" draw:green="0%" draw:blue="0%" draw:gamma="1" draw:color-inversion="false" draw:transparency="-100%" draw:color-mode="standard"/>
  </style:style>
  <style:style style:name="fr2" style:family="graphics" style:parent-style-name="Graphics">
   <style:properties style:wrap="run-through" style:horizontal-pos="left" style:horizontal-rel="paragraph" style:mirror="none" fo:clip="rect(0cm 0cm 0cm 0cm)" draw:luminance="0%" draw:contrast="0%" draw:red="0%" draw:green="0%" draw:blue="0%" draw:gamma="1" draw:color-inversion="false" draw:transparency="-100%" draw:color-mode="standard"/>
  </style:style>
 </office:automatic-styles>
 <office:body>
  <text:variable-decls>
   <text:variable-decl text:value-type="string" text:name="HTML_ON"/>
   <text:variable-decl text:value-type="string" text:name="HTML_OFF"/>
   <text:variable-decl text:value-type="string" text:name="TITEL"/>
   <text:variable-decl text:value-type="string" text:name="END"/>
   <text:variable-decl text:value-type="string" text:name="OS2"/>
   <text:variable-decl text:value-type="string" text:name="ELSE"/>
   <text:variable-decl text:value-type="string" text:name="NAME"/>
   <text:variable-decl text:value-type="string" text:name="MAC"/>
   <text:variable-decl text:value-type="string" text:name="HREF"/>
   <text:variable-decl text:value-type="string" text:name="MODIFY"/>
   <text:variable-decl text:value-type="string" text:name="REFNR"/>
   <text:variable-decl text:value-type="string" text:name="HFELD"/>
   <text:variable-decl text:value-type="string" text:name="STYLE"/>
   <text:variable-decl text:value-type="string" text:name="PARAINFO"/>
  </text:variable-decls>
  <text:sequence-decls>
   <text:sequence-decl text:display-outline-level="0" text:name="Illustration"/>
   <text:sequence-decl text:display-outline-level="0" text:name="Table"/>
   <text:sequence-decl text:display-outline-level="0" text:name="Text"/>
   <text:sequence-decl text:display-outline-level="0" text:name="Drawing"/>
  </text:sequence-decls>
  <text:p text:style-name="P1"/>
  <text:p text:style-name="Head 1"><help:paragraphinfo state="U" number="1"/>Format Menu</text:p>
  <help:paragraphinfo state="E"/><help:to-popup Eid="linie1">
  <text:p text:style-name="Paragraph"><help:paragraphinfo state="U" number="2"/>Choose <text:span text:style-name="T1">Format - Line</text:span></text:p>
  <text:p text:style-name="Paragraph"><help:paragraphinfo state="U" number="3"/>On <text:span text:style-name="T1">Object</text:span> Bar, click</text:p>
  <help:paragraphinfo state="E"/><help:to-be-embedded Eid="sylinie">
  <table:table table:name="Tabelle8" table:style-name="Tabelle8">
   <table:table-column table:style-name="Tabelle8.A"/>
   <table:table-column table:style-name="Tabelle8.B"/>
   <table:table-header-rows>
    <table:table-row>
     <table:table-cell table:value-type="string">
      <text:p text:style-name="Paragraph"><draw:image draw:name="Icon0" svg:desc="Icon" svg:pixelx="25" svg:pixely="25" svg:width="0.661cm" svg:height="0.661cm" xlink:href="66103" draw:filter-name=""/></text:p>

     </table:table-cell>
     <table:table-cell table:value-type="string">
      <text:p text:style-name="Paragraph"><help:paragraphinfo state="U" number="4"/>Line</text:p>
     </table:table-cell>
    </table:table-row>
   </table:table-header-rows>
  </table:table>
  <help:paragraphinfo state="E"/></help:to-be-embedded></help:to-popup>
  <help:paragraphinfo state="E"/><help:to-popup Eid="linie2">
  <text:p text:style-name="Paragraph"><help:paragraphinfo state="U" number="5"/>Choose <text:span text:style-name="T1">Format - Line - Line</text:span> tab</text:p>
  <text:p text:style-name="Paragraph"><help:paragraphinfo state="U" number="6"/>Choose <text:span text:style-name="T1">Format - Styles - Catalog - Modify/New - Line</text:span> tab (presentation documents)</text:p>
  <text:p text:style-name="Paragraph"><help:paragraphinfo state="U" number="7"/>Choose <text:span text:style-name="T1">Format - Stylist</text:span> - open context menu and choose <text:span text:style-name="T1">Modify/New - Line</text:span> tab (presentation documents)</text:p>
  <text:p text:style-name="Paragraph"><help:paragraphinfo state="U" number="8"/>Choose <text:span text:style-name="T1">Format - Title - Borders</text:span> tab (charts)</text:p>
  <text:p text:style-name="Paragraph"><help:paragraphinfo state="U" number="9"/>Choose <text:span text:style-name="T1">Format - Legend - Borders</text:span> tab (charts)</text:p>
  <text:p text:style-name="Paragraph"><help:paragraphinfo state="U" number="10"/>Choose <text:span text:style-name="T1">Format - Axis - Line</text:span> tab (charts)</text:p>
  <text:p text:style-name="Paragraph"><help:paragraphinfo state="U" number="11"/>Choose <text:span text:style-name="T1">Format - Grid - Line</text:span> tab (charts)</text:p>
  <text:p text:style-name="Paragraph"><help:paragraphinfo state="U" number="12"/>Choose <text:span text:style-name="T1">Format - Chart Wall - Borders</text:span> tab (charts)</text:p>
  <text:p text:style-name="Paragraph"><help:paragraphinfo state="U" number="13"/>Choose <text:span text:style-name="T1">Format - Chart Floor - Borders</text:span> tab (charts)</text:p>
  <text:p text:style-name="Paragraph"><help:paragraphinfo state="U" number="14"/>Choose <text:span text:style-name="T1">Format - Chart Area - Borders</text:span> tab (charts)</text:p>
  <help:paragraphinfo state="E"/></help:to-popup>
  <text:p text:style-name="Paragraph"><help:paragraphinfo state="U" number="15"/><help:to-popup Eid="linienstile">Choose <text:span text:style-name="T1">Format - Line - Line Styles</text:span> tab</help:to-popup></text:p>
  <text:p text:style-name="Paragraph"><help:paragraphinfo state="U" number="16"/><help:to-popup Eid="linienenden">Choose <text:span text:style-name="T1">Format - Line - Arrow Styles</text:span> tab</help:to-popup></text:p>
  <help:paragraphinfo state="E"/><help:to-popup Eid="flaeche1">
  <text:p text:style-name="Paragraph"><help:paragraphinfo state="U" number="17"/>Choose <text:span text:style-name="T1">Format - Area</text:span></text:p>
  <text:p text:style-name="Paragraph"><help:paragraphinfo state="U" number="18"/>On <text:span text:style-name="T1">Object</text:span> Bar, click</text:p>
  <help:paragraphinfo state="E"/><help:to-be-embedded Eid="syflaeche">
  <table:table table:name="Tabelle9" table:style-name="Tabelle9">
   <table:table-column table:style-name="Tabelle9.A"/>
   <table:table-column table:style-name="Tabelle9.B"/>
   <table:table-header-rows>
    <table:table-row>
     <table:table-cell table:value-type="string">
      <text:p text:style-name="Paragraph"><draw:image draw:name="Icon1" svg:desc="Icon" svg:pixelx="25" svg:pixely="25" svg:width="0.661cm" svg:height="0.661cm" xlink:href="66685" draw:filter-name=""/></text:p>

     </table:table-cell>
     <table:table-cell table:value-type="string">
      <text:p text:style-name="Paragraph"><help:paragraphinfo state="U" number="19"/>Area</text:p>
     </table:table-cell>
    </table:table-row>
   </table:table-header-rows>
  </table:table>
  <help:paragraphinfo state="E"/></help:to-be-embedded></help:to-popup>
  <help:paragraphinfo state="E"/><help:to-popup Eid="flaeche2">
  <text:p text:style-name="Paragraph"><help:paragraphinfo state="U" number="20"/>Choose <text:span text:style-name="T1">Format - Area - Area</text:span> tab</text:p>
  <text:p text:style-name="Paragraph"><help:paragraphinfo state="U" number="21"/>Choose <text:span text:style-name="T1">Format - Styles - Catalog - Modify/New - Area</text:span> tab (presentation documents)</text:p>
  <text:p text:style-name="Paragraph"><help:paragraphinfo state="U" number="22"/>Choose <text:span text:style-name="T1">Format - Stylist</text:span> - open context menu and choose <text:span text:style-name="T1">Modify/New - Area</text:span> tab (presentation documents)</text:p>
  <text:p text:style-name="Paragraph"><help:paragraphinfo state="U" number="23"/>Choose <text:span text:style-name="T1">Format - Title - Area</text:span> tab (chart documents)</text:p>
  <text:p text:style-name="Paragraph"><help:paragraphinfo state="U" number="24"/>Choose <text:span text:style-name="T1">Format - Legend - Area</text:span> tab (chart documents)</text:p>
  <text:p text:style-name="Paragraph"><help:paragraphinfo state="U" number="25"/>Choose <text:span text:style-name="T1">Format - Chart Wall - Area</text:span> tab (chart documents)</text:p>
  <text:p text:style-name="Paragraph"><help:paragraphinfo state="U" number="26"/>Choose <text:span text:style-name="T1">Format - Chart Floor - Area</text:span> tab (chart documents)</text:p>
  <text:p text:style-name="Paragraph"><help:paragraphinfo state="U" number="27"/>Choose <text:span text:style-name="T1">Format - Chart Area - Area</text:span> tab (chart documents)</text:p>
  <text:p text:style-name="Paragraph"><help:paragraphinfo state="U" number="120"/>Choose <text:span text:style-name="T1">Format - Page - Background</text:span> tab (in <help:productname>%PRODUCTNAME</help:productname> Impress and <help:productname>%PRODUCTNAME</help:productname> Draw)</text:p>
  <help:paragraphinfo state="E"/></help:to-popup>
  <help:paragraphinfo state="E"/><help:to-popup Eid="farben">
  <text:p text:style-name="Paragraph"><help:paragraphinfo state="U" number="28"/>Choose <text:span text:style-name="T1">Format - Area - Colors</text:span> tab</text:p>
  <text:p text:style-name="Paragraph"><help:paragraphinfo state="U" number="29"/>Choose <text:span text:style-name="T1">Tools - Options - <help:productname>%PRODUCTNAME</help:productname> - Colors</text:span> tab</text:p>
  <help:paragraphinfo state="E"/></help:to-popup>
  <help:paragraphinfo state="E"/><help:to-popup Eid="trans">
  <text:p text:style-name="Paragraph"><help:paragraphinfo state="U" number="141"/>Choose <text:span text:style-name="T1">Format - Area - Transparency</text:span> tab (drawing documents)</text:p>
  <text:p text:style-name="Paragraph"><help:paragraphinfo state="U" number="142"/>Choose <text:span text:style-name="T1">Format - Area - Transparency</text:span> tab (presentation documents)</text:p>
  <text:p text:style-name="Paragraph"><help:paragraphinfo state="U" number="143"/>Choose <text:span text:style-name="T1">Format - Chart Wall - Transparency</text:span> tab (chart documents)</text:p>
  <text:p text:style-name="Paragraph"><help:paragraphinfo state="U" number="144"/>Choose <text:span text:style-name="T1">Format - Chart Area - Transparency</text:span> tab (chart documents)</text:p>
  <text:p text:style-name="Paragraph"><help:paragraphinfo state="U" number="145"/>Choose <text:span text:style-name="T1">Format - Chart Floor - Transparency</text:span> tab (chart documents)</text:p>
  <text:p text:style-name="Paragraph"><help:paragraphinfo state="U" number="146"/>Choose <text:span text:style-name="T1">Format - Title - All Titles - Transparency</text:span> <text:s/>tab (chart documents)</text:p>
  <text:p text:style-name="Paragraph"><help:paragraphinfo state="U" number="147"/>Choose <text:span text:style-name="T1">Format - Title - Main Title - Transparency </text:span><text:s/>tab (chart documents)</text:p>
  <text:p text:style-name="Paragraph"><help:paragraphinfo state="U" number="148"/>Choose <text:span text:style-name="T1">Format - Title - Subtitle - <text:s/>Transparency</text:span> tab (chart documents)</text:p>
  <text:p text:style-name="Paragraph"><help:paragraphinfo state="U" number="149"/>Choose <text:span text:style-name="T1">Format - Title - Title (X Axis) - Transparency</text:span> tab (chart documents)</text:p>
  <text:p text:style-name="Paragraph"><help:paragraphinfo state="U" number="150"/>Choose <text:span text:style-name="T1">Format - Title - Title (Y Axis) - Transparency</text:span> tab (chart documents)</text:p>
  <text:p text:style-name="Paragraph"><help:paragraphinfo state="U" number="151"/>Choose <text:span text:style-name="T1">Format - Title - Title (Z Axis) - Transparency</text:span> tab (chart documents)</text:p>
  <text:p text:style-name="Paragraph"><help:paragraphinfo state="U" number="152"/>Choose <text:span text:style-name="T1">Format - Object Properties - Data Point - Transparency</text:span> - tab (chart documents)</text:p>
  <text:p text:style-name="Paragraph"><help:paragraphinfo state="U" number="153"/>Choose <text:span text:style-name="T1">Format - Object Properties - Data Row <text:s/>- Transparency</text:span> tab (chart documents)</text:p>
  <help:paragraphinfo state="E"/></help:to-popup>
  <text:p text:style-name="Paragraph"><help:paragraphinfo state="U" number="30"/><help:to-popup Eid="schatte">Choose <text:span text:style-name="T1">Format - Area - Shadow</text:span> tab</help:to-popup></text:p>
  <text:p text:style-name="Paragraph"><help:paragraphinfo state="U" number="31"/><help:to-popup Eid="verlauf">Choose <text:span text:style-name="T1">Format - Area - Gradients</text:span> tab</help:to-popup></text:p>
  <text:p text:style-name="Paragraph"><help:paragraphinfo state="U" number="32"/><help:to-popup Eid="schraffur">Choose <text:span text:style-name="T1">Format - Area - Hatching</text:span> tab</help:to-popup></text:p>
  <text:p text:style-name="Paragraph"><help:paragraphinfo state="U" number="33"/><help:to-popup Eid="bitmap">Choose <text:span text:style-name="T1">Format - Area - Bitmaps</text:span> tab</help:to-popup></text:p>
  <text:p text:style-name="Paragraph"><help:paragraphinfo state="U" number="34"/><help:to-popup Eid="formattext">Choose <text:span text:style-name="T1">Format - Text</text:span></help:to-popup></text:p>
  <text:p text:style-name="Paragraph"><help:paragraphinfo state="U" number="35"/><help:to-popup Eid="text">Choose <text:span text:style-name="T1">Format - Text - Text</text:span> tab</help:to-popup></text:p>
  <text:p text:style-name="Paragraph"><help:paragraphinfo state="U" number="36"/><help:to-popup Eid="laufext">Choose <text:span text:style-name="T1">Format - Text - Text Animation</text:span> tab</help:to-popup></text:p>
  <help:paragraphinfo state="E"/><help:to-popup Eid="position1">
  <text:p text:style-name="Paragraph"><help:paragraphinfo state="U" number="37"/>Choose <text:span text:style-name="T1">Format - Position and Size</text:span></text:p>
  <text:p text:style-name="Paragraph"><help:paragraphinfo state="U" number="89"/><help:switch select="Program"><help:case select="DRAW">F4 key</help:case><help:case select="IMPRESS">F4 key</help:case></help:switch></text:p>
  <help:paragraphinfo state="E"/><help:switch select="Program"><help:case select="CHART"></help:case><help:default>
  <text:p text:style-name="Paragraph"><help:paragraphinfo state="U" number="38"/>Hold down Ctrl, and then click on the <text:span text:style-name="T1">Object</text:span> Bar</text:p>
  <help:paragraphinfo state="E"/><help:to-be-embedded Eid="syposition">
  <table:table table:name="Tabelle4" table:style-name="Tabelle4">
   <table:table-column table:style-name="Tabelle4.A"/>
   <table:table-column table:style-name="Tabelle4.B"/>
   <table:table-header-rows>
    <table:table-row>
     <table:table-cell table:value-type="string">
      <text:p text:style-name="Paragraph"><draw:image draw:name="Icon2" svg:desc="Icon" svg:pixelx="25" svg:pixely="25" svg:width="0.661cm" svg:height="0.661cm" xlink:href="66269" draw:filter-name=""/></text:p>

     </table:table-cell>
     <table:table-cell table:value-type="string">
      <text:p text:style-name="Paragraph"><help:paragraphinfo state="U" number="39"/>Position And Size</text:p>
     </table:table-cell>
    </table:table-row>
   </table:table-header-rows>
  </table:table>
  <help:paragraphinfo state="E"/></help:to-be-embedded></help:default></help:switch>
  <help:paragraphinfo state="E"/></help:to-popup>
  <help:paragraphinfo state="E"/><help:to-popup Eid="adngpb">
  <text:p text:style-name="Paragraph"><help:paragraphinfo state="U" number="171"/>Choose <help:switch select="Program"><help:case select="WRITER"><text:span text:style-name="T1">Format</text:span></help:case><help:default><text:span text:style-name="T1">Modify</text:span></help:default></help:switch><text:span text:style-name="T1"> - Name Object</text:span></text:p>
  <text:p text:style-name="Paragraph"><help:paragraphinfo state="U" number="170"/>Open the context menu for the object - choose <text:span text:style-name="T1">Name Object</text:span></text:p>
  <help:paragraphinfo state="E"/></help:to-popup>
  <text:p text:style-name="Paragraph"><help:paragraphinfo state="U" number="40"/><help:to-popup Eid="position2">Choose <text:span text:style-name="T1">Format - Position and Size - Position and Size</text:span> tab</help:to-popup></text:p>
  <help:paragraphinfo state="E"/><help:to-popup Eid="drehung">
  <text:p text:style-name="Paragraph"><help:paragraphinfo state="U" number="42"/>Choose <text:span text:style-name="T1">Format - Position and Size - Rotation</text:span> tab</text:p>
  <text:p text:style-name="Paragraph"><help:paragraphinfo state="U" number="43"/>On <text:span text:style-name="T1">Object</text:span> Bar, click</text:p>
  <table:table table:name="Tabelle1" table:style-name="Tabelle1">
   <table:table-column table:style-name="Tabelle1.A"/>
   <table:table-column table:style-name="Tabelle1.B"/>
   <table:table-header-rows>
    <table:table-row>
     <table:table-cell table:value-type="string">
      <text:p text:style-name="Paragraph"><draw:image draw:name="Icon3" svg:desc="Icon" svg:pixelx="25" svg:pixely="25" svg:width="0.661cm" svg:height="0.661cm" xlink:href="66620" draw:filter-name=""/></text:p>

     </table:table-cell>
     <table:table-cell table:value-type="string">
      <text:p text:style-name="Paragraph"><help:paragraphinfo state="U" number="44"/>Rotate</text:p>
     </table:table-cell>
    </table:table-row>
   </table:table-header-rows>
  </table:table>
  <help:paragraphinfo state="E"/></help:to-popup>
  <text:p text:style-name="Paragraph"><help:paragraphinfo state="U" number="45"/><help:to-popup Eid="ecke">Choose <text:span text:style-name="T1">Format - Position and Size - Slant &amp; Corner Radius</text:span> tab</help:to-popup></text:p>
  <text:p text:style-name="Paragraph"><help:paragraphinfo state="U" number="46"/><help:to-popup Eid="legende">Choose <text:span text:style-name="T1">Format - Position and Size - Legend</text:span> tab</help:to-popup></text:p>
  <help:paragraphinfo state="E"/><help:to-popup Eid="punkte">
  <text:p text:style-name="Paragraph"><help:paragraphinfo state="U" number="172"/>Choose <text:span text:style-name="T1">Edit - Points</text:span></text:p>
  <text:p text:style-name="Paragraph"><help:paragraphinfo state="U" number="47"/><help:switch select="Program"><help:case select="DRAW">Open context menu - choose <text:span text:style-name="T1">Edit Points</text:span></help:case></help:switch><help:switch select="Program"><help:case select="IMPRESS">Open context menu - choose <text:span text:style-name="T1">Edit Points</text:span></help:case></help:switch></text:p>
  <text:p text:style-name="Paragraph"><help:paragraphinfo state="U" number="90"/><help:switch select="Program"><help:case select="DRAW">F8 key</help:case><help:case select="IMPRESS">F8 key</help:case></help:switch></text:p>
  <text:p text:style-name="Paragraph"><help:paragraphinfo state="U" number="48"/>On <help:switch select="Program"><help:case select="DRAW"><text:span text:style-name="T1">Option Bar</text:span> or </help:case><help:case select="IMPRESS"><text:span text:style-name="T1">Option Bar</text:span> or </help:case></help:switch><text:span text:style-name="T1">Object</text:span> Bar, click</text:p>
  <help:paragraphinfo state="E"/><help:to-be-embedded Eid="sypunktebearbeiten">
  <table:table table:name="Tabelle2" table:style-name="Tabelle2">
   <table:table-column table:style-name="Tabelle2.A"/>
   <table:table-column table:style-name="Tabelle2.B"/>
   <table:table-header-rows>
    <table:table-row>
     <table:table-cell table:value-type="string">
      <text:p text:style-name="Paragraph"><draw:image draw:name="Icon4" svg:desc="Icon" svg:pixelx="25" svg:pixely="25" svg:width="0.661cm" svg:height="0.661cm" xlink:href="66621" draw:filter-name=""/></text:p>

     </table:table-cell>
     <table:table-cell table:value-type="string">
      <text:p text:style-name="Paragraph"><help:paragraphinfo state="U" number="49"/>Edit Points</text:p>
     </table:table-cell>
    </table:table-row>
   </table:table-header-rows>
  </table:table>
  <help:paragraphinfo state="E"/></help:to-be-embedded></help:to-popup>
  <help:paragraphinfo state="E"/><help:to-popup Eid="schrift2">
  <text:p text:style-name="Paragraph"><help:paragraphinfo state="U" number="50"/>Choose <text:span text:style-name="T1">Format - Character</text:span> (drawing functions)</text:p>
  <text:p text:style-name="Paragraph"><help:paragraphinfo state="U" number="121"/>Open context menu - choose <text:span text:style-name="T1">Character</text:span></text:p>
  <help:paragraphinfo state="E"/></help:to-popup>
  <help:paragraphinfo state="E"/><help:to-popup Eid="groesse">
  <text:p text:style-name="Paragraph"><help:paragraphinfo state="U" number="122"/>Open context menu - choose <text:span text:style-name="T1">Size</text:span></text:p>
  <help:paragraphinfo state="E"/></help:to-popup>
  <help:paragraphinfo state="E"/><help:to-popup Eid="stil">
  <text:p text:style-name="Paragraph"><help:paragraphinfo state="U" number="123"/>Open context menu - choose <text:span text:style-name="T1">Style</text:span></text:p>
  <help:paragraphinfo state="E"/></help:to-popup>
  <help:paragraphinfo state="E"/><help:to-popup Eid="stilfett">
  <text:p text:style-name="Paragraph"><help:paragraphinfo state="U" number="53"/>Choose <text:span text:style-name="T1">Format - Style - Bold</text:span> (drawing functions)</text:p>
  <text:p text:style-name="Paragraph"><help:paragraphinfo state="U" number="124"/>Open context menu - choose <text:span text:style-name="T1">Style - Bold</text:span></text:p>
  <text:p text:style-name="Paragraph"><help:paragraphinfo state="U" number="54"/>On <text:span text:style-name="T1">Object</text:span> Bar, click</text:p>
  <help:paragraphinfo state="E"/><help:to-be-embedded Eid="syfett">
  <table:table table:name="Tabelle10" table:style-name="Tabelle10">
   <table:table-column table:style-name="Tabelle10.A"/>
   <table:table-column table:style-name="Tabelle10.B"/>
   <table:table-header-rows>
    <table:table-row>
     <table:table-cell table:value-type="string">
      <text:p text:style-name="Paragraph"><draw:image draw:name="Icon5" svg:desc="Icon" svg:pixelx="24" svg:pixely="24" svg:width="0.635cm" svg:height="0.635cm" xlink:href="65575" draw:filter-name=""/></text:p>

     </table:table-cell>
     <table:table-cell table:value-type="string">
      <text:p text:style-name="Paragraph"><help:paragraphinfo state="U" number="55"/>Bold</text:p>
     </table:table-cell>
    </table:table-row>
   </table:table-header-rows>
  </table:table>
  <help:paragraphinfo state="E"/></help:to-be-embedded></help:to-popup>
  <help:paragraphinfo state="E"/><help:to-popup Eid="stilkursiv">
  <text:p text:style-name="Paragraph"><help:paragraphinfo state="U" number="56"/>Choose <text:span text:style-name="T1">Format - Style - Italic</text:span> (drawing functions)</text:p>
  <text:p text:style-name="Paragraph"><help:paragraphinfo state="U" number="125"/>Open context menu - choose <text:span text:style-name="T1">Style - Italic</text:span></text:p>
  <text:p text:style-name="Paragraph"><help:paragraphinfo state="U" number="57"/>On <text:span text:style-name="T1">Object</text:span> Bar, click</text:p>
  <help:paragraphinfo state="E"/><help:to-be-embedded Eid="sykursiv">
  <table:table table:name="Tabelle11" table:style-name="Tabelle11">
   <table:table-column table:style-name="Tabelle11.A"/>
   <table:table-column table:style-name="Tabelle11.B"/>
   <table:table-header-rows>
    <table:table-row>
     <table:table-cell table:value-type="string">
      <text:p text:style-name="Paragraph"><draw:image draw:name="Icon6" svg:desc="Icon" svg:pixelx="20" svg:pixely="20" svg:width="0.529cm" svg:height="0.529cm" xlink:href="65576" draw:filter-name=""/></text:p>

     </table:table-cell>
     <table:table-cell table:value-type="string">
      <text:p text:style-name="Paragraph"><help:paragraphinfo state="U" number="58"/>Italic</text:p>
     </table:table-cell>
    </table:table-row>
   </table:table-header-rows>
  </table:table>
  <help:paragraphinfo state="E"/></help:to-be-embedded></help:to-popup>
  <help:paragraphinfo state="E"/><help:to-popup Eid="stilunter">
  <text:p text:style-name="Paragraph"><help:paragraphinfo state="U" number="59"/>Choose <text:span text:style-name="T1">Format - Style - Underline</text:span> (drawing functions)</text:p>
  <text:p text:style-name="Paragraph"><help:paragraphinfo state="U" number="126"/>open context menu - choose <text:span text:style-name="T1">Style - Underline</text:span></text:p>
  <text:p text:style-name="Paragraph"><help:paragraphinfo state="U" number="87"/>On <text:span text:style-name="T1">Object</text:span> Bar, click</text:p>
  <help:paragraphinfo state="E"/><help:to-be-embedded Eid="syunterstreichen">
  <table:table table:name="Tabelle12" table:style-name="Tabelle12">
   <table:table-column table:style-name="Tabelle12.A"/>
   <table:table-column table:style-name="Tabelle12.B"/>
   <table:table-header-rows>
    <table:table-row>
     <table:table-cell table:value-type="string">
      <text:p text:style-name="Paragraph"><draw:image draw:name="Icon7" svg:desc="Icon" svg:pixelx="23" svg:pixely="23" svg:width="0.609cm" svg:height="0.609cm" xlink:href="65577" draw:filter-name=""/></text:p>

     </table:table-cell>
     <table:table-cell table:value-type="string">
      <text:p text:style-name="Paragraph"><help:paragraphinfo state="U" number="88"/>Underline</text:p>
     </table:table-cell>
    </table:table-row>
   </table:table-header-rows>
  </table:table>
  <help:paragraphinfo state="E"/></help:to-be-embedded></help:to-popup>
  <help:paragraphinfo state="E"/><help:to-popup Eid="stildurch">
  <text:p text:style-name="Paragraph"><help:paragraphinfo state="U" number="60"/>Choose <text:span text:style-name="T1">Format - Style - Strikethrough</text:span> (drawing functions)</text:p>
  <text:p text:style-name="Paragraph"><help:paragraphinfo state="U" number="127"/>Open context menu - choose <text:span text:style-name="T1">Style - Strikethrough</text:span></text:p>
  <help:paragraphinfo state="E"/></help:to-popup>
  <help:paragraphinfo state="E"/><help:to-popup Eid="stilschatten">
  <text:p text:style-name="Paragraph"><help:paragraphinfo state="U" number="61"/>Choose <text:span text:style-name="T1">Format - Style - Shadow</text:span> (drawing functions)</text:p>
  <text:p text:style-name="Paragraph"><help:paragraphinfo state="U" number="128"/>Open context menu - choose <text:span text:style-name="T1">Style - Shadow</text:span></text:p>
  <help:paragraphinfo state="E"/></help:to-popup>
  <help:paragraphinfo state="E"/><help:to-popup Eid="stilkontur">
  <text:p text:style-name="Paragraph"><help:paragraphinfo state="U" number="62"/>Choose <text:span text:style-name="T1">Format - Style - Contour</text:span> (drawing functions)</text:p>
  <text:p text:style-name="Paragraph"><help:paragraphinfo state="U" number="129"/>open context menu - choose <text:span text:style-name="T1">Style - Contour</text:span></text:p>
  <help:paragraphinfo state="E"/></help:to-popup>
  <help:paragraphinfo state="E"/><help:to-popup Eid="stilhoch">
  <text:p text:style-name="Paragraph"><help:paragraphinfo state="U" number="63"/>Choose <text:span text:style-name="T1">Format - Style - Superscript</text:span> (drawing functions)</text:p>
  <text:p text:style-name="Paragraph"><help:paragraphinfo state="U" number="130"/>Open context menu - choose <text:span text:style-name="T1">Style - Superscript</text:span></text:p>
  <help:paragraphinfo state="E"/></help:to-popup>
  <help:paragraphinfo state="E"/><help:to-popup Eid="stiltief">
  <text:p text:style-name="Paragraph"><help:paragraphinfo state="U" number="64"/>Choose <text:span text:style-name="T1">Format - Style - Subscript</text:span> (drawing functions)</text:p>
  <text:p text:style-name="Paragraph"><help:paragraphinfo state="U" number="131"/>Open context menu - choose <text:span text:style-name="T1">Style - Subscript</text:span></text:p>
  <help:paragraphinfo state="E"/></help:to-popup>
  <help:paragraphinfo state="E"/><help:to-popup Eid="zeilenabstand">
  <text:p text:style-name="Paragraph"><help:paragraphinfo state="U" number="65"/>Choose <text:span text:style-name="T1">Format - Line Spacing</text:span> (drawing functions)</text:p>
  <text:p text:style-name="Paragraph"><help:paragraphinfo state="U" number="132"/>Open context menu - choose <text:span text:style-name="T1">Line Spacing</text:span></text:p>
  <help:paragraphinfo state="E"/></help:to-popup>
  <help:paragraphinfo state="E"/><help:to-popup Eid="zeilenabstandein">
  <text:p text:style-name="Paragraph"><help:paragraphinfo state="U" number="66"/>Choose <text:span text:style-name="T1">Format - Line Spacing - Single</text:span> (drawing functions)</text:p>
  <text:p text:style-name="Paragraph"><help:paragraphinfo state="U" number="133"/>Open context menu - choose <text:span text:style-name="T1">Line Spacing - Single</text:span></text:p>
  <help:paragraphinfo state="E"/></help:to-popup>
  <help:paragraphinfo state="E"/><help:to-popup Eid="zeilenabstandeinsfuenf">
  <text:p text:style-name="Paragraph"><help:paragraphinfo state="U" number="67"/>Choose <text:span text:style-name="T1">Format - Line Spacing - 1.5 Lines</text:span> (drawing functions)</text:p>
  <text:p text:style-name="Paragraph"><help:paragraphinfo state="U" number="134"/>Open context menu - choose <text:span text:style-name="T1">Line Spacing - 1.5 Lines</text:span></text:p>
  <help:paragraphinfo state="E"/></help:to-popup>
  <help:paragraphinfo state="E"/><help:to-popup Eid="zeilenabstandzwei">
  <text:p text:style-name="Paragraph"><help:paragraphinfo state="U" number="68"/>Choose <text:span text:style-name="T1">Format - Line Spacing - Double</text:span> (drawing functions)</text:p>
  <text:p text:style-name="Paragraph"><help:paragraphinfo state="U" number="135"/>Open context menu - choose <text:span text:style-name="T1">Line Spacing - Double</text:span></text:p>
  <help:paragraphinfo state="E"/></help:to-popup>
  <help:paragraphinfo state="E"/><help:to-popup Eid="linkstext">
  <text:p text:style-name="Paragraph"><help:paragraphinfo state="U" number="69"/>Choose <text:span text:style-name="T1">Format - Alignment - Left</text:span> (drawing functions)</text:p>
  <text:p text:style-name="Paragraph"><help:paragraphinfo state="U" number="136"/>Open context menu - choose <text:span text:style-name="T1">Alignment - Left</text:span></text:p>
  <text:p text:style-name="Paragraph"><help:paragraphinfo state="U" number="70"/>On <text:span text:style-name="T1">Object</text:span> Bar, click</text:p>
  <help:paragraphinfo state="E"/><help:to-be-embedded Eid="sylinksbuendig">
  <table:table table:name="Tabelle3" table:style-name="Tabelle3">
   <table:table-column table:style-name="Tabelle3.A"/>
   <table:table-column table:style-name="Tabelle3.B"/>
   <table:table-header-rows>
    <table:table-row>
     <table:table-cell table:value-type="string">
      <text:p text:style-name="Paragraph"><draw:image draw:name="Icon8" svg:desc="Icon" svg:pixelx="25" svg:pixely="25" svg:width="0.661cm" svg:height="0.661cm" xlink:href="66691" draw:filter-name=""/></text:p>

     </table:table-cell>
     <table:table-cell table:value-type="string">
      <text:p text:style-name="Paragraph"><help:paragraphinfo state="U" number="71"/>Align Left</text:p>
     </table:table-cell>
    </table:table-row>
   </table:table-header-rows>
  </table:table>
  <help:paragraphinfo state="E"/></help:to-be-embedded></help:to-popup>
  <help:paragraphinfo state="E"/><help:to-popup Eid="rechtstext">
  <text:p text:style-name="Paragraph"><help:paragraphinfo state="U" number="72"/>Choose <text:span text:style-name="T1">Format - Alignment - Right</text:span> (drawing functions)</text:p>
  <text:p text:style-name="Paragraph"><help:paragraphinfo state="U" number="137"/>Open context menu - choose <text:span text:style-name="T1">Alignment - Right</text:span></text:p>
  <text:p text:style-name="Paragraph"><help:paragraphinfo state="U" number="73"/>On <text:span text:style-name="T1">Object</text:span> Bar, click</text:p>
  <help:paragraphinfo state="E"/><help:to-be-embedded Eid="syrechtsbuendig">
  <table:table table:name="Tabelle5" table:style-name="Tabelle5">
   <table:table-column table:style-name="Tabelle5.A"/>
   <table:table-column table:style-name="Tabelle5.B"/>
   <table:table-header-rows>
    <table:table-row>
     <table:table-cell table:value-type="string">
      <text:p text:style-name="Paragraph"><draw:image draw:name="Icon9" svg:desc="Icon" svg:pixelx="25" svg:pixely="25" svg:width="0.661cm" svg:height="0.661cm" xlink:href="66697" draw:filter-name=""/></text:p>

     </table:table-cell>
     <table:table-cell table:value-type="string">
      <text:p text:style-name="Paragraph"><help:paragraphinfo state="U" number="74"/>Align Right</text:p>
     </table:table-cell>
    </table:table-row>
   </table:table-header-rows>
  </table:table>
  <help:paragraphinfo state="E"/></help:to-be-embedded></help:to-popup>
  <help:paragraphinfo state="E"/><help:to-popup Eid="zentrierttext">
  <text:p text:style-name="Paragraph"><help:paragraphinfo state="U" number="75"/>Choose <text:span text:style-name="T1">Format - Alignment - Centered</text:span> (drawing functions)</text:p>
  <text:p text:style-name="Paragraph"><help:paragraphinfo state="U" number="138"/>Open context menu - choose <text:span text:style-name="T1">Alignment - Center</text:span></text:p>
  <text:p text:style-name="Paragraph"><help:paragraphinfo state="U" number="76"/>On <text:span text:style-name="T1">Object</text:span> Bar, click</text:p>
  <help:paragraphinfo state="E"/><help:to-be-embedded Eid="syzentriert">
  <table:table table:name="Tabelle6" table:style-name="Tabelle6">
   <table:table-column table:style-name="Tabelle6.A"/>
   <table:table-column table:style-name="Tabelle6.B"/>
   <table:table-header-rows>
    <table:table-row>
     <table:table-cell table:value-type="string">
      <text:p text:style-name="Paragraph"><draw:image draw:name="Icon10" svg:desc="Icon" svg:pixelx="25" svg:pixely="25" svg:width="0.661cm" svg:height="0.661cm" xlink:href="66688" draw:filter-name=""/></text:p>

     </table:table-cell>
     <table:table-cell table:value-type="string">
      <text:p text:style-name="Paragraph"><help:paragraphinfo state="U" number="77"/><help:switch select="Program"><help:case select="CALC">Align Center Horizontally</help:case><help:default>Centered</help:default></help:switch></text:p>
     </table:table-cell>
    </table:table-row>
   </table:table-header-rows>
  </table:table>
  <help:paragraphinfo state="E"/></help:to-be-embedded></help:to-popup>
  <help:paragraphinfo state="E"/><help:to-popup Eid="blocktext">
  <text:p text:style-name="Paragraph"><help:paragraphinfo state="U" number="78"/>Choose <text:span text:style-name="T1">Format - Alignment - Justified</text:span> (drawing functions)</text:p>
  <text:p text:style-name="Paragraph"><help:paragraphinfo state="U" number="139"/>Open context menu - choose <text:span text:style-name="T1">Alignment - Justified</text:span></text:p>
  <text:p text:style-name="Paragraph"><help:paragraphinfo state="U" number="79"/>On <text:span text:style-name="T1">Object</text:span> Bar, click</text:p>
  <help:paragraphinfo state="E"/><help:to-be-embedded Eid="syblocksatz">
  <table:table table:name="Tabelle7" table:style-name="Tabelle7">
   <table:table-column table:style-name="Tabelle7.A"/>
   <table:table-column table:style-name="Tabelle7.B"/>
   <table:table-header-rows>
    <table:table-row>
     <table:table-cell table:value-type="string">
      <text:p text:style-name="Paragraph"><draw:image draw:name="Icon11" svg:desc="Icon" svg:pixelx="25" svg:pixely="25" svg:width="0.661cm" svg:height="0.661cm" xlink:href="66595" draw:filter-name=""/></text:p>

     </table:table-cell>
     <table:table-cell table:value-type="string">
      <text:p text:style-name="Paragraph"><help:paragraphinfo state="U" number="80"/>Justified</text:p>
     </table:table-cell>
    </table:table-row>
   </table:table-header-rows>
  </table:table>
  <help:paragraphinfo state="E"/></help:to-be-embedded></help:to-popup>
  <text:p text:style-name="Paragraph"><help:paragraphinfo state="U" number="81"/><help:to-popup Eid="font">Choose <text:span text:style-name="T1">Format - FontWork</text:span> (text drawing object selected)</help:to-popup></text:p>
  <help:paragraphinfo state="E"/><help:to-popup Eid="gruppe">
  <text:p text:style-name="Paragraph"><help:paragraphinfo state="U" number="103"/>Choose <text:span text:style-name="T1">Format - Group</text:span></text:p>
  <text:p text:style-name="Paragraph"><help:paragraphinfo state="U" number="140"/>Open context menu - choose <text:span text:style-name="T1">Group</text:span></text:p>
  <help:paragraphinfo state="E"/></help:to-popup>
  <help:paragraphinfo state="E"/><help:to-popup Eid="gruppie">
  <text:p text:style-name="Paragraph"><help:paragraphinfo state="U" number="83"/>Choose <text:span text:style-name="T1">Format - Group - Group</text:span> (text documents, spreadsheets)</text:p>
  <text:p text:style-name="Paragraph"><help:paragraphinfo state="U" number="104"/>Choose <text:span text:style-name="T1">Modify - Group</text:span> (drawing documents)</text:p>
  <text:p text:style-name="Paragraph"><help:paragraphinfo state="U" number="84"/>Open context menu - choose <text:span text:style-name="T1">Group - Group</text:span> (form objects)</text:p>
  <text:p text:style-name="Paragraph"><help:paragraphinfo state="U" number="112"/>On <text:span text:style-name="T1">Object</text:span> Bar in form design, click</text:p>
  <help:paragraphinfo state="E"/><help:to-be-embedded Eid="sygruppieren">
  <table:table table:name="Tabelle13" table:style-name="Tabelle13">
   <table:table-column table:style-name="Tabelle13.A"/>
   <table:table-column table:style-name="Tabelle13.B"/>
   <table:table-header-rows>
    <table:table-row>
     <table:table-cell table:value-type="string">
      <text:p text:style-name="Paragraph"><draw:image draw:name="Icon12" svg:desc="Icon" svg:pixelx="25" svg:pixely="25" svg:width="0.661cm" svg:height="0.661cm" xlink:href="65965" draw:filter-name=""/></text:p>

     </table:table-cell>
     <table:table-cell table:value-type="string">
      <text:p text:style-name="Paragraph"><help:paragraphinfo state="U" number="113"/>Group</text:p>
     </table:table-cell>
    </table:table-row>
   </table:table-header-rows>
  </table:table>
  <help:paragraphinfo state="E"/></help:to-be-embedded></help:to-popup>
  <help:paragraphinfo state="E"/><help:to-popup Eid="gruppieauf">
  <text:p text:style-name="Paragraph"><help:paragraphinfo state="U" number="85"/>Choose <text:span text:style-name="T1">Format - Group - Ungroup</text:span> (text documents, spreadsheets)</text:p>
  <text:p text:style-name="Paragraph"><help:paragraphinfo state="U" number="105"/>Choose <text:span text:style-name="T1">Modify - Ungroup</text:span> (drawing documents)</text:p>
  <text:p text:style-name="Paragraph"><help:paragraphinfo state="U" number="86"/>Open context menu - choose <text:span text:style-name="T1">Ungroup</text:span></text:p>
  <text:p text:style-name="Paragraph"><help:paragraphinfo state="U" number="114"/>On <text:span text:style-name="T1">Object</text:span> Bar in form design, click</text:p>
  <help:paragraphinfo state="E"/><help:to-be-embedded Eid="sygrupaufh">
  <table:table table:name="Tabelle14" table:style-name="Tabelle14">
   <table:table-column table:style-name="Tabelle14.A"/>
   <table:table-column table:style-name="Tabelle14.B"/>
   <table:table-header-rows>
    <table:table-row>
     <table:table-cell table:value-type="string">
      <text:p text:style-name="Paragraph"><draw:image draw:name="Icon13" svg:desc="Icon" svg:pixelx="25" svg:pixely="25" svg:width="0.661cm" svg:height="0.661cm" xlink:href="65963" draw:filter-name=""/></text:p>

     </table:table-cell>
     <table:table-cell table:value-type="string">
      <text:p text:style-name="Paragraph"><help:paragraphinfo state="U" number="115"/>Ungroup</text:p>
     </table:table-cell>
    </table:table-row>
   </table:table-header-rows>
  </table:table>
  <help:paragraphinfo state="E"/></help:to-be-embedded></help:to-popup>
  <help:paragraphinfo state="E"/><help:to-popup Eid="adngvl">
  <text:p text:style-name="Paragraph"><help:paragraphinfo state="U" number="106"/>Choose <text:span text:style-name="T1">Format - Group - Exit Group</text:span> (text documents, spreadsheets)</text:p>
  <text:p text:style-name="Paragraph"><help:paragraphinfo state="U" number="107"/>Choose <text:span text:style-name="T1">Modify - Exit Group</text:span> (drawing documents)</text:p>
  <text:p text:style-name="Paragraph"><help:paragraphinfo state="U" number="108"/>Open context menu - choose <text:span text:style-name="T1">Exit Group</text:span></text:p>
  <text:p text:style-name="Paragraph"><help:paragraphinfo state="U" number="116"/>On <text:span text:style-name="T1">Object</text:span> Bar in form design, click</text:p>
  <help:paragraphinfo state="E"/><help:to-be-embedded Eid="sygrupverl">
  <table:table table:name="Tabelle16" table:style-name="Tabelle16">
   <table:table-column table:style-name="Tabelle16.A"/>
   <table:table-column table:style-name="Tabelle16.B"/>
   <table:table-header-rows>
    <table:table-row>
     <table:table-cell table:value-type="string">
      <text:p text:style-name="Paragraph"><draw:image draw:name="Icon14" svg:desc="Icon" svg:pixelx="25" svg:pixely="25" svg:width="0.661cm" svg:height="0.661cm" xlink:href="65966" draw:filter-name=""/></text:p>

     </table:table-cell>
     <table:table-cell table:value-type="string">
      <text:p text:style-name="Paragraph"><help:paragraphinfo state="U" number="117"/>Exit Group</text:p>
     </table:table-cell>
    </table:table-row>
   </table:table-header-rows>
  </table:table>
  <help:paragraphinfo state="E"/></help:to-be-embedded></help:to-popup>
  <help:paragraphinfo state="E"/><help:to-popup Eid="adngte">
  <text:p text:style-name="Paragraph"><help:paragraphinfo state="U" number="109"/>Choose <text:span text:style-name="T1">Format - Group - Enter Group</text:span> (text documents, spreadsheets)</text:p>
  <text:p text:style-name="Paragraph"><help:paragraphinfo state="U" number="110"/>Choose <text:span text:style-name="T1">Modify - Enter Group</text:span> (drawing documents)</text:p>
  <text:p text:style-name="Paragraph"><help:paragraphinfo state="U" number="111"/>Open context menu - choose <text:span text:style-name="T1">Enter Group</text:span></text:p>
  <text:p text:style-name="Paragraph"><help:paragraphinfo state="U" number="118"/>On <text:span text:style-name="T1">Object</text:span> Bar in form design, click</text:p>
  <help:paragraphinfo state="E"/><help:to-be-embedded Eid="sygrupbetr">
  <table:table table:name="Tabelle15" table:style-name="Tabelle15">
   <table:table-column table:style-name="Tabelle15.A"/>
   <table:table-column table:style-name="Tabelle15.B"/>
   <table:table-header-rows>
    <table:table-row>
     <table:table-cell table:value-type="string">
      <text:p text:style-name="Paragraph"><draw:image draw:name="Icon15" svg:desc="Icon" svg:pixelx="25" svg:pixely="25" svg:width="0.661cm" svg:height="0.661cm" xlink:href="65964" draw:filter-name=""/></text:p>

     </table:table-cell>
     <table:table-cell table:value-type="string">
      <text:p text:style-name="Paragraph"><help:paragraphinfo state="U" number="119"/>Enter Group</text:p>
     </table:table-cell>
    </table:table-row>
   </table:table-header-rows>
  </table:table>
  <help:paragraphinfo state="E"/></help:to-be-embedded></help:to-popup>
 </office:body>
</office:document>
