

<office:document  xmlns:office="http://openoffice.org/2000/office" xmlns:style="http://openoffice.org/2000/style" xmlns:text="http://openoffice.org/2000/text" xmlns:table="http://openoffice.org/2000/table" xmlns:draw="http://openoffice.org/2000/drawing" xmlns:fo="http://www.w3.org/1999/XSL/Format" xmlns:xlink="http://www.w3.org/1999/xlink" xmlns:number="http://openoffice.org/2000/datastyle" xmlns:svg="http://www.w3.org/2000/svg" xmlns:chart="http://openoffice.org/2000/chart" xmlns:dr3d="http://openoffice.org/2000/dr3d" xmlns:math="http://www.w3.org/1998/Math/MathML" xmlns:form="http://openoffice.org/2000/form" xmlns:script="http://openoffice.org/2000/script" office:class="text" office:version="1.0" xmlns:dc="http://purl.org/dc/elements/1.1/" xmlns:meta="http://openoffice.org/2000/meta" xmlns:help="http://openoffice.org/2000/help">
<office:meta>
  <dc:description>text/common/00/01010000</dc:description>
  <dc:subject>Gallery context menu</dc:subject>

  <dc:language>en-US</dc:language>
  <meta:user-defined meta:name="Info 0">READY</meta:user-defined>
  <meta:user-defined meta:name="Info 1">FREE_OK</meta:user-defined>
  <meta:user-defined meta:name="Info 2">NOINDEX</meta:user-defined>
  <meta:user-defined meta:name="Info 3"/>
</office:meta>
 <office:script/>
 <office:font-decls>
  <style:font-decl style:name="StarSymbol" fo:font-family="StarSymbol" style:font-charset="x-symbol"/>
  <style:font-decl style:name="Courier New" fo:font-family="&apos;Courier New&apos;" style:font-style-name="Standard" style:font-family-generic="modern" style:font-pitch="fixed"/>
  <style:font-decl style:name="Courier" fo:font-family="Courier" style:font-family-generic="roman" style:font-pitch="fixed"/>
  <style:font-decl style:name="Arial Unicode MS" fo:font-family="&apos;Arial Unicode MS&apos;" style:font-pitch="variable"/>
  <style:font-decl style:name="HG Mincho Light J" fo:font-family="&apos;HG Mincho Light J&apos;" style:font-pitch="variable"/>
  <style:font-decl style:name="Times New Roman3" fo:font-family="&apos;Times New Roman&apos;" style:font-pitch="variable"/>
  <style:font-decl style:name="Thorndale" fo:font-family="Thorndale" style:font-family-generic="roman" style:font-pitch="variable"/>
  <style:font-decl style:name="Times New Roman2" fo:font-family="&apos;Times New Roman&apos;" style:font-style-name="Fett" style:font-family-generic="roman" style:font-pitch="variable"/>
  <style:font-decl style:name="Times New Roman" fo:font-family="&apos;Times New Roman&apos;" style:font-style-name="Standard" style:font-family-generic="roman" style:font-pitch="variable"/>
  <style:font-decl style:name="Times New Roman1" fo:font-family="&apos;Times New Roman&apos;" style:font-family-generic="swiss" style:font-pitch="variable"/>
 </office:font-decls>
 <office:automatic-styles>
  <style:style style:name="P1" style:family="paragraph" style:parent-style-name="Paragraph" style:master-page-name="HTML">
   <style:properties style:page-number="0"/>
  </style:style>
  <style:style style:name="T1" style:family="text">
   <style:properties fo:font-weight="bold"/>
  </style:style>
 </office:automatic-styles>
 <office:body>
  <text:variable-decls>
   <text:variable-decl text:value-type="string" text:name="HTML_ON"/>
   <text:variable-decl text:value-type="string" text:name="HTML_OFF"/>
   <text:variable-decl text:value-type="string" text:name="TITEL"/>
   <text:variable-decl text:value-type="string" text:name="END"/>
   <text:variable-decl text:value-type="string" text:name="OS2"/>
   <text:variable-decl text:value-type="string" text:name="ELSE"/>
   <text:variable-decl text:value-type="string" text:name="NAME"/>
   <text:variable-decl text:value-type="string" text:name="MAC"/>
   <text:variable-decl text:value-type="string" text:name="HREF"/>
   <text:variable-decl text:value-type="string" text:name="MODIFY"/>
   <text:variable-decl text:value-type="string" text:name="REFNR"/>
   <text:variable-decl text:value-type="string" text:name="HelpID"/>
   <text:variable-decl text:value-type="string" text:name="HFELD"/>
   <text:variable-decl text:value-type="string" text:name="WIN"/>
   <text:variable-decl text:value-type="string" text:name="AKTHLP"/>
   <text:variable-decl text:value-type="string" text:name="PARAINFO"/>
  </text:variable-decls>
  <text:sequence-decls>
   <text:sequence-decl text:display-outline-level="0" text:name="Illustration"/>
   <text:sequence-decl text:display-outline-level="0" text:name="Table"/>
   <text:sequence-decl text:display-outline-level="0" text:name="Text"/>
   <text:sequence-decl text:display-outline-level="0" text:name="Drawing"/>
  </text:sequence-decls>
  <text:p text:style-name="P1"/>
  <text:p text:style-name="Head 1"><help:paragraphinfo state="U" number="1"/>Gallery context menu</text:p>
  <text:p text:style-name="Head 2"><help:paragraphinfo state="U" number="2"/><help:help-id value="HID_GALLERY_MN_ADDMENU"/>Add</text:p>
  <text:p text:style-name="Paragraph"><help:paragraphinfo state="U" number="3"/><help:help-text value="visible">Defines how a selected graphic object is inserted into a document.</help:help-text></text:p>
  <text:p text:style-name="Head 3"><help:paragraphinfo state="U" number="4"/><help:help-id value="HID_GALLERY_MN_ADD"/>Copy</text:p>
  <text:p text:style-name="Paragraph"><help:paragraphinfo state="U" number="5"/><help:help-text value="visible">Inserts a copy of the selected graphic object directly into the document.</help:help-text> No link with the original graphic exists. Documents saved after using &quot;Copy&quot; require more storage space than using &quot;Link&quot;.</text:p>
  <text:p text:style-name="Head 3"><help:paragraphinfo state="U" number="6"/><help:help-id value="HID_GALLERY_MN_ADD_LINK"/>Link</text:p>
  <text:p text:style-name="Paragraph"><help:paragraphinfo state="U" number="7"/><help:help-text value="visible">Inserts the selected graphic as a link.</help:help-text> A linked graphic object is a reference to the original. The advantage of a link is that it requires less storage space than as a &quot;copy&quot; of the original.</text:p>
  <text:p text:style-name="Head 2"><help:paragraphinfo state="U" number="8"/><help:switch select="Program"><help:case select="WRITER">Background</help:case></help:switch></text:p>
  <text:p text:style-name="Paragraph"><help:paragraphinfo state="U" number="9"/><help:switch select="Program"><help:case select="WRITER">Specifies how the background graphic is anchored.</help:case></help:switch></text:p>
  <text:p text:style-name="Head 3"><help:paragraphinfo state="U" number="10"/><help:switch select="Program"><help:case select="WRITER">Page</help:case></help:switch></text:p>
  <text:p text:style-name="Paragraph"><help:paragraphinfo state="U" number="11"/><help:switch select="Program"><help:case select="WRITER">Anchors the graphic to the page.</help:case></help:switch></text:p>
  <text:p text:style-name="Head 3"><help:paragraphinfo state="U" number="12"/><help:switch select="Program"><help:case select="WRITER">Paragraph</help:case></help:switch></text:p>
  <text:p text:style-name="Paragraph"><help:paragraphinfo state="U" number="13"/><help:switch select="Program"><help:case select="WRITER">Anchors the graphic to a paragraph.</help:case></help:switch></text:p>
  <text:p text:style-name="Head 2"><help:paragraphinfo state="U" number="14"/><help:help-id value="HID_GALLERY_MN_PREVIEW"/>Preview</text:p>
  <text:p text:style-name="Paragraph"><help:paragraphinfo state="U" number="15"/><help:help-text value="visible">The<text:span text:style-name="T1"> Preview </text:span>command displays the selected graphic.</help:help-text> Select <text:span text:style-name="T1">Preview</text:span> again to restore the original view. You can also switch Preview on or off by double-clicking on the graphic or pressing the space bar.</text:p>
  <text:p text:style-name="Head 2"><help:paragraphinfo state="U" number="18"/><help:help-id value="HID_GALLERY_TITLE"/><help:help-id value="SVX_EDIT_RID_SVXDLG_GALLERY_TITLE_EDT_TITLE"/>Title</text:p>
  <text:p text:style-name="Paragraph"><help:paragraphinfo state="U" number="19"/><help:help-text value="visible">Assigns a title to a selected Gallery object.</help:help-text> The Gallery theme must not be write protected. The title will be set when you close the <text:span text:style-name="T1">Enter Title</text:span> dialog with OK. With linked objects, the source path appears after the title, within brackets.</text:p>
  <text:p text:style-name="Head 2"><help:paragraphinfo state="U" number="16"/><help:help-id value="HID_GALLERY_MN_DELETE"/>Delete</text:p>
  <text:p text:style-name="Paragraph"><help:paragraphinfo state="U" number="17"/><help:help-text value="visible">Deletes the selected graphic after confirmation.</help:help-text></text:p>
 </office:body>
</office:document>
