

<office:document  xmlns:office="http://openoffice.org/2000/office" xmlns:style="http://openoffice.org/2000/style" xmlns:text="http://openoffice.org/2000/text" xmlns:table="http://openoffice.org/2000/table" xmlns:draw="http://openoffice.org/2000/drawing" xmlns:fo="http://www.w3.org/1999/XSL/Format" xmlns:xlink="http://www.w3.org/1999/xlink" xmlns:number="http://openoffice.org/2000/datastyle" xmlns:svg="http://www.w3.org/2000/svg" xmlns:chart="http://openoffice.org/2000/chart" xmlns:dr3d="http://openoffice.org/2000/dr3d" xmlns:math="http://www.w3.org/1998/Math/MathML" xmlns:form="http://openoffice.org/2000/form" xmlns:script="http://openoffice.org/2000/script" office:class="text" office:version="1.0" xmlns:dc="http://purl.org/dc/elements/1.1/" xmlns:meta="http://openoffice.org/2000/meta" xmlns:help="http://openoffice.org/2000/help">
<office:meta>
  <dc:description>text/common/00/00000208</dc:description>
  <dc:subject>Textimport</dc:subject>
  <meta:keywords>
   <meta:keyword>$Version</meta:keyword>
  </meta:keywords>
  <dc:language>de-DE</dc:language>
  <meta:user-defined meta:name="Info 0">READY</meta:user-defined>
  <meta:user-defined meta:name="Info 1">FREE_OK</meta:user-defined>
  <meta:user-defined meta:name="Info 2"/>
  <meta:user-defined meta:name="Info 3"/>
</office:meta>
 <office:script/>
 <office:font-decls>
  <style:font-decl style:name="StarSymbol" fo:font-family="StarSymbol" style:font-charset="x-symbol"/>
  <style:font-decl style:name="Courier New" fo:font-family="&apos;Courier New&apos;" style:font-style-name="Standard" style:font-family-generic="modern" style:font-pitch="fixed"/>
  <style:font-decl style:name="Courier" fo:font-family="Courier" style:font-family-generic="roman" style:font-pitch="fixed"/>
  <style:font-decl style:name="Arial Unicode MS" fo:font-family="&apos;Arial Unicode MS&apos;" style:font-pitch="variable"/>
  <style:font-decl style:name="HG Mincho Light J" fo:font-family="&apos;HG Mincho Light J&apos;" style:font-pitch="variable"/>
  <style:font-decl style:name="Times New Roman3" fo:font-family="&apos;Times New Roman&apos;" style:font-pitch="variable"/>
  <style:font-decl style:name="Thorndale" fo:font-family="Thorndale" style:font-family-generic="roman" style:font-pitch="variable"/>
  <style:font-decl style:name="Times New Roman2" fo:font-family="&apos;Times New Roman&apos;" style:font-style-name="Fett" style:font-family-generic="roman" style:font-pitch="variable"/>
  <style:font-decl style:name="Times New Roman" fo:font-family="&apos;Times New Roman&apos;" style:font-style-name="Standard" style:font-family-generic="roman" style:font-pitch="variable"/>
  <style:font-decl style:name="Times New Roman1" fo:font-family="&apos;Times New Roman&apos;" style:font-family-generic="swiss" style:font-pitch="variable"/>
 </office:font-decls>
 <office:automatic-styles>
  <style:style style:name="Tabelle1" style:family="table">
   <style:properties style:width="17.995cm" fo:margin-left="0cm" fo:margin-right="0.005cm" table:align="margins"/>
  </style:style>
  <style:style style:name="Tabelle1.A" style:family="table-column">
   <style:properties style:column-width="5.009cm" style:rel-column-width="18240*"/>
  </style:style>
  <style:style style:name="Tabelle1.B" style:family="table-column">
   <style:properties style:column-width="6.219cm" style:rel-column-width="22646*"/>
  </style:style>
  <style:style style:name="Tabelle1.A1" style:family="table-cell">
   <style:properties fo:padding="0.097cm" fo:border-left="0.002cm solid #000000" fo:border-right="none" fo:border-top="0.002cm solid #000000" fo:border-bottom="0.002cm solid #000000"/>
  </style:style>
  <style:style style:name="Tabelle1.B1" style:family="table-cell">
   <style:properties fo:padding="0.097cm" fo:border="0.002cm solid #000000"/>
  </style:style>
  <style:style style:name="Tabelle1.A2" style:family="table-cell">
   <style:properties fo:padding="0.097cm" fo:border-left="0.002cm solid #000000" fo:border-right="none" fo:border-top="none" fo:border-bottom="0.002cm solid #000000"/>
  </style:style>
  <style:style style:name="Tabelle1.B2" style:family="table-cell">
   <style:properties fo:padding="0.097cm" fo:border-left="0.002cm solid #000000" fo:border-right="0.002cm solid #000000" fo:border-top="none" fo:border-bottom="0.002cm solid #000000"/>
  </style:style>
  <style:style style:name="Tabelle3" style:family="table">
   <style:properties style:width="17.999cm" table:align="margins"/>
  </style:style>
  <style:style style:name="Tabelle3.A" style:family="table-column">
   <style:properties style:column-width="5.584cm" style:rel-column-width="3166*"/>
  </style:style>
  <style:style style:name="Tabelle3.B" style:family="table-column">
   <style:properties style:column-width="12.414cm" style:rel-column-width="7038*"/>
  </style:style>
  <style:style style:name="Tabelle3.A1" style:family="table-cell">
   <style:properties fo:padding="0.049cm" fo:border-left="0.002cm solid #000000" fo:border-right="none" fo:border-top="0.002cm solid #000000" fo:border-bottom="0.002cm solid #000000"/>
  </style:style>
  <style:style style:name="Tabelle3.B1" style:family="table-cell">
   <style:properties fo:padding="0.049cm" fo:border="0.002cm solid #000000"/>
  </style:style>
  <style:style style:name="Tabelle3.A2" style:family="table-cell">
   <style:properties fo:padding="0.049cm" fo:border-left="0.002cm solid #000000" fo:border-right="none" fo:border-top="none" fo:border-bottom="0.002cm solid #000000"/>
  </style:style>
  <style:style style:name="Tabelle3.B2" style:family="table-cell">
   <style:properties fo:padding="0.049cm" fo:border-left="0.002cm solid #000000" fo:border-right="0.002cm solid #000000" fo:border-top="none" fo:border-bottom="0.002cm solid #000000"/>
  </style:style>
  <style:style style:name="Tabelle2" style:family="table">
   <style:properties style:width="18cm" table:align="margins"/>
  </style:style>
  <style:style style:name="Tabelle2.A" style:family="table-column">
   <style:properties style:column-width="1.499cm" style:rel-column-width="850*"/>
  </style:style>
  <style:style style:name="Tabelle2.B" style:family="table-column">
   <style:properties style:column-width="16.498cm" style:rel-column-width="9352*"/>
  </style:style>
  <style:style style:name="Tabelle2.1" style:family="table-row">
   <style:properties style:min-row-height="0.848cm"/>
  </style:style>
  <style:style style:name="Tabelle2.A1" style:family="table-cell">
   <style:properties fo:padding="0cm" fo:border="none"/>
  </style:style>
  <style:style style:name="P1" style:family="paragraph" style:parent-style-name="Paragraph" style:master-page-name="HTML">
   <style:properties style:page-number="0"/>
  </style:style>
  <style:style style:name="T1" style:family="text">
   <style:properties fo:font-weight="bold"/>
  </style:style>
  <style:style style:name="fr1" style:family="graphics" style:parent-style-name="Graphics">
   <style:properties style:run-through="foreground" style:wrap="run-through" style:vertical-pos="middle" style:vertical-rel="paragraph" style:horizontal-pos="left" style:horizontal-rel="paragraph" style:mirror="none" fo:clip="rect(0cm 0cm 0cm 0cm)" draw:luminance="0%" draw:contrast="0%" draw:red="0%" draw:green="0%" draw:blue="0%" draw:gamma="1" draw:color-inversion="false" draw:transparency="-100%" draw:color-mode="standard"/>
  </style:style>
 </office:automatic-styles>
 <office:body>
  <text:variable-decls>
   <text:variable-decl text:value-type="string" text:name="HTML_ON"/>
   <text:variable-decl text:value-type="string" text:name="HTML_OFF"/>
   <text:variable-decl text:value-type="string" text:name="TITEL"/>
   <text:variable-decl text:value-type="string" text:name="END"/>
   <text:variable-decl text:value-type="string" text:name="WIN"/>
   <text:variable-decl text:value-type="string" text:name="HREF"/>
   <text:variable-decl text:value-type="string" text:name="NAME"/>
   <text:variable-decl text:value-type="string" text:name="HelpID"/>
   <text:variable-decl text:value-type="string" text:name="MODIFY"/>
   <text:variable-decl text:value-type="string" text:name="REFNR"/>
   <text:variable-decl text:value-type="string" text:name="HFELD"/>
   <text:variable-decl text:value-type="string" text:name="KEY"/>
   <text:variable-decl text:value-type="string" text:name="INDEX"/>
   <text:variable-decl text:value-type="string" text:name="AKTHLP"/>
   <text:variable-decl text:value-type="string" text:name="STYLE"/>
  </text:variable-decls>
  <text:sequence-decls>
   <text:sequence-decl text:display-outline-level="0" text:name="Illustration"/>
   <text:sequence-decl text:display-outline-level="0" text:name="Table"/>
   <text:sequence-decl text:display-outline-level="0" text:name="Text"/>
   <text:sequence-decl text:display-outline-level="0" text:name="Drawing"/>
  </text:sequence-decls>
  <text:p text:style-name="P1"/>
  <text:p text:style-name="Head 1"><help:help-id value="SC_MODALDIALOG_RID_SCDLG_ASCII"/><help:key-word value="Zahlenreihen; importieren" tag="kw65608_1"/><help:key-word value="Datenreihen; importieren" tag="kw65608_6"/><help:key-word value="Importieren; Textdatenbanken" tag="kw65608_5"/><help:key-word value="CSV-Import" tag="kw65608_4"/><help:key-word value="Comma separated values (CSV); Textdateien importieren" tag="kw65608_3"/><help:key-word value="Werte mit Feldtrennern; Textdateien importieren" tag="kw65608_2"/>Textimport</text:p>
  <text:p text:style-name="Paragraph"><help:help-text value="visible">Wählen Sie hier die Optionen für den Import von Daten aus einer Textdatei mit Feldtrennern.</help:help-text></text:p>
  <help:popup Id="65611" Eid="textimport"><help:embedded Id="65598" Eid="wie"></help:embedded></help:popup>
  <text:p text:style-name="Paragraph"><help:switch select="Program"><help:case select="CALC"><help:embedded Id="68161" Eid="csv_formula"></help:embedded></help:case></help:switch></text:p>
  <text:p text:style-name="Head 2">Import</text:p>
  <text:p text:style-name="Head 3"><help:help-id value="SC_LISTBOX_RID_SCDLG_ASCII_LB_CHARSET"/>Zeichensatz</text:p>
  <text:p text:style-name="Paragraph"><help:help-text value="visible">Bestimmt den in der importierten Datei zu verwendenden Zeichensatz.</help:help-text></text:p>
  <text:p text:style-name="Head 3"><help:help-id value="SC_NUMERICFIELD_RID_SCDLG_ASCII_NF_AT_ROW"/>Ab Zeile</text:p>
  <text:p text:style-name="Paragraph"><help:help-text value="visible">Gibt an, in welcher Zeile der Import beginnt.</help:help-text> Die Zeilen sind im Vorschaufenster am unteren Dialogrand eingeblendet.</text:p>
  <text:p text:style-name="Head 2">Trennoptionen</text:p>
  <text:p text:style-name="Paragraph">Hier geben Sie an, ob die Daten eine feste Breite aufweisen oder mit Trennzeichen arbeiten.</text:p>
  <text:p text:style-name="Head 3"><help:help-id value="SC_RADIOBUTTON_RID_SCDLG_ASCII_RB_FIXED"/>Feste Breite</text:p>
  <text:p text:style-name="Paragraph"><help:help-text value="visible">Verteilt Daten mit fester Breite (gleiche Anzahl Zeichen) auf Spalten.</help:help-text> Klicken Sie auf das Lineal im Vorschaufenster zum Festsetzen der Spaltenbreite.</text:p>
  <text:p text:style-name="Head 3"><help:help-id value="SC_RADIOBUTTON_RID_SCDLG_ASCII_RB_SEPARATED"/>Getrennt</text:p>
  <text:p text:style-name="Paragraph"><help:help-text value="visible">Wählen Sie den oder die von Ihren Daten verwendten Feldtrenner.</help:help-text></text:p>
  <text:p text:style-name="Head 3"><help:help-id value="SC_CHECKBOX_RID_SCDLG_ASCII_CKB_TAB"/>Tabulator</text:p>
  <text:p text:style-name="Paragraph"><help:help-text value="visible">Verteilt durch Tabulatoren getrennte Daten auf Spalten.</help:help-text></text:p>
  <text:p text:style-name="Head 3"><help:help-id value="SC_CHECKBOX_RID_SCDLG_ASCII_CKB_SEMICOLON"/>Semikolon</text:p>
  <text:p text:style-name="Paragraph"><help:help-text value="visible">Verteilt durch Semikola getrennte Daten auf Spalten.</help:help-text></text:p>
  <text:p text:style-name="Head 3"><help:help-id value="SC_CHECKBOX_RID_SCDLG_ASCII_CKB_COMMA"/>Komma</text:p>
  <text:p text:style-name="Paragraph"><help:help-text value="visible">Verteilt durch Kommata getrennte Daten auf Spalten.</help:help-text></text:p>
  <text:p text:style-name="Head 3"><help:help-id value="SC_CHECKBOX_RID_SCDLG_ASCII_CKB_SPACE"/>Leerzeichen</text:p>
  <text:p text:style-name="Paragraph"><help:help-text value="visible">Verteilt durch Leerzeichen getrennte Daten auf Spalten.</help:help-text></text:p>
  <text:p text:style-name="Head 3"><help:help-id value="SC_CHECKBOX_RID_SCDLG_ASCII_CKB_OTHER"/><help:help-id value="SC_EDIT_RID_SCDLG_ASCII_ED_OTHER"/>Andere</text:p>
  <text:p text:style-name="Paragraph"><help:help-text value="visible">Die Daten werden mit dem von Ihnen definierten Trenner in Spalten aufgeteilt. Hinweis: Dieser Trenner muss auch in den Daten vorkommen.</help:help-text></text:p>
  <text:p text:style-name="Head 3"><help:help-id value="SC_CHECKBOX_RID_SCDLG_ASCII_CB_ASONCE"/>Feldtrenner zusammenfassen</text:p>
  <text:p text:style-name="Paragraph"><help:help-text value="visible">Kombiniert aufeinanderfolgende Feldtrenner zu einem einzelnen Feldtrenner und entfernt leere Datenfelder.</help:help-text></text:p>
  <text:p text:style-name="Head 3"><help:help-id value="SC_COMBOBOX_RID_SCDLG_ASCII_CB_TEXTSEP"/>Texttrenner</text:p>
  <text:p text:style-name="Paragraph"><help:help-text value="visible">Wählen Sie ein Zeichen zur Begrenzung von Textdatenfeldern.</help:help-text> Sie können auch ein eigenes Zeichen direkt eingeben.</text:p>
  <text:p text:style-name="Head 2">Felder</text:p>
  <text:p text:style-name="Paragraph">Zeigt eine Vorschau der in Spalten aufgeteilten Daten.</text:p>
  <text:p text:style-name="Head 3"><help:help-id value="SC_LISTBOX_RID_SCDLG_ASCII_LB_TYPE1"/>Typ</text:p>
  <text:p text:style-name="Paragraph"><help:help-text value="visible">Wählen Sie einen Datentyp für die im Vorschaufenster ausgewählte Spalte.</help:help-text> Folgende Optionen stehen Ihnen zur Verfügung:</text:p>
  <table:table table:name="Tabelle1" table:style-name="Tabelle1">
   <table:table-column table:style-name="Tabelle1.A"/>
   <table:table-column table:style-name="Tabelle1.B"/>
   <table:table-header-rows>
    <table:table-row>
     <table:table-cell table:style-name="Tabelle1.A1" table:value-type="string">
      <text:p text:style-name="TableHead">Typ</text:p>
     </table:table-cell>
     <table:table-cell table:style-name="Tabelle1.B1" table:value-type="string">
      <text:p text:style-name="TableHead">Funktion</text:p>
     </table:table-cell>
    </table:table-row>
   </table:table-header-rows>
   <table:table-row>
    <table:table-cell table:style-name="Tabelle1.A2" table:value-type="string">
     <text:p text:style-name="TextInTable">Standard</text:p>
    </table:table-cell>
    <table:table-cell table:style-name="Tabelle1.B2" table:value-type="string">
     <text:p text:style-name="TextInTable"><help:productname>%PRODUCTNAME</help:productname> bestimmt den Typ selbst.</text:p>
    </table:table-cell>
   </table:table-row>
   <table:table-row>
    <table:table-cell table:style-name="Tabelle1.A2" table:value-type="string">
     <text:p text:style-name="TextInTable">Text</text:p>
    </table:table-cell>
    <table:table-cell table:style-name="Tabelle1.B2" table:value-type="string">
     <text:p text:style-name="TextInTable">Importierte Daten werden als Text übernommen.</text:p>
    </table:table-cell>
   </table:table-row>
   <table:table-row>
    <table:table-cell table:style-name="Tabelle1.A2" table:value-type="string">
     <text:p text:style-name="TextInTable">Datum (TMJ)</text:p>
    </table:table-cell>
    <table:table-cell table:style-name="Tabelle1.B2" table:value-type="string">
     <text:p text:style-name="TextInTable">Wendet ein Datumsformat (Tag, Monat, Jahr) auf die importierten Daten einer Spalte an.</text:p>
    </table:table-cell>
   </table:table-row>
   <table:table-row>
    <table:table-cell table:style-name="Tabelle1.A2" table:value-type="string">
     <text:p text:style-name="TextInTable">Datum (MTJ)</text:p>
    </table:table-cell>
    <table:table-cell table:style-name="Tabelle1.B2" table:value-type="string">
     <text:p text:style-name="TextInTable">Wendet ein Datumsformat (Monat, Tag, Jahr) auf die importierten Daten einer Spalte an.</text:p>
    </table:table-cell>
   </table:table-row>
   <table:table-row>
    <table:table-cell table:style-name="Tabelle1.A2" table:value-type="string">
     <text:p text:style-name="TextInTable">Datum (JMT)</text:p>
    </table:table-cell>
    <table:table-cell table:style-name="Tabelle1.B2" table:value-type="string">
     <text:p text:style-name="TextInTable">Wendet ein Datumsformat (Jahr, Monat, Tag) auf die importierten Daten einer Spalte an.</text:p>
    </table:table-cell>
   </table:table-row>
   <table:table-row>
    <table:table-cell table:style-name="Tabelle1.A2" table:value-type="string">
     <text:p text:style-name="TextInTable">US-Englisch</text:p>
    </table:table-cell>
    <table:table-cell table:style-name="Tabelle1.B2" table:value-type="string">
     <text:p text:style-name="TextInTable">US-englisch formatierte Zahlen werden gesucht und unabhängig von der Systemsprache übernommen. Es wird dabei kein Zahlenformat gesetzt. Einträge, die keine US-englisch formatierte Zahlen enthalten, werden wie unter <text:span text:style-name="T1">Standard</text:span> behandelt.</text:p>
    </table:table-cell>
   </table:table-row>
   <table:table-row>
    <table:table-cell table:style-name="Tabelle1.A2" table:value-type="string">
     <text:p text:style-name="TextInTable">ausblenden</text:p>
    </table:table-cell>
    <table:table-cell table:style-name="Tabelle1.B2" table:value-type="string">
     <text:p text:style-name="TextInTable">Die Daten in dieser Spalte werden nicht importiert.</text:p>
    </table:table-cell>
   </table:table-row>
  </table:table>
  <text:p text:style-name="Paragraph">Wenn Sie eines der Datumsformate (TMJ, MTJ, JMT) auswählen und Zahlen ohne Datumstrenner eingeben, werden die Zahlen folgendermaßen interpretiert:</text:p>
  <table:table table:name="Tabelle3" table:style-name="Tabelle3">
   <table:table-column table:style-name="Tabelle3.A"/>
   <table:table-column table:style-name="Tabelle3.B"/>
   <table:table-header-rows>
    <table:table-row>
     <table:table-cell table:style-name="Tabelle3.A1" table:value-type="string">
      <text:p text:style-name="TableHead">Anzahl der Zeichen</text:p>
     </table:table-cell>
     <table:table-cell table:style-name="Tabelle3.B1" table:value-type="string">
      <text:p text:style-name="TableHead">Datumsformat</text:p>
     </table:table-cell>
    </table:table-row>
   </table:table-header-rows>
   <table:table-row>
    <table:table-cell table:style-name="Tabelle3.A2" table:value-type="string">
     <text:p text:style-name="TextInTable">6</text:p>
    </table:table-cell>
    <table:table-cell table:style-name="Tabelle3.B2" table:value-type="string">
     <text:p text:style-name="TextInTable">Je zwei Zeichen werden für den Tag, den Monat und das Jahr in der vom Format bestimmten Reihenfolge verwendet.</text:p>
    </table:table-cell>
   </table:table-row>
   <table:table-row>
    <table:table-cell table:style-name="Tabelle3.A2" table:value-type="string">
     <text:p text:style-name="TextInTable">8</text:p>
    </table:table-cell>
    <table:table-cell table:style-name="Tabelle3.B2" table:value-type="string">
     <text:p text:style-name="TextInTable">Vier Zeichen werden für das Jahr und je zwei Zeichen für Tag und Monat in der vom Format bestimmten Reihenfolge verwendet.</text:p>
    </table:table-cell>
   </table:table-row>
   <table:table-row>
    <table:table-cell table:style-name="Tabelle3.A2" table:value-type="string">
     <text:p text:style-name="TextInTable">5 oder 7</text:p>
    </table:table-cell>
    <table:table-cell table:style-name="Tabelle3.B2" table:value-type="string">
     <text:p text:style-name="TextInTable">Wie bei 6 oder 8 Zeichen, der erste Teil besitzt jedoch ein Zeichen weniger. Dies unterdrückt eine führende Null bei Tag und Monat.</text:p>
    </table:table-cell>
   </table:table-row>
  </table:table>
  <table:table table:name="Tabelle2" table:style-name="Tabelle2">
   <table:table-column table:style-name="Tabelle2.A"/>
   <table:table-column table:style-name="Tabelle2.B"/>
   <table:table-header-rows>
    <table:table-row table:style-name="Tabelle2.1">
     <table:table-cell table:style-name="Tabelle2.A1" table:value-type="string">
      <text:p text:style-name="Paragraph"><draw:image draw:name="Symbol0" svg:desc="Dieses Symbol hält Tipps für Sie bereit, wie Sie mit dem Programm noch schneller oder effizienter arbeiten können." svg:pixelx="32" svg:pixely="32" svg:width="0.847cm" svg:height="0.847cm" xlink:href="66732" draw:filter-name=""/></text:p>

     </table:table-cell>
     <table:table-cell table:style-name="Tabelle2.A1" table:value-type="string">
      <text:p text:style-name="Paragraph">Wenn Sie führende Nullen, beispielsweise in Telefonnummern, beim Datenimport beibehalten möchten, weisen Sie der Spalte das Format &quot;Text&quot; zu.</text:p>
     </table:table-cell>
    </table:table-row>
   </table:table-header-rows>
  </table:table>
  <text:p text:style-name="Head 3">Vorschau</text:p>
  <text:p text:style-name="Paragraph">Zeigt die importierten Daten nach Aufteilung in Spalten. Zum Zuweisen eines Formates klicken Sie in eine Spalte und wählen Sie eine n <text:span text:style-name="T1">Spaltentyp</text:span>. Der Spaltenkopf zeigt den zugewiesenen Typ an.</text:p>
  <text:p text:style-name="Paragraph">Wenn Ihre Daten in festen Spaltenbreiten vorliegen, klicken Sie in das Lineal zum Anpassen der Spaltenbreiten.</text:p>
  <text:p text:style-name="Paragraph"><help:link Id="68612" Eid="csv">Steuerung ohne Maus</help:link></text:p>
  <text:p text:style-name="Paragraph">Für weitere Informationen zu Filtern siehe <help:link Id="65614">Informationen zu Import- und Exportfiltern</help:link>.</text:p>
 </office:body>
</office:document>
