

<office:document  xmlns:office="http://openoffice.org/2000/office" xmlns:style="http://openoffice.org/2000/style" xmlns:text="http://openoffice.org/2000/text" xmlns:table="http://openoffice.org/2000/table" xmlns:draw="http://openoffice.org/2000/drawing" xmlns:fo="http://www.w3.org/1999/XSL/Format" xmlns:xlink="http://www.w3.org/1999/xlink" xmlns:number="http://openoffice.org/2000/datastyle" xmlns:svg="http://www.w3.org/2000/svg" xmlns:chart="http://openoffice.org/2000/chart" xmlns:dr3d="http://openoffice.org/2000/dr3d" xmlns:math="http://www.w3.org/1998/Math/MathML" xmlns:form="http://openoffice.org/2000/form" xmlns:script="http://openoffice.org/2000/script" office:class="text" office:version="1.0" xmlns:dc="http://purl.org/dc/elements/1.1/" xmlns:meta="http://openoffice.org/2000/meta" xmlns:help="http://openoffice.org/2000/help">
<office:meta>
  <dc:description>text/common/00/00000404</dc:description>
  <dc:subject>Menü Einfügen</dc:subject>
  <meta:keywords>
   <meta:keyword>$Version</meta:keyword>
  </meta:keywords>
  <dc:language>de-DE</dc:language>
  <meta:user-defined meta:name="Info 0">READY</meta:user-defined>
  <meta:user-defined meta:name="Info 1">FREE_OK</meta:user-defined>
  <meta:user-defined meta:name="Info 2">NOINDEX</meta:user-defined>
  <meta:user-defined meta:name="Info 3"/>
</office:meta>
 <office:script/>
 <office:font-decls>
  <style:font-decl style:name="StarSymbol" fo:font-family="StarSymbol" style:font-charset="x-symbol"/>
  <style:font-decl style:name="Courier New" fo:font-family="&apos;Courier New&apos;" style:font-style-name="Standard" style:font-family-generic="modern" style:font-pitch="fixed"/>
  <style:font-decl style:name="Courier" fo:font-family="Courier" style:font-family-generic="roman" style:font-pitch="fixed"/>
  <style:font-decl style:name="Arial Unicode MS" fo:font-family="&apos;Arial Unicode MS&apos;" style:font-pitch="variable"/>
  <style:font-decl style:name="HG Mincho Light J" fo:font-family="&apos;HG Mincho Light J&apos;" style:font-pitch="variable"/>
  <style:font-decl style:name="Times New Roman3" fo:font-family="&apos;Times New Roman&apos;" style:font-pitch="variable"/>
  <style:font-decl style:name="Thorndale" fo:font-family="Thorndale" style:font-family-generic="roman" style:font-pitch="variable"/>
  <style:font-decl style:name="Times New Roman2" fo:font-family="&apos;Times New Roman&apos;" style:font-style-name="Fett" style:font-family-generic="roman" style:font-pitch="variable"/>
  <style:font-decl style:name="Times New Roman" fo:font-family="&apos;Times New Roman&apos;" style:font-style-name="Standard" style:font-family-generic="roman" style:font-pitch="variable"/>
  <style:font-decl style:name="Times New Roman1" fo:font-family="&apos;Times New Roman&apos;" style:font-family-generic="swiss" style:font-pitch="variable"/>
 </office:font-decls>
 <office:automatic-styles>
  <style:style style:name="Tabelle10" style:family="table">
   <style:properties style:width="17.995cm" fo:margin-left="0cm" fo:margin-right="0.005cm" table:align="margins"/>
  </style:style>
  <style:style style:name="Tabelle10.A" style:family="table-column">
   <style:properties style:column-width="1.519cm" style:rel-column-width="5530*"/>
  </style:style>
  <style:style style:name="Tabelle10.B" style:family="table-column">
   <style:properties style:column-width="16.476cm" style:rel-column-width="59985*"/>
  </style:style>
  <style:style style:name="Tabelle4" style:family="table">
   <style:properties style:width="18cm" table:align="margins"/>
  </style:style>
  <style:style style:name="Tabelle4.A" style:family="table-column">
   <style:properties style:column-width="1.499cm" style:rel-column-width="5458*"/>
  </style:style>
  <style:style style:name="Tabelle4.B" style:family="table-column">
   <style:properties style:column-width="16.501cm" style:rel-column-width="60039*"/>
  </style:style>
  <style:style style:name="Tabelle5" style:family="table">
   <style:properties style:width="18cm" table:align="margins"/>
  </style:style>
  <style:style style:name="Tabelle5.A" style:family="table-column">
   <style:properties style:column-width="1.499cm" style:rel-column-width="5458*"/>
  </style:style>
  <style:style style:name="Tabelle5.B" style:family="table-column">
   <style:properties style:column-width="16.501cm" style:rel-column-width="60039*"/>
  </style:style>
  <style:style style:name="Tabelle9" style:family="table">
   <style:properties style:width="18cm" table:align="margins"/>
  </style:style>
  <style:style style:name="Tabelle9.A" style:family="table-column">
   <style:properties style:column-width="1.499cm" style:rel-column-width="5458*"/>
  </style:style>
  <style:style style:name="Tabelle9.B" style:family="table-column">
   <style:properties style:column-width="16.501cm" style:rel-column-width="60039*"/>
  </style:style>
  <style:style style:name="Tabelle11" style:family="table">
   <style:properties style:width="18cm" table:align="margins"/>
  </style:style>
  <style:style style:name="Tabelle11.A" style:family="table-column">
   <style:properties style:column-width="1.499cm" style:rel-column-width="5458*"/>
  </style:style>
  <style:style style:name="Tabelle11.B" style:family="table-column">
   <style:properties style:column-width="16.501cm" style:rel-column-width="60039*"/>
  </style:style>
  <style:style style:name="Tabelle6" style:family="table">
   <style:properties style:width="18cm" table:align="margins"/>
  </style:style>
  <style:style style:name="Tabelle6.A" style:family="table-column">
   <style:properties style:column-width="1.499cm" style:rel-column-width="5458*"/>
  </style:style>
  <style:style style:name="Tabelle6.B" style:family="table-column">
   <style:properties style:column-width="16.501cm" style:rel-column-width="60039*"/>
  </style:style>
  <style:style style:name="Tabelle2" style:family="table">
   <style:properties style:width="18cm" table:align="margins"/>
  </style:style>
  <style:style style:name="Tabelle2.A" style:family="table-column">
   <style:properties style:column-width="1.499cm" style:rel-column-width="5458*"/>
  </style:style>
  <style:style style:name="Tabelle2.B" style:family="table-column">
   <style:properties style:column-width="16.501cm" style:rel-column-width="60039*"/>
  </style:style>
  <style:style style:name="Tabelle1" style:family="table">
   <style:properties style:width="18cm" table:align="margins"/>
  </style:style>
  <style:style style:name="Tabelle1.A" style:family="table-column">
   <style:properties style:column-width="1.499cm" style:rel-column-width="5458*"/>
  </style:style>
  <style:style style:name="Tabelle1.B" style:family="table-column">
   <style:properties style:column-width="16.501cm" style:rel-column-width="60039*"/>
  </style:style>
  <style:style style:name="Tabelle8" style:family="table">
   <style:properties style:width="18cm" table:align="margins"/>
  </style:style>
  <style:style style:name="Tabelle8.A" style:family="table-column">
   <style:properties style:column-width="1.499cm" style:rel-column-width="5458*"/>
  </style:style>
  <style:style style:name="Tabelle8.B" style:family="table-column">
   <style:properties style:column-width="16.501cm" style:rel-column-width="60039*"/>
  </style:style>
  <style:style style:name="Tabelle13" style:family="table">
   <style:properties style:width="18cm" table:align="margins"/>
  </style:style>
  <style:style style:name="Tabelle13.A" style:family="table-column">
   <style:properties style:column-width="1.499cm" style:rel-column-width="5458*"/>
  </style:style>
  <style:style style:name="Tabelle13.B" style:family="table-column">
   <style:properties style:column-width="16.501cm" style:rel-column-width="60039*"/>
  </style:style>
  <style:style style:name="Tabelle7" style:family="table">
   <style:properties style:width="18cm" table:align="margins"/>
  </style:style>
  <style:style style:name="Tabelle7.A" style:family="table-column">
   <style:properties style:column-width="1.501cm" style:rel-column-width="5459*"/>
  </style:style>
  <style:style style:name="Tabelle7.B" style:family="table-column">
   <style:properties style:column-width="16.499cm" style:rel-column-width="60038*"/>
  </style:style>
  <style:style style:name="P1" style:family="paragraph" style:parent-style-name="Paragraph" style:master-page-name="HTML">
   <style:properties style:page-number="0"/>
  </style:style>
  <style:style style:name="T1" style:family="text">
   <style:properties fo:font-weight="bold"/>
  </style:style>
  <style:style style:name="fr1" style:family="graphics" style:parent-style-name="Graphics">
   <style:properties style:run-through="foreground" style:wrap="run-through" style:vertical-pos="top" style:vertical-rel="paragraph" style:horizontal-pos="left" style:horizontal-rel="paragraph" style:mirror="none" fo:clip="rect(0cm 0cm 0cm 0cm)" draw:luminance="0%" draw:contrast="0%" draw:red="0%" draw:green="0%" draw:blue="0%" draw:gamma="1" draw:color-inversion="false" draw:transparency="-100%" draw:color-mode="standard"/>
  </style:style>
  <style:style style:name="fr2" style:family="graphics" style:parent-style-name="Graphics">
   <style:properties style:wrap="run-through" style:horizontal-pos="left" style:horizontal-rel="paragraph" style:mirror="none" fo:clip="rect(0cm 0cm 0cm 0cm)" draw:luminance="0%" draw:contrast="0%" draw:red="0%" draw:green="0%" draw:blue="0%" draw:gamma="1" draw:color-inversion="false" draw:transparency="-100%" draw:color-mode="standard"/>
  </style:style>
  <style:style style:name="fr3" style:family="graphics" style:parent-style-name="Graphics">
   <style:properties style:run-through="foreground" style:wrap="run-through" style:vertical-pos="top" style:vertical-rel="paragraph" style:horizontal-pos="left" style:horizontal-rel="paragraph" fo:background-color="transparent" style:mirror="none" fo:clip="rect(0cm 0cm 0cm 0cm)" draw:luminance="0%" draw:contrast="0%" draw:red="0%" draw:green="0%" draw:blue="0%" draw:gamma="1" draw:color-inversion="false" draw:transparency="-100%" draw:color-mode="standard">
    <style:background-image/>
   </style:properties>
  </style:style>
 </office:automatic-styles>
 <office:body>
  <text:variable-decls>
   <text:variable-decl text:value-type="string" text:name="HTML_ON"/>
   <text:variable-decl text:value-type="string" text:name="HTML_OFF"/>
   <text:variable-decl text:value-type="string" text:name="TITEL"/>
   <text:variable-decl text:value-type="string" text:name="END"/>
   <text:variable-decl text:value-type="string" text:name="OS2"/>
   <text:variable-decl text:value-type="string" text:name="ELSE"/>
   <text:variable-decl text:value-type="string" text:name="NAME"/>
   <text:variable-decl text:value-type="string" text:name="MAC"/>
   <text:variable-decl text:value-type="string" text:name="HREF"/>
   <text:variable-decl text:value-type="string" text:name="MODIFY"/>
   <text:variable-decl text:value-type="string" text:name="REFNR"/>
   <text:variable-decl text:value-type="string" text:name="HFELD"/>
   <text:variable-decl text:value-type="string" text:name="WIN"/>
   <text:variable-decl text:value-type="string" text:name="STYLE"/>
  </text:variable-decls>
  <text:sequence-decls>
   <text:sequence-decl text:display-outline-level="0" text:name="Illustration"/>
   <text:sequence-decl text:display-outline-level="0" text:name="Table"/>
   <text:sequence-decl text:display-outline-level="0" text:name="Text"/>
   <text:sequence-decl text:display-outline-level="0" text:name="Drawing"/>
  </text:sequence-decls>
  <text:p text:style-name="P1"/>
  <text:p text:style-name="Head 1">Menü Einfügen</text:p>
  <text:p text:style-name="Paragraph"><help:to-popup Eid="notiz">Menü <text:span text:style-name="T1">Einfügen - Notiz</text:span></help:to-popup></text:p>
  <help:to-popup Eid="scannen">
  <text:p text:style-name="Paragraph">Menü <text:span text:style-name="T1">Einfügen - Scannen</text:span> (Draw, Impress)</text:p>
  <text:p text:style-name="Paragraph">Menü Einfügen - Grafik - Scannen (Writer)</text:p>
  </help:to-popup>
  <help:to-popup Eid="quelle">
  <text:p text:style-name="Paragraph">Menü <text:span text:style-name="T1">Einfügen - Scannen - Quelle auswählen</text:span> (in Writer: <text:span text:style-name="T1">Einfügen - Grafik - Scannen - Quelle auswählen</text:span>)</text:p>
  </help:to-popup>
  <help:to-popup Eid="anfordern">
  <text:p text:style-name="Paragraph">Menü <text:span text:style-name="T1">Einfügen - Scannen - Anfordern</text:span>(in Writer: <text:span text:style-name="T1">Einfügen - Grafik - Scannen - Anfordern</text:span>)</text:p>
  </help:to-popup>
  <help:to-popup Eid="sonder">
  <text:p text:style-name="Paragraph">Menü <text:span text:style-name="T1">Einfügen - Sonderzeichen..</text:span>.</text:p>
  <text:p text:style-name="Paragraph"><help:switch select="Program"><help:case select="DRAW">Menü <text:span text:style-name="T1">Format - Nummerierung/Aufzählung... - Optionen</text:span>, Schaltfläche <text:span text:style-name="T1">Zeichen</text:span></help:case></help:switch></text:p>
  <text:p text:style-name="Paragraph"><help:switch select="Program"><help:case select="IMPRESS">Menü <text:span text:style-name="T1">Format - Nummerierung/Aufzählung... - Optionen</text:span>, Schaltfläche <text:span text:style-name="T1">Zeichen</text:span></help:case></help:switch></text:p>
  <text:p text:style-name="Paragraph">Öffnen Sie die Abreißleiste <text:span text:style-name="T1">Einfügen</text:span> in der <text:span text:style-name="T1">Werkzeugleiste</text:span> (nicht bei Diagrammen), und klicken Sie auf</text:p>
  <help:to-be-embedded Eid="sysonder">
  <table:table table:name="Tabelle10" table:style-name="Tabelle10">
   <table:table-column table:style-name="Tabelle10.A"/>
   <table:table-column table:style-name="Tabelle10.B"/>
   <table:table-header-rows>
    <table:table-row>
     <table:table-cell table:value-type="string">
      <text:p text:style-name="Paragraph"><draw:image draw:name="Symbol0" svg:desc="Symbol" svg:pixelx="25" svg:pixely="25" svg:width="0.661cm" svg:height="0.661cm" xlink:href="65826" draw:filter-name=""/></text:p>

     </table:table-cell>
     <table:table-cell table:value-type="string">
      <text:p text:style-name="Paragraph">Sonderzeichen einfügen</text:p>
     </table:table-cell>
    </table:table-row>
   </table:table-header-rows>
  </table:table>
  </help:to-be-embedded></help:to-popup>
  <text:p text:style-name="Paragraph"><help:to-popup Eid="objekteinf">Menü <text:span text:style-name="T1">Einfügen - Objekt</text:span></help:to-popup></text:p>
  <help:to-popup Eid="objektole">
  <text:p text:style-name="Paragraph">Menü <text:span text:style-name="T1">Einfügen - Objekt - OLE-Objekt...</text:span></text:p>
  <text:p text:style-name="Paragraph">Öffnen Sie die Abreißleiste <text:span text:style-name="T1">Objekt einfügen</text:span> in der <text:span text:style-name="T1">Werkzeugleiste</text:span>, und klicken Sie auf</text:p>
  <help:to-be-embedded Eid="syole">
  <table:table table:name="Tabelle4" table:style-name="Tabelle4">
   <table:table-column table:style-name="Tabelle4.A"/>
   <table:table-column table:style-name="Tabelle4.B"/>
   <table:table-header-rows>
    <table:table-row>
     <table:table-cell table:value-type="string">
      <text:p text:style-name="Paragraph"><draw:image draw:name="Symbol1" svg:desc="Symbol" svg:pixelx="25" svg:pixely="25" svg:width="0.661cm" svg:height="0.661cm" xlink:href="65816" draw:filter-name=""/></text:p>

     </table:table-cell>
     <table:table-cell table:value-type="string">
      <text:p text:style-name="Paragraph">OLE-Objekt einfügen</text:p>
     </table:table-cell>
    </table:table-row>
   </table:table-header-rows>
  </table:table>
  </help:to-be-embedded></help:to-popup>
  <help:to-popup Eid="objektplugin">
  <text:p text:style-name="Paragraph"><help:switch select="System"><help:case select ="WIN">Menü <text:span text:style-name="T1">Einfügen - Objekt - PlugIn...</text:span></help:case></help:switch></text:p>
  <text:p text:style-name="Paragraph">Symbol in der Abreißleiste <text:span text:style-name="T1">Objekt einfügen</text:span> der Werkzeugleiste:</text:p>
  <help:to-be-embedded Eid="syplugin"><help:switch select="System"><help:case select ="WIN">
  <table:table table:name="Tabelle5" table:style-name="Tabelle5">
   <table:table-column table:style-name="Tabelle5.A"/>
   <table:table-column table:style-name="Tabelle5.B"/>
   <table:table-header-rows>
    <table:table-row>
     <table:table-cell table:value-type="string">
      <text:p text:style-name="Paragraph"><draw:image draw:name="Symbol2" svg:desc="Symbol" svg:pixelx="25" svg:pixely="25" svg:width="0.661cm" svg:height="0.661cm" xlink:href="65817" draw:filter-name=""/></text:p>

     </table:table-cell>
     <table:table-cell table:value-type="string">
      <text:p text:style-name="Paragraph">PlugIn einfügen</text:p>
     </table:table-cell>
    </table:table-row>
   </table:table-header-rows>
  </table:table>
  </help:case></help:switch></help:to-be-embedded></help:to-popup>
  <help:to-popup Eid="objektklang">
  <text:p text:style-name="Paragraph">Menü <text:span text:style-name="T1">Einfügen - Objekt - Klang...</text:span></text:p>
  <text:p text:style-name="Paragraph">Öffnen Sie die Abreißleiste <text:span text:style-name="T1">Objekt einfügen</text:span> in der <text:span text:style-name="T1">Werkzeugleiste</text:span>, und klicken Sie auf</text:p>
  <help:to-be-embedded Eid="syklang">
  <table:table table:name="Tabelle9" table:style-name="Tabelle9">
   <table:table-column table:style-name="Tabelle9.A"/>
   <table:table-column table:style-name="Tabelle9.B"/>
   <table:table-header-rows>
    <table:table-row>
     <table:table-cell table:value-type="string">
      <text:p text:style-name="Paragraph"><draw:image draw:name="Symbol3" svg:desc="Symbol" svg:pixelx="25" svg:pixely="25" svg:width="0.661cm" svg:height="0.661cm" xlink:href="65815" draw:filter-name=""/></text:p>

     </table:table-cell>
     <table:table-cell table:value-type="string">
      <text:p text:style-name="Paragraph">Klang-PlugIn einfügen</text:p>
     </table:table-cell>
    </table:table-row>
   </table:table-header-rows>
  </table:table>
  </help:to-be-embedded></help:to-popup>
  <help:to-popup Eid="objektvideo">
  <text:p text:style-name="Paragraph">Menü <text:span text:style-name="T1">Einfügen - Objekt - Video....</text:span></text:p>
  <text:p text:style-name="Paragraph">Öffnen Sie die Abreißleiste <text:span text:style-name="T1">Objekt einfügen</text:span> in der <text:span text:style-name="T1">Werkzeugleiste</text:span>, und klicken Sie auf</text:p>
  <help:to-be-embedded Eid="syvideo">
  <table:table table:name="Tabelle11" table:style-name="Tabelle11">
   <table:table-column table:style-name="Tabelle11.A"/>
   <table:table-column table:style-name="Tabelle11.B"/>
   <table:table-header-rows>
    <table:table-row>
     <table:table-cell table:value-type="string">
      <text:p text:style-name="Paragraph"><draw:image draw:name="Symbol4" svg:desc="Symbol" svg:pixelx="25" svg:pixely="25" svg:width="0.661cm" svg:height="0.661cm" xlink:href="65818" draw:filter-name=""/></text:p>

     </table:table-cell>
     <table:table-cell table:value-type="string">
      <text:p text:style-name="Paragraph">Video-PlugIn einfügen</text:p>
     </table:table-cell>
    </table:table-row>
   </table:table-header-rows>
  </table:table>
  </help:to-be-embedded></help:to-popup>
  <help:to-popup Eid="objektapplet">
  <text:p text:style-name="Paragraph">Menü <text:span text:style-name="T1">Einfügen - Objekt - Applet...</text:span></text:p>
  <text:p text:style-name="Paragraph">Öffnen Sie die Abreißleiste <text:span text:style-name="T1">Objekt einfügen</text:span> in der <text:span text:style-name="T1">Werkzeugleiste</text:span>, und klicken Sie auf</text:p>
  <help:to-be-embedded Eid="syapplet">
  <table:table table:name="Tabelle6" table:style-name="Tabelle6">
   <table:table-column table:style-name="Tabelle6.A"/>
   <table:table-column table:style-name="Tabelle6.B"/>
   <table:table-header-rows>
    <table:table-row>
     <table:table-cell table:value-type="string">
      <text:p text:style-name="Paragraph"><draw:image draw:name="Symbol5" svg:desc="Symbol" svg:pixelx="25" svg:pixely="25" svg:width="0.661cm" svg:height="0.661cm" xlink:href="65813" draw:filter-name=""/></text:p>

     </table:table-cell>
     <table:table-cell table:value-type="string">
      <text:p text:style-name="Paragraph">Applet einfügen</text:p>
     </table:table-cell>
    </table:table-row>
   </table:table-header-rows>
  </table:table>
  </help:to-be-embedded></help:to-popup>
  <help:to-popup Eid="math">
  <text:p text:style-name="Paragraph">Menü <text:span text:style-name="T1">Einfügen - Objekt - Formel...</text:span></text:p>
  <text:p text:style-name="Paragraph">Öffnen Sie die Abreißleiste <text:span text:style-name="T1">Objekt einfügen</text:span> in der <text:span text:style-name="T1">Werkzeugleiste</text:span>, und klicken Sie auf</text:p>
  <help:to-be-embedded Eid="systarmath">
  <table:table table:name="Tabelle2" table:style-name="Tabelle2">
   <table:table-column table:style-name="Tabelle2.A"/>
   <table:table-column table:style-name="Tabelle2.B"/>
   <table:table-header-rows>
    <table:table-row>
     <table:table-cell table:value-type="string">
      <text:p text:style-name="Paragraph"><draw:image draw:name="Symbol6" svg:desc="Symbol" svg:pixelx="25" svg:pixely="25" svg:width="0.661cm" svg:height="0.661cm" xlink:href="66208" draw:filter-name=""/></text:p>

     </table:table-cell>
     <table:table-cell table:value-type="string">
      <text:p text:style-name="Paragraph"><help:switch select="Program"><help:case select="WRITER"><help:productname>%PRODUCTNAME</help:productname> Math Objekt einfügen</help:case><help:default>Formel einfügen</help:default></help:switch></text:p>
     </table:table-cell>
    </table:table-row>
   </table:table-header-rows>
  </table:table>
  </help:to-be-embedded></help:to-popup>
  <help:to-popup Eid="diagramm1">
  <text:p text:style-name="Paragraph">Menü <text:span text:style-name="T1">Format - Autoformat - Autoformat Diagramm</text:span></text:p>
  <text:p text:style-name="Paragraph">Menü <text:span text:style-name="T1">Einfügen - Objekt -Diagramm - Autoformat Diagramm</text:span></text:p>
  </help:to-popup>
  <help:to-popup Eid="diagramm2">
  <text:p text:style-name="Paragraph">Menü <text:span text:style-name="T1">Format - Autoformat - Autoformat Diagramm</text:span></text:p>
  <text:p text:style-name="Paragraph">Menü <text:span text:style-name="T1">Einfügen - Objekt - Diagramm - Autoformat Diagramm</text:span></text:p>
  </help:to-popup>
  <help:to-popup Eid="diagramm3">
  <text:p text:style-name="Paragraph">Menü <text:span text:style-name="T1">Format - Autoformat - Autoformat Diagramm</text:span></text:p>
  <text:p text:style-name="Paragraph">Menü <text:span text:style-name="T1">Einfügen - Objekt - Diagramm - Autoformat Diagramm</text:span></text:p>
  </help:to-popup>
  <help:to-popup Eid="chart">
  <text:p text:style-name="Paragraph">Menü <text:span text:style-name="T1">Einfügen - Objekt - Diagramm</text:span></text:p>
  <text:p text:style-name="Paragraph">Öffnen Sie die Abreißleiste <text:span text:style-name="T1">Objekt einfügen</text:span> in der <text:span text:style-name="T1">Werkzeugleiste</text:span>, und klicken Sie auf</text:p>
  <help:to-be-embedded Eid="systarchart">
  <table:table table:name="Tabelle1" table:style-name="Tabelle1">
   <table:table-column table:style-name="Tabelle1.A"/>
   <table:table-column table:style-name="Tabelle1.B"/>
   <table:table-header-rows>
    <table:table-row>
     <table:table-cell table:value-type="string">
      <text:p text:style-name="Paragraph"><draw:image draw:name="Symbol7" svg:desc="Symbol" svg:pixelx="25" svg:pixely="25" svg:width="0.661cm" svg:height="0.661cm" xlink:href="66690" draw:filter-name=""/></text:p>

     </table:table-cell>
     <table:table-cell table:value-type="string">
      <text:p text:style-name="Paragraph">Diagramm einfügen</text:p>
     </table:table-cell>
    </table:table-row>
   </table:table-header-rows>
  </table:table>
  </help:to-be-embedded></help:to-popup>
  <help:to-popup Eid="grafik">
  <text:p text:style-name="Paragraph">Menü <text:span text:style-name="T1">Einfügen - Grafik - Aus Datei...</text:span></text:p>
  <text:p text:style-name="Paragraph">Öffnen Sie die Abreißleiste <text:span text:style-name="T1">Einfügen</text:span> in der <text:span text:style-name="T1">Werkzeugleiste</text:span>, und klicken Sie auf</text:p>
  <help:to-be-embedded Eid="sygrafik">
  <table:table table:name="Tabelle8" table:style-name="Tabelle8">
   <table:table-column table:style-name="Tabelle8.A"/>
   <table:table-column table:style-name="Tabelle8.B"/>
   <table:table-header-rows>
    <table:table-row>
     <table:table-cell table:value-type="string">
      <text:p text:style-name="Paragraph"><draw:image draw:name="Symbol8" svg:desc="Symbol" svg:pixelx="25" svg:pixely="25" svg:width="0.661cm" svg:height="0.661cm" xlink:href="66320" draw:filter-name=""/></text:p>

     </table:table-cell>
     <table:table-cell table:value-type="string">
      <text:p text:style-name="Paragraph">Grafik einfügen</text:p>
     </table:table-cell>
    </table:table-row>
   </table:table-header-rows>
  </table:table>
  </help:to-be-embedded></help:to-popup>
  <help:to-popup Eid="image">
  <text:p text:style-name="Paragraph">Menü<text:span text:style-name="T1"> Datei - Neu - Bild</text:span></text:p>
  </help:to-popup>
  <help:to-popup Eid="eiobframe">
  <text:p text:style-name="Paragraph">Menü <text:span text:style-name="T1">Einfügen - Frame</text:span></text:p>
  <text:p text:style-name="Paragraph">Öffnen Sie die Abreißleiste <text:span text:style-name="T1">Objekt einfügen</text:span> in der <text:span text:style-name="T1">Werkzeugleiste</text:span>, und klicken Sie auf</text:p>
  <help:to-be-embedded Eid="syframe">
  <table:table table:name="Tabelle13" table:style-name="Tabelle13">
   <table:table-column table:style-name="Tabelle13.A"/>
   <table:table-column table:style-name="Tabelle13.B"/>
   <table:table-header-rows>
    <table:table-row>
     <table:table-cell table:value-type="string">
      <text:p text:style-name="Paragraph"><draw:image draw:name="Symbol9" svg:desc="Symbol" svg:pixelx="25" svg:pixely="25" svg:width="0.661cm" svg:height="0.661cm" xlink:href="66203" draw:filter-name=""/></text:p>

     </table:table-cell>
     <table:table-cell table:value-type="string">
      <text:p text:style-name="Paragraph">Frame einfügen</text:p>
     </table:table-cell>
    </table:table-row>
   </table:table-header-rows>
  </table:table>
  </help:to-be-embedded></help:to-popup>
  <text:p text:style-name="Paragraph"><help:to-popup Eid="filterauswahl">Menü <text:span text:style-name="T1">Einfügen - Frame</text:span>, nach Wahl einer Datei</help:to-popup></text:p>
  <help:to-popup Eid="hyper">
  <text:p text:style-name="Paragraph">Menü <text:span text:style-name="T1">- Ansicht - Symbolleisten - Hyperlinkleiste</text:span></text:p>
  <text:p text:style-name="Paragraph">Klicken Sie in der <text:span text:style-name="T1">Werkzeugleiste</text:span> (Text- oder Tabellendokumente) auf</text:p>
  <help:to-be-embedded Eid="syhyperlink">
  <table:table table:name="Tabelle7" table:style-name="Tabelle7">
   <table:table-column table:style-name="Tabelle7.A"/>
   <table:table-column table:style-name="Tabelle7.B"/>
   <table:table-header-rows>
    <table:table-row>
     <table:table-cell table:value-type="string">
      <text:p text:style-name="Paragraph"><draw:image draw:name="Symbol10" svg:desc="Symbol" svg:pixelx="25" svg:pixely="25" svg:width="0.661cm" svg:height="0.661cm" xlink:href="65991" draw:filter-name=""/></text:p>

     </table:table-cell>
     <table:table-cell table:value-type="string">
      <text:p text:style-name="Paragraph">Hyperlinkleiste ein/aus</text:p>
     </table:table-cell>
    </table:table-row>
   </table:table-header-rows>
  </table:table>
  </help:to-be-embedded></help:to-popup>
 </office:body>
</office:document>
