

<office:document  xmlns:office="http://openoffice.org/2000/office" xmlns:style="http://openoffice.org/2000/style" xmlns:text="http://openoffice.org/2000/text" xmlns:table="http://openoffice.org/2000/table" xmlns:draw="http://openoffice.org/2000/drawing" xmlns:fo="http://www.w3.org/1999/XSL/Format" xmlns:xlink="http://www.w3.org/1999/xlink" xmlns:number="http://openoffice.org/2000/datastyle" xmlns:svg="http://www.w3.org/2000/svg" xmlns:chart="http://openoffice.org/2000/chart" xmlns:dr3d="http://openoffice.org/2000/dr3d" xmlns:math="http://www.w3.org/1998/Math/MathML" xmlns:form="http://openoffice.org/2000/form" xmlns:script="http://openoffice.org/2000/script" office:class="text" office:version="1.0" xmlns:dc="http://purl.org/dc/elements/1.1/" xmlns:meta="http://openoffice.org/2000/meta" xmlns:help="http://openoffice.org/2000/help">
<office:meta>
  <dc:description>text/common/00/01010000</dc:description>
  <dc:subject>Kontextmenü Gallery</dc:subject>

  <dc:language>de-DE</dc:language>
  <meta:user-defined meta:name="Info 0">READY</meta:user-defined>
  <meta:user-defined meta:name="Info 1">FREE_OK</meta:user-defined>
  <meta:user-defined meta:name="Info 2">NOINDEX</meta:user-defined>
  <meta:user-defined meta:name="Info 3"/>
</office:meta>
 <office:script/>
 <office:font-decls>
  <style:font-decl style:name="StarSymbol" fo:font-family="StarSymbol" style:font-charset="x-symbol"/>
  <style:font-decl style:name="Courier New" fo:font-family="&apos;Courier New&apos;" style:font-style-name="Standard" style:font-family-generic="modern" style:font-pitch="fixed"/>
  <style:font-decl style:name="Courier" fo:font-family="Courier" style:font-family-generic="roman" style:font-pitch="fixed"/>
  <style:font-decl style:name="Arial Unicode MS" fo:font-family="&apos;Arial Unicode MS&apos;" style:font-pitch="variable"/>
  <style:font-decl style:name="HG Mincho Light J" fo:font-family="&apos;HG Mincho Light J&apos;" style:font-pitch="variable"/>
  <style:font-decl style:name="Times New Roman3" fo:font-family="&apos;Times New Roman&apos;" style:font-pitch="variable"/>
  <style:font-decl style:name="Thorndale" fo:font-family="Thorndale" style:font-family-generic="roman" style:font-pitch="variable"/>
  <style:font-decl style:name="Times New Roman2" fo:font-family="&apos;Times New Roman&apos;" style:font-style-name="Fett" style:font-family-generic="roman" style:font-pitch="variable"/>
  <style:font-decl style:name="Times New Roman" fo:font-family="&apos;Times New Roman&apos;" style:font-style-name="Standard" style:font-family-generic="roman" style:font-pitch="variable"/>
  <style:font-decl style:name="Times New Roman1" fo:font-family="&apos;Times New Roman&apos;" style:font-family-generic="swiss" style:font-pitch="variable"/>
 </office:font-decls>
 <office:automatic-styles>
  <style:style style:name="P1" style:family="paragraph" style:parent-style-name="Paragraph" style:master-page-name="HTML">
   <style:properties style:page-number="0"/>
  </style:style>
  <style:style style:name="T1" style:family="text">
   <style:properties fo:font-weight="bold"/>
  </style:style>
 </office:automatic-styles>
 <office:body>
  <text:variable-decls>
   <text:variable-decl text:value-type="string" text:name="HTML_ON"/>
   <text:variable-decl text:value-type="string" text:name="HTML_OFF"/>
   <text:variable-decl text:value-type="string" text:name="TITEL"/>
   <text:variable-decl text:value-type="string" text:name="END"/>
   <text:variable-decl text:value-type="string" text:name="OS2"/>
   <text:variable-decl text:value-type="string" text:name="ELSE"/>
   <text:variable-decl text:value-type="string" text:name="NAME"/>
   <text:variable-decl text:value-type="string" text:name="MAC"/>
   <text:variable-decl text:value-type="string" text:name="HREF"/>
   <text:variable-decl text:value-type="string" text:name="MODIFY"/>
   <text:variable-decl text:value-type="string" text:name="REFNR"/>
   <text:variable-decl text:value-type="string" text:name="HelpID"/>
   <text:variable-decl text:value-type="string" text:name="HFELD"/>
   <text:variable-decl text:value-type="string" text:name="WIN"/>
   <text:variable-decl text:value-type="string" text:name="AKTHLP"/>
  </text:variable-decls>
  <text:sequence-decls>
   <text:sequence-decl text:display-outline-level="0" text:name="Illustration"/>
   <text:sequence-decl text:display-outline-level="0" text:name="Table"/>
   <text:sequence-decl text:display-outline-level="0" text:name="Text"/>
   <text:sequence-decl text:display-outline-level="0" text:name="Drawing"/>
  </text:sequence-decls>
  <text:p text:style-name="P1"/>
  <text:p text:style-name="Head 1">Kontextmenü Gallery</text:p>
  <text:p text:style-name="Head 2"><help:help-id value="HID_GALLERY_MN_ADDMENU"/>Hinzufügen</text:p>
  <text:p text:style-name="Paragraph"><help:help-text value="visible">Hier bestimmen Sie, in welcher Form ein ausgewähltes Grafikobjekt in ein Dokument eingefügt wird.</help:help-text></text:p>
  <text:p text:style-name="Head 3"><help:help-id value="HID_GALLERY_MN_ADD"/>Kopie</text:p>
  <text:p text:style-name="Paragraph"><help:help-text value="visible">Eine Kopie des ausgewählten Grafikobjekts wird direkt in das Dokument eingefügt.</help:help-text> Dabei besteht keine Verknüpfung zur Originalgrafik. Dokumente mit kopierten Grafiken belegen mehr Speicherplatz als Dokumente mit Grafiken, die in Form von Verknüpfungen eingefügt wurden.</text:p>
  <text:p text:style-name="Head 3"><help:help-id value="HID_GALLERY_MN_ADD_LINK"/>Verknüpfung</text:p>
  <text:p text:style-name="Paragraph"><help:help-text value="visible">Die ausgewählte Grafik wird als Verknüpfung eingefügt.</help:help-text> Eine als Verknüpfung eingefügte Grafik stellt eine Referenz auf das Original dar. Der Vorteil einer Verknüpfung besteht in dem geringeren Speicherplatzbedarf gegenüber einer Kopie des Originals.</text:p>
  <text:p text:style-name="Head 2"><help:switch select="Program"><help:case select="WRITER">Hintergrund</help:case></help:switch></text:p>
  <text:p text:style-name="Paragraph"><help:switch select="Program"><help:case select="WRITER">Hier bestimmen Sie, wie das Hintergrundbild verankert wird.</help:case></help:switch></text:p>
  <text:p text:style-name="Head 3"><help:switch select="Program"><help:case select="WRITER">Seite</help:case></help:switch></text:p>
  <text:p text:style-name="Paragraph"><help:switch select="Program"><help:case select="WRITER">Die Grafik wird an der Seite verankert.</help:case></help:switch></text:p>
  <text:p text:style-name="Head 3"><help:switch select="Program"><help:case select="WRITER">Absatz</help:case></help:switch></text:p>
  <text:p text:style-name="Paragraph"><help:switch select="Program"><help:case select="WRITER">Die Grafik wird an einem Absatz verankert.</help:case></help:switch></text:p>
  <text:p text:style-name="Head 2"><help:help-id value="HID_GALLERY_MN_PREVIEW"/>Vorschau</text:p>
  <text:p text:style-name="Paragraph"><help:help-text value="visible">Mit dem Befehl <text:span text:style-name="T1">Vorschau</text:span> wird die ausgewählte Grafik vorab angezeigt.</help:help-text> Wählen Sie <text:span text:style-name="T1">Vorschau</text:span> erneut, um die ursprüngliche Ansicht wiederherzustellen. Die Vorschau lässt sich auch durch Doppelklicken auf die Grafik oder durch Betätigung der Leertaste ein- und ausschalten.</text:p>
  <text:p text:style-name="Head 2"><help:help-id value="HID_GALLERY_TITLE"/><help:help-id value="SVX_EDIT_RID_SVXDLG_GALLERY_TITLE_EDT_TITLE"/>Titel</text:p>
  <text:p text:style-name="Paragraph"><help:help-text value="visible">Benennt ein ausgewähltes Gallery-Objekt.</help:help-text> Das Gallery-Objekt darf hierfür nicht schreibgeschützt sein. Sobald Sie den Dialog <text:span text:style-name="T1">Titel eingeben</text:span> mit <text:span text:style-name="T1">OK</text:span> schließen, wird der Titel gültig. Bei verknüpften Objekten wird in Klammern hinter dem Titel der Quellpfad angezeigt.</text:p>
  <text:p text:style-name="Head 2"><help:help-id value="HID_GALLERY_MN_DELETE"/>Löschen</text:p>
  <text:p text:style-name="Paragraph"><help:help-text value="visible">Löscht die ausgewählte Grafik nach erneuter Bestätigung.</help:help-text></text:p>
 </office:body>
</office:document>
