

<office:document  xmlns:office="http://openoffice.org/2000/office" xmlns:style="http://openoffice.org/2000/style" xmlns:text="http://openoffice.org/2000/text" xmlns:table="http://openoffice.org/2000/table" xmlns:draw="http://openoffice.org/2000/drawing" xmlns:fo="http://www.w3.org/1999/XSL/Format" xmlns:xlink="http://www.w3.org/1999/xlink" xmlns:number="http://openoffice.org/2000/datastyle" xmlns:svg="http://www.w3.org/2000/svg" xmlns:chart="http://openoffice.org/2000/chart" xmlns:dr3d="http://openoffice.org/2000/dr3d" xmlns:math="http://www.w3.org/1998/Math/MathML" xmlns:form="http://openoffice.org/2000/form" xmlns:script="http://openoffice.org/2000/script" office:class="text" office:version="1.0" xmlns:dc="http://purl.org/dc/elements/1.1/" xmlns:meta="http://openoffice.org/2000/meta" xmlns:help="http://openoffice.org/2000/help">
<office:meta>
  <dc:description>text/common/00/01020000</dc:description>
  <dc:subject>Kontextmenü bei Webseiten mit Schreibschutz</dc:subject>

  <dc:language>de-DE</dc:language>
  <meta:user-defined meta:name="Info 0">READY</meta:user-defined>
  <meta:user-defined meta:name="Info 1">FREE_OK</meta:user-defined>
  <meta:user-defined meta:name="Info 2">NOINDEX</meta:user-defined>
  <meta:user-defined meta:name="Info 3"/>
</office:meta>
 <office:script/>
 <office:font-decls>
  <style:font-decl style:name="StarSymbol" fo:font-family="StarSymbol" style:font-charset="x-symbol"/>
  <style:font-decl style:name="Courier New" fo:font-family="&apos;Courier New&apos;" style:font-style-name="Standard" style:font-family-generic="modern" style:font-pitch="fixed"/>
  <style:font-decl style:name="Courier" fo:font-family="Courier" style:font-family-generic="roman" style:font-pitch="fixed"/>
  <style:font-decl style:name="Arial Unicode MS" fo:font-family="&apos;Arial Unicode MS&apos;" style:font-pitch="variable"/>
  <style:font-decl style:name="HG Mincho Light J" fo:font-family="&apos;HG Mincho Light J&apos;" style:font-pitch="variable"/>
  <style:font-decl style:name="Times New Roman3" fo:font-family="&apos;Times New Roman&apos;" style:font-pitch="variable"/>
  <style:font-decl style:name="Thorndale" fo:font-family="Thorndale" style:font-family-generic="roman" style:font-pitch="variable"/>
  <style:font-decl style:name="Times New Roman2" fo:font-family="&apos;Times New Roman&apos;" style:font-style-name="Fett" style:font-family-generic="roman" style:font-pitch="variable"/>
  <style:font-decl style:name="Times New Roman" fo:font-family="&apos;Times New Roman&apos;" style:font-style-name="Standard" style:font-family-generic="roman" style:font-pitch="variable"/>
  <style:font-decl style:name="Times New Roman1" fo:font-family="&apos;Times New Roman&apos;" style:font-family-generic="swiss" style:font-pitch="variable"/>
 </office:font-decls>
 <office:automatic-styles>
  <style:style style:name="P1" style:family="paragraph" style:parent-style-name="Paragraph" style:master-page-name="HTML">
   <style:properties style:page-number="0"/>
  </style:style>
  <style:style style:name="T1" style:family="text">
   <style:properties fo:font-weight="bold"/>
  </style:style>
 </office:automatic-styles>
 <office:body>
  <text:variable-decls>
   <text:variable-decl text:value-type="string" text:name="HTML_ON"/>
   <text:variable-decl text:value-type="string" text:name="HTML_OFF"/>
   <text:variable-decl text:value-type="string" text:name="TITEL"/>
   <text:variable-decl text:value-type="string" text:name="END"/>
   <text:variable-decl text:value-type="string" text:name="OS2"/>
   <text:variable-decl text:value-type="string" text:name="ELSE"/>
   <text:variable-decl text:value-type="string" text:name="NAME"/>
   <text:variable-decl text:value-type="string" text:name="MAC"/>
   <text:variable-decl text:value-type="string" text:name="HREF"/>
   <text:variable-decl text:value-type="string" text:name="MODIFY"/>
   <text:variable-decl text:value-type="string" text:name="REFNR"/>
   <text:variable-decl text:value-type="string" text:name="HelpID"/>
   <text:variable-decl text:value-type="string" text:name="HFELD"/>
   <text:variable-decl text:value-type="string" text:name="WIN"/>
   <text:variable-decl text:value-type="string" text:name="AKTHLP"/>
  </text:variable-decls>
  <text:sequence-decls>
   <text:sequence-decl text:display-outline-level="0" text:name="Illustration"/>
   <text:sequence-decl text:display-outline-level="0" text:name="Table"/>
   <text:sequence-decl text:display-outline-level="0" text:name="Text"/>
   <text:sequence-decl text:display-outline-level="0" text:name="Drawing"/>
  </text:sequence-decls>
  <text:p text:style-name="P1"/>
  <text:p text:style-name="Head 1">Kontextmenü bei Webseiten mit Schreibschutz</text:p>
  <text:p text:style-name="Paragraph">Die Art und Reihenfolge der Einträge in den Kontextmenüs variieren. Es kommt zum einen darauf an, welches Objekt ausgewählt ist, wenn Sie das Kontextmenü öffnen, zum anderen ob das Dokument schreibgeschützt oder im Bearbeitungsmodus ist.</text:p>
  <text:p text:style-name="Head 2">Öffnen</text:p>
  <text:p text:style-name="Paragraph">Der Befehl <text:span text:style-name="T1">Öffnen</text:span> öffnet den Link, über dem sich der Mauszeiger befindet.</text:p>
  <text:p text:style-name="Head 2">Öffnen in einem neuen Fenster</text:p>
  <text:p text:style-name="Paragraph">Mit <text:span text:style-name="T1">Öffnen in neuem Fenster</text:span> wird der Link, über dem sich der Mauszeiger befindet, in einem neuen Fenster geöffnet.</text:p>
  <text:p text:style-name="Head 2">Bearbeiten</text:p>
  <text:p text:style-name="Paragraph">Mit dem Befehl <text:span text:style-name="T1">Bearbeiten</text:span> aktivieren Sie den Bearbeitungsmodus. Der Bearbeitungsmodus lässt sich auch durch Klicken auf <text:span text:style-name="T1">Bearbeiten</text:span> in der <text:span text:style-name="T1">Funktionsleiste</text:span> aktivieren.</text:p>
  <text:p text:style-name="Head 2"><help:help-id value="HID_MN_READONLY_SAVEGRAPHIC"/>Grafik speichern</text:p>
  <text:p text:style-name="Paragraph"><help:help-text value="visible">Öffnet einen Dialog zum Speichern der ausgewählten Grafik. </help:help-text></text:p>
  <text:p text:style-name="Head 2"><help:help-id value="HID_MN_READONLY_COPYLINK"/>Link kopieren</text:p>
  <text:p text:style-name="Paragraph"><help:help-text value="visible">Kopiert den Link unter dem Mauszeiger in die Zwischenablage.</help:help-text></text:p>
  <text:p text:style-name="Head 2"><help:help-id value="HID_MN_READONLY_COPYGRAPHIC"/>Grafik kopieren</text:p>
  <text:p text:style-name="Paragraph"><help:help-text value="visible">Kopiert eine ausgewählte Grafik in die Zwischenablage.</help:help-text></text:p>
  <text:p text:style-name="Head 2"><help:help-id value="HID_MN_READONLY_LOADGRAPHIC"/>Grafik laden</text:p>
  <text:p text:style-name="Paragraph"><help:help-text value="visible">Bei deaktivierter Grafikanzeige wählen Sie den Befehl <text:span text:style-name="T1">Grafik laden</text:span>, um sie sichtbar zu machen.</help:help-text></text:p>
  <text:p text:style-name="Head 2"><help:help-id value="HID_MN_READONLY_GRAPHICOFF"/>Grafiken ausschalten</text:p>
  <text:p text:style-name="Paragraph"><help:help-text value="visible">Alle im Dokument enthaltenen Grafiken werden auf &quot;nicht sichtbar&quot; gesetzt.</help:help-text> Dies hat einen schnelleren Bildschirmaufbau zur Folge.</text:p>
  <text:p text:style-name="Head 2"><help:help-id value="HID_MN_READONLY_PLUGINOFF"/><help:switch select="System"><help:case select ="WIN">PlugIns ausschalten</help:case></help:switch></text:p>
  <text:p text:style-name="Paragraph"><help:help-text value="visible">Deaktiviert eingefügte PlugIns.</help:help-text> Klicken Sie erneut auf diesen Befehl, um die <help:popup Id="65629" Eid="plugin">PlugIns</help:popup> wieder zu aktivieren.</text:p>
  <text:p text:style-name="Head 2"><help:help-id value="HID_MN_READONLY_SAVEBACKGROUND"/>Hintergrund speichern...</text:p>
  <text:p text:style-name="Paragraph"><help:help-text value="visible">Dient zum Speichern des Hintergrunds einer Webseite.</help:help-text></text:p>
 </office:body>
</office:document>
