

<office:document  xmlns:office="http://openoffice.org/2000/office" xmlns:style="http://openoffice.org/2000/style" xmlns:text="http://openoffice.org/2000/text" xmlns:table="http://openoffice.org/2000/table" xmlns:draw="http://openoffice.org/2000/drawing" xmlns:fo="http://www.w3.org/1999/XSL/Format" xmlns:xlink="http://www.w3.org/1999/xlink" xmlns:number="http://openoffice.org/2000/datastyle" xmlns:svg="http://www.w3.org/2000/svg" xmlns:chart="http://openoffice.org/2000/chart" xmlns:dr3d="http://openoffice.org/2000/dr3d" xmlns:math="http://www.w3.org/1998/Math/MathML" xmlns:form="http://openoffice.org/2000/form" xmlns:script="http://openoffice.org/2000/script" office:class="text" office:version="1.0" xmlns:dc="http://purl.org/dc/elements/1.1/" xmlns:meta="http://openoffice.org/2000/meta" xmlns:help="http://openoffice.org/2000/help">
<office:meta>
  <dc:description>text/common/04/01010000</dc:description>
  <dc:subject>%PRODUCTNAME 中的常规快捷键</dc:subject>
  <meta:keywords>
   <meta:keyword>$Version</meta:keyword>
  </meta:keywords>
  <dc:language>zh-CN</dc:language>
  <meta:user-defined meta:name="Info 0">READY</meta:user-defined>
  <meta:user-defined meta:name="Info 1">FREE_OK</meta:user-defined>
  <meta:user-defined meta:name="Info 2"/>
  <meta:user-defined meta:name="Info 3"/>
</office:meta>
 <office:script/>
 <office:font-decls>
  <style:font-decl style:name="StarSymbol" fo:font-family="StarSymbol" style:font-charset="x-symbol"/>
  <style:font-decl style:name="Courier New" fo:font-family="&apos;Courier New&apos;" style:font-style-name="Standard" style:font-family-generic="modern" style:font-pitch="fixed"/>
  <style:font-decl style:name="Courier" fo:font-family="Courier" style:font-family-generic="roman" style:font-pitch="fixed"/>
  <style:font-decl style:name="Andale WT UI4" fo:font-family="&apos;Andale WT UI&apos;" style:font-pitch="variable"/>
  <style:font-decl style:name="Arial Unicode MS" fo:font-family="&apos;Arial Unicode MS&apos;" style:font-pitch="variable"/>
  <style:font-decl style:name="HG Mincho Light J" fo:font-family="&apos;HG Mincho Light J&apos;" style:font-pitch="variable"/>
  <style:font-decl style:name="Andale WT UI" fo:font-family="&apos;Andale WT UI&apos;" style:font-family-generic="roman" style:font-pitch="variable"/>
  <style:font-decl style:name="Andale WT UI1" fo:font-family="&apos;Andale WT UI&apos;" style:font-style-name="Fett" style:font-family-generic="roman" style:font-pitch="variable"/>
  <style:font-decl style:name="Andale WT UI2" fo:font-family="&apos;Andale WT UI&apos;" style:font-style-name="Standard" style:font-family-generic="roman" style:font-pitch="variable"/>
  <style:font-decl style:name="Thorndale" fo:font-family="Thorndale" style:font-family-generic="roman" style:font-pitch="variable"/>
  <style:font-decl style:name="Times New Roman" fo:font-family="&apos;Times New Roman&apos;" style:font-style-name="Fett" style:font-family-generic="roman" style:font-pitch="variable"/>
  <style:font-decl style:name="Andale WT UI3" fo:font-family="&apos;Andale WT UI&apos;" style:font-family-generic="swiss" style:font-pitch="variable"/>
 </office:font-decls>
 <office:automatic-styles>
  <style:style style:name="P1" style:family="paragraph" style:parent-style-name="Paragraph" style:master-page-name="HTML">
   <style:properties style:page-number="0"/>
  </style:style>
  <style:style style:name="P2" style:family="paragraph" style:parent-style-name="Paragraph" style:list-style-name="L1"/>
  <style:style style:name="P3" style:family="paragraph" style:parent-style-name="Paragraph" style:list-style-name="L2"/>
  <style:style style:name="P4" style:family="paragraph" style:parent-style-name="Paragraph">
   <style:properties fo:font-weight="bold"/>
  </style:style>
  <style:style style:name="T1" style:family="text">
   <style:properties fo:font-weight="bold"/>
  </style:style>
  <text:list-style style:name="L1">
   <text:list-level-style-bullet text:level="1" text:style-name="Bullet Symbols" style:num-suffix="." text:bullet-char="•">
    <style:properties text:min-label-width="0.499cm" style:font-name="StarSymbol"/>
   </text:list-level-style-bullet>
   <text:list-level-style-bullet text:level="2" text:style-name="Bullet Symbols" style:num-suffix="." text:bullet-char="•">
    <style:properties text:space-before="0.499cm" text:min-label-width="0.499cm" style:font-name="StarSymbol"/>
   </text:list-level-style-bullet>
   <text:list-level-style-bullet text:level="3" text:style-name="Bullet Symbols" style:num-suffix="." text:bullet-char="•">
    <style:properties text:space-before="0.999cm" text:min-label-width="0.499cm" style:font-name="StarSymbol"/>
   </text:list-level-style-bullet>
   <text:list-level-style-bullet text:level="4" text:style-name="Bullet Symbols" style:num-suffix="." text:bullet-char="•">
    <style:properties text:space-before="1.498cm" text:min-label-width="0.499cm" style:font-name="StarSymbol"/>
   </text:list-level-style-bullet>
   <text:list-level-style-bullet text:level="5" text:style-name="Bullet Symbols" style:num-suffix="." text:bullet-char="•">
    <style:properties text:space-before="1.997cm" text:min-label-width="0.499cm" style:font-name="StarSymbol"/>
   </text:list-level-style-bullet>
   <text:list-level-style-number text:level="6" style:num-suffix="." style:num-format="1">
    <style:properties text:space-before="2.501cm" text:min-label-width="0.499cm"/>
   </text:list-level-style-number>
   <text:list-level-style-number text:level="7" style:num-suffix="." style:num-format="1">
    <style:properties text:space-before="3.001cm" text:min-label-width="0.499cm"/>
   </text:list-level-style-number>
   <text:list-level-style-number text:level="8" style:num-suffix="." style:num-format="1">
    <style:properties text:space-before="3.502cm" text:min-label-width="0.499cm"/>
   </text:list-level-style-number>
   <text:list-level-style-number text:level="9" style:num-suffix="." style:num-format="1">
    <style:properties text:space-before="4.001cm" text:min-label-width="0.499cm"/>
   </text:list-level-style-number>
   <text:list-level-style-number text:level="10" style:num-suffix="." style:num-format="1">
    <style:properties text:space-before="4.502cm" text:min-label-width="0.499cm"/>
   </text:list-level-style-number>
  </text:list-style>
  <text:list-style style:name="L2">
   <text:list-level-style-bullet text:level="1" text:style-name="Bullet Symbols" style:num-suffix="." text:bullet-char="•">
    <style:properties text:min-label-width="0.499cm" style:font-name="StarSymbol"/>
   </text:list-level-style-bullet>
   <text:list-level-style-bullet text:level="2" text:style-name="Bullet Symbols" style:num-suffix="." text:bullet-char="•">
    <style:properties text:space-before="0.499cm" text:min-label-width="0.499cm" style:font-name="StarSymbol"/>
   </text:list-level-style-bullet>
   <text:list-level-style-bullet text:level="3" text:style-name="Bullet Symbols" style:num-suffix="." text:bullet-char="•">
    <style:properties text:space-before="0.999cm" text:min-label-width="0.499cm" style:font-name="StarSymbol"/>
   </text:list-level-style-bullet>
   <text:list-level-style-bullet text:level="4" text:style-name="Bullet Symbols" style:num-suffix="." text:bullet-char="•">
    <style:properties text:space-before="1.498cm" text:min-label-width="0.499cm" style:font-name="StarSymbol"/>
   </text:list-level-style-bullet>
   <text:list-level-style-bullet text:level="5" text:style-name="Bullet Symbols" style:num-suffix="." text:bullet-char="•">
    <style:properties text:space-before="1.997cm" text:min-label-width="0.499cm" style:font-name="StarSymbol"/>
   </text:list-level-style-bullet>
   <text:list-level-style-bullet text:level="6" text:style-name="Bullet Symbols" style:num-suffix="." text:bullet-char="•">
    <style:properties text:space-before="2.496cm" text:min-label-width="0.499cm" style:font-name="StarSymbol"/>
   </text:list-level-style-bullet>
   <text:list-level-style-bullet text:level="7" text:style-name="Bullet Symbols" style:num-suffix="." text:bullet-char="•">
    <style:properties text:space-before="2.995cm" text:min-label-width="0.499cm" style:font-name="StarSymbol"/>
   </text:list-level-style-bullet>
   <text:list-level-style-bullet text:level="8" text:style-name="Bullet Symbols" style:num-suffix="." text:bullet-char="•">
    <style:properties text:space-before="3.494cm" text:min-label-width="0.499cm" style:font-name="StarSymbol"/>
   </text:list-level-style-bullet>
   <text:list-level-style-bullet text:level="9" text:style-name="Bullet Symbols" style:num-suffix="." text:bullet-char="•">
    <style:properties text:space-before="3.994cm" text:min-label-width="0.499cm" style:font-name="StarSymbol"/>
   </text:list-level-style-bullet>
   <text:list-level-style-bullet text:level="10" text:style-name="Bullet Symbols" style:num-suffix="." text:bullet-char="•">
    <style:properties text:space-before="4.493cm" text:min-label-width="0.499cm" style:font-name="StarSymbol"/>
   </text:list-level-style-bullet>
  </text:list-style>
 </office:automatic-styles>
 <office:body>
  <text:variable-decls>
   <text:variable-decl text:value-type="string" text:name="HTML_ON"/>
   <text:variable-decl text:value-type="string" text:name="HTML_OFF"/>
   <text:variable-decl text:value-type="string" text:name="TITEL"/>
   <text:variable-decl text:value-type="string" text:name="END"/>
   <text:variable-decl text:value-type="string" text:name="HREF"/>
   <text:variable-decl text:value-type="string" text:name="MAC"/>
   <text:variable-decl text:value-type="string" text:name="OS2"/>
   <text:variable-decl text:value-type="string" text:name="ELSE"/>
   <text:variable-decl text:value-type="string" text:name="NAME"/>
   <text:variable-decl text:value-type="string" text:name="HFELD"/>
   <text:variable-decl text:value-type="string" text:name="MODIFY"/>
   <text:variable-decl text:value-type="string" text:name="REFNR"/>
   <text:variable-decl text:value-type="string" text:name="KEY"/>
   <text:variable-decl text:value-type="string" text:name="INDEX"/>
   <text:variable-decl text:value-type="string" text:name="WIN"/>
   <text:variable-decl text:value-type="string" text:name="UNIX"/>
   <text:variable-decl text:value-type="string" text:name="AKTHLP"/>
   <text:variable-decl text:value-type="string" text:name="STYLE"/>
  </text:variable-decls>
  <text:sequence-decls>
   <text:sequence-decl text:display-outline-level="0" text:name="Illustration"/>
   <text:sequence-decl text:display-outline-level="0" text:name="Table"/>
   <text:sequence-decl text:display-outline-level="0" text:name="Text"/>
   <text:sequence-decl text:display-outline-level="0" text:name="Drawing"/>
  </text:sequence-decls>
  <help:to-be-embedded Eid="allgemeine">
  <text:p text:style-name="Head 1"><help:key-word value="键盘; 常规命令" tag="kw66043_1"/><help:key-word value="快捷键; 常规" tag="kw66043_5"/><help:to-be-embedded Eid="common_keys"><help:link Id="66043"><help:productname>%PRODUCTNAME</help:productname> 中的常规快捷键</help:link></help:to-be-embedded></text:p>
  </help:to-be-embedded>
  <text:p text:style-name="Head 2">通过组合键直接执行命令</text:p>
  <text:p text:style-name="Paragraph">您的应用程序的大多数功能可通过组合键来启动。例如，除了条目<text:span text:style-name="T1">打开</text:span>外，在菜单<text:span text:style-name="T1">文件</text:span>中还给出了组合键<help:switch select="System"><help:case select ="MAC">命令+O</help:case><help:default>Ctrl+O</help:default></help:switch>用于打开。如果您想通过组合键启动这项功能，那么按下并按住<help:switch select="System"><help:case select ="MAC">(命令)</help:case><help:default>(Ctrl)</help:default></help:switch>，接着再按击按键(O)。然后再松开这两个键。</text:p>
  <text:p text:style-name="Paragraph">为了操作您的应用程序，可以在鼠标和键盘中选择来用于几乎全部的操作。</text:p>
  <text:p text:style-name="Head 2"><help:switch select="System"><help:case select ="MAC"></help:case><help:default>通过组合键直接启动菜单</help:default></help:switch></text:p>
  <text:p text:style-name="Paragraph"><help:switch select="System"><help:case select ="MAC"></help:case><help:default>在菜单栏中许多字符都带有下划线。您可以直接启动这些菜单，方法是按击(Alt)键的同时按击这个带下划线的字符。在已扩展的菜单中也有带下划线的字符。仅仅按击带下划线的字符，即可启动这些菜单项。</help:default></help:switch></text:p>
  <text:p text:style-name="Head 2">通过组合键进行对话框控制</text:p>
  <text:p text:style-name="Paragraph">在对话框中总是有一个元素突出显示出来 - 大多数带有一个虚线边框。这个元素可能是一个按钮、一个选项字段、列表框内的一条条目或一个复选框，我们说它有一个焦点。如果已聚焦的元素是一个按钮，那么按击回车键即可执行它，就象您点击了该按钮一样。一个复选框可通过按击空档键进行切换。如果一个选项字段有一个焦点，则可用光标键在区域内切换所选的选项字段。用(Tab)键可从一个元素或区域继续转换到下一个元素或区域；用(Shift)+(Tab)可向相反方向转换。</text:p>
  <text:p text:style-name="Paragraph">按击(Esc)，可无更改地关闭这个对话框。<help:switch select="System"><help:case select ="MAC"></help:case><help:default>如果把焦点放到一个按钮上，那么在那里不仅会显示虚线边框的矩形，而且大多数情况下这样标记的按钮还会有一个与其他的按钮相比较厚重明显些的阴影。这个较明显的阴影有如下含义：如果按击回车键结束这个对话框，那么这个按击的含义与按击目前有较明显阴影的按钮相同。</help:default></help:switch></text:p>
  <text:p text:style-name="Head 2">键与鼠标操作结合使用</text:p>
  <text:p text:style-name="Paragraph">在使用拖放，通过鼠标进行选择，或单击对象和名称时，可以使用 Shift、<help:switch select="System"><help:case select ="MAC">Command</help:case><help:default>Ctrl</help:default></help:switch> 和 <help:switch select="System"><help:case select ="MAC">Option</help:case><help:default>Alt</help:default></help:switch> (偶尔使用) 等键来访问附加功能。在拖放时按住这些键是否可以提供更改功能由鼠标指针的形状变化来指示。在选择文件或其他对象时，修改键可以扩展选择。这些功能将在适当的位置加以说明。 <help:switch select="System"><help:case select ="UNIX"><help:embedded Id="65604" Eid="winmanager"></help:embedded></help:case></help:switch></text:p>
  <help:to-be-embedded Eid="texteingabe">
  <text:p text:style-name="Head 2"><help:key-word value="文字输入字段; 输入" tag="kw66043_4"/>便捷的文字输入字段</text:p>
  <text:unordered-list text:style-name="L1">
   <text:list-item>
    <text:p text:style-name="P2">可以启动一个带有您常用的一些命令的上下文菜单。</text:p>
   </text:list-item>
   <text:list-item>
    <text:p text:style-name="P2">使用组合键(Shift)<help:switch select="System"><help:case select ="MAC">(命令)</help:case><help:default>(Ctrl)</help:default></help:switch>(S)可启动对话框<text:span text:style-name="T1">特殊字符</text:span>，这样即可插入一个或多个特殊字符。</text:p>
   </text:list-item>
   <text:list-item>
    <text:p text:style-name="P2">用<help:switch select="System"><help:case select ="MAC">(命令)</help:case><help:default>(Ctrl)</help:default></help:switch>(A)选择整个文本内容。用键(右光标键)或(左光标键)取消这个选择。</text:p>
   </text:list-item>
   <text:list-item>
    <text:p text:style-name="P2">双击一个字可将其选中。</text:p>
   </text:list-item>
   <text:list-item>
    <text:p text:style-name="P2">三次点击可选中整个内容。</text:p>
   </text:list-item>
   <text:list-item>
    <text:p text:style-name="P2">使用<help:switch select="System"><help:case select ="MAC">(命令)</help:case><help:default>(Ctrl)</help:default></help:switch>(Delete)可删除光标所在位置至当前字结束位置之间的内容。</text:p>
   </text:list-item>
   <text:list-item>
    <text:p text:style-name="P2">用<help:switch select="System"><help:case select ="MAC">(命令)</help:case><help:default>(Ctrl)</help:default></help:switch>和(右光标键)或(左光标键)光标逐字跳跃；如果同时按住Shift键可逐字选择。</text:p>
   </text:list-item>
   <text:list-item>
    <text:p text:style-name="P2">使用(Insert)键可在插入模式和改写模式之间来回转换。</text:p>
   </text:list-item>
   <text:list-item>
    <text:p text:style-name="P2">拖放功能在文字框的内部和外部都可以使用。</text:p>
   </text:list-item>
   <text:list-item>
    <text:p text:style-name="P2">用<help:switch select="System"><help:case select ="MAC">(命令)</help:case><help:default>(Ctrl)</help:default></help:switch>(Z)可一步一步地撤消更改命令；文本于是可重新恢复到首次更改前的内容。</text:p>
   </text:list-item>
  </text:unordered-list>
  <help:to-be-embedded Eid="autocompurl"><a name="autocompurl"/>
  <text:unordered-list text:style-name="L2">
   <text:list-item>
    <text:p text:style-name="P3"><help:key-word value="自动补充完整; 文字输入" tag="kw66043_3"/><help:productname>%PRODUCTNAME</help:productname> 提供了非常有用的自动补充完整功能，该功能在某些文字框和列单框中可以自行启动。例如，在 URL 字段中输入“c:\a”后，自动补充完整功能会显示从 C: 驱动器上找到的第一个以字母“a”开头的文件或目录。</text:p>
   </text:list-item>
   <text:list-item>
    <text:p text:style-name="P3">现在您可以用(下光标键)转换到全部其它文件和目录处。用(右光标键)把URL栏位中的显示扩展为可能存在的下一级子目录。只要输入了URL的一部分，那么按击(Ende)键即可快速实现AutoComplete(自动补充完整)。只要找到了您要执行的程序或要打开的文档，就可以按击回车键确认。如果您要转换到一个所需要的选定目录中，请按击回车键。</text:p>
   </text:list-item>
  </text:unordered-list>
  </help:to-be-embedded>
  </help:to-be-embedded>
  <text:p text:style-name="Head 2"><help:key-word value="宏; 暂停" tag="kw66043_2"/>取消执行宏</text:p>
  <text:p text:style-name="Paragraph">如果要终止当前正在执行的宏，请按 Shift+<help:switch select="System"><help:case select ="MAC">Command</help:case><help:default>Ctrl</help:default></help:switch>+Q 键。</text:p>
  <text:p text:style-name="Head 2"><help:productname>%PRODUCTNAME</help:productname>中的常规组合键列单</text:p>
  <text:p text:style-name="Paragraph">快捷键显示在菜单列单的右侧、对应的菜单命令旁边。<help:switch select="System"><help:case select ="MAC">(上述用于控制对话框的按键，有些在 Macintosh 上不可用。)</help:case></help:switch></text:p>
  <help:to-be-embedded Eid="commonheader">
  <text:p text:style-name="Head 3">组合键</text:p>
  <text:p text:style-name="P4">效果</text:p>
  </help:to-be-embedded><help:to-be-embedded Eid="cr">
  <text:p text:style-name="Head 3">Enter键</text:p>
  <text:p text:style-name="Paragraph">操作对话框中已聚焦的按钮</text:p>
  </help:to-be-embedded><help:to-be-embedded Eid="esc">
  <text:p text:style-name="Head 3">(Esc)</text:p>
  <text:p text:style-name="Paragraph">取消操作或对话框。在<help:productname>%PRODUCTNAME</help:productname>帮助中：跳回一级。光标位于功能栏中的栏位<text:span text:style-name="T1">URL</text:span>内：光标返回到文档内。如果URL已经标记，则您必须连续地按击这个键两次。</text:p>
  </help:to-be-embedded><help:to-be-embedded Eid="space">
  <text:p text:style-name="Head 3">空档键</text:p>
  <text:p text:style-name="Paragraph">在一个对话框内切换已聚焦的复选框</text:p>
  </help:to-be-embedded><help:to-be-embedded Eid="cu">
  <text:p text:style-name="Head 3">光标键</text:p>
  <text:p text:style-name="Paragraph">在对话框的选项区域内转换使用中的控制字段</text:p>
  </help:to-be-embedded><help:to-be-embedded Eid="tab">
  <text:p text:style-name="Head 3">(Tab)</text:p>
  <text:p text:style-name="Paragraph">在一个对话框内把焦点继续切换到下一区域或元素。</text:p>
  </help:to-be-embedded><help:to-be-embedded Eid="umtab">
  <text:p text:style-name="Head 3">(Shift)+(Tab)</text:p>
  <text:p text:style-name="Paragraph">在一个对话框内把焦点切换回到前一区域或元素</text:p>
  </help:to-be-embedded><help:to-be-embedded Eid="altcudwn">
  <text:p text:style-name="Head 3"><help:switch select="System"><help:case select ="MAC">(选项)</help:case><help:default>(Alt)</help:default></help:switch>(下光标键)</text:p>
  <text:p text:style-name="Paragraph">在一个对话框内打开当前所选控制字段的列单。这个组合键既适用于组合框、也适用于带弹出式菜单的图标按钮。用(Esc)键可重新关闭已打开的列单。</text:p>
  </help:to-be-embedded><help:to-be-embedded Eid="entf">
  <text:p text:style-name="Head 3">(Delete)</text:p>
  <text:p text:style-name="Paragraph">将所选的一个或多个对象删除到回收站</text:p>
  </help:to-be-embedded><help:to-be-embedded Eid="umentf">
  <text:p text:style-name="Head 3">(Shift)(Delete)</text:p>
  <text:p text:style-name="Paragraph">在避开回收站的情况下将所选的一个或多个对象删除</text:p>
  </help:to-be-embedded><help:to-be-embedded Eid="back">
  <text:p text:style-name="Head 3">Backspace(在回车键上方)</text:p>
  <text:p text:style-name="Paragraph">在一个文件夹的视图中：向上升一级(返回)</text:p>
  </help:to-be-embedded><help:to-be-embedded Eid="strgtab">
  <text:p text:style-name="Head 3"><help:switch select="System"><help:case select ="MAC">(命令)</help:case><help:default>(Ctrl)</help:default></help:switch>(Tab)</text:p>
  <text:p text:style-name="Paragraph">切换到下一个打开的文档 (如果指针位于页眉的起始处，则插入一个制表符)</text:p>
  </help:to-be-embedded><help:to-be-embedded Eid="umstrgtab">
  <text:p text:style-name="Head 3">(Shift)<help:switch select="System"><help:case select ="MAC">(命令)</help:case><help:default>(Ctrl)</help:default></help:switch>(Tab)</text:p>
  <text:p text:style-name="Paragraph">转到上一个打开的文档。</text:p>
  </help:to-be-embedded><help:to-be-embedded Eid="oleeingabe">
  <text:p text:style-name="Head 3">Enter (如果选择了 OLE 对象)</text:p>
  <text:p text:style-name="Paragraph">启动选定的 OLE 对象。</text:p>
  </help:to-be-embedded><help:to-be-embedded Eid="objekteingabe">
  <text:p text:style-name="Head 3">Enter (如果选择了绘图对象或文字对象)</text:p>
  <text:p text:style-name="Paragraph">启动文字输入模式</text:p>
  </help:to-be-embedded><help:to-be-embedded Eid="strgo">
  <text:p text:style-name="Head 3"><help:switch select="System"><help:case select ="MAC">(命令)</help:case><help:default>(Ctrl)</help:default></help:switch>(O)</text:p>
  <text:p text:style-name="Paragraph">打开一个文档</text:p>
  </help:to-be-embedded><help:to-be-embedded Eid="strgs">
  <text:p text:style-name="Head 3"><help:switch select="System"><help:case select ="MAC">(命令)</help:case><help:default>(Ctrl)</help:default></help:switch>(S)</text:p>
  <text:p text:style-name="Paragraph">存盘当前的文档</text:p>
  </help:to-be-embedded><help:to-be-embedded Eid="strgn">
  <text:p text:style-name="Head 3"><help:switch select="System"><help:case select ="MAC">(命令)</help:case><help:default>(Ctrl)</help:default></help:switch>(N)</text:p>
  <text:p text:style-name="Paragraph">建立新建文档</text:p>
  </help:to-be-embedded><help:to-be-embedded Eid="umstrgn">
  <text:p text:style-name="Head 3">(Shift)<help:switch select="System"><help:case select ="MAC">(命令)</help:case><help:default>(Ctrl)</help:default></help:switch>(N)</text:p>
  <text:p text:style-name="Paragraph">启动对话框<text:span text:style-name="T1">样式和文档</text:span></text:p>
  </help:to-be-embedded><help:to-be-embedded Eid="strgp">
  <text:p text:style-name="Head 3"><help:switch select="System"><help:case select ="MAC">(命令)</help:case><help:default>(Ctrl)</help:default></help:switch>(P)</text:p>
  <text:p text:style-name="Paragraph">打印文档</text:p>
  </help:to-be-embedded><help:to-be-embedded Eid="strgq">
  <text:p text:style-name="Head 3"><help:switch select="System"><help:case select ="MAC">(命令)</help:case><help:default>(Ctrl)</help:default></help:switch>(Q)</text:p>
  <text:p text:style-name="Paragraph">结束应用程序</text:p>
  </help:to-be-embedded><help:to-be-embedded Eid="strgx">
  <text:p text:style-name="Head 3"><help:switch select="System"><help:case select ="MAC">(命令)</help:case><help:default>(Ctrl)</help:default></help:switch>(X)</text:p>
  <text:p text:style-name="Paragraph">剪切所选单元</text:p>
  </help:to-be-embedded><help:to-be-embedded Eid="strgc">
  <text:p text:style-name="Head 3"><help:switch select="System"><help:case select ="MAC">(命令)</help:case><help:default>(Ctrl)</help:default></help:switch>(C)</text:p>
  <text:p text:style-name="Paragraph">复制所选单元</text:p>
  </help:to-be-embedded><help:to-be-embedded Eid="strgv">
  <text:p text:style-name="Head 3"><help:switch select="System"><help:case select ="MAC">(命令)</help:case><help:default>(Ctrl)</help:default></help:switch>(V)</text:p>
  <text:p text:style-name="Paragraph">从剪贴板插入</text:p>
  </help:to-be-embedded><help:to-be-embedded Eid="strga">
  <text:p text:style-name="Head 3"><help:switch select="System"><help:case select ="MAC">(命令)</help:case><help:default>(Ctrl)</help:default></help:switch>(A)</text:p>
  <text:p text:style-name="Paragraph">全部选中</text:p>
  </help:to-be-embedded><help:to-be-embedded Eid="strgz">
  <text:p text:style-name="Head 3"><help:switch select="System"><help:case select ="MAC">(命令)</help:case><help:default>(Ctrl)</help:default></help:switch>(Z)</text:p>
  <text:p text:style-name="Paragraph">撤消命令</text:p>
  <text:p text:style-name="Head 3"><help:switch select="System"><help:case select ="MAC">Command</help:case><help:default>Ctrl</help:default></help:switch>+Y</text:p>
  <text:p text:style-name="Paragraph">恢复撤消上一个操作</text:p>
  </help:to-be-embedded><help:to-be-embedded Eid="strgg">
  <text:p text:style-name="Head 3"><help:switch select="System"><help:case select ="MAC">(命令)</help:case><help:default>(Ctrl)</help:default></help:switch>(G)</text:p>
  <text:p text:style-name="Paragraph">调用对话框<text:span text:style-name="T1">搜寻和替换</text:span>。</text:p>
  </help:to-be-embedded><help:to-be-embedded Eid="strgumg">
  <text:p text:style-name="Head 3"><help:switch select="System"><help:case select ="MAC">(命令)</help:case><help:default>(Ctrl)</help:default></help:switch>(Shift)(G)</text:p>
  <text:p text:style-name="Paragraph">搜寻上一次输入的搜寻项。</text:p>
  </help:to-be-embedded><help:to-be-embedded Eid="strgumj">
  <text:p text:style-name="Head 3"><help:switch select="System"><help:case select ="MAC"></help:case><help:default>(Ctrl)(Shift)+(J)</help:default></help:switch></text:p>
  <text:p text:style-name="Paragraph"><help:switch select="System"><help:case select ="MAC"></help:case><help:default>在全屏幕视图/普通视图之间切换</help:default></help:switch>。</text:p>
  </help:to-be-embedded><help:to-be-embedded Eid="strgumr">
  <text:p text:style-name="Head 3"><help:switch select="System"><help:case select ="MAC">(命令)</help:case><help:default>(Ctrl)</help:default></help:switch>(Shift)(R)</text:p>
  <text:p text:style-name="Paragraph">更新文档视图。</text:p>
  </help:to-be-embedded><help:to-be-embedded Eid="strgumi">
  <text:p text:style-name="Head 3">Shift+<help:switch select="System"><help:case select ="MAC">Command</help:case><help:default>Ctrl</help:default></help:switch>+I</text:p>
  <text:p text:style-name="Paragraph">在只读文字或帮助查看器中启用或禁止选择光标。</text:p>
  </help:to-be-embedded><help:to-be-embedded Eid="strgk">
  <text:p text:style-name="Head 3"><help:switch select="System"><help:case select ="MAC">(命令)</help:case><help:default>(Ctrl)</help:default></help:switch>(K)</text:p>
  <text:p text:style-name="Paragraph">所选择的区域具有<text:span text:style-name="T1">斜体</text:span>属性。如果把光标放到一个字上，则这个字同样也用斜体显示。</text:p>
  </help:to-be-embedded><help:to-be-embedded Eid="strgf">
  <text:p text:style-name="Head 3"><help:switch select="System"><help:case select ="MAC">(命令)</help:case><help:default>(Ctrl)</help:default></help:switch>(F)</text:p>
  <text:p text:style-name="Paragraph">所选择的区域具有<text:span text:style-name="T1">粗体</text:span>属性。如果把光标放到一个字上，则这个字同样也用粗体显示。</text:p>
  </help:to-be-embedded><help:to-be-embedded Eid="strgu">
  <text:p text:style-name="Head 3"><help:switch select="System"><help:case select ="MAC">(命令)</help:case><help:default>(Ctrl)</help:default></help:switch>+(U)</text:p>
  <text:p text:style-name="Paragraph">所选择的区域具有<text:span text:style-name="T1">下划线</text:span>属性。如果把光标放到一个字上，则这个字同样也用带下划线显示。</text:p>
  </help:to-be-embedded><help:to-be-embedded Eid="strgumo">
  <text:p text:style-name="Head 3"><help:switch select="System"><help:case select ="MAC">(命令)</help:case><help:default>(Ctrl)</help:default></help:switch>(Shift)(O)</text:p>
  <text:p text:style-name="Paragraph">将光标设置在功能栏的栏位<text:span text:style-name="T1">装入 URL</text:span>中。</text:p>
  </help:to-be-embedded><help:to-be-embedded Eid="alto">
  <text:p text:style-name="Head 3"><help:switch select="System"><help:case select ="MAC">(选项)</help:case><help:default>(Alt)</help:default></help:switch>+(O)</text:p>
  <text:p text:style-name="Paragraph">在 <text:span text:style-name="T1">[拼写检查]</text:span> 对话框中，原来标记为不可识别/错误的字词 (“原来的”) 将被传送到输入框 (“字”) 中。</text:p>
  </help:to-be-embedded>
  <text:p text:style-name="Paragraph"><help:switch select="System"><help:case select ="MAC">其它指定的功能组合键不可全部用于Mac。</help:case></help:switch></text:p>
  <text:p text:style-name="Head 2">与功能键的组合键</text:p>
  <text:p text:style-name="Head 3">组合键</text:p>
  <text:p text:style-name="P4">效果</text:p>
  <help:to-be-embedded Eid="f1">
  <text:p text:style-name="Head 3"><help:switch select="System"><help:case select ="MAC"></help:case><help:default>(F1)</help:default></help:switch></text:p>
  <text:p text:style-name="Paragraph"><help:switch select="System"><help:case select ="MAC"></help:case><help:default>调用<help:productname>%PRODUCTNAME</help:productname>帮助</help:default></help:switch></text:p>
  <text:p text:style-name="Paragraph">在<help:productname>%PRODUCTNAME</help:productname>帮助中：跳转到摘要页面。</text:p>
  </help:to-be-embedded><help:to-be-embedded Eid="umf1">
  <text:p text:style-name="Head 3"><help:switch select="System"><help:case select ="MAC"></help:case><help:default>(Shift)(F1)</help:default></help:switch></text:p>
  <text:p text:style-name="Paragraph"><help:switch select="System"><help:case select ="MAC"></help:case><help:default>上下文帮助</help:default></help:switch></text:p>
  </help:to-be-embedded><help:to-be-embedded Eid="umf2">
  <text:p text:style-name="Head 3">Shift+F2</text:p>
  <text:p text:style-name="Paragraph">打开当前选定的命令、图标或控制的说明文。</text:p>
  </help:to-be-embedded><help:to-be-embedded Eid="strgf4">
  <text:p text:style-name="Head 3"><help:switch select="System"><help:case select ="MAC">Command</help:case><help:default>Ctrl</help:default></help:switch>+F4 或 <help:switch select="System"><help:case select ="MAC">Option</help:case><help:default>Alt</help:default></help:switch>+F4</text:p>
  <text:p text:style-name="Paragraph">关闭当前的文档(关闭最后一个打开的文档时<help:productname>%PRODUCTNAME</help:productname>也一起关闭。)</text:p>
  </help:to-be-embedded><help:to-be-embedded Eid="f6">
  <text:p text:style-name="Head 3">(F6)</text:p>
  <text:p text:style-name="Paragraph">将焦点设定到下一个窗口(例如文档/数据源视图)</text:p>
  </help:to-be-embedded><help:to-be-embedded Eid="umf6">
  <text:p text:style-name="Head 3">(Shift)(F6)</text:p>
  <text:p text:style-name="Paragraph">焦点对准前一个窗口</text:p>
  </help:to-be-embedded><help:to-be-embedded Eid="f10">
  <text:p text:style-name="Head 3">F10</text:p>
  <text:p text:style-name="Paragraph">启动第一个菜单 ([文件] 菜单)</text:p>
  </help:to-be-embedded><help:to-be-embedded Eid="umf10">
  <text:p text:style-name="Head 3">(Shift)(F10)</text:p>
  <text:p text:style-name="Paragraph">调用上下文菜单</text:p>
  </help:to-be-embedded>
  <text:p text:style-name="Head 3">Ctrl+F11</text:p>
  <text:p text:style-name="Paragraph">打开 [样式目录]</text:p>
  <a name="keygall"/>
  <text:p text:style-name="Head 2">画廊中的快捷键</text:p>
  <text:p text:style-name="Head 3">快捷键</text:p>
  <text:p text:style-name="Paragraph">结果</text:p>
  <help:to-be-embedded Eid="galltab">
  <text:p text:style-name="Head 3">Tab</text:p>
  <text:p text:style-name="Paragraph">在区域之间移动</text:p>
  </help:to-be-embedded><help:to-be-embedded Eid="gallumtab">
  <text:p text:style-name="Head 3">Shift+Tab</text:p>
  <text:p text:style-name="Paragraph">在区域之间移动 (向后)</text:p>
  </help:to-be-embedded>
  <text:p text:style-name="Head 3">画廊的“新建主题”区域中的快捷键：</text:p>
  <help:to-be-embedded Eid="gallcuup">
  <text:p text:style-name="Head 3">向上键</text:p>
  <text:p text:style-name="Paragraph">将选定对象上移</text:p>
  </help:to-be-embedded><help:to-be-embedded Eid="gallcudwn">
  <text:p text:style-name="Head 3">向下键</text:p>
  <text:p text:style-name="Paragraph">将选定对象下移</text:p>
  </help:to-be-embedded><help:to-be-embedded Eid="gallstrgcr">
  <text:p text:style-name="Head 3"><help:switch select="System"><help:case select ="MAC">Command</help:case><help:default>Ctrl</help:default></help:switch>+Enter</text:p>
  <text:p text:style-name="Paragraph">打开 [属性] 对话框</text:p>
  </help:to-be-embedded><help:to-be-embedded Eid="gallumf10">
  <text:p text:style-name="Head 3">Shift+F10</text:p>
  <text:p text:style-name="Paragraph">打开上下文菜单</text:p>
  </help:to-be-embedded><help:to-be-embedded Eid="gallstrgu">
  <text:p text:style-name="Head 3"><help:switch select="System"><help:case select ="MAC">Command</help:case><help:default>Ctrl</help:default></help:switch>+U</text:p>
  <text:p text:style-name="Paragraph">更新选定的主题</text:p>
  </help:to-be-embedded><help:to-be-embedded Eid="gallstrgr">
  <text:p text:style-name="Head 3"><help:switch select="System"><help:case select ="MAC">Command</help:case><help:default>Ctrl</help:default></help:switch>+R</text:p>
  <text:p text:style-name="Paragraph">打开 <text:span text:style-name="T1">[输入标题]</text:span> 对话框</text:p>
  </help:to-be-embedded><help:to-be-embedded Eid="gallstrgd">
  <text:p text:style-name="Head 3"><help:switch select="System"><help:case select ="MAC">Command</help:case><help:default>Ctrl</help:default></help:switch>+D</text:p>
  <text:p text:style-name="Paragraph">删除选定的主题</text:p>
  </help:to-be-embedded><help:to-be-embedded Eid="gallenfg">
  <text:p text:style-name="Head 3">插入</text:p>
  <text:p text:style-name="Paragraph">插入新主题</text:p>
  </help:to-be-embedded>
  <text:p text:style-name="Head 3">画廊“预览”区域中的快捷键：</text:p>
  <help:to-be-embedded Eid="gallpos1">
  <text:p text:style-name="Head 3">Home</text:p>
  <text:p text:style-name="Paragraph">跳转到第一个条目</text:p>
  </help:to-be-embedded><help:to-be-embedded Eid="gallend">
  <text:p text:style-name="Head 3">End</text:p>
  <text:p text:style-name="Paragraph">跳转到最后一个条目</text:p>
  </help:to-be-embedded><help:to-be-embedded Eid="gallcurle">
  <text:p text:style-name="Head 3">向左键</text:p>
  <text:p text:style-name="Paragraph">选择左侧的下一个画廊元素</text:p>
  </help:to-be-embedded><help:to-be-embedded Eid="gallcurri">
  <text:p text:style-name="Head 3">向右键</text:p>
  <text:p text:style-name="Paragraph">选择右侧的下一个画廊元素</text:p>
  </help:to-be-embedded><help:to-be-embedded Eid="gallcurup">
  <text:p text:style-name="Head 3">向上键</text:p>
  <text:p text:style-name="Paragraph">选择上方的下一个画廊元素</text:p>
  </help:to-be-embedded><help:to-be-embedded Eid="gallcurdwn">
  <text:p text:style-name="Head 3">向下键</text:p>
  <text:p text:style-name="Paragraph">选择下方的下一个画廊元素</text:p>
  </help:to-be-embedded><help:to-be-embedded Eid="gallpgup">
  <text:p text:style-name="Head 3">Page Up</text:p>
  <text:p text:style-name="Paragraph">向上滚动一个屏幕</text:p>
  </help:to-be-embedded><help:to-be-embedded Eid="gallpgdwn">
  <text:p text:style-name="Head 3">Page Down</text:p>
  <text:p text:style-name="Paragraph">向下滚动一个屏幕</text:p>
  </help:to-be-embedded><help:to-be-embedded Eid="gallstrgumefg">
  <text:p text:style-name="Head 3"><help:switch select="System"><help:case select ="MAC">Command</help:case><help:default>Ctrl</help:default></help:switch>+Shift+Insert</text:p>
  <text:p text:style-name="Paragraph">将选定对象作为链接对象插入到当前文档中。</text:p>
  </help:to-be-embedded><help:to-be-embedded Eid="gallstrgi">
  <text:p text:style-name="Head 3"><help:switch select="System"><help:case select ="MAC">Command</help:case><help:default>Ctrl</help:default></help:switch>+I</text:p>
  <text:p text:style-name="Paragraph">将选定对象的复制件插入到当前文档中。</text:p>
  </help:to-be-embedded><help:to-be-embedded Eid="gallstrgt">
  <text:p text:style-name="Head 3"><help:switch select="System"><help:case select ="MAC">Command</help:case><help:default>Ctrl</help:default></help:switch>+T</text:p>
  <text:p text:style-name="Paragraph">打开 <text:span text:style-name="T1">[输入标题]</text:span> 对话框，可以在其中更改标题的名称。</text:p>
  </help:to-be-embedded><help:to-be-embedded Eid="gallstrgp">
  <text:p text:style-name="Head 3"><help:switch select="System"><help:case select ="MAC">Command</help:case><help:default>Ctrl</help:default></help:switch>+P</text:p>
  <text:p text:style-name="Paragraph">在主题视图和对象视图之间切换</text:p>
  </help:to-be-embedded><help:to-be-embedded Eid="gallspace">
  <text:p text:style-name="Head 3">空格键</text:p>
  <text:p text:style-name="Paragraph">在主题视图和对象视图之间切换</text:p>
  </help:to-be-embedded><help:to-be-embedded Eid="gallca">
  <text:p text:style-name="Head 3">Enter</text:p>
  <text:p text:style-name="Paragraph">在主题视图和对象视图之间切换</text:p>
  </help:to-be-embedded><help:to-be-embedded Eid="gallbs">
  <text:p text:style-name="Head 3">退格键 (仅在对象视图中)</text:p>
  <text:p text:style-name="Paragraph">切换回主摘要</text:p>
  </help:to-be-embedded>
  <text:p text:style-name="Head 2">不使用鼠标来浏览 <help:productname>%PRODUCTNAME</help:productname></text:p>
  <help:to-be-embedded Eid="af6">
  <text:p text:style-name="Head 3">F6</text:p>
  <text:p text:style-name="Paragraph">从上向下、从右向左，将光标移到 <help:productname>%PRODUCTNAME</help:productname> 视窗的各个部分。</text:p>
  </help:to-be-embedded><help:to-be-embedded Eid="aumf6">
  <text:p text:style-name="Head 3">Shift+F6</text:p>
  <text:p text:style-name="Paragraph">沿相反的方向将光标移到 <help:productname>%PRODUCTNAME</help:productname> 视窗的各个部分。</text:p>
  </help:to-be-embedded><help:to-be-embedded Eid="astrgf6">
  <text:p text:style-name="Head 3"><help:switch select="System"><help:case select ="MAC">Command</help:case><help:default>Ctrl</help:default></help:switch>+F6</text:p>
  <text:p text:style-name="Paragraph">将光标置于文档中</text:p>
  </help:to-be-embedded><help:to-be-embedded Eid="astrgtab">
  <text:p text:style-name="Head 3"><help:switch select="System"><help:case select ="MAC">Command</help:case><help:default>Ctrl</help:default></help:switch>+Tab</text:p>
  <text:p text:style-name="Paragraph">从上向下、从右向左，将光标移到 <help:productname>%PRODUCTNAME</help:productname> 视窗的各个部分。</text:p>
  </help:to-be-embedded><help:to-be-embedded Eid="aumstrgtab">
  <text:p text:style-name="Head 3">Shift+<help:switch select="System"><help:case select ="MAC">Command</help:case><help:default>Ctrl</help:default></help:switch>+Tab</text:p>
  <text:p text:style-name="Paragraph">沿相反的方向将光标移到 <help:productname>%PRODUCTNAME</help:productname> 视窗的各个部分。</text:p>
  </help:to-be-embedded><help:to-be-embedded Eid="aculeri">
  <text:p text:style-name="Head 3">向左键/向右键</text:p>
  <text:p text:style-name="Paragraph">向左/向右移到水平栏中的下一个元素</text:p>
  </help:to-be-embedded><help:to-be-embedded Eid="acuupdw">
  <text:p text:style-name="Head 3">向上键/向下键</text:p>
  <text:p text:style-name="Paragraph">向上/向下移到垂直栏中的下一个元素</text:p>
  </help:to-be-embedded><help:to-be-embedded Eid="apos1">
  <text:p text:style-name="Head 3">Home</text:p>
  <text:p text:style-name="Paragraph">移到第一个条目</text:p>
  </help:to-be-embedded><help:to-be-embedded Eid="aend">
  <text:p text:style-name="Head 3">End</text:p>
  <text:p text:style-name="Paragraph">移到最后一个条目</text:p>
  </help:to-be-embedded><help:to-be-embedded Eid="acr">
  <text:p text:style-name="Head 3">Enter</text:p>
  <text:p text:style-name="Paragraph">按 Enter 键执行与图标相关的命令。</text:p>
  </help:to-be-embedded><help:to-be-embedded Eid="aesc">
  <text:p text:style-name="Head 3">Esc</text:p>
  <text:p text:style-name="Paragraph">关闭菜单或浮动图标栏。</text:p>
  </help:to-be-embedded>
  <text:p text:style-name="Head 2">在 [编辑图标栏] 对话框中编辑快捷键</text:p>
  <text:p text:style-name="Head 3">+ 键</text:p>
  <text:p text:style-name="Paragraph">打开某个按钮类别的<text:span text:style-name="T1">“可使用的按钮”</text:span>列单。</text:p>
  <text:p text:style-name="Head 3">- 键</text:p>
  <text:p text:style-name="Paragraph">关闭某个按钮类别的<text:span text:style-name="T1">“可使用的按钮”</text:span>列单。</text:p>
  <text:p text:style-name="Head 3">空格键</text:p>
  <text:p text:style-name="Paragraph">切换<text:span text:style-name="T1">“使用中的按钮”</text:span>列单框中按钮的可见性。</text:p>
  <text:p text:style-name="Head 3">Insrt</text:p>
  <text:p text:style-name="Paragraph">将左侧列单框中选定的图标加入到右侧列单框中。</text:p>
  <text:p text:style-name="Head 3">Del</text:p>
  <text:p text:style-name="Paragraph">从<text:span text:style-name="T1">“使用中的按钮”</text:span>列单框中删除选定的图标。</text:p>
  <text:p text:style-name="Head 2">在表格中选择行和列</text:p>
  <text:p text:style-name="Head 3">空格键</text:p>
  <text:p text:style-name="Paragraph">切换行的选择 (行处于编辑模式时除外)。</text:p>
  <text:p text:style-name="Head 3"><help:switch select="System"><help:case select ="MAC">Command</help:case><help:default>Ctrl</help:default></help:switch>+空格键</text:p>
  <text:p text:style-name="Paragraph">切换行的选择</text:p>
  <text:p text:style-name="Head 3">Shift+空格键</text:p>
  <text:p text:style-name="Paragraph">选择当前列</text:p>
  <a name="zeichenobjekt"/>
  <help:to-be-embedded Eid="zeichenobjekte">
  <text:p text:style-name="Head 2">用于绘图对象的快捷键</text:p>
  <text:p text:style-name="Head 3">使用 F6 键选择图标栏。使用向下键和向右键选择所需的图标栏图标，并按 <help:switch select="System"><help:case select ="MAC">Command</help:case><help:default>Ctrl</help:default></help:switch>+Enter 键。</text:p>
  <text:p text:style-name="Paragraph">插入绘图对象</text:p>
  <text:p text:style-name="Head 3">使用 <help:switch select="System"><help:case select ="MAC">Command</help:case><help:default>Ctrl</help:default></help:switch>+F6 键选择文档，并按 Tab 键</text:p>
  <text:p text:style-name="Paragraph">选择绘图对象</text:p>
  <text:p text:style-name="Head 3">Tab</text:p>
  <text:p text:style-name="Paragraph">选择下一个绘图对象</text:p>
  <text:p text:style-name="Head 3">Shift+Tab</text:p>
  <text:p text:style-name="Paragraph">选择上一个绘图对象</text:p>
  <text:p text:style-name="Head 3"><help:switch select="System"><help:case select ="MAC">Command</help:case><help:default>Ctrl</help:default></help:switch>+Home</text:p>
  <text:p text:style-name="Paragraph">选择第一个绘图对象</text:p>
  <text:p text:style-name="Head 3"><help:switch select="System"><help:case select ="MAC">Command</help:case><help:default>Ctrl</help:default></help:switch>+End</text:p>
  <text:p text:style-name="Paragraph">选择最后一个绘图对象</text:p>
  <text:p text:style-name="Head 3">Esc</text:p>
  <text:p text:style-name="Paragraph">结束对绘图对象的选择</text:p>
  <text:p text:style-name="Head 3">Esc (在控点选择模式中)</text:p>
  <text:p text:style-name="Paragraph">退出控点选择模式并返回到对象选择模式。</text:p>
  <text:p text:style-name="Head 3">向上键</text:p>
  <text:p text:style-name="Paragraph">向上移动选定的绘图对象</text:p>
  <text:p text:style-name="Head 3">向下键</text:p>
  <text:p text:style-name="Paragraph">向下移动选定的绘图对诀¡</text:p>
  <text:p text:style-name="Head 3">向左键</text:p>
  <text:p text:style-name="Paragraph">向左移动选定的绘图对象</text:p>
  <text:p text:style-name="Head 3">向右键</text:p>
  <text:p text:style-name="Paragraph">向右移动选定的绘图对象</text:p>
  <text:p text:style-name="Head 3"><help:switch select="System"><help:case select ="MAC">Option</help:case><help:default>Alt</help:default></help:switch>+向上键/向下键/向左键/向右键</text:p>
  <text:p text:style-name="Paragraph">将选定的绘图对象移动一个像素 (在选择模式中)</text:p>
  <text:p text:style-name="Paragraph">更改绘图对象的大小 (在控点选择模式中)</text:p>
  <text:p text:style-name="Paragraph">旋转绘图对象 (在旋转模式中)</text:p>
  <text:p text:style-name="Paragraph">打开绘图对象的属性对话框</text:p>
  <text:p text:style-name="Paragraph">启动选定绘图对象的点选择模式。</text:p>
  <text:p text:style-name="Head 3">空格键</text:p>
  <text:p text:style-name="Paragraph">选择绘图对象的一个点 (在点选择模式中)/取消选择</text:p>
  <text:p text:style-name="Paragraph">选定的点每秒闪动一次。</text:p>
  <text:p text:style-name="Head 3">Shift+空格键</text:p>
  <text:p text:style-name="Paragraph">在点选择模式中选择另一个点</text:p>
  <text:p text:style-name="Head 3"><help:switch select="System"><help:case select ="MAC">Command</help:case><help:default>Ctrl</help:default></help:switch>+Tab</text:p>
  <text:p text:style-name="Paragraph">选择绘图对象的下一个点 (点选择模式)</text:p>
  <text:p text:style-name="Paragraph">在旋转模式中，也可以选择旋转中心。</text:p>
  <text:p text:style-name="Head 3">Shift+<help:switch select="System"><help:case select ="MAC">Command</help:case><help:default>Ctrl</help:default></help:switch>+Tab</text:p>
  <text:p text:style-name="Paragraph">选择绘图对象的上一个点 (点选择模式)</text:p>
  <text:p text:style-name="Head 3"><help:switch select="System"><help:case select ="MAC">Command</help:case><help:default>Ctrl</help:default></help:switch>+Enter</text:p>
  <text:p text:style-name="Paragraph">在当前视图的中心位置新建具有默认大小的绘图对象。</text:p>
  <text:p text:style-name="Head 3"><help:switch select="System"><help:case select ="MAC">Command</help:case><help:default>Ctrl</help:default></help:switch>+Enter (选中 [选择] 图标时)</text:p>
  <text:p text:style-name="Paragraph">启动文档中的第一个绘图对象。</text:p>
  <text:p text:style-name="Head 3">Esc</text:p>
  <text:p text:style-name="Paragraph">退出点选择模式。随后即选择绘图对象。</text:p>
  <text:p text:style-name="Paragraph">编辑绘图对象的一个点 (点编辑模式)</text:p>
  <text:p text:style-name="Head 3">向上键/向下键/向左键/向右键</text:p>
  <text:p text:style-name="Paragraph">移动选定的点 (暂时禁用对齐网格功能，但端点之间仍互相对齐)</text:p>
  <text:p text:style-name="Head 3">任意文字或数字键</text:p>
  <text:p text:style-name="Paragraph">如果选定了绘图对象，则切换到编辑模式，并将光标置于绘图对象中文字的结尾处。插入一个可打印字符。</text:p>
  </help:to-be-embedded>
  <text:p text:style-name="Head 2"><help:switch select="System"><help:case select ="UNIX">视窗快捷键</help:case></help:switch></text:p>
  <text:p text:style-name="Head 3"><help:switch select="System"><help:case select ="UNIX">F4+修改键</help:case></help:switch></text:p>
  <text:p text:style-name="Paragraph"><help:switch select="System"><help:case select ="UNIX">驻留或取消驻留当前的视窗。</help:case></help:switch></text:p>
  <text:p text:style-name="ParaList"><help:embedded Id="65598" Eid="related"></help:embedded></text:p>
  <text:p text:style-name="ParaList"><help:embedded Id="68621" Eid="db_keys"></help:embedded></text:p>
  <text:p text:style-name="ParaList"><help:embedded Id="68612" Eid="keyboard"></help:embedded></text:p>
 </office:body>
</office:document>
