

<office:document  xmlns:office="http://openoffice.org/2000/office" xmlns:style="http://openoffice.org/2000/style" xmlns:text="http://openoffice.org/2000/text" xmlns:table="http://openoffice.org/2000/table" xmlns:draw="http://openoffice.org/2000/drawing" xmlns:fo="http://www.w3.org/1999/XSL/Format" xmlns:xlink="http://www.w3.org/1999/xlink" xmlns:number="http://openoffice.org/2000/datastyle" xmlns:svg="http://www.w3.org/2000/svg" xmlns:chart="http://openoffice.org/2000/chart" xmlns:dr3d="http://openoffice.org/2000/dr3d" xmlns:math="http://www.w3.org/1998/Math/MathML" xmlns:form="http://openoffice.org/2000/form" xmlns:script="http://openoffice.org/2000/script" office:class="text" office:version="1.0" xmlns:dc="http://purl.org/dc/elements/1.1/" xmlns:meta="http://openoffice.org/2000/meta" xmlns:help="http://openoffice.org/2000/help">
<office:meta>
  <dc:description>text/common/00/00000203</dc:description>
  <dc:subject>SVM/WMF/PICT/MET选项</dc:subject>

  <dc:language>zh-CN</dc:language>
  <meta:user-defined meta:name="Info 0">READY</meta:user-defined>
  <meta:user-defined meta:name="Info 1">FREE_OK</meta:user-defined>
  <meta:user-defined meta:name="Info 2"/>
  <meta:user-defined meta:name="Info 3"/>
</office:meta>
 <office:script/>
 <office:font-decls>
  <style:font-decl style:name="StarSymbol" fo:font-family="StarSymbol" style:font-charset="x-symbol"/>
  <style:font-decl style:name="Courier New" fo:font-family="&apos;Courier New&apos;" style:font-style-name="Standard" style:font-family-generic="modern" style:font-pitch="fixed"/>
  <style:font-decl style:name="Courier" fo:font-family="Courier" style:font-family-generic="roman" style:font-pitch="fixed"/>
  <style:font-decl style:name="Andale WT UI3" fo:font-family="&apos;Andale WT UI&apos;" style:font-pitch="variable"/>
  <style:font-decl style:name="Arial Unicode MS" fo:font-family="&apos;Arial Unicode MS&apos;" style:font-pitch="variable"/>
  <style:font-decl style:name="HG Mincho Light J" fo:font-family="&apos;HG Mincho Light J&apos;" style:font-pitch="variable"/>
  <style:font-decl style:name="Andale WT UI" fo:font-family="&apos;Andale WT UI&apos;" style:font-style-name="Fett" style:font-family-generic="roman" style:font-pitch="variable"/>
  <style:font-decl style:name="Andale WT UI1" fo:font-family="&apos;Andale WT UI&apos;" style:font-style-name="Standard" style:font-family-generic="roman" style:font-pitch="variable"/>
  <style:font-decl style:name="Thorndale" fo:font-family="Thorndale" style:font-family-generic="roman" style:font-pitch="variable"/>
  <style:font-decl style:name="Times New Roman" fo:font-family="&apos;Times New Roman&apos;" style:font-style-name="Fett" style:font-family-generic="roman" style:font-pitch="variable"/>
  <style:font-decl style:name="Andale WT UI2" fo:font-family="&apos;Andale WT UI&apos;" style:font-family-generic="swiss" style:font-pitch="variable"/>
 </office:font-decls>
 <office:automatic-styles>
  <style:style style:name="P1" style:family="paragraph" style:parent-style-name="Paragraph" style:master-page-name="HTML">
   <style:properties style:page-number="0"/>
  </style:style>
  <style:style style:name="T1" style:family="text">
   <style:properties fo:font-weight="bold"/>
  </style:style>
 </office:automatic-styles>
 <office:body>
  <text:variable-decls>
   <text:variable-decl text:value-type="string" text:name="HTML_ON"/>
   <text:variable-decl text:value-type="string" text:name="HTML_OFF"/>
   <text:variable-decl text:value-type="string" text:name="TITEL"/>
   <text:variable-decl text:value-type="string" text:name="END"/>
   <text:variable-decl text:value-type="string" text:name="OS2"/>
   <text:variable-decl text:value-type="string" text:name="ELSE"/>
   <text:variable-decl text:value-type="string" text:name="HREF"/>
   <text:variable-decl text:value-type="string" text:name="MAC"/>
   <text:variable-decl text:value-type="string" text:name="NAME"/>
   <text:variable-decl text:value-type="string" text:name="HelpID"/>
   <text:variable-decl text:value-type="string" text:name="MODIFY"/>
   <text:variable-decl text:value-type="string" text:name="REFNR"/>
   <text:variable-decl text:value-type="string" text:name="AKTHLP"/>
   <text:variable-decl text:value-type="string" text:name="STYLE"/>
  </text:variable-decls>
  <text:sequence-decls>
   <text:sequence-decl text:display-outline-level="0" text:name="Illustration"/>
   <text:sequence-decl text:display-outline-level="0" text:name="Table"/>
   <text:sequence-decl text:display-outline-level="0" text:name="Text"/>
   <text:sequence-decl text:display-outline-level="0" text:name="Drawing"/>
  </text:sequence-decls>
  <text:p text:style-name="P1"/>
  <text:p text:style-name="Head 1"><help:help-id value="GOODIES_MODALDIALOG_DLG_EXPORT_EPCT"/><help:help-id value="GOODIES_MODALDIALOG_DLG_EXPORT_EMET"/><help:help-id value="SVTOOLS_MODALDIALOG_DLG_EXPORT_VEC"/>SVM/WMF/PICT/MET选项</text:p>
  <text:p text:style-name="Paragraph"><help:help-text value="visible">定义用于 SVM/WMF/PICT/MET 输出选项的设定。</help:help-text></text:p>
  <help:popup Id="65611" Eid="svmspeichern"><help:embedded Id="65598" Eid="wie"></help:embedded></help:popup>
  <text:p text:style-name="Head 2">模式</text:p>
  <text:p text:style-name="Paragraph">指定文件输出的模式。</text:p>
  <text:p text:style-name="Head 3"><help:help-id value="SVTOOLS_RADIOBUTTON_DLG_EXPORT_VEC_RB_ORIGINAL_VEC"/><help:help-id value="GOODIES_RADIOBUTTON_DLG_EXPORT_EPCT_RB_ORIGINAL"/><help:help-id value="GOODIES_RADIOBUTTON_DLG_EXPORT_EMET_RB_ORIGINAL"/>原件</text:p>
  <text:p text:style-name="Paragraph"><help:help-text value="visible">保留原件大小。</help:help-text></text:p>
  <text:p text:style-name="Head 3"><help:help-id value="SVTOOLS_RADIOBUTTON_DLG_EXPORT_VEC_RB_SIZE_VEC"/><help:help-id value="GOODIES_RADIOBUTTON_DLG_EXPORT_EPCT_RB_SIZE"/><help:help-id value="GOODIES_RADIOBUTTON_DLG_EXPORT_EMET_RB_SIZE"/>大小</text:p>
  <text:p text:style-name="Paragraph"><help:help-text value="visible">指定是否更改大小。</help:help-text></text:p>
  <text:p text:style-name="Head 2">大小</text:p>
  <text:p text:style-name="Paragraph">定义宽度和高度。此功能仅在选择了<text:span text:style-name="T1">“大小”</text:span>选项时才可用。</text:p>
  <text:p text:style-name="Head 3"><help:help-id value="SVTOOLS_METRICFIELD_DLG_EXPORT_VEC_MTF_SIZEX_VEC"/><help:help-id value="GOODIES_METRICFIELD_DLG_EXPORT_EPCT_MTF_SIZEX"/><help:help-id value="GOODIES_METRICFIELD_DLG_EXPORT_EMET_MTF_SIZEX"/>宽度</text:p>
  <text:p text:style-name="Paragraph"><help:help-text value="visible">指定宽度。</help:help-text></text:p>
  <text:p text:style-name="Head 3"><help:help-id value="SVTOOLS_METRICFIELD_DLG_EXPORT_VEC_MTF_SIZEY_VEC"/><help:help-id value="GOODIES_METRICFIELD_DLG_EXPORT_EPCT_MTF_SIZEY"/><help:help-id value="GOODIES_METRICFIELD_DLG_EXPORT_EMET_MTF_SIZEY"/>高度</text:p>
  <text:p text:style-name="Paragraph"><help:help-text value="visible">指定高度。</help:help-text></text:p>
  <text:p text:style-name="Paragraph">如果需要有关筛选的更多信息，请参阅<help:link Id="65614">输入和输出筛选信息</help:link>。</text:p>
 </office:body>
</office:document>
