

<office:document  xmlns:office="http://openoffice.org/2000/office" xmlns:style="http://openoffice.org/2000/style" xmlns:text="http://openoffice.org/2000/text" xmlns:table="http://openoffice.org/2000/table" xmlns:draw="http://openoffice.org/2000/drawing" xmlns:fo="http://www.w3.org/1999/XSL/Format" xmlns:xlink="http://www.w3.org/1999/xlink" xmlns:number="http://openoffice.org/2000/datastyle" xmlns:svg="http://www.w3.org/2000/svg" xmlns:chart="http://openoffice.org/2000/chart" xmlns:dr3d="http://openoffice.org/2000/dr3d" xmlns:math="http://www.w3.org/1998/Math/MathML" xmlns:form="http://openoffice.org/2000/form" xmlns:script="http://openoffice.org/2000/script" office:class="text" office:version="1.0" xmlns:dc="http://purl.org/dc/elements/1.1/" xmlns:meta="http://openoffice.org/2000/meta" xmlns:help="http://openoffice.org/2000/help">
<office:meta>
  <dc:description>text/common/00/00000010</dc:description>
  <dc:subject>上下文菜单命令</dc:subject>

  <dc:language>zh-CN</dc:language>
  <meta:user-defined meta:name="Info 0">READY</meta:user-defined>
  <meta:user-defined meta:name="Info 1">FREE_OK</meta:user-defined>
  <meta:user-defined meta:name="Info 2">NOINDEX</meta:user-defined>
  <meta:user-defined meta:name="Info 3"/>
</office:meta>
 <office:script/>
 <office:font-decls>
  <style:font-decl style:name="StarSymbol" fo:font-family="StarSymbol" style:font-charset="x-symbol"/>
  <style:font-decl style:name="Courier New" fo:font-family="&apos;Courier New&apos;" style:font-style-name="Standard" style:font-family-generic="modern" style:font-pitch="fixed"/>
  <style:font-decl style:name="Courier" fo:font-family="Courier" style:font-family-generic="roman" style:font-pitch="fixed"/>
  <style:font-decl style:name="Andale WT UI3" fo:font-family="&apos;Andale WT UI&apos;" style:font-pitch="variable"/>
  <style:font-decl style:name="Arial Unicode MS" fo:font-family="&apos;Arial Unicode MS&apos;" style:font-pitch="variable"/>
  <style:font-decl style:name="HG Mincho Light J" fo:font-family="&apos;HG Mincho Light J&apos;" style:font-pitch="variable"/>
  <style:font-decl style:name="Andale WT UI" fo:font-family="&apos;Andale WT UI&apos;" style:font-style-name="Fett" style:font-family-generic="roman" style:font-pitch="variable"/>
  <style:font-decl style:name="Andale WT UI1" fo:font-family="&apos;Andale WT UI&apos;" style:font-style-name="Standard" style:font-family-generic="roman" style:font-pitch="variable"/>
  <style:font-decl style:name="Thorndale" fo:font-family="Thorndale" style:font-family-generic="roman" style:font-pitch="variable"/>
  <style:font-decl style:name="Times New Roman" fo:font-family="&apos;Times New Roman&apos;" style:font-style-name="Fett" style:font-family-generic="roman" style:font-pitch="variable"/>
  <style:font-decl style:name="Andale WT UI2" fo:font-family="&apos;Andale WT UI&apos;" style:font-family-generic="swiss" style:font-pitch="variable"/>
 </office:font-decls>
 <office:automatic-styles>
  <style:style style:name="Tabelle1" style:family="table">
   <style:properties style:width="18cm" table:align="margins"/>
  </style:style>
  <style:style style:name="Tabelle1.A" style:family="table-column">
   <style:properties style:column-width="1.499cm" style:rel-column-width="5460*"/>
  </style:style>
  <style:style style:name="Tabelle1.B" style:family="table-column">
   <style:properties style:column-width="16.501cm" style:rel-column-width="60075*"/>
  </style:style>
  <style:style style:name="Tabelle1.1" style:family="table-row">
   <style:properties style:min-row-height="0.848cm"/>
  </style:style>
  <style:style style:name="Tabelle1.A1" style:family="table-cell">
   <style:properties fo:padding="0cm" fo:border="none"/>
  </style:style>
  <style:style style:name="P1" style:family="paragraph" style:parent-style-name="Paragraph" style:master-page-name="HTML">
   <style:properties style:page-number="0"/>
  </style:style>
  <style:style style:name="T1" style:family="text">
   <style:properties fo:font-weight="bold"/>
  </style:style>
  <style:style style:name="fr1" style:family="graphics" style:parent-style-name="Graphics">
   <style:properties fo:margin-left="0cm" fo:margin-right="0cm" fo:margin-top="0cm" fo:margin-bottom="0cm" style:run-through="foreground" style:wrap="run-through" style:vertical-pos="top" style:vertical-rel="paragraph" style:horizontal-pos="left" style:horizontal-rel="paragraph" style:mirror="none" fo:clip="rect(0cm 0cm 0cm 0cm)" draw:luminance="0%" draw:contrast="0%" draw:red="0%" draw:green="0%" draw:blue="0%" draw:gamma="1" draw:color-inversion="false" draw:transparency="-100%" draw:color-mode="standard"/>
  </style:style>
 </office:automatic-styles>
 <office:body>
  <text:variable-decls>
   <text:variable-decl text:value-type="string" text:name="HTML_ON"/>
   <text:variable-decl text:value-type="string" text:name="HTML_OFF"/>
   <text:variable-decl text:value-type="string" text:name="TITEL"/>
   <text:variable-decl text:value-type="string" text:name="END"/>
   <text:variable-decl text:value-type="string" text:name="NAME"/>
   <text:variable-decl text:value-type="string" text:name="HREF"/>
   <text:variable-decl text:value-type="string" text:name="HelpID"/>
   <text:variable-decl text:value-type="string" text:name="MODIFY"/>
   <text:variable-decl text:value-type="string" text:name="REFNR"/>
   <text:variable-decl text:value-type="string" text:name="OS2"/>
   <text:variable-decl text:value-type="string" text:name="ELSE"/>
   <text:variable-decl text:value-type="string" text:name="UNIX"/>
   <text:variable-decl text:value-type="string" text:name="MAC"/>
   <text:variable-decl text:value-type="string" text:name="KEY"/>
   <text:variable-decl text:value-type="string" text:name="AKTHLP"/>
   <text:variable-decl text:value-type="string" text:name="INDEX"/>
   <text:variable-decl text:value-type="string" text:name="STYLE"/>
  </text:variable-decls>
  <text:sequence-decls>
   <text:sequence-decl text:display-outline-level="0" text:name="Illustration"/>
   <text:sequence-decl text:display-outline-level="0" text:name="Table"/>
   <text:sequence-decl text:display-outline-level="0" text:name="Text"/>
   <text:sequence-decl text:display-outline-level="0" text:name="Drawing"/>
  </text:sequence-decls>
  <text:p text:style-name="P1"/>
  <text:p text:style-name="Head 1">上下文菜单命令</text:p>
  <help:to-be-embedded Eid="ausschneiden">
  <text:p text:style-name="Head 2">剪除</text:p>
  <text:p text:style-name="Paragraph">剪切选定的对象并将其存储在剪贴板上。使用 <text:span text:style-name="T1">[粘贴]</text:span> 可以从剪贴板上重新插入这个对象。</text:p>
  </help:to-be-embedded>
  <help:to-be-embedded Eid="einfuegen">
  <text:p text:style-name="Head 2"><help:help-id value="SID_EXPLORERCONTENT_PASTE"/>粘贴</text:p>
  <text:p text:style-name="Paragraph"><help:help-text value="visible">将移动到剪贴板上的元素插入到文档中。</help:help-text>只有剪贴板上的内容能够插入到光标当前所在的位置时，才能调用此命令。</text:p>
  </help:to-be-embedded>
  <help:to-be-embedded Eid="hinzufuegen">
  <text:p text:style-name="Head 2">加入</text:p>
  <text:p text:style-name="Paragraph">在画廊中打开子菜单命令，您可以在<text:span text:style-name="T1">复制</text:span>和<text:span text:style-name="T1">链接</text:span>之间选择。在您选定一项子菜单命令后，选中的图形将复制到当前的文档中去，或者可以在文档中与这个图形建立一个链接。</text:p>
  <table:table table:name="Tabelle1" table:style-name="Tabelle1">
   <table:table-column table:style-name="Tabelle1.A"/>
   <table:table-column table:style-name="Tabelle1.B"/>
   <table:table-header-rows>
    <table:table-row table:style-name="Tabelle1.1">
     <table:table-cell table:style-name="Tabelle1.A1" table:value-type="string">
      <text:p text:style-name="Paragraph"><draw:image draw:name="图标0" svg:desc="此图标用于标记含有有关数据和系统安全性的重要信息的文字。" svg:pixelx="32" svg:pixely="32" svg:width="0.847cm" svg:height="0.847cm" xlink:href="65640" draw:filter-name=""/></text:p>

     </table:table-cell>
     <table:table-cell table:style-name="Tabelle1.A1" table:value-type="string">
      <text:p text:style-name="Paragraph">如果在文档中选择了一个对象，那么新插入的对象将替换这个选定的对象。</text:p>
     </table:table-cell>
    </table:table-row>
   </table:table-header-rows>
  </table:table>
  </help:to-be-embedded>
  <text:p text:style-name="Head 2"><help:help-id value="HID_GALLERY_MN_BACKGROUND"/>背景</text:p>
  <text:p text:style-name="Paragraph"><help:help-text value="visible">在此您可以将选中的图形当作背景颜色插入。</help:help-text>借助背景的子菜单命令<text:span text:style-name="T1">页</text:span>和<text:span text:style-name="T1">段落</text:span>您可以指定插入的图形是当作整个页面的背景还是当作当前段落的背景。</text:p>
  <help:to-be-embedded Eid="kopieren">
  <text:p text:style-name="Head 2"><help:help-id value="SID_EXPLORERCONTENT_COPY"/>复制</text:p>
  <text:p text:style-name="Paragraph"><help:help-text value="visible">借助这个菜单命令您可以将选中的内容复制到剪贴板中。</help:help-text></text:p>
  </help:to-be-embedded>
  <help:to-be-embedded Eid="loeschen">
  <text:p text:style-name="Head 2"><help:help-id value="SID_EXPLORERCONTENT_DESTROY"/>删除</text:p>
  <text:p text:style-name="Paragraph"><help:help-text value="visible">借助这个菜单命令您可以删除当前选中的对象。若您同时选中了多个对象，那么它们就会被同时删除。一般来说在程序执行删除任务之前会进行<help:link Id="65802">确认改写</help:link>。</help:help-text></text:p>
  <text:p text:style-name="Paragraph">执行删除命令后，对象会视上下文关系的不同或者被从硬盘上删去，或者只是移除对象的显示。</text:p>
  </help:to-be-embedded>
  <help:to-be-embedded Eid="loeschen2">
  <text:p text:style-name="Paragraph">按击画廊中的命令<text:span text:style-name="T1">删除</text:span>后，此条目便会从画廊中消失，然而该文件却依旧保存在画廊中。</text:p>
  </help:to-be-embedded>
  <help:to-be-embedded Eid="oeffnen">
  <text:p text:style-name="Head 2"><help:help-id value="SID_EXPLORERCONTENT_OPEN"/><help:help-id value="SID_EXPLORERCONTENT_OPEN_FOLDER"/><help:help-id value="SID_EXPLORERCONTENT_OPEN_OBJECT"/>打开</text:p>
  <text:p text:style-name="Paragraph"><help:help-text value="visible">借助这个菜单命令您可以在一个新的程序单元中打开选中的对象。</help:help-text></text:p>
  </help:to-be-embedded>
  <help:to-be-embedded Eid="umbenennen">
  <text:p text:style-name="Head 2"><help:help-id value="SID_EXPLORERCONTENT_RENAME"/>重命名</text:p>
  <text:p text:style-name="Paragraph"><help:help-text value="visible">开放选定的对象以进行重命名。</help:help-text>选择 <text:span text:style-name="T1">[重命名]</text:span> 之后，名称处于选中状态，您可以直接输入新的名称。使用箭头键将光标置于名称的开头或结尾，以便删除或添加文字，或者将光标置于其他位置。</text:p>
  </help:to-be-embedded>
  <help:to-be-embedded Eid="aktualisieren">
  <text:p text:style-name="Head 2"><help:help-id value="HID_GALLERY_ACTUALIZE"/>更新</text:p>
  <text:p text:style-name="Paragraph"><help:help-text value="visible">更新视窗或选定对象中的视图。</help:help-text></text:p>
  </help:to-be-embedded>
  <help:to-be-embedded Eid="vorschau">
  <text:p text:style-name="Head 2">预视</text:p>
  <text:p text:style-name="Paragraph">在画廊中最大显示选中的对象。双击此预视对象后，画廊对象便会重新恢复标准视图大小。</text:p>
  </help:to-be-embedded>
  <help:to-be-embedded Eid="verknuepfungerstellen">
  <text:p text:style-name="Head 2">建立链接</text:p>
  <text:p text:style-name="Paragraph">选择对象之后可以使用此命令。直接在选定对象所在的目录中建立一个名为“与 xxx 的链接” (<text:span text:style-name="T1">xxx</text:span> 表示对象的名称)。</text:p>
  </help:to-be-embedded>
 </office:body>
</office:document>
