

<office:document  xmlns:office="http://openoffice.org/2000/office" xmlns:style="http://openoffice.org/2000/style" xmlns:text="http://openoffice.org/2000/text" xmlns:table="http://openoffice.org/2000/table" xmlns:draw="http://openoffice.org/2000/drawing" xmlns:fo="http://www.w3.org/1999/XSL/Format" xmlns:xlink="http://www.w3.org/1999/xlink" xmlns:number="http://openoffice.org/2000/datastyle" xmlns:svg="http://www.w3.org/2000/svg" xmlns:chart="http://openoffice.org/2000/chart" xmlns:dr3d="http://openoffice.org/2000/dr3d" xmlns:math="http://www.w3.org/1998/Math/MathML" xmlns:form="http://openoffice.org/2000/form" xmlns:script="http://openoffice.org/2000/script" office:class="text" office:version="1.0" xmlns:dc="http://purl.org/dc/elements/1.1/" xmlns:meta="http://openoffice.org/2000/meta" xmlns:help="http://openoffice.org/2000/help">
<office:meta>
  <dc:description>text/common/00/00000402</dc:description>
  <dc:subject>编辑菜单</dc:subject>

  <dc:language>zh-CN</dc:language>
  <meta:user-defined meta:name="Info 0">READY</meta:user-defined>
  <meta:user-defined meta:name="Info 1">FREE_OK</meta:user-defined>
  <meta:user-defined meta:name="Info 2">NOINDEX</meta:user-defined>
  <meta:user-defined meta:name="Info 3"/>
</office:meta>
 <office:script/>
 <office:font-decls>
  <style:font-decl style:name="StarSymbol" fo:font-family="StarSymbol" style:font-charset="x-symbol"/>
  <style:font-decl style:name="Courier New" fo:font-family="&apos;Courier New&apos;" style:font-style-name="Standard" style:font-family-generic="modern" style:font-pitch="fixed"/>
  <style:font-decl style:name="Courier" fo:font-family="Courier" style:font-family-generic="roman" style:font-pitch="fixed"/>
  <style:font-decl style:name="Andale WT UI3" fo:font-family="&apos;Andale WT UI&apos;" style:font-pitch="variable"/>
  <style:font-decl style:name="Arial Unicode MS" fo:font-family="&apos;Arial Unicode MS&apos;" style:font-pitch="variable"/>
  <style:font-decl style:name="HG Mincho Light J" fo:font-family="&apos;HG Mincho Light J&apos;" style:font-pitch="variable"/>
  <style:font-decl style:name="Andale WT UI" fo:font-family="&apos;Andale WT UI&apos;" style:font-style-name="Fett" style:font-family-generic="roman" style:font-pitch="variable"/>
  <style:font-decl style:name="Andale WT UI1" fo:font-family="&apos;Andale WT UI&apos;" style:font-style-name="Standard" style:font-family-generic="roman" style:font-pitch="variable"/>
  <style:font-decl style:name="Thorndale" fo:font-family="Thorndale" style:font-family-generic="roman" style:font-pitch="variable"/>
  <style:font-decl style:name="Times New Roman" fo:font-family="&apos;Times New Roman&apos;" style:font-style-name="Fett" style:font-family-generic="roman" style:font-pitch="variable"/>
  <style:font-decl style:name="Andale WT UI2" fo:font-family="&apos;Andale WT UI&apos;" style:font-family-generic="swiss" style:font-pitch="variable"/>
 </office:font-decls>
 <office:automatic-styles>
  <style:style style:name="Tabelle1" style:family="table">
   <style:properties style:width="18cm" table:align="margins"/>
  </style:style>
  <style:style style:name="Tabelle1.A" style:family="table-column">
   <style:properties style:column-width="1.501cm" style:rel-column-width="5465*"/>
  </style:style>
  <style:style style:name="Tabelle1.B" style:family="table-column">
   <style:properties style:column-width="16.499cm" style:rel-column-width="60070*"/>
  </style:style>
  <style:style style:name="Tabelle2" style:family="table">
   <style:properties style:width="18cm" table:align="margins"/>
  </style:style>
  <style:style style:name="Tabelle2.A" style:family="table-column">
   <style:properties style:column-width="1.501cm" style:rel-column-width="5465*"/>
  </style:style>
  <style:style style:name="Tabelle2.B" style:family="table-column">
   <style:properties style:column-width="16.499cm" style:rel-column-width="60070*"/>
  </style:style>
  <style:style style:name="Tabelle3" style:family="table">
   <style:properties style:width="18cm" table:align="margins"/>
  </style:style>
  <style:style style:name="Tabelle3.A" style:family="table-column">
   <style:properties style:column-width="1.501cm" style:rel-column-width="5465*"/>
  </style:style>
  <style:style style:name="Tabelle3.B" style:family="table-column">
   <style:properties style:column-width="16.499cm" style:rel-column-width="60070*"/>
  </style:style>
  <style:style style:name="Tabelle4" style:family="table">
   <style:properties style:width="18cm" table:align="margins"/>
  </style:style>
  <style:style style:name="Tabelle4.A" style:family="table-column">
   <style:properties style:column-width="1.499cm" style:rel-column-width="5461*"/>
  </style:style>
  <style:style style:name="Tabelle4.B" style:family="table-column">
   <style:properties style:column-width="16.501cm" style:rel-column-width="60074*"/>
  </style:style>
  <style:style style:name="Tabelle5" style:family="table">
   <style:properties style:width="18cm" table:align="margins"/>
  </style:style>
  <style:style style:name="Tabelle5.A" style:family="table-column">
   <style:properties style:column-width="1.499cm" style:rel-column-width="5461*"/>
  </style:style>
  <style:style style:name="Tabelle5.B" style:family="table-column">
   <style:properties style:column-width="16.501cm" style:rel-column-width="60074*"/>
  </style:style>
  <style:style style:name="Tabelle7" style:family="table">
   <style:properties style:width="18cm" table:align="margins"/>
  </style:style>
  <style:style style:name="Tabelle7.A" style:family="table-column">
   <style:properties style:column-width="1.499cm" style:rel-column-width="5461*"/>
  </style:style>
  <style:style style:name="Tabelle7.B" style:family="table-column">
   <style:properties style:column-width="16.501cm" style:rel-column-width="60074*"/>
  </style:style>
  <style:style style:name="Tabelle6" style:family="table">
   <style:properties style:width="17.995cm" fo:margin-left="0cm" fo:margin-right="0.005cm" table:align="margins"/>
  </style:style>
  <style:style style:name="Tabelle6.A" style:family="table-column">
   <style:properties style:column-width="2.013cm" style:rel-column-width="7328*"/>
  </style:style>
  <style:style style:name="Tabelle6.B" style:family="table-column">
   <style:properties style:column-width="15.983cm" style:rel-column-width="58207*"/>
  </style:style>
  <style:style style:name="Tabelle12" style:family="table">
   <style:properties style:width="17.995cm" fo:margin-left="0cm" fo:margin-right="0.005cm" table:align="margins"/>
  </style:style>
  <style:style style:name="Tabelle12.A" style:family="table-column">
   <style:properties style:column-width="1.517cm" style:rel-column-width="5526*"/>
  </style:style>
  <style:style style:name="Tabelle12.B" style:family="table-column">
   <style:properties style:column-width="16.478cm" style:rel-column-width="60009*"/>
  </style:style>
  <style:style style:name="P1" style:family="paragraph" style:parent-style-name="Paragraph" style:master-page-name="HTML">
   <style:properties style:page-number="0"/>
  </style:style>
  <style:style style:name="T1" style:family="text">
   <style:properties fo:font-weight="bold"/>
  </style:style>
  <style:style style:name="T2" style:family="text">
   <style:properties fo:font-style="italic" fo:font-weight="bold"/>
  </style:style>
  <style:style style:name="fr1" style:family="graphics" style:parent-style-name="Graphics">
   <style:properties style:run-through="foreground" style:wrap="run-through" style:vertical-pos="top" style:vertical-rel="paragraph" style:horizontal-pos="left" style:horizontal-rel="paragraph" style:mirror="none" fo:clip="rect(0cm 0cm 0cm 0cm)" draw:luminance="0%" draw:contrast="0%" draw:red="0%" draw:green="0%" draw:blue="0%" draw:gamma="1" draw:color-inversion="false" draw:transparency="-100%" draw:color-mode="standard"/>
  </style:style>
 </office:automatic-styles>
 <office:body>
  <text:variable-decls>
   <text:variable-decl text:value-type="string" text:name="HTML_ON"/>
   <text:variable-decl text:value-type="string" text:name="HTML_OFF"/>
   <text:variable-decl text:value-type="string" text:name="TITEL"/>
   <text:variable-decl text:value-type="string" text:name="END"/>
   <text:variable-decl text:value-type="string" text:name="OS2"/>
   <text:variable-decl text:value-type="string" text:name="ELSE"/>
   <text:variable-decl text:value-type="string" text:name="NAME"/>
   <text:variable-decl text:value-type="string" text:name="MAC"/>
   <text:variable-decl text:value-type="string" text:name="HREF"/>
   <text:variable-decl text:value-type="string" text:name="MODIFY"/>
   <text:variable-decl text:value-type="string" text:name="REFNR"/>
   <text:variable-decl text:value-type="string" text:name="HFELD"/>
   <text:variable-decl text:value-type="string" text:name="WIN"/>
   <text:variable-decl text:value-type="string" text:name="UNIX"/>
   <text:variable-decl text:value-type="string" text:name="STYLE"/>
  </text:variable-decls>
  <text:sequence-decls>
   <text:sequence-decl text:display-outline-level="0" text:name="Illustration"/>
   <text:sequence-decl text:display-outline-level="0" text:name="Table"/>
   <text:sequence-decl text:display-outline-level="0" text:name="Text"/>
   <text:sequence-decl text:display-outline-level="0" text:name="Drawing"/>
  </text:sequence-decls>
  <text:p text:style-name="P1"/>
  <text:p text:style-name="Head 1">编辑菜单</text:p>
  <help:to-popup Eid="do">
  <text:p text:style-name="Paragraph">菜单<text:span text:style-name="T1">编辑 - 撤消命令</text:span></text:p>
  <text:p text:style-name="Paragraph">键<help:switch select="System"><help:case select ="MAC">(命令)</help:case><help:default>(Ctrl)</help:default></help:switch>(Z)</text:p>
  <text:p text:style-name="Paragraph">在 <text:span text:style-name="T1">[功能栏]</text:span> 或 <text:span text:style-name="T1">[数据库工具栏]</text:span> 上，单击</text:p>
  <help:to-be-embedded Eid="syrueckgaengig">
  <table:table table:name="Tabelle1" table:style-name="Tabelle1">
   <table:table-column table:style-name="Tabelle1.A"/>
   <table:table-column table:style-name="Tabelle1.B"/>
   <table:table-header-rows>
    <table:table-row>
     <table:table-cell table:value-type="string">
      <text:p text:style-name="Paragraph"><draw:image draw:name="图标0" svg:desc="图标" svg:pixelx="25" svg:pixely="25" svg:width="0.661cm" svg:height="0.661cm" xlink:href="67346" draw:filter-name=""/></text:p>

     </table:table-cell>
     <table:table-cell table:value-type="string">
      <text:p text:style-name="Paragraph">撤消命令</text:p>
     </table:table-cell>
    </table:table-row>
   </table:table-header-rows>
  </table:table>
  </help:to-be-embedded></help:to-popup>
  <help:to-popup Eid="redo">
  <text:p text:style-name="Paragraph">菜单<text:span text:style-name="T1">编辑 - 恢复撤消命令</text:span></text:p>
  <text:p text:style-name="Paragraph">在 <text:span text:style-name="T1">[功能栏]</text:span> 上，单击</text:p>
  <help:to-be-embedded Eid="sywiederholen">
  <table:table table:name="Tabelle2" table:style-name="Tabelle2">
   <table:table-column table:style-name="Tabelle2.A"/>
   <table:table-column table:style-name="Tabelle2.B"/>
   <table:table-header-rows>
    <table:table-row>
     <table:table-cell table:value-type="string">
      <text:p text:style-name="Paragraph"><draw:image draw:name="图标1" svg:desc="图标" svg:pixelx="25" svg:pixely="25" svg:width="0.661cm" svg:height="0.661cm" xlink:href="67347" draw:filter-name=""/></text:p>

     </table:table-cell>
     <table:table-cell table:value-type="string">
      <text:p text:style-name="Paragraph">恢复撤消命令</text:p>
     </table:table-cell>
    </table:table-row>
   </table:table-header-rows>
  </table:table>
  </help:to-be-embedded></help:to-popup>
  <text:p text:style-name="Paragraph"><help:to-popup Eid="letzter">菜单<text:span text:style-name="T1">编辑 - 重复上一个命令</text:span></help:to-popup></text:p>
  <help:to-popup Eid="cut">
  <text:p text:style-name="Paragraph">菜单<text:span text:style-name="T1">编辑 - 剪切</text:span></text:p>
  <text:p text:style-name="Paragraph">键<help:switch select="System"><help:case select ="MAC">(命令)</help:case><help:default>(Ctrl)</help:default></help:switch>(X)</text:p>
  <text:p text:style-name="Paragraph">在 <text:span text:style-name="T1">[功能栏]</text:span> 上，单击</text:p>
  <help:to-be-embedded Eid="syausschneiden">
  <table:table table:name="Tabelle3" table:style-name="Tabelle3">
   <table:table-column table:style-name="Tabelle3.A"/>
   <table:table-column table:style-name="Tabelle3.B"/>
   <table:table-header-rows>
    <table:table-row>
     <table:table-cell table:value-type="string">
      <text:p text:style-name="Paragraph"><draw:image draw:name="图标2" svg:desc="图标" svg:pixelx="25" svg:pixely="25" svg:width="0.661cm" svg:height="0.661cm" xlink:href="65912" draw:filter-name=""/></text:p>

     </table:table-cell>
     <table:table-cell table:value-type="string">
      <text:p text:style-name="Paragraph">剪切</text:p>
     </table:table-cell>
    </table:table-row>
   </table:table-header-rows>
  </table:table>
  </help:to-be-embedded></help:to-popup>
  <help:to-popup Eid="copy">
  <text:p text:style-name="Paragraph">菜单<text:span text:style-name="T1">编辑 - 复制</text:span></text:p>
  <text:p text:style-name="Paragraph">键<help:switch select="System"><help:case select ="MAC">(命令)</help:case><help:default>(Ctrl)</help:default></help:switch>(C)</text:p>
  <text:p text:style-name="Paragraph">在 <text:span text:style-name="T1">[功能栏]</text:span> 上，单击</text:p>
  <help:to-be-embedded Eid="sykopieren">
  <table:table table:name="Tabelle4" table:style-name="Tabelle4">
   <table:table-column table:style-name="Tabelle4.A"/>
   <table:table-column table:style-name="Tabelle4.B"/>
   <table:table-header-rows>
    <table:table-row>
     <table:table-cell table:value-type="string">
      <text:p text:style-name="Paragraph"><draw:image draw:name="图标3" svg:desc="图标" svg:pixelx="25" svg:pixely="25" svg:width="0.661cm" svg:height="0.661cm" xlink:href="65910" draw:filter-name=""/></text:p>

     </table:table-cell>
     <table:table-cell table:value-type="string">
      <text:p text:style-name="Paragraph">复制</text:p>
     </table:table-cell>
    </table:table-row>
   </table:table-header-rows>
  </table:table>
  </help:to-be-embedded></help:to-popup>
  <help:to-popup Eid="insert">
  <text:p text:style-name="Paragraph">菜单<text:span text:style-name="T1">编辑 - 插入</text:span></text:p>
  <text:p text:style-name="Paragraph">键<help:switch select="System"><help:case select ="MAC">(命令)</help:case><help:default>(Ctrl)</help:default></help:switch>(V)</text:p>
  <text:p text:style-name="Paragraph">在 <text:span text:style-name="T1">[功能栏]</text:span> 上，单击</text:p>
  <help:to-be-embedded Eid="syeinfuegen">
  <table:table table:name="Tabelle5" table:style-name="Tabelle5">
   <table:table-column table:style-name="Tabelle5.A"/>
   <table:table-column table:style-name="Tabelle5.B"/>
   <table:table-header-rows>
    <table:table-row>
     <table:table-cell table:value-type="string">
      <text:p text:style-name="Paragraph"><draw:image draw:name="图标4" svg:desc="图标" svg:pixelx="25" svg:pixely="25" svg:width="0.661cm" svg:height="0.661cm" xlink:href="67348" draw:filter-name=""/></text:p>

     </table:table-cell>
     <table:table-cell table:value-type="string">
      <text:p text:style-name="Paragraph">插入</text:p>
     </table:table-cell>
    </table:table-row>
   </table:table-header-rows>
  </table:table>
  </help:to-be-embedded></help:to-popup>
  <text:p text:style-name="Paragraph"><help:to-popup Eid="inhalte">菜单<text:span text:style-name="T1">编辑 - 选择性插入内容...</text:span></help:to-popup></text:p>
  <help:to-popup Eid="alles">
  <text:p text:style-name="Paragraph">菜单<text:span text:style-name="T1">编辑 - 全部选中</text:span></text:p>
  <text:p text:style-name="Paragraph">键<help:switch select="System"><help:case select ="MAC">(命令)</help:case><help:default>(Ctrl)</help:default></help:switch>(A)</text:p>
  <help:to-be-embedded Eid="syallesau">
  <table:table table:name="Tabelle7" table:style-name="Tabelle7">
   <table:table-column table:style-name="Tabelle7.A"/>
   <table:table-column table:style-name="Tabelle7.B"/>
   <table:table-header-rows>
    <table:table-row>
     <table:table-cell table:value-type="string">
      <text:p text:style-name="Paragraph"><draw:image draw:name="图标5" svg:desc="图标" svg:pixelx="25" svg:pixely="25" svg:width="0.661cm" svg:height="0.661cm" xlink:href="65665" draw:filter-name=""/></text:p>

     </table:table-cell>
     <table:table-cell table:value-type="string">
      <text:p text:style-name="Paragraph">全部选中</text:p>
     </table:table-cell>
    </table:table-row>
   </table:table-header-rows>
  </table:table>
  </help:to-be-embedded></help:to-popup>
  <text:p text:style-name="Paragraph"><help:to-popup Eid="aenderungen">菜单<text:span text:style-name="T1">编辑 - 更改</text:span></help:to-popup></text:p>
  <text:p text:style-name="Paragraph"><help:to-popup Eid="aufzeichnen">菜单<text:span text:style-name="T1">编辑 - 更改 - 记录</text:span></help:to-popup></text:p>
  <text:p text:style-name="Paragraph"><help:to-popup Eid="anzeigen"><help:switch select="Program"><help:case select="WRITER">菜单<text:span text:style-name="T1">编辑 - 更改 - 显示</text:span></help:case><help:case select="CALC">菜单<text:span text:style-name="T1">编辑 - 更改 - 显示...</text:span></help:case></help:switch></help:to-popup></text:p>
  <text:p text:style-name="Paragraph"><help:to-popup Eid="rotlinie">菜单<text:span text:style-name="T1">编辑 - 更改 - 接受或舍弃...</text:span></help:to-popup></text:p>
  <help:to-popup Eid="rotlinieliste">
  <text:p text:style-name="Paragraph">菜单<text:span text:style-name="T1">编辑 - 更改 - 接受或舍弃...</text:span>选项卡<text:span text:style-name="T1">列单</text:span></text:p>
  <text:p text:style-name="Paragraph">选择 <text:span text:style-name="T1">[格式] - [自动格式] - [使用和编辑更改]。</text:span>将显示 [自动格式] 对话框，单击<text:span text:style-name="T1">“编辑更改”</text:span>按钮，可以看到<text:span text:style-name="T1">“列单”</text:span>选项卡页面</text:p>
  </help:to-popup>
  <text:p text:style-name="Paragraph"><help:to-popup Eid="rotliniefilter">菜单 编辑 - 更改 - 接受或舍弃... <text:s/>筛选选项卡</help:to-popup></text:p>
  <text:p text:style-name="Paragraph"><help:to-popup Eid="einfuegen">菜单 编辑 - 更改 - 合并文档...</help:to-popup></text:p>
  <text:p text:style-name="Paragraph"><help:to-popup Eid="dvergl">菜单 编辑 - 比较文档...</help:to-popup></text:p>
  <help:to-popup Eid="kommentar">
  <text:p text:style-name="Paragraph">菜单<text:span text:style-name="T1">编辑 - 更改 - 注解...</text:span></text:p>
  <text:p text:style-name="Paragraph">打开<text:span text:style-name="T1">“更改”</text:span>列单上下文菜单。选择 <help:switch select="Program"><help:case select="WRITER"><text:span text:style-name="T1">[编辑注解]</text:span></help:case><help:case select="CALC"><text:span text:style-name="T1">[更改注解]</text:span></help:case></help:switch></text:p>
  </help:to-popup>
  <help:to-popup Eid="suchen">
  <text:p text:style-name="Paragraph">菜单<text:span text:style-name="T1">编辑 - 搜寻和替换...</text:span></text:p>
  <text:p text:style-name="Paragraph">键<help:switch select="System"><help:case select ="MAC">(命令)</help:case><help:default>(Ctrl)</help:default></help:switch>(G)</text:p>
  <text:p text:style-name="Paragraph">在 <text:span text:style-name="T1">[主工具栏]</text:span> (文本文档或工作表文档) 上，单击</text:p>
  <help:to-be-embedded Eid="sysuchenersetzen">
  <table:table table:name="Tabelle6" table:style-name="Tabelle6">
   <table:table-column table:style-name="Tabelle6.A"/>
   <table:table-column table:style-name="Tabelle6.B"/>
   <table:table-header-rows>
    <table:table-row>
     <table:table-cell table:value-type="string">
      <text:p text:style-name="Paragraph"><draw:image draw:name="图标6" svg:desc="图标" svg:pixelx="25" svg:pixely="25" svg:width="0.661cm" svg:height="0.661cm" xlink:href="66339" draw:filter-name=""/></text:p>

     </table:table-cell>
     <table:table-cell table:value-type="string">
      <text:p text:style-name="Paragraph">启动/关闭搜寻</text:p>
     </table:table-cell>
    </table:table-row>
   </table:table-header-rows>
  </table:table>
  </help:to-be-embedded></help:to-popup>
  <text:p text:style-name="Paragraph"><help:to-popup Eid="suchenattribute">菜单<text:span text:style-name="T1">编辑 - 搜寻和替换... - </text:span>按钮<text:span text:style-name="T1">属性...</text:span></help:to-popup></text:p>
  <text:p text:style-name="Paragraph"><help:to-popup Eid="suchenformat">菜单<text:span text:style-name="T1">编辑 - 搜寻和替换...</text:span><text:span text:style-name="T2"> - </text:span>按钮<text:span text:style-name="T1">格式...</text:span></help:to-popup></text:p>
  <help:to-popup Eid="suchenaehnlichkeit">
  <text:p text:style-name="Paragraph">菜单<text:span text:style-name="T1">编辑 - 搜寻和替换... </text:span>- 复选框<text:span text:style-name="T1">类似搜寻</text:span>被标记后，按钮<text:span text:style-name="T1">...</text:span>才可选中</text:p>
  <text:p text:style-name="Paragraph">一个数据库表格的视图：在数据库工具栏中的图标<text:span text:style-name="T1">搜寻...</text:span> - 复选框<text:span text:style-name="T1">类似搜寻</text:span>被标记后，按钮<text:span text:style-name="T1">...</text:span>才可选中</text:p>
  <text:p text:style-name="Paragraph">在 <text:span text:style-name="T1">[表单栏]</text:span> 上，单击 <text:span text:style-name="T1">[搜寻数据条目]</text:span> -<text:span text:style-name="T1">“类似搜寻”</text:span>复选框 -<text:span text:style-name="T1">“...”</text:span>按钮 (表单视图)</text:p>
  </help:to-popup>
  <help:to-popup Eid="navigator">
  <text:p text:style-name="Paragraph">菜单<text:span text:style-name="T1">编辑 - 助手</text:span></text:p>
  <text:p text:style-name="Paragraph">键(F5)</text:p>
  <text:p text:style-name="Paragraph">在 <text:span text:style-name="T1">[功能栏]</text:span> 上，单击</text:p>
  <a name="synavigator"/>
  <table:table table:name="Tabelle12" table:style-name="Tabelle12">
   <table:table-column table:style-name="Tabelle12.A"/>
   <table:table-column table:style-name="Tabelle12.B"/>
   <table:table-header-rows>
    <table:table-row>
     <table:table-cell table:value-type="string">
      <text:p text:style-name="Paragraph"><draw:image draw:name="图标7" svg:desc="图标" svg:pixelx="25" svg:pixely="25" svg:width="0.661cm" svg:height="0.661cm" xlink:href="66162" draw:filter-name=""/></text:p>

     </table:table-cell>
     <table:table-cell table:value-type="string">
      <text:p text:style-name="Paragraph">打开或关闭助手</text:p>
     </table:table-cell>
    </table:table-row>
   </table:table-header-rows>
  </table:table>
  </help:to-popup>
  <text:p text:style-name="Paragraph"><help:to-popup Eid="litdat">菜单<text:span text:style-name="T1">工具 - 文献数据库</text:span></help:to-popup></text:p>
  <text:p text:style-name="Paragraph"><help:to-popup Eid="link">菜单<text:span text:style-name="T1">编辑 - 链接...</text:span></help:to-popup></text:p>
  <text:p text:style-name="Paragraph"><help:to-popup Eid="linkae">菜单<text:span text:style-name="T1">编辑 - 链接 - 更改链接</text:span>(仅在DDE链接时)</help:to-popup></text:p>
  <help:to-popup Eid="rahmeneigenschaften">
  <text:p text:style-name="Paragraph">选择一个框对象，然后打开菜单<text:span text:style-name="T1">编辑 - 对象 - 属性</text:span></text:p>
  <text:p text:style-name="Paragraph">一个选中的框对象的上下文菜单，菜单命令<text:span text:style-name="T1">属性</text:span></text:p>
  </help:to-popup>
  <text:p text:style-name="Paragraph"><help:to-popup Eid="plugin"><help:switch select="System"><help:case select ="WIN"></help:case><help:case select="UNIX">菜单<text:span text:style-name="T1">编辑 - PlugIn</text:span></help:case></help:switch></help:to-popup></text:p>
  <text:p text:style-name="Paragraph"><help:to-popup Eid="imagemap">菜单<text:span text:style-name="T1">编辑 - 图像映射</text:span>以及在一个已标记对象的上下文菜单中</help:to-popup></text:p>
  <text:p text:style-name="Paragraph"><help:to-popup Eid="imapeigbea">菜单<text:span text:style-name="T1">编辑 - 图像映射</text:span>，然后在图像映射中选择一个区域，然后按钮<text:span text:style-name="T1">属性 - 说明</text:span></help:to-popup></text:p>
  <text:p text:style-name="Paragraph"><help:to-popup Eid="edit1">菜单<text:span text:style-name="T1">编辑 - 对象</text:span></help:to-popup></text:p>
  <text:p text:style-name="Paragraph"><help:to-popup Eid="edit2">菜单<text:span text:style-name="T1">编辑 - 对象 - 编辑</text:span>以及在一个已标记对象的上下文菜单中</help:to-popup></text:p>
  <text:p text:style-name="Paragraph"><help:to-popup Eid="edit3">菜单<text:span text:style-name="T1">编辑 - 对象 - 打开</text:span></help:to-popup></text:p>
 </office:body>
</office:document>
