<?xml version="1.0" encoding="UTF-8"?>

<office:document  xmlns:office="http://openoffice.org/2000/office" xmlns:style="http://openoffice.org/2000/style" xmlns:text="http://openoffice.org/2000/text" xmlns:table="http://openoffice.org/2000/table" xmlns:draw="http://openoffice.org/2000/drawing" xmlns:fo="http://www.w3.org/1999/XSL/Format" xmlns:xlink="http://www.w3.org/1999/xlink" xmlns:number="http://openoffice.org/2000/datastyle" xmlns:svg="http://www.w3.org/2000/svg" xmlns:chart="http://openoffice.org/2000/chart" xmlns:dr3d="http://openoffice.org/2000/dr3d" xmlns:math="http://www.w3.org/1998/Math/MathML" xmlns:form="http://openoffice.org/2000/form" xmlns:script="http://openoffice.org/2000/script" office:class="text" office:version="1.0" xmlns:dc="http://purl.org/dc/elements/1.1/" xmlns:meta="http://openoffice.org/2000/meta" xmlns:help="http://openoffice.org/2000/help">
<office:meta>
  <dc:description>text/common/00/00000204</dc:description>
  <dc:subject>BMP选项</dc:subject>
  <meta:keywords>
   <meta:keyword>$Version</meta:keyword>
  </meta:keywords>
  <dc:language>zh-CN</dc:language>
  <meta:user-defined meta:name="Info 0">READY</meta:user-defined>
  <meta:user-defined meta:name="Info 1">FREE_OK</meta:user-defined>
  <meta:user-defined meta:name="Info 2"/>
  <meta:user-defined meta:name="Info 3"/>
</office:meta>
 <office:script/>
 <office:font-decls>
  <style:font-decl style:name="StarSymbol" fo:font-family="StarSymbol" style:font-charset="x-symbol"/>
  <style:font-decl style:name="Courier New" fo:font-family="&apos;Courier New&apos;" style:font-style-name="Standard" style:font-family-generic="modern" style:font-pitch="fixed"/>
  <style:font-decl style:name="Courier" fo:font-family="Courier" style:font-family-generic="roman" style:font-pitch="fixed"/>
  <style:font-decl style:name="Andale WT UI3" fo:font-family="&apos;Andale WT UI&apos;" style:font-pitch="variable"/>
  <style:font-decl style:name="Arial Unicode MS" fo:font-family="&apos;Arial Unicode MS&apos;" style:font-pitch="variable"/>
  <style:font-decl style:name="HG Mincho Light J" fo:font-family="&apos;HG Mincho Light J&apos;" style:font-pitch="variable"/>
  <style:font-decl style:name="Andale WT UI" fo:font-family="&apos;Andale WT UI&apos;" style:font-style-name="Fett" style:font-family-generic="roman" style:font-pitch="variable"/>
  <style:font-decl style:name="Andale WT UI1" fo:font-family="&apos;Andale WT UI&apos;" style:font-style-name="Standard" style:font-family-generic="roman" style:font-pitch="variable"/>
  <style:font-decl style:name="Thorndale" fo:font-family="Thorndale" style:font-family-generic="roman" style:font-pitch="variable"/>
  <style:font-decl style:name="Times New Roman" fo:font-family="&apos;Times New Roman&apos;" style:font-style-name="Fett" style:font-family-generic="roman" style:font-pitch="variable"/>
  <style:font-decl style:name="Andale WT UI2" fo:font-family="&apos;Andale WT UI&apos;" style:font-family-generic="swiss" style:font-pitch="variable"/>
 </office:font-decls>
 <office:automatic-styles>
  <style:style style:name="P1" style:family="paragraph" style:parent-style-name="Paragraph" style:master-page-name="HTML">
   <style:properties style:page-number="0"/>
  </style:style>
  <style:style style:name="P2" style:family="paragraph" style:parent-style-name="Paragraph">
   <style:properties fo:font-weight="bold"/>
  </style:style>
  <style:style style:name="T1" style:family="text">
   <style:properties fo:font-weight="bold"/>
  </style:style>
 </office:automatic-styles>
 <office:body>
  <text:variable-decls>
   <text:variable-decl text:value-type="string" text:name="HTML_ON"/>
   <text:variable-decl text:value-type="string" text:name="HTML_OFF"/>
   <text:variable-decl text:value-type="string" text:name="TITEL"/>
   <text:variable-decl text:value-type="string" text:name="END"/>
   <text:variable-decl text:value-type="string" text:name="OS2"/>
   <text:variable-decl text:value-type="string" text:name="ELSE"/>
   <text:variable-decl text:value-type="string" text:name="HREF"/>
   <text:variable-decl text:value-type="string" text:name="MAC"/>
   <text:variable-decl text:value-type="string" text:name="NAME"/>
   <text:variable-decl text:value-type="string" text:name="HelpID"/>
   <text:variable-decl text:value-type="string" text:name="MODIFY"/>
   <text:variable-decl text:value-type="string" text:name="REFNR"/>
   <text:variable-decl text:value-type="string" text:name="AKTHLP"/>
   <text:variable-decl text:value-type="string" text:name="AKHLP"/>
   <text:variable-decl text:value-type="string" text:name="STYLE"/>
  </text:variable-decls>
  <text:sequence-decls>
   <text:sequence-decl text:display-outline-level="0" text:name="Illustration"/>
   <text:sequence-decl text:display-outline-level="0" text:name="Table"/>
   <text:sequence-decl text:display-outline-level="0" text:name="Text"/>
   <text:sequence-decl text:display-outline-level="0" text:name="Drawing"/>
  </text:sequence-decls>
  <text:p text:style-name="P1"/>
  <text:p text:style-name="Head 1"><text:variable-set text:name="HelpID" text:value-type="string">&lt;help:help-id value=&quot;SVTOOLS_MODALDIALOG_DLG_EXPORT_PIX&quot;/&gt;</text:variable-set>BMP选项</text:p>
  <text:p text:style-name="Paragraph"><text:variable-set text:name="AKTHLP" text:value-type="string">&lt;help:help-text value=&quot;visible&quot;&gt;</text:variable-set>定义用于 BMP 格式文件的输入/输出设定。<text:variable-set text:name="AKTHLP" text:value-type="string">&lt;/help:help-text&gt;</text:variable-set></text:p>
  <text:p text:style-name="Paragraph"><text:variable-set text:name="STYLE" text:value-type="string">&lt;EMPTY&gt;</text:variable-set><text:variable-set text:name="HREF" text:value-type="string">&lt;help:embedded Id=&quot;65611&quot; Eid=&quot;bmpexport&quot;&gt;</text:variable-set><text:variable-set text:name="HREF" text:value-type="string">&lt;help:embedded Id=&quot;65598&quot; Eid=&quot;wie&quot;&gt;</text:variable-set><text:variable-set text:name="END" text:value-type="string">&lt;/help:embedded&gt;</text:variable-set><text:variable-set text:name="END" text:value-type="string">&lt;/help:embedded&gt;</text:variable-set></text:p>
  <text:p text:style-name="Head 2">彩色分辨率</text:p>
  <text:p text:style-name="Paragraph">指定要输出的 BMP 文件的彩色分辨率。</text:p>
  <text:p text:style-name="Paragraph">在 %{productname}% Draw 中装入的 BMP 图形的上下文菜单中也含有 <text:span text:style-name="T1">[彩色分辨率]</text:span> 命令。</text:p>
  <text:p text:style-name="Head 3"><text:variable-set text:name="HelpID" text:value-type="string">&lt;help:help-id value=&quot;SVTOOLS_LISTBOX_DLG_EXPORT_PIX_LB_COLORS&quot;/&gt;</text:variable-set>彩色分辨率</text:p>
  <text:p text:style-name="Paragraph"><text:variable-set text:name="AKTHLP" text:value-type="string">&lt;help:help-text value=&quot;visible&quot;&gt;</text:variable-set>在<text:span text:style-name="T1">“彩色分辨率”</text:span>列单中提供了以下分辨率变体：<text:variable-set text:name="AKTHLP" text:value-type="string">&lt;/help:help-text&gt;</text:variable-set></text:p>
  <text:p text:style-name="P2">原件</text:p>
  <text:p text:style-name="Paragraph"><text:variable-set text:name="AKTHLP" text:value-type="string">&lt;help:help-text value=&quot;visible&quot;&gt;</text:variable-set>保留原来的颜色分辨率。<text:variable-set text:name="AKTHLP" text:value-type="string">&lt;/help:help-text&gt;</text:variable-set></text:p>
  <text:p text:style-name="Paragraph"><text:variable-set text:name="HelpID" text:value-type="string">&lt;help:help-id value=&quot;SID_CONVERT_TO_1BIT_THRESHOLD&quot;/&gt;</text:variable-set><text:span text:style-name="T1">1 位初始值</text:span></text:p>
  <text:p text:style-name="Paragraph">将对象转换为黑色和白色。所有低于中间值的亮度级别将变为黑色，所有高于中间值的亮度级别将变为白色。<text:variable-set text:name="AKHLP" text:value-type="string">AVIS</text:variable-set><text:variable-set text:name="AKHLP" text:value-type="string">AEND</text:variable-set></text:p>
  <text:p text:style-name="Paragraph"><text:variable-set text:name="HelpID" text:value-type="string">&lt;help:help-id value=&quot;SID_CONVERT_TO_1BIT_MATRIX&quot;/&gt;</text:variable-set><text:span text:style-name="T1">1 位抖动</text:span></text:p>
  <text:p text:style-name="Paragraph">将对象转换为由黑白点组成的网格。<text:variable-set text:name="AKHLP" text:value-type="string">AVIS</text:variable-set><text:variable-set text:name="AKHLP" text:value-type="string">AEND</text:variable-set></text:p>
  <text:p text:style-name="Paragraph"><text:variable-set text:name="HelpID" text:value-type="string">&lt;help:help-id value=&quot;SID_CONVERT_TO_4BIT_GRAYS&quot;/&gt;</text:variable-set><text:span text:style-name="T1">4 位灰度调色板</text:span></text:p>
  <text:p text:style-name="Paragraph">根据原件的亮度将对象转换为 16 级灰度调色板。<text:variable-set text:name="AKHLP" text:value-type="string">AVIS</text:variable-set><text:variable-set text:name="AKHLP" text:value-type="string">AEND</text:variable-set></text:p>
  <text:p text:style-name="Paragraph"><text:variable-set text:name="HelpID" text:value-type="string">&lt;help:help-id value=&quot;SID_CONVERT_TO_4BIT_COLORS&quot;/&gt;</text:variable-set><text:span text:style-name="T1">4 位调色板</text:span></text:p>
  <text:p text:style-name="Paragraph">将对象转换为尽可能接近原始颜色的 16 色调色板。<text:variable-set text:name="AKHLP" text:value-type="string">AVIS</text:variable-set><text:variable-set text:name="AKHLP" text:value-type="string">AEND</text:variable-set></text:p>
  <text:p text:style-name="Paragraph"><text:variable-set text:name="HelpID" text:value-type="string">&lt;help:help-id value=&quot;SID_CONVERT_TO_8BIT_GRAYS&quot;/&gt;</text:variable-set><text:span text:style-name="T1">8 位灰度调色板</text:span></text:p>
  <text:p text:style-name="Paragraph">根据原件的亮度将对象转换为 256 级灰度调色板。<text:variable-set text:name="AKHLP" text:value-type="string">AVIS</text:variable-set><text:variable-set text:name="AKHLP" text:value-type="string">AEND</text:variable-set></text:p>
  <text:p text:style-name="Paragraph"><text:variable-set text:name="HelpID" text:value-type="string">&lt;help:help-id value=&quot;SID_CONVERT_TO_8BIT_COLORS&quot;/&gt;</text:variable-set><text:span text:style-name="T1">8 位调色板</text:span></text:p>
  <text:p text:style-name="Paragraph">将对象转换为尽可能接近原始颜色的 256 色调色板。<text:variable-set text:name="AKHLP" text:value-type="string">AVIS</text:variable-set><text:variable-set text:name="AKHLP" text:value-type="string">AEND</text:variable-set></text:p>
  <text:p text:style-name="Paragraph"><text:variable-set text:name="HelpID" text:value-type="string">&lt;help:help-id value=&quot;SID_CONVERT_TO_24BIT&quot;/&gt;</text:variable-set><text:span text:style-name="T1">24 位仿真颜色</text:span></text:p>
  <text:p text:style-name="Paragraph">将对象转换为大约有 1600万种颜色的调色板。<text:variable-set text:name="AKHLP" text:value-type="string">AVIS</text:variable-set><text:variable-set text:name="AKHLP" text:value-type="string">AEND</text:variable-set></text:p>
  <text:p text:style-name="Paragraph"><text:variable-set text:name="HelpID" text:value-type="string">&lt;help:help-id value=&quot;SVTOOLS_CHECKBOX_DLG_EXPORT_PIX_CBX_RLE&quot;/&gt;</text:variable-set>RLE编码</text:p>
  <text:p text:style-name="Paragraph"><text:variable-set text:name="AKTHLP" text:value-type="string">&lt;help:help-text value=&quot;visible&quot;&gt;</text:variable-set>对 BMP 图形采用 RLE (行程长度编码)。<text:variable-set text:name="AKTHLP" text:value-type="string">&lt;/help:help-text&gt;</text:variable-set></text:p>
  <text:p text:style-name="Head 2">模式</text:p>
  <text:p text:style-name="Paragraph">确定输出模式的类型。</text:p>
  <text:p text:style-name="Head 3"><text:variable-set text:name="HelpID" text:value-type="string">&lt;help:help-id value=&quot;SVTOOLS_RADIOBUTTON_DLG_EXPORT_PIX_RB_ORIGINAL_PIX&quot;/&gt;</text:variable-set>原件</text:p>
  <text:p text:style-name="Paragraph"><text:variable-set text:name="AKTHLP" text:value-type="string">&lt;help:help-text value=&quot;visible&quot;&gt;</text:variable-set>如果您想保留原件模式，则可以点击此处。<text:variable-set text:name="AKTHLP" text:value-type="string">&lt;/help:help-text&gt;</text:variable-set></text:p>
  <text:p text:style-name="Head 3"><text:variable-set text:name="HelpID" text:value-type="string">&lt;help:help-id value=&quot;SVTOOLS_RADIOBUTTON_DLG_EXPORT_PIX_RB_RES_PIX&quot;/&gt;</text:variable-set><text:variable-set text:name="HelpID" text:value-type="string">&lt;help:help-id value=&quot;SVTOOLS_COMBOBOX_DLG_EXPORT_PIX_CBB_RES_PIX&quot;/&gt;</text:variable-set>分辨率</text:p>
  <text:p text:style-name="Paragraph"><text:variable-set text:name="AKTHLP" text:value-type="string">&lt;help:help-text value=&quot;visible&quot;&gt;</text:variable-set>用于定义图像的分辨率。从<text:span text:style-name="T1">“分辨率”</text:span>列单框中选择所需的 DPI。<text:variable-set text:name="AKTHLP" text:value-type="string">&lt;/help:help-text&gt;</text:variable-set></text:p>
  <text:p text:style-name="Head 3"><text:variable-set text:name="HelpID" text:value-type="string">&lt;help:help-id value=&quot;SVTOOLS_RADIOBUTTON_DLG_EXPORT_PIX_RB_SIZE_PIX&quot;/&gt;</text:variable-set>大小</text:p>
  <text:p text:style-name="Paragraph"><text:variable-set text:name="AKTHLP" text:value-type="string">&lt;help:help-text value=&quot;visible&quot;&gt;</text:variable-set>如果您想按一定的大小把图像存盘，则点击这里。<text:variable-set text:name="AKTHLP" text:value-type="string">&lt;/help:help-text&gt;</text:variable-set></text:p>
  <text:p text:style-name="Head 3"><text:variable-set text:name="HelpID" text:value-type="string">&lt;help:help-id value=&quot;SVTOOLS_METRICFIELD_DLG_EXPORT_PIX_MTF_SIZEX_PIX&quot;/&gt;</text:variable-set>宽度</text:p>
  <text:p text:style-name="Paragraph"><text:variable-set text:name="AKTHLP" text:value-type="string">&lt;help:help-text value=&quot;visible&quot;&gt;</text:variable-set>指定图像的宽度。<text:variable-set text:name="AKTHLP" text:value-type="string">&lt;/help:help-text&gt;</text:variable-set></text:p>
  <text:p text:style-name="Head 3"><text:variable-set text:name="HelpID" text:value-type="string">&lt;help:help-id value=&quot;SVTOOLS_METRICFIELD_DLG_EXPORT_PIX_MTF_SIZEY_PIX&quot;/&gt;</text:variable-set>高度</text:p>
  <text:p text:style-name="Paragraph"><text:variable-set text:name="AKTHLP" text:value-type="string">&lt;help:help-text value=&quot;visible&quot;&gt;</text:variable-set>指定图像的高度。<text:variable-set text:name="AKTHLP" text:value-type="string">&lt;/help:help-text&gt;</text:variable-set></text:p>
  <text:p text:style-name="Paragraph">如果需要有关筛选的更多信息，请参阅<text:variable-set text:name="HREF" text:value-type="string">&lt;help:link Id=&quot;65614&quot;&gt;</text:variable-set>输入和输出筛选信息<text:variable-set text:name="END" text:value-type="string">&lt;/help:link&gt;</text:variable-set>。</text:p>
 </office:body>
</office:document>
