

<office:document  xmlns:office="http://openoffice.org/2000/office" xmlns:style="http://openoffice.org/2000/style" xmlns:text="http://openoffice.org/2000/text" xmlns:table="http://openoffice.org/2000/table" xmlns:draw="http://openoffice.org/2000/drawing" xmlns:fo="http://www.w3.org/1999/XSL/Format" xmlns:xlink="http://www.w3.org/1999/xlink" xmlns:number="http://openoffice.org/2000/datastyle" xmlns:svg="http://www.w3.org/2000/svg" xmlns:chart="http://openoffice.org/2000/chart" xmlns:dr3d="http://openoffice.org/2000/dr3d" xmlns:math="http://www.w3.org/1998/Math/MathML" xmlns:form="http://openoffice.org/2000/form" xmlns:script="http://openoffice.org/2000/script" office:class="text" office:version="1.0" xmlns:dc="http://purl.org/dc/elements/1.1/" xmlns:meta="http://openoffice.org/2000/meta" xmlns:help="http://openoffice.org/2000/help">
<office:meta>
  <dc:description>text/common/00/01000000</dc:description>
  <dc:subject>隐入和固定嵌入的视窗</dc:subject>

  <dc:language>zh-CN</dc:language>
  <meta:user-defined meta:name="Info 0">READY</meta:user-defined>
  <meta:user-defined meta:name="Info 1">FREE_OK</meta:user-defined>
  <meta:user-defined meta:name="Info 2">HTML_OK</meta:user-defined>
  <meta:user-defined meta:name="Info 3"/>
</office:meta>
 <office:script/>
 <office:font-decls>
  <style:font-decl style:name="StarSymbol" fo:font-family="StarSymbol" style:font-charset="x-symbol"/>
  <style:font-decl style:name="Courier New" fo:font-family="&apos;Courier New&apos;" style:font-style-name="Standard" style:font-family-generic="modern" style:font-pitch="fixed"/>
  <style:font-decl style:name="Courier" fo:font-family="Courier" style:font-family-generic="roman" style:font-pitch="fixed"/>
  <style:font-decl style:name="Andale WT UI3" fo:font-family="&apos;Andale WT UI&apos;" style:font-pitch="variable"/>
  <style:font-decl style:name="Arial Unicode MS" fo:font-family="&apos;Arial Unicode MS&apos;" style:font-pitch="variable"/>
  <style:font-decl style:name="HG Mincho Light J" fo:font-family="&apos;HG Mincho Light J&apos;" style:font-pitch="variable"/>
  <style:font-decl style:name="Andale WT UI" fo:font-family="&apos;Andale WT UI&apos;" style:font-style-name="Fett" style:font-family-generic="roman" style:font-pitch="variable"/>
  <style:font-decl style:name="Andale WT UI1" fo:font-family="&apos;Andale WT UI&apos;" style:font-style-name="Standard" style:font-family-generic="roman" style:font-pitch="variable"/>
  <style:font-decl style:name="Thorndale" fo:font-family="Thorndale" style:font-family-generic="roman" style:font-pitch="variable"/>
  <style:font-decl style:name="Times New Roman" fo:font-family="&apos;Times New Roman&apos;" style:font-style-name="Fett" style:font-family-generic="roman" style:font-pitch="variable"/>
  <style:font-decl style:name="Andale WT UI2" fo:font-family="&apos;Andale WT UI&apos;" style:font-family-generic="swiss" style:font-pitch="variable"/>
 </office:font-decls>
 <office:automatic-styles>
  <style:style style:name="Tabelle5" style:family="table">
   <style:properties style:width="18cm" table:align="margins"/>
  </style:style>
  <style:style style:name="Tabelle5.A" style:family="table-column">
   <style:properties style:column-width="1cm" style:rel-column-width="3641*"/>
  </style:style>
  <style:style style:name="Tabelle5.B" style:family="table-column">
   <style:properties style:column-width="17cm" style:rel-column-width="61894*"/>
  </style:style>
  <style:style style:name="Tabelle5.A1" style:family="table-cell">
   <style:properties fo:padding="0.097cm" fo:border="none"/>
  </style:style>
  <style:style style:name="Tabelle5.A2" style:family="table-cell">
   <style:properties fo:vertical-align="middle" fo:padding="0.097cm" fo:border="none"/>
  </style:style>
  <style:style style:name="P1" style:family="paragraph" style:parent-style-name="Paragraph" style:master-page-name="HTML">
   <style:properties style:page-number="0"/>
  </style:style>
  <style:style style:name="T1" style:family="text">
   <style:properties fo:font-weight="bold"/>
  </style:style>
  <style:style style:name="fr1" style:family="graphics" style:parent-style-name="Graphics">
   <style:properties fo:margin-left="0cm" fo:margin-right="0cm" fo:margin-top="0cm" fo:margin-bottom="0cm" style:run-through="foreground" style:wrap="run-through" style:vertical-pos="top" style:vertical-rel="paragraph" style:horizontal-pos="center" style:horizontal-rel="paragraph" style:mirror="none" fo:clip="rect(0cm 0cm 0cm 0cm)" draw:luminance="0%" draw:contrast="0%" draw:red="0%" draw:green="0%" draw:blue="0%" draw:gamma="1" draw:color-inversion="false" draw:transparency="-100%" draw:color-mode="standard"/>
  </style:style>
 </office:automatic-styles>
 <office:body>
  <text:variable-decls>
   <text:variable-decl text:value-type="string" text:name="HTML_ON"/>
   <text:variable-decl text:value-type="string" text:name="HTML_OFF"/>
   <text:variable-decl text:value-type="string" text:name="TITEL"/>
   <text:variable-decl text:value-type="string" text:name="END"/>
   <text:variable-decl text:value-type="string" text:name="OS2"/>
   <text:variable-decl text:value-type="string" text:name="ELSE"/>
   <text:variable-decl text:value-type="string" text:name="NAME"/>
   <text:variable-decl text:value-type="string" text:name="MAC"/>
   <text:variable-decl text:value-type="string" text:name="HREF"/>
   <text:variable-decl text:value-type="string" text:name="MODIFY"/>
   <text:variable-decl text:value-type="string" text:name="REFNR"/>
   <text:variable-decl text:value-type="string" text:name="HelpID"/>
   <text:variable-decl text:value-type="string" text:name="AKTHLP"/>
   <text:variable-decl text:value-type="string" text:name="KEY"/>
   <text:variable-decl text:value-type="string" text:name="INDEX"/>
   <text:variable-decl text:value-type="string" text:name="STYLE"/>
  </text:variable-decls>
  <text:sequence-decls>
   <text:sequence-decl text:display-outline-level="0" text:name="Illustration"/>
   <text:sequence-decl text:display-outline-level="0" text:name="Table"/>
   <text:sequence-decl text:display-outline-level="0" text:name="Text"/>
   <text:sequence-decl text:display-outline-level="0" text:name="Drawing"/>
  </text:sequence-decls>
  <text:p text:style-name="P1"/>
  <text:p text:style-name="Head 1">隐入和固定嵌入的视窗<help:key-word value="隐入; 视窗" tag="kw65622_1"/><help:key-word value="固定; 视窗" tag="kw65622_7"/><help:key-word value="视窗; 隐入" tag="kw65622_6"/><help:key-word value="视窗; 固定" tag="kw65622_5"/></text:p>
  <text:p text:style-name="Paragraph">每个<help:popup Id="65619" Eid="andocken">驻留的</help:popup>视窗都有两个用于控制视窗显示属性的图标。</text:p>
  <help:to-be-embedded Eid="floaticons">
  <text:p text:style-name="Paragraph">要显示或隐入驻留的视窗，请单击箭头图标。要在浮动状态与固定状态之间切换，请单击图钉图标。浮动的驻留视窗可能会覆盖背后文档的部分内容。固定的驻留视窗则不会覆盖文档。</text:p>
  <text:p text:style-name="Paragraph">以左边缘驻留的视窗具有以下图标：</text:p>
  <table:table table:name="Tabelle5" table:style-name="Tabelle5">
   <table:table-column table:style-name="Tabelle5.A"/>
   <table:table-column table:style-name="Tabelle5.B"/>
   <table:table-header-rows>
    <table:table-row>
     <table:table-cell table:style-name="Tabelle5.A1" table:number-columns-spanned="2" table:value-type="string">
      <text:p text:style-name="TableHead">显示</text:p>
     </table:table-cell>
     <table:covered-table-cell/>
    </table:table-row>
   </table:table-header-rows>
   <table:table-row>
    <table:table-cell table:style-name="Tabelle5.A2" table:value-type="string">
     <text:p text:style-name="TextInTable"><draw:image draw:name="图标0" svg:desc="图标" svg:pixelx="10" svg:pixely="41" svg:width="0.265cm" svg:height="1.085cm" xlink:href="65822" draw:filter-name=""/></text:p>

    </table:table-cell>
    <table:table-cell table:style-name="Tabelle5.A2" table:value-type="string">
     <text:p text:style-name="Paragraph">单击 <text:span text:style-name="T1">[显示]</text:span> 图标以显示驻留的视窗。</text:p>
    </table:table-cell>
   </table:table-row>
   <table:table-row>
    <table:table-cell table:style-name="Tabelle5.A1" table:number-columns-spanned="2" table:value-type="string">
     <text:p text:style-name="TableHead">隐入</text:p>
    </table:table-cell>
    <table:covered-table-cell/>
   </table:table-row>
   <table:table-row>
    <table:table-cell table:style-name="Tabelle5.A2" table:value-type="string">
     <text:p text:style-name="TextInTable"><draw:image draw:name="图标1" svg:desc="图标" svg:pixelx="10" svg:pixely="41" svg:width="0.265cm" svg:height="1.085cm" xlink:href="65679" draw:filter-name=""/></text:p>

    </table:table-cell>
    <table:table-cell table:style-name="Tabelle5.A2" table:value-type="string">
     <text:p text:style-name="Paragraph">单击 <text:span text:style-name="T1">[隐入]</text:span> 图标以隐入驻留的视窗。</text:p>
    </table:table-cell>
   </table:table-row>
   <table:table-row>
    <table:table-cell table:style-name="Tabelle5.A1" table:number-columns-spanned="2" table:value-type="string">
     <text:p text:style-name="TableHead">固定</text:p>
    </table:table-cell>
    <table:covered-table-cell/>
   </table:table-row>
   <table:table-row>
    <table:table-cell table:style-name="Tabelle5.A2" table:value-type="string">
     <text:p text:style-name="TextInTable"><draw:image draw:name="图标2" svg:desc="图标" svg:pixelx="10" svg:pixely="41" svg:width="0.265cm" svg:height="1.085cm" xlink:href="66255" draw:filter-name=""/></text:p>

    </table:table-cell>
    <table:table-cell table:style-name="Tabelle5.A2" table:value-type="string">
     <text:p text:style-name="Paragraph">单击 <text:span text:style-name="T1">[固定]</text:span> 图标以固定浮动的驻留视窗。</text:p>
    </table:table-cell>
   </table:table-row>
   <table:table-row>
    <table:table-cell table:style-name="Tabelle5.A1" table:number-columns-spanned="2" table:value-type="string">
     <text:p text:style-name="TableHead">浮动</text:p>
    </table:table-cell>
    <table:covered-table-cell/>
   </table:table-row>
   <table:table-row>
    <table:table-cell table:style-name="Tabelle5.A2" table:value-type="string">
     <text:p text:style-name="TextInTable"><draw:image draw:name="图标3" svg:desc="图标" svg:pixelx="10" svg:pixely="41" svg:width="0.265cm" svg:height="1.085cm" xlink:href="66254" draw:filter-name=""/></text:p>

    </table:table-cell>
    <table:table-cell table:style-name="Tabelle5.A2" table:value-type="string">
     <text:p text:style-name="Paragraph">单击 <text:span text:style-name="T1">[浮动]</text:span> 图标以将固定的驻留视窗更改为浮动的驻留视窗。</text:p>
    </table:table-cell>
   </table:table-row>
  </table:table>
  </help:to-be-embedded>
  <text:p text:style-name="Head 2"><help:key-word value="自动隐入; 视窗" tag="kw65622_4"/><help:key-word value="自动显示; 视窗" tag="kw65622_3"/><help:key-word value="视窗; 自动隐入/自动显示" tag="kw65622_2"/>自动显示和自动隐入驻留的视窗</text:p>
  <text:p text:style-name="Paragraph">单击隐入的的驻留视窗的边缘可以显示该视窗。</text:p>
  <text:p text:style-name="Paragraph">当将鼠标指针移出驻留的视窗时，该视窗将自动隐入。</text:p>
  <text:p text:style-name="Paragraph">多个驻留视窗的自动显示/自动隐入模式与单个视窗相同。</text:p>
  <text:p text:style-name="Head 3">拖放</text:p>
  <text:p text:style-name="Paragraph">当将对象拖到隐入的驻留视窗的边缘时，该视窗将以自动显示模式打开。</text:p>
 </office:body>
</office:document>
