

<office:document  xmlns:office="http://openoffice.org/2000/office" xmlns:style="http://openoffice.org/2000/style" xmlns:text="http://openoffice.org/2000/text" xmlns:table="http://openoffice.org/2000/table" xmlns:draw="http://openoffice.org/2000/drawing" xmlns:fo="http://www.w3.org/1999/XSL/Format" xmlns:xlink="http://www.w3.org/1999/xlink" xmlns:number="http://openoffice.org/2000/datastyle" xmlns:svg="http://www.w3.org/2000/svg" xmlns:chart="http://openoffice.org/2000/chart" xmlns:dr3d="http://openoffice.org/2000/dr3d" xmlns:math="http://www.w3.org/1998/Math/MathML" xmlns:form="http://openoffice.org/2000/form" xmlns:script="http://openoffice.org/2000/script" office:class="text" office:version="1.0" xmlns:dc="http://purl.org/dc/elements/1.1/" xmlns:meta="http://openoffice.org/2000/meta" xmlns:help="http://openoffice.org/2000/help">
<office:meta>
  <dc:description>text/common/00/01050000</dc:description>
  <dc:subject>一般</dc:subject>
  <meta:keywords>
   <meta:keyword>$Version</meta:keyword>
  </meta:keywords>
  <dc:language>zh-CN</dc:language>
  <meta:user-defined meta:name="Info 0">READY</meta:user-defined>
  <meta:user-defined meta:name="Info 1">FREE_OK</meta:user-defined>
  <meta:user-defined meta:name="Info 2"/>
  <meta:user-defined meta:name="Info 3"/>
</office:meta>
 <office:script/>
 <office:font-decls>
  <style:font-decl style:name="StarSymbol" fo:font-family="StarSymbol" style:font-charset="x-symbol"/>
  <style:font-decl style:name="Courier New" fo:font-family="&apos;Courier New&apos;" style:font-style-name="Standard" style:font-family-generic="modern" style:font-pitch="fixed"/>
  <style:font-decl style:name="Courier" fo:font-family="Courier" style:font-family-generic="roman" style:font-pitch="fixed"/>
  <style:font-decl style:name="Andale WT UI3" fo:font-family="&apos;Andale WT UI&apos;" style:font-pitch="variable"/>
  <style:font-decl style:name="Arial Unicode MS" fo:font-family="&apos;Arial Unicode MS&apos;" style:font-pitch="variable"/>
  <style:font-decl style:name="HG Mincho Light J" fo:font-family="&apos;HG Mincho Light J&apos;" style:font-pitch="variable"/>
  <style:font-decl style:name="Andale WT UI" fo:font-family="&apos;Andale WT UI&apos;" style:font-style-name="Fett" style:font-family-generic="roman" style:font-pitch="variable"/>
  <style:font-decl style:name="Andale WT UI1" fo:font-family="&apos;Andale WT UI&apos;" style:font-style-name="Standard" style:font-family-generic="roman" style:font-pitch="variable"/>
  <style:font-decl style:name="Thorndale" fo:font-family="Thorndale" style:font-family-generic="roman" style:font-pitch="variable"/>
  <style:font-decl style:name="Times New Roman" fo:font-family="&apos;Times New Roman&apos;" style:font-style-name="Fett" style:font-family-generic="roman" style:font-pitch="variable"/>
  <style:font-decl style:name="Andale WT UI2" fo:font-family="&apos;Andale WT UI&apos;" style:font-family-generic="swiss" style:font-pitch="variable"/>
 </office:font-decls>
 <office:automatic-styles>
  <style:style style:name="Tabelle1" style:family="table">
   <style:properties style:width="18cm" table:align="margins"/>
  </style:style>
  <style:style style:name="Tabelle1.A" style:family="table-column">
   <style:properties style:column-width="1.499cm" style:rel-column-width="5460*"/>
  </style:style>
  <style:style style:name="Tabelle1.B" style:family="table-column">
   <style:properties style:column-width="16.501cm" style:rel-column-width="60075*"/>
  </style:style>
  <style:style style:name="Tabelle1.1" style:family="table-row">
   <style:properties style:min-row-height="0.848cm"/>
  </style:style>
  <style:style style:name="Tabelle1.A1" style:family="table-cell">
   <style:properties fo:padding="0cm" fo:border="none"/>
  </style:style>
  <style:style style:name="Tabelle2" style:family="table">
   <style:properties style:width="18cm" table:align="margins"/>
  </style:style>
  <style:style style:name="Tabelle2.A" style:family="table-column">
   <style:properties style:column-width="1.499cm" style:rel-column-width="5460*"/>
  </style:style>
  <style:style style:name="Tabelle2.B" style:family="table-column">
   <style:properties style:column-width="16.501cm" style:rel-column-width="60075*"/>
  </style:style>
  <style:style style:name="Tabelle2.1" style:family="table-row">
   <style:properties style:min-row-height="0.848cm"/>
  </style:style>
  <style:style style:name="Tabelle2.A1" style:family="table-cell">
   <style:properties fo:padding="0cm" fo:border="none"/>
  </style:style>
  <style:style style:name="P1" style:family="paragraph" style:parent-style-name="Paragraph" style:master-page-name="HTML">
   <style:properties style:page-number="0"/>
  </style:style>
  <style:style style:name="T1" style:family="text">
   <style:properties fo:font-weight="bold"/>
  </style:style>
  <style:style style:name="fr1" style:family="graphics" style:parent-style-name="Graphics">
   <style:properties fo:margin-left="0cm" fo:margin-right="0cm" fo:margin-top="0cm" fo:margin-bottom="0cm" style:run-through="foreground" style:wrap="run-through" style:vertical-pos="middle" style:vertical-rel="paragraph" style:horizontal-pos="left" style:horizontal-rel="paragraph" style:mirror="none" fo:clip="rect(0cm 0cm 0cm 0cm)" draw:luminance="0%" draw:contrast="0%" draw:red="0%" draw:green="0%" draw:blue="0%" draw:gamma="1" draw:color-inversion="false" draw:transparency="-100%" draw:color-mode="standard"/>
  </style:style>
 </office:automatic-styles>
 <office:body>
  <text:variable-decls>
   <text:variable-decl text:value-type="string" text:name="HTML_ON"/>
   <text:variable-decl text:value-type="string" text:name="HTML_OFF"/>
   <text:variable-decl text:value-type="string" text:name="TITEL"/>
   <text:variable-decl text:value-type="string" text:name="END"/>
   <text:variable-decl text:value-type="string" text:name="NAME"/>
   <text:variable-decl text:value-type="string" text:name="HREF"/>
   <text:variable-decl text:value-type="string" text:name="HelpID"/>
   <text:variable-decl text:value-type="string" text:name="MODIFY"/>
   <text:variable-decl text:value-type="string" text:name="REFNR"/>
   <text:variable-decl text:value-type="string" text:name="OS2"/>
   <text:variable-decl text:value-type="string" text:name="ELSE"/>
   <text:variable-decl text:value-type="string" text:name="MAC"/>
   <text:variable-decl text:value-type="string" text:name="AKTHLP"/>
   <text:variable-decl text:value-type="string" text:name="INDEX"/>
   <text:variable-decl text:value-type="string" text:name="KEY"/>
   <text:variable-decl text:value-type="string" text:name="STYLE"/>
  </text:variable-decls>
  <text:sequence-decls>
   <text:sequence-decl text:display-outline-level="0" text:name="Illustration"/>
   <text:sequence-decl text:display-outline-level="0" text:name="Table"/>
   <text:sequence-decl text:display-outline-level="0" text:name="Text"/>
   <text:sequence-decl text:display-outline-level="0" text:name="Drawing"/>
  </text:sequence-decls>
  <help:to-be-embedded Eid="allgemein">
  <text:p text:style-name="Head 1"><help:help-id value="SVX_TABPAGE_RID_SVXTABPAGE_GALLERY_GENERAL"/><help:link Id="68627">一般</help:link></text:p>
  <text:p text:style-name="Paragraph"><help:help-text value="visible"><text:span text:style-name="T1">“常规”</text:span>选项卡页面列出了当前对象的一般属性。</help:help-text>一般信息包括对象的名称和其他相关信息。</text:p>
  </help:to-be-embedded>
  <help:popup Id="67813" Eid="allgemein"><help:embedded Id="65598" Eid="wie"></help:embedded></help:popup>
  <table:table table:name="Tabelle1" table:style-name="Tabelle1">
   <table:table-column table:style-name="Tabelle1.A"/>
   <table:table-column table:style-name="Tabelle1.B"/>
   <table:table-header-rows>
    <table:table-row table:style-name="Tabelle1.1">
     <table:table-cell table:style-name="Tabelle1.A1" table:value-type="string">
      <text:p text:style-name="Paragraph"><draw:image draw:name="图标0" svg:desc="备注图标" svg:pixelx="32" svg:pixely="32" svg:width="0.847cm" svg:height="0.847cm" xlink:href="65980" draw:filter-name=""/></text:p>

     </table:table-cell>
     <table:table-cell table:style-name="Tabelle1.A1" table:value-type="string">
      <text:p text:style-name="Paragraph"><text:span text:style-name="T1">“常规”</text:span>选项卡的结构取决于当前对象，因此，显示的信息或内容仅针对特定的对象。</text:p>
     </table:table-cell>
    </table:table-row>
   </table:table-header-rows>
  </table:table>
  <text:p text:style-name="Head 2"><help:help-id value="SVX_EDIT_RID_SVXTABPAGE_GALLERY_GENERAL_EDT_MS_NAME"/>名称</text:p>
  <text:p text:style-name="Paragraph"><help:help-text value="visible">对象的名称显示在文字框中。</help:help-text>如果尚未指定名称，请在此处输入新名称。对于某些对象，还可以更改现有的名称。</text:p>
  <text:p text:style-name="Paragraph"><help:key-word value="数据库; 名称" tag="kw68627_1"/>在建立数据库时，请键入名称。<help:productname>%PRODUCTNAME</help:productname> 将使用此名称对数据库进行注册。可以输入任意名称，但不允许含有某些字符，例如“/”、“\”、“?”、“#”，这些字符在键入时将被忽略。在命名时，只有特定于操作系统的文件系统限制才有效。</text:p>
  <table:table table:name="Tabelle2" table:style-name="Tabelle2">
   <table:table-column table:style-name="Tabelle2.A"/>
   <table:table-column table:style-name="Tabelle2.B"/>
   <table:table-header-rows>
    <table:table-row table:style-name="Tabelle2.1">
     <table:table-cell table:style-name="Tabelle2.A1" table:value-type="string">
      <text:p text:style-name="Paragraph"><draw:image draw:name="图标1" svg:desc="备注图标" svg:pixelx="32" svg:pixely="32" svg:width="0.847cm" svg:height="0.847cm" xlink:href="65980" draw:filter-name=""/></text:p>

     </table:table-cell>
     <table:table-cell table:style-name="Tabelle2.A1" table:value-type="string">
      <text:p text:style-name="Paragraph">如果您在网络上工作，那么请注意，不允许本地数据库的标识与网络驱动器上的数据库标识相同。例如，如果您想为一个网络驱动器上的数据库创建一个新的表单，那么只有在您的本地硬盘上不存在同名的数据库时，<help:productname>%PRODUCTNAME</help:productname>才能够建立对这个数据库的引用。</text:p>
     </table:table-cell>
    </table:table-row>
   </table:table-header-rows>
  </table:table>
  <text:p text:style-name="Head 2">防改写</text:p>
  <text:p text:style-name="Paragraph"><help:help-text value="visible">选中<text:span text:style-name="T1">“只读”</text:span>复选框，防止文档被编辑。</help:help-text>取消选中此复选框，可以改写或编辑只读文件。查看文件的属性时，可以看到<text:span text:style-name="T1">“只读”</text:span>复选框。在已打开的文档的属性对话框中，此复选框不可见。</text:p>
  <text:p text:style-name="Head 3">附加信息</text:p>
  <text:p text:style-name="Paragraph">通过上下文菜单 <text:span text:style-name="T1">[显示]</text:span>，可以控制此页上的附加信息。可以选择不显示附加信息，显示附加信息，或仅显示某些文档属性的附加信息。无论选定的对象是文件夹、数据库，还是其他对象，都将显示以下所有信息：</text:p>
  <text:p text:style-name="Head 3">类型</text:p>
  <text:p text:style-name="Paragraph">指定对象类型。对象类型可以包括文件、链接或特定的数据库。根据选定的类型，将显示以下附加条目：</text:p>
  <text:p text:style-name="Head 3">位置</text:p>
  <text:p text:style-name="Paragraph">在这里显示对象的完整路径。</text:p>
  <text:p text:style-name="Head 3">大小</text:p>
  <text:p text:style-name="Paragraph">在这里对象的大小用Byte、KB或MB显示。</text:p>
  <text:p text:style-name="Head 3">包括</text:p>
  <text:p text:style-name="Paragraph">显示选定文件夹中含有的文件和文件夹的数目。如果选定的是画廊，则显示的是主题数目。</text:p>
  <text:p text:style-name="Head 3">建立日期：</text:p>
  <text:p text:style-name="Paragraph">显示第一次建立该对象的日期和时间，以及显示建立对象的人的姓名。</text:p>
  <text:p text:style-name="Head 3">更改的日期：</text:p>
  <text:p text:style-name="Paragraph">显示最近一次存盘文档更改的日期和时间，以及执行该更改的人的姓名。</text:p>
  <text:p text:style-name="Head 3">打印日期：</text:p>
  <text:p text:style-name="Paragraph">最后一次打印的日期和时间在这里显示。</text:p>
  <text:p text:style-name="Head 3">版本：</text:p>
  <text:p text:style-name="Paragraph">在这里显示文档的版本号。</text:p>
  <text:p text:style-name="Head 3">样式：</text:p>
  <text:p text:style-name="Paragraph">如果您使用了一个文档样式，那么在这里会显示该样式的名称。</text:p>
  <text:p text:style-name="Head 3">已经编辑：</text:p>
  <text:p text:style-name="Paragraph">迄今为止的全部编辑时间在这里显示。</text:p>
 </office:body>
</office:document>
