

<office:document  xmlns:office="http://openoffice.org/2000/office" xmlns:style="http://openoffice.org/2000/style" xmlns:text="http://openoffice.org/2000/text" xmlns:table="http://openoffice.org/2000/table" xmlns:draw="http://openoffice.org/2000/drawing" xmlns:fo="http://www.w3.org/1999/XSL/Format" xmlns:xlink="http://www.w3.org/1999/xlink" xmlns:number="http://openoffice.org/2000/datastyle" xmlns:svg="http://www.w3.org/2000/svg" xmlns:chart="http://openoffice.org/2000/chart" xmlns:dr3d="http://openoffice.org/2000/dr3d" xmlns:math="http://www.w3.org/1998/Math/MathML" xmlns:form="http://openoffice.org/2000/form" xmlns:script="http://openoffice.org/2000/script" office:class="text" office:version="1.0" xmlns:dc="http://purl.org/dc/elements/1.1/" xmlns:meta="http://openoffice.org/2000/meta" xmlns:help="http://openoffice.org/2000/help">
<office:meta>
  <dc:description>text/common/04/01010000</dc:description>
  <dc:subject>%PRODUCTNAME の全般的なショートカットキー</dc:subject>
  <meta:keywords>
   <meta:keyword>$Version</meta:keyword>
  </meta:keywords>
  <dc:language>ja-JP</dc:language>
  <meta:user-defined meta:name="Info 0">READY</meta:user-defined>
  <meta:user-defined meta:name="Info 1">FREE_OK</meta:user-defined>
  <meta:user-defined meta:name="Info 2"/>
  <meta:user-defined meta:name="Info 3"/>
</office:meta>
 <office:script/>
 <office:font-decls>
  <style:font-decl style:name="StarSymbol" fo:font-family="StarSymbol" style:font-charset="x-symbol"/>
  <style:font-decl style:name="Courier New" fo:font-family="&apos;Courier New&apos;" style:font-style-name="Standard" style:font-family-generic="modern" style:font-pitch="fixed"/>
  <style:font-decl style:name="Courier" fo:font-family="Courier" style:font-family-generic="roman" style:font-pitch="fixed"/>
  <style:font-decl style:name="Andale WT UI4" fo:font-family="&apos;Andale WT UI&apos;" style:font-pitch="variable"/>
  <style:font-decl style:name="Arial Unicode MS" fo:font-family="&apos;Arial Unicode MS&apos;" style:font-pitch="variable"/>
  <style:font-decl style:name="HG Mincho Light J" fo:font-family="&apos;HG Mincho Light J&apos;" style:font-pitch="variable"/>
  <style:font-decl style:name="Andale WT UI" fo:font-family="&apos;Andale WT UI&apos;" style:font-family-generic="roman" style:font-pitch="variable"/>
  <style:font-decl style:name="Andale WT UI1" fo:font-family="&apos;Andale WT UI&apos;" style:font-style-name="Fett" style:font-family-generic="roman" style:font-pitch="variable"/>
  <style:font-decl style:name="Andale WT UI2" fo:font-family="&apos;Andale WT UI&apos;" style:font-style-name="Standard" style:font-family-generic="roman" style:font-pitch="variable"/>
  <style:font-decl style:name="Thorndale" fo:font-family="Thorndale" style:font-family-generic="roman" style:font-pitch="variable"/>
  <style:font-decl style:name="Times New Roman" fo:font-family="&apos;Times New Roman&apos;" style:font-style-name="Fett" style:font-family-generic="roman" style:font-pitch="variable"/>
  <style:font-decl style:name="Andale WT UI3" fo:font-family="&apos;Andale WT UI&apos;" style:font-family-generic="swiss" style:font-pitch="variable"/>
 </office:font-decls>
 <office:automatic-styles>
  <style:style style:name="P1" style:family="paragraph" style:parent-style-name="Paragraph" style:master-page-name="HTML">
   <style:properties style:page-number="0"/>
  </style:style>
  <style:style style:name="P2" style:family="paragraph" style:parent-style-name="Paragraph" style:list-style-name="L1"/>
  <style:style style:name="P3" style:family="paragraph" style:parent-style-name="Paragraph" style:list-style-name="L2"/>
  <style:style style:name="P4" style:family="paragraph" style:parent-style-name="Paragraph">
   <style:properties fo:font-weight="bold"/>
  </style:style>
  <style:style style:name="T1" style:family="text">
   <style:properties fo:font-weight="bold"/>
  </style:style>
  <text:list-style style:name="L1">
   <text:list-level-style-bullet text:level="1" text:style-name="Bullet Symbols" style:num-suffix="." text:bullet-char="•">
    <style:properties text:min-label-width="0.499cm" style:font-name="StarSymbol"/>
   </text:list-level-style-bullet>
   <text:list-level-style-bullet text:level="2" text:style-name="Bullet Symbols" style:num-suffix="." text:bullet-char="•">
    <style:properties text:space-before="0.499cm" text:min-label-width="0.499cm" style:font-name="StarSymbol"/>
   </text:list-level-style-bullet>
   <text:list-level-style-bullet text:level="3" text:style-name="Bullet Symbols" style:num-suffix="." text:bullet-char="•">
    <style:properties text:space-before="0.999cm" text:min-label-width="0.499cm" style:font-name="StarSymbol"/>
   </text:list-level-style-bullet>
   <text:list-level-style-bullet text:level="4" text:style-name="Bullet Symbols" style:num-suffix="." text:bullet-char="•">
    <style:properties text:space-before="1.498cm" text:min-label-width="0.499cm" style:font-name="StarSymbol"/>
   </text:list-level-style-bullet>
   <text:list-level-style-bullet text:level="5" text:style-name="Bullet Symbols" style:num-suffix="." text:bullet-char="•">
    <style:properties text:space-before="1.997cm" text:min-label-width="0.499cm" style:font-name="StarSymbol"/>
   </text:list-level-style-bullet>
   <text:list-level-style-number text:level="6" style:num-suffix="." style:num-format="1">
    <style:properties text:space-before="2.501cm" text:min-label-width="0.499cm"/>
   </text:list-level-style-number>
   <text:list-level-style-number text:level="7" style:num-suffix="." style:num-format="1">
    <style:properties text:space-before="3.001cm" text:min-label-width="0.499cm"/>
   </text:list-level-style-number>
   <text:list-level-style-number text:level="8" style:num-suffix="." style:num-format="1">
    <style:properties text:space-before="3.502cm" text:min-label-width="0.499cm"/>
   </text:list-level-style-number>
   <text:list-level-style-number text:level="9" style:num-suffix="." style:num-format="1">
    <style:properties text:space-before="4.001cm" text:min-label-width="0.499cm"/>
   </text:list-level-style-number>
   <text:list-level-style-number text:level="10" style:num-suffix="." style:num-format="1">
    <style:properties text:space-before="4.502cm" text:min-label-width="0.499cm"/>
   </text:list-level-style-number>
  </text:list-style>
  <text:list-style style:name="L2">
   <text:list-level-style-bullet text:level="1" text:style-name="Bullet Symbols" style:num-suffix="." text:bullet-char="•">
    <style:properties text:min-label-width="0.499cm" style:font-name="StarSymbol"/>
   </text:list-level-style-bullet>
   <text:list-level-style-bullet text:level="2" text:style-name="Bullet Symbols" style:num-suffix="." text:bullet-char="•">
    <style:properties text:space-before="0.499cm" text:min-label-width="0.499cm" style:font-name="StarSymbol"/>
   </text:list-level-style-bullet>
   <text:list-level-style-bullet text:level="3" text:style-name="Bullet Symbols" style:num-suffix="." text:bullet-char="•">
    <style:properties text:space-before="0.999cm" text:min-label-width="0.499cm" style:font-name="StarSymbol"/>
   </text:list-level-style-bullet>
   <text:list-level-style-bullet text:level="4" text:style-name="Bullet Symbols" style:num-suffix="." text:bullet-char="•">
    <style:properties text:space-before="1.498cm" text:min-label-width="0.499cm" style:font-name="StarSymbol"/>
   </text:list-level-style-bullet>
   <text:list-level-style-bullet text:level="5" text:style-name="Bullet Symbols" style:num-suffix="." text:bullet-char="•">
    <style:properties text:space-before="1.997cm" text:min-label-width="0.499cm" style:font-name="StarSymbol"/>
   </text:list-level-style-bullet>
   <text:list-level-style-bullet text:level="6" text:style-name="Bullet Symbols" style:num-suffix="." text:bullet-char="•">
    <style:properties text:space-before="2.496cm" text:min-label-width="0.499cm" style:font-name="StarSymbol"/>
   </text:list-level-style-bullet>
   <text:list-level-style-bullet text:level="7" text:style-name="Bullet Symbols" style:num-suffix="." text:bullet-char="•">
    <style:properties text:space-before="2.995cm" text:min-label-width="0.499cm" style:font-name="StarSymbol"/>
   </text:list-level-style-bullet>
   <text:list-level-style-bullet text:level="8" text:style-name="Bullet Symbols" style:num-suffix="." text:bullet-char="•">
    <style:properties text:space-before="3.494cm" text:min-label-width="0.499cm" style:font-name="StarSymbol"/>
   </text:list-level-style-bullet>
   <text:list-level-style-bullet text:level="9" text:style-name="Bullet Symbols" style:num-suffix="." text:bullet-char="•">
    <style:properties text:space-before="3.994cm" text:min-label-width="0.499cm" style:font-name="StarSymbol"/>
   </text:list-level-style-bullet>
   <text:list-level-style-bullet text:level="10" text:style-name="Bullet Symbols" style:num-suffix="." text:bullet-char="•">
    <style:properties text:space-before="4.493cm" text:min-label-width="0.499cm" style:font-name="StarSymbol"/>
   </text:list-level-style-bullet>
  </text:list-style>
 </office:automatic-styles>
 <office:body>
  <text:variable-decls>
   <text:variable-decl text:value-type="string" text:name="HTML_ON"/>
   <text:variable-decl text:value-type="string" text:name="HTML_OFF"/>
   <text:variable-decl text:value-type="string" text:name="TITEL"/>
   <text:variable-decl text:value-type="string" text:name="END"/>
   <text:variable-decl text:value-type="string" text:name="HREF"/>
   <text:variable-decl text:value-type="string" text:name="MAC"/>
   <text:variable-decl text:value-type="string" text:name="OS2"/>
   <text:variable-decl text:value-type="string" text:name="ELSE"/>
   <text:variable-decl text:value-type="string" text:name="NAME"/>
   <text:variable-decl text:value-type="string" text:name="HFELD"/>
   <text:variable-decl text:value-type="string" text:name="MODIFY"/>
   <text:variable-decl text:value-type="string" text:name="REFNR"/>
   <text:variable-decl text:value-type="string" text:name="KEY"/>
   <text:variable-decl text:value-type="string" text:name="INDEX"/>
   <text:variable-decl text:value-type="string" text:name="WIN"/>
   <text:variable-decl text:value-type="string" text:name="UNIX"/>
   <text:variable-decl text:value-type="string" text:name="AKTHLP"/>
   <text:variable-decl text:value-type="string" text:name="STYLE"/>
  </text:variable-decls>
  <text:sequence-decls>
   <text:sequence-decl text:display-outline-level="0" text:name="Illustration"/>
   <text:sequence-decl text:display-outline-level="0" text:name="Table"/>
   <text:sequence-decl text:display-outline-level="0" text:name="Text"/>
   <text:sequence-decl text:display-outline-level="0" text:name="Drawing"/>
  </text:sequence-decls>
  <help:to-be-embedded Eid="allgemeine">
  <text:p text:style-name="Head 1"><help:key-word value="キーボード; 全般的なコマンド" tag="kw66043_1"/><help:key-word value="ショートカットキー; 全般的な" tag="kw66043_5"/><help:to-be-embedded Eid="common_keys"><help:link Id="66043"><help:productname>%PRODUCTNAME</help:productname> の全般的なショートカットキー</help:link></help:to-be-embedded></text:p>
  </help:to-be-embedded>
  <text:p text:style-name="Head 2">ショートカットキーでコマンドを実行する</text:p>
  <text:p text:style-name="Paragraph">機能の多くはショートカットキーで実行できます。例えば <text:span text:style-name="T1">開く</text:span> コマンドは、メニュー <text:span text:style-name="T1">ファイル</text:span> から選択する以外に、ショートカットキー<help:switch select="System"><help:case select ="MAC">（Command）＋（O）</help:case><help:default>（Ctrl）＋（O）</help:default></help:switch> で呼び出すことができます。ショートカットキーの実行は、<help:switch select="System"><help:case select ="MAC">（Command）</help:case><help:default>（Ctrl）</help:default></help:switch>キーを押した状態で（O）を押します。コマンドが実行されたら両方のキーを離します。</text:p>
  <text:p text:style-name="Paragraph">ほぼすべての操作は、マウスとキーの両方で実行できます。</text:p>
  <text:p text:style-name="Head 2"><help:switch select="System"><help:case select ="MAC"></help:case><help:default>ショートカットキーでコマンドを直接実行する</help:default></help:switch></text:p>
  <text:p text:style-name="Paragraph"><help:switch select="System"><help:case select ="MAC"></help:case><help:default>メニューバー上には、項目名の横にアルファベット文字が表示されています。Altキーを押した状態で指定のアルファベットキーを押すことで、そのメニューを開くことができます。開いたメニューの中の項目には、同じくアルファベット文字が付いています。これらのサブメニューは、指定のアルファベットキーを押すだけで直接実行できます。</help:default></help:switch></text:p>
  <text:p text:style-name="Head 2">ショートカットキーによるダイアログ操作</text:p>
  <text:p text:style-name="Paragraph">どのダイアログにもひとつ強調された項目があります。ほとんどの場合その項目は点線で囲まれています。該当する項目には、ボタン、コンボボックス、リストボックス内の項目、チェックボックスがあり、「項目にフォーカスがある」という表現をします。フォーカスのある項目がボタンの場合は、ボタンをクリックするかわりに Enterキーで操作が実行できます。チェックボックスは、スペースキーでオンまたはオフにできます。コンボボックスやリストボックスにフォーカスがある場合は、矢印キーでリスト内が移動できます。フォーカスはタブキーで次の項目に移すことができ、（Shift）+（Tab）で後戻りできます。</text:p>
  <text:p text:style-name="Paragraph">Escキーを押すと、ダイアログに加えた変更が実行されずにダイアログが閉じられます。<help:switch select="System"><help:case select ="MAC"></help:case><help:default>太い輪郭で表示されている標準選択ボタンは、マウスでクリックするかわりに Enterキーで確定できます。</help:default></help:switch></text:p>
  <text:p text:style-name="Head 2">マウスとキーを組み合わせた操作</text:p>
  <text:p text:style-name="Paragraph">マウスを使ってオブジェクトおよび表示名の選択やクリックないしドラッグ＆ドロップを行う際には、Shift キー、<help:switch select="System"><help:case select ="MAC">Command</help:case><help:default>Ctrl</help:default></help:switch> キー、<help:switch select="System"><help:case select ="MAC">Option</help:case><help:default>Alt</help:default></help:switch> キーを併用することで、特殊な操作を行うことができます。これらのキーを押し下げてドラッグ＆ドロップをする場合、どのような操作が行われるかは、マウスポインタの形状で確認できます。たとえばファイルなどのオブジェクトを選択する際には、修飾キーを併用することで選択範囲の拡張が行えますが、具体的にどのような操作になるかは、それぞれ該当する箇所で説明します。<help:switch select="System"><help:case select ="UNIX"><help:embedded Id="65604" Eid="winmanager"></help:embedded></help:case></help:switch></text:p>
  <help:to-be-embedded Eid="texteingabe">
  <text:p text:style-name="Head 2"><help:key-word value="テキスト入力ボックス; 入力する" tag="kw66043_4"/>便利なテキスト入力ボックス</text:p>
  <text:unordered-list text:style-name="L1">
   <text:list-item>
    <text:p text:style-name="P2">有効なコマンドをコンテキストメニューで呼び出すことができます。</text:p>
   </text:list-item>
   <text:list-item>
    <text:p text:style-name="P2">ショートカットキー（Shift）<help:switch select="System"><help:case select ="MAC">（Command）</help:case><help:default>（Ctrl）</help:default></help:switch>＋（S）で <text:span text:style-name="T1">特殊記号</text:span> ダイアログを呼び出して特殊記号を挿入することができます。</text:p>
   </text:list-item>
   <text:list-item>
    <text:p text:style-name="P2">ショートカットキー<help:switch select="System"><help:case select ="MAC">（Command）</help:case><help:default>（Ctrl）</help:default></help:switch>＋（A）で、テキスト内容全体が選択できます。右矢印キーおよび左矢印キーを押すと、選択が解除されます。</text:p>
   </text:list-item>
   <text:list-item>
    <text:p text:style-name="P2">単語をダブルクリックすると、その単語全体が選択されます。</text:p>
   </text:list-item>
   <text:list-item>
    <text:p text:style-name="P2">三重クリックをすると、その行全体が選択されます。</text:p>
   </text:list-item>
   <text:list-item>
    <text:p text:style-name="P2"><help:switch select="System"><help:case select ="MAC">（Command）</help:case><help:default>（Ctrl）</help:default></help:switch>＋（Delete）で、現在のカーソル位置から単語尾までが削除されます。</text:p>
   </text:list-item>
   <text:list-item>
    <text:p text:style-name="P2"><help:switch select="System"><help:case select ="MAC">（Command）</help:case><help:default>（Ctrl）</help:default></help:switch> ＋右矢印キーまたは左矢印キーで、カーソルが単語単位で移動します。Shiftキーを押してこの操作を行うと、単語単位で選択されていきます。</text:p>
   </text:list-item>
   <text:list-item>
    <text:p text:style-name="P2">（Insert）キーを押と、入力モードが挿入モード、または上書きモードに切り替わります。</text:p>
   </text:list-item>
   <text:list-item>
    <text:p text:style-name="P2">ドラッグ＆ドロップは、テキストボックスの内部および外部で使用できます。</text:p>
   </text:list-item>
   <text:list-item>
    <text:p text:style-name="P2">ショートカットキー<help:switch select="System"><help:case select ="MAC">（Command）</help:case><help:default>（Ctrl）</help:default></help:switch>＋（Z）では変更が一過程ずつ元に戻り、テキストを変更前の状態に戻すことができます。</text:p>
   </text:list-item>
  </text:unordered-list>
  <help:to-be-embedded Eid="autocompurl"><a name="autocompurl"/>
  <text:unordered-list text:style-name="L2">
   <text:list-item>
    <text:p text:style-name="P3"><help:key-word value="オートコンプリート; テキスト入力" tag="kw66043_3"/><help:productname>%PRODUCTNAME</help:productname> には、一部のテキストボックスやリストボックスで自動的に起動する非常に便利なオートコンプリート機能が用意されています。たとえば URL 指定用フィールドで c:\a と入力すると、オートコンプリート機能によって、C: ドライブの直下にあり名前が a で始まる最初のファイルないしディレクトリが自動的に表示されます。</text:p>
   </text:list-item>
   <text:list-item>
    <text:p text:style-name="P3">次に（下向き矢印キー）を押すと、ほかのファイルやフォルダに移ることができます。（右向き矢印キー）を押すと、URL フィールドにはサブディレクトリが表示されます。URL の一部が入力された時点で（End）を押すと、オートコンプリートが素早く行われます。実行するプログラムや開くファイルが見つかったら、Enterキーを押して確定します。別のフォルダを選択するには、Enterキーを押します。</text:p>
   </text:list-item>
  </text:unordered-list>
  </help:to-be-embedded>
  </help:to-be-embedded>
  <text:p text:style-name="Head 2"><help:key-word value="マクロ; 中断する" tag="kw66043_2"/>マクロの実行を中断する</text:p>
  <text:p text:style-name="Paragraph">現在実行中のマクロを終了するには、(<help:switch select="System"><help:case select ="MAC">Command</help:case><help:default>Ctrl</help:default></help:switch>) + (Q) キーを押します。</text:p>
  <text:p text:style-name="Head 2"><help:productname>%PRODUCTNAME</help:productname> の一般的なショートカットキーのリスト</text:p>
  <text:p text:style-name="Paragraph">ショートカットキーは、メニューリスト中の対応するメニューコマンドの右側に表示されます。<help:switch select="System"><help:case select ="MAC">(ここで解説したダイアログ操作用のキーの中には、Macintosh では使用できないものもあります)。</help:case></help:switch></text:p>
  <help:to-be-embedded Eid="commonheader">
  <text:p text:style-name="Head 3">ショートカットキー</text:p>
  <text:p text:style-name="P4">機能</text:p>
  </help:to-be-embedded><help:to-be-embedded Eid="cr">
  <text:p text:style-name="Head 3">Enterキー</text:p>
  <text:p text:style-name="Paragraph">ダイアログ上の、フォーカスのあるボタンを確定する</text:p>
  </help:to-be-embedded><help:to-be-embedded Eid="esc">
  <text:p text:style-name="Head 3">（Esc）</text:p>
  <text:p text:style-name="Paragraph">アクションまたはダイアログをキャンセルする。<help:productname>%PRODUCTNAME</help:productname> ヘルプ: レベルをひとつ下げる。ファンクションバーの <text:span text:style-name="T1">URL</text:span> ボックスにカーソルがある場合: カーソルをドキュメント内部に戻す。URL が選択されている場合はキーを２回続けて押す必要があります。</text:p>
  </help:to-be-embedded><help:to-be-embedded Eid="space">
  <text:p text:style-name="Head 3">スペースキー</text:p>
  <text:p text:style-name="Paragraph">ダイアログ上の、フォーカスのあるチェックボックスをオンまたはオフにする</text:p>
  </help:to-be-embedded><help:to-be-embedded Eid="cu">
  <text:p text:style-name="Head 3">矢印キー（方向キー）</text:p>
  <text:p text:style-name="Paragraph">ダイアログ上の、同一範囲内における選択を変更する</text:p>
  </help:to-be-embedded><help:to-be-embedded Eid="tab">
  <text:p text:style-name="Head 3">（Tab）</text:p>
  <text:p text:style-name="Paragraph">ダイアログ上の、次の範囲にフォーカスを移す</text:p>
  </help:to-be-embedded><help:to-be-embedded Eid="umtab">
  <text:p text:style-name="Head 3">（Shift）＋（Tab）</text:p>
  <text:p text:style-name="Paragraph">ダイアログ上の、前の範囲にフォーカスを移す</text:p>
  </help:to-be-embedded><help:to-be-embedded Eid="altcudwn">
  <text:p text:style-name="Head 3"><help:switch select="System"><help:case select ="MAC">（Option）</help:case><help:default>（ALT）</help:default></help:switch>＋下矢印キー</text:p>
  <text:p text:style-name="Paragraph">ダイアログ上の、フォーカスのあるコンボボックスを開く。このショートカットキーは、ポップアップメニュー付きのアイコンボタンにも使用できます。（ESC）キーでリストが閉じられます。</text:p>
  </help:to-be-embedded><help:to-be-embedded Eid="entf">
  <text:p text:style-name="Head 3">（Del）</text:p>
  <text:p text:style-name="Paragraph">選択されているオブジェクトを削除してごみ箱に入れる</text:p>
  </help:to-be-embedded><help:to-be-embedded Eid="umentf">
  <text:p text:style-name="Head 3">（Shift）＋（Del）</text:p>
  <text:p text:style-name="Paragraph">選択されているオブジェクトをごみ箱に入れずに完全削除する</text:p>
  </help:to-be-embedded><help:to-be-embedded Eid="back">
  <text:p text:style-name="Head 3">Backspacキー（Enterキーの上）</text:p>
  <text:p text:style-name="Paragraph">フォルダ表示の場合: １レベル上がる（戻る）</text:p>
  </help:to-be-embedded><help:to-be-embedded Eid="strgtab">
  <text:p text:style-name="Head 3"><help:switch select="System"><help:case select ="MAC">（Command）</help:case><help:default>（Ctrl）</help:default></help:switch>＋（Tab）</text:p>
  <text:p text:style-name="Paragraph">開いている次のドキュメントに切り替える（見出しの冒頭ではタブの挿入）</text:p>
  </help:to-be-embedded><help:to-be-embedded Eid="umstrgtab">
  <text:p text:style-name="Head 3">（Shift）<help:switch select="System"><help:case select ="MAC">（Command）</help:case><help:default>（Ctrl）</help:default></help:switch>＋（Tab）</text:p>
  <text:p text:style-name="Paragraph">開いている 1 つ前のドキュメントに移動します。</text:p>
  </help:to-be-embedded><help:to-be-embedded Eid="oleeingabe">
  <text:p text:style-name="Head 3">（Enter）（OLE オブジェクトが選択されている場合）</text:p>
  <text:p text:style-name="Paragraph">選択した OLE オブジェクトをアクティブにする</text:p>
  </help:to-be-embedded><help:to-be-embedded Eid="objekteingabe">
  <text:p text:style-name="Head 3">（Enter）（図形描画オブジェクトまたはテキストオブジェクトが選択されている場合）</text:p>
  <text:p text:style-name="Paragraph">テキスト入力モードをアクティブにする</text:p>
  </help:to-be-embedded><help:to-be-embedded Eid="strgo">
  <text:p text:style-name="Head 3"><help:switch select="System"><help:case select ="MAC">（Command）</help:case><help:default>（Ctrl）</help:default></help:switch>＋（O）</text:p>
  <text:p text:style-name="Paragraph">ドキュメントを開く</text:p>
  </help:to-be-embedded><help:to-be-embedded Eid="strgs">
  <text:p text:style-name="Head 3"><help:switch select="System"><help:case select ="MAC">（Command）</help:case><help:default>（Ctrl）</help:default></help:switch>＋（S）</text:p>
  <text:p text:style-name="Paragraph">現在のドキュメントの保存</text:p>
  </help:to-be-embedded><help:to-be-embedded Eid="strgn">
  <text:p text:style-name="Head 3"><help:switch select="System"><help:case select ="MAC">（Command）</help:case><help:default>（Ctrl）</help:default></help:switch>＋（N）</text:p>
  <text:p text:style-name="Paragraph">新規ドキュメントの作成</text:p>
  </help:to-be-embedded><help:to-be-embedded Eid="umstrgn">
  <text:p text:style-name="Head 3">（Shift）<help:switch select="System"><help:case select ="MAC">（Command）</help:case><help:default>（Ctrl）</help:default></help:switch>＋（N）</text:p>
  <text:p text:style-name="Paragraph"><text:span text:style-name="T1">テンプレートとドキュメント</text:span> ダイアログを開く</text:p>
  </help:to-be-embedded><help:to-be-embedded Eid="strgp">
  <text:p text:style-name="Head 3"><help:switch select="System"><help:case select ="MAC">（Command）</help:case><help:default>（Ctrl）</help:default></help:switch>＋（P）</text:p>
  <text:p text:style-name="Paragraph">ドキュメントの印刷</text:p>
  </help:to-be-embedded><help:to-be-embedded Eid="strgq">
  <text:p text:style-name="Head 3"><help:switch select="System"><help:case select ="MAC">（Command）</help:case><help:default>（Ctrl）</help:default></help:switch>＋（Q）</text:p>
  <text:p text:style-name="Paragraph">アプリケーションの終了</text:p>
  </help:to-be-embedded><help:to-be-embedded Eid="strgx">
  <text:p text:style-name="Head 3"><help:switch select="System"><help:case select ="MAC">（Command）</help:case><help:default>（Ctrl）</help:default></help:switch>＋（X）</text:p>
  <text:p text:style-name="Paragraph">選択されている部分を切り取る</text:p>
  </help:to-be-embedded><help:to-be-embedded Eid="strgc">
  <text:p text:style-name="Head 3"><help:switch select="System"><help:case select ="MAC">（Command）</help:case><help:default>（Ctrl）</help:default></help:switch>＋（C）</text:p>
  <text:p text:style-name="Paragraph">選択されている部分をコピーする</text:p>
  </help:to-be-embedded><help:to-be-embedded Eid="strgv">
  <text:p text:style-name="Head 3"><help:switch select="System"><help:case select ="MAC">（Command）</help:case><help:default>（Ctrl）</help:default></help:switch>＋（V）</text:p>
  <text:p text:style-name="Paragraph">クリップボードの内容を挿入する</text:p>
  </help:to-be-embedded><help:to-be-embedded Eid="strga">
  <text:p text:style-name="Head 3"><help:switch select="System"><help:case select ="MAC">（Command）</help:case><help:default>（Ctrl）</help:default></help:switch>＋（A）</text:p>
  <text:p text:style-name="Paragraph">全てを選択する</text:p>
  </help:to-be-embedded><help:to-be-embedded Eid="strgz">
  <text:p text:style-name="Head 3"><help:switch select="System"><help:case select ="MAC">（Command）</help:case><help:default>（Ctrl）</help:default></help:switch>＋（Z）</text:p>
  <text:p text:style-name="Paragraph">戻す</text:p>
  <text:p text:style-name="Head 3">(<help:switch select="System"><help:case select ="MAC">Command</help:case><help:default>Ctrl</help:default></help:switch>) + (Y)</text:p>
  <text:p text:style-name="Paragraph">最後に実行した操作を再実行します。</text:p>
  </help:to-be-embedded><help:to-be-embedded Eid="strgg">
  <text:p text:style-name="Head 3"><help:switch select="System"><help:case select ="MAC">（Command）</help:case><help:default>（Ctrl）</help:default></help:switch>＋（G）</text:p>
  <text:p text:style-name="Paragraph"><text:span text:style-name="T1">検索と置換</text:span> ダイアログを呼び出す</text:p>
  </help:to-be-embedded><help:to-be-embedded Eid="strgumg">
  <text:p text:style-name="Head 3"><help:switch select="System"><help:case select ="MAC">（Command）</help:case><help:default>（Ctrl）</help:default></help:switch>＋（Shift）＋（G）</text:p>
  <text:p text:style-name="Paragraph">前回の検索用語を再検索します。</text:p>
  </help:to-be-embedded><help:to-be-embedded Eid="strgumj">
  <text:p text:style-name="Head 3"><help:switch select="System"><help:case select ="MAC"></help:case><help:default>（Ctrl）＋（Shift）＋（J）</help:default></help:switch></text:p>
  <text:p text:style-name="Paragraph"><help:switch select="System"><help:case select ="MAC"></help:case><help:default>全画面表示モードと標準表示モードを切り替える</help:default></help:switch></text:p>
  </help:to-be-embedded><help:to-be-embedded Eid="strgumr">
  <text:p text:style-name="Head 3"><help:switch select="System"><help:case select ="MAC">（Command）</help:case><help:default>（Ctrl）</help:default></help:switch>＋（Shift）＋（R）</text:p>
  <text:p text:style-name="Paragraph">ドキュメントビューを再描画します。</text:p>
  </help:to-be-embedded><help:to-be-embedded Eid="strgumi">
  <text:p text:style-name="Head 3">(Shift) + (<help:switch select="System"><help:case select ="MAC">Command</help:case><help:default>Ctrl</help:default></help:switch>) + (I)</text:p>
  <text:p text:style-name="Paragraph">読み取り専用の文書ドキュメントやヘルプファイルで、選択カーソルの使用と不使用を切り替えます。</text:p>
  </help:to-be-embedded><help:to-be-embedded Eid="strgk">
  <text:p text:style-name="Head 3"><help:switch select="System"><help:case select ="MAC">（Command）</help:case><help:default>（Ctrl）</help:default></help:switch>＋（I）</text:p>
  <text:p text:style-name="Paragraph">選択されている範囲、またはカーソルの置かれている単語を <text:span text:style-name="T1">斜体</text:span> にする</text:p>
  </help:to-be-embedded><help:to-be-embedded Eid="strgf">
  <text:p text:style-name="Head 3"><help:switch select="System"><help:case select ="MAC">（Command）</help:case><help:default>（Ctrl）</help:default></help:switch>＋（B）</text:p>
  <text:p text:style-name="Paragraph">選択されている範囲、またはカーソルの置かれている単語を <text:span text:style-name="T1">太字</text:span> にする</text:p>
  </help:to-be-embedded><help:to-be-embedded Eid="strgu">
  <text:p text:style-name="Head 3"><help:switch select="System"><help:case select ="MAC">（Command）</help:case><help:default>（Ctrl）</help:default></help:switch>＋（U）</text:p>
  <text:p text:style-name="Paragraph">選択されている範囲、またはカーソルの置かれている単語に <text:s/><text:span text:style-name="T1">下線</text:span> を引く</text:p>
  </help:to-be-embedded><help:to-be-embedded Eid="strgumo">
  <text:p text:style-name="Head 3"><help:switch select="System"><help:case select ="MAC">（Command）</help:case><help:default>（Ctrl）</help:default></help:switch>＋（Shift）＋（O）</text:p>
  <text:p text:style-name="Paragraph">ファンクションバー上の <text:span text:style-name="T1">URL の読み込み</text:span> ボックスにフォーカスを置く</text:p>
  </help:to-be-embedded><help:to-be-embedded Eid="alto">
  <text:p text:style-name="Head 3"><help:switch select="System"><help:case select ="MAC">（Option）</help:case><help:default>（Alt）</help:default></help:switch>＋（O）</text:p>
  <text:p text:style-name="Paragraph">ダイアログ <text:span text:style-name="T1">文章校正</text:span> で、不明ないしスペルミスとされた単語 (表記) を入力ボックス (単語) にコピーします。</text:p>
  </help:to-be-embedded>
  <text:p text:style-name="Paragraph"><help:switch select="System"><help:case select ="MAC">次に紹介するショートカットキーには、マッキントッシュでは機能しないものもあります。</help:case></help:switch></text:p>
  <text:p text:style-name="Head 2">ファンクションキーを含むショートカットキー</text:p>
  <text:p text:style-name="Head 3">ショートカットキー</text:p>
  <text:p text:style-name="P4">機能</text:p>
  <help:to-be-embedded Eid="f1">
  <text:p text:style-name="Head 3"><help:switch select="System"><help:case select ="MAC"></help:case><help:default>（F1）</help:default></help:switch></text:p>
  <text:p text:style-name="Paragraph"><help:switch select="System"><help:case select ="MAC"></help:case><help:default> <help:productname>%PRODUCTNAME</help:productname> ヘルプを呼び出す</help:default></help:switch></text:p>
  <text:p text:style-name="Paragraph"><help:productname>%PRODUCTNAME</help:productname> ヘルプで概要ページにジャンプする</text:p>
  </help:to-be-embedded><help:to-be-embedded Eid="umf1">
  <text:p text:style-name="Head 3"><help:switch select="System"><help:case select ="MAC"></help:case><help:default>（Shift）＋（F1）</help:default></help:switch></text:p>
  <text:p text:style-name="Paragraph"><help:switch select="System"><help:case select ="MAC"></help:case><help:default>コンテキストヘルプ</help:default></help:switch></text:p>
  </help:to-be-embedded><help:to-be-embedded Eid="umf2">
  <text:p text:style-name="Head 3">（Shift）＋（F2）</text:p>
  <text:p text:style-name="Paragraph">選択したコマンド、アイコン、コントロールに関する詳細ヒントをオンにする</text:p>
  </help:to-be-embedded><help:to-be-embedded Eid="strgf4">
  <text:p text:style-name="Head 3"><help:switch select="System"><help:case select ="MAC">（Command）</help:case><help:default>（Ctrl）</help:default></help:switch>＋（F4）または<help:switch select="System"><help:case select ="MAC">（Option）</help:case><help:default>（Alt）</help:default></help:switch>＋（F4）</text:p>
  <text:p text:style-name="Paragraph">現在のドキュメントを閉じる（開いている最後のドキュメントを閉じたときに <help:productname>%PRODUCTNAME</help:productname> を終了する）</text:p>
  </help:to-be-embedded><help:to-be-embedded Eid="f6">
  <text:p text:style-name="Head 3">（F6）</text:p>
  <text:p text:style-name="Paragraph">次の部分ウィンドウ（ドキュメント、データソースなど）にフォーカスを移す</text:p>
  </help:to-be-embedded><help:to-be-embedded Eid="umf6">
  <text:p text:style-name="Head 3">（Shift）＋（F6）</text:p>
  <text:p text:style-name="Paragraph">前の部分ウィンドウにフォーカスを移す</text:p>
  </help:to-be-embedded><help:to-be-embedded Eid="f10">
  <text:p text:style-name="Head 3">（F10）</text:p>
  <text:p text:style-name="Paragraph">最初のメニュー項目（メニュー ファイル）を呼び出す</text:p>
  </help:to-be-embedded><help:to-be-embedded Eid="umf10">
  <text:p text:style-name="Head 3">（Shift）＋（F10）</text:p>
  <text:p text:style-name="Paragraph">コンテキストメニューを呼び出す</text:p>
  </help:to-be-embedded>
  <text:p text:style-name="Head 3">(Ctrl) + (F11)</text:p>
  <text:p text:style-name="Paragraph">スタイルのカタログを開きます。</text:p>
  <a name="keygall"/>
  <text:p text:style-name="Head 2">ギャラリのショートカットキー</text:p>
  <text:p text:style-name="Head 3">ショートカットキー</text:p>
  <text:p text:style-name="Paragraph">作用</text:p>
  <help:to-be-embedded Eid="galltab">
  <text:p text:style-name="Head 3">（Tab）</text:p>
  <text:p text:style-name="Paragraph">範囲を切り替える</text:p>
  </help:to-be-embedded><help:to-be-embedded Eid="gallumtab">
  <text:p text:style-name="Head 3">（Shift）＋（Tab）</text:p>
  <text:p text:style-name="Paragraph">範囲を切り替える（逆方向）</text:p>
  </help:to-be-embedded>
  <text:p text:style-name="Head 3">ギャラリのテーマの選択でのショートカットキー</text:p>
  <help:to-be-embedded Eid="gallcuup">
  <text:p text:style-name="Head 3">上向き矢印キー</text:p>
  <text:p text:style-name="Paragraph">選択を上へ移動する</text:p>
  </help:to-be-embedded><help:to-be-embedded Eid="gallcudwn">
  <text:p text:style-name="Head 3">下向き矢印キー</text:p>
  <text:p text:style-name="Paragraph">選択を下へ移動する</text:p>
  </help:to-be-embedded><help:to-be-embedded Eid="gallstrgcr">
  <text:p text:style-name="Head 3">(<help:switch select="System"><help:case select ="MAC">Command</help:case><help:default>Ctrl</help:default></help:switch>) + (Enter)</text:p>
  <text:p text:style-name="Paragraph">プロパティダイアログを開く</text:p>
  </help:to-be-embedded><help:to-be-embedded Eid="gallumf10">
  <text:p text:style-name="Head 3">（Shift）＋（F10）</text:p>
  <text:p text:style-name="Paragraph">コンテキストメニューを開く</text:p>
  </help:to-be-embedded><help:to-be-embedded Eid="gallstrgu">
  <text:p text:style-name="Head 3">(<help:switch select="System"><help:case select ="MAC">Command</help:case><help:default>Ctrl</help:default></help:switch>) + (U)</text:p>
  <text:p text:style-name="Paragraph">選択したテーマを更新する</text:p>
  </help:to-be-embedded><help:to-be-embedded Eid="gallstrgr">
  <text:p text:style-name="Head 3">(<help:switch select="System"><help:case select ="MAC">Command</help:case><help:default>Ctrl</help:default></help:switch>) + (R)</text:p>
  <text:p text:style-name="Paragraph">現在のタイトル名を変更するための <text:span text:style-name="T1">タイトルの入力</text:span> ダイアログを開く</text:p>
  </help:to-be-embedded><help:to-be-embedded Eid="gallstrgd">
  <text:p text:style-name="Head 3">(<help:switch select="System"><help:case select ="MAC">Command</help:case><help:default>Ctrl</help:default></help:switch>) + (D)</text:p>
  <text:p text:style-name="Paragraph">先の上書きの確認に従って選択したテーマを削除する</text:p>
  </help:to-be-embedded><help:to-be-embedded Eid="gallenfg">
  <text:p text:style-name="Head 3">挿入</text:p>
  <text:p text:style-name="Paragraph">新しいテーマを挿入する</text:p>
  </help:to-be-embedded>
  <text:p text:style-name="Head 3">ギャラリのビューでのショートカットキー</text:p>
  <help:to-be-embedded Eid="gallpos1">
  <text:p text:style-name="Head 3">（Home）</text:p>
  <text:p text:style-name="Paragraph">最初の項目に移動します。</text:p>
  </help:to-be-embedded><help:to-be-embedded Eid="gallend">
  <text:p text:style-name="Head 3">（End）</text:p>
  <text:p text:style-name="Paragraph">最後の項目にジャンプする</text:p>
  </help:to-be-embedded><help:to-be-embedded Eid="gallcurle">
  <text:p text:style-name="Head 3">左向き矢印キー</text:p>
  <text:p text:style-name="Paragraph">左隣の画像にジャンプする</text:p>
  </help:to-be-embedded><help:to-be-embedded Eid="gallcurri">
  <text:p text:style-name="Head 3">右向き矢印キー</text:p>
  <text:p text:style-name="Paragraph">右隣の画像にジャンプする</text:p>
  </help:to-be-embedded><help:to-be-embedded Eid="gallcurup">
  <text:p text:style-name="Head 3">上向き矢印キー</text:p>
  <text:p text:style-name="Paragraph">すぐ上の画像にジャンプする</text:p>
  </help:to-be-embedded><help:to-be-embedded Eid="gallcurdwn">
  <text:p text:style-name="Head 3">下向き矢印キー</text:p>
  <text:p text:style-name="Paragraph">すぐ下の画像にジャンプする</text:p>
  </help:to-be-embedded><help:to-be-embedded Eid="gallpgup">
  <text:p text:style-name="Head 3">（PageUp）</text:p>
  <text:p text:style-name="Paragraph">次のページにジャンプする</text:p>
  </help:to-be-embedded><help:to-be-embedded Eid="gallpgdwn">
  <text:p text:style-name="Head 3">次のページ</text:p>
  <text:p text:style-name="Paragraph">（PageDown）</text:p>
  </help:to-be-embedded><help:to-be-embedded Eid="gallstrgumefg">
  <text:p text:style-name="Head 3">(<help:switch select="System"><help:case select ="MAC">Command</help:case><help:default>Ctrl</help:default></help:switch>) + (Shift) + (Insert)</text:p>
  <text:p text:style-name="Paragraph">選択したオブジェクトをリンクされたオブジェクトとして現在のドキュメントに挿入する</text:p>
  </help:to-be-embedded><help:to-be-embedded Eid="gallstrgi">
  <text:p text:style-name="Head 3">(<help:switch select="System"><help:case select ="MAC">Command</help:case><help:default>Ctrl</help:default></help:switch>) + (I)</text:p>
  <text:p text:style-name="Paragraph">選択したオブジェクトをコピーして現在のドキュメントに挿入する</text:p>
  </help:to-be-embedded><help:to-be-embedded Eid="gallstrgt">
  <text:p text:style-name="Head 3">(<help:switch select="System"><help:case select ="MAC">Command</help:case><help:default>Ctrl</help:default></help:switch>) + (T)</text:p>
  <text:p text:style-name="Paragraph">現在のタイトル名を変更するための <text:span text:style-name="T1">タイトルの入力</text:span> ダイアログを開く</text:p>
  </help:to-be-embedded><help:to-be-embedded Eid="gallstrgp">
  <text:p text:style-name="Head 3">(<help:switch select="System"><help:case select ="MAC">Command</help:case><help:default>Ctrl</help:default></help:switch>) + (P)</text:p>
  <text:p text:style-name="Paragraph">テーマ表示と個別表示を切り替える</text:p>
  </help:to-be-embedded><help:to-be-embedded Eid="gallspace">
  <text:p text:style-name="Head 3">スペースキー</text:p>
  <text:p text:style-name="Paragraph">テーマ表示と個別表示を切り替える</text:p>
  </help:to-be-embedded><help:to-be-embedded Eid="gallca">
  <text:p text:style-name="Head 3">Enterキー</text:p>
  <text:p text:style-name="Paragraph">テーマ表示と個別表示を切り替える</text:p>
  </help:to-be-embedded><help:to-be-embedded Eid="gallbs">
  <text:p text:style-name="Head 3">戻る（個別表示の際）</text:p>
  <text:p text:style-name="Paragraph">全体表示に戻る</text:p>
  </help:to-be-embedded>
  <text:p text:style-name="Head 2"><help:productname>%PRODUCTNAME</help:productname> 画面をマウスなしに操作する</text:p>
  <help:to-be-embedded Eid="af6">
  <text:p text:style-name="Head 3">（F6）</text:p>
  <text:p text:style-name="Paragraph">メニューバー（順序通り）、ツールバー（上から下、左から右へ）、移動可能なウィンドウ（左から右へ）およびドキュメントをエンドレスに切り替える</text:p>
  </help:to-be-embedded><help:to-be-embedded Eid="aumf6">
  <text:p text:style-name="Head 3">（Shift）＋（F6）</text:p>
  <text:p text:style-name="Paragraph">メニューバー、ツールバー、移動可能なウィンドウおよびドキュメントを逆方向に切り替える</text:p>
  </help:to-be-embedded><help:to-be-embedded Eid="astrgf6">
  <text:p text:style-name="Head 3"><help:switch select="System"><help:case select ="MAC">（Command）</help:case><help:default>（Ctrl）</help:default></help:switch>＋（F6）</text:p>
  <text:p text:style-name="Paragraph">ドキュメントにジャンプする</text:p>
  </help:to-be-embedded><help:to-be-embedded Eid="astrgtab">
  <text:p text:style-name="Head 3"><help:switch select="System"><help:case select ="MAC">（Command）</help:case><help:default>（Ctrl）</help:default></help:switch>＋（Tab）</text:p>
  <text:p text:style-name="Paragraph">メニューバー（順序通り）、ツールバー（上から下、左から右へ）、移動可能なウィンドウ（左から右へ）およびドキュメントをエンドレスに切り替える</text:p>
  </help:to-be-embedded><help:to-be-embedded Eid="aumstrgtab">
  <text:p text:style-name="Head 3">（Shift）<help:switch select="System"><help:case select ="MAC">（Command）</help:case><help:default>（Ctrl）</help:default></help:switch>＋（Tab）</text:p>
  <text:p text:style-name="Paragraph">メニューバー、ツールバー、移動可能なウィンドウおよびドキュメントを逆方向に切り替える</text:p>
  </help:to-be-embedded><help:to-be-embedded Eid="aculeri">
  <text:p text:style-name="Head 3">（右/左向き矢印キー）</text:p>
  <text:p text:style-name="Paragraph">水平バーを右/左に切り替える</text:p>
  </help:to-be-embedded><help:to-be-embedded Eid="acuupdw">
  <text:p text:style-name="Head 3">（上/下向き矢印キー）</text:p>
  <text:p text:style-name="Paragraph">垂直バーを上/下に切り替える</text:p>
  </help:to-be-embedded><help:to-be-embedded Eid="apos1">
  <text:p text:style-name="Head 3">（Home）</text:p>
  <text:p text:style-name="Paragraph">最初の項目に切り替える</text:p>
  </help:to-be-embedded><help:to-be-embedded Eid="aend">
  <text:p text:style-name="Head 3">（End）</text:p>
  <text:p text:style-name="Paragraph">最後の項目に切り替える</text:p>
  </help:to-be-embedded><help:to-be-embedded Eid="acr">
  <text:p text:style-name="Head 3">（Enter）</text:p>
  <text:p text:style-name="Paragraph">選択したアイコンを実行する</text:p>
  </help:to-be-embedded><help:to-be-embedded Eid="aesc">
  <text:p text:style-name="Head 3">（Esc）</text:p>
  <text:p text:style-name="Paragraph">選択したバーまたはメニューを終了する</text:p>
  </help:to-be-embedded>
  <text:p text:style-name="Head 2">ツールバーダイアログでショートカットキーをカスタマイズする</text:p>
  <text:p text:style-name="Head 3">（＋）</text:p>
  <text:p text:style-name="Paragraph"><text:span text:style-name="T1">使用できるアイコン</text:span> リストの上位項目を開く</text:p>
  <text:p text:style-name="Head 3">（－）</text:p>
  <text:p text:style-name="Paragraph"><text:span text:style-name="T1">使用できるアイコン</text:span> リストの下位項目を開く</text:p>
  <text:p text:style-name="Head 3">（スペースキー）</text:p>
  <text:p text:style-name="Paragraph"><text:span text:style-name="T1">使用中のアイコン</text:span> リストボックス内のアイコンの表示と非表示を切り替える</text:p>
  <text:p text:style-name="Head 3">（Ins）</text:p>
  <text:p text:style-name="Paragraph">左のリストで選択したアイコンを右のリストに挿入する</text:p>
  <text:p text:style-name="Head 3">（Del）</text:p>
  <text:p text:style-name="Paragraph">右のリストで選択したアイコンをリストから削除する</text:p>
  <text:p text:style-name="Head 2">テーブルフィールド内を選択する</text:p>
  <text:p text:style-name="Head 3">（スペースキー）</text:p>
  <text:p text:style-name="Paragraph">セルが編集モードでない場合、現在の行の選択と選択の解除を切り替える</text:p>
  <text:p text:style-name="Head 3">(<help:switch select="System"><help:case select ="MAC">Command</help:case><help:default>Ctrl</help:default></help:switch>) + (Spacebar)</text:p>
  <text:p text:style-name="Paragraph">現在の行の選択と選択の解除を切り替える</text:p>
  <text:p text:style-name="Head 3">（Shift）＋（スペースキー）</text:p>
  <text:p text:style-name="Paragraph">現在の列を選択する</text:p>
  <a name="zeichenobjekt"/>
  <help:to-be-embedded Eid="zeichenobjekte">
  <text:p text:style-name="Head 2">図形描画オブジェクト用ショートカットキー</text:p>
  <text:p text:style-name="Head 3">（F6）で標準ツールバーを選択。（下向き矢印キー）と（右向き矢印キー）で標準ツールバーのアイコンを選択。その上で<help:switch select="System"><help:case select ="MAC">（Command）</help:case><help:default>（Ctrl）</help:default></help:switch>（Enter）</text:p>
  <text:p text:style-name="Paragraph">図形描画オブジェクトを挿入する</text:p>
  <text:p text:style-name="Head 3"><help:switch select="System"><help:case select ="MAC">（Command）</help:case><help:default>（Ctrl）</help:default></help:switch>＋（F6）でドキュメントの選択を解除し、（Tab）を押す</text:p>
  <text:p text:style-name="Paragraph">図形描画オブジェクトを挿入する</text:p>
  <text:p text:style-name="Head 3">（Tab）</text:p>
  <text:p text:style-name="Paragraph">図形描画オブジェクトを選択する</text:p>
  <text:p text:style-name="Head 3">（Shift）＋（Tab）</text:p>
  <text:p text:style-name="Paragraph">前の図形描画オブジェクトを選択する</text:p>
  <text:p text:style-name="Head 3"><help:switch select="System"><help:case select ="MAC">（Command）</help:case><help:default>（Ctrl）</help:default></help:switch>＋（Home）</text:p>
  <text:p text:style-name="Paragraph">最初の図形描画オブジェクトを選択する</text:p>
  <text:p text:style-name="Head 3"><help:switch select="System"><help:case select ="MAC">（Command）</help:case><help:default>（Ctrl）</help:default></help:switch>＋（End）</text:p>
  <text:p text:style-name="Paragraph">最後の図形描画オブジェクトを選択する</text:p>
  <text:p text:style-name="Head 3">（Esc）</text:p>
  <text:p text:style-name="Paragraph">図形描画オブジェクトの選択を終了する</text:p>
  <text:p text:style-name="Head 3">ハンドルで（Esc）– 選択モード</text:p>
  <text:p text:style-name="Paragraph">モードの選択を終了し、オブジェクト選択モードに戻る</text:p>
  <text:p text:style-name="Head 3">上向き矢印キー</text:p>
  <text:p text:style-name="Paragraph">選択した図形描画オブジェクトを上に移動する</text:p>
  <text:p text:style-name="Head 3">上向き矢印キー</text:p>
  <text:p text:style-name="Paragraph">選択した図形描画オブジェクトを下に移動する</text:p>
  <text:p text:style-name="Head 3">左向き矢印キー</text:p>
  <text:p text:style-name="Paragraph">選択した図形描画オブジェクトを左に移動する</text:p>
  <text:p text:style-name="Head 3">右向き矢印キー</text:p>
  <text:p text:style-name="Paragraph">選択した図形描画オブジェクトを右に移動する</text:p>
  <text:p text:style-name="Head 3"><help:switch select="System"><help:case select ="MAC">（Option）</help:case><help:default>（Alt）</help:default></help:switch>（上、下、左、右向き矢印キー）</text:p>
  <text:p text:style-name="Paragraph">選択した図形描画オブジェクトを 1 ピクセル移動する（選択モード時）</text:p>
  <text:p text:style-name="Paragraph">図形描画オブジェクトのサイズを変更する（選択モード時にハンドルを選択して）</text:p>
  <text:p text:style-name="Paragraph">図形描画オブジェクトを回転させる（回転モード時）</text:p>
  <text:p text:style-name="Paragraph">図形描画オブジェクトの属性ダイアログを開く</text:p>
  <text:p text:style-name="Paragraph">選択した図形描画オブジェクトの制御点の編集モードをオンにする</text:p>
  <text:p text:style-name="Head 3">（スペースキー）</text:p>
  <text:p text:style-name="Paragraph">制御点選択モード時、図形描画オブジェクトの制御点を選択、または選択解除する</text:p>
  <text:p text:style-name="Paragraph">選択した制御点のサイズを１秒ごとに変える</text:p>
  <text:p text:style-name="Head 3">（Shift）＋（スペースキー）</text:p>
  <text:p text:style-name="Paragraph">制御点選択モード時、もう１つの制御点を追加選択する</text:p>
  <text:p text:style-name="Head 3"><help:switch select="System"><help:case select ="MAC">（Command）</help:case><help:default>（Ctrl）</help:default></help:switch>＋（Tab）</text:p>
  <text:p text:style-name="Paragraph">制御点選択モード時、図形描画オブジェクトの次の制御点を選択する</text:p>
  <text:p text:style-name="Paragraph">回転モード時には、回転ポイントの選択も可能</text:p>
  <text:p text:style-name="Head 3">（Shift）＋<help:switch select="System"><help:case select ="MAC">（Command）</help:case><help:default>（Ctrl）</help:default></help:switch>（Tab）</text:p>
  <text:p text:style-name="Paragraph">制御点選択モード時、図形描画オブジェクトの前の制御点を選択する</text:p>
  <text:p text:style-name="Head 3"><help:switch select="System"><help:case select ="MAC">（Command）</help:case><help:default>（Ctrl）</help:default></help:switch>＋（Enter）</text:p>
  <text:p text:style-name="Paragraph">図形描画オブジェクトが、デフォルトのサイズで現在の表示の中央部に新規に描画されます。</text:p>
  <text:p text:style-name="Head 3">選択矢印上に <help:switch select="System"><help:case select ="MAC">（Command）</help:case><help:default>（Ctrl）</help:default></help:switch>＋（Enter）</text:p>
  <text:p text:style-name="Paragraph">ドキュメント上の最初の図形描写オブジェクトをアクティブにする</text:p>
  <text:p text:style-name="Head 3">（Esc）</text:p>
  <text:p text:style-name="Paragraph">制御点の選択モードを終了する。引き続きその図形描画オブジェクトは選択状態。</text:p>
  <text:p text:style-name="Paragraph">制御点の編集モード時、図形描画オブジェクトの制御点を編集する</text:p>
  <text:p text:style-name="Head 3">（上、下、左、右矢印キー ）</text:p>
  <text:p text:style-name="Paragraph">選択した制御点の移動（スナップ網目スクリーン機能は一時的にオフになり、線端同士のみがスナップ可能）</text:p>
  <text:p text:style-name="Head 3">（F2）または（Enter）または（任意の印刷可能な文字）</text:p>
  <text:p text:style-name="Paragraph">図形描画オブジェクトを選択している場合、編集モードに切り替わり、図形描画オブジェクト内のテキストの末尾にカーソルが置かれます。印刷可能文字が挿入されます。</text:p>
  </help:to-be-embedded>
  <text:p text:style-name="Head 2"><help:switch select="System"><help:case select ="UNIX">ウィンドウ付きのショートカットキー</help:case></help:switch></text:p>
  <text:p text:style-name="Head 3"><help:switch select="System"><help:case select ="UNIX">（F4）＋任意のモデファイヤーキー</help:case></help:switch></text:p>
  <text:p text:style-name="Paragraph"><help:switch select="System"><help:case select ="UNIX">現在のウィンドウをドッキングするか、そのドッキングを解除します。</help:case></help:switch></text:p>
  <text:p text:style-name="ParaList"><help:embedded Id="65598" Eid="related"></help:embedded></text:p>
  <text:p text:style-name="ParaList"><help:embedded Id="68621" Eid="db_keys"></help:embedded></text:p>
  <text:p text:style-name="ParaList"><help:embedded Id="68612" Eid="keyboard"></help:embedded></text:p>
 </office:body>
</office:document>
