

<office:document  xmlns:office="http://openoffice.org/2000/office" xmlns:style="http://openoffice.org/2000/style" xmlns:text="http://openoffice.org/2000/text" xmlns:table="http://openoffice.org/2000/table" xmlns:draw="http://openoffice.org/2000/drawing" xmlns:fo="http://www.w3.org/1999/XSL/Format" xmlns:xlink="http://www.w3.org/1999/xlink" xmlns:number="http://openoffice.org/2000/datastyle" xmlns:svg="http://www.w3.org/2000/svg" xmlns:chart="http://openoffice.org/2000/chart" xmlns:dr3d="http://openoffice.org/2000/dr3d" xmlns:math="http://www.w3.org/1998/Math/MathML" xmlns:form="http://openoffice.org/2000/form" xmlns:script="http://openoffice.org/2000/script" office:class="text" office:version="1.0" xmlns:dc="http://purl.org/dc/elements/1.1/" xmlns:meta="http://openoffice.org/2000/meta" xmlns:help="http://openoffice.org/2000/help">
<office:meta>
  <dc:description>text/common/04/01020000</dc:description>
  <dc:subject>データソース用ショートカットキー</dc:subject>
  <meta:keywords>
   <meta:keyword>$Version</meta:keyword>
  </meta:keywords>
  <dc:language>ja-JP</dc:language>
  <meta:user-defined meta:name="Info 0">READY</meta:user-defined>
  <meta:user-defined meta:name="Info 1">FREE</meta:user-defined>
  <meta:user-defined meta:name="Info 2"/>
  <meta:user-defined meta:name="Info 3"/>
</office:meta>
 <office:script/>
 <office:font-decls>
  <style:font-decl style:name="StarSymbol" fo:font-family="StarSymbol" style:font-charset="x-symbol"/>
  <style:font-decl style:name="Courier New" fo:font-family="&apos;Courier New&apos;" style:font-style-name="Standard" style:font-family-generic="modern" style:font-pitch="fixed"/>
  <style:font-decl style:name="Courier" fo:font-family="Courier" style:font-family-generic="roman" style:font-pitch="fixed"/>
  <style:font-decl style:name="Andale WT UI4" fo:font-family="&apos;Andale WT UI&apos;" style:font-pitch="variable"/>
  <style:font-decl style:name="Arial Unicode MS" fo:font-family="&apos;Arial Unicode MS&apos;" style:font-pitch="variable"/>
  <style:font-decl style:name="HG Mincho Light J" fo:font-family="&apos;HG Mincho Light J&apos;" style:font-pitch="variable"/>
  <style:font-decl style:name="Andale WT UI" fo:font-family="&apos;Andale WT UI&apos;" style:font-family-generic="roman" style:font-pitch="variable"/>
  <style:font-decl style:name="Andale WT UI1" fo:font-family="&apos;Andale WT UI&apos;" style:font-style-name="Fett" style:font-family-generic="roman" style:font-pitch="variable"/>
  <style:font-decl style:name="Andale WT UI2" fo:font-family="&apos;Andale WT UI&apos;" style:font-style-name="Standard" style:font-family-generic="roman" style:font-pitch="variable"/>
  <style:font-decl style:name="Thorndale" fo:font-family="Thorndale" style:font-family-generic="roman" style:font-pitch="variable"/>
  <style:font-decl style:name="Times New Roman" fo:font-family="&apos;Times New Roman&apos;" style:font-style-name="Fett" style:font-family-generic="roman" style:font-pitch="variable"/>
  <style:font-decl style:name="Andale WT UI3" fo:font-family="&apos;Andale WT UI&apos;" style:font-family-generic="swiss" style:font-pitch="variable"/>
 </office:font-decls>
 <office:automatic-styles>
  <style:style style:name="P1" style:family="paragraph" style:parent-style-name="Paragraph" style:master-page-name="HTML">
   <style:properties style:page-number="0"/>
  </style:style>
 </office:automatic-styles>
 <office:body>
  <text:variable-decls>
   <text:variable-decl text:value-type="string" text:name="HTML_ON"/>
   <text:variable-decl text:value-type="string" text:name="HTML_OFF"/>
   <text:variable-decl text:value-type="string" text:name="TITEL"/>
   <text:variable-decl text:value-type="string" text:name="END"/>
   <text:variable-decl text:value-type="string" text:name="HREF"/>
   <text:variable-decl text:value-type="string" text:name="MAC"/>
   <text:variable-decl text:value-type="string" text:name="OS2"/>
   <text:variable-decl text:value-type="string" text:name="ELSE"/>
   <text:variable-decl text:value-type="string" text:name="NAME"/>
   <text:variable-decl text:value-type="string" text:name="REFNR"/>
   <text:variable-decl text:value-type="string" text:name="INDEX"/>
   <text:variable-decl text:value-type="string" text:name="MODIFY"/>
   <text:variable-decl text:value-type="string" text:name="STYLE"/>
  </text:variable-decls>
  <text:sequence-decls>
   <text:sequence-decl text:display-outline-level="0" text:name="Illustration"/>
   <text:sequence-decl text:display-outline-level="0" text:name="Table"/>
   <text:sequence-decl text:display-outline-level="0" text:name="Text"/>
   <text:sequence-decl text:display-outline-level="0" text:name="Drawing"/>
  </text:sequence-decls>
  <help:to-be-embedded Eid="dbtastaturbefehle">
  <text:p text:style-name="Head 1"><help:to-be-embedded Eid="db_keys"><help:link Id="68621">データソース用ショートカットキー</help:link></help:to-be-embedded><help:key-word value="ショートカットキー; データソース" tag="kw68621_1"/><help:key-word value="データソース; ショートカット" tag="kw68621_2"/></text:p>
  <text:p text:style-name="Paragraph">次のリストに、データベース内で使用可能なショートカットキーを示します。</text:p>
  <text:p text:style-name="Paragraph">ここに記載されているショートカットキーのほかに、一般的な <help:link Id="66043"><help:productname>%PRODUCTNAME</help:productname> ショートカットキー</help:link> も使用できます。</text:p>
  </help:to-be-embedded>
  <help:to-be-embedded Eid="keydb">
  <text:p text:style-name="Head 2">データソースのショートカットキー</text:p>
  <help:to-be-embedded Eid="dbheader">
  <text:p text:style-name="Head 3">ショートカットキー</text:p>
  <text:p text:style-name="Paragraph">作用</text:p>
  </help:to-be-embedded>
  <text:p text:style-name="Head 2">クエリーデザイン</text:p>
  <text:p text:style-name="Head 3">デザインビューにおいて</text:p>
  <text:p text:style-name="Head 3">（F6）</text:p>
  <text:p text:style-name="Paragraph">デザインビュー範囲を切り替える</text:p>
  <text:p text:style-name="Head 3">（Del）</text:p>
  <text:p text:style-name="Paragraph">デザインビューからテーブルを削除する</text:p>
  <text:p text:style-name="Head 3">（Tab）</text:p>
  <text:p text:style-name="Paragraph">接続線をアクティブにする</text:p>
  <text:p text:style-name="Head 3">（Shift）＋（F10）</text:p>
  <text:p text:style-name="Paragraph">コンテキストメニューを呼び出す</text:p>
  <text:p text:style-name="Head 3">（F4）</text:p>
  <text:p text:style-name="Paragraph">文書ドキュメント、表計算ドキュメント、数式ドキュメントが開いている場合、データソース表示は（F4）で開きます。</text:p>
  <text:p text:style-name="Head 2">コントロールの属性</text:p>
  <text:p text:style-name="Head 3"><help:switch select="System"><help:case select ="MAC">（Option）</help:case><help:default>（ALT）</help:default></help:switch>＋下向き矢印キー</text:p>
  <text:p text:style-name="Paragraph">コンボボックスを開く</text:p>
  <text:p text:style-name="Head 3"><help:switch select="System"><help:case select ="MAC">（Option）</help:case><help:default>（Alt）</help:default></help:switch>＋上向き矢印キー</text:p>
  <text:p text:style-name="Paragraph">コンボボックスを閉じる</text:p>
  <text:p text:style-name="Head 3">（Shift）＋（Enter）</text:p>
  <text:p text:style-name="Paragraph">新しい行を挿入する</text:p>
  <text:p text:style-name="Head 3">上向き矢印キー</text:p>
  <text:p text:style-name="Paragraph">カーソルを前の行に移動する</text:p>
  <text:p text:style-name="Head 3">下向き矢印キー</text:p>
  <text:p text:style-name="Paragraph">カーソルを次の行に移動する</text:p>
  <text:p text:style-name="Head 3">(Enter)</text:p>
  <text:p text:style-name="Paragraph">そのボックスの入力を終了し、次のボックスにカーソルを移動する。</text:p>
  <text:p text:style-name="Head 3"><help:switch select="System"><help:case select ="MAC">（Command）</help:case><help:default>（Ctrl）</help:default></help:switch>＋（F6）</text:p>
  <text:p text:style-name="Paragraph">作成モード以外のとき、フォーカスを最初のコントロールに移す。ここでいう最初のコントロールとは、フォームナビゲータの冒頭にリストアップされているもの</text:p>
  <text:p text:style-name="Head 2">Basic ダイアログの作成用ショートカットキー</text:p>
  <text:p text:style-name="Head 3"><help:switch select="System"><help:case select ="MAC">（Command）</help:case><help:default>（Ctrl）</help:default></help:switch>＋（PageUp）</text:p>
  <text:p text:style-name="Paragraph">見出し間を移動します。</text:p>
  <text:p text:style-name="Head 3"><help:switch select="System"><help:case select ="MAC">（Command）</help:case><help:default>（Ctrl）</help:default></help:switch>＋（PageDown）</text:p>
  <text:p text:style-name="Paragraph">見出しを切り替える</text:p>
  <text:p text:style-name="Head 3">（F6）</text:p>
  <text:p text:style-name="Paragraph">ウィンドウを切り替える</text:p>
  <text:p text:style-name="Head 3">（Tab）</text:p>
  <text:p text:style-name="Paragraph">コントロールを選択する</text:p>
  <text:p text:style-name="Head 3">（Shift）＋（Tab）</text:p>
  <text:p text:style-name="Paragraph">コントロールを逆の順番に選択する</text:p>
  <text:p text:style-name="Head 3"><help:switch select="System"><help:case select ="MAC">（Command）</help:case><help:default>（Ctrl）</help:default></help:switch>＋（Enter）</text:p>
  <text:p text:style-name="Paragraph">選択したコントロールを挿入する</text:p>
  <text:p text:style-name="Head 3">矢印キー</text:p>
  <text:p text:style-name="Paragraph">選択したコントロールを各方向に 1mm ステップで移動します。点編集モードでは、選択したコントロールのサイズを変更します。</text:p>
  <text:p text:style-name="Head 3"><help:switch select="System"><help:case select ="MAC">（Option）</help:case><help:default>（Alt）</help:default></help:switch>＋矢印キー</text:p>
  <text:p text:style-name="Paragraph">選択したコントロールを各方向に 1 ピクセルずつ移動します。</text:p>
  <text:p text:style-name="Head 3"><help:switch select="System"><help:case select ="MAC">（Command）</help:case><help:default>（Ctrl）</help:default></help:switch>＋（Tab）</text:p>
  <text:p text:style-name="Paragraph">点編集モードでは、次のハンドルに移動します。</text:p>
  <text:p text:style-name="Head 3">（Shift）＋<help:switch select="System"><help:case select ="MAC">（Command）</help:case><help:default>（Ctrl）</help:default></help:switch>＋（Tab）</text:p>
  <text:p text:style-name="Paragraph">点編集モードでは、前のハンドルに移動します。</text:p>
  <text:p text:style-name="Head 3">（Esc）</text:p>
  <text:p text:style-name="Paragraph">現在の選択を終了する</text:p>
  <text:p text:style-name="Head 3"><help:switch select="System"><help:case select ="MAC">（Command）</help:case><help:default>（Ctrl）</help:default></help:switch>＋矢印キ</text:p>
  <text:p text:style-name="Paragraph">各方向に移動する</text:p>
  </help:to-be-embedded>
  <text:p text:style-name="ParaList"><help:embedded Id="65598" Eid="related"></help:embedded></text:p>
  <text:p text:style-name="ParaList"><help:embedded Id="66043" Eid="common_keys"></help:embedded></text:p>
  <text:p text:style-name="ParaList"><help:embedded Id="68612" Eid="keyboard"></help:embedded></text:p>
 </office:body>
</office:document>
